2026-10-02 08:17:55.169 [INIT] dll loaded, pid=21924
2026-10-02 08:17:55.169 [INIT] codec loaded OK
2026-10-02 08:17:55.169 [INIT] iat hooks: recv=1 send=1 WSASend=1 connect=1 closesocket=1
2026-10-02 08:17:55.169 [OV] overlay window ready
2026-10-02 08:18:06.660 [PIPE] controller connected
2026-10-02 09:11:18.293 [CONNECT] main sock 2464 -> 8484
2026-10-02 09:11:18.345 [OUT] 0FFF inv=FBC6 len=260 #1 c6fbff0f61975ee409eddb1f805b64510bdcfaa32ba5805b64fb0bdcfaa32b1f800734c0badcfaa32b1f805b64510bdcfa212b1f802264510bdcfaa32b69a3ad6e510bdcfaa32b1f805b64510b5efaa32bd5805b64510bdcfa2a306ea3f779e3fcdcfaa32b1f805b64510bdcfaa32b1f805b64510bdcfaa32b1f805b64510bdcfaa32b1f805b04ab8a719397afb0285b30510bdcfaa3bb1f805ba9510bdcf1492369a4a56779db7a98ed83e5955b64510bdc83b92e84b69564510bdcfaa32b1f805bf7edd2a5ce080269b98740793042fdedbdcdb65c9642c7c653770f5abc1e9c510bdcfaa32b1f805b640b0bdcfa5f2b1f805b64510b59280fff1f805b64510bdcfaa3
2026-10-02 09:11:18.636 [OP] 4002 inv=FF8B len=116 #1 95b6980cd7a2e4db5867c60452dae976c3cdfa72f4657ff4d3b0e40b9ee3b1348594e9c5f03bad80c464510bdcfaa32bd13b5b646244dcfa83931f80807a510b155a4e78c8d97b81510bdcfada2b1f809564510ba7faa32b98aa5b645894dcfadb02074c724ed4f4dcfaa32b1f805b64510bdcfa
2026-10-02 09:11:19.894 [OUT] 0004 inv=FDD2 len=260 #1 d2fd04000cdcfaa3355ad665c4e30bdcfaa32b1f805b6451d5dcfaa3321f805b64510bdc6dc58301805b64510bdcfaa32b1f805bb0510bdc84a32b1f805b64513291ebd22b1f805b64510bdcfaa32b1f775b645182dcfaa32b1f805b96da3b73faa32b1f805b64510bdcfaa3671f805bb5510bdcfaa32b1f7dcd94fc9f1d2639515102c464510bdcfaa32b1f436f65e3f4e94413e2c667214d1812e20be4c55828ec6542f5b8a17675ab672964510bdcfaa32b1f805b64510bdcfaa32b1f805b64510bdcfaa32b1f805b64510bdcfaa32b1f805b64510bdcfaa32b1f805b64510bdcfaa32b1f805b64510bdcfaa32b1f805b64510bdcfaa32b1f805b64510bdcfaa32b1f
2026-10-02 09:11:19.967 [OP] 4014 inv=FFEA len=21 #1 0cca805bcd510bdc37443bf3805b6451d01804f82b
2026-10-02 09:11:20.018 [OP] 46F2 inv=E407 len=7160 #1 ff1106ab302fdce91f0ad8e5b4642e4e53e78b691fb86633330b611b8031868f5b9196134afa12fc89c8dbfd51e40cfc302be584f0555193d0b4ece86680e67076f97457a331c97c32675b0bcdfdb07a1e825b8deb693a66a62b0bc18b8ddd9bdc80d743825f7164b1beb6b7a377757ed3ef0d0b5a80a14b721a5b50332eeffab0a897324f5d51fb9223df2ba79abca006b5dc6d0bb30a712664d772ad9ba13c
2026-10-02 09:11:20.064 [OP] 46F2 inv=E409 len=7158 #2 be4325e90c43a33135c270e5ba0aa8fa4159123d85a151a4a4b7ad2bae2d54ff6568dcfc1d82ed1606e3060b0811f021279fbd69513223974466083a5bcef68374fc3f829a803e2033196060eae61fb552226b83daa5492bbf06dbe1b36aad04a3e950e96909d42e6efa6061c327bee6b45cdc2ba1b355d58a694a0bb605ad994bf5becc51de7c46a82bab8e1aa41d3cdc8d6a488637e064b349c938c2f40efb
2026-10-02 09:11:20.114 [OP] 46F2 inv=E40A len=7157 #3 fb1acfaed1339d6c802debb3f3dc4ed18b117c5401be0b6e68f0cf1f293350db0b0359650a1f7a6d09c00bd80733b31fd509e1e40b53d72b8b1f8f06ff8232c9fab012ff112eda51e979f1d32bc299d7aa517d2633862bfaf2ee64b1f20feba3953105e5644cbc7ddb809a121d5b09be0aa8fc3f4d7680fffa7301a129639d1f4cf069f70bf09b50651f5f32fdbe608afa6079279fe96876d2dcd1f0b395d36d
2026-10-02 09:11:20.115 [OP] 46F2 inv=E40A len=7157 #4 5003ae65245c23543cc2c8b1deb146042b0ba6af2db3abf0fc80a1ff2e716725a2dcd129c2080c32e1256c2b971d2b2a4ae9c34d196201f9861f8f2bd89c3ca446b0b3bb3c836435e86977b04bb5e5d7e31246dc3b5e6138867122356cad97e32b42b2b2ed33e36eef019b1f23262d5c28f857a3a1505ee45003119cfa3394d00b8bed3596dc12168616bc5bc9bc186201d4fc1f0696b7ea97513816b999e909
2026-10-02 09:11:20.115 [OP] 46F2 inv=E403 len=7164 #5 c9bb65d6d07bb29b5185ca4e499e7096b264068fc9ef6c457c9926132e2e943243bce4bb5b017a5c7703ff6e3980cb1b0c4a77ef128b1fb12c6d81343938162bc334836bb464743863c90e345b5003ae655e6fddffb863d8931b764eb0190e80db8c13182359dc9ee41a9fa6135a7438a349bde909e37aca14d958434380db8c1318dac8c2337cb0413f51a2b0ac1d319a7e89ff01e98ab47523d280e9c34d19
2026-10-02 09:11:20.168 [OP] E001 inv=FFAF len=80 #1 580be8a3a32b1f80b77cb9b3ebffc88a0c5c5a4da476a3a1c95ee6c51d4d2439242070384597fb57d5b3bf5f24463e3bd83dbc595ab12b21586016897110e95497cd2e215b64d6666ffaa32b1f805b64
2026-10-02 09:11:20.211 [OP] 4011 inv=FC8D len=882 #1 f03bad800e64510b6c2e0c5c6465ec21c7120e2eba381f8057ecfc0b90c4b72b2d87c46458d0e2faa32b1f805b640ac32414fabea05396c1e7e13ca1c95ee6809526510be3226193e787c464fcd5dcfaa32b1f801dc1c703a3459d0beb24b180793aeeea13a94569b64d510b72c4a32bddc77a64510bdcfaa32b41d6814d0aa0012e9f2c1f125b6480b1dcfa604a1f803c26510b0625a32bb2ce5b64510bdcfa
2026-10-02 09:11:20.211 [OP] 4015 inv=F963 len=1692 #1 1207c464fc0bdcfaa32b1f80d531510bb2dca32b83c75b64907edcfa4e78c8d9e727510be2b6a32be6da5b642fafdcfa4e78c8d97b81a552155a4e78c8d97b8169d0dcfadf531f807c64510b5afaa32b70aa5b646ad5dcfaa32b1f805b64510b155a4e78e7ca5b64510bdcfa26531f805b64510b2ecaa32b1f805b64210bdcfaa32b1f80f764510b9d2e744c1f805b6474bf83bca32b1f80b7f8510bbba0a32b
2026-10-02 09:11:20.211 [OP] 4B45 inv=EE3A len=4549 #1 a4a722a30d34805b85c5cef3679f2a4588f22337b824a1ba2a696e5aa8dc03acb0e7dc9fc582783795f6d49185eb5382d294b94e26c6c3ebd69e52f18a7a7c5b2eb169212c376175b9514efef91e5bc995ac264254e2c5822fc795e4cbc3715a8bb1fe0cddf2ea70e40c53ec9402104e26c6c3ebd6a24dab5e4ba1c9d845a87dc44b167a76fa30d602378971c624a1ba25695dcc1937c6ce284f4efe8eb1190c
2026-10-02 09:11:20.260 [OP] 4055 inv=FFF7 len=8 #1 becdfc0bdcfaa32b
2026-10-02 09:11:20.262 [OP] 4042 inv=FFF7 len=8 #1 53c2392b1f805b64
2026-10-02 09:11:20.262 [OP] 4056 inv=FFF7 len=8 #1 53c2392b1f805b64
2026-10-02 09:11:20.262 [OP] 4055 inv=FFF7 len=8 #2 becdfc0bdcfaa32b
2026-10-02 09:11:20.262 [OP] 4045 inv=FF53 len=172 #1 0db252fa9b2b1f805b64510b6afaa32b8c805b648d0bdcfad52b1f805864510b40faa32bd1805b64620bdcfab52b1f808564510b5dfaa32b12805b64130bdcfac72b1f809364510b03faa32b63805b64de0bdcfad32b1f808864510b92faa32baaaa5b6414ecdcfa56531f800adf510bbee8a32bb3ce5b644db1dcfaa24a1f80db26510b28f4a32b52125b6455b1dcfa1a6f1f8015dd510b3bcaa32b984e5b64
2026-10-02 09:11:20.262 [OP] 4041 inv=FFEA len=21 #1 79f3ce5bc651ec1524ff4386e941eb03697c80802b
2026-10-02 09:11:20.262 [OP] 017E inv=FFED len=18 #1 f03bad8095df58ec6fc4f853caaa95df58ec
2026-10-02 09:11:20.262 [OP] 4B49 inv=FFF7 len=8 #1 1207c464510bdcfa
2026-10-02 09:11:20.262 [OP] 40FB inv=FFF9 len=6 #1 f03bad805b64
2026-10-02 09:11:20.262 [OP] 4613 inv=FFBE len=65 #1 c40a1c10aa4064291790104223f31c75df84cf6fb4a06df1c7550758ec6fc4a32bcaaa95646975d0220253ab809465190b8bfaf82b1f7926b35c3828d7e62b1f80
2026-10-02 09:11:20.262 [OP] 40A0 inv=FF07 len=248 #1 becdfc0b8b0e392b8e125b64637fdcfadb4a329abdea13f2dcfaa32b1f805b64510bdcfaa32b1f805b64510bdcfaa32b1f805b64510bdcfaa32b1f8039f80dd0d9e8f0de16605b6439ecdcfadb4ac3548a70b10541bbea0232805b64510bdcfaa32b1f805b64510bdcfaa32b1f805b64510bdcfaa32b1f806408c4ecfbe048536e605b6439ecdcfadb4ac3548a70b10541bbea0232805b64510bdcfaa32b1f80
2026-10-02 09:11:20.262 [OP] 4613 inv=FE35 len=458 #2 6a73a14cca4f5bb9f6755d94db0e5f796d8c83375fe8f8b5bd7995f475ec6fc4f82b1faa95df51d66a413951cad45b640aa0dcf4a3531f805c87299e53fcd48f36805b64602fe7c4202b97b194dc026f4a5b965bcaa9d6df557663de352ecaaa95df510b6fc4f82bf68c727f43ec68fadb2cfe801c64580bdc5b16876c842d43450bdcfa0a1c10aa4064291790104223f31c75df84cf6fb4a06df1c7550758ec
2026-10-02 09:11:20.264 [OP] E062 inv=FFCD len=50 #1 9564510bbafa7f3b6c1d985c5579b6947349b2274cf9bc85b1032b25a8ed96784c181874c2d4d0f1d73f332b0b7873baa880
2026-10-02 09:11:20.264 [OP] E062 inv=FFDB len=36 #2 90faa32bee80eecd052a78b83467e8a4f369c5ce4dd0cb56fef33ab76de3b664c159bf80
2026-10-02 09:11:20.264 [OP] E062 inv=FFD6 len=41 #3 ce5b64516edcc0b44bd3a4302774b37803306ed87c542e911708d8c1c6127e0648f7caa14edf3c9780
2026-10-02 09:11:20.264 [OP] E062 inv=FFBD len=66 #4 8bfaa32b2180eecd052a78b83467e8a4f369c56648a6e72307f33ab76d5c192bceebd9b1e97b6f2e14b753eb4b4c723354115f2b04230737be87299ce0ac5c311c80
2026-10-02 09:11:20.264 [OP] E062 inv=FFD2 len=45 #5 aea32b1ffc5b3eaf205bb83467e8a43005939c08e9a1339602fe15472a7ccbe7c0c371aa87299ce0ccce36a780
2026-10-02 09:11:20.862 [OP] 47C0 inv=FFD8 len=39 #1 b39526b47cc6c4db598aaedc228ffd6ff49c7c708cb5da31ec8b19b763eca9add958b1076e636f
2026-10-02 09:11:20.862 [OP] 47C0 inv=FFE1 len=30 #2 0faac4228ffd6ff49c7c708cb5da31ec8b19b763eca9add958b1076e636f
2026-10-02 09:11:20.862 [OP] 47C0 inv=FFEA len=21 #3 51cac7b5da31ec8b19b763eca9add958b1076e636f
2026-10-02 09:11:20.862 [OP] 47C0 inv=FFF3 len=12 #4 0253caa9add958b1076e636f
2026-10-02 09:11:20.862 [OP] 47C0 inv=FFF3 len=12 #5 0253cae8add958b16edc526f
2026-10-02 09:11:20.943 [OP] E014 inv=FF97 len=104 #1 088880344ba7a964510bdcfaa32b1f805b64510bb22f1ebb4f55cf64b3e564fa262b1f805b64510bdcfaa32b1f805b64510bdcfaa32b1f805b64510bdcfaa32b1f805b64510bdcfaa32b1f805b64510bdcfaa32b1f805b64510bdcfaa32b1f805b64afb21a8a1ebb
2026-10-02 09:11:20.995 [OP] E004 inv=FDCD len=562 #1 610ba1914133409e335513f2dcfaa32b1f805b7ffd0be6faa32b1f805b64580bdcfaa32b1f805b64510b696479020e0f840a2913dcfaa32b1f805b26fdecc4faa32b1f805b64580bdcfaa32b1f805b64510b62e250491f805b64510bdcfaa32b1f805b6451ecdcfaa32b1f805b64415f52faa32b1f805b64510ba191f04739f45b64510bdcfaa32b1f805b6451ec36faa32b1f805b64395f52faa32b1f805b64
2026-10-02 09:11:22.184 [OUT] 1F02 inv=FFFB len=8 #1 fbff021fdcfaa32b
2026-10-02 09:11:22.190 [OUT] 0040 inv=FFFA len=9 #1 faff4000faa32b1f80
2026-10-02 09:11:22.190 [OUT] 0041 inv=FFFA len=9 #1 faff4100805b64510b
2026-10-02 09:11:22.190 [OUT] 0185 inv=FFF7 len=12 #1 f7ff8501dcfaa32bc8d97b81
2026-10-02 09:11:22.190 [OUT] 003D inv=FFFB len=8 #1 fbff3d00dcfaa32b
2026-10-02 09:11:22.190 [OUT] 003C inv=FFFB len=8 #1 fbff3c005b64510b
2026-10-02 09:11:22.190 [OUT] 003E inv=FFFB len=8 #1 fbff3e001f805b64
2026-10-02 09:11:22.190 [OUT] 003F inv=FFFB len=8 #1 fbff3f00510bdcfa
2026-10-02 09:11:22.190 [OUT] 0053 inv=FFFB len=8 #1 fbff5300510bdcfa
2026-10-02 09:11:22.190 [OUT] 1F00 inv=FFFB len=8 #1 fbff001fa32b1f80
2026-10-02 09:11:22.190 [OUT] 1F06 inv=FFFB len=8 #1 fbff061f5b64510b
2026-10-02 09:11:22.190 [OUT] 0230 inv=FFFB len=8 #1 fbff3002dcfaa32b
2026-10-02 09:11:22.190 [OUT] 0231 inv=FFFB len=8 #1 fbff31021f805b64
2026-10-02 09:11:22.190 [OUT] 0232 inv=FFFB len=8 #1 fbff3202510bdcfa
2026-10-02 09:11:22.190 [OUT] 0054 inv=FFFB len=8 #1 fbff5400a32b1f80
2026-10-02 09:11:22.195 [OUT] 01E4 inv=FFFB len=8 #1 fbffe4011207c464
2026-10-02 09:11:22.229 [OP] F005 inv=FFE7 len=24 #1 26b35c3828d7e62b1f805b64510bdcfaa3de258c3a2e3a69
2026-10-02 09:11:22.237 [OP] 4601 inv=FFF7 len=8 #1 7b81a552155a232b
2026-10-02 09:11:22.311 [OP] 4020 inv=FC87 len=888 #1 1207c4640a0bc7faf83bad803327510b6ffaf82b1f80dd6496b3dcfaf82bca809564ab0baab8a32bca8095640e0bfefadc671f809564580b52fa132ba7a45b64580b6ffafd2ba0803327510b6ffaf82b3480686496b3dcfaf82bca804064ab0baab8a32bca809564830bfefadc671f809564580b36fa132ba7a45b64580b6ffa312ba0803327510b6ffaf82bf380686496b3dcfaf82bca80c064ab0baab8a32b
2026-10-02 09:11:22.311 [OP] 40E3 inv=FFD7 len=40 #1 f03bad805c64bd0bacfabc2bd4801b64db0b6ffabf5384809fdf0b0b0022202b01cec464edd090fa
2026-10-02 09:11:22.311 [OP] 40E2 inv=FFF3 len=12 #1 becdfc0b6ffadb2b45809564
2026-10-02 09:11:22.311 [OP] 40E4 inv=F9DF len=1568 #1 becdfc0b3efa392b33805b64510bdcfaa32b1f806e64510bdcfaa32b1f805b6458ecdcc4dbc71f803ccdfc0b9002a32b1f805b64510bdcfaa32b1f805b64510bdcfaa32b1f805b64510bdcfaa32b1f805b64510bdcfa842b1f805b64510bdcfaa32b84805b64510bdcfaa32b1f80957f0eec90c47bbb1f805b64510bdcfaa32b1f805b64510bdcfaa32b1f805b64510bdcfaa32b1f805b64510bdcfaa32b1f80
2026-10-02 09:11:22.333 [OUT] 0045 inv=FFF7 len=12 #1 f7ff4500510bdcfaa32b1f80
2026-10-02 09:11:22.334 [OUT] 0045 inv=FFF7 len=12 #2 f7ff4500510bdcfaf82b1f80
2026-10-02 09:11:22.334 [OUT] 0045 inv=FFF7 len=12 #3 f7ff4500510bdcfadb2b1f80
2026-10-02 09:11:22.334 [OUT] 0045 inv=FFF7 len=12 #4 f7ff4500510bdcfa392b1f80
2026-10-02 09:11:22.334 [OUT] 0045 inv=FFF7 len=12 #5 f7ff4500510bdcfafd2b1f80
2026-10-02 09:11:22.358 [OP] 4244 inv=FFF7 len=8 #1 53c2392b1f80c464
2026-10-02 09:11:22.358 [OP] 4050 inv=FFF7 len=8 #1 becdfc0bdcfa9b2b
2026-10-02 09:11:22.358 [OP] 4021 inv=FF97 len=104 #1 f03bad805c64510b2f31a32b70c7847f510b6ffae8421f80377f91d06ffaf82b83c75b646d0bf6c4db2bca80a9d4510b16fa8253ad80956475b3dcfa172b4b800d64580be2b6a32b118047df0b0b6ffae9971f806a2695c46afaf82b78e75b64ac0bc2fa572bca80
2026-10-02 09:11:22.358 [OP] 40FA inv=FE86 len=377 #1 e5afd0dcfaa3d21f805b64510bdcfaa35362805b64510bdcfaf86b1f805b64510bdcc4072b1f805b64510b6f0ca32b1f805b6451ecfdfaa32b1f805b645867dcfaa32b1f805bdf590bdcfaa32b1f8095dc510bdcfaa32b1faad664510bdcfaa32bcab55b64510bdcfaa353e5805b64510bdcfaf8791f805b64510bdcc4f92b1f805b64510b6f80a32b1f805b6451ecc9faa32b1f805b645883dcfaa32b1f805b
2026-10-02 09:11:22.358 [OP] 4600 inv=FF87 len=120 #1 e85f4f54c4646f89a7ce2d932862e2d4e1e957b9f2a24f6c3e6a6fe94bb92da2fc6ce26ae1e957b9f2a24f6c3e6a6fe94bb92da2fc6ce26ae1e957b9f2a24f6c3e6a6fe94bb92da2fc6ce26ae1e957b9f2a24f6c3e6a6fe94bb92da2fc6ce26ae1e957b9f2a24f6c3e6a6fe94bb92da2fc6ce26ae1e957b9
2026-10-02 09:11:22.358 [OP] 4503 inv=FFF3 len=12 #1 1207c464510bdcfaa32b1f80
2026-10-02 09:11:22.413 [OP] 4B30 inv=FFF7 len=8 #1 1207c464510bdcfa
2026-10-02 09:11:22.415 [OP] 4B31 inv=FFF7 len=8 #1 0db252faa32b1f80
2026-10-02 09:11:22.415 [OP] 4B21 inv=FFE1 len=30 #1 f03bad805b81a55215c2a32b1f805b64510bdcfaa32b1f805b64510bdcfa
2026-10-02 09:11:22.490 [OUT] 004E inv=FFFA len=9 #1 faff4e00e9580bdcc4
2026-10-02 09:11:22.490 [OUT] 004E inv=FFFA len=9 #2 faff4e00e9580bdce8
2026-10-02 09:11:22.515 [OP] 4410 inv=FFF9 len=6 #1 becdfc0bdcfa
2026-10-02 09:11:22.515 [OP] 4025 inv=FFF4 len=11 #1 faf84d12aae02651ece2c4
2026-10-02 09:11:22.515 [OP] 4025 inv=FFF4 len=11 #2 c4f84d12aae02651ece2c4
2026-10-02 09:11:22.515 [OP] 4025 inv=FFF4 len=11 #3 e8f84d12aae02651ece2c4
2026-10-02 09:11:22.515 [OP] 4025 inv=FFF4 len=11 #4 22f84d12aae02651ece2c4
2026-10-02 09:11:22.515 [OP] 4025 inv=FFF4 len=11 #5 f4f84d12aae02651ece2c4
2026-10-02 09:11:22.613 [OP] 4029 inv=FFDF len=32 #1 becdfc0b4f9fa32b1f805b64210bdcfaa32b1f8095a2510b6fc4a32b20809464
2026-10-02 09:11:22.613 [OP] 4029 inv=FFDF len=32 #2 becdfc0b4f9fa32b1f805b6467ecdcfaa32b1f8095a2510b90c4172bb3809564
2026-10-02 09:11:22.913 [OP] 4211 inv=FFF1 len=14 #1 90faa32be787c464fcc03e22a3de
2026-10-02 09:11:22.916 [OP] 4211 inv=FFEC len=19 #2 ce5b6451cd3e22a3de5207c464fc34a722a3de
2026-10-02 09:11:30.355 [OP] 4613 inv=FFBA len=69 #3 dfb82fe7c4202b383fc3dc0259585b960e62830ff8cdcf6fb4a0d47079af8a83ec6fc4f82b1faa95df512f36d83951ca1e5bf8510bdcf4a3531f804040986c2ab7d62b1f80
2026-10-02 09:11:30.438 [OP] F005 inv=FFE7 len=24 #2 26b35c3828d7a32b1f805b64510bdcfaa3ce7d805b64510b
2026-10-02 09:11:31.357 [OUT] 1F51 inv=FFFF len=4 #1 ffff511f
2026-10-02 09:11:31.407 [OP] 4F52 inv=FFFF len=0 #1 
2026-10-02 09:11:32.587 [OP] F005 inv=FFE7 len=24 #3 26b35c3828d7a32b1f805b64510bdcfaa3deea8c91643fb2
2026-10-02 09:11:38.569 [OP] 4211 inv=FFF6 len=9 #3 aa5b6451c03e22a34a
2026-10-02 09:11:38.569 [OP] 4211 inv=FFF6 len=9 #4 aa5b64515ca722a34a
2026-10-02 09:11:38.570 [OP] 4211 inv=FFF6 len=9 #5 aa5b6451af3e22a34a
2026-10-02 09:11:42.688 [OUT] 1F51 inv=FFFF len=4 #2 ffff511f
2026-10-02 09:11:42.790 [OP] 4F52 inv=FFFF len=0 #2 
2026-10-02 09:11:43.425 [OP] EFFE inv=FFFE len=1 #1 0b
2026-10-02 09:11:51.470 [OP] 46FE inv=FFFF len=0 #1 
2026-10-02 09:11:52.804 [OUT] 1F51 inv=FFFF len=4 #3 ffff511f
2026-10-02 09:11:52.852 [OP] 4F52 inv=FFFF len=0 #3 
2026-10-02 09:12:00.447 [OP] EFFE inv=FFFE len=1 #2 0b
2026-10-02 09:12:02.858 [OUT] 1F51 inv=FFFF len=4 #4 ffff511f
2026-10-02 09:12:02.910 [OP] 4F52 inv=FFFF len=0 #4 
2026-10-02 09:12:10.462 [OP] EFFE inv=FFFE len=1 #3 0b
2026-10-02 09:12:12.928 [OUT] 1F51 inv=FFFF len=4 #5 ffff511f
2026-10-02 09:12:12.981 [OP] 4F52 inv=FFFF len=0 #5 
2026-10-02 09:12:21.732 [OP] 46FE inv=FFFF len=0 #2 
2026-10-02 09:12:30.490 [OP] EFFE inv=FFFE len=1 #4 0b
2026-10-02 09:12:40.506 [OP] EFFE inv=FFFE len=1 #5 0b
2026-10-02 09:12:51.018 [OP] F005 inv=FFE7 len=24 #4 24c812922d0ba32b1f805b64510bdcfaa3ce7d805b64510b
2026-10-02 09:12:51.043 [OP] 4613 inv=FFBC len=67 #4 ec928d7a53a580e8c80eecda60237fbd7995df01a2900a29247026948c1ed06fc4f82b1faa95df51e3e6cdfd51ca2a5b64660bdcf4a3531f8040ef555c8aa2512b1f80
2026-10-02 09:12:52.044 [OP] 46FE inv=FFFF len=0 #3 
2026-10-02 09:12:53.113 [OP] F005 inv=FFE7 len=24 #5 24c812922d0ba32b1f805b64510bdcfaa3de1f802897f9b2
2026-10-02 09:13:22.304 [OP] 46FE inv=FFFF len=0 #4 
2026-10-02 09:13:23.141 [OP] 4612 inv=FFF7 len=8 #1 ca805b64408052fa
2026-10-02 09:13:23.141 [OP] 4613 inv=FFBC len=67 #5 ec928d7a53a580e8c80eecda60237fbd7995df01a2900a29247026948c1ed06fc4f82b1faa95df51e3e6cdfd51ca2a5b64510bdcf4a3531f8040ef555c8aa2512b1f80
2026-10-02 09:13:36.298 [OP] 4704 inv=FFDE len=33 #1 a4a722a3b3f3ce5b64510bdcfaa32b1f3cc83369938cc3a32b1f805b64510bdcfa
2026-10-02 09:13:39.669 [OUT] 0031 inv=FFCE len=53 #1 ceff31006451046fb4b4de1f4f5b6451b9dcfaa32b1f805b75510bdce8a32b1f805b6451d286033d6643f25b64510bdcfaa32b1f80
2026-10-02 09:13:39.729 [OP] 43F1 inv=FFFA len=5 #1 b4b4de1faa
2026-10-02 09:13:39.826 [OP] 401B inv=FF73 len=140 #1 f03bad809464510b17faa32bb907c464530bdcfa972b1f8099d9510bdcfaa32b53ca5b64510bdcfa5a531f805b64510b9bc4a32b1f805b64bc595ab12b21ab805b64510bdcfaa32b1f07c4640db252fada2b1f802964510b4f9fa32b1f805b6441fddcfaa32b1f80a8df510bdcfaa32bcdaa5b64510bdcfa16876c842d43900bdcfaa32b1f805b6451b1dcfa
2026-10-02 09:13:52.514 [OP] 46FE inv=FFFF len=0 #5 
2026-10-02 09:14:13.496 [OP] 4612 inv=FFF7 len=8 #2 ca805b64408052fa
2026-10-02 09:14:35.416 [OP] 4705 inv=FFB8 len=71 #1 5f6b7f51e3a722a3db67ce5b70fc0bdcfaa32b1f9ac464510bdcfaa3c91f805b64510bdc6ca32b1f805b645131dcfaa3a71f805be0518507d90e6cac805b64510bdcfaa32b1f80
2026-10-02 09:15:11.978 [OP] 4705 inv=FFB8 len=71 #2 5f6b7f51e3a722a361f3ce5b4baf0bdcfaa32b1f83c064510bdcfaa3a8a5805b64510bdcfe202b1f805b645131dcfaa33a1f805b5151d286033d6643805b64510bdcfaa32b1f80
2026-10-02 09:15:17.243 [OP] 4705 inv=FFB8 len=71 #3 5f6b7f51e3a722a33767ce5b99fc0bdcfaa32b1f15c464510bdcfaa300ca805b64510bdc90f82b1f805b645131dcfaa3a71f805b54518507d90e6c9f805b64510bdcfaa32b1f80
2026-10-02 09:15:45.984 [OP] 4100 inv=FFF9 len=6 #1 98aa5bf8c0ec
2026-10-02 09:15:46.080 [OP] 4101 inv=FBC5 len=1082 #1 f03bad809464510bdcfaa32bc8d97b81510bdcfaa32b1f805b64510bdcfaa32b1f805b64510bdcfa21c49dca5b64820cdcfaa32b1f8021cd510bdcfaa32b1f805b64510bdcfa6c3bad80c464510bdcfaa32bf6455b647405dcfa37181f8019fa510b155a4e78c8d97b81a552155ada2b1f807b81a5526f3016876c842d43510bdcfaa32b1f805b6451b7c6faa32b1f805b0f310bdcfaa32b1f805b64510bdcfa
2026-10-02 09:15:46.087 [OUT] 003A inv=FFFB len=8 #1 fbff3a00510bdcfa
2026-10-02 09:15:46.087 [OUT] 003B inv=FFFB len=8 #1 fbff3b00a32b1f80
2026-10-02 09:15:46.146 [OP] 40E0 inv=FED1 len=302 #1 0db252fa4d7c1f805b64510b1ac4a32b1f805b6441fddcfaa32b1f80a8df510bdcfaa32b89455b64fc0bdcfa392b1f804864510ba7e8a32bad805b64120bdcfa082b1f8043df510b82e8a32bad805b6413afdcfa33531f805764510b31c4a32b5d4e5b644cecdcfabf2b1f800d64510b8ffaa32b1f805b64510bdcfaa32b1f805b64510bdcfaa32b1f805b64430bdcfaa32b1f805b64510bdcfaa32b1f805b64
2026-10-02 09:15:46.196 [OP] 40E1 inv=FFED len=18 #1 becdfc0b6ffaf8a2ca809564580be6b0fd2c
2026-10-02 09:15:47.054 [OUT] 1001 inv=FFF9 len=10 #1 f9ff01101f805b64510b
2026-10-02 09:15:47.206 [OP] 4108 inv=FFE3 len=28 #1 1207c464510bdcfa21531f80d8f8510bce40515d1f805b64510bdcfa
2026-10-02 09:15:47.294 [OP] 4108 inv=FFE3 len=28 #2 1207c464510bdcfa4d531f80d8f8510bce40515d1f805b64510bdcfa
2026-10-02 09:15:47.294 [OP] 4108 inv=FFF3 len=12 #3 53c2392b1f805b64510bdcfa
2026-10-02 09:15:47.294 [OP] 4108 inv=FFF3 len=12 #4 53c2392b1f805b64580bdcfa
2026-10-02 09:15:47.294 [OP] 4108 inv=FFF3 len=12 #5 53c2392b1f805b640e0bdcfa
2026-10-02 09:15:47.395 [OP] 4104 inv=FFFB len=4 #1 0a081f80
2026-10-02 09:15:47.395 [OP] 4104 inv=FFFB len=4 #2 3cae1faa
2026-10-02 09:15:47.395 [OP] 4104 inv=FFFB len=4 #3 0a081fc7
2026-10-02 09:15:47.395 [OP] 4104 inv=FFFB len=4 #4 3cae1fce
2026-10-02 09:15:47.395 [OP] 4104 inv=FFFB len=4 #5 3cae1f12
2026-10-02 09:15:49.429 [OP] 4105 inv=FFFE len=1 #1 c0
2026-10-02 09:15:49.429 [OP] 4105 inv=FFFE len=1 #2 af
2026-10-02 09:15:49.429 [OP] 4105 inv=FFFE len=1 #3 cd
2026-10-02 09:15:49.735 [OP] 4109 inv=FFAF len=80 #1 becdfc0bdcfaf8531f805b64510bdcfaa62b1f80947a830bdcc4a32b1fef5b645decdcfaf72b1f805b64510bdcfaa32b1f805b64550bdcfadb2462805bdf0e0b05c4a32b0aef5b64510bdcfaa32b1f80
2026-10-02 09:15:49.834 [OP] 4106 inv=FFFD len=2 #1 a3cb
2026-10-02 09:15:49.834 [OP] 4111 inv=FFFD len=2 #1 a164
2026-10-02 09:15:50.238 [OP] 4109 inv=FFB7 len=72 #2 1207c464517f6fc4a3de1f805b64510b07faa32bca075b6487b1dcfa40ce1f806bdf0e0b07faa32b39125b640eeca7faa32b1f805bdf510b8222a32b39125b64080ba7faa32b1f80
2026-10-02 09:15:50.322 [OP] 4105 inv=FFFE len=1 #4 ec
2026-10-02 09:15:50.329 [OP] 4106 inv=FFFD len=2 #2 a353
2026-10-02 09:15:50.329 [OP] 4105 inv=FFFE len=1 #5 d0
2026-10-02 09:15:50.329 [OP] 4106 inv=FFFD len=2 #3 f8de
2026-10-02 09:15:50.329 [OP] 4106 inv=FFFD len=2 #4 a34a
2026-10-02 09:15:50.334 [OP] 4106 inv=FFFD len=2 #5 f8d9
2026-10-02 09:15:50.337 [OP] 4111 inv=FFFD len=2 #2 9564
2026-10-02 09:15:51.452 [OP] 4109 inv=FFB7 len=72 #3 1207c464517f6fc4a3531f805b64510b07faa32b9d775b6487b1dcfa40ce1f8057260e8007faa32b39125b640eb15efaa32b1f805bdf510b8222a32b39125b64080b5efaa32b1f80
2026-10-02 09:15:51.549 [OP] 4111 inv=FFFD len=2 #3 1c64
2026-10-02 09:15:52.853 [OP] 4109 inv=FFB7 len=72 #4 1207c464517f6fc4a3531f805b64510b07faa32becca5b6487b1dcfa40ce1f8027dd0e0b07faa32b39125b640e08c6faa32b1f805b64295f8222a32b39125b64080bc6faa32b1f0a
2026-10-02 09:15:52.948 [OP] 4111 inv=FFFD len=2 #4 5c64
2026-10-02 09:15:54.247 [OP] 4109 inv=FF7B len=132 #5 1207c464580b6fc4a32b1f805b64510b6ffaa32b3480fcdffd0bb8c4fd2bad809564510b61caa32b9dced06451ecdcfaa3931f8062df510b43faa32b1f805b64510bdcfa0e6f1f801af1510b8bfa222b1fce5b648fecdcfa622b1f805b64510bdcfaa32b23aa5b64790654c2a32b1f809a18510b7cc4a32b1619bacd510bdcfaa91f1f80
2026-10-02 09:15:54.388 [OP] 4111 inv=FFFD len=2 #5 c464
2026-10-02 09:15:59.551 [OP] 4112 inv=FFFD len=2 #1 8bc4
2026-10-02 09:15:59.551 [OP] 4112 inv=FFFD len=2 #2 e6c4
2026-10-02 09:15:59.551 [OP] 4112 inv=FFFD len=2 #3 6ac4
2026-10-02 09:15:59.551 [OP] 4112 inv=FFFD len=2 #4 36c4
2026-10-02 09:16:02.395 [OUT] 1005 inv=FFEF len=20 #1 efff05100e59e02b4d805cdf0b0b0022a32b1f80
2026-10-02 09:16:02.535 [OP] 4110 inv=FFFD len=2 #1 212b
2026-10-02 09:16:03.416 [OUT] 1004 inv=FFF3 len=16 #1 f3ff0410eb7ed52b5980c3642d0b59ae
2026-10-02 09:16:03.537 [OP] 4110 inv=FFFD len=2 #2 612b
2026-10-02 09:16:03.795 [OP] 4112 inv=FFFD len=2 #5 dcc4
2026-10-02 09:16:08.716 [SETTLE] exp=2 gold=199369 len=403
2026-10-02 09:16:08.716 [OP] 472A inv=FE6C len=403 #1 74b4de1fc75b64510bdcfaa32b1f805b64510bdcc4a32b1f805b64510bdcfaa32b1f805b64510bdc02b72b1f805b6451e06ffaa32b1f805b64510bdcfaa32b1f805b64510bdcfaa32b1f805b64510bdcfaa32b1f805b64510bdcfaa32b1f805b64510bdcfaa32b1f805b64510bdcfaa32b1f805b64510bdcfaa32b1f805b64510bdcfaa32b1f805b64510bdc7af82b1f2c5b6451f16ffaa3ccca805b5c510bdc
2026-10-02 09:16:08.716 [OP] 42CE inv=FFFB len=4 #1 c87f510b
2026-10-02 09:16:09.403 [OUT] 0048 inv=FFF7 len=12 #1 f7ff4800dcfaa32b1f6d9564
2026-10-02 09:16:09.553 [OP] 4721 inv=FFF7 len=8 #1 53c2392b1f6d9564
2026-10-02 09:16:29.926 [OP] 4100 inv=FFF9 len=6 #2 98aa1ef8fe7f
2026-10-02 09:16:29.958 [OP] 4101 inv=FBC5 len=1082 #2 f03bad809464510bdcfaa32bc8d97b81510bdcfaa32b1f805b64510bdcfaa32b1f805b64510bdcfa21c49dca5b64820cdcfaa32b1f8021cd510bdcfaa32b1f805b64510bdcfa6c3bad80c464510bdcfaa32bf6455b647405dcfa37181f8019fa510b155a4e78c8d97b81a552155ada2b1f807b81a5526f3016876c842d43510bdcfaa32b1f805b6451b7c6faa32b1f805b0f310bdcfaa32b1f805b64510bdcfa
2026-10-02 09:16:30.977 [OUT] 1001 inv=FFF9 len=10 #2 f9ff01101f805b64510b
2026-10-02 09:16:31.380 [OUT] 1005 inv=FFEF len=20 #2 efff0510042be02b4d795cdf0b0b0022a32b1f80
2026-10-02 09:16:31.382 [OUT] 1004 inv=FFF3 len=16 #2 f3ff0410eb7ed52b5979c3642d0b59ae
2026-10-02 09:16:31.455 [OP] 4110 inv=FFFD len=2 #3 212b
2026-10-02 09:16:31.558 [OP] 4110 inv=FFFD len=2 #4 612b
2026-10-02 09:16:33.226 [OUT] 1005 inv=FFEF len=20 #3 efff0510a498f853cf795c640b0b0022a32b1f80
2026-10-02 09:16:33.310 [OP] 4110 inv=FFFD len=2 #5 2153
2026-10-02 09:16:52.970 [SETTLE] exp=2 gold=199369 len=393
2026-10-02 09:16:52.970 [OP] 472A inv=FE76 len=393 #2 74b4de1fc75b64510bdcfaa32b1f805b64510bdce8a32b1f805b64510bdcfaa32b1f805b64510bdc02b72b1f805b64510adcfaa32b1f805b64510bdcfaa32b1f805b64510bdcfaa32b1f805b64510bdcfaa32b1f805b64510bdcfaa32b1f805b64510bdcfaa32b1f805b64510bdcfaa32b1f805b64510bdcfaa32b1f805b64510bdcfaa32b1f805b64510bdcbdf82b1f2c5b6451fa6ffaa3731f805bd3580bdc
2026-10-02 09:16:53.057 [OP] 42CE inv=FFFB len=4 #2 c87f510b
2026-10-02 09:17:00.100 [OP] 4100 inv=FFF9 len=6 #3 98aa1cf83dec
2026-10-02 09:17:00.193 [OP] 4101 inv=FBFD len=1026 #3 0db252fadb2b1f805b64510b155a4e781f805b64510bdcfaa32b1f805b64510bdcfaa32b1f805b647b0c8b53a32b94105b64510bdcfa8d3b1f805b64510bdcfaa32b1f805b64d7b252fa392b1f805b64510bb2dca32be8305b640464dcfad2881f807b81a552155a4e78c8d97b81530bdcfa4e78c8d995a9bc595ab12b211f805b64510bdcfaa32b1ffd2764510bdcfaa36d84805b64510bdcfaa32b1f805b64
2026-10-02 09:17:01.169 [OUT] 1001 inv=FFF9 len=10 #3 f9ff01101f805b64510b
2026-10-02 09:17:03.351 [OUT] 1005 inv=FFEF len=20 #4 efff0510a498f853cf795c640b0b0022a32b1f80
2026-10-02 09:17:22.886 [SETTLE] exp=2 gold=199369 len=403
2026-10-02 09:17:22.886 [OP] 472A inv=FE6C len=403 #3 74b4de1fc75b64510bdcfaa32b1f805b64510bdce8a32b1f805b64510bdcfaa32b1f805b64510bdc02b72b1f805b6451b9dcfaa32b1f805b64510bdcfaa32b1f805b64510bdcfaa32b1f805b64510bdcfaa32b1f805b64510bdcfaa32b1f805b64510bdcfaa32b1f805b64510bdcfaa32b1f805b64510bdcfaa32b1f805b64510bdcfaa32b1f805b64510bdc7af82b1fc3956451fa6ffaa391ca805bc7580bdc
2026-10-02 09:17:22.983 [OP] 42CE inv=FFFB len=4 #3 c87f510b
2026-10-02 09:17:23.700 [OUT] 0048 inv=FFF7 len=12 #2 f7ff4800dcfaa32b1f6d9564
2026-10-02 09:17:23.800 [OP] 4721 inv=FFF7 len=8 #2 53c2392b1f6d9564
2026-10-02 09:17:24.908 [OUT] 004E inv=FFFA len=9 #3 faff4e00e9580bdce8
2026-10-02 09:17:25.048 [OP] 4029 inv=FFDF len=32 #3 becdfc0b4f9fa32b1f805b6467ecdcfaa32b1f8094cdfc0b90c4172baa809564
2026-10-02 09:17:26.158 [OP] 4210 inv=FFF3 len=12 #1 ac0bdcfaf72b1f80a1ecfc0b
2026-10-02 09:17:28.022 [OP] 4100 inv=FFF9 len=6 #4 98aab6f8157f
2026-10-02 09:17:28.188 [OP] 4101 inv=FC35 len=970 #4 becdfc0b90faa32b1f805b64a552155aa32b1f805b64510bdcfaa32b1f805b64510bdcfaa32b1f805761b2b2dcfa3cc41f805b64510b40c2a32b1f805b64510bdcfaa32b1f80e0cdfc0b52faa32b1f805b646244dcfa34881f8010fc510b730fa32bc8d97b81a552155a4e78c8d93564510b155a4e78caa026b35c3828d7a32b1f805b64510bdcfa716d84805b64510bdc99b72b1f805b64510bdcfaa32b1f80
2026-10-02 09:17:29.076 [OUT] 1001 inv=FFF9 len=10 #4 f9ff01101f805b64510b
2026-10-02 09:17:31.287 [OUT] 1005 inv=FFEF len=20 #5 efff0510a498f853cf795c640b0b0022a32b1f80
2026-10-02 09:17:45.937 [OUT] 1004 inv=FFF3 len=16 #3 f3ff0410eb7ed52b5980c3642d0b59ae
2026-10-02 09:17:46.237 [OUT] 1004 inv=FFF3 len=16 #4 f3ff0410eb7ed52b5980c3642d0b59ae
2026-10-02 09:17:50.798 [SETTLE] exp=1 gold=199369 len=403
2026-10-02 09:17:50.798 [OP] 472A inv=FE6C len=403 #4 74b4de1faa5b64510bdcfaa32b1f805b64510bdce8a32b1f805b64510bdcfaa32b1f805b64510bdc02b72b1f805b64510adcfaa32b1f805b64510bdcfaa32b1f805b64510bdcfaa32b1f805b64510bdcfaa32b1f805b64510bdcfaa32b1f805b64510bdcfaa32b1f805b64510bdcfaa32b1f805b64510bdcfaa32b1f805b64510bdcfaa32b1f805b64510bdc7af82b1fc3956451f16ffaa3ccca805bd3580bdc
2026-10-02 09:17:50.889 [OP] 42CE inv=FFFB len=4 #4 c87f510b
2026-10-02 09:17:51.819 [OUT] 0048 inv=FFF7 len=12 #3 f7ff4800dcfaa32b1f6d9564
2026-10-02 09:17:51.995 [OP] 4721 inv=FFF7 len=8 #3 53c2392b1f6d9564
2026-10-02 09:17:53.886 [OP] 4100 inv=FFF9 len=6 #5 98aa72f8677f
2026-10-02 09:17:53.978 [OP] 4101 inv=FBC5 len=1082 #5 f03bad809464510bdcfaa32bc8d97b81510bdcfaa32b1f805b64510bdcfaa32b1f805b64510bdcfa21c49dca5b64820cdcfaa32b1f8021cd510bdcfaa32b1f805b64510bdcfa6c3bad80c464510bdcfaa32bf6455b647405dcfa37181f8019fa510b155a4e78c8d97b81a552155ada2b1f807b81a5526f3016876c842d43510bdcfaa32b1f805b645db7c6faa32b1f805b0f310bdcfaa32b1f805b64510bdcfa
2026-10-02 09:17:54.946 [OUT] 1001 inv=FFF9 len=10 #5 f9ff01101f805b64510b
2026-10-02 09:18:19.946 [SETTLE] exp=2 gold=199369 len=403
2026-10-02 09:18:19.946 [OP] 472A inv=FE6C len=403 #5 74b4de1fc75b64510bdcfaa32b1f805b64510bdcc4a32b1f805b64510bdcfaa32b1f805b64510bdc02b72b1f805b6451b9dcfaa32b1f805b64510bdcfaa32b1f805b64510bdcfaa32b1f805b64510bdcfaa32b1f805b64510bdcfaa32b1f805b64510bdcfaa32b1f805b64510bdcfaa32b1f805b64510bdcfaa32b1f805b64510bdcfaa32b1f805b64510bdcbdf82b1f1b95645153dcfaa391ca805bc7580bdc
2026-10-02 09:18:20.044 [OP] 42CE inv=FFFB len=4 #5 c87f510b
2026-10-02 09:18:21.946 [OUT] 0048 inv=FFF7 len=12 #4 f7ff4800dcfaa32b1f6d9564
2026-10-02 09:18:21.979 [OUT] 004E inv=FFFA len=9 #4 faff4e00e9580bdce8
2026-10-02 09:18:22.047 [OP] 4721 inv=FFF7 len=8 #4 53c2392b1f6d9564
2026-10-02 09:18:22.154 [OP] 4029 inv=FFDF len=32 #4 becdfc0b4f9fa32b1f805b6467ecdcfaa32b1f804764610b90c4172b7a809564
2026-10-02 09:18:45.369 [SETTLE] exp=2 gold=199369 len=393
2026-10-02 09:19:19.708 [SETTLE] exp=2 gold=199369 len=403
2026-10-02 09:19:20.227 [OUT] 0048 inv=FFF7 len=12 #5 f7ff4800dcfaa32b1f6d9564
2026-10-02 09:19:20.366 [OP] 4721 inv=FFF7 len=8 #5 53c2392b1f6d9564
2026-10-02 09:19:21.737 [OUT] 004E inv=FFFA len=9 #5 faff4e00e9580bdce8
2026-10-02 09:19:21.877 [OP] 4029 inv=FFDF len=32 #5 becdfc0b4f9fa32b1f805b6467ecdcfaa32b1f809464830b90c4172b24809564
2026-10-02 09:19:42.541 [SETTLE] exp=2 gold=199369 len=393
2026-10-02 09:20:03.850 [OUT] 1004 inv=FFF3 len=16 #5 f3ff0410eb7ed52b5980c3642d0b59ae
2026-10-02 09:20:11.255 [SETTLE] exp=1 gold=199369 len=403
2026-10-02 09:20:41.298 [SETTLE] exp=1 gold=199369 len=403
2026-10-02 09:21:10.385 [SETTLE] exp=1 gold=199369 len=403
2026-10-02 09:21:39.637 [SETTLE] exp=1 gold=199369 len=403
2026-10-02 09:22:05.171 [SETTLE] exp=1 gold=199369 len=403
2026-10-02 09:22:35.686 [SETTLE] exp=2 gold=199369 len=403
2026-10-02 09:23:10.173 [SETTLE] exp=1 gold=199369 len=393
2026-10-02 09:23:37.560 [SETTLE] exp=1 gold=199369 len=393
2026-10-02 09:24:05.731 [QUESTION] {"type":"question","sock":2464,"qno":18,"field_a":79,"stem":"以下属于我国珍惜保护动物的是？","options":["1、火麒麟","2、藏羚羊","3、猩猩队长","4、霸天虎"]}
2026-10-02 09:24:06.732 [UI] auto dump on question qno=18
2026-10-02 09:24:06.734 [UI] ---- window dump begin (pid 21924) ----
2026-10-02 09:24:07.002 [UI] TOP=00160730 vis=1 cls=QBOvCls rc=(465,442,825,538) title=
2026-10-02 09:24:07.018 [UI] TOP=00190124 vis=1 cls=ATL:012FF210 rc=(125,75,1165,882) title=什么什么大冒险2(①逍遥村敬老院)-伏地魔4_Sep 24 2026《什么什么大冒险》制作委员会QQ群:515616289
2026-10-02 09:24:07.018 [UI] TOP=003C09CE vis=0 cls=DIEmWin rc=(-1,-1,135,38) title=DIEmWin
2026-10-02 09:24:07.404 [UI] TOP=00690D7A vis=0 cls=IME rc=(0,0,0,0) title=Default IME
2026-10-02 09:24:07.405 [UI] TOP=002203D4 vis=0 cls=MSCTFIME UI rc=(0,0,0,0) title=MSCTFIME UI
2026-10-02 09:24:07.422 [UI] TOP=001503F0 vis=0 cls=IME rc=(0,0,0,0) title=Default IME
2026-10-02 09:24:07.423 [UI] TOP=000D06F6 vis=0 cls=IME rc=(0,0,0,0) title=Default IME
2026-10-02 09:24:07.423 [UI] ---- window dump end ----
2026-10-02 09:24:07.874 [SETTLE] exp=2 gold=199369 len=403
2026-10-02 09:24:07.927 [SEND-ANSWER] qno=18 opt=0 ret=13 sock=2464
2026-10-02 09:24:08.066 [QUESTION] {"type":"question","sock":2464,"qno":4,"field_a":105,"stem":"一只杜鹃鸟要下蛋了，此时它会怎么做？","options":["1、再生一只","2、扔了它","3、将蛋下到其他鸟的鸟巢里","4、坐着开始孵"]}
2026-10-02 09:24:09.068 [UI] auto dump on question qno=4
2026-10-02 09:24:09.068 [UI] ---- window dump begin (pid 21924) ----
2026-10-02 09:24:09.417 [UI] TOP=00160730 vis=1 cls=QBOvCls rc=(465,442,825,538) title=
2026-10-02 09:24:09.427 [UI] TOP=00190124 vis=1 cls=ATL:012FF210 rc=(125,75,1165,882) title=什么什么大冒险2(①逍遥村敬老院)-伏地魔4_Sep 24 2026《什么什么大冒险》制作委员会QQ群:515616289
2026-10-02 09:24:09.427 [UI] TOP=003C09CE vis=0 cls=DIEmWin rc=(-1,-1,135,38) title=DIEmWin
2026-10-02 09:24:09.730 [UI] auto-closing quiz frame: qno=18 opt=0
2026-10-02 09:24:09.819 [UI] TOP=00690D7A vis=0 cls=IME rc=(0,0,0,0) title=Default IME
2026-10-02 09:24:09.827 [UI] TOP=002203D4 vis=0 cls=MSCTFIME UI rc=(0,0,0,0) title=MSCTFIME UI
2026-10-02 09:24:09.845 [UI] TOP=001503F0 vis=0 cls=IME rc=(0,0,0,0) title=Default IME
2026-10-02 09:24:09.845 [UI] TOP=000D06F6 vis=0 cls=IME rc=(0,0,0,0) title=Default IME
2026-10-02 09:24:09.845 [UI] ---- window dump end ----
2026-10-02 09:24:10.365 [SEND-ANSWER] qno=4 opt=2 ret=13 sock=2464
2026-10-02 09:24:10.413 [SYS] 测试通过！
2026-10-02 09:24:10.512 [SYS] 获得了#00FF00#100#FFF692#金币
2026-10-02 09:24:10.512 [CURRENCY] a=199369 b=763949
2026-10-02 09:24:12.167 [UI] auto-closing quiz frame: qno=4 opt=2
2026-10-02 09:24:12.246 [UI] option 2 control NOT found — falling back to digit key
2026-10-02 09:24:14.199 [OUT] 1F04 inv=FFF6 len=13 #1 f6ff041fce1f805b26510bdce8
2026-10-02 09:24:20.610 [OP] 4210 inv=FFF3 len=12 #2 ac0bdcfa0d2b1f80baecfc0b
2026-10-02 09:24:41.326 [SETTLE] exp=1 gold=199369 len=393
2026-10-02 09:25:10.570 [SETTLE] exp=1 gold=199369 len=403
2026-10-02 09:25:36.708 [SETTLE] exp=2 gold=199369 len=393
2026-10-02 09:26:03.687 [SETTLE] exp=2 gold=199369 len=393
2026-10-02 09:26:32.726 [SETTLE] exp=2 gold=199369 len=403
2026-10-02 09:27:03.193 [SETTLE] exp=2 gold=199369 len=403
2026-10-02 09:27:30.243 [SETTLE] exp=2 gold=199369 len=403
2026-10-02 09:28:04.986 [SETTLE] exp=1 gold=199369 len=393
2026-10-02 09:28:32.518 [SETTLE] exp=1 gold=199369 len=393
2026-10-02 09:29:06.179 [SETTLE] exp=1 gold=199369 len=393
2026-10-02 09:29:36.348 [SETTLE] exp=2 gold=199369 len=393
2026-10-02 09:30:00.653 [SETTLE] exp=2 gold=199369 len=403
2026-10-02 09:30:30.321 [SETTLE] exp=2 gold=199369 len=403
2026-10-02 09:31:05.351 [SETTLE] exp=2 gold=199369 len=393
2026-10-02 09:31:27.728 [SETTLE] exp=2 gold=199369 len=403
2026-10-02 09:31:58.957 [SETTLE] exp=1 gold=199369 len=403
2026-10-02 09:32:24.499 [SETTLE] exp=2 gold=199369 len=403
2026-10-02 09:32:53.324 [SETTLE] exp=1 gold=199369 len=393
2026-10-02 09:33:21.120 [SETTLE] exp=1 gold=199369 len=403
2026-10-02 09:33:49.679 [SETTLE] exp=1 gold=199369 len=393
2026-10-02 09:34:15.065 [SETTLE] exp=1 gold=199369 len=403
2026-10-02 09:34:41.578 [SETTLE] exp=2 gold=199369 len=403
2026-10-02 09:35:06.230 [SETTLE] exp=1 gold=199369 len=393
2026-10-02 09:35:32.878 [SETTLE] exp=2 gold=199369 len=393
2026-10-02 09:35:58.548 [SETTLE] exp=1 gold=199369 len=393
2026-10-02 09:36:18.400 [SYS] #FFF692#恭喜#FF8CF8#凝眉一颦#FFF692#打造出#64FF7D#+10#FFF692#装备
2026-10-02 09:36:23.832 [SETTLE] exp=1 gold=199369 len=403
2026-10-02 09:36:50.444 [SETTLE] exp=1 gold=199369 len=403
2026-10-02 09:37:25.835 [SETTLE] exp=1 gold=199369 len=393
2026-10-02 09:37:53.222 [SETTLE] exp=1 gold=199369 len=393
2026-10-02 09:38:21.426 [SETTLE] exp=1 gold=199369 len=403
2026-10-02 09:38:49.724 [SETTLE] exp=1 gold=199369 len=393
2026-10-02 09:38:50.774 [OP] 4210 inv=FFF3 len=12 #3 ac0bdcfa1e2b1f8057ecfc0b
2026-10-02 09:39:18.649 [SETTLE] exp=2 gold=199369 len=393
2026-10-02 09:39:48.071 [SETTLE] exp=1 gold=199369 len=393
2026-10-02 09:40:19.991 [SETTLE] exp=2 gold=199369 len=403
2026-10-02 09:40:53.289 [SETTLE] exp=1 gold=199369 len=403
2026-10-02 09:41:20.690 [SETTLE] exp=1 gold=199369 len=393
2026-10-02 09:41:52.067 [SETTLE] exp=1 gold=199369 len=393
2026-10-02 09:42:21.805 [SETTLE] exp=1 gold=199369 len=393
2026-10-02 09:42:54.740 [SETTLE] exp=2 gold=199369 len=393
2026-10-02 09:43:17.394 [SETTLE] exp=1 gold=199369 len=393
2026-10-02 09:43:42.945 [SETTLE] exp=2 gold=199369 len=393
2026-10-02 09:44:13.002 [SETTLE] exp=1 gold=199369 len=393
2026-10-02 09:44:36.401 [SETTLE] exp=2 gold=199369 len=393
2026-10-02 09:45:04.366 [SETTLE] exp=2 gold=199369 len=403
2026-10-02 09:45:32.264 [SETTLE] exp=1 gold=199369 len=403
2026-10-02 09:46:01.409 [SETTLE] exp=1 gold=199369 len=403
2026-10-02 09:46:28.715 [SETTLE] exp=1 gold=199369 len=393
2026-10-02 09:46:59.963 [SETTLE] exp=1 gold=199369 len=393
2026-10-02 09:47:29.366 [SETTLE] exp=1 gold=199369 len=403
2026-10-02 09:47:58.938 [SETTLE] exp=1 gold=199369 len=403
2026-10-02 09:48:23.066 [SETTLE] exp=1 gold=199369 len=393
2026-10-02 09:48:50.722 [SETTLE] exp=1 gold=199369 len=403
2026-10-02 09:49:25.342 [SETTLE] exp=2 gold=199369 len=403
2026-10-02 09:49:55.591 [SETTLE] exp=2 gold=199369 len=403
2026-10-02 09:50:26.697 [SETTLE] exp=1 gold=199369 len=393
2026-10-02 09:50:54.044 [SETTLE] exp=2 gold=199369 len=403
2026-10-02 09:51:26.451 [SETTLE] exp=2 gold=199369 len=403
2026-10-02 09:51:53.184 [SETTLE] exp=1 gold=199369 len=403
2026-10-02 09:52:16.631 [SETTLE] exp=1 gold=199369 len=403
2026-10-02 09:52:42.766 [SETTLE] exp=1 gold=199369 len=403
2026-10-02 09:53:07.472 [SETTLE] exp=1 gold=199369 len=393
2026-10-02 09:53:29.838 [SETTLE] exp=2 gold=199369 len=393
2026-10-02 09:53:59.738 [SETTLE] exp=1 gold=199369 len=403
2026-10-02 09:54:30.289 [SETTLE] exp=2 gold=199369 len=393
2026-10-02 09:55:00.973 [SETTLE] exp=2 gold=199369 len=393
2026-10-02 09:55:34.323 [SETTLE] exp=1 gold=199369 len=393
2026-10-02 09:56:02.906 [SETTLE] exp=2 gold=199369 len=403
2026-10-02 09:56:32.894 [SETTLE] exp=2 gold=199369 len=403
2026-10-02 09:57:03.165 [SETTLE] exp=2 gold=199369 len=393
2026-10-02 09:57:34.213 [SETTLE] exp=1 gold=199369 len=403
2026-10-02 09:58:01.527 [SETTLE] exp=2 gold=199369 len=403
2026-10-02 09:58:30.103 [SETTLE] exp=2 gold=199369 len=403
2026-10-02 09:58:59.989 [SETTLE] exp=2 gold=199369 len=403
2026-10-02 09:59:33.689 [SETTLE] exp=1 gold=199369 len=403
2026-10-02 09:59:44.782 [OP] 4031 inv=FFDC len=35 #1 455b615108dcfaa3531fe9022e98c810387599970e2d6451839fdd59c0c3e941876f0b
2026-10-02 10:00:03.379 [SETTLE] exp=1 gold=199369 len=393
2026-10-02 10:00:31.172 [SETTLE] exp=2 gold=199369 len=393
2026-10-02 10:00:56.032 [SETTLE] exp=1 gold=199369 len=403
2026-10-02 10:01:26.709 [SETTLE] exp=2 gold=199369 len=403
2026-10-02 10:01:59.543 [SETTLE] exp=2 gold=199369 len=403
2026-10-02 10:02:35.528 [SETTLE] exp=2 gold=199369 len=403
2026-10-02 10:03:02.134 [SETTLE] exp=2 gold=199369 len=403
2026-10-02 10:03:30.418 [SETTLE] exp=1 gold=199369 len=393
2026-10-02 10:03:54.493 [SETTLE] exp=1 gold=199369 len=403
2026-10-02 10:04:28.628 [SETTLE] exp=1 gold=199369 len=393
2026-10-02 10:04:53.745 [SETTLE] exp=2 gold=199369 len=403
2026-10-02 10:05:24.678 [SETTLE] exp=1 gold=199369 len=393
2026-10-02 10:05:55.365 [SETTLE] exp=2 gold=199369 len=393
2026-10-02 10:06:20.898 [SETTLE] exp=1 gold=199369 len=393
2026-10-02 10:06:44.356 [SETTLE] exp=1 gold=199369 len=403
2026-10-02 10:07:11.579 [SETTLE] exp=2 gold=199369 len=403
2026-10-02 10:07:41.880 [SETTLE] exp=2 gold=199369 len=403
2026-10-02 10:08:07.195 [SETTLE] exp=2 gold=199369 len=393
2026-10-02 10:08:38.251 [SETTLE] exp=1 gold=199369 len=403
2026-10-02 10:09:00.404 [OP] 4612 inv=FFF3 len=12 #3 90faa32b7207c46412b252fa
2026-10-02 10:09:00.404 [OP] 4612 inv=FFF7 len=8 #4 ca805b6412b252fa
2026-10-02 10:09:01.360 [OP] 4612 inv=FFF3 len=12 #5 90faa32be787c4647b8052fa
2026-10-02 10:09:13.543 [SETTLE] exp=2 gold=199369 len=393
2026-10-02 10:09:37.129 [SETTLE] exp=2 gold=199369 len=403
2026-10-02 10:10:04.300 [SETTLE] exp=1 gold=199369 len=393
2026-10-02 10:10:28.419 [SETTLE] exp=1 gold=199369 len=403
2026-10-02 10:10:54.780 [SETTLE] exp=1 gold=199369 len=393
2026-10-02 10:11:23.103 [SETTLE] exp=2 gold=199369 len=403
2026-10-02 10:11:48.866 [SETTLE] exp=1 gold=199369 len=393
2026-10-02 10:12:15.963 [SETTLE] exp=2 gold=199369 len=393
2026-10-02 10:12:37.646 [SETTLE] exp=1 gold=199369 len=403
2026-10-02 10:13:01.574 [SETTLE] exp=2 gold=199369 len=403
2026-10-02 10:13:25.478 [SETTLE] exp=1 gold=199369 len=403
2026-10-02 10:13:51.001 [SETTLE] exp=1 gold=199369 len=403
2026-10-02 10:14:15.651 [SETTLE] exp=1 gold=199369 len=393
2026-10-02 10:14:46.462 [SETTLE] exp=1 gold=199369 len=393
2026-10-02 10:15:09.144 [SETTLE] exp=2 gold=199369 len=393
2026-10-02 10:15:35.651 [SETTLE] exp=1 gold=199369 len=403
2026-10-02 10:16:00.602 [SETTLE] exp=1 gold=199369 len=403
2026-10-02 10:16:23.022 [SETTLE] exp=1 gold=199369 len=403
2026-10-02 10:16:56.220 [SETTLE] exp=1 gold=199369 len=403
2026-10-02 10:17:25.906 [SETTLE] exp=1 gold=199369 len=403
2026-10-02 10:17:52.449 [SETTLE] exp=1 gold=199369 len=393
2026-10-02 10:18:24.230 [SETTLE] exp=1 gold=199369 len=393
2026-10-02 10:18:41.479 [OP] 4031 inv=FFE3 len=28 #2 392b2d805b64510b6ffa512b1f68fa06e2c87424c1770e68fa06e20b
2026-10-02 10:18:52.515 [SETTLE] exp=2 gold=199369 len=393
2026-10-02 10:19:16.093 [SETTLE] exp=1 gold=199369 len=393
2026-10-02 10:19:44.719 [SETTLE] exp=2 gold=199369 len=403
2026-10-02 10:20:07.169 [SETTLE] exp=1 gold=199369 len=393
2026-10-02 10:20:39.173 [SETTLE] exp=1 gold=199369 len=393
2026-10-02 10:21:11.624 [SETTLE] exp=2 gold=199369 len=393
2026-10-02 10:21:33.532 [SETTLE] exp=1 gold=199369 len=403
2026-10-02 10:22:04.503 [SETTLE] exp=1 gold=199369 len=393
2026-10-02 10:22:32.787 [SETTLE] exp=1 gold=199369 len=403
2026-10-02 10:22:59.015 [SETTLE] exp=2 gold=199369 len=403
2026-10-02 10:23:34.159 [SETTLE] exp=2 gold=199369 len=393
2026-10-02 10:23:57.662 [SETTLE] exp=1 gold=199369 len=403
2026-10-02 10:24:26.541 [SETTLE] exp=1 gold=199369 len=393
2026-10-02 10:24:55.087 [SETTLE] exp=1 gold=199369 len=403
2026-10-02 10:25:27.552 [SETTLE] exp=1 gold=199369 len=393
2026-10-02 10:25:59.836 [SETTLE] exp=2 gold=199369 len=393
2026-10-02 10:26:29.587 [SETTLE] exp=2 gold=199369 len=403
2026-10-02 10:26:53.407 [OP] 4031 inv=FF64 len=155 #3 935b6151d0dcfaa3531fa4db8c740acb57e554e2a4021f2ef368a2346786b098f990b978b8349a6671ffd856b3d3a234670b1cedde6c3876a2348282d36de074a4b1ef1075e8f26f270094b8b8128eac5daf0572a3965034679694f3b3e1a6b6ccc29b40f32cce4d87f0775131a2b1f389f9140fb35120bb4c848980ef6e165119aeeb837bc06919740e23d0e4346451e49cfc58f33ee554cab00b
2026-10-02 10:26:59.252 [SETTLE] exp=1 gold=199369 len=403
2026-10-02 10:27:30.060 [SETTLE] exp=1 gold=199369 len=393
2026-10-02 10:27:55.109 [SETTLE] exp=1 gold=199369 len=403
2026-10-02 10:28:25.913 [SETTLE] exp=2 gold=199369 len=403
2026-10-02 10:28:54.619 [SETTLE] exp=1 gold=199369 len=403
2026-10-02 10:29:24.890 [SETTLE] exp=1 gold=199369 len=403
2026-10-02 10:29:54.019 [SETTLE] exp=1 gold=199369 len=393
2026-10-02 10:30:23.706 [SETTLE] exp=1 gold=199369 len=393
2026-10-02 10:30:56.348 [SETTLE] exp=2 gold=199369 len=393
2026-10-02 10:31:23.516 [SETTLE] exp=1 gold=199369 len=403
2026-10-02 10:31:50.706 [SETTLE] exp=1 gold=199369 len=403
2026-10-02 10:32:23.626 [SETTLE] exp=2 gold=199369 len=393
2026-10-02 10:32:50.540 [SETTLE] exp=2 gold=199369 len=403
2026-10-02 10:33:15.024 [SETTLE] exp=2 gold=199369 len=393
2026-10-02 10:33:44.789 [SETTLE] exp=1 gold=199369 len=393
2026-10-02 10:34:12.268 [SETTLE] exp=1 gold=199369 len=403
2026-10-02 10:34:38.721 [SETTLE] exp=2 gold=199369 len=393
2026-10-02 10:35:05.535 [SETTLE] exp=1 gold=199369 len=393
2026-10-02 10:35:32.236 [SETTLE] exp=1 gold=199369 len=393
2026-10-02 10:36:01.810 [SETTLE] exp=1 gold=199369 len=393
2026-10-02 10:36:32.651 [SETTLE] exp=2 gold=199369 len=403
2026-10-02 10:36:56.851 [SETTLE] exp=1 gold=199369 len=403
2026-10-02 10:37:28.676 [SETTLE] exp=2 gold=199369 len=393
2026-10-02 10:37:49.127 [SETTLE] exp=1 gold=199369 len=403
2026-10-02 10:38:13.662 [SETTLE] exp=2 gold=199369 len=403
2026-10-02 10:38:34.830 [SETTLE] exp=1 gold=199369 len=393
2026-10-02 10:39:02.646 [SETTLE] exp=1 gold=199369 len=403
2026-10-02 10:39:34.752 [SETTLE] exp=2 gold=199369 len=393
2026-10-02 10:39:59.039 [SETTLE] exp=1 gold=199369 len=393
2026-10-02 10:40:26.393 [SETTLE] exp=1 gold=199369 len=403
2026-10-02 10:40:50.426 [SETTLE] exp=1 gold=199369 len=393
2026-10-02 10:41:19.099 [SETTLE] exp=2 gold=199369 len=403
2026-10-02 10:41:46.939 [SETTLE] exp=1 gold=199369 len=393
2026-10-02 10:42:15.205 [SETTLE] exp=1 gold=199369 len=393
2026-10-02 10:42:43.507 [SETTLE] exp=1 gold=199369 len=393
2026-10-02 10:43:15.563 [SETTLE] exp=2 gold=199369 len=393
2026-10-02 10:43:42.532 [SETTLE] exp=2 gold=199369 len=393
2026-10-02 10:44:07.725 [SETTLE] exp=1 gold=199369 len=403
2026-10-02 10:44:30.367 [SETTLE] exp=1 gold=199369 len=403
2026-10-02 10:44:58.485 [SETTLE] exp=1 gold=199369 len=393
2026-10-02 10:45:26.688 [SETTLE] exp=2 gold=199369 len=393
2026-10-02 10:45:52.772 [SETTLE] exp=2 gold=199369 len=403
2026-10-02 10:46:17.173 [SETTLE] exp=2 gold=199369 len=393
2026-10-02 10:46:26.329 [OP] 4018 inv=FFF0 len=15 #1 5f6b7f51a4a722a3e65959946451b1
2026-10-02 10:46:57.484 [SETTLE] exp=2 gold=199369 len=403
2026-10-02 10:47:20.684 [SETTLE] exp=1 gold=199369 len=403
2026-10-02 10:47:51.344 [SETTLE] exp=2 gold=199369 len=393
2026-10-02 10:48:16.435 [SETTLE] exp=2 gold=199369 len=403
2026-10-02 10:48:43.941 [SETTLE] exp=1 gold=199369 len=403
2026-10-02 10:49:06.543 [SETTLE] exp=1 gold=199369 len=403
2026-10-02 10:49:28.826 [SETTLE] exp=1 gold=199369 len=393
2026-10-02 10:49:58.896 [SETTLE] exp=1 gold=199369 len=403
2026-10-02 10:50:26.457 [SETTLE] exp=2 gold=199369 len=393
2026-10-02 10:50:52.221 [SETTLE] exp=1 gold=199369 len=403
2026-10-02 10:51:15.305 [SETTLE] exp=2 gold=199369 len=393
2026-10-02 10:51:48.045 [SETTLE] exp=2 gold=199369 len=393
2026-10-02 10:52:20.943 [SETTLE] exp=1 gold=199369 len=403
2026-10-02 10:52:52.537 [SETTLE] exp=1 gold=199369 len=393
2026-10-02 10:53:17.965 [SETTLE] exp=1 gold=199369 len=393
2026-10-02 10:53:46.213 [SETTLE] exp=1 gold=199369 len=403
2026-10-02 10:54:12.459 [SETTLE] exp=2 gold=199369 len=393
2026-10-02 10:54:45.093 [SETTLE] exp=2 gold=199369 len=403
2026-10-02 10:55:14.644 [SETTLE] exp=1 gold=199369 len=403
2026-10-02 10:55:40.146 [SETTLE] exp=1 gold=199369 len=393
2026-10-02 10:56:07.131 [SETTLE] exp=1 gold=199369 len=403
2026-10-02 10:56:31.641 [SETTLE] exp=2 gold=199369 len=403
2026-10-02 10:57:02.639 [SETTLE] exp=1 gold=199369 len=393
2026-10-02 10:57:36.868 [SETTLE] exp=2 gold=199369 len=403
2026-10-02 10:58:05.314 [SETTLE] exp=1 gold=199369 len=393
2026-10-02 10:58:35.229 [SETTLE] exp=2 gold=199369 len=393
2026-10-02 10:59:02.424 [SETTLE] exp=2 gold=199369 len=393
2026-10-02 10:59:31.183 [SETTLE] exp=1 gold=199369 len=393
2026-10-02 11:00:00.740 [SETTLE] exp=1 gold=199369 len=393
2026-10-02 11:00:26.827 [SETTLE] exp=1 gold=199369 len=403
2026-10-02 11:00:58.338 [SETTLE] exp=2 gold=199369 len=403
2026-10-02 11:01:24.119 [SETTLE] exp=2 gold=199369 len=393
2026-10-02 11:01:51.488 [SETTLE] exp=1 gold=199369 len=393
2026-10-02 11:02:14.668 [SETTLE] exp=2 gold=199369 len=403
2026-10-02 11:02:43.775 [SETTLE] exp=1 gold=199369 len=403
2026-10-02 11:03:18.509 [SETTLE] exp=1 gold=199369 len=393
2026-10-02 11:03:44.619 [QUESTION] {"type":"question","sock":2464,"qno":11,"field_a":81,"stem":"蚊子发出的“嗡嗡”的声音是由于？","options":["1、翅膀振动","2、有鼻音","3、在唱歌","4、放的屁"]}
2026-10-02 11:03:45.621 [UI] auto dump on question qno=11
2026-10-02 11:03:45.621 [UI] ---- window dump begin (pid 21924) ----
2026-10-02 11:03:45.743 [UI] TOP=00160730 vis=1 cls=QBOvCls rc=(465,442,825,538) title=
2026-10-02 11:03:45.763 [UI] TOP=00190124 vis=1 cls=ATL:012FF210 rc=(125,75,1165,882) title=什么什么大冒险2(①逍遥村敬老院)-伏地魔4_Sep 24 2026《什么什么大冒险》制作委员会QQ群:515616289
2026-10-02 11:03:45.763 [UI] TOP=003C09CE vis=0 cls=DIEmWin rc=(-1,-1,135,38) title=DIEmWin
2026-10-02 11:03:46.158 [UI] TOP=00690D7A vis=0 cls=IME rc=(0,0,0,0) title=Default IME
2026-10-02 11:03:46.169 [UI] TOP=002203D4 vis=0 cls=MSCTFIME UI rc=(0,0,0,0) title=MSCTFIME UI
2026-10-02 11:03:46.174 [UI] TOP=001503F0 vis=0 cls=IME rc=(0,0,0,0) title=Default IME
2026-10-02 11:03:46.176 [UI] TOP=000D06F6 vis=0 cls=IME rc=(0,0,0,0) title=Default IME
2026-10-02 11:03:46.176 [UI] ---- window dump end ----
2026-10-02 11:03:46.282 [SEND-ANSWER] qno=11 opt=0 ret=13 sock=2464
2026-10-02 11:03:46.331 [SYS] 测试通过！
2026-10-02 11:03:46.428 [SYS] 获得了#00FF00#100#FFF692#金币
2026-10-02 11:03:46.428 [CURRENCY] a=199369 b=764049
2026-10-02 11:03:48.084 [UI] auto-closing quiz frame: qno=11 opt=0
2026-10-02 11:03:49.106 [SETTLE] exp=1 gold=199369 len=393
2026-10-02 11:04:17.472 [SETTLE] exp=1 gold=199369 len=403
2026-10-02 11:04:46.570 [SETTLE] exp=2 gold=199369 len=403
2026-10-02 11:05:17.035 [SETTLE] exp=1 gold=199369 len=403
2026-10-02 11:05:43.566 [SETTLE] exp=2 gold=199369 len=393
2026-10-02 11:06:22.208 [SETTLE] exp=2 gold=199369 len=403
2026-10-02 11:06:53.368 [SETTLE] exp=2 gold=199369 len=393
2026-10-02 11:07:29.254 [SETTLE] exp=1 gold=199369 len=393
2026-10-02 11:08:00.683 [SETTLE] exp=2 gold=199369 len=393
2026-10-02 11:08:22.611 [SETTLE] exp=1 gold=199369 len=403
2026-10-02 11:08:49.115 [SETTLE] exp=1 gold=199369 len=393
2026-10-02 11:09:15.832 [SETTLE] exp=1 gold=199369 len=393
2026-10-02 11:09:45.758 [SETTLE] exp=2 gold=199369 len=393
2026-10-02 11:10:14.305 [SETTLE] exp=2 gold=199369 len=393
2026-10-02 11:10:47.240 [SETTLE] exp=2 gold=199369 len=393
2026-10-02 11:11:17.663 [SETTLE] exp=2 gold=199369 len=403
2026-10-02 11:11:47.795 [SETTLE] exp=1 gold=199369 len=403
2026-10-02 11:12:16.689 [SETTLE] exp=2 gold=199369 len=393
2026-10-02 11:12:48.236 [SETTLE] exp=2 gold=199369 len=403
2026-10-02 11:13:17.942 [SETTLE] exp=1 gold=199369 len=403
2026-10-02 11:13:41.724 [SETTLE] exp=2 gold=199369 len=403
2026-10-02 11:14:07.659 [SETTLE] exp=2 gold=199369 len=403
2026-10-02 11:14:29.242 [SETTLE] exp=2 gold=199369 len=403
2026-10-02 11:14:57.431 [SETTLE] exp=2 gold=199369 len=393
2026-10-02 11:15:21.584 [SETTLE] exp=1 gold=199369 len=393
2026-10-02 11:15:47.241 [SETTLE] exp=2 gold=199369 len=393
2026-10-02 11:16:15.605 [SETTLE] exp=1 gold=199369 len=403
2026-10-02 11:16:47.061 [SETTLE] exp=2 gold=199369 len=403
2026-10-02 11:17:12.960 [SETTLE] exp=2 gold=199369 len=403
2026-10-02 11:17:13.150 [OP] 4210 inv=FFF3 len=12 #4 570bdcfa2f2b1f80a0ecfc0b
2026-10-02 11:17:46.508 [SETTLE] exp=2 gold=199369 len=393
2026-10-02 11:18:12.042 [SETTLE] exp=2 gold=199369 len=393
2026-10-02 11:18:37.536 [SETTLE] exp=2 gold=199369 len=393
2026-10-02 11:19:08.476 [SETTLE] exp=2 gold=199369 len=393
2026-10-02 11:19:42.393 [SETTLE] exp=2 gold=199369 len=393
2026-10-02 11:20:08.783 [SETTLE] exp=1 gold=199369 len=403
2026-10-02 11:20:48.399 [SETTLE] exp=1 gold=199369 len=393
2026-10-02 11:21:14.199 [SETTLE] exp=2 gold=199369 len=403
2026-10-02 11:21:42.377 [SETTLE] exp=1 gold=199369 len=393
2026-10-02 11:21:49.055 [OP] 4031 inv=FFE0 len=31 #4 44dc5ba32b1f805bdf51ae67a99e36a7cb0f1355938cfaa39d7ff324cef60b
2026-10-02 11:22:17.895 [SETTLE] exp=1 gold=199369 len=403
2026-10-02 11:22:40.921 [SETTLE] exp=2 gold=199369 len=393
2026-10-02 11:23:14.096 [SETTLE] exp=2 gold=199369 len=403
2026-10-02 11:23:42.382 [SETTLE] exp=1 gold=199369 len=393
2026-10-02 11:24:06.745 [SETTLE] exp=2 gold=199369 len=393
2026-10-02 11:24:35.248 [SETTLE] exp=2 gold=199369 len=403
2026-10-02 11:25:07.465 [SETTLE] exp=2 gold=199369 len=393
2026-10-02 11:25:42.498 [SETTLE] exp=2 gold=199369 len=403
2026-10-02 11:26:13.875 [SETTLE] exp=2 gold=199369 len=393
2026-10-02 11:26:50.939 [SETTLE] exp=1 gold=199369 len=393
2026-10-02 11:27:18.201 [SETTLE] exp=2 gold=199369 len=393
2026-10-02 11:27:45.414 [SETTLE] exp=2 gold=199369 len=403
2026-10-02 11:28:13.752 [SETTLE] exp=1 gold=199369 len=393
2026-10-02 11:28:43.127 [SETTLE] exp=2 gold=199369 len=393
2026-10-02 11:29:17.641 [SETTLE] exp=1 gold=199369 len=403
2026-10-02 11:29:17.842 [OP] 4210 inv=FFF3 len=12 #5 570bdcfa2f2b1f80c6ecfc0b
2026-10-02 11:29:45.625 [SETTLE] exp=2 gold=199369 len=403
2026-10-02 11:30:20.051 [SETTLE] exp=2 gold=199369 len=403
2026-10-02 11:30:48.668 [SETTLE] exp=2 gold=199369 len=403
2026-10-02 11:31:18.610 [SETTLE] exp=1 gold=199369 len=403
2026-10-02 11:31:50.095 [SETTLE] exp=1 gold=199369 len=403
2026-10-02 11:32:13.523 [SETTLE] exp=2 gold=199369 len=393
2026-10-02 11:32:38.806 [SETTLE] exp=1 gold=199369 len=393
2026-10-02 11:33:11.805 [SETTLE] exp=1 gold=199369 len=393
2026-10-02 11:33:34.103 [SETTLE] exp=1 gold=199369 len=393
2026-10-02 11:34:08.832 [SETTLE] exp=2 gold=199369 len=393
2026-10-02 11:34:41.678 [SETTLE] exp=2 gold=199369 len=393
2026-10-02 11:35:08.637 [SETTLE] exp=1 gold=199369 len=403
2026-10-02 11:35:36.890 [SETTLE] exp=1 gold=199369 len=393
2026-10-02 11:36:08.220 [SETTLE] exp=1 gold=199369 len=393
2026-10-02 11:36:40.007 [SETTLE] exp=2 gold=199369 len=403
2026-10-02 11:37:04.057 [SETTLE] exp=1 gold=199369 len=393
2026-10-02 11:37:25.609 [SETTLE] exp=1 gold=199369 len=393
2026-10-02 11:37:51.545 [SETTLE] exp=1 gold=199369 len=403
2026-10-02 11:38:20.230 [SETTLE] exp=2 gold=199369 len=393
2026-10-02 11:38:48.419 [SETTLE] exp=2 gold=199369 len=393
2026-10-02 11:39:20.513 [SETTLE] exp=1 gold=199369 len=403
2026-10-02 11:39:55.741 [SETTLE] exp=2 gold=199369 len=403
2026-10-02 11:40:32.049 [SETTLE] exp=2 gold=199369 len=393
2026-10-02 11:40:55.533 [SETTLE] exp=1 gold=199369 len=393
2026-10-02 11:41:18.578 [SETTLE] exp=1 gold=199369 len=393
2026-10-02 11:41:45.462 [SETTLE] exp=1 gold=199369 len=393
2026-10-02 11:42:15.501 [SETTLE] exp=1 gold=199369 len=403
2026-10-02 11:42:37.196 [SETTLE] exp=1 gold=199369 len=403
2026-10-02 11:43:05.678 [SETTLE] exp=2 gold=199369 len=403
2026-10-02 11:43:28.806 [OUT] 1F04 inv=FFF6 len=13 #2 f6ff041fce1f805b61510bdcfa
2026-10-02 11:43:35.540 [SETTLE] exp=1 gold=199369 len=403
2026-10-02 11:44:12.292 [SETTLE] exp=2 gold=199369 len=393
2026-10-02 11:44:33.593 [OV] overlay OFF
2026-10-02 11:44:43.392 [SETTLE] exp=1 gold=199369 len=403
2026-10-02 11:45:14.124 [SETTLE] exp=1 gold=199369 len=393
2026-10-02 11:45:37.918 [SETTLE] exp=2 gold=199369 len=403
2026-10-02 11:45:58.188 [SETTLE] exp=2 gold=199369 len=393
2026-10-02 11:46:28.380 [SETTLE] exp=1 gold=199369 len=393
2026-10-02 11:46:55.283 [SETTLE] exp=2 gold=199369 len=393
2026-10-02 11:47:14.376 [SETTLE] exp=1 gold=199369 len=403
2026-10-02 11:47:15.699 [OP] 40A0 inv=FFBB len=68 #2 becdfc0b6ffa392b69605b6439ecdcfadb4ac3548a70b10543bbea0232805b64510bdcfaa32b1f805b64510bdcfaa32b1f805b64510bdcfaa32b1f8007dff1fd59c49a7c
2026-10-02 11:47:40.598 [SETTLE] exp=2 gold=199369 len=403
2026-10-02 11:48:07.722 [SETTLE] exp=2 gold=199369 len=393
2026-10-02 11:48:31.583 [SETTLE] exp=1 gold=199369 len=403
2026-10-02 11:49:01.360 [SETTLE] exp=1 gold=199369 len=393
2026-10-02 11:49:21.326 [SETTLE] exp=2 gold=199369 len=403
2026-10-02 11:49:46.788 [SETTLE] exp=1 gold=199369 len=403
2026-10-02 11:49:49.965 [OP] 40A0 inv=FFBB len=68 #3 becdfc0b6ffa392b5a605b6439ecdcfadb4ac3548a70b10568bbea0232805b64510bdcfaa32b1f805b64510bdcfaa32b1f805b64510bdcfaa32b1f8007df8a3d59c4dfee
2026-10-02 11:50:13.420 [SETTLE] exp=1 gold=199369 len=403
2026-10-02 11:50:41.786 [OP] 46E0 inv=FDF7 len=520 #1 becdfc0b6ffaa32bb507c464580bdcfa2c5d1f80c364ef0b40b8202bd62f8823777a3bc034e1caef66b2c80bdcfa9d2b85a44064510bdcfadb2b610726f300ec815b7d35c0805b64510bdcfa392b1f80c4640e0b0877c05387564864946f69f4a5dfd1807464510bdc08a32be0569b6ffc0bdcfa2154adce0b47c80b6e109d2be8808a6f67df2ffab70e5fce508c8cd0d0c52642d63f667f1d4ad4999ba86d80
2026-10-02 11:50:41.876 [SETTLE] exp=2 gold=199369 len=403
2026-10-02 11:50:46.003 [SYS] #ff0000#您已进入野外区域，可能遭遇玩家间的自由对战，请注意安全！#ffffff#
2026-10-02 11:50:46.109 [OP] 4202 inv=FFEF len=16 #1 d5ecdcfab42b1f806adf510be4c4a32b
2026-10-02 11:50:46.110 [OP] 40E0 inv=FED1 len=302 #2 0db252fab6c41f805b64510ba2faa32b1f805b6441fddcfaa32b1f80a8df510bdcfaa32b89455b64fc0bdcfa392b1f804864510ba7e8a32bad805b64120bdcfa082b1f8043df510b82e8a32bad805b6413afdcfa33531f805764510b31c4a32b5d4e5b644cecdcfabf2b1f800d64510b8ffaa32b1f805b64510bdcfaa32b1f805b64510bdcfaa32b1f805b64430bdcfaa32b1f805b64510bdcfaa32b1f805b64
2026-10-02 11:50:46.110 [OP] 40E3 inv=FFD7 len=40 #2 f03bad805c64510bacfabc2bd4801b64db0b6ffabf5384809fdf0b0b0022202b01cec464edd090fa
2026-10-02 11:50:46.110 [OP] 40E2 inv=FFF3 len=12 #2 becdfc0b6fc2a32b45809564
2026-10-02 11:50:46.110 [OP] 4232 inv=FF60 len=159 #1 e5afd0dce0a32b1f4f5b645127dcfaa3de1f805b6f510bdc1c462b1f805b64510bdcfaa32b1f805b64510bdcfaa32b1f805b64510bdcfaa3f89d805b64510bdcb7f82b1f805b6451fb8bfaa32b1f805b4e580bdcfaa32b1f227a64519c52faa3edad805b7c510bdc25a32b1fef5b6451c4dcfaa3d4ad805bbc510bdc6ba32b1f0a5b64510bdcfaa32cd672eca2d661e2b05b931f805b64510bdcfaa32b1f80
2026-10-02 11:50:46.110 [OP] 4232 inv=FF60 len=159 #2 e5afd0dcf4a32b1f8c5b6451fddcfaa3061f805b08510bdcc0202b1f805b64510bdcfaa32b1f805b64510bdcfaa32b1f805b64510bdcfaa34c62805b64510bdc1e392b1f805b6451bf6afaa32b1f805b6eb20bdcfaa32b1f132364512e52faa3b834805be4510bdc02a32b1fef5b6451c4dcfaa31a9d805b02510bdc95a32b1fd35b64510bdcfaa32cd672eca2d6e4e2b05bde1f805bdf510bdcfaa32b1f80
2026-10-02 11:50:46.110 [OP] 4232 inv=FF60 len=159 #3 e5afd0dce0a32b1f8c5b6451c0dcfaa36b1f805b53510bdc38572b1f805b64510bdcfaa32b1f805b64510bdcfaa32b1f805b64510bdcfaa3a2f3805b64510bdcea232b1f805b64515f66faa32b1f805b8e830bdcfaa32b1fb99b64513e52faa33f8a805bef510bdcf0a32b1fef5b6451c4dcfaa3973c805b0b510bdc84db2b1f239564510bdcfaa32cd6724852d6ca10b05b4aca8095f8510bdcfaa32b1f80
2026-10-02 11:50:46.110 [OP] 401B inv=FEB3 len=332 #2 f03bad800d64510b17faa32bb907c464530bdcfa972b1f8099d9510bdcfaa32b53ca5b64510bdcfa0a2b1f805b64510b9bc4a32b1f805b64bc595ab12b21ab805b64510bdcfaa32b1f3b5b640db252fada2b1f802964510bae53a32b1f805b6441fddcfaa32b1f808564510bdcfaa32bcdaa5b64510bdcfa16876c842d43900bdcfaa32b1f805b64510bdcfa8a5dad806f64510b76faa32b75ce5b64510bdcfa
2026-10-02 11:50:46.209 [OP] 4055 inv=FFF7 len=8 #3 becdfc0bdcfaa378
2026-10-02 11:50:46.209 [OP] 40A0 inv=FF07 len=248 #4 becdfc0b8bfadb2b5e605b6439ecdcfadb4ac3548a70b105cd97600e1f805b64510bdcfaa32b1f805b64510bdcfaa32b1f805b64510bdcfaa32b1f8030dfced078c4b1deef125b64e07fdcfadb4ae4f1245d510bdcfaa32b1f805b64510bdcfaa32b1f805b64510bdcfaa32b1f805b64510bdcfaa32b1f806bf84bd0a7e8fcde6fce5b64a9d0dcfadb4a402fed6d510bdcfaa32b1f805b64510bdcfaa32b1f80
2026-10-02 11:50:46.382 [OUT] 0185 inv=FFF7 len=12 #2 f7ff8501dcfaa32bc8d97b81
2026-10-02 11:53:35.807 [OP] 4031 inv=FF64 len=155 #5 935b6151d0dcfaa3531fa4db8c740acb57e554e2a4021f2ef368a2346786b098f990b978b8349a6671ffd856b3d3a234670b1cedde6c3876a2348282d36de074a4b1ef1075e8f26f270094b8b8128eac5daf0572a3965034679694f3b3e1a6b6ccc29b40f32cce4d87f0775131a2b1f389f9140fb35120bb4c848980ef6e165119aeeb837bc06919740e23d0e4346451e49cfc58f33ee554cab00b
2026-10-02 11:54:47.101 [SYS] #ff0000#您已进入野外区域，可能遭遇玩家间的自由对战，请注意安全！#ffffff#
2026-10-02 11:54:47.101 [OP] 40E0 inv=FED1 len=302 #3 0db252fab6c41f805b64510ba2faa32b1f805b6441fddcfaa32b1f80a8df510bdcfaa32b89455b64fc0bdcfa392b1f804864510ba7e8a32bad805b64120bdcfa082b1f8043df510b82e8a32bad805b6413afdcfa33531f805764510b31c4a32b5d4e5b644cecdcfabf2b1f800d64510b8ffaa32b1f805b64510bdcfaa32b1f805b64510bdcfaa32b1f805b64430bdcfaa32b1f805b64510bdcfaa32b1f805b64
2026-10-02 11:54:47.101 [OP] 40E3 inv=FFD7 len=40 #3 f03bad805c64510bacfabc2bd4801b64db0b6ffabf5384809fdf0b0b0022202b01cec464edd090fa
2026-10-02 11:54:47.102 [OP] 40E2 inv=FFF3 len=12 #3 becdfc0b6fc2a32b45809564
2026-10-02 11:54:47.102 [OP] 4232 inv=FF60 len=159 #4 e5afd0dce0a32b1f4f5b645127dcfaa3de1f805b6f510bdc1c462b1f805b64510bdcfaa32b1f805b64510bdcfaa32b1f805b64510bdcfaa3f89d805b64510bdcb7f82b1f805b6451fb8bfaa32b1f805b4e580bdcfaa32b1f227a64519c52faa3edad805b7c510bdc25a32b1fef5b6451c4dcfaa3d4ad805bbc510bdc6ba32b1f0a5b64510bdcfaa32cd672eca2d661e2b05b931f805b64510bdcfaa32b1f80
2026-10-02 11:54:47.102 [OP] 4232 inv=FF60 len=159 #5 e5afd0dcf4a32b1f8c5b6451fddcfaa3061f805b08510bdcc0202b1f805b64510bdcfaa32b1f805b64510bdcfaa32b1f805b64510bdcfaa34c62805b64510bdc1e392b1f805b6451bf6afaa32b1f805b6eb20bdcfaa32b1f132364512e52faa3b834805be4510bdc02a32b1fef5b6451c4dcfaa31a9d805b02510bdc95a32b1fd35b64510bdcfaa32cd672eca2d6e4e2b05bde1f805bdf510bdcfaa32b1f80
2026-10-02 11:54:47.102 [OP] 401B inv=FEB3 len=332 #3 f03bad800d64510b17faa32bb907c464530bdcfa972b1f8099d9510bdcfaa32b53ca5b64510bdcfa0a2b1f805b64510b9bc4a32b1f805b64bc595ab12b21ab805b64510bdcfaa32b1f3b5b640db252fada2b1f802964510bae53a32b1f805b6441fddcfaa32b1f808564510bdcfaa32bcdaa5b64510bdcfa16876c842d43900bdcfaa32b1f805b64510bdcfa8a5dad806f64510b76faa32b75ce5b64510bdcfa
2026-10-02 11:54:47.112 [OUT] 0185 inv=FFF7 len=12 #3 f7ff8501dcfaa32bc8d97b81
2026-10-02 11:54:47.162 [OP] 4202 inv=FFEF len=16 #2 feecdcfab42b1f8056df510bc3c4a32b
2026-10-02 11:54:47.162 [OP] 4055 inv=FFF7 len=8 #4 becdfc0bdcfaa32b
2026-10-02 11:54:47.162 [OP] 40A0 inv=FF7F len=128 #5 becdfc0b909fa32b4f125b644f0bdcfadb4a86550b70510bdcfaa32b1f805b64510bdcfaa32b1f805b64510bdcfaa32b1f805b64510bdcfaa32b1f8039f80dd0d9e8f0deb1605b6439ecdcfadb4ac3548a70b10568bbea0232805b64510bdcfaa32b1f805b64510bdcfaa32b1f805b64510bdcfaa32b1f802edfe0ec0fc46453
2026-10-02 11:55:13.839 [SETTLE] exp=2 gold=199369 len=403
2026-10-02 11:55:35.267 [SETTLE] exp=1 gold=199369 len=403
2026-10-02 11:55:54.390 [SETTLE] exp=1 gold=199369 len=403
2026-10-02 11:56:16.847 [SETTLE] exp=1 gold=199369 len=403
2026-10-02 11:56:34.430 [SETTLE] exp=1 gold=199369 len=403
2026-10-02 11:56:57.550 [SETTLE] exp=1 gold=199369 len=403
2026-10-02 11:57:20.528 [SETTLE] exp=1 gold=199369 len=393
2026-10-02 11:57:43.326 [SETTLE] exp=2 gold=199369 len=393
2026-10-02 11:57:45.454 [SYS] #ff0000#您已进入野外区域，可能遭遇玩家间的自由对战，请注意安全！#ffffff#
2026-10-02 11:57:45.566 [OP] 4202 inv=FFEF len=16 #3 95ecdcfab42b1f8072df510be4c4a32b
2026-10-02 11:57:45.566 [OP] 40E0 inv=FED1 len=302 #4 0db252fab6c41f805b64510ba2faa32b1f805b6441fddcfaa32b1f80a8df510bdcfaa32b89455b64fc0bdcfa392b1f804864510ba7e8a32bad805b64120bdcfa082b1f8043df510b82e8a32bad805b6413afdcfa33531f805764510b31c4a32b5d4e5b644cecdcfabf2b1f800d64510b8ffaa32b1f805b64510bdcfaa32b1f805b64510bdcfaa32b1f805b64430bdcfaa32b1f805b64510bdcfaa32b1f805b64
2026-10-02 11:57:45.567 [OP] 40E3 inv=FFD7 len=40 #4 f03bad805c64510bacfabc2bd4801b64db0b6ffabf5384809fdf0b0b0022202b01cec464edd090fa
2026-10-02 11:57:45.567 [OP] 40E2 inv=FFF3 len=12 #4 becdfc0b6fc2a32b45809564
2026-10-02 11:57:45.567 [OP] 401B inv=FEB3 len=332 #4 f03bad800d64510b17faa32bb907c464530bdcfa972b1f8099d9510bdcfaa32b53ca5b64510bdcfa23531f805b64510b9bc4a32b1f805b64bc595ab12b21ab805b64510bdcfaa32b1fd97b810db252fada2b1f802964510bae53a32b1f805b6441fddcfaa32b1f808564510bdcfaa32bcdaa5b64510bdcfa16876c842d43900bdcfaa32b1f805b6451be289a8a5dad806f64510b76faa32b75ce5b64510bdcfa
2026-10-02 11:57:45.664 [OP] 4055 inv=FFF7 len=8 #5 becdfc0bdcfaa32b
2026-10-02 11:57:45.724 [OUT] 0185 inv=FFF7 len=12 #4 f7ff8501dcfaa32bc8d97b81
2026-10-02 12:00:00.517 [SYS] 许愿池里多了一批新礼物，赶紧来许愿吧~
2026-10-02 12:06:23.911 [QUESTION] {"type":"question","sock":2464,"qno":13,"field_a":89,"stem":"光学物理上把能够自身发光的物体叫做？","options":["1、正能量","2、可能叫这个吧","3、阳光普照","4、光源"]}
2026-10-02 12:06:24.925 [UI] auto dump on question qno=13
2026-10-02 12:06:24.926 [UI] ---- window dump begin (pid 21924) ----
2026-10-02 12:06:25.053 [UI] TOP=00160730 vis=0 cls=QBOvCls rc=(465,442,825,538) title=
2026-10-02 12:06:25.059 [UI] TOP=00190124 vis=1 cls=ATL:012FF210 rc=(125,75,1165,882) title=什么什么大冒险2(①逍遥村敬老院)-伏地魔4_Sep 24 2026《什么什么大冒险》制作委员会QQ群:515616289
2026-10-02 12:06:25.060 [UI] TOP=003C09CE vis=0 cls=DIEmWin rc=(-1,-1,135,38) title=DIEmWin
2026-10-02 12:06:25.453 [UI] TOP=00690D7A vis=0 cls=IME rc=(0,0,0,0) title=Default IME
2026-10-02 12:06:25.464 [UI] TOP=002203D4 vis=0 cls=MSCTFIME UI rc=(0,0,0,0) title=MSCTFIME UI
2026-10-02 12:06:25.470 [UI] TOP=001503F0 vis=0 cls=IME rc=(0,0,0,0) title=Default IME
2026-10-02 12:06:25.470 [UI] TOP=000D06F6 vis=0 cls=IME rc=(0,0,0,0) title=Default IME
2026-10-02 12:06:25.471 [UI] ---- window dump end ----
2026-10-02 12:06:25.693 [SEND-ANSWER] qno=13 opt=3 ret=13 sock=2464
2026-10-02 12:06:25.745 [SYS] 测试通过！
2026-10-02 12:06:25.844 [SYS] 获得了#00FF00#100#FFF692#金币
2026-10-02 12:06:25.844 [CURRENCY] a=199369 b=764149
2026-10-02 12:06:27.501 [UI] auto-closing quiz frame: qno=13 opt=3
2026-10-02 12:06:27.508 [UI] option 3 control NOT found — falling back to digit key
2026-10-02 12:06:28.724 [OUT] 1F04 inv=FFF6 len=13 #3 f6ff041fce1f805bc6510bdc22
2026-10-02 12:16:02.045 [SYS] #ff0000#您已进入野外区域，可能遭遇玩家间的自由对战，请注意安全！#ffffff#
2026-10-02 12:16:02.095 [OP] 4202 inv=FFEF len=16 #4 feecdcfab42b1f80d07f510b2625a32b
2026-10-02 12:16:02.095 [OP] 40E0 inv=FED1 len=302 #5 0db252fab6c41f805b64510ba2faa32b1f805b6441fddcfaa32b1f80a8df510bdcfaa32b89455b64fc0bdcfa392b1f804864510ba7e8a32bad805b64120bdcfa082b1f8043df510b82e8a32bad805b6413afdcfa33531f805764510b31c4a32b5d4e5b644cecdcfabf2b1f800d64510b8ffaa32b1f805b64510bdcfaa32b1f805b64510bdcfaa32b1f805b64430bdcfaa32b1f805b64510bdcfaa32b1f805b64
2026-10-02 12:16:02.096 [OP] 40E3 inv=FFD7 len=40 #5 f03bad805c64510bacfabc2bd4801b64db0b6ffabf5384809fdf0b0b0022202b01cec464edd090fa
2026-10-02 12:16:02.096 [OP] 40E2 inv=FFF3 len=12 #5 becdfc0b6fc2a32b45809564
2026-10-02 12:16:02.097 [OP] 401B inv=FEB3 len=332 #5 f03bad800d64510b17faa32bb907c464530bdcfa972b1f8099d9510bdcfaa32b53ca5b64510bdcfa23531f805b64510b9bc4a32b1f805b64bc595ab12b21ab805b64510bdcfaa32b1f805b640db252fada2b1f802964510bae53a32b1f805b6441fddcfaa32b1f808564510bdcfaa32bcdaa5b64510bdcfa16876c842d43900bdcfaa32b1f805b64510bdcfa8a5dad806f64510b76faa32b75ce5b64510bdcfa
2026-10-02 12:16:02.347 [OUT] 0185 inv=FFF7 len=12 #5 f7ff8501dcfaa32bc8d97b81
2026-10-02 12:16:32.231 [SETTLE] exp=2 gold=199369 len=403
2026-10-02 12:16:52.572 [SETTLE] exp=1 gold=199369 len=403
2026-10-02 12:17:16.786 [SETTLE] exp=1 gold=199369 len=393
2026-10-02 12:17:42.058 [SETTLE] exp=2 gold=199369 len=403
2026-10-02 12:18:03.622 [SETTLE] exp=1 gold=199369 len=393
2026-10-02 12:18:25.984 [SETTLE] exp=1 gold=199369 len=403
2026-10-02 12:18:47.858 [SETTLE] exp=2 gold=199369 len=393
2026-10-02 12:19:10.528 [SETTLE] exp=2 gold=199369 len=403
2026-10-02 12:19:33.995 [SETTLE] exp=2 gold=199369 len=393
2026-10-02 12:19:51.606 [SETTLE] exp=1 gold=199369 len=403
2026-10-02 12:20:11.187 [SETTLE] exp=1 gold=199369 len=403
2026-10-02 12:20:15.451 [SYS] #ff0000#您已进入野外区域，可能遭遇玩家间的自由对战，请注意安全！#ffffff#
2026-10-02 12:20:15.541 [OP] 4202 inv=FFEF len=16 #5 b7ecdcfa572b1f80387f510b80c4a32b
2026-10-02 12:47:09.789 [OUT] 009C inv=FFFB len=8 #1 fbff9c00dcfaa32b
2026-10-02 12:47:09.989 [OP] 42E5 inv=FFE5 len=26 #1 0edf510b155a4e78ca805b64510bdcfaa32b1f805b64510bdcfa
2026-10-02 12:47:20.863 [SYS] #FFF692#交纳传送费用#00CCFF#690#FFF692#金币！
2026-10-02 12:47:21.060 [CURRENCY] a=199369 b=763459
2026-10-02 12:47:21.679 [OUT] 009C inv=FFFB len=8 #2 fbff9c00dcfaa32b
2026-10-02 12:47:21.681 [OUT] 009C inv=FFFB len=8 #3 fbff9c00dcfaa32b
2026-10-02 12:47:21.687 [OUT] 009C inv=FFFB len=8 #4 fbff9c00dcfaa32b
2026-10-02 12:47:21.691 [OUT] 009C inv=FFFB len=8 #5 fbff9c00dcfaa32b
2026-10-02 12:47:22.017 [OP] 42E5 inv=FFE5 len=26 #2 7a64510b20faa32bca0c3cc8065c59cc859a0d869887050bdcfa
2026-10-02 12:47:22.020 [OUT] 0135 inv=FFF7 len=12 #1 f7ff3501dcfaa32b5e805b64
2026-10-02 12:47:22.123 [OP] 42E5 inv=FFE5 len=26 #3 7a64510b20faa32bca0c3cc8065c59cc859a0d869887050bdcfa
2026-10-02 12:47:22.123 [OP] 42E5 inv=FFE5 len=26 #4 7a64510b20faa32bca0c3cc8065c59cc859a0d869887050bdcfa
2026-10-02 12:47:22.124 [OP] 42E5 inv=FFE5 len=26 #5 7a64510b20faa32bca0c3cc8065c59cc859a0d869887050bdcfa
2026-10-02 12:47:22.124 [OP] 42A7 inv=FEE6 len=281 #1 5f6b7f5133dcfaa30062832e058960677f329cdb9ec3538975ceec388294473d4c8260db9048cd942cc35c18755f8f4841572cc35ce656491792383c90db81a552159d31b04f615f1652cb155a4e470b8fdb81a5cb210cf6fe65d97bdd8352155aeb410bd9325382875f5a4e47d88f7e86e675155ab82442836addf65315251ce2c88f6a3cf475f477236f65796a5c8375495b596f5d793b2b526ae0252924c8
2026-10-02 12:47:25.817 [SYS] #FFF692#交纳传送费用#00CCFF#1370#FFF692#金币！
2026-10-02 12:47:25.939 [CURRENCY] a=199369 b=762779
2026-10-02 12:47:30.764 [SYS] #FFF692#交纳传送费用#00CCFF#1810#FFF692#金币！
2026-10-02 12:47:30.872 [SYS] #ff0000#您已进入野外区域，可能遭遇玩家间的自由对战，请注意安全！#ffffff#
2026-10-02 12:47:30.955 [CURRENCY] a=199369 b=762339
2026-10-02 12:47:31.350 [OP] 40A1 inv=FFEB len=20 #1 510bdcfab65d1f809464510be9f4eede4012bb26
2026-10-02 12:47:46.309 [OP] 40A2 inv=FFF3 len=12 #1 dcfaa32bca805b649cf7dcfa
2026-10-02 12:47:53.500 [SETTLE] exp=1 gold=199369 len=393
2026-10-02 12:47:56.409 [SYS] #ff0000#您已进入野外区域，可能遭遇玩家间的自由对战，请注意安全！#ffffff#
2026-10-02 12:48:35.781 [SETTLE] exp=2 gold=199369 len=393
2026-10-02 12:49:16.549 [SETTLE] exp=2 gold=199369 len=393
2026-10-02 12:49:43.377 [SETTLE] exp=1 gold=199369 len=393
2026-10-02 12:50:23.235 [SETTLE] exp=1 gold=199369 len=393
2026-10-02 12:50:52.125 [SETTLE] exp=1 gold=199369 len=393
2026-10-02 12:51:18.391 [SETTLE] exp=1 gold=199369 len=393
2026-10-02 12:51:51.842 [SETTLE] exp=2 gold=199369 len=393
2026-10-02 12:52:20.237 [SETTLE] exp=1 gold=199369 len=393
2026-10-02 12:52:47.539 [SETTLE] exp=2 gold=199369 len=393
2026-10-02 12:53:10.052 [SETTLE] exp=1 gold=199369 len=393
2026-10-02 12:53:39.952 [SETTLE] exp=1 gold=199369 len=393
2026-10-02 12:54:12.901 [SETTLE] exp=2 gold=199369 len=393
2026-10-02 12:54:43.108 [SETTLE] exp=2 gold=199369 len=393
2026-10-02 12:55:12.030 [SETTLE] exp=1 gold=199369 len=393
2026-10-02 12:55:52.787 [SETTLE] exp=1 gold=199369 len=403
2026-10-02 12:56:18.480 [SETTLE] exp=1 gold=199369 len=393
2026-10-02 12:56:49.327 [SETTLE] exp=1 gold=199369 len=403
2026-10-02 12:57:25.361 [SETTLE] exp=2 gold=199369 len=393
2026-10-02 12:57:43.732 [QUESTION] {"type":"question","sock":2464,"qno":5,"field_a":85,"stem":"当红旗向东南飘动时，这时刮的是什么风","options":["1、龙卷风","2、西北风","3、台风","4、珠穆朗玛峰"]}
2026-10-02 12:57:44.736 [UI] auto dump on question qno=5
2026-10-02 12:57:44.737 [UI] ---- window dump begin (pid 21924) ----
2026-10-02 12:57:44.766 [UI] TOP=00160730 vis=0 cls=QBOvCls rc=(465,442,825,538) title=
2026-10-02 12:57:44.772 [UI] TOP=00190124 vis=1 cls=ATL:012FF210 rc=(125,75,1165,882) title=什么什么大冒险2(①逍遥村敬老院)-伏地魔4_Sep 24 2026《什么什么大冒险》制作委员会QQ群:515616289
2026-10-02 12:57:44.772 [UI] TOP=003C09CE vis=0 cls=DIEmWin rc=(-1,-1,135,38) title=DIEmWin
2026-10-02 12:57:45.171 [UI] TOP=00690D7A vis=0 cls=IME rc=(0,0,0,0) title=Default IME
2026-10-02 12:57:45.194 [UI] TOP=002203D4 vis=0 cls=MSCTFIME UI rc=(0,0,0,0) title=MSCTFIME UI
2026-10-02 12:57:45.211 [UI] TOP=001503F0 vis=0 cls=IME rc=(0,0,0,0) title=Default IME
2026-10-02 12:57:45.212 [UI] TOP=000D06F6 vis=0 cls=IME rc=(0,0,0,0) title=Default IME
2026-10-02 12:57:45.212 [UI] ---- window dump end ----
2026-10-02 12:57:45.732 [SEND-ANSWER] qno=5 opt=1 ret=13 sock=2464
2026-10-02 12:57:45.787 [SYS] 测试通过！
2026-10-02 12:57:45.887 [SYS] 获得了#00FF00#100#FFF692#金币
2026-10-02 12:57:45.887 [CURRENCY] a=199369 b=764249
2026-10-02 12:57:47.539 [UI] auto-closing quiz frame: qno=5 opt=1
2026-10-02 12:57:47.561 [UI] option 1 control NOT found — falling back to digit key
2026-10-02 12:57:49.612 [OUT] 1F04 inv=FFF6 len=13 #4 f6ff041fce1f805b6f510bdcc4
2026-10-02 12:57:55.523 [SETTLE] exp=2 gold=199369 len=403
2026-10-02 12:58:26.430 [OP] 4114 inv=FFEF len=16 #1 1207c4647b98dcfab9ce1f80c0f8510b
2026-10-02 12:58:36.140 [SETTLE] exp=1 gold=199369 len=393
2026-10-02 12:59:10.451 [SETTLE] exp=1 gold=199369 len=393
2026-10-02 12:59:38.404 [SETTLE] exp=1 gold=199369 len=393
2026-10-02 13:00:06.815 [SETTLE] exp=2 gold=199369 len=393
2026-10-02 13:00:33.592 [SETTLE] exp=2 gold=199369 len=393
2026-10-02 13:01:01.843 [SETTLE] exp=1 gold=199369 len=393
2026-10-02 13:01:40.395 [SETTLE] exp=2 gold=199369 len=393
2026-10-02 13:02:04.483 [SETTLE] exp=1 gold=199369 len=403
2026-10-02 13:02:33.560 [SETTLE] exp=1 gold=199369 len=393
2026-10-02 13:03:08.875 [SETTLE] exp=2 gold=199369 len=393
2026-10-02 13:03:38.352 [SETTLE] exp=1 gold=199369 len=403
2026-10-02 13:04:10.263 [SETTLE] exp=2 gold=199369 len=393
2026-10-02 13:04:43.503 [SETTLE] exp=1 gold=199369 len=393
2026-10-02 13:05:12.984 [SETTLE] exp=1 gold=199369 len=393
2026-10-02 13:05:46.337 [SETTLE] exp=2 gold=199369 len=393
2026-10-02 13:06:18.159 [SETTLE] exp=2 gold=199369 len=393
2026-10-02 13:06:48.936 [SETTLE] exp=1 gold=199369 len=393
2026-10-02 13:07:21.908 [SETTLE] exp=2 gold=199369 len=393
2026-10-02 13:07:53.408 [SETTLE] exp=1 gold=199369 len=393
2026-10-02 13:08:23.112 [SETTLE] exp=1 gold=199369 len=393
2026-10-02 13:08:54.746 [SETTLE] exp=1 gold=199369 len=393
2026-10-02 13:09:28.009 [SETTLE] exp=1 gold=199369 len=393
2026-10-02 13:09:56.733 [SETTLE] exp=2 gold=199369 len=403
2026-10-02 13:10:30.015 [SETTLE] exp=2 gold=199369 len=393
2026-10-02 13:10:56.836 [SETTLE] exp=1 gold=199369 len=393
2026-10-02 13:11:29.139 [SETTLE] exp=2 gold=199369 len=393
2026-10-02 13:12:06.710 [SETTLE] exp=2 gold=199369 len=393
2026-10-02 13:12:39.987 [SETTLE] exp=2 gold=199369 len=393
2026-10-02 13:13:20.518 [SETTLE] exp=2 gold=199369 len=403
2026-10-02 13:13:53.496 [SETTLE] exp=2 gold=199369 len=393
2026-10-02 13:14:05.430 [QUESTION] {"type":"question","sock":2464,"qno":12,"field_a":82,"stem":"在杠杆上起到支撑作用的那一点叫做？","options":["1、支点","2、上午六点","3、晚上8点","4、少一点"]}
2026-10-02 13:14:06.433 [UI] auto dump on question qno=12
2026-10-02 13:14:06.433 [UI] ---- window dump begin (pid 21924) ----
2026-10-02 13:14:06.450 [UI] TOP=00160730 vis=0 cls=QBOvCls rc=(465,442,825,538) title=
2026-10-02 13:14:06.456 [UI] TOP=00190124 vis=1 cls=ATL:012FF210 rc=(125,75,1165,882) title=什么什么大冒险2(①逍遥村敬老院)-伏地魔4_Sep 24 2026《什么什么大冒险》制作委员会QQ群:515616289
2026-10-02 13:14:06.456 [UI] TOP=003C09CE vis=0 cls=DIEmWin rc=(-1,-1,135,38) title=DIEmWin
2026-10-02 13:14:06.784 [SEND-ANSWER] qno=12 opt=0 ret=13 sock=2464
2026-10-02 13:14:06.838 [SYS] 测试通过！
2026-10-02 13:14:06.851 [UI] TOP=00690D7A vis=0 cls=IME rc=(0,0,0,0) title=Default IME
2026-10-02 13:14:06.872 [UI] TOP=002203D4 vis=0 cls=MSCTFIME UI rc=(0,0,0,0) title=MSCTFIME UI
2026-10-02 13:14:06.908 [UI] TOP=001503F0 vis=0 cls=IME rc=(0,0,0,0) title=Default IME
2026-10-02 13:14:06.910 [UI] TOP=000D06F6 vis=0 cls=IME rc=(0,0,0,0) title=Default IME
2026-10-02 13:14:06.911 [UI] ---- window dump end ----
2026-10-02 13:14:06.930 [SYS] 获得了#00FF00#100#FFF692#金币
2026-10-02 13:14:06.930 [CURRENCY] a=199369 b=764349
2026-10-02 13:14:08.602 [UI] auto-closing quiz frame: qno=12 opt=0
2026-10-02 13:14:08.992 [OUT] 1F04 inv=FFF6 len=13 #5 f6ff041fce1f805bd9510bdcfa
2026-10-02 13:14:20.337 [SETTLE] exp=2 gold=199369 len=393
2026-10-02 13:14:54.285 [SETTLE] exp=2 gold=199369 len=393
2026-10-02 13:15:19.074 [SETTLE] exp=1 gold=199369 len=413
2026-10-02 13:15:19.171 [OP] 46E0 inv=FDF7 len=520 #2 becdfc0b6ffaa32b1207c464580bdcfa68121f805b64a552f45c232bd62f8823f8ace17c6f42ad8066b2c80bdcfa9d2b94dbc364312afafa392b56ced07b490be2c17513c0805b64fc0b90fafd2b1f801c640e0bc41d312b875648647a65fbaeb156d1805b64510bdc08a32bc004a7ddb20bdcfa409bb78c0b47c80b6e109d2b0680d8a93f882ffafd87a1122855bdb19967eb7ca448fb261d4ad4999ba86d80
2026-10-02 13:15:48.512 [SETTLE] exp=2 gold=199369 len=393
2026-10-02 13:16:11.160 [SETTLE] exp=1 gold=199369 len=393
2026-10-02 13:16:43.369 [SETTLE] exp=1 gold=199369 len=393
2026-10-02 13:17:11.883 [SETTLE] exp=1 gold=199369 len=393
2026-10-02 13:17:39.837 [SETTLE] exp=1 gold=199369 len=393
2026-10-02 13:18:08.325 [SETTLE] exp=1 gold=199369 len=393
2026-10-02 13:18:39.218 [SETTLE] exp=2 gold=199369 len=393
2026-10-02 13:18:39.316 [OP] 46E0 inv=FDF7 len=520 #3 becdfc0b6ffaa32bb907c4640e0bdcfa0a121f803bc0510bdcfaa32bd62f8823777a3bc085a3598066b2c80bdcfa9d2b598005cdfed187c402e644a0e68c8cd0815b7d350fc87fa9fc0b98227a2e3aaa5b64a5521595b72b0c3f667fba87bac4a5dfd1805b64510bdc08a32bc7d4c47ffc0bdcfa2154adce0b47c80b6e109d2b2cf68a6f67df2ffa8fde1f80508c8cd08bfaa32bd63f667f1d4ad4999ba86d80
2026-10-02 13:19:01.509 [SETTLE] exp=2 gold=199369 len=393
2026-10-02 13:19:32.000 [SETTLE] exp=1 gold=199369 len=393
2026-10-02 13:19:58.575 [SETTLE] exp=2 gold=199369 len=393
2026-10-02 13:20:27.481 [SETTLE] exp=2 gold=199369 len=393
2026-10-02 13:20:59.045 [SETTLE] exp=1 gold=199369 len=393
2026-10-02 13:21:31.880 [SETTLE] exp=1 gold=199369 len=393
2026-10-02 13:22:00.960 [SETTLE] exp=1 gold=199369 len=393
2026-10-02 13:22:06.292 [OP] 401E inv=FFAD len=82 #1 f03bad8057ecfc0b52faa32bad805b646992dcfa05601f809255510b93b3a32b72ff5b64a552155a4e78c8d92693510b8631a32bc8d97b81a552155a4e78c8d97b81a552dcfaa32b1f805b64510bdcfaa32b
2026-10-02 13:22:08.804 [OP] 401E inv=FFAD len=82 #2 f03bad8057ecfc0b52faa32bad805b646992dcfa05601f803f55510b93b3a32b72ff5b64a552155a4e78c8d92693510b8631a32bc8d97b81a552155a4e78c8d97b81a552dcfaa32b1f805b64510bdcfaa32b
2026-10-02 13:22:14.515 [OP] 401E inv=FFAD len=82 #3 f03bad8057ecfc0b52faa32bad805b646992dcfa05601f809255510b93b3a32b72ff5b64a552155a4e78c8d92693510b8631a32bc8d97b81a552155a4e78c8d97b81a552dcfaa32b1f805b64510bdcfaa32b
2026-10-02 13:22:30.694 [SETTLE] exp=1 gold=199369 len=393
2026-10-02 13:23:14.221 [SETTLE] exp=1 gold=199369 len=393
2026-10-02 13:23:52.608 [SETTLE] exp=1 gold=199369 len=403
2026-10-02 13:24:18.088 [OP] 4708 inv=FFF3 len=12 #1 63cdfc0b540e392b0f805b64
2026-10-02 13:24:29.290 [SETTLE] exp=2 gold=199369 len=393
2026-10-02 13:24:56.960 [SETTLE] exp=2 gold=199369 len=393
2026-10-02 13:25:31.883 [SETTLE] exp=2 gold=199369 len=393
2026-10-02 13:26:00.735 [SETTLE] exp=2 gold=199369 len=393
2026-10-02 13:26:28.864 [SETTLE] exp=1 gold=199369 len=393
2026-10-02 13:27:00.800 [SETTLE] exp=1 gold=199369 len=403
2026-10-02 13:27:00.900 [OP] 46E0 inv=FDF7 len=520 #4 becdfc0b6ffaa32b1207c464580bdcfa724d1f801c64f50b2bd7a3abd62f8823f307267c9ecbad8066b2c80bdcfa9d2b63a75b14d6594cf4392b56ce2e9ffb0b3608a32b69805b64d6a8c099462b1f801c640e0b0f065f2b8b564864746f035b4044d1805b64a552dc08a32b0c805b64fd0bdcfab1e086120b47c80b6e109d2b068045a979132ffa2df2c112b4fcedb12c35b4deebad87261d4ad4999ba86d80
2026-10-02 13:27:34.281 [SETTLE] exp=1 gold=199369 len=393
2026-10-02 13:28:02.132 [SETTLE] exp=1 gold=199369 len=393
2026-10-02 13:28:28.663 [SETTLE] exp=2 gold=199369 len=393
2026-10-02 13:28:58.679 [SETTLE] exp=1 gold=199369 len=393
2026-10-02 13:29:31.047 [SETTLE] exp=1 gold=199369 len=403
2026-10-02 13:30:09.074 [SETTLE] exp=1 gold=199369 len=393
2026-10-02 13:30:37.860 [SETTLE] exp=1 gold=199369 len=393
2026-10-02 13:31:08.556 [SETTLE] exp=1 gold=199369 len=393
2026-10-02 13:31:39.512 [SETTLE] exp=2 gold=199369 len=403
2026-10-02 13:32:04.380 [SETTLE] exp=1 gold=199369 len=403
2026-10-02 13:32:39.092 [SETTLE] exp=2 gold=199369 len=393
2026-10-02 13:33:10.136 [SETTLE] exp=1 gold=199369 len=393
2026-10-02 13:33:37.427 [SETTLE] exp=1 gold=199369 len=403
2026-10-02 13:34:16.793 [SETTLE] exp=2 gold=199369 len=393
2026-10-02 13:34:50.319 [SETTLE] exp=1 gold=199369 len=403
2026-10-02 13:35:18.627 [SETTLE] exp=1 gold=199369 len=393
2026-10-02 13:35:48.108 [SETTLE] exp=1 gold=199369 len=393
2026-10-02 13:36:20.846 [SETTLE] exp=1 gold=199369 len=403
2026-10-02 13:36:48.846 [SETTLE] exp=2 gold=199369 len=393
2026-10-02 13:37:20.975 [SETTLE] exp=1 gold=199369 len=393
2026-10-02 13:37:53.569 [SETTLE] exp=2 gold=199369 len=393
2026-10-02 13:38:28.004 [SETTLE] exp=1 gold=199369 len=403
2026-10-02 13:38:53.535 [SETTLE] exp=2 gold=199369 len=393
2026-10-02 13:39:28.747 [SETTLE] exp=1 gold=199369 len=393
2026-10-02 13:40:00.797 [SETTLE] exp=2 gold=199369 len=393
2026-10-02 13:40:28.110 [SETTLE] exp=2 gold=199369 len=393
2026-10-02 13:40:55.998 [SETTLE] exp=1 gold=199369 len=393
2026-10-02 13:41:23.906 [SETTLE] exp=1 gold=199369 len=393
2026-10-02 13:41:58.970 [SETTLE] exp=1 gold=199369 len=393
2026-10-02 13:42:26.662 [SETTLE] exp=1 gold=199369 len=403
2026-10-02 13:42:26.662 [OP] 46E0 inv=FDF7 len=520 #5 becdfc0b6ffaa32b1207c464580bdcfaa24d1f80b038c6156ffaa32bd62f88236ecb1ac05735041266b2c80bdcfa9d2b1f804864510bdcfa392b56ce621baf0b815b7d35395e58a9510bdcfadd0e32ce1c640e0baf3ab42b58af607fbd8dbac43d46a6801c64510bdc08a32bd983a7dd490bdcfa57b55a4f0b47c80b6e109d2b063fc8ddddcfc3faa32b1f80428aeed052faa32baaaf607f1d4ad4999ba86d80
2026-10-02 13:42:49.906 [SETTLE] exp=2 gold=199369 len=393
2026-10-02 13:43:19.034 [SETTLE] exp=1 gold=199369 len=393
2026-10-02 13:43:48.851 [SETTLE] exp=2 gold=199369 len=393
2026-10-02 13:44:22.276 [SETTLE] exp=1 gold=199369 len=403
2026-10-02 13:45:00.459 [SETTLE] exp=1 gold=199369 len=393
2026-10-02 13:45:25.991 [SETTLE] exp=2 gold=199369 len=393
2026-10-02 13:45:58.430 [SETTLE] exp=2 gold=199369 len=393
2026-10-02 13:46:31.571 [SETTLE] exp=2 gold=199369 len=393
2026-10-02 13:47:02.383 [SETTLE] exp=1 gold=199369 len=393
2026-10-02 13:47:39.789 [SETTLE] exp=2 gold=199369 len=393
2026-10-02 13:48:10.563 [SETTLE] exp=1 gold=199369 len=393
2026-10-02 13:48:50.831 [SETTLE] exp=1 gold=199369 len=393
2026-10-02 13:49:19.104 [SETTLE] exp=2 gold=199369 len=393
2026-10-02 13:49:50.346 [SETTLE] exp=1 gold=199369 len=393
2026-10-02 13:50:19.229 [SETTLE] exp=2 gold=199369 len=393
2026-10-02 13:50:52.181 [SETTLE] exp=2 gold=199369 len=393
2026-10-02 13:51:26.583 [SETTLE] exp=2 gold=199369 len=403
2026-10-02 13:52:02.933 [SETTLE] exp=2 gold=199369 len=403
2026-10-02 13:52:26.963 [SETTLE] exp=1 gold=199369 len=393
2026-10-02 13:53:17.025 [SETTLE] exp=2 gold=199369 len=393
2026-10-02 13:53:48.184 [SETTLE] exp=2 gold=199369 len=393
2026-10-02 13:54:28.887 [SETTLE] exp=1 gold=199369 len=393
2026-10-02 13:54:58.688 [SETTLE] exp=1 gold=199369 len=393
2026-10-02 13:55:28.337 [SETTLE] exp=1 gold=199369 len=393
2026-10-02 13:55:59.789 [SETTLE] exp=1 gold=199369 len=393
2026-10-02 13:56:30.631 [SETTLE] exp=1 gold=199369 len=393
2026-10-02 13:57:03.826 [SETTLE] exp=1 gold=199369 len=393
2026-10-02 13:57:29.854 [SETTLE] exp=1 gold=199369 len=393
2026-10-02 13:57:59.810 [SETTLE] exp=2 gold=199369 len=393
2026-10-02 13:58:33.027 [SETTLE] exp=2 gold=199369 len=393
2026-10-02 13:59:05.582 [SETTLE] exp=1 gold=199369 len=393
2026-10-02 13:59:38.377 [SETTLE] exp=1 gold=199369 len=393
2026-10-02 14:00:10.264 [SETTLE] exp=1 gold=199369 len=393
2026-10-02 14:00:40.140 [SETTLE] exp=1 gold=199369 len=393
2026-10-02 14:01:13.190 [SETTLE] exp=2 gold=199369 len=393
2026-10-02 14:01:45.970 [SETTLE] exp=2 gold=199369 len=393
2026-10-02 14:02:18.220 [SETTLE] exp=2 gold=199369 len=393
2026-10-02 14:02:43.800 [SETTLE] exp=1 gold=199369 len=403
2026-10-02 14:03:15.316 [SETTLE] exp=2 gold=199369 len=393
2026-10-02 14:03:47.762 [SETTLE] exp=2 gold=199369 len=393
2026-10-02 14:04:19.719 [SETTLE] exp=2 gold=199369 len=393
2026-10-02 14:04:54.060 [SETTLE] exp=1 gold=199369 len=393
2026-10-02 14:05:22.954 [SETTLE] exp=1 gold=199369 len=393
2026-10-02 14:05:47.841 [SETTLE] exp=1 gold=199369 len=393
2026-10-02 14:06:23.142 [SETTLE] exp=1 gold=199369 len=393
2026-10-02 14:06:49.771 [SETTLE] exp=2 gold=199369 len=403
2026-10-02 14:07:17.418 [SETTLE] exp=2 gold=199369 len=393
2026-10-02 14:07:44.101 [SETTLE] exp=1 gold=199369 len=393
2026-10-02 14:08:13.545 [SETTLE] exp=2 gold=199369 len=393
2026-10-02 14:08:42.533 [SETTLE] exp=2 gold=199369 len=393
2026-10-02 14:09:06.130 [SETTLE] exp=1 gold=199369 len=393
2026-10-02 14:09:31.246 [SETTLE] exp=2 gold=199369 len=393
2026-10-02 14:10:04.846 [SETTLE] exp=1 gold=199369 len=393
2026-10-02 14:10:40.442 [SETTLE] exp=2 gold=199369 len=393
2026-10-02 14:11:09.959 [SETTLE] exp=2 gold=199369 len=393
2026-10-02 14:11:46.303 [SETTLE] exp=2 gold=199369 len=393
2026-10-02 14:12:14.274 [SETTLE] exp=2 gold=199369 len=403
2026-10-02 14:12:42.239 [SETTLE] exp=2 gold=199369 len=393
2026-10-02 14:13:12.570 [SETTLE] exp=2 gold=199369 len=393
2026-10-02 14:13:42.485 [SETTLE] exp=2 gold=199369 len=393
2026-10-02 14:14:05.775 [SETTLE] exp=2 gold=199369 len=393
2026-10-02 14:14:30.734 [SETTLE] exp=2 gold=199369 len=403
2026-10-02 14:14:59.961 [SETTLE] exp=1 gold=199369 len=403
2026-10-02 14:15:28.326 [SETTLE] exp=2 gold=199369 len=393
2026-10-02 14:15:59.417 [SETTLE] exp=1 gold=199369 len=403
2026-10-02 14:16:27.849 [SETTLE] exp=2 gold=199369 len=393
2026-10-02 14:17:00.572 [SETTLE] exp=1 gold=199369 len=393
2026-10-02 14:17:34.080 [SETTLE] exp=2 gold=199369 len=393
2026-10-02 14:17:59.491 [SETTLE] exp=1 gold=199369 len=393
2026-10-02 14:18:24.475 [SETTLE] exp=2 gold=199369 len=393
2026-10-02 14:18:58.932 [SETTLE] exp=2 gold=199369 len=393
2026-10-02 14:19:33.146 [SETTLE] exp=1 gold=199369 len=393
2026-10-02 14:20:00.197 [SETTLE] exp=1 gold=199369 len=393
2026-10-02 14:20:30.293 [SETTLE] exp=2 gold=199369 len=403
2026-10-02 14:20:58.489 [SETTLE] exp=1 gold=199369 len=393
2026-10-02 14:21:26.382 [SETTLE] exp=2 gold=199369 len=393
2026-10-02 14:21:56.315 [SETTLE] exp=2 gold=199369 len=393
2026-10-02 14:22:25.394 [SETTLE] exp=2 gold=199369 len=393
2026-10-02 14:22:51.681 [SETTLE] exp=2 gold=199369 len=393
2026-10-02 14:23:17.407 [SETTLE] exp=2 gold=199369 len=393
2026-10-02 14:23:42.345 [SETTLE] exp=1 gold=199369 len=393
2026-10-02 14:24:09.578 [SETTLE] exp=1 gold=199369 len=393
2026-10-02 14:24:34.969 [SETTLE] exp=1 gold=199369 len=393
2026-10-02 14:25:10.818 [SETTLE] exp=2 gold=199369 len=403
2026-10-02 14:25:38.152 [SETTLE] exp=2 gold=199369 len=393
2026-10-02 14:26:08.855 [SETTLE] exp=1 gold=199369 len=393
2026-10-02 14:26:39.470 [SETTLE] exp=1 gold=199369 len=393
2026-10-02 14:27:10.773 [SETTLE] exp=1 gold=199369 len=393
2026-10-02 14:27:50.065 [SETTLE] exp=2 gold=199369 len=403
2026-10-02 14:28:18.533 [SETTLE] exp=2 gold=199369 len=393
2026-10-02 14:28:46.911 [SETTLE] exp=1 gold=199369 len=403
2026-10-02 14:29:20.009 [SETTLE] exp=2 gold=199369 len=393
2026-10-02 14:30:00.177 [SETTLE] exp=1 gold=199369 len=393
2026-10-02 14:30:31.881 [SETTLE] exp=1 gold=199369 len=413
2026-10-02 14:31:01.403 [SETTLE] exp=1 gold=199369 len=393
2026-10-02 14:31:20.582 [QUESTION] {"type":"question","sock":2464,"qno":4,"field_a":105,"stem":"一只杜鹃鸟要下蛋了，此时它会怎么做？","options":["1、再生一只","2、扔了它","3、将蛋下到其他鸟的鸟巢里","4、坐着开始孵"]}
2026-10-02 14:31:21.586 [UI] auto dump on question qno=4
2026-10-02 14:31:21.586 [UI] ---- window dump begin (pid 21924) ----
2026-10-02 14:31:21.793 [UI] TOP=00160730 vis=0 cls=QBOvCls rc=(465,442,825,538) title=
2026-10-02 14:31:21.799 [UI] TOP=00190124 vis=1 cls=ATL:012FF210 rc=(125,75,1165,882) title=什么什么大冒险2(①逍遥村敬老院)-伏地魔4_Sep 24 2026《什么什么大冒险》制作委员会QQ群:515616289
2026-10-02 14:31:21.799 [UI] TOP=003C09CE vis=0 cls=DIEmWin rc=(-1,-1,135,38) title=DIEmWin
2026-10-02 14:31:22.170 [SEND-ANSWER] qno=4 opt=2 ret=13 sock=2464
2026-10-02 14:31:22.206 [UI] TOP=00690D7A vis=0 cls=IME rc=(0,0,0,0) title=Default IME
2026-10-02 14:31:22.218 [SYS] 测试通过！
2026-10-02 14:31:22.236 [UI] TOP=002203D4 vis=0 cls=MSCTFIME UI rc=(0,0,0,0) title=MSCTFIME UI
2026-10-02 14:31:22.240 [UI] TOP=001503F0 vis=0 cls=IME rc=(0,0,0,0) title=Default IME
2026-10-02 14:31:22.240 [UI] TOP=000D06F6 vis=0 cls=IME rc=(0,0,0,0) title=Default IME
2026-10-02 14:31:22.240 [UI] ---- window dump end ----
2026-10-02 14:31:22.319 [SYS] 获得了#00FF00#100#FFF692#金币
2026-10-02 14:31:22.319 [CURRENCY] a=199369 b=764449
2026-10-02 14:31:23.980 [UI] auto-closing quiz frame: qno=4 opt=2
2026-10-02 14:31:24.012 [UI] option 2 control NOT found — falling back to digit key
2026-10-02 14:31:30.548 [SETTLE] exp=1 gold=199369 len=393
2026-10-02 14:32:06.352 [SETTLE] exp=1 gold=199369 len=393
2026-10-02 14:32:40.097 [SETTLE] exp=1 gold=199369 len=393
2026-10-02 14:33:09.167 [SETTLE] exp=2 gold=199369 len=403
2026-10-02 14:33:40.285 [SETTLE] exp=1 gold=199369 len=393
2026-10-02 14:34:02.391 [SETTLE] exp=1 gold=199369 len=393
2026-10-02 14:34:29.065 [SETTLE] exp=1 gold=199369 len=403
2026-10-02 14:35:00.913 [SETTLE] exp=1 gold=199369 len=393
2026-10-02 14:35:27.745 [SETTLE] exp=2 gold=199369 len=393
2026-10-02 14:36:04.360 [SETTLE] exp=1 gold=199369 len=393
2026-10-02 14:36:36.252 [SETTLE] exp=2 gold=199369 len=393
2026-10-02 14:37:01.176 [SETTLE] exp=2 gold=199369 len=403
2026-10-02 14:37:35.315 [SETTLE] exp=2 gold=199369 len=393
2026-10-02 14:38:00.844 [SETTLE] exp=1 gold=199369 len=393
2026-10-02 14:38:27.005 [SETTLE] exp=2 gold=199369 len=393
2026-10-02 14:38:54.636 [SETTLE] exp=1 gold=199369 len=393
2026-10-02 14:39:27.701 [SETTLE] exp=1 gold=199369 len=393
2026-10-02 14:40:01.965 [SETTLE] exp=2 gold=199369 len=393
2026-10-02 14:40:35.461 [SETTLE] exp=2 gold=199369 len=393
2026-10-02 14:41:07.524 [SETTLE] exp=2 gold=199369 len=393
2026-10-02 14:41:38.002 [SETTLE] exp=2 gold=199369 len=393
2026-10-02 14:42:10.426 [SETTLE] exp=1 gold=199369 len=393
2026-10-02 14:42:34.976 [SETTLE] exp=2 gold=199369 len=393
2026-10-02 14:43:04.429 [SETTLE] exp=2 gold=199369 len=393
2026-10-02 14:43:30.659 [SETTLE] exp=2 gold=199369 len=393
2026-10-02 14:43:59.534 [SETTLE] exp=2 gold=199369 len=393
2026-10-02 14:44:35.738 [SETTLE] exp=1 gold=199369 len=393
2026-10-02 14:45:09.054 [SETTLE] exp=1 gold=199369 len=393
2026-10-02 14:45:40.581 [SETTLE] exp=2 gold=199369 len=393
2026-10-02 14:46:09.396 [SETTLE] exp=1 gold=199369 len=393
2026-10-02 14:46:49.493 [SETTLE] exp=1 gold=199369 len=393
2026-10-02 14:47:14.388 [SETTLE] exp=2 gold=199369 len=393
2026-10-02 14:47:40.729 [SETTLE] exp=1 gold=199369 len=393
2026-10-02 14:48:10.868 [SETTLE] exp=2 gold=199369 len=393
2026-10-02 14:48:38.408 [SETTLE] exp=2 gold=199369 len=393
2026-10-02 14:49:05.824 [SETTLE] exp=1 gold=199369 len=403
2026-10-02 14:49:29.440 [SETTLE] exp=2 gold=199369 len=393
2026-10-02 14:49:55.780 [SETTLE] exp=1 gold=199369 len=393
2026-10-02 14:50:29.493 [SETTLE] exp=2 gold=199369 len=393
2026-10-02 14:50:51.140 [SETTLE] exp=1 gold=199369 len=393
2026-10-02 14:51:26.779 [SETTLE] exp=1 gold=199369 len=393
2026-10-02 14:51:54.657 [SETTLE] exp=2 gold=199369 len=403
2026-10-02 14:52:24.271 [SETTLE] exp=1 gold=199369 len=393
2026-10-02 14:53:00.752 [SETTLE] exp=2 gold=199369 len=393
2026-10-02 14:53:31.998 [SETTLE] exp=1 gold=199369 len=393
2026-10-02 14:54:03.490 [SETTLE] exp=2 gold=199369 len=393
2026-10-02 14:54:31.252 [SETTLE] exp=1 gold=199369 len=393
2026-10-02 14:54:59.602 [SETTLE] exp=2 gold=199369 len=393
2026-10-02 14:55:31.264 [SETTLE] exp=1 gold=199369 len=413
2026-10-02 14:56:00.965 [SETTLE] exp=2 gold=199369 len=393
2026-10-02 14:56:31.742 [SETTLE] exp=2 gold=199369 len=393
2026-10-02 14:57:02.664 [SETTLE] exp=2 gold=199369 len=393
2026-10-02 14:57:37.184 [SETTLE] exp=2 gold=199369 len=393
2026-10-02 14:58:06.561 [SETTLE] exp=1 gold=199369 len=393
2026-10-02 14:58:42.433 [SETTLE] exp=1 gold=199369 len=393
2026-10-02 14:59:22.465 [SETTLE] exp=2 gold=199369 len=393
2026-10-02 15:00:00.400 [SETTLE] exp=1 gold=199369 len=393
2026-10-02 15:00:33.879 [SETTLE] exp=1 gold=199369 len=393
2026-10-02 15:01:03.667 [SETTLE] exp=1 gold=199369 len=403
2026-10-02 15:01:37.389 [SETTLE] exp=1 gold=199369 len=393
2026-10-02 15:02:08.106 [SETTLE] exp=1 gold=199369 len=393
2026-10-02 15:02:36.485 [SETTLE] exp=2 gold=199369 len=393
2026-10-02 15:03:14.599 [SETTLE] exp=1 gold=199369 len=393
2026-10-02 15:03:51.156 [SETTLE] exp=1 gold=199369 len=393
2026-10-02 15:03:51.247 [OP] 4707 inv=FFF3 len=12 #1 f03bad80c6ecfc0b17faa32b
2026-10-02 15:04:18.509 [SETTLE] exp=2 gold=199369 len=393
2026-10-02 15:04:51.333 [SETTLE] exp=1 gold=199369 len=403
2026-10-02 15:05:19.053 [SETTLE] exp=2 gold=199369 len=393
2026-10-02 15:05:44.092 [SETTLE] exp=1 gold=199369 len=393
2026-10-02 15:06:13.382 [SETTLE] exp=2 gold=199369 len=393
2026-10-02 15:06:45.008 [SETTLE] exp=1 gold=199369 len=403
2026-10-02 15:07:19.800 [SETTLE] exp=1 gold=199369 len=393
2026-10-02 15:07:47.035 [SETTLE] exp=2 gold=199369 len=393
2026-10-02 15:08:15.426 [SETTLE] exp=1 gold=199369 len=393
2026-10-02 15:08:42.431 [SETTLE] exp=2 gold=199369 len=393
2026-10-02 15:09:14.054 [SETTLE] exp=2 gold=199369 len=393
2026-10-02 15:09:37.222 [SETTLE] exp=2 gold=199369 len=393
2026-10-02 15:10:09.543 [SETTLE] exp=2 gold=199369 len=393
2026-10-02 15:10:39.226 [SETTLE] exp=1 gold=199369 len=393
2026-10-02 15:11:06.767 [SETTLE] exp=1 gold=199369 len=393
2026-10-02 15:11:29.362 [SETTLE] exp=2 gold=199369 len=393
2026-10-02 15:11:54.567 [SETTLE] exp=1 gold=199369 len=393
2026-10-02 15:12:23.254 [SETTLE] exp=2 gold=199369 len=393
2026-10-02 15:12:47.398 [SETTLE] exp=2 gold=199369 len=393
2026-10-02 15:13:13.472 [SETTLE] exp=2 gold=199369 len=393
2026-10-02 15:13:36.540 [SETTLE] exp=1 gold=199369 len=393
2026-10-02 15:14:06.122 [SETTLE] exp=2 gold=199369 len=403
2026-10-02 15:14:36.509 [SETTLE] exp=1 gold=199369 len=393
2026-10-02 15:15:04.942 [SETTLE] exp=1 gold=199369 len=403
2026-10-02 15:15:39.690 [SETTLE] exp=2 gold=199369 len=393
2026-10-02 15:16:09.380 [SETTLE] exp=2 gold=199369 len=393
2026-10-02 15:16:35.650 [SETTLE] exp=2 gold=199369 len=393
2026-10-02 15:16:53.320 [SETTLE] exp=1 gold=199369 len=393
2026-10-02 15:17:19.266 [SETTLE] exp=1 gold=199369 len=393
2026-10-02 15:17:47.260 [SETTLE] exp=1 gold=199369 len=393
2026-10-02 15:18:16.034 [SETTLE] exp=1 gold=199369 len=423
2026-10-02 15:18:42.282 [SETTLE] exp=1 gold=199369 len=393
2026-10-02 15:19:08.493 [SETTLE] exp=2 gold=199369 len=393
2026-10-02 15:19:41.499 [SETTLE] exp=1 gold=199369 len=393
2026-10-02 15:20:08.787 [SETTLE] exp=2 gold=199369 len=393
2026-10-02 15:20:40.602 [SETTLE] exp=2 gold=199369 len=393
2026-10-02 15:21:15.455 [SETTLE] exp=1 gold=199369 len=403
2026-10-02 15:21:46.800 [SETTLE] exp=2 gold=199369 len=393
2026-10-02 15:22:21.693 [SETTLE] exp=1 gold=199369 len=403
2026-10-02 15:22:52.566 [SETTLE] exp=2 gold=199369 len=393
2026-10-02 15:23:26.413 [SETTLE] exp=2 gold=199369 len=393
2026-10-02 15:23:58.701 [SETTLE] exp=2 gold=199369 len=393
2026-10-02 15:24:22.253 [SETTLE] exp=2 gold=199369 len=403
2026-10-02 15:24:49.799 [SETTLE] exp=1 gold=199369 len=393
2026-10-02 15:25:17.412 [SETTLE] exp=1 gold=199369 len=413
2026-10-02 15:25:45.896 [SETTLE] exp=1 gold=199369 len=393
2026-10-02 15:26:13.023 [SETTLE] exp=2 gold=199369 len=393
2026-10-02 15:26:37.102 [SETTLE] exp=1 gold=199369 len=393
2026-10-02 15:27:02.883 [SETTLE] exp=1 gold=199369 len=393
2026-10-02 15:27:29.204 [SETTLE] exp=1 gold=199369 len=393
2026-10-02 15:27:59.353 [SETTLE] exp=1 gold=199369 len=393
2026-10-02 15:28:25.059 [SETTLE] exp=2 gold=199369 len=403
2026-10-02 15:28:46.638 [SETTLE] exp=2 gold=199369 len=393
2026-10-02 15:29:13.804 [SETTLE] exp=1 gold=199369 len=393
2026-10-02 15:29:42.126 [SETTLE] exp=1 gold=199369 len=393
2026-10-02 15:30:06.267 [SETTLE] exp=1 gold=199369 len=393
2026-10-02 15:30:37.005 [SETTLE] exp=1 gold=199369 len=393
2026-10-02 15:31:05.099 [SETTLE] exp=2 gold=199369 len=393
2026-10-02 15:31:30.729 [SETTLE] exp=2 gold=199369 len=403
2026-10-02 15:31:59.703 [SETTLE] exp=1 gold=199369 len=393
2026-10-02 15:32:30.363 [SETTLE] exp=2 gold=199369 len=393
2026-10-02 15:33:05.096 [SETTLE] exp=2 gold=199369 len=393
2026-10-02 15:33:36.754 [SETTLE] exp=1 gold=199369 len=403
2026-10-02 15:33:58.617 [SETTLE] exp=2 gold=199369 len=393
2026-10-02 15:34:25.862 [SETTLE] exp=2 gold=199369 len=393
2026-10-02 15:34:56.694 [SETTLE] exp=2 gold=199369 len=393
2026-10-02 15:35:28.047 [SETTLE] exp=1 gold=199369 len=393
2026-10-02 15:36:05.913 [SETTLE] exp=1 gold=199369 len=393
2026-10-02 15:36:32.963 [SETTLE] exp=2 gold=199369 len=393
2026-10-02 15:36:58.715 [SETTLE] exp=2 gold=199369 len=393
2026-10-02 15:37:22.275 [SETTLE] exp=1 gold=199369 len=393
2026-10-02 15:37:49.761 [SETTLE] exp=2 gold=199369 len=403
2026-10-02 15:38:16.277 [SETTLE] exp=1 gold=199369 len=393
2026-10-02 15:38:41.937 [SETTLE] exp=1 gold=199369 len=393
2026-10-02 15:39:06.891 [SETTLE] exp=2 gold=199369 len=393
2026-10-02 15:39:33.262 [SETTLE] exp=2 gold=199369 len=403
2026-10-02 15:40:03.018 [SETTLE] exp=2 gold=199369 len=393
2026-10-02 15:40:35.482 [SETTLE] exp=2 gold=199369 len=393
2026-10-02 15:41:04.615 [SETTLE] exp=2 gold=199369 len=393
2026-10-02 15:41:34.642 [SETTLE] exp=2 gold=199369 len=393
2026-10-02 15:41:46.578 [OP] 4344 inv=FFF7 len=8 #1 becdfc0b4902392b
2026-10-02 15:41:50.058 [OP] 4345 inv=FFF7 len=8 #1 53c2392b57e7c464
2026-10-02 15:41:59.823 [SETTLE] exp=2 gold=199369 len=393
2026-10-02 15:42:21.808 [SETTLE] exp=2 gold=199369 len=403
2026-10-02 15:42:43.065 [OP] 4344 inv=FFF7 len=8 #2 becdfc0b4902392b
2026-10-02 15:42:45.446 [OP] 4345 inv=FFF7 len=8 #2 53c2392b57e7c464
2026-10-02 15:42:52.837 [SETTLE] exp=2 gold=199369 len=393
2026-10-02 15:43:27.775 [SETTLE] exp=2 gold=199369 len=393
2026-10-02 15:43:59.892 [SETTLE] exp=2 gold=199369 len=393
2026-10-02 15:44:30.982 [SETTLE] exp=2 gold=199369 len=393
2026-10-02 15:45:03.488 [SETTLE] exp=1 gold=199369 len=403
2026-10-02 15:45:33.425 [SETTLE] exp=2 gold=199369 len=393
2026-10-02 15:46:02.554 [SETTLE] exp=1 gold=199369 len=393
2026-10-02 15:46:27.538 [SETTLE] exp=2 gold=199369 len=393
2026-10-02 15:46:53.308 [SETTLE] exp=2 gold=199369 len=403
2026-10-02 15:47:21.631 [SETTLE] exp=1 gold=199369 len=393
2026-10-02 15:47:45.384 [SETTLE] exp=2 gold=199369 len=393
2026-10-02 15:48:14.875 [SETTLE] exp=2 gold=199369 len=393
2026-10-02 15:48:40.915 [SETTLE] exp=1 gold=199369 len=393
2026-10-02 15:49:07.534 [SETTLE] exp=1 gold=199369 len=403
2026-10-02 15:49:32.406 [SETTLE] exp=1 gold=199369 len=393
2026-10-02 15:50:01.056 [SETTLE] exp=2 gold=199369 len=393
2026-10-02 15:50:26.792 [SETTLE] exp=2 gold=199369 len=393
2026-10-02 15:51:01.398 [SETTLE] exp=2 gold=199369 len=393
2026-10-02 15:51:28.236 [SETTLE] exp=1 gold=199369 len=403
2026-10-02 15:51:59.379 [SETTLE] exp=1 gold=199369 len=393
2026-10-02 15:52:26.406 [SETTLE] exp=1 gold=199369 len=393
2026-10-02 15:53:00.883 [SETTLE] exp=2 gold=199369 len=393
2026-10-02 15:53:07.149 [QUESTION] {"type":"question","sock":2464,"qno":16,"field_a":88,"stem":"人们在动物园里看到的俗称\"四不象\"的动物是?","options":["1、驯兽师","2、猩猩队长","3、麋鹿","4、霸天虎"]}
2026-10-02 15:53:08.177 [UI] auto dump on question qno=16
2026-10-02 15:53:08.179 [UI] ---- window dump begin (pid 21924) ----
2026-10-02 15:53:08.398 [UI] TOP=00160730 vis=0 cls=QBOvCls rc=(465,442,825,538) title=
2026-10-02 15:53:08.403 [UI] TOP=00190124 vis=1 cls=ATL:012FF210 rc=(125,75,1165,882) title=什么什么大冒险2(①逍遥村敬老院)-伏地魔4_Sep 24 2026《什么什么大冒险》制作委员会QQ群:515616289
2026-10-02 15:53:08.403 [UI] TOP=003C09CE vis=0 cls=DIEmWin rc=(-1,-1,135,38) title=DIEmWin
2026-10-02 15:53:08.808 [UI] TOP=00690D7A vis=0 cls=IME rc=(0,0,0,0) title=Default IME
2026-10-02 15:53:08.808 [UI] TOP=002203D4 vis=0 cls=MSCTFIME UI rc=(0,0,0,0) title=MSCTFIME UI
2026-10-02 15:53:08.834 [UI] TOP=001503F0 vis=0 cls=IME rc=(0,0,0,0) title=Default IME
2026-10-02 15:53:08.834 [UI] TOP=000D06F6 vis=0 cls=IME rc=(0,0,0,0) title=Default IME
2026-10-02 15:53:08.838 [UI] ---- window dump end ----
2026-10-02 15:53:10.524 [SEND-ANSWER] qno=16 opt=2 ret=13 sock=2464
2026-10-02 15:53:10.575 [SYS] 测试通过！
2026-10-02 15:53:10.680 [SYS] 获得了#00FF00#100#FFF692#金币
2026-10-02 15:53:10.680 [CURRENCY] a=199369 b=764549
2026-10-02 15:53:12.341 [UI] auto-closing quiz frame: qno=16 opt=2
2026-10-02 15:53:12.343 [UI] option 2 control NOT found — falling back to digit key
2026-10-02 15:53:25.819 [SETTLE] exp=2 gold=199369 len=393
2026-10-02 15:53:49.430 [SETTLE] exp=2 gold=199369 len=393
2026-10-02 15:54:17.269 [SETTLE] exp=1 gold=199369 len=393
2026-10-02 15:54:44.983 [SETTLE] exp=1 gold=199369 len=393
2026-10-02 15:55:12.569 [SETTLE] exp=2 gold=199369 len=393
2026-10-02 15:55:44.447 [SETTLE] exp=2 gold=199369 len=393
2026-10-02 15:56:15.530 [SETTLE] exp=1 gold=199369 len=393
2026-10-02 15:56:48.082 [SETTLE] exp=1 gold=199369 len=393
2026-10-02 15:57:17.388 [SETTLE] exp=2 gold=199369 len=393
2026-10-02 15:57:46.672 [SETTLE] exp=2 gold=199369 len=393
2026-10-02 15:58:16.769 [SETTLE] exp=1 gold=199369 len=393
2026-10-02 15:58:48.861 [SETTLE] exp=2 gold=199369 len=393
2026-10-02 15:59:12.956 [SETTLE] exp=2 gold=199369 len=393
2026-10-02 15:59:37.980 [SETTLE] exp=1 gold=199369 len=403
2026-10-02 16:00:00.401 [SYS] 许愿池里多了一批新礼物，赶紧来许愿吧~
2026-10-02 16:00:06.990 [SETTLE] exp=2 gold=199369 len=393
2026-10-02 16:00:36.621 [SETTLE] exp=2 gold=199369 len=393
2026-10-02 16:01:07.985 [SETTLE] exp=2 gold=199369 len=393
2026-10-02 16:01:39.517 [SETTLE] exp=2 gold=199369 len=393
2026-10-02 16:02:04.348 [SETTLE] exp=2 gold=199369 len=393
2026-10-02 16:02:31.091 [SETTLE] exp=1 gold=199369 len=393
2026-10-02 16:02:55.107 [SETTLE] exp=1 gold=199369 len=393
2026-10-02 16:03:23.608 [SETTLE] exp=1 gold=199369 len=393
2026-10-02 16:03:45.380 [SETTLE] exp=1 gold=199369 len=393
2026-10-02 16:04:10.121 [SETTLE] exp=2 gold=199369 len=393
2026-10-02 16:04:38.771 [SETTLE] exp=2 gold=199369 len=393
2026-10-02 16:05:05.989 [SETTLE] exp=2 gold=199369 len=393
2026-10-02 16:05:37.554 [SETTLE] exp=2 gold=199369 len=393
2026-10-02 16:06:06.111 [SETTLE] exp=1 gold=199369 len=393
2026-10-02 16:06:28.485 [SETTLE] exp=1 gold=199369 len=393
2026-10-02 16:06:52.018 [SETTLE] exp=2 gold=199369 len=393
2026-10-02 16:07:14.569 [SETTLE] exp=2 gold=199369 len=413
2026-10-02 16:07:54.083 [SETTLE] exp=1 gold=199369 len=393
2026-10-02 16:08:20.208 [SETTLE] exp=2 gold=199369 len=393
2026-10-02 16:08:45.669 [SETTLE] exp=2 gold=199369 len=423
2026-10-02 16:09:18.417 [SETTLE] exp=2 gold=199369 len=393
2026-10-02 16:09:47.528 [SETTLE] exp=2 gold=199369 len=393
2026-10-02 16:10:12.354 [SETTLE] exp=2 gold=199369 len=393
2026-10-02 16:10:39.144 [SETTLE] exp=2 gold=199369 len=393
2026-10-02 16:11:08.508 [SETTLE] exp=1 gold=199369 len=393
2026-10-02 16:11:35.026 [SETTLE] exp=2 gold=199369 len=393
2026-10-02 16:12:04.162 [SETTLE] exp=1 gold=199369 len=393
2026-10-02 16:12:37.048 [SETTLE] exp=2 gold=199369 len=393
2026-10-02 16:13:06.462 [SETTLE] exp=2 gold=199369 len=393
2026-10-02 16:13:40.188 [SETTLE] exp=1 gold=199369 len=393
2026-10-02 16:14:04.195 [SETTLE] exp=2 gold=199369 len=393
2026-10-02 16:14:27.795 [SETTLE] exp=2 gold=199369 len=393
2026-10-02 16:14:53.029 [SETTLE] exp=1 gold=199369 len=393
2026-10-02 16:15:17.564 [SETTLE] exp=2 gold=199369 len=393
2026-10-02 16:15:45.196 [SETTLE] exp=2 gold=199369 len=393
2026-10-02 16:16:13.654 [SETTLE] exp=2 gold=199369 len=403
2026-10-02 16:16:34.166 [SETTLE] exp=2 gold=199369 len=393
2026-10-02 16:17:04.598 [SETTLE] exp=2 gold=199369 len=393
2026-10-02 16:17:28.622 [SETTLE] exp=1 gold=199369 len=403
2026-10-02 16:17:58.275 [SETTLE] exp=2 gold=199369 len=403
2026-10-02 16:18:29.777 [SETTLE] exp=1 gold=199369 len=393
2026-10-02 16:19:07.959 [SETTLE] exp=1 gold=199369 len=393
2026-10-02 16:19:33.518 [SETTLE] exp=1 gold=199369 len=403
2026-10-02 16:19:40.621 [OP] 4705 inv=FFB8 len=71 #4 5f6b7f51e3a722a33767ce5b0afc0bdcfaa32b1fd0c464510bdcfaa35aca805b64510bdc20f82b1f805b645131dcfaa3e21f805b54518507d90e6c9f805b64510bdcfaa32b1f80
2026-10-02 16:20:10.759 [SETTLE] exp=2 gold=199369 len=403
2026-10-02 16:20:12.493 [OP] 401E inv=FFAD len=82 #4 f03bad80c6ecfc0b52faa32b1f805b64a552155a4e78c8d9dffc510badb3a32bc8d97b81a552155a4e78c8d91793510b155a4e7888765b64a552155a4e78c8d97b81a552dcfaa32b1f805b64510bdcfaa32b
2026-10-02 16:20:35.500 [SETTLE] exp=2 gold=199369 len=393
2026-10-02 16:21:04.129 [SETTLE] exp=2 gold=199369 len=393
2026-10-02 16:21:04.233 [OP] 4707 inv=FFF3 len=12 #2 f03bad80c6ecfc0b17faa32b
2026-10-02 16:21:36.294 [SETTLE] exp=1 gold=199369 len=393
2026-10-02 16:21:41.377 [SYS] #ff0000#您已进入野外区域，可能遭遇玩家间的自由对战，请注意安全！#ffffff#
2026-10-02 16:21:41.732 [OUT] 0135 inv=FFF7 len=12 #2 f7ff3501dcfaa32ba8805b64
2026-10-02 16:21:41.830 [OP] 42A7 inv=FEE6 len=281 #2 5f6b7f5181dcfaa361b527e02ed740b6646c61b527e02ed740b6c9c1c15f9afa0ee2ccc000c161b527fa5d8cd6fcc93ad2a2d0fac0d50bb6649bbf2cb677218c8fd585c112a213e02ed5a312ff44ad2abfd2f0c675dc006c6171d0c53ec70fb3e667d1a8bf0b5dd7403819d1562ca67ef3faaa32789bd2b5275bc06d62bc213afeb98277178cd6b664a32457314e131fe307213a56017de02e518c588244d1b7
2026-10-02 16:21:44.734 [OP] 40A1 inv=FFEB len=20 #2 510bdcfab65d1f809464510b92f4a6dee2ef1226
2026-10-02 16:21:48.848 [OP] 40A1 inv=FFEB len=20 #3 510bdcfab65d1f809464510b2dae954a4f124b7f
2026-10-02 16:21:50.357 [OP] 40A2 inv=FFF3 len=12 #2 dcfaa32bca805b640bf8dcfa
2026-10-02 16:21:51.513 [OP] 4705 inv=FFB8 len=71 #5 5f6b7f51e3a722a33767ce5b0afc0bdcfaa32b1fd0c464510bdcfaa3eaca805b64510bdc36f82b1f805b645131dcfaa3e21f805b54518507d90e6c9f805b64510bdcfaa32b1f80
2026-10-02 16:21:55.449 [SYS] #ff0000#您已进入野外区域，可能遭遇玩家间的自由对战，请注意安全！#ffffff#
2026-10-02 16:22:36.295 [SETTLE] exp=2 gold=199369 len=393
2026-10-02 16:23:05.793 [SETTLE] exp=1 gold=199369 len=393
2026-10-02 16:23:31.989 [SETTLE] exp=2 gold=199369 len=393
2026-10-02 16:24:03.608 [SETTLE] exp=2 gold=199369 len=393
2026-10-02 16:24:36.542 [SETTLE] exp=2 gold=199369 len=393
2026-10-02 16:25:03.340 [SETTLE] exp=1 gold=199369 len=393
2026-10-02 16:25:04.984 [OP] 401E inv=FFAD len=82 #5 f03bad80a0ecfc0b52faa32b1f805b64ca92dcfa4e78c8d95255510b2a9ea32bc8d97b81a552155a1c461f80a69a510bfd02a32b88765b64a552155a4e78c8d97b81a552dcfaa32b1f805b64510bdcfaa32b
2026-10-02 16:25:25.606 [SETTLE] exp=2 gold=199369 len=403
2026-10-02 16:25:54.445 [SETTLE] exp=2 gold=199369 len=393
2026-10-02 16:26:28.133 [SETTLE] exp=1 gold=199369 len=393
2026-10-02 16:26:51.708 [SETTLE] exp=1 gold=199369 len=393
2026-10-02 16:27:12.826 [SETTLE] exp=1 gold=199369 len=393
2026-10-02 16:27:41.749 [SETTLE] exp=1 gold=199369 len=403
2026-10-02 16:28:15.210 [SETTLE] exp=1 gold=199369 len=403
2026-10-02 16:29:02.818 [SETTLE] exp=1 gold=199369 len=393
2026-10-02 16:29:29.919 [OP] 4114 inv=FFEF len=16 #2 1207c4647b98dcfa43ff1f8027f8510b
2026-10-02 16:29:29.919 [OP] 4114 inv=FFEF len=16 #3 1207c4647b98dcfae8931f8057f8510b
2026-10-02 16:29:29.919 [OP] 4114 inv=FFEF len=16 #4 1207c4647b98dcfa9b931f80a164510b
2026-10-02 16:29:29.919 [OP] 4114 inv=FFEF len=16 #5 1207c4647b98dcfa804a1f80d0f8510b
2026-10-02 16:29:50.984 [SETTLE] exp=2 gold=199369 len=393
2026-10-02 16:30:21.973 [SETTLE] exp=2 gold=199369 len=393
2026-10-02 16:31:05.505 [SETTLE] exp=2 gold=199369 len=403
2026-10-02 16:31:35.912 [SETTLE] exp=2 gold=199369 len=393
2026-10-02 16:32:03.429 [SETTLE] exp=2 gold=199369 len=393
2026-10-02 16:32:30.696 [SETTLE] exp=2 gold=199369 len=403
2026-10-02 16:32:56.135 [SETTLE] exp=2 gold=199369 len=393
2026-10-02 16:33:26.405 [SETTLE] exp=1 gold=199369 len=403
2026-10-02 16:34:04.168 [SETTLE] exp=2 gold=199369 len=393
2026-10-02 16:34:32.186 [SETTLE] exp=1 gold=199369 len=393
2026-10-02 16:35:05.586 [SETTLE] exp=2 gold=199369 len=393
2026-10-02 16:35:34.861 [SETTLE] exp=2 gold=199369 len=393
2026-10-02 16:36:02.719 [SETTLE] exp=2 gold=199369 len=393
2026-10-02 16:36:27.354 [SETTLE] exp=2 gold=199369 len=393
2026-10-02 16:36:56.900 [SETTLE] exp=2 gold=199369 len=393
2026-10-02 16:37:29.339 [SETTLE] exp=2 gold=199369 len=393
2026-10-02 16:37:58.896 [SETTLE] exp=2 gold=199369 len=403
2026-10-02 16:38:28.909 [SETTLE] exp=2 gold=199369 len=393
2026-10-02 16:39:06.922 [SETTLE] exp=2 gold=199369 len=393
2026-10-02 16:40:02.175 [SETTLE] exp=2 gold=199369 len=393
2026-10-02 16:40:29.890 [SETTLE] exp=1 gold=199369 len=393
2026-10-02 16:41:15.300 [SETTLE] exp=2 gold=199369 len=393
2026-10-02 16:41:44.231 [SETTLE] exp=2 gold=199369 len=403
2026-10-02 16:42:16.696 [SETTLE] exp=2 gold=199369 len=393
2026-10-02 16:42:40.537 [SETTLE] exp=2 gold=199369 len=393
2026-10-02 16:43:02.276 [SETTLE] exp=2 gold=199369 len=403
2026-10-02 16:43:32.947 [SETTLE] exp=1 gold=199369 len=403
2026-10-02 16:43:58.157 [SETTLE] exp=1 gold=199369 len=393
2026-10-02 16:44:34.101 [SETTLE] exp=1 gold=199369 len=393
2026-10-02 16:45:09.567 [SETTLE] exp=1 gold=199369 len=393
2026-10-02 16:45:47.767 [SETTLE] exp=2 gold=199369 len=403
2026-10-02 16:46:10.568 [SETTLE] exp=2 gold=199369 len=403
2026-10-02 16:46:40.110 [SETTLE] exp=1 gold=199369 len=393
2026-10-02 16:47:07.995 [SETTLE] exp=2 gold=199369 len=393
2026-10-02 16:47:36.400 [SETTLE] exp=1 gold=199369 len=393
2026-10-02 16:48:08.134 [SETTLE] exp=2 gold=199369 len=393
2026-10-02 16:48:38.745 [SETTLE] exp=1 gold=199369 len=403
2026-10-02 16:49:00.895 [SETTLE] exp=2 gold=199369 len=403
2026-10-02 16:49:44.521 [SETTLE] exp=1 gold=199369 len=393
2026-10-02 16:49:44.619 [QUESTION] {"type":"question","sock":2464,"qno":18,"field_a":79,"stem":"以下属于我国珍惜保护动物的是？","options":["1、火麒麟","2、藏羚羊","3、猩猩队长","4、霸天虎"]}
2026-10-02 16:49:45.620 [UI] auto dump on question qno=18
2026-10-02 16:49:45.620 [UI] ---- window dump begin (pid 21924) ----
2026-10-02 16:49:45.864 [UI] TOP=00160730 vis=0 cls=QBOvCls rc=(465,442,825,538) title=
2026-10-02 16:49:45.871 [UI] TOP=00190124 vis=1 cls=ATL:012FF210 rc=(125,75,1165,882) title=什么什么大冒险2(①逍遥村敬老院)-伏地魔4_Sep 24 2026《什么什么大冒险》制作委员会QQ群:515616289
2026-10-02 16:49:45.871 [UI] TOP=003C09CE vis=0 cls=DIEmWin rc=(-1,-1,135,38) title=DIEmWin
2026-10-02 16:49:46.265 [UI] TOP=00690D7A vis=0 cls=IME rc=(0,0,0,0) title=Default IME
2026-10-02 16:49:46.271 [UI] TOP=002203D4 vis=0 cls=MSCTFIME UI rc=(0,0,0,0) title=MSCTFIME UI
2026-10-02 16:49:46.288 [UI] TOP=001503F0 vis=0 cls=IME rc=(0,0,0,0) title=Default IME
2026-10-02 16:49:46.289 [UI] TOP=000D06F6 vis=0 cls=IME rc=(0,0,0,0) title=Default IME
2026-10-02 16:49:46.289 [UI] ---- window dump end ----
2026-10-02 16:49:50.901 [SEND-ANSWER] qno=18 opt=1 ret=13 sock=2464
2026-10-02 16:49:50.960 [SYS] 测试通过！
2026-10-02 16:49:51.056 [SYS] 获得了#00FF00#100#FFF692#金币
2026-10-02 16:49:51.056 [CURRENCY] a=199369 b=764649
2026-10-02 16:49:52.707 [UI] auto-closing quiz frame: qno=18 opt=1
2026-10-02 16:49:52.720 [UI] option 1 control NOT found — falling back to digit key
2026-10-02 16:50:22.713 [SETTLE] exp=1 gold=199369 len=403
2026-10-02 16:50:59.696 [SETTLE] exp=2 gold=199369 len=393
2026-10-02 16:51:39.866 [SETTLE] exp=2 gold=199369 len=403
2026-10-02 16:52:07.189 [SETTLE] exp=1 gold=199369 len=393
2026-10-02 16:52:49.629 [SETTLE] exp=2 gold=199369 len=393
2026-10-02 16:53:19.396 [SETTLE] exp=2 gold=199369 len=393
2026-10-02 16:53:54.185 [SETTLE] exp=2 gold=199369 len=393
2026-10-02 16:54:17.560 [SETTLE] exp=2 gold=199369 len=393
2026-10-02 16:54:38.979 [SETTLE] exp=2 gold=199369 len=393
2026-10-02 16:55:09.690 [SETTLE] exp=2 gold=199369 len=393
2026-10-02 16:55:44.751 [SETTLE] exp=2 gold=199369 len=393
2026-10-02 16:56:18.154 [SETTLE] exp=2 gold=199369 len=393
2026-10-02 16:56:52.838 [SETTLE] exp=1 gold=199369 len=393
2026-10-02 16:57:23.263 [SETTLE] exp=2 gold=199369 len=393
2026-10-02 16:57:47.972 [SETTLE] exp=1 gold=199369 len=403
2026-10-02 16:58:10.544 [SETTLE] exp=1 gold=199369 len=403
2026-10-02 16:58:33.341 [SETTLE] exp=1 gold=199369 len=393
2026-10-02 16:58:55.262 [SETTLE] exp=2 gold=199369 len=403
2026-10-02 16:59:26.203 [SETTLE] exp=2 gold=199369 len=393
2026-10-02 16:59:55.741 [SETTLE] exp=2 gold=199369 len=393
2026-10-02 17:00:21.795 [SETTLE] exp=1 gold=199369 len=393
2026-10-02 17:00:42.579 [SETTLE] exp=2 gold=199369 len=393
2026-10-02 17:01:16.195 [SETTLE] exp=2 gold=199369 len=393
2026-10-02 17:01:16.295 [OP] 4707 inv=FFF3 len=12 #3 f03bad80a0ecfc0b17faa32b
2026-10-02 17:01:44.396 [SETTLE] exp=1 gold=199369 len=393
2026-10-02 17:02:14.395 [SETTLE] exp=1 gold=199369 len=403
2026-10-02 17:02:49.265 [SETTLE] exp=1 gold=199369 len=393
2026-10-02 17:03:15.235 [SETTLE] exp=2 gold=199369 len=403
2026-10-02 17:03:42.076 [SETTLE] exp=1 gold=199369 len=393
2026-10-02 17:04:02.379 [SETTLE] exp=2 gold=199369 len=393
2026-10-02 17:04:21.541 [SETTLE] exp=1 gold=199369 len=393
2026-10-02 17:04:45.368 [SETTLE] exp=2 gold=199369 len=393
2026-10-02 17:05:11.815 [SETTLE] exp=2 gold=199369 len=403
2026-10-02 17:05:33.480 [SETTLE] exp=1 gold=199369 len=393
2026-10-02 17:06:00.745 [SETTLE] exp=2 gold=199369 len=393
2026-10-02 17:06:26.512 [SETTLE] exp=1 gold=199369 len=393
2026-10-02 17:06:56.647 [SETTLE] exp=2 gold=199369 len=393
2026-10-02 17:07:18.976 [SETTLE] exp=2 gold=199369 len=393
2026-10-02 17:07:41.613 [SETTLE] exp=2 gold=199369 len=393
2026-10-02 17:08:04.855 [SETTLE] exp=2 gold=199369 len=403
2026-10-02 17:08:30.328 [SETTLE] exp=2 gold=199369 len=393
2026-10-02 17:08:57.098 [SETTLE] exp=1 gold=199369 len=393
2026-10-02 17:09:18.823 [SETTLE] exp=2 gold=199369 len=393
2026-10-02 17:10:03.244 [SETTLE] exp=2 gold=199369 len=393
2026-10-02 17:10:03.337 [OP] 4707 inv=FFF3 len=12 #4 f03bad80c6ecfc0b17faa32b
2026-10-02 17:10:31.658 [SETTLE] exp=2 gold=199369 len=393
2026-10-02 17:10:56.018 [SETTLE] exp=2 gold=199369 len=403
2026-10-02 17:11:17.023 [SETTLE] exp=2 gold=199369 len=403
2026-10-02 17:11:43.592 [SETTLE] exp=1 gold=199369 len=403
2026-10-02 17:12:05.907 [SETTLE] exp=2 gold=199369 len=393
2026-10-02 17:12:32.772 [SETTLE] exp=1 gold=199369 len=403
2026-10-02 17:12:58.835 [SETTLE] exp=1 gold=199369 len=393
2026-10-02 17:13:20.053 [SETTLE] exp=1 gold=199369 len=393
2026-10-02 17:13:44.836 [SETTLE] exp=2 gold=199369 len=393
2026-10-02 17:14:10.428 [SETTLE] exp=1 gold=199369 len=393
2026-10-02 17:14:36.223 [SETTLE] exp=2 gold=199369 len=393
2026-10-02 17:15:04.920 [SETTLE] exp=1 gold=199369 len=393
2026-10-02 17:15:30.377 [SETTLE] exp=1 gold=199369 len=393
2026-10-02 17:15:56.392 [SETTLE] exp=1 gold=199369 len=393
2026-10-02 17:16:22.658 [SETTLE] exp=2 gold=199369 len=393
2026-10-02 17:16:45.868 [SETTLE] exp=2 gold=199369 len=403
2026-10-02 17:17:09.525 [SETTLE] exp=2 gold=199369 len=393
2026-10-02 17:17:28.075 [SETTLE] exp=2 gold=199369 len=393
2026-10-02 17:17:47.363 [SETTLE] exp=1 gold=199369 len=393
2026-10-02 17:18:13.161 [SETTLE] exp=2 gold=199369 len=403
2026-10-02 17:18:44.036 [SETTLE] exp=2 gold=199369 len=393
2026-10-02 17:19:11.163 [SETTLE] exp=1 gold=199369 len=393
2026-10-02 17:19:30.254 [SETTLE] exp=1 gold=199369 len=393
2026-10-02 17:19:56.497 [SETTLE] exp=1 gold=199369 len=393
2026-10-02 17:20:16.783 [SETTLE] exp=2 gold=199369 len=403
2026-10-02 17:20:27.083 [QUESTION] {"type":"question","sock":2464,"qno":9,"field_a":75,"stem":".丝绸摩擦过的玻璃棒带哪种电?","options":["1、闪电侠","2、静电","3、闪电箭","4、闪电风暴"]}
2026-10-02 17:20:28.095 [UI] auto dump on question qno=9
2026-10-02 17:20:28.096 [UI] ---- window dump begin (pid 21924) ----
2026-10-02 17:20:28.325 [SEND-ANSWER] qno=9 opt=1 ret=13 sock=2464
2026-10-02 17:20:28.331 [UI] TOP=00160730 vis=0 cls=QBOvCls rc=(465,442,825,538) title=
2026-10-02 17:20:28.340 [UI] TOP=00190124 vis=1 cls=ATL:012FF210 rc=(136,74,1176,881) title=什么什么大冒险2(①逍遥村敬老院)-伏地魔4_Sep 24 2026《什么什么大冒险》制作委员会QQ群:515616289
2026-10-02 17:20:28.341 [UI] TOP=003C09CE vis=0 cls=DIEmWin rc=(-1,-1,135,38) title=DIEmWin
2026-10-02 17:20:28.381 [SYS] 测试通过！
2026-10-02 17:20:28.487 [SYS] 获得了#00FF00#100#FFF692#金币
2026-10-02 17:20:28.488 [CURRENCY] a=199369 b=764749
2026-10-02 17:20:28.742 [UI] TOP=00690D7A vis=0 cls=IME rc=(0,0,0,0) title=Default IME
2026-10-02 17:20:28.748 [UI] TOP=002203D4 vis=0 cls=MSCTFIME UI rc=(0,0,0,0) title=MSCTFIME UI
2026-10-02 17:20:28.766 [UI] TOP=001503F0 vis=0 cls=IME rc=(0,0,0,0) title=Default IME
2026-10-02 17:20:28.766 [UI] TOP=000D06F6 vis=0 cls=IME rc=(0,0,0,0) title=Default IME
2026-10-02 17:20:28.766 [UI] ---- window dump end ----
2026-10-02 17:20:30.128 [UI] auto-closing quiz frame: qno=9 opt=1
2026-10-02 17:20:30.141 [UI] option 1 control NOT found — falling back to digit key
2026-10-02 17:20:39.927 [SETTLE] exp=2 gold=199369 len=393
2026-10-02 17:21:03.806 [SETTLE] exp=2 gold=199369 len=393
2026-10-02 17:21:30.085 [SETTLE] exp=2 gold=199369 len=393
2026-10-02 17:21:57.634 [SETTLE] exp=1 gold=199369 len=393
2026-10-02 17:22:30.741 [SETTLE] exp=1 gold=199369 len=403
2026-10-02 17:22:58.132 [SETTLE] exp=1 gold=199369 len=403
2026-10-02 18:05:00.028 [SETTLE] exp=2 gold=199369 len=393
2026-10-02 18:05:03.141 [SYS] #ff0000#您已进入野外区域，可能遭遇玩家间的自由对战，请注意安全！#ffffff#
2026-10-02 18:05:10.629 [OP] 40A1 inv=FFEB len=20 #4 510bdcfab65d1f809464510b43aec44ab5121026
2026-10-02 18:05:25.888 [SETTLE] exp=1 gold=199369 len=393
2026-10-02 18:05:39.184 [OP] 40A1 inv=FFEB len=20 #5 510bdcfab65d1f809464510be8aeefde27124e7f
2026-10-02 18:06:45.053 [OP] 40A2 inv=FFF3 len=12 #3 dcfaa32bca805b640bf8dcfa
2026-10-02 18:06:50.169 [OP] 40A2 inv=FFF3 len=12 #4 dcfaa32bca805b64e6f8dcfa
2026-10-02 18:06:54.368 [OP] 40A2 inv=FFF3 len=12 #5 dcfaa32bca805b64fdf8dcfa
2026-10-02 18:13:58.411 [SYS] #FFF692#交纳传送费用#00CCFF#1810#FFF692#金币！
2026-10-02 18:13:58.478 [CURRENCY] a=199369 b=762939
2026-10-02 18:14:06.182 [SYS] #FFF692#交纳传送费用#00CCFF#1370#FFF692#金币！
2026-10-02 18:14:06.284 [CURRENCY] a=199369 b=763379
2026-10-02 18:14:50.039 [SYS] #FFF692#交纳传送费用#00CCFF#1370#FFF692#金币！
2026-10-02 18:14:50.144 [CURRENCY] a=199369 b=763379
2026-10-02 18:15:05.331 [SYS] #FFF692#交纳传送费用#00CCFF#1370#FFF692#金币！
2026-10-02 18:15:05.444 [CURRENCY] a=199369 b=763379
2026-10-02 18:15:31.690 [SYS] #FFF692#交纳传送费用#00CCFF#1370#FFF692#金币！
2026-10-02 18:15:31.786 [CURRENCY] a=199369 b=763379
2026-10-02 18:15:45.019 [SYS] #FFF692#交纳传送费用#00CCFF#1810#FFF692#金币！
2026-10-02 18:15:45.118 [SYS] #ff0000#您已进入野外区域，可能遭遇玩家间的自由对战，请注意安全！#ffffff#
2026-10-02 18:15:45.118 [CURRENCY] a=199369 b=762939
2026-10-02 18:17:20.780 [OP] 4707 inv=FFF3 len=12 #5 f03bad80a0ecfc0b17faa32b
2026-10-02 18:17:30.029 [SETTLE] exp=1 gold=199369 len=403
2026-10-02 18:23:14.480 [SYS] #ff0000#您已进入野外区域，可能遭遇玩家间的自由对战，请注意安全！#ffffff#
2026-10-02 18:23:56.681 [SETTLE] exp=2 gold=199369 len=393
2026-10-02 18:24:33.324 [SETTLE] exp=1 gold=199369 len=393
2026-10-02 18:24:35.546 [SYS] #ff0000#您已进入野外区域，可能遭遇玩家间的自由对战，请注意安全！#ffffff#
2026-10-02 18:24:56.353 [SETTLE] exp=2 gold=199369 len=393
2026-10-02 18:25:37.019 [SETTLE] exp=2 gold=199369 len=393
2026-10-02 18:25:50.905 [SYS] #ff0000#您已进入野外区域，可能遭遇玩家间的自由对战，请注意安全！#ffffff#
2026-10-02 18:26:37.311 [SETTLE] exp=1 gold=199369 len=393
2026-10-02 18:27:15.044 [SETTLE] exp=1 gold=199369 len=403
2026-10-02 18:27:44.922 [SETTLE] exp=2 gold=199369 len=393
2026-10-02 18:28:15.125 [SETTLE] exp=1 gold=199369 len=403
2026-10-02 18:28:51.385 [SETTLE] exp=2 gold=199369 len=393
2026-10-02 18:29:21.202 [SETTLE] exp=1 gold=199369 len=393
2026-10-02 18:29:48.709 [SETTLE] exp=2 gold=199369 len=403
2026-10-02 18:30:19.284 [SETTLE] exp=1 gold=199369 len=393
2026-10-02 18:30:50.388 [SETTLE] exp=2 gold=199369 len=393
2026-10-02 18:31:19.569 [SETTLE] exp=2 gold=199369 len=403
2026-10-02 18:32:09.824 [SETTLE] exp=2 gold=199369 len=403
2026-10-02 18:32:51.339 [OP] 43F1 inv=FFFA len=5 #2 b4b4de1fc7
2026-10-02 18:32:59.188 [OP] 4704 inv=FFDE len=33 #2 a4a722a3b3f3ce5ba0510bdcc5a32b1f3cc83369938cc5a32b1f805b64510bdcfa
2026-10-02 18:33:01.121 [OP] 43F1 inv=FFFA len=5 #3 b4b4de1faa
2026-10-02 18:33:24.470 [OUT] 0031 inv=FFCE len=53 #2 ceff31006451046fb4b4de1f4f5b6451b9dcfaa32b1f805b75510bdce8a32b1f805b6451d286033d6643f25b64510bdcfaa32b1f80
2026-10-02 18:33:56.523 [SETTLE] exp=1 gold=199369 len=393
2026-10-02 18:34:08.713 [OP] 4709 inv=FFEF len=16 #1 becdfc0b07c2392b1207c464430bdcfa
2026-10-02 18:34:20.367 [OP] 4704 inv=FFDE len=33 #3 a4a722a3b3f3ce5ba0510bdcc5a32b1f3cc83369938cc5a32b1f805b64510bdcfa
2026-10-02 18:34:44.877 [OUT] 0031 inv=FFCE len=53 #3 ceff31006451046fb4b4de1f4f5b6451b9dcfaa32b1f805b75510bdce8a32b1f805b6451d286033d6643f25b64510bdcfaa32b1f80
2026-10-02 18:35:42.681 [SETTLE] exp=2 gold=199369 len=393
2026-10-02 18:36:17.115 [SETTLE] exp=1 gold=199369 len=393
2026-10-02 18:36:52.422 [SETTLE] exp=2 gold=199369 len=403
2026-10-02 18:37:24.395 [SETTLE] exp=1 gold=199369 len=393
2026-10-02 18:37:58.902 [SETTLE] exp=2 gold=199369 len=393
2026-10-02 18:38:30.200 [SETTLE] exp=2 gold=199369 len=393
2026-10-02 18:39:07.120 [SETTLE] exp=1 gold=199369 len=393
2026-10-02 18:39:43.417 [SETTLE] exp=2 gold=199369 len=393
2026-10-02 18:40:16.714 [SETTLE] exp=2 gold=199369 len=393
2026-10-02 18:40:43.161 [SETTLE] exp=1 gold=199369 len=393
2026-10-02 18:41:13.026 [SETTLE] exp=1 gold=199369 len=403
2026-10-02 18:42:23.940 [SETTLE] exp=2 gold=199369 len=393
2026-10-02 18:42:57.562 [SETTLE] exp=1 gold=199369 len=403
2026-10-02 18:43:31.955 [SETTLE] exp=1 gold=199369 len=403
2026-10-02 18:44:02.709 [SETTLE] exp=2 gold=199369 len=393
2026-10-02 18:44:38.923 [SETTLE] exp=2 gold=199369 len=403
2026-10-02 18:45:17.965 [SETTLE] exp=1 gold=199369 len=393
2026-10-02 18:45:55.555 [SETTLE] exp=1 gold=199369 len=393
2026-10-02 18:46:26.980 [SETTLE] exp=1 gold=199369 len=393
2026-10-02 18:47:04.196 [SETTLE] exp=1 gold=199369 len=393
2026-10-02 18:47:43.748 [SETTLE] exp=2 gold=199369 len=403
2026-10-02 18:48:12.948 [SETTLE] exp=2 gold=199369 len=393
2026-10-02 18:48:49.692 [SETTLE] exp=1 gold=199369 len=393
2026-10-02 18:49:16.907 [SETTLE] exp=1 gold=199369 len=393
2026-10-02 18:49:48.018 [SETTLE] exp=2 gold=199369 len=403
2026-10-02 18:50:22.410 [SETTLE] exp=2 gold=199369 len=393
2026-10-02 18:50:53.553 [SETTLE] exp=2 gold=199369 len=403
2026-10-02 18:51:26.775 [SETTLE] exp=2 gold=199369 len=393
2026-10-02 18:51:57.124 [SETTLE] exp=1 gold=199369 len=393
2026-10-02 18:52:22.885 [SETTLE] exp=1 gold=199369 len=393
2026-10-02 18:52:56.118 [SETTLE] exp=2 gold=199369 len=393
2026-10-02 18:53:31.706 [SETTLE] exp=2 gold=199369 len=403
2026-10-02 18:54:07.251 [SETTLE] exp=1 gold=199369 len=393
2026-10-02 18:54:33.109 [SETTLE] exp=1 gold=199369 len=393
2026-10-02 18:55:14.786 [SETTLE] exp=2 gold=199369 len=403
2026-10-02 18:55:42.101 [SETTLE] exp=2 gold=199369 len=403
2026-10-02 18:55:55.568 [PIPE] controller disconnected
2026-10-02 18:56:02.745 [PIPE] controller connected
2026-10-02 18:56:17.473 [SETTLE] exp=1 gold=199369 len=393
2026-10-02 18:56:48.508 [SETTLE] exp=2 gold=199369 len=393
2026-10-02 18:57:22.918 [SETTLE] exp=1 gold=199369 len=393
2026-10-02 18:57:50.337 [SETTLE] exp=1 gold=199369 len=393
2026-10-02 18:58:39.610 [SETTLE] exp=1 gold=199369 len=393
2026-10-02 18:59:20.232 [SETTLE] exp=2 gold=199369 len=393
2026-10-02 18:59:53.288 [SETTLE] exp=2 gold=199369 len=393
2026-10-02 19:00:27.678 [SETTLE] exp=1 gold=199369 len=393
2026-10-02 19:01:04.509 [SETTLE] exp=2 gold=199369 len=393
2026-10-02 19:01:38.865 [SETTLE] exp=1 gold=199369 len=393
2026-10-02 19:02:16.700 [SETTLE] exp=2 gold=199369 len=393
2026-10-02 19:02:46.647 [SETTLE] exp=2 gold=199369 len=393
2026-10-02 19:03:12.367 [SETTLE] exp=2 gold=199369 len=403
2026-10-02 19:03:48.091 [SETTLE] exp=2 gold=199369 len=393
2026-10-02 19:04:23.366 [SETTLE] exp=2 gold=199369 len=403
2026-10-02 19:05:01.710 [SETTLE] exp=1 gold=199369 len=393
2026-10-02 19:05:28.200 [SETTLE] exp=2 gold=199369 len=393
2026-10-02 19:06:04.426 [SETTLE] exp=2 gold=199369 len=393
2026-10-02 19:06:40.262 [SETTLE] exp=1 gold=199369 len=403
2026-10-02 19:07:08.619 [SETTLE] exp=2 gold=199369 len=393
2026-10-02 19:07:38.588 [SETTLE] exp=2 gold=199369 len=393
2026-10-02 19:08:11.033 [SETTLE] exp=1 gold=199369 len=393
2026-10-02 19:08:45.539 [SETTLE] exp=1 gold=199369 len=393
2026-10-02 19:09:15.610 [SETTLE] exp=1 gold=199369 len=393
2026-10-02 19:09:52.537 [SETTLE] exp=2 gold=199369 len=393
2026-10-02 19:10:05.045 [PIPE] controller disconnected
2026-10-02 19:10:25.049 [QUESTION] {"type":"question","sock":2464,"qno":12,"field_a":82,"stem":"在杠杆上起到支撑作用的那一点叫做？","options":["1、支点","2、上午六点","3、晚上8点","4、少一点"]}
2026-10-02 19:10:26.054 [UI] auto dump on question qno=12
2026-10-02 19:10:26.055 [UI] ---- window dump begin (pid 21924) ----
2026-10-02 19:10:26.056 [UI] TOP=003C09CE vis=0 cls=DIEmWin rc=(-1,-1,135,38) title=DIEmWin
2026-10-02 19:10:26.060 [UI] TOP=00190124 vis=1 cls=ATL:012FF210 rc=(-32000,-32000,-31840,-31972) title=什么什么大冒险2(①逍遥村敬老院)-伏地魔4_Sep 24 2026《什么什么大冒险》制作委员会QQ群:515616289
2026-10-02 19:10:26.060 [UI] TOP=000D06F6 vis=0 cls=IME rc=(0,0,0,0) title=Default IME
2026-10-02 19:10:26.063 [UI] TOP=002203D4 vis=0 cls=MSCTFIME UI rc=(0,0,0,0) title=MSCTFIME UI
2026-10-02 19:10:26.091 [UI] TOP=001503F0 vis=0 cls=IME rc=(0,0,0,0) title=Default IME
2026-10-02 19:10:26.091 [UI] ---- window dump end ----
2026-10-02 19:10:28.680 [SETTLE] exp=1 gold=199369 len=403
2026-10-02 19:11:04.247 [SETTLE] exp=1 gold=199369 len=393
2026-10-02 19:11:34.549 [SETTLE] exp=1 gold=199369 len=393
2026-10-02 19:11:43.658 [INIT] dll unloaded
2026-10-02 19:12:54.316 [INIT] dll loaded, pid=21924
2026-10-02 19:12:54.317 [INIT] codec loaded OK
2026-10-02 19:12:54.317 [INIT] iat hooks: recv=1 send=1 WSASend=1 connect=1 closesocket=1
2026-10-02 19:12:54.356 [PIPE] controller connected
2026-10-02 19:12:54.493 [OP] 4104 inv=FFFB len=4 #1 ce565d45
2026-10-02 19:12:55.293 [OP] 4105 inv=FFFE len=1 #1 3d
2026-10-02 19:12:55.293 [OP] 4104 inv=FFFB len=4 #2 6e081f5a
2026-10-02 19:12:55.669 [OP] 4108 inv=FFE3 len=28 #1 1207c464510bdcfaf8531f807fdf510bbafaa32b1f805b64510bdcfa
2026-10-02 19:12:55.770 [OP] 4104 inv=FFFA len=5 #3 0508ac84aa
2026-10-02 19:12:55.770 [OP] 4104 inv=FFFA len=5 #4 e90844c7ce
2026-10-02 19:12:55.770 [OP] 4104 inv=FFFA len=5 #5 f56743f2ca
2026-10-02 19:12:55.770 [OP] 4108 inv=FFE3 len=28 #2 1207c464510bdcfa39531f807fdf510bbafaa32b1f805b64510bdcfa
2026-10-02 19:12:55.952 [OP] 4108 inv=FFE3 len=28 #3 1207c464510bdcfa21531f8043df510be0faa32b1f805b64510bdcfa
2026-10-02 19:12:55.952 [OP] 4108 inv=FFE3 len=28 #4 1207c464510bdcfa87531f8043df510b54faa32b1f805b64510bdcfa
2026-10-02 19:12:56.193 [OP] 4105 inv=FFFE len=1 #2 fd
2026-10-02 19:12:56.290 [OP] 4109 inv=FEE7 len=280 #1 0db252faf82b594f5b64510bdcfaa32bca805b642d0b59ae722b6fefc464310b6ffaa32bf4075b64fcfd6ffaa3531f805bdf510bafc4a32b20805b64510bdcfaa32b1f809564510b3fc2a32badcac464510bdcfaa3535980ccf1510b12c2a32bad80956451ecdcfaee531f80ce7f510bdcfaa32b1f805b64c927dcfa9b3b1f80c464580bdcc4a32b92aa5b6461ecdcfaa32b1f805b64510b7acaa32b09075b64
2026-10-02 19:12:56.394 [OP] 4106 inv=FFFD len=2 #1 a37c
2026-10-02 19:12:56.394 [OP] 4111 inv=FFFD len=2 #1 2764
2026-10-02 19:12:56.394 [OP] 4112 inv=FFFD len=2 #1 6fc4
2026-10-02 19:12:56.394 [OP] 4112 inv=FFFD len=2 #2 52c4
2026-10-02 19:12:57.855 [OP] 4613 inv=FFBF len=64 #1 f89523b79508512ec9e8e8dc9a071319587be3c49416ba41550758ec6fc4a32bcaaa95640380a8250253ab809498db0be6faf8531f7926b35c3828d7512b1f80
2026-10-02 19:12:58.245 [OP] F005 inv=FFE7 len=24 #1 26b35c3828d7fb2b1f805b64510bdcfaa3ce1f80897e0f0c
2026-10-02 19:12:58.344 [OP] F005 inv=FFE7 len=24 #2 26b35c3828d7fb2b1f805b64510bdcfaa3ce1f80897e0f0c
2026-10-02 19:12:58.344 [OP] F005 inv=FFE7 len=24 #3 26b35c3828d7512b1f805b64510bdcfaa3ce394e9164a80c
2026-10-02 19:12:58.344 [OP] F005 inv=FFE7 len=24 #4 26b35c3828d7512b1f805b64510bdcfaa3ce394e9164a80c
2026-10-02 19:12:58.759 [OP] 47C0 inv=FFF0 len=15 #1 316fc48b0484c7c38dd5a35e75f835
2026-10-02 19:12:58.759 [OP] 47C0 inv=FFEA len=21 #2 51cac7e8da31ec8b57679bc7e8add958b16ea489ed
2026-10-02 19:12:58.759 [OP] 4613 inv=FF77 len=136 #2 9098a14cca4f40def6755d94db66bc79388c83375fe8f853f9a6c38a767f6fc4f8531f8095df580b940eee6f0faac064514fb3fafd2bca805bdd1e2e69746388e50e5b6451040370f8d91f990f5319be902a5d24e1a6c3f3f67f6fe22924ca1ce1df58ec6ffaa353caaa5b76237c3698f8541f802bf151b1dcc4a32beceb066d0d19f8bbea2b1f80
2026-10-02 19:12:58.856 [OP] 47C0 inv=FFF3 len=12 #3 0253cae8add958b16ea489ed
2026-10-02 19:12:58.856 [OP] 4613 inv=FFBB len=68 #3 58040370f8d91f990f5319be902a5d24e1a6c3f3f67f6fe22924ca1ce1df58ec6ffaa353caaa5b76237c3698f8541f802bf151b1dcc4a32beceb066d0d19f8bbea2b1f80
2026-10-02 19:12:58.856 [OP] 47C0 inv=FFEA len=21 #4 51cac7412831ec8b4ec476e798add958d06015ddcb
2026-10-02 19:12:58.856 [OP] 47C0 inv=FFF3 len=12 #5 0253ca98add958d06015ddcb
2026-10-02 19:12:59.707 [OP] 4613 inv=FF7B len=132 #4 5929e5af58d5dc590193f6a3e9cd194f6fc4a6463041550758ec6fc4a32bcaaa9564b68005250253ab809496050b8bfaf82b1f7926b35c3828d7fb2b1f80f8fdfeece6253dbc62344cf8eb246a57ff93182c94df43a66ab45c93892cc3df58ec6ffaa353caaa5b76237c3698f8c71f80876451d0dcc4a32beceb066d0de38abbea2b1f80
2026-10-02 19:12:59.707 [OP] 4613 inv=FFB8 len=71 #5 aaf8fdfeece6253dbc62344cf8eb246a57ff93182c94df43a66ab45c93892cc3df58ec6ffaa353caaa5b76237c3698f8c71f80876451d0dcc4a32beceb066d0de38abbea2b1f80
2026-10-02 19:13:01.001 [SETTLE] exp=2 gold=199369 len=393
2026-10-02 19:13:01.002 [OP] 472A inv=FE76 len=393 #1 74b4de1fc75b64510bdcfaa32b1f805b64510bdcc4a32b1f805b64510bdcfaa32b1f805b64510bdc02b72b1f805b64510adcfaa32b1f805b64510bdcfaa32b1f805b64510bdcfaa32b1f805b64510bdcfaa32b1f805b64510bdcfaa32b1f805b64510bdcfaa32b1f805b64510bdcfaa32b1f805b64510bdcfaa32b1f805b64510bdcfaa32b1f805b64510bdceaf82b1f265b6451166ffaa38aca805be8580bdc
2026-10-02 19:13:01.098 [OP] 42CE inv=FFFB len=4 #1 c87f510b
2026-10-02 19:13:01.202 [OP] 4211 inv=FFF6 len=9 #1 aa5b645140a722a34a
2026-10-02 19:13:01.202 [OP] 4211 inv=FFF6 len=9 #2 aa5b6451da3e22a34a
2026-10-02 19:13:01.203 [OP] 4211 inv=FFF6 len=9 #3 aa5b64511b3e22a34a
2026-10-02 19:13:01.203 [OP] 4211 inv=FFF6 len=9 #4 aa5b6451e3a722a34a
2026-10-02 19:13:08.114 [OP] 4100 inv=FFF9 len=6 #1 05127b081e7f
2026-10-02 19:13:08.216 [OP] 4101 inv=FCA5 len=858 #1 0db252fadb2b1f805b64510b155a4e781f805b64510bdcfaa32b1f805b64510bdcfaa32b1f805b64fbb28b25a32b94105b64510bdcfad5c41f805b64510bdcfaa32b1f805b64d7b252fa392b1f805b64510bb2dca32be8305b640464dcfad2881f807b81a552155a4e78c8d97b81530bdcfa4e78c8d995b0bc595ab12b211f805b64510bdcfaa32b1ffd2764510bdcfaa36d84805b64510bdcfaa32b1f805b64
2026-10-02 19:13:08.265 [OUT] 1F51 inv=FFFF len=4 #1 ffff511f
2026-10-02 19:13:08.416 [OP] 4F52 inv=FFFF len=0 #1 
2026-10-02 19:13:09.175 [OUT] 1001 inv=FFF9 len=10 #1 f9ff01101f805b64510b
2026-10-02 19:13:09.270 [OP] 4211 inv=FFE7 len=24 #5 8bfaa32be787c464fcc03e22a3de2d87c464fc5ca722a3de
2026-10-02 19:13:09.304 [OP] EFFE inv=FFFE len=1 #1 0b
2026-10-02 19:13:09.367 [OP] 4108 inv=FFE3 len=28 #5 1207c464510bdcfa5f531f80d8f8510bce40515d1f805b64510bdcfa
2026-10-02 19:13:11.366 [OP] 4105 inv=FFFE len=1 #3 6d
2026-10-02 19:13:11.367 [OP] 4105 inv=FFFE len=1 #4 cd
2026-10-02 19:13:11.380 [OUT] 1005 inv=FFEF len=20 #1 efff0510a498f853cfc75c640b0b0022a32b1f80
2026-10-02 19:13:11.487 [OP] 4109 inv=FFDF len=32 #2 1207c464510b6ffaa32b1f805b64510bd0c4a32b62d12364510bdcfaa3931f80
2026-10-02 19:13:11.586 [OP] 4105 inv=FFFE len=1 #5 af
2026-10-02 19:13:11.586 [OP] 4106 inv=FFFC len=3 #2 e23932
2026-10-02 19:13:11.586 [OP] 4110 inv=FFFD len=2 #1 5f2b
2026-10-02 19:13:11.586 [OP] 4106 inv=FFFD len=2 #3 a37d
2026-10-02 19:13:11.587 [OP] 4111 inv=FFFD len=2 #2 2364
2026-10-02 19:13:11.879 [OP] 4106 inv=FFFC len=3 #4 a539cb
2026-10-02 19:13:11.879 [OP] 4106 inv=FFFD len=2 #5 f8ed
2026-10-02 19:13:12.033 [OP] 4109 inv=FF7B len=132 #3 1207c464580b6fe8a3531f805b64510b13f4a32ba58021df0b0b40c43993c780cf26510b10aea32bad77946451ecdcfaa30acd8062df510b9dfaa32b1f805b64510bdcfa40ce1f80a808510b52e8db2b1faa5b378fecdcfaf8931f805b64510bdcfaa32bc0ef5b6467d5dcfa399359805bdf51d57cc4a32bcf815ed9510bdcfaccd01f80
2026-10-02 19:13:12.126 [OP] 4111 inv=FFFD len=2 #3 5764
2026-10-02 19:13:14.080 [OP] 4109 inv=FE7F len=384 #4 1207c464580b8b25a3de1f805b64510b6ffaa32ba580ea7f0b0b0022fd242d809564510baeaea32b9da05b6451ecdcfaa32b1f8062df510b06faa32b1f805b64510bdcfaf82b1f80a76f510b8b30f82b1f805b64510bdcfaf82b1f80a76f510b8b30db2b1f805b6451ecdcfaf82b1f80a76f510b8b30392b1f805b6451ba710e334a1f80a76f510b8b5ba32b1faa94648fecdcfa20931f805b64510bdcfaa32b
2026-10-02 19:13:14.081 [OP] 4111 inv=FFFD len=2 #4 ba64
2026-10-02 19:13:15.723 [OP] 4109 inv=FFB7 len=72 #5 1207c464517f6fc4a32b1f805b64510b07faa32bcaa05b6487b1dcfa40ce1f80badf0e7f07faa32b39125b640eec54faa32b1f805b64510b8222a32b39125b64080b54faa32b1f80
2026-10-02 19:13:15.820 [OP] 4111 inv=FFFD len=2 #5 9564
2026-10-02 19:13:17.301 [PIPE] controller disconnected
2026-10-02 19:13:18.432 [OUT] 1F51 inv=FFFF len=4 #2 ffff511f
2026-10-02 19:13:18.488 [OP] 4F52 inv=FFFF len=0 #2 
2026-10-02 19:13:19.323 [OP] EFFE inv=FFFE len=1 #2 0b
2026-10-02 19:13:20.965 [OP] 46FE inv=FFFF len=0 #1 
2026-10-02 19:13:23.422 [PIPE] controller connected
2026-10-02 19:13:27.107 [OP] 4112 inv=FFFD len=2 #3 6fc4
2026-10-02 19:13:27.210 [OP] 4112 inv=FFFD len=2 #4 90c4
2026-10-02 19:13:27.210 [OP] 4112 inv=FFFD len=2 #5 52c4
2026-10-02 19:13:28.505 [OUT] 1F51 inv=FFFF len=4 #3 ffff511f
2026-10-02 19:13:28.555 [OP] 4F52 inv=FFFF len=0 #3 
2026-10-02 19:13:29.934 [OP] 4612 inv=FFF7 len=8 #1 ca805b64b4b252fa
2026-10-02 19:13:29.935 [OP] 4612 inv=FFF3 len=12 #2 90faa32bc787c464fb8052fa
2026-10-02 19:13:29.935 [OP] 4612 inv=FFF7 len=8 #3 ca805b64fb8052fa
2026-10-02 19:13:30.852 [OP] 4612 inv=FFF3 len=12 #4 90faa32b5207c464418052fa
2026-10-02 19:13:30.853 [OP] 4612 inv=FFF7 len=8 #5 ca805b64418052fa
2026-10-02 19:13:34.431 [SETTLE] exp=2 gold=199369 len=393
2026-10-02 19:13:34.431 [OP] 472A inv=FE76 len=393 #2 74b4de1fc75b64510bdcfaa32b1f805b64510bdcc4a32b1f805b64510bdcfaa32b1f805b64510bdc02b72b1f805b6451b9dcfaa32b1f805b64510bdcfaa32b1f805b64510bdcfaa32b1f805b64510bdcfaa32b1f805b64510bdcfaa32b1f805b64510bdcfaa32b1f805b64510bdcfaa32b1f805b64510bdcfaa32b1f805b64510bdcfaa32b1f805b64510bdcd8a32b1f659564513b6ffaa3b91f805b81a55215
2026-10-02 19:13:34.535 [OP] 42CE inv=FFFB len=4 #2 c87f510b
2026-10-02 19:13:36.473 [OUT] 004E inv=FFFA len=9 #1 faff4e00e9580bdce8
2026-10-02 19:13:36.588 [OP] 4029 inv=FFDF len=32 #1 becdfc0b4f9fa32b1f805b6467ecdcfaa32b1f80137f510b90c4902b6b809564
2026-10-02 19:13:38.347 [OP] EFFE inv=FFFE len=1 #3 0b
2026-10-02 19:13:40.545 [OP] 4100 inv=FFF9 len=6 #2 05124f08dd7f
2026-10-02 19:13:40.674 [OUT] 1F51 inv=FFFF len=4 #4 ffff511f
2026-10-02 19:13:40.725 [OP] 4F52 inv=FFFF len=0 #4 
2026-10-02 19:13:40.964 [OP] 4101 inv=FC6D len=914 #2 f03bad809464510bdcfaa32bc8d97b81510bdcfaa32b1f805b64510bdcfaa32b1f805b64510bdcfa5f3b9d4e5b64820cdcfaa32b1f804461510bdcfaa32b1f805b64510bdcfa6c3bad80c464510bdcfaa32bf6455b647405dcfa37181f8019fa510b155a4e78c8d97b81a552155ada2b1f807b81a5526fc616876c842d43510bdcfaa32b1f805b64e5b7c6faa32b1f805b0f310bdcfaa32b1f805b64510bdcfa
2026-10-02 19:13:41.631 [OUT] 1001 inv=FFF9 len=10 #2 f9ff01101f805b64510b
2026-10-02 19:13:43.827 [OUT] 1005 inv=FFEF len=20 #2 efff0510a498f853cfc75c640b0b0022a32b1f80
2026-10-02 19:13:44.030 [OP] 4110 inv=FFFD len=2 #2 5f2b
2026-10-02 19:13:48.256 [OP] 4114 inv=FFEF len=16 #1 1207c4647b98dcfa49281f806b64510b
2026-10-02 19:13:48.256 [OP] 4114 inv=FFEF len=16 #2 1207c4647b98dcfa31de1f80badf510b
2026-10-02 19:13:48.256 [OP] 4114 inv=FFEF len=16 #3 1207c4647b98dcfa81241f805764510b
2026-10-02 19:13:48.365 [OP] EFFE inv=FFFE len=1 #4 0b
2026-10-02 19:13:50.755 [OUT] 1F51 inv=FFFF len=4 #5 ffff511f
2026-10-02 19:13:50.805 [OP] 4F52 inv=FFFF len=0 #5 
2026-10-02 19:13:51.172 [OP] 46FE inv=FFFF len=0 #2 
2026-10-02 19:14:08.397 [OP] EFFE inv=FFFE len=1 #5 0b
2026-10-02 19:14:14.855 [SETTLE] exp=2 gold=199369 len=403
2026-10-02 19:14:14.855 [OP] 472A inv=FE6C len=403 #3 74b4de1fc75b64510bdcfaa32b1f805b64510bdce8a32b1f805b64510bdcfaa32b1f805b64510bdc02b72b1f805b64510adcfaa32b1f805b64510bdcfaa32b1f805b64510bdcfaa32b1f805b64510bdcfaa32b1f805b64510bdcfaa32b1f805b64510bdcfaa32b1f805b64510bdcfaa32b1f805b64510bdcfaa32b1f805b64510bdcfaa32b1f805b64510bdc13f82b1f265b64513b6ffaa38aca805bae580bdc
2026-10-02 19:14:14.953 [OP] 46E0 inv=FDF7 len=520 #1 becdfc0b6ffaa32b1207c464580bdcfa8c121f809464990bdc65392bd62f8823e67bbfc07d70598066b22b0bdcfae02b1ffac464510bdcfa392b9d798a1551b2815b7d35c0805b64510bdcfa462b1f801c6486b2db34a33b87562a6474d517254044fc807464510bdc08a32b53df0161fd0bdcfaa6b301ce0b472b0b6e10e02bc0f83f6179133dfa1f18f5ce75558bd05c9e49245848347f1d4ad49995a86d80
2026-10-02 19:14:14.953 [OP] 42CE inv=FFFB len=4 #3 c87f510b
2026-10-02 19:14:16.550 [OUT] 0048 inv=FFF7 len=12 #1 f7ff4800dcfaa32b1f099564
2026-10-02 19:14:16.611 [OP] 4721 inv=FFF7 len=8 #1 53c2392b1f099564
2026-10-02 19:14:18.081 [OP] 4100 inv=FFF9 len=6 #3 051253ddad7f
2026-10-02 19:14:18.350 [OP] 4101 inv=FCA5 len=858 #3 0db252fadb2b1f805b64510b155a4e781f805b64510bdcfaa32b1f805b64510bdcfaa32b1f805b64fbb28b25a32b94105b64510bdcfad5c41f805b64510bdcfaa32b1f805b64d7b252fa392b1f805b64510bb2dca32be8305b640464dcfad2881f807b81a552155a4e78c8d97b81530bdcfa4e78c8d995b0bc595ab12b211f805b64510bdcfaa32bcafd2764510bdcfaa36d84805b64510bdcfaa32b1f805b64
2026-10-02 19:14:19.160 [OUT] 1001 inv=FFF9 len=10 #3 f9ff01101f805b64510b
2026-10-02 19:14:21.434 [OUT] 1005 inv=FFEF len=20 #3 efff0510a498f853cfc75c640b0b0022a32b1f80
2026-10-02 19:14:21.484 [OP] 46FE inv=FFFF len=0 #3 
2026-10-02 19:14:21.577 [OP] 4110 inv=FFFD len=2 #3 5f2b
2026-10-02 19:14:38.939 [SETTLE] exp=1 gold=199369 len=393
2026-10-02 19:14:38.939 [OP] 472A inv=FE76 len=393 #4 74b4de1faa5b64510bdcfaa32b1f805b64510bdce8a32b1f805b64510bdcfaa32b1f805b64510bdc02b72b1f805b6451b9dcfaa32b1f805b64510bdcfaa32b1f805b64510bdcfaa32b1f805b64510bdcfaa32b1f805b64510bdcfaa32b1f805b64510bdcfaa32b1f805b64510bdcfaa32b1f805b64510bdcfaa32b1f805b64510bdcfaa32b1f805b64510bdceaf82b1fa595645185dcfaa3b91f805b81a55215
2026-10-02 19:14:39.037 [OP] 42CE inv=FFFB len=4 #4 c87f510b
2026-10-02 19:14:40.988 [OUT] 004E inv=FFFA len=9 #2 faff4e00e9580bdce8
2026-10-02 19:14:41.286 [OP] 4029 inv=FFDF len=32 #2 becdfc0b4f9fa32b1f805b6467ecdcfaa32b1f809464510b90c4902b93809564
2026-10-02 19:14:47.049 [OP] 4100 inv=FFF9 len=6 #4 05126cdd9f7f
2026-10-02 19:14:47.347 [OP] 4101 inv=FC6D len=914 #4 f03bad809464510bdcfaa32bc8d97b81510bdcfaa32b1f805b64510bdcfaa32b1f805b64510bdcfa5f3b9d4e5b64820cdcfaa32b1f804461510bdcfaa32b1f805b64510bdcfa6c3bad80c464510bdcfaa32bf6455b647405dcfa37181f8019fa510b155a4e78c8d97b81a552155ada2b1f807b81a5526fc616876c842d43510bdcfaa32b1f805b6479b7c6faa32b1f805b0f310bdcfaa32b1f805b64510bdcfa
2026-10-02 19:14:48.124 [OUT] 1001 inv=FFF9 len=10 #4 f9ff01101f805b64510b
2026-10-02 19:14:50.320 [OUT] 1005 inv=FFEF len=20 #4 efff0510a498f853cfc75c640b0b0022a32b1f80
2026-10-02 19:14:50.465 [OP] 4110 inv=FFFD len=2 #4 5f2b
2026-10-02 19:14:51.693 [OP] 46FE inv=FFFF len=0 #4 
2026-10-02 19:14:58.829 [OP] 4114 inv=FFEF len=16 #4 1207c4647b98dcfaad281f806b64510b
2026-10-02 19:14:58.829 [OP] 4114 inv=FFEF len=16 #5 1207c4647b98dcfa47de1f80ba64510b
2026-10-02 19:15:12.344 [SETTLE] exp=2 gold=199369 len=393
2026-10-02 19:15:12.344 [OP] 472A inv=FE76 len=393 #5 74b4de1fc75b64510bdcfaa32b1f805b64510bdce8a32b1f805b64510bdcfaa32b1f805b64510bdc02b72b1f805b64510adcfaa32b1f805b64510bdcfaa32b1f805b64510bdcfaa32b1f805b64510bdcfaa32b1f805b64510bdcfaa32b1f805b64510bdcfaa32b1f805b64510bdcfaa32b1f805b64510bdcfaa32b1f805b64510bdcfaa32b1f805b64510bdceaf82b1f659564513b6ffaa38aca805bef510bdc
2026-10-02 19:15:12.449 [OP] 46E0 inv=FDF7 len=520 #2 becdfc0b6ffaa32bc687c464580bdcfaa24d1f809564510ba546822b00ce5b64510bdcfafd2b1f80648015277f8a54de2997f123f20834ca57f81f804037510be2c175135fdeef3edea391fad19720805b642b0bdcfa4e786b40cbec24a3fae0cd18f5ce5108d67f90faa32bca8005cd50e1410efa2b1f809564510b82e0df93a104fc7f24ac3dfa35571f805bb1510b2a8aafd934805b6469648ee01cb02080
2026-10-02 19:15:12.449 [OP] 42CE inv=FFFB len=4 #5 c87f510b
2026-10-02 19:15:18.542 [OP] 4100 inv=FFF9 len=6 #5 0512ff08297f
2026-10-02 19:15:18.714 [OP] 4101 inv=FCA5 len=858 #5 0db252fadb2b1f805b64510b155a4e781f805b64510bdcfaa32b1f805b64510bdcfaa32b1f805b64fbb28b25a32b94105b64510bdcfad5c41f805b64510bdcfaa32b1f805b64d7b252fa392b1f805b64510bb2dca32be8305b640464dcfad2881f807b81a552155a4e78c8d97b81530bdcfa4e78c8d995b0bc595ab12b211f805b64510bdcfaa32b1ffd2764510bdcfaa36d84805b64510bdcfaa32b1f805b64
2026-10-02 19:15:19.621 [OUT] 1001 inv=FFF9 len=10 #5 f9ff01101f805b64510b
2026-10-02 19:15:21.863 [OUT] 1005 inv=FFEF len=20 #5 efff0510a498f853cfc75c640b0b0022a32b1f80
2026-10-02 19:15:21.949 [OP] 4110 inv=FFFD len=2 #5 5f2b
2026-10-02 19:15:22.050 [OP] 46FE inv=FFFF len=0 #5 
2026-10-02 19:15:37.197 [OUT] 1004 inv=FFF3 len=16 #1 f3ff0410eb7ed52b59c7c3642d0b59ae
2026-10-02 19:15:46.023 [OUT] 1004 inv=FFF3 len=16 #2 f3ff0410eb7ed52b59cec3642d0b59ae
2026-10-02 19:15:46.222 [OUT] 1004 inv=FFF3 len=16 #3 f3ff0410eb7ed52b59cec3642d0b59ae
2026-10-02 19:15:50.821 [SETTLE] exp=1 gold=199369 len=393
2026-10-02 19:15:52.853 [OUT] 004E inv=FFFA len=9 #3 faff4e00e9580bdce8
2026-10-02 19:15:52.853 [OUT] 004E inv=FFFA len=9 #4 faff4e00e9580bdcf4
2026-10-02 19:15:52.926 [OP] 4029 inv=FFDF len=32 #3 becdfc0b4f9fa32b1f805b6467ecdcfaa32b1f8094cdfc0b90c4902ba1809564
2026-10-02 19:15:53.028 [OP] 4029 inv=FFDF len=32 #4 becdfc0b0253a32b1f805b64de75dcfaa32b1f80af7f510b8bc4902b03809564
2026-10-02 19:16:12.330 [OUT] 1004 inv=FFF3 len=16 #4 f3ff0410eb7ed52b59c7c3642d0b59ae
2026-10-02 19:16:21.594 [SETTLE] exp=2 gold=199369 len=393
2026-10-02 19:16:47.751 [OUT] 1004 inv=FFF3 len=16 #5 f3ff0410eb7ed52b59c7c3642d0b59ae
2026-10-02 19:16:52.550 [SETTLE] exp=1 gold=199369 len=393
2026-10-02 19:16:54.586 [OUT] 004E inv=FFFA len=9 #5 faff4e00e9580bdce8
2026-10-02 19:16:54.668 [OP] 4029 inv=FFDF len=32 #5 becdfc0b4f9fa32b1f805b6467ecdcfaa32b1f809464510b90c4902b8f809564
2026-10-02 19:17:31.412 [SETTLE] exp=2 gold=199369 len=393
2026-10-02 19:18:01.366 [SETTLE] exp=2 gold=199369 len=393
2026-10-02 19:18:01.477 [OP] 46E0 inv=FDF7 len=520 #3 becdfc0b6ffaa32b2e87c464580bdcfa724d1f8095647f0b56da20ced62f88231755c97ca330598066b22b0bdcfae02b77f0406f510bdcfadb2b6107eb21ac0b815b7d35c0805b64510bdcfa202b1f80c4640fd0abff732b87562a6462a6b3229c36fc802764510bdc08a32be2fc9e7f0b0bdcfacce5d3120b472b0b6e10e02b2c48adcda9c23dfad87fac126d8a7fb1c6d5783b0caff7261d4ad49995a86d80
2026-10-02 19:18:24.269 [OP] F005 inv=FFE7 len=24 #5 26b35c3828d7fb2b1f805b64510bdcfaa3de1f80897e0f0c
2026-10-02 19:18:30.765 [SETTLE] exp=1 gold=199369 len=393
2026-10-02 19:19:24.339 [SETTLE] exp=1 gold=199369 len=393
2026-10-02 19:19:57.844 [SETTLE] exp=2 gold=199369 len=393
2026-10-02 19:19:57.945 [OP] 46E0 inv=FDF7 len=520 #4 becdfc0b6ffaa32bb907c464580bdcfa724d1f809564510b037daf2bd62f8823437a66c026f1004f66b22b0bdcfae02b2997f123e6084225392b56cea196830be2c175133700c03edea391fad19720801c640e0b4f98232b2db3c364510b155a3d46a480ba080e7fdc08a32b9d809464490bdcfa3bf833ce0b472b0b6e10e02be88c2bddddcf8efa35571f808a8c8ad0dcfa4e78183f897f1d4ad49995a86d80
2026-10-02 19:20:26.000 [SETTLE] exp=2 gold=199369 len=393
2026-10-02 19:20:58.045 [SETTLE] exp=1 gold=199369 len=393
2026-10-02 19:21:46.069 [SETTLE] exp=1 gold=199369 len=393
2026-10-02 19:22:20.741 [SETTLE] exp=1 gold=199369 len=393
2026-10-02 19:22:59.106 [SETTLE] exp=2 gold=199369 len=403
2026-10-02 19:22:59.204 [OP] 46E0 inv=FDF7 len=520 #5 becdfc0b6ffaa32b1207c464580bdcfaa24d1f804064c50b4b60db2bd62f8823f3ac90c090f2598066b2c80bdcfa9d2b3b9a9464a40bc2e8392b610787543b0bdcfaa32bc0805b6451d928f4232b1f801c640fd04c81612b875648647b13ccf40f8ed1805c0f80b1dc08a32ba82b9c7f830bdcfa1d38ac4f0b47c80b6e109d2b2cb65b6f438bc3fa2d87bbceb455add016e6537ceb489c7f1d4ad4999ba86d80
2026-10-02 19:23:35.815 [SETTLE] exp=2 gold=199369 len=393
2026-10-02 19:24:05.011 [SETTLE] exp=1 gold=199369 len=393
2026-10-02 19:24:44.167 [SETTLE] exp=1 gold=199369 len=403
2026-10-02 19:25:13.300 [SETTLE] exp=2 gold=199369 len=393
2026-10-02 19:25:44.225 [SETTLE] exp=1 gold=199369 len=393
2026-10-02 19:26:13.063 [SETTLE] exp=2 gold=199369 len=393
2026-10-02 19:26:47.807 [SETTLE] exp=1 gold=199369 len=393
2026-10-02 19:27:27.872 [SETTLE] exp=1 gold=199369 len=393
2026-10-02 19:28:01.696 [SETTLE] exp=2 gold=199369 len=393
2026-10-02 19:28:34.788 [SETTLE] exp=1 gold=199369 len=393
2026-10-02 19:29:04.171 [SETTLE] exp=2 gold=199369 len=403
2026-10-02 19:29:36.849 [SETTLE] exp=2 gold=199369 len=393
2026-10-02 19:30:04.317 [SETTLE] exp=1 gold=199369 len=403
2026-10-02 19:30:34.714 [SETTLE] exp=1 gold=199369 len=403
2026-10-02 19:31:09.192 [SETTLE] exp=2 gold=199369 len=393
2026-10-02 19:31:43.906 [SETTLE] exp=1 gold=199369 len=393
2026-10-02 19:32:16.015 [SETTLE] exp=1 gold=199369 len=393
2026-10-02 19:32:46.259 [OUT] 1F04 inv=FFF6 len=13 #1 f6ff041fce1f805bd9510bdcc4
2026-10-02 19:32:46.388 [QUESTION] {"type":"question","sock":2464,"qno":10,"field_a":77,"stem":"蚯蚓适合生活在什么样的环境里？","options":["1、太空里","2、天空里","3、水里","4、阴暗潮湿"]}
2026-10-02 19:32:47.403 [UI] auto dump on question qno=10
2026-10-02 19:32:47.404 [UI] ---- window dump begin (pid 21924) ----
2026-10-02 19:32:47.414 [UI] TOP=00190124 vis=1 cls=ATL:012FF210 rc=(125,75,1165,882) title=什么什么大冒险2(①逍遥村敬老院)-伏地魔4_Sep 24 2026《什么什么大冒险》制作委员会QQ群:515616289
2026-10-02 19:32:47.414 [UI] TOP=003C09CE vis=0 cls=DIEmWin rc=(-1,-1,135,38) title=DIEmWin
2026-10-02 19:32:47.447 [UI] TOP=002203D4 vis=0 cls=MSCTFIME UI rc=(0,0,0,0) title=MSCTFIME UI
2026-10-02 19:32:47.457 [UI] TOP=001503F0 vis=0 cls=IME rc=(0,0,0,0) title=Default IME
2026-10-02 19:32:47.458 [UI] TOP=000D06F6 vis=0 cls=IME rc=(0,0,0,0) title=Default IME
2026-10-02 19:32:47.458 [UI] ---- window dump end ----
2026-10-02 19:32:48.915 [SEND-ANSWER] qno=10 opt=3 ret=13 sock=2464
2026-10-02 19:32:48.966 [SYS] 测试通过！
2026-10-02 19:32:49.069 [SYS] 获得了#00FF00#100#FFF692#金币
2026-10-02 19:32:49.069 [CURRENCY] a=199369 b=764849
2026-10-02 19:32:49.083 [OUT] 1F04 inv=FFF6 len=13 #2 f6ff041fce1f805bcd510bdce8
2026-10-02 19:32:51.159 [SETTLE] exp=2 gold=199369 len=403
2026-10-02 19:33:03.983 [QUESTION] {"type":"question","sock":2464,"qno":4,"field_a":105,"stem":"一只杜鹃鸟要下蛋了，此时它会怎么做？","options":["1、再生一只","2、扔了它","3、将蛋下到其他鸟的鸟巢里","4、坐着开始孵"]}
2026-10-02 19:33:04.990 [UI] auto dump on question qno=4
2026-10-02 19:33:04.990 [UI] ---- window dump begin (pid 21924) ----
2026-10-02 19:33:05.014 [UI] TOP=00190124 vis=1 cls=ATL:012FF210 rc=(125,75,1165,882) title=什么什么大冒险2(①逍遥村敬老院)-伏地魔4_Sep 24 2026《什么什么大冒险》制作委员会QQ群:515616289
2026-10-02 19:33:05.014 [UI] TOP=003C09CE vis=0 cls=DIEmWin rc=(-1,-1,135,38) title=DIEmWin
2026-10-02 19:33:05.019 [UI] TOP=002203D4 vis=0 cls=MSCTFIME UI rc=(0,0,0,0) title=MSCTFIME UI
2026-10-02 19:33:05.043 [UI] TOP=001503F0 vis=0 cls=IME rc=(0,0,0,0) title=Default IME
2026-10-02 19:33:05.043 [UI] TOP=000D06F6 vis=0 cls=IME rc=(0,0,0,0) title=Default IME
2026-10-02 19:33:05.043 [UI] ---- window dump end ----
2026-10-02 19:33:05.900 [SEND-ANSWER] qno=4 opt=2 ret=13 sock=2464
2026-10-02 19:33:05.950 [SYS] 测试通过！
2026-10-02 19:33:06.049 [SYS] 获得了#00FF00#100#FFF692#金币
2026-10-02 19:33:06.049 [CURRENCY] a=199369 b=764949
2026-10-02 19:35:21.181 [SETTLE] exp=2 gold=199369 len=393
2026-10-02 19:35:21.280 [OP] 4707 inv=FFF3 len=12 #1 f03bad80a0ecfc0b17faa32b
2026-10-02 19:35:56.814 [OUT] 1F04 inv=FFF6 len=13 #3 f6ff041fce1f805b26510bdce8
2026-10-02 19:35:58.226 [SETTLE] exp=2 gold=199369 len=393
2026-10-02 19:36:32.166 [SETTLE] exp=1 gold=199369 len=403
2026-10-02 19:36:32.264 [OP] 4707 inv=FFF3 len=12 #2 f03bad80c6ecfc0b17faa32b
2026-10-02 19:36:55.333 [SETTLE] exp=2 gold=199369 len=393
2026-10-02 19:37:14.482 [PIPE] controller disconnected
2026-10-02 19:37:24.973 [INIT] dll unloaded
2026-10-02 19:37:55.822 [INIT] dll loaded, pid=21924
2026-10-02 19:37:55.823 [INIT] codec loaded OK
2026-10-02 19:37:55.823 [INIT] iat hooks: recv=1 send=1 WSASend=1 connect=1 closesocket=1
2026-10-02 19:38:03.637 [OP] 46FE inv=FFFF len=0 #1 
2026-10-02 19:38:05.818 [OUT] 1F51 inv=FFFF len=4 #1 ffff511f
2026-10-02 19:38:06.793 [PIPE] controller connected
2026-10-02 19:38:09.593 [OP] EFFE inv=FFFE len=1 #1 0b
2026-10-02 19:38:19.621 [OP] EFFE inv=FFFE len=1 #2 0b
2026-10-02 19:38:28.879 [OP] F005 inv=FFE7 len=24 #1 24c812922d0ba32b1f805b64510bdcfaa32b5ebc840086b2
2026-10-02 19:38:32.228 [OP] F005 inv=FFE7 len=24 #2 26b35c3828d7512b1f805b64510bdcfaa32b5ebce8868fb2
2026-10-02 19:38:32.339 [OP] F005 inv=FFE7 len=24 #3 26b35c3828d7512b1f805b64510bdcfaa32b5ebce8868fb2
2026-10-02 19:38:33.353 [OP] F005 inv=FFE7 len=24 #4 26b35c3828d7fb2b1f805b64510bdcfaa32b5ebc1e698fb2
2026-10-02 19:38:33.458 [OP] F005 inv=FFE7 len=24 #5 26b35c3828d7fb2b1f805b64510bdcfaa32b5ebc1e698fb2
2026-10-02 19:38:33.851 [OP] 4F52 inv=FFFF len=0 #1 
2026-10-02 19:38:33.851 [OP] 46FE inv=FFFF len=0 #2 
2026-10-02 19:38:43.876 [OUT] 1F51 inv=FFFF len=4 #2 ffff511f
2026-10-02 19:38:43.926 [OP] 4F52 inv=FFFF len=0 #2 
2026-10-02 19:38:46.647 [OP] EFFE inv=FFFE len=1 #3 0b
2026-10-02 19:38:53.932 [OUT] 1F51 inv=FFFF len=4 #3 ffff511f
2026-10-02 19:38:53.980 [OP] 4F52 inv=FFFF len=0 #3 
2026-10-02 19:38:56.662 [OP] EFFE inv=FFFE len=1 #4 0b
2026-10-02 19:39:03.990 [OUT] 1F51 inv=FFFF len=4 #4 ffff511f
2026-10-02 19:39:04.039 [OP] 4F52 inv=FFFF len=0 #4 
2026-10-02 19:39:04.157 [OP] 46FE inv=FFFF len=0 #3 
2026-10-02 19:39:14.058 [OUT] 1F51 inv=FFFF len=4 #5 ffff511f
2026-10-02 19:39:14.107 [OP] 4F52 inv=FFFF len=0 #5 
2026-10-02 19:39:17.696 [OP] EFFE inv=FFFE len=1 #5 0b
2026-10-02 19:39:34.327 [OP] 46FE inv=FFFF len=0 #4 
2026-10-02 19:40:03.120 [OP] 47C0 inv=FFE1 len=30 #1 0faac4c88ffd6f5b48963010e02831ec908d00f08a5f7fd958d5a1963cc4
2026-10-02 19:40:03.120 [OP] 47C0 inv=FFEA len=21 #2 51cac7e02831ec908d00f08a5f7fd958d5a1963cc4
2026-10-02 19:40:03.120 [OP] 47C0 inv=FFF3 len=12 #3 0253ca5f7fd958d5a1963cc4
2026-10-02 19:40:04.070 [OP] 47C0 inv=FFF3 len=12 #4 0253ca7c7fd9587f6e0888c4
2026-10-02 19:40:04.070 [OP] 47C0 inv=FFEA len=21 #5 51cac7e02831ec90fc179e8a5f7fd958d503960fc4
2026-10-02 19:40:04.576 [OP] 46FE inv=FFFF len=0 #5 
2026-10-02 19:40:08.029 [OP] 4100 inv=FFF9 len=6 #1 05122af119d0
2026-10-02 19:40:08.134 [OP] 4101 inv=FE3B len=452 #1 1207c4640e0bdcfaa32b1f807b81a552dcfaa32b1f805b64510bdcfaa32b1f805b64510bdcfaa32b6dc69426510bf453a32b1f805b642527dcfaa32b1f805b64510bdcfaa32bb507c464fc0bdcfaa32b1f808637510b780fa32b482b5b649205dcfa4e78c8d97b81a552155a4e781a805b64a552155af8ed1c48bd42804ddcfaa32b1f805b64510bdc83b72b1f805b6451b7c6faa32b1f805b64510bdcfaa32b
2026-10-02 19:40:09.098 [OUT] 1001 inv=FFF9 len=10 #1 f9ff01101f805b64510b
2026-10-02 19:40:09.357 [OP] 4108 inv=FFE3 len=28 #1 1207c464510bdcfa4d531f80d8f8510bce40515d1f805b64510bdcfa
2026-10-02 19:40:09.447 [OP] 4108 inv=FFE3 len=28 #2 1207c464510bdcfa22531f80d8f8510bce40515d1f805b64510bdcfa
2026-10-02 19:40:09.447 [OP] 4108 inv=FFF3 len=12 #3 53c2392b1f805b64580bdcfa
2026-10-02 19:40:09.447 [OP] 4108 inv=FFF3 len=12 #4 53c2392b1f805b640e0bdcfa
2026-10-02 19:40:09.447 [OP] 4108 inv=FFE3 len=28 #5 1207c464510bdcfa61531f80bbf8510bddc4a32b1f805b64510bdcfa
2026-10-02 19:40:09.447 [OP] 4104 inv=FFFB len=4 #1 86d31faa
2026-10-02 19:40:09.447 [OP] 4104 inv=FFFB len=4 #2 86d31fc7
2026-10-02 19:40:09.447 [OP] 4104 inv=FFFB len=4 #3 33521f10
2026-10-02 19:40:09.448 [OP] 4104 inv=FFFB len=4 #4 68521fca
2026-10-02 19:40:09.448 [OP] 4104 inv=FFFB len=4 #5 dd081fc6
2026-10-02 19:40:11.279 [OP] 4105 inv=FFFE len=1 #1 3d
2026-10-02 19:40:11.378 [OP] 4105 inv=FFFE len=1 #2 af
2026-10-02 19:40:11.378 [OP] 4105 inv=FFFE len=1 #3 c0
2026-10-02 19:40:11.762 [OP] 4109 inv=FFB7 len=72 #1 1207c464517f6fc4a32b1f805b64510b07faa32bcac65b6487b1dcfa40ce1f806edf0e0b07faa32b39125b640eec02faa32b1f805b6453718222a32b39125b64080b02faa32b1f1c
2026-10-02 19:40:11.865 [OP] 4105 inv=FFFE len=1 #4 7f
2026-10-02 19:40:11.866 [OP] 4106 inv=FFFD len=2 #1 f893
2026-10-02 19:40:11.866 [OP] 4105 inv=FFFE len=1 #5 ec
2026-10-02 19:40:11.866 [OP] 4106 inv=FFFD len=2 #2 a353
2026-10-02 19:40:11.866 [OP] 4111 inv=FFFD len=2 #1 9564
2026-10-02 19:40:13.345 [OP] 4109 inv=FEDF len=288 #2 53c2392bca801c26510bdcfaa32b1f809564510b52fa454aad80eb26b20b90faf82b1f80d1f1510b8be8612b1faa5b6451ecdcfa4b531f80ec64510bdcfaa32b1f805b64580bdcfa71bb1f801cf8310bdcfaa32b1faa5b64580bdcfa71bb1f801cf82d0bdcfaa32b1f805b64580bdcfa71bb1f801cf8410bdcfaa32b1f079564b108dcfa71bb1f801c643b0bdcc4a32b23aa5b640f1654e0a32b1f803000510b
2026-10-02 19:40:13.439 [OP] 4111 inv=FFFD len=2 #2 9464
2026-10-02 19:40:20.603 [OP] 4106 inv=FFFC len=3 #3 b4f853
2026-10-02 19:40:20.736 [OP] 4109 inv=FF13 len=236 #3 53c2392bca80c47f510bdcfaa32b1f809564510b52fa454aad80eb26b20b90faf82b1f80d1f1510b8be8612b1faa5b64519171f44b531f80ec64510bdcfaa32b1f805b64580bdcfa71bb1f801cf87b0bdcfaa32b1f805b64580bdcfa71bb1f801cf8410bdcfaa32b1f8095dfb108dcfa71bb1f801c643b0bdcc4a32b23aa5b640f1654e0a32b1f803000510b7d25a32bb64e5b64b20b5efaa3931f80e5df510b
2026-10-02 19:40:20.866 [OP] 4106 inv=FFFD len=2 #4 f893
2026-10-02 19:40:20.866 [OP] 4111 inv=FFFD len=2 #3 9464
2026-10-02 19:40:23.260 [OP] 4109 inv=FF4B len=180 #4 becdfc0b6ffaf8931f805b64510bdcfa08931f80c464a00b52fa052bad809564ed7fdcfa89ce1f80c4df410bdcc4a32b1f52f42677ecdcfa802b1f805b64510bdcfaa32b1aef5b6461d5dcfa392be7805bdf510b05c4a32b1f805b64510bdcfaa32b1f80356f510ba9e0a32bad80a16451b1dcfa27931f80a8df510bdcfaa32b1f805b64957fdcfaa32b1f805b64510bdcfaa32b44aa5b647f0bdcfaa32b1f80
2026-10-02 19:40:23.351 [OP] 4111 inv=FFFD len=2 #4 9564
2026-10-02 19:40:29.627 [OP] 4106 inv=FFFC len=3 #5 b4f893
2026-10-02 19:40:29.817 [OP] 4109 inv=FFAB len=84 #5 f03bad80956458ecdc02a32b1f805b64ed7fdcfa392b5580c464a00b52fadb2bc1c75b646dc4dcfa3993c7805bdf510bdc53a32b92aa5b645c0bdcfaa32b1f805b64510b37aea32bfd4f5b64080b5efaa32b1f80
2026-10-02 19:40:29.915 [OP] 4111 inv=FFFD len=2 #5 9464
2026-10-02 19:40:45.837 [OP] 4112 inv=FFFD len=2 #1 6fc4
2026-10-02 19:40:45.837 [OP] 4112 inv=FFFD len=2 #2 90c4
2026-10-02 19:40:50.277 [SETTLE] exp=1 gold=199369 len=403
2026-10-02 19:40:50.278 [OP] 472A inv=FE6C len=403 #1 74b4de1faa5b64510bdcfaa32b1f805b64510bdcc4a32b1f805b64510bdcfaa32b1f805b64510bdc1b312b1f805b64510adcfaa32b1f805b64510bdcfaa32b1f805b64510bdcfaa32b1f805b64510bdcfaa32b1f805b64510bdcfaa32b1f805b64510bdcfaa32b1f805b64510bdcfaa32b1f805b64510bdcfaa32b1f805b64510bdcfaa32b1f805b64510bdc5a4e78c8265b645185dcfaa378c8d97b81a55215
2026-10-02 19:40:50.368 [OP] 46E0 inv=FDF7 len=520 #1 becdfc0b6ffaa32b1207c464580bdcfa44661f805b64a5522fa7202bd62f8823437a66c0fd06ad8066b22b0bdcfae02bd18d4064510bdcfa392b56ce7bf0fc0b815b7d3569805b64510bdcfa312b1f801c640e0b1521392b8b562a6474616aae3d46a480a964510bdc08a32bc078f77f490bdcfa35f62b4e0b472b0be2c17513cd00c03e093fb053d19720805b642b0bd0bc4a7c183f897f0e0b8b5ba340ad80
2026-10-02 19:40:50.369 [OP] 42CE inv=FFFB len=4 #1 c87f510b
2026-10-02 19:40:50.371 [OP] 4211 inv=FFF6 len=9 #1 aa5b645140a722a34a
2026-10-02 19:40:50.371 [OP] 4211 inv=FFF6 len=9 #2 aa5b6451e3a722a34a
2026-10-02 19:40:50.518 [OUT] 0048 inv=FFF7 len=12 #1 f7ff4800dcfaa32b1fa49564
2026-10-02 19:40:50.601 [OP] 4721 inv=FFF7 len=8 #1 53c2392b1fa49564
2026-10-02 19:40:56.482 [OP] 4100 inv=FFF9 len=6 #2 0512f3d901b1
2026-10-02 19:40:56.691 [OP] 4101 inv=FE3B len=452 #2 1207c4640e0bdcfaa32b1f807b81a552dcfaa32b1f805b64510bdcfaa32b1f805b64510bdcfaa32b6dc69426510bf453a32b1f805b642527dcfaa32b1f805b64510bdcfaa32bb507c464fc0bdcfaa32b1f808637510b780fa32b482b5b649205dcfa4e78c8d97b81a552155a4e781a805b64a552155af8ed1c48bd42804ddcfaa32b1f805b64510b4e83b72b1f805b6451edc6faa32b1f805b64510bdcfaa32b
2026-10-02 19:40:57.565 [OUT] 1001 inv=FFF9 len=10 #2 f9ff01101f805b64510b
2026-10-02 19:40:58.428 [OUT] 1005 inv=FFEF len=20 #1 efff0510a498f853cfc75c640b0b0022a32b1f80
2026-10-02 19:40:58.658 [OP] 4110 inv=FFFD len=2 #1 222b
2026-10-02 19:41:03.033 [OUT] 1005 inv=FFEF len=20 #2 efff0510a498f853cfc75c640b0b0022a32b1f80
2026-10-02 19:41:03.162 [OP] 4110 inv=FFFD len=2 #2 2253
2026-10-02 19:41:04.790 [OUT] 1005 inv=FFEF len=20 #3 efff0510042be02b4dc75cdf0b0b0022a32b1f80
2026-10-02 19:41:04.790 [OUT] 1004 inv=FFF3 len=16 #1 f3ff0410eb7ed52b59c7c3642d0b59ae
2026-10-02 19:41:04.976 [OP] 4112 inv=FFFD len=2 #3 90c4
2026-10-02 19:41:04.976 [OP] 4110 inv=FFFD len=2 #3 222b
2026-10-02 19:41:05.077 [OP] 4110 inv=FFFD len=2 #4 722b
2026-10-02 19:41:07.861 [OUT] 1004 inv=FFF3 len=16 #2 f3ff0410eb7ed52b59aac3642d0b59ae
2026-10-02 19:41:07.984 [OP] 4110 inv=FFFD len=2 #5 7253
2026-10-02 19:41:12.155 [OP] 4112 inv=FFFD len=2 #4 6fc4
2026-10-02 19:41:15.709 [SETTLE] exp=2 gold=199369 len=393
2026-10-02 19:41:15.709 [OP] 472A inv=FE76 len=393 #2 74b4de1fc75b64510bdcfaa32b1f805b64510bdce8a32b1f805b64510bdcfaa32b1f805b64510bdc1b312b1f805b6451b9dcfaa32b1f805b64510bdcfaa32b1f805b64510bdcfaa32b1f805b64510bdcfaa32b1f805b64510bdcfaa32b1f805b64510bdcfaa32b1f805b64510bdcfaa32b1f805b64510bdcfaa32b1f805b64510bdcfaa32b1f805b64510bdc5a4e78c8265b645185dcfaa378c8d97b81a55215
2026-10-02 19:41:15.802 [OP] 42CE inv=FFFB len=4 #2 c87f510b
2026-10-02 19:41:15.803 [OP] 4211 inv=FFF6 len=9 #3 aa5b645140a722a34a
2026-10-02 19:41:15.803 [OP] 4211 inv=FFF6 len=9 #4 aa5b6451e3a722a34a
2026-10-02 19:41:17.763 [OUT] 004E inv=FFFA len=9 #1 faff4e00e9580bdce8
2026-10-02 19:41:17.900 [OP] 4029 inv=FFDF len=32 #1 becdfc0bc0caa32b1f805b6467ecdcfaa32b1f809464610b90c4902b58809564
2026-10-02 19:41:18.826 [OP] 4100 inv=FFF9 len=6 #3 0512433759c4
2026-10-02 19:41:18.930 [OP] 4101 inv=FE3B len=452 #3 1207c4640e0bdcfaa32b1f807b81a552dcfaa32b1f805b64510bdcfaa32b1f805b64510bdcfaa32b6dc69426510bf453a32b1f805b642527dcfaa32b1f805b64510bdcfaa32bb507c464fc0bdcfaa32b1f808637510b780fa32b482b5b649205dcfa4e78c8d97b81a552155a4e781a805b64a552155af8ed1c48bd42804ddcfaa32b1f805b64510bdc83b72b1f805b6451edc6faa32b1f805b64510bdcfaa32b
2026-10-02 19:41:19.897 [OUT] 1001 inv=FFF9 len=10 #3 f9ff01101f805b64510b
2026-10-02 19:41:22.112 [OUT] 1005 inv=FFEF len=20 #4 efff0510a498f853cfc75c640b0b0022a32b1f80
2026-10-02 19:41:28.717 [OP] 4112 inv=FFFD len=2 #5 6fc4
2026-10-02 19:41:34.359 [OUT] 1004 inv=FFF3 len=16 #3 f3ff0410eb7ed52b59c7c3642d0b59ae
2026-10-02 19:41:39.269 [SETTLE] exp=2 gold=199369 len=393
2026-10-02 19:41:39.269 [OP] 472A inv=FE76 len=393 #3 74b4de1fc75b64510bdcfaa32b1f805b64510bdce8a32b1f805b64510bdcfaa32b1f805b64510bdc1b312b1f805b64510adcfaa32b1f805b64510bdcfaa32b1f805b64510bdcfaa32b1f805b64510bdcfaa32b1f805b64510bdcfaa32b1f805b64510bdcfaa32b1f805b64510bdcfaa32b1f805b64510bdcfaa32b1f805b64510bdcfaa32b1f805b64510bdc5a4e78c8265b64513b6ffaa378c8d97b81a55215
2026-10-02 19:41:39.369 [OP] 42CE inv=FFFB len=4 #3 c87f510b
2026-10-02 19:41:39.369 [OP] 4211 inv=FFF6 len=9 #5 aa5b645140a722a34a
2026-10-02 19:41:48.899 [OP] 4100 inv=FFF9 len=6 #4 0512d67a02c4
2026-10-02 19:41:49.139 [OP] 4101 inv=FE03 len=508 #4 0db252fadb2b1f805b64510b155a4e781f805b64510bdcfaa32b1f805b64510bdcfaa32b1f805b648e5f90aea32b94105b64510bdcfa04bb1f805b64510bdcfaa32b1f805b64d7b252fa392b1f805b64510bb2dca32be8305b640464dcfad2881f807b81a552155a4e78c8d97b81530bdcfa4e78c8d995b0bc595ab12b211f805b64510bdcfaa32b1ffd2764510bdcfaa3d784805b64510bdcfaa32b1f805b64
2026-10-02 19:41:49.990 [OUT] 1001 inv=FFF9 len=10 #4 f9ff01101f805b64510b
2026-10-02 19:41:52.215 [OUT] 1005 inv=FFEF len=20 #5 efff0510a498f853cfc75c640b0b0022a32b1f80
2026-10-02 19:42:14.031 [SETTLE] exp=2 gold=199369 len=393
2026-10-02 19:42:14.031 [OP] 472A inv=FE76 len=393 #4 74b4de1fc75b64510bdcfaa32b1f805b64510bdcc4a32b1f805b64510bdcfaa32b1f805b64510bdc1b312b1f805b6451b9dcfaa32b1f805b64510bdcfaa32b1f805b64510bdcfaa32b1f805b64510bdcfaa32b1f805b64510bdcfaa32b1f805b64510bdcfaa32b1f805b64510bdcfaa32b1f805b64510bdcfaa32b1f805b64510bdcfaa32b1f805b64510bdc5a4e78c8a59564517a90faa3f659805b81a55215
2026-10-02 19:42:14.137 [OP] 42CE inv=FFFB len=4 #4 c87f510b
2026-10-02 19:42:16.091 [OUT] 004E inv=FFFA len=9 #2 faff4e00e9580bdce8
2026-10-02 19:42:16.219 [OP] 4029 inv=FFDF len=32 #2 becdfc0bc0caa32b1f805b6467ecdcfaa32b1f8094dfe60b90c4902bab809564
2026-10-02 19:42:22.625 [OP] 4707 inv=FFF3 len=12 #1 f03bad803ccdfc0b17faa32b
2026-10-02 19:42:22.725 [OP] 43F1 inv=FFFA len=5 #1 b4b4de1fc7
2026-10-02 19:42:22.728 [OP] 40E0 inv=FED1 len=302 #1 0db252fa75bb1f805b64510b1ac4a32b1f805b6441fddcfaa32b1f80a8df510bdcfaa32b89455b64fc0bdcfa392b1f804864510ba7e8a32bad805b64120bdcfa082b1f8043df510b82e8a32bad805b6413afdcfa33531f805764510b31c4a32b5d4e5b644cecdcfabf2b1f800d64510b8ffaa32b1f805b64510bdcfaa32b1f805b64510bdcfaa32b1f805b64430bdcfaa32b1f805b64510bdcfaa32b1f805b64
2026-10-02 19:42:22.729 [OP] 4612 inv=FFF7 len=8 #1 ca805b6455b252fa
2026-10-02 19:42:22.739 [OUT] 0185 inv=FFF7 len=12 #1 f7ff8501dcfaa32bc8d97b81
2026-10-02 19:42:27.162 [OUT] 0178 inv=FFFB len=8 #1 fbff7801260019fc
2026-10-02 19:42:27.227 [OP] 404D inv=FC67 len=920 #1 1207c464bf0b6ffa9d4c1f80bc64f70bdcfaf82ba7a45b64580b6ffad82ba0805c51510b6ffaf82b25806864471edcfaf82bca80f764580bdc6fa32bca809564270b6ffa1eef1f809564580b87fa132bec1e5b64580b6ffa472ba0803327510b6ffaf82bca80686496b3dcfaf82bca809464ab0baab8a32bca809564fc0bfefadc671f809564580b8bfa132ba7a45b64580b6ffa462ba0803327510b6ffaf82b
2026-10-02 19:42:27.230 [OUT] 0045 inv=FFF7 len=12 #1 f7ff4500510bdcfaa32b1f80
2026-10-02 19:42:27.231 [OUT] 0045 inv=FFF7 len=12 #2 f7ff4500510bdcfad82b1f80
2026-10-02 19:42:27.232 [OUT] 0045 inv=FFF7 len=12 #3 f7ff4500510bdcfa902b1f80
2026-10-02 19:42:27.232 [OUT] 0045 inv=FFF7 len=12 #4 f7ff4500510bdcfafb2b1f80
2026-10-02 19:42:27.232 [OUT] 0045 inv=FFF7 len=12 #5 f7ff4500510bdcfac52b1f80
2026-10-02 19:42:27.364 [OP] 4025 inv=FFDA len=37 #1 800ddc15fadcc45b2bf6d11b645861dc105f961faaec6462c47ffaf82c1faec45451ece2fa
2026-10-02 19:42:27.469 [OP] 4025 inv=FFF4 len=11 #2 0ef84d12aae02651ece2c4
2026-10-02 19:42:27.470 [OP] 4025 inv=FFF4 len=11 #3 4ff83195aae02651ece2c4
2026-10-02 19:42:27.470 [OP] 4025 inv=FFEA len=21 #4 93db70e9c794645861dc6db99353aef31b51ece2fa
2026-10-02 19:42:27.470 [OP] 4025 inv=FFF5 len=10 #5 c5533832c4df51ece2fa
2026-10-02 19:42:31.911 [OUT] 0049 inv=FFEC len=23 #1 ecff49002b1f805b64510bdc5a4e78c8805b64510b71c4
2026-10-02 19:42:31.978 [OP] 4020 inv=FFE7 len=24 #1 0db252facd2bca809420510bc740a32bca809564520ba9fa
2026-10-02 19:42:31.978 [OP] 4202 inv=FFEF len=16 #1 230bdcfaa32b1f800ea9510b4a5ba32b
2026-10-02 19:42:32.041 [OP] 40E0 inv=FED1 len=302 #2 0db252fa75bb1f805b64510b1ac4a32b1f805b6441fddcfaa32b1f80a8df510bdcfaa32b89455b64fc0bdcfa392b1f804864510ba7e8a32bad805b64120bdcfa082b1f8043df510b82e8a32bad805b6413afdcfa33531f805764510b31c4a32b5d4e5b644cecdcfabf2b1f800d64510b8ffaa32b1f805b64510bdcfaa32b1f805b64510bdcfaa32b1f805b64430bdcfaa32b1f805b64510bdcfaa32b1f805b64
2026-10-02 19:42:32.042 [OP] 40E3 inv=FFD7 len=40 #1 f03bad805c81a552acfabc2bd4801b64db0b6ffabf5384809fdf0b0b0022202b01cec464edd090fa
2026-10-02 19:42:32.042 [OP] 40E2 inv=FFF3 len=12 #1 becdfc0b6ffaf82b45809564
2026-10-02 19:42:32.042 [OP] 4232 inv=FF60 len=159 #1 e5afd0dce0a32b1f4f5b645127dcfaa3de1f805b6f510bdc1c462b1f805b64510bdcfaa32b1f805b64510bdcfaa32b1f805b64510bdcfaa3f89d805b64510bdcb7f82b1f805b6451fb8bfaa32b1f805b4e580bdcfaa32b1f227a64519c52faa3edad805b7c510bdc25a32b1fef5b6451c4dcfaa3d4ad805bbc510bdc6ba32b1f0a5b64510bdcfaa32cd672eca2d661e2b05b931f805b64510bdcfaa32b1f80
2026-10-02 19:42:32.042 [OP] 4232 inv=FF60 len=159 #2 e5afd0dcf4a32b1f8c5b6451fddcfaa3061f805b08510bdcc0202b1f805b64510bdcfaa32b1f805b64510bdcfaa32b1f805b64510bdcfaa34c62805b64510bdc1e392b1f805b6451bf6afaa32b1f805b6eb20bdcfaa32b1f132364512e52faa3b834805be4510bdc02a32b1fef5b6451c4dcfaa31a9d805b02510bdc95a32b1fd35b64510bdcfaa32cd672eca2d6e4e2b05bde1f805bdf510bdcfaa32b1f80
2026-10-02 19:42:32.042 [OP] 4232 inv=FF60 len=159 #3 e5afd0dce0a32b1f8c5b6451c0dcfaa36b1f805b53510bdc38572b1f805b64510bdcfaa32b1f805b64510bdcfaa32b1f805b64510bdcfaa3068a805b64510bdce2202b1f805b64515f66faa32b1f805b8e830bdcfaa32b1fb99b64517352faa33f8a805bef510bdcf0a32b1fef5b6451c4dcfaa3973c805b0b510bdc84db2b1f239564510bdcfaa32cd6724852d6ca10b05b4aca8095f8510bdcfaa32b1f80
2026-10-02 19:42:32.088 [OP] 4055 inv=FFF7 len=8 #1 becdfc0bdcfaa32b
2026-10-02 19:42:32.088 [OP] 4613 inv=FFBE len=65 #1 c40a1c10aa4064291790104223f31c75df84cf6fb4a06df1c7550758ec6fc4a32bcaaa9564e55d4a300253ab809496b30be6faf82b1f7926b35c3828d7e62b1f80
2026-10-02 19:42:32.089 [OP] 40A0 inv=FCAF len=848 #1 becdfc0ba95ddb2bcdc75b647dd0dcfadb4a3826f012510bdcfaa32b1f805b64510bdcfaa32b1f805b64510bdcfaa32b1f805b64510bdcfaa32b1f80a237d475f6dcd62402c75b6440ecdcfadb4a3268bef22e60dcfaa32b1f805b64510bdcfaa32b1f805b64510bdcfaa32b1f805b64510bdcfaa32b1f80b7a9a675d2308f24f4c75b64d4c4dcfadb4a7caf33b4303ccdb38023db065b64510bdcfaa32b1f80
2026-10-02 19:42:32.089 [OP] 4613 inv=FB67 len=1176 #2 c4e5547dca4f5bba4505e9c4865b2f2c947dd1eca282f87293aa95df580bdcc4f8531f895ea3fb316f53a393d5c75b5351ecdcfa230a19e5d72f6540dcfaa3cff5d1e97f0b7fdb93e5db4b17c325f136d1a5b5535fdaca5258ec6fc4f82b1faa95df51bb6d755f51caca5bf85150dc5ba3531f8040673a345fd50f2b1f80ffed7c3c52e0fd31707986d2583bd65bf87200aa56c2a9b56a0f3524caaa95df510b
2026-10-02 19:42:32.459 [OUT] 0185 inv=FFF7 len=12 #2 f7ff8501dcfaa32bc8d97b81
2026-10-02 19:42:32.488 [OUT] 0135 inv=FFF7 len=12 #1 f7ff3501dcfaa32bc9805b64
2026-10-02 19:42:32.493 [OUT] 0135 inv=FFF7 len=12 #2 f7ff3501dcfaa32ba0805b64
2026-10-02 19:42:32.517 [OUT] 0135 inv=FFF7 len=12 #3 f7ff3501dcfaa32b13805b64
2026-10-02 19:42:32.777 [OP] 42A7 inv=FEE6 len=281 #1 5f6b7f51bcdcfaa31831d3c20133340c33509e31d3c2019ff0dcfaa32b1f805b64510bdcfaa32b31d35b64510bdcfa04181f805bfc250befa9a32b1f805b642564dcfa04e91f80c201510bcdfaa32b88805b64510bdcfa8b311f80acfb510bdcfc0418277e5b643334dcfa04e91f7e3efc251939fc10e972c15b649f0b39fc102b1f805bfc25190c33a32b1f803efc5119cd8aa32b272bc2ca510bdcfc042b27
2026-10-02 19:42:32.778 [OP] 42A7 inv=FEE6 len=281 #2 5f6b7f518adcfaa31831d3c20133340c33509e31d3c2019ff0dcfaa32b1f805b64510bdcfaa32b31d35b64510bcd8a0418272b5b64510befa9a32b1f7eacfb9f64cd8a042b1f80c201510b398a0418407eacfb9f64dcfa8b311f7e3e645164398aa32b272b3e643334dc8aa32b1f803e64510bdcfc102b72c15bfb510bdcfa102b1f805bfc9f0b0c33a3181f805bfc2564dcfaa3e9278063ca5119dcfa041827
2026-10-02 19:42:32.778 [OP] 42A7 inv=FEE6 len=281 #3 5f6b7f5102dcfaa31831d3c20133340c33509e31d3c2019ff0dcfaa32b1f805b64510bdcfaa32b31d35b64510bdcfa04181f805bfc250befa9a32b1f805b642564dcfa04e91f80c201510bcdfaa32b88805b64510bdcfa8b311f80acfb510bdcfc0418277e5b643334dcfa04e91f7e3efc251939fc10e972c15b649f0b39fc102b1f805bfc25190c33a32b1f803efc5119cd8aa32b272bc2ca510bdcfc042b27
2026-10-02 19:42:42.627 [OP] 4613 inv=FFBA len=69 #3 dfb82fe7c4202b383fc3dc0259585b960e62830ff8cdcf6fb4a0d47079af8a83ec6fc4f82b1faa95df51bb6d755f51ca1e5bf8510bdce8a3531f804040986c2ab7d62b1f80
2026-10-02 19:42:47.987 [OP] 4613 inv=FFC1 len=62 #4 ca9524af58d5a7a5a693ca9a95de687f6fc4cc99597c52f87a8590c4f853ca805bdf58ecdcb198daf3b39581510bb8b9a3de1f805b64b2f22a386e2b1f80
2026-10-02 19:42:51.037 [OP] 4613 inv=FFB5 len=74 #5 f85994d19508b247883361760ac7e916e1b25d57b4644faa28280d0c9e98b46905aa95df5bc2e7faa353caaa5b731cad54a8f8c41fc78459517fdcc4a32becd52450127253d56c2b1f80
2026-10-02 19:42:55.349 [OP] 4612 inv=FFF7 len=8 #2 ca805b64d7b252fa
2026-10-02 19:42:58.956 [OP] 4612 inv=FFF7 len=8 #3 ca805b64b1d290fa
2026-10-02 19:42:59.248 [OUT] 1F01 inv=FF87 len=124 #1 87ff011fe85f4f54c4646f89a7ce2d932862e2d4e1e957b9f2a24f6c3e6a6fe94bb92da2fc6ce26ae1e957b9f2a24f6c3e6a6fe94bb92da2fc6ce26ae1e957b9f2a24f6c3e6a6fe94bb92da2fc6ce26ae1e957b9f2a24f6c3e6a6fe94bb92da2fc6ce26ae1e957b9f2a24f6c3e6a6fe94bb92da2fc6ce26ae1e957b9
2026-10-02 19:42:59.380 [CLOSE] main sock 2464 closed
2026-10-02 19:43:00.786 [CLOSE] main sock 4294967295 closed
2026-10-02 19:43:01.081 [CLOSE] main sock 4294967295 closed
2026-10-02 19:43:16.124 [PIPE] controller disconnected
2026-10-02 19:43:26.991 [CLOSE] main sock 4294967295 closed
2026-10-02 19:43:26.993 [CLOSE] main sock 4294967295 closed
2026-10-02 19:43:27.056 [INIT] dll unloaded
