2026-10-02 08:17:06.755 [INIT] dll loaded, pid=18996
2026-10-02 08:17:06.755 [INIT] codec loaded OK
2026-10-02 08:17:06.757 [INIT] iat hooks: recv=1 send=1 WSASend=1 connect=1 closesocket=1
2026-10-02 08:17:06.759 [OV] overlay window ready
2026-10-02 08:17:18.518 [PIPE] controller connected
2026-10-02 09:03:15.945 [CONNECT] main sock 2720 -> 8484
2026-10-02 09:03:16.002 [OUT] 0FFF inv=FBC6 len=260 #1 c6fbff0f61dbf62d93a32b1f805b64510bdcfaa32b9d805b64fb0bdcfaa32b1f80ecec9aeb608ac95d1f805b64510bdcfa572b1f80ba64510bdcfaa32bd687fff61364010ea32b1f805b64510b36faa32b2d805b64510bdcfa2a306ea3f779e3fcdcfaa32b1f805b64510bdcfaa32b1f805b64510bdcfaa32b1f805b64510bdcfaa32b1f805bbb3ca07aad5b2b69805b3f580bdcfaa3d91f805ba9510bdcf1492369a4a56779db7a98edb35a0c9564510bdcc6bc5829b69564510bdcfaa32b1f805bf7edd2a5ce080269b98740793042fdedd8940e9596836d02539540e2505b64510bdcfaa32b1f805b64b20bdcfa5f2b1f805b64510be20e8892e42b90ec510bdcfaa3
2026-10-02 09:03:16.301 [OP] 4002 inv=FF8B len=116 #1 958c12ff715470859e18fc4d451b71287071d608dae09094d30bc3e4fa88eca690a9fe28215dad80c464510b52faa32bd9ad5b64a0ffdcfa1f7f1f80c831510b155a4e78c8d97b81510bdcfa562b1f805b64510bdcfaa32b98aa5b64580cdcfaa399974dbeeab09661faa32b1f805b64510bdcfa
2026-10-02 09:03:17.606 [OUT] 0004 inv=FDD2 len=260 #1 d2fd04000cdcfaa37b7b6af764510bdcfaa32b1f805b6451b1dcfaa3321f805b64510bdcb0d80dd1e9acfe230bdcfaa32b1f805bdd510bdc30a32b1f805b6451613e9af7c288977a64510bdcfaa32b1f8c5b6451cddcfaa32b1f805baf9e0f4cfaa32b1f805b64510bdcfaa3671f805bb5510bdcfaa32b1f7dcd95b29f1d8bfd5151391c64510bdcfaa32b1f18a0a8c9f57128c3542e18fca8ab6141defbafab28f44ddc12feb0e6afb088fc64510bdcfaa32b1f805b64510bdcfaa32b1f805b64510bdcfaa32b1f805b64510bdcfaa32b1f805b64510bdcfaa32b1f805b64510bdcfaa32b1f805b64510bdcfaa32b1f805b64510bdcfaa32b1f805b64510bdcfaa32b1f
2026-10-02 09:03:17.679 [OP] 4014 inv=FFEA len=21 #1 0cca805bcd510bdcca6ddef3805b6451ba7488f82b
2026-10-02 09:03:17.726 [OP] 46F2 inv=E407 len=7160 #1 ff1106ab302fdce91f0ad8e5b4642e4e53e78b691fb86633330b611b8031868f5b9196134afa12fc89c8dbfd51e40cfc302be584f0555193d0b4ece86680e67076f97457a331c97c32675b0bcdfdb07a1e825b8deb693a66a62b0bc18b8ddd9bdc80d743825f7164b1beb6b7a377757ed3ef0d0b5a80a14b721a5b50332eeffab0a897324f5d51fb9223df2ba79abca006b5dc6d0bb30a712664d772ad9ba13c
2026-10-02 09:03:17.775 [OP] 46F2 inv=E409 len=7158 #2 be4325e90c43a33135c270e5ba0aa8fa4159123d85a151a4a4b7ad2bae2d54ff6568dcfc1d82ed1606e3060b0811f021279fbd69513223974466083a5bcef68374fc3f829a803e2033196060eae61fb552226b83daa5492bbf06dbe1b36aad04a3e950e96909d42e6efa6061c327bee6b45cdc2ba1b355d58a694a0bb605ad994bf5becc51de7c46a82bab8e1aa41d3cdc8d6a488637e064b349c938c2f40efb
2026-10-02 09:03:17.824 [OP] 46F2 inv=E40A len=7157 #3 fb1acfaed1339d6c802debb3f3dc4ed18b117c5401be0b6e68f0cf1f293350db0b0359650a1f7a6d09c00bd80733b31fd509e1e40b53d72b8b1f8f06ff8232c9fab012ff112eda51e979f1d32bc299d7aa517d2633862bfaf2ee64b1f20feba3953105e5644cbc7ddb809a121d5b09be0aa8fc3f4d7680fffa7301a129639d1f4cf069f70bf09b50651f5f32fdbe608afa6079279fe96876d2dcd1f0b395d36d
2026-10-02 09:03:17.824 [OP] 46F2 inv=E40A len=7157 #4 5003ae65245c23543cc2c8b1deb146042b0ba6af2db3abf0fc80a1ff2e716725a2dcd129c2080c32e1256c2b971d2b2a4ae9c34d196201f9861f8f2bd89c3ca446b0b3bb3c836435e86977b04bb5e5d7e31246dc3b5e6138867122356cad97e32b42b2b2ed33e36eef019b1f23262d5c28f857a3a1505ee45003119cfa3394d00b8bed3596dc12168616bc5bc9bc186201d4fc1f0696b7ea97513816b999e909
2026-10-02 09:03:17.824 [OP] 46F2 inv=E403 len=7164 #5 c9bb65d6d07bb29b5185ca4e499e7096b264068fc9ef6c457c9926132e2e943243bce4bb5b017a5c7703ff6e3980cb1b0c4a77ef128b1fb12c6d81343938162bc334836bb464743863c90e345b5003ae655e6fddffb863d8931b764eb0190e80db8c13182359dc9ee41a9fa6135a7438a349bde909e37aca14d958434380db8c1318dac8c2337cb0413f51a2b0ac1d319a7e89ff01e98ab47523d280e9c34d19
2026-10-02 09:03:17.867 [OP] E001 inv=FFAF len=80 #1 580be8a3232b1f80b77cb9b3ebffc88a0c5c5a4da476a3a1c95ee6c51d4d2439242070384597fb57d5b3bf5f24463e3bd83d1e2e69746388e50ebb98523976a2513758f2c56451666ffaa32b62805b64
2026-10-02 09:03:17.927 [QUESTION] {"type":"question","sock":2720,"qno":15,"field_a":83,"stem":"太阳是一颗自己能发热发光的星，它属于？","options":["1、恒星","2、正能量","3、烤肉用具","4、黑洞"]}
2026-10-02 09:03:17.927 [OP] 4011 inv=FC8D len=882 #1 215dad800e64510b6c2e0c5c6465ec21c7120e2eba381f805b751fe052faa32b38c36975510be2faa32b1f805b640ac32414fabea05396c1e7e13ca1c95ee6805b649beadcfaa32b1f8ef875fcd5dcfaa32b1f801dc1c703a3459d0beb24b180793aeeea13a94569b64d51e052faa32b1f807a64510bdcfaa32b41d6814d0aa0012e9f2c1f805b645134324d392b1f805b64e6e0dcfaa32bb2ce5b64510bdcfa
2026-10-02 09:03:17.927 [OP] 4015 inv=FB1B len=1252 #1 c787c464fc0bdcfa392b1f807293510bbba0a32b5baf5b64e592dcfa8ba41f807b81a552155a4e781cad5b649843dcfa4e78c8d97b81a552155a4e78c8d97b8196b1dcfa74531f807c64510b6ffaa32bd9ce5b64c5b1dcfaa32b1f805b64510b155a4e78ad795b64510bdcfa592b1f805b64510b525ba32b1f805b64f60bdcfaa32b1f80f764510bdc21232b1f805b64cf15c6faa32b1f805b64510b52faa32b
2026-10-02 09:03:17.927 [OP] 4B45 inv=EF82 len=4221 #1 777a7f518f8bfaa36afe64ee19e890ac359f134597d94d9e90a5a30c8585c0b1a2c58e2dd2e7d845a8a2c4ef123ca1e7dc8b6a16946edb3c14e9be8188ccfed6d1707e8d5a457282d25739753fed2afaa8b194022d2dd2e762afa8f25b378ae499c3a94138e1aec9670ea15bf9216a16946edb3c149130a0d6814dc381ac67a5153e65cc4b48a0e226426caa02d94d9e3ea5cb705b4502373457397578c35b41
2026-10-02 09:03:17.963 [OP] E062 inv=FFCD len=50 #1 9564510bbafa7f3b6c1d985c5579b6947349b2274cf9bc85b1032b25a8ed96784c181874c2d4d0f1d73f332b0b7873baa880
2026-10-02 09:03:17.963 [OP] E062 inv=FFDB len=36 #2 90faa32bee80eecd052a78b83467e8a4f369c5ce4dd0cb56fef33ab76de3b664c159bf80
2026-10-02 09:03:17.963 [OP] E062 inv=FFD6 len=41 #3 ce5b64516edcc0b44bd3a4302774b37803306ed87c542e911708d8c1c6127e0648f7caa14edf3c9780
2026-10-02 09:03:17.963 [OP] E062 inv=FFBD len=66 #4 8bfaa32b2180eecd052a78b83467e8a4f369c56648a6e72307f33ab76d5c192bceebd9b1e97b6f2e14b753eb4b4c723354115f2b04230737be87299ce0ac5c311c80
2026-10-02 09:03:17.965 [OP] E062 inv=FFD2 len=45 #5 aea32b1ffc5b3eaf205bb83467e8a43005939c08e9a1339602fe15472a7ccbe7c0c371aa87299ce0ccce36a780
2026-10-02 09:03:17.977 [OP] 4055 inv=FFF7 len=8 #1 57ecfc0bdcfaa32b
2026-10-02 09:03:17.977 [OP] 4042 inv=FFCF len=48 #1 5e0e392b59805b647ad0dcfaa32b1f805b64510be4d3a32b1f805b641ad0dcfaa32b1f805b64510b0733a32b1f805b64
2026-10-02 09:03:17.977 [OP] 4056 inv=FFF7 len=8 #1 5e0e392b1f805b64
2026-10-02 09:03:17.977 [OP] 4055 inv=FFF7 len=8 #2 57ecfc0bdcfaa32b
2026-10-02 09:03:17.977 [OP] 4045 inv=FF9B len=100 #1 5e0e392b8c805b64510bdcfa232b1f80d064510be7faa32b25805b64380bdcfa2e2b1f80f964510b45faa32b5d805b64ce0bdcfa8d2b1f80ec64510b11faa32be0805b64c80bdcfaf72b1f801464510bb2faa32b00805b645c0bdcfa162b1f808ba9510b
2026-10-02 09:03:17.977 [OP] 4041 inv=FFF7 len=8 #1 57ecfc0bdcfaa378
2026-10-02 09:03:17.977 [OP] 017E inv=FFED len=18 #1 215dad8095df58ec6fc4f853caaa95df58ec
2026-10-02 09:03:17.977 [OP] 4B49 inv=FFF7 len=8 #1 c787c464510bdcfa
2026-10-02 09:03:17.977 [OP] 40FB inv=FFF9 len=6 #1 215dad805b64
2026-10-02 09:03:17.977 [OP] 4613 inv=FFBA len=69 #1 df4383e7c420d9392cc39b917fa27523e6bd79915c0eec6f662924702694df58ec6ffaa353caaa5b4549145298f8c41f805bf051b1dcc4a32beceb066d0d9c27bbea2b1f80
2026-10-02 09:03:17.977 [OP] 40A0 inv=FF07 len=248 #1 57ecfc0b8b0e392b8e125b64637fdcfadb4a329abdea13f2dcfaa32b1f805b64510bdcfaa32b1f805b64510bdcfaa32b1f805b64510bdcfaa32b1f8039f80dd0d9e8f0de16605b6439ecdcfadb4ac3548a70b10541bbea0232805b64510bdcfaa32b1f805b64510bdcfaa32b1f805b64510bdcfaa32b1f806408c4ecfbe048536e605b6439ecdcfadb4ac3548a70b10541bbea0232805b64510bdcfaa32b1f80
2026-10-02 09:03:17.977 [OP] 4613 inv=FEFB len=260 #2 b2040370f8d91f990f5319be908cd124e1a6c30df67f6fe22924ca9be7df58ec6ffaa353caaa5ba3e6de5298f8541f80d94d51b1dcc4a32beceb066d0d19f8bbea2b1f807cfdfeece6e01d7362344cf85bad6ae62924182c94df58ee425b35b959aa95df580bdcc4f8531fb8dcb4fc316f53a32bd6025b2651ecdcfa5799974dbeeab09661faa32b181174df0b0bda16db70210c6b8e9eec047df895cf29da8a
2026-10-02 09:03:18.675 [OP] E014 inv=FF97 len=104 #1 23596579d0302c2a510bdcfaa32b1f805b64510b5e01c2bb4f55cf64b3e564fa9c2b1f805b64510bdcfaa32b1f805b64510bdcfaa32b1f805b64510bdcfaa32b1f805b64510bdcfaa32b1f805b64510bdcfaa32b1f805b64510bdcfaa32b1f805b64fcb20301c2bb
2026-10-02 09:03:18.736 [OP] E004 inv=FEBD len=322 #1 e60ba1914133409e335513f2dcfaa32b1f805b7ffd0be6faa32b1f805b64580bdcfaa32b1f805b64510b696479020e0f840a2913dcfaa32b1f805b26fdecc4faa32b1f805b64580bdcfaa32b1f805b64510b088880344ba7f764510bdcfaa32b1f805b64fdecdcfaa32b1f805b6412b252faa32b1f805b64510b0cc17923ac805b64510bdcfaa32b1f805b64fd0bdcfaa32b1f805b64fda690faa32b1f805b64
2026-10-02 09:03:18.937 [UI] auto dump on question qno=15
2026-10-02 09:03:18.937 [UI] ---- window dump begin (pid 18996) ----
2026-10-02 09:03:18.978 [UI] TOP=000605FE vis=0 cls=QBOvCls rc=(100,100,460,196) title=
2026-10-02 09:03:19.617 [SEND-ANSWER] qno=15 opt=0 ret=13 sock=2720
2026-10-02 09:03:19.669 [SYS] 测试通过！
2026-10-02 09:03:19.763 [SYS] 获得了#00FF00#100#FFF692#金币
2026-10-02 09:03:19.763 [CURRENCY] a=201744 b=328034
2026-10-02 09:03:19.828 [UI] TOP=000D02C8 vis=1 cls=ATL:012FF210 rc=(678,192,1718,999) title=什么什么大冒险2(①逍遥村敬老院)--Sep 24 2026《什么什么大冒险》制作委员会QQ群:515616289
2026-10-02 09:03:19.828 [UI] TOP=00630A72 vis=0 cls=DIEmWin rc=(-1,-1,135,38) title=DIEmWin
2026-10-02 09:03:19.889 [OUT] 1F02 inv=FFFB len=8 #1 fbff021fdcfaa32b
2026-10-02 09:03:19.895 [OUT] 0040 inv=FFFA len=9 #1 faff4000faa32b1f80
2026-10-02 09:03:19.895 [OUT] 0041 inv=FFFA len=9 #1 faff4100805b64510b
2026-10-02 09:03:19.895 [OUT] 0185 inv=FFF7 len=12 #1 f7ff8501dcfaa32bc8d97b81
2026-10-02 09:03:19.895 [OUT] 003D inv=FFFB len=8 #1 fbff3d00dcfaa32b
2026-10-02 09:03:19.895 [OUT] 003C inv=FFFB len=8 #1 fbff3c005b64510b
2026-10-02 09:03:19.895 [OUT] 003E inv=FFFB len=8 #1 fbff3e001f805b64
2026-10-02 09:03:19.895 [OUT] 003F inv=FFFB len=8 #1 fbff3f00510bdcfa
2026-10-02 09:03:19.895 [OUT] 0053 inv=FFFB len=8 #1 fbff5300510bdcfa
2026-10-02 09:03:19.895 [OUT] 1F00 inv=FFFB len=8 #1 fbff001fa32b1f80
2026-10-02 09:03:19.895 [OUT] 1F06 inv=FFFB len=8 #1 fbff061f5b64510b
2026-10-02 09:03:19.895 [OUT] 0230 inv=FFFB len=8 #1 fbff3002dcfaa32b
2026-10-02 09:03:19.895 [OUT] 0231 inv=FFFB len=8 #1 fbff31021f805b64
2026-10-02 09:03:19.895 [OUT] 0232 inv=FFFB len=8 #1 fbff3202510bdcfa
2026-10-02 09:03:19.895 [OUT] 0054 inv=FFFB len=8 #1 fbff5400a32b1f80
2026-10-02 09:03:19.905 [OUT] 01E4 inv=FFFB len=8 #1 fbffe401c787c464
2026-10-02 09:03:19.923 [OP] F005 inv=FFE7 len=24 #1 ed3572a4e10f854d1f805b64510bdcfaa3de888cab85847c
2026-10-02 09:03:19.939 [OP] 4601 inv=FFF7 len=8 #1 7b81a552155a232b
2026-10-02 09:03:19.998 [OP] 40E3 inv=FFCB len=52 #1 5e0e392b8a805b64370b6afa812b62801264830beefa462b128040646c0be6fa6c2ba5802464fc0b03faf82bae80c464250b52fa
2026-10-02 09:03:20.086 [OP] 40E2 inv=FFF3 len=12 #1 57ecfc0b6ffaf82b45809564
2026-10-02 09:03:20.086 [OP] 40E4 inv=FD39 len=710 #1 57ecfc0bfafaf82b73805b64510bdcfaa32b1f80cf64510bdcfaa32b1f805b6458756ac4f853cac7958d58e052faa32b1f805b64510bdcfaa32b1f805b64510bdcfaa32b1f805b64510bdcfaa32b1f805b64510bdcfa6b2b1f805b64510bdcfaa32b10805b64510bdcfaa32b1f8095df580b6ffaa32b1f805b6446e0dcfaa32b1f805b64510bdcfaa32b1f805b64510bdcfaa32b1f805b64510bdcfaa32b1f80
2026-10-02 09:03:20.086 [OP] 4600 inv=FF87 len=120 #1 e85f4f6cc4646f89a7fe2da228ece2181d3157b9e8314fe23e6a6fe94bb92da2fc6ce26ae1e957b9f2a24f6c3e6a6fe94bb92da2fc6ce26ae1e957b9f2a24f6c3e6a6fe94bb92da2fc6ce26ae1e957b9f2a24f6c3e6a6fe94bb92da2fc6ce26ae1e957b9f2a24f6c3e6a6fe94bb92da2fc6ce26ae1e957b9
2026-10-02 09:03:20.086 [OP] 4244 inv=FFF7 len=8 #1 5e0e392b1f800e64
2026-10-02 09:03:20.086 [OP] 4050 inv=FFF7 len=8 #1 57ecfc0bdcfaf82b
2026-10-02 09:03:20.086 [OP] 4503 inv=FFF3 len=12 #1 c787c464510bdcfaa32bca80
2026-10-02 09:03:20.116 [OP] 4020 inv=FE2B len=468 #1 c787c464a40b4cfaf82b1f808164510be8fa5b2b1f809564dbdbdcfaf82bca8095640e0b26c0a32bca8095640e0b6ffa76b41f809564580b52fa202b2e8d5b64580b6ffafd2bec808de7510b6ffaf82b34801b64b288dcfaf82bca804064b20be60da32bca809564830b6ffa23b01f809564580b36faf82b10ec5b64580b6ffa312bca804947510b6ffaf82bf38095646307dcfaf82bca80c064580bc740a32b
2026-10-02 09:03:20.116 [OP] 4021 inv=FF97 len=104 #1 215dad805c64510b2ab3a32bc8805bdf510b6ffa05601f809a64d60b6ffaf82b5baf5b641e0b2afadb2bca804393510bfefa5b2bad809564b4b6dcfade2bd6801c64580b08b3a32baf806464830b6ffa6ff51f800064d60b36faf82b88765b64580b6ffa312bca80
2026-10-02 09:03:20.116 [OP] 40FA inv=FF28 len=215 #1 c03e22a32b1fac5b64510bdcfaa32b1faac364510bdcfaa32bca5a5b64510bdcfaa35310805b64510bdcfaf8ef1f805b64510bdcc46d2b1f805b64510b6f48a32b1f805b6451ec64faa32b1f805b6458b6dcfaa32b1f805bdf7e0bdcfaa32b1f80956a510bdcfaa32b1faa2164510bdcfaa32bca725b64510bdcfaa3539e805b64510bdcfaf87b1f805b64510bdcc49d2b1f805b64510b6f5da32b1f805b6451
2026-10-02 09:03:20.116 [OP] 4B30 inv=FFF7 len=8 #1 c787c464510bdcfa
2026-10-02 09:03:20.116 [OP] 4B31 inv=FFF7 len=8 #1 7b8052faa32b1f80
2026-10-02 09:03:20.116 [OP] 4B21 inv=FFE1 len=30 #1 215dad805b81a55215c2a32b1f805b64510bdcfaa32b1f805b64510bdcfa
2026-10-02 09:03:20.120 [OP] 4410 inv=FB1D len=1250 #1 215dad805b51167c16d24e78c8d95bdf510b4a43f8531f8009ab6a60e6c24c82a755bd4eee3c0f41a32be4dd6d98a552155aa3531f80668e58ecdcfacc70559e40dde16fb694a20a911a5b64b89716d24e78c8d95bdf510bc043f8531f802f7da060e6c2dc31bf71bd4e062bf8d6a32bdc046d98a552155aa3531f80ff8e58ecdcfa0f9b559e40370d2bd82fb9234b0fbd4e960a5af1a32b68376d98a552155a
2026-10-02 09:03:20.123 [OUT] 0045 inv=FFF7 len=12 #1 f7ff4500510bdcfaa32b1f80
2026-10-02 09:03:20.123 [OUT] 0045 inv=FFF7 len=12 #2 f7ff4500510bdcfaf82b1f80
2026-10-02 09:03:20.123 [OUT] 0045 inv=FFF7 len=12 #3 f7ff4500510bdcfadb2b1f80
2026-10-02 09:03:20.123 [OUT] 0045 inv=FFF7 len=12 #4 f7ff4500510bdcfa392b1f80
2026-10-02 09:03:20.123 [OUT] 0045 inv=FFF7 len=12 #5 f7ff4500510bdcfafd2b1f80
2026-10-02 09:03:20.192 [UI] TOP=0039072A vis=0 cls=IME rc=(0,0,0,0) title=Default IME
2026-10-02 09:03:20.196 [OP] 4025 inv=FFD5 len=42 #1 dcaee8a3590086ad51ece2fae8e2df075bdfd60bb2f0f82bca725bdc087fdcc45b2b3832c4df51ece2c4
2026-10-02 09:03:20.201 [UI] TOP=004B08B8 vis=0 cls=MSCTFIME UI rc=(0,0,0,0) title=MSCTFIME UI
2026-10-02 09:03:20.223 [UI] TOP=000805F6 vis=0 cls=IME rc=(0,0,0,0) title=Default IME
2026-10-02 09:03:20.224 [UI] TOP=000F0D64 vis=0 cls=IME rc=(0,0,0,0) title=Default IME
2026-10-02 09:03:20.224 [UI] ---- window dump end ----
2026-10-02 09:03:20.299 [OP] 4025 inv=FFF5 len=10 #2 f8533832c4df51ece2fa
2026-10-02 09:03:20.299 [OP] 4025 inv=FFF5 len=10 #3 db533832c4df51ece2fa
2026-10-02 09:03:20.299 [OP] 4025 inv=FFF5 len=10 #4 39533832c4df51ece2fa
2026-10-02 09:03:20.301 [OP] 4025 inv=FFF5 len=10 #5 fd533832c4df51ece2fa
2026-10-02 09:03:21.422 [UI] auto-closing quiz frame: qno=15 opt=0
2026-10-02 09:03:24.414 [OP] 4613 inv=FFB8 len=71 #3 aaf8fdfeece6253dbc62344cf8eb246a57ff93182c94df43a66ab45c93892cc3df58ec6ffaa353caaa5b0faf495298f8c71f805b6451b1dcc4a32beceb066d0de38abbea2b1f80
2026-10-02 09:03:24.459 [OP] F005 inv=FFE7 len=24 #2 ed3572a407b3854d1f805b64510bdcfaa3ce7d80e93aff0b
2026-10-02 09:03:25.052 [OP] F005 inv=FFE7 len=24 #3 ed3572a4e10f854d1f805b64510bdcfaa3ce4712ddee30d0
2026-10-02 09:03:26.818 [OP] F005 inv=FFE7 len=24 #4 ed3572a407b3854d1f805b64510bdcfaa3de1f80e99ba80c
2026-10-02 09:03:27.094 [OP] F005 inv=FFE7 len=24 #5 ed3572a407b3854d1f805b64510bdcfaa3ce1f80e99ba80c
2026-10-02 09:03:28.633 [OUT] 1F51 inv=FFFF len=4 #1 ffff511f
2026-10-02 09:03:28.683 [OP] 4F52 inv=FFFF len=0 #1 
2026-10-02 09:03:37.738 [OP] EFFE inv=FFFE len=1 #1 0b
2026-10-02 09:03:38.705 [OUT] 1F51 inv=FFFF len=4 #2 ffff511f
2026-10-02 09:03:38.755 [OP] 4F52 inv=FFFF len=0 #2 
2026-10-02 09:03:45.711 [OP] 43F1 inv=FFFA len=5 #1 33b4de1faa
2026-10-02 09:03:48.769 [OUT] 1F51 inv=FFFF len=4 #3 ffff511f
2026-10-02 09:03:48.815 [OP] 4F52 inv=FFFF len=0 #3 
2026-10-02 09:03:51.587 [OP] 47C0 inv=FFEA len=21 #1 51cac7632831ec8b57ab8ba5967fd958b1dbb6b9d9
2026-10-02 09:03:51.591 [OP] 47C0 inv=FFF3 len=12 #2 0253ca967fd958b1dbb6b9d9
2026-10-02 09:03:51.591 [OP] 47C0 inv=FFF3 len=12 #3 0253ca98add958b16e0ea6d9
2026-10-02 09:03:52.590 [OP] 47C0 inv=FFEA len=21 #4 51cac7632831ec8b57ab8ba5967fd958b1dbb6b9d9
2026-10-02 09:03:52.590 [OP] 47C0 inv=FFF3 len=12 #5 0253ca967fd958b1dbb6b9d9
2026-10-02 09:03:53.166 [OP] 4704 inv=FFDE len=33 #1 c03e22a39ef3ce5ba0510bdcc5a32b1f3cc83369938c0ba32b1f805b64510bdcfa
2026-10-02 09:03:55.741 [OUT] 0031 inv=FFCE len=53 #1 ceff310064519c5233b4de1f4f5b6451b9dcfaa32b1f805b75510bdce8a32b1f805b6451a2da2bf00ad2341a64510bdcfaa32b1f80
2026-10-02 09:03:55.795 [SYS] 与邀请者之间有障碍。
2026-10-02 09:03:56.549 [OUT] 1F04 inv=FFF6 len=13 #1 f6ff041fce1f805ba9510bdce8
2026-10-02 09:03:57.569 [OP] 46FE inv=FFFF len=0 #1 
2026-10-02 09:03:58.770 [OP] EFFE inv=FFFE len=1 #2 0b
2026-10-02 09:04:01.024 [OUT] 1F51 inv=FFFF len=4 #4 ffff511f
2026-10-02 09:04:01.081 [OP] 4F52 inv=FFFF len=0 #4 
2026-10-02 09:04:01.328 [OP] 4704 inv=FFDE len=33 #2 c03e22a39ef3ce5ba0510bdcc5a32b1f3cc83369938c0ba32b1f805b64510bdcfa
2026-10-02 09:04:02.892 [OUT] 0031 inv=FFCE len=53 #2 ceff310064519c5233b4de1f4f5b6451b9dcfaa32b1f805b75510bdce8a32b1f805b6451a2da2bf00ad2341a64510bdcfaa32b1f80
2026-10-02 09:04:02.952 [OP] 401B inv=FEF3 len=268 #1 57ecfc0b8bfaa32b0f805b64b4b252fada2b1f802964510b606ea32b1f805b64135fdcfaa32b1f809ef8510bdcfaa32be6c75b64510bdcfa16876c842d43520bdcfaa32b1f805b6451a7b88b603bad803564510b68faa32b45ca5b64510bdcfac37c1f805b64510b03faa32b1f805b64db7fdcfaa32b1f8026b35c3828d7fb2b1f805b64510bdcfaa32b1f80a1ecfc0b87faa32b5c805b64aab1dcfaa32b1f80
2026-10-02 09:04:09.789 [OP] EFFE inv=FFFE len=1 #3 0b
2026-10-02 09:04:11.086 [OUT] 1F51 inv=FFFF len=4 #5 ffff511f
2026-10-02 09:04:11.133 [OP] 4F52 inv=FFFF len=0 #5 
2026-10-02 09:04:23.012 [OP] 4100 inv=FFF9 len=6 #1 98aa0bf8e37f
2026-10-02 09:04:23.105 [OUT] 003A inv=FFFB len=8 #1 fbff3a00510bdcfa
2026-10-02 09:04:23.105 [OUT] 003B inv=FFFB len=8 #1 fbff3b00a32b1f80
2026-10-02 09:04:23.112 [OP] 4101 inv=FC58 len=935 #1 c6d8de1f805b64510bdcfaa378c8d97b64510bdcfaa32b1f805b64510bdcfaa32b1f805b64510bdc30b4de8a805b4d310bdcfaa32b1f532764510bdcfaa32b1f805b64510bdcd9b4de1fce5b64510bdcfaa370fd805bf6a70bdc73db2b1f8da1645152155a4e78c8d97b81a55215e3a32b1fd97b81a5ec5eef6febd9d546e0510bdcfaa32b1f805b64135fdcfaa32b1f80afc6510bdcfaa32b1f805b64510bdc
2026-10-02 09:04:23.160 [OP] 40E0 inv=FED1 len=302 #1 7b8052fa39241f805b64510b5ffaa32b1f805b64fc75dcfaa32b1f800f64510bdcfaa32b04ac5b64230bdcfa392b1f803664510b52faa32bad805b64a60bdcfa392b1f808b64510b52faa32bad805b6499d0dcfad9531f809564510b2dfaa32b48aa5b64580bdcfa202b1f80dc64510b8ffaa32b1f805b64510bdcfaa32b1f805b64510bdcfaa32b1f805b64430bdcfaa32b1f805b64510bdcfaa32b1f805b64
2026-10-02 09:04:23.248 [OP] 40E1 inv=FFED len=18 #1 57ecfc0b6ffadb2ccaaa9564580b6ffaf82b
2026-10-02 09:04:24.095 [OUT] 1001 inv=FFF9 len=10 #1 f9ff01101f805b64510b
2026-10-02 09:04:24.234 [OP] 4108 inv=FFE3 len=28 #1 c787c464510bdcfa21531f80d8f8510bce4051421f805b64510bdcfa
2026-10-02 09:04:24.324 [OP] 4108 inv=FFE3 len=28 #2 c787c464510bdcfa4d531f80d8f8510bce4051ed1f805b64510bdcfa
2026-10-02 09:04:24.324 [OP] 4108 inv=FFF3 len=12 #3 5e0e392b1f805b64510bdcfa
2026-10-02 09:04:24.324 [OP] 4108 inv=FFF3 len=12 #4 5e0e392b1f805b64580bdcfa
2026-10-02 09:04:24.324 [OP] 4108 inv=FFF3 len=12 #5 5e0e392b1f805b640e0bdcfa
2026-10-02 09:04:24.324 [OP] 4104 inv=FFFB len=4 #1 3cae1f80
2026-10-02 09:04:24.324 [OP] 4104 inv=FFFB len=4 #2 3cae1faa
2026-10-02 09:04:24.324 [OP] 4104 inv=FFFB len=4 #3 3cae1fc7
2026-10-02 09:04:24.326 [OP] 4104 inv=FFFB len=4 #4 3cae1fce
2026-10-02 09:04:24.326 [OP] 4104 inv=FFFB len=4 #5 0a081f12
2026-10-02 09:04:26.527 [OP] 4105 inv=FFFE len=1 #1 c0
2026-10-02 09:04:26.527 [OP] 4105 inv=FFFE len=1 #2 af
2026-10-02 09:04:26.628 [OP] 4109 inv=FF8F len=112 #1 c787c464510b6fe8a32b1f805b64510b07faa32b59e7c36451ecdcfaa32bf380d1df510bd7faa32b1f805b64510bdcfaa32b1f803c64510b905b232b1faa5b648fecdcfa00de1f805b64510bdcfaa32b1f805b64550bdcfadb2462805bdf510b7cc4a32b21a2a8f8510bdcfa1a7d1f80
2026-10-02 09:04:26.730 [OP] 4105 inv=FFFE len=1 #3 0c
2026-10-02 09:04:26.730 [OP] 4106 inv=FFFD len=2 #1 a3cb
2026-10-02 09:04:26.731 [OP] 4111 inv=FFFD len=2 #1 a164
2026-10-02 09:04:27.079 [OP] 4109 inv=FFB7 len=72 #2 c787c464517f6fc4a32b1f805b64510b07faa32bca775b6487b1dcfa40ce1f8057df0e0b07faa32b39125b640eec5efaa32b1f805bdf510b8222a32b39125b64080b5efaa32b1f80
2026-10-02 09:04:27.183 [OP] 4105 inv=FFFE len=1 #4 0b
2026-10-02 09:04:27.183 [OP] 4106 inv=FFFD len=2 #2 f82b
2026-10-02 09:04:27.183 [OP] 4105 inv=FFFE len=1 #5 ec
2026-10-02 09:04:27.183 [OP] 4106 inv=FFFD len=2 #3 a353
2026-10-02 09:04:27.183 [OP] 4106 inv=FFFD len=2 #4 a393
2026-10-02 09:04:27.183 [OP] 4106 inv=FFFD len=2 #5 f8de
2026-10-02 09:04:27.184 [OP] 4111 inv=FFFD len=2 #2 9564
2026-10-02 09:04:27.829 [OP] 46FE inv=FFFF len=0 #2 
2026-10-02 09:04:28.540 [OP] 4109 inv=FFB7 len=72 #3 c787c464517f6fc4a32b1f805b64510b07faa32b59e75b6487b1dcfa40ce1f80a1f80e0b07faa32b39125b640e7f4ffaa32b1f805bdf510b8222a32b39125b64080b4ffaa32b1f80
2026-10-02 09:04:28.640 [OP] 4111 inv=FFFD len=2 #3 9464
2026-10-02 09:04:28.809 [OP] EFFE inv=FFFE len=1 #4 0b
2026-10-02 09:04:29.891 [OP] 4109 inv=FFA7 len=88 #4 7b8052faa393caaa5b64510bdcfaa32bb9805b64e6cddcfa1d4a1f80646f510b5425db2bb9805b6487b1dcfadb6f2d805b64510bdcc4a32bb2ce5b6487b1dcfadb2b2d805bdf510b05c4a32bc7aa5b64510bdcfaa32b1f80
2026-10-02 09:04:29.985 [OP] 4111 inv=FFFD len=2 #4 5c64
2026-10-02 09:04:31.287 [OP] 4109 inv=FF93 len=108 #5 7b8052faf893caaa5b64510bdcfaa32bca805b64af0be9c4b42b2eaa1c64510b6ffaa32b12805b6451cddcfac6d91f80dc53510b54fadb2b12805b64a0c4dcfafd2b2d805bdf510bdcfaa32b92aa5b64d50bdcfaa32b1f805b64510baeaea32ba94f5b64080b54faa32b1f80
2026-10-02 09:04:31.386 [OP] 4111 inv=FFFD len=2 #5 5b64
2026-10-02 09:04:38.231 [OP] 4112 inv=FFFD len=2 #1 dcc4
2026-10-02 09:04:38.231 [OP] 4112 inv=FFFD len=2 #2 6fc4
2026-10-02 09:04:38.231 [OP] 4112 inv=FFFD len=2 #3 e6c4
2026-10-02 09:04:38.231 [OP] 4112 inv=FFFD len=2 #4 36c4
2026-10-02 09:04:38.828 [OP] EFFE inv=FFFE len=1 #5 0b
2026-10-02 09:04:40.828 [OP] 4112 inv=FFFD len=2 #5 6ac4
2026-10-02 09:04:57.391 [SETTLE] exp=5742 gold=201744 len=393
2026-10-02 09:04:57.391 [OP] 472A inv=FE76 len=393 #1 c6d8de1f653964510bdcfaa32b1f805b64510bdceaab2b1f805b6451d5dcfaa312ad805b64510bdc22232b1f805b645153dcfaa32b1f805bf0920bdcfaa32b1f7c6364510bdcfaa32b1f805b64510bdcfaa32b1f805b64510bdcfaa32b1f805b64510bdcfaa32b1f805b64510bdcfaa32b1f805b64510bdcfaa32b1f805b64510bdcfaa32b1f805b64510bdcbdf82b1fc3956451fa6ffaa3ccca805bd3580bdc
2026-10-02 09:04:57.488 [OP] 42CE inv=FFFB len=4 #1 c87f510b
2026-10-02 09:04:57.488 [OP] 4211 inv=FFF6 len=9 #1 aa5b64515ca722a34a
2026-10-02 09:04:57.488 [OP] 4211 inv=FFF6 len=9 #2 aa5b6451af3e22a34a
2026-10-02 09:04:57.488 [OP] 4211 inv=FFF6 len=9 #3 aa5b645134a722a34a
2026-10-02 09:04:58.140 [OP] 46FE inv=FFFF len=0 #3 
2026-10-02 09:05:07.273 [OP] 4100 inv=FFF9 len=6 #2 98aaebf8fe7f
2026-10-02 09:05:07.365 [OP] 4101 inv=FD00 len=767 #2 b023d0dcfaa32b1f805b645152155a4e2b1f805b64510bdcfaa32b1f805b64510bdcfaa32b1f805ba9afd036faa33084805b64510bdca1b72b1f805b64510bdcfaa32b1f805b22afd0dc22a32b1f805b645150a9faa392c4805b590e0bdca74d2b1fd97b81a552155a4e78c8d97ba0510bdc5a4e78c8aa5740986c2ab7d6c51f805b64510bdcfaa338e4c65b64510bdcfaf9061f805b64510bdcfaa32b1f805b
2026-10-02 09:05:08.338 [OUT] 1001 inv=FFF9 len=10 #2 f9ff01101f805b64510b
2026-10-02 09:05:24.316 [SETTLE] exp=3596 gold=201744 len=393
2026-10-02 09:05:24.316 [OP] 472A inv=FE76 len=393 #2 c6d8de1fca1b64510bdcfaa32b1f805b64510bdc9fbc2b1f805b6451d5dcfaa31559805b64510bdc22232b1f805b645153dcfaa32b1f805bd9000bdcfaa32b1f7c6364510bdcfaa32b1f805b64510bdcfaa32b1f805b64510bdcfaa32b1f805b64510bdcfaa32b1f805b64510bdcfaa32b1f805b64510bdcfaa32b1f805b64510bdcfaa32b1f805b64510bdcbdf82b1fc3956451f16ffaa3ccca805bd3580bdc
2026-10-02 09:05:24.407 [OP] 42CE inv=FFFB len=4 #2 c87f510b
2026-10-02 09:05:24.407 [OP] 4211 inv=FFF6 len=9 #4 aa5b64515ca722a34a
2026-10-02 09:05:24.407 [OP] 4211 inv=FFF6 len=9 #5 aa5b6451af3e22a34a
2026-10-02 09:05:28.350 [OP] 46FE inv=FFFF len=0 #4 
2026-10-02 09:05:34.095 [OP] 4100 inv=FFF9 len=6 #3 98aa31261eec
2026-10-02 09:05:34.265 [OP] 4101 inv=FC90 len=879 #3 b023d0dcfaa32b1f805b645152155a4e2b1f805b64510bdcfaa32b1f805b64510bdcfaa32b1f805ba9afd0a7faa33084805b64510bdca1b72b1f805b64510bdcfaa32b1f805b22afd0dc22a32b1f805b645150a9faa392c4805b590e0bdca74d2b1fd97b81a552155a4e78c8d97ba0510bdc5a4e78c8aa5740986c2ab7d6c51f805b64510bdcfaa32be4c65b64510bdcfaf9061f805b64510bdcfaa32b1f805b
2026-10-02 09:05:35.147 [OUT] 1001 inv=FFF9 len=10 #3 f9ff01101f805b64510b
2026-10-02 09:05:54.479 [SETTLE] exp=3502 gold=201744 len=393
2026-10-02 09:05:54.479 [OP] 472A inv=FE76 len=393 #3 c6d8de1fc86e64510bdcfaa32b1f805b64510bdce6722b1f805b6451d5dcfaa34059805b64510bdc22232b1f805b645153dcfaa32b1f805bd9000bdcfaa32b1f7c6364510bdcfaa32b1f805b64510bdcfaa32b1f805b64510bdcfaa32b1f805b64510bdcfaa32b1f805b64510bdcfaa32b1f805b64510bdcfaa32b1f805b64510bdcfaa32b1f805b64510bdc7af82b1f1b956451fa6ffaa3ccca805b5c510bdc
2026-10-02 09:05:54.509 [OP] 42CE inv=FFFB len=4 #3 c87f510b
2026-10-02 09:05:58.556 [OP] 46FE inv=FFFF len=0 #5 
2026-10-02 09:06:01.438 [OP] 4705 inv=FFB8 len=71 #1 777a7f5134a722a33267ce5b81fd0bdcfaa32b1fd90d64510bdcfaa3c11f805b64510bdc60a32b1f805b645131dcfaa3d01f805b6651a2da2bf0e986341a64510bdcfaa32b1f80
2026-10-02 09:06:16.934 [OP] 4100 inv=FFF9 len=6 #4 98aaad265eec
2026-10-02 09:06:17.028 [OP] 4101 inv=FC6D len=914 #4 215dad805b64510bdcfaa32bc8d97b81510bdcfaa32b1f805b64510bdcfaa32b1f805b64510bdcfa5f3b9d4e5b6437fddcfaa32b1f80b1d9510bdcfaa32b1f805b64510bdcfa603bad80c464510bdcfaa32bf6455b645943dcfa83931f80807a510b155a4e78c8d97b81a552155ada2b1f807b81a5526fc616876c842d437f0bdcfaa32b1f805b64dfae02faa32b1f805bd82d0bdcfaa32b1f805b64510bdcfa
2026-10-02 09:06:18.020 [OUT] 1001 inv=FFF9 len=10 #4 f9ff01101f805b64510b
2026-10-02 09:06:36.191 [SETTLE] exp=3480 gold=201744 len=403
2026-10-02 09:06:36.191 [OP] 472A inv=FE6C len=403 #4 c6d8de1f206e64510bdcfaa32b1f805b64510bdc55722b1f805b6451d5dcfaa31359805b64510bdc22232b1f805b645153dcfaa32b1f805bb3c50bdcfaa32b1f7c6364510bdcfaa32b1f805b64510bdcfaa32b1f805b64510bdcfaa32b1f805b64510bdcfaa32b1f805b64510bdcfaa32b1f805b64510bdcfaa32b1f805b64510bdcfaa32b1f805b64510bdcb5a32b1fc3956451f16ffaa3ccca805bd3580bdc
2026-10-02 09:06:36.278 [OP] 42CE inv=FFFB len=4 #4 c87f510b
2026-10-02 09:06:43.285 [OP] 4100 inv=FFF9 len=6 #5 98aade26aeec
2026-10-02 09:06:43.479 [OP] 4101 inv=FBC5 len=1082 #5 215dad805b64510bdcfaa32bc8d97b81510bdcfaa32b1f805b64510bdcfaa32b1f805b64510bdcfa5f3b9dca5b6437fddcfaa32b1f80b1d9510bdcfaa32b1f805b64510bdcfa603bad80c464510bdcfaa32bf6455b645943dcfa83931f80807a510b155a4e78c8d97b81a552155ada2b1f807b81a5526fc616876c842d437f0bdcfaa32b1f805b64dfae02faa32b1f805bd82d0bdcfaa32b1f805b64510bdcfa
2026-10-02 09:06:44.365 [OUT] 1001 inv=FFF9 len=10 #5 f9ff01101f805b64510b
2026-10-02 09:07:12.269 [SETTLE] exp=5582 gold=201744 len=403
2026-10-02 09:07:12.269 [OP] 472A inv=FE6C len=403 #5 c6d8de1f279b64510bdcfaa32b1f805b64510bdc64d92b1f805b6451d5dcfaa3bcad805b64510bdc22232b1f805b645153dcfaa32b1f805bf6c20bdcfaa32b1f7c6364510bdcfaa32b1f805b64510bdcfaa32b1f805b64510bdcfaa32b1f805b64510bdcfaa32b1f805b64510bdcfaa32b1f805b64510bdcfaa32b1f805b64510bdcfaa32b1f805b64510bdcbdf82b1f2c5b6451fa6ffaa3731f805bc7580bdc
2026-10-02 09:07:12.366 [OP] 42CE inv=FFFB len=4 #5 c87f510b
2026-10-02 09:07:41.108 [SETTLE] exp=3456 gold=201744 len=393
2026-10-02 09:07:51.231 [OUT] 1005 inv=FFEF len=20 #1 efff0510a498f85342a05cdf0b0bdbfaa32b1f80
2026-10-02 09:07:51.328 [OP] 4110 inv=FFFD len=2 #1 5f2b
2026-10-02 09:08:08.649 [SETTLE] exp=3394 gold=201744 len=393
2026-10-02 09:08:32.606 [SETTLE] exp=5460 gold=201744 len=393
2026-10-02 09:08:47.847 [SETTLE] exp=3934 gold=201744 len=393
2026-10-02 09:09:05.463 [SETTLE] exp=5460 gold=201744 len=393
2026-10-02 09:09:05.555 [SYS] 获得了#00FF00#1#FFF692#个#64FF7D#黄玉葫芦
2026-10-02 09:09:05.650 [OP] 4020 inv=FFE7 len=24 #2 7b8052fa672bca8094cdfc0bcea7a32bca809564c50b8ffa
2026-10-02 09:09:32.854 [SETTLE] exp=4832 gold=201744 len=393
2026-10-02 09:09:55.428 [SETTLE] exp=4624 gold=201744 len=403
2026-10-02 09:10:04.415 [OUT] 1005 inv=FFEF len=20 #2 efff05108b56b8534da05cdf0b0bdbfaa32b1f80
2026-10-02 09:10:04.417 [OUT] 1004 inv=FFF3 len=16 #1 f3ff0410dcfaa32b1f790d64510bdcfa
2026-10-02 09:10:04.559 [OP] 4110 inv=FFFD len=2 #2 5f2b
2026-10-02 09:10:04.766 [OP] 4110 inv=FFFD len=2 #3 b42b
2026-10-02 09:10:16.549 [OUT] 1004 inv=FFF3 len=16 #2 f3ff0410dcfaa32b1f790d64510bdcfa
2026-10-02 09:10:16.607 [OP] 4110 inv=FFFD len=2 #4 b453
2026-10-02 09:10:25.520 [SETTLE] exp=4770 gold=201744 len=393
2026-10-02 09:10:47.845 [OUT] 1004 inv=FFF3 len=16 #3 f3ff0410dcfaa32b1f790d64510bdcfa
2026-10-02 09:10:47.945 [OP] 4110 inv=FFFD len=2 #5 b42b
2026-10-02 09:10:52.660 [SETTLE] exp=3788 gold=201744 len=393
2026-10-02 09:11:10.034 [OP] 4613 inv=FFBE len=65 #4 c49c1c10aa4064291790104263bc7913195826e3c4a646d741550758ec6fc4a32bcaaa956462082a220253ab809457080b8bfaf82b1f7926b35c3828d7972b1f80
2026-10-02 09:11:17.727 [SETTLE] exp=4980 gold=201744 len=403
2026-10-02 09:11:20.104 [OP] 4613 inv=FFBE len=65 #5 c40a1c10aa4064291790104223f31c75df84cf6fb4a06df1c7550758ec6fc4a32bcaaa95646975d0220253ab809465190b8bfaf82b1f7926b35c3828d7e62b1f80
2026-10-02 09:11:31.090 [OUT] 1004 inv=FFF3 len=16 #4 f3ff0410dcfaa32b1f790d64510bdcfa
2026-10-02 09:11:38.499 [SETTLE] exp=4020 gold=201744 len=403
2026-10-02 09:11:54.695 [SETTLE] exp=3424 gold=201744 len=403
2026-10-02 09:12:16.480 [OUT] 1004 inv=FFF3 len=16 #5 f3ff0410dcfaa32b1f8c0d64510bdcfa
2026-10-02 09:12:26.988 [SETTLE] exp=5496 gold=201744 len=393
2026-10-02 09:12:49.275 [SETTLE] exp=3688 gold=201744 len=403
2026-10-02 09:13:20.741 [SETTLE] exp=5104 gold=201744 len=393
2026-10-02 09:13:23.141 [OP] 4612 inv=FFF7 len=8 #1 ca805b64408052fa
2026-10-02 09:13:39.730 [OP] 43F1 inv=FFFA len=5 #2 b4b4de1faa
2026-10-02 09:13:57.130 [SETTLE] exp=4832 gold=201744 len=403
2026-10-02 09:14:13.496 [OP] 4612 inv=FFF7 len=8 #2 ca805b64408052fa
2026-10-02 09:14:25.860 [SETTLE] exp=4476 gold=201744 len=393
2026-10-02 09:14:45.116 [SETTLE] exp=3874 gold=201744 len=393
2026-10-02 09:15:16.654 [SETTLE] exp=5668 gold=201744 len=403
2026-10-02 09:15:38.130 [SETTLE] exp=3996 gold=201744 len=393
2026-10-02 09:16:06.390 [SETTLE] exp=3996 gold=201744 len=393
2026-10-02 09:16:35.610 [SETTLE] exp=4894 gold=201744 len=403
2026-10-02 09:16:58.625 [SETTLE] exp=5288 gold=201744 len=393
2026-10-02 09:17:25.999 [SETTLE] exp=4168 gold=201744 len=403
2026-10-02 09:17:26.188 [OP] 4210 inv=FFF3 len=12 #1 ac0bdcfaf72b1f80a1ecfc0b
2026-10-02 09:17:44.475 [SETTLE] exp=4292 gold=201744 len=403
2026-10-02 09:18:12.880 [SETTLE] exp=3246 gold=201744 len=403
2026-10-02 09:18:53.831 [SETTLE] exp=5202 gold=201744 len=403
2026-10-02 09:19:28.104 [SETTLE] exp=4144 gold=201744 len=403
2026-10-02 09:19:55.411 [SETTLE] exp=3542 gold=201744 len=403
2026-10-02 09:20:27.635 [SETTLE] exp=4662 gold=201744 len=393
2026-10-02 09:20:57.345 [SETTLE] exp=3394 gold=201744 len=403
2026-10-02 09:21:25.116 [SETTLE] exp=5582 gold=201744 len=403
2026-10-02 09:21:49.663 [SETTLE] exp=3924 gold=201744 len=393
2026-10-02 09:22:17.764 [SETTLE] exp=3480 gold=201744 len=403
2026-10-02 09:22:46.091 [OUT] 1005 inv=FFEF len=20 #3 efff0510a498f85342a05cdf0b0bdbfaa32b1f80
2026-10-02 09:22:51.618 [SETTLE] exp=4980 gold=201744 len=393
2026-10-02 09:23:18.247 [SETTLE] exp=4832 gold=201744 len=403
2026-10-02 09:23:45.821 [SETTLE] exp=3332 gold=201744 len=403
2026-10-02 09:24:20.558 [SETTLE] exp=4438 gold=201744 len=393
2026-10-02 09:24:20.659 [OP] 4210 inv=FFF3 len=12 #2 ac0bdcfa0d2b1f80baecfc0b
2026-10-02 09:24:49.858 [SETTLE] exp=3092 gold=201744 len=403
2026-10-02 09:25:20.497 [SETTLE] exp=4958 gold=201744 len=403
2026-10-02 09:25:42.857 [SETTLE] exp=3850 gold=201744 len=393
2026-10-02 09:26:00.191 [SETTLE] exp=3394 gold=201744 len=393
2026-10-02 09:26:20.038 [SETTLE] exp=4624 gold=201744 len=403
2026-10-02 09:26:47.505 [SETTLE] exp=4230 gold=201744 len=403
2026-10-02 09:27:05.701 [SETTLE] exp=3394 gold=201744 len=393
2026-10-02 09:27:37.000 [SETTLE] exp=3640 gold=201744 len=403
2026-10-02 09:28:00.268 [SETTLE] exp=5754 gold=201744 len=403
2026-10-02 09:28:29.043 [SETTLE] exp=4082 gold=201744 len=403
2026-10-02 09:28:54.646 [SETTLE] exp=5606 gold=201744 len=403
2026-10-02 09:29:21.060 [OUT] 1005 inv=FFEF len=20 #4 efff0510a498f85342a05cdf0b0bdbfaa32b1f80
2026-10-02 09:29:26.744 [SETTLE] exp=4292 gold=201744 len=393
2026-10-02 09:30:04.727 [SETTLE] exp=5644 gold=201744 len=393
2026-10-02 09:30:25.625 [SETTLE] exp=4662 gold=201744 len=393
2026-10-02 09:30:57.478 [SETTLE] exp=4600 gold=201744 len=403
2026-10-02 09:31:34.135 [SETTLE] exp=4746 gold=201744 len=403
2026-10-02 09:32:04.223 [SETTLE] exp=3480 gold=201744 len=393
2026-10-02 09:32:37.290 [SETTLE] exp=4770 gold=201744 len=403
2026-10-02 09:33:07.979 [SETTLE] exp=4292 gold=201744 len=393
2026-10-02 09:33:39.667 [SETTLE] exp=5522 gold=201744 len=403
2026-10-02 09:33:39.773 [SYS] 获得了#00FF00#1#FFF692#个#64FF7D#碧玉葫芦
2026-10-02 09:33:39.773 [OP] 4020 inv=FFE7 len=24 #3 7b8052fa672bca8094cdfc0b91a7a32bca809564fd0b54fa
2026-10-02 09:34:09.239 [SETTLE] exp=3688 gold=201744 len=403
2026-10-02 09:34:29.337 [SETTLE] exp=3542 gold=201744 len=393
2026-10-02 09:34:58.171 [SETTLE] exp=5436 gold=201744 len=393
2026-10-02 09:35:21.704 [SETTLE] exp=3936 gold=201744 len=393
2026-10-02 09:35:46.857 [SETTLE] exp=5374 gold=201744 len=403
2026-10-02 09:36:07.315 [SETTLE] exp=5560 gold=201744 len=403
2026-10-02 09:36:18.400 [SYS] #FFF692#恭喜#FF8CF8#凝眉一颦#FFF692#打造出#64FF7D#+10#FFF692#装备
2026-10-02 09:36:27.469 [SETTLE] exp=3818 gold=201744 len=393
2026-10-02 09:36:56.465 [SETTLE] exp=3626 gold=201744 len=393
2026-10-02 09:37:32.450 [SETTLE] exp=5290 gold=201744 len=393
2026-10-02 09:37:59.515 [SETTLE] exp=3308 gold=201744 len=393
2026-10-02 09:37:59.515 [SYS] 获得了#00FF00#1#FFF692#个#64FF7D#碧玉葫芦
2026-10-02 09:37:59.615 [OP] 4020 inv=FFE7 len=24 #4 7b8052fa672bca8094cdfc0b91a7a32bca809564fd0b5efa
2026-10-02 09:38:19.718 [SETTLE] exp=2592 gold=201744 len=403
2026-10-02 09:38:50.625 [SETTLE] exp=5584 gold=201744 len=403
2026-10-02 09:38:50.721 [OP] 40E6 inv=FFF3 len=12 #1 215dad80e953510bdcfaa32b
2026-10-02 09:38:50.721 [OP] 40E0 inv=FED1 len=302 #2 7b8052fa23241f805b64510bd6faa32b1f805b648375dcfaa32b1f804a64510bdcfaa32b04ac5b64230bdcfa392b1f803664510b52faa32bad805b64a60bdcfa392b1f808b64510b52faa32bad805b644ed0dcfad9531f809564510b2dfaa32b22aa5b64580bdcfa202b1f80dc64510b8ffaa32b1f805b64510bdcfaa32b1f805b64510bdcfaa32b1f805b64430bdcfaa32b1f805b64510bdcfaa32b1f805b64
2026-10-02 09:38:50.722 [OP] 40E3 inv=FFCB len=52 #2 5e0e392b8a795b64370b6afa812b62801264830beefa462b128040646c0be6fa6c2ba5802464fc0b03faf82bae80c464250b52fa
2026-10-02 09:38:50.722 [OP] 40E2 inv=FFF3 len=12 #2 57ecfc0b6ffa732b45809564
2026-10-02 09:38:50.723 [OP] 4233 inv=FFFA len=5 #1 777a7f510b
2026-10-02 09:38:50.723 [OP] 40F6 inv=FFEF len=16 #1 215dad809808510bdcfaa32b1f80c364
2026-10-02 09:38:50.723 [OP] 4232 inv=FF60 len=159 #1 b023d0dce0a32b1f4f5b645127dcfaa3de1f805b6f510bdc1c462b1f805b64510bdcfaa32b1f805b64510bdcfaa32b1f805b64510bdcfaa3a79d805b64510bdc63f82b1f805b6451e28bfaa32b1f805b41580bdcfaa32b1f567a64516f52faa30959805b15510bdc25a32b1fef5b6451c4dcfaa32ead805b14510bdcc5a32b1f445b64510bdcfaa32cd672eca2d661e2b05b931f805b64510bdcfaa32b1f80
2026-10-02 09:38:50.749 [OUT] 0185 inv=FFF7 len=12 #2 f7ff8501dcfaa32bc8d97b81
2026-10-02 09:38:50.797 [OP] 4210 inv=FFF3 len=12 #3 ac0bdcfa1e2b1f8057ecfc0b
2026-10-02 09:39:17.497 [SETTLE] exp=1554 gold=201744 len=393
2026-10-02 09:39:49.603 [SETTLE] exp=3300 gold=201744 len=393
2026-10-02 09:40:10.126 [SETTLE] exp=2530 gold=201744 len=403
2026-10-02 09:40:39.586 [SETTLE] exp=4060 gold=201744 len=393
2026-10-02 09:41:09.173 [SETTLE] exp=2530 gold=201744 len=403
2026-10-02 09:41:28.199 [SETTLE] exp=2208 gold=201744 len=403
2026-10-02 09:41:55.969 [OUT] 1005 inv=FFEF len=20 #5 efff0510a498f85342a05cdf0b0bdbfaa32b1f80
2026-10-02 09:42:01.534 [SETTLE] exp=3622 gold=201744 len=403
2026-10-02 09:42:31.168 [SETTLE] exp=3408 gold=201744 len=403
2026-10-02 09:43:00.833 [SETTLE] exp=4016 gold=201744 len=403
2026-10-02 09:43:32.681 [SETTLE] exp=2424 gold=201744 len=393
2026-10-02 09:43:56.177 [SETTLE] exp=1554 gold=201744 len=403
2026-10-02 09:44:26.672 [SETTLE] exp=2468 gold=201744 len=403
2026-10-02 09:44:48.028 [SETTLE] exp=2520 gold=201744 len=393
2026-10-02 09:45:16.562 [SETTLE] exp=3998 gold=201744 len=403
2026-10-02 09:45:56.961 [SETTLE] exp=2968 gold=201744 len=403
2026-10-02 09:46:27.180 [SETTLE] exp=2682 gold=201744 len=403
2026-10-02 09:46:54.057 [SETTLE] exp=2178 gold=201744 len=393
2026-10-02 09:47:12.302 [SETTLE] exp=2424 gold=201744 len=393
2026-10-02 09:47:48.087 [SETTLE] exp=1620 gold=201744 len=393
2026-10-02 09:48:12.776 [SETTLE] exp=2638 gold=201744 len=403
2026-10-02 09:48:38.805 [SETTLE] exp=2512 gold=201744 len=393
2026-10-02 09:49:08.053 [SETTLE] exp=2968 gold=201744 len=393
2026-10-02 09:49:32.034 [SETTLE] exp=3970 gold=201744 len=393
2026-10-02 09:50:03.793 [SETTLE] exp=4230 gold=201744 len=403
2026-10-02 09:50:34.219 [SETTLE] exp=3560 gold=201744 len=393
2026-10-02 09:51:03.184 [SETTLE] exp=3622 gold=201744 len=403
2026-10-02 09:51:33.368 [SETTLE] exp=2906 gold=201744 len=393
2026-10-02 09:52:00.792 [SETTLE] exp=3622 gold=201744 len=403
2026-10-02 09:52:34.058 [SETTLE] exp=3300 gold=201744 len=393
2026-10-02 09:52:54.622 [SETTLE] exp=2924 gold=201744 len=403
2026-10-02 09:53:18.551 [SETTLE] exp=2316 gold=201744 len=393
2026-10-02 09:53:51.941 [SETTLE] exp=3666 gold=201744 len=403
2026-10-02 09:54:16.894 [SETTLE] exp=1524 gold=201744 len=403
2026-10-02 09:54:43.349 [SETTLE] exp=3014 gold=201744 len=393
2026-10-02 09:55:16.494 [SETTLE] exp=3998 gold=201744 len=403
2026-10-02 09:55:41.552 [SETTLE] exp=3120 gold=201744 len=393
2026-10-02 09:55:58.858 [SETTLE] exp=4044 gold=201744 len=403
2026-10-02 09:56:24.269 [SETTLE] exp=2424 gold=201744 len=393
2026-10-02 09:56:54.269 [SETTLE] exp=2620 gold=201744 len=403
2026-10-02 09:57:16.849 [SETTLE] exp=2274 gold=201744 len=393
2026-10-02 09:57:44.139 [SETTLE] exp=3014 gold=201744 len=393
2026-10-02 09:58:09.078 [SETTLE] exp=2576 gold=201744 len=403
2026-10-02 09:58:33.172 [SETTLE] exp=1866 gold=201744 len=403
2026-10-02 09:59:04.476 [SETTLE] exp=4060 gold=201744 len=393
2026-10-02 09:59:23.705 [SETTLE] exp=2468 gold=201744 len=403
2026-10-02 09:59:44.789 [OP] 4031 inv=FFDC len=35 #1 455b615108dcfaa3531fe9022e98c810387599970e2d6451839fdd59c0c3e941876f0b
2026-10-02 09:59:52.495 [SETTLE] exp=3684 gold=201744 len=403
2026-10-02 10:00:14.010 [SETTLE] exp=3300 gold=201744 len=393
2026-10-02 10:00:35.562 [SETTLE] exp=3452 gold=201744 len=393
2026-10-02 10:00:57.737 [SETTLE] exp=2424 gold=201744 len=393
2026-10-02 10:01:17.114 [SETTLE] exp=2968 gold=201744 len=393
2026-10-02 10:01:41.128 [SETTLE] exp=1524 gold=201744 len=393
2026-10-02 10:02:13.798 [SETTLE] exp=3498 gold=201744 len=393
2026-10-02 10:02:44.589 [SETTLE] exp=3120 gold=201744 len=393
2026-10-02 10:03:08.216 [SETTLE] exp=3970 gold=201744 len=403
2026-10-02 10:03:40.285 [SETTLE] exp=3604 gold=201744 len=403
2026-10-02 10:04:16.655 [SETTLE] exp=4104 gold=201744 len=393
2026-10-02 10:04:52.851 [SETTLE] exp=3784 gold=201744 len=403
2026-10-02 10:05:21.015 [SETTLE] exp=3120 gold=201744 len=393
2026-10-02 10:05:57.466 [SETTLE] exp=4044 gold=201744 len=403
2026-10-02 10:05:57.578 [SYS] 获得了#00FF00#1#FFF692#个#64FF7D#碧玉葫芦
2026-10-02 10:05:57.578 [OP] 4020 inv=FFE7 len=24 #5 7b8052fa672bca8094cdfc0b91a7a32bca809564fd0b4ffa
2026-10-02 10:06:27.765 [SETTLE] exp=3908 gold=201744 len=393
2026-10-02 10:07:02.341 [SETTLE] exp=3390 gold=201744 len=403
2026-10-02 10:07:22.819 [SETTLE] exp=1592 gold=201744 len=393
2026-10-02 10:07:50.934 [SETTLE] exp=3184 gold=201744 len=403
2026-10-02 10:08:27.605 [SETTLE] exp=4212 gold=201744 len=403
2026-10-02 10:08:53.215 [SETTLE] exp=2468 gold=201744 len=403
2026-10-02 10:09:01.360 [OP] 4612 inv=FFE7 len=24 #3 fd0bdcfaa63bad80becdfc0be90e392bb507c464408052fa
2026-10-02 10:09:01.360 [OP] 4612 inv=FFE7 len=24 #4 fd0bdcfaa63bad80becdfc0be90e392bb507c464408052fa
2026-10-02 10:09:26.694 [SETTLE] exp=2246 gold=201744 len=403
2026-10-02 10:09:48.250 [SETTLE] exp=2360 gold=201744 len=393
2026-10-02 10:10:13.369 [SETTLE] exp=1882 gold=201744 len=403
2026-10-02 10:10:28.713 [SETTLE] exp=2350 gold=201744 len=403
2026-10-02 10:10:55.090 [SETTLE] exp=2728 gold=201744 len=403
2026-10-02 10:11:12.584 [SETTLE] exp=2536 gold=201744 len=403
2026-10-02 10:11:33.996 [SETTLE] exp=2274 gold=201744 len=403
2026-10-02 10:11:36.145 [OP] 40A0 inv=FFBB len=68 #2 57ecfc0b6ffadb2b69605b6439ecdcfadb4ac3548a70b10543bbea0232805b64510bdcfaa32b1f805b64510bdcfaa32b1f805b64510bdcfaa32b1f8007dff1fd59c49a7c
2026-10-02 10:12:06.758 [SETTLE] exp=2128 gold=201744 len=393
2026-10-02 10:12:27.429 [SETTLE] exp=1360 gold=201744 len=393
2026-10-02 10:12:53.678 [SETTLE] exp=1360 gold=201744 len=393
2026-10-02 10:13:15.623 [SETTLE] exp=620 gold=201744 len=403
2026-10-02 10:13:46.903 [SETTLE] exp=966 gold=201744 len=403
2026-10-02 10:14:08.056 [SETTLE] exp=966 gold=201744 len=403
2026-10-02 10:14:08.276 [OP] 40A0 inv=FFBB len=68 #3 57ecfc0b6fdc5f2b5a605b6439ecdcfadb4ac3548a70b10568bbea0232805b64510bdcfaa32b1f805b64510bdcfaa32b1f805b64510bdcfaa32b1f8007df8a3d59c4dfee
2026-10-02 10:14:30.772 [SETTLE] exp=862 gold=201744 len=403
2026-10-02 10:15:00.760 [SETTLE] exp=862 gold=201744 len=403
2026-10-02 10:15:04.861 [SYS] #ff0000#您已进入野外区域，可能遭遇玩家间的自由对战，请注意安全！#ffffff#
2026-10-02 10:15:04.955 [OP] 4612 inv=FFF7 len=8 #5 ca805b64418052fa
2026-10-02 10:15:04.956 [OP] 4202 inv=FFEF len=16 #1 d5ecdcfab42b1f806adf510be4c4a32b
2026-10-02 10:15:04.956 [OP] 40E0 inv=FED1 len=302 #3 7b8052fa23241f805b64510bd6faa32b1f805b648375dcfaa32b1f804a64510bdcfaa32b04ac5b64230bdcfa392b1f803664510b52faa32bad805b64a60bdcfa392b1f808b64510b52faa32bad805b644ed0dcfad9531f809564510b2dfaa32b22aa5b64580bdcfa202b1f80dc64510b8ffaa32b1f805b64510bdcfaa32b1f805b64510bdcfaa32b1f805b64430bdcfaa32b1f805b64510bdcfaa32b1f805b64
2026-10-02 10:15:04.956 [OP] 40E3 inv=FFCB len=52 #3 5e0e392b8a805b64370b6afa812b62801264830beefa462b128040646c0be6fa6c2ba5802464fc0b03faf82bae80c464250b52fa
2026-10-02 10:15:04.956 [OP] 40E2 inv=FFF3 len=12 #3 57ecfc0b6f5a4e7845809564
2026-10-02 10:15:04.956 [OP] 4232 inv=FF60 len=159 #2 b023d0dce0a32b1f4f5b645127dcfaa3de1f805b6f510bdc1c462b1f805b64510bdcfaa32b1f805b64510bdcfaa32b1f805b64510bdcfaa3a79d805b64510bdc63f82b1f805b6451e28bfaa32b1f805b41580bdcfaa32b1f567a64510390faa30959805b15510bdc25a32b1fef5b6451c4dcfaa32ead805b14510bdcc5a32b1f445b64510bdcfaa32cd672eca2d661e2b05b931f805b64510bdcfaa32b1f80
2026-10-02 10:15:04.957 [OP] 4232 inv=FF60 len=159 #3 b023d0dcaea32b1f8c5b6451b2dcfaa3061f805b08510bdccd202b1f805b64510bdcfaa32b1f805b64510bdcfaa32b1f805b64510bdcfaa3281f805b64510bdcb2a32b1f805b6451d7dcfaa32b1f805b11510bdcfaa32b1f007a6451e3dcfaa3931f805b7f510bdce0a32b1fef5b6451c4dcfaa37c1f805bf8510bdce0a32b1f4f5b64510bdcfaa32cd672eca2d661e2b05b2b1f805bdf510bdcfaa32b1f80
2026-10-02 10:15:04.957 [OP] 401B inv=FEB3 len=332 #2 215dad800d64510b17faa32b7207c464530bdcfa972b1f80afc6510bdcfaa32be4c65b64510bdcfae6531f805b64510bffe8a32b1f805b64bc595ab12b219f805b64510bdcfaa32b1fc75b6412b252fada2b1f802964510bac9fa32b1f805b6437fddcfaa32b1f809adf510bdcfaa32be0c75b64510bdcfa16876c842d437f0bdcfaa32b1f805b6451b122c14d5dad800a64510b31faa32b90125b64510bdcfa
2026-10-02 10:15:05.049 [OP] 4055 inv=FFF7 len=8 #3 57ecfc0bdcfaa32b
2026-10-02 10:15:05.049 [OP] 40A0 inv=FF07 len=248 #4 57ecfc0b8b0e392b5e605b6439ecdcfadb4ac3548a70b105cd97600e1f805b64510bdcfaa32b1f805b64510bdcfaa32b1f805b64510bdcfaa32b1f8030dfced078c4b1deef125b64e07fdcfadb4ae4f1245d510bdcfaa32b1f805b64510bdcfaa32b1f805b64510bdcfaa32b1f805b64510bdcfaa32b1f806bf84bd0a7e8fcde6fce5b64a9d0dcfadb4a402fed6d510bdcfaa32b1f805b64510bdcfaa32b1f80
2026-10-02 10:15:05.227 [OUT] 0185 inv=FFF7 len=12 #3 f7ff8501dcfaa32bc8d97b81
2026-10-02 10:18:41.479 [OP] 4031 inv=FFE3 len=28 #2 392b2d805b64510b6ffa512b1f68fa06e2c87424c1770e68fa06e20b
2026-10-02 10:18:42.012 [QUESTION] {"type":"question","sock":2720,"qno":2,"field_a":74,"stem":"地球公转的方向是怎样的?","options":["1、上下蹦","2、左右晃悠","3、社会摇","4、自西向东"]}
2026-10-02 10:18:43.022 [UI] auto dump on question qno=2
2026-10-02 10:18:43.022 [UI] ---- window dump begin (pid 18996) ----
2026-10-02 10:18:43.053 [UI] TOP=000605FE vis=1 cls=QBOvCls rc=(1018,559,1378,655) title=
2026-10-02 10:18:43.058 [UI] TOP=000D02C8 vis=1 cls=ATL:012FF210 rc=(678,192,1718,999) title=什么什么大冒险2(①逍遥村敬老院)-自由二号_Sep 24 2026《什么什么大冒险》制作委员会QQ群:515616289
2026-10-02 10:18:43.059 [UI] TOP=00630A72 vis=0 cls=DIEmWin rc=(-1,-1,135,38) title=DIEmWin
2026-10-02 10:18:43.458 [UI] TOP=0039072A vis=0 cls=IME rc=(0,0,0,0) title=Default IME
2026-10-02 10:18:43.463 [UI] TOP=004B08B8 vis=0 cls=MSCTFIME UI rc=(0,0,0,0) title=MSCTFIME UI
2026-10-02 10:18:43.478 [UI] TOP=000805F6 vis=0 cls=IME rc=(0,0,0,0) title=Default IME
2026-10-02 10:18:43.478 [UI] TOP=000F0D64 vis=0 cls=IME rc=(0,0,0,0) title=Default IME
2026-10-02 10:18:43.479 [UI] ---- window dump end ----
2026-10-02 10:18:44.104 [SEND-ANSWER] qno=2 opt=3 ret=13 sock=2720
2026-10-02 10:18:44.159 [SYS] 测试通过！
2026-10-02 10:18:44.250 [SYS] 获得了#00FF00#100#FFF692#金币
2026-10-02 10:18:44.251 [CURRENCY] a=201744 b=328134
2026-10-02 10:18:45.919 [UI] auto-closing quiz frame: qno=2 opt=3
2026-10-02 10:18:46.331 [UI] option 3 control NOT found — falling back to digit key
2026-10-02 10:18:49.652 [OUT] 1F04 inv=FFF6 len=13 #2 f6ff041fce1f805bf8510bdc22
2026-10-02 10:26:53.407 [OP] 4031 inv=FF64 len=155 #3 935b6151d0dcfaa3531fa4db8c740acb57e554e2a4021f2ef368a2346786b098f990b978b8349a6671ffd856b3d3a234670b1cedde6c3876a2348282d36de074a4b1ef1075e8f26f270094b8b8128eac5daf0572a3965034679694f3b3e1a6b6ccc29b40f32cce4d87f0775131a2b1f389f9140fb35120bb4c848980ef6e165119aeeb837bc06919740e23d0e4346451e49cfc58f33ee554cab00b
2026-10-02 10:28:21.353 [SYS] #ff0000#您已进入野外区域，可能遭遇玩家间的自由对战，请注意安全！#ffffff#
2026-10-02 10:28:21.451 [OP] 4202 inv=FFEF len=16 #2 feecdcfab42b1f8056df510bc3c4a32b
2026-10-02 10:28:21.451 [OP] 40E0 inv=FED1 len=302 #4 7b8052fa23241f805b64510bd6faa32b1f805b648375dcfaa32b1f804a64510bdcfaa32b04ac5b64230bdcfa392b1f803664510b52faa32bad805b64a60bdcfa392b1f808b64510b52faa32bad805b644ed0dcfad9531f809564510b2dfaa32b22aa5b64580bdcfa202b1f80dc64510b8ffaa32b1f805b64510bdcfaa32b1f805b64510bdcfaa32b1f805b64430bdcfaa32b1f805b64510bdcfaa32b1f805b64
2026-10-02 10:28:21.451 [OP] 40E3 inv=FFCB len=52 #4 5e0e392b8a805b64370b6afa812b62801264830beefa462b128040646c0be6fa6c2ba5802464fc0b03faf82bae80c464250b52fa
2026-10-02 10:28:21.452 [OP] 40E2 inv=FFF3 len=12 #4 57ecfc0b6f5a4e7845809564
2026-10-02 10:28:21.452 [OP] 4232 inv=FF60 len=159 #4 b023d0dce0a32b1f4f5b645127dcfaa3de1f805b6f510bdc1c462b1f805b64510bdcfaa32b1f805b64510bdcfaa32b1f805b64510bdcfaa3a79d805b64510bdc63f82b1f805b6451e28bfaa32b1f805b41580bdcfaa32b1f567a64510390faa30959805b15510bdc25a32b1fef5b6451c4dcfaa32ead805b14510bdcc5a32b1f445b64510bdcfaa32cd672eca2d661e2b05b931f805b64510bdcfaa32b1f80
2026-10-02 10:28:21.452 [OP] 4232 inv=FF60 len=159 #5 b023d0dcaea32b1f8c5b6451b2dcfaa3061f805b08510bdccd202b1f805b64510bdcfaa32b1f805b64510bdcfaa32b1f805b64510bdcfaa3281f805b64510bdcb2a32b1f805b6451d7dcfaa32b1f805b11510bdcfaa32b1f007a6451e3dcfaa3931f805b7f510bdce0a32b1fef5b6451c4dcfaa37c1f805bf8510bdce0a32b1f4f5b64510bdcfaa32cd672eca2d661e2b05b2b1f805bdf510bdcfaa32b1f80
2026-10-02 10:28:21.452 [OP] 401B inv=FEB3 len=332 #3 215dad800d64510b17faa32b7207c464530bdcfa972b1f80afc6510bdcfaa32be4c65b64510bdcfae6531f805b64510bffe8a32b1f805b64bc595ab12b219f805b64510bdcfaa32b1faa5b6412b252fada2b1f802964510bac9fa32b1f805b6437fddcfaa32b1f809adf510bdcfaa32be0c75b64510bdcfa16876c842d437f0bdcfaa32b1f805b64510bdce84d5dad800a64510b31faa32b90125b64510bdcfa
2026-10-02 10:28:21.548 [OP] 4055 inv=FFF7 len=8 #4 57ecfc0bdcfaa32b
2026-10-02 10:28:21.549 [OP] 40A0 inv=FF7F len=128 #5 57ecfc0b900e392b4f125b644f0bdcfadb4a86550b70510bdcfaa32b1f805b64510bdcfaa32b1f805b64510bdcfaa32b1f805b64510bdcfaa32b1f8039f80dd0d9e8f0deb1605b6439ecdcfadb4ac3548a70b10568bbea0232805b64510bdcfaa32b1f805b64510bdcfaa32b1f805b64510bdcfaa32b1f802edfe0ec0fc46453
2026-10-02 10:28:21.721 [OUT] 0185 inv=FFF7 len=12 #4 f7ff8501dcfaa32bc8d97b81
2026-10-02 10:28:49.108 [SYS] 物品栏满
2026-10-02 10:28:49.206 [SETTLE] exp=1 gold=201744 len=393
2026-10-02 10:29:08.139 [SYS] 物品栏满
2026-10-02 10:29:08.239 [SETTLE] exp=1 gold=201744 len=393
2026-10-02 10:29:28.749 [SETTLE] exp=1 gold=201744 len=393
2026-10-02 10:29:49.638 [SETTLE] exp=1 gold=201744 len=393
2026-10-02 10:30:13.595 [SETTLE] exp=1 gold=201744 len=403
2026-10-02 10:30:32.885 [SETTLE] exp=1 gold=201744 len=393
2026-10-02 10:30:52.983 [SETTLE] exp=1 gold=201744 len=393
2026-10-02 10:30:56.090 [SYS] #ff0000#您已进入野外区域，可能遭遇玩家间的自由对战，请注意安全！#ffffff#
2026-10-02 10:30:56.183 [OP] 40E0 inv=FED1 len=302 #5 7b8052fa23241f805b64510bd6faa32b1f805b648375dcfaa32b1f804a64510bdcfaa32b04ac5b64230bdcfa392b1f803664510b52faa32bad805b64a60bdcfa392b1f808b64510b52faa32bad805b644ed0dcfad9531f809564510b2dfaa32b22aa5b64580bdcfa202b1f80dc64510b8ffaa32b1f805b64510bdcfaa32b1f805b64510bdcfaa32b1f805b64430bdcfaa32b1f805b64510bdcfaa32b1f805b64
2026-10-02 10:30:56.184 [OP] 40E3 inv=FFCB len=52 #5 5e0e392b8a805b64370b6afa812b62801264830beefa462b128040646c0be6fa6c2ba5802464fc0b03faf82bae80c464250b52fa
2026-10-02 10:30:56.184 [OP] 40E2 inv=FFF3 len=12 #5 57ecfc0b6f5a4e7845809564
2026-10-02 10:30:56.184 [OP] 4202 inv=FFEF len=16 #3 95ecdcfab42b1f8072df510be4c4a32b
2026-10-02 10:30:56.184 [OP] 4055 inv=FFF7 len=8 #5 57ecfc0bdcfaa32b
2026-10-02 10:30:56.184 [OP] 401B inv=FEB3 len=332 #4 215dad800d64510b17faa32b7207c464530bdcfa972b1f80afc6510bdcfaa32be4c65b64510bdcfae9931f805b64510bffe8a32b1f805b64bc595ab12b219f805b64510bdcfaa32b1fc75b6412b252fada2b1f802964510bac9fa32b1f805b6437fddcfaa32b1f80e664510bdcfaa32be0c75b64510bdcfa16876c842d437f0bdcfaa32b1f805b6451b1c9eb4d5dad800a64510b31faa32b90125b64510bdcfa
2026-10-02 10:30:56.201 [OUT] 0185 inv=FFF7 len=12 #5 f7ff8501dcfaa32bc8d97b81
2026-10-02 10:32:40.298 [SYS] #ff0000#您已进入野外区域，可能遭遇玩家间的自由对战，请注意安全！#ffffff#
2026-10-02 10:32:40.399 [OP] 4202 inv=FFEF len=16 #4 feecdcfab42b1f80d07f510b2625a32b
2026-10-02 10:32:40.400 [OP] 401B inv=FEB3 len=332 #5 215dad800d64510b17faa32b7207c464530bdcfa972b1f80afc6510bdcfaa32be4c65b64510bdcfae9931f805b64510bffe8a32b1f805b64bc595ab12b219f805b64510bdcfaa32b1faa5b6412b252fada2b1f802964510bac9fa32b1f805b6437fddcfaa32b1f80e664510bdcfaa32be0c75b64510bdcfa16876c842d437f0bdcfaa32b1f805b64510bdce84d5dad800a64510b31faa32b90125b64510bdcfa
2026-10-02 10:33:04.039 [SETTLE] exp=1 gold=201744 len=393
2026-10-02 10:33:20.134 [SYS] 物品栏满
2026-10-02 10:33:20.244 [SETTLE] exp=1 gold=201744 len=393
2026-10-02 10:33:37.653 [SETTLE] exp=1 gold=201744 len=393
2026-10-02 10:33:58.924 [SETTLE] exp=1 gold=201744 len=403
2026-10-02 10:34:18.474 [SETTLE] exp=2 gold=201744 len=403
2026-10-02 10:34:35.707 [SETTLE] exp=1 gold=201744 len=393
2026-10-02 10:34:50.953 [SETTLE] exp=2 gold=201744 len=393
2026-10-02 10:35:13.860 [SETTLE] exp=1 gold=201744 len=393
2026-10-02 10:35:35.369 [SETTLE] exp=1 gold=201744 len=403
2026-10-02 10:35:49.396 [SETTLE] exp=1 gold=201744 len=403
2026-10-02 10:36:12.687 [SETTLE] exp=1 gold=201744 len=403
2026-10-02 10:36:30.191 [SETTLE] exp=2 gold=201744 len=403
2026-10-02 10:36:50.361 [SETTLE] exp=1 gold=201744 len=393
2026-10-02 10:36:54.465 [SYS] #ff0000#您已进入野外区域，可能遭遇玩家间的自由对战，请注意安全！#ffffff#
2026-10-02 10:36:54.538 [OP] 4202 inv=FFEF len=16 #5 b7ecdcfa572b1f80387f510b80c4a32b
2026-10-02 10:36:58.956 [OUT] 009C inv=FFFB len=8 #1 fbff9c00dcfaa32b
2026-10-02 10:36:59.083 [OP] 42E5 inv=FFE5 len=26 #1 0edf510b155a4e78ca805b64510bdcfaa32b1f805b64510bdcfa
2026-10-02 10:37:09.759 [SYS] #FFF692#交纳传送费用#00CCFF#690#FFF692#金币！
2026-10-02 10:37:10.068 [CURRENCY] a=201744 b=327444
2026-10-02 10:37:10.597 [OUT] 009C inv=FFFB len=8 #2 fbff9c00dcfaa32b
2026-10-02 10:37:10.599 [OUT] 009C inv=FFFB len=8 #3 fbff9c00dcfaa32b
2026-10-02 10:37:10.605 [OUT] 009C inv=FFFB len=8 #4 fbff9c00dcfaa32b
2026-10-02 10:37:10.610 [OUT] 009C inv=FFFB len=8 #5 fbff9c00dcfaa32b
2026-10-02 10:37:11.074 [OP] 42E5 inv=FFE5 len=26 #2 7a64510b20faa32bca0c3cc8065c59cc859a0d869887050bdcfa
2026-10-02 10:37:11.074 [OP] 42E5 inv=FFE5 len=26 #3 7a64510b20faa32bca0c3cc8065c59cc859a0d869887050bdcfa
2026-10-02 10:37:11.075 [OP] 42E5 inv=FFE5 len=26 #4 7a64510b20faa32bca0c3cc8065c59cc859a0d869887050bdcfa
2026-10-02 10:37:11.075 [OP] 42E5 inv=FFE5 len=26 #5 7a64510b20faa32bca0c3cc8065c59cc859a0d869887050bdcfa
2026-10-02 10:37:11.076 [OUT] 0135 inv=FFF7 len=12 #1 f7ff3501dcfaa32b5e805b64
2026-10-02 10:37:11.177 [OP] 42A7 inv=FEE6 len=281 #1 777a7f5133dcfaa30062832e058960677f329cdb9ec3538975ceec388294473d4c8260db9048cd942cc35c18755f8f4841572cc35ce656491792383c90db81a552159d31b04f615f1652cb155a4e470b8fdb81a5cb210cf6fe65d97bdd8352155aeb410bd9325382875f5a4e47d88f7e86e675155ab82442836addf65315251ce2c88f6a3cf475f477236f65796a5c8375495b596f5d793b2b526ae0252924c8
2026-10-02 10:37:17.721 [SYS] #FFF692#交纳传送费用#00CCFF#1370#FFF692#金币！
2026-10-02 10:37:17.817 [CURRENCY] a=201744 b=326764
2026-10-02 10:37:23.929 [SYS] #FFF692#交纳传送费用#00CCFF#1810#FFF692#金币！
2026-10-02 10:37:24.034 [SYS] #ff0000#您已进入野外区域，可能遭遇玩家间的自由对战，请注意安全！#ffffff#
2026-10-02 10:37:24.035 [CURRENCY] a=201744 b=326324
2026-10-02 10:37:28.837 [OP] 40A1 inv=FFEB len=20 #1 510bdcfab65d1f809464510b1af4e1de09ef2126
2026-10-02 10:37:49.875 [SETTLE] exp=2536 gold=201744 len=393
2026-10-02 10:37:51.439 [SYS] #ff0000#您已进入野外区域，可能遭遇玩家间的自由对战，请注意安全！#ffffff#
2026-10-02 10:38:22.237 [SETTLE] exp=5930 gold=201744 len=393
2026-10-02 10:39:07.033 [SETTLE] exp=5990 gold=201744 len=393
2026-10-02 10:39:44.907 [SETTLE] exp=6048 gold=201744 len=393
2026-10-02 10:40:18.044 [SETTLE] exp=7922 gold=201744 len=393
2026-10-02 10:40:43.772 [SETTLE] exp=7860 gold=201744 len=393
2026-10-02 10:40:43.886 [OP] 46E0 inv=FDF7 len=520 #1 57ecfc0b6ffaa32b5207c4640e0bdcfae2121f8097c0510bec74462bd62f8823f27ba17ccd13364f66b22b0bdcfae02b8e5f0d64a40bfdc44d2b49b7f8559080e2c17513aa9bb4fedea391fad1972080d064e6f8322fe65d1f802a642d0b8b5b4f3920806b6fc5d0dc08a32bb9afa5260e0bdcfa7a4140120b472b0b6e10e02b3054a161a4f83dfae2186b12a95550b136fab7280d2ba5261d4ad49995a86d80
2026-10-02 10:41:14.543 [SETTLE] exp=7860 gold=201744 len=393
2026-10-02 10:41:43.174 [SETTLE] exp=6300 gold=201744 len=393
2026-10-02 10:42:12.914 [SETTLE] exp=6428 gold=201744 len=393
2026-10-02 10:42:44.020 [SYS] 物品栏满
2026-10-02 10:42:44.126 [SETTLE] exp=8180 gold=201744 len=393
2026-10-02 10:42:56.049 [OP] 4114 inv=FFEF len=16 #1 c787c4647b98dcfa5fff1f806bf8510b
2026-10-02 10:42:56.050 [OP] 4114 inv=FFEF len=16 #2 c787c4647b98dcfa2aad1f802764510b
2026-10-02 10:44:09.982 [SETTLE] exp=-19080 gold=201744 len=393
2026-10-02 10:44:10.084 [OP] 4707 inv=FFF3 len=12 #1 215dad8057ecfc0b17faa32b
2026-10-02 10:44:17.743 [OUT] 0022 inv=FFF5 len=14 #1 f5ff2200957dc0fd90c4355d375a
2026-10-02 10:44:17.791 [OP] 4610 inv=FFFE len=1 #1 b3
2026-10-02 10:44:18.752 [OUT] 0022 inv=FFF5 len=14 #2 f5ff2200957dc0fd90c4a158b9e7
2026-10-02 10:44:18.801 [OP] 4610 inv=FFFE len=1 #2 49
2026-10-02 10:44:19.745 [OUT] 0022 inv=FFF5 len=14 #3 f5ff2200957dc0fd6fc41d6b9ce7
2026-10-02 10:44:19.802 [OP] 4610 inv=FFFE len=1 #3 49
2026-10-02 10:44:20.766 [OUT] 0022 inv=FFF5 len=14 #4 f5ff2200957dc0fd6fc4a16b53e7
2026-10-02 10:44:20.820 [OP] 4610 inv=FFFE len=1 #4 e8
2026-10-02 10:44:24.513 [OUT] 0022 inv=FFF5 len=14 #5 f5ff2200957dc0fd90c46a6b65e7
2026-10-02 10:44:24.562 [OP] 4610 inv=FFFE len=1 #5 ab
2026-10-02 10:47:35.651 [OP] 4702 inv=FFE7 len=24 #1 dcfaa32b8f87c464510bdcfafd2b1f801c64510bde2ea32b
2026-10-02 10:47:41.478 [OP] 4702 inv=FFE7 len=24 #2 dcfaa32b1a87c464510bdcfadb2b1f801c64580bde2ea32b
2026-10-02 10:47:47.703 [OP] 4702 inv=FFDF len=32 #3 a32b1f8035ecfc0bdcfaa32b59805b64310b6ffa32e71e2724408987c969a32b
2026-10-02 10:47:56.446 [OP] 4702 inv=FFE5 len=26 #4 510bdcfa6d5dad805b64510b8bfaa32ba5805b64d7c2181ea32b
2026-10-02 10:48:01.196 [OP] 43F1 inv=FFFA len=5 #3 bdd8de1faa
2026-10-02 10:48:15.515 [OP] 4702 inv=FFD9 len=38 #5 5b64510b370e392b1f805b640e0bdcfa222bca80e0fb1e8fd8d6a26e7c7a0249191e6e9ba32b
2026-10-02 10:48:53.455 [OP] 4210 inv=FFF3 len=12 #4 b20bdcfa5f2b1f800cecfc0b
2026-10-02 10:49:40.992 [OP] 43F1 inv=FFFA len=5 #4 bdd8de1fc7
2026-10-02 10:49:45.189 [OP] 4210 inv=FFF3 len=12 #5 b20bdcfa5f2b1f807decfc0b
2026-10-02 10:52:24.250 [OP] 43F1 inv=FFFA len=5 #5 bdd8de1faa
2026-10-02 10:53:30.491 [OUT] 0135 inv=FFF7 len=12 #2 f7ff3501dcfaa32b80805b64
2026-10-02 10:53:30.497 [OUT] 0135 inv=FFF7 len=12 #3 f7ff3501dcfaa32b16805b64
2026-10-02 10:53:30.569 [OP] 42A7 inv=FEE6 len=281 #2 777a7f515ddcfaa32b1f13c316e66ae001576f57790b64510b380448bcbda62b81a55242b5e32b1f8059299b6a155a4e78bdd96ac0ff10dc1923786551cadde60736b5f547c88c0b89835236ff1c245793c329a85415afc17390a6eef75f755f25f59bcae12e531408b3af89561b185f8c1454bc0d29fc628c6a29e60736af29bc578c6a8683103625ca4757d97b81a552155aca80ec7f5cdd03a66a0b5924d8
2026-10-02 10:53:30.682 [OP] 42A7 inv=FEE6 len=281 #3 777a7f514fdcfaa3bcbda62bdd5e90dcfa9176eca62b8c03a64201dd2b02730f5c5e90dccd29bcbda62b5bbd53420129bcbda60f5eefa64201e25eeca62b8c03a64201296fa1a52bdd5175420129bcbda62b8c03a66afa571102a62b8c03a6420129bcbda62b5b11df5c0129bcbda62b8c03a642012976a1800f8c03a6420129bcbda62b8c0353dcfa59bcec3b1d5be608f631916fbd2c5b5e5ea6420123bcbd
2026-10-02 10:54:18.651 [OUT] 0135 inv=FFF7 len=12 #4 f7ff3501dcfaa32b6d805b64
2026-10-02 10:54:18.729 [OP] 42A7 inv=FEE6 len=281 #4 777a7f513ddcfaa39991ebed871ea223acc29991ebed871ea223acc299c8d97b81a524155ac299c8ebed871ea223acc299919aed871ea2235ac299c8d97b81a5a25863d19991ebed871ea223acc299919a4d410f2423acc299c8d97b811ea2586306a556d266871ea223acc2995f9ae79775191ca68ec15f3d32c3a55258a68e5cef7ee79775c7585ac299543d32700fd8986306a5569aedc3baab2660d1a556
2026-10-02 10:54:52.014 [OP] 401E inv=FFAD len=82 #1 215dad8008ecfc0b52faa32b1f805b64a552155a4e78c8d98164510b155a4e78c8d97b81a552155a1c461f80a69a510b8631a32bc8d97b81a552155a4e78c8d97b81a552dcfaa32b1f805b64510bdcfaa32b
2026-10-02 10:54:52.725 [OP] 401E inv=FFAD len=82 #2 215dad8008ecfc0b52faa32b1f805b64e690dcfa4e78c8d98164510b155a4e78c8d97b81a552155a1c461f80a69a510b8631a32bc8d97b81a552155a4e78c8d97b81a552dcfaa32b1f805b64510bdcfaa32b
2026-10-02 10:58:21.376 [OP] 401E inv=FFAD len=82 #3 215dad8096ecfc0b52faa32b1f805b64e690dcfa4e78c8d98164510b155a4e78c8d97b81a552155a4e78c8d97b81a552155a4e78c8d97b81a552155a4e78c8d97b81a552dcfaa32b1f805b64510bdcfaa32b
2026-10-02 10:58:23.568 [OP] 401E inv=FFAD len=82 #4 215dad8096ecfc0b52faa32b1f805b64e690dcfa4e78c8d98164510b2a9ea32bc8d97b81a552155a1c461f80a69a510b8631a32bc8d97b81a552155a4e78c8d97b81a552dcfaa32b1f805b64510bdcfaa32b
2026-10-02 11:00:38.993 [OP] 401E inv=FFAD len=82 #5 215dad80b7ecfc0b52faa32b1f805b64e690dcfa4e78c8d98164510b155a4e78c8d97b81a552155a4e78c8d97b81a552155a4e78c8d97b81a552155a4e78c8d97b81a552dcfaa32b1f805b64510bdcfaa32b
2026-10-02 11:18:42.341 [OUT] 0135 inv=FFF7 len=12 #5 f7ff3501dcfaa32b60805b64
2026-10-02 11:18:42.532 [OP] 42A7 inv=FEE6 len=281 #5 777a7f5173dcfaa31831d3c20133340c33509e31d3c2019ff0dcfaa32b1f805bfc9f0bdcfaa32b31d35bfc9f0b38fa1018882b5b64510bef33a318882b5b649f64dcfaa3121f80c2ca9f64cd8aa32b1f800b64516439fa8b9e882b5b64510bdcfaa32b882bac64b4f0dcfaa32b0a805b64516439faa32b31d35b649b0b398a1c2b1f7d5b64510befa9a318882bacfc9f0b38faa3121f2bc2019f64cd8a10e988
2026-10-02 11:21:49.055 [OP] 4031 inv=FFE0 len=31 #4 44dc5ba32b1f805bdf51ae67a99e36a7cb0f1355938cfaa39d7ff324cef60b
2026-10-02 11:44:33.593 [OV] overlay OFF
2026-10-02 11:53:35.901 [OP] 4031 inv=FF64 len=155 #5 935b6151d0dcfaa3531fa4db8c740acb57e554e2a4021f2ef368a2346786b098f990b978b8349a6671ffd856b3d3a234670b1cedde6c3876a2348282d36de074a4b1ef1075e8f26f270094b8b8128eac5daf0572a3965034679694f3b3e1a6b6ccc29b40f32cce4d87f0775131a2b1f389f9140fb35120bb4c848980ef6e165119aeeb837bc06919740e23d0e4346451e49cfc58f33ee554cab00b
2026-10-02 11:56:04.906 [QUESTION] {"type":"question","sock":2720,"qno":19,"field_a":101,"stem":"我国自己研制的火箭，已经多次成功的把什么送上太空？","options":["1、哈士奇","2、嫦娥","3、人造卫星","4、另一个太阳"]}
2026-10-02 11:56:05.922 [UI] auto dump on question qno=19
2026-10-02 11:56:05.922 [UI] ---- window dump begin (pid 18996) ----
2026-10-02 11:56:06.183 [SEND-ANSWER] qno=19 opt=2 ret=13 sock=2720
2026-10-02 11:56:06.238 [SYS] 测试通过！
2026-10-02 11:56:06.322 [UI] TOP=000605FE vis=0 cls=QBOvCls rc=(1018,559,1378,655) title=
2026-10-02 11:56:06.335 [UI] TOP=000D02C8 vis=1 cls=ATL:012FF210 rc=(678,192,1718,999) title=什么什么大冒险2(①逍遥村敬老院)-自由二号_Sep 24 2026《什么什么大冒险》制作委员会QQ群:515616289
2026-10-02 11:56:06.335 [UI] TOP=00630A72 vis=0 cls=DIEmWin rc=(-1,-1,135,38) title=DIEmWin
2026-10-02 11:56:06.346 [SYS] 获得了#00FF00#100#FFF692#金币
2026-10-02 11:56:06.346 [CURRENCY] a=201744 b=328234
2026-10-02 11:56:06.734 [UI] TOP=0039072A vis=0 cls=IME rc=(0,0,0,0) title=Default IME
2026-10-02 11:56:06.736 [UI] TOP=004B08B8 vis=0 cls=MSCTFIME UI rc=(0,0,0,0) title=MSCTFIME UI
2026-10-02 11:56:06.746 [UI] TOP=000805F6 vis=0 cls=IME rc=(0,0,0,0) title=Default IME
2026-10-02 11:56:06.746 [UI] TOP=000F0D64 vis=0 cls=IME rc=(0,0,0,0) title=Default IME
2026-10-02 11:56:06.747 [UI] ---- window dump end ----
2026-10-02 11:56:07.995 [UI] auto-closing quiz frame: qno=19 opt=2
2026-10-02 11:56:07.999 [UI] option 2 control NOT found — falling back to digit key
2026-10-02 11:56:09.164 [OUT] 1F04 inv=FFF6 len=13 #3 f6ff041fce1f805b32510bdce8
2026-10-02 12:00:00.525 [SYS] 许愿池里多了一批新礼物，赶紧来许愿吧~
2026-10-02 12:02:21.853 [OP] 4708 inv=FFF3 len=12 #1 1addfc0bef25392b1b805b64
2026-10-02 12:02:45.458 [OP] 4708 inv=FFF3 len=12 #2 63ddfc0b2825392bcc805b64
2026-10-02 12:03:28.785 [OP] 4708 inv=FFF3 len=12 #3 2dddfc0b9625392b1b805b64
2026-10-02 12:03:46.581 [OP] 4708 inv=FFF3 len=12 #4 4fddfc0b0c25392bc3805b64
2026-10-02 12:04:35.693 [OP] 4708 inv=FFF3 len=12 #5 5a8f580b5fdadb2bcc805b64
2026-10-02 13:02:52.662 [OUT] 0036 inv=FFF7 len=12 #1 f7ff360055d5dcfad85dad80
2026-10-02 13:03:00.806 [QUESTION] {"type":"question","sock":2720,"qno":11,"field_a":81,"stem":"蚊子发出的“嗡嗡”的声音是由于？","options":["1、翅膀振动","2、有鼻音","3、在唱歌","4、放的屁"]}
2026-10-02 13:03:01.549 [SEND-ANSWER] qno=11 opt=0 ret=13 sock=2720
2026-10-02 13:03:01.602 [SYS] 测试通过！
2026-10-02 13:03:01.707 [SYS] 获得了#00FF00#100#FFF692#金币
2026-10-02 13:03:01.707 [CURRENCY] a=201744 b=328334
2026-10-02 13:03:01.820 [UI] auto dump on question qno=11
2026-10-02 13:03:01.821 [UI] ---- window dump begin (pid 18996) ----
2026-10-02 13:03:02.036 [UI] TOP=000605FE vis=0 cls=QBOvCls rc=(1018,559,1378,655) title=
2026-10-02 13:03:02.064 [UI] TOP=000D02C8 vis=1 cls=ATL:012FF210 rc=(678,192,1718,999) title=什么什么大冒险2(①逍遥村敬老院)-自由二号_Sep 24 2026《什么什么大冒险》制作委员会QQ群:515616289
2026-10-02 13:03:02.064 [UI] TOP=00630A72 vis=0 cls=DIEmWin rc=(-1,-1,135,38) title=DIEmWin
2026-10-02 13:03:02.438 [UI] TOP=0039072A vis=0 cls=IME rc=(0,0,0,0) title=Default IME
2026-10-02 13:03:02.439 [UI] TOP=004B08B8 vis=0 cls=MSCTFIME UI rc=(0,0,0,0) title=MSCTFIME UI
2026-10-02 13:03:02.464 [UI] TOP=000805F6 vis=0 cls=IME rc=(0,0,0,0) title=Default IME
2026-10-02 13:03:02.465 [UI] TOP=000F0D64 vis=0 cls=IME rc=(0,0,0,0) title=Default IME
2026-10-02 13:03:02.465 [UI] ---- window dump end ----
2026-10-02 13:03:03.352 [UI] auto-closing quiz frame: qno=11 opt=0
2026-10-02 13:03:05.316 [OUT] 1F04 inv=FFF6 len=13 #4 f6ff041fce1f805b61510bdcc4
2026-10-02 13:03:22.013 [OP] 4705 inv=FFB8 len=71 #2 777a7f51803e22a33267ce5bf80b0bdcfaa32b1fc74064510bdcfaa3641f805b64510bdc66a32b1f805b645131dcfaa3a71f805b6651a2da2bf0e986341a64510bdcfaa32b1f80
2026-10-02 13:04:39.738 [OP] 4707 inv=FFF3 len=12 #2 215dad8023ecfc0b17faa32b
2026-10-02 13:05:15.408 [OP] 4707 inv=FFF3 len=12 #3 215dad807aecfc0b17faa32b
2026-10-02 13:05:35.126 [OUT] 0036 inv=FFF7 len=12 #2 f7ff360055d5dcfa5f5dad80
2026-10-02 13:05:45.453 [OP] 4704 inv=FFDE len=33 #3 c03e22a33267ce5bb5510bdcc5a32b1feb066d0d19f8bbea2b1f805b64510bdcfa
2026-10-02 13:05:45.718 [OUT] 0031 inv=FFCE len=53 #3 ceff31008a4ec66f30d8de1fc84dec588152dffd6dc7fc95d976806f7046af098ec4bfb2a2da2bf00ad2341a64510bdcfaa32b1f80
2026-10-02 13:06:02.026 [QUESTION] {"type":"question","sock":2720,"qno":6,"field_a":80,"stem":".“竹子”属于哪一类植物？","options":["1、处长职务","2、食肉植物","3、草本植物","4、食草植物"]}
2026-10-02 13:06:03.036 [UI] auto dump on question qno=6
2026-10-02 13:06:03.037 [UI] ---- window dump begin (pid 18996) ----
2026-10-02 13:06:03.114 [UI] TOP=000605FE vis=0 cls=QBOvCls rc=(1018,559,1378,655) title=
2026-10-02 13:06:03.139 [UI] TOP=000D02C8 vis=1 cls=ATL:012FF210 rc=(678,192,1718,999) title=什么什么大冒险2(①逍遥村敬老院)-自由二号_Sep 24 2026《什么什么大冒险》制作委员会QQ群:515616289
2026-10-02 13:06:03.139 [UI] TOP=00630A72 vis=0 cls=DIEmWin rc=(-1,-1,135,38) title=DIEmWin
2026-10-02 13:06:03.524 [UI] TOP=0039072A vis=0 cls=IME rc=(0,0,0,0) title=Default IME
2026-10-02 13:06:03.528 [UI] TOP=004B08B8 vis=0 cls=MSCTFIME UI rc=(0,0,0,0) title=MSCTFIME UI
2026-10-02 13:06:03.554 [UI] TOP=000805F6 vis=0 cls=IME rc=(0,0,0,0) title=Default IME
2026-10-02 13:06:03.556 [UI] TOP=000F0D64 vis=0 cls=IME rc=(0,0,0,0) title=Default IME
2026-10-02 13:06:03.556 [UI] ---- window dump end ----
2026-10-02 13:06:04.057 [SEND-ANSWER] qno=6 opt=2 ret=13 sock=2720
2026-10-02 13:06:04.158 [SYS] 测试通过！
2026-10-02 13:06:04.254 [SYS] 获得了#00FF00#100#FFF692#金币
2026-10-02 13:06:04.254 [CURRENCY] a=201744 b=328434
2026-10-02 13:06:05.864 [UI] auto-closing quiz frame: qno=6 opt=2
2026-10-02 13:06:05.891 [UI] option 2 control NOT found — falling back to digit key
2026-10-02 13:06:07.719 [OUT] 1F04 inv=FFF6 len=13 #5 f6ff041fce1f805b08510bdcc4
2026-10-02 13:06:12.115 [SYS] #FFF692#交纳传送费用#00CCFF#190#FFF692#金币！
2026-10-02 13:06:12.162 [CURRENCY] a=201744 b=328244
2026-10-02 13:06:16.268 [SYS] #FFF692#交纳传送费用#00CCFF#190#FFF692#金币！
2026-10-02 13:06:16.311 [SYS] #ff0000#您已进入野外区域，可能遭遇玩家间的自由对战，请注意安全！#ffffff#
2026-10-02 13:06:16.311 [CURRENCY] a=201744 b=328244
2026-10-02 13:06:36.040 [OP] 40A1 inv=FFEB len=20 #2 510bdcfa337d1f809464510b1ae840d908c7e508
2026-10-02 13:06:36.349 [OP] 4707 inv=FFF3 len=12 #4 215dad80baecfc0b17faa32b
2026-10-02 13:06:38.474 [OUT] 0046 inv=FFF7 len=12 #1 f7ff4600a32b1f80c364510b
2026-10-02 13:06:38.550 [OP] 4026 inv=FFC5 len=58 #1 83088d855f2bca725b8d9580dcc45b2bf6bd94645861dc100d081faaec64626da7faf82c1faebad251ece2fae806f78095a251508f65a353d680
2026-10-02 13:06:46.499 [OP] 40A1 inv=FFEB len=20 #3 510bdcfa337d1f809464510b1de8edd9b8ce7408
2026-10-02 13:06:49.211 [OP] 40A1 inv=FFEB len=20 #4 510bdcfa337d1f809464510b1f227ad9fcce1953
2026-10-02 13:06:52.528 [OP] 40A1 inv=FFEB len=20 #5 510bdcfa337d1f809464510b3d22d22400c75608
2026-10-02 13:07:00.551 [SETTLE] exp=0 gold=201744 len=393
2026-10-02 13:07:12.038 [SETTLE] exp=0 gold=201744 len=393
2026-10-02 13:07:18.701 [SYS] #ff0000#您已进入野外区域，可能遭遇玩家间的自由对战，请注意安全！#ffffff#
2026-10-02 13:07:34.068 [SETTLE] exp=0 gold=201744 len=393
2026-10-02 13:07:45.279 [SETTLE] exp=0 gold=201744 len=393
2026-10-02 13:08:03.285 [SETTLE] exp=0 gold=201744 len=393
2026-10-02 13:08:13.641 [SETTLE] exp=0 gold=201744 len=393
2026-10-02 13:08:23.956 [SETTLE] exp=0 gold=201744 len=393
2026-10-02 13:08:36.083 [SETTLE] exp=0 gold=201744 len=393
2026-10-02 13:08:38.733 [SYS] #ff0000#您已进入野外区域，可能遭遇玩家间的自由对战，请注意安全！#ffffff#
2026-10-02 13:09:04.936 [SETTLE] exp=0 gold=201744 len=393
2026-10-02 13:09:19.765 [SETTLE] exp=0 gold=201744 len=393
2026-10-02 13:09:35.325 [SETTLE] exp=0 gold=201744 len=393
2026-10-02 13:09:38.973 [SYS] #ff0000#您已进入野外区域，可能遭遇玩家间的自由对战，请注意安全！#ffffff#
2026-10-02 13:09:51.022 [OUT] 0050 inv=FFF7 len=12 #1 f7ff5000a32b1f801b64510b
2026-10-02 13:09:51.078 [OP] 4019 inv=FF7F len=128 #1 57ecfc0ba9faa32bcace5b53380b28edf9196cf53e67074069d54a1c95b1bd4e87a45b18cc4dd3992d095cfb60d98098d030b42e88ca28568059bf9ed72a072f7d1658f2b9d7bd4e5579d897f9194b1dc2c088cadcfaa32b7380eaa0532337a24f28c57feae957c737e3da28961154f9bc05b600a3c41f800d6417ad181ea3f7
2026-10-02 13:09:51.924 [OUT] 0051 inv=FFF7 len=12 #1 f7ff51005b64510b6ffaa32b
2026-10-02 13:09:51.976 [OP] 4019 inv=FF1B len=228 #2 57ecfc0ba9faa32bcac75b53b80b74ac1de66cd5e66096cc5b1801830ead02d0dde8222d5002d399e0fbeea4cd591d204b1db446b11777b3a6d6d3992de69611cd1e1d9d9abb2db74dccad9780fa41d65a4d5f72c9ddf0e99766547b6fd72da2da3ae26aea49e113502aa43cae7e98ef332a16fd656166f3e5491d6c28971d7ae15e83354d6c28efcaddffb50f8729f28c24634bd3cd35a0532337e38f663526
2026-10-02 13:09:54.771 [OUT] 0051 inv=FFF7 len=12 #2 f7ff51005b64510bdcfaa32b
2026-10-02 13:10:02.024 [OUT] 0050 inv=FFF7 len=12 #2 f7ff5000a32b1f801b64510b
2026-10-02 13:10:02.076 [OP] 4019 inv=FF7F len=128 #3 57ecfc0ba9faa32bcace5b53380b28edf9196cf53e67074069d54a1c95b1bd4e87a45b18cc4dd3992d095cfb60d98098d030b42e88ca28568059bf9ed72a072f7d1658f2b9d7bd4e5579d897f9194b1dc2c088cadcddf0e97380eaa0532337a24f28c57feae957c737e3da28961154f9bc05b600a36166f30d6417ad181ea37a
2026-10-02 13:10:03.145 [OUT] 0051 inv=FFF7 len=12 #3 f7ff51005b64510b6ffaa32b
2026-10-02 13:10:03.203 [OP] 4019 inv=FF1B len=228 #4 57ecfc0ba9faa32bcac75b53b80b74ac1de66cd5e66096cc5b1801830ead02d0dde8222d5002d399e0fbeea4cd591d204b1db446b11777b3a6d6d3992de69611cd1e1d9d9abb2db74dccad9780fa41d65a4d5f72c9ddf0e99766547b6fd72da2da3ae26aea49e113502aa43cae7e98ef332a16fd656166f3e5491d6c28971d7ae15e83354d6c28efcaddffb50f8729f28c24634bd3cd35a0532337e38f663526
2026-10-02 13:10:04.125 [OUT] 0051 inv=FFF7 len=12 #4 f7ff51005b64510b6ffaa32b
2026-10-02 13:10:04.183 [SYS] #FFF692#交纳传送费用#00CCFF#690#FFF692#金币！
2026-10-02 13:10:04.289 [SYS] #ff0000#您已进入野外区域，可能遭遇玩家间的自由对战，请注意安全！#ffffff#
2026-10-02 13:10:04.289 [CURRENCY] a=201744 b=327744
2026-10-02 13:10:05.590 [OUT] 0050 inv=FFF7 len=12 #3 f7ff5000a32b1f806e64510b
2026-10-02 13:10:05.645 [OP] 4019 inv=FF83 len=124 #5 5e0e392b29805b6458d0dcfafc2b912d71b319177d8a411996948b4e72f260c11277c5e4f3f38822aa97049b401763c0b30a60e62b0d38f3b41d3093e1f1416e1ec8b2932511a1646ce911b1837465349f1da32b7380eaa0532337a24f28c57feae957c737e3da28961154f9bc05b600a3cbad800d6417ad181ea32b
2026-10-02 13:10:06.695 [OUT] 0051 inv=FFF7 len=12 #5 f7ff51005b64510b6ffaa32b
2026-10-02 13:10:08.274 [SYS] #FFF692#交纳传送费用#00CCFF#690#FFF692#金币！
2026-10-02 13:10:08.372 [SYS] #ff0000#您已进入野外区域，可能遭遇玩家间的自由对战，请注意安全！#ffffff#
2026-10-02 13:10:08.372 [CURRENCY] a=201744 b=327744
2026-10-02 13:10:15.742 [SYS] #ff0000#您已进入野外区域，可能遭遇玩家间的自由对战，请注意安全！#ffffff#
2026-10-02 13:10:33.137 [SETTLE] exp=0 gold=201744 len=393
2026-10-02 13:10:45.223 [SETTLE] exp=0 gold=201744 len=393
2026-10-02 13:10:58.060 [SETTLE] exp=0 gold=201744 len=393
2026-10-02 13:11:10.885 [SETTLE] exp=0 gold=201744 len=393
2026-10-02 13:11:23.075 [SETTLE] exp=0 gold=201744 len=393
2026-10-02 13:11:34.959 [SETTLE] exp=0 gold=201744 len=393
2026-10-02 13:11:50.522 [SETTLE] exp=0 gold=201744 len=393
2026-10-02 13:12:03.844 [SETTLE] exp=0 gold=201744 len=393
2026-10-02 13:12:22.181 [OUT] 0030 inv=FFDE len=37 #1 deff3000cd3e22a32b1f805bb5510bdc53a32b1feb066d0d9c27bbea2b1f805b64510bdcfa
2026-10-02 13:12:22.300 [OP] 4705 inv=FFB8 len=71 #3 777a7f51c03e22a33267ce5bf80b0bdcfaa32b1fc74064510bdcfaa3641f805b64510bdc66a32b1f805b645131dcfaa3a71f805b6651a2da2bf0e986341a64510bdcfaa32b1f80
2026-10-02 13:12:23.645 [OUT] 0030 inv=FFDE len=37 #2 deff3000af3e22a32b1f805bb5510bdc53a32b1feb066d0d9c27bbea2b1f805b64510bdcfa
2026-10-02 13:12:26.289 [OP] 4705 inv=FFB8 len=71 #4 777a7f51c03e22a3cb67ce5b12b20bdcfaa32b1f511c64510bdcfaa315ad805b64510bdcd4392b1f805b645131dcfaa3a71f805bac51a2da2bf0b3bb341a64510bdcfaa32b1f80
2026-10-02 13:12:35.088 [OUT] 0030 inv=FFDE len=37 #3 deff30005ca722a32b1f805bb5510bdc53a32b1feb066d0d9c27bbea2b1f805b64510bdcfa
2026-10-02 13:12:40.444 [OP] 4040 inv=FFE1 len=30 #1 5e0e392b7207c464530bdcfa9702074c724ed410dcfaa32b1f805b64510b
2026-10-02 13:12:49.235 [OUT] 0037 inv=FFF7 len=12 #1 f7ff3700a32b1f8063cdfc0b
2026-10-02 13:12:49.291 [OP] 4705 inv=FFB8 len=71 #5 777a7f51c03e22a39ef3ce5bd82d0bdcfaa32b1fe96e64510bdcfaa3f359805b64510bdc6bdb2b1f805b645131dcfaa33a1f805b6651d286033d6643185b64510bdcfaa32b1f80
2026-10-02 13:12:52.859 [OUT] 0030 inv=FFDE len=37 #4 deff30005ca722a32b1f805bb5510bdc53a32b1feb066d0d9c27bbea2b1f805b64510bdcfa
2026-10-02 13:12:52.912 [SYS] 你所邀请的对象正在忙碌，无法接受你的邀请。
2026-10-02 13:13:01.803 [OUT] 0035 inv=FFF7 len=12 #1 f7ff35001f805b64b4b252fa
2026-10-02 13:13:35.727 [SYS] #ff0000#您已进入野外区域，可能遭遇玩家间的自由对战，请注意安全！#ffffff#
2026-10-02 13:14:01.523 [SYS] 物品栏满
2026-10-02 13:14:01.642 [SETTLE] exp=1 gold=201744 len=393
2026-10-02 13:14:13.030 [SYS] 物品栏满
2026-10-02 13:14:13.128 [SETTLE] exp=2 gold=201744 len=393
2026-10-02 13:14:13.128 [OP] 46E0 inv=FDF7 len=520 #2 57ecfc0b6ffaa32b7207c464580bdcfa96731f80b038c6158ffaa32b30b00808fd0bdcfa3546ab77d955f4d09a5b7d351f804864510bdcfaa3d7ab775855f4d0815b7d351f1429b0510bdcfafa7fdece09a457ecdce197ed072ba47fbd8dbac4a3d7ab777464510bc34ea8e86f80b46f0177a3ae5bb624aa30c0ce7559499ace1f805b64580bdcfaa32b1f80076f510b52faa32b84805b64b20bdcfaa32b1f80
2026-10-02 13:14:25.714 [SETTLE] exp=1 gold=201744 len=393
2026-10-02 13:14:39.590 [SYS] 物品栏满
2026-10-02 13:14:39.694 [SETTLE] exp=2 gold=201744 len=393
2026-10-02 13:14:51.240 [SETTLE] exp=2 gold=201744 len=393
2026-10-02 13:15:02.994 [SYS] 物品栏满
2026-10-02 13:15:03.098 [SETTLE] exp=1 gold=201744 len=393
2026-10-02 13:15:14.568 [SETTLE] exp=1 gold=201744 len=393
2026-10-02 13:15:18.785 [SYS] #ff0000#您已进入野外区域，可能遭遇玩家间的自由对战，请注意安全！#ffffff#
2026-10-02 13:15:26.632 [SYS] #FFF692#交纳传送费用#00CCFF#690#FFF692#金币！
2026-10-02 13:15:26.726 [CURRENCY] a=201744 b=327744
2026-10-02 13:15:32.794 [SYS] #FFF692#交纳传送费用#00CCFF#1370#FFF692#金币！
2026-10-02 13:15:32.890 [CURRENCY] a=201744 b=327064
2026-10-02 13:15:37.058 [SYS] #FFF692#交纳传送费用#00CCFF#1810#FFF692#金币！
2026-10-02 13:15:37.159 [SYS] #ff0000#您已进入野外区域，可能遭遇玩家间的自由对战，请注意安全！#ffffff#
2026-10-02 13:15:37.159 [CURRENCY] a=201744 b=326624
2026-10-02 13:15:41.599 [OP] 40A2 inv=FFF3 len=12 #1 dcfaa32bca805b64d4bfdcfa
2026-10-02 13:15:55.054 [SYS] 物品栏满
2026-10-02 13:15:55.158 [SETTLE] exp=2494 gold=201744 len=393
2026-10-02 13:16:03.357 [OP] 40A2 inv=FFF3 len=12 #2 dcfaa32bca805b64fdf8dcfa
2026-10-02 13:16:14.445 [SETTLE] exp=2536 gold=201744 len=393
2026-10-02 13:16:16.626 [SYS] #ff0000#您已进入野外区域，可能遭遇玩家间的自由对战，请注意安全！#ffffff#
2026-10-02 13:16:49.273 [SETTLE] exp=7426 gold=201744 len=393
2026-10-02 13:17:36.089 [SETTLE] exp=7488 gold=201744 len=393
2026-10-02 13:17:36.177 [OP] 46E0 inv=FDF7 len=520 #3 57ecfc0b6ffaa32b5207c4640e0bdcfab2121f80d2c0510b9a5b7d35d62f8823b6b7197c079b598066b22b0bdcfae02bcd008b53510bdcfa392b56ce18d7fd0b1af9632487a6c3262525bac426f6d0791c640e0b047b462b29ccdfdf936eca563befa4809564510bdc08a32b0f2cc326e60bdcfaa9e3b0ef0b472b0b6e10e02be862b2cd5b4a8efa407e708ca61283b190faa32bdc2cc3261d4ad49995a86d80
2026-10-02 13:18:10.133 [SYS] 物品栏满
2026-10-02 13:18:10.232 [SETTLE] exp=7670 gold=201744 len=393
2026-10-02 13:18:10.232 [SYS] 获得了#00FF00#1#FFF692#个#64FF7D#碧玉葫芦
2026-10-02 13:18:45.846 [SETTLE] exp=6114 gold=201744 len=393
2026-10-02 13:19:11.125 [SETTLE] exp=7430 gold=201744 len=393
2026-10-02 13:19:46.226 [SYS] 物品栏满
2026-10-02 13:19:46.319 [SETTLE] exp=6174 gold=201744 len=393
2026-10-02 13:20:22.103 [SETTLE] exp=7422 gold=201744 len=393
2026-10-02 13:21:04.444 [SETTLE] exp=6052 gold=201744 len=393
2026-10-02 13:21:04.542 [OP] 40E1 inv=FFED len=18 #2 57ecfc0b6ffadb2ccac79564580b6ffaf82b
2026-10-02 13:21:14.391 [OUT] 0178 inv=FFFB len=8 #1 fbff78011cd97d52
2026-10-02 13:21:14.506 [OP] 404D inv=FE5F len=416 #1 7b8052fae72bca806ca3510b6ffaf82bfe80c464021ddcfaf82bca800d64fd0b91a7a32bca8095640b0bc4fafdb01f809564580b6afafd2ba5ec5b64580b6ffa572bca80c347510b6ffaf82b3c809564fe88dcfaf82bca806b64580b350da32bca8095643b0b6ffabd801f809564580bc6faf82ba1525b64580b6ffa722b34808e3e510b6ffaf82bfd8095644edbdcfaf82bca80ba64580bc521a32bca809564
2026-10-02 13:21:18.770 [OUT] 0049 inv=FFEC len=23 #1 ecff49002b1f805b64510bdc5a4e78c8805b64510b5ec4
2026-10-02 13:21:18.835 [SYS] 背包剩余空间不足
2026-10-02 13:21:20.862 [OUT] 005A inv=FFFB len=8 #1 fbff5a000b084491
2026-10-02 13:21:20.987 [OP] 404A inv=FFD3 len=44 #1 57ecfc0b52faf82b33fa5b64d60be2faf82bad800d47510b6ffaf82bca809464b6dbdcfaf82bca809564fc0b
2026-10-02 13:21:21.831 [OUT] 005B inv=FFFA len=9 #1 faff5b00b4afc77f2b
2026-10-02 13:21:21.841 [OUT] 005B inv=FFFA len=9 #2 faff5b000bdce8f82b
2026-10-02 13:21:21.861 [OUT] 005B inv=FFFA len=9 #3 faff5b00b4afc77f53
2026-10-02 13:21:21.877 [OUT] 005B inv=FFFA len=9 #4 faff5b00b4afc77f53
2026-10-02 13:21:21.895 [OUT] 005B inv=FFFA len=9 #5 faff5b00b4afc77f53
2026-10-02 13:21:21.930 [OP] 404B inv=FFA7 len=88 #1 57ecfc0bdcae212bf6ca5b64510bdcfa572b1f8095a2515cb2caa32b1f805b640e0bdcfaf82c1f808653510bdcfaa32b9b805b645861dcfae8931f805b64510b8ffaa32bca725b64620bdcfaa32b1f800d64510b6fb0a32b
2026-10-02 13:21:22.035 [OP] 404B inv=FFA7 len=88 #2 57ecfc0bdcae212bf6ca5b64510bdcfa572b1f8095a2515cb2caa32b1f805b640e0bdcfaf82c1f808653510bdcfaa32b9b805b645861dcfae8931f805b64510b8ffaa32bca725b64620bdcfaa32b1f800d64510b6fb0a32b
2026-10-02 13:21:22.036 [OP] 404B inv=FFE7 len=24 #3 5e0e392bcaaa576417b5dcfaa32b1f809564510b6fb0a319
2026-10-02 13:21:22.036 [OP] 404B inv=FFE7 len=24 #4 5e0e392bcaaa576417b5dcfaa32b1f809564510b6fb0a32b
2026-10-02 13:21:22.036 [OP] 404B inv=FFE7 len=24 #5 5e0e392bcaaa576417b5dcfaa32b1f809564510b6fb0a32b
2026-10-02 13:21:34.869 [OUT] 0177 inv=FFF9 len=10 #1 f9ff77013064510b66c4
2026-10-02 13:21:34.956 [OP] 404D inv=FFDF len=32 #2 5e0e392bcaaa9564a552155aa32b1f80c064510b350da32bca809564fc0b6ffa
2026-10-02 13:21:36.243 [OUT] 0176 inv=FFFA len=9 #1 faff760190926cee7f
2026-10-02 13:21:36.356 [OP] 404D inv=FFDF len=32 #3 5e0e392bcaaa9564c288dcfaf82bca80c064580b155a4e781f805b64fc0bdcfa
2026-10-02 13:21:38.033 [OUT] 0046 inv=FFF7 len=12 #2 f7ff4600a32b1f801c64510b
2026-10-02 13:21:38.167 [OP] 4026 inv=FFF6 len=9 #2 265850540ea353d680
2026-10-02 13:21:38.404 [OUT] 0049 inv=FFEC len=23 #2 ecff49002b1f805b64510bdc5a4e78c8805b64510b66c4
2026-10-02 13:21:38.463 [OP] 42CF inv=FFE3 len=28 #1 57ecfc0bbd22a32b1f805b64510bdcfaa32b1f805b64510bdcfaa32b
2026-10-02 13:21:38.463 [OP] 42CF inv=FFE3 len=28 #2 57ecfc0bbd22a32b1f805b64510bdcfaa32b1f805b64510bdcfaa32b
2026-10-02 13:21:43.882 [OUT] 0048 inv=FFF7 len=12 #1 f7ff4800dcfaa32b1f459564
2026-10-02 13:21:43.990 [OP] 4721 inv=FFF7 len=8 #1 5e0e392b1f459564
2026-10-02 13:21:44.776 [OUT] 0178 inv=FFFB len=8 #2 fbff78011cd97d52
2026-10-02 13:21:44.893 [OP] 404D inv=FE9B len=356 #4 7b8052fa472bca80fbb6510b6ffaf82b84800d646307dcfaf82bca80c064580bccc0a32bca8095642d0b6ffa03381f809564580b54faf82b8f215b64580b6ffa212bca8034f0510b6ffaf82bfd8095641b78dcfaf82bca80a164490b2b42a32bca8095648e0b6ffad1dc1f809564580b3bfa392bb1855b64580b6ffad82b3c808756510b6ffaf82b5c8035640245dcfaf82bca803964580b406fa32bca809564
2026-10-02 13:21:48.957 [OUT] 0177 inv=FFF9 len=10 #2 f9ff77013064510be647
2026-10-02 13:21:49.016 [OP] 404D inv=FFDF len=32 #5 5e0e392bcaaa9564a552155aa32b1f804064510b91a7a32bca809564fc0bc4fa
2026-10-02 13:21:49.460 [OUT] 0177 inv=FFF9 len=10 #3 f9ff77013064510b8fae
2026-10-02 13:21:51.453 [OUT] 0176 inv=FFFA len=9 #2 faff760190926cee64
2026-10-02 13:21:52.593 [OUT] 0046 inv=FFF7 len=12 #3 f7ff4600a32b1f80c364510b
2026-10-02 13:21:52.729 [OP] 4026 inv=FFC5 len=58 #3 83088d855f2bca725b8d9580dcc45b2bf6bd94645861dc100d081faaec64626da7faf82c1faebad251ece2fae806f78095a251508f65a353d680
2026-10-02 13:21:57.049 [OUT] 0048 inv=FFF7 len=12 #2 f7ff4800c1e8a32b1fef9564
2026-10-02 13:21:57.144 [OP] 4721 inv=FFF7 len=8 #2 5e0e392b1fef9564
2026-10-02 13:21:57.913 [OUT] 0178 inv=FFFB len=8 #3 fbff78011cd97d52
2026-10-02 13:22:00.102 [OUT] 0049 inv=FFEC len=23 #3 ecff49002b1f805b64510bdc5a4e78c8805b64510bc6c4
2026-10-02 13:22:00.163 [SYS] 获得了#00FF00#1#FFF692#根#64FF7D#酷·太公钓竿
2026-10-02 13:22:00.258 [SYS] 获得了#00FF00#1#FFF692#份#64FF7D#(御)黄金搭挡
2026-10-02 13:22:00.258 [SYS] 获得了#00FF00#10#FFF692#个#64FF7D#(御)冒险精气
2026-10-02 13:22:00.419 [OUT] 0046 inv=FFF7 len=12 #4 f7ff4600a32b1f809464510b
2026-10-02 13:22:00.550 [OP] 4026 inv=FFCE len=49 #4 f80b5016e8337253cd5bdfd60b980b1a421faaec6462f76ffaf82c1faec11151ece2fae8ceec8095a251506f30a353d680
2026-10-02 13:22:03.146 [OUT] 0049 inv=FFEC len=23 #4 ecff49002b1f805b64510bdc5a4e78c8805b64510b02c4
2026-10-02 13:22:03.205 [SYS] 获得了#00FF00#1#FFF692#根#64FF7D#酷·邪眼蛇棍
2026-10-02 13:22:03.303 [SYS] 获得了#00FF00#10#FFF692#个#64FF7D#(御)冒险精气
2026-10-02 13:22:03.303 [SYS] 获得了#00FF00#5#FFF692#个#64FF7D#普通宠物精华
2026-10-02 13:22:06.190 [OUT] 0047 inv=FFF3 len=16 #1 f3ff47003b6c4c125bdf510b025a4e78
2026-10-02 13:22:06.311 [OP] 4027 inv=FFF5 len=10 #1 5e0e392b1faa5b642d7f
2026-10-02 13:22:06.311 [OP] 4026 inv=FFCE len=49 #5 f80b5016e84841396a5bdfd60b980b1a421faaec6462f790faf82c1faec1b551ece2fae824f38095a251506fbaa353d680
2026-10-02 13:22:08.661 [OUT] 0047 inv=FFF3 len=16 #2 f3ff47003b6c4c125bdf510b025a4e78
2026-10-02 13:22:08.892 [OP] 4027 inv=FFF5 len=10 #2 5e0e392b1faa5b642d7f
2026-10-02 13:22:14.446 [OUT] 0047 inv=FFF3 len=16 #3 f3ff47003b6c4c125bdf510b025a4e78
2026-10-02 13:22:14.567 [OP] 4027 inv=FFF5 len=10 #3 5e0e392b1faa5b642d7f
2026-10-02 13:22:35.911 [OUT] 0178 inv=FFFB len=8 #4 fbff78011cd97d52
2026-10-02 13:23:38.847 [OUT] 0178 inv=FFFB len=8 #5 fbff78011cd97d52
2026-10-02 13:23:39.490 [OUT] 0046 inv=FFF7 len=12 #5 f7ff4600a32b1f80dc64510b
2026-10-02 13:24:42.034 [SETTLE] exp=6114 gold=201744 len=393
2026-10-02 13:25:05.245 [SETTLE] exp=6110 gold=201744 len=393
2026-10-02 13:25:07.338 [SYS] #ff0000#您已进入野外区域，可能遭遇玩家间的自由对战，请注意安全！#ffffff#
2026-10-02 13:25:28.478 [SETTLE] exp=1430 gold=201744 len=393
2026-10-02 13:25:35.897 [OP] 40A2 inv=FFF3 len=12 #3 dcfaa32bca805b64d4bfdcfa
2026-10-02 13:26:25.673 [OP] 40A2 inv=FFF3 len=12 #4 dcfaa32bca805b64fdf8dcfa
2026-10-02 13:26:55.342 [OUT] 0050 inv=FFF7 len=12 #4 f7ff5000a32b1f80daf1510b
2026-10-02 13:26:58.035 [OP] 40A2 inv=FFF3 len=12 #5 dcfaa32bca805b64e6f8dcfa
2026-10-02 13:27:13.386 [OUT] 0255 inv=EF82 len=260 #1 82ef55022b1f805b13b20bdc58e762afa8f25b378ae499c3a9a853755b79d1707e8d5a457282d252397578c35b0238a2a89ea075b9766caa02fe3e9e5eff2e9a71fa97ec07e7124020c32cfea36f98c54aa5cb705b450237665739755f7f5b5a5db104e815ac7ccf153e65cc4b48a0e22642e2aa02fe3e9e5ef6a1130f3b53907837950bd4fc8afa5b424dd6c6ce0b25f9a85375ad79907a67c3f921e36f98c581ac67cf150269754dc58eb8a225f9a97675c1a7a00e20fc8afa5b424dd6c6ce0b25f9a97675c1efa0fe14f4306e8eb1190cddf2ea70e40c53ec9402104e26c6c3ebd60ca89ea7ac7cfc8afa5b424dd6c6cea225f91a97484de761a32642605e02d92cc9
2026-10-02 13:27:15.653 [OP] 40C0 inv=FFF5 len=10 #1 215dad80917f580b47f4
2026-10-02 13:27:17.432 [OUT] 0055 inv=FFE1 len=34 #1 e1ff5500dcfaa32b9e4e5b6449ecdcfa47ce8012225374d035e8e771f779a30492af
2026-10-02 13:27:17.495 [OP] 40C1 inv=FFF2 len=13 #1 ed67ce5b64510bdcfaa32b1f80
2026-10-02 13:27:17.599 [CURRENCY] a=201744 b=345618
2026-10-02 13:27:29.914 [OUT] 0050 inv=FFF7 len=12 #5 f7ff5000a32b1f80daf1510b
2026-10-02 13:27:30.930 [OP] 40C0 inv=FFF5 len=10 #2 215dad80daf1580b6fae
2026-10-02 13:27:40.388 [OUT] 0055 inv=FFED len=22 #2 edff55001fc7b6a8daf1510b52c4a32b1faa95df0eec
2026-10-02 13:27:40.449 [OP] 40C1 inv=FFF2 len=13 #2 ed67ce5b64510bdcfaa32b1f80
2026-10-02 13:27:40.549 [CURRENCY] a=201744 b=359759
2026-10-02 13:27:48.742 [OUT] 0176 inv=FFFA len=9 #3 faff760190926cee64
2026-10-02 13:27:51.050 [OUT] 0176 inv=FFFA len=9 #4 faff760190926cee64
2026-10-02 13:27:52.905 [OUT] 0177 inv=FFF9 len=10 #4 f9ff77013064510b5225
2026-10-02 13:28:02.134 [OP] 40C0 inv=FD75 len=650 #3 215dad803b6451b252c465671f809564580b78faa32b1f805b64cb9fe8f6a32b1f805b64510bdcfaa32b1f805b64510bdcfaa32bca805bdffb0b61b0a32b1f805b64250bdcfaf82c59870627510b6ffaf82bac805b64510bdcfa8310c4ea5b64510bdcfaa32b1f805b64510bdcfaa32b1f809564580bdcc48f6c36725b64510bdcfa55531f8095a2580b67b8a32bca8095640a0bdcfaa32b1f805684a78ddcfa
2026-10-02 13:28:26.954 [OUT] 0055 inv=FFEF len=20 #3 efff550069805b644227dcfadb2b1f8094040e8a
2026-10-02 13:28:27.013 [OP] 40C1 inv=FFF2 len=13 #3 ed67ce5b64510bdcfaa32b1f80
2026-10-02 13:28:27.112 [CURRENCY] a=201744 b=343919
2026-10-02 13:28:27.237 [OUT] 004E inv=FFFA len=9 #1 faff4e00e9580bdcc4
2026-10-02 13:28:27.238 [OUT] 004E inv=FFFA len=9 #2 faff4e00e9580bdc22
2026-10-02 13:28:27.351 [OP] 4029 inv=FFDF len=32 #1 57ecfc0b74e0a32b1f805b641a0bdcfaa32b1f8095a2580b6fc4172b0680c464
2026-10-02 13:28:27.352 [OP] 4029 inv=FFDF len=32 #2 57ecfc0b72f4a32b1f805b640fecdcfaa32b1f805b64510b52c4172b1780c464
2026-10-02 13:28:43.434 [OUT] 0255 inv=EF82 len=260 #2 82ef55022b1f805b13b20bdc58e762afa8f25b378ae499c3a9a853755b79d1707e8d5a457282d252397578c35b0238a2a89ea075b9766caa02fe3e9e5eff2e9a71fa97ec07e7124020c32cfea36f98c54aa5cb705b450237665739755f7f5b5a5db104e815ac7ccf153e65cc4b48a0e22642e2aa02fe3e9e5ef6a1130f3b53907837950bd4fc8afa5b424dd6c6ce0b25f9a85375ad79907a67c3f921e36f98c581ac67cf150269754dc58eb8a225f9a97675c1a7a00e20fc8afa5b424dd6c6ce0b25f9a97675c1efa0fe14f4306e8eb1190cddf2ea70e40c53ec9402104e26c6c3ebd60ca89ea7ac7cfc8afa5b424dd6c6cea225f91a97484de761a32642605e02d92cc9
2026-10-02 13:28:54.428 [OUT] 0255 inv=EF82 len=260 #3 82ef55022b1f805b13b20bdc58e762afa8f25b378ae499c3a9a853755b79d1707e8d5a457282d252397578c35b0238a2a89ea075b9766caa02fe3e9e5eff2e9a71fa97ec07e7124020c32cfea3f498c54aa5cb705b450237665739755f7f5b5a5db104e815ac7ccf153e65cc4b48a0e22642e2aa02fe3e9e5ef6a1130f3b53907837950bd4fc8afa5b424dd6c6ce0b25f9a85375ad79907a67c3f921e36f98c581ac67cf150269754dc58eb8a225f9a97675c1a7a00e20fc8afa5b424dd6c6cea225f9a97675c1efa0fe14f4306e8eb1190cddf2ea70e40c53ec9402104e26c6c3ebd60ca89ea7ac7cfc8afa5b424dd6c6cea225f91a97484de761a32642605e02d92cc9
2026-10-02 13:29:27.660 [OUT] 0035 inv=FFF7 len=12 #2 f7ff35001f805b64fb8052fa
2026-10-02 13:30:16.614 [OP] 40C0 inv=FD75 len=650 #4 215dad803b6451b252c465671f809564580b78faa32b1f805b64fe9fe8f6a32b1f805b64510bdcfaa32b1f805b64510bdcfaa32bca805bdf052a61b0a32b1f805b64250bdcfaf82c59b10627510b6ffaf82bac805b64510bdcfa7a10c4ea5b64510bdcfaa32b1f805b64510bdcfaa32b1f809564580bdcc48f6c36725b64510bdcfa55531f8095a2580b67b8a32bca8095640a0bdcfaa32b1f807484a78ddcfa
2026-10-02 13:30:19.964 [OUT] 0055 inv=FFED len=22 #4 edff5500a32b1f80daf1510b52faa32b598894040e8a
2026-10-02 13:30:20.104 [OP] 40C1 inv=FFF2 len=13 #4 ed67ce5b64510bdcfaa32b1f80
2026-10-02 13:30:20.104 [CURRENCY] a=201744 b=320159
2026-10-02 13:30:25.302 [OUT] 0035 inv=FFF7 len=12 #3 f7ff35001f805b64418052fa
2026-10-02 13:31:34.103 [OP] 1014 inv=FFF2 len=13 #1 ed67ce5b64510bdcc4312b1f80
2026-10-02 13:31:34.212 [OP] 40F4 inv=FFF2 len=13 #1 b023d0dcfaa32b1faadc64510b
2026-10-02 13:31:34.213 [SYS] 本地传送师已经认可你了，你可以从其他传送师那传送到这里！
2026-10-02 13:31:38.416 [OUT] 0035 inv=FFF7 len=12 #4 f7ff35001f805b64fb8052fa
2026-10-02 13:32:10.636 [SETTLE] exp=1752 gold=201744 len=393
2026-10-02 13:32:12.442 [SYS] #ff0000#您已进入野外区域，可能遭遇玩家间的自由对战，请注意安全！#ffffff#
2026-10-02 13:33:19.905 [SETTLE] exp=7544 gold=201744 len=393
2026-10-02 13:33:47.729 [SETTLE] exp=7544 gold=201744 len=393
2026-10-02 13:34:19.455 [SETTLE] exp=7488 gold=201744 len=413
2026-10-02 13:34:19.559 [OP] 46E0 inv=FDF7 len=520 #4 57ecfc0b6ffaa32bc787c464580bdcfa68121f805b64a5527cf94670d62f8823b6b7197cddc4ad8066b22b0bdcfae02b23000ddc510bdcfa392b56cefefcfd50815b7d35c0805b64510bdcfa572b1f801c640e0b488a467087562a6474d8e9253befa4807464510bdc08a32b7e12646fe60bdcfa5253db120b472b0b6e10e02be8ae94535b4a8efa24736212a61283b199521f3bdc2cc3261d4ad49995a86d80
2026-10-02 13:34:19.559 [OP] 40E1 inv=FFED len=18 #3 57ecfc0b6ffadb2ccace9564580b6ffaf82b
2026-10-02 13:34:19.691 [OUT] 0048 inv=FFF7 len=12 #3 f7ff4800dcfaa32b1fa49564
2026-10-02 13:34:19.827 [OP] 4721 inv=FFF7 len=8 #3 5e0e392b1fa49564
2026-10-02 13:35:00.945 [SETTLE] exp=6110 gold=201744 len=393
2026-10-02 13:35:01.037 [OP] 40E1 inv=FFED len=18 #4 57ecfc0b6ffadb2cca129564580b6ffaf82b
2026-10-02 13:35:24.228 [OUT] 0255 inv=EF82 len=260 #4 82ef55022b1f805b13b20bdc58e762afa8f25b378ae499c3a9a853755b79d1707e8d5a457282d252397578c35b0238a2a89ea075b9766caa02fe3e9e5eff2e9a71fa97ec07e7124020c32cfea36f98c54aa5cb705b450237665739755f7f5b5a5db104e815ac7ccf153e65cc4b48a0e22642e2aa02fe3e9e5ef6a1130f3b53907837950bd4fc8afa5b424dd6c6ce0b25f9a85375ad79907a67c3f921e36f98c581ac67cf150269754dc58eb8a225f9a97675c1a7a00e20fc8afa5b424dd6c6ce0b25f9a97675c1efa0fe14f4306e8eb1190cddf2ea70e40c53ec9402104e26c6c3ebd60ca89ea7ac7cfc8afa5b424dd6c6cea225f91a97484de761a32642605e02d92cc9
2026-10-02 13:35:37.458 [SETTLE] exp=7364 gold=201744 len=403
2026-10-02 13:35:37.557 [OP] 40E1 inv=FFED len=18 #5 57ecfc0b6ffadb2cca4f9564580b6ffaf82b
2026-10-02 13:35:39.488 [OUT] 004E inv=FFFA len=9 #3 faff4e00e9580bdcc4
2026-10-02 13:35:39.580 [OP] 4029 inv=FFDF len=32 #3 57ecfc0b74e0a32b1f805b641a0bdcfaa32b1f801bdf510b6fc4a32bfa809464
2026-10-02 13:36:10.171 [SETTLE] exp=5926 gold=201744 len=393
2026-10-02 13:36:42.271 [SETTLE] exp=7364 gold=201744 len=393
2026-10-02 13:37:26.699 [SETTLE] exp=5930 gold=201744 len=393
2026-10-02 13:37:58.224 [SETTLE] exp=7308 gold=201744 len=393
2026-10-02 13:38:38.283 [OP] 46E0 inv=FDF7 len=520 #5 57ecfc0b6ffaa32b2d87c464580bdcfaa24d1f80b038c6158bfaa32bec2763cdb20bdcfaed35bdefd95550b19a5b7d351f802a64510bdcfa4035bdef585550b1815b7d35c0bc2b6f510bdcfafa7f6b1209a457ecfb0929ce072ba526bd8dbac44035bdef5764510bd1d263207ed08d7f74c4045b5bb624aad86310d578ae11241f805b64580bdcfaa32b1f801e4c2b0b36365e4a0aec2a64982b7bf468e5f98b
2026-10-02 13:38:38.378 [SETTLE] exp=6110 gold=201744 len=393
2026-10-02 13:38:40.409 [OUT] 004E inv=FFFA len=9 #4 faff4e00e9580bdcc4
2026-10-02 13:38:40.559 [OP] 4029 inv=FFDF len=32 #4 57ecfc0b74e0a32b1f805b641a0bdcfaa32b1f80da7f510b6fc4a32bdd809464
2026-10-02 13:39:10.232 [SETTLE] exp=7548 gold=201744 len=393
2026-10-02 13:39:37.680 [SETTLE] exp=7364 gold=201744 len=393
2026-10-02 13:40:07.461 [SETTLE] exp=5926 gold=201744 len=393
2026-10-02 13:40:35.882 [SETTLE] exp=5930 gold=201744 len=393
2026-10-02 13:40:37.914 [OUT] 004E inv=FFFA len=9 #5 faff4e00e9580bdc22
2026-10-02 13:40:38.020 [OP] 4029 inv=FFDF len=32 #5 57ecfc0b72f4a32b1f805b640fecdcfaa32b1f805b64510b52c4a32b5d809564
2026-10-02 13:41:08.600 [SETTLE] exp=5930 gold=201744 len=403
2026-10-02 13:41:36.583 [SETTLE] exp=7610 gold=201744 len=393
2026-10-02 13:42:23.760 [SETTLE] exp=7364 gold=201744 len=393
2026-10-02 13:42:51.733 [SETTLE] exp=7430 gold=201744 len=393
2026-10-02 13:43:18.156 [SETTLE] exp=7544 gold=201744 len=393
2026-10-02 13:44:00.971 [SETTLE] exp=6110 gold=201744 len=393
2026-10-02 13:44:39.885 [SETTLE] exp=6174 gold=201744 len=393
2026-10-02 13:44:39.992 [OP] 4235 inv=FFFA len=5 #1 ed67ce5b64
2026-10-02 13:45:09.717 [SETTLE] exp=5868 gold=201744 len=393
2026-10-02 13:45:40.663 [SETTLE] exp=5808 gold=201744 len=393
2026-10-02 13:46:04.783 [SETTLE] exp=6174 gold=201744 len=393
2026-10-02 13:46:29.811 [SETTLE] exp=6110 gold=201744 len=393
2026-10-02 13:46:57.075 [SETTLE] exp=5868 gold=201744 len=393
2026-10-02 13:47:26.782 [SETTLE] exp=7422 gold=201744 len=393
2026-10-02 13:48:06.655 [SETTLE] exp=7246 gold=201744 len=393
2026-10-02 13:48:39.648 [SETTLE] exp=7608 gold=201744 len=393
2026-10-02 13:48:58.997 [SETTLE] exp=7670 gold=201744 len=393
2026-10-02 13:49:43.666 [SETTLE] exp=7548 gold=201744 len=393
2026-10-02 13:50:16.782 [SETTLE] exp=7308 gold=201744 len=393
2026-10-02 13:50:43.499 [SETTLE] exp=6052 gold=201744 len=393
2026-10-02 13:51:11.188 [SETTLE] exp=7610 gold=201744 len=393
2026-10-02 13:51:43.527 [SETTLE] exp=7544 gold=201744 len=393
2026-10-02 13:51:43.618 [SYS] 获得了#00FF00#1#FFF692#个#64FF7D#碧玉葫芦
2026-10-02 13:52:23.968 [SETTLE] exp=7422 gold=201744 len=393
2026-10-02 13:52:55.944 [SETTLE] exp=5808 gold=201744 len=393
2026-10-02 13:53:22.701 [SETTLE] exp=5990 gold=201744 len=393
2026-10-02 13:53:45.086 [SETTLE] exp=7368 gold=201744 len=393
2026-10-02 13:54:22.787 [SETTLE] exp=7674 gold=201744 len=403
2026-10-02 13:54:43.045 [SETTLE] exp=5990 gold=201744 len=393
2026-10-02 13:55:23.540 [SETTLE] exp=7670 gold=201744 len=393
2026-10-02 13:55:50.589 [SETTLE] exp=7674 gold=201744 len=393
2026-10-02 13:56:27.918 [SETTLE] exp=6052 gold=201744 len=393
2026-10-02 13:57:07.732 [SETTLE] exp=5986 gold=201744 len=393
2026-10-02 13:57:40.315 [SETTLE] exp=7486 gold=201744 len=393
2026-10-02 13:58:07.482 [SETTLE] exp=7486 gold=201744 len=403
2026-10-02 13:58:34.396 [SETTLE] exp=6174 gold=201744 len=393
2026-10-02 13:58:59.720 [SETTLE] exp=5930 gold=201744 len=423
2026-10-02 13:59:39.898 [SETTLE] exp=7552 gold=201744 len=393
2026-10-02 14:00:04.340 [SETTLE] exp=6052 gold=201744 len=393
2026-10-02 14:00:28.353 [SETTLE] exp=6048 gold=201744 len=393
2026-10-02 14:00:54.863 [SETTLE] exp=5926 gold=201744 len=393
2026-10-02 14:01:17.840 [SETTLE] exp=6114 gold=201744 len=393
2026-10-02 14:02:01.436 [SETTLE] exp=6114 gold=201744 len=393
2026-10-02 14:02:29.747 [SETTLE] exp=5990 gold=201744 len=393
2026-10-02 14:02:59.206 [SETTLE] exp=7488 gold=201744 len=393
2026-10-02 14:03:28.366 [SETTLE] exp=6236 gold=201744 len=393
2026-10-02 14:03:56.319 [SETTLE] exp=5930 gold=201744 len=393
2026-10-02 14:04:27.584 [SETTLE] exp=5870 gold=201744 len=393
2026-10-02 14:05:06.712 [SETTLE] exp=7426 gold=201744 len=393
2026-10-02 14:05:34.352 [SETTLE] exp=5930 gold=201744 len=393
2026-10-02 14:06:12.834 [SETTLE] exp=7426 gold=201744 len=403
2026-10-02 14:06:37.205 [SETTLE] exp=6048 gold=201744 len=403
2026-10-02 14:07:03.390 [SETTLE] exp=7486 gold=201744 len=393
2026-10-02 14:07:28.408 [SETTLE] exp=7486 gold=201744 len=393
2026-10-02 14:08:02.491 [SETTLE] exp=5808 gold=201744 len=393
2026-10-02 14:08:35.790 [SETTLE] exp=5990 gold=201744 len=393
2026-10-02 14:09:15.531 [SETTLE] exp=7368 gold=201744 len=393
2026-10-02 14:09:46.487 [SETTLE] exp=7608 gold=201744 len=393
2026-10-02 14:10:14.143 [SETTLE] exp=6174 gold=201744 len=393
2026-10-02 14:10:48.168 [SETTLE] exp=6110 gold=201744 len=393
2026-10-02 14:11:35.036 [SETTLE] exp=7426 gold=201744 len=393
2026-10-02 14:11:55.820 [SETTLE] exp=5990 gold=201744 len=393
2026-10-02 14:12:22.858 [SETTLE] exp=5868 gold=201744 len=393
2026-10-02 14:12:58.540 [SETTLE] exp=7486 gold=201744 len=393
2026-10-02 14:13:39.739 [SETTLE] exp=5990 gold=201744 len=403
2026-10-02 14:14:06.699 [SETTLE] exp=6048 gold=201744 len=393
2026-10-02 14:14:34.504 [SETTLE] exp=5868 gold=201744 len=393
2026-10-02 14:15:03.356 [SETTLE] exp=7364 gold=201744 len=393
2026-10-02 14:15:41.020 [SETTLE] exp=5808 gold=201744 len=393
2026-10-02 14:16:05.005 [SETTLE] exp=6110 gold=201744 len=393
2026-10-02 14:16:35.601 [SETTLE] exp=7488 gold=201744 len=393
2026-10-02 14:17:10.326 [SETTLE] exp=5926 gold=201744 len=393
2026-10-02 14:17:49.897 [SETTLE] exp=5990 gold=201744 len=393
2026-10-02 14:18:34.230 [SETTLE] exp=7364 gold=201744 len=413
2026-10-02 14:18:58.512 [SETTLE] exp=7422 gold=201744 len=393
2026-10-02 14:19:27.757 [OP] 4114 inv=FFEF len=16 #3 c787c4647b98dcfa1b321f801b64510b
2026-10-02 14:19:48.708 [SETTLE] exp=7674 gold=201744 len=393
2026-10-02 14:19:48.797 [OP] 40E6 inv=FFF3 len=12 #2 215dad802ff8510bdcfaa32b
2026-10-02 14:19:48.797 [OP] 4233 inv=FFFA len=5 #2 777a7f510b
2026-10-02 14:19:48.797 [OP] 40F6 inv=FFEF len=16 #2 215dad80cbbe510bdcfaa32b1f80c364
2026-10-02 14:20:24.051 [SETTLE] exp=5990 gold=201744 len=393
2026-10-02 14:20:52.700 [SETTLE] exp=7608 gold=201744 len=393
2026-10-02 14:21:27.820 [SETTLE] exp=7426 gold=201744 len=393
2026-10-02 14:21:47.692 [SETTLE] exp=7364 gold=201744 len=393
2026-10-02 14:22:14.594 [SETTLE] exp=5516 gold=201744 len=393
2026-10-02 14:22:35.923 [SETTLE] exp=5986 gold=201744 len=393
2026-10-02 14:23:15.739 [SETTLE] exp=6938 gold=201744 len=403
2026-10-02 14:23:39.072 [SETTLE] exp=5986 gold=201744 len=393
2026-10-02 14:23:57.353 [SETTLE] exp=5868 gold=201744 len=393
2026-10-02 14:24:23.298 [SETTLE] exp=6110 gold=201744 len=393
2026-10-02 14:25:06.465 [SETTLE] exp=7488 gold=201744 len=393
2026-10-02 14:25:39.075 [SETTLE] exp=5992 gold=201744 len=393
2026-10-02 14:26:09.825 [SETTLE] exp=5516 gold=201744 len=393
2026-10-02 14:26:36.186 [SETTLE] exp=7488 gold=201744 len=393
2026-10-02 14:27:09.867 [SETTLE] exp=7426 gold=201744 len=393
2026-10-02 14:27:09.955 [OP] 4235 inv=FFFA len=5 #2 ed67ce5b64
2026-10-02 14:27:32.526 [SETTLE] exp=7610 gold=201744 len=393
2026-10-02 14:27:58.558 [SETTLE] exp=6174 gold=201744 len=403
2026-10-02 14:28:26.026 [SETTLE] exp=5990 gold=201744 len=393
2026-10-02 14:28:45.525 [SETTLE] exp=6174 gold=201744 len=393
2026-10-02 14:29:07.285 [SETTLE] exp=5926 gold=201744 len=393
2026-10-02 14:29:33.776 [SETTLE] exp=6052 gold=201744 len=393
2026-10-02 14:30:09.680 [SETTLE] exp=6938 gold=201744 len=393
2026-10-02 14:30:38.105 [SETTLE] exp=6938 gold=201744 len=393
2026-10-02 14:31:04.708 [SETTLE] exp=5926 gold=201744 len=393
2026-10-02 14:31:27.300 [SETTLE] exp=7426 gold=201744 len=403
2026-10-02 14:31:59.623 [SETTLE] exp=5868 gold=201744 len=393
2026-10-02 14:32:25.701 [SETTLE] exp=7422 gold=201744 len=393
2026-10-02 14:32:53.890 [SETTLE] exp=5868 gold=201744 len=393
2026-10-02 14:33:35.539 [SETTLE] exp=7430 gold=201744 len=403
2026-10-02 14:34:19.090 [SETTLE] exp=7426 gold=201744 len=393
2026-10-02 14:34:48.950 [SETTLE] exp=7552 gold=201744 len=393
2026-10-02 14:35:16.186 [SETTLE] exp=5990 gold=201744 len=393
2026-10-02 14:35:49.520 [SETTLE] exp=7426 gold=201744 len=393
2026-10-02 14:36:15.096 [SETTLE] exp=5516 gold=201744 len=393
2026-10-02 14:36:46.239 [SETTLE] exp=5930 gold=201744 len=393
2026-10-02 14:37:16.761 [SETTLE] exp=7486 gold=201744 len=393
2026-10-02 14:37:49.800 [SETTLE] exp=7364 gold=201744 len=393
2026-10-02 14:38:11.947 [SETTLE] exp=7548 gold=201744 len=393
2026-10-02 14:38:34.724 [SETTLE] exp=6110 gold=201744 len=393
2026-10-02 14:39:03.062 [SETTLE] exp=7610 gold=201744 len=393
2026-10-02 14:39:33.578 [SETTLE] exp=5868 gold=201744 len=393
2026-10-02 14:40:01.642 [OP] 4114 inv=FFEF len=16 #4 c787c4647b98dcfadf421f801b64510b
2026-10-02 14:40:19.930 [SETTLE] exp=6048 gold=201744 len=403
2026-10-02 14:40:47.427 [SETTLE] exp=7364 gold=201744 len=403
2026-10-02 14:41:17.115 [SETTLE] exp=6048 gold=201744 len=393
2026-10-02 14:41:54.424 [SETTLE] exp=5930 gold=201744 len=393
2026-10-02 14:41:54.529 [SYS] 物品栏已满！
2026-10-02 14:42:25.897 [SETTLE] exp=5930 gold=201744 len=393
2026-10-02 14:43:01.310 [SETTLE] exp=6882 gold=201744 len=393
2026-10-02 14:43:36.445 [SETTLE] exp=6052 gold=201744 len=393
2026-10-02 14:44:05.822 [SETTLE] exp=7544 gold=201744 len=393
2026-10-02 14:44:32.918 [SETTLE] exp=5992 gold=201744 len=393
2026-10-02 14:45:03.422 [SETTLE] exp=7486 gold=201744 len=403
2026-10-02 14:45:36.466 [SETTLE] exp=7548 gold=201744 len=393
2026-10-02 14:46:05.703 [SETTLE] exp=5926 gold=201744 len=393
2026-10-02 14:46:33.700 [SETTLE] exp=6048 gold=201744 len=393
2026-10-02 14:47:05.466 [OP] 4114 inv=FFEF len=16 #5 c787c4647b98dcfaab241f80c064510b
2026-10-02 14:47:16.002 [SETTLE] exp=7548 gold=201744 len=403
2026-10-02 14:47:53.704 [SETTLE] exp=7422 gold=201744 len=393
2026-10-02 14:48:33.149 [SETTLE] exp=6052 gold=201744 len=393
2026-10-02 14:49:12.579 [SETTLE] exp=7426 gold=201744 len=393
2026-10-02 14:49:42.643 [SETTLE] exp=7486 gold=201744 len=393
2026-10-02 14:50:07.932 [SETTLE] exp=5926 gold=201744 len=393
2026-10-02 14:50:35.267 [SETTLE] exp=5930 gold=201744 len=393
2026-10-02 14:51:03.723 [SETTLE] exp=7608 gold=201744 len=393
2026-10-02 14:51:03.815 [SYS] 物品栏已满！
2026-10-02 14:51:31.686 [SETTLE] exp=7426 gold=201744 len=393
2026-10-02 14:52:06.017 [SETTLE] exp=5930 gold=201744 len=393
2026-10-02 14:52:32.770 [SETTLE] exp=5870 gold=201744 len=393
2026-10-02 14:53:12.824 [SETTLE] exp=7486 gold=201744 len=393
2026-10-02 14:53:35.660 [SETTLE] exp=6110 gold=201744 len=403
2026-10-02 14:53:54.592 [SETTLE] exp=7548 gold=201744 len=393
2026-10-02 14:54:21.737 [SETTLE] exp=7608 gold=201744 len=393
2026-10-02 14:55:04.694 [SETTLE] exp=7368 gold=201744 len=393
2026-10-02 14:55:36.404 [SETTLE] exp=5926 gold=201744 len=393
2026-10-02 14:56:04.797 [SETTLE] exp=5990 gold=201744 len=393
2026-10-02 14:56:45.767 [SETTLE] exp=7610 gold=201744 len=393
2026-10-02 14:57:23.769 [SETTLE] exp=7610 gold=201744 len=393
2026-10-02 14:57:52.591 [SETTLE] exp=5930 gold=201744 len=393
2026-10-02 14:58:28.803 [SETTLE] exp=7426 gold=201744 len=393
2026-10-02 14:59:03.669 [SETTLE] exp=7670 gold=201744 len=393
2026-10-02 14:59:31.257 [QUESTION] {"type":"question","sock":2720,"qno":6,"field_a":80,"stem":".“竹子”属于哪一类植物？","options":["1、处长职务","2、食肉植物","3、草本植物","4、食草植物"]}
2026-10-02 14:59:32.268 [UI] auto dump on question qno=6
2026-10-02 14:59:32.268 [UI] ---- window dump begin (pid 18996) ----
2026-10-02 14:59:32.600 [UI] TOP=000605FE vis=0 cls=QBOvCls rc=(1018,559,1378,655) title=
2026-10-02 14:59:32.628 [UI] TOP=000D02C8 vis=1 cls=ATL:012FF210 rc=(644,166,1684,973) title=什么什么大冒险2(①逍遥村敬老院)-自由二号_Sep 24 2026《什么什么大冒险》制作委员会QQ群:515616289
2026-10-02 14:59:32.628 [UI] TOP=00630A72 vis=0 cls=DIEmWin rc=(-1,-1,135,38) title=DIEmWin
2026-10-02 14:59:32.738 [SEND-ANSWER] qno=6 opt=2 ret=13 sock=2720
2026-10-02 14:59:32.793 [SYS] 测试通过！
2026-10-02 14:59:32.885 [SYS] 获得了#00FF00#100#FFF692#金币
2026-10-02 14:59:32.885 [CURRENCY] a=201744 b=320259
2026-10-02 14:59:33.012 [UI] TOP=0039072A vis=0 cls=IME rc=(0,0,0,0) title=Default IME
2026-10-02 14:59:33.024 [UI] TOP=004B08B8 vis=0 cls=MSCTFIME UI rc=(0,0,0,0) title=MSCTFIME UI
2026-10-02 14:59:33.029 [UI] TOP=000805F6 vis=0 cls=IME rc=(0,0,0,0) title=Default IME
2026-10-02 14:59:33.031 [UI] TOP=000F0D64 vis=0 cls=IME rc=(0,0,0,0) title=Default IME
2026-10-02 14:59:33.031 [UI] ---- window dump end ----
2026-10-02 14:59:34.549 [UI] auto-closing quiz frame: qno=6 opt=2
2026-10-02 14:59:34.575 [UI] option 2 control NOT found — falling back to digit key
2026-10-02 14:59:37.012 [SETTLE] exp=7488 gold=201744 len=393
2026-10-02 14:59:55.151 [SETTLE] exp=6114 gold=201744 len=393
2026-10-02 15:00:19.775 [SETTLE] exp=5992 gold=201744 len=393
2026-10-02 15:00:45.373 [SETTLE] exp=7426 gold=201744 len=393
2026-10-02 15:01:07.069 [SETTLE] exp=6114 gold=201744 len=403
2026-10-02 15:01:31.664 [SETTLE] exp=6052 gold=201744 len=393
2026-10-02 15:02:07.385 [SETTLE] exp=5868 gold=201744 len=393
2026-10-02 15:02:07.482 [SYS] 获得了#00FF00#1#FFF692#个#64FF7D#碧玉葫芦
2026-10-02 15:02:33.092 [SETTLE] exp=5992 gold=201744 len=403
2026-10-02 15:02:58.076 [SETTLE] exp=7732 gold=201744 len=393
2026-10-02 15:03:42.310 [SETTLE] exp=6048 gold=201744 len=393
2026-10-02 15:04:16.973 [SETTLE] exp=7548 gold=201744 len=393
2026-10-02 15:04:39.333 [SETTLE] exp=5926 gold=201744 len=403
2026-10-02 15:05:08.096 [SETTLE] exp=6048 gold=201744 len=393
2026-10-02 15:05:48.885 [SETTLE] exp=7488 gold=201744 len=393
2026-10-02 15:05:48.980 [OP] 4235 inv=FFFA len=5 #3 ed67ce5b64
2026-10-02 15:06:18.731 [SETTLE] exp=7488 gold=201744 len=393
2026-10-02 15:06:41.749 [SETTLE] exp=7368 gold=201744 len=393
2026-10-02 15:07:03.492 [SETTLE] exp=5926 gold=201744 len=393
2026-10-02 15:07:32.250 [SETTLE] exp=7488 gold=201744 len=403
2026-10-02 15:07:59.334 [SETTLE] exp=5870 gold=201744 len=393
2026-10-02 15:08:27.621 [SETTLE] exp=7368 gold=201744 len=393
2026-10-02 15:09:05.841 [SETTLE] exp=5870 gold=201744 len=393
2026-10-02 15:09:26.388 [SETTLE] exp=7608 gold=201744 len=393
2026-10-02 15:09:57.623 [SETTLE] exp=7486 gold=201744 len=393
2026-10-02 15:10:22.266 [SETTLE] exp=5992 gold=201744 len=393
2026-10-02 15:10:55.215 [SETTLE] exp=7486 gold=201744 len=403
2026-10-02 15:11:29.698 [SETTLE] exp=6938 gold=201744 len=393
2026-10-02 15:11:49.997 [SETTLE] exp=6052 gold=201744 len=393
2026-10-02 15:12:25.572 [SETTLE] exp=6938 gold=201744 len=393
2026-10-02 15:12:53.888 [SETTLE] exp=7610 gold=201744 len=393
2026-10-02 15:13:20.499 [SETTLE] exp=5990 gold=201744 len=393
2026-10-02 15:13:40.212 [SETTLE] exp=6048 gold=201744 len=393
2026-10-02 15:14:10.557 [SETTLE] exp=7548 gold=201744 len=403
2026-10-02 15:14:40.265 [SETTLE] exp=7488 gold=201744 len=393
2026-10-02 15:15:09.394 [SETTLE] exp=5992 gold=201744 len=393
2026-10-02 15:15:36.179 [SETTLE] exp=7430 gold=201744 len=393
2026-10-02 15:16:18.903 [SYS] 物品栏满
2026-10-02 15:16:18.992 [SETTLE] exp=7610 gold=201744 len=393
2026-10-02 15:17:03.617 [SETTLE] exp=7548 gold=201744 len=393
2026-10-02 15:17:30.430 [SETTLE] exp=6048 gold=201744 len=393
2026-10-02 15:17:52.373 [SETTLE] exp=5986 gold=201744 len=393
2026-10-02 15:18:18.463 [SETTLE] exp=7430 gold=201744 len=393
2026-10-02 15:18:56.667 [SETTLE] exp=7548 gold=201744 len=393
2026-10-02 15:19:31.444 [SETTLE] exp=7674 gold=201744 len=393
2026-10-02 15:20:14.680 [SETTLE] exp=6052 gold=201744 len=393
2026-10-02 15:20:45.650 [SETTLE] exp=5990 gold=201744 len=393
2026-10-02 15:21:19.843 [SETTLE] exp=7486 gold=201744 len=393
2026-10-02 15:22:02.982 [SETTLE] exp=5990 gold=201744 len=393
2026-10-02 15:22:35.612 [SETTLE] exp=5930 gold=201744 len=403
2026-10-02 15:23:20.458 [SETTLE] exp=7368 gold=201744 len=393
2026-10-02 15:23:54.027 [SETTLE] exp=7486 gold=201744 len=403
2026-10-02 15:24:25.206 [SETTLE] exp=7488 gold=201744 len=393
2026-10-02 15:24:53.793 [SETTLE] exp=7548 gold=201744 len=393
2026-10-02 15:25:22.324 [SETTLE] exp=5990 gold=201744 len=393
2026-10-02 15:25:53.628 [SETTLE] exp=6882 gold=201744 len=393
2026-10-02 15:26:26.399 [SETTLE] exp=6882 gold=201744 len=393
2026-10-02 15:26:48.442 [SETTLE] exp=6114 gold=201744 len=393
2026-10-02 15:27:21.200 [SETTLE] exp=7482 gold=201744 len=403
2026-10-02 15:27:51.249 [SETTLE] exp=5868 gold=201744 len=393
2026-10-02 15:28:27.011 [SETTLE] exp=5986 gold=201744 len=393
2026-10-02 15:29:00.470 [SETTLE] exp=6052 gold=201744 len=403
2026-10-02 15:29:23.270 [SETTLE] exp=7670 gold=201744 len=403
2026-10-02 15:29:50.695 [SETTLE] exp=5992 gold=201744 len=393
2026-10-02 15:30:19.054 [SETTLE] exp=5870 gold=201744 len=403
2026-10-02 15:30:58.197 [SETTLE] exp=7548 gold=201744 len=393
2026-10-02 15:31:26.497 [SETTLE] exp=7364 gold=201744 len=393
2026-10-02 15:31:54.209 [SETTLE] exp=5926 gold=201744 len=393
2026-10-02 15:32:26.663 [SETTLE] exp=6048 gold=201744 len=393
2026-10-02 15:32:55.832 [SETTLE] exp=6114 gold=201744 len=393
2026-10-02 15:33:28.187 [SETTLE] exp=5926 gold=201744 len=403
2026-10-02 15:34:06.309 [SETTLE] exp=5868 gold=201744 len=393
2026-10-02 15:34:46.189 [SETTLE] exp=6052 gold=201744 len=393
2026-10-02 15:35:17.473 [SETTLE] exp=6110 gold=201744 len=393
2026-10-02 15:35:45.146 [SETTLE] exp=6110 gold=201744 len=393
2026-10-02 15:36:12.868 [SETTLE] exp=5926 gold=201744 len=393
2026-10-02 15:36:45.185 [SETTLE] exp=7426 gold=201744 len=403
2026-10-02 15:37:21.000 [SETTLE] exp=7486 gold=201744 len=393
2026-10-02 15:38:01.254 [SETTLE] exp=7670 gold=201744 len=393
2026-10-02 15:38:30.346 [SETTLE] exp=5990 gold=201744 len=393
2026-10-02 15:38:54.394 [SETTLE] exp=5870 gold=201744 len=393
2026-10-02 15:39:26.383 [SETTLE] exp=6938 gold=201744 len=393
2026-10-02 15:40:04.568 [SETTLE] exp=7548 gold=201744 len=393
2026-10-02 15:40:41.068 [SETTLE] exp=6048 gold=201744 len=393
2026-10-02 15:41:22.142 [SETTLE] exp=7610 gold=201744 len=393
2026-10-02 15:41:56.209 [SETTLE] exp=7488 gold=201744 len=403
2026-10-02 15:41:56.314 [OP] 40E6 inv=FFF3 len=12 #3 215dad80d608510bdcfaa32b
2026-10-02 15:41:56.314 [OP] 4233 inv=FFFA len=5 #3 777a7f510b
2026-10-02 15:41:56.314 [OP] 40F6 inv=FFEF len=16 #3 215dad80fb7a510bdcfaa32b1f80c364
2026-10-02 15:42:15.937 [OP] 4344 inv=FFF7 len=8 #1 57ecfc0b4902392b
2026-10-02 15:42:18.990 [OP] 4345 inv=FFF7 len=8 #1 5e0e392b57e7c464
2026-10-02 15:42:26.488 [SETTLE] exp=7170 gold=201744 len=393
2026-10-02 15:42:48.092 [SETTLE] exp=5632 gold=201744 len=393
2026-10-02 15:42:54.239 [OP] 4344 inv=FFF7 len=8 #2 57ecfc0b4902392b
2026-10-02 15:42:56.442 [OP] 4345 inv=FFF7 len=8 #2 5e0e392b57e7c464
2026-10-02 15:43:23.323 [SETTLE] exp=7174 gold=201744 len=393
2026-10-02 15:43:45.536 [SETTLE] exp=7110 gold=201744 len=393
2026-10-02 15:44:08.760 [SETTLE] exp=6110 gold=201744 len=393
2026-10-02 15:44:35.748 [SETTLE] exp=5632 gold=201744 len=393
2026-10-02 15:45:13.863 [SETTLE] exp=7170 gold=201744 len=393
2026-10-02 15:45:43.609 [SETTLE] exp=7170 gold=201744 len=393
2026-10-02 15:46:06.861 [SETTLE] exp=7226 gold=201744 len=393
2026-10-02 15:46:40.586 [SETTLE] exp=7110 gold=201744 len=393
2026-10-02 15:47:10.085 [SETTLE] exp=7170 gold=201744 len=393
2026-10-02 15:47:39.564 [SETTLE] exp=5690 gold=201744 len=393
2026-10-02 15:48:13.709 [SETTLE] exp=5574 gold=201744 len=393
2026-10-02 15:48:20.095 [QUESTION] {"type":"question","sock":2720,"qno":14,"field_a":103,"stem":"当发现有人触电后，抢救他的正确方法是？","options":["1、找个能插的电源","2、给手机充电","3、切断电源","4、也一起触电"]}
2026-10-02 15:48:21.109 [UI] auto dump on question qno=14
2026-10-02 15:48:21.110 [UI] ---- window dump begin (pid 18996) ----
2026-10-02 15:48:21.491 [UI] TOP=000605FE vis=0 cls=QBOvCls rc=(1018,559,1378,655) title=
2026-10-02 15:48:21.508 [UI] TOP=000D02C8 vis=1 cls=ATL:012FF210 rc=(644,166,1684,973) title=什么什么大冒险2(①逍遥村敬老院)-自由二号_Sep 24 2026《什么什么大冒险》制作委员会QQ群:515616289
2026-10-02 15:48:21.510 [UI] TOP=00630A72 vis=0 cls=DIEmWin rc=(-1,-1,135,38) title=DIEmWin
2026-10-02 15:48:21.903 [UI] TOP=0039072A vis=0 cls=IME rc=(0,0,0,0) title=Default IME
2026-10-02 15:48:21.914 [UI] TOP=004B08B8 vis=0 cls=MSCTFIME UI rc=(0,0,0,0) title=MSCTFIME UI
2026-10-02 15:48:21.927 [UI] TOP=000805F6 vis=0 cls=IME rc=(0,0,0,0) title=Default IME
2026-10-02 15:48:21.927 [UI] TOP=000F0D64 vis=0 cls=IME rc=(0,0,0,0) title=Default IME
2026-10-02 15:48:21.927 [UI] ---- window dump end ----
2026-10-02 15:48:23.118 [SEND-ANSWER] qno=14 opt=2 ret=13 sock=2720
2026-10-02 15:48:23.170 [SYS] 测试通过！
2026-10-02 15:48:23.266 [SYS] 获得了#00FF00#100#FFF692#金币
2026-10-02 15:48:23.266 [CURRENCY] a=201744 b=320359
2026-10-02 15:48:24.925 [UI] auto-closing quiz frame: qno=14 opt=2
2026-10-02 15:48:24.953 [UI] option 2 control NOT found — falling back to digit key
2026-10-02 15:48:43.071 [SETTLE] exp=5748 gold=201744 len=403
2026-10-02 15:49:21.733 [SETTLE] exp=5744 gold=201744 len=393
2026-10-02 15:49:44.697 [SETTLE] exp=7050 gold=201744 len=393
2026-10-02 15:50:13.343 [SETTLE] exp=5632 gold=201744 len=393
2026-10-02 15:50:48.434 [SETTLE] exp=7050 gold=201744 len=393
2026-10-02 15:51:26.410 [SETTLE] exp=5226 gold=201744 len=393
2026-10-02 15:51:55.988 [SETTLE] exp=7054 gold=201744 len=393
2026-10-02 15:51:55.988 [OP] 4235 inv=FFFA len=5 #4 ed67ce5b64
2026-10-02 15:52:25.858 [SETTLE] exp=6114 gold=201744 len=393
2026-10-02 15:52:54.534 [SETTLE] exp=5632 gold=201744 len=393
2026-10-02 15:53:20.850 [SETTLE] exp=5690 gold=201744 len=393
2026-10-02 15:53:48.696 [SETTLE] exp=7110 gold=201744 len=403
2026-10-02 15:54:14.503 [SETTLE] exp=5632 gold=201744 len=393
2026-10-02 15:54:42.585 [SETTLE] exp=7106 gold=201744 len=393
2026-10-02 15:55:06.266 [SETTLE] exp=7054 gold=201744 len=393
2026-10-02 15:55:34.051 [SETTLE] exp=5692 gold=201744 len=393
2026-10-02 15:55:58.354 [SETTLE] exp=5574 gold=201744 len=393
2026-10-02 15:56:24.472 [SETTLE] exp=7226 gold=201744 len=393
2026-10-02 15:56:55.887 [SYS] 物品栏满
2026-10-02 15:56:55.992 [SETTLE] exp=6994 gold=201744 len=393
2026-10-02 15:57:28.669 [SETTLE] exp=5574 gold=201744 len=393
2026-10-02 15:57:56.718 [SETTLE] exp=6994 gold=201744 len=393
2026-10-02 15:58:20.730 [SETTLE] exp=5744 gold=201744 len=393
2026-10-02 15:58:54.958 [SETTLE] exp=7166 gold=201744 len=393
2026-10-02 15:59:19.516 [SETTLE] exp=5686 gold=201744 len=403
2026-10-02 15:59:54.625 [SETTLE] exp=6998 gold=201744 len=393
2026-10-02 16:00:00.401 [SYS] 许愿池里多了一批新礼物，赶紧来许愿吧~
2026-10-02 16:00:25.687 [SETTLE] exp=7170 gold=201744 len=393
2026-10-02 16:00:55.405 [SETTLE] exp=6520 gold=201744 len=403
2026-10-02 16:01:31.674 [SETTLE] exp=5690 gold=201744 len=393
2026-10-02 16:02:05.631 [SETTLE] exp=5628 gold=201744 len=403
2026-10-02 16:02:46.166 [SETTLE] exp=7228 gold=201744 len=393
2026-10-02 16:02:46.260 [SYS] 获得了#00FF00#1#FFF692#个#64FF7D#碧玉葫芦
2026-10-02 16:03:11.179 [SETTLE] exp=5690 gold=201744 len=403
2026-10-02 16:03:45.660 [SETTLE] exp=7732 gold=201744 len=393
2026-10-02 16:04:17.833 [SETTLE] exp=5690 gold=201744 len=403
2026-10-02 16:04:26.620 [QUESTION] {"type":"question","sock":2720,"qno":14,"field_a":103,"stem":"当发现有人触电后，抢救他的正确方法是？","options":["1、找个能插的电源","2、给手机充电","3、切断电源","4、也一起触电"]}
2026-10-02 16:04:27.625 [UI] auto dump on question qno=14
2026-10-02 16:04:27.625 [UI] ---- window dump begin (pid 18996) ----
2026-10-02 16:04:27.728 [UI] TOP=000605FE vis=0 cls=QBOvCls rc=(1018,559,1378,655) title=
2026-10-02 16:04:27.736 [UI] TOP=000D02C8 vis=1 cls=ATL:012FF210 rc=(678,192,1718,999) title=什么什么大冒险2(①逍遥村敬老院)-自由二号_Sep 24 2026《什么什么大冒险》制作委员会QQ群:515616289
2026-10-02 16:04:27.736 [UI] TOP=00630A72 vis=0 cls=DIEmWin rc=(-1,-1,135,38) title=DIEmWin
2026-10-02 16:04:28.135 [UI] TOP=0039072A vis=0 cls=IME rc=(0,0,0,0) title=Default IME
2026-10-02 16:04:28.141 [UI] TOP=004B08B8 vis=0 cls=MSCTFIME UI rc=(0,0,0,0) title=MSCTFIME UI
2026-10-02 16:04:28.146 [UI] TOP=000805F6 vis=0 cls=IME rc=(0,0,0,0) title=Default IME
2026-10-02 16:04:28.146 [UI] TOP=000F0D64 vis=0 cls=IME rc=(0,0,0,0) title=Default IME
2026-10-02 16:04:28.146 [UI] ---- window dump end ----
2026-10-02 16:04:31.138 [SEND-ANSWER] qno=14 opt=2 ret=13 sock=2720
2026-10-02 16:04:31.189 [SYS] 测试通过！
2026-10-02 16:04:31.288 [SYS] 获得了#00FF00#100#FFF692#金币
2026-10-02 16:04:31.289 [CURRENCY] a=201744 b=320459
2026-10-02 16:04:32.940 [UI] auto-closing quiz frame: qno=14 opt=2
2026-10-02 16:04:32.950 [UI] option 2 control NOT found — falling back to digit key
2026-10-02 16:04:43.607 [SETTLE] exp=7226 gold=201744 len=393
2026-10-02 16:05:06.870 [SETTLE] exp=5692 gold=201744 len=393
2026-10-02 16:05:39.985 [SETTLE] exp=6994 gold=201744 len=393
2026-10-02 16:06:19.794 [SETTLE] exp=6174 gold=201744 len=393
2026-10-02 16:06:40.957 [SETTLE] exp=6994 gold=201744 len=393
2026-10-02 16:07:18.961 [SETTLE] exp=5692 gold=201744 len=393
2026-10-02 16:07:57.423 [SETTLE] exp=6110 gold=201744 len=393
2026-10-02 16:08:26.748 [SETTLE] exp=5748 gold=201744 len=403
2026-10-02 16:08:55.922 [SETTLE] exp=5632 gold=201744 len=393
2026-10-02 16:09:32.996 [SETTLE] exp=5690 gold=201744 len=393
2026-10-02 16:10:07.619 [SETTLE] exp=6998 gold=201744 len=393
2026-10-02 16:10:37.588 [SETTLE] exp=5628 gold=201744 len=393
2026-10-02 16:11:06.957 [SETTLE] exp=7112 gold=201744 len=393
2026-10-02 16:11:34.741 [SETTLE] exp=7170 gold=201744 len=403
2026-10-02 16:11:59.543 [SETTLE] exp=5744 gold=201744 len=393
2026-10-02 16:12:40.667 [SETTLE] exp=5574 gold=201744 len=393
2026-10-02 16:13:10.543 [SETTLE] exp=5632 gold=201744 len=403
2026-10-02 16:13:39.412 [SETTLE] exp=7112 gold=201744 len=393
2026-10-02 16:14:07.184 [SETTLE] exp=7110 gold=201744 len=403
2026-10-02 16:14:36.941 [SETTLE] exp=5692 gold=201744 len=393
2026-10-02 16:15:03.120 [SETTLE] exp=5172 gold=201744 len=393
2026-10-02 16:15:39.024 [SETTLE] exp=7174 gold=201744 len=393
2026-10-02 16:16:20.871 [SETTLE] exp=7110 gold=201744 len=403
2026-10-02 16:16:40.758 [SETTLE] exp=7058 gold=201744 len=393
2026-10-02 16:17:20.107 [SETTLE] exp=7228 gold=201744 len=393
2026-10-02 16:17:52.903 [SETTLE] exp=5628 gold=201744 len=393
2026-10-02 16:18:17.205 [SETTLE] exp=7670 gold=201744 len=393
2026-10-02 16:18:53.640 [SETTLE] exp=7174 gold=201744 len=393
2026-10-02 16:19:30.150 [SETTLE] exp=6994 gold=201744 len=393
2026-10-02 16:20:07.515 [SETTLE] exp=7226 gold=201744 len=393
2026-10-02 16:20:38.635 [SETTLE] exp=6520 gold=201744 len=393
2026-10-02 16:20:59.356 [SETTLE] exp=6572 gold=201744 len=403
2026-10-02 16:20:59.449 [SYS] 物品栏已满！
2026-10-02 16:21:39.527 [SETTLE] exp=7054 gold=201744 len=393
2026-10-02 16:22:03.307 [SETTLE] exp=6174 gold=201744 len=393
2026-10-02 16:22:39.522 [SETTLE] exp=6994 gold=201744 len=393
2026-10-02 16:23:09.010 [SETTLE] exp=7670 gold=201744 len=393
2026-10-02 16:23:35.512 [SETTLE] exp=7050 gold=201744 len=393
2026-10-02 16:24:08.384 [SETTLE] exp=6110 gold=201744 len=393
2026-10-02 16:24:25.573 [SETTLE] exp=7110 gold=201744 len=393
2026-10-02 16:24:52.606 [SETTLE] exp=6110 gold=201744 len=393
2026-10-02 16:25:16.839 [SYS] 物品栏满
2026-10-02 16:25:16.933 [SETTLE] exp=5748 gold=201744 len=393
2026-10-02 16:25:46.867 [SETTLE] exp=6994 gold=201744 len=393
2026-10-02 16:26:15.708 [SETTLE] exp=5632 gold=201744 len=393
2026-10-02 16:26:48.865 [SETTLE] exp=7050 gold=201744 len=403
2026-10-02 16:27:18.472 [SETTLE] exp=6994 gold=201744 len=393
2026-10-02 16:27:53.058 [SETTLE] exp=7174 gold=201744 len=393
2026-10-02 16:28:20.896 [SETTLE] exp=6994 gold=201744 len=393
2026-10-02 16:28:42.596 [SETTLE] exp=5748 gold=201744 len=393
2026-10-02 16:29:13.460 [SETTLE] exp=7228 gold=201744 len=403
2026-10-02 16:29:46.779 [SETTLE] exp=7050 gold=201744 len=393
2026-10-02 16:30:24.174 [SETTLE] exp=7170 gold=201744 len=393
2026-10-02 16:30:57.059 [SETTLE] exp=5628 gold=201744 len=393
2026-10-02 16:31:40.200 [SETTLE] exp=5748 gold=201744 len=393
2026-10-02 16:32:03.581 [SETTLE] exp=5690 gold=201744 len=393
2026-10-02 16:32:33.476 [SETTLE] exp=6998 gold=201744 len=393
2026-10-02 16:33:15.377 [SETTLE] exp=7670 gold=201744 len=393
2026-10-02 16:33:41.165 [SETTLE] exp=7170 gold=201744 len=393
2026-10-02 16:34:13.708 [SETTLE] exp=5744 gold=201744 len=393
2026-10-02 16:34:38.923 [SETTLE] exp=5690 gold=201744 len=403
2026-10-02 16:35:16.827 [SETTLE] exp=6998 gold=201744 len=393
2026-10-02 16:35:54.302 [SETTLE] exp=7054 gold=201744 len=393
2026-10-02 16:36:36.050 [SETTLE] exp=7226 gold=201744 len=393
2026-10-02 16:37:03.140 [SETTLE] exp=7732 gold=201744 len=393
2026-10-02 16:37:31.243 [SETTLE] exp=7922 gold=201744 len=403
2026-10-02 16:37:53.229 [SETTLE] exp=6364 gold=201744 len=393
2026-10-02 16:38:31.711 [SETTLE] exp=7860 gold=201744 len=393
2026-10-02 16:39:08.890 [SETTLE] exp=8050 gold=201744 len=393
2026-10-02 16:39:08.981 [SYS] 获得了#00FF00#1#FFF692#个#64FF7D#碧玉葫芦
2026-10-02 16:39:30.413 [SETTLE] exp=6364 gold=201744 len=393
2026-10-02 16:40:06.414 [SETTLE] exp=6492 gold=201744 len=393
2026-10-02 16:40:06.508 [SYS] 获得了#00FF00#1#FFF692#个#64FF7D#碧玉葫芦
2026-10-02 16:40:26.090 [SETTLE] exp=8246 gold=201744 len=403
2026-10-02 16:40:53.875 [SYS] 物品栏满
2026-10-02 16:40:53.965 [SETTLE] exp=8180 gold=201744 len=393
2026-10-02 16:41:44.379 [SETTLE] exp=8312 gold=201744 len=393
2026-10-02 16:42:21.738 [SYS] 物品栏满
2026-10-02 16:42:21.837 [SETTLE] exp=8114 gold=201744 len=393
2026-10-02 16:42:55.041 [SETTLE] exp=6428 gold=201744 len=393
2026-10-02 16:43:13.482 [SETTLE] exp=6364 gold=201744 len=393
2026-10-02 16:43:41.783 [SETTLE] exp=7796 gold=201744 len=393
2026-10-02 16:44:16.151 [SETTLE] exp=7922 gold=201744 len=393
2026-10-02 16:44:39.179 [SETTLE] exp=7796 gold=201744 len=403
2026-10-02 16:45:09.564 [SETTLE] exp=6236 gold=201744 len=393
2026-10-02 16:45:35.675 [SETTLE] exp=7670 gold=201744 len=393
2026-10-02 16:46:05.008 [SETTLE] exp=7112 gold=201744 len=403
2026-10-02 16:46:40.333 [SETTLE] exp=7226 gold=201744 len=403
2026-10-02 16:47:19.249 [SETTLE] exp=6110 gold=201744 len=393
2026-10-02 16:47:48.328 [SETTLE] exp=5806 gold=201744 len=393
2026-10-02 16:48:14.735 [SETTLE] exp=5748 gold=201744 len=393
2026-10-02 16:48:14.833 [OP] 4235 inv=FFFA len=5 #5 ed67ce5b64
2026-10-02 16:48:33.983 [SETTLE] exp=7110 gold=201744 len=403
2026-10-02 16:48:51.565 [SETTLE] exp=6236 gold=201744 len=393
2026-10-02 16:49:12.816 [SETTLE] exp=6300 gold=201744 len=393
2026-10-02 16:49:47.032 [SETTLE] exp=6300 gold=201744 len=393
2026-10-02 16:50:18.390 [SETTLE] exp=7796 gold=201744 len=393
2026-10-02 16:50:46.221 [SYS] 物品栏满
2026-10-02 16:50:46.319 [SETTLE] exp=6492 gold=201744 len=393
2026-10-02 16:51:07.828 [SETTLE] exp=7986 gold=201744 len=393
2026-10-02 16:51:28.096 [SETTLE] exp=6428 gold=201744 len=393
2026-10-02 16:51:58.445 [SETTLE] exp=6558 gold=201744 len=393
2026-10-02 16:52:31.282 [SETTLE] exp=6624 gold=201744 len=393
2026-10-02 16:52:58.992 [SETTLE] exp=8180 gold=201744 len=393
2026-10-02 16:53:31.452 [SYS] 物品栏满
2026-10-02 16:53:31.543 [SETTLE] exp=8180 gold=201744 len=393
2026-10-02 16:53:57.723 [SETTLE] exp=7986 gold=201744 len=403
2026-10-02 16:54:15.300 [SYS] 物品栏满
2026-10-02 16:54:15.397 [SETTLE] exp=6364 gold=201744 len=393
2026-10-02 16:54:46.642 [SYS] 物品栏满
2026-10-02 16:54:46.736 [SETTLE] exp=7986 gold=201744 len=393
2026-10-02 16:55:14.706 [SETTLE] exp=6364 gold=201744 len=393
2026-10-02 16:55:49.548 [SYS] 物品栏满
2026-10-02 16:55:49.636 [SETTLE] exp=6236 gold=201744 len=393
2026-10-02 16:56:13.165 [SETTLE] exp=5744 gold=201744 len=403
2026-10-02 16:56:46.824 [SETTLE] exp=7860 gold=201744 len=393
2026-10-02 16:57:08.454 [SETTLE] exp=7860 gold=201744 len=393
2026-10-02 16:57:34.997 [SETTLE] exp=6236 gold=201744 len=393
2026-10-02 16:58:17.194 [SETTLE] exp=8050 gold=201744 len=393
2026-10-02 16:58:44.746 [SETTLE] exp=8050 gold=201744 len=393
2026-10-02 16:59:09.968 [SETTLE] exp=7922 gold=201744 len=403
2026-10-02 16:59:29.021 [SETTLE] exp=6558 gold=201744 len=393
2026-10-02 17:00:10.011 [SETTLE] exp=6558 gold=201744 len=393
2026-10-02 17:00:33.623 [SETTLE] exp=6558 gold=201744 len=393
2026-10-02 17:00:57.622 [SYS] 物品栏满
2026-10-02 17:00:57.715 [SETTLE] exp=6558 gold=201744 len=393
2026-10-02 17:01:31.029 [SETTLE] exp=6428 gold=201744 len=393
2026-10-02 17:01:56.936 [SETTLE] exp=7922 gold=201744 len=393
2026-10-02 17:02:39.031 [SETTLE] exp=6364 gold=201744 len=393
2026-10-02 17:03:03.939 [SETTLE] exp=6428 gold=201744 len=393
2026-10-02 17:03:24.075 [SYS] 物品栏满
2026-10-02 17:03:24.076 [SETTLE] exp=6300 gold=201744 len=393
2026-10-02 17:03:43.059 [SETTLE] exp=6364 gold=201744 len=393
2026-10-02 17:04:05.192 [SETTLE] exp=6236 gold=201744 len=393
2026-10-02 17:04:32.103 [SETTLE] exp=5806 gold=201744 len=393
2026-10-02 17:05:08.019 [SETTLE] exp=6574 gold=201744 len=403
2026-10-02 17:05:37.482 [SETTLE] exp=5744 gold=201744 len=393
2026-10-02 17:06:16.187 [SETTLE] exp=7112 gold=201744 len=393
2026-10-02 17:06:46.166 [SETTLE] exp=5690 gold=201744 len=393
2026-10-02 17:07:24.672 [SETTLE] exp=6110 gold=201744 len=393
2026-10-02 17:07:49.749 [SETTLE] exp=6236 gold=201744 len=393
2026-10-02 17:08:16.923 [SETTLE] exp=6236 gold=201744 len=393
2026-10-02 17:08:40.488 [SETTLE] exp=6236 gold=201744 len=403
2026-10-02 17:09:18.203 [SETTLE] exp=7922 gold=201744 len=403
2026-10-02 17:09:40.967 [SYS] 物品栏满
2026-10-02 17:09:41.056 [SETTLE] exp=8114 gold=201744 len=393
2026-10-02 17:10:22.455 [SYS] 物品栏满
2026-10-02 17:10:22.547 [SETTLE] exp=8050 gold=201744 len=393
2026-10-02 17:11:02.963 [SETTLE] exp=6558 gold=201744 len=393
2026-10-02 17:11:28.229 [SETTLE] exp=6690 gold=201744 len=393
2026-10-02 17:11:52.391 [SETTLE] exp=8246 gold=201744 len=393
2026-10-02 17:12:14.197 [SETTLE] exp=8180 gold=201744 len=393
2026-10-02 17:12:14.287 [SYS] 获得了#00FF00#1#FFF692#个#64FF7D#碧玉葫芦
2026-10-02 17:12:36.983 [SETTLE] exp=6364 gold=201744 len=393
2026-10-02 17:13:05.329 [SETTLE] exp=7986 gold=201744 len=393
2026-10-02 17:13:05.427 [OP] 40E6 inv=FFF3 len=12 #4 215dad80aecd510bdcfaa32b
2026-10-02 17:13:05.427 [OP] 4233 inv=FFFA len=5 #4 777a7f510b
2026-10-02 17:13:05.427 [OP] 40F6 inv=FFEF len=16 #4 215dad808aa9510bdcfaa32b1f80c364
2026-10-02 17:13:42.985 [SYS] 物品栏满
2026-10-02 17:13:43.083 [SETTLE] exp=7406 gold=201744 len=393
2026-10-02 17:14:09.940 [SYS] 物品栏满
2026-10-02 17:14:10.037 [SETTLE] exp=6364 gold=201744 len=393
2026-10-02 17:14:42.334 [SETTLE] exp=5984 gold=201744 len=393
2026-10-02 17:15:11.473 [SETTLE] exp=6846 gold=201744 len=393
2026-10-02 17:15:44.757 [SETTLE] exp=6682 gold=201744 len=393
2026-10-02 17:16:15.047 [SETTLE] exp=5280 gold=201744 len=403
2026-10-02 17:16:46.887 [SETTLE] exp=5796 gold=201744 len=403
2026-10-02 17:17:12.594 [SETTLE] exp=7286 gold=201744 len=393
2026-10-02 17:17:47.156 [SETTLE] exp=6682 gold=201744 len=403
2026-10-02 17:18:22.145 [SETTLE] exp=5442 gold=201744 len=393
2026-10-02 17:18:58.808 [SETTLE] exp=5984 gold=201744 len=393
2026-10-02 17:19:31.904 [SETTLE] exp=7986 gold=201744 len=393
2026-10-02 17:20:09.522 [SETTLE] exp=5984 gold=201744 len=393
2026-10-02 17:20:47.976 [SYS] 物品栏满
2026-10-02 17:20:48.080 [SETTLE] exp=5984 gold=201744 len=393
2026-10-02 17:21:05.616 [SETTLE] exp=7986 gold=201744 len=393
2026-10-02 17:21:34.622 [SETTLE] exp=6492 gold=201744 len=393
2026-10-02 17:22:09.046 [SETTLE] exp=6364 gold=201744 len=393
2026-10-02 17:22:43.569 [SETTLE] exp=8312 gold=201744 len=393
2026-10-02 17:23:11.234 [SETTLE] exp=8246 gold=201744 len=393
2026-10-02 17:23:35.584 [SETTLE] exp=6558 gold=201744 len=393
2026-10-02 17:24:06.866 [SETTLE] exp=8180 gold=201744 len=393
2026-10-02 17:24:25.444 [SETTLE] exp=8050 gold=201744 len=393
2026-10-02 17:25:03.878 [SETTLE] exp=8114 gold=201744 len=393
2026-10-02 17:25:18.396 [SETTLE] exp=8050 gold=201744 len=393
2026-10-02 17:25:18.397 [SYS] 物品栏已满！
2026-10-02 17:25:48.610 [SETTLE] exp=5984 gold=201744 len=393
2026-10-02 17:26:14.369 [SETTLE] exp=5924 gold=201744 len=393
2026-10-02 17:26:42.871 [SETTLE] exp=7524 gold=201744 len=393
2026-10-02 17:27:29.382 [SETTLE] exp=7286 gold=201744 len=393
2026-10-02 17:27:49.363 [SETTLE] exp=5446 gold=201744 len=393
2026-10-02 17:28:14.589 [SETTLE] exp=6626 gold=201744 len=393
2026-10-02 17:28:40.196 [SETTLE] exp=5280 gold=201744 len=393
2026-10-02 17:29:03.950 [SETTLE] exp=6678 gold=201744 len=393
2026-10-02 17:29:23.258 [SETTLE] exp=6682 gold=201744 len=393
2026-10-02 17:30:02.571 [SETTLE] exp=5442 gold=201744 len=403
2026-10-02 17:30:28.409 [SETTLE] exp=7406 gold=201744 len=393
2026-10-02 17:30:49.562 [SETTLE] exp=7524 gold=201744 len=403
2026-10-02 17:31:25.059 [SETTLE] exp=7406 gold=201744 len=393
2026-10-02 17:31:49.567 [SETTLE] exp=6364 gold=201744 len=393
2026-10-02 17:32:15.658 [SETTLE] exp=6428 gold=201744 len=393
2026-10-02 17:32:47.969 [SETTLE] exp=6364 gold=201744 len=393
2026-10-02 17:33:13.522 [SETTLE] exp=8050 gold=201744 len=393
2026-10-02 17:33:53.141 [SETTLE] exp=6624 gold=201744 len=393
2026-10-02 17:34:28.609 [SETTLE] exp=8114 gold=201744 len=393
2026-10-02 17:35:10.459 [SETTLE] exp=6624 gold=201744 len=393
2026-10-02 17:35:51.126 [SETTLE] exp=8312 gold=201744 len=393
2026-10-02 17:36:20.554 [SYS] 物品栏满
2026-10-02 17:36:20.660 [SETTLE] exp=8050 gold=201744 len=393
2026-10-02 17:36:42.527 [SETTLE] exp=7524 gold=201744 len=393
2026-10-02 17:37:04.969 [SYS] 物品栏满
2026-10-02 17:37:05.070 [SETTLE] exp=7524 gold=201744 len=393
2026-10-02 17:37:05.070 [SYS] 获得了#00FF00#1#FFF692#个#64FF7D#碧玉葫芦
2026-10-02 17:37:49.932 [SETTLE] exp=5984 gold=201744 len=393
2026-10-02 17:38:07.989 [SETTLE] exp=7466 gold=201744 len=403
2026-10-02 17:38:28.222 [SETTLE] exp=5984 gold=201744 len=393
2026-10-02 17:38:55.039 [SETTLE] exp=7286 gold=201744 len=403
2026-10-02 17:39:38.736 [SETTLE] exp=6736 gold=201744 len=403
2026-10-02 17:40:08.034 [SETTLE] exp=6682 gold=201744 len=393
2026-10-02 17:40:42.393 [SETTLE] exp=6788 gold=201744 len=393
2026-10-02 17:41:09.179 [SETTLE] exp=7344 gold=201744 len=393
2026-10-02 17:41:46.830 [SETTLE] exp=6736 gold=201744 len=393
2026-10-02 17:42:10.093 [SETTLE] exp=5804 gold=201744 len=403
2026-10-02 17:42:38.994 [SETTLE] exp=7344 gold=201744 len=393
2026-10-02 17:43:16.521 [SETTLE] exp=7466 gold=201744 len=393
2026-10-02 17:43:45.504 [SETTLE] exp=7524 gold=201744 len=403
2026-10-02 17:44:22.968 [SYS] 物品栏满
2026-10-02 17:44:23.075 [SETTLE] exp=7466 gold=201744 len=393
2026-10-02 17:44:46.335 [SETTLE] exp=6492 gold=201744 len=393
2026-10-02 17:45:11.455 [SYS] 物品栏满
2026-10-02 17:45:11.560 [SETTLE] exp=6492 gold=201744 len=393
2026-10-02 17:45:48.718 [SETTLE] exp=8312 gold=201744 len=393
2026-10-02 17:46:30.225 [SETTLE] exp=8246 gold=201744 len=393
2026-10-02 17:47:05.440 [SETTLE] exp=8180 gold=201744 len=393
2026-10-02 17:47:34.629 [SETTLE] exp=6558 gold=201744 len=393
2026-10-02 17:48:14.579 [SETTLE] exp=6690 gold=201744 len=393
2026-10-02 17:48:34.852 [SETTLE] exp=6492 gold=201744 len=393
2026-10-02 17:49:09.548 [SETTLE] exp=5984 gold=201744 len=393
2026-10-02 17:49:47.623 [SETTLE] exp=7466 gold=201744 len=393
2026-10-02 17:50:25.520 [SETTLE] exp=7524 gold=201744 len=393
2026-10-02 17:50:47.426 [SETTLE] exp=7406 gold=201744 len=393
2026-10-02 17:51:17.871 [SETTLE] exp=5804 gold=201744 len=393
2026-10-02 17:51:36.473 [SETTLE] exp=7344 gold=201744 len=393
2026-10-02 17:52:09.145 [SETTLE] exp=6682 gold=201744 len=393
2026-10-02 17:52:09.246 [SYS] 获得了#00FF00#1#FFF692#个#64FF7D#碧玉葫芦
2026-10-02 17:52:09.565 [QUESTION] {"type":"question","sock":2720,"qno":20,"field_a":105,"stem":"人们平时所说的“煤气中毒”是因为哪种有害气体吸入过多而引起的？","options":["1、二手烟","2、一氧化碳","3、生气","4、屁"]}
2026-10-02 17:52:10.571 [UI] auto dump on question qno=20
2026-10-02 17:52:10.571 [UI] ---- window dump begin (pid 18996) ----
2026-10-02 17:52:10.682 [UI] TOP=000605FE vis=0 cls=QBOvCls rc=(1018,559,1378,655) title=
2026-10-02 17:52:10.689 [UI] TOP=000D02C8 vis=1 cls=ATL:012FF210 rc=(698,162,1738,969) title=什么什么大冒险2(①逍遥村敬老院)-自由二号_Sep 24 2026《什么什么大冒险》制作委员会QQ群:515616289
2026-10-02 17:52:10.689 [UI] TOP=00630A72 vis=0 cls=DIEmWin rc=(-1,-1,135,38) title=DIEmWin
2026-10-02 17:52:11.094 [UI] TOP=0039072A vis=0 cls=IME rc=(0,0,0,0) title=Default IME
2026-10-02 17:52:11.103 [UI] TOP=004B08B8 vis=0 cls=MSCTFIME UI rc=(0,0,0,0) title=MSCTFIME UI
2026-10-02 17:52:11.114 [UI] TOP=000805F6 vis=0 cls=IME rc=(0,0,0,0) title=Default IME
2026-10-02 17:52:11.114 [UI] TOP=000F0D64 vis=0 cls=IME rc=(0,0,0,0) title=Default IME
2026-10-02 17:52:11.114 [UI] ---- window dump end ----
2026-10-02 17:52:12.206 [SEND-ANSWER] qno=20 opt=1 ret=13 sock=2720
2026-10-02 17:52:12.261 [SYS] 测试通过！
2026-10-02 17:52:12.362 [SYS] 获得了#00FF00#100#FFF692#金币
2026-10-02 17:52:12.364 [CURRENCY] a=201744 b=320559
2026-10-02 17:52:14.008 [UI] auto-closing quiz frame: qno=20 opt=1
2026-10-02 17:52:14.019 [UI] option 1 control NOT found — falling back to digit key
2026-10-02 17:52:35.240 [SETTLE] exp=5336 gold=201744 len=393
2026-10-02 17:53:04.831 [SETTLE] exp=6678 gold=201744 len=393
2026-10-02 17:53:35.102 [SETTLE] exp=6736 gold=201744 len=393
2026-10-02 17:54:16.982 [SETTLE] exp=6678 gold=201744 len=393
2026-10-02 17:54:55.730 [SETTLE] exp=6788 gold=201744 len=393
2026-10-02 17:55:33.511 [SETTLE] exp=7524 gold=201744 len=393
2026-10-02 17:56:18.475 [SETTLE] exp=7524 gold=201744 len=393
2026-10-02 17:56:41.956 [SETTLE] exp=7524 gold=201744 len=393
2026-10-02 17:57:13.907 [SETTLE] exp=7466 gold=201744 len=393
2026-10-02 17:57:33.092 [SETTLE] exp=6364 gold=201744 len=393
2026-10-02 17:57:56.008 [SETTLE] exp=6428 gold=201744 len=393
2026-10-02 17:58:22.599 [SETTLE] exp=6428 gold=201744 len=393
2026-10-02 17:58:52.729 [SETTLE] exp=8246 gold=201744 len=393
2026-10-02 17:59:23.789 [SETTLE] exp=8180 gold=201744 len=393
2026-10-02 17:59:48.937 [SETTLE] exp=6624 gold=201744 len=393
2026-10-02 18:00:16.159 [SETTLE] exp=6428 gold=201744 len=393
2026-10-02 18:00:43.806 [SETTLE] exp=6492 gold=201744 len=393
2026-10-02 18:01:18.338 [SETTLE] exp=7986 gold=201744 len=393
2026-10-02 18:01:55.704 [SETTLE] exp=5984 gold=201744 len=393
2026-10-02 18:02:28.247 [SYS] 物品栏满
2026-10-02 18:02:28.344 [SETTLE] exp=6492 gold=201744 len=393
2026-10-02 18:02:56.903 [SETTLE] exp=7466 gold=201744 len=393
2026-10-02 18:03:20.872 [SETTLE] exp=5864 gold=201744 len=393
2026-10-02 18:03:41.540 [SETTLE] exp=6846 gold=201744 len=393
2026-10-02 18:04:13.067 [SETTLE] exp=4646 gold=201744 len=393
2026-10-02 18:04:35.502 [SETTLE] exp=5332 gold=201744 len=403
2026-10-02 18:05:05.444 [SETTLE] exp=6792 gold=201744 len=393
2026-10-02 18:05:30.692 [SETTLE] exp=5336 gold=201744 len=393
2026-10-02 18:06:03.505 [SETTLE] exp=5282 gold=201744 len=403
2026-10-02 18:06:37.511 [SETTLE] exp=5804 gold=201744 len=393
2026-10-02 18:07:14.891 [SETTLE] exp=7466 gold=201744 len=393
2026-10-02 18:07:49.483 [SETTLE] exp=5984 gold=201744 len=393
2026-10-02 18:08:28.216 [SETTLE] exp=7986 gold=201744 len=393
2026-10-02 18:09:10.498 [SETTLE] exp=7986 gold=201744 len=393
2026-10-02 18:09:40.596 [SETTLE] exp=6428 gold=201744 len=393
2026-10-02 18:10:00.750 [SETTLE] exp=6364 gold=201744 len=393
2026-10-02 18:10:39.219 [SETTLE] exp=7986 gold=201744 len=403
2026-10-02 18:11:08.537 [SETTLE] exp=6428 gold=201744 len=393
2026-10-02 18:11:49.063 [SYS] 物品栏满
2026-10-02 18:11:49.166 [SETTLE] exp=8176 gold=201744 len=393
2026-10-02 18:11:49.262 [OP] 4707 inv=FFF3 len=12 #5 215dad80baecfc0b17faa32b
2026-10-02 18:21:30.501 [OP] 4704 inv=FFDE len=33 #4 c03e22a39ef3ce5ba0510bdcc5a32b1f3cc83369938c0ba32b1f805b64510bdcfa
2026-10-02 18:22:18.798 [OUT] 0031 inv=FFCE len=53 #4 ceff310064519c5233b4de1f4f5b6451b9dcfaa32b1f805b75510bdce8a32b1f805b6451a2da2bf00ad2341a64510bdcfaa32b1f80
2026-10-02 18:23:00.785 [SETTLE] exp=6436 gold=201744 len=393
2026-10-02 18:23:15.022 [SETTLE] exp=4464 gold=201744 len=393
2026-10-02 18:23:39.772 [SETTLE] exp=4826 gold=201744 len=393
2026-10-02 18:24:09.005 [SETTLE] exp=6310 gold=201744 len=393
2026-10-02 18:24:33.852 [SETTLE] exp=5932 gold=201744 len=393
2026-10-02 18:24:57.801 [SETTLE] exp=6372 gold=201744 len=393
2026-10-02 18:25:20.319 [SYS] 物品栏满
2026-10-02 18:25:20.413 [SETTLE] exp=5872 gold=201744 len=393
2026-10-02 18:25:45.711 [SETTLE] exp=4344 gold=201744 len=403
2026-10-02 18:26:11.554 [SETTLE] exp=5238 gold=201744 len=403
2026-10-02 18:26:41.851 [SETTLE] exp=5754 gold=201744 len=393
2026-10-02 18:27:08.887 [SETTLE] exp=5754 gold=201744 len=393
2026-10-02 18:27:29.794 [SETTLE] exp=5396 gold=201744 len=393
2026-10-02 18:27:29.987 [SYS] #ff0000#您已进入野外区域，可能遭遇玩家间的自由对战，请注意安全！#ffffff#
2026-10-02 18:38:27.763 [QUESTION] {"type":"question","sock":2720,"qno":10,"field_a":77,"stem":"蚯蚓适合生活在什么样的环境里？","options":["1、太空里","2、天空里","3、水里","4、阴暗潮湿"]}
2026-10-02 18:38:28.780 [UI] auto dump on question qno=10
2026-10-02 18:38:28.781 [UI] ---- window dump begin (pid 18996) ----
2026-10-02 18:38:29.193 [UI] TOP=000605FE vis=0 cls=QBOvCls rc=(1018,559,1378,655) title=
2026-10-02 18:38:29.214 [UI] TOP=000D02C8 vis=1 cls=ATL:012FF210 rc=(678,192,1718,999) title=什么什么大冒险2(①逍遥村敬老院)-自由二号_Sep 24 2026《什么什么大冒险》制作委员会QQ群:515616289
2026-10-02 18:38:29.214 [UI] TOP=00630A72 vis=0 cls=DIEmWin rc=(-1,-1,135,38) title=DIEmWin
2026-10-02 18:38:29.607 [UI] TOP=0039072A vis=0 cls=IME rc=(0,0,0,0) title=Default IME
2026-10-02 18:38:29.611 [UI] TOP=004B08B8 vis=0 cls=MSCTFIME UI rc=(0,0,0,0) title=MSCTFIME UI
2026-10-02 18:38:29.639 [UI] TOP=000805F6 vis=0 cls=IME rc=(0,0,0,0) title=Default IME
2026-10-02 18:38:29.639 [UI] TOP=000F0D64 vis=0 cls=IME rc=(0,0,0,0) title=Default IME
2026-10-02 18:38:29.639 [UI] ---- window dump end ----
2026-10-02 18:38:30.167 [SEND-ANSWER] qno=10 opt=3 ret=13 sock=2720
2026-10-02 18:38:30.222 [SYS] 测试通过！
2026-10-02 18:38:30.317 [SYS] 获得了#00FF00#100#FFF692#金币
2026-10-02 18:38:30.317 [CURRENCY] a=201744 b=320659
2026-10-02 18:38:31.978 [UI] auto-closing quiz frame: qno=10 opt=3
2026-10-02 18:38:31.988 [UI] option 3 control NOT found — falling back to digit key
2026-10-02 18:38:35.114 [SYS] 物品栏满
2026-10-02 18:38:35.217 [SETTLE] exp=962 gold=201744 len=393
2026-10-02 18:38:51.382 [SYS] #FFF692#交纳传送费用#00CCFF#1810#FFF692#金币！
2026-10-02 18:38:51.478 [CURRENCY] a=201744 b=318849
2026-10-02 18:38:55.362 [SYS] #FFF692#交纳传送费用#00CCFF#1370#FFF692#金币！
2026-10-02 18:38:55.463 [CURRENCY] a=201744 b=319289
2026-10-02 18:39:11.604 [SYS] #FFF692#交纳传送费用#00CCFF#1370#FFF692#金币！
2026-10-02 18:39:11.703 [CURRENCY] a=201744 b=319289
2026-10-02 18:39:45.738 [SYS] #FFF692#交纳传送费用#00CCFF#1810#FFF692#金币！
2026-10-02 18:39:45.867 [SYS] #ff0000#您已进入野外区域，可能遭遇玩家间的自由对战，请注意安全！#ffffff#
2026-10-02 18:39:45.867 [CURRENCY] a=201744 b=318849
2026-10-02 18:40:22.022 [OUT] 0035 inv=FFF7 len=12 #5 f7ff35001f805b64418052fa
2026-10-02 18:41:13.690 [OP] 40C0 inv=FFF5 len=10 #5 215dad80daf1580b6fae
2026-10-02 18:41:36.284 [OUT] 0055 inv=FFDD len=38 #5 ddff55003fac5d9511caa32b8aaa5b6495ec00c4c0531f4f4951744c29ae98d93dce11ddec5f
2026-10-02 18:41:36.353 [OP] 40C1 inv=FFF2 len=13 #5 ed67ce5b64510bdcfaa32b1f80
2026-10-02 18:41:36.443 [CURRENCY] a=201744 b=334383
2026-10-02 18:41:48.373 [CURRENCY] a=201744 b=324879
2026-10-02 18:42:46.686 [SETTLE] exp=2256 gold=201744 len=403
2026-10-02 18:43:14.511 [SETTLE] exp=1954 gold=201744 len=403
2026-10-02 18:43:15.732 [SYS] #ff0000#您已进入野外区域，可能遭遇玩家间的自由对战，请注意安全！#ffffff#
2026-10-02 18:43:48.685 [SETTLE] exp=6626 gold=201744 len=393
2026-10-02 18:44:19.274 [SETTLE] exp=6678 gold=201744 len=393
2026-10-02 18:44:37.656 [SETTLE] exp=5442 gold=201744 len=393
2026-10-02 18:44:58.025 [OP] 4710 inv=FFE6 len=25 #1 777a7f51cd3e22a399974dbefb069661faa32b1f805b64510b
2026-10-02 18:44:59.963 [OUT] 0061 inv=FFF7 len=12 #1 f7ff6100540e392b1f805b64
2026-10-02 18:45:00.070 [OP] 40D0 inv=FFF7 len=8 #1 7b8052fa5f5dad80
2026-10-02 18:45:13.420 [OP] 40D1 inv=FF63 len=156 #1 c787c464510bdcfaa32b1f805b6f490b902fa32bca809564ab0b6ffaea2c1f805b64510b76faa32bca7294640e2bdcfaf82bca806864580b61b0a32b1f805b647f0bdcfaf82c59809455510b6ffaf82ba0809564f961dcfaa32b1f80f764510b6fb0db2b59af5b64580b6ffa132bca801aa2510bdcfaa32bac805b64586190fadb7f1f809564580bfefaf82b36725b64510bdcfafb2b1f8095a20e0b
2026-10-02 18:45:13.525 [OP] 40D3 inv=FFFB len=4 #1 c787c464
2026-10-02 18:45:13.951 [OP] 40D4 inv=FFFB len=4 #1 7b8052fa
2026-10-02 18:45:16.147 [OUT] 0063 inv=FFE7 len=28 #1 e7ff6300a32b1f805b64510bdcfaa32bca805b640e0bdcfa132b1f80
2026-10-02 18:45:16.690 [OUT] 0065 inv=FFFB len=8 #1 fbff65004ffaa32b
2026-10-02 18:45:16.747 [OP] 40D5 inv=FFFB len=4 #1 215dad80
2026-10-02 18:45:16.854 [CURRENCY] a=201744 b=324879
2026-10-02 18:46:04.026 [SETTLE] exp=7406 gold=201744 len=393
2026-10-02 18:46:41.720 [SETTLE] exp=7524 gold=201744 len=393
2026-10-02 18:47:16.680 [SETTLE] exp=5984 gold=201744 len=393
2026-10-02 18:47:46.878 [SETTLE] exp=8050 gold=201744 len=393
2026-10-02 18:48:33.841 [SETTLE] exp=6492 gold=201744 len=393
2026-10-02 18:48:51.887 [SETTLE] exp=6558 gold=201744 len=393
2026-10-02 18:49:22.109 [SETTLE] exp=8246 gold=201744 len=403
2026-10-02 18:50:27.202 [SETTLE] exp=6566 gold=201744 len=393
2026-10-02 18:52:22.885 [SETTLE] exp=6566 gold=201744 len=393
2026-10-02 18:52:55.122 [SETTLE] exp=6372 gold=201744 len=393
2026-10-02 18:53:16.277 [SETTLE] exp=4826 gold=201744 len=403
2026-10-02 18:53:36.914 [SETTLE] exp=6372 gold=201744 len=393
2026-10-02 18:54:10.049 [SETTLE] exp=4406 gold=201744 len=393
2026-10-02 18:54:33.368 [SETTLE] exp=5932 gold=201744 len=403
2026-10-02 18:55:07.431 [SETTLE] exp=4464 gold=201744 len=393
2026-10-02 18:55:35.587 [SETTLE] exp=5396 gold=201744 len=393
2026-10-02 18:55:55.568 [PIPE] controller disconnected
2026-10-02 18:56:01.433 [SETTLE] exp=3956 gold=201744 len=393
2026-10-02 18:56:02.743 [PIPE] controller connected
2026-10-02 18:56:21.910 [SETTLE] exp=5344 gold=201744 len=393
2026-10-02 18:56:29.147 [SYS] #ff0000#您已进入野外区域，可能遭遇玩家间的自由对战，请注意安全！#ffffff#
2026-10-02 19:08:43.971 [SYS] #ff0000#您已进入野外区域，可能遭遇玩家间的自由对战，请注意安全！#ffffff#
2026-10-02 19:09:30.486 [SETTLE] exp=5392 gold=201744 len=403
2026-10-02 19:10:01.874 [SETTLE] exp=7344 gold=201744 len=393
2026-10-02 19:10:05.045 [PIPE] controller disconnected
2026-10-02 19:10:30.290 [SETTLE] exp=5804 gold=201744 len=393
2026-10-02 19:10:49.924 [SETTLE] exp=7466 gold=201744 len=393
2026-10-02 19:10:55.228 [QUESTION] {"type":"question","sock":2720,"qno":7,"field_a":72,"stem":"以下生物\"属于\"昆虫的是?","options":["1、猩猩队长","2、奔驰","3、擎天柱","4、七星瓢虫"]}
2026-10-02 19:10:56.238 [UI] auto dump on question qno=7
2026-10-02 19:10:56.239 [UI] ---- window dump begin (pid 18996) ----
2026-10-02 19:10:56.246 [UI] TOP=000D02C8 vis=1 cls=ATL:012FF210 rc=(678,192,1718,999) title=什么什么大冒险2(①逍遥村敬老院)-自由二号_Sep 24 2026《什么什么大冒险》制作委员会QQ群:515616289
2026-10-02 19:10:56.247 [UI] TOP=00630A72 vis=0 cls=DIEmWin rc=(-1,-1,135,38) title=DIEmWin
2026-10-02 19:10:56.259 [UI] TOP=004B08B8 vis=0 cls=MSCTFIME UI rc=(0,0,0,0) title=MSCTFIME UI
2026-10-02 19:10:56.277 [UI] TOP=000805F6 vis=0 cls=IME rc=(0,0,0,0) title=Default IME
2026-10-02 19:10:56.277 [UI] TOP=000F0D64 vis=0 cls=IME rc=(0,0,0,0) title=Default IME
2026-10-02 19:10:56.278 [UI] ---- window dump end ----
2026-10-02 19:11:22.033 [SETTLE] exp=6428 gold=201744 len=393
2026-10-02 19:11:37.405 [QUESTION] {"type":"question","sock":2720,"qno":20,"field_a":105,"stem":"人们平时所说的“煤气中毒”是因为哪种有害气体吸入过多而引起的？","options":["1、二手烟","2、一氧化碳","3、生气","4、屁"]}
2026-10-02 19:11:38.419 [UI] auto dump on question qno=20
2026-10-02 19:11:38.419 [UI] ---- window dump begin (pid 18996) ----
2026-10-02 19:11:38.425 [UI] TOP=000D02C8 vis=1 cls=ATL:012FF210 rc=(678,192,1718,999) title=什么什么大冒险2(①逍遥村敬老院)-自由二号_Sep 24 2026《什么什么大冒险》制作委员会QQ群:515616289
2026-10-02 19:11:38.425 [UI] TOP=00630A72 vis=0 cls=DIEmWin rc=(-1,-1,135,38) title=DIEmWin
2026-10-02 19:11:38.447 [UI] TOP=004B08B8 vis=0 cls=MSCTFIME UI rc=(0,0,0,0) title=MSCTFIME UI
2026-10-02 19:11:38.458 [UI] TOP=000805F6 vis=0 cls=IME rc=(0,0,0,0) title=Default IME
2026-10-02 19:11:38.458 [UI] TOP=000F0D64 vis=0 cls=IME rc=(0,0,0,0) title=Default IME
2026-10-02 19:11:38.459 [UI] ---- window dump end ----
2026-10-02 19:11:39.421 [SYS] 测试通过！
2026-10-02 19:11:39.518 [SYS] 获得了#00FF00#100#FFF692#金币
2026-10-02 19:11:39.518 [CURRENCY] a=201744 b=324979
2026-10-02 19:11:41.272 [INIT] dll unloaded
2026-10-02 19:12:54.291 [INIT] dll loaded, pid=18996
2026-10-02 19:12:54.291 [INIT] codec loaded OK
2026-10-02 19:12:54.291 [INIT] iat hooks: recv=1 send=1 WSASend=1 connect=1 closesocket=1
2026-10-02 19:12:54.355 [PIPE] controller connected
2026-10-02 19:12:55.592 [SETTLE] exp=6492 gold=201744 len=403
2026-10-02 19:12:55.592 [OP] 472A inv=FE6C len=403 #1 c6d8de1ff8c164510bdcfaa32b1f805b64510bdcf80d2b1f805b645144dcfaa376ad805b64510bdccd462b1f805b645152dcfaa32b1f805b64510bdcfaa32b1ffcd764510bdcfaa32b1f805b64510bdcfaa32b1f805b64510bdcfaa32b1f805b64510bdcfaa32b1f805b64510bdcfaa32b1f805b64510bdcfaa32b1f805b64510bdcfaa32b1f805b64510bdc13f82b1fa59564513b6ffaa3b91f805b81a55215
2026-10-02 19:12:55.696 [OP] 42CE inv=FFFB len=4 #1 c87f510b
2026-10-02 19:12:55.696 [OP] 4211 inv=FFF6 len=9 #1 aa5b64515ca722a34a
2026-10-02 19:12:55.696 [OP] 4211 inv=FFF6 len=9 #2 aa5b6451cd3e22a34a
2026-10-02 19:12:55.696 [OP] 4211 inv=FFF6 len=9 #3 aa5b6451af3e22a34a
2026-10-02 19:12:55.696 [OP] 4211 inv=FFF6 len=9 #4 aa5b645134a722a34a
2026-10-02 19:12:55.798 [OP] 47C0 inv=FFE1 len=30 #1 0faac4018ffd6fe089d0b25ae8da31ec8baf73749be8add958b128f7897d
2026-10-02 19:12:55.798 [OP] 47C0 inv=FFEA len=21 #2 51cac7e8da31ec8baf73749be8add958b128f7897d
2026-10-02 19:12:55.798 [OP] 47C0 inv=FFF3 len=12 #3 0253cae8add958b128f7897d
2026-10-02 19:12:55.798 [OP] 47C0 inv=FFF3 len=12 #4 0253ca967fd958b128f7897d
2026-10-02 19:12:55.798 [OP] 47C0 inv=FFF3 len=12 #5 0253ca98add958d0a40b3b7d
2026-10-02 19:12:58.245 [OP] F005 inv=FFE7 len=24 #1 26b35c3828d7fb2b1f805b64510bdcfaa3ce1f80897e0f0c
2026-10-02 19:12:58.344 [OP] F005 inv=FFE7 len=24 #2 26b35c3828d7fb2b1f805b64510bdcfaa3ce1f80897e0f0c
2026-10-02 19:12:58.763 [OP] 40A0 inv=FF43 len=188 #1 57ecfc0b52faf82b00775b648ad0dcfadb4a0e3c9340173cdcfaa32b1f805b64510bdcfaa32b1f805b64510bdcfaa32b1f805b64510bdcfaa32b1f8070536c7f795bad9378775b648ad0dcfadb4a0e3c9340173cdcfaa32b1f805b64510bdcfaa32b1f805b64510bdcfaa32b1f805b64510bdcfaa32b1f805c5303c4365b29ce65775b64a9d0dcfadb4a394c8a70ae6f186679cf1f805b64510bdcfaa32b1f80
2026-10-02 19:12:58.764 [OP] 4613 inv=FF3F len=192 #1 ad94e6af58d5dcfe2924caaaf3990eec6f51c293b906948d4ba62322f853ca805bdf58ec6fb4bcda34b395e0510b21c6a3d91faa5b640b8507d90e6cac805b64992fe7c4202b97b194dc023ca743ba5337df95c8ffb779e8352ecaaa95df510b6fc4f8534745326f43ec68fadba2ca804064580bdc5b16876c842d43900bdcfa9c1c10aa4064291790104263bc7913195826e3c4a646d741550758ec6fc4a32b
2026-10-02 19:13:00.802 [OP] 46FE inv=FFFF len=0 #1 
2026-10-02 19:13:01.016 [OP] 4211 inv=FFF6 len=9 #5 aa5b6451a4a722a34a
2026-10-02 19:13:01.230 [OP] 4613 inv=FF7E len=129 #2 f8b82fe7c4202b383fc3dc0259585b960e62830ff8cdcf6fb4a0d47079af8a83ec6fc4f82b1faa95df519ba9374651ca1e5bf8510bdce8a3531f804040986c2ab7d62b1f80f1fdfeece6faf853979ac35503756fc4f88cbd79958c1ed06fc4f82b1faa95df519ba9374651ca2a5b64310bdce8a3531f8040ef555c8aa2512b1f80
2026-10-02 19:13:01.230 [OP] 4613 inv=FFC2 len=61 #3 aaf1fdfeece6faf853979ac35503756fc4f88cbd79958c1ed06fc4f82b1faa95df519ba9374651ca2a5b64310bdce8a3531f8040ef555c8aa2512b1f80
2026-10-02 19:13:06.151 [OUT] 1F51 inv=FFFF len=4 #1 ffff511f
2026-10-02 19:13:06.152 [OP] 4612 inv=FFEF len=16 #1 c464510b07c2392bb507c464408052fa
2026-10-02 19:13:06.154 [OP] 4612 inv=FFF3 len=12 #2 90faa32bb507c464408052fa
2026-10-02 19:13:06.155 [OP] 4612 inv=FFF7 len=8 #3 ca805b64408052fa
2026-10-02 19:13:06.200 [OP] 4F52 inv=FFFF len=0 #1 
2026-10-02 19:13:08.311 [OP] EFFE inv=FFFE len=1 #1 0b
2026-10-02 19:13:09.209 [OP] 4100 inv=FFF9 len=6 #1 051279f1b0d0
2026-10-02 19:13:09.343 [OUT] 1F51 inv=FFFF len=4 #2 ffff511f
2026-10-02 19:13:09.395 [OP] 4F52 inv=FFFF len=0 #2 
2026-10-02 19:13:09.492 [OP] 4101 inv=FC6D len=914 #1 215dad805b64510bdcfaa32bc8d97b81510bdcfaa32b1f805b64510bdcfaa32b1f805b64510bdcfa21c49d4e5b6437fddcfaa32b1f80b1d9510bdcfaa32b1f805b64510bdcfa603bad80c464510bdcfaa32bf6455b645943dcfa83931f80807a510b155a4e78c8d97b81a552155ada2b1f807b81a5526f3016876c842d437f0bdcfaa32b1f805b6451ae02faa32b1f805bd82d0bdcfaa32b1f805b64510bdcfa
2026-10-02 19:13:10.262 [OUT] 1001 inv=FFF9 len=10 #1 f9ff01101f805b64510b
2026-10-02 19:13:10.428 [OP] 4108 inv=FFE3 len=28 #1 c787c464510bdcfa5f531f80d8f8510bce4051421f805b64510bdcfa
2026-10-02 19:13:10.534 [OP] 4108 inv=FFE3 len=28 #2 c787c464510bdcfa4d531f80d8f8510bce4051ed1f805b64510bdcfa
2026-10-02 19:13:10.534 [OP] 4108 inv=FFF3 len=12 #3 5e0e392b1f805b64510bdcfa
2026-10-02 19:13:10.534 [OP] 4108 inv=FFF3 len=12 #4 5e0e392b1f805b64580bdcfa
2026-10-02 19:13:10.534 [OP] 4108 inv=FFF3 len=12 #5 5e0e392b1f805b640e0bdcfa
2026-10-02 19:13:10.627 [OP] 4104 inv=FFFB len=4 #1 86d31f80
2026-10-02 19:13:10.627 [OP] 4104 inv=FFFB len=4 #2 dcd31faa
2026-10-02 19:13:10.627 [OP] 4104 inv=FFFB len=4 #3 86d31fc7
2026-10-02 19:13:10.627 [OP] 4104 inv=FFFB len=4 #4 86d31fce
2026-10-02 19:13:10.627 [OP] 4104 inv=FFFB len=4 #5 86d31f12
2026-10-02 19:13:12.667 [OP] 4105 inv=FFFE len=1 #1 cd
2026-10-02 19:13:12.667 [OP] 4105 inv=FFFE len=1 #2 af
2026-10-02 19:13:12.776 [OP] 4106 inv=FFFC len=3 #1 e54632
2026-10-02 19:13:12.777 [OP] 4106 inv=FFFC len=3 #2 5139cb
2026-10-02 19:13:12.870 [OP] 4105 inv=FFFE len=1 #3 b2
2026-10-02 19:13:13.025 [OP] 4109 inv=FE8B len=372 #1 57ecfc0b6ffa46d91f805b64510bdcfaf82b1f806e6401c402facccead806b64580bdcfae13b1f80c4cd510bdcc4a32b1f5ea86477ecdcfa8d2b1f805b64510bdcfaa32bca805b64dfb2dcfa393bca805b64510bdcc4a32bca805b64dfb2dcfa393b59805b64510bdcfaa32bca805b64dfb2dcfa393bad805bdf510bdcfaa32b23aa5b6401ba710ea32b1f801e9f510b6ffaa32bf4075b64fcb28bfaa3531f80
2026-10-02 19:13:13.132 [OP] 4106 inv=FFFD len=2 #3 a33b
2026-10-02 19:13:13.132 [OP] 4105 inv=FFFE len=1 #4 ec
2026-10-02 19:13:13.132 [OP] 4106 inv=FFFD len=2 #4 a353
2026-10-02 19:13:13.132 [OP] 4105 inv=FFFE len=1 #5 b1
2026-10-02 19:13:13.132 [OP] 4106 inv=FFFD len=2 #5 a34a
2026-10-02 19:13:13.132 [OP] 4111 inv=FFFD len=2 #1 6bdf
2026-10-02 19:13:15.721 [OP] 4109 inv=FFB7 len=72 #2 c787c464517f6fc4a32b1f805b64510b07faa32bca075b6f87b1dcfa40ce1f806bdf0e0b07faa32b39125b640eeca7faa32b1f805bdf510b8222a32b39125b64080ba7faa32b1f80
2026-10-02 19:13:15.811 [OP] 4111 inv=FFFD len=2 #2 9564
2026-10-02 19:13:17.112 [OP] 4109 inv=FFB7 len=72 #3 c787c464517f6fc4a3d91f805b64510b07faa32b9dca5b6f87b1dcfa40ce1f8027260e0b07faa32b39125b640eb1c6faa32b1f805bdf510b8222a32b39125b64080bc6faa32b1f80
2026-10-02 19:13:17.220 [OP] 4111 inv=FFFD len=2 #3 1c64
2026-10-02 19:13:17.301 [PIPE] controller disconnected
2026-10-02 19:13:18.323 [OP] EFFE inv=FFFE len=1 #2 0b
2026-10-02 19:13:18.529 [OP] 4109 inv=FFA7 len=88 #4 7b8052faa393caaa5bdf510bdcfaa32bb9805b640e6ddcae1d4a1f80646f510b3be8db2bb9805b6487b1dcfadb939b805b64510bdcc4a32bb2ce5b6487b1dcfadb2b9b805bdf510b05c4a32b2faa5b64510bdcfaa32b1f80
2026-10-02 19:13:18.633 [OP] 4111 inv=FFFD len=2 #4 9464
2026-10-02 19:13:19.442 [OUT] 1F51 inv=FFFF len=4 #3 ffff511f
2026-10-02 19:13:19.492 [OP] 4F52 inv=FFFF len=0 #3 
2026-10-02 19:13:19.828 [OP] 4109 inv=FF87 len=120 #5 57ecfc0bdce8f8931f805b64510bdcfaa62b1f805bc6510b6ef4a32bc0ef5b642d0b90e8a62b1f80f326510b90fa722b1f805b64510bdcfa96de1f80f326510b90fa722b1faa5b648fecdcfa31931f805b64510bdcfaa32bc0ef5b645fc4dcfaa37829805bdf510b32c4a32bca805b64510bdcfaa32b1f80
2026-10-02 19:13:19.933 [OP] 4111 inv=FFFD len=2 #5 5b64
2026-10-02 19:13:19.934 [OP] 4112 inv=FFFD len=2 #1 02c4
2026-10-02 19:13:21.350 [OP] 4112 inv=FFFD len=2 #2 6fc4
2026-10-02 19:13:21.350 [OP] 4112 inv=FFFD len=2 #3 90c4
2026-10-02 19:13:21.351 [OP] 4112 inv=FFFD len=2 #4 8bc4
2026-10-02 19:13:23.421 [PIPE] controller connected
2026-10-02 19:13:24.033 [OP] 4112 inv=FFFD len=2 #5 dcc4
2026-10-02 19:13:28.687 [SETTLE] exp=8180 gold=201744 len=393
2026-10-02 19:13:28.687 [OP] 472A inv=FE76 len=393 #2 c6d8de1fb42264510bdcfaa32b1f805b64510bdce2bd2b1f805b645180dcfaa3179d805b64510bdccd462b1f805b645152dcfaa32b1f805b64510bdcfaa32b1ffcd764510bdcfaa32b1f805b64510bdcfaa32b1f805b64510bdcfaa32b1f805b64510bdcfaa32b1f805b64510bdcfaa32b1f805b64510bdcfaa32b1f805b64510bdcfaa32b1f805b64510bdcd8a32b1f6595645185dcfaa3b91f805bef510bdc
2026-10-02 19:13:28.784 [OP] 42CE inv=FFFB len=4 #2 c87f510b
2026-10-02 19:13:29.843 [OP] 4612 inv=FFF3 len=12 #4 90faa32b2e87c4640db252fa
2026-10-02 19:13:31.035 [OP] 46FE inv=FFFF len=0 #2 
2026-10-02 19:13:34.808 [OP] 4100 inv=FFF9 len=6 #2 0512d9c62dc4
2026-10-02 19:13:34.942 [OUT] 1F51 inv=FFFF len=4 #4 ffff511f
2026-10-02 19:13:34.991 [OP] 4101 inv=FCA5 len=858 #2 7b8052faa32b1f805b64510b155a4e781f805b64510bdcfaa32b1f805b64510bdcfaa32b1f805b647b0c8b25a32b45ca5b64510bdcfac37c1f805b64510bdcfaa32b1f805b6412b252fa392b1f805b64510bb2dca32bd13b5b64cb7fdcfa5acb1f807b81a552155a4e78c8d97b81530bdcfa4e78c8d995a9bc595ab12b21ac805b64510bdcfaa32b1fe96e64510bdcfaa3c229805b64510bdcfaa32b1f805b64
2026-10-02 19:13:35.095 [OP] 4F52 inv=FFFF len=0 #4 
2026-10-02 19:13:35.903 [OUT] 1001 inv=FFF9 len=10 #2 f9ff01101f805b64510b
2026-10-02 19:13:36.347 [OP] EFFE inv=FFFE len=1 #3 0b
2026-10-02 19:13:45.121 [OUT] 1F51 inv=FFFF len=4 #5 ffff511f
2026-10-02 19:13:45.170 [OP] 4F52 inv=FFFF len=0 #5 
2026-10-02 19:13:46.249 [OUT] 1005 inv=FFEF len=20 #1 efff05108b56b8534d775cdf0b0bdbfaa32b1f80
2026-10-02 19:13:46.250 [OUT] 1004 inv=FFF3 len=16 #1 f3ff0410dcfaa32b1fc70d64510bdcfa
2026-10-02 19:13:46.366 [OP] EFFE inv=FFFE len=1 #4 0b
2026-10-02 19:13:46.395 [OP] 4110 inv=FFFD len=2 #1 212b
2026-10-02 19:13:46.505 [OP] 4110 inv=FFFD len=2 #2 612b
2026-10-02 19:13:52.388 [OUT] 0255 inv=EF82 len=260 #1 82ef55022b1f805b13b20bdc58e762afa8f25b378ae499c3a9a853755b79d1707e8d5a457282d252397578c35b0238a2a89ea075b9766caa02fe3e9e5eff2e9a71fa97ec07e7124020c32cfea36f98c54aa5cb705b450237665739755f7f5b5a5db104e815ac7ccf153e65cc4b48a0e22642e2aa02fe3e9e5ef6a1130f3b53907837950bd4fc8afa5b424dd6c6ce0b25f9a85375ad79907a67c3f921e36f98c581ac67cf150269754dc58eb8a225f9a97675c1a7a00e20fc8afa5b424dd6c6ce0b25f9a97675c1efa0fe14f4306e8eb1190cddf2ea70e40c53ec9402104e26c6c3ebd60ca89ea7ac7cfc8afa5b424dd6c6cea225f91a97484de761a32642605e02d92cc9
2026-10-02 19:13:54.128 [SETTLE] exp=6428 gold=201744 len=393
2026-10-02 19:13:54.129 [OP] 472A inv=FE76 len=393 #3 c6d8de1ff6c164510bdcfaa32b1f805b64510bdcfaa32b1f805b64510bdcfaa351ad805b64510bdccd462b1f805b645152dcfaa32b1f805b64510bdcfaa32b1ffcd764510bdcfaa32b1f805b64510bdcfaa32b1f805b64510bdcfaa32b1f805b64510bdcfaa32b1f805b64510bdcfaa32b1f805b64510bdcfaa32b1f805b64510bdcfaa32b1f805b64510bdcf9db2b1f265b64513b6ffaa3b91f805b81a55215
2026-10-02 19:13:54.217 [OP] 42CE inv=FFFB len=4 #3 c87f510b
2026-10-02 19:13:59.253 [OP] 4100 inv=FFF9 len=6 #3 0512a8b027c4
2026-10-02 19:13:59.351 [OP] 4101 inv=FCA5 len=858 #3 7b8052faa32b1f805b64510b155a4e781f805b64510bdcfaa32b1f805b64510bdcfaa32b1f805b647b0c8b25a32b45ca5b64510bdcfac37c1f805b64510bdcfaa32b1f805b6412b252fa392b1f805b64510bb2dca32bd13b5b64cb7fdcfa5acb1f807b81a552155a4e78c8d97b81530bdcfa4e78c8d995a9bc595ab12b21ac805b64510bdcfaa32b23e96e64510bdcfaa3c229805b64510bdcfaa32b1f805b64
2026-10-02 19:14:00.325 [OUT] 1001 inv=FFF9 len=10 #3 f9ff01101f805b64510b
2026-10-02 19:14:01.240 [OP] 46FE inv=FFFF len=0 #3 
2026-10-02 19:14:06.400 [OP] EFFE inv=FFFE len=1 #5 0b
2026-10-02 19:14:09.971 [OUT] 1004 inv=FFF3 len=16 #2 f3ff0410dcfaa32b1fc70d64510bdcfa
2026-10-02 19:14:10.119 [OP] 4110 inv=FFFD len=2 #3 612b
2026-10-02 19:14:21.546 [SETTLE] exp=6428 gold=201744 len=393
2026-10-02 19:14:21.547 [OP] 472A inv=FE76 len=393 #4 c6d8de1ff6c164510bdcfaa32b1f805b64510bdc080d2b1f805b645144dcfaa351ad805b64510bdccd462b1f805b645152dcfaa32b1f805b64510bdcfaa32b1ffcd764510bdcfaa32b1f805b64510bdcfaa32b1f805b64510bdcfaa32b1f805b64510bdcfaa32b1f805b64510bdcfaa32b1f805b64510bdcfaa32b1f805b64510bdcfaa32b1f805b64510bdcf9db2b1f265b64513b6ffaa3b91f805b81a55215
2026-10-02 19:14:21.636 [OP] 42CE inv=FFFB len=4 #4 c87f510b
2026-10-02 19:14:24.691 [OP] 4100 inv=FFF9 len=6 #4 0512babed3c4
2026-10-02 19:14:25.008 [OP] 4101 inv=FCA5 len=858 #4 7b8052faa32b1f805b64510b155a4e781f805b64510bdcfaa32b1f805b64510bdcfaa32b1f805b647b0c8b25a32b45ca5b64510bdcfac37c1f805b64510bdcfaa32b1f805b6412b252fa392b1f805b64510bb2dca32bd13b5b64cb7fdcfa5acb1f807b81a552155a4e78c8d97b81530bdcfa4e78c8d995a9bc595ab12b21ac805b64510bdcfaa32b23e96e64510bdcfaa3c229805b64510bdcfaa32b1f805b64
2026-10-02 19:14:25.759 [OUT] 1001 inv=FFF9 len=10 #4 f9ff01101f805b64510b
2026-10-02 19:14:31.554 [OP] 46FE inv=FFFF len=0 #4 
2026-10-02 19:14:32.564 [OUT] 1004 inv=FFF3 len=16 #3 f3ff0410dcfaa32b1f800d64510bdcfa
2026-10-02 19:14:32.707 [OP] 4110 inv=FFFD len=2 #4 612b
2026-10-02 19:14:43.029 [SETTLE] exp=6364 gold=201744 len=393
2026-10-02 19:14:43.029 [OP] 472A inv=FE76 len=393 #5 c6d8de1f0f7464510bdcfaa32b1f805b64510bdcfe7a2b1f805b645144dcfaa3f1ad805b64510bdcbf462b1f805b645152dcfaa32b1f805b64510bdcfaa32b1ffcd764510bdcfaa32b1f805b64510bdcfaa32b1f805b64510bdcfaa32b1f805b64510bdcfaa32b1f805b64510bdcfaa32b1f805b64510bdcfaa32b1f805b64510bdcfaa32b1f805b64510bdcf9db2b1f009464513b6ffaa3f1ca805b81a55215
2026-10-02 19:14:43.131 [OP] 42CE inv=FFFB len=4 #5 c87f510b
2026-10-02 19:14:45.069 [OUT] 004E inv=FFFA len=9 #1 faff4e00e9580bdcc4
2026-10-02 19:14:45.222 [OP] 4029 inv=FFD9 len=38 #1 5e0e392b1e4f5b64510bdcfa4e2b1f805b64510b90fa76d7cac75b64260b6ffadb2b6b801c64
2026-10-02 19:14:45.470 [OUT] 0046 inv=FFF7 len=12 #1 f7ff4600a32b1f801c64510b
2026-10-02 19:14:45.611 [OP] 4026 inv=FFF6 len=9 #1 265850540ea353d680
2026-10-02 19:14:45.823 [OUT] 0049 inv=FFEC len=23 #1 ecff49002b1f805b64510bdc5a4e78c8805b64510b90c4
2026-10-02 19:14:45.880 [OP] 40E0 inv=FED1 len=302 #1 7b8052fa65d91f805b64510b15faa32b1f805b6472d5dcfaa32b1f807b64510bdcfaa32b53ac5b64230bdcfa392b1f803664510b52faa32bad805b64950bdcfa392b1f803864510b02faa32bad805b649bb1dcfad9531f809564510b2dfaa32b28aa5b64fd0bdcfa572b1f80dc64510b8ffaa32b1f805b64510bdcfaa32b1f805b64510bdcfaa32b1f805b64430bdcfaa32b1f805b64510bdcfaa32b1f805b64
2026-10-02 19:14:45.910 [OUT] 0185 inv=FFF7 len=12 #1 f7ff8501dcfaa32bc8d97b81
2026-10-02 19:14:45.961 [OP] 4722 inv=FFEC len=19 #1 ed67ce5bb023d0dc5a4e78c8c7bf64510b90c4
2026-10-02 19:14:48.165 [OP] 4100 inv=FFF9 len=6 #5 05125bac01c4
2026-10-02 19:14:48.341 [OP] 4101 inv=FCA5 len=858 #5 7b8052faa32b1f805b64510b155a4e781f805b64510bdcfaa32b1f805b64510bdcfaa32b1f805b647b0c8b25a32b45ca5b64510bdcfac37c1f805b64510bdcfaa32b1f805b6412b252fa392b1f805b64510bb2dca32bd13b5b64cb7fdcfa5acb1f807b81a552155a4e78c8d97b81530bdcfa4e78c8d995a9bc595ab12b21ac805b64510bdcfaa32b1fe96e64510bdcfaa3c229805b64510bdcfaa32b1f805b64
2026-10-02 19:14:49.210 [OUT] 1001 inv=FFF9 len=10 #5 f9ff01101f805b64510b
2026-10-02 19:15:01.758 [OP] 46FE inv=FFFF len=0 #5 
2026-10-02 19:15:04.604 [SETTLE] exp=5984 gold=201744 len=393
2026-10-02 19:15:04.704 [SYS] 获得了#00FF00#1#FFF692#个#64FF7D#碧玉葫芦
2026-10-02 19:15:04.704 [OP] 4020 inv=FFE7 len=24 #1 7b8052fa672bca8094ecfc0b91a7a32bca809564c50bfafa
2026-10-02 19:15:04.716 [OUT] 0045 inv=FFF7 len=12 #1 f7ff4500510bdcfae72b1f80
2026-10-02 19:15:04.845 [OP] 4025 inv=FFF5 len=10 #1 e7533832c4df51ece2fa
2026-10-02 19:15:18.650 [OUT] 1004 inv=FFF3 len=16 #4 f3ff0410dcfaa32b1fc70d64510bdcfa
2026-10-02 19:15:18.808 [OP] 4110 inv=FFFD len=2 #5 612b
2026-10-02 19:15:26.363 [OUT] 1005 inv=FFEF len=20 #2 efff0510a498f85342775cdf0b0bdbfaa32b1f80
2026-10-02 19:15:38.583 [SETTLE] exp=5924 gold=201744 len=403
2026-10-02 19:15:50.591 [OUT] 1004 inv=FFF3 len=16 #5 f3ff0410dcfaa32b1fc70d64510bdcfa
2026-10-02 19:15:59.914 [SETTLE] exp=7406 gold=201744 len=393
2026-10-02 19:16:22.762 [OUT] 1005 inv=FFEF len=20 #3 efff0510a498f85342775cdf0b0bdbfaa32b1f80
2026-10-02 19:16:34.781 [SETTLE] exp=5500 gold=201744 len=393
2026-10-02 19:17:03.352 [SETTLE] exp=5390 gold=201744 len=393
2026-10-02 19:17:32.081 [SETTLE] exp=5332 gold=201744 len=393
2026-10-02 19:17:34.125 [OUT] 004E inv=FFFA len=9 #2 faff4e00e9580bdcc4
2026-10-02 19:17:34.239 [OP] 4029 inv=FFD9 len=38 #2 5e0e392b1e4f5b64510bdcfa4e2b1f805b64510ba9c4a32bcac795640b0b6ffadb2ba1809564
2026-10-02 19:17:54.076 [OP] F005 inv=FFE7 len=24 #3 ed3572a4cd97854d1f805b64510bdcfaa3ceb607031aa80c
2026-10-02 19:17:54.172 [OP] F005 inv=FFE7 len=24 #4 ed3572a4cd97854d1f805b64510bdcfaa3ceb607031aa80c
2026-10-02 19:18:05.509 [OUT] 1005 inv=FFEF len=20 #4 efff0510a498f85342775cdf0b0bdbfaa32b1f80
2026-10-02 19:18:11.448 [SETTLE] exp=7286 gold=201744 len=393
2026-10-02 19:18:24.273 [OP] F005 inv=FFE7 len=24 #5 26b35c3828d7fb2b1f805b64510bdcfaa3de1f80897e0f0c
2026-10-02 19:18:42.232 [SETTLE] exp=5390 gold=201744 len=393
2026-10-02 19:19:06.808 [OUT] 1005 inv=FFEF len=20 #5 efff0510a498f85342775cdf0b0bdbfaa32b1f80
2026-10-02 19:19:19.132 [SETTLE] exp=5446 gold=201744 len=393
2026-10-02 19:19:21.161 [OUT] 004E inv=FFFA len=9 #3 faff4e00e9580bdcc4
2026-10-02 19:19:21.252 [OP] 4029 inv=FFD3 len=44 #3 c787c46472d5dcfaa32b1f807b64510bdcfaa32b03ce5b6458d06ffa462bca805b643f0b6ffadb2b03809564
2026-10-02 19:19:48.834 [SYS] 物品栏满
2026-10-02 19:19:48.934 [SETTLE] exp=7286 gold=201744 len=393
2026-10-02 19:20:17.317 [SETTLE] exp=5804 gold=201744 len=393
2026-10-02 19:21:03.660 [SETTLE] exp=7346 gold=201744 len=393
2026-10-02 19:21:34.534 [SETTLE] exp=5386 gold=201744 len=393
2026-10-02 19:22:03.225 [SETTLE] exp=5446 gold=201744 len=393
2026-10-02 19:22:03.334 [OP] 46E0 inv=FDF7 len=520 #1 57ecfc0b6ffaa32be787c464580bdcfa7f4d1f809564510b1a48822bd62f8823db7affc02142ad8066b22b0bdcfae02b2997f123e6a3b1ca392b59807451e650e2c1751305009e3edea391fad19720801c640fd0e74f5770e31e5cdc510b155aa5dffc802c6f94d0dc08a32bad804d7ffc0bdcfa1c7048ce0b472b0b6e10e02b2cca3af167df3dfa35571f807a5c06d0dcfa4e78973f987f1d4ad49995a86d80
2026-10-02 19:22:17.555 [SETTLE] exp=5804 gold=201744 len=393
2026-10-02 19:23:06.516 [SYS] 物品栏满
2026-10-02 19:23:06.621 [SETTLE] exp=6846 gold=201744 len=393
2026-10-02 19:23:06.621 [OP] 4210 inv=FFF3 len=12 #1 450bdcfaf52b1f80baecfc0b
2026-10-02 19:23:38.473 [SETTLE] exp=5442 gold=201744 len=393
2026-10-02 19:23:40.522 [OUT] 004E inv=FFFA len=9 #4 faff4e00e9580bdc22
2026-10-02 19:23:40.587 [OP] 4029 inv=FFD9 len=38 #4 5e0e392b61125b64510bdcfa54531f805b64510bdcfaa32badc75b64320b90fadb2b8f809564
2026-10-02 19:24:08.814 [SETTLE] exp=5804 gold=201744 len=393
2026-10-02 19:24:10.843 [OUT] 004E inv=FFFA len=9 #5 faff4e00e9580bdcc4
2026-10-02 19:24:10.898 [OP] 4029 inv=FFD9 len=38 #5 5e0e392b1e4f5b64510bdcfa4e2b1f805b64510b155a4e78cac75b64ff0b6ffadb2b22801c64
2026-10-02 19:24:41.584 [SYS] 物品栏满
2026-10-02 19:24:41.680 [SETTLE] exp=5334 gold=201744 len=393
2026-10-02 19:25:32.428 [SETTLE] exp=5842 gold=201744 len=393
2026-10-02 19:25:32.524 [OP] 40E1 inv=FFED len=18 #1 57ecfc0b6ffadb2c59429564580b6ffaf82b
2026-10-02 19:25:32.533 [OP] 40E0 inv=FED1 len=302 #2 7b8052fa0cd91f805b64510b15faa32b1f805b6472d5dcfaa32b1f807b64510bdcfaa32b53ac5b64230bdcfa392b1f803664510b52faa32bad805b64950bdcfa392b1f803864510b02faa32bad805b649bb1dcfad9531f809564510b2dfaa32b28aa5b64fd0bdcfa572b1f80dc64510b8ffaa32b1f805b64510bdcfaa32b1f805b64510bdcfaa32b1f805b64430bdcfaa32b1f805b64510bdcfaa32b1f805b64
2026-10-02 19:25:32.533 [OP] 40E3 inv=FFCB len=52 #1 5e0e392b8ab3d064370b6afa812b62801264830beefa462b128040646c0be6fa6c2ba5802464fc0b03faf82bae80c464250b52fa
2026-10-02 19:25:32.533 [OP] 40E2 inv=FFF3 len=12 #1 57ecfc0b6f98222b45809564
2026-10-02 19:25:32.543 [OUT] 0185 inv=FFF7 len=12 #2 f7ff8501dcfaa32bc8d97b81
2026-10-02 19:26:04.432 [SETTLE] exp=5442 gold=201744 len=393
2026-10-02 19:26:37.369 [SETTLE] exp=7286 gold=201744 len=393
2026-10-02 19:26:37.466 [OP] 4210 inv=FFF3 len=12 #2 450bdcfa382b1f80a1ecfc0b
2026-10-02 19:27:04.586 [SETTLE] exp=7286 gold=201744 len=393
2026-10-02 19:27:34.885 [SETTLE] exp=6788 gold=201744 len=393
2026-10-02 19:28:17.477 [SETTLE] exp=6678 gold=201744 len=393
2026-10-02 19:28:51.750 [SETTLE] exp=6792 gold=201744 len=393
2026-10-02 19:28:51.838 [OP] 46E0 inv=FDF7 len=520 #2 57ecfc0b6ffaa32b7207c464580bdcfa44661f80c064250b23d6e4ded62f88230acb2cc0dc29598066b22b0bdcfae02b91b2c67fdb4bc4fadb2b610749dbfd500cd67513c0805b64519adcfa232b1f80c464b27535cd467087562a6443508cae0f8efc805b64510bdc08a32b1f805b64830bdcfa404cae120b472b0b6e10e02b69e57ed9438b8efa119408ce118a9cd004b663c45b9f097f1d4ad49995a86d80
2026-10-02 19:29:20.079 [SETTLE] exp=5332 gold=201744 len=393
2026-10-02 19:29:55.086 [SETTLE] exp=5442 gold=201744 len=393
2026-10-02 19:30:12.930 [SETTLE] exp=5804 gold=201744 len=393
2026-10-02 19:30:47.066 [SETTLE] exp=7286 gold=201744 len=393
2026-10-02 19:31:20.565 [SETTLE] exp=6736 gold=201744 len=393
2026-10-02 19:31:20.658 [OP] 40E1 inv=FFED len=18 #2 57ecfc0b6ffadb2c59429564580b6ffaf82b
2026-10-02 19:31:20.659 [OP] 40E0 inv=FED1 len=302 #3 7b8052fa31d91f805b64510b15faa32b1f805b6472d5dcfaa32b1f807b64510bdcfaa32b53ac5b64230bdcfa392b1f803664510b52faa32bad805b64950bdcfa392b1f803864510b02faa32bad805b649bb1dcfad9531f809564510b2dfaa32b28aa5b64fd0bdcfa572b1f80dc64510b8ffaa32b1f805b64510bdcfaa32b1f805b64510bdcfaa32b1f805b64430bdcfaa32b1f805b64510bdcfaa32b1f805b64
2026-10-02 19:31:20.659 [OP] 40E3 inv=FFCB len=52 #2 5e0e392b8ace5b64370b6afa812b62801264830beefa462b128040646c0be6fa6c2ba5802464fc0b03faf82bae80c464250b52fa
2026-10-02 19:31:20.659 [OP] 40E2 inv=FFF3 len=12 #2 57ecfc0b6f1e222b45809564
2026-10-02 19:31:20.675 [OUT] 0185 inv=FFF7 len=12 #3 f7ff8501dcfaa32bc8d97b81
2026-10-02 19:31:50.242 [SETTLE] exp=5280 gold=201744 len=393
2026-10-02 19:32:20.770 [SETTLE] exp=6678 gold=201744 len=393
2026-10-02 19:32:39.746 [SETTLE] exp=5804 gold=201744 len=393
2026-10-02 19:32:39.838 [OP] 4235 inv=FFFA len=5 #1 ed67ce5b64
2026-10-02 19:33:11.512 [SETTLE] exp=5864 gold=201744 len=403
2026-10-02 19:33:53.802 [SETTLE] exp=6790 gold=201744 len=403
2026-10-02 19:34:34.363 [SETTLE] exp=5390 gold=201744 len=393
2026-10-02 19:35:03.030 [SETTLE] exp=6630 gold=201744 len=393
2026-10-02 19:35:37.846 [SETTLE] exp=5446 gold=201744 len=393
2026-10-02 19:36:02.950 [SETTLE] exp=5336 gold=201744 len=393
2026-10-02 19:36:03.052 [SYS] 物品栏已满！
2026-10-02 19:36:27.713 [SETTLE] exp=5336 gold=201744 len=393
2026-10-02 19:36:52.628 [SETTLE] exp=5924 gold=201744 len=393
2026-10-02 19:37:14.482 [PIPE] controller disconnected
2026-10-02 19:37:21.431 [INIT] dll unloaded
2026-10-02 19:37:55.781 [INIT] dll loaded, pid=18996
2026-10-02 19:37:55.782 [INIT] codec loaded OK
2026-10-02 19:37:55.782 [INIT] iat hooks: recv=1 send=1 WSASend=1 connect=1 closesocket=1
2026-10-02 19:37:56.787 [SETTLE] exp=5390 gold=201744 len=393
2026-10-02 19:37:56.787 [OP] 472A inv=FE76 len=393 #1 c6d8de1f459b64510bdcfaa32b1f805b64510bdcdcd92b1f805b645144dcfaa3d3ad805b64510bdc2b202b1f805b645152dcfaa32b1f805b64510bdcfaa32b1fd9f364510bdcfaa32b1f805b64510bdcfaa32b1f805b64510bdcfaa32b1f805b64510bdcfaa32b1f805b64510bdcfaa32b1f805b64510bdcfaa32b1f805b64510bdcfaa32b1f805b64510bdce4f82b1f859564514d6ffaa3ebca805b81a55215
2026-10-02 19:37:56.879 [OP] 42CE inv=FFFB len=4 #1 c87f510b
2026-10-02 19:37:56.975 [OP] 4211 inv=FFF6 len=9 #1 aa5b64515ca722a34a
2026-10-02 19:37:56.975 [OP] 4211 inv=FFF6 len=9 #2 aa5b6451cd3e22a34a
2026-10-02 19:37:56.975 [OP] 4211 inv=FFF6 len=9 #3 aa5b6451af3e22a34a
2026-10-02 19:37:56.975 [OP] 4211 inv=FFF6 len=9 #4 aa5b645134a722a34a
2026-10-02 19:37:57.065 [OP] 47C0 inv=FFCF len=48 #1 7cdffd34059ff893c9a8f55a6001c6c4fd7f81fddf9dc0fd6ff43bca65c9412831ec8b6d9a412498add958d05c094cd2
2026-10-02 19:37:57.066 [OP] 47C0 inv=FFD8 len=39 #2 b395266001c6c4fd7f81fddf9dc0fd6ff43bca65c9412831ec8b6d9a412498add958d05c094cd2
2026-10-02 19:37:57.066 [OP] 47C0 inv=FFE1 len=30 #3 0faac49dc0fd6ff43bca65c9412831ec8b6d9a412498add958d05c094cd2
2026-10-02 19:37:57.066 [OP] 47C0 inv=FFEA len=21 #4 51cac7412831ec8b6d9a412498add958d05c094cd2
2026-10-02 19:37:57.066 [OP] 47C0 inv=FFF3 len=12 #5 0253ca98add958d05c094cd2
2026-10-02 19:38:00.951 [OP] 4707 inv=FFF3 len=12 #1 215dad8063cdfc0b17faa32b
2026-10-02 19:38:00.964 [OUT] 0022 inv=FFF5 len=14 #1 f5ff2200957dc0fd90c4d14060c9
2026-10-02 19:38:01.960 [OUT] 0022 inv=FFF5 len=14 #2 f5ff2200957dc0fd90c49c6a60c9
2026-10-02 19:38:02.009 [CLOSE] main sock 2720 closed
2026-10-02 19:38:06.586 [OP] EFFE inv=FFFE len=1 #1 0b
2026-10-02 19:38:06.786 [PIPE] controller connected
2026-10-02 19:38:16.604 [OP] EFFE inv=FFFE len=1 #2 0b
2026-10-02 19:43:16.124 [PIPE] controller disconnected
