2026-10-01 18:17:15.101 [INIT] dll loaded, pid=29336
2026-10-01 18:17:15.101 [INIT] codec loaded OK
2026-10-01 18:17:15.102 [INIT] iat hooks: recv=1 send=1 WSASend=1 connect=1 closesocket=1
2026-10-01 18:17:21.239 [CONNECT] main sock 2512 -> 8484
2026-10-01 18:17:21.580 [OP] 4002 inv=FF3B len=196 #1 94324e61e23a70859f50c6e052942dec5175e2d429a8452dfe9351714a6a68e07f674393425dad80c464510bdcfaa32bec5d5b64a552155a5c7f1f802eb0510b155a4e78c8d97b81510bdcfa562b1f805b64510bdcfaa32becaa5b645863dcfaa3b9b9969ce9450bdcfaa32b1f805b64510bdcfac65dad80c464510bdcfaa32bec5d5b64a552155af42b1f80c831510b155a4e78c8d97b81510bdcfa232b1f80
2026-10-01 18:17:22.723 [OP] 4014 inv=FFEA len=21 #1 6fca805ba9510bdc995134a5805b6451e4a4dba32b
2026-10-01 18:17:22.774 [OP] 46F2 inv=E407 len=7160 #1 ff1106ab302fdce91f0ad8e5b4642e4e53e78b691fb86633330b611b8031868f5b9196134afa12fc89c8dbfd51e40cfc302be584f0555193d0b4ece86680e67076f97457a331c97c32675b0bcdfdb07a1e825b8deb693a66a62b0bc18b8ddd9bdc80d743825f7164b1beb6b7a377757ed3ef0d0b5a80a14b721a5b50332eeffab0a897324f5d51fb9223df2ba79abca006b5dc6d0bb30a712664d772ad9ba13c
2026-10-01 18:17:22.828 [OP] 46F2 inv=E409 len=7158 #2 be4325e90c43a33135c270e5ba0aa8fa4159123d85a151a4a4b7ad2bae2d54ff6568dcfc1d82ed1606e3060b0811f021279fbd69513223974466083a5bcef68374fc3f829a803e2033196060eae61fb552226b83daa5492bbf06dbe1b36aad04a3e950e96909d42e6efa6061c327bee6b45cdc2ba1b355d58a694a0bb605ad994bf5becc51de7c46a82bab8e1aa41d3cdc8d6a488637e064b349c938c2f40efb
2026-10-01 18:17:22.882 [OP] 46F2 inv=E40A len=7157 #3 fb1acfaed1339d6c802debb3f3dc4ed18b117c5401be0b6e68f0cf1f293350db0b0359650a1f7a6d09c00bd80733b31fd509e1e40b53d72b8b1f8f06ff8232c9fab012ff112eda51e979f1d32bc299d7aa517d2633862bfaf2ee64b1f20feba3953105e5644cbc7ddb809a121d5b09be0aa8fc3f4d7680fffa7301a129639d1f4cf069f70bf09b50651f5f32fdbe608afa6079279fe96876d2dcd1f0b395d36d
2026-10-01 18:17:22.885 [OP] 46F2 inv=E40A len=7157 #4 5003ae65245c23543cc2c8b1deb146042b0ba6af2db3abf0fc80a1ff2e716725a2dcd129c2080c32e1256c2b971d2b2a4ae9c34d196201f9861f8f2bd89c3ca446b0b3bb3c836435e86977b04bb5e5d7e31246dc3b5e6138867122356cad97e32b42b2b2ed33e36eef019b1f23262d5c28f857a3a1505ee45003119cfa3394d00b8bed3596dc12168616bc5bc9bc186201d4fc1f0696b7ea97513816b999e909
2026-10-01 18:17:22.886 [OP] 46F2 inv=E403 len=7164 #5 c9bb65d6d07bb29b5185ca4e499e7096b264068fc9ef6c457c9926132e2e943243bce4bb5b017a5c7703ff6e3980cb1b0c4a77ef128b1fb12c6d81343938162bc334836bb464743863c90e345b5003ae655e6fddffb863d8931b764eb0190e80db8c13182359dc9ee41a9fa6135a7438a349bde909e37aca14d958434380db8c1318dac8c2337cb0413f51a2b0ac1d319a7e89ff01e98ab47523d280e9c34d19
2026-10-01 18:17:22.924 [OP] E001 inv=FFAF len=80 #1 58ece8a3a32b1f80b77cb9b3ebffc88a0c5c5a4da476a3a1c95ee6c51d4d2439242070384597fb57d5b3bf5f24463e3bd83d76e374b34f54b8c5f4987fb9714476cd09805baed6666ffaa32b1f805b64
2026-10-01 18:17:22.993 [QUESTION] {"type":"question","sock":2512,"qno":20,"field_a":105,"stem":"人们平时所说的“煤气中毒”是因为哪种有害气体吸入过多而引起的？","options":["1、二手烟","2、一氧化碳","3、生气","4、屁"]}
2026-10-01 18:17:22.993 [OP] 4011 inv=FC8D len=882 #1 425dad800e64510b6c2e0c5c6465ec21c7120e2eba381f8095dffc0b76fa392b1f805b642bfde2faa32b1f805b640ac32414fabea05396c1e7e13ca1c95ee680d064510be7c4a32bc1aa5b64fcd5dcfaa32b1f801dc1c703a3459d0beb24b180793aeeea13a94569b64d510b8ffaa32b34807a64510bdcfaa32b41d6814d0aa0012e9f2c1f805b64510bdcfa022b1f805b64510bdcfaa32bb2ce5b64510bdcfa
2026-10-01 18:17:22.993 [OP] 4015 inv=FB15 len=1258 #1 028052fa392b1f805b64510b36cba32bc8d97b81d92bdcfa68f21f807b81a552155a4e780a315b643092dcfacaed1f80ac3e510b155a4e78c8d97b81a552155a95bb1f808953510b17faa32b2daa5b64feecdcfaa9931f805b64510bdcfaa32bc8d97b812ab1dcfaa32b1f809864510bdcfaa32bd7125b64510bdcfad42b1f805b64510b76faa32b8e116b64510bdcfae91384805b64510bdcfaa32b1f805b64
2026-10-01 18:17:22.994 [OP] 4B45 inv=EFE2 len=4125 #1 b9d8de1f3a1c645133755f7f5b5a5db104e815ac7ccd30eb5d1e07e7124020c32cfea3f498c581ac6791150269754dc58eb8a225f9a97675c1cf25a33570a9d66e5aa8dc03acb0e7dce2c5821779907a67c3f921d46f98c5cef3679f2a4588f22337b86cd4fc8afa5b424dd6c6ce0b25f9a97675c1efa0fe14f4306e8eb119f2ddf2ea70e40c53ec9402104e26cd30ebc41e5bc995ac264255e2c5827837956c
2026-10-01 18:17:23.016 [OP] E062 inv=FFCD len=50 #1 9564510bbafa7f3b6c1d985c5579b6947349b2274cf9bc85b1032b25a8ed96784c181874c2d4d0f1d73f332b0b7873baa880
2026-10-01 18:17:23.016 [OP] E062 inv=FFDB len=36 #2 90faa32bee80eecd052a78b83467e8a4f369c5ce4dd0cb56fef33ab76de3b664c159bf80
2026-10-01 18:17:23.016 [OP] E062 inv=FFD6 len=41 #3 ce5b64516edcc0b44bd3a4302774b37803306ed87c542e911708d8c1c6127e0648f7caa14edf3c9780
2026-10-01 18:17:23.016 [OP] E062 inv=FFBD len=66 #4 8bfaa32b2180eecd052a78b83467e8a4f369c56648a6e72307f33ab76d5c192bceebd9b1e97b6f2e14b753eb4b4c723354115f2b04230737be87299ce0ac5c311c80
2026-10-01 18:17:23.016 [OP] E062 inv=FFD2 len=45 #5 aea32b1ffc5b3eaf205bb83467e8a43005939c08e9a1339602fe15472a7ccbe7c0c371aa87299ce0ccce36a780
2026-10-01 18:17:23.045 [OP] 4055 inv=FFF7 len=8 #1 37ecfc0bdcfaa32b
2026-10-01 18:17:23.045 [OP] 4042 inv=FFCF len=48 #1 ce0e392b59805b647ad0dcfaa32b1f805b64510b0a1aa32b1f805b641ad0dcfaa32b1f805b64510b129aa32b1f805b64
2026-10-01 18:17:23.046 [OP] 4056 inv=FFF7 len=8 #1 ce0e392b1f805b64
2026-10-01 18:17:23.046 [OP] 4055 inv=FFF7 len=8 #2 37ecfc0bdcfaa32b
2026-10-01 18:17:23.046 [OP] 4045 inv=FFDF len=32 #1 028052fa202b1f805b64510b0afaa32b17805b647e0bdcfaf72b1f808ba9510b
2026-10-01 18:17:23.046 [OP] 4041 inv=FFEB len=20 #1 2187c464310b6f5a50cf400cf7338017ad031f2b
2026-10-01 18:17:23.046 [OP] 017E inv=FFED len=18 #1 425dad8095df58ec6fc4f853caaa95df58ec
2026-10-01 18:17:23.046 [OP] 4B49 inv=FFF7 len=8 #1 2187c464510bdcfa
2026-10-01 18:17:23.046 [OP] 40FB inv=FFF9 len=6 #1 425dad805b64
2026-10-01 18:17:23.046 [OP] 4613 inv=FFBD len=66 #1 6fe2a14cca4f5b7d557f6f5e5d24e1a6c3df58ef23e8d1bc62829d8c1ed06fc4f82b1faa95df516fc4e25f51ca505b64060bdcf4a3531f8040ef555c8aa2972b1f80
2026-10-01 18:17:23.046 [OP] 40A0 inv=FF7F len=128 #1 37ecfc0b90f4a32b8bef5b64b0b1dcfadb4a11049871b3ef6988d47f0e845b64510bdcfaa32b1f805b64510bdcfaa32b1f805b64510bdcfaa32b1f8046f18f758ccaee2421ef5b647fc4dcfadb4a11049871b3ef698841da1cfb60a4510bdcfaa32b1f805b64510bdcfaa32b1f805b64510bdcfaa32b1f8013dd977582257724
2026-10-01 18:17:23.046 [OP] 4613 inv=FFBD len=66 #2 6fe2a14cca4f5b7d557f6f5e5d24e1a6c3df58ef23e8d1bc62829d8c1ed06fc4f82b1faa95df516fc4e25f51ca505b64060bdcf4a3531f8040ef555c8aa2972b1f80
2026-10-01 18:17:23.675 [OP] E014 inv=FF97 len=104 #1 22b460f2e2d45b64510bdcfaa32b1f805b91ff0bc6faa32b38a0b9649e4e0dcae82b1f805b64510bdcfaa32b1f805b64510bdcfaa32b1f805b64510bdcfaa32b1f805b64510bdcfaa32b1f805b64510bdcfaa32b1f805b64510bdcfaa32b1f805b6469d57801d5bb
2026-10-01 18:17:23.719 [OP] E004 inv=FF35 len=202 #1 fd0ba1914133409e335513f2dcfaa32b1f805b7ffd0be6faa32b1f805b64580bdcfaa32b1f805b64510b696479020e0f840a2913dcfaa32b1f805b26fdecc4faa32b1f805b64580bdcfaa32b1f805b64510b088880344ba7f464510bdcfaa32b1f805b6451ecdcfaa32b1f805b64b4b252faa32b1f805b64510b0cc17923ac805b64510bdcfaa32b1f805b64fc0bdcfaa32b1f805b64fda690faa32b1f805b64
2026-10-01 18:17:24.800 [OP] 4601 inv=FFF7 len=8 #1 5b64510bdc4df82b
2026-10-01 18:17:24.852 [OP] 4600 inv=FF87 len=120 #1 e85f4f6c41646fe94bb92da2fc6ce26ae1e957b9f2a24f6c3e6a6fe94bb92da2fc6ce26ae1e957b9f2a24f6c3e6a6fe94bb92da2fc6ce26ae1e957b9f2a24f6c3e6a6fe94bb92da2fc6ce26ae1e957b9f2a24f6c3e6a6fe94bb92da2fc6ce26ae1e957b9f2a24f6c3e6a6fe94bb92da2fc6ce26ae1e957b9
2026-10-01 18:17:24.940 [OP] 40E3 inv=FFF3 len=12 #1 ce0e392bca805b64db0b6ffa
2026-10-01 18:17:24.942 [OP] 40E2 inv=FFF3 len=12 #1 37ecfc0b6ffaf87845809564
2026-10-01 18:17:24.942 [OP] 40E4 inv=FF5B len=164 #1 425dad809464580b91faa32b1f805b64510bdcfa232b1f805b64510bdcfaa32bcaaa5bdfb20bdcfaa32b1f805b64510bdcfaa32b1f805b64510bdcfaa32b1f805b64510bdcfaa32b1f805b64510bdcfaa32b1f805b64a908dcfaa32b1f805b64510b36faa32b1f805b64510bdcfaf8531faaf775fc0bdcfaa3b544595b64510bdcfaa32b1f805b64510bdcfaa32b1f805b64510bdcfaa32b1f805b64510bdcfa
2026-10-01 18:17:24.942 [OP] 4244 inv=FFF7 len=8 #1 ce0e392b1f809564
2026-10-01 18:17:24.942 [OP] 4050 inv=FFF7 len=8 #1 37ecfc0bdcfaa32b
2026-10-01 18:17:24.942 [OP] 4503 inv=FFF3 len=12 #1 2187c464510bdcfaa32bca80
2026-10-01 18:17:24.943 [OP] 4020 inv=FE8B len=372 #1 ce0e392b2c805e64588052fa6a671f809564580bdcfa132ba51e5b64580b6ffaf82ba080323e510b6ffaf82b59809564021ddcfaf82bca80c464fc0b91a7a32bca809564b20b66fafdb01f809564580b8ffaf82b34ec5b64580b6ffa202bca804047510b6ffaf82b628095648388dcfaf82bca805c64580b780da32bca809564490b6ffa90b01f809564580ba7fadb2babec5b64580b6ffa612bca802216510b
2026-10-01 18:17:24.943 [OP] 4021 inv=FFA3 len=92 #1 2187c464830bdcfa572a1f802a64d60bdcfaf82b19af5b64290b2afadb2bca802093510bfefa5b2bad8095649b76dcfa072bd6804064580be1b3a32b15806464830b6ffacaed1f80ec64d60b36faf82b88765b64580b6ffa312bca80
2026-10-01 18:17:24.943 [OP] 40FA inv=FFC1 len=62 #1 425dad805b640b0bdcfaa32b1f805b6458c9dcfaa32b1f805bdf8d0bdcfaa32b1f809514510bdcfaa32b1faad564510bdcfaa32bca5eba64510bdcfaa32b
2026-10-01 18:17:24.943 [OP] 4B30 inv=FFF7 len=8 #1 2187c464510bdcfa
2026-10-01 18:17:24.943 [OP] 4B31 inv=FFF7 len=8 #1 028052faa32b1f80
2026-10-01 18:17:24.943 [OP] 4B21 inv=FFE1 len=30 #1 425dad805b81a55215c2a32b1f805b64510bdcfaa32b1f805b64510bdcfa
2026-10-01 18:17:24.943 [OP] 4410 inv=FD0D len=754 #1 028052faa35d5f7f7698a552155aa3531f802f8e58ecdcfa94197f9e40cdae17aa578066320c2e68510bd056334ec8d97b8151ecdcfad163caaa5b646fe33a7f206f0b1ce06c4c9c233ba32b967e7698a552155aa3531f80888e58ecdcfa48797f9e40cd96f0a297806686af9888510b03fc334ec8d97b8151ecdcfa8863caaa5b6478ae3a7f204212afd755b33c28fe8066a7b5bdff510b327f334ec8d97b81
2026-10-01 18:17:25.026 [OP] 4025 inv=FFF4 len=11 #1 faf84d12aa8bf851ece2c4
2026-10-01 18:17:25.180 [OP] 4025 inv=FFF4 len=11 #2 c4f83195aa8bf851ece2c4
2026-10-01 18:17:25.180 [OP] 4025 inv=FFF5 len=10 #3 db533832c4df51ece2fa
2026-10-01 18:17:25.182 [OP] 4025 inv=FFF5 len=10 #4 39533832c4df51ece2fa
2026-10-01 18:17:25.182 [OP] 4025 inv=FFF5 len=10 #5 fd533832c4df51ece2fa
2026-10-01 18:17:25.555 [PIPE] controller connected
2026-10-01 18:17:29.367 [OP] 40E0 inv=FED1 len=302 #1 028052faef4a1f805b64510bf8faa32b1f805b642ab1dcfaa32b1f809864510bdcfaa32bd6875b64fc0bdcfa392b1f804864510b52faa32bad805b64c50bdcfa392b1f80f564510b54faa32bad805b64a57fdcfa702b1f809564510b3efaa32ba2805b640b0bdcfa232b1f800d64510b8ffaa32b1f805b64510bdcfaa32b1f805b64510bdcfaa32b1f805b64430bdcfaa32b1f805b64510bdcfaa32b1f805b64
2026-10-01 18:17:29.425 [OP] 40E1 inv=FFED len=18 #1 37ecfc0b6ffaf8c4ca809564580b6ffaf82b
2026-10-01 18:17:33.149 [CLOSE] main sock 2512 closed
2026-10-01 18:17:34.153 [CONNECT] main sock 2272 -> 8484
2026-10-01 18:17:34.371 [CLOSE] main sock 2272 closed
2026-10-01 18:17:38.102 [CONNECT] main sock 2292 -> 8484
2026-10-01 18:17:38.423 [OP] 4007 inv=FFE6 len=25 #1 8aa5521502a32b1f9e549bf911d4d51f31bc869805ade308fa
2026-10-01 18:17:39.813 [CLOSE] main sock 2292 closed
2026-10-01 18:17:41.904 [CONNECT] main sock 2876 -> 8484
2026-10-01 18:17:42.303 [OP] 4002 inv=FF3B len=196 #2 9449ad52acc58d0b4569cca290637aa2e685a028f7e937b9d7ec51af586a9fa6aba071c3e45dad80c464510bdcfaa32bec5d5b64a552155af42b1f80c831510b155a4e78c8d97b81510bdcfa9b2b1f805b64510bdcfaa32b10aa5b64585ddcfaa3b9b9969ce9520bdcfaa32b1f805b64510bdcfa765dad80c464510bdcfaa32bc8d97b81a552155af42b1f807b81a552155a4e78c8d97b81510bdcfa392b1f80
2026-10-01 18:17:44.268 [OP] 4014 inv=FFEA len=21 #2 4cca805bcd510bdc9b2f34a56973ca51bc6ae8a32b
2026-10-01 18:17:44.492 [OP] 4011 inv=FC8D len=882 #2 e45dad800e64510b6c2e0c5c6465ec21c7120e2eba381f80a5f1fc0b90faf82b804ec4640e0be2faa32b1f805b640ac32414fabea05396c1e7e13ca1c95ee68024010e0b6f9ef82b7da0c464fcd5dcfaa32b1f801dc1c703a3459d0beb24b180793aeeea13a94569b64d510b90faa32b62a67a64510bdcfaa32b41d6814d0aa0012e9f2c1f0c83a362d552fadb651c5f0e8c0e0b6f5bd4c2b2ce5b64510bdcfa
2026-10-01 18:17:44.492 [OP] 4015 inv=FCD3 len=812 #2 408052fa392b1f805b64510b36cba32bc8d97b81a30bdcfa3d971f807b81a552155a4e780a315b6478c1dcfa6ff51f807b81a552155a4e78c8d97b81a552155a76de1f8042f1510b17faa32b2daa5b64feecdcfaa9931f805b64510bdcfaa32bc8d97b81fbd0dcfaa32b1f803464510bdcfaa32b2dce5b64510bdcfa542b1f805b64510b76faa32b2c2a9564510bdcfa1825a5805b64510bdcfaa32b1f80d064
2026-10-01 18:17:44.493 [OP] 4B45 inv=F002 len=4093 #2 3767ce5b94b20bdc58e762afa8f25b378ae499c3a9a853755b79d1707e8d5a457282d257397578c35b0238a2a89ea075b9766caa02fe3e9e5eff2e9a71fa97ec07e7124020c32cfea36f98c54aa5cb705b450237345739755f7f5b5a5db104e815ac7ccf153e65cc4b48a0e226426caa02fe3e9e5ef6a1130f3b53907837950bd4fc8afa5b424dd6c6cea225f9a85375ad79907a67c3f921e36f98c581ac67cf
2026-10-01 18:17:44.537 [OP] 4055 inv=FFF7 len=8 #3 c6ecfc0bdcfaa32b
2026-10-01 18:17:44.537 [OP] 4042 inv=FFBB len=68 #2 d70e392bad805b64f7d0dcfab3d91f805b64510b90faa32b1f805b647ad0dcfaa32b1f805b64510b85a1a32b1f805b641ad0dcfaa32b1f805b64510bde67a32b1f805b64
2026-10-01 18:17:44.537 [OP] 4056 inv=FFF7 len=8 #2 d70e392b1f805b64
2026-10-01 18:17:44.537 [OP] 4055 inv=FFF7 len=8 #4 c6ecfc0bdcfaa32b
2026-10-01 18:17:44.537 [OP] 4045 inv=FFE3 len=28 #2 e45dad800d64510bdcfaa32be3805b648d0bdcfaf72b1f808ba9510b
2026-10-01 18:17:44.537 [OP] 4041 inv=FFF7 len=8 #2 c6ecfc0bdcfaa378
2026-10-01 18:17:44.537 [OP] 017E inv=FFED len=18 #2 e45dad8095df58ec6fc4f853caaa95df58ec
2026-10-01 18:17:44.539 [OP] 4B49 inv=FFF7 len=8 #2 c687c464510bdcfa
2026-10-01 18:17:44.539 [OP] 40FB inv=FFF9 len=6 #2 e45dad805b64
2026-10-01 18:17:44.539 [OP] 4613 inv=FFBF len=64 #3 f86482b79508512607e8f8c1ca5551f858ec59acdbb319c755ef0eec6fc4f82b1faa95df510ae6602251ca2a5b64a45ddcf4a3531f8040ef555c8aa2512b1f80
2026-10-01 18:17:44.539 [OP] 40A0 inv=FF7F len=128 #2 c6ecfc0b90c2392b32ce5b64bdecdcfadb4ac3548a700601dcfaa32b1f805b64510bdcfaa32b1f805b64510bdcfaa32b1f805b64510bdcfaa32b1f80767f580cf022f8c4a6605b6439ecdcfadb4ac3548a70b10571bbea0232805b64510bdcfaa32b1f805b64510bdcfaa32b1f805b64510bdcfaa32b1f8089f86f08d0e8186f
2026-10-01 18:17:44.539 [OP] 4613 inv=FEFB len=260 #4 b2267c70f8d91fb093f8628e82752363ebaae88b58e364e5810e3eaa95df580bdcc4f8531f73406c8e316fc5a393a8535b2651ecdcfa2302074c724ed494dcfaa3f123b7950851fb195be8dc079ac38e7a75f4b5db9f00aa3c2429e76a4e3524caaa95df510b6fc4f82b70ef33be43ec35fadb2cfe801c64580bdce016876c842d43510bdc66a14cca4f5b7d557f6f60f83363c795df01a290b45c93702694df
2026-10-01 18:17:44.611 [OP] 4601 inv=FFF7 len=8 #2 5b64510bdcb8f82b
2026-10-01 18:17:44.635 [OP] E001 inv=FFAF len=80 #2 58ece8a3a32b1f80b77cb9b3ebffc88a0c5c5a4da476a3a1c95ee6c51d4d2439242070384597fb57d5b3bf5f24463e3bd83d76e374b34fe2b8c5f4987fb97144765409805baed6666ffaa32b1f805b64
2026-10-01 18:17:44.654 [OP] 4600 inv=FF87 len=120 #2 e85f4f6c41646fe94bb92da2fc6ce26ae1e957b9f2a24f6c3e6a6fe94bb92da2fc6ce26ae1e957b9f2a24f6c3e6a6fe94bb92da2fc6ce26ae1e957b9f2a24f6c3e6a6fe94bb92da2fc6ce26ae1e957b9f2a24f6c3e6a6fe94bb92da2fc6ce26ae1e957b9f2a24f6c3e6a6fe94bb92da2fc6ce26ae1e957b9
2026-10-01 18:17:44.742 [OP] 40E3 inv=FFF3 len=12 #2 d70e392bca80c464db0b6ffa
2026-10-01 18:17:44.743 [OP] 40E2 inv=FFF3 len=12 #2 c6ecfc0b6ffafd2b45809564
2026-10-01 18:17:44.743 [OP] 40E4 inv=FF0D len=242 #2 c687c464fc0b8ffa6b2b1f805b64510bdcfaa32b62805b64510bdcfaa32b1f8095df51ec9092a32b41a0c4640eb3dcfaa32b1f805b64510bdcfaa32b1f805b64510bdcfaa32b1f805b64510bdcfaa32b1f805b64510b0dfaa32b1f805b64510bdcfa462b1f805b64510bdcfaa32bcaaa5bdf8a5f2233db2bcac75bf8510bdcfaa32b1f805b64510bdcfaa32b1f805b64510bdcfaa32b1f805b64510bdcfaa32b
2026-10-01 18:17:44.743 [OP] 4244 inv=FFF7 len=8 #2 d70e392b1f80c464
2026-10-01 18:17:44.743 [OP] 4050 inv=FFF7 len=8 #2 c6ecfc0bdcfaa32b
2026-10-01 18:17:44.743 [OP] 4503 inv=FFF3 len=12 #2 c687c464510bdcfaa32a1f80
2026-10-01 18:17:44.743 [OP] 4020 inv=FE13 len=492 #2 d70e392b2c80d864582752fa04941f809564580bdcfa982b59af5b64580b6ffaf82b8080323e510b6ffaf82b59809564b288dcfaf82bca80c4640e0b780da32bca809564b20b6ffa90b01f809564580b8ffaf82ba1525b64580b6ffa202bca8046f0510b6ffaf82b62809564c089dcfaf82bca805c64580bc521a32bca809564490b6ffa89381f809564580ba7faf82b238a5b64580b6ffa612bca806df0510b
2026-10-01 18:17:44.743 [OP] 4021 inv=FFAF len=80 #2 c6ecfc0be6faa32bec5d5b64d60be2faa32bca808164510b40fa5b2b598095646999dcfa702bd680c464580b3882a32b8580ec640b0b6ffa15a61f80cc64d60b6afaf82b073b5b64d60be2fa572bca80
2026-10-01 18:17:44.743 [OP] 40FA inv=FFCA len=53 #2 44d8de1f805b6f510bdcfaa32b1f805bdf390bdcfaa32b1f8095a7510bdcfaa32b1faad564510bdcfaa32bca5eba64510bdcfaa32b
2026-10-01 18:17:44.743 [OP] 4B30 inv=FFF7 len=8 #2 c687c464510bdcfa
2026-10-01 18:17:44.743 [OP] 4B31 inv=FFF7 len=8 #2 408052faa32b1f80
2026-10-01 18:17:44.744 [OP] 4B21 inv=FFE1 len=30 #2 e45dad805b81a55215c2a32b1f805b64510bdcfaa32b1f805b64510bdcfa
2026-10-01 18:17:44.744 [OP] 4410 inv=FC03 len=1020 #2 e45dad805b18ca18d8d24e78c8d95bdf510b4a43f8531f8070d77a60e6c24c82a755bd4eee3c0f41a32b96bbd798a552155aa3531f80668e58ecdcfa1641709e40dde16fb694a20a911a5b641918d8d24e78c8d95bdf510bc043f8531f804a3c7a60e6c2dc31bf71bd4e062bf8d6a32b38bbd798a552155aa3531f80ff8e58ecdcfa4af6709e40370d2bd82fb9234b0fbd4e960a5af1a32b8906d798a552155a
2026-10-01 18:17:44.744 [OP] E014 inv=FF97 len=104 #2 22b460f2e2185b64510bdcfaa32b1f805b82a6fddc907c2b1056b764793c6b9f672b1f805b64510bdcfaa32b1f805b64510bdcfaa32b1f805b64510bdcfaa32b1f805b64510bdcfaa32b1f805b64510bdcfaa32b1f805b64510bdcfaa32b1f805b6469d5388a4bbb
2026-10-01 18:17:44.844 [OP] E004 inv=FF35 len=202 #2 fd0ba1914133409e335513f2dcfaa32b1f805b7ffd0be6faa32b1f805b64580bdcfaa32b1f805b64510b696479020e0f840a2913dcfaa32b1f805b26fdecc4faa32b1f805b64580bdcfaa32b1f805b64510b088880344ba75b64510bdcfaa32b1f805b64fdecdcfaa32b1f805b64d7b252faa32b1f805b64510b088880344ba72964510bdcfaa32b1f805b64fdecdcfaa32b1f805b6455b252faa32b1f805b64
2026-10-01 18:17:52.901 [OP] 4613 inv=FFC0 len=63 #5 531d1674df0b0b1db4db53ca5551f858ec59acdbb319c755ef0eec6fc4f82b1faa95df5173e6fe2251ca505b64510bdcf4a3531f8040ef555c8aa2fb2b1f80
2026-10-01 18:17:54.392 [OP] 4F52 inv=FFFF len=0 #1 
2026-10-01 18:17:54.947 [OP] EFFE inv=FFFE len=1 #1 0b
2026-10-01 18:17:55.817 [OP] 43F1 inv=FFFA len=5 #1 b4b4de1faa
2026-10-01 18:17:55.909 [OP] 4704 inv=FFDE len=33 #1 da3e22a3b3f3ce5b64510bdcfaa32b1f263c22adb971faa32b1f805b64510bdcfa
2026-10-01 18:17:55.975 [OP] 401B inv=FF33 len=204 #1 408052fa392b1f807c64510b07c2392b1a805b64450bdcfa1a7c1f805b64510b069fa32b1f805b642fecdcfaa32b1f8080df510bdcfaa32b1c48bd42804d68faa32b1f805b64510bdc3ba32bb507c464530bdcfa902b1f803b61510bdcfaa32b94105b64510bdcfa1fd91f805b64510b88e0a32b1f805b64bc595ab12b211f805b64510bdcfaa32b1fafd755408052fa9b2b1f805e64510b5422a32b1f805b64
2026-10-01 18:18:00.127 [OP] 4705 inv=FFB8 len=71 #1 437a7f51e3a722a3db67ce5b80fc0bdcfaa32b1f0ac464510bdcfaa3401f805b64510bdc87a32b1f805b645131dcfaa3d21f805be0518507d90e6cac805b64510bdcfaa32b1f80
2026-10-01 18:18:04.460 [OP] 4F52 inv=FFFF len=0 #2 
2026-10-01 18:18:04.956 [OP] EFFE inv=FFFE len=1 #2 0b
2026-10-01 18:18:06.855 [OP] 47C0 inv=FFD8 len=39 #1 b39526557cc6c44631840f192e8ffd6ff4a67cc9fc26da31ec8b1961a3016badd958b1389f3dff
2026-10-01 18:18:06.855 [OP] 47C0 inv=FFE1 len=30 #2 0faac42e8ffd6ff4a67cc9fc26da31ec8b1961a3016badd958b1389f3dff
2026-10-01 18:18:06.855 [OP] 47C0 inv=FFEA len=21 #3 51cac726da31ec8b1961a3016badd958b1389f3dff
2026-10-01 18:18:06.855 [OP] 47C0 inv=FFF3 len=12 #4 0253ca6badd958b1389f3dff
2026-10-01 18:18:07.854 [OP] 47C0 inv=FFD8 len=39 #5 b39526557cc6c420f1f355192e8ffd6ff4e8c438fc26da31ec8bb4b750016badd958b16e9ff1ff
2026-10-01 18:18:14.530 [OP] 4F52 inv=FFFF len=0 #3 
2026-10-01 18:18:14.618 [OP] 46FE inv=FFFF len=0 #1 
2026-10-01 18:18:24.822 [OP] 4F52 inv=FFFF len=0 #4 
2026-10-01 18:18:24.988 [OP] EFFE inv=FFFE len=1 #3 0b
2026-10-01 18:18:26.921 [OP] 4705 inv=FFB8 len=71 #2 437a7f51e3a722a379f3ce5b7a310bdcfaa32b1fe72764510bdcfaa3c01f805b64510bdc4df82b1f805b645131dcfaa33a1f805b6651d286033d6643f25b64510bdcfaa32b1f80
2026-10-01 18:18:34.890 [OP] 4F52 inv=FFFF len=0 #5 
2026-10-01 18:18:36.004 [OP] EFFE inv=FFFE len=1 #4 0b
2026-10-01 18:18:37.755 [OP] 4100 inv=FFF9 len=6 #1 10aac626fb27
2026-10-01 18:18:37.848 [OP] 40A0 inv=FFBB len=68 #3 c6ecfc0b6ffaf82b78125b649dd0dcfadb4a42af762d1d4edcfaa32b1f805b64510bdcfaa32b1f805b64510bdcfaa32b1f805b64510bdcfaa32b1f805e08c90c6de070c4
2026-10-01 18:18:37.848 [OP] 4101 inv=FBFD len=1026 #1 408052faa32b1f805b64510b155a4e781f805b64510bdcfaa32b1f805b64510bdcfaa32b1f805b648e5f8b53a32bc0ce5b64510bdcfa40de1f805b64510bdcfaa32b1f805b64e38052fa392b1f805b64510b155a4e78ec5d5b64a552155a6ff51f807b81a552155a4e78c8d97b81d50bdcfa4e78c8d995a976e374b34fc51f805b64510bdcfaa32bb683c064510bdcfaa3fe8a805b64510bdcfaa32b1f805b64
2026-10-01 18:18:37.903 [OP] 40E0 inv=FED1 len=302 #2 408052fa5fde1f805b64510bc5faa32b1f805b64fbd0dcfaa32b1f803464510bdcfaa32b2f035b64fc0bdcfa392b1f804864510b52faa32bad805b64fc0bdcfa392b1f804864510b52faa32bad805b64f30bdcfa4d2b1f80c464510b8ffaa32b8e805b64580bdcfa462b1f800d64510b8ffaa32b1f805b64510bdcfaa32b1f805b64510bdcfaa32b1f805b64430bdcfaa32b1f805b64510bdcfaa32b1f805b64
2026-10-01 18:18:37.952 [OP] 40E1 inv=FFED len=18 #2 c6ecfc0b6ffaf85eca809564580b6ffaf82b
2026-10-01 18:18:39.127 [OP] 4108 inv=FFE3 len=28 #1 c687c464510bdcfa4d531f80d8f8510bce40515d1f805b64510bdcfa
2026-10-01 18:18:39.217 [OP] 4108 inv=FFE3 len=28 #2 c687c464510bdcfa87531f80d8f8510bce40515d1f805b64510bdcfa
2026-10-01 18:18:39.217 [OP] 4108 inv=FFF3 len=12 #3 d70e392b1f805b64510bdcfa
2026-10-01 18:18:39.217 [OP] 4108 inv=FFF3 len=12 #4 d70e392b1f805b64580bdcfa
2026-10-01 18:18:39.217 [OP] 4108 inv=FFF3 len=12 #5 d70e392b1f805b640e0bdcfa
2026-10-01 18:18:39.217 [OP] 4104 inv=FFFB len=4 #1 dcae1f80
2026-10-01 18:18:39.218 [OP] 4104 inv=FFFB len=4 #2 6cae1faa
2026-10-01 18:18:39.218 [OP] 4104 inv=FFFB len=4 #3 3c081fc7
2026-10-01 18:18:39.218 [OP] 4104 inv=FFFB len=4 #4 dcae1fce
2026-10-01 18:18:39.218 [OP] 4104 inv=FFFB len=4 #5 6cae1f12
2026-10-01 18:18:41.198 [OP] 4105 inv=FFFE len=1 #1 cd
2026-10-01 18:18:41.198 [OP] 4105 inv=FFFE len=1 #2 6d
2026-10-01 18:18:41.307 [OP] 4105 inv=FFFE len=1 #3 af
2026-10-01 18:18:41.307 [OP] 4105 inv=FFFE len=1 #4 c0
2026-10-01 18:18:41.409 [OP] 4109 inv=FF8F len=112 #1 c687c464510b6fe8a32b1f805b64510b07faa32b59e7c36451ecdcfaa32bf380d1df510bacfaa32b1f805b64510bdcfaa32b1f803c64510b905b232b1faa94648fecdcfa3cce1f805b64510bdcfaa32bb9805b640d0bdcfaa37862805bdf510b32c4a32bca805b64510bdcfaa32b1f80
2026-10-01 18:18:41.506 [OP] 4106 inv=FFFD len=2 #1 a3cb
2026-10-01 18:18:41.506 [OP] 4111 inv=FFFD len=2 #1 a164
2026-10-01 18:18:41.507 [OP] 4112 inv=FFFD len=2 #1 6ac4
2026-10-01 18:18:41.863 [OP] 4109 inv=FFB7 len=72 #2 c687c464517f6fc4a3061f805b64510b07faa32b1fa05b6487b1dcfa40ce1f80ba640ed507faa32b39125b640e0b54faa32b1f805b64510b8222a32b39125b64080b54faa32b1f80
2026-10-01 18:18:41.959 [OP] 4105 inv=FFFE len=1 #5 ec
2026-10-01 18:18:41.959 [OP] 4106 inv=FFFC len=3 #2 982053
2026-10-01 18:18:41.959 [OP] 4106 inv=FFFD len=2 #3 f84a
2026-10-01 18:18:41.959 [OP] 4106 inv=FFFC len=3 #4 9820d9
2026-10-01 18:18:41.959 [OP] 4106 inv=FFFD len=2 #5 a32b
2026-10-01 18:18:41.960 [OP] 4111 inv=FFFD len=2 #2 5b64
2026-10-01 18:18:43.260 [OP] 4109 inv=FEFF len=256 #3 e45dad809564b2b1dcfaa32b1f805b64580bdcfaf82b7b129564d8b18bfafd2bca805b644db1dcfafd4a84805bdf510bdcfaa32b92aa5b64d60bdcfaa32b1f805b64510b6ffaa32bc2125b64b2b102faa32b1f805bdf510b6ffaa32bc2125b64b2b1a9faa32b1f805b64510b6ffaa32bc2125b64b2b1c4faa32b1f805b64510bb022a32bc2125b64b20bc6faa3531f80e5df510b8b145f931f805b6457dbdcfa
2026-10-01 18:18:43.353 [OP] 4111 inv=FFFD len=2 #3 1c64
2026-10-01 18:18:44.477 [OP] 4109 inv=FF93 len=108 #4 408052faf893caaa5b64510bdcfaa32bca805b64fd0b68c4462babaa1c64fc0b6ffaa32b12805b64fc0cdcfac6d91f80dc53510b6622db2b12805b64a0c4dcfafdde8a805bdf510bdcfaa32b92aa5b64fe0bdcfaa32b1f805b64510baeaea32ba94f5b64b70b66faa32b1f80
2026-10-01 18:18:44.584 [OP] 4111 inv=FFFD len=2 #4 c464
2026-10-01 18:18:44.847 [OP] 46FE inv=FFFF len=0 #2 
2026-10-01 18:18:46.504 [OP] 4109 inv=FFA7 len=88 #5 408052faa393caaa5b64510bdcfaa32bb9805b64310bdcfa1d4a1f80646f510bdc9fdb2bb9805b6487b1dcfadb7c1f805b64510bdcfa035db2ce5b6487b1dcfadb2b1f805bdffca705c4a32b7faa5b64510bdcfaa32b1f80
2026-10-01 18:18:46.596 [OP] 4111 inv=FFFD len=2 #5 2764
2026-10-01 18:18:55.027 [OP] EFFE inv=FFFE len=1 #5 0b
2026-10-01 18:18:56.790 [OP] 4112 inv=FFFD len=2 #2 dcc4
2026-10-01 18:18:58.446 [OP] 4112 inv=FFFD len=2 #3 6fc4
2026-10-01 18:18:59.360 [OP] 4112 inv=FFFD len=2 #4 90c4
2026-10-01 18:19:04.167 [OP] 4112 inv=FFFD len=2 #5 52c4
2026-10-01 18:19:08.783 [OP] 472A inv=FE76 len=393 #1 44d8de1f80d064510bdcfaa32b1f805b64510bdcfab72b1f805b6451d5dcfaa3d059805b64510bdc30392b1f805b6451e8dcfaa32b1f805b2aab0bdcfaa32b1fe07564510bdcfaa32b1f805b64510bdcfaa32b1f805b64510bdcfaa32b1f805b64510bdcfaa32b1f805b64510bdcfaa32b1f805b64510bdcfaa32b1f805b64510bdcfaa32b1f805b64510bdc2ca32b1f515b64510e6ffaa3291f805b12510bdc
2026-10-01 18:19:08.871 [OP] 42CE inv=FFFB len=4 #1 c87f510b
2026-10-01 18:19:08.871 [OP] 4211 inv=FFF6 len=9 #1 aa5b64511b3e22a34a
2026-10-01 18:19:08.871 [OP] 4211 inv=FFF6 len=9 #2 aa5b645140a722a34a
2026-10-01 18:19:08.872 [OP] 4211 inv=FFF6 len=9 #3 aa5b6451a4a722a34a
2026-10-01 18:19:08.872 [OP] 4211 inv=FFF6 len=9 #4 aa5b6451e3a722a34a
2026-10-01 18:19:08.968 [OP] 40A0 inv=FFBB len=68 #4 c6ecfc0b6ffafd2b0c605b6439ecdcfadb4ac3548a70b10571bbea0232805b64510bdcfaa32b1f805b64510bdcfaa32b1f805b64510bdcfaa32b1f8006df5575dac4a624
2026-10-01 18:19:14.960 [OP] 4100 inv=FFF9 len=6 #2 10aa375378d5
2026-10-01 18:19:15.113 [OP] 46FE inv=FFFF len=0 #3 
2026-10-01 18:19:15.200 [OP] 4101 inv=FC35 len=970 #2 c6ecfc0bdcfaa32b1f805b64a552155aa32b1f805b64510bdcfaa32b1f805b64510bdcfaa32b1f80d0c6b2b2dcfa40de1f805b64510bfb22a32b1f805b64510bdcfaa32b1f80a0ecfc0b52faa32b1f805b64a552155a572a1f807b81a5528631a32bc8d97b81a552155a4e78c8d9c564510b155a4e78caa024c812922d93a32b1f805b64510bdcfae1fe8a805b64510bdc77612b1f805b64510bdcfaa32b1f80
2026-10-01 18:19:37.403 [OP] 472A inv=FE76 len=393 #2 44d8de1fc2ba64510bdcfaa32b1f805b64510bdc83b42b1f805b6451d5dcfaa3daca805b64510bdc30392b1f805b6451e8dcfaa32b1f805b2aab0bdcfaa32b1fe07564510bdcfaa32b1f805b64510bdcfaa32b1f805b64510bdcfaa32b1f805b64510bdcfaa32b1f805b64510bdcfaa32b1f805b64510bdcfaa32b1f805b64510bdcfaa32b1f805b64510bdc04a32b1f895b64510e6ffaa3e1ca805b73510bdc
2026-10-01 18:19:37.504 [OP] 42CE inv=FFFB len=4 #2 c87f510b
2026-10-01 18:19:37.595 [OP] 4211 inv=FFF6 len=9 #5 aa5b64511b3e22a34a
2026-10-01 18:19:40.517 [OP] 4100 inv=FFF9 len=6 #3 10aa0f53a2c4
2026-10-01 18:19:40.610 [OP] 4101 inv=FBFD len=1026 #3 408052faa32b1f805b64510b155a4e781f805b64510bdcfaa32b1f805b64510bdcfaa32b1f805b648e5f8b53a32bc0ce5b64510bdcfa40de1f805b64510bdcfaa32b1f805b64e38052fa392b1f805b64510b155a4e78ec5d5b64a552155a6ff51f807b81a552155a4e78c8d97b81d50bdcfa4e78c8d995a976e374b34fc51f805b64510bdcfaa32b1f83c064510bdcfaa3fe8a805b64510bdcfaa32b1f805b64
2026-10-01 18:19:45.262 [OP] 46FE inv=FFFF len=0 #4 
2026-10-01 18:19:56.509 [OP] 472A inv=FE6C len=403 #3 44d8de1f3b2364510bdcfaa32b1f805b64510bdc37b72b1f805b6451d5dcfaa34e59805b64510bdc30392b1f805b6451e8dcfaa32b1f805b5cdc0bdcfaa32b1fe07564510bdcfaa32b1f805b64510bdcfaa32b1f805b64510bdcfaa32b1f805b64510bdcfaa32b1f805b64510bdcfaa32b1f805b64510bdcfaa32b1f805b64510bdcfaa32b1f805b64510bdc34f82b1f515b64510e6ffaa3291f805b12510bdc
2026-10-01 18:19:56.509 [OP] 42CE inv=FFFB len=4 #3 c87f510b
2026-10-01 18:19:57.715 [OP] 40A0 inv=FFBB len=68 #5 c6ecfc0b6ffadb2b28605b6439ecdcfadb4ac3548a70b10576bbea0232805b64510bdcfaa32b1f805b64510bdcfaa32b1f805b64510bdcfaa32b1f805f087ed049e0d5de
2026-10-01 18:20:02.634 [OP] 4100 inv=FFF9 len=6 #4 10aa875318d0
2026-10-01 18:20:02.814 [OP] 4101 inv=FC35 len=970 #4 c6ecfc0bdcfaa32b1f805b64a552155aa32b1f805b64510bdcfaa32b1f805b64510bdcfaa32b1f80d0c6b2b2dcfa40de1f805b64510bfb22a32b1f805b64510bdcfaa32b1f80a0ecfc0b52faa32b1f805b64a552155a572a1f807b81a5528631a32bc8d97b81a552155a4e78c8d9c564510b155a4e78caa024c812922d93a32b1f805b64510bdcfae1fe8a805b64510bdc77612b1f805b64510bdcfaa32b1f80
2026-10-01 18:20:15.629 [OP] 46FE inv=FFFF len=0 #5 
2026-10-01 18:20:25.695 [SYS] 物品栏满
2026-10-01 18:20:25.793 [OP] 472A inv=FE76 len=393 #4 44d8de1fe90e64510bdcfaa32b1f805b64510bdcfe5f2b1f805b6451d5dcfaa3f159805b64510bdc30392b1f805b6451e8dcfaa32b1f805b5cdc0bdcfaa32b1fe07564510bdcfaa32b1f805b64510bdcfaa32b1f805b64510bdcfaa32b1f805b64510bdcfaa32b1f805b64510bdcfaa32b1f805b64510bdcfaa32b1f805b64510bdcfaa32b1f805b64510bdc48f82b1f515b6451df6ffaa35eca805b12510bdc
2026-10-01 18:20:25.794 [OP] 42CE inv=FFFB len=4 #4 c87f510b
2026-10-01 18:20:31.791 [OP] 4100 inv=FFF9 len=6 #5 10aaf808820b
2026-10-01 18:20:32.069 [OP] 4101 inv=FBFD len=1026 #5 408052faa32b1f805b64510b155a4e781f805b64510bdcfaa32b1f805b64510bdcfaa32b1f805b648e5f8b53a32bc0ce5b64510bdcfa40de1f805b64510bdcfaa32b1f805b64e38052fa392b1f805b64510b155a4e78ec5d5b64a552155a6ff51f807b81a552155a4e78c8d97b81d50bdcfa4e78c8d995a976e374b34fc51f805b64510bdcfaa32b1f83c064510bdcfaa3fe8a805b64510bdcfaa32b1f805b64
2026-10-01 18:20:53.400 [SYS] 物品栏满
2026-10-01 18:20:53.493 [OP] 472A inv=FE76 len=393 #5 44d8de1f20c164510bdcfaa32b1f805b64510bdcc64d2b1f805b6451d5dcfaa342ad805b64510bdc30392b1f805b6451e8dcfaa32b1f805b1edc0bdcfaa32b1fe07564510bdcfaa32b1f805b64510bdcfaa32b1f805b64510bdcfaa32b1f805b64510bdcfaa32b1f805b64510bdcfaa32b1f805b64510bdcfaa32b1f805b64510bdcfaa32b1f805b64510bdc48f82b1f515b64514edcfaa3fc1f805b12510bdc
2026-10-01 18:20:53.493 [OP] 42CE inv=FFFB len=4 #5 c87f510b
2026-10-01 18:22:41.904 [OP] 4110 inv=FFFD len=2 #1 722b
2026-10-01 18:22:52.785 [SYS] #ff0000#您已进入野外区域，可能遭遇玩家间的自由对战，请注意安全！#ffffff#
2026-10-01 18:22:52.785 [OP] 40E0 inv=FED1 len=302 #3 408052fa5fde1f805b64510bc5faa32b1f805b64fbd0dcfaa32b1f803464510bdcfaa32b2f035b64fc0bdcfa392b1f804864510b52faa32bad805b64fc0bdcfa392b1f804864510b52faa32bad805b64f30bdcfa4d2b1f80c464510b8ffaa32b8e805b64580bdcfa462b1f800d64510b8ffaa32b1f805b64510bdcfaa32b1f805b64510bdcfaa32b1f805b64430bdcfaa32b1f805b64510bdcfaa32b1f805b64
2026-10-01 18:22:52.785 [OP] 40E3 inv=FFF3 len=12 #3 d70e392bca805b64db0b6ffa
2026-10-01 18:22:52.786 [OP] 40E2 inv=FFF3 len=12 #3 c6ecfc0b6f5a4e7845809564
2026-10-01 18:22:52.786 [OP] 4232 inv=FF60 len=159 #1 6523d0dce0a32b1f4f5b645127dcfaa3de1f805b6f510bdc1c462b1f805b64510bdcfaa32b1f805b64510bdcfaa32b1f805b64510bdcfaa3b1ad805b64510bdcbcf82b1f805b64511c52faa32b1f805b03580bdcfaa32b1ffd7a64517152faa3fbca805b58510bdc25a32b1fef5b6451c4dcfaa38b59805b5b510bdccea32b1f595b64510bdcfaa32cd672eca2d661e2b05b931f805b64510bdcfaa32b1f80
2026-10-01 18:22:52.786 [OP] 401B inv=FEB3 len=332 #2 e45dad800d64510b17faa32bb907c464530bdcfa972b1f8099d9510bdcfaa32b53ca5b64510bdcfa402b1f805b64510b9bc4a32b1f805b64bc595ab12b21ab805b64510bdcfaa32b1fc75b64d7b252fada2b1f804964510bf453a32b1f805b64820cdcfaa32b1f803f08510bdcfaa32b5b4f5b64510bdcfa16876c842d43510bdcfaa32b1f805b64510bdcfae45dad80c564510b6dfaa32b2dce5b64510bdcfa
2026-10-01 18:22:52.847 [OP] 4612 inv=FFF7 len=8 #1 ca805b64e38052fa
2026-10-01 18:22:52.847 [OP] 4202 inv=FFEF len=16 #1 95ecdcfab42b1f804af8510b7522a32b
2026-10-01 18:22:52.847 [OP] 4055 inv=FFF7 len=8 #5 c6ecfc0bdcfaa32b
2026-10-01 18:23:02.235 [OP] 4612 inv=FFF7 len=8 #2 ca805b64e38052fa
2026-10-01 18:23:02.327 [SYS] #ff0000#您已进入野外区域，可能遭遇玩家间的自由对战，请注意安全！#ffffff#
2026-10-01 18:23:02.328 [OP] 40E0 inv=FED1 len=302 #4 408052fa5fde1f805b64510bc5faa32b1f805b64fbd0dcfaa32b1f803464510bdcfaa32b2f035b64fc0bdcfa392b1f804864510b52faa32bad805b64fc0bdcfa392b1f804864510b52faa32bad805b64f30bdcfa4d2b1f80c464510b8ffaa32b8e805b64580bdcfa462b1f800d64510b8ffaa32b1f805b64510bdcfaa32b1f805b64510bdcfaa32b1f805b64430bdcfaa32b1f805b64510bdcfaa32b1f805b64
2026-10-01 18:23:02.328 [OP] 40E3 inv=FFF3 len=12 #4 d70e392bca809464db0b6ffa
2026-10-01 18:23:02.328 [OP] 40E2 inv=FFF3 len=12 #4 c6ecfc0b6f22a32b45809564
2026-10-01 18:23:02.328 [OP] 4232 inv=FF60 len=159 #2 6523d0dce0a32b1f4f5b645127dcfaa3de1f805b6f510bdc1c462b1f805b64510bdcfaa32b1f805b64510bdcfaa32b1f805b64510bdcfaa3b1ad805b64510bdcbcf82b1f805b64511c52faa32b1f805b03580bdcfaa32b1ffd7a64517152faa3fbca805b58510bdc25a32b1fef5b6451c4dcfaa38b59805b5b510bdccea32b1f595b64510bdcfaa32cd672eca2d661e2b05b931f805b64510bdcfaa32b1f80
2026-10-01 18:23:02.328 [OP] 401B inv=FEB3 len=332 #3 e45dad800d64510b17faa32bb907c464530bdcfa972b1f8099d9510bdcfaa32b53ca5b64510bdcfa402b1f805b64510b9bc4a32b1f805b64bc595ab12b21ab805b64510bdcfaa32b1faa5b64d7b252fada2b1f804964510bf453a32b1f805b64820cdcfaa32b1f803f08510bdcfaa32b5b4f5b64510bdcfa16876c842d43510bdcfaa32b1f805b64510bdcfae45dad80c564510b6dfaa32b2dce5b64510bdcfa
2026-10-01 18:23:02.328 [OP] 4202 inv=FFEF len=16 #2 feecdcfab42b1f80b5df510baa5ba32b
2026-10-01 18:23:27.403 [OP] 4110 inv=FFFD len=2 #2 222b
2026-10-01 18:23:27.710 [OP] 4110 inv=FFFD len=2 #3 222b
2026-10-01 18:23:27.865 [OP] 4110 inv=FFFD len=2 #4 222b
2026-10-01 18:23:28.014 [OP] 4110 inv=FFFD len=2 #5 222b
2026-10-01 18:24:41.222 [SYS] 物品栏满
2026-10-01 18:24:42.120 [OP] F005 inv=FFE7 len=24 #1 26b35c3828d7e62b1f805b64510bdcfaa3de4c8091f433b2
2026-10-01 18:24:42.219 [OP] F005 inv=FFE7 len=24 #2 26b35c3828d7e62b1f805b64510bdcfaa3de4c8091f433b2
2026-10-01 18:24:42.219 [OP] F005 inv=FFE7 len=24 #3 26b35c3828d7e62b1f805b64510bdcfaa3de4c8091f433b2
2026-10-01 18:24:59.312 [OP] F005 inv=FFE7 len=24 #4 26b35c3828d7a32b1f805b64510bdcfaa3de1f80508833b2
2026-10-01 18:24:59.406 [OP] F005 inv=FFE7 len=24 #5 26b35c3828d7a32b1f805b64510bdcfaa3de1f80508833b2
2026-10-01 18:25:28.846 [SYS] 物品栏满
2026-10-01 18:25:55.298 [SYS] 物品栏满
2026-10-01 18:26:24.127 [SYS] #ff0000#您已进入野外区域，可能遭遇玩家间的自由对战，请注意安全！#ffffff#
2026-10-01 18:26:24.222 [OP] 4612 inv=FFF7 len=8 #3 ca805b64e38052fa
2026-10-01 18:26:24.224 [OP] 4202 inv=FFEF len=16 #3 d5ecdcfab42b1f80f2df510b3b22a32b
2026-10-01 18:26:24.224 [OP] 40E0 inv=FED1 len=302 #5 408052fa5fde1f805b64510bc5faa32b1f805b64fbd0dcfaa32b1f803464510bdcfaa32b2f035b64fc0bdcfa392b1f804864510b52faa32bad805b64fc0bdcfa392b1f804864510b52faa32bad805b64f30bdcfa4d2b1f80c464510b8ffaa32b8e805b64580bdcfa462b1f800d64510b8ffaa32b1f805b64510bdcfaa32b1f805b64510bdcfaa32b1f805b64430bdcfaa32b1f805b64510bdcfaa32b1f805b64
2026-10-01 18:26:24.224 [OP] 40E3 inv=FFF3 len=12 #5 d70e392bca805b64db0b6ffa
2026-10-01 18:26:24.224 [OP] 40E2 inv=FFF3 len=12 #5 c6ecfc0b6f5a4e7845809564
2026-10-01 18:26:24.224 [OP] 4232 inv=FF60 len=159 #3 6523d0dce0a32b1f4f5b645127dcfaa3de1f805b6f510bdc1c462b1f805b64510bdcfaa32b1f805b64510bdcfaa32b1f805b64510bdcfaa3b1ad805b64510bdcbcf82b1f805b64511c52faa32b1f805b03580bdcfaa32b1ffd7a6451b352faa3fbca805b58510bdc25a32b1fef5b6451c4dcfaa38b59805b5b510bdccea32b1f595b64510bdcfaa32cd672eca2d661e2b05b931f805b64510bdcfaa32b1f80
2026-10-01 18:26:24.224 [OP] 401B inv=FEB3 len=332 #4 e45dad800d64510b17faa32bb907c464530bdcfa972b1f8099d9510bdcfaa32b53ca5b64510bdcfa402b1f805b64510b9bc4a32b1f805b64bc595ab12b21ab805b64510bdcfaa32b1fc75b64d7b252fada2b1f804964510bf453a32b1f805b64820cdcfaa32b1f80306f510bdcfaa32b5b4f5b64510bdcfa16876c842d43510bdcfaa32b1f805b6451b122c1e45dad80c564510b6dfaa32b2dce5b64510bdcfa
2026-10-01 18:26:34.457 [OP] 1014 inv=FFF2 len=13 #1 3767ce5b64510bdcc4672b1f80
2026-10-01 18:26:34.547 [OP] 40F4 inv=FFF2 len=13 #1 6523d0dcfaa32b1faad864510b
2026-10-01 18:26:34.547 [SYS] #00FF00#开启了通天塔二区，下次可以从通天塔门传送到通天塔二区
2026-10-01 18:26:34.547 [OP] 4612 inv=FFF7 len=8 #4 ca805b64e38052fa
2026-10-01 18:26:34.547 [SYS] #ff0000#您已进入野外区域，可能遭遇玩家间的自由对战，请注意安全！#ffffff#
2026-10-01 18:26:34.547 [OP] 4232 inv=FF60 len=159 #4 6523d0dce0a32b1f4f5b645127dcfaa3de1f805b6f510bdc1c462b1f805b64510bdcfaa32b1f805b64510bdcfaa32b1f805b64510bdcfaa3b1ad805b64510bdcbcf82b1f805b64511c52faa32b1f805b03580bdcfaa32b1ffd7a6451b352faa3fbca805b58510bdc25a32b1fef5b6451c4dcfaa38b59805b5b510bdccea32b1f595b64510bdcfaa32cd672eca2d661e2b05b931f805b64510bdcfaa32b1f80
2026-10-01 18:26:34.547 [OP] 401B inv=FEB3 len=332 #5 e45dad800d64510b17faa32bb907c464530bdcfa972b1f8099d9510bdcfaa32b53ca5b64510bdcfa402b1f805b64510b9bc4a32b1f805b64bc595ab12b21ab805b64510bdcfaa32b1f3b5b64d7b252fada2b1f804964510bf453a32b1f805b64820cdcfaa32b1f803f08510bdcfaa32b5b4f5b64510bdcfa16876c842d43510bdcfaa32b1f805b64510bdcfae45dad80c564510b6dfaa32b2dce5b64510bdcfa
2026-10-01 18:26:34.599 [OP] 4202 inv=FFEF len=16 #4 15ecdcfab42b1f80b5df510b35baa32b
2026-10-01 18:27:34.081 [SYS] 物品栏满
2026-10-01 18:28:01.545 [SYS] 物品栏满
2026-10-01 18:28:01.643 [OP] 4235 inv=FFFA len=5 #1 3767ce5b64
2026-10-01 18:28:26.175 [SYS] 物品栏满
2026-10-01 18:28:56.616 [SYS] 物品栏满
2026-10-01 18:29:25.845 [SYS] 物品栏满
2026-10-01 18:29:31.013 [OP] 4018 inv=FFF0 len=15 #1 437a7f51da3e22a3053489c0645175
2026-10-01 18:30:03.875 [SYS] 物品栏满
2026-10-01 18:31:01.357 [SYS] 物品栏满
2026-10-01 18:31:31.587 [SYS] 物品栏满
2026-10-01 18:31:52.240 [SYS] 物品栏满
2026-10-01 18:32:14.558 [SYS] 物品栏满
2026-10-01 18:32:46.999 [SYS] 物品栏满
2026-10-01 18:33:12.826 [SYS] 物品栏满
2026-10-01 18:35:46.229 [SYS] 物品栏满
2026-10-01 18:36:17.572 [PIPE] controller disconnected
2026-10-01 18:36:24.870 [PIPE] controller connected
2026-10-01 18:36:38.780 [SYS] 物品栏满
2026-10-01 18:37:09.025 [SYS] 物品栏满
2026-10-01 18:37:09.114 [OP] 4210 inv=FFF3 len=12 #1 da0bdcfa932b1f80a0ecfc0b
2026-10-01 18:37:09.114 [OP] 40E6 inv=FFF3 len=12 #1 e45dad809a7f510bdcfaa32b
2026-10-01 18:37:09.114 [OP] 4233 inv=FFFA len=5 #1 437a7f510b
2026-10-01 18:37:09.114 [OP] 40F6 inv=FFEF len=16 #1 e45dad809dc6510bdcfaa32b1f805b64
2026-10-01 18:37:09.114 [OP] 4232 inv=FF60 len=159 #5 6523d0dce0a32b1f4f5b645127dcfaa3de1f805b6f510bdc1c462b1f805b64510bdcfaa32b1f805b64510bdcfaa32b1f805b64510bdcfaa3fead805b64510bdcbdf82b1f805b64518752faa32b1f805bc7580bdcfaa32b1f9d7a64516f52faa3feca805b57510bdc25a32b1fef5b6451c4dcfaa3b959805b7c510bdcd3a32b1f585b64510bdcfaa32cd672eca2d661e2b05b931f805b64510bdcfaa32b1f80
2026-10-01 18:37:09.204 [OP] 4210 inv=FFF3 len=12 #2 da0bdcfa932b1f80c6ecfc0b
2026-10-01 18:37:35.776 [SYS] 物品栏满
2026-10-01 18:38:04.356 [OP] 46E0 inv=FDF7 len=520 #1 c6ecfc0b6ffaa32bb907c464580bdcfa803b1f8095640e0b346a572bd62f8823f3ac90c0d4cead8066b2c80bdcfa9d2b98f55c64510bdcfa392b5980bc1dfd0bdcd84bc469805b642525bac4232b1f801c640fd0b029462b8b564864b6b1f4ae0f8ed1809564510bdc08a32b69489c7f830bdcfa76f227790b47c80b6e109d2b2ca50353438bc3fa2d87bbce864cc80b0beb11ce0aec48642f648a2268e5f98b
2026-10-01 18:38:55.036 [QUESTION] {"type":"question","sock":2876,"qno":11,"field_a":81,"stem":"蚊子发出的“嗡嗡”的声音是由于？","options":["1、翅膀振动","2、有鼻音","3、在唱歌","4、放的屁"]}
2026-10-01 18:39:02.645 [SEND-ANSWER] qno=11 opt=0 ret=13 sock=2876
2026-10-01 18:39:02.730 [SYS] 测试通过！
2026-10-01 18:39:02.731 [SYS] 获得了#00FF00#100#FFF692#金币
2026-10-01 18:39:02.731 [CURRENCY] a=201783 b=99402
2026-10-01 18:39:23.862 [SYS] 物品栏已满！
2026-10-01 18:39:50.141 [SYS] 物品栏满
2026-10-01 18:40:17.125 [SYS] 物品栏满
2026-10-01 18:41:11.285 [SYS] 物品栏满
2026-10-01 18:41:11.376 [SYS] 获得了#00FF00#1#FFF692#个#64FF7D#黄玉葫芦
2026-10-01 18:41:11.376 [OP] 4020 inv=FFE7 len=24 #3 408052fa672bca8094cdfc0bcea7a32bca809564c50b8bfa
2026-10-01 18:42:12.521 [SYS] 物品栏满
2026-10-01 18:43:16.646 [PIPE] controller disconnected
2026-10-01 18:43:51.186 [PIPE] controller connected
2026-10-01 18:43:51.186 [PIPE] controller disconnected
2026-10-01 18:43:57.206 [SYS] 物品栏满
2026-10-01 18:44:01.569 [INIT] dll unloaded
2026-10-01 18:44:18.218 [INIT] dll loaded, pid=29336
2026-10-01 18:44:18.218 [INIT] codec loaded OK
2026-10-01 18:44:18.218 [INIT] iat hooks: recv=1 send=1 WSASend=1 connect=1 closesocket=1
2026-10-01 18:44:19.521 [SYS] 物品栏满
2026-10-01 18:44:19.618 [OP] 472A inv=FE76 len=393 #1 44d8de1f2abb64510bdcfaa32b1f805b64510bdc0e002b1f805b645144dcfaa3c29d805b64510bdc47392b1f805b645122dcfaa32b1f805b3cd00bdcfaa32b1fe07564510bdcfaa32b1f805b64510bdcfaa32b1f805b64510bdcfaa32b1f805b64510bdcfaa32b1f805b64510bdcfaa32b1f805b64510bdcfaa32b1f805b64510bdcfaa32b1f805b64510bdc7af82b1fce956451f16ffaa391ca805bd3580bdc
2026-10-01 18:44:19.619 [OP] 42CE inv=FFFB len=4 #1 c87f510b
2026-10-01 18:44:19.619 [OP] 4211 inv=FFF6 len=9 #1 aa5b64511b3e22a34a
2026-10-01 18:44:19.619 [OP] 4211 inv=FFF6 len=9 #2 aa5b645140a722a34a
2026-10-01 18:44:19.619 [OP] 4211 inv=FFF6 len=9 #3 aa5b6451a4a722a34a
2026-10-01 18:44:19.619 [OP] 4211 inv=FFF6 len=9 #4 aa5b6451e3a722a34a
2026-10-01 18:44:19.710 [OP] 47C0 inv=FFE1 len=30 #1 0faac4c88ffd6fc4350cc9bde02831ec6aeb0df1803cadd9587586704c07
2026-10-01 18:44:19.710 [OP] 47C0 inv=FFEA len=21 #2 51cac7e02831ec6aeb0df1803cadd9587586704c07
2026-10-01 18:44:19.710 [OP] 47C0 inv=FFF3 len=12 #3 0253ca3cadd9587586704c07
2026-10-01 18:44:19.710 [OP] 47C0 inv=FFF3 len=12 #4 0253ca6badd9587586704c07
2026-10-01 18:44:19.710 [OP] 47C0 inv=FFF3 len=12 #5 0253ca5f7fd9587506069e68
2026-10-01 18:44:25.175 [OP] EFFE inv=FFFE len=1 #1 0b
2026-10-01 18:44:26.634 [OP] 4100 inv=FFF9 len=6 #1 98aa1e53f2b1
2026-10-01 18:44:26.730 [OP] 4101 inv=FC35 len=970 #1 c6ecfc0bdcfaa32b1f805b64a552155aa32b1f805b64510bdcfaa32b1f805b64510bdcfaa32b1f80d0c6b2b2dcfa7dde1f805b64510b2022a32b1f805b64510bdcfaa32b1f80a0ecfc0b52faa32b1f805b64a552155a572a1f807b81a5528631a32bc8d97b81a552155a4e78c8d9df64510b155a4e78caa024c812922d93a32b1f805b64510bdcfa70fe8a805b64510bdc77612b1f805b64510bdcfaa32b1f80
2026-10-01 18:44:26.820 [OP] 4F52 inv=FFFF len=0 #1 
2026-10-01 18:44:27.373 [OP] 46FE inv=FFFF len=0 #1 
2026-10-01 18:44:27.934 [OP] 4108 inv=FFE3 len=28 #1 c687c464510bdcfa4d531f80d8f8510bce40515d1f805b64510bdcfa
2026-10-01 18:44:28.023 [OP] 4108 inv=FFE3 len=28 #2 c687c464510bdcfa87531f80d8f8510bce40515d1f805b64510bdcfa
2026-10-01 18:44:28.023 [OP] 4108 inv=FFF3 len=12 #3 d70e392b1f805b64510bdcfa
2026-10-01 18:44:28.023 [OP] 4108 inv=FFF3 len=12 #4 d70e392b1f805b64580bdcfa
2026-10-01 18:44:28.024 [OP] 4108 inv=FFF3 len=12 #5 d70e392b1f805b640e0bdcfa
2026-10-01 18:44:28.024 [OP] 4104 inv=FFFB len=4 #1 0a081f80
2026-10-01 18:44:28.024 [OP] 4104 inv=FFFB len=4 #2 0a081faa
2026-10-01 18:44:28.024 [OP] 4104 inv=FFFB len=4 #3 3cae1fc7
2026-10-01 18:44:28.024 [OP] 4104 inv=FFFB len=4 #4 3cae1fce
2026-10-01 18:44:28.024 [OP] 4104 inv=FFFB len=4 #5 3cae1f12
2026-10-01 18:44:29.857 [OP] 4105 inv=FFFE len=1 #1 cd
2026-10-01 18:44:29.952 [OP] 4109 inv=FFDF len=32 #1 c687c464510b6ffaa32b1f805b64510bd0c4a32b62a0ba64510bdcfaa32b8480
2026-10-01 18:44:30.038 [OP] 4105 inv=FFFE len=1 #2 6d
2026-10-01 18:44:30.038 [OP] 4105 inv=FFFE len=1 #3 af
2026-10-01 18:44:30.038 [OP] 4105 inv=FFFE len=1 #4 c0
2026-10-01 18:44:30.038 [OP] 4106 inv=FFFD len=2 #1 a332
2026-10-01 18:44:30.038 [OP] 4111 inv=FFFD len=2 #1 ba64
2026-10-01 18:44:30.368 [OP] 4106 inv=FFFC len=3 #2 e2397d
2026-10-01 18:44:30.370 [OP] 4106 inv=FFFC len=3 #3 e239cb
2026-10-01 18:44:30.370 [OP] 4106 inv=FFFD len=2 #4 f8ed
2026-10-01 18:44:30.453 [OP] 4109 inv=FF7B len=132 #2 c687c464580b6fe8a32b1f805b64510b13f4a32ba58021df0b0b40c43993c780cf26510b10aea32bad77c36451ecdcfaa3531f8062df510b9dfaa32b1f805b64510bdcfa40ce1f80a808510b52e8232b1faa5b648fecdcfaa5de1f805b64510bdcfaa32bc0ef5b6467d5dcfa399362805bdf510b7cc4a32bcf815ed9510bdcfaccd01f80
2026-10-01 18:44:30.547 [OP] 4111 inv=FFFD len=2 #2 5764
2026-10-01 18:44:32.498 [OP] 4109 inv=FDD7 len=552 #3 c687c464580be69fa32b1f805b64510b6ffaa32ba580ea7f0b0b0022fd249b809564510baeaea32b9dd15b6451ecdcfaa32b1f8062df510b06faa32b1f805b64510bdcfaf82b1f80a76f510b8bbaf82b1f805b64510b4453f82b1f80a76f510b8bbadb2b1f805b645152155af82b1f80a76f510b8bba392b1f805b6451dfdcfaf82b1f80a76f510b8bbafd2b1f805b6451563bfaf82b1f80a76f510b8bba232b
2026-10-01 18:44:32.612 [OP] 4111 inv=FFFD len=2 #3 2364
2026-10-01 18:44:33.920 [OP] 4109 inv=FE17 len=488 #4 d70e392bca804053510bdcfaa32b1f809564510b8ffa8fde3480ea7fb2754ffaf82b1f80a76f510b8b02a32b1fc75b645108dcfa4b531f80ee64510bdcfaa32b1f805b645decdcfad92b1f805b64510bdcfaa32bca805b645fc4dcfafdcbca805bdf510bdcfaa32bb6aa5b64da0bdcfaa32b1f805b64510b6ffaa32bb7ef5b64b2af90faa3531f805b64510b25c4a32bb8805b64510bdcfaa32b1f809564510b
2026-10-01 18:44:34.017 [OP] 4111 inv=FFFD len=2 #4 a164
2026-10-01 18:44:34.017 [OP] 4112 inv=FFFD len=2 #1 6ac4
2026-10-01 18:44:35.179 [OP] EFFE inv=FFFE len=1 #2 0b
2026-10-01 18:44:35.742 [OP] 4109 inv=FFB7 len=72 #5 c687c464517f6fc4a3c41f805b64510b07faa32b59e75b6487b1dcfa40ce1f80a1f80e0b07faa32b39125b640e7f4ffaa32b1f805b64510b8222a32b39125b64080b4ffaa32b1f80
2026-10-01 18:44:35.825 [OP] 4105 inv=FFFE len=1 #5 7f
2026-10-01 18:44:35.825 [OP] 4106 inv=FFFD len=2 #5 a393
2026-10-01 18:44:35.825 [OP] 4111 inv=FFFD len=2 #5 9464
2026-10-01 18:44:36.888 [OP] 4F52 inv=FFFF len=0 #2 
2026-10-01 18:44:41.029 [OP] 4112 inv=FFFD len=2 #2 6fc4
2026-10-01 18:44:41.030 [OP] 4112 inv=FFFD len=2 #3 90c4
2026-10-01 18:44:41.030 [OP] 4112 inv=FFFD len=2 #4 52c4
2026-10-01 18:44:41.030 [OP] 4112 inv=FFFD len=2 #5 8bc4
2026-10-01 18:44:46.948 [OP] 4F52 inv=FFFF len=0 #3 
2026-10-01 18:44:48.237 [OP] 472A inv=FE76 len=393 #2 44d8de1f9ebb64510bdcfaa32b1f805b64510bdc49002b1f805b645144dcfaa30734805b64510bdc47392b1f805b645122dcfaa32b1f805b3cd00bdcfaa32b1fe07564510bdcfaa32b1f805b64510bdcfaa32b1f805b64510bdcfaa32b1f805b64510bdcfaa32b1f805b64510bdcfaa32b1f805b64510bdcfaa32b1f805b64510bdcfaa32b1f805b64510bdc7af82b1f1b956451fa6ffaa3731f805b5c510bdc
2026-10-01 18:44:48.328 [OP] 42CE inv=FFFB len=4 #2 c87f510b
2026-10-01 18:44:48.328 [OP] 4211 inv=FFF6 len=9 #5 aa5b64511b3e22a34a
2026-10-01 18:44:55.208 [OP] EFFE inv=FFFE len=1 #3 0b
2026-10-01 18:44:55.345 [OP] 4100 inv=FFF9 len=6 #2 98aa18537aec
2026-10-01 18:44:55.443 [OP] 4101 inv=FC35 len=970 #2 c6ecfc0bdcfaa32b1f805b64a552155aa32b1f805b64510bdcfaa32b1f805b64510bdcfaa32b1f80d0c6b2b2dcfa7dde1f805b64510b2022a32b1f805b64510bdcfaa32b1f80a0ecfc0b52faa32b1f805b64a552155a572a1f807b81a5528631a32bc8d97b81a552155a4e78c8d9df64510b155a4e78caa024c812922d93a32b1f805b64510bdcfaa3fe8a805b64510bdc77612b1f805b64510bdcfaa32b1f80
2026-10-01 18:44:55.544 [OP] 4F52 inv=FFFF len=0 #4 
2026-10-01 18:44:57.631 [OP] 46FE inv=FFFF len=0 #2 
2026-10-01 18:45:05.593 [OP] 4F52 inv=FFFF len=0 #5 
2026-10-01 18:45:06.220 [OP] EFFE inv=FFFE len=1 #4 0b
2026-10-01 18:45:08.779 [OP] 4110 inv=FFFD len=2 #1 722b
2026-10-01 18:45:16.048 [SYS] 物品栏满
2026-10-01 18:45:16.048 [OP] 472A inv=FE76 len=393 #3 44d8de1f26df64510bdcfaa32b1f805b64510bdce52d2b1f805b645144dcfaa30734805b64510bdc47392b1f805b645122dcfaa32b1f805b3cd00bdcfaa32b1fe07564510bdcfaa32b1f805b64510bdcfaa32b1f805b64510bdcfaa32b1f805b64510bdcfaa32b1f805b64510bdcfaa32b1f805b64510bdcfaa32b1f805b64510bdcfaa32b1f805b64510bdcb5a32b1fc3956451f16ffaa3ccca805bd3580bdc
2026-10-01 18:45:16.048 [OP] 42CE inv=FFFB len=4 #3 c87f510b
2026-10-01 18:45:21.246 [OP] 4100 inv=FFF9 len=6 #3 98aabf2609ec
2026-10-01 18:45:21.339 [OP] 4101 inv=FBFD len=1026 #3 408052faa32b1f805b64510b155a4e781f805b64510bdcfaa32b1f805b64510bdcfaa32b1f805b648e5f8b53a32b5ece5b64510bdcfa7dde1f805b64510bdcfaa32b1f805b64e38052fa392b1f805b64510b155a4e78ec5d5b64a552155a6ff51f807b81a552155a4e78c8d97b81da0bdcfa4e78c8d995a976e374b34fc51f805b64510bdcfaa32b1f83c064510bdcfaa3fe8a805b64510bdcfaa32b1f805b64
2026-10-01 18:45:25.246 [OP] EFFE inv=FFFE len=1 #5 0b
2026-10-01 18:45:27.839 [OP] 46FE inv=FFFF len=0 #3 
2026-10-01 18:45:41.476 [OP] 4110 inv=FFFD len=2 #2 722b
2026-10-01 18:45:48.912 [SYS] 物品栏满
2026-10-01 18:45:49.000 [OP] 472A inv=FE76 len=393 #4 44d8de1fa03164510bdcfaa32b1f805b64510bdcc2982b1f805b645144dcfaa32ba5805b64510bdc47392b1f805b645122dcfaa32b1f805b3cd00bdcfaa32b1fe07564510bdcfaa32b1f805b64510bdcfaa32b1f805b64510bdcfaa32b1f805b64510bdcfaa32b1f805b64510bdcfaa32b1f805b64510bdcfaa32b1f805b64510bdcfaa32b1f805b64510bdcb5a32b1f2c5b645153dcfaa3731f805bc7580bdc
2026-10-01 18:45:49.000 [OP] 42CE inv=FFFB len=4 #4 c87f510b
2026-10-01 18:45:58.170 [OP] 42CE inv=FFFB len=4 #5 bc7f510b
2026-10-01 18:45:58.269 [OP] 46FE inv=FFFF len=0 #4 
2026-10-01 18:46:28.599 [OP] 46FE inv=FFFF len=0 #5 
2026-10-01 18:49:12.714 [PIPE] controller connected
2026-10-01 18:49:22.056 [PIPE] controller disconnected
2026-10-01 18:51:34.212 [OP] F005 inv=FFE7 len=24 #1 26b35c3828d7972b1f805b64510bdcfaa3ce1f80897ea30c
2026-10-01 18:51:42.273 [OP] F005 inv=FFE7 len=24 #2 26b35c3828d7e62b1f805b64510bdcfaa3ce1f8091f433b2
2026-10-01 18:51:42.373 [OP] F005 inv=FFE7 len=24 #3 26b35c3828d7e62b1f805b64510bdcfaa3ce1f8091f433b2
2026-10-01 18:51:42.373 [OP] F005 inv=FFE7 len=24 #4 26b35c3828d7e62b1f805b64510bdcfaa3ce1f8091f433b2
2026-10-01 18:52:05.229 [OP] F005 inv=FFE7 len=24 #5 24c812922d0ba32b1f805b64510bdcfaa3cecb12ddee63d0
2026-10-01 18:53:16.134 [OP] 4018 inv=FFF0 len=15 #1 437a7f51da3e22a3f0347395645175
2026-10-01 18:53:22.016 [OP] 4100 inv=FFF9 len=6 #4 98aa1e53fc7f
2026-10-01 18:53:22.249 [OP] 4101 inv=FC35 len=970 #4 c6ecfc0bdcfaa32b1f805b64a552155aa32b1f805b64510bdcfaa32b1f805b64510bdcfaa32b1f80d0c6b2b2dcfa7dde1f805b64510b2022a32b1f805b64510bdcfaa32b1f80a0ecfc0b52faa32b1f805b64a552155a572a1f807b81a5528631a32bc8d97b81a552155a4e78c8d9df64510b155a4e78caa024c812922d93a32b1f805b64510bdcfaf8fe8a805b64510bdc77612b1f805b64510bdcfaa32b1f80
2026-10-01 18:53:37.865 [OP] 4110 inv=FFFD len=2 #3 722b
2026-10-01 18:53:44.849 [SYS] 物品栏满
2026-10-01 18:53:44.946 [OP] 472A inv=FE76 len=393 #5 44d8de1fa41164510bdcfaa32b1f805b64510bdcb82d2b1f805b645144dcfaa34c34805b64510bdc47392b1f805b645122dcfaa32b1f805b3cd00bdcfaa32b1fe07564510bdcfaa32b1f805b64510bdcfaa32b1f805b64510bdcfaa32b1f805b64510bdcfaa32b1f805b64510bdcfaa32b1f805b64510bdcfaa32b1f805b64510bdcfaa32b1f805b64510bdcbdf82b1f1b956451fa6ffaa391ca805b5c510bdc
2026-10-01 18:53:48.945 [OP] 4100 inv=FFF9 len=6 #5 98aa8f5304d0
2026-10-01 18:53:49.101 [OP] 4101 inv=FC6D len=914 #5 e45dad805b64510bdcfaa32bc8d97b81510bdcfaa32b1f805b64510bdcfaa32b1f805b64510bdcfa22069d4e5b6428d0dcfaa32b1f805d7f510bdcfaa32b1f805b64510bdcfa8a5dad80c464510bdcfaa32bc8d97b81e690dcfa4e78c8d9c831510b155a4e78c8d97b81a552155ac42b1f807b81a5526f3079b352ad6fe0510bdcfaa32b1f805b645d8766faa32b1f805bf33b0bdcfaa32b1f805b64510bdcfa
2026-10-01 18:54:02.495 [OP] 4110 inv=FFFD len=2 #4 722b
2026-10-01 18:54:09.175 [SYS] 物品栏满
2026-10-01 18:54:38.819 [SYS] 物品栏满
2026-10-01 18:54:55.189 [PIPE] controller connected
2026-10-01 18:54:55.189 [PIPE] controller disconnected
2026-10-01 18:54:59.749 [INIT] dll unloaded
2026-10-01 18:55:16.565 [INIT] dll loaded, pid=29336
2026-10-01 18:55:16.565 [INIT] codec loaded OK
2026-10-01 18:55:16.565 [INIT] iat hooks: recv=1 send=1 WSASend=1 connect=1 closesocket=1
2026-10-01 18:55:16.814 [OP] 4109 inv=FCF3 len=780 #1 408052faf82b62455b64510bdcfaa32bca805b64fd0b0022462bf7ce1c53410b6ffaa32bb7ef5b64b2afdcfaa3931f805b64510bafc4a32baf805b64510bdcfaa32b1f80d1df510b31faa32b1f805b64510bdcfaf82b1f80a76f510b8b02f82b1faa5b645152155a71531f80df64510bdcfaa32b1f805b64580bdcfab6ce1f801c7a0e0bdcc4a32b1f2bba645decdcfa872b1f805b64510bdcfaa32bca805b64
2026-10-01 18:55:16.899 [OP] 4111 inv=FFFD len=2 #1 a164
2026-10-01 18:55:16.899 [OP] 4104 inv=FFFA len=5 #1 72c4f00180
2026-10-01 18:55:16.899 [OP] 4104 inv=FFFA len=5 #2 72c4f001aa
2026-10-01 18:55:16.899 [OP] 4104 inv=FFFA len=5 #3 7727f001c7
2026-10-01 18:55:16.899 [OP] 4104 inv=FFFA len=5 #4 e627f001ce
2026-10-01 18:55:16.900 [OP] 4104 inv=FFFA len=5 #5 72c4f00112
2026-10-01 18:55:18.204 [OP] 4109 inv=FD83 len=636 #2 d70e392bca80c337516ddcfaa32b1f809564510be6fa8fdea580ea7fb2753bfaf82b1f80a76f510b8bbaa32b1faa5b64510bdcfa4b531f809964510bdcfaa32b1f805b64580bdcfab6ce1f801c32580bdcfaa32b1faa5b64580bdcfab6ce1f801c320e0bdcfaa32b1f075b64580bdcfab6ce1f801c32fc0bdcfaa32b1f805b64580bdcfab6ce1f801c32b20bdcfaa32b1faa5b64580bdcfab6ce1f801c320b0b
2026-10-01 18:55:18.304 [OP] 4111 inv=FFFD len=2 #2 2364
2026-10-01 18:55:18.304 [OP] 4112 inv=FFFD len=2 #1 6ac4
2026-10-01 18:55:19.873 [OP] 4105 inv=FFFE len=1 #1 7f
2026-10-01 18:55:19.874 [OP] 4106 inv=FFFC len=3 #1 573193
2026-10-01 18:55:19.965 [OP] 4109 inv=FF93 len=108 #3 408052faf893caaa5b64510bdcfaa32bca805b64580befe8f82b72c71c64fc0b6ffaa32b12805b64fcafdcfac6d91f80dc53510b4f22db2b12805b646ed5dcfafddee7805bdf510bdcfaa32b92aa5b64150bdcfaa32b1f805b64510baeaea32ba94f5b64080b4ffaa32b1f80
2026-10-01 18:55:20.057 [OP] 4105 inv=FFFE len=1 #2 d0
2026-10-01 18:55:20.057 [OP] 4106 inv=FFFD len=2 #2 f8de
2026-10-01 18:55:20.057 [OP] 4105 inv=FFFE len=1 #3 d5
2026-10-01 18:55:20.057 [OP] 4106 inv=FFFD len=2 #3 f8d9
2026-10-01 18:55:20.057 [OP] 4111 inv=FFFD len=2 #3 c464
2026-10-01 18:55:21.038 [OUT] 1F51 inv=FFFF len=4 #1 ffff511f
2026-10-01 18:55:21.083 [OP] 4F52 inv=FFFF len=0 #1 
2026-10-01 18:55:21.721 [OP] 4109 inv=FF83 len=124 #4 e45dad8095f858ecdcf4a32b1f805b64580bdcfaf82b72c79564b47f8bfa202bca805b640d0bdcfa20cb1f80fe08510bfa5ba32be74f94640d0bdcfac6d91f801c08410bdce8a32b1f805b6477ecdcfa0d2b1f805b64510bdcfaa32b23aa5b6498b654e8a32b1f80a81a510baeaea32ba94f5b64080b4ffaa32b1f80
2026-10-01 18:55:21.808 [OP] 4111 inv=FFFD len=2 #4 4064
2026-10-01 18:55:23.697 [OP] 4105 inv=FFFE len=1 #4 fd
2026-10-01 18:55:23.698 [OP] 4105 inv=FFFE len=1 #5 0c
2026-10-01 18:55:23.807 [OP] 4109 inv=FD57 len=680 #5 c6ecfc0b6ffa20321f805b64510bdcfaf82b1f806e6401c402facccead802764580bdcfae13b1f80c4d9510bdcc4a32b1f805b6477ecdcfae02b1f805b64510bdcfaa32bca805b64dfb2dcfa397cca805b64510bdcfaa32bca805b64dfb2dcfa397c59805bdf510bdcc4a32b23aa5b6401ba710ea32b1f801e9f510b6ffaa32bf4075b64fcfd52faa3531f805b26510b7cc4a32b6ffcf4ec510bdcfaed6b1f80
2026-10-01 18:55:23.897 [OP] 4106 inv=FFFD len=2 #4 a37c
2026-10-01 18:55:23.898 [OP] 4111 inv=FFFD len=2 #5 2764
2026-10-01 18:55:23.898 [OP] 4112 inv=FFFD len=2 #2 dcc4
2026-10-01 18:55:23.898 [OP] 4112 inv=FFFD len=2 #3 6fc4
2026-10-01 18:55:23.898 [OP] 4112 inv=FFFD len=2 #4 52c4
2026-10-01 18:55:23.898 [OP] 4106 inv=FFFD len=2 #5 a3c4
2026-10-01 18:55:23.928 [OUT] 1004 inv=FFF3 len=4 #1 f3ff0410
2026-10-01 18:55:23.993 [OP] 4110 inv=FFFD len=2 #1 722b
2026-10-01 18:55:24.376 [PIPE] controller connected
2026-10-01 18:55:25.068 [OP] EFFE inv=FFFE len=1 #1 0b
2026-10-01 18:55:26.739 [OP] 4112 inv=FFFD len=2 #5 90c4
2026-10-01 18:55:31.125 [OUT] 1F51 inv=FFFF len=4 #2 ffff511f
2026-10-01 18:55:31.147 [OP] 472A inv=FE76 len=393 #1 44d8de1f07c764510bdcfaa32b1f805b64510bdcc2472b1f805b645144dcfaa32d34805b64510bdc47392b1f805b645122dcfaa32b1f805b3cd00bdcfaa32b1fe07564510bdcfaa32b1f805b64510bdcfaa32b1f805b64510bdcfaa32b1f805b64510bdcfaa32b1f805b64510bdcfaa32b1f805b64510bdcfaa32b1f805b64510bdcfaa32b1f805b64510bdc7af82b1f1b956451fa6ffaa3deca805bd3580bdc
2026-10-01 18:55:31.249 [OP] 4F52 inv=FFFF len=0 #2 
2026-10-01 18:55:31.249 [OP] 42CE inv=FFFB len=4 #1 c87f510b
2026-10-01 18:55:31.249 [OP] 4211 inv=FFF6 len=9 #1 aa5b64511b3e22a34a
2026-10-01 18:55:31.249 [OP] 4211 inv=FFF6 len=9 #2 aa5b645140a722a34a
2026-10-01 18:55:31.250 [OP] 4211 inv=FFF6 len=9 #3 aa5b6451a4a722a34a
2026-10-01 18:55:31.250 [OP] 4211 inv=FFF6 len=9 #4 aa5b6451e3a722a34a
2026-10-01 18:55:31.336 [OP] 47C0 inv=FFCF len=48 #1 7cdffde3059ff8ce828cb877d77cc6c4232d3c168240c0fd6f5b1cbb6002b2da31ec6a6db498255f7fd9587538533d67
2026-10-01 18:55:31.336 [OP] 47C0 inv=FFD8 len=39 #2 b39526d77cc6c4232d3c168240c0fd6f5b1cbb6002b2da31ec6a6db498255f7fd9587538533d67
2026-10-01 18:55:31.336 [OP] 47C0 inv=FFE1 len=30 #3 0faac440c0fd6f5b1cbb6002b2da31ec6a6db498255f7fd9587538533d67
2026-10-01 18:55:31.336 [OP] 47C0 inv=FFEA len=21 #4 51cac7b2da31ec6a6db498255f7fd9587538533d67
2026-10-01 18:55:31.336 [OP] 47C0 inv=FFF3 len=12 #5 0253ca5f7fd9587538533d67
2026-10-01 18:55:33.220 [OP] 46FE inv=FFFF len=0 #1 
2026-10-01 18:55:33.770 [PIPE] controller disconnected
2026-10-01 18:55:35.079 [OP] EFFE inv=FFFE len=1 #2 0b
2026-10-01 18:55:35.244 [OP] 4100 inv=FFF9 len=6 #1 98aac726ed08
2026-10-01 18:55:35.328 [OP] 4101 inv=FBC5 len=1082 #1 e45dad805b64510bdcfaa32bc8d97b81510bdcfaa32b1f805b64510bdcfaa32b1f805b64510bdcfa22069dca5b6428d0dcfaa32b1f805d7f510bdcfaa32b1f805b64510bdcfa8a5dad80c464510bdcfaa32bc8d97b81e690dcfa4e78c8d9c831510b155a4e78c8d97b81a552155ac42b1f807b81a5526f3079b352ad6fe0510bdcfaa32b1f805b64588766faa32b1f805bf33b0bdcfaa32b1f805b64510bdcfa
2026-10-01 18:55:35.400 [OUT] 1F51 inv=FFFF len=4 #3 ffff511f
2026-10-01 18:55:35.448 [OP] 4F52 inv=FFFF len=0 #3 
2026-10-01 18:55:36.308 [OUT] 1001 inv=FFF9 len=4 #1 f9ff0110
2026-10-01 18:55:36.589 [OP] 4108 inv=FFE3 len=28 #1 c687c464510bdcfa4d531f80d8f8510bce40515d1f805b64510bdcfa
2026-10-01 18:55:36.673 [OP] 4108 inv=FFE3 len=28 #2 c687c464510bdcfa87531f80d8f8510bce40515d1f805b64510bdcfa
2026-10-01 18:55:36.673 [OP] 4108 inv=FFF3 len=12 #3 d70e392b1f805b64510bdcfa
2026-10-01 18:55:36.673 [OP] 4108 inv=FFF3 len=12 #4 d70e392b1f805b64580bdcfa
2026-10-01 18:55:36.673 [OP] 4108 inv=FFF3 len=12 #5 d70e392b1f805b640e0bdcfa
2026-10-01 18:55:45.459 [OUT] 1F51 inv=FFFF len=4 #4 ffff511f
2026-10-01 18:55:45.504 [OP] 4F52 inv=FFFF len=0 #4 
2026-10-01 18:55:55.522 [OUT] 1F51 inv=FFFF len=4 #5 ffff511f
2026-10-01 18:55:55.565 [OP] 4F52 inv=FFFF len=0 #5 
2026-10-01 18:55:56.104 [OP] EFFE inv=FFFE len=1 #3 0b
2026-10-01 18:55:56.417 [OUT] 1004 inv=FFF3 len=4 #2 f3ff0410
2026-10-01 18:55:56.635 [OP] 4110 inv=FFFD len=2 #2 722b
2026-10-01 18:56:03.522 [OP] 46FE inv=FFFF len=0 #2 
2026-10-01 18:56:03.697 [SYS] 物品栏满
2026-10-01 18:56:03.794 [OP] 472A inv=FE76 len=393 #2 44d8de1f9b4964510bdcfaa32b1f805b64510bdccf902b1f805b645144dcfaa35aa5805b64510bdc47392b1f805b645122dcfaa32b1f805b3cd00bdcfaa32b1fe07564510bdcfaa32b1f805b64510bdcfaa32b1f805b64510bdcfaa32b1f805b64510bdcfaa32b1f805b64510bdcfaa32b1f805b64510bdcfaa32b1f805b64510bdcfaa32b1f805b64510bdc22f82b1fc3956451d06ffaa3deca805bc7580bdc
2026-10-01 18:56:03.794 [OP] 42CE inv=FFFB len=4 #2 c87f510b
2026-10-01 18:56:03.795 [OP] 4211 inv=FFF6 len=9 #5 aa5b64511b3e22a34a
2026-10-01 18:56:06.119 [OP] EFFE inv=FFFE len=1 #4 0b
2026-10-01 18:56:06.791 [OP] 4100 inv=FFF9 len=6 #2 98aa846f7a75
2026-10-01 18:56:07.037 [OP] 4101 inv=FBFD len=1026 #2 408052faa32b1f805b64510b155a4e781f805b64510bdcfaa32b1f805b64510bdcfaa32b1f805b648e5f8b53a32b5ece5b64510bdcfa7dde1f805b64510bdcfaa32b1f805b64e38052fa392b1f805b64510b155a4e78ec5d5b64a552155a6ff51f807b81a552155a4e78c8d97b81da0bdcfa4e78c8d995a976e374b34fc51f805b64510bdcfaa32b1f83c064510bdcfaa3fe8a805b64510bdcfaa32b1f805b64
2026-10-01 18:56:07.845 [OUT] 1001 inv=FFF9 len=4 #2 f9ff0110
2026-10-01 18:56:17.641 [OP] F005 inv=FFE7 len=24 #1 26b35c3828d7972b1f805b64510bdcfaa3de1f80897ea30c
2026-10-01 18:56:17.737 [OP] F005 inv=FFE7 len=24 #2 26b35c3828d7e62b1f805b64510bdcfaa3de1f8091f433b2
2026-10-01 18:56:17.737 [OP] F005 inv=FFE7 len=24 #3 26b35c3828d7e62b1f805b64510bdcfaa3de1f8091f433b2
2026-10-01 18:56:17.737 [OP] F005 inv=FFE7 len=24 #4 26b35c3828d7e62b1f805b64510bdcfaa3de1f8091f433b2
2026-10-01 18:56:28.148 [OP] EFFE inv=FFFE len=1 #5 0b
2026-10-01 18:56:28.768 [OP] 472A inv=FE76 len=393 #3 44d8de1fb0c764510bdcfaa32b1f805b64510bdc59472b1f805b645144dcfaa35134805b64510bdc47392b1f805b645122dcfaa32b1f805b3cd00bdcfaa32b1fe07564510bdcfaa32b1f805b64510bdcfaa32b1f805b64510bdcfaa32b1f805b64510bdcfaa32b1f805b64510bdcfaa32b1f805b64510bdcfaa32b1f805b64510bdcfaa32b1f805b64510bdcbdf82b1fce956451f16ffaa3deca805b7f580bdc
2026-10-01 18:56:28.863 [OP] 42CE inv=FFFB len=4 #3 c87f510b
2026-10-01 18:56:31.888 [OP] 4100 inv=FFF9 len=6 #3 98aaef531dd5
2026-10-01 18:56:32.006 [OP] 4101 inv=FC35 len=970 #3 c6ecfc0bdcfaa32b1f805b64a552155aa32b1f805b64510bdcfaa32b1f805b64510bdcfaa32b1f80d0c6b2b2dcfa7dde1f805b64510b2022a32b1f805b64510bdcfaa32b1f80a0ecfc0b52faa32b1f805b64a552155a572a1f807b81a5528631a32bc8d97b81a552155a4e78c8d9df64510b155a4e78caa024c812922d93a32b1f805b64510bdcfa71fe8a805b64510bdc77612b1f805b64510bdcfaa32b1f80
2026-10-01 18:56:32.972 [OUT] 1001 inv=FFF9 len=4 #3 f9ff0110
2026-10-01 18:56:33.837 [OP] 46FE inv=FFFF len=0 #3 
2026-10-01 18:56:46.582 [OUT] 1004 inv=FFF3 len=4 #3 f3ff0410
2026-10-01 18:56:46.702 [OP] 4110 inv=FFFD len=2 #3 722b
2026-10-01 18:56:53.905 [SYS] 物品栏满
2026-10-01 18:56:53.997 [OP] 472A inv=FE76 len=393 #4 44d8de1fe5c164510bdcfaa32b1f805b64510bdc6d0d2b1f805b645144dcfaa3619d805b64510bdc47392b1f805b645122dcfaa32b1f805b3cd00bdcfaa32b1fe07564510bdcfaa32b1f805b64510bdcfaa32b1f805b64510bdcfaa32b1f805b64510bdcfaa32b1f805b64510bdcfaa32b1f805b64510bdcfaa32b1f805b64510bdcfaa32b1f805b64510bdc7af82b1fc3956451d06ffaa3deca805bd3580bdc
2026-10-01 18:56:53.997 [OP] 42CE inv=FFFB len=4 #4 c87f510b
2026-10-01 18:56:58.002 [OP] 4100 inv=FFF9 len=6 #4 98aa715335b1
2026-10-01 18:56:58.091 [OP] 4101 inv=FC35 len=970 #4 c6ecfc0bdcfaa32b1f805b64a552155aa32b1f805b64510bdcfaa32b1f805b64510bdcfaa32b1f80d0c6b2b2dcfa7dde1f805b64510b2022a32b1f805b64510bdcfaa32b1f80a0ecfc0b52faa32b1f805b64a552155a572a1f807b81a5528631a32bc8d97b81a552155a4e78c8d9df64510b155a4e78caa024c812922d93a32b1f805b64510bdcfa7cfe8a805b64510bdc77612b1f805b64510bdcfaa32b1f80
2026-10-01 18:56:59.072 [OUT] 1001 inv=FFF9 len=4 #4 f9ff0110
2026-10-01 18:57:04.123 [OP] 46FE inv=FFFF len=0 #4 
2026-10-01 18:57:13.954 [OUT] 1004 inv=FFF3 len=4 #4 f3ff0410
2026-10-01 18:57:14.085 [OP] 4110 inv=FFFD len=2 #4 722b
2026-10-01 18:57:23.505 [OP] 472A inv=FE76 len=393 #5 44d8de1f6fc764510bdcfaa32b1f805b64510bdce5472b1f805b645144dcfaa30734805b64510bdc47392b1f805b645122dcfaa32b1f805b3cd00bdcfaa32b1fe07564510bdcfaa32b1f805b64510bdcfaa32b1f805b64510bdcfaa32b1f805b64510bdcfaa32b1f805b64510bdcfaa32b1f805b64510bdcfaa32b1f805b64510bdcfaa32b1f805b64510bdcbdf82b1f1b956451fa6ffaa391ca805bc7580bdc
2026-10-01 18:57:23.699 [OP] 42CE inv=FFFB len=4 #5 c87f510b
2026-10-01 18:57:29.612 [OP] 4100 inv=FFF9 len=6 #5 98aa57dddc7f
2026-10-01 18:57:29.700 [OP] 4101 inv=FC6D len=914 #5 e45dad805b64510bdcfaa32bc8d97b81510bdcfaa32b1f805b64510bdcfaa32b1f805b64510bdcfa22069d4e5b6428d0dcfaa32b1f805d7f510bdcfaa32b1f805b64510bdcfa8a5dad80c464510bdcfaa32bc8d97b81e690dcfa4e78c8d9c831510b155a4e78c8d97b81a552155ac42b1f807b81a5526f3079b352ad6fe0510bdcfaa32b1f805b64578766faa32b1f805bf33b0bdcfaa32b1f805b64510bdcfa
2026-10-01 18:57:30.654 [OUT] 1001 inv=FFF9 len=4 #5 f9ff0110
2026-10-01 18:57:34.248 [OP] 46FE inv=FFFF len=0 #5 
2026-10-01 18:57:50.084 [SYS] 物品栏满
2026-10-01 18:58:16.440 [SYS] 物品栏满
2026-10-01 18:59:07.063 [OUT] 1004 inv=FFF3 len=4 #5 f3ff0410
2026-10-01 18:59:07.160 [OP] 4110 inv=FFFD len=2 #5 7293
2026-10-01 18:59:11.632 [SYS] 物品栏满
2026-10-01 18:59:47.114 [SYS] 物品栏满
2026-10-01 18:59:52.220 [OP] 4613 inv=FFBE len=65 #1 c40a1c10aa4064291790104223f31c75df84cf6fb4a06df1c7550758ec6fc4a32bcaaa956499c06e530253ab809464510b6afaf82b1f7926b35c3828d7e62b1f80
2026-10-01 19:00:15.913 [SYS] 物品栏满
2026-10-01 19:00:44.185 [SYS] 物品栏满
2026-10-01 19:01:02.741 [SYS] 物品栏满
2026-10-01 19:01:35.242 [OP] F005 inv=FFE7 len=24 #5 26b35c3828d7a32b1f805b64510bdcfaa3ce1f80508833b2
2026-10-01 19:02:00.644 [SYS] 物品栏满
2026-10-01 19:02:26.678 [SYS] 物品栏满
2026-10-01 19:03:47.902 [SYS] 物品栏满
2026-10-01 19:04:45.022 [SYS] 物品栏满
2026-10-01 19:05:06.885 [SYS] 物品栏满
2026-10-01 19:05:27.293 [OUT] 1F04 inv=FFF6 len=4 #1 f6ff041f
2026-10-01 19:05:32.949 [SYS] 物品栏满
2026-10-01 19:06:00.699 [SYS] 物品栏满
2026-10-01 19:06:25.435 [SYS] 物品栏满
2026-10-01 19:06:58.031 [OP] 4235 inv=FFFA len=5 #1 3767ce5b64
2026-10-01 19:07:20.298 [SYS] 物品栏满
2026-10-01 19:07:48.423 [SYS] 物品栏满
2026-10-01 19:08:18.141 [SYS] 物品栏满
2026-10-01 19:08:18.648 [PIPE] controller connected
2026-10-01 19:08:43.112 [PIPE] controller disconnected
2026-10-01 19:08:49.784 [SYS] 物品栏满
2026-10-01 19:08:49.876 [OP] 4210 inv=FFF3 len=12 #1 f00bdcfafa2b1f80a0ecfc0b
2026-10-01 19:09:16.417 [SYS] 物品栏满
2026-10-01 19:09:16.417 [OP] 40E6 inv=FFF3 len=12 #1 e45dad803d11510bdcfaa32b
2026-10-01 19:09:16.418 [OP] 40E0 inv=FED1 len=302 #1 408052fad9de1f805b64510be0faa32b1f805b6408d0dcfaa32b1f807e64510bdcfaa32b2f035b64fc0bdcfa392b1f804864510b52faa32bad805b64fc0bdcfa392b1f804864510b52faa32bad805b64df0bdcfa4d2b1f80c464510b8ffaa32b53805b64580bdcfa462b1f800d64510b8ffaa32b1f805b64510bdcfaa32b1f805b64510bdcfaa32b1f805b64430bdcfaa32b1f805b64510bdcfaa32b1f805b64
2026-10-01 19:09:16.418 [OP] 40E3 inv=FFF3 len=12 #1 d70e392bcae65b64db0b6ffa
2026-10-01 19:09:16.418 [OP] 40E2 inv=FFF3 len=12 #1 c6ecfc0b6ffacb2b45809564
2026-10-01 19:09:16.418 [OP] 4233 inv=FFFA len=5 #1 437a7f510b
2026-10-01 19:09:16.418 [OP] 40F6 inv=FFEF len=16 #1 e45dad80b06f510bdcfaa32b1f7aeae9
2026-10-01 19:09:16.418 [OP] 4232 inv=FF60 len=159 #1 6523d0dce0a32b1f4f5b645127dcfaa3de1f805b6f510bdc1c462b1f805b64510bdcfaa32b1f805b64510bdcfaa32b1f805b64510bdcfaa39aad805b64510bdccbf82b1f805b64514852faa32b1f805b5b580bdcfaa32b1fde7a64516f52faa359ca805ba0510bdc25a32b1fef5b6451c4dcfaa36959805bc2510bdc85a32b1fc45b64510bdcfaa32cd672eca2d661e2b05b931f805b64510bdcfaa32b1f80
2026-10-01 19:09:16.419 [OP] 4210 inv=FFF3 len=12 #2 f00bdcfafa2b1f80c6ecfc0b
2026-10-01 19:09:16.465 [OUT] 0185 inv=FFF7 len=4 #1 f7ff8501
2026-10-01 19:09:29.934 [PIPE] controller connected
2026-10-01 19:09:49.004 [SYS] 物品栏满
2026-10-01 19:10:44.875 [SYS] 物品栏满
2026-10-01 19:10:49.670 [PIPE] controller disconnected
2026-10-01 19:10:55.479 [PIPE] controller connected
2026-10-01 19:10:55.479 [PIPE] controller disconnected
2026-10-01 19:11:00.840 [INIT] dll unloaded
2026-10-01 19:11:21.585 [INIT] dll loaded, pid=29336
2026-10-01 19:11:21.585 [INIT] codec loaded OK
2026-10-01 19:11:21.585 [INIT] iat hooks: recv=1 send=1 WSASend=1 connect=1 closesocket=1
2026-10-01 19:11:22.827 [OP] 4104 inv=FFFB len=4 #1 6268e877
2026-10-01 19:11:23.065 [OP] 4109 inv=FDD7 len=552 #1 c687c464580be69fa32b1f805b64510b6ffaa32ba580ea7f0b0b0022fd249b809564510baeaea32b9dd15b6451ecdcfaa32b1f8062df510b06faa32b1f805b64510bdcfaf82b1f80a76f510b8bbaf82b1f805b6451ecdcfaf82b1f80a76f510b8bbadb2b1f805b6451b2dcfaf82b1f80a76f510b8bba392b1f805b64510bdcfaf82b1f80a76f510b8bbafd2b1f805b64515f90faf82b1f80a76f510b8bba232b
2026-10-01 19:11:23.147 [OP] 4111 inv=FFFD len=2 #1 2364
2026-10-01 19:11:23.147 [OP] 4104 inv=FFFA len=5 #2 72c46ef280
2026-10-01 19:11:23.148 [OP] 4104 inv=FFFA len=5 #3 77276ef2aa
2026-10-01 19:11:23.148 [OP] 4104 inv=FFFA len=5 #4 77276ef2c7
2026-10-01 19:11:23.148 [OP] 4104 inv=FFFA len=5 #5 77276ef2ce
2026-10-01 19:11:24.500 [OP] 4109 inv=FDD7 len=552 #2 c687c464580be6caa32b1f805b64510b6ffaa32b3480ea7ffd0b0022fd24e7809564510baeaea32b9de75b64517fdcfaa36f1f8062df510bf3faa32b1f805b64510bdcfa71531f809b64510bdcfaa32b1f805b64580bdcfab6ce1f801c7a580bdcc4a32b1f805b645decdcfa272b1f805b64510bdcfaa32bca805b645fc4dcfafdcb59805bdf510bdcc4a32bb6aa5b64950bdcfaa32b1f805b64510b6ffaa32b
2026-10-01 19:11:24.596 [OP] 4111 inv=FFFD len=2 #2 a164
2026-10-01 19:11:24.596 [OP] 4112 inv=FFFD len=2 #1 6ac4
2026-10-01 19:11:25.512 [OP] EFFE inv=FFFE len=1 #1 0b
2026-10-01 19:11:26.287 [OP] 4109 inv=FFB7 len=72 #3 c687c464517f6fc4a3531f805b64510b07faa32bcae75b6487b1dcfa40ce1f80a1df0eb107faa32b39125b640eec4ffaa32b1f805bdf510b8222a32b39125b64080b4ffaa32b1f80
2026-10-01 19:11:26.373 [OP] 4105 inv=FFFE len=1 #1 ec
2026-10-01 19:11:26.373 [OP] 4106 inv=FFFD len=2 #1 a353
2026-10-01 19:11:26.374 [OP] 4105 inv=FFFE len=1 #2 7f
2026-10-01 19:11:26.374 [OP] 4106 inv=FFFD len=2 #2 a393
2026-10-01 19:11:26.374 [OP] 4105 inv=FFFE len=1 #3 d0
2026-10-01 19:11:26.375 [OP] 4106 inv=FFFD len=2 #3 f8de
2026-10-01 19:11:26.375 [OP] 4105 inv=FFFE len=1 #4 b1
2026-10-01 19:11:26.376 [OP] 4106 inv=FFFD len=2 #4 a34a
2026-10-01 19:11:26.376 [OP] 4111 inv=FFFD len=2 #3 9564
2026-10-01 19:11:27.319 [OUT] 1F51 inv=FFFF len=4 #1 ffff511f
2026-10-01 19:11:27.367 [OP] 4F52 inv=FFFF len=0 #1 
2026-10-01 19:11:27.689 [OP] 4109 inv=FFB7 len=72 #4 c687c464517f6fc4a33b1f805b64510b07faa32b59e75b6f87b1dcfa40ce1f80a1f80e0b07faa32b39125b640e7f4ffaa32b1f805bdf510b8222a32b39125b64080b4ffaa32b1f80
2026-10-01 19:11:27.775 [OP] 4111 inv=FFFD len=2 #4 9464
2026-10-01 19:11:28.434 [PIPE] controller connected
2026-10-01 19:11:29.053 [OP] 4109 inv=FFB7 len=72 #5 c687c464517f6fc4a3531f805b64510b07faa32b9de75b6487b1dcfa40ce1f80a1260e8007faa32b39125b640eb14ffaa32b1f805b64510b8222a32b39125b64080b4ffaa32b1f80
2026-10-01 19:11:29.153 [OP] 4111 inv=FFFD len=2 #5 1c64
2026-10-01 19:11:33.172 [OP] 4105 inv=FFFE len=1 #5 fd
2026-10-01 19:11:33.187 [OUT] 1004 inv=FFF3 len=16 #1 f3ff041089b02c2b5980ba64510bdcfa
2026-10-01 19:11:33.320 [OP] 4106 inv=FFFD len=2 #5 a37c
2026-10-01 19:11:33.322 [OP] 4112 inv=FFFD len=2 #2 dcc4
2026-10-01 19:11:33.322 [OP] 4112 inv=FFFD len=2 #3 6fc4
2026-10-01 19:11:33.322 [OP] 4112 inv=FFFD len=2 #4 52c4
2026-10-01 19:11:33.322 [OP] 4112 inv=FFFD len=2 #5 8bc4
2026-10-01 19:11:33.415 [OP] 4110 inv=FFFD len=2 #1 722b
2026-10-01 19:11:35.526 [OP] EFFE inv=FFFE len=1 #2 0b
2026-10-01 19:11:37.383 [OUT] 1F51 inv=FFFF len=4 #2 ffff511f
2026-10-01 19:11:37.427 [OP] 4F52 inv=FFFF len=0 #2 
2026-10-01 19:11:40.707 [SYS] 物品栏满
2026-10-01 19:11:40.797 [OP] 472A inv=FE76 len=393 #1 44d8de1f657364510bdcfaa32b1f805b64510bdcea172b1f805b645144dcfaa3509d805b64510bdcb6392b1f805b64516adcfaa32b1f805b3cd00bdcfaa32b1fe07564510bdcfaa32b1f805b64510bdcfaa32b1f805b64510bdcfaa32b1f805b64510bdcfaa32b1f805b64510bdcfaa32b1f805b64510bdcfaa32b1f805b64510bdcfaa32b1f805b64510bdc7af82b1fc3956451fa6ffaa3ccca805b5c510bdc
2026-10-01 19:11:40.798 [OP] 42CE inv=FFFB len=4 #1 c87f510b
2026-10-01 19:11:40.798 [OP] 4211 inv=FFF6 len=9 #1 aa5b64511b3e22a34a
2026-10-01 19:11:40.798 [OP] 4211 inv=FFF6 len=9 #2 aa5b645140a722a34a
2026-10-01 19:11:40.798 [OP] 4211 inv=FFF6 len=9 #3 aa5b6451a4a722a34a
2026-10-01 19:11:40.798 [OP] 4211 inv=FFF6 len=9 #4 aa5b6451e3a722a34a
2026-10-01 19:11:40.897 [OP] 47C0 inv=FFCF len=48 #1 7cdffde3059ff853e4bad7f1d77cc6c4237073abdc40c0fd6f5ba10c534eb2da31ec6a980de6ec5f7fd958751bf0946f
2026-10-01 19:11:40.898 [OP] 47C0 inv=FFD8 len=39 #2 b39526d77cc6c4237073abdc40c0fd6f5ba10c534eb2da31ec6a980de6ec5f7fd958751bf0946f
2026-10-01 19:11:40.898 [OP] 47C0 inv=FFE1 len=30 #3 0faac440c0fd6f5ba10c534eb2da31ec6a980de6ec5f7fd958751bf0946f
2026-10-01 19:11:40.898 [OP] 47C0 inv=FFEA len=21 #4 51cac7b2da31ec6a980de6ec5f7fd958751bf0946f
2026-10-01 19:11:40.898 [OP] 47C0 inv=FFF3 len=12 #5 0253ca5f7fd958751bf0946f
2026-10-01 19:11:41.148 [OP] 46FE inv=FFFF len=0 #1 
2026-10-01 19:11:46.816 [OP] 4100 inv=FFF9 len=6 #1 98aabc08327f
2026-10-01 19:11:46.947 [OUT] 1F51 inv=FFFF len=4 #3 ffff511f
2026-10-01 19:11:46.996 [OP] 4F52 inv=FFFF len=0 #3 
2026-10-01 19:11:47.095 [OP] 4101 inv=FBC5 len=1082 #1 e45dad805b64510bdcfaa32bc8d97b81510bdcfaa32b1f805b64510bdcfaa32b1f805b64510bdcfa22069dca5b6446d0dcfaa32b1f803d7f510bdcfaa32b1f805b64510bdcfa8a5dad80c464510bdcfaa32bc8d97b81e690dcfa4e78c8d9c831510b155a4e78c8d97b81a552155acb2b1f807b81a5526f3079b352ad6fe0510bdcfaa32b1f805b64518766faa32b1f805bf33b0bdcfaa32b1f805b64510bdcfa
2026-10-01 19:11:47.887 [OUT] 1001 inv=FFF9 len=10 #1 f9ff01101f805b64510b
2026-10-01 19:11:47.994 [OP] 4108 inv=FFE3 len=28 #1 c687c464510bdcfa4d531f80d8f8510bce40515d1f805b64510bdcfa
2026-10-01 19:11:48.091 [OP] 4108 inv=FFE3 len=28 #2 c687c464510bdcfa87531f80d8f8510bce40515d1f805b64510bdcfa
2026-10-01 19:11:48.091 [OP] 4108 inv=FFF3 len=12 #3 d70e392b1f805b64510bdcfa
2026-10-01 19:11:48.092 [OP] 4108 inv=FFF3 len=12 #4 d70e392b1f805b64580bdcfa
2026-10-01 19:11:48.092 [OP] 4108 inv=FFF3 len=12 #5 d70e392b1f805b640e0bdcfa
2026-10-01 19:11:55.567 [OP] EFFE inv=FFFE len=1 #3 0b
2026-10-01 19:11:57.013 [OUT] 1F51 inv=FFFF len=4 #4 ffff511f
2026-10-01 19:11:57.060 [OP] 4F52 inv=FFFF len=0 #4 
2026-10-01 19:12:05.042 [OUT] 1004 inv=FFF3 len=16 #2 f3ff041089b02c2b5980ba64510bdcfa
2026-10-01 19:12:05.163 [OP] 4110 inv=FFFD len=2 #2 722b
2026-10-01 19:12:05.577 [OP] EFFE inv=FFFE len=1 #4 0b
2026-10-01 19:12:07.070 [OUT] 1F51 inv=FFFF len=4 #5 ffff511f
2026-10-01 19:12:07.114 [OP] 4F52 inv=FFFF len=0 #5 
2026-10-01 19:12:11.401 [OP] 46FE inv=FFFF len=0 #2 
2026-10-01 19:12:12.405 [SYS] 物品栏满
2026-10-01 19:12:12.490 [OP] 472A inv=FE76 len=393 #2 44d8de1f0b8264510bdcfaa32b1f805b64510bdc5ee72b1f805b645144dcfaa340a5805b64510bdcb6392b1f805b64516adcfaa32b1f805b3cd00bdcfaa32b1fe07564510bdcfaa32b1f805b64510bdcfaa32b1f805b64510bdcfaa32b1f805b64510bdcfaa32b1f805b64510bdcfaa32b1f805b64510bdcfaa32b1f805b64510bdcfaa32b1f805b64510bdc7af82b1fc3956451fa6ffaa3ccca805b5c510bdc
2026-10-01 19:12:12.492 [OP] 42CE inv=FFFB len=4 #2 c87f510b
2026-10-01 19:12:12.492 [OP] 4211 inv=FFF6 len=9 #5 aa5b64511b3e22a34a
2026-10-01 19:12:17.590 [OP] 4100 inv=FFF9 len=6 #2 98aae726b1ec
2026-10-01 19:12:17.684 [OP] 4101 inv=FBC5 len=1082 #2 e45dad805b64510bdcfaa32bc8d97b81510bdcfaa32b1f805b64510bdcfaa32b1f805b64510bdcfa22069dca5b6446d0dcfaa32b1f803d7f510bdcfaa32b1f805b64510bdcfa8a5dad80c464510bdcfaa32bc8d97b81e690dcfa4e78c8d9c831510b155a4e78c8d97b81a552155acb2b1f807b81a5526f3079b352ad6fe0510bdcfaa32b1f805b64518766faa32b1f805bf33b0bdcfaa32b1f805b64510bdcfa
2026-10-01 19:12:18.642 [OUT] 1001 inv=FFF9 len=10 #2 f9ff01101f805b64510b
2026-10-01 19:12:25.602 [OP] EFFE inv=FFFE len=1 #5 0b
2026-10-01 19:12:34.032 [OUT] 1004 inv=FFF3 len=16 #3 f3ff041089b02c2b5980ba64510bdcfa
2026-10-01 19:12:34.344 [OP] 4110 inv=FFFD len=2 #3 7293
2026-10-01 19:12:38.606 [OP] 472A inv=FE76 len=393 #3 44d8de1f2e8264510bdcfaa32b1f805b64510bdc69e72b1f805b645144dcfaa315a5805b64510bdcb6392b1f805b64516adcfaa32b1f805b3cd00bdcfaa32b1fe07564510bdcfaa32b1f805b64510bdcfaa32b1f805b64510bdcfaa32b1f805b64510bdcfaa32b1f805b64510bdcfaa32b1f805b64510bdcfaa32b1f805b64510bdcfaa32b1f805b64510bdcbdf82b1fc3956451f16ffaa391ca805b5c510bdc
2026-10-01 19:12:38.698 [OP] 42CE inv=FFFB len=4 #3 c87f510b
2026-10-01 19:12:41.610 [OP] 46FE inv=FFFF len=0 #3 
2026-10-01 19:12:42.851 [OP] 4100 inv=FFF9 len=6 #3 98aa23f8aeec
2026-10-01 19:12:43.186 [OP] 4101 inv=FC6D len=914 #3 e45dad805b64510bdcfaa32bc8d97b81510bdcfaa32b1f805b64510bdcfaa32b1f805b64510bdcfa22069d4e5b6446d0dcfaa32b1f803d7f510bdcfaa32b1f805b64510bdcfa8a5dad80c464510bdcfaa32bc8d97b81e690dcfa4e78c8d9c831510b155a4e78c8d97b81a552155acb2b1f807b81a5526f3079b352ad6fe0510bdcfaa32b1f805b64588766faa32b1f805bf33b0bdcfaa32b1f805b64510bdcfa
2026-10-01 19:12:43.784 [OP] F005 inv=FFE7 len=24 #1 26b35c3828d7a32b1f805b64510bdcfaa3ce1f80508833b2
2026-10-01 19:12:43.884 [OP] F005 inv=FFE7 len=24 #2 26b35c3828d7a32b1f805b64510bdcfaa3ce1f80508833b2
2026-10-01 19:12:43.884 [OP] F005 inv=FFE7 len=24 #3 26b35c3828d7a32b1f805b64510bdcfaa3ce1f80508833b2
2026-10-01 19:12:43.925 [OUT] 1001 inv=FFF9 len=10 #3 f9ff01101f805b64510b
2026-10-01 19:13:00.047 [OUT] 1004 inv=FFF3 len=16 #4 f3ff041089b02c2b5980ba64510bdcfa
2026-10-01 19:13:00.204 [OP] 4110 inv=FFFD len=2 #4 722b
2026-10-01 19:13:08.497 [SYS] 物品栏满
2026-10-01 19:13:08.583 [OP] 472A inv=FE76 len=393 #4 44d8de1fa10e64510bdcfaa32b1f805b64510bdc27aa2b1f805b645144dcfaa3429d805b64510bdcb6392b1f805b64516adcfaa32b1f805b3cd00bdcfaa32b1fe07564510bdcfaa32b1f805b64510bdcfaa32b1f805b64510bdcfaa32b1f805b64510bdcfaa32b1f805b64510bdcfaa32b1f805b64510bdcfaa32b1f805b64510bdcfaa32b1f805b64510bdcbdf82b1fc3956451fa6ffaa3ccca805bd3580bdc
2026-10-01 19:13:08.584 [OP] 42CE inv=FFFB len=4 #4 c87f510b
2026-10-01 19:13:11.823 [OP] 46FE inv=FFFF len=0 #4 
2026-10-01 19:13:12.596 [OP] 4100 inv=FFF9 len=6 #4 98aae67f517f
2026-10-01 19:13:12.684 [OP] 4101 inv=FC6D len=914 #4 e45dad805b64510bdcfaa32bc8d97b81510bdcfaa32b1f805b64510bdcfaa32b1f805b64510bdcfa22069d4e5b6446d0dcfaa32b1f803d7f510bdcfaa32b1f805b64510bdcfa8a5dad80c464510bdcfaa32bc8d97b81e690dcfa4e78c8d9c831510b155a4e78c8d97b81a552155acb2b1f807b81a5526f3079b352ad6fe0510bdcfaa32b1f805b64df8766faa32b1f805bf33b0bdcfaa32b1f805b64510bdcfa
2026-10-01 19:13:13.669 [OUT] 1001 inv=FFF9 len=10 #4 f9ff01101f805b64510b
2026-10-01 19:13:26.910 [OUT] 1004 inv=FFF3 len=16 #5 f3ff041089b02c2b5980ba64510bdcfa
2026-10-01 19:13:26.958 [OP] 4110 inv=FFFD len=2 #5 722b
2026-10-01 19:13:34.181 [OP] 472A inv=FE76 len=393 #5 44d8de1f199b64510bdcfaa32b1f805b64510bdc86d92b1f805b645144dcfaa36f9d805b64510bdcb6392b1f805b64516adcfaa32b1f805b3cd00bdcfaa32b1fe07564510bdcfaa32b1f805b64510bdcfaa32b1f805b64510bdcfaa32b1f805b64510bdcfaa32b1f805b64510bdcfaa32b1f805b64510bdcfaa32b1f805b64510bdcfaa32b1f805b64510bdc7af82b1fc3956451f16ffaa3731f805b5c510bdc
2026-10-01 19:13:34.271 [OP] 42CE inv=FFFB len=4 #5 c87f510b
2026-10-01 19:13:40.285 [OP] 4100 inv=FFF9 len=6 #5 98aa9553387f
2026-10-01 19:13:40.369 [OP] 4101 inv=FC35 len=970 #5 c6ecfc0bdcfaa32b1f805b64a552155aa32b1f805b64510bdcfaa32b1f805b64510bdcfaa32b1f80d0c6b2b2dcfa38de1f805b64510b7e22a32b1f805b64510bdcfaa32b1f80a0ecfc0b52faa32b1f805b64a552155a572a1f807b81a5528631a32bc8d97b81a552155a4e78c8d9e264510b155a4e78caa024c812922d93a32b1f805b64510bdcfaa8fe8a805b64510bdc77612b1f805b64510bdcfaa32b1f80
2026-10-01 19:13:41.342 [OUT] 1001 inv=FFF9 len=10 #5 f9ff01101f805b64510b
2026-10-01 19:13:42.136 [OP] 46FE inv=FFFF len=0 #5 
2026-10-01 19:13:43.751 [OP] F005 inv=FFE7 len=24 #4 24c812922d0ba32b1f805b64510bdcfaa3de1f8010fdc032
2026-10-01 19:14:06.735 [SYS] 物品栏满
2026-10-01 19:14:21.355 [OP] 4031 inv=FFD5 len=42 #1 ec0b8ffaa32b1f8095640063e94e3237e20c8b878713a2b83bb9397041a3072b8995cf2b1f9e0945dd0b
2026-10-01 19:15:20.158 [OP] F005 inv=FFE7 len=24 #5 24c812922d0ba32b1f805b64510bdcfaa3cecb12ddee63d0
2026-10-01 19:16:04.120 [SYS] 物品栏满
2026-10-01 19:16:27.792 [OP] 4031 inv=FFEB len=20 #2 8ffa462b1f805b64580b2cc5e62b1f9e0945dd0b
2026-10-01 19:16:30.235 [OP] 4031 inv=FFE0 len=31 #3 44dc5ba32b1f805b64515c3aacd34d76b159ea7240b0faa3c6ea16d2aa1d0b
2026-10-01 19:16:47.021 [OP] 4031 inv=FFDC len=35 #4 775bf1510bdcfaa3531fe9022e98c810387599970e2d05890bdc574427238aa7a2f10b
2026-10-01 19:18:54.719 [SYS] 物品栏满
2026-10-01 19:19:55.669 [SYS] 物品栏满
2026-10-01 19:20:50.080 [SYS] 物品栏满
2026-10-01 19:21:49.901 [SYS] 物品栏满
2026-10-01 19:22:53.725 [SYS] 物品栏满
2026-10-01 19:23:18.351 [SYS] 物品栏满
2026-10-01 19:24:48.596 [SYS] 物品栏已满！
2026-10-01 19:25:16.642 [SYS] 物品栏满
2026-10-01 19:25:42.738 [SYS] 物品栏满
2026-10-01 19:26:12.664 [SYS] 物品栏满
2026-10-01 19:27:09.298 [SYS] 物品栏满
2026-10-01 19:27:14.225 [QUESTION] {"type":"question","sock":2876,"qno":9,"field_a":75,"stem":".丝绸摩擦过的玻璃棒带哪种电?","options":["1、闪电侠","2、静电","3、闪电箭","4、闪电风暴"]}
2026-10-01 19:27:15.229 [UI] auto dump on question qno=9
2026-10-01 19:27:15.230 [UI] ---- window dump begin (pid 29336) ----
2026-10-01 19:27:15.235 [UI] TOP=0007060C vis=1 cls=ATL:012FF210 rc=(618,70,1658,877) title=什么什么大冒险2(①逍遥村敬老院)-先驱01_Sep 24 2026《什么什么大冒险》制作委员会QQ群:515616289
2026-10-01 19:27:15.236 [UI] TOP=0003063A vis=0 cls=DIEmWin rc=(-1,-1,135,38) title=DIEmWin
2026-10-01 19:27:15.266 [UI] TOP=00030636 vis=0 cls=MSCTFIME UI rc=(0,0,0,0) title=MSCTFIME UI
2026-10-01 19:27:15.271 [UI] TOP=00030638 vis=0 cls=IME rc=(0,0,0,0) title=Default IME
2026-10-01 19:27:15.271 [UI] TOP=00060622 vis=0 cls=IME rc=(0,0,0,0) title=Default IME
2026-10-01 19:27:15.273 [UI] ---- window dump end ----
2026-10-01 19:27:22.140 [SEND-ANSWER] qno=9 opt=1 ret=13 sock=2876
2026-10-01 19:27:22.275 [SYS] 测试通过！
2026-10-01 19:27:22.275 [SYS] 获得了#00FF00#100#FFF692#金币
2026-10-01 19:27:22.275 [CURRENCY] a=201783 b=99502
2026-10-01 19:27:23.950 [UI] auto-closing quiz frame: qno=9 opt=1
2026-10-01 19:27:23.959 [UI] option 1 control NOT found — falling back to digit key
2026-10-01 19:27:35.271 [SYS] 物品栏满
2026-10-01 19:27:42.370 [OUT] 1F04 inv=FFF6 len=13 #1 f6ff041fce1f805bf1510bdce8
2026-10-01 19:28:54.692 [SYS] 物品栏满
2026-10-01 19:29:57.033 [SYS] 物品栏满
2026-10-01 19:30:00.272 [SYS] #00FFFF#警报！警报！大批暗天军团正向#00FF00#平静海岸２区#00FFFF#靠近，冒险者们，拿起你们的武器，消灭入侵者！
2026-10-01 19:30:10.330 [SYS] #FF0000#美牛鱼先遣队长#00FFFF#带领的第1批暗天军团将在5分钟后抵达#00FF00#平静海岸2区
2026-10-01 19:31:10.276 [SYS] #FF0000#美牛鱼先遣队长#00FFFF#带领的第1批暗天军团将在4分钟后抵达#00FF00#平静海岸2区
2026-10-01 19:31:33.851 [SYS] 物品栏满
2026-10-01 19:32:10.282 [SYS] #FF0000#美牛鱼先遣队长#00FFFF#带领的第1批暗天军团将在3分钟后抵达#00FF00#平静海岸2区
2026-10-01 19:33:10.286 [SYS] #FF0000#美牛鱼先遣队长#00FFFF#带领的第1批暗天军团将在2分钟后抵达#00FF00#平静海岸2区
2026-10-01 19:33:27.014 [SYS] 物品栏满
2026-10-01 19:34:10.294 [SYS] #FF0000#美牛鱼先遣队长#00FFFF#带领的第1批暗天军团将在1分钟后抵达#00FF00#平静海岸2区
2026-10-01 19:34:28.156 [SYS] 物品栏满
2026-10-01 19:34:40.301 [SYS] #FF0000#美牛鱼先遣队长#00FFFF#带领的第1批暗天军团将于30秒后抵达#00FF00#平静海岸2区
2026-10-01 19:34:54.605 [SYS] 物品栏满
2026-10-01 19:35:05.339 [OP] 4031 inv=FFD8 len=39 #5 70a3ce1f805b6451ecdcce97afe49e9f1b3553232b3459405570693a3c653fcf2b1f9e0945dd0b
2026-10-01 19:35:10.385 [SYS] #FF0000#美牛鱼先遣队长#00FFFF#带领的第1批暗天军团已经抵达#00FF00#平静海岸２区的营地周围#00FFFF#！冒险者们，赶快行动起来，消灭入侵者
2026-10-01 19:35:24.542 [SYS] 物品栏满
2026-10-01 19:35:26.111 [SYS] #00FFFF##FF0000#美牛鱼先遣队长#00FFFF#被#FFE292#土土#00FFFF#带领的冒险者队伍打败了！暗天军团遗留的#00FF00#30个#00FFFF#宝箱分散在#00FF00#平静海岸２区#00FFFF#，冒险者们，发财的机会来了，快去寻找遗失的宝箱吧！同时所有冒险者都可以从#FFE292#飞刀王#00FFFF#处领取新一轮的#FFFF00#潜能#00FFFF#奖励
2026-10-01 19:36:52.534 [SYS] 物品栏满
2026-10-01 19:37:15.015 [SYS] 物品栏满
2026-10-01 19:37:44.233 [SYS] 物品栏满
2026-10-01 19:38:04.735 [SYS] 物品栏满
2026-10-01 19:38:39.145 [SYS] #FF0000#精灵先遣队长#00FFFF#带领的第2批暗天军团将在3分钟后抵达#00FF00#平静海岸2区
2026-10-01 19:39:39.154 [SYS] #FF0000#精灵先遣队长#00FFFF#带领的第2批暗天军团将在2分钟后抵达#00FF00#平静海岸2区
2026-10-01 19:40:39.209 [SYS] #FF0000#精灵先遣队长#00FFFF#带领的第2批暗天军团将在1分钟后抵达#00FF00#平静海岸2区
2026-10-01 19:40:55.258 [SYS] 物品栏满
2026-10-01 19:41:09.169 [SYS] #FF0000#精灵先遣队长#00FFFF#带领的第2批暗天军团将于30秒后抵达#00FF00#平静海岸2区
2026-10-01 19:41:25.907 [SYS] 物品栏满
2026-10-01 19:41:39.174 [SYS] #FF0000#精灵先遣队长#00FFFF#带领的第2批暗天军团已经抵达#00FF00#平静海岸２区的营地周围#00FFFF#！冒险者们，赶快行动起来，消灭入侵者
2026-10-01 19:41:50.666 [SYS] #00FFFF##FF0000#精灵先遣队长#00FFFF#被#FFE292#简简单单0#00FFFF#带领的冒险者队伍打败了！暗天军团遗留的#00FF00#30个#00FFFF#宝箱分散在#00FF00#平静海岸２区#00FFFF#，冒险者们，发财的机会来了，快去寻找遗失的宝箱吧！同时所有冒险者都可以从#FFE292#飞刀王#00FFFF#处领取新一轮的#FFFF00#潜能#00FFFF#奖励
2026-10-01 19:41:56.406 [SYS] 物品栏满
2026-10-01 19:42:54.427 [SYS] 物品栏满
2026-10-01 19:42:54.607 [OP] 4235 inv=FFFA len=5 #1 3767ce5b64
2026-10-01 19:43:51.201 [SYS] 物品栏满
2026-10-01 19:44:09.972 [SYS] #FF0000#金人先遣队长#00FFFF#带领的第3批暗天军团将在3分钟后抵达#00FF00#平静海岸2区
2026-10-01 19:44:22.888 [SYS] 物品栏满
2026-10-01 19:44:22.985 [OP] 40E6 inv=FFF3 len=12 #1 e45dad8066cd510bdcfaa32b
2026-10-01 19:44:22.985 [OP] 40E0 inv=FED1 len=302 #1 408052fa7ade1f805b64510bd8faa32b1f805b64fed0dcfaa32b1f80d764510bdcfaa32b2f035b64fc0bdcfa392b1f804864510b52faa32bad805b64fc0bdcfa392b1f804864510b52faa32bad805b64a10bdcfa4d2b1f80c464510b8ffaa32bf4805b64580bdcfa462b1f800d64510b8ffaa32b1f805b64510bdcfaa32b1f805b64510bdcfaa32b1f805b64430bdcfaa32b1f805b64510bdcfaa32b1f805b64
2026-10-01 19:44:22.985 [OP] 40E3 inv=FFF3 len=12 #1 d70e392bca075b64db0b6ffa
2026-10-01 19:44:22.985 [OP] 40E2 inv=FFF3 len=12 #1 c6ecfc0b6ffa252b45809564
2026-10-01 19:44:22.985 [OP] 4210 inv=FFF3 len=12 #1 710bdcfa772b1f80a0ecfc0b
2026-10-01 19:44:22.985 [OP] 4210 inv=FFF3 len=12 #2 710bdcfa772b1f80c6ecfc0b
2026-10-01 19:44:22.985 [OP] 4233 inv=FFFA len=5 #1 437a7f510b
2026-10-01 19:44:22.985 [OP] 40F6 inv=FFEF len=16 #1 e45dad80edbe510bdcfaa32b1f07c464
2026-10-01 19:44:22.986 [OP] 4232 inv=FF60 len=159 #1 6523d0dce0a32b1f4f5b645127dcfaa3de1f805b6f510bdc1c462b1f805b64510bdcfaa32b1f805b64510bdcfaa32b1f805b64510bdcfaa3daad805b64510bdc0cf82b1f805b64514752faa32b1f805b14580bdcfaa32b1f9b7a64516f52faa31aca805bc7510bdc25a32b1fef5b6451c4dcfaa3f259805b95510bdc42a32b1fe15b64510bdcfaa32cd672eca2d661e2b05b931f805b64510bdcfaa32b1f80
2026-10-01 19:44:23.022 [OUT] 0185 inv=FFF7 len=12 #1 f7ff8501dcfaa32bc8d97b81
2026-10-01 19:45:09.972 [SYS] #FF0000#金人先遣队长#00FFFF#带领的第3批暗天军团将在2分钟后抵达#00FF00#平静海岸2区
2026-10-01 19:46:10.021 [SYS] #FF0000#金人先遣队长#00FFFF#带领的第3批暗天军团将在1分钟后抵达#00FF00#平静海岸2区
2026-10-01 19:46:16.562 [SYS] 物品栏满
2026-10-01 19:46:39.984 [SYS] #FF0000#金人先遣队长#00FFFF#带领的第3批暗天军团将于30秒后抵达#00FF00#平静海岸2区
2026-10-01 19:47:09.994 [SYS] #FF0000#金人先遣队长#00FFFF#带领的第3批暗天军团已经抵达#00FF00#平静海岸２区的营地周围#00FFFF#！冒险者们，赶快行动起来，消灭入侵者
2026-10-01 19:47:34.892 [SYS] #00FFFF##FF0000#金人先遣队长#00FFFF#被#FFE292#简简单单0#00FFFF#带领的冒险者队伍打败了！暗天军团遗留的#00FF00#30个#00FFFF#宝箱分散在#00FF00#平静海岸２区#00FFFF#，冒险者们，发财的机会来了，快去寻找遗失的宝箱吧！同时所有冒险者都可以从#FFE292#飞刀王#00FFFF#处领取新一轮的#FFFF00#潜能#00FFFF#奖励
2026-10-01 19:48:55.069 [SYS] 物品栏满
2026-10-01 19:49:26.395 [SYS] 物品栏满
2026-10-01 19:49:48.157 [SYS] 物品栏满
2026-10-01 19:50:00.254 [SYS] #00FFFF#国庆节特别活动“红旗飘飘贺国庆”将于#00FF00#10#00FFFF#分钟后开启，冒险者可以在逍遥西的#FF0000#大冒险活动官#00FFFF#处参加活动，收集喜庆用品装饰旗台，赢取丰富的属性及道具奖励，幸运的冒险者还将得到#FF0000#稀有奖励#FFFFFF#！
2026-10-01 19:50:00.348 [SYS] #FF0000#真子先遣队长#00FFFF#带领的第4批暗天军团将在3分钟后抵达#00FF00#平静海岸2区
2026-10-01 19:51:00.302 [SYS] #FF0000#真子先遣队长#00FFFF#带领的第4批暗天军团将在2分钟后抵达#00FF00#平静海岸2区
2026-10-01 19:51:16.887 [SYS] 获得了#00FF00#1#FFF692#个#64FF7D#黄玉葫芦
2026-10-01 19:51:16.988 [OP] 4020 inv=FFE7 len=24 #1 408052fa672bca8094cdfc0bcea7a32bca809564c50b8ffa
2026-10-01 19:51:17.024 [OUT] 0045 inv=FFF7 len=12 #1 f7ff4500510bdcfae72b1f80
2026-10-01 19:51:17.193 [OP] 4025 inv=FFF5 len=10 #1 e7533832c4df51ece2fa
2026-10-01 19:52:00.302 [SYS] #FF0000#真子先遣队长#00FFFF#带领的第4批暗天军团将在1分钟后抵达#00FF00#平静海岸2区
2026-10-01 19:52:13.102 [SYS] 物品栏满
2026-10-01 19:52:30.297 [SYS] #FF0000#真子先遣队长#00FFFF#带领的第4批暗天军团将于30秒后抵达#00FF00#平静海岸2区
2026-10-01 19:52:40.432 [SYS] 物品栏满
2026-10-01 19:53:00.305 [SYS] #FF0000#真子先遣队长#00FFFF#带领的第4批暗天军团已经抵达#00FF00#平静海岸２区的营地周围#00FFFF#！冒险者们，赶快行动起来，消灭入侵者
2026-10-01 19:53:08.222 [PIPE] controller disconnected
2026-10-01 19:53:08.641 [SYS] 物品栏满
2026-10-01 19:53:19.919 [PIPE] controller connected
2026-10-01 19:53:25.693 [SYS] #00FFFF##FF0000#真子先遣队长#00FFFF#被#FFE292#〝夜无眠#00FFFF#带领的冒险者队伍打败了！暗天军团遗留的#00FF00#30个#00FFFF#宝箱分散在#00FF00#平静海岸２区#00FFFF#，冒险者们，发财的机会来了，快去寻找遗失的宝箱吧！同时所有冒险者都可以从#FFE292#飞刀王#00FFFF#处领取新一轮的#FFFF00#潜能#00FFFF#奖励
2026-10-01 19:54:02.899 [SYS] 物品栏满
2026-10-01 19:54:59.025 [SYS] 物品栏满
2026-10-01 19:55:00.241 [SYS] #00FFFF#国庆节特别活动“红旗飘飘贺国庆”将于#00FF00#5#00FFFF#分钟后开启，冒险者可以在逍遥西的#FF0000#大冒险活动官#00FFFF#处参加活动，收集喜庆用品装饰旗台，赢取丰富的属性及道具奖励，幸运的冒险者还将得到#FF0000#稀有奖励#FFFFFF#！
2026-10-01 19:55:23.544 [SYS] 物品栏满
2026-10-01 19:55:40.215 [SYS] #FF0000#打劫者先遣队长#00FFFF#带领的第5批暗天军团将在3分钟后抵达#00FF00#平静海岸2区
2026-10-01 19:55:48.002 [SYS] 物品栏满
2026-10-01 19:56:37.239 [SYS] 物品栏满
2026-10-01 19:56:40.275 [SYS] #FF0000#打劫者先遣队长#00FFFF#带领的第5批暗天军团将在2分钟后抵达#00FF00#平静海岸2区
2026-10-01 19:57:31.609 [SYS] 物品栏满
2026-10-01 19:57:40.225 [SYS] #FF0000#打劫者先遣队长#00FFFF#带领的第5批暗天军团将在1分钟后抵达#00FF00#平静海岸2区
2026-10-01 19:57:55.703 [SYS] 物品栏满
2026-10-01 19:58:10.232 [SYS] #FF0000#打劫者先遣队长#00FFFF#带领的第5批暗天军团将于30秒后抵达#00FF00#平静海岸2区
2026-10-01 19:58:40.278 [SYS] #FF0000#打劫者先遣队长#00FFFF#带领的第5批暗天军团已经抵达#00FF00#平静海岸２区的营地周围#00FFFF#！冒险者们，赶快行动起来，消灭入侵者
2026-10-01 19:58:55.933 [SYS] 物品栏满
2026-10-01 19:59:13.438 [SYS] #00FFFF##FF0000#打劫者先遣队长#00FFFF#被#FFE292#Devil極#00FFFF#带领的冒险者队伍打败了！暗天军团遗留的#00FF00#30个#00FFFF#宝箱分散在#00FF00#平静海岸２区#00FFFF#，冒险者们，发财的机会来了，快去寻找遗失的宝箱吧！同时所有冒险者都可以从#FFE292#飞刀王#00FFFF#处领取新一轮的#FFFF00#潜能#00FFFF#奖励
2026-10-01 20:00:00.165 [SYS] #00FFFF#国庆节特别活动“红旗飘飘贺国庆”#00FF00#正式开启#00FFFF#，冒险者可以在逍遥西的#FF0000#大冒险活动官#00FFFF#处参加活动，收集喜庆用品装饰旗台，赢取丰富的属性及道具奖励，幸运的冒险者还将得到#FF0000#稀有奖励#FFFFFF#！
2026-10-01 20:00:01.128 [SYS] 许愿池里多了一批新礼物，赶紧来许愿吧~
2026-10-01 20:00:22.779 [SYS] 物品栏满
2026-10-01 20:00:47.114 [SYS] 物品栏满
2026-10-01 20:02:07.713 [SYS] #FF0000#土著先遣队长#00FFFF#带领的第6批暗天军团将在3分钟后抵达#00FF00#平静海岸2区
2026-10-01 20:02:10.402 [SYS] 物品栏满
2026-10-01 20:02:38.705 [SYS] 物品栏满
2026-10-01 20:03:07.729 [SYS] #FF0000#土著先遣队长#00FFFF#带领的第6批暗天军团将在2分钟后抵达#00FF00#平静海岸2区
2026-10-01 20:03:09.191 [SYS] 物品栏满
2026-10-01 20:03:42.212 [SYS] 物品栏满
2026-10-01 20:04:07.744 [SYS] #FF0000#土著先遣队长#00FFFF#带领的第6批暗天军团将在1分钟后抵达#00FF00#平静海岸2区
2026-10-01 20:04:24.186 [SYS] 物品栏满
2026-10-01 20:04:37.788 [SYS] #FF0000#土著先遣队长#00FFFF#带领的第6批暗天军团将于30秒后抵达#00FF00#平静海岸2区
2026-10-01 20:05:07.802 [SYS] #FF0000#土著先遣队长#00FFFF#带领的第6批暗天军团已经抵达#00FF00#平静海岸２区的营地周围#00FFFF#！冒险者们，赶快行动起来，消灭入侵者
2026-10-01 20:05:47.007 [SYS] 物品栏满
2026-10-01 20:05:54.153 [SYS] #00FFFF##FF0000#土著先遣队长#00FFFF#被#FFE292#Devil極#00FFFF#带领的冒险者队伍打败了！暗天军团遗留的#00FF00#30个#00FFFF#宝箱分散在#00FF00#平静海岸２区#00FFFF#，冒险者们，发财的机会来了，快去寻找遗失的宝箱吧！同时所有冒险者都可以从#FFE292#飞刀王#00FFFF#处领取新一轮的#FFFF00#潜能#00FFFF#奖励
2026-10-01 20:07:13.485 [SYS] 物品栏满
2026-10-01 20:07:37.162 [SYS] 物品栏满
2026-10-01 20:08:05.393 [SYS] 物品栏满
2026-10-01 20:08:58.283 [SYS] 物品栏满
2026-10-01 20:09:23.022 [SYS] #00FFFF#暗天军团入侵平静海岸２区的阴谋被粉碎了！冒险者们，你们都是英雄，潜能奖励将在30分钟后关闭，请大家抓紧时间
2026-10-01 20:09:54.992 [SYS] 物品栏满
2026-10-01 20:10:22.234 [SYS] 物品栏满
2026-10-01 20:11:13.198 [SYS] 物品栏满
2026-10-01 20:11:39.279 [SYS] 物品栏满
2026-10-01 20:12:36.398 [SYS] 物品栏满
2026-10-01 20:12:57.301 [SYS] 物品栏满
2026-10-01 20:13:50.056 [SYS] 物品栏满
2026-10-01 20:14:47.576 [SYS] 物品栏满
2026-10-01 20:16:25.061 [SYS] 物品栏满
2026-10-01 20:16:53.322 [SYS] 物品栏满
2026-10-01 20:17:36.004 [OP] 4613 inv=FF3F len=192 #1 ad63e5af58d5dc590193f6a3e9cdde956fcfb5531891f54f7ad16fc4f8531f8095df580b516eea240faa29640e67dcfa232bcaaa5b53bc595ab12b219f805b64cd2fe7c4202b97b194dc023ca7bb7753ca7cf97d42e7f2c4f853ca805bdf58ecdcabbc6362b39566517f1751a32b1faa5b6483d286033d6643505b6451040370f8d91f990f5319be908cd124e1a6c30df67f6fe22924ca9be7df58ec6ffaa353
2026-10-01 20:17:36.004 [OP] 4613 inv=FF7E len=129 #2 f8cd2fe7c4202b97b194dc023ca7bb7753ca7cf97d42e7f2c4f853ca805bdf58ecdcabbc6362b39566517f1751a32b1faa5b6483d286033d6643505b6451040370f8d91f990f5319be908cd124e1a6c30df67f6fe22924ca9be7df58ec6ffaa353caaa5b63616f6a98f8541f802764510bdcc4a32beceb066d0d19f8bbea2b1f80
2026-10-01 20:17:36.004 [OP] 4613 inv=FFBB len=68 #3 58040370f8d91f990f5319be908cd124e1a6c30df67f6fe22924ca9be7df58ec6ffaa353caaa5b63616f6a98f8541f802764510bdcc4a32beceb066d0d19f8bbea2b1f80
2026-10-01 20:17:37.999 [OP] 4613 inv=FFB8 len=71 #4 aaf8fdfeece625ddb359344cf8caad6a57ff93182c94df43a66ab45c93702694df58ec6ffaa353caaa5b8a2d476a98f8c71f8084af510bdcc4a32beceb066d0de38abbea2b1f80
2026-10-01 20:17:39.008 [OP] 4613 inv=FFB9 len=70 #5 9596ddbf6fe0203395c72c6c0e246f57ff93182c94df01a290b45c93702694df58ec6ffaa353caaa5b2861dee698f8c41f805b64510bdcc4a32beceb066d0d9c27bbea2b1f80
2026-10-01 20:17:51.516 [OP] 4612 inv=FFE7 len=24 #1 fd0bdcfa8b3bad8041cdfc0b540e392be787c4647b8052fa
2026-10-01 20:17:51.516 [OP] 4612 inv=FFE7 len=24 #2 fd0bdcfa8b3bad8041cdfc0b540e392be787c4647b8052fa
2026-10-01 20:17:51.516 [OP] 4612 inv=FFE7 len=24 #3 fd0bdcfa8b3bad8041cdfc0b540e392be787c4647b8052fa
2026-10-01 20:18:14.910 [OP] 4612 inv=FFE7 len=24 #4 fd0bdcfa8b3bad8041cdfc0b540e392be787c4647b8052fa
2026-10-01 20:19:04.322 [SYS] 物品栏满
2026-10-01 20:19:05.482 [OP] 4612 inv=FFE7 len=24 #5 fd0bdcfa8b3bad8041cdfc0b540e392be787c4647b8052fa
2026-10-01 20:20:00.159 [SYS] #00FFFF#国庆节特别活动“红旗飘飘贺国庆”#00FF00#正式开启#00FFFF#，冒险者可以在逍遥西的#FF0000#大冒险活动官#00FFFF#处参加活动，收集喜庆用品装饰旗台，赢取丰富的属性及道具奖励，幸运的冒险者还将得到#FF0000#稀有奖励#FFFFFF#！
2026-10-01 20:21:27.405 [SYS] 物品栏满
2026-10-01 20:21:52.016 [SYS] 物品栏满
2026-10-01 20:22:19.227 [SYS] 物品栏满
2026-10-01 20:22:44.214 [SYS] 物品栏满
2026-10-01 20:23:42.928 [SYS] 物品栏满
2026-10-01 20:25:39.553 [SYS] 物品栏满
2026-10-01 20:26:03.926 [SYS] 物品栏满
2026-10-01 20:26:04.119 [SYS] 物品栏已满！
2026-10-01 20:26:31.858 [SYS] 物品栏满
2026-10-01 20:27:03.862 [SYS] 物品栏满
2026-10-01 20:28:02.929 [SYS] 物品栏满
2026-10-01 20:28:59.007 [SYS] 物品栏满
2026-10-01 20:30:27.689 [SYS] 物品栏满
2026-10-01 20:30:53.755 [OP] 4210 inv=FFF3 len=12 #3 140bdcfaf42b1f80a0ecfc0b
2026-10-01 20:30:53.755 [OP] 40E6 inv=FFF3 len=12 #2 e45dad80a47f510bdcfaa32b
2026-10-01 20:30:53.755 [OP] 40E0 inv=FED1 len=302 #2 408052fa17de1f805b64510b5afaa32b1f805b64ecd0dcfaa32b1f80bd64510bdcfaa32b2f035b64fc0bdcfa392b1f804864510b52faa32bad805b64fc0bdcfa392b1f804864510b52faa32bad805b64f80bdcfa4d2b1f80c464510b8ffaa32b47805b64580bdcfa462b1f800d64510b8ffaa32b1f805b64510bdcfaa32b1f805b64510bdcfaa32b1f805b64430bdcfaa32b1f805b64510bdcfaa32b1f805b64
2026-10-01 20:30:53.755 [OP] 40E3 inv=FFF3 len=12 #2 d70e392bcace5b64db0b6ffa
2026-10-01 20:30:53.755 [OP] 40E2 inv=FFF3 len=12 #2 c6ecfc0b6ffaf52b45809564
2026-10-01 20:30:53.755 [OP] 4233 inv=FFFA len=5 #2 437a7f510b
2026-10-01 20:30:53.755 [OP] 40F6 inv=FFEF len=16 #2 e45dad800537510bdcfaa32b1f805b64
2026-10-01 20:30:53.755 [OP] 4232 inv=FF60 len=159 #2 6523d0dce0a32b1f4f5b645127dcfaa3de1f805b6f510bdc1c462b1f805b64510bdcfaa32b1f805b64510bdcfaa32b1f805b64510bdcfaa30ead805b64510bdc5df82b1f805b6451e752faa32b1f805bf6580bdcfaa32b1f477a64516f52faa318ca805b5e510bdc25a32b1fef5b6451c4dcfaa3c7ad805ba5510bdc1aa32b1f8e5b64510bdcfaa32cd672eca2d661e2b05b931f805b64510bdcfaa32b1f80
2026-10-01 20:30:53.779 [OUT] 0185 inv=FFF7 len=12 #2 f7ff8501dcfaa32bc8d97b81
2026-10-01 20:30:53.824 [OP] 4210 inv=FFF3 len=12 #4 140bdcfaf42b1f80c6ecfc0b
2026-10-01 20:31:17.508 [SYS] 物品栏满
2026-10-01 20:31:48.511 [SYS] 物品栏满
2026-10-01 20:32:41.836 [SYS] 物品栏满
2026-10-01 20:33:42.420 [SYS] 物品栏满
2026-10-01 20:34:35.787 [SYS] 物品栏满
2026-10-01 20:34:58.817 [SYS] 物品栏满
2026-10-01 20:37:16.314 [SYS] 物品栏满
2026-10-01 20:37:43.787 [SYS] 物品栏满
2026-10-01 20:38:12.440 [SYS] 物品栏满
2026-10-01 20:38:41.388 [QUESTION] {"type":"question","sock":2876,"qno":12,"field_a":82,"stem":"在杠杆上起到支撑作用的那一点叫做？","options":["1、支点","2、上午六点","3、晚上8点","4、少一点"]}
2026-10-01 20:38:42.392 [UI] auto dump on question qno=12
2026-10-01 20:38:42.393 [UI] ---- window dump begin (pid 29336) ----
2026-10-01 20:38:42.406 [UI] TOP=0007060C vis=1 cls=ATL:012FF210 rc=(618,70,1658,877) title=什么什么大冒险2(①逍遥村敬老院)-先驱01_Sep 24 2026《什么什么大冒险》制作委员会QQ群:515616289
2026-10-01 20:38:42.409 [UI] TOP=0003063A vis=0 cls=DIEmWin rc=(-1,-1,135,38) title=DIEmWin
2026-10-01 20:38:42.418 [UI] TOP=00030636 vis=0 cls=MSCTFIME UI rc=(0,0,0,0) title=MSCTFIME UI
2026-10-01 20:38:42.448 [UI] TOP=00030638 vis=0 cls=IME rc=(0,0,0,0) title=Default IME
2026-10-01 20:38:42.448 [UI] TOP=00060622 vis=0 cls=IME rc=(0,0,0,0) title=Default IME
2026-10-01 20:38:42.449 [UI] ---- window dump end ----
2026-10-01 20:38:45.172 [SEND-ANSWER] qno=12 opt=0 ret=13 sock=2876
2026-10-01 20:38:45.226 [SYS] 测试通过！
2026-10-01 20:38:45.328 [SYS] 获得了#00FF00#100#FFF692#金币
2026-10-01 20:38:45.328 [CURRENCY] a=201783 b=99602
2026-10-01 20:38:46.974 [OP] 4018 inv=FFF0 len=15 #1 437a7f51da3e22a3011fa5dc645175
2026-10-01 20:38:46.982 [UI] auto-closing quiz frame: qno=12 opt=0
2026-10-01 20:38:49.557 [OUT] 1F04 inv=FFF6 len=13 #2 f6ff041fce1f805bd9510bdcfa
2026-10-01 20:40:00.205 [SYS] #00FFFF#国庆节特别活动“红旗飘飘贺国庆”#00FF00#正式开启#00FFFF#，冒险者可以在逍遥西的#FF0000#大冒险活动官#00FFFF#处参加活动，收集喜庆用品装饰旗台，赢取丰富的属性及道具奖励，幸运的冒险者还将得到#FF0000#稀有奖励#FFFFFF#！
2026-10-01 20:41:00.032 [SYS] #00FF00#1#00FFFF#分钟后逍遥村周围将掉落20个宝箱，捡取可获得意外惊喜喔！#FFFFFF#
2026-10-01 20:41:08.283 [SYS] 物品栏满
2026-10-01 20:42:01.772 [SYS] 物品栏满
2026-10-01 20:42:07.807 [OP] 4210 inv=FFF3 len=12 #5 710bdcfab42b1f80baecfc0b
2026-10-01 20:42:27.541 [SYS] 物品栏满
2026-10-01 20:42:50.808 [SYS] 物品栏满
2026-10-01 20:43:42.306 [SYS] 物品栏满
2026-10-01 20:43:49.412 [SYS] #00FF00#1#00FFFF#分钟后逍遥村周围将掉落20个宝箱，捡取可获得意外惊喜喔！#FFFFFF#
2026-10-01 20:43:49.513 [SYS] #00FFFF#10位玉女携带礼物参加国庆活动，#00FF00#5#00FFFF#分钟后将出现在夕阳草原，请各位冒险者前去保护她们免受BOSS骚扰#FF0000#（BOSS有一定几率携带稀有宝宝）。#FFFFFF#
2026-10-01 20:44:07.079 [SYS] 物品栏满
2026-10-01 20:44:28.881 [SYS] 物品栏满
2026-10-01 20:44:33.091 [OP] 40E0 inv=FED1 len=302 #3 408052fa17de1f805b64510b5afaa32b1f805b64ecd0dcfaa32b1f80bd64510bdcfaa32b2f035b64fc0bdcfa392b1f804864510b52faa32bad805b64fc0bdcfa392b1f804864510b52faa32bad805b64f80bdcfa4d2b1f80c464510b8ffaa32b47805b64580bdcfa462b1f800d64510b8ffaa32b1f805b64510bdcfaa32b1f805b64510bdcfaa32b1f805b64430bdcfaa32b1f805b64510bdcfaa32b1f805b64
2026-10-01 20:44:33.091 [OP] 40E3 inv=FFF3 len=12 #3 d70e392bca805b64db0b6ffa
2026-10-01 20:44:33.091 [OP] 40E2 inv=FFF3 len=12 #3 c6ecfc0b6f22a32b45809564
2026-10-01 20:44:33.091 [OP] 4232 inv=FF60 len=159 #3 6523d0dce0a32b1f4f5b645127dcfaa3de1f805b6f510bdc1c462b1f805b64510bdcfaa32b1f805b64510bdcfaa32b1f805b64510bdcfaa30ead805b64510bdc5df82b1f805b6451e752faa32b1f805bf6580bdcfaa32b1f477a6451dd52faa318ca805b5e510bdc25a32b1fef5b6451c4dcfaa3c7ad805ba5510bdc1aa32b1f8e5b64510bdcfaa32cd672eca2d661e2b05b931f805b64510bdcfaa32b1f80
2026-10-01 20:44:33.092 [OP] 401B inv=FEB3 len=332 #1 e45dad800d64510b17faa32bb907c464530bdcfa972b1f8099d9510bdcfaa32b53ca5b64510bdcfa5a531f805b64510b9bc4a32b1f805b64bc595ab12b21ab805b64510bdcfaa32b1fc75b64d7b252fada2b1f804964510bf453a32b1f805b64820cdcfaa32b1f803f08510bdcfaa32b5b4f5b64510bdcfa16876c842d43510bdcfaa32b1f805b6451b122c1e45dad803164510b6dfaa32b73ce5b64510bdcfa
2026-10-01 20:44:33.092 [SYS] #ff0000#您已进入野外区域，可能遭遇玩家间的自由对战，请注意安全！#ffffff#
2026-10-01 20:44:33.107 [OUT] 0185 inv=FFF7 len=12 #3 f7ff8501dcfaa32bc8d97b81
2026-10-01 20:44:33.151 [OP] 4202 inv=FFEF len=16 #1 d5ecdcfab42b1f806adf510be4c4a32b
2026-10-01 20:44:33.153 [OP] 4055 inv=FFF7 len=8 #1 c6ecfc0bdcfaa32b
2026-10-01 20:44:33.154 [OP] 40A0 inv=FF07 len=248 #1 c6ecfc0b8b0e392b5e605b6439ecdcfadb4ac3548a70b105cd97600e1f805b64510bdcfaa32b1f805b64510bdcfaa32b1f805b64510bdcfaa32b1f8030dfced078c4b1deef125b64e07fdcfadb4ae4f1245d510bdcfaa32b1f805b64510bdcfaa32b1f805b64510bdcfaa32b1f805b64510bdcfaa32b1f806bf84bd0a7e8fcde6fce5b64a9d0dcfadb4a402fed6d510bdcfaa32b1f805b64510bdcfaa32b1f80
2026-10-01 20:45:30.907 [SYS] #ff0000#您已进入野外区域，可能遭遇玩家间的自由对战，请注意安全！#ffffff#
2026-10-01 20:45:31.007 [OP] 40E0 inv=FED1 len=302 #4 408052fa17de1f805b64510b5afaa32b1f805b64ecd0dcfaa32b1f80bd64510bdcfaa32b2f035b64fc0bdcfa392b1f804864510b52faa32bad805b64fc0bdcfa392b1f804864510b52faa32bad805b64f80bdcfa4d2b1f80c464510b8ffaa32b47805b64580bdcfa462b1f800d64510b8ffaa32b1f805b64510bdcfaa32b1f805b64510bdcfaa32b1f805b64430bdcfaa32b1f805b64510bdcfaa32b1f805b64
2026-10-01 20:45:31.008 [OP] 40E3 inv=FFF3 len=12 #4 d70e392bca805b64db0b6ffa
2026-10-01 20:45:31.008 [OP] 40E2 inv=FFF3 len=12 #4 c6ecfc0b6f5a4e7845809564
2026-10-01 20:45:31.008 [OP] 4232 inv=FF60 len=159 #4 6523d0dce0a32b1f4f5b645127dcfaa3de1f805b6f510bdc1c462b1f805b64510bdcfaa32b1f805b64510bdcfaa32b1f805b64510bdcfaa30ead805b64510bdc5df82b1f805b6451e752faa32b1f805bf6580bdcfaa32b1f477a6451dd52faa318ca805b5e510bdc25a32b1fef5b6451c4dcfaa3c7ad805ba5510bdc1aa32b1f8e5b64510bdcfaa32cd672eca2d661e2b05b931f805b64510bdcfaa32b1f80
2026-10-01 20:45:31.008 [OP] 4202 inv=FFEF len=16 #2 feecdcfab42b1f8056df510bc3c4a32b
2026-10-01 20:45:31.009 [OP] 4055 inv=FFF7 len=8 #2 c6ecfc0bdcfaa32b
2026-10-01 20:45:31.009 [OP] 401B inv=FEB3 len=332 #2 e45dad800d64510b17faa32bb907c464530bdcfa972b1f8099d9510bdcfaa32b53ca5b64510bdcfa5a531f805b64510b9bc4a32b1f805b64bc595ab12b21ab805b64510bdcfaa32b1faa5b64d7b252fada2b1f804964510bf453a32b1f805b64820cdcfaa32b1f803f08510bdcfaa32b5b4f5b64510bdcfa16876c842d43510bdcfaa32b1f805b64510bdce8e45dad803164510b6dfaa32b73ce5b64510bdcfa
2026-10-01 20:45:31.045 [OUT] 0185 inv=FFF7 len=12 #4 f7ff8501dcfaa32bc8d97b81
2026-10-01 20:45:31.090 [OP] 40A0 inv=FF7F len=128 #2 c6ecfc0b90faa32b4f125b644f0bdcfadb4a86550b70510bdcfaa32b1f805b64510bdcfaa32b1f805b64510bdcfaa32b1f805b64510bdcfaa32b1f8039f80dd0d9e8f0deb1605b6439ecdcfadb4ac3548a70b10568bbea0232805b64510bdcfaa32b1f805b64510bdcfaa32b1f805b64510bdcfaa32b1f802edfe0ec0fc46453
2026-10-01 20:45:41.842 [OP] 40A0 inv=FF7F len=128 #3 c6ecfc0b90cca32bce125b64e07fdcfadb4ae4f1245d510bdcfaa32b1f805b64510bdcfaa32b1f805b64510bdcfaa32b1f805b64510bdcfaa32b1f80f16fbd7f92ae2e9328605b6439ecdcfadb4ac3548a70b10576bbea0232805b64510bdcfaa32b1f805b64510bdcfaa32b1f805b64510bdcfaa32b1f805f087ed049e0d5de
2026-10-01 20:46:49.392 [SYS] #00FFFF#10位玉女携带礼物参加国庆活动，#00FF00#2#00FFFF#分钟后将出现在夕阳草原，请各位冒险者前去保护她们免受BOSS骚扰#FF0000#（BOSS有一定几率携带稀有宝宝）。#FFFFFF#
2026-10-01 20:46:50.517 [SYS] 物品栏满
2026-10-01 20:47:16.857 [OP] 40A0 inv=FFBB len=68 #4 c6ecfc0b6ffa392b0c605b6439ecdcfadb4ac3548a70b10571bbea0232805b64510bdcfaa32b1f805b64510bdcfaa32b1f805b64510bdcfaa32b1f8006df5575dac4a624
2026-10-01 20:47:39.898 [SYS] #00FF00#1#00FFFF#分钟后逍遥村周围将掉落20个宝箱，捡取可获得意外惊喜喔！#FFFFFF#
2026-10-01 20:47:49.419 [SYS] #00FFFF#10位玉女携带礼物参加国庆活动，#00FF00#1#00FFFF#分钟后将出现在夕阳草原，请各位冒险者前去保护她们免受BOSS骚扰#FF0000#（BOSS有一定几率携带稀有宝宝）。#FFFFFF#
2026-10-01 20:47:56.185 [OP] 40A0 inv=FFBB len=68 #5 c6ecfc0b6ffadb2ba6605b6439ecdcfadb4ac3548a70b10571bbea0232805b64510bdcfaa32b1f805b64510bdcfaa32b1f805b64510bdcfaa32b1f8089f86f08d0e8186f
2026-10-01 20:48:49.394 [SYS] #00FFFF#10位玉女携带礼物参加国庆活动，已经出现在夕阳草原，请各位冒险者前去保护她们免受BOSS骚扰（BOSS有一定几率携带稀有宝宝）。#FFFFFF#
2026-10-01 20:49:21.243 [SYS] #ff0000#您已进入野外区域，可能遭遇玩家间的自由对战，请注意安全！#ffffff#
2026-10-01 20:49:21.365 [OP] 40E0 inv=FED1 len=302 #5 408052fa17de1f805b64510b5afaa32b1f805b64ecd0dcfaa32b1f80bd64510bdcfaa32b2f035b64fc0bdcfa392b1f804864510b52faa32bad805b64fc0bdcfa392b1f804864510b52faa32bad805b64f80bdcfa4d2b1f80c464510b8ffaa32b47805b64580bdcfa462b1f800d64510b8ffaa32b1f805b64510bdcfaa32b1f805b64510bdcfaa32b1f805b64430bdcfaa32b1f805b64510bdcfaa32b1f805b64
2026-10-01 20:49:21.367 [OP] 40E3 inv=FFF3 len=12 #5 d70e392bca805b64db0b6ffa
2026-10-01 20:49:21.367 [OP] 40E2 inv=FFF3 len=12 #5 c6ecfc0b6f5a4e7845809564
2026-10-01 20:49:21.367 [OP] 4232 inv=FF60 len=159 #5 6523d0dce0a32b1f4f5b645127dcfaa3de1f805b6f510bdc1c462b1f805b64510bdcfaa32b1f805b64510bdcfaa32b1f805b64510bdcfaa30ead805b64510bdc5df82b1f805b6451e752faa32b1f805bf6580bdcfaa32b1f477a64513e52faa318ca805b5e510bdc25a32b1fef5b6451c4dcfaa3c7ad805ba5510bdc1aa32b1f8e5b64510bdcfaa32cd672eca2d661e2b05b931f805b64510bdcfaa32b1f80
2026-10-01 20:49:21.367 [OP] 4202 inv=FFEF len=16 #3 95ecdcfab42b1f8072df510be4c4a32b
2026-10-01 20:49:21.368 [OP] 4055 inv=FFF7 len=8 #3 c6ecfc0bdcfaa32b
2026-10-01 20:49:21.368 [OP] 401B inv=FEB3 len=332 #3 e45dad800d64510b17faa32bb907c464530bdcfa972b1f8099d9510bdcfaa32b53ca5b64510bdcfa0a2b1f805b64510b9bc4a32b1f805b64bc595ab12b21ab805b64510bdcfaa32b1f3b5b64d7b252fada2b1f804964510bf453a32b1f805b64820cdcfaa32b1f803f08510bdcfaa32b5b4f5b64510bdcfa16876c842d43510bdcfaa32b1f805b64510bdcfae45dad803164510b6dfaa32b73ce5b64510bdcfa
2026-10-01 20:49:21.396 [OUT] 0185 inv=FFF7 len=12 #5 f7ff8501dcfaa32bc8d97b81
2026-10-01 20:49:31.738 [SYS] #ff0000#您已进入野外区域，可能遭遇玩家间的自由对战，请注意安全！#ffffff#
2026-10-01 20:49:31.738 [OP] 401B inv=FEB3 len=332 #4 e45dad800d64510b17faa32bb907c464530bdcfa972b1f8099d9510bdcfaa32b53ca5b64510bdcfa0a2b1f805b64510b9bc4a32b1f805b64bc595ab12b21ab805b64510bdcfaa32b1faa5b64d7b252fada2b1f804964510bf453a32b1f805b64820cdcfaa32b1f803f08510bdcfaa32b5b4f5b64510bdcfa16876c842d43510bdcfaa32b1f805b64510bdce8e45dad803164510b6dfaa32b73ce5b64510bdcfa
2026-10-01 20:49:31.738 [OP] 4202 inv=FFEF len=16 #4 feecdcfab42b1f80d07f510b2625a32b
2026-10-01 20:49:31.738 [OP] 4055 inv=FFF7 len=8 #4 c6ecfc0bdcfaa32b
2026-10-01 20:53:50.832 [SYS] #ff0000#您已进入野外区域，可能遭遇玩家间的自由对战，请注意安全！#ffffff#
2026-10-01 20:53:50.927 [OP] 4202 inv=FFEF len=16 #5 b7ecdcfa572b1f80387f510b80c4a32b
2026-10-01 20:53:50.929 [OP] 4055 inv=FFF7 len=8 #5 c6ecfc0bdcfaa32b
2026-10-01 20:53:50.929 [OP] 401B inv=FEB3 len=332 #5 e45dad800d64510b17faa32bb907c464530bdcfa972b1f8099d9510bdcfaa32b53ca5b64510bdcfa0a2b1f805b64510b9bc4a32b1f805b64bc595ab12b21ab805b64510bdcfaa32b1f805b64d7b252fada2b1f804964510bf453a32b1f805b64820cdcfaa32b1f803f08510bdcfaa32b5b4f5b64510bdcfa16876c842d43510bdcfaa32b1f805b64510bdcfae45dad803164510b6dfaa32b73ce5b64510bdcfa
2026-10-01 20:54:00.925 [OUT] 009C inv=FFFB len=8 #1 fbff9c00dcfaa32b
2026-10-01 20:54:01.021 [OP] 42E5 inv=FFE5 len=26 #1 0edf510b155a4e78ca805b64510bdcfaa32b1f805b64510bdcfa
2026-10-01 20:54:07.048 [SYS] #FFF692#交纳传送费用#00CCFF#690#FFF692#金币！
2026-10-01 20:54:07.146 [CURRENCY] a=201783 b=98912
2026-10-01 20:54:07.794 [OUT] 009C inv=FFFB len=8 #2 fbff9c00dcfaa32b
2026-10-01 20:54:07.796 [OUT] 009C inv=FFFB len=8 #3 fbff9c00dcfaa32b
2026-10-01 20:54:07.801 [OUT] 009C inv=FFFB len=8 #4 fbff9c00dcfaa32b
2026-10-01 20:54:07.806 [OUT] 009C inv=FFFB len=8 #5 fbff9c00dcfaa32b
2026-10-01 20:54:07.807 [OUT] 0135 inv=FFF7 len=12 #1 f7ff3501dcfaa32b4e805b64
2026-10-01 20:54:07.814 [OUT] 0135 inv=FFF7 len=12 #2 f7ff3501dcfaa32bc9805b64
2026-10-01 20:54:07.827 [OUT] 0135 inv=FFF7 len=12 #3 f7ff3501dcfaa32b5e805b64
2026-10-01 20:54:07.855 [OP] 42E5 inv=FFE5 len=26 #2 7a64510b20faa32bca0c3cc8065c59cc859a0d869887050bdcfa
2026-10-01 20:54:07.950 [OP] 42A7 inv=FEE6 len=281 #1 437a7f5100dcfaa3cdfc289f102b2ee05931bb3c475f167efcbea082c53cd96af1a8075fb5f68057289f1018fcbeca31732b8ef95ca80749ec8260c643dcf129882c60d138944e4d4a40ffd7446abbd8ec77299b246a3e6a37c643c6a58375ae5b38006231f44a56dad73e3838b731f924ff76645b1e242043c64c5f766482a024a3bf3d248376643ed5242b31c34c4687f4773c002b79f935a87664903cfe94
2026-10-01 20:54:07.950 [OP] 42A7 inv=FEE6 len=281 #2 437a7f51bcdcfaa31831d3c20133340c33509e31d3c2019ff0dcfaa32b1f805b64510bdcfaa32b31d35b64510bdcfa04181f805bfc250befa9a32b1f805b642564dcfa04e91f80c201510bcdfaa32b88805b64510bdcfa8b311f80acfb510bdcfc0418277e5b643334dcfa04e91f7e3efc251939fc10e972c15b649f0b39fc102b1f805bfc25190c33a32b1f803efc5119cd8aa32b272bc2ca510bdcfc042b27
2026-10-01 20:54:07.950 [OP] 42A7 inv=FEE6 len=281 #3 437a7f5133dcfaa30062832e058960677f329cdb9ec3538975ceec388294473d4c8260db9048cd942cc35c18755f8f4841572cc35ce656491792383c90db81a552159d31b04f615f1652cb155a4e470b8fdb81a5cb210cf6fe65d97bdd8352155aeb410bd9325382875f5a4e47d88f7e86e675155ab82442836addf65315251ce2c88f6a3cf475f477236f65796a5c8375495b596f5d793b2b526ae0252924c8
2026-10-01 20:54:07.950 [OP] 42E5 inv=FFE5 len=26 #3 7a64510b20faa32bca0c3cc8065c59cc859a0d869887050bdcfa
2026-10-01 20:54:07.950 [OP] 42E5 inv=FFE5 len=26 #4 7a64510b20faa32bca0c3cc8065c59cc859a0d869887050bdcfa
2026-10-01 20:54:07.950 [OP] 42E5 inv=FFE5 len=26 #5 7a64510b20faa32bca0c3cc8065c59cc859a0d869887050bdcfa
2026-10-01 20:54:18.875 [OUT] 0135 inv=FFF7 len=12 #4 f7ff3501dcfaa32b72805b64
2026-10-01 20:54:18.983 [OP] 42A7 inv=FEE6 len=281 #4 437a7f5134dcfaa31831d3c20133340c33509e31d3c2019ff0dcfaa32b1f805b64510bdcfaa32b31d35bfb9f1939fc102b1f805b64510befa9a3181f803efc250bdcfaa32b1f80c2015119dcfa10e91f805bfc510bdcfa8b311f2b3efc250bdcfa04181f805b643334dcfc10e9882b3efc9f0bdcfaa32b72c15bfc9f0bdcfc10e91f80ac64510b0c33a32b1f805bfc2564cd8aa32b278063ca510bdcfa04181f
2026-10-01 20:54:32.331 [OUT] 0135 inv=FFF7 len=12 #5 f7ff3501dcfaa32ba8805b64
2026-10-01 20:54:32.399 [OP] 42A7 inv=FEE6 len=281 #5 437a7f5181dcfaa361b527e02ed740b6646c61b527e02ed740b6c9c1c15f9afa0ee2ccc000c161b527fa5d8cd6fcc93ad2a2d0fac0d50bb6649bbf2cb677218c8fd585c112a213e02ed5a312ff44ad2abfd2f0c675dc006c6171d0c53ec70fb3e667d1a8bf0b5dd7403819d1562ca67ef3faaa32789bd2b5275bc06d62bc213afeb98277178cd6b664a32457314e131fe307213a56017de02e518c588244d1b7
2026-10-01 20:54:44.341 [SYS] #ff0000#您已进入野外区域，可能遭遇玩家间的自由对战，请注意安全！#ffffff#
2026-10-01 20:55:06.368 [SYS] 物品栏满
2026-10-01 20:55:18.521 [OP] 40A1 inv=FFEB len=20 #1 510bdcfa7ec71f809464510bb22202cef6ce7c6f
2026-10-01 20:55:20.725 [OP] 40A1 inv=FFEB len=20 #2 510bdcfa7ec71f809464510bb22202cef6ce7c6f
2026-10-01 20:55:22.974 [OP] 40A1 inv=FFEB len=20 #3 510bdcfa7ec71f809464510bb22202cef6ce7c6f
2026-10-01 20:55:23.293 [SYS] 物品栏满
2026-10-01 20:55:28.288 [OP] 40A1 inv=FFEB len=20 #4 510bdcfa9e7d1f809464510b0122ab6f30ce7ddd
2026-10-01 20:55:42.476 [SYS] #ff0000#您已进入野外区域，可能遭遇玩家间的自由对战，请注意安全！#ffffff#
2026-10-01 20:55:58.972 [OP] 40A1 inv=FFEB len=20 #5 510bdcfaff5d1f809464510bdc5bcadecb4fad26
2026-10-01 20:56:00.569 [SYS] 物品栏满
2026-10-01 20:56:20.732 [SYS] 物品栏满
2026-10-01 20:57:18.103 [SYS] 物品栏满
2026-10-01 20:57:27.290 [OP] 4708 inv=FFF3 len=12 #1 3ccdfc0bb6c2392b0f805b64
2026-10-01 20:57:45.303 [SYS] 物品栏满
2026-10-01 20:58:18.341 [SYS] 物品栏满
2026-10-01 20:58:24.004 [SYS] #00FF00#1#00FFFF#分钟后逍遥村周围将掉落20个宝箱，捡取可获得意外惊喜喔！#FFFFFF#
2026-10-01 20:58:24.004 [SYS] #00FFFF#10位玉女携带礼物参加国庆活动，#00FF00#5#00FFFF#分钟后将出现在夕阳草原，请各位冒险者前去保护她们免受BOSS骚扰#FF0000#（BOSS有一定几率携带稀有宝宝）。#FFFFFF#
2026-10-01 20:59:07.910 [SYS] #ff0000#您已进入野外区域，可能遭遇玩家间的自由对战，请注意安全！#ffffff#
2026-10-01 21:00:00.143 [SYS] #00FFFF#国庆节特别活动“红旗飘飘贺国庆”#00FF00#正式开启#00FFFF#，冒险者可以在逍遥西的#FF0000#大冒险活动官#00FFFF#处参加活动，收集喜庆用品装饰旗台，赢取丰富的属性及道具奖励，幸运的冒险者还将得到#FF0000#稀有奖励#FFFFFF#！
2026-10-01 21:00:09.897 [SYS] 物品栏满
2026-10-01 21:00:35.207 [SYS] #ff0000#您已进入野外区域，可能遭遇玩家间的自由对战，请注意安全！#ffffff#
2026-10-01 21:00:46.949 [SYS] #ff0000#您已进入野外区域，可能遭遇玩家间的自由对战，请注意安全！#ffffff#
2026-10-01 21:01:23.905 [SYS] #00FFFF#10位玉女携带礼物参加国庆活动，#00FF00#2#00FFFF#分钟后将出现在夕阳草原，请各位冒险者前去保护她们免受BOSS骚扰#FF0000#（BOSS有一定几率携带稀有宝宝）。#FFFFFF#
2026-10-01 21:01:37.500 [SYS] #00FF00#1#00FFFF#分钟后逍遥村周围将掉落20个宝箱，捡取可获得意外惊喜喔！#FFFFFF#
2026-10-01 21:01:47.229 [SYS] 物品栏满
2026-10-01 21:02:23.920 [SYS] #00FFFF#10位玉女携带礼物参加国庆活动，#00FF00#1#00FFFF#分钟后将出现在夕阳草原，请各位冒险者前去保护她们免受BOSS骚扰#FF0000#（BOSS有一定几率携带稀有宝宝）。#FFFFFF#
2026-10-01 21:03:23.922 [SYS] #00FFFF#10位玉女携带礼物参加国庆活动，已经出现在夕阳草原，请各位冒险者前去保护她们免受BOSS骚扰（BOSS有一定几率携带稀有宝宝）。#FFFFFF#
2026-10-01 21:03:39.522 [SYS] #00FF00#1#00FFFF#分钟后逍遥村周围将掉落20个宝箱，捡取可获得意外惊喜喔！#FFFFFF#
2026-10-01 21:04:27.718 [SYS] #FFF692#恭喜#FF8CF8#Nnnnnn1#FFF692#在#00C8F8#国庆福袋#FFF692#中获得了#64FF7D#摄魂铃铛
2026-10-01 21:04:29.102 [SYS] #FFF692#恭喜#FF8CF8#Nnnnnn1#FFF692#在#00C8F8#国庆福袋#FFF692#中获得了#64FF7D#古老的袖里剑
2026-10-01 21:04:30.488 [SYS] 物品栏满
2026-10-01 21:04:34.366 [SYS] #FFF692#恭喜#FF8CF8#Nnnnnn1#FFF692#在#00C8F8#国庆福袋#FFF692#中获得了#64FF7D#宠物印记
2026-10-01 21:05:48.283 [OP] 4707 inv=FFF3 len=12 #1 e45dad80c6ecfc0b17faa32b
2026-10-01 21:05:54.249 [OP] 43F1 inv=FFFA len=5 #1 86bb531faa
2026-10-01 21:05:59.637 [SYS] #FFF692#恭喜#FF8CF8#Nnnnnn1#FFF692#在#00C8F8#国庆福袋#FFF692#中获得了#64FF7D#宠物印记
2026-10-01 21:06:00.373 [SYS] #FFF692#恭喜#FF8CF8#Nnnnnn1#FFF692#在#00C8F8#国庆福袋#FFF692#中获得了#64FF7D#魔法命运骰子
2026-10-01 21:07:18.797 [OP] 43F1 inv=FFFA len=5 #2 7989931fc7
2026-10-01 21:07:58.644 [OUT] 0050 inv=FFF7 len=12 #1 f7ff5000a32b1f80703d510b
2026-10-01 21:07:58.693 [OP] 4019 inv=FFB3 len=76 #1 408052fafeae1f80957f510c73fa32e7e4963e675ba653008b696cd5b446b117962309a34b1d24a35c5a28b73b8db9d7f6b7510b6afa41618605bd9b515edcfa312b91b083e51383629ba32b
2026-10-01 21:08:00.929 [OUT] 0051 inv=FFF7 len=12 #1 f7ff51005b64510bdcfaa32b
2026-10-01 21:08:13.488 [OUT] 0050 inv=FFF7 len=12 #2 f7ff5000a32b1f80fbdf510b
2026-10-01 21:08:13.537 [OP] 4019 inv=FF17 len=232 #2 e45dad80fbdf510b6fe0a32bab802de62554d897049b38f3db355ba6cd6c09a31c0ee64e87a45b1880a1b57ebd4ee16fb694f919e50fe6fb5b2a5ab7f931c5e45be4580b29fa8f3a1abe35e957d79f568f6ce23a35a053d777bb50a00b1ce06c5cfba82da3ce1f804964a62337e3da6ce2cdd209a6b92da6da3a1acdb29b33f962436c8d9a0c2d83136adcfa172bf7be35a053b92d3d5e20f76a6f975323373d
2026-10-01 21:08:14.474 [OUT] 0051 inv=FFF7 len=12 #2 f7ff51005b64510b52faa32b
2026-10-01 21:08:14.526 [OP] 40C0 inv=FFF5 len=10 #1 e45dad80c87f580bb3b4
2026-10-01 21:08:15.897 [OUT] 0055 inv=FFD1 len=50 #1 d1ff55005b03d119bdecdcfa4d531f80d07f7cec3ec40d5374c7737f9d7f6dc4bd53e812eadf007f732508f3b81f0edffeec
2026-10-01 21:08:15.981 [OP] 4020 inv=FFE7 len=24 #2 408052fa672bca8094c80e0b155a4e783a7c94648e0bdcfa
2026-10-01 21:08:15.981 [OP] 4020 inv=FFE7 len=24 #3 408052fa672bca8094c80e0b155a4e783a7c94647c0bdcfa
2026-10-01 21:08:15.981 [OP] 4020 inv=FFE7 len=24 #4 408052fa672bca8094c80e0b155a4e783a7c9464230bdcfa
2026-10-01 21:08:15.981 [OP] 4020 inv=FFE7 len=24 #5 408052fa672bca8094c80e0b155a4e783a7c9464150bdcfa
2026-10-01 21:08:16.065 [OP] 40C1 inv=FFF2 len=13 #1 3767ce5b64510bdcfaa32b1f80
2026-10-01 21:08:16.066 [CURRENCY] a=201783 b=107832
2026-10-01 21:08:18.203 [OUT] 0046 inv=FFF7 len=12 #1 f7ff4600a32b1f804064510b
2026-10-01 21:08:18.337 [OP] 4026 inv=FFE7 len=24 #1 20de3832c4df51ece2fae80cca8095a2515054e0a353d680
2026-10-01 21:08:18.637 [OUT] 0178 inv=FFFB len=8 #1 fbff780195a9234f
2026-10-01 21:08:18.790 [OP] 404D inv=FEE3 len=284 #1 d70e392b8c809564a552155aa32b1f80c764510ba9d3a32bca8095640e0b6ffaecc31f809564580b52faf82bc8d97b81510bdcfae72b1f8037e7510b6ffaf82b9d800d64b288dcfaf82bca800d640e0b780da32bca8095640b0b6ffa90b01f809564580b6afaf82ba1525b64580b6ffa572bca807b81a552dcfaa32b25805b64d5e7dcfaf82bca80dc64580b8c21a32bca809564af0b6ffa0f381f809564580b
2026-10-01 21:08:18.792 [OUT] 0045 inv=FFF7 len=12 #2 f7ff4500510bdcfadb2b1f80
2026-10-01 21:08:18.793 [OUT] 0045 inv=FFF7 len=12 #3 f7ff4500510bdcfa392b1f80
2026-10-01 21:08:18.793 [OUT] 0045 inv=FFF7 len=12 #4 f7ff4500510bdcfafd2b1f80
2026-10-01 21:08:18.793 [OUT] 0045 inv=FFF7 len=12 #5 f7ff4500510bdcfa462b1f80
2026-10-01 21:08:18.888 [OP] 4025 inv=FFF5 len=10 #2 db533832c4df51ece2fa
2026-10-01 21:08:18.992 [OP] 4025 inv=FFF5 len=10 #3 39533832c4df51ece2fa
2026-10-01 21:08:18.993 [OP] 4025 inv=FFF5 len=10 #4 fd533832c4df51ece2fa
2026-10-01 21:08:18.993 [OP] 4025 inv=FFF5 len=10 #5 46533832c4df51ece2fa
2026-10-01 21:08:24.880 [OUT] 0046 inv=FFF7 len=12 #2 f7ff4600a32b1f805b64510b
2026-10-01 21:08:24.914 [OUT] 0046 inv=FFF7 len=12 #3 f7ff4600a32b1f80c464510b
2026-10-01 21:08:25.008 [OP] 4026 inv=FFE7 len=24 #2 a3de3832c4df51ece2fae80cca8095a251505422a353d680
2026-10-01 21:08:25.109 [OP] 4026 inv=FFE7 len=24 #3 39de3832c4df51ece2fae80cca8095a2515054e8a353d680
2026-10-01 21:08:47.204 [OP] 43F1 inv=FFFA len=5 #3 9d2f931fc7
2026-10-01 21:08:48.882 [OP] 40A2 inv=FFF3 len=12 #1 dcfaa32bca805b645469dcfa
2026-10-01 21:09:21.629 [OP] 40A2 inv=FFF3 len=12 #2 dcfaa32bca805b64de69dcfa
2026-10-01 21:09:43.547 [OUT] 0048 inv=FFF7 len=12 #1 f7ff48005ec4a32b1fc79564
2026-10-01 21:09:43.659 [OP] 4721 inv=FFF7 len=8 #1 d70e392b1fc79564
2026-10-01 21:09:44.635 [OUT] 0178 inv=FFFB len=8 #2 fbff780195a9234f
2026-10-01 21:09:44.767 [OP] 404D inv=FEFB len=260 #2 c687c464080b6ffa42b41f809564580b52fa462b54765b64580b6ffadb2bca801c47510b6ffaf82b9d8094647488dcfaf82bca800d64580b350da32bca8095640b0b6ffa2ed31f809564580b6afaf82b093f5b64580b6ffa572bca8046f0510b6ffaf82b3c809564c089dcfaf82bca806b64580bc521a32bca8095643b0b6ffa89381f809564580bc6faf82b238a5b64580b6ffa722bca806df0510b6ffaf82b
2026-10-01 21:09:48.031 [OUT] 0049 inv=FFEC len=23 #1 ecff49002b1f805b64510bdc5a4e78c8805b64510bfac4
2026-10-01 21:09:48.087 [SYS] 获得了#00FF00#1#FFF692#块#64FF7D#(御)加钙地瓜
2026-10-01 21:09:48.176 [SYS] 获得了#00FF00#1#FFF692#瓶#64FF7D#(御)地沟果奶
2026-10-01 21:09:48.176 [SYS] 获得了#00FF00#1#FFF692#个#64FF7D#(御)通关钥匙
2026-10-01 21:09:48.176 [SYS] 获得了#00FF00#1#FFF692#辆#64FF7D#(御)香蕉车
2026-10-01 21:09:48.177 [SYS] 获得了#00FF00#10#FFF692#个#64FF7D#(御)冒险精气
2026-10-01 21:09:48.876 [OP] 40A2 inv=FFF3 len=12 #3 dcfaa32bca805b647869dcfa
2026-10-01 21:09:49.748 [OUT] 0049 inv=FFEC len=23 #2 ecff49002b1f805b64510bdc5a4e78c8805b64510ba7c4
2026-10-01 21:09:49.799 [SYS] 获得了#00FF00#1#FFF692#条#64FF7D#守护护腰
2026-10-01 21:09:49.891 [SYS] 获得了#00FF00#1#FFF692#个#64FF7D#(御)小肉林
2026-10-01 21:09:49.892 [SYS] 获得了#00FF00#1#FFF692#个#64FF7D#(御)小酒池
2026-10-01 21:09:49.892 [SYS] 获得了#00FF00#3#FFF692#张#64FF7D#(御)温泉消费券
2026-10-01 21:09:49.892 [SYS] 获得了#00FF00#10#FFF692#个#64FF7D#(御)冒险精气
2026-10-01 21:09:51.656 [OUT] 0049 inv=FFEC len=23 #3 ecff49002b1f805b64510bdc5a4e78c8805b64510b66c4
2026-10-01 21:09:51.709 [SYS] 获得了#00FF00#1#FFF692#把#64FF7D#酷·真诚鸡腿棒
2026-10-01 21:09:51.800 [SYS] 获得了#00FF00#1#FFF692#份#64FF7D#(御)黄金搭挡
2026-10-01 21:09:51.800 [SYS] 获得了#00FF00#10#FFF692#个#64FF7D#(御)冒险精气
2026-10-01 21:09:53.501 [OUT] 0049 inv=FFEC len=23 #4 ecff49002b1f805b64510bdc5a4e78c8805b64510bc6c4
2026-10-01 21:09:53.556 [SYS] 获得了#00FF00#1#FFF692#双#64FF7D#箭翎便鞋
2026-10-01 21:09:53.643 [SYS] 获得了#00FF00#1#FFF692#份#64FF7D#(御)心灵鸡汤
2026-10-01 21:09:53.644 [SYS] 获得了#00FF00#1#FFF692#份#64FF7D#(御)希望饲料
2026-10-01 21:09:53.644 [SYS] 获得了#00FF00#1#FFF692#颗#64FF7D#(御)幸运丸
2026-10-01 21:09:53.645 [SYS] 获得了#00FF00#10#FFF692#个#64FF7D#(御)冒险精气
2026-10-01 21:09:55.222 [OUT] 0049 inv=FFEC len=23 #5 ecff49002b1f805b64510bdc5a4e78c8805b64510b02c4
2026-10-01 21:09:55.275 [SYS] 获得了#00FF00#1#FFF692#根#64FF7D#酷·摇摆鸡腿棒
2026-10-01 21:09:55.363 [SYS] 获得了#00FF00#1#FFF692#张#64FF7D#(御)囧盒仔
2026-10-01 21:09:55.364 [SYS] 获得了#00FF00#10#FFF692#个#64FF7D#(御)冒险精气
2026-10-01 21:09:55.364 [SYS] 获得了#00FF00#1#FFF692#个#64FF7D#(御)宠物装备激活器
2026-10-01 21:09:56.809 [SYS] 职业不匹配
2026-10-01 21:09:57.828 [OUT] 0046 inv=FFF7 len=12 #4 f7ff4600a32b1f809464510b
2026-10-01 21:09:57.908 [OP] 4026 inv=FFD5 len=42 #4 59ef86b90e7ab23ca353d68086894eb2dcc45b2bf66d95645861dc10d9931faaec64175852c4a353d6aa
2026-10-01 21:09:58.049 [SYS] #00FF00#1#00FFFF#分钟后逍遥村周围将掉落20个宝箱，捡取可获得意外惊喜喔！#FFFFFF#
2026-10-01 21:09:58.426 [OUT] 0178 inv=FFFB len=8 #3 fbff780195a9234f
2026-10-01 21:09:58.503 [OP] 404D inv=FE83 len=380 #3 c687c464630b6ffafdb01f809564580b66fa392b102b5b64d60be2faa32bca804047510b6ffaf82b29809564da64dcfa3d2bd9809564580bcea7a32bca809564af0b8ffae1f21f80ec64d60b90faf82b34ec5b64580b6ffab72bca807193510ba5faed2bad8095643d89dcfaf82bca800e64580b39c0a32bca809564b20b6ffa04941f809564580b8ffa982b59af5b64580b6ffa202b8080323e510b6ffaf82b
2026-10-01 21:09:59.077 [OUT] 0046 inv=FFF7 len=12 #5 f7ff4600a32b1f80c364510b
2026-10-01 21:09:59.202 [OP] 4026 inv=FFE7 len=24 #5 23de3832c4df51ece2fae80cca8095a2515054e8a353d680
2026-10-01 21:10:02.476 [OUT] 0047 inv=FFF3 len=16 #1 f3ff4700cc54a8ce5bdf510b6f5a4e78
2026-10-01 21:10:02.692 [OP] 4027 inv=FFF5 len=10 #1 d70e392b1faa5b64587f
2026-10-01 21:10:02.693 [OP] 401E inv=FFAD len=82 #1 e45dad80c6ecfc0b52faa32b1f805b64e690dcfa4e78c8d9dffc510b2a9ea32bc8d97b81a552155a1c461f80a69a510b8631a32bc8d97b81a552155a4e78c8d97b81a552dcfaa32b1f805b64510bdcfaa32b
2026-10-01 21:10:04.093 [OUT] 0047 inv=FFF3 len=16 #2 f3ff4700cc54a8ce5bdf510b905a4e78
2026-10-01 21:10:04.295 [OP] 4027 inv=FFF5 len=10 #2 d70e392b1faa5b640e75
2026-10-01 21:10:04.857 [OUT] 0047 inv=FFF3 len=16 #3 f3ff4700cc54a8ce5bdf510b525a4e78
2026-10-01 21:10:04.965 [OP] 4027 inv=FFF5 len=10 #3 d70e392b1faa5b64fcd0
2026-10-01 21:10:06.061 [OUT] 0047 inv=FFF3 len=16 #4 f3ff4700cc54a8ce5bdf510b8b5a4e78
2026-10-01 21:10:06.170 [OP] 404C inv=FFDF len=32 #1 c6ecfc0b6fc4462bc8d97b81510bdcfafd2b1f80ac3e510b6ffaf82b3c809564
2026-10-01 21:10:07.264 [OUT] 017B inv=FFFB len=8 #1 fbff7b011f805b64
2026-10-01 21:10:07.385 [OP] 47AA inv=FFFB len=4 #1 e45dad80
2026-10-01 21:10:07.385 [OP] 401E inv=FFAD len=82 #2 e45dad80c6ecfc0b52faa32b1f805b64e690dcfa4e78c8d9dffc510badb3a32bc8d97b81a552155a1c461f801793510b8631a32b88765b64a552155a4e78c8d97b81a552dcfaa32b1f805b64510bdcfaa32b
2026-10-01 21:10:09.537 [OP] 42CF inv=FFE3 len=28 #1 c6ecfc0b1922a32b1f805b64510bdcfaf2791f805b64510bdcfaa32b
2026-10-01 21:10:09.538 [OP] 42CF inv=FFE3 len=28 #2 c6ecfc0b1922a32b1f805b64510bdcfaf2791f805b64510bdcfaa32b
2026-10-01 21:10:10.791 [OP] 42CF inv=FFE3 len=28 #3 c6ecfc0bd622a32b1f805b64510bdcfa52391f805b64510bdcfaa32b
2026-10-01 21:10:10.791 [OP] 42CF inv=FFE3 len=28 #4 c6ecfc0bd622a32b1f805b64510bdcfa52391f805b64510bdcfaa32b
2026-10-01 21:10:14.613 [OUT] 0048 inv=FFF7 len=12 #2 f7ff4800dcfaa32b1f4f5e64
2026-10-01 21:10:14.759 [OP] 4721 inv=FFF7 len=8 #2 d70e392b1f4f5e64
2026-10-01 21:10:17.409 [OUT] 0048 inv=FFF7 len=12 #3 f7ff4800dcfaa32b1fef5e64
2026-10-01 21:10:17.468 [OP] 4721 inv=FFF7 len=8 #3 d70e392b1fef5e64
2026-10-01 21:10:19.831 [SYS] 黄玉锥不足。
2026-10-01 21:10:21.530 [OUT] 005A inv=FFFB len=8 #1 fbff5a0012fee4d5
2026-10-01 21:10:21.586 [OP] 404A inv=FFF7 len=8 #1 e45dad805b64580b
2026-10-01 21:10:22.115 [OUT] 0177 inv=FFF9 len=10 #1 f9ff77013064510ba7ae
2026-10-01 21:10:22.182 [OP] 404D inv=FFDF len=32 #4 d70e392bcaaa6077a552155aa32b1f806b64510bcea7a32bca809564510b8ffa
2026-10-01 21:10:32.595 [OP] 43F1 inv=FFFA len=5 #4 d99d931fc7
2026-10-01 21:10:36.453 [OUT] 0178 inv=FFFB len=8 #4 fbff780195a9234f
2026-10-01 21:10:36.643 [OP] 404D inv=FE8F len=368 #5 c6ecfc0b6dfaa32b102b5b64d60be2faf82bca808164510b7afa5b2b1f8095640b88dcfaf82bca80c364580b26c0a32bca809564b20b6ffa97b01f809564580b66faf82b9dec5b64580b6ffa462bad802216510b6ffaf82b84809564fd88dcfaf82bca804064580bc740a32bca8095642d0b6ffa407a1f809564580ba9faf82b62ec5b64580b6ffa572bca80c58a510b6ffaf82b2d8095647488dcfaf82bca80
2026-10-01 21:10:39.226 [OUT] 005B inv=FFFA len=9 #1 faff5b006121c77f2b
2026-10-01 21:10:39.243 [OUT] 005B inv=FFFA len=9 #2 faff5b00b4afc77f2b
2026-10-01 21:10:39.373 [OP] 404B inv=FFE7 len=24 #1 d70e392b1faa956417b5dcfaa32b1f809564510b6fb0a32b
2026-10-01 21:10:39.423 [OP] 404B inv=FFE7 len=24 #2 d70e392b1faa956417b5dcfaa32b1f809564510b6fb0a32b
2026-10-01 21:10:41.472 [OUT] 0022 inv=FFF5 len=14 #1 f5ff22009540c0fd90c46f5d575a
2026-10-01 21:10:41.518 [OP] 4610 inv=FFFE len=1 #1 f8
2026-10-01 21:10:42.475 [OUT] 0022 inv=FFF5 len=14 #2 f5ff22009540c0fd6fc4526b18e7
2026-10-01 21:10:42.523 [OP] 4610 inv=FFFE len=1 #2 94
2026-10-01 21:10:43.439 [OP] 40A2 inv=FFF3 len=12 #4 dcfaa32bca805b64f769dcfa
2026-10-01 21:10:43.483 [OUT] 0022 inv=FFF5 len=14 #3 f5ff22009540c0fd6fc49c0c6077
2026-10-01 21:10:43.526 [OP] 4610 inv=FFFE len=1 #3 ab
2026-10-01 21:10:43.693 [OUT] 0050 inv=FFF7 len=12 #3 f7ff5000a32b1f80fbdf510b
2026-10-01 21:10:43.746 [OP] 4019 inv=FF17 len=232 #3 e45dad80fbdf510b6fe0a32bab802de62554d897049b38f3db355ba6cd6c09a31c0ee64e87a45b1880a1b57ebd4ee16fb694f919e50fe6fb5b2a5ab7f931c5e45bf1fc0b29fa8f3a1abe35e957d79f568f6ce23a35a053d777bb50a00b1ce06c5cfba82da33559804964a62337e3da6ce2cdd209a6b92da6da3a1acdb29b33f962436c8d9a0c2d83136adcf4172bf7be35a053b92d3d5e20f76a6f975323373d
2026-10-01 21:10:44.620 [OUT] 0051 inv=FFF7 len=12 #3 f7ff51005b64510b52faa32b
2026-10-01 21:10:44.664 [OP] 40C0 inv=FFF5 len=10 #2 e45dad80d064580b8ddb
2026-10-01 21:10:54.579 [OP] 40A2 inv=FFF3 len=12 #5 dcfaa32bca805b646869dcfa
2026-10-01 21:10:59.387 [OUT] 0055 inv=FFEB len=24 #2 ebff550088b6715ba1aa5b64b2ecdcfadb53adaa95df51ec
2026-10-01 21:10:59.442 [OP] 40C1 inv=FFF2 len=13 #2 3767ce5b64510bdcfaa32b1f80
2026-10-01 21:10:59.535 [CURRENCY] a=201783 b=111361
2026-10-01 21:11:00.118 [OUT] 0022 inv=FFF5 len=14 #4 f5ff22009540c0fddcc4ef0c6077
2026-10-01 21:11:00.162 [OP] 4610 inv=FFFE len=1 #4 9b
2026-10-01 21:11:01.123 [OUT] 0022 inv=FFF5 len=14 #5 f5ff22009540c0fde6c43d58d077
2026-10-01 21:11:01.174 [OP] 4610 inv=FFFE len=1 #5 1f
2026-10-01 21:11:04.293 [OUT] 0050 inv=FFF7 len=12 #4 f7ff5000a32b1f80703d510b
2026-10-01 21:11:04.343 [OP] 4019 inv=FFB3 len=76 #4 408052fafeae1f80957f510b73fa32e7e4963e675ba653008b696cd5b446b117962309a34b1d24a35c5a28b73b8db9d7f6b751d56afa41618605bd9b510b81e1312b91b083e51383629ba3d7
2026-10-01 21:11:08.709 [OUT] 0051 inv=FFF7 len=12 #4 f7ff51005b64510bdcfaa32b
2026-10-01 21:11:19.799 [OUT] 0050 inv=FFF7 len=12 #5 f7ff5000a32b1f80c064510b
2026-10-01 21:11:19.845 [OP] 4019 inv=FF03 len=252 #5 e45dad80c064510b6f22a32b36802cc346de6ed832e819e46d2e25ae74d56cc00be984e3686c28cca877c3e93b60889350e989eb38c10b7b6f60512429c2381a5133800a5f24294852c1a6eab39e03cca877c3e93b7b6f40cdd560c252b52c359b32bdb730c61b36329b9385cb032b4bd34ce52e25de74bb1f9d7f0e6333801ee11d1866350bfd3fad0a5f033deb4be9769baa19f8fd0f23524c4fc881e9adef
2026-10-01 21:11:20.702 [OUT] 0051 inv=FFF7 len=12 #5 f7ff51005b64510b6ffaa32b
2026-10-01 21:11:22.161 [SYS] #FFF692#交纳传送费用#00CCFF#190#FFF692#金币！
2026-10-01 21:11:22.161 [SYS] #ff0000#您已进入野外区域，可能遭遇玩家间的自由对战，请注意安全！#ffffff#
2026-10-01 21:11:22.161 [CURRENCY] a=201783 b=111171
2026-10-01 21:12:01.636 [OUT] 0178 inv=FFFB len=8 #5 fbff780195a9234f
2026-10-01 21:12:34.922 [SYS] #ff0000#您已进入野外区域，可能遭遇玩家间的自由对战，请注意安全！#ffffff#
2026-10-01 21:13:10.721 [SYS] #00FF00#1#00FFFF#分钟后逍遥村周围将掉落20个宝箱，捡取可获得意外惊喜喔！#FFFFFF#
2026-10-01 21:13:56.619 [SYS] #ff0000#您已进入野外区域，可能遭遇玩家间的自由对战，请注意安全！#ffffff#
2026-10-01 21:15:09.030 [OUT] 0036 inv=FFF7 len=12 #1 f7ff3600a45fdcfaa63bad80
2026-10-01 21:16:06.136 [OP] 4708 inv=FFF3 len=12 #2 e0cdfc0bd70e392b0f805b64
2026-10-01 21:16:11.059 [OP] 40C0 inv=FFF5 len=10 #3 e45dad80cab5580b6f25
2026-10-01 21:16:13.042 [OUT] 0056 inv=FFFB len=8 #1 fbff5600dcfaa32b
2026-10-01 21:16:19.972 [OP] 40C0 inv=FD75 len=650 #4 e45dad80976451b252c404671f809564580b3efaa32b1f805b648de0ebf6a32b1f805b64510bdcfaa32b1f805b64510bdcfaa32bca805bdf053261b0a32b1f805b64090bdcfaf82c59058327510b6ffaf82be8805b64510bdcfa073fcfea5b64510bdcfaa32b1f805b64510bdcfaa32b1f809564580bdcc44f2836725b64510bdcfa042b1f8095a20e9edab8a32bca8095647f0bdcfaa32b1f80de75478ddcfa
2026-10-01 21:16:42.824 [OUT] 0055 inv=FFED len=22 #3 edff5500a32b1f80dff8510b52faa32bec0794e0fd63
2026-10-01 21:16:42.874 [OP] 40C1 inv=FFF2 len=13 #3 3767ce5b64510bdcfaa32b1f80
2026-10-01 21:16:42.966 [CURRENCY] a=201783 b=105361
2026-10-01 21:16:46.174 [OUT] 0035 inv=FFF7 len=12 #1 f7ff35001f805b64e38052fa
2026-10-01 21:16:46.263 [OP] 4708 inv=FFF3 len=12 #3 c6ecfc0be90e392b0f805b64
2026-10-01 21:17:13.832 [OP] 40EB inv=FFE7 len=24 #1 d70e392bb907c464090bdcc6a32b1f809564510b0dc0a32b
2026-10-01 21:17:27.129 [OP] 401E inv=FFAD len=82 #3 e45dad80a0ecfc0b52faa32b1f805b64e690dcfa4e78c8d97b81a5522a9ea32bc8d97b81a552155a1c461f80a69a510b8631a32b88765b64a552155a4e78c8d97b81a552dcfaa32b1f805b64510bdcfaa32b
2026-10-01 21:17:29.283 [OP] 401E inv=FFAD len=82 #4 e45dad80a0ecfc0b52faa32b1f805b64c492dcfa4e78c8d97b81a5522a9ea32bc8d97b81a552155a1c461f80a69a510b8631a32b88765b64a552155a4e78c8d97b81a552dcfaa32b1f805b64510bdcfaa32b
2026-10-01 21:17:29.783 [OP] 401E inv=FFAD len=82 #5 e45dad80a0ecfc0b52faa32b1f805b64ca92dcfa4e78c8d97b81a5522a9ea32bc8d97b81a552155a1c461f80a69a510b8631a32b88765b64a552155a4e78c8d97b81a552dcfaa32b1f805b64510bdcfaa32b
2026-10-01 21:17:33.268 [SYS] #FFF692#恭喜#FF8CF8#白酒啤酒#FFF692#打造出#64FF7D#+10#FFF692#装备
2026-10-01 21:17:44.237 [OP] 40EB inv=FFE7 len=24 #2 d70e392bb907c464090bdcc6a32b1f809564510b0dc0a32b
2026-10-01 21:17:46.637 [OP] 40EB inv=FFE7 len=24 #3 d70e392bb907c464090bdcc6a32b1f809564510b0dc0a32b
2026-10-01 21:18:32.818 [SYS] #FFF692#交纳传送费用#00CCFF#50#FFF692#金币！
2026-10-01 21:18:32.818 [CURRENCY] a=201783 b=105311
2026-10-01 21:18:32.901 [OP] 4018 inv=FFF0 len=15 #2 437a7f51da3e22a35aad44956451c4
2026-10-01 21:18:43.105 [SYS] #FFF692#交纳传送费用#00CCFF#50#FFF692#金币！
2026-10-01 21:18:43.202 [CURRENCY] a=201783 b=105261
2026-10-01 21:18:43.203 [OP] 4018 inv=FFF0 len=15 #3 437a7f51da3e22a3f0fdd51c6451c4
2026-10-01 21:18:50.570 [SYS] #FFF692#交纳传送费用#00CCFF#50#FFF692#金币！
2026-10-01 21:18:50.663 [CURRENCY] a=201783 b=105211
2026-10-01 21:18:50.663 [OP] 4018 inv=FFF0 len=15 #4 437a7f51da3e22a36d6dcf6b6451c4
2026-10-01 21:18:56.449 [OP] 40EB inv=FFE7 len=24 #4 d70e392bb907c464090bdcc6a32b1f809564510b0dc0a32b
2026-10-01 21:18:56.537 [SYS] #ff0000#您已进入野外区域，可能遭遇玩家间的自由对战，请注意安全！#ffffff#
2026-10-01 21:20:00.141 [SYS] #00FFFF#国庆节特别活动“红旗飘飘贺国庆”#00FF00#正式开启#00FFFF#，冒险者可以在逍遥西的#FF0000#大冒险活动官#00FFFF#处参加活动，收集喜庆用品装饰旗台，赢取丰富的属性及道具奖励，幸运的冒险者还将得到#FF0000#稀有奖励#FFFFFF#！
2026-10-01 21:20:39.324 [SYS] #ff0000#您已进入野外区域，可能遭遇玩家间的自由对战，请注意安全！#ffffff#
2026-10-01 21:20:39.413 [OP] 40EB inv=FFE7 len=24 #5 d70e392bb907c464090bdcc6a32b1f809564510b0dc0a32b
2026-10-01 21:22:13.338 [QUESTION] {"type":"question","sock":2876,"qno":17,"field_a":91,"stem":"下列动物中哪个是我国特有的珍惜的哺乳动物？","options":["1、大熊猫","2、猩猩队长","3、火麒麟","4、霸天虎"]}
2026-10-01 21:22:14.350 [UI] auto dump on question qno=17
2026-10-01 21:22:14.350 [UI] ---- window dump begin (pid 29336) ----
2026-10-01 21:22:14.354 [UI] TOP=0007060C vis=1 cls=ATL:012FF210 rc=(618,70,1658,877) title=什么什么大冒险2(①逍遥村敬老院)-先驱01_Sep 24 2026《什么什么大冒险》制作委员会QQ群:515616289
2026-10-01 21:22:14.359 [UI] TOP=0003063A vis=0 cls=DIEmWin rc=(-1,-1,135,38) title=DIEmWin
2026-10-01 21:22:14.369 [UI] TOP=00030636 vis=0 cls=MSCTFIME UI rc=(0,0,0,0) title=MSCTFIME UI
2026-10-01 21:22:14.391 [UI] TOP=00030638 vis=0 cls=IME rc=(0,0,0,0) title=Default IME
2026-10-01 21:22:14.396 [UI] TOP=00060622 vis=0 cls=IME rc=(0,0,0,0) title=Default IME
2026-10-01 21:22:14.396 [UI] ---- window dump end ----
2026-10-01 21:22:14.540 [SEND-ANSWER] qno=17 opt=0 ret=13 sock=2876
2026-10-01 21:22:14.588 [SYS] 测试通过！
2026-10-01 21:22:14.676 [SYS] 获得了#00FF00#100#FFF692#金币
2026-10-01 21:22:14.676 [CURRENCY] a=201783 b=105311
2026-10-01 21:22:16.345 [UI] auto-closing quiz frame: qno=17 opt=0
2026-10-01 21:22:19.937 [OUT] 1F04 inv=FFF6 len=13 #3 f6ff041fce1f805b7a510bdcfa
2026-10-01 21:23:04.564 [OP] 4708 inv=FFF3 len=12 #4 a0ecfc0bb6c2392b0f805b64
2026-10-01 21:23:10.419 [SYS] #FFF692#交纳传送费用#00CCFF#690#FFF692#金币！
2026-10-01 21:23:10.522 [CURRENCY] a=201783 b=104621
2026-10-01 21:23:21.934 [SYS] #FFF692#交纳传送费用#00CCFF#1370#FFF692#金币！
2026-10-01 21:23:22.016 [CURRENCY] a=201783 b=103941
2026-10-01 21:23:33.664 [SYS] #FFF692#交纳传送费用#00CCFF#1810#FFF692#金币！
2026-10-01 21:23:33.741 [SYS] #ff0000#您已进入野外区域，可能遭遇玩家间的自由对战，请注意安全！#ffffff#
2026-10-01 21:23:33.741 [CURRENCY] a=201783 b=103501
2026-10-01 21:27:41.067 [SYS] #ff0000#您已进入野外区域，可能遭遇玩家间的自由对战，请注意安全！#ffffff#
2026-10-01 21:28:16.025 [OP] 46E0 inv=FDF7 len=520 #1 c6ecfc0b6ffaa32bb907c4640e0bdcfa0a121f803bc0510b375cf82bd62f88236ecb1ac0d6bbad8066b2c80bdcfa9d2b1adb956417edc3fa392b56cecb4e0b0bdcfa9d2bc0805b641d4ad499312b1f801c64b27541b7202b87564864ce8812ae3d46a680a3bfb8b1dc08a32bf10eeb23490bdcfa40308f790b47c80b6e109d2b6958d661ddcfc3fa6a9432ce428aeed0c6c4a3d9aaaf607f1d4ad4999ba86d80
2026-10-01 21:29:31.074 [SYS] #00FF00#1#00FFFF#分钟后逍遥村周围将掉落20个宝箱，捡取可获得意外惊喜喔！#FFFFFF#
2026-10-01 21:29:31.773 [OP] 4235 inv=FFFA len=5 #2 3767ce5b64
2026-10-01 21:30:00.127 [SYS] #FF0000#世界BOSS#00FFFF#将于#FFFF00#10#00FFFF#分钟后开始，大家赶紧到#00c2ff#龙之都#00FFFF#找#ff8dff#老刘(3666,1959)#00FFFF#报名！
2026-10-01 21:30:18.962 [OP] 46E0 inv=FDF7 len=520 #2 c6ecfc0b6ffaa32bb507c464580bdcfab8191f809a47590bc6faa32b1f805b64b20bdcfa406d674f0b47c80b366f9d2b03e50326f2902ffaf35364800855bdb1dcfa9d2b042bfb261d4ad4999ba86d808c81a552e2c1751331b28823630bdcfab72b1f808a1cb8b18634db2b294a9464ce622ffab156d1805c64510b43faa32b9d805b64577566e01cb064801c56c80b3817c0c46f4ad5640a662ffa187fa112
2026-10-01 21:31:36.378 [OP] 46E0 inv=FDF7 len=520 #3 c6ecfc0b6ffaa32bc687c4640e0bdcfae2121f8097c0510b8bfaa32b032a7a6fb20bdcfa769e48ef728a76d09a5b7d351f804864510bdcfa269e48ef138a76d0815b7d35cdd3106f510bdcfadf0e40ce09a457ec1a3337ce37af247fbd8dbac4269e48ef5764510b3b80d7e8e8123b6f9b94dc225bb624aa86def9b138c5a3de1f805b6458b52222a32b1f80496f510b52faa32bca805b64410bdcfaa32b1fce
2026-10-01 21:32:08.665 [OP] 4707 inv=FFF3 len=12 #2 e45dad80a0ecfc0b17faa32b
2026-10-01 21:33:02.844 [OP] 4114 inv=FFEF len=16 #1 c687c4647b98dcfa20ff1f80c081a552
2026-10-01 21:33:02.845 [OP] 4114 inv=FFEF len=16 #2 c687c4647b98dcfae2ff1f802781a552
2026-10-01 21:33:02.846 [OP] 4114 inv=FFEF len=16 #3 c687c4647b98dcfa01ff1f806ef8510b
2026-10-01 21:33:02.846 [OP] 4114 inv=FFEF len=16 #4 c687c4647b98dcfa8e4a1f80a1f8510b
2026-10-01 21:33:32.929 [OP] 4705 inv=FFB8 len=71 #1 437a7f5140a722a3db67ce5b1ffc0bdcfaa32b1f2ec464510bdcfaa3d61f805b64510bdca8a32b1f805b645131dcfaa3141f805be0518507d90e6cac805b64510bdcfaa32b1f80
2026-10-01 21:34:25.511 [OP] 4114 inv=FFEF len=16 #5 c687c4647b98dcfae2671f80c064510b
2026-10-01 21:35:00.281 [OP] 4707 inv=FFF3 len=12 #3 e45dad80c6ecfc0b17faa32b
2026-10-01 21:35:18.190 [SYS] 职业不匹配
2026-10-01 21:37:45.316 [SYS] #FFF692#交纳传送费用#00CCFF#190#FFF692#金币！
2026-10-01 21:37:45.416 [CURRENCY] a=201783 b=105121
2026-10-01 21:37:50.499 [SYS] #FFF692#交纳传送费用#00CCFF#190#FFF692#金币！
2026-10-01 21:37:50.581 [SYS] #ff0000#您已进入野外区域，可能遭遇玩家间的自由对战，请注意安全！#ffffff#
2026-10-01 21:37:50.581 [CURRENCY] a=201783 b=105121
2026-10-01 21:38:31.182 [OP] 40E1 inv=FFED len=18 #1 c6ecfc0b6ffaf891ca809564580b6ffaf82b
2026-10-01 21:38:41.751 [SYS] #00FF00#1#00FFFF#分钟后逍遥村周围将掉落20个宝箱，捡取可获得意外惊喜喔！#FFFFFF#
2026-10-01 21:38:46.695 [SYS] #ff0000#您已进入野外区域，可能遭遇玩家间的自由对战，请注意安全！#ffffff#
2026-10-01 21:39:15.647 [SYS] #ff0000#您已进入野外区域，可能遭遇玩家间的自由对战，请注意安全！#ffffff#
2026-10-01 21:39:19.644 [SYS] #ff0000#您已进入野外区域，可能遭遇玩家间的自由对战，请注意安全！#ffffff#
2026-10-01 21:40:00.131 [SYS] #FF0000#世界BOSS#00FFFF#已经开始，请大家到相应的地图痛扁BOSS或到#00c2ff#龙之都#00FFFF#找#ff8dff#老刘(3666,1959)#00FFFF#报名！
2026-10-01 21:40:26.649 [SYS] #ff0000#您已进入野外区域，可能遭遇玩家间的自由对战，请注意安全！#ffffff#
2026-10-01 21:41:32.835 [SYS] #00FFFF#世界BOSS已被#00FF00#[URL]超级恶霸龟龟酱[/URL]#00FFFF#首杀，活动即将结束，感谢大家的参与，请大家30分钟后到#00c2ff#龙之都#00FFFF#找#ff8dff#老刘(3666,1959)#00FFFF#领取活动奖励！
2026-10-01 21:41:41.445 [SYS] #ff0000#您已进入野外区域，可能遭遇玩家间的自由对战，请注意安全！#ffffff#
2026-10-01 21:42:24.471 [OP] 1014 inv=FFF2 len=13 #1 3767ce5b64510bdcfa5f2b1f80
2026-10-01 21:42:24.561 [OP] 40F4 inv=FFF2 len=13 #1 6523d0dcfaa32b1f80ba64510b
2026-10-01 21:42:24.562 [SYS] 本地传送师已经认可你了，你可以从其他传送师那传送到这里！
2026-10-01 21:42:31.605 [OUT] 0036 inv=FFF7 len=12 #2 f7ff360024d0dcfa6c3bad80
2026-10-01 21:42:42.509 [SYS] #ff0000#您已进入野外区域，可能遭遇玩家间的自由对战，请注意安全！#ffffff#
2026-10-01 21:45:14.513 [OP] 46E0 inv=FDF7 len=520 #4 c6ecfc0b6ffaa32bb507c464580bdcfa2c5d1f800d648e0b83dd572bd62f8823f8ace17c4870598066b2c80bdcfa9d2bf8375c64bf64c7f4392b56ce8a6ee60b3608a32bc0805b64d6a8c099fd2b1f801c640e0bdb89572b875648644375e05bb156d1805b64a552dc08a32b0c805b64b20bdcfa3dc889ef0b47c80b6e109d2b06634e613f882ffafd87a1121e4cc80b8241784a0aec4864d664c7f468e5f98b
2026-10-01 21:45:26.027 [SYS] #00FF00#1#00FFFF#分钟后逍遥村周围将掉落20个宝箱，捡取可获得意外惊喜喔！#FFFFFF#
2026-10-01 21:50:00.134 [SYS] #00FFFF#国庆节特别活动“红旗飘飘贺国庆”将于#00FF00#10#00FFFF#分钟后结束，装饰国旗将在活动结束#00FF00#30#00FFFF#分钟后关闭。请冒险者抓紧时间喔！#FFFFFF#
2026-10-01 21:54:51.923 [SYS] #00FF00#1#00FFFF#分钟后逍遥村周围将掉落20个宝箱，捡取可获得意外惊喜喔！#FFFFFF#
2026-10-01 21:54:55.960 [SYS] #FFF692#恭喜#FF8CF8#全斗焕#FFF692#打造出#64FF7D#+10#FFF692#装备
2026-10-01 21:55:00.180 [SYS] #00FFFF#国庆节特别活动“红旗飘飘贺国庆”将于#00FF00#5#00FFFF#分钟后结束，装饰国旗将在活动结束#00FF00#30#00FFFF#分钟后关闭。请冒险者抓紧时间喔！#FFFFFF#
2026-10-01 21:57:40.729 [SYS] #FFF692#恭喜#FF8CF8#车圭宪#FFF692#打造出#64FF7D#+10#FFF692#装备
2026-10-01 21:57:42.515 [OP] 40EC inv=FFEF len=16 #1 e45dad803ccdfc0bdffaa3ed1f805b64
2026-10-01 21:58:54.083 [SYS] #FFF692#恭喜#FF8CF8#俞学圣#FFF692#打造出#64FF7D#+10#FFF692#装备
2026-10-01 21:58:59.218 [SYS] #FFF692#恭喜#FF8CF8#俞学圣#FFF692#打造出#64FF7D#+10#FFF692#装备
2026-10-01 21:59:00.161 [SYS] #00FFFF#国庆节特别活动“红旗飘飘贺国庆”将于#00FF00#1#00FFFF#分钟后结束，装饰国旗将在活动结束#00FF00#30#00FFFF#分钟后关闭。请冒险者抓紧时间喔！#FFFFFF#
2026-10-01 22:00:00.127 [SYS] #00FFFF#国庆焰火晚会开始了，冒险者可到旗台处参与燃放烟花，幸运者还可能得到稀有奖励喔！装饰国旗以及燃放烟花将在#00FF00#30#00FFFF#分钟后关闭，请冒险者抓紧时间喔！#FFFFFF#
2026-10-01 22:00:03.761 [SYS] #FF8CF8#【Nnnnnn1】#00FFFF#放了一个大炮仗，在逍遥村东区周围炸出红星券，大家快来抢哟！
2026-10-01 22:00:04.428 [SYS] #FF8CF8#【Nnnnnn1】#00FFFF#放了一个大炮仗，在逍遥村东区周围炸出红星券，大家快来抢哟！
2026-10-01 22:00:05.172 [SYS] #FF8CF8#【Nnnnnn1】#00FFFF#放了一个大炮仗，在逍遥村东区周围炸出红星券，大家快来抢哟！
2026-10-01 22:00:05.816 [SYS] #FF8CF8#【Nnnnnn1】#00FFFF#放了一个大炮仗，在逍遥村东区周围炸出红星券，大家快来抢哟！
2026-10-01 22:00:06.442 [SYS] #FF8CF8#【Nnnnnn1】#00FFFF#放了一个大炮仗，在逍遥村东区周围炸出红星券，大家快来抢哟！
2026-10-01 22:00:07.160 [SYS] #FF8CF8#【Nnnnnn1】#00FFFF#放了一个大炮仗，在逍遥村东区周围炸出红星券，大家快来抢哟！
2026-10-01 22:00:08.036 [SYS] #FF8CF8#【Nnnnnn1】#00FFFF#放了一个大炮仗，在逍遥村东区周围炸出红星券，大家快来抢哟！
2026-10-01 22:00:08.497 [SYS] #FF8CF8#【Nnnnnn1】#00FFFF#放了一个大炮仗，在逍遥村东区周围炸出红星券，大家快来抢哟！
2026-10-01 22:00:09.313 [SYS] #FF8CF8#【Nnnnnn1】#00FFFF#放了一个大炮仗，在逍遥村东区周围炸出红星券，大家快来抢哟！
2026-10-01 22:00:09.779 [SYS] #FF8CF8#【Nnnnnn1】#00FFFF#放了一个大炮仗，在逍遥村东区周围炸出红星券，大家快来抢哟！
2026-10-01 22:00:10.505 [SYS] #FF8CF8#【Nnnnnn1】#00FFFF#放了一个大炮仗，在逍遥村东区周围炸出红星券，大家快来抢哟！
2026-10-01 22:00:11.220 [SYS] #FF8CF8#【Nnnnnn1】#00FFFF#放了一个大炮仗，在逍遥村东区周围炸出红星券，大家快来抢哟！
2026-10-01 22:00:11.838 [SYS] #FF8CF8#【Nnnnnn1】#00FFFF#放了一个大炮仗，在逍遥村东区周围炸出红星券，大家快来抢哟！
2026-10-01 22:00:12.546 [SYS] #FF8CF8#【Nnnnnn1】#00FFFF#放了一个大炮仗，在逍遥村东区周围炸出红星券，大家快来抢哟！
2026-10-01 22:00:13.229 [SYS] #FF8CF8#【Nnnnnn1】#00FFFF#放了一个大炮仗，在逍遥村东区周围炸出红星券，大家快来抢哟！
2026-10-01 22:00:13.851 [SYS] #00FF00#1#00FFFF#分钟后逍遥村周围将掉落20个宝箱，捡取可获得意外惊喜喔！#FFFFFF#
2026-10-01 22:00:13.937 [SYS] #FF8CF8#【Nnnnnn1】#00FFFF#放了一个大炮仗，在逍遥村东区周围炸出红星券，大家快来抢哟！
2026-10-01 22:00:14.488 [SYS] #FF8CF8#【Nnnnnn1】#00FFFF#放了一个大炮仗，在逍遥村东区周围炸出红星券，大家快来抢哟！
2026-10-01 22:00:15.325 [SYS] #FF8CF8#【Nnnnnn1】#00FFFF#放了一个大炮仗，在逍遥村东区周围炸出红星券，大家快来抢哟！
2026-10-01 22:00:15.856 [SYS] #FF8CF8#【Nnnnnn1】#00FFFF#放了一个大炮仗，在逍遥村东区周围炸出红星券，大家快来抢哟！
2026-10-01 22:00:16.539 [SYS] #FF8CF8#【Nnnnnn1】#00FFFF#放了一个大炮仗，在逍遥村东区周围炸出红星券，大家快来抢哟！
2026-10-01 22:00:17.203 [SYS] #FF8CF8#【Nnnnnn1】#00FFFF#放了一个大炮仗，在逍遥村东区周围炸出红星券，大家快来抢哟！
2026-10-01 22:00:17.880 [SYS] #FF8CF8#【Nnnnnn1】#00FFFF#放了一个大炮仗，在逍遥村东区周围炸出红星券，大家快来抢哟！
2026-10-01 22:00:18.527 [SYS] #FF8CF8#【Nnnnnn1】#00FFFF#放了一个大炮仗，在逍遥村东区周围炸出红星券，大家快来抢哟！
2026-10-01 22:00:19.153 [SYS] #FF8CF8#【Nnnnnn1】#00FFFF#放了一个大炮仗，在逍遥村东区周围炸出红星券，大家快来抢哟！
2026-10-01 22:00:19.817 [SYS] #FF8CF8#【Nnnnnn1】#00FFFF#放了一个大炮仗，在逍遥村东区周围炸出红星券，大家快来抢哟！
2026-10-01 22:00:20.556 [SYS] #FF8CF8#【Nnnnnn1】#00FFFF#放了一个大炮仗，在逍遥村东区周围炸出红星券，大家快来抢哟！
2026-10-01 22:00:21.328 [SYS] #FF8CF8#【Nnnnnn1】#00FFFF#放了一个大炮仗，在逍遥村东区周围炸出红星券，大家快来抢哟！
2026-10-01 22:03:42.830 [SYS] #FF8CF8#【睡神本神】#00FFFF#放了一个大炮仗，在逍遥村东区周围炸出红星券，大家快来抢哟！
2026-10-01 22:03:43.518 [SYS] #FF8CF8#【睡神本神】#00FFFF#放了一个大炮仗，在逍遥村东区周围炸出红星券，大家快来抢哟！
2026-10-01 22:03:44.193 [SYS] #FF8CF8#【睡神本神】#00FFFF#放了一个大炮仗，在逍遥村东区周围炸出红星券，大家快来抢哟！
2026-10-01 22:03:44.493 [SYS] #FF8CF8#【睡神本神】#00FFFF#放了一个大炮仗，在逍遥村东区周围炸出红星券，大家快来抢哟！
2026-10-01 22:03:44.940 [SYS] #FF8CF8#【睡神本神】#00FFFF#放了一个大炮仗，在逍遥村东区周围炸出红星券，大家快来抢哟！
2026-10-01 22:03:45.428 [SYS] #FF8CF8#【睡神本神】#00FFFF#放了一个大炮仗，在逍遥村东区周围炸出红星券，大家快来抢哟！
2026-10-01 22:03:45.932 [SYS] #FF8CF8#【睡神本神】#00FFFF#放了一个大炮仗，在逍遥村东区周围炸出红星券，大家快来抢哟！
2026-10-01 22:03:46.752 [SYS] #FF8CF8#【睡神本神】#00FFFF#放了一个大炮仗，在逍遥村东区周围炸出红星券，大家快来抢哟！
2026-10-01 22:03:47.216 [SYS] #FF8CF8#【睡神本神】#00FFFF#放了一个大炮仗，在逍遥村东区周围炸出红星券，大家快来抢哟！
2026-10-01 22:03:47.692 [SYS] #FF8CF8#【睡神本神】#00FFFF#放了一个大炮仗，在逍遥村东区周围炸出红星券，大家快来抢哟！
2026-10-01 22:03:48.065 [SYS] #FF8CF8#【睡神本神】#00FFFF#放了一个大炮仗，在逍遥村东区周围炸出红星券，大家快来抢哟！
2026-10-01 22:03:48.410 [SYS] #FF8CF8#【睡神本神】#00FFFF#放了一个大炮仗，在逍遥村东区周围炸出红星券，大家快来抢哟！
2026-10-01 22:03:48.778 [SYS] #FF8CF8#【睡神本神】#00FFFF#放了一个大炮仗，在逍遥村东区周围炸出红星券，大家快来抢哟！
2026-10-01 22:03:49.165 [SYS] #00FF00#1#00FFFF#分钟后逍遥村周围将掉落20个宝箱，捡取可获得意外惊喜喔！#FFFFFF#
2026-10-01 22:03:49.165 [SYS] #FF8CF8#【睡神本神】#00FFFF#放了一个大炮仗，在逍遥村东区周围炸出红星券，大家快来抢哟！
2026-10-01 22:03:50.190 [SYS] #FF8CF8#【睡神本神】#00FFFF#放了一个大炮仗，在逍遥村东区周围炸出红星券，大家快来抢哟！
2026-10-01 22:03:50.616 [SYS] #FF8CF8#【睡神本神】#00FFFF#放了一个大炮仗，在逍遥村东区周围炸出红星券，大家快来抢哟！
2026-10-01 22:03:51.055 [SYS] #FF8CF8#【睡神本神】#00FFFF#放了一个大炮仗，在逍遥村东区周围炸出红星券，大家快来抢哟！
2026-10-01 22:03:51.455 [SYS] #FF8CF8#【睡神本神】#00FFFF#放了一个大炮仗，在逍遥村东区周围炸出红星券，大家快来抢哟！
2026-10-01 22:03:52.423 [SYS] #FF8CF8#【睡神本神】#00FFFF#放了一个大炮仗，在逍遥村东区周围炸出红星券，大家快来抢哟！
2026-10-01 22:03:52.781 [SYS] #FF8CF8#【睡神本神】#00FFFF#放了一个大炮仗，在逍遥村东区周围炸出红星券，大家快来抢哟！
2026-10-01 22:03:53.173 [SYS] #FF8CF8#【睡神本神】#00FFFF#放了一个大炮仗，在逍遥村东区周围炸出红星券，大家快来抢哟！
2026-10-01 22:03:54.521 [SYS] #FF8CF8#【睡神本神】#00FFFF#放了一个大炮仗，在逍遥村东区周围炸出红星券，大家快来抢哟！
2026-10-01 22:03:55.465 [SYS] #FF8CF8#【睡神本神】#00FFFF#放了一个大炮仗，在逍遥村东区周围炸出红星券，大家快来抢哟！
2026-10-01 22:03:56.023 [SYS] #FF8CF8#【睡神本神】#00FFFF#放了一个大炮仗，在逍遥村东区周围炸出红星券，大家快来抢哟！
2026-10-01 22:03:57.529 [SYS] #FF8CF8#【睡神本神】#00FFFF#放了一个大炮仗，在逍遥村东区周围炸出红星券，大家快来抢哟！
2026-10-01 22:03:58.047 [SYS] #FF8CF8#【睡神本神】#00FFFF#放了一个大炮仗，在逍遥村东区周围炸出红星券，大家快来抢哟！
2026-10-01 22:03:58.563 [SYS] #FF8CF8#【睡神本神】#00FFFF#放了一个大炮仗，在逍遥村东区周围炸出红星券，大家快来抢哟！
2026-10-01 22:03:59.010 [SYS] #FF8CF8#【睡神本神】#00FFFF#放了一个大炮仗，在逍遥村东区周围炸出红星券，大家快来抢哟！
2026-10-01 22:04:00.292 [SYS] #FF8CF8#【睡神本神】#00FFFF#放了一个大炮仗，在逍遥村东区周围炸出红星券，大家快来抢哟！
2026-10-01 22:04:00.698 [SYS] #FF8CF8#【睡神本神】#00FFFF#放了一个大炮仗，在逍遥村东区周围炸出红星券，大家快来抢哟！
2026-10-01 22:04:01.191 [SYS] #FF8CF8#【睡神本神】#00FFFF#放了一个大炮仗，在逍遥村东区周围炸出红星券，大家快来抢哟！
2026-10-01 22:04:01.584 [SYS] #FF8CF8#【睡神本神】#00FFFF#放了一个大炮仗，在逍遥村东区周围炸出红星券，大家快来抢哟！
2026-10-01 22:04:02.234 [SYS] #FF8CF8#【睡神本神】#00FFFF#放了一个大炮仗，在逍遥村东区周围炸出红星券，大家快来抢哟！
2026-10-01 22:04:02.777 [SYS] #FF8CF8#【睡神本神】#00FFFF#放了一个大炮仗，在逍遥村东区周围炸出红星券，大家快来抢哟！
2026-10-01 22:04:03.066 [SYS] #FF8CF8#【睡神本神】#00FFFF#放了一个大炮仗，在逍遥村东区周围炸出红星券，大家快来抢哟！
2026-10-01 22:04:03.469 [SYS] #FF8CF8#【睡神本神】#00FFFF#放了一个大炮仗，在逍遥村东区周围炸出红星券，大家快来抢哟！
2026-10-01 22:04:04.232 [SYS] #FF8CF8#【睡神本神】#00FFFF#放了一个大炮仗，在逍遥村东区周围炸出红星券，大家快来抢哟！
2026-10-01 22:04:04.920 [SYS] #FF8CF8#【睡神本神】#00FFFF#放了一个大炮仗，在逍遥村东区周围炸出红星券，大家快来抢哟！
2026-10-01 22:04:06.210 [SYS] #FF8CF8#【睡神本神】#00FFFF#放了一个大炮仗，在逍遥村东区周围炸出红星券，大家快来抢哟！
2026-10-01 22:05:55.500 [SYS] #00FF00#1#00FFFF#分钟后逍遥村周围将掉落20个宝箱，捡取可获得意外惊喜喔！#FFFFFF#
2026-10-01 22:10:21.297 [SYS] 获得了#00FF00#1#FFF692#个#64FF7D#紫金红葫芦
2026-10-01 22:11:32.819 [SYS] #00FFFF#厉害了我的大冒险玩家，本期的BOSS已经被击杀，BOSS会变得更强，敬请期待下期活动！！！
2026-10-01 22:14:03.744 [SYS] #FFF692#恭喜#FF8CF8#Kotori#FFF692#在#00C8F8#黄金宝箱#FFF692#中获得了#64FF7D#酷·灵气香肠棍
2026-10-01 22:14:33.545 [OP] 40E1 inv=FFED len=18 #2 c6ecfc0b6ffaf8a2ca809564580b6ffaf82b
2026-10-01 22:18:28.513 [PIPE] controller disconnected
2026-10-01 22:18:40.297 [OP] 40E1 inv=FFED len=18 #3 c6ecfc0b6ffaf8e1ca809564580b6ffaf82b
2026-10-01 22:18:46.598 [PIPE] controller connected
2026-10-01 22:18:46.599 [PIPE] controller disconnected
2026-10-01 22:19:07.307 [INIT] dll unloaded
2026-10-01 22:19:37.225 [INIT] dll loaded, pid=29336
2026-10-01 22:19:37.225 [INIT] codec loaded OK
2026-10-01 22:19:37.227 [INIT] iat hooks: recv=1 send=1 WSASend=1 connect=1 closesocket=1
2026-10-01 22:19:37.259 [OP] 4104 inv=FFFA len=5 #1 4667fbcaca
2026-10-01 22:19:37.263 [OP] EFFE inv=FFFE len=1 #1 0b
2026-10-01 22:19:37.362 [OP] 4105 inv=FFFE len=1 #1 5f
2026-10-01 22:19:37.362 [OP] 4104 inv=FFFB len=4 #2 dd081fc6
2026-10-01 22:19:37.446 [OP] 4109 inv=FF4B len=180 #1 c6ecfc0b6ffaf8de1f805b64510bdcfaf82b1f806e6401c402facccead806e64580bdcfae13b1f80c4c6510bdce8a32b1fce5b6477ecdcfaae2b1f805b64510bdcfaa32b23aa5b6401ba710ea32b1f801e9f510b7acaa32b09075b64fc0bdcfaa3531f807fdf510bb522a32b1f805b64510bdcfa70bb1f80c5cd510b52faa32b1faa5b6477ecdcfa3e531f805b64510bdcfaa32bf4075b64cdb2dcfaa3781f80
2026-10-01 22:19:37.548 [OP] 4105 inv=FFFE len=1 #2 cd
2026-10-01 22:19:37.549 [OP] 4104 inv=FFFB len=4 #3 86081fa0
2026-10-01 22:19:37.550 [OP] 4105 inv=FFFE len=1 #3 6d
2026-10-01 22:19:37.550 [OP] 4104 inv=FFFB len=4 #4 6e081fd1
2026-10-01 22:19:37.550 [OP] 4106 inv=FFFD len=2 #1 a306
2026-10-01 22:19:37.550 [OP] 4111 inv=FFFD len=2 #1 6e64
2026-10-01 22:19:37.550 [OP] 4112 inv=FFFD len=2 #1 dcc4
2026-10-01 22:19:37.552 [OP] 4104 inv=FFFA len=5 #5 109bc1ca07
2026-10-01 22:19:37.565 [OUT] 1004 inv=FFF3 len=16 #1 f3ff041089b02c2b59801b64510bdcfa
2026-10-01 22:19:37.664 [OP] 4110 inv=FFFD len=2 #1 8793
2026-10-01 22:19:38.289 [OUT] 1F51 inv=FFFF len=4 #1 ffff511f
2026-10-01 22:19:38.335 [OP] 4F52 inv=FFFF len=0 #1 
2026-10-01 22:19:42.123 [OP] 472A inv=FE76 len=393 #1 44d8de1f525764510bdcfaa32b1f805b64510bdcfaa32b1f805b64510bdcfaa352ad805b64510bdcd6392b1f805b6451306ffaa32b1f805b228b0bdcfaa32b1f9e1364510bdcfaa32b1f805b64510bdcfaa32b1f805b64510bdcfaa32b1f805b64510bdcfaa32b1f805b64510bdcfaa32b1f805b64510bdcfaa32b1f805b64510bdcfaa32b1f805b64510bdcbdf82b1f2c5b645153dcfaa391ca805b5c510bdc
2026-10-01 22:19:42.218 [OP] 42CE inv=FFFB len=4 #1 c87f510b
2026-10-01 22:19:42.219 [OP] 4211 inv=FFF6 len=9 #1 aa5b64511b3e22a34a
2026-10-01 22:19:42.221 [OP] 4211 inv=FFF6 len=9 #2 aa5b6451e3a722a34a
2026-10-01 22:19:42.221 [OP] 4211 inv=FFF6 len=9 #3 aa5b6451a4a722a34a
2026-10-01 22:19:42.221 [OP] 4211 inv=FFF6 len=9 #4 aa5b645140a722a34a
2026-10-01 22:19:42.310 [OP] 47C0 inv=FFCD len=50 #1 0faa0d2e8ffd6fc4027c6f8c3c2831ec8b2f6164ec5f7fd90eb16ec21abbce01b2da31ec8bebb4703c3cadd958b160ca0f6f
2026-10-01 22:19:42.310 [OP] 47C0 inv=FFD6 len=41 #2 51ca123c2831ec8b2f6164ec5f7fd90eb16ec21abbce01b2da31ec8bebb4703c3cadd958b160ca0f6f
2026-10-01 22:19:42.310 [OP] 47C0 inv=FFDF len=32 #3 0253ad5f7fd90eb16ec21abbce01b2da31ec8bebb4703c3cadd958b160ca0f6f
2026-10-01 22:19:42.311 [OP] 47C0 inv=FFEA len=21 #4 51cac7b2da31ec8bebb4703c3cadd958b160ca0f6f
2026-10-01 22:19:42.311 [OP] 47C0 inv=FFF3 len=12 #5 0253ca3cadd958b160ca0f6f
2026-10-01 22:19:42.677 [OP] 46FE inv=FFFF len=0 #1 
2026-10-01 22:19:46.298 [PIPE] controller connected
2026-10-01 22:19:47.246 [OP] 4100 inv=FFF9 len=6 #1 98aac47f857f
2026-10-01 22:19:47.348 [OP] 4101 inv=FBC5 len=1082 #1 e45dad805b64510bdcfaa32bc8d97b81510bdcfaa32b1f805b64510bdcfaa32b1f805b64510bdcfa87429dca5b64f7d0dcfaa32b1f80bc7f510bdcfaa32b1f805b64510bdcfa8a5dad80c464510bdcfaa32bc8d97b81ca92dcfa5c7f1f80c831510b155a4e78c8d97b81a552155a562b1f807b81a5526f3079b352ad6fe0510bdcfaa32b1f805b6451b7c6faa32b1f805b0f310bdcfaa32b1f805b64510bdcfa
2026-10-01 22:19:47.418 [OUT] 1F51 inv=FFFF len=4 #2 ffff511f
2026-10-01 22:19:47.461 [OP] 4F52 inv=FFFF len=0 #2 
2026-10-01 22:19:48.310 [OUT] 1001 inv=FFF9 len=10 #1 f9ff01101f805b64510b
2026-10-01 22:19:48.500 [OP] 4108 inv=FFE3 len=28 #1 c687c464510bdcfa2153c8d9d8f8510bce40515d1f805b64510bdcfa
2026-10-01 22:19:48.599 [OP] 4108 inv=FFE3 len=28 #2 c687c464510bdcfa22531f80d8f8510bce40515d1f805b64510bdcfa
2026-10-01 22:19:48.599 [OP] 4108 inv=FFF3 len=12 #3 d70e392b1f805b64510b155a
2026-10-01 22:19:48.599 [OP] 4108 inv=FFF3 len=12 #4 d70e392b1f805b64580bdcfa
2026-10-01 22:19:48.599 [OP] 4108 inv=FFF3 len=12 #5 d70e392b1f805b640e0bdcfa
2026-10-01 22:19:50.504 [OP] 4105 inv=FFFE len=1 #4 3d
2026-10-01 22:19:50.600 [OP] 4105 inv=FFFE len=1 #5 c0
2026-10-01 22:19:50.602 [OP] 4106 inv=FFFC len=3 #2 a539ee
2026-10-01 22:19:50.698 [OP] 4109 inv=FF7B len=132 #2 c687c464580b6fe8a32b1f805b64510b13f4a32ba58021df0b0b40c43993e780cf26510b10aea32bade7c36451ecdcfaa32b1f8062df510b9dfaa32b1f805b64510bdcfa40ce1f80a808510b52e8232b1faa5b818fecdcfa5ade1f805b64510bdcfaa32bc0ef5b6467d5dcfa399362805bdf51527cc4a32bcf815ed9510bdcfaccd01f80
2026-10-01 22:19:50.802 [OP] 4106 inv=FFFC len=3 #3 a539ed
2026-10-01 22:19:50.803 [OP] 4106 inv=FFFD len=2 #4 f8cb
2026-10-01 22:19:50.803 [OP] 4111 inv=FFFD len=2 #2 a164
2026-10-01 22:19:52.555 [OP] 4109 inv=FEDF len=288 #3 d70e392bca801c6f51fddcfaa32b1f809564510be6fa5553a5809fdfb275c4faf82b1f80bc7f510b8b47db2b1faa5b64517fdcfa4b531f805f64510bdcfaa32b1f805b64580bdcfad3de1f801cbe0b0bdcfaa32b1faa5b64580bdcfad3de1f801cbe830bdcfaa32b1f33baf8580bdcfad3de1f801cbee60bdcfaa32b1f801c6486d0dcfacf4a1f801c530e0bdcc4db2b44aa5b64b3b1dcfaa32b1f805b64510b
2026-10-01 22:19:52.649 [OP] 4111 inv=FFFD len=2 #3 d064
2026-10-01 22:19:52.649 [OP] 4112 inv=FFFD len=2 #2 6ac4
2026-10-01 22:19:54.028 [OP] 4109 inv=FFB7 len=72 #4 c687c464517f6fc4a32b1f805b64510b07faa32bcaa05b6487b1dcfa40ce1f80badf0e7f07faa32b39125b640eec54faa32b1f805b64510b8222a32b39125b64080b54faa32b1f80
2026-10-01 22:19:54.120 [OP] 4106 inv=FFFD len=2 #5 f82b
2026-10-01 22:19:54.120 [OP] 4111 inv=FFFD len=2 #4 9564
2026-10-01 22:19:55.460 [OP] 4109 inv=FEFF len=256 #5 e45dad809564b2b1dcfaa32b1f805b64580bdcfa232ba312c36446b18bfaa32bca805b648508dcfafd2b29805b64510bdcc4a32bca805b648508dcfafd2be7805b64510bdcfaa32bca805b648508dcfafd2b6d805b64510bdcfaa32bca805b648508dcfafd2b9b805b64510bdcfaa32b28795b648508dcfafd2b29805bdf510b7cc4a32baad6ba37510bdcfa34c81f80eb53510b4125a32b9d80a16451ecdcfa
2026-10-01 22:19:55.555 [OP] 4111 inv=FFFD len=2 #5 5b64
2026-10-01 22:19:56.016 [OP] 4613 inv=FFBF len=64 #1 f89523b79508512ec9e8e8dc9a071319587be3c49416ba41550758ec6fc4a32bcaaa956488b25b220253ab80944b510be6faf8531f7926b35c3828d7512b1f80
2026-10-01 22:19:56.913 [OP] 4613 inv=FF7E len=129 #2 f8cd2fe7c4202b97b194dc023ca7bb7753ca7cf97d42e7f2c4f853ca805bdf58ecdc6d311cadb39566517f1751a3931faa5b6483d286033d6643505b6451040370f8d91f990f5319be908cd124e1a6c30df67f6fe22924ca9be7df58ec6ffaa353caaa5b8d492f5298f8541f805c64517fdcc4a32beceb066d0d19f8bbea2b1f80
2026-10-01 22:19:56.914 [OP] 4613 inv=FFBB len=68 #3 58040370f8d91f990f5319be908cd124e1a6c30df67f6fe22924ca9be7df58ec6ffaa353caaa5b8d492f5298f8541f805c64517fdcc4a32beceb066d0d19f8bbea2b1f80
2026-10-01 22:19:56.914 [OP] 4211 inv=FFEC len=19 #5 ce5b6451cd3e22a3de5207c464fc34a722a3de
2026-10-01 22:19:57.296 [OP] EFFE inv=FFFE len=1 #2 0b
2026-10-01 22:19:57.481 [OUT] 1F51 inv=FFFF len=4 #3 ffff511f
2026-10-01 22:19:57.527 [OP] 4F52 inv=FFFF len=0 #3 
2026-10-01 22:20:00.399 [OP] 4112 inv=FFFD len=2 #3 dcc4
2026-10-01 22:20:00.399 [OP] 4112 inv=FFFD len=2 #4 6fc4
2026-10-01 22:20:00.399 [OP] 4112 inv=FFFD len=2 #5 90c4
2026-10-01 22:20:00.405 [OUT] 1004 inv=FFF3 len=16 #2 f3ff041089b02c2b5980ba64510bdcfa
2026-10-01 22:20:00.528 [OP] 4110 inv=FFFD len=2 #2 bc2b
2026-10-01 22:20:07.302 [OP] EFFE inv=FFFE len=1 #3 0b
2026-10-01 22:20:07.549 [OUT] 1F51 inv=FFFF len=4 #4 ffff511f
2026-10-01 22:20:07.590 [OP] 4F52 inv=FFFF len=0 #4 
2026-10-01 22:20:07.692 [OP] 472A inv=FE6C len=403 #2 44d8de1fab7364510bdcfaa32b1f805b64510bdc51172b1f805b6451d5dcfaa39334805b64510bdcd6392b1f805b6451306ffaa32b1f805b228b0bdcfaa32b1f9e1364510bdcfaa32b1f805b64510bdcfaa32b1f805b64510bdcfaa32b1f805b64510bdcfaa32b1f805b64510bdcfaa32b1f805b64510bdcfaa32b1f805b64510bdcfaa32b1f805b64510bdcb5a32b1fc3956451fa6ffaa3ccca805bd3580bdc
2026-10-01 22:20:07.779 [OP] 42CE inv=FFFB len=4 #2 c87f510b
2026-10-01 22:20:08.847 [OP] 4613 inv=FF74 len=139 #4 f81f83e7c4206fd9a6c39b917f9260233363c7915c0eec170123b319c7d75c83ec6fc4f82b1faa95df58e7a7cd3951ca035b644d0bdce8a3531f805c87299e53b40e8f36805b644383e7c420d9392cc39b917fa27523e6bd79915c0eec6f662924702694df58ec6ffaa353caaa95f23be85298f8c41f805b64517fdcc4a32beceb066d0d9c27bbea2b1f80
2026-10-01 22:20:09.853 [OP] 4612 inv=FFF3 len=12 #1 90faa32be787c4647b8052fa
2026-10-01 22:20:12.960 [OP] 46FE inv=FFFF len=0 #2 
2026-10-01 22:20:13.852 [OP] 4100 inv=FFF9 len=6 #2 98aaa47f0b7f
2026-10-01 22:20:13.945 [OP] 4101 inv=FC6D len=914 #2 e45dad805b64510bdcfaa32bc8d97b81510bdcfaa32b1f805b64510bdcfaa32b1f805b64510bdcfa87429d4e5b64f7d0dcfaa32b1f80bc7f510bdcfaa32b1f805b64510bdcfa8a5dad80c464510bdcfaa32bc8d97b81ca92dcfa5c7f1f80c831510b155a4e78c8d97b81a552155a562b1f807b81a5526f3079b352ad6fe0510bdcfaa32b1f805b645db7c6faa32b1f805b0f310bdcfaa32b1f805b64510bdcfa
2026-10-01 22:20:13.992 [OUT] 1F51 inv=FFFF len=4 #5 ffff511f
2026-10-01 22:20:14.039 [OP] 4F52 inv=FFFF len=0 #5 
2026-10-01 22:20:14.919 [OUT] 1001 inv=FFF9 len=10 #2 f9ff01101f805b64510b
2026-10-01 22:20:18.975 [OP] 4613 inv=FFB8 len=71 #5 aaf8fdfeece6253dbc62344cf8eb246a57ff93182c94df43a66ab45c93892cc3df58ec6ffaa353caaa5b8d492f5298f8c71f803064517fdcc4a32beceb066d0de38abbea2b1f80
2026-10-01 22:20:27.330 [OP] EFFE inv=FFFE len=1 #4 0b
2026-10-01 22:20:27.666 [OUT] 1004 inv=FFF3 len=16 #3 f3ff041089b02c2b5980ba64510bdcfa
2026-10-01 22:20:27.732 [OP] 4110 inv=FFFD len=2 #3 bc2b
2026-10-01 22:20:35.525 [OUT] 1004 inv=FFF3 len=16 #4 f3ff041089b02c2b59801b64510bdcfa
2026-10-01 22:20:35.665 [OP] 4110 inv=FFFD len=2 #4 8793
2026-10-01 22:20:38.341 [OP] EFFE inv=FFFE len=1 #5 0b
2026-10-01 22:20:40.525 [OP] 472A inv=FE76 len=393 #3 44d8de1fa5a164510bdcfaa32b1f805b64510bdc134d2b1f805b6451d5dcfaa3d3ad805b64510bdcd6392b1f805b6451306ffaa32b1f805ba58b0bdcfaa32b1f9e1364510bdcfaa32b1f805b64510bdcfaa32b1f805b64510bdcfaa32b1f805b64510bdcfaa32b1f805b64510bdcfaa32b1f805b64510bdcfaa32b1f805b64510bdcfaa32b1f805b64510bdcbdf82b1fc3956451f16ffaa3731f805bc7580bdc
2026-10-01 22:20:40.623 [OP] 42CE inv=FFFB len=4 #3 c87f510b
2026-10-01 22:20:43.194 [OP] 46FE inv=FFFF len=0 #3 
2026-10-01 22:20:46.632 [OP] 4100 inv=FFF9 len=6 #3 98aa5cf82eec
2026-10-01 22:20:46.728 [OP] 4101 inv=FC35 len=970 #3 c6ecfc0bdcfaa32b1f805b64a552155aa32b1f805b64510bdcfaa32b1f805b64510bdcfaa32b1f802337b2b2dcfad3de1f805b64510bb022a32b1f805b64510bdcfaa32b1f80a0ecfc0b52faa32b1f805b64a552155a74f21f805255510b8631a32bc8d97b81a552155a4e78c8d96c64510b155a4e78caa024c812922d93a32b1f805b64510bdcfa556d84805b64510bdc83b72b1f805b64510bdcfaa32b1f80
2026-10-01 22:20:47.690 [OUT] 1001 inv=FFF9 len=10 #3 f9ff01101f805b64510b
2026-10-01 22:21:04.104 [OUT] 1004 inv=FFF3 len=16 #5 f3ff041089b02c2b5980ba64510bdcfa
2026-10-01 22:21:04.160 [OP] 4110 inv=FFFD len=2 #5 bc2b
2026-10-01 22:21:04.860 [OP] 4612 inv=FFF7 len=8 #2 ca805b64b4b252fa
2026-10-01 22:21:05.769 [OP] 4612 inv=FFF3 len=12 #3 90faa32b5207c464fb8052fa
2026-10-01 22:21:05.769 [OP] 4612 inv=FFF7 len=8 #4 ca805b64fb8052fa
2026-10-01 22:21:06.785 [OP] 4612 inv=FFF3 len=12 #5 90faa32be787c4647b8052fa
2026-10-01 22:21:12.826 [OP] 472A inv=FE6C len=403 #4 44d8de1f757a64510bdcfaa32b1f805b64510bdc9ad82b1f805b6451d5dcfaa361ad805b64510bdcd6392b1f805b6451306ffaa32b1f805ba58b0bdcfaa32b1f9e1364510bdcfaa32b1f805b64510bdcfaa32b1f805b64510bdcfaa32b1f805b64510bdcfaa32b1f805b64510bdcfaa32b1f805b64510bdcfaa32b1f805b64510bdcfaa32b1f805b64510bdcb5a32b1fc3956451fa6ffaa3ccca805bc7580bdc
2026-10-01 22:21:12.916 [OP] 42CE inv=FFFB len=4 #4 c87f510b
2026-10-01 22:21:13.452 [OP] 46FE inv=FFFF len=0 #4 
2026-10-01 22:21:20.928 [OP] 4100 inv=FFF9 len=6 #4 98aa6f7fa47f
2026-10-01 22:21:21.021 [OP] 4101 inv=FBFD len=1026 #4 408052faa32b1f805b64510b155a4e781f805b64510bdcfaa32b1f805b64510bdcfaa32b1f805b647c448b53a32b66ce5b64510bdcfad3de1f805b64510bdcfaa32b1f805b64e38052fa392b1f805b64510b155a4e7876ad5b64d92bdcfa6ff51f807b81a552155a4e78c8d97b81660bdcfa4e78c8d995a976e374b34fc51f805b64510bdcfaa32b1ffd2764510bdcfaa36d84805b64510bdcfaa32b1f805b64
2026-10-01 22:21:21.991 [OUT] 1001 inv=FFF9 len=10 #4 f9ff01101f805b64510b
2026-10-01 22:21:39.609 [OP] 472A inv=FE76 len=393 #5 44d8de1f483964510bdcfaa32b1f805b64510bdc88ab2b1f805b6451d5dcfaa32c9d805b64510bdcd6392b1f805b6451306ffaa32b1f805ba58b0bdcfaa32b1f9e1364510bdcfaa32b1f805b64510bdcfaa32b1f805b64510bdcfaa32b1f805b64510bdcfaa32b1f805b64510bdcfaa32b1f805b64510bdcfaa32b1f805b64510bdcfaa32b1f805b64510bdcb5a32b1f2c5b645153dcfaa391ca805bd3580bdc
2026-10-01 22:21:39.701 [OP] 42CE inv=FFFB len=4 #5 c87f510b
2026-10-01 22:21:43.653 [OP] 46FE inv=FFFF len=0 #5 
2026-10-01 22:21:43.738 [OP] 4100 inv=FFF9 len=6 #5 98aa9af8b27f
2026-10-01 22:21:43.829 [OP] 4101 inv=FC6D len=914 #5 e45dad805b64510bdcfaa32bc8d97b81510bdcfaa32b1f805b64510bdcfaa32b1f805b64510bdcfa87429d4e5b64f7d0dcfaa32b1f80bc7f510bdcfaa32b1f805b64510bdcfa8a5dad80c464510bdcfaa32bc8d97b81ca92dcfa5c7f1f80c831510b155a4e78c8d97b81a552155a562b1f807b81a5526f3079b352ad6fe0510bdcfaa32b1f805b6451b7c6faa32b1f805b0f310bdcfaa32b1f805b64510bdcfa
2026-10-01 22:21:44.813 [OUT] 1001 inv=FFF9 len=10 #5 f9ff01101f805b64510b
2026-10-01 22:22:27.798 [SYS] #FFF692#恭喜#FF8CF8#假面骑士V3#FFF692#在#00C8F8#结晶宝箱#FFF692#中获得了#64FF7D#羽翼结晶
2026-10-01 22:22:45.511 [PIPE] controller disconnected
2026-10-01 22:22:53.089 [PIPE] controller connected
2026-10-01 22:23:51.905 [OP] 4031 inv=FFDC len=35 #1 455b615108dcfaa3531fe9022e98c810387599970e2d6451839fdd59c0c3e941876f0b
2026-10-01 22:24:20.185 [OP] 4031 inv=FF5C len=163 #2 39510cdc22a32b1faa5b5003b3a22d1d88ab6a30051648b0c54f67e87106671df42db834677c499871136a78ec4f67e88f138787e92a934f67c31663b97fb353001618b0a4a9e9744c6828349aa250a2d8899e38d5a8671213a96706a4b1ec34679694f3b3e1a6b6ccc29b40f32cce4d87f0775131a2b1f389f9140fb35120bb4c848980ef6e165119aeeb837bc06919740e23d0e4346451e49cfc58f33ee554
2026-10-01 22:25:55.403 [CAP] capture ON (pid 29336)
2026-10-01 22:26:55.451 [CAP] capture OFF frames=594
2026-10-01 22:27:00.175 [SYS] #00FFFF#国庆焰火晚会开始了，冒险者可到旗台处参与燃放烟花，幸运者还可能得到稀有奖励喔！装饰国旗以及燃放烟花将在#00FF00#3#00FFFF#分钟后关闭，请冒险者抓紧时间喔！#FFFFFF#
2026-10-01 22:27:32.618 [OP] 40E6 inv=FFF3 len=12 #1 e45dad806fd9510bdcfaa32b
2026-10-01 22:27:32.618 [OP] 40E0 inv=FED1 len=302 #1 408052fa15de1f805b64510b20c4a32b1f805b6478d0dcfaa32b1f805ddf510bdcfaa32b85035b64fc0bdcfa392b1f804864510b52faa32bad805b64fc0bdcfa392b1f801564510b52faa32b6d805b64a47fdcfa2a2b1f808264510b3efaa32bb2805b64580bdcfa572b1f800d64510b8ffaa32b1f805b64510bdcfaa32b1f805b64510bdcfaa32b1f805b64430bdcfaa32b1f805b64510bdcfaa32b1f805b64
2026-10-01 22:27:32.618 [OP] 40E3 inv=FFF3 len=12 #1 d70e392bcaca5b64db0b6ffa
2026-10-01 22:27:32.618 [OP] 40E2 inv=FFF3 len=12 #1 c6ecfc0b6ffa562b45809564
2026-10-01 22:27:32.618 [OP] 4233 inv=FFFA len=5 #1 437a7f510b
2026-10-01 22:27:32.618 [OP] 40F6 inv=FFEF len=16 #1 e45dad80f753510bdcfaa32b1f805b64
2026-10-01 22:27:32.618 [OP] 4232 inv=FF60 len=159 #1 6523d0dce0a32b1f4f5b645127dcfaa3de1f805b6f510bdc1c462b1f805b64510bdcfaa32b1f805b64510bdcfaa32b1f805b64510bdcfaa37d9d805b64510bdc99f82b1f805b64516d8bfaa32b1f805b23580bdcfaa32b1fae7a64516f52faa31f59805bc9510bdc25a32b1fef5b6451c4dcfaa314ad805b84510bdca2a32b1f315b64510bdcfaa32cd672eca2d661e2b05b931f805b64510bdcfaa32b1f80
2026-10-01 22:27:32.618 [OP] 4210 inv=FFF3 len=12 #1 660bdcfa7d2b1f80c6ecfc0b
2026-10-01 22:27:32.638 [OUT] 0185 inv=FFF7 len=12 #1 f7ff8501dcfaa32bc8d97b81
2026-10-01 22:28:35.068 [CAP] capture ON (pid 29336)
2026-10-01 22:30:00.178 [SYS] #00FFFF#国庆节特别活动“红旗飘飘贺国庆”以及国庆焰火晚会到此结束，谢谢各位冒险者的热情参与，祝所有冒险者国庆快乐！#FFFFFF#
2026-10-01 22:33:33.942 [OP] 4031 inv=FFE1 len=30 #3 52fa4d2b1f805b64580b71faa3a87168fafb065ab080c2b39568fa06e20b
2026-10-01 22:34:46.697 [OP] 4210 inv=FFF3 len=12 #2 660bdcfac32b1f80a1ecfc0b
2026-10-01 22:36:06.911 [CAP] capture OFF frames=4544
2026-10-01 22:36:07.912 [CAP] capture ON (pid 29336)
2026-10-01 22:36:50.648 [CAP] capture ON (pid 29336)
2026-10-01 22:39:20.336 [OP] 4210 inv=FFF3 len=12 #3 660bdcfad82b1f80baecfc0b
2026-10-01 22:39:27.522 [QUESTION] {"type":"question","sock":2876,"qno":3,"field_a":83,"stem":"气温、水、植物等对岩石的破坏现象叫做？","options":["1、风化","2、变形","3、自西向东","4、机械化"]}
2026-10-01 22:39:28.524 [UI] auto dump on question qno=3
2026-10-01 22:39:28.524 [UI] ---- window dump begin (pid 29336) ----
2026-10-01 22:39:28.539 [UI] TOP=0007060C vis=1 cls=ATL:012FF210 rc=(618,66,1658,877) title=什么什么大冒险2(①逍遥村敬老院)-先驱01_Sep 24 2026《什么什么大冒险》制作委员会QQ群:515616289
2026-10-01 22:39:28.541 [UI] TOP=0003063A vis=0 cls=DIEmWin rc=(-1,-1,135,38) title=DIEmWin
2026-10-01 22:39:28.552 [UI] TOP=00030636 vis=0 cls=MSCTFIME UI rc=(0,0,0,0) title=MSCTFIME UI
2026-10-01 22:39:28.573 [UI] TOP=00030638 vis=0 cls=IME rc=(0,0,0,0) title=Default IME
2026-10-01 22:39:28.574 [UI] TOP=00060622 vis=0 cls=IME rc=(0,0,0,0) title=Default IME
2026-10-01 22:39:28.574 [UI] ---- window dump end ----
2026-10-01 22:39:30.056 [SEND-ANSWER] qno=3 opt=0 ret=13 sock=2876
2026-10-01 22:39:30.101 [SYS] 测试通过！
2026-10-01 22:39:30.199 [SYS] 获得了#00FF00#100#FFF692#金币
2026-10-01 22:39:30.202 [CURRENCY] a=201783 b=105411
2026-10-01 22:39:31.858 [UI] auto-closing quiz frame: qno=3 opt=0
2026-10-01 22:39:32.859 [OP] F005 inv=FFE7 len=24 #1 24c812922d0ba32b1f805b64510bdcfaa3cecb12ddee63d0
2026-10-01 22:39:33.091 [OUT] 1F04 inv=FFF6 len=13 #1 f6ff041fce1f805b7f510bdcfa
2026-10-01 22:40:00.660 [OP] F005 inv=FFE7 len=24 #2 26b35c3828d7a32b1f805b64510bdcfaa3ce1f80508833b2
2026-10-01 22:40:00.770 [OP] F005 inv=FFE7 len=24 #3 26b35c3828d7a32b1f805b64510bdcfaa3ce1f80508833b2
2026-10-01 22:40:00.771 [OP] F005 inv=FFE7 len=24 #4 26b35c3828d7a32b1f805b64510bdcfaa3ce1f80508833b2
2026-10-01 22:40:56.470 [OP] 4031 inv=FFDF len=32 #4 3b0b66faa32b1f8095645210710b51e29f18f4645134ad0303eb4b4c9333f60b
2026-10-01 22:41:20.792 [OP] 4033 inv=FFE4 len=27 #1 e0a3c41f805b6451ecdc195412f5805b01936cea032bebc34c0f64
2026-10-01 22:41:51.769 [OP] 4033 inv=FFE4 len=27 #2 e0a3c41f805b6451ecdcd9741976805b01936cea032bebc34c0f64
2026-10-01 22:43:46.122 [OP] F005 inv=FFE7 len=24 #5 26b35c3828d7a32b1f805b64510bdcfaa3de1f80508833b2
2026-10-01 22:46:50.896 [CAP] capture OFF frames=6098
2026-10-01 22:46:56.126 [SYS] 获得了#00FF00#1#FFF692#个#64FF7D#黄玉葫芦
2026-10-01 22:46:56.126 [OP] 4020 inv=FFE7 len=24 #1 408052fa672bca8094cdfc0bcea7a32bca809564920b6ffa
2026-10-01 22:46:56.145 [OUT] 0045 inv=FFF7 len=12 #1 f7ff4500510bdcfad22b1f80
2026-10-01 22:46:56.366 [OP] 4025 inv=FFF5 len=10 #1 d2533832c4df51ece2fa
2026-10-01 22:47:44.998 [OP] 4031 inv=FF5C len=163 #5 39510cdc22a32b1faa5b5003b3a22d1d88ab6a30051648b0c54f67e87106671df42db834677c499871136a78ec4f67e88f138787e92a934f67c31663b97fb353001618b0a4a9e9744c6828349aa250a2d8899e38d5a8671213a96706a4b1ec34679694f3b3e1a6b6ccc29b40f32cce4d87f0775131a2b1f389f9140fb35120bb4c848980ef6e165119aeeb837bc06919740e23d0e4346451e49cfc58f33ee554
2026-10-01 22:56:02.258 [OP] 4210 inv=FFF3 len=12 #4 660bdcfa402b1f8057ecfc0b
2026-10-01 22:56:41.140 [OP] 40E1 inv=FFED len=18 #1 c6ecfc0b6ffaf8baca809564580b6ffaf82b
2026-10-01 22:56:41.141 [OP] 40E0 inv=FED1 len=302 #2 408052fa15de1f805b64510b20c4a32b1f805b6478d0dcfaa32b1f805ddf510bdcfaa32b85035b64fc0bdcfa392b1f804864510b52faa32bad805b64fc0bdcfa392b1f801564510b52faa32b6d805b64d57fdcfa2a2b1f808264510b3efaa32bb2805b64580bdcfa572b1f800d64510b8ffaa32b1f805b64510bdcfaa32b1f805b64510bdcfaa32b1f805b64430bdcfaa32b1f805b64510bdcfaa32b1f805b64
2026-10-01 22:56:41.141 [OP] 40E3 inv=FFF3 len=12 #2 d70e392bcaa0c064db0b6ffa
2026-10-01 22:56:41.141 [OP] 40E2 inv=FFF3 len=12 #2 c6ecfc0b6f30612b45809564
2026-10-01 22:56:41.164 [OUT] 0185 inv=FFF7 len=12 #2 f7ff8501dcfaa32bc8d97b81
2026-10-01 23:00:02.999 [SYS] 获得了#00FF00#1#FFF692#个#64FF7D#碧玉葫芦
2026-10-01 23:00:02.999 [OP] 4020 inv=FFE7 len=24 #2 408052fa672bca8094cdfc0b91a7a32bca809564ed0b6ffa
2026-10-01 23:00:03.008 [OUT] 0045 inv=FFF7 len=12 #2 f7ff4500510bdcfa082b1f80
2026-10-01 23:00:03.129 [OP] 4025 inv=FFF5 len=10 #2 08533832c4df51ece2fa
2026-10-01 23:02:14.368 [SYS] #FFF692#恭喜#FF8CF8#多人运动罗志祥zZ#FFF692#打造出#64FF7D#+10#FFF692#装备
2026-10-01 23:03:27.069 [PIPE] controller disconnected
2026-10-01 23:03:32.765 [PIPE] controller connected
2026-10-01 23:03:32.765 [PIPE] controller disconnected
2026-10-01 23:03:52.691 [INIT] dll unloaded
2026-10-01 23:04:11.185 [INIT] dll loaded, pid=29336
2026-10-01 23:04:11.185 [INIT] codec loaded OK
2026-10-01 23:04:11.187 [INIT] iat hooks: recv=1 send=1 WSASend=1 connect=1 closesocket=1
2026-10-01 23:04:11.193 [OV] overlay window ready
2026-10-01 23:04:11.326 [OP] 47C0 inv=FFF1 len=14 #1 17c4f89e44ca9408170cb2cabd2b
2026-10-01 23:04:11.326 [OP] 4211 inv=FFF6 len=9 #1 aa5b645134a722a3de
2026-10-01 23:04:11.518 [OP] 472A inv=FE6C len=403 #1 44d8de1fabd064510bdcfaa32b1f805b64510bdc51222b1f805b6451d5dcfaa313ad805b64510bdcc1392b1f805b6451336ffaa32b1f805b9af30bdcfaa32b1f9e1364510bdcfaa32b1f805b64510bdcfaa32b1f805b64510bdcfaa32b1f805b64510bdcfaa32b1f805b64510bdcfaa32b1f805b64510bdcfaa32b1f805b64510bdcfaa32b1f805b64510bdcb5a32b1fc3956451f16ffaa3ccca805bd3580bdc
2026-10-01 23:04:11.617 [OP] 4211 inv=FFF6 len=9 #2 aa5b64511b3e22a34a
2026-10-01 23:04:11.617 [OP] 4211 inv=FFF6 len=9 #3 aa5b6451e3a722a34a
2026-10-01 23:04:11.617 [OP] 4211 inv=FFF6 len=9 #4 aa5b6451a4a722a34a
2026-10-01 23:04:11.617 [OP] 42CE inv=FFFB len=4 #1 c87f510b
2026-10-01 23:04:11.714 [OP] 4211 inv=FFF6 len=9 #5 aa5b645140a722a34a
2026-10-01 23:04:11.714 [OP] 47C0 inv=FFF3 len=12 #2 0253ca277fd9587f04301524
2026-10-01 23:04:11.714 [OP] 47C0 inv=FFF3 len=12 #3 0253ca7c7fd958b15cdc116f
2026-10-01 23:04:11.716 [OP] 47C0 inv=FFE1 len=30 #4 0faac4e58ffd6ff41506cb8cb2da31ec8bc1728cec3cadd958b1a46ed06f
2026-10-01 23:04:11.718 [OP] 47C0 inv=FFEA len=21 #5 51cac7b2da31ec8bc1728cec3cadd958b1a46ed06f
2026-10-01 23:04:13.855 [PIPE] controller connected
2026-10-01 23:04:19.613 [OP] 4100 inv=FFF9 len=6 #1 98aa75f8ec7f
2026-10-01 23:04:19.702 [OP] 4101 inv=FBC5 len=1082 #1 e45dad805b64510bdcfaa32bc8d97b81510bdcfaa32b1f805b64510bdcfaa32b1f805b64510bdcfa87429dca5b64f7d0dcfaa32b1f80bc7f510bdcfaa32b1f805b64510bdcfa8a5dad80c464510bdcfaa32bc8d97b81ca92dcfa5c7f1f80c831510b155a4e78c8d97b81a552155a562b1f807b81a5526f3079b352ad6fe0510bdcfaa32b1f805b6451b7c6faa32b1f805b0f310bdcfaa32b1f805b64510bdcfa
2026-10-01 23:04:19.782 [OUT] 1F51 inv=FFFF len=4 #1 ffff511f
2026-10-01 23:04:19.824 [OP] 4F52 inv=FFFF len=0 #1 
2026-10-01 23:04:20.676 [OUT] 1001 inv=FFF9 len=10 #1 f9ff01101f805b64510b
2026-10-01 23:04:20.884 [OP] 4108 inv=FFE3 len=28 #1 c687c464510bdcfa21531f80d8f8510bce40515d1f805b64510bdcfa
2026-10-01 23:04:20.975 [OP] 4108 inv=FFE3 len=28 #2 c687c464510bdcfa22531f80d8f8510bce40515d1f805b64510bdcfa
2026-10-01 23:04:20.975 [OP] 4108 inv=FFF3 len=12 #3 d70e392b1f805b64510bdcfa
2026-10-01 23:04:20.976 [OP] 4108 inv=FFF3 len=12 #4 d70e392b1f805b64580bdcfa
2026-10-01 23:04:20.976 [OP] 4108 inv=FFF3 len=12 #5 d70e392b1f805b640e0bdcfa
2026-10-01 23:04:20.976 [OP] 4104 inv=FFFB len=4 #1 0a081f80
2026-10-01 23:04:20.977 [OP] 4104 inv=FFFB len=4 #2 3cae1faa
2026-10-01 23:04:20.977 [OP] 4104 inv=FFFB len=4 #3 0a081fc7
2026-10-01 23:04:20.977 [OP] 4104 inv=FFFB len=4 #4 3cae1fce
2026-10-01 23:04:20.977 [OP] 4104 inv=FFFB len=4 #5 3cae1f12
2026-10-01 23:04:23.114 [OP] 4105 inv=FFFE len=1 #1 3d
2026-10-01 23:04:23.117 [OP] 4105 inv=FFFE len=1 #2 c0
2026-10-01 23:04:23.117 [OP] 4105 inv=FFFE len=1 #3 af
2026-10-01 23:04:23.215 [OP] 4109 inv=FF7B len=132 #1 c687c464580b6fe8a32b1f805b64510b13f4a32ba58021df0b0b40c43993e780cf26510b10aea32bade7c36451ecdcfaa32b1f8062df510b9dfaa32b1f805b64510bdcfa40ce1f80a808510b52e8232b1faa5b818fecdcfaa5de1f805b64510bdcfaa32bc0ef5b6467d5dcfa399362805bdf51527cc4a32bcf815ed9510bdcfaccd01f80
2026-10-01 23:04:23.304 [OP] 4106 inv=FFFC len=3 #1 a539ee
2026-10-01 23:04:23.304 [OP] 4106 inv=FFFC len=3 #2 a539ed
2026-10-01 23:04:23.305 [OP] 4106 inv=FFFD len=2 #3 f8cb
2026-10-01 23:04:23.305 [OP] 4111 inv=FFFD len=2 #1 a164
2026-10-01 23:04:25.134 [OP] 4109 inv=FF83 len=124 #2 e45dad805bf80e7fdcc4a32b1f805b64550bdcfa39ee1f80b8dd510bfdcaa32b6dce9426550bdcfa1d4a1f80947f8e0bdcfaa32b1f805b6487b1dcfa526f1f8094befc0bdcfaa32b1fce5b64ded0dcfa1d4a1f809b648e0bdcfaa32b82795b64b608dcfadb2bad805bdf0e0b05c4a32b9a125b64510bdcfaa32b1f80
2026-10-01 23:04:25.237 [OP] 4105 inv=FFFE len=1 #4 ec
2026-10-01 23:04:25.237 [OP] 4106 inv=FFFD len=2 #4 f853
2026-10-01 23:04:25.237 [OP] 4105 inv=FFFE len=1 #5 d0
2026-10-01 23:04:25.237 [OP] 4106 inv=FFFD len=2 #5 a3de
2026-10-01 23:04:25.237 [OP] 4111 inv=FFFD len=2 #2 c464
2026-10-01 23:04:27.535 [OP] 4109 inv=FFB7 len=72 #3 c687c464517f6fc4a32b1f805b64510b07faa32b62e75b6487b1dcfa40ce1f80a1530e8007faa32b39125b640e754ffaa32b1f805bdf510b8222a32b39125b64080b4ffaa32b1f4e
2026-10-01 23:04:27.653 [OP] 4111 inv=FFFD len=2 #3 c364
2026-10-01 23:04:27.863 [OP] EFFE inv=FFFE len=1 #1 0b
2026-10-01 23:04:28.947 [OP] 4109 inv=FEFF len=256 #4 e45dad809564b2b1dcfaa32b1f805b64580bdcfa232ba312c36446b18bfaf82bca805b648508dcfafd5384805b64510bdcc4a32bca805b648508dcfafd53c7805b64510bdcfaa32bca805b648508dcfafd53e7805b64510bdcfaa32bca805b648508dcfafd536d805b64510bdcfaa32b28795b648508dcfafd2b84805bdf510b7cc4a32baad6ba37510bdcfa34c81f80eb53510b4125a32b9d80576451ecdc5a
2026-10-01 23:04:29.049 [OP] 4111 inv=FFFD len=2 #4 9564
2026-10-01 23:04:29.842 [OUT] 1F51 inv=FFFF len=4 #2 ffff511f
2026-10-01 23:04:29.887 [OP] 4F52 inv=FFFF len=0 #2 
2026-10-01 23:04:31.059 [OP] 4109 inv=FF33 len=204 #5 e45dad809564fcd0dce0a32b1f805b64580bdcfa232ba312c36446b18bfafd2bca805b648508dcfafd4afd805b64510bdcc4a32bca805b648508dcfafd4a6d805b64510bdcfaa32bca805b648508dcfafd4a9b805b64510bdcc4a32b28795b648508dcfafd2bfd805bdf510b7cc4a32baad6ba37510bdcfa34c81f80eb53510b4125a32b9d80d064517fdcfaa8531f8016c1fb44dcfaa32ba8be5b6405ecdcfa
2026-10-01 23:04:31.160 [OP] 4111 inv=FFFD len=2 #5 1c64
2026-10-01 23:04:34.924 [OP] 46FE inv=FFFF len=0 #1 
2026-10-01 23:04:37.596 [OP] 4112 inv=FFFD len=2 #1 6ac4
2026-10-01 23:04:37.871 [OP] EFFE inv=FFFE len=1 #2 0b
2026-10-01 23:04:38.920 [OP] 4112 inv=FFFD len=2 #2 dcc4
2026-10-01 23:04:38.920 [OP] 4112 inv=FFFD len=2 #3 90c4
2026-10-01 23:04:38.920 [OP] 4112 inv=FFFD len=2 #4 52c4
2026-10-01 23:04:38.920 [OP] 4112 inv=FFFD len=2 #5 e6c4
2026-10-01 23:04:38.931 [OUT] 1004 inv=FFF3 len=16 #1 f3ff041089b02c2b5980ba64510bdcfa
2026-10-01 23:04:39.044 [OP] 4110 inv=FFFD len=2 #1 bc2b
2026-10-01 23:04:39.892 [OUT] 1F51 inv=FFFF len=4 #3 ffff511f
2026-10-01 23:04:39.941 [OP] 4F52 inv=FFFF len=0 #3 
2026-10-01 23:04:46.253 [OP] 472A inv=FE76 len=393 #2 44d8de1fcf9b64510bdcfaa32b1f805b64510bdc52d92b1f805b6451d5dcfaa3bcad805b64510bdcc1392b1f805b6451336ffaa32b1f805b9af30bdcfaa32b1f9e1364510bdcfaa32b1f805b64510bdcfaa32b1f805b64510bdcfaa32b1f805b64510bdcfaa32b1f805b64510bdcfaa32b1f805b64510bdcfaa32b1f805b64510bdcfaa32b1f805b64510bdc7af82b1f2c5b6451f16ffaa3ccca805b5c510bdc
2026-10-01 23:04:46.346 [OP] 42CE inv=FFFB len=4 #2 c87f510b
2026-10-01 23:04:49.358 [OP] 4100 inv=FFF9 len=6 #2 98aae22676ec
2026-10-01 23:04:49.450 [OP] 4101 inv=FBFD len=1026 #2 408052faa32b1f805b64510b155a4e781f805b64510bdcfaa32b1f805b64510bdcfaa32b1f805b647c448b53a32b66ce5b64510bdcfad3de1f805b64510bdcfaa32b1f805b64e38052fa392b1f805b64510b155a4e7876ad5b64d92bdcfa6ff51f807b81a552155a4e78c8d97b81660bdcfa4e78c8d995a976e374b34fc51f805b64510bdcfaa32b23fd2764510bdcfaa36d84805b64510bdcfaa32b1f805b64
2026-10-01 23:04:49.469 [OUT] 1F51 inv=FFFF len=4 #4 ffff511f
2026-10-01 23:04:49.514 [OP] 4F52 inv=FFFF len=0 #4 
2026-10-01 23:04:50.406 [OUT] 1001 inv=FFF9 len=10 #2 f9ff01101f805b64510b
2026-10-01 23:04:57.893 [OP] EFFE inv=FFFE len=1 #3 0b
2026-10-01 23:04:59.546 [OUT] 1F51 inv=FFFF len=4 #5 ffff511f
2026-10-01 23:04:59.589 [OP] 4F52 inv=FFFF len=0 #5 
2026-10-01 23:05:03.199 [OUT] 1004 inv=FFF3 len=16 #2 f3ff041089b02c2b5980ba64510bdcfa
2026-10-01 23:05:03.424 [OP] 4110 inv=FFFD len=2 #2 bc2b
2026-10-01 23:05:05.176 [OP] 46FE inv=FFFF len=0 #2 
2026-10-01 23:05:07.908 [OP] EFFE inv=FFFE len=1 #4 0b
2026-10-01 23:05:13.687 [OP] 472A inv=FE76 len=393 #3 44d8de1f862364510bdcfaa32b1f805b64510bdc36872b1f805b6451d5dcfaa3e5ad805b64510bdcc1392b1f805b6451336ffaa32b1f805b9af30bdcfaa32b1f9e1364510bdcfaa32b1f805b64510bdcfaa32b1f805b64510bdcfaa32b1f805b64510bdcfaa32b1f805b64510bdcfaa32b1f805b64510bdcfaa32b1f805b64510bdcfaa32b1f805b64510bdcbdf82b1f1b95645153dcfaa3ccca805bc7580bdc
2026-10-01 23:05:13.776 [OP] 42CE inv=FFFB len=4 #3 c87f510b
2026-10-01 23:05:18.275 [OP] 4612 inv=FFF7 len=8 #1 ca805b64b4b252fa
2026-10-01 23:05:20.882 [OP] 4100 inv=FFF9 len=6 #3 98aa90f8157f
2026-10-01 23:05:20.976 [OP] 4101 inv=FC35 len=970 #3 c6ecfc0bdcfaa32b1f805b64a552155aa32b1f805b64510bdcfaa32b1f805b64510bdcfaa32b1f802337b2b2dcfad3de1f805b64510bb022a32b1f805b64510bdcfaa32b1f80a0ecfc0b52faa32b1f805b64a552155a74f21f805255510b8631a32bc8d97b81a552155a4e78c8d96c64510b155a4e78caa024c812922d93a32b1f805b64510bdcfae16d84805b64510bdc83b72b1f805b64510bdcfaa32b1f80
2026-10-01 23:05:21.944 [OUT] 1001 inv=FFF9 len=10 #3 f9ff01101f805b64510b
2026-10-01 23:05:27.933 [OP] EFFE inv=FFFE len=1 #5 0b
2026-10-01 23:05:35.434 [OP] 46FE inv=FFFF len=0 #3 
2026-10-01 23:05:37.806 [OUT] 1004 inv=FFF3 len=16 #3 f3ff041089b02c2b5980ba64510bdcfa
2026-10-01 23:05:37.938 [OP] 4110 inv=FFFD len=2 #3 bc2b
2026-10-01 23:05:38.658 [OUT] 1004 inv=FFF3 len=16 #4 f3ff041089b02c2b59801b64510bdcfa
2026-10-01 23:05:38.763 [OP] 4110 inv=FFFD len=2 #4 8793
2026-10-01 23:05:43.363 [OP] 472A inv=FE76 len=393 #4 44d8de1f0f5764510bdcfaa32b1f805b64510bdcfe212b1f805b6451d5dcfaa3a059805b64510bdcc1392b1f805b6451336ffaa32b1f805b9af30bdcfaa32b1f9e1364510bdcfaa32b1f805b64510bdcfaa32b1f805b64510bdcfaa32b1f805b64510bdcfaa32b1f805b64510bdcfaa32b1f805b64510bdcfaa32b1f805b64510bdcfaa32b1f805b64510bdc7af82b1fc3956451f16ffaa3ccca805bc7580bdc
2026-10-01 23:05:43.364 [OP] 42CE inv=FFFB len=4 #4 c87f510b
2026-10-01 23:05:49.491 [OP] 4100 inv=FFF9 len=6 #4 98aa5c7f907f
2026-10-01 23:05:49.592 [OP] 4101 inv=FBFD len=1026 #4 408052faa32b1f805b64510b155a4e781f805b64510bdcfaa32b1f805b64510bdcfaa32b1f805b647c448b53a32b66ce5b64510bdcfad3de1f805b64510bdcfaa32b1f805b64e38052fa392b1f805b64510b155a4e7876ad5b64d92bdcfa6ff51f807b81a552155a4e78c8d97b81660bdcfa4e78c8d995a976e374b34fc51f805b64510bdcfaa32b76fd2764510bdcfaa36d84805b64510bdcfaa32b1f805b64
2026-10-01 23:05:50.561 [OUT] 1001 inv=FFF9 len=10 #4 f9ff01101f805b64510b
2026-10-01 23:05:56.516 [OP] 4613 inv=FFBF len=64 #1 f89523b79508512ec9e8e8dc9a071319587be3c49416ba41550758ec6fc4a32bcaaa95645cb25b220253ab80944b510be6faf82b1f7926b35c3828d7512b1f80
2026-10-01 23:06:05.689 [OP] 46FE inv=FFFF len=0 #4 
2026-10-01 23:06:11.013 [OP] 472A inv=FE6C len=403 #5 44d8de1f34a164510bdcfaa32b1f805b64510bdcbb4d2b1f805b6451d5dcfaa313ad805b64510bdcc1392b1f805b6451336ffaa32b1f805b9af30bdcfaa32b1f9e1364510bdcfaa32b1f805b64510bdcfaa32b1f805b64510bdcfaa32b1f805b64510bdcfaa32b1f805b64510bdcfaa32b1f805b64510bdcfaa32b1f805b64510bdcfaa32b1f805b64510bdc7af82b1f1b95645153dcfaa3ccca805b5c510bdc
2026-10-01 23:06:11.107 [OP] 42CE inv=FFFB len=4 #5 c87f510b
2026-10-01 23:06:15.109 [OP] 4100 inv=FFF9 len=6 #5 98aa65f8157f
2026-10-01 23:06:15.192 [OP] 4101 inv=FBC5 len=1082 #5 e45dad805b64510bdcfaa32bc8d97b81510bdcfaa32b1f805b64510bdcfaa32b1f805b64510bdcfa87429dca5b64f7d0dcfaa32b1f80bc7f510bdcfaa32b1f805b64510bdcfa8a5dad80c464510bdcfaa32bc8d97b81ca92dcfa5c7f1f80c831510b155a4e78c8d97b81a552155a562b1f807b81a5526f3079b352ad6fe0510bdcfaa32b1f805b64e4b7c6faa32b1f805b0f310bdcfaa32b1f805b64510bdcfa
2026-10-01 23:06:16.183 [OUT] 1001 inv=FFF9 len=10 #5 f9ff01101f805b64510b
2026-10-01 23:06:27.841 [OUT] 1004 inv=FFF3 len=16 #5 f3ff041089b02c2b5980ba64510bdcfa
2026-10-01 23:06:28.082 [OP] 4110 inv=FFFD len=2 #5 bc2b
2026-10-01 23:06:35.947 [OP] 46FE inv=FFFF len=0 #5 
2026-10-01 23:07:28.559 [OP] 4612 inv=FFF7 len=8 #2 ca805b64b4b252fa
2026-10-01 23:07:41.285 [OP] 4613 inv=FFBF len=64 #2 f89523b79508512ec9e8e8dc9a071319587be3c49416ba41550758ec6fc4a32bcaaa95dfa85fb0f40253ab809483490b52faf82b1f7926b35c3828d7512b1f80
2026-10-01 23:07:42.288 [OP] 4612 inv=FFF7 len=8 #3 ca805b64b4b252fa
2026-10-01 23:07:42.288 [OP] 4612 inv=FFF7 len=8 #4 ca805b64b4b252fa
2026-10-01 23:07:42.288 [OP] 4612 inv=FFF7 len=8 #5 ca805b64b4b252fa
2026-10-01 23:08:05.854 [OP] 4613 inv=FFBF len=64 #3 f89523b79508512ec9e8e8dc9a071319587be3c49416ba41550758ec6fc4a32bcaaa9564b3b25c220253ab80944b510be6faf82b1f7926b35c3828d7512b1f80
2026-10-01 23:09:41.659 [OP] 4018 inv=FFF0 len=15 #1 437a7f51da3e22a30359a3946451b1
2026-10-01 23:09:43.317 [OP] F005 inv=FFE7 len=24 #1 26b35c3828d7a32b1f805b64510bdcfaa3ce1f80508833b2
2026-10-01 23:09:43.423 [OP] F005 inv=FFE7 len=24 #2 26b35c3828d7a32b1f805b64510bdcfaa3ce1f80508833b2
2026-10-01 23:09:43.423 [OP] F005 inv=FFE7 len=24 #3 26b35c3828d7a32b1f805b64510bdcfaa3ce1f80508833b2
2026-10-01 23:10:07.145 [OP] 4613 inv=FFBF len=64 #4 f89523b79508512ec9e8e8dc9a071319587be3c49416ba41550758ec6fc4a32bcaaa95648cfd14f40253ab8094df0b0b6afaf82b1f7926b35c3828d7512b1f80
2026-10-01 23:10:09.212 [OP] 4613 inv=FFBF len=64 #5 f89523b79508512ec9e8e8dc9a071319587be3c49416ba41550758ec6fc4a32bcaaa956470b232220253ab80944b510be6faf82b1f7926b35c3828d7512b1f80
2026-10-01 23:12:43.376 [OP] F005 inv=FFE7 len=24 #4 26b35c3828d7a32b1f805b64510bdcfaa3de1f80508833b2
2026-10-01 23:12:43.487 [OP] F005 inv=FFE7 len=24 #5 26b35c3828d7a32b1f805b64510bdcfaa3de1f80508833b2
2026-10-01 23:15:40.126 [OP] 4031 inv=FF5C len=163 #1 39510cdc22a32b1faa5b5003b3a22d1d88ab6a30051648b0c54f67e87106671df42db834677c499871136a78ec4f67e88f138787e92a934f67c31663b97fb353001618b0a4a9e9744c6828349aa250a2d8899e38d5a8671213a96706a4b1ec34679694f3b3e1a6b6ccc29b40f32cce4d87f0775131a2b1f389f9140fb35120bb4c848980ef6e165119aeeb837bc06919740e23d0e4346451e49cfc58f33ee554
2026-10-01 23:19:47.391 [OP] 4235 inv=FFFA len=5 #1 3767ce5b64
2026-10-01 23:24:19.572 [OP] 43F1 inv=FFFA len=5 #1 33b4de1faa
2026-10-01 23:24:48.491 [OP] 43F1 inv=FFFA len=5 #2 33b4de1fc7
2026-10-01 23:27:09.307 [OP] 4031 inv=FFE8 len=23 #2 dd51c4dcdca32b1faa5b6ddde37dd54a2b1f66bfeb220b
2026-10-01 23:27:15.434 [OP] 4031 inv=FF5C len=163 #3 39510cdc22a32b1faa5b5003b3a22d1d88ab6a30051648b0c54f67e87106671df42db834677c499871136a78ec4f67e88f138787e92a934f67c31663b97fb353001618b0a4a9e9744c6828349aa250a2d8899e38d5a8671213a96706a4b1ec34679694f3b3e1a6b6ccc29b40f32cce4d87f0775131a2b1f389f9140fb35120bb4c848980ef6e165119aeeb837bc06919740e23d0e4346451e49cfc58f33ee554
2026-10-01 23:46:39.379 [OP] 4210 inv=FFF3 len=12 #1 ac0bdcfae82b1f80a0ecfc0b
2026-10-02 00:00:00.626 [SYS] #FFCC00#寄售行已打烊，暂停寄售交易，预计 02:00 恢复营业。
2026-10-02 00:00:00.966 [SYS] 今日的许愿已结束，下次开放时间12:00
2026-10-02 00:00:10.498 [OP] 40E6 inv=FFF3 len=12 #1 e45dad80afbe510bdcfaa32b
2026-10-02 00:00:10.498 [OP] 40E0 inv=FED1 len=302 #1 408052faffde1f805b64510b7ec4a32b1f805b6468d0dcfaa32b1f803ddf510bdcfaa32b85035b64fc0bdcfa392b1f804864510b52faa32bad805b64fc0bdcfa392b1f801564510b52faa32b6d805b64f07fdcfa2a2b1f808264510b3efaa32ba2805b64580bdcfa572b1f800d64510b8ffaa32b1f805b64510bdcfaa32b1f805b64510bdcfaa32b1f805b64430bdcfaa32b1f805b64510bdcfaa32b1f805b64
2026-10-02 00:00:10.498 [OP] 40E3 inv=FFF3 len=12 #1 d70e392bca5a5b64db0b6ffa
2026-10-02 00:00:10.498 [OP] 40E2 inv=FFF3 len=12 #1 c6ecfc0b6ffa732b45809564
2026-10-02 00:00:10.498 [OP] 4233 inv=FFFA len=5 #1 437a7f510b
2026-10-02 00:00:10.499 [OP] 40F6 inv=FFEF len=16 #1 e45dad8018cd510bdcfaa32b1f805b64
2026-10-02 00:00:10.499 [OP] 4232 inv=FF60 len=159 #1 6523d0dce0a32b1f4f5b645127dcfaa3de1f805b6f510bdc1c462b1f805b64510bdcfaa32b1f805b64510bdcfaa32b1f805b64510bdcfaa3a79d805b64510bdc63f82b1f805b6451e28bfaa32b1f805b41580bdcfaa32b1f567a64516f52faa30959805b15510bdc25a32b1fef5b6451c4dcfaa32ead805b14510bdcc5a32b1f445b64510bdcfaa32cd672eca2d661e2b05b931f805b64510bdcfaa32b1f80
2026-10-02 00:00:10.564 [OUT] 0185 inv=FFF7 len=12 #1 f7ff8501dcfaa32bc8d97b81
2026-10-02 00:00:10.592 [OP] 4210 inv=FFF3 len=12 #2 ac0bdcfae82b1f80c6ecfc0b
2026-10-02 00:04:14.164 [PIPE] controller disconnected
2026-10-02 00:04:20.801 [PIPE] controller connected
2026-10-02 00:04:20.801 [PIPE] controller disconnected
2026-10-02 00:04:40.944 [INIT] dll unloaded
2026-10-02 00:04:41.427 [INIT] dll loaded, pid=29336
2026-10-02 00:04:41.427 [INIT] codec loaded OK
2026-10-02 00:04:41.427 [INIT] iat hooks: recv=1 send=1 WSASend=1 connect=1 closesocket=1
2026-10-02 00:04:41.432 [OV] overlay window ready
2026-10-02 00:04:42.356 [OP] 47C0 inv=FFF1 len=14 #1 17c4f86144ca94f817c0175bab53
2026-10-02 00:04:42.357 [OP] 47C0 inv=FFEA len=21 #2 51cac73c2831ec8be9215f625f7fd958b1aac68324
2026-10-02 00:04:42.357 [OP] 47C0 inv=FFF3 len=12 #3 0253ca5f7fd958b1aac68324
2026-10-02 00:04:42.358 [OP] 47C0 inv=FFEA len=21 #4 51cac7b2da31ec8bcd728fec3cadd958b15c6e856f
2026-10-02 00:04:42.358 [OP] 47C0 inv=FFF3 len=12 #5 0253ca3cadd958b15c6e856f
2026-10-02 00:04:46.369 [OP] 4613 inv=FF82 len=125 #1 e8941c10aa4064291790104223f31c75df84cf6f32929f9e3fe1df58ec6ffaa353caaa95763b3b5298f8541fc79af8517fdcc4f82b623cc83369938c0ba32b1f29e5af58d5dc590193f6a3e9cd194f6fc4a6463041550758ec6fc4a32bcaaa95df16b2d5220253ab809464510be6faf82b1f7926b35c3828d7fb2b1f80
2026-10-02 00:04:46.493 [OP] 4211 inv=FFF6 len=9 #1 aa5b6451c03e22a34a
2026-10-02 00:04:46.493 [OP] 4211 inv=FFF6 len=9 #2 aa5b64515ca722a34a
2026-10-02 00:04:46.493 [OP] 4211 inv=FFF6 len=9 #3 aa5b6451af3e22a34a
2026-10-02 00:04:46.493 [OP] 4211 inv=FFF6 len=9 #4 aa5b6451cd3e22a34a
2026-10-02 00:04:46.493 [OP] 4211 inv=FFF6 len=9 #5 aa5b645134a722a34a
2026-10-02 00:04:47.079 [OP] 4613 inv=FF57 len=168 #2 fc65d6b23ed9cdaa95dfde5038ca0bb0ca543c0a49e3a4663153caaa9535debfdcfaf853ca803cc6b3ec1ec4972b591c3a64830b6fc4a324415c9052e7617afaa32b60740edf0bb26fc4f853caaa95df58ec6fc4f82b1faa95df51f902b1f851cad45bf8510bdce8a32b1f8040e5eac88d7f152b1f808a2023ece6c2f853caaa95df58ec6fc4f853ca805bdf58ecdc297234cab39566517fb2eba3931f805b64
2026-10-02 00:04:47.079 [OP] 4613 inv=FF98 len=103 #3 9360740edf0bb26fc4f853caaa95df58ec6fc4f82b1faa95df51f902b1f851cad45bf8510bdce8a32b1f8040e5eac88d7f152b1f808a2023ece6c2f853caaa95df58ec6fc4f853ca805bdf58ecdc297234cab39566517fb2eba3931f805b64b2e9ef6c702b1f80
2026-10-02 00:04:47.079 [OP] 4613 inv=FFCC len=51 #4 aa8a2023ece6c2f853caaa95df58ec6fc4f853ca805bdf58ecdc297234cab39566517fb2eba3931f805b64b2e9ef6c702b1f80
2026-10-02 00:04:47.316 [OP] 4100 inv=FFF9 len=6 #1 98aa57f855ec
2026-10-02 00:04:47.413 [OUT] 1F51 inv=FFFF len=4 #1 ffff511f
2026-10-02 00:04:47.446 [OP] 4612 inv=FFE7 len=24 #1 fd0bdcfa9a5059808a990e0b1173db2b7207c46412b252fa
2026-10-02 00:04:47.592 [OP] 4F52 inv=FFFF len=0 #1 
2026-10-02 00:04:47.733 [OP] 4101 inv=FBFD len=1026 #1 408052faa32b1f805b64510b155a4e781f805b64510bdcfaa32b1f805b64510bdcfaa32b1f805b647c448b53a32b5fce5b64510bdcfad1de1f805b64510bdcfaa32b1f805b64e38052fa392b1f805b64510b155a4e7876ad5b64d92bdcfa6ff51f807b81a552155a4e78c8d97b81ac0bdcfa4e78c8d995a976e374b34fc51f805b64510bdcfaa32bf0fd2764510bdcfaa36d84805b64510bdcfaa32b1f805b64
2026-10-02 00:04:48.386 [OUT] 1001 inv=FFF9 len=10 #1 f9ff01101f805b64510b
2026-10-02 00:04:48.593 [OP] 4108 inv=FFE3 len=28 #1 c687c464510bdcfa21531f80d8f8510bce40515d1f805b64510bdcfa
2026-10-02 00:04:48.685 [OP] 4108 inv=FFE3 len=28 #2 c687c464510bdcfa22531f80d8f8510bce40515d1f805b64510bdcfa
2026-10-02 00:04:48.685 [OP] 4108 inv=FFF3 len=12 #3 d70e392b1f805b64510bdcfa
2026-10-02 00:04:48.685 [OP] 4108 inv=FFF3 len=12 #4 d70e392b1f805b64580bdcfa
2026-10-02 00:04:48.685 [OP] 4108 inv=FFF3 len=12 #5 d70e392b1f805b640e0bdcfa
2026-10-02 00:04:48.685 [OP] 4104 inv=FFFB len=4 #1 0a081f80
2026-10-02 00:04:48.685 [OP] 4104 inv=FFFB len=4 #2 0a081faa
2026-10-02 00:04:48.685 [OP] 4104 inv=FFFB len=4 #3 0a081fc7
2026-10-02 00:04:48.685 [OP] 4104 inv=FFFB len=4 #4 3cae1fce
2026-10-02 00:04:48.685 [OP] 4104 inv=FFFB len=4 #5 0a081f12
2026-10-02 00:04:49.295 [PIPE] controller connected
2026-10-02 00:04:49.477 [OP] 4612 inv=FFF7 len=8 #2 ca805b64fb8052fa
2026-10-02 00:04:49.984 [OP] 43F1 inv=FFFA len=5 #1 33b4de1fc7
2026-10-02 00:04:50.675 [OP] 4105 inv=FFFE len=1 #1 3d
2026-10-02 00:04:50.675 [OP] 4105 inv=FFFE len=1 #2 c0
2026-10-02 00:04:50.680 [OP] 4105 inv=FFFE len=1 #3 af
2026-10-02 00:04:50.780 [OP] 4109 inv=FF7B len=132 #1 c687c464580b6fe8a37c1f805b64510b13f4a32ba58021df0b0b40c43993e780cf26510b10aea32bade7c36451ecdcfaa3ad9f8762df510b9dfaa32b1f805b64510bdcfa40ce1f80a808510b52e8232b1faa5b648fecdcfa824a1f805b64510bdcfaa32bc0ef5b6467d5dcfa399362805bdf510b7cc4a32bcf815ed9510bdcfaccd01f80
2026-10-02 00:04:50.875 [OP] 4106 inv=FFFC len=3 #1 a539ee
2026-10-02 00:04:50.876 [OP] 4106 inv=FFFC len=3 #2 e239ed
2026-10-02 00:04:50.876 [OP] 4106 inv=FFFD len=2 #3 f8cb
2026-10-02 00:04:50.877 [OP] 4111 inv=FFFD len=2 #1 a164
2026-10-02 00:04:51.896 [OP] 4612 inv=FFF7 len=8 #3 ca805b64418052fa
2026-10-02 00:04:52.804 [OP] 4109 inv=FF13 len=236 #2 d70e392bca80c42651c0dcfaa32b1f809564510be6fa5553a5809fdfb275c4faf82b1f80bc7f510b8b47db2b1faa5b6451ecdcfa4b531f805f64510bdcfaa32b1f805b64580bdcfad3de1f801cbe0b0bdcfaa32b1faa5b64580bdcfad3de1f801cbe830bdcfaa32b1f805b6486d0dcfacf4a1f801c530e0bdcc4a32b44aa5b64f87fdcfaa32b1f805b64510b6b22a32b41125b64b275e6faa3531f807fdf510b
2026-10-02 00:04:52.897 [OP] 4111 inv=FFFD len=2 #2 d064
2026-10-02 00:04:52.899 [OP] 4112 inv=FFFD len=2 #1 6ac4
2026-10-02 00:04:53.958 [OP] 4109 inv=FD57 len=680 #3 c6ecfc0b6ffa207c1f805b64510bdcfaf82b1f800d64a6d08ffa8fde9d795764580bdcfab6ce1f801cb0510bdce8a32b1faa5b6477ecdcfa7f2b1f805b64510bdcfaa32bb6aa5b64da0bdcfaa32b1f805b64510b6ffaa32bb7ef5b64b2c06ffaa3531f805b64510b25c4a32b24805b64510bdcfaa32b1f809564510baeaea32b9d77946451ecdcfaa3531f80d1df510b31faa32b1f805b64510bdcfaf82b1f80
2026-10-02 00:04:54.044 [OP] 4111 inv=FFFD len=2 #3 5764
2026-10-02 00:04:55.631 [OP] 4109 inv=FFB7 len=72 #4 c687c464517f6fc4a32b1f805b64510b07faa32bad775b6487b1dcfa40ce1f80577f0e7f07faa32b39125b640ed05efaa32b1f805b64510b8222a32b39125b64080b5efaa32b1f80
2026-10-02 00:04:55.728 [OP] 4105 inv=FFFE len=1 #4 d0
2026-10-02 00:04:55.728 [OP] 4106 inv=FFFD len=2 #4 a3de
2026-10-02 00:04:55.728 [OP] 4105 inv=FFFE len=1 #5 d5
2026-10-02 00:04:55.728 [OP] 4106 inv=FFFD len=2 #5 f8d9
2026-10-02 00:04:55.728 [OP] 4111 inv=FFFD len=2 #4 c464
2026-10-02 00:04:56.946 [OP] 4109 inv=FF0F len=240 #5 c6ecfc0b6ffafd4a1f805b64510bdcfaf82b1f80c36446b16afa384a9d804064580bdcfabf6f1f801c082d0bdcfaa32b1f805b64580bdcfabf6f1f801c08410bdcfaa32b1f80f67f580bdcfabf6f1f801c088e0bdcfaa32b1f80a3d3580bdcfabf6f1f801c087c0bdcfaa32b1f8008642c75dcfabf6f1f801c642d0bdcc4a32b23aa5b64715e54dca32b1f803000510bab5ba32bb08c5b64b20b4ffaa3531f80
2026-10-02 00:04:57.041 [OP] 4111 inv=FFFD len=2 #5 4064
2026-10-02 00:04:57.547 [OP] EFFE inv=FFFE len=1 #1 0b
2026-10-02 00:04:57.607 [OUT] 1F51 inv=FFFF len=4 #2 ffff511f
2026-10-02 00:04:57.652 [OP] 4F52 inv=FFFF len=0 #2 
2026-10-02 00:04:59.310 [OUT] 1004 inv=FFF3 len=16 #1 f3ff041089b02c2b5980ba64510bdcfa
2026-10-02 00:04:59.448 [OP] 4112 inv=FFFD len=2 #2 dcc4
2026-10-02 00:04:59.448 [OP] 4112 inv=FFFD len=2 #3 90c4
2026-10-02 00:04:59.448 [OP] 4112 inv=FFFD len=2 #4 e6c4
2026-10-02 00:04:59.448 [OP] 4110 inv=FFFD len=2 #1 bc2b
2026-10-02 00:05:02.081 [OP] 4112 inv=FFFD len=2 #5 6fc4
2026-10-02 00:05:03.727 [OP] 46FE inv=FFFF len=0 #1 
2026-10-02 00:05:06.700 [OP] 472A inv=FE6C len=403 #1 44d8de1fb35c64510bdcfaa32b1f805b64510bdc98572b1f805b64510bdcfaa374ca805b64510bdc11392b1f805b6451846ffaa32b1f805be3420bdcfaa32b1f9e1364510bdcfaa32b1f805b64510bdcfaa32b1f805b64510bdcfaa32b1f805b64510bdcfaa32b1f805b64510bdcfaa32b1f805b64510bdcfaa32b1f805b64510bdcfaa32b1f805b64510bdc7af82b1f1b956451f16ffaa3ccca805bd3580bdc
2026-10-02 00:05:06.801 [OP] 42CE inv=FFFB len=4 #1 c87f510b
2026-10-02 00:05:07.550 [OP] EFFE inv=FFFE len=1 #2 0b
2026-10-02 00:05:13.810 [OP] 4100 inv=FFF9 len=6 #2 98aa987f20ec
2026-10-02 00:05:13.910 [OP] 4101 inv=FBC5 len=1082 #2 e45dad805b64510bdcfaa32bc8d97b81510bdcfaa32b1f805b64510bdcfaa32b1f805b64510bdcfa87429dca5b648cd0dcfaa32b1f80667f510bdcfaa32b1f805b64510bdcfa8a5dad80c464510bdcfaa32bc8d97b81ca92dcfa5c7f1f80c831510b155a4e78c8d97b81a552155a732b1f807b81a5526f3079b352ad6fe0510bdcfaa32b1f805b6451b7c6faa32b1f805b0f310bdcfaa32b1f805b64510bdcfa
2026-10-02 00:05:13.952 [OUT] 1F51 inv=FFFF len=4 #3 ffff511f
2026-10-02 00:05:14.001 [OP] 4F52 inv=FFFF len=0 #3 
2026-10-02 00:05:14.895 [OUT] 1001 inv=FFF9 len=10 #2 f9ff01101f805b64510b
2026-10-02 00:05:24.019 [OUT] 1F51 inv=FFFF len=4 #4 ffff511f
2026-10-02 00:05:24.062 [OP] 4F52 inv=FFFF len=0 #4 
2026-10-02 00:05:27.573 [OP] EFFE inv=FFFE len=1 #3 0b
2026-10-02 00:05:31.276 [OUT] 1004 inv=FFF3 len=16 #2 f3ff041089b02c2b5980ba64510bdcfa
2026-10-02 00:05:31.392 [OP] 4110 inv=FFFD len=2 #2 bc2b
2026-10-02 00:05:33.949 [OP] 46FE inv=FFFF len=0 #2 
2026-10-02 00:05:34.065 [OUT] 1F51 inv=FFFF len=4 #5 ffff511f
2026-10-02 00:05:34.109 [OP] 4F52 inv=FFFF len=0 #5 
2026-10-02 00:05:37.587 [OP] EFFE inv=FFFE len=1 #4 0b
2026-10-02 00:05:38.662 [OP] 472A inv=FE6C len=403 #2 44d8de1f2dba64510bdcfaa32b1f805b64510bdc665f2b1f805b64510bdcfaa3da59805b64510bdc11392b1f805b6451846ffaa32b1f805be3420bdcfaa32b1f9e1364510bdcfaa32b1f805b64510bdcfaa32b1f805b64510bdcfaa32b1f805b64510bdcfaa32b1f805b64510bdcfaa32b1f805b64510bdcfaa32b1f805b64510bdcfaa32b1f805b64510bdcbdf82b1f2c5b6451fa6ffaa391ca805bd3580bdc
2026-10-02 00:05:38.662 [OP] 42CE inv=FFFB len=4 #2 c87f510b
2026-10-02 00:05:42.765 [OP] 4100 inv=FFF9 len=6 #3 98aa55df07ec
2026-10-02 00:05:42.845 [OP] 4101 inv=FBC5 len=1082 #3 e45dad805b64510bdcfaa32bc8d97b81510bdcfaa32b1f805b64510bdcfaa32b1f805b64510bdcfa87429dca5b648cd0dcfaa32b1f80667f510bdcfaa32b1f805b64510bdcfa8a5dad80c464510bdcfaa32bc8d97b81ca92dcfa5c7f1f80c831510b155a4e78c8d97b81a552155a732b1f807b81a5526f3079b352ad6fe0510bdcfaa32b1f805b6451b7c6faa32b1f805b0f310bdcfaa32b1f805b64510bdcfa
2026-10-02 00:05:43.851 [OUT] 1001 inv=FFF9 len=10 #3 f9ff01101f805b64510b
2026-10-02 00:05:57.608 [OP] EFFE inv=FFFE len=1 #5 0b
2026-10-02 00:06:04.137 [OP] 46FE inv=FFFF len=0 #3 
2026-10-02 00:06:06.850 [OP] 472A inv=FE6C len=403 #3 44d8de1fb41b64510bdcfaa32b1f805b64510bdce2bc2b1f805b64510bdcfaa36959805b64510bdc11392b1f805b6451846ffaa32b1f805b83370bdcfaa32b1f9e1364510bdcfaa32b1f805b64510bdcfaa32b1f805b64510bdcfaa32b1f805b64510bdcfaa32b1f805b64510bdcfaa32b1f805b64510bdcfaa32b1f805b64510bdcfaa32b1f805b64510bdcb5a32b1f2c5b6451fa6ffaa3ccca805b5c510bdc
2026-10-02 00:06:06.942 [OP] 42CE inv=FFFB len=4 #3 c87f510b
2026-10-02 00:06:11.954 [OP] 4100 inv=FFF9 len=6 #4 98aae22676ec
2026-10-02 00:06:12.051 [OP] 4101 inv=FC6D len=914 #4 e45dad805b64510bdcfaa32bc8d97b81510bdcfaa32b1f805b64510bdcfaa32b1f805b64510bdcfa87429d4e5b648cd0dcfaa32b1f80667f510bdcfaa32b1f805b64510bdcfa8a5dad80c464510bdcfaa32bc8d97b81ca92dcfa5c7f1f80c831510b155a4e78c8d97b81a552155a732b1f807b81a5526f3079b352ad6fe0510bdcfaa32b1f805b6451b7c6faa32b1f805b0f310bdcfaa32b1f805b64510bdcfa
2026-10-02 00:06:13.014 [OUT] 1001 inv=FFF9 len=10 #4 f9ff01101f805b64510b
2026-10-02 00:06:18.148 [INIT] dll unloaded
2026-10-02 00:06:18.592 [INIT] dll loaded, pid=29336
2026-10-02 00:06:18.593 [INIT] codec loaded OK
2026-10-02 00:06:18.593 [INIT] iat hooks: recv=1 send=1 WSASend=1 connect=1 closesocket=1
2026-10-02 00:06:18.597 [OV] overlay window ready
2026-10-02 00:06:23.163 [OP] F005 inv=FFE7 len=24 #1 26b35c3828d7e62b1f805b64510bdcfaa32b5ebcd9c911b2
2026-10-02 00:06:23.163 [OP] F005 inv=FFE7 len=24 #2 26b35c3828d7e62b1f805b64510bdcfaa32b5ebcd9c911b2
2026-10-02 00:06:23.164 [OP] F005 inv=FFE7 len=24 #3 26b35c3828d7e62b1f805b64510bdcfaa32b5ebcd9c911b2
