2026-10-01 18:17:15.105 [INIT] dll loaded, pid=25644
2026-10-01 18:17:15.107 [INIT] codec loaded OK
2026-10-01 18:17:15.107 [INIT] iat hooks: recv=1 send=1 WSASend=1 connect=1 closesocket=1
2026-10-01 18:17:19.540 [PIPE] controller connected
2026-10-01 18:17:51.115 [CONNECT] main sock 2556 -> 8484
2026-10-01 18:17:51.448 [OP] 4002 inv=FF3B len=196 #1 9444ad7240c5136cb06a6834521bfe76557158e3291babf4b8444f37c650f41b9061d7c38a5dad80c464510bdcfaa32bec5d5b64a552155a4e78c8d9c831510b155a4e78c8d97b81510bdcfa9b2b1f805b64510bdcfaa32b10aa5b645863dcfaa3b9b9969ce97f0bdcfaa32b1f805b64510bdcfaa75dad80c464510bdcfaa32bc8d97b81a552155af42b1f807b81a552155a4e78c8d97b81510bdcfa202b1f80
2026-10-01 18:17:52.761 [OP] 4014 inv=FFEA len=21 #1 4cca805bcd510bdc7f3c34a5419b9151f1fce8a32b
2026-10-01 18:17:52.804 [OP] 46F2 inv=E407 len=7160 #1 ff1106ab302fdce91f0ad8e5b4642e4e53e78b691fb86633330b611b8031868f5b9196134afa12fc89c8dbfd51e40cfc302be584f0555193d0b4ece86680e67076f97457a331c97c32675b0bcdfdb07a1e825b8deb693a66a62b0bc18b8ddd9bdc80d743825f7164b1beb6b7a377757ed3ef0d0b5a80a14b721a5b50332eeffab0a897324f5d51fb9223df2ba79abca006b5dc6d0bb30a712664d772ad9ba13c
2026-10-01 18:17:52.857 [OP] 46F2 inv=E409 len=7158 #2 be4325e90c43a33135c270e5ba0aa8fa4159123d85a151a4a4b7ad2bae2d54ff6568dcfc1d82ed1606e3060b0811f021279fbd69513223974466083a5bcef68374fc3f829a803e2033196060eae61fb552226b83daa5492bbf06dbe1b36aad04a3e950e96909d42e6efa6061c327bee6b45cdc2ba1b355d58a694a0bb605ad994bf5becc51de7c46a82bab8e1aa41d3cdc8d6a488637e064b349c938c2f40efb
2026-10-01 18:17:52.901 [OP] 46F2 inv=E40A len=7157 #3 fb1acfaed1339d6c802debb3f3dc4ed18b117c5401be0b6e68f0cf1f293350db0b0359650a1f7a6d09c00bd80733b31fd509e1e40b53d72b8b1f8f06ff8232c9fab012ff112eda51e979f1d32bc299d7aa517d2633862bfaf2ee64b1f20feba3953105e5644cbc7ddb809a121d5b09be0aa8fc3f4d7680fffa7301a129639d1f4cf069f70bf09b50651f5f32fdbe608afa6079279fe96876d2dcd1f0b395d36d
2026-10-01 18:17:52.901 [OP] 46F2 inv=E40A len=7157 #4 5003ae65245c23543cc2c8b1deb146042b0ba6af2db3abf0fc80a1ff2e716725a2dcd129c2080c32e1256c2b971d2b2a4ae9c34d196201f9861f8f2bd89c3ca446b0b3bb3c836435e86977b04bb5e5d7e31246dc3b5e6138867122356cad97e32b42b2b2ed33e36eef019b1f23262d5c28f857a3a1505ee45003119cfa3394d00b8bed3596dc12168616bc5bc9bc186201d4fc1f0696b7ea97513816b999e909
2026-10-01 18:17:52.902 [OP] 46F2 inv=E403 len=7164 #5 c9bb65d6d07bb29b5185ca4e499e7096b264068fc9ef6c457c9926132e2e943243bce4bb5b017a5c7703ff6e3980cb1b0c4a77ef128b1fb12c6d81343938162bc334836bb464743863c90e345b5003ae655e6fddffb863d8931b764eb0190e80db8c13182359dc9ee41a9fa6135a7438a349bde909e37aca14d958434380db8c1318dac8c2337cb0413f51a2b0ac1d319a7e89ff01e98ab47523d280e9c34d19
2026-10-01 18:17:52.945 [OP] E001 inv=FFAF len=80 #1 58ece8a3a32b1f80b77cb9b3ebffc88a0c5c5a4da476a3a1c95ee6c51d4d2439242070384597fb57d5b3bf5f24463e3bd83d76e374b34fc5b8c5f4987fb97144767509805baed6666ffaa32b1f805b64
2026-10-01 18:17:52.991 [OP] 4011 inv=FC8D len=882 #1 8a5dad800e64510b6c2e0c5c6465ec21c7120e2eba381f149564e3eda7fa6bd7f3808fc2510be2faa32b1f805b640ac32414fabea05396c1e7e13ca1c95ee6805b64510bdcfaa32b1f805b64fcd5dcfaa32b1f801dc1c703a3459d0beb24b180793aeeea13a94569b64d510b81e0a32b1f807a64510bdcfaa32b41d6814d0aa0012e9f2c1fc75b64510bdcfaa32b1f805b64510b6022a32bb2ce5b64510bdcfa
2026-10-01 18:17:52.991 [OP] 4015 inv=FCD3 len=812 #1 e38052fa392b1f805b64510b36cba32bc8d97b81a552155a3d971f807b81a552155a4e780a315b6478c1dcfa6ff51f807b81a552155a4e78c8d97b81a552155a7ade1f80ddf1510b17faa32bca805b64fe7fdcfa2bde1f805b64510bdcfaa32bc8d97b8124d0dcfaa32b1f80c964510bdcfaa32bc0ce5b64510bdcfaae2b1f805b64510b76faa32b16b69564510bdcfa1825a5805b64510bdcfaa32bf6ce5b64
2026-10-01 18:17:52.991 [OP] 4B45 inv=F042 len=4029 #1 9c23d0dc37392b1f57822fc795e4cbc3715a8bb1fe0aa03ccbed2eb169212c376175b94f4efe8eb119efddf67eba30fea3fce971c648c0ba0fe65cb604c9b8e2a30c8585c0b1a2c58e2dd2e7ba695dcc1937c6ce284f4efe64ee19e890ac359f13459796c44b167a76fa30d60237e971c648c0ba0f025368c1a3a00178c35b0338e1aec9670ea15bf9216a16940aa03c3ced2afaa8b194022d2dd2e7d845a896
2026-10-01 18:17:53.031 [OP] 4055 inv=FFF7 len=8 #1 a0ecfc0bdcfaa32b
2026-10-01 18:17:53.032 [OP] 4042 inv=FF93 len=108 #1 e90e392b34805b64f7d0dcfa74d91f805b64510b90faa32b1f805b64ebd0dcfaa32b1f805b64510bdcfaa32b1f805b6491d0dcfaa32b1f805b64510bdcfaa32b1f805b647ad0dcfaa32b1f805b64510b9c76a32b1f805b641ad0dcfaa32b1f805b64510b2dc0a32b1f805b64
2026-10-01 18:17:53.032 [OP] 4056 inv=FFF7 len=8 #1 e90e392b1f805b64
2026-10-01 18:17:53.032 [OP] 4055 inv=FFF7 len=8 #2 a0ecfc0bdcfaa32b
2026-10-01 18:17:53.032 [OP] 4045 inv=FFE3 len=28 #1 8a5dad800d64510bdcfaa32b8c805b648d0bdcfaf72b1f808ba9510b
2026-10-01 18:17:53.032 [OP] 4041 inv=FFF7 len=8 #1 a0ecfc0bdcfaa378
2026-10-01 18:17:53.032 [OP] 017E inv=FFED len=18 #1 8a5dad8095df58ec6fc4f853caaa95df58ec
2026-10-01 18:17:53.032 [OP] 4B49 inv=FFF7 len=8 #1 2e87c464510bdcfa
2026-10-01 18:17:53.032 [OP] 40FB inv=FFF9 len=6 #1 8a5dad805b64
2026-10-01 18:17:53.033 [OP] 4613 inv=FFC0 len=63 #1 531d1674df0b0b1db4db53ca5551f858ec59acdbb319c755ef0eec6fc4f82b1faa95df5173e6fe2251ca505b64510bdcf4a3531f8040ef555c8aa2fb2b1f80
2026-10-01 18:17:53.033 [OP] 40A0 inv=FF7F len=128 #1 a0ecfc0b90c2392b32ce5b64bdecdcfadb4ac3548a700601dcfaa32b1f805b64510bdcfaa32b1f805b64510bdcfaa32b1f805b64510bdcfaa32b1f80767f580cf022f8c4a6605b6439ecdcfadb4ac3548a70b10571bbea0232805b64510bdcfaa32b1f805b64510bdcfaa32b1f805b64510bdcfaa32b1f8089f86f08d0e8186f
2026-10-01 18:17:53.033 [OP] 4613 inv=FEBD len=322 #2 0d7de4bf6fe0a3d4c3c786d2dead6a43ba5330df95c8ff1f118cfc53caaa956451ec6fc4a376a50dd0965894dce8cd301f125bdf510b6aef6febd9d54666510bdc13a84cca4f5b8d7a75b2b96fc1621c555382539049b553b931068a83ae195bf853caaa5b6458ec6ffa35cea75a7cdfc20b90e4c32b9d80956451d5088880344ba75b6451ee0370f8d91fa93cf858246f57ff93caaa07870ee3cbe835b959aa
2026-10-01 18:17:53.038 [OP] E062 inv=FFCD len=50 #1 9564510bbafa7f3b6c1d985c5579b6947349b2274cf9bc85b1032b25a8ed96784c181874c2d4d0f1d73f332b0b7873baa880
2026-10-01 18:17:53.038 [OP] E062 inv=FFDB len=36 #2 90faa32bee80eecd052a78b83467e8a4f369c5ce4dd0cb56fef33ab76de3b664c159bf80
2026-10-01 18:17:53.038 [OP] E062 inv=FFD6 len=41 #3 ce5b64516edcc0b44bd3a4302774b37803306ed87c542e911708d8c1c6127e0648f7caa14edf3c9780
2026-10-01 18:17:53.039 [OP] E062 inv=FFBD len=66 #4 8bfaa32b2180eecd052a78b83467e8a4f369c56648a6e72307f33ab76d5c192bceebd9b1e97b6f2e14b753eb4b4c723354115f2b04230737be87299ce0ac5c311c80
2026-10-01 18:17:53.039 [OP] E062 inv=FFD2 len=45 #5 aea32b1ffc5b3eaf205bb83467e8a43005939c08e9a1339602fe15472a7ccbe7c0c371aa87299ce0ccce36a780
2026-10-01 18:17:53.732 [OP] E014 inv=FF97 len=104 #1 22b460f2e2505b64510bdcfaa32b1f805b64510b0bdb55bb4f55cf64b3e564faa32b1f805b64510bdcfaa32b1f805b64510bdcfaa32b1f805b64510bdcfaa32b1f805b64510bdcfaa32b1f805b64510bdcfaa32b1f805b64510bdcfaa32b1f805b6469d5362f55bb
2026-10-01 18:17:53.777 [OP] E004 inv=FF85 len=122 #1 fc0ba1914133409e335513f2dcfaa32b1f805b7ffd0be6faa32b1f805b64580bdcfaa32b1f805b64510b696479020e0f840a2913dcfaa32b1f805b26fdecc4faa32b1f805b64580bdcfaa32b1f805b64510b088880344ba72964510bdcfaa32b1f805b64fdecdcfaa32b1f805b6455b252faa32b1f805b64510b
2026-10-01 18:17:54.947 [OP] 4601 inv=FFF7 len=8 #1 5b64510bdcb4f82b
2026-10-01 18:17:54.988 [OP] 4600 inv=FF87 len=120 #1 e85f4f6c41646fe94bb92da2fc6ce26ae1e957b9f2a24f6c3e6a6fe94bb92da2fc6ce26ae1e957b9f2a24f6c3e6a6fe94bb92da2fc6ce26ae1e957b9f2a24f6c3e6a6fe94bb92da2fc6ce26ae1e957b9f2a24f6c3e6a6fe94bb92da2fc6ce26ae1e957b9f2a24f6c3e6a6fe94bb92da2fc6ce26ae1e957b9
2026-10-01 18:17:55.076 [OP] 40E3 inv=FFF3 len=12 #1 e90e392bca80d864db0b6ffa
2026-10-01 18:17:55.076 [OP] 40E2 inv=FFF3 len=12 #1 a0ecfc0b6f2c312b45809564
2026-10-01 18:17:55.077 [OP] 40E4 inv=FF0D len=242 #1 2e87c464fc0bfcfa6b2b1f805b64510bdcfaa32b62805b64510bdcfaa32b1f8095df51ec26c0a32bca8095640e0bdcfaa32b1f805b64510bdcfaa32b1f805b64510bdcfaa32b1f805b64510bdcfaa32b1f805b64510b0dfaa32b1f805b64510bdcfa462b1f805b64510bdcfaa32bcaaa5bdf580b36faf82b1b8a5b64510bdcfaa32b1f805b64510bdcfaa32b1f805b64510bdcfaa32b1f805b64510bdcfaa32b
2026-10-01 18:17:55.077 [OP] 4244 inv=FFF7 len=8 #1 e90e392b1f805b64
2026-10-01 18:17:55.077 [OP] 4050 inv=FFF7 len=8 #1 a0ecfc0bdc2c312b
2026-10-01 18:17:55.077 [OP] 4503 inv=FFF3 len=12 #1 2e87c464510bdcfaa3de2080
2026-10-01 18:17:55.077 [OP] 4020 inv=FE13 len=492 #1 e90e392b2c80d864580b155a04941f809564580bdcfa982b59af5b64580b6ffaf82b8080323e510b6ffaf82b59809564b288dcfaf82bca80c4640e0bc740a32bca809564b20b6ffad5c31f809564580b8ffaf82b438a5b64580b6ffa202bca80adf0510b6ffaf82b628095648b89dcfaf82bca805c64580b1021a32bca809564490b6ffaa8381f809564580ba7faf82be18a5b64580b6ffa612bca80fdf0510b
2026-10-01 18:17:55.077 [OP] 4021 inv=FFBB len=68 #1 e38052fa462b1f805c5b510bfdfa5b2b1f8095646999dcfab12bd680c464580b3882a32bb480ec640b0b6ffa15a61f802a64d60b6afaf82b073b5b647e0be2fa572bca80
2026-10-01 18:17:55.077 [OP] 40FA inv=FFCA len=53 #1 54d8de1f805b6f510bdcfaa32b1f805bdfb70bdcfaa32b1f8095a7510bdcfaa32b1faad564510bdcfaa32bca5eba64510bdcfaa32b
2026-10-01 18:17:55.078 [OP] 4B30 inv=FFF7 len=8 #1 2e87c464510bdcfa
2026-10-01 18:17:55.078 [OP] 4B31 inv=FFF7 len=8 #1 e38052faa32b1f80
2026-10-01 18:17:55.078 [OP] 4B21 inv=FFE1 len=30 #1 8a5dad805b81a55215c2a32b1f805b64510bdcfaa32b1f805b64510bdcfa
2026-10-01 18:17:55.078 [OP] 4410 inv=FC03 len=1020 #1 8a5dad805b183018d8d24e78c8d95bdf510b4a43f8531f80413c7a60e6c24c82a755bd4eee3c0f41a32b9abbd798a552155aa3531f80668e58ecdcfaefe0709e40dde16fb694a20a911a5b64ae18d8d24e78c8d95bdf510bc043f8531f8041637a60e6c2dc31bf71bd4e062bf8d6a32b570fd798a552155aa3531f80ff8e58ecdcfacc95709e40370d2bd82fb9234b0fbd4e960a5af1a32b3906d798a552155a
2026-10-01 18:17:55.266 [OP] 4025 inv=FFF5 len=10 #1 a353317a955451ece2e8
2026-10-01 18:17:55.406 [OP] 4025 inv=FFF5 len=10 #2 f853365f955451ece2e8
2026-10-01 18:17:55.406 [OP] 4025 inv=FFF5 len=10 #3 db533832c4df51ece2fa
2026-10-01 18:17:55.406 [OP] 4025 inv=FFF5 len=10 #4 39533832c4df51ece2fa
2026-10-01 18:17:55.407 [OP] 4025 inv=FFF5 len=10 #5 fd533832c4df51ece2fa
2026-10-01 18:17:55.815 [OP] 43F1 inv=FFFA len=5 #1 b4b4de1faa
2026-10-01 18:17:55.903 [OP] 4704 inv=FFDE len=33 #1 1b3e22a3b3f3ce5b64510bdcfaa32b1f263c22adb976faa32b1f805b64510bdcfa
2026-10-01 18:18:00.125 [OP] 401B inv=FEF3 len=268 #1 a0ecfc0b8bfaa32b0f805b6455b252fada2b1f802964510b069fa32b1f805b64a9fddcfaa32b1f8080df510bdcfaa32b78aa5b64510bdcfa16876c842d43450bdcfaa32b1f805b6451c0d8ae6c3bad803564510b35faa32b94105b64510bdcfa3cc41f805b64510b88e0a32b1f805b646ad5dcfaa32b1f8026b35c3828d7a32b1f805b64510bdcfaa3695980c6ecfc0b12faa32b80805b64fbd0dcfaa32b1f80
2026-10-01 18:18:03.737 [OP] 4F52 inv=FFFF len=0 #1 
2026-10-01 18:18:03.951 [OP] EFFE inv=FFFE len=1 #1 0b
2026-10-01 18:18:06.855 [OP] 47C0 inv=FFD8 len=39 #1 b39526557cc6c44631840f192e8ffd6ff4a67cc9fc26da31ec8b1961a3016badd958b1389f3dff
2026-10-01 18:18:06.855 [OP] 47C0 inv=FFE1 len=30 #2 0faac42e8ffd6ff4a67cc9fc26da31ec8b1961a3016badd958b1389f3dff
2026-10-01 18:18:06.855 [OP] 47C0 inv=FFEA len=21 #3 51cac726da31ec8b1961a3016badd958b1389f3dff
2026-10-01 18:18:06.855 [OP] 47C0 inv=FFF3 len=12 #4 0253ca6badd958b1389f3dff
2026-10-01 18:18:07.854 [OP] 47C0 inv=FFD8 len=39 #5 b39526557cc6c420f1f355192e8ffd6ff4e8c438fc26da31ec8bb4b750016badd958b16e9ff1ff
2026-10-01 18:18:13.798 [OP] 4F52 inv=FFFF len=0 #2 
2026-10-01 18:18:13.973 [OP] EFFE inv=FFFE len=1 #2 0b
2026-10-01 18:18:24.607 [OP] 46FE inv=FFFF len=0 #1 
2026-10-01 18:18:25.654 [OP] 4F52 inv=FFFF len=0 #3 
2026-10-01 18:18:26.919 [OP] 4705 inv=FFB8 len=71 #1 677a7f51e3a722a379f3ce5b7a310bdcfaa32b1fe72764510bdcfaa3c01f805b64510bdc4df82b1f805b645131dcfaa33a1f805b6651d286033d6643f25b64510bdcfaa32b1f80
2026-10-01 18:18:32.994 [OP] EFFE inv=FFFE len=1 #3 0b
2026-10-01 18:18:35.729 [OP] 4F52 inv=FFFF len=0 #4 
2026-10-01 18:18:37.755 [OP] 4100 inv=FFF9 len=6 #1 10aac626fb27
2026-10-01 18:18:37.848 [OP] 40A0 inv=FFBB len=68 #2 a0ecfc0b6f55312b78125b649dd0dcfadb4a42af762d1d4edcfaa32b1f805b64510bdcfaa32b1f805b64510bdcfaa32b1f805b64510bdcfaa32b1f805e08c90c6de070c4
2026-10-01 18:18:37.848 [OP] 4101 inv=FBFD len=1026 #1 e38052faa32b1f805b64510b155a4e781f805b64510bdcfaa32b1f805b64510bdcfaa32b1f805b64fbb28b53a32b94105b64510bdcfa3cc41f805b64510bdcfaa32b1f805b64d7b252fa392b1f805b64510bb2dca32be8305b640464dcfad2881f807b81a552155a4e78c8d97b81530bdcfa4e78c8d995b0bc595ab12b211f805b64510bdcfaa32bcafd2764510bdcfaa36d84805b64510bdcfaa32b1f805b64
2026-10-01 18:18:37.903 [OP] 40E0 inv=FED1 len=302 #1 e38052fa40de1f805b64510bedfaa32b1f805b6424d0dcfaa32b1f80c964510bdcfaa32b0f455b64fc0bdcfa392b1f804864510b52faa32bad805b64fc0bdcfa392b1f804864510b52faa32bad805b64840bdcfa4d2b1f809564510b8ffaa32ba3805b64580bdcfa462b1f800d64510b8ffaa32b1f805b64510bdcfaa32b1f805b64510bdcfaa32b1f805b64430bdcfaa32b1f805b64510bdcfaa32b1f805b64
2026-10-01 18:18:37.951 [OP] 40E1 inv=FFED len=18 #1 a0ecfc0b6ffaf84aca809564580b6ffaf82b
2026-10-01 18:18:38.017 [OP] 4F52 inv=FFFF len=0 #5 
2026-10-01 18:18:39.125 [OP] 4108 inv=FFE3 len=28 #1 2e87c464510bdcfa4d531f80d8f8510bce40515d1f805b64510bdcfa
2026-10-01 18:18:39.216 [OP] 4108 inv=FFE3 len=28 #2 2e87c464510bdcfa87531f80d8f8510bce40515d1f805b64510bdcfa
2026-10-01 18:18:39.216 [OP] 4108 inv=FFF3 len=12 #3 e90e392b1f805b64510bdcfa
2026-10-01 18:18:39.216 [OP] 4108 inv=FFF3 len=12 #4 e90e392b1f805b64580bdcfa
2026-10-01 18:18:39.217 [OP] 4108 inv=FFF3 len=12 #5 e90e392b1f805b640e0bdcfa
2026-10-01 18:18:39.217 [OP] 4104 inv=FFFB len=4 #1 dcae1f80
2026-10-01 18:18:39.217 [OP] 4104 inv=FFFB len=4 #2 6cae1faa
2026-10-01 18:18:39.217 [OP] 4104 inv=FFFB len=4 #3 3c081fc7
2026-10-01 18:18:39.217 [OP] 4104 inv=FFFB len=4 #4 dcae1fce
2026-10-01 18:18:39.217 [OP] 4104 inv=FFFB len=4 #5 6cae1f12
2026-10-01 18:18:41.196 [OP] 4105 inv=FFFE len=1 #1 cd
2026-10-01 18:18:41.197 [OP] 4105 inv=FFFE len=1 #2 6d
2026-10-01 18:18:41.306 [OP] 4105 inv=FFFE len=1 #3 af
2026-10-01 18:18:41.306 [OP] 4105 inv=FFFE len=1 #4 c0
2026-10-01 18:18:41.408 [OP] 4109 inv=FF8F len=112 #1 2e87c464510b6fe8a32b1f805b64510b07faa32b59e7c36451ecdcfaa32bf380d1df510bacfaa32b1f805b64510bdcfaa32b1f803c64510b905b232b1faa94648fecdcfa3cce1f805b64510bdcfaa32bb9805b640d0bdcfaa37862805bdf510b32c4a32bca805b64510bdcfaa32b1f80
2026-10-01 18:18:41.505 [OP] 4106 inv=FFFD len=2 #1 a3cb
2026-10-01 18:18:41.506 [OP] 4111 inv=FFFD len=2 #1 a164
2026-10-01 18:18:41.506 [OP] 4112 inv=FFFD len=2 #1 6ac4
2026-10-01 18:18:41.855 [OP] 4109 inv=FFB7 len=72 #2 2e87c464517f6fc4a3061f805b64510b07faa32b1fa05b6487b1dcfa40ce1f80ba640ed507faa32b39125b640e0b54faa32b1f805b64510b8222a32b39125b64080b54faa32b1f80
2026-10-01 18:18:41.942 [OP] 4105 inv=FFFE len=1 #5 ec
2026-10-01 18:18:41.942 [OP] 4106 inv=FFFC len=3 #2 982053
2026-10-01 18:18:41.942 [OP] 4106 inv=FFFD len=2 #3 f84a
2026-10-01 18:18:41.942 [OP] 4106 inv=FFFC len=3 #4 9820d9
2026-10-01 18:18:41.942 [OP] 4106 inv=FFFD len=2 #5 a32b
2026-10-01 18:18:41.942 [OP] 4111 inv=FFFD len=2 #2 5b64
2026-10-01 18:18:43.008 [OP] EFFE inv=FFFE len=1 #4 0b
2026-10-01 18:18:43.259 [OP] 4109 inv=FEFF len=256 #3 8a5dad809564b2b1dcfaa32b1f805b64580bdcfaf82b7b129564d8b18bfafd2bca805b644db1dcfafd4a84805bdf510bdcfaa32b92aa5b64d60bdcfaa32b1f805b64510b6ffaa32bc2125b64b2b102faa32b1f805bdf510b6ffaa32bc2125b64b2b1a9faa32b1f805b64510b6ffaa32bc2125b64b2b1c4faa32b1f805b64510bb022a32bc2125b64b20bc6faa3531f80e5df510b8b145f931f805b6457dbdcfa
2026-10-01 18:18:43.353 [OP] 4111 inv=FFFD len=2 #3 1c64
2026-10-01 18:18:44.477 [OP] 4109 inv=FF93 len=108 #4 e38052faf893caaa5b64510bdcfaa32bca805b64fd0b68c4462babaa1c64fc0b6ffaa32b12805b64fc0cdcfac6d91f80dc53510b6622db2b12805b64a0c4dcfafdde8a805bdf510bdcfaa32b92aa5b64fe0bdcfaa32b1f805b64510baeaea32ba94f5b64b70b66faa32b1f80
2026-10-01 18:18:44.584 [OP] 4111 inv=FFFD len=2 #4 c464
2026-10-01 18:18:46.504 [OP] 4109 inv=FFA7 len=88 #5 e38052faa393caaa5b64510bdcfaa32bb9805b64310bdcfa1d4a1f80646f510bdc9fdb2bb9805b6487b1dcfadb7c1f805b64510bdcfa035db2ce5b6487b1dcfadb2b1f805bdffca705c4a32b7faa5b64510bdcfaa32b1f80
2026-10-01 18:18:46.596 [OP] 4111 inv=FFFD len=2 #5 2764
2026-10-01 18:18:54.914 [OP] 46FE inv=FFFF len=0 #2 
2026-10-01 18:18:56.790 [OP] 4112 inv=FFFD len=2 #2 dcc4
2026-10-01 18:18:58.446 [OP] 4112 inv=FFFD len=2 #3 6fc4
2026-10-01 18:18:59.360 [OP] 4112 inv=FFFD len=2 #4 90c4
2026-10-01 18:19:03.039 [OP] EFFE inv=FFFE len=1 #5 0b
2026-10-01 18:19:04.167 [OP] 4112 inv=FFFD len=2 #5 52c4
2026-10-01 18:19:08.776 [OP] 472A inv=FE76 len=393 #1 54d8de1f80d064510bdcfaa32b1f805b64510bdcfab72b1f805b6451d5dcfaa3d059805b64510bdc1c392b1f805b6451f6dcfaa32b1f805b2ace0bdcfaa32b1f6aee64510bdcfaa32b1f805b64510bdcfaa32b1f805b64510bdcfaa32b1f805b64510bdcfaa32b1f805b64510bdcfaa32b1f805b64510bdcfaa32b1f805b64510bdcfaa32b1f805b64510bdc2ca32b1f515b64510e6ffaa3291f805b12510bdc
2026-10-01 18:19:08.871 [OP] 42CE inv=FFFB len=4 #1 c87f510b
2026-10-01 18:19:08.872 [OP] 4211 inv=FFF6 len=9 #1 aa5b645140a722a34a
2026-10-01 18:19:08.872 [OP] 4211 inv=FFF6 len=9 #2 aa5b6451da3e22a34a
2026-10-01 18:19:08.872 [OP] 4211 inv=FFF6 len=9 #3 aa5b6451a4a722a34a
2026-10-01 18:19:08.872 [OP] 4211 inv=FFF6 len=9 #4 aa5b6451e3a722a34a
2026-10-01 18:19:09.976 [OP] 40A0 inv=FFBB len=68 #3 a0ecfc0b6ffa462b0c605b6439ecdcfadb4ac3548a70b10571bbea0232805b64510bdcfaa32b1f805b64510bdcfaa32b1f805b64510bdcfaa32b1f8006df5575dac4a624
2026-10-01 18:19:14.960 [OP] 4100 inv=FFF9 len=6 #2 10aa375378d5
2026-10-01 18:19:15.125 [OP] 4101 inv=FC35 len=970 #2 a0ecfc0bdcfaa32b1f805b64a552155aa32b1f805b64510bdcfaa32b1f805b64510bdcfaa32b1f80bacdb2b2dcfa3cc41f805b64510bf453a32b1f805b64510bdcfaa32b1f80e0cdfc0b52faa32b1f805b646244dcfa34881f8010fc510b730fa32bc8d97b81a552155a4e78c8d93564510b155a4e78ca7726b35c3828d7a32b1f805b64510bdcfae16d84805b64510bdc83b72b1f805b64510bdcfaa32b1f80
2026-10-01 18:19:25.124 [OP] 46FE inv=FFFF len=0 #3 
2026-10-01 18:19:37.403 [OP] 472A inv=FE6C len=403 #2 54d8de1fc2ba64510bdcfaa32b1f805b64510bdc83b42b1f805b6451d5dcfaa3daca805b64510bdc1c392b1f805b6451f6dcfaa32b1f805b2ace0bdcfaa32b1f6aee64510bdcfaa32b1f805b64510bdcfaa32b1f805b64510bdcfaa32b1f805b64510bdcfaa32b1f805b64510bdcfaa32b1f805b64510bdcfaa32b1f805b64510bdcfaa32b1f805b64510bdc04a32b1f895b64510e6ffaa3e1ca805b73510bdc
2026-10-01 18:19:37.504 [OP] 42CE inv=FFFB len=4 #2 c87f510b
2026-10-01 18:19:37.598 [OP] 4211 inv=FFF6 len=9 #5 aa5b645140a722a34a
2026-10-01 18:19:40.517 [OP] 4100 inv=FFF9 len=6 #3 10aa0f53a2c4
2026-10-01 18:19:40.610 [OP] 4101 inv=FBFD len=1026 #3 e38052faa32b1f805b64510b155a4e781f805b64510bdcfaa32b1f805b64510bdcfaa32b1f805b64fbb28b53a32b94105b64510bdcfa3cc41f805b64510bdcfaa32b1f805b64d7b252fa392b1f805b64510bb2dca32be8305b640464dcfad2881f807b81a552155a4e78c8d97b81530bdcfa4e78c8d995b0bc595ab12b211f805b64510bdcfaa32b1ffd2764510bdcfaa36d84805b64510bdcfaa32b1f805b64
2026-10-01 18:19:55.483 [OP] 46FE inv=FFFF len=0 #4 
2026-10-01 18:19:56.403 [OP] 472A inv=FE6C len=403 #3 54d8de1f3b2364510bdcfaa32b1f805b64510bdc37b72b1f805b6451d5dcfaa34e59805b64510bdc1c392b1f805b6451f6dcfaa32b1f805b9cd00bdcfaa32b1f6aee64510bdcfaa32b1f805b64510bdcfaa32b1f805b645152155a4e2b1f805b64510bdcfaa32b1f805b64510bdcfaa32b1f805b64510bdcfaa32b1f805b64510bdcfaa32b1f805b64510bdc34f82b1f515b64510e6ffaa3291f805b12510bdc
2026-10-01 18:19:56.492 [OP] 42CE inv=FFFB len=4 #3 c87f510b
2026-10-01 18:19:58.714 [OP] 40A0 inv=FFBB len=68 #4 a0ecfc0b6ffaf82b28605b6439ecdcfadb4ac3548a70b10576bbea0232805b64510bdcfaa32b1f805b64510bdcfaa32b1f805b64510bdcfaa32b1f805f087ed049e0d5de
2026-10-01 18:20:02.634 [OP] 4100 inv=FFF9 len=6 #4 10aa875318d0
2026-10-01 18:20:02.725 [OP] 40A0 inv=FFBB len=68 #5 a0ecfc0b6ffaf82bce125b64e07fdcfadb4ae4f1245d510bdcfaa32b1f805b64510bdcfaa32b1f805b64510bdcfaa32b1f805b64510bdcfaa32b1f80f16fbd7f92ae2e93
2026-10-01 18:20:02.806 [OP] 4101 inv=FC35 len=970 #4 a0ecfc0bdcfaa32b1f805b64a552155aa32b1f805b64510bdcfaa32b1f805b64510bdcfaa32b1f80bacdb2b2dcfa3cc41f805b64510bf453a32b1f805b64510bdcfaa32b1f80e0cdfc0b52faa32b1f805b646244dcfa34881f8010fc510b730fa32bc8d97b81a552155a4e78c8d93564510b155a4e78ca7726b35c3828d7a32b1f805b64510bdcfa716d84805b64510bdc83b72b1f805b64510bdcfaa32b1f80
2026-10-01 18:20:25.694 [SYS] 物品栏满
2026-10-01 18:20:25.778 [OP] 472A inv=FE76 len=393 #4 54d8de1fe90e64510bdcfaa32b1f805b64510bdcfe5f2b1f805b6451d5dcfaa3f159805b64510bdc1c392b1f805b6451f6dcfaa32b1f805b9cd00bdcfaa32b1f6aee64510bdcfaa32b1f805b64510bdcfaa32b1f805b64510bdcfaa32b1f805b64510bdcfaa32b1f805b64510bdcfaa32b1f805b64510bdcfaa32b1f805b64510bdcfaa32b1f805b64510bdc48f82b1f515b6451df6ffaa35eca805b12510bdc
2026-10-01 18:20:25.778 [OP] 42CE inv=FFFB len=4 #4 c87f510b
2026-10-01 18:20:25.779 [OP] 46FE inv=FFFF len=0 #5 
2026-10-01 18:20:31.790 [OP] 4100 inv=FFF9 len=6 #5 10aaf808820b
2026-10-01 18:20:32.039 [OP] 4101 inv=FBFD len=1026 #5 e38052faa32b1f805b64510b155a4e781f805b64510bdcfaa32b1f805b64510bdcfaa32b1f805b64fbb28b53a32b94105b64510bdcfa3cc41f805b64510bdcfaa32b1f805b64d7b252fa392b1f805b64510bb2dca32be8305b640464dcfad2881f807b81a552155a4e78c8d97b81530bdcfa4e78c8d995b0bc595ab12b211f805b64510bdcfaa32b1ffd2764510bdcfaa36d84805b64510bdcfaa32b1f805b64
2026-10-01 18:20:53.388 [SYS] 物品栏满
2026-10-01 18:20:53.474 [OP] 472A inv=FE76 len=393 #5 54d8de1f20c164510bdcfaa32b1f805b64510bdcc64d2b1f805b6451d5dcfaa342ad805b64510bdc1c392b1f805b6451f6dcfaa32b1f805b9cd00bdcfaa32b1f6aee64510bdcfaa32b1f805b64510bdcfaa32b1f805b64510bdcfaa32b1f805b64510bdcfaa32b1f805b64510bdcfaa32b1f805b64510bdcfaa32b1f805b64510bdcfaa32b1f805b64510bdc48f82b1f515b64514edcfaa3fc1f805b12510bdc
2026-10-01 18:20:53.474 [OP] 42CE inv=FFFB len=4 #5 c87f510b
2026-10-01 18:21:46.793 [OP] F005 inv=FFE7 len=24 #1 24c812922d93a32b1f805b64510bdcfaa3de1f80038b7616
2026-10-01 18:21:47.432 [SYS] 物品栏满
2026-10-01 18:22:37.601 [OP] F005 inv=FFE7 len=24 #2 24c812922d93a32b1f805b64510bdcfaa3ce46efddeecdd0
2026-10-01 18:22:43.763 [OP] 4110 inv=FFFD len=2 #1 5f93
2026-10-01 18:22:44.464 [OP] 4110 inv=FFFD len=2 #2 b493
2026-10-01 18:22:44.662 [OP] 4110 inv=FFFD len=2 #3 b493
2026-10-01 18:22:44.915 [OP] 4110 inv=FFFD len=2 #4 b493
2026-10-01 18:22:45.067 [OP] 4110 inv=FFFD len=2 #5 b493
2026-10-01 18:22:52.785 [SYS] #ff0000#您已进入野外区域，可能遭遇玩家间的自由对战，请注意安全！#ffffff#
2026-10-01 18:22:52.785 [OP] 40E0 inv=FED1 len=302 #2 e38052fa40de1f805b64510bedfaa32b1f805b6424d0dcfaa32b1f80c964510bdcfaa32b0f455b64fc0bdcfa392b1f804864510b52faa32bad805b64fc0bdcfa392b1f804864510b52faa32bad805b64840bdcfa4d2b1f809564510b8ffaa32ba3805b64580bdcfa462b1f800d64510b8ffaa32b1f805b64510bdcfaa32b1f805b64510bdcfaa32b1f805b64430bdcfaa32b1f805b64510bdcfaa32b1f805b64
2026-10-01 18:22:52.785 [OP] 40E3 inv=FFF3 len=12 #2 e90e392bcad97b81db0b6ffa
2026-10-01 18:22:52.785 [OP] 40E2 inv=FFF3 len=12 #2 a0ecfc0b6ffafd2b45809564
2026-10-01 18:22:52.785 [OP] 4232 inv=FF60 len=159 #1 9c23d0dce0a32b1f4f5b645127dcfaa3de1f805b6f510bdc1c462b1f805b64510bdcfaa32b1f805b64510bdcfaa32b1f805b64510bdcfaa3b1ad805b64510bdcbcf82b1f805b64511c52faa32b1f805b03580bdcfaa32b1ffd7a6451dd52faa3fbca805b58510bdc25a32b1fef5b6451c4dcfaa38b59805b5b510bdccea32b1f595b64510bdcfaa32cd672eca2d661e2b05b931f805b64510bdcfaa32b1f80
2026-10-01 18:22:52.785 [OP] 401B inv=FEB3 len=332 #2 8a5dad800d64510b17faa32bb907c464530bdcfa972b1f8099d9510bdcfaa32b53ca5b64510bdcfa402b1f805b64510b9bc4a32b1f805b64bc595ab12b21ab805b64510bdcfaa32b1faa5b64d7b252fada2b1f804964510bf453a32b1f805b64820cdcfaa32b1f803f08510bdcfaa32b5b4f5b64510bdcfa16876c842d43510bdcfaa32b1f805b6451b122c1e45dad80c564510b6dfaa32b2dce5b64510bdcfa
2026-10-01 18:22:52.838 [OP] 4202 inv=FFEF len=16 #1 95ecdcfab42b1f804af8510b7522a32b
2026-10-01 18:22:52.838 [OP] 4055 inv=FFF7 len=8 #3 a0ecfc0bdcfaa32b
2026-10-01 18:22:52.838 [OP] 4613 inv=FFC0 len=63 #3 531d1674df0b0b1db4db53ca5551f858ec59acdbb319c755ef0eec6fc4f82b1faa95df51b58f622051ca505b642461dcf4a3531f8040ef555c8aa2fb2b1f80
2026-10-01 18:22:52.838 [OP] 4613 inv=FFBF len=64 #4 f86482b79508512607e8f8c1ca5551f858ec59acdbb319c755ef0eec6fc4f82b1faa95df51b58f622051ca2a5b64c861dcf4a3531f8040ef555c8aa2512b1f80
2026-10-01 18:22:52.838 [OP] 4613 inv=FFBA len=69 #5 dfb82fe7c4202b383fc3dc0259585b960e62830ff8cdcf6fb4a0d47079af8a83ec6fc4f82b1faa95df51b58f622051ca1e5bf82461dcf4a3531f804040986c2ab7d62b1f80
2026-10-01 18:23:02.264 [SYS] #ff0000#您已进入野外区域，可能遭遇玩家间的自由对战，请注意安全！#ffffff#
2026-10-01 18:23:02.327 [OP] 40E0 inv=FED1 len=302 #3 e38052fa40de1f805b64510bedfaa32b1f805b6424d0dcfaa32b1f80c964510bdcfaa32b0f455b64fc0bdcfa392b1f804864510b52faa32bad805b64fc0bdcfa392b1f804864510b52faa32bad805b64840bdcfa4d2b1f809564510b8ffaa32ba3805b64580bdcfa462b1f800d64510b8ffaa32b1f805b64510bdcfaa32b1f805b64510bdcfaa32b1f805b64430bdcfaa32b1f805b64510bdcfaa32b1f805b64
2026-10-01 18:23:02.327 [OP] 40E3 inv=FFF3 len=12 #3 e90e392bca809464db0b6ffa
2026-10-01 18:23:02.328 [OP] 40E2 inv=FFF3 len=12 #3 a0ecfc0b6ffaf82b45809564
2026-10-01 18:23:02.328 [OP] 4232 inv=FF60 len=159 #2 9c23d0dce0a32b1f4f5b645127dcfaa3de1f805b6f510bdc1c462b1f805b64510bdcfaa32b1f805b64510bdcfaa32b1f805b64510bdcfaa3b1ad805b64510bdcbcf82b1f805b64511c52faa32b1f805b03580bdcfaa32b1ffd7a6451dd52faa3fbca805b58510bdc25a32b1fef5b6451c4dcfaa38b59805b5b510bdccea32b1f595b64510bdcfaa32cd672eca2d661e2b05b931f805b64510bdcfaa32b1f80
2026-10-01 18:23:02.328 [OP] 401B inv=FEB3 len=332 #3 8a5dad800d64510b17faa32bb907c464530bdcfa972b1f8099d9510bdcfaa32b53ca5b64510bdcfa402b1f805b64510b9bc4a32b1f805b64bc595ab12b21ab805b64510bdcfaa32b1faa5b64d7b252fada2b1f804964510bf453a32b1f805b64820cdcfaa32b1f803f08510bdcfaa32b5b4f5b64510bdcfa16876c842d43510bdcfaa32b1f805b64510bdce8e45dad80c564510b6dfaa32b2dce5b64510bdcfa
2026-10-01 18:23:02.328 [OP] 4202 inv=FFEF len=16 #2 feecdcfab42b1f80b5df510baa5ba32b
2026-10-01 18:23:02.328 [OP] 4055 inv=FFF7 len=8 #4 a0ecfc0bdcfaa378
2026-10-01 18:24:41.214 [SYS] 物品栏满
2026-10-01 18:25:05.963 [SYS] 物品栏满
2026-10-01 18:25:28.838 [SYS] 物品栏满
2026-10-01 18:26:15.527 [OP] F005 inv=FFE7 len=24 #3 26b35c3828d7972b1f805b64510bdcfaa32b5ebce8a511b2
2026-10-01 18:26:15.610 [OP] F005 inv=FFE7 len=24 #4 26b35c3828d7972b1f805b64510bdcfaa32b5ebce8a511b2
2026-10-01 18:26:22.994 [SYS] 物品栏满
2026-10-01 18:26:24.127 [SYS] #ff0000#您已进入野外区域，可能遭遇玩家间的自由对战，请注意安全！#ffffff#
2026-10-01 18:26:24.218 [OP] 4202 inv=FFEF len=16 #3 d5ecdcfab42b1f80f2df510b3b22a32b
2026-10-01 18:26:24.219 [OP] 40E0 inv=FED1 len=302 #4 e38052fa40de1f805b64510bedfaa32b1f805b6424d0dcfaa32b1f80c964510bdcfaa32b0f455b64fc0bdcfa392b1f804864510b52faa32bad805b64fc0bdcfa392b1f804864510b52faa32bad805b64840bdcfa4d2b1f809564510b8ffaa32ba3805b64580bdcfa462b1f800d64510b8ffaa32b1f805b64510bdcfaa32b1f805b64510bdcfaa32b1f805b64430bdcfaa32b1f805b64510bdcfaa32b1f805b64
2026-10-01 18:26:24.219 [OP] 40E3 inv=FFF3 len=12 #4 e90e392bcad97b81db0b6ffa
2026-10-01 18:26:24.219 [OP] 40E2 inv=FFF3 len=12 #4 a0ecfc0b6ffaa32b45809564
2026-10-01 18:26:24.219 [OP] 4232 inv=FF60 len=159 #3 9c23d0dce0a32b1f4f5b645127dcfaa3de1f805b6f510bdc1c462b1f805b64510bdcfaa32b1f805b64510bdcfaa32b1f805b64510bdcfaa3b1ad805b64510bdcbcf82b1f805b64511c52faa32b1f805b03580bdcfaa32b1ffd7a64517152faa3fbca805b58510bdc25a32b1fef5b6451c4dcfaa38b59805b5b510bdccea32b1f595b64510bdcfaa32cd672eca2d661e2b05b931f805b64510bdcfaa32b1f80
2026-10-01 18:26:24.219 [OP] 401B inv=FEB3 len=332 #4 8a5dad800d64510b17faa32bb907c464530bdcfa972b1f8099d9510bdcfaa32b53ca5b64510bdcfa402b1f805b64510b9bc4a32b1f805b64bc595ab12b21ab805b64510bdcfaa32b1fc75b64d7b252fada2b1f804964510bf453a32b1f805b64820cdcfaa32b1f80306f510bdcfaa32b5b4f5b64510bdcfa16876c842d43510bdcfaa32b1f805b6451b122c1e45dad80c564510b6dfaa32b2dce5b64510bdcfa
2026-10-01 18:26:24.314 [OP] 4055 inv=FFF7 len=8 #5 a0ecfc0bdcfaa32b
2026-10-01 18:26:34.457 [OP] 1014 inv=FFF2 len=13 #1 db67ce5b64510bdcc4672b1f80
2026-10-01 18:26:34.543 [OP] 40F4 inv=FFF2 len=13 #1 9c23d0dcfaa32b1faad864510b
2026-10-01 18:26:34.544 [SYS] #00FF00#开启了通天塔二区，下次可以从通天塔门传送到通天塔二区
2026-10-01 18:26:34.544 [SYS] #ff0000#您已进入野外区域，可能遭遇玩家间的自由对战，请注意安全！#ffffff#
2026-10-01 18:26:34.544 [OP] 40E0 inv=FED1 len=302 #5 e38052fa40de1f805b64510bedfaa32b1f805b6424d0dcfaa32b1f80c964510bdcfaa32b0f455b64fc0bdcfa392b1f804864510b52faa32bad805b64fc0bdcfa392b1f804864510b52faa32bad805b64840bdcfa4d2b1f809564510b8ffaa32ba3805b64580bdcfa462b1f800d64510b8ffaa32b1f805b64510bdcfaa32b1f805b64510bdcfaa32b1f805b64430bdcfaa32b1f805b64510bdcfaa32b1f805b64
2026-10-01 18:26:34.544 [OP] 40E3 inv=FFF3 len=12 #5 e90e392bcad97b81db0b6ffa
2026-10-01 18:26:34.544 [OP] 40E2 inv=FFF3 len=12 #5 a0ecfc0b6f25a32b45809564
2026-10-01 18:26:34.544 [OP] 4232 inv=FF60 len=159 #4 9c23d0dce0a32b1f4f5b645127dcfaa3de1f805b6f510bdc1c462b1f805b64510bdcfaa32b1f805b64510bdcfaa32b1f805b64510bdcfaa3b1ad805b64510bdcbcf82b1f805b64511c52faa32b1f805b03580bdcfaa32b1ffd7a64517152faa3fbca805b58510bdc25a32b1fef5b6451c4dcfaa38b59805b5b510bdccea32b1f595b64510bdcfaa32cd672eca2d661e2b05b931f805b64510bdcfaa32b1f80
2026-10-01 18:26:34.544 [OP] 401B inv=FEB3 len=332 #5 8a5dad800d64510b17faa32bb907c464530bdcfa972b1f8099d9510bdcfaa32b53ca5b64510bdcfa402b1f805b64510b9bc4a32b1f805b64bc595ab12b21ab805b64510bdcfaa32b1fce5b64d7b252fada2b1f804964510bf453a32b1f805b64820cdcfaa32b1f803f08510bdcfaa32b5b4f5b64510bdcfa16876c842d43510bdcfaa32b1f805b645161e2b0e45dad80c564510b6dfaa32b2dce5b64510bdcfa
2026-10-01 18:26:34.599 [OP] 4202 inv=FFEF len=16 #4 15ecdcfab42b1f80b5df510b35baa32b
2026-10-01 18:26:39.022 [OP] F005 inv=FFE7 len=24 #5 26b35c3828d7972b1f805b64510bdcfaa3ce7d805b64510b
2026-10-01 18:27:06.534 [SYS] 物品栏满
2026-10-01 18:27:34.072 [SYS] 物品栏满
2026-10-01 18:29:25.836 [SYS] 物品栏满
2026-10-01 18:29:31.013 [OP] 4018 inv=FFF0 len=15 #1 677a7f511b3e22a3bda5b3c0645175
2026-10-01 18:30:03.875 [SYS] 物品栏满
2026-10-01 18:31:31.587 [SYS] 物品栏满
2026-10-01 18:31:52.230 [SYS] 物品栏满
2026-10-01 18:32:14.558 [SYS] 物品栏满
2026-10-01 18:34:48.646 [SYS] 物品栏满
2026-10-01 18:35:16.509 [SYS] 物品栏满
2026-10-01 18:35:46.222 [SYS] 物品栏满
2026-10-01 18:36:10.877 [SYS] 物品栏满
2026-10-01 18:36:17.572 [PIPE] controller disconnected
2026-10-01 18:36:24.870 [PIPE] controller connected
2026-10-01 18:37:09.108 [OP] 40E6 inv=FFF3 len=12 #1 8a5dad80d2c6510bdcfaa32b
2026-10-01 18:37:09.108 [OP] 4233 inv=FFFA len=5 #1 677a7f510b
2026-10-01 18:37:09.108 [OP] 40F6 inv=FFEF len=16 #1 8a5dad8039f1510bdcfaa32b1fd95c5b
2026-10-01 18:37:09.108 [OP] 4232 inv=FF60 len=159 #5 9c23d0dce0a32b1f4f5b645127dcfaa3de1f805b6f510bdc1c462b1f805b64510bdcfaa32b1f805b64510bdcfaa32b1f805b64510bdcfaa3fead805b64510bdcbdf82b1f805b64518752faa32b1f805bc7580bdcfaa32b1f9d7a64516f52faa3feca805b57510bdc25a32b1fef5b6451c4dcfaa3b959805b7c510bdcd3a32b1f585b64510bdcfaa32cd672eca2d661e2b05b931f805b64510bdcfaa32b1f80
2026-10-01 18:37:09.108 [OP] 4210 inv=FFF3 len=12 #1 da0bdcfa932b1f80a0ecfc0b
2026-10-01 18:37:09.162 [OP] 4210 inv=FFF3 len=12 #2 da0bdcfa932b1f80c6ecfc0b
2026-10-01 18:38:04.376 [SYS] 物品栏满
2026-10-01 18:38:04.376 [OP] 46E0 inv=FDF7 len=520 #1 a0ecfc0b6ffaa32bb907c464580bdcfa803b1f8095640e0b346a572bd62f8823f3ac90c0d4cead8066b2c80bdcfa9d2b98f55c64510bdcfa392b5980bc1dfd0bdcd84bc469805b642525bac4232b1f801c640fd0b029462b8b564864b6b1f4ae0f8ed1809564510bdc08a32b69489c7f830bdcfa76f227790b47c80b6e109d2b2ca50353438bc3fa2d87bbce864cc80b0beb11ce0aec48642f648a2268e5f98b
2026-10-01 18:38:34.989 [SYS] 物品栏满
2026-10-01 18:39:00.461 [SYS] 物品栏满
2026-10-01 18:39:23.770 [SYS] 物品栏满
2026-10-01 18:39:50.141 [SYS] 物品栏满
2026-10-01 18:40:42.815 [SYS] 物品栏满
2026-10-01 18:40:42.914 [OP] 4235 inv=FFFA len=5 #1 db67ce5b64
2026-10-01 18:41:42.408 [SYS] 物品栏满
2026-10-01 18:42:12.520 [SYS] 物品栏满
2026-10-01 18:42:40.527 [SYS] 物品栏满
2026-10-01 18:43:01.299 [SYS] 物品栏满
2026-10-01 18:43:16.646 [PIPE] controller disconnected
2026-10-01 18:43:30.431 [SYS] 物品栏满
2026-10-01 18:43:52.314 [PIPE] controller connected
2026-10-01 18:43:52.314 [PIPE] controller disconnected
2026-10-01 18:44:01.890 [INIT] dll unloaded
2026-10-01 18:44:18.221 [INIT] dll loaded, pid=25644
2026-10-01 18:44:18.221 [INIT] codec loaded OK
2026-10-01 18:44:18.222 [INIT] iat hooks: recv=1 send=1 WSASend=1 connect=1 closesocket=1
2026-10-01 18:44:19.521 [OP] 472A inv=FE76 len=393 #1 54d8de1f2abb64510bdcfaa32b1f805b64510bdc0e002b1f805b645144dcfaa3c29d805b64510bdc58392b1f805b64511ddcfaa32b1f805b288d0bdcfaa32b1f6aee64510bdcfaa32b1f805b64510bdcfaa32b1f805b64510bdcfaa32b1f805b64510bdcfaa32b1f805b64510bdcfaa32b1f805b64510bdcfaa32b1f805b64510bdcfaa32b1f805b64510bdc7af82b1fce956451f16ffaa391ca805bd3580bdc
2026-10-01 18:44:19.617 [SYS] 获得了#00FF00#1#FFF692#个#64FF7D#碧玉葫芦
2026-10-01 18:44:19.618 [OP] 42CE inv=FFFB len=4 #1 c87f510b
2026-10-01 18:44:19.618 [OP] 4020 inv=FFE7 len=24 #1 e38052fa672bca8094cdfc0b91a7a32bca809564000be6fa
2026-10-01 18:44:19.618 [OP] 4211 inv=FFF6 len=9 #1 aa5b645140a722a34a
2026-10-01 18:44:19.618 [OP] 4211 inv=FFF6 len=9 #2 aa5b6451da3e22a34a
2026-10-01 18:44:19.618 [OP] 4211 inv=FFF6 len=9 #3 aa5b6451a4a722a34a
2026-10-01 18:44:19.618 [OP] 4211 inv=FFF6 len=9 #4 aa5b6451e3a722a34a
2026-10-01 18:44:19.709 [OP] 47C0 inv=FFE1 len=30 #1 0faac4c88ffd6fc4350cc9bde02831ec6aeb0df1803cadd9587586704c07
2026-10-01 18:44:19.709 [OP] 47C0 inv=FFEA len=21 #2 51cac7e02831ec6aeb0df1803cadd9587586704c07
2026-10-01 18:44:19.709 [OP] 47C0 inv=FFF3 len=12 #3 0253ca3cadd9587586704c07
2026-10-01 18:44:19.709 [OP] 47C0 inv=FFF3 len=12 #4 0253ca6badd9587586704c07
2026-10-01 18:44:19.709 [OP] 47C0 inv=FFF3 len=12 #5 0253ca5f7fd9587506069e68
2026-10-01 18:44:19.710 [OP] 4025 inv=FFF5 len=10 #1 c0533832c4df51ece2fa
2026-10-01 18:44:26.624 [OP] 4100 inv=FFF9 len=6 #1 98aa1e53f2b1
2026-10-01 18:44:26.721 [OP] 4101 inv=FC35 len=970 #1 a0ecfc0bdcfaa32b1f805b64a552155aa32b1f805b64510bdcfaa32b1f805b64510bdcfaa32b1f80bacdb2b2dcfa3cc41f805b64510bf453a32b1f805b64510bdcfaa32b1f80e0cdfc0b52faa32b1f805b646244dcfa34881f8010fc510b730fa32bc8d97b81a552155a4e78c8d93564510b155a4e78ca7726b35c3828d7a32b1f805b64510bdcfa706d84805b64510bdc83b72b1f805b64510bdcfaa32b1f80
2026-10-01 18:44:26.812 [OP] 4F52 inv=FFFF len=0 #1 
2026-10-01 18:44:27.932 [OP] 4108 inv=FFE3 len=28 #1 2e87c464510bdcfa4d531f80d8f8510bce40515d1f805b64510bdcfa
2026-10-01 18:44:28.023 [OP] 4108 inv=FFE3 len=28 #2 2e87c464510bdcfa87531f80d8f8510bce40515d1f805b64510bdcfa
2026-10-01 18:44:28.023 [OP] 4108 inv=FFF3 len=12 #3 e90e392b1f805b64510bdcfa
2026-10-01 18:44:28.024 [OP] 4108 inv=FFF3 len=12 #4 e90e392b1f805b64580bdcfa
2026-10-01 18:44:28.024 [OP] 4108 inv=FFF3 len=12 #5 e90e392b1f805b640e0bdcfa
2026-10-01 18:44:28.024 [OP] 4104 inv=FFFB len=4 #1 0a081f80
2026-10-01 18:44:28.024 [OP] 4104 inv=FFFB len=4 #2 0a081faa
2026-10-01 18:44:28.024 [OP] 4104 inv=FFFB len=4 #3 3cae1fc7
2026-10-01 18:44:28.024 [OP] 4104 inv=FFFB len=4 #4 3cae1fce
2026-10-01 18:44:28.024 [OP] 4104 inv=FFFB len=4 #5 3cae1f12
2026-10-01 18:44:29.854 [OP] 4105 inv=FFFE len=1 #1 cd
2026-10-01 18:44:29.958 [OP] 4105 inv=FFFE len=1 #2 6d
2026-10-01 18:44:29.958 [OP] 4105 inv=FFFE len=1 #3 af
2026-10-01 18:44:29.958 [OP] 4105 inv=FFFE len=1 #4 c0
2026-10-01 18:44:29.958 [OP] 4106 inv=FFFD len=2 #1 a332
2026-10-01 18:44:29.958 [OP] 4110 inv=FFFD len=2 #1 5f2b
2026-10-01 18:44:29.959 [OP] 4111 inv=FFFD len=2 #1 ba64
2026-10-01 18:44:30.057 [OP] 4109 inv=FFDF len=32 #1 2e87c464510b6ffaa32b1f805b64510bd0c4a32b62a0ba64510bdcfaa32b8480
2026-10-01 18:44:30.362 [OP] 4106 inv=FFFC len=3 #2 e2397d
2026-10-01 18:44:30.362 [OP] 4106 inv=FFFC len=3 #3 e239cb
2026-10-01 18:44:30.362 [OP] 4106 inv=FFFD len=2 #4 f8ed
2026-10-01 18:44:30.453 [OP] 4109 inv=FF7B len=132 #2 2e87c464580b6fe8a32b1f805b64510b13f4a32ba58021df0b0b40c43993c780cf26510b10aea32bad77c36451ecdcfaa3531f8062df510b9dfaa32b1f805b64510bdcfa40ce1f80a808510b52e8232b1faa5b648fecdcfaa5de1f805b64510bdcfaa32bc0ef5b6467d5dcfa399362805bdf510b7cc4a32bcf815ed9510bdcfaccd01f80
2026-10-01 18:44:30.547 [OP] 4111 inv=FFFD len=2 #2 5764
2026-10-01 18:44:32.498 [OP] 4109 inv=FDD7 len=552 #3 2e87c464580be69fa32b1f805b64510b6ffaa32ba580ea7f0b0b0022fd249b809564510baeaea32b9dd15b6451ecdcfaa32b1f8062df510b06faa32b1f805b64510bdcfaf82b1f80a76f510b8bbaf82b1f805b64510b4453f82b1f80a76f510b8bbadb2b1f805b645152155af82b1f80a76f510b8bba392b1f805b6451dfdcfaf82b1f80a76f510b8bbafd2b1f805b6451563bfaf82b1f80a76f510b8bba232b
2026-10-01 18:44:32.612 [OP] 4111 inv=FFFD len=2 #3 2364
2026-10-01 18:44:33.915 [OP] 4109 inv=FE17 len=488 #4 e90e392bca804053510bdcfaa32b1f809564510b8ffa8fde3480ea7fb2754ffaf82b1f80a76f510b8b02a32b1fc75b645108dcfa4b531f80ee64510bdcfaa32b1f805b645decdcfad92b1f805b64510bdcfaa32bca805b645fc4dcfafdcbca805bdf510bdcfaa32bb6aa5b64da0bdcfaa32b1f805b64510b6ffaa32bb7ef5b64b2af90faa3531f805b64510b25c4a32bb8805b64510bdcfaa32b1f809564510b
2026-10-01 18:44:34.003 [OP] 4111 inv=FFFD len=2 #4 a164
2026-10-01 18:44:34.003 [OP] 4112 inv=FFFD len=2 #1 6ac4
2026-10-01 18:44:34.175 [OP] EFFE inv=FFFE len=1 #1 0b
2026-10-01 18:44:35.742 [OP] 4109 inv=FFB7 len=72 #5 2e87c464517f6fc4a3c41f805b64510b07faa32b59e75b6487b1dcfa40ce1f80a1f80e0b07faa32b39125b640e7f4ffaa32b1f805b64510b8222a32b39125b64080b4ffaa32b1f80
2026-10-01 18:44:35.825 [OP] 4105 inv=FFFE len=1 #5 7f
2026-10-01 18:44:35.825 [OP] 4106 inv=FFFD len=2 #5 a393
2026-10-01 18:44:35.825 [OP] 4111 inv=FFFD len=2 #5 9464
2026-10-01 18:44:36.888 [OP] 4F52 inv=FFFF len=0 #2 
2026-10-01 18:44:37.443 [OP] 46FE inv=FFFF len=0 #1 
2026-10-01 18:44:41.074 [OP] 4112 inv=FFFD len=2 #2 6fc4
2026-10-01 18:44:41.074 [OP] 4112 inv=FFFD len=2 #3 90c4
2026-10-01 18:44:41.074 [OP] 4112 inv=FFFD len=2 #4 52c4
2026-10-01 18:44:41.074 [OP] 4112 inv=FFFD len=2 #5 8bc4
2026-10-01 18:44:44.190 [OP] EFFE inv=FFFE len=1 #2 0b
2026-10-01 18:44:46.963 [OP] 4F52 inv=FFFF len=0 #3 
2026-10-01 18:44:48.237 [OP] 472A inv=FE76 len=393 #2 54d8de1f9ebb64510bdcfaa32b1f805b64510bdc49002b1f805b645144dcfaa30734805b64510bdc58392b1f805b64511ddcfaa32b1f805b288d0bdcfaa32b1f6aee64510bdcfaa32b1f805b64510bdcfaa32b1f805b64510bdcfaa32b1f805b64510bdcfaa32b1f805b64510bdcfaa32b1f805b64510bdcfaa32b1f805b64510bdcfaa32b1f805b64510bdc7af82b1f1b956451fa6ffaa3731f805b5c510bdc
2026-10-01 18:44:48.328 [OP] 42CE inv=FFFB len=4 #2 c87f510b
2026-10-01 18:44:48.328 [OP] 4211 inv=FFF6 len=9 #5 aa5b645140a722a34a
2026-10-01 18:44:55.345 [OP] 4100 inv=FFF9 len=6 #2 98aa18537aec
2026-10-01 18:44:55.434 [OP] 4101 inv=FC35 len=970 #2 a0ecfc0bdcfaa32b1f805b64a552155aa32b1f805b64510bdcfaa32b1f805b64510bdcfaa32b1f80bacdb2b2dcfa3cc41f805b64510bf453a32b1f805b64510bdcfaa32b1f80e0cdfc0b52faa32b1f805b646244dcfa34881f8010fc510b730fa32bc8d97b81a552155a4e78c8d93564510b155a4e78ca7726b35c3828d7a32b1f805b64510bdcfaf86d84805b64510bdc83b72b1f805b64510bdcfaa32b1f80
2026-10-01 18:44:55.525 [OP] 4F52 inv=FFFF len=0 #4 
2026-10-01 18:44:58.866 [OP] 4110 inv=FFFD len=2 #2 5f2b
2026-10-01 18:45:04.221 [OP] EFFE inv=FFFE len=1 #3 0b
2026-10-01 18:45:05.607 [OP] 4F52 inv=FFFF len=0 #5 
2026-10-01 18:45:07.700 [OP] 46FE inv=FFFF len=0 #2 
2026-10-01 18:45:08.777 [OP] 4110 inv=FFFD len=2 #3 b42b
2026-10-01 18:45:14.237 [OP] EFFE inv=FFFE len=1 #4 0b
2026-10-01 18:45:15.924 [SYS] 物品栏满
2026-10-01 18:45:16.017 [OP] 472A inv=FE76 len=393 #3 54d8de1f26df64510bdcfaa32b1f805b64510bdce52d2b1f805b645144dcfaa30734805b64510bdc58392b1f805b64511ddcfaa32b1f805b288d0bdcfaa32b1f6aee64510bdcfaa32b1f805b64510bdcfaa32b1f805b64510bdcfaa32b1f805b64510bdcfaa32b1f805b64510bdcfaa32b1f805b64510bdcfaa32b1f805b64510bdcfaa32b1f805b64510bdcb5a32b1fc3956451f16ffaa3ccca805bd3580bdc
2026-10-01 18:45:16.018 [OP] 42CE inv=FFFB len=4 #3 c87f510b
2026-10-01 18:45:21.246 [OP] 4100 inv=FFF9 len=6 #3 98aabf2609ec
2026-10-01 18:45:21.338 [OP] 4101 inv=FBFD len=1026 #3 e38052faa32b1f805b64510b155a4e781f805b64510bdcfaa32b1f805b64510bdcfaa32b1f805b64fbb28b53a32b94105b64510bdcfa3cc41f805b64510bdcfaa32b1f805b64d7b252fa392b1f805b64510bb2dca32be8305b640464dcfad2881f807b81a552155a4e78c8d97b81530bdcfa4e78c8d995b0bc595ab12b211f805b64510bdcfaa32b1ffd2764510bdcfaa36d84805b64510bdcfaa32b1f805b64
2026-10-01 18:45:24.736 [OP] 4110 inv=FFFD len=2 #4 5f2b
2026-10-01 18:45:28.121 [PIPE] controller connected
2026-10-01 18:45:28.122 [UI] ---- window dump begin (pid 25644) ----
2026-10-01 18:45:28.137 [UI] TOP=0003064C vis=1 cls=ATL:012FF210 rc=(891,118,1931,925) title=什么什么大冒险2(①逍遥村敬老院)-先驱02_Sep 24 2026《什么什么大冒险》制作委员会QQ群:515616289
2026-10-01 18:45:28.138 [UI] TOP=0003064E vis=0 cls=DIEmWin rc=(-1,-1,135,38) title=DIEmWin
2026-10-01 18:45:28.141 [UI] TOP=0003064A vis=0 cls=MSCTFIME UI rc=(0,0,0,0) title=MSCTFIME UI
2026-10-01 18:45:28.166 [UI] TOP=000A0D64 vis=0 cls=IME rc=(0,0,0,0) title=Default IME
2026-10-01 18:45:28.166 [UI] TOP=0006062E vis=0 cls=IME rc=(0,0,0,0) title=Default IME
2026-10-01 18:45:28.166 [UI] ---- window dump end ----
2026-10-01 18:45:31.135 [PIPE] controller disconnected
2026-10-01 18:45:34.263 [OP] EFFE inv=FFFE len=1 #5 0b
2026-10-01 18:45:37.911 [OP] 46FE inv=FFFF len=0 #3 
2026-10-01 18:45:41.476 [OP] 4110 inv=FFFD len=2 #5 b42b
2026-10-01 18:45:48.901 [OP] 472A inv=FE76 len=393 #4 54d8de1fa03164510bdcfaa32b1f805b64510bdcc2982b1f805b645144dcfaa32ba5805b64510bdc58392b1f805b64511ddcfaa32b1f805b288d0bdcfaa32b1f6aee64510bdcfaa32b1f805b64510bdcfaa32b1f805b64510bdcfaa32b1f805b64510bdcfaa32b1f805b64510bdcfaa32b1f805b64510bdcfaa32b1f805b64510bdcfaa32b1f805b64510bdcb5a32b1f2c5b645153dcfaa3731f805bc7580bdc
2026-10-01 18:45:48.987 [OP] 42CE inv=FFFB len=4 #4 c87f510b
2026-10-01 18:46:08.359 [OP] 46FE inv=FFFF len=0 #4 
2026-10-01 18:46:22.167 [OP] 42CE inv=FFFB len=4 #5 bc7f510b
2026-10-01 18:46:38.667 [OP] 46FE inv=FFFF len=0 #5 
2026-10-01 18:49:12.716 [PIPE] controller connected
2026-10-01 18:49:22.056 [PIPE] controller disconnected
2026-10-01 18:51:34.209 [OP] F005 inv=FFE7 len=24 #1 26b35c3828d7972b1f805b64510bdcfaa3ce1f80897ea30c
2026-10-01 18:53:16.131 [OP] 4018 inv=FFF0 len=15 #1 677a7f511b3e22a3f0347395645175
2026-10-01 18:53:22.016 [OP] 4100 inv=FFF9 len=6 #4 98aa1e53fc7f
2026-10-01 18:53:22.190 [OP] 4101 inv=FC35 len=970 #4 a0ecfc0bdcfaa32b1f805b64a552155aa32b1f805b64510bdcfaa32b1f805b64510bdcfaa32b1f80bacdb2b2dcfa3cc41f805b64510bf453a32b1f805b64510bdcfaa32b1f80e0cdfc0b52faa32b1f805b646244dcfa34881f8010fc510b730fa32bc8d97b81a552155a4e78c8d93564510b155a4e78ca7726b35c3828d7a32b1f805b64510bdcfaf86d84805b64510bdc83b72b1f805b64510bdcfaa32b1f80
2026-10-01 18:53:44.849 [OP] 472A inv=FE76 len=393 #5 54d8de1fa41164510bdcfaa32b1f805b64510bdcb82d2b1f805b645144dcfaa34c34805b64510bdc58392b1f805b64511ddcfaa32b1f805b288d0bdcfaa32b1f6aee64510bdcfaa32b1f805b64510bdcfaa32b1f805b64510bdcfaa32b1f805b64510bdcfaa32b1f805b64510bdcfaa32b1f805b64510bdcfaa32b1f805b64510bdcfaa32b1f805b64510bdcbdf82b1f1b956451fa6ffaa391ca805b5c510bdc
2026-10-01 18:53:48.945 [OP] 4100 inv=FFF9 len=6 #5 98aa8f5304d0
2026-10-01 18:53:49.114 [OP] 4101 inv=FC6D len=914 #5 8a5dad805b64510bdcfaa32bc8d97b81510bdcfaa32b1f805b64510bdcfaa32b1f805b64510bdcfa5f3b9d4e5b64820cdcfaa32b1f803b61510bdcfaa32b1f805b64510bdcfa6c3bad80c464510bdcfaa32bf6455b647405dcfa37181f8019fa510b155a4e78c8d97b81a552155ada2b1f807b81a5526fc616876c842d43510bdcfaa32b1f805b645db7c6faa32b1f805b0f310bdcfaa32b1f805b64510bdcfa
2026-10-01 18:54:56.100 [PIPE] controller connected
2026-10-01 18:54:56.100 [PIPE] controller disconnected
2026-10-01 18:55:00.061 [INIT] dll unloaded
2026-10-01 18:55:16.575 [INIT] dll loaded, pid=25644
2026-10-01 18:55:16.575 [INIT] codec loaded OK
2026-10-01 18:55:16.575 [INIT] iat hooks: recv=1 send=1 WSASend=1 connect=1 closesocket=1
2026-10-01 18:55:16.811 [OP] 4109 inv=FCF3 len=780 #1 e38052faf82b62455b64510bdcfaa32bca805b64fd0b0022462bf7ce1c53410b6ffaa32bb7ef5b64b2afdcfaa3931f805b64510bafc4a32baf805b64510bdcfaa32b1f80d1df510b31faa32b1f805b64510bdcfaf82b1f80a76f510b8b02f82b1faa5b645152155a71531f80df64510bdcfaa32b1f805b64580bdcfab6ce1f801c7a0e0bdcc4a32b1f2bba645decdcfa872b1f805b64510bdcfaa32bca805b64
2026-10-01 18:55:16.898 [OP] 4111 inv=FFFD len=2 #1 a164
2026-10-01 18:55:16.898 [OP] 4104 inv=FFFA len=5 #1 72c4f00180
2026-10-01 18:55:16.898 [OP] 4104 inv=FFFA len=5 #2 72c4f001aa
2026-10-01 18:55:16.898 [OP] 4104 inv=FFFA len=5 #3 7727f001c7
2026-10-01 18:55:16.898 [OP] 4104 inv=FFFA len=5 #4 e627f001ce
2026-10-01 18:55:16.899 [OP] 4104 inv=FFFA len=5 #5 72c4f00112
2026-10-01 18:55:18.197 [OP] 4109 inv=FD83 len=636 #2 e90e392bca80c337516ddcfaa32b1f809564510be6fa8fdea580ea7fb2753bfaf82b1f80a76f510b8bbaa32b1faa5b64510bdcfa4b531f809964510bdcfaa32b1f805b64580bdcfab6ce1f801c32580bdcfaa32b1faa5b64580bdcfab6ce1f801c320e0bdcfaa32b1f075b64580bdcfab6ce1f801c32fc0bdcfaa32b1f805b64580bdcfab6ce1f801c32b20bdcfaa32b1faa5b64580bdcfab6ce1f801c320b0b
2026-10-01 18:55:18.283 [OP] 4111 inv=FFFD len=2 #2 2364
2026-10-01 18:55:18.283 [OP] 4112 inv=FFFD len=2 #1 6ac4
2026-10-01 18:55:19.872 [OP] 4105 inv=FFFE len=1 #1 7f
2026-10-01 18:55:19.872 [OP] 4106 inv=FFFC len=3 #1 573193
2026-10-01 18:55:19.965 [OP] 4109 inv=FF93 len=108 #3 e38052faf893caaa5b64510bdcfaa32bca805b64580befe8f82b72c71c64fc0b6ffaa32b12805b64fcafdcfac6d91f80dc53510b4f22db2b12805b646ed5dcfafddee7805bdf510bdcfaa32b92aa5b64150bdcfaa32b1f805b64510baeaea32ba94f5b64080b4ffaa32b1f80
2026-10-01 18:55:20.057 [OP] 4105 inv=FFFE len=1 #2 d0
2026-10-01 18:55:20.057 [OP] 4106 inv=FFFD len=2 #2 f8de
2026-10-01 18:55:20.057 [OP] 4105 inv=FFFE len=1 #3 d5
2026-10-01 18:55:20.057 [OP] 4106 inv=FFFD len=2 #3 f8d9
2026-10-01 18:55:20.057 [OP] 4111 inv=FFFD len=2 #3 c464
2026-10-01 18:55:21.069 [OUT] 1F51 inv=FFFF len=4 #1 ffff511f
2026-10-01 18:55:21.112 [OP] 4F52 inv=FFFF len=0 #1 
2026-10-01 18:55:21.721 [OP] 4109 inv=FF83 len=124 #4 8a5dad8095f858ecdcf4a32b1f805b64580bdcfaf82b72c79564b47f8bfa202bca805b640d0bdcfa20cb1f80fe08510bfa5ba32be74f94640d0bdcfac6d91f801c08410bdce8a32b1f805b6477ecdcfa0d2b1f805b64510bdcfaa32b23aa5b6498b654e8a32b1f80a81a510baeaea32ba94f5b64080b4ffaa32b1f80
2026-10-01 18:55:21.808 [OP] 4111 inv=FFFD len=2 #4 4064
2026-10-01 18:55:23.592 [OP] 4105 inv=FFFE len=1 #4 fd
2026-10-01 18:55:23.697 [OP] 4105 inv=FFFE len=1 #5 0c
2026-10-01 18:55:23.897 [OP] 4109 inv=FD57 len=680 #5 a0ecfc0b6ffa20321f805b64510bdcfaf82b1f806e6401c402facccead802764580bdcfae13b1f80c4d9510bdcc4a32b1f805b6477ecdcfae02b1f805b64510bdcfaa32bca805b64dfb2dcfa397cca805b64510bdcfaa32bca805b64dfb2dcfa397c59805bdf510bdcc4a32b23aa5b6401ba710ea32b1f801e9f510b6ffaa32bf4075b64fcfd52faa3531f805b26510b7cc4a32b6ffcf4ec510bdcfaed6b1f80
2026-10-01 18:55:23.898 [OP] 4106 inv=FFFD len=2 #4 a37c
2026-10-01 18:55:23.898 [OP] 4111 inv=FFFD len=2 #5 2764
2026-10-01 18:55:23.898 [OP] 4112 inv=FFFD len=2 #2 dcc4
2026-10-01 18:55:23.898 [OP] 4112 inv=FFFD len=2 #3 6fc4
2026-10-01 18:55:23.898 [OP] 4112 inv=FFFD len=2 #4 52c4
2026-10-01 18:55:23.898 [OP] 4106 inv=FFFD len=2 #5 a3c4
2026-10-01 18:55:23.903 [OUT] 1004 inv=FFF3 len=4 #1 f3ff0410
2026-10-01 18:55:23.988 [OP] 4110 inv=FFFD len=2 #1 b42b
2026-10-01 18:55:24.376 [PIPE] controller connected
2026-10-01 18:55:26.736 [OP] 4112 inv=FFFD len=2 #5 90c4
2026-10-01 18:55:31.140 [OUT] 1F51 inv=FFFF len=4 #2 ffff511f
2026-10-01 18:55:31.140 [SYS] 物品栏满
2026-10-01 18:55:31.182 [OP] 472A inv=FE76 len=393 #1 54d8de1f07c764510bdcfaa32b1f805b64510bdcc2472b1f805b645144dcfaa32d34805b64510bdc58392b1f805b64511ddcfaa32b1f805b288d0bdcfaa32b1f6aee64510bdcfaa32b1f805b64510bdcfaa32b1f805b64510bdcfaa32b1f805b64510bdcfaa32b1f805b64510bdcfaa32b1f805b64510bdcfaa32b1f805b64510bdcfaa32b1f805b64510bdc7af82b1f1b956451fa6ffaa3deca805bd3580bdc
2026-10-01 18:55:31.182 [OP] 42CE inv=FFFB len=4 #1 c87f510b
2026-10-01 18:55:31.275 [OP] 4F52 inv=FFFF len=0 #2 
2026-10-01 18:55:31.275 [OP] 4211 inv=FFF6 len=9 #1 aa5b645140a722a34a
2026-10-01 18:55:31.275 [OP] 4211 inv=FFF6 len=9 #2 aa5b6451da3e22a34a
2026-10-01 18:55:31.275 [OP] 4211 inv=FFF6 len=9 #3 aa5b6451a4a722a34a
2026-10-01 18:55:31.275 [OP] 4211 inv=FFF6 len=9 #4 aa5b6451e3a722a34a
2026-10-01 18:55:31.365 [OP] 47C0 inv=FFCF len=48 #1 7cdffde3059ff8ce828cb877d77cc6c4232d3c168240c0fd6f5b1cbb6002b2da31ec6a6db498255f7fd9587538533d67
2026-10-01 18:55:31.365 [OP] 47C0 inv=FFD8 len=39 #2 b39526d77cc6c4232d3c168240c0fd6f5b1cbb6002b2da31ec6a6db498255f7fd9587538533d67
2026-10-01 18:55:31.365 [OP] 47C0 inv=FFE1 len=30 #3 0faac440c0fd6f5b1cbb6002b2da31ec6a6db498255f7fd9587538533d67
2026-10-01 18:55:31.365 [OP] 47C0 inv=FFEA len=21 #4 51cac7b2da31ec6a6db498255f7fd9587538533d67
2026-10-01 18:55:31.365 [OP] 47C0 inv=FFF3 len=12 #5 0253ca5f7fd9587538533d67
2026-10-01 18:55:33.770 [PIPE] controller disconnected
2026-10-01 18:55:34.078 [OP] EFFE inv=FFFE len=1 #1 0b
2026-10-01 18:55:35.242 [OP] 4100 inv=FFF9 len=6 #1 98aac726ed08
2026-10-01 18:55:35.328 [OP] 4101 inv=FBC5 len=1082 #1 8a5dad805b64510bdcfaa32bc8d97b81510bdcfaa32b1f805b64510bdcfaa32b1f805b64510bdcfa5f3b9dca5b64820cdcfaa32b1f803b61510bdcfaa32b1f805b64510bdcfa6c3bad80c464510bdcfaa32bf6455b647405dcfa37181f8019fa510b155a4e78c8d97b81a552155ada2b1f807b81a5526fc616876c842d43510bdcfaa32b1f805b64e4b7c6faa32b1f805b0f310bdcfaa32b1f805b64510bdcfa
2026-10-01 18:55:35.406 [OUT] 1F51 inv=FFFF len=4 #3 ffff511f
2026-10-01 18:55:35.448 [OP] 4F52 inv=FFFF len=0 #3 
2026-10-01 18:55:36.302 [OUT] 1001 inv=FFF9 len=4 #1 f9ff0110
2026-10-01 18:55:36.588 [OP] 4108 inv=FFE3 len=28 #1 2e87c464510bdcfa4d531f80d8f8510bce40515d1f805b64510bdcfa
2026-10-01 18:55:36.670 [OP] 4108 inv=FFE3 len=28 #2 2e87c464510bdcfa87531f80d8f8510bce40515d1f805b64510bdcfa
2026-10-01 18:55:36.670 [OP] 4108 inv=FFF3 len=12 #3 e90e392b1f805b64510bdcfa
2026-10-01 18:55:36.670 [OP] 4108 inv=FFF3 len=12 #4 e90e392b1f805b64580bdcfa
2026-10-01 18:55:36.670 [OP] 4108 inv=FFF3 len=12 #5 e90e392b1f805b640e0bdcfa
2026-10-01 18:55:38.503 [OUT] 1004 inv=FFF3 len=4 #2 f3ff0410
2026-10-01 18:55:38.803 [OP] 4110 inv=FFFD len=2 #2 5f2b
2026-10-01 18:55:43.282 [OP] 46FE inv=FFFF len=0 #1 
2026-10-01 18:55:45.091 [OP] EFFE inv=FFFE len=1 #2 0b
2026-10-01 18:55:45.452 [OUT] 1F51 inv=FFFF len=4 #4 ffff511f
2026-10-01 18:55:45.496 [OP] 4F52 inv=FFFF len=0 #4 
2026-10-01 18:55:55.522 [OUT] 1F51 inv=FFFF len=4 #5 ffff511f
2026-10-01 18:55:55.564 [OP] 4F52 inv=FFFF len=0 #5 
2026-10-01 18:55:56.401 [OUT] 1004 inv=FFF3 len=4 #3 f3ff0410
2026-10-01 18:55:56.627 [OP] 4110 inv=FFFD len=2 #3 b42b
2026-10-01 18:56:03.683 [OP] 472A inv=FE76 len=393 #2 54d8de1f9b4964510bdcfaa32b1f805b64510bdccf902b1f805b645144dcfaa35aa5805b64510bdc58392b1f805b64511ddcfaa32b1f805b288d0bdcfaa32b1f6aee64510bdcfaa32b1f805b64510bdcfaa32b1f805b64510bdcfaa32b1f805b64510bdcfaa32b1f805b64510bdcfaa32b1f805b64510bdcfaa32b1f805b64510bdcfaa32b1f805b64510bdc22f82b1fc3956451d06ffaa3deca805bc7580bdc
2026-10-01 18:56:03.777 [OP] 42CE inv=FFFB len=4 #2 c87f510b
2026-10-01 18:56:03.778 [OP] 4211 inv=FFF6 len=9 #5 aa5b645140a722a34a
2026-10-01 18:56:04.113 [OP] EFFE inv=FFFE len=1 #3 0b
2026-10-01 18:56:06.789 [OP] 4100 inv=FFF9 len=6 #2 98aa846f7a75
2026-10-01 18:56:06.949 [OP] 4101 inv=FBFD len=1026 #2 e38052faa32b1f805b64510b155a4e781f805b64510bdcfaa32b1f805b64510bdcfaa32b1f805b64fbb28b53a32b94105b64510bdcfa3cc41f805b64510bdcfaa32b1f805b64d7b252fa392b1f805b64510bb2dca32be8305b640464dcfad2881f807b81a552155a4e78c8d97b81530bdcfa4e78c8d995b0bc595ab12b211f805b64510bdcfaa32b1ffd2764510bdcfaa36d84805b64510bdcfaa32b1f805b64
2026-10-01 18:56:07.874 [OUT] 1001 inv=FFF9 len=4 #2 f9ff0110
2026-10-01 18:56:10.073 [OUT] 1004 inv=FFF3 len=4 #4 f3ff0410
2026-10-01 18:56:10.212 [OP] 4110 inv=FFFD len=2 #4 5f2b
2026-10-01 18:56:13.641 [OP] 46FE inv=FFFF len=0 #2 
2026-10-01 18:56:14.127 [OP] EFFE inv=FFFE len=1 #4 0b
2026-10-01 18:56:17.639 [OP] F005 inv=FFE7 len=24 #1 26b35c3828d7972b1f805b64510bdcfaa3de1f80897ea30c
2026-10-01 18:56:28.759 [OP] 472A inv=FE76 len=393 #3 54d8de1fb0c764510bdcfaa32b1f805b64510bdc59472b1f805b645144dcfaa35134805b64510bdc58392b1f805b64511ddcfaa32b1f805b288d0bdcfaa32b1f6aee64510bdcfaa32b1f805b64510bdcfaa32b1f805b64510bdcfaa32b1f805b64510bdcfaa32b1f805b64510bdcfaa32b1f805b64510bdcfaa32b1f805b64510bdcfaa32b1f805b64510bdcbdf82b1fce956451f16ffaa3deca805b7f580bdc
2026-10-01 18:56:28.847 [OP] 42CE inv=FFFB len=4 #3 c87f510b
2026-10-01 18:56:31.888 [OP] 4100 inv=FFF9 len=6 #3 98aaef531dd5
2026-10-01 18:56:32.006 [OP] 4101 inv=FC35 len=970 #3 a0ecfc0bdcfaa32b1f805b64a552155aa32b1f805b64510bdcfaa32b1f805b64510bdcfaa32b1f80bacdb2b2dcfa3cc41f805b64510bf453a32b1f805b64510bdcfaa32b1f80e0cdfc0b52faa32b1f805b646244dcfa34881f8010fc510b730fa32bc8d97b81a552155a4e78c8d93564510b155a4e78ca7726b35c3828d7a32b1f805b64510bdcfa716d84805b64510bdc83b72b1f805b64510bdcfaa32b1f80
2026-10-01 18:56:32.952 [OUT] 1001 inv=FFF9 len=4 #3 f9ff0110
2026-10-01 18:56:34.154 [OP] EFFE inv=FFFE len=1 #5 0b
2026-10-01 18:56:35.166 [OUT] 1004 inv=FFF3 len=4 #5 f3ff0410
2026-10-01 18:56:35.301 [OP] 4110 inv=FFFD len=2 #5 5f2b
2026-10-01 18:56:43.903 [OP] 46FE inv=FFFF len=0 #3 
2026-10-01 18:56:53.854 [SYS] 物品栏满
2026-10-01 18:56:53.948 [OP] 42CE inv=FFFB len=4 #4 c87f510b
2026-10-01 18:56:53.949 [OP] 472A inv=FE76 len=393 #4 54d8de1fe5c164510bdcfaa32b1f805b64510bdc6d0d2b1f805b645144dcfaa3619d805b64510bdc58392b1f805b64511ddcfaa32b1f805b288d0bdcfaa32b1f6aee64510bdcfaa32b1f805b64510bdcfaa32b1f805b64510bdcfaa32b1f805b64510bdcfaa32b1f805b64510bdcfaa32b1f805b64510bdcfaa32b1f805b64510bdcfaa32b1f805b64510bdc7af82b1fc3956451d06ffaa3deca805bd3580bdc
2026-10-01 18:56:58.000 [OP] 4100 inv=FFF9 len=6 #4 98aa715335b1
2026-10-01 18:56:58.089 [OP] 4101 inv=FC35 len=970 #4 a0ecfc0bdcfaa32b1f805b64a552155aa32b1f805b64510bdcfaa32b1f805b64510bdcfaa32b1f80bacdb2b2dcfa3cc41f805b64510bf453a32b1f805b64510bdcfaa32b1f80e0cdfc0b52faa32b1f805b646244dcfa34881f8010fc510b730fa32bc8d97b81a552155a4e78c8d93564510b155a4e78ca7726b35c3828d7a32b1f805b64510bdcfa716d84805b64510bdc83b72b1f805b64510bdcfaa32b1f80
2026-10-01 18:56:59.049 [OUT] 1001 inv=FFF9 len=4 #4 f9ff0110
2026-10-01 18:57:14.168 [OP] 46FE inv=FFFF len=0 #4 
2026-10-01 18:57:23.451 [SYS] 物品栏满
2026-10-01 18:57:23.534 [OP] 472A inv=FE76 len=393 #5 54d8de1f6fc764510bdcfaa32b1f805b64510bdce5472b1f805b645144dcfaa30734805b64510bdc58392b1f805b64511ddcfaa32b1f805b288d0bdcfaa32b1f6aee64510bdcfaa32b1f805b64510bdcfaa32b1f805b64510bdcfaa32b1f805b64510bdcfaa32b1f805b64510bdcfaa32b1f805b64510bdcfaa32b1f805b64510bdcfaa32b1f805b64510bdcbdf82b1f1b956451fa6ffaa391ca805bc7580bdc
2026-10-01 18:57:23.534 [OP] 42CE inv=FFFB len=4 #5 c87f510b
2026-10-01 18:57:29.609 [OP] 4100 inv=FFF9 len=6 #5 98aa57dddc7f
2026-10-01 18:57:29.699 [OP] 4101 inv=FC6D len=914 #5 8a5dad805b64510bdcfaa32bc8d97b81510bdcfaa32b1f805b64510bdcfaa32b1f805b64510bdcfa5f3b9d4e5b64820cdcfaa32b1f803b61510bdcfaa32b1f805b64510bdcfa6c3bad80c464510bdcfaa32bf6455b647405dcfa37181f8019fa510b155a4e78c8d97b81a552155ada2b1f807b81a5526fc616876c842d43510bdcfaa32b1f805b64e5b7c6faa32b1f805b0f310bdcfaa32b1f805b64510bdcfa
2026-10-01 18:57:30.685 [OUT] 1001 inv=FFF9 len=4 #5 f9ff0110
2026-10-01 18:57:44.369 [OP] 46FE inv=FFFF len=0 #5 
2026-10-01 18:57:50.077 [SYS] 物品栏满
2026-10-01 18:58:16.435 [SYS] 物品栏满
2026-10-01 18:58:45.781 [SYS] 物品栏满
2026-10-01 18:59:11.625 [SYS] 物品栏满
2026-10-01 18:59:52.218 [OP] 4613 inv=FFBE len=65 #1 c40a1c10aa4064291790104223f31c75df84cf6fb4a06df1c7550758ec6fc4a32bcaaa956499c06e530253ab809464510b6afaf82b1f7926b35c3828d7e62b1f80
2026-10-01 19:00:15.902 [SYS] 物品栏满
2026-10-01 19:01:02.739 [SYS] 物品栏满
2026-10-01 19:01:28.746 [SYS] 物品栏满
2026-10-01 19:01:41.431 [OP] F005 inv=FFE7 len=24 #2 24c812922d93a32b1f805b64510bdcfaa3ce46efddeecdd0
2026-10-01 19:02:00.634 [SYS] 物品栏满
2026-10-01 19:02:55.479 [SYS] 物品栏满
2026-10-01 19:03:23.918 [SYS] 物品栏满
2026-10-01 19:03:47.900 [SYS] 物品栏满
2026-10-01 19:03:47.991 [SYS] 物品栏已满！
2026-10-01 19:04:41.515 [OP] F005 inv=FFE7 len=24 #3 24c812922d93a32b1f805b64510bdcfaa3de1f800a903c41
2026-10-01 19:04:45.007 [SYS] 物品栏满
2026-10-01 19:05:06.885 [SYS] 物品栏满
2026-10-01 19:05:15.555 [OP] F005 inv=FFE7 len=24 #4 24c812922d93a32b1f805b64510bdcfaa3ce46efddeecdd0
2026-10-01 19:05:32.947 [SYS] 物品栏满
2026-10-01 19:06:25.434 [SYS] 物品栏满
2026-10-01 19:06:43.616 [OP] F005 inv=FFE7 len=24 #5 26b35c3828d7972b1f805b64510bdcfaa3ce1f80897ea30c
2026-10-01 19:06:57.930 [SYS] 物品栏满
2026-10-01 19:07:20.287 [SYS] 物品栏满
2026-10-01 19:08:18.141 [SYS] 物品栏满
2026-10-01 19:08:18.651 [PIPE] controller connected
2026-10-01 19:08:43.112 [PIPE] controller disconnected
2026-10-01 19:08:49.830 [OP] 40E6 inv=FFF3 len=12 #1 8a5dad80e264510bdcfaa32b
2026-10-01 19:08:49.830 [OP] 40E0 inv=FED1 len=302 #1 e38052fa38de1f805b64510b7efaa32b1f805b6446d0dcfaa32b1f803d64510bdcfaa32b0f455b64fc0bdcfa392b1f804864510b52faa32bad805b64fc0bdcfa392b1f804864510b52faa32bad805b64a90bdcfa4d2b1f809564510b8ffaa32bfb805b64580bdcfa462b1f800d64510b8ffaa32b1f805b64510bdcfaa32b1f805b64510bdcfaa32b1f805b64430bdcfaa32b1f805b64510bdcfaa32b1f805b64
2026-10-01 19:08:49.830 [OP] 40E3 inv=FFF3 len=12 #1 e90e392bca805b64db0b6ffa
2026-10-01 19:08:49.830 [OP] 40E2 inv=FFF3 len=12 #1 a0ecfc0b6ffacb2b45809564
2026-10-01 19:08:49.830 [OP] 4233 inv=FFFA len=5 #1 677a7f510b
2026-10-01 19:08:49.831 [OP] 40F6 inv=FFEF len=16 #1 8a5dad8063df510bdcfaa32b1fd9d531
2026-10-01 19:08:49.831 [OP] 4232 inv=FF60 len=159 #1 9c23d0dce0a32b1f4f5b645127dcfaa3de1f805b6f510bdc1c462b1f805b64510bdcfaa32b1f805b64510bdcfaa32b1f805b64510bdcfaa39aad805b64510bdccbf82b1f805b64514852faa32b1f805b5b580bdcfaa32b1fde7a64516f52faa359ca805ba0510bdc25a32b1fef5b6451c4dcfaa36959805bc2510bdc85a32b1fc45b64510bdcfaa32cd672eca2d661e2b05b931f805b64510bdcfaa32b1f80
2026-10-01 19:08:49.862 [OUT] 0185 inv=FFF7 len=4 #1 f7ff8501
2026-10-01 19:08:49.906 [OP] 4210 inv=FFF3 len=12 #1 f00bdcfafa2b1f80a0ecfc0b
2026-10-01 19:09:16.309 [SYS] 物品栏满
2026-10-01 19:09:16.402 [OP] 4210 inv=FFF3 len=12 #2 f00bdcfafa2b1f80c6ecfc0b
2026-10-01 19:09:22.255 [QUESTION] {"type":"question","sock":2556,"qno":8,"field_a":75,"stem":"风速越大，风力就会怎么样？","options":["1、能烤鸡翅膀","2、形成台轰","3、越强","4、有毒"]}
2026-10-01 19:09:23.269 [UI] auto dump on question qno=8
2026-10-01 19:09:23.269 [UI] ---- window dump begin (pid 25644) ----
2026-10-01 19:09:23.277 [UI] TOP=0003064C vis=1 cls=ATL:012FF210 rc=(891,118,1931,925) title=什么什么大冒险2(①逍遥村敬老院)-先驱02_Sep 24 2026《什么什么大冒险》制作委员会QQ群:515616289
2026-10-01 19:09:23.278 [UI] TOP=0003064E vis=0 cls=DIEmWin rc=(-1,-1,135,38) title=DIEmWin
2026-10-01 19:09:23.281 [UI] TOP=0003064A vis=0 cls=MSCTFIME UI rc=(0,0,0,0) title=MSCTFIME UI
2026-10-01 19:09:23.307 [UI] TOP=000A0D64 vis=0 cls=IME rc=(0,0,0,0) title=Default IME
2026-10-01 19:09:23.308 [UI] TOP=0006062E vis=0 cls=IME rc=(0,0,0,0) title=Default IME
2026-10-01 19:09:23.308 [UI] ---- window dump end ----
2026-10-01 19:09:29.936 [PIPE] controller connected
2026-10-01 19:09:48.994 [SYS] 物品栏满
2026-10-01 19:10:49.670 [PIPE] controller disconnected
2026-10-01 19:10:56.631 [PIPE] controller connected
2026-10-01 19:10:56.631 [PIPE] controller disconnected
2026-10-01 19:11:01.300 [INIT] dll unloaded
2026-10-01 19:11:21.590 [INIT] dll loaded, pid=25644
2026-10-01 19:11:21.590 [INIT] codec loaded OK
2026-10-01 19:11:21.590 [INIT] iat hooks: recv=1 send=1 WSASend=1 connect=1 closesocket=1
2026-10-01 19:11:22.827 [OP] 4104 inv=FFFB len=4 #1 6268e877
2026-10-01 19:11:23.065 [OP] 4109 inv=FDD7 len=552 #1 2e87c464580be69fa32b1f805b64510b6ffaa32ba580ea7f0b0b0022fd249b809564510baeaea32b9dd15b6451ecdcfaa32b1f8062df510b06faa32b1f805b64510bdcfaf82b1f80a76f510b8bbaf82b1f805b6451ecdcfaf82b1f80a76f510b8bbadb2b1f805b6451b2dcfaf82b1f80a76f510b8bba392b1f805b64510bdcfaf82b1f80a76f510b8bbafd2b1f805b64515f90faf82b1f80a76f510b8bba232b
2026-10-01 19:11:23.147 [OP] 4111 inv=FFFD len=2 #1 2364
2026-10-01 19:11:23.147 [OP] 4104 inv=FFFA len=5 #2 72c46ef280
2026-10-01 19:11:23.148 [OP] 4104 inv=FFFA len=5 #3 77276ef2aa
2026-10-01 19:11:23.148 [OP] 4104 inv=FFFA len=5 #4 77276ef2c7
2026-10-01 19:11:23.148 [OP] 4104 inv=FFFA len=5 #5 77276ef2ce
2026-10-01 19:11:24.500 [OP] 4109 inv=FDD7 len=552 #2 2e87c464580be6caa32b1f805b64510b6ffaa32b3480ea7ffd0b0022fd24e7809564510baeaea32b9de75b64517fdcfaa36f1f8062df510bf3faa32b1f805b64510bdcfa71531f809b64510bdcfaa32b1f805b64580bdcfab6ce1f801c7a580bdcc4a32b1f805b645decdcfa272b1f805b64510bdcfaa32bca805b645fc4dcfafdcb59805bdf510bdcc4a32bb6aa5b64950bdcfaa32b1f805b64510b6ffaa32b
2026-10-01 19:11:24.595 [OP] 4111 inv=FFFD len=2 #2 a164
2026-10-01 19:11:24.595 [OP] 4112 inv=FFFD len=2 #1 6ac4
2026-10-01 19:11:26.287 [OP] 4109 inv=FFB7 len=72 #3 2e87c464517f6fc4a3531f805b64510b07faa32bcae75b6487b1dcfa40ce1f80a1df0eb107faa32b39125b640eec4ffaa32b1f805bdf510b8222a32b39125b64080b4ffaa32b1f80
2026-10-01 19:11:26.373 [OP] 4105 inv=FFFE len=1 #1 ec
2026-10-01 19:11:26.373 [OP] 4106 inv=FFFD len=2 #1 a353
2026-10-01 19:11:26.374 [OP] 4105 inv=FFFE len=1 #2 7f
2026-10-01 19:11:26.374 [OP] 4106 inv=FFFD len=2 #2 a393
2026-10-01 19:11:26.374 [OP] 4105 inv=FFFE len=1 #3 d0
2026-10-01 19:11:26.374 [OP] 4106 inv=FFFD len=2 #3 f8de
2026-10-01 19:11:26.374 [OP] 4105 inv=FFFE len=1 #4 b1
2026-10-01 19:11:26.375 [OP] 4106 inv=FFFD len=2 #4 a34a
2026-10-01 19:11:26.375 [OP] 4111 inv=FFFD len=2 #3 9564
2026-10-01 19:11:27.335 [OUT] 1F51 inv=FFFF len=4 #1 ffff511f
2026-10-01 19:11:27.378 [OP] 4F52 inv=FFFF len=0 #1 
2026-10-01 19:11:27.689 [OP] 4109 inv=FFB7 len=72 #4 2e87c464517f6fc4a33b1f805b64510b07faa32b59e75b6f87b1dcfa40ce1f80a1f80e0b07faa32b39125b640e7f4ffaa32b1f805bdf510b8222a32b39125b64080b4ffaa32b1f80
2026-10-01 19:11:27.774 [OP] 4111 inv=FFFD len=2 #4 9464
2026-10-01 19:11:28.435 [PIPE] controller connected
2026-10-01 19:11:29.053 [OP] 4109 inv=FFB7 len=72 #5 2e87c464517f6fc4a3531f805b64510b07faa32b9de75b6487b1dcfa40ce1f80a1260e8007faa32b39125b640eb14ffaa32b1f805b64510b8222a32b39125b64080b4ffaa32b1f80
2026-10-01 19:11:29.148 [OP] 4111 inv=FFFD len=2 #5 1c64
2026-10-01 19:11:33.172 [OP] 4105 inv=FFFE len=1 #5 fd
2026-10-01 19:11:33.187 [OUT] 1004 inv=FFF3 len=16 #1 f3ff04100e0c042b5980ba64510bdcfa
2026-10-01 19:11:33.320 [OP] 4106 inv=FFFD len=2 #5 a37c
2026-10-01 19:11:33.320 [OP] 4112 inv=FFFD len=2 #2 dcc4
2026-10-01 19:11:33.320 [OP] 4112 inv=FFFD len=2 #3 6fc4
2026-10-01 19:11:33.320 [OP] 4112 inv=FFFD len=2 #4 52c4
2026-10-01 19:11:33.320 [OP] 4112 inv=FFFD len=2 #5 8bc4
2026-10-01 19:11:33.415 [OP] 4110 inv=FFFD len=2 #1 b42b
2026-10-01 19:11:34.522 [OP] EFFE inv=FFFE len=1 #1 0b
2026-10-01 19:11:37.398 [OUT] 1F51 inv=FFFF len=4 #2 ffff511f
2026-10-01 19:11:37.440 [OP] 4F52 inv=FFFF len=0 #2 
2026-10-01 19:11:40.705 [OP] 472A inv=FE76 len=393 #1 54d8de1f657364510bdcfaa32b1f805b64510bdcea172b1f805b645144dcfaa3509d805b64510bdc90392b1f805b645184dcfaa32b1f805b0ca20bdcfaa32b1f6aee64510bdcfaa32b1f805b64510bdcfaa32b1f805b64510bdcfaa32b1f805b64510bdcfaa32b1f805b64510bdcfaa32b1f805b64510bdcfaa32b1f805b64510bdcfaa32b1f805b64510bdc7af82b1fc3956451fa6ffaa3ccca805b5c510bdc
2026-10-01 19:11:40.797 [OP] 42CE inv=FFFB len=4 #1 c87f510b
2026-10-01 19:11:40.797 [OP] 4211 inv=FFF6 len=9 #1 aa5b645140a722a34a
2026-10-01 19:11:40.797 [OP] 4211 inv=FFF6 len=9 #2 aa5b6451da3e22a34a
2026-10-01 19:11:40.797 [OP] 4211 inv=FFF6 len=9 #3 aa5b6451a4a722a34a
2026-10-01 19:11:40.797 [OP] 4211 inv=FFF6 len=9 #4 aa5b6451e3a722a34a
2026-10-01 19:11:40.897 [OP] 47C0 inv=FFCF len=48 #1 7cdffde3059ff853e4bad7f1d77cc6c4237073abdc40c0fd6f5ba10c534eb2da31ec6a980de6ec5f7fd958751bf0946f
2026-10-01 19:11:40.898 [OP] 47C0 inv=FFD8 len=39 #2 b39526d77cc6c4237073abdc40c0fd6f5ba10c534eb2da31ec6a980de6ec5f7fd958751bf0946f
2026-10-01 19:11:40.898 [OP] 47C0 inv=FFE1 len=30 #3 0faac440c0fd6f5ba10c534eb2da31ec6a980de6ec5f7fd958751bf0946f
2026-10-01 19:11:40.898 [OP] 47C0 inv=FFEA len=21 #4 51cac7b2da31ec6a980de6ec5f7fd958751bf0946f
2026-10-01 19:11:40.899 [OP] 47C0 inv=FFF3 len=12 #5 0253ca5f7fd958751bf0946f
2026-10-01 19:11:44.540 [OP] EFFE inv=FFFE len=1 #2 0b
2026-10-01 19:11:46.815 [OP] 4100 inv=FFF9 len=6 #1 98aabc08327f
2026-10-01 19:11:46.920 [OUT] 1F51 inv=FFFF len=4 #3 ffff511f
2026-10-01 19:11:46.963 [OP] 4F52 inv=FFFF len=0 #3 
2026-10-01 19:11:47.058 [OP] 4101 inv=FBC5 len=1082 #1 8a5dad805b64510bdcfaa32bc8d97b81510bdcfaa32b1f805b64510bdcfaa32b1f805b64510bdcfa5f3b9dca5b64820cdcfaa32b1f803b61510bdcfaa32b1f805b64510bdcfa6c3bad80c464510bdcfaa32bf6455b647405dcfa37181f8019fa510b155a4e78c8d97b81a552155ada2b1f807b81a5526fc616876c842d43510bdcfaa32b1f805b6451b7c6faa32b1f805b0f310bdcfaa32b1f805b64510bdcfa
2026-10-01 19:11:47.892 [OUT] 1001 inv=FFF9 len=10 #1 f9ff01101f805b64510b
2026-10-01 19:11:47.992 [OP] 4108 inv=FFE3 len=28 #1 2e87c464510bdcfa4d531f80d8f8510bce40515d1f805b64510bdcfa
2026-10-01 19:11:48.091 [OP] 4108 inv=FFE3 len=28 #2 2e87c464510bdcfa87531f80d8f8510bce40515d1f805b64510bdcfa
2026-10-01 19:11:48.091 [OP] 4108 inv=FFF3 len=12 #3 e90e392b1f805b64510bdcfa
2026-10-01 19:11:48.092 [OP] 4108 inv=FFF3 len=12 #4 e90e392b1f805b64580bdcfa
2026-10-01 19:11:48.092 [OP] 4108 inv=FFF3 len=12 #5 e90e392b1f805b640e0bdcfa
2026-10-01 19:11:50.020 [OUT] 1004 inv=FFF3 len=16 #2 f3ff04100e0c042b59801b64510bdcfa
2026-10-01 19:11:50.155 [OP] 4110 inv=FFFD len=2 #2 5f2b
2026-10-01 19:11:51.266 [OP] 46FE inv=FFFF len=0 #1 
2026-10-01 19:11:56.981 [OUT] 1F51 inv=FFFF len=4 #4 ffff511f
2026-10-01 19:11:57.025 [OP] 4F52 inv=FFFF len=0 #4 
2026-10-01 19:12:04.568 [OP] EFFE inv=FFFE len=1 #3 0b
2026-10-01 19:12:05.042 [OUT] 1004 inv=FFF3 len=16 #3 f3ff04100e0c042b5980ba64510bdcfa
2026-10-01 19:12:05.163 [OP] 4110 inv=FFFD len=2 #3 b42b
2026-10-01 19:12:07.055 [OUT] 1F51 inv=FFFF len=4 #5 ffff511f
2026-10-01 19:12:07.098 [OP] 4F52 inv=FFFF len=0 #5 
2026-10-01 19:12:12.405 [OP] 472A inv=FE76 len=393 #2 54d8de1f0b8264510bdcfaa32b1f805b64510bdc5ee72b1f805b645144dcfaa340a5805b64510bdc90392b1f805b645184dcfaa32b1f805b0ca20bdcfaa32b1f6aee64510bdcfaa32b1f805b64510bdcfaa32b1f805b64510bdcfaa32b1f805b64510bdcfaa32b1f805b64510bdcfaa32b1f805b64510bdcfaa32b1f805b64510bdcfaa32b1f805b64510bdc7af82b1fc3956451fa6ffaa3ccca805b5c510bdc
2026-10-01 19:12:12.490 [OP] 42CE inv=FFFB len=4 #2 c87f510b
2026-10-01 19:12:12.492 [OP] 4211 inv=FFF6 len=9 #5 aa5b645140a722a34a
2026-10-01 19:12:15.586 [OP] EFFE inv=FFFE len=1 #4 0b
2026-10-01 19:12:17.589 [OP] 4100 inv=FFF9 len=6 #2 98aae726b1ec
2026-10-01 19:12:17.684 [OP] 4101 inv=FBC5 len=1082 #2 8a5dad805b64510bdcfaa32bc8d97b81510bdcfaa32b1f805b64510bdcfaa32b1f805b64510bdcfa5f3b9dca5b64820cdcfaa32b1f803b61510bdcfaa32b1f805b64510bdcfa6c3bad80c464510bdcfaa32bf6455b647405dcfa37181f8019fa510b155a4e78c8d97b81a552155ada2b1f807b81a5526fc616876c842d43510bdcfaa32b1f805b6458b7c6faa32b1f805b0f310bdcfaa32b1f805b64510bdcfa
2026-10-01 19:12:18.651 [OUT] 1001 inv=FFF9 len=10 #2 f9ff01101f805b64510b
2026-10-01 19:12:20.814 [OUT] 1004 inv=FFF3 len=16 #4 f3ff04100e0c042b59801b64510bdcfa
2026-10-01 19:12:20.948 [OP] 4110 inv=FFFD len=2 #4 5f2b
2026-10-01 19:12:21.483 [OP] 46FE inv=FFFF len=0 #2 
2026-10-01 19:12:34.032 [OUT] 1004 inv=FFF3 len=16 #5 f3ff04100e0c042b5980ba64510bdcfa
2026-10-01 19:12:34.344 [OP] 4110 inv=FFFD len=2 #5 b493
2026-10-01 19:12:34.613 [OP] EFFE inv=FFFE len=1 #5 0b
2026-10-01 19:12:34.939 [OUT] 1F04 inv=FFF6 len=13 #1 f6ff041fce1f805bdd510bdcfa
2026-10-01 19:12:34.984 [QUESTION] {"type":"question","sock":2556,"qno":16,"field_a":88,"stem":"人们在动物园里看到的俗称\"四不象\"的动物是?","options":["1、驯兽师","2、猩猩队长","3、麋鹿","4、霸天虎"]}
2026-10-01 19:12:35.998 [UI] auto dump on question qno=16
2026-10-01 19:12:35.999 [UI] ---- window dump begin (pid 25644) ----
2026-10-01 19:12:36.011 [UI] TOP=0003064C vis=1 cls=ATL:012FF210 rc=(891,118,1931,925) title=什么什么大冒险2(①逍遥村敬老院)-先驱02_Sep 24 2026《什么什么大冒险》制作委员会QQ群:515616289
2026-10-01 19:12:36.013 [UI] TOP=0003064E vis=0 cls=DIEmWin rc=(-1,-1,135,38) title=DIEmWin
2026-10-01 19:12:36.019 [UI] TOP=0003064A vis=0 cls=MSCTFIME UI rc=(0,0,0,0) title=MSCTFIME UI
2026-10-01 19:12:36.048 [UI] TOP=000A0D64 vis=0 cls=IME rc=(0,0,0,0) title=Default IME
2026-10-01 19:12:36.048 [UI] TOP=0006062E vis=0 cls=IME rc=(0,0,0,0) title=Default IME
2026-10-01 19:12:36.048 [UI] ---- window dump end ----
2026-10-01 19:12:37.568 [SEND-ANSWER] qno=16 opt=2 ret=13 sock=2556
2026-10-01 19:12:37.613 [SYS] 测试通过！
2026-10-01 19:12:37.697 [SYS] 获得了#00FF00#100#FFF692#金币
2026-10-01 19:12:37.697 [CURRENCY] a=201785 b=98556
2026-10-01 19:12:38.596 [OUT] 1F04 inv=FFF6 len=13 #2 f6ff041fce1f805bb0510bdce8
2026-10-01 19:12:38.598 [OP] 472A inv=FE76 len=393 #3 54d8de1f2e8264510bdcfaa32b1f805b64510bdc69e72b1f805b645144dcfaa315a5805b64510bdc90392b1f805b645184dcfaa32b1f805b0ca20bdcfaa32b1f6aee64510bdcfaa32b1f805b64510bdcfaa32b1f805b64510bdcfaa32b1f805b64510bdcfaa32b1f805b64510bdcfaa32b1f805b64510bdcfaa32b1f805b64510bdcfaa32b1f805b64510bdcbdf82b1fc3956451f16ffaa391ca805b5c510bdc
2026-10-01 19:12:38.653 [OP] 42CE inv=FFFB len=4 #3 c87f510b
2026-10-01 19:12:39.375 [UI] auto-closing quiz frame: qno=16 opt=2
2026-10-01 19:12:39.384 [UI] option 2 control NOT found — falling back to digit key
2026-10-01 19:12:39.384 [UI] sending digit key '2' to hwnd=0003064C
2026-10-01 19:12:42.851 [OP] 4100 inv=FFF9 len=6 #3 98aa23f8aeec
2026-10-01 19:12:43.186 [OP] 4101 inv=FC6D len=914 #3 8a5dad805b64510bdcfaa32bc8d97b81510bdcfaa32b1f805b64510bdcfaa32b1f805b64510bdcfa5f3b9d4e5b64820cdcfaa32b1f803b61510bdcfaa32b1f805b64510bdcfa6c3bad80c464510bdcfaa32bf6455b647405dcfa37181f8019fa510b155a4e78c8d97b81a552155ada2b1f807b81a5526fc616876c842d43510bdcfaa32b1f805b6458b7c6faa32b1f805b0f310bdcfaa32b1f805b64510bdcfa
2026-10-01 19:12:43.901 [OUT] 1001 inv=FFF9 len=10 #3 f9ff01101f805b64510b
2026-10-01 19:12:51.697 [OP] 46FE inv=FFFF len=0 #3 
2026-10-01 19:13:08.489 [SYS] 物品栏满
2026-10-01 19:13:08.583 [OP] 472A inv=FE76 len=393 #4 54d8de1fa10e64510bdcfaa32b1f805b64510bdc27aa2b1f805b645144dcfaa3429d805b64510bdc90392b1f805b645184dcfaa32b1f805b0ca20bdcfaa32b1f6aee64510bdcfaa32b1f805b64510bdcfaa32b1f805b64510bdcfaa32b1f805b64510bdcfaa32b1f805b64510bdcfaa32b1f805b64510bdcfaa32b1f805b64510bdcfaa32b1f805b64510bdcbdf82b1fc3956451fa6ffaa3ccca805bd3580bdc
2026-10-01 19:13:08.584 [OP] 42CE inv=FFFB len=4 #4 c87f510b
2026-10-01 19:13:12.596 [OP] 4100 inv=FFF9 len=6 #4 98aae67f517f
2026-10-01 19:13:12.682 [OP] 4101 inv=FC6D len=914 #4 8a5dad805b64510bdcfaa32bc8d97b81510bdcfaa32b1f805b64510bdcfaa32b1f805b64510bdcfa5f3b9d4e5b64820cdcfaa32b1f803b61510bdcfaa32b1f805b64510bdcfa6c3bad80c464510bdcfaa32bf6455b647405dcfa37181f8019fa510b155a4e78c8d97b81a552155ada2b1f807b81a5526fc616876c842d43510bdcfaa32b1f805b64dfb7c6faa32b1f805b0f310bdcfaa32b1f805b64510bdcfa
2026-10-01 19:13:13.660 [OUT] 1001 inv=FFF9 len=10 #4 f9ff01101f805b64510b
2026-10-01 19:13:21.953 [OP] 46FE inv=FFFF len=0 #4 
2026-10-01 19:13:34.181 [SYS] 物品栏满
2026-10-01 19:13:34.269 [OP] 472A inv=FE76 len=393 #5 54d8de1f199b64510bdcfaa32b1f805b64510bdc86d92b1f805b645144dcfaa36f9d805b64510bdc90392b1f805b645184dcfaa32b1f805b0ca20bdcfaa32b1f6aee64510bdcfaa32b1f805b64510bdcfaa32b1f805b64510bdcfaa32b1f805b64510bdcfaa32b1f805b64510bdcfaa32b1f805b64510bdcfaa32b1f805b64510bdcfaa32b1f805b64510bdc7af82b1fc3956451f16ffaa3731f805b5c510bdc
2026-10-01 19:13:34.269 [OP] 42CE inv=FFFB len=4 #5 c87f510b
2026-10-01 19:13:40.285 [OP] 4100 inv=FFF9 len=6 #5 98aa9553387f
2026-10-01 19:13:40.383 [OP] 4101 inv=FC35 len=970 #5 a0ecfc0bdcfaa32b1f805b64a552155aa32b1f805b64510bdcfaa32b1f805b64510bdcfaa32b1f80bacdb2b2dcfa3cc41f805b64510bf453a32b1f805b64510bdcfaa32b1f80e0cdfc0b52faa32b1f805b646244dcfa34881f8010fc510b730fa32bc8d97b81a552155a4e78c8d93564510b155a4e78ca7726b35c3828d7a32b1f805b64510bdcfaa86d84805b64510bdc83b72b1f805b64510bdcfaa32b1f80
2026-10-01 19:13:41.359 [OUT] 1001 inv=FFF9 len=10 #5 f9ff01101f805b64510b
2026-10-01 19:13:52.254 [OP] 46FE inv=FFFF len=0 #5 
2026-10-01 19:14:06.735 [SYS] 物品栏满
2026-10-01 19:14:21.354 [OP] 4031 inv=FFD5 len=42 #1 ec0b8ffaa32b1f8095640063e94e3237e20c8b878713a2b83bb9397041a3072b8995cf2b1f9e0945dd0b
2026-10-01 19:14:38.691 [SYS] 物品栏满
2026-10-01 19:15:32.458 [SYS] 物品栏满
2026-10-01 19:16:04.068 [SYS] 物品栏满
2026-10-01 19:16:27.207 [SYS] 物品栏满
2026-10-01 19:16:27.792 [OP] 4031 inv=FFEB len=20 #2 8ffa462b1f805b64580b2cc5e62b1f9e0945dd0b
2026-10-01 19:16:30.225 [OP] 4031 inv=FFE0 len=31 #3 44dc5ba32b1f805b64515c3aacd34d76b159ea7240b0faa3c6ea16d2aa1d0b
2026-10-01 19:16:33.098 [OP] F005 inv=FFE7 len=24 #1 26b35c3828d7972b1f805b64510bdcfaa3de1f80897ea30c
2026-10-01 19:16:47.021 [OP] 4031 inv=FFDC len=35 #4 775bf1510bdcfaa3531fe9022e98c810387599970e2d05890bdc574427238aa7a2f10b
2026-10-01 19:17:55.940 [SYS] 物品栏满
2026-10-01 19:18:13.595 [OP] F005 inv=FFE7 len=24 #2 26b35c3828d7972b1f805b64510bdcfaa3ce1f80897ea30c
2026-10-01 19:18:28.940 [SYS] 物品栏满
2026-10-01 19:19:21.582 [SYS] 物品栏满
2026-10-01 19:19:21.674 [OP] 4235 inv=FFFA len=5 #1 db67ce5b64
2026-10-01 19:19:55.663 [SYS] 物品栏满
2026-10-01 19:20:45.620 [OP] F005 inv=FFE7 len=24 #3 24c812922d93a32b1f805b64510bdcfaa3de1f802bad1c22
2026-10-01 19:20:50.080 [SYS] 物品栏满
2026-10-01 19:21:21.987 [SYS] 物品栏满
2026-10-01 19:21:48.307 [OP] F005 inv=FFE7 len=24 #4 24c812922d93a32b1f805b64510bdcfaa3ce46efddeecdd0
2026-10-01 19:21:49.901 [SYS] 物品栏满
2026-10-01 19:22:22.641 [SYS] 物品栏满
2026-10-01 19:22:53.718 [SYS] 物品栏满
2026-10-01 19:23:18.347 [SYS] 物品栏满
2026-10-01 19:23:47.050 [SYS] 物品栏满
2026-10-01 19:24:13.264 [SYS] 物品栏满
2026-10-01 19:24:48.501 [SYS] 物品栏满
2026-10-01 19:24:49.757 [OP] F005 inv=FFE7 len=24 #5 24c812922d93a32b1f805b64510bdcfaa3dedc8c0f4e1f02
2026-10-01 19:25:16.642 [SYS] 物品栏满
2026-10-01 19:25:42.734 [SYS] 物品栏满
2026-10-01 19:26:12.654 [SYS] 物品栏满
2026-10-01 19:26:35.606 [SYS] 物品栏满
2026-10-01 19:27:09.295 [SYS] 物品栏满
2026-10-01 19:27:35.263 [SYS] 物品栏满
2026-10-01 19:28:01.226 [SYS] 物品栏满
2026-10-01 19:28:29.618 [SYS] 物品栏满
2026-10-01 19:29:57.033 [SYS] 物品栏满
2026-10-01 19:30:00.272 [SYS] #00FFFF#警报！警报！大批暗天军团正向#00FF00#平静海岸２区#00FFFF#靠近，冒险者们，拿起你们的武器，消灭入侵者！
2026-10-01 19:30:10.330 [SYS] #FF0000#美牛鱼先遣队长#00FFFF#带领的第1批暗天军团将在5分钟后抵达#00FF00#平静海岸2区
2026-10-01 19:31:10.276 [SYS] #FF0000#美牛鱼先遣队长#00FFFF#带领的第1批暗天军团将在4分钟后抵达#00FF00#平静海岸2区
2026-10-01 19:31:33.843 [SYS] 物品栏满
2026-10-01 19:31:56.903 [SYS] 物品栏满
2026-10-01 19:32:10.281 [SYS] #FF0000#美牛鱼先遣队长#00FFFF#带领的第1批暗天军团将在3分钟后抵达#00FF00#平静海岸2区
2026-10-01 19:32:26.356 [SYS] 物品栏满
2026-10-01 19:32:56.077 [SYS] 物品栏满
2026-10-01 19:33:10.284 [SYS] #FF0000#美牛鱼先遣队长#00FFFF#带领的第1批暗天军团将在2分钟后抵达#00FF00#平静海岸2区
2026-10-01 19:33:57.464 [SYS] 物品栏满
2026-10-01 19:34:10.294 [SYS] #FF0000#美牛鱼先遣队长#00FFFF#带领的第1批暗天军团将在1分钟后抵达#00FF00#平静海岸2区
2026-10-01 19:34:40.301 [SYS] #FF0000#美牛鱼先遣队长#00FFFF#带领的第1批暗天军团将于30秒后抵达#00FF00#平静海岸2区
2026-10-01 19:35:05.339 [OP] 4031 inv=FFD8 len=39 #5 70a3ce1f805b6451ecdcce97afe49e9f1b3553232b3459405570693a3c653fcf2b1f9e0945dd0b
2026-10-01 19:35:10.384 [SYS] #FF0000#美牛鱼先遣队长#00FFFF#带领的第1批暗天军团已经抵达#00FF00#平静海岸２区的营地周围#00FFFF#！冒险者们，赶快行动起来，消灭入侵者
2026-10-01 19:35:26.111 [SYS] #00FFFF##FF0000#美牛鱼先遣队长#00FFFF#被#FFE292#土土#00FFFF#带领的冒险者队伍打败了！暗天军团遗留的#00FF00#30个#00FFFF#宝箱分散在#00FF00#平静海岸２区#00FFFF#，冒险者们，发财的机会来了，快去寻找遗失的宝箱吧！同时所有冒险者都可以从#FFE292#飞刀王#00FFFF#处领取新一轮的#FFFF00#潜能#00FFFF#奖励
2026-10-01 19:35:50.493 [SYS] 物品栏满
2026-10-01 19:36:52.526 [SYS] 物品栏满
2026-10-01 19:38:04.725 [SYS] 物品栏满
2026-10-01 19:38:37.539 [SYS] 物品栏满
2026-10-01 19:38:39.143 [SYS] #FF0000#精灵先遣队长#00FFFF#带领的第2批暗天军团将在3分钟后抵达#00FF00#平静海岸2区
2026-10-01 19:39:12.602 [SYS] 物品栏满
2026-10-01 19:39:39.154 [SYS] #FF0000#精灵先遣队长#00FFFF#带领的第2批暗天军团将在2分钟后抵达#00FF00#平静海岸2区
2026-10-01 19:40:30.460 [SYS] 物品栏满
2026-10-01 19:40:39.201 [SYS] #FF0000#精灵先遣队长#00FFFF#带领的第2批暗天军团将在1分钟后抵达#00FF00#平静海岸2区
2026-10-01 19:40:55.134 [SYS] 物品栏满
2026-10-01 19:41:09.169 [SYS] #FF0000#精灵先遣队长#00FFFF#带领的第2批暗天军团将于30秒后抵达#00FF00#平静海岸2区
2026-10-01 19:41:25.897 [SYS] 物品栏满
2026-10-01 19:41:39.173 [SYS] #FF0000#精灵先遣队长#00FFFF#带领的第2批暗天军团已经抵达#00FF00#平静海岸２区的营地周围#00FFFF#！冒险者们，赶快行动起来，消灭入侵者
2026-10-01 19:41:50.666 [SYS] #00FFFF##FF0000#精灵先遣队长#00FFFF#被#FFE292#简简单单0#00FFFF#带领的冒险者队伍打败了！暗天军团遗留的#00FF00#30个#00FFFF#宝箱分散在#00FF00#平静海岸２区#00FFFF#，冒险者们，发财的机会来了，快去寻找遗失的宝箱吧！同时所有冒险者都可以从#FFE292#飞刀王#00FFFF#处领取新一轮的#FFFF00#潜能#00FFFF#奖励
2026-10-01 19:41:56.406 [SYS] 物品栏满
2026-10-01 19:42:26.320 [SYS] 物品栏满
2026-10-01 19:42:54.425 [SYS] 物品栏满
2026-10-01 19:44:09.972 [SYS] #FF0000#金人先遣队长#00FFFF#带领的第3批暗天军团将在3分钟后抵达#00FF00#平静海岸2区
2026-10-01 19:44:22.888 [SYS] 物品栏满
2026-10-01 19:44:22.968 [OP] 40E6 inv=FFF3 len=12 #1 8a5dad804e32510bdcfaa32b
2026-10-01 19:44:22.968 [OP] 40E0 inv=FED1 len=302 #1 e38052fab5de1f805b64510bb2faa32b1f805b64d1d0dcfaa32b1f808664510bdcfaa32b0f455b64fc0bdcfa392b1f804864510b52faa32bad805b64fc0bdcfa392b1f804864510b52faa32bad805b642a0bdcfa4d2b1f809564510b8ffaa32b18805b64580bdcfa462b1f800d64510b8ffaa32b1f805b64510bdcfaa32b1f805b64510bdcfaa32b1f805b64430bdcfaa32b1f805b64510bdcfaa32b1f805b64
2026-10-01 19:44:22.970 [OP] 40E3 inv=FFF3 len=12 #1 e90e392bcad15b64db0b6ffa
2026-10-01 19:44:22.970 [OP] 40E2 inv=FFF3 len=12 #1 a0ecfc0b6ffa252b45809564
2026-10-01 19:44:22.970 [OP] 4233 inv=FFFA len=5 #1 677a7f510b
2026-10-01 19:44:22.970 [OP] 40F6 inv=FFEF len=16 #1 8a5dad80ca37510bdcfaa32b1f809564
2026-10-01 19:44:22.970 [OP] 4232 inv=FF60 len=159 #1 9c23d0dce0a32b1f4f5b645127dcfaa3de1f805b6f510bdc1c462b1f805b64510bdcfaa32b1f805b64510bdcfaa32b1f805b64510bdcfaa3daad805b64510bdc0cf82b1f805b64514752faa32b1f805b14580bdcfaa32b1f9b7a64516f52faa31aca805bc7510bdc25a32b1fef5b6451c4dcfaa3f259805b95510bdc42a32b1fe15b64510bdcfaa32cd672eca2d661e2b05b931f805b64510bdcfaa32b1f80
2026-10-01 19:44:22.970 [OP] 4210 inv=FFF3 len=12 #1 710bdcfa772b1f80a0ecfc0b
2026-10-01 19:44:22.970 [OP] 4210 inv=FFF3 len=12 #2 710bdcfa772b1f80c6ecfc0b
2026-10-01 19:44:23.006 [OUT] 0185 inv=FFF7 len=12 #1 f7ff8501dcfaa32bc8d97b81
2026-10-01 19:44:48.422 [SYS] 物品栏满
2026-10-01 19:45:09.972 [SYS] #FF0000#金人先遣队长#00FFFF#带领的第3批暗天军团将在2分钟后抵达#00FF00#平静海岸2区
2026-10-01 19:45:11.008 [SYS] 物品栏满
2026-10-01 19:46:10.021 [SYS] #FF0000#金人先遣队长#00FFFF#带领的第3批暗天军团将在1分钟后抵达#00FF00#平静海岸2区
2026-10-01 19:46:39.986 [SYS] #FF0000#金人先遣队长#00FFFF#带领的第3批暗天军团将于30秒后抵达#00FF00#平静海岸2区
2026-10-01 19:46:42.052 [SYS] 物品栏满
2026-10-01 19:47:04.869 [SYS] 物品栏满
2026-10-01 19:47:09.994 [SYS] #FF0000#金人先遣队长#00FFFF#带领的第3批暗天军团已经抵达#00FF00#平静海岸２区的营地周围#00FFFF#！冒险者们，赶快行动起来，消灭入侵者
2026-10-01 19:47:32.275 [SYS] 物品栏满
2026-10-01 19:47:34.892 [SYS] #00FFFF##FF0000#金人先遣队长#00FFFF#被#FFE292#简简单单0#00FFFF#带领的冒险者队伍打败了！暗天军团遗留的#00FF00#30个#00FFFF#宝箱分散在#00FF00#平静海岸２区#00FFFF#，冒险者们，发财的机会来了，快去寻找遗失的宝箱吧！同时所有冒险者都可以从#FFE292#飞刀王#00FFFF#处领取新一轮的#FFFF00#潜能#00FFFF#奖励
2026-10-01 19:48:35.214 [SYS] 物品栏满
2026-10-01 19:49:26.392 [SYS] 物品栏满
2026-10-01 19:49:48.157 [SYS] 物品栏满
2026-10-01 19:50:00.207 [SYS] #00FFFF#国庆节特别活动“红旗飘飘贺国庆”将于#00FF00#10#00FFFF#分钟后开启，冒险者可以在逍遥西的#FF0000#大冒险活动官#00FFFF#处参加活动，收集喜庆用品装饰旗台，赢取丰富的属性及道具奖励，幸运的冒险者还将得到#FF0000#稀有奖励#FFFFFF#！
2026-10-01 19:50:00.297 [SYS] #FF0000#真子先遣队长#00FFFF#带领的第4批暗天军团将在3分钟后抵达#00FF00#平静海岸2区
2026-10-01 19:50:48.925 [SYS] 物品栏满
2026-10-01 19:51:00.302 [SYS] #FF0000#真子先遣队长#00FFFF#带领的第4批暗天军团将在2分钟后抵达#00FF00#平静海岸2区
2026-10-01 19:52:00.300 [SYS] #FF0000#真子先遣队长#00FFFF#带领的第4批暗天军团将在1分钟后抵达#00FF00#平静海岸2区
2026-10-01 19:52:30.297 [SYS] #FF0000#真子先遣队长#00FFFF#带领的第4批暗天军团将于30秒后抵达#00FF00#平静海岸2区
2026-10-01 19:53:00.304 [SYS] #FF0000#真子先遣队长#00FFFF#带领的第4批暗天军团已经抵达#00FF00#平静海岸２区的营地周围#00FFFF#！冒险者们，赶快行动起来，消灭入侵者
2026-10-01 19:53:08.222 [PIPE] controller disconnected
2026-10-01 19:53:08.559 [SYS] 物品栏满
2026-10-01 19:53:19.920 [PIPE] controller connected
2026-10-01 19:53:25.693 [SYS] #00FFFF##FF0000#真子先遣队长#00FFFF#被#FFE292#〝夜无眠#00FFFF#带领的冒险者队伍打败了！暗天军团遗留的#00FF00#30个#00FFFF#宝箱分散在#00FF00#平静海岸２区#00FFFF#，冒险者们，发财的机会来了，快去寻找遗失的宝箱吧！同时所有冒险者都可以从#FFE292#飞刀王#00FFFF#处领取新一轮的#FFFF00#潜能#00FFFF#奖励
2026-10-01 19:53:38.832 [SYS] 物品栏满
2026-10-01 19:54:02.897 [SYS] 物品栏满
2026-10-01 19:55:00.239 [SYS] #00FFFF#国庆节特别活动“红旗飘飘贺国庆”将于#00FF00#5#00FFFF#分钟后开启，冒险者可以在逍遥西的#FF0000#大冒险活动官#00FFFF#处参加活动，收集喜庆用品装饰旗台，赢取丰富的属性及道具奖励，幸运的冒险者还将得到#FF0000#稀有奖励#FFFFFF#！
2026-10-01 19:55:40.215 [SYS] #FF0000#打劫者先遣队长#00FFFF#带领的第5批暗天军团将在3分钟后抵达#00FF00#平静海岸2区
2026-10-01 19:56:12.655 [SYS] 物品栏满
2026-10-01 19:56:40.275 [SYS] #FF0000#打劫者先遣队长#00FFFF#带领的第5批暗天军团将在2分钟后抵达#00FF00#平静海岸2区
2026-10-01 19:57:04.202 [SYS] 物品栏满
2026-10-01 19:57:31.609 [SYS] 物品栏满
2026-10-01 19:57:40.224 [SYS] #FF0000#打劫者先遣队长#00FFFF#带领的第5批暗天军团将在1分钟后抵达#00FF00#平静海岸2区
2026-10-01 19:58:10.232 [SYS] #FF0000#打劫者先遣队长#00FFFF#带领的第5批暗天军团将于30秒后抵达#00FF00#平静海岸2区
2026-10-01 19:58:40.278 [SYS] #FF0000#打劫者先遣队长#00FFFF#带领的第5批暗天军团已经抵达#00FF00#平静海岸２区的营地周围#00FFFF#！冒险者们，赶快行动起来，消灭入侵者
2026-10-01 19:59:13.437 [SYS] #00FFFF##FF0000#打劫者先遣队长#00FFFF#被#FFE292#Devil極#00FFFF#带领的冒险者队伍打败了！暗天军团遗留的#00FF00#30个#00FFFF#宝箱分散在#00FF00#平静海岸２区#00FFFF#，冒险者们，发财的机会来了，快去寻找遗失的宝箱吧！同时所有冒险者都可以从#FFE292#飞刀王#00FFFF#处领取新一轮的#FFFF00#潜能#00FFFF#奖励
2026-10-01 19:59:20.621 [SYS] 物品栏满
2026-10-01 19:59:50.265 [SYS] 物品栏满
2026-10-01 20:00:00.165 [SYS] #00FFFF#国庆节特别活动“红旗飘飘贺国庆”#00FF00#正式开启#00FFFF#，冒险者可以在逍遥西的#FF0000#大冒险活动官#00FFFF#处参加活动，收集喜庆用品装饰旗台，赢取丰富的属性及道具奖励，幸运的冒险者还将得到#FF0000#稀有奖励#FFFFFF#！
2026-10-01 20:00:01.128 [SYS] 许愿池里多了一批新礼物，赶紧来许愿吧~
2026-10-01 20:00:22.777 [SYS] 物品栏满
2026-10-01 20:01:17.626 [SYS] 物品栏满
2026-10-01 20:02:07.713 [SYS] #FF0000#土著先遣队长#00FFFF#带领的第6批暗天军团将在3分钟后抵达#00FF00#平静海岸2区
2026-10-01 20:02:10.279 [SYS] 物品栏满
2026-10-01 20:02:38.705 [SYS] 物品栏满
2026-10-01 20:03:07.725 [SYS] #FF0000#土著先遣队长#00FFFF#带领的第6批暗天军团将在2分钟后抵达#00FF00#平静海岸2区
2026-10-01 20:03:42.200 [SYS] 物品栏满
2026-10-01 20:04:01.864 [SYS] 物品栏满
2026-10-01 20:04:07.736 [SYS] #FF0000#土著先遣队长#00FFFF#带领的第6批暗天军团将在1分钟后抵达#00FF00#平静海岸2区
2026-10-01 20:04:37.788 [SYS] #FF0000#土著先遣队长#00FFFF#带领的第6批暗天军团将于30秒后抵达#00FF00#平静海岸2区
2026-10-01 20:04:51.721 [SYS] 物品栏满
2026-10-01 20:05:07.801 [SYS] #FF0000#土著先遣队长#00FFFF#带领的第6批暗天军团已经抵达#00FF00#平静海岸２区的营地周围#00FFFF#！冒险者们，赶快行动起来，消灭入侵者
2026-10-01 20:05:47.001 [SYS] 物品栏满
2026-10-01 20:05:54.145 [SYS] #00FFFF##FF0000#土著先遣队长#00FFFF#被#FFE292#Devil極#00FFFF#带领的冒险者队伍打败了！暗天军团遗留的#00FF00#30个#00FFFF#宝箱分散在#00FF00#平静海岸２区#00FFFF#，冒险者们，发财的机会来了，快去寻找遗失的宝箱吧！同时所有冒险者都可以从#FFE292#飞刀王#00FFFF#处领取新一轮的#FFFF00#潜能#00FFFF#奖励
2026-10-01 20:06:17.018 [SYS] 物品栏满
2026-10-01 20:07:13.479 [SYS] 物品栏满
2026-10-01 20:07:37.153 [SYS] 物品栏满
2026-10-01 20:08:58.268 [SYS] 物品栏满
2026-10-01 20:09:23.018 [SYS] #00FFFF#暗天军团入侵平静海岸２区的阴谋被粉碎了！冒险者们，你们都是英雄，潜能奖励将在30分钟后关闭，请大家抓紧时间
2026-10-01 20:09:54.991 [SYS] 物品栏满
2026-10-01 20:09:55.080 [OP] 4235 inv=FFFA len=5 #2 db67ce5b64
2026-10-01 20:10:49.213 [SYS] 物品栏满
2026-10-01 20:10:49.305 [SYS] 物品栏已满！
2026-10-01 20:12:16.452 [QUESTION] {"type":"question","sock":2556,"qno":16,"field_a":88,"stem":"人们在动物园里看到的俗称\"四不象\"的动物是?","options":["1、驯兽师","2、猩猩队长","3、麋鹿","4、霸天虎"]}
2026-10-01 20:12:17.466 [UI] auto dump on question qno=16
2026-10-01 20:12:17.466 [UI] ---- window dump begin (pid 25644) ----
2026-10-01 20:12:17.490 [UI] TOP=0003064C vis=1 cls=ATL:012FF210 rc=(887,118,1927,925) title=什么什么大冒险2(①逍遥村敬老院)-先驱02_Sep 24 2026《什么什么大冒险》制作委员会QQ群:515616289
2026-10-01 20:12:17.491 [UI] TOP=0003064E vis=0 cls=DIEmWin rc=(-1,-1,135,38) title=DIEmWin
2026-10-01 20:12:17.498 [UI] TOP=0003064A vis=0 cls=MSCTFIME UI rc=(0,0,0,0) title=MSCTFIME UI
2026-10-01 20:12:17.519 [UI] TOP=000A0D64 vis=0 cls=IME rc=(0,0,0,0) title=Default IME
2026-10-01 20:12:17.519 [UI] TOP=0006062E vis=0 cls=IME rc=(0,0,0,0) title=Default IME
2026-10-01 20:12:17.519 [UI] ---- window dump end ----
2026-10-01 20:12:20.708 [SEND-ANSWER] qno=16 opt=2 ret=13 sock=2556
2026-10-01 20:12:20.754 [SYS] 测试通过！
2026-10-01 20:12:20.844 [SYS] 获得了#00FF00#100#FFF692#金币
2026-10-01 20:12:20.844 [CURRENCY] a=201785 b=98656
2026-10-01 20:12:22.523 [UI] auto-closing quiz frame: qno=16 opt=2
2026-10-01 20:12:22.525 [UI] option 2 control NOT found — falling back to digit key
2026-10-01 20:12:25.429 [OUT] 1F04 inv=FFF6 len=13 #3 f6ff041fce1f805bb0510bdce8
2026-10-01 20:13:50.054 [SYS] 物品栏满
2026-10-01 20:15:19.814 [SYS] 物品栏满
2026-10-01 20:15:51.663 [SYS] 物品栏满
2026-10-01 20:17:36.004 [OP] 4613 inv=FF3F len=192 #1 ad63e5af58d5dc590193f6a3e9cdde956fcfb5531891f54f7ad16fc4f8531f8095df580b516eea240faa29640e67dcfa232bcaaa5b53bc595ab12b219f805b64cd2fe7c4202b97b194dc023ca7bb7753ca7cf97d42e7f2c4f853ca805bdf58ecdcabbc6362b39566517f1751a32b1faa5b6483d286033d6643505b6451040370f8d91f990f5319be908cd124e1a6c30df67f6fe22924ca9be7df58ec6ffaa353
2026-10-01 20:17:36.004 [OP] 4613 inv=FF7E len=129 #2 f8cd2fe7c4202b97b194dc023ca7bb7753ca7cf97d42e7f2c4f853ca805bdf58ecdcabbc6362b39566517f1751a32b1faa5b6483d286033d6643505b6451040370f8d91f990f5319be908cd124e1a6c30df67f6fe22924ca9be7df58ec6ffaa353caaa5b63616f6a98f8541f802764510bdcc4a32beceb066d0d19f8bbea2b1f80
2026-10-01 20:17:36.004 [OP] 4613 inv=FFBB len=68 #3 58040370f8d91f990f5319be908cd124e1a6c30df67f6fe22924ca9be7df58ec6ffaa353caaa5b63616f6a98f8541f802764510bdcc4a32beceb066d0d19f8bbea2b1f80
2026-10-01 20:17:38.002 [OP] 4613 inv=FFB8 len=71 #4 aaf8fdfeece625ddb359344cf8caad6a57ff93182c94df43a66ab45c93702694df58ec6ffaa353caaa5b8a2d476a98f8c71f8084af510bdcc4a32beceb066d0de38abbea2b1f80
2026-10-01 20:17:39.008 [OP] 4613 inv=FFB9 len=70 #5 9596ddbf6fe0203395c72c6c0e246f57ff93182c94df01a290b45c93702694df58ec6ffaa353caaa5b2861dee698f8c41f805b64510bdcc4a32beceb066d0d9c27bbea2b1f80
2026-10-01 20:17:52.534 [OP] 4612 inv=FFE7 len=24 #1 fd0bdcfa8b3bad8041cdfc0b540e392be787c4647b8052fa
2026-10-01 20:18:14.908 [OP] 4612 inv=FFE7 len=24 #2 fd0bdcfa8b3bad8041cdfc0b540e392be787c4647b8052fa
2026-10-01 20:18:14.908 [OP] 4612 inv=FFE7 len=24 #3 fd0bdcfa8b3bad8041cdfc0b540e392be787c4647b8052fa
2026-10-01 20:18:37.087 [SYS] 物品栏满
2026-10-01 20:19:06.686 [OP] 4612 inv=FFE7 len=24 #4 fd0bdcfa8b3bad8041cdfc0b540e392be787c4647b8052fa
2026-10-01 20:19:27.098 [SYS] 物品栏满
2026-10-01 20:19:29.276 [OP] 4612 inv=FFEF len=16 #5 c464510befc2392b5207c464fb8052fa
2026-10-01 20:20:00.159 [SYS] #00FFFF#国庆节特别活动“红旗飘飘贺国庆”#00FF00#正式开启#00FFFF#，冒险者可以在逍遥西的#FF0000#大冒险活动官#00FFFF#处参加活动，收集喜庆用品装饰旗台，赢取丰富的属性及道具奖励，幸运的冒险者还将得到#FF0000#稀有奖励#FFFFFF#！
2026-10-01 20:20:25.071 [SYS] 物品栏满
2026-10-01 20:21:27.405 [SYS] 物品栏满
2026-10-01 20:21:52.004 [SYS] 物品栏满
2026-10-01 20:23:42.928 [SYS] 物品栏满
2026-10-01 20:24:14.093 [SYS] 物品栏满
2026-10-01 20:24:46.967 [SYS] 物品栏满
2026-10-01 20:25:14.711 [SYS] 物品栏满
2026-10-01 20:26:03.911 [SYS] 物品栏满
2026-10-01 20:28:59.002 [SYS] 物品栏满
2026-10-01 20:30:02.038 [SYS] 物品栏满
2026-10-01 20:30:53.753 [OP] 40E6 inv=FFF3 len=12 #2 8a5dad8011d9510bdcfaa32b
2026-10-01 20:30:53.753 [OP] 40E0 inv=FED1 len=302 #2 e38052fa11de1f805b64510b49faa32b1f805b6484d0dcfaa32b1f805f64510bdcfaa32b0f455b64fc0bdcfa392b1f804864510b52faa32bad805b64fc0bdcfa392b1f804864510b52faa32bad805b64090bdcfa4d2b1f809564510b8ffaa32b51805b64580bdcfa462b1f800d64510b8ffaa32b1f805b64510bdcfaa32b1f805b64510bdcfaa32b1f805b64430bdcfaa32b1f805b64510bdcfaa32b1f805b64
2026-10-01 20:30:53.754 [OP] 40E3 inv=FFF3 len=12 #2 e90e392bcaca5b64db0b6ffa
2026-10-01 20:30:53.754 [OP] 40E2 inv=FFF3 len=12 #2 a0ecfc0b6ffaf52b45809564
2026-10-01 20:30:53.754 [OP] 4233 inv=FFFA len=5 #2 677a7f510b
2026-10-01 20:30:53.754 [OP] 40F6 inv=FFEF len=16 #2 8a5dad809acd510bdcfaa32b1f6a6f77
2026-10-01 20:30:53.754 [OP] 4232 inv=FF60 len=159 #2 9c23d0dce0a32b1f4f5b645127dcfaa3de1f805b6f510bdc1c462b1f805b64510bdcfaa32b1f805b64510bdcfaa32b1f805b64510bdcfaa30ead805b64510bdc5df82b1f805b6451e752faa32b1f805bf6580bdcfaa32b1f477a64516f52faa318ca805b5e510bdc25a32b1fef5b6451c4dcfaa3c7ad805ba5510bdc1aa32b1f8e5b64510bdcfaa32cd672eca2d661e2b05b931f805b64510bdcfaa32b1f80
2026-10-01 20:30:53.754 [OP] 4210 inv=FFF3 len=12 #3 140bdcfaf42b1f80a0ecfc0b
2026-10-01 20:30:53.772 [OUT] 0185 inv=FFF7 len=12 #2 f7ff8501dcfaa32bc8d97b81
2026-10-01 20:30:53.821 [OP] 4210 inv=FFF3 len=12 #4 140bdcfaf42b1f80c6ecfc0b
2026-10-01 20:31:48.502 [SYS] 物品栏满
2026-10-01 20:32:13.826 [SYS] 物品栏满
2026-10-01 20:32:41.833 [SYS] 物品栏满
2026-10-01 20:33:42.420 [SYS] 物品栏满
2026-10-01 20:34:35.787 [SYS] 物品栏满
2026-10-01 20:35:48.090 [SYS] 物品栏满
2026-10-01 20:36:15.471 [SYS] 物品栏满
2026-10-01 20:37:16.312 [SYS] 物品栏满
2026-10-01 20:37:43.777 [SYS] 物品栏满
2026-10-01 20:38:46.974 [OP] 4018 inv=FFF0 len=15 #1 677a7f511b3e22a3bbca42dc645175
2026-10-01 20:40:00.203 [SYS] #00FFFF#国庆节特别活动“红旗飘飘贺国庆”#00FF00#正式开启#00FFFF#，冒险者可以在逍遥西的#FF0000#大冒险活动官#00FFFF#处参加活动，收集喜庆用品装饰旗台，赢取丰富的属性及道具奖励，幸运的冒险者还将得到#FF0000#稀有奖励#FFFFFF#！
2026-10-01 20:41:00.032 [SYS] #00FF00#1#00FFFF#分钟后逍遥村周围将掉落20个宝箱，捡取可获得意外惊喜喔！#FFFFFF#
2026-10-01 20:41:35.746 [SYS] 物品栏满
2026-10-01 20:42:01.766 [SYS] 物品栏满
2026-10-01 20:42:07.807 [OP] 4210 inv=FFF3 len=12 #5 710bdcfab42b1f80baecfc0b
2026-10-01 20:42:27.532 [SYS] 物品栏满
2026-10-01 20:42:50.793 [SYS] 物品栏满
2026-10-01 20:43:13.138 [QUESTION] {"type":"question","sock":2556,"qno":13,"field_a":89,"stem":"光学物理上把能够自身发光的物体叫做？","options":["1、正能量","2、可能叫这个吧","3、阳光普照","4、光源"]}
2026-10-01 20:43:14.153 [UI] auto dump on question qno=13
2026-10-01 20:43:14.153 [UI] ---- window dump begin (pid 25644) ----
2026-10-01 20:43:14.163 [UI] TOP=0003064C vis=1 cls=ATL:012FF210 rc=(887,118,1927,925) title=什么什么大冒险2(①逍遥村敬老院)-先驱02_Sep 24 2026《什么什么大冒险》制作委员会QQ群:515616289
2026-10-01 20:43:14.163 [UI] TOP=0003064E vis=0 cls=DIEmWin rc=(-1,-1,135,38) title=DIEmWin
2026-10-01 20:43:14.174 [UI] TOP=0003064A vis=0 cls=MSCTFIME UI rc=(0,0,0,0) title=MSCTFIME UI
2026-10-01 20:43:14.180 [UI] TOP=000A0D64 vis=0 cls=IME rc=(0,0,0,0) title=Default IME
2026-10-01 20:43:14.181 [UI] TOP=0006062E vis=0 cls=IME rc=(0,0,0,0) title=Default IME
2026-10-01 20:43:14.181 [UI] ---- window dump end ----
2026-10-01 20:43:15.781 [SEND-ANSWER] qno=13 opt=3 ret=13 sock=2556
2026-10-01 20:43:15.826 [SYS] 测试通过！
2026-10-01 20:43:15.926 [SYS] 获得了#00FF00#100#FFF692#金币
2026-10-01 20:43:15.926 [CURRENCY] a=201785 b=98756
2026-10-01 20:43:17.584 [UI] auto-closing quiz frame: qno=13 opt=3
2026-10-01 20:43:17.607 [UI] option 3 control NOT found — falling back to digit key
2026-10-01 20:43:49.412 [SYS] #00FF00#1#00FFFF#分钟后逍遥村周围将掉落20个宝箱，捡取可获得意外惊喜喔！#FFFFFF#
2026-10-01 20:43:49.513 [SYS] #00FFFF#10位玉女携带礼物参加国庆活动，#00FF00#5#00FFFF#分钟后将出现在夕阳草原，请各位冒险者前去保护她们免受BOSS骚扰#FF0000#（BOSS有一定几率携带稀有宝宝）。#FFFFFF#
2026-10-01 20:44:07.073 [SYS] 物品栏满
2026-10-01 20:44:28.879 [SYS] 物品栏满
2026-10-01 20:44:33.086 [OP] 40E0 inv=FED1 len=302 #3 e38052fa11de1f805b64510b49faa32b1f805b6484d0dcfaa32b1f805f64510bdcfaa32b0f455b64fc0bdcfa392b1f804864510b52faa32bad805b64fc0bdcfa392b1f804864510b52faa32bad805b64090bdcfa4d2b1f809564510b8ffaa32b51805b64580bdcfa462b1f800d64510b8ffaa32b1f805b64510bdcfaa32b1f805b64510bdcfaa32b1f805b64430bdcfaa32b1f805b64510bdcfaa32b1f805b64
2026-10-01 20:44:33.086 [OP] 40E3 inv=FFF3 len=12 #3 e90e392bca2d9464db0b6ffa
2026-10-01 20:44:33.086 [OP] 40E2 inv=FFF3 len=12 #3 a0ecfc0b6f20b42b45809564
2026-10-01 20:44:33.086 [OP] 4232 inv=FF60 len=159 #3 9c23d0dce0a32b1f4f5b645127dcfaa3de1f805b6f510bdc1c462b1f805b64510bdcfaa32b1f805b64510bdcfaa32b1f805b64510bdcfaa30ead805b64510bdc5df82b1f805b6451e752faa32b1f805bf6580bdcfaa32b1f477a64519c52faa318ca805b5e510bdc25a32b1fef5b6451c4dcfaa3c7ad805ba5510bdc1aa32b1f8e5b64510bdcfaa32cd672eca2d661e2b05b931f805b64510bdcfaa32b1f80
2026-10-01 20:44:33.086 [OP] 401B inv=FEB3 len=332 #1 8a5dad800d64510b17faa32bb907c464530bdcfa972b1f8099d9510bdcfaa32b53ca5b64510bdcfa5a531f805b64510b9bc4a32b1f805b64bc595ab12b21ab805b64510bdcfaa32b1fc75b64d7b252fada2b1f804964510bf453a32b1f805b64820cdcfaa32b1f803f08510bdcfaa32b5b4f5b64510bdcfa16876c842d43510bdcfaa32b1f805b6451b122c1e45dad803164510b6dfaa32b73ce5b64510bdcfa
2026-10-01 20:44:33.086 [SYS] #ff0000#您已进入野外区域，可能遭遇玩家间的自由对战，请注意安全！#ffffff#
2026-10-01 20:44:33.122 [OUT] 0185 inv=FFF7 len=12 #3 f7ff8501dcfaa32bc8d97b81
2026-10-01 20:44:33.166 [OP] 4202 inv=FFEF len=16 #1 d5ecdcfab42b1f806adf510be4c4a32b
2026-10-01 20:44:33.166 [OP] 4055 inv=FFF7 len=8 #1 a0ecfc0bdcfaa32b
2026-10-01 20:44:33.166 [OP] 40A0 inv=FF07 len=248 #1 a0ecfc0b8b0e392b5e605b6439ecdcfadb4ac3548a70b105cd97600e1f805b64510bdcfaa32b1f805b64510bdcfaa32b1f805b64510bdcfaa32b1f8030dfced078c4b1deef125b64e07fdcfadb4ae4f1245d510bdcfaa32b1f805b64510bdcfaa32b1f805b64510bdcfaa32b1f805b64510bdcfaa32b1f806bf84bd0a7e8fcde6fce5b64a9d0dcfadb4a402fed6d510bdcfaa32b1f805b64510bdcfaa32b1f80
2026-10-01 20:45:30.907 [SYS] #ff0000#您已进入野外区域，可能遭遇玩家间的自由对战，请注意安全！#ffffff#
2026-10-01 20:45:31.006 [OP] 40E0 inv=FED1 len=302 #4 e38052fa11de1f805b64510b49faa32b1f805b6484d0dcfaa32b1f805f64510bdcfaa32b0f455b64fc0bdcfa392b1f804864510b52faa32bad805b64fc0bdcfa392b1f804864510b52faa32bad805b64090bdcfa4d2b1f809564510b8ffaa32b51805b64580bdcfa462b1f800d64510b8ffaa32b1f805b64510bdcfaa32b1f805b64510bdcfaa32b1f805b64430bdcfaa32b1f805b64510bdcfaa32b1f805b64
2026-10-01 20:45:31.007 [OP] 40E3 inv=FFF3 len=12 #4 e90e392bcad97b81db0b6ffa
2026-10-01 20:45:31.008 [OP] 40E2 inv=FFF3 len=12 #4 a0ecfc0b6ffafd2b45809564
2026-10-01 20:45:31.008 [OP] 4232 inv=FF60 len=159 #4 9c23d0dce0a32b1f4f5b645127dcfaa3de1f805b6f510bdc1c462b1f805b64510bdcfaa32b1f805b64510bdcfaa32b1f805b64510bdcfaa30ead805b64510bdc5df82b1f805b6451e752faa32b1f805bf6580bdcfaa32b1f477a64519c52faa318ca805b5e510bdc25a32b1fef5b6451c4dcfaa3c7ad805ba5510bdc1aa32b1f8e5b64510bdcfaa32cd672eca2d661e2b05b931f805b64510bdcfaa32b1f80
2026-10-01 20:45:31.008 [OP] 4202 inv=FFEF len=16 #2 feecdcfab42b1f8056df510bc3c4a32b
2026-10-01 20:45:31.008 [OP] 4055 inv=FFF7 len=8 #2 a0ecfc0bdcfaa32b
2026-10-01 20:45:31.009 [OP] 401B inv=FEB3 len=332 #2 8a5dad800d64510b17faa32bb907c464530bdcfa972b1f8099d9510bdcfaa32b53ca5b64510bdcfa5a531f805b64510b9bc4a32b1f805b64bc595ab12b21ab805b64510bdcfaa32b1faa5b64d7b252fada2b1f804964510bf453a32b1f805b64820cdcfaa32b1f803f08510bdcfaa32b5b4f5b64510bdcfa16876c842d43510bdcfaa32b1f805b64517d90fae45dad803164510b6dfaa32b73ce5b64510bdcfa
2026-10-01 20:45:31.030 [OUT] 0185 inv=FFF7 len=12 #4 f7ff8501dcfaa32bc8d97b81
2026-10-01 20:45:31.073 [OP] 40A0 inv=FF7F len=128 #2 a0ecfc0b900e392b4f125b644f0bdcfadb4a86550b70510bdcfaa32b1f805b64510bdcfaa32b1f805b64510bdcfaa32b1f805b64510bdcfaa32b1f8039f80dd0d9e8f0deb1605b6439ecdcfadb4ac3548a70b10568bbea0232805b64510bdcfaa32b1f805b64510bdcfaa32b1f805b64510bdcfaa32b1f802edfe0ec0fc46453
2026-10-01 20:45:42.846 [OP] 40A0 inv=FF7F len=128 #3 a0ecfc0b90fafd2bce125b64e07fdcfadb4ae4f1245d510bdcfaa32b1f805b64510bdcfaa32b1f805b64510bdcfaa32b1f805b64510bdcfaa32b1f80f16fbd7f92ae2e9328605b6439ecdcfadb4ac3548a70b10576bbea0232805b64510bdcfaa32b1f805b64510bdcfaa32b1f805b64510bdcfaa32b1f805f087ed049e0d5de
2026-10-01 20:45:43.442 [OUT] 1F04 inv=FFF6 len=13 #4 f6ff041fce1f805bc6510bdce8
2026-10-01 20:46:05.853 [SYS] 物品栏满
2026-10-01 20:46:31.039 [SYS] 物品栏满
2026-10-01 20:46:49.392 [SYS] #00FFFF#10位玉女携带礼物参加国庆活动，#00FF00#2#00FFFF#分钟后将出现在夕阳草原，请各位冒险者前去保护她们免受BOSS骚扰#FF0000#（BOSS有一定几率携带稀有宝宝）。#FFFFFF#
2026-10-01 20:47:17.953 [OP] 40A0 inv=FFBB len=68 #4 a0ecfc0b6ffadb2b0c605b6439ecdcfadb4ac3548a70b10571bbea0232805b64510bdcfaa32b1f805b64510bdcfaa32b1f805b64510bdcfaa32b1f8006df5575dac4a624
2026-10-01 20:47:39.898 [SYS] #00FF00#1#00FFFF#分钟后逍遥村周围将掉落20个宝箱，捡取可获得意外惊喜喔！#FFFFFF#
2026-10-01 20:47:49.419 [SYS] #00FFFF#10位玉女携带礼物参加国庆活动，#00FF00#1#00FFFF#分钟后将出现在夕阳草原，请各位冒险者前去保护她们免受BOSS骚扰#FF0000#（BOSS有一定几率携带稀有宝宝）。#FFFFFF#
2026-10-01 20:47:57.290 [OP] 40A0 inv=FFBB len=68 #5 a0ecfc0b6f43db2ba6605b6439ecdcfadb4ac3548a70b10571bbea0232805b64510bdcfaa32b1f805b64510bdcfaa32b1f805b64510bdcfaa32b1f8089f86f08d0e8186f
2026-10-01 20:48:49.392 [SYS] #00FFFF#10位玉女携带礼物参加国庆活动，已经出现在夕阳草原，请各位冒险者前去保护她们免受BOSS骚扰（BOSS有一定几率携带稀有宝宝）。#FFFFFF#
2026-10-01 20:49:21.243 [SYS] #ff0000#您已进入野外区域，可能遭遇玩家间的自由对战，请注意安全！#ffffff#
2026-10-01 20:49:21.367 [OP] 40E0 inv=FED1 len=302 #5 e38052fa11de1f805b64510b49faa32b1f805b6484d0dcfaa32b1f805f64510bdcfaa32b0f455b64fc0bdcfa392b1f804864510b52faa32bad805b64fc0bdcfa392b1f804864510b52faa32bad805b64090bdcfa4d2b1f809564510b8ffaa32b51805b64580bdcfa462b1f800d64510b8ffaa32b1f805b64510bdcfaa32b1f805b64510bdcfaa32b1f805b64430bdcfaa32b1f805b64510bdcfaa32b1f805b64
2026-10-01 20:49:21.367 [OP] 40E3 inv=FFF3 len=12 #5 e90e392bcad97b81db0b6ffa
2026-10-01 20:49:21.367 [OP] 40E2 inv=FFF3 len=12 #5 a0ecfc0b6ffadb2b45809564
2026-10-01 20:49:21.367 [OP] 4232 inv=FF60 len=159 #5 9c23d0dce0a32b1f4f5b645127dcfaa3de1f805b6f510bdc1c462b1f805b64510bdcfaa32b1f805b64510bdcfaa32b1f805b64510bdcfaa30ead805b64510bdc5df82b1f805b6451e752faa32b1f805bf6580bdcfaa32b1f477a6451f652faa318ca805b5e510bdc25a32b1fef5b6451c4dcfaa3c7ad805ba5510bdc1aa32b1f8e5b64510bdcfaa32cd672eca2d661e2b05b931f805b64510bdcfaa32b1f80
2026-10-01 20:49:21.367 [OP] 4202 inv=FFEF len=16 #3 95ecdcfab42b1f8072df510be4c4a32b
2026-10-01 20:49:21.368 [OP] 4055 inv=FFF7 len=8 #3 a0ecfc0bdcfaa32b
2026-10-01 20:49:21.368 [OP] 401B inv=FEB3 len=332 #3 8a5dad800d64510b17faa32bb907c464530bdcfa972b1f8099d9510bdcfaa32b53ca5b64510bdcfa0a2b1f805b64510b9bc4a32b1f805b64bc595ab12b21ab805b64510bdcfaa32b1fc75b64d7b252fada2b1f804964510bf453a32b1f805b64820cdcfaa32b1f803f08510bdcfaa32b5b4f5b64510bdcfa16876c842d43510bdcfaa32b1f805b6451b1c9ebe45dad803164510b6dfaa32b73ce5b64510bdcfa
2026-10-01 20:49:21.382 [OUT] 0185 inv=FFF7 len=12 #5 f7ff8501dcfaa32bc8d97b81
2026-10-01 20:49:31.738 [SYS] #ff0000#您已进入野外区域，可能遭遇玩家间的自由对战，请注意安全！#ffffff#
2026-10-01 20:49:31.738 [OP] 401B inv=FEB3 len=332 #4 8a5dad800d64510b17faa32bb907c464530bdcfa972b1f8099d9510bdcfaa32b53ca5b64510bdcfa0a2b1f805b64510b9bc4a32b1f805b64bc595ab12b21ab805b64510bdcfaa32b1faa5b64d7b252fada2b1f804964510bf453a32b1f805b64820cdcfaa32b1f803f08510bdcfaa32b5b4f5b64510bdcfa16876c842d43510bdcfaa32b1f805b64510bdce8e45dad803164510b6dfaa32b73ce5b64510bdcfa
2026-10-01 20:49:31.738 [OP] 4202 inv=FFEF len=16 #4 feecdcfab42b1f80d07f510b2625a32b
2026-10-01 20:49:31.738 [OP] 4055 inv=FFF7 len=8 #4 a0ecfc0bdcfaa32b
2026-10-01 20:50:16.995 [SYS] 物品栏满
2026-10-01 20:50:57.895 [SYS] 物品栏满
2026-10-01 20:53:46.703 [SYS] 物品栏满
2026-10-01 20:53:50.832 [SYS] #ff0000#您已进入野外区域，可能遭遇玩家间的自由对战，请注意安全！#ffffff#
2026-10-01 20:53:50.927 [OP] 4202 inv=FFEF len=16 #5 b7ecdcfa572b1f80387f510b80c4a32b
2026-10-01 20:53:50.927 [OP] 4055 inv=FFF7 len=8 #5 a0ecfc0bdcfaa378
2026-10-01 20:53:50.929 [OP] 401B inv=FEB3 len=332 #5 8a5dad800d64510b17faa32bb907c464530bdcfa972b1f8099d9510bdcfaa32b53ca5b64510bdcfa0a2b1f805b64510b9bc4a32b1f805b64bc595ab12b21ab805b64510bdcfaa32b1fce5b64d7b252fada2b1f804964510bf453a32b1f805b64820cdcfaa32b1f803f08510bdcfaa32b5b4f5b64510bdcfa16876c842d43510bdcfaa32b1f805b645161e2b0e45dad803164510b6dfaa32b73ce5b64510bdcfa
2026-10-01 20:54:00.930 [OUT] 009C inv=FFFB len=8 #1 fbff9c00dcfaa32b
2026-10-01 20:54:01.021 [OP] 42E5 inv=FFE5 len=26 #1 0edf510b155a4e78ca805b64510bdcfaa32b1f805b64510bdcfa
2026-10-01 20:54:07.046 [SYS] #FFF692#交纳传送费用#00CCFF#690#FFF692#金币！
2026-10-01 20:54:07.141 [CURRENCY] a=201785 b=98066
2026-10-01 20:54:07.826 [OUT] 009C inv=FFFB len=8 #2 fbff9c00dcfaa32b
2026-10-01 20:54:07.833 [OUT] 009C inv=FFFB len=8 #3 fbff9c00dcfaa32b
2026-10-01 20:54:07.841 [OUT] 009C inv=FFFB len=8 #4 fbff9c00dcfaa32b
2026-10-01 20:54:07.844 [OUT] 009C inv=FFFB len=8 #5 fbff9c00dcfaa32b
2026-10-01 20:54:07.846 [OUT] 0135 inv=FFF7 len=12 #1 f7ff3501dcfaa32b4e805b64
2026-10-01 20:54:07.852 [OUT] 0135 inv=FFF7 len=12 #2 f7ff3501dcfaa32bc9805b64
2026-10-01 20:54:07.870 [OUT] 0135 inv=FFF7 len=12 #3 f7ff3501dcfaa32b5e805b64
2026-10-01 20:54:07.948 [OP] 42E5 inv=FFE5 len=26 #2 7a64510b20faa32bca0c3cc8065c59cc859a0d869887050bdcfa
2026-10-01 20:54:08.053 [OP] 42A7 inv=FEE6 len=281 #1 677a7f5100dcfaa3cdfc289f102b2ee05931bb3c475f167efcbea082c53cd96af1a8075fb5f68057289f1018fcbeca31732b8ef95ca80749ec8260c643dcf129882c60d138944e4d4a40ffd7446abbd8ec77299b246a3e6a37c643c6a58375ae5b38006231f44a56dad73e3838b731f924ff76645b1e242043c64c5f766482a024a3bf3d248376643ed5242b31c34c4687f4773c002b79f935a87664903cfe94
2026-10-01 20:54:08.053 [OP] 42A7 inv=FEE6 len=281 #2 677a7f51bcdcfaa31831d3c20133340c33509e31d3c2019ff0dcfaa32b1f805b64510bdcfaa32b31d35b64510bdcfa04181f805bfc250befa9a32b1f805b642564dcfa04e91f80c201510bcdfaa32b88805b64510bdcfa8b311f80acfb510bdcfc0418277e5b643334dcfa04e91f7e3efc251939fc10e972c15b649f0b39fc102b1f805bfc25190c33a32b1f803efc5119cd8aa32b272bc2ca510bdcfc042b27
2026-10-01 20:54:08.053 [OP] 42A7 inv=FEE6 len=281 #3 677a7f5133dcfaa30062832e058960677f329cdb9ec3538975ceec388294473d4c8260db9048cd942cc35c18755f8f4841572cc35ce656491792383c90db81a552159d31b04f615f1652cb155a4e470b8fdb81a5cb210cf6fe65d97bdd8352155aeb410bd9325382875f5a4e47d88f7e86e675155ab82442836addf65315251ce2c88f6a3cf475f477236f65796a5c8375495b596f5d793b2b526ae0252924c8
2026-10-01 20:54:08.053 [OP] 42E5 inv=FFE5 len=26 #3 7a64510b20faa32bca0c3cc8065c59cc859a0d869887050bdcfa
2026-10-01 20:54:08.053 [OP] 42E5 inv=FFE5 len=26 #4 7a64510b20faa32bca0c3cc8065c59cc859a0d869887050bdcfa
2026-10-01 20:54:08.053 [OP] 42E5 inv=FFE5 len=26 #5 7a64510b20faa32bca0c3cc8065c59cc859a0d869887050bdcfa
2026-10-01 20:54:18.881 [OUT] 0135 inv=FFF7 len=12 #4 f7ff3501dcfaa32b72805b64
2026-10-01 20:54:18.976 [OP] 42A7 inv=FEE6 len=281 #4 677a7f5134dcfaa31831d3c20133340c33509e31d3c2019ff0dcfaa32b1f805b64510bdcfaa32b31d35bfb9f1939fc102b1f805b64510befa9a3181f803efc250bdcfaa32b1f80c2015119dcfa10e91f805bfc510bdcfa8b311f2b3efc250bdcfa04181f805b643334dcfc10e9882b3efc9f0bdcfaa32b72c15bfc9f0bdcfc10e91f80ac64510b0c33a32b1f805bfc2564cd8aa32b278063ca510bdcfa04181f
2026-10-01 20:54:32.345 [OUT] 0135 inv=FFF7 len=12 #5 f7ff3501dcfaa32ba8805b64
2026-10-01 20:54:32.399 [OP] 42A7 inv=FEE6 len=281 #5 677a7f5181dcfaa361b527e02ed740b6646c61b527e02ed740b6c9c1c15f9afa0ee2ccc000c161b527fa5d8cd6fcc93ad2a2d0fac0d50bb6649bbf2cb677218c8fd585c112a213e02ed5a312ff44ad2abfd2f0c675dc006c6171d0c53ec70fb3e667d1a8bf0b5dd7403819d1562ca67ef3faaa32789bd2b5275bc06d62bc213afeb98277178cd6b664a32457314e131fe307213a56017de02e518c588244d1b7
2026-10-01 20:54:44.337 [SYS] #ff0000#您已进入野外区域，可能遭遇玩家间的自由对战，请注意安全！#ffffff#
2026-10-01 20:55:18.521 [OP] 40A1 inv=FFEB len=20 #1 510bdcfa7ec71f809464510bb22202cef6ce7c6f
2026-10-01 20:55:20.725 [OP] 40A1 inv=FFEB len=20 #2 510bdcfa7ec71f809464510bb22202cef6ce7c6f
2026-10-01 20:55:22.974 [OP] 40A1 inv=FFEB len=20 #3 510bdcfa7ec71f809464510bb22202cef6ce7c6f
2026-10-01 20:55:28.288 [OP] 40A1 inv=FFEB len=20 #4 510bdcfa9e7d1f809464510b0122ab6f30ce7ddd
2026-10-01 20:55:38.318 [SYS] 物品栏满
2026-10-01 20:55:42.475 [SYS] #ff0000#您已进入野外区域，可能遭遇玩家间的自由对战，请注意安全！#ffffff#
2026-10-01 20:55:58.972 [OP] 40A1 inv=FFEB len=20 #5 510bdcfaff5d1f809464510bdc5bcadecb4fad26
2026-10-01 20:56:20.732 [SYS] 物品栏满
2026-10-01 20:56:57.020 [SYS] 物品栏满
2026-10-01 20:57:18.099 [SYS] 物品栏满
2026-10-01 20:57:27.288 [OP] 4708 inv=FFF3 len=12 #1 3ccdfc0bb6c2392b0f805b64
2026-10-01 20:57:45.291 [SYS] 物品栏满
2026-10-01 20:58:18.341 [SYS] 物品栏满
2026-10-01 20:58:23.999 [SYS] #00FF00#1#00FFFF#分钟后逍遥村周围将掉落20个宝箱，捡取可获得意外惊喜喔！#FFFFFF#
2026-10-01 20:58:23.999 [SYS] #00FFFF#10位玉女携带礼物参加国庆活动，#00FF00#5#00FFFF#分钟后将出现在夕阳草原，请各位冒险者前去保护她们免受BOSS骚扰#FF0000#（BOSS有一定几率携带稀有宝宝）。#FFFFFF#
2026-10-01 20:58:34.494 [SYS] 物品栏满
2026-10-01 20:59:07.910 [SYS] #ff0000#您已进入野外区域，可能遭遇玩家间的自由对战，请注意安全！#ffffff#
2026-10-01 20:59:33.006 [SYS] 物品栏满
2026-10-01 21:00:00.143 [SYS] #00FFFF#国庆节特别活动“红旗飘飘贺国庆”#00FF00#正式开启#00FFFF#，冒险者可以在逍遥西的#FF0000#大冒险活动官#00FFFF#处参加活动，收集喜庆用品装饰旗台，赢取丰富的属性及道具奖励，幸运的冒险者还将得到#FF0000#稀有奖励#FFFFFF#！
2026-10-01 21:00:29.955 [SYS] 物品栏满
2026-10-01 21:00:35.206 [SYS] #ff0000#您已进入野外区域，可能遭遇玩家间的自由对战，请注意安全！#ffffff#
2026-10-01 21:00:46.946 [SYS] #ff0000#您已进入野外区域，可能遭遇玩家间的自由对战，请注意安全！#ffffff#
2026-10-01 21:01:23.905 [SYS] #00FFFF#10位玉女携带礼物参加国庆活动，#00FF00#2#00FFFF#分钟后将出现在夕阳草原，请各位冒险者前去保护她们免受BOSS骚扰#FF0000#（BOSS有一定几率携带稀有宝宝）。#FFFFFF#
2026-10-01 21:01:24.443 [SYS] 物品栏满
2026-10-01 21:01:37.499 [SYS] #00FF00#1#00FFFF#分钟后逍遥村周围将掉落20个宝箱，捡取可获得意外惊喜喔！#FFFFFF#
2026-10-01 21:01:47.221 [SYS] 物品栏满
2026-10-01 21:02:23.920 [SYS] #00FFFF#10位玉女携带礼物参加国庆活动，#00FF00#1#00FFFF#分钟后将出现在夕阳草原，请各位冒险者前去保护她们免受BOSS骚扰#FF0000#（BOSS有一定几率携带稀有宝宝）。#FFFFFF#
2026-10-01 21:03:23.913 [SYS] #00FFFF#10位玉女携带礼物参加国庆活动，已经出现在夕阳草原，请各位冒险者前去保护她们免受BOSS骚扰（BOSS有一定几率携带稀有宝宝）。#FFFFFF#
2026-10-01 21:03:39.521 [SYS] #00FF00#1#00FFFF#分钟后逍遥村周围将掉落20个宝箱，捡取可获得意外惊喜喔！#FFFFFF#
2026-10-01 21:04:27.717 [SYS] #FFF692#恭喜#FF8CF8#Nnnnnn1#FFF692#在#00C8F8#国庆福袋#FFF692#中获得了#64FF7D#摄魂铃铛
2026-10-01 21:04:29.102 [SYS] #FFF692#恭喜#FF8CF8#Nnnnnn1#FFF692#在#00C8F8#国庆福袋#FFF692#中获得了#64FF7D#古老的袖里剑
2026-10-01 21:04:34.363 [SYS] #FFF692#恭喜#FF8CF8#Nnnnnn1#FFF692#在#00C8F8#国庆福袋#FFF692#中获得了#64FF7D#宠物印记
2026-10-01 21:05:48.190 [SYS] 物品栏满
2026-10-01 21:05:48.279 [OP] 4707 inv=FFF3 len=12 #1 8a5dad80c6ecfc0b17faa32b
2026-10-01 21:05:59.552 [SYS] #FFF692#恭喜#FF8CF8#Nnnnnn1#FFF692#在#00C8F8#国庆福袋#FFF692#中获得了#64FF7D#宠物印记
2026-10-01 21:06:00.373 [SYS] #FFF692#恭喜#FF8CF8#Nnnnnn1#FFF692#在#00C8F8#国庆福袋#FFF692#中获得了#64FF7D#魔法命运骰子
2026-10-01 21:08:57.746 [SYS] 物品栏满
2026-10-01 21:09:28.439 [SYS] 物品栏满
2026-10-01 21:09:58.049 [SYS] #00FF00#1#00FFFF#分钟后逍遥村周围将掉落20个宝箱，捡取可获得意外惊喜喔！#FFFFFF#
2026-10-01 21:12:02.871 [OP] 46E0 inv=FDF7 len=520 #1 a0ecfc0b6ffaa32bb507c464580bdcfab8191f806d8c8cd09a5b7d351f804864510bdcfaa188ec8ce98c8cd0815b7d3582305cdd510bdcfaa6bc5fce09a457ec030f576f07a6667f2525bac4a188ec8c1c64510bfdcfc9ce29ccdfdfd35cdb7fb1981aef9564510b155a4e78063f667fced62dc44e78c8d9428a8cd0489bc453885f8a05db434caeb1981aef7860daec90faa32b8a805b64580bdcfaf82b1f8b
2026-10-01 21:13:10.721 [SYS] #00FF00#1#00FFFF#分钟后逍遥村周围将掉落20个宝箱，捡取可获得意外惊喜喔！#FFFFFF#
2026-10-01 21:13:25.635 [SYS] #ff0000#您已进入野外区域，可能遭遇玩家间的自由对战，请注意安全！#ffffff#
2026-10-01 21:13:51.965 [OP] 40A2 inv=FFF3 len=12 #1 dcfaa32bca805b6483f8dcfa
2026-10-01 21:14:07.214 [OP] 40A2 inv=FFF3 len=12 #2 dcfaa32bca805b64fdf8dcfa
2026-10-01 21:14:17.627 [SYS] #FFF692#交纳传送费用#00CCFF#1810#FFF692#金币！
2026-10-01 21:14:17.712 [CURRENCY] a=201785 b=96946
2026-10-01 21:14:21.609 [SYS] #FFF692#交纳传送费用#00CCFF#1370#FFF692#金币！
2026-10-01 21:14:21.700 [CURRENCY] a=201785 b=97386
2026-10-01 21:14:41.726 [OUT] 0178 inv=FFFB len=8 #1 fbff7801f18fcb4f
2026-10-01 21:14:41.807 [OP] 404D inv=FE3B len=452 #1 8a5dad801964580b5f0fa32bca809564b70b8bfab5ed1f80ec64d60bdcfaf82bb7755b64580b6ffa0d2b598024b0510be2fa5b2bca8095648d39dcfaf82bca802364580baff0a32bd680ec640e0b6ffa04941f809564580b52fa982b59af5b64580b6ffafd2b80809071510b6ffaf82b258095646198dcfaf82bca800d64580b26c0a32bca8095640b0b6ffaaa651f809564580b2cfaf82b338d5b64580b6ffa
2026-10-01 21:14:41.818 [OUT] 0045 inv=FFF7 len=12 #1 f7ff4500510bdcfaaa2b1f80
2026-10-01 21:14:41.818 [OUT] 0045 inv=FFF7 len=12 #2 f7ff4500510bdcfaa32b1f80
2026-10-01 21:14:41.819 [OUT] 0045 inv=FFF7 len=12 #3 f7ff4500510bdcfa0d2b1f80
2026-10-01 21:14:41.819 [OUT] 0045 inv=FFF7 len=12 #4 f7ff4500510bdcfaf82b1f80
2026-10-01 21:14:41.819 [OUT] 0045 inv=FFF7 len=12 #5 f7ff4500510bdcfa872b1f80
2026-10-01 21:14:41.906 [OP] 4025 inv=FFF5 len=10 #1 aa533832c4df51ece2fa
2026-10-01 21:14:42.011 [OP] 4025 inv=FFD3 len=44 #2 51d5b2f0462bca725bdc7c7fdcc45b2bf6a040645861dc1031931faaec6462c48ffaf82c1faec46f51ece2fa
2026-10-01 21:14:42.011 [OP] 4025 inv=FFF5 len=10 #3 0d533832c4df51ece2fa
2026-10-01 21:14:42.012 [OP] 4025 inv=FFEF len=16 #4 95f8628b52faf82c1faebacd51ece2fa
2026-10-01 21:14:42.012 [OP] 4025 inv=FFF5 len=10 #5 87533832c4df51ece2fa
2026-10-01 21:14:59.528 [SYS] #ff0000#您已进入野外区域，可能遭遇玩家间的自由对战，请注意安全！#ffffff#
2026-10-01 21:15:19.006 [OP] 4705 inv=FFB8 len=71 #1 677a7f5140a722a33767ce5b88fc0bdcfaa32b1fb2c464510bdcfaa3e5ca805b64510bdc1cf82b1f805b645131dcfaa3141f805b54518507d90e6c9f805b64510bdcfaa32b1f80
2026-10-01 21:16:06.131 [OP] 4708 inv=FFF3 len=12 #2 e0cdfc0bd70e392b0f805b64
2026-10-01 21:16:46.262 [OP] 4708 inv=FFF3 len=12 #3 c6ecfc0be90e392b0f805b64
2026-10-01 21:16:52.621 [OUT] 0046 inv=FFF7 len=12 #1 f7ff4600a32b1f80c364510b
2026-10-01 21:16:52.674 [OP] 4026 inv=FFE7 len=24 #1 23de3832c4df51ece2fae80cca8095a2515054e8a353d680
2026-10-01 21:16:53.537 [OUT] 0178 inv=FFFB len=8 #2 fbff7801f18fcb4f
2026-10-01 21:16:54.254 [OUT] 0050 inv=FFF7 len=12 #1 f7ff5000a32b1f80dff8510b
2026-10-01 21:16:54.297 [OP] 4019 inv=FF47 len=184 #1 e90e392b24c75b6458b1dcfa702bb57e2cf9dd208df1f919b5e2bdfde12289fdd49ee97db43b5c6c9f1d049b89713ef2132e60596ce96cd5d2dee1c289fd4a646c4cd2e18822621885271e05f6b94d2a23f12bfa12ade9eab1abe1b433b391a606017659087443eb866b60708820dce7172bf7be35a053b92d3d5e20f76a6f975323373d588f3194066d064edcb5a3997380eaa0532337a24f28c57feae957c7
2026-10-01 21:16:55.179 [OUT] 0051 inv=FFF7 len=12 #1 f7ff51005b64510b90faa32b
2026-10-01 21:16:55.231 [OP] 40C0 inv=FFF5 len=10 #1 8a5dad80dff8580b6ff4
2026-10-01 21:17:02.170 [OUT] 0055 inv=FFCD len=54 #1 cdff550088b6715b24c75b647cecdcfa0d9374c773df9decf5e89893d5c730dfc2ec75c48fdef2aa19f8edec1f126153caaa94df51ec
2026-10-01 21:17:02.243 [OP] 40C1 inv=FFF2 len=13 #1 db67ce5b64510bdcfaa32b1f80
2026-10-01 21:17:02.332 [CURRENCY] a=201785 b=103481
2026-10-01 21:17:02.332 [OP] 4020 inv=FFE7 len=24 #1 e38052fa672bca809426510b155a4e78e5b1e660150bdcfa
2026-10-01 21:17:02.332 [OP] 4020 inv=FFE7 len=24 #2 e38052fa672bca809426510b155a4e78e5b1e6607d0bdcfa
2026-10-01 21:17:02.332 [OP] 4020 inv=FFE7 len=24 #3 e38052fa672bca809426510b155a4e78e5b1e660ec0bdcfa
2026-10-01 21:17:02.333 [OP] 4020 inv=FFE7 len=24 #4 e38052fa672bca809426510b155a4e78e5b1e6609d0bdcfa
2026-10-01 21:17:02.333 [OP] 4020 inv=FFE7 len=24 #5 e38052fa672bca809426510b155a4e78e5b1e660c10bdcfa
2026-10-01 21:17:03.744 [OUT] 0178 inv=FFFB len=8 #3 fbff7801f18fcb4f
2026-10-01 21:17:03.909 [OP] 404D inv=FECB len=308 #2 a0ecfc0b34faf82b54765b64580b6ffa392bca803e20510b6ffaf82b1f805e64e91ddcfaf82bca801c640b0b902fa32bca809564580b6dfafdb01f809564580b8ffadb2bfd605b64580b6ffadb2bca80fbb6510b6ffaf82ba58095647edbdcfaf82bca80c364580b8c21a32bca809564e60b6ffa0f381f809564580bfafaf82bf58a5b64580b6ffab42bca80e5f0510b6ffaf82b848095646f89dcfaf82bca80
2026-10-01 21:17:07.159 [OUT] 0048 inv=FFF7 len=12 #1 f7ff4800dcfaa32b1f805e64
2026-10-01 21:17:07.217 [OP] 4721 inv=FFF7 len=8 #1 e90e392b1f805e64
2026-10-01 21:17:10.074 [OUT] 0048 inv=FFF7 len=12 #2 f7ff4800dcfaa32b1faa5e64
2026-10-01 21:17:10.126 [OP] 4721 inv=FFF7 len=8 #2 e90e392b1faa5e64
2026-10-01 21:17:11.643 [OUT] 0048 inv=FFF7 len=12 #3 f7ff48005ec4a32b1fc79564
2026-10-01 21:17:11.731 [OP] 4721 inv=FFF7 len=8 #3 e90e392b1fc79564
2026-10-01 21:17:13.778 [OUT] 004A inv=FFF6 len=13 #1 f6ff4a0006c4bf18b4b4de1f79
2026-10-01 21:17:13.832 [OP] 40EB inv=FFE7 len=24 #1 e90e392bb907c464090bdcc6a32b1f809564510b0dc0a32b
2026-10-01 21:17:16.880 [OUT] 0178 inv=FFFB len=8 #4 fbff7801f18fcb4f
2026-10-01 21:17:16.940 [OP] 404D inv=FEFB len=260 #3 2e87c464080bdcfa2ed31f809564580b52faf82b54765b64580b6ffaa32bca8046f0510b6ffaf82b9d809564e91ddcfaf82bca8095640b0bc121a32bca809564fd0b6ffafdb01f809564580b90fadb2bf58a5b64580b6ffa202bca80e5f0510b6ffaf82bec8095646f89dcfaf82bca80dc64580bea21a32bca809564af0b6ffa074e1f809564580b66faf82b1b8a5b64580b6ffa232bca804598510b6ffaf82b
2026-10-01 21:17:18.628 [OUT] 0049 inv=FFEC len=23 #1 ecff49002b1f805b64510bdc5a4e78c8805b64510b8bc4
2026-10-01 21:17:18.683 [SYS] 获得了#00FF00#1#FFF692#块#64FF7D#(御)加钙地瓜
2026-10-01 21:17:18.782 [SYS] 获得了#00FF00#1#FFF692#瓶#64FF7D#(御)地沟果奶
2026-10-01 21:17:18.782 [SYS] 获得了#00FF00#1#FFF692#个#64FF7D#(御)通关钥匙
2026-10-01 21:17:18.782 [SYS] 获得了#00FF00#1#FFF692#辆#64FF7D#(御)香蕉车
2026-10-01 21:17:18.782 [SYS] 获得了#00FF00#10#FFF692#个#64FF7D#(御)冒险精气
2026-10-01 21:17:20.118 [OUT] 0049 inv=FFEC len=23 #2 ecff49002b1f805b64510bdc5a4e78c8805b64510b8fc4
2026-10-01 21:17:20.176 [SYS] 获得了#00FF00#1#FFF692#顶#64FF7D#专注头罩
2026-10-01 21:17:20.276 [SYS] 获得了#00FF00#1#FFF692#个#64FF7D#(御)小肉林
2026-10-01 21:17:20.276 [SYS] 获得了#00FF00#1#FFF692#个#64FF7D#(御)小酒池
2026-10-01 21:17:20.276 [SYS] 获得了#00FF00#3#FFF692#张#64FF7D#(御)温泉消费券
2026-10-01 21:17:20.277 [SYS] 获得了#00FF00#10#FFF692#个#64FF7D#(御)冒险精气
2026-10-01 21:17:21.830 [OUT] 0049 inv=FFEC len=23 #3 ecff49002b1f805b64510bdc5a4e78c8805b64510be6c4
2026-10-01 21:17:21.875 [SYS] 获得了#00FF00#1#FFF692#把#64FF7D#酷·乱入鸡腿棒
2026-10-01 21:17:21.972 [SYS] 获得了#00FF00#1#FFF692#份#64FF7D#(御)黄金搭挡
2026-10-01 21:17:21.972 [SYS] 获得了#00FF00#10#FFF692#个#64FF7D#(御)冒险精气
2026-10-01 21:17:23.335 [OUT] 0049 inv=FFEC len=23 #4 ecff49002b1f805b64510bdc5a4e78c8805b64510b6ac4
2026-10-01 21:17:23.387 [SYS] 获得了#00FF00#1#FFF692#顶#64FF7D#疾风头罩
2026-10-01 21:17:23.472 [SYS] 获得了#00FF00#1#FFF692#份#64FF7D#(御)心灵鸡汤
2026-10-01 21:17:23.472 [SYS] 获得了#00FF00#1#FFF692#份#64FF7D#(御)希望饲料
2026-10-01 21:17:23.472 [SYS] 获得了#00FF00#1#FFF692#颗#64FF7D#(御)幸运丸
2026-10-01 21:17:23.474 [SYS] 获得了#00FF00#10#FFF692#个#64FF7D#(御)冒险精气
2026-10-01 21:17:24.951 [OUT] 0049 inv=FFEC len=23 #5 ecff49002b1f805b64510bdc5a4e78c8805b64510b36c4
2026-10-01 21:17:25.004 [SYS] 获得了#00FF00#1#FFF692#张#64FF7D#酷·幻觉战弓
2026-10-01 21:17:25.103 [SYS] 获得了#00FF00#1#FFF692#张#64FF7D#(御)囧盒仔
2026-10-01 21:17:25.104 [SYS] 获得了#00FF00#10#FFF692#个#64FF7D#(御)冒险精气
2026-10-01 21:17:25.104 [SYS] 获得了#00FF00#1#FFF692#个#64FF7D#(御)宠物装备激活器
2026-10-01 21:17:25.995 [OUT] 0047 inv=FFF3 len=16 #1 f3ff4700f154e1ce5bdf510bc45a4e78
2026-10-01 21:17:26.103 [OP] 404C inv=FFDF len=32 #1 a0ecfc0b6fc4462bc8d97b81510bdcfa222b1f80ac3e510b6ffaf82b3c809564
2026-10-01 21:17:26.980 [OUT] 017B inv=FFFB len=8 #1 fbff7b011f805b64
2026-10-01 21:17:27.172 [OP] 47AA inv=FFFB len=4 #1 8a5dad80
2026-10-01 21:17:27.172 [OP] 401E inv=FFAD len=82 #1 8a5dad80a0ecfc0b52faa32b1f805b64e690dcfa4e78c8d97b81a5522a9ea32bc8d97b81a552155a1c461f80a69a510b8631a32b88765b64a552155a4e78c8d97b81a552dcfaa32b1f805b64510bdcfaa32b
2026-10-01 21:17:27.928 [OUT] 0178 inv=FFFB len=8 #5 fbff7801f18fcb4f
2026-10-01 21:17:28.077 [OP] 404D inv=FEB3 len=332 #4 8a5dad807364510b4ac0a32bca809564fd0b6ffa48f21f80ec64d60bdcfaf82b338d5b64580b6ffa232ba5803893510bb2fae82bca8095648cdbdcfaf82bca804064580b0a8aa32bd680ec640e0b6ffafdb01f809564580b36fa392b19af5b64690b2afa392bca80323e510b6ffaf82b9d809564d039dcfaf82bca807a64580b45d2a32bca8095647c0b6ffa46b01f809564580bfafaf82b1d305b64580b6ffa
2026-10-01 21:17:28.510 [OUT] 0046 inv=FFF7 len=12 #2 f7ff4600a32b1f805b64510b
2026-10-01 21:17:28.579 [OP] 4026 inv=FFE7 len=24 #2 a3de3832c4df51ece2fae80cca8095a251505422a353d680
2026-10-01 21:17:29.146 [OUT] 0047 inv=FFF3 len=16 #2 f3ff4700f154e1ce5bdf510bdc5a4e78
2026-10-01 21:17:29.344 [OP] 4027 inv=FFF5 len=10 #1 e90e392b1faa5b64510b
2026-10-01 21:17:29.344 [OP] 401E inv=FFAD len=82 #2 8a5dad80a0ecfc0b52faa32b1f805b64c492dcfa4e78c8d97b81a5522a9ea32bc8d97b81a552155a1c461f80a69a510b8631a32b88765b64a552155a4e78c8d97b81a552dcfaa32b1f805b64510bdcfaa32b
2026-10-01 21:17:29.344 [OP] 4026 inv=FFBD len=66 #3 dcca3b0ff3b50edfd60b8dd3b42bca725b8ded80dcc45b2bf66d7a645861dc10876f1faaec6462cd75faf82c1fae6eec51ece2fae8ceec8095a251506f25a353d680
2026-10-01 21:17:29.713 [OUT] 0047 inv=FFF3 len=16 #3 f3ff4700f154e1ce5bdf510b6f5a4e78
2026-10-01 21:17:29.818 [OP] 4027 inv=FFF5 len=10 #2 e90e392b1faa5b64580b
2026-10-01 21:17:29.818 [OP] 401E inv=FFAD len=82 #3 8a5dad80a0ecfc0b52faa32b1f805b64ca92dcfa4e78c8d97b81a5522a9ea32bc8d97b81a552155a1c461f80a69a510b8631a32b88765b64a552155a4e78c8d97b81a552dcfaa32b1f805b64510bdcfaa32b
2026-10-01 21:17:29.818 [OP] 4026 inv=FFBD len=66 #4 dcca3b0f2db50edfd60b8dd3b42bca725b8ded8bdcc45b2bf66ddf645861dc1087321faaec6462cd43faf82c1fae6e7751ece2fae8cefd8095a251506fdca353d680
2026-10-01 21:17:32.312 [OUT] 0047 inv=FFF3 len=16 #4 f3ff4700f154e1ce5bdf510b525a4e78
2026-10-01 21:17:32.420 [OP] 4720 inv=FFF3 len=12 #1 8a5dad805bdf510b52e8f82b
2026-10-01 21:17:32.420 [OP] 401E inv=FFAD len=82 #4 8a5dad80a0ecfc0b52faa32b1f805b64ca92dcfa4e78c8d95255510b2a9ea32bc8d97b81a552155a1c461f80a69a510b8631a32b88765b64a552155a4e78c8d97b81a552dcfaa32b1f805b64510bdcfaa32b
2026-10-01 21:17:32.420 [OP] 4026 inv=FFCE len=49 #5 f80b5016e805a5b2bd5bdfd60b980b1fc41faaec6462f76ffaf82c1faec11151ece2fae824848095a251506f9fa353d680
2026-10-01 21:17:33.268 [SYS] #FFF692#恭喜#FF8CF8#白酒啤酒#FFF692#打造出#64FF7D#+10#FFF692#装备
2026-10-01 21:17:34.084 [OUT] 0046 inv=FFF7 len=12 #3 f7ff4600a32b1f80dc64510b
2026-10-01 21:17:34.434 [OUT] 0046 inv=FFF7 len=12 #4 f7ff4600a32b1f80c464510b
2026-10-01 21:17:34.455 [OP] 42CF inv=FFE3 len=28 #1 a0ecfc0b1922a32b1f805b64510bdcfaf8771f805b64510bdcfaa32b
2026-10-01 21:17:34.455 [OP] 42CF inv=FFE3 len=28 #2 a0ecfc0b1922a32b1f805b64510bdcfaf8771f805b64510bdcfaa32b
2026-10-01 21:17:35.513 [OP] 42CF inv=FFE3 len=28 #3 a0ecfc0bd622a32b1f805b64510bdcfab10d1f805b64510bdcfaa32b
2026-10-01 21:17:35.513 [OP] 42CF inv=FFE3 len=28 #4 a0ecfc0bd622a32b1f805b64510bdcfab10d1f805b64510bdcfaa32b
2026-10-01 21:17:36.423 [OP] 404D inv=FEBF len=320 #5 2e87c4647d0b6ffa572a1f80de64d60b6ffaf82b65ad5b64d60be2faa32bca808de7510b6ffaf82b9d804064badbdcfaf82bca80c464580be60da32bca809564830b6ffa23b01f809564580b36faf82b9dec5b64580b6ffa462bad804947510b6ffaf82b3c809564fd88dcfaf82bca804064580b680da32bca809564af0b6ffabd801f809564580b66faf82ba1525b64580b6ffab72bca80647b510b6ffaf82b
2026-10-01 21:17:39.823 [OP] 4230 inv=FF1F len=224 #1 2e87c4649475dcfaa32b1f805b64510b8dc4a32b49875b64510bdcfa8f2b1f805b64510b00faa32b1f805b64390bdcfaa32b1f803964510bdcfaa32b1f805b64510bdcfaa32b1f805b64510b07faa32bb2ce5b645ed5dcfaf82b1f800d64510b36faa32bf3805b642d0bdcfa202b1f805b64510bdcfaa32b1f805b64510bdcfaa32b1f805b64510bdcfaa32b59805b64fc0bdcfa202b1f800d64510b8ffaa32b
2026-10-01 21:17:39.913 [OP] 4722 inv=FFEC len=19 #1 db67ce5b9c23d0dc5a4e78c80af664510b02c4
2026-10-01 21:17:43.046 [OUT] 0022 inv=FFD9 len=42 #1 d9ff2200fd46c19ff85327bee8a9bc01c6aef853a5277fd958ec6fe0a60484aa95df0ba4059ff853ca4f
2026-10-01 21:17:43.088 [OP] 4610 inv=FFFE len=1 #1 55
2026-10-01 21:17:44.046 [OUT] 0022 inv=FFD9 len=42 #2 d9ff2200fd46c19ff85330c3ad37bc01c6aef8547e277fd958ec55eaa60484aa95f5e7a4059ff853ce65
2026-10-01 21:17:44.065 [OUT] 0050 inv=FFF7 len=12 #2 f7ff5000a32b1f80dff8510b
2026-10-01 21:17:44.089 [OP] 4610 inv=FFFE len=1 #2 21
2026-10-01 21:17:44.170 [OP] 40EB inv=FFE7 len=24 #2 e90e392bb907c464090bdcc6a32b1f809564510b0dc0a32b
2026-10-01 21:17:45.400 [OUT] 0022 inv=FFD9 len=42 #3 d9ff2200fd46c19fdb53b9126308bc01c6c4f84aca277fd958ec8bc4a60484aa952658a4059ff8539daa
2026-10-01 21:17:45.416 [OUT] 0022 inv=FFD9 len=42 #4 d9ff2200fd46c19f39534b12af08bc01c6c4f84aad277fd958ec36aea60484aa95ddfda4059ff853ecef
2026-10-01 21:17:45.442 [OP] 4610 inv=FFFE len=1 #3 b0
2026-10-01 21:17:45.485 [OP] 4610 inv=FFFE len=1 #4 9a
2026-10-01 21:17:46.405 [OUT] 0022 inv=FFD3 len=48 #5 d3ff220046362fca0ddf9b7f9425168384aa95ad4b40059ff853d9aa2edf557cc6c4f8daca4d95e58ffd6fc41f531eaa
2026-10-01 21:17:46.499 [OP] 4610 inv=FFFE len=1 #5 77
2026-10-01 21:17:46.582 [OP] 40EB inv=FFE7 len=24 #3 e90e392bb907c464090bdcc6a32b1f809564510b0dc0a32b
2026-10-01 21:17:48.817 [OUT] 0050 inv=FFF7 len=12 #3 f7ff5000a32b1f80dff8510b
2026-10-01 21:17:48.866 [OP] 4019 inv=FF47 len=184 #2 e90e392b24c75b6458b1dcfa702bb57e2cf9dd208df1f919b5e2bdfde12289fdd49ee97db43b5c6c9f1d049b89713ef2132e60596ce96cd5d2dee1c289fd4a646c4cd2e18822621885271e05f6b94d2a23f12bfa12ade9eab1abe1b433b391a606017659087443eb866b60708820dcfa172bf7be35a053b92d3d5e20f76a6f975323373d588f3194066d064edcc2392b7380eaa0532337a24f28c57feae957c7
2026-10-01 21:17:50.920 [OUT] 0051 inv=FFF7 len=12 #2 f7ff51005b64510b90faa32b
2026-10-01 21:17:50.965 [OP] 40C0 inv=FFF5 len=10 #2 8a5dad800d64580b7d2e
2026-10-01 21:18:01.170 [OUT] 0055 inv=FFE7 len=28 #2 e7ff55003fac5d95bae8a32ba5aa5b6458ecdcc4db5367799b26397f
2026-10-01 21:18:01.224 [OP] 40C1 inv=FFF2 len=13 #2 db67ce5b64510bdcfaa32b1f80
2026-10-01 21:18:01.323 [CURRENCY] a=201785 b=107447
2026-10-01 21:18:29.187 [OUT] 0050 inv=FFF7 len=12 #4 f7ff5000a32b1f8051f8510b
2026-10-01 21:18:29.234 [OP] 4019 inv=FF6F len=144 #3 e90e392b63c75b6458d0dcfa1b2b97f5db2289f961fe3b9d360f3c6b135cd897f919360c8bfc5b83a804653c6c1d637b4d4628b109c6ff71b242766c5b18dc6e27042de65b9c6201046e6c1d76dae1365b186ce911b1988855de28ed1679727d84698820dcfaa32b7380eaa0532337a24f28c57feae957c737e3da28961154f9bc05b600a3931f800d6417ad181ea32b
2026-10-01 21:18:30.009 [OUT] 0051 inv=FFF7 len=12 #3 f7ff51005b64510b6ffaa32b
2026-10-01 21:18:30.058 [OP] 4019 inv=FE6B len=404 #4 8a5dad8051f8510b6faea32be180418787145ab7a14ba7d0f6b91d0177b332e7827b244433d25b186ce9325f3e3587c828ed4a1c95b1bde32e2baae663236cd563ccb1647db7f1bc313c60a4882228eddc6e2704f369b31828dd338ee971bde60c5e70a1b6c0c337befb29487d1d5e28e26a35a057b9008043a135c2aafd7319f8d8507ae15e832ef7697c8001eb4b71f37b6f9c695933eb4b3c2e6d650a5fac
2026-10-01 21:18:32.752 [OUT] 0051 inv=FFF7 len=12 #4 f7ff51005b64510b8bfaa32b
2026-10-01 21:18:32.795 [SYS] #FFF692#交纳传送费用#00CCFF#50#FFF692#金币！
2026-10-01 21:18:32.900 [CURRENCY] a=201785 b=107397
2026-10-01 21:18:32.901 [OP] 4018 inv=FFF0 len=15 #2 677a7f511b3e22a35aad44956451c4
2026-10-01 21:18:41.869 [OUT] 0050 inv=FFF7 len=12 #5 f7ff5000a32b1f8079f8510b
2026-10-01 21:18:41.914 [OP] 4019 inv=FF07 len=248 #5 a0ecfc0b50e8a32bcace5b64820b74ac1de66cd5e66096cc5b1801830ead02d06c4e222d5002d399e0fbeea4cd591d204b1db446b1175a3b127fa7c88bff25e7038df148e948f6b9809baa97049b39f3e92d80caf01bb06e6c1d96c1e7a0ae5e01c6127e0691b12a9f3d4f6c1abe6fe9a6796246309cea162efb06850c1d180a1e27bc69e479c9032b6e39e46dea722ef0032b02ae4d4febf6a2dae9d68bd0cb
2026-10-01 21:18:43.057 [OUT] 0051 inv=FFF7 len=12 #5 f7ff51005b64510b6ffaa32b
2026-10-01 21:18:43.106 [SYS] #FFF692#交纳传送费用#00CCFF#50#FFF692#金币！
2026-10-01 21:18:43.202 [CURRENCY] a=201785 b=107347
2026-10-01 21:18:43.202 [OP] 4018 inv=FFF0 len=15 #3 677a7f511b3e22a3f0fdd51c645175
2026-10-01 21:18:50.570 [SYS] #FFF692#交纳传送费用#00CCFF#50#FFF692#金币！
2026-10-01 21:18:50.665 [CURRENCY] a=201785 b=107297
2026-10-01 21:18:50.665 [OP] 4018 inv=FFF0 len=15 #4 677a7f511b3e22a36d6dcf6b6451c4
2026-10-01 21:18:56.473 [OP] 40EB inv=FFE7 len=24 #4 e90e392bb907c464090bdcc6a32b1f809564510b0dc0a32b
2026-10-01 21:18:56.556 [SYS] #ff0000#您已进入野外区域，可能遭遇玩家间的自由对战，请注意安全！#ffffff#
2026-10-01 21:20:00.141 [SYS] #00FFFF#国庆节特别活动“红旗飘飘贺国庆”#00FF00#正式开启#00FFFF#，冒险者可以在逍遥西的#FF0000#大冒险活动官#00FFFF#处参加活动，收集喜庆用品装饰旗台，赢取丰富的属性及道具奖励，幸运的冒险者还将得到#FF0000#稀有奖励#FFFFFF#！
2026-10-01 21:20:39.403 [SYS] #ff0000#您已进入野外区域，可能遭遇玩家间的自由对战，请注意安全！#ffffff#
2026-10-01 21:20:39.403 [OP] 40EB inv=FFE7 len=24 #5 e90e392bb907c464090bdcc6a32b1f809564510b0dc0a32b
2026-10-01 21:22:54.141 [OP] 1014 inv=FFF2 len=13 #1 db67ce5b64510bdcfa5f2b1f80
2026-10-01 21:22:54.241 [OP] 40F4 inv=FFF2 len=13 #1 9c23d0dcfaa32b1f80ba64510b
2026-10-01 21:22:54.241 [SYS] 本地传送师已经认可你了，你可以从其他传送师那传送到这里！
2026-10-01 21:23:04.507 [OUT] 0035 inv=FFF7 len=12 #1 f7ff35001f805b64d7b252fa
2026-10-01 21:23:04.563 [OP] 4708 inv=FFF3 len=12 #4 a0ecfc0bb6c2392b0f805b64
2026-10-01 21:23:10.419 [SYS] #FFF692#交纳传送费用#00CCFF#690#FFF692#金币！
2026-10-01 21:23:10.522 [CURRENCY] a=201785 b=106607
2026-10-01 21:23:21.934 [SYS] #FFF692#交纳传送费用#00CCFF#1370#FFF692#金币！
2026-10-01 21:23:22.015 [CURRENCY] a=201785 b=105927
2026-10-01 21:23:33.662 [SYS] #FFF692#交纳传送费用#00CCFF#1810#FFF692#金币！
2026-10-01 21:23:33.741 [SYS] #ff0000#您已进入野外区域，可能遭遇玩家间的自由对战，请注意安全！#ffffff#
2026-10-01 21:23:33.741 [CURRENCY] a=201785 b=105487
2026-10-01 21:23:48.219 [OP] 40A2 inv=FFF3 len=12 #3 dcfaa32bca805b64fdf8dcfa
2026-10-01 21:23:52.822 [OP] 40A2 inv=FFF3 len=12 #4 dcfaa32bca805b640bf8dcfa
2026-10-01 21:24:14.153 [QUESTION] {"type":"question","sock":2556,"qno":9,"field_a":75,"stem":".丝绸摩擦过的玻璃棒带哪种电?","options":["1、闪电侠","2、静电","3、闪电箭","4、闪电风暴"]}
2026-10-01 21:24:15.157 [UI] auto dump on question qno=9
2026-10-01 21:24:15.157 [UI] ---- window dump begin (pid 25644) ----
2026-10-01 21:24:15.157 [UI] TOP=0003064C vis=1 cls=ATL:012FF210 rc=(887,118,1927,925) title=什么什么大冒险2(①逍遥村敬老院)-先驱02_Sep 24 2026《什么什么大冒险》制作委员会QQ群:515616289
2026-10-01 21:24:15.157 [UI] TOP=0003064E vis=0 cls=DIEmWin rc=(-1,-1,135,38) title=DIEmWin
2026-10-01 21:24:15.177 [UI] TOP=0003064A vis=0 cls=MSCTFIME UI rc=(0,0,0,0) title=MSCTFIME UI
2026-10-01 21:24:15.196 [UI] TOP=000A0D64 vis=0 cls=IME rc=(0,0,0,0) title=Default IME
2026-10-01 21:24:15.196 [UI] TOP=0006062E vis=0 cls=IME rc=(0,0,0,0) title=Default IME
2026-10-01 21:24:15.197 [UI] ---- window dump end ----
2026-10-01 21:24:15.241 [SEND-ANSWER] qno=9 opt=1 ret=13 sock=2556
2026-10-01 21:24:15.340 [SYS] 测试通过！
2026-10-01 21:24:15.426 [SYS] 获得了#00FF00#100#FFF692#金币
2026-10-01 21:24:15.426 [CURRENCY] a=201785 b=107397
2026-10-01 21:24:17.048 [UI] auto-closing quiz frame: qno=9 opt=1
2026-10-01 21:24:17.054 [UI] option 1 control NOT found — falling back to digit key
2026-10-01 21:24:19.050 [OUT] 1F04 inv=FFF6 len=13 #5 f6ff041fce1f805bf1510bdcc4
2026-10-01 21:25:17.777 [OP] 40A2 inv=FFF3 len=12 #5 dcfaa32bca805b64e6f8dcfa
2026-10-01 21:27:41.067 [SYS] #ff0000#您已进入野外区域，可能遭遇玩家间的自由对战，请注意安全！#ffffff#
2026-10-01 21:28:16.025 [OP] 46E0 inv=FDF7 len=520 #2 a0ecfc0b6ffaa32bb907c4640e0bdcfa0a121f803bc0510b375cf82bd62f88236ecb1ac0d6bbad8066b2c80bdcfa9d2b1adb956417edc3fa392b56cecb4e0b0bdcfa9d2bc0805b641d4ad499312b1f801c64b27541b7202b87564864ce8812ae3d46a680a3bfb8b1dc08a32bf10eeb23490bdcfa40308f790b47c80b6e109d2b6958d661ddcfc3fa6a9432ce428aeed0c6c4a3d9aaaf607f1d4ad4999ba86d80
2026-10-01 21:29:31.073 [SYS] #00FF00#1#00FFFF#分钟后逍遥村周围将掉落20个宝箱，捡取可获得意外惊喜喔！#FFFFFF#
2026-10-01 21:30:00.127 [SYS] #FF0000#世界BOSS#00FFFF#将于#FFFF00#10#00FFFF#分钟后开始，大家赶紧到#00c2ff#龙之都#00FFFF#找#ff8dff#老刘(3666,1959)#00FFFF#报名！
2026-10-01 21:30:19.047 [OP] 46E0 inv=FDF7 len=520 #3 a0ecfc0b6ffaa32bb507c464580bdcfab8191f809a47590bc6faa32b1f805b64b20bdcfa406d674f0b47c80b366f9d2b03e50326f2902ffaf35364800855bdb1dcfa9d2b042bfb261d4ad4999ba86d808c81a552e2c1751331b28823630bdcfab72b1f808a1cb8b18634db2b294a9464ce622ffab156d1805c64510b43faa32b9d805b64577566e01cb064801c56c80b3817c0c46f4ad5640a662ffa187fa112
2026-10-01 21:31:36.378 [OP] 46E0 inv=FDF7 len=520 #4 a0ecfc0b6ffaa32bc687c4640e0bdcfae2121f8097c0510b8bfaa32b032a7a6fb20bdcfa769e48ef728a76d09a5b7d351f804864510bdcfa269e48ef138a76d0815b7d35cdd3106f510bdcfadf0e40ce09a457ec1a3337ce37af247fbd8dbac4269e48ef5764510b3b80d7e8e8123b6f9b94dc225bb624aa86def9b138c5a3de1f805b6458b52222a32b1f80496f510b52faa32bca805b64410bdcfaa32b1fce
2026-10-01 21:31:36.379 [OP] 4235 inv=FFFA len=5 #3 db67ce5b64
2026-10-01 21:32:08.653 [OP] 4707 inv=FFF3 len=12 #2 8a5dad80a0ecfc0b17faa32b
2026-10-01 21:32:08.654 [SYS] #FFF000#您使用了幸运丸，经验没有被扣除。
2026-10-01 21:32:08.654 [SYS] #FFF000#您使用了心脏起搏器，并在原地复活。
2026-10-01 21:33:31.828 [OP] 4704 inv=FFDE len=33 #1 1b3e22a361f3ce5ba0510bdc4fa32b1f3cc83369938cfaa32b1f805b64510bdcfa
2026-10-01 21:33:32.878 [OUT] 0031 inv=FFCE len=53 #1 ceff31006451775264b4de1f4f5b6451b9dcfaa32b1f805b75510bdce8a32b1f805b64518507d90e6cac805b64510bdcfaa32b1f80
2026-10-01 21:34:25.511 [OP] 4114 inv=FFEF len=16 #1 2e87c4647b98dcfae2671f80c064510b
2026-10-01 21:34:25.511 [OP] 4114 inv=FFEF len=16 #2 2e87c4647b98dcfaad6b1f802764510b
2026-10-01 21:34:25.511 [OP] 4114 inv=FFEF len=16 #3 2e87c4647b98dcfa58f91f806ef8510b
2026-10-01 21:34:25.511 [OP] 4114 inv=FFEF len=16 #4 2e87c4647b98dcfae64a1f80a1f8510b
2026-10-01 21:35:00.326 [OP] 4707 inv=FFF3 len=12 #3 8a5dad80c6ecfc0b17faa32b
2026-10-01 21:35:00.328 [OP] 40E1 inv=FFED len=18 #1 a0ecfc0b6ffaf84aca809564580b6fc4f82b
2026-10-01 21:35:56.948 [OP] 4114 inv=FFEF len=16 #5 2e87c4647b98dcfa386f1f80c081a552
2026-10-01 21:38:41.748 [SYS] #00FF00#1#00FFFF#分钟后逍遥村周围将掉落20个宝箱，捡取可获得意外惊喜喔！#FFFFFF#
2026-10-01 21:38:45.864 [OP] 46E0 inv=FDF7 len=520 #5 a0ecfc0b6ffaa32b2e87c464580bdcfa7f4d1f80078e11b18bfaa32bca805b64438bc3fab5de1f805b64510b8bfaa32bc07d12d9d6648a2272a9f98b7ddcdbfd3608a32ba5455b64d6a8c099324459767274390b589e9d2b1f804864fc0b9822452ea5805b64a5528b1f312badc7d8080e0bdcfafd2b5980eb070b0b0efaa32bca805b64b27f03c2e54afb8cad0a590b196fa32b1ff65b641d4ad499232b1f80
2026-10-01 21:39:59.863 [SYS] #ff0000#您已进入野外区域，可能遭遇玩家间的自由对战，请注意安全！#ffffff#
2026-10-01 21:40:00.131 [SYS] #FF0000#世界BOSS#00FFFF#已经开始，请大家到相应的地图痛扁BOSS或到#00c2ff#龙之都#00FFFF#找#ff8dff#老刘(3666,1959)#00FFFF#报名！
2026-10-01 21:40:48.410 [SYS] #FFF692#交纳传送费用#00CCFF#1810#FFF692#金币！
2026-10-01 21:40:48.503 [CURRENCY] a=201785 b=105587
2026-10-01 21:40:55.300 [SYS] #FFF692#交纳传送费用#00CCFF#1370#FFF692#金币！
2026-10-01 21:40:55.358 [CURRENCY] a=201785 b=106027
2026-10-01 21:41:00.762 [SYS] #FFF692#交纳传送费用#00CCFF#690#FFF692#金币！
2026-10-01 21:41:00.900 [SYS] #ff0000#您已进入野外区域，可能遭遇玩家间的自由对战，请注意安全！#ffffff#
2026-10-01 21:41:00.931 [CURRENCY] a=201785 b=106707
2026-10-01 21:41:32.823 [SYS] #00FFFF#世界BOSS已被#00FF00#[URL]超级恶霸龟龟酱[/URL]#00FFFF#首杀，活动即将结束，感谢大家的参与，请大家30分钟后到#00c2ff#龙之都#00FFFF#找#ff8dff#老刘(3666,1959)#00FFFF#领取活动奖励！
2026-10-01 21:42:38.237 [OP] 4705 inv=FFB8 len=71 #2 677a7f5140a722a33767ce5b88fc0bdcfaa32b1fb2c464510bdcfaa3e5ca805b64510bdc1cf82b1f805b645131dcfaa3141f805b54518507d90e6c9f805b64510bdcfaa32b1f80
2026-10-01 21:42:42.507 [SYS] #ff0000#您已进入野外区域，可能遭遇玩家间的自由对战，请注意安全！#ffffff#
2026-10-01 21:45:26.022 [SYS] #00FF00#1#00FFFF#分钟后逍遥村周围将掉落20个宝箱，捡取可获得意外惊喜喔！#FFFFFF#
2026-10-01 21:50:00.134 [SYS] #00FFFF#国庆节特别活动“红旗飘飘贺国庆”将于#00FF00#10#00FFFF#分钟后结束，装饰国旗将在活动结束#00FF00#30#00FFFF#分钟后关闭。请冒险者抓紧时间喔！#FFFFFF#
2026-10-01 21:54:51.923 [SYS] #00FF00#1#00FFFF#分钟后逍遥村周围将掉落20个宝箱，捡取可获得意外惊喜喔！#FFFFFF#
2026-10-01 21:54:55.960 [SYS] #FFF692#恭喜#FF8CF8#全斗焕#FFF692#打造出#64FF7D#+10#FFF692#装备
2026-10-01 21:55:00.180 [SYS] #00FFFF#国庆节特别活动“红旗飘飘贺国庆”将于#00FF00#5#00FFFF#分钟后结束，装饰国旗将在活动结束#00FF00#30#00FFFF#分钟后关闭。请冒险者抓紧时间喔！#FFFFFF#
2026-10-01 21:57:40.728 [SYS] #FFF692#恭喜#FF8CF8#车圭宪#FFF692#打造出#64FF7D#+10#FFF692#装备
2026-10-01 21:57:42.515 [OP] 40EC inv=FFEF len=16 #1 8a5dad803ccdfc0bdffaa3ed1f805b64
2026-10-01 21:58:54.083 [SYS] #FFF692#恭喜#FF8CF8#俞学圣#FFF692#打造出#64FF7D#+10#FFF692#装备
2026-10-01 21:58:59.212 [SYS] #FFF692#恭喜#FF8CF8#俞学圣#FFF692#打造出#64FF7D#+10#FFF692#装备
2026-10-01 21:59:00.161 [SYS] #00FFFF#国庆节特别活动“红旗飘飘贺国庆”将于#00FF00#1#00FFFF#分钟后结束，装饰国旗将在活动结束#00FF00#30#00FFFF#分钟后关闭。请冒险者抓紧时间喔！#FFFFFF#
2026-10-01 22:00:00.124 [SYS] #00FFFF#国庆焰火晚会开始了，冒险者可到旗台处参与燃放烟花，幸运者还可能得到稀有奖励喔！装饰国旗以及燃放烟花将在#00FF00#30#00FFFF#分钟后关闭，请冒险者抓紧时间喔！#FFFFFF#
2026-10-01 22:00:03.761 [SYS] #FF8CF8#【Nnnnnn1】#00FFFF#放了一个大炮仗，在逍遥村东区周围炸出红星券，大家快来抢哟！
2026-10-01 22:00:04.428 [SYS] #FF8CF8#【Nnnnnn1】#00FFFF#放了一个大炮仗，在逍遥村东区周围炸出红星券，大家快来抢哟！
2026-10-01 22:00:05.172 [SYS] #FF8CF8#【Nnnnnn1】#00FFFF#放了一个大炮仗，在逍遥村东区周围炸出红星券，大家快来抢哟！
2026-10-01 22:00:05.816 [SYS] #FF8CF8#【Nnnnnn1】#00FFFF#放了一个大炮仗，在逍遥村东区周围炸出红星券，大家快来抢哟！
2026-10-01 22:00:06.442 [SYS] #FF8CF8#【Nnnnnn1】#00FFFF#放了一个大炮仗，在逍遥村东区周围炸出红星券，大家快来抢哟！
2026-10-01 22:00:07.160 [SYS] #FF8CF8#【Nnnnnn1】#00FFFF#放了一个大炮仗，在逍遥村东区周围炸出红星券，大家快来抢哟！
2026-10-01 22:00:07.983 [SYS] #FF8CF8#【Nnnnnn1】#00FFFF#放了一个大炮仗，在逍遥村东区周围炸出红星券，大家快来抢哟！
2026-10-01 22:00:08.504 [SYS] #FF8CF8#【Nnnnnn1】#00FFFF#放了一个大炮仗，在逍遥村东区周围炸出红星券，大家快来抢哟！
2026-10-01 22:00:09.313 [SYS] #FF8CF8#【Nnnnnn1】#00FFFF#放了一个大炮仗，在逍遥村东区周围炸出红星券，大家快来抢哟！
2026-10-01 22:00:09.776 [SYS] #FF8CF8#【Nnnnnn1】#00FFFF#放了一个大炮仗，在逍遥村东区周围炸出红星券，大家快来抢哟！
2026-10-01 22:00:10.505 [SYS] #FF8CF8#【Nnnnnn1】#00FFFF#放了一个大炮仗，在逍遥村东区周围炸出红星券，大家快来抢哟！
2026-10-01 22:00:11.220 [SYS] #FF8CF8#【Nnnnnn1】#00FFFF#放了一个大炮仗，在逍遥村东区周围炸出红星券，大家快来抢哟！
2026-10-01 22:00:11.836 [SYS] #FF8CF8#【Nnnnnn1】#00FFFF#放了一个大炮仗，在逍遥村东区周围炸出红星券，大家快来抢哟！
2026-10-01 22:00:12.546 [SYS] #FF8CF8#【Nnnnnn1】#00FFFF#放了一个大炮仗，在逍遥村东区周围炸出红星券，大家快来抢哟！
2026-10-01 22:00:13.254 [SYS] #FF8CF8#【Nnnnnn1】#00FFFF#放了一个大炮仗，在逍遥村东区周围炸出红星券，大家快来抢哟！
2026-10-01 22:00:13.851 [SYS] #00FF00#1#00FFFF#分钟后逍遥村周围将掉落20个宝箱，捡取可获得意外惊喜喔！#FFFFFF#
2026-10-01 22:00:13.948 [SYS] #FF8CF8#【Nnnnnn1】#00FFFF#放了一个大炮仗，在逍遥村东区周围炸出红星券，大家快来抢哟！
2026-10-01 22:00:14.480 [SYS] #FF8CF8#【Nnnnnn1】#00FFFF#放了一个大炮仗，在逍遥村东区周围炸出红星券，大家快来抢哟！
2026-10-01 22:00:15.321 [SYS] #FF8CF8#【Nnnnnn1】#00FFFF#放了一个大炮仗，在逍遥村东区周围炸出红星券，大家快来抢哟！
2026-10-01 22:00:15.856 [SYS] #FF8CF8#【Nnnnnn1】#00FFFF#放了一个大炮仗，在逍遥村东区周围炸出红星券，大家快来抢哟！
2026-10-01 22:00:16.535 [SYS] #FF8CF8#【Nnnnnn1】#00FFFF#放了一个大炮仗，在逍遥村东区周围炸出红星券，大家快来抢哟！
2026-10-01 22:00:17.203 [SYS] #FF8CF8#【Nnnnnn1】#00FFFF#放了一个大炮仗，在逍遥村东区周围炸出红星券，大家快来抢哟！
2026-10-01 22:00:17.876 [SYS] #FF8CF8#【Nnnnnn1】#00FFFF#放了一个大炮仗，在逍遥村东区周围炸出红星券，大家快来抢哟！
2026-10-01 22:00:18.529 [SYS] #FF8CF8#【Nnnnnn1】#00FFFF#放了一个大炮仗，在逍遥村东区周围炸出红星券，大家快来抢哟！
2026-10-01 22:00:19.152 [SYS] #FF8CF8#【Nnnnnn1】#00FFFF#放了一个大炮仗，在逍遥村东区周围炸出红星券，大家快来抢哟！
2026-10-01 22:00:19.815 [SYS] #FF8CF8#【Nnnnnn1】#00FFFF#放了一个大炮仗，在逍遥村东区周围炸出红星券，大家快来抢哟！
2026-10-01 22:00:20.556 [SYS] #FF8CF8#【Nnnnnn1】#00FFFF#放了一个大炮仗，在逍遥村东区周围炸出红星券，大家快来抢哟！
2026-10-01 22:00:21.328 [SYS] #FF8CF8#【Nnnnnn1】#00FFFF#放了一个大炮仗，在逍遥村东区周围炸出红星券，大家快来抢哟！
2026-10-01 22:03:42.828 [SYS] #FF8CF8#【睡神本神】#00FFFF#放了一个大炮仗，在逍遥村东区周围炸出红星券，大家快来抢哟！
2026-10-01 22:03:43.507 [SYS] #FF8CF8#【睡神本神】#00FFFF#放了一个大炮仗，在逍遥村东区周围炸出红星券，大家快来抢哟！
2026-10-01 22:03:44.179 [SYS] #FF8CF8#【睡神本神】#00FFFF#放了一个大炮仗，在逍遥村东区周围炸出红星券，大家快来抢哟！
2026-10-01 22:03:44.493 [SYS] #FF8CF8#【睡神本神】#00FFFF#放了一个大炮仗，在逍遥村东区周围炸出红星券，大家快来抢哟！
2026-10-01 22:03:44.963 [SYS] #FF8CF8#【睡神本神】#00FFFF#放了一个大炮仗，在逍遥村东区周围炸出红星券，大家快来抢哟！
2026-10-01 22:03:45.484 [SYS] #FF8CF8#【睡神本神】#00FFFF#放了一个大炮仗，在逍遥村东区周围炸出红星券，大家快来抢哟！
2026-10-01 22:03:45.926 [SYS] #FF8CF8#【睡神本神】#00FFFF#放了一个大炮仗，在逍遥村东区周围炸出红星券，大家快来抢哟！
2026-10-01 22:03:46.752 [SYS] #FF8CF8#【睡神本神】#00FFFF#放了一个大炮仗，在逍遥村东区周围炸出红星券，大家快来抢哟！
2026-10-01 22:03:47.216 [SYS] #FF8CF8#【睡神本神】#00FFFF#放了一个大炮仗，在逍遥村东区周围炸出红星券，大家快来抢哟！
2026-10-01 22:03:47.690 [SYS] #FF8CF8#【睡神本神】#00FFFF#放了一个大炮仗，在逍遥村东区周围炸出红星券，大家快来抢哟！
2026-10-01 22:03:48.065 [SYS] #FF8CF8#【睡神本神】#00FFFF#放了一个大炮仗，在逍遥村东区周围炸出红星券，大家快来抢哟！
2026-10-01 22:03:48.410 [SYS] #FF8CF8#【睡神本神】#00FFFF#放了一个大炮仗，在逍遥村东区周围炸出红星券，大家快来抢哟！
2026-10-01 22:03:48.778 [SYS] #FF8CF8#【睡神本神】#00FFFF#放了一个大炮仗，在逍遥村东区周围炸出红星券，大家快来抢哟！
2026-10-01 22:03:49.153 [SYS] #00FF00#1#00FFFF#分钟后逍遥村周围将掉落20个宝箱，捡取可获得意外惊喜喔！#FFFFFF#
2026-10-01 22:03:49.246 [SYS] #FF8CF8#【睡神本神】#00FFFF#放了一个大炮仗，在逍遥村东区周围炸出红星券，大家快来抢哟！
2026-10-01 22:03:50.190 [SYS] #FF8CF8#【睡神本神】#00FFFF#放了一个大炮仗，在逍遥村东区周围炸出红星券，大家快来抢哟！
2026-10-01 22:03:50.609 [SYS] #FF8CF8#【睡神本神】#00FFFF#放了一个大炮仗，在逍遥村东区周围炸出红星券，大家快来抢哟！
2026-10-01 22:03:51.061 [SYS] #FF8CF8#【睡神本神】#00FFFF#放了一个大炮仗，在逍遥村东区周围炸出红星券，大家快来抢哟！
2026-10-01 22:03:51.454 [SYS] #FF8CF8#【睡神本神】#00FFFF#放了一个大炮仗，在逍遥村东区周围炸出红星券，大家快来抢哟！
2026-10-01 22:03:52.431 [SYS] #FF8CF8#【睡神本神】#00FFFF#放了一个大炮仗，在逍遥村东区周围炸出红星券，大家快来抢哟！
2026-10-01 22:03:52.772 [SYS] #FF8CF8#【睡神本神】#00FFFF#放了一个大炮仗，在逍遥村东区周围炸出红星券，大家快来抢哟！
2026-10-01 22:03:53.172 [SYS] #FF8CF8#【睡神本神】#00FFFF#放了一个大炮仗，在逍遥村东区周围炸出红星券，大家快来抢哟！
2026-10-01 22:03:54.521 [SYS] #FF8CF8#【睡神本神】#00FFFF#放了一个大炮仗，在逍遥村东区周围炸出红星券，大家快来抢哟！
2026-10-01 22:03:55.459 [SYS] #FF8CF8#【睡神本神】#00FFFF#放了一个大炮仗，在逍遥村东区周围炸出红星券，大家快来抢哟！
2026-10-01 22:03:56.023 [SYS] #FF8CF8#【睡神本神】#00FFFF#放了一个大炮仗，在逍遥村东区周围炸出红星券，大家快来抢哟！
2026-10-01 22:03:57.529 [SYS] #FF8CF8#【睡神本神】#00FFFF#放了一个大炮仗，在逍遥村东区周围炸出红星券，大家快来抢哟！
2026-10-01 22:03:58.047 [SYS] #FF8CF8#【睡神本神】#00FFFF#放了一个大炮仗，在逍遥村东区周围炸出红星券，大家快来抢哟！
2026-10-01 22:03:58.563 [SYS] #FF8CF8#【睡神本神】#00FFFF#放了一个大炮仗，在逍遥村东区周围炸出红星券，大家快来抢哟！
2026-10-01 22:03:59.010 [SYS] #FF8CF8#【睡神本神】#00FFFF#放了一个大炮仗，在逍遥村东区周围炸出红星券，大家快来抢哟！
2026-10-01 22:04:00.292 [SYS] #FF8CF8#【睡神本神】#00FFFF#放了一个大炮仗，在逍遥村东区周围炸出红星券，大家快来抢哟！
2026-10-01 22:04:00.696 [SYS] #FF8CF8#【睡神本神】#00FFFF#放了一个大炮仗，在逍遥村东区周围炸出红星券，大家快来抢哟！
2026-10-01 22:04:01.191 [SYS] #FF8CF8#【睡神本神】#00FFFF#放了一个大炮仗，在逍遥村东区周围炸出红星券，大家快来抢哟！
2026-10-01 22:04:01.576 [SYS] #FF8CF8#【睡神本神】#00FFFF#放了一个大炮仗，在逍遥村东区周围炸出红星券，大家快来抢哟！
2026-10-01 22:04:02.234 [SYS] #FF8CF8#【睡神本神】#00FFFF#放了一个大炮仗，在逍遥村东区周围炸出红星券，大家快来抢哟！
2026-10-01 22:04:02.778 [SYS] #FF8CF8#【睡神本神】#00FFFF#放了一个大炮仗，在逍遥村东区周围炸出红星券，大家快来抢哟！
2026-10-01 22:04:03.066 [SYS] #FF8CF8#【睡神本神】#00FFFF#放了一个大炮仗，在逍遥村东区周围炸出红星券，大家快来抢哟！
2026-10-01 22:04:03.469 [SYS] #FF8CF8#【睡神本神】#00FFFF#放了一个大炮仗，在逍遥村东区周围炸出红星券，大家快来抢哟！
2026-10-01 22:04:04.232 [SYS] #FF8CF8#【睡神本神】#00FFFF#放了一个大炮仗，在逍遥村东区周围炸出红星券，大家快来抢哟！
2026-10-01 22:04:04.920 [SYS] #FF8CF8#【睡神本神】#00FFFF#放了一个大炮仗，在逍遥村东区周围炸出红星券，大家快来抢哟！
2026-10-01 22:04:06.209 [SYS] #FF8CF8#【睡神本神】#00FFFF#放了一个大炮仗，在逍遥村东区周围炸出红星券，大家快来抢哟！
2026-10-01 22:05:55.500 [SYS] #00FF00#1#00FFFF#分钟后逍遥村周围将掉落20个宝箱，捡取可获得意外惊喜喔！#FFFFFF#
2026-10-01 22:11:32.819 [SYS] #00FFFF#厉害了我的大冒险玩家，本期的BOSS已经被击杀，BOSS会变得更强，敬请期待下期活动！！！
2026-10-01 22:14:03.744 [SYS] #FFF692#恭喜#FF8CF8#Kotori#FFF692#在#00C8F8#黄金宝箱#FFF692#中获得了#64FF7D#酷·灵气香肠棍
2026-10-01 22:14:33.530 [OP] 40E6 inv=FFF3 len=12 #3 8a5dad809fdf510bdcfaa32b
2026-10-01 22:14:33.531 [OP] 4233 inv=FFFA len=5 #3 677a7f510b
2026-10-01 22:14:33.531 [OP] 40F6 inv=FFEF len=16 #3 8a5dad802961510bdcfaa32b1f805b64
2026-10-01 22:18:28.513 [PIPE] controller disconnected
2026-10-01 22:18:47.463 [PIPE] controller connected
2026-10-01 22:18:47.463 [PIPE] controller disconnected
2026-10-01 22:19:07.500 [INIT] dll unloaded
2026-10-01 22:19:37.231 [INIT] dll loaded, pid=25644
2026-10-01 22:19:37.231 [INIT] codec loaded OK
2026-10-01 22:19:37.232 [INIT] iat hooks: recv=1 send=1 WSASend=1 connect=1 closesocket=1
2026-10-01 22:19:37.259 [OP] 4104 inv=FFFA len=5 #1 4667fbcaca
2026-10-01 22:19:37.362 [OP] 4105 inv=FFFE len=1 #1 5f
2026-10-01 22:19:37.362 [OP] 4104 inv=FFFB len=4 #2 dd081fc6
2026-10-01 22:19:37.445 [OP] 4109 inv=FF4B len=180 #1 a0ecfc0b6ffaf8de1f805b64510bdcfaf82b1f806e6401c402facccead806e64580bdcfae13b1f80c4c6510bdce8a32b1fce5b6477ecdcfaae2b1f805b64510bdcfaa32b23aa5b6401ba710ea32b1f801e9f510b7acaa32b09075b64fc0bdcfaa3531f807fdf510bb522a32b1f805b64510bdcfa70bb1f80c5cd510b52faa32b1faa5b6477ecdcfa3e531f805b64510bdcfaa32bf4075b64cdb2dcfaa3781f80
2026-10-01 22:19:37.529 [OP] 4105 inv=FFFE len=1 #2 cd
2026-10-01 22:19:37.529 [OP] 4104 inv=FFFB len=4 #3 86081fa0
2026-10-01 22:19:37.529 [OP] 4105 inv=FFFE len=1 #3 6d
2026-10-01 22:19:37.529 [OP] 4104 inv=FFFB len=4 #4 6e081fd1
2026-10-01 22:19:37.529 [OP] 4106 inv=FFFD len=2 #1 a306
2026-10-01 22:19:37.529 [OP] 4111 inv=FFFD len=2 #1 6e64
2026-10-01 22:19:37.529 [OP] 4112 inv=FFFD len=2 #1 dcc4
2026-10-01 22:19:37.530 [OP] 4104 inv=FFFA len=5 #5 109bc1ca07
2026-10-01 22:19:38.310 [OUT] 1F51 inv=FFFF len=4 #1 ffff511f
2026-10-01 22:19:38.359 [OP] 4F52 inv=FFFF len=0 #1 
2026-10-01 22:19:42.120 [OP] 472A inv=FE76 len=393 #1 54d8de1fc82764510bdcfaa32b1f805b64510bdce6b72b1f805b6451d5dcfaa34059805b64510bdc41392b1f805b64514ddcfaa32b1f805bf2d40bdcfaa32b1f1fff64510bdcfaa32b1f805b64510bdcfaa32b1f805b64510bdcfaa32b1f805b64510bdcfaa32b1f805b64510bdcfaa32b1f805b64510bdcfaa32b1f805b64510bdcfaa32b1f805b64510bdcbdf82b1f2c5b645153dcfaa391ca805b5c510bdc
2026-10-01 22:19:42.213 [OP] 42CE inv=FFFB len=4 #1 c87f510b
2026-10-01 22:19:42.215 [OP] 4211 inv=FFF6 len=9 #1 aa5b6451e3a722a34a
2026-10-01 22:19:42.215 [OP] 4211 inv=FFF6 len=9 #2 aa5b6451a4a722a34a
2026-10-01 22:19:42.215 [OP] 4211 inv=FFF6 len=9 #3 aa5b6451da3e22a34a
2026-10-01 22:19:42.215 [OP] 4211 inv=FFF6 len=9 #4 aa5b645140a722a34a
2026-10-01 22:19:42.318 [OP] 47C0 inv=FFCD len=50 #1 0faa0d2e8ffd6fc4027c6f8c3c2831ec8b2f6164ec5f7fd90eb16ec21abbce01b2da31ec8bebb4703c3cadd958b160ca0f6f
2026-10-01 22:19:42.318 [OP] 47C0 inv=FFD6 len=41 #2 51ca123c2831ec8b2f6164ec5f7fd90eb16ec21abbce01b2da31ec8bebb4703c3cadd958b160ca0f6f
2026-10-01 22:19:42.318 [OP] 47C0 inv=FFDF len=32 #3 0253ad5f7fd90eb16ec21abbce01b2da31ec8bebb4703c3cadd958b160ca0f6f
2026-10-01 22:19:42.319 [OP] 47C0 inv=FFEA len=21 #4 51cac7b2da31ec8bebb4703c3cadd958b160ca0f6f
2026-10-01 22:19:42.319 [OP] 47C0 inv=FFF3 len=12 #5 0253ca3cadd958b160ca0f6f
2026-10-01 22:19:45.276 [OP] EFFE inv=FFFE len=1 #1 0b
2026-10-01 22:19:45.281 [OP] 4613 inv=FEB5 len=330 #1 fd377c70f8d91fb093f8628e89c2965bca9bd6df09661bde352ecaaa95df510b6fc4f853cbc60b2643ec68fadb2b1f80946458ecdc5b16876c842d43520bdcfa361c10aa4064291790104223f33465df58e364a5810e3eaa95df580bdcc4f853cad0272db2316fc5a3931f805bf851ecdcfa2302074c724ed463dcfaa35f82b7950851225f5b858d593f66536fa66a325993cab42b53587b1cc4f853ca805bdf
2026-10-01 22:19:46.298 [PIPE] controller connected
2026-10-01 22:19:47.245 [OP] 4100 inv=FFF9 len=6 #1 98aac47f857f
2026-10-01 22:19:47.339 [OP] 4101 inv=FBC5 len=1082 #1 8a5dad805b64510bdcfaa32bc8d97b81510bdcfaa32b1f805b64510bdcfaa32b1f805b64510bdcfa5f3b9dca5b64a9fddcfaa32b1f8099d9510bdcfaa32b1f805b64510bdcfaa63bad80c464510bdcfaa32bf6455b645943dcfadf7f1f80807a510b155a4e78c8d97b81a552155ada2b1f807b81a5526fc616876c842d43450bdcfaa32b1f805b64518766faa32b1f805bf33b0bdcfaa32b1f805b64510bdcfa
2026-10-01 22:19:47.461 [OUT] 1F51 inv=FFFF len=4 #2 ffff511f
2026-10-01 22:19:47.503 [OP] 4F52 inv=FFFF len=0 #2 
2026-10-01 22:19:48.320 [OUT] 1001 inv=FFF9 len=10 #1 f9ff01101f805b64510b
2026-10-01 22:19:48.500 [OP] 4108 inv=FFE3 len=28 #1 2e87c464510bdcfa2153c8d9d8f8510bce40515d1f805b64510bdcfa
2026-10-01 22:19:48.589 [OP] 4108 inv=FFE3 len=28 #2 2e87c464510bdcfa22531f80d8f8510bce40515d1f805b64510bdcfa
2026-10-01 22:19:48.589 [OP] 4108 inv=FFF3 len=12 #3 e90e392b1f805b64510b155a
2026-10-01 22:19:48.589 [OP] 4108 inv=FFF3 len=12 #4 e90e392b1f805b64580bdcfa
2026-10-01 22:19:48.589 [OP] 4108 inv=FFF3 len=12 #5 e90e392b1f805b640e0bdcfa
2026-10-01 22:19:50.499 [OP] 4105 inv=FFFE len=1 #4 3d
2026-10-01 22:19:50.600 [OP] 4105 inv=FFFE len=1 #5 c0
2026-10-01 22:19:50.600 [OP] 4106 inv=FFFC len=3 #2 a539ee
2026-10-01 22:19:50.696 [OP] 4109 inv=FF7B len=132 #2 2e87c464580b6fe8a32b1f805b64510b13f4a32ba58021df0b0b40c43993e780cf26510b10aea32bade7c36451ecdcfaa32b1f8062df510b9dfaa32b1f805b64510bdcfa40ce1f80a808510b52e8232b1faa5b818fecdcfa5ade1f805b64510bdcfaa32bc0ef5b6467d5dcfa399362805bdf51527cc4a32bcf815ed9510bdcfaccd01f80
2026-10-01 22:19:50.783 [OP] 4106 inv=FFFC len=3 #3 a539ed
2026-10-01 22:19:50.783 [OP] 4106 inv=FFFD len=2 #4 f8cb
2026-10-01 22:19:50.783 [OP] 4111 inv=FFFD len=2 #2 a164
2026-10-01 22:19:50.870 [OP] 4211 inv=FFF6 len=9 #5 aa5b6451af3e22a34a
2026-10-01 22:19:52.555 [OP] 4109 inv=FEDF len=288 #3 e90e392bca801c6f51fddcfaa32b1f809564510be6fa5553a5809fdfb275c4faf82b1f80bc7f510b8b47db2b1faa5b64517fdcfa4b531f805f64510bdcfaa32b1f805b64580bdcfad3de1f801cbe0b0bdcfaa32b1faa5b64580bdcfad3de1f801cbe830bdcfaa32b1f33baf8580bdcfad3de1f801cbee60bdcfaa32b1f801c6486d0dcfacf4a1f801c530e0bdcc4db2b44aa5b64b3b1dcfaa32b1f805b64510b
2026-10-01 22:19:52.649 [OP] 4111 inv=FFFD len=2 #3 d064
2026-10-01 22:19:52.649 [OP] 4112 inv=FFFD len=2 #2 6ac4
2026-10-01 22:19:52.745 [OP] 46FE inv=FFFF len=0 #1 
2026-10-01 22:19:54.060 [OP] 4109 inv=FFB7 len=72 #4 2e87c464517f6fc4a32b1f805b64510b07faa32bcaa05b6487b1dcfa40ce1f80badf0e7f07faa32b39125b640eec54faa32b1f805b64510b8222a32b39125b64080b54faa32b1f80
2026-10-01 22:19:54.154 [OP] 4106 inv=FFFD len=2 #5 f82b
2026-10-01 22:19:54.154 [OP] 4111 inv=FFFD len=2 #4 9564
2026-10-01 22:19:55.460 [OP] 4109 inv=FEFF len=256 #5 8a5dad809564b2b1dcfaa32b1f805b64580bdcfa232ba312c36446b18bfaa32bca805b648508dcfafd2b29805b64510bdcc4a32bca805b648508dcfafd2be7805b64510bdcfaa32bca805b648508dcfafd2b6d805b64510bdcfaa32bca805b648508dcfafd2b9b805b64510bdcfaa32b28795b648508dcfafd2b29805bdf510b7cc4a32baad6ba37510bdcfa34c81f80eb53510b4125a32b9d80a16451ecdcfa
2026-10-01 22:19:55.557 [OP] 4111 inv=FFFD len=2 #5 5b64
2026-10-01 22:19:57.528 [OUT] 1F51 inv=FFFF len=4 #3 ffff511f
2026-10-01 22:19:57.634 [OP] 4F52 inv=FFFF len=0 #3 
2026-10-01 22:20:00.399 [OP] 4112 inv=FFFD len=2 #3 dcc4
2026-10-01 22:20:00.399 [OP] 4112 inv=FFFD len=2 #4 6fc4
2026-10-01 22:20:00.399 [OP] 4112 inv=FFFD len=2 #5 90c4
2026-10-01 22:20:05.299 [OP] EFFE inv=FFFE len=1 #2 0b
2026-10-01 22:20:07.651 [OUT] 1F51 inv=FFFF len=4 #4 ffff511f
2026-10-01 22:20:07.684 [OP] 472A inv=FE6C len=403 #2 54d8de1f2e9b64510bdcfaa32b1f805b64510bdc69d92b1f805b6451d5dcfaa364ad805b64510bdc41392b1f805b64514ddcfaa32b1f805bf2d40bdcfaa32b1f1fff64510bdcfaa32b1f805b64510bdcfaa32b1f805b64510bdcfaa32b1f805b64510bdcfaa32b1f805b64510bdcfaa32b1f805b64510bdcfaa32b1f805b64510bdcfaa32b1f805b64510bdcb5a32b1fc3956451fa6ffaa3ccca805bd3580bdc
2026-10-01 22:20:07.692 [OP] 42CE inv=FFFB len=4 #2 c87f510b
2026-10-01 22:20:07.734 [OP] 4F52 inv=FFFF len=0 #4 
2026-10-01 22:20:08.846 [OP] 4612 inv=FFF3 len=12 #1 90faa32be787c4647b8052fa
2026-10-01 22:20:13.852 [OP] 4100 inv=FFF9 len=6 #2 98aaa47f0b7f
2026-10-01 22:20:13.945 [OP] 4101 inv=FC6D len=914 #2 8a5dad805b64510bdcfaa32bc8d97b81510bdcfaa32b1f805b64510bdcfaa32b1f805b64510bdcfa5f3b9d4e5b64a9fddcfaa32b1f8099d9510bdcfaa32b1f805b64510bdcfaa63bad80c464510bdcfaa32bf6455b645943dcfadf7f1f80807a510b155a4e78c8d97b81a552155ada2b1f807b81a5526fc616876c842d43450bdcfaa32b1f805b645d8766faa32b1f805bf33b0bdcfaa32b1f805b64510bdcfa
2026-10-01 22:20:14.013 [OUT] 1F51 inv=FFFF len=4 #5 ffff511f
2026-10-01 22:20:14.057 [OP] 4F52 inv=FFFF len=0 #5 
2026-10-01 22:20:14.924 [OUT] 1001 inv=FFF9 len=10 #2 f9ff01101f805b64510b
2026-10-01 22:20:15.313 [OP] EFFE inv=FFFE len=1 #3 0b
2026-10-01 22:20:18.973 [OP] 4613 inv=FFB8 len=71 #2 aaf8fdfeece6253dbc62344cf8eb246a57ff93182c94df43a66ab45c93892cc3df58ec6ffaa353caaa5b8d492f5298f8c71f803064517fdcc4a32beceb066d0de38abbea2b1f80
2026-10-01 22:20:19.972 [OP] 4613 inv=FFBA len=69 #3 df4383e7c420d9392cc39b917fa27523e6bd79915c0eec6f662924702694df58ec6ffaa353caaa5b8d492f5298f8c41f805b64517fdcc4a32beceb066d0d9c27bbea2b1f80
2026-10-01 22:20:23.002 [OP] 46FE inv=FFFF len=0 #2 
2026-10-01 22:20:35.334 [OP] EFFE inv=FFFE len=1 #4 0b
2026-10-01 22:20:40.525 [OP] 472A inv=FE6C len=403 #3 54d8de1fb86e64510bdcfaa32b1f805b64510bdce9722b1f805b6451d5dcfaa34059805b64510bdc41392b1f805b64514ddcfaa32b1f805bf2d40bdcfaa32b1f1fff64510bdcfaa32b1f805b64510bdcfaa32b1f805b64510bdcfaa32b1f805b64510bdcfaa32b1f805b64510bdcfaa32b1f805b64510bdcfaa32b1f805b64510bdcfaa32b1f805b64510bdcbdf82b1fc3956451f16ffaa3731f805bc7580bdc
2026-10-01 22:20:40.617 [OP] 42CE inv=FFFB len=4 #3 c87f510b
2026-10-01 22:20:45.351 [OP] EFFE inv=FFFE len=1 #5 0b
2026-10-01 22:20:46.630 [OP] 4100 inv=FFF9 len=6 #3 98aa5cf82eec
2026-10-01 22:20:46.719 [OP] 4101 inv=FC35 len=970 #3 a0ecfc0bdcfaa32b1f805b64a552155aa32b1f805b64510bdcfaa32b1f805b64510bdcfaa32b1f80bacdb2b2dcfa1a7c1f805b64510b069fa32b1f805b64510bdcfaa32b1f803ccdfc0b52faa32b1f805b646244dcfaf7f51f808955510b9b02a32bc8d97b81a552155a4e78c8d93564510b155a4e78ca7726b35c3828d7972b1f805b64510bdcfaa3fe8a805b64510bdc77612b1f805b64510bdcfaa32b1f80
2026-10-01 22:20:47.702 [OUT] 1001 inv=FFF9 len=10 #3 f9ff01101f805b64510b
2026-10-01 22:20:53.263 [OP] 46FE inv=FFFF len=0 #3 
2026-10-01 22:21:04.858 [OP] 4612 inv=FFF7 len=8 #2 ca805b64b4b252fa
2026-10-01 22:21:05.769 [OP] 4612 inv=FFF3 len=12 #3 90faa32b5207c464fb8052fa
2026-10-01 22:21:05.769 [OP] 4612 inv=FFF7 len=8 #4 ca805b64fb8052fa
2026-10-01 22:21:06.785 [OP] 4612 inv=FFF3 len=12 #5 90faa32be787c4647b8052fa
2026-10-01 22:21:12.819 [OP] 472A inv=FE76 len=393 #4 54d8de1f655764510bdcfaa32b1f805b64510bdcea212b1f805b6451d5dcfaa38759805b64510bdc41392b1f805b64514ddcfaa32b1f805bf2d40bdcfaa32b1f1fff64510bdcfaa32b1f805b64510bdcfaa32b1f805b64510bdcfaa32b1f805b64510bdcfaa32b1f805b64510bdcfaa32b1f805b64510bdcfaa32b1f805b64510bdcfaa32b1f805b64510bdcb5a32b1fc3956451fa6ffaa3ccca805bc7580bdc
2026-10-01 22:21:12.915 [OP] 42CE inv=FFFB len=4 #4 c87f510b
2026-10-01 22:21:19.006 [OP] 4613 inv=FEB5 len=330 #4 fd377c70f8d91fb093f8628e89c2965bca9bd6df09661bde352ecaaa95df510b6fc4f8534dcad62643ec68fadb2b1f80c46458ecdc5b16876c842d43520bdcfa361c10aa4064291790104223f33465df58e364a5810e3eaa95df580bdcc4f853ca3c2771fc316fc5a3931f805bf851ecdcfa2302074c724ed463dcfaa35f82b7950851225f5b858d593f66536fa66a325993cab42b53587b1cc4f853ca805bdf
2026-10-01 22:21:20.929 [OP] 4100 inv=FFF9 len=6 #4 98aa6f7fa47f
2026-10-01 22:21:21.021 [OP] 4101 inv=FBFD len=1026 #4 e38052faa32b1f805b64510b155a4e781f805b64510bdcfaa32b1f805b64510bdcfaa32b1f805b64fbb28b53a32b53ca5b64510bdcfa1a7c1f805b64510bdcfaa32b1f805b6455b252fa392b1f805b64510bb2dca32bd13b5b648a2bdcfa5acb1f807b81a552155a4e78c8d97b81530bdcfa4e78c8d995b0bc595ab12b21ab805b64510bdcfaa32bf083c064510bdcfaa3fe8a805b64510bdcfaa32b1f805b64
2026-10-01 22:21:22.007 [OUT] 1001 inv=FFF9 len=10 #4 f9ff01101f805b64510b
2026-10-01 22:21:23.517 [OP] 46FE inv=FFFF len=0 #4 
2026-10-01 22:21:39.606 [OP] 472A inv=FE6C len=403 #5 54d8de1f77d064510bdcfaa32b1f805b64510bdcc6222b1f805b6451d5dcfaa3a9ad805b64510bdc41392b1f805b64514ddcfaa32b1f805bf2d40bdcfaa32b1f1fff64510bdcfaa32b1f805b64510bdcfaa32b1f805b64510bdcfaa32b1f805b64510bdcfaa32b1f805b64510bdcfaa32b1f805b64510bdcfaa32b1f805b64510bdcfaa32b1f805b64510bdcb5a32b1f2c5b645153dcfaa391ca805bd3580bdc
2026-10-01 22:21:39.701 [OP] 42CE inv=FFFB len=4 #5 c87f510b
2026-10-01 22:21:43.715 [OP] 4100 inv=FFF9 len=6 #5 98aa9af8b27f
2026-10-01 22:21:43.941 [OP] 4101 inv=FC6D len=914 #5 8a5dad805b64510bdcfaa32bc8d97b81510bdcfaa32b1f805b64510bdcfaa32b1f805b64510bdcfa5f3b9d4e5b64a9fddcfaa32b1f8099d9510bdcfaa32b1f805b64510bdcfaa63bad80c464510bdcfaa32bf6455b645943dcfadf7f1f80807a510b155a4e78c8d97b81a552155ada2b1f807b81a5526fc616876c842d43450bdcfaa32b1f805b64518766faa32b1f805bf33b0bdcfaa32b1f805b64510bdcfa
2026-10-01 22:21:44.789 [OUT] 1001 inv=FFF9 len=10 #5 f9ff01101f805b64510b
2026-10-01 22:21:53.722 [OP] 46FE inv=FFFF len=0 #5 
2026-10-01 22:21:58.126 [OP] 4613 inv=FFC1 len=62 #5 ca29e5af58d5dc590193f6a3e9cd194f6fc4a6463041550758ec6fc4a32bcaaa956435b2c1220253ab8094380a0b90faf82b1f7926b35c3828d7fb2b1f80
2026-10-01 22:22:27.798 [SYS] #FFF692#恭喜#FF8CF8#假面骑士V3#FFF692#在#00C8F8#结晶宝箱#FFF692#中获得了#64FF7D#羽翼结晶
2026-10-01 22:22:45.511 [PIPE] controller disconnected
2026-10-01 22:22:53.090 [PIPE] controller connected
2026-10-01 22:23:51.905 [OP] 4031 inv=FFDC len=35 #1 455b615108dcfaa3531fe9022e98c810387599970e2d6451839fdd59c0c3e941876f0b
2026-10-01 22:24:20.185 [OP] 4031 inv=FF5C len=163 #2 39510cdc22a32b1faa5b5003b3a22d1d88ab6a30051648b0c54f67e87106671df42db834677c499871136a78ec4f67e88f138787e92a934f67c31663b97fb353001618b0a4a9e9744c6828349aa250a2d8899e38d5a8671213a96706a4b1ec34679694f3b3e1a6b6ccc29b40f32cce4d87f0775131a2b1f389f9140fb35120bb4c848980ef6e165119aeeb837bc06919740e23d0e4346451e49cfc58f33ee554
2026-10-01 22:25:55.403 [CAP] capture ON (pid 25644)
2026-10-01 22:26:55.451 [CAP] capture OFF frames=601
2026-10-01 22:27:00.173 [SYS] #00FFFF#国庆焰火晚会开始了，冒险者可到旗台处参与燃放烟花，幸运者还可能得到稀有奖励喔！装饰国旗以及燃放烟花将在#00FF00#3#00FFFF#分钟后关闭，请冒险者抓紧时间喔！#FFFFFF#
2026-10-01 22:27:32.618 [OP] 4210 inv=FFF3 len=12 #1 660bdcfa7d2b1f80c6ecfc0b
2026-10-01 22:28:35.068 [CAP] capture ON (pid 25644)
2026-10-01 22:29:38.995 [OP] 40E1 inv=FFED len=18 #1 a0ecfc0b6ffaf84aca809564580b6fe8f82b
2026-10-01 22:29:38.995 [OP] 40E0 inv=FED1 len=302 #1 e38052fad3de1f805b64510b8cfaa32b1f805b64f7d0dcfaa32b1f804664510bdcfaa32bd6875b64fc0bdcfa392b1f804864510b52faa32bad805b64c10bdcfa392b1f806764510b54faa32bad805b64c67fdcfa8e2b1f809564510b3efaa32bdb805b640b0bdcfa232b1f800d64510b8ffaa32b1f805b64510bdcfaa32b1f805b64510bdcfaa32b1f805b64430bdcfaa32b1f805b64510bdcfaa32b1f805b64
2026-10-01 22:29:38.995 [OP] 40E3 inv=FFF3 len=12 #1 e90e392bca756b64db0b6ffa
2026-10-01 22:29:38.995 [OP] 40E2 inv=FFF3 len=12 #1 a0ecfc0b6f9ab42b45809564
2026-10-01 22:29:39.005 [OUT] 0185 inv=FFF7 len=12 #1 f7ff8501dcfaa32bc8d97b81
2026-10-01 22:30:00.176 [SYS] #00FFFF#国庆节特别活动“红旗飘飘贺国庆”以及国庆焰火晚会到此结束，谢谢各位冒险者的热情参与，祝所有冒险者国庆快乐！#FFFFFF#
2026-10-01 22:33:33.925 [OP] 4031 inv=FFE1 len=30 #3 52fa4d2b1f805b64580b71faa3a87168fafb065ab080c2b39568fa06e20b
2026-10-01 22:34:46.697 [OP] 4210 inv=FFF3 len=12 #2 660bdcfac32b1f80a1ecfc0b
2026-10-01 22:35:56.174 [QUESTION] {"type":"question","sock":2556,"qno":13,"field_a":89,"stem":"光学物理上把能够自身发光的物体叫做？","options":["1、正能量","2、可能叫这个吧","3、阳光普照","4、光源"]}
2026-10-01 22:35:56.993 [SEND-ANSWER] qno=13 opt=3 ret=13 sock=2556
2026-10-01 22:35:57.040 [SYS] 测试通过！
2026-10-01 22:35:57.128 [SYS] 获得了#00FF00#100#FFF692#金币
2026-10-01 22:35:57.130 [CURRENCY] a=201785 b=107497
2026-10-01 22:35:57.183 [UI] auto dump on question qno=13
2026-10-01 22:35:57.183 [UI] ---- window dump begin (pid 25644) ----
2026-10-01 22:35:57.196 [UI] TOP=0003064C vis=1 cls=ATL:012FF210 rc=(887,118,1927,925) title=什么什么大冒险2(①逍遥村敬老院)-先驱02_Sep 24 2026《什么什么大冒险》制作委员会QQ群:515616289
2026-10-01 22:35:57.198 [UI] TOP=0003064E vis=0 cls=DIEmWin rc=(-1,-1,135,38) title=DIEmWin
2026-10-01 22:35:57.213 [UI] TOP=0003064A vis=0 cls=MSCTFIME UI rc=(0,0,0,0) title=MSCTFIME UI
2026-10-01 22:35:57.234 [UI] TOP=000A0D64 vis=0 cls=IME rc=(0,0,0,0) title=Default IME
2026-10-01 22:35:57.234 [UI] TOP=0006062E vis=0 cls=IME rc=(0,0,0,0) title=Default IME
2026-10-01 22:35:57.234 [UI] ---- window dump end ----
2026-10-01 22:35:58.800 [UI] auto-closing quiz frame: qno=13 opt=3
2026-10-01 22:35:58.819 [UI] option 3 control NOT found — falling back to digit key
2026-10-01 22:36:00.988 [OP] F005 inv=FFE7 len=24 #1 24c812922d93a32b1f805b64510bdcfaa3ce46efddeecdd0
2026-10-01 22:36:01.229 [OUT] 1F04 inv=FFF6 len=13 #1 f6ff041fce1f805bc6510bdc22
2026-10-01 22:36:06.911 [CAP] capture OFF frames=4605
2026-10-01 22:36:07.912 [CAP] capture ON (pid 25644)
2026-10-01 22:36:50.648 [CAP] capture ON (pid 25644)
2026-10-01 22:39:01.177 [OP] F005 inv=FFE7 len=24 #2 24c812922d93a32b1f805b64510bdcfaa3de1f801de04856
2026-10-01 22:39:20.334 [OP] 4210 inv=FFF3 len=12 #3 660bdcfad82b1f80baecfc0b
2026-10-01 22:40:56.469 [OP] 4031 inv=FFDF len=32 #4 3b0b66faa32b1f8095645210710b51e29f18f4645134ad0303eb4b4c9333f60b
2026-10-01 22:41:20.792 [OP] 4033 inv=FFE4 len=27 #1 e0a3c41f805b6451ecdc195412f5805b01936cea032bebc34c0f64
2026-10-01 22:41:51.769 [OP] 4033 inv=FFE4 len=27 #2 e0a3c41f805b6451ecdcd9741976805b01936cea032bebc34c0f64
2026-10-01 22:44:44.680 [OP] F005 inv=FFE7 len=24 #3 24c812922d93a32b1f805b64510bdcfaa3ce46efddeecdd0
2026-10-01 22:46:50.896 [CAP] capture OFF frames=6111
2026-10-01 22:47:44.690 [OP] F005 inv=FFE7 len=24 #4 24c812922d93a32b1f805b64510bdcfaa3de1f809cc8c7e5
2026-10-01 22:47:44.991 [OP] 4031 inv=FF5C len=163 #5 39510cdc22a32b1faa5b5003b3a22d1d88ab6a30051648b0c54f67e87106671df42db834677c499871136a78ec4f67e88f138787e92a934f67c31663b97fb353001618b0a4a9e9744c6828349aa250a2d8899e38d5a8671213a96706a4b1ec34679694f3b3e1a6b6ccc29b40f32cce4d87f0775131a2b1f389f9140fb35120bb4c848980ef6e165119aeeb837bc06919740e23d0e4346451e49cfc58f33ee554
2026-10-01 22:48:06.628 [OP] F005 inv=FFE7 len=24 #5 26b35c3828d7972b1f805b64510bdcfaa3ce1f80897ea30c
2026-10-01 22:56:02.258 [OP] 4210 inv=FFF3 len=12 #4 660bdcfa402b1f8057ecfc0b
2026-10-01 23:02:14.361 [SYS] #FFF692#恭喜#FF8CF8#多人运动罗志祥zZ#FFF692#打造出#64FF7D#+10#FFF692#装备
2026-10-01 23:03:27.069 [PIPE] controller disconnected
2026-10-01 23:03:33.703 [PIPE] controller connected
2026-10-01 23:03:33.704 [PIPE] controller disconnected
2026-10-01 23:03:52.858 [INIT] dll unloaded
2026-10-01 23:04:11.195 [INIT] dll loaded, pid=25644
2026-10-01 23:04:11.195 [INIT] codec loaded OK
2026-10-01 23:04:11.195 [INIT] iat hooks: recv=1 send=1 WSASend=1 connect=1 closesocket=1
2026-10-01 23:04:11.195 [OV] overlay window ready
2026-10-01 23:04:11.325 [OP] 47C0 inv=FFF1 len=14 #1 17c4f89e44ca9408170cb2cabd2b
2026-10-01 23:04:11.325 [OP] 4211 inv=FFF6 len=9 #1 aa5b645134a722a3de
2026-10-01 23:04:11.457 [OP] 472A inv=FE76 len=393 #1 54d8de1fabd064510bdcfaa32b1f805b64510bdc51222b1f805b6451d5dcfaa313ad805b64510bdc41392b1f805b64514ddcfaa32b1f805b9ee50bdcfaa32b1f1fff64510bdcfaa32b1f805b64510bdcfaa32b1f805b64510bdcfaa32b1f805b64510bdcfaa32b1f805b64510bdcfaa32b1f805b64510bdcfaa32b1f805b64510bdcfaa32b1f805b64510bdcb5a32b1fc3956451f16ffaa3ccca805bd3580bdc
2026-10-01 23:04:11.556 [OP] 42CE inv=FFFB len=4 #1 c87f510b
2026-10-01 23:04:11.556 [OP] 4211 inv=FFF6 len=9 #2 aa5b6451e3a722a34a
2026-10-01 23:04:11.556 [OP] 4211 inv=FFF6 len=9 #3 aa5b6451a4a722a34a
2026-10-01 23:04:11.651 [OP] 4211 inv=FFF6 len=9 #4 aa5b6451da3e22a34a
2026-10-01 23:04:11.653 [OP] 4211 inv=FFF6 len=9 #5 aa5b645140a722a34a
2026-10-01 23:04:11.654 [OP] 47C0 inv=FFF3 len=12 #2 0253ca277fd9587f04301524
2026-10-01 23:04:11.654 [OP] 47C0 inv=FFF3 len=12 #3 0253ca7c7fd958b15cdc116f
2026-10-01 23:04:11.654 [OP] 47C0 inv=FFE1 len=30 #4 0faac4e58ffd6ff41506cb8cb2da31ec8bc1728cec3cadd958b1a46ed06f
2026-10-01 23:04:11.654 [OP] 47C0 inv=FFEA len=21 #5 51cac7b2da31ec8bc1728cec3cadd958b1a46ed06f
2026-10-01 23:04:13.856 [PIPE] controller connected
2026-10-01 23:04:14.780 [OP] 46FE inv=FFFF len=0 #1 
2026-10-01 23:04:16.844 [OP] EFFE inv=FFFE len=1 #1 0b
2026-10-01 23:04:19.613 [OP] 4100 inv=FFF9 len=6 #1 98aa75f8ec7f
2026-10-01 23:04:19.702 [OP] 4101 inv=FBC5 len=1082 #1 8a5dad805b64510bdcfaa32bc8d97b81510bdcfaa32b1f805b64510bdcfaa32b1f805b64510bdcfa5f3b9dca5b64a9fddcfaa32b1f8099d9510bdcfaa32b1f805b64510bdcfaa63bad80c464510bdcfaa32bf6455b645943dcfadf7f1f80807a510b155a4e78c8d97b81a552155ada2b1f807b81a5526fc616876c842d43450bdcfaa32b1f805b64518766faa32b1f805b263b0bdcfaa32b1f805b64510bdcfa
2026-10-01 23:04:19.793 [OUT] 1F51 inv=FFFF len=4 #1 ffff511f
2026-10-01 23:04:19.836 [OP] 4F52 inv=FFFF len=0 #1 
2026-10-01 23:04:20.680 [OUT] 1001 inv=FFF9 len=10 #1 f9ff01101f805b64510b
2026-10-01 23:04:20.883 [OP] 4108 inv=FFE3 len=28 #1 2e87c464510bdcfa21531f80d8f8510bce40515d1f805b64510bdcfa
2026-10-01 23:04:20.974 [OP] 4108 inv=FFE3 len=28 #2 2e87c464510bdcfa22531f80d8f8510bce40515d1f805b64510bdcfa
2026-10-01 23:04:20.974 [OP] 4108 inv=FFF3 len=12 #3 e90e392b1f805b64510bdcfa
2026-10-01 23:04:20.974 [OP] 4108 inv=FFF3 len=12 #4 e90e392b1f805b64580bdcfa
2026-10-01 23:04:20.974 [OP] 4108 inv=FFF3 len=12 #5 e90e392b1f805b640e0bdcfa
2026-10-01 23:04:20.974 [OP] 4104 inv=FFFB len=4 #1 0a081f80
2026-10-01 23:04:20.974 [OP] 4104 inv=FFFB len=4 #2 3cae1faa
2026-10-01 23:04:20.974 [OP] 4104 inv=FFFB len=4 #3 0a081fc7
2026-10-01 23:04:20.974 [OP] 4104 inv=FFFB len=4 #4 3cae1fce
2026-10-01 23:04:20.974 [OP] 4104 inv=FFFB len=4 #5 3cae1f12
2026-10-01 23:04:23.114 [OP] 4105 inv=FFFE len=1 #1 3d
2026-10-01 23:04:23.117 [OP] 4105 inv=FFFE len=1 #2 c0
2026-10-01 23:04:23.117 [OP] 4105 inv=FFFE len=1 #3 af
2026-10-01 23:04:23.215 [OP] 4109 inv=FF7B len=132 #1 2e87c464580b6fe8a32b1f805b64510b13f4a32ba58021df0b0b40c43993e780cf26510b10aea32bade7c36451ecdcfaa32b1f8062df510b9dfaa32b1f805b64510bdcfa40ce1f80a808510b52e8232b1faa5b818fecdcfaa5de1f805b64510bdcfaa32bc0ef5b6467d5dcfa399362805bdf51527cc4a32bcf815ed9510bdcfaccd01f80
2026-10-01 23:04:23.302 [OP] 4106 inv=FFFC len=3 #1 a539ee
2026-10-01 23:04:23.302 [OP] 4106 inv=FFFC len=3 #2 a539ed
2026-10-01 23:04:23.302 [OP] 4106 inv=FFFD len=2 #3 f8cb
2026-10-01 23:04:23.303 [OP] 4111 inv=FFFD len=2 #1 a164
2026-10-01 23:04:25.134 [OP] 4109 inv=FF83 len=124 #2 8a5dad805bf80e7fdcc4a32b1f805b64550bdcfa39ee1f80b8dd510bfdcaa32b6dce9426550bdcfa1d4a1f80947f8e0bdcfaa32b1f805b6487b1dcfa526f1f8094befc0bdcfaa32b1fce5b64ded0dcfa1d4a1f809b648e0bdcfaa32b82795b64b608dcfadb2bad805bdf0e0b05c4a32b9a125b64510bdcfaa32b1f80
2026-10-01 23:04:25.237 [OP] 4105 inv=FFFE len=1 #4 ec
2026-10-01 23:04:25.237 [OP] 4106 inv=FFFD len=2 #4 f853
2026-10-01 23:04:25.237 [OP] 4105 inv=FFFE len=1 #5 d0
2026-10-01 23:04:25.237 [OP] 4106 inv=FFFD len=2 #5 a3de
2026-10-01 23:04:25.237 [OP] 4111 inv=FFFD len=2 #2 c464
2026-10-01 23:04:27.533 [OP] 4109 inv=FFB7 len=72 #3 2e87c464517f6fc4a32b1f805b64510b07faa32b62e75b6487b1dcfa40ce1f80a1530e8007faa32b39125b640e754ffaa32b1f805bdf510b8222a32b39125b64080b4ffaa32b1f4e
2026-10-01 23:04:27.651 [OP] 4111 inv=FFFD len=2 #3 c364
2026-10-01 23:04:28.947 [OP] 4109 inv=FEFF len=256 #4 8a5dad809564b2b1dcfaa32b1f805b64580bdcfa232ba312c36446b18bfaf82bca805b648508dcfafd5384805b64510bdcc4a32bca805b648508dcfafd53c7805b64510bdcfaa32bca805b648508dcfafd53e7805b64510bdcfaa32bca805b648508dcfafd536d805b64510bdcfaa32b28795b648508dcfafd2b84805bdf510b7cc4a32baad6ba37510bdcfa34c81f80eb53510b4125a32b9d80576451ecdc5a
2026-10-01 23:04:29.050 [OP] 4111 inv=FFFD len=2 #4 9564
2026-10-01 23:04:29.864 [OUT] 1F51 inv=FFFF len=4 #2 ffff511f
2026-10-01 23:04:29.908 [OP] 4F52 inv=FFFF len=0 #2 
2026-10-01 23:04:31.057 [OP] 4109 inv=FF33 len=204 #5 8a5dad809564fcd0dce0a32b1f805b64580bdcfa232ba312c36446b18bfafd2bca805b648508dcfafd4afd805b64510bdcc4a32bca805b648508dcfafd4a6d805b64510bdcfaa32bca805b648508dcfafd4a9b805b64510bdcc4a32b28795b648508dcfafd2bfd805bdf510b7cc4a32baad6ba37510bdcfa34c81f80eb53510b4125a32b9d80d064517fdcfaa8531f8016c1fb44dcfaa32ba8be5b6405ecdcfa
2026-10-01 23:04:31.160 [OP] 4111 inv=FFFD len=2 #5 1c64
2026-10-01 23:04:35.867 [OP] EFFE inv=FFFE len=1 #2 0b
2026-10-01 23:04:37.596 [OP] 4112 inv=FFFD len=2 #1 6ac4
2026-10-01 23:04:38.920 [OP] 4112 inv=FFFD len=2 #2 dcc4
2026-10-01 23:04:38.920 [OP] 4112 inv=FFFD len=2 #3 90c4
2026-10-01 23:04:38.920 [OP] 4112 inv=FFFD len=2 #4 52c4
2026-10-01 23:04:38.920 [OP] 4112 inv=FFFD len=2 #5 e6c4
2026-10-01 23:04:39.923 [OUT] 1F51 inv=FFFF len=4 #3 ffff511f
2026-10-01 23:04:39.969 [OP] 4F52 inv=FFFF len=0 #3 
2026-10-01 23:04:45.037 [OP] 46FE inv=FFFF len=0 #2 
2026-10-01 23:04:46.252 [OP] 472A inv=FE76 len=393 #2 54d8de1fcf9b64510bdcfaa32b1f805b64510bdc52d92b1f805b6451d5dcfaa3bcad805b64510bdc41392b1f805b64514ddcfaa32b1f805b9ee50bdcfaa32b1f1fff64510bdcfaa32b1f805b64510bdcfaa32b1f805b64510bdcfaa32b1f805b64510bdcfaa32b1f805b64510bdcfaa32b1f805b64510bdcfaa32b1f805b64510bdcfaa32b1f805b64510bdc7af82b1f2c5b6451f16ffaa3ccca805b5c510bdc
2026-10-01 23:04:46.346 [SYS] 获得了#00FF00#1#FFF692#个#64FF7D#碧玉葫芦
2026-10-01 23:04:46.346 [OP] 42CE inv=FFFB len=4 #2 c87f510b
2026-10-01 23:04:46.346 [OP] 4020 inv=FFE7 len=24 #1 e38052fa672bca8094cdfc0b91a7a32bca809564b20b6afa
2026-10-01 23:04:46.368 [OUT] 0045 inv=FFF7 len=12 #1 f7ff4500510bdcfafd2b1f80
2026-10-01 23:04:46.501 [OP] 4025 inv=FFF5 len=10 #1 fd533832c4df51ece2fa
2026-10-01 23:04:46.876 [OP] EFFE inv=FFFE len=1 #3 0b
2026-10-01 23:04:49.357 [OP] 4100 inv=FFF9 len=6 #2 98aae22676ec
2026-10-01 23:04:49.450 [OP] 4101 inv=FBFD len=1026 #2 e38052faa32b1f805b64510b155a4e781f805b64510bdcfaa32b1f805b64510bdcfaa32b1f805b64fbb28b53a32b53ca5b64510bdcfa1a7c1f805b64510bdcfaa32b1f805b6455b252fa392b1f805b64510bb2dca32bd13b5b648a2bdcfa5acb1f807b81a552155a4e78c8d97b81530bdcfa4e78c8d995b0bc595ab12b21ab805b64510bdcfaa32b1f83c064510bdcfaa34a8a805b64510bdcfaa32b1f805b64
2026-10-01 23:04:49.454 [OUT] 1F51 inv=FFFF len=4 #4 ffff511f
2026-10-01 23:04:49.495 [OP] 4F52 inv=FFFF len=0 #4 
2026-10-01 23:04:50.430 [OUT] 1001 inv=FFF9 len=10 #2 f9ff01101f805b64510b
2026-10-01 23:04:59.500 [OUT] 1F51 inv=FFFF len=4 #5 ffff511f
2026-10-01 23:04:59.542 [OP] 4F52 inv=FFFF len=0 #5 
2026-10-01 23:05:05.904 [OP] EFFE inv=FFFE len=1 #4 0b
2026-10-01 23:05:13.676 [OP] 472A inv=FE76 len=393 #3 54d8de1f862364510bdcfaa32b1f805b64510bdc36872b1f805b6451d5dcfaa3e5ad805b64510bdc41392b1f805b64514ddcfaa32b1f805ba48f0bdcfaa32b1f1fff64510bdcfaa32b1f805b64510bdcfaa32b1f805b64510bdcfaa32b1f805b64510bdcfaa32b1f805b64510bdcfaa32b1f805b64510bdcfaa32b1f805b64510bdcfaa32b1f805b64510bdcbdf82b1f1b95645153dcfaa3ccca805bc7580bdc
2026-10-01 23:05:13.763 [OP] 42CE inv=FFFB len=4 #3 c87f510b
2026-10-01 23:05:15.241 [OP] 46FE inv=FFFF len=0 #3 
2026-10-01 23:05:15.920 [OP] EFFE inv=FFFE len=1 #5 0b
2026-10-01 23:05:18.275 [OP] 4612 inv=FFF7 len=8 #1 ca805b64b4b252fa
2026-10-01 23:05:20.881 [OP] 4100 inv=FFF9 len=6 #3 98aa90f8157f
2026-10-01 23:05:20.976 [OP] 4101 inv=FC35 len=970 #3 a0ecfc0bdcfaa32b1f805b64a552155aa32b1f805b64510bdcfaa32b1f805b64510bdcfaa32b1f80bacdb2b2dcfa1a7c1f805b64510b069fa32b1f805b64510bdcfaa32b1f803ccdfc0b52faa32b1f805b646244dcfaf7f51f808955510b9b02a32bc8d97b81a552155a4e78c8d93564510b155a4e78ca7726b35c3828d7972b1f805b64510bdcfaf8fe8a805b64510bdcf4612b1f805b64510bdcfaa32b1f80
2026-10-01 23:05:21.956 [OUT] 1001 inv=FFF9 len=10 #3 f9ff01101f805b64510b
2026-10-01 23:05:43.255 [OP] 42CE inv=FFFB len=4 #4 c87f510b
2026-10-01 23:05:43.339 [OP] 472A inv=FE6C len=403 #4 54d8de1f0f5764510bdcfaa32b1f805b64510bdcfe212b1f805b6451d5dcfaa3a059805b64510bdc41392b1f805b64514ddcfaa32b1f805ba48f0bdcfaa32b1f1fff64510bdcfaa32b1f805b64510bdcfaa32b1f805b64510bdcfaa32b1f805b64510bdcfaa32b1f805b64510bdcfaa32b1f805b64510bdcfaa32b1f805b64510bdcfaa32b1f805b64510bdc7af82b1fc3956451f16ffaa3ccca805bc7580bdc
2026-10-01 23:05:45.582 [OP] 46FE inv=FFFF len=0 #4 
2026-10-01 23:05:47.485 [OP] 4613 inv=FFBF len=64 #1 f89523b79508512ec9e8e8dc9a071319587be3c49416ba41550758ec6fc4a32bcaaa95dfdf5f92f40253ab809464510b52faf82b1f7926b35c3828d7512b1f80
2026-10-01 23:05:49.491 [OP] 4100 inv=FFF9 len=6 #4 98aa5c7f907f
2026-10-01 23:05:49.587 [OP] 4101 inv=FBFD len=1026 #4 e38052faa32b1f805b64510b155a4e781f805b64510bdcfaa32b1f805b64510bdcfaa32b1f805b64fbb28b53a32b53ca5b64510bdcfa1a7c1f805b64510bdcfaa32b1f805b6455b252fa392b1f805b64510bb2dca32bd13b5b648a2bdcfa5acb1f807b81a552155a4e78c8d97b81530bdcfa4e78c8d995b0bc595ab12b21ab805b64510bdcfaa32b7683c064510bdcfaa34a8a805b64510bdcfaa32b1f805b64
2026-10-01 23:05:50.564 [OUT] 1001 inv=FFF9 len=10 #4 f9ff01101f805b64510b
2026-10-01 23:06:11.005 [OP] 472A inv=FE6C len=403 #5 54d8de1f34a164510bdcfaa32b1f805b64510bdcbb4d2b1f805b6451d5dcfaa313ad805b64510bdc41392b1f805b64514ddcfaa32b1f805ba48f0bdcfaa32b1f1fff64510bdcfaa32b1f805b64510bdcfaa32b1f805b64510bdcfaa32b1f805b64510bdcfaa32b1f805b64510bdcfaa32b1f805b64510bdcfaa32b1f805b64510bdcfaa32b1f805b64510bdc7af82b1f1b95645153dcfaa3ccca805b5c510bdc
2026-10-01 23:06:11.112 [OP] 42CE inv=FFFB len=4 #5 c87f510b
2026-10-01 23:06:15.109 [OP] 4100 inv=FFF9 len=6 #5 98aa65f8157f
2026-10-01 23:06:15.191 [OP] 4101 inv=FBC5 len=1082 #5 8a5dad805b64510bdcfaa32bc8d97b81510bdcfaa32b1f805b64510bdcfaa32b1f805b64510bdcfa5f3b9dca5b64a9fddcfaa32b1f8099d9510bdcfaa32b1f805b64510bdcfaa63bad80c464510bdcfaa32bf6455b645943dcfadf7f1f80807a510b155a4e78c8d97b81a552155ada2b1f807b81a5526fc616876c842d43450bdcfaa32b1f805b646d8766faa32b1f805b263b0bdcfaa32b1f805b64510bdcfa
2026-10-01 23:06:15.756 [OP] 46FE inv=FFFF len=0 #5 
2026-10-01 23:06:16.175 [OUT] 1001 inv=FFF9 len=10 #5 f9ff01101f805b64510b
2026-10-01 23:07:28.559 [OP] 4612 inv=FFF7 len=8 #2 ca805b64b4b252fa
2026-10-01 23:07:37.222 [OP] 4235 inv=FFFA len=5 #1 db67ce5b64
2026-10-01 23:07:39.384 [OP] 4613 inv=FFBF len=64 #2 f89523b79508512ec9e8e8dc9a071319587be3c49416ba41550758ec6fc4a32bcaaa95dfa85fb0f40253ab8094df0e0b52faf82b1f7926b35c3828d7512b1f80
2026-10-01 23:07:42.288 [OP] 4612 inv=FFF7 len=8 #3 ca805b64b4b252fa
2026-10-01 23:07:42.288 [OP] 4612 inv=FFF7 len=8 #4 ca805b64b4b252fa
2026-10-01 23:08:05.852 [OP] 4613 inv=FFBF len=64 #3 f89523b79508512ec9e8e8dc9a071319587be3c49416ba41550758ec6fc4a32bcaaa9564b3b25c220253ab80944b510be6faf82b1f7926b35c3828d7512b1f80
2026-10-01 23:09:37.641 [OP] 4612 inv=FFF7 len=8 #5 ca805b64b4b252fa
2026-10-01 23:09:41.658 [OP] 4018 inv=FFF0 len=15 #1 677a7f511b3e22a3265903946451b1
2026-10-01 23:09:42.666 [OP] 4613 inv=FFBF len=64 #4 f89523b79508512ec9e8e8dc9a071319587be3c49416ba41550758ec6fc4a32bcaaa95df624419f40253ab8094df580b90faf82b1f7926b35c3828d7512b1f80
2026-10-01 23:09:46.684 [OP] 4613 inv=FFBF len=64 #5 f89523b79508512ec9e8e8dc9a071319587be3c49416ba41550758ec6fc4a32bcaaa95df624419f40253ab8094df580b90faf82b1f7926b35c3828d7512b1f80
2026-10-01 23:15:40.088 [OP] 4031 inv=FF5C len=163 #1 39510cdc22a32b1faa5b5003b3a22d1d88ab6a30051648b0c54f67e87106671df42db834677c499871136a78ec4f67e88f138787e92a934f67c31663b97fb353001618b0a4a9e9744c6828349aa250a2d8899e38d5a8671213a96706a4b1ec34679694f3b3e1a6b6ccc29b40f32cce4d87f0775131a2b1f389f9140fb35120bb4c848980ef6e165119aeeb837bc06919740e23d0e4346451e49cfc58f33ee554
2026-10-01 23:17:47.469 [OP] F005 inv=FFE7 len=24 #1 26b35c3828d7972b1f805b64510bdcfaa3ce1f80897ea30c
2026-10-01 23:17:49.627 [OP] F005 inv=FFE7 len=24 #2 24c812922d93a32b1f805b64510bdcfaa3ce46efddeecdd0
2026-10-01 23:18:25.093 [SYS] 获得了#00FF00#1#FFF692#个#64FF7D#碧玉葫芦
2026-10-01 23:18:25.136 [OP] 4020 inv=FFE7 len=24 #2 e38052fa672bca8094cdfc0b91a7a32bca809564b20b36fa
2026-10-01 23:18:25.139 [OUT] 0045 inv=FFF7 len=12 #2 f7ff4500510bdcfafd2b1f80
2026-10-01 23:18:25.213 [OP] 4025 inv=FFF5 len=10 #2 fd533832c4df51ece2fa
2026-10-01 23:21:54.909 [OP] F005 inv=FFE7 len=24 #3 24c812922d93a32b1f805b64510bdcfaa3de27cab9502f9f
2026-10-01 23:22:05.150 [OP] F005 inv=FFE7 len=24 #4 26b35c3828d7972b1f805b64510bdcfaa3de1f80897ea30c
2026-10-01 23:23:04.055 [OP] F005 inv=FFE7 len=24 #5 26b35c3828d7972b1f805b64510bdcfaa3cef807897ea30c
2026-10-01 23:24:19.570 [OP] 43F1 inv=FFFA len=5 #1 33b4de1faa
2026-10-01 23:24:48.490 [OP] 43F1 inv=FFFA len=5 #2 33b4de1fc7
2026-10-01 23:25:43.101 [OP] 43F1 inv=FFFA len=5 #3 33b4de1faa
2026-10-01 23:27:09.305 [OP] 4031 inv=FFE8 len=23 #2 dd51c4dcdca32b1faa5b6ddde37dd54a2b1f66bfeb220b
2026-10-01 23:27:15.434 [OP] 4031 inv=FF5C len=163 #3 39510cdc22a32b1faa5b5003b3a22d1d88ab6a30051648b0c54f67e87106671df42db834677c499871136a78ec4f67e88f138787e92a934f67c31663b97fb353001618b0a4a9e9744c6828349aa250a2d8899e38d5a8671213a96706a4b1ec34679694f3b3e1a6b6ccc29b40f32cce4d87f0775131a2b1f389f9140fb35120bb4c848980ef6e165119aeeb837bc06919740e23d0e4346451e49cfc58f33ee554
2026-10-01 23:32:21.292 [OUT] 1004 inv=FFF3 len=16 #1 f3ff04100e0c042b5980d064510bdcfa
2026-10-01 23:32:21.475 [OP] 4110 inv=FFFD len=2 #1 5f2b
2026-10-01 23:32:22.424 [OUT] 1004 inv=FFF3 len=16 #2 f3ff04100e0c042b59802364510bdcfa
2026-10-01 23:32:22.583 [OP] 4110 inv=FFFD len=2 #2 b42b
2026-10-01 23:32:24.091 [OUT] 1004 inv=FFF3 len=16 #3 f3ff04100e0c042b5980d064510bdcfa
2026-10-01 23:32:24.092 [OUT] 1004 inv=FFF3 len=16 #4 f3ff04100e0c042b59802364510bdcfa
2026-10-01 23:32:24.390 [OP] 4110 inv=FFFD len=2 #3 5f2b
2026-10-01 23:32:24.578 [OP] 4110 inv=FFFD len=2 #4 b42b
2026-10-01 23:32:36.473 [OUT] 1004 inv=FFF3 len=16 #5 f3ff04100e0c042b59802364510bdcfa
2026-10-01 23:32:36.631 [OP] 4110 inv=FFFD len=2 #5 b42b
2026-10-01 23:46:39.372 [OP] 40E6 inv=FFF3 len=12 #1 8a5dad806ccd510bdcfaa32b
2026-10-01 23:46:39.372 [OP] 40E0 inv=FED1 len=302 #1 e38052fad1de1f805b64510bc5faa32b1f805b648cd0dcfaa32b1f803464510bdcfaa32bd6875b64fc0bdcfa392b1f804864510b52faa32bad805b64c10bdcfa392b1f806764510b54faa32bad805b64917fdcfa8e2b1f809564510b3efaa32b4e805b640b0bdcfa232b1f800d64510b8ffaa32b1f805b64510bdcfaa32b1f805b64510bdcfaa32b1f805b64430bdcfaa32b1f805b64510bdcfaa32b1f805b64
2026-10-01 23:46:39.372 [OP] 40E3 inv=FFF3 len=12 #1 e90e392bca075b64db0b6ffa
2026-10-01 23:46:39.372 [OP] 40E2 inv=FFF3 len=12 #1 a0ecfc0b6ffa732b45809564
2026-10-01 23:46:39.372 [OP] 4233 inv=FFFA len=5 #1 677a7f510b
2026-10-01 23:46:39.372 [OP] 40F6 inv=FFEF len=16 #1 8a5dad804e6f510bdcfaa32b1f809564
2026-10-01 23:46:39.372 [OP] 4232 inv=FF60 len=159 #1 9c23d0dce0a32b1f4f5b645127dcfaa3de1f805b6f510bdc1c462b1f805b64510bdcfaa32b1f805b64510bdcfaa32b1f805b64510bdcfaa3a79d805b64510bdc63f82b1f805b6451e28bfaa32b1f805b41580bdcfaa32b1f567a64516f52faa30959805b15510bdc25a32b1fef5b6451c4dcfaa32ead805b14510bdcc5a32b1f445b64510bdcfaa32cd672eca2d661e2b05b931f805b64510bdcfaa32b1f80
2026-10-01 23:46:39.372 [OP] 4210 inv=FFF3 len=12 #1 ac0bdcfae82b1f80a0ecfc0b
2026-10-01 23:46:39.387 [OUT] 0185 inv=FFF7 len=12 #1 f7ff8501dcfaa32bc8d97b81
2026-10-02 00:00:00.625 [SYS] #FFCC00#寄售行已打烊，暂停寄售交易，预计 02:00 恢复营业。
2026-10-02 00:00:00.963 [SYS] 今日的许愿已结束，下次开放时间12:00
2026-10-02 00:00:10.592 [OP] 4210 inv=FFF3 len=12 #2 ac0bdcfae82b1f80c6ecfc0b
2026-10-02 00:04:14.164 [PIPE] controller disconnected
2026-10-02 00:04:21.870 [PIPE] controller connected
2026-10-02 00:04:21.870 [PIPE] controller disconnected
2026-10-02 00:04:41.598 [INIT] dll unloaded
2026-10-02 00:04:44.491 [INIT] dll loaded, pid=25644
2026-10-02 00:04:44.492 [INIT] codec loaded OK
2026-10-02 00:04:44.492 [INIT] iat hooks: recv=1 send=1 WSASend=1 connect=1 closesocket=1
2026-10-02 00:04:44.496 [OV] overlay window ready
2026-10-02 00:04:45.372 [OP] 47C0 inv=FFE8 len=23 #1 98f893b53327f80bfbc6515768a57c7fd958b1b26e8b6f
2026-10-02 00:04:45.373 [OP] 47C0 inv=FFF3 len=12 #2 0253ca7c7fd958b1b26e8b6f
2026-10-02 00:04:45.374 [OP] 47C0 inv=FFEA len=21 #3 51cac7be2831ec8bf1bc70ec6badd958b107dc946f
2026-10-02 00:04:45.374 [OP] 47C0 inv=FFF3 len=12 #4 0253ca6badd958b107dc946f
2026-10-02 00:04:45.374 [OP] 47C0 inv=FFF3 len=12 #5 0253ca3cadd958b1586e746f
2026-10-02 00:04:46.369 [OP] 4612 inv=FFF3 len=12 #1 90faa32b7207c46412b252fa
2026-10-02 00:04:46.369 [OP] 4612 inv=FFF3 len=12 #2 90faa32b7207c46412b252fa
2026-10-02 00:04:46.493 [OP] 4211 inv=FFF6 len=9 #1 aa5b6451c03e22a34a
2026-10-02 00:04:46.493 [OP] 4211 inv=FFF6 len=9 #2 aa5b6451af3e22a34a
2026-10-02 00:04:46.493 [OP] 4211 inv=FFF6 len=9 #3 aa5b6451cd3e22a34a
2026-10-02 00:04:46.520 [OP] EFFE inv=FFFE len=1 #1 0b
2026-10-02 00:04:47.315 [OP] 4100 inv=FFF9 len=6 #1 98aa57f855ec
2026-10-02 00:04:47.434 [OUT] 1F51 inv=FFFF len=4 #1 ffff511f
2026-10-02 00:04:47.592 [OP] 4F52 inv=FFFF len=0 #1 
2026-10-02 00:04:47.733 [OP] 4101 inv=FBFD len=1026 #1 e38052faa32b1f805b64510b155a4e781f805b64510bdcfaa32b1f805b64510bdcfaa32b1f805b64fbb28b53a32b53ca5b64510bdcfa1a7c1f805b64510bdcfaa32b1f805b6455b252fa392b1f805b64510bb2dca32bd13b5b648a2bdcfa5acb1f807b81a552155a4e78c8d97b81530bdcfa4e78c8d995b0bc595ab12b21ab805b64510bdcfaa32bf083c064510bdcfaa3e4f3805b64510bdcfaa32b1f805b64
2026-10-02 00:04:48.363 [OUT] 1001 inv=FFF9 len=10 #1 f9ff01101f805b64510b
2026-10-02 00:04:48.593 [OP] 4108 inv=FFE3 len=28 #1 2e87c464510bdcfa21531f80d8f8510bce40515d1f805b64510bdcfa
2026-10-02 00:04:48.679 [OP] 4108 inv=FFE3 len=28 #2 2e87c464510bdcfa22531f80d8f8510bce40515d1f805b64510bdcfa
2026-10-02 00:04:48.682 [OP] 4108 inv=FFF3 len=12 #3 e90e392b1f805b64510bdcfa
2026-10-02 00:04:48.682 [OP] 4108 inv=FFF3 len=12 #4 e90e392b1f805b64580bdcfa
2026-10-02 00:04:48.682 [OP] 4108 inv=FFF3 len=12 #5 e90e392b1f805b640e0bdcfa
2026-10-02 00:04:48.682 [OP] 4104 inv=FFFB len=4 #1 0a081f80
2026-10-02 00:04:48.682 [OP] 4104 inv=FFFB len=4 #2 0a081faa
2026-10-02 00:04:48.682 [OP] 4104 inv=FFFB len=4 #3 0a081fc7
2026-10-02 00:04:48.682 [OP] 4104 inv=FFFB len=4 #4 3cae1fce
2026-10-02 00:04:48.682 [OP] 4104 inv=FFFB len=4 #5 0a081f12
2026-10-02 00:04:49.295 [PIPE] controller connected
2026-10-02 00:04:49.477 [OP] 4612 inv=FFF7 len=8 #3 ca805b64fb8052fa
2026-10-02 00:04:49.982 [OP] 43F1 inv=FFFA len=5 #1 33b4de1fc7
2026-10-02 00:04:50.675 [OP] 4105 inv=FFFE len=1 #1 3d
2026-10-02 00:04:50.675 [OP] 4105 inv=FFFE len=1 #2 c0
2026-10-02 00:04:50.680 [OP] 4105 inv=FFFE len=1 #3 af
2026-10-02 00:04:50.780 [OP] 4109 inv=FF7B len=132 #1 2e87c464580b6fe8a37c1f805b64510b13f4a32ba58021df0b0b40c43993e780cf26510b10aea32bade7c36451ecdcfaa3ad9f8762df510b9dfaa32b1f805b64510bdcfa40ce1f80a808510b52e8232b1faa5b648fecdcfa824a1f805b64510bdcfaa32bc0ef5b6467d5dcfa399362805bdf510b7cc4a32bcf815ed9510bdcfaccd01f80
2026-10-02 00:04:50.874 [OP] 4106 inv=FFFC len=3 #1 a539ee
2026-10-02 00:04:50.875 [OP] 4106 inv=FFFC len=3 #2 e239ed
2026-10-02 00:04:50.875 [OP] 4106 inv=FFFD len=2 #3 f8cb
2026-10-02 00:04:50.875 [OP] 4111 inv=FFFD len=2 #1 a164
2026-10-02 00:04:51.896 [OP] 4612 inv=FFF7 len=8 #4 ca805b64418052fa
2026-10-02 00:04:52.803 [OP] 4109 inv=FF13 len=236 #2 e90e392bca80c42651c0dcfaa32b1f809564510be6fa5553a5809fdfb275c4faf82b1f80bc7f510b8b47db2b1faa5b6451ecdcfa4b531f805f64510bdcfaa32b1f805b64580bdcfad3de1f801cbe0b0bdcfaa32b1faa5b64580bdcfad3de1f801cbe830bdcfaa32b1f805b6486d0dcfacf4a1f801c530e0bdcc4a32b44aa5b64f87fdcfaa32b1f805b64510b6b22a32b41125b64b275e6faa3531f807fdf510b
2026-10-02 00:04:52.897 [OP] 4111 inv=FFFD len=2 #2 d064
2026-10-02 00:04:52.899 [OP] 4112 inv=FFFD len=2 #1 6ac4
2026-10-02 00:04:53.958 [OP] 4109 inv=FD57 len=680 #3 a0ecfc0b6ffa207c1f805b64510bdcfaf82b1f800d64a6d08ffa8fde9d795764580bdcfab6ce1f801cb0510bdce8a32b1faa5b6477ecdcfa7f2b1f805b64510bdcfaa32bb6aa5b64da0bdcfaa32b1f805b64510b6ffaa32bb7ef5b64b2c06ffaa3531f805b64510b25c4a32b24805b64510bdcfaa32b1f809564510baeaea32b9d77946451ecdcfaa3531f80d1df510b31faa32b1f805b64510bdcfaf82b1f80
2026-10-02 00:04:54.043 [OP] 4111 inv=FFFD len=2 #3 5764
2026-10-02 00:04:55.629 [OP] 4109 inv=FFB7 len=72 #4 2e87c464517f6fc4a32b1f805b64510b07faa32bad775b6487b1dcfa40ce1f80577f0e7f07faa32b39125b640ed05efaa32b1f805b64510b8222a32b39125b64080b5efaa32b1f80
2026-10-02 00:04:55.728 [OP] 4105 inv=FFFE len=1 #4 d0
2026-10-02 00:04:55.728 [OP] 4106 inv=FFFD len=2 #4 a3de
2026-10-02 00:04:55.728 [OP] 4105 inv=FFFE len=1 #5 d5
2026-10-02 00:04:55.728 [OP] 4106 inv=FFFD len=2 #5 f8d9
2026-10-02 00:04:55.728 [OP] 4111 inv=FFFD len=2 #4 c464
2026-10-02 00:04:56.946 [OP] 4109 inv=FF0F len=240 #5 a0ecfc0b6ffafd4a1f805b64510bdcfaf82b1f80c36446b16afa384a9d804064580bdcfabf6f1f801c082d0bdcfaa32b1f805b64580bdcfabf6f1f801c08410bdcfaa32b1f80f67f580bdcfabf6f1f801c088e0bdcfaa32b1f80a3d3580bdcfabf6f1f801c087c0bdcfaa32b1f8008642c75dcfabf6f1f801c642d0bdcc4a32b23aa5b64715e54dca32b1f803000510bab5ba32bb08c5b64b20b4ffaa3531f80
2026-10-02 00:04:57.037 [OP] 4111 inv=FFFD len=2 #5 4064
2026-10-02 00:04:57.607 [OUT] 1F51 inv=FFFF len=4 #2 ffff511f
2026-10-02 00:04:57.648 [OP] 4F52 inv=FFFF len=0 #2 
2026-10-02 00:04:59.310 [OUT] 1004 inv=FFF3 len=16 #1 f3ff04100e0c042b59802364510bdcfa
2026-10-02 00:04:59.448 [OP] 4112 inv=FFFD len=2 #2 dcc4
2026-10-02 00:04:59.448 [OP] 4112 inv=FFFD len=2 #3 90c4
2026-10-02 00:04:59.448 [OP] 4112 inv=FFFD len=2 #4 e6c4
2026-10-02 00:04:59.448 [OP] 4110 inv=FFFD len=2 #1 b42b
2026-10-02 00:05:02.081 [OP] 4112 inv=FFFD len=2 #5 6fc4
2026-10-02 00:05:06.548 [OP] EFFE inv=FFFE len=1 #2 0b
2026-10-02 00:05:06.686 [OP] 472A inv=FE6C len=403 #1 54d8de1fb35c64510bdcfaa32b1f805b64510bdc98572b1f805b64510bdcfaa374ca805b64510bdc60392b1f805b6451e8dcfaa32b1f805ba93c0bdcfaa32b1f1fff64510bdcfaa32b1f805b64510bdcfaa32b1f805b64510bdcfaa32b1f805b64510bdcfaa32b1f805b64510bdcfaa32b1f805b64510bdcfaa32b1f805b64510bdcfaa32b1f805b64510bdc7af82b1f1b956451f16ffaa3ccca805bd3580bdc
2026-10-02 00:05:06.782 [OP] 42CE inv=FFFB len=4 #1 c87f510b
2026-10-02 00:05:06.782 [OP] 4211 inv=FFF6 len=9 #4 aa5b6451e3a722a34a
2026-10-02 00:05:06.782 [OP] 4211 inv=FFF6 len=9 #5 aa5b6451a4a722a34a
2026-10-02 00:05:12.854 [OP] 4613 inv=FFCA len=53 #1 53cb740edf0b0b6fc4f853caaa95df58ec6fc4f82b1faa95df51f902b1f851cad45bf8510bdce8a3531f8040e5d9a203d5592b1f80
2026-10-02 00:05:13.251 [OP] 4612 inv=FFF7 len=8 #5 ca805b641d2890fa
2026-10-02 00:05:13.792 [OP] 46FE inv=FFFF len=0 #1 
2026-10-02 00:05:13.876 [OP] 4100 inv=FFF9 len=6 #2 98aa987f20ec
2026-10-02 00:05:13.967 [OP] 4101 inv=FBC5 len=1082 #2 8a5dad805b64510bdcfaa32bc8d97b81510bdcfaa32b1f805b64510bdcfaa32b1f805b64510bdcfa5f3b9dca5b64a9fddcfaa32b1f8099d9510bdcfaa32b1f805b64510bdcfaa63bad80c464510bdcfaa32bf6455b645943dcfadf7f1f80807a510b155a4e78c8d97b81a552155ada2b1f807b81a5526fc616876c842d43450bdcfaa32b1f805b64518766faa32b1f805b4baf0bdcfaa32b1f805b64510bdcfa
2026-10-02 00:05:14.005 [OUT] 1F51 inv=FFFF len=4 #3 ffff511f
2026-10-02 00:05:14.047 [OP] 4F52 inv=FFFF len=0 #3 
2026-10-02 00:05:14.931 [OUT] 1001 inv=FFF9 len=10 #2 f9ff01101f805b64510b
2026-10-02 00:05:17.558 [OP] EFFE inv=FFFE len=1 #3 0b
2026-10-02 00:05:21.767 [OP] 4613 inv=FF57 len=168 #2 fc65d6b23ed9cdaa95dfde5038ca0bb0ca543c0a49e3a4663153caaa9535debfdcfaf853ca803cc6b3ec1ec4972b591c3a64830b6fc4a324415c9052e7617afaa32b60740edf0bb26fc4f853caaa95df58ec6fc4f82b1faa95df51f902b1f851cad45bf8ce15dce8a32b1f8040e5eac88d7f152b1f808a2023ece6c2f853caaa95df58ec6fc4f853ca805bdf58ecdc297234cab39566517fc6faa3931f805b64
2026-10-02 00:05:21.767 [OP] 4613 inv=FF98 len=103 #3 9360740edf0bb26fc4f853caaa95df58ec6fc4f82b1faa95df51f902b1f851cad45bf8ce15dce8a32b1f8040e5eac88d7f152b1f808a2023ece6c2f853caaa95df58ec6fc4f853ca805bdf58ecdc297234cab39566517fc6faa3931f805b64b2e9ef6c702b1f80
2026-10-02 00:05:21.769 [OP] 4613 inv=FFCC len=51 #4 aa8a2023ece6c2f853caaa95df58ec6fc4f853ca805bdf58ecdc297234cab39566517fc6faa3931f805b64b2e9ef6c702b1f80
2026-10-02 00:05:24.069 [OUT] 1F51 inv=FFFF len=4 #4 ffff511f
2026-10-02 00:05:24.113 [OP] 4F52 inv=FFFF len=0 #4 
2026-10-02 00:05:25.775 [OP] 4613 inv=FF57 len=168 #5 fc65d6b23ed9cdaa95dfde5038ca0bb0ca543c0a49e3a4663153caaa9535debfdcfaf853ca80e6c62eec1ec4972b595b5b64830b6fc4a324415c9052e7617afaa32b60740edf0bb26fc4f853caaa95df58ec6fc4f82b1faa95df512b02fbf851cad45bf84320dce8a32b1f8040e5eac88d7f152b1f808a2023ece6c2f853caaa95df58ec6fc4f853ca805bdf58ecdc2f721acab39566517f52faa3931f805b64
2026-10-02 00:05:31.279 [OUT] 1004 inv=FFF3 len=16 #2 f3ff04100e0c042b59802364510bdcfa
2026-10-02 00:05:31.390 [OP] 4110 inv=FFFD len=2 #2 b42b
2026-10-02 00:05:34.138 [OUT] 1F51 inv=FFFF len=4 #5 ffff511f
2026-10-02 00:05:34.181 [OP] 4F52 inv=FFFF len=0 #5 
2026-10-02 00:05:36.596 [OP] EFFE inv=FFFE len=1 #4 0b
2026-10-02 00:05:38.561 [OP] 472A inv=FE6C len=403 #2 54d8de1f2dba64510bdcfaa32b1f805b64510bdc665f2b1f805b64510bdcfaa3da59805b64510bdc60392b1f805b6451e8dcfaa32b1f805ba93c0bdcfaa32b1f1fff64510bdcfaa32b1f805b64510bdcfaa32b1f805b64510bdcfaa32b1f805b64510bdcfaa32b1f805b64510bdcfaa32b1f805b64510bdcfaa32b1f805b64510bdcfaa32b1f805b64510bdcbdf82b1f2c5b6451fa6ffaa391ca805bd3580bdc
2026-10-02 00:05:38.651 [OP] 42CE inv=FFFB len=4 #2 c87f510b
2026-10-02 00:05:42.762 [OP] 4100 inv=FFF9 len=6 #3 98aa55df07ec
2026-10-02 00:05:42.845 [OP] 4101 inv=FBC5 len=1082 #3 8a5dad805b64510bdcfaa32bc8d97b81510bdcfaa32b1f805b64510bdcfaa32b1f805b64510bdcfa5f3b9dca5b64a9fddcfaa32b1f8099d9510bdcfaa32b1f805b64510bdcfaa63bad80c464510bdcfaa32bf6455b645943dcfadf7f1f80807a510b155a4e78c8d97b81a552155ada2b1f807b81a5526fc616876c842d43450bdcfaa32b1f805b64518766faa32b1f805b4baf0bdcfaa32b1f805b64510bdcfa
2026-10-02 00:05:43.835 [OUT] 1001 inv=FFF9 len=10 #3 f9ff01101f805b64510b
2026-10-02 00:05:44.000 [OP] 46FE inv=FFFF len=0 #2 
2026-10-02 00:05:46.597 [OP] EFFE inv=FFFE len=1 #5 0b
2026-10-02 00:06:06.838 [OP] 472A inv=FE76 len=393 #3 54d8de1fb41b64510bdcfaa32b1f805b64510bdce2bc2b1f805b64510bdcfaa36959805b64510bdc60392b1f805b6451e8dcfaa32b1f805ba93c0bdcfaa32b1f1fff64510bdcfaa32b1f805b64510bdcfaa32b1f805b64510bdcfaa32b1f805b64510bdcfaa32b1f805b64510bdcfaa32b1f805b64510bdcfaa32b1f805b64510bdcfaa32b1f805b64510bdcb5a32b1f2c5b6451fa6ffaa3ccca805b5c510bdc
2026-10-02 00:06:06.923 [OP] 42CE inv=FFFB len=4 #3 c87f510b
2026-10-02 00:06:11.954 [OP] 4100 inv=FFF9 len=6 #4 98aae22676ec
2026-10-02 00:06:12.051 [OP] 4101 inv=FC6D len=914 #4 8a5dad805b64510bdcfaa32bc8d97b81510bdcfaa32b1f805b64510bdcfaa32b1f805b64510bdcfa5f3b9d4e5b64a9fddcfaa32b1f8099d9510bdcfaa32b1f805b64510bdcfaa63bad80c464510bdcfaa32bf6455b645943dcfadf7f1f80807a510b155a4e78c8d97b81a552155ada2b1f807b81a5526fc616876c842d43450bdcfaa32b1f805b64518766faa32b1f805b4baf0bdcfaa32b1f805b64510bdcfa
2026-10-02 00:06:13.020 [OUT] 1001 inv=FFF9 len=10 #4 f9ff01101f805b64510b
2026-10-02 00:06:14.204 [OP] 46FE inv=FFFF len=0 #3 
2026-10-02 00:06:18.562 [INIT] dll unloaded
2026-10-02 00:06:18.597 [INIT] dll loaded, pid=25644
2026-10-02 00:06:18.597 [INIT] codec loaded OK
2026-10-02 00:06:18.598 [INIT] iat hooks: recv=1 send=1 WSASend=1 connect=1 closesocket=1
2026-10-02 00:06:18.600 [OV] overlay window ready
