2026-10-02 08:17:49.120 [INIT] dll loaded, pid=19732
2026-10-02 08:17:49.120 [INIT] codec loaded OK
2026-10-02 08:17:49.120 [INIT] iat hooks: recv=1 send=1 WSASend=1 connect=1 closesocket=1
2026-10-02 08:17:49.124 [OV] overlay window ready
2026-10-02 08:18:00.642 [PIPE] controller connected
2026-10-02 09:11:07.955 [CONNECT] main sock 2560 -> 8484
2026-10-02 09:11:08.013 [OUT] 0FFF inv=FBC6 len=260 #1 c6fbff0f61975ee409ed551f805b64510bdcfaa32ba5805b64fb0bdcfaa32b1f807d3e76badcfaa32b1f805b64510bdcfa212b1f802264510bdcfaa32bb997246e510bdcfaa32b1f805b64510b5efaa32bd5805b64510bdcfa2a306ea3f779e3fcdcfaa32b1f805b64510bdcfaa32b1f805b64510bdcfaa32b1f805b64510bdcfaa32b1f805b04ab8a719397afb0285b64510bdcfaa3bb1f805ba9510bdcfaa32b1f805b64510bdcfaa32b1f805b64510bdcfaa32b1f805b64510bdcfaa32b1f805b78101336cefc2b1fab23093141bddc9a2b68365c387cc8c653770f5abc1e34510bdcfaa32b1f805b640b0bdcfa5f2b1f805b64510b0bc079ff1f805b64510bdcfaa3
2026-10-02 09:11:08.447 [OP] 4002 inv=FF8B len=116 #1 9528edc8e27670c54572cb4f40127ade51c5ac28cbe0902db87e812c4a726f4dc98a7654a63bad80c464510bdcfaa32bd13b5b646244dcfadf7f1f80807a510b155a4e78c8d97b81510bdcfada2b1f809564510ba7faa32b98aa5b645894dcfadb02074c724ed494dcfaa32b1f805b64510bdcfa
2026-10-02 09:11:09.782 [OUT] 0004 inv=FDD2 len=260 #1 d2fd04000cdcfaa3355ad665c4940bdcfaa32b1f805b6451d5dcfaa3321f805b64510bdc8b38b901805b64510bdcfaa32b1f805bb0510bdc84a32b1f805b6451fbecd8d22b1f805b64510bdcfaa32b1f775b645182dcfaa32b1f805be945c873faa32b1f805b64510bdcfaa3671f805bb5510bdcfaa32b1f7dcd7cb29f1dd0fd5151911c64510bdcfaa32b1f7221a87fa0e23a8137fa69da897f63d33afbaf8be3cc4fd6fce2a2c385a050a064510bdcfaa32b1f805b64510bdcfaa32b1f805b64510bdcfaa32b1f805b64510bdcfaa32b1f805b64510bdcfaa32b1f805b64510bdcfaa32b1f805b64510bdcfaa32b1f805b64510bdcfaa32b1f805b64510bdcfaa32b1f
2026-10-02 09:11:09.857 [OP] 4014 inv=FFEA len=21 #1 0cca805bcd510bdca17d3bf3805b64512dc291f82b
2026-10-02 09:11:09.904 [OP] 46F2 inv=E407 len=7160 #1 ff1106ab302fdce91f0ad8e5b4642e4e53e78b691fb86633330b611b8031868f5b9196134afa12fc89c8dbfd51e40cfc302be584f0555193d0b4ece86680e67076f97457a331c97c32675b0bcdfdb07a1e825b8deb693a66a62b0bc18b8ddd9bdc80d743825f7164b1beb6b7a377757ed3ef0d0b5a80a14b721a5b50332eeffab0a897324f5d51fb9223df2ba79abca006b5dc6d0bb30a712664d772ad9ba13c
2026-10-02 09:11:09.962 [OP] 46F2 inv=E409 len=7158 #2 be4325e90c43a33135c270e5ba0aa8fa4159123d85a151a4a4b7ad2bae2d54ff6568dcfc1d82ed1606e3060b0811f021279fbd69513223974466083a5bcef68374fc3f829a803e2033196060eae61fb552226b83daa5492bbf06dbe1b36aad04a3e950e96909d42e6efa6061c327bee6b45cdc2ba1b355d58a694a0bb605ad994bf5becc51de7c46a82bab8e1aa41d3cdc8d6a488637e064b349c938c2f40efb
2026-10-02 09:11:10.013 [OP] 46F2 inv=E40A len=7157 #3 fb1acfaed1339d6c802debb3f3dc4ed18b117c5401be0b6e68f0cf1f293350db0b0359650a1f7a6d09c00bd80733b31fd509e1e40b53d72b8b1f8f06ff8232c9fab012ff112eda51e979f1d32bc299d7aa517d2633862bfaf2ee64b1f20feba3953105e5644cbc7ddb809a121d5b09be0aa8fc3f4d7680fffa7301a129639d1f4cf069f70bf09b50651f5f32fdbe608afa6079279fe96876d2dcd1f0b395d36d
2026-10-02 09:11:10.013 [OP] 46F2 inv=E40A len=7157 #4 5003ae65245c23543cc2c8b1deb146042b0ba6af2db3abf0fc80a1ff2e716725a2dcd129c2080c32e1256c2b971d2b2a4ae9c34d196201f9861f8f2bd89c3ca446b0b3bb3c836435e86977b04bb5e5d7e31246dc3b5e6138867122356cad97e32b42b2b2ed33e36eef019b1f23262d5c28f857a3a1505ee45003119cfa3394d00b8bed3596dc12168616bc5bc9bc186201d4fc1f0696b7ea97513816b999e909
2026-10-02 09:11:10.013 [OP] 46F2 inv=E403 len=7164 #5 c9bb65d6d07bb29b5185ca4e499e7096b264068fc9ef6c457c9926132e2e943243bce4bb5b017a5c7703ff6e3980cb1b0c4a77ef128b1fb12c6d81343938162bc334836bb464743863c90e345b5003ae655e6fddffb863d8931b764eb0190e80db8c13182359dc9ee41a9fa6135a7438a349bde909e37aca14d958434380db8c1318dac8c2337cb0413f51a2b0ac1d319a7e89ff01e98ab47523d280e9c34d19
2026-10-02 09:11:10.068 [OP] E001 inv=FFAF len=80 #1 580be8a3a32b1f80b77cb9b3ebffc88a0c5c5a4da476a3a1c95ee6c51d4d2439242070384597fb57d5b3bf5f24463e3bd83dbc595ab12b21ab6016897110e95497cd8b215b64d6666ffaa32b1f805b64
2026-10-02 09:11:10.111 [OP] 4011 inv=FC8D len=882 #1 a63bad800e64510b6c2e0c5c6465ec21c7120e2eba381f173ede1d1a748c65a0d39960e58047e2faa32b1f805b640ac32414fabea05396c1e7e13ca1c95ee6803ed0877d0750094bf741da4ffcd5dcfaa32b1f801dc1c703a3459d0beb24b180793aeeea13a94569b64d510b3bf4a32b1f807a64510bdcfaa32b41d6814d0aa0012e9f2c1faa5b64510bdcfaa32b1f805b64510b0cc4a32bb2ce5b64510bdcfa
2026-10-02 09:11:10.111 [OP] 4015 inv=F963 len=1692 #1 b907c464fc0bdcfaa32b1f80d531510bb2dca32b0daf5b64907edcfa4e78c8d97d27510be2b6a32b616d5b642fafdcfa4e78c8d97b81a552155a4e78c8d97b8151b1dcfa3d531f807c64510b5afaa32becc75b646cd5dcfaa32b1f805b64510b155a4e7853ca5b64510bdcfa5a531f805b64510b069fa32b1f805b64c10bdcfaa32b1f80f764510b70bceb6b1f805b6474bf83bca32b1f805b64510bdcfaa32b
2026-10-02 09:11:10.114 [OP] 4B45 inv=EDDA len=4645 #1 b4b4de1f1b40645133755f7f5b5a5db104e815ac7ccd30eb5d1e07e7124020c32cfea3f498c581ac6791150269754dc58eb8a225f9a97675c1cf25a33570a9d66e5aa8dc03acb0e7dc9fc5821779907a67c3f921d46f98c5cef3679f2a4588f22337b86cd4fc8afa5b424dd6c6ce0b25f9a97675c1efa0fe14f4306e8eb119f2ddf2ea70e40c53ec9402104e26cd30ebc41e5bc995ac264255e2c5827837956c
2026-10-02 09:11:10.161 [OP] 4055 inv=FFF7 len=8 #1 3ccdfc0bdcfaa32b
2026-10-02 09:11:10.161 [OP] 4042 inv=FFF7 len=8 #1 07c2392b1f805b64
2026-10-02 09:11:10.162 [OP] 4056 inv=FFF7 len=8 #1 07c2392b1f805b64
2026-10-02 09:11:10.162 [OP] 4055 inv=FFF7 len=8 #2 3ccdfc0bdcfaa32b
2026-10-02 09:11:10.162 [OP] 4045 inv=FF4F len=176 #1 b907c464da0bdcfaa32b1f80c364510b0afaa32b17805b647e0bdcfab12b1f802164510b2ffaa32bf6805b64d10bdcfaf12b1f802c64510b53faa32be4805b64b10bdcfa012b1f80e664510b2bfaa32bb2805b64f70bdcfa752b1f80f164510b4ec4a32bb3aa5b6466ecdcfa73531f8045f8510bb322a32bdd125b644db1dcfaa24a1f80db26510b28f4a32b52125b6455b1dcfa1a6f1f8015dd510b3bcaa32b
2026-10-02 09:11:10.162 [OP] 4041 inv=FFEA len=21 #1 b3f3ce5bc651ec1524ff4386e941eb03697c80802b
2026-10-02 09:11:10.162 [OP] 017E inv=FFED len=18 #1 a63bad8095df58ec6fc4f853caaa95df58ec
2026-10-02 09:11:10.162 [OP] 4B49 inv=FFF7 len=8 #1 b907c464510bdcfa
2026-10-02 09:11:10.164 [OP] 40FB inv=FFF9 len=6 #1 a63bad805b64
2026-10-02 09:11:10.164 [OP] 4613 inv=FFBE len=65 #1 c49c1c10aa4064291790104263bc7913195826e3c4a646d741550758ec6fc4a32bcaaa956462082a220253ab809457080b8bfaf82b1f7926b35c3828d7972b1f80
2026-10-02 09:11:10.164 [OP] 40A0 inv=FF07 len=248 #1 3ccdfc0b8b0e392b8e125b64637fdcfadb4a329abdea13f2dcfaa32b1f805b64510bdcfaa32b1f805b64510bdcfaa32b1f805b64510bdcfaa32b1f8039f80dd0d9e8f0de16605b6439ecdcfadb4ac3548a70b10541bbea0232805b64510bdcfaa32b1f805b64510bdcfaa32b1f805b64510bdcfaa32b1f806408c4ecfbe048536e605b6439ecdcfadb4ac3548a70b10541bbea0232805b64510bdcfaa32b1f80
2026-10-02 09:11:10.165 [OP] 4613 inv=FE75 len=394 #2 a595e6af58d5dc185924e50d948a8c7516012395d8c7957403756fcf8e53caaa956451ec6fc4f8bf6249c4965894dcfacd301f125bdf510b36ac6add127e989bf90bdcfa941c10aa4064291790104223f31c75df84cf6f32929f9e3fe1df58ec6ffaa353caaa95fa83ef5298f8541fc7ec9451d5dcc4f82b623cc83369938c0ba32b1f29e5af58d5dc590193f6a3e9cd194f6fc4a6463041550758ec6fc4a32b
2026-10-02 09:11:10.165 [OP] E062 inv=FFCD len=50 #1 9564510bbafa7f3b6c1d985c5579b6947349b2274cf9bc85b1032b25a8ed96784c181874c2d4d0f1d73f332b0b7873baa880
2026-10-02 09:11:10.165 [OP] E062 inv=FFDB len=36 #2 90faa32bee80eecd052a78b83467e8a4f369c5ce4dd0cb56fef33ab76de3b664c159bf80
2026-10-02 09:11:10.165 [OP] E062 inv=FFD6 len=41 #3 ce5b64516edcc0b44bd3a4302774b37803306ed87c542e911708d8c1c6127e0648f7caa14edf3c9780
2026-10-02 09:11:10.165 [OP] E062 inv=FFBD len=66 #4 8bfaa32b2180eecd052a78b83467e8a4f369c56648a6e72307f33ab76d5c192bceebd9b1e97b6f2e14b753eb4b4c723354115f2b04230737be87299ce0ac5c311c80
2026-10-02 09:11:10.165 [OP] E062 inv=FFD2 len=45 #5 aea32b1ffc5b3eaf205bb83467e8a43005939c08e9a1339602fe15472a7ccbe7c0c371aa87299ce0ccce36a780
2026-10-02 09:11:10.866 [OP] E014 inv=FF97 len=104 #1 088880344ba72964510bdcfaa32b1f805b64510bb88cb7bb4f55cf64b3e564faa32b1f805b64510bdcfaa32b1f805b64510bdcfaa32b1f805b64510bdcfaa32b1f805b64510bdcfaa32b1f805b64510bdcfaa32b1f805b64510bdcfaa32b1f805b64afb2198cb7bb
2026-10-02 09:11:10.911 [OP] E004 inv=FD7D len=642 #1 7b0ba1914133409e335513f2dcfaa32b1f805b7ffd0be6faa32b1f805b64580bdcfaa32b1f805b64510b696479020e0f840a2913dcfaa32b1f805b26fdecc4faa32b1f805b64580bdcfaa32b1f805b64510be4ea9330b118f464510bdcfaa32b1f805b6451ec3bfaa32b1f805b647ffd52faa32b1f805b64510b62e250491f805b64510bdcfaa32b1f805b6451ecdcfaa32b1f805b64415f52faa32b1f805b64
2026-10-02 09:11:12.161 [OUT] 1F02 inv=FFFB len=8 #1 fbff021fdcfaa32b
2026-10-02 09:11:12.161 [OUT] 0040 inv=FFFA len=9 #1 faff4000faa32b1f80
2026-10-02 09:11:12.161 [OUT] 0041 inv=FFFA len=9 #1 faff4100805b64510b
2026-10-02 09:11:12.161 [OUT] 0185 inv=FFF7 len=12 #1 f7ff8501dcfaa32bc8d97b81
2026-10-02 09:11:12.161 [OUT] 003D inv=FFFB len=8 #1 fbff3d00dcfaa32b
2026-10-02 09:11:12.161 [OUT] 003C inv=FFFB len=8 #1 fbff3c005b64510b
2026-10-02 09:11:12.161 [OUT] 003E inv=FFFB len=8 #1 fbff3e001f805b64
2026-10-02 09:11:12.161 [OUT] 003F inv=FFFB len=8 #1 fbff3f00510bdcfa
2026-10-02 09:11:12.161 [OUT] 0053 inv=FFFB len=8 #1 fbff5300510bdcfa
2026-10-02 09:11:12.161 [OUT] 1F00 inv=FFFB len=8 #1 fbff001fa32b1f80
2026-10-02 09:11:12.161 [OUT] 1F06 inv=FFFB len=8 #1 fbff061f5b64510b
2026-10-02 09:11:12.161 [OUT] 0230 inv=FFFB len=8 #1 fbff3002dcfaa32b
2026-10-02 09:11:12.161 [OUT] 0231 inv=FFFB len=8 #1 fbff31021f805b64
2026-10-02 09:11:12.161 [OUT] 0232 inv=FFFB len=8 #1 fbff3202510bdcfa
2026-10-02 09:11:12.161 [OUT] 0054 inv=FFFB len=8 #1 fbff5400a32b1f80
2026-10-02 09:11:12.170 [OUT] 01E4 inv=FFFB len=8 #1 fbffe401b907c464
2026-10-02 09:11:12.195 [OP] F005 inv=FFE7 len=24 #1 26b35c3828d7972b1f805b64510bdcfaa3de1c8c77db516a
2026-10-02 09:11:12.216 [OP] 4601 inv=FFF7 len=8 #1 7b81a552155a232b
2026-10-02 09:11:12.265 [OP] 4600 inv=FF87 len=120 #1 e85f4f75c4646f664bb92da22862e2f2e1e957b9f2a24f6c3e6a6fe94bb92da2fc6ce26ae1e957b9f2a24f6c3e6a6fe94bb92da2fc6ce26ae1e957b9f2a24f6c3e6a6fe94bb92da2fc6ce26ae1e957b9f2a24f6c3e6a6fe94bb92da2fc6ce26ae1e957b9f2a24f6c3e6a6fe94bb92da2fc6ce26ae1e957b9
2026-10-02 09:11:12.312 [OP] 4020 inv=FC57 len=936 #1 3ccdfc0b24facf2bca87c46496b3dcfaf82bca805b64c90baab8a32bca809564580bfefadc671f809564580b90fa132ba7a45b64580b6ffa392ba0803327510b6ffaf82b9d80686496b3dcfaf82bca800d64ab0baab8a32bca8095640b0bfefadc671f809564580b6afa132ba7a45b64580b6ffa572ba0803327510b6ffaf82b3c80686496b3dcfaf82bca806b64ab0baab8a32bca8095643b0bfefadc671f80
2026-10-02 09:11:12.312 [OP] 40E3 inv=FFCF len=48 #1 b907c464af0bdcfac32bfd804764610bdefaf82babaa956490ecfafabf5384809fdf0b0b0022462b01cec464edd052fa
2026-10-02 09:11:12.312 [OP] 40E2 inv=FFF3 len=12 #1 3ccdfc0b6ffaa32b45809564
2026-10-02 09:11:12.312 [OP] 40E4 inv=F991 len=1646 #1 55b252fad91cfd808d64510bdcfaa32b1f805b642d0bdcfaa32b1f805b64510b6fc4a3536480c364510bdcc4f5531f805b64510bdcfaa32b1f805b64510bdcfaa32b1f805b64510bdcfaa32b1f805b64510bdcfaa32ba6805b64510bdcfaa32b1f802764510bdcfaa32b1f805b6458d090c4db532eaa0d64510bdcc4a32b1f805b64510bdcfaa32b1f805b64510bdcfaa32b1f805b64510bdcfaa32b1f805b64
2026-10-02 09:11:12.339 [OUT] 0045 inv=FFF7 len=12 #1 f7ff4500510bdcfaa32b1f80
2026-10-02 09:11:12.339 [OUT] 0045 inv=FFF7 len=12 #2 f7ff4500510bdcfaf82b1f80
2026-10-02 09:11:12.339 [OUT] 0045 inv=FFF7 len=12 #3 f7ff4500510bdcfadb2b1f80
2026-10-02 09:11:12.339 [OUT] 0045 inv=FFF7 len=12 #4 f7ff4500510bdcfa392b1f80
2026-10-02 09:11:12.339 [OUT] 0045 inv=FFF7 len=12 #5 f7ff4500510bdcfafd2b1f80
2026-10-02 09:11:12.357 [OP] 4244 inv=FFF7 len=8 #1 07c2392b1f111b64
2026-10-02 09:11:12.357 [OP] 4050 inv=FFF7 len=8 #1 3ccdfc0bdcfaa32b
2026-10-02 09:11:12.357 [OP] 4503 inv=FFF3 len=12 #1 b907c464510bdcfaa32bfd80
2026-10-02 09:11:12.357 [OP] 4021 inv=FF97 len=104 #1 a63bad805c64510b2f31a32b1dc7287f510b6ffae8421f80c57f55d06ffaf82b0daf5b6443d5ee5bdb2bca80a9d4510b33fa3e53ad809564f2b3dcfad0ce4a4f0d64580be2b6a32bb7800adf0b0b6ffa2f0c1f804d6453ec6afaf82b78e75b64e70b3bc4572bca80
2026-10-02 09:11:12.357 [OP] 40FA inv=FE7D len=386 #1 55b252faa32b24805b64510bdcfaa32bca795b64510bdcfaa3538c805b64510bdcfaf8a41f805b64510bdcc4d52b1f805b64510b6ff3a32b1f805b6451ec40faa32b1f805b6458ebdcfaa32b1f805bdf620bdcfaa32b1f80958b510bdcfaa32b1faa8564510bdcfaa32bca345b64510bdcfaa35312805b64510bdcfaf8c21f805b64510bdcc4c72b1f805b64510b6f16a32b1f805b6451ec03faa32b1f805b64
2026-10-02 09:11:12.360 [OP] 4B30 inv=FFF7 len=8 #1 b907c464510bdcfa
2026-10-02 09:11:12.360 [OP] 4B31 inv=FFF7 len=8 #1 55b252faa32b1f80
2026-10-02 09:11:12.360 [OP] 4B21 inv=FFE1 len=30 #1 a63bad805b81a55215c2a32b1f805b64510bdcfaa32b1f805b64510bdcfa
2026-10-02 09:11:12.407 [OP] 4410 inv=FFF9 len=6 #1 3ccdfc0bdcfa
2026-10-02 09:11:12.458 [OUT] 004E inv=FFFA len=9 #1 faff4e00e9580bdce8
2026-10-02 09:11:12.505 [OP] 4025 inv=FFF4 len=11 #1 faf84d12aae02651ece2c4
2026-10-02 09:11:12.593 [OP] 4025 inv=FFF4 len=11 #2 c4f84d12aae02651ece2c4
2026-10-02 09:11:12.593 [OP] 4025 inv=FFF4 len=11 #3 e8f84d12aae02651ece2c4
2026-10-02 09:11:12.593 [OP] 4025 inv=FFF4 len=11 #4 22f84d12aae02651ece2c4
2026-10-02 09:11:12.593 [OP] 4025 inv=FFF4 len=11 #5 f4f84d12aae02651ece2c4
2026-10-02 09:11:12.593 [OP] 4029 inv=FFDF len=32 #1 3ccdfc0b069fa32b1f805b642fecdcfaa32b1f8095a2515a90c4ab2bee809564
2026-10-02 09:11:14.103 [OUT] 0048 inv=FFF7 len=12 #1 f7ff4800dcfaa32b1f039564
2026-10-02 09:11:14.191 [OP] 4721 inv=FFF7 len=8 #1 07c2392b1f039564
2026-10-02 09:11:17.794 [OP] 4211 inv=FFF6 len=9 #1 aa5b6451c03e22a34a
2026-10-02 09:11:17.794 [OP] 4211 inv=FFF6 len=9 #2 aa5b64515ca722a34a
2026-10-02 09:11:17.794 [OP] 4211 inv=FFF6 len=9 #3 aa5b6451af3e22a34a
2026-10-02 09:11:17.794 [OP] 4211 inv=FFF6 len=9 #4 aa5b6451cd3e22a34a
2026-10-02 09:11:17.794 [OP] 4211 inv=FFF6 len=9 #5 aa5b645134a722a34a
2026-10-02 09:11:17.895 [OP] 47C0 inv=FFCF len=48 #1 7cdffd34059ff8d9e4a03e53127cc6c4fd872de5c362c0fd6ff469ed0479e8da31ec8b57218b62e8add958b11d025224
2026-10-02 09:11:17.896 [OP] 47C0 inv=FFD8 len=39 #2 b39526127cc6c4fd872de5c362c0fd6ff469ed0479e8da31ec8b57218b62e8add958b11d025224
2026-10-02 09:11:17.896 [OP] 47C0 inv=FFE1 len=30 #3 0faac462c0fd6ff469ed0479e8da31ec8b57218b62e8add958b11d025224
2026-10-02 09:11:17.896 [OP] 47C0 inv=FFEA len=21 #4 51cac7e8da31ec8b57218b62e8add958b11d025224
2026-10-02 09:11:17.896 [OP] 47C0 inv=FFF3 len=12 #5 0253cae8add958b11d025224
2026-10-02 09:11:20.102 [OP] 4613 inv=FFBE len=65 #3 c40a1c10aa4064291790104223f31c75df84cf6fb4a06df1c7550758ec6fc4a32bcaaa95646975d0220253ab809465190b8bfaf82b1f7926b35c3828d7e62b1f80
2026-10-02 09:11:20.168 [OP] F005 inv=FFE7 len=24 #2 26b35c3828d7e62b1f805b64510bdcfaa3ce7d80e93aff0b
2026-10-02 09:11:22.229 [OP] F005 inv=FFE7 len=24 #3 26b35c3828d7e62b1f805b64510bdcfaa3de1f80c84826b2
2026-10-02 09:11:22.872 [OUT] 1F51 inv=FFFF len=4 #1 ffff511f
2026-10-02 09:11:23.001 [OP] 4F52 inv=FFFF len=0 #1 
2026-10-02 09:11:30.345 [OP] 4613 inv=FFBA len=69 #4 dfb82fe7c4202b383fc3dc0259585b960e62830ff8cdcf6fb4a0d47079af8a83ec6fc4f82b1faa95df512f36d83951ca1e5bf8510bdcf4a3531f804040986c2ab7d62b1f80
2026-10-02 09:11:30.434 [OP] F005 inv=FFE7 len=24 #4 26b35c3828d7a32b1f805b64510bdcfaa3ce7d805b64510b
2026-10-02 09:11:32.587 [OP] F005 inv=FFE7 len=24 #5 26b35c3828d7a32b1f805b64510bdcfaa3deea8c91643fb2
2026-10-02 09:11:33.033 [OUT] 1F51 inv=FFFF len=4 #2 ffff511f
2026-10-02 09:11:33.083 [OP] 4F52 inv=FFFF len=0 #2 
2026-10-02 09:11:41.397 [OP] 46FE inv=FFFF len=0 #1 
2026-10-02 09:11:43.706 [OUT] 1F51 inv=FFFF len=4 #3 ffff511f
2026-10-02 09:11:43.848 [OP] 4F52 inv=FFFF len=0 #3 
2026-10-02 09:11:50.433 [OP] EFFE inv=FFFE len=1 #1 0b
2026-10-02 09:11:53.856 [OUT] 1F51 inv=FFFF len=4 #4 ffff511f
2026-10-02 09:11:53.901 [OP] 4F52 inv=FFFF len=0 #4 
2026-10-02 09:12:00.447 [OP] EFFE inv=FFFE len=1 #2 0b
2026-10-02 09:12:03.925 [OUT] 1F51 inv=FFFF len=4 #5 ffff511f
2026-10-02 09:12:03.978 [OP] 4F52 inv=FFFF len=0 #5 
2026-10-02 09:12:11.607 [OP] 46FE inv=FFFF len=0 #2 
2026-10-02 09:12:20.475 [OP] EFFE inv=FFFE len=1 #3 0b
2026-10-02 09:12:30.488 [OP] EFFE inv=FFFE len=1 #4 0b
2026-10-02 09:12:41.968 [OP] 46FE inv=FFFF len=0 #3 
2026-10-02 09:12:50.528 [OP] EFFE inv=FFFE len=1 #5 0b
2026-10-02 09:12:51.036 [OP] 4613 inv=FFBC len=67 #5 ec928d7a53a580e8c80eecda60237fbd7995df01a2900a29247026948c1ed06fc4f82b1faa95df51e3e6cdfd51ca2a5b64660bdcf4a3531f8040ef555c8aa2512b1f80
2026-10-02 09:13:12.232 [OP] 46FE inv=FFFF len=0 #4 
2026-10-02 09:13:23.139 [OP] 4612 inv=FFF7 len=8 #1 ca805b64408052fa
2026-10-02 09:13:35.942 [OUT] 0030 inv=FFDE len=37 #1 deff300040a722a32b1f805b64510bdcfaa32b1f3cc83369938cfaa32b1f805b64510bdcfa
2026-10-02 09:13:35.944 [OUT] 0030 inv=FFDE len=37 #2 deff3000da3e22a32b1f805b64510bdcfaa32b1f263c22adb971faa32b1f805b64510bdcfa
2026-10-02 09:13:35.944 [OUT] 0030 inv=FFDE len=37 #3 deff300034a722a32b1f805b64510bdcfaa32b1f3cc83369938c0ba32b1f805b64510bdcfa
2026-10-02 09:13:35.944 [OUT] 0030 inv=FFDE len=37 #4 deff30005ca722a32b1f805b64510bdcfaa32b1f3cc83369938c93a32b1f805b64510bdcfa
2026-10-02 09:13:35.944 [OUT] 0030 inv=FFDE len=37 #5 deff3000a4a722a32b1f805b64510bdcfaa32b1f3cc83369938cc3a32b1f805b64510bdcfa
2026-10-02 09:13:36.241 [SYS] 你所邀请的对象正在忙碌，无法接受你的邀请。
2026-10-02 09:13:36.334 [SYS] 你所邀请的对象正在忙碌，无法接受你的邀请。
2026-10-02 09:13:39.721 [OP] 4705 inv=FFB8 len=71 #1 7c6b7f51e3a722a379f3ce5b7a310bdcfaa32b1fe72764510bdcfaa33fca805b64510bdc4df82b1f805b645131dcfaa33a1f805b6651d286033d6643f25b64510bdcfaa32b1f80
2026-10-02 09:13:42.437 [OP] 46FE inv=FFFF len=0 #5 
2026-10-02 09:14:13.496 [OP] 4612 inv=FFF7 len=8 #2 ca805b64408052fa
2026-10-02 09:14:35.353 [OP] 4040 inv=FFE1 len=30 #1 07c2392b2e87c464ac0bdcfafbb9b9969ce97f0bdcfaa32b1f805b64510b
2026-10-02 09:14:35.357 [OUT] 0037 inv=FFF7 len=12 #1 f7ff3700e27e96cfa0ecfc0b
2026-10-02 09:14:35.407 [OP] 4705 inv=FFB8 len=71 #2 7c6b7f51e3a722a3db67ce5b70fc0bdcfaa32b1f9ac464510bdcfaa3c91f805b64510bdc6ca32b1f805b645131dcfaa3a71f805be0518507d90e6cac805b64510bdcfaa32b1f80
2026-10-02 09:15:09.645 [OUT] 0022 inv=FFE7 len=28 #1 e7ff220039b344cac4df84c0d85bf0048412957f5846c19ffd53c428
2026-10-02 09:15:09.698 [OP] 4610 inv=FFFE len=1 #1 5f
2026-10-02 09:15:10.648 [OUT] 0022 inv=FFE6 len=29 #2 e6ff220022a60484ce95de7be36a74ee7c9daa61273501c6f4f8f4ca59
2026-10-02 09:15:10.694 [OP] 4610 inv=FFFE len=1 #2 bc
2026-10-02 09:15:11.973 [OP] 4705 inv=FFB8 len=71 #3 7c6b7f51e3a722a361f3ce5b4baf0bdcfaa32b1f83c064510bdcfaa3a8a5805b64510bdcfe202b1f805b645131dcfaa33a1f805b5151d286033d6643805b64510bdcfaa32b1f80
2026-10-02 09:15:12.102 [OUT] 0022 inv=FFDF len=36 #3 dfff22009d7c7fd9fcec6ec6a62412332726584578380f7c9daa52df6740059ffd53e8a0
2026-10-02 09:15:12.154 [OP] 4610 inv=FFFE len=1 #3 e0
2026-10-02 09:15:12.650 [OUT] 0022 inv=FFDF len=36 #4 dfff22009d7c7fd9fcec6ec6a62412332726584578380f7c9daa52df6740059ffd538ea4
2026-10-02 09:15:12.699 [OP] 4610 inv=FFFE len=1 #4 1b
2026-10-02 09:15:14.606 [OUT] 0022 inv=FFDF len=36 #5 dfff22009d7c7fd9b2ec10c6a62412332726581213380f7c9daa32df0440059ffd53b7a4
2026-10-02 09:15:14.658 [OP] 4610 inv=FFFE len=1 #5 0d
2026-10-02 09:15:17.243 [OP] 4705 inv=FFB8 len=71 #4 7c6b7f51e3a722a33767ce5b99fc0bdcfaa32b1f15c464510bdcfaa300ca805b64510bdc90f82b1f805b645131dcfaa3a71f805b54518507d90e6c9f805b64510bdcfaa32b1f80
2026-10-02 09:15:26.856 [SYS] 你所邀请的对象正在忙碌，无法接受你的邀请。
2026-10-02 09:15:26.948 [SYS] 你所邀请的对象正在忙碌，无法接受你的邀请。
2026-10-02 09:15:27.589 [OUT] 0255 inv=EDDA len=260 #1 daed55020bdcfaa391a5805b85c5cef3679f2a4588f22337b824a1ba2a696e5aa8dc03acb0e7dc9fc582783795f6d49185eb5382d294b94e26c6c3ebd69e52f18a7a7c5b2eb169212c376175b9514efef91e5bc995ac264254e2c5822fc795e4cbc3715a8bb1fe0cddf2ea70e40c53ec9402104e26c6c3ebd6a24dab5e4ba1c9d845a87dc44b167a76fa30d602378971c624a1ba25695dcc1937c6ce284f4efe8eb1190cddf67eba30fea3fce971c648c0ba0fc453422c4b167a76fa30d60237e971c648c0ba0f025368c1a3a00178c35b4138e1aec9670ea15bf9211816946edb3c146d85ebe0b1fe4b167a76fa30d60237e971c6377c9d30b172b69402ff2026cd5afa
2026-10-02 09:15:46.028 [OP] 4100 inv=FFF9 len=6 #1 98aa5bf8c0ec
2026-10-02 09:15:46.028 [OP] 4101 inv=FBC5 len=1082 #1 a63bad809464510bdcfaa32bc8d97b81510bdcfaa32b1f805b64510bdcfaa32b1f805b64510bdcfa4d7c9dca5b64820cdcfaa32b1f8021cd510bdcfaa32b1f805b64510bdcfa6c3bad80c464510bdcfaa32bf6455b647405dcfa37181f8019fa510b155a4e78c8d97b81a552155ada2b1f807b81a5526f3016876c842d43510bdcfaa32b1f805b6451afc6faa32b1f805b7a310bdcfaa32b1f805b64510bdcfa
2026-10-02 09:15:46.130 [OUT] 003A inv=FFFB len=8 #1 fbff3a00510bdcfa
2026-10-02 09:15:46.130 [OUT] 003B inv=FFFB len=8 #1 fbff3b00a32b1f80
2026-10-02 09:15:46.181 [OP] 40E0 inv=FED1 len=302 #1 55b252fa1a7c1f805b64510b9bc4a32b1f805b64a9fddcfaa32b1f8080df510bdcfaa32b46455b64fc0bdcfa392b1f804864510ba7e8a32bad805b64b2ecdcfa082b1f80addf510bb6e8a32bad805b644e80dcfa53531f805764510b13c4a32bc74e5b64d4ecdcfae62b1f800d64510b8ffaa32b1f805b64510bdcfaa32b1f805b64510bdcfaa32b1f805b64430bdcfaa32b1f805b64510bdcfaa32b1f805b64
2026-10-02 09:15:46.237 [OP] 40E1 inv=FFED len=18 #1 3ccdfc0b6ffaf891ca809564580be6b0f82b
2026-10-02 09:15:47.105 [OUT] 1001 inv=FFF9 len=10 #1 f9ff01101f805b64510b
2026-10-02 09:15:47.206 [OP] 4108 inv=FFE3 len=28 #1 b907c464510bdcfa21531f80d8f8510bce40515d1f805b64510bdcfa
2026-10-02 09:15:47.302 [OP] 4108 inv=FFE3 len=28 #2 b907c464510bdcfa4d531f80d8f8510bce40515d1f805b64510bdcfa
2026-10-02 09:15:47.302 [OP] 4108 inv=FFF3 len=12 #3 07c2392b1f805b64510bdcfa
2026-10-02 09:15:47.304 [OP] 4108 inv=FFF3 len=12 #4 07c2392b1f805b64580bdcfa
2026-10-02 09:15:47.307 [OP] 4108 inv=FFF3 len=12 #5 07c2392b1f805b640e0bdcfa
2026-10-02 09:15:47.408 [OP] 4104 inv=FFFB len=4 #1 0a081f80
2026-10-02 09:15:47.409 [OP] 4104 inv=FFFB len=4 #2 3cae1faa
2026-10-02 09:15:47.409 [OP] 4104 inv=FFFB len=4 #3 0a081fc7
2026-10-02 09:15:47.409 [OP] 4104 inv=FFFB len=4 #4 3cae1fce
2026-10-02 09:15:47.409 [OP] 4104 inv=FFFB len=4 #5 3cae1f12
2026-10-02 09:15:49.427 [OP] 4105 inv=FFFE len=1 #1 c0
2026-10-02 09:15:49.427 [OP] 4105 inv=FFFE len=1 #2 af
2026-10-02 09:15:49.427 [OP] 4105 inv=FFFE len=1 #3 cd
2026-10-02 09:15:49.440 [OUT] 1004 inv=FFF3 len=16 #1 f3ff0410dcfaa32b1f791c64510bdcfa
2026-10-02 09:15:49.727 [OP] 4109 inv=FFAF len=80 #1 3ccdfc0bdcfaf8531f805b64510bdcfaa62b1f80947a830bdcc4a32b1fef5b645decdcfaf72b1f805b64510bdcfaa32b1f805b64550bdcfadb2462805bdf0e0b05c4a32b0aef5b64510bdcfaa32b1f80
2026-10-02 09:15:49.822 [OP] 4106 inv=FFFD len=2 #1 a3cb
2026-10-02 09:15:49.822 [OP] 4110 inv=FFFD len=2 #1 4d2b
2026-10-02 09:15:49.822 [OP] 4111 inv=FFFD len=2 #1 a164
2026-10-02 09:15:50.226 [OP] 4109 inv=FFB7 len=72 #2 b907c464517f6fc4a3de1f805b64510b07faa32bca075b6487b1dcfa40ce1f806bdf0e0b07faa32b39125b640eeca7faa32b1f805bdf510b8222a32b39125b64080ba7faa32b1f80
2026-10-02 09:15:50.341 [OP] 4105 inv=FFFE len=1 #4 ec
2026-10-02 09:15:50.341 [OP] 4106 inv=FFFD len=2 #2 a353
2026-10-02 09:15:50.341 [OP] 4105 inv=FFFE len=1 #5 d0
2026-10-02 09:15:50.341 [OP] 4106 inv=FFFD len=2 #3 f8de
2026-10-02 09:15:50.341 [OP] 4106 inv=FFFD len=2 #4 a34a
2026-10-02 09:15:50.341 [OP] 4106 inv=FFFD len=2 #5 f8d9
2026-10-02 09:15:50.341 [OP] 4111 inv=FFFD len=2 #2 9564
2026-10-02 09:15:51.452 [OP] 4109 inv=FFB7 len=72 #3 b907c464517f6fc4a3531f805b64510b07faa32b9d775b6487b1dcfa40ce1f8057260e8007faa32b39125b640eb15efaa32b1f805bdf510b8222a32b39125b64080b5efaa32b1f80
2026-10-02 09:15:51.549 [OP] 4111 inv=FFFD len=2 #3 1c64
2026-10-02 09:15:52.851 [OP] 4109 inv=FFB7 len=72 #4 b907c464517f6fc4a3531f805b64510b07faa32becca5b6487b1dcfa40ce1f8027dd0e0b07faa32b39125b640e08c6faa32b1f805b64295f8222a32b39125b64080bc6faa32b1f0a
2026-10-02 09:15:52.943 [OP] 4111 inv=FFFD len=2 #4 5c64
2026-10-02 09:15:53.877 [OUT] 1005 inv=FFEF len=20 #1 efff05100ee9b8534d795cdffd0b0022a32b1f80
2026-10-02 09:15:54.034 [OP] 4110 inv=FFFD len=2 #2 4d2b
2026-10-02 09:15:54.243 [OP] 4109 inv=FF7B len=132 #5 b907c464580b6fc4a32b1f805b64510b6ffaa32b3480fcdffd0bb8c4fd2bad809564510b61caa32b9dced06451ecdcfaa3931f8062df510b43faa32b1f805b64510bdcfa0e6f1f801af1510b8bfa222b1fce5b648fecdcfa622b1f805b64510bdcfaa32b23aa5b64790654c2a32b1f809a18510b7cc4a32b1619bacd510bdcfaa91f1f80
2026-10-02 09:15:54.384 [OP] 4111 inv=FFFD len=2 #5 c464
2026-10-02 09:15:54.676 [OUT] 1004 inv=FFF3 len=16 #2 f3ff04104d3566535979c3642d0b59ae
2026-10-02 09:15:54.941 [OP] 4110 inv=FFFD len=2 #3 b72b
2026-10-02 09:15:59.453 [OP] 4112 inv=FFFD len=2 #1 8bc4
2026-10-02 09:15:59.453 [OP] 4112 inv=FFFD len=2 #2 e6c4
2026-10-02 09:15:59.453 [OP] 4112 inv=FFFD len=2 #3 6ac4
2026-10-02 09:15:59.453 [OP] 4112 inv=FFFD len=2 #4 36c4
2026-10-02 09:16:03.795 [OP] 4112 inv=FFFD len=2 #5 dcc4
2026-10-02 09:16:08.716 [SETTLE] exp=2 gold=199368 len=403
2026-10-02 09:16:08.716 [OP] 472A inv=FE6C len=403 #1 b4b4de1fc75b64510bdcfaa32b1f805b64510bdce8a32b1f805b64510bdcfaa32b1f805b64510bdc83b72b1f805b64511d6ffaa32b1f805b64510bdcfaa32b1f805b64510bdcfaa32b1f805b64510bdcfaa32b1f805b64510bdcfaa32b1f805b64510bdcfaa32b1f805b64510bdcfaa32b1f805b64510bdcfaa32b1f805b64510bdcfaa32b1f805b64510bdc7af82b1f2c5b6451f16ffaa3ccca805b5c510bdc
2026-10-02 09:16:08.716 [OP] 42CE inv=FFFB len=4 #1 c87f510b
2026-10-02 09:16:09.429 [OUT] 0048 inv=FFF7 len=12 #2 f7ff4800dcfaa32b1f039564
2026-10-02 09:16:09.551 [OP] 4721 inv=FFF7 len=8 #2 07c2392b1f039564
2026-10-02 09:16:29.968 [OP] 4100 inv=FFF9 len=6 #2 98aa1ef8fe7f
2026-10-02 09:16:29.968 [OP] 4101 inv=FBC5 len=1082 #2 a63bad809464510bdcfaa32bc8d97b81510bdcfaa32b1f805b64510bdcfaa32b1f805b64510bdcfa4d7c9dca5b64820cdcfaa32b1f8021cd510bdcfaa32b1f805b64510bdcfa6c3bad80c464510bdcfaa32bf6455b647405dcfa37181f8019fa510b155a4e78c8d97b81a552155ada2b1f807b81a5526f3016876c842d43510bdcfaa32b1f805b6451afc6faa32b1f805b7a310bdcfaa32b1f805b64510bdcfa
2026-10-02 09:16:31.038 [OUT] 1001 inv=FFF9 len=10 #2 f9ff01101f805b64510b
2026-10-02 09:16:33.211 [OUT] 1005 inv=FFEF len=20 #2 efff0510a498f85305795cdffd0b0022a32b1f80
2026-10-02 09:16:33.307 [OP] 4110 inv=FFFD len=2 #4 4d2b
2026-10-02 09:16:45.719 [OUT] 1004 inv=FFF3 len=16 #3 f3ff04104d356653598cc3642d0b59ae
2026-10-02 09:16:45.809 [OP] 4110 inv=FFFD len=2 #5 b72b
2026-10-02 09:16:48.394 [OUT] 1004 inv=FFF3 len=16 #4 f3ff04104d356653598cc3642d0b59ae
2026-10-02 09:16:52.979 [SETTLE] exp=1 gold=199368 len=403
2026-10-02 09:16:52.981 [OP] 472A inv=FE6C len=403 #2 b4b4de1faa5b64510bdcfaa32b1f805b64510bdce8a32b1f805b64510bdcfaa32b1f805b64510bdc83b72b1f805b64511d6ffaa32b1f805b64510bdcfaa32b1f805b64510bdcfaa32b1f805b64510bdcfaa32b1f805b64510bdcfaa32b1f805b64510bdcfaa32b1f805b64510bdcfaa32b1f805b64510bdcfaa32b1f805b64510bdcfaa32b1f805b64510bdcbdf82b1f2c5b6451fa6ffaa3731f805bd3580bdc
2026-10-02 09:16:53.077 [OP] 42CE inv=FFFB len=4 #2 c87f510b
2026-10-02 09:16:53.620 [OUT] 0048 inv=FFF7 len=12 #3 f7ff4800dcfaa32b1f039564
2026-10-02 09:16:53.743 [OP] 4721 inv=FFF7 len=8 #3 07c2392b1f039564
2026-10-02 09:16:55.022 [OUT] 004E inv=FFFA len=9 #2 faff4e00e9580bdcf4
2026-10-02 09:16:55.148 [OP] 4029 inv=FFDF len=32 #2 3ccdfc0b0ccaa32b1f805b646975dcfaa32b1f80a97f510b8bc4ab2b73809564
2026-10-02 09:17:00.169 [OP] 4100 inv=FFF9 len=6 #3 98aa1cf83dec
2026-10-02 09:17:00.169 [OP] 4101 inv=FBFD len=1026 #3 55b252fadb2b1f805b64510b155a4e781f805b64510bdcfaa32b1f805b64510bdcfaa32b1f805b6441fd8b53a32b94105b64510bdcfa8d3b1f805b64510bdcfaa32b1f805b64d7b252fa392b1f805b64510bb2dca32be8305b640464dcfad2881f807b81a552155a4e78c8d97b81530bdcfa4e78c8d995a9bc595ab12b211f805b64510bdcfaa32b1fe72764510bdcfaa3cb84805b64510bdcfaa32b1f805b64
2026-10-02 09:17:01.240 [OUT] 1001 inv=FFF9 len=10 #3 f9ff01101f805b64510b
2026-10-02 09:17:03.351 [OUT] 1005 inv=FFEF len=20 #3 efff0510a498f85305795cdffd0b0022a32b1f80
2026-10-02 09:17:15.427 [OUT] 1004 inv=FFF3 len=16 #5 f3ff04104d3566535980c3642d0b59ae
2026-10-02 09:17:22.886 [SETTLE] exp=2 gold=199368 len=393
2026-10-02 09:17:22.886 [OP] 472A inv=FE76 len=393 #3 b4b4de1fc75b64510bdcfaa32b1f805b64510bdcc4a32b1f805b64510bdcfaa32b1f805b64510bdc99b72b1f805b6451756ffaa32b1f805b64510bdcfaa32b1f805b64510bdcfaa32b1f805b64510bdcfaa32b1f805b64510bdcfaa32b1f805b64510bdcfaa32b1f805b64510bdcfaa32b1f805b64510bdcfaa32b1f805b64510bdcfaa32b1f805b64510bdc7af82b1fc3956451fa6ffaa391ca805bc7580bdc
2026-10-02 09:17:23.011 [OP] 42CE inv=FFFB len=4 #3 c87f510b
2026-10-02 09:17:26.226 [OP] 4210 inv=FFF3 len=12 #1 ac0bdcfaf72b1f80a1ecfc0b
2026-10-02 09:17:28.105 [OP] 4100 inv=FFF9 len=6 #4 98aab6f8157f
2026-10-02 09:17:28.206 [OP] 4101 inv=FC35 len=970 #4 3ccdfc0b90faa32b1f805b64a552155aa32b1f805b64510bdcfaa32b1f805b64510bdcfaa32b1f80a1d9b2b2dcfa3cc41f805b64510b40c2a32b1f805b64510bdcfaa32b1f80e0cdfc0b52faa32b1f805b646244dcfa34881f8010fc510b730fa32bc8d97b81a552155a4e78c8d93564510b155a4e78caa026b35c3828d7a32b1f805b64510bdcfa71cb84805b64510bdc02b72b1f805b64510bdcfaa32b1f80
2026-10-02 09:17:29.176 [OUT] 1001 inv=FFF9 len=10 #4 f9ff01101f805b64510b
2026-10-02 09:17:31.491 [OUT] 1005 inv=FFEF len=20 #4 efff0510a498f85305795cdffd0b0022a32b1f80
2026-10-02 09:17:50.797 [SETTLE] exp=1 gold=199368 len=403
2026-10-02 09:17:50.798 [OP] 472A inv=FE6C len=403 #4 b4b4de1faa5b64510bdcfaa32b1f805b64510bdcc4a32b1f805b64510bdcfaa32b1f805b64510bdc83b72b1f805b64516bdcfaa32b1f805b64510bdcfaa32b1f805b64510bdcfaa32b1f805b64510bdcfaa32b1f805b64510bdcfaa32b1f805b64510bdcfaa32b1f805b64510bdcfaa32b1f805b64510bdcfaa32b1f805b64510bdcfaa32b1f805b64510bdc7af82b1fc3956451f16ffaa3ccca805bd3580bdc
2026-10-02 09:17:50.878 [OP] 42CE inv=FFFB len=4 #4 c87f510b
2026-10-02 09:17:51.886 [OUT] 0048 inv=FFF7 len=12 #4 f7ff4800dcfaa32b1f039564
2026-10-02 09:17:51.989 [OP] 4721 inv=FFF7 len=8 #4 07c2392b1f039564
2026-10-02 09:17:53.988 [OP] 4100 inv=FFF9 len=6 #5 98aa72f8677f
2026-10-02 09:17:53.988 [OP] 4101 inv=FBC5 len=1082 #5 a63bad809464510bdcfaa32bc8d97b81510bdcfaa32b1f805b64510bdcfaa32b1f805b64510bdcfa4d7c9dca5b64820cdcfaa32b1f8021cd510bdcfaa32b1f805b64510bdcfa6c3bad80c464510bdcfaa32bf6455b647405dcfa37181f8019fa510b155a4e78c8d97b81a552155ada2b1f807b81a5526f3016876c842d43510bdcfaa32b1f805b645dafc6faa32b1f805b7a310bdcfaa32b1f805b64510bdcfa
2026-10-02 09:17:55.063 [OUT] 1001 inv=FFF9 len=10 #5 f9ff01101f805b64510b
2026-10-02 09:17:57.268 [OUT] 1005 inv=FFEF len=20 #5 efff0510a498f85305795cdffd0b0022a32b1f80
2026-10-02 09:18:19.941 [SETTLE] exp=1 gold=199368 len=403
2026-10-02 09:18:19.941 [OP] 472A inv=FE6C len=403 #5 b4b4de1faa5b64510bdcfaa32b1f805b64510bdce8a32b1f805b64510bdcfaa32b1f805b64510bdc88612b1f805b64517edcfaa32b1f805b64510bdcfaa32b1f805b64510bdcfaa32b1f805b64510bdcfaa32b1f805b64510bdcfaa32b1f805b64510bdcfaa32b1f805b64510bdcfaa32b1f805b64510bdcfaa32b1f805b64510bdcfaa32b1f805b64510bdcbdf82b1f1b95645153dcfaa391ca805bc7580bdc
2026-10-02 09:18:20.005 [OUT] 0048 inv=FFF7 len=12 #5 f7ff4800dcfaa32b1f039564
2026-10-02 09:18:20.039 [OP] 42CE inv=FFFB len=4 #5 c87f510b
2026-10-02 09:18:20.188 [OP] 4721 inv=FFF7 len=8 #5 07c2392b1f039564
2026-10-02 09:18:21.979 [OUT] 004E inv=FFFA len=9 #3 faff4e00e9580bdce8
2026-10-02 09:18:21.979 [OUT] 004E inv=FFFA len=9 #4 faff4e00e9580bdcae
2026-10-02 09:18:22.192 [OP] 4029 inv=FFDF len=32 #3 3ccdfc0b8653a32b1f805b642fecdcfaa32b1f804764610b90c4ab2b74809564
2026-10-02 09:18:22.192 [OP] 4029 inv=FFDF len=32 #4 3ccdfc0b0ccaa32b1f805b640075dcfaa32b1f80137f510b8fc4f52b4a804064
2026-10-02 09:18:45.476 [SETTLE] exp=2 gold=199368 len=403
2026-10-02 09:19:19.648 [SETTLE] exp=1 gold=199368 len=393
2026-10-02 09:19:42.533 [SETTLE] exp=1 gold=199368 len=393
2026-10-02 09:19:44.567 [OUT] 004E inv=FFFA len=9 #5 faff4e00e9580bdce8
2026-10-02 09:19:44.769 [OP] 4029 inv=FFDF len=32 #5 3ccdfc0b069fa32b1f805b642fecdcfaa32b1f80847f510b90c4ab2b98809564
2026-10-02 09:20:11.247 [SETTLE] exp=1 gold=199368 len=403
2026-10-02 09:20:41.296 [SETTLE] exp=2 gold=199368 len=393
2026-10-02 09:21:10.383 [SETTLE] exp=2 gold=199368 len=393
2026-10-02 09:21:39.623 [SETTLE] exp=2 gold=199368 len=393
2026-10-02 09:22:05.171 [SETTLE] exp=1 gold=199368 len=393
2026-10-02 09:22:35.737 [SETTLE] exp=1 gold=199368 len=393
2026-10-02 09:23:10.168 [SETTLE] exp=2 gold=199368 len=403
2026-10-02 09:23:37.556 [SETTLE] exp=2 gold=199368 len=393
2026-10-02 09:24:07.868 [SETTLE] exp=2 gold=199368 len=393
2026-10-02 09:24:20.607 [OP] 4210 inv=FFF3 len=12 #2 ac0bdcfa0d2b1f80baecfc0b
2026-10-02 09:24:41.329 [SETTLE] exp=1 gold=199368 len=403
2026-10-02 09:25:10.565 [SETTLE] exp=1 gold=199368 len=393
2026-10-02 09:25:36.838 [SETTLE] exp=2 gold=199368 len=393
2026-10-02 09:26:03.690 [SETTLE] exp=1 gold=199368 len=393
2026-10-02 09:26:32.724 [SETTLE] exp=1 gold=199368 len=393
2026-10-02 09:27:03.197 [SETTLE] exp=1 gold=199368 len=393
2026-10-02 09:27:30.287 [SETTLE] exp=1 gold=199368 len=393
2026-10-02 09:28:05.149 [SETTLE] exp=2 gold=199368 len=393
2026-10-02 09:28:32.518 [SETTLE] exp=2 gold=199368 len=403
2026-10-02 09:29:06.174 [SETTLE] exp=2 gold=199368 len=403
2026-10-02 09:29:36.501 [SETTLE] exp=2 gold=199368 len=403
2026-10-02 09:30:00.644 [SETTLE] exp=1 gold=199368 len=403
2026-10-02 09:30:30.320 [SETTLE] exp=1 gold=199368 len=403
2026-10-02 09:31:05.351 [SETTLE] exp=2 gold=199368 len=403
2026-10-02 09:31:27.741 [SETTLE] exp=1 gold=199368 len=393
2026-10-02 09:31:58.955 [SETTLE] exp=1 gold=199368 len=403
2026-10-02 09:32:24.499 [SETTLE] exp=2 gold=199368 len=393
2026-10-02 09:32:53.321 [SETTLE] exp=1 gold=199368 len=393
2026-10-02 09:33:09.093 [QUESTION] {"type":"question","sock":2560,"qno":3,"field_a":83,"stem":"气温、水、植物等对岩石的破坏现象叫做？","options":["1、风化","2、变形","3、自西向东","4、机械化"]}
2026-10-02 09:33:09.776 [SEND-ANSWER] qno=3 opt=0 ret=13 sock=2560
2026-10-02 09:33:09.839 [SYS] 测试通过！
2026-10-02 09:33:09.937 [SYS] 获得了#00FF00#100#FFF692#金币
2026-10-02 09:33:09.939 [CURRENCY] a=199368 b=897482
2026-10-02 09:33:10.094 [UI] auto dump on question qno=3
2026-10-02 09:33:10.094 [UI] ---- window dump begin (pid 19732) ----
2026-10-02 09:33:10.242 [UI] TOP=001F08B4 vis=1 cls=QBOvCls rc=(369,377,729,473) title=
2026-10-02 09:33:10.257 [UI] TOP=0095078C vis=1 cls=ATL:012FF210 rc=(29,10,1069,817) title=什么什么大冒险2(①逍遥村敬老院)-伏地魔3_Sep 24 2026《什么什么大冒险》制作委员会QQ群:515616289
2026-10-02 09:33:10.258 [UI] TOP=000A00F2 vis=0 cls=DIEmWin rc=(-1,-1,135,38) title=DIEmWin
2026-10-02 09:33:10.643 [UI] TOP=00190582 vis=0 cls=IME rc=(0,0,0,0) title=Default IME
2026-10-02 09:33:10.656 [UI] TOP=00070628 vis=0 cls=MSCTFIME UI rc=(0,0,0,0) title=MSCTFIME UI
2026-10-02 09:33:10.673 [UI] TOP=00170C52 vis=0 cls=IME rc=(0,0,0,0) title=Default IME
2026-10-02 09:33:10.674 [UI] TOP=001B0228 vis=0 cls=IME rc=(0,0,0,0) title=Default IME
2026-10-02 09:33:10.674 [UI] ---- window dump end ----
2026-10-02 09:33:11.578 [UI] auto-closing quiz frame: qno=3 opt=0
2026-10-02 09:33:12.795 [OUT] 1F04 inv=FFF6 len=13 #1 f6ff041fce1f805b7f510bdcfa
2026-10-02 09:33:21.125 [SETTLE] exp=2 gold=199368 len=403
2026-10-02 09:33:49.775 [SETTLE] exp=1 gold=199368 len=393
2026-10-02 09:34:15.055 [SETTLE] exp=2 gold=199368 len=393
2026-10-02 09:34:41.578 [SETTLE] exp=1 gold=199368 len=403
2026-10-02 09:35:06.230 [SETTLE] exp=2 gold=199368 len=413
2026-10-02 09:35:32.869 [SETTLE] exp=1 gold=199368 len=393
2026-10-02 09:35:58.698 [SETTLE] exp=1 gold=199368 len=403
2026-10-02 09:36:18.394 [SYS] #FFF692#恭喜#FF8CF8#凝眉一颦#FFF692#打造出#64FF7D#+10#FFF692#装备
2026-10-02 09:36:23.966 [SETTLE] exp=1 gold=199368 len=403
2026-10-02 09:36:50.688 [SETTLE] exp=2 gold=199368 len=393
2026-10-02 09:37:25.825 [SETTLE] exp=2 gold=199368 len=403
2026-10-02 09:37:53.222 [SETTLE] exp=1 gold=199368 len=393
2026-10-02 09:38:21.426 [SETTLE] exp=2 gold=199368 len=393
2026-10-02 09:38:49.717 [SETTLE] exp=1 gold=199368 len=393
2026-10-02 09:38:50.773 [OP] 4210 inv=FFF3 len=12 #3 ac0bdcfa1e2b1f8057ecfc0b
2026-10-02 09:39:18.645 [SETTLE] exp=2 gold=199368 len=403
2026-10-02 09:39:48.064 [SETTLE] exp=1 gold=199368 len=393
2026-10-02 09:40:19.984 [SETTLE] exp=1 gold=199368 len=393
2026-10-02 09:40:53.290 [SETTLE] exp=1 gold=199368 len=393
2026-10-02 09:41:20.693 [SETTLE] exp=1 gold=199368 len=403
2026-10-02 09:41:52.118 [SETTLE] exp=1 gold=199368 len=403
2026-10-02 09:42:21.798 [SETTLE] exp=2 gold=199368 len=393
2026-10-02 09:42:54.728 [SETTLE] exp=2 gold=199368 len=393
2026-10-02 09:43:17.390 [SETTLE] exp=1 gold=199368 len=403
2026-10-02 09:43:42.996 [SETTLE] exp=1 gold=199368 len=393
2026-10-02 09:44:12.995 [SETTLE] exp=2 gold=199368 len=393
2026-10-02 09:44:36.401 [SETTLE] exp=1 gold=199368 len=393
2026-10-02 09:45:04.374 [SETTLE] exp=2 gold=199368 len=393
2026-10-02 09:45:32.255 [SETTLE] exp=1 gold=199368 len=403
2026-10-02 09:46:01.436 [SETTLE] exp=1 gold=199368 len=403
2026-10-02 09:46:28.713 [SETTLE] exp=2 gold=199368 len=403
2026-10-02 09:46:59.966 [SETTLE] exp=1 gold=199368 len=393
2026-10-02 09:47:29.361 [SETTLE] exp=2 gold=199368 len=403
2026-10-02 09:47:58.943 [SETTLE] exp=1 gold=199368 len=403
2026-10-02 09:48:23.176 [SETTLE] exp=1 gold=199368 len=403
2026-10-02 09:48:50.721 [SETTLE] exp=2 gold=199368 len=393
2026-10-02 09:49:25.332 [SETTLE] exp=1 gold=199368 len=403
2026-10-02 09:49:55.591 [SETTLE] exp=1 gold=199368 len=393
2026-10-02 09:50:26.703 [SETTLE] exp=2 gold=199368 len=393
2026-10-02 09:50:53.986 [SETTLE] exp=2 gold=199368 len=403
2026-10-02 09:51:26.576 [SETTLE] exp=2 gold=199368 len=403
2026-10-02 09:51:53.184 [SETTLE] exp=2 gold=199368 len=393
2026-10-02 09:52:16.631 [SETTLE] exp=2 gold=199368 len=403
2026-10-02 09:52:42.761 [SETTLE] exp=1 gold=199368 len=403
2026-10-02 09:53:07.472 [SETTLE] exp=1 gold=199368 len=393
2026-10-02 09:53:29.835 [SETTLE] exp=2 gold=199368 len=403
2026-10-02 09:53:59.729 [SETTLE] exp=2 gold=199368 len=393
2026-10-02 09:54:30.277 [SETTLE] exp=2 gold=199368 len=393
2026-10-02 09:55:00.973 [SETTLE] exp=2 gold=199368 len=393
2026-10-02 09:55:34.320 [SETTLE] exp=2 gold=199368 len=393
2026-10-02 09:56:02.912 [SETTLE] exp=1 gold=199368 len=403
2026-10-02 09:56:32.894 [SETTLE] exp=1 gold=199368 len=403
2026-10-02 09:57:03.165 [SETTLE] exp=1 gold=199368 len=403
2026-10-02 09:57:34.213 [SETTLE] exp=1 gold=199368 len=393
2026-10-02 09:58:01.527 [SETTLE] exp=2 gold=199368 len=393
2026-10-02 09:58:30.097 [SETTLE] exp=1 gold=199368 len=393
2026-10-02 09:59:00.146 [SETTLE] exp=1 gold=199368 len=403
2026-10-02 09:59:33.683 [SETTLE] exp=1 gold=199368 len=393
2026-10-02 09:59:44.778 [OP] 4031 inv=FFDC len=35 #1 455b615108dcfaa3531fe9022e98c810387599970e2d6451839fdd59c0c3e941876f0b
2026-10-02 10:00:03.379 [SETTLE] exp=2 gold=199368 len=393
2026-10-02 10:00:31.172 [SETTLE] exp=2 gold=199368 len=403
2026-10-02 10:00:56.050 [SETTLE] exp=1 gold=199368 len=403
2026-10-02 10:01:26.723 [SETTLE] exp=2 gold=199368 len=403
2026-10-02 10:01:59.543 [SETTLE] exp=2 gold=199368 len=403
2026-10-02 10:02:35.528 [SETTLE] exp=1 gold=199368 len=393
2026-10-02 10:03:02.134 [SETTLE] exp=2 gold=199368 len=393
2026-10-02 10:03:30.418 [SETTLE] exp=2 gold=199368 len=393
2026-10-02 10:03:54.493 [SETTLE] exp=2 gold=199368 len=393
2026-10-02 10:04:28.625 [SETTLE] exp=1 gold=199368 len=393
2026-10-02 10:04:53.746 [SETTLE] exp=2 gold=199368 len=403
2026-10-02 10:05:24.688 [SETTLE] exp=1 gold=199368 len=393
2026-10-02 10:05:55.359 [SETTLE] exp=1 gold=199368 len=393
2026-10-02 10:06:20.907 [SETTLE] exp=2 gold=199368 len=393
2026-10-02 10:06:44.343 [SETTLE] exp=1 gold=199368 len=393
2026-10-02 10:07:11.579 [SETTLE] exp=1 gold=199368 len=393
2026-10-02 10:07:41.874 [SETTLE] exp=1 gold=199368 len=393
2026-10-02 10:08:07.199 [SETTLE] exp=1 gold=199368 len=403
2026-10-02 10:08:38.250 [SETTLE] exp=2 gold=199368 len=403
2026-10-02 10:09:00.404 [OP] 4612 inv=FFF3 len=12 #3 90faa32b7207c46412b252fa
2026-10-02 10:09:00.404 [OP] 4612 inv=FFF7 len=8 #4 ca805b6412b252fa
2026-10-02 10:09:01.360 [OP] 4612 inv=FFF3 len=12 #5 90faa32be787c4647b8052fa
2026-10-02 10:09:13.543 [SETTLE] exp=1 gold=199368 len=393
2026-10-02 10:09:37.129 [SETTLE] exp=1 gold=199368 len=403
2026-10-02 10:10:04.299 [SETTLE] exp=2 gold=199368 len=393
2026-10-02 10:10:28.433 [SETTLE] exp=2 gold=199368 len=403
2026-10-02 10:10:54.777 [SETTLE] exp=1 gold=199368 len=403
2026-10-02 10:11:23.252 [SETTLE] exp=1 gold=199368 len=393
2026-10-02 10:11:48.757 [SETTLE] exp=2 gold=199368 len=403
2026-10-02 10:12:15.953 [SETTLE] exp=2 gold=199368 len=393
2026-10-02 10:12:37.695 [SETTLE] exp=2 gold=199368 len=403
2026-10-02 10:13:01.569 [SETTLE] exp=1 gold=199368 len=403
2026-10-02 10:13:25.471 [SETTLE] exp=1 gold=199368 len=393
2026-10-02 10:13:51.107 [SETTLE] exp=1 gold=199368 len=403
2026-10-02 10:14:15.652 [SETTLE] exp=2 gold=199368 len=403
2026-10-02 10:14:46.462 [SETTLE] exp=1 gold=199368 len=403
2026-10-02 10:15:09.144 [SETTLE] exp=1 gold=199368 len=403
2026-10-02 10:15:35.651 [SETTLE] exp=1 gold=199368 len=393
2026-10-02 10:16:00.594 [SETTLE] exp=2 gold=199368 len=393
2026-10-02 10:16:23.022 [SETTLE] exp=2 gold=199368 len=393
2026-10-02 10:16:56.220 [SETTLE] exp=2 gold=199368 len=403
2026-10-02 10:17:25.896 [SETTLE] exp=1 gold=199368 len=393
2026-10-02 10:17:52.449 [SETTLE] exp=2 gold=199368 len=393
2026-10-02 10:18:24.230 [SETTLE] exp=1 gold=199368 len=393
2026-10-02 10:18:41.479 [OP] 4031 inv=FFE3 len=28 #2 392b2d805b64510b6ffa512b1f68fa06e2c87424c1770e68fa06e20b
2026-10-02 10:18:52.515 [SETTLE] exp=2 gold=199368 len=393
2026-10-02 10:19:16.149 [SETTLE] exp=2 gold=199368 len=403
2026-10-02 10:19:44.732 [SETTLE] exp=2 gold=199368 len=393
2026-10-02 10:20:07.177 [SETTLE] exp=1 gold=199368 len=403
2026-10-02 10:20:39.221 [SETTLE] exp=1 gold=199368 len=403
2026-10-02 10:21:11.624 [SETTLE] exp=2 gold=199368 len=393
2026-10-02 10:21:33.487 [SETTLE] exp=2 gold=199368 len=403
2026-10-02 10:22:04.495 [SETTLE] exp=1 gold=199368 len=403
2026-10-02 10:22:32.787 [SETTLE] exp=2 gold=199368 len=393
2026-10-02 10:22:59.012 [SETTLE] exp=2 gold=199368 len=393
2026-10-02 10:23:34.159 [SETTLE] exp=1 gold=199368 len=393
2026-10-02 10:23:57.662 [SETTLE] exp=1 gold=199368 len=393
2026-10-02 10:24:26.541 [SETTLE] exp=2 gold=199368 len=393
2026-10-02 10:24:55.087 [SETTLE] exp=2 gold=199368 len=403
2026-10-02 10:25:27.550 [SETTLE] exp=1 gold=199368 len=403
2026-10-02 10:25:59.829 [SETTLE] exp=2 gold=199368 len=393
2026-10-02 10:26:29.581 [SETTLE] exp=1 gold=199368 len=393
2026-10-02 10:26:53.401 [OP] 4031 inv=FF64 len=155 #3 935b6151d0dcfaa3531fa4db8c740acb57e554e2a4021f2ef368a2346786b098f990b978b8349a6671ffd856b3d3a234670b1cedde6c3876a2348282d36de074a4b1ef1075e8f26f270094b8b8128eac5daf0572a3965034679694f3b3e1a6b6ccc29b40f32cce4d87f0775131a2b1f389f9140fb35120bb4c848980ef6e165119aeeb837bc06919740e23d0e4346451e49cfc58f33ee554cab00b
2026-10-02 10:26:59.253 [SETTLE] exp=2 gold=199368 len=393
2026-10-02 10:27:30.039 [SETTLE] exp=1 gold=199368 len=393
2026-10-02 10:27:55.117 [SETTLE] exp=1 gold=199368 len=403
2026-10-02 10:28:25.909 [SETTLE] exp=1 gold=199368 len=393
2026-10-02 10:28:54.619 [SETTLE] exp=2 gold=199368 len=403
2026-10-02 10:29:24.898 [SETTLE] exp=1 gold=199368 len=393
2026-10-02 10:29:54.019 [SETTLE] exp=1 gold=199368 len=403
2026-10-02 10:30:23.699 [SETTLE] exp=2 gold=199368 len=403
2026-10-02 10:30:56.348 [SETTLE] exp=1 gold=199368 len=403
2026-10-02 10:31:23.513 [SETTLE] exp=2 gold=199368 len=403
2026-10-02 10:31:50.699 [SETTLE] exp=1 gold=199368 len=393
2026-10-02 10:32:23.626 [SETTLE] exp=1 gold=199368 len=393
2026-10-02 10:32:50.530 [SETTLE] exp=1 gold=199368 len=403
2026-10-02 10:33:15.018 [SETTLE] exp=1 gold=199368 len=393
2026-10-02 10:33:44.789 [SETTLE] exp=2 gold=199368 len=403
2026-10-02 10:34:12.266 [SETTLE] exp=1 gold=199368 len=393
2026-10-02 10:34:38.715 [SETTLE] exp=2 gold=199368 len=393
2026-10-02 10:35:05.540 [SETTLE] exp=1 gold=199368 len=393
2026-10-02 10:35:32.233 [SETTLE] exp=2 gold=199368 len=393
2026-10-02 10:36:01.815 [SETTLE] exp=1 gold=199368 len=403
2026-10-02 10:36:32.651 [SETTLE] exp=2 gold=199368 len=393
2026-10-02 10:36:56.851 [SETTLE] exp=1 gold=199368 len=393
2026-10-02 10:37:28.676 [SETTLE] exp=1 gold=199368 len=393
2026-10-02 10:37:49.127 [SETTLE] exp=1 gold=199368 len=403
2026-10-02 10:38:13.662 [SETTLE] exp=1 gold=199368 len=403
2026-10-02 10:38:34.828 [SETTLE] exp=1 gold=199368 len=393
2026-10-02 10:39:02.639 [SETTLE] exp=2 gold=199368 len=393
2026-10-02 10:39:34.746 [SETTLE] exp=1 gold=199368 len=393
2026-10-02 10:39:59.029 [SETTLE] exp=1 gold=199368 len=403
2026-10-02 10:40:26.421 [SETTLE] exp=1 gold=199368 len=403
2026-10-02 10:40:50.446 [SETTLE] exp=2 gold=199368 len=403
2026-10-02 10:41:19.099 [SETTLE] exp=2 gold=199368 len=393
2026-10-02 10:41:46.988 [SETTLE] exp=1 gold=199368 len=393
2026-10-02 10:42:15.201 [SETTLE] exp=2 gold=199368 len=393
2026-10-02 10:42:43.507 [SETTLE] exp=1 gold=199368 len=393
2026-10-02 10:43:15.556 [SETTLE] exp=2 gold=199368 len=393
2026-10-02 10:43:42.538 [SETTLE] exp=1 gold=199368 len=403
2026-10-02 10:44:07.727 [SETTLE] exp=2 gold=199368 len=393
2026-10-02 10:44:30.359 [SETTLE] exp=1 gold=199368 len=393
2026-10-02 10:44:58.633 [SETTLE] exp=2 gold=199368 len=403
2026-10-02 10:45:26.681 [SETTLE] exp=2 gold=199368 len=393
2026-10-02 10:45:52.772 [SETTLE] exp=2 gold=199368 len=403
2026-10-02 10:46:17.173 [SETTLE] exp=2 gold=199368 len=393
2026-10-02 10:46:22.812 [QUESTION] {"type":"question","sock":2560,"qno":13,"field_a":89,"stem":"光学物理上把能够自身发光的物体叫做？","options":["1、正能量","2、可能叫这个吧","3、阳光普照","4、光源"]}
2026-10-02 10:46:23.821 [UI] auto dump on question qno=13
2026-10-02 10:46:23.821 [UI] ---- window dump begin (pid 19732) ----
2026-10-02 10:46:24.107 [UI] TOP=001F08B4 vis=1 cls=QBOvCls rc=(369,377,729,473) title=
2026-10-02 10:46:24.120 [UI] TOP=0095078C vis=1 cls=ATL:012FF210 rc=(29,10,1069,817) title=什么什么大冒险2(①逍遥村敬老院)-伏地魔3_Sep 24 2026《什么什么大冒险》制作委员会QQ群:515616289
2026-10-02 10:46:24.120 [UI] TOP=000A00F2 vis=0 cls=DIEmWin rc=(-1,-1,135,38) title=DIEmWin
2026-10-02 10:46:24.518 [UI] TOP=00190582 vis=0 cls=IME rc=(0,0,0,0) title=Default IME
2026-10-02 10:46:24.538 [UI] TOP=00070628 vis=0 cls=MSCTFIME UI rc=(0,0,0,0) title=MSCTFIME UI
2026-10-02 10:46:24.549 [UI] TOP=00170C52 vis=0 cls=IME rc=(0,0,0,0) title=Default IME
2026-10-02 10:46:24.549 [UI] TOP=001B0228 vis=0 cls=IME rc=(0,0,0,0) title=Default IME
2026-10-02 10:46:24.549 [UI] ---- window dump end ----
2026-10-02 10:46:25.738 [SEND-ANSWER] qno=13 opt=3 ret=13 sock=2560
2026-10-02 10:46:25.786 [SYS] 测试通过！
2026-10-02 10:46:25.879 [SYS] 获得了#00FF00#100#FFF692#金币
2026-10-02 10:46:25.886 [CURRENCY] a=199368 b=897582
2026-10-02 10:46:26.380 [OP] 4018 inv=FFF0 len=15 #1 7c6b7f51e3a722a30559599464517f
2026-10-02 10:46:27.546 [UI] auto-closing quiz frame: qno=13 opt=3
2026-10-02 10:46:27.813 [UI] option 3 control NOT found — falling back to digit key
2026-10-02 10:46:57.484 [SETTLE] exp=2 gold=199368 len=393
2026-10-02 10:47:20.684 [SETTLE] exp=2 gold=199368 len=393
2026-10-02 10:47:51.338 [SETTLE] exp=1 gold=199368 len=393
2026-10-02 10:48:16.424 [SETTLE] exp=1 gold=199368 len=393
2026-10-02 10:48:43.996 [SETTLE] exp=1 gold=199368 len=403
2026-10-02 10:49:06.595 [SETTLE] exp=2 gold=199368 len=393
2026-10-02 10:49:28.826 [SETTLE] exp=2 gold=199368 len=403
2026-10-02 10:49:58.888 [SETTLE] exp=1 gold=199368 len=403
2026-10-02 10:50:26.457 [SETTLE] exp=2 gold=199368 len=403
2026-10-02 10:50:52.221 [SETTLE] exp=1 gold=199368 len=403
2026-10-02 10:51:15.305 [SETTLE] exp=1 gold=199368 len=393
2026-10-02 10:51:48.045 [SETTLE] exp=1 gold=199368 len=403
2026-10-02 10:52:20.943 [SETTLE] exp=1 gold=199368 len=393
2026-10-02 10:52:52.537 [SETTLE] exp=1 gold=199368 len=393
2026-10-02 10:53:17.965 [SETTLE] exp=1 gold=199368 len=403
2026-10-02 10:53:46.202 [SETTLE] exp=2 gold=199368 len=393
2026-10-02 10:54:12.459 [SETTLE] exp=1 gold=199368 len=393
2026-10-02 10:54:45.087 [SETTLE] exp=2 gold=199368 len=393
2026-10-02 10:55:14.648 [SETTLE] exp=1 gold=199368 len=403
2026-10-02 10:55:40.292 [SETTLE] exp=1 gold=199368 len=393
2026-10-02 10:56:07.135 [SETTLE] exp=1 gold=199368 len=403
2026-10-02 10:56:31.633 [SETTLE] exp=1 gold=199368 len=393
2026-10-02 10:57:02.626 [SETTLE] exp=2 gold=199368 len=403
2026-10-02 10:57:36.869 [SETTLE] exp=1 gold=199368 len=393
2026-10-02 10:58:04.536 [OUT] 1F04 inv=FFF6 len=13 #2 f6ff041fce1f805bc6510bdce8
2026-10-02 10:58:05.305 [SETTLE] exp=2 gold=199368 len=393
2026-10-02 10:58:35.229 [SETTLE] exp=1 gold=199368 len=393
2026-10-02 10:59:02.414 [SETTLE] exp=2 gold=199368 len=393
2026-10-02 10:59:31.183 [SETTLE] exp=1 gold=199368 len=393
2026-10-02 11:00:00.740 [SETTLE] exp=1 gold=199368 len=393
2026-10-02 11:00:26.822 [SETTLE] exp=1 gold=199368 len=393
2026-10-02 11:00:58.338 [SETTLE] exp=1 gold=199368 len=403
2026-10-02 11:01:24.117 [SETTLE] exp=2 gold=199368 len=393
2026-10-02 11:01:51.488 [SETTLE] exp=2 gold=199368 len=403
2026-10-02 11:02:14.656 [SETTLE] exp=2 gold=199368 len=393
2026-10-02 11:02:43.775 [SETTLE] exp=2 gold=199368 len=393
2026-10-02 11:03:18.523 [SETTLE] exp=2 gold=199368 len=393
2026-10-02 11:03:49.106 [SETTLE] exp=1 gold=199368 len=393
2026-10-02 11:04:17.472 [SETTLE] exp=2 gold=199368 len=393
2026-10-02 11:04:46.570 [SETTLE] exp=1 gold=199368 len=393
2026-10-02 11:05:17.039 [SETTLE] exp=1 gold=199368 len=393
2026-10-02 11:05:43.558 [SETTLE] exp=1 gold=199368 len=403
2026-10-02 11:06:22.208 [SETTLE] exp=1 gold=199368 len=393
2026-10-02 11:06:53.368 [SETTLE] exp=2 gold=199368 len=393
2026-10-02 11:07:29.254 [SETTLE] exp=1 gold=199368 len=403
2026-10-02 11:08:00.775 [SETTLE] exp=1 gold=199368 len=403
2026-10-02 11:08:22.611 [SETTLE] exp=2 gold=199368 len=403
2026-10-02 11:08:49.115 [SETTLE] exp=1 gold=199368 len=393
2026-10-02 11:09:15.832 [SETTLE] exp=1 gold=199368 len=403
2026-10-02 11:09:45.758 [SETTLE] exp=1 gold=199368 len=403
2026-10-02 11:10:14.303 [SETTLE] exp=2 gold=199368 len=393
2026-10-02 11:10:47.283 [SETTLE] exp=2 gold=199368 len=403
2026-10-02 11:11:17.663 [SETTLE] exp=1 gold=199368 len=393
2026-10-02 11:11:47.786 [SETTLE] exp=1 gold=199368 len=393
2026-10-02 11:12:16.689 [SETTLE] exp=1 gold=199368 len=403
2026-10-02 11:12:48.251 [SETTLE] exp=1 gold=199368 len=403
2026-10-02 11:13:18.096 [SETTLE] exp=1 gold=199368 len=403
2026-10-02 11:13:41.724 [SETTLE] exp=1 gold=199368 len=403
2026-10-02 11:14:07.659 [SETTLE] exp=2 gold=199368 len=393
2026-10-02 11:14:29.229 [SETTLE] exp=1 gold=199368 len=393
2026-10-02 11:14:57.423 [SETTLE] exp=2 gold=199368 len=393
2026-10-02 11:15:21.580 [SETTLE] exp=2 gold=199368 len=403
2026-10-02 11:15:47.241 [SETTLE] exp=1 gold=199368 len=393
2026-10-02 11:16:15.605 [SETTLE] exp=2 gold=199368 len=393
2026-10-02 11:16:47.111 [SETTLE] exp=1 gold=199368 len=393
2026-10-02 11:17:13.008 [SETTLE] exp=1 gold=199368 len=403
2026-10-02 11:17:13.098 [OP] 4210 inv=FFF3 len=12 #4 570bdcfa2f2b1f80a0ecfc0b
2026-10-02 11:17:46.504 [SETTLE] exp=1 gold=199368 len=403
2026-10-02 11:18:11.975 [SETTLE] exp=2 gold=199368 len=393
2026-10-02 11:18:37.536 [SETTLE] exp=2 gold=199368 len=393
2026-10-02 11:19:08.476 [SETTLE] exp=2 gold=199368 len=393
2026-10-02 11:19:42.496 [SETTLE] exp=1 gold=199368 len=403
2026-10-02 11:20:08.783 [SETTLE] exp=2 gold=199368 len=393
2026-10-02 11:20:48.399 [SETTLE] exp=2 gold=199368 len=393
2026-10-02 11:21:14.190 [SETTLE] exp=1 gold=199368 len=393
2026-10-02 11:21:42.377 [SETTLE] exp=2 gold=199368 len=403
2026-10-02 11:21:49.045 [OP] 4031 inv=FFE0 len=31 #4 44dc5ba32b1f805bdf51ae67a99e36a7cb0f1355938cfaa39d7ff324cef60b
2026-10-02 11:22:17.892 [SETTLE] exp=1 gold=199368 len=393
2026-10-02 11:22:40.978 [SETTLE] exp=2 gold=199368 len=393
2026-10-02 11:23:14.096 [SETTLE] exp=1 gold=199368 len=393
2026-10-02 11:23:42.365 [SETTLE] exp=2 gold=199368 len=403
2026-10-02 11:24:06.753 [SETTLE] exp=1 gold=199368 len=403
2026-10-02 11:24:35.248 [SETTLE] exp=2 gold=199368 len=393
2026-10-02 11:25:07.465 [SETTLE] exp=2 gold=199368 len=393
2026-10-02 11:25:42.494 [SETTLE] exp=1 gold=199368 len=393
2026-10-02 11:26:13.875 [SETTLE] exp=1 gold=199368 len=403
2026-10-02 11:26:50.939 [SETTLE] exp=2 gold=199368 len=393
2026-10-02 11:27:18.201 [SETTLE] exp=2 gold=199368 len=403
2026-10-02 11:27:45.524 [SETTLE] exp=2 gold=199368 len=403
2026-10-02 11:28:13.752 [SETTLE] exp=2 gold=199368 len=393
2026-10-02 11:28:43.117 [SETTLE] exp=1 gold=199368 len=393
2026-10-02 11:29:17.639 [SETTLE] exp=1 gold=199368 len=393
2026-10-02 11:29:17.928 [OP] 4210 inv=FFF3 len=12 #5 570bdcfa2f2b1f80c6ecfc0b
2026-10-02 11:29:45.616 [SETTLE] exp=2 gold=199368 len=403
2026-10-02 11:30:20.051 [SETTLE] exp=1 gold=199368 len=403
2026-10-02 11:30:48.668 [SETTLE] exp=1 gold=199368 len=393
2026-10-02 11:31:18.710 [SETTLE] exp=1 gold=199368 len=393
2026-10-02 11:31:50.074 [SETTLE] exp=1 gold=199368 len=393
2026-10-02 11:32:13.523 [SETTLE] exp=2 gold=199368 len=393
2026-10-02 11:32:38.797 [SETTLE] exp=1 gold=199368 len=403
2026-10-02 11:33:11.815 [SETTLE] exp=1 gold=199368 len=403
2026-10-02 11:33:34.103 [SETTLE] exp=2 gold=199368 len=393
2026-10-02 11:34:08.927 [SETTLE] exp=2 gold=199368 len=393
2026-10-02 11:34:41.676 [SETTLE] exp=1 gold=199368 len=403
2026-10-02 11:35:08.633 [SETTLE] exp=2 gold=199368 len=403
2026-10-02 11:35:36.898 [SETTLE] exp=2 gold=199368 len=403
2026-10-02 11:36:08.220 [SETTLE] exp=1 gold=199368 len=393
2026-10-02 11:36:40.007 [SETTLE] exp=1 gold=199368 len=393
2026-10-02 11:37:04.045 [SETTLE] exp=2 gold=199368 len=403
2026-10-02 11:37:25.608 [SETTLE] exp=2 gold=199368 len=403
2026-10-02 11:37:51.596 [SETTLE] exp=1 gold=199368 len=393
2026-10-02 11:38:20.230 [SETTLE] exp=2 gold=199368 len=393
2026-10-02 11:38:48.409 [SETTLE] exp=2 gold=199368 len=393
2026-10-02 11:39:20.513 [SETTLE] exp=2 gold=199368 len=393
2026-10-02 11:39:55.741 [SETTLE] exp=1 gold=199368 len=393
2026-10-02 11:40:32.049 [SETTLE] exp=2 gold=199368 len=393
2026-10-02 11:40:55.530 [SETTLE] exp=2 gold=199368 len=393
2026-10-02 11:41:18.578 [SETTLE] exp=1 gold=199368 len=393
2026-10-02 11:41:45.525 [SETTLE] exp=1 gold=199368 len=403
2026-10-02 11:42:15.501 [SETTLE] exp=1 gold=199368 len=393
2026-10-02 11:42:37.196 [SETTLE] exp=1 gold=199368 len=393
2026-10-02 11:43:05.843 [SETTLE] exp=1 gold=199368 len=393
2026-10-02 11:43:35.528 [SETTLE] exp=1 gold=199368 len=393
2026-10-02 11:44:12.291 [SETTLE] exp=1 gold=199368 len=393
2026-10-02 11:44:33.593 [OV] overlay OFF
2026-10-02 11:44:43.545 [SETTLE] exp=2 gold=199368 len=403
2026-10-02 11:45:14.123 [SETTLE] exp=1 gold=199368 len=393
2026-10-02 11:45:37.912 [SETTLE] exp=1 gold=199368 len=393
2026-10-02 11:45:58.196 [SETTLE] exp=1 gold=199368 len=403
2026-10-02 11:46:28.370 [SETTLE] exp=1 gold=199368 len=403
2026-10-02 11:46:55.429 [SETTLE] exp=1 gold=199368 len=403
2026-10-02 11:47:14.369 [SETTLE] exp=1 gold=199368 len=403
2026-10-02 11:47:14.578 [OP] 40A0 inv=FFBB len=68 #2 3ccdfc0b6ffaf82b69605b6439ecdcfadb4ac3548a70b10543bbea0232805b64510bdcfaa32b1f805b64510bdcfaa32b1f805b64510bdcfaa32b1f8007dff1fd59c49a7c
2026-10-02 11:47:40.652 [SETTLE] exp=1 gold=199368 len=403
2026-10-02 11:48:07.714 [SETTLE] exp=1 gold=199368 len=403
2026-10-02 11:48:31.581 [SETTLE] exp=2 gold=199368 len=403
2026-10-02 11:49:01.375 [SETTLE] exp=1 gold=199368 len=403
2026-10-02 11:49:21.313 [SETTLE] exp=1 gold=199368 len=403
2026-10-02 11:49:46.781 [SETTLE] exp=2 gold=199368 len=393
2026-10-02 11:49:49.003 [OP] 40A0 inv=FFBB len=68 #3 3ccdfc0b6ffadb2b5a605b6439ecdcfadb4ac3548a70b10568bbea0232805b64510bdcfaa32b1f805b64510bdcfaa32b1f805b64510bdcfaa32b1f8007df8a3d59c4dfee
2026-10-02 11:50:13.451 [SETTLE] exp=2 gold=199368 len=403
2026-10-02 11:50:41.786 [OP] 46E0 inv=FDF7 len=520 #1 3ccdfc0b6ffaa32bb507c464580bdcfa2c5d1f80c364ef0b40b8202bd62f8823777a3bc034e1caef66b2c80bdcfa9d2b85a44064510bdcfadb2b610726f300ec815b7d35c0805b64510bdcfa392b1f80c4640e0b0877c05387564864946f69f4a5dfd1807464510bdc08a32be0569b6ffc0bdcfa2154adce0b47c80b6e109d2be8808a6f67df2ffab70e5fce508c8cd0d0c52642d63f667f1d4ad4999ba86d80
2026-10-02 11:50:41.877 [SETTLE] exp=1 gold=199368 len=403
2026-10-02 11:50:46.092 [SYS] #ff0000#您已进入野外区域，可能遭遇玩家间的自由对战，请注意安全！#ffffff#
2026-10-02 11:50:46.092 [OP] 4202 inv=FFEF len=16 #1 d5ecdcfab42b1f806adf510be4c4a32b
2026-10-02 11:50:46.157 [OP] 40E0 inv=FED1 len=302 #2 55b252fa1a7c1f805b64510bf9faa32b1f805b64a9fddcfaa32b1f8080df510bdcfaa32b46455b64fc0bdcfa392b1f804864510ba7e8a32bad805b64b2ecdcfa082b1f80addf510bb6e8a32bad805b644e80dcfa53531f805764510b13c4a32bc74e5b64d4ecdcfae62b1f800d64510b8ffaa32b1f805b64510bdcfaa32b1f805b64510bdcfaa32b1f805b64430bdcfaa32b1f805b64510bdcfaa32b1f805b64
2026-10-02 11:50:46.157 [OP] 40E3 inv=FFCF len=48 #2 b907c464af0bdcfac32bfd804764610bdefaf82babaa956490ecfafabf5384809fdf0b0b0022462b01cec464edd052fa
2026-10-02 11:50:46.157 [OP] 40E2 inv=FFF3 len=12 #2 3ccdfc0b6ffaa32b45809564
2026-10-02 11:50:46.158 [OP] 4232 inv=FF60 len=159 #1 c8afd0dce0a32b1f4f5b645127dcfaa3de1f805b6f510bdc1c462b1f805b64510bdcfaa32b1f805b64510bdcfaa32b1f805b64510bdcfaa3599d805b64510bdcb7f82b1f805b6451fb8bfaa32b1f805b4e580bdcfaa32b1f227a64517f52faa3edad805b7c510bdc25a32b1fef5b6451c4dcfaa3d4ad805bbc510bdc6ba32b1f0a5b64510bdcfaa32cd672eca2d661e2b05b931f805b64510bdcfaa32b1f80
2026-10-02 11:50:46.158 [OP] 4232 inv=FF60 len=159 #2 c8afd0dcaea32b1f8c5b6451fddcfaa3421f805b53510bdca5202b1f805b64510bdcfaa32b1f805b64510bdcfaa32b1f805b64510bdcfaa37834805b64510bdc6a392b1f805b6451c66afaa32b1f805b24b20bdcfaa32b1f9a236451ae52faa3b834805b0d510bdcbaa32b1fef5b6451c4dcfaa3db34805b02510bdceda32b1fd35b64510bdcfaa32cd672eca2d62ce2b05bde1f805bdf510bdcfaa32b1f80
2026-10-02 11:50:46.158 [OP] 4232 inv=FF60 len=159 #3 c8afd0dccaa32b1fc65b645144dcfaa3581f805b53510bdcc5312b1f805b64510bdcfaa32b1f805b64510bdcfaa32b1f805b64510bdcfaa3623c805b64510bdcb1232b1f805b645151a7faa32b1f805b42830bdcfaa32b1fe67a6451ae52faa33f8a805b54580bdc65a32b1fef5b6451c4dcfaa327f3805b0b510bdc3ddb2b1f239564510bdcfaa32cd6725aaed6de49b05bceca8095f8510bdcfaa32b1f80
2026-10-02 11:50:46.158 [OP] 401B inv=FEB3 len=332 #1 a63bad800d64510b17faa32bb907c464530bdcfa972b1f8099d9510bdcfaa32b53ca5b64510bdcfa0a2b1f805b64510b9bc4a32b1f805b64bc595ab12b21ab805b64510bdcfaa32b1fc75b640db252fada2b1f802964510bae53a32b1f805b6441fddcfaa32b1f808564510bdcfaa32bcdaa5b64510bdcfa16876c842d43900bdcfaa32b1f805b6451b122c18a5dad806f64510b76faa32b75ce5b64510bdcfa
2026-10-02 11:50:46.158 [OP] 4055 inv=FFF7 len=8 #3 3ccdfc0bdcfaa32b
2026-10-02 11:50:46.158 [OP] 40A0 inv=FF07 len=248 #4 3ccdfc0b8bfa392b5e605b6439ecdcfadb4ac3548a70b105cd97600e1f805b64510bdcfaa32b1f805b64510bdcfaa32b1f805b64510bdcfaa32b1f8030dfced078c4b1deef125b64e07fdcfadb4ae4f1245d510bdcfaa32b1f805b64510bdcfaa32b1f805b64510bdcfaa32b1f805b64510bdcfaa32b1f806bf84bd0a7e8fcde6fce5b64a9d0dcfadb4a402fed6d510bdcfaa32b1f805b64510bdcfaa32b1f80
2026-10-02 11:50:46.293 [OUT] 0185 inv=FFF7 len=12 #2 f7ff8501dcfaa32bc8d97b81
2026-10-02 11:53:35.806 [OP] 4031 inv=FF64 len=155 #5 935b6151d0dcfaa3531fa4db8c740acb57e554e2a4021f2ef368a2346786b098f990b978b8349a6671ffd856b3d3a234670b1cedde6c3876a2348282d36de074a4b1ef1075e8f26f270094b8b8128eac5daf0572a3965034679694f3b3e1a6b6ccc29b40f32cce4d87f0775131a2b1f389f9140fb35120bb4c848980ef6e165119aeeb837bc06919740e23d0e4346451e49cfc58f33ee554cab00b
2026-10-02 11:54:47.048 [SYS] #ff0000#您已进入野外区域，可能遭遇玩家间的自由对战，请注意安全！#ffffff#
2026-10-02 11:54:47.048 [OP] 40E0 inv=FED1 len=302 #3 55b252fa1a7c1f805b64510bf9faa32b1f805b64a9fddcfaa32b1f8080df510bdcfaa32b46455b64fc0bdcfa392b1f804864510ba7e8a32bad805b64b2ecdcfa082b1f80addf510bb6e8a32bad805b644e80dcfa53531f805764510b13c4a32bc74e5b64d4ecdcfae62b1f800d64510b8ffaa32b1f805b64510bdcfaa32b1f805b64510bdcfaa32b1f805b64430bdcfaa32b1f805b64510bdcfaa32b1f805b64
2026-10-02 11:54:47.048 [OP] 40E3 inv=FFCF len=48 #3 b907c464af0bdcfac32bfd804764610bdefaf82babaa956490ecfafabf5384809fdf0b0b0022462b01cec464edd052fa
2026-10-02 11:54:47.048 [OP] 40E2 inv=FFF3 len=12 #3 3ccdfc0b6ffaa32b45809564
2026-10-02 11:54:47.048 [OP] 4232 inv=FF60 len=159 #4 c8afd0dce0a32b1f4f5b645127dcfaa3de1f805b6f510bdc1c462b1f805b64510bdcfaa32b1f805b64510bdcfaa32b1f805b64510bdcfaa3599d805b64510bdcb7f82b1f805b6451fb8bfaa32b1f805b4e580bdcfaa32b1f227a64517f52faa3edad805b7c510bdc25a32b1fef5b6451c4dcfaa3d4ad805bbc510bdc6ba32b1f0a5b64510bdcfaa32cd672eca2d661e2b05b931f805b64510bdcfaa32b1f80
2026-10-02 11:54:47.048 [OP] 4232 inv=FF60 len=159 #5 c8afd0dcaea32b1f8c5b6451fddcfaa3421f805b53510bdca5202b1f805b64510bdcfaa32b1f805b64510bdcfaa32b1f805b64510bdcfaa37834805b64510bdc6a392b1f805b6451c66afaa32b1f805b24b20bdcfaa32b1f9a236451ae52faa3b834805b0d510bdcbaa32b1fef5b6451c4dcfaa3db34805b02510bdceda32b1fd35b64510bdcfaa32cd672eca2d62ce2b05bde1f805bdf510bdcfaa32b1f80
2026-10-02 11:54:47.049 [OP] 401B inv=FEB3 len=332 #2 a63bad800d64510b17faa32bb907c464530bdcfa972b1f8099d9510bdcfaa32b53ca5b64510bdcfa0a2b1f805b64510b9bc4a32b1f805b64bc595ab12b21ab805b64510bdcfaa32b1faa5b640db252fada2b1f802964510bae53a32b1f805b6441fddcfaa32b1f808564510bdcfaa32bcdaa5b64510bdcfa16876c842d43900bdcfaa32b1f805b64510bdce88a5dad806f64510b76faa32b75ce5b64510bdcfa
2026-10-02 11:54:47.065 [OUT] 0185 inv=FFF7 len=12 #3 f7ff8501dcfaa32bc8d97b81
2026-10-02 11:54:47.118 [OP] 4202 inv=FFEF len=16 #2 feecdcfab42b1f8056df510bc3c4a32b
2026-10-02 11:54:47.118 [OP] 4055 inv=FFF7 len=8 #4 3ccdfc0bdcfaa32b
2026-10-02 11:54:47.118 [OP] 40A0 inv=FF7F len=128 #5 3ccdfc0b900e392b4f125b644f0bdcfadb4a86550b70510bdcfaa32b1f805b64510bdcfaa32b1f805b64510bdcfaa32b1f805b64510bdcfaa32b1f8039f80dd0d9e8f0deb1605b6439ecdcfadb4ac3548a70b10568bbea0232805b64510bdcfaa32b1f805b64510bdcfaa32b1f805b64510bdcfaa32b1f802edfe0ec0fc46453
2026-10-02 11:55:13.839 [SETTLE] exp=1 gold=199368 len=403
2026-10-02 11:55:35.267 [SETTLE] exp=1 gold=199368 len=393
2026-10-02 11:55:54.377 [SETTLE] exp=2 gold=199368 len=403
2026-10-02 11:56:16.847 [SETTLE] exp=2 gold=199368 len=393
2026-10-02 11:56:34.422 [SETTLE] exp=1 gold=199368 len=403
2026-10-02 11:56:57.550 [SETTLE] exp=1 gold=199368 len=393
2026-10-02 11:57:20.530 [SETTLE] exp=1 gold=199368 len=393
2026-10-02 11:57:43.324 [SETTLE] exp=1 gold=199368 len=393
2026-10-02 11:57:45.540 [SYS] #ff0000#您已进入野外区域，可能遭遇玩家间的自由对战，请注意安全！#ffffff#
2026-10-02 11:57:45.540 [OP] 4202 inv=FFEF len=16 #3 95ecdcfab42b1f8072df510be4c4a32b
2026-10-02 11:57:45.540 [OP] 40E0 inv=FED1 len=302 #4 55b252fa1a7c1f805b64510b6ac4a32b1f805b64a9fddcfaa32b1f8080df510bdcfaa32b46455b64fc0bdcfa392b1f804864510ba7e8a32bad805b64b2ecdcfa082b1f80addf510bb6e8a32bad805b644e80dcfa53531f805764510b13c4a32bc74e5b64d4ecdcfae62b1f800d64510b8ffaa32b1f805b64510bdcfaa32b1f805b64510bdcfaa32b1f805b64430bdcfaa32b1f805b64510bdcfaa32b1f805b64
2026-10-02 11:57:45.540 [OP] 40E3 inv=FFCF len=48 #4 b907c464af0bdcfac32bfd804764610bdefaf82babaa956490ecfafabf5384809fdf0b0b0022462b01cec464edd052fa
2026-10-02 11:57:45.540 [OP] 40E2 inv=FFF3 len=12 #4 3ccdfc0b6f53a32b45809564
2026-10-02 11:57:45.540 [OP] 401B inv=FEB3 len=332 #3 a63bad800d64510b17faa32bb907c464530bdcfa972b1f8099d9510bdcfaa32b53ca5b64510bdcfa23531f805b64510b9bc4a32b1f805b64bc595ab12b21ab805b64510bdcfaa32b1fce16370db252fada2b1f802964510bae53a32b1f805b6441fddcfaa32b1f808564510bdcfaa32bcdaa5b64510bdcfa16876c842d43900bdcfaa32b1f805b6451b152fa8a5dad806f64510b76faa32b75ce5b64510bdcfa
2026-10-02 11:57:45.633 [OP] 4055 inv=FFF7 len=8 #5 3ccdfc0bdcfaa32b
2026-10-02 11:57:45.689 [OUT] 0185 inv=FFF7 len=12 #4 f7ff8501dcfaa32bc8d97b81
2026-10-02 12:00:00.517 [SYS] 许愿池里多了一批新礼物，赶紧来许愿吧~
2026-10-02 12:07:39.411 [QUESTION] {"type":"question","sock":2560,"qno":8,"field_a":75,"stem":"风速越大，风力就会怎么样？","options":["1、能烤鸡翅膀","2、形成台轰","3、越强","4、有毒"]}
2026-10-02 12:07:40.428 [UI] auto dump on question qno=8
2026-10-02 12:07:40.429 [UI] ---- window dump begin (pid 19732) ----
2026-10-02 12:07:40.550 [UI] TOP=001F08B4 vis=0 cls=QBOvCls rc=(369,377,729,473) title=
2026-10-02 12:07:40.572 [UI] TOP=0095078C vis=1 cls=ATL:012FF210 rc=(29,10,1069,817) title=什么什么大冒险2(①逍遥村敬老院)-伏地魔3_Sep 24 2026《什么什么大冒险》制作委员会QQ群:515616289
2026-10-02 12:07:40.573 [UI] TOP=000A00F2 vis=0 cls=DIEmWin rc=(-1,-1,135,38) title=DIEmWin
2026-10-02 12:07:40.956 [UI] TOP=00190582 vis=0 cls=IME rc=(0,0,0,0) title=Default IME
2026-10-02 12:07:40.964 [UI] TOP=00070628 vis=0 cls=MSCTFIME UI rc=(0,0,0,0) title=MSCTFIME UI
2026-10-02 12:07:40.978 [UI] TOP=00170C52 vis=0 cls=IME rc=(0,0,0,0) title=Default IME
2026-10-02 12:07:40.979 [UI] TOP=001B0228 vis=0 cls=IME rc=(0,0,0,0) title=Default IME
2026-10-02 12:07:40.979 [UI] ---- window dump end ----
2026-10-02 12:07:42.367 [SEND-ANSWER] qno=8 opt=2 ret=13 sock=2560
2026-10-02 12:07:42.421 [SYS] 测试通过！
2026-10-02 12:07:42.510 [SYS] 获得了#00FF00#100#FFF692#金币
2026-10-02 12:07:42.510 [CURRENCY] a=199368 b=897682
2026-10-02 12:07:44.168 [UI] auto-closing quiz frame: qno=8 opt=2
2026-10-02 12:07:44.192 [UI] option 2 control NOT found — falling back to digit key
2026-10-02 12:07:44.192 [UI] sending digit key '2' to hwnd=0095078C
2026-10-02 12:07:44.593 [OUT] 1F04 inv=FFF6 len=13 #3 f6ff041fce1f805bdd510bdce8
2026-10-02 12:16:02.091 [SYS] #ff0000#您已进入野外区域，可能遭遇玩家间的自由对战，请注意安全！#ffffff#
2026-10-02 12:16:02.091 [OP] 4202 inv=FFEF len=16 #4 feecdcfab42b1f80d07f510b2625a32b
2026-10-02 12:16:02.091 [OP] 40E0 inv=FED1 len=302 #5 55b252fa1a7c1f805b64510b6ac4a32b1f805b64a9fddcfaa32b1f8080df510bdcfaa32b46455b64fc0bdcfa392b1f804864510ba7e8a32bad805b64b2ecdcfa082b1f80addf510bb6e8a32bad805b644e80dcfa53531f805764510b13c4a32bc74e5b64d4ecdcfae62b1f800d64510b8ffaa32b1f805b64510bdcfaa32b1f805b64510bdcfaa32b1f805b64430bdcfaa32b1f805b64510bdcfaa32b1f805b64
2026-10-02 12:16:02.091 [OP] 40E3 inv=FFCF len=48 #5 b907c464af0bdcfac32bfd804764610bdefaf82babaa956490ecfafabf5384809fdf0b0b0022462b01cec464edd052fa
2026-10-02 12:16:02.091 [OP] 40E2 inv=FFF3 len=12 #5 3ccdfc0b6ffaa32b45809564
2026-10-02 12:16:02.091 [OP] 401B inv=FEB3 len=332 #4 a63bad800d64510b17faa32bb907c464530bdcfa972b1f8099d9510bdcfaa32b53ca5b64510bdcfa23531f805b64510b9bc4a32b1f805b64bc595ab12b21ab805b64510bdcfaa32b1f41da4f0db252fada2b1f802964510bae53a32b1f805b6441fddcfaa32b1f808564510bdcfaa32bcdaa5b64510bdcfa16876c842d43900bdcfaa32b1f805b64510bdcfa8a5dad806f64510b76faa32b75ce5b64510bdcfa
2026-10-02 12:16:02.332 [OUT] 0185 inv=FFF7 len=12 #5 f7ff8501dcfaa32bc8d97b81
2026-10-02 12:16:32.231 [SETTLE] exp=2 gold=199368 len=393
2026-10-02 12:16:52.617 [SETTLE] exp=2 gold=199368 len=393
2026-10-02 12:17:16.902 [SETTLE] exp=1 gold=199368 len=393
2026-10-02 12:17:42.058 [SETTLE] exp=2 gold=199368 len=403
2026-10-02 12:18:03.618 [SETTLE] exp=1 gold=199368 len=393
2026-10-02 12:18:26.030 [SETTLE] exp=1 gold=199368 len=403
2026-10-02 12:18:47.856 [SETTLE] exp=1 gold=199368 len=393
2026-10-02 12:19:10.576 [SETTLE] exp=1 gold=199368 len=393
2026-10-02 12:19:33.988 [SETTLE] exp=2 gold=199368 len=393
2026-10-02 12:19:51.611 [SETTLE] exp=2 gold=199368 len=393
2026-10-02 12:20:11.234 [SETTLE] exp=2 gold=199368 len=393
2026-10-02 12:20:15.439 [SYS] #ff0000#您已进入野外区域，可能遭遇玩家间的自由对战，请注意安全！#ffffff#
2026-10-02 12:20:15.440 [OP] 401B inv=FEB3 len=332 #5 a63bad800d64510b17faa32bb907c464530bdcfa972b1f8099d9510bdcfaa32b53ca5b64510bdcfa23531f805b64510b9bc4a32b1f805b64bc595ab12b21ab805b64510bdcfaa32b1fe75b640db252fada2b1f802964510bae53a32b1f805b6441fddcfaa32b1f80a8df510bdcfaa32bcdaa5b64510bdcfa16876c842d43900bdcfaa32b1f805b64510bdce88a5dad806f64510b76faa32b75ce5b64510bdcfa
2026-10-02 12:20:15.510 [OP] 4202 inv=FFEF len=16 #5 b7ecdcfa572b1f80387f510b80c4a32b
2026-10-02 12:47:09.851 [OUT] 009C inv=FFFB len=8 #1 fbff9c00dcfaa32b
2026-10-02 12:47:09.986 [OP] 42E5 inv=FFE5 len=26 #1 0edf510b155a4e78ca805b64510bdcfaa32b1f805b64510bdcfa
2026-10-02 12:47:17.466 [OUT] 0050 inv=FFF7 len=12 #1 f7ff5000a32b1f801b64510b
2026-10-02 12:47:17.521 [OP] 4019 inv=FF7F len=128 #1 3ccdfc0ba9faa32bcace5b53380b28edf9196cf53e67074069d54a1c95b1bd4e87a45b18cc4dd3992d095cfb60d98098d030b42e88ca28568059bf9ed72a072f7d1658f2b9d7bd4e5579d897f9194b1dc2c088cadcfe7b627380eaa0532337a24f28c57feae957c737e3da28961154f9bc05b600a320d3cb0d6417ad181ea33a
2026-10-02 12:47:18.533 [OUT] 0051 inv=FFF7 len=12 #1 f7ff51005b64510b6ffaa32b
2026-10-02 12:47:18.585 [OP] 4019 inv=FEE7 len=280 #2 3ccdfc0ba9faa32bcace5b64b80b74ac1de66cd5e66096cc5b1801830ead02d0dde8222d5002d399e0fbeea4cd591d204b1db446b11777b3a6d6d3992de69611cd1e1d9d9abb2db74dccad9780fa41d65a4d5f72c9ddf0e99766547b6fd72da2da3ae26aea49e113502aa43cae7e98ef332a16fd656166f3e5491d6c28971d7ae15e83354d6c28efcaddffb50f8729f28c24634bd3cd35a0532337e38f663526
2026-10-02 12:47:20.803 [OUT] 0051 inv=FFF7 len=12 #2 f7ff51005b64510b90faa32b
2026-10-02 12:47:20.863 [SYS] #FFF692#交纳传送费用#00CCFF#690#FFF692#金币！
2026-10-02 12:47:21.060 [CURRENCY] a=199368 b=896992
2026-10-02 12:47:21.588 [OUT] 009C inv=FFFB len=8 #2 fbff9c00dcfaa32b
2026-10-02 12:47:21.590 [OUT] 009C inv=FFFB len=8 #3 fbff9c00dcfaa32b
2026-10-02 12:47:21.596 [OUT] 009C inv=FFFB len=8 #4 fbff9c00dcfaa32b
2026-10-02 12:47:21.600 [OUT] 009C inv=FFFB len=8 #5 fbff9c00dcfaa32b
2026-10-02 12:47:21.928 [OP] 42E5 inv=FFE5 len=26 #2 7a64510b20faa32bca0c3cc8065c59cc859a0d869887050bdcfa
2026-10-02 12:47:21.928 [OP] 42E5 inv=FFE5 len=26 #3 7a64510b20faa32bca0c3cc8065c59cc859a0d869887050bdcfa
2026-10-02 12:47:21.928 [OP] 42E5 inv=FFE5 len=26 #4 7a64510b20faa32bca0c3cc8065c59cc859a0d869887050bdcfa
2026-10-02 12:47:21.928 [OP] 42E5 inv=FFE5 len=26 #5 7a64510b20faa32bca0c3cc8065c59cc859a0d869887050bdcfa
2026-10-02 12:47:21.958 [OUT] 0135 inv=FFF7 len=12 #1 f7ff3501dcfaa32b5e805b64
2026-10-02 12:47:22.015 [OP] 42A7 inv=FEE6 len=281 #1 7c6b7f5133dcfaa30062832e058960677f329cdb9ec3538975ceec388294473d4c8260db9048cd942cc35c18755f8f4841572cc35ce656491792383c90db81a552159d31b04f615f1652cb155a4e470b8fdb81a5cb210cf6fe65d97bdd8352155aeb410bd9325382875f5a4e47d88f7e86e675155ab82442836addf65315251ce2c88f6a3cf475f477236f65796a5c8375495b596f5d793b2b526ae0252924c8
2026-10-02 12:47:22.773 [OUT] 0050 inv=FFF7 len=12 #2 f7ff5000a32b1f8000f8510b
2026-10-02 12:47:22.829 [OP] 4019 inv=FF73 len=140 #3 b907c464e07fdcfaf8de1f80b96476ad08745012d337336725549f578ebeafcb76336919f8743f7ae1d579a11d9388eff0ebe97ce09bd7854ab478eb4b4c7240932a160333b386e5d77b6f60518d96e91bd579eb3019f80330eb3536ad509a205bfaa32b7380eaa0532337a24f28c57feae957c737e3da28961154f9bc05b600a368caaa0d6417ad181ea382
2026-10-02 12:47:23.778 [OUT] 0051 inv=FFF7 len=12 #3 f7ff51005b64510b6ffaa32b
2026-10-02 12:47:23.826 [OP] 4019 inv=FE07 len=504 #4 a63bad8000f8510b6f5ba32b0480418787145ab7a14ba7d0f6b91d0177b332e7827b244433d25b186ce9325f3e3587c828ed4a1c95b1b293552c5b182bfaa7713ef2876989952bc6c2d071675c9b6c140c30b70b93b70d19daeec77ae1cd6fe953232da28f770b36792bb5830ffcd4b931e46dea7240b0cca877c34c2d67872a16fd65d4c24c2d40739e9624599997b846eb30205b3dda3a1abe35a0a69350d8
2026-10-02 12:47:25.750 [OUT] 0051 inv=FFF7 len=12 #4 f7ff51005b64510b8bfaa32b
2026-10-02 12:47:25.805 [SYS] #FFF692#交纳传送费用#00CCFF#1370#FFF692#金币！
2026-10-02 12:47:25.939 [CURRENCY] a=199368 b=896312
2026-10-02 12:47:27.667 [OUT] 0050 inv=FFF7 len=12 #3 f7ff5000a32b1f805764510b
2026-10-02 12:47:27.725 [OP] 4019 inv=FF73 len=140 #5 b907c4647b0bdcfaf8de1f80f96419ab5b1832e7b5714fde7660672d09a332f32de6b4e7aa4e16191c86f360052aa150c782e436d76725545d168bcf95483c49b3d2a8c8b927899ef0498822e151b06e6c1d41b4552c238c01026c7cd70587a49f1da32b7380eaa0532337a24f28c57feae957c737e3da28961154f9bc05b600a32b1f800d6417ad181ea393
2026-10-02 12:47:28.738 [OUT] 0051 inv=FFF7 len=12 #5 f7ff51005b64510b6ffaa32b
2026-10-02 12:47:30.763 [SYS] #FFF692#交纳传送费用#00CCFF#1810#FFF692#金币！
2026-10-02 12:47:30.871 [SYS] #ff0000#您已进入野外区域，可能遭遇玩家间的自由对战，请注意安全！#ffffff#
2026-10-02 12:47:30.949 [CURRENCY] a=199368 b=895872
2026-10-02 12:47:31.342 [OP] 40A1 inv=FFEB len=20 #1 510bdcfab65d1f809464510be9f4eede4012bb26
2026-10-02 12:47:46.309 [OP] 40A2 inv=FFF3 len=12 #1 dcfaa32bca805b649cf7dcfa
2026-10-02 12:47:53.505 [SETTLE] exp=2 gold=199368 len=403
2026-10-02 12:47:55.734 [OUT] 0135 inv=FFF7 len=12 #2 f7ff3501dcfaa32ba8805b64
2026-10-02 12:47:55.850 [OP] 42A7 inv=FEE6 len=281 #2 7c6b7f5181dcfaa361b527e02ed740b6646c61b527e02ed740b6c9c1c15f9afa0ee2ccc000c161b527fa5d8cd6fcc93ad2a2d0fac0d50bb6649bbf2cb677218c8fd585c112a213e02ed5a312ff44ad2abfd2f0c675dc006c6171d0c53ec70fb3e667d1a8bf0b5dd7403819d1562ca67ef3faaa32789bd2b5275bc06d62bc213afeb98277178cd6b664a32457314e131fe307213a56017de02e518c588244d1b7
2026-10-02 12:47:56.342 [OUT] 0050 inv=FFF7 len=12 #4 f7ff5000a32b1f802d3d510b
2026-10-02 12:47:56.395 [SYS] #ff0000#您已进入野外区域，可能遭遇玩家间的自由对战，请注意安全！#ffffff#
2026-10-02 12:48:35.777 [SETTLE] exp=1 gold=199368 len=393
2026-10-02 12:49:16.536 [SETTLE] exp=2 gold=199368 len=393
2026-10-02 12:49:43.371 [SETTLE] exp=1 gold=199368 len=393
2026-10-02 12:50:23.231 [SETTLE] exp=2 gold=199368 len=393
2026-10-02 12:50:52.125 [SETTLE] exp=1 gold=199368 len=393
2026-10-02 12:51:18.391 [SETTLE] exp=1 gold=199368 len=393
2026-10-02 12:51:51.842 [SETTLE] exp=2 gold=199368 len=393
2026-10-02 12:52:20.237 [SETTLE] exp=2 gold=199368 len=393
2026-10-02 12:52:47.534 [SETTLE] exp=2 gold=199368 len=393
2026-10-02 12:53:10.048 [SETTLE] exp=1 gold=199368 len=393
2026-10-02 12:53:39.952 [SETTLE] exp=1 gold=199368 len=393
2026-10-02 12:54:12.899 [SETTLE] exp=1 gold=199368 len=393
2026-10-02 12:54:43.108 [SETTLE] exp=1 gold=199368 len=393
2026-10-02 12:54:57.650 [QUESTION] {"type":"question","sock":2560,"qno":6,"field_a":80,"stem":".“竹子”属于哪一类植物？","options":["1、处长职务","2、食肉植物","3、草本植物","4、食草植物"]}
2026-10-02 12:54:58.656 [UI] auto dump on question qno=6
2026-10-02 12:54:58.656 [UI] ---- window dump begin (pid 19732) ----
2026-10-02 12:54:59.068 [UI] TOP=001F08B4 vis=0 cls=QBOvCls rc=(369,377,729,473) title=
2026-10-02 12:54:59.076 [UI] TOP=0095078C vis=1 cls=ATL:012FF210 rc=(29,10,1069,817) title=什么什么大冒险2(①逍遥村敬老院)-伏地魔3_Sep 24 2026《什么什么大冒险》制作委员会QQ群:515616289
2026-10-02 12:54:59.077 [UI] TOP=000A00F2 vis=0 cls=DIEmWin rc=(-1,-1,135,38) title=DIEmWin
2026-10-02 12:54:59.240 [SEND-ANSWER] qno=6 opt=2 ret=13 sock=2560
2026-10-02 12:54:59.295 [SYS] 测试通过！
2026-10-02 12:54:59.395 [SYS] 获得了#00FF00#100#FFF692#金币
2026-10-02 12:54:59.396 [CURRENCY] a=199368 b=897782
2026-10-02 12:54:59.469 [UI] TOP=00190582 vis=0 cls=IME rc=(0,0,0,0) title=Default IME
2026-10-02 12:54:59.492 [UI] TOP=00070628 vis=0 cls=MSCTFIME UI rc=(0,0,0,0) title=MSCTFIME UI
2026-10-02 12:54:59.502 [UI] TOP=00170C52 vis=0 cls=IME rc=(0,0,0,0) title=Default IME
2026-10-02 12:54:59.502 [UI] TOP=001B0228 vis=0 cls=IME rc=(0,0,0,0) title=Default IME
2026-10-02 12:54:59.502 [UI] ---- window dump end ----
2026-10-02 12:55:01.051 [UI] auto-closing quiz frame: qno=6 opt=2
2026-10-02 12:55:01.076 [UI] option 2 control NOT found — falling back to digit key
2026-10-02 12:55:12.030 [SETTLE] exp=2 gold=199368 len=393
2026-10-02 12:55:52.787 [SETTLE] exp=2 gold=199368 len=393
2026-10-02 12:56:18.534 [SETTLE] exp=1 gold=199368 len=403
2026-10-02 12:56:49.321 [SETTLE] exp=1 gold=199368 len=393
2026-10-02 12:57:25.406 [SETTLE] exp=2 gold=199368 len=403
2026-10-02 12:57:55.570 [SETTLE] exp=1 gold=199368 len=403
2026-10-02 12:58:26.430 [OP] 4114 inv=FFEF len=16 #1 b907c4647b98dcfab9ce1f80c0df510b
2026-10-02 12:58:36.137 [SETTLE] exp=1 gold=199368 len=393
2026-10-02 12:59:10.446 [SETTLE] exp=1 gold=199368 len=403
2026-10-02 12:59:38.404 [SETTLE] exp=2 gold=199368 len=393
2026-10-02 13:00:06.809 [SETTLE] exp=1 gold=199368 len=393
2026-10-02 13:00:33.592 [SETTLE] exp=1 gold=199368 len=393
2026-10-02 13:01:01.843 [SETTLE] exp=2 gold=199368 len=393
2026-10-02 13:01:40.392 [SETTLE] exp=1 gold=199368 len=403
2026-10-02 13:02:04.478 [SETTLE] exp=1 gold=199368 len=393
2026-10-02 13:02:33.704 [SETTLE] exp=1 gold=199368 len=403
2026-10-02 13:03:08.875 [SETTLE] exp=1 gold=199368 len=393
2026-10-02 13:03:38.348 [SETTLE] exp=2 gold=199368 len=393
2026-10-02 13:04:10.260 [SETTLE] exp=1 gold=199368 len=393
2026-10-02 13:04:43.503 [SETTLE] exp=2 gold=199368 len=393
2026-10-02 13:05:12.984 [SETTLE] exp=1 gold=199368 len=393
2026-10-02 13:05:46.350 [SETTLE] exp=2 gold=199368 len=393
2026-10-02 13:06:18.155 [SETTLE] exp=1 gold=199368 len=393
2026-10-02 13:06:48.936 [SETTLE] exp=1 gold=199368 len=393
2026-10-02 13:07:21.908 [SETTLE] exp=1 gold=199368 len=403
2026-10-02 13:07:53.399 [SETTLE] exp=1 gold=199368 len=393
2026-10-02 13:08:23.112 [SETTLE] exp=2 gold=199368 len=393
2026-10-02 13:08:54.745 [SETTLE] exp=1 gold=199368 len=393
2026-10-02 13:09:28.009 [SETTLE] exp=1 gold=199368 len=393
2026-10-02 13:09:56.729 [SETTLE] exp=1 gold=199368 len=393
2026-10-02 13:10:30.015 [SETTLE] exp=1 gold=199368 len=393
2026-10-02 13:10:56.834 [SETTLE] exp=2 gold=199368 len=393
2026-10-02 13:11:29.139 [SETTLE] exp=2 gold=199368 len=393
2026-10-02 13:12:06.681 [SETTLE] exp=1 gold=199368 len=393
2026-10-02 13:12:39.987 [SETTLE] exp=2 gold=199368 len=393
2026-10-02 13:13:20.518 [SETTLE] exp=1 gold=199368 len=393
2026-10-02 13:13:53.640 [SETTLE] exp=1 gold=199368 len=393
2026-10-02 13:14:20.337 [SETTLE] exp=2 gold=199368 len=393
2026-10-02 13:14:54.285 [SETTLE] exp=2 gold=199368 len=393
2026-10-02 13:15:19.121 [OP] 46E0 inv=FDF7 len=520 #2 3ccdfc0b6ffaa32b1207c464580bdcfa68121f805b64a552f45c232bd62f8823f8ace17c6f42ad8066b2c80bdcfa9d2b94dbc364312afafa392b56ced07b490be2c17513c0805b64fc0b90fafd2b1f801c640e0bc41d312b875648647a65fbaeb156d1805b64510bdc08a32bc004a7ddb20bdcfa409bb78c0b47c80b6e109d2b0680d8a93f882ffafd87a1122855bdb19967eb7ca448fb261d4ad4999ba86d80
2026-10-02 13:15:19.220 [SETTLE] exp=2 gold=199368 len=403
2026-10-02 13:15:48.504 [SETTLE] exp=1 gold=199368 len=393
2026-10-02 13:16:11.151 [SETTLE] exp=2 gold=199368 len=393
2026-10-02 13:16:43.369 [SETTLE] exp=2 gold=199368 len=393
2026-10-02 13:17:11.883 [SETTLE] exp=2 gold=199368 len=393
2026-10-02 13:17:39.953 [SETTLE] exp=1 gold=199368 len=393
2026-10-02 13:18:08.314 [SETTLE] exp=1 gold=199368 len=393
2026-10-02 13:18:39.212 [OP] 46E0 inv=FDF7 len=520 #3 3ccdfc0b6ffaa32bb907c4640e0bdcfa0a121f803bc0510bdcfaa32bd62f8823777a3bc085a3598066b2c80bdcfa9d2b598005cdfed187c402e644a0e68c8cd0815b7d350fc87fa9fc0b98227a2e3aaa5b64a5521595b72b0c3f667fba87bac4a5dfd1805b64510bdc08a32bc7d4c47ffc0bdcfa2154adce0b47c80b6e109d2b2cf68a6f67df2ffa8fde1f80508c8cd08bfaa32bd63f667f1d4ad4999ba86d80
2026-10-02 13:18:39.316 [SETTLE] exp=2 gold=199368 len=423
2026-10-02 13:19:01.504 [SETTLE] exp=2 gold=199368 len=393
2026-10-02 13:19:31.992 [SETTLE] exp=2 gold=199368 len=393
2026-10-02 13:19:58.565 [SETTLE] exp=2 gold=199368 len=393
2026-10-02 13:20:27.471 [SETTLE] exp=1 gold=199368 len=393
2026-10-02 13:20:59.040 [SETTLE] exp=2 gold=199368 len=393
2026-10-02 13:21:31.880 [SETTLE] exp=1 gold=199368 len=393
2026-10-02 13:22:00.960 [SETTLE] exp=2 gold=199368 len=403
2026-10-02 13:22:06.286 [OP] 401E inv=FFAD len=82 #1 a63bad8057ecfc0b52faa32bad805b646992dcfa05601f809255510b93b3a32b72ff5b64a552155a4e78c8d92693510b8631a32bc8d97b81a552155a4e78c8d97b81a552dcfaa32b1f805b64510bdcfaa32b
2026-10-02 13:22:08.802 [OP] 401E inv=FFAD len=82 #2 a63bad8057ecfc0b52faa32bad805b646992dcfa05601f803f55510b93b3a32b72ff5b64a552155a4e78c8d92693510b8631a32bc8d97b81a552155a4e78c8d97b81a552dcfaa32b1f805b64510bdcfaa32b
2026-10-02 13:22:14.507 [OP] 401E inv=FFAD len=82 #3 a63bad8057ecfc0b52faa32bad805b646992dcfa05601f809255510b93b3a32b72ff5b64a552155a4e78c8d92693510b8631a32bc8d97b81a552155a4e78c8d97b81a552dcfaa32b1f805b64510bdcfaa32b
2026-10-02 13:22:30.688 [SETTLE] exp=1 gold=199368 len=393
2026-10-02 13:23:14.221 [SETTLE] exp=2 gold=199368 len=393
2026-10-02 13:23:52.608 [SETTLE] exp=2 gold=199368 len=393
2026-10-02 13:24:29.394 [SETTLE] exp=2 gold=199368 len=393
2026-10-02 13:24:56.960 [SETTLE] exp=2 gold=199368 len=393
2026-10-02 13:25:31.999 [SETTLE] exp=2 gold=199368 len=393
2026-10-02 13:26:00.724 [SETTLE] exp=2 gold=199368 len=393
2026-10-02 13:26:28.864 [SETTLE] exp=2 gold=199368 len=393
2026-10-02 13:27:00.797 [OP] 46E0 inv=FDF7 len=520 #4 3ccdfc0b6ffaa32b1207c464580bdcfa724d1f801c64f50b2bd7a3abd62f8823f307267c9ecbad8066b2c80bdcfa9d2b63a75b14d6594cf4392b56ce2e9ffb0b3608a32b69805b64d6a8c099462b1f801c640e0b0f065f2b8b564864746f035b4044d1805b64a552dc08a32b0c805b64fd0bdcfab1e086120b47c80b6e109d2b068045a979132ffa2df2c112b4fcedb12c35b4deebad87261d4ad4999ba86d80
2026-10-02 13:27:00.900 [SETTLE] exp=1 gold=199368 len=393
2026-10-02 13:27:34.383 [SETTLE] exp=2 gold=199368 len=393
2026-10-02 13:28:02.132 [SETTLE] exp=1 gold=199368 len=393
2026-10-02 13:28:28.653 [SETTLE] exp=1 gold=199368 len=393
2026-10-02 13:28:58.676 [SETTLE] exp=1 gold=199368 len=393
2026-10-02 13:29:31.039 [SETTLE] exp=1 gold=199368 len=393
2026-10-02 13:30:09.073 [SETTLE] exp=1 gold=199368 len=393
2026-10-02 13:30:37.851 [SETTLE] exp=2 gold=199368 len=393
2026-10-02 13:31:08.556 [SETTLE] exp=1 gold=199368 len=393
2026-10-02 13:31:39.512 [SETTLE] exp=1 gold=199368 len=403
2026-10-02 13:32:04.379 [SETTLE] exp=2 gold=199368 len=393
2026-10-02 13:32:25.563 [OP] 4708 inv=FFF3 len=12 #1 63cdfc0b540e392b0f805b64
2026-10-02 13:32:39.084 [SETTLE] exp=1 gold=199368 len=393
2026-10-02 13:33:10.134 [SETTLE] exp=2 gold=199368 len=393
2026-10-02 13:33:37.427 [SETTLE] exp=1 gold=199368 len=393
2026-10-02 13:34:16.789 [SETTLE] exp=2 gold=199368 len=393
2026-10-02 13:34:50.319 [SETTLE] exp=2 gold=199368 len=393
2026-10-02 13:35:18.627 [SETTLE] exp=2 gold=199368 len=393
2026-10-02 13:35:48.108 [SETTLE] exp=1 gold=199368 len=403
2026-10-02 13:36:20.894 [SETTLE] exp=2 gold=199368 len=393
2026-10-02 13:36:48.846 [SETTLE] exp=1 gold=199368 len=403
2026-10-02 13:37:20.970 [SETTLE] exp=2 gold=199368 len=393
2026-10-02 13:37:53.564 [SETTLE] exp=2 gold=199368 len=393
2026-10-02 13:38:27.995 [SETTLE] exp=2 gold=199368 len=403
2026-10-02 13:38:53.535 [SETTLE] exp=2 gold=199368 len=393
2026-10-02 13:39:28.747 [SETTLE] exp=1 gold=199368 len=393
2026-10-02 13:40:00.791 [SETTLE] exp=1 gold=199368 len=393
2026-10-02 13:40:28.107 [SETTLE] exp=2 gold=199368 len=393
2026-10-02 13:40:55.998 [SETTLE] exp=1 gold=199368 len=393
2026-10-02 13:41:23.900 [SETTLE] exp=2 gold=199368 len=393
2026-10-02 13:41:58.970 [SETTLE] exp=1 gold=199368 len=393
2026-10-02 13:42:26.662 [OP] 46E0 inv=FDF7 len=520 #5 3ccdfc0b6ffaa32b1207c464580bdcfaa24d1f80b038c6156ffaa32bd62f88236ecb1ac05735041266b2c80bdcfa9d2b1f804864510bdcfa392b56ce621baf0b815b7d35395e58a9510bdcfadd0e32ce1c640e0baf3ab42b58af607fbd8dbac43d46a6801c64510bdc08a32bd983a7dd490bdcfa57b55a4f0b47c80b6e109d2b063fc8ddddcfc3faa32b1f80428aeed052faa32baaaf607f1d4ad4999ba86d80
2026-10-02 13:42:26.665 [SETTLE] exp=1 gold=199368 len=393
2026-10-02 13:42:49.906 [SETTLE] exp=1 gold=199368 len=393
2026-10-02 13:43:19.034 [SETTLE] exp=2 gold=199368 len=393
2026-10-02 13:43:48.851 [SETTLE] exp=2 gold=199368 len=393
2026-10-02 13:44:22.216 [SETTLE] exp=2 gold=199368 len=393
2026-10-02 13:45:00.459 [SETTLE] exp=2 gold=199368 len=393
2026-10-02 13:45:25.983 [SETTLE] exp=1 gold=199368 len=393
2026-10-02 13:45:58.430 [SETTLE] exp=1 gold=199368 len=393
2026-10-02 13:46:31.567 [SETTLE] exp=2 gold=199368 len=393
2026-10-02 13:47:02.379 [SETTLE] exp=2 gold=199368 len=393
2026-10-02 13:47:39.777 [SETTLE] exp=2 gold=199368 len=393
2026-10-02 13:48:10.563 [SETTLE] exp=2 gold=199368 len=393
2026-10-02 13:48:50.829 [SETTLE] exp=1 gold=199368 len=393
2026-10-02 13:49:19.096 [SETTLE] exp=1 gold=199368 len=393
2026-10-02 13:49:50.341 [SETTLE] exp=1 gold=199368 len=393
2026-10-02 13:50:19.229 [SETTLE] exp=2 gold=199368 len=393
2026-10-02 13:50:34.745 [QUESTION] {"type":"question","sock":2560,"qno":1,"field_a":59,"stem":"以下不属于马的动物？","options":["1、海马","2、赤兔","3、白马","4、红马"]}
2026-10-02 13:50:35.755 [UI] auto dump on question qno=1
2026-10-02 13:50:35.757 [UI] ---- window dump begin (pid 19732) ----
2026-10-02 13:50:35.915 [UI] TOP=001F08B4 vis=0 cls=QBOvCls rc=(369,377,729,473) title=
2026-10-02 13:50:35.927 [UI] TOP=0095078C vis=1 cls=ATL:012FF210 rc=(29,10,1069,817) title=什么什么大冒险2(①逍遥村敬老院)-伏地魔3_Sep 24 2026《什么什么大冒险》制作委员会QQ群:515616289
2026-10-02 13:50:35.931 [UI] TOP=000A00F2 vis=0 cls=DIEmWin rc=(-1,-1,135,38) title=DIEmWin
2026-10-02 13:50:36.326 [UI] TOP=00190582 vis=0 cls=IME rc=(0,0,0,0) title=Default IME
2026-10-02 13:50:36.326 [UI] TOP=00070628 vis=0 cls=MSCTFIME UI rc=(0,0,0,0) title=MSCTFIME UI
2026-10-02 13:50:36.342 [UI] TOP=00170C52 vis=0 cls=IME rc=(0,0,0,0) title=Default IME
2026-10-02 13:50:36.342 [UI] TOP=001B0228 vis=0 cls=IME rc=(0,0,0,0) title=Default IME
2026-10-02 13:50:36.342 [UI] ---- window dump end ----
2026-10-02 13:50:36.662 [SEND-ANSWER] qno=1 opt=0 ret=13 sock=2560
2026-10-02 13:50:36.716 [SYS] 测试通过！
2026-10-02 13:50:36.818 [SYS] 获得了#00FF00#100#FFF692#金币
2026-10-02 13:50:36.818 [CURRENCY] a=199368 b=897882
2026-10-02 13:50:38.481 [UI] auto-closing quiz frame: qno=1 opt=0
2026-10-02 13:50:52.167 [SETTLE] exp=2 gold=199368 len=393
2026-10-02 13:51:26.577 [SETTLE] exp=1 gold=199368 len=393
2026-10-02 13:52:02.933 [SETTLE] exp=1 gold=199368 len=393
2026-10-02 13:52:26.961 [SETTLE] exp=1 gold=199368 len=393
2026-10-02 13:53:17.025 [SETTLE] exp=2 gold=199368 len=393
2026-10-02 13:53:48.168 [SETTLE] exp=2 gold=199368 len=393
2026-10-02 13:54:28.883 [SETTLE] exp=2 gold=199368 len=403
2026-10-02 13:54:58.688 [SETTLE] exp=2 gold=199368 len=403
2026-10-02 13:55:28.333 [SETTLE] exp=1 gold=199368 len=403
2026-10-02 13:55:59.839 [SETTLE] exp=2 gold=199368 len=393
2026-10-02 13:56:30.645 [SETTLE] exp=1 gold=199368 len=393
2026-10-02 13:57:03.775 [SETTLE] exp=2 gold=199368 len=393
2026-10-02 13:57:29.854 [SETTLE] exp=1 gold=199368 len=393
2026-10-02 13:57:59.805 [SETTLE] exp=1 gold=199368 len=393
2026-10-02 13:58:33.027 [SETTLE] exp=1 gold=199368 len=393
2026-10-02 13:59:05.630 [SETTLE] exp=1 gold=199368 len=393
2026-10-02 13:59:38.377 [SETTLE] exp=1 gold=199368 len=393
2026-10-02 14:00:10.260 [SETTLE] exp=1 gold=199368 len=393
2026-10-02 14:00:40.229 [SETTLE] exp=1 gold=199368 len=423
2026-10-02 14:01:13.286 [SETTLE] exp=2 gold=199368 len=423
2026-10-02 14:01:45.968 [SETTLE] exp=1 gold=199368 len=403
2026-10-02 14:02:18.210 [SETTLE] exp=1 gold=199368 len=403
2026-10-02 14:02:43.797 [SETTLE] exp=1 gold=199368 len=393
2026-10-02 14:03:15.303 [SETTLE] exp=1 gold=199368 len=393
2026-10-02 14:03:47.762 [SETTLE] exp=2 gold=199368 len=393
2026-10-02 14:04:19.719 [SETTLE] exp=1 gold=199368 len=393
2026-10-02 14:04:54.055 [SETTLE] exp=1 gold=199368 len=393
2026-10-02 14:05:22.954 [SETTLE] exp=1 gold=199368 len=413
2026-10-02 14:05:47.833 [SETTLE] exp=1 gold=199368 len=393
2026-10-02 14:06:23.138 [SETTLE] exp=2 gold=199368 len=393
2026-10-02 14:06:49.762 [SETTLE] exp=2 gold=199368 len=393
2026-10-02 14:07:17.409 [SETTLE] exp=1 gold=199368 len=393
2026-10-02 14:07:44.149 [SETTLE] exp=2 gold=199368 len=393
2026-10-02 14:08:13.536 [SETTLE] exp=2 gold=199368 len=393
2026-10-02 14:08:42.531 [SETTLE] exp=1 gold=199368 len=393
2026-10-02 14:09:06.119 [SETTLE] exp=1 gold=199368 len=393
2026-10-02 14:09:31.236 [SETTLE] exp=2 gold=199368 len=403
2026-10-02 14:10:04.830 [SETTLE] exp=1 gold=199368 len=393
2026-10-02 14:10:40.436 [SETTLE] exp=2 gold=199368 len=393
2026-10-02 14:11:09.959 [SETTLE] exp=2 gold=199368 len=393
2026-10-02 14:11:46.289 [SETTLE] exp=2 gold=199368 len=393
2026-10-02 14:12:14.370 [SETTLE] exp=1 gold=199368 len=393
2026-10-02 14:12:42.239 [SETTLE] exp=1 gold=199368 len=403
2026-10-02 14:13:12.561 [SETTLE] exp=1 gold=199368 len=393
2026-10-02 14:13:42.639 [SETTLE] exp=2 gold=199368 len=393
2026-10-02 14:14:05.773 [SETTLE] exp=1 gold=199368 len=393
2026-10-02 14:14:30.724 [SETTLE] exp=2 gold=199368 len=393
2026-10-02 14:15:00.062 [SETTLE] exp=2 gold=199368 len=393
2026-10-02 14:15:28.326 [SETTLE] exp=1 gold=199368 len=403
2026-10-02 14:15:59.415 [SETTLE] exp=2 gold=199368 len=393
2026-10-02 14:16:27.849 [SETTLE] exp=1 gold=199368 len=393
2026-10-02 14:17:00.568 [SETTLE] exp=2 gold=199368 len=393
2026-10-02 14:17:34.073 [SETTLE] exp=1 gold=199368 len=393
2026-10-02 14:17:59.488 [SETTLE] exp=1 gold=199368 len=393
2026-10-02 14:18:24.468 [SETTLE] exp=2 gold=199368 len=393
2026-10-02 14:18:58.934 [SETTLE] exp=2 gold=199368 len=403
2026-10-02 14:19:33.146 [SETTLE] exp=1 gold=199368 len=393
2026-10-02 14:19:46.079 [QUESTION] {"type":"question","sock":2560,"qno":1,"field_a":59,"stem":"以下不属于马的动物？","options":["1、海马","2、赤兔","3、白马","4、红马"]}
2026-10-02 14:19:47.064 [SEND-ANSWER] qno=1 opt=0 ret=13 sock=2560
2026-10-02 14:19:47.088 [UI] auto dump on question qno=1
2026-10-02 14:19:47.088 [UI] ---- window dump begin (pid 19732) ----
2026-10-02 14:19:47.118 [SYS] 测试通过！
2026-10-02 14:19:47.215 [SYS] 获得了#00FF00#100#FFF692#金币
2026-10-02 14:19:47.218 [CURRENCY] a=199368 b=897982
2026-10-02 14:19:47.405 [UI] TOP=001F08B4 vis=0 cls=QBOvCls rc=(369,377,729,473) title=
2026-10-02 14:19:47.409 [UI] TOP=0095078C vis=1 cls=ATL:012FF210 rc=(29,10,1069,817) title=什么什么大冒险2(①逍遥村敬老院)-伏地魔3_Sep 24 2026《什么什么大冒险》制作委员会QQ群:515616289
2026-10-02 14:19:47.409 [UI] TOP=000A00F2 vis=0 cls=DIEmWin rc=(-1,-1,135,38) title=DIEmWin
2026-10-02 14:19:47.816 [UI] TOP=00190582 vis=0 cls=IME rc=(0,0,0,0) title=Default IME
2026-10-02 14:19:47.825 [UI] TOP=00070628 vis=0 cls=MSCTFIME UI rc=(0,0,0,0) title=MSCTFIME UI
2026-10-02 14:19:47.834 [UI] TOP=00170C52 vis=0 cls=IME rc=(0,0,0,0) title=Default IME
2026-10-02 14:19:47.834 [UI] TOP=001B0228 vis=0 cls=IME rc=(0,0,0,0) title=Default IME
2026-10-02 14:19:47.834 [UI] ---- window dump end ----
2026-10-02 14:19:48.876 [UI] auto-closing quiz frame: qno=1 opt=0
2026-10-02 14:20:00.197 [SETTLE] exp=1 gold=199368 len=393
2026-10-02 14:20:30.297 [SETTLE] exp=2 gold=199368 len=393
2026-10-02 14:20:58.489 [SETTLE] exp=2 gold=199368 len=403
2026-10-02 14:21:26.382 [SETTLE] exp=1 gold=199368 len=393
2026-10-02 14:21:56.315 [SETTLE] exp=2 gold=199368 len=393
2026-10-02 14:22:25.394 [SETTLE] exp=1 gold=199368 len=393
2026-10-02 14:22:51.681 [SETTLE] exp=1 gold=199368 len=393
2026-10-02 14:23:17.405 [SETTLE] exp=2 gold=199368 len=393
2026-10-02 14:23:42.345 [SETTLE] exp=2 gold=199368 len=403
2026-10-02 14:24:09.571 [SETTLE] exp=1 gold=199368 len=403
2026-10-02 14:24:34.969 [SETTLE] exp=2 gold=199368 len=393
2026-10-02 14:25:10.814 [SETTLE] exp=2 gold=199368 len=393
2026-10-02 14:25:38.152 [SETTLE] exp=2 gold=199368 len=393
2026-10-02 14:26:08.855 [SETTLE] exp=1 gold=199368 len=393
2026-10-02 14:26:39.470 [SETTLE] exp=2 gold=199368 len=393
2026-10-02 14:27:10.773 [SETTLE] exp=2 gold=199368 len=393
2026-10-02 14:27:50.065 [SETTLE] exp=2 gold=199368 len=403
2026-10-02 14:28:18.528 [SETTLE] exp=1 gold=199368 len=393
2026-10-02 14:28:47.006 [SETTLE] exp=2 gold=199368 len=393
2026-10-02 14:29:20.005 [SETTLE] exp=1 gold=199368 len=393
2026-10-02 14:30:00.173 [SETTLE] exp=2 gold=199368 len=393
2026-10-02 14:30:31.972 [SETTLE] exp=1 gold=199368 len=393
2026-10-02 14:31:01.403 [SETTLE] exp=2 gold=199368 len=393
2026-10-02 14:31:30.548 [SETTLE] exp=1 gold=199368 len=393
2026-10-02 14:32:06.347 [SETTLE] exp=1 gold=199368 len=393
2026-10-02 14:32:40.145 [SETTLE] exp=1 gold=199368 len=393
2026-10-02 14:33:09.167 [SETTLE] exp=1 gold=199368 len=393
2026-10-02 14:33:40.282 [SETTLE] exp=1 gold=199368 len=393
2026-10-02 14:34:02.389 [SETTLE] exp=2 gold=199368 len=403
2026-10-02 14:34:29.060 [SETTLE] exp=1 gold=199368 len=393
2026-10-02 14:35:00.913 [SETTLE] exp=2 gold=199368 len=403
2026-10-02 14:35:27.745 [SETTLE] exp=1 gold=199368 len=393
2026-10-02 14:36:04.360 [SETTLE] exp=2 gold=199368 len=393
2026-10-02 14:36:36.252 [SETTLE] exp=1 gold=199368 len=393
2026-10-02 14:37:01.331 [SETTLE] exp=1 gold=199368 len=393
2026-10-02 14:37:35.303 [SETTLE] exp=1 gold=199368 len=393
2026-10-02 14:38:00.835 [SETTLE] exp=1 gold=199368 len=393
2026-10-02 14:38:26.999 [SETTLE] exp=2 gold=199368 len=393
2026-10-02 14:38:54.634 [SETTLE] exp=1 gold=199368 len=393
2026-10-02 14:39:27.689 [SETTLE] exp=2 gold=199368 len=393
2026-10-02 14:40:01.965 [SETTLE] exp=1 gold=199368 len=393
2026-10-02 14:40:35.457 [SETTLE] exp=2 gold=199368 len=393
2026-10-02 14:41:07.524 [SETTLE] exp=1 gold=199368 len=403
2026-10-02 14:41:38.002 [SETTLE] exp=2 gold=199368 len=393
2026-10-02 14:42:10.426 [SETTLE] exp=1 gold=199368 len=393
2026-10-02 14:42:34.976 [SETTLE] exp=2 gold=199368 len=393
2026-10-02 14:43:04.429 [SETTLE] exp=2 gold=199368 len=403
2026-10-02 14:43:30.657 [SETTLE] exp=2 gold=199368 len=393
2026-10-02 14:43:59.527 [SETTLE] exp=1 gold=199368 len=393
2026-10-02 14:44:35.738 [SETTLE] exp=1 gold=199368 len=393
2026-10-02 14:45:09.054 [SETTLE] exp=1 gold=199368 len=393
2026-10-02 14:45:40.573 [SETTLE] exp=1 gold=199368 len=393
2026-10-02 14:46:09.404 [SETTLE] exp=1 gold=199368 len=393
2026-10-02 14:46:49.493 [SETTLE] exp=1 gold=199368 len=393
2026-10-02 14:47:14.384 [SETTLE] exp=1 gold=199368 len=393
2026-10-02 14:47:40.715 [SETTLE] exp=2 gold=199368 len=393
2026-10-02 14:48:10.863 [SETTLE] exp=1 gold=199368 len=403
2026-10-02 14:48:38.408 [SETTLE] exp=1 gold=199368 len=403
2026-10-02 14:49:05.920 [SETTLE] exp=1 gold=199368 len=403
2026-10-02 14:49:29.440 [SETTLE] exp=2 gold=199368 len=393
2026-10-02 14:49:55.777 [SETTLE] exp=2 gold=199368 len=393
2026-10-02 14:50:29.484 [SETTLE] exp=1 gold=199368 len=403
2026-10-02 14:50:51.138 [SETTLE] exp=2 gold=199368 len=393
2026-10-02 14:51:26.828 [SETTLE] exp=2 gold=199368 len=403
2026-10-02 14:51:54.650 [SETTLE] exp=2 gold=199368 len=393
2026-10-02 14:52:24.261 [SETTLE] exp=2 gold=199368 len=393
2026-10-02 14:53:00.745 [SETTLE] exp=2 gold=199368 len=393
2026-10-02 14:53:31.988 [SETTLE] exp=2 gold=199368 len=393
2026-10-02 14:54:03.481 [SETTLE] exp=2 gold=199368 len=393
2026-10-02 14:54:31.247 [SETTLE] exp=1 gold=199368 len=393
2026-10-02 14:54:59.595 [SETTLE] exp=1 gold=199368 len=393
2026-10-02 14:55:31.260 [SETTLE] exp=2 gold=199368 len=403
2026-10-02 14:56:00.967 [SETTLE] exp=1 gold=199368 len=393
2026-10-02 14:56:31.734 [SETTLE] exp=2 gold=199368 len=403
2026-10-02 14:57:02.659 [SETTLE] exp=2 gold=199368 len=393
2026-10-02 14:57:37.179 [SETTLE] exp=2 gold=199368 len=393
2026-10-02 14:58:06.611 [SETTLE] exp=2 gold=199368 len=403
2026-10-02 14:58:42.427 [SETTLE] exp=2 gold=199368 len=393
2026-10-02 14:59:22.464 [SETTLE] exp=2 gold=199368 len=393
2026-10-02 15:00:00.404 [SETTLE] exp=1 gold=199368 len=403
2026-10-02 15:00:33.871 [SETTLE] exp=1 gold=199368 len=393
2026-10-02 15:01:03.667 [SETTLE] exp=1 gold=199368 len=393
2026-10-02 15:01:37.385 [SETTLE] exp=1 gold=199368 len=393
2026-10-02 15:02:08.102 [SETTLE] exp=2 gold=199368 len=393
2026-10-02 15:02:36.478 [SETTLE] exp=2 gold=199368 len=393
2026-10-02 15:03:14.594 [SETTLE] exp=2 gold=199368 len=393
2026-10-02 15:03:51.216 [SETTLE] exp=2 gold=199368 len=393
2026-10-02 15:03:51.218 [OP] 4707 inv=FFF3 len=12 #1 a63bad80c6ecfc0b17faa32b
2026-10-02 15:04:18.500 [SETTLE] exp=2 gold=199368 len=393
2026-10-02 15:04:51.320 [SETTLE] exp=1 gold=199368 len=393
2026-10-02 15:05:19.053 [SETTLE] exp=2 gold=199368 len=393
2026-10-02 15:05:44.092 [SETTLE] exp=2 gold=199368 len=393
2026-10-02 15:06:13.372 [SETTLE] exp=2 gold=199368 len=393
2026-10-02 15:06:45.008 [SETTLE] exp=1 gold=199368 len=403
2026-10-02 15:07:19.800 [SETTLE] exp=1 gold=199368 len=393
2026-10-02 15:07:47.021 [SETTLE] exp=1 gold=199368 len=393
2026-10-02 15:08:15.426 [SETTLE] exp=1 gold=199368 len=393
2026-10-02 15:08:42.482 [SETTLE] exp=2 gold=199368 len=393
2026-10-02 15:09:14.054 [SETTLE] exp=2 gold=199368 len=393
2026-10-02 15:09:37.222 [SETTLE] exp=2 gold=199368 len=393
2026-10-02 15:10:09.587 [SETTLE] exp=2 gold=199368 len=393
2026-10-02 15:10:39.220 [SETTLE] exp=1 gold=199368 len=393
2026-10-02 15:11:06.681 [SETTLE] exp=2 gold=199368 len=393
2026-10-02 15:11:29.362 [SETTLE] exp=2 gold=199368 len=393
2026-10-02 15:11:54.562 [SETTLE] exp=1 gold=199368 len=393
2026-10-02 15:12:23.246 [SETTLE] exp=1 gold=199368 len=393
2026-10-02 15:12:47.394 [SETTLE] exp=1 gold=199368 len=393
2026-10-02 15:13:13.461 [SETTLE] exp=1 gold=199368 len=393
2026-10-02 15:13:36.539 [SETTLE] exp=2 gold=199368 len=393
2026-10-02 15:14:06.114 [SETTLE] exp=1 gold=199368 len=393
2026-10-02 15:14:36.493 [SETTLE] exp=1 gold=199368 len=393
2026-10-02 15:15:05.033 [SETTLE] exp=2 gold=199368 len=403
2026-10-02 15:15:39.687 [SETTLE] exp=2 gold=199368 len=393
2026-10-02 15:16:09.374 [SETTLE] exp=2 gold=199368 len=393
2026-10-02 15:16:35.650 [SETTLE] exp=1 gold=199368 len=393
2026-10-02 15:16:53.414 [SETTLE] exp=1 gold=199368 len=403
2026-10-02 15:17:19.255 [SETTLE] exp=1 gold=199368 len=393
2026-10-02 15:17:47.260 [SETTLE] exp=2 gold=199368 len=393
2026-10-02 15:18:16.132 [SETTLE] exp=2 gold=199368 len=393
2026-10-02 15:18:42.282 [SETTLE] exp=1 gold=199368 len=393
2026-10-02 15:19:08.488 [SETTLE] exp=2 gold=199368 len=403
2026-10-02 15:19:41.499 [SETTLE] exp=1 gold=199368 len=393
2026-10-02 15:20:08.888 [SETTLE] exp=2 gold=199368 len=413
2026-10-02 15:20:40.599 [SETTLE] exp=1 gold=199368 len=393
2026-10-02 15:21:15.455 [SETTLE] exp=1 gold=199368 len=393
2026-10-02 15:21:46.795 [SETTLE] exp=1 gold=199368 len=393
2026-10-02 15:22:21.693 [SETTLE] exp=2 gold=199368 len=393
2026-10-02 15:22:52.566 [SETTLE] exp=1 gold=199368 len=393
2026-10-02 15:23:26.411 [SETTLE] exp=2 gold=199368 len=393
2026-10-02 15:23:58.694 [SETTLE] exp=2 gold=199368 len=393
2026-10-02 15:24:22.250 [SETTLE] exp=2 gold=199368 len=393
2026-10-02 15:24:49.799 [SETTLE] exp=2 gold=199368 len=393
2026-10-02 15:25:17.430 [SETTLE] exp=1 gold=199368 len=393
2026-10-02 15:25:45.896 [SETTLE] exp=1 gold=199368 len=393
2026-10-02 15:26:13.023 [SETTLE] exp=2 gold=199368 len=393
2026-10-02 15:26:37.189 [SETTLE] exp=1 gold=199368 len=403
2026-10-02 15:27:02.883 [SETTLE] exp=1 gold=199368 len=393
2026-10-02 15:27:29.204 [SETTLE] exp=2 gold=199368 len=393
2026-10-02 15:27:59.454 [SETTLE] exp=2 gold=199368 len=403
2026-10-02 15:28:25.072 [SETTLE] exp=1 gold=199368 len=393
2026-10-02 15:28:46.630 [SETTLE] exp=2 gold=199368 len=393
2026-10-02 15:29:13.802 [SETTLE] exp=1 gold=199368 len=393
2026-10-02 15:29:42.176 [SETTLE] exp=2 gold=199368 len=393
2026-10-02 15:30:06.262 [SETTLE] exp=1 gold=199368 len=393
2026-10-02 15:30:37.000 [SETTLE] exp=1 gold=199368 len=393
2026-10-02 15:31:05.090 [SETTLE] exp=1 gold=199368 len=393
2026-10-02 15:31:30.729 [SETTLE] exp=2 gold=199368 len=393
2026-10-02 15:31:59.690 [SETTLE] exp=2 gold=199368 len=393
2026-10-02 15:32:30.361 [SETTLE] exp=2 gold=199368 len=393
2026-10-02 15:33:05.091 [SETTLE] exp=1 gold=199368 len=393
2026-10-02 15:33:36.754 [SETTLE] exp=2 gold=199368 len=393
2026-10-02 15:33:58.613 [SETTLE] exp=2 gold=199368 len=393
2026-10-02 15:34:25.912 [SETTLE] exp=2 gold=199368 len=393
2026-10-02 15:34:56.692 [SETTLE] exp=1 gold=199368 len=393
2026-10-02 15:35:28.041 [SETTLE] exp=1 gold=199368 len=393
2026-10-02 15:36:05.913 [SETTLE] exp=2 gold=199368 len=393
2026-10-02 15:36:32.961 [SETTLE] exp=2 gold=199368 len=393
2026-10-02 15:36:58.821 [SETTLE] exp=2 gold=199368 len=403
2026-10-02 15:37:22.264 [SETTLE] exp=1 gold=199368 len=393
2026-10-02 15:37:49.754 [SETTLE] exp=2 gold=199368 len=393
2026-10-02 15:38:16.349 [SETTLE] exp=1 gold=199368 len=393
2026-10-02 15:38:41.936 [SETTLE] exp=2 gold=199368 len=393
2026-10-02 15:39:06.891 [SETTLE] exp=1 gold=199368 len=393
2026-10-02 15:39:33.262 [SETTLE] exp=1 gold=199368 len=393
2026-10-02 15:40:03.018 [SETTLE] exp=1 gold=199368 len=403
2026-10-02 15:40:35.482 [SETTLE] exp=2 gold=199368 len=393
2026-10-02 15:41:04.607 [SETTLE] exp=2 gold=199368 len=403
2026-10-02 15:41:34.642 [SETTLE] exp=2 gold=199368 len=393
2026-10-02 15:41:46.578 [OP] 4344 inv=FFF7 len=8 #1 3ccdfc0b4902392b
2026-10-02 15:41:50.046 [OP] 4345 inv=FFF7 len=8 #1 07c2392b57e7c464
2026-10-02 15:41:59.823 [SETTLE] exp=2 gold=199368 len=403
2026-10-02 15:42:21.804 [SETTLE] exp=1 gold=199368 len=393
2026-10-02 15:42:43.065 [OP] 4344 inv=FFF7 len=8 #2 3ccdfc0b4902392b
2026-10-02 15:42:45.446 [OP] 4345 inv=FFF7 len=8 #2 07c2392b57e7c464
2026-10-02 15:42:52.837 [SETTLE] exp=1 gold=199368 len=393
2026-10-02 15:43:27.771 [SETTLE] exp=1 gold=199368 len=393
2026-10-02 15:43:59.890 [SETTLE] exp=2 gold=199368 len=393
2026-10-02 15:44:30.969 [SETTLE] exp=1 gold=199368 len=393
2026-10-02 15:45:03.478 [SETTLE] exp=2 gold=199368 len=393
2026-10-02 15:45:33.423 [SETTLE] exp=2 gold=199368 len=403
2026-10-02 15:46:02.552 [SETTLE] exp=1 gold=199368 len=393
2026-10-02 15:46:27.538 [SETTLE] exp=2 gold=199368 len=393
2026-10-02 15:46:53.301 [SETTLE] exp=1 gold=199368 len=403
2026-10-02 15:47:21.628 [SETTLE] exp=1 gold=199368 len=393
2026-10-02 15:47:45.378 [SETTLE] exp=1 gold=199368 len=393
2026-10-02 15:48:14.866 [SETTLE] exp=1 gold=199368 len=393
2026-10-02 15:48:40.915 [SETTLE] exp=1 gold=199368 len=393
2026-10-02 15:49:07.534 [SETTLE] exp=1 gold=199368 len=393
2026-10-02 15:49:32.397 [SETTLE] exp=1 gold=199368 len=393
2026-10-02 15:50:01.109 [SETTLE] exp=2 gold=199368 len=393
2026-10-02 15:50:26.792 [SETTLE] exp=1 gold=199368 len=393
2026-10-02 15:51:01.389 [SETTLE] exp=2 gold=199368 len=393
2026-10-02 15:51:28.221 [SETTLE] exp=2 gold=199368 len=393
2026-10-02 15:51:59.379 [SETTLE] exp=2 gold=199368 len=393
2026-10-02 15:52:26.406 [SETTLE] exp=2 gold=199368 len=393
2026-10-02 15:53:00.955 [SETTLE] exp=2 gold=199368 len=393
2026-10-02 15:53:25.814 [SETTLE] exp=1 gold=199368 len=393
2026-10-02 15:53:49.426 [SETTLE] exp=1 gold=199368 len=393
2026-10-02 15:54:17.263 [SETTLE] exp=1 gold=199368 len=393
2026-10-02 15:54:44.980 [SETTLE] exp=2 gold=199368 len=393
2026-10-02 15:55:12.569 [SETTLE] exp=1 gold=199368 len=393
2026-10-02 15:55:44.440 [SETTLE] exp=2 gold=199368 len=393
2026-10-02 15:56:15.520 [SETTLE] exp=2 gold=199368 len=393
2026-10-02 15:56:48.076 [SETTLE] exp=2 gold=199368 len=393
2026-10-02 15:57:17.388 [SETTLE] exp=1 gold=199368 len=393
2026-10-02 15:57:46.660 [SETTLE] exp=2 gold=199368 len=393
2026-10-02 15:57:53.997 [QUESTION] {"type":"question","sock":2560,"qno":9,"field_a":75,"stem":".丝绸摩擦过的玻璃棒带哪种电?","options":["1、闪电侠","2、静电","3、闪电箭","4、闪电风暴"]}
2026-10-02 15:57:55.003 [UI] auto dump on question qno=9
2026-10-02 15:57:55.003 [UI] ---- window dump begin (pid 19732) ----
2026-10-02 15:57:55.399 [UI] TOP=001F08B4 vis=0 cls=QBOvCls rc=(369,377,729,473) title=
2026-10-02 15:57:55.426 [UI] TOP=0095078C vis=1 cls=ATL:012FF210 rc=(29,10,1069,817) title=什么什么大冒险2(①逍遥村敬老院)-伏地魔3_Sep 24 2026《什么什么大冒险》制作委员会QQ群:515616289
2026-10-02 15:57:55.426 [UI] TOP=000A00F2 vis=0 cls=DIEmWin rc=(-1,-1,135,38) title=DIEmWin
2026-10-02 15:57:55.811 [UI] TOP=00190582 vis=0 cls=IME rc=(0,0,0,0) title=Default IME
2026-10-02 15:57:55.817 [UI] TOP=00070628 vis=0 cls=MSCTFIME UI rc=(0,0,0,0) title=MSCTFIME UI
2026-10-02 15:57:55.835 [UI] TOP=00170C52 vis=0 cls=IME rc=(0,0,0,0) title=Default IME
2026-10-02 15:57:55.838 [UI] TOP=001B0228 vis=0 cls=IME rc=(0,0,0,0) title=Default IME
2026-10-02 15:57:55.838 [UI] ---- window dump end ----
2026-10-02 15:57:55.988 [SEND-ANSWER] qno=9 opt=1 ret=13 sock=2560
2026-10-02 15:57:56.045 [SYS] 测试通过！
2026-10-02 15:57:56.160 [SYS] 获得了#00FF00#100#FFF692#金币
2026-10-02 15:57:56.160 [CURRENCY] a=199368 b=898082
2026-10-02 15:57:57.791 [UI] auto-closing quiz frame: qno=9 opt=1
2026-10-02 15:57:57.800 [UI] option 1 control NOT found — falling back to digit key
2026-10-02 15:58:16.769 [SETTLE] exp=1 gold=199368 len=393
2026-10-02 15:58:48.851 [SETTLE] exp=1 gold=199368 len=393
2026-10-02 15:59:12.954 [SETTLE] exp=1 gold=199368 len=393
2026-10-02 15:59:37.973 [SETTLE] exp=1 gold=199368 len=403
2026-10-02 16:00:00.397 [SYS] 许愿池里多了一批新礼物，赶紧来许愿吧~
2026-10-02 16:00:06.982 [SETTLE] exp=1 gold=199368 len=393
2026-10-02 16:00:36.618 [SETTLE] exp=1 gold=199368 len=393
2026-10-02 16:01:07.985 [SETTLE] exp=2 gold=199368 len=393
2026-10-02 16:01:39.509 [SETTLE] exp=1 gold=199368 len=393
2026-10-02 16:02:01.941 [OUT] 1F04 inv=FFF6 len=13 #4 f6ff041fce1f805bf1510bdc22
2026-10-02 16:02:04.460 [SETTLE] exp=1 gold=199368 len=393
2026-10-02 16:02:31.182 [SETTLE] exp=2 gold=199368 len=403
2026-10-02 16:02:55.105 [SETTLE] exp=2 gold=199368 len=393
2026-10-02 16:03:23.606 [SETTLE] exp=1 gold=199368 len=393
2026-10-02 16:03:45.376 [SETTLE] exp=1 gold=199368 len=393
2026-10-02 16:04:10.121 [SETTLE] exp=2 gold=199368 len=393
2026-10-02 16:04:38.768 [SETTLE] exp=1 gold=199368 len=403
2026-10-02 16:05:05.989 [SETTLE] exp=1 gold=199368 len=393
2026-10-02 16:05:37.549 [SETTLE] exp=1 gold=199368 len=393
2026-10-02 16:06:06.101 [SETTLE] exp=1 gold=199368 len=393
2026-10-02 16:06:28.476 [SETTLE] exp=2 gold=199368 len=393
2026-10-02 16:06:52.013 [SETTLE] exp=1 gold=199368 len=393
2026-10-02 16:07:14.670 [SETTLE] exp=2 gold=199368 len=393
2026-10-02 16:07:54.083 [SETTLE] exp=2 gold=199368 len=393
2026-10-02 16:08:20.199 [SETTLE] exp=1 gold=199368 len=393
2026-10-02 16:08:45.678 [SETTLE] exp=1 gold=199368 len=403
2026-10-02 16:09:18.515 [SETTLE] exp=2 gold=199368 len=393
2026-10-02 16:09:47.523 [SETTLE] exp=1 gold=199368 len=413
2026-10-02 16:10:12.353 [SETTLE] exp=1 gold=199368 len=393
2026-10-02 16:10:39.141 [SETTLE] exp=2 gold=199368 len=393
2026-10-02 16:11:08.503 [SETTLE] exp=1 gold=199368 len=403
2026-10-02 16:11:35.026 [SETTLE] exp=2 gold=199368 len=403
2026-10-02 16:12:04.162 [SETTLE] exp=2 gold=199368 len=393
2026-10-02 16:12:37.048 [SETTLE] exp=1 gold=199368 len=393
2026-10-02 16:13:06.462 [SETTLE] exp=1 gold=199368 len=393
2026-10-02 16:13:40.188 [SETTLE] exp=1 gold=199368 len=393
2026-10-02 16:14:04.195 [SETTLE] exp=1 gold=199368 len=393
2026-10-02 16:14:27.791 [SETTLE] exp=2 gold=199368 len=393
2026-10-02 16:14:53.022 [SETTLE] exp=2 gold=199368 len=393
2026-10-02 16:15:17.609 [SETTLE] exp=2 gold=199368 len=393
2026-10-02 16:15:45.193 [SETTLE] exp=2 gold=199368 len=393
2026-10-02 16:16:13.706 [SETTLE] exp=1 gold=199368 len=403
2026-10-02 16:16:34.166 [SETTLE] exp=2 gold=199368 len=403
2026-10-02 16:17:04.598 [SETTLE] exp=2 gold=199368 len=403
2026-10-02 16:17:28.621 [SETTLE] exp=1 gold=199368 len=393
2026-10-02 16:17:58.271 [SETTLE] exp=2 gold=199368 len=393
2026-10-02 16:18:29.771 [SETTLE] exp=1 gold=199368 len=393
2026-10-02 16:18:59.668 [OP] 4040 inv=FFE1 len=30 #2 07c2392bc687c464520bdcfa98b9b9969ce9520bdcfaa32b1f805b64510b
2026-10-02 16:18:59.681 [OUT] 0037 inv=FFF7 len=12 #2 f7ff3700d89d92bec6ecfc0b
2026-10-02 16:19:08.051 [SETTLE] exp=1 gold=199368 len=403
2026-10-02 16:19:33.508 [SETTLE] exp=2 gold=199368 len=393
2026-10-02 16:19:40.613 [OP] 4705 inv=FFB8 len=71 #5 7c6b7f51e3a722a33767ce5b0afc0bdcfaa32b1fd0c464510bdcfaa35aca805b64510bdc20f82b1f805b645131dcfaa3e21f805b54518507d90e6c9f805b64510bdcfaa32b1f80
2026-10-02 16:20:10.747 [SETTLE] exp=2 gold=199368 len=393
2026-10-02 16:20:12.493 [OP] 401E inv=FFAD len=82 #4 a63bad80c6ecfc0b52faa32b1f805b64a552155a4e78c8d9dffc510badb3a32bc8d97b81a552155a4e78c8d91793510b155a4e7888765b64a552155a4e78c8d97b81a552dcfaa32b1f805b64510bdcfaa32b
2026-10-02 16:20:35.500 [SETTLE] exp=2 gold=199368 len=393
2026-10-02 16:21:04.233 [SETTLE] exp=1 gold=199368 len=403
2026-10-02 16:21:04.233 [OP] 4707 inv=FFF3 len=12 #2 a63bad80c6ecfc0b17faa32b
2026-10-02 16:21:36.286 [SETTLE] exp=2 gold=199368 len=393
2026-10-02 16:21:41.428 [SYS] #ff0000#您已进入野外区域，可能遭遇玩家间的自由对战，请注意安全！#ffffff#
2026-10-02 16:21:44.730 [OP] 40A1 inv=FFEB len=20 #2 510bdcfab65d1f809464510b92f4a6dee2ef1226
2026-10-02 16:21:48.847 [OP] 40A1 inv=FFEB len=20 #3 510bdcfab65d1f809464510b2dae954a4f124b7f
2026-10-02 16:21:50.349 [OP] 40A2 inv=FFF3 len=12 #2 dcfaa32bca805b640bf8dcfa
2026-10-02 16:21:51.453 [OP] 4040 inv=FFE1 len=30 #3 07c2392bc687c464520bdcfa98b9b9969ce9520bdcfaa32b1f805b64510b
2026-10-02 16:21:51.456 [OUT] 0037 inv=FFF7 len=12 #3 f7ff3700d87c92bec6ecfc0b
2026-10-02 16:21:55.337 [OUT] 0050 inv=FFF7 len=12 #5 f7ff5000a32b1f802d3d510b
2026-10-02 16:21:55.441 [SYS] #ff0000#您已进入野外区域，可能遭遇玩家间的自由对战，请注意安全！#ffffff#
2026-10-02 16:22:36.292 [SETTLE] exp=2 gold=199368 len=393
2026-10-02 16:23:05.953 [SETTLE] exp=1 gold=199368 len=393
2026-10-02 16:23:31.987 [SETTLE] exp=1 gold=199368 len=393
2026-10-02 16:24:03.603 [SETTLE] exp=2 gold=199368 len=393
2026-10-02 16:24:36.531 [SETTLE] exp=2 gold=199368 len=393
2026-10-02 16:25:03.330 [SETTLE] exp=1 gold=199368 len=393
2026-10-02 16:25:04.981 [OP] 401E inv=FFAD len=82 #5 a63bad80a0ecfc0b52faa32b1f805b64ca92dcfa4e78c8d95255510b2a9ea32bc8d97b81a552155a1c461f80a69a510bfd02a32b88765b64a552155a4e78c8d97b81a552dcfaa32b1f805b64510bdcfaa32b
2026-10-02 16:25:25.606 [SETTLE] exp=1 gold=199368 len=393
2026-10-02 16:25:54.445 [SETTLE] exp=2 gold=199368 len=393
2026-10-02 16:26:28.052 [SETTLE] exp=2 gold=199368 len=393
2026-10-02 16:26:51.708 [SETTLE] exp=1 gold=199368 len=393
2026-10-02 16:27:12.825 [SETTLE] exp=2 gold=199368 len=393
2026-10-02 16:27:41.742 [SETTLE] exp=1 gold=199368 len=393
2026-10-02 16:28:15.260 [SETTLE] exp=1 gold=199368 len=403
2026-10-02 16:29:02.943 [SETTLE] exp=2 gold=199368 len=393
2026-10-02 16:29:29.853 [OP] 4114 inv=FFEF len=16 #2 b907c4647b98dcfa43ff1f802764510b
2026-10-02 16:29:29.854 [OP] 4114 inv=FFEF len=16 #3 b907c4647b98dcfae8931f8057f8510b
2026-10-02 16:29:29.854 [OP] 4114 inv=FFEF len=16 #4 b907c4647b98dcfa9b931f80a164510b
2026-10-02 16:29:29.854 [OP] 4114 inv=FFEF len=16 #5 b907c4647b98dcfa804a1f80d0f8510b
2026-10-02 16:29:50.982 [SETTLE] exp=1 gold=199368 len=393
2026-10-02 16:30:21.974 [SETTLE] exp=2 gold=199368 len=393
2026-10-02 16:31:05.514 [SETTLE] exp=2 gold=199368 len=403
2026-10-02 16:31:35.912 [SETTLE] exp=1 gold=199368 len=403
2026-10-02 16:32:03.535 [SETTLE] exp=1 gold=199368 len=393
2026-10-02 16:32:30.696 [SETTLE] exp=2 gold=199368 len=393
2026-10-02 16:32:56.135 [SETTLE] exp=1 gold=199368 len=393
2026-10-02 16:33:26.394 [SETTLE] exp=1 gold=199368 len=393
2026-10-02 16:34:04.164 [SETTLE] exp=1 gold=199368 len=393
2026-10-02 16:34:32.178 [SETTLE] exp=2 gold=199368 len=403
2026-10-02 16:35:05.583 [SETTLE] exp=1 gold=199368 len=393
2026-10-02 16:35:34.861 [SETTLE] exp=1 gold=199368 len=393
2026-10-02 16:36:02.719 [SETTLE] exp=1 gold=199368 len=393
2026-10-02 16:36:27.347 [SETTLE] exp=1 gold=199368 len=393
2026-10-02 16:36:56.900 [SETTLE] exp=2 gold=199368 len=393
2026-10-02 16:37:29.341 [SETTLE] exp=2 gold=199368 len=393
2026-10-02 16:37:58.895 [SETTLE] exp=2 gold=199368 len=403
2026-10-02 16:38:28.909 [SETTLE] exp=1 gold=199368 len=393
2026-10-02 16:39:06.922 [SETTLE] exp=1 gold=199368 len=393
2026-10-02 16:40:02.174 [SETTLE] exp=1 gold=199368 len=393
2026-10-02 16:40:29.890 [SETTLE] exp=1 gold=199368 len=393
2026-10-02 16:41:15.286 [SETTLE] exp=1 gold=199368 len=393
2026-10-02 16:41:44.322 [SETTLE] exp=2 gold=199368 len=393
2026-10-02 16:42:16.750 [SETTLE] exp=1 gold=199368 len=393
2026-10-02 16:42:40.537 [SETTLE] exp=1 gold=199368 len=393
2026-10-02 16:43:02.273 [SETTLE] exp=1 gold=199368 len=403
2026-10-02 16:43:32.947 [SETTLE] exp=2 gold=199368 len=393
2026-10-02 16:43:58.210 [SETTLE] exp=1 gold=199368 len=403
2026-10-02 16:44:34.096 [SETTLE] exp=1 gold=199368 len=393
2026-10-02 16:45:09.563 [SETTLE] exp=2 gold=199368 len=393
2026-10-02 16:45:47.767 [SETTLE] exp=1 gold=199368 len=393
2026-10-02 16:46:10.521 [SETTLE] exp=1 gold=199368 len=393
2026-10-02 16:46:40.109 [SETTLE] exp=1 gold=199368 len=393
2026-10-02 16:47:07.995 [SETTLE] exp=2 gold=199368 len=393
2026-10-02 16:47:36.390 [SETTLE] exp=2 gold=199368 len=393
2026-10-02 16:48:08.134 [SETTLE] exp=2 gold=199368 len=393
2026-10-02 16:48:38.733 [SETTLE] exp=2 gold=199368 len=393
2026-10-02 16:49:00.987 [SETTLE] exp=2 gold=199368 len=393
2026-10-02 16:49:44.521 [SETTLE] exp=1 gold=199368 len=393
2026-10-02 16:50:22.702 [SETTLE] exp=2 gold=199368 len=393
2026-10-02 16:50:59.692 [SETTLE] exp=2 gold=199368 len=393
2026-10-02 16:51:39.866 [SETTLE] exp=1 gold=199368 len=393
2026-10-02 16:52:07.169 [SETTLE] exp=1 gold=199368 len=393
2026-10-02 16:52:49.629 [SETTLE] exp=1 gold=199368 len=403
2026-10-02 16:53:19.394 [SETTLE] exp=2 gold=199368 len=393
2026-10-02 16:53:54.184 [SETTLE] exp=2 gold=199368 len=393
2026-10-02 16:54:17.560 [SETTLE] exp=2 gold=199368 len=393
2026-10-02 16:54:38.965 [SETTLE] exp=2 gold=199368 len=393
2026-10-02 16:55:09.688 [SETTLE] exp=1 gold=199368 len=393
2026-10-02 16:55:44.744 [SETTLE] exp=1 gold=199368 len=393
2026-10-02 16:56:18.142 [SETTLE] exp=1 gold=199368 len=393
2026-10-02 16:56:52.838 [SETTLE] exp=2 gold=199368 len=403
2026-10-02 16:57:23.263 [SETTLE] exp=2 gold=199368 len=393
2026-10-02 16:57:47.967 [SETTLE] exp=2 gold=199368 len=393
2026-10-02 16:58:10.543 [SETTLE] exp=2 gold=199368 len=393
2026-10-02 16:58:33.338 [SETTLE] exp=2 gold=199368 len=393
2026-10-02 16:58:55.260 [SETTLE] exp=2 gold=199368 len=393
2026-10-02 16:59:26.197 [SETTLE] exp=2 gold=199368 len=393
2026-10-02 16:59:48.579 [QUESTION] {"type":"question","sock":2560,"qno":18,"field_a":79,"stem":"以下属于我国珍惜保护动物的是？","options":["1、火麒麟","2、藏羚羊","3、猩猩队长","4、霸天虎"]}
2026-10-02 16:59:49.580 [UI] auto dump on question qno=18
2026-10-02 16:59:49.580 [UI] ---- window dump begin (pid 19732) ----
2026-10-02 16:59:49.904 [UI] TOP=001F08B4 vis=0 cls=QBOvCls rc=(369,377,729,473) title=
2026-10-02 16:59:49.910 [UI] TOP=0095078C vis=1 cls=ATL:012FF210 rc=(29,10,1069,817) title=什么什么大冒险2(①逍遥村敬老院)-伏地魔3_Sep 24 2026《什么什么大冒险》制作委员会QQ群:515616289
2026-10-02 16:59:49.913 [UI] TOP=000A00F2 vis=0 cls=DIEmWin rc=(-1,-1,135,38) title=DIEmWin
2026-10-02 16:59:50.036 [SEND-ANSWER] qno=18 opt=1 ret=13 sock=2560
2026-10-02 16:59:50.144 [SYS] 测试通过！
2026-10-02 16:59:50.245 [SYS] 获得了#00FF00#100#FFF692#金币
2026-10-02 16:59:50.245 [CURRENCY] a=199368 b=898182
2026-10-02 16:59:50.306 [UI] TOP=00190582 vis=0 cls=IME rc=(0,0,0,0) title=Default IME
2026-10-02 16:59:50.317 [UI] TOP=00070628 vis=0 cls=MSCTFIME UI rc=(0,0,0,0) title=MSCTFIME UI
2026-10-02 16:59:50.333 [UI] TOP=00170C52 vis=0 cls=IME rc=(0,0,0,0) title=Default IME
2026-10-02 16:59:50.333 [UI] TOP=001B0228 vis=0 cls=IME rc=(0,0,0,0) title=Default IME
2026-10-02 16:59:50.333 [UI] ---- window dump end ----
2026-10-02 16:59:51.842 [UI] auto-closing quiz frame: qno=18 opt=1
2026-10-02 16:59:51.846 [UI] option 1 control NOT found — falling back to digit key
2026-10-02 16:59:53.919 [OUT] 1F04 inv=FFF6 len=13 #5 f6ff041fce1f805bbe510bdcc4
2026-10-02 16:59:55.737 [SETTLE] exp=1 gold=199368 len=393
2026-10-02 17:00:21.791 [SETTLE] exp=2 gold=199368 len=393
2026-10-02 17:00:42.577 [SETTLE] exp=2 gold=199368 len=393
2026-10-02 17:01:16.191 [SETTLE] exp=2 gold=199368 len=393
2026-10-02 17:01:16.282 [OP] 4707 inv=FFF3 len=12 #3 a63bad80a0ecfc0b17faa32b
2026-10-02 17:01:44.396 [SETTLE] exp=1 gold=199368 len=393
2026-10-02 17:02:14.394 [SETTLE] exp=1 gold=199368 len=403
2026-10-02 17:02:49.262 [SETTLE] exp=2 gold=199368 len=403
2026-10-02 17:03:15.226 [SETTLE] exp=1 gold=199368 len=393
2026-10-02 17:03:42.073 [SETTLE] exp=1 gold=199368 len=393
2026-10-02 17:04:02.379 [SETTLE] exp=2 gold=199368 len=403
2026-10-02 17:04:21.540 [SETTLE] exp=1 gold=199368 len=393
2026-10-02 17:04:45.366 [SETTLE] exp=1 gold=199368 len=393
2026-10-02 17:05:11.815 [SETTLE] exp=2 gold=199368 len=393
2026-10-02 17:05:33.479 [SETTLE] exp=2 gold=199368 len=403
2026-10-02 17:06:00.737 [SETTLE] exp=2 gold=199368 len=393
2026-10-02 17:06:26.495 [SETTLE] exp=1 gold=199368 len=393
2026-10-02 17:06:56.644 [SETTLE] exp=1 gold=199368 len=403
2026-10-02 17:07:18.968 [SETTLE] exp=2 gold=199368 len=393
2026-10-02 17:07:41.603 [SETTLE] exp=1 gold=199368 len=393
2026-10-02 17:08:04.852 [SETTLE] exp=2 gold=199368 len=393
2026-10-02 17:08:30.435 [SETTLE] exp=1 gold=199368 len=413
2026-10-02 17:08:57.120 [SETTLE] exp=2 gold=199368 len=393
2026-10-02 17:09:18.821 [SETTLE] exp=1 gold=199368 len=393
2026-10-02 17:10:03.248 [OP] 4707 inv=FFF3 len=12 #4 a63bad80c6ecfc0b17faa32b
2026-10-02 17:10:03.348 [SETTLE] exp=1 gold=199368 len=393
2026-10-02 17:10:31.654 [SETTLE] exp=2 gold=199368 len=403
2026-10-02 17:10:56.018 [SETTLE] exp=2 gold=199368 len=393
2026-10-02 17:11:17.017 [SETTLE] exp=1 gold=199368 len=403
2026-10-02 17:11:43.617 [SETTLE] exp=2 gold=199368 len=403
2026-10-02 17:12:05.900 [SETTLE] exp=2 gold=199368 len=393
2026-10-02 17:12:32.770 [SETTLE] exp=2 gold=199368 len=393
2026-10-02 17:12:58.832 [SETTLE] exp=1 gold=199368 len=393
2026-10-02 17:13:20.049 [SETTLE] exp=2 gold=199368 len=393
2026-10-02 17:13:44.834 [SETTLE] exp=2 gold=199368 len=393
2026-10-02 17:14:10.509 [SETTLE] exp=2 gold=199368 len=393
2026-10-02 17:14:36.223 [SETTLE] exp=2 gold=199368 len=393
2026-10-02 17:15:04.918 [SETTLE] exp=2 gold=199368 len=393
2026-10-02 17:15:30.375 [SETTLE] exp=1 gold=199368 len=403
2026-10-02 17:15:56.389 [SETTLE] exp=1 gold=199368 len=403
2026-10-02 17:16:22.655 [SETTLE] exp=2 gold=199368 len=403
2026-10-02 17:16:45.868 [SETTLE] exp=1 gold=199368 len=393
2026-10-02 17:17:09.522 [SETTLE] exp=2 gold=199368 len=393
2026-10-02 17:17:28.075 [SETTLE] exp=1 gold=199368 len=393
2026-10-02 17:17:47.358 [SETTLE] exp=1 gold=199368 len=393
2026-10-02 17:18:13.149 [SETTLE] exp=1 gold=199368 len=403
2026-10-02 17:18:44.034 [SETTLE] exp=2 gold=199368 len=393
2026-10-02 17:19:11.163 [SETTLE] exp=1 gold=199368 len=403
2026-10-02 17:19:30.350 [SETTLE] exp=2 gold=199368 len=393
2026-10-02 17:19:56.497 [SETTLE] exp=1 gold=199368 len=393
2026-10-02 17:20:16.783 [SETTLE] exp=2 gold=199368 len=403
2026-10-02 17:20:39.927 [SETTLE] exp=2 gold=199368 len=393
2026-10-02 17:21:03.806 [SETTLE] exp=2 gold=199368 len=393
2026-10-02 17:21:30.085 [SETTLE] exp=1 gold=199368 len=393
2026-10-02 17:21:57.676 [SETTLE] exp=1 gold=199368 len=403
2026-10-02 17:22:30.737 [SETTLE] exp=2 gold=199368 len=393
2026-10-02 17:22:58.130 [SETTLE] exp=1 gold=199368 len=393
2026-10-02 18:04:59.490 [QUESTION] {"type":"question","sock":2560,"qno":12,"field_a":82,"stem":"在杠杆上起到支撑作用的那一点叫做？","options":["1、支点","2、上午六点","3、晚上8点","4、少一点"]}
2026-10-02 18:05:00.020 [SETTLE] exp=1 gold=199368 len=393
2026-10-02 18:05:00.499 [UI] auto dump on question qno=12
2026-10-02 18:05:00.501 [UI] ---- window dump begin (pid 19732) ----
2026-10-02 18:05:00.505 [UI] TOP=001F08B4 vis=0 cls=QBOvCls rc=(369,377,729,473) title=
2026-10-02 18:05:00.510 [UI] TOP=0095078C vis=1 cls=ATL:012FF210 rc=(29,10,1069,817) title=什么什么大冒险2(①逍遥村敬老院)-伏地魔3_Sep 24 2026《什么什么大冒险》制作委员会QQ群:515616289
2026-10-02 18:05:00.510 [UI] TOP=000A00F2 vis=0 cls=DIEmWin rc=(-1,-1,135,38) title=DIEmWin
2026-10-02 18:05:00.791 [SEND-ANSWER] qno=12 opt=0 ret=13 sock=2560
2026-10-02 18:05:00.856 [SYS] 测试通过！
2026-10-02 18:05:00.913 [UI] TOP=00190582 vis=0 cls=IME rc=(0,0,0,0) title=Default IME
2026-10-02 18:05:00.921 [UI] TOP=00070628 vis=0 cls=MSCTFIME UI rc=(0,0,0,0) title=MSCTFIME UI
2026-10-02 18:05:00.929 [UI] TOP=00170C52 vis=0 cls=IME rc=(0,0,0,0) title=Default IME
2026-10-02 18:05:00.930 [UI] TOP=001B0228 vis=0 cls=IME rc=(0,0,0,0) title=Default IME
2026-10-02 18:05:00.930 [UI] ---- window dump end ----
2026-10-02 18:05:00.961 [SYS] 获得了#00FF00#100#FFF692#金币
2026-10-02 18:05:00.961 [CURRENCY] a=199368 b=898282
2026-10-02 18:05:02.607 [UI] auto-closing quiz frame: qno=12 opt=0
2026-10-02 18:05:03.235 [SYS] #ff0000#您已进入野外区域，可能遭遇玩家间的自由对战，请注意安全！#ffffff#
2026-10-02 18:05:10.629 [OP] 40A1 inv=FFEB len=20 #4 510bdcfab65d1f809464510b43aec44ab5121026
2026-10-02 18:05:25.879 [SETTLE] exp=2 gold=199368 len=403
2026-10-02 18:06:04.828 [OUT] 0178 inv=FFFB len=8 #1 fbff78015767c9fc
2026-10-02 18:06:04.889 [OP] 404D inv=FC4F len=944 #1 07c2392b7d80e8dd5cb2dcfae82bf6805b64580baab8a32bca809564410bfefa57ef1f809564580bcffa132b4f1e5b64580b6ffac42ba0804e51510b6ffaf82b3a806864aa05dcfaf82bca801064fd0baab8a32bca8095648e0bbcfadc671f809564580b6ffa132ba7a45b64580b6ffadb2ba0803327510b6ffaf82bad80686496b3dcfaf82bca801c64ab0baab8a32bca809564fd0bfefadc671f809564580b
2026-10-02 18:06:45.047 [OP] 40A2 inv=FFF3 len=12 #3 dcfaa32bca805b640bf8dcfa
2026-10-02 18:06:50.162 [OP] 40A2 inv=FFF3 len=12 #4 dcfaa32bca805b64e6f8dcfa
2026-10-02 18:06:54.368 [OP] 40A2 inv=FFF3 len=12 #5 dcfaa32bca805b64fdf8dcfa
2026-10-02 18:13:02.759 [QUESTION] {"type":"question","sock":2560,"qno":20,"field_a":105,"stem":"人们平时所说的“煤气中毒”是因为哪种有害气体吸入过多而引起的？","options":["1、二手烟","2、一氧化碳","3、生气","4、屁"]}
2026-10-02 18:13:03.720 [SEND-ANSWER] qno=20 opt=1 ret=13 sock=2560
2026-10-02 18:13:03.770 [SYS] 测试通过！
2026-10-02 18:13:03.774 [UI] auto dump on question qno=20
2026-10-02 18:13:03.775 [UI] ---- window dump begin (pid 19732) ----
2026-10-02 18:13:03.876 [SYS] 获得了#00FF00#100#FFF692#金币
2026-10-02 18:13:03.876 [CURRENCY] a=199368 b=898382
2026-10-02 18:13:03.989 [UI] TOP=001F08B4 vis=0 cls=QBOvCls rc=(369,377,729,473) title=
2026-10-02 18:13:04.001 [UI] TOP=0095078C vis=1 cls=ATL:012FF210 rc=(29,10,1069,817) title=什么什么大冒险2(①逍遥村敬老院)-伏地魔3_Sep 24 2026《什么什么大冒险》制作委员会QQ群:515616289
2026-10-02 18:13:04.001 [UI] TOP=000A00F2 vis=0 cls=DIEmWin rc=(-1,-1,135,38) title=DIEmWin
2026-10-02 18:13:04.396 [UI] TOP=00190582 vis=0 cls=IME rc=(0,0,0,0) title=Default IME
2026-10-02 18:13:04.422 [UI] TOP=00070628 vis=0 cls=MSCTFIME UI rc=(0,0,0,0) title=MSCTFIME UI
2026-10-02 18:13:04.428 [UI] TOP=00170C52 vis=0 cls=IME rc=(0,0,0,0) title=Default IME
2026-10-02 18:13:04.429 [UI] TOP=001B0228 vis=0 cls=IME rc=(0,0,0,0) title=Default IME
2026-10-02 18:13:04.429 [UI] ---- window dump end ----
2026-10-02 18:13:05.531 [UI] auto-closing quiz frame: qno=20 opt=1
2026-10-02 18:13:05.541 [UI] option 1 control NOT found — falling back to digit key
2026-10-02 18:13:58.408 [SYS] #FFF692#交纳传送费用#00CCFF#1810#FFF692#金币！
2026-10-02 18:13:58.478 [CURRENCY] a=199368 b=896572
2026-10-02 18:14:06.182 [SYS] #FFF692#交纳传送费用#00CCFF#1370#FFF692#金币！
2026-10-02 18:14:06.284 [CURRENCY] a=199368 b=897012
2026-10-02 18:14:50.033 [SYS] #FFF692#交纳传送费用#00CCFF#1370#FFF692#金币！
2026-10-02 18:14:50.127 [CURRENCY] a=199368 b=897012
2026-10-02 18:15:05.330 [SYS] #FFF692#交纳传送费用#00CCFF#1370#FFF692#金币！
2026-10-02 18:15:05.444 [CURRENCY] a=199368 b=897012
2026-10-02 18:15:31.682 [SYS] #FFF692#交纳传送费用#00CCFF#1370#FFF692#金币！
2026-10-02 18:15:31.786 [CURRENCY] a=199368 b=897012
2026-10-02 18:15:45.018 [SYS] #FFF692#交纳传送费用#00CCFF#1810#FFF692#金币！
2026-10-02 18:15:45.118 [SYS] #ff0000#您已进入野外区域，可能遭遇玩家间的自由对战，请注意安全！#ffffff#
2026-10-02 18:15:45.118 [CURRENCY] a=199368 b=896572
2026-10-02 18:15:56.836 [OP] 40A1 inv=FFEB len=20 #5 510bdcfab65d1f809464510bc1f4934a27123d26
2026-10-02 18:17:20.677 [OP] 4707 inv=FFF3 len=12 #5 a63bad80a0ecfc0b17faa32b
2026-10-02 18:17:30.024 [SETTLE] exp=2 gold=199368 len=393
2026-10-02 18:23:14.480 [SYS] #ff0000#您已进入野外区域，可能遭遇玩家间的自由对战，请注意安全！#ffffff#
2026-10-02 18:23:56.681 [SETTLE] exp=1 gold=199368 len=393
2026-10-02 18:24:33.323 [SETTLE] exp=2 gold=199368 len=403
2026-10-02 18:24:35.533 [SYS] #ff0000#您已进入野外区域，可能遭遇玩家间的自由对战，请注意安全！#ffffff#
2026-10-02 18:24:56.353 [SETTLE] exp=1 gold=199368 len=403
2026-10-02 18:25:37.006 [SETTLE] exp=2 gold=199368 len=403
2026-10-02 18:25:50.896 [SYS] #ff0000#您已进入野外区域，可能遭遇玩家间的自由对战，请注意安全！#ffffff#
2026-10-02 18:26:37.311 [SETTLE] exp=2 gold=199368 len=393
2026-10-02 18:27:15.072 [SETTLE] exp=2 gold=199368 len=393
2026-10-02 18:27:44.922 [SETTLE] exp=2 gold=199368 len=403
2026-10-02 18:28:15.117 [SETTLE] exp=2 gold=199368 len=393
2026-10-02 18:28:51.385 [SETTLE] exp=1 gold=199368 len=393
2026-10-02 18:29:21.196 [SETTLE] exp=1 gold=199368 len=393
2026-10-02 18:29:48.709 [SETTLE] exp=1 gold=199368 len=393
2026-10-02 18:30:19.276 [SETTLE] exp=1 gold=199368 len=393
2026-10-02 18:30:50.383 [SETTLE] exp=1 gold=199368 len=393
2026-10-02 18:31:19.609 [SETTLE] exp=2 gold=199368 len=393
2026-10-02 18:32:09.816 [SETTLE] exp=1 gold=199368 len=393
2026-10-02 18:32:51.173 [OUT] 0033 inv=FFF7 len=12 #1 f7ff33005b64510bdcfaa32b
2026-10-02 18:33:16.893 [SYS] 你所邀请的对象正在忙碌，无法接受你的邀请。
2026-10-02 18:33:56.515 [SETTLE] exp=2 gold=199368 len=393
2026-10-02 18:34:08.650 [OUT] 0034 inv=FFF3 len=16 #1 f3ff3400eaf7c1ecebe9b8531207c464
2026-10-02 18:34:08.712 [OP] 4709 inv=FFEF len=16 #1 3ccdfc0b07c2392b1207c464430bdcfa
2026-10-02 18:34:10.983 [OUT] 0034 inv=FFF3 len=16 #2 f3ff3400eaf7c1ecebe9b8532e87c464
2026-10-02 18:34:11.034 [OP] 4709 inv=FFEF len=16 #2 3ccdfc0b07c2392b2e87c464430bdcfa
2026-10-02 18:34:15.705 [SYS] 你所邀请的对象与你距离太远，无法接受你的邀请
2026-10-02 18:34:34.389 [OUT] 0034 inv=FFF3 len=16 #3 f3ff3400eaf7c1ecebe9b8532e87c464
2026-10-02 18:34:34.442 [OP] 4709 inv=FFEF len=16 #3 3ccdfc0b07c2392b2e87c464430bdcfa
2026-10-02 18:34:37.280 [SYS] 你所邀请的对象正在忙碌，无法接受你的邀请。
2026-10-02 18:35:05.196 [OP] 4040 inv=FFE1 len=30 #4 07c2392b2e87c4647f0bdcfafbb9b9969ce97f0bdcfaa32b1f805b64510b
2026-10-02 18:35:05.199 [OUT] 0037 inv=FFF7 len=12 #4 f7ff3700d8b3dfbea0ecfc0b
2026-10-02 18:35:42.673 [SETTLE] exp=1 gold=199368 len=403
2026-10-02 18:36:17.110 [SETTLE] exp=2 gold=199368 len=393
2026-10-02 18:36:52.418 [SETTLE] exp=1 gold=199368 len=393
2026-10-02 18:37:24.383 [SETTLE] exp=2 gold=199368 len=393
2026-10-02 18:37:58.950 [SETTLE] exp=2 gold=199368 len=403
2026-10-02 18:38:30.200 [SETTLE] exp=2 gold=199368 len=393
2026-10-02 18:39:07.120 [SETTLE] exp=1 gold=199368 len=393
2026-10-02 18:39:43.417 [SETTLE] exp=2 gold=199368 len=393
2026-10-02 18:40:16.714 [SETTLE] exp=1 gold=199368 len=393
2026-10-02 18:40:43.161 [SETTLE] exp=1 gold=199368 len=393
2026-10-02 18:41:13.039 [SETTLE] exp=1 gold=199368 len=393
2026-10-02 18:42:23.938 [SETTLE] exp=1 gold=199368 len=393
2026-10-02 18:42:57.561 [SETTLE] exp=1 gold=199368 len=393
2026-10-02 18:43:31.951 [SETTLE] exp=1 gold=199368 len=393
2026-10-02 18:44:02.701 [SETTLE] exp=2 gold=199368 len=393
2026-10-02 18:44:38.923 [SETTLE] exp=2 gold=199368 len=393
2026-10-02 18:45:18.070 [SETTLE] exp=2 gold=199368 len=413
2026-10-02 18:45:55.655 [SETTLE] exp=1 gold=199368 len=393
2026-10-02 18:46:27.132 [SETTLE] exp=2 gold=199368 len=393
2026-10-02 18:47:04.189 [SETTLE] exp=2 gold=199368 len=393
2026-10-02 18:47:43.847 [SETTLE] exp=1 gold=199368 len=403
2026-10-02 18:48:12.948 [SETTLE] exp=1 gold=199368 len=393
2026-10-02 18:48:49.692 [SETTLE] exp=2 gold=199368 len=403
2026-10-02 18:49:17.000 [SETTLE] exp=2 gold=199368 len=403
2026-10-02 18:49:48.011 [SETTLE] exp=1 gold=199368 len=393
2026-10-02 18:50:22.410 [SETTLE] exp=1 gold=199368 len=393
2026-10-02 18:50:53.553 [SETTLE] exp=1 gold=199368 len=393
2026-10-02 18:51:26.766 [SETTLE] exp=1 gold=199368 len=393
2026-10-02 18:51:57.128 [SETTLE] exp=1 gold=199368 len=393
2026-10-02 18:52:22.985 [SETTLE] exp=1 gold=199368 len=393
2026-10-02 18:52:56.118 [SETTLE] exp=1 gold=199368 len=393
2026-10-02 18:53:31.814 [SETTLE] exp=2 gold=199368 len=393
2026-10-02 18:54:07.250 [SETTLE] exp=1 gold=199368 len=393
2026-10-02 18:54:33.097 [SETTLE] exp=1 gold=199368 len=403
2026-10-02 18:55:14.784 [SETTLE] exp=1 gold=199368 len=393
2026-10-02 18:55:42.101 [SETTLE] exp=1 gold=199368 len=393
2026-10-02 18:55:55.568 [PIPE] controller disconnected
2026-10-02 18:56:02.745 [PIPE] controller connected
2026-10-02 18:56:17.469 [SETTLE] exp=1 gold=199368 len=393
2026-10-02 18:56:48.506 [SETTLE] exp=1 gold=199368 len=393
2026-10-02 18:57:23.069 [SETTLE] exp=2 gold=199368 len=393
2026-10-02 18:57:50.328 [SETTLE] exp=1 gold=199368 len=403
2026-10-02 18:58:39.610 [SETTLE] exp=2 gold=199368 len=393
2026-10-02 18:59:20.224 [SETTLE] exp=2 gold=199368 len=393
2026-10-02 18:59:53.431 [SETTLE] exp=2 gold=199368 len=393
2026-10-02 19:00:27.681 [SETTLE] exp=1 gold=199368 len=403
2026-10-02 19:01:04.662 [SETTLE] exp=1 gold=199368 len=393
2026-10-02 19:01:38.864 [SETTLE] exp=1 gold=199368 len=393
2026-10-02 19:02:16.700 [SETTLE] exp=2 gold=199368 len=393
2026-10-02 19:02:46.646 [SETTLE] exp=1 gold=199368 len=403
2026-10-02 19:03:12.357 [SETTLE] exp=1 gold=199368 len=403
2026-10-02 19:03:48.203 [SETTLE] exp=1 gold=199368 len=393
2026-10-02 19:04:23.359 [SETTLE] exp=1 gold=199368 len=393
2026-10-02 19:05:01.710 [SETTLE] exp=2 gold=199368 len=393
2026-10-02 19:05:28.200 [SETTLE] exp=1 gold=199368 len=393
2026-10-02 19:06:04.426 [SETTLE] exp=1 gold=199368 len=393
2026-10-02 19:06:40.262 [SETTLE] exp=1 gold=199368 len=393
2026-10-02 19:07:08.625 [SETTLE] exp=1 gold=199368 len=393
2026-10-02 19:07:38.599 [SETTLE] exp=1 gold=199368 len=393
2026-10-02 19:08:11.078 [SETTLE] exp=1 gold=199368 len=393
2026-10-02 19:08:45.580 [SETTLE] exp=2 gold=199368 len=403
2026-10-02 19:09:15.603 [SETTLE] exp=2 gold=199368 len=393
2026-10-02 19:09:52.537 [SETTLE] exp=2 gold=199368 len=393
2026-10-02 19:10:05.045 [PIPE] controller disconnected
2026-10-02 19:10:28.677 [SETTLE] exp=1 gold=199368 len=403
2026-10-02 19:11:04.246 [SETTLE] exp=1 gold=199368 len=393
2026-10-02 19:11:34.534 [SETTLE] exp=1 gold=199368 len=393
2026-10-02 19:11:42.867 [INIT] dll unloaded
2026-10-02 19:12:54.308 [INIT] dll loaded, pid=19732
2026-10-02 19:12:54.309 [INIT] codec loaded OK
2026-10-02 19:12:54.309 [INIT] iat hooks: recv=1 send=1 WSASend=1 connect=1 closesocket=1
2026-10-02 19:12:54.356 [PIPE] controller connected
2026-10-02 19:12:54.484 [OP] 4104 inv=FFFB len=4 #1 ce565d45
2026-10-02 19:12:55.286 [OP] 4105 inv=FFFE len=1 #1 3d
2026-10-02 19:12:55.286 [OP] 4104 inv=FFFB len=4 #2 6e081f5a
2026-10-02 19:12:55.664 [OP] 4108 inv=FFE3 len=28 #1 b907c464510bdcfaf8531f807fdf510bbafaa32b1f805b64510bdcfa
2026-10-02 19:12:55.771 [OP] 4104 inv=FFFA len=5 #3 0508ac84aa
2026-10-02 19:12:55.771 [OP] 4104 inv=FFFA len=5 #4 e90844c7ce
2026-10-02 19:12:55.771 [OP] 4104 inv=FFFA len=5 #5 f56743f2ca
2026-10-02 19:12:55.771 [OP] 4108 inv=FFE3 len=28 #2 b907c464510bdcfa39531f807fdf510bbafaa32b1f805b64510bdcfa
2026-10-02 19:12:55.954 [OP] 4108 inv=FFE3 len=28 #3 b907c464510bdcfa21531f8043df510be0faa32b1f805b64510bdcfa
2026-10-02 19:12:55.955 [OP] 4108 inv=FFE3 len=28 #4 b907c464510bdcfa87531f8043df510b54faa32b1f805b64510bdcfa
2026-10-02 19:12:56.193 [OP] 4105 inv=FFFE len=1 #2 fd
2026-10-02 19:12:56.207 [OUT] 1004 inv=FFF3 len=16 #1 f3ff04104d35665359cec3642d0b59ae
2026-10-02 19:12:56.283 [OP] 4109 inv=FEE7 len=280 #1 55b252faf82b594f5b64510bdcfaa32bca805b642d0b59ae722b6fefc464310b6ffaa32bf4075b64fcfd6ffaa3531f805bdf510bafc4a32b20805b64510bdcfaa32b1f809564510b3fc2a32badcac464510bdcfaa3535980ccf1510b12c2a32bad80956451ecdcfaee531f80ce7f510bdcfaa32b1f805b64c927dcfa9b3b1f80c464580bdcc4a32b92aa5b6461ecdcfaa32b1f805b64510b7acaa32b09075b64
2026-10-02 19:12:56.382 [OP] 4106 inv=FFFD len=2 #1 a37c
2026-10-02 19:12:56.382 [OP] 4110 inv=FFFD len=2 #1 b72b
2026-10-02 19:12:56.383 [OP] 4111 inv=FFFD len=2 #1 2764
2026-10-02 19:12:56.383 [OP] 4112 inv=FFFD len=2 #1 6fc4
2026-10-02 19:12:56.383 [OP] 4112 inv=FFFD len=2 #2 52c4
2026-10-02 19:12:57.854 [OP] 4613 inv=FFBF len=64 #1 f89523b79508512ec9e8e8dc9a071319587be3c49416ba41550758ec6fc4a32bcaaa95640380a8250253ab809498db0be6faf8531f7926b35c3828d7512b1f80
2026-10-02 19:12:58.237 [OP] F005 inv=FFE7 len=24 #1 26b35c3828d7fb2b1f805b64510bdcfaa3ce1f80897e0f0c
2026-10-02 19:12:58.333 [OP] F005 inv=FFE7 len=24 #2 26b35c3828d7fb2b1f805b64510bdcfaa3ce1f80897e0f0c
2026-10-02 19:12:58.333 [OP] F005 inv=FFE7 len=24 #3 26b35c3828d7512b1f805b64510bdcfaa3ce394e9164a80c
2026-10-02 19:12:58.334 [OP] F005 inv=FFE7 len=24 #4 26b35c3828d7512b1f805b64510bdcfaa3ce394e9164a80c
2026-10-02 19:12:58.759 [OP] 47C0 inv=FFF0 len=15 #1 316fc48b0484c7c38dd5a35e75f835
2026-10-02 19:12:58.759 [OP] 47C0 inv=FFEA len=21 #2 51cac7e8da31ec8b57679bc7e8add958b16ea489ed
2026-10-02 19:12:58.759 [OP] 4613 inv=FF77 len=136 #2 9098a14cca4f40def6755d94db66bc79388c83375fe8f853f9a6c38a767f6fc4f8531f8095df580b940eee6f0faac064514fb3fafd2bca805bdd1e2e69746388e50e5b6451040370f8d91f990f5319be902a5d24e1a6c3f3f67f6fe22924ca1ce1df58ec6ffaa353caaa5b76237c3698f8541f802bf151b1dcc4a32beceb066d0d19f8bbea2b1f80
2026-10-02 19:12:58.858 [OP] 47C0 inv=FFF3 len=12 #3 0253cae8add958b16ea489ed
2026-10-02 19:12:58.858 [OP] 4613 inv=FFBB len=68 #3 58040370f8d91f990f5319be902a5d24e1a6c3f3f67f6fe22924ca1ce1df58ec6ffaa353caaa5b76237c3698f8541f802bf151b1dcc4a32beceb066d0d19f8bbea2b1f80
2026-10-02 19:12:58.860 [OP] 47C0 inv=FFEA len=21 #4 51cac7412831ec8b4ec476e798add958d06015ddcb
2026-10-02 19:12:58.860 [OP] 47C0 inv=FFF3 len=12 #5 0253ca98add958d06015ddcb
2026-10-02 19:12:59.707 [OP] 4613 inv=FF7B len=132 #4 5929e5af58d5dc590193f6a3e9cd194f6fc4a6463041550758ec6fc4a32bcaaa9564b68005250253ab809496050b8bfaf82b1f7926b35c3828d7fb2b1f80f8fdfeece6253dbc62344cf8eb246a57ff93182c94df43a66ab45c93892cc3df58ec6ffaa353caaa5b76237c3698f8c71f80876451d0dcc4a32beceb066d0de38abbea2b1f80
2026-10-02 19:12:59.707 [OP] 4613 inv=FFB8 len=71 #5 aaf8fdfeece6253dbc62344cf8eb246a57ff93182c94df43a66ab45c93892cc3df58ec6ffaa353caaa5b76237c3698f8c71f80876451d0dcc4a32beceb066d0de38abbea2b1f80
2026-10-02 19:13:00.994 [SETTLE] exp=2 gold=199368 len=393
2026-10-02 19:13:00.994 [OP] 472A inv=FE76 len=393 #1 b4b4de1fc75b64510bdcfaa32b1f805b64510bdce8a32b1f805b64510bdcfaa32b1f805b64510bdc83b72b1f805b645130dcfaa32b1f805b64510bdcfaa32b1f805b64510bdcfaa32b1f805b64510bdcfaa32b1f805b64510bdcfaa32b1f805b64510bdcfaa32b1f805b64510bdcfaa32b1f805b64510bdcfaa32b1f805b64510bdcfaa32b1f805b64510bdceaf82b1f265b6451166ffaa38aca805be8580bdc
2026-10-02 19:13:01.055 [OUT] 0022 inv=FFD7 len=44 #1 d7ff22000dc88ffd90c489072710e028317f6f3572022fca94dfab5f5339b7d9ca9d941a3501c6e0f87aca6d
2026-10-02 19:13:01.098 [OP] 4211 inv=FFF6 len=9 #1 aa5b6451a4a722a34a
2026-10-02 19:13:01.111 [OP] 42CE inv=FFFB len=4 #1 c87f510b
2026-10-02 19:13:01.161 [OP] 4610 inv=FFFE len=1 #1 e2
2026-10-02 19:13:01.264 [OP] 4211 inv=FFF6 len=9 #2 aa5b645140a722a34a
2026-10-02 19:13:01.264 [OP] 4211 inv=FFF6 len=9 #3 aa5b6451da3e22a34a
2026-10-02 19:13:01.264 [OP] 4211 inv=FFF6 len=9 #4 aa5b64511b3e22a34a
2026-10-02 19:13:02.058 [OUT] 0022 inv=FFD7 len=44 #2 d7ff22000dc88ffd90c41f67bd10e028317f6f3572022fca94dfab5f5339b7d9ca33c4893501c6e0f899ad43
2026-10-02 19:13:02.109 [OP] 4610 inv=FFFE len=1 #2 46
2026-10-02 19:13:03.032 [OUT] 004E inv=FFFA len=9 #1 faff4e00e9580bdcf4
2026-10-02 19:13:03.078 [OUT] 0022 inv=FFD6 len=45 #3 d6ff2200ef3c28317f6f19906d84277fd90eecfe6e168384c795fc58825339b7d9ca0694923501c6e0f8c99d46
2026-10-02 19:13:03.127 [OP] 4029 inv=FFDF len=32 #1 3ccdfc0b9625a32b1f805b646975dcfaa32b1f80df7f510b8bc4872b41809564
2026-10-02 19:13:03.187 [OP] 4610 inv=FFFE len=1 #3 91
2026-10-02 19:13:04.058 [OUT] 0022 inv=FFD9 len=42 #4 d9ff2200fde3059f205311099261d77cc6e8f82c843cadd90eec01e0f004844f95375846c19f2053414e
2026-10-02 19:13:04.108 [OP] 4610 inv=FFFE len=1 #4 74
2026-10-02 19:13:05.062 [OUT] 0022 inv=FFD7 len=44 #5 d7ff22000dc88ffde6c436df1110e028317f6fb0b7022fca94dfd6fd5339b7d9ca3494943501c6e0f8dacafa
2026-10-02 19:13:05.113 [OP] 4610 inv=FFFE len=1 #5 e4
2026-10-02 19:13:06.223 [OP] 4612 inv=FFEB len=20 #1 fd2b1f8057ecfc0b540e392b5207c464418052fa
2026-10-02 19:13:07.253 [OP] 4612 inv=FFF7 len=8 #2 ca805b64b4b252fa
2026-10-02 19:13:08.202 [OP] 4100 inv=FFF9 len=6 #1 05127b081e7f
2026-10-02 19:13:08.203 [OP] 4101 inv=FCA5 len=858 #1 55b252fadb2b1f805b64510b155a4e781f805b64510bdcfaa32b1f805b64510bdcfaa32b1f805b6441fd8b25a32be7ca5b64510bdcfa4d7c1f805b64510bdcfaa32b1f805b640db252fa392b1f805b64510bb2dca32bd13b5b64cb7fdcfa5acb1f807b81a552155a4e78c8d97b81530bdcfa4e78c8d995a9bc595ab12b2158805b64510bdcfaa32b1f83c064510bdcfaa3ab8a805b64510bdcfaa32b1f805b64
2026-10-02 19:13:08.347 [OUT] 1F51 inv=FFFF len=4 #1 ffff511f
2026-10-02 19:13:08.403 [OP] 4F52 inv=FFFF len=0 #1 
2026-10-02 19:13:09.289 [OUT] 1001 inv=FFF9 len=10 #1 f9ff01101f805b64510b
2026-10-02 19:13:09.304 [OP] EFFE inv=FFFE len=1 #1 0b
2026-10-02 19:13:09.348 [OP] 4108 inv=FFE3 len=28 #5 b907c464510bdcfa5f531f80d8f8510bce40515d1f805b64510bdcfa
2026-10-02 19:13:10.836 [OP] 46FE inv=FFFF len=0 #1 
2026-10-02 19:13:11.364 [OP] 4105 inv=FFFE len=1 #3 6d
2026-10-02 19:13:11.364 [OP] 4105 inv=FFFE len=1 #4 cd
2026-10-02 19:13:11.484 [OP] 4109 inv=FFDF len=32 #2 b907c464510b6ffaa32b1f805b64510bd0c4a32b62d12364510bdcfaa3931f80
2026-10-02 19:13:11.586 [OP] 4105 inv=FFFE len=1 #5 af
2026-10-02 19:13:11.586 [OP] 4106 inv=FFFC len=3 #2 e23932
2026-10-02 19:13:11.586 [OP] 4106 inv=FFFD len=2 #3 a37d
2026-10-02 19:13:11.587 [OP] 4111 inv=FFFD len=2 #2 2364
2026-10-02 19:13:11.591 [OUT] 1005 inv=FFEF len=20 #1 efff0510a498f85305c75cdf0b0bd3c4a32b1f80
2026-10-02 19:13:11.867 [OP] 4106 inv=FFFC len=3 #4 a539cb
2026-10-02 19:13:11.867 [OP] 4110 inv=FFFD len=2 #2 4d2b
2026-10-02 19:13:11.867 [OP] 4106 inv=FFFD len=2 #5 f8ed
2026-10-02 19:13:12.024 [OP] 4109 inv=FF7B len=132 #3 b907c464580b6fe8a3531f805b64510b13f4a32ba58021df0b0b40c43993c780cf26510b10aea32bad77946451ecdcfaa30acd8062df510b9dfaa32b1f805b64510bdcfa40ce1f80a808510b52e8db2b1faa5b378fecdcfaf8931f805b64510bdcfaa32bc0ef5b6467d5dcfa399359805bdf51d57cc4a32bcf815ed9510bdcfaccd01f80
2026-10-02 19:13:12.126 [OP] 4111 inv=FFFD len=2 #3 5764
2026-10-02 19:13:13.971 [OP] 4110 inv=FFFD len=2 #3 4d32
2026-10-02 19:13:14.067 [OP] 4109 inv=FE7F len=384 #4 b907c464580b8b25a3de1f805b64510b6ffaa32ba580ea7f0b0b0022fd242d809564510baeaea32b9da05b6451ecdcfaa32b1f8062df510b06faa32b1f805b64510bdcfaf82b1f80a76f510b8b30f82b1f805b64510bdcfaf82b1f80a76f510b8b30db2b1f805b6451ecdcfaf82b1f80a76f510b8b30392b1f805b6451ba710e334a1f80a76f510b8b5ba32b1faa94648fecdcfa20931f805b64510bdcfaa32b
2026-10-02 19:13:14.172 [OP] 4111 inv=FFFD len=2 #4 ba64
2026-10-02 19:13:15.717 [OP] 4109 inv=FFB7 len=72 #5 b907c464517f6fc4a32b1f805b64510b07faa32bcaa05b6487b1dcfa40ce1f80badf0e7f07faa32b39125b640eec54faa32b1f805b64510b8222a32b39125b64080b54faa32b1f80
2026-10-02 19:13:15.820 [OP] 4111 inv=FFFD len=2 #5 9564
2026-10-02 19:13:17.301 [PIPE] controller disconnected
2026-10-02 19:13:18.415 [OUT] 1F51 inv=FFFF len=4 #2 ffff511f
2026-10-02 19:13:18.464 [OP] 4F52 inv=FFFF len=0 #2 
2026-10-02 19:13:22.431 [OUT] 1004 inv=FFF3 len=16 #2 f3ff04104d35665359c7c3642d0b59ae
2026-10-02 19:13:22.699 [OP] 4110 inv=FFFD len=2 #4 b72b
2026-10-02 19:13:23.422 [PIPE] controller connected
2026-10-02 19:13:27.104 [OP] 4112 inv=FFFD len=2 #3 6fc4
2026-10-02 19:13:27.210 [OP] 4112 inv=FFFD len=2 #4 90c4
2026-10-02 19:13:27.210 [OP] 4112 inv=FFFD len=2 #5 52c4
2026-10-02 19:13:28.337 [OP] EFFE inv=FFFE len=1 #2 0b
2026-10-02 19:13:28.474 [OUT] 1F51 inv=FFFF len=4 #3 ffff511f
2026-10-02 19:13:28.523 [OP] 4F52 inv=FFFF len=0 #3 
2026-10-02 19:13:34.427 [SETTLE] exp=2 gold=199368 len=393
2026-10-02 19:13:34.427 [OP] 472A inv=FE76 len=393 #2 b4b4de1fc75b64510bdcfaa32b1f805b64510bdcc4a32b1f805b64510bdcfaa32b1f805b64510bdc83b72b1f805b645130dcfaa32b1f805b64510bdcfaa32b1f805b64510bdcfaa32b1f805b64510bdcfaa32b1f805b64510bdcfaa32b1f805b64510bdcfaa32b1f805b64510bdcfaa32b1f805b64510bdcfaa32b1f805b64510bdcfaa32b1f805b64510bdcd8a32b1f659564513b6ffaa3b91f805b81a55215
2026-10-02 19:13:34.526 [OP] 42CE inv=FFFB len=4 #2 c87f510b
2026-10-02 19:13:34.527 [OP] 4211 inv=FFF6 len=9 #5 aa5b6451a4a722a34a
2026-10-02 19:13:36.462 [OUT] 004E inv=FFFA len=9 #2 faff4e00e9580bdcae
2026-10-02 19:13:36.584 [OP] 4029 inv=FFDF len=32 #2 3ccdfc0b9625a32b1f805b644675dcfaa32b1f80137f510b8fc48f2b3f804064
2026-10-02 19:13:38.347 [OP] EFFE inv=FFFE len=1 #3 0b
2026-10-02 19:13:40.626 [OP] 4100 inv=FFF9 len=6 #2 05124f08dd7f
2026-10-02 19:13:40.744 [OUT] 1F51 inv=FFFF len=4 #4 ffff511f
2026-10-02 19:13:40.792 [OP] 4F52 inv=FFFF len=0 #4 
2026-10-02 19:13:40.959 [OP] 4101 inv=FC6D len=914 #2 a63bad809464510bdcfaa32bc8d97b81510bdcfaa32b1f805b64510bdcfaa32b1f805b64510bdcfa4d7c9d4e5b6441fddcfaa32b1f80a1d9510bdcfaa32b1f805b64510bdcfaf03bad80c464510bdcfaa32bf6455b645943dcfa83931f80807a510b155a4e78c8d97b81a552155ada2b1f807b81a5526f3016876c842d43900bdcfaa32b1f805b64df8766faa32b1f805b143b0bdcfaa32b1f805b64510bdcfa
2026-10-02 19:13:41.095 [OP] 46FE inv=FFFF len=0 #2 
2026-10-02 19:13:41.696 [OUT] 1001 inv=FFF9 len=10 #2 f9ff01101f805b64510b
2026-10-02 19:13:43.844 [OUT] 1005 inv=FFEF len=20 #2 efff0510a498f85305c75cdf0b0bd3c4a32b1f80
2026-10-02 19:13:44.030 [OP] 4110 inv=FFFD len=2 #5 4d2b
2026-10-02 19:13:48.256 [OP] 4114 inv=FFEF len=16 #1 b907c4647b98dcfa49281f806b64510b
2026-10-02 19:13:48.256 [OP] 4114 inv=FFEF len=16 #2 b907c4647b98dcfa31de1f80ba64510b
2026-10-02 19:13:48.256 [OP] 4114 inv=FFEF len=16 #3 b907c4647b98dcfa81241f805764510b
2026-10-02 19:13:50.803 [OUT] 1F51 inv=FFFF len=4 #5 ffff511f
2026-10-02 19:13:50.911 [OP] 4F52 inv=FFFF len=0 #5 
2026-10-02 19:13:55.469 [OUT] 1004 inv=FFF3 len=16 #3 f3ff04104d35665359c7c3642d0b59ae
2026-10-02 19:13:58.381 [OP] EFFE inv=FFFE len=1 #4 0b
2026-10-02 19:14:07.359 [OUT] 1004 inv=FFF3 len=16 #4 f3ff04104d35665359c7c3642d0b59ae
2026-10-02 19:14:08.397 [OP] EFFE inv=FFFE len=1 #5 0b
2026-10-02 19:14:11.407 [OP] 46FE inv=FFFF len=0 #3 
2026-10-02 19:14:14.842 [OP] 46E0 inv=FDF7 len=520 #1 3ccdfc0b6ffaa32b1207c464580bdcfa8c121f809464990bdc65392bd62f8823e67bbfc07d70598066b22b0bdcfae02b1ffac464510bdcfa392b9d798a1551b2815b7d35c0805b64510bdcfa462b1f801c6486b2db34a33b87562a6474d517254044fc807464510bdc08a32b53df0161fd0bdcfaa6b301ce0b472b0b6e10e02bc0f83f6179133dfa1f18f5ce75558bd05c9e49245848347f1d4ad49995a86d80
2026-10-02 19:14:14.953 [SETTLE] exp=2 gold=199368 len=403
2026-10-02 19:14:14.954 [OP] 472A inv=FE6C len=403 #3 b4b4de1fc75b64510bdcfaa32b1f805b64510bdce8a32b1f805b64510bdcfaa32b1f805b64510bdc83b72b1f805b645130dcfaa32b1f805b64510bdcfaa32b1f805b64510bdcfaa32b1f805b64510bdcfaa32b1f805b64510bdcfaa32b1f805b64510bdcfaa32b1f805b64510bdcfaa32b1f805b64510bdcfaa32b1f805b64510bdcfaa32b1f805b64510bdc13f82b1f265b64513b6ffaa38aca805bae580bdc
2026-10-02 19:14:14.954 [OP] 42CE inv=FFFB len=4 #3 c87f510b
2026-10-02 19:14:18.179 [OP] 4100 inv=FFF9 len=6 #3 051253ddad7f
2026-10-02 19:14:18.317 [OP] 4101 inv=FCA5 len=858 #3 55b252fadb2b1f805b64510b155a4e781f805b64510bdcfaa32b1f805b64510bdcfaa32b1f805b6441fd8b25a32be7ca5b64510bdcfa4d7c1f805b64510bdcfaa32b1f805b640db252fa392b1f805b64510bb2dca32bd13b5b64cb7fdcfa5acb1f807b81a552155a4e78c8d97b81530bdcfa4e78c8d995a9bc595ab12b2158805b64510bdcfaa32bca83c064510bdcfaa3ab8a805b64510bdcfaa32b1f805b64
2026-10-02 19:14:19.259 [OUT] 1001 inv=FFF9 len=10 #3 f9ff01101f805b64510b
2026-10-02 19:14:21.434 [OUT] 1005 inv=FFEF len=20 #3 efff0510a498f85305c75cdf0b0bd3c4a32b1f80
2026-10-02 19:14:30.055 [OUT] 1004 inv=FFF3 len=16 #5 f3ff04104d35665359c7c3642d0b59ae
2026-10-02 19:14:38.924 [SETTLE] exp=1 gold=199368 len=403
2026-10-02 19:14:38.924 [OP] 472A inv=FE6C len=403 #4 b4b4de1faa5b64510bdcfaa32b1f805b64510bdce8a32b1f805b64510bdcfaa32b1f805b64510bdc83b72b1f805b645130dcfaa32b1f805b64510bdcfaa32b1f805b64510bdcfaa32b1f805b64510bdcfaa32b1f805b64510bdcfaa32b1f805b64510bdcfaa32b1f805b64510bdcfaa32b1f805b64510bdcfaa32b1f805b64510bdcfaa32b1f805b64510bdceaf82b1fa595645185dcfaa3b91f805b81a55215
2026-10-02 19:14:39.021 [OP] 42CE inv=FFFB len=4 #4 c87f510b
2026-10-02 19:14:41.613 [OP] 46FE inv=FFFF len=0 #4 
2026-10-02 19:14:47.136 [OP] 4100 inv=FFF9 len=6 #4 05126cdd9f7f
2026-10-02 19:14:47.289 [OP] 4101 inv=FC6D len=914 #4 a63bad809464510bdcfaa32bc8d97b81510bdcfaa32b1f805b64510bdcfaa32b1f805b64510bdcfa4d7c9d4e5b6441fddcfaa32b1f80a1d9510bdcfaa32b1f805b64510bdcfaf03bad80c464510bdcfaa32bf6455b645943dcfa83931f80807a510b155a4e78c8d97b81a552155ada2b1f807b81a5526f3016876c842d43900bdcfaa32b1f805b64588766faa32b1f805b143b0bdcfaa32b1f805b64510bdcfa
2026-10-02 19:14:48.213 [OUT] 1001 inv=FFF9 len=10 #4 f9ff01101f805b64510b
2026-10-02 19:14:50.430 [OUT] 1005 inv=FFEF len=20 #4 efff0510a498f85305c75cdf0b0bd3c4a32b1f80
2026-10-02 19:14:58.816 [OP] 4114 inv=FFEF len=16 #4 b907c4647b98dcfaad281f806b64510b
2026-10-02 19:14:58.816 [OP] 4114 inv=FFEF len=16 #5 b907c4647b98dcfa47de1f80ba64510b
2026-10-02 19:15:11.872 [OP] 46FE inv=FFFF len=0 #5 
2026-10-02 19:15:12.325 [OP] 46E0 inv=FDF7 len=520 #2 3ccdfc0b6ffaa32bc687c464580bdcfaa24d1f809564510ba546822b00ce5b64510bdcfafd2b1f80648015277f8a54de2997f123f20834ca57f81f804037510be2c175135fdeef3edea391fad19720805b642b0bdcfa4e786b40cbec24a3fae0cd18f5ce5108d67f90faa32bca8005cd50e1410efa2b1f809564510b82e0df93a104fc7f24ac3dfa35571f805bb1510b2a8aafd934805b6469648ee01cb02080
2026-10-02 19:15:12.423 [SETTLE] exp=2 gold=199368 len=393
2026-10-02 19:15:12.423 [OP] 472A inv=FE76 len=393 #5 b4b4de1fc75b64510bdcfaa32b1f805b64510bdcc4a32b1f805b64510bdcfaa32b1f805b64510bdc83b72b1f805b645130dcfaa32b1f805b64510bdcfaa32b1f805b64510bdcfaa32b1f805b64510bdcfaa32b1f805b64510bdcfaa32b1f805b64510bdcfaa32b1f805b64510bdcfaa32b1f805b64510bdcfaa32b1f805b64510bdcfaa32b1f805b64510bdceaf82b1f659564513b6ffaa38aca805bef510bdc
2026-10-02 19:15:12.423 [OP] 42CE inv=FFFB len=4 #5 c87f510b
2026-10-02 19:15:14.444 [OUT] 004E inv=FFFA len=9 #3 faff4e00e9580bdcf4
2026-10-02 19:15:14.575 [OP] 4029 inv=FFDF len=32 #3 3ccdfc0b9625a32b1f805b646975dcfaa32b1f80067f510b8bc4872b05809564
2026-10-02 19:15:18.633 [OP] 4100 inv=FFF9 len=6 #5 0512ff08297f
2026-10-02 19:15:18.738 [OP] 4101 inv=FCA5 len=858 #5 55b252fadb2b1f805b64510b155a4e781f805b64510bdcfaa32b1f805b64510bdcfaa32b1f805b6441fd8b25a32be7ca5b64510bdcfa4d7c1f805b64510bdcfaa32b1f805b640db252fa392b1f805b64510bb2dca32bd13b5b64cb7fdcfa5acb1f807b81a552155a4e78c8d97b81530bdcfa4e78c8d995a9bc595ab12b2158805b64510bdcfaa32b1f83c064510bdcfaa3ab8a805b64510bdcfaa32b1f805b64
2026-10-02 19:15:19.695 [OUT] 1001 inv=FFF9 len=10 #5 f9ff01101f805b64510b
2026-10-02 19:15:21.941 [OUT] 1005 inv=FFEF len=20 #5 efff0510a498f85305c75cdf0b0bd3c4a32b1f80
2026-10-02 19:15:50.813 [SETTLE] exp=2 gold=199368 len=403
2026-10-02 19:16:21.597 [SETTLE] exp=2 gold=199368 len=393
2026-10-02 19:16:52.601 [SETTLE] exp=1 gold=199368 len=393
2026-10-02 19:17:31.403 [SETTLE] exp=1 gold=199368 len=393
2026-10-02 19:17:33.439 [OUT] 004E inv=FFFA len=9 #4 faff4e00e9580bdcf4
2026-10-02 19:17:33.537 [OP] 4029 inv=FFDF len=32 #4 3ccdfc0b9625a32b1f805b646975dcfaa32b1f80af7f510b8bc4872b6b809564
2026-10-02 19:18:01.366 [OP] 46E0 inv=FDF7 len=520 #3 3ccdfc0b6ffaa32b2e87c464580bdcfa724d1f8095647f0b56da20ced62f88231755c97ca330598066b22b0bdcfae02b77f0406f510bdcfadb2b6107eb21ac0b815b7d35c0805b64510bdcfa202b1f80c4640fd0abff732b87562a6462a6b3229c36fc802764510bdc08a32be2fc9e7f0b0bdcfacce5d3120b472b0b6e10e02b2c48adcda9c23dfad87fac126d8a7fb1c6d5783b0caff7261d4ad49995a86d80
2026-10-02 19:18:01.477 [SETTLE] exp=2 gold=199368 len=393
2026-10-02 19:18:24.269 [OP] F005 inv=FFE7 len=24 #5 26b35c3828d7fb2b1f805b64510bdcfaa3de1f80897e0f0c
2026-10-02 19:18:30.765 [SETTLE] exp=2 gold=199368 len=393
2026-10-02 19:19:24.340 [SETTLE] exp=1 gold=199368 len=393
2026-10-02 19:19:26.376 [OUT] 004E inv=FFFA len=9 #5 faff4e00e9580bdc22
2026-10-02 19:19:26.457 [OP] 4029 inv=FFDF len=32 #5 3ccdfc0bafc2a32b1f805b6439d5dcfaa32b1f80847f510b52c4f82bfa809464
2026-10-02 19:19:57.840 [OP] 46E0 inv=FDF7 len=520 #4 3ccdfc0b6ffaa32bb907c464580bdcfa724d1f809564510b037daf2bd62f8823437a66c026f1004f66b22b0bdcfae02b2997f123e6084225392b56cea196830be2c175133700c03edea391fad19720801c640e0b4f98232b2db3c364510b155a3d46a480ba080e7fdc08a32b9d809464490bdcfa3bf833ce0b472b0b6e10e02be88c2bddddcf8efa35571f808a8c8ad0dcfa4e78183f897f1d4ad49995a86d80
2026-10-02 19:19:57.945 [SETTLE] exp=1 gold=199368 len=403
2026-10-02 19:19:59.602 [OUT] 0048 inv=FFF7 len=12 #1 f7ff4800dcfaa32b1f1b9564
2026-10-02 19:19:59.674 [OP] 4721 inv=FFF7 len=8 #1 07c2392b1f1b9564
2026-10-02 19:20:25.995 [SETTLE] exp=1 gold=199368 len=393
2026-10-02 19:20:58.050 [SETTLE] exp=2 gold=199368 len=403
2026-10-02 19:21:46.063 [SETTLE] exp=2 gold=199368 len=393
2026-10-02 19:22:20.799 [SETTLE] exp=2 gold=199368 len=393
2026-10-02 19:22:59.093 [OP] 46E0 inv=FDF7 len=520 #5 3ccdfc0b6ffaa32b1207c464580bdcfaa24d1f804064c50b4b60db2bd62f8823f3ac90c090f2598066b2c80bdcfa9d2b3b9a9464a40bc2e8392b610787543b0bdcfaa32bc0805b6451d928f4232b1f801c640fd04c81612b875648647b13ccf40f8ed1805c0f80b1dc08a32ba82b9c7f830bdcfa1d38ac4f0b47c80b6e109d2b2cb65b6f438bc3fa2d87bbceb455add016e6537ceb489c7f1d4ad4999ba86d80
2026-10-02 19:22:59.191 [SETTLE] exp=1 gold=199368 len=393
2026-10-02 19:23:15.084 [QUESTION] {"type":"question","sock":2560,"qno":5,"field_a":85,"stem":"当红旗向东南飘动时，这时刮的是什么风","options":["1、龙卷风","2、西北风","3、台风","4、珠穆朗玛峰"]}
2026-10-02 19:23:16.100 [UI] auto dump on question qno=5
2026-10-02 19:23:16.101 [UI] ---- window dump begin (pid 19732) ----
2026-10-02 19:23:16.123 [UI] TOP=0095078C vis=1 cls=ATL:012FF210 rc=(162,43,1202,850) title=什么什么大冒险2(①逍遥村敬老院)-伏地魔3_Sep 24 2026《什么什么大冒险》制作委员会QQ群:515616289
2026-10-02 19:23:16.125 [UI] TOP=000A00F2 vis=0 cls=DIEmWin rc=(-1,-1,135,38) title=DIEmWin
2026-10-02 19:23:16.129 [UI] TOP=00070628 vis=0 cls=MSCTFIME UI rc=(0,0,0,0) title=MSCTFIME UI
2026-10-02 19:23:16.156 [UI] TOP=00170C52 vis=0 cls=IME rc=(0,0,0,0) title=Default IME
2026-10-02 19:23:16.156 [UI] TOP=001B0228 vis=0 cls=IME rc=(0,0,0,0) title=Default IME
2026-10-02 19:23:16.156 [UI] ---- window dump end ----
2026-10-02 19:23:17.165 [SEND-ANSWER] qno=5 opt=1 ret=13 sock=2560
2026-10-02 19:23:17.236 [SYS] 测试通过！
2026-10-02 19:23:17.335 [SYS] 获得了#00FF00#100#FFF692#金币
2026-10-02 19:23:17.335 [CURRENCY] a=199368 b=898482
2026-10-02 19:23:35.813 [SETTLE] exp=1 gold=199368 len=393
2026-10-02 19:24:05.003 [SETTLE] exp=1 gold=199368 len=393
2026-10-02 19:24:44.163 [SETTLE] exp=1 gold=199368 len=393
2026-10-02 19:25:13.299 [SETTLE] exp=2 gold=199368 len=393
2026-10-02 19:25:44.224 [SETTLE] exp=2 gold=199368 len=393
2026-10-02 19:26:13.063 [SETTLE] exp=2 gold=199368 len=393
2026-10-02 19:26:47.873 [SETTLE] exp=1 gold=199368 len=393
2026-10-02 19:27:27.873 [SETTLE] exp=2 gold=199368 len=393
2026-10-02 19:28:01.696 [SETTLE] exp=1 gold=199368 len=403
2026-10-02 19:28:34.862 [SETTLE] exp=2 gold=199368 len=393
2026-10-02 19:29:04.171 [SETTLE] exp=1 gold=199368 len=403
2026-10-02 19:29:36.845 [SETTLE] exp=2 gold=199368 len=393
2026-10-02 19:30:04.320 [SETTLE] exp=1 gold=199368 len=403
2026-10-02 19:30:34.761 [SETTLE] exp=1 gold=199368 len=393
2026-10-02 19:31:09.192 [SETTLE] exp=2 gold=199368 len=393
2026-10-02 19:31:43.906 [SETTLE] exp=1 gold=199368 len=393
2026-10-02 19:32:16.015 [SETTLE] exp=2 gold=199368 len=393
2026-10-02 19:32:43.208 [OUT] 1F04 inv=FFF6 len=13 #1 f6ff041fce1f805b6f510bdcfa
2026-10-02 19:32:51.217 [SETTLE] exp=1 gold=199368 len=393
2026-10-02 19:35:21.280 [SETTLE] exp=2 gold=199368 len=393
2026-10-02 19:35:21.280 [OP] 4707 inv=FFF3 len=12 #1 a63bad80a0ecfc0b17faa32b
2026-10-02 19:35:21.368 [OP] 4612 inv=FFF7 len=8 #3 ca805b64e38052fa
2026-10-02 19:35:58.227 [SETTLE] exp=2 gold=199368 len=393
2026-10-02 19:36:32.166 [SETTLE] exp=1 gold=199368 len=403
2026-10-02 19:36:32.264 [OP] 4707 inv=FFF3 len=12 #2 a63bad80c6ecfc0b17faa32b
2026-10-02 19:36:32.264 [OP] 4612 inv=FFF7 len=8 #4 ca805b64408052fa
2026-10-02 19:36:55.331 [SETTLE] exp=2 gold=199368 len=393
2026-10-02 19:37:14.482 [PIPE] controller disconnected
2026-10-02 19:37:23.713 [INIT] dll unloaded
2026-10-02 19:37:55.810 [INIT] dll loaded, pid=19732
2026-10-02 19:37:55.810 [INIT] codec loaded OK
2026-10-02 19:37:55.810 [INIT] iat hooks: recv=1 send=1 WSASend=1 connect=1 closesocket=1
2026-10-02 19:37:55.816 [OP] 4F52 inv=FFFF len=0 #1 
2026-10-02 19:37:59.572 [OP] EFFE inv=FFFE len=1 #1 0b
2026-10-02 19:38:05.826 [OUT] 1F51 inv=FFFF len=4 #1 ffff511f
2026-10-02 19:38:06.791 [PIPE] controller connected
2026-10-02 19:38:09.591 [OP] EFFE inv=FFFE len=1 #2 0b
2026-10-02 19:38:15.905 [OUT] 1F51 inv=FFFF len=4 #2 ffff511f
2026-10-02 19:38:15.963 [OP] 4F52 inv=FFFF len=0 #2 
2026-10-02 19:38:15.963 [OP] 4F52 inv=FFFF len=0 #3 
2026-10-02 19:38:23.777 [OP] 46FE inv=FFFF len=0 #1 
2026-10-02 19:38:25.982 [OUT] 1F51 inv=FFFF len=4 #3 ffff511f
2026-10-02 19:38:26.033 [OP] 4F52 inv=FFFF len=0 #4 
2026-10-02 19:38:28.878 [OP] F005 inv=FFE7 len=24 #1 24c812922d0ba32b1f805b64510bdcfaa32b5ebc840086b2
2026-10-02 19:38:28.961 [OP] F005 inv=FFE7 len=24 #2 24c812922d93a32b1f805b64510bdcfaa32b5ebc0b9be5fd
2026-10-02 19:38:32.228 [OP] F005 inv=FFE7 len=24 #3 26b35c3828d7512b1f805b64510bdcfaa32b5ebce8868fb2
2026-10-02 19:38:32.320 [OP] F005 inv=FFE7 len=24 #4 26b35c3828d7512b1f805b64510bdcfaa32b5ebce8868fb2
2026-10-02 19:38:33.353 [OP] F005 inv=FFE7 len=24 #5 26b35c3828d7fb2b1f805b64510bdcfaa32b5ebc1e698fb2
2026-10-02 19:38:36.047 [OUT] 1F51 inv=FFFF len=4 #4 ffff511f
2026-10-02 19:38:36.098 [OP] 4F52 inv=FFFF len=0 #5 
2026-10-02 19:38:46.144 [OUT] 1F51 inv=FFFF len=4 #5 ffff511f
2026-10-02 19:38:54.038 [OP] 46FE inv=FFFF len=0 #2 
2026-10-02 19:38:59.675 [OP] EFFE inv=FFFE len=1 #3 0b
2026-10-02 19:39:24.247 [OP] 46FE inv=FFFF len=0 #3 
2026-10-02 19:39:28.707 [OP] EFFE inv=FFFE len=1 #4 0b
2026-10-02 19:39:43.727 [OP] EFFE inv=FFFE len=1 #5 0b
2026-10-02 19:39:54.451 [OP] 46FE inv=FFFF len=0 #4 
2026-10-02 19:40:02.957 [OUT] 0022 inv=FFE6 len=29 #1 e6ff220022a6048479953c7d266664ee7c59aa00dd0d7cc6e0f8e6cae6
2026-10-02 19:40:03.006 [OP] 4610 inv=FFFE len=1 #1 5d
2026-10-02 19:40:03.963 [OUT] 0022 inv=FFE7 len=28 #2 e7ff220039b344ca94df879a9e536c0484c795a7a6a4059f2053dd64
2026-10-02 19:40:04.014 [OP] 4610 inv=FFFE len=1 #2 1f
2026-10-02 19:40:04.968 [OUT] 0022 inv=FFE7 len=28 #3 e7ff220039b344ca94df965d0c9f6c0484c795d663a4059f2053dd09
2026-10-02 19:40:05.017 [OP] 4610 inv=FFFE len=1 #3 ec
2026-10-02 19:40:05.965 [OUT] 0022 inv=FFE7 len=28 #4 e7ff220039b344ca94dfb0b3946e6c0484c795d6c1a4059f2053ddbd
2026-10-02 19:40:06.019 [OP] 4610 inv=FFFE len=1 #4 68
2026-10-02 19:40:06.963 [OUT] 0022 inv=FFE7 len=28 #5 e7ff220039b344ca94df43d7386e6c0484c795d6c1a4059f2053ddbd
2026-10-02 19:40:07.017 [OP] 4610 inv=FFFE len=1 #5 cf
2026-10-02 19:40:08.134 [OP] 4100 inv=FFF9 len=6 #1 05122af119d0
2026-10-02 19:40:08.135 [OP] 4101 inv=FE3B len=452 #1 b907c4640e0bdcfaa32b1f807b81a552dcfaa32b1f805b64510bdcfaa32b1f805b64510bdcfaa32be7ca9426510bf453a32b1f805b642527dcfaa32b1f805b64510bdcfaa32bb507c464fc0bdcfaa32b1f808637510b780fa32b482b5b649205dcfa4e78c8d97b81a552155a4e781a805b64a552155af8ed1c48bd42804ddcfaa32b1f805b64510bdc02b72b1f805b6451ccfafaa32b1f805b64510bdcfaa32b
2026-10-02 19:40:09.202 [OUT] 1001 inv=FFF9 len=10 #1 f9ff01101f805b64510b
2026-10-02 19:40:09.346 [OP] 4108 inv=FFE3 len=28 #1 b907c464510bdcfa4d531f80d8f8510bce40515d1f805b64510bdcfa
2026-10-02 19:40:09.444 [OP] 4108 inv=FFE3 len=28 #2 b907c464510bdcfa22531f80d8f8510bce40515d1f805b64510bdcfa
2026-10-02 19:40:09.444 [OP] 4108 inv=FFF3 len=12 #3 07c2392b1f805b64580bdcfa
2026-10-02 19:40:09.444 [OP] 4108 inv=FFF3 len=12 #4 07c2392b1f805b640e0bdcfa
2026-10-02 19:40:09.445 [OP] 4108 inv=FFE3 len=28 #5 b907c464510bdcfa61531f80bbf8510bddc4a32b1f805b64510bdcfa
2026-10-02 19:40:09.445 [OP] 4104 inv=FFFB len=4 #1 86d31faa
2026-10-02 19:40:09.445 [OP] 4104 inv=FFFB len=4 #2 86d31fc7
2026-10-02 19:40:09.445 [OP] 4104 inv=FFFB len=4 #3 33521f10
2026-10-02 19:40:09.445 [OP] 4104 inv=FFFB len=4 #4 68521fca
2026-10-02 19:40:09.445 [OP] 4104 inv=FFFB len=4 #5 dd081fc6
2026-10-02 19:40:11.277 [OP] 4105 inv=FFFE len=1 #1 3d
2026-10-02 19:40:11.374 [OP] 4105 inv=FFFE len=1 #2 af
2026-10-02 19:40:11.374 [OP] 4105 inv=FFFE len=1 #3 c0
2026-10-02 19:40:11.758 [OP] 4109 inv=FFB7 len=72 #1 b907c464517f6fc4a32b1f805b64510b07faa32bcac65b6487b1dcfa40ce1f806edf0e0b07faa32b39125b640eec02faa32b1f805b6453718222a32b39125b64080b02faa32b1f1c
2026-10-02 19:40:11.854 [OP] 4105 inv=FFFE len=1 #4 7f
2026-10-02 19:40:11.854 [OP] 4106 inv=FFFD len=2 #1 f893
2026-10-02 19:40:11.854 [OP] 4105 inv=FFFE len=1 #5 ec
2026-10-02 19:40:11.854 [OP] 4106 inv=FFFD len=2 #2 a353
2026-10-02 19:40:11.854 [OP] 4111 inv=FFFD len=2 #1 9564
2026-10-02 19:40:13.345 [OP] 4109 inv=FEDF len=288 #2 07c2392bca801c26510bdcfaa32b1f809564510b52fa454aad80eb26b20b90faf82b1f80d1f1510b8be8612b1faa5b6451ecdcfa4b531f80ec64510bdcfaa32b1f805b64580bdcfa71bb1f801cf8310bdcfaa32b1faa5b64580bdcfa71bb1f801cf82d0bdcfaa32b1f805b64580bdcfa71bb1f801cf8410bdcfaa32b1f079564b108dcfa71bb1f801c643b0bdcc4a32b23aa5b640f1654e0a32b1f803000510b
2026-10-02 19:40:13.439 [OP] 4111 inv=FFFD len=2 #2 9464
2026-10-02 19:40:20.601 [OP] 4106 inv=FFFC len=3 #3 b4f853
2026-10-02 19:40:20.736 [OP] 4109 inv=FF13 len=236 #3 07c2392bca80c47f510bdcfaa32b1f809564510b52fa454aad80eb26b20b90faf82b1f80d1f1510b8be8612b1faa5b64519171f44b531f80ec64510bdcfaa32b1f805b64580bdcfa71bb1f801cf87b0bdcfaa32b1f805b64580bdcfa71bb1f801cf8410bdcfaa32b1f8095dfb108dcfa71bb1f801c643b0bdcc4a32b23aa5b640f1654e0a32b1f803000510b7d25a32bb64e5b64b20b5efaa3931f80e5df510b
2026-10-02 19:40:20.866 [OP] 4106 inv=FFFD len=2 #4 f893
2026-10-02 19:40:20.866 [OP] 4111 inv=FFFD len=2 #3 9464
2026-10-02 19:40:23.260 [OP] 4109 inv=FF4B len=180 #4 3ccdfc0b6ffaf8931f805b64510bdcfa08931f80c464a00b52fa052bad809564ed7fdcfa89ce1f80c4df410bdcc4a32b1f52f42677ecdcfa802b1f805b64510bdcfaa32b1aef5b6461d5dcfa392be7805bdf510b05c4a32b1f805b64510bdcfaa32b1f80356f510ba9e0a32bad80a16451b1dcfa27931f80a8df510bdcfaa32b1f805b64957fdcfaa32b1f805b64510bdcfaa32b44aa5b647f0bdcfaa32b1f80
2026-10-02 19:40:23.353 [OP] 4111 inv=FFFD len=2 #4 9564
2026-10-02 19:40:24.765 [OP] 46FE inv=FFFF len=0 #5 
2026-10-02 19:40:29.624 [OP] 4106 inv=FFFC len=3 #5 b4f893
2026-10-02 19:40:29.811 [OP] 4109 inv=FFAB len=84 #5 a63bad80956458ecdc02a32b1f805b64ed7fdcfa392b5580c464a00b52fadb2bc1c75b646dc4dcfa3993c7805bdf510bdc53a32b92aa5b645c0bdcfaa32b1f805b64510b37aea32bfd4f5b64080b5efaa32b1f80
2026-10-02 19:40:29.915 [OP] 4111 inv=FFFD len=2 #5 9464
2026-10-02 19:40:38.362 [OUT] 1005 inv=FFEF len=20 #1 efff0510a498f85305c75cdf0b0bd3c4a32b1f80
2026-10-02 19:40:38.555 [OP] 4110 inv=FFFD len=2 #1 4d2b
2026-10-02 19:40:39.121 [OUT] 1004 inv=FFF3 len=16 #1 f3ff04104d35665359c7c3642d0b59ae
2026-10-02 19:40:39.257 [OP] 4110 inv=FFFD len=2 #2 b72b
2026-10-02 19:40:40.014 [OUT] 1005 inv=FFEF len=20 #2 efff0510047fb8534dc75cdf0b0bd3c4a32b1f80
2026-10-02 19:40:40.015 [OUT] 1004 inv=FFF3 len=16 #2 f3ff04104d35665359c7c3642d0b59ae
2026-10-02 19:40:40.365 [OP] 4110 inv=FFFD len=2 #3 4d53
2026-10-02 19:40:40.365 [OP] 4110 inv=FFFD len=2 #4 b753
2026-10-02 19:40:40.379 [OUT] 1004 inv=FFF3 len=16 #3 f3ff04104d35665359c7c3642d0b59ae
2026-10-02 19:40:40.458 [OP] 4110 inv=FFFD len=2 #5 b753
2026-10-02 19:40:42.981 [OUT] 1004 inv=FFF3 len=16 #4 f3ff04104d35665359c7c3642d0b59ae
2026-10-02 19:40:45.837 [OP] 4112 inv=FFFD len=2 #1 6fc4
2026-10-02 19:40:45.837 [OP] 4112 inv=FFFD len=2 #2 90c4
2026-10-02 19:40:45.848 [OUT] 1004 inv=FFF3 len=16 #5 f3ff04104d35665359c7c3642d0b59ae
2026-10-02 19:40:50.277 [OP] 46E0 inv=FDF7 len=520 #1 3ccdfc0b6ffaa32b1207c464580bdcfa44661f805b64a5522fa7202bd62f8823437a66c0fd06ad8066b22b0bdcfae02bd18d4064510bdcfa392b56ce7bf0fc0b815b7d3569805b64510bdcfa312b1f801c640e0b1521392b8b562a6474616aae3d46a480a964510bdc08a32bc078f77f490bdcfa35f62b4e0b472b0be2c17513cd00c03e093fb053d19720805b642b0bd0bc4a7c183f897f0e0b8b5ba340ad80
2026-10-02 19:40:50.369 [SETTLE] exp=2 gold=199368 len=393
2026-10-02 19:40:50.371 [OP] 472A inv=FE76 len=393 #1 b4b4de1fc75b64510bdcfaa32b1f805b64510bdcc4a32b1f805b64510bdcfaa32b1f805b64510bdce1b72b1f805b645130dcfaa32b1f805b64510bdcfaa32b1f805b64510bdcfaa32b1f805b64510bdcfaa32b1f805b64510bdcfaa32b1f805b64510bdcfaa32b1f805b64510bdcfaa32b1f805b64510bdcfaa32b1f805b64510bdcfaa32b1f805b64510bdc5a4e78c8265b645185dcfaa378c8d97b81a55215
2026-10-02 19:40:50.371 [OP] 42CE inv=FFFB len=4 #1 c87f510b
2026-10-02 19:40:50.371 [OP] 4211 inv=FFF6 len=9 #1 aa5b645140a722a34a
2026-10-02 19:40:50.371 [OP] 4211 inv=FFF6 len=9 #2 aa5b6451a4a722a34a
2026-10-02 19:40:52.402 [OUT] 004E inv=FFFA len=9 #1 faff4e00e9580bdcf4
2026-10-02 19:40:52.608 [OP] 4029 inv=FFDF len=32 #1 3ccdfc0bafc2a32b1f805b646975dcfaa32b1f80a97f510b8bc4872ba9809464
2026-10-02 19:40:56.587 [OP] 4100 inv=FFF9 len=6 #2 0512f3d901b1
2026-10-02 19:40:56.691 [OP] 4101 inv=FE3B len=452 #2 b907c4640e0bdcfaa32b1f807b81a552dcfaa32b1f805b64510bdcfaa32b1f805b64510bdcfaa32be7ca9426510bf453a32b1f805b642527dcfaa32b1f805b64510bdcfaa32bb507c464fc0bdcfaa32b1f808637510b780fa32b482b5b649205dcfa4e78c8d97b81a552155a4e781a805b64a552155af8ed1c48bd42804ddcfaa32b1f805b64510b4e02b72b1f805b6451ccfafaa32b1f805b64510bdcfaa32b
2026-10-02 19:40:57.670 [OUT] 1001 inv=FFF9 len=10 #2 f9ff01101f805b64510b
2026-10-02 19:40:59.853 [OUT] 1005 inv=FFEF len=20 #3 efff0510a498f85305c75cdf0b0bd3c4a32b1f80
2026-10-02 19:41:05.027 [OP] 4112 inv=FFFD len=2 #3 90c4
2026-10-02 19:41:12.151 [OP] 4112 inv=FFFD len=2 #4 6fc4
2026-10-02 19:41:15.706 [SETTLE] exp=2 gold=199368 len=393
2026-10-02 19:41:15.708 [OP] 472A inv=FE76 len=393 #2 b4b4de1fc75b64510bdcfaa32b1f805b64510bdce8a32b1f805b64510bdcfaa32b1f805b64510bdce1b72b1f805b645130dcfaa32b1f805b64510bdcfaa32b1f805b64510bdcfaa32b1f805b64510bdcfaa32b1f805b64510bdcfaa32b1f805b64510bdcfaa32b1f805b64510bdcfaa32b1f805b64510bdcfaa32b1f805b64510bdcfaa32b1f805b64510bdc5a4e78c8265b645185dcfaa378c8d97b81a55215
2026-10-02 19:41:15.802 [OP] 42CE inv=FFFB len=4 #2 c87f510b
2026-10-02 19:41:15.803 [OP] 4211 inv=FFF6 len=9 #3 aa5b645140a722a34a
2026-10-02 19:41:15.803 [OP] 4211 inv=FFF6 len=9 #4 aa5b6451a4a722a34a
2026-10-02 19:41:18.914 [OP] 4100 inv=FFF9 len=6 #3 0512433759c4
2026-10-02 19:41:18.915 [OP] 4101 inv=FE3B len=452 #3 b907c4640e0bdcfaa32b1f807b81a552dcfaa32b1f805b64510bdcfaa32b1f805b64510bdcfaa32be7ca9426510bf453a32b1f805b642527dcfaa32b1f805b64510bdcfaa32bb507c464fc0bdcfaa32b1f808637510b780fa32b482b5b649205dcfa4e78c8d97b81a552155a4e781a805b64a552155af8ed1c48bd42804ddcfaa32b1f805b64510bdc02b72b1f805b6451ccfafaa32b1f805b64510bdcfaa32b
2026-10-02 19:41:20.002 [OUT] 1001 inv=FFF9 len=10 #3 f9ff01101f805b64510b
2026-10-02 19:41:22.128 [OUT] 1005 inv=FFEF len=20 #4 efff0510a498f85305c75cdf0b0bd3c4a32b1f80
2026-10-02 19:41:28.717 [OP] 4112 inv=FFFD len=2 #5 6fc4
2026-10-02 19:41:39.354 [SETTLE] exp=1 gold=199368 len=393
2026-10-02 19:41:39.354 [OP] 472A inv=FE76 len=393 #3 b4b4de1faa5b64510bdcfaa32b1f805b64510bdce8a32b1f805b64510bdcfaa32b1f805b64510bdce1b72b1f805b645130dcfaa32b1f805b64510bdcfaa32b1f805b64510bdcfaa32b1f805b64510bdcfaa32b1f805b64510bdcfaa32b1f805b64510bdcfaa32b1f805b64510bdcfaa32b1f805b64510bdcfaa32b1f805b64510bdcfaa32b1f805b64510bdc5a4e78c8265b64513b6ffaa378c8d97b81a55215
2026-10-02 19:41:39.354 [OP] 42CE inv=FFFB len=4 #3 c87f510b
2026-10-02 19:41:39.445 [OP] 4211 inv=FFF6 len=9 #5 aa5b645140a722a34a
2026-10-02 19:41:41.376 [OUT] 004E inv=FFFA len=9 #2 faff4e00e9580bdcae
2026-10-02 19:41:41.468 [OP] 4029 inv=FFDF len=32 #2 3ccdfc0bafc2a32b1f805b640075dcfaa32b1f80137f510b8fc48f2b2a804064
2026-10-02 19:41:49.000 [OP] 4100 inv=FFF9 len=6 #4 0512d67a02c4
2026-10-02 19:41:49.134 [OP] 4101 inv=FE03 len=508 #4 55b252fadb2b1f805b64510b155a4e781f805b64510bdcfaa32b1f805b64510bdcfaa32b1f805b6441fd90aea32b94105b64510bdcfa04bb1f805b64510bdcfaa32b1f805b64d7b252fa392b1f805b64510bb2dca32be8305b640464dcfad2881f807b81a552155a4e78c8d97b81530bdcfa4e78c8d995b0bc595ab12b211f805b64510bdcfaa32b1fe72764510bdcfaa38e3c805b64510bdcfaa32b1f805b64
2026-10-02 19:41:50.083 [OUT] 1001 inv=FFF9 len=10 #4 f9ff01101f805b64510b
2026-10-02 19:41:56.784 [OUT] 1005 inv=FFEF len=20 #5 efff05100ee9b8534dc75cdf0b0bd3c4a32b1f80
2026-10-02 19:42:14.028 [SETTLE] exp=2 gold=199368 len=393
2026-10-02 19:42:14.029 [OP] 472A inv=FE76 len=393 #4 b4b4de1fc75b64510bdcfaa32b1f805b64510bdcc4a32b1f805b64510bdcfaa32b1f805b64510bdce1b72b1f805b645130dcfaa32b1f805b64510bdcfaa32b1f805b64510bdcfaa32b1f805b64510bdcfaa32b1f805b64510bdcfaa32b1f805b64510bdcfaa32b1f805b64510bdcfaa32b1f805b64510bdcfaa32b1f805b64510bdcfaa32b1f805b64510bdc5a4e78c8a59564517a90faa3f659805b81a55215
2026-10-02 19:42:14.120 [OP] 42CE inv=FFFB len=4 #4 c87f510b
2026-10-02 19:42:22.517 [OUT] 0049 inv=FFEC len=23 #1 ecff49002b1f805b64510bdc5a4e78c8805b64510b68c4
2026-10-02 19:42:22.621 [OP] 4707 inv=FFF3 len=12 #1 a63bad803ccdfc0b17faa32b
2026-10-02 19:42:22.649 [OP] 40E0 inv=FED1 len=302 #1 55b252fa2a7c1f805b64510bfbfaa32b1f805b64a9fddcfaa32b1f8080df510bdcfaa32b46455b64fc0bdcfa392b1f804864510ba7e8a32bad805b64b2ecdcfa082b1f80addf510bb6e8a32bad805b644e80dcfa53531f805764510b13c4a32bc74e5b64d4ecdcfae62b1f800d64510b8ffaa32b1f805b64510bdcfaa32b1f805b64510bdcfaa32b1f805b64430bdcfaa32b1f805b64510bdcfaa32b1f805b64
2026-10-02 19:42:22.650 [OP] 40E3 inv=FFCF len=48 #1 b907c464af52155ac32bfd804764610bdefaf82babaa956490ecfafabf5384809fdf0b0b0022462b01cec464edd052fa
2026-10-02 19:42:22.650 [OP] 40E2 inv=FFF3 len=12 #1 3ccdfc0b6ffaf82b45809564
2026-10-02 19:42:22.650 [OP] 4232 inv=FF60 len=159 #1 c8afd0dce0a32b1f4f5b645127dcfaa3de1f805b6f510bdc1c462b1f805b64510bdcfaa32b1f805b64510bdcfaa32b1f805b64510bdcfaa3599d805b64510bdcb7f82b1f805b6451fb8bfaa32b1f805b4e580bdcfaa32b1f227a64517f52faa3edad805b7c510bdc25a32b1fef5b6451c4dcfaa3d4ad805bbc510bdc6ba32b1f0a5b64510bdcfaa32cd672eca2d661e2b05b931f805b64510bdcfaa32b1f80
2026-10-02 19:42:22.650 [OP] 4232 inv=FF60 len=159 #2 c8afd0dcaea32b1f8c5b6451fddcfaa3421f805b53510bdca5202b1f805b64510bdcfaa32b1f805b64510bdcfaa32b1f805b64510bdcfaa37834805b64510bdc6a392b1f805b6451c66afaa32b1f805b24b20bdcfaa32b1f9a236451ae52faa3b834805b0d510bdcbaa32b1fef5b6451c4dcfaa3db34805b02510bdceda32b1fd35b64510bdcfaa32cd672eca2d62ce2b05bde1f805bdf510bdcfaa32b1f80
2026-10-02 19:42:22.650 [OP] 4232 inv=FF60 len=159 #3 c8afd0dccaa32b1fc65b645144dcfaa3581f805b53510bdcc5312b1f805b64510bdcfaa32b1f805b64510bdcfaa32b1f805b64510bdcfaa31bf3805b64510bdcd4202b1f805b645151a7faa32b1f805b42830bdcfaa32b1fe67a6451bc52faa33f8a805b54580bdc65a32b1fef5b6451c4dcfaa327f3805b0b510bdc3ddb2b1f239564510bdcfaa32cd6725aaed6de49b05bceca8095f8510bdcfaa32b1f80
2026-10-02 19:42:22.650 [OP] 4020 inv=FFE7 len=24 #1 55b252facd2bca8094cdfc0bc740a32bca809564450b31fa
2026-10-02 19:42:22.650 [OP] 4202 inv=FFEF len=16 #1 230bdcfaa32b1f800ea9510b4a5ba32b
2026-10-02 19:42:22.650 [OP] 4055 inv=FFF7 len=8 #1 3ccdfc0bdcfaa32b
2026-10-02 19:42:22.650 [OP] 4613 inv=FFBE len=65 #1 c49c1c10aa4064291790104263bc7913195826e3c4a646d741550758ec6fc4a32bcaaa9564e55d4a300253ab80949beb0b52faf82b1f7926b35c3828d7972b1f80
2026-10-02 19:42:22.650 [OP] 40A0 inv=FCAF len=848 #1 3ccdfc0ba95ddb2bcdc75b647dd0dcfadb4a3826f012510bdcfaa32b1f805b64510bdcfaa32b1f805b64510bdcfaa32b1f805b64510bdcfaa32b1f80a237d475f6dcd62402c75b6440ecdcfadb4a3268bef22e60dcfaa32b1f805b64510bdcfaa32b1f805b64510bdcfaa32b1f805b64510bdcfaa32b1f80b7a9a675d2308f24f4c75b64d4c4dcfadb4a7caf33b4303ccdb38023db065b64510bdcfaa32b1f80
2026-10-02 19:42:22.650 [OP] 4613 inv=FBA7 len=1112 #2 e76f343258d5dc0597882eaa6919c05390a5b553bf3195f4e0ec6fc4f82b1faa95df51bb6d755f51ca105bf8a67fdc5ba3531f80c3ead9fbd85f41611f805bcc8b6d8922209342508c9c80ad6a0a9a0d4fa9d6df8c99102ef853caaa956451ec6fc4a3298017ba9658fddce84a691f795bdf510be6979e9ed805ad64510b9e6c8723ad4f1cca7a75b2b9f8f1507995f4d1ecd5e11a946230555358ec6fc4a32b
2026-10-02 19:42:22.667 [OUT] 0185 inv=FFF7 len=12 #1 f7ff8501dcfaa32bc8d97b81
2026-10-02 19:42:22.668 [OUT] 0045 inv=FFF7 len=12 #1 f7ff4500510bdcfa972b1f80
2026-10-02 19:42:23.042 [OP] 4025 inv=FFF5 len=10 #1 97533832c4df51ece2fa
2026-10-02 19:42:23.155 [OUT] 0135 inv=FFF7 len=12 #1 f7ff3501dcfaa32bc9805b64
2026-10-02 19:42:23.162 [OUT] 0135 inv=FFF7 len=12 #2 f7ff3501dcfaa32ba0805b64
2026-10-02 19:42:23.188 [OUT] 0135 inv=FFF7 len=12 #3 f7ff3501dcfaa32b13805b64
2026-10-02 19:42:23.245 [OP] 42A7 inv=FEE6 len=281 #1 7c6b7f51bcdcfaa31831d3c20133340c33509e31d3c2019ff0dcfaa32b1f805b64510bdcfaa32b31d35b64510bdcfa04181f805bfc250befa9a32b1f805b642564dcfa04e91f80c201510bcdfaa32b88805b64510bdcfa8b311f80acfb510bdcfc0418277e5b643334dcfa04e91f7e3efc251939fc10e972c15b649f0b39fc102b1f805bfc25190c33a32b1f803efc5119cd8aa32b272bc2ca510bdcfc042b27
2026-10-02 19:42:23.344 [OP] 42A7 inv=FEE6 len=281 #2 7c6b7f518adcfaa31831d3c20133340c33509e31d3c2019ff0dcfaa32b1f805b64510bdcfaa32b31d35b64510bcd8a0418272b5b64510befa9a32b1f7eacfb9f64cd8a042b1f80c201510b398a0418407eacfb9f64dcfa8b311f7e3e645164398aa32b272b3e643334dc8aa32b1f803e64510bdcfc102b72c15bfb510bdcfa102b1f805bfc9f0b0c33a3181f805bfc2564dcfaa3e9278063ca5119dcfa041827
2026-10-02 19:42:23.344 [OP] 42A7 inv=FEE6 len=281 #3 7c6b7f5102dcfaa31831d3c20133340c33509e31d3c2019ff0dcfaa32b1f805b64510bdcfaa32b31d35b64510bdcfa04181f805bfc250befa9a32b1f805b642564dcfa04e91f80c201510bcdfaa32b88805b64510bdcfa8b311f80acfb510bdcfc0418277e5b643334dcfa04e91f7e3efc251939fc10e972c15b649f0b39fc102b1f805bfc25190c33a32b1f803efc5119cd8aa32b272bc2ca510bdcfc042b27
2026-10-02 19:42:23.548 [OP] 4613 inv=FFC1 len=62 #3 ca9524af58d5a7a5a693ca9a95de687f6fc4cc99597c52f87a8590c4f853ca805bdf58ecdc8c0dd484b39581510b52faa34a1f805b64b2f22a386e2b1f80
2026-10-02 19:42:26.656 [OP] 47C0 inv=FFF3 len=12 #1 0253ca2646d958d0d0c5dd0c
2026-10-02 19:42:27.664 [OP] 47C0 inv=FFF3 len=12 #2 0253ca2646d958ec04ec0a4c
2026-10-02 19:42:28.617 [OP] 47C0 inv=FFF3 len=12 #3 0253ca2646d958eccc28e86b
2026-10-02 19:42:29.615 [OP] 47C0 inv=FFF3 len=12 #4 0253ca2646d958ec32b90bc7
2026-10-02 19:42:29.964 [OP] 47C0 inv=FFF3 len=12 #5 0253ca6f03cd587538521a68
2026-10-02 19:42:30.670 [OP] 4612 inv=FFF7 len=8 #1 ca805b64766d52fa
2026-10-02 19:42:32.078 [OP] 4613 inv=FFBE len=65 #4 c40a1c10aa4064291790104223f31c75df84cf6fb4a06df1c7550758ec6fc4a32bcaaa9564e55d4a300253ab809496b30be6faf82b1f7926b35c3828d7e62b1f80
2026-10-02 19:42:42.627 [OP] 4613 inv=FFBA len=69 #5 dfb82fe7c4202b383fc3dc0259585b960e62830ff8cdcf6fb4a0d47079af8a83ec6fc4f82b1faa95df51bb6d755f51ca1e5bf8510bdce8a3531f804040986c2ab7d62b1f80
2026-10-02 19:42:55.346 [OP] 4612 inv=FFF7 len=8 #2 ca805b64d7b252fa
2026-10-02 19:42:58.951 [OP] 4612 inv=FFF7 len=8 #3 ca805b64b1d290fa
2026-10-02 19:42:59.453 [OP] 4612 inv=FFF7 len=8 #4 ca805b640db252fa
2026-10-02 19:43:02.420 [OUT] 1F01 inv=FF87 len=124 #1 87ff011fe85f4f75c4646f664bb92da22862e2f2e1e957b9f2a24f6c3e6a6fe94bb92da2fc6ce26ae1e957b9f2a24f6c3e6a6fe94bb92da2fc6ce26ae1e957b9f2a24f6c3e6a6fe94bb92da2fc6ce26ae1e957b9f2a24f6c3e6a6fe94bb92da2fc6ce26ae1e957b9f2a24f6c3e6a6fe94bb92da2fc6ce26ae1e957b9
2026-10-02 19:43:02.544 [CLOSE] main sock 2560 closed
2026-10-02 19:43:03.738 [CLOSE] main sock 4294967295 closed
2026-10-02 19:43:04.017 [CLOSE] main sock 4294967295 closed
2026-10-02 19:43:16.124 [PIPE] controller disconnected
2026-10-02 19:43:29.910 [CLOSE] main sock 4294967295 closed
2026-10-02 19:43:29.910 [CLOSE] main sock 4294967295 closed
2026-10-02 19:43:29.970 [INIT] dll unloaded
