2026-10-01 18:17:15.091 [INIT] dll loaded, pid=35260
2026-10-01 18:17:15.093 [INIT] codec loaded OK
2026-10-01 18:17:15.093 [INIT] iat hooks: recv=1 send=1 WSASend=1 connect=1 closesocket=1
2026-10-01 18:17:19.539 [PIPE] controller connected
2026-10-01 18:17:21.892 [OP] EFFE inv=FFFE len=1 #1 0b
2026-10-01 18:17:22.782 [OP] 4F52 inv=FFFF len=0 #1 
2026-10-01 18:17:32.860 [OP] 4F52 inv=FFFF len=0 #2 
2026-10-01 18:17:34.209 [OP] 46FE inv=FFFF len=0 #1 
2026-10-01 18:17:41.922 [OP] EFFE inv=FFFE len=1 #2 0b
2026-10-01 18:17:42.906 [OP] 4F52 inv=FFFF len=0 #3 
2026-10-01 18:17:44.328 [OP] 4613 inv=FFBF len=64 #1 f86482b79508512607e8f8c1ca5551f858ec59acdbb319c755ef0eec6fc4f82b1faa95df510ae6602251ca2a5b64a45ddcf4a3531f8040ef555c8aa2512b1f80
2026-10-01 18:17:44.448 [OP] F005 inv=FFE7 len=24 #1 24c812922d0ba32b1f805b64510bdcfaa3ce7d805b64510b
2026-10-01 18:17:44.549 [OP] F005 inv=FFE7 len=24 #2 24c812922d0ba32b1f805b64510bdcfaa32b5ebc5746e5fd
2026-10-01 18:17:44.643 [OP] F005 inv=FFE7 len=24 #3 24c812922d0ba32b1f805b64510bdcfaa3ce7d805b64510b
2026-10-01 18:17:52.901 [OP] 4613 inv=FFC0 len=63 #2 531d1674df0b0b1db4db53ca5551f858ec59acdbb319c755ef0eec6fc4f82b1faa95df5173e6fe2251ca505b64510bdcf4a3531f8040ef555c8aa2fb2b1f80
2026-10-01 18:17:53.955 [OP] 4F52 inv=FFFF len=0 #4 
2026-10-01 18:17:54.947 [OP] EFFE inv=FFFE len=1 #3 0b
2026-10-01 18:17:55.814 [OP] 43F1 inv=FFFA len=5 #1 b4b4de1faa
2026-10-01 18:17:55.899 [OP] 4704 inv=FFDE len=33 #1 a4a722a3b3f3ce5b64510bdcfaa32b1f3cc83369938cc3a32b1f805b64510bdcfa
2026-10-01 18:18:03.360 [SYS] 与邀请者之间有障碍。
2026-10-01 18:18:04.423 [OP] 4F52 inv=FFFF len=0 #5 
2026-10-01 18:18:04.514 [OP] 46FE inv=FFFF len=0 #2 
2026-10-01 18:18:06.855 [OP] 47C0 inv=FFD8 len=39 #1 b39526557cc6c44631840f192e8ffd6ff4a67cc9fc26da31ec8b1961a3016badd958b1389f3dff
2026-10-01 18:18:06.855 [OP] 47C0 inv=FFE1 len=30 #2 0faac42e8ffd6ff4a67cc9fc26da31ec8b1961a3016badd958b1389f3dff
2026-10-01 18:18:06.855 [OP] 47C0 inv=FFEA len=21 #3 51cac726da31ec8b1961a3016badd958b1389f3dff
2026-10-01 18:18:06.855 [OP] 47C0 inv=FFF3 len=12 #4 0253ca6badd958b1389f3dff
2026-10-01 18:18:07.854 [OP] 47C0 inv=FFD8 len=39 #5 b39526557cc6c420f1f355192e8ffd6ff4e8c438fc26da31ec8bb4b750016badd958b16e9ff1ff
2026-10-01 18:18:11.971 [OP] EFFE inv=FFFE len=1 #4 0b
2026-10-01 18:18:21.320 [SYS] 你所邀请的对象已经在另外一个队伍里，无法接受你的邀请。
2026-10-01 18:18:22.705 [OP] 4610 inv=FFFE len=1 #1 a9
2026-10-01 18:18:22.988 [OP] EFFE inv=FFFE len=1 #5 0b
2026-10-01 18:18:23.654 [OP] 4610 inv=FFFE len=1 #2 a9
2026-10-01 18:18:24.752 [SYS] 你所邀请的对象已经在另外一个队伍里，无法接受你的邀请。
2026-10-01 18:18:26.919 [OP] 401B inv=FEB3 len=332 #1 f03bad800d64510b17faa32bb907c464530bdcfa972b1f8099d9510bdcfaa32b53ca5b64510bdcfa5a531f805b64510b9bc4a32b1f805b64bc595ab12b21ab805b64510bdcfaa32b1f03937ad7b252fada2b1f804964510bf453a32b1f805b64820cdcfaa32b1f803f08510bdcfaa32b5b4f5b64510bdcfa16876c842d43510bdcfaa32b1f805b6451a690fae45dad80c564510b6dfaa32b2dce5b64510bdcfa
2026-10-01 18:18:34.673 [OP] 46FE inv=FFFF len=0 #3 
2026-10-01 18:18:37.755 [OP] 4100 inv=FFF9 len=6 #1 10aac626fb27
2026-10-01 18:18:37.846 [OP] 4101 inv=FBFD len=1026 #1 0db252fadb2b1f805b64510b155a4e781f805b64510bdcfaa32b1f805b64510bdcfaa32b1f805b647c448b53a32bc0ce5b64510bdcfa40de1f805b64510bdcfaa32b1f805b64e38052fa392b1f805b64510b155a4e78ec5d5b64a552155a6ff51f807b81a552155a4e78c8d97b81d50bdcfa4e78c8d995a976e374b34fc51f805b64510bdcfaa32b1f83c064510bdcfaa3fe8a805b64510bdcfaa32b1f805b64
2026-10-01 18:18:37.896 [OP] 40E0 inv=FED1 len=302 #1 0db252fa4d7c1f805b64510ba8faa32b1f805b6441fddcfaa32b1f80a8df510bdcfaa32b89455b64fc0bdcfa392b1f804864510ba7e8a32bad805b64120bdcfa082b1f8043df510b82e8a32bad805b6413afdcfa33531f805764510b31c4a32b5d4e5b644cecdcfabf2b1f800d64510b8ffaa32b1f805b64510bdcfaa32b1f805b64510bdcfaa32b1f805b64430bdcfaa32b1f805b64510bdcfaa32b1f805b64
2026-10-01 18:18:37.935 [OP] 40E1 inv=FFED len=18 #1 becdfc0b6ffaf8a2ca809564580be6b0fd2c
2026-10-01 18:18:39.125 [OP] 4108 inv=FFE3 len=28 #1 1207c464510bdcfa4d531f80d8f8510bce40515d1f805b64510bdcfa
2026-10-01 18:18:39.214 [OP] 4108 inv=FFE3 len=28 #2 1207c464510bdcfa87531f80d8f8510bce40515d1f805b64510bdcfa
2026-10-01 18:18:39.214 [OP] 4108 inv=FFF3 len=12 #3 53c2392b1f805b64510bdcfa
2026-10-01 18:18:39.215 [OP] 4108 inv=FFF3 len=12 #4 53c2392b1f805b64580bdcfa
2026-10-01 18:18:39.215 [OP] 4108 inv=FFF3 len=12 #5 53c2392b1f805b640e0bdcfa
2026-10-01 18:18:39.215 [OP] 4104 inv=FFFB len=4 #1 dcae1f80
2026-10-01 18:18:39.215 [OP] 4104 inv=FFFB len=4 #2 6cae1faa
2026-10-01 18:18:39.215 [OP] 4104 inv=FFFB len=4 #3 3c081fc7
2026-10-01 18:18:39.215 [OP] 4104 inv=FFFB len=4 #4 dcae1fce
2026-10-01 18:18:39.215 [OP] 4104 inv=FFFB len=4 #5 6cae1f12
2026-10-01 18:18:41.195 [OP] 4105 inv=FFFE len=1 #1 cd
2026-10-01 18:18:41.195 [OP] 4105 inv=FFFE len=1 #2 6d
2026-10-01 18:18:41.305 [OP] 4105 inv=FFFE len=1 #3 af
2026-10-01 18:18:41.306 [OP] 4105 inv=FFFE len=1 #4 c0
2026-10-01 18:18:41.407 [OP] 4109 inv=FF8F len=112 #1 1207c464510b6fe8a32b1f805b64510b07faa32b59e7c36451ecdcfaa32bf380d1df510bacfaa32b1f805b64510bdcfaa32b1f803c64510b905b232b1faa94648fecdcfa3cce1f805b64510bdcfaa32bb9805b640d0bdcfaa37862805bdf510b32c4a32bca805b64510bdcfaa32b1f80
2026-10-01 18:18:41.505 [OP] 4106 inv=FFFD len=2 #1 a3cb
2026-10-01 18:18:41.506 [OP] 4111 inv=FFFD len=2 #1 a164
2026-10-01 18:18:41.506 [OP] 4112 inv=FFFD len=2 #1 6ac4
2026-10-01 18:18:41.854 [OP] 4109 inv=FFB7 len=72 #2 1207c464517f6fc4a3061f805b64510b07faa32b1fa05b6487b1dcfa40ce1f80ba640ed507faa32b39125b640e0b54faa32b1f805b64510b8222a32b39125b64080b54faa32b1f80
2026-10-01 18:18:41.940 [OP] 4105 inv=FFFE len=1 #5 ec
2026-10-01 18:18:41.940 [OP] 4106 inv=FFFC len=3 #2 982053
2026-10-01 18:18:41.940 [OP] 4106 inv=FFFD len=2 #3 f84a
2026-10-01 18:18:41.940 [OP] 4106 inv=FFFC len=3 #4 9820d9
2026-10-01 18:18:41.940 [OP] 4106 inv=FFFD len=2 #5 a32b
2026-10-01 18:18:41.940 [OP] 4111 inv=FFFD len=2 #2 5b64
2026-10-01 18:18:43.259 [OP] 4109 inv=FEFF len=256 #3 f03bad809564b2b1dcfaa32b1f805b64580bdcfaf82b7b129564d8b18bfafd2bca805b644db1dcfafd4a84805bdf510bdcfaa32b92aa5b64d60bdcfaa32b1f805b64510b6ffaa32bc2125b64b2b102faa32b1f805bdf510b6ffaa32bc2125b64b2b1a9faa32b1f805b64510b6ffaa32bc2125b64b2b1c4faa32b1f805b64510bb022a32bc2125b64b20bc6faa3531f80e5df510b8b145f931f805b6457dbdcfa
2026-10-01 18:18:43.353 [OP] 4111 inv=FFFD len=2 #3 1c64
2026-10-01 18:18:44.475 [OP] 4109 inv=FF93 len=108 #4 0db252faf893caaa5b64510bdcfaa32bca805b64fd0b68c4462babaa1c64fc0b6ffaa32b12805b64fc0cdcfac6d91f80dc53510b6622db2b12805b64a0c4dcfafdde8a805bdf510bdcfaa32b92aa5b64fe0bdcfaa32b1f805b64510baeaea32ba94f5b64b70b66faa32b1f80
2026-10-01 18:18:44.574 [OP] 4111 inv=FFFD len=2 #4 c464
2026-10-01 18:18:46.504 [OP] 4109 inv=FFA7 len=88 #5 0db252faa393caaa5b64510bdcfaa32bb9805b64310bdcfa1d4a1f80646f510bdc9fdb2bb9805b6487b1dcfadb7c1f805b64510bdcfa035db2ce5b6487b1dcfadb2b1f805bdffca705c4a32b7faa5b64510bdcfaa32b1f80
2026-10-01 18:18:46.589 [OP] 4111 inv=FFFD len=2 #5 2764
2026-10-01 18:18:56.790 [OP] 4112 inv=FFFD len=2 #2 dcc4
2026-10-01 18:18:58.438 [OP] 4112 inv=FFFD len=2 #3 6fc4
2026-10-01 18:18:59.355 [OP] 4112 inv=FFFD len=2 #4 90c4
2026-10-01 18:19:03.441 [OP] 4110 inv=FFFD len=2 #1 bc2b
2026-10-01 18:19:04.160 [OP] 4112 inv=FFFD len=2 #5 52c4
2026-10-01 18:19:04.982 [OP] 46FE inv=FFFF len=0 #4 
2026-10-01 18:19:08.832 [OP] 472A inv=FE6C len=403 #1 74b4de1fc75b64510bdcfaa32b1f805b64510bdce8a32b1f805b64510bdcfaa32b1f805b64510bdc02b72b1f805b645172dcfaa32b1f805b64510bdcfaa32b1f805b64510bdcfaa32b1f805b64510bdcfaa32b1f805b64510bdcfaa32b1f805b64510bdcfaa32b1f805b64510bdcfaa32b1f805b64510bdcfaa32b1f805b64510bdcfaa32b1f805b64510bdc2ca32b1f515b64510e6ffaa3291f805b12510bdc
2026-10-01 18:19:08.926 [OP] 42CE inv=FFFB len=4 #1 c87f510b
2026-10-01 18:19:08.926 [OP] 4211 inv=FFF6 len=9 #1 aa5b64511b3e22a34a
2026-10-01 18:19:08.926 [OP] 4211 inv=FFF6 len=9 #2 aa5b645140a722a34a
2026-10-01 18:19:08.926 [OP] 4211 inv=FFF6 len=9 #3 aa5b6451da3e22a34a
2026-10-01 18:19:08.926 [OP] 4211 inv=FFF6 len=9 #4 aa5b6451e3a722a34a
2026-10-01 18:19:09.866 [OP] 4721 inv=FFF7 len=8 #1 53c2392b1fe69564
2026-10-01 18:19:09.976 [OP] 40A0 inv=FFBB len=68 #1 becdfc0b6ffa462b0c605b6439ecdcfadb4ac3548a70b10571bbea0232805b64510bdcfaa32b1f805b64510bdcfaa32b1f805b64510bdcfaa32b1f8006df5575dac4a624
2026-10-01 18:19:10.970 [OP] 4029 inv=FFDF len=32 #1 becdfc0b0253a32b1f805b64de75dcfaa32b1f80107f510b8bc4aa2bec809564
2026-10-01 18:19:14.960 [OP] 4100 inv=FFF9 len=6 #2 10aa375378d5
2026-10-01 18:19:15.113 [OP] 4101 inv=FC35 len=970 #2 becdfc0b90faa32b1f805b64a552155aa32b1f805b64510bdcfaa32b1f805b64510bdcfaa32b1f802337b2b2dcfa40de1f805b64510bfb22a32b1f805b64510bdcfaa32b1f80a0ecfc0b52faa32b1f805b64a552155a572a1f807b81a5528631a32bc8d97b81a552155a4e78c8d9c564510b155a4e78caa024c812922d93a32b1f805b64510bdcfae1fe8a805b64510bdc77612b1f805b64510bdcfaa32b1f80
2026-10-01 18:19:30.239 [OP] 4110 inv=FFFD len=2 #2 872b
2026-10-01 18:19:31.430 [OP] 4110 inv=FFFD len=2 #3 bc2b
2026-10-01 18:19:35.191 [OP] 46FE inv=FFFF len=0 #5 
2026-10-01 18:19:37.403 [OP] 472A inv=FE6C len=403 #2 74b4de1faa5b64510bdcfaa32b1f805b64510bdcc4a32b1f805b64510bdcfaa32b1f805b64510bdc02b72b1f805b6451fcdcfaa32b1f805b64510bdcfaa32b1f805b64510bdcfaa32b1f805b64510bdcfaa32b1f805b64510bdcfaa32b1f805b64510bdcfaa32b1f805b64510bdcfaa32b1f805b64510bdcfaa32b1f805b64510bdcfaa32b1f805b64510bdc04a32b1f895b64510e6ffaa3e1ca805b73510bdc
2026-10-01 18:19:37.504 [OP] 42CE inv=FFFB len=4 #2 c87f510b
2026-10-01 18:19:37.588 [OP] 4211 inv=FFF6 len=9 #5 aa5b64511b3e22a34a
2026-10-01 18:19:38.043 [OP] 4721 inv=FFF7 len=8 #2 53c2392b1fe69564
2026-10-01 18:19:39.544 [OP] 4029 inv=FFDF len=32 #2 becdfc0b4f9fa32b1f805b6467ecdcfaa32b1f8094bf580b90c4aa2b62809564
2026-10-01 18:19:40.517 [OP] 4100 inv=FFF9 len=6 #3 10aa0f53a2c4
2026-10-01 18:19:40.606 [OP] 4101 inv=FBFD len=1026 #3 0db252fadb2b1f805b64510b155a4e781f805b64510bdcfaa32b1f805b64510bdcfaa32b1f805b647c448b53a32bc0ce5b64510bdcfa40de1f805b64510bdcfaa32b1f805b64e38052fa392b1f805b64510b155a4e78ec5d5b64a552155a6ff51f807b81a552155a4e78c8d97b81d50bdcfa4e78c8d995a976e374b34fc51f805b64510bdcfaa32b1f83c064510bdcfaa3fe8a805b64510bdcfaa32b1f805b64
2026-10-01 18:19:44.052 [OP] 4110 inv=FFFD len=2 #4 872b
2026-10-01 18:19:56.507 [OP] 472A inv=FE6C len=403 #3 74b4de1faa5b64510bdcfaa32b1f805b64510bdce8a32b1f805b64510bdcfaa32b1f805b64510bdc02b72b1f805b6451e06ffaa32b1f805b64510bdcfaa32b1f805b64510bdcfaa32b1f805b64510bdcfaa32b1f805b64510bdcfaa32b1f805b64510bdcfaa32b1f805b64510bdcfaa32b1f805b64510bdcfaa32b1f805b64510bdcfaa32b1f805b64510bdc34f82b1f515b64510e6ffaa3291f805b12510bdc
2026-10-01 18:19:56.507 [OP] 42CE inv=FFFB len=4 #3 c87f510b
2026-10-01 18:19:58.115 [OP] 4721 inv=FFF7 len=8 #3 53c2392b1fe69564
2026-10-01 18:19:58.713 [OP] 40A0 inv=FFBB len=68 #2 becdfc0b6ffadb2b28605b6439ecdcfadb4ac3548a70b10576bbea0232805b64510bdcfaa32b1f805b64510bdcfaa32b1f805b64510bdcfaa32b1f805f087ed049e0d5de
2026-10-01 18:20:02.634 [OP] 4100 inv=FFF9 len=6 #4 10aa875318d0
2026-10-01 18:20:02.720 [OP] 40A0 inv=FFBB len=68 #3 becdfc0b6ffadb2bce125b64e07fdcfadb4ae4f1245d510bdcfaa32b1f805b64510bdcfaa32b1f805b64510bdcfaa32b1f805b64510bdcfaa32b1f80f16fbd7f92ae2e93
2026-10-01 18:20:02.806 [OP] 4101 inv=FC35 len=970 #4 becdfc0b90faa32b1f805b64a552155aa32b1f805b64510bdcfaa32b1f805b64510bdcfaa32b1f802337b2b2dcfa40de1f805b64510bfb22a32b1f805b64510bdcfaa32b1f80a0ecfc0b52faa32b1f805b64a552155a572a1f807b81a5528631a32bc8d97b81a552155a4e78c8d9c564510b155a4e78caa024c812922d93a32b1f805b64510bdcfa71fe8a805b64510bdc77612b1f805b64510bdcfaa32b1f80
2026-10-01 18:20:06.049 [OP] 4110 inv=FFFD len=2 #5 872b
2026-10-01 18:20:25.694 [OP] 472A inv=FE6C len=403 #4 74b4de1fc75b64510bdcfaa32b1f805b64510bdce8a32b1f805b64510bdcfaa32b1f805b64510bdc02b72b1f805b64510adcfaa32b1f805b64510bdcfaa32b1f805b64510bdcfaa32b1f805b64510bdcfaa32b1f805b64510bdcfaa32b1f805b64510bdcfaa32b1f805b64510bdcfaa32b1f805b64510bdcfaa32b1f805b64510bdcfaa32b1f805b64510bdc48f82b1f515b6451df6ffaa35eca805b12510bdc
2026-10-01 18:20:25.891 [OP] 42CE inv=FFFB len=4 #4 c87f510b
2026-10-01 18:20:26.296 [OP] 4721 inv=FFF7 len=8 #4 53c2392b1fe69564
2026-10-01 18:20:31.790 [OP] 4100 inv=FFF9 len=6 #5 10aaf808820b
2026-10-01 18:20:32.039 [OP] 4101 inv=FBFD len=1026 #5 0db252fadb2b1f805b64510b155a4e781f805b64510bdcfaa32b1f805b64510bdcfaa32b1f805b647c448b53a32bc0ce5b64510bdcfa40de1f805b64510bdcfaa32b1f805b64e38052fa392b1f805b64510b155a4e78ec5d5b64a552155a6ff51f807b81a552155a4e78c8d97b81d50bdcfa4e78c8d995a976e374b34fc51f805b64510bdcfaa32b1f83c064510bdcfaa3fe8a805b64510bdcfaa32b1f805b64
2026-10-01 18:20:53.400 [OP] 472A inv=FE76 len=393 #5 74b4de1faa5b64510bdcfaa32b1f805b64510bdcc4a32b1f805b64510bdcfaa32b1f805b64510bdc02b72b1f805b6451b9dcfaa32b1f805b64510bdcfaa32b1f805b64510bdcfaa32b1f805b64510bdcfaa32b1f805b64510bdcfaa32b1f805b64510bdcfaa32b1f805b64510bdcfaa32b1f805b64510bdcfaa32b1f805b64510bdcfaa32b1f805b64510bdc48f82b1f515b64514edcfaa3fc1f805b12510bdc
2026-10-01 18:20:53.486 [OP] 42CE inv=FFFB len=4 #5 c87f510b
2026-10-01 18:20:55.496 [OP] 4029 inv=FFDF len=32 #3 becdfc0b4f9fa32b1f805b6467ecdcfaa32b1f808a64490b90c4aa2ba5809564
2026-10-01 18:21:26.929 [OP] 4029 inv=FFDF len=32 #4 becdfc0b97c2a32b1f805b64de75dcfaa32b1f80df7f510b8bc4aa2b34809564
2026-10-01 18:21:49.587 [OP] 4029 inv=FFDF len=32 #5 becdfc0b4f9fa32b1f805b6467ecdcfaa32b1f809464580b90c4aa2b9d809564
2026-10-01 18:21:52.599 [OP] 4613 inv=FF7A len=133 #3 93301174df0b0bda16db70211c2f53de956fa5b553b931154f7ad16fc4f8531f8095df58ec38dcf1060faa29640e0bdcfa462bcaaa5b53bc595ab12b21ab805b64b82fe7c4202b383fc3dc0259585b960e62830ff8cdcf6fb4a0d47079af8a83ec6fc4f82b1faa95df5197544a7251ca1e5bf8140bdcf4a3531f804040986c2ab7d62b1f80
2026-10-01 18:22:08.867 [OP] 4721 inv=FFF7 len=8 #5 53c2392b1fe69564
2026-10-01 18:22:52.727 [SYS] #ff0000#您已进入野外区域，可能遭遇玩家间的自由对战，请注意安全！#ffffff#
2026-10-01 18:22:52.794 [OP] 40E0 inv=FED1 len=302 #2 0db252fa4d7c1f805b64510b1ac4a32b1f805b6441fddcfaa32b1f80a8df510bdcfaa32b89455b64fc0bdcfa392b1f804864510ba7e8a32bad805b64120bdcfa082b1f8043df510b82e8a32bad805b6413afdcfa33531f805764510b31c4a32b5d4e5b644cecdcfabf2b1f800d64510b8ffaa32b1f805b64510bdcfaa32b1f805b64510bdcfaa32b1f805b64430bdcfaa32b1f805b64510bdcfaa32b1f805b64
2026-10-01 18:22:52.795 [OP] 40E3 inv=FFD7 len=40 #1 f03bad805c64510bacfabc2bd4801b64db0b6ffabf5384809fdf0b0b0022202b01cec464edd090fa
2026-10-01 18:22:52.795 [OP] 40E2 inv=FFF3 len=12 #1 becdfc0b6f53a32b45809564
2026-10-01 18:22:52.795 [OP] 4232 inv=FF60 len=159 #1 e5afd0dce0a32b1f4f5b645127dcfaa3de1f805b6f510bdc1c462b1f805b64510bdcfaa32b1f805b64510bdcfaa32b1f805b64510bdcfaa3f89d805b64510bdcb7f82b1f805b6451fb8bfaa32b1f805b4e580bdcfaa32b1f227a64519c52faa3edad805b7c510bdc25a32b1fef5b6451c4dcfaa3d4ad805bbc510bdc6ba32b1f0a5b64510bdcfaa32cd672eca2d661e2b05b931f805b64510bdcfaa32b1f80
2026-10-01 18:22:52.795 [OP] 4232 inv=FF60 len=159 #2 e5afd0dcf4a32b1f8c5b6451fddcfaa3061f805b08510bdcc0202b1f805b64510bdcfaa32b1f805b64510bdcfaa32b1f805b64510bdcfaa34c62805b64510bdc1e392b1f805b6451bf6afaa32b1f805b6eb20bdcfaa32b1f132364512e52faa3b834805be4510bdc02a32b1fef5b6451c4dcfaa31a9d805b02510bdc95a32b1fd35b64510bdcfaa32cd672eca2d6e4e2b05bde1f805bdf510bdcfaa32b1f80
2026-10-01 18:22:52.796 [OP] 4232 inv=FF60 len=159 #3 e5afd0dce0a32b1f8c5b6451c0dcfaa36b1f805b53510bdc38572b1f805b64510bdcfaa32b1f805b64510bdcfaa32b1f805b64510bdcfaa3a6f3805b64510bdcea232b1f805b64515f66faa32b1f805b8e830bdcfaa32b1fb99b6451ae52faa33f8a805bef510bdcf0a32b1fef5b6451c4dcfaa3973c805b0b510bdc84db2b1f239564510bdcfaa32cd6724852d6ca10b05b4aca8095f8510bdcfaa32b1f80
2026-10-01 18:22:52.796 [OP] 401B inv=FEB3 len=332 #2 f03bad800d64510b17faa32bb907c464530bdcfa972b1f8099d9510bdcfaa32b53ca5b64510bdcfa402b1f805b64510b9bc4a32b1f805b64bc595ab12b21ab805b64510bdcfaa32b1fdb9464d7b252fada2b1f804964510bf453a32b1f805b64820cdcfaa32b1f803f08510bdcfaa32b5b4f5b64510bdcfa16876c842d43510bdcfaa32b1f805b6451b152fae45dad80c564510b6dfaa32b2dce5b64510bdcfa
2026-10-01 18:22:52.796 [OP] 4612 inv=FFF7 len=8 #1 ca805b64e38052fa
2026-10-01 18:22:52.796 [OP] 4612 inv=FFF7 len=8 #2 ca805b64408052fa
2026-10-01 18:22:52.796 [OP] 4612 inv=FFF7 len=8 #3 ca805b64d7b252fa
2026-10-01 18:22:52.796 [OP] 4202 inv=FFEF len=16 #1 95ecdcfab42b1f804af8510b7522a32b
2026-10-01 18:22:52.796 [OP] 4055 inv=FFF7 len=8 #1 becdfc0bdcfaa32b
2026-10-01 18:22:52.796 [OP] 4613 inv=FFC0 len=63 #4 531d1674df0b0b1db4db53ca5551f858ec59acdbb319c755ef0eec6fc4f82b1faa95df51b58f622051ca505b642461dcf4a3531f8040ef555c8aa2fb2b1f80
2026-10-01 18:22:52.797 [OP] 4613 inv=FFBF len=64 #5 f86482b79508512607e8f8c1ca5551f858ec59acdbb319c755ef0eec6fc4f82b1faa95df51b58f622051ca2a5b64c861dcf4a3531f8040ef555c8aa2512b1f80
2026-10-01 18:22:52.797 [OP] 40A0 inv=FF43 len=188 #4 becdfc0b520e392bcd125b64e07fdcfadb4ae4f1245d510bdcfaa32b1f805b64510bdcfaa32b1f805b64510bdcfaa32b1f805b64510bdcfaa32b1f803bf84bd0f4e8fcde15605b6439ecdcfadb4ac3548a70b105cd97600e1f805b64510bdcfaa32b1f805b64510bdcfaa32b1f805b64510bdcfaa32b1f80ae7f48d0e522fadec9ce5b64a9d0dcfadb4a402fed6d510bdcfaa32b1f805b64510bdcfaa32b1f80
2026-10-01 18:23:02.222 [OP] 4612 inv=FFF7 len=8 #4 ca805b64e38052fa
2026-10-01 18:23:02.222 [OP] 4612 inv=FFF7 len=8 #5 ca805b64408052fa
2026-10-01 18:23:02.316 [SYS] #ff0000#您已进入野外区域，可能遭遇玩家间的自由对战，请注意安全！#ffffff#
2026-10-01 18:23:02.409 [OP] 4202 inv=FFEF len=16 #2 feecdcfab42b1f80b5df510baa5ba32b
2026-10-01 18:23:02.409 [OP] 40E0 inv=FED1 len=302 #3 0db252fa4d7c1f805b64510b1ac4a32b1f805b6441fddcfaa32b1f80a8df510bdcfaa32b89455b64fc0bdcfa392b1f804864510ba7e8a32bad805b64120bdcfa082b1f8043df510b82e8a32bad805b6413afdcfa33531f805764510b31c4a32b5d4e5b644cecdcfabf2b1f800d64510b8ffaa32b1f805b64510bdcfaa32b1f805b64510bdcfaa32b1f805b64430bdcfaa32b1f805b64510bdcfaa32b1f805b64
2026-10-01 18:23:02.410 [OP] 40E3 inv=FFD7 len=40 #2 f03bad805c64510bacfabc2bd4801b64db0b6ffabf5384809fdf0b0b0022202b01cec464edd090fa
2026-10-01 18:23:02.410 [OP] 40E2 inv=FFF3 len=12 #2 becdfc0b6f53a32b45809564
2026-10-01 18:23:02.410 [OP] 4232 inv=FF60 len=159 #4 e5afd0dce0a32b1f4f5b645127dcfaa3de1f805b6f510bdc1c462b1f805b64510bdcfaa32b1f805b64510bdcfaa32b1f805b64510bdcfaa3f89d805b64510bdcb7f82b1f805b6451fb8bfaa32b1f805b4e580bdcfaa32b1f227a64519c52faa3edad805b7c510bdc25a32b1fef5b6451c4dcfaa3d4ad805bbc510bdc6ba32b1f0a5b64510bdcfaa32cd672eca2d661e2b05b931f805b64510bdcfaa32b1f80
2026-10-01 18:23:02.410 [OP] 4232 inv=FF60 len=159 #5 e5afd0dcf4a32b1f8c5b6451fddcfaa3061f805b08510bdcc0202b1f805b64510bdcfaa32b1f805b64510bdcfaa32b1f805b64510bdcfaa34c62805b64510bdc1e392b1f805b6451bf6afaa32b1f805b6eb20bdcfaa32b1f132364512e52faa3b834805be4510bdc02a32b1fef5b6451c4dcfaa31a9d805b02510bdc95a32b1fd35b64510bdcfaa32cd672eca2d6e4e2b05bde1f805bdf510bdcfaa32b1f80
2026-10-01 18:23:02.410 [OP] 401B inv=FEB3 len=332 #3 f03bad800d64510b17faa32bb907c464530bdcfa972b1f8099d9510bdcfaa32b53ca5b64510bdcfa402b1f805b64510b9bc4a32b1f805b64bc595ab12b21ab805b64510bdcfaa32b1f805b64d7b252fada2b1f804964510bf453a32b1f805b64820cdcfaa32b1f803f08510bdcfaa32b5b4f5b64510bdcfa16876c842d43510bdcfaa32b1f805b64510bdcfae45dad80c564510b6dfaa32b2dce5b64510bdcfa
2026-10-01 18:23:02.502 [OP] 4055 inv=FFF7 len=8 #2 becdfc0bdcfaa32b
2026-10-01 18:23:02.502 [OP] 40A0 inv=FF7F len=128 #5 becdfc0b900e392ba6605b6439ecdcfadb4ac3548a70b10571bbea0232805b64510bdcfaa32b1f805b64510bdcfaa32b1f805b64510bdcfaa32b1f8089f86f08d0e8186f0c605b6439ecdcfadb4ac3548a70b10571bbea0232805b64510bdcfaa32b1f805b64510bdcfaa32b1f805b64510bdcfaa32b1f8006df5575dac4a624
2026-10-01 18:23:19.113 [QUESTION] {"type":"question","sock":2348,"qno":18,"field_a":79,"stem":"以下属于我国珍惜保护动物的是？","options":["1、火麒麟","2、藏羚羊","3、猩猩队长","4、霸天虎"]}
2026-10-01 18:23:22.130 [SEND-ANSWER] qno=18 opt=3 ret=13 sock=2348
2026-10-01 18:23:22.169 [QUESTION] {"type":"question","sock":2348,"qno":6,"field_a":80,"stem":".“竹子”属于哪一类植物？","options":["1、处长职务","2、食肉植物","3、草本植物","4、食草植物"]}
2026-10-01 18:23:24.559 [SEND-ANSWER] qno=6 opt=2 ret=13 sock=2348
2026-10-01 18:23:24.601 [SYS] 测试通过！
2026-10-01 18:23:24.682 [SYS] 获得了#00FF00#100#FFF692#金币
2026-10-01 18:23:24.682 [CURRENCY] a=199369 b=775109
2026-10-01 18:24:04.542 [OP] F005 inv=FFE7 len=24 #4 c2cc763c76faa32b1f805b64510bdcfaa32b5ebcf3c5e5fd
2026-10-01 18:24:04.631 [OP] F005 inv=FFE7 len=24 #5 c2cc763c76faa32b1f805b64510bdcfaa32b5ebcf3c5e5fd
2026-10-01 18:26:24.127 [SYS] #ff0000#您已进入野外区域，可能遭遇玩家间的自由对战，请注意安全！#ffffff#
2026-10-01 18:26:24.216 [OP] 4202 inv=FFEF len=16 #3 d5ecdcfab42b1f80f2df510b3b22a32b
2026-10-01 18:26:24.218 [OP] 40E0 inv=FED1 len=302 #4 0db252fa4d7c1f805b64510b2dfaa32b1f805b6441fddcfaa32b1f80a8df510bdcfaa32b89455b64fc0bdcfa392b1f804864510ba7e8a32bad805b64120bdcfa082b1f8043df510b82e8a32bad805b6413afdcfa33531f805764510b31c4a32b5d4e5b644cecdcfabf2b1f800d64510b8ffaa32b1f805b64510bdcfaa32b1f805b64510bdcfaa32b1f805b64430bdcfaa32b1f805b64510bdcfaa32b1f805b64
2026-10-01 18:26:24.218 [OP] 40E3 inv=FFD7 len=40 #3 f03bad805c64510bacfabc2bd4801b64db0b6ffabf5384809fdf0b0b0022202b01cec464edd090fa
2026-10-01 18:26:24.218 [OP] 40E2 inv=FFF3 len=12 #3 becdfc0b6f53a32b45809564
2026-10-01 18:26:24.218 [OP] 401B inv=FEB3 len=332 #4 f03bad800d64510b17faa32bb907c464530bdcfa972b1f8099d9510bdcfaa32b53ca5b64510bdcfa402b1f805b64510b9bc4a32b1f805b64bc595ab12b21ab805b64510bdcfaa32b1fc75b64d7b252fada2b1f804964510bf453a32b1f805b64820cdcfaa32b1f80306f510bdcfaa32b5b4f5b64510bdcfa16876c842d43510bdcfaa32b1f805b6451b122c1e45dad80c564510b6dfaa32b2dce5b64510bdcfa
2026-10-01 18:26:24.314 [OP] 4055 inv=FFF7 len=8 #3 becdfc0bdcfaa32b
2026-10-01 18:26:34.560 [SYS] #ff0000#您已进入野外区域，可能遭遇玩家间的自由对战，请注意安全！#ffffff#
2026-10-01 18:26:34.560 [OP] 40E0 inv=FED1 len=302 #5 0db252fa4d7c1f805b64510b1ac4a32b1f805b6441fddcfaa32b1f80a8df510bdcfaa32b89455b64fc0bdcfa392b1f804864510ba7e8a32bad805b64120bdcfa082b1f8043df510b82e8a32bad805b6413afdcfa33531f805764510b31c4a32b5d4e5b644cecdcfabf2b1f800d64510b8ffaa32b1f805b64510bdcfaa32b1f805b64510bdcfaa32b1f805b64430bdcfaa32b1f805b64510bdcfaa32b1f805b64
2026-10-01 18:26:34.560 [OP] 40E3 inv=FFD7 len=40 #4 f03bad805c64510bacfabc2bd4801b64db0b6ffabf5384809fdf0b0b0022202b01cec464edd090fa
2026-10-01 18:26:34.560 [OP] 40E2 inv=FFF3 len=12 #4 becdfc0b6f53a32b45809564
2026-10-01 18:26:34.560 [OP] 401B inv=FEB3 len=332 #5 f03bad800d64510b17faa32bb907c464530bdcfa972b1f8099d9510bdcfaa32b53ca5b64510bdcfa402b1f805b64510b9bc4a32b1f805b64bc595ab12b21ab805b64510bdcfaa32b1f805b64d7b252fada2b1f804964510bf453a32b1f805b64820cdcfaa32b1f803f08510bdcfaa32b5b4f5b64510bdcfa16876c842d43510bdcfaa32b1f805b64510bdcfae45dad80c564510b6dfaa32b2dce5b64510bdcfa
2026-10-01 18:26:34.609 [OP] 4202 inv=FFEF len=16 #4 15ecdcfab42b1f80b5df510b35baa32b
2026-10-01 18:26:34.609 [OP] 4055 inv=FFF7 len=8 #4 becdfc0bdcfaa32b
2026-10-01 18:29:31.013 [OP] 4018 inv=FFF0 len=15 #1 5f6b7f51a4a722a3bda5b3c0645175
2026-10-01 18:36:17.572 [PIPE] controller disconnected
2026-10-01 18:36:24.869 [PIPE] controller connected
2026-10-01 18:37:09.120 [OP] 4210 inv=FFF3 len=12 #1 da0bdcfa932b1f80a0ecfc0b
2026-10-01 18:37:09.217 [OP] 4210 inv=FFF3 len=12 #2 da0bdcfa932b1f80c6ecfc0b
2026-10-01 18:38:04.352 [OP] 46E0 inv=FDF7 len=520 #1 becdfc0b6ffaa32bb907c464580bdcfa803b1f8095640e0b346a572bd62f8823f3ac90c0d4cead8066b2c80bdcfa9d2b98f55c64510bdcfa392b5980bc1dfd0bdcd84bc469805b642525bac4232b1f801c640fd0b029462b8b564864b6b1f4ae0f8ed1809564510bdc08a32b69489c7f830bdcfa76f227790b47c80b6e109d2b2ca50353438bc3fa2d87bbce864cc80b0beb11ce0aec48642f648a2268e5f98b
2026-10-01 18:43:16.646 [PIPE] controller disconnected
2026-10-01 18:43:48.909 [PIPE] controller connected
2026-10-01 18:43:48.910 [PIPE] controller disconnected
2026-10-01 18:44:00.898 [INIT] dll unloaded
2026-10-01 18:44:18.209 [INIT] dll loaded, pid=35260
2026-10-01 18:44:18.209 [INIT] codec loaded OK
2026-10-01 18:44:18.210 [INIT] iat hooks: recv=1 send=1 WSASend=1 connect=1 closesocket=1
2026-10-01 18:44:19.520 [OP] 472A inv=FE6C len=403 #1 74b4de1fc75b64510bdcfaa32b1f805b64510bdce8a32b1f805b64510bdcfaa32b1f805b64510bdc02b72b1f805b64510adcfaa32b1f805b64510bdcfaa32b1f805b64510bdcfaa32b1f805b64510bdcfaa32b1f805b64510bdcfaa32b1f805b64510bdcfaa32b1f805b64510bdcfaa32b1f805b64510bdcfaa32b1f805b64510bdcfaa32b1f805b64510bdc7af82b1fce956451f16ffaa391ca805bd3580bdc
2026-10-01 18:44:19.599 [OP] 42CE inv=FFFB len=4 #1 c87f510b
2026-10-01 18:44:19.691 [OP] 4211 inv=FFF6 len=9 #1 aa5b64511b3e22a34a
2026-10-01 18:44:19.691 [OP] 4211 inv=FFF6 len=9 #2 aa5b645140a722a34a
2026-10-01 18:44:19.691 [OP] 4211 inv=FFF6 len=9 #3 aa5b6451da3e22a34a
2026-10-01 18:44:19.691 [OP] 4211 inv=FFF6 len=9 #4 aa5b6451e3a722a34a
2026-10-01 18:44:19.781 [OP] 47C0 inv=FFE1 len=30 #1 0faac4c88ffd6fc4350cc9bde02831ec6aeb0df1803cadd9587586704c07
2026-10-01 18:44:19.781 [OP] 47C0 inv=FFEA len=21 #2 51cac7e02831ec6aeb0df1803cadd9587586704c07
2026-10-01 18:44:19.781 [OP] 47C0 inv=FFF3 len=12 #3 0253ca3cadd9587586704c07
2026-10-01 18:44:19.781 [OP] 47C0 inv=FFF3 len=12 #4 0253ca6badd9587586704c07
2026-10-01 18:44:19.781 [OP] 47C0 inv=FFF3 len=12 #5 0253ca5f7fd9587506069e68
2026-10-01 18:44:20.012 [OP] 4721 inv=FFF7 len=8 #1 53c2392b1fe69564
2026-10-01 18:44:22.165 [OP] EFFE inv=FFFE len=1 #1 0b
2026-10-01 18:44:26.624 [OP] 4100 inv=FFF9 len=6 #1 98aa1e53f2b1
2026-10-01 18:44:26.718 [OP] 4101 inv=FC35 len=970 #1 becdfc0b90faa32b1f805b64a552155aa32b1f805b64510bdcfaa32b1f805b64510bdcfaa32b1f802337b2b2dcfa7dde1f805b64510b2022a32b1f805b64510bdcfaa32b1f80a0ecfc0b52faa32b1f805b64a552155a572a1f807b81a5528631a32bc8d97b81a552155a4e78c8d9df64510b155a4e78caa024c812922d93a32b1f805b64510bdcfa70fe8a805b64510bdc77612b1f805b64510bdcfaa32b1f80
2026-10-01 18:44:26.810 [OP] 4F52 inv=FFFF len=0 #1 
2026-10-01 18:44:27.932 [OP] 4108 inv=FFE3 len=28 #1 1207c464510bdcfa4d531f80d8f8510bce40515d1f805b64510bdcfa
2026-10-01 18:44:28.018 [OP] 4108 inv=FFE3 len=28 #2 1207c464510bdcfa87531f80d8f8510bce40515d1f805b64510bdcfa
2026-10-01 18:44:28.018 [OP] 4108 inv=FFF3 len=12 #3 53c2392b1f805b64510bdcfa
2026-10-01 18:44:28.018 [OP] 4108 inv=FFF3 len=12 #4 53c2392b1f805b64580bdcfa
2026-10-01 18:44:28.018 [OP] 4108 inv=FFF3 len=12 #5 53c2392b1f805b640e0bdcfa
2026-10-01 18:44:28.018 [OP] 4104 inv=FFFB len=4 #1 0a081f80
2026-10-01 18:44:28.018 [OP] 4104 inv=FFFB len=4 #2 0a081faa
2026-10-01 18:44:28.018 [OP] 4104 inv=FFFB len=4 #3 3cae1fc7
2026-10-01 18:44:28.018 [OP] 4104 inv=FFFB len=4 #4 3cae1fce
2026-10-01 18:44:28.018 [OP] 4104 inv=FFFB len=4 #5 3cae1f12
2026-10-01 18:44:29.852 [OP] 4105 inv=FFFE len=1 #1 cd
2026-10-01 18:44:29.952 [OP] 4105 inv=FFFE len=1 #2 6d
2026-10-01 18:44:29.952 [OP] 4105 inv=FFFE len=1 #3 af
2026-10-01 18:44:29.952 [OP] 4105 inv=FFFE len=1 #4 c0
2026-10-01 18:44:29.952 [OP] 4106 inv=FFFD len=2 #1 a332
2026-10-01 18:44:29.952 [OP] 4111 inv=FFFD len=2 #1 ba64
2026-10-01 18:44:30.004 [OP] 4109 inv=FFDF len=32 #1 1207c464510b6ffaa32b1f805b64510bd0c4a32b62a0ba64510bdcfaa32b8480
2026-10-01 18:44:30.355 [OP] 4106 inv=FFFC len=3 #2 e2397d
2026-10-01 18:44:30.355 [OP] 4110 inv=FFFD len=2 #1 872b
2026-10-01 18:44:30.356 [OP] 4106 inv=FFFC len=3 #3 e239cb
2026-10-01 18:44:30.356 [OP] 4106 inv=FFFD len=2 #4 f8ed
2026-10-01 18:44:30.434 [OP] 4109 inv=FF7B len=132 #2 1207c464580b6fe8a32b1f805b64510b13f4a32ba58021df0b0b40c43993c780cf26510b10aea32bad77c36451ecdcfaa3531f8062df510b9dfaa32b1f805b64510bdcfa40ce1f80a808510b52e8232b1faa5b648fecdcfaa5de1f805b64510bdcfaa32bc0ef5b6467d5dcfa399362805bdf510b7cc4a32bcf815ed9510bdcfaccd01f80
2026-10-01 18:44:30.528 [OP] 4111 inv=FFFD len=2 #2 5764
2026-10-01 18:44:32.497 [OP] 4109 inv=FDD7 len=552 #3 1207c464580be69fa32b1f805b64510b6ffaa32ba580ea7f0b0b0022fd249b809564510baeaea32b9dd15b6451ecdcfaa32b1f8062df510b06faa32b1f805b64510bdcfaf82b1f80a76f510b8bbaf82b1f805b64510b4453f82b1f80a76f510b8bbadb2b1f805b645152155af82b1f80a76f510b8bba392b1f805b6451dfdcfaf82b1f80a76f510b8bbafd2b1f805b6451563bfaf82b1f80a76f510b8bba232b
2026-10-01 18:44:32.609 [OP] 4111 inv=FFFD len=2 #3 2364
2026-10-01 18:44:33.915 [OP] 4109 inv=FE17 len=488 #4 53c2392bca804053510bdcfaa32b1f809564510b8ffa8fde3480ea7fb2754ffaf82b1f80a76f510b8b02a32b1fc75b645108dcfa4b531f80ee64510bdcfaa32b1f805b645decdcfad92b1f805b64510bdcfaa32bca805b645fc4dcfafdcbca805bdf510bdcfaa32bb6aa5b64da0bdcfaa32b1f805b64510b6ffaa32bb7ef5b64b2af90faa3531f805b64510b25c4a32bb8805b64510bdcfaa32b1f809564510b
2026-10-01 18:44:33.999 [OP] 4111 inv=FFFD len=2 #4 a164
2026-10-01 18:44:33.999 [OP] 4112 inv=FFFD len=2 #1 6ac4
2026-10-01 18:44:35.740 [OP] 4109 inv=FFB7 len=72 #5 1207c464517f6fc4a3c41f805b64510b07faa32b59e75b6487b1dcfa40ce1f80a1f80e0b07faa32b39125b640e7f4ffaa32b1f805b64510b8222a32b39125b64080b4ffaa32b1f80
2026-10-01 18:44:35.823 [OP] 4105 inv=FFFE len=1 #5 7f
2026-10-01 18:44:35.823 [OP] 4106 inv=FFFD len=2 #5 a393
2026-10-01 18:44:35.823 [OP] 4111 inv=FFFD len=2 #5 9464
2026-10-01 18:44:36.883 [OP] 4F52 inv=FFFF len=0 #2 
2026-10-01 18:44:41.022 [OP] 4112 inv=FFFD len=2 #2 6fc4
2026-10-01 18:44:41.023 [OP] 4112 inv=FFFD len=2 #3 90c4
2026-10-01 18:44:41.023 [OP] 4112 inv=FFFD len=2 #4 52c4
2026-10-01 18:44:41.023 [OP] 4112 inv=FFFD len=2 #5 8bc4
2026-10-01 18:44:42.189 [OP] EFFE inv=FFFE len=1 #2 0b
2026-10-01 18:44:46.928 [OP] 4F52 inv=FFFF len=0 #3 
2026-10-01 18:44:47.513 [OP] 46FE inv=FFFF len=0 #1 
2026-10-01 18:44:48.237 [OP] 472A inv=FE76 len=393 #2 74b4de1fc75b64510bdcfaa32b1f805b64510bdce8a32b1f805b64510bdcfaa32b1f805b64510bdc02b72b1f805b6451b9dcfaa32b1f805b64510bdcfaa32b1f805b64510bdcfaa32b1f805b64510bdcfaa32b1f805b64510bdcfaa32b1f805b64510bdcfaa32b1f805b64510bdcfaa32b1f805b64510bdcfaa32b1f805b64510bdcfaa32b1f805b64510bdc7af82b1f1b956451fa6ffaa3731f805b5c510bdc
2026-10-01 18:44:48.325 [OP] 42CE inv=FFFB len=4 #2 c87f510b
2026-10-01 18:44:48.325 [OP] 4211 inv=FFF6 len=9 #5 aa5b64511b3e22a34a
2026-10-01 18:44:50.411 [OP] 4029 inv=FFDF len=32 #1 becdfc0b4f9fa32b1f805b6467ecdcfaa32b1f809464580b90c47a2ba8809564
2026-10-01 18:44:52.203 [OP] EFFE inv=FFFE len=1 #3 0b
2026-10-01 18:44:55.345 [OP] 4100 inv=FFF9 len=6 #2 98aa18537aec
2026-10-01 18:44:55.434 [OP] 4101 inv=FC35 len=970 #2 becdfc0b90faa32b1f805b64a552155aa32b1f805b64510bdcfaa32b1f805b64510bdcfaa32b1f802337b2b2dcfa7dde1f805b64510b2022a32b1f805b64510bdcfaa32b1f80a0ecfc0b52faa32b1f805b64a552155a572a1f807b81a5528631a32bc8d97b81a552155a4e78c8d9df64510b155a4e78caa024c812922d93a32b1f805b64510bdcfaf8fe8a805b64510bdc77612b1f805b64510bdcfaa32b1f80
2026-10-01 18:44:55.535 [OP] 4F52 inv=FFFF len=0 #4 
2026-10-01 18:44:58.861 [OP] 4110 inv=FFFD len=2 #2 872b
2026-10-01 18:45:05.583 [OP] 4F52 inv=FFFF len=0 #5 
2026-10-01 18:45:12.230 [OP] EFFE inv=FFFE len=1 #4 0b
2026-10-01 18:45:16.045 [OP] 472A inv=FE6C len=403 #3 74b4de1fc75b64510bdcfaa32b1f805b64510bdce8a32b1f805b64510bdcfaa32b1f805b64510bdc02b72b1f805b64510adcfaa32b1f805b64510bdcfaa32b1f805b64510bdcfaa32b1f805b64510bdcfaa32b1f805b64510bdcfaa32b1f805b64510bdcfaa32b1f805b64510bdcfaa32b1f805b64510bdcfaa32b1f805b64510bdcfaa32b1f805b64510bdcb5a32b1fc3956451f16ffaa3ccca805bd3580bdc
2026-10-01 18:45:16.045 [OP] 42CE inv=FFFB len=4 #3 c87f510b
2026-10-01 18:45:16.265 [OP] 4721 inv=FFF7 len=8 #2 53c2392b1fe69564
2026-10-01 18:45:17.771 [OP] 46FE inv=FFFF len=0 #2 
2026-10-01 18:45:21.246 [OP] 4100 inv=FFF9 len=6 #3 98aabf2609ec
2026-10-01 18:45:21.335 [OP] 4101 inv=FBFD len=1026 #3 0db252fadb2b1f805b64510b155a4e781f805b64510bdcfaa32b1f805b64510bdcfaa32b1f805b647c448b53a32b5ece5b64510bdcfa7dde1f805b64510bdcfaa32b1f805b64e38052fa392b1f805b64510b155a4e78ec5d5b64a552155a6ff51f807b81a552155a4e78c8d97b81da0bdcfa4e78c8d995a976e374b34fc51f805b64510bdcfaa32bf483c064510bdcfaa3fe8a805b64510bdcfaa32b1f805b64
2026-10-01 18:45:22.242 [OP] EFFE inv=FFFE len=1 #5 0b
2026-10-01 18:45:24.734 [OP] 4110 inv=FFFD len=2 #3 872b
2026-10-01 18:45:48.030 [OP] 46FE inv=FFFF len=0 #3 
2026-10-01 18:45:48.901 [OP] 472A inv=FE76 len=393 #4 74b4de1fc75b64510bdcfaa32b1f805b64510bdce8a32b1f805b64510bdcfaa32b1f805b64510bdc02b72b1f805b6451b9dcfaa32b1f805b64510bdcfaa32b1f805b64510bdcfaa32b1f805b64510bdcfaa32b1f805b64510bdcfaa32b1f805b64510bdcfaa32b1f805b64510bdcfaa32b1f805b64510bdcfaa32b1f805b64510bdcfaa32b1f805b64510bdcb5a32b1f2c5b645153dcfaa3731f805bc7580bdc
2026-10-01 18:45:48.987 [OP] 42CE inv=FFFB len=4 #4 c87f510b
2026-10-01 18:45:51.043 [OP] 4029 inv=FFDF len=32 #2 becdfc0b4f9fa32b1f805b6467ecdcfaa32b1f803ccdfc0b90c47a2bbe809564
2026-10-01 18:46:18.479 [OP] 46FE inv=FFFF len=0 #4 
2026-10-01 18:46:48.733 [OP] 46FE inv=FFFF len=0 #5 
2026-10-01 18:49:12.713 [PIPE] controller connected
2026-10-01 18:49:22.056 [PIPE] controller disconnected
2026-10-01 18:51:34.212 [OP] F005 inv=FFE7 len=24 #1 26b35c3828d7972b1f805b64510bdcfaa3ce1f80897ea30c
2026-10-01 18:51:42.273 [OP] F005 inv=FFE7 len=24 #2 26b35c3828d7e62b1f805b64510bdcfaa3cee2ceddee08d0
2026-10-01 18:52:05.229 [OP] F005 inv=FFE7 len=24 #3 24c812922d0ba32b1f805b64510bdcfaa3ce1f8008c52eb2
2026-10-01 18:52:14.780 [OP] F005 inv=FFE7 len=24 #4 26b35c3828d7a32b1f805b64510bdcfaa3ce1f80508833b2
2026-10-01 18:53:16.131 [OP] 4018 inv=FFF0 len=15 #1 5f6b7f51a4a722a3f0347395645175
2026-10-01 18:53:17.100 [OP] F005 inv=FFE7 len=24 #5 c2cc763c76faa32b1f805b64510bdcfaa3ce1f80425d68b2
2026-10-01 18:53:22.058 [OP] 4100 inv=FFF9 len=6 #4 98aa1e53fc7f
2026-10-01 18:53:22.172 [OP] 4101 inv=FC35 len=970 #4 becdfc0b90faa32b1f805b64a552155aa32b1f805b64510bdcfaa32b1f805b64510bdcfaa32b1f802337b2b2dcfa7dde1f805b64510b2022a32b1f805b64510bdcfaa32b1f80a0ecfc0b52faa32b1f805b64a552155a572a1f807b81a5528631a32bc8d97b81a552155a4e78c8d9df64510b155a4e78caa024c812922d93a32b1f805b64510bdcfaf8fe8a805b64510bdc77612b1f805b64510bdcfaa32b1f80
2026-10-01 18:53:25.680 [OP] 4110 inv=FFFD len=2 #4 872b
2026-10-01 18:53:44.849 [OP] 472A inv=FE6C len=403 #5 74b4de1fc75b64510bdcfaa32b1f805b64510bdcc4a32b1f805b64510bdcfaa32b1f805b64510bdc02b72b1f805b64510adcfaa32b1f805b64510bdcfaa32b1f805b64510bdcfaa32b1f805b64510bdcfaa32b1f805b64510bdcfaa32b1f805b64510bdcfaa32b1f805b64510bdcfaa32b1f805b64510bdcfaa32b1f805b64510bdcfaa32b1f805b64510bdcbdf82b1f1b956451fa6ffaa391ca805b5c510bdc
2026-10-01 18:53:44.945 [OP] 42CE inv=FFFB len=4 #5 c87f510b
2026-10-01 18:53:46.651 [OP] 4721 inv=FFF7 len=8 #3 53c2392b1fe69564
2026-10-01 18:53:48.945 [OP] 4100 inv=FFF9 len=6 #5 98aa8f5304d0
2026-10-01 18:53:49.182 [OP] 4101 inv=FC6D len=914 #5 f03bad809464510bdcfaa32bc8d97b81510bdcfaa32b1f805b64510bdcfaa32b1f805b64510bdcfa87429d4e5b6428d0dcfaa32b1f805d7f510bdcfaa32b1f805b64510bdcfa8a5dad80c464510bdcfaa32bc8d97b81e690dcfa4e78c8d9c831510b155a4e78c8d97b81a552155ac42b1f807b81a5526f3079b352ad6fe0510bdcfaa32b1f805b645d8766faa32b1f805bf33b0bdcfaa32b1f805b64510bdcfa
2026-10-01 18:53:52.518 [OP] 4110 inv=FFFD len=2 #5 872b
2026-10-01 18:54:11.334 [OP] 4029 inv=FFDF len=32 #3 becdfc0b4f9fa32b1f805b6467ecdcfaa32b1f809437510b90c47a2b7d809564
2026-10-01 18:54:40.834 [OP] 4721 inv=FFF7 len=8 #4 53c2392b1fe69564
2026-10-01 18:54:53.339 [PIPE] controller connected
2026-10-01 18:54:53.339 [PIPE] controller disconnected
2026-10-01 18:54:59.120 [INIT] dll unloaded
2026-10-01 18:55:16.557 [INIT] dll loaded, pid=35260
2026-10-01 18:55:16.558 [INIT] codec loaded OK
2026-10-01 18:55:16.558 [INIT] iat hooks: recv=1 send=1 WSASend=1 connect=1 closesocket=1
2026-10-01 18:55:16.810 [OP] 4109 inv=FCF3 len=780 #1 0db252faf82b62455b64510bdcfaa32bca805b64fd0b0022462bf7ce1c53410b6ffaa32bb7ef5b64b2afdcfaa3931f805b64510bafc4a32baf805b64510bdcfaa32b1f80d1df510b31faa32b1f805b64510bdcfaf82b1f80a76f510b8b02f82b1faa5b645152155a71531f80df64510bdcfaa32b1f805b64580bdcfab6ce1f801c7a0e0bdcc4a32b1f2bba645decdcfa872b1f805b64510bdcfaa32bca805b64
2026-10-01 18:55:16.895 [OP] 4111 inv=FFFD len=2 #1 a164
2026-10-01 18:55:16.895 [OP] 4104 inv=FFFA len=5 #1 72c4f00180
2026-10-01 18:55:16.895 [OP] 4104 inv=FFFA len=5 #2 72c4f001aa
2026-10-01 18:55:16.895 [OP] 4104 inv=FFFA len=5 #3 7727f001c7
2026-10-01 18:55:16.895 [OP] 4104 inv=FFFA len=5 #4 e627f001ce
2026-10-01 18:55:16.895 [OP] 4104 inv=FFFA len=5 #5 72c4f00112
2026-10-01 18:55:18.196 [OP] 4109 inv=FD83 len=636 #2 53c2392bca80c337516ddcfaa32b1f809564510be6fa8fdea580ea7fb2753bfaf82b1f80a76f510b8bbaa32b1faa5b64510bdcfa4b531f809964510bdcfaa32b1f805b64580bdcfab6ce1f801c32580bdcfaa32b1faa5b64580bdcfab6ce1f801c320e0bdcfaa32b1f075b64580bdcfab6ce1f801c32fc0bdcfaa32b1f805b64580bdcfab6ce1f801c32b20bdcfaa32b1faa5b64580bdcfab6ce1f801c320b0b
2026-10-01 18:55:18.282 [OP] 4111 inv=FFFD len=2 #2 2364
2026-10-01 18:55:18.282 [OP] 4112 inv=FFFD len=2 #1 6ac4
2026-10-01 18:55:19.871 [OP] 4105 inv=FFFE len=1 #1 7f
2026-10-01 18:55:19.871 [OP] 4106 inv=FFFC len=3 #1 573193
2026-10-01 18:55:19.965 [OP] 4109 inv=FF93 len=108 #3 0db252faf893caaa5b64510bdcfaa32bca805b64580befe8f82b72c71c64fc0b6ffaa32b12805b64fcafdcfac6d91f80dc53510b4f22db2b12805b646ed5dcfafddee7805bdf510bdcfaa32b92aa5b64150bdcfaa32b1f805b64510baeaea32ba94f5b64080b4ffaa32b1f80
2026-10-01 18:55:20.056 [OP] 4105 inv=FFFE len=1 #2 d0
2026-10-01 18:55:20.056 [OP] 4106 inv=FFFD len=2 #2 f8de
2026-10-01 18:55:20.056 [OP] 4105 inv=FFFE len=1 #3 d5
2026-10-01 18:55:20.056 [OP] 4106 inv=FFFD len=2 #3 f8d9
2026-10-01 18:55:20.056 [OP] 4111 inv=FFFD len=2 #3 c464
2026-10-01 18:55:21.082 [OUT] 1F51 inv=FFFF len=4 #1 ffff511f
2026-10-01 18:55:21.124 [OP] 4F52 inv=FFFF len=0 #1 
2026-10-01 18:55:21.721 [OP] 4109 inv=FF83 len=124 #4 f03bad8095f858ecdcf4a32b1f805b64580bdcfaf82b72c79564b47f8bfa202bca805b640d0bdcfa20cb1f80fe08510bfa5ba32be74f94640d0bdcfac6d91f801c08410bdce8a32b1f805b6477ecdcfa0d2b1f805b64510bdcfaa32b23aa5b6498b654e8a32b1f80a81a510baeaea32ba94f5b64080b4ffaa32b1f80
2026-10-01 18:55:21.802 [OP] 4111 inv=FFFD len=2 #4 4064
2026-10-01 18:55:23.093 [OP] 46FE inv=FFFF len=0 #1 
2026-10-01 18:55:23.690 [OP] 4105 inv=FFFE len=1 #4 fd
2026-10-01 18:55:23.690 [OP] 4105 inv=FFFE len=1 #5 0c
2026-10-01 18:55:23.801 [OP] 4109 inv=FD57 len=680 #5 becdfc0b6ffa20321f805b64510bdcfaf82b1f806e6401c402facccead802764580bdcfae13b1f80c4d9510bdcc4a32b1f805b6477ecdcfae02b1f805b64510bdcfaa32bca805b64dfb2dcfa397cca805b64510bdcfaa32bca805b64dfb2dcfa397c59805bdf510bdcc4a32b23aa5b6401ba710ea32b1f801e9f510b6ffaa32bf4075b64fcfd52faa3531f805b26510b7cc4a32b6ffcf4ec510bdcfaed6b1f80
2026-10-01 18:55:23.890 [OP] 4106 inv=FFFD len=2 #4 a37c
2026-10-01 18:55:23.890 [OP] 4111 inv=FFFD len=2 #5 2764
2026-10-01 18:55:23.890 [OP] 4112 inv=FFFD len=2 #2 dcc4
2026-10-01 18:55:23.890 [OP] 4112 inv=FFFD len=2 #3 6fc4
2026-10-01 18:55:23.891 [OP] 4112 inv=FFFD len=2 #4 52c4
2026-10-01 18:55:23.891 [OP] 4106 inv=FFFD len=2 #5 a3c4
2026-10-01 18:55:24.376 [PIPE] controller connected
2026-10-01 18:55:25.068 [OP] EFFE inv=FFFE len=1 #1 0b
2026-10-01 18:55:26.736 [OP] 4112 inv=FFFD len=2 #5 90c4
2026-10-01 18:55:31.153 [OP] 472A inv=FE6C len=403 #1 74b4de1faa5b64510bdcfaa32b1f805b64510bdcc4a32b1f805b64510bdcfaa32b1f805b64510bdc02b72b1f805b64510adcfaa32b1f805b64510bdcfaa32b1f805b64510bdcfaa32b1f805b64510bdcfaa32b1f805b64510bdcfaa32b1f805b64510bdcfaa32b1f805b64510bdcfaa32b1f805b64510bdcfaa32b1f805b64510bdcfaa32b1f805b64510bdc7af82b1f1b956451fa6ffaa3deca805bd3580bdc
2026-10-01 18:55:31.156 [OUT] 1F51 inv=FFFF len=4 #2 ffff511f
2026-10-01 18:55:31.200 [OP] 4F52 inv=FFFF len=0 #2 
2026-10-01 18:55:31.285 [OP] 42CE inv=FFFB len=4 #1 c87f510b
2026-10-01 18:55:31.285 [OP] 4211 inv=FFF6 len=9 #1 aa5b64511b3e22a34a
2026-10-01 18:55:31.286 [OP] 4211 inv=FFF6 len=9 #2 aa5b645140a722a34a
2026-10-01 18:55:31.286 [OP] 4211 inv=FFF6 len=9 #3 aa5b6451da3e22a34a
2026-10-01 18:55:31.286 [OP] 4211 inv=FFF6 len=9 #4 aa5b6451e3a722a34a
2026-10-01 18:55:31.377 [OP] 47C0 inv=FFCF len=48 #1 7cdffde3059ff8ce828cb877d77cc6c4232d3c168240c0fd6f5b1cbb6002b2da31ec6a6db498255f7fd9587538533d67
2026-10-01 18:55:31.378 [OP] 47C0 inv=FFD8 len=39 #2 b39526d77cc6c4232d3c168240c0fd6f5b1cbb6002b2da31ec6a6db498255f7fd9587538533d67
2026-10-01 18:55:31.378 [OP] 47C0 inv=FFE1 len=30 #3 0faac440c0fd6f5b1cbb6002b2da31ec6a6db498255f7fd9587538533d67
2026-10-01 18:55:31.378 [OP] 47C0 inv=FFEA len=21 #4 51cac7b2da31ec6a6db498255f7fd9587538533d67
2026-10-01 18:55:31.378 [OP] 47C0 inv=FFF3 len=12 #5 0253ca5f7fd9587538533d67
2026-10-01 18:55:32.946 [OUT] 0048 inv=FFF7 len=4 #1 f7ff4800
2026-10-01 18:55:33.028 [OP] 4721 inv=FFF7 len=8 #1 53c2392b1fe69564
2026-10-01 18:55:33.770 [PIPE] controller disconnected
2026-10-01 18:55:35.242 [OP] 4100 inv=FFF9 len=6 #1 98aac726ed08
2026-10-01 18:55:35.328 [OP] 4101 inv=FBC5 len=1082 #1 f03bad809464510bdcfaa32bc8d97b81510bdcfaa32b1f805b64510bdcfaa32b1f805b64510bdcfa87429dca5b6428d0dcfaa32b1f805d7f510bdcfaa32b1f805b64510bdcfa8a5dad80c464510bdcfaa32bc8d97b81e690dcfa4e78c8d9c831510b155a4e78c8d97b81a552155ac42b1f807b81a5526f3079b352ad6fe0510bdcfaa32b1f805b645d8766faa32b1f805bf33b0bdcfaa32b1f805b64510bdcfa
2026-10-01 18:55:35.418 [OUT] 1F51 inv=FFFF len=4 #3 ffff511f
2026-10-01 18:55:35.458 [OP] 4F52 inv=FFFF len=0 #3 
2026-10-01 18:55:36.324 [OUT] 1001 inv=FFF9 len=4 #1 f9ff0110
2026-10-01 18:55:36.588 [OP] 4108 inv=FFE3 len=28 #1 1207c464510bdcfa4d531f80d8f8510bce40515d1f805b64510bdcfa
2026-10-01 18:55:36.667 [OP] 4108 inv=FFE3 len=28 #2 1207c464510bdcfa87531f80d8f8510bce40515d1f805b64510bdcfa
2026-10-01 18:55:36.667 [OP] 4108 inv=FFF3 len=12 #3 53c2392b1f805b64510bdcfa
2026-10-01 18:55:36.668 [OP] 4108 inv=FFF3 len=12 #4 53c2392b1f805b64580bdcfa
2026-10-01 18:55:36.668 [OP] 4108 inv=FFF3 len=12 #5 53c2392b1f805b640e0bdcfa
2026-10-01 18:55:38.628 [OUT] 1005 inv=FFEF len=4 #1 efff0510
2026-10-01 18:55:38.801 [OP] 4110 inv=FFFD len=2 #1 872b
2026-10-01 18:55:42.086 [OP] EFFE inv=FFFE len=1 #2 0b
2026-10-01 18:55:45.483 [OUT] 1F51 inv=FFFF len=4 #4 ffff511f
2026-10-01 18:55:45.523 [OP] 4F52 inv=FFFF len=0 #4 
2026-10-01 18:55:52.099 [OP] EFFE inv=FFFE len=1 #3 0b
2026-10-01 18:55:53.399 [OP] 46FE inv=FFFF len=0 #2 
2026-10-01 18:55:55.553 [OUT] 1F51 inv=FFFF len=4 #5 ffff511f
2026-10-01 18:55:55.593 [OP] 4F52 inv=FFFF len=0 #5 
2026-10-01 18:56:03.689 [OP] 472A inv=FE76 len=393 #2 74b4de1fc75b64510bdcfaa32b1f805b64510bdcc4a32b1f805b64510bdcfaa32b1f805b64510bdc02b72b1f805b6451b9dcfaa32b1f805b64510bdcfaa32b1f805b64510bdcfaa32b1f805b64510bdcfaa32b1f805b64510bdcfaa32b1f805b64510bdcfaa32b1f805b64510bdcfaa32b1f805b64510bdcfaa32b1f805b64510bdcfaa32b1f805b64510bdc22f82b1fc3956451d06ffaa3deca805bc7580bdc
2026-10-01 18:56:03.772 [OP] 42CE inv=FFFB len=4 #2 c87f510b
2026-10-01 18:56:03.773 [OP] 4211 inv=FFF6 len=9 #5 aa5b64511b3e22a34a
2026-10-01 18:56:05.725 [OUT] 004E inv=FFFA len=4 #1 faff4e00
2026-10-01 18:56:05.859 [OP] 4029 inv=FFDF len=32 #1 becdfc0b4f9fa32b1f805b6467ecdcfaa32b1f805b64510b90c47a2b05809564
2026-10-01 18:56:06.789 [OP] 4100 inv=FFF9 len=6 #2 98aa846f7a75
2026-10-01 18:56:06.949 [OP] 4101 inv=FBFD len=1026 #2 0db252fadb2b1f805b64510b155a4e781f805b64510bdcfaa32b1f805b64510bdcfaa32b1f805b647c448b53a32b5ece5b64510bdcfa7dde1f805b64510bdcfaa32b1f805b64e38052fa392b1f805b64510b155a4e78ec5d5b64a552155a6ff51f807b81a552155a4e78c8d97b81da0bdcfa4e78c8d995a976e374b34fc51f805b64510bdcfaa32b1f83c064510bdcfaa3fe8a805b64510bdcfaa32b1f805b64
2026-10-01 18:56:07.860 [OUT] 1001 inv=FFF9 len=4 #2 f9ff0110
2026-10-01 18:56:10.083 [OUT] 1005 inv=FFEF len=4 #2 efff0510
2026-10-01 18:56:10.211 [OP] 4110 inv=FFFD len=2 #2 872b
2026-10-01 18:56:12.127 [OP] EFFE inv=FFFE len=1 #4 0b
2026-10-01 18:56:17.306 [OP] F005 inv=FFE7 len=24 #1 c2cc763c76faa32b1f805b64510bdcfaa3de1f80425d68b2
2026-10-01 18:56:17.641 [OP] F005 inv=FFE7 len=24 #2 26b35c3828d7972b1f805b64510bdcfaa3de1f80897ea30c
2026-10-01 18:56:17.700 [OP] F005 inv=FFE7 len=24 #3 26b35c3828d7e62b1f805b64510bdcfaa3de1f80e3a0f0ce
2026-10-01 18:56:23.710 [OP] 46FE inv=FFFF len=0 #3 
2026-10-01 18:56:28.148 [OP] EFFE inv=FFFE len=1 #5 0b
2026-10-01 18:56:28.768 [OP] 472A inv=FE6C len=403 #3 74b4de1fc75b64510bdcfaa32b1f805b64510bdce8a32b1f805b64510bdcfaa32b1f805b64510bdc02b72b1f805b64510adcfaa32b1f805b64510bdcfaa32b1f805b64510bdcfaa32b1f805b64510bdcfaa32b1f805b64510bdcfaa32b1f805b64510bdcfaa32b1fd97b81a50bdcfaa32b1f805b64510bdcfaa32b1f805b64510bdcfaa32b1f805b64510bdcbdf82b1fce956451f16ffaa3deca805b7f580bdc
2026-10-01 18:56:28.859 [OP] 42CE inv=FFFB len=4 #3 c87f510b
2026-10-01 18:56:29.291 [OUT] 0048 inv=FFF7 len=4 #2 f7ff4800
2026-10-01 18:56:29.337 [OP] 4721 inv=FFF7 len=8 #2 53c2392b1fe69564
2026-10-01 18:56:31.888 [OP] 4100 inv=FFF9 len=6 #3 98aaef531dd5
2026-10-01 18:56:32.006 [OP] 4101 inv=FC35 len=970 #3 becdfc0b90faa32b1f805b64a552155aa32b1f805b64510bdcfaa32b1f805b64510bdcfaa32b1f802337b2b2dcfa7dde1f805b64510b2022a32b1f805b64510bdcfaa32b1f80a0ecfc0b52faa32b1f805b64a552155a572a1f807b81a5528631a32bc8d97b81a552155a4e78c8d9df64510b155a4e78caa024c812922d93a32b1f805b64510bdcfaa3fe8a805b64510bdc77612b1f805b64510bdcfaa32b1f80
2026-10-01 18:56:32.952 [OUT] 1001 inv=FFF9 len=4 #3 f9ff0110
2026-10-01 18:56:35.166 [OUT] 1005 inv=FFEF len=4 #3 efff0510
2026-10-01 18:56:35.301 [OP] 4110 inv=FFFD len=2 #3 872b
2026-10-01 18:56:53.905 [OP] 472A inv=FE6C len=403 #4 74b4de1fc75b64510bdcfaa32b1f805b64510bdce8a32b1f805b64510bdcfaa32b1f805b64510bdc02b72b1f805b6451b9dcfaa32b1f805b64510bdcfaa32b1f805b64510bdcfaa32b1f805b64510bdcfaa32b1f805b64510bdcfaa32b1f805b64510bdcfaa32b1f805b64510bdcfaa32b1f805b64510bdcfaa32b1f805b64510bdcfaa32b1f805b64510bdc7af82b1fc3956451d06ffaa3deca805bd3580bdc
2026-10-01 18:56:53.993 [OP] 42CE inv=FFFB len=4 #4 c87f510b
2026-10-01 18:56:53.994 [OP] 46FE inv=FFFF len=0 #4 
2026-10-01 18:56:55.455 [OUT] 0048 inv=FFF7 len=4 #3 f7ff4800
2026-10-01 18:56:55.538 [OP] 4721 inv=FFF7 len=8 #3 53c2392b1fe69564
2026-10-01 18:56:55.931 [OUT] 004E inv=FFFA len=4 #2 faff4e00
2026-10-01 18:56:56.037 [OP] 4029 inv=FFDF len=32 #2 becdfc0b4f9fa32b1f805b6467ecdcfaa32b1f8094cdfc0b90c47a2b6b809564
2026-10-01 18:56:58.000 [OP] 4100 inv=FFF9 len=6 #4 98aa715335b1
2026-10-01 18:56:58.087 [OP] 4101 inv=FC35 len=970 #4 becdfc0b90faa32b1f805b64a552155aa32b1f805b64510bdcfaa32b1f805b64510bdcfaa32b1f802337b2b2dcfa7dde1f805b64510b2022a32b1f805b64510bdcfaa32b1f80a0ecfc0b52faa32b1f805b64a552155a572a1f807b81a5528631a32bc8d97b81a552155a4e78c8d9df64510b155a4e78caa024c812922d93a32b1f805b64510bdcfa71fe8a805b64510bdc77612b1f805b64510bdcfaa32b1f80
2026-10-01 18:56:59.027 [OUT] 1001 inv=FFF9 len=4 #4 f9ff0110
2026-10-01 18:57:01.385 [OUT] 1005 inv=FFEF len=4 #4 efff0510
2026-10-01 18:57:01.515 [OP] 4110 inv=FFFD len=2 #4 872b
2026-10-01 18:57:15.139 [OUT] 1004 inv=FFF3 len=4 #1 f3ff0410
2026-10-01 18:57:15.184 [OP] 4110 inv=FFFD len=2 #5 bc2b
2026-10-01 18:57:23.503 [OP] 472A inv=FE6C len=403 #5 74b4de1faa5b64510bdcfaa32b1f805b64510bdcc4a32b1f805b64510bdcfaa32b1f805b64510bdc02b72b1f805b64510adcfaa32b1f805b64510bdcfaa32b1f805b64510bdcfaa32b1f805b64510bdcfaa32b1f805b64510bdcfaa32b1f805b64510bdcfaa32b1f805b64510bdcfaa32b1f805b64510bdcfaa32b1f805b64510bdcfaa32b1f805b64510bdcbdf82b1f1b956451fa6ffaa391ca805bc7580bdc
2026-10-01 18:57:23.544 [OUT] 0048 inv=FFF7 len=4 #4 f7ff4800
2026-10-01 18:57:23.677 [OP] 42CE inv=FFFB len=4 #5 c87f510b
2026-10-01 18:57:23.765 [OP] 4721 inv=FFF7 len=8 #4 53c2392b1fe69564
2026-10-01 18:57:24.189 [OP] 46FE inv=FFFF len=0 #5 
2026-10-01 18:57:29.608 [OP] 4100 inv=FFF9 len=6 #5 98aa57dddc7f
2026-10-01 18:57:29.699 [OP] 4101 inv=FC6D len=914 #5 f03bad809464510bdcfaa32bc8d97b81510bdcfaa32b1f805b64510bdcfaa32b1f805b64510bdcfa87429d4e5b6428d0dcfaa32b1f805d7f510bdcfaa32b1f805b64510bdcfa8a5dad80c464510bdcfaa32bc8d97b81e690dcfa4e78c8d9c831510b155a4e78c8d97b81a552155ac42b1f807b81a5526f3079b352ad6fe0510bdcfaa32b1f805b64518766faa32b1f805bf33b0bdcfaa32b1f805b64510bdcfa
2026-10-01 18:57:30.695 [OUT] 1001 inv=FFF9 len=4 #5 f9ff0110
2026-10-01 18:57:32.985 [OUT] 1005 inv=FFEF len=4 #5 efff0510
2026-10-01 18:57:51.691 [OUT] 0048 inv=FFF7 len=4 #5 f7ff4800
2026-10-01 18:57:51.835 [OP] 4721 inv=FFF7 len=8 #5 53c2392b1fe69564
2026-10-01 18:57:52.106 [OUT] 004E inv=FFFA len=4 #3 faff4e00
2026-10-01 18:57:52.237 [OP] 4029 inv=FFDF len=32 #3 becdfc0b4f9fa32b1f805b6467ecdcfaa32b1f8094a2510b90c47a2b93809564
2026-10-01 18:59:05.883 [OP] F005 inv=FFE7 len=24 #4 c2cc763c76faa32b1f805b64510bdcfaa3ce1f80425d68b2
2026-10-01 18:59:13.646 [OUT] 004E inv=FFFA len=4 #4 faff4e00
2026-10-01 18:59:13.768 [OP] 4029 inv=FFDF len=32 #4 becdfc0b4f9fa32b1f805b6467ecdcfaa32b1f8094d0dde890c47a2ba1809564
2026-10-01 18:59:39.118 [OUT] 1004 inv=FFF3 len=4 #2 f3ff0410
2026-10-01 18:59:52.218 [OP] 4613 inv=FEFD len=258 #1 8ba5a84cca4f5b351d7fb2b99665621c75df60cf6fb4a07e9e3fe1df58ec6ffaa353caaa5b5d61460298f8541fc7613751c4dcc4f82b623cc83369938cc5a32b1fa5e5af58d5dc6d3524f6a3c870836f195b3c735929d6df5576da8c23c2707995df58ecdcfaf853ca80aba9115f17c4902b59805b64830b6ffaa3d91c48bd42804ddcfaa36482b79508512607e8f8c1ca5551f858ec59acdbb319c755ef0eec
2026-10-01 19:00:18.038 [OUT] 004E inv=FFFA len=4 #5 faff4e00
2026-10-01 19:00:18.116 [OP] 4029 inv=FFDF len=32 #5 becdfc0b4f9fa32b1f805b6467ecdcfaa32b1f80107f510b90c47a2b03809564
2026-10-01 19:01:35.242 [OP] F005 inv=FFE7 len=24 #5 26b35c3828d7a32b1f805b64510bdcfaa3ce1f80508833b2
2026-10-01 19:07:23.468 [OP] 4613 inv=FFBE len=65 #2 c49c1c10aa4064291790104263bc7913195826e3c4a646d741550758ec6fc4a32bcaaa956462c017ae0253ab80944cfd0bdcfaf8531f7926b35c3828d7972b1f80
2026-10-01 19:08:18.646 [PIPE] controller connected
2026-10-01 19:08:43.112 [PIPE] controller disconnected
2026-10-01 19:08:49.876 [OP] 4210 inv=FFF3 len=12 #1 f00bdcfafa2b1f80a0ecfc0b
2026-10-01 19:09:16.396 [OP] 4210 inv=FFF3 len=12 #2 f00bdcfafa2b1f80c6ecfc0b
2026-10-01 19:09:29.934 [PIPE] controller connected
2026-10-01 19:10:49.670 [PIPE] controller disconnected
2026-10-01 19:10:53.047 [PIPE] controller connected
2026-10-01 19:10:53.048 [PIPE] controller disconnected
2026-10-01 19:10:59.890 [INIT] dll unloaded
2026-10-01 19:11:21.574 [INIT] dll loaded, pid=35260
2026-10-01 19:11:21.574 [INIT] codec loaded OK
2026-10-01 19:11:21.575 [INIT] iat hooks: recv=1 send=1 WSASend=1 connect=1 closesocket=1
2026-10-01 19:11:22.508 [OP] EFFE inv=FFFE len=1 #1 0b
2026-10-01 19:11:22.827 [OP] 4104 inv=FFFB len=4 #1 6268e877
2026-10-01 19:11:23.065 [OP] 4109 inv=FDD7 len=552 #1 1207c464580be69fa32b1f805b64510b6ffaa32ba580ea7f0b0b0022fd249b809564510baeaea32b9dd15b6451ecdcfaa32b1f8062df510b06faa32b1f805b64510bdcfaf82b1f80a76f510b8bbaf82b1f805b6451ecdcfaf82b1f80a76f510b8bbadb2b1f805b6451b2dcfaf82b1f80a76f510b8bba392b1f805b64510bdcfaf82b1f80a76f510b8bbafd2b1f805b64515f90faf82b1f80a76f510b8bba232b
2026-10-01 19:11:23.145 [OP] 4111 inv=FFFD len=2 #1 2364
2026-10-01 19:11:23.145 [OP] 4104 inv=FFFA len=5 #2 72c46ef280
2026-10-01 19:11:23.145 [OP] 4104 inv=FFFA len=5 #3 77276ef2aa
2026-10-01 19:11:23.145 [OP] 4104 inv=FFFA len=5 #4 77276ef2c7
2026-10-01 19:11:23.145 [OP] 4104 inv=FFFA len=5 #5 77276ef2ce
2026-10-01 19:11:24.500 [OP] 4109 inv=FDD7 len=552 #2 1207c464580be6caa32b1f805b64510b6ffaa32b3480ea7ffd0b0022fd24e7809564510baeaea32b9de75b64517fdcfaa36f1f8062df510bf3faa32b1f805b64510bdcfa71531f809b64510bdcfaa32b1f805b64580bdcfab6ce1f801c7a580bdcc4a32b1f805b645decdcfa272b1f805b64510bdcfaa32bca805b645fc4dcfafdcb59805bdf510bdcc4a32bb6aa5b64950bdcfaa32b1f805b64510b6ffaa32b
2026-10-01 19:11:24.594 [OP] 4111 inv=FFFD len=2 #2 a164
2026-10-01 19:11:24.594 [OP] 4112 inv=FFFD len=2 #1 6ac4
2026-10-01 19:11:26.287 [OP] 4109 inv=FFB7 len=72 #3 1207c464517f6fc4a3531f805b64510b07faa32bcae75b6487b1dcfa40ce1f80a1df0eb107faa32b39125b640eec4ffaa32b1f805bdf510b8222a32b39125b64080b4ffaa32b1f80
2026-10-01 19:11:26.373 [OP] 4105 inv=FFFE len=1 #1 ec
2026-10-01 19:11:26.373 [OP] 4106 inv=FFFD len=2 #1 a353
2026-10-01 19:11:26.374 [OP] 4105 inv=FFFE len=1 #2 7f
2026-10-01 19:11:26.374 [OP] 4106 inv=FFFD len=2 #2 a393
2026-10-01 19:11:26.374 [OP] 4105 inv=FFFE len=1 #3 d0
2026-10-01 19:11:26.374 [OP] 4106 inv=FFFD len=2 #3 f8de
2026-10-01 19:11:26.375 [OP] 4105 inv=FFFE len=1 #4 b1
2026-10-01 19:11:26.376 [OP] 4106 inv=FFFD len=2 #4 a34a
2026-10-01 19:11:26.376 [OP] 4111 inv=FFFD len=2 #3 9564
2026-10-01 19:11:27.320 [OUT] 1F51 inv=FFFF len=4 #1 ffff511f
2026-10-01 19:11:27.363 [OP] 4F52 inv=FFFF len=0 #1 
2026-10-01 19:11:27.689 [OP] 4109 inv=FFB7 len=72 #4 1207c464517f6fc4a33b1f805b64510b07faa32b59e75b6f87b1dcfa40ce1f80a1f80e0b07faa32b39125b640e7f4ffaa32b1f805bdf510b8222a32b39125b64080b4ffaa32b1f80
2026-10-01 19:11:27.773 [OP] 4111 inv=FFFD len=2 #4 9464
2026-10-01 19:11:28.433 [PIPE] controller connected
2026-10-01 19:11:29.053 [OP] 4109 inv=FFB7 len=72 #5 1207c464517f6fc4a3531f805b64510b07faa32b9de75b6487b1dcfa40ce1f80a1260e8007faa32b39125b640eb14ffaa32b1f805b64510b8222a32b39125b64080b4ffaa32b1f80
2026-10-01 19:11:29.146 [OP] 4111 inv=FFFD len=2 #5 1c64
2026-10-01 19:11:31.065 [OP] 46FE inv=FFFF len=0 #1 
2026-10-01 19:11:33.167 [OP] 4105 inv=FFFE len=1 #5 fd
2026-10-01 19:11:33.351 [OP] 4106 inv=FFFD len=2 #5 a37c
2026-10-01 19:11:33.351 [OP] 4112 inv=FFFD len=2 #2 dcc4
2026-10-01 19:11:33.352 [OP] 4112 inv=FFFD len=2 #3 6fc4
2026-10-01 19:11:33.352 [OP] 4112 inv=FFFD len=2 #4 52c4
2026-10-01 19:11:33.352 [OP] 4112 inv=FFFD len=2 #5 8bc4
2026-10-01 19:11:37.398 [OUT] 1F51 inv=FFFF len=4 #2 ffff511f
2026-10-01 19:11:37.437 [OP] 4F52 inv=FFFF len=0 #2 
2026-10-01 19:11:40.705 [OP] 472A inv=FE6C len=403 #1 74b4de1fc75b64510bdcfaa32b1f805b64510bdcc4a32b1f805b64510bdcfaa32b1f805b64510bdc02b72b1f805b64510adcfaa32b1f805b64510bdcfaa32b1f805b64510bdcfaa32b1f805b64510bdcfaa32b1f805b64510bdcfaa32b1f805b64510bdcfaa32b1f805b64510bdcfaa32b1f805b64510bdcfaa32b1f805b64510bdcfaa32b1f805b64510bdc7af82b1fc3956451fa6ffaa3ccca805b5c510bdc
2026-10-01 19:11:40.795 [OP] 42CE inv=FFFB len=4 #1 c87f510b
2026-10-01 19:11:40.795 [OP] 4211 inv=FFF6 len=9 #1 aa5b64511b3e22a34a
2026-10-01 19:11:40.795 [OP] 4211 inv=FFF6 len=9 #2 aa5b645140a722a34a
2026-10-01 19:11:40.795 [OP] 4211 inv=FFF6 len=9 #3 aa5b6451da3e22a34a
2026-10-01 19:11:40.795 [OP] 4211 inv=FFF6 len=9 #4 aa5b6451e3a722a34a
2026-10-01 19:11:40.897 [OP] 47C0 inv=FFCF len=48 #1 7cdffde3059ff853e4bad7f1d77cc6c4237073abdc40c0fd6f5ba10c534eb2da31ec6a980de6ec5f7fd958751bf0946f
2026-10-01 19:11:40.898 [OP] 47C0 inv=FFD8 len=39 #2 b39526d77cc6c4237073abdc40c0fd6f5ba10c534eb2da31ec6a980de6ec5f7fd958751bf0946f
2026-10-01 19:11:40.898 [OP] 47C0 inv=FFE1 len=30 #3 0faac440c0fd6f5ba10c534eb2da31ec6a980de6ec5f7fd958751bf0946f
2026-10-01 19:11:40.898 [OP] 47C0 inv=FFEA len=21 #4 51cac7b2da31ec6a980de6ec5f7fd958751bf0946f
2026-10-01 19:11:40.899 [OP] 47C0 inv=FFF3 len=12 #5 0253ca5f7fd958751bf0946f
2026-10-01 19:11:41.752 [OUT] 0048 inv=FFF7 len=12 #1 f7ff4800dcfaa32b1fe69564
2026-10-01 19:11:41.889 [OP] 4721 inv=FFF7 len=8 #1 53c2392b1fe69564
2026-10-01 19:11:42.548 [OP] EFFE inv=FFFE len=1 #2 0b
2026-10-01 19:11:46.814 [OP] 4100 inv=FFF9 len=6 #1 98aabc08327f
2026-10-01 19:11:46.915 [OUT] 1F51 inv=FFFF len=4 #3 ffff511f
2026-10-01 19:11:46.956 [OP] 4F52 inv=FFFF len=0 #3 
2026-10-01 19:11:47.041 [OP] 4101 inv=FBC5 len=1082 #1 f03bad809464510bdcfaa32bc8d97b81510bdcfaa32b1f805b64510bdcfaa32b1f805b64510bdcfa87429dca5b6446d0dcfaa32b1f803d7f510bdcfaa32b1f805b64510bdcfa8a5dad80c464510bdcfaa32bc8d97b81e690dcfa4e78c8d9c831510b155a4e78c8d97b81a552155acb2b1f807b81a5526f3079b352ad6fe0510bdcfaa32b1f805b64518766faa32b1f805bf33b0bdcfaa32b1f805b64510bdcfa
2026-10-01 19:11:47.898 [OUT] 1001 inv=FFF9 len=10 #1 f9ff01101f805b64510b
2026-10-01 19:11:47.992 [OP] 4108 inv=FFE3 len=28 #1 1207c464510bdcfa4d531f80d8f8510bce40515d1f805b64510bdcfa
2026-10-01 19:11:48.087 [OP] 4108 inv=FFE3 len=28 #2 1207c464510bdcfa87531f80d8f8510bce40515d1f805b64510bdcfa
2026-10-01 19:11:48.087 [OP] 4108 inv=FFF3 len=12 #3 53c2392b1f805b64510bdcfa
2026-10-01 19:11:48.087 [OP] 4108 inv=FFF3 len=12 #4 53c2392b1f805b64580bdcfa
2026-10-01 19:11:48.087 [OP] 4108 inv=FFF3 len=12 #5 53c2392b1f805b640e0bdcfa
2026-10-01 19:11:50.020 [OUT] 1005 inv=FFEF len=20 #1 efff0510a498f853aa795c640b0b0022a32b1f80
2026-10-01 19:11:50.152 [OP] 4110 inv=FFFD len=2 #1 872b
2026-10-01 19:11:52.553 [OP] EFFE inv=FFFE len=1 #3 0b
2026-10-01 19:11:56.981 [OUT] 1F51 inv=FFFF len=4 #4 ffff511f
2026-10-01 19:11:57.022 [OP] 4F52 inv=FFFF len=0 #4 
2026-10-01 19:12:01.328 [OP] 46FE inv=FFFF len=0 #2 
2026-10-01 19:12:07.028 [OUT] 1F51 inv=FFFF len=4 #5 ffff511f
2026-10-01 19:12:07.068 [OP] 4F52 inv=FFFF len=0 #5 
2026-10-01 19:12:12.405 [OP] 472A inv=FE76 len=393 #2 74b4de1fc75b64510bdcfaa32b1f805b64510bdcc4a32b1f805b64510bdcfaa32b1f805b64510bdc02b72b1f805b6451b9dcfaa32b1f805b64510bdcfaa32b1f805b64510bdcfaa32b1f805b64510bdcfaa32b1f805b64510bdcfaa32b1f805b64510bdcfaa32b1f805b64510bdcfaa32b1f805b64510bdcfaa32b1f805b64510bdcfaa32b1f805b64510bdc7af82b1fc3956451fa6ffaa3ccca805b5c510bdc
2026-10-01 19:12:12.490 [OP] 42CE inv=FFFB len=4 #2 c87f510b
2026-10-01 19:12:12.492 [OP] 4211 inv=FFF6 len=9 #5 aa5b64511b3e22a34a
2026-10-01 19:12:12.583 [OP] EFFE inv=FFFE len=1 #4 0b
2026-10-01 19:12:14.427 [OUT] 004E inv=FFFA len=9 #1 faff4e00e9580bdce8
2026-10-01 19:12:14.493 [OP] 4029 inv=FFDF len=32 #1 becdfc0b4f9fa32b1f805b6467ecdcfaa32b1f809464580b90c47a2b33809564
2026-10-01 19:12:17.551 [OP] 4100 inv=FFF9 len=6 #2 98aae726b1ec
2026-10-01 19:12:17.637 [OP] 4101 inv=FBC5 len=1082 #2 f03bad809464510bdcfaa32bc8d97b81510bdcfaa32b1f805b64510bdcfaa32b1f805b64510bdcfa87429dca5b6446d0dcfaa32b1f803d7f510bdcfaa32b1f805b64510bdcfa8a5dad80c464510bdcfaa32bc8d97b81e690dcfa4e78c8d9c831510b155a4e78c8d97b81a552155acb2b1f807b81a5526f3079b352ad6fe0510bdcfaa32b1f805b64518766faa32b1f805bf33b0bdcfaa32b1f805b64510bdcfa
2026-10-01 19:12:18.628 [OUT] 1001 inv=FFF9 len=10 #2 f9ff01101f805b64510b
2026-10-01 19:12:20.814 [OUT] 1005 inv=FFEF len=20 #2 efff0510a498f853aa795c640b0b0022a32b1f80
2026-10-01 19:12:20.945 [OP] 4110 inv=FFFD len=2 #2 872b
2026-10-01 19:12:22.597 [OP] EFFE inv=FFFE len=1 #5 0b
2026-10-01 19:12:31.536 [OP] 46FE inv=FFFF len=0 #3 
2026-10-01 19:12:38.654 [OP] 472A inv=FE76 len=393 #3 74b4de1faa5b64510bdcfaa32b1f805b64510bdce8a32b1f805b64510bdcfaa32b1f805b64510bdc02b72b1f805b64510adcfaa32b1f805b64510bdcfaa32b1f805b64510bdcfaa32b1f805b64510bdcfaa32b1f805b64510bdcfaa32b1f805b64510bdcfaa32b1f805b64510bdcfaa32b1f805b64510bdcfaa32b1f805b64510bdcfaa32b1f805b64510bdcbdf82b1fc3956451f16ffaa391ca805b5c510bdc
2026-10-01 19:12:38.738 [OP] 42CE inv=FFFB len=4 #3 c87f510b
2026-10-01 19:12:42.851 [OP] 4100 inv=FFF9 len=6 #3 98aa23f8aeec
2026-10-01 19:12:43.186 [OP] 4101 inv=FC6D len=914 #3 f03bad809464510bdcfaa32bc8d97b81510bdcfaa32b1f805b64510bdcfaa32b1f805b64510bdcfa87429d4e5b6446d0dcfaa32b1f803d7f510bdcfaa32b1f805b64510bdcfa8a5dad80c464510bdcfaa32bc8d97b81e690dcfa4e78c8d9c831510b155a4e78c8d97b81a552155acb2b1f807b81a5526f3079b352ad6fe0510bdcfaa32b1f805b64588766faa32b1f805bf33b0bdcfaa32b1f805b64510bdcfa
2026-10-01 19:12:43.784 [OP] F005 inv=FFE7 len=24 #1 26b35c3828d7a32b1f805b64510bdcfaa3ce1f80508833b2
2026-10-01 19:12:43.925 [OUT] 1001 inv=FFF9 len=10 #3 f9ff01101f805b64510b
2026-10-01 19:12:46.091 [OUT] 1005 inv=FFEF len=20 #3 efff0510a498f853aac75c640b0b0022a32b1f80
2026-10-01 19:12:46.315 [OP] 4110 inv=FFFD len=2 #3 872b
2026-10-01 19:13:00.221 [OUT] 1004 inv=FFF3 len=16 #1 f3ff04104ef39f2b59c7c3642d0b59ae
2026-10-01 19:13:00.340 [OP] 4110 inv=FFFD len=2 #4 bc2b
2026-10-01 19:13:01.748 [OP] 46FE inv=FFFF len=0 #4 
2026-10-01 19:13:08.498 [OP] 472A inv=FE6C len=403 #4 74b4de1faa5b64510bdcfaa32b1f805b64510bdcc4a32b1f805b64510bdcfaa32b1f805b64510bdc02b72b1f805b6451b9dcfaa32b1f805b64510bdcfaa32b1f805b64510bdcfaa32b1f805b64510bdcfaa32b1f805b64510bdcfaa32b1f805b64510bdcfaa32b1f805b64510bdcfaa32b1f805b64510bdcfaa32b1f805b64510bdcfaa32b1f805b64510bdcbdf82b1fc3956451fa6ffaa3ccca805bd3580bdc
2026-10-01 19:13:08.599 [OP] 42CE inv=FFFB len=4 #4 c87f510b
2026-10-01 19:13:10.218 [OUT] 0048 inv=FFF7 len=12 #2 f7ff4800dcfaa32b1fe69564
2026-10-01 19:13:10.368 [OP] 4721 inv=FFF7 len=8 #2 53c2392b1fe69564
2026-10-01 19:13:10.527 [OUT] 004E inv=FFFA len=9 #2 faff4e00e9580bdce8
2026-10-01 19:13:10.670 [OP] 4029 inv=FFDF len=32 #2 becdfc0b4f9fa32b1f805b6467ecdcfaa32b1f80946494ed90c47a2b21809564
2026-10-01 19:13:12.596 [OP] 4100 inv=FFF9 len=6 #4 98aae67f517f
2026-10-01 19:13:12.678 [OP] 4101 inv=FC6D len=914 #4 f03bad809464510bdcfaa32bc8d97b81510bdcfaa32b1f805b64510bdcfaa32b1f805b64510bdcfa87429d4e5b6446d0dcfaa32b1f803d7f510bdcfaa32b1f805b64510bdcfa8a5dad80c464510bdcfaa32bc8d97b81e690dcfa4e78c8d9c831510b155a4e78c8d97b81a552155acb2b1f807b81a5526f3079b352ad6fe0510bdcfaa32b1f805b64df8766faa32b1f805bf33b0bdcfaa32b1f805b64510bdcfa
2026-10-01 19:13:13.630 [OUT] 1001 inv=FFF9 len=10 #4 f9ff01101f805b64510b
2026-10-01 19:13:15.895 [OUT] 1005 inv=FFEF len=20 #4 efff0510a498f853aac75c640b0b0022a32b1f80
2026-10-01 19:13:16.028 [OP] 4110 inv=FFFD len=2 #5 872b
2026-10-01 19:13:32.017 [OP] 46FE inv=FFFF len=0 #5 
2026-10-01 19:13:34.181 [OP] 472A inv=FE6C len=403 #5 74b4de1fc75b64510bdcfaa32b1f805b64510bdce8a32b1f805b64510bdcfaa32b1f805b64510bdc02b72b1f805b64510adcfaa32b1f805b64510bdcfaa32b1f805b64510bdcfaa32b1f805b64510bdcfaa32b1f805b64510bdcfaa32b1f805b64510bdcfaa32b1f805b64510bdcfaa32b1f805b64510bdcfaa32b1f805b64510bdcfaa32b1f805b64510bdc7af82b1fc3956451f16ffaa3731f805b5c510bdc
2026-10-01 19:13:34.267 [OP] 42CE inv=FFFB len=4 #5 c87f510b
2026-10-01 19:13:34.327 [OUT] 0048 inv=FFF7 len=12 #3 f7ff4800dcfaa32b1fe69564
2026-10-01 19:13:34.476 [OP] 4721 inv=FFF7 len=8 #3 53c2392b1fe69564
2026-10-01 19:13:40.285 [OP] 4100 inv=FFF9 len=6 #5 98aa9553387f
2026-10-01 19:13:40.369 [OP] 4101 inv=FC35 len=970 #5 becdfc0b90faa32b1f805b64a552155aa32b1f805b64510bdcfaa32b1f805b64510bdcfaa32b1f802337b2b2dcfa38de1f805b64510b7e22a32b1f805b64510bdcfaa32b1f80a0ecfc0b52faa32b1f805b64a552155a572a1f807b81a5528631a32bc8d97b81a552155a4e78c8d9e264510b155a4e78caa024c812922d93a32b1f805b64510bdcfaa8fe8a805b64510bdc77612b1f805b64510bdcfaa32b1f80
2026-10-01 19:13:41.359 [OUT] 1001 inv=FFF9 len=10 #5 f9ff01101f805b64510b
2026-10-01 19:13:43.745 [OUT] 1005 inv=FFEF len=20 #5 efff0510a498f853aa795c640b0b0022a32b1f80
2026-10-01 19:13:43.751 [OP] F005 inv=FFE7 len=24 #2 24c812922d0ba32b1f805b64510bdcfaa3de1f8008c52eb2
2026-10-01 19:14:08.775 [OUT] 004E inv=FFFA len=9 #3 faff4e00e9580bdce8
2026-10-01 19:14:08.838 [OP] 4029 inv=FFDF len=32 #3 becdfc0b4f9fa32b1f805b6467ecdcfaa32b1f8094cdfc0b90c47a2b2e809564
2026-10-01 19:14:21.354 [OP] 4031 inv=FFD5 len=42 #1 ec0b8ffaa32b1f8095640063e94e3237e20c8b878713a2b83bb9397041a3072b8995cf2b1f9e0945dd0b
2026-10-01 19:15:07.169 [OUT] 004E inv=FFFA len=9 #4 faff4e00e9580bdce8
2026-10-01 19:15:07.228 [OP] 4029 inv=FFDF len=32 #4 becdfc0b4f9fa32b1f805b6467ecdcfaa32b1f806d7f510b90c47a2b8b809564
2026-10-01 19:15:20.159 [OP] F005 inv=FFE7 len=24 #3 24c812922d0ba32b1f805b64510bdcfaa3ce1f8008c52eb2
2026-10-01 19:16:05.100 [OUT] 0048 inv=FFF7 len=12 #4 f7ff4800dcfaa32b1fe69564
2026-10-01 19:16:05.230 [OP] 4721 inv=FFF7 len=8 #4 53c2392b1fe69564
2026-10-01 19:16:06.147 [OUT] 004E inv=FFFA len=9 #5 faff4e00e9580bdce8
2026-10-01 19:16:06.232 [OP] 4029 inv=FFDF len=32 #5 becdfc0b4f9fa32b1f805b6467ecdcfaa32b1f809464580b90c47a2bc6809564
2026-10-01 19:16:27.251 [OUT] 0048 inv=FFF7 len=12 #5 f7ff4800dcfaa32b1fe69564
2026-10-01 19:16:27.457 [OP] 4721 inv=FFF7 len=8 #5 53c2392b1fe69564
2026-10-01 19:16:27.726 [OP] 4031 inv=FFEB len=20 #2 8ffa462b1f805b64580b2cc5e62b1f9e0945dd0b
2026-10-01 19:16:30.223 [OP] 4031 inv=FFE0 len=31 #3 44dc5ba32b1f805b64515c3aacd34d76b159ea7240b0faa3c6ea16d2aa1d0b
2026-10-01 19:16:33.100 [OP] F005 inv=FFE7 len=24 #4 26b35c3828d7972b1f805b64510bdcfaa3de1f80897ea30c
2026-10-01 19:16:47.015 [OP] 4031 inv=FFDC len=35 #4 775bf1510bdcfaa3531fe9022e98c810387599970e2d05890bdc574427238aa7a2f10b
2026-10-01 19:18:13.595 [OP] F005 inv=FFE7 len=24 #5 26b35c3828d7972b1f805b64510bdcfaa3ce1f80897ea30c
2026-10-01 19:28:47.428 [OUT] 1004 inv=FFF3 len=16 #2 f3ff04104ef39f2b59cec3642d0b59ae
2026-10-01 19:30:00.265 [SYS] #00FFFF#警报！警报！大批暗天军团正向#00FF00#平静海岸２区#00FFFF#靠近，冒险者们，拿起你们的武器，消灭入侵者！
2026-10-01 19:30:10.322 [SYS] #FF0000#美牛鱼先遣队长#00FFFF#带领的第1批暗天军团将在5分钟后抵达#00FF00#平静海岸2区
2026-10-01 19:31:10.271 [SYS] #FF0000#美牛鱼先遣队长#00FFFF#带领的第1批暗天军团将在4分钟后抵达#00FF00#平静海岸2区
2026-10-01 19:32:10.276 [SYS] #FF0000#美牛鱼先遣队长#00FFFF#带领的第1批暗天军团将在3分钟后抵达#00FF00#平静海岸2区
2026-10-01 19:33:10.281 [SYS] #FF0000#美牛鱼先遣队长#00FFFF#带领的第1批暗天军团将在2分钟后抵达#00FF00#平静海岸2区
2026-10-01 19:34:10.285 [SYS] #FF0000#美牛鱼先遣队长#00FFFF#带领的第1批暗天军团将在1分钟后抵达#00FF00#平静海岸2区
2026-10-01 19:34:40.296 [SYS] #FF0000#美牛鱼先遣队长#00FFFF#带领的第1批暗天军团将于30秒后抵达#00FF00#平静海岸2区
2026-10-01 19:35:05.337 [OP] 4031 inv=FFD8 len=39 #5 70a3ce1f805b6451ecdcce97afe49e9f1b3553232b3459405570693a3c653fcf2b1f9e0945dd0b
2026-10-01 19:35:10.367 [SYS] #FF0000#美牛鱼先遣队长#00FFFF#带领的第1批暗天军团已经抵达#00FF00#平静海岸２区的营地周围#00FFFF#！冒险者们，赶快行动起来，消灭入侵者
2026-10-01 19:35:26.111 [SYS] #00FFFF##FF0000#美牛鱼先遣队长#00FFFF#被#FFE292#土土#00FFFF#带领的冒险者队伍打败了！暗天军团遗留的#00FF00#30个#00FFFF#宝箱分散在#00FF00#平静海岸２区#00FFFF#，冒险者们，发财的机会来了，快去寻找遗失的宝箱吧！同时所有冒险者都可以从#FFE292#飞刀王#00FFFF#处领取新一轮的#FFFF00#潜能#00FFFF#奖励
2026-10-01 19:35:43.262 [OUT] 1004 inv=FFF3 len=16 #3 f3ff04104ef39f2b59cec3642d0b59ae
2026-10-01 19:38:39.141 [SYS] #FF0000#精灵先遣队长#00FFFF#带领的第2批暗天军团将在3分钟后抵达#00FF00#平静海岸2区
2026-10-01 19:39:39.148 [SYS] #FF0000#精灵先遣队长#00FFFF#带领的第2批暗天军团将在2分钟后抵达#00FF00#平静海岸2区
2026-10-01 19:39:57.530 [OUT] 1004 inv=FFF3 len=16 #4 f3ff04104ef39f2b5980c3642d0b59ae
2026-10-01 19:40:39.199 [SYS] #FF0000#精灵先遣队长#00FFFF#带领的第2批暗天军团将在1分钟后抵达#00FF00#平静海岸2区
2026-10-01 19:41:09.169 [SYS] #FF0000#精灵先遣队长#00FFFF#带领的第2批暗天军团将于30秒后抵达#00FF00#平静海岸2区
2026-10-01 19:41:39.168 [SYS] #FF0000#精灵先遣队长#00FFFF#带领的第2批暗天军团已经抵达#00FF00#平静海岸２区的营地周围#00FFFF#！冒险者们，赶快行动起来，消灭入侵者
2026-10-01 19:41:50.661 [SYS] #00FFFF##FF0000#精灵先遣队长#00FFFF#被#FFE292#简简单单0#00FFFF#带领的冒险者队伍打败了！暗天军团遗留的#00FF00#30个#00FFFF#宝箱分散在#00FF00#平静海岸２区#00FFFF#，冒险者们，发财的机会来了，快去寻找遗失的宝箱吧！同时所有冒险者都可以从#FFE292#飞刀王#00FFFF#处领取新一轮的#FFFF00#潜能#00FFFF#奖励
2026-10-01 19:44:09.963 [SYS] #FF0000#金人先遣队长#00FFFF#带领的第3批暗天军团将在3分钟后抵达#00FF00#平静海岸2区
2026-10-01 19:44:22.964 [OP] 4210 inv=FFF3 len=12 #1 710bdcfa772b1f80a0ecfc0b
2026-10-01 19:44:22.964 [OP] 4210 inv=FFF3 len=12 #2 710bdcfa772b1f80c6ecfc0b
2026-10-01 19:45:09.965 [SYS] #FF0000#金人先遣队长#00FFFF#带领的第3批暗天军团将在2分钟后抵达#00FF00#平静海岸2区
2026-10-01 19:46:10.019 [SYS] #FF0000#金人先遣队长#00FFFF#带领的第3批暗天军团将在1分钟后抵达#00FF00#平静海岸2区
2026-10-01 19:46:39.974 [SYS] #FF0000#金人先遣队长#00FFFF#带领的第3批暗天军团将于30秒后抵达#00FF00#平静海岸2区
2026-10-01 19:47:09.986 [SYS] #FF0000#金人先遣队长#00FFFF#带领的第3批暗天军团已经抵达#00FF00#平静海岸２区的营地周围#00FFFF#！冒险者们，赶快行动起来，消灭入侵者
2026-10-01 19:47:34.885 [SYS] #00FFFF##FF0000#金人先遣队长#00FFFF#被#FFE292#简简单单0#00FFFF#带领的冒险者队伍打败了！暗天军团遗留的#00FF00#30个#00FFFF#宝箱分散在#00FF00#平静海岸２区#00FFFF#，冒险者们，发财的机会来了，快去寻找遗失的宝箱吧！同时所有冒险者都可以从#FFE292#飞刀王#00FFFF#处领取新一轮的#FFFF00#潜能#00FFFF#奖励
2026-10-01 19:50:00.203 [SYS] #00FFFF#国庆节特别活动“红旗飘飘贺国庆”将于#00FF00#10#00FFFF#分钟后开启，冒险者可以在逍遥西的#FF0000#大冒险活动官#00FFFF#处参加活动，收集喜庆用品装饰旗台，赢取丰富的属性及道具奖励，幸运的冒险者还将得到#FF0000#稀有奖励#FFFFFF#！
2026-10-01 19:50:00.292 [SYS] #FF0000#真子先遣队长#00FFFF#带领的第4批暗天军团将在3分钟后抵达#00FF00#平静海岸2区
2026-10-01 19:51:00.295 [SYS] #FF0000#真子先遣队长#00FFFF#带领的第4批暗天军团将在2分钟后抵达#00FF00#平静海岸2区
2026-10-01 19:52:00.292 [SYS] #FF0000#真子先遣队长#00FFFF#带领的第4批暗天军团将在1分钟后抵达#00FF00#平静海岸2区
2026-10-01 19:52:07.992 [OUT] 1004 inv=FFF3 len=16 #5 f3ff04104ef39f2b59cec3642d0b59ae
2026-10-01 19:52:30.297 [SYS] #FF0000#真子先遣队长#00FFFF#带领的第4批暗天军团将于30秒后抵达#00FF00#平静海岸2区
2026-10-01 19:53:00.299 [SYS] #FF0000#真子先遣队长#00FFFF#带领的第4批暗天军团已经抵达#00FF00#平静海岸２区的营地周围#00FFFF#！冒险者们，赶快行动起来，消灭入侵者
2026-10-01 19:53:08.222 [PIPE] controller disconnected
2026-10-01 19:53:19.918 [PIPE] controller connected
2026-10-01 19:53:25.685 [SYS] #00FFFF##FF0000#真子先遣队长#00FFFF#被#FFE292#〝夜无眠#00FFFF#带领的冒险者队伍打败了！暗天军团遗留的#00FF00#30个#00FFFF#宝箱分散在#00FF00#平静海岸２区#00FFFF#，冒险者们，发财的机会来了，快去寻找遗失的宝箱吧！同时所有冒险者都可以从#FFE292#飞刀王#00FFFF#处领取新一轮的#FFFF00#潜能#00FFFF#奖励
2026-10-01 19:55:00.237 [SYS] #00FFFF#国庆节特别活动“红旗飘飘贺国庆”将于#00FF00#5#00FFFF#分钟后开启，冒险者可以在逍遥西的#FF0000#大冒险活动官#00FFFF#处参加活动，收集喜庆用品装饰旗台，赢取丰富的属性及道具奖励，幸运的冒险者还将得到#FF0000#稀有奖励#FFFFFF#！
2026-10-01 19:55:40.205 [SYS] #FF0000#打劫者先遣队长#00FFFF#带领的第5批暗天军团将在3分钟后抵达#00FF00#平静海岸2区
2026-10-01 19:56:40.269 [SYS] #FF0000#打劫者先遣队长#00FFFF#带领的第5批暗天军团将在2分钟后抵达#00FF00#平静海岸2区
2026-10-01 19:57:40.219 [SYS] #FF0000#打劫者先遣队长#00FFFF#带领的第5批暗天军团将在1分钟后抵达#00FF00#平静海岸2区
2026-10-01 19:58:10.222 [SYS] #FF0000#打劫者先遣队长#00FFFF#带领的第5批暗天军团将于30秒后抵达#00FF00#平静海岸2区
2026-10-01 19:58:40.273 [SYS] #FF0000#打劫者先遣队长#00FFFF#带领的第5批暗天军团已经抵达#00FF00#平静海岸２区的营地周围#00FFFF#！冒险者们，赶快行动起来，消灭入侵者
2026-10-01 19:59:13.486 [SYS] #00FFFF##FF0000#打劫者先遣队长#00FFFF#被#FFE292#Devil極#00FFFF#带领的冒险者队伍打败了！暗天军团遗留的#00FF00#30个#00FFFF#宝箱分散在#00FF00#平静海岸２区#00FFFF#，冒险者们，发财的机会来了，快去寻找遗失的宝箱吧！同时所有冒险者都可以从#FFE292#飞刀王#00FFFF#处领取新一轮的#FFFF00#潜能#00FFFF#奖励
2026-10-01 20:00:00.157 [SYS] #00FFFF#国庆节特别活动“红旗飘飘贺国庆”#00FF00#正式开启#00FFFF#，冒险者可以在逍遥西的#FF0000#大冒险活动官#00FFFF#处参加活动，收集喜庆用品装饰旗台，赢取丰富的属性及道具奖励，幸运的冒险者还将得到#FF0000#稀有奖励#FFFFFF#！
2026-10-01 20:00:01.118 [SYS] 许愿池里多了一批新礼物，赶紧来许愿吧~
2026-10-01 20:02:07.706 [SYS] #FF0000#土著先遣队长#00FFFF#带领的第6批暗天军团将在3分钟后抵达#00FF00#平静海岸2区
2026-10-01 20:02:42.721 [QUESTION] {"type":"question","sock":2348,"qno":3,"field_a":83,"stem":"气温、水、植物等对岩石的破坏现象叫做？","options":["1、风化","2、变形","3、自西向东","4、机械化"]}
2026-10-01 20:02:43.735 [UI] auto dump on question qno=3
2026-10-01 20:02:43.735 [UI] ---- window dump begin (pid 35260) ----
2026-10-01 20:02:43.743 [UI] TOP=000700F2 vis=1 cls=ATL:012FF210 rc=(210,55,1250,862) title=什么什么大冒险2(①逍遥村敬老院)-伏地魔4_Sep 24 2026《什么什么大冒险》制作委员会QQ群:515616289
2026-10-01 20:02:43.743 [UI] TOP=0003061E vis=0 cls=DIEmWin rc=(-1,-1,135,38) title=DIEmWin
2026-10-01 20:02:43.749 [UI] TOP=000405FE vis=0 cls=MSCTFIME UI rc=(0,0,0,0) title=MSCTFIME UI
2026-10-01 20:02:43.772 [UI] TOP=0003061A vis=0 cls=IME rc=(0,0,0,0) title=Default IME
2026-10-01 20:02:43.772 [UI] TOP=00100106 vis=0 cls=IME rc=(0,0,0,0) title=Default IME
2026-10-01 20:02:43.772 [UI] ---- window dump end ----
2026-10-01 20:02:47.528 [SEND-ANSWER] qno=3 opt=0 ret=13 sock=2348
2026-10-01 20:02:47.572 [SYS] 测试通过！
2026-10-01 20:02:47.658 [SYS] 获得了#00FF00#100#FFF692#金币
2026-10-01 20:02:47.658 [CURRENCY] a=199369 b=775209
2026-10-01 20:02:49.332 [UI] auto-closing quiz frame: qno=3 opt=0
2026-10-01 20:02:50.050 [OUT] 1F04 inv=FFF6 len=13 #1 f6ff041fce1f805b7f510bdcfa
2026-10-01 20:03:07.720 [SYS] #FF0000#土著先遣队长#00FFFF#带领的第6批暗天军团将在2分钟后抵达#00FF00#平静海岸2区
2026-10-01 20:04:07.731 [SYS] #FF0000#土著先遣队长#00FFFF#带领的第6批暗天军团将在1分钟后抵达#00FF00#平静海岸2区
2026-10-01 20:04:37.786 [SYS] #FF0000#土著先遣队长#00FFFF#带领的第6批暗天军团将于30秒后抵达#00FF00#平静海岸2区
2026-10-01 20:05:07.750 [SYS] #FF0000#土著先遣队长#00FFFF#带领的第6批暗天军团已经抵达#00FF00#平静海岸２区的营地周围#00FFFF#！冒险者们，赶快行动起来，消灭入侵者
2026-10-01 20:05:54.142 [SYS] #00FFFF##FF0000#土著先遣队长#00FFFF#被#FFE292#Devil極#00FFFF#带领的冒险者队伍打败了！暗天军团遗留的#00FF00#30个#00FFFF#宝箱分散在#00FF00#平静海岸２区#00FFFF#，冒险者们，发财的机会来了，快去寻找遗失的宝箱吧！同时所有冒险者都可以从#FFE292#飞刀王#00FFFF#处领取新一轮的#FFFF00#潜能#00FFFF#奖励
2026-10-01 20:09:23.016 [SYS] #00FFFF#暗天军团入侵平静海岸２区的阴谋被粉碎了！冒险者们，你们都是英雄，潜能奖励将在30分钟后关闭，请大家抓紧时间
2026-10-01 20:17:36.002 [OP] 4613 inv=FF3F len=192 #1 ad63e5af58d5dc590193f6a3e9cdde956fcfb5531891f54f7ad16fc4f8531f8095df580b516eea240faa29640e67dcfa232bcaaa5b53bc595ab12b219f805b64cd2fe7c4202b97b194dc023ca7bb7753ca7cf97d42e7f2c4f853ca805bdf58ecdcabbc6362b39566517f1751a32b1faa5b6483d286033d6643505b6451040370f8d91f990f5319be908cd124e1a6c30df67f6fe22924ca9be7df58ec6ffaa353
2026-10-01 20:17:36.002 [OP] 4613 inv=FF7E len=129 #2 f8cd2fe7c4202b97b194dc023ca7bb7753ca7cf97d42e7f2c4f853ca805bdf58ecdcabbc6362b39566517f1751a32b1faa5b6483d286033d6643505b6451040370f8d91f990f5319be908cd124e1a6c30df67f6fe22924ca9be7df58ec6ffaa353caaa5b63616f6a98f8541f802764510bdcc4a32beceb066d0d19f8bbea2b1f80
2026-10-01 20:17:36.002 [OP] 4613 inv=FFBB len=68 #3 58040370f8d91f990f5319be908cd124e1a6c30df67f6fe22924ca9be7df58ec6ffaa353caaa5b63616f6a98f8541f802764510bdcc4a32beceb066d0d19f8bbea2b1f80
2026-10-01 20:17:37.992 [OP] 4613 inv=FFB8 len=71 #4 aaf8fdfeece625ddb359344cf8caad6a57ff93182c94df43a66ab45c93702694df58ec6ffaa353caaa5b8a2d476a98f8c71f8084af510bdcc4a32beceb066d0de38abbea2b1f80
2026-10-01 20:17:39.004 [OP] 4613 inv=FFB9 len=70 #5 9596ddbf6fe0203395c72c6c0e246f57ff93182c94df01a290b45c93702694df58ec6ffaa353caaa5b2861dee698f8c41f805b64510bdcc4a32beceb066d0d9c27bbea2b1f80
2026-10-01 20:17:52.530 [OP] 4612 inv=FFE7 len=24 #1 fd0bdcfa8b3bad8041cdfc0b540e392be787c4647b8052fa
2026-10-01 20:17:52.530 [OP] 4612 inv=FFE7 len=24 #2 fd0bdcfa8b3bad8041cdfc0b540e392be787c4647b8052fa
2026-10-01 20:18:15.818 [OP] 4612 inv=FFE7 len=24 #3 fd0bdcfa8b3bad8041cdfc0b540e392be787c4647b8052fa
2026-10-01 20:19:06.685 [OP] 4612 inv=FFE7 len=24 #4 fd0bdcfa8b3bad8041cdfc0b540e392be787c4647b8052fa
2026-10-01 20:19:06.685 [OP] 4612 inv=FFE7 len=24 #5 fd0bdcfa8b3bad8041cdfc0b540e392be787c4647b8052fa
2026-10-01 20:20:00.153 [SYS] #00FFFF#国庆节特别活动“红旗飘飘贺国庆”#00FF00#正式开启#00FFFF#，冒险者可以在逍遥西的#FF0000#大冒险活动官#00FFFF#处参加活动，收集喜庆用品装饰旗台，赢取丰富的属性及道具奖励，幸运的冒险者还将得到#FF0000#稀有奖励#FFFFFF#！
2026-10-01 20:30:53.475 [QUESTION] {"type":"question","sock":2348,"qno":20,"field_a":105,"stem":"人们平时所说的“煤气中毒”是因为哪种有害气体吸入过多而引起的？","options":["1、二手烟","2、一氧化碳","3、生气","4、屁"]}
2026-10-01 20:30:53.751 [OP] 4210 inv=FFF3 len=12 #3 140bdcfaf42b1f80a0ecfc0b
2026-10-01 20:30:53.844 [OP] 4210 inv=FFF3 len=12 #4 140bdcfaf42b1f80c6ecfc0b
2026-10-01 20:30:54.379 [SEND-ANSWER] qno=20 opt=1 ret=13 sock=2348
2026-10-01 20:30:54.473 [SYS] 测试通过！
2026-10-01 20:30:54.486 [UI] auto dump on question qno=20
2026-10-01 20:30:54.486 [UI] ---- window dump begin (pid 35260) ----
2026-10-01 20:30:54.494 [UI] TOP=000700F2 vis=1 cls=ATL:012FF210 rc=(210,55,1250,862) title=什么什么大冒险2(①逍遥村敬老院)-伏地魔4_Sep 24 2026《什么什么大冒险》制作委员会QQ群:515616289
2026-10-01 20:30:54.494 [UI] TOP=0003061E vis=0 cls=DIEmWin rc=(-1,-1,135,38) title=DIEmWin
2026-10-01 20:30:54.522 [UI] TOP=000405FE vis=0 cls=MSCTFIME UI rc=(0,0,0,0) title=MSCTFIME UI
2026-10-01 20:30:54.528 [UI] TOP=0003061A vis=0 cls=IME rc=(0,0,0,0) title=Default IME
2026-10-01 20:30:54.528 [UI] TOP=00100106 vis=0 cls=IME rc=(0,0,0,0) title=Default IME
2026-10-01 20:30:54.528 [UI] ---- window dump end ----
2026-10-01 20:30:54.555 [SYS] 获得了#00FF00#100#FFF692#金币
2026-10-01 20:30:54.555 [CURRENCY] a=199369 b=775309
2026-10-01 20:30:56.180 [UI] auto-closing quiz frame: qno=20 opt=1
2026-10-01 20:30:56.190 [UI] option 1 control NOT found — falling back to digit key
2026-10-01 20:38:46.974 [OP] 4018 inv=FFF0 len=15 #1 5f6b7f51a4a722a3bbca42dc645175
2026-10-01 20:40:00.203 [SYS] #00FFFF#国庆节特别活动“红旗飘飘贺国庆”#00FF00#正式开启#00FFFF#，冒险者可以在逍遥西的#FF0000#大冒险活动官#00FFFF#处参加活动，收集喜庆用品装饰旗台，赢取丰富的属性及道具奖励，幸运的冒险者还将得到#FF0000#稀有奖励#FFFFFF#！
2026-10-01 20:41:00.015 [SYS] #00FF00#1#00FFFF#分钟后逍遥村周围将掉落20个宝箱，捡取可获得意外惊喜喔！#FFFFFF#
2026-10-01 20:42:07.803 [OP] 4210 inv=FFF3 len=12 #5 710bdcfab42b1f80baecfc0b
2026-10-01 20:43:49.412 [SYS] #00FF00#1#00FFFF#分钟后逍遥村周围将掉落20个宝箱，捡取可获得意外惊喜喔！#FFFFFF#
2026-10-01 20:43:49.513 [SYS] #00FFFF#10位玉女携带礼物参加国庆活动，#00FF00#5#00FFFF#分钟后将出现在夕阳草原，请各位冒险者前去保护她们免受BOSS骚扰#FF0000#（BOSS有一定几率携带稀有宝宝）。#FFFFFF#
2026-10-01 20:44:33.086 [OP] 40E0 inv=FED1 len=302 #1 0db252fad33b1f805b64510b1ac4a32b1f805b6441fddcfaa32b1f80a8df510bdcfaa32b89455b64fc0bdcfa392b1f804864510ba7e8a32bad805b64120bdcfa082b1f8043df510b82e8a32bad805b6413afdcfa33531f805764510b31c4a32b5d4e5b644cecdcfabf2b1f800d64510b8ffaa32b1f805b64510bdcfaa32b1f805b64510bdcfaa32b1f805b64430bdcfaa32b1f805b64510bdcfaa32b1f805b64
2026-10-01 20:44:33.086 [OP] 40E3 inv=FFD7 len=40 #1 f03bad805c64510bacfabc2bd4801b64db0b6ffabf5384809fdf0b0b0022202b01cec464edd090fa
2026-10-01 20:44:33.086 [OP] 40E2 inv=FFF3 len=12 #1 becdfc0b6f53a32b45809564
2026-10-01 20:44:33.086 [OP] 4232 inv=FF60 len=159 #1 e5afd0dce0a32b1f4f5b645127dcfaa3de1f805b6f510bdc1c462b1f805b64510bdcfaa32b1f805b64510bdcfaa32b1f805b64510bdcfaa3f89d805b64510bdcb7f82b1f805b6451fb8bfaa32b1f805b4e580bdcfaa32b1f227a64519c52faa3edad805b7c510bdc25a32b1fef5b6451c4dcfaa3d4ad805bbc510bdc6ba32b1f0a5b64510bdcfaa32cd672eca2d661e2b05b931f805b64510bdcfaa32b1f80
2026-10-01 20:44:33.086 [OP] 4232 inv=FF60 len=159 #2 e5afd0dcf4a32b1f8c5b6451fddcfaa3061f805b08510bdcc0202b1f805b64510bdcfaa32b1f805b64510bdcfaa32b1f805b64510bdcfaa34c62805b64510bdc1e392b1f805b6451bf6afaa32b1f805b6eb20bdcfaa32b1f132364512e52faa3b834805be4510bdc02a32b1fef5b6451c4dcfaa31a9d805b02510bdc95a32b1fd35b64510bdcfaa32cd672eca2d6e4e2b05bde1f805bdf510bdcfaa32b1f80
2026-10-01 20:44:33.086 [OP] 4232 inv=FF60 len=159 #3 e5afd0dce0a32b1f8c5b6451c0dcfaa36b1f805b53510bdc38572b1f805b64510bdcfaa32b1f805b64510bdcfaa32b1f805b64510bdcfaa3a6f3805b64510bdc43232b1f805b64515f66faa32b1f805b8e830bdcfaa32b1fb99b64519c52faa33f8a805bef510bdcf0a32b1fef5b6451c4dcfaa3973c805b0b510bdc84db2b1f239564510bdcfaa32cd6724852d6ca10b05b4aca8095f8510bdcfaa32b1f80
2026-10-01 20:44:33.086 [OP] 401B inv=FEB3 len=332 #1 f03bad800d64510b17faa32bb907c464530bdcfa972b1f8099d9510bdcfaa32b53ca5b64510bdcfa5a531f805b64510b9bc4a32b1f805b64bc595ab12b21ab805b64510bdcfaa32b1f725bdfd7b252fada2b1f804964510bf453a32b1f805b64820cdcfaa32b1f803f08510bdcfaa32b5b4f5b64510bdcfa16876c842d43510bdcfaa32b1f805b645161dcc4e45dad803164510b6dfaa32b73ce5b64510bdcfa
2026-10-01 20:44:33.086 [SYS] #ff0000#您已进入野外区域，可能遭遇玩家间的自由对战，请注意安全！#ffffff#
2026-10-01 20:44:33.106 [OUT] 0185 inv=FFF7 len=12 #1 f7ff8501dcfaa32bc8d97b81
2026-10-01 20:44:33.146 [OP] 4202 inv=FFEF len=16 #1 d5ecdcfab42b1f806adf510be4c4a32b
2026-10-01 20:44:33.146 [OP] 4055 inv=FFF7 len=8 #1 becdfc0bdcfaa32b
2026-10-01 20:44:33.147 [OP] 40A0 inv=FF07 len=248 #1 becdfc0b8bfaa32b5e605b6439ecdcfadb4ac3548a70b105cd97600e1f805b64510bdcfaa32b1f805b64510bdcfaa32b1f805b64510bdcfaa32b1f8030dfced078c4b1deef125b64e07fdcfadb4ae4f1245d510bdcfaa32b1f805b64510bdcfaa32b1f805b64510bdcfaa32b1f805b64510bdcfaa32b1f806bf84bd0a7e8fcde6fce5b64a9d0dcfadb4a402fed6d510bdcfaa32b1f805b64510bdcfaa32b1f80
2026-10-01 20:45:30.904 [SYS] #ff0000#您已进入野外区域，可能遭遇玩家间的自由对战，请注意安全！#ffffff#
2026-10-01 20:45:30.998 [OP] 4202 inv=FFEF len=16 #2 feecdcfab42b1f8056df510bc3c4a32b
2026-10-01 20:45:30.999 [OP] 4055 inv=FFF7 len=8 #2 becdfc0bdcfaa32b
2026-10-01 20:45:30.999 [OP] 40E0 inv=FED1 len=302 #2 0db252fad33b1f805b64510b1ac4a32b1f805b6441fddcfaa32b1f80a8df510bdcfaa32b89455b64fc0bdcfa392b1f804864510ba7e8a32bad805b64120bdcfa082b1f8043df510b82e8a32bad805b6413afdcfa33531f805764510b31c4a32b5d4e5b644cecdcfabf2b1f800d64510b8ffaa32b1f805b64510bdcfaa32b1f805b64510bdcfaa32b1f805b64430bdcfaa32b1f805b64510bdcfaa32b1f805b64
2026-10-01 20:45:30.999 [OP] 40E3 inv=FFD7 len=40 #2 f03bad805c64510bacfabc2bd4801b64db0b6ffabf5384809fdf0b0b0022202b01cec464edd090fa
2026-10-01 20:45:30.999 [OP] 40E2 inv=FFF3 len=12 #2 becdfc0b6f53a32b45809564
2026-10-01 20:45:30.999 [OP] 4232 inv=FF60 len=159 #4 e5afd0dce0a32b1f4f5b645127dcfaa3de1f805b6f510bdc1c462b1f805b64510bdcfaa32b1f805b64510bdcfaa32b1f805b64510bdcfaa3f89d805b64510bdcb7f82b1f805b6451fb8bfaa32b1f805b4e580bdcfaa32b1f227a64519c52faa3edad805b7c510bdc25a32b1fef5b6451c4dcfaa3d4ad805bbc510bdc6ba32b1f0a5b64510bdcfaa32cd672eca2d661e2b05b931f805b64510bdcfaa32b1f80
2026-10-01 20:45:30.999 [OP] 4232 inv=FF60 len=159 #5 e5afd0dcf4a32b1f8c5b6451fddcfaa3061f805b08510bdcc0202b1f805b64510bdcfaa32b1f805b64510bdcfaa32b1f805b64510bdcfaa34c62805b64510bdc1e392b1f805b6451bf6afaa32b1f805b6eb20bdcfaa32b1f132364512e52faa3b834805be4510bdc02a32b1fef5b6451c4dcfaa31a9d805b02510bdc95a32b1fd35b64510bdcfaa32cd672eca2d6e4e2b05bde1f805bdf510bdcfaa32b1f80
2026-10-01 20:45:30.999 [OP] 401B inv=FEB3 len=332 #2 f03bad800d64510b17faa32bb907c464530bdcfa972b1f8099d9510bdcfaa32b53ca5b64510bdcfa5a531f805b64510b9bc4a32b1f805b64bc595ab12b21ab805b64510bdcfaa32b1faa5b64d7b252fada2b1f804964510bf453a32b1f805b64820cdcfaa32b1f803f08510bdcfaa32b5b4f5b64510bdcfa16876c842d43510bdcfaa32b1f805b64517d90fae45dad803164510b6dfaa32b73ce5b64510bdcfa
2026-10-01 20:45:31.093 [OP] 40A0 inv=FF7F len=128 #2 becdfc0b900e392b4f125b644f0bdcfadb4a86550b70510bdcfaa32b1f805b64510bdcfaa32b1f805b64510bdcfaa32b1f805b64510bdcfaa32b1f8039f80dd0d9e8f0deb1605b6439ecdcfadb4ac3548a70b10568bbea0232805b64510bdcfaa32b1f805b64510bdcfaa32b1f805b64510bdcfaa32b1f802edfe0ec0fc46453
2026-10-01 20:45:31.311 [OUT] 0185 inv=FFF7 len=12 #2 f7ff8501dcfaa32bc8d97b81
2026-10-01 20:45:42.846 [OP] 40A0 inv=FF7F len=128 #3 becdfc0b90fa462bce125b64e07fdcfadb4ae4f1245d510bdcfaa32b1f805b64510bdcfaa32b1f805b64510bdcfaa32b1f805b64510bdcfaa32b1f80f16fbd7f92ae2e9328605b6439ecdcfadb4ac3548a70b10576bbea0232805b64510bdcfaa32b1f805b64510bdcfaa32b1f805b64510bdcfaa32b1f805f087ed049e0d5de
2026-10-01 20:46:49.386 [SYS] #00FFFF#10位玉女携带礼物参加国庆活动，#00FF00#2#00FFFF#分钟后将出现在夕阳草原，请各位冒险者前去保护她们免受BOSS骚扰#FF0000#（BOSS有一定几率携带稀有宝宝）。#FFFFFF#
2026-10-01 20:47:17.856 [OP] 40A0 inv=FFBB len=68 #4 becdfc0b6ffa462b0c605b6439ecdcfadb4ac3548a70b10571bbea0232805b64510bdcfaa32b1f805b64510bdcfaa32b1f805b64510bdcfaa32b1f8006df5575dac4a624
2026-10-01 20:47:39.898 [SYS] #00FF00#1#00FFFF#分钟后逍遥村周围将掉落20个宝箱，捡取可获得意外惊喜喔！#FFFFFF#
2026-10-01 20:47:49.439 [SYS] #00FFFF#10位玉女携带礼物参加国庆活动，#00FF00#1#00FFFF#分钟后将出现在夕阳草原，请各位冒险者前去保护她们免受BOSS骚扰#FF0000#（BOSS有一定几率携带稀有宝宝）。#FFFFFF#
2026-10-01 20:47:57.284 [OP] 40A0 inv=FFBB len=68 #5 becdfc0b6f43db2ba6605b6439ecdcfadb4ac3548a70b10571bbea0232805b64510bdcfaa32b1f805b64510bdcfaa32b1f805b64510bdcfaa32b1f8089f86f08d0e8186f
2026-10-01 20:48:49.386 [SYS] #00FFFF#10位玉女携带礼物参加国庆活动，已经出现在夕阳草原，请各位冒险者前去保护她们免受BOSS骚扰（BOSS有一定几率携带稀有宝宝）。#FFFFFF#
2026-10-01 20:49:21.235 [SYS] #ff0000#您已进入野外区域，可能遭遇玩家间的自由对战，请注意安全！#ffffff#
2026-10-01 20:49:21.365 [OP] 40E0 inv=FED1 len=302 #3 0db252fad33b1f805b64510b1ac4a32b1f805b6441fddcfaa32b1f80a8df510bdcfaa32b89455b64fc0bdcfa392b1f804864510ba7e8a32bad805b64120bdcfa082b1f8043df510b82e8a32bad805b6413afdcfa33531f805764510b31c4a32b5d4e5b644cecdcfabf2b1f800d64510b8ffaa32b1f805b64510bdcfaa32b1f805b64510bdcfaa32b1f805b64430bdcfaa32b1f805b64510bdcfaa32b1f805b64
2026-10-01 20:49:21.367 [OP] 40E3 inv=FFD7 len=40 #3 f03bad805c64510bacfabc2bd4801b64db0b6ffabf5384809fdf0b0b0022202b01cec464edd090fa
2026-10-01 20:49:21.367 [OP] 40E2 inv=FFF3 len=12 #3 becdfc0b6f53a32b45809564
2026-10-01 20:49:21.367 [OP] 4202 inv=FFEF len=16 #3 95ecdcfab42b1f8072df510be4c4a32b
2026-10-01 20:49:21.367 [OP] 4055 inv=FFF7 len=8 #3 becdfc0bdcfaa32b
2026-10-01 20:49:21.367 [OP] 401B inv=FEB3 len=332 #3 f03bad800d64510b17faa32bb907c464530bdcfa972b1f8099d9510bdcfaa32b53ca5b64510bdcfa0a2b1f805b64510b9bc4a32b1f805b64bc595ab12b21ab805b64510bdcfaa32b1fc75b64d7b252fada2b1f804964510bf453a32b1f805b64820cdcfaa32b1f803f08510bdcfaa32b5b4f5b64510bdcfa16876c842d43510bdcfaa32b1f805b6451b1c9ebe45dad803164510b6dfaa32b73ce5b64510bdcfa
2026-10-01 20:49:21.380 [OUT] 0185 inv=FFF7 len=12 #3 f7ff8501dcfaa32bc8d97b81
2026-10-01 20:49:31.721 [SYS] #ff0000#您已进入野外区域，可能遭遇玩家间的自由对战，请注意安全！#ffffff#
2026-10-01 20:49:31.721 [OP] 40E0 inv=FED1 len=302 #4 0db252fad33b1f805b64510b1ac4a32b1f805b6441fddcfaa32b1f80a8df510bdcfaa32b89455b64fc0bdcfa392b1f804864510ba7e8a32bad805b64120bdcfa082b1f8043df510b82e8a32bad805b6413afdcfa33531f805764510b31c4a32b5d4e5b644cecdcfabf2b1f800d64510b8ffaa32b1f805b64510bdcfaa32b1f805b64510bdcfaa32b1f805b64430bdcfaa32b1f805b64510bdcfaa32b1f805b64
2026-10-01 20:49:31.721 [OP] 40E3 inv=FFD7 len=40 #4 f03bad805c64510bacfabc2bd4801b64db0b6ffabf5384809fdf0b0b0022202b01cec464edd090fa
2026-10-01 20:49:31.721 [OP] 40E2 inv=FFF3 len=12 #4 becdfc0b6f53a32b45809564
2026-10-01 20:49:31.722 [OP] 401B inv=FEB3 len=332 #4 f03bad800d64510b17faa32bb907c464530bdcfa972b1f8099d9510bdcfaa32b53ca5b64510bdcfa0a2b1f805b64510b9bc4a32b1f805b64bc595ab12b21ab805b64510bdcfaa32b1faa5b64d7b252fada2b1f804964510bf453a32b1f805b64820cdcfaa32b1f803f08510bdcfaa32b5b4f5b64510bdcfa16876c842d43510bdcfaa32b1f805b64510bdce8e45dad803164510b6dfaa32b73ce5b64510bdcfa
2026-10-01 20:49:31.747 [OUT] 0185 inv=FFF7 len=12 #4 f7ff8501dcfaa32bc8d97b81
2026-10-01 20:49:31.793 [OP] 4202 inv=FFEF len=16 #4 feecdcfab42b1f80d07f510b2625a32b
2026-10-01 20:49:31.793 [OP] 4055 inv=FFF7 len=8 #4 becdfc0bdcfaa32b
2026-10-01 20:53:50.832 [SYS] #ff0000#您已进入野外区域，可能遭遇玩家间的自由对战，请注意安全！#ffffff#
2026-10-01 20:53:50.920 [OP] 4202 inv=FFEF len=16 #5 b7ecdcfa572b1f80387f510b80c4a32b
2026-10-01 20:53:50.990 [OP] 40E0 inv=FED1 len=302 #5 0db252fad33b1f805b64510b1ac4a32b1f805b6441fddcfaa32b1f80a8df510bdcfaa32b89455b64fc0bdcfa392b1f804864510ba7e8a32bad805b64120bdcfa082b1f8043df510b82e8a32bad805b6413afdcfa33531f805764510b31c4a32b5d4e5b644cecdcfabf2b1f800d64510b8ffaa32b1f805b64510bdcfaa32b1f805b64510bdcfaa32b1f805b64430bdcfaa32b1f805b64510bdcfaa32b1f805b64
2026-10-01 20:53:50.997 [OP] 40E3 inv=FFD7 len=40 #5 f03bad805c64510bacfabc2bd4801b64db0b6ffabf5384809fdf0b0b0022202b01cec464edd090fa
2026-10-01 20:53:50.998 [OP] 40E2 inv=FFF3 len=12 #5 becdfc0b6f53a32b45809564
2026-10-01 20:53:50.998 [OP] 401B inv=FEB3 len=332 #5 f03bad800d64510b17faa32bb907c464530bdcfa972b1f8099d9510bdcfaa32b53ca5b64510bdcfa0a2b1f805b64510b9bc4a32b1f805b64bc595ab12b21ab805b64510bdcfaa32b1f3b5b64d7b252fada2b1f804964510bf453a32b1f805b64820cdcfaa32b1f803f08510bdcfaa32b5b4f5b64510bdcfa16876c842d43510bdcfaa32b1f805b64510bdcfae45dad803164510b6dfaa32b73ce5b64510bdcfa
2026-10-01 20:53:50.998 [OP] 4055 inv=FFF7 len=8 #5 becdfc0bdcfaa32b
2026-10-01 20:53:51.187 [OUT] 0185 inv=FFF7 len=12 #5 f7ff8501dcfaa32bc8d97b81
2026-10-01 20:54:01.945 [OUT] 009C inv=FFFB len=8 #1 fbff9c00dcfaa32b
2026-10-01 20:54:02.028 [OP] 42E5 inv=FFE5 len=26 #1 0edf510b155a4e78ca805b64510bdcfaa32b1f805b64510bdcfa
2026-10-01 20:54:07.046 [SYS] #FFF692#交纳传送费用#00CCFF#690#FFF692#金币！
2026-10-01 20:54:07.141 [CURRENCY] a=199369 b=774619
2026-10-01 20:54:07.760 [OUT] 009C inv=FFFB len=8 #2 fbff9c00dcfaa32b
2026-10-01 20:54:07.762 [OUT] 009C inv=FFFB len=8 #3 fbff9c00dcfaa32b
2026-10-01 20:54:07.768 [OUT] 009C inv=FFFB len=8 #4 fbff9c00dcfaa32b
2026-10-01 20:54:07.771 [OUT] 009C inv=FFFB len=8 #5 fbff9c00dcfaa32b
2026-10-01 20:54:07.773 [OUT] 0135 inv=FFF7 len=12 #1 f7ff3501dcfaa32b4e805b64
2026-10-01 20:54:07.777 [OUT] 0135 inv=FFF7 len=12 #2 f7ff3501dcfaa32bc9805b64
2026-10-01 20:54:07.791 [OUT] 0135 inv=FFF7 len=12 #3 f7ff3501dcfaa32b5e805b64
2026-10-01 20:54:07.846 [OP] 42E5 inv=FFE5 len=26 #2 7a64510b20faa32bca0c3cc8065c59cc859a0d869887050bdcfa
2026-10-01 20:54:07.947 [OP] 42E5 inv=FFE5 len=26 #3 7a64510b20faa32bca0c3cc8065c59cc859a0d869887050bdcfa
2026-10-01 20:54:07.948 [OP] 42E5 inv=FFE5 len=26 #4 7a64510b20faa32bca0c3cc8065c59cc859a0d869887050bdcfa
2026-10-01 20:54:07.948 [OP] 42E5 inv=FFE5 len=26 #5 7a64510b20faa32bca0c3cc8065c59cc859a0d869887050bdcfa
2026-10-01 20:54:07.948 [OP] 42A7 inv=FEE6 len=281 #1 5f6b7f5100dcfaa3cdfc289f102b2ee05931bb3c475f167efcbea082c53cd96af1a8075fb5f68057289f1018fcbeca31732b8ef95ca80749ec8260c643dcf129882c60d138944e4d4a40ffd7446abbd8ec77299b246a3e6a37c643c6a58375ae5b38006231f44a56dad73e3838b731f924ff76645b1e242043c64c5f766482a024a3bf3d248376643ed5242b31c34c4687f4773c002b79f935a87664903cfe94
2026-10-01 20:54:07.948 [OP] 42A7 inv=FEE6 len=281 #2 5f6b7f51bcdcfaa31831d3c20133340c33509e31d3c2019ff0dcfaa32b1f805b64510bdcfaa32b31d35b64510bdcfa04181f805bfc250befa9a32b1f805b642564dcfa04e91f80c201510bcdfaa32b88805b64510bdcfa8b311f80acfb510bdcfc0418277e5b643334dcfa04e91f7e3efc251939fc10e972c15b649f0b39fc102b1f805bfc25190c33a32b1f803efc5119cd8aa32b272bc2ca510bdcfc042b27
2026-10-01 20:54:07.948 [OP] 42A7 inv=FEE6 len=281 #3 5f6b7f5133dcfaa30062832e058960677f329cdb9ec3538975ceec388294473d4c8260db9048cd942cc35c18755f8f4841572cc35ce656491792383c90db81a552159d31b04f615f1652cb155a4e470b8fdb81a5cb210cf6fe65d97bdd8352155aeb410bd9325382875f5a4e47d88f7e86e675155ab82442836addf65315251ce2c88f6a3cf475f477236f65796a5c8375495b596f5d793b2b526ae0252924c8
2026-10-01 20:54:18.889 [OUT] 0135 inv=FFF7 len=12 #4 f7ff3501dcfaa32b72805b64
2026-10-01 20:54:19.076 [OP] 42A7 inv=FEE6 len=281 #4 5f6b7f5134dcfaa31831d3c20133340c33509e31d3c2019ff0dcfaa32b1f805b64510bdcfaa32b31d35bfb9f1939fc102b1f805b64510befa9a3181f803efc250bdcfaa32b1f80c2015119dcfa10e91f805bfc510bdcfa8b311f2b3efc250bdcfa04181f805b643334dcfc10e9882b3efc9f0bdcfaa32b72c15bfc9f0bdcfc10e91f80ac64510b0c33a32b1f805bfc2564cd8aa32b278063ca510bdcfa04181f
2026-10-01 20:54:33.329 [OUT] 0135 inv=FFF7 len=12 #5 f7ff3501dcfaa32ba8805b64
2026-10-01 20:54:33.452 [OP] 42A7 inv=FEE6 len=281 #5 5f6b7f5181dcfaa361b527e02ed740b6646c61b527e02ed740b6c9c1c15f9afa0ee2ccc000c161b527fa5d8cd6fcc93ad2a2d0fac0d50bb6649bbf2cb677218c8fd585c112a213e02ed5a312ff44ad2abfd2f0c675dc006c6171d0c53ec70fb3e667d1a8bf0b5dd7403819d1562ca67ef3faaa32789bd2b5275bc06d62bc213afeb98277178cd6b664a32457314e131fe307213a56017de02e518c588244d1b7
2026-10-01 20:54:44.333 [SYS] #ff0000#您已进入野外区域，可能遭遇玩家间的自由对战，请注意安全！#ffffff#
2026-10-01 20:55:18.514 [OP] 40A1 inv=FFEB len=20 #1 510bdcfa7ec71f809464510bb22202cef6ce7c6f
2026-10-01 20:55:20.716 [OP] 40A1 inv=FFEB len=20 #2 510bdcfa7ec71f809464510bb22202cef6ce7c6f
2026-10-01 20:55:22.973 [OP] 40A1 inv=FFEB len=20 #3 510bdcfa7ec71f809464510bb22202cef6ce7c6f
2026-10-01 20:55:28.288 [OP] 40A1 inv=FFEB len=20 #4 510bdcfa9e7d1f809464510b0122ab6f30ce7ddd
2026-10-01 20:55:42.475 [SYS] #ff0000#您已进入野外区域，可能遭遇玩家间的自由对战，请注意安全！#ffffff#
2026-10-01 20:55:58.972 [OP] 40A1 inv=FFEB len=20 #5 510bdcfaff5d1f809464510bdc5bcadecb4fad26
2026-10-01 20:57:27.288 [OP] 4708 inv=FFF3 len=12 #1 3ccdfc0bb6c2392b0f805b64
2026-10-01 20:58:23.905 [SYS] #00FF00#1#00FFFF#分钟后逍遥村周围将掉落20个宝箱，捡取可获得意外惊喜喔！#FFFFFF#
2026-10-01 20:58:23.996 [SYS] #00FFFF#10位玉女携带礼物参加国庆活动，#00FF00#5#00FFFF#分钟后将出现在夕阳草原，请各位冒险者前去保护她们免受BOSS骚扰#FF0000#（BOSS有一定几率携带稀有宝宝）。#FFFFFF#
2026-10-01 20:59:07.910 [SYS] #ff0000#您已进入野外区域，可能遭遇玩家间的自由对战，请注意安全！#ffffff#
2026-10-01 21:00:00.138 [SYS] #00FFFF#国庆节特别活动“红旗飘飘贺国庆”#00FF00#正式开启#00FFFF#，冒险者可以在逍遥西的#FF0000#大冒险活动官#00FFFF#处参加活动，收集喜庆用品装饰旗台，赢取丰富的属性及道具奖励，幸运的冒险者还将得到#FF0000#稀有奖励#FFFFFF#！
2026-10-01 21:00:35.206 [SYS] #ff0000#您已进入野外区域，可能遭遇玩家间的自由对战，请注意安全！#ffffff#
2026-10-01 21:00:46.946 [SYS] #ff0000#您已进入野外区域，可能遭遇玩家间的自由对战，请注意安全！#ffffff#
2026-10-01 21:01:23.903 [SYS] #00FFFF#10位玉女携带礼物参加国庆活动，#00FF00#2#00FFFF#分钟后将出现在夕阳草原，请各位冒险者前去保护她们免受BOSS骚扰#FF0000#（BOSS有一定几率携带稀有宝宝）。#FFFFFF#
2026-10-01 21:01:37.486 [SYS] #00FF00#1#00FFFF#分钟后逍遥村周围将掉落20个宝箱，捡取可获得意外惊喜喔！#FFFFFF#
2026-10-01 21:02:23.911 [SYS] #00FFFF#10位玉女携带礼物参加国庆活动，#00FF00#1#00FFFF#分钟后将出现在夕阳草原，请各位冒险者前去保护她们免受BOSS骚扰#FF0000#（BOSS有一定几率携带稀有宝宝）。#FFFFFF#
2026-10-01 21:03:23.911 [SYS] #00FFFF#10位玉女携带礼物参加国庆活动，已经出现在夕阳草原，请各位冒险者前去保护她们免受BOSS骚扰（BOSS有一定几率携带稀有宝宝）。#FFFFFF#
2026-10-01 21:03:39.516 [SYS] #00FF00#1#00FFFF#分钟后逍遥村周围将掉落20个宝箱，捡取可获得意外惊喜喔！#FFFFFF#
2026-10-01 21:04:27.711 [SYS] #FFF692#恭喜#FF8CF8#Nnnnnn1#FFF692#在#00C8F8#国庆福袋#FFF692#中获得了#64FF7D#摄魂铃铛
2026-10-01 21:04:29.096 [SYS] #FFF692#恭喜#FF8CF8#Nnnnnn1#FFF692#在#00C8F8#国庆福袋#FFF692#中获得了#64FF7D#古老的袖里剑
2026-10-01 21:04:34.362 [SYS] #FFF692#恭喜#FF8CF8#Nnnnnn1#FFF692#在#00C8F8#国庆福袋#FFF692#中获得了#64FF7D#宠物印记
2026-10-01 21:05:38.633 [OUT] 1F04 inv=FFF6 len=13 #2 f6ff041fce1f805bec510bdcc4
2026-10-01 21:05:48.276 [OP] 4707 inv=FFF3 len=12 #1 f03bad80c6ecfc0b17faa32b
2026-10-01 21:05:59.539 [SYS] #FFF692#恭喜#FF8CF8#Nnnnnn1#FFF692#在#00C8F8#国庆福袋#FFF692#中获得了#64FF7D#宠物印记
2026-10-01 21:06:00.370 [SYS] #FFF692#恭喜#FF8CF8#Nnnnnn1#FFF692#在#00C8F8#国庆福袋#FFF692#中获得了#64FF7D#魔法命运骰子
2026-10-01 21:09:58.049 [SYS] #00FF00#1#00FFFF#分钟后逍遥村周围将掉落20个宝箱，捡取可获得意外惊喜喔！#FFFFFF#
2026-10-01 21:12:02.953 [OP] 46E0 inv=FDF7 len=520 #1 becdfc0b6ffaa32bb507c464580bdcfab8191f806d8c8cd09a5b7d351f804864510bdcfaa188ec8ce98c8cd0815b7d3582305cdd510bdcfaa6bc5fce09a457ec030f576f07a6667f2525bac4a188ec8c1c64510bfdcfc9ce29ccdfdfd35cdb7fb1981aef9564510b155a4e78063f667fced62dc44e78c8d9428a8cd0489bc453885f8a05db434caeb1981aef7860daec90faa32b8a805b64580bdcfaf82b1f8b
2026-10-01 21:13:10.714 [SYS] #00FF00#1#00FFFF#分钟后逍遥村周围将掉落20个宝箱，捡取可获得意外惊喜喔！#FFFFFF#
2026-10-01 21:13:25.635 [SYS] #ff0000#您已进入野外区域，可能遭遇玩家间的自由对战，请注意安全！#ffffff#
2026-10-01 21:13:51.965 [OP] 40A2 inv=FFF3 len=12 #1 dcfaa32bca805b6483f8dcfa
2026-10-01 21:14:07.209 [OP] 40A2 inv=FFF3 len=12 #2 dcfaa32bca805b64fdf8dcfa
2026-10-01 21:14:17.627 [SYS] #FFF692#交纳传送费用#00CCFF#1810#FFF692#金币！
2026-10-01 21:14:17.712 [CURRENCY] a=199369 b=773499
2026-10-01 21:14:21.609 [SYS] #FFF692#交纳传送费用#00CCFF#1370#FFF692#金币！
2026-10-01 21:14:21.695 [CURRENCY] a=199369 b=773939
2026-10-01 21:14:59.528 [SYS] #ff0000#您已进入野外区域，可能遭遇玩家间的自由对战，请注意安全！#ffffff#
2026-10-01 21:15:19.006 [OP] 4705 inv=FFB8 len=71 #1 5f6b7f5140a722a33767ce5b88fc0bdcfaa32b1fb2c464510bdcfaa3e5ca805b64510bdc1cf82b1f805b645131dcfaa3141f805b54518507d90e6c9f805b64510bdcfaa32b1f80
2026-10-01 21:16:06.129 [OP] 4708 inv=FFF3 len=12 #2 e0cdfc0bd70e392b0f805b64
2026-10-01 21:16:46.259 [OP] 4708 inv=FFF3 len=12 #3 c6ecfc0be90e392b0f805b64
2026-10-01 21:17:13.832 [OP] 40EB inv=FFE7 len=24 #1 53c2392bb907c464090bdcc6a32b1f809564510b0dc0a32b
2026-10-01 21:17:27.129 [OP] 401E inv=FFAD len=82 #1 f03bad80a0ecfc0b52faa32b1f805b64e690dcfa4e78c8d97b81a5522a9ea32bc8d97b81a552155a1c461f80a69a510b8631a32b88765b64a552155a4e78c8d97b81a552dcfaa32b1f805b64510bdcfaa32b
2026-10-01 21:17:29.280 [OP] 401E inv=FFAD len=82 #2 f03bad80a0ecfc0b52faa32b1f805b64c492dcfa4e78c8d97b81a5522a9ea32bc8d97b81a552155a1c461f80a69a510b8631a32b88765b64a552155a4e78c8d97b81a552dcfaa32b1f805b64510bdcfaa32b
2026-10-01 21:17:29.780 [OP] 401E inv=FFAD len=82 #3 f03bad80a0ecfc0b52faa32b1f805b64ca92dcfa4e78c8d97b81a5522a9ea32bc8d97b81a552155a1c461f80a69a510b8631a32b88765b64a552155a4e78c8d97b81a552dcfaa32b1f805b64510bdcfaa32b
2026-10-01 21:17:32.391 [OP] 401E inv=FFAD len=82 #4 f03bad80a0ecfc0b52faa32b1f805b64ca92dcfa4e78c8d95255510b2a9ea32bc8d97b81a552155a1c461f80a69a510b8631a32b88765b64a552155a4e78c8d97b81a552dcfaa32b1f805b64510bdcfaa32b
2026-10-01 21:17:33.263 [SYS] #FFF692#恭喜#FF8CF8#白酒啤酒#FFF692#打造出#64FF7D#+10#FFF692#装备
2026-10-01 21:17:44.232 [OP] 40EB inv=FFE7 len=24 #2 53c2392bb907c464090bdcc6a32b1f809564510b0dc0a32b
2026-10-01 21:17:46.634 [OP] 40EB inv=FFE7 len=24 #3 53c2392bb907c464090bdcc6a32b1f809564510b0dc0a32b
2026-10-01 21:18:32.795 [SYS] #FFF692#交纳传送费用#00CCFF#50#FFF692#金币！
2026-10-01 21:18:32.900 [CURRENCY] a=199369 b=775259
2026-10-01 21:18:32.901 [OP] 4018 inv=FFF0 len=15 #2 5f6b7f51a4a722a35aad44956451c4
2026-10-01 21:18:43.105 [SYS] #FFF692#交纳传送费用#00CCFF#50#FFF692#金币！
2026-10-01 21:18:43.202 [CURRENCY] a=199369 b=775209
2026-10-01 21:18:43.202 [OP] 4018 inv=FFF0 len=15 #3 5f6b7f51a4a722a3f0fdd51c6451c4
2026-10-01 21:18:50.570 [SYS] #FFF692#交纳传送费用#00CCFF#50#FFF692#金币！
2026-10-01 21:18:50.663 [CURRENCY] a=199369 b=775159
2026-10-01 21:18:50.663 [OP] 4018 inv=FFF0 len=15 #4 5f6b7f51a4a722a36d6dcf6b6451c4
2026-10-01 21:18:56.446 [OP] 40EB inv=FFE7 len=24 #4 53c2392bb907c464090bdcc6a32b1f809564510b0dc0a32b
2026-10-01 21:18:56.535 [SYS] #ff0000#您已进入野外区域，可能遭遇玩家间的自由对战，请注意安全！#ffffff#
2026-10-01 21:20:00.132 [SYS] #00FFFF#国庆节特别活动“红旗飘飘贺国庆”#00FF00#正式开启#00FFFF#，冒险者可以在逍遥西的#FF0000#大冒险活动官#00FFFF#处参加活动，收集喜庆用品装饰旗台，赢取丰富的属性及道具奖励，幸运的冒险者还将得到#FF0000#稀有奖励#FFFFFF#！
2026-10-01 21:20:39.324 [SYS] #ff0000#您已进入野外区域，可能遭遇玩家间的自由对战，请注意安全！#ffffff#
2026-10-01 21:20:39.410 [OP] 40EB inv=FFE7 len=24 #5 53c2392bb907c464090bdcc6a32b1f809564510b0dc0a32b
2026-10-01 21:23:04.561 [OP] 4708 inv=FFF3 len=12 #4 a0ecfc0bb6c2392b0f805b64
2026-10-01 21:23:10.418 [SYS] #FFF692#交纳传送费用#00CCFF#690#FFF692#金币！
2026-10-01 21:23:10.518 [CURRENCY] a=199369 b=774469
2026-10-01 21:23:21.934 [SYS] #FFF692#交纳传送费用#00CCFF#1370#FFF692#金币！
2026-10-01 21:23:22.016 [CURRENCY] a=199369 b=773789
2026-10-01 21:23:33.662 [SYS] #FFF692#交纳传送费用#00CCFF#1810#FFF692#金币！
2026-10-01 21:23:33.741 [SYS] #ff0000#您已进入野外区域，可能遭遇玩家间的自由对战，请注意安全！#ffffff#
2026-10-01 21:23:33.741 [CURRENCY] a=199369 b=773349
2026-10-01 21:23:48.216 [OP] 40A2 inv=FFF3 len=12 #3 dcfaa32bca805b64fdf8dcfa
2026-10-01 21:23:52.788 [OP] 40A2 inv=FFF3 len=12 #4 dcfaa32bca805b640bf8dcfa
2026-10-01 21:25:17.775 [OP] 40A2 inv=FFF3 len=12 #5 dcfaa32bca805b64e6f8dcfa
2026-10-01 21:27:41.067 [SYS] #ff0000#您已进入野外区域，可能遭遇玩家间的自由对战，请注意安全！#ffffff#
2026-10-01 21:28:16.025 [OP] 46E0 inv=FDF7 len=520 #2 becdfc0b6ffaa32bb907c4640e0bdcfa0a121f803bc0510b375cf82bd62f88236ecb1ac0d6bbad8066b2c80bdcfa9d2b1adb956417edc3fa392b56cecb4e0b0bdcfa9d2bc0805b641d4ad499312b1f801c64b27541b7202b87564864ce8812ae3d46a680a3bfb8b1dc08a32bf10eeb23490bdcfa40308f790b47c80b6e109d2b6958d661ddcfc3fa6a9432ce428aeed0c6c4a3d9aaaf607f1d4ad4999ba86d80
2026-10-01 21:29:31.071 [SYS] #00FF00#1#00FFFF#分钟后逍遥村周围将掉落20个宝箱，捡取可获得意外惊喜喔！#FFFFFF#
2026-10-01 21:30:00.120 [SYS] #FF0000#世界BOSS#00FFFF#将于#FFFF00#10#00FFFF#分钟后开始，大家赶紧到#00c2ff#龙之都#00FFFF#找#ff8dff#老刘(3666,1959)#00FFFF#报名！
2026-10-01 21:30:16.499 [QUESTION] {"type":"question","sock":2348,"qno":13,"field_a":89,"stem":"光学物理上把能够自身发光的物体叫做？","options":["1、正能量","2、可能叫这个吧","3、阳光普照","4、光源"]}
2026-10-01 21:30:17.501 [UI] auto dump on question qno=13
2026-10-01 21:30:17.501 [UI] ---- window dump begin (pid 35260) ----
2026-10-01 21:30:17.513 [UI] TOP=000700F2 vis=1 cls=ATL:012FF210 rc=(210,55,1250,862) title=什么什么大冒险2(①逍遥村敬老院)-伏地魔4_Sep 24 2026《什么什么大冒险》制作委员会QQ群:515616289
2026-10-01 21:30:17.514 [UI] TOP=0003061E vis=0 cls=DIEmWin rc=(-1,-1,135,38) title=DIEmWin
2026-10-01 21:30:17.521 [UI] TOP=000405FE vis=0 cls=MSCTFIME UI rc=(0,0,0,0) title=MSCTFIME UI
2026-10-01 21:30:17.536 [UI] TOP=0003061A vis=0 cls=IME rc=(0,0,0,0) title=Default IME
2026-10-01 21:30:17.537 [UI] TOP=00100106 vis=0 cls=IME rc=(0,0,0,0) title=Default IME
2026-10-01 21:30:17.537 [UI] ---- window dump end ----
2026-10-01 21:30:17.858 [SEND-ANSWER] qno=13 opt=3 ret=13 sock=2348
2026-10-01 21:30:17.952 [SYS] 测试通过！
2026-10-01 21:30:18.033 [SYS] 获得了#00FF00#100#FFF692#金币
2026-10-01 21:30:18.034 [CURRENCY] a=199369 b=775259
2026-10-01 21:30:18.960 [OP] 46E0 inv=FDF7 len=520 #3 becdfc0b6ffaa32bb507c464580bdcfab8191f809a47590bc6faa32b1f805b64b20bdcfa406d674f0b47c80b366f9d2b03e50326f2902ffaf35364800855bdb1dcfa9d2b042bfb261d4ad4999ba86d808c81a552e2c1751331b28823630bdcfab72b1f808a1cb8b18634db2b294a9464ce622ffab156d1805c64510b43faa32b9d805b64577566e01cb064801c56c80b3817c0c46f4ad5640a662ffa187fa112
2026-10-01 21:30:19.660 [UI] auto-closing quiz frame: qno=13 opt=3
2026-10-01 21:30:19.675 [UI] option 3 control NOT found — falling back to digit key
2026-10-01 21:31:36.284 [OP] 46E0 inv=FDF7 len=520 #4 becdfc0b6ffaa32bc687c4640e0bdcfae2121f8097c0510b8bfaa32b032a7a6fb20bdcfa769e48ef728a76d09a5b7d351f804864510bdcfa269e48ef138a76d0815b7d35cdd3106f510bdcfadf0e40ce09a457ec1a3337ce37af247fbd8dbac4269e48ef5764510b3b80d7e8e8123b6f9b94dc225bb624aa86def9b138c5a3de1f805b6458b52222a32b1f80496f510b52faa32bca805b64410bdcfaa32b1fce
2026-10-01 21:32:08.665 [OP] 4707 inv=FFF3 len=12 #2 f03bad80a0ecfc0b17faa32b
2026-10-01 21:32:27.764 [OUT] 1F04 inv=FFF6 len=13 #3 f6ff041fce1f805bc6510bdcfa
2026-10-01 21:33:02.837 [OP] 4114 inv=FFEF len=16 #1 1207c4647b98dcfa20ff1f80c064510b
2026-10-01 21:33:02.837 [OP] 4114 inv=FFEF len=16 #2 1207c4647b98dcfae2ff1f802764510b
2026-10-01 21:33:02.837 [OP] 4114 inv=FFEF len=16 #3 1207c4647b98dcfa01ff1f806edf510b
2026-10-01 21:33:02.837 [OP] 4114 inv=FFEF len=16 #4 1207c4647b98dcfa8e4a1f80a164510b
2026-10-01 21:33:32.928 [OP] 4705 inv=FFB8 len=71 #2 5f6b7f5140a722a3db67ce5b1ffc0bdcfaa32b1f2ec464510bdcfaa3d61f805b64510bdca8a32b1f805b645131dcfaa3141f805be0518507d90e6cac805b64510bdcfaa32b1f80
2026-10-01 21:34:25.491 [OP] 4114 inv=FFEF len=16 #5 1207c4647b98dcfae2671f80c064510b
2026-10-01 21:35:00.324 [OP] 4707 inv=FFF3 len=12 #3 f03bad80c6ecfc0b17faa32b
2026-10-01 21:38:41.743 [SYS] #00FF00#1#00FFFF#分钟后逍遥村周围将掉落20个宝箱，捡取可获得意外惊喜喔！#FFFFFF#
2026-10-01 21:38:45.778 [OP] 46E0 inv=FDF7 len=520 #5 becdfc0b6ffaa32b2e87c464580bdcfa7f4d1f80078e11b18bfaa32bca805b64438bc3fab5de1f805b64510b8bfaa32bc07d12d9d6648a2272a9f98b7ddcdbfd3608a32ba5455b64d6a8c099324459767274390b589e9d2b1f804864fc0b9822452ea5805b64a5528b1f312badc7d8080e0bdcfafd2b5980eb070b0b0efaa32bca805b64b27f03c2e54afb8cad0a590b196fa32b1ff65b641d4ad499232b1f80
2026-10-01 21:39:59.852 [SYS] #ff0000#您已进入野外区域，可能遭遇玩家间的自由对战，请注意安全！#ffffff#
2026-10-01 21:40:00.122 [SYS] #FF0000#世界BOSS#00FFFF#已经开始，请大家到相应的地图痛扁BOSS或到#00c2ff#龙之都#00FFFF#找#ff8dff#老刘(3666,1959)#00FFFF#报名！
2026-10-01 21:40:48.408 [SYS] #FFF692#交纳传送费用#00CCFF#1810#FFF692#金币！
2026-10-01 21:40:48.501 [CURRENCY] a=199369 b=773449
2026-10-01 21:40:55.300 [SYS] #FFF692#交纳传送费用#00CCFF#1370#FFF692#金币！
2026-10-01 21:40:55.358 [CURRENCY] a=199369 b=773889
2026-10-01 21:41:00.762 [SYS] #FFF692#交纳传送费用#00CCFF#690#FFF692#金币！
2026-10-01 21:41:00.931 [SYS] #ff0000#您已进入野外区域，可能遭遇玩家间的自由对战，请注意安全！#ffffff#
2026-10-01 21:41:00.931 [CURRENCY] a=199369 b=774569
2026-10-01 21:41:32.823 [SYS] #00FFFF#世界BOSS已被#00FF00#[URL]超级恶霸龟龟酱[/URL]#00FFFF#首杀，活动即将结束，感谢大家的参与，请大家30分钟后到#00c2ff#龙之都#00FFFF#找#ff8dff#老刘(3666,1959)#00FFFF#领取活动奖励！
2026-10-01 21:42:38.237 [OP] 4705 inv=FFB8 len=71 #3 5f6b7f5140a722a33767ce5b88fc0bdcfaa32b1fb2c464510bdcfaa3e5ca805b64510bdc1cf82b1f805b645131dcfaa3141f805b54518507d90e6c9f805b64510bdcfaa32b1f80
2026-10-01 21:42:42.506 [SYS] #ff0000#您已进入野外区域，可能遭遇玩家间的自由对战，请注意安全！#ffffff#
2026-10-01 21:45:26.019 [SYS] #00FF00#1#00FFFF#分钟后逍遥村周围将掉落20个宝箱，捡取可获得意外惊喜喔！#FFFFFF#
2026-10-01 21:50:00.126 [SYS] #00FFFF#国庆节特别活动“红旗飘飘贺国庆”将于#00FF00#10#00FFFF#分钟后结束，装饰国旗将在活动结束#00FF00#30#00FFFF#分钟后关闭。请冒险者抓紧时间喔！#FFFFFF#
2026-10-01 21:54:51.921 [SYS] #00FF00#1#00FFFF#分钟后逍遥村周围将掉落20个宝箱，捡取可获得意外惊喜喔！#FFFFFF#
2026-10-01 21:54:55.960 [SYS] #FFF692#恭喜#FF8CF8#全斗焕#FFF692#打造出#64FF7D#+10#FFF692#装备
2026-10-01 21:55:00.170 [SYS] #00FFFF#国庆节特别活动“红旗飘飘贺国庆”将于#00FF00#5#00FFFF#分钟后结束，装饰国旗将在活动结束#00FF00#30#00FFFF#分钟后关闭。请冒险者抓紧时间喔！#FFFFFF#
2026-10-01 21:57:40.723 [SYS] #FFF692#恭喜#FF8CF8#车圭宪#FFF692#打造出#64FF7D#+10#FFF692#装备
2026-10-01 21:57:42.515 [OP] 40EC inv=FFEF len=16 #1 f03bad803ccdfc0bdffaa3ed1f805b64
2026-10-01 21:58:54.073 [SYS] #FFF692#恭喜#FF8CF8#俞学圣#FFF692#打造出#64FF7D#+10#FFF692#装备
2026-10-01 21:58:59.212 [SYS] #FFF692#恭喜#FF8CF8#俞学圣#FFF692#打造出#64FF7D#+10#FFF692#装备
2026-10-01 21:59:00.153 [SYS] #00FFFF#国庆节特别活动“红旗飘飘贺国庆”将于#00FF00#1#00FFFF#分钟后结束，装饰国旗将在活动结束#00FF00#30#00FFFF#分钟后关闭。请冒险者抓紧时间喔！#FFFFFF#
2026-10-01 22:00:00.121 [SYS] #00FFFF#国庆焰火晚会开始了，冒险者可到旗台处参与燃放烟花，幸运者还可能得到稀有奖励喔！装饰国旗以及燃放烟花将在#00FF00#30#00FFFF#分钟后关闭，请冒险者抓紧时间喔！#FFFFFF#
2026-10-01 22:00:03.757 [SYS] #FF8CF8#【Nnnnnn1】#00FFFF#放了一个大炮仗，在逍遥村东区周围炸出红星券，大家快来抢哟！
2026-10-01 22:00:04.423 [SYS] #FF8CF8#【Nnnnnn1】#00FFFF#放了一个大炮仗，在逍遥村东区周围炸出红星券，大家快来抢哟！
2026-10-01 22:00:05.164 [SYS] #FF8CF8#【Nnnnnn1】#00FFFF#放了一个大炮仗，在逍遥村东区周围炸出红星券，大家快来抢哟！
2026-10-01 22:00:05.809 [SYS] #FF8CF8#【Nnnnnn1】#00FFFF#放了一个大炮仗，在逍遥村东区周围炸出红星券，大家快来抢哟！
2026-10-01 22:00:06.437 [SYS] #FF8CF8#【Nnnnnn1】#00FFFF#放了一个大炮仗，在逍遥村东区周围炸出红星券，大家快来抢哟！
2026-10-01 22:00:07.160 [SYS] #FF8CF8#【Nnnnnn1】#00FFFF#放了一个大炮仗，在逍遥村东区周围炸出红星券，大家快来抢哟！
2026-10-01 22:00:07.981 [SYS] #FF8CF8#【Nnnnnn1】#00FFFF#放了一个大炮仗，在逍遥村东区周围炸出红星券，大家快来抢哟！
2026-10-01 22:00:08.494 [SYS] #FF8CF8#【Nnnnnn1】#00FFFF#放了一个大炮仗，在逍遥村东区周围炸出红星券，大家快来抢哟！
2026-10-01 22:00:09.309 [SYS] #FF8CF8#【Nnnnnn1】#00FFFF#放了一个大炮仗，在逍遥村东区周围炸出红星券，大家快来抢哟！
2026-10-01 22:00:09.773 [SYS] #FF8CF8#【Nnnnnn1】#00FFFF#放了一个大炮仗，在逍遥村东区周围炸出红星券，大家快来抢哟！
2026-10-01 22:00:10.478 [SYS] #FF8CF8#【Nnnnnn1】#00FFFF#放了一个大炮仗，在逍遥村东区周围炸出红星券，大家快来抢哟！
2026-10-01 22:00:11.214 [SYS] #FF8CF8#【Nnnnnn1】#00FFFF#放了一个大炮仗，在逍遥村东区周围炸出红星券，大家快来抢哟！
2026-10-01 22:00:11.832 [SYS] #FF8CF8#【Nnnnnn1】#00FFFF#放了一个大炮仗，在逍遥村东区周围炸出红星券，大家快来抢哟！
2026-10-01 22:00:12.489 [SYS] #FF8CF8#【Nnnnnn1】#00FFFF#放了一个大炮仗，在逍遥村东区周围炸出红星券，大家快来抢哟！
2026-10-01 22:00:13.222 [SYS] #FF8CF8#【Nnnnnn1】#00FFFF#放了一个大炮仗，在逍遥村东区周围炸出红星券，大家快来抢哟！
2026-10-01 22:00:13.846 [SYS] #00FF00#1#00FFFF#分钟后逍遥村周围将掉落20个宝箱，捡取可获得意外惊喜喔！#FFFFFF#
2026-10-01 22:00:13.931 [SYS] #FF8CF8#【Nnnnnn1】#00FFFF#放了一个大炮仗，在逍遥村东区周围炸出红星券，大家快来抢哟！
2026-10-01 22:00:14.476 [SYS] #FF8CF8#【Nnnnnn1】#00FFFF#放了一个大炮仗，在逍遥村东区周围炸出红星券，大家快来抢哟！
2026-10-01 22:00:15.308 [SYS] #FF8CF8#【Nnnnnn1】#00FFFF#放了一个大炮仗，在逍遥村东区周围炸出红星券，大家快来抢哟！
2026-10-01 22:00:15.856 [SYS] #FF8CF8#【Nnnnnn1】#00FFFF#放了一个大炮仗，在逍遥村东区周围炸出红星券，大家快来抢哟！
2026-10-01 22:00:16.530 [SYS] #FF8CF8#【Nnnnnn1】#00FFFF#放了一个大炮仗，在逍遥村东区周围炸出红星券，大家快来抢哟！
2026-10-01 22:00:17.193 [SYS] #FF8CF8#【Nnnnnn1】#00FFFF#放了一个大炮仗，在逍遥村东区周围炸出红星券，大家快来抢哟！
2026-10-01 22:00:17.875 [SYS] #FF8CF8#【Nnnnnn1】#00FFFF#放了一个大炮仗，在逍遥村东区周围炸出红星券，大家快来抢哟！
2026-10-01 22:00:18.522 [SYS] #FF8CF8#【Nnnnnn1】#00FFFF#放了一个大炮仗，在逍遥村东区周围炸出红星券，大家快来抢哟！
2026-10-01 22:00:19.139 [SYS] #FF8CF8#【Nnnnnn1】#00FFFF#放了一个大炮仗，在逍遥村东区周围炸出红星券，大家快来抢哟！
2026-10-01 22:00:19.813 [SYS] #FF8CF8#【Nnnnnn1】#00FFFF#放了一个大炮仗，在逍遥村东区周围炸出红星券，大家快来抢哟！
2026-10-01 22:00:20.556 [SYS] #FF8CF8#【Nnnnnn1】#00FFFF#放了一个大炮仗，在逍遥村东区周围炸出红星券，大家快来抢哟！
2026-10-01 22:00:21.321 [SYS] #FF8CF8#【Nnnnnn1】#00FFFF#放了一个大炮仗，在逍遥村东区周围炸出红星券，大家快来抢哟！
2026-10-01 22:03:42.825 [SYS] #FF8CF8#【睡神本神】#00FFFF#放了一个大炮仗，在逍遥村东区周围炸出红星券，大家快来抢哟！
2026-10-01 22:03:43.502 [SYS] #FF8CF8#【睡神本神】#00FFFF#放了一个大炮仗，在逍遥村东区周围炸出红星券，大家快来抢哟！
2026-10-01 22:03:44.177 [SYS] #FF8CF8#【睡神本神】#00FFFF#放了一个大炮仗，在逍遥村东区周围炸出红星券，大家快来抢哟！
2026-10-01 22:03:44.489 [SYS] #FF8CF8#【睡神本神】#00FFFF#放了一个大炮仗，在逍遥村东区周围炸出红星券，大家快来抢哟！
2026-10-01 22:03:44.927 [SYS] #FF8CF8#【睡神本神】#00FFFF#放了一个大炮仗，在逍遥村东区周围炸出红星券，大家快来抢哟！
2026-10-01 22:03:45.422 [SYS] #FF8CF8#【睡神本神】#00FFFF#放了一个大炮仗，在逍遥村东区周围炸出红星券，大家快来抢哟！
2026-10-01 22:03:45.924 [SYS] #FF8CF8#【睡神本神】#00FFFF#放了一个大炮仗，在逍遥村东区周围炸出红星券，大家快来抢哟！
2026-10-01 22:03:46.742 [SYS] #FF8CF8#【睡神本神】#00FFFF#放了一个大炮仗，在逍遥村东区周围炸出红星券，大家快来抢哟！
2026-10-01 22:03:47.214 [SYS] #FF8CF8#【睡神本神】#00FFFF#放了一个大炮仗，在逍遥村东区周围炸出红星券，大家快来抢哟！
2026-10-01 22:03:47.684 [SYS] #FF8CF8#【睡神本神】#00FFFF#放了一个大炮仗，在逍遥村东区周围炸出红星券，大家快来抢哟！
2026-10-01 22:03:48.056 [SYS] #FF8CF8#【睡神本神】#00FFFF#放了一个大炮仗，在逍遥村东区周围炸出红星券，大家快来抢哟！
2026-10-01 22:03:48.396 [SYS] #FF8CF8#【睡神本神】#00FFFF#放了一个大炮仗，在逍遥村东区周围炸出红星券，大家快来抢哟！
2026-10-01 22:03:48.769 [SYS] #FF8CF8#【睡神本神】#00FFFF#放了一个大炮仗，在逍遥村东区周围炸出红星券，大家快来抢哟！
2026-10-01 22:03:49.153 [SYS] #00FF00#1#00FFFF#分钟后逍遥村周围将掉落20个宝箱，捡取可获得意外惊喜喔！#FFFFFF#
2026-10-01 22:03:49.153 [SYS] #FF8CF8#【睡神本神】#00FFFF#放了一个大炮仗，在逍遥村东区周围炸出红星券，大家快来抢哟！
2026-10-01 22:03:50.181 [SYS] #FF8CF8#【睡神本神】#00FFFF#放了一个大炮仗，在逍遥村东区周围炸出红星券，大家快来抢哟！
2026-10-01 22:03:50.609 [SYS] #FF8CF8#【睡神本神】#00FFFF#放了一个大炮仗，在逍遥村东区周围炸出红星券，大家快来抢哟！
2026-10-01 22:03:51.036 [SYS] #FF8CF8#【睡神本神】#00FFFF#放了一个大炮仗，在逍遥村东区周围炸出红星券，大家快来抢哟！
2026-10-01 22:03:51.446 [SYS] #FF8CF8#【睡神本神】#00FFFF#放了一个大炮仗，在逍遥村东区周围炸出红星券，大家快来抢哟！
2026-10-01 22:03:52.423 [SYS] #FF8CF8#【睡神本神】#00FFFF#放了一个大炮仗，在逍遥村东区周围炸出红星券，大家快来抢哟！
2026-10-01 22:03:52.768 [SYS] #FF8CF8#【睡神本神】#00FFFF#放了一个大炮仗，在逍遥村东区周围炸出红星券，大家快来抢哟！
2026-10-01 22:03:53.170 [SYS] #FF8CF8#【睡神本神】#00FFFF#放了一个大炮仗，在逍遥村东区周围炸出红星券，大家快来抢哟！
2026-10-01 22:03:54.512 [SYS] #FF8CF8#【睡神本神】#00FFFF#放了一个大炮仗，在逍遥村东区周围炸出红星券，大家快来抢哟！
2026-10-01 22:03:55.457 [SYS] #FF8CF8#【睡神本神】#00FFFF#放了一个大炮仗，在逍遥村东区周围炸出红星券，大家快来抢哟！
2026-10-01 22:03:56.008 [SYS] #FF8CF8#【睡神本神】#00FFFF#放了一个大炮仗，在逍遥村东区周围炸出红星券，大家快来抢哟！
2026-10-01 22:03:57.529 [SYS] #FF8CF8#【睡神本神】#00FFFF#放了一个大炮仗，在逍遥村东区周围炸出红星券，大家快来抢哟！
2026-10-01 22:03:58.037 [SYS] #FF8CF8#【睡神本神】#00FFFF#放了一个大炮仗，在逍遥村东区周围炸出红星券，大家快来抢哟！
2026-10-01 22:03:58.558 [SYS] #FF8CF8#【睡神本神】#00FFFF#放了一个大炮仗，在逍遥村东区周围炸出红星券，大家快来抢哟！
2026-10-01 22:03:59.006 [SYS] #FF8CF8#【睡神本神】#00FFFF#放了一个大炮仗，在逍遥村东区周围炸出红星券，大家快来抢哟！
2026-10-01 22:04:00.289 [SYS] #FF8CF8#【睡神本神】#00FFFF#放了一个大炮仗，在逍遥村东区周围炸出红星券，大家快来抢哟！
2026-10-01 22:04:00.692 [SYS] #FF8CF8#【睡神本神】#00FFFF#放了一个大炮仗，在逍遥村东区周围炸出红星券，大家快来抢哟！
2026-10-01 22:04:01.180 [SYS] #FF8CF8#【睡神本神】#00FFFF#放了一个大炮仗，在逍遥村东区周围炸出红星券，大家快来抢哟！
2026-10-01 22:04:01.567 [SYS] #FF8CF8#【睡神本神】#00FFFF#放了一个大炮仗，在逍遥村东区周围炸出红星券，大家快来抢哟！
2026-10-01 22:04:02.234 [SYS] #FF8CF8#【睡神本神】#00FFFF#放了一个大炮仗，在逍遥村东区周围炸出红星券，大家快来抢哟！
2026-10-01 22:04:02.770 [SYS] #FF8CF8#【睡神本神】#00FFFF#放了一个大炮仗，在逍遥村东区周围炸出红星券，大家快来抢哟！
2026-10-01 22:04:03.056 [SYS] #FF8CF8#【睡神本神】#00FFFF#放了一个大炮仗，在逍遥村东区周围炸出红星券，大家快来抢哟！
2026-10-01 22:04:03.459 [SYS] #FF8CF8#【睡神本神】#00FFFF#放了一个大炮仗，在逍遥村东区周围炸出红星券，大家快来抢哟！
2026-10-01 22:04:04.223 [SYS] #FF8CF8#【睡神本神】#00FFFF#放了一个大炮仗，在逍遥村东区周围炸出红星券，大家快来抢哟！
2026-10-01 22:04:04.918 [SYS] #FF8CF8#【睡神本神】#00FFFF#放了一个大炮仗，在逍遥村东区周围炸出红星券，大家快来抢哟！
2026-10-01 22:04:06.206 [SYS] #FF8CF8#【睡神本神】#00FFFF#放了一个大炮仗，在逍遥村东区周围炸出红星券，大家快来抢哟！
2026-10-01 22:05:55.500 [SYS] #00FF00#1#00FFFF#分钟后逍遥村周围将掉落20个宝箱，捡取可获得意外惊喜喔！#FFFFFF#
2026-10-01 22:11:32.814 [SYS] #00FFFF#厉害了我的大冒险玩家，本期的BOSS已经被击杀，BOSS会变得更强，敬请期待下期活动！！！
2026-10-01 22:14:03.734 [SYS] #FFF692#恭喜#FF8CF8#Kotori#FFF692#在#00C8F8#黄金宝箱#FFF692#中获得了#64FF7D#酷·灵气香肠棍
2026-10-01 22:18:28.508 [PIPE] controller disconnected
2026-10-01 22:18:44.820 [PIPE] controller connected
2026-10-01 22:18:44.822 [PIPE] controller disconnected
2026-10-01 22:19:06.904 [INIT] dll unloaded
2026-10-01 22:19:37.211 [INIT] dll loaded, pid=35260
2026-10-01 22:19:37.211 [INIT] codec loaded OK
2026-10-01 22:19:37.211 [INIT] iat hooks: recv=1 send=1 WSASend=1 connect=1 closesocket=1
2026-10-01 22:19:37.256 [OP] 4104 inv=FFFA len=5 #1 4667fbcaca
2026-10-01 22:19:37.362 [OP] 4105 inv=FFFE len=1 #1 5f
2026-10-01 22:19:37.362 [OP] 4104 inv=FFFB len=4 #2 dd081fc6
2026-10-01 22:19:37.365 [OUT] 1004 inv=FFF3 len=16 #1 f3ff04104ef39f2b5980c3642d0b59ae
2026-10-01 22:19:37.439 [OP] 4109 inv=FF4B len=180 #1 becdfc0b6ffaf8de1f805b64510bdcfaf82b1f806e6401c402facccead806e64580bdcfae13b1f80c4c6510bdce8a32b1fce5b6477ecdcfaae2b1f805b64510bdcfaa32b23aa5b6401ba710ea32b1f801e9f510b7acaa32b09075b64fc0bdcfaa3531f807fdf510bb522a32b1f805b64510bdcfa70bb1f80c5cd510b52faa32b1faa5b6477ecdcfa3e531f805b64510bdcfaa32bf4075b64cdb2dcfaa3781f80
2026-10-01 22:19:37.526 [OP] 4105 inv=FFFE len=1 #2 cd
2026-10-01 22:19:37.526 [OP] 4104 inv=FFFB len=4 #3 86081fa0
2026-10-01 22:19:37.526 [OP] 4105 inv=FFFE len=1 #3 6d
2026-10-01 22:19:37.526 [OP] 4104 inv=FFFB len=4 #4 6e081fd1
2026-10-01 22:19:37.526 [OP] 4106 inv=FFFD len=2 #1 a306
2026-10-01 22:19:37.526 [OP] 4110 inv=FFFD len=2 #1 722b
2026-10-01 22:19:37.526 [OP] 4111 inv=FFFD len=2 #1 6e64
2026-10-01 22:19:37.526 [OP] 4112 inv=FFFD len=2 #1 dcc4
2026-10-01 22:19:37.526 [OP] 4104 inv=FFFA len=5 #5 109bc1ca07
2026-10-01 22:19:38.289 [OUT] 1F51 inv=FFFF len=4 #1 ffff511f
2026-10-01 22:19:38.332 [OP] 4F52 inv=FFFF len=0 #1 
2026-10-01 22:19:42.120 [OP] 472A inv=FE76 len=393 #1 74b4de1faa5b64510bdcfaa32b1f805b64510bdce8a32b1f805b64510bdcfaa32b1f805b64510bdc02b72b1f805b645135dcfaa32b1f805b64510bdcfaa32b1f805b64510bdcfaa32b1f805b64510bdcfaa32b1f805b64510bdcfaa32b1f805b64510bdcfaa32b1f805b64510bdcfaa32b1f805b64510bdcfaa32b1f805b64510bdcfaa32b1f805b64510bdcbdf82b1f2c5b645153dcfaa391ca805b5c510bdc
2026-10-01 22:19:42.211 [OP] 42CE inv=FFFB len=4 #1 c87f510b
2026-10-01 22:19:42.211 [OP] 4211 inv=FFF6 len=9 #1 aa5b64511b3e22a34a
2026-10-01 22:19:42.211 [OP] 4211 inv=FFF6 len=9 #2 aa5b6451e3a722a34a
2026-10-01 22:19:42.211 [OP] 4211 inv=FFF6 len=9 #3 aa5b6451da3e22a34a
2026-10-01 22:19:42.211 [OP] 4211 inv=FFF6 len=9 #4 aa5b645140a722a34a
2026-10-01 22:19:42.310 [OP] 47C0 inv=FFCD len=50 #1 0faa0d2e8ffd6fc4027c6f8c3c2831ec8b2f6164ec5f7fd90eb16ec21abbce01b2da31ec8bebb4703c3cadd958b160ca0f6f
2026-10-01 22:19:42.310 [OP] 47C0 inv=FFD6 len=41 #2 51ca123c2831ec8b2f6164ec5f7fd90eb16ec21abbce01b2da31ec8bebb4703c3cadd958b160ca0f6f
2026-10-01 22:19:42.310 [OP] 47C0 inv=FFDF len=32 #3 0253ad5f7fd90eb16ec21abbce01b2da31ec8bebb4703c3cadd958b160ca0f6f
2026-10-01 22:19:42.311 [OP] 47C0 inv=FFEA len=21 #4 51cac7b2da31ec8bebb4703c3cadd958b160ca0f6f
2026-10-01 22:19:42.311 [OP] 47C0 inv=FFF3 len=12 #5 0253ca3cadd958b160ca0f6f
2026-10-01 22:19:44.142 [OUT] 004E inv=FFFA len=9 #1 faff4e00e9580bdce8
2026-10-01 22:19:44.276 [OP] EFFE inv=FFFE len=1 #1 0b
2026-10-01 22:19:44.276 [OP] 4029 inv=FFDF len=32 #1 becdfc0b4f9fa32b1f805b6467ecdcfaa32b1f8094a2510b90c4002b03809564
2026-10-01 22:19:44.374 [OP] 4613 inv=FEB5 len=330 #1 fd377c70f8d91fb093f8628e89c2965bca9bd6df09661bde352ecaaa95df510b6fc4f853cbc60b2643ec68fadbebd980946458ecdc5b16876c842d43520bdcfa361c10aa4064291790104223f33465df58e364a5810e3eaa95df580bdcc4f853cad0272db2316fc5a3936c845bf851ecdcfa2302074c724ed463dcfaa35f82b7950851225f5b858d593f66536fa66a325993cab42b53587b1cc4f853ca805bdf
2026-10-01 22:19:44.374 [OP] 4613 inv=FEB5 len=330 #2 fd377c70f8d91fb093f8628e89c2965bca9bd6df09661bde352ecaaa95df510b6fc4f853cbc60b2643ec68fadb57fd80946458ecdc5b16876c842d43520bdcfa361c10aa4064291790104223f33465df58e364a5810e3eaa95df580bdcc4f853cad0272db2316fc5a3931f805bf851ecdcfa2302074c724ed463dcfaa35f82b7950851225f5b858d593f66536fa66a325993cab42b53587b1cc4f853ca805bdf
2026-10-01 22:19:46.296 [PIPE] controller connected
2026-10-01 22:19:47.246 [OP] 4100 inv=FFF9 len=6 #1 98aac47f857f
2026-10-01 22:19:47.336 [OP] 4612 inv=FFE7 len=24 #1 fd0bdcfa8b3bad8041cdfc0b540e392be787c4647b8052fa
2026-10-01 22:19:47.336 [OP] 4612 inv=FFE7 len=24 #2 fd0bdcfa8b3bad8041cdfc0b540e392be787c4647b8052fa
2026-10-01 22:19:47.336 [OP] 4612 inv=FFE7 len=24 #3 fd0bdcfa8b3bad8041cdfc0b540e392be787c4647b8052fa
2026-10-01 22:19:47.336 [OP] 4101 inv=FBC5 len=1082 #1 f03bad809464510bdcfaa32bc8d97b81510bdcfaa32b1f805b64510bdcfaa32b1f805b64510bdcfa22069dca5b64f7d0dcfaa32b1f80bc7f510bdcfaa32b1f805b64510bdcfa8a5dad80c464510bdcfaa32bc8d97b81ca92dcfa5c7f1f80c831510b155a4e78c8d97b81a552155a562b1f807b81a5526f3079b352ad6fe0510bdcfaa32b1f805b6451b7c6faa32b1f805b0f310bdcfaa32b1f805b64510bdcfa
2026-10-01 22:19:47.430 [OUT] 1F51 inv=FFFF len=4 #2 ffff511f
2026-10-01 22:19:47.470 [OP] 4F52 inv=FFFF len=0 #2 
2026-10-01 22:19:48.291 [OUT] 1001 inv=FFF9 len=10 #1 f9ff01101f805b64510b
2026-10-01 22:19:48.500 [OP] 4108 inv=FFE3 len=28 #1 1207c464510bdcfa2153c8d9d8f8510bce40515d1f805b64510bdcfa
2026-10-01 22:19:48.587 [OP] 4108 inv=FFE3 len=28 #2 1207c464510bdcfa22531f80d8f8510bce40515d1f805b64510bdcfa
2026-10-01 22:19:48.587 [OP] 4108 inv=FFF3 len=12 #3 53c2392b1f805b64510b155a
2026-10-01 22:19:48.587 [OP] 4108 inv=FFF3 len=12 #4 53c2392b1f805b64580bdcfa
2026-10-01 22:19:48.587 [OP] 4108 inv=FFF3 len=12 #5 53c2392b1f805b640e0bdcfa
2026-10-01 22:19:50.499 [OP] 4105 inv=FFFE len=1 #4 3d
2026-10-01 22:19:50.513 [OUT] 1005 inv=FFEF len=20 #1 efff0510a498f853aa795c640b0bd3c4a32b1f80
2026-10-01 22:19:50.588 [OP] 4105 inv=FFFE len=1 #5 c0
2026-10-01 22:19:50.588 [OP] 4106 inv=FFFC len=3 #2 a539ee
2026-10-01 22:19:50.588 [OP] 4110 inv=FFFD len=2 #2 222b
2026-10-01 22:19:50.673 [OP] 4109 inv=FF7B len=132 #2 1207c464580b6fe8a32b1f805b64510b13f4a32ba58021df0b0b40c43993e780cf26510b10aea32bade7c36451ecdcfaa32b1f8062df510b9dfaa32b1f805b64510bdcfa40ce1f80a808510b52e8232b1faa5b818fecdcfa5ade1f805b64510bdcfaa32bc0ef5b6467d5dcfa399362805bdf51527cc4a32bcf815ed9510bdcfaccd01f80
2026-10-01 22:19:50.760 [OP] 4106 inv=FFFC len=3 #3 a539ed
2026-10-01 22:19:50.760 [OP] 4106 inv=FFFD len=2 #4 f8cb
2026-10-01 22:19:50.760 [OP] 4111 inv=FFFD len=2 #2 a164
2026-10-01 22:19:52.555 [OP] 4109 inv=FEDF len=288 #3 53c2392bca801c6f51fddcfaa32b1f809564510be6fa5553a5809fdfb275c4faf82b1f80bc7f510b8b47db2b1faa5b64517fdcfa4b531f805f64510bdcfaa32b1f805b64580bdcfad3de1f801cbe0b0bdcfaa32b1faa5b64580bdcfad3de1f801cbe830bdcfaa32b1f33baf8580bdcfad3de1f801cbee60bdcfaa32b1f801c6486d0dcfacf4a1f801c530e0bdcc4db2b44aa5b64b3b1dcfaa32b1f805b64510b
2026-10-01 22:19:52.649 [OP] 4111 inv=FFFD len=2 #3 d064
2026-10-01 22:19:52.649 [OP] 4112 inv=FFFD len=2 #2 6ac4
2026-10-01 22:19:54.022 [OP] 4109 inv=FFB7 len=72 #4 1207c464517f6fc4a32b1f805b64510b07faa32bcaa05b6487b1dcfa40ce1f80badf0e7f07faa32b39125b640eec54faa32b1f805b64510b8222a32b39125b64080b54faa32b1f80
2026-10-01 22:19:54.116 [OP] 4106 inv=FFFD len=2 #5 f82b
2026-10-01 22:19:54.116 [OP] 4111 inv=FFFD len=2 #4 9564
2026-10-01 22:19:54.286 [OP] EFFE inv=FFFE len=1 #2 0b
2026-10-01 22:19:55.456 [OP] 4109 inv=FEFF len=256 #5 f03bad809564b2b1dcfaa32b1f805b64580bdcfa232ba312c36446b18bfaa32bca805b648508dcfafd2b29805b64510bdcc4a32bca805b648508dcfafd2be7805b64510bdcfaa32bca805b648508dcfafd2b6d805b64510bdcfaa32bca805b648508dcfafd2b9b805b64510bdcfaa32b28795b648508dcfafd2b29805bdf510b7cc4a32baad6ba37510bdcfa34c81f80eb53510b4125a32b9d80a16451ecdcfa
2026-10-01 22:19:55.537 [OP] 4111 inv=FFFD len=2 #5 5b64
2026-10-01 22:19:56.010 [OP] 4613 inv=FFBF len=64 #3 f89523b79508512ec9e8e8dc9a071319587be3c49416ba41550758ec6fc4a32bcaaa956488b25b220253ab80944b510be6faf8531f7926b35c3828d7512b1f80
2026-10-01 22:19:56.908 [OP] 4613 inv=FF7E len=129 #4 f8cd2fe7c4202b97b194dc023ca7bb7753ca7cf97d42e7f2c4f853ca805bdf58ecdc6d311cadb39566517f1751a3931faa5b6483d286033d6643505b6451040370f8d91f990f5319be908cd124e1a6c30df67f6fe22924ca9be7df58ec6ffaa353caaa5b8d492f5298f8541f805c64517fdcc4a32beceb066d0d19f8bbea2b1f80
2026-10-01 22:19:56.909 [OP] 4613 inv=FFBB len=68 #5 58040370f8d91f990f5319be908cd124e1a6c30df67f6fe22924ca9be7df58ec6ffaa353caaa5b8d492f5298f8541f805c64517fdcc4a32beceb066d0d19f8bbea2b1f80
2026-10-01 22:19:56.909 [OP] 4211 inv=FFEC len=19 #5 ce5b6451cd3e22a3de5207c464fc34a722a3de
2026-10-01 22:19:57.481 [OUT] 1F51 inv=FFFF len=4 #3 ffff511f
2026-10-01 22:19:57.521 [OP] 4F52 inv=FFFF len=0 #3 
2026-10-01 22:20:00.381 [OP] 4112 inv=FFFD len=2 #3 dcc4
2026-10-01 22:20:00.381 [OP] 4112 inv=FFFD len=2 #4 6fc4
2026-10-01 22:20:00.381 [OP] 4112 inv=FFFD len=2 #5 90c4
2026-10-01 22:20:02.815 [OP] 46FE inv=FFFF len=0 #1 
2026-10-01 22:20:07.536 [OUT] 1F51 inv=FFFF len=4 #4 ffff511f
2026-10-01 22:20:07.576 [OP] 4F52 inv=FFFF len=0 #4 
2026-10-01 22:20:07.684 [OP] 472A inv=FE76 len=393 #2 74b4de1fc75b64510bdcfaa32b1f805b64510bdce8a32b1f805b64510bdcfaa32b1f805b64510bdc02b72b1f805b645172dcfaa32b1f805b64510bdcfaa32b1f805b64510bdcfaa32b1f805b64510bdcfaa32b1f805b64510bdcfaa32b1f805b64510bdcfaa32b1f805b64510bdcfaa32b1f805b64510bdcfaa32b1f805b64510bdcfaa32b1f805b64510bdcb5a32b1fc3956451fa6ffaa3ccca805bd3580bdc
2026-10-01 22:20:07.774 [OP] 42CE inv=FFFB len=4 #2 c87f510b
2026-10-01 22:20:13.852 [OP] 4100 inv=FFF9 len=6 #2 98aaa47f0b7f
2026-10-01 22:20:13.939 [OP] 4101 inv=FC6D len=914 #2 f03bad809464510bdcfaa32bc8d97b81510bdcfaa32b1f805b64510bdcfaa32b1f805b64510bdcfa22069d4e5b64f7d0dcfaa32b1f80bc7f510bdcfaa32b1f805b64510bdcfa8a5dad80c464510bdcfaa32bc8d97b81ca92dcfa5c7f1f80c831510b155a4e78c8d97b81a552155a562b1f807b81a5526f3079b352ad6fe0510bdcfaa32b1f805b645db7c6faa32b1f805b0f310bdcfaa32b1f805b64510bdcfa
2026-10-01 22:20:13.999 [OUT] 1F51 inv=FFFF len=4 #5 ffff511f
2026-10-01 22:20:14.039 [OP] 4F52 inv=FFFF len=0 #5 
2026-10-01 22:20:14.314 [OP] EFFE inv=FFFE len=1 #3 0b
2026-10-01 22:20:14.926 [OUT] 1001 inv=FFF9 len=10 #2 f9ff01101f805b64510b
2026-10-01 22:20:17.079 [OUT] 1005 inv=FFEF len=20 #2 efff0510a498f853aac75c640b0bd3c4a32b1f80
2026-10-01 22:20:17.171 [OP] 4110 inv=FFFD len=2 #3 222b
2026-10-01 22:20:25.323 [OP] EFFE inv=FFFE len=1 #4 0b
2026-10-01 22:20:33.125 [OP] 46FE inv=FFFF len=0 #2 
2026-10-01 22:20:35.525 [OUT] 1004 inv=FFF3 len=16 #2 f3ff04104ef39f2b5912c3642d0b59ae
2026-10-01 22:20:35.661 [OP] 4110 inv=FFFD len=2 #4 722b
2026-10-01 22:20:40.525 [OP] 472A inv=FE76 len=393 #3 74b4de1fc75b64510bdcfaa32b1f805b64510bdcc4a32b1f805b64510bdcfaa32b1f805b64510bdc02b72b1f805b645135dcfaa32b1f805b64510bdcfaa32b1f805b64510bdcfaa32b1f805b64510bdcfaa32b1f805b64510bdcfaa32b1f805b64510bdcfaa32b1f805b64510bdcfaa32b1f805b64510bdcfaa32b1f805b64510bdcfaa32b1f805b64510bdcbdf82b1fc3956451f16ffaa3731f805bc7580bdc
2026-10-01 22:20:40.617 [OP] 42CE inv=FFFB len=4 #3 c87f510b
2026-10-01 22:20:42.564 [OUT] 004E inv=FFFA len=9 #2 faff4e00e9580bdce8
2026-10-01 22:20:42.564 [OUT] 004E inv=FFFA len=9 #3 faff4e00e9580bdcf4
2026-10-01 22:20:42.624 [OP] 4029 inv=FFDF len=32 #2 becdfc0b4f9fa32b1f805b6467ecdcfaa32b1f80940f580b90c4002b8f809564
2026-10-01 22:20:42.727 [OP] 4029 inv=FFDF len=32 #3 becdfc0b0253a32b1f805b64de75dcfaa32b1f80847f510b8bc4002b1a809564
2026-10-01 22:20:44.349 [OP] EFFE inv=FFFE len=1 #5 0b
2026-10-01 22:20:46.632 [OP] 4100 inv=FFF9 len=6 #3 98aa5cf82eec
2026-10-01 22:20:46.717 [OP] 4101 inv=FC35 len=970 #3 becdfc0b90faa32b1f805b64a552155aa32b1f805b64510bdcfaa32b1f805b64510bdcfaa32b1f80d0c6b2b2dcfad3de1f805b64510bb022a32b1f805b64510bdcfaa32b1f80a0ecfc0b52faa32b1f805b64a552155a74f21f805255510b8631a32bc8d97b81a552155a4e78c8d96c64510b155a4e78caa024c812922d93a32b1f805b64510bdcfaa36d84805b64510bdc83b72b1f805b64510bdcfaa32b1f80
2026-10-01 22:20:47.691 [OUT] 1001 inv=FFF9 len=10 #3 f9ff01101f805b64510b
2026-10-01 22:20:49.846 [OUT] 1005 inv=FFEF len=20 #3 efff0510a498f853aa795c640b0bd3c4a32b1f80
2026-10-01 22:20:49.941 [OP] 4110 inv=FFFD len=2 #5 222b
2026-10-01 22:21:03.378 [OP] 46FE inv=FFFF len=0 #3 
2026-10-01 22:21:04.858 [OP] 4612 inv=FFF7 len=8 #4 ca805b64b4b252fa
2026-10-01 22:21:05.762 [OP] 4612 inv=FFF3 len=12 #5 90faa32b5207c464fb8052fa
2026-10-01 22:21:12.821 [OP] 472A inv=FE76 len=393 #4 74b4de1faa5b64510bdcfaa32b1f805b64510bdce8a32b1f805b64510bdcfaa32b1f805b64510bdc02b72b1f805b645172dcfaa32b1f805b64510bdcfaa32b1f805b64510bdcfaa32b1f805b64510bdcfaa32b1f805b64510bdcfaa32b1f805b64510bdcfaa32b1f805b64510bdcfaa32b1f805b64510bdcfaa32b1f805b64510bdcfaa32b1f805b64510bdcb5a32b1fc3956451fa6ffaa3ccca805bc7580bdc
2026-10-01 22:21:12.913 [OP] 42CE inv=FFFB len=4 #4 c87f510b
2026-10-01 22:21:20.928 [OP] 4100 inv=FFF9 len=6 #4 98aa6f7fa47f
2026-10-01 22:21:21.021 [OP] 4101 inv=FBFD len=1026 #4 0db252fadb2b1f805b64510b155a4e781f805b64510bdcfaa32b1f805b64510bdcfaa32b1f805b648e5f8b53a32b66ce5b64510bdcfad3de1f805b64510bdcfaa32b1f805b64e38052fa392b1f805b64510b155a4e7876ad5b64d92bdcfa6ff51f807b81a552155a4e78c8d97b81660bdcfa4e78c8d995a976e374b34fc51f805b64510bdcfaa32b09fd2764510bdcfaa36d84805b64510bdcfaa32b1f805b64
2026-10-01 22:21:22.007 [OUT] 1001 inv=FFF9 len=10 #4 f9ff01101f805b64510b
2026-10-01 22:21:24.176 [OUT] 1005 inv=FFEF len=20 #4 efff0510a498f853aa795c640b0bd3c4a32b1f80
2026-10-01 22:21:33.584 [OP] 46FE inv=FFFF len=0 #4 
2026-10-01 22:21:39.606 [OP] 472A inv=FE76 len=393 #5 74b4de1fc75b64510bdcfaa32b1f805b64510bdce8a32b1f805b64510bdcfaa32b1f805b64510bdc02b72b1f805b645135dcfaa32b1f805b64510bdcfaa32b1f805b64510bdcfaa32b1f805b64510bdcfaa32b1f805b64510bdcfaa32b1f805b64510bdcfaa32b1f805b64510bdcfaa32b1f805b64510bdcfaa32b1f805b64510bdcfaa32b1f805b64510bdcb5a32b1f2c5b645153dcfaa391ca805bd3580bdc
2026-10-01 22:21:39.698 [OP] 42CE inv=FFFB len=4 #5 c87f510b
2026-10-01 22:21:41.648 [OUT] 004E inv=FFFA len=9 #4 faff4e00e9580bdce8
2026-10-01 22:21:41.812 [OP] 4029 inv=FFDF len=32 #4 becdfc0b4f9fa32b1f805b6467ecdcfaa32b1f809464510b90c4002b3e809564
2026-10-01 22:21:43.715 [OP] 4100 inv=FFF9 len=6 #5 98aa9af8b27f
2026-10-01 22:21:43.885 [OP] 4101 inv=FC6D len=914 #5 f03bad809464510bdcfaa32bc8d97b81510bdcfaa32b1f805b64510bdcfaa32b1f805b64510bdcfa22069d4e5b64f7d0dcfaa32b1f80bc7f510bdcfaa32b1f805b64510bdcfa8a5dad80c464510bdcfaa32bc8d97b81ca92dcfa5c7f1f80c831510b155a4e78c8d97b81a552155a562b1f807b81a5526f3079b352ad6fe0510bdcfaa32b1f805b6451b7c6faa32b1f805b0f310bdcfaa32b1f805b64510bdcfa
2026-10-01 22:21:44.794 [OUT] 1001 inv=FFF9 len=10 #5 f9ff01101f805b64510b
2026-10-01 22:21:46.998 [OUT] 1005 inv=FFEF len=20 #5 efff0510a498f853aac75c640b0bd3c4a32b1f80
2026-10-01 22:22:03.790 [OP] 46FE inv=FFFF len=0 #5 
2026-10-01 22:22:23.296 [OUT] 004E inv=FFFA len=9 #5 faff4e00e9580bdce8
2026-10-01 22:22:23.396 [OP] 4029 inv=FFDF len=32 #5 becdfc0b4f9fa32b1f805b6467ecdcfaa32b1f80943e510b90c4002be6809564
2026-10-01 22:22:27.797 [SYS] #FFF692#恭喜#FF8CF8#假面骑士V3#FFF692#在#00C8F8#结晶宝箱#FFF692#中获得了#64FF7D#羽翼结晶
2026-10-01 22:22:44.411 [OUT] 0048 inv=FFF7 len=12 #1 f7ff4800dcfaa32b1fed9564
2026-10-01 22:22:44.412 [OUT] 0048 inv=FFF7 len=12 #2 f7ff4800dcfaa32b1f6d9564
2026-10-01 22:22:44.489 [OP] 4721 inv=FFF7 len=8 #1 53c2392b1fed9564
2026-10-01 22:22:44.673 [OP] 4721 inv=FFF7 len=8 #2 53c2392b1f6d9564
2026-10-01 22:22:45.511 [PIPE] controller disconnected
2026-10-01 22:22:53.083 [PIPE] controller connected
2026-10-01 22:23:42.572 [OUT] 0048 inv=FFF7 len=12 #3 f7ff4800dcfaa32b1f6d9564
2026-10-01 22:23:42.643 [OP] 4721 inv=FFF7 len=8 #3 53c2392b1f6d9564
2026-10-01 22:23:51.903 [OP] 4031 inv=FFDC len=35 #1 455b615108dcfaa3531fe9022e98c810387599970e2d6451839fdd59c0c3e941876f0b
2026-10-01 22:24:12.550 [OUT] 1004 inv=FFF3 len=16 #3 f3ff04104ef39f2b5912c3642d0b59ae
2026-10-01 22:24:20.181 [OP] 4031 inv=FF5C len=163 #2 39510cdc22a32b1faa5b5003b3a22d1d88ab6a30051648b0c54f67e87106671df42db834677c499871136a78ec4f67e88f138787e92a934f67c31663b97fb353001618b0a4a9e9744c6828349aa250a2d8899e38d5a8671213a96706a4b1ec34679694f3b3e1a6b6ccc29b40f32cce4d87f0775131a2b1f389f9140fb35120bb4c848980ef6e165119aeeb837bc06919740e23d0e4346451e49cfc58f33ee554
2026-10-01 22:25:16.901 [OUT] 0048 inv=FFF7 len=12 #4 f7ff4800dcfaa32b1f6d9564
2026-10-01 22:25:16.963 [OP] 4721 inv=FFF7 len=8 #4 53c2392b1f6d9564
2026-10-01 22:25:42.546 [OUT] 1004 inv=FFF3 len=16 #4 f3ff04104ef39f2b5912c3642d0b59ae
2026-10-01 22:25:55.403 [CAP] capture ON (pid 35260)
2026-10-01 22:26:11.082 [OUT] 0048 inv=FFF7 len=12 #5 f7ff4800dcfaa32b1f6d9564
2026-10-01 22:26:11.209 [OP] 4721 inv=FFF7 len=8 #5 53c2392b1f6d9564
2026-10-01 22:26:55.451 [CAP] capture OFF frames=608
2026-10-01 22:27:00.173 [SYS] #00FFFF#国庆焰火晚会开始了，冒险者可到旗台处参与燃放烟花，幸运者还可能得到稀有奖励喔！装饰国旗以及燃放烟花将在#00FF00#3#00FFFF#分钟后关闭，请冒险者抓紧时间喔！#FFFFFF#
2026-10-01 22:27:27.786 [OUT] 1004 inv=FFF3 len=16 #5 f3ff04104ef39f2b5912c3642d0b59ae
2026-10-01 22:27:32.612 [OP] 4210 inv=FFF3 len=12 #1 660bdcfa7d2b1f80c6ecfc0b
2026-10-01 22:28:35.068 [CAP] capture ON (pid 35260)
2026-10-01 22:29:16.454 [OP] F005 inv=FFE7 len=24 #1 26b35c3828d7512b1f805b64510bdcfaa3ce1f8091f419b2
2026-10-01 22:30:00.163 [SYS] #00FFFF#国庆节特别活动“红旗飘飘贺国庆”以及国庆焰火晚会到此结束，谢谢各位冒险者的热情参与，祝所有冒险者国庆快乐！#FFFFFF#
2026-10-01 22:32:16.406 [OP] F005 inv=FFE7 len=24 #2 26b35c3828d7512b1f805b64510bdcfaa3de610791f419b2
2026-10-01 22:33:33.918 [OP] 4031 inv=FFE1 len=30 #3 52fa4d2b1f805b64580b71faa3a87168fafb065ab080c2b39568fa06e20b
2026-10-01 22:34:46.696 [OP] 4210 inv=FFF3 len=12 #2 660bdcfac32b1f80a1ecfc0b
2026-10-01 22:36:06.911 [CAP] capture OFF frames=4648
2026-10-01 22:36:07.912 [CAP] capture ON (pid 35260)
2026-10-01 22:36:50.648 [CAP] capture ON (pid 35260)
2026-10-01 22:39:20.333 [OP] 4210 inv=FFF3 len=12 #3 660bdcfad82b1f80baecfc0b
2026-10-01 22:39:32.859 [OP] F005 inv=FFE7 len=24 #3 24c812922d0ba32b1f805b64510bdcfaa3ce1f8008c52eb2
2026-10-01 22:40:00.662 [OP] F005 inv=FFE7 len=24 #4 26b35c3828d7a32b1f805b64510bdcfaa3ce1f80508833b2
2026-10-01 22:40:56.467 [OP] 4031 inv=FFDF len=32 #4 3b0b66faa32b1f8095645210710b51e29f18f4645134ad0303eb4b4c9333f60b
2026-10-01 22:41:20.749 [OP] 4033 inv=FFE4 len=27 #1 e0a3c41f805b6451ecdc195412f5805b01936cea032bebc34c0f64
2026-10-01 22:41:51.763 [OP] 4033 inv=FFE4 len=27 #2 e0a3c41f805b6451ecdcd9741976805b01936cea032bebc34c0f64
2026-10-01 22:43:46.122 [OP] F005 inv=FFE7 len=24 #5 26b35c3828d7a32b1f805b64510bdcfaa3de1f80508833b2
2026-10-01 22:46:50.896 [CAP] capture OFF frames=6232
2026-10-01 22:47:44.989 [OP] 4031 inv=FF5C len=163 #5 39510cdc22a32b1faa5b5003b3a22d1d88ab6a30051648b0c54f67e87106671df42db834677c499871136a78ec4f67e88f138787e92a934f67c31663b97fb353001618b0a4a9e9744c6828349aa250a2d8899e38d5a8671213a96706a4b1ec34679694f3b3e1a6b6ccc29b40f32cce4d87f0775131a2b1f389f9140fb35120bb4c848980ef6e165119aeeb837bc06919740e23d0e4346451e49cfc58f33ee554
2026-10-01 22:52:02.661 [QUESTION] {"type":"question","sock":2348,"qno":20,"field_a":105,"stem":"人们平时所说的“煤气中毒”是因为哪种有害气体吸入过多而引起的？","options":["1、二手烟","2、一氧化碳","3、生气","4、屁"]}
2026-10-01 22:52:03.663 [UI] auto dump on question qno=20
2026-10-01 22:52:03.663 [UI] ---- window dump begin (pid 35260) ----
2026-10-01 22:52:03.678 [UI] TOP=000700F2 vis=1 cls=ATL:012FF210 rc=(210,55,1250,862) title=什么什么大冒险2(①逍遥村敬老院)-伏地魔4_Sep 24 2026《什么什么大冒险》制作委员会QQ群:515616289
2026-10-01 22:52:03.679 [UI] TOP=0003061E vis=0 cls=DIEmWin rc=(-1,-1,135,38) title=DIEmWin
2026-10-01 22:52:03.695 [UI] TOP=000405FE vis=0 cls=MSCTFIME UI rc=(0,0,0,0) title=MSCTFIME UI
2026-10-01 22:52:03.706 [UI] TOP=0003061A vis=0 cls=IME rc=(0,0,0,0) title=Default IME
2026-10-01 22:52:03.709 [UI] TOP=00100106 vis=0 cls=IME rc=(0,0,0,0) title=Default IME
2026-10-01 22:52:03.709 [UI] ---- window dump end ----
2026-10-01 22:52:04.115 [SEND-ANSWER] qno=20 opt=1 ret=13 sock=2348
2026-10-01 22:52:04.161 [SYS] 测试通过！
2026-10-01 22:52:04.249 [SYS] 获得了#00FF00#100#FFF692#金币
2026-10-01 22:52:04.250 [CURRENCY] a=199369 b=775359
2026-10-01 22:52:05.916 [UI] auto-closing quiz frame: qno=20 opt=1
2026-10-01 22:52:05.922 [UI] option 1 control NOT found — falling back to digit key
2026-10-01 22:52:13.022 [OUT] 1F04 inv=FFF6 len=13 #1 f6ff041fce1f805bec510bdcc4
2026-10-01 22:56:02.253 [OP] 4210 inv=FFF3 len=12 #4 660bdcfa402b1f8057ecfc0b
2026-10-01 23:02:14.359 [SYS] #FFF692#恭喜#FF8CF8#多人运动罗志祥zZ#FFF692#打造出#64FF7D#+10#FFF692#装备
2026-10-01 23:03:27.069 [PIPE] controller disconnected
2026-10-01 23:03:30.859 [PIPE] controller connected
2026-10-01 23:03:30.859 [PIPE] controller disconnected
2026-10-01 23:03:52.338 [INIT] dll unloaded
2026-10-01 23:04:11.175 [INIT] dll loaded, pid=35260
2026-10-01 23:04:11.175 [INIT] codec loaded OK
2026-10-01 23:04:11.176 [INIT] iat hooks: recv=1 send=1 WSASend=1 connect=1 closesocket=1
2026-10-01 23:04:11.178 [OV] overlay window ready
2026-10-01 23:04:11.324 [OP] 47C0 inv=FFF1 len=14 #1 17c4f89e44ca9408170cb2cabd2b
2026-10-01 23:04:11.324 [OP] 4211 inv=FFF6 len=9 #1 aa5b645134a722a3de
2026-10-01 23:04:11.518 [OP] 472A inv=FE6C len=403 #1 74b4de1faa5b64510bdcfaa32b1f805b64510bdce8a32b1f805b64510bdcfaa32b1f805b64510bdcb3b42b1f805b645135dcfaa32b1f805b64510bdcfaa32b1f805b64510bdcfaa32b1f805b64510bdcfaa32b1f805b64510bdcfaa32b1f805b64510bdcfaa32b1f805b64510bdcfaa32b1f805b64510bdcfaa32b1f805b64510bdcfaa32b1f805b64510bdcb5a32b1fc3956451f16ffaa3ccca805bd3580bdc
2026-10-01 23:04:11.614 [OP] 42CE inv=FFFB len=4 #1 c87f510b
2026-10-01 23:04:11.615 [OP] 4211 inv=FFF6 len=9 #2 aa5b64511b3e22a34a
2026-10-01 23:04:11.615 [OP] 4211 inv=FFF6 len=9 #3 aa5b6451e3a722a34a
2026-10-01 23:04:11.714 [OP] 4211 inv=FFF6 len=9 #4 aa5b6451da3e22a34a
2026-10-01 23:04:11.714 [OP] 4211 inv=FFF6 len=9 #5 aa5b645140a722a34a
2026-10-01 23:04:11.714 [OP] 47C0 inv=FFF3 len=12 #2 0253ca277fd9587f04301524
2026-10-01 23:04:11.714 [OP] 47C0 inv=FFF3 len=12 #3 0253ca7c7fd958b15cdc116f
2026-10-01 23:04:11.716 [OP] 47C0 inv=FFE1 len=30 #4 0faac4e58ffd6ff41506cb8cb2da31ec8bc1728cec3cadd958b1a46ed06f
2026-10-01 23:04:11.716 [OP] 47C0 inv=FFEA len=21 #5 51cac7b2da31ec8bc1728cec3cadd958b1a46ed06f
2026-10-01 23:04:13.398 [OUT] 0048 inv=FFF7 len=12 #1 f7ff4800dcfaa32b1f6d9564
2026-10-01 23:04:13.531 [OP] 4721 inv=FFF7 len=8 #1 53c2392b1f6d9564
2026-10-01 23:04:13.553 [OUT] 004E inv=FFFA len=9 #1 faff4e00e9580bdce8
2026-10-01 23:04:13.630 [OP] 4029 inv=FFDF len=32 #1 becdfc0b8ac2a32b1f805b6467ecdcfaa32b1f809464580b90c4002b6d809564
2026-10-01 23:04:13.855 [PIPE] controller connected
2026-10-01 23:04:14.849 [OP] EFFE inv=FFFE len=1 #1 0b
2026-10-01 23:04:19.613 [OP] 4100 inv=FFF9 len=6 #1 98aa75f8ec7f
2026-10-01 23:04:19.697 [OP] 4101 inv=FBC5 len=1082 #1 f03bad809464510bdcfaa32bc8d97b81510bdcfaa32b1f805b64510bdcfaa32b1f805b64510bdcfa22069dca5b64f7d0dcfaa32b1f80bc7f510bdcfaa32b1f805b64510bdcfa8a5dad80c464510bdcfaa32bc8d97b81ca92dcfa5c7f1f80c831510b155a4e78c8d97b81a552155a562b1f807b81a5526f3079b352ad6fe0510bdcfaa32b1f805b64cdb7c6faa32b1f805b0f310bdcfaa32b1f805b64510bdcfa
2026-10-01 23:04:19.782 [OUT] 1F51 inv=FFFF len=4 #1 ffff511f
2026-10-01 23:04:19.824 [OP] 4F52 inv=FFFF len=0 #1 
2026-10-01 23:04:20.674 [OUT] 1001 inv=FFF9 len=10 #1 f9ff01101f805b64510b
2026-10-01 23:04:20.880 [OP] 4108 inv=FFE3 len=28 #1 1207c464510bdcfa21531f80d8f8510bce40515d1f805b64510bdcfa
2026-10-01 23:04:20.971 [OP] 4108 inv=FFE3 len=28 #2 1207c464510bdcfa22531f80d8f8510bce40515d1f805b64510bdcfa
2026-10-01 23:04:20.971 [OP] 4108 inv=FFF3 len=12 #3 53c2392b1f805b64510bdcfa
2026-10-01 23:04:20.971 [OP] 4108 inv=FFF3 len=12 #4 53c2392b1f805b64580bdcfa
2026-10-01 23:04:20.972 [OP] 4108 inv=FFF3 len=12 #5 53c2392b1f805b640e0bdcfa
2026-10-01 23:04:20.972 [OP] 4104 inv=FFFB len=4 #1 0a081f80
2026-10-01 23:04:20.972 [OP] 4104 inv=FFFB len=4 #2 3cae1faa
2026-10-01 23:04:20.972 [OP] 4104 inv=FFFB len=4 #3 0a081fc7
2026-10-01 23:04:20.972 [OP] 4104 inv=FFFB len=4 #4 3cae1fce
2026-10-01 23:04:20.972 [OP] 4104 inv=FFFB len=4 #5 3cae1f12
2026-10-01 23:04:23.114 [OP] 4105 inv=FFFE len=1 #1 3d
2026-10-01 23:04:23.114 [OP] 4105 inv=FFFE len=1 #2 c0
2026-10-01 23:04:23.114 [OP] 4105 inv=FFFE len=1 #3 af
2026-10-01 23:04:23.121 [OUT] 1005 inv=FFEF len=20 #1 efff0510a498f853aa795c640b0bd3c4a32b1f80
2026-10-01 23:04:23.173 [OP] 4109 inv=FF7B len=132 #1 1207c464580b6fe8a32b1f805b64510b13f4a32ba58021df0b0b40c43993e780cf26510b10aea32bade7c36451ecdcfaa32b1f8062df510b9dfaa32b1f805b64510bdcfa40ce1f80a808510b52e8232b1faa5b818fecdcfaa5de1f805b64510bdcfaa32bc0ef5b6467d5dcfa399362805bdf51527cc4a32bcf815ed9510bdcfaccd01f80
2026-10-01 23:04:23.282 [OP] 4106 inv=FFFC len=3 #1 a539ee
2026-10-01 23:04:23.282 [OP] 4110 inv=FFFD len=2 #1 222b
2026-10-01 23:04:23.282 [OP] 4106 inv=FFFC len=3 #2 a539ed
2026-10-01 23:04:23.282 [OP] 4106 inv=FFFD len=2 #3 f8cb
2026-10-01 23:04:23.282 [OP] 4111 inv=FFFD len=2 #1 a164
2026-10-01 23:04:24.858 [OP] EFFE inv=FFFE len=1 #2 0b
2026-10-01 23:04:24.875 [OP] 46FE inv=FFFF len=0 #1 
2026-10-01 23:04:25.134 [OP] 4109 inv=FF83 len=124 #2 f03bad805bf80e7fdcc4a32b1f805b64550bdcfa39ee1f80b8dd510bfdcaa32b6dce9426550bdcfa1d4a1f80947f8e0bdcfaa32b1f805b6487b1dcfa526f1f8094befc0bdcfaa32b1fce5b64ded0dcfa1d4a1f809b648e0bdcfaa32b82795b64b608dcfadb2bad805bdf0e0b05c4a32b9a125b64510bdcfaa32b1f80
2026-10-01 23:04:25.223 [OP] 4105 inv=FFFE len=1 #4 ec
2026-10-01 23:04:25.223 [OP] 4106 inv=FFFD len=2 #4 f853
2026-10-01 23:04:25.224 [OP] 4105 inv=FFFE len=1 #5 d0
2026-10-01 23:04:25.224 [OP] 4106 inv=FFFD len=2 #5 a3de
2026-10-01 23:04:25.224 [OP] 4111 inv=FFFD len=2 #2 c464
2026-10-01 23:04:27.533 [OP] 4109 inv=FFB7 len=72 #3 1207c464517f6fc4a32b1f805b64510b07faa32b62e75b6487b1dcfa40ce1f80a1530e8007faa32b39125b640e754ffaa32b1f805bdf510b8222a32b39125b64080b4ffaa32b1f4e
2026-10-01 23:04:27.651 [OP] 4111 inv=FFFD len=2 #3 c364
2026-10-01 23:04:28.939 [OP] 4109 inv=FEFF len=256 #4 f03bad809564b2b1dcfaa32b1f805b64580bdcfa232ba312c36446b18bfaf82bca805b648508dcfafd5384805b64510bdcc4a32bca805b648508dcfafd53c7805b64510bdcfaa32bca805b648508dcfafd53e7805b64510bdcfaa32bca805b648508dcfafd536d805b64510bdcfaa32b28795b648508dcfafd2b84805bdf510b7cc4a32baad6ba37510bdcfa34c81f80eb53510b4125a32b9d80576451ecdc5a
2026-10-01 23:04:29.040 [OP] 4111 inv=FFFD len=2 #4 9564
2026-10-01 23:04:29.846 [OUT] 1F51 inv=FFFF len=4 #2 ffff511f
2026-10-01 23:04:29.885 [OP] 4F52 inv=FFFF len=0 #2 
2026-10-01 23:04:31.057 [OP] 4109 inv=FF33 len=204 #5 f03bad809564fcd0dce0a32b1f805b64580bdcfa232ba312c36446b18bfafd2bca805b648508dcfafd4afd805b64510bdcc4a32bca805b648508dcfafd4a6d805b64510bdcfaa32bca805b648508dcfafd4a9b805b64510bdcc4a32b28795b648508dcfafd2bfd805bdf510b7cc4a32baad6ba37510bdcfa34c81f80eb53510b4125a32b9d80d064517fdcfaa8531f8016c1fb44dcfaa32ba8be5b6405ecdcfa
2026-10-01 23:04:31.134 [OP] 4111 inv=FFFD len=2 #5 1c64
2026-10-01 23:04:37.596 [OP] 4112 inv=FFFD len=2 #1 6ac4
2026-10-01 23:04:38.914 [OP] 4112 inv=FFFD len=2 #2 dcc4
2026-10-01 23:04:38.914 [OP] 4112 inv=FFFD len=2 #3 90c4
2026-10-01 23:04:38.914 [OP] 4112 inv=FFFD len=2 #4 52c4
2026-10-01 23:04:38.915 [OP] 4112 inv=FFFD len=2 #5 e6c4
2026-10-01 23:04:39.904 [OUT] 1F51 inv=FFFF len=4 #3 ffff511f
2026-10-01 23:04:39.944 [OP] 4F52 inv=FFFF len=0 #3 
2026-10-01 23:04:44.880 [OP] EFFE inv=FFFE len=1 #3 0b
2026-10-01 23:04:46.251 [OP] 472A inv=FE6C len=403 #2 74b4de1fc75b64510bdcfaa32b1f805b64510bdce8a32b1f805b64510bdcfaa32b1f805b64510bdcb3b42b1f805b645172dcfaa32b1f805b64510bdcfaa32b1f805b64510bdcfaa32b1f805b64510bdcfaa32b1f805b64510bdcfaa32b1f805b64510bdcfaa32b1f805b64510bdcfaa32b1f805b64510bdcfaa32b1f805b64510bdcfaa32b1f805b64510bdc7af82b1f2c5b6451f16ffaa3ccca805b5c510bdc
2026-10-01 23:04:46.343 [OP] 42CE inv=FFFB len=4 #2 c87f510b
2026-10-01 23:04:47.521 [OUT] 0048 inv=FFF7 len=12 #2 f7ff4800dcfaa32b1f6d9564
2026-10-01 23:04:47.581 [OP] 4721 inv=FFF7 len=8 #2 53c2392b1f6d9564
2026-10-01 23:04:49.357 [OP] 4100 inv=FFF9 len=6 #2 98aae22676ec
2026-10-01 23:04:49.450 [OP] 4101 inv=FBFD len=1026 #2 0db252fadb2b1f805b64510b155a4e781f805b64510bdcfaa32b1f805b64510bdcfaa32b1f805b648e5f8b53a32b66ce5b64510bdcfad3de1f805b64510bdcfaa32b1f805b64e38052fa392b1f805b64510b155a4e7876ad5b64d92bdcfa6ff51f807b81a552155a4e78c8d97b81660bdcfa4e78c8d995a976e374b34fc51f805b64510bdcfaa32bb6fd2764510bdcfaa36d84805b64510bdcfaa32b1f805b64
2026-10-01 23:04:49.493 [OUT] 1F51 inv=FFFF len=4 #4 ffff511f
2026-10-01 23:04:49.532 [OP] 4F52 inv=FFFF len=0 #4 
2026-10-01 23:04:50.421 [OUT] 1001 inv=FFF9 len=10 #2 f9ff01101f805b64510b
2026-10-01 23:04:52.702 [OUT] 1005 inv=FFEF len=20 #2 efff0510a498f853aa795c640b0bd3c4a32b1f80
2026-10-01 23:04:52.843 [OP] 4110 inv=FFFD len=2 #2 222b
2026-10-01 23:04:54.888 [OP] EFFE inv=FFFE len=1 #4 0b
2026-10-01 23:04:55.101 [OP] 46FE inv=FFFF len=0 #2 
2026-10-01 23:04:59.562 [OUT] 1F51 inv=FFFF len=4 #5 ffff511f
2026-10-01 23:04:59.603 [OP] 4F52 inv=FFFF len=0 #5 
2026-10-01 23:05:13.685 [OP] 472A inv=FE6C len=403 #3 74b4de1faa5b64510bdcfaa32b1f805b64510bdce8a32b1f805b64510bdcfaa32b1f805b64510bdcb3b42b1f805b645135dcfaa32b1f805b64510bdcfaa32b1f805b64510bdcfaa32b1f805b64510bdcfaa32b1f805b64510bdcfaa32b1f805b64510bdcfaa32b1f805b645152155a4e2b1f805b64510bdcfaa32b1f805b64510bdcfaa32b1f805b64510bdcbdf82b1f1b95645153dcfaa3ccca805bc7580bdc
2026-10-01 23:05:13.775 [OP] 42CE inv=FFFB len=4 #3 c87f510b
2026-10-01 23:05:13.915 [OP] EFFE inv=FFFE len=1 #5 0b
2026-10-01 23:05:15.568 [OUT] 0048 inv=FFF7 len=12 #3 f7ff4800dcfaa32b1f6d9564
2026-10-01 23:05:15.664 [OP] 4721 inv=FFF7 len=8 #3 53c2392b1f6d9564
2026-10-01 23:05:15.714 [OUT] 004E inv=FFFA len=9 #2 faff4e00e9580bdce8
2026-10-01 23:05:15.863 [OP] 4029 inv=FFDF len=32 #2 becdfc0b8ac2a32b1f805b6467ecdcfaa32b1f809464510b90c4002be7809564
2026-10-01 23:05:18.275 [OP] 4612 inv=FFF7 len=8 #1 ca805b64b4b252fa
2026-10-01 23:05:20.880 [OP] 4100 inv=FFF9 len=6 #3 98aa90f8157f
2026-10-01 23:05:20.971 [OP] 4101 inv=FC35 len=970 #3 becdfc0b90faa32b1f805b64a552155aa32b1f805b64510bdcfaa32b1f805b64510bdcfaa32b1f80d0c6b2b2dcfad3de1f805b64510bb022a32b1f805b64510bdcfaa32b1f80a0ecfc0b52faa32b1f805b64a552155a74f21f805255510b8631a32bc8d97b81a552155a4e78c8d96c64510b155a4e78caa024c812922d93a32b1f805b64510bdcfaf86d84805b64510bdc83b72b1f805b64510bdcfaa32b1f80
2026-10-01 23:05:21.946 [OUT] 1001 inv=FFF9 len=10 #3 f9ff01101f805b64510b
2026-10-01 23:05:24.110 [OUT] 1005 inv=FFEF len=20 #3 efff0510a498f853aa795c640b0bd3c4a32b1f80
2026-10-01 23:05:24.316 [OP] 4110 inv=FFFD len=2 #3 222b
2026-10-01 23:05:25.358 [OP] 46FE inv=FFFF len=0 #3 
2026-10-01 23:05:38.475 [OUT] 1004 inv=FFF3 len=16 #1 f3ff04104ef39f2b59aac3642d0b59ae
2026-10-01 23:05:38.598 [OP] 4110 inv=FFFD len=2 #4 722b
2026-10-01 23:05:43.359 [OP] 472A inv=FE6C len=403 #4 74b4de1faa5b64510bdcfaa32b1f805b64510bdce8a32b1f805b64510bdcfaa32b1f805b64510bdcb3b42b1f805b645172dcfaa32b1f805b64510bdcfaa32b1f805b64510bdcfaa32b1f805b64510bdcfaa32b1f805b64510bdcfaa32b1f805b64510bdcfaa32b1f805b64510bdcfaa32b1f805b64510bdcfaa32b1f805b64510bdcfaa32b1f805b64510bdc7af82b1fc3956451f16ffaa3ccca805bc7580bdc
2026-10-01 23:05:43.359 [OP] 42CE inv=FFFB len=4 #4 c87f510b
2026-10-01 23:05:43.636 [OUT] 0048 inv=FFF7 len=12 #4 f7ff4800dcfaa32b1f6d9564
2026-10-01 23:05:43.779 [OP] 4721 inv=FFF7 len=8 #4 53c2392b1f6d9564
2026-10-01 23:05:46.483 [OP] 4613 inv=FFBF len=64 #1 f89523b79508512ec9e8e8dc9a071319587be3c49416ba41550758ec6fc4a32bcaaa95dfdf5f92f40253ab809433690b52faf82b1f7926b35c3828d7512b1f80
2026-10-01 23:05:46.483 [OP] 4613 inv=FFBF len=64 #2 f89523b79508512ec9e8e8dc9a071319587be3c49416ba41550758ec6fc4a32bcaaa95dfdf5f92f40253ab8094272e0b52faf82b1f7926b35c3828d7512b1f80
2026-10-01 23:05:49.491 [OP] 4100 inv=FFF9 len=6 #4 98aa5c7f907f
2026-10-01 23:05:49.585 [OP] 4612 inv=FFF7 len=8 #2 ca805b64b4b252fa
2026-10-01 23:05:49.585 [OP] 4612 inv=FFF7 len=8 #3 ca805b64b4b252fa
2026-10-01 23:05:49.585 [OP] 4612 inv=FFF7 len=8 #4 ca805b64b4b252fa
2026-10-01 23:05:49.585 [OP] 4101 inv=FBFD len=1026 #4 0db252fadb2b1f805b64510b155a4e781f805b64510bdcfaa32b1f805b64510bdcfaa32b1f805b648e5f8b53a32b66ce5b64510bdcfad3de1f805b64510bdcfaa32b1f805b64e38052fa392b1f805b64510b155a4e7876ad5b64d92bdcfa6ff51f807b81a552155a4e78c8d97b81660bdcfa4e78c8d995a976e374b34fc51f805b64510bdcfaa32b23fd2764510bdcfaa36d84805b64510bdcfaa32b1f805b64
2026-10-01 23:05:50.567 [OUT] 1001 inv=FFF9 len=10 #4 f9ff01101f805b64510b
2026-10-01 23:05:52.829 [OUT] 1005 inv=FFEF len=20 #4 efff0510a498f853aa795c640b0bd3c4a32b1f80
2026-10-01 23:05:52.958 [OP] 4110 inv=FFFD len=2 #5 222b
2026-10-01 23:05:55.617 [OP] 46FE inv=FFFF len=0 #4 
2026-10-01 23:05:56.514 [OP] 4613 inv=FFBF len=64 #3 f89523b79508512ec9e8e8dc9a071319587be3c49416ba41550758ec6fc4a32bcaaa95645cb25b220253ab80944b510be6faf82b1f7926b35c3828d7512b1f80
2026-10-01 23:06:11.005 [OP] 472A inv=FE76 len=393 #5 74b4de1fc75b64510bdcfaa32b1f805b64510bdce8a32b1f805b64510bdcfaa32b1f805b64510bdcb3b42b1f805b645135dcfaa32b1f805b64510bdcfaa32b1f805b64510bdcfaa32b1f805b64510bdcfaa32b1f805b64510bdcfaa32b1f805b64510bdcfaa32b1f805b64510bdcfaa32b1f805b64510bdcfaa32b1f805b64510bdcfaa32b1f805b64510bdc7af82b1f1b95645153dcfaa3ccca805b5c510bdc
2026-10-01 23:06:11.100 [OP] 42CE inv=FFFB len=4 #5 c87f510b
2026-10-01 23:06:13.023 [OUT] 004E inv=FFFA len=9 #3 faff4e00e9580bdce8
2026-10-01 23:06:13.167 [OP] 4029 inv=FFDF len=32 #3 becdfc0b8ac2a32b1f805b6467ecdcfaa32b1f8094224de390c4002bc7809564
2026-10-01 23:06:15.106 [OP] 4100 inv=FFF9 len=6 #5 98aa65f8157f
2026-10-01 23:06:15.187 [OP] 4101 inv=FBC5 len=1082 #5 f03bad809464510bdcfaa32bc8d97b81510bdcfaa32b1f805b64510bdcfaa32b1f805b64510bdcfa22069dca5b64f7d0dcfaa32b1f80bc7f510bdcfaa32b1f805b64510bdcfa8a5dad80c464510bdcfaa32bc8d97b81ca92dcfa5c7f1f80c831510b155a4e78c8d97b81a552155a562b1f807b81a5526f3079b352ad6fe0510bdcfaa32b1f805b64e4b7c6faa32b1f805b0f310bdcfaa32b1f805b64510bdcfa
2026-10-01 23:06:16.194 [OUT] 1001 inv=FFF9 len=10 #5 f9ff01101f805b64510b
2026-10-01 23:06:18.491 [OUT] 1005 inv=FFEF len=20 #5 efff0510a498f853aa795c640b0bd3c4a32b1f80
2026-10-01 23:06:25.870 [OP] 46FE inv=FFFF len=0 #5 
2026-10-01 23:06:33.809 [OUT] 1004 inv=FFF3 len=16 #2 f3ff04104ef39f2b59cec3642d0b59ae
2026-10-01 23:06:39.862 [OUT] 0048 inv=FFF7 len=12 #5 f7ff4800dcfaa32b1f6d9564
2026-10-01 23:06:39.923 [OP] 4721 inv=FFF7 len=8 #5 53c2392b1f6d9564
2026-10-01 23:07:04.137 [OUT] 004E inv=FFFA len=9 #4 faff4e00e9580bdce8
2026-10-01 23:07:04.232 [OP] 4029 inv=FFDF len=32 #4 becdfc0b8ac2a32b1f805b6467ecdcfaa32b1f80da64580b90c4002b2d809564
2026-10-01 23:07:28.556 [OP] 4612 inv=FFF7 len=8 #5 ca805b64b4b252fa
2026-10-01 23:07:38.277 [OP] 4613 inv=FFBF len=64 #4 f89523b79508512ec9e8e8dc9a071319587be3c49416ba41550758ec6fc4a32bcaaa95dfa85fb0f40253ab809464510b52faf82b1f7926b35c3828d7512b1f80
2026-10-01 23:07:38.277 [OP] 4613 inv=FFBF len=64 #5 f89523b79508512ec9e8e8dc9a071319587be3c49416ba41550758ec6fc4a32bcaaa95dfa85fb0f40253ab809464510b52faf82b1f7926b35c3828d7512b1f80
2026-10-01 23:08:04.152 [OUT] 1004 inv=FFF3 len=16 #3 f3ff04104ef39f2b59cec3642d0b59ae
2026-10-01 23:08:11.063 [OUT] 004E inv=FFFA len=9 #5 faff4e00e9580bdce8
2026-10-01 23:08:11.120 [OP] 4029 inv=FFDF len=32 #5 becdfc0b8ac2a32b1f805b6467ecdcfaa32b1f80f87f510b90c4002bfd809564
2026-10-01 23:09:41.657 [OP] 4018 inv=FFF0 len=15 #1 5f6b7f51a4a722a38c5942946451b1
2026-10-01 23:09:43.317 [OP] F005 inv=FFE7 len=24 #1 26b35c3828d7a32b1f805b64510bdcfaa3ce1f80508833b2
2026-10-01 23:10:00.788 [OUT] 1004 inv=FFF3 len=16 #4 f3ff04104ef39f2b59cec3642d0b59ae
2026-10-01 23:10:37.131 [OUT] 1004 inv=FFF3 len=16 #5 f3ff04104ef39f2b5980c3642d0b59ae
2026-10-01 23:12:43.376 [OP] F005 inv=FFE7 len=24 #2 26b35c3828d7a32b1f805b64510bdcfaa3de1f80508833b2
2026-10-01 23:15:40.083 [OP] 4031 inv=FF5C len=163 #1 39510cdc22a32b1faa5b5003b3a22d1d88ab6a30051648b0c54f67e87106671df42db834677c499871136a78ec4f67e88f138787e92a934f67c31663b97fb353001618b0a4a9e9744c6828349aa250a2d8899e38d5a8671213a96706a4b1ec34679694f3b3e1a6b6ccc29b40f32cce4d87f0775131a2b1f389f9140fb35120bb4c848980ef6e165119aeeb837bc06919740e23d0e4346451e49cfc58f33ee554
2026-10-01 23:17:47.477 [OP] F005 inv=FFE7 len=24 #3 26b35c3828d7972b1f805b64510bdcfaa3ce1f80897ea30c
2026-10-01 23:18:02.298 [OP] F005 inv=FFE7 len=24 #4 26b35c3828d7512b1f805b64510bdcfaa3ce1f8091f419b2
2026-10-01 23:18:50.190 [OP] F005 inv=FFE7 len=24 #5 24c812922d0ba32b1f805b64510bdcfaa3ce1f8008c52eb2
2026-10-01 23:24:48.490 [OP] 43F1 inv=FFFA len=5 #1 33b4de1fc7
2026-10-01 23:25:43.088 [OP] 43F1 inv=FFFA len=5 #2 33b4de1faa
2026-10-01 23:27:09.307 [OP] 4031 inv=FFE8 len=23 #2 dd51c4dcdca32b1faa5b6ddde37dd54a2b1f66bfeb220b
2026-10-01 23:27:15.434 [OP] 4031 inv=FF5C len=163 #3 39510cdc22a32b1faa5b5003b3a22d1d88ab6a30051648b0c54f67e87106671df42db834677c499871136a78ec4f67e88f138787e92a934f67c31663b97fb353001618b0a4a9e9744c6828349aa250a2d8899e38d5a8671213a96706a4b1ec34679694f3b3e1a6b6ccc29b40f32cce4d87f0775131a2b1f389f9140fb35120bb4c848980ef6e165119aeeb837bc06919740e23d0e4346451e49cfc58f33ee554
2026-10-01 23:42:06.839 [QUESTION] {"type":"question","sock":2348,"qno":8,"field_a":75,"stem":"风速越大，风力就会怎么样？","options":["1、能烤鸡翅膀","2、形成台轰","3、越强","4、有毒"]}
2026-10-01 23:42:07.849 [UI] auto dump on question qno=8
2026-10-01 23:42:07.849 [UI] ---- window dump begin (pid 35260) ----
2026-10-01 23:42:08.443 [SEND-ANSWER] qno=8 opt=2 ret=13 sock=2348
2026-10-01 23:42:08.485 [SYS] 测试通过！
2026-10-01 23:42:08.570 [SYS] 获得了#00FF00#100#FFF692#金币
2026-10-01 23:42:08.570 [CURRENCY] a=199369 b=775459
2026-10-01 23:42:10.245 [UI] auto-closing quiz frame: qno=8 opt=2
2026-10-01 23:42:12.263 [OUT] 1F04 inv=FFF6 len=13 #1 f6ff041fce1f805bdd510bdce8
2026-10-01 23:46:39.369 [OP] 4210 inv=FFF3 len=12 #1 ac0bdcfae82b1f80a0ecfc0b
2026-10-02 00:00:00.622 [SYS] #FFCC00#寄售行已打烊，暂停寄售交易，预计 02:00 恢复营业。
2026-10-02 00:00:00.963 [SYS] 今日的许愿已结束，下次开放时间12:00
2026-10-02 00:00:10.585 [OP] 4210 inv=FFF3 len=12 #2 ac0bdcfae82b1f80c6ecfc0b
2026-10-02 00:04:14.164 [PIPE] controller disconnected
2026-10-02 00:04:18.723 [PIPE] controller connected
2026-10-02 00:04:18.723 [PIPE] controller disconnected
2026-10-02 00:04:18.916 [UI] TOP=00060804 vis=1 cls=QBOvCls rc=(550,422,910,518) title=
2026-10-02 00:04:18.930 [UI] TOP=000700F2 vis=1 cls=ATL:012FF210 rc=(210,55,1250,862) title=什么什么大冒险2(①逍遥村敬老院)-伏地魔4_Sep 24 2026《什么什么大冒险》制作委员会QQ群:515616289
2026-10-02 00:04:18.930 [UI] option 2 control NOT found — falling back to digit key
2026-10-02 00:04:18.930 [UI] TOP=0003061E vis=0 cls=DIEmWin rc=(-1,-1,135,38) title=DIEmWin
2026-10-02 00:04:18.944 [UI] TOP=000405FE vis=0 cls=MSCTFIME UI rc=(0,0,0,0) title=MSCTFIME UI
2026-10-02 00:04:18.962 [UI] TOP=0003061A vis=0 cls=IME rc=(0,0,0,0) title=Default IME
2026-10-02 00:04:18.962 [UI] TOP=00100106 vis=0 cls=IME rc=(0,0,0,0) title=Default IME
2026-10-02 00:04:18.962 [UI] ---- window dump end ----
2026-10-02 00:04:39.521 [INIT] dll unloaded
2026-10-02 00:04:41.412 [INIT] dll loaded, pid=35260
2026-10-02 00:04:41.412 [INIT] codec loaded OK
2026-10-02 00:04:41.412 [INIT] iat hooks: recv=1 send=1 WSASend=1 connect=1 closesocket=1
2026-10-02 00:04:41.414 [OV] overlay window ready
2026-10-02 00:04:42.356 [OP] 47C0 inv=FFF1 len=14 #1 17c4f86144ca94f817c0175bab53
2026-10-02 00:04:42.356 [OP] 47C0 inv=FFEA len=21 #2 51cac73c2831ec8be9215f625f7fd958b1aac68324
2026-10-02 00:04:42.357 [OP] 4613 inv=FF82 len=125 #1 e8941c10aa4064291790104223f31c75df84cf6f32929f9e3fe1df58ec6ffaa353caaa95763b3b5298f8541fc75b64517fdcc4f82b623cc83369938c0ba32b1f29e5af58d5dc590193f6a3e9cd194f6fc4a6463041550758ec6fc4a32bcaaa95df16b2d5220253ab809464510be6faf82b1f7926b35c3828d7fb2b1f80
2026-10-02 00:04:42.357 [OP] 47C0 inv=FFF3 len=12 #3 0253ca5f7fd958b1aac68324
2026-10-02 00:04:42.358 [OP] 4613 inv=FF82 len=125 #2 e8941c10aa4064291790104223f31c75df84cf6f32929f9e3fe1df58ec6ffaa353caaa95763b3b5298f8541fc71c64517fdcc4f82b623cc83369938c0ba32b1f29e5af58d5dc590193f6a3e9cd194f6fc4a6463041550758ec6fc4a32bcaaa95df16b2d5220253ab809426510be6faf82b1f7926b35c3828d7fb2b1f80
2026-10-02 00:04:42.358 [OP] 47C0 inv=FFEA len=21 #4 51cac7b2da31ec8bcd728fec3cadd958b15c6e856f
2026-10-02 00:04:42.359 [OP] 47C0 inv=FFF3 len=12 #5 0253ca3cadd958b15c6e856f
2026-10-02 00:04:43.253 [OUT] 004E inv=FFFA len=9 #1 faff4e00e9580bdce8
2026-10-02 00:04:43.357 [OP] 4029 inv=FFDF len=32 #1 becdfc0b16caa32b1f805b6467ecdcfaa32b1f80107f510b90c4172b6a809564
2026-10-02 00:04:44.521 [OP] EFFE inv=FFFE len=1 #1 0b
2026-10-02 00:04:46.280 [PIPE] controller connected
2026-10-02 00:04:46.369 [OP] 4612 inv=FFF3 len=12 #1 90faa32b7207c46412b252fa
2026-10-02 00:04:46.493 [OP] 4211 inv=FFF6 len=9 #1 aa5b6451c03e22a34a
2026-10-02 00:04:46.493 [OP] 4211 inv=FFF6 len=9 #2 aa5b6451af3e22a34a
2026-10-02 00:04:46.493 [OP] 4211 inv=FFF6 len=9 #3 aa5b6451cd3e22a34a
2026-10-02 00:04:47.315 [OP] 4100 inv=FFF9 len=6 #1 98aa57f855ec
2026-10-02 00:04:47.416 [OUT] 1F51 inv=FFFF len=4 #1 ffff511f
2026-10-02 00:04:47.592 [OP] 4F52 inv=FFFF len=0 #1 
2026-10-02 00:04:47.733 [OP] 4101 inv=FBFD len=1026 #1 0db252fadb2b1f805b64510b155a4e781f805b64510bdcfaa32b1f805b64510bdcfaa32b1f805b648e5f8b53a32b5fce5b64510bdcfad1de1f805b64510bdcfaa32b1f805b64e38052fa392b1f805b64510b155a4e7876ad5b64d92bdcfa6ff51f807b81a552155a4e78c8d97b81ac0bdcfa4e78c8d995a976e374b34fc51f805b64510bdcfaa32bf0fd2764510bdcfaa36d84805b64510bdcfaa32b1f805b64
2026-10-02 00:04:48.386 [OUT] 1001 inv=FFF9 len=10 #1 f9ff01101f805b64510b
2026-10-02 00:04:48.593 [OP] 4108 inv=FFE3 len=28 #1 1207c464510bdcfa21531f80d8f8510bce40515d1f805b64510bdcfa
2026-10-02 00:04:48.679 [OP] 4108 inv=FFE3 len=28 #2 1207c464510bdcfa22531f80d8f8510bce40515d1f805b64510bdcfa
2026-10-02 00:04:48.682 [OP] 4108 inv=FFF3 len=12 #3 53c2392b1f805b64510bdcfa
2026-10-02 00:04:48.682 [OP] 4108 inv=FFF3 len=12 #4 53c2392b1f805b64580bdcfa
2026-10-02 00:04:48.682 [OP] 4108 inv=FFF3 len=12 #5 53c2392b1f805b640e0bdcfa
2026-10-02 00:04:48.682 [OP] 4104 inv=FFFB len=4 #1 0a081f80
2026-10-02 00:04:48.682 [OP] 4104 inv=FFFB len=4 #2 0a081faa
2026-10-02 00:04:48.682 [OP] 4104 inv=FFFB len=4 #3 0a081fc7
2026-10-02 00:04:48.682 [OP] 4104 inv=FFFB len=4 #4 3cae1fce
2026-10-02 00:04:48.682 [OP] 4104 inv=FFFB len=4 #5 0a081f12
2026-10-02 00:04:49.475 [OP] 4612 inv=FFF7 len=8 #2 ca805b64fb8052fa
2026-10-02 00:04:49.982 [OP] F005 inv=FFE7 len=24 #1 26b35c3828d7512b1f805b64510bdcfaa32b5ebc55827e0c
2026-10-02 00:04:49.984 [OP] 43F1 inv=FFFA len=5 #1 33b4de1fc7
2026-10-02 00:04:50.675 [OP] 4105 inv=FFFE len=1 #1 3d
2026-10-02 00:04:50.675 [OP] 4105 inv=FFFE len=1 #2 c0
2026-10-02 00:04:50.680 [OP] 4105 inv=FFFE len=1 #3 af
2026-10-02 00:04:50.691 [OUT] 1005 inv=FFEF len=20 #1 efff0510a498f853aa795c640b0bd3c4a32b1f80
2026-10-02 00:04:50.759 [OP] 4109 inv=FF7B len=132 #1 1207c464580b6fe8a37c1f805b64510b13f4a32ba58021df0b0b40c43993e780cf26510b10aea32bade7c36451ecdcfaa3ad9f8762df510b9dfaa32b1f805b64510bdcfa40ce1f80a808510b52e8232b1faa5b648fecdcfa824a1f805b64510bdcfaa32bc0ef5b6467d5dcfa399362805bdf510b7cc4a32bcf815ed9510bdcfaccd01f80
2026-10-02 00:04:50.843 [OP] 4106 inv=FFFC len=3 #1 a539ee
2026-10-02 00:04:50.843 [OP] 4110 inv=FFFD len=2 #1 222b
2026-10-02 00:04:50.843 [OP] 4106 inv=FFFC len=3 #2 e239ed
2026-10-02 00:04:50.843 [OP] 4106 inv=FFFD len=2 #3 f8cb
2026-10-02 00:04:50.843 [OP] 4111 inv=FFFD len=2 #1 a164
2026-10-02 00:04:51.884 [OP] 4612 inv=FFF7 len=8 #3 ca805b64418052fa
2026-10-02 00:04:52.803 [OP] 4109 inv=FF13 len=236 #2 53c2392bca80c42651c0dcfaa32b1f809564510be6fa5553a5809fdfb275c4faf82b1f80bc7f510b8b47db2b1faa5b6451ecdcfa4b531f805f64510bdcfaa32b1f805b64580bdcfad3de1f801cbe0b0bdcfaa32b1faa5b64580bdcfad3de1f801cbe830bdcfaa32b1f805b6486d0dcfacf4a1f801c530e0bdcc4a32b44aa5b64f87fdcfaa32b1f805b64510b6b22a32b41125b64b275e6faa3531f807fdf510b
2026-10-02 00:04:52.891 [OP] 4111 inv=FFFD len=2 #2 d064
2026-10-02 00:04:52.891 [OP] 4112 inv=FFFD len=2 #1 6ac4
2026-10-02 00:04:53.656 [OP] 46FE inv=FFFF len=0 #1 
2026-10-02 00:04:53.955 [OP] 4109 inv=FD57 len=680 #3 becdfc0b6ffa207c1f805b64510bdcfaf82b1f800d64a6d08ffa8fde9d795764580bdcfab6ce1f801cb0510bdce8a32b1faa5b6477ecdcfa7f2b1f805b64510bdcfaa32bb6aa5b64da0bdcfaa32b1f805b64510b6ffaa32bb7ef5b64b2c06ffaa3531f805b64510b25c4a32b24805b64510bdcfaa32b1f809564510baeaea32b9d77946451ecdcfaa3531f80d1df510b31faa32b1f805b64510bdcfaf82b1f80
2026-10-02 00:04:54.042 [OP] 4111 inv=FFFD len=2 #3 5764
2026-10-02 00:04:55.628 [OP] 4109 inv=FFB7 len=72 #4 1207c464517f6fc4a32b1f805b64510b07faa32bad775b6487b1dcfa40ce1f80577f0e7f07faa32b39125b640ed05efaa32b1f805b64510b8222a32b39125b64080b5efaa32b1f80
2026-10-02 00:04:55.722 [OP] 4105 inv=FFFE len=1 #4 d0
2026-10-02 00:04:55.722 [OP] 4106 inv=FFFD len=2 #4 a3de
2026-10-02 00:04:55.722 [OP] 4105 inv=FFFE len=1 #5 d5
2026-10-02 00:04:55.722 [OP] 4106 inv=FFFD len=2 #5 f8d9
2026-10-02 00:04:55.722 [OP] 4111 inv=FFFD len=2 #4 c464
2026-10-02 00:04:56.946 [OP] 4109 inv=FF0F len=240 #5 becdfc0b6ffafd4a1f805b64510bdcfaf82b1f80c36446b16afa384a9d804064580bdcfabf6f1f801c082d0bdcfaa32b1f805b64580bdcfabf6f1f801c08410bdcfaa32b1f80f67f580bdcfabf6f1f801c088e0bdcfaa32b1f80a3d3580bdcfabf6f1f801c087c0bdcfaa32b1f8008642c75dcfabf6f1f801c642d0bdcc4a32b23aa5b64715e54dca32b1f803000510bab5ba32bb08c5b64b20b4ffaa3531f80
2026-10-02 00:04:57.034 [OP] 4111 inv=FFFD len=2 #5 4064
2026-10-02 00:04:57.612 [OUT] 1F51 inv=FFFF len=4 #2 ffff511f
2026-10-02 00:04:57.650 [OP] 4F52 inv=FFFF len=0 #2 
2026-10-02 00:04:59.487 [OP] 4112 inv=FFFD len=2 #2 dcc4
2026-10-02 00:04:59.487 [OP] 4112 inv=FFFD len=2 #3 90c4
2026-10-02 00:04:59.487 [OP] 4112 inv=FFFD len=2 #4 e6c4
2026-10-02 00:05:00.549 [OP] EFFE inv=FFFE len=1 #2 0b
2026-10-02 00:05:01.316 [OP] F005 inv=FFE7 len=24 #2 26b35c3828d7fb2b1f805b64510bdcfaa32b5ebc5879c3b2
2026-10-02 00:05:02.078 [OP] 4112 inv=FFFD len=2 #5 6fc4
2026-10-02 00:05:06.690 [OP] 472A inv=FE76 len=393 #1 74b4de1faa5b64510bdcfaa32b1f805b64510bdce8a32b1f805b64510bdcfaa32b1f805b64510bdc18312b1f805b645172dcfaa32b1f805b64510bdcfaa32b1f805b64510bdcfaa32b1f805b64510bdcfaa32b1f805b64510bdcfaa32b1f805b64510bdcfaa32b1f805b64510bdcfaa32b1f805b64510bdcfaa32b1f805b64510bdcfaa32b1f805b64510bdc7af82b1f1b956451f16ffaa3ccca805bd3580bdc
2026-10-02 00:05:06.779 [OP] 42CE inv=FFFB len=4 #1 c87f510b
2026-10-02 00:05:06.779 [OP] 4211 inv=FFF6 len=9 #4 aa5b64511b3e22a34a
2026-10-02 00:05:06.780 [OP] 4211 inv=FFF6 len=9 #5 aa5b6451e3a722a34a
2026-10-02 00:05:11.840 [OP] 4613 inv=FFCC len=51 #3 aae02023ece6faf853caaa95df58ec6fc4f853ca805bdf58ecdc297234cab39566517fdcfaa3931faa5b64b279b66c702b1f80
2026-10-02 00:05:11.842 [OP] 4613 inv=FFCC len=51 #4 aae02023ece6faf853caaa95df58ec6fc4f853ca805bdf58ecdc297234cab39566517f5ab1a3931faa5b64b279b66c702b1f80
2026-10-02 00:05:11.842 [OP] 4613 inv=FFCC len=51 #5 aae02023ece6faf853caaa95df58ec6fc4f853ca805bdf58ecdc297234cab39566517f179ba3931faa5b64b279b66c702b1f80
2026-10-02 00:05:12.242 [OP] 4612 inv=FFF7 len=8 #4 ca805b644f0490fa
2026-10-02 00:05:13.251 [OP] 4612 inv=FFF7 len=8 #5 ca805b641d2890fa
2026-10-02 00:05:13.808 [OP] 4100 inv=FFF9 len=6 #2 98aa987f20ec
2026-10-02 00:05:13.904 [OUT] 1F51 inv=FFFF len=4 #3 ffff511f
2026-10-02 00:05:13.945 [OP] 4101 inv=FBC5 len=1082 #2 f03bad809464510bdcfaa32bc8d97b81510bdcfaa32b1f805b64510bdcfaa32b1f805b64510bdcfa22069dca5b648cd0dcfaa32b1f80667f510bdcfaa32b1f805b64510bdcfa8a5dad80c464510bdcfaa32bc8d97b81ca92dcfa5c7f1f80c831510b155a4e78c8d97b81a552155a732b1f807b81a5526f3079b352ad6fe0510bdcfaa32b1f805b6451b7c6faa32b1f805b0f310bdcfaa32b1f805b64510bdcfa
2026-10-02 00:05:13.945 [OP] 4F52 inv=FFFF len=0 #3 
2026-10-02 00:05:14.556 [OP] EFFE inv=FFFE len=1 #3 0b
2026-10-02 00:05:14.870 [OUT] 1001 inv=FFF9 len=10 #2 f9ff01101f805b64510b
2026-10-02 00:05:17.169 [OUT] 1005 inv=FFEF len=20 #2 efff0510a498f853aa795c640b0bd3c4a32b1f80
2026-10-02 00:05:17.425 [OP] 4110 inv=FFFD len=2 #2 222b
2026-10-02 00:05:23.857 [OP] 46FE inv=FFFF len=0 #2 
2026-10-02 00:05:24.002 [OUT] 1F51 inv=FFFF len=4 #4 ffff511f
2026-10-02 00:05:24.042 [OP] 4F52 inv=FFFF len=0 #4 
2026-10-02 00:05:24.568 [OP] EFFE inv=FFFE len=1 #4 0b
2026-10-02 00:05:34.064 [OUT] 1F51 inv=FFFF len=4 #5 ffff511f
2026-10-02 00:05:34.104 [OP] 4F52 inv=FFFF len=0 #5 
2026-10-02 00:05:38.659 [OP] 472A inv=FE76 len=393 #2 74b4de1faa5b64510bdcfaa32b1f805b64510bdcc4a32b1f805b64510bdcfaa32b1f805b64510bdc18312b1f805b645135dcfaa32b1f805b64510bdcfaa32b1f805b64510bdcfaa32b1f805b64510bdcfaa32b1f805b64510bdcfaa32b1f805b64510bdcfaa32b1f805b64510bdcfaa32b1f805b64510bdcfaa32b1f805b64510bdcfaa32b1f805b64510bdcbdf82b1f2c5b6451fa6ffaa391ca805bd3580bdc
2026-10-02 00:05:38.659 [OP] 42CE inv=FFFB len=4 #2 c87f510b
2026-10-02 00:05:40.689 [OUT] 004E inv=FFFA len=9 #2 faff4e00e9580bdce8
2026-10-02 00:05:40.821 [OP] 4029 inv=FFDF len=32 #2 becdfc0b16caa32b1f805b6467ecdcfaa32b1f8094cdfc0b90c4172b3a809564
2026-10-02 00:05:42.761 [OP] 4100 inv=FFF9 len=6 #3 98aa55df07ec
2026-10-02 00:05:42.845 [OP] 4101 inv=FBC5 len=1082 #3 f03bad809464510bdcfaa32bc8d97b81510bdcfaa32b1f805b64510bdcfaa32b1f805b64510bdcfa22069dca5b648cd0dcfaa32b1f80667f510bdcfaa32b1f805b64510bdcfa8a5dad80c464510bdcfaa32bc8d97b81ca92dcfa5c7f1f80c831510b155a4e78c8d97b81a552155a732b1f807b81a5526f3079b352ad6fe0510bdcfaa32b1f805b6451b7c6faa32b1f805b0f310bdcfaa32b1f805b64510bdcfa
2026-10-02 00:05:43.830 [OUT] 1001 inv=FFF9 len=10 #3 f9ff01101f805b64510b
2026-10-02 00:05:44.599 [OP] EFFE inv=FFFE len=1 #5 0b
2026-10-02 00:05:46.261 [OUT] 1005 inv=FFEF len=20 #3 efff0510a498f853aa795c640b0bd3c4a32b1f80
2026-10-02 00:05:46.346 [OP] 4110 inv=FFFD len=2 #3 222b
2026-10-02 00:05:54.070 [OP] 46FE inv=FFFF len=0 #3 
2026-10-02 00:06:06.838 [OP] 472A inv=FE76 len=393 #3 74b4de1faa5b64510bdcfaa32b1f805b64510bdcc4a32b1f805b64510bdcfaa32b1f805b64510bdc18312b1f805b645172dcfaa32b1f805b64510bdcfaa32b1f805b64510bdcfaa32b1f805b64510bdcfaa32b1f805b64510bdcfaa32b1f805b64510bdcfaa32b1f805b64510bdcfaa32b1f805b64510bdcfaa32b1f805b64510bdcfaa32b1f805b64510bdcb5a32b1f2c5b6451fa6ffaa3ccca805b5c510bdc
2026-10-02 00:06:06.920 [OP] 42CE inv=FFFB len=4 #3 c87f510b
2026-10-02 00:06:11.954 [OP] 4100 inv=FFF9 len=6 #4 98aae22676ec
2026-10-02 00:06:12.048 [OP] 4101 inv=FC6D len=914 #4 f03bad809464510bdcfaa32bc8d97b81510bdcfaa32b1f805b64510bdcfaa32b1f805b64510bdcfa22069d4e5b648cd0dcfaa32b1f80667f510bdcfaa32b1f805b64510bdcfa8a5dad80c464510bdcfaa32bc8d97b81ca92dcfa5c7f1f80c831510b155a4e78c8d97b81a552155a732b1f807b81a5526f3079b352ad6fe0510bdcfaa32b1f805b6451b7c6faa32b1f805b0f310bdcfaa32b1f805b64510bdcfa
2026-10-02 00:06:13.020 [OUT] 1001 inv=FFF9 len=10 #4 f9ff01101f805b64510b
2026-10-02 00:06:15.224 [OUT] 1005 inv=FFEF len=20 #4 efff0510a498f853aac75c640b0bd3c4a32b1f80
2026-10-02 00:06:15.442 [OP] 4110 inv=FFFD len=2 #4 222b
2026-10-02 00:06:17.354 [INIT] dll unloaded
2026-10-02 00:06:18.578 [INIT] dll loaded, pid=35260
2026-10-02 00:06:18.579 [INIT] codec loaded OK
2026-10-02 00:06:18.579 [INIT] iat hooks: recv=1 send=1 WSASend=1 connect=1 closesocket=1
2026-10-02 00:06:18.583 [OV] overlay window ready
2026-10-02 00:06:22.443 [OP] 4109 inv=FE2F len=464 #1 1207c464580b8b25a3de1f805b64510b6ffaa32b3480ea7ffd0b0022fd24c7809564510baeaea32b9d775b64517fdcfaa3ad9f5a62df510bf3faa32b1f805b64510bdcfa71531f80df64510bdcfaa32b1f805b64580bdcfab6ce1f801cb0580bdcc4a32b1fd9334b5decdcfa872b1f805b64510bdcfaa32bca805b645fc4dcfafdedad805bdf510bdca5902bb6aa5b647c0bdcfaa32b1f805b64510b6ffaa32b
2026-10-02 00:06:22.443 [OP] 4104 inv=FFFB len=4 #1 18685d5a
2026-10-02 00:06:22.443 [OP] 4111 inv=FFFD len=2 #1 5764
