2026-10-03 01:08:58.710 [INIT] dll loaded, pid=14688
2026-10-03 01:08:58.710 [INIT] codec loaded OK
2026-10-03 01:08:58.710 [INIT] iat hooks: recv=1 send=1 WSASend=1 connect=1 closesocket=1 WSAEventSelect=1 WSAEnumNetworkEvents=1 ioctlsocket=1
2026-10-03 01:08:58.872 [PIPE] controller connected
2026-10-03 01:08:59.321 [EVENT] sock=2536 hEvent=000009A4 events=0x0
2026-10-03 01:08:59.322 [EVENT] sock=2536 hEvent=000009A4 events=0x21
2026-10-03 01:08:59.515 [OP] 4108 inv=FFE3 len=28 #1 5207c464510bdcfa5f531f80d8f8510bce40515d1f805b64510bdcfa
2026-10-03 01:08:59.602 [OP] 4108 inv=FFE3 len=28 #2 5207c464510bdcfa21531f80d8f8510bce4051421f805b64510bdcfa
2026-10-03 01:08:59.603 [OP] 4108 inv=FFE3 len=28 #3 5207c464510bdcfa4d531f80d8f8510bce4051ed1f805b64510bdcfa
2026-10-03 01:08:59.611 [OP] 4108 inv=FFF3 len=12 #4 74c2392b1f805b64510bdcfa
2026-10-03 01:08:59.611 [OP] 4108 inv=FFF3 len=12 #5 74c2392b1f805b64580bdcfa
2026-10-03 01:08:59.696 [OP] 4104 inv=FFFB len=4 #1 50d01f80
2026-10-03 01:08:59.697 [OP] 4104 inv=FFFB len=4 #2 29d31faa
2026-10-03 01:08:59.697 [OP] 4104 inv=FFFB len=4 #3 29d31fc7
2026-10-03 01:08:59.697 [OP] 4104 inv=FFFB len=4 #4 0bd31fce
2026-10-03 01:08:59.697 [OP] 4104 inv=FFFB len=4 #5 29d31f12
2026-10-03 01:09:01.622 [OP] 4105 inv=FFFE len=1 #1 cd
2026-10-03 01:09:01.622 [OP] 4105 inv=FFFE len=1 #2 c0
2026-10-03 01:09:01.630 [EVENT] sock=2536 hEvent=000009A4 events=0x0
2026-10-03 01:09:01.631 [EVENT] sock=2536 hEvent=000009A4 events=0x21
2026-10-03 01:09:01.725 [OP] 4105 inv=FFFE len=1 #3 af
2026-10-03 01:09:01.725 [OP] 4106 inv=FFFC len=3 #1 a53932
2026-10-03 01:09:01.726 [OP] 4106 inv=FFFC len=3 #2 e546ed
2026-10-03 01:09:01.726 [OP] 4110 inv=FFFD len=2 #1 212b
2026-10-03 01:09:01.824 [OP] 4106 inv=FFFC len=3 #3 b1fdcb
2026-10-03 01:09:02.050 [OP] 4109 inv=FFB7 len=72 #1 5207c464517f6fc4a32b1f805b64510b07faa32bada05b6487b1dcfa40ce1f80ba7f0e0b07faa32b39125b640ed054faa32b1f805b64f4808222a32b39125b64080b54faa32b1f1c
2026-10-03 01:09:02.142 [OP] 4105 inv=FFFE len=1 #4 0c
2026-10-03 01:09:02.142 [OP] 4105 inv=FFFE len=1 #5 d0
2026-10-03 01:09:02.142 [OP] 4106 inv=FFFD len=2 #4 a3de
2026-10-03 01:09:02.142 [OP] 4106 inv=FFFD len=2 #5 a34a
2026-10-03 01:09:02.142 [OP] 4111 inv=FFFD len=2 #1 c464
2026-10-03 01:09:02.152 [EVENT] sock=2536 hEvent=000009A4 events=0x0
2026-10-03 01:09:02.152 [EVENT] sock=2536 hEvent=000009A4 events=0x21
2026-10-03 01:09:02.326 [OP] 4110 inv=FFFD len=2 #2 612b
2026-10-03 01:09:03.428 [OP] 4109 inv=FFB7 len=72 #2 5207c464517f6fc4a32b1f805b64510b07faa32b9d105b6487b1dcfa40ce1f80c0260e0b07faa32b39125b640eb166faa32b1f805b64f4808222a32b39125b64080b66faa32b1f80
2026-10-03 01:09:03.575 [OP] 4111 inv=FFFD len=2 #2 1c64
2026-10-03 01:09:04.839 [OP] 4109 inv=FFA7 len=88 #3 12b252faa393caaa5bdf510bdcfaa32bb9805b64586ddcfa1d4a1f80646f510b3bc4db2bb9805b6487b1dcfadb539b805b64510bdcc4a32bb2ce5b6487b1dcfadb2b9b805bdf510b05c4a32b7eaa5b64510bdcfaa32b1f80
2026-10-03 01:09:05.296 [OP] 4111 inv=FFFD len=2 #3 9564
2026-10-03 01:09:07.013 [OP] 4109 inv=FE9B len=356 #4 603bad809564fdd5dcc4a32b1f805b64580bdcfa722b6fef6e6401c452fa612bca805b64dfb2dcfa39c41f805bf8510bdcfaa32b92aa5b64dc0bdcfaa32b1f805b64510b7cc4a32b6ffcf4ec510bdcfaed6b1f809564510b3fc2a32bad109564510bdcfaa32b1f809564510b3fc2a32bad109464510bdcfaa32b1f809564510b3fc2a32bad10c464510bdcfaa34a1f809564510b3fc2a32bad101c64510bdcfa
2026-10-03 01:09:07.108 [OP] 4111 inv=FFFD len=2 #4 c0df
2026-10-03 01:09:07.118 [EVENT] sock=2536 hEvent=000009A4 events=0x0
2026-10-03 01:09:07.118 [EVENT] sock=2536 hEvent=000009A4 events=0x21
2026-10-03 01:09:07.190 [OP] 4110 inv=FFFD len=2 #3 6153
2026-10-03 01:09:08.013 [EVENT] sock=2732 hEvent=00000A90 events=0x0
2026-10-03 01:09:08.013 [EVENT] sock=2732 hEvent=00000A90 events=0x21
2026-10-03 01:09:08.411 [EVENT] sock=2536 hEvent=000009A4 events=0x0
2026-10-03 01:09:08.411 [EVENT] sock=2536 hEvent=000009A4 events=0x21
2026-10-03 01:09:08.456 [OP] 4F52 inv=FFFF len=0 #1 
2026-10-03 01:09:08.935 [OP] 4109 inv=FFA3 len=92 #5 5207c464587f6fc4a3ee1f805b64510b6ffaa32b598001260e0b83f4fd2b59809564510b53faa32b59775b64ac27dcfa59bb1f8057f80e0b53faa32b6a4e5b64b27f5efaa32b1f805b6e52805225a32b958c5b64080b5efaa32b1f80
2026-10-03 01:09:09.022 [OP] 4111 inv=FFFD len=2 #5 9464
2026-10-03 01:09:10.761 [OP] 46FE inv=FFFF len=0 #1 
2026-10-03 01:09:11.590 [OP] 4112 inv=FFFD len=2 #1 6fc4
2026-10-03 01:09:11.590 [OP] 4112 inv=FFFD len=2 #2 90c4
2026-10-03 01:09:11.590 [OP] 4112 inv=FFFD len=2 #3 52c4
2026-10-03 01:09:14.615 [OP] 4112 inv=FFFD len=2 #4 dcc4
2026-10-03 01:09:17.287 [OP] 4112 inv=FFFD len=2 #5 8bc4
2026-10-03 01:09:18.471 [EVENT] sock=2536 hEvent=000009A4 events=0x0
2026-10-03 01:09:18.472 [EVENT] sock=2536 hEvent=000009A4 events=0x21
2026-10-03 01:09:18.519 [OP] 4F52 inv=FFFF len=0 #2 
2026-10-03 01:09:18.563 [OP] EFFE inv=FFFE len=1 #1 0b
2026-10-03 01:09:20.554 [SETTLE] exp=2 gold=199367 len=393
2026-10-03 01:09:20.554 [OP] 472A inv=FE76 len=393 #1 d9b4de1fc75b64510bdcfaa32b1f805b64510bdcc4a32b1f805b64510bdcfaa32b1f805b64510bdca1b72b1f805b6451a56ffaa32b1f805b64510bdcfaa32b1f805b64510bdcfaa32b1f805b64510bdcfaa32b1f805b64510bdcfaa32b1f805b64510bdcfaa32b1f805b64510bdcfaa32b1f805b64510bdcfaa32b1f805b64510bdcfaa32b1f805b64510bdc03f82b1fa79564514d6ffaa326ca805b43580bdc
2026-10-03 01:09:20.654 [OP] 42CE inv=FFFB len=4 #1 c87f510b
2026-10-03 01:09:20.654 [OP] 4211 inv=FFF6 len=9 #1 aa5b6451e3a722a34a
2026-10-03 01:09:20.654 [OP] 4211 inv=FFF6 len=9 #2 aa5b64516d3e22a34a
2026-10-03 01:09:20.654 [OP] 4211 inv=FFF6 len=9 #3 aa5b6451803e22a34a
2026-10-03 01:09:20.654 [OP] 4211 inv=FFF6 len=9 #4 aa5b645134a722a34a
2026-10-03 01:09:20.748 [OP] 47C0 inv=FFE8 len=23 #1 98f893723327df511a6bc46914523327df58246bc4e214
2026-10-03 01:09:20.748 [OP] 47C0 inv=FFF2 len=13 #2 98f853523327df58246bc4e214
2026-10-03 01:09:20.748 [OP] 47C0 inv=FFDE len=33 #3 98f8deb65427df587d6bc4a64eb93327df582604c4a62fdf5427df587204c41f2f
2026-10-03 01:09:20.748 [OP] 47C0 inv=FFE8 len=23 #4 98f893b93327df582604c4a62fdf5427df587204c41f2f
2026-10-03 01:09:20.748 [OP] 47C0 inv=FFF2 len=13 #5 98f853df5427df587204c41f2f
2026-10-03 01:09:22.592 [EVENT] sock=2536 hEvent=000009A4 events=0x0
2026-10-03 01:09:22.592 [EVENT] sock=2536 hEvent=000009A4 events=0x21
2026-10-03 01:09:22.675 [OP] 4029 inv=FFDF len=32 #1 41cdfc0bba53a32b1f805b6459d5dcfaa32b1f80137f510b8fc4982bb8804064
2026-10-03 01:09:27.786 [OP] 4100 inv=FFF9 len=6 #1 0512a8517b0c
2026-10-03 01:09:27.787 [OP] 4101 inv=FCA5 len=858 #1 12b252fadb2b1f805b64510b155a4e781f805b64510bdcfaa32b1f805b64510bdcfaa32b1f805b647b0c8b25a32b53ca5b64510bdcfa1a7c1f805b64510bdcfaa32b1f805b6455b252fa392b1f805b64510bb2dca32bd13b5b648a2bdcfa5acb1f807b81a552155a4e78c8d97b81530bdcfa4e78c8d995a9bc595ab12b21ab805b64510bdcfaa32b1fe96e64510bdcfaa3c229805b64510bdcfaa32b1f805b64
2026-10-03 01:09:27.906 [EVENT] sock=2536 hEvent=000009A4 events=0x0
2026-10-03 01:09:27.906 [EVENT] sock=2536 hEvent=000009A4 events=0x21
2026-10-03 01:09:27.951 [OP] 4F52 inv=FFFF len=0 #3 
2026-10-03 01:09:28.584 [OP] EFFE inv=FFFE len=1 #2 0b
2026-10-03 01:09:28.863 [EVENT] sock=2536 hEvent=000009A4 events=0x0
2026-10-03 01:09:28.863 [EVENT] sock=2536 hEvent=000009A4 events=0x21
2026-10-03 01:09:31.001 [EVENT] sock=2536 hEvent=000009A4 events=0x0
2026-10-03 01:09:31.001 [EVENT] sock=2536 hEvent=000009A4 events=0x21
2026-10-03 01:09:31.256 [OP] 4110 inv=FFFD len=2 #4 212b
2026-10-03 01:09:31.400 [EVENT] sock=2536 hEvent=000009A4 events=0x0
2026-10-03 01:09:31.400 [EVENT] sock=2536 hEvent=000009A4 events=0x21
2026-10-03 01:09:31.540 [OP] 4110 inv=FFFD len=2 #5 612b
2026-10-03 01:09:37.973 [EVENT] sock=2536 hEvent=000009A4 events=0x0
2026-10-03 01:09:37.974 [EVENT] sock=2536 hEvent=000009A4 events=0x21
2026-10-03 01:09:38.013 [EVENT] sock=2732 hEvent=00000A90 events=0x0
2026-10-03 01:09:38.013 [EVENT] sock=2732 hEvent=00000A90 events=0x21
2026-10-03 01:09:38.019 [OP] 4F52 inv=FFFF len=0 #4 
2026-10-03 01:09:41.065 [OP] 46FE inv=FFFF len=0 #2 
2026-10-03 01:09:48.032 [EVENT] sock=2536 hEvent=000009A4 events=0x0
2026-10-03 01:09:48.033 [EVENT] sock=2536 hEvent=000009A4 events=0x21
2026-10-03 01:09:48.078 [OP] 4F52 inv=FFFF len=0 #5 
2026-10-03 01:09:48.599 [OP] EFFE inv=FFFE len=1 #3 0b
2026-10-03 01:09:53.526 [SETTLE] exp=1 gold=199367 len=393
2026-10-03 01:09:53.529 [OP] 472A inv=FE76 len=393 #2 d9b4de1faa5b64510bdcfaa32b1f805b64510bdce8a32b1f805b64510bdcfaa32b1f805b64510bdca1b72b1f805b645183dcfaa32b1f805b64510bdcfaa32b1f805b64510bdcfaa32b1f805b64510bdcfaa32b1f805b64510bdcfaa32b1f805b64510bdcfaa32b1f805b64510bdcfaa32b1f805b64510bdcfaa32b1f805b64510bdcfaa32b1f805b64510bdc03f82b1f85956451416ffaa326ca805b81a55215
2026-10-03 01:09:53.618 [OP] 42CE inv=FFFB len=4 #2 c87f510b
2026-10-03 01:09:53.618 [OP] 4211 inv=FFF6 len=9 #5 aa5b6451e3a722a34a
2026-10-03 01:09:55.568 [EVENT] sock=2536 hEvent=000009A4 events=0x0
2026-10-03 01:09:55.568 [EVENT] sock=2536 hEvent=000009A4 events=0x21
2026-10-03 01:09:55.657 [OP] 4029 inv=FFDF len=32 #2 41cdfc0bba53a32b1f805b64aa75dcfaa32b1f80137f510b8bc4d92b59809564
2026-10-03 01:09:59.610 [OP] EFFE inv=FFFE len=1 #4 0b
2026-10-03 01:10:00.638 [OP] 4100 inv=FFF9 len=6 #2 05123e2707b2
2026-10-03 01:10:00.736 [EVENT] sock=2536 hEvent=000009A4 events=0x0
2026-10-03 01:10:00.737 [EVENT] sock=2536 hEvent=000009A4 events=0x21
2026-10-03 01:10:00.737 [OP] 4101 inv=FCA5 len=858 #2 12b252fadb2b1f805b64510b155a4e781f805b64510bdcfaa32b1f805b64510bdcfaa32b1f805b647b0c8b25a32b53ca5b64510bdcfa1a7c1f805b64510bdcfaa32b1f805b6455b252fa392b1f805b64510bb2dca32bd13b5b648a2bdcfa5acb1f807b81a552155a4e78c8d97b81530bdcfa4e78c8d995a9bc595ab12b21ab805b64510bdcfaa32b80e96e64510bdcfaa3c229805b64510bdcfaa32b1f805b64
2026-10-03 01:10:01.724 [EVENT] sock=2536 hEvent=000009A4 events=0x0
2026-10-03 01:10:01.724 [EVENT] sock=2536 hEvent=000009A4 events=0x21
2026-10-03 01:10:03.989 [EVENT] sock=2536 hEvent=000009A4 events=0x0
2026-10-03 01:10:03.989 [EVENT] sock=2536 hEvent=000009A4 events=0x21
2026-10-03 01:10:04.294 [EVENT] sock=2536 hEvent=000009A4 events=0x0
2026-10-03 01:10:04.295 [EVENT] sock=2536 hEvent=000009A4 events=0x21
2026-10-03 01:10:08.013 [EVENT] sock=2732 hEvent=00000A90 events=0x0
2026-10-03 01:10:08.013 [EVENT] sock=2732 hEvent=00000A90 events=0x21
2026-10-03 01:10:10.801 [EVENT] sock=2536 hEvent=000009A4 events=0x0
2026-10-03 01:10:10.801 [EVENT] sock=2536 hEvent=000009A4 events=0x21
2026-10-03 01:10:12.443 [OP] 46FE inv=FFFF len=0 #3 
2026-10-03 01:10:18.634 [OP] EFFE inv=FFFE len=1 #5 0b
2026-10-03 01:10:20.846 [EVENT] sock=2536 hEvent=000009A4 events=0x0
2026-10-03 01:10:20.846 [EVENT] sock=2536 hEvent=000009A4 events=0x21
2026-10-03 01:10:23.751 [SETTLE] exp=1 gold=199367 len=393
2026-10-03 01:10:23.751 [OP] 472A inv=FE76 len=393 #3 d9b4de1faa5b64510bdcfaa32b1f805b64510bdcc4a32b1f805b64510bdcfaa32b1f805b64510bdca1b72b1f805b64513edcfaa32b1f805b64510bdcfaa32b1f805b64510bdcfaa32b1f805b64510bdcfaa32b1f805b64510bdcfaa32b1f805b64510bdcfaa32b1f805b64510bdcfaa32b1f805b64510bdcfaa32b1f805b64510bdcfaa32b1f805b64510bdcd7f82b1f85956451416ffaa3ebca805b81a55215
2026-10-03 01:10:23.752 [OP] 42CE inv=FFFB len=4 #3 c87f510b
2026-10-03 01:10:25.782 [EVENT] sock=2536 hEvent=000009A4 events=0x0
2026-10-03 01:10:25.782 [EVENT] sock=2536 hEvent=000009A4 events=0x21
2026-10-03 01:10:25.923 [OP] 4029 inv=FFDF len=32 #3 41cdfc0bac9fa32b1f805b64db7fdcfaa32b1f80df7f510b90c4d92bca809564
2026-10-03 01:10:27.836 [OP] 4100 inv=FFF9 len=6 #3 05129051640c
2026-10-03 01:10:27.921 [EVENT] sock=2536 hEvent=000009A4 events=0x0
2026-10-03 01:10:27.922 [OP] 4101 inv=FC6D len=914 #3 603bad809464510bdcfaa32bc8d97b81510bdcfaa32b1f805b64510bdcfaa32b1f805b64510bdcfa21c49d4e5b64a9fddcfaa32b1f8099d9510bdcfaa32b1f805b64510bdcfaa63bad80c464510bdcfaa32bf6455b645943dcfadf7f1f80807a510b155a4e78c8d97b81a552155ada2b1f807b81a5526f3016876c842d43450bdcfaa32b1f805b6451ae02faa32b1f805bd82d0bdcfaa32b1f805b64510bdcfa
2026-10-03 01:10:27.922 [EVENT] sock=2536 hEvent=000009A4 events=0x21
2026-10-03 01:10:28.896 [EVENT] sock=2536 hEvent=000009A4 events=0x0
2026-10-03 01:10:28.897 [EVENT] sock=2536 hEvent=000009A4 events=0x21
2026-10-03 01:10:31.145 [EVENT] sock=2536 hEvent=000009A4 events=0x0
2026-10-03 01:10:31.145 [EVENT] sock=2536 hEvent=000009A4 events=0x21
2026-10-03 01:10:31.544 [EVENT] sock=2536 hEvent=000009A4 events=0x0
2026-10-03 01:10:31.545 [EVENT] sock=2536 hEvent=000009A4 events=0x21
2026-10-03 01:10:38.014 [EVENT] sock=2732 hEvent=00000A90 events=0x0
2026-10-03 01:10:38.014 [EVENT] sock=2732 hEvent=00000A90 events=0x21
2026-10-03 01:10:38.077 [EVENT] sock=2536 hEvent=000009A4 events=0x0
2026-10-03 01:10:38.078 [EVENT] sock=2536 hEvent=000009A4 events=0x21
2026-10-03 01:10:41.471 [OP] 46FE inv=FFFF len=0 #4 
2026-10-03 01:10:48.130 [EVENT] sock=2536 hEvent=000009A4 events=0x0
2026-10-03 01:10:48.130 [EVENT] sock=2536 hEvent=000009A4 events=0x21
2026-10-03 01:10:49.514 [EVENT] sock=2732 hEvent=00000A90 events=0x0
2026-10-03 01:10:49.514 [EVENT] sock=2732 hEvent=00000A90 events=0x21
2026-10-03 01:10:49.564 [OP] F005 inv=FFE7 len=24 #1 26b35c3828d7fb2b1f805b64510bdcfaa3de1f8042a07f72
2026-10-03 01:10:49.566 [SETTLE] exp=1 gold=199367 len=393
2026-10-03 01:10:49.567 [OP] 472A inv=FE76 len=393 #4 d9b4de1faa5b64510bdcfaa32b1f805b64510bdcc4a32b1f805b64510bdcfaa32b1f805b64510bdca1b72b1f805b6451ef6ffaa32b1f805b64510bdcfaa32b1f805b64510bdcfaa32b1f805b64510bdcfaa32b1f805b64510bdcfaa32b1f805b64510bdcfaa32b1f805b64510bdcfaa32b1f805b64510bdcfaa32b1f805b64510bdcfaa32b1f805b64510bdc03f82b1f85956451416ffaa321ca805bc5580bdc
2026-10-03 01:10:49.660 [OP] 42CE inv=FFFB len=4 #4 c87f510b
2026-10-03 01:10:54.726 [OP] 4100 inv=FFF9 len=6 #4 05128d513b0c
2026-10-03 01:10:54.806 [EVENT] sock=2536 hEvent=000009A4 events=0x0
2026-10-03 01:10:54.806 [EVENT] sock=2536 hEvent=000009A4 events=0x21
2026-10-03 01:10:54.813 [OP] 4101 inv=FC6D len=914 #4 603bad809464510bdcfaa32bc8d97b81510bdcfaa32b1f805b64510bdcfaa32b1f805b64510bdcfa21c49d4e5b64a9fddcfaa32b1f8099d9510bdcfaa32b1f805b64510bdcfaa63bad80c464510bdcfaa32bf6455b645943dcfadf7f1f80807a510b155a4e78c8d97b81a552155ada2b1f807b81a5526f3016876c842d43450bdcfaa32b1f805b6458ae02faa32b1f805bd82d0bdcfaa32b1f805b64510bdcfa
2026-10-03 01:10:55.794 [EVENT] sock=2536 hEvent=000009A4 events=0x0
2026-10-03 01:10:55.794 [EVENT] sock=2536 hEvent=000009A4 events=0x21
2026-10-03 01:10:58.138 [EVENT] sock=2536 hEvent=000009A4 events=0x0
2026-10-03 01:10:58.138 [EVENT] sock=2536 hEvent=000009A4 events=0x21
2026-10-03 01:10:58.329 [EVENT] sock=2536 hEvent=000009A4 events=0x0
2026-10-03 01:10:58.329 [EVENT] sock=2536 hEvent=000009A4 events=0x21
2026-10-03 01:10:58.489 [EVENT] sock=2536 hEvent=000009A4 events=0x0
2026-10-03 01:10:58.489 [EVENT] sock=2536 hEvent=000009A4 events=0x21
2026-10-03 01:11:04.920 [EVENT] sock=2536 hEvent=000009A4 events=0x0
2026-10-03 01:11:04.920 [EVENT] sock=2536 hEvent=000009A4 events=0x21
2026-10-03 01:11:08.015 [EVENT] sock=2732 hEvent=00000A90 events=0x0
2026-10-03 01:11:08.015 [EVENT] sock=2732 hEvent=00000A90 events=0x21
2026-10-03 01:11:10.507 [OP] F005 inv=FFE7 len=24 #2 26b35c3828d7972b1f805b64510bdcfaa3de1f802897f9b2
2026-10-03 01:11:11.724 [OP] 46FE inv=FFFF len=0 #5 
2026-10-03 01:11:14.968 [EVENT] sock=2536 hEvent=000009A4 events=0x0
2026-10-03 01:11:14.968 [EVENT] sock=2536 hEvent=000009A4 events=0x21
2026-10-03 01:11:15.223 [SETTLE] exp=1 gold=199367 len=393
2026-10-03 01:11:15.223 [OP] 472A inv=FE76 len=393 #5 d9b4de1faa5b64510bdcfaa32b1f805b64510bdce8a32b1f805b64510bdcfaa32b1f805b64510bdca1b72b1f805b6451ef6ffaa32b1f805b64510bdcfaa32b1f805b64510bdcfaa32b1f805b64510bdcfaa32b1f805b64510bdcfaa32b1f805b64510bdcfaa32b1f805b64510bdcfaa32b1f805b64510bdcfaa32b1f805b64510bdcfaa32b1f805b64510bdce4f82b1fa79564516c6ffaa326ca805b43580bdc
2026-10-03 01:11:15.323 [OP] 42CE inv=FFFB len=4 #5 c87f510b
2026-10-03 01:11:22.312 [OP] 4100 inv=FFF9 len=6 #5 05129051640c
2026-10-03 01:11:22.416 [EVENT] sock=2536 hEvent=000009A4 events=0x0
2026-10-03 01:11:22.417 [EVENT] sock=2536 hEvent=000009A4 events=0x21
2026-10-03 01:11:22.464 [OP] 4101 inv=FC6D len=914 #5 603bad809464510bdcfaa32bc8d97b81510bdcfaa32b1f805b64510bdcfaa32b1f805b64510bdcfa21c49d4e5b64a9fddcfaa32b1f8099d9510bdcfaa32b1f805b64510bdcfaa63bad80c464510bdcfaa32bf6455b645943dcfadf7f1f80807a510b155a4e78c8d97b81a552155ada2b1f807b81a5526f3016876c842d43450bdcfaa32b1f805b6451ae02faa32b1f805bd82d0bdcfaa32b1f805b64510bdcfa
2026-10-03 01:11:23.398 [EVENT] sock=2536 hEvent=000009A4 events=0x0
2026-10-03 01:11:23.398 [EVENT] sock=2536 hEvent=000009A4 events=0x21
2026-10-03 01:11:25.738 [EVENT] sock=2536 hEvent=000009A4 events=0x0
2026-10-03 01:11:25.738 [EVENT] sock=2536 hEvent=000009A4 events=0x21
2026-10-03 01:11:26.107 [EVENT] sock=2536 hEvent=000009A4 events=0x0
2026-10-03 01:11:26.107 [EVENT] sock=2536 hEvent=000009A4 events=0x21
2026-10-03 01:11:32.575 [EVENT] sock=2536 hEvent=000009A4 events=0x0
2026-10-03 01:11:32.575 [EVENT] sock=2536 hEvent=000009A4 events=0x21
2026-10-03 01:11:38.015 [EVENT] sock=2732 hEvent=00000A90 events=0x0
2026-10-03 01:11:38.015 [EVENT] sock=2732 hEvent=00000A90 events=0x21
2026-10-03 01:11:43.057 [EVENT] sock=2536 hEvent=000009A4 events=0x0
2026-10-03 01:11:43.057 [EVENT] sock=2536 hEvent=000009A4 events=0x21
2026-10-03 01:11:51.521 [EVENT] sock=2536 hEvent=000009A4 events=0x0
2026-10-03 01:11:51.521 [EVENT] sock=2536 hEvent=000009A4 events=0x21
2026-10-03 01:11:53.168 [EVENT] sock=2536 hEvent=000009A4 events=0x0
2026-10-03 01:11:53.168 [EVENT] sock=2536 hEvent=000009A4 events=0x21
2026-10-03 01:11:56.275 [SETTLE] exp=2 gold=199367 len=393
2026-10-03 01:11:58.300 [EVENT] sock=2536 hEvent=000009A4 events=0x0
2026-10-03 01:11:58.302 [EVENT] sock=2536 hEvent=000009A4 events=0x21
2026-10-03 01:11:58.438 [OP] 4029 inv=FFDF len=32 #4 41cdfc0bba53a32b1f805b64aa75dcfaa32b1f80697f510b8bc4d92b1f809564
2026-10-03 01:12:03.440 [EVENT] sock=2536 hEvent=000009A4 events=0x0
2026-10-03 01:12:03.440 [EVENT] sock=2536 hEvent=000009A4 events=0x21
2026-10-03 01:12:04.426 [EVENT] sock=2536 hEvent=000009A4 events=0x0
2026-10-03 01:12:04.426 [EVENT] sock=2536 hEvent=000009A4 events=0x21
2026-10-03 01:12:06.768 [EVENT] sock=2536 hEvent=000009A4 events=0x0
2026-10-03 01:12:06.768 [EVENT] sock=2536 hEvent=000009A4 events=0x21
2026-10-03 01:12:06.960 [EVENT] sock=2536 hEvent=000009A4 events=0x0
2026-10-03 01:12:06.960 [EVENT] sock=2536 hEvent=000009A4 events=0x21
2026-10-03 01:12:07.104 [EVENT] sock=2536 hEvent=000009A4 events=0x0
2026-10-03 01:12:07.104 [EVENT] sock=2536 hEvent=000009A4 events=0x21
2026-10-03 01:12:08.016 [EVENT] sock=2732 hEvent=00000A90 events=0x0
2026-10-03 01:12:08.016 [EVENT] sock=2732 hEvent=00000A90 events=0x21
2026-10-03 01:12:13.569 [EVENT] sock=2536 hEvent=000009A4 events=0x0
2026-10-03 01:12:13.569 [EVENT] sock=2536 hEvent=000009A4 events=0x21
2026-10-03 01:12:14.445 [SETTLE] exp=1 gold=199367 len=393
2026-10-03 01:12:19.628 [EVENT] sock=2536 hEvent=000009A4 events=0x0
2026-10-03 01:12:19.628 [EVENT] sock=2536 hEvent=000009A4 events=0x21
2026-10-03 01:12:20.622 [EVENT] sock=2536 hEvent=000009A4 events=0x0
2026-10-03 01:12:20.622 [EVENT] sock=2536 hEvent=000009A4 events=0x21
2026-10-03 01:12:22.910 [EVENT] sock=2536 hEvent=000009A4 events=0x0
2026-10-03 01:12:22.910 [EVENT] sock=2536 hEvent=000009A4 events=0x21
2026-10-03 01:12:23.219 [EVENT] sock=2536 hEvent=000009A4 events=0x0
2026-10-03 01:12:23.219 [EVENT] sock=2536 hEvent=000009A4 events=0x21
2026-10-03 01:12:29.693 [EVENT] sock=2536 hEvent=000009A4 events=0x0
2026-10-03 01:12:29.693 [EVENT] sock=2536 hEvent=000009A4 events=0x21
2026-10-03 01:12:38.016 [EVENT] sock=2732 hEvent=00000A90 events=0x0
2026-10-03 01:12:38.016 [EVENT] sock=2732 hEvent=00000A90 events=0x21
2026-10-03 01:12:39.743 [EVENT] sock=2536 hEvent=000009A4 events=0x0
2026-10-03 01:12:39.743 [EVENT] sock=2536 hEvent=000009A4 events=0x21
2026-10-03 01:12:43.456 [SETTLE] exp=2 gold=199367 len=393
2026-10-03 01:12:48.667 [EVENT] sock=2536 hEvent=000009A4 events=0x0
2026-10-03 01:12:48.667 [EVENT] sock=2536 hEvent=000009A4 events=0x21
2026-10-03 01:12:49.650 [EVENT] sock=2536 hEvent=000009A4 events=0x0
2026-10-03 01:12:49.650 [EVENT] sock=2536 hEvent=000009A4 events=0x21
2026-10-03 01:12:52.009 [EVENT] sock=2536 hEvent=000009A4 events=0x0
2026-10-03 01:12:52.009 [EVENT] sock=2536 hEvent=000009A4 events=0x21
2026-10-03 01:12:52.258 [EVENT] sock=2536 hEvent=000009A4 events=0x0
2026-10-03 01:12:52.259 [EVENT] sock=2536 hEvent=000009A4 events=0x21
2026-10-03 01:12:58.720 [EVENT] sock=2536 hEvent=000009A4 events=0x0
2026-10-03 01:12:58.721 [EVENT] sock=2536 hEvent=000009A4 events=0x21
2026-10-03 01:13:02.794 [OP] F005 inv=FFE7 len=24 #3 26b35c3828d7512b1f805b64510bdcfaa3de1f8091f433b2
2026-10-03 01:13:02.885 [OP] F005 inv=FFE7 len=24 #4 26b35c3828d7512b1f805b64510bdcfaa3de1f8091f433b2
2026-10-03 01:13:08.017 [EVENT] sock=2732 hEvent=00000A90 events=0x0
2026-10-03 01:13:08.017 [EVENT] sock=2732 hEvent=00000A90 events=0x21
2026-10-03 01:13:08.841 [EVENT] sock=2536 hEvent=000009A4 events=0x0
2026-10-03 01:13:08.842 [EVENT] sock=2536 hEvent=000009A4 events=0x21
2026-10-03 01:13:11.267 [SETTLE] exp=1 gold=199367 len=393
2026-10-03 01:13:14.234 [QUESTION] {"type":"question","sock":2536,"qno":19,"field_a":101,"stem":"我国自己研制的火箭，已经多次成功的把什么送上太空？","options":["1、哈士奇","2、嫦娥","3、人造卫星","4、另一个太阳"]}
2026-10-03 01:13:14.234 [UPGRADE] sock 2536 upgraded to filtered mode at clean frame boundary
2026-10-03 01:13:14.462 [MODE] sock=2536 filtered (len=129 flags=0)
2026-10-03 01:13:15.235 [UI] auto dump on question qno=19
2026-10-03 01:13:15.235 [UI] ---- window dump begin (pid 14688) ----
2026-10-03 01:13:15.245 [UI] TOP=00120870 vis=1 cls=ATL:0062F210 rc=(-9,22,1031,829) title=什么什么大冒险2(①逍遥村敬老院)-伏地魔2_Sep 24 2026《什么什么大冒险》制作委员会QQ群:515616289
2026-10-03 01:13:15.247 [UI] TOP=00130C58 vis=0 cls=DIEmWin rc=(-1,-1,135,38) title=DIEmWin
2026-10-03 01:13:15.260 [UI] TOP=001A0718 vis=0 cls=MSCTFIME UI rc=(0,0,0,0) title=MSCTFIME UI
2026-10-03 01:13:15.277 [UI] TOP=00DC0B36 vis=0 cls=IME rc=(0,0,0,0) title=Default IME
2026-10-03 01:13:15.277 [UI] TOP=0044076C vis=0 cls=IME rc=(0,0,0,0) title=Default IME
2026-10-03 01:13:15.278 [UI] ---- window dump end ----
2026-10-03 01:13:15.335 [SEND-ANSWER] qno=19 opt=2 ret=13 sock=2536
2026-10-03 01:13:15.382 [SYS] 测试通过！
2026-10-03 01:13:15.483 [SYS] 获得了#00FF00#100#FFF692#金币
2026-10-03 01:13:15.483 [CURRENCY] a=199367 b=967262
2026-10-03 01:13:17.479 [EVENT] sock=2536 hEvent=000009A4 events=0x0
2026-10-03 01:13:17.479 [OUT] 1F51 inv=FFFF len=4 #1 ffff511f
2026-10-03 01:13:17.479 [EVENT] sock=2536 hEvent=000009A4 events=0x21
2026-10-03 01:13:18.453 [EVENT] sock=2536 hEvent=000009A4 events=0x0
2026-10-03 01:13:18.453 [OUT] 1001 inv=FFF9 len=10 #1 f9ff01101f805b64510b
2026-10-03 01:13:18.454 [EVENT] sock=2536 hEvent=000009A4 events=0x21
2026-10-03 01:13:20.686 [EVENT] sock=2536 hEvent=000009A4 events=0x0
2026-10-03 01:13:20.686 [OUT] 1005 inv=FFEF len=20 #1 efff0510a498e62b37c75c640b0b0022a32b1f80
2026-10-03 01:13:20.686 [EVENT] sock=2536 hEvent=000009A4 events=0x21
2026-10-03 01:13:21.142 [EVENT] sock=2536 hEvent=000009A4 events=0x0
2026-10-03 01:13:21.142 [OUT] 1004 inv=FFF3 len=16 #1 f3ff0410040c832b59c7c3642d0b59ae
2026-10-03 01:13:21.143 [EVENT] sock=2536 hEvent=000009A4 events=0x21
2026-10-03 01:13:27.598 [EVENT] sock=2536 hEvent=000009A4 events=0x0
2026-10-03 01:13:27.598 [OUT] 1F51 inv=FFFF len=4 #2 ffff511f
2026-10-03 01:13:27.598 [EVENT] sock=2536 hEvent=000009A4 events=0x21
2026-10-03 01:13:37.646 [EVENT] sock=2536 hEvent=000009A4 events=0x0
2026-10-03 01:13:37.646 [OUT] 1F51 inv=FFFF len=4 #3 ffff511f
2026-10-03 01:13:37.646 [EVENT] sock=2536 hEvent=000009A4 events=0x21
2026-10-03 01:13:38.017 [EVENT] sock=2732 hEvent=00000A90 events=0x0
2026-10-03 01:13:38.017 [EVENT] sock=2732 hEvent=00000A90 events=0x21
2026-10-03 01:13:41.695 [SETTLE] exp=1 gold=199367 len=393
2026-10-03 01:13:43.728 [EVENT] sock=2536 hEvent=000009A4 events=0x0
2026-10-03 01:13:43.728 [OUT] 004E inv=FFFA len=9 #1 faff4e00e9580bdcf4
2026-10-03 01:13:43.728 [EVENT] sock=2536 hEvent=000009A4 events=0x21
2026-10-03 01:13:43.782 [OP] 4029 inv=FFDF len=32 #5 41cdfc0bba53a32b1f805b64aa75dcfaa32b1f80697f510b8bc4ab2b85809564
2026-10-03 01:13:44.909 [EVENT] sock=2536 hEvent=000009A4 events=0x0
2026-10-03 01:13:44.909 [OUT] 1F51 inv=FFFF len=4 #4 ffff511f
2026-10-03 01:13:44.909 [EVENT] sock=2536 hEvent=000009A4 events=0x21
2026-10-03 01:13:45.858 [EVENT] sock=2536 hEvent=000009A4 events=0x0
2026-10-03 01:13:45.858 [OUT] 1001 inv=FFF9 len=10 #2 f9ff01101f805b64510b
2026-10-03 01:13:45.859 [EVENT] sock=2536 hEvent=000009A4 events=0x21
2026-10-03 01:13:48.140 [EVENT] sock=2536 hEvent=000009A4 events=0x0
2026-10-03 01:13:48.140 [OUT] 1005 inv=FFEF len=20 #2 efff0510a498e62b37c75c640b0b0022a32b1f80
2026-10-03 01:13:48.140 [EVENT] sock=2536 hEvent=000009A4 events=0x21
2026-10-03 01:13:48.441 [EVENT] sock=2536 hEvent=000009A4 events=0x0
2026-10-03 01:13:48.441 [OUT] 1004 inv=FFF3 len=16 #2 f3ff0410040c832b59c7c3642d0b59ae
2026-10-03 01:13:48.441 [EVENT] sock=2536 hEvent=000009A4 events=0x21
2026-10-03 01:13:50.046 [EVENT] sock=2536 hEvent=000009A4 events=0x0
2026-10-03 01:13:50.046 [OUT] 1004 inv=FFF3 len=16 #3 f3ff0410040c832b59c7c3642d0b59ae
2026-10-03 01:13:50.046 [EVENT] sock=2536 hEvent=000009A4 events=0x21
2026-10-03 01:13:54.974 [EVENT] sock=2536 hEvent=000009A4 events=0x0
2026-10-03 01:13:54.974 [OUT] 1F51 inv=FFFF len=4 #5 ffff511f
2026-10-03 01:13:54.975 [EVENT] sock=2536 hEvent=000009A4 events=0x21
2026-10-03 01:13:55.110 [EVENT] sock=2732 hEvent=00000A90 events=0x0
2026-10-03 01:13:55.110 [EVENT] sock=2732 hEvent=00000A90 events=0x21
2026-10-03 01:13:55.157 [OP] F005 inv=FFE7 len=24 #5 26b35c3828d7fb2b1f805b64510bdcfaa3ce56efddee2fec
2026-10-03 01:13:56.265 [EVENT] sock=2536 hEvent=000009A4 events=0x0
2026-10-03 01:13:56.265 [OUT] 1F04 inv=FFF6 len=13 #1 f6ff041fce1f805b32510bdce8
2026-10-03 01:13:56.265 [EVENT] sock=2536 hEvent=000009A4 events=0x21
2026-10-03 01:14:05.023 [EVENT] sock=2536 hEvent=000009A4 events=0x0
2026-10-03 01:14:05.024 [EVENT] sock=2536 hEvent=000009A4 events=0x21
2026-10-03 01:14:07.768 [SETTLE] exp=1 gold=199367 len=393
2026-10-03 01:14:08.017 [EVENT] sock=2732 hEvent=00000A90 events=0x0
2026-10-03 01:14:08.017 [EVENT] sock=2732 hEvent=00000A90 events=0x21
2026-10-03 01:14:09.792 [EVENT] sock=2536 hEvent=000009A4 events=0x0
2026-10-03 01:14:09.793 [OUT] 004E inv=FFFA len=9 #2 faff4e00e9580bdce8
2026-10-03 01:14:09.793 [EVENT] sock=2536 hEvent=000009A4 events=0x21
2026-10-03 01:14:11.078 [EVENT] sock=2536 hEvent=000009A4 events=0x0
2026-10-03 01:14:11.078 [EVENT] sock=2536 hEvent=000009A4 events=0x21
2026-10-03 01:14:12.047 [EVENT] sock=2536 hEvent=000009A4 events=0x0
2026-10-03 01:14:12.048 [OUT] 1001 inv=FFF9 len=10 #3 f9ff01101f805b64510b
2026-10-03 01:14:12.048 [EVENT] sock=2536 hEvent=000009A4 events=0x21
2026-10-03 01:14:14.231 [EVENT] sock=2536 hEvent=000009A4 events=0x0
2026-10-03 01:14:14.231 [OUT] 1005 inv=FFEF len=20 #3 efff0510a498e62b37c75c640b0b0022a32b1f80
2026-10-03 01:14:14.231 [EVENT] sock=2536 hEvent=000009A4 events=0x21
2026-10-03 01:14:14.634 [EVENT] sock=2536 hEvent=000009A4 events=0x0
2026-10-03 01:14:14.634 [OUT] 1004 inv=FFF3 len=16 #4 f3ff0410040c832b59c7c3642d0b59ae
2026-10-03 01:14:14.634 [EVENT] sock=2536 hEvent=000009A4 events=0x21
2026-10-03 01:14:16.163 [EVENT] sock=2536 hEvent=000009A4 events=0x0
2026-10-03 01:14:16.163 [OUT] 1004 inv=FFF3 len=16 #5 f3ff0410040c832b59c7c3642d0b59ae
2026-10-03 01:14:16.163 [EVENT] sock=2536 hEvent=000009A4 events=0x21
2026-10-03 01:14:21.140 [EVENT] sock=2536 hEvent=000009A4 events=0x0
2026-10-03 01:14:21.141 [EVENT] sock=2536 hEvent=000009A4 events=0x21
2026-10-03 01:14:29.290 [SETTLE] exp=1 gold=199367 len=393
2026-10-03 01:14:35.754 [EVENT] sock=2536 hEvent=000009A4 events=0x0
2026-10-03 01:14:35.754 [HB-OUT] op=0001 #1 len=4 sock=2536
2026-10-03 01:14:35.754 [EVENT] sock=2536 hEvent=000009A4 events=0x21
2026-10-03 01:14:36.500 [EVENT] sock=2536 hEvent=000009A4 events=0x0
2026-10-03 01:14:36.500 [EVENT] sock=2536 hEvent=000009A4 events=0x21
2026-10-03 01:14:37.455 [EVENT] sock=2536 hEvent=000009A4 events=0x0
2026-10-03 01:14:37.455 [OUT] 1001 inv=FFF9 len=10 #4 f9ff01101f805b64510b
2026-10-03 01:14:37.455 [EVENT] sock=2536 hEvent=000009A4 events=0x21
2026-10-03 01:14:38.018 [EVENT] sock=2732 hEvent=00000A90 events=0x0
2026-10-03 01:14:38.018 [EVENT] sock=2732 hEvent=00000A90 events=0x21
2026-10-03 01:14:39.721 [EVENT] sock=2536 hEvent=000009A4 events=0x0
2026-10-03 01:14:39.722 [OUT] 1005 inv=FFEF len=20 #4 efff0510a498e62b37c75c640b0b0022a32b1f80
2026-10-03 01:14:39.722 [EVENT] sock=2536 hEvent=000009A4 events=0x21
2026-10-03 01:14:40.071 [EVENT] sock=2536 hEvent=000009A4 events=0x0
2026-10-03 01:14:40.072 [EVENT] sock=2536 hEvent=000009A4 events=0x21
2026-10-03 01:14:46.687 [EVENT] sock=2536 hEvent=000009A4 events=0x0
2026-10-03 01:14:46.687 [EVENT] sock=2536 hEvent=000009A4 events=0x21
2026-10-03 01:14:56.737 [EVENT] sock=2536 hEvent=000009A4 events=0x0
2026-10-03 01:14:56.737 [EVENT] sock=2536 hEvent=000009A4 events=0x21
2026-10-03 01:14:59.489 [SETTLE] exp=1 gold=199367 len=403
2026-10-03 01:15:01.515 [EVENT] sock=2536 hEvent=000009A4 events=0x0
2026-10-03 01:15:01.515 [OUT] 004E inv=FFFA len=9 #3 faff4e00e9580bdcf4
2026-10-03 01:15:01.515 [EVENT] sock=2536 hEvent=000009A4 events=0x21
2026-10-03 01:15:08.018 [EVENT] sock=2732 hEvent=00000A90 events=0x0
2026-10-03 01:15:08.018 [EVENT] sock=2732 hEvent=00000A90 events=0x21
2026-10-03 01:15:08.864 [EVENT] sock=2536 hEvent=000009A4 events=0x0
2026-10-03 01:15:08.866 [EVENT] sock=2536 hEvent=000009A4 events=0x21
2026-10-03 01:15:09.806 [EVENT] sock=2536 hEvent=000009A4 events=0x0
2026-10-03 01:15:09.806 [OUT] 1001 inv=FFF9 len=10 #5 f9ff01101f805b64510b
2026-10-03 01:15:09.808 [EVENT] sock=2536 hEvent=000009A4 events=0x21
2026-10-03 01:15:12.188 [EVENT] sock=2536 hEvent=000009A4 events=0x0
2026-10-03 01:15:12.188 [OUT] 1005 inv=FFEF len=20 #5 efff0510a498e62b37c75c640b0b0022a32b1f80
2026-10-03 01:15:12.189 [EVENT] sock=2536 hEvent=000009A4 events=0x21
2026-10-03 01:15:12.608 [EVENT] sock=2536 hEvent=000009A4 events=0x0
2026-10-03 01:15:12.608 [EVENT] sock=2536 hEvent=000009A4 events=0x21
2026-10-03 01:15:19.040 [EVENT] sock=2536 hEvent=000009A4 events=0x0
2026-10-03 01:15:19.041 [EVENT] sock=2536 hEvent=000009A4 events=0x21
2026-10-03 01:15:29.088 [EVENT] sock=2536 hEvent=000009A4 events=0x0
2026-10-03 01:15:29.088 [EVENT] sock=2536 hEvent=000009A4 events=0x21
2026-10-03 01:15:33.813 [SETTLE] exp=1 gold=199367 len=393
2026-10-03 01:15:38.019 [EVENT] sock=2732 hEvent=00000A90 events=0x0
2026-10-03 01:15:38.019 [EVENT] sock=2732 hEvent=00000A90 events=0x21
2026-10-03 01:15:42.043 [EVENT] sock=2536 hEvent=000009A4 events=0x0
2026-10-03 01:15:42.044 [EVENT] sock=2536 hEvent=000009A4 events=0x21
2026-10-03 01:15:43.004 [EVENT] sock=2536 hEvent=000009A4 events=0x0
2026-10-03 01:15:43.005 [EVENT] sock=2536 hEvent=000009A4 events=0x21
2026-10-03 01:15:45.254 [EVENT] sock=2536 hEvent=000009A4 events=0x0
2026-10-03 01:15:45.254 [EVENT] sock=2536 hEvent=000009A4 events=0x21
2026-10-03 01:15:45.654 [EVENT] sock=2536 hEvent=000009A4 events=0x0
2026-10-03 01:15:45.654 [EVENT] sock=2536 hEvent=000009A4 events=0x21
2026-10-03 01:15:50.483 [EVENT] sock=2536 hEvent=000009A4 events=0x0
2026-10-03 01:15:50.483 [EVENT] sock=2536 hEvent=000009A4 events=0x21
2026-10-03 01:15:52.100 [EVENT] sock=2536 hEvent=000009A4 events=0x0
2026-10-03 01:15:52.102 [EVENT] sock=2536 hEvent=000009A4 events=0x21
2026-10-03 01:16:02.153 [EVENT] sock=2536 hEvent=000009A4 events=0x0
2026-10-03 01:16:02.153 [EVENT] sock=2536 hEvent=000009A4 events=0x21
2026-10-03 01:16:04.535 [OP] 46E0 inv=FDF7 len=520 #1 41cdfc0b6ffaa32bb907c464580bdcfaa24d1f809464f50ba954bc2bd62f8823f3ac90c02006ad8066b2c80bdcfa9d2bfd671b649c266ffa392b5980d37d580b0cd6751369805b64fc0b9822232b1f801c640fd0bba5f82b8b5648646738d8f40f8ed1805b64510bdc08a32bbf9a356f830bdcfaf1c11aef0b47c80b6e109d2be0f62037438bc3fa2d87bbce1e4cc80b0be243ce0aec48642f648a2268e5f98b
2026-10-03 01:16:04.624 [SETTLE] exp=1 gold=199367 len=393
2026-10-03 01:16:08.020 [EVENT] sock=2732 hEvent=00000A90 events=0x0
2026-10-03 01:16:08.020 [EVENT] sock=2732 hEvent=00000A90 events=0x21
2026-10-03 01:16:11.808 [EVENT] sock=2536 hEvent=000009A4 events=0x0
2026-10-03 01:16:11.809 [EVENT] sock=2536 hEvent=000009A4 events=0x21
2026-10-03 01:16:12.784 [EVENT] sock=2536 hEvent=000009A4 events=0x0
2026-10-03 01:16:12.784 [EVENT] sock=2536 hEvent=000009A4 events=0x21
2026-10-03 01:16:15.047 [EVENT] sock=2536 hEvent=000009A4 events=0x0
2026-10-03 01:16:15.048 [EVENT] sock=2536 hEvent=000009A4 events=0x21
2026-10-03 01:16:15.465 [EVENT] sock=2536 hEvent=000009A4 events=0x0
2026-10-03 01:16:15.466 [EVENT] sock=2536 hEvent=000009A4 events=0x21
2026-10-03 01:16:18.413 [EVENT] sock=2536 hEvent=000009A4 events=0x0
2026-10-03 01:16:18.413 [EVENT] sock=2536 hEvent=000009A4 events=0x21
2026-10-03 01:16:21.857 [EVENT] sock=2536 hEvent=000009A4 events=0x0
2026-10-03 01:16:21.857 [EVENT] sock=2536 hEvent=000009A4 events=0x21
2026-10-03 01:16:31.911 [EVENT] sock=2536 hEvent=000009A4 events=0x0
2026-10-03 01:16:31.911 [EVENT] sock=2536 hEvent=000009A4 events=0x21
2026-10-03 01:16:35.266 [SETTLE] exp=2 gold=199367 len=393
2026-10-03 01:16:37.288 [EVENT] sock=2536 hEvent=000009A4 events=0x0
2026-10-03 01:16:37.289 [OUT] 004E inv=FFFA len=9 #4 faff4e00e9580bdcf4
2026-10-03 01:16:37.289 [EVENT] sock=2536 hEvent=000009A4 events=0x21
2026-10-03 01:16:38.021 [EVENT] sock=2732 hEvent=00000A90 events=0x0
2026-10-03 01:16:38.021 [EVENT] sock=2732 hEvent=00000A90 events=0x21
2026-10-03 01:16:44.444 [EVENT] sock=2536 hEvent=000009A4 events=0x0
2026-10-03 01:16:44.444 [EVENT] sock=2536 hEvent=000009A4 events=0x21
2026-10-03 01:16:45.430 [EVENT] sock=2536 hEvent=000009A4 events=0x0
2026-10-03 01:16:45.430 [EVENT] sock=2536 hEvent=000009A4 events=0x21
2026-10-03 01:16:47.761 [EVENT] sock=2536 hEvent=000009A4 events=0x0
2026-10-03 01:16:47.764 [EVENT] sock=2536 hEvent=000009A4 events=0x21
2026-10-03 01:16:48.047 [EVENT] sock=2536 hEvent=000009A4 events=0x0
2026-10-03 01:16:48.047 [EVENT] sock=2536 hEvent=000009A4 events=0x21
2026-10-03 01:16:54.559 [EVENT] sock=2536 hEvent=000009A4 events=0x0
2026-10-03 01:16:54.559 [EVENT] sock=2536 hEvent=000009A4 events=0x21
2026-10-03 01:16:58.460 [EVENT] sock=2732 hEvent=00000A90 events=0x0
2026-10-03 01:16:58.460 [EVENT] sock=2732 hEvent=00000A90 events=0x21
2026-10-03 01:17:04.611 [EVENT] sock=2536 hEvent=000009A4 events=0x0
2026-10-03 01:17:04.611 [EVENT] sock=2536 hEvent=000009A4 events=0x21
2026-10-03 01:17:05.600 [SETTLE] exp=1 gold=199367 len=393
2026-10-03 01:17:07.621 [EVENT] sock=2536 hEvent=000009A4 events=0x0
2026-10-03 01:17:07.621 [OUT] 004E inv=FFFA len=9 #5 faff4e00e9580bdce8
2026-10-03 01:17:07.622 [EVENT] sock=2536 hEvent=000009A4 events=0x21
2026-10-03 01:17:09.873 [EVENT] sock=2536 hEvent=000009A4 events=0x0
2026-10-03 01:17:09.873 [EVENT] sock=2536 hEvent=000009A4 events=0x21
2026-10-03 01:17:10.847 [EVENT] sock=2536 hEvent=000009A4 events=0x0
2026-10-03 01:17:10.848 [EVENT] sock=2536 hEvent=000009A4 events=0x21
2026-10-03 01:17:13.234 [EVENT] sock=2536 hEvent=000009A4 events=0x0
2026-10-03 01:17:13.234 [EVENT] sock=2536 hEvent=000009A4 events=0x21
2026-10-03 01:17:13.538 [EVENT] sock=2536 hEvent=000009A4 events=0x0
2026-10-03 01:17:13.538 [EVENT] sock=2536 hEvent=000009A4 events=0x21
2026-10-03 01:17:20.138 [EVENT] sock=2536 hEvent=000009A4 events=0x0
2026-10-03 01:17:20.140 [EVENT] sock=2536 hEvent=000009A4 events=0x21
2026-10-03 01:17:30.196 [EVENT] sock=2536 hEvent=000009A4 events=0x0
2026-10-03 01:17:30.197 [EVENT] sock=2536 hEvent=000009A4 events=0x21
2026-10-03 01:17:33.749 [SETTLE] exp=1 gold=199367 len=393
2026-10-03 01:17:38.022 [EVENT] sock=2732 hEvent=00000A90 events=0x0
2026-10-03 01:17:38.022 [EVENT] sock=2732 hEvent=00000A90 events=0x21
2026-10-03 01:17:38.093 [EVENT] sock=2536 hEvent=000009A4 events=0x0
2026-10-03 01:17:38.094 [EVENT] sock=2536 hEvent=000009A4 events=0x21
2026-10-03 01:17:39.078 [EVENT] sock=2536 hEvent=000009A4 events=0x0
2026-10-03 01:17:39.078 [EVENT] sock=2536 hEvent=000009A4 events=0x21
2026-10-03 01:17:41.304 [EVENT] sock=2536 hEvent=000009A4 events=0x0
2026-10-03 01:17:41.304 [EVENT] sock=2536 hEvent=000009A4 events=0x21
2026-10-03 01:17:41.608 [EVENT] sock=2536 hEvent=000009A4 events=0x0
2026-10-03 01:17:41.609 [EVENT] sock=2536 hEvent=000009A4 events=0x21
2026-10-03 01:17:41.757 [EVENT] sock=2536 hEvent=000009A4 events=0x0
2026-10-03 01:17:41.757 [EVENT] sock=2536 hEvent=000009A4 events=0x21
2026-10-03 01:17:48.171 [EVENT] sock=2536 hEvent=000009A4 events=0x0
2026-10-03 01:17:48.171 [EVENT] sock=2536 hEvent=000009A4 events=0x21
2026-10-03 01:17:54.956 [SETTLE] exp=2 gold=199367 len=393
2026-10-03 01:18:04.183 [EVENT] sock=2536 hEvent=000009A4 events=0x0
2026-10-03 01:18:04.184 [EVENT] sock=2536 hEvent=000009A4 events=0x21
2026-10-03 01:18:05.126 [EVENT] sock=2536 hEvent=000009A4 events=0x0
2026-10-03 01:18:05.126 [EVENT] sock=2536 hEvent=000009A4 events=0x21
2026-10-03 01:18:07.402 [EVENT] sock=2536 hEvent=000009A4 events=0x0
2026-10-03 01:18:07.402 [EVENT] sock=2536 hEvent=000009A4 events=0x21
2026-10-03 01:18:07.705 [EVENT] sock=2536 hEvent=000009A4 events=0x0
2026-10-03 01:18:07.706 [EVENT] sock=2536 hEvent=000009A4 events=0x21
2026-10-03 01:18:08.022 [EVENT] sock=2732 hEvent=00000A90 events=0x0
2026-10-03 01:18:08.022 [EVENT] sock=2732 hEvent=00000A90 events=0x21
2026-10-03 01:18:14.257 [EVENT] sock=2536 hEvent=000009A4 events=0x0
2026-10-03 01:18:14.260 [EVENT] sock=2536 hEvent=000009A4 events=0x21
2026-10-03 01:18:24.307 [EVENT] sock=2536 hEvent=000009A4 events=0x0
2026-10-03 01:18:24.308 [EVENT] sock=2536 hEvent=000009A4 events=0x21
2026-10-03 01:18:29.409 [SETTLE] exp=1 gold=199367 len=393
2026-10-03 01:18:31.440 [EVENT] sock=2536 hEvent=000009A4 events=0x0
2026-10-03 01:18:31.440 [EVENT] sock=2536 hEvent=000009A4 events=0x21
2026-10-03 01:18:34.745 [EVENT] sock=2536 hEvent=000009A4 events=0x0
2026-10-03 01:18:34.745 [EVENT] sock=2536 hEvent=000009A4 events=0x21
2026-10-03 01:18:35.732 [EVENT] sock=2536 hEvent=000009A4 events=0x0
2026-10-03 01:18:35.733 [EVENT] sock=2536 hEvent=000009A4 events=0x21
2026-10-03 01:18:37.985 [EVENT] sock=2536 hEvent=000009A4 events=0x0
2026-10-03 01:18:37.985 [EVENT] sock=2536 hEvent=000009A4 events=0x21
2026-10-03 01:18:38.025 [EVENT] sock=2732 hEvent=00000A90 events=0x0
2026-10-03 01:18:38.026 [EVENT] sock=2732 hEvent=00000A90 events=0x21
2026-10-03 01:18:38.289 [EVENT] sock=2536 hEvent=000009A4 events=0x0
2026-10-03 01:18:38.289 [EVENT] sock=2536 hEvent=000009A4 events=0x21
2026-10-03 01:18:44.977 [EVENT] sock=2536 hEvent=000009A4 events=0x0
2026-10-03 01:18:44.977 [EVENT] sock=2536 hEvent=000009A4 events=0x21
2026-10-03 01:18:55.025 [EVENT] sock=2536 hEvent=000009A4 events=0x0
2026-10-03 01:18:55.025 [EVENT] sock=2536 hEvent=000009A4 events=0x21
2026-10-03 01:19:00.322 [SETTLE] exp=2 gold=199367 len=393
2026-10-03 01:19:04.645 [EVENT] sock=2536 hEvent=000009A4 events=0x0
2026-10-03 01:19:04.646 [EVENT] sock=2536 hEvent=000009A4 events=0x21
2026-10-03 01:19:05.629 [EVENT] sock=2536 hEvent=000009A4 events=0x0
2026-10-03 01:19:05.629 [EVENT] sock=2536 hEvent=000009A4 events=0x21
2026-10-03 01:19:07.864 [EVENT] sock=2536 hEvent=000009A4 events=0x0
2026-10-03 01:19:07.864 [EVENT] sock=2536 hEvent=000009A4 events=0x21
2026-10-03 01:19:08.026 [EVENT] sock=2732 hEvent=00000A90 events=0x0
2026-10-03 01:19:08.026 [EVENT] sock=2732 hEvent=00000A90 events=0x21
2026-10-03 01:19:08.163 [EVENT] sock=2536 hEvent=000009A4 events=0x0
2026-10-03 01:19:08.163 [EVENT] sock=2536 hEvent=000009A4 events=0x21
2026-10-03 01:19:14.751 [EVENT] sock=2536 hEvent=000009A4 events=0x0
2026-10-03 01:19:14.751 [EVENT] sock=2536 hEvent=000009A4 events=0x21
2026-10-03 01:19:24.814 [EVENT] sock=2536 hEvent=000009A4 events=0x0
2026-10-03 01:19:24.814 [EVENT] sock=2536 hEvent=000009A4 events=0x21
2026-10-03 01:19:31.781 [SETTLE] exp=1 gold=199367 len=393
2026-10-03 01:19:35.760 [EVENT] sock=2536 hEvent=000009A4 events=0x0
2026-10-03 01:19:35.760 [HB-OUT] op=0001 #2 len=4 sock=2536
2026-10-03 01:19:35.760 [EVENT] sock=2536 hEvent=000009A4 events=0x21
2026-10-03 01:19:35.974 [EVENT] sock=2536 hEvent=000009A4 events=0x0
2026-10-03 01:19:35.974 [EVENT] sock=2536 hEvent=000009A4 events=0x21
2026-10-03 01:19:36.963 [EVENT] sock=2536 hEvent=000009A4 events=0x0
2026-10-03 01:19:36.963 [EVENT] sock=2536 hEvent=000009A4 events=0x21
2026-10-03 01:19:38.027 [EVENT] sock=2732 hEvent=00000A90 events=0x0
2026-10-03 01:19:38.027 [EVENT] sock=2732 hEvent=00000A90 events=0x21
2026-10-03 01:19:39.262 [EVENT] sock=2536 hEvent=000009A4 events=0x0
2026-10-03 01:19:39.262 [EVENT] sock=2536 hEvent=000009A4 events=0x21
2026-10-03 01:19:39.565 [EVENT] sock=2536 hEvent=000009A4 events=0x0
2026-10-03 01:19:39.566 [EVENT] sock=2536 hEvent=000009A4 events=0x21
2026-10-03 01:19:46.109 [EVENT] sock=2536 hEvent=000009A4 events=0x0
2026-10-03 01:19:46.109 [EVENT] sock=2536 hEvent=000009A4 events=0x21
2026-10-03 01:19:56.158 [EVENT] sock=2536 hEvent=000009A4 events=0x0
2026-10-03 01:19:56.158 [EVENT] sock=2536 hEvent=000009A4 events=0x21
2026-10-03 01:19:57.389 [SETTLE] exp=1 gold=199367 len=393
2026-10-03 01:20:02.886 [EVENT] sock=2536 hEvent=000009A4 events=0x0
2026-10-03 01:20:02.886 [EVENT] sock=2536 hEvent=000009A4 events=0x21
2026-10-03 01:20:03.821 [EVENT] sock=2536 hEvent=000009A4 events=0x0
2026-10-03 01:20:03.821 [EVENT] sock=2536 hEvent=000009A4 events=0x21
2026-10-03 01:20:06.031 [EVENT] sock=2536 hEvent=000009A4 events=0x0
2026-10-03 01:20:06.031 [EVENT] sock=2536 hEvent=000009A4 events=0x21
2026-10-03 01:20:06.435 [EVENT] sock=2536 hEvent=000009A4 events=0x0
2026-10-03 01:20:06.435 [EVENT] sock=2536 hEvent=000009A4 events=0x21
2026-10-03 01:20:08.028 [EVENT] sock=2732 hEvent=00000A90 events=0x0
2026-10-03 01:20:08.028 [EVENT] sock=2732 hEvent=00000A90 events=0x21
2026-10-03 01:20:12.990 [EVENT] sock=2536 hEvent=000009A4 events=0x0
2026-10-03 01:20:12.990 [EVENT] sock=2536 hEvent=000009A4 events=0x21
2026-10-03 01:20:20.221 [SETTLE] exp=1 gold=199367 len=393
2026-10-03 01:20:28.392 [EVENT] sock=2536 hEvent=000009A4 events=0x0
2026-10-03 01:20:28.393 [EVENT] sock=2536 hEvent=000009A4 events=0x21
2026-10-03 01:20:29.380 [EVENT] sock=2536 hEvent=000009A4 events=0x0
2026-10-03 01:20:29.380 [EVENT] sock=2536 hEvent=000009A4 events=0x21
2026-10-03 01:20:31.623 [EVENT] sock=2536 hEvent=000009A4 events=0x0
2026-10-03 01:20:31.623 [EVENT] sock=2536 hEvent=000009A4 events=0x21
2026-10-03 01:20:32.011 [EVENT] sock=2536 hEvent=000009A4 events=0x0
2026-10-03 01:20:32.011 [EVENT] sock=2536 hEvent=000009A4 events=0x21
2026-10-03 01:20:38.029 [EVENT] sock=2732 hEvent=00000A90 events=0x0
2026-10-03 01:20:38.040 [EVENT] sock=2732 hEvent=00000A90 events=0x21
2026-10-03 01:20:38.531 [EVENT] sock=2536 hEvent=000009A4 events=0x0
2026-10-03 01:20:38.531 [EVENT] sock=2536 hEvent=000009A4 events=0x21
2026-10-03 01:20:46.695 [SETTLE] exp=1 gold=199367 len=403
2026-10-03 01:20:48.714 [EVENT] sock=2536 hEvent=000009A4 events=0x0
2026-10-03 01:20:48.716 [EVENT] sock=2536 hEvent=000009A4 events=0x21
2026-10-03 01:20:53.940 [EVENT] sock=2536 hEvent=000009A4 events=0x0
2026-10-03 01:20:53.940 [EVENT] sock=2536 hEvent=000009A4 events=0x21
2026-10-03 01:20:54.868 [EVENT] sock=2536 hEvent=000009A4 events=0x0
2026-10-03 01:20:54.868 [EVENT] sock=2536 hEvent=000009A4 events=0x21
2026-10-03 01:20:57.142 [EVENT] sock=2536 hEvent=000009A4 events=0x0
2026-10-03 01:20:57.142 [EVENT] sock=2536 hEvent=000009A4 events=0x21
2026-10-03 01:20:57.449 [EVENT] sock=2536 hEvent=000009A4 events=0x0
2026-10-03 01:20:57.449 [EVENT] sock=2536 hEvent=000009A4 events=0x21
2026-10-03 01:21:04.004 [EVENT] sock=2536 hEvent=000009A4 events=0x0
2026-10-03 01:21:04.004 [EVENT] sock=2536 hEvent=000009A4 events=0x21
2026-10-03 01:21:08.040 [EVENT] sock=2732 hEvent=00000A90 events=0x0
2026-10-03 01:21:08.040 [EVENT] sock=2732 hEvent=00000A90 events=0x21
2026-10-03 01:21:14.217 [EVENT] sock=2536 hEvent=000009A4 events=0x0
2026-10-03 01:21:14.217 [EVENT] sock=2536 hEvent=000009A4 events=0x21
2026-10-03 01:21:18.063 [SETTLE] exp=1 gold=199367 len=393
2026-10-03 01:21:20.075 [EVENT] sock=2536 hEvent=000009A4 events=0x0
2026-10-03 01:21:20.075 [EVENT] sock=2536 hEvent=000009A4 events=0x21
2026-10-03 01:21:28.103 [EVENT] sock=2536 hEvent=000009A4 events=0x0
2026-10-03 01:21:28.103 [EVENT] sock=2536 hEvent=000009A4 events=0x21
2026-10-03 01:21:38.041 [EVENT] sock=2732 hEvent=00000A90 events=0x0
2026-10-03 01:21:38.041 [EVENT] sock=2732 hEvent=00000A90 events=0x21
2026-10-03 01:21:38.158 [EVENT] sock=2536 hEvent=000009A4 events=0x0
2026-10-03 01:21:38.158 [EVENT] sock=2536 hEvent=000009A4 events=0x21
2026-10-03 01:21:49.675 [EVENT] sock=2536 hEvent=000009A4 events=0x0
2026-10-03 01:21:49.677 [EVENT] sock=2536 hEvent=000009A4 events=0x21
2026-10-03 01:21:50.794 [EVENT] sock=2536 hEvent=000009A4 events=0x0
2026-10-03 01:21:50.794 [EVENT] sock=2536 hEvent=000009A4 events=0x21
2026-10-03 01:21:53.041 [EVENT] sock=2536 hEvent=000009A4 events=0x0
2026-10-03 01:21:53.042 [EVENT] sock=2536 hEvent=000009A4 events=0x21
2026-10-03 01:21:53.296 [EVENT] sock=2536 hEvent=000009A4 events=0x0
2026-10-03 01:21:53.297 [EVENT] sock=2536 hEvent=000009A4 events=0x21
2026-10-03 01:21:53.444 [EVENT] sock=2536 hEvent=000009A4 events=0x0
2026-10-03 01:21:53.444 [EVENT] sock=2536 hEvent=000009A4 events=0x21
2026-10-03 01:21:59.812 [EVENT] sock=2536 hEvent=000009A4 events=0x0
2026-10-03 01:21:59.813 [EVENT] sock=2536 hEvent=000009A4 events=0x21
2026-10-03 01:22:08.042 [EVENT] sock=2732 hEvent=00000A90 events=0x0
2026-10-03 01:22:08.042 [EVENT] sock=2732 hEvent=00000A90 events=0x21
2026-10-03 01:22:09.929 [EVENT] sock=2536 hEvent=000009A4 events=0x0
2026-10-03 01:22:09.929 [EVENT] sock=2536 hEvent=000009A4 events=0x21
2026-10-03 01:22:09.954 [SETTLE] exp=1 gold=199367 len=393
2026-10-03 01:22:17.230 [EVENT] sock=2536 hEvent=000009A4 events=0x0
2026-10-03 01:22:17.230 [EVENT] sock=2536 hEvent=000009A4 events=0x21
2026-10-03 01:22:18.207 [EVENT] sock=2536 hEvent=000009A4 events=0x0
2026-10-03 01:22:18.207 [EVENT] sock=2536 hEvent=000009A4 events=0x21
2026-10-03 01:22:20.386 [EVENT] sock=2536 hEvent=000009A4 events=0x0
2026-10-03 01:22:20.386 [EVENT] sock=2536 hEvent=000009A4 events=0x21
2026-10-03 01:22:20.656 [EVENT] sock=2536 hEvent=000009A4 events=0x0
2026-10-03 01:22:20.656 [EVENT] sock=2536 hEvent=000009A4 events=0x21
2026-10-03 01:22:27.297 [EVENT] sock=2536 hEvent=000009A4 events=0x0
2026-10-03 01:22:27.297 [EVENT] sock=2536 hEvent=000009A4 events=0x21
2026-10-03 01:22:37.360 [EVENT] sock=2536 hEvent=000009A4 events=0x0
2026-10-03 01:22:37.361 [EVENT] sock=2536 hEvent=000009A4 events=0x21
2026-10-03 01:22:38.043 [EVENT] sock=2732 hEvent=00000A90 events=0x0
2026-10-03 01:22:38.043 [EVENT] sock=2732 hEvent=00000A90 events=0x21
2026-10-03 01:22:42.912 [SETTLE] exp=1 gold=199367 len=413
2026-10-03 01:22:43.013 [OP] 46E0 inv=FDF7 len=520 #2 41cdfc0b6ffaa32b5207c464580bdcfa68121f80e955add09a5b7d351f804864510bdcfa9c1d24108a55add0815b7d353078df61510bdcfa3d7fbbce09a457ec1dbec4c4842b9c7f2525bac49c1d24101c64510b78e03fce29ccdfdf11aebb7f4fc4b8ef9564510b155a4e7869489c7fced62dc44e78c8d980b3add0489bc453bcb1d305c0fb62ae4fc4b8ef7860daec90faa32b29805b64510bdcfaf82b1f80
2026-10-03 01:22:43.631 [EVENT] sock=2536 hEvent=000009A4 events=0x0
2026-10-03 01:22:43.631 [OUT] 0048 inv=FFF7 len=12 #1 f7ff4800dcfaa32b1f039564
2026-10-03 01:22:43.631 [EVENT] sock=2536 hEvent=000009A4 events=0x21
2026-10-03 01:22:43.832 [OP] 4721 inv=FFF7 len=8 #1 74c2392b1f039564
2026-10-03 01:22:49.190 [EVENT] sock=2536 hEvent=000009A4 events=0x0
2026-10-03 01:22:49.190 [EVENT] sock=2536 hEvent=000009A4 events=0x21
2026-10-03 01:22:50.140 [EVENT] sock=2536 hEvent=000009A4 events=0x0
2026-10-03 01:22:50.140 [EVENT] sock=2536 hEvent=000009A4 events=0x21
2026-10-03 01:22:52.479 [EVENT] sock=2536 hEvent=000009A4 events=0x0
2026-10-03 01:22:52.480 [EVENT] sock=2536 hEvent=000009A4 events=0x21
2026-10-03 01:22:52.670 [EVENT] sock=2536 hEvent=000009A4 events=0x0
2026-10-03 01:22:52.670 [EVENT] sock=2536 hEvent=000009A4 events=0x21
2026-10-03 01:22:59.247 [EVENT] sock=2536 hEvent=000009A4 events=0x0
2026-10-03 01:22:59.248 [EVENT] sock=2536 hEvent=000009A4 events=0x21
2026-10-03 01:23:08.043 [EVENT] sock=2732 hEvent=00000A90 events=0x0
2026-10-03 01:23:08.043 [EVENT] sock=2732 hEvent=00000A90 events=0x21
2026-10-03 01:23:09.298 [EVENT] sock=2536 hEvent=000009A4 events=0x0
2026-10-03 01:23:09.298 [EVENT] sock=2536 hEvent=000009A4 events=0x21
2026-10-03 01:23:11.863 [SETTLE] exp=2 gold=199367 len=403
2026-10-03 01:23:13.876 [EVENT] sock=2536 hEvent=000009A4 events=0x0
2026-10-03 01:23:13.878 [EVENT] sock=2536 hEvent=000009A4 events=0x21
2026-10-03 01:23:16.041 [EVENT] sock=2536 hEvent=000009A4 events=0x0
2026-10-03 01:23:16.041 [EVENT] sock=2536 hEvent=000009A4 events=0x21
2026-10-03 01:23:17.029 [EVENT] sock=2536 hEvent=000009A4 events=0x0
2026-10-03 01:23:17.030 [EVENT] sock=2536 hEvent=000009A4 events=0x21
2026-10-03 01:23:19.334 [EVENT] sock=2536 hEvent=000009A4 events=0x0
2026-10-03 01:23:19.334 [EVENT] sock=2536 hEvent=000009A4 events=0x21
2026-10-03 01:23:19.539 [EVENT] sock=2536 hEvent=000009A4 events=0x0
2026-10-03 01:23:19.539 [EVENT] sock=2536 hEvent=000009A4 events=0x21
2026-10-03 01:23:26.124 [EVENT] sock=2536 hEvent=000009A4 events=0x0
2026-10-03 01:23:26.124 [EVENT] sock=2536 hEvent=000009A4 events=0x21
2026-10-03 01:23:36.171 [EVENT] sock=2536 hEvent=000009A4 events=0x0
2026-10-03 01:23:36.172 [EVENT] sock=2536 hEvent=000009A4 events=0x21
2026-10-03 01:23:37.989 [SETTLE] exp=2 gold=199367 len=393
2026-10-03 01:23:38.043 [EVENT] sock=2732 hEvent=00000A90 events=0x0
2026-10-03 01:23:38.043 [EVENT] sock=2732 hEvent=00000A90 events=0x21
2026-10-03 01:23:45.180 [EVENT] sock=2536 hEvent=000009A4 events=0x0
2026-10-03 01:23:45.181 [EVENT] sock=2536 hEvent=000009A4 events=0x21
2026-10-03 01:23:46.154 [EVENT] sock=2536 hEvent=000009A4 events=0x0
2026-10-03 01:23:46.154 [EVENT] sock=2536 hEvent=000009A4 events=0x21
2026-10-03 01:23:48.400 [EVENT] sock=2536 hEvent=000009A4 events=0x0
2026-10-03 01:23:48.400 [EVENT] sock=2536 hEvent=000009A4 events=0x21
2026-10-03 01:23:48.715 [EVENT] sock=2536 hEvent=000009A4 events=0x0
2026-10-03 01:23:48.715 [EVENT] sock=2536 hEvent=000009A4 events=0x21
2026-10-03 01:23:55.244 [EVENT] sock=2536 hEvent=000009A4 events=0x0
2026-10-03 01:23:55.244 [EVENT] sock=2536 hEvent=000009A4 events=0x21
2026-10-03 01:24:05.302 [EVENT] sock=2536 hEvent=000009A4 events=0x0
2026-10-03 01:24:05.304 [EVENT] sock=2536 hEvent=000009A4 events=0x21
2026-10-03 01:24:07.833 [SETTLE] exp=1 gold=199367 len=393
2026-10-03 01:24:08.044 [EVENT] sock=2732 hEvent=00000A90 events=0x0
2026-10-03 01:24:08.044 [EVENT] sock=2732 hEvent=00000A90 events=0x21
2026-10-03 01:24:09.865 [EVENT] sock=2536 hEvent=000009A4 events=0x0
2026-10-03 01:24:09.866 [EVENT] sock=2536 hEvent=000009A4 events=0x21
2026-10-03 01:24:14.215 [EVENT] sock=2536 hEvent=000009A4 events=0x0
2026-10-03 01:24:14.216 [EVENT] sock=2536 hEvent=000009A4 events=0x21
2026-10-03 01:24:15.156 [EVENT] sock=2536 hEvent=000009A4 events=0x0
2026-10-03 01:24:15.156 [EVENT] sock=2536 hEvent=000009A4 events=0x21
2026-10-03 01:24:17.301 [EVENT] sock=2536 hEvent=000009A4 events=0x0
2026-10-03 01:24:17.301 [EVENT] sock=2536 hEvent=000009A4 events=0x21
2026-10-03 01:24:17.606 [EVENT] sock=2536 hEvent=000009A4 events=0x0
2026-10-03 01:24:17.606 [EVENT] sock=2536 hEvent=000009A4 events=0x21
2026-10-03 01:24:24.272 [EVENT] sock=2536 hEvent=000009A4 events=0x0
2026-10-03 01:24:24.273 [EVENT] sock=2536 hEvent=000009A4 events=0x21
2026-10-03 01:24:34.331 [EVENT] sock=2536 hEvent=000009A4 events=0x0
2026-10-03 01:24:34.331 [EVENT] sock=2536 hEvent=000009A4 events=0x21
2026-10-03 01:24:34.813 [SETTLE] exp=1 gold=199367 len=403
2026-10-03 01:24:38.046 [EVENT] sock=2732 hEvent=00000A90 events=0x0
2026-10-03 01:24:38.047 [EVENT] sock=2732 hEvent=00000A90 events=0x21
2026-10-03 01:24:39.996 [EVENT] sock=2536 hEvent=000009A4 events=0x0
2026-10-03 01:24:39.996 [EVENT] sock=2536 hEvent=000009A4 events=0x21
2026-10-03 01:24:40.981 [EVENT] sock=2536 hEvent=000009A4 events=0x0
2026-10-03 01:24:40.981 [EVENT] sock=2536 hEvent=000009A4 events=0x21
2026-10-03 01:24:43.281 [EVENT] sock=2536 hEvent=000009A4 events=0x0
2026-10-03 01:24:43.282 [EVENT] sock=2536 hEvent=000009A4 events=0x21
2026-10-03 01:24:43.620 [EVENT] sock=2536 hEvent=000009A4 events=0x0
2026-10-03 01:24:43.620 [EVENT] sock=2536 hEvent=000009A4 events=0x21
2026-10-03 01:24:50.126 [EVENT] sock=2536 hEvent=000009A4 events=0x0
2026-10-03 01:24:50.126 [EVENT] sock=2536 hEvent=000009A4 events=0x21
2026-10-03 01:25:00.174 [EVENT] sock=2536 hEvent=000009A4 events=0x0
2026-10-03 01:25:00.175 [EVENT] sock=2536 hEvent=000009A4 events=0x21
2026-10-03 01:25:05.982 [SETTLE] exp=2 gold=199367 len=393
2026-10-03 01:25:08.048 [EVENT] sock=2732 hEvent=00000A90 events=0x0
2026-10-03 01:25:08.048 [EVENT] sock=2732 hEvent=00000A90 events=0x21
2026-10-03 01:25:10.174 [EVENT] sock=2536 hEvent=000009A4 events=0x0
2026-10-03 01:25:10.174 [EVENT] sock=2536 hEvent=000009A4 events=0x21
2026-10-03 01:25:11.147 [EVENT] sock=2536 hEvent=000009A4 events=0x0
2026-10-03 01:25:11.147 [EVENT] sock=2536 hEvent=000009A4 events=0x21
2026-10-03 01:25:13.458 [EVENT] sock=2536 hEvent=000009A4 events=0x0
2026-10-03 01:25:13.458 [EVENT] sock=2536 hEvent=000009A4 events=0x21
2026-10-03 01:25:13.907 [EVENT] sock=2536 hEvent=000009A4 events=0x0
2026-10-03 01:25:13.909 [EVENT] sock=2536 hEvent=000009A4 events=0x21
2026-10-03 01:25:20.229 [EVENT] sock=2536 hEvent=000009A4 events=0x0
2026-10-03 01:25:20.230 [EVENT] sock=2536 hEvent=000009A4 events=0x21
2026-10-03 01:25:30.316 [EVENT] sock=2536 hEvent=000009A4 events=0x0
2026-10-03 01:25:30.317 [EVENT] sock=2536 hEvent=000009A4 events=0x21
2026-10-03 01:25:31.979 [SETTLE] exp=1 gold=199367 len=393
2026-10-03 01:25:34.010 [EVENT] sock=2536 hEvent=000009A4 events=0x0
2026-10-03 01:25:34.010 [EVENT] sock=2536 hEvent=000009A4 events=0x21
2026-10-03 01:25:38.048 [EVENT] sock=2732 hEvent=00000A90 events=0x0
2026-10-03 01:25:38.048 [EVENT] sock=2732 hEvent=00000A90 events=0x21
2026-10-03 01:25:38.215 [EVENT] sock=2536 hEvent=000009A4 events=0x0
2026-10-03 01:25:38.216 [EVENT] sock=2536 hEvent=000009A4 events=0x21
2026-10-03 01:25:39.182 [EVENT] sock=2536 hEvent=000009A4 events=0x0
2026-10-03 01:25:39.182 [EVENT] sock=2536 hEvent=000009A4 events=0x21
2026-10-03 01:25:41.769 [EVENT] sock=2536 hEvent=000009A4 events=0x0
2026-10-03 01:25:41.769 [EVENT] sock=2536 hEvent=000009A4 events=0x21
2026-10-03 01:25:41.952 [EVENT] sock=2536 hEvent=000009A4 events=0x0
2026-10-03 01:25:41.952 [EVENT] sock=2536 hEvent=000009A4 events=0x21
2026-10-03 01:25:42.184 [EVENT] sock=2536 hEvent=000009A4 events=0x0
2026-10-03 01:25:42.184 [EVENT] sock=2536 hEvent=000009A4 events=0x21
2026-10-03 01:25:48.441 [EVENT] sock=2536 hEvent=000009A4 events=0x0
2026-10-03 01:25:48.441 [EVENT] sock=2536 hEvent=000009A4 events=0x21
2026-10-03 01:25:53.825 [SETTLE] exp=2 gold=199367 len=393
2026-10-03 01:25:59.021 [EVENT] sock=2536 hEvent=000009A4 events=0x0
2026-10-03 01:25:59.021 [EVENT] sock=2536 hEvent=000009A4 events=0x21
2026-10-03 01:25:59.991 [EVENT] sock=2536 hEvent=000009A4 events=0x0
2026-10-03 01:25:59.991 [EVENT] sock=2536 hEvent=000009A4 events=0x21
2026-10-03 01:26:02.317 [EVENT] sock=2536 hEvent=000009A4 events=0x0
2026-10-03 01:26:02.317 [EVENT] sock=2536 hEvent=000009A4 events=0x21
2026-10-03 01:26:02.618 [EVENT] sock=2536 hEvent=000009A4 events=0x0
2026-10-03 01:26:02.618 [EVENT] sock=2536 hEvent=000009A4 events=0x21
2026-10-03 01:26:08.049 [EVENT] sock=2732 hEvent=00000A90 events=0x0
2026-10-03 01:26:08.049 [EVENT] sock=2732 hEvent=00000A90 events=0x21
2026-10-03 01:26:09.070 [EVENT] sock=2536 hEvent=000009A4 events=0x0
2026-10-03 01:26:09.070 [EVENT] sock=2536 hEvent=000009A4 events=0x21
2026-10-03 01:26:19.134 [EVENT] sock=2536 hEvent=000009A4 events=0x0
2026-10-03 01:26:19.134 [EVENT] sock=2536 hEvent=000009A4 events=0x21
2026-10-03 01:26:23.940 [SETTLE] exp=2 gold=199367 len=403
2026-10-03 01:26:29.405 [EVENT] sock=2536 hEvent=000009A4 events=0x0
2026-10-03 01:26:29.405 [EVENT] sock=2536 hEvent=000009A4 events=0x21
2026-10-03 01:26:30.344 [EVENT] sock=2536 hEvent=000009A4 events=0x0
2026-10-03 01:26:30.346 [EVENT] sock=2536 hEvent=000009A4 events=0x21
2026-10-03 01:26:32.598 [EVENT] sock=2536 hEvent=000009A4 events=0x0
2026-10-03 01:26:32.599 [EVENT] sock=2536 hEvent=000009A4 events=0x21
2026-10-03 01:26:32.798 [EVENT] sock=2536 hEvent=000009A4 events=0x0
2026-10-03 01:26:32.798 [EVENT] sock=2536 hEvent=000009A4 events=0x21
2026-10-03 01:26:38.050 [EVENT] sock=2732 hEvent=00000A90 events=0x0
2026-10-03 01:26:38.050 [EVENT] sock=2732 hEvent=00000A90 events=0x21
2026-10-03 01:26:39.475 [EVENT] sock=2536 hEvent=000009A4 events=0x0
2026-10-03 01:26:39.476 [EVENT] sock=2536 hEvent=000009A4 events=0x21
2026-10-03 01:26:49.536 [EVENT] sock=2536 hEvent=000009A4 events=0x0
2026-10-03 01:26:49.536 [EVENT] sock=2536 hEvent=000009A4 events=0x21
2026-10-03 01:26:52.047 [SETTLE] exp=2 gold=199367 len=393
2026-10-03 01:26:54.070 [EVENT] sock=2536 hEvent=000009A4 events=0x0
2026-10-03 01:26:54.071 [EVENT] sock=2536 hEvent=000009A4 events=0x21
2026-10-03 01:26:55.228 [EVENT] sock=2536 hEvent=000009A4 events=0x0
2026-10-03 01:26:55.228 [EVENT] sock=2536 hEvent=000009A4 events=0x21
2026-10-03 01:26:56.219 [EVENT] sock=2536 hEvent=000009A4 events=0x0
2026-10-03 01:26:56.229 [EVENT] sock=2536 hEvent=000009A4 events=0x21
2026-10-03 01:26:58.461 [EVENT] sock=2536 hEvent=000009A4 events=0x0
2026-10-03 01:26:58.461 [EVENT] sock=2536 hEvent=000009A4 events=0x21
2026-10-03 01:26:58.760 [EVENT] sock=2536 hEvent=000009A4 events=0x0
2026-10-03 01:26:58.760 [EVENT] sock=2536 hEvent=000009A4 events=0x21
2026-10-03 01:27:05.348 [EVENT] sock=2536 hEvent=000009A4 events=0x0
2026-10-03 01:27:05.348 [EVENT] sock=2536 hEvent=000009A4 events=0x21
2026-10-03 01:27:08.051 [EVENT] sock=2732 hEvent=00000A90 events=0x0
2026-10-03 01:27:08.052 [EVENT] sock=2732 hEvent=00000A90 events=0x21
2026-10-03 01:27:15.403 [EVENT] sock=2536 hEvent=000009A4 events=0x0
2026-10-03 01:27:15.403 [EVENT] sock=2536 hEvent=000009A4 events=0x21
2026-10-03 01:27:16.465 [SETTLE] exp=1 gold=199367 len=393
2026-10-03 01:27:18.480 [EVENT] sock=2536 hEvent=000009A4 events=0x0
2026-10-03 01:27:18.481 [EVENT] sock=2536 hEvent=000009A4 events=0x21
2026-10-03 01:27:24.773 [EVENT] sock=2536 hEvent=000009A4 events=0x0
2026-10-03 01:27:24.774 [EVENT] sock=2536 hEvent=000009A4 events=0x21
2026-10-03 01:27:25.759 [EVENT] sock=2536 hEvent=000009A4 events=0x0
2026-10-03 01:27:25.759 [EVENT] sock=2536 hEvent=000009A4 events=0x21
2026-10-03 01:27:28.064 [EVENT] sock=2536 hEvent=000009A4 events=0x0
2026-10-03 01:27:28.065 [EVENT] sock=2536 hEvent=000009A4 events=0x21
2026-10-03 01:27:28.516 [EVENT] sock=2536 hEvent=000009A4 events=0x0
2026-10-03 01:27:28.516 [EVENT] sock=2536 hEvent=000009A4 events=0x21
2026-10-03 01:27:34.879 [EVENT] sock=2536 hEvent=000009A4 events=0x0
2026-10-03 01:27:34.880 [EVENT] sock=2536 hEvent=000009A4 events=0x21
2026-10-03 01:27:38.052 [EVENT] sock=2732 hEvent=00000A90 events=0x0
2026-10-03 01:27:38.052 [EVENT] sock=2732 hEvent=00000A90 events=0x21
2026-10-03 01:27:44.927 [EVENT] sock=2536 hEvent=000009A4 events=0x0
2026-10-03 01:27:44.927 [EVENT] sock=2536 hEvent=000009A4 events=0x21
2026-10-03 01:27:48.068 [SETTLE] exp=2 gold=199367 len=393
2026-10-03 01:27:55.251 [EVENT] sock=2536 hEvent=000009A4 events=0x0
2026-10-03 01:27:55.251 [EVENT] sock=2536 hEvent=000009A4 events=0x21
2026-10-03 01:27:56.223 [EVENT] sock=2536 hEvent=000009A4 events=0x0
2026-10-03 01:27:56.223 [EVENT] sock=2536 hEvent=000009A4 events=0x21
2026-10-03 01:27:58.666 [EVENT] sock=2536 hEvent=000009A4 events=0x0
2026-10-03 01:27:58.666 [EVENT] sock=2536 hEvent=000009A4 events=0x21
2026-10-03 01:27:58.862 [EVENT] sock=2536 hEvent=000009A4 events=0x0
2026-10-03 01:27:58.862 [EVENT] sock=2536 hEvent=000009A4 events=0x21
2026-10-03 01:28:05.378 [EVENT] sock=2536 hEvent=000009A4 events=0x0
2026-10-03 01:28:05.378 [EVENT] sock=2536 hEvent=000009A4 events=0x21
2026-10-03 01:28:08.054 [EVENT] sock=2732 hEvent=00000A90 events=0x0
2026-10-03 01:28:08.055 [EVENT] sock=2732 hEvent=00000A90 events=0x21
2026-10-03 01:28:09.339 [SETTLE] exp=1 gold=199367 len=393
2026-10-03 01:28:14.587 [EVENT] sock=2536 hEvent=000009A4 events=0x0
2026-10-03 01:28:14.589 [EVENT] sock=2536 hEvent=000009A4 events=0x21
2026-10-03 01:28:15.574 [EVENT] sock=2536 hEvent=000009A4 events=0x0
2026-10-03 01:28:15.574 [EVENT] sock=2536 hEvent=000009A4 events=0x21
2026-10-03 01:28:17.828 [EVENT] sock=2536 hEvent=000009A4 events=0x0
2026-10-03 01:28:17.828 [EVENT] sock=2536 hEvent=000009A4 events=0x21
2026-10-03 01:28:18.118 [EVENT] sock=2536 hEvent=000009A4 events=0x0
2026-10-03 01:28:18.128 [EVENT] sock=2536 hEvent=000009A4 events=0x21
2026-10-03 01:28:24.698 [EVENT] sock=2536 hEvent=000009A4 events=0x0
2026-10-03 01:28:24.699 [EVENT] sock=2536 hEvent=000009A4 events=0x21
2026-10-03 01:28:34.756 [EVENT] sock=2536 hEvent=000009A4 events=0x0
2026-10-03 01:28:34.756 [EVENT] sock=2536 hEvent=000009A4 events=0x21
2026-10-03 01:28:38.055 [EVENT] sock=2732 hEvent=00000A90 events=0x0
2026-10-03 01:28:38.055 [EVENT] sock=2732 hEvent=00000A90 events=0x21
2026-10-03 01:28:42.830 [SETTLE] exp=1 gold=199367 len=393
2026-10-03 01:28:47.008 [EVENT] sock=2536 hEvent=000009A4 events=0x0
2026-10-03 01:28:47.009 [EVENT] sock=2536 hEvent=000009A4 events=0x21
2026-10-03 01:28:47.998 [EVENT] sock=2536 hEvent=000009A4 events=0x0
2026-10-03 01:28:47.998 [EVENT] sock=2536 hEvent=000009A4 events=0x21
2026-10-03 01:28:50.322 [EVENT] sock=2536 hEvent=000009A4 events=0x0
2026-10-03 01:28:50.322 [EVENT] sock=2536 hEvent=000009A4 events=0x21
2026-10-03 01:28:50.790 [EVENT] sock=2536 hEvent=000009A4 events=0x0
2026-10-03 01:28:50.790 [EVENT] sock=2536 hEvent=000009A4 events=0x21
2026-10-03 01:28:57.114 [EVENT] sock=2536 hEvent=000009A4 events=0x0
2026-10-03 01:28:57.114 [EVENT] sock=2536 hEvent=000009A4 events=0x21
2026-10-03 01:29:03.965 [SETTLE] exp=2 gold=199367 len=393
2026-10-03 01:29:08.056 [EVENT] sock=2732 hEvent=00000A90 events=0x0
2026-10-03 01:29:08.056 [EVENT] sock=2732 hEvent=00000A90 events=0x21
2026-10-03 01:29:12.181 [EVENT] sock=2536 hEvent=000009A4 events=0x0
2026-10-03 01:29:12.183 [EVENT] sock=2536 hEvent=000009A4 events=0x21
2026-10-03 01:29:13.138 [EVENT] sock=2536 hEvent=000009A4 events=0x0
2026-10-03 01:29:13.139 [EVENT] sock=2536 hEvent=000009A4 events=0x21
2026-10-03 01:29:15.392 [EVENT] sock=2536 hEvent=000009A4 events=0x0
2026-10-03 01:29:15.392 [EVENT] sock=2536 hEvent=000009A4 events=0x21
2026-10-03 01:29:15.701 [EVENT] sock=2536 hEvent=000009A4 events=0x0
2026-10-03 01:29:15.701 [EVENT] sock=2536 hEvent=000009A4 events=0x21
2026-10-03 01:29:17.310 [EVENT] sock=2536 hEvent=000009A4 events=0x0
2026-10-03 01:29:17.311 [EVENT] sock=2536 hEvent=000009A4 events=0x21
2026-10-03 01:29:22.245 [EVENT] sock=2536 hEvent=000009A4 events=0x0
2026-10-03 01:29:22.246 [EVENT] sock=2536 hEvent=000009A4 events=0x21
2026-10-03 01:29:32.302 [EVENT] sock=2536 hEvent=000009A4 events=0x0
2026-10-03 01:29:32.302 [EVENT] sock=2536 hEvent=000009A4 events=0x21
2026-10-03 01:29:33.489 [SETTLE] exp=2 gold=199367 len=393
2026-10-03 01:29:35.507 [EVENT] sock=2536 hEvent=000009A4 events=0x0
2026-10-03 01:29:35.508 [EVENT] sock=2536 hEvent=000009A4 events=0x21
2026-10-03 01:29:38.058 [EVENT] sock=2732 hEvent=00000A90 events=0x0
2026-10-03 01:29:38.058 [EVENT] sock=2732 hEvent=00000A90 events=0x21
2026-10-03 01:29:39.684 [EVENT] sock=2536 hEvent=000009A4 events=0x0
2026-10-03 01:29:39.684 [EVENT] sock=2536 hEvent=000009A4 events=0x21
2026-10-03 01:29:40.657 [EVENT] sock=2536 hEvent=000009A4 events=0x0
2026-10-03 01:29:40.657 [EVENT] sock=2536 hEvent=000009A4 events=0x21
2026-10-03 01:29:43.088 [EVENT] sock=2536 hEvent=000009A4 events=0x0
2026-10-03 01:29:43.089 [EVENT] sock=2536 hEvent=000009A4 events=0x21
2026-10-03 01:29:43.472 [EVENT] sock=2536 hEvent=000009A4 events=0x0
2026-10-03 01:29:43.473 [EVENT] sock=2536 hEvent=000009A4 events=0x21
2026-10-03 01:29:49.791 [EVENT] sock=2536 hEvent=000009A4 events=0x0
2026-10-03 01:29:49.792 [EVENT] sock=2536 hEvent=000009A4 events=0x21
2026-10-03 01:29:53.896 [OP] 46E0 inv=FDF7 len=520 #3 41cdfc0b6ffaa32bb907c464580bdcfa534d1f80b038c61552faa32bd62f8823437a66c0b13fc47966b22b0bdcfae02b1f802a64510bdcfadb2b56ce4bacaf0b815b7d358b77b908510bdcfafd730dcec464b27584b6b42bdf3f897fbd8dbac43d46a4802764510bdc08a32ba8e22bcd490bdcfaa953294f0b472b0b6e10e02b69e59bf1ddcf8efaa32b1f808a8c8ad08b006b2b183f897f1d4ad49995a86d80
2026-10-03 01:29:53.990 [SETTLE] exp=2 gold=199367 len=393
2026-10-03 01:30:00.234 [EVENT] sock=2536 hEvent=000009A4 events=0x0
2026-10-03 01:30:00.234 [EVENT] sock=2536 hEvent=000009A4 events=0x21
2026-10-03 01:30:01.198 [EVENT] sock=2536 hEvent=000009A4 events=0x0
2026-10-03 01:30:01.198 [EVENT] sock=2536 hEvent=000009A4 events=0x21
2026-10-03 01:30:03.458 [EVENT] sock=2536 hEvent=000009A4 events=0x0
2026-10-03 01:30:03.458 [EVENT] sock=2536 hEvent=000009A4 events=0x21
2026-10-03 01:30:03.761 [EVENT] sock=2536 hEvent=000009A4 events=0x0
2026-10-03 01:30:03.761 [EVENT] sock=2536 hEvent=000009A4 events=0x21
2026-10-03 01:30:06.719 [EVENT] sock=2536 hEvent=000009A4 events=0x0
2026-10-03 01:30:06.719 [EVENT] sock=2536 hEvent=000009A4 events=0x21
2026-10-03 01:30:08.059 [EVENT] sock=2732 hEvent=00000A90 events=0x0
2026-10-03 01:30:08.059 [EVENT] sock=2732 hEvent=00000A90 events=0x21
2026-10-03 01:30:10.352 [EVENT] sock=2536 hEvent=000009A4 events=0x0
2026-10-03 01:30:10.352 [EVENT] sock=2536 hEvent=000009A4 events=0x21
2026-10-03 01:30:14.134 [EVENT] sock=2536 hEvent=000009A4 events=0x0
2026-10-03 01:30:14.134 [EVENT] sock=2536 hEvent=000009A4 events=0x21
2026-10-03 01:30:20.402 [EVENT] sock=2536 hEvent=000009A4 events=0x0
2026-10-03 01:30:20.403 [EVENT] sock=2536 hEvent=000009A4 events=0x21
2026-10-03 01:30:24.478 [OP] 46E0 inv=FDF7 len=520 #4 41cdfc0b6ffaa32bb907c464580bdcfa724d1f805c641f0bf7b0db70d62f8823437a66c000b1ca8066b22b0bdcfae02bca8005cda5b08fc4db2b598095cffdece2c17513c0805b640e0b8b5b4eb834aac4640fd06f72465387562a64749541ae3d46a480ee538c0bdc08a32bad804d7f490bdcfa7ab12b4e0b472b0b6e10e02be0b9c1f1ddcf8efae60e0dce8a8c8ad00e73237c183f897f1d4ad49995a86d80
2026-10-03 01:30:24.564 [SETTLE] exp=2 gold=199367 len=393
2026-10-03 01:30:29.745 [EVENT] sock=2536 hEvent=000009A4 events=0x0
2026-10-03 01:30:29.745 [EVENT] sock=2536 hEvent=000009A4 events=0x21
2026-10-03 01:30:30.731 [EVENT] sock=2536 hEvent=000009A4 events=0x0
2026-10-03 01:30:30.731 [EVENT] sock=2536 hEvent=000009A4 events=0x21
2026-10-03 01:30:33.040 [EVENT] sock=2536 hEvent=000009A4 events=0x0
2026-10-03 01:30:33.040 [EVENT] sock=2536 hEvent=000009A4 events=0x21
2026-10-03 01:30:33.333 [EVENT] sock=2536 hEvent=000009A4 events=0x0
2026-10-03 01:30:33.333 [EVENT] sock=2536 hEvent=000009A4 events=0x21
2026-10-03 01:30:38.060 [EVENT] sock=2732 hEvent=00000A90 events=0x0
2026-10-03 01:30:38.060 [EVENT] sock=2732 hEvent=00000A90 events=0x21
2026-10-03 01:30:39.852 [EVENT] sock=2536 hEvent=000009A4 events=0x0
2026-10-03 01:30:39.852 [EVENT] sock=2536 hEvent=000009A4 events=0x21
2026-10-03 01:30:49.914 [EVENT] sock=2536 hEvent=000009A4 events=0x0
2026-10-03 01:30:49.914 [EVENT] sock=2536 hEvent=000009A4 events=0x21
2026-10-03 01:30:50.932 [SETTLE] exp=2 gold=199367 len=393
2026-10-03 01:30:52.950 [EVENT] sock=2536 hEvent=000009A4 events=0x0
2026-10-03 01:30:52.952 [EVENT] sock=2536 hEvent=000009A4 events=0x21
2026-10-03 01:30:55.144 [EVENT] sock=2536 hEvent=000009A4 events=0x0
2026-10-03 01:30:55.145 [EVENT] sock=2536 hEvent=000009A4 events=0x21
2026-10-03 01:30:56.119 [EVENT] sock=2536 hEvent=000009A4 events=0x0
2026-10-03 01:30:56.119 [EVENT] sock=2536 hEvent=000009A4 events=0x21
2026-10-03 01:30:58.414 [EVENT] sock=2536 hEvent=000009A4 events=0x0
2026-10-03 01:30:58.414 [EVENT] sock=2536 hEvent=000009A4 events=0x21
2026-10-03 01:30:58.722 [EVENT] sock=2536 hEvent=000009A4 events=0x0
2026-10-03 01:30:58.722 [EVENT] sock=2536 hEvent=000009A4 events=0x21
2026-10-03 01:31:05.204 [EVENT] sock=2536 hEvent=000009A4 events=0x0
2026-10-03 01:31:05.205 [EVENT] sock=2536 hEvent=000009A4 events=0x21
2026-10-03 01:31:08.060 [EVENT] sock=2732 hEvent=00000A90 events=0x0
2026-10-03 01:31:08.060 [EVENT] sock=2732 hEvent=00000A90 events=0x21
2026-10-03 01:31:15.256 [EVENT] sock=2536 hEvent=000009A4 events=0x0
2026-10-03 01:31:15.256 [EVENT] sock=2536 hEvent=000009A4 events=0x21
2026-10-03 01:31:23.229 [SETTLE] exp=2 gold=199367 len=393
2026-10-03 01:31:25.253 [EVENT] sock=2536 hEvent=000009A4 events=0x0
2026-10-03 01:31:25.253 [EVENT] sock=2536 hEvent=000009A4 events=0x21
2026-10-03 01:31:29.406 [EVENT] sock=2536 hEvent=000009A4 events=0x0
2026-10-03 01:31:29.406 [EVENT] sock=2536 hEvent=000009A4 events=0x21
2026-10-03 01:31:30.390 [EVENT] sock=2536 hEvent=000009A4 events=0x0
2026-10-03 01:31:30.390 [EVENT] sock=2536 hEvent=000009A4 events=0x21
2026-10-03 01:31:32.662 [EVENT] sock=2536 hEvent=000009A4 events=0x0
2026-10-03 01:31:32.662 [EVENT] sock=2536 hEvent=000009A4 events=0x21
2026-10-03 01:31:32.962 [EVENT] sock=2536 hEvent=000009A4 events=0x0
2026-10-03 01:31:32.962 [EVENT] sock=2536 hEvent=000009A4 events=0x21
2026-10-03 01:31:38.061 [EVENT] sock=2732 hEvent=00000A90 events=0x0
2026-10-03 01:31:38.061 [EVENT] sock=2732 hEvent=00000A90 events=0x21
2026-10-03 01:31:39.482 [EVENT] sock=2536 hEvent=000009A4 events=0x0
2026-10-03 01:31:39.482 [EVENT] sock=2536 hEvent=000009A4 events=0x21
2026-10-03 01:31:49.544 [EVENT] sock=2536 hEvent=000009A4 events=0x0
2026-10-03 01:31:49.544 [EVENT] sock=2536 hEvent=000009A4 events=0x21
2026-10-03 01:31:50.459 [SETTLE] exp=2 gold=199367 len=403
2026-10-03 01:31:56.637 [EVENT] sock=2536 hEvent=000009A4 events=0x0
2026-10-03 01:31:56.637 [EVENT] sock=2536 hEvent=000009A4 events=0x21
2026-10-03 01:31:57.624 [EVENT] sock=2536 hEvent=000009A4 events=0x0
2026-10-03 01:31:57.624 [EVENT] sock=2536 hEvent=000009A4 events=0x21
2026-10-03 01:31:59.847 [EVENT] sock=2536 hEvent=000009A4 events=0x0
2026-10-03 01:31:59.848 [EVENT] sock=2536 hEvent=000009A4 events=0x21
2026-10-03 01:32:00.154 [EVENT] sock=2536 hEvent=000009A4 events=0x0
2026-10-03 01:32:00.154 [EVENT] sock=2536 hEvent=000009A4 events=0x21
2026-10-03 01:32:06.769 [EVENT] sock=2536 hEvent=000009A4 events=0x0
2026-10-03 01:32:06.769 [EVENT] sock=2536 hEvent=000009A4 events=0x21
2026-10-03 01:32:08.063 [EVENT] sock=2732 hEvent=00000A90 events=0x0
2026-10-03 01:32:08.063 [EVENT] sock=2732 hEvent=00000A90 events=0x21
2026-10-03 01:32:16.831 [EVENT] sock=2536 hEvent=000009A4 events=0x0
2026-10-03 01:32:16.832 [EVENT] sock=2536 hEvent=000009A4 events=0x21
2026-10-03 01:32:21.127 [SETTLE] exp=1 gold=199367 len=393
2026-10-03 01:32:29.241 [EVENT] sock=2536 hEvent=000009A4 events=0x0
2026-10-03 01:32:29.241 [EVENT] sock=2536 hEvent=000009A4 events=0x21
2026-10-03 01:32:30.212 [EVENT] sock=2536 hEvent=000009A4 events=0x0
2026-10-03 01:32:30.213 [EVENT] sock=2536 hEvent=000009A4 events=0x21
2026-10-03 01:32:32.571 [EVENT] sock=2536 hEvent=000009A4 events=0x0
2026-10-03 01:32:32.571 [EVENT] sock=2536 hEvent=000009A4 events=0x21
2026-10-03 01:32:32.773 [EVENT] sock=2536 hEvent=000009A4 events=0x0
2026-10-03 01:32:32.773 [EVENT] sock=2536 hEvent=000009A4 events=0x21
2026-10-03 01:32:38.064 [EVENT] sock=2732 hEvent=00000A90 events=0x0
2026-10-03 01:32:38.064 [EVENT] sock=2732 hEvent=00000A90 events=0x21
2026-10-03 01:32:39.321 [EVENT] sock=2536 hEvent=000009A4 events=0x0
2026-10-03 01:32:39.322 [EVENT] sock=2536 hEvent=000009A4 events=0x21
2026-10-03 01:32:49.376 [EVENT] sock=2536 hEvent=000009A4 events=0x0
2026-10-03 01:32:49.377 [EVENT] sock=2536 hEvent=000009A4 events=0x21
2026-10-03 01:32:56.167 [SETTLE] exp=1 gold=199367 len=393
2026-10-03 01:33:03.345 [EVENT] sock=2536 hEvent=000009A4 events=0x0
2026-10-03 01:33:03.345 [EVENT] sock=2536 hEvent=000009A4 events=0x21
2026-10-03 01:33:04.332 [EVENT] sock=2536 hEvent=000009A4 events=0x0
2026-10-03 01:33:04.332 [EVENT] sock=2536 hEvent=000009A4 events=0x21
2026-10-03 01:33:06.583 [EVENT] sock=2536 hEvent=000009A4 events=0x0
2026-10-03 01:33:06.584 [EVENT] sock=2536 hEvent=000009A4 events=0x21
2026-10-03 01:33:06.883 [EVENT] sock=2536 hEvent=000009A4 events=0x0
2026-10-03 01:33:06.883 [EVENT] sock=2536 hEvent=000009A4 events=0x21
2026-10-03 01:33:08.065 [EVENT] sock=2732 hEvent=00000A90 events=0x0
2026-10-03 01:33:08.065 [EVENT] sock=2732 hEvent=00000A90 events=0x21
2026-10-03 01:33:13.426 [EVENT] sock=2536 hEvent=000009A4 events=0x0
2026-10-03 01:33:13.427 [EVENT] sock=2536 hEvent=000009A4 events=0x21
2026-10-03 01:33:23.474 [EVENT] sock=2536 hEvent=000009A4 events=0x0
2026-10-03 01:33:23.475 [EVENT] sock=2536 hEvent=000009A4 events=0x21
2026-10-03 01:33:29.530 [SETTLE] exp=1 gold=199367 len=393
2026-10-03 01:33:31.558 [EVENT] sock=2536 hEvent=000009A4 events=0x0
2026-10-03 01:33:31.559 [EVENT] sock=2536 hEvent=000009A4 events=0x21
2026-10-03 01:33:35.693 [EVENT] sock=2536 hEvent=000009A4 events=0x0
2026-10-03 01:33:35.694 [EVENT] sock=2536 hEvent=000009A4 events=0x21
2026-10-03 01:33:36.673 [EVENT] sock=2536 hEvent=000009A4 events=0x0
2026-10-03 01:33:36.674 [EVENT] sock=2536 hEvent=000009A4 events=0x21
2026-10-03 01:33:38.065 [EVENT] sock=2732 hEvent=00000A90 events=0x0
2026-10-03 01:33:38.065 [EVENT] sock=2732 hEvent=00000A90 events=0x21
2026-10-03 01:33:38.974 [EVENT] sock=2536 hEvent=000009A4 events=0x0
2026-10-03 01:33:38.974 [EVENT] sock=2536 hEvent=000009A4 events=0x21
2026-10-03 01:33:39.273 [EVENT] sock=2536 hEvent=000009A4 events=0x0
2026-10-03 01:33:39.274 [EVENT] sock=2536 hEvent=000009A4 events=0x21
2026-10-03 01:33:45.764 [EVENT] sock=2536 hEvent=000009A4 events=0x0
2026-10-03 01:33:45.765 [EVENT] sock=2536 hEvent=000009A4 events=0x21
2026-10-03 01:33:55.827 [EVENT] sock=2536 hEvent=000009A4 events=0x0
2026-10-03 01:33:55.827 [EVENT] sock=2536 hEvent=000009A4 events=0x21
2026-10-03 01:33:56.650 [SETTLE] exp=1 gold=199367 len=393
2026-10-03 01:33:56.744 [OP] 46E0 inv=FDF7 len=520 #5 41cdfc0b6ffaa32b7207c464580bdcfaa24d1f805788c80bc6faa32b1f805b64580bdcfaa9a0b6120b47c80b366f9d2bbfef7e53519ceefaf3536480428a76d0dcfa9d2b9a9f247f1d4ad4999ba86d808c81a552e2c1751331b28823630bdcfab72b1f80a99168b180505f2b9273c464fe6ceefa7aeb64805c64510b43faa32bca805b647ab1995b1cb064801c56c80b17720c24604c4864e60aeefaad0e40ce
2026-10-03 01:33:58.676 [EVENT] sock=2536 hEvent=000009A4 events=0x0
2026-10-03 01:33:58.677 [EVENT] sock=2536 hEvent=000009A4 events=0x21
2026-10-03 01:33:58.677 [EVENT] sock=2536 hEvent=000009A4 events=0x0
2026-10-03 01:33:58.677 [EVENT] sock=2536 hEvent=000009A4 events=0x21
2026-10-03 01:34:02.097 [EVENT] sock=2536 hEvent=000009A4 events=0x0
2026-10-03 01:34:02.097 [EVENT] sock=2536 hEvent=000009A4 events=0x21
2026-10-03 01:34:03.038 [EVENT] sock=2536 hEvent=000009A4 events=0x0
2026-10-03 01:34:03.038 [EVENT] sock=2536 hEvent=000009A4 events=0x21
2026-10-03 01:34:05.206 [EVENT] sock=2536 hEvent=000009A4 events=0x0
2026-10-03 01:34:05.206 [EVENT] sock=2536 hEvent=000009A4 events=0x21
2026-10-03 01:34:05.510 [EVENT] sock=2536 hEvent=000009A4 events=0x0
2026-10-03 01:34:05.510 [EVENT] sock=2536 hEvent=000009A4 events=0x21
2026-10-03 01:34:08.066 [EVENT] sock=2732 hEvent=00000A90 events=0x0
2026-10-03 01:34:08.067 [EVENT] sock=2732 hEvent=00000A90 events=0x21
2026-10-03 01:34:12.153 [EVENT] sock=2536 hEvent=000009A4 events=0x0
2026-10-03 01:34:12.155 [EVENT] sock=2536 hEvent=000009A4 events=0x21
2026-10-03 01:34:22.222 [EVENT] sock=2536 hEvent=000009A4 events=0x0
2026-10-03 01:34:22.223 [EVENT] sock=2536 hEvent=000009A4 events=0x21
2026-10-03 01:34:23.321 [SETTLE] exp=2 gold=199367 len=393
2026-10-03 01:34:28.527 [EVENT] sock=2536 hEvent=000009A4 events=0x0
2026-10-03 01:34:28.528 [EVENT] sock=2536 hEvent=000009A4 events=0x21
2026-10-03 01:34:29.455 [EVENT] sock=2536 hEvent=000009A4 events=0x0
2026-10-03 01:34:29.455 [EVENT] sock=2536 hEvent=000009A4 events=0x21
2026-10-03 01:34:31.791 [EVENT] sock=2536 hEvent=000009A4 events=0x0
2026-10-03 01:34:31.791 [EVENT] sock=2536 hEvent=000009A4 events=0x21
2026-10-03 01:34:32.024 [EVENT] sock=2536 hEvent=000009A4 events=0x0
2026-10-03 01:34:32.024 [EVENT] sock=2536 hEvent=000009A4 events=0x21
2026-10-03 01:34:38.067 [EVENT] sock=2732 hEvent=00000A90 events=0x0
2026-10-03 01:34:38.067 [EVENT] sock=2732 hEvent=00000A90 events=0x21
2026-10-03 01:34:38.593 [EVENT] sock=2536 hEvent=000009A4 events=0x0
2026-10-03 01:34:38.593 [EVENT] sock=2536 hEvent=000009A4 events=0x21
2026-10-03 01:34:48.663 [EVENT] sock=2536 hEvent=000009A4 events=0x0
2026-10-03 01:34:48.663 [EVENT] sock=2536 hEvent=000009A4 events=0x21
2026-10-03 01:34:49.655 [SETTLE] exp=2 gold=199367 len=393
2026-10-03 01:34:56.840 [EVENT] sock=2536 hEvent=000009A4 events=0x0
2026-10-03 01:34:56.840 [EVENT] sock=2536 hEvent=000009A4 events=0x21
2026-10-03 01:34:57.827 [EVENT] sock=2536 hEvent=000009A4 events=0x0
2026-10-03 01:34:57.828 [EVENT] sock=2536 hEvent=000009A4 events=0x21
2026-10-03 01:35:00.069 [EVENT] sock=2536 hEvent=000009A4 events=0x0
2026-10-03 01:35:00.069 [EVENT] sock=2536 hEvent=000009A4 events=0x21
2026-10-03 01:35:00.319 [EVENT] sock=2536 hEvent=000009A4 events=0x0
2026-10-03 01:35:00.319 [EVENT] sock=2536 hEvent=000009A4 events=0x21
2026-10-03 01:35:06.898 [EVENT] sock=2536 hEvent=000009A4 events=0x0
2026-10-03 01:35:06.900 [EVENT] sock=2536 hEvent=000009A4 events=0x21
2026-10-03 01:35:08.068 [EVENT] sock=2732 hEvent=00000A90 events=0x0
2026-10-03 01:35:08.068 [EVENT] sock=2732 hEvent=00000A90 events=0x21
2026-10-03 01:35:16.966 [EVENT] sock=2536 hEvent=000009A4 events=0x0
2026-10-03 01:35:16.966 [EVENT] sock=2536 hEvent=000009A4 events=0x21
2026-10-03 01:35:21.448 [SETTLE] exp=1 gold=199367 len=393
2026-10-03 01:35:28.177 [EVENT] sock=2536 hEvent=000009A4 events=0x0
2026-10-03 01:35:28.179 [EVENT] sock=2536 hEvent=000009A4 events=0x21
2026-10-03 01:35:29.103 [EVENT] sock=2536 hEvent=000009A4 events=0x0
2026-10-03 01:35:29.103 [EVENT] sock=2536 hEvent=000009A4 events=0x21
2026-10-03 01:35:31.555 [EVENT] sock=2536 hEvent=000009A4 events=0x0
2026-10-03 01:35:31.556 [EVENT] sock=2536 hEvent=000009A4 events=0x21
2026-10-03 01:35:31.724 [EVENT] sock=2536 hEvent=000009A4 events=0x0
2026-10-03 01:35:31.724 [EVENT] sock=2536 hEvent=000009A4 events=0x21
2026-10-03 01:35:38.068 [EVENT] sock=2732 hEvent=00000A90 events=0x0
2026-10-03 01:35:38.068 [EVENT] sock=2732 hEvent=00000A90 events=0x21
2026-10-03 01:35:38.245 [EVENT] sock=2536 hEvent=000009A4 events=0x0
2026-10-03 01:35:38.245 [EVENT] sock=2536 hEvent=000009A4 events=0x21
2026-10-03 01:35:48.281 [SETTLE] exp=1 gold=199367 len=393
2026-10-03 01:35:48.292 [EVENT] sock=2536 hEvent=000009A4 events=0x0
2026-10-03 01:35:48.293 [EVENT] sock=2536 hEvent=000009A4 events=0x21
2026-10-03 01:35:50.310 [EVENT] sock=2536 hEvent=000009A4 events=0x0
2026-10-03 01:35:50.312 [EVENT] sock=2536 hEvent=000009A4 events=0x21
2026-10-03 01:35:52.463 [EVENT] sock=2536 hEvent=000009A4 events=0x0
2026-10-03 01:35:52.463 [EVENT] sock=2536 hEvent=000009A4 events=0x21
2026-10-03 01:35:53.450 [EVENT] sock=2536 hEvent=000009A4 events=0x0
2026-10-03 01:35:53.450 [EVENT] sock=2536 hEvent=000009A4 events=0x21
2026-10-03 01:35:55.735 [EVENT] sock=2536 hEvent=000009A4 events=0x0
2026-10-03 01:35:55.735 [EVENT] sock=2536 hEvent=000009A4 events=0x21
2026-10-03 01:35:55.934 [EVENT] sock=2536 hEvent=000009A4 events=0x0
2026-10-03 01:35:55.934 [EVENT] sock=2536 hEvent=000009A4 events=0x21
2026-10-03 01:36:02.564 [EVENT] sock=2536 hEvent=000009A4 events=0x0
2026-10-03 01:36:02.565 [EVENT] sock=2536 hEvent=000009A4 events=0x21
2026-10-03 01:36:08.070 [EVENT] sock=2732 hEvent=00000A90 events=0x0
2026-10-03 01:36:08.070 [EVENT] sock=2732 hEvent=00000A90 events=0x21
2026-10-03 01:36:12.620 [EVENT] sock=2536 hEvent=000009A4 events=0x0
2026-10-03 01:36:12.620 [EVENT] sock=2536 hEvent=000009A4 events=0x21
2026-10-03 01:36:14.360 [SETTLE] exp=1 gold=199367 len=393
2026-10-03 01:36:21.580 [EVENT] sock=2536 hEvent=000009A4 events=0x0
2026-10-03 01:36:21.580 [EVENT] sock=2536 hEvent=000009A4 events=0x21
2026-10-03 01:36:22.567 [EVENT] sock=2536 hEvent=000009A4 events=0x0
2026-10-03 01:36:22.567 [EVENT] sock=2536 hEvent=000009A4 events=0x21
2026-10-03 01:36:24.847 [EVENT] sock=2536 hEvent=000009A4 events=0x0
2026-10-03 01:36:24.847 [EVENT] sock=2536 hEvent=000009A4 events=0x21
2026-10-03 01:36:25.147 [EVENT] sock=2536 hEvent=000009A4 events=0x0
2026-10-03 01:36:25.147 [EVENT] sock=2536 hEvent=000009A4 events=0x21
2026-10-03 01:36:31.700 [EVENT] sock=2536 hEvent=000009A4 events=0x0
2026-10-03 01:36:31.700 [EVENT] sock=2536 hEvent=000009A4 events=0x21
2026-10-03 01:36:38.070 [EVENT] sock=2732 hEvent=00000A90 events=0x0
2026-10-03 01:36:38.070 [EVENT] sock=2732 hEvent=00000A90 events=0x21
2026-10-03 01:36:41.775 [EVENT] sock=2536 hEvent=000009A4 events=0x0
2026-10-03 01:36:41.776 [EVENT] sock=2536 hEvent=000009A4 events=0x21
2026-10-03 01:36:45.760 [SETTLE] exp=2 gold=199367 len=393
2026-10-03 01:36:51.984 [EVENT] sock=2536 hEvent=000009A4 events=0x0
2026-10-03 01:36:51.984 [EVENT] sock=2536 hEvent=000009A4 events=0x21
2026-10-03 01:36:52.973 [EVENT] sock=2536 hEvent=000009A4 events=0x0
2026-10-03 01:36:52.973 [EVENT] sock=2536 hEvent=000009A4 events=0x21
2026-10-03 01:36:55.242 [EVENT] sock=2536 hEvent=000009A4 events=0x0
2026-10-03 01:36:55.242 [EVENT] sock=2536 hEvent=000009A4 events=0x21
2026-10-03 01:36:55.433 [EVENT] sock=2536 hEvent=000009A4 events=0x0
2026-10-03 01:36:55.435 [EVENT] sock=2536 hEvent=000009A4 events=0x21
2026-10-03 01:37:02.078 [EVENT] sock=2536 hEvent=000009A4 events=0x0
2026-10-03 01:37:02.078 [EVENT] sock=2536 hEvent=000009A4 events=0x21
2026-10-03 01:37:08.071 [EVENT] sock=2732 hEvent=00000A90 events=0x0
2026-10-03 01:37:08.071 [EVENT] sock=2732 hEvent=00000A90 events=0x21
2026-10-03 01:37:12.138 [EVENT] sock=2536 hEvent=000009A4 events=0x0
2026-10-03 01:37:12.138 [EVENT] sock=2536 hEvent=000009A4 events=0x21
2026-10-03 01:37:15.608 [SETTLE] exp=2 gold=199367 len=393
2026-10-03 01:37:19.796 [EVENT] sock=2536 hEvent=000009A4 events=0x0
2026-10-03 01:37:19.796 [EVENT] sock=2536 hEvent=000009A4 events=0x21
2026-10-03 01:37:20.772 [EVENT] sock=2536 hEvent=000009A4 events=0x0
2026-10-03 01:37:20.772 [EVENT] sock=2536 hEvent=000009A4 events=0x21
2026-10-03 01:37:23.005 [EVENT] sock=2536 hEvent=000009A4 events=0x0
2026-10-03 01:37:23.005 [EVENT] sock=2536 hEvent=000009A4 events=0x21
2026-10-03 01:37:23.305 [EVENT] sock=2536 hEvent=000009A4 events=0x0
2026-10-03 01:37:23.306 [EVENT] sock=2536 hEvent=000009A4 events=0x21
2026-10-03 01:37:29.880 [EVENT] sock=2536 hEvent=000009A4 events=0x0
2026-10-03 01:37:29.880 [EVENT] sock=2536 hEvent=000009A4 events=0x21
2026-10-03 01:37:38.071 [EVENT] sock=2732 hEvent=00000A90 events=0x0
2026-10-03 01:37:38.071 [EVENT] sock=2732 hEvent=00000A90 events=0x21
2026-10-03 01:37:39.929 [EVENT] sock=2536 hEvent=000009A4 events=0x0
2026-10-03 01:37:39.930 [EVENT] sock=2536 hEvent=000009A4 events=0x21
2026-10-03 01:37:41.827 [SETTLE] exp=1 gold=199367 len=393
2026-10-03 01:37:43.856 [EVENT] sock=2536 hEvent=000009A4 events=0x0
2026-10-03 01:37:43.856 [EVENT] sock=2536 hEvent=000009A4 events=0x21
2026-10-03 01:37:47.021 [EVENT] sock=2536 hEvent=000009A4 events=0x0
2026-10-03 01:37:47.021 [EVENT] sock=2536 hEvent=000009A4 events=0x21
2026-10-03 01:37:48.010 [EVENT] sock=2536 hEvent=000009A4 events=0x0
2026-10-03 01:37:48.010 [EVENT] sock=2536 hEvent=000009A4 events=0x21
2026-10-03 01:37:50.205 [EVENT] sock=2536 hEvent=000009A4 events=0x0
2026-10-03 01:37:50.205 [EVENT] sock=2536 hEvent=000009A4 events=0x21
2026-10-03 01:37:50.755 [EVENT] sock=2536 hEvent=000009A4 events=0x0
2026-10-03 01:37:50.755 [EVENT] sock=2536 hEvent=000009A4 events=0x21
2026-10-03 01:37:54.943 [EVENT] sock=2536 hEvent=000009A4 events=0x0
2026-10-03 01:37:54.943 [EVENT] sock=2536 hEvent=000009A4 events=0x21
2026-10-03 01:37:57.184 [EVENT] sock=2536 hEvent=000009A4 events=0x0
2026-10-03 01:37:57.184 [EVENT] sock=2536 hEvent=000009A4 events=0x21
2026-10-03 01:38:06.582 [SETTLE] exp=1 gold=199367 len=393
2026-10-03 01:38:08.072 [EVENT] sock=2732 hEvent=00000A90 events=0x0
2026-10-03 01:38:08.072 [EVENT] sock=2732 hEvent=00000A90 events=0x21
2026-10-03 01:38:08.601 [EVENT] sock=2536 hEvent=000009A4 events=0x0
2026-10-03 01:38:08.602 [EVENT] sock=2536 hEvent=000009A4 events=0x21
2026-10-03 01:38:10.928 [EVENT] sock=2536 hEvent=000009A4 events=0x0
2026-10-03 01:38:10.929 [EVENT] sock=2536 hEvent=000009A4 events=0x21
2026-10-03 01:38:11.835 [EVENT] sock=2536 hEvent=000009A4 events=0x0
2026-10-03 01:38:11.835 [EVENT] sock=2536 hEvent=000009A4 events=0x21
2026-10-03 01:38:14.195 [EVENT] sock=2536 hEvent=000009A4 events=0x0
2026-10-03 01:38:14.195 [EVENT] sock=2536 hEvent=000009A4 events=0x21
2026-10-03 01:38:14.395 [EVENT] sock=2536 hEvent=000009A4 events=0x0
2026-10-03 01:38:14.396 [EVENT] sock=2536 hEvent=000009A4 events=0x21
2026-10-03 01:38:20.995 [EVENT] sock=2536 hEvent=000009A4 events=0x0
2026-10-03 01:38:20.995 [EVENT] sock=2536 hEvent=000009A4 events=0x21
2026-10-03 01:38:28.872 [SETTLE] exp=1 gold=199367 len=393
2026-10-03 01:38:34.080 [EVENT] sock=2536 hEvent=000009A4 events=0x0
2026-10-03 01:38:34.080 [EVENT] sock=2536 hEvent=000009A4 events=0x21
2026-10-03 01:38:35.027 [EVENT] sock=2536 hEvent=000009A4 events=0x0
2026-10-03 01:38:35.027 [EVENT] sock=2536 hEvent=000009A4 events=0x21
2026-10-03 01:38:37.304 [EVENT] sock=2536 hEvent=000009A4 events=0x0
2026-10-03 01:38:37.304 [EVENT] sock=2536 hEvent=000009A4 events=0x21
2026-10-03 01:38:37.608 [EVENT] sock=2536 hEvent=000009A4 events=0x0
2026-10-03 01:38:37.608 [EVENT] sock=2536 hEvent=000009A4 events=0x21
2026-10-03 01:38:38.072 [EVENT] sock=2732 hEvent=00000A90 events=0x0
2026-10-03 01:38:38.072 [EVENT] sock=2732 hEvent=00000A90 events=0x21
2026-10-03 01:38:44.149 [EVENT] sock=2536 hEvent=000009A4 events=0x0
2026-10-03 01:38:44.149 [EVENT] sock=2536 hEvent=000009A4 events=0x21
2026-10-03 01:38:54.197 [EVENT] sock=2536 hEvent=000009A4 events=0x0
2026-10-03 01:38:54.197 [EVENT] sock=2536 hEvent=000009A4 events=0x21
2026-10-03 01:38:57.976 [SETTLE] exp=2 gold=199367 len=393
2026-10-03 01:39:02.174 [EVENT] sock=2536 hEvent=000009A4 events=0x0
2026-10-03 01:39:02.174 [EVENT] sock=2536 hEvent=000009A4 events=0x21
2026-10-03 01:39:03.141 [EVENT] sock=2536 hEvent=000009A4 events=0x0
2026-10-03 01:39:03.142 [EVENT] sock=2536 hEvent=000009A4 events=0x21
2026-10-03 01:39:05.412 [EVENT] sock=2536 hEvent=000009A4 events=0x0
2026-10-03 01:39:05.412 [EVENT] sock=2536 hEvent=000009A4 events=0x21
2026-10-03 01:39:05.717 [EVENT] sock=2536 hEvent=000009A4 events=0x0
2026-10-03 01:39:05.717 [EVENT] sock=2536 hEvent=000009A4 events=0x21
2026-10-03 01:39:08.073 [EVENT] sock=2732 hEvent=00000A90 events=0x0
2026-10-03 01:39:08.075 [EVENT] sock=2732 hEvent=00000A90 events=0x21
2026-10-03 01:39:12.321 [EVENT] sock=2536 hEvent=000009A4 events=0x0
2026-10-03 01:39:12.321 [EVENT] sock=2536 hEvent=000009A4 events=0x21
2026-10-03 01:39:22.372 [EVENT] sock=2536 hEvent=000009A4 events=0x0
2026-10-03 01:39:22.373 [EVENT] sock=2536 hEvent=000009A4 events=0x21
2026-10-03 01:39:26.230 [SETTLE] exp=2 gold=199367 len=393
2026-10-03 01:39:26.515 [OP] 4707 inv=FFF3 len=12 #1 603bad8023ecfc0b17faa32b
2026-10-03 01:39:26.611 [OP] 4612 inv=FFF7 len=8 #1 ca805b647c8052fa
2026-10-03 01:39:32.386 [EVENT] sock=2536 hEvent=000009A4 events=0x0
2026-10-03 01:39:32.387 [EVENT] sock=2536 hEvent=000009A4 events=0x21
2026-10-03 01:39:33.379 [EVENT] sock=2536 hEvent=000009A4 events=0x0
2026-10-03 01:39:33.379 [EVENT] sock=2536 hEvent=000009A4 events=0x21
2026-10-03 01:39:35.721 [EVENT] sock=2536 hEvent=000009A4 events=0x0
2026-10-03 01:39:35.722 [EVENT] sock=2536 hEvent=000009A4 events=0x21
2026-10-03 01:39:36.225 [EVENT] sock=2536 hEvent=000009A4 events=0x0
2026-10-03 01:39:36.225 [EVENT] sock=2536 hEvent=000009A4 events=0x21
2026-10-03 01:39:38.076 [EVENT] sock=2732 hEvent=00000A90 events=0x0
2026-10-03 01:39:38.076 [EVENT] sock=2732 hEvent=00000A90 events=0x21
2026-10-03 01:39:42.512 [EVENT] sock=2536 hEvent=000009A4 events=0x0
2026-10-03 01:39:42.512 [EVENT] sock=2536 hEvent=000009A4 events=0x21
2026-10-03 01:39:52.562 [EVENT] sock=2536 hEvent=000009A4 events=0x0
2026-10-03 01:39:52.563 [EVENT] sock=2536 hEvent=000009A4 events=0x21
2026-10-03 01:39:58.215 [EVENT] sock=2536 hEvent=000009A4 events=0x0
2026-10-03 01:39:58.215 [EVENT] sock=2536 hEvent=000009A4 events=0x21
2026-10-03 01:40:02.612 [EVENT] sock=2536 hEvent=000009A4 events=0x0
2026-10-03 01:40:02.612 [EVENT] sock=2536 hEvent=000009A4 events=0x21
2026-10-03 01:40:02.961 [SETTLE] exp=1 gold=199367 len=393
2026-10-03 01:40:08.076 [EVENT] sock=2732 hEvent=00000A90 events=0x0
2026-10-03 01:40:08.077 [EVENT] sock=2732 hEvent=00000A90 events=0x21
2026-10-03 01:40:13.024 [EVENT] sock=2536 hEvent=000009A4 events=0x0
2026-10-03 01:40:13.024 [EVENT] sock=2536 hEvent=000009A4 events=0x21
2026-10-03 01:40:23.071 [EVENT] sock=2536 hEvent=000009A4 events=0x0
2026-10-03 01:40:23.071 [EVENT] sock=2536 hEvent=000009A4 events=0x21
2026-10-03 01:40:33.133 [EVENT] sock=2536 hEvent=000009A4 events=0x0
2026-10-03 01:40:33.133 [EVENT] sock=2536 hEvent=000009A4 events=0x21
2026-10-03 01:40:38.077 [EVENT] sock=2732 hEvent=00000A90 events=0x0
2026-10-03 01:40:38.077 [EVENT] sock=2732 hEvent=00000A90 events=0x21
2026-10-03 01:40:43.181 [EVENT] sock=2536 hEvent=000009A4 events=0x0
2026-10-03 01:40:43.182 [EVENT] sock=2536 hEvent=000009A4 events=0x21
2026-10-03 01:40:53.254 [EVENT] sock=2536 hEvent=000009A4 events=0x0
2026-10-03 01:40:53.254 [EVENT] sock=2536 hEvent=000009A4 events=0x21
2026-10-03 01:41:03.301 [EVENT] sock=2536 hEvent=000009A4 events=0x0
2026-10-03 01:41:03.301 [EVENT] sock=2536 hEvent=000009A4 events=0x21
2026-10-03 01:41:08.077 [EVENT] sock=2732 hEvent=00000A90 events=0x0
2026-10-03 01:41:08.077 [EVENT] sock=2732 hEvent=00000A90 events=0x21
2026-10-03 01:41:13.360 [EVENT] sock=2536 hEvent=000009A4 events=0x0
2026-10-03 01:41:13.360 [EVENT] sock=2536 hEvent=000009A4 events=0x21
2026-10-03 01:41:23.414 [EVENT] sock=2536 hEvent=000009A4 events=0x0
2026-10-03 01:41:23.414 [EVENT] sock=2536 hEvent=000009A4 events=0x21
2026-10-03 01:41:33.461 [EVENT] sock=2536 hEvent=000009A4 events=0x0
2026-10-03 01:41:33.462 [EVENT] sock=2536 hEvent=000009A4 events=0x21
2026-10-03 01:41:38.078 [EVENT] sock=2732 hEvent=00000A90 events=0x0
2026-10-03 01:41:38.078 [EVENT] sock=2732 hEvent=00000A90 events=0x21
2026-10-03 01:41:43.513 [EVENT] sock=2536 hEvent=000009A4 events=0x0
2026-10-03 01:41:43.513 [EVENT] sock=2536 hEvent=000009A4 events=0x21
2026-10-03 01:41:53.565 [EVENT] sock=2536 hEvent=000009A4 events=0x0
2026-10-03 01:41:53.565 [EVENT] sock=2536 hEvent=000009A4 events=0x21
2026-10-03 01:42:03.623 [EVENT] sock=2536 hEvent=000009A4 events=0x0
2026-10-03 01:42:03.624 [EVENT] sock=2536 hEvent=000009A4 events=0x21
2026-10-03 01:42:08.080 [EVENT] sock=2732 hEvent=00000A90 events=0x0
2026-10-03 01:42:08.080 [EVENT] sock=2732 hEvent=00000A90 events=0x21
2026-10-03 01:42:13.680 [EVENT] sock=2536 hEvent=000009A4 events=0x0
2026-10-03 01:42:13.680 [EVENT] sock=2536 hEvent=000009A4 events=0x21
2026-10-03 01:42:23.742 [EVENT] sock=2536 hEvent=000009A4 events=0x0
2026-10-03 01:42:23.742 [EVENT] sock=2536 hEvent=000009A4 events=0x21
2026-10-03 01:42:33.816 [EVENT] sock=2536 hEvent=000009A4 events=0x0
2026-10-03 01:42:33.816 [EVENT] sock=2536 hEvent=000009A4 events=0x21
2026-10-03 01:42:38.081 [EVENT] sock=2732 hEvent=00000A90 events=0x0
2026-10-03 01:42:38.081 [EVENT] sock=2732 hEvent=00000A90 events=0x21
2026-10-03 01:42:43.865 [EVENT] sock=2536 hEvent=000009A4 events=0x0
2026-10-03 01:42:43.865 [EVENT] sock=2536 hEvent=000009A4 events=0x21
2026-10-03 01:42:53.924 [EVENT] sock=2536 hEvent=000009A4 events=0x0
2026-10-03 01:42:53.925 [EVENT] sock=2536 hEvent=000009A4 events=0x21
2026-10-03 01:43:03.979 [EVENT] sock=2536 hEvent=000009A4 events=0x0
2026-10-03 01:43:03.979 [EVENT] sock=2536 hEvent=000009A4 events=0x21
2026-10-03 01:43:08.082 [EVENT] sock=2732 hEvent=00000A90 events=0x0
2026-10-03 01:43:08.082 [EVENT] sock=2732 hEvent=00000A90 events=0x21
2026-10-03 01:43:14.030 [EVENT] sock=2536 hEvent=000009A4 events=0x0
2026-10-03 01:43:14.031 [EVENT] sock=2536 hEvent=000009A4 events=0x21
2026-10-03 01:43:24.107 [EVENT] sock=2536 hEvent=000009A4 events=0x0
2026-10-03 01:43:24.107 [EVENT] sock=2536 hEvent=000009A4 events=0x21
2026-10-03 01:43:34.170 [EVENT] sock=2536 hEvent=000009A4 events=0x0
2026-10-03 01:43:34.171 [EVENT] sock=2536 hEvent=000009A4 events=0x21
2026-10-03 01:43:38.082 [EVENT] sock=2732 hEvent=00000A90 events=0x0
2026-10-03 01:43:38.082 [EVENT] sock=2732 hEvent=00000A90 events=0x21
2026-10-03 01:43:44.223 [EVENT] sock=2536 hEvent=000009A4 events=0x0
2026-10-03 01:43:44.223 [EVENT] sock=2536 hEvent=000009A4 events=0x21
2026-10-03 01:43:54.285 [EVENT] sock=2536 hEvent=000009A4 events=0x0
2026-10-03 01:43:54.285 [EVENT] sock=2536 hEvent=000009A4 events=0x21
2026-10-03 01:44:04.334 [EVENT] sock=2536 hEvent=000009A4 events=0x0
2026-10-03 01:44:04.334 [EVENT] sock=2536 hEvent=000009A4 events=0x21
2026-10-03 01:44:08.083 [EVENT] sock=2732 hEvent=00000A90 events=0x0
2026-10-03 01:44:08.083 [EVENT] sock=2732 hEvent=00000A90 events=0x21
2026-10-03 01:44:14.400 [EVENT] sock=2536 hEvent=000009A4 events=0x0
2026-10-03 01:44:14.400 [EVENT] sock=2536 hEvent=000009A4 events=0x21
2026-10-03 01:44:24.473 [EVENT] sock=2536 hEvent=000009A4 events=0x0
2026-10-03 01:44:24.474 [EVENT] sock=2536 hEvent=000009A4 events=0x21
2026-10-03 01:44:34.536 [EVENT] sock=2536 hEvent=000009A4 events=0x0
2026-10-03 01:44:34.536 [EVENT] sock=2536 hEvent=000009A4 events=0x21
2026-10-03 01:44:38.084 [EVENT] sock=2732 hEvent=00000A90 events=0x0
2026-10-03 01:44:38.084 [EVENT] sock=2732 hEvent=00000A90 events=0x21
2026-10-03 01:44:44.592 [EVENT] sock=2536 hEvent=000009A4 events=0x0
2026-10-03 01:44:44.592 [EVENT] sock=2536 hEvent=000009A4 events=0x21
2026-10-03 01:44:54.660 [EVENT] sock=2536 hEvent=000009A4 events=0x0
2026-10-03 01:44:54.660 [EVENT] sock=2536 hEvent=000009A4 events=0x21
2026-10-03 01:45:04.721 [EVENT] sock=2536 hEvent=000009A4 events=0x0
2026-10-03 01:45:04.721 [EVENT] sock=2536 hEvent=000009A4 events=0x21
2026-10-03 01:45:08.084 [EVENT] sock=2732 hEvent=00000A90 events=0x0
2026-10-03 01:45:08.086 [EVENT] sock=2732 hEvent=00000A90 events=0x21
2026-10-03 01:45:14.778 [EVENT] sock=2536 hEvent=000009A4 events=0x0
2026-10-03 01:45:14.778 [EVENT] sock=2536 hEvent=000009A4 events=0x21
2026-10-03 01:45:24.839 [EVENT] sock=2536 hEvent=000009A4 events=0x0
2026-10-03 01:45:24.839 [EVENT] sock=2536 hEvent=000009A4 events=0x21
2026-10-03 01:45:34.911 [EVENT] sock=2536 hEvent=000009A4 events=0x0
2026-10-03 01:45:34.911 [EVENT] sock=2536 hEvent=000009A4 events=0x21
2026-10-03 01:45:38.086 [EVENT] sock=2732 hEvent=00000A90 events=0x0
2026-10-03 01:45:38.086 [EVENT] sock=2732 hEvent=00000A90 events=0x21
2026-10-03 01:45:44.973 [EVENT] sock=2536 hEvent=000009A4 events=0x0
2026-10-03 01:45:44.973 [EVENT] sock=2536 hEvent=000009A4 events=0x21
2026-10-03 01:45:55.037 [EVENT] sock=2536 hEvent=000009A4 events=0x0
2026-10-03 01:45:55.038 [EVENT] sock=2536 hEvent=000009A4 events=0x21
2026-10-03 01:46:05.099 [EVENT] sock=2536 hEvent=000009A4 events=0x0
2026-10-03 01:46:05.100 [EVENT] sock=2536 hEvent=000009A4 events=0x21
2026-10-03 01:46:08.088 [EVENT] sock=2732 hEvent=00000A90 events=0x0
2026-10-03 01:46:08.089 [EVENT] sock=2732 hEvent=00000A90 events=0x21
2026-10-03 01:46:15.158 [EVENT] sock=2536 hEvent=000009A4 events=0x0
2026-10-03 01:46:15.158 [EVENT] sock=2536 hEvent=000009A4 events=0x21
2026-10-03 01:46:25.213 [EVENT] sock=2536 hEvent=000009A4 events=0x0
2026-10-03 01:46:25.214 [EVENT] sock=2536 hEvent=000009A4 events=0x21
2026-10-03 01:46:35.287 [EVENT] sock=2536 hEvent=000009A4 events=0x0
2026-10-03 01:46:35.287 [EVENT] sock=2536 hEvent=000009A4 events=0x21
2026-10-03 01:46:38.090 [EVENT] sock=2732 hEvent=00000A90 events=0x0
2026-10-03 01:46:38.090 [EVENT] sock=2732 hEvent=00000A90 events=0x21
2026-10-03 01:46:45.347 [EVENT] sock=2536 hEvent=000009A4 events=0x0
2026-10-03 01:46:45.347 [EVENT] sock=2536 hEvent=000009A4 events=0x21
2026-10-03 01:46:55.397 [EVENT] sock=2536 hEvent=000009A4 events=0x0
2026-10-03 01:46:55.397 [EVENT] sock=2536 hEvent=000009A4 events=0x21
2026-10-03 01:47:05.448 [EVENT] sock=2536 hEvent=000009A4 events=0x0
2026-10-03 01:47:05.448 [EVENT] sock=2536 hEvent=000009A4 events=0x21
2026-10-03 01:47:08.091 [EVENT] sock=2732 hEvent=00000A90 events=0x0
2026-10-03 01:47:08.091 [EVENT] sock=2732 hEvent=00000A90 events=0x21
2026-10-03 01:47:15.496 [EVENT] sock=2536 hEvent=000009A4 events=0x0
2026-10-03 01:47:15.496 [EVENT] sock=2536 hEvent=000009A4 events=0x21
2026-10-03 01:47:25.572 [EVENT] sock=2536 hEvent=000009A4 events=0x0
2026-10-03 01:47:25.572 [EVENT] sock=2536 hEvent=000009A4 events=0x21
2026-10-03 01:47:35.640 [EVENT] sock=2536 hEvent=000009A4 events=0x0
2026-10-03 01:47:35.640 [EVENT] sock=2536 hEvent=000009A4 events=0x21
2026-10-03 01:47:38.091 [EVENT] sock=2732 hEvent=00000A90 events=0x0
2026-10-03 01:47:38.091 [EVENT] sock=2732 hEvent=00000A90 events=0x21
2026-10-03 01:47:45.692 [EVENT] sock=2536 hEvent=000009A4 events=0x0
2026-10-03 01:47:45.692 [EVENT] sock=2536 hEvent=000009A4 events=0x21
2026-10-03 01:47:55.755 [EVENT] sock=2536 hEvent=000009A4 events=0x0
2026-10-03 01:47:55.756 [EVENT] sock=2536 hEvent=000009A4 events=0x21
2026-10-03 01:48:05.790 [EVENT] sock=2536 hEvent=000009A4 events=0x0
2026-10-03 01:48:05.790 [HB-OUT] op=0001 #3 len=4 sock=2536
2026-10-03 01:48:05.790 [EVENT] sock=2536 hEvent=000009A4 events=0x21
2026-10-03 01:48:05.804 [EVENT] sock=2536 hEvent=000009A4 events=0x0
2026-10-03 01:48:05.804 [EVENT] sock=2536 hEvent=000009A4 events=0x21
2026-10-03 01:48:08.093 [EVENT] sock=2732 hEvent=00000A90 events=0x0
2026-10-03 01:48:08.093 [EVENT] sock=2732 hEvent=00000A90 events=0x21
2026-10-03 01:48:16.086 [EVENT] sock=2536 hEvent=000009A4 events=0x0
2026-10-03 01:48:16.086 [EVENT] sock=2536 hEvent=000009A4 events=0x21
2026-10-03 01:48:26.155 [EVENT] sock=2536 hEvent=000009A4 events=0x0
2026-10-03 01:48:26.155 [EVENT] sock=2536 hEvent=000009A4 events=0x21
2026-10-03 01:48:36.221 [EVENT] sock=2536 hEvent=000009A4 events=0x0
2026-10-03 01:48:36.222 [EVENT] sock=2536 hEvent=000009A4 events=0x21
2026-10-03 01:48:38.094 [EVENT] sock=2732 hEvent=00000A90 events=0x0
2026-10-03 01:48:38.094 [EVENT] sock=2732 hEvent=00000A90 events=0x21
2026-10-03 01:48:46.277 [EVENT] sock=2536 hEvent=000009A4 events=0x0
2026-10-03 01:48:46.277 [EVENT] sock=2536 hEvent=000009A4 events=0x21
2026-10-03 01:48:56.326 [EVENT] sock=2536 hEvent=000009A4 events=0x0
2026-10-03 01:48:56.327 [EVENT] sock=2536 hEvent=000009A4 events=0x21
2026-10-03 01:49:06.386 [EVENT] sock=2536 hEvent=000009A4 events=0x0
2026-10-03 01:49:06.386 [EVENT] sock=2536 hEvent=000009A4 events=0x21
2026-10-03 01:49:08.096 [EVENT] sock=2732 hEvent=00000A90 events=0x0
2026-10-03 01:49:08.096 [EVENT] sock=2732 hEvent=00000A90 events=0x21
2026-10-03 01:49:16.434 [EVENT] sock=2536 hEvent=000009A4 events=0x0
2026-10-03 01:49:16.434 [EVENT] sock=2536 hEvent=000009A4 events=0x21
2026-10-03 01:49:26.506 [EVENT] sock=2536 hEvent=000009A4 events=0x0
2026-10-03 01:49:26.508 [EVENT] sock=2536 hEvent=000009A4 events=0x21
2026-10-03 01:49:36.584 [EVENT] sock=2536 hEvent=000009A4 events=0x0
2026-10-03 01:49:36.585 [EVENT] sock=2536 hEvent=000009A4 events=0x21
2026-10-03 01:49:38.097 [EVENT] sock=2732 hEvent=00000A90 events=0x0
2026-10-03 01:49:38.097 [EVENT] sock=2732 hEvent=00000A90 events=0x21
2026-10-03 01:49:46.639 [EVENT] sock=2536 hEvent=000009A4 events=0x0
2026-10-03 01:49:46.640 [EVENT] sock=2536 hEvent=000009A4 events=0x21
2026-10-03 01:49:56.694 [EVENT] sock=2536 hEvent=000009A4 events=0x0
2026-10-03 01:49:56.695 [EVENT] sock=2536 hEvent=000009A4 events=0x21
2026-10-03 01:50:06.749 [EVENT] sock=2536 hEvent=000009A4 events=0x0
2026-10-03 01:50:06.749 [EVENT] sock=2536 hEvent=000009A4 events=0x21
2026-10-03 01:50:08.099 [EVENT] sock=2732 hEvent=00000A90 events=0x0
2026-10-03 01:50:08.100 [EVENT] sock=2732 hEvent=00000A90 events=0x21
2026-10-03 01:50:16.803 [EVENT] sock=2536 hEvent=000009A4 events=0x0
2026-10-03 01:50:16.804 [EVENT] sock=2536 hEvent=000009A4 events=0x21
2026-10-03 01:50:26.860 [EVENT] sock=2536 hEvent=000009A4 events=0x0
2026-10-03 01:50:26.861 [EVENT] sock=2536 hEvent=000009A4 events=0x21
2026-10-03 01:50:36.922 [EVENT] sock=2536 hEvent=000009A4 events=0x0
2026-10-03 01:50:36.924 [EVENT] sock=2536 hEvent=000009A4 events=0x21
2026-10-03 01:50:38.102 [EVENT] sock=2732 hEvent=00000A90 events=0x0
2026-10-03 01:50:38.102 [EVENT] sock=2732 hEvent=00000A90 events=0x21
2026-10-03 01:50:46.992 [EVENT] sock=2536 hEvent=000009A4 events=0x0
2026-10-03 01:50:46.992 [EVENT] sock=2536 hEvent=000009A4 events=0x21
2026-10-03 01:50:57.044 [EVENT] sock=2536 hEvent=000009A4 events=0x0
2026-10-03 01:50:57.044 [EVENT] sock=2536 hEvent=000009A4 events=0x21
2026-10-03 01:51:07.106 [EVENT] sock=2536 hEvent=000009A4 events=0x0
2026-10-03 01:51:07.107 [EVENT] sock=2536 hEvent=000009A4 events=0x21
2026-10-03 01:51:08.102 [EVENT] sock=2732 hEvent=00000A90 events=0x0
2026-10-03 01:51:08.102 [EVENT] sock=2732 hEvent=00000A90 events=0x21
2026-10-03 01:51:17.164 [EVENT] sock=2536 hEvent=000009A4 events=0x0
2026-10-03 01:51:17.165 [EVENT] sock=2536 hEvent=000009A4 events=0x21
2026-10-03 01:51:27.233 [EVENT] sock=2536 hEvent=000009A4 events=0x0
2026-10-03 01:51:27.234 [EVENT] sock=2536 hEvent=000009A4 events=0x21
2026-10-03 01:51:37.294 [EVENT] sock=2536 hEvent=000009A4 events=0x0
2026-10-03 01:51:37.295 [EVENT] sock=2536 hEvent=000009A4 events=0x21
2026-10-03 01:51:38.103 [EVENT] sock=2732 hEvent=00000A90 events=0x0
2026-10-03 01:51:38.105 [EVENT] sock=2732 hEvent=00000A90 events=0x21
2026-10-03 01:51:47.357 [EVENT] sock=2536 hEvent=000009A4 events=0x0
2026-10-03 01:51:47.360 [EVENT] sock=2536 hEvent=000009A4 events=0x21
2026-10-03 01:51:57.423 [EVENT] sock=2536 hEvent=000009A4 events=0x0
2026-10-03 01:51:57.423 [EVENT] sock=2536 hEvent=000009A4 events=0x21
2026-10-03 01:52:07.490 [EVENT] sock=2536 hEvent=000009A4 events=0x0
2026-10-03 01:52:07.491 [EVENT] sock=2536 hEvent=000009A4 events=0x21
2026-10-03 01:52:08.105 [EVENT] sock=2732 hEvent=00000A90 events=0x0
2026-10-03 01:52:08.107 [EVENT] sock=2732 hEvent=00000A90 events=0x21
2026-10-03 01:52:17.551 [EVENT] sock=2536 hEvent=000009A4 events=0x0
2026-10-03 01:52:17.551 [EVENT] sock=2536 hEvent=000009A4 events=0x21
2026-10-03 01:52:27.609 [EVENT] sock=2536 hEvent=000009A4 events=0x0
2026-10-03 01:52:27.611 [EVENT] sock=2536 hEvent=000009A4 events=0x21
2026-10-03 01:52:37.664 [EVENT] sock=2536 hEvent=000009A4 events=0x0
2026-10-03 01:52:37.664 [EVENT] sock=2536 hEvent=000009A4 events=0x21
2026-10-03 01:52:38.109 [EVENT] sock=2732 hEvent=00000A90 events=0x0
2026-10-03 01:52:38.109 [EVENT] sock=2732 hEvent=00000A90 events=0x21
2026-10-03 01:52:47.714 [EVENT] sock=2536 hEvent=000009A4 events=0x0
2026-10-03 01:52:47.714 [EVENT] sock=2536 hEvent=000009A4 events=0x21
2026-10-03 01:52:57.767 [EVENT] sock=2536 hEvent=000009A4 events=0x0
2026-10-03 01:52:57.769 [EVENT] sock=2536 hEvent=000009A4 events=0x21
2026-10-03 01:53:07.819 [EVENT] sock=2536 hEvent=000009A4 events=0x0
2026-10-03 01:53:07.819 [EVENT] sock=2536 hEvent=000009A4 events=0x21
2026-10-03 01:53:08.110 [EVENT] sock=2732 hEvent=00000A90 events=0x0
2026-10-03 01:53:08.111 [EVENT] sock=2732 hEvent=00000A90 events=0x21
2026-10-03 01:53:17.880 [EVENT] sock=2536 hEvent=000009A4 events=0x0
2026-10-03 01:53:17.880 [EVENT] sock=2536 hEvent=000009A4 events=0x21
2026-10-03 01:53:27.937 [EVENT] sock=2536 hEvent=000009A4 events=0x0
2026-10-03 01:53:27.938 [EVENT] sock=2536 hEvent=000009A4 events=0x21
2026-10-03 01:53:37.987 [EVENT] sock=2536 hEvent=000009A4 events=0x0
2026-10-03 01:53:37.987 [EVENT] sock=2536 hEvent=000009A4 events=0x21
2026-10-03 01:53:38.111 [EVENT] sock=2732 hEvent=00000A90 events=0x0
2026-10-03 01:53:38.112 [EVENT] sock=2732 hEvent=00000A90 events=0x21
2026-10-03 01:53:48.038 [EVENT] sock=2536 hEvent=000009A4 events=0x0
2026-10-03 01:53:48.038 [EVENT] sock=2536 hEvent=000009A4 events=0x21
2026-10-03 01:53:58.115 [EVENT] sock=2536 hEvent=000009A4 events=0x0
2026-10-03 01:53:58.116 [EVENT] sock=2536 hEvent=000009A4 events=0x21
2026-10-03 01:54:08.113 [EVENT] sock=2732 hEvent=00000A90 events=0x0
2026-10-03 01:54:08.114 [EVENT] sock=2732 hEvent=00000A90 events=0x21
2026-10-03 01:54:08.165 [EVENT] sock=2536 hEvent=000009A4 events=0x0
2026-10-03 01:54:08.165 [EVENT] sock=2536 hEvent=000009A4 events=0x21
2026-10-03 01:54:18.219 [EVENT] sock=2536 hEvent=000009A4 events=0x0
2026-10-03 01:54:18.221 [EVENT] sock=2536 hEvent=000009A4 events=0x21
2026-10-03 01:54:28.272 [EVENT] sock=2536 hEvent=000009A4 events=0x0
2026-10-03 01:54:28.274 [EVENT] sock=2536 hEvent=000009A4 events=0x21
2026-10-03 01:54:38.115 [EVENT] sock=2732 hEvent=00000A90 events=0x0
2026-10-03 01:54:38.115 [EVENT] sock=2732 hEvent=00000A90 events=0x21
2026-10-03 01:54:38.324 [EVENT] sock=2536 hEvent=000009A4 events=0x0
2026-10-03 01:54:38.325 [EVENT] sock=2536 hEvent=000009A4 events=0x21
2026-10-03 01:54:48.373 [EVENT] sock=2536 hEvent=000009A4 events=0x0
2026-10-03 01:54:48.374 [EVENT] sock=2536 hEvent=000009A4 events=0x21
2026-10-03 01:54:58.436 [EVENT] sock=2536 hEvent=000009A4 events=0x0
2026-10-03 01:54:58.436 [EVENT] sock=2536 hEvent=000009A4 events=0x21
2026-10-03 01:55:08.116 [EVENT] sock=2732 hEvent=00000A90 events=0x0
2026-10-03 01:55:08.117 [EVENT] sock=2732 hEvent=00000A90 events=0x21
2026-10-03 01:55:08.482 [EVENT] sock=2536 hEvent=000009A4 events=0x0
2026-10-03 01:55:08.482 [EVENT] sock=2536 hEvent=000009A4 events=0x21
2026-10-03 01:55:18.538 [EVENT] sock=2536 hEvent=000009A4 events=0x0
2026-10-03 01:55:18.539 [EVENT] sock=2536 hEvent=000009A4 events=0x21
2026-10-03 01:55:28.593 [EVENT] sock=2536 hEvent=000009A4 events=0x0
2026-10-03 01:55:28.594 [EVENT] sock=2536 hEvent=000009A4 events=0x21
2026-10-03 01:55:38.118 [EVENT] sock=2732 hEvent=00000A90 events=0x0
2026-10-03 01:55:38.119 [EVENT] sock=2732 hEvent=00000A90 events=0x21
2026-10-03 01:55:38.653 [EVENT] sock=2536 hEvent=000009A4 events=0x0
2026-10-03 01:55:38.653 [EVENT] sock=2536 hEvent=000009A4 events=0x21
2026-10-03 01:55:48.728 [EVENT] sock=2536 hEvent=000009A4 events=0x0
2026-10-03 01:55:48.728 [EVENT] sock=2536 hEvent=000009A4 events=0x21
2026-10-03 01:55:58.785 [EVENT] sock=2536 hEvent=000009A4 events=0x0
2026-10-03 01:55:58.785 [EVENT] sock=2536 hEvent=000009A4 events=0x21
2026-10-03 01:56:08.121 [EVENT] sock=2732 hEvent=00000A90 events=0x0
2026-10-03 01:56:08.121 [EVENT] sock=2732 hEvent=00000A90 events=0x21
2026-10-03 01:56:08.863 [EVENT] sock=2536 hEvent=000009A4 events=0x0
2026-10-03 01:56:08.863 [EVENT] sock=2536 hEvent=000009A4 events=0x21
2026-10-03 01:56:18.934 [EVENT] sock=2536 hEvent=000009A4 events=0x0
2026-10-03 01:56:18.934 [EVENT] sock=2536 hEvent=000009A4 events=0x21
2026-10-03 01:56:28.997 [EVENT] sock=2536 hEvent=000009A4 events=0x0
2026-10-03 01:56:28.997 [EVENT] sock=2536 hEvent=000009A4 events=0x21
2026-10-03 01:56:38.121 [EVENT] sock=2732 hEvent=00000A90 events=0x0
2026-10-03 01:56:38.121 [EVENT] sock=2732 hEvent=00000A90 events=0x21
2026-10-03 01:56:39.071 [EVENT] sock=2536 hEvent=000009A4 events=0x0
2026-10-03 01:56:39.072 [EVENT] sock=2536 hEvent=000009A4 events=0x21
2026-10-03 01:56:49.142 [EVENT] sock=2536 hEvent=000009A4 events=0x0
2026-10-03 01:56:49.145 [EVENT] sock=2536 hEvent=000009A4 events=0x21
2026-10-03 01:56:59.212 [EVENT] sock=2536 hEvent=000009A4 events=0x0
2026-10-03 01:56:59.213 [EVENT] sock=2536 hEvent=000009A4 events=0x21
2026-10-03 01:57:08.122 [EVENT] sock=2732 hEvent=00000A90 events=0x0
2026-10-03 01:57:08.122 [EVENT] sock=2732 hEvent=00000A90 events=0x21
2026-10-03 01:57:09.263 [EVENT] sock=2536 hEvent=000009A4 events=0x0
2026-10-03 01:57:09.264 [EVENT] sock=2536 hEvent=000009A4 events=0x21
2026-10-03 01:57:19.323 [EVENT] sock=2536 hEvent=000009A4 events=0x0
2026-10-03 01:57:19.323 [EVENT] sock=2536 hEvent=000009A4 events=0x21
2026-10-03 01:57:29.374 [EVENT] sock=2536 hEvent=000009A4 events=0x0
2026-10-03 01:57:29.376 [EVENT] sock=2536 hEvent=000009A4 events=0x21
2026-10-03 01:57:38.124 [EVENT] sock=2732 hEvent=00000A90 events=0x0
2026-10-03 01:57:38.125 [EVENT] sock=2732 hEvent=00000A90 events=0x21
2026-10-03 01:57:39.433 [EVENT] sock=2536 hEvent=000009A4 events=0x0
2026-10-03 01:57:39.433 [EVENT] sock=2536 hEvent=000009A4 events=0x21
2026-10-03 01:57:49.489 [EVENT] sock=2536 hEvent=000009A4 events=0x0
2026-10-03 01:57:49.491 [EVENT] sock=2536 hEvent=000009A4 events=0x21
2026-10-03 01:57:59.550 [EVENT] sock=2536 hEvent=000009A4 events=0x0
2026-10-03 01:57:59.551 [EVENT] sock=2536 hEvent=000009A4 events=0x21
2026-10-03 01:58:08.126 [EVENT] sock=2732 hEvent=00000A90 events=0x0
2026-10-03 01:58:08.126 [EVENT] sock=2732 hEvent=00000A90 events=0x21
2026-10-03 01:58:09.631 [EVENT] sock=2536 hEvent=000009A4 events=0x0
2026-10-03 01:58:09.631 [EVENT] sock=2536 hEvent=000009A4 events=0x21
2026-10-03 01:58:19.682 [EVENT] sock=2536 hEvent=000009A4 events=0x0
2026-10-03 01:58:19.683 [EVENT] sock=2536 hEvent=000009A4 events=0x21
2026-10-03 01:58:29.742 [EVENT] sock=2536 hEvent=000009A4 events=0x0
2026-10-03 01:58:29.742 [EVENT] sock=2536 hEvent=000009A4 events=0x21
2026-10-03 01:58:38.128 [EVENT] sock=2732 hEvent=00000A90 events=0x0
2026-10-03 01:58:38.128 [EVENT] sock=2732 hEvent=00000A90 events=0x21
2026-10-03 01:58:39.792 [EVENT] sock=2536 hEvent=000009A4 events=0x0
2026-10-03 01:58:39.794 [EVENT] sock=2536 hEvent=000009A4 events=0x21
2026-10-03 01:58:49.859 [EVENT] sock=2536 hEvent=000009A4 events=0x0
2026-10-03 01:58:49.859 [EVENT] sock=2536 hEvent=000009A4 events=0x21
2026-10-03 01:58:59.922 [EVENT] sock=2536 hEvent=000009A4 events=0x0
2026-10-03 01:58:59.922 [EVENT] sock=2536 hEvent=000009A4 events=0x21
2026-10-03 01:59:08.130 [EVENT] sock=2732 hEvent=00000A90 events=0x0
2026-10-03 01:59:08.131 [EVENT] sock=2732 hEvent=00000A90 events=0x21
2026-10-03 01:59:09.982 [EVENT] sock=2536 hEvent=000009A4 events=0x0
2026-10-03 01:59:09.982 [EVENT] sock=2536 hEvent=000009A4 events=0x21
2026-10-03 01:59:20.044 [EVENT] sock=2536 hEvent=000009A4 events=0x0
2026-10-03 01:59:20.045 [EVENT] sock=2536 hEvent=000009A4 events=0x21
2026-10-03 01:59:30.118 [EVENT] sock=2536 hEvent=000009A4 events=0x0
2026-10-03 01:59:30.118 [EVENT] sock=2536 hEvent=000009A4 events=0x21
2026-10-03 01:59:38.132 [EVENT] sock=2732 hEvent=00000A90 events=0x0
2026-10-03 01:59:38.132 [EVENT] sock=2732 hEvent=00000A90 events=0x21
2026-10-03 01:59:40.171 [EVENT] sock=2536 hEvent=000009A4 events=0x0
2026-10-03 01:59:40.174 [EVENT] sock=2536 hEvent=000009A4 events=0x21
2026-10-03 01:59:50.241 [EVENT] sock=2536 hEvent=000009A4 events=0x0
2026-10-03 01:59:50.241 [EVENT] sock=2536 hEvent=000009A4 events=0x21
2026-10-03 02:00:00.164 [SYS] #66FF66#寄售行已恢复营业，欢迎前往寄售交易！
2026-10-03 02:00:01.167 [EVENT] sock=2536 hEvent=000009A4 events=0x0
2026-10-03 02:00:01.167 [EVENT] sock=2536 hEvent=000009A4 events=0x21
2026-10-03 02:00:08.132 [EVENT] sock=2732 hEvent=00000A90 events=0x0
2026-10-03 02:00:08.133 [EVENT] sock=2732 hEvent=00000A90 events=0x21
2026-10-03 02:00:11.246 [EVENT] sock=2536 hEvent=000009A4 events=0x0
2026-10-03 02:00:11.247 [EVENT] sock=2536 hEvent=000009A4 events=0x21
2026-10-03 02:00:21.294 [EVENT] sock=2536 hEvent=000009A4 events=0x0
2026-10-03 02:00:21.295 [EVENT] sock=2536 hEvent=000009A4 events=0x21
2026-10-03 02:00:31.366 [EVENT] sock=2536 hEvent=000009A4 events=0x0
2026-10-03 02:00:31.367 [EVENT] sock=2536 hEvent=000009A4 events=0x21
2026-10-03 02:00:38.134 [EVENT] sock=2732 hEvent=00000A90 events=0x0
2026-10-03 02:00:38.134 [EVENT] sock=2732 hEvent=00000A90 events=0x21
2026-10-03 02:00:41.436 [EVENT] sock=2536 hEvent=000009A4 events=0x0
2026-10-03 02:00:41.436 [EVENT] sock=2536 hEvent=000009A4 events=0x21
2026-10-03 02:00:51.498 [EVENT] sock=2536 hEvent=000009A4 events=0x0
2026-10-03 02:00:51.499 [EVENT] sock=2536 hEvent=000009A4 events=0x21
2026-10-03 02:01:01.545 [EVENT] sock=2536 hEvent=000009A4 events=0x0
2026-10-03 02:01:01.546 [EVENT] sock=2536 hEvent=000009A4 events=0x21
2026-10-03 02:01:08.135 [EVENT] sock=2732 hEvent=00000A90 events=0x0
2026-10-03 02:01:08.136 [EVENT] sock=2732 hEvent=00000A90 events=0x21
2026-10-03 02:01:11.607 [EVENT] sock=2536 hEvent=000009A4 events=0x0
2026-10-03 02:01:11.609 [EVENT] sock=2536 hEvent=000009A4 events=0x21
2026-10-03 02:01:21.659 [EVENT] sock=2536 hEvent=000009A4 events=0x0
2026-10-03 02:01:21.660 [EVENT] sock=2536 hEvent=000009A4 events=0x21
2026-10-03 02:01:31.762 [EVENT] sock=2536 hEvent=000009A4 events=0x0
2026-10-03 02:01:31.762 [EVENT] sock=2536 hEvent=000009A4 events=0x21
2026-10-03 02:01:38.137 [EVENT] sock=2732 hEvent=00000A90 events=0x0
2026-10-03 02:01:38.138 [EVENT] sock=2732 hEvent=00000A90 events=0x21
2026-10-03 02:01:41.840 [EVENT] sock=2536 hEvent=000009A4 events=0x0
2026-10-03 02:01:41.840 [EVENT] sock=2536 hEvent=000009A4 events=0x21
2026-10-03 02:01:51.904 [EVENT] sock=2536 hEvent=000009A4 events=0x0
2026-10-03 02:01:51.905 [EVENT] sock=2536 hEvent=000009A4 events=0x21
2026-10-03 02:02:01.958 [EVENT] sock=2536 hEvent=000009A4 events=0x0
2026-10-03 02:02:01.958 [EVENT] sock=2536 hEvent=000009A4 events=0x21
2026-10-03 02:02:08.139 [EVENT] sock=2732 hEvent=00000A90 events=0x0
2026-10-03 02:02:08.142 [EVENT] sock=2732 hEvent=00000A90 events=0x21
2026-10-03 02:02:12.010 [EVENT] sock=2536 hEvent=000009A4 events=0x0
2026-10-03 02:02:12.011 [EVENT] sock=2536 hEvent=000009A4 events=0x21
2026-10-03 02:02:22.061 [EVENT] sock=2536 hEvent=000009A4 events=0x0
2026-10-03 02:02:22.063 [EVENT] sock=2536 hEvent=000009A4 events=0x21
2026-10-03 02:02:32.118 [EVENT] sock=2536 hEvent=000009A4 events=0x0
2026-10-03 02:02:32.118 [EVENT] sock=2536 hEvent=000009A4 events=0x21
2026-10-03 02:02:38.142 [EVENT] sock=2732 hEvent=00000A90 events=0x0
2026-10-03 02:02:38.145 [EVENT] sock=2732 hEvent=00000A90 events=0x21
2026-10-03 02:02:42.171 [EVENT] sock=2536 hEvent=000009A4 events=0x0
2026-10-03 02:02:42.171 [EVENT] sock=2536 hEvent=000009A4 events=0x21
2026-10-03 02:02:52.226 [EVENT] sock=2536 hEvent=000009A4 events=0x0
2026-10-03 02:02:52.226 [EVENT] sock=2536 hEvent=000009A4 events=0x21
2026-10-03 02:03:02.299 [EVENT] sock=2536 hEvent=000009A4 events=0x0
2026-10-03 02:03:02.301 [EVENT] sock=2536 hEvent=000009A4 events=0x21
2026-10-03 02:03:08.145 [EVENT] sock=2732 hEvent=00000A90 events=0x0
2026-10-03 02:03:08.145 [EVENT] sock=2732 hEvent=00000A90 events=0x21
2026-10-03 02:03:12.363 [EVENT] sock=2536 hEvent=000009A4 events=0x0
2026-10-03 02:03:12.364 [EVENT] sock=2536 hEvent=000009A4 events=0x21
2026-10-03 02:03:22.424 [EVENT] sock=2536 hEvent=000009A4 events=0x0
2026-10-03 02:03:22.425 [EVENT] sock=2536 hEvent=000009A4 events=0x21
2026-10-03 02:03:32.494 [EVENT] sock=2536 hEvent=000009A4 events=0x0
2026-10-03 02:03:32.495 [EVENT] sock=2536 hEvent=000009A4 events=0x21
2026-10-03 02:03:38.147 [EVENT] sock=2732 hEvent=00000A90 events=0x0
2026-10-03 02:03:38.147 [EVENT] sock=2732 hEvent=00000A90 events=0x21
2026-10-03 02:03:42.560 [EVENT] sock=2536 hEvent=000009A4 events=0x0
2026-10-03 02:03:42.560 [EVENT] sock=2536 hEvent=000009A4 events=0x21
2026-10-03 02:03:52.621 [EVENT] sock=2536 hEvent=000009A4 events=0x0
2026-10-03 02:03:52.623 [EVENT] sock=2536 hEvent=000009A4 events=0x21
2026-10-03 02:04:02.693 [EVENT] sock=2536 hEvent=000009A4 events=0x0
2026-10-03 02:04:02.694 [EVENT] sock=2536 hEvent=000009A4 events=0x21
2026-10-03 02:04:08.149 [EVENT] sock=2732 hEvent=00000A90 events=0x0
2026-10-03 02:04:08.149 [EVENT] sock=2732 hEvent=00000A90 events=0x21
2026-10-03 02:04:12.746 [EVENT] sock=2536 hEvent=000009A4 events=0x0
2026-10-03 02:04:12.748 [EVENT] sock=2536 hEvent=000009A4 events=0x21
2026-10-03 02:04:22.802 [EVENT] sock=2536 hEvent=000009A4 events=0x0
2026-10-03 02:04:22.803 [EVENT] sock=2536 hEvent=000009A4 events=0x21
2026-10-03 02:04:32.859 [EVENT] sock=2536 hEvent=000009A4 events=0x0
2026-10-03 02:04:32.859 [EVENT] sock=2536 hEvent=000009A4 events=0x21
2026-10-03 02:04:38.151 [EVENT] sock=2732 hEvent=00000A90 events=0x0
2026-10-03 02:04:38.151 [EVENT] sock=2732 hEvent=00000A90 events=0x21
2026-10-03 02:04:42.925 [EVENT] sock=2536 hEvent=000009A4 events=0x0
2026-10-03 02:04:42.926 [EVENT] sock=2536 hEvent=000009A4 events=0x21
2026-10-03 02:04:53.001 [EVENT] sock=2536 hEvent=000009A4 events=0x0
2026-10-03 02:04:53.003 [EVENT] sock=2536 hEvent=000009A4 events=0x21
2026-10-03 02:05:03.068 [EVENT] sock=2536 hEvent=000009A4 events=0x0
2026-10-03 02:05:03.069 [EVENT] sock=2536 hEvent=000009A4 events=0x21
2026-10-03 02:05:08.153 [EVENT] sock=2732 hEvent=00000A90 events=0x0
2026-10-03 02:05:08.154 [EVENT] sock=2732 hEvent=00000A90 events=0x21
2026-10-03 02:05:13.122 [EVENT] sock=2536 hEvent=000009A4 events=0x0
2026-10-03 02:05:13.123 [EVENT] sock=2536 hEvent=000009A4 events=0x21
2026-10-03 02:05:23.190 [EVENT] sock=2536 hEvent=000009A4 events=0x0
2026-10-03 02:05:23.194 [EVENT] sock=2536 hEvent=000009A4 events=0x21
2026-10-03 02:05:33.259 [EVENT] sock=2536 hEvent=000009A4 events=0x0
2026-10-03 02:05:33.260 [EVENT] sock=2536 hEvent=000009A4 events=0x21
2026-10-03 02:05:38.159 [EVENT] sock=2732 hEvent=00000A90 events=0x0
2026-10-03 02:05:38.162 [EVENT] sock=2732 hEvent=00000A90 events=0x21
2026-10-03 02:05:43.321 [EVENT] sock=2536 hEvent=000009A4 events=0x0
2026-10-03 02:05:43.321 [EVENT] sock=2536 hEvent=000009A4 events=0x21
2026-10-03 02:05:53.370 [EVENT] sock=2536 hEvent=000009A4 events=0x0
2026-10-03 02:05:53.372 [EVENT] sock=2536 hEvent=000009A4 events=0x21
2026-10-03 02:06:03.436 [EVENT] sock=2536 hEvent=000009A4 events=0x0
2026-10-03 02:06:03.437 [EVENT] sock=2536 hEvent=000009A4 events=0x21
2026-10-03 02:06:08.165 [EVENT] sock=2732 hEvent=00000A90 events=0x0
2026-10-03 02:06:08.166 [EVENT] sock=2732 hEvent=00000A90 events=0x21
2026-10-03 02:06:13.487 [EVENT] sock=2536 hEvent=000009A4 events=0x0
2026-10-03 02:06:13.487 [EVENT] sock=2536 hEvent=000009A4 events=0x21
2026-10-03 02:06:23.567 [EVENT] sock=2536 hEvent=000009A4 events=0x0
2026-10-03 02:06:23.568 [EVENT] sock=2536 hEvent=000009A4 events=0x21
2026-10-03 02:06:33.642 [EVENT] sock=2536 hEvent=000009A4 events=0x0
2026-10-03 02:06:33.643 [EVENT] sock=2536 hEvent=000009A4 events=0x21
2026-10-03 02:06:38.167 [EVENT] sock=2732 hEvent=00000A90 events=0x0
2026-10-03 02:06:38.168 [EVENT] sock=2732 hEvent=00000A90 events=0x21
2026-10-03 02:06:43.696 [EVENT] sock=2536 hEvent=000009A4 events=0x0
2026-10-03 02:06:43.697 [EVENT] sock=2536 hEvent=000009A4 events=0x21
2026-10-03 02:06:53.766 [EVENT] sock=2536 hEvent=000009A4 events=0x0
2026-10-03 02:06:53.770 [EVENT] sock=2536 hEvent=000009A4 events=0x21
2026-10-03 02:07:03.838 [EVENT] sock=2536 hEvent=000009A4 events=0x0
2026-10-03 02:07:03.840 [EVENT] sock=2536 hEvent=000009A4 events=0x21
2026-10-03 02:07:08.169 [EVENT] sock=2732 hEvent=00000A90 events=0x0
2026-10-03 02:07:08.169 [EVENT] sock=2732 hEvent=00000A90 events=0x21
2026-10-03 02:07:13.902 [EVENT] sock=2536 hEvent=000009A4 events=0x0
2026-10-03 02:07:13.902 [EVENT] sock=2536 hEvent=000009A4 events=0x21
2026-10-03 02:07:23.955 [EVENT] sock=2536 hEvent=000009A4 events=0x0
2026-10-03 02:07:23.956 [EVENT] sock=2536 hEvent=000009A4 events=0x21
2026-10-03 02:07:34.001 [EVENT] sock=2536 hEvent=000009A4 events=0x0
2026-10-03 02:07:34.002 [EVENT] sock=2536 hEvent=000009A4 events=0x21
2026-10-03 02:07:38.171 [EVENT] sock=2732 hEvent=00000A90 events=0x0
2026-10-03 02:07:38.172 [EVENT] sock=2732 hEvent=00000A90 events=0x21
2026-10-03 02:07:44.055 [EVENT] sock=2536 hEvent=000009A4 events=0x0
2026-10-03 02:07:44.056 [EVENT] sock=2536 hEvent=000009A4 events=0x21
2026-10-03 02:07:54.116 [EVENT] sock=2536 hEvent=000009A4 events=0x0
2026-10-03 02:07:54.117 [EVENT] sock=2536 hEvent=000009A4 events=0x21
2026-10-03 02:08:04.170 [EVENT] sock=2536 hEvent=000009A4 events=0x0
2026-10-03 02:08:04.171 [EVENT] sock=2536 hEvent=000009A4 events=0x21
2026-10-03 02:08:08.172 [EVENT] sock=2732 hEvent=00000A90 events=0x0
2026-10-03 02:08:08.172 [EVENT] sock=2732 hEvent=00000A90 events=0x21
2026-10-03 02:08:14.235 [EVENT] sock=2536 hEvent=000009A4 events=0x0
2026-10-03 02:08:14.235 [EVENT] sock=2536 hEvent=000009A4 events=0x21
2026-10-03 02:08:24.313 [EVENT] sock=2536 hEvent=000009A4 events=0x0
2026-10-03 02:08:24.313 [EVENT] sock=2536 hEvent=000009A4 events=0x21
2026-10-03 02:08:34.377 [EVENT] sock=2536 hEvent=000009A4 events=0x0
2026-10-03 02:08:34.378 [EVENT] sock=2536 hEvent=000009A4 events=0x21
2026-10-03 02:08:38.173 [EVENT] sock=2732 hEvent=00000A90 events=0x0
2026-10-03 02:08:38.173 [EVENT] sock=2732 hEvent=00000A90 events=0x21
2026-10-03 02:08:44.424 [EVENT] sock=2536 hEvent=000009A4 events=0x0
2026-10-03 02:08:44.425 [EVENT] sock=2536 hEvent=000009A4 events=0x21
2026-10-03 02:08:54.479 [EVENT] sock=2536 hEvent=000009A4 events=0x0
2026-10-03 02:08:54.479 [EVENT] sock=2536 hEvent=000009A4 events=0x21
2026-10-03 02:09:04.529 [EVENT] sock=2536 hEvent=000009A4 events=0x0
2026-10-03 02:09:04.530 [EVENT] sock=2536 hEvent=000009A4 events=0x21
2026-10-03 02:09:08.174 [EVENT] sock=2732 hEvent=00000A90 events=0x0
2026-10-03 02:09:08.174 [EVENT] sock=2732 hEvent=00000A90 events=0x21
2026-10-03 02:09:14.600 [EVENT] sock=2536 hEvent=000009A4 events=0x0
2026-10-03 02:09:14.601 [EVENT] sock=2536 hEvent=000009A4 events=0x21
2026-10-03 02:09:24.648 [EVENT] sock=2536 hEvent=000009A4 events=0x0
2026-10-03 02:09:24.649 [EVENT] sock=2536 hEvent=000009A4 events=0x21
2026-10-03 02:09:34.700 [EVENT] sock=2536 hEvent=000009A4 events=0x0
2026-10-03 02:09:34.701 [EVENT] sock=2536 hEvent=000009A4 events=0x21
2026-10-03 02:09:38.175 [EVENT] sock=2732 hEvent=00000A90 events=0x0
2026-10-03 02:09:38.175 [EVENT] sock=2732 hEvent=00000A90 events=0x21
2026-10-03 02:09:44.766 [EVENT] sock=2536 hEvent=000009A4 events=0x0
2026-10-03 02:09:44.768 [EVENT] sock=2536 hEvent=000009A4 events=0x21
2026-10-03 02:09:54.838 [EVENT] sock=2536 hEvent=000009A4 events=0x0
2026-10-03 02:09:54.839 [EVENT] sock=2536 hEvent=000009A4 events=0x21
2026-10-03 02:10:04.895 [EVENT] sock=2536 hEvent=000009A4 events=0x0
2026-10-03 02:10:04.895 [EVENT] sock=2536 hEvent=000009A4 events=0x21
2026-10-03 02:10:08.177 [EVENT] sock=2732 hEvent=00000A90 events=0x0
2026-10-03 02:10:08.177 [EVENT] sock=2732 hEvent=00000A90 events=0x21
2026-10-03 02:10:14.955 [EVENT] sock=2536 hEvent=000009A4 events=0x0
2026-10-03 02:10:14.956 [EVENT] sock=2536 hEvent=000009A4 events=0x21
2026-10-03 02:10:25.022 [EVENT] sock=2536 hEvent=000009A4 events=0x0
2026-10-03 02:10:25.023 [EVENT] sock=2536 hEvent=000009A4 events=0x21
2026-10-03 02:10:35.080 [EVENT] sock=2536 hEvent=000009A4 events=0x0
2026-10-03 02:10:35.081 [EVENT] sock=2536 hEvent=000009A4 events=0x21
2026-10-03 02:10:38.179 [EVENT] sock=2732 hEvent=00000A90 events=0x0
2026-10-03 02:10:38.181 [EVENT] sock=2732 hEvent=00000A90 events=0x21
2026-10-03 02:10:45.128 [EVENT] sock=2536 hEvent=000009A4 events=0x0
2026-10-03 02:10:45.129 [EVENT] sock=2536 hEvent=000009A4 events=0x21
2026-10-03 02:10:55.175 [EVENT] sock=2536 hEvent=000009A4 events=0x0
2026-10-03 02:10:55.176 [EVENT] sock=2536 hEvent=000009A4 events=0x21
2026-10-03 02:11:05.231 [EVENT] sock=2536 hEvent=000009A4 events=0x0
2026-10-03 02:11:05.231 [EVENT] sock=2536 hEvent=000009A4 events=0x21
2026-10-03 02:11:08.182 [EVENT] sock=2732 hEvent=00000A90 events=0x0
2026-10-03 02:11:08.182 [EVENT] sock=2732 hEvent=00000A90 events=0x21
2026-10-03 02:11:15.281 [EVENT] sock=2536 hEvent=000009A4 events=0x0
2026-10-03 02:11:15.282 [EVENT] sock=2536 hEvent=000009A4 events=0x21
2026-10-03 02:11:25.357 [EVENT] sock=2536 hEvent=000009A4 events=0x0
2026-10-03 02:11:25.357 [EVENT] sock=2536 hEvent=000009A4 events=0x21
2026-10-03 02:11:35.415 [EVENT] sock=2536 hEvent=000009A4 events=0x0
2026-10-03 02:11:35.418 [EVENT] sock=2536 hEvent=000009A4 events=0x21
2026-10-03 02:11:38.182 [EVENT] sock=2732 hEvent=00000A90 events=0x0
2026-10-03 02:11:38.182 [EVENT] sock=2732 hEvent=00000A90 events=0x21
2026-10-03 02:11:45.488 [EVENT] sock=2536 hEvent=000009A4 events=0x0
2026-10-03 02:11:45.488 [EVENT] sock=2536 hEvent=000009A4 events=0x21
2026-10-03 02:11:55.537 [EVENT] sock=2536 hEvent=000009A4 events=0x0
2026-10-03 02:11:55.538 [EVENT] sock=2536 hEvent=000009A4 events=0x21
2026-10-03 02:12:05.583 [EVENT] sock=2536 hEvent=000009A4 events=0x0
2026-10-03 02:12:05.584 [EVENT] sock=2536 hEvent=000009A4 events=0x21
2026-10-03 02:12:08.183 [EVENT] sock=2732 hEvent=00000A90 events=0x0
2026-10-03 02:12:08.183 [EVENT] sock=2732 hEvent=00000A90 events=0x21
2026-10-03 02:12:15.641 [EVENT] sock=2536 hEvent=000009A4 events=0x0
2026-10-03 02:12:15.642 [EVENT] sock=2536 hEvent=000009A4 events=0x21
2026-10-03 02:12:25.701 [EVENT] sock=2536 hEvent=000009A4 events=0x0
2026-10-03 02:12:25.702 [EVENT] sock=2536 hEvent=000009A4 events=0x21
2026-10-03 02:12:35.764 [EVENT] sock=2536 hEvent=000009A4 events=0x0
2026-10-03 02:12:35.764 [EVENT] sock=2536 hEvent=000009A4 events=0x21
2026-10-03 02:12:38.184 [EVENT] sock=2732 hEvent=00000A90 events=0x0
2026-10-03 02:12:38.184 [EVENT] sock=2732 hEvent=00000A90 events=0x21
2026-10-03 02:12:45.823 [EVENT] sock=2536 hEvent=000009A4 events=0x0
2026-10-03 02:12:45.824 [EVENT] sock=2536 hEvent=000009A4 events=0x21
2026-10-03 02:12:55.887 [EVENT] sock=2536 hEvent=000009A4 events=0x0
2026-10-03 02:12:55.887 [EVENT] sock=2536 hEvent=000009A4 events=0x21
2026-10-03 02:13:05.941 [EVENT] sock=2536 hEvent=000009A4 events=0x0
2026-10-03 02:13:05.942 [EVENT] sock=2536 hEvent=000009A4 events=0x21
2026-10-03 02:13:08.185 [EVENT] sock=2732 hEvent=00000A90 events=0x0
2026-10-03 02:13:08.185 [EVENT] sock=2732 hEvent=00000A90 events=0x21
2026-10-03 02:13:15.994 [EVENT] sock=2536 hEvent=000009A4 events=0x0
2026-10-03 02:13:15.994 [EVENT] sock=2536 hEvent=000009A4 events=0x21
2026-10-03 02:13:26.046 [EVENT] sock=2536 hEvent=000009A4 events=0x0
2026-10-03 02:13:26.047 [EVENT] sock=2536 hEvent=000009A4 events=0x21
2026-10-03 02:13:36.102 [EVENT] sock=2536 hEvent=000009A4 events=0x0
2026-10-03 02:13:36.102 [EVENT] sock=2536 hEvent=000009A4 events=0x21
2026-10-03 02:13:38.186 [EVENT] sock=2732 hEvent=00000A90 events=0x0
2026-10-03 02:13:38.186 [EVENT] sock=2732 hEvent=00000A90 events=0x21
2026-10-03 02:13:46.149 [EVENT] sock=2536 hEvent=000009A4 events=0x0
2026-10-03 02:13:46.149 [EVENT] sock=2536 hEvent=000009A4 events=0x21
2026-10-03 02:13:56.212 [EVENT] sock=2536 hEvent=000009A4 events=0x0
2026-10-03 02:13:56.213 [EVENT] sock=2536 hEvent=000009A4 events=0x21
2026-10-03 02:14:06.277 [EVENT] sock=2536 hEvent=000009A4 events=0x0
2026-10-03 02:14:06.277 [EVENT] sock=2536 hEvent=000009A4 events=0x21
2026-10-03 02:14:08.187 [EVENT] sock=2732 hEvent=00000A90 events=0x0
2026-10-03 02:14:08.188 [EVENT] sock=2732 hEvent=00000A90 events=0x21
2026-10-03 02:14:16.328 [EVENT] sock=2536 hEvent=000009A4 events=0x0
2026-10-03 02:14:16.329 [EVENT] sock=2536 hEvent=000009A4 events=0x21
2026-10-03 02:14:26.376 [EVENT] sock=2536 hEvent=000009A4 events=0x0
2026-10-03 02:14:26.376 [EVENT] sock=2536 hEvent=000009A4 events=0x21
2026-10-03 02:14:36.427 [EVENT] sock=2536 hEvent=000009A4 events=0x0
2026-10-03 02:14:36.428 [EVENT] sock=2536 hEvent=000009A4 events=0x21
2026-10-03 02:14:38.189 [EVENT] sock=2732 hEvent=00000A90 events=0x0
2026-10-03 02:14:38.189 [EVENT] sock=2732 hEvent=00000A90 events=0x21
2026-10-03 02:14:46.488 [EVENT] sock=2536 hEvent=000009A4 events=0x0
2026-10-03 02:14:46.488 [EVENT] sock=2536 hEvent=000009A4 events=0x21
2026-10-03 02:14:56.555 [EVENT] sock=2536 hEvent=000009A4 events=0x0
2026-10-03 02:14:56.556 [EVENT] sock=2536 hEvent=000009A4 events=0x21
2026-10-03 02:15:06.601 [EVENT] sock=2536 hEvent=000009A4 events=0x0
2026-10-03 02:15:06.602 [EVENT] sock=2536 hEvent=000009A4 events=0x21
2026-10-03 02:15:08.189 [EVENT] sock=2732 hEvent=00000A90 events=0x0
2026-10-03 02:15:08.190 [EVENT] sock=2732 hEvent=00000A90 events=0x21
2026-10-03 02:15:16.661 [EVENT] sock=2536 hEvent=000009A4 events=0x0
2026-10-03 02:15:16.662 [EVENT] sock=2536 hEvent=000009A4 events=0x21
2026-10-03 02:15:26.719 [EVENT] sock=2536 hEvent=000009A4 events=0x0
2026-10-03 02:15:26.720 [EVENT] sock=2536 hEvent=000009A4 events=0x21
2026-10-03 02:15:36.795 [EVENT] sock=2536 hEvent=000009A4 events=0x0
2026-10-03 02:15:36.796 [EVENT] sock=2536 hEvent=000009A4 events=0x21
2026-10-03 02:15:38.191 [EVENT] sock=2732 hEvent=00000A90 events=0x0
2026-10-03 02:15:38.191 [EVENT] sock=2732 hEvent=00000A90 events=0x21
2026-10-03 02:15:46.843 [EVENT] sock=2536 hEvent=000009A4 events=0x0
2026-10-03 02:15:46.843 [EVENT] sock=2536 hEvent=000009A4 events=0x21
2026-10-03 02:15:56.903 [EVENT] sock=2536 hEvent=000009A4 events=0x0
2026-10-03 02:15:56.903 [EVENT] sock=2536 hEvent=000009A4 events=0x21
2026-10-03 02:16:06.978 [EVENT] sock=2536 hEvent=000009A4 events=0x0
2026-10-03 02:16:06.979 [EVENT] sock=2536 hEvent=000009A4 events=0x21
2026-10-03 02:16:08.193 [EVENT] sock=2732 hEvent=00000A90 events=0x0
2026-10-03 02:16:08.193 [EVENT] sock=2732 hEvent=00000A90 events=0x21
2026-10-03 02:16:17.033 [EVENT] sock=2536 hEvent=000009A4 events=0x0
2026-10-03 02:16:17.036 [EVENT] sock=2536 hEvent=000009A4 events=0x21
2026-10-03 02:16:27.098 [EVENT] sock=2536 hEvent=000009A4 events=0x0
2026-10-03 02:16:27.098 [EVENT] sock=2536 hEvent=000009A4 events=0x21
2026-10-03 02:16:37.159 [EVENT] sock=2536 hEvent=000009A4 events=0x0
2026-10-03 02:16:37.160 [EVENT] sock=2536 hEvent=000009A4 events=0x21
2026-10-03 02:16:38.195 [EVENT] sock=2732 hEvent=00000A90 events=0x0
2026-10-03 02:16:38.196 [EVENT] sock=2732 hEvent=00000A90 events=0x21
2026-10-03 02:16:47.210 [EVENT] sock=2536 hEvent=000009A4 events=0x0
2026-10-03 02:16:47.211 [EVENT] sock=2536 hEvent=000009A4 events=0x21
2026-10-03 02:16:57.273 [EVENT] sock=2536 hEvent=000009A4 events=0x0
2026-10-03 02:16:57.274 [EVENT] sock=2536 hEvent=000009A4 events=0x21
2026-10-03 02:17:07.335 [EVENT] sock=2536 hEvent=000009A4 events=0x0
2026-10-03 02:17:07.336 [EVENT] sock=2536 hEvent=000009A4 events=0x21
2026-10-03 02:17:08.197 [EVENT] sock=2732 hEvent=00000A90 events=0x0
2026-10-03 02:17:08.197 [EVENT] sock=2732 hEvent=00000A90 events=0x21
2026-10-03 02:17:17.399 [EVENT] sock=2536 hEvent=000009A4 events=0x0
2026-10-03 02:17:17.399 [EVENT] sock=2536 hEvent=000009A4 events=0x21
2026-10-03 02:17:27.453 [EVENT] sock=2536 hEvent=000009A4 events=0x0
2026-10-03 02:17:27.455 [EVENT] sock=2536 hEvent=000009A4 events=0x21
2026-10-03 02:17:37.514 [EVENT] sock=2536 hEvent=000009A4 events=0x0
2026-10-03 02:17:37.515 [EVENT] sock=2536 hEvent=000009A4 events=0x21
2026-10-03 02:17:38.198 [EVENT] sock=2732 hEvent=00000A90 events=0x0
2026-10-03 02:17:38.198 [EVENT] sock=2732 hEvent=00000A90 events=0x21
2026-10-03 02:17:47.560 [EVENT] sock=2536 hEvent=000009A4 events=0x0
2026-10-03 02:17:47.562 [EVENT] sock=2536 hEvent=000009A4 events=0x21
2026-10-03 02:17:57.609 [EVENT] sock=2536 hEvent=000009A4 events=0x0
2026-10-03 02:17:57.609 [EVENT] sock=2536 hEvent=000009A4 events=0x21
2026-10-03 02:18:07.681 [EVENT] sock=2536 hEvent=000009A4 events=0x0
2026-10-03 02:18:07.682 [EVENT] sock=2536 hEvent=000009A4 events=0x21
2026-10-03 02:18:08.200 [EVENT] sock=2732 hEvent=00000A90 events=0x0
2026-10-03 02:18:08.200 [EVENT] sock=2732 hEvent=00000A90 events=0x21
2026-10-03 02:18:17.735 [EVENT] sock=2536 hEvent=000009A4 events=0x0
2026-10-03 02:18:17.735 [EVENT] sock=2536 hEvent=000009A4 events=0x21
2026-10-03 02:18:27.798 [EVENT] sock=2536 hEvent=000009A4 events=0x0
2026-10-03 02:18:27.798 [EVENT] sock=2536 hEvent=000009A4 events=0x21
2026-10-03 02:18:37.863 [EVENT] sock=2536 hEvent=000009A4 events=0x0
2026-10-03 02:18:37.864 [EVENT] sock=2536 hEvent=000009A4 events=0x21
2026-10-03 02:18:38.200 [EVENT] sock=2732 hEvent=00000A90 events=0x0
2026-10-03 02:18:38.200 [EVENT] sock=2732 hEvent=00000A90 events=0x21
2026-10-03 02:18:47.932 [EVENT] sock=2536 hEvent=000009A4 events=0x0
2026-10-03 02:18:47.932 [EVENT] sock=2536 hEvent=000009A4 events=0x21
2026-10-03 02:18:57.987 [EVENT] sock=2536 hEvent=000009A4 events=0x0
2026-10-03 02:18:57.988 [EVENT] sock=2536 hEvent=000009A4 events=0x21
2026-10-03 02:19:08.035 [EVENT] sock=2536 hEvent=000009A4 events=0x0
2026-10-03 02:19:08.036 [EVENT] sock=2536 hEvent=000009A4 events=0x21
2026-10-03 02:19:08.200 [EVENT] sock=2732 hEvent=00000A90 events=0x0
2026-10-03 02:19:08.201 [EVENT] sock=2732 hEvent=00000A90 events=0x21
2026-10-03 02:19:18.087 [EVENT] sock=2536 hEvent=000009A4 events=0x0
2026-10-03 02:19:18.088 [EVENT] sock=2536 hEvent=000009A4 events=0x21
2026-10-03 02:19:28.146 [EVENT] sock=2536 hEvent=000009A4 events=0x0
2026-10-03 02:19:28.147 [EVENT] sock=2536 hEvent=000009A4 events=0x21
2026-10-03 02:19:38.201 [EVENT] sock=2536 hEvent=000009A4 events=0x0
2026-10-03 02:19:38.201 [EVENT] sock=2536 hEvent=000009A4 events=0x21
2026-10-03 02:19:38.204 [EVENT] sock=2732 hEvent=00000A90 events=0x0
2026-10-03 02:19:38.207 [EVENT] sock=2732 hEvent=00000A90 events=0x21
2026-10-03 02:19:48.280 [EVENT] sock=2536 hEvent=000009A4 events=0x0
2026-10-03 02:19:48.281 [EVENT] sock=2536 hEvent=000009A4 events=0x21
2026-10-03 02:19:58.342 [EVENT] sock=2536 hEvent=000009A4 events=0x0
2026-10-03 02:19:58.343 [EVENT] sock=2536 hEvent=000009A4 events=0x21
2026-10-03 02:20:08.208 [EVENT] sock=2732 hEvent=00000A90 events=0x0
2026-10-03 02:20:08.208 [EVENT] sock=2732 hEvent=00000A90 events=0x21
2026-10-03 02:20:08.418 [EVENT] sock=2536 hEvent=000009A4 events=0x0
2026-10-03 02:20:08.419 [EVENT] sock=2536 hEvent=000009A4 events=0x21
2026-10-03 02:20:18.472 [EVENT] sock=2536 hEvent=000009A4 events=0x0
2026-10-03 02:20:18.473 [EVENT] sock=2536 hEvent=000009A4 events=0x21
2026-10-03 02:20:28.532 [EVENT] sock=2536 hEvent=000009A4 events=0x0
2026-10-03 02:20:28.534 [EVENT] sock=2536 hEvent=000009A4 events=0x21
2026-10-03 02:20:38.210 [EVENT] sock=2732 hEvent=00000A90 events=0x0
2026-10-03 02:20:38.210 [EVENT] sock=2732 hEvent=00000A90 events=0x21
2026-10-03 02:20:38.584 [EVENT] sock=2536 hEvent=000009A4 events=0x0
2026-10-03 02:20:38.585 [EVENT] sock=2536 hEvent=000009A4 events=0x21
2026-10-03 02:20:48.630 [EVENT] sock=2536 hEvent=000009A4 events=0x0
2026-10-03 02:20:48.631 [EVENT] sock=2536 hEvent=000009A4 events=0x21
2026-10-03 02:20:58.680 [EVENT] sock=2536 hEvent=000009A4 events=0x0
2026-10-03 02:20:58.681 [EVENT] sock=2536 hEvent=000009A4 events=0x21
2026-10-03 02:21:08.212 [EVENT] sock=2732 hEvent=00000A90 events=0x0
2026-10-03 02:21:08.212 [EVENT] sock=2732 hEvent=00000A90 events=0x21
2026-10-03 02:21:08.760 [EVENT] sock=2536 hEvent=000009A4 events=0x0
2026-10-03 02:21:08.760 [EVENT] sock=2536 hEvent=000009A4 events=0x21
2026-10-03 02:21:18.811 [EVENT] sock=2536 hEvent=000009A4 events=0x0
2026-10-03 02:21:18.811 [EVENT] sock=2536 hEvent=000009A4 events=0x21
2026-10-03 02:21:28.881 [EVENT] sock=2536 hEvent=000009A4 events=0x0
2026-10-03 02:21:28.881 [EVENT] sock=2536 hEvent=000009A4 events=0x21
2026-10-03 02:21:38.212 [EVENT] sock=2732 hEvent=00000A90 events=0x0
2026-10-03 02:21:38.215 [EVENT] sock=2732 hEvent=00000A90 events=0x21
2026-10-03 02:21:38.938 [EVENT] sock=2536 hEvent=000009A4 events=0x0
2026-10-03 02:21:38.938 [EVENT] sock=2536 hEvent=000009A4 events=0x21
2026-10-03 02:21:48.999 [EVENT] sock=2536 hEvent=000009A4 events=0x0
2026-10-03 02:21:49.000 [EVENT] sock=2536 hEvent=000009A4 events=0x21
2026-10-03 02:21:59.059 [EVENT] sock=2536 hEvent=000009A4 events=0x0
2026-10-03 02:21:59.061 [EVENT] sock=2536 hEvent=000009A4 events=0x21
2026-10-03 02:22:08.216 [EVENT] sock=2732 hEvent=00000A90 events=0x0
2026-10-03 02:22:08.217 [EVENT] sock=2732 hEvent=00000A90 events=0x21
2026-10-03 02:22:09.111 [EVENT] sock=2536 hEvent=000009A4 events=0x0
2026-10-03 02:22:09.113 [EVENT] sock=2536 hEvent=000009A4 events=0x21
2026-10-03 02:22:19.158 [EVENT] sock=2536 hEvent=000009A4 events=0x0
2026-10-03 02:22:19.159 [EVENT] sock=2536 hEvent=000009A4 events=0x21
2026-10-03 02:22:29.216 [EVENT] sock=2536 hEvent=000009A4 events=0x0
2026-10-03 02:22:29.217 [EVENT] sock=2536 hEvent=000009A4 events=0x21
2026-10-03 02:22:38.218 [EVENT] sock=2732 hEvent=00000A90 events=0x0
2026-10-03 02:22:38.219 [EVENT] sock=2732 hEvent=00000A90 events=0x21
2026-10-03 02:22:39.268 [EVENT] sock=2536 hEvent=000009A4 events=0x0
2026-10-03 02:22:39.268 [EVENT] sock=2536 hEvent=000009A4 events=0x21
2026-10-03 02:22:49.318 [EVENT] sock=2536 hEvent=000009A4 events=0x0
2026-10-03 02:22:49.319 [EVENT] sock=2536 hEvent=000009A4 events=0x21
2026-10-03 02:22:59.374 [EVENT] sock=2536 hEvent=000009A4 events=0x0
2026-10-03 02:22:59.374 [EVENT] sock=2536 hEvent=000009A4 events=0x21
2026-10-03 02:23:08.219 [EVENT] sock=2732 hEvent=00000A90 events=0x0
2026-10-03 02:23:08.219 [EVENT] sock=2732 hEvent=00000A90 events=0x21
2026-10-03 02:23:09.434 [EVENT] sock=2536 hEvent=000009A4 events=0x0
2026-10-03 02:23:09.436 [EVENT] sock=2536 hEvent=000009A4 events=0x21
2026-10-03 02:23:19.494 [EVENT] sock=2536 hEvent=000009A4 events=0x0
2026-10-03 02:23:19.495 [EVENT] sock=2536 hEvent=000009A4 events=0x21
2026-10-03 02:23:29.558 [EVENT] sock=2536 hEvent=000009A4 events=0x0
2026-10-03 02:23:29.558 [EVENT] sock=2536 hEvent=000009A4 events=0x21
2026-10-03 02:23:38.220 [EVENT] sock=2732 hEvent=00000A90 events=0x0
2026-10-03 02:23:38.220 [EVENT] sock=2732 hEvent=00000A90 events=0x21
2026-10-03 02:23:39.613 [EVENT] sock=2536 hEvent=000009A4 events=0x0
2026-10-03 02:23:39.614 [EVENT] sock=2536 hEvent=000009A4 events=0x21
2026-10-03 02:23:49.673 [EVENT] sock=2536 hEvent=000009A4 events=0x0
2026-10-03 02:23:49.675 [EVENT] sock=2536 hEvent=000009A4 events=0x21
2026-10-03 02:23:59.740 [EVENT] sock=2536 hEvent=000009A4 events=0x0
2026-10-03 02:23:59.740 [EVENT] sock=2536 hEvent=000009A4 events=0x21
2026-10-03 02:24:08.220 [EVENT] sock=2732 hEvent=00000A90 events=0x0
2026-10-03 02:24:08.220 [EVENT] sock=2732 hEvent=00000A90 events=0x21
2026-10-03 02:24:09.803 [EVENT] sock=2536 hEvent=000009A4 events=0x0
2026-10-03 02:24:09.804 [EVENT] sock=2536 hEvent=000009A4 events=0x21
2026-10-03 02:24:19.870 [EVENT] sock=2536 hEvent=000009A4 events=0x0
2026-10-03 02:24:19.871 [EVENT] sock=2536 hEvent=000009A4 events=0x21
2026-10-03 02:24:29.929 [EVENT] sock=2536 hEvent=000009A4 events=0x0
2026-10-03 02:24:29.930 [EVENT] sock=2536 hEvent=000009A4 events=0x21
2026-10-03 02:24:38.224 [EVENT] sock=2732 hEvent=00000A90 events=0x0
2026-10-03 02:24:38.224 [EVENT] sock=2732 hEvent=00000A90 events=0x21
2026-10-03 02:24:39.980 [EVENT] sock=2536 hEvent=000009A4 events=0x0
2026-10-03 02:24:39.981 [EVENT] sock=2536 hEvent=000009A4 events=0x21
2026-10-03 02:24:50.032 [EVENT] sock=2536 hEvent=000009A4 events=0x0
2026-10-03 02:24:50.035 [EVENT] sock=2536 hEvent=000009A4 events=0x21
2026-10-03 02:25:00.093 [EVENT] sock=2536 hEvent=000009A4 events=0x0
2026-10-03 02:25:00.093 [EVENT] sock=2536 hEvent=000009A4 events=0x21
2026-10-03 02:25:08.225 [EVENT] sock=2732 hEvent=00000A90 events=0x0
2026-10-03 02:25:08.226 [EVENT] sock=2732 hEvent=00000A90 events=0x21
2026-10-03 02:25:10.149 [EVENT] sock=2536 hEvent=000009A4 events=0x0
2026-10-03 02:25:10.150 [EVENT] sock=2536 hEvent=000009A4 events=0x21
2026-10-03 02:25:20.213 [EVENT] sock=2536 hEvent=000009A4 events=0x0
2026-10-03 02:25:20.213 [EVENT] sock=2536 hEvent=000009A4 events=0x21
2026-10-03 02:25:30.273 [EVENT] sock=2536 hEvent=000009A4 events=0x0
2026-10-03 02:25:30.274 [EVENT] sock=2536 hEvent=000009A4 events=0x21
2026-10-03 02:25:38.227 [EVENT] sock=2732 hEvent=00000A90 events=0x0
2026-10-03 02:25:38.228 [EVENT] sock=2732 hEvent=00000A90 events=0x21
2026-10-03 02:25:40.332 [EVENT] sock=2536 hEvent=000009A4 events=0x0
2026-10-03 02:25:40.334 [EVENT] sock=2536 hEvent=000009A4 events=0x21
2026-10-03 02:25:50.399 [EVENT] sock=2536 hEvent=000009A4 events=0x0
2026-10-03 02:25:50.402 [EVENT] sock=2536 hEvent=000009A4 events=0x21
2026-10-03 02:26:00.453 [EVENT] sock=2536 hEvent=000009A4 events=0x0
2026-10-03 02:26:00.454 [EVENT] sock=2536 hEvent=000009A4 events=0x21
2026-10-03 02:26:08.228 [EVENT] sock=2732 hEvent=00000A90 events=0x0
2026-10-03 02:26:08.228 [EVENT] sock=2732 hEvent=00000A90 events=0x21
2026-10-03 02:26:10.516 [EVENT] sock=2536 hEvent=000009A4 events=0x0
2026-10-03 02:26:10.517 [EVENT] sock=2536 hEvent=000009A4 events=0x21
2026-10-03 02:26:20.587 [EVENT] sock=2536 hEvent=000009A4 events=0x0
2026-10-03 02:26:20.588 [EVENT] sock=2536 hEvent=000009A4 events=0x21
2026-10-03 02:26:30.638 [EVENT] sock=2536 hEvent=000009A4 events=0x0
2026-10-03 02:26:30.638 [EVENT] sock=2536 hEvent=000009A4 events=0x21
2026-10-03 02:26:38.230 [EVENT] sock=2732 hEvent=00000A90 events=0x0
2026-10-03 02:26:38.233 [EVENT] sock=2732 hEvent=00000A90 events=0x21
2026-10-03 02:26:40.688 [EVENT] sock=2536 hEvent=000009A4 events=0x0
2026-10-03 02:26:40.689 [EVENT] sock=2536 hEvent=000009A4 events=0x21
2026-10-03 02:26:50.762 [EVENT] sock=2536 hEvent=000009A4 events=0x0
2026-10-03 02:26:50.763 [EVENT] sock=2536 hEvent=000009A4 events=0x21
2026-10-03 02:27:00.814 [EVENT] sock=2536 hEvent=000009A4 events=0x0
2026-10-03 02:27:00.814 [EVENT] sock=2536 hEvent=000009A4 events=0x21
2026-10-03 02:27:08.234 [EVENT] sock=2732 hEvent=00000A90 events=0x0
2026-10-03 02:27:08.234 [EVENT] sock=2732 hEvent=00000A90 events=0x21
2026-10-03 02:27:10.868 [EVENT] sock=2536 hEvent=000009A4 events=0x0
2026-10-03 02:27:10.869 [EVENT] sock=2536 hEvent=000009A4 events=0x21
2026-10-03 02:27:20.951 [EVENT] sock=2536 hEvent=000009A4 events=0x0
2026-10-03 02:27:20.952 [EVENT] sock=2536 hEvent=000009A4 events=0x21
2026-10-03 02:27:31.007 [EVENT] sock=2536 hEvent=000009A4 events=0x0
2026-10-03 02:27:31.008 [EVENT] sock=2536 hEvent=000009A4 events=0x21
2026-10-03 02:27:38.236 [EVENT] sock=2732 hEvent=00000A90 events=0x0
2026-10-03 02:27:38.238 [EVENT] sock=2732 hEvent=00000A90 events=0x21
2026-10-03 02:27:41.054 [EVENT] sock=2536 hEvent=000009A4 events=0x0
2026-10-03 02:27:41.054 [EVENT] sock=2536 hEvent=000009A4 events=0x21
2026-10-03 02:27:51.103 [EVENT] sock=2536 hEvent=000009A4 events=0x0
2026-10-03 02:27:51.104 [EVENT] sock=2536 hEvent=000009A4 events=0x21
2026-10-03 02:28:01.179 [EVENT] sock=2536 hEvent=000009A4 events=0x0
2026-10-03 02:28:01.179 [EVENT] sock=2536 hEvent=000009A4 events=0x21
2026-10-03 02:28:08.239 [EVENT] sock=2732 hEvent=00000A90 events=0x0
2026-10-03 02:28:08.240 [EVENT] sock=2732 hEvent=00000A90 events=0x21
2026-10-03 02:28:11.248 [EVENT] sock=2536 hEvent=000009A4 events=0x0
2026-10-03 02:28:11.251 [EVENT] sock=2536 hEvent=000009A4 events=0x21
2026-10-03 02:28:21.296 [EVENT] sock=2536 hEvent=000009A4 events=0x0
2026-10-03 02:28:21.296 [EVENT] sock=2536 hEvent=000009A4 events=0x21
2026-10-03 02:28:31.345 [EVENT] sock=2536 hEvent=000009A4 events=0x0
2026-10-03 02:28:31.345 [EVENT] sock=2536 hEvent=000009A4 events=0x21
2026-10-03 02:28:38.240 [EVENT] sock=2732 hEvent=00000A90 events=0x0
2026-10-03 02:28:38.243 [EVENT] sock=2732 hEvent=00000A90 events=0x21
2026-10-03 02:28:41.404 [EVENT] sock=2536 hEvent=000009A4 events=0x0
2026-10-03 02:28:41.405 [EVENT] sock=2536 hEvent=000009A4 events=0x21
2026-10-03 02:28:51.468 [EVENT] sock=2536 hEvent=000009A4 events=0x0
2026-10-03 02:28:51.468 [EVENT] sock=2536 hEvent=000009A4 events=0x21
2026-10-03 02:29:01.518 [EVENT] sock=2536 hEvent=000009A4 events=0x0
2026-10-03 02:29:01.519 [EVENT] sock=2536 hEvent=000009A4 events=0x21
2026-10-03 02:29:08.244 [EVENT] sock=2732 hEvent=00000A90 events=0x0
2026-10-03 02:29:08.244 [EVENT] sock=2732 hEvent=00000A90 events=0x21
2026-10-03 02:29:11.576 [EVENT] sock=2536 hEvent=000009A4 events=0x0
2026-10-03 02:29:11.577 [EVENT] sock=2536 hEvent=000009A4 events=0x21
2026-10-03 02:29:21.653 [EVENT] sock=2536 hEvent=000009A4 events=0x0
2026-10-03 02:29:21.654 [EVENT] sock=2536 hEvent=000009A4 events=0x21
2026-10-03 02:29:31.720 [EVENT] sock=2536 hEvent=000009A4 events=0x0
2026-10-03 02:29:31.720 [EVENT] sock=2536 hEvent=000009A4 events=0x21
2026-10-03 02:29:38.244 [EVENT] sock=2732 hEvent=00000A90 events=0x0
2026-10-03 02:29:38.245 [EVENT] sock=2732 hEvent=00000A90 events=0x21
2026-10-03 02:29:41.799 [EVENT] sock=2536 hEvent=000009A4 events=0x0
2026-10-03 02:29:41.800 [EVENT] sock=2536 hEvent=000009A4 events=0x21
2026-10-03 02:29:51.865 [EVENT] sock=2536 hEvent=000009A4 events=0x0
2026-10-03 02:29:51.865 [EVENT] sock=2536 hEvent=000009A4 events=0x21
2026-10-03 02:30:01.937 [EVENT] sock=2536 hEvent=000009A4 events=0x0
2026-10-03 02:30:01.938 [EVENT] sock=2536 hEvent=000009A4 events=0x21
2026-10-03 02:30:08.245 [EVENT] sock=2732 hEvent=00000A90 events=0x0
2026-10-03 02:30:08.245 [EVENT] sock=2732 hEvent=00000A90 events=0x21
2026-10-03 02:30:11.984 [EVENT] sock=2536 hEvent=000009A4 events=0x0
2026-10-03 02:30:11.985 [EVENT] sock=2536 hEvent=000009A4 events=0x21
2026-10-03 02:30:22.050 [EVENT] sock=2536 hEvent=000009A4 events=0x0
2026-10-03 02:30:22.050 [EVENT] sock=2536 hEvent=000009A4 events=0x21
2026-10-03 02:30:32.112 [EVENT] sock=2536 hEvent=000009A4 events=0x0
2026-10-03 02:30:32.113 [EVENT] sock=2536 hEvent=000009A4 events=0x21
2026-10-03 02:30:38.246 [EVENT] sock=2732 hEvent=00000A90 events=0x0
2026-10-03 02:30:38.247 [EVENT] sock=2732 hEvent=00000A90 events=0x21
2026-10-03 02:30:42.172 [EVENT] sock=2536 hEvent=000009A4 events=0x0
2026-10-03 02:30:42.172 [EVENT] sock=2536 hEvent=000009A4 events=0x21
2026-10-03 02:30:52.221 [EVENT] sock=2536 hEvent=000009A4 events=0x0
2026-10-03 02:30:52.222 [EVENT] sock=2536 hEvent=000009A4 events=0x21
2026-10-03 02:31:02.281 [EVENT] sock=2536 hEvent=000009A4 events=0x0
2026-10-03 02:31:02.286 [EVENT] sock=2536 hEvent=000009A4 events=0x21
2026-10-03 02:31:08.249 [EVENT] sock=2732 hEvent=00000A90 events=0x0
2026-10-03 02:31:08.251 [EVENT] sock=2732 hEvent=00000A90 events=0x21
2026-10-03 02:31:12.355 [EVENT] sock=2536 hEvent=000009A4 events=0x0
2026-10-03 02:31:12.356 [EVENT] sock=2536 hEvent=000009A4 events=0x21
2026-10-03 02:31:22.401 [EVENT] sock=2536 hEvent=000009A4 events=0x0
2026-10-03 02:31:22.402 [EVENT] sock=2536 hEvent=000009A4 events=0x21
2026-10-03 02:31:32.463 [EVENT] sock=2536 hEvent=000009A4 events=0x0
2026-10-03 02:31:32.464 [EVENT] sock=2536 hEvent=000009A4 events=0x21
2026-10-03 02:31:38.252 [EVENT] sock=2732 hEvent=00000A90 events=0x0
2026-10-03 02:31:38.253 [EVENT] sock=2732 hEvent=00000A90 events=0x21
2026-10-03 02:31:42.512 [EVENT] sock=2536 hEvent=000009A4 events=0x0
2026-10-03 02:31:42.513 [EVENT] sock=2536 hEvent=000009A4 events=0x21
2026-10-03 02:31:52.582 [EVENT] sock=2536 hEvent=000009A4 events=0x0
2026-10-03 02:31:52.582 [EVENT] sock=2536 hEvent=000009A4 events=0x21
2026-10-03 02:32:02.632 [EVENT] sock=2536 hEvent=000009A4 events=0x0
2026-10-03 02:32:02.635 [EVENT] sock=2536 hEvent=000009A4 events=0x21
2026-10-03 02:32:08.253 [EVENT] sock=2732 hEvent=00000A90 events=0x0
2026-10-03 02:32:08.253 [EVENT] sock=2732 hEvent=00000A90 events=0x21
2026-10-03 02:32:12.698 [EVENT] sock=2536 hEvent=000009A4 events=0x0
2026-10-03 02:32:12.699 [EVENT] sock=2536 hEvent=000009A4 events=0x21
2026-10-03 02:32:22.753 [EVENT] sock=2536 hEvent=000009A4 events=0x0
2026-10-03 02:32:22.753 [EVENT] sock=2536 hEvent=000009A4 events=0x21
2026-10-03 02:32:32.829 [EVENT] sock=2536 hEvent=000009A4 events=0x0
2026-10-03 02:32:32.829 [EVENT] sock=2536 hEvent=000009A4 events=0x21
2026-10-03 02:32:38.254 [EVENT] sock=2732 hEvent=00000A90 events=0x0
2026-10-03 02:32:38.255 [EVENT] sock=2732 hEvent=00000A90 events=0x21
2026-10-03 02:32:42.890 [EVENT] sock=2536 hEvent=000009A4 events=0x0
2026-10-03 02:32:42.890 [EVENT] sock=2536 hEvent=000009A4 events=0x21
2026-10-03 02:32:52.952 [EVENT] sock=2536 hEvent=000009A4 events=0x0
2026-10-03 02:32:52.953 [EVENT] sock=2536 hEvent=000009A4 events=0x21
2026-10-03 02:33:03.013 [EVENT] sock=2536 hEvent=000009A4 events=0x0
2026-10-03 02:33:03.014 [EVENT] sock=2536 hEvent=000009A4 events=0x21
2026-10-03 02:33:08.255 [EVENT] sock=2732 hEvent=00000A90 events=0x0
2026-10-03 02:33:08.255 [EVENT] sock=2732 hEvent=00000A90 events=0x21
2026-10-03 02:33:13.084 [EVENT] sock=2536 hEvent=000009A4 events=0x0
2026-10-03 02:33:13.086 [EVENT] sock=2536 hEvent=000009A4 events=0x21
2026-10-03 02:33:23.134 [EVENT] sock=2536 hEvent=000009A4 events=0x0
2026-10-03 02:33:23.136 [EVENT] sock=2536 hEvent=000009A4 events=0x21
2026-10-03 02:33:33.189 [EVENT] sock=2536 hEvent=000009A4 events=0x0
2026-10-03 02:33:33.189 [EVENT] sock=2536 hEvent=000009A4 events=0x21
2026-10-03 02:33:38.256 [EVENT] sock=2732 hEvent=00000A90 events=0x0
2026-10-03 02:33:38.256 [EVENT] sock=2732 hEvent=00000A90 events=0x21
2026-10-03 02:33:43.249 [EVENT] sock=2536 hEvent=000009A4 events=0x0
2026-10-03 02:33:43.249 [EVENT] sock=2536 hEvent=000009A4 events=0x21
2026-10-03 02:33:53.311 [EVENT] sock=2536 hEvent=000009A4 events=0x0
2026-10-03 02:33:53.312 [EVENT] sock=2536 hEvent=000009A4 events=0x21
2026-10-03 02:34:03.382 [EVENT] sock=2536 hEvent=000009A4 events=0x0
2026-10-03 02:34:03.383 [EVENT] sock=2536 hEvent=000009A4 events=0x21
2026-10-03 02:34:08.259 [EVENT] sock=2732 hEvent=00000A90 events=0x0
2026-10-03 02:34:08.260 [EVENT] sock=2732 hEvent=00000A90 events=0x21
2026-10-03 02:34:13.445 [EVENT] sock=2536 hEvent=000009A4 events=0x0
2026-10-03 02:34:13.445 [EVENT] sock=2536 hEvent=000009A4 events=0x21
2026-10-03 02:34:23.502 [EVENT] sock=2536 hEvent=000009A4 events=0x0
2026-10-03 02:34:23.503 [EVENT] sock=2536 hEvent=000009A4 events=0x21
2026-10-03 02:34:33.573 [EVENT] sock=2536 hEvent=000009A4 events=0x0
2026-10-03 02:34:33.576 [EVENT] sock=2536 hEvent=000009A4 events=0x21
2026-10-03 02:34:38.261 [EVENT] sock=2732 hEvent=00000A90 events=0x0
2026-10-03 02:34:38.262 [EVENT] sock=2732 hEvent=00000A90 events=0x21
2026-10-03 02:34:43.623 [EVENT] sock=2536 hEvent=000009A4 events=0x0
2026-10-03 02:34:43.624 [EVENT] sock=2536 hEvent=000009A4 events=0x21
2026-10-03 02:34:53.673 [EVENT] sock=2536 hEvent=000009A4 events=0x0
2026-10-03 02:34:53.674 [EVENT] sock=2536 hEvent=000009A4 events=0x21
2026-10-03 02:35:03.719 [EVENT] sock=2536 hEvent=000009A4 events=0x0
2026-10-03 02:35:03.720 [EVENT] sock=2536 hEvent=000009A4 events=0x21
2026-10-03 02:35:08.263 [EVENT] sock=2732 hEvent=00000A90 events=0x0
2026-10-03 02:35:08.263 [EVENT] sock=2732 hEvent=00000A90 events=0x21
2026-10-03 02:35:13.783 [EVENT] sock=2536 hEvent=000009A4 events=0x0
2026-10-03 02:35:13.785 [EVENT] sock=2536 hEvent=000009A4 events=0x21
2026-10-03 02:35:23.832 [EVENT] sock=2536 hEvent=000009A4 events=0x0
2026-10-03 02:35:23.832 [EVENT] sock=2536 hEvent=000009A4 events=0x21
2026-10-03 02:35:33.891 [EVENT] sock=2536 hEvent=000009A4 events=0x0
2026-10-03 02:35:33.893 [EVENT] sock=2536 hEvent=000009A4 events=0x21
2026-10-03 02:35:38.264 [EVENT] sock=2732 hEvent=00000A90 events=0x0
2026-10-03 02:35:38.264 [EVENT] sock=2732 hEvent=00000A90 events=0x21
2026-10-03 02:35:43.960 [EVENT] sock=2536 hEvent=000009A4 events=0x0
2026-10-03 02:35:43.961 [EVENT] sock=2536 hEvent=000009A4 events=0x21
2026-10-03 02:35:54.021 [EVENT] sock=2536 hEvent=000009A4 events=0x0
2026-10-03 02:35:54.022 [EVENT] sock=2536 hEvent=000009A4 events=0x21
2026-10-03 02:36:04.071 [EVENT] sock=2536 hEvent=000009A4 events=0x0
2026-10-03 02:36:04.072 [EVENT] sock=2536 hEvent=000009A4 events=0x21
2026-10-03 02:36:08.267 [EVENT] sock=2732 hEvent=00000A90 events=0x0
2026-10-03 02:36:08.267 [EVENT] sock=2732 hEvent=00000A90 events=0x21
2026-10-03 02:36:14.117 [EVENT] sock=2536 hEvent=000009A4 events=0x0
2026-10-03 02:36:14.119 [EVENT] sock=2536 hEvent=000009A4 events=0x21
2026-10-03 02:36:24.178 [EVENT] sock=2536 hEvent=000009A4 events=0x0
2026-10-03 02:36:24.182 [EVENT] sock=2536 hEvent=000009A4 events=0x21
2026-10-03 02:36:34.246 [EVENT] sock=2536 hEvent=000009A4 events=0x0
2026-10-03 02:36:34.246 [EVENT] sock=2536 hEvent=000009A4 events=0x21
2026-10-03 02:36:38.270 [EVENT] sock=2732 hEvent=00000A90 events=0x0
2026-10-03 02:36:38.273 [EVENT] sock=2732 hEvent=00000A90 events=0x21
2026-10-03 02:36:44.323 [EVENT] sock=2536 hEvent=000009A4 events=0x0
2026-10-03 02:36:44.328 [EVENT] sock=2536 hEvent=000009A4 events=0x21
2026-10-03 02:36:54.387 [EVENT] sock=2536 hEvent=000009A4 events=0x0
2026-10-03 02:36:54.388 [EVENT] sock=2536 hEvent=000009A4 events=0x21
2026-10-03 02:37:04.433 [EVENT] sock=2536 hEvent=000009A4 events=0x0
2026-10-03 02:37:04.435 [EVENT] sock=2536 hEvent=000009A4 events=0x21
2026-10-03 02:37:08.273 [EVENT] sock=2732 hEvent=00000A90 events=0x0
2026-10-03 02:37:08.275 [EVENT] sock=2732 hEvent=00000A90 events=0x21
2026-10-03 02:37:14.495 [EVENT] sock=2536 hEvent=000009A4 events=0x0
2026-10-03 02:37:14.495 [EVENT] sock=2536 hEvent=000009A4 events=0x21
2026-10-03 02:37:24.544 [EVENT] sock=2536 hEvent=000009A4 events=0x0
2026-10-03 02:37:24.546 [EVENT] sock=2536 hEvent=000009A4 events=0x21
2026-10-03 02:37:34.597 [EVENT] sock=2536 hEvent=000009A4 events=0x0
2026-10-03 02:37:34.598 [EVENT] sock=2536 hEvent=000009A4 events=0x21
2026-10-03 02:37:38.277 [EVENT] sock=2732 hEvent=00000A90 events=0x0
2026-10-03 02:37:38.277 [EVENT] sock=2732 hEvent=00000A90 events=0x21
2026-10-03 02:37:44.649 [EVENT] sock=2536 hEvent=000009A4 events=0x0
2026-10-03 02:37:44.649 [EVENT] sock=2536 hEvent=000009A4 events=0x21
2026-10-03 02:37:54.708 [EVENT] sock=2536 hEvent=000009A4 events=0x0
2026-10-03 02:37:54.709 [EVENT] sock=2536 hEvent=000009A4 events=0x21
2026-10-03 02:38:04.764 [EVENT] sock=2536 hEvent=000009A4 events=0x0
2026-10-03 02:38:04.764 [EVENT] sock=2536 hEvent=000009A4 events=0x21
2026-10-03 02:38:08.278 [EVENT] sock=2732 hEvent=00000A90 events=0x0
2026-10-03 02:38:08.279 [EVENT] sock=2732 hEvent=00000A90 events=0x21
2026-10-03 02:38:14.838 [EVENT] sock=2536 hEvent=000009A4 events=0x0
2026-10-03 02:38:14.839 [EVENT] sock=2536 hEvent=000009A4 events=0x21
2026-10-03 02:38:24.890 [EVENT] sock=2536 hEvent=000009A4 events=0x0
2026-10-03 02:38:24.890 [EVENT] sock=2536 hEvent=000009A4 events=0x21
2026-10-03 02:38:34.951 [EVENT] sock=2536 hEvent=000009A4 events=0x0
2026-10-03 02:38:34.952 [EVENT] sock=2536 hEvent=000009A4 events=0x21
2026-10-03 02:38:38.279 [EVENT] sock=2732 hEvent=00000A90 events=0x0
2026-10-03 02:38:38.279 [EVENT] sock=2732 hEvent=00000A90 events=0x21
2026-10-03 02:38:44.999 [EVENT] sock=2536 hEvent=000009A4 events=0x0
2026-10-03 02:38:45.000 [EVENT] sock=2536 hEvent=000009A4 events=0x21
2026-10-03 02:38:55.050 [EVENT] sock=2536 hEvent=000009A4 events=0x0
2026-10-03 02:38:55.052 [EVENT] sock=2536 hEvent=000009A4 events=0x21
2026-10-03 02:39:05.099 [EVENT] sock=2536 hEvent=000009A4 events=0x0
2026-10-03 02:39:05.099 [EVENT] sock=2536 hEvent=000009A4 events=0x21
2026-10-03 02:39:08.279 [EVENT] sock=2732 hEvent=00000A90 events=0x0
2026-10-03 02:39:08.279 [EVENT] sock=2732 hEvent=00000A90 events=0x21
2026-10-03 02:39:15.154 [EVENT] sock=2536 hEvent=000009A4 events=0x0
2026-10-03 02:39:15.154 [EVENT] sock=2536 hEvent=000009A4 events=0x21
2026-10-03 02:39:25.211 [EVENT] sock=2536 hEvent=000009A4 events=0x0
2026-10-03 02:39:25.212 [EVENT] sock=2536 hEvent=000009A4 events=0x21
2026-10-03 02:39:35.274 [EVENT] sock=2536 hEvent=000009A4 events=0x0
2026-10-03 02:39:35.277 [EVENT] sock=2536 hEvent=000009A4 events=0x21
2026-10-03 02:39:38.281 [EVENT] sock=2732 hEvent=00000A90 events=0x0
2026-10-03 02:39:38.282 [EVENT] sock=2732 hEvent=00000A90 events=0x21
2026-10-03 02:39:45.339 [EVENT] sock=2536 hEvent=000009A4 events=0x0
2026-10-03 02:39:45.340 [EVENT] sock=2536 hEvent=000009A4 events=0x21
2026-10-03 02:39:55.400 [EVENT] sock=2536 hEvent=000009A4 events=0x0
2026-10-03 02:39:55.401 [EVENT] sock=2536 hEvent=000009A4 events=0x21
2026-10-03 02:40:05.477 [EVENT] sock=2536 hEvent=000009A4 events=0x0
2026-10-03 02:40:05.477 [EVENT] sock=2536 hEvent=000009A4 events=0x21
2026-10-03 02:40:08.284 [EVENT] sock=2732 hEvent=00000A90 events=0x0
2026-10-03 02:40:08.285 [EVENT] sock=2732 hEvent=00000A90 events=0x21
2026-10-03 02:40:15.541 [EVENT] sock=2536 hEvent=000009A4 events=0x0
2026-10-03 02:40:15.543 [EVENT] sock=2536 hEvent=000009A4 events=0x21
2026-10-03 02:40:25.588 [EVENT] sock=2536 hEvent=000009A4 events=0x0
2026-10-03 02:40:25.589 [EVENT] sock=2536 hEvent=000009A4 events=0x21
2026-10-03 02:40:35.639 [EVENT] sock=2536 hEvent=000009A4 events=0x0
2026-10-03 02:40:35.642 [EVENT] sock=2536 hEvent=000009A4 events=0x21
2026-10-03 02:40:38.285 [EVENT] sock=2732 hEvent=00000A90 events=0x0
2026-10-03 02:40:38.287 [EVENT] sock=2732 hEvent=00000A90 events=0x21
2026-10-03 02:40:45.713 [EVENT] sock=2536 hEvent=000009A4 events=0x0
2026-10-03 02:40:45.713 [EVENT] sock=2536 hEvent=000009A4 events=0x21
2026-10-03 02:40:55.758 [EVENT] sock=2536 hEvent=000009A4 events=0x0
2026-10-03 02:40:55.759 [EVENT] sock=2536 hEvent=000009A4 events=0x21
2026-10-03 02:41:05.815 [EVENT] sock=2536 hEvent=000009A4 events=0x0
2026-10-03 02:41:05.816 [EVENT] sock=2536 hEvent=000009A4 events=0x21
2026-10-03 02:41:08.287 [EVENT] sock=2732 hEvent=00000A90 events=0x0
2026-10-03 02:41:08.287 [EVENT] sock=2732 hEvent=00000A90 events=0x21
2026-10-03 02:41:15.888 [EVENT] sock=2536 hEvent=000009A4 events=0x0
2026-10-03 02:41:15.889 [EVENT] sock=2536 hEvent=000009A4 events=0x21
2026-10-03 02:41:25.947 [EVENT] sock=2536 hEvent=000009A4 events=0x0
2026-10-03 02:41:25.947 [EVENT] sock=2536 hEvent=000009A4 events=0x21
2026-10-03 02:41:36.001 [EVENT] sock=2536 hEvent=000009A4 events=0x0
2026-10-03 02:41:36.002 [EVENT] sock=2536 hEvent=000009A4 events=0x21
2026-10-03 02:41:38.288 [EVENT] sock=2732 hEvent=00000A90 events=0x0
2026-10-03 02:41:38.289 [EVENT] sock=2732 hEvent=00000A90 events=0x21
2026-10-03 02:41:46.060 [EVENT] sock=2536 hEvent=000009A4 events=0x0
2026-10-03 02:41:46.061 [EVENT] sock=2536 hEvent=000009A4 events=0x21
2026-10-03 02:41:56.118 [EVENT] sock=2536 hEvent=000009A4 events=0x0
2026-10-03 02:41:56.120 [EVENT] sock=2536 hEvent=000009A4 events=0x21
2026-10-03 02:42:06.175 [EVENT] sock=2536 hEvent=000009A4 events=0x0
2026-10-03 02:42:06.175 [EVENT] sock=2536 hEvent=000009A4 events=0x21
2026-10-03 02:42:08.290 [EVENT] sock=2732 hEvent=00000A90 events=0x0
2026-10-03 02:42:08.290 [EVENT] sock=2732 hEvent=00000A90 events=0x21
2026-10-03 02:42:16.239 [EVENT] sock=2536 hEvent=000009A4 events=0x0
2026-10-03 02:42:16.239 [EVENT] sock=2536 hEvent=000009A4 events=0x21
2026-10-03 02:42:26.316 [EVENT] sock=2536 hEvent=000009A4 events=0x0
2026-10-03 02:42:26.317 [EVENT] sock=2536 hEvent=000009A4 events=0x21
2026-10-03 02:42:36.367 [EVENT] sock=2536 hEvent=000009A4 events=0x0
2026-10-03 02:42:36.367 [EVENT] sock=2536 hEvent=000009A4 events=0x21
2026-10-03 02:42:38.291 [EVENT] sock=2732 hEvent=00000A90 events=0x0
2026-10-03 02:42:38.291 [EVENT] sock=2732 hEvent=00000A90 events=0x21
2026-10-03 02:42:46.421 [EVENT] sock=2536 hEvent=000009A4 events=0x0
2026-10-03 02:42:46.423 [EVENT] sock=2536 hEvent=000009A4 events=0x21
2026-10-03 02:42:56.469 [EVENT] sock=2536 hEvent=000009A4 events=0x0
2026-10-03 02:42:56.471 [EVENT] sock=2536 hEvent=000009A4 events=0x21
2026-10-03 02:43:06.529 [EVENT] sock=2536 hEvent=000009A4 events=0x0
2026-10-03 02:43:06.529 [EVENT] sock=2536 hEvent=000009A4 events=0x21
2026-10-03 02:43:08.292 [EVENT] sock=2732 hEvent=00000A90 events=0x0
2026-10-03 02:43:08.292 [EVENT] sock=2732 hEvent=00000A90 events=0x21
2026-10-03 02:43:16.575 [EVENT] sock=2536 hEvent=000009A4 events=0x0
2026-10-03 02:43:16.576 [EVENT] sock=2536 hEvent=000009A4 events=0x21
2026-10-03 02:43:26.635 [EVENT] sock=2536 hEvent=000009A4 events=0x0
2026-10-03 02:43:26.635 [EVENT] sock=2536 hEvent=000009A4 events=0x21
2026-10-03 02:43:36.706 [EVENT] sock=2536 hEvent=000009A4 events=0x0
2026-10-03 02:43:36.707 [EVENT] sock=2536 hEvent=000009A4 events=0x21
2026-10-03 02:43:38.293 [EVENT] sock=2732 hEvent=00000A90 events=0x0
2026-10-03 02:43:38.293 [EVENT] sock=2732 hEvent=00000A90 events=0x21
2026-10-03 02:43:46.768 [EVENT] sock=2536 hEvent=000009A4 events=0x0
2026-10-03 02:43:46.770 [EVENT] sock=2536 hEvent=000009A4 events=0x21
2026-10-03 02:43:56.832 [EVENT] sock=2536 hEvent=000009A4 events=0x0
2026-10-03 02:43:56.834 [EVENT] sock=2536 hEvent=000009A4 events=0x21
2026-10-03 02:44:06.896 [EVENT] sock=2536 hEvent=000009A4 events=0x0
2026-10-03 02:44:06.898 [EVENT] sock=2536 hEvent=000009A4 events=0x21
2026-10-03 02:44:08.295 [EVENT] sock=2732 hEvent=00000A90 events=0x0
2026-10-03 02:44:08.297 [EVENT] sock=2732 hEvent=00000A90 events=0x21
2026-10-03 02:44:16.960 [EVENT] sock=2536 hEvent=000009A4 events=0x0
2026-10-03 02:44:16.961 [EVENT] sock=2536 hEvent=000009A4 events=0x21
2026-10-03 02:44:27.008 [EVENT] sock=2536 hEvent=000009A4 events=0x0
2026-10-03 02:44:27.009 [EVENT] sock=2536 hEvent=000009A4 events=0x21
2026-10-03 02:44:37.059 [EVENT] sock=2536 hEvent=000009A4 events=0x0
2026-10-03 02:44:37.060 [EVENT] sock=2536 hEvent=000009A4 events=0x21
2026-10-03 02:44:38.298 [EVENT] sock=2732 hEvent=00000A90 events=0x0
2026-10-03 02:44:38.298 [EVENT] sock=2732 hEvent=00000A90 events=0x21
2026-10-03 02:44:47.107 [EVENT] sock=2536 hEvent=000009A4 events=0x0
2026-10-03 02:44:47.108 [EVENT] sock=2536 hEvent=000009A4 events=0x21
2026-10-03 02:44:57.162 [EVENT] sock=2536 hEvent=000009A4 events=0x0
2026-10-03 02:44:57.162 [EVENT] sock=2536 hEvent=000009A4 events=0x21
2026-10-03 02:45:07.237 [EVENT] sock=2536 hEvent=000009A4 events=0x0
2026-10-03 02:45:07.238 [EVENT] sock=2536 hEvent=000009A4 events=0x21
2026-10-03 02:45:08.299 [EVENT] sock=2732 hEvent=00000A90 events=0x0
2026-10-03 02:45:08.300 [EVENT] sock=2732 hEvent=00000A90 events=0x21
2026-10-03 02:45:17.293 [EVENT] sock=2536 hEvent=000009A4 events=0x0
2026-10-03 02:45:17.295 [EVENT] sock=2536 hEvent=000009A4 events=0x21
2026-10-03 02:45:27.357 [EVENT] sock=2536 hEvent=000009A4 events=0x0
2026-10-03 02:45:27.357 [EVENT] sock=2536 hEvent=000009A4 events=0x21
2026-10-03 02:45:37.407 [EVENT] sock=2536 hEvent=000009A4 events=0x0
2026-10-03 02:45:37.408 [EVENT] sock=2536 hEvent=000009A4 events=0x21
2026-10-03 02:45:38.302 [EVENT] sock=2732 hEvent=00000A90 events=0x0
2026-10-03 02:45:38.303 [EVENT] sock=2732 hEvent=00000A90 events=0x21
2026-10-03 02:45:47.472 [EVENT] sock=2536 hEvent=000009A4 events=0x0
2026-10-03 02:45:47.472 [EVENT] sock=2536 hEvent=000009A4 events=0x21
2026-10-03 02:45:57.546 [EVENT] sock=2536 hEvent=000009A4 events=0x0
2026-10-03 02:45:57.547 [EVENT] sock=2536 hEvent=000009A4 events=0x21
2026-10-03 02:46:07.597 [EVENT] sock=2536 hEvent=000009A4 events=0x0
2026-10-03 02:46:07.598 [EVENT] sock=2536 hEvent=000009A4 events=0x21
2026-10-03 02:46:08.304 [EVENT] sock=2732 hEvent=00000A90 events=0x0
2026-10-03 02:46:08.304 [EVENT] sock=2732 hEvent=00000A90 events=0x21
2026-10-03 02:46:17.655 [EVENT] sock=2536 hEvent=000009A4 events=0x0
2026-10-03 02:46:17.655 [EVENT] sock=2536 hEvent=000009A4 events=0x21
2026-10-03 02:46:27.717 [EVENT] sock=2536 hEvent=000009A4 events=0x0
2026-10-03 02:46:27.717 [EVENT] sock=2536 hEvent=000009A4 events=0x21
2026-10-03 02:46:37.767 [EVENT] sock=2536 hEvent=000009A4 events=0x0
2026-10-03 02:46:37.768 [EVENT] sock=2536 hEvent=000009A4 events=0x21
2026-10-03 02:46:38.305 [EVENT] sock=2732 hEvent=00000A90 events=0x0
2026-10-03 02:46:38.305 [EVENT] sock=2732 hEvent=00000A90 events=0x21
2026-10-03 02:46:47.848 [EVENT] sock=2536 hEvent=000009A4 events=0x0
2026-10-03 02:46:47.848 [EVENT] sock=2536 hEvent=000009A4 events=0x21
2026-10-03 02:46:57.894 [EVENT] sock=2536 hEvent=000009A4 events=0x0
2026-10-03 02:46:57.895 [EVENT] sock=2536 hEvent=000009A4 events=0x21
2026-10-03 02:47:07.946 [EVENT] sock=2536 hEvent=000009A4 events=0x0
2026-10-03 02:47:07.946 [EVENT] sock=2536 hEvent=000009A4 events=0x21
2026-10-03 02:47:08.308 [EVENT] sock=2732 hEvent=00000A90 events=0x0
2026-10-03 02:47:08.308 [EVENT] sock=2732 hEvent=00000A90 events=0x21
2026-10-03 02:47:17.997 [EVENT] sock=2536 hEvent=000009A4 events=0x0
2026-10-03 02:47:17.998 [EVENT] sock=2536 hEvent=000009A4 events=0x21
2026-10-03 02:47:28.050 [EVENT] sock=2536 hEvent=000009A4 events=0x0
2026-10-03 02:47:28.050 [EVENT] sock=2536 hEvent=000009A4 events=0x21
2026-10-03 02:47:38.111 [EVENT] sock=2536 hEvent=000009A4 events=0x0
2026-10-03 02:47:38.111 [EVENT] sock=2536 hEvent=000009A4 events=0x21
2026-10-03 02:47:38.309 [EVENT] sock=2732 hEvent=00000A90 events=0x0
2026-10-03 02:47:38.309 [EVENT] sock=2732 hEvent=00000A90 events=0x21
2026-10-03 02:47:48.162 [EVENT] sock=2536 hEvent=000009A4 events=0x0
2026-10-03 02:47:48.162 [EVENT] sock=2536 hEvent=000009A4 events=0x21
2026-10-03 02:47:58.219 [EVENT] sock=2536 hEvent=000009A4 events=0x0
2026-10-03 02:47:58.219 [EVENT] sock=2536 hEvent=000009A4 events=0x21
2026-10-03 02:48:08.267 [EVENT] sock=2536 hEvent=000009A4 events=0x0
2026-10-03 02:48:08.269 [EVENT] sock=2536 hEvent=000009A4 events=0x21
2026-10-03 02:48:08.310 [EVENT] sock=2732 hEvent=00000A90 events=0x0
2026-10-03 02:48:08.310 [EVENT] sock=2732 hEvent=00000A90 events=0x21
2026-10-03 02:48:18.328 [EVENT] sock=2536 hEvent=000009A4 events=0x0
2026-10-03 02:48:18.328 [EVENT] sock=2536 hEvent=000009A4 events=0x21
2026-10-03 02:48:28.388 [EVENT] sock=2536 hEvent=000009A4 events=0x0
2026-10-03 02:48:28.388 [EVENT] sock=2536 hEvent=000009A4 events=0x21
2026-10-03 02:48:38.311 [EVENT] sock=2732 hEvent=00000A90 events=0x0
2026-10-03 02:48:38.313 [EVENT] sock=2732 hEvent=00000A90 events=0x21
2026-10-03 02:48:38.442 [EVENT] sock=2536 hEvent=000009A4 events=0x0
2026-10-03 02:48:38.443 [EVENT] sock=2536 hEvent=000009A4 events=0x21
2026-10-03 02:48:48.510 [EVENT] sock=2536 hEvent=000009A4 events=0x0
2026-10-03 02:48:48.511 [EVENT] sock=2536 hEvent=000009A4 events=0x21
2026-10-03 02:48:58.564 [EVENT] sock=2536 hEvent=000009A4 events=0x0
2026-10-03 02:48:58.566 [EVENT] sock=2536 hEvent=000009A4 events=0x21
2026-10-03 02:49:08.313 [EVENT] sock=2732 hEvent=00000A90 events=0x0
2026-10-03 02:49:08.313 [EVENT] sock=2732 hEvent=00000A90 events=0x21
2026-10-03 02:49:08.616 [EVENT] sock=2536 hEvent=000009A4 events=0x0
2026-10-03 02:49:08.618 [EVENT] sock=2536 hEvent=000009A4 events=0x21
2026-10-03 02:49:18.681 [EVENT] sock=2536 hEvent=000009A4 events=0x0
2026-10-03 02:49:18.681 [EVENT] sock=2536 hEvent=000009A4 events=0x21
2026-10-03 02:49:28.732 [EVENT] sock=2536 hEvent=000009A4 events=0x0
2026-10-03 02:49:28.732 [EVENT] sock=2536 hEvent=000009A4 events=0x21
2026-10-03 02:49:38.315 [EVENT] sock=2732 hEvent=00000A90 events=0x0
2026-10-03 02:49:38.317 [EVENT] sock=2732 hEvent=00000A90 events=0x21
2026-10-03 02:49:38.784 [EVENT] sock=2536 hEvent=000009A4 events=0x0
2026-10-03 02:49:38.785 [EVENT] sock=2536 hEvent=000009A4 events=0x21
2026-10-03 02:49:48.835 [EVENT] sock=2536 hEvent=000009A4 events=0x0
2026-10-03 02:49:48.835 [EVENT] sock=2536 hEvent=000009A4 events=0x21
2026-10-03 02:49:58.890 [EVENT] sock=2536 hEvent=000009A4 events=0x0
2026-10-03 02:49:58.891 [EVENT] sock=2536 hEvent=000009A4 events=0x21
2026-10-03 02:50:08.317 [EVENT] sock=2732 hEvent=00000A90 events=0x0
2026-10-03 02:50:08.317 [EVENT] sock=2732 hEvent=00000A90 events=0x21
2026-10-03 02:50:08.953 [EVENT] sock=2536 hEvent=000009A4 events=0x0
2026-10-03 02:50:08.953 [EVENT] sock=2536 hEvent=000009A4 events=0x21
2026-10-03 02:50:19.016 [EVENT] sock=2536 hEvent=000009A4 events=0x0
2026-10-03 02:50:19.018 [EVENT] sock=2536 hEvent=000009A4 events=0x21
2026-10-03 02:50:29.095 [EVENT] sock=2536 hEvent=000009A4 events=0x0
2026-10-03 02:50:29.096 [EVENT] sock=2536 hEvent=000009A4 events=0x21
2026-10-03 02:50:38.318 [EVENT] sock=2732 hEvent=00000A90 events=0x0
2026-10-03 02:50:38.319 [EVENT] sock=2732 hEvent=00000A90 events=0x21
2026-10-03 02:50:39.158 [EVENT] sock=2536 hEvent=000009A4 events=0x0
2026-10-03 02:50:39.158 [EVENT] sock=2536 hEvent=000009A4 events=0x21
2026-10-03 02:50:49.220 [EVENT] sock=2536 hEvent=000009A4 events=0x0
2026-10-03 02:50:49.220 [EVENT] sock=2536 hEvent=000009A4 events=0x21
2026-10-03 02:50:59.285 [EVENT] sock=2536 hEvent=000009A4 events=0x0
2026-10-03 02:50:59.286 [EVENT] sock=2536 hEvent=000009A4 events=0x21
2026-10-03 02:51:08.321 [EVENT] sock=2732 hEvent=00000A90 events=0x0
2026-10-03 02:51:08.321 [EVENT] sock=2732 hEvent=00000A90 events=0x21
2026-10-03 02:51:09.347 [EVENT] sock=2536 hEvent=000009A4 events=0x0
2026-10-03 02:51:09.348 [EVENT] sock=2536 hEvent=000009A4 events=0x21
2026-10-03 02:51:19.404 [EVENT] sock=2536 hEvent=000009A4 events=0x0
2026-10-03 02:51:19.405 [EVENT] sock=2536 hEvent=000009A4 events=0x21
2026-10-03 02:51:29.467 [EVENT] sock=2536 hEvent=000009A4 events=0x0
2026-10-03 02:51:29.468 [EVENT] sock=2536 hEvent=000009A4 events=0x21
2026-10-03 02:51:38.322 [EVENT] sock=2732 hEvent=00000A90 events=0x0
2026-10-03 02:51:38.322 [EVENT] sock=2732 hEvent=00000A90 events=0x21
2026-10-03 02:51:39.526 [EVENT] sock=2536 hEvent=000009A4 events=0x0
2026-10-03 02:51:39.527 [EVENT] sock=2536 hEvent=000009A4 events=0x21
2026-10-03 02:51:49.588 [EVENT] sock=2536 hEvent=000009A4 events=0x0
2026-10-03 02:51:49.589 [EVENT] sock=2536 hEvent=000009A4 events=0x21
2026-10-03 02:51:59.651 [EVENT] sock=2536 hEvent=000009A4 events=0x0
2026-10-03 02:51:59.651 [EVENT] sock=2536 hEvent=000009A4 events=0x21
2026-10-03 02:52:08.324 [EVENT] sock=2732 hEvent=00000A90 events=0x0
2026-10-03 02:52:08.325 [EVENT] sock=2732 hEvent=00000A90 events=0x21
2026-10-03 02:52:09.701 [EVENT] sock=2536 hEvent=000009A4 events=0x0
2026-10-03 02:52:09.702 [EVENT] sock=2536 hEvent=000009A4 events=0x21
2026-10-03 02:52:19.748 [EVENT] sock=2536 hEvent=000009A4 events=0x0
2026-10-03 02:52:19.749 [EVENT] sock=2536 hEvent=000009A4 events=0x21
2026-10-03 02:52:29.827 [EVENT] sock=2536 hEvent=000009A4 events=0x0
2026-10-03 02:52:29.827 [EVENT] sock=2536 hEvent=000009A4 events=0x21
2026-10-03 02:52:38.325 [EVENT] sock=2732 hEvent=00000A90 events=0x0
2026-10-03 02:52:38.326 [EVENT] sock=2732 hEvent=00000A90 events=0x21
2026-10-03 02:52:39.893 [EVENT] sock=2536 hEvent=000009A4 events=0x0
2026-10-03 02:52:39.894 [EVENT] sock=2536 hEvent=000009A4 events=0x21
2026-10-03 02:52:49.954 [EVENT] sock=2536 hEvent=000009A4 events=0x0
2026-10-03 02:52:49.956 [EVENT] sock=2536 hEvent=000009A4 events=0x21
2026-10-03 02:53:00.024 [EVENT] sock=2536 hEvent=000009A4 events=0x0
2026-10-03 02:53:00.025 [EVENT] sock=2536 hEvent=000009A4 events=0x21
2026-10-03 02:53:08.327 [EVENT] sock=2732 hEvent=00000A90 events=0x0
2026-10-03 02:53:08.328 [EVENT] sock=2732 hEvent=00000A90 events=0x21
2026-10-03 02:53:10.089 [EVENT] sock=2536 hEvent=000009A4 events=0x0
2026-10-03 02:53:10.089 [EVENT] sock=2536 hEvent=000009A4 events=0x21
2026-10-03 02:53:20.168 [EVENT] sock=2536 hEvent=000009A4 events=0x0
2026-10-03 02:53:20.168 [EVENT] sock=2536 hEvent=000009A4 events=0x21
2026-10-03 02:53:30.231 [EVENT] sock=2536 hEvent=000009A4 events=0x0
2026-10-03 02:53:30.231 [EVENT] sock=2536 hEvent=000009A4 events=0x21
2026-10-03 02:53:38.328 [EVENT] sock=2732 hEvent=00000A90 events=0x0
2026-10-03 02:53:38.329 [EVENT] sock=2732 hEvent=00000A90 events=0x21
2026-10-03 02:53:40.290 [EVENT] sock=2536 hEvent=000009A4 events=0x0
2026-10-03 02:53:40.291 [EVENT] sock=2536 hEvent=000009A4 events=0x21
2026-10-03 02:53:50.350 [EVENT] sock=2536 hEvent=000009A4 events=0x0
2026-10-03 02:53:50.351 [EVENT] sock=2536 hEvent=000009A4 events=0x21
2026-10-03 02:54:00.420 [EVENT] sock=2536 hEvent=000009A4 events=0x0
2026-10-03 02:54:00.421 [EVENT] sock=2536 hEvent=000009A4 events=0x21
2026-10-03 02:54:08.331 [EVENT] sock=2732 hEvent=00000A90 events=0x0
2026-10-03 02:54:08.331 [EVENT] sock=2732 hEvent=00000A90 events=0x21
2026-10-03 02:54:10.469 [EVENT] sock=2536 hEvent=000009A4 events=0x0
2026-10-03 02:54:10.469 [EVENT] sock=2536 hEvent=000009A4 events=0x21
2026-10-03 02:54:20.516 [EVENT] sock=2536 hEvent=000009A4 events=0x0
2026-10-03 02:54:20.517 [EVENT] sock=2536 hEvent=000009A4 events=0x21
2026-10-03 02:54:30.630 [EVENT] sock=2536 hEvent=000009A4 events=0x0
2026-10-03 02:54:30.630 [EVENT] sock=2536 hEvent=000009A4 events=0x21
2026-10-03 02:54:38.334 [EVENT] sock=2732 hEvent=00000A90 events=0x0
2026-10-03 02:54:38.335 [EVENT] sock=2732 hEvent=00000A90 events=0x21
2026-10-03 02:54:40.689 [EVENT] sock=2536 hEvent=000009A4 events=0x0
2026-10-03 02:54:40.690 [EVENT] sock=2536 hEvent=000009A4 events=0x21
2026-10-03 02:54:50.738 [EVENT] sock=2536 hEvent=000009A4 events=0x0
2026-10-03 02:54:50.739 [EVENT] sock=2536 hEvent=000009A4 events=0x21
2026-10-03 02:55:00.837 [EVENT] sock=2536 hEvent=000009A4 events=0x0
2026-10-03 02:55:00.839 [EVENT] sock=2536 hEvent=000009A4 events=0x21
2026-10-03 02:55:08.335 [EVENT] sock=2732 hEvent=00000A90 events=0x0
2026-10-03 02:55:08.335 [EVENT] sock=2732 hEvent=00000A90 events=0x21
2026-10-03 02:55:10.889 [EVENT] sock=2536 hEvent=000009A4 events=0x0
2026-10-03 02:55:10.890 [EVENT] sock=2536 hEvent=000009A4 events=0x21
2026-10-03 02:55:20.951 [EVENT] sock=2536 hEvent=000009A4 events=0x0
2026-10-03 02:55:20.953 [EVENT] sock=2536 hEvent=000009A4 events=0x21
2026-10-03 02:55:31.050 [EVENT] sock=2536 hEvent=000009A4 events=0x0
2026-10-03 02:55:31.050 [EVENT] sock=2536 hEvent=000009A4 events=0x21
2026-10-03 02:55:38.337 [EVENT] sock=2732 hEvent=00000A90 events=0x0
2026-10-03 02:55:38.342 [EVENT] sock=2732 hEvent=00000A90 events=0x21
2026-10-03 02:55:41.100 [EVENT] sock=2536 hEvent=000009A4 events=0x0
2026-10-03 02:55:41.104 [EVENT] sock=2536 hEvent=000009A4 events=0x21
2026-10-03 02:55:51.171 [EVENT] sock=2536 hEvent=000009A4 events=0x0
2026-10-03 02:55:51.173 [EVENT] sock=2536 hEvent=000009A4 events=0x21
2026-10-03 02:56:01.237 [EVENT] sock=2536 hEvent=000009A4 events=0x0
2026-10-03 02:56:01.239 [EVENT] sock=2536 hEvent=000009A4 events=0x21
2026-10-03 02:56:08.343 [EVENT] sock=2732 hEvent=00000A90 events=0x0
2026-10-03 02:56:08.343 [EVENT] sock=2732 hEvent=00000A90 events=0x21
2026-10-03 02:56:11.302 [EVENT] sock=2536 hEvent=000009A4 events=0x0
2026-10-03 02:56:11.305 [EVENT] sock=2536 hEvent=000009A4 events=0x21
2026-10-03 02:56:21.353 [EVENT] sock=2536 hEvent=000009A4 events=0x0
2026-10-03 02:56:21.354 [EVENT] sock=2536 hEvent=000009A4 events=0x21
2026-10-03 02:56:31.456 [EVENT] sock=2536 hEvent=000009A4 events=0x0
2026-10-03 02:56:31.456 [EVENT] sock=2536 hEvent=000009A4 events=0x21
2026-10-03 02:56:38.345 [EVENT] sock=2732 hEvent=00000A90 events=0x0
2026-10-03 02:56:38.345 [EVENT] sock=2732 hEvent=00000A90 events=0x21
2026-10-03 02:56:41.504 [EVENT] sock=2536 hEvent=000009A4 events=0x0
2026-10-03 02:56:41.510 [EVENT] sock=2536 hEvent=000009A4 events=0x21
2026-10-03 02:56:51.571 [EVENT] sock=2536 hEvent=000009A4 events=0x0
2026-10-03 02:56:51.575 [EVENT] sock=2536 hEvent=000009A4 events=0x21
2026-10-03 02:57:01.654 [EVENT] sock=2536 hEvent=000009A4 events=0x0
2026-10-03 02:57:01.661 [EVENT] sock=2536 hEvent=000009A4 events=0x21
2026-10-03 02:57:08.346 [EVENT] sock=2732 hEvent=00000A90 events=0x0
2026-10-03 02:57:08.346 [EVENT] sock=2732 hEvent=00000A90 events=0x21
2026-10-03 02:57:11.719 [EVENT] sock=2536 hEvent=000009A4 events=0x0
2026-10-03 02:57:11.719 [EVENT] sock=2536 hEvent=000009A4 events=0x21
2026-10-03 02:57:21.769 [EVENT] sock=2536 hEvent=000009A4 events=0x0
2026-10-03 02:57:21.770 [EVENT] sock=2536 hEvent=000009A4 events=0x21
2026-10-03 02:57:31.953 [EVENT] sock=2536 hEvent=000009A4 events=0x0
2026-10-03 02:57:31.958 [EVENT] sock=2536 hEvent=000009A4 events=0x21
2026-10-03 02:57:38.346 [EVENT] sock=2732 hEvent=00000A90 events=0x0
2026-10-03 02:57:38.346 [EVENT] sock=2732 hEvent=00000A90 events=0x21
2026-10-03 02:57:42.020 [EVENT] sock=2536 hEvent=000009A4 events=0x0
2026-10-03 02:57:42.025 [EVENT] sock=2536 hEvent=000009A4 events=0x21
2026-10-03 02:57:52.089 [EVENT] sock=2536 hEvent=000009A4 events=0x0
2026-10-03 02:57:52.090 [EVENT] sock=2536 hEvent=000009A4 events=0x21
2026-10-03 02:58:02.225 [EVENT] sock=2536 hEvent=000009A4 events=0x0
2026-10-03 02:58:02.227 [EVENT] sock=2536 hEvent=000009A4 events=0x21
2026-10-03 02:58:08.347 [EVENT] sock=2732 hEvent=00000A90 events=0x0
2026-10-03 02:58:08.347 [EVENT] sock=2732 hEvent=00000A90 events=0x21
2026-10-03 02:58:12.286 [EVENT] sock=2536 hEvent=000009A4 events=0x0
2026-10-03 02:58:12.288 [EVENT] sock=2536 hEvent=000009A4 events=0x21
2026-10-03 02:58:22.340 [EVENT] sock=2536 hEvent=000009A4 events=0x0
2026-10-03 02:58:22.340 [EVENT] sock=2536 hEvent=000009A4 events=0x21
2026-10-03 02:58:32.469 [EVENT] sock=2536 hEvent=000009A4 events=0x0
2026-10-03 02:58:32.470 [EVENT] sock=2536 hEvent=000009A4 events=0x21
2026-10-03 02:58:38.347 [EVENT] sock=2732 hEvent=00000A90 events=0x0
2026-10-03 02:58:38.347 [EVENT] sock=2732 hEvent=00000A90 events=0x21
2026-10-03 02:58:42.524 [EVENT] sock=2536 hEvent=000009A4 events=0x0
2026-10-03 02:58:42.524 [EVENT] sock=2536 hEvent=000009A4 events=0x21
2026-10-03 02:58:52.586 [EVENT] sock=2536 hEvent=000009A4 events=0x0
2026-10-03 02:58:52.586 [EVENT] sock=2536 hEvent=000009A4 events=0x21
2026-10-03 02:59:02.670 [EVENT] sock=2536 hEvent=000009A4 events=0x0
2026-10-03 02:59:02.673 [EVENT] sock=2536 hEvent=000009A4 events=0x21
2026-10-03 02:59:08.347 [EVENT] sock=2732 hEvent=00000A90 events=0x0
2026-10-03 02:59:08.348 [EVENT] sock=2732 hEvent=00000A90 events=0x21
2026-10-03 02:59:12.740 [EVENT] sock=2536 hEvent=000009A4 events=0x0
2026-10-03 02:59:12.740 [EVENT] sock=2536 hEvent=000009A4 events=0x21
2026-10-03 02:59:22.804 [EVENT] sock=2536 hEvent=000009A4 events=0x0
2026-10-03 02:59:22.805 [EVENT] sock=2536 hEvent=000009A4 events=0x21
2026-10-03 02:59:32.920 [EVENT] sock=2536 hEvent=000009A4 events=0x0
2026-10-03 02:59:32.920 [EVENT] sock=2536 hEvent=000009A4 events=0x21
2026-10-03 02:59:38.348 [EVENT] sock=2732 hEvent=00000A90 events=0x0
2026-10-03 02:59:38.348 [EVENT] sock=2732 hEvent=00000A90 events=0x21
2026-10-03 02:59:42.971 [EVENT] sock=2536 hEvent=000009A4 events=0x0
2026-10-03 02:59:42.975 [EVENT] sock=2536 hEvent=000009A4 events=0x21
2026-10-03 02:59:53.038 [EVENT] sock=2536 hEvent=000009A4 events=0x0
2026-10-03 02:59:53.038 [EVENT] sock=2536 hEvent=000009A4 events=0x21
2026-10-03 03:00:03.269 [EVENT] sock=2536 hEvent=000009A4 events=0x0
2026-10-03 03:00:03.271 [EVENT] sock=2536 hEvent=000009A4 events=0x21
2026-10-03 03:00:08.349 [EVENT] sock=2732 hEvent=00000A90 events=0x0
2026-10-03 03:00:08.349 [EVENT] sock=2732 hEvent=00000A90 events=0x21
2026-10-03 03:00:13.320 [EVENT] sock=2536 hEvent=000009A4 events=0x0
2026-10-03 03:00:13.324 [EVENT] sock=2536 hEvent=000009A4 events=0x21
2026-10-03 03:00:23.370 [EVENT] sock=2536 hEvent=000009A4 events=0x0
2026-10-03 03:00:23.370 [EVENT] sock=2536 hEvent=000009A4 events=0x21
2026-10-03 03:00:33.524 [EVENT] sock=2536 hEvent=000009A4 events=0x0
2026-10-03 03:00:33.524 [EVENT] sock=2536 hEvent=000009A4 events=0x21
2026-10-03 03:00:38.350 [EVENT] sock=2732 hEvent=00000A90 events=0x0
2026-10-03 03:00:38.350 [EVENT] sock=2732 hEvent=00000A90 events=0x21
2026-10-03 03:00:43.586 [EVENT] sock=2536 hEvent=000009A4 events=0x0
2026-10-03 03:00:43.590 [EVENT] sock=2536 hEvent=000009A4 events=0x21
2026-10-03 03:00:53.636 [EVENT] sock=2536 hEvent=000009A4 events=0x0
2026-10-03 03:00:53.639 [EVENT] sock=2536 hEvent=000009A4 events=0x21
2026-10-03 03:01:03.787 [EVENT] sock=2536 hEvent=000009A4 events=0x0
2026-10-03 03:01:03.788 [EVENT] sock=2536 hEvent=000009A4 events=0x21
2026-10-03 03:01:08.352 [EVENT] sock=2732 hEvent=00000A90 events=0x0
2026-10-03 03:01:08.352 [EVENT] sock=2732 hEvent=00000A90 events=0x21
2026-10-03 03:01:13.837 [EVENT] sock=2536 hEvent=000009A4 events=0x0
2026-10-03 03:01:13.841 [EVENT] sock=2536 hEvent=000009A4 events=0x21
2026-10-03 03:01:23.908 [EVENT] sock=2536 hEvent=000009A4 events=0x0
2026-10-03 03:01:23.909 [EVENT] sock=2536 hEvent=000009A4 events=0x21
2026-10-03 03:01:33.990 [EVENT] sock=2536 hEvent=000009A4 events=0x0
2026-10-03 03:01:33.992 [EVENT] sock=2536 hEvent=000009A4 events=0x21
2026-10-03 03:01:38.353 [EVENT] sock=2732 hEvent=00000A90 events=0x0
2026-10-03 03:01:38.354 [EVENT] sock=2732 hEvent=00000A90 events=0x21
2026-10-03 03:01:44.054 [EVENT] sock=2536 hEvent=000009A4 events=0x0
2026-10-03 03:01:44.054 [EVENT] sock=2536 hEvent=000009A4 events=0x21
2026-10-03 03:01:54.111 [EVENT] sock=2536 hEvent=000009A4 events=0x0
2026-10-03 03:01:54.111 [EVENT] sock=2536 hEvent=000009A4 events=0x21
2026-10-03 03:02:04.203 [EVENT] sock=2536 hEvent=000009A4 events=0x0
2026-10-03 03:02:04.204 [EVENT] sock=2536 hEvent=000009A4 events=0x21
2026-10-03 03:02:08.360 [EVENT] sock=2732 hEvent=00000A90 events=0x0
2026-10-03 03:02:08.362 [EVENT] sock=2732 hEvent=00000A90 events=0x21
2026-10-03 03:02:14.254 [EVENT] sock=2536 hEvent=000009A4 events=0x0
2026-10-03 03:02:14.257 [EVENT] sock=2536 hEvent=000009A4 events=0x21
2026-10-03 03:02:24.306 [EVENT] sock=2536 hEvent=000009A4 events=0x0
2026-10-03 03:02:24.307 [EVENT] sock=2536 hEvent=000009A4 events=0x21
2026-10-03 03:02:34.404 [EVENT] sock=2536 hEvent=000009A4 events=0x0
2026-10-03 03:02:34.408 [EVENT] sock=2536 hEvent=000009A4 events=0x21
2026-10-03 03:02:38.362 [EVENT] sock=2732 hEvent=00000A90 events=0x0
2026-10-03 03:02:38.362 [EVENT] sock=2732 hEvent=00000A90 events=0x21
2026-10-03 03:02:44.471 [EVENT] sock=2536 hEvent=000009A4 events=0x0
2026-10-03 03:02:44.474 [EVENT] sock=2536 hEvent=000009A4 events=0x21
2026-10-03 03:02:54.536 [EVENT] sock=2536 hEvent=000009A4 events=0x0
2026-10-03 03:02:54.537 [EVENT] sock=2536 hEvent=000009A4 events=0x21
2026-10-03 03:03:04.622 [EVENT] sock=2536 hEvent=000009A4 events=0x0
2026-10-03 03:03:04.624 [EVENT] sock=2536 hEvent=000009A4 events=0x21
2026-10-03 03:03:08.364 [EVENT] sock=2732 hEvent=00000A90 events=0x0
2026-10-03 03:03:08.364 [EVENT] sock=2732 hEvent=00000A90 events=0x21
2026-10-03 03:03:14.687 [EVENT] sock=2536 hEvent=000009A4 events=0x0
2026-10-03 03:03:14.688 [EVENT] sock=2536 hEvent=000009A4 events=0x21
2026-10-03 03:03:24.743 [EVENT] sock=2536 hEvent=000009A4 events=0x0
2026-10-03 03:03:24.743 [EVENT] sock=2536 hEvent=000009A4 events=0x21
2026-10-03 03:03:34.822 [EVENT] sock=2536 hEvent=000009A4 events=0x0
2026-10-03 03:03:34.825 [EVENT] sock=2536 hEvent=000009A4 events=0x21
2026-10-03 03:03:38.364 [EVENT] sock=2732 hEvent=00000A90 events=0x0
2026-10-03 03:03:38.364 [EVENT] sock=2732 hEvent=00000A90 events=0x21
2026-10-03 03:03:44.887 [EVENT] sock=2536 hEvent=000009A4 events=0x0
2026-10-03 03:03:44.887 [EVENT] sock=2536 hEvent=000009A4 events=0x21
2026-10-03 03:03:54.936 [EVENT] sock=2536 hEvent=000009A4 events=0x0
2026-10-03 03:03:54.939 [EVENT] sock=2536 hEvent=000009A4 events=0x21
2026-10-03 03:04:05.090 [EVENT] sock=2536 hEvent=000009A4 events=0x0
2026-10-03 03:04:05.091 [EVENT] sock=2536 hEvent=000009A4 events=0x21
2026-10-03 03:04:08.364 [EVENT] sock=2732 hEvent=00000A90 events=0x0
2026-10-03 03:04:08.364 [EVENT] sock=2732 hEvent=00000A90 events=0x21
2026-10-03 03:04:15.158 [EVENT] sock=2536 hEvent=000009A4 events=0x0
2026-10-03 03:04:15.158 [EVENT] sock=2536 hEvent=000009A4 events=0x21
2026-10-03 03:04:25.219 [EVENT] sock=2536 hEvent=000009A4 events=0x0
2026-10-03 03:04:25.224 [EVENT] sock=2536 hEvent=000009A4 events=0x21
2026-10-03 03:04:35.303 [EVENT] sock=2536 hEvent=000009A4 events=0x0
2026-10-03 03:04:35.303 [EVENT] sock=2536 hEvent=000009A4 events=0x21
2026-10-03 03:04:38.364 [EVENT] sock=2732 hEvent=00000A90 events=0x0
2026-10-03 03:04:38.364 [EVENT] sock=2732 hEvent=00000A90 events=0x21
2026-10-03 03:04:45.355 [EVENT] sock=2536 hEvent=000009A4 events=0x0
2026-10-03 03:04:45.359 [EVENT] sock=2536 hEvent=000009A4 events=0x21
2026-10-03 03:04:55.424 [EVENT] sock=2536 hEvent=000009A4 events=0x0
2026-10-03 03:04:55.426 [EVENT] sock=2536 hEvent=000009A4 events=0x21
2026-10-03 03:05:05.486 [EVENT] sock=2536 hEvent=000009A4 events=0x0
2026-10-03 03:05:05.487 [EVENT] sock=2536 hEvent=000009A4 events=0x21
2026-10-03 03:05:08.364 [EVENT] sock=2732 hEvent=00000A90 events=0x0
2026-10-03 03:05:08.364 [EVENT] sock=2732 hEvent=00000A90 events=0x21
2026-10-03 03:05:15.541 [EVENT] sock=2536 hEvent=000009A4 events=0x0
2026-10-03 03:05:15.541 [EVENT] sock=2536 hEvent=000009A4 events=0x21
2026-10-03 03:05:25.605 [EVENT] sock=2536 hEvent=000009A4 events=0x0
2026-10-03 03:05:25.609 [EVENT] sock=2536 hEvent=000009A4 events=0x21
2026-10-03 03:05:35.754 [EVENT] sock=2536 hEvent=000009A4 events=0x0
2026-10-03 03:05:35.756 [EVENT] sock=2536 hEvent=000009A4 events=0x21
2026-10-03 03:05:38.365 [EVENT] sock=2732 hEvent=00000A90 events=0x0
2026-10-03 03:05:38.365 [EVENT] sock=2732 hEvent=00000A90 events=0x21
2026-10-03 03:05:45.807 [EVENT] sock=2536 hEvent=000009A4 events=0x0
2026-10-03 03:05:45.810 [EVENT] sock=2536 hEvent=000009A4 events=0x21
2026-10-03 03:05:55.870 [EVENT] sock=2536 hEvent=000009A4 events=0x0
2026-10-03 03:05:55.876 [EVENT] sock=2536 hEvent=000009A4 events=0x21
2026-10-03 03:06:05.880 [EVENT] sock=2536 hEvent=000009A4 events=0x0
2026-10-03 03:06:05.880 [EVENT] sock=2536 hEvent=000009A4 events=0x21
2026-10-03 03:06:05.957 [EVENT] sock=2536 hEvent=000009A4 events=0x0
2026-10-03 03:06:05.958 [EVENT] sock=2536 hEvent=000009A4 events=0x21
2026-10-03 03:06:08.367 [EVENT] sock=2732 hEvent=00000A90 events=0x0
2026-10-03 03:06:08.368 [EVENT] sock=2732 hEvent=00000A90 events=0x21
2026-10-03 03:06:16.168 [EVENT] sock=2536 hEvent=000009A4 events=0x0
2026-10-03 03:06:16.173 [EVENT] sock=2536 hEvent=000009A4 events=0x21
2026-10-03 03:06:26.240 [EVENT] sock=2536 hEvent=000009A4 events=0x0
2026-10-03 03:06:26.242 [EVENT] sock=2536 hEvent=000009A4 events=0x21
2026-10-03 03:06:36.303 [EVENT] sock=2536 hEvent=000009A4 events=0x0
2026-10-03 03:06:36.309 [EVENT] sock=2536 hEvent=000009A4 events=0x21
2026-10-03 03:06:38.369 [EVENT] sock=2732 hEvent=00000A90 events=0x0
2026-10-03 03:06:38.378 [EVENT] sock=2732 hEvent=00000A90 events=0x21
2026-10-03 03:06:46.374 [EVENT] sock=2536 hEvent=000009A4 events=0x0
2026-10-03 03:06:46.374 [EVENT] sock=2536 hEvent=000009A4 events=0x21
2026-10-03 03:06:56.437 [EVENT] sock=2536 hEvent=000009A4 events=0x0
2026-10-03 03:06:56.441 [EVENT] sock=2536 hEvent=000009A4 events=0x21
2026-10-03 03:07:06.503 [EVENT] sock=2536 hEvent=000009A4 events=0x0
2026-10-03 03:07:06.504 [EVENT] sock=2536 hEvent=000009A4 events=0x21
2026-10-03 03:07:08.378 [EVENT] sock=2732 hEvent=00000A90 events=0x0
2026-10-03 03:07:08.378 [EVENT] sock=2732 hEvent=00000A90 events=0x21
2026-10-03 03:07:16.558 [EVENT] sock=2536 hEvent=000009A4 events=0x0
2026-10-03 03:07:16.558 [EVENT] sock=2536 hEvent=000009A4 events=0x21
2026-10-03 03:07:26.624 [EVENT] sock=2536 hEvent=000009A4 events=0x0
2026-10-03 03:07:26.625 [EVENT] sock=2536 hEvent=000009A4 events=0x21
2026-10-03 03:07:36.687 [EVENT] sock=2536 hEvent=000009A4 events=0x0
2026-10-03 03:07:36.692 [EVENT] sock=2536 hEvent=000009A4 events=0x21
2026-10-03 03:07:38.380 [EVENT] sock=2732 hEvent=00000A90 events=0x0
2026-10-03 03:07:38.380 [EVENT] sock=2732 hEvent=00000A90 events=0x21
2026-10-03 03:07:46.757 [EVENT] sock=2536 hEvent=000009A4 events=0x0
2026-10-03 03:07:46.758 [EVENT] sock=2536 hEvent=000009A4 events=0x21
2026-10-03 03:07:56.823 [EVENT] sock=2536 hEvent=000009A4 events=0x0
2026-10-03 03:07:56.823 [EVENT] sock=2536 hEvent=000009A4 events=0x21
2026-10-03 03:08:06.893 [EVENT] sock=2536 hEvent=000009A4 events=0x0
2026-10-03 03:08:06.893 [EVENT] sock=2536 hEvent=000009A4 events=0x21
2026-10-03 03:08:08.380 [EVENT] sock=2732 hEvent=00000A90 events=0x0
2026-10-03 03:08:08.380 [EVENT] sock=2732 hEvent=00000A90 events=0x21
2026-10-03 03:08:16.954 [EVENT] sock=2536 hEvent=000009A4 events=0x0
2026-10-03 03:08:16.958 [EVENT] sock=2536 hEvent=000009A4 events=0x21
2026-10-03 03:08:27.020 [EVENT] sock=2536 hEvent=000009A4 events=0x0
2026-10-03 03:08:27.020 [EVENT] sock=2536 hEvent=000009A4 events=0x21
2026-10-03 03:08:37.103 [EVENT] sock=2536 hEvent=000009A4 events=0x0
2026-10-03 03:08:37.107 [EVENT] sock=2536 hEvent=000009A4 events=0x21
2026-10-03 03:08:38.382 [EVENT] sock=2732 hEvent=00000A90 events=0x0
2026-10-03 03:08:38.382 [EVENT] sock=2732 hEvent=00000A90 events=0x21
2026-10-03 03:08:47.170 [EVENT] sock=2536 hEvent=000009A4 events=0x0
2026-10-03 03:08:47.170 [EVENT] sock=2536 hEvent=000009A4 events=0x21
2026-10-03 03:08:57.219 [EVENT] sock=2536 hEvent=000009A4 events=0x0
2026-10-03 03:08:57.224 [EVENT] sock=2536 hEvent=000009A4 events=0x21
2026-10-03 03:09:07.323 [EVENT] sock=2536 hEvent=000009A4 events=0x0
2026-10-03 03:09:07.325 [EVENT] sock=2536 hEvent=000009A4 events=0x21
2026-10-03 03:09:08.382 [EVENT] sock=2732 hEvent=00000A90 events=0x0
2026-10-03 03:09:08.383 [EVENT] sock=2732 hEvent=00000A90 events=0x21
2026-10-03 03:09:17.385 [EVENT] sock=2536 hEvent=000009A4 events=0x0
2026-10-03 03:09:17.386 [EVENT] sock=2536 hEvent=000009A4 events=0x21
2026-10-03 03:09:27.436 [EVENT] sock=2536 hEvent=000009A4 events=0x0
2026-10-03 03:09:27.437 [EVENT] sock=2536 hEvent=000009A4 events=0x21
2026-10-03 03:09:37.522 [EVENT] sock=2536 hEvent=000009A4 events=0x0
2026-10-03 03:09:37.522 [EVENT] sock=2536 hEvent=000009A4 events=0x21
2026-10-03 03:09:38.384 [EVENT] sock=2732 hEvent=00000A90 events=0x0
2026-10-03 03:09:38.385 [EVENT] sock=2732 hEvent=00000A90 events=0x21
2026-10-03 03:09:47.567 [EVENT] sock=2536 hEvent=000009A4 events=0x0
2026-10-03 03:09:47.569 [EVENT] sock=2536 hEvent=000009A4 events=0x21
2026-10-03 03:09:57.622 [EVENT] sock=2536 hEvent=000009A4 events=0x0
2026-10-03 03:09:57.622 [EVENT] sock=2536 hEvent=000009A4 events=0x21
2026-10-03 03:10:07.772 [EVENT] sock=2536 hEvent=000009A4 events=0x0
2026-10-03 03:10:07.772 [EVENT] sock=2536 hEvent=000009A4 events=0x21
2026-10-03 03:10:08.385 [EVENT] sock=2732 hEvent=00000A90 events=0x0
2026-10-03 03:10:08.386 [EVENT] sock=2732 hEvent=00000A90 events=0x21
2026-10-03 03:10:17.836 [EVENT] sock=2536 hEvent=000009A4 events=0x0
2026-10-03 03:10:17.838 [EVENT] sock=2536 hEvent=000009A4 events=0x21
2026-10-03 03:10:27.886 [EVENT] sock=2536 hEvent=000009A4 events=0x0
2026-10-03 03:10:27.887 [EVENT] sock=2536 hEvent=000009A4 events=0x21
2026-10-03 03:10:38.019 [EVENT] sock=2536 hEvent=000009A4 events=0x0
2026-10-03 03:10:38.024 [EVENT] sock=2536 hEvent=000009A4 events=0x21
2026-10-03 03:10:38.387 [EVENT] sock=2732 hEvent=00000A90 events=0x0
2026-10-03 03:10:38.391 [EVENT] sock=2732 hEvent=00000A90 events=0x21
2026-10-03 03:10:48.088 [EVENT] sock=2536 hEvent=000009A4 events=0x0
2026-10-03 03:10:48.092 [EVENT] sock=2536 hEvent=000009A4 events=0x21
2026-10-03 03:10:58.157 [EVENT] sock=2536 hEvent=000009A4 events=0x0
2026-10-03 03:10:58.158 [EVENT] sock=2536 hEvent=000009A4 events=0x21
2026-10-03 03:11:08.287 [EVENT] sock=2536 hEvent=000009A4 events=0x0
2026-10-03 03:11:08.288 [EVENT] sock=2536 hEvent=000009A4 events=0x21
2026-10-03 03:11:08.394 [EVENT] sock=2732 hEvent=00000A90 events=0x0
2026-10-03 03:11:08.395 [EVENT] sock=2732 hEvent=00000A90 events=0x21
2026-10-03 03:11:18.339 [EVENT] sock=2536 hEvent=000009A4 events=0x0
2026-10-03 03:11:18.341 [EVENT] sock=2536 hEvent=000009A4 events=0x21
2026-10-03 03:11:28.404 [EVENT] sock=2536 hEvent=000009A4 events=0x0
2026-10-03 03:11:28.405 [EVENT] sock=2536 hEvent=000009A4 events=0x21
2026-10-03 03:11:38.396 [EVENT] sock=2732 hEvent=00000A90 events=0x0
2026-10-03 03:11:38.396 [EVENT] sock=2732 hEvent=00000A90 events=0x21
2026-10-03 03:11:38.537 [EVENT] sock=2536 hEvent=000009A4 events=0x0
2026-10-03 03:11:38.538 [EVENT] sock=2536 hEvent=000009A4 events=0x21
2026-10-03 03:11:48.587 [EVENT] sock=2536 hEvent=000009A4 events=0x0
2026-10-03 03:11:48.588 [EVENT] sock=2536 hEvent=000009A4 events=0x21
2026-10-03 03:11:58.636 [EVENT] sock=2536 hEvent=000009A4 events=0x0
2026-10-03 03:11:58.638 [EVENT] sock=2536 hEvent=000009A4 events=0x21
2026-10-03 03:12:08.397 [EVENT] sock=2732 hEvent=00000A90 events=0x0
2026-10-03 03:12:08.397 [EVENT] sock=2732 hEvent=00000A90 events=0x21
2026-10-03 03:12:08.788 [EVENT] sock=2536 hEvent=000009A4 events=0x0
2026-10-03 03:12:08.788 [EVENT] sock=2536 hEvent=000009A4 events=0x21
2026-10-03 03:12:18.839 [EVENT] sock=2536 hEvent=000009A4 events=0x0
2026-10-03 03:12:18.839 [EVENT] sock=2536 hEvent=000009A4 events=0x21
2026-10-03 03:12:28.888 [EVENT] sock=2536 hEvent=000009A4 events=0x0
2026-10-03 03:12:28.890 [EVENT] sock=2536 hEvent=000009A4 events=0x21
2026-10-03 03:12:38.398 [EVENT] sock=2732 hEvent=00000A90 events=0x0
2026-10-03 03:12:38.398 [EVENT] sock=2732 hEvent=00000A90 events=0x21
2026-10-03 03:12:39.037 [EVENT] sock=2536 hEvent=000009A4 events=0x0
2026-10-03 03:12:39.038 [EVENT] sock=2536 hEvent=000009A4 events=0x21
2026-10-03 03:12:49.105 [EVENT] sock=2536 hEvent=000009A4 events=0x0
2026-10-03 03:12:49.108 [EVENT] sock=2536 hEvent=000009A4 events=0x21
2026-10-03 03:12:59.169 [EVENT] sock=2536 hEvent=000009A4 events=0x0
2026-10-03 03:12:59.170 [EVENT] sock=2536 hEvent=000009A4 events=0x21
2026-10-03 03:13:08.398 [EVENT] sock=2732 hEvent=00000A90 events=0x0
2026-10-03 03:13:08.398 [EVENT] sock=2732 hEvent=00000A90 events=0x21
2026-10-03 03:13:09.238 [EVENT] sock=2536 hEvent=000009A4 events=0x0
2026-10-03 03:13:09.239 [EVENT] sock=2536 hEvent=000009A4 events=0x21
2026-10-03 03:13:19.304 [EVENT] sock=2536 hEvent=000009A4 events=0x0
2026-10-03 03:13:19.304 [EVENT] sock=2536 hEvent=000009A4 events=0x21
2026-10-03 03:13:29.374 [EVENT] sock=2536 hEvent=000009A4 events=0x0
2026-10-03 03:13:29.375 [EVENT] sock=2536 hEvent=000009A4 events=0x21
2026-10-03 03:13:38.401 [EVENT] sock=2732 hEvent=00000A90 events=0x0
2026-10-03 03:13:38.401 [EVENT] sock=2732 hEvent=00000A90 events=0x21
2026-10-03 03:13:39.540 [EVENT] sock=2536 hEvent=000009A4 events=0x0
2026-10-03 03:13:39.541 [EVENT] sock=2536 hEvent=000009A4 events=0x21
2026-10-03 03:13:49.611 [EVENT] sock=2536 hEvent=000009A4 events=0x0
2026-10-03 03:13:49.612 [EVENT] sock=2536 hEvent=000009A4 events=0x21
2026-10-03 03:13:59.674 [EVENT] sock=2536 hEvent=000009A4 events=0x0
2026-10-03 03:13:59.675 [EVENT] sock=2536 hEvent=000009A4 events=0x21
2026-10-03 03:14:08.406 [EVENT] sock=2732 hEvent=00000A90 events=0x0
2026-10-03 03:14:08.407 [EVENT] sock=2732 hEvent=00000A90 events=0x21
2026-10-03 03:14:09.911 [EVENT] sock=2536 hEvent=000009A4 events=0x0
2026-10-03 03:14:09.912 [EVENT] sock=2536 hEvent=000009A4 events=0x21
2026-10-03 03:14:19.976 [EVENT] sock=2536 hEvent=000009A4 events=0x0
2026-10-03 03:14:19.976 [EVENT] sock=2536 hEvent=000009A4 events=0x21
2026-10-03 03:14:30.030 [EVENT] sock=2536 hEvent=000009A4 events=0x0
2026-10-03 03:14:30.032 [EVENT] sock=2536 hEvent=000009A4 events=0x21
2026-10-03 03:14:38.412 [EVENT] sock=2732 hEvent=00000A90 events=0x0
2026-10-03 03:14:38.414 [EVENT] sock=2732 hEvent=00000A90 events=0x21
2026-10-03 03:14:40.116 [EVENT] sock=2536 hEvent=000009A4 events=0x0
2026-10-03 03:14:40.117 [EVENT] sock=2536 hEvent=000009A4 events=0x21
2026-10-03 03:14:50.182 [EVENT] sock=2536 hEvent=000009A4 events=0x0
2026-10-03 03:14:50.183 [EVENT] sock=2536 hEvent=000009A4 events=0x21
2026-10-03 03:15:00.258 [EVENT] sock=2536 hEvent=000009A4 events=0x0
2026-10-03 03:15:00.259 [EVENT] sock=2536 hEvent=000009A4 events=0x21
2026-10-03 03:15:08.425 [EVENT] sock=2732 hEvent=00000A90 events=0x0
2026-10-03 03:15:08.428 [EVENT] sock=2732 hEvent=00000A90 events=0x21
2026-10-03 03:15:10.321 [EVENT] sock=2536 hEvent=000009A4 events=0x0
2026-10-03 03:15:10.326 [EVENT] sock=2536 hEvent=000009A4 events=0x21
2026-10-03 03:15:20.388 [EVENT] sock=2536 hEvent=000009A4 events=0x0
2026-10-03 03:15:20.390 [EVENT] sock=2536 hEvent=000009A4 events=0x21
2026-10-03 03:15:30.440 [EVENT] sock=2536 hEvent=000009A4 events=0x0
2026-10-03 03:15:30.440 [EVENT] sock=2536 hEvent=000009A4 events=0x21
2026-10-03 03:15:38.433 [EVENT] sock=2732 hEvent=00000A90 events=0x0
2026-10-03 03:15:38.433 [EVENT] sock=2732 hEvent=00000A90 events=0x21
2026-10-03 03:15:40.524 [EVENT] sock=2536 hEvent=000009A4 events=0x0
2026-10-03 03:15:40.527 [EVENT] sock=2536 hEvent=000009A4 events=0x21
2026-10-03 03:15:50.578 [EVENT] sock=2536 hEvent=000009A4 events=0x0
2026-10-03 03:15:50.580 [EVENT] sock=2536 hEvent=000009A4 events=0x21
2026-10-03 03:16:00.643 [EVENT] sock=2536 hEvent=000009A4 events=0x0
2026-10-03 03:16:00.648 [EVENT] sock=2536 hEvent=000009A4 events=0x21
2026-10-03 03:16:08.437 [EVENT] sock=2732 hEvent=00000A90 events=0x0
2026-10-03 03:16:08.437 [EVENT] sock=2732 hEvent=00000A90 events=0x21
2026-10-03 03:16:10.728 [EVENT] sock=2536 hEvent=000009A4 events=0x0
2026-10-03 03:16:10.729 [EVENT] sock=2536 hEvent=000009A4 events=0x21
2026-10-03 03:16:20.782 [EVENT] sock=2536 hEvent=000009A4 events=0x0
2026-10-03 03:16:20.784 [EVENT] sock=2536 hEvent=000009A4 events=0x21
2026-10-03 03:16:30.853 [EVENT] sock=2536 hEvent=000009A4 events=0x0
2026-10-03 03:16:30.853 [EVENT] sock=2536 hEvent=000009A4 events=0x21
2026-10-03 03:16:38.442 [EVENT] sock=2732 hEvent=00000A90 events=0x0
2026-10-03 03:16:38.442 [EVENT] sock=2732 hEvent=00000A90 events=0x21
2026-10-03 03:16:40.948 [EVENT] sock=2536 hEvent=000009A4 events=0x0
2026-10-03 03:16:40.948 [EVENT] sock=2536 hEvent=000009A4 events=0x21
2026-10-03 03:16:51.001 [EVENT] sock=2536 hEvent=000009A4 events=0x0
2026-10-03 03:16:51.001 [EVENT] sock=2536 hEvent=000009A4 events=0x21
2026-10-03 03:17:01.052 [EVENT] sock=2536 hEvent=000009A4 events=0x0
2026-10-03 03:17:01.052 [EVENT] sock=2536 hEvent=000009A4 events=0x21
2026-10-03 03:17:08.448 [EVENT] sock=2732 hEvent=00000A90 events=0x0
2026-10-03 03:17:08.449 [EVENT] sock=2732 hEvent=00000A90 events=0x21
2026-10-03 03:17:11.256 [EVENT] sock=2536 hEvent=000009A4 events=0x0
2026-10-03 03:17:11.256 [EVENT] sock=2536 hEvent=000009A4 events=0x21
2026-10-03 03:17:21.307 [EVENT] sock=2536 hEvent=000009A4 events=0x0
2026-10-03 03:17:21.309 [EVENT] sock=2536 hEvent=000009A4 events=0x21
2026-10-03 03:17:31.359 [EVENT] sock=2536 hEvent=000009A4 events=0x0
2026-10-03 03:17:31.359 [EVENT] sock=2536 hEvent=000009A4 events=0x21
2026-10-03 03:17:38.453 [EVENT] sock=2732 hEvent=00000A90 events=0x0
2026-10-03 03:17:38.453 [EVENT] sock=2732 hEvent=00000A90 events=0x21
2026-10-03 03:17:41.459 [EVENT] sock=2536 hEvent=000009A4 events=0x0
2026-10-03 03:17:41.459 [EVENT] sock=2536 hEvent=000009A4 events=0x21
2026-10-03 03:17:51.510 [EVENT] sock=2536 hEvent=000009A4 events=0x0
2026-10-03 03:17:51.511 [EVENT] sock=2536 hEvent=000009A4 events=0x21
2026-10-03 03:18:01.565 [EVENT] sock=2536 hEvent=000009A4 events=0x0
2026-10-03 03:18:01.571 [EVENT] sock=2536 hEvent=000009A4 events=0x21
2026-10-03 03:18:08.458 [EVENT] sock=2732 hEvent=00000A90 events=0x0
2026-10-03 03:18:08.459 [EVENT] sock=2732 hEvent=00000A90 events=0x21
2026-10-03 03:18:11.671 [EVENT] sock=2536 hEvent=000009A4 events=0x0
2026-10-03 03:18:11.672 [EVENT] sock=2536 hEvent=000009A4 events=0x21
2026-10-03 03:18:21.738 [EVENT] sock=2536 hEvent=000009A4 events=0x0
2026-10-03 03:18:21.738 [EVENT] sock=2536 hEvent=000009A4 events=0x21
2026-10-03 03:18:31.804 [EVENT] sock=2536 hEvent=000009A4 events=0x0
2026-10-03 03:18:31.808 [EVENT] sock=2536 hEvent=000009A4 events=0x21
2026-10-03 03:18:38.464 [EVENT] sock=2732 hEvent=00000A90 events=0x0
2026-10-03 03:18:38.464 [EVENT] sock=2732 hEvent=00000A90 events=0x21
2026-10-03 03:18:41.971 [EVENT] sock=2536 hEvent=000009A4 events=0x0
2026-10-03 03:18:41.972 [EVENT] sock=2536 hEvent=000009A4 events=0x21
2026-10-03 03:18:52.040 [EVENT] sock=2536 hEvent=000009A4 events=0x0
2026-10-03 03:18:52.040 [EVENT] sock=2536 hEvent=000009A4 events=0x21
2026-10-03 03:19:02.091 [EVENT] sock=2536 hEvent=000009A4 events=0x0
2026-10-03 03:19:02.091 [EVENT] sock=2536 hEvent=000009A4 events=0x21
2026-10-03 03:19:08.470 [EVENT] sock=2732 hEvent=00000A90 events=0x0
2026-10-03 03:19:08.470 [EVENT] sock=2732 hEvent=00000A90 events=0x21
2026-10-03 03:19:12.392 [EVENT] sock=2536 hEvent=000009A4 events=0x0
2026-10-03 03:19:12.392 [EVENT] sock=2536 hEvent=000009A4 events=0x21
2026-10-03 03:19:22.449 [EVENT] sock=2536 hEvent=000009A4 events=0x0
2026-10-03 03:19:22.450 [EVENT] sock=2536 hEvent=000009A4 events=0x21
2026-10-03 03:19:32.519 [EVENT] sock=2536 hEvent=000009A4 events=0x0
2026-10-03 03:19:32.520 [EVENT] sock=2536 hEvent=000009A4 events=0x21
2026-10-03 03:19:38.475 [EVENT] sock=2732 hEvent=00000A90 events=0x0
2026-10-03 03:19:38.475 [EVENT] sock=2732 hEvent=00000A90 events=0x21
2026-10-03 03:19:42.603 [EVENT] sock=2536 hEvent=000009A4 events=0x0
2026-10-03 03:19:42.603 [EVENT] sock=2536 hEvent=000009A4 events=0x21
2026-10-03 03:19:52.666 [EVENT] sock=2536 hEvent=000009A4 events=0x0
2026-10-03 03:19:52.669 [EVENT] sock=2536 hEvent=000009A4 events=0x21
2026-10-03 03:20:02.718 [EVENT] sock=2536 hEvent=000009A4 events=0x0
2026-10-03 03:20:02.718 [EVENT] sock=2536 hEvent=000009A4 events=0x21
2026-10-03 03:20:08.479 [EVENT] sock=2732 hEvent=00000A90 events=0x0
2026-10-03 03:20:08.479 [EVENT] sock=2732 hEvent=00000A90 events=0x21
2026-10-03 03:20:12.802 [EVENT] sock=2536 hEvent=000009A4 events=0x0
2026-10-03 03:20:12.807 [EVENT] sock=2536 hEvent=000009A4 events=0x21
2026-10-03 03:20:22.854 [EVENT] sock=2536 hEvent=000009A4 events=0x0
2026-10-03 03:20:22.857 [EVENT] sock=2536 hEvent=000009A4 events=0x21
2026-10-03 03:20:32.905 [EVENT] sock=2536 hEvent=000009A4 events=0x0
2026-10-03 03:20:32.906 [EVENT] sock=2536 hEvent=000009A4 events=0x21
2026-10-03 03:20:38.484 [EVENT] sock=2732 hEvent=00000A90 events=0x0
2026-10-03 03:20:38.484 [EVENT] sock=2732 hEvent=00000A90 events=0x21
2026-10-03 03:20:43.007 [EVENT] sock=2536 hEvent=000009A4 events=0x0
2026-10-03 03:20:43.012 [EVENT] sock=2536 hEvent=000009A4 events=0x21
2026-10-03 03:20:53.074 [EVENT] sock=2536 hEvent=000009A4 events=0x0
2026-10-03 03:20:53.078 [EVENT] sock=2536 hEvent=000009A4 events=0x21
2026-10-03 03:21:03.127 [EVENT] sock=2536 hEvent=000009A4 events=0x0
2026-10-03 03:21:03.130 [EVENT] sock=2536 hEvent=000009A4 events=0x21
2026-10-03 03:21:08.489 [EVENT] sock=2732 hEvent=00000A90 events=0x0
2026-10-03 03:21:08.489 [EVENT] sock=2732 hEvent=00000A90 events=0x21
2026-10-03 03:21:13.212 [EVENT] sock=2536 hEvent=000009A4 events=0x0
2026-10-03 03:21:13.214 [EVENT] sock=2536 hEvent=000009A4 events=0x21
2026-10-03 03:21:23.282 [EVENT] sock=2536 hEvent=000009A4 events=0x0
2026-10-03 03:21:23.284 [EVENT] sock=2536 hEvent=000009A4 events=0x21
2026-10-03 03:21:33.351 [EVENT] sock=2536 hEvent=000009A4 events=0x0
2026-10-03 03:21:33.355 [EVENT] sock=2536 hEvent=000009A4 events=0x21
2026-10-03 03:21:38.495 [EVENT] sock=2732 hEvent=00000A90 events=0x0
2026-10-03 03:21:38.497 [EVENT] sock=2732 hEvent=00000A90 events=0x21
2026-10-03 03:21:43.482 [EVENT] sock=2536 hEvent=000009A4 events=0x0
2026-10-03 03:21:43.487 [EVENT] sock=2536 hEvent=000009A4 events=0x21
2026-10-03 03:21:53.550 [EVENT] sock=2536 hEvent=000009A4 events=0x0
2026-10-03 03:21:53.556 [EVENT] sock=2536 hEvent=000009A4 events=0x21
2026-10-03 03:22:03.617 [EVENT] sock=2536 hEvent=000009A4 events=0x0
2026-10-03 03:22:03.618 [EVENT] sock=2536 hEvent=000009A4 events=0x21
2026-10-03 03:22:08.501 [EVENT] sock=2732 hEvent=00000A90 events=0x0
2026-10-03 03:22:08.503 [EVENT] sock=2732 hEvent=00000A90 events=0x21
2026-10-03 03:22:13.740 [EVENT] sock=2536 hEvent=000009A4 events=0x0
2026-10-03 03:22:13.741 [EVENT] sock=2536 hEvent=000009A4 events=0x21
2026-10-03 03:22:23.808 [EVENT] sock=2536 hEvent=000009A4 events=0x0
2026-10-03 03:22:23.810 [EVENT] sock=2536 hEvent=000009A4 events=0x21
2026-10-03 03:22:33.876 [EVENT] sock=2536 hEvent=000009A4 events=0x0
2026-10-03 03:22:33.878 [EVENT] sock=2536 hEvent=000009A4 events=0x21
2026-10-03 03:22:38.508 [EVENT] sock=2732 hEvent=00000A90 events=0x0
2026-10-03 03:22:38.511 [EVENT] sock=2732 hEvent=00000A90 events=0x21
2026-10-03 03:22:43.940 [EVENT] sock=2536 hEvent=000009A4 events=0x0
2026-10-03 03:22:43.942 [EVENT] sock=2536 hEvent=000009A4 events=0x21
2026-10-03 03:22:53.992 [EVENT] sock=2536 hEvent=000009A4 events=0x0
2026-10-03 03:22:53.993 [EVENT] sock=2536 hEvent=000009A4 events=0x21
2026-10-03 03:23:04.043 [EVENT] sock=2536 hEvent=000009A4 events=0x0
2026-10-03 03:23:04.049 [EVENT] sock=2536 hEvent=000009A4 events=0x21
2026-10-03 03:23:08.519 [EVENT] sock=2732 hEvent=00000A90 events=0x0
2026-10-03 03:23:08.519 [EVENT] sock=2732 hEvent=00000A90 events=0x21
2026-10-03 03:23:14.154 [EVENT] sock=2536 hEvent=000009A4 events=0x0
2026-10-03 03:23:14.155 [EVENT] sock=2536 hEvent=000009A4 events=0x21
2026-10-03 03:23:24.223 [EVENT] sock=2536 hEvent=000009A4 events=0x0
2026-10-03 03:23:24.223 [EVENT] sock=2536 hEvent=000009A4 events=0x21
2026-10-03 03:23:34.290 [EVENT] sock=2536 hEvent=000009A4 events=0x0
2026-10-03 03:23:34.291 [EVENT] sock=2536 hEvent=000009A4 events=0x21
2026-10-03 03:23:38.524 [EVENT] sock=2732 hEvent=00000A90 events=0x0
2026-10-03 03:23:38.524 [EVENT] sock=2732 hEvent=00000A90 events=0x21
2026-10-03 03:23:44.409 [EVENT] sock=2536 hEvent=000009A4 events=0x0
2026-10-03 03:23:44.410 [EVENT] sock=2536 hEvent=000009A4 events=0x21
2026-10-03 03:23:54.477 [EVENT] sock=2536 hEvent=000009A4 events=0x0
2026-10-03 03:23:54.477 [EVENT] sock=2536 hEvent=000009A4 events=0x21
2026-10-03 03:24:04.542 [EVENT] sock=2536 hEvent=000009A4 events=0x0
2026-10-03 03:24:04.542 [EVENT] sock=2536 hEvent=000009A4 events=0x21
2026-10-03 03:24:08.531 [EVENT] sock=2732 hEvent=00000A90 events=0x0
2026-10-03 03:24:08.532 [EVENT] sock=2732 hEvent=00000A90 events=0x21
2026-10-03 03:24:14.613 [EVENT] sock=2536 hEvent=000009A4 events=0x0
2026-10-03 03:24:14.615 [EVENT] sock=2536 hEvent=000009A4 events=0x21
2026-10-03 03:24:24.677 [EVENT] sock=2536 hEvent=000009A4 events=0x0
2026-10-03 03:24:24.677 [EVENT] sock=2536 hEvent=000009A4 events=0x21
2026-10-03 03:24:34.729 [EVENT] sock=2536 hEvent=000009A4 events=0x0
2026-10-03 03:24:34.729 [EVENT] sock=2536 hEvent=000009A4 events=0x21
2026-10-03 03:24:38.537 [EVENT] sock=2732 hEvent=00000A90 events=0x0
2026-10-03 03:24:38.538 [EVENT] sock=2732 hEvent=00000A90 events=0x21
2026-10-03 03:24:44.815 [EVENT] sock=2536 hEvent=000009A4 events=0x0
2026-10-03 03:24:44.816 [EVENT] sock=2536 hEvent=000009A4 events=0x21
2026-10-03 03:24:54.881 [EVENT] sock=2536 hEvent=000009A4 events=0x0
2026-10-03 03:24:54.881 [EVENT] sock=2536 hEvent=000009A4 events=0x21
2026-10-03 03:25:04.940 [EVENT] sock=2536 hEvent=000009A4 events=0x0
2026-10-03 03:25:04.940 [EVENT] sock=2536 hEvent=000009A4 events=0x21
2026-10-03 03:25:08.544 [EVENT] sock=2732 hEvent=00000A90 events=0x0
2026-10-03 03:25:08.544 [EVENT] sock=2732 hEvent=00000A90 events=0x21
2026-10-03 03:25:15.042 [EVENT] sock=2536 hEvent=000009A4 events=0x0
2026-10-03 03:25:15.043 [EVENT] sock=2536 hEvent=000009A4 events=0x21
2026-10-03 03:25:25.106 [EVENT] sock=2536 hEvent=000009A4 events=0x0
2026-10-03 03:25:25.111 [EVENT] sock=2536 hEvent=000009A4 events=0x21
2026-10-03 03:25:35.178 [EVENT] sock=2536 hEvent=000009A4 events=0x0
2026-10-03 03:25:35.180 [EVENT] sock=2536 hEvent=000009A4 events=0x21
2026-10-03 03:25:38.549 [EVENT] sock=2732 hEvent=00000A90 events=0x0
2026-10-03 03:25:38.549 [EVENT] sock=2732 hEvent=00000A90 events=0x21
2026-10-03 03:25:45.242 [EVENT] sock=2536 hEvent=000009A4 events=0x0
2026-10-03 03:25:45.245 [EVENT] sock=2536 hEvent=000009A4 events=0x21
2026-10-03 03:25:55.310 [EVENT] sock=2536 hEvent=000009A4 events=0x0
2026-10-03 03:25:55.311 [EVENT] sock=2536 hEvent=000009A4 events=0x21
2026-10-03 03:26:05.362 [EVENT] sock=2536 hEvent=000009A4 events=0x0
2026-10-03 03:26:05.362 [EVENT] sock=2536 hEvent=000009A4 events=0x21
2026-10-03 03:26:08.554 [EVENT] sock=2732 hEvent=00000A90 events=0x0
2026-10-03 03:26:08.555 [EVENT] sock=2732 hEvent=00000A90 events=0x21
2026-10-03 03:26:15.450 [EVENT] sock=2536 hEvent=000009A4 events=0x0
2026-10-03 03:26:15.450 [EVENT] sock=2536 hEvent=000009A4 events=0x21
2026-10-03 03:26:25.515 [EVENT] sock=2536 hEvent=000009A4 events=0x0
2026-10-03 03:26:25.516 [EVENT] sock=2536 hEvent=000009A4 events=0x21
2026-10-03 03:26:35.564 [EVENT] sock=2536 hEvent=000009A4 events=0x0
2026-10-03 03:26:35.566 [EVENT] sock=2536 hEvent=000009A4 events=0x21
2026-10-03 03:26:38.560 [EVENT] sock=2732 hEvent=00000A90 events=0x0
2026-10-03 03:26:38.560 [EVENT] sock=2732 hEvent=00000A90 events=0x21
2026-10-03 03:26:45.667 [EVENT] sock=2536 hEvent=000009A4 events=0x0
2026-10-03 03:26:45.669 [EVENT] sock=2536 hEvent=000009A4 events=0x21
2026-10-03 03:26:46.356 [OP] 4031 inv=FFE6 len=25 #1 8c5b5351afdcfaa32b1f36b0eb682a9ffaa39a35c2205fbb0b
2026-10-03 03:26:55.739 [EVENT] sock=2536 hEvent=000009A4 events=0x0
2026-10-03 03:26:55.743 [EVENT] sock=2536 hEvent=000009A4 events=0x21
2026-10-03 03:27:05.807 [EVENT] sock=2536 hEvent=000009A4 events=0x0
2026-10-03 03:27:05.807 [EVENT] sock=2536 hEvent=000009A4 events=0x21
2026-10-03 03:27:08.565 [EVENT] sock=2732 hEvent=00000A90 events=0x0
2026-10-03 03:27:08.565 [EVENT] sock=2732 hEvent=00000A90 events=0x21
2026-10-03 03:27:15.915 [EVENT] sock=2536 hEvent=000009A4 events=0x0
2026-10-03 03:27:15.918 [EVENT] sock=2536 hEvent=000009A4 events=0x21
2026-10-03 03:27:25.980 [EVENT] sock=2536 hEvent=000009A4 events=0x0
2026-10-03 03:27:25.984 [EVENT] sock=2536 hEvent=000009A4 events=0x21
2026-10-03 03:27:36.031 [EVENT] sock=2536 hEvent=000009A4 events=0x0
2026-10-03 03:27:36.036 [EVENT] sock=2536 hEvent=000009A4 events=0x21
2026-10-03 03:27:36.048 [EVENT] sock=2536 hEvent=000009A4 events=0x0
2026-10-03 03:27:36.048 [EVENT] sock=2536 hEvent=000009A4 events=0x21
2026-10-03 03:27:38.571 [EVENT] sock=2732 hEvent=00000A90 events=0x0
2026-10-03 03:27:38.571 [EVENT] sock=2732 hEvent=00000A90 events=0x21
2026-10-03 03:27:46.333 [EVENT] sock=2536 hEvent=000009A4 events=0x0
2026-10-03 03:27:46.337 [EVENT] sock=2536 hEvent=000009A4 events=0x21
2026-10-03 03:27:56.383 [EVENT] sock=2536 hEvent=000009A4 events=0x0
2026-10-03 03:27:56.386 [EVENT] sock=2536 hEvent=000009A4 events=0x21
2026-10-03 03:28:06.452 [EVENT] sock=2536 hEvent=000009A4 events=0x0
2026-10-03 03:28:06.453 [EVENT] sock=2536 hEvent=000009A4 events=0x21
2026-10-03 03:28:08.576 [EVENT] sock=2732 hEvent=00000A90 events=0x0
2026-10-03 03:28:08.576 [EVENT] sock=2732 hEvent=00000A90 events=0x21
2026-10-03 03:28:16.523 [EVENT] sock=2536 hEvent=000009A4 events=0x0
2026-10-03 03:28:16.523 [EVENT] sock=2536 hEvent=000009A4 events=0x21
2026-10-03 03:28:26.578 [EVENT] sock=2536 hEvent=000009A4 events=0x0
2026-10-03 03:28:26.579 [EVENT] sock=2536 hEvent=000009A4 events=0x21
2026-10-03 03:28:36.644 [EVENT] sock=2536 hEvent=000009A4 events=0x0
2026-10-03 03:28:36.644 [EVENT] sock=2536 hEvent=000009A4 events=0x21
2026-10-03 03:28:38.583 [EVENT] sock=2732 hEvent=00000A90 events=0x0
2026-10-03 03:28:38.583 [EVENT] sock=2732 hEvent=00000A90 events=0x21
2026-10-03 03:28:46.694 [EVENT] sock=2536 hEvent=000009A4 events=0x0
2026-10-03 03:28:46.696 [EVENT] sock=2536 hEvent=000009A4 events=0x21
2026-10-03 03:28:56.747 [EVENT] sock=2536 hEvent=000009A4 events=0x0
2026-10-03 03:28:56.752 [EVENT] sock=2536 hEvent=000009A4 events=0x21
2026-10-03 03:29:06.813 [EVENT] sock=2536 hEvent=000009A4 events=0x0
2026-10-03 03:29:06.814 [EVENT] sock=2536 hEvent=000009A4 events=0x21
2026-10-03 03:29:08.589 [EVENT] sock=2732 hEvent=00000A90 events=0x0
2026-10-03 03:29:08.590 [EVENT] sock=2732 hEvent=00000A90 events=0x21
2026-10-03 03:29:16.866 [EVENT] sock=2536 hEvent=000009A4 events=0x0
2026-10-03 03:29:16.870 [EVENT] sock=2536 hEvent=000009A4 events=0x21
2026-10-03 03:29:26.933 [EVENT] sock=2536 hEvent=000009A4 events=0x0
2026-10-03 03:29:26.933 [EVENT] sock=2536 hEvent=000009A4 events=0x21
2026-10-03 03:29:36.985 [EVENT] sock=2536 hEvent=000009A4 events=0x0
2026-10-03 03:29:36.990 [EVENT] sock=2536 hEvent=000009A4 events=0x21
2026-10-03 03:29:38.595 [EVENT] sock=2732 hEvent=00000A90 events=0x0
2026-10-03 03:29:38.595 [EVENT] sock=2732 hEvent=00000A90 events=0x21
2026-10-03 03:29:47.269 [EVENT] sock=2536 hEvent=000009A4 events=0x0
2026-10-03 03:29:47.270 [EVENT] sock=2536 hEvent=000009A4 events=0x21
2026-10-03 03:29:57.337 [EVENT] sock=2536 hEvent=000009A4 events=0x0
2026-10-03 03:29:57.341 [EVENT] sock=2536 hEvent=000009A4 events=0x21
2026-10-03 03:30:07.404 [EVENT] sock=2536 hEvent=000009A4 events=0x0
2026-10-03 03:30:07.408 [EVENT] sock=2536 hEvent=000009A4 events=0x21
2026-10-03 03:30:08.600 [EVENT] sock=2732 hEvent=00000A90 events=0x0
2026-10-03 03:30:08.600 [EVENT] sock=2732 hEvent=00000A90 events=0x21
2026-10-03 03:30:17.523 [EVENT] sock=2536 hEvent=000009A4 events=0x0
2026-10-03 03:30:17.527 [EVENT] sock=2536 hEvent=000009A4 events=0x21
2026-10-03 03:30:27.591 [EVENT] sock=2536 hEvent=000009A4 events=0x0
2026-10-03 03:30:27.592 [EVENT] sock=2536 hEvent=000009A4 events=0x21
2026-10-03 03:30:37.644 [EVENT] sock=2536 hEvent=000009A4 events=0x0
2026-10-03 03:30:37.649 [EVENT] sock=2536 hEvent=000009A4 events=0x21
2026-10-03 03:30:38.604 [EVENT] sock=2732 hEvent=00000A90 events=0x0
2026-10-03 03:30:38.605 [EVENT] sock=2732 hEvent=00000A90 events=0x21
2026-10-03 03:30:47.793 [EVENT] sock=2536 hEvent=000009A4 events=0x0
2026-10-03 03:30:47.794 [EVENT] sock=2536 hEvent=000009A4 events=0x21
2026-10-03 03:30:57.844 [EVENT] sock=2536 hEvent=000009A4 events=0x0
2026-10-03 03:30:57.845 [EVENT] sock=2536 hEvent=000009A4 events=0x21
2026-10-03 03:31:07.897 [EVENT] sock=2536 hEvent=000009A4 events=0x0
2026-10-03 03:31:07.898 [EVENT] sock=2536 hEvent=000009A4 events=0x21
2026-10-03 03:31:08.609 [EVENT] sock=2732 hEvent=00000A90 events=0x0
2026-10-03 03:31:08.609 [EVENT] sock=2732 hEvent=00000A90 events=0x21
2026-10-03 03:31:17.999 [EVENT] sock=2536 hEvent=000009A4 events=0x0
2026-10-03 03:31:18.003 [EVENT] sock=2536 hEvent=000009A4 events=0x21
2026-10-03 03:31:28.049 [EVENT] sock=2536 hEvent=000009A4 events=0x0
2026-10-03 03:31:28.049 [EVENT] sock=2536 hEvent=000009A4 events=0x21
2026-10-03 03:31:38.100 [EVENT] sock=2536 hEvent=000009A4 events=0x0
2026-10-03 03:31:38.100 [EVENT] sock=2536 hEvent=000009A4 events=0x21
2026-10-03 03:31:38.612 [EVENT] sock=2732 hEvent=00000A90 events=0x0
2026-10-03 03:31:38.612 [EVENT] sock=2732 hEvent=00000A90 events=0x21
2026-10-03 03:31:48.203 [EVENT] sock=2536 hEvent=000009A4 events=0x0
2026-10-03 03:31:48.207 [EVENT] sock=2536 hEvent=000009A4 events=0x21
2026-10-03 03:31:58.271 [EVENT] sock=2536 hEvent=000009A4 events=0x0
2026-10-03 03:31:58.273 [EVENT] sock=2536 hEvent=000009A4 events=0x21
2026-10-03 03:32:08.320 [EVENT] sock=2536 hEvent=000009A4 events=0x0
2026-10-03 03:32:08.321 [EVENT] sock=2536 hEvent=000009A4 events=0x21
2026-10-03 03:32:08.616 [EVENT] sock=2732 hEvent=00000A90 events=0x0
2026-10-03 03:32:08.617 [EVENT] sock=2732 hEvent=00000A90 events=0x21
2026-10-03 03:32:18.455 [EVENT] sock=2536 hEvent=000009A4 events=0x0
2026-10-03 03:32:18.456 [EVENT] sock=2536 hEvent=000009A4 events=0x21
2026-10-03 03:32:28.512 [EVENT] sock=2536 hEvent=000009A4 events=0x0
2026-10-03 03:32:28.513 [EVENT] sock=2536 hEvent=000009A4 events=0x21
2026-10-03 03:32:38.575 [EVENT] sock=2536 hEvent=000009A4 events=0x0
2026-10-03 03:32:38.576 [EVENT] sock=2536 hEvent=000009A4 events=0x21
2026-10-03 03:32:38.620 [EVENT] sock=2732 hEvent=00000A90 events=0x0
2026-10-03 03:32:38.620 [EVENT] sock=2732 hEvent=00000A90 events=0x21
2026-10-03 03:32:48.665 [EVENT] sock=2536 hEvent=000009A4 events=0x0
2026-10-03 03:32:48.665 [EVENT] sock=2536 hEvent=000009A4 events=0x21
2026-10-03 03:32:58.728 [EVENT] sock=2536 hEvent=000009A4 events=0x0
2026-10-03 03:32:58.729 [EVENT] sock=2536 hEvent=000009A4 events=0x21
2026-10-03 03:33:08.623 [EVENT] sock=2732 hEvent=00000A90 events=0x0
2026-10-03 03:33:08.624 [EVENT] sock=2732 hEvent=00000A90 events=0x21
2026-10-03 03:33:08.779 [EVENT] sock=2536 hEvent=000009A4 events=0x0
2026-10-03 03:33:08.780 [EVENT] sock=2536 hEvent=000009A4 events=0x21
2026-10-03 03:33:18.864 [EVENT] sock=2536 hEvent=000009A4 events=0x0
2026-10-03 03:33:18.865 [EVENT] sock=2536 hEvent=000009A4 events=0x21
2026-10-03 03:33:28.915 [EVENT] sock=2536 hEvent=000009A4 events=0x0
2026-10-03 03:33:28.920 [EVENT] sock=2536 hEvent=000009A4 events=0x21
2026-10-03 03:33:38.627 [EVENT] sock=2732 hEvent=00000A90 events=0x0
2026-10-03 03:33:38.627 [EVENT] sock=2732 hEvent=00000A90 events=0x21
2026-10-03 03:33:38.982 [EVENT] sock=2536 hEvent=000009A4 events=0x0
2026-10-03 03:33:38.984 [EVENT] sock=2536 hEvent=000009A4 events=0x21
2026-10-03 03:33:49.119 [EVENT] sock=2536 hEvent=000009A4 events=0x0
2026-10-03 03:33:49.121 [EVENT] sock=2536 hEvent=000009A4 events=0x21
2026-10-03 03:33:59.183 [EVENT] sock=2536 hEvent=000009A4 events=0x0
2026-10-03 03:33:59.185 [EVENT] sock=2536 hEvent=000009A4 events=0x21
2026-10-03 03:34:08.630 [EVENT] sock=2732 hEvent=00000A90 events=0x0
2026-10-03 03:34:08.630 [EVENT] sock=2732 hEvent=00000A90 events=0x21
2026-10-03 03:34:09.235 [EVENT] sock=2536 hEvent=000009A4 events=0x0
2026-10-03 03:34:09.240 [EVENT] sock=2536 hEvent=000009A4 events=0x21
2026-10-03 03:34:19.336 [EVENT] sock=2536 hEvent=000009A4 events=0x0
2026-10-03 03:34:19.337 [EVENT] sock=2536 hEvent=000009A4 events=0x21
2026-10-03 03:34:29.388 [EVENT] sock=2536 hEvent=000009A4 events=0x0
2026-10-03 03:34:29.392 [EVENT] sock=2536 hEvent=000009A4 events=0x21
2026-10-03 03:34:38.634 [EVENT] sock=2732 hEvent=00000A90 events=0x0
2026-10-03 03:34:38.634 [EVENT] sock=2732 hEvent=00000A90 events=0x21
2026-10-03 03:34:39.458 [EVENT] sock=2536 hEvent=000009A4 events=0x0
2026-10-03 03:34:39.460 [EVENT] sock=2536 hEvent=000009A4 events=0x21
2026-10-03 03:34:49.544 [EVENT] sock=2536 hEvent=000009A4 events=0x0
2026-10-03 03:34:49.545 [EVENT] sock=2536 hEvent=000009A4 events=0x21
2026-10-03 03:34:59.609 [EVENT] sock=2536 hEvent=000009A4 events=0x0
2026-10-03 03:34:59.610 [EVENT] sock=2536 hEvent=000009A4 events=0x21
2026-10-03 03:35:08.638 [EVENT] sock=2732 hEvent=00000A90 events=0x0
2026-10-03 03:35:08.638 [EVENT] sock=2732 hEvent=00000A90 events=0x21
2026-10-03 03:35:09.661 [EVENT] sock=2536 hEvent=000009A4 events=0x0
2026-10-03 03:35:09.661 [EVENT] sock=2536 hEvent=000009A4 events=0x21
2026-10-03 03:35:19.746 [EVENT] sock=2536 hEvent=000009A4 events=0x0
2026-10-03 03:35:19.751 [EVENT] sock=2536 hEvent=000009A4 events=0x21
2026-10-03 03:35:29.817 [EVENT] sock=2536 hEvent=000009A4 events=0x0
2026-10-03 03:35:29.819 [EVENT] sock=2536 hEvent=000009A4 events=0x21
2026-10-03 03:35:38.642 [EVENT] sock=2732 hEvent=00000A90 events=0x0
2026-10-03 03:35:38.643 [EVENT] sock=2732 hEvent=00000A90 events=0x21
2026-10-03 03:35:39.888 [EVENT] sock=2536 hEvent=000009A4 events=0x0
2026-10-03 03:35:39.889 [EVENT] sock=2536 hEvent=000009A4 events=0x21
2026-10-03 03:35:50.005 [EVENT] sock=2536 hEvent=000009A4 events=0x0
2026-10-03 03:35:50.007 [EVENT] sock=2536 hEvent=000009A4 events=0x21
2026-10-03 03:36:00.075 [EVENT] sock=2536 hEvent=000009A4 events=0x0
2026-10-03 03:36:00.075 [EVENT] sock=2536 hEvent=000009A4 events=0x21
2026-10-03 03:36:08.646 [EVENT] sock=2732 hEvent=00000A90 events=0x0
2026-10-03 03:36:08.646 [EVENT] sock=2732 hEvent=00000A90 events=0x21
2026-10-03 03:36:10.137 [EVENT] sock=2536 hEvent=000009A4 events=0x0
2026-10-03 03:36:10.137 [EVENT] sock=2536 hEvent=000009A4 events=0x21
2026-10-03 03:36:20.208 [EVENT] sock=2536 hEvent=000009A4 events=0x0
2026-10-03 03:36:20.208 [EVENT] sock=2536 hEvent=000009A4 events=0x21
2026-10-03 03:36:30.276 [EVENT] sock=2536 hEvent=000009A4 events=0x0
2026-10-03 03:36:30.277 [EVENT] sock=2536 hEvent=000009A4 events=0x21
2026-10-03 03:36:38.649 [EVENT] sock=2732 hEvent=00000A90 events=0x0
2026-10-03 03:36:38.649 [EVENT] sock=2732 hEvent=00000A90 events=0x21
2026-10-03 03:36:40.343 [EVENT] sock=2536 hEvent=000009A4 events=0x0
2026-10-03 03:36:40.344 [EVENT] sock=2536 hEvent=000009A4 events=0x21
2026-10-03 03:36:50.408 [EVENT] sock=2536 hEvent=000009A4 events=0x0
2026-10-03 03:36:50.409 [EVENT] sock=2536 hEvent=000009A4 events=0x21
2026-10-03 03:37:00.460 [EVENT] sock=2536 hEvent=000009A4 events=0x0
2026-10-03 03:37:00.460 [EVENT] sock=2536 hEvent=000009A4 events=0x21
2026-10-03 03:37:08.654 [EVENT] sock=2732 hEvent=00000A90 events=0x0
2026-10-03 03:37:08.654 [EVENT] sock=2732 hEvent=00000A90 events=0x21
2026-10-03 03:37:10.510 [EVENT] sock=2536 hEvent=000009A4 events=0x0
2026-10-03 03:37:10.515 [EVENT] sock=2536 hEvent=000009A4 events=0x21
2026-10-03 03:37:20.609 [EVENT] sock=2536 hEvent=000009A4 events=0x0
2026-10-03 03:37:20.611 [EVENT] sock=2536 hEvent=000009A4 events=0x21
2026-10-03 03:37:30.665 [EVENT] sock=2536 hEvent=000009A4 events=0x0
2026-10-03 03:37:30.668 [EVENT] sock=2536 hEvent=000009A4 events=0x21
2026-10-03 03:37:38.657 [EVENT] sock=2732 hEvent=00000A90 events=0x0
2026-10-03 03:37:38.657 [EVENT] sock=2732 hEvent=00000A90 events=0x21
2026-10-03 03:37:40.735 [EVENT] sock=2536 hEvent=000009A4 events=0x0
2026-10-03 03:37:40.735 [EVENT] sock=2536 hEvent=000009A4 events=0x21
2026-10-03 03:37:50.817 [EVENT] sock=2536 hEvent=000009A4 events=0x0
2026-10-03 03:37:50.818 [EVENT] sock=2536 hEvent=000009A4 events=0x21
2026-10-03 03:38:00.866 [EVENT] sock=2536 hEvent=000009A4 events=0x0
2026-10-03 03:38:00.867 [EVENT] sock=2536 hEvent=000009A4 events=0x21
2026-10-03 03:38:08.662 [EVENT] sock=2732 hEvent=00000A90 events=0x0
2026-10-03 03:38:08.662 [EVENT] sock=2732 hEvent=00000A90 events=0x21
2026-10-03 03:38:10.919 [EVENT] sock=2536 hEvent=000009A4 events=0x0
2026-10-03 03:38:10.920 [EVENT] sock=2536 hEvent=000009A4 events=0x21
2026-10-03 03:38:21.073 [EVENT] sock=2536 hEvent=000009A4 events=0x0
2026-10-03 03:38:21.074 [EVENT] sock=2536 hEvent=000009A4 events=0x21
2026-10-03 03:38:31.124 [EVENT] sock=2536 hEvent=000009A4 events=0x0
2026-10-03 03:38:31.124 [EVENT] sock=2536 hEvent=000009A4 events=0x21
2026-10-03 03:38:38.667 [EVENT] sock=2732 hEvent=00000A90 events=0x0
2026-10-03 03:38:38.667 [EVENT] sock=2732 hEvent=00000A90 events=0x21
2026-10-03 03:38:41.177 [EVENT] sock=2536 hEvent=000009A4 events=0x0
2026-10-03 03:38:41.178 [EVENT] sock=2536 hEvent=000009A4 events=0x21
2026-10-03 03:38:51.275 [EVENT] sock=2536 hEvent=000009A4 events=0x0
2026-10-03 03:38:51.280 [EVENT] sock=2536 hEvent=000009A4 events=0x21
2026-10-03 03:39:01.343 [EVENT] sock=2536 hEvent=000009A4 events=0x0
2026-10-03 03:39:01.344 [EVENT] sock=2536 hEvent=000009A4 events=0x21
2026-10-03 03:39:08.671 [EVENT] sock=2732 hEvent=00000A90 events=0x0
2026-10-03 03:39:08.671 [EVENT] sock=2732 hEvent=00000A90 events=0x21
2026-10-03 03:39:11.400 [EVENT] sock=2536 hEvent=000009A4 events=0x0
2026-10-03 03:39:11.403 [EVENT] sock=2536 hEvent=000009A4 events=0x21
2026-10-03 03:39:21.604 [EVENT] sock=2536 hEvent=000009A4 events=0x0
2026-10-03 03:39:21.604 [EVENT] sock=2536 hEvent=000009A4 events=0x21
2026-10-03 03:39:31.666 [EVENT] sock=2536 hEvent=000009A4 events=0x0
2026-10-03 03:39:31.667 [EVENT] sock=2536 hEvent=000009A4 events=0x21
2026-10-03 03:39:38.676 [EVENT] sock=2732 hEvent=00000A90 events=0x0
2026-10-03 03:39:38.677 [EVENT] sock=2732 hEvent=00000A90 events=0x21
2026-10-03 03:39:41.716 [EVENT] sock=2536 hEvent=000009A4 events=0x0
2026-10-03 03:39:41.717 [EVENT] sock=2536 hEvent=000009A4 events=0x21
2026-10-03 03:39:51.852 [EVENT] sock=2536 hEvent=000009A4 events=0x0
2026-10-03 03:39:51.853 [EVENT] sock=2536 hEvent=000009A4 events=0x21
2026-10-03 03:40:01.902 [EVENT] sock=2536 hEvent=000009A4 events=0x0
2026-10-03 03:40:01.908 [EVENT] sock=2536 hEvent=000009A4 events=0x21
2026-10-03 03:40:08.680 [EVENT] sock=2732 hEvent=00000A90 events=0x0
2026-10-03 03:40:08.680 [EVENT] sock=2732 hEvent=00000A90 events=0x21
2026-10-03 03:40:11.969 [EVENT] sock=2536 hEvent=000009A4 events=0x0
2026-10-03 03:40:11.972 [EVENT] sock=2536 hEvent=000009A4 events=0x21
2026-10-03 03:40:22.053 [EVENT] sock=2536 hEvent=000009A4 events=0x0
2026-10-03 03:40:22.053 [EVENT] sock=2536 hEvent=000009A4 events=0x21
2026-10-03 03:40:32.105 [EVENT] sock=2536 hEvent=000009A4 events=0x0
2026-10-03 03:40:32.109 [EVENT] sock=2536 hEvent=000009A4 events=0x21
2026-10-03 03:40:38.685 [EVENT] sock=2732 hEvent=00000A90 events=0x0
2026-10-03 03:40:38.685 [EVENT] sock=2732 hEvent=00000A90 events=0x21
2026-10-03 03:40:42.157 [EVENT] sock=2536 hEvent=000009A4 events=0x0
2026-10-03 03:40:42.162 [EVENT] sock=2536 hEvent=000009A4 events=0x21
2026-10-03 03:40:52.307 [EVENT] sock=2536 hEvent=000009A4 events=0x0
2026-10-03 03:40:52.307 [EVENT] sock=2536 hEvent=000009A4 events=0x21
2026-10-03 03:41:02.359 [EVENT] sock=2536 hEvent=000009A4 events=0x0
2026-10-03 03:41:02.360 [EVENT] sock=2536 hEvent=000009A4 events=0x21
2026-10-03 03:41:08.689 [EVENT] sock=2732 hEvent=00000A90 events=0x0
2026-10-03 03:41:08.690 [EVENT] sock=2732 hEvent=00000A90 events=0x21
2026-10-03 03:41:12.409 [EVENT] sock=2536 hEvent=000009A4 events=0x0
2026-10-03 03:41:12.410 [EVENT] sock=2536 hEvent=000009A4 events=0x21
2026-10-03 03:41:22.517 [EVENT] sock=2536 hEvent=000009A4 events=0x0
2026-10-03 03:41:22.517 [EVENT] sock=2536 hEvent=000009A4 events=0x21
2026-10-03 03:41:32.582 [EVENT] sock=2536 hEvent=000009A4 events=0x0
2026-10-03 03:41:32.582 [EVENT] sock=2536 hEvent=000009A4 events=0x21
2026-10-03 03:41:38.693 [EVENT] sock=2732 hEvent=00000A90 events=0x0
2026-10-03 03:41:38.693 [EVENT] sock=2732 hEvent=00000A90 events=0x21
2026-10-03 03:41:42.632 [EVENT] sock=2536 hEvent=000009A4 events=0x0
2026-10-03 03:41:42.636 [EVENT] sock=2536 hEvent=000009A4 events=0x21
2026-10-03 03:41:52.767 [EVENT] sock=2536 hEvent=000009A4 events=0x0
2026-10-03 03:41:52.769 [EVENT] sock=2536 hEvent=000009A4 events=0x21
2026-10-03 03:42:02.818 [EVENT] sock=2536 hEvent=000009A4 events=0x0
2026-10-03 03:42:02.819 [EVENT] sock=2536 hEvent=000009A4 events=0x21
2026-10-03 03:42:08.698 [EVENT] sock=2732 hEvent=00000A90 events=0x0
2026-10-03 03:42:08.699 [EVENT] sock=2732 hEvent=00000A90 events=0x21
2026-10-03 03:42:12.890 [EVENT] sock=2536 hEvent=000009A4 events=0x0
2026-10-03 03:42:12.891 [EVENT] sock=2536 hEvent=000009A4 events=0x21
2026-10-03 03:42:23.075 [EVENT] sock=2536 hEvent=000009A4 events=0x0
2026-10-03 03:42:23.075 [EVENT] sock=2536 hEvent=000009A4 events=0x21
2026-10-03 03:42:33.141 [EVENT] sock=2536 hEvent=000009A4 events=0x0
2026-10-03 03:42:33.142 [EVENT] sock=2536 hEvent=000009A4 events=0x21
2026-10-03 03:42:38.702 [EVENT] sock=2732 hEvent=00000A90 events=0x0
2026-10-03 03:42:38.704 [EVENT] sock=2732 hEvent=00000A90 events=0x21
2026-10-03 03:42:43.191 [EVENT] sock=2536 hEvent=000009A4 events=0x0
2026-10-03 03:42:43.191 [EVENT] sock=2536 hEvent=000009A4 events=0x21
2026-10-03 03:42:53.274 [EVENT] sock=2536 hEvent=000009A4 events=0x0
2026-10-03 03:42:53.276 [EVENT] sock=2536 hEvent=000009A4 events=0x21
2026-10-03 03:43:03.343 [EVENT] sock=2536 hEvent=000009A4 events=0x0
2026-10-03 03:43:03.344 [EVENT] sock=2536 hEvent=000009A4 events=0x21
2026-10-03 03:43:08.707 [EVENT] sock=2732 hEvent=00000A90 events=0x0
2026-10-03 03:43:08.708 [EVENT] sock=2732 hEvent=00000A90 events=0x21
2026-10-03 03:43:13.393 [EVENT] sock=2536 hEvent=000009A4 events=0x0
2026-10-03 03:43:13.394 [EVENT] sock=2536 hEvent=000009A4 events=0x21
2026-10-03 03:43:23.494 [EVENT] sock=2536 hEvent=000009A4 events=0x0
2026-10-03 03:43:23.495 [EVENT] sock=2536 hEvent=000009A4 events=0x21
2026-10-03 03:43:33.546 [EVENT] sock=2536 hEvent=000009A4 events=0x0
2026-10-03 03:43:33.546 [EVENT] sock=2536 hEvent=000009A4 events=0x21
2026-10-03 03:43:38.712 [EVENT] sock=2732 hEvent=00000A90 events=0x0
2026-10-03 03:43:38.716 [EVENT] sock=2732 hEvent=00000A90 events=0x21
2026-10-03 03:43:43.597 [EVENT] sock=2536 hEvent=000009A4 events=0x0
2026-10-03 03:43:43.597 [EVENT] sock=2536 hEvent=000009A4 events=0x21
2026-10-03 03:43:53.848 [EVENT] sock=2536 hEvent=000009A4 events=0x0
2026-10-03 03:43:53.849 [EVENT] sock=2536 hEvent=000009A4 events=0x21
2026-10-03 03:44:03.898 [EVENT] sock=2536 hEvent=000009A4 events=0x0
2026-10-03 03:44:03.899 [EVENT] sock=2536 hEvent=000009A4 events=0x21
2026-10-03 03:44:08.720 [EVENT] sock=2732 hEvent=00000A90 events=0x0
2026-10-03 03:44:08.721 [EVENT] sock=2732 hEvent=00000A90 events=0x21
2026-10-03 03:44:13.955 [EVENT] sock=2536 hEvent=000009A4 events=0x0
2026-10-03 03:44:13.956 [EVENT] sock=2536 hEvent=000009A4 events=0x21
2026-10-03 03:44:24.057 [EVENT] sock=2536 hEvent=000009A4 events=0x0
2026-10-03 03:44:24.057 [EVENT] sock=2536 hEvent=000009A4 events=0x21
2026-10-03 03:44:34.122 [EVENT] sock=2536 hEvent=000009A4 events=0x0
2026-10-03 03:44:34.122 [EVENT] sock=2536 hEvent=000009A4 events=0x21
2026-10-03 03:44:38.727 [EVENT] sock=2732 hEvent=00000A90 events=0x0
2026-10-03 03:44:38.729 [EVENT] sock=2732 hEvent=00000A90 events=0x21
2026-10-03 03:44:44.173 [EVENT] sock=2536 hEvent=000009A4 events=0x0
2026-10-03 03:44:44.179 [EVENT] sock=2536 hEvent=000009A4 events=0x21
2026-10-03 03:44:54.258 [EVENT] sock=2536 hEvent=000009A4 events=0x0
2026-10-03 03:44:54.260 [EVENT] sock=2536 hEvent=000009A4 events=0x21
2026-10-03 03:45:04.307 [EVENT] sock=2536 hEvent=000009A4 events=0x0
2026-10-03 03:45:04.310 [EVENT] sock=2536 hEvent=000009A4 events=0x21
2026-10-03 03:45:08.734 [EVENT] sock=2732 hEvent=00000A90 events=0x0
2026-10-03 03:45:08.734 [EVENT] sock=2732 hEvent=00000A90 events=0x21
2026-10-03 03:45:14.375 [EVENT] sock=2536 hEvent=000009A4 events=0x0
2026-10-03 03:45:14.375 [EVENT] sock=2536 hEvent=000009A4 events=0x21
2026-10-03 03:45:24.575 [EVENT] sock=2536 hEvent=000009A4 events=0x0
2026-10-03 03:45:24.577 [EVENT] sock=2536 hEvent=000009A4 events=0x21
2026-10-03 03:45:34.626 [EVENT] sock=2536 hEvent=000009A4 events=0x0
2026-10-03 03:45:34.628 [EVENT] sock=2536 hEvent=000009A4 events=0x21
2026-10-03 03:45:38.738 [EVENT] sock=2732 hEvent=00000A90 events=0x0
2026-10-03 03:45:38.738 [EVENT] sock=2732 hEvent=00000A90 events=0x21
2026-10-03 03:45:44.678 [EVENT] sock=2536 hEvent=000009A4 events=0x0
2026-10-03 03:45:44.679 [EVENT] sock=2536 hEvent=000009A4 events=0x21
2026-10-03 03:45:54.772 [EVENT] sock=2536 hEvent=000009A4 events=0x0
2026-10-03 03:45:54.773 [EVENT] sock=2536 hEvent=000009A4 events=0x21
2026-10-03 03:46:04.833 [EVENT] sock=2536 hEvent=000009A4 events=0x0
2026-10-03 03:46:04.834 [EVENT] sock=2536 hEvent=000009A4 events=0x21
2026-10-03 03:46:08.741 [EVENT] sock=2732 hEvent=00000A90 events=0x0
2026-10-03 03:46:08.743 [EVENT] sock=2732 hEvent=00000A90 events=0x21
2026-10-03 03:46:14.901 [EVENT] sock=2536 hEvent=000009A4 events=0x0
2026-10-03 03:46:14.906 [EVENT] sock=2536 hEvent=000009A4 events=0x21
2026-10-03 03:46:25.035 [EVENT] sock=2536 hEvent=000009A4 events=0x0
2026-10-03 03:46:25.036 [EVENT] sock=2536 hEvent=000009A4 events=0x21
2026-10-03 03:46:35.086 [EVENT] sock=2536 hEvent=000009A4 events=0x0
2026-10-03 03:46:35.088 [EVENT] sock=2536 hEvent=000009A4 events=0x21
2026-10-03 03:46:38.746 [EVENT] sock=2732 hEvent=00000A90 events=0x0
2026-10-03 03:46:38.746 [EVENT] sock=2732 hEvent=00000A90 events=0x21
2026-10-03 03:46:45.137 [EVENT] sock=2536 hEvent=000009A4 events=0x0
2026-10-03 03:46:45.138 [EVENT] sock=2536 hEvent=000009A4 events=0x21
2026-10-03 03:46:55.288 [EVENT] sock=2536 hEvent=000009A4 events=0x0
2026-10-03 03:46:55.288 [EVENT] sock=2536 hEvent=000009A4 events=0x21
2026-10-03 03:47:05.338 [EVENT] sock=2536 hEvent=000009A4 events=0x0
2026-10-03 03:47:05.339 [EVENT] sock=2536 hEvent=000009A4 events=0x21
2026-10-03 03:47:08.750 [EVENT] sock=2732 hEvent=00000A90 events=0x0
2026-10-03 03:47:08.750 [EVENT] sock=2732 hEvent=00000A90 events=0x21
2026-10-03 03:47:15.390 [EVENT] sock=2536 hEvent=000009A4 events=0x0
2026-10-03 03:47:15.395 [EVENT] sock=2536 hEvent=000009A4 events=0x21
2026-10-03 03:47:25.541 [EVENT] sock=2536 hEvent=000009A4 events=0x0
2026-10-03 03:47:25.541 [EVENT] sock=2536 hEvent=000009A4 events=0x21
2026-10-03 03:47:35.592 [EVENT] sock=2536 hEvent=000009A4 events=0x0
2026-10-03 03:47:35.592 [EVENT] sock=2536 hEvent=000009A4 events=0x21
2026-10-03 03:47:38.754 [EVENT] sock=2732 hEvent=00000A90 events=0x0
2026-10-03 03:47:38.754 [EVENT] sock=2732 hEvent=00000A90 events=0x21
2026-10-03 03:47:45.642 [EVENT] sock=2536 hEvent=000009A4 events=0x0
2026-10-03 03:47:45.642 [EVENT] sock=2536 hEvent=000009A4 events=0x21
2026-10-03 03:47:55.896 [EVENT] sock=2536 hEvent=000009A4 events=0x0
2026-10-03 03:47:55.897 [EVENT] sock=2536 hEvent=000009A4 events=0x21
2026-10-03 03:48:05.947 [EVENT] sock=2536 hEvent=000009A4 events=0x0
2026-10-03 03:48:05.949 [EVENT] sock=2536 hEvent=000009A4 events=0x21
2026-10-03 03:48:08.758 [EVENT] sock=2732 hEvent=00000A90 events=0x0
2026-10-03 03:48:08.758 [EVENT] sock=2732 hEvent=00000A90 events=0x21
2026-10-03 03:48:15.998 [EVENT] sock=2536 hEvent=000009A4 events=0x0
2026-10-03 03:48:15.999 [EVENT] sock=2536 hEvent=000009A4 events=0x21
2026-10-03 03:48:26.149 [EVENT] sock=2536 hEvent=000009A4 events=0x0
2026-10-03 03:48:26.150 [EVENT] sock=2536 hEvent=000009A4 events=0x21
2026-10-03 03:48:36.187 [EVENT] sock=2536 hEvent=000009A4 events=0x0
2026-10-03 03:48:36.190 [EVENT] sock=2536 hEvent=000009A4 events=0x21
2026-10-03 03:48:36.217 [EVENT] sock=2536 hEvent=000009A4 events=0x0
2026-10-03 03:48:36.218 [EVENT] sock=2536 hEvent=000009A4 events=0x21
2026-10-03 03:48:38.762 [EVENT] sock=2732 hEvent=00000A90 events=0x0
2026-10-03 03:48:38.763 [EVENT] sock=2732 hEvent=00000A90 events=0x21
2026-10-03 03:48:46.500 [EVENT] sock=2536 hEvent=000009A4 events=0x0
2026-10-03 03:48:46.504 [EVENT] sock=2536 hEvent=000009A4 events=0x21
2026-10-03 03:48:56.571 [EVENT] sock=2536 hEvent=000009A4 events=0x0
2026-10-03 03:48:56.573 [EVENT] sock=2536 hEvent=000009A4 events=0x21
2026-10-03 03:49:06.635 [EVENT] sock=2536 hEvent=000009A4 events=0x0
2026-10-03 03:49:06.636 [EVENT] sock=2536 hEvent=000009A4 events=0x21
2026-10-03 03:49:08.766 [EVENT] sock=2732 hEvent=00000A90 events=0x0
2026-10-03 03:49:08.766 [EVENT] sock=2732 hEvent=00000A90 events=0x21
2026-10-03 03:49:16.700 [EVENT] sock=2536 hEvent=000009A4 events=0x0
2026-10-03 03:49:16.704 [EVENT] sock=2536 hEvent=000009A4 events=0x21
2026-10-03 03:49:23.914 [OP] 4031 inv=FFE9 len=22 #2 fd0b6afa722b1f805b640094d3faa38fb95e0791b10b
2026-10-03 03:49:26.752 [EVENT] sock=2536 hEvent=000009A4 events=0x0
2026-10-03 03:49:26.757 [EVENT] sock=2536 hEvent=000009A4 events=0x21
2026-10-03 03:49:36.820 [EVENT] sock=2536 hEvent=000009A4 events=0x0
2026-10-03 03:49:36.825 [EVENT] sock=2536 hEvent=000009A4 events=0x21
2026-10-03 03:49:38.769 [EVENT] sock=2732 hEvent=00000A90 events=0x0
2026-10-03 03:49:38.769 [EVENT] sock=2732 hEvent=00000A90 events=0x21
2026-10-03 03:49:46.871 [EVENT] sock=2536 hEvent=000009A4 events=0x0
2026-10-03 03:49:46.876 [EVENT] sock=2536 hEvent=000009A4 events=0x21
2026-10-03 03:49:56.937 [EVENT] sock=2536 hEvent=000009A4 events=0x0
2026-10-03 03:49:56.938 [EVENT] sock=2536 hEvent=000009A4 events=0x21
2026-10-03 03:50:06.987 [EVENT] sock=2536 hEvent=000009A4 events=0x0
2026-10-03 03:50:06.987 [EVENT] sock=2536 hEvent=000009A4 events=0x21
2026-10-03 03:50:08.781 [EVENT] sock=2732 hEvent=00000A90 events=0x0
2026-10-03 03:50:08.782 [EVENT] sock=2732 hEvent=00000A90 events=0x21
2026-10-03 03:50:17.056 [EVENT] sock=2536 hEvent=000009A4 events=0x0
2026-10-03 03:50:17.063 [EVENT] sock=2536 hEvent=000009A4 events=0x21
2026-10-03 03:50:27.126 [EVENT] sock=2536 hEvent=000009A4 events=0x0
2026-10-03 03:50:27.128 [EVENT] sock=2536 hEvent=000009A4 events=0x21
2026-10-03 03:50:37.196 [EVENT] sock=2536 hEvent=000009A4 events=0x0
2026-10-03 03:50:37.197 [EVENT] sock=2536 hEvent=000009A4 events=0x21
2026-10-03 03:50:38.784 [EVENT] sock=2732 hEvent=00000A90 events=0x0
2026-10-03 03:50:38.785 [EVENT] sock=2732 hEvent=00000A90 events=0x21
2026-10-03 03:50:47.266 [EVENT] sock=2536 hEvent=000009A4 events=0x0
2026-10-03 03:50:47.266 [EVENT] sock=2536 hEvent=000009A4 events=0x21
2026-10-03 03:50:57.394 [EVENT] sock=2536 hEvent=000009A4 events=0x0
2026-10-03 03:50:57.394 [EVENT] sock=2536 hEvent=000009A4 events=0x21
2026-10-03 03:51:07.448 [EVENT] sock=2536 hEvent=000009A4 events=0x0
2026-10-03 03:51:07.449 [EVENT] sock=2536 hEvent=000009A4 events=0x21
2026-10-03 03:51:08.787 [EVENT] sock=2732 hEvent=00000A90 events=0x0
2026-10-03 03:51:08.787 [EVENT] sock=2732 hEvent=00000A90 events=0x21
2026-10-03 03:51:17.515 [EVENT] sock=2536 hEvent=000009A4 events=0x0
2026-10-03 03:51:17.515 [EVENT] sock=2536 hEvent=000009A4 events=0x21
2026-10-03 03:51:27.600 [EVENT] sock=2536 hEvent=000009A4 events=0x0
2026-10-03 03:51:27.600 [EVENT] sock=2536 hEvent=000009A4 events=0x21
2026-10-03 03:51:37.664 [EVENT] sock=2536 hEvent=000009A4 events=0x0
2026-10-03 03:51:37.668 [EVENT] sock=2536 hEvent=000009A4 events=0x21
2026-10-03 03:51:38.789 [EVENT] sock=2732 hEvent=00000A90 events=0x0
2026-10-03 03:51:38.789 [EVENT] sock=2732 hEvent=00000A90 events=0x21
2026-10-03 03:51:47.716 [EVENT] sock=2536 hEvent=000009A4 events=0x0
2026-10-03 03:51:47.720 [EVENT] sock=2536 hEvent=000009A4 events=0x21
2026-10-03 03:51:57.848 [EVENT] sock=2536 hEvent=000009A4 events=0x0
2026-10-03 03:51:57.850 [EVENT] sock=2536 hEvent=000009A4 events=0x21
2026-10-03 03:52:07.900 [EVENT] sock=2536 hEvent=000009A4 events=0x0
2026-10-03 03:52:07.903 [EVENT] sock=2536 hEvent=000009A4 events=0x21
2026-10-03 03:52:08.792 [EVENT] sock=2732 hEvent=00000A90 events=0x0
2026-10-03 03:52:08.792 [EVENT] sock=2732 hEvent=00000A90 events=0x21
2026-10-03 03:52:17.967 [EVENT] sock=2536 hEvent=000009A4 events=0x0
2026-10-03 03:52:17.967 [EVENT] sock=2536 hEvent=000009A4 events=0x21
2026-10-03 03:52:28.118 [EVENT] sock=2536 hEvent=000009A4 events=0x0
2026-10-03 03:52:28.123 [EVENT] sock=2536 hEvent=000009A4 events=0x21
2026-10-03 03:52:38.188 [EVENT] sock=2536 hEvent=000009A4 events=0x0
2026-10-03 03:52:38.191 [EVENT] sock=2536 hEvent=000009A4 events=0x21
2026-10-03 03:52:38.794 [EVENT] sock=2732 hEvent=00000A90 events=0x0
2026-10-03 03:52:38.795 [EVENT] sock=2732 hEvent=00000A90 events=0x21
2026-10-03 03:52:48.253 [EVENT] sock=2536 hEvent=000009A4 events=0x0
2026-10-03 03:52:48.255 [EVENT] sock=2536 hEvent=000009A4 events=0x21
2026-10-03 03:52:58.369 [EVENT] sock=2536 hEvent=000009A4 events=0x0
2026-10-03 03:52:58.371 [EVENT] sock=2536 hEvent=000009A4 events=0x21
2026-10-03 03:53:08.420 [EVENT] sock=2536 hEvent=000009A4 events=0x0
2026-10-03 03:53:08.422 [EVENT] sock=2536 hEvent=000009A4 events=0x21
2026-10-03 03:53:08.798 [EVENT] sock=2732 hEvent=00000A90 events=0x0
2026-10-03 03:53:08.798 [EVENT] sock=2732 hEvent=00000A90 events=0x21
2026-10-03 03:53:18.471 [EVENT] sock=2536 hEvent=000009A4 events=0x0
2026-10-03 03:53:18.471 [EVENT] sock=2536 hEvent=000009A4 events=0x21
2026-10-03 03:53:28.589 [EVENT] sock=2536 hEvent=000009A4 events=0x0
2026-10-03 03:53:28.590 [EVENT] sock=2536 hEvent=000009A4 events=0x21
2026-10-03 03:53:38.639 [EVENT] sock=2536 hEvent=000009A4 events=0x0
2026-10-03 03:53:38.641 [EVENT] sock=2536 hEvent=000009A4 events=0x21
2026-10-03 03:53:38.800 [EVENT] sock=2732 hEvent=00000A90 events=0x0
2026-10-03 03:53:38.801 [EVENT] sock=2732 hEvent=00000A90 events=0x21
2026-10-03 03:53:48.690 [EVENT] sock=2536 hEvent=000009A4 events=0x0
2026-10-03 03:53:48.693 [EVENT] sock=2536 hEvent=000009A4 events=0x21
2026-10-03 03:53:58.791 [EVENT] sock=2536 hEvent=000009A4 events=0x0
2026-10-03 03:53:58.792 [EVENT] sock=2536 hEvent=000009A4 events=0x21
2026-10-03 03:54:08.804 [EVENT] sock=2732 hEvent=00000A90 events=0x0
2026-10-03 03:54:08.805 [EVENT] sock=2732 hEvent=00000A90 events=0x21
2026-10-03 03:54:08.858 [EVENT] sock=2536 hEvent=000009A4 events=0x0
2026-10-03 03:54:08.863 [EVENT] sock=2536 hEvent=000009A4 events=0x21
2026-10-03 03:54:18.925 [EVENT] sock=2536 hEvent=000009A4 events=0x0
2026-10-03 03:54:18.926 [EVENT] sock=2536 hEvent=000009A4 events=0x21
2026-10-03 03:54:28.991 [EVENT] sock=2536 hEvent=000009A4 events=0x0
2026-10-03 03:54:28.992 [EVENT] sock=2536 hEvent=000009A4 events=0x21
2026-10-03 03:54:38.807 [EVENT] sock=2732 hEvent=00000A90 events=0x0
2026-10-03 03:54:38.808 [EVENT] sock=2732 hEvent=00000A90 events=0x21
2026-10-03 03:54:39.045 [EVENT] sock=2536 hEvent=000009A4 events=0x0
2026-10-03 03:54:39.045 [EVENT] sock=2536 hEvent=000009A4 events=0x21
2026-10-03 03:54:49.095 [EVENT] sock=2536 hEvent=000009A4 events=0x0
2026-10-03 03:54:49.099 [EVENT] sock=2536 hEvent=000009A4 events=0x21
2026-10-03 03:54:59.196 [EVENT] sock=2536 hEvent=000009A4 events=0x0
2026-10-03 03:54:59.199 [EVENT] sock=2536 hEvent=000009A4 events=0x21
2026-10-03 03:55:08.811 [EVENT] sock=2732 hEvent=00000A90 events=0x0
2026-10-03 03:55:08.813 [EVENT] sock=2732 hEvent=00000A90 events=0x21
2026-10-03 03:55:09.249 [EVENT] sock=2536 hEvent=000009A4 events=0x0
2026-10-03 03:55:09.250 [EVENT] sock=2536 hEvent=000009A4 events=0x21
2026-10-03 03:55:19.312 [EVENT] sock=2536 hEvent=000009A4 events=0x0
2026-10-03 03:55:19.317 [EVENT] sock=2536 hEvent=000009A4 events=0x21
2026-10-03 03:55:29.397 [EVENT] sock=2536 hEvent=000009A4 events=0x0
2026-10-03 03:55:29.399 [EVENT] sock=2536 hEvent=000009A4 events=0x21
2026-10-03 03:55:38.818 [EVENT] sock=2732 hEvent=00000A90 events=0x0
2026-10-03 03:55:38.822 [EVENT] sock=2732 hEvent=00000A90 events=0x21
2026-10-03 03:55:39.448 [EVENT] sock=2536 hEvent=000009A4 events=0x0
2026-10-03 03:55:39.452 [EVENT] sock=2536 hEvent=000009A4 events=0x21
2026-10-03 03:55:49.498 [EVENT] sock=2536 hEvent=000009A4 events=0x0
2026-10-03 03:55:49.503 [EVENT] sock=2536 hEvent=000009A4 events=0x21
2026-10-03 03:55:59.716 [EVENT] sock=2536 hEvent=000009A4 events=0x0
2026-10-03 03:55:59.716 [EVENT] sock=2536 hEvent=000009A4 events=0x21
2026-10-03 03:56:08.826 [EVENT] sock=2732 hEvent=00000A90 events=0x0
2026-10-03 03:56:08.826 [EVENT] sock=2732 hEvent=00000A90 events=0x21
2026-10-03 03:56:09.787 [EVENT] sock=2536 hEvent=000009A4 events=0x0
2026-10-03 03:56:09.787 [EVENT] sock=2536 hEvent=000009A4 events=0x21
2026-10-03 03:56:19.840 [EVENT] sock=2536 hEvent=000009A4 events=0x0
2026-10-03 03:56:19.842 [EVENT] sock=2536 hEvent=000009A4 events=0x21
2026-10-03 03:56:29.973 [EVENT] sock=2536 hEvent=000009A4 events=0x0
2026-10-03 03:56:29.975 [EVENT] sock=2536 hEvent=000009A4 events=0x21
2026-10-03 03:56:38.829 [EVENT] sock=2732 hEvent=00000A90 events=0x0
2026-10-03 03:56:38.829 [EVENT] sock=2732 hEvent=00000A90 events=0x21
2026-10-03 03:56:40.040 [EVENT] sock=2536 hEvent=000009A4 events=0x0
2026-10-03 03:56:40.040 [EVENT] sock=2536 hEvent=000009A4 events=0x21
2026-10-03 03:56:50.156 [EVENT] sock=2536 hEvent=000009A4 events=0x0
2026-10-03 03:56:50.157 [EVENT] sock=2536 hEvent=000009A4 events=0x21
2026-10-03 03:57:00.207 [EVENT] sock=2536 hEvent=000009A4 events=0x0
2026-10-03 03:57:00.212 [EVENT] sock=2536 hEvent=000009A4 events=0x21
2026-10-03 03:57:08.832 [EVENT] sock=2732 hEvent=00000A90 events=0x0
2026-10-03 03:57:08.833 [EVENT] sock=2732 hEvent=00000A90 events=0x21
2026-10-03 03:57:10.273 [EVENT] sock=2536 hEvent=000009A4 events=0x0
2026-10-03 03:57:10.274 [EVENT] sock=2536 hEvent=000009A4 events=0x21
2026-10-03 03:57:20.325 [EVENT] sock=2536 hEvent=000009A4 events=0x0
2026-10-03 03:57:20.330 [EVENT] sock=2536 hEvent=000009A4 events=0x21
2026-10-03 03:57:30.392 [EVENT] sock=2536 hEvent=000009A4 events=0x0
2026-10-03 03:57:30.393 [EVENT] sock=2536 hEvent=000009A4 events=0x21
2026-10-03 03:57:38.835 [EVENT] sock=2732 hEvent=00000A90 events=0x0
2026-10-03 03:57:38.835 [EVENT] sock=2732 hEvent=00000A90 events=0x21
2026-10-03 03:57:40.459 [EVENT] sock=2536 hEvent=000009A4 events=0x0
2026-10-03 03:57:40.461 [EVENT] sock=2536 hEvent=000009A4 events=0x21
2026-10-03 03:57:50.511 [EVENT] sock=2536 hEvent=000009A4 events=0x0
2026-10-03 03:57:50.511 [EVENT] sock=2536 hEvent=000009A4 events=0x21
2026-10-03 03:58:00.594 [EVENT] sock=2536 hEvent=000009A4 events=0x0
2026-10-03 03:58:00.594 [EVENT] sock=2536 hEvent=000009A4 events=0x21
2026-10-03 03:58:08.838 [EVENT] sock=2732 hEvent=00000A90 events=0x0
2026-10-03 03:58:08.838 [EVENT] sock=2732 hEvent=00000A90 events=0x21
2026-10-03 03:58:10.649 [EVENT] sock=2536 hEvent=000009A4 events=0x0
2026-10-03 03:58:10.650 [EVENT] sock=2536 hEvent=000009A4 events=0x21
2026-10-03 03:58:20.711 [EVENT] sock=2536 hEvent=000009A4 events=0x0
2026-10-03 03:58:20.712 [EVENT] sock=2536 hEvent=000009A4 events=0x21
2026-10-03 03:58:30.896 [EVENT] sock=2536 hEvent=000009A4 events=0x0
2026-10-03 03:58:30.896 [EVENT] sock=2536 hEvent=000009A4 events=0x21
2026-10-03 03:58:38.842 [EVENT] sock=2732 hEvent=00000A90 events=0x0
2026-10-03 03:58:38.842 [EVENT] sock=2732 hEvent=00000A90 events=0x21
2026-10-03 03:58:40.947 [EVENT] sock=2536 hEvent=000009A4 events=0x0
2026-10-03 03:58:40.950 [EVENT] sock=2536 hEvent=000009A4 events=0x21
2026-10-03 03:58:51.018 [EVENT] sock=2536 hEvent=000009A4 events=0x0
2026-10-03 03:58:51.021 [EVENT] sock=2536 hEvent=000009A4 events=0x21
2026-10-03 03:59:01.097 [EVENT] sock=2536 hEvent=000009A4 events=0x0
2026-10-03 03:59:01.097 [EVENT] sock=2536 hEvent=000009A4 events=0x21
2026-10-03 03:59:08.846 [EVENT] sock=2732 hEvent=00000A90 events=0x0
2026-10-03 03:59:08.847 [EVENT] sock=2732 hEvent=00000A90 events=0x21
2026-10-03 03:59:11.148 [EVENT] sock=2536 hEvent=000009A4 events=0x0
2026-10-03 03:59:11.149 [EVENT] sock=2536 hEvent=000009A4 events=0x21
2026-10-03 03:59:21.215 [EVENT] sock=2536 hEvent=000009A4 events=0x0
2026-10-03 03:59:21.216 [EVENT] sock=2536 hEvent=000009A4 events=0x21
2026-10-03 03:59:31.301 [EVENT] sock=2536 hEvent=000009A4 events=0x0
2026-10-03 03:59:31.306 [EVENT] sock=2536 hEvent=000009A4 events=0x21
2026-10-03 03:59:38.849 [EVENT] sock=2732 hEvent=00000A90 events=0x0
2026-10-03 03:59:38.850 [EVENT] sock=2732 hEvent=00000A90 events=0x21
2026-10-03 03:59:41.367 [EVENT] sock=2536 hEvent=000009A4 events=0x0
2026-10-03 03:59:41.367 [EVENT] sock=2536 hEvent=000009A4 events=0x21
2026-10-03 03:59:51.420 [EVENT] sock=2536 hEvent=000009A4 events=0x0
2026-10-03 03:59:51.423 [EVENT] sock=2536 hEvent=000009A4 events=0x21
2026-10-03 04:00:01.603 [EVENT] sock=2536 hEvent=000009A4 events=0x0
2026-10-03 04:00:01.603 [EVENT] sock=2536 hEvent=000009A4 events=0x21
2026-10-03 04:00:08.855 [EVENT] sock=2732 hEvent=00000A90 events=0x0
2026-10-03 04:00:08.860 [EVENT] sock=2732 hEvent=00000A90 events=0x21
2026-10-03 04:00:11.652 [EVENT] sock=2536 hEvent=000009A4 events=0x0
2026-10-03 04:00:11.652 [EVENT] sock=2536 hEvent=000009A4 events=0x21
2026-10-03 04:00:21.712 [EVENT] sock=2536 hEvent=000009A4 events=0x0
2026-10-03 04:00:21.712 [EVENT] sock=2536 hEvent=000009A4 events=0x21
2026-10-03 04:00:31.880 [EVENT] sock=2536 hEvent=000009A4 events=0x0
2026-10-03 04:00:31.881 [EVENT] sock=2536 hEvent=000009A4 events=0x21
2026-10-03 04:00:38.862 [EVENT] sock=2732 hEvent=00000A90 events=0x0
2026-10-03 04:00:38.862 [EVENT] sock=2732 hEvent=00000A90 events=0x21
2026-10-03 04:00:41.940 [EVENT] sock=2536 hEvent=000009A4 events=0x0
2026-10-03 04:00:41.942 [EVENT] sock=2536 hEvent=000009A4 events=0x21
2026-10-03 04:00:51.991 [EVENT] sock=2536 hEvent=000009A4 events=0x0
2026-10-03 04:00:51.992 [EVENT] sock=2536 hEvent=000009A4 events=0x21
2026-10-03 04:01:02.077 [EVENT] sock=2536 hEvent=000009A4 events=0x0
2026-10-03 04:01:02.080 [EVENT] sock=2536 hEvent=000009A4 events=0x21
2026-10-03 04:01:08.865 [EVENT] sock=2732 hEvent=00000A90 events=0x0
2026-10-03 04:01:08.865 [EVENT] sock=2732 hEvent=00000A90 events=0x21
2026-10-03 04:01:12.142 [EVENT] sock=2536 hEvent=000009A4 events=0x0
2026-10-03 04:01:12.142 [EVENT] sock=2536 hEvent=000009A4 events=0x21
2026-10-03 04:01:22.192 [EVENT] sock=2536 hEvent=000009A4 events=0x0
2026-10-03 04:01:22.193 [EVENT] sock=2536 hEvent=000009A4 events=0x21
2026-10-03 04:01:32.278 [EVENT] sock=2536 hEvent=000009A4 events=0x0
2026-10-03 04:01:32.279 [EVENT] sock=2536 hEvent=000009A4 events=0x21
2026-10-03 04:01:38.869 [EVENT] sock=2732 hEvent=00000A90 events=0x0
2026-10-03 04:01:38.869 [EVENT] sock=2732 hEvent=00000A90 events=0x21
2026-10-03 04:01:42.331 [EVENT] sock=2536 hEvent=000009A4 events=0x0
2026-10-03 04:01:42.332 [EVENT] sock=2536 hEvent=000009A4 events=0x21
2026-10-03 04:01:52.398 [EVENT] sock=2536 hEvent=000009A4 events=0x0
2026-10-03 04:01:52.400 [EVENT] sock=2536 hEvent=000009A4 events=0x21
2026-10-03 04:02:02.479 [EVENT] sock=2536 hEvent=000009A4 events=0x0
2026-10-03 04:02:02.482 [EVENT] sock=2536 hEvent=000009A4 events=0x21
2026-10-03 04:02:08.872 [EVENT] sock=2732 hEvent=00000A90 events=0x0
2026-10-03 04:02:08.872 [EVENT] sock=2732 hEvent=00000A90 events=0x21
2026-10-03 04:02:12.546 [EVENT] sock=2536 hEvent=000009A4 events=0x0
2026-10-03 04:02:12.549 [EVENT] sock=2536 hEvent=000009A4 events=0x21
2026-10-03 04:02:22.597 [EVENT] sock=2536 hEvent=000009A4 events=0x0
2026-10-03 04:02:22.601 [EVENT] sock=2536 hEvent=000009A4 events=0x21
2026-10-03 04:02:32.731 [EVENT] sock=2536 hEvent=000009A4 events=0x0
2026-10-03 04:02:32.732 [EVENT] sock=2536 hEvent=000009A4 events=0x21
2026-10-03 04:02:38.875 [EVENT] sock=2732 hEvent=00000A90 events=0x0
2026-10-03 04:02:38.875 [EVENT] sock=2732 hEvent=00000A90 events=0x21
2026-10-03 04:02:42.799 [EVENT] sock=2536 hEvent=000009A4 events=0x0
2026-10-03 04:02:42.800 [EVENT] sock=2536 hEvent=000009A4 events=0x21
2026-10-03 04:02:52.849 [EVENT] sock=2536 hEvent=000009A4 events=0x0
2026-10-03 04:02:52.850 [EVENT] sock=2536 hEvent=000009A4 events=0x21
2026-10-03 04:03:02.937 [EVENT] sock=2536 hEvent=000009A4 events=0x0
2026-10-03 04:03:02.940 [EVENT] sock=2536 hEvent=000009A4 events=0x21
2026-10-03 04:03:08.878 [EVENT] sock=2732 hEvent=00000A90 events=0x0
2026-10-03 04:03:08.878 [EVENT] sock=2732 hEvent=00000A90 events=0x21
2026-10-03 04:03:13.001 [EVENT] sock=2536 hEvent=000009A4 events=0x0
2026-10-03 04:03:13.001 [EVENT] sock=2536 hEvent=000009A4 events=0x21
2026-10-03 04:03:23.050 [EVENT] sock=2536 hEvent=000009A4 events=0x0
2026-10-03 04:03:23.054 [EVENT] sock=2536 hEvent=000009A4 events=0x21
2026-10-03 04:03:33.153 [EVENT] sock=2536 hEvent=000009A4 events=0x0
2026-10-03 04:03:33.153 [EVENT] sock=2536 hEvent=000009A4 events=0x21
2026-10-03 04:03:38.880 [EVENT] sock=2732 hEvent=00000A90 events=0x0
2026-10-03 04:03:38.880 [EVENT] sock=2732 hEvent=00000A90 events=0x21
2026-10-03 04:03:43.202 [EVENT] sock=2536 hEvent=000009A4 events=0x0
2026-10-03 04:03:43.203 [EVENT] sock=2536 hEvent=000009A4 events=0x21
2026-10-03 04:03:53.254 [EVENT] sock=2536 hEvent=000009A4 events=0x0
2026-10-03 04:03:53.257 [EVENT] sock=2536 hEvent=000009A4 events=0x21
2026-10-03 04:04:03.354 [EVENT] sock=2536 hEvent=000009A4 events=0x0
2026-10-03 04:04:03.355 [EVENT] sock=2536 hEvent=000009A4 events=0x21
2026-10-03 04:04:08.883 [EVENT] sock=2732 hEvent=00000A90 events=0x0
2026-10-03 04:04:08.884 [EVENT] sock=2732 hEvent=00000A90 events=0x21
2026-10-03 04:04:13.422 [EVENT] sock=2536 hEvent=000009A4 events=0x0
2026-10-03 04:04:13.426 [EVENT] sock=2536 hEvent=000009A4 events=0x21
2026-10-03 04:04:23.493 [EVENT] sock=2536 hEvent=000009A4 events=0x0
2026-10-03 04:04:23.493 [EVENT] sock=2536 hEvent=000009A4 events=0x21
2026-10-03 04:04:33.556 [EVENT] sock=2536 hEvent=000009A4 events=0x0
2026-10-03 04:04:33.557 [EVENT] sock=2536 hEvent=000009A4 events=0x21
2026-10-03 04:04:38.887 [EVENT] sock=2732 hEvent=00000A90 events=0x0
2026-10-03 04:04:38.887 [EVENT] sock=2732 hEvent=00000A90 events=0x21
2026-10-03 04:04:43.606 [EVENT] sock=2536 hEvent=000009A4 events=0x0
2026-10-03 04:04:43.611 [EVENT] sock=2536 hEvent=000009A4 events=0x21
2026-10-03 04:04:53.673 [EVENT] sock=2536 hEvent=000009A4 events=0x0
2026-10-03 04:04:53.675 [EVENT] sock=2536 hEvent=000009A4 events=0x21
2026-10-03 04:05:03.776 [EVENT] sock=2536 hEvent=000009A4 events=0x0
2026-10-03 04:05:03.782 [EVENT] sock=2536 hEvent=000009A4 events=0x21
2026-10-03 04:05:08.890 [EVENT] sock=2732 hEvent=00000A90 events=0x0
2026-10-03 04:05:08.891 [EVENT] sock=2732 hEvent=00000A90 events=0x21
2026-10-03 04:05:13.842 [EVENT] sock=2536 hEvent=000009A4 events=0x0
2026-10-03 04:05:13.843 [EVENT] sock=2536 hEvent=000009A4 events=0x21
2026-10-03 04:05:23.894 [EVENT] sock=2536 hEvent=000009A4 events=0x0
2026-10-03 04:05:23.899 [EVENT] sock=2536 hEvent=000009A4 events=0x21
2026-10-03 04:05:34.028 [EVENT] sock=2536 hEvent=000009A4 events=0x0
2026-10-03 04:05:34.029 [EVENT] sock=2536 hEvent=000009A4 events=0x21
2026-10-03 04:05:38.893 [EVENT] sock=2732 hEvent=00000A90 events=0x0
2026-10-03 04:05:38.900 [EVENT] sock=2732 hEvent=00000A90 events=0x21
2026-10-03 04:05:44.094 [EVENT] sock=2536 hEvent=000009A4 events=0x0
2026-10-03 04:05:44.096 [EVENT] sock=2536 hEvent=000009A4 events=0x21
2026-10-03 04:05:54.161 [EVENT] sock=2536 hEvent=000009A4 events=0x0
2026-10-03 04:05:54.161 [EVENT] sock=2536 hEvent=000009A4 events=0x21
2026-10-03 04:06:04.227 [EVENT] sock=2536 hEvent=000009A4 events=0x0
2026-10-03 04:06:04.228 [EVENT] sock=2536 hEvent=000009A4 events=0x21
2026-10-03 04:06:08.904 [EVENT] sock=2732 hEvent=00000A90 events=0x0
2026-10-03 04:06:08.906 [EVENT] sock=2732 hEvent=00000A90 events=0x21
2026-10-03 04:06:14.278 [EVENT] sock=2536 hEvent=000009A4 events=0x0
2026-10-03 04:06:14.279 [EVENT] sock=2536 hEvent=000009A4 events=0x21
2026-10-03 04:06:24.328 [EVENT] sock=2536 hEvent=000009A4 events=0x0
2026-10-03 04:06:24.329 [EVENT] sock=2536 hEvent=000009A4 events=0x21
2026-10-03 04:06:34.479 [EVENT] sock=2536 hEvent=000009A4 events=0x0
2026-10-03 04:06:34.480 [EVENT] sock=2536 hEvent=000009A4 events=0x21
2026-10-03 04:06:38.907 [EVENT] sock=2732 hEvent=00000A90 events=0x0
2026-10-03 04:06:38.907 [EVENT] sock=2732 hEvent=00000A90 events=0x21
2026-10-03 04:06:44.536 [EVENT] sock=2536 hEvent=000009A4 events=0x0
2026-10-03 04:06:44.536 [EVENT] sock=2536 hEvent=000009A4 events=0x21
2026-10-03 04:06:54.600 [EVENT] sock=2536 hEvent=000009A4 events=0x0
2026-10-03 04:06:54.601 [EVENT] sock=2536 hEvent=000009A4 events=0x21
2026-10-03 04:07:04.734 [EVENT] sock=2536 hEvent=000009A4 events=0x0
2026-10-03 04:07:04.735 [EVENT] sock=2536 hEvent=000009A4 events=0x21
2026-10-03 04:07:08.910 [EVENT] sock=2732 hEvent=00000A90 events=0x0
2026-10-03 04:07:08.910 [EVENT] sock=2732 hEvent=00000A90 events=0x21
2026-10-03 04:07:14.784 [EVENT] sock=2536 hEvent=000009A4 events=0x0
2026-10-03 04:07:14.786 [EVENT] sock=2536 hEvent=000009A4 events=0x21
2026-10-03 04:07:24.855 [EVENT] sock=2536 hEvent=000009A4 events=0x0
2026-10-03 04:07:24.857 [EVENT] sock=2536 hEvent=000009A4 events=0x21
2026-10-03 04:07:34.935 [EVENT] sock=2536 hEvent=000009A4 events=0x0
2026-10-03 04:07:34.935 [EVENT] sock=2536 hEvent=000009A4 events=0x21
2026-10-03 04:07:38.911 [EVENT] sock=2732 hEvent=00000A90 events=0x0
2026-10-03 04:07:38.912 [EVENT] sock=2732 hEvent=00000A90 events=0x21
2026-10-03 04:07:44.986 [EVENT] sock=2536 hEvent=000009A4 events=0x0
2026-10-03 04:07:44.991 [EVENT] sock=2536 hEvent=000009A4 events=0x21
2026-10-03 04:07:55.052 [EVENT] sock=2536 hEvent=000009A4 events=0x0
2026-10-03 04:07:55.058 [EVENT] sock=2536 hEvent=000009A4 events=0x21
2026-10-03 04:08:05.253 [EVENT] sock=2536 hEvent=000009A4 events=0x0
2026-10-03 04:08:05.256 [EVENT] sock=2536 hEvent=000009A4 events=0x21
2026-10-03 04:08:08.914 [EVENT] sock=2732 hEvent=00000A90 events=0x0
2026-10-03 04:08:08.914 [EVENT] sock=2732 hEvent=00000A90 events=0x21
2026-10-03 04:08:15.306 [EVENT] sock=2536 hEvent=000009A4 events=0x0
2026-10-03 04:08:15.309 [EVENT] sock=2536 hEvent=000009A4 events=0x21
2026-10-03 04:08:25.372 [EVENT] sock=2536 hEvent=000009A4 events=0x0
2026-10-03 04:08:25.377 [EVENT] sock=2536 hEvent=000009A4 events=0x21
2026-10-03 04:08:35.455 [EVENT] sock=2536 hEvent=000009A4 events=0x0
2026-10-03 04:08:35.456 [EVENT] sock=2536 hEvent=000009A4 events=0x21
2026-10-03 04:08:38.915 [EVENT] sock=2732 hEvent=00000A90 events=0x0
2026-10-03 04:08:38.915 [EVENT] sock=2732 hEvent=00000A90 events=0x21
2026-10-03 04:08:45.510 [EVENT] sock=2536 hEvent=000009A4 events=0x0
2026-10-03 04:08:45.510 [EVENT] sock=2536 hEvent=000009A4 events=0x21
2026-10-03 04:08:55.573 [EVENT] sock=2536 hEvent=000009A4 events=0x0
2026-10-03 04:08:55.573 [EVENT] sock=2536 hEvent=000009A4 events=0x21
2026-10-03 04:09:05.706 [EVENT] sock=2536 hEvent=000009A4 events=0x0
2026-10-03 04:09:05.710 [EVENT] sock=2536 hEvent=000009A4 events=0x21
2026-10-03 04:09:08.917 [EVENT] sock=2732 hEvent=00000A90 events=0x0
2026-10-03 04:09:08.917 [EVENT] sock=2732 hEvent=00000A90 events=0x21
2026-10-03 04:09:15.773 [EVENT] sock=2536 hEvent=000009A4 events=0x0
2026-10-03 04:09:15.773 [EVENT] sock=2536 hEvent=000009A4 events=0x21
2026-10-03 04:09:25.824 [EVENT] sock=2536 hEvent=000009A4 events=0x0
2026-10-03 04:09:25.824 [EVENT] sock=2536 hEvent=000009A4 events=0x21
2026-10-03 04:09:36.009 [EVENT] sock=2536 hEvent=000009A4 events=0x0
2026-10-03 04:09:36.012 [EVENT] sock=2536 hEvent=000009A4 events=0x21
2026-10-03 04:09:38.919 [EVENT] sock=2732 hEvent=00000A90 events=0x0
2026-10-03 04:09:38.919 [EVENT] sock=2732 hEvent=00000A90 events=0x21
2026-10-03 04:09:46.075 [EVENT] sock=2536 hEvent=000009A4 events=0x0
2026-10-03 04:09:46.076 [EVENT] sock=2536 hEvent=000009A4 events=0x21
2026-10-03 04:09:56.128 [EVENT] sock=2536 hEvent=000009A4 events=0x0
2026-10-03 04:09:56.129 [EVENT] sock=2536 hEvent=000009A4 events=0x21
2026-10-03 04:10:06.218 [EVENT] sock=2536 hEvent=000009A4 events=0x0
2026-10-03 04:10:06.218 [EVENT] sock=2536 hEvent=000009A4 events=0x21
2026-10-03 04:10:08.922 [EVENT] sock=2732 hEvent=00000A90 events=0x0
2026-10-03 04:10:08.922 [EVENT] sock=2732 hEvent=00000A90 events=0x21
2026-10-03 04:10:16.284 [EVENT] sock=2536 hEvent=000009A4 events=0x0
2026-10-03 04:10:16.285 [EVENT] sock=2536 hEvent=000009A4 events=0x21
2026-10-03 04:10:26.346 [EVENT] sock=2536 hEvent=000009A4 events=0x0
2026-10-03 04:10:26.346 [EVENT] sock=2536 hEvent=000009A4 events=0x21
2026-10-03 04:10:36.417 [EVENT] sock=2536 hEvent=000009A4 events=0x0
2026-10-03 04:10:36.417 [EVENT] sock=2536 hEvent=000009A4 events=0x21
2026-10-03 04:10:38.924 [EVENT] sock=2732 hEvent=00000A90 events=0x0
2026-10-03 04:10:38.924 [EVENT] sock=2732 hEvent=00000A90 events=0x21
2026-10-03 04:10:46.479 [EVENT] sock=2536 hEvent=000009A4 events=0x0
2026-10-03 04:10:46.479 [EVENT] sock=2536 hEvent=000009A4 events=0x21
2026-10-03 04:10:56.531 [EVENT] sock=2536 hEvent=000009A4 events=0x0
2026-10-03 04:10:56.531 [EVENT] sock=2536 hEvent=000009A4 events=0x21
2026-10-03 04:11:06.633 [EVENT] sock=2536 hEvent=000009A4 events=0x0
2026-10-03 04:11:06.633 [EVENT] sock=2536 hEvent=000009A4 events=0x21
2026-10-03 04:11:08.926 [EVENT] sock=2732 hEvent=00000A90 events=0x0
2026-10-03 04:11:08.926 [EVENT] sock=2732 hEvent=00000A90 events=0x21
2026-10-03 04:11:16.683 [EVENT] sock=2536 hEvent=000009A4 events=0x0
2026-10-03 04:11:16.684 [EVENT] sock=2536 hEvent=000009A4 events=0x21
2026-10-03 04:11:26.732 [EVENT] sock=2536 hEvent=000009A4 events=0x0
2026-10-03 04:11:26.737 [EVENT] sock=2536 hEvent=000009A4 events=0x21
2026-10-03 04:11:36.834 [EVENT] sock=2536 hEvent=000009A4 events=0x0
2026-10-03 04:11:36.835 [EVENT] sock=2536 hEvent=000009A4 events=0x21
2026-10-03 04:11:38.928 [EVENT] sock=2732 hEvent=00000A90 events=0x0
2026-10-03 04:11:38.928 [EVENT] sock=2732 hEvent=00000A90 events=0x21
2026-10-03 04:11:46.901 [EVENT] sock=2536 hEvent=000009A4 events=0x0
2026-10-03 04:11:46.902 [EVENT] sock=2536 hEvent=000009A4 events=0x21
2026-10-03 04:11:56.952 [EVENT] sock=2536 hEvent=000009A4 events=0x0
2026-10-03 04:11:56.952 [EVENT] sock=2536 hEvent=000009A4 events=0x21
2026-10-03 04:12:07.034 [EVENT] sock=2536 hEvent=000009A4 events=0x0
2026-10-03 04:12:07.034 [EVENT] sock=2536 hEvent=000009A4 events=0x21
2026-10-03 04:12:08.932 [EVENT] sock=2732 hEvent=00000A90 events=0x0
2026-10-03 04:12:08.933 [EVENT] sock=2732 hEvent=00000A90 events=0x21
2026-10-03 04:12:17.085 [EVENT] sock=2536 hEvent=000009A4 events=0x0
2026-10-03 04:12:17.086 [EVENT] sock=2536 hEvent=000009A4 events=0x21
2026-10-03 04:12:27.143 [EVENT] sock=2536 hEvent=000009A4 events=0x0
2026-10-03 04:12:27.144 [EVENT] sock=2536 hEvent=000009A4 events=0x21
2026-10-03 04:12:37.239 [EVENT] sock=2536 hEvent=000009A4 events=0x0
2026-10-03 04:12:37.239 [EVENT] sock=2536 hEvent=000009A4 events=0x21
2026-10-03 04:12:38.935 [EVENT] sock=2732 hEvent=00000A90 events=0x0
2026-10-03 04:12:38.935 [EVENT] sock=2732 hEvent=00000A90 events=0x21
2026-10-03 04:12:47.294 [EVENT] sock=2536 hEvent=000009A4 events=0x0
2026-10-03 04:12:47.294 [EVENT] sock=2536 hEvent=000009A4 events=0x21
2026-10-03 04:12:57.357 [EVENT] sock=2536 hEvent=000009A4 events=0x0
2026-10-03 04:12:57.358 [EVENT] sock=2536 hEvent=000009A4 events=0x21
2026-10-03 04:13:07.494 [EVENT] sock=2536 hEvent=000009A4 events=0x0
2026-10-03 04:13:07.495 [EVENT] sock=2536 hEvent=000009A4 events=0x21
2026-10-03 04:13:08.937 [EVENT] sock=2732 hEvent=00000A90 events=0x0
2026-10-03 04:13:08.938 [EVENT] sock=2732 hEvent=00000A90 events=0x21
2026-10-03 04:13:17.559 [EVENT] sock=2536 hEvent=000009A4 events=0x0
2026-10-03 04:13:17.561 [EVENT] sock=2536 hEvent=000009A4 events=0x21
2026-10-03 04:13:20.202 [OP] 4031 inv=FFE6 len=25 #3 8c5b53515fdcfaa32b1f0598d8330a53faa38fb95e0791b10b
2026-10-03 04:13:27.628 [EVENT] sock=2536 hEvent=000009A4 events=0x0
2026-10-03 04:13:27.630 [EVENT] sock=2536 hEvent=000009A4 events=0x21
2026-10-03 04:13:37.708 [EVENT] sock=2536 hEvent=000009A4 events=0x0
2026-10-03 04:13:37.709 [EVENT] sock=2536 hEvent=000009A4 events=0x21
2026-10-03 04:13:38.943 [EVENT] sock=2732 hEvent=00000A90 events=0x0
2026-10-03 04:13:38.945 [EVENT] sock=2732 hEvent=00000A90 events=0x21
2026-10-03 04:13:47.761 [EVENT] sock=2536 hEvent=000009A4 events=0x0
2026-10-03 04:13:47.761 [EVENT] sock=2536 hEvent=000009A4 events=0x21
2026-10-03 04:13:57.813 [EVENT] sock=2536 hEvent=000009A4 events=0x0
2026-10-03 04:13:57.813 [EVENT] sock=2536 hEvent=000009A4 events=0x21
2026-10-03 04:14:07.963 [EVENT] sock=2536 hEvent=000009A4 events=0x0
2026-10-03 04:14:07.964 [EVENT] sock=2536 hEvent=000009A4 events=0x21
2026-10-03 04:14:08.947 [EVENT] sock=2732 hEvent=00000A90 events=0x0
2026-10-03 04:14:08.949 [EVENT] sock=2732 hEvent=00000A90 events=0x21
2026-10-03 04:14:18.032 [EVENT] sock=2536 hEvent=000009A4 events=0x0
2026-10-03 04:14:18.033 [EVENT] sock=2536 hEvent=000009A4 events=0x21
2026-10-03 04:14:28.093 [EVENT] sock=2536 hEvent=000009A4 events=0x0
2026-10-03 04:14:28.094 [EVENT] sock=2536 hEvent=000009A4 events=0x21
2026-10-03 04:14:38.212 [EVENT] sock=2536 hEvent=000009A4 events=0x0
2026-10-03 04:14:38.212 [EVENT] sock=2536 hEvent=000009A4 events=0x21
2026-10-03 04:14:38.953 [EVENT] sock=2732 hEvent=00000A90 events=0x0
2026-10-03 04:14:38.953 [EVENT] sock=2732 hEvent=00000A90 events=0x21
2026-10-03 04:14:48.261 [EVENT] sock=2536 hEvent=000009A4 events=0x0
2026-10-03 04:14:48.262 [EVENT] sock=2536 hEvent=000009A4 events=0x21
2026-10-03 04:14:48.585 [OP] 4031 inv=FFE8 len=23 #4 085175dc02a32b1f805b694a9661faa39a35c2205fbb0b
2026-10-03 04:14:58.320 [EVENT] sock=2536 hEvent=000009A4 events=0x0
2026-10-03 04:14:58.321 [EVENT] sock=2536 hEvent=000009A4 events=0x21
2026-10-03 04:15:08.418 [EVENT] sock=2536 hEvent=000009A4 events=0x0
2026-10-03 04:15:08.418 [EVENT] sock=2536 hEvent=000009A4 events=0x21
2026-10-03 04:15:08.956 [EVENT] sock=2732 hEvent=00000A90 events=0x0
2026-10-03 04:15:08.956 [EVENT] sock=2732 hEvent=00000A90 events=0x21
2026-10-03 04:15:18.484 [EVENT] sock=2536 hEvent=000009A4 events=0x0
2026-10-03 04:15:18.484 [EVENT] sock=2536 hEvent=000009A4 events=0x21
2026-10-03 04:15:28.534 [EVENT] sock=2536 hEvent=000009A4 events=0x0
2026-10-03 04:15:28.534 [EVENT] sock=2536 hEvent=000009A4 events=0x21
2026-10-03 04:15:38.616 [EVENT] sock=2536 hEvent=000009A4 events=0x0
2026-10-03 04:15:38.617 [EVENT] sock=2536 hEvent=000009A4 events=0x21
2026-10-03 04:15:38.960 [EVENT] sock=2732 hEvent=00000A90 events=0x0
2026-10-03 04:15:38.960 [EVENT] sock=2732 hEvent=00000A90 events=0x21
2026-10-03 04:15:48.686 [EVENT] sock=2536 hEvent=000009A4 events=0x0
2026-10-03 04:15:48.690 [EVENT] sock=2536 hEvent=000009A4 events=0x21
2026-10-03 04:15:58.752 [EVENT] sock=2536 hEvent=000009A4 events=0x0
2026-10-03 04:15:58.755 [EVENT] sock=2536 hEvent=000009A4 events=0x21
2026-10-03 04:16:08.836 [EVENT] sock=2536 hEvent=000009A4 events=0x0
2026-10-03 04:16:08.836 [EVENT] sock=2536 hEvent=000009A4 events=0x21
2026-10-03 04:16:08.963 [EVENT] sock=2732 hEvent=00000A90 events=0x0
2026-10-03 04:16:08.963 [EVENT] sock=2732 hEvent=00000A90 events=0x21
2026-10-03 04:16:18.888 [EVENT] sock=2536 hEvent=000009A4 events=0x0
2026-10-03 04:16:18.891 [EVENT] sock=2536 hEvent=000009A4 events=0x21
2026-10-03 04:16:28.954 [EVENT] sock=2536 hEvent=000009A4 events=0x0
2026-10-03 04:16:28.955 [EVENT] sock=2536 hEvent=000009A4 events=0x21
2026-10-03 04:16:38.964 [EVENT] sock=2732 hEvent=00000A90 events=0x0
2026-10-03 04:16:38.964 [EVENT] sock=2732 hEvent=00000A90 events=0x21
2026-10-03 04:16:39.037 [EVENT] sock=2536 hEvent=000009A4 events=0x0
2026-10-03 04:16:39.038 [EVENT] sock=2536 hEvent=000009A4 events=0x21
2026-10-03 04:16:49.087 [EVENT] sock=2536 hEvent=000009A4 events=0x0
2026-10-03 04:16:49.091 [EVENT] sock=2536 hEvent=000009A4 events=0x21
2026-10-03 04:16:59.159 [EVENT] sock=2536 hEvent=000009A4 events=0x0
2026-10-03 04:16:59.160 [EVENT] sock=2536 hEvent=000009A4 events=0x21
2026-10-03 04:17:08.967 [EVENT] sock=2732 hEvent=00000A90 events=0x0
2026-10-03 04:17:08.967 [EVENT] sock=2732 hEvent=00000A90 events=0x21
2026-10-03 04:17:09.395 [EVENT] sock=2536 hEvent=000009A4 events=0x0
2026-10-03 04:17:09.397 [EVENT] sock=2536 hEvent=000009A4 events=0x21
2026-10-03 04:17:19.459 [EVENT] sock=2536 hEvent=000009A4 events=0x0
2026-10-03 04:17:19.463 [EVENT] sock=2536 hEvent=000009A4 events=0x21
2026-10-03 04:17:29.527 [EVENT] sock=2536 hEvent=000009A4 events=0x0
2026-10-03 04:17:29.527 [EVENT] sock=2536 hEvent=000009A4 events=0x21
2026-10-03 04:17:38.969 [EVENT] sock=2732 hEvent=00000A90 events=0x0
2026-10-03 04:17:38.969 [EVENT] sock=2732 hEvent=00000A90 events=0x21
2026-10-03 04:17:39.594 [EVENT] sock=2536 hEvent=000009A4 events=0x0
2026-10-03 04:17:39.594 [EVENT] sock=2536 hEvent=000009A4 events=0x21
2026-10-03 04:17:49.643 [EVENT] sock=2536 hEvent=000009A4 events=0x0
2026-10-03 04:17:49.644 [EVENT] sock=2536 hEvent=000009A4 events=0x21
2026-10-03 04:17:59.694 [EVENT] sock=2536 hEvent=000009A4 events=0x0
2026-10-03 04:17:59.696 [EVENT] sock=2536 hEvent=000009A4 events=0x21
2026-10-03 04:18:08.971 [EVENT] sock=2732 hEvent=00000A90 events=0x0
2026-10-03 04:18:08.971 [EVENT] sock=2732 hEvent=00000A90 events=0x21
2026-10-03 04:18:09.795 [EVENT] sock=2536 hEvent=000009A4 events=0x0
2026-10-03 04:18:09.795 [EVENT] sock=2536 hEvent=000009A4 events=0x21
2026-10-03 04:18:19.847 [EVENT] sock=2536 hEvent=000009A4 events=0x0
2026-10-03 04:18:19.851 [EVENT] sock=2536 hEvent=000009A4 events=0x21
2026-10-03 04:18:29.913 [EVENT] sock=2536 hEvent=000009A4 events=0x0
2026-10-03 04:18:29.917 [EVENT] sock=2536 hEvent=000009A4 events=0x21
2026-10-03 04:18:38.974 [EVENT] sock=2732 hEvent=00000A90 events=0x0
2026-10-03 04:18:38.974 [EVENT] sock=2732 hEvent=00000A90 events=0x21
2026-10-03 04:18:39.998 [EVENT] sock=2536 hEvent=000009A4 events=0x0
2026-10-03 04:18:40.001 [EVENT] sock=2536 hEvent=000009A4 events=0x21
2026-10-03 04:18:50.063 [EVENT] sock=2536 hEvent=000009A4 events=0x0
2026-10-03 04:18:50.066 [EVENT] sock=2536 hEvent=000009A4 events=0x21
2026-10-03 04:19:00.130 [EVENT] sock=2536 hEvent=000009A4 events=0x0
2026-10-03 04:19:00.130 [EVENT] sock=2536 hEvent=000009A4 events=0x21
2026-10-03 04:19:08.977 [EVENT] sock=2732 hEvent=00000A90 events=0x0
2026-10-03 04:19:08.978 [EVENT] sock=2732 hEvent=00000A90 events=0x21
2026-10-03 04:19:10.264 [EVENT] sock=2536 hEvent=000009A4 events=0x0
2026-10-03 04:19:10.264 [EVENT] sock=2536 hEvent=000009A4 events=0x21
2026-10-03 04:19:20.315 [EVENT] sock=2536 hEvent=000009A4 events=0x0
2026-10-03 04:19:20.315 [EVENT] sock=2536 hEvent=000009A4 events=0x21
2026-10-03 04:19:30.381 [EVENT] sock=2536 hEvent=000009A4 events=0x0
2026-10-03 04:19:30.382 [EVENT] sock=2536 hEvent=000009A4 events=0x21
2026-10-03 04:19:38.980 [EVENT] sock=2732 hEvent=00000A90 events=0x0
2026-10-03 04:19:38.981 [EVENT] sock=2732 hEvent=00000A90 events=0x21
2026-10-03 04:19:40.466 [EVENT] sock=2536 hEvent=000009A4 events=0x0
2026-10-03 04:19:40.466 [EVENT] sock=2536 hEvent=000009A4 events=0x21
2026-10-03 04:19:50.516 [EVENT] sock=2536 hEvent=000009A4 events=0x0
2026-10-03 04:19:50.517 [EVENT] sock=2536 hEvent=000009A4 events=0x21
2026-10-03 04:20:00.573 [EVENT] sock=2536 hEvent=000009A4 events=0x0
2026-10-03 04:20:00.573 [EVENT] sock=2536 hEvent=000009A4 events=0x21
2026-10-03 04:20:08.983 [EVENT] sock=2732 hEvent=00000A90 events=0x0
2026-10-03 04:20:08.983 [EVENT] sock=2732 hEvent=00000A90 events=0x21
2026-10-03 04:20:10.673 [EVENT] sock=2536 hEvent=000009A4 events=0x0
2026-10-03 04:20:10.674 [EVENT] sock=2536 hEvent=000009A4 events=0x21
2026-10-03 04:20:20.737 [EVENT] sock=2536 hEvent=000009A4 events=0x0
2026-10-03 04:20:20.737 [EVENT] sock=2536 hEvent=000009A4 events=0x21
2026-10-03 04:20:30.788 [EVENT] sock=2536 hEvent=000009A4 events=0x0
2026-10-03 04:20:30.788 [EVENT] sock=2536 hEvent=000009A4 events=0x21
2026-10-03 04:20:38.992 [EVENT] sock=2732 hEvent=00000A90 events=0x0
2026-10-03 04:20:38.997 [EVENT] sock=2732 hEvent=00000A90 events=0x21
2026-10-03 04:20:40.872 [EVENT] sock=2536 hEvent=000009A4 events=0x0
2026-10-03 04:20:40.872 [EVENT] sock=2536 hEvent=000009A4 events=0x21
2026-10-03 04:20:50.927 [EVENT] sock=2536 hEvent=000009A4 events=0x0
2026-10-03 04:20:50.927 [EVENT] sock=2536 hEvent=000009A4 events=0x21
2026-10-03 04:21:00.990 [EVENT] sock=2536 hEvent=000009A4 events=0x0
2026-10-03 04:21:00.991 [EVENT] sock=2536 hEvent=000009A4 events=0x21
2026-10-03 04:21:08.999 [EVENT] sock=2732 hEvent=00000A90 events=0x0
2026-10-03 04:21:08.999 [EVENT] sock=2732 hEvent=00000A90 events=0x21
2026-10-03 04:21:11.090 [EVENT] sock=2536 hEvent=000009A4 events=0x0
2026-10-03 04:21:11.091 [EVENT] sock=2536 hEvent=000009A4 events=0x21
2026-10-03 04:21:21.139 [EVENT] sock=2536 hEvent=000009A4 events=0x0
2026-10-03 04:21:21.140 [EVENT] sock=2536 hEvent=000009A4 events=0x21
2026-10-03 04:21:31.191 [EVENT] sock=2536 hEvent=000009A4 events=0x0
2026-10-03 04:21:31.191 [EVENT] sock=2536 hEvent=000009A4 events=0x21
2026-10-03 04:21:39.002 [EVENT] sock=2732 hEvent=00000A90 events=0x0
2026-10-03 04:21:39.002 [EVENT] sock=2732 hEvent=00000A90 events=0x21
2026-10-03 04:21:41.342 [EVENT] sock=2536 hEvent=000009A4 events=0x0
2026-10-03 04:21:41.347 [EVENT] sock=2536 hEvent=000009A4 events=0x21
2026-10-03 04:21:51.408 [EVENT] sock=2536 hEvent=000009A4 events=0x0
2026-10-03 04:21:51.412 [EVENT] sock=2536 hEvent=000009A4 events=0x21
2026-10-03 04:22:01.458 [EVENT] sock=2536 hEvent=000009A4 events=0x0
2026-10-03 04:22:01.460 [EVENT] sock=2536 hEvent=000009A4 events=0x21
2026-10-03 04:22:09.005 [EVENT] sock=2732 hEvent=00000A90 events=0x0
2026-10-03 04:22:09.006 [EVENT] sock=2732 hEvent=00000A90 events=0x21
2026-10-03 04:22:11.611 [EVENT] sock=2536 hEvent=000009A4 events=0x0
2026-10-03 04:22:11.616 [EVENT] sock=2536 hEvent=000009A4 events=0x21
2026-10-03 04:22:21.676 [EVENT] sock=2536 hEvent=000009A4 events=0x0
2026-10-03 04:22:21.677 [EVENT] sock=2536 hEvent=000009A4 events=0x21
2026-10-03 04:22:31.727 [EVENT] sock=2536 hEvent=000009A4 events=0x0
2026-10-03 04:22:31.730 [EVENT] sock=2536 hEvent=000009A4 events=0x21
2026-10-03 04:22:39.008 [EVENT] sock=2732 hEvent=00000A90 events=0x0
2026-10-03 04:22:39.009 [EVENT] sock=2732 hEvent=00000A90 events=0x21
2026-10-03 04:22:41.860 [EVENT] sock=2536 hEvent=000009A4 events=0x0
2026-10-03 04:22:41.862 [EVENT] sock=2536 hEvent=000009A4 events=0x21
2026-10-03 04:22:51.913 [EVENT] sock=2536 hEvent=000009A4 events=0x0
2026-10-03 04:22:51.915 [EVENT] sock=2536 hEvent=000009A4 events=0x21
2026-10-03 04:23:01.979 [EVENT] sock=2536 hEvent=000009A4 events=0x0
2026-10-03 04:23:01.980 [EVENT] sock=2536 hEvent=000009A4 events=0x21
2026-10-03 04:23:09.012 [EVENT] sock=2732 hEvent=00000A90 events=0x0
2026-10-03 04:23:09.013 [EVENT] sock=2732 hEvent=00000A90 events=0x21
2026-10-03 04:23:12.065 [EVENT] sock=2536 hEvent=000009A4 events=0x0
2026-10-03 04:23:12.066 [EVENT] sock=2536 hEvent=000009A4 events=0x21
2026-10-03 04:23:22.118 [EVENT] sock=2536 hEvent=000009A4 events=0x0
2026-10-03 04:23:22.122 [EVENT] sock=2536 hEvent=000009A4 events=0x21
2026-10-03 04:23:32.182 [EVENT] sock=2536 hEvent=000009A4 events=0x0
2026-10-03 04:23:32.187 [EVENT] sock=2536 hEvent=000009A4 events=0x21
2026-10-03 04:23:39.014 [EVENT] sock=2732 hEvent=00000A90 events=0x0
2026-10-03 04:23:39.015 [EVENT] sock=2732 hEvent=00000A90 events=0x21
2026-10-03 04:23:42.266 [EVENT] sock=2536 hEvent=000009A4 events=0x0
2026-10-03 04:23:42.266 [EVENT] sock=2536 hEvent=000009A4 events=0x21
2026-10-03 04:23:52.332 [EVENT] sock=2536 hEvent=000009A4 events=0x0
2026-10-03 04:23:52.333 [EVENT] sock=2536 hEvent=000009A4 events=0x21
2026-10-03 04:24:02.383 [EVENT] sock=2536 hEvent=000009A4 events=0x0
2026-10-03 04:24:02.385 [EVENT] sock=2536 hEvent=000009A4 events=0x21
2026-10-03 04:24:09.016 [EVENT] sock=2732 hEvent=00000A90 events=0x0
2026-10-03 04:24:09.017 [EVENT] sock=2732 hEvent=00000A90 events=0x21
2026-10-03 04:24:12.517 [EVENT] sock=2536 hEvent=000009A4 events=0x0
2026-10-03 04:24:12.520 [EVENT] sock=2536 hEvent=000009A4 events=0x21
2026-10-03 04:24:22.589 [EVENT] sock=2536 hEvent=000009A4 events=0x0
2026-10-03 04:24:22.589 [EVENT] sock=2536 hEvent=000009A4 events=0x21
2026-10-03 04:24:32.659 [EVENT] sock=2536 hEvent=000009A4 events=0x0
2026-10-03 04:24:32.659 [EVENT] sock=2536 hEvent=000009A4 events=0x21
2026-10-03 04:24:39.020 [EVENT] sock=2732 hEvent=00000A90 events=0x0
2026-10-03 04:24:39.023 [EVENT] sock=2732 hEvent=00000A90 events=0x21
2026-10-03 04:24:42.824 [EVENT] sock=2536 hEvent=000009A4 events=0x0
2026-10-03 04:24:42.825 [EVENT] sock=2536 hEvent=000009A4 events=0x21
2026-10-03 04:24:52.891 [EVENT] sock=2536 hEvent=000009A4 events=0x0
2026-10-03 04:24:52.892 [EVENT] sock=2536 hEvent=000009A4 events=0x21
2026-10-03 04:25:02.960 [EVENT] sock=2536 hEvent=000009A4 events=0x0
2026-10-03 04:25:02.960 [EVENT] sock=2536 hEvent=000009A4 events=0x21
2026-10-03 04:25:09.025 [EVENT] sock=2732 hEvent=00000A90 events=0x0
2026-10-03 04:25:09.025 [EVENT] sock=2732 hEvent=00000A90 events=0x21
2026-10-03 04:25:13.036 [EVENT] sock=2536 hEvent=000009A4 events=0x0
2026-10-03 04:25:13.036 [EVENT] sock=2536 hEvent=000009A4 events=0x21
2026-10-03 04:25:23.089 [EVENT] sock=2536 hEvent=000009A4 events=0x0
2026-10-03 04:25:23.091 [EVENT] sock=2536 hEvent=000009A4 events=0x21
2026-10-03 04:25:33.139 [EVENT] sock=2536 hEvent=000009A4 events=0x0
2026-10-03 04:25:33.140 [EVENT] sock=2536 hEvent=000009A4 events=0x21
2026-10-03 04:25:39.027 [EVENT] sock=2732 hEvent=00000A90 events=0x0
2026-10-03 04:25:39.030 [EVENT] sock=2732 hEvent=00000A90 events=0x21
2026-10-03 04:25:43.240 [EVENT] sock=2536 hEvent=000009A4 events=0x0
2026-10-03 04:25:43.240 [EVENT] sock=2536 hEvent=000009A4 events=0x21
2026-10-03 04:25:53.289 [EVENT] sock=2536 hEvent=000009A4 events=0x0
2026-10-03 04:25:53.290 [EVENT] sock=2536 hEvent=000009A4 events=0x21
2026-10-03 04:26:03.339 [EVENT] sock=2536 hEvent=000009A4 events=0x0
2026-10-03 04:26:03.339 [EVENT] sock=2536 hEvent=000009A4 events=0x21
2026-10-03 04:26:09.032 [EVENT] sock=2732 hEvent=00000A90 events=0x0
2026-10-03 04:26:09.033 [EVENT] sock=2732 hEvent=00000A90 events=0x21
2026-10-03 04:26:13.440 [EVENT] sock=2536 hEvent=000009A4 events=0x0
2026-10-03 04:26:13.441 [EVENT] sock=2536 hEvent=000009A4 events=0x21
2026-10-03 04:26:23.489 [EVENT] sock=2536 hEvent=000009A4 events=0x0
2026-10-03 04:26:23.490 [EVENT] sock=2536 hEvent=000009A4 events=0x21
2026-10-03 04:26:33.541 [EVENT] sock=2536 hEvent=000009A4 events=0x0
2026-10-03 04:26:33.545 [EVENT] sock=2536 hEvent=000009A4 events=0x21
2026-10-03 04:26:39.034 [EVENT] sock=2732 hEvent=00000A90 events=0x0
2026-10-03 04:26:39.034 [EVENT] sock=2732 hEvent=00000A90 events=0x21
2026-10-03 04:26:43.657 [EVENT] sock=2536 hEvent=000009A4 events=0x0
2026-10-03 04:26:43.658 [EVENT] sock=2536 hEvent=000009A4 events=0x21
2026-10-03 04:26:53.707 [EVENT] sock=2536 hEvent=000009A4 events=0x0
2026-10-03 04:26:53.709 [EVENT] sock=2536 hEvent=000009A4 events=0x21
2026-10-03 04:27:03.776 [EVENT] sock=2536 hEvent=000009A4 events=0x0
2026-10-03 04:27:03.780 [EVENT] sock=2536 hEvent=000009A4 events=0x21
2026-10-03 04:27:09.037 [EVENT] sock=2732 hEvent=00000A90 events=0x0
2026-10-03 04:27:09.037 [EVENT] sock=2732 hEvent=00000A90 events=0x21
2026-10-03 04:27:14.009 [EVENT] sock=2536 hEvent=000009A4 events=0x0
2026-10-03 04:27:14.015 [EVENT] sock=2536 hEvent=000009A4 events=0x21
2026-10-03 04:27:24.063 [EVENT] sock=2536 hEvent=000009A4 events=0x0
2026-10-03 04:27:24.065 [EVENT] sock=2536 hEvent=000009A4 events=0x21
2026-10-03 04:27:34.127 [EVENT] sock=2536 hEvent=000009A4 events=0x0
2026-10-03 04:27:34.131 [EVENT] sock=2536 hEvent=000009A4 events=0x21
2026-10-03 04:27:39.039 [EVENT] sock=2732 hEvent=00000A90 events=0x0
2026-10-03 04:27:39.039 [EVENT] sock=2732 hEvent=00000A90 events=0x21
2026-10-03 04:27:44.209 [EVENT] sock=2536 hEvent=000009A4 events=0x0
2026-10-03 04:27:44.211 [EVENT] sock=2536 hEvent=000009A4 events=0x21
2026-10-03 04:27:54.259 [EVENT] sock=2536 hEvent=000009A4 events=0x0
2026-10-03 04:27:54.263 [EVENT] sock=2536 hEvent=000009A4 events=0x21
2026-10-03 04:28:04.310 [EVENT] sock=2536 hEvent=000009A4 events=0x0
2026-10-03 04:28:04.311 [EVENT] sock=2536 hEvent=000009A4 events=0x21
2026-10-03 04:28:09.042 [EVENT] sock=2732 hEvent=00000A90 events=0x0
2026-10-03 04:28:09.043 [EVENT] sock=2732 hEvent=00000A90 events=0x21
2026-10-03 04:28:14.511 [EVENT] sock=2536 hEvent=000009A4 events=0x0
2026-10-03 04:28:14.512 [EVENT] sock=2536 hEvent=000009A4 events=0x21
2026-10-03 04:28:24.561 [EVENT] sock=2536 hEvent=000009A4 events=0x0
2026-10-03 04:28:24.563 [EVENT] sock=2536 hEvent=000009A4 events=0x21
2026-10-03 04:28:34.629 [EVENT] sock=2536 hEvent=000009A4 events=0x0
2026-10-03 04:28:34.632 [EVENT] sock=2536 hEvent=000009A4 events=0x21
2026-10-03 04:28:39.044 [EVENT] sock=2732 hEvent=00000A90 events=0x0
2026-10-03 04:28:39.044 [EVENT] sock=2732 hEvent=00000A90 events=0x21
2026-10-03 04:28:44.762 [EVENT] sock=2536 hEvent=000009A4 events=0x0
2026-10-03 04:28:44.763 [EVENT] sock=2536 hEvent=000009A4 events=0x21
2026-10-03 04:28:54.813 [EVENT] sock=2536 hEvent=000009A4 events=0x0
2026-10-03 04:28:54.818 [EVENT] sock=2536 hEvent=000009A4 events=0x21
2026-10-03 04:29:04.880 [EVENT] sock=2536 hEvent=000009A4 events=0x0
2026-10-03 04:29:04.885 [EVENT] sock=2536 hEvent=000009A4 events=0x21
2026-10-03 04:29:09.050 [EVENT] sock=2732 hEvent=00000A90 events=0x0
2026-10-03 04:29:09.057 [EVENT] sock=2732 hEvent=00000A90 events=0x21
2026-10-03 04:29:15.029 [EVENT] sock=2536 hEvent=000009A4 events=0x0
2026-10-03 04:29:15.030 [EVENT] sock=2536 hEvent=000009A4 events=0x21
2026-10-03 04:29:25.080 [EVENT] sock=2536 hEvent=000009A4 events=0x0
2026-10-03 04:29:25.081 [EVENT] sock=2536 hEvent=000009A4 events=0x21
2026-10-03 04:29:35.130 [EVENT] sock=2536 hEvent=000009A4 events=0x0
2026-10-03 04:29:35.131 [EVENT] sock=2536 hEvent=000009A4 events=0x21
2026-10-03 04:29:39.059 [EVENT] sock=2732 hEvent=00000A90 events=0x0
2026-10-03 04:29:39.059 [EVENT] sock=2732 hEvent=00000A90 events=0x21
2026-10-03 04:29:45.284 [EVENT] sock=2536 hEvent=000009A4 events=0x0
2026-10-03 04:29:45.284 [EVENT] sock=2536 hEvent=000009A4 events=0x21
2026-10-03 04:29:55.348 [EVENT] sock=2536 hEvent=000009A4 events=0x0
2026-10-03 04:29:55.349 [EVENT] sock=2536 hEvent=000009A4 events=0x21
2026-10-03 04:30:05.398 [EVENT] sock=2536 hEvent=000009A4 events=0x0
2026-10-03 04:30:05.401 [EVENT] sock=2536 hEvent=000009A4 events=0x21
2026-10-03 04:30:09.061 [EVENT] sock=2732 hEvent=00000A90 events=0x0
2026-10-03 04:30:09.061 [EVENT] sock=2732 hEvent=00000A90 events=0x21
2026-10-03 04:30:15.483 [EVENT] sock=2536 hEvent=000009A4 events=0x0
2026-10-03 04:30:15.483 [EVENT] sock=2536 hEvent=000009A4 events=0x21
2026-10-03 04:30:25.553 [EVENT] sock=2536 hEvent=000009A4 events=0x0
2026-10-03 04:30:25.553 [EVENT] sock=2536 hEvent=000009A4 events=0x21
2026-10-03 04:30:35.617 [EVENT] sock=2536 hEvent=000009A4 events=0x0
2026-10-03 04:30:35.617 [EVENT] sock=2536 hEvent=000009A4 events=0x21
2026-10-03 04:30:39.063 [EVENT] sock=2732 hEvent=00000A90 events=0x0
2026-10-03 04:30:39.064 [EVENT] sock=2732 hEvent=00000A90 events=0x21
2026-10-03 04:30:45.753 [EVENT] sock=2536 hEvent=000009A4 events=0x0
2026-10-03 04:30:45.757 [EVENT] sock=2536 hEvent=000009A4 events=0x21
2026-10-03 04:30:55.822 [EVENT] sock=2536 hEvent=000009A4 events=0x0
2026-10-03 04:30:55.823 [EVENT] sock=2536 hEvent=000009A4 events=0x21
2026-10-03 04:31:05.887 [EVENT] sock=2536 hEvent=000009A4 events=0x0
2026-10-03 04:31:05.892 [EVENT] sock=2536 hEvent=000009A4 events=0x21
2026-10-03 04:31:09.066 [EVENT] sock=2732 hEvent=00000A90 events=0x0
2026-10-03 04:31:09.067 [EVENT] sock=2732 hEvent=00000A90 events=0x21
2026-10-03 04:31:16.054 [EVENT] sock=2536 hEvent=000009A4 events=0x0
2026-10-03 04:31:16.055 [EVENT] sock=2536 hEvent=000009A4 events=0x21
2026-10-03 04:31:26.104 [EVENT] sock=2536 hEvent=000009A4 events=0x0
2026-10-03 04:31:26.105 [EVENT] sock=2536 hEvent=000009A4 events=0x21
2026-10-03 04:31:36.170 [EVENT] sock=2536 hEvent=000009A4 events=0x0
2026-10-03 04:31:36.172 [EVENT] sock=2536 hEvent=000009A4 events=0x21
2026-10-03 04:31:39.069 [EVENT] sock=2732 hEvent=00000A90 events=0x0
2026-10-03 04:31:39.069 [EVENT] sock=2732 hEvent=00000A90 events=0x21
2026-10-03 04:31:46.255 [EVENT] sock=2536 hEvent=000009A4 events=0x0
2026-10-03 04:31:46.257 [EVENT] sock=2536 hEvent=000009A4 events=0x21
2026-10-03 04:31:56.322 [EVENT] sock=2536 hEvent=000009A4 events=0x0
2026-10-03 04:31:56.323 [EVENT] sock=2536 hEvent=000009A4 events=0x21
2026-10-03 04:32:06.373 [EVENT] sock=2536 hEvent=000009A4 events=0x0
2026-10-03 04:32:06.374 [EVENT] sock=2536 hEvent=000009A4 events=0x0
2026-10-03 04:32:06.374 [EVENT] sock=2536 hEvent=000009A4 events=0x21
2026-10-03 04:32:06.379 [EVENT] sock=2536 hEvent=000009A4 events=0x21
2026-10-03 04:32:09.071 [EVENT] sock=2732 hEvent=00000A90 events=0x0
2026-10-03 04:32:09.073 [EVENT] sock=2732 hEvent=00000A90 events=0x21
2026-10-03 04:32:16.673 [EVENT] sock=2536 hEvent=000009A4 events=0x0
2026-10-03 04:32:16.673 [EVENT] sock=2536 hEvent=000009A4 events=0x21
2026-10-03 04:32:26.725 [EVENT] sock=2536 hEvent=000009A4 events=0x0
2026-10-03 04:32:26.730 [EVENT] sock=2536 hEvent=000009A4 events=0x21
2026-10-03 04:32:36.793 [EVENT] sock=2536 hEvent=000009A4 events=0x0
2026-10-03 04:32:36.796 [EVENT] sock=2536 hEvent=000009A4 events=0x21
2026-10-03 04:32:39.074 [EVENT] sock=2732 hEvent=00000A90 events=0x0
2026-10-03 04:32:39.078 [EVENT] sock=2732 hEvent=00000A90 events=0x21
2026-10-03 04:32:46.864 [EVENT] sock=2536 hEvent=000009A4 events=0x0
2026-10-03 04:32:46.864 [EVENT] sock=2536 hEvent=000009A4 events=0x21
2026-10-03 04:32:56.930 [EVENT] sock=2536 hEvent=000009A4 events=0x0
2026-10-03 04:32:56.932 [EVENT] sock=2536 hEvent=000009A4 events=0x21
2026-10-03 04:33:06.999 [EVENT] sock=2536 hEvent=000009A4 events=0x0
2026-10-03 04:33:07.000 [EVENT] sock=2536 hEvent=000009A4 events=0x21
2026-10-03 04:33:09.079 [EVENT] sock=2732 hEvent=00000A90 events=0x0
2026-10-03 04:33:09.081 [EVENT] sock=2732 hEvent=00000A90 events=0x21
2026-10-03 04:33:17.063 [EVENT] sock=2536 hEvent=000009A4 events=0x0
2026-10-03 04:33:17.064 [EVENT] sock=2536 hEvent=000009A4 events=0x21
2026-10-03 04:33:27.150 [EVENT] sock=2536 hEvent=000009A4 events=0x0
2026-10-03 04:33:27.151 [EVENT] sock=2536 hEvent=000009A4 events=0x21
2026-10-03 04:33:37.215 [EVENT] sock=2536 hEvent=000009A4 events=0x0
2026-10-03 04:33:37.216 [EVENT] sock=2536 hEvent=000009A4 events=0x21
2026-10-03 04:33:39.083 [EVENT] sock=2732 hEvent=00000A90 events=0x0
2026-10-03 04:33:39.083 [EVENT] sock=2732 hEvent=00000A90 events=0x21
2026-10-03 04:33:47.281 [EVENT] sock=2536 hEvent=000009A4 events=0x0
2026-10-03 04:33:47.281 [EVENT] sock=2536 hEvent=000009A4 events=0x21
2026-10-03 04:33:57.330 [EVENT] sock=2536 hEvent=000009A4 events=0x0
2026-10-03 04:33:57.332 [EVENT] sock=2536 hEvent=000009A4 events=0x21
2026-10-03 04:34:07.402 [EVENT] sock=2536 hEvent=000009A4 events=0x0
2026-10-03 04:34:07.402 [EVENT] sock=2536 hEvent=000009A4 events=0x21
2026-10-03 04:34:09.086 [EVENT] sock=2732 hEvent=00000A90 events=0x0
2026-10-03 04:34:09.086 [EVENT] sock=2732 hEvent=00000A90 events=0x21
2026-10-03 04:34:17.480 [EVENT] sock=2536 hEvent=000009A4 events=0x0
2026-10-03 04:34:17.481 [EVENT] sock=2536 hEvent=000009A4 events=0x21
2026-10-03 04:34:27.530 [EVENT] sock=2536 hEvent=000009A4 events=0x0
2026-10-03 04:34:27.532 [EVENT] sock=2536 hEvent=000009A4 events=0x21
2026-10-03 04:34:37.587 [EVENT] sock=2536 hEvent=000009A4 events=0x0
2026-10-03 04:34:37.588 [EVENT] sock=2536 hEvent=000009A4 events=0x21
2026-10-03 04:34:39.089 [EVENT] sock=2732 hEvent=00000A90 events=0x0
2026-10-03 04:34:39.089 [EVENT] sock=2732 hEvent=00000A90 events=0x21
2026-10-03 04:34:47.736 [EVENT] sock=2536 hEvent=000009A4 events=0x0
2026-10-03 04:34:47.737 [EVENT] sock=2536 hEvent=000009A4 events=0x21
2026-10-03 04:34:57.808 [EVENT] sock=2536 hEvent=000009A4 events=0x0
2026-10-03 04:34:57.808 [EVENT] sock=2536 hEvent=000009A4 events=0x21
2026-10-03 04:35:07.870 [EVENT] sock=2536 hEvent=000009A4 events=0x0
2026-10-03 04:35:07.870 [EVENT] sock=2536 hEvent=000009A4 events=0x21
2026-10-03 04:35:09.093 [EVENT] sock=2732 hEvent=00000A90 events=0x0
2026-10-03 04:35:09.093 [EVENT] sock=2732 hEvent=00000A90 events=0x21
2026-10-03 04:35:17.987 [EVENT] sock=2536 hEvent=000009A4 events=0x0
2026-10-03 04:35:17.988 [EVENT] sock=2536 hEvent=000009A4 events=0x21
2026-10-03 04:35:28.051 [EVENT] sock=2536 hEvent=000009A4 events=0x0
2026-10-03 04:35:28.051 [EVENT] sock=2536 hEvent=000009A4 events=0x21
2026-10-03 04:35:38.119 [EVENT] sock=2536 hEvent=000009A4 events=0x0
2026-10-03 04:35:38.119 [EVENT] sock=2536 hEvent=000009A4 events=0x21
2026-10-03 04:35:39.095 [EVENT] sock=2732 hEvent=00000A90 events=0x0
2026-10-03 04:35:39.096 [EVENT] sock=2732 hEvent=00000A90 events=0x21
2026-10-03 04:35:48.235 [EVENT] sock=2536 hEvent=000009A4 events=0x0
2026-10-03 04:35:48.236 [EVENT] sock=2536 hEvent=000009A4 events=0x21
2026-10-03 04:35:58.288 [EVENT] sock=2536 hEvent=000009A4 events=0x0
2026-10-03 04:35:58.290 [EVENT] sock=2536 hEvent=000009A4 events=0x21
2026-10-03 04:36:08.356 [EVENT] sock=2536 hEvent=000009A4 events=0x0
2026-10-03 04:36:08.356 [EVENT] sock=2536 hEvent=000009A4 events=0x21
2026-10-03 04:36:09.097 [EVENT] sock=2732 hEvent=00000A90 events=0x0
2026-10-03 04:36:09.097 [EVENT] sock=2732 hEvent=00000A90 events=0x21
2026-10-03 04:36:18.438 [EVENT] sock=2536 hEvent=000009A4 events=0x0
2026-10-03 04:36:18.438 [EVENT] sock=2536 hEvent=000009A4 events=0x21
2026-10-03 04:36:28.489 [EVENT] sock=2536 hEvent=000009A4 events=0x0
2026-10-03 04:36:28.493 [EVENT] sock=2536 hEvent=000009A4 events=0x21
2026-10-03 04:36:38.555 [EVENT] sock=2536 hEvent=000009A4 events=0x0
2026-10-03 04:36:38.558 [EVENT] sock=2536 hEvent=000009A4 events=0x21
2026-10-03 04:36:39.101 [EVENT] sock=2732 hEvent=00000A90 events=0x0
2026-10-03 04:36:39.102 [EVENT] sock=2732 hEvent=00000A90 events=0x21
2026-10-03 04:36:48.637 [EVENT] sock=2536 hEvent=000009A4 events=0x0
2026-10-03 04:36:48.638 [EVENT] sock=2536 hEvent=000009A4 events=0x21
2026-10-03 04:36:58.690 [EVENT] sock=2536 hEvent=000009A4 events=0x0
2026-10-03 04:36:58.696 [EVENT] sock=2536 hEvent=000009A4 events=0x21
2026-10-03 04:37:08.757 [EVENT] sock=2536 hEvent=000009A4 events=0x0
2026-10-03 04:37:08.761 [EVENT] sock=2536 hEvent=000009A4 events=0x21
2026-10-03 04:37:09.104 [EVENT] sock=2732 hEvent=00000A90 events=0x0
2026-10-03 04:37:09.105 [EVENT] sock=2732 hEvent=00000A90 events=0x21
2026-10-03 04:37:18.839 [EVENT] sock=2536 hEvent=000009A4 events=0x0
2026-10-03 04:37:18.840 [EVENT] sock=2536 hEvent=000009A4 events=0x21
2026-10-03 04:37:28.891 [EVENT] sock=2536 hEvent=000009A4 events=0x0
2026-10-03 04:37:28.894 [EVENT] sock=2536 hEvent=000009A4 events=0x21
2026-10-03 04:37:38.957 [EVENT] sock=2536 hEvent=000009A4 events=0x0
2026-10-03 04:37:38.961 [EVENT] sock=2536 hEvent=000009A4 events=0x21
2026-10-03 04:37:39.107 [EVENT] sock=2732 hEvent=00000A90 events=0x0
2026-10-03 04:37:39.114 [EVENT] sock=2732 hEvent=00000A90 events=0x21
2026-10-03 04:37:49.106 [EVENT] sock=2536 hEvent=000009A4 events=0x0
2026-10-03 04:37:49.107 [EVENT] sock=2536 hEvent=000009A4 events=0x21
2026-10-03 04:37:59.156 [EVENT] sock=2536 hEvent=000009A4 events=0x0
2026-10-03 04:37:59.157 [EVENT] sock=2536 hEvent=000009A4 events=0x21
2026-10-03 04:38:09.115 [EVENT] sock=2732 hEvent=00000A90 events=0x0
2026-10-03 04:38:09.116 [EVENT] sock=2732 hEvent=00000A90 events=0x21
2026-10-03 04:38:09.217 [EVENT] sock=2536 hEvent=000009A4 events=0x0
2026-10-03 04:38:09.217 [EVENT] sock=2536 hEvent=000009A4 events=0x21
2026-10-03 04:38:19.294 [EVENT] sock=2536 hEvent=000009A4 events=0x0
2026-10-03 04:38:19.295 [EVENT] sock=2536 hEvent=000009A4 events=0x21
2026-10-03 04:38:29.348 [EVENT] sock=2536 hEvent=000009A4 events=0x0
2026-10-03 04:38:29.349 [EVENT] sock=2536 hEvent=000009A4 events=0x21
2026-10-03 04:38:39.118 [EVENT] sock=2732 hEvent=00000A90 events=0x0
2026-10-03 04:38:39.118 [EVENT] sock=2732 hEvent=00000A90 events=0x21
2026-10-03 04:38:39.414 [EVENT] sock=2536 hEvent=000009A4 events=0x0
2026-10-03 04:38:39.414 [EVENT] sock=2536 hEvent=000009A4 events=0x21
2026-10-03 04:38:49.613 [EVENT] sock=2536 hEvent=000009A4 events=0x0
2026-10-03 04:38:49.613 [EVENT] sock=2536 hEvent=000009A4 events=0x21
2026-10-03 04:38:59.679 [EVENT] sock=2536 hEvent=000009A4 events=0x0
2026-10-03 04:38:59.680 [EVENT] sock=2536 hEvent=000009A4 events=0x21
2026-10-03 04:39:09.120 [EVENT] sock=2732 hEvent=00000A90 events=0x0
2026-10-03 04:39:09.121 [EVENT] sock=2732 hEvent=00000A90 events=0x21
2026-10-03 04:39:09.730 [EVENT] sock=2536 hEvent=000009A4 events=0x0
2026-10-03 04:39:09.734 [EVENT] sock=2536 hEvent=000009A4 events=0x21
2026-10-03 04:39:19.813 [EVENT] sock=2536 hEvent=000009A4 events=0x0
2026-10-03 04:39:19.814 [EVENT] sock=2536 hEvent=000009A4 events=0x21
2026-10-03 04:39:29.866 [EVENT] sock=2536 hEvent=000009A4 events=0x0
2026-10-03 04:39:29.868 [EVENT] sock=2536 hEvent=000009A4 events=0x21
2026-10-03 04:39:39.122 [EVENT] sock=2732 hEvent=00000A90 events=0x0
2026-10-03 04:39:39.124 [EVENT] sock=2732 hEvent=00000A90 events=0x21
2026-10-03 04:39:39.929 [EVENT] sock=2536 hEvent=000009A4 events=0x0
2026-10-03 04:39:39.929 [EVENT] sock=2536 hEvent=000009A4 events=0x21
2026-10-03 04:39:50.015 [EVENT] sock=2536 hEvent=000009A4 events=0x0
2026-10-03 04:39:50.017 [EVENT] sock=2536 hEvent=000009A4 events=0x21
2026-10-03 04:40:00.080 [EVENT] sock=2536 hEvent=000009A4 events=0x0
2026-10-03 04:40:00.081 [EVENT] sock=2536 hEvent=000009A4 events=0x21
2026-10-03 04:40:09.125 [EVENT] sock=2732 hEvent=00000A90 events=0x0
2026-10-03 04:40:09.126 [EVENT] sock=2732 hEvent=00000A90 events=0x21
2026-10-03 04:40:10.129 [EVENT] sock=2536 hEvent=000009A4 events=0x0
2026-10-03 04:40:10.131 [EVENT] sock=2536 hEvent=000009A4 events=0x21
2026-10-03 04:40:20.215 [EVENT] sock=2536 hEvent=000009A4 events=0x0
2026-10-03 04:40:20.215 [EVENT] sock=2536 hEvent=000009A4 events=0x21
2026-10-03 04:40:30.281 [EVENT] sock=2536 hEvent=000009A4 events=0x0
2026-10-03 04:40:30.281 [EVENT] sock=2536 hEvent=000009A4 events=0x21
2026-10-03 04:40:39.127 [EVENT] sock=2732 hEvent=00000A90 events=0x0
2026-10-03 04:40:39.127 [EVENT] sock=2732 hEvent=00000A90 events=0x21
2026-10-03 04:40:40.348 [EVENT] sock=2536 hEvent=000009A4 events=0x0
2026-10-03 04:40:40.349 [EVENT] sock=2536 hEvent=000009A4 events=0x21
2026-10-03 04:40:50.415 [EVENT] sock=2536 hEvent=000009A4 events=0x0
2026-10-03 04:40:50.416 [EVENT] sock=2536 hEvent=000009A4 events=0x21
2026-10-03 04:41:00.466 [EVENT] sock=2536 hEvent=000009A4 events=0x0
2026-10-03 04:41:00.467 [EVENT] sock=2536 hEvent=000009A4 events=0x21
2026-10-03 04:41:09.129 [EVENT] sock=2732 hEvent=00000A90 events=0x0
2026-10-03 04:41:09.129 [EVENT] sock=2732 hEvent=00000A90 events=0x21
2026-10-03 04:41:10.515 [EVENT] sock=2536 hEvent=000009A4 events=0x0
2026-10-03 04:41:10.516 [EVENT] sock=2536 hEvent=000009A4 events=0x21
2026-10-03 04:41:20.632 [EVENT] sock=2536 hEvent=000009A4 events=0x0
2026-10-03 04:41:20.633 [EVENT] sock=2536 hEvent=000009A4 events=0x21
2026-10-03 04:41:30.681 [EVENT] sock=2536 hEvent=000009A4 events=0x0
2026-10-03 04:41:30.682 [EVENT] sock=2536 hEvent=000009A4 events=0x21
2026-10-03 04:41:39.131 [EVENT] sock=2732 hEvent=00000A90 events=0x0
2026-10-03 04:41:39.132 [EVENT] sock=2732 hEvent=00000A90 events=0x21
2026-10-03 04:41:40.753 [EVENT] sock=2536 hEvent=000009A4 events=0x0
2026-10-03 04:41:40.753 [EVENT] sock=2536 hEvent=000009A4 events=0x21
2026-10-03 04:41:50.890 [EVENT] sock=2536 hEvent=000009A4 events=0x0
2026-10-03 04:41:50.893 [EVENT] sock=2536 hEvent=000009A4 events=0x21
2026-10-03 04:42:00.952 [EVENT] sock=2536 hEvent=000009A4 events=0x0
2026-10-03 04:42:00.953 [EVENT] sock=2536 hEvent=000009A4 events=0x21
2026-10-03 04:42:09.134 [EVENT] sock=2732 hEvent=00000A90 events=0x0
2026-10-03 04:42:09.135 [EVENT] sock=2732 hEvent=00000A90 events=0x21
2026-10-03 04:42:11.004 [EVENT] sock=2536 hEvent=000009A4 events=0x0
2026-10-03 04:42:11.004 [EVENT] sock=2536 hEvent=000009A4 events=0x21
2026-10-03 04:42:21.135 [EVENT] sock=2536 hEvent=000009A4 events=0x0
2026-10-03 04:42:21.137 [EVENT] sock=2536 hEvent=000009A4 events=0x21
2026-10-03 04:42:31.187 [EVENT] sock=2536 hEvent=000009A4 events=0x0
2026-10-03 04:42:31.188 [EVENT] sock=2536 hEvent=000009A4 events=0x21
2026-10-03 04:42:39.137 [EVENT] sock=2732 hEvent=00000A90 events=0x0
2026-10-03 04:42:39.138 [EVENT] sock=2732 hEvent=00000A90 events=0x21
2026-10-03 04:42:41.241 [EVENT] sock=2536 hEvent=000009A4 events=0x0
2026-10-03 04:42:41.242 [EVENT] sock=2536 hEvent=000009A4 events=0x21
2026-10-03 04:42:51.341 [EVENT] sock=2536 hEvent=000009A4 events=0x0
2026-10-03 04:42:51.341 [EVENT] sock=2536 hEvent=000009A4 events=0x21
2026-10-03 04:43:01.391 [EVENT] sock=2536 hEvent=000009A4 events=0x0
2026-10-03 04:43:01.392 [EVENT] sock=2536 hEvent=000009A4 events=0x21
2026-10-03 04:43:09.140 [EVENT] sock=2732 hEvent=00000A90 events=0x0
2026-10-03 04:43:09.142 [EVENT] sock=2732 hEvent=00000A90 events=0x21
2026-10-03 04:43:11.459 [EVENT] sock=2536 hEvent=000009A4 events=0x0
2026-10-03 04:43:11.462 [EVENT] sock=2536 hEvent=000009A4 events=0x21
2026-10-03 04:43:21.541 [EVENT] sock=2536 hEvent=000009A4 events=0x0
2026-10-03 04:43:21.541 [EVENT] sock=2536 hEvent=000009A4 events=0x21
2026-10-03 04:43:31.591 [EVENT] sock=2536 hEvent=000009A4 events=0x0
2026-10-03 04:43:31.591 [EVENT] sock=2536 hEvent=000009A4 events=0x21
2026-10-03 04:43:39.145 [EVENT] sock=2732 hEvent=00000A90 events=0x0
2026-10-03 04:43:39.151 [EVENT] sock=2732 hEvent=00000A90 events=0x21
2026-10-03 04:43:41.641 [EVENT] sock=2536 hEvent=000009A4 events=0x0
2026-10-03 04:43:41.644 [EVENT] sock=2536 hEvent=000009A4 events=0x21
2026-10-03 04:43:51.791 [EVENT] sock=2536 hEvent=000009A4 events=0x0
2026-10-03 04:43:51.792 [EVENT] sock=2536 hEvent=000009A4 events=0x21
2026-10-03 04:44:01.848 [EVENT] sock=2536 hEvent=000009A4 events=0x0
2026-10-03 04:44:01.848 [EVENT] sock=2536 hEvent=000009A4 events=0x21
2026-10-03 04:44:09.152 [EVENT] sock=2732 hEvent=00000A90 events=0x0
2026-10-03 04:44:09.154 [EVENT] sock=2732 hEvent=00000A90 events=0x21
2026-10-03 04:44:11.918 [EVENT] sock=2536 hEvent=000009A4 events=0x0
2026-10-03 04:44:11.918 [EVENT] sock=2536 hEvent=000009A4 events=0x21
2026-10-03 04:44:21.995 [EVENT] sock=2536 hEvent=000009A4 events=0x0
2026-10-03 04:44:21.996 [EVENT] sock=2536 hEvent=000009A4 events=0x21
2026-10-03 04:44:32.046 [EVENT] sock=2536 hEvent=000009A4 events=0x0
2026-10-03 04:44:32.046 [EVENT] sock=2536 hEvent=000009A4 events=0x21
2026-10-03 04:44:39.155 [EVENT] sock=2732 hEvent=00000A90 events=0x0
2026-10-03 04:44:39.156 [EVENT] sock=2732 hEvent=00000A90 events=0x21
2026-10-03 04:44:42.095 [EVENT] sock=2536 hEvent=000009A4 events=0x0
2026-10-03 04:44:42.096 [EVENT] sock=2536 hEvent=000009A4 events=0x21
2026-10-03 04:44:52.250 [EVENT] sock=2536 hEvent=000009A4 events=0x0
2026-10-03 04:44:52.252 [EVENT] sock=2536 hEvent=000009A4 events=0x21
2026-10-03 04:45:02.300 [EVENT] sock=2536 hEvent=000009A4 events=0x0
2026-10-03 04:45:02.300 [EVENT] sock=2536 hEvent=000009A4 events=0x21
2026-10-03 04:45:09.159 [EVENT] sock=2732 hEvent=00000A90 events=0x0
2026-10-03 04:45:09.160 [EVENT] sock=2732 hEvent=00000A90 events=0x21
2026-10-03 04:45:12.350 [EVENT] sock=2536 hEvent=000009A4 events=0x0
2026-10-03 04:45:12.351 [EVENT] sock=2536 hEvent=000009A4 events=0x21
2026-10-03 04:45:22.451 [EVENT] sock=2536 hEvent=000009A4 events=0x0
2026-10-03 04:45:22.454 [EVENT] sock=2536 hEvent=000009A4 events=0x21
2026-10-03 04:45:32.517 [EVENT] sock=2536 hEvent=000009A4 events=0x0
2026-10-03 04:45:32.520 [EVENT] sock=2536 hEvent=000009A4 events=0x21
2026-10-03 04:45:39.161 [EVENT] sock=2732 hEvent=00000A90 events=0x0
2026-10-03 04:45:39.161 [EVENT] sock=2732 hEvent=00000A90 events=0x21
2026-10-03 04:45:42.587 [EVENT] sock=2536 hEvent=000009A4 events=0x0
2026-10-03 04:45:42.589 [EVENT] sock=2536 hEvent=000009A4 events=0x21
2026-10-03 04:45:52.651 [EVENT] sock=2536 hEvent=000009A4 events=0x0
2026-10-03 04:45:52.652 [EVENT] sock=2536 hEvent=000009A4 events=0x21
2026-10-03 04:46:02.702 [EVENT] sock=2536 hEvent=000009A4 events=0x0
2026-10-03 04:46:02.706 [EVENT] sock=2536 hEvent=000009A4 events=0x21
2026-10-03 04:46:09.164 [EVENT] sock=2732 hEvent=00000A90 events=0x0
2026-10-03 04:46:09.164 [EVENT] sock=2732 hEvent=00000A90 events=0x21
2026-10-03 04:46:12.766 [EVENT] sock=2536 hEvent=000009A4 events=0x0
2026-10-03 04:46:12.768 [EVENT] sock=2536 hEvent=000009A4 events=0x21
2026-10-03 04:46:22.919 [EVENT] sock=2536 hEvent=000009A4 events=0x0
2026-10-03 04:46:22.922 [EVENT] sock=2536 hEvent=000009A4 events=0x21
2026-10-03 04:46:32.985 [EVENT] sock=2536 hEvent=000009A4 events=0x0
2026-10-03 04:46:32.987 [EVENT] sock=2536 hEvent=000009A4 events=0x21
2026-10-03 04:46:39.166 [EVENT] sock=2732 hEvent=00000A90 events=0x0
2026-10-03 04:46:39.167 [EVENT] sock=2732 hEvent=00000A90 events=0x21
2026-10-03 04:46:43.039 [EVENT] sock=2536 hEvent=000009A4 events=0x0
2026-10-03 04:46:43.039 [EVENT] sock=2536 hEvent=000009A4 events=0x21
2026-10-03 04:46:53.168 [EVENT] sock=2536 hEvent=000009A4 events=0x0
2026-10-03 04:46:53.169 [EVENT] sock=2536 hEvent=000009A4 events=0x21
2026-10-03 04:47:03.225 [EVENT] sock=2536 hEvent=000009A4 events=0x0
2026-10-03 04:47:03.227 [EVENT] sock=2536 hEvent=000009A4 events=0x21
2026-10-03 04:47:09.169 [EVENT] sock=2732 hEvent=00000A90 events=0x0
2026-10-03 04:47:09.170 [EVENT] sock=2732 hEvent=00000A90 events=0x21
2026-10-03 04:47:13.276 [EVENT] sock=2536 hEvent=000009A4 events=0x0
2026-10-03 04:47:13.278 [EVENT] sock=2536 hEvent=000009A4 events=0x21
2026-10-03 04:47:23.358 [EVENT] sock=2536 hEvent=000009A4 events=0x0
2026-10-03 04:47:23.361 [EVENT] sock=2536 hEvent=000009A4 events=0x21
2026-10-03 04:47:33.423 [EVENT] sock=2536 hEvent=000009A4 events=0x0
2026-10-03 04:47:33.427 [EVENT] sock=2536 hEvent=000009A4 events=0x21
2026-10-03 04:47:39.170 [EVENT] sock=2732 hEvent=00000A90 events=0x0
2026-10-03 04:47:39.171 [EVENT] sock=2732 hEvent=00000A90 events=0x21
2026-10-03 04:47:43.473 [EVENT] sock=2536 hEvent=000009A4 events=0x0
2026-10-03 04:47:43.478 [EVENT] sock=2536 hEvent=000009A4 events=0x21
2026-10-03 04:47:53.607 [EVENT] sock=2536 hEvent=000009A4 events=0x0
2026-10-03 04:47:53.607 [EVENT] sock=2536 hEvent=000009A4 events=0x21
2026-10-03 04:48:03.658 [EVENT] sock=2536 hEvent=000009A4 events=0x0
2026-10-03 04:48:03.662 [EVENT] sock=2536 hEvent=000009A4 events=0x21
2026-10-03 04:48:09.173 [EVENT] sock=2732 hEvent=00000A90 events=0x0
2026-10-03 04:48:09.176 [EVENT] sock=2732 hEvent=00000A90 events=0x21
2026-10-03 04:48:13.724 [EVENT] sock=2536 hEvent=000009A4 events=0x0
2026-10-03 04:48:13.729 [EVENT] sock=2536 hEvent=000009A4 events=0x21
2026-10-03 04:48:23.925 [EVENT] sock=2536 hEvent=000009A4 events=0x0
2026-10-03 04:48:23.925 [EVENT] sock=2536 hEvent=000009A4 events=0x21
2026-10-03 04:48:33.975 [EVENT] sock=2536 hEvent=000009A4 events=0x0
2026-10-03 04:48:33.980 [EVENT] sock=2536 hEvent=000009A4 events=0x21
2026-10-03 04:48:39.179 [EVENT] sock=2732 hEvent=00000A90 events=0x0
2026-10-03 04:48:39.183 [EVENT] sock=2732 hEvent=00000A90 events=0x21
2026-10-03 04:48:44.046 [EVENT] sock=2536 hEvent=000009A4 events=0x0
2026-10-03 04:48:44.046 [EVENT] sock=2536 hEvent=000009A4 events=0x21
2026-10-03 04:48:54.125 [EVENT] sock=2536 hEvent=000009A4 events=0x0
2026-10-03 04:48:54.125 [EVENT] sock=2536 hEvent=000009A4 events=0x21
2026-10-03 04:49:04.175 [EVENT] sock=2536 hEvent=000009A4 events=0x0
2026-10-03 04:49:04.181 [EVENT] sock=2536 hEvent=000009A4 events=0x21
2026-10-03 04:49:09.186 [EVENT] sock=2732 hEvent=00000A90 events=0x0
2026-10-03 04:49:09.186 [EVENT] sock=2732 hEvent=00000A90 events=0x21
2026-10-03 04:49:14.242 [EVENT] sock=2536 hEvent=000009A4 events=0x0
2026-10-03 04:49:14.242 [EVENT] sock=2536 hEvent=000009A4 events=0x21
2026-10-03 04:49:24.376 [EVENT] sock=2536 hEvent=000009A4 events=0x0
2026-10-03 04:49:24.377 [EVENT] sock=2536 hEvent=000009A4 events=0x21
2026-10-03 04:49:34.446 [EVENT] sock=2536 hEvent=000009A4 events=0x0
2026-10-03 04:49:34.448 [EVENT] sock=2536 hEvent=000009A4 events=0x21
2026-10-03 04:49:39.187 [EVENT] sock=2732 hEvent=00000A90 events=0x0
2026-10-03 04:49:39.187 [EVENT] sock=2732 hEvent=00000A90 events=0x21
2026-10-03 04:49:44.510 [EVENT] sock=2536 hEvent=000009A4 events=0x0
2026-10-03 04:49:44.510 [EVENT] sock=2536 hEvent=000009A4 events=0x21
2026-10-03 04:49:54.577 [EVENT] sock=2536 hEvent=000009A4 events=0x0
2026-10-03 04:49:54.577 [EVENT] sock=2536 hEvent=000009A4 events=0x21
2026-10-03 04:50:04.627 [EVENT] sock=2536 hEvent=000009A4 events=0x0
2026-10-03 04:50:04.631 [EVENT] sock=2536 hEvent=000009A4 events=0x21
2026-10-03 04:50:09.188 [EVENT] sock=2732 hEvent=00000A90 events=0x0
2026-10-03 04:50:09.188 [EVENT] sock=2732 hEvent=00000A90 events=0x21
2026-10-03 04:50:14.695 [EVENT] sock=2536 hEvent=000009A4 events=0x0
2026-10-03 04:50:14.696 [EVENT] sock=2536 hEvent=000009A4 events=0x21
2026-10-03 04:50:24.829 [EVENT] sock=2536 hEvent=000009A4 events=0x0
2026-10-03 04:50:24.834 [EVENT] sock=2536 hEvent=000009A4 events=0x21
2026-10-03 04:50:34.895 [EVENT] sock=2536 hEvent=000009A4 events=0x0
2026-10-03 04:50:34.896 [EVENT] sock=2536 hEvent=000009A4 events=0x21
2026-10-03 04:50:39.189 [EVENT] sock=2732 hEvent=00000A90 events=0x0
2026-10-03 04:50:39.189 [EVENT] sock=2732 hEvent=00000A90 events=0x21
2026-10-03 04:50:44.951 [EVENT] sock=2536 hEvent=000009A4 events=0x0
2026-10-03 04:50:44.951 [EVENT] sock=2536 hEvent=000009A4 events=0x21
2026-10-03 04:50:55.096 [EVENT] sock=2536 hEvent=000009A4 events=0x0
2026-10-03 04:50:55.096 [EVENT] sock=2536 hEvent=000009A4 events=0x21
2026-10-03 04:51:05.152 [EVENT] sock=2536 hEvent=000009A4 events=0x0
2026-10-03 04:51:05.153 [EVENT] sock=2536 hEvent=000009A4 events=0x21
2026-10-03 04:51:09.191 [EVENT] sock=2732 hEvent=00000A90 events=0x0
2026-10-03 04:51:09.191 [EVENT] sock=2732 hEvent=00000A90 events=0x21
2026-10-03 04:51:15.217 [EVENT] sock=2536 hEvent=000009A4 events=0x0
2026-10-03 04:51:15.218 [EVENT] sock=2536 hEvent=000009A4 events=0x21
2026-10-03 04:51:25.285 [EVENT] sock=2536 hEvent=000009A4 events=0x0
2026-10-03 04:51:25.285 [EVENT] sock=2536 hEvent=000009A4 events=0x21
2026-10-03 04:51:35.353 [EVENT] sock=2536 hEvent=000009A4 events=0x0
2026-10-03 04:51:35.353 [EVENT] sock=2536 hEvent=000009A4 events=0x21
2026-10-03 04:51:39.195 [EVENT] sock=2732 hEvent=00000A90 events=0x0
2026-10-03 04:51:39.195 [EVENT] sock=2732 hEvent=00000A90 events=0x21
2026-10-03 04:51:45.404 [EVENT] sock=2536 hEvent=000009A4 events=0x0
2026-10-03 04:51:45.405 [EVENT] sock=2536 hEvent=000009A4 events=0x21
2026-10-03 04:51:55.535 [EVENT] sock=2536 hEvent=000009A4 events=0x0
2026-10-03 04:51:55.535 [EVENT] sock=2536 hEvent=000009A4 events=0x21
2026-10-03 04:52:05.583 [EVENT] sock=2536 hEvent=000009A4 events=0x0
2026-10-03 04:52:05.589 [EVENT] sock=2536 hEvent=000009A4 events=0x21
2026-10-03 04:52:09.199 [EVENT] sock=2732 hEvent=00000A90 events=0x0
2026-10-03 04:52:09.200 [EVENT] sock=2732 hEvent=00000A90 events=0x21
2026-10-03 04:52:15.650 [EVENT] sock=2536 hEvent=000009A4 events=0x0
2026-10-03 04:52:15.651 [EVENT] sock=2536 hEvent=000009A4 events=0x21
2026-10-03 04:52:25.751 [EVENT] sock=2536 hEvent=000009A4 events=0x0
2026-10-03 04:52:25.755 [EVENT] sock=2536 hEvent=000009A4 events=0x21
2026-10-03 04:52:35.817 [EVENT] sock=2536 hEvent=000009A4 events=0x0
2026-10-03 04:52:35.818 [EVENT] sock=2536 hEvent=000009A4 events=0x21
2026-10-03 04:52:39.201 [EVENT] sock=2732 hEvent=00000A90 events=0x0
2026-10-03 04:52:39.207 [EVENT] sock=2732 hEvent=00000A90 events=0x21
2026-10-03 04:52:45.866 [EVENT] sock=2536 hEvent=000009A4 events=0x0
2026-10-03 04:52:45.868 [EVENT] sock=2536 hEvent=000009A4 events=0x21
2026-10-03 04:52:56.001 [EVENT] sock=2536 hEvent=000009A4 events=0x0
2026-10-03 04:52:56.005 [EVENT] sock=2536 hEvent=000009A4 events=0x21
2026-10-03 04:53:06.068 [EVENT] sock=2536 hEvent=000009A4 events=0x0
2026-10-03 04:53:06.068 [EVENT] sock=2536 hEvent=000009A4 events=0x21
2026-10-03 04:53:09.211 [EVENT] sock=2732 hEvent=00000A90 events=0x0
2026-10-03 04:53:09.212 [EVENT] sock=2732 hEvent=00000A90 events=0x21
2026-10-03 04:53:16.119 [EVENT] sock=2536 hEvent=000009A4 events=0x0
2026-10-03 04:53:16.120 [EVENT] sock=2536 hEvent=000009A4 events=0x21
2026-10-03 04:53:26.254 [EVENT] sock=2536 hEvent=000009A4 events=0x0
2026-10-03 04:53:26.258 [EVENT] sock=2536 hEvent=000009A4 events=0x21
2026-10-03 04:53:36.319 [EVENT] sock=2536 hEvent=000009A4 events=0x0
2026-10-03 04:53:36.323 [EVENT] sock=2536 hEvent=000009A4 events=0x21
2026-10-03 04:53:39.213 [EVENT] sock=2732 hEvent=00000A90 events=0x0
2026-10-03 04:53:39.213 [EVENT] sock=2732 hEvent=00000A90 events=0x21
2026-10-03 04:53:46.386 [EVENT] sock=2536 hEvent=000009A4 events=0x0
2026-10-03 04:53:46.388 [EVENT] sock=2536 hEvent=000009A4 events=0x21
2026-10-03 04:53:56.508 [EVENT] sock=2536 hEvent=000009A4 events=0x0
2026-10-03 04:53:56.508 [EVENT] sock=2536 hEvent=000009A4 events=0x21
2026-10-03 04:54:06.570 [EVENT] sock=2536 hEvent=000009A4 events=0x0
2026-10-03 04:54:06.576 [EVENT] sock=2536 hEvent=000009A4 events=0x21
2026-10-03 04:54:09.214 [EVENT] sock=2732 hEvent=00000A90 events=0x0
2026-10-03 04:54:09.214 [EVENT] sock=2732 hEvent=00000A90 events=0x21
2026-10-03 04:54:16.635 [EVENT] sock=2536 hEvent=000009A4 events=0x0
2026-10-03 04:54:16.636 [EVENT] sock=2536 hEvent=000009A4 events=0x21
2026-10-03 04:54:26.720 [EVENT] sock=2536 hEvent=000009A4 events=0x0
2026-10-03 04:54:26.721 [EVENT] sock=2536 hEvent=000009A4 events=0x21
2026-10-03 04:54:36.776 [EVENT] sock=2536 hEvent=000009A4 events=0x0
2026-10-03 04:54:36.778 [EVENT] sock=2536 hEvent=000009A4 events=0x21
2026-10-03 04:54:39.216 [EVENT] sock=2732 hEvent=00000A90 events=0x0
2026-10-03 04:54:39.216 [EVENT] sock=2732 hEvent=00000A90 events=0x21
2026-10-03 04:54:46.840 [EVENT] sock=2536 hEvent=000009A4 events=0x0
2026-10-03 04:54:46.840 [EVENT] sock=2536 hEvent=000009A4 events=0x21
2026-10-03 04:54:56.910 [EVENT] sock=2536 hEvent=000009A4 events=0x0
2026-10-03 04:54:56.910 [EVENT] sock=2536 hEvent=000009A4 events=0x21
2026-10-03 04:55:06.962 [EVENT] sock=2536 hEvent=000009A4 events=0x0
2026-10-03 04:55:06.962 [EVENT] sock=2536 hEvent=000009A4 events=0x21
2026-10-03 04:55:09.217 [EVENT] sock=2732 hEvent=00000A90 events=0x0
2026-10-03 04:55:09.217 [EVENT] sock=2732 hEvent=00000A90 events=0x21
2026-10-03 04:55:17.027 [EVENT] sock=2536 hEvent=000009A4 events=0x0
2026-10-03 04:55:17.028 [EVENT] sock=2536 hEvent=000009A4 events=0x21
2026-10-03 04:55:27.113 [EVENT] sock=2536 hEvent=000009A4 events=0x0
2026-10-03 04:55:27.114 [EVENT] sock=2536 hEvent=000009A4 events=0x21
2026-10-03 04:55:37.174 [EVENT] sock=2536 hEvent=000009A4 events=0x0
2026-10-03 04:55:37.182 [EVENT] sock=2536 hEvent=000009A4 events=0x21
2026-10-03 04:55:39.219 [EVENT] sock=2732 hEvent=00000A90 events=0x0
2026-10-03 04:55:39.220 [EVENT] sock=2732 hEvent=00000A90 events=0x21
2026-10-03 04:55:47.242 [EVENT] sock=2536 hEvent=000009A4 events=0x0
2026-10-03 04:55:47.243 [EVENT] sock=2536 hEvent=000009A4 events=0x21
2026-10-03 04:55:57.326 [EVENT] sock=2536 hEvent=000009A4 events=0x0
2026-10-03 04:55:57.326 [EVENT] sock=2536 hEvent=000009A4 events=0x21
2026-10-03 04:56:07.375 [EVENT] sock=2536 hEvent=000009A4 events=0x0
2026-10-03 04:56:07.380 [EVENT] sock=2536 hEvent=000009A4 events=0x21
2026-10-03 04:56:09.221 [EVENT] sock=2732 hEvent=00000A90 events=0x0
2026-10-03 04:56:09.222 [EVENT] sock=2732 hEvent=00000A90 events=0x21
2026-10-03 04:56:17.442 [EVENT] sock=2536 hEvent=000009A4 events=0x0
2026-10-03 04:56:17.446 [EVENT] sock=2536 hEvent=000009A4 events=0x21
2026-10-03 04:56:27.527 [EVENT] sock=2536 hEvent=000009A4 events=0x0
2026-10-03 04:56:27.531 [EVENT] sock=2536 hEvent=000009A4 events=0x21
2026-10-03 04:56:37.595 [EVENT] sock=2536 hEvent=000009A4 events=0x0
2026-10-03 04:56:37.597 [EVENT] sock=2536 hEvent=000009A4 events=0x21
2026-10-03 04:56:39.223 [EVENT] sock=2732 hEvent=00000A90 events=0x0
2026-10-03 04:56:39.223 [EVENT] sock=2732 hEvent=00000A90 events=0x21
2026-10-03 04:56:47.660 [EVENT] sock=2536 hEvent=000009A4 events=0x0
2026-10-03 04:56:47.664 [EVENT] sock=2536 hEvent=000009A4 events=0x21
2026-10-03 04:56:57.726 [EVENT] sock=2536 hEvent=000009A4 events=0x0
2026-10-03 04:56:57.727 [EVENT] sock=2536 hEvent=000009A4 events=0x21
2026-10-03 04:57:07.796 [EVENT] sock=2536 hEvent=000009A4 events=0x0
2026-10-03 04:57:07.798 [EVENT] sock=2536 hEvent=000009A4 events=0x21
2026-10-03 04:57:09.224 [EVENT] sock=2732 hEvent=00000A90 events=0x0
2026-10-03 04:57:09.226 [EVENT] sock=2732 hEvent=00000A90 events=0x21
2026-10-03 04:57:17.847 [EVENT] sock=2536 hEvent=000009A4 events=0x0
2026-10-03 04:57:17.847 [EVENT] sock=2536 hEvent=000009A4 events=0x21
2026-10-03 04:57:27.930 [EVENT] sock=2536 hEvent=000009A4 events=0x0
2026-10-03 04:57:27.931 [EVENT] sock=2536 hEvent=000009A4 events=0x21
2026-10-03 04:57:37.980 [EVENT] sock=2536 hEvent=000009A4 events=0x0
2026-10-03 04:57:37.983 [EVENT] sock=2536 hEvent=000009A4 events=0x21
2026-10-03 04:57:39.227 [EVENT] sock=2732 hEvent=00000A90 events=0x0
2026-10-03 04:57:39.228 [EVENT] sock=2732 hEvent=00000A90 events=0x21
2026-10-03 04:57:48.047 [EVENT] sock=2536 hEvent=000009A4 events=0x0
2026-10-03 04:57:48.048 [EVENT] sock=2536 hEvent=000009A4 events=0x21
2026-10-03 04:57:58.148 [EVENT] sock=2536 hEvent=000009A4 events=0x0
2026-10-03 04:57:58.149 [EVENT] sock=2536 hEvent=000009A4 events=0x21
2026-10-03 04:58:08.197 [EVENT] sock=2536 hEvent=000009A4 events=0x0
2026-10-03 04:58:08.197 [EVENT] sock=2536 hEvent=000009A4 events=0x21
2026-10-03 04:58:09.230 [EVENT] sock=2732 hEvent=00000A90 events=0x0
2026-10-03 04:58:09.236 [EVENT] sock=2732 hEvent=00000A90 events=0x21
2026-10-03 04:58:18.246 [EVENT] sock=2536 hEvent=000009A4 events=0x0
2026-10-03 04:58:18.247 [EVENT] sock=2536 hEvent=000009A4 events=0x21
2026-10-03 04:58:28.348 [EVENT] sock=2536 hEvent=000009A4 events=0x0
2026-10-03 04:58:28.348 [EVENT] sock=2536 hEvent=000009A4 events=0x21
2026-10-03 04:58:38.398 [EVENT] sock=2536 hEvent=000009A4 events=0x0
2026-10-03 04:58:38.398 [EVENT] sock=2536 hEvent=000009A4 events=0x21
2026-10-03 04:58:39.240 [EVENT] sock=2732 hEvent=00000A90 events=0x0
2026-10-03 04:58:39.241 [EVENT] sock=2732 hEvent=00000A90 events=0x21
2026-10-03 04:58:48.449 [EVENT] sock=2536 hEvent=000009A4 events=0x0
2026-10-03 04:58:48.449 [EVENT] sock=2536 hEvent=000009A4 events=0x21
2026-10-03 04:58:58.551 [EVENT] sock=2536 hEvent=000009A4 events=0x0
2026-10-03 04:58:58.551 [EVENT] sock=2536 hEvent=000009A4 events=0x21
2026-10-03 04:59:08.604 [EVENT] sock=2536 hEvent=000009A4 events=0x0
2026-10-03 04:59:08.605 [EVENT] sock=2536 hEvent=000009A4 events=0x21
2026-10-03 04:59:09.242 [EVENT] sock=2732 hEvent=00000A90 events=0x0
2026-10-03 04:59:09.242 [EVENT] sock=2732 hEvent=00000A90 events=0x21
2026-10-03 04:59:18.670 [EVENT] sock=2536 hEvent=000009A4 events=0x0
2026-10-03 04:59:18.671 [EVENT] sock=2536 hEvent=000009A4 events=0x21
2026-10-03 04:59:28.755 [EVENT] sock=2536 hEvent=000009A4 events=0x0
2026-10-03 04:59:28.755 [EVENT] sock=2536 hEvent=000009A4 events=0x21
2026-10-03 04:59:38.806 [EVENT] sock=2536 hEvent=000009A4 events=0x0
2026-10-03 04:59:38.807 [EVENT] sock=2536 hEvent=000009A4 events=0x21
2026-10-03 04:59:39.243 [EVENT] sock=2732 hEvent=00000A90 events=0x0
2026-10-03 04:59:39.243 [EVENT] sock=2732 hEvent=00000A90 events=0x21
2026-10-03 04:59:48.870 [EVENT] sock=2536 hEvent=000009A4 events=0x0
2026-10-03 04:59:48.870 [EVENT] sock=2536 hEvent=000009A4 events=0x21
2026-10-03 04:59:58.954 [EVENT] sock=2536 hEvent=000009A4 events=0x0
2026-10-03 04:59:58.955 [EVENT] sock=2536 hEvent=000009A4 events=0x21
2026-10-03 05:00:09.021 [EVENT] sock=2536 hEvent=000009A4 events=0x0
2026-10-03 05:00:09.022 [EVENT] sock=2536 hEvent=000009A4 events=0x21
2026-10-03 05:00:09.245 [EVENT] sock=2732 hEvent=00000A90 events=0x0
2026-10-03 05:00:09.245 [EVENT] sock=2732 hEvent=00000A90 events=0x21
2026-10-03 05:00:19.088 [EVENT] sock=2536 hEvent=000009A4 events=0x0
2026-10-03 05:00:19.089 [EVENT] sock=2536 hEvent=000009A4 events=0x21
2026-10-03 05:00:29.155 [EVENT] sock=2536 hEvent=000009A4 events=0x0
2026-10-03 05:00:29.155 [EVENT] sock=2536 hEvent=000009A4 events=0x21
2026-10-03 05:00:39.221 [EVENT] sock=2536 hEvent=000009A4 events=0x0
2026-10-03 05:00:39.222 [EVENT] sock=2536 hEvent=000009A4 events=0x21
2026-10-03 05:00:39.247 [EVENT] sock=2732 hEvent=00000A90 events=0x0
2026-10-03 05:00:39.247 [EVENT] sock=2732 hEvent=00000A90 events=0x21
2026-10-03 05:00:49.271 [EVENT] sock=2536 hEvent=000009A4 events=0x0
2026-10-03 05:00:49.272 [EVENT] sock=2536 hEvent=000009A4 events=0x21
2026-10-03 05:00:59.405 [EVENT] sock=2536 hEvent=000009A4 events=0x0
2026-10-03 05:00:59.405 [EVENT] sock=2536 hEvent=000009A4 events=0x21
2026-10-03 05:01:09.249 [EVENT] sock=2732 hEvent=00000A90 events=0x0
2026-10-03 05:01:09.250 [EVENT] sock=2732 hEvent=00000A90 events=0x21
2026-10-03 05:01:09.454 [EVENT] sock=2536 hEvent=000009A4 events=0x0
2026-10-03 05:01:09.454 [EVENT] sock=2536 hEvent=000009A4 events=0x21
2026-10-03 05:01:19.503 [EVENT] sock=2536 hEvent=000009A4 events=0x0
2026-10-03 05:01:19.504 [EVENT] sock=2536 hEvent=000009A4 events=0x21
2026-10-03 05:01:29.756 [EVENT] sock=2536 hEvent=000009A4 events=0x0
2026-10-03 05:01:29.761 [EVENT] sock=2536 hEvent=000009A4 events=0x21
2026-10-03 05:01:39.251 [EVENT] sock=2732 hEvent=00000A90 events=0x0
2026-10-03 05:01:39.252 [EVENT] sock=2732 hEvent=00000A90 events=0x21
2026-10-03 05:01:39.823 [EVENT] sock=2536 hEvent=000009A4 events=0x0
2026-10-03 05:01:39.824 [EVENT] sock=2536 hEvent=000009A4 events=0x21
2026-10-03 05:01:49.888 [EVENT] sock=2536 hEvent=000009A4 events=0x0
2026-10-03 05:01:49.888 [EVENT] sock=2536 hEvent=000009A4 events=0x21
2026-10-03 05:01:59.955 [EVENT] sock=2536 hEvent=000009A4 events=0x0
2026-10-03 05:01:59.956 [EVENT] sock=2536 hEvent=000009A4 events=0x21
2026-10-03 05:02:09.254 [EVENT] sock=2732 hEvent=00000A90 events=0x0
2026-10-03 05:02:09.255 [EVENT] sock=2732 hEvent=00000A90 events=0x21
2026-10-03 05:02:10.008 [EVENT] sock=2536 hEvent=000009A4 events=0x0
2026-10-03 05:02:10.013 [EVENT] sock=2536 hEvent=000009A4 events=0x21
2026-10-03 05:02:20.076 [EVENT] sock=2536 hEvent=000009A4 events=0x0
2026-10-03 05:02:20.078 [EVENT] sock=2536 hEvent=000009A4 events=0x21
2026-10-03 05:02:30.225 [EVENT] sock=2536 hEvent=000009A4 events=0x0
2026-10-03 05:02:30.225 [EVENT] sock=2536 hEvent=000009A4 events=0x21
2026-10-03 05:02:39.257 [EVENT] sock=2732 hEvent=00000A90 events=0x0
2026-10-03 05:02:39.257 [EVENT] sock=2732 hEvent=00000A90 events=0x21
2026-10-03 05:02:40.291 [EVENT] sock=2536 hEvent=000009A4 events=0x0
2026-10-03 05:02:40.291 [EVENT] sock=2536 hEvent=000009A4 events=0x21
2026-10-03 05:02:50.342 [EVENT] sock=2536 hEvent=000009A4 events=0x0
2026-10-03 05:02:50.342 [EVENT] sock=2536 hEvent=000009A4 events=0x21
2026-10-03 05:03:00.426 [EVENT] sock=2536 hEvent=000009A4 events=0x0
2026-10-03 05:03:00.426 [EVENT] sock=2536 hEvent=000009A4 events=0x21
2026-10-03 05:03:09.259 [EVENT] sock=2732 hEvent=00000A90 events=0x0
2026-10-03 05:03:09.267 [EVENT] sock=2732 hEvent=00000A90 events=0x21
2026-10-03 05:03:10.491 [EVENT] sock=2536 hEvent=000009A4 events=0x0
2026-10-03 05:03:10.492 [EVENT] sock=2536 hEvent=000009A4 events=0x21
2026-10-03 05:03:20.542 [EVENT] sock=2536 hEvent=000009A4 events=0x0
2026-10-03 05:03:20.543 [EVENT] sock=2536 hEvent=000009A4 events=0x21
2026-10-03 05:03:30.677 [EVENT] sock=2536 hEvent=000009A4 events=0x0
2026-10-03 05:03:30.677 [EVENT] sock=2536 hEvent=000009A4 events=0x21
2026-10-03 05:03:39.270 [EVENT] sock=2732 hEvent=00000A90 events=0x0
2026-10-03 05:03:39.270 [EVENT] sock=2732 hEvent=00000A90 events=0x21
2026-10-03 05:03:40.733 [EVENT] sock=2536 hEvent=000009A4 events=0x0
2026-10-03 05:03:40.733 [EVENT] sock=2536 hEvent=000009A4 events=0x21
2026-10-03 05:03:50.795 [EVENT] sock=2536 hEvent=000009A4 events=0x0
2026-10-03 05:03:50.796 [EVENT] sock=2536 hEvent=000009A4 events=0x21
2026-10-03 05:04:00.879 [EVENT] sock=2536 hEvent=000009A4 events=0x0
2026-10-03 05:04:00.880 [EVENT] sock=2536 hEvent=000009A4 events=0x21
2026-10-03 05:04:09.272 [EVENT] sock=2732 hEvent=00000A90 events=0x0
2026-10-03 05:04:09.272 [EVENT] sock=2732 hEvent=00000A90 events=0x21
2026-10-03 05:04:10.932 [EVENT] sock=2536 hEvent=000009A4 events=0x0
2026-10-03 05:04:10.934 [EVENT] sock=2536 hEvent=000009A4 events=0x21
2026-10-03 05:04:20.996 [EVENT] sock=2536 hEvent=000009A4 events=0x0
2026-10-03 05:04:20.997 [EVENT] sock=2536 hEvent=000009A4 events=0x21
2026-10-03 05:04:31.147 [EVENT] sock=2536 hEvent=000009A4 events=0x0
2026-10-03 05:04:31.153 [EVENT] sock=2536 hEvent=000009A4 events=0x21
2026-10-03 05:04:39.274 [EVENT] sock=2732 hEvent=00000A90 events=0x0
2026-10-03 05:04:39.274 [EVENT] sock=2732 hEvent=00000A90 events=0x21
2026-10-03 05:04:41.213 [EVENT] sock=2536 hEvent=000009A4 events=0x0
2026-10-03 05:04:41.213 [EVENT] sock=2536 hEvent=000009A4 events=0x21
2026-10-03 05:04:51.264 [EVENT] sock=2536 hEvent=000009A4 events=0x0
2026-10-03 05:04:51.268 [EVENT] sock=2536 hEvent=000009A4 events=0x21
2026-10-03 05:05:01.345 [EVENT] sock=2536 hEvent=000009A4 events=0x0
2026-10-03 05:05:01.347 [EVENT] sock=2536 hEvent=000009A4 events=0x21
2026-10-03 05:05:09.276 [EVENT] sock=2732 hEvent=00000A90 events=0x0
2026-10-03 05:05:09.277 [EVENT] sock=2732 hEvent=00000A90 events=0x21
2026-10-03 05:05:11.396 [EVENT] sock=2536 hEvent=000009A4 events=0x0
2026-10-03 05:05:11.397 [EVENT] sock=2536 hEvent=000009A4 events=0x21
2026-10-03 05:05:21.451 [EVENT] sock=2536 hEvent=000009A4 events=0x0
2026-10-03 05:05:21.451 [EVENT] sock=2536 hEvent=000009A4 events=0x21
2026-10-03 05:05:31.534 [EVENT] sock=2536 hEvent=000009A4 events=0x0
2026-10-03 05:05:31.534 [EVENT] sock=2536 hEvent=000009A4 events=0x21
2026-10-03 05:05:39.278 [EVENT] sock=2732 hEvent=00000A90 events=0x0
2026-10-03 05:05:39.279 [EVENT] sock=2732 hEvent=00000A90 events=0x21
2026-10-03 05:05:41.583 [EVENT] sock=2536 hEvent=000009A4 events=0x0
2026-10-03 05:05:41.584 [EVENT] sock=2536 hEvent=000009A4 events=0x21
2026-10-03 05:05:51.636 [EVENT] sock=2536 hEvent=000009A4 events=0x0
2026-10-03 05:05:51.638 [EVENT] sock=2536 hEvent=000009A4 events=0x21
2026-10-03 05:06:01.738 [EVENT] sock=2536 hEvent=000009A4 events=0x0
2026-10-03 05:06:01.742 [EVENT] sock=2536 hEvent=000009A4 events=0x21
2026-10-03 05:06:09.280 [EVENT] sock=2732 hEvent=00000A90 events=0x0
2026-10-03 05:06:09.280 [EVENT] sock=2732 hEvent=00000A90 events=0x21
2026-10-03 05:06:11.800 [EVENT] sock=2536 hEvent=000009A4 events=0x0
2026-10-03 05:06:11.804 [EVENT] sock=2536 hEvent=000009A4 events=0x21
2026-10-03 05:06:21.868 [EVENT] sock=2536 hEvent=000009A4 events=0x0
2026-10-03 05:06:21.869 [EVENT] sock=2536 hEvent=000009A4 events=0x21
2026-10-03 05:06:31.984 [EVENT] sock=2536 hEvent=000009A4 events=0x0
2026-10-03 05:06:31.985 [EVENT] sock=2536 hEvent=000009A4 events=0x21
2026-10-03 05:06:39.282 [EVENT] sock=2732 hEvent=00000A90 events=0x0
2026-10-03 05:06:39.283 [EVENT] sock=2732 hEvent=00000A90 events=0x21
2026-10-03 05:06:42.038 [EVENT] sock=2536 hEvent=000009A4 events=0x0
2026-10-03 05:06:42.038 [EVENT] sock=2536 hEvent=000009A4 events=0x21
2026-10-03 05:06:52.085 [EVENT] sock=2536 hEvent=000009A4 events=0x0
2026-10-03 05:06:52.090 [EVENT] sock=2536 hEvent=000009A4 events=0x21
2026-10-03 05:07:02.306 [EVENT] sock=2536 hEvent=000009A4 events=0x0
2026-10-03 05:07:02.307 [EVENT] sock=2536 hEvent=000009A4 events=0x21
2026-10-03 05:07:09.284 [EVENT] sock=2732 hEvent=00000A90 events=0x0
2026-10-03 05:07:09.285 [EVENT] sock=2732 hEvent=00000A90 events=0x21
2026-10-03 05:07:12.369 [EVENT] sock=2536 hEvent=000009A4 events=0x0
2026-10-03 05:07:12.369 [EVENT] sock=2536 hEvent=000009A4 events=0x21
2026-10-03 05:07:22.419 [EVENT] sock=2536 hEvent=000009A4 events=0x0
2026-10-03 05:07:22.420 [EVENT] sock=2536 hEvent=000009A4 events=0x21
2026-10-03 05:07:32.493 [EVENT] sock=2536 hEvent=000009A4 events=0x0
2026-10-03 05:07:32.493 [EVENT] sock=2536 hEvent=000009A4 events=0x21
2026-10-03 05:07:39.287 [EVENT] sock=2732 hEvent=00000A90 events=0x0
2026-10-03 05:07:39.288 [EVENT] sock=2732 hEvent=00000A90 events=0x21
2026-10-03 05:07:42.556 [EVENT] sock=2536 hEvent=000009A4 events=0x0
2026-10-03 05:07:42.560 [EVENT] sock=2536 hEvent=000009A4 events=0x21
2026-10-03 05:07:52.624 [EVENT] sock=2536 hEvent=000009A4 events=0x0
2026-10-03 05:07:52.626 [EVENT] sock=2536 hEvent=000009A4 events=0x21
2026-10-03 05:08:02.706 [EVENT] sock=2536 hEvent=000009A4 events=0x0
2026-10-03 05:08:02.710 [EVENT] sock=2536 hEvent=000009A4 events=0x21
2026-10-03 05:08:09.289 [EVENT] sock=2732 hEvent=00000A90 events=0x0
2026-10-03 05:08:09.289 [EVENT] sock=2732 hEvent=00000A90 events=0x21
2026-10-03 05:08:12.774 [EVENT] sock=2536 hEvent=000009A4 events=0x0
2026-10-03 05:08:12.778 [EVENT] sock=2536 hEvent=000009A4 events=0x21
2026-10-03 05:08:22.840 [EVENT] sock=2536 hEvent=000009A4 events=0x0
2026-10-03 05:08:22.840 [EVENT] sock=2536 hEvent=000009A4 events=0x21
2026-10-03 05:08:33.008 [EVENT] sock=2536 hEvent=000009A4 events=0x0
2026-10-03 05:08:33.009 [EVENT] sock=2536 hEvent=000009A4 events=0x21
2026-10-03 05:08:35.420 [SYS] 神圣而伟大的#FF8CF8#朝简#FFF692#上线了，大家快来膜拜哟！！！
2026-10-03 05:08:39.291 [EVENT] sock=2732 hEvent=00000A90 events=0x0
2026-10-03 05:08:39.292 [EVENT] sock=2732 hEvent=00000A90 events=0x21
2026-10-03 05:08:43.070 [EVENT] sock=2536 hEvent=000009A4 events=0x0
2026-10-03 05:08:43.070 [EVENT] sock=2536 hEvent=000009A4 events=0x21
2026-10-03 05:08:53.121 [EVENT] sock=2536 hEvent=000009A4 events=0x0
2026-10-03 05:08:53.122 [EVENT] sock=2536 hEvent=000009A4 events=0x21
2026-10-03 05:09:03.256 [EVENT] sock=2536 hEvent=000009A4 events=0x0
2026-10-03 05:09:03.261 [EVENT] sock=2536 hEvent=000009A4 events=0x21
2026-10-03 05:09:09.295 [EVENT] sock=2732 hEvent=00000A90 events=0x0
2026-10-03 05:09:09.295 [EVENT] sock=2732 hEvent=00000A90 events=0x21
2026-10-03 05:09:13.308 [EVENT] sock=2536 hEvent=000009A4 events=0x0
2026-10-03 05:09:13.312 [EVENT] sock=2536 hEvent=000009A4 events=0x21
2026-10-03 05:09:23.374 [EVENT] sock=2536 hEvent=000009A4 events=0x0
2026-10-03 05:09:23.377 [EVENT] sock=2536 hEvent=000009A4 events=0x21
2026-10-03 05:09:33.462 [EVENT] sock=2536 hEvent=000009A4 events=0x0
2026-10-03 05:09:33.462 [EVENT] sock=2536 hEvent=000009A4 events=0x21
2026-10-03 05:09:39.297 [EVENT] sock=2732 hEvent=00000A90 events=0x0
2026-10-03 05:09:39.299 [EVENT] sock=2732 hEvent=00000A90 events=0x21
2026-10-03 05:09:43.525 [EVENT] sock=2536 hEvent=000009A4 events=0x0
2026-10-03 05:09:43.525 [EVENT] sock=2536 hEvent=000009A4 events=0x21
2026-10-03 05:09:53.578 [EVENT] sock=2536 hEvent=000009A4 events=0x0
2026-10-03 05:09:53.579 [EVENT] sock=2536 hEvent=000009A4 events=0x21
2026-10-03 05:10:03.710 [EVENT] sock=2536 hEvent=000009A4 events=0x0
2026-10-03 05:10:03.711 [EVENT] sock=2536 hEvent=000009A4 events=0x21
2026-10-03 05:10:09.300 [EVENT] sock=2732 hEvent=00000A90 events=0x0
2026-10-03 05:10:09.301 [EVENT] sock=2732 hEvent=00000A90 events=0x21
2026-10-03 05:10:13.778 [EVENT] sock=2536 hEvent=000009A4 events=0x0
2026-10-03 05:10:13.778 [EVENT] sock=2536 hEvent=000009A4 events=0x21
2026-10-03 05:10:23.845 [EVENT] sock=2536 hEvent=000009A4 events=0x0
2026-10-03 05:10:23.847 [EVENT] sock=2536 hEvent=000009A4 events=0x21
2026-10-03 05:10:33.924 [EVENT] sock=2536 hEvent=000009A4 events=0x0
2026-10-03 05:10:33.925 [EVENT] sock=2536 hEvent=000009A4 events=0x21
2026-10-03 05:10:39.302 [EVENT] sock=2732 hEvent=00000A90 events=0x0
2026-10-03 05:10:39.302 [EVENT] sock=2732 hEvent=00000A90 events=0x21
2026-10-03 05:10:43.978 [EVENT] sock=2536 hEvent=000009A4 events=0x0
2026-10-03 05:10:43.980 [EVENT] sock=2536 hEvent=000009A4 events=0x21
2026-10-03 05:10:54.042 [EVENT] sock=2536 hEvent=000009A4 events=0x0
2026-10-03 05:10:54.045 [EVENT] sock=2536 hEvent=000009A4 events=0x21
2026-10-03 05:11:04.125 [EVENT] sock=2536 hEvent=000009A4 events=0x0
2026-10-03 05:11:04.126 [EVENT] sock=2536 hEvent=000009A4 events=0x21
2026-10-03 05:11:09.304 [EVENT] sock=2732 hEvent=00000A90 events=0x0
2026-10-03 05:11:09.304 [EVENT] sock=2732 hEvent=00000A90 events=0x21
2026-10-03 05:11:14.176 [EVENT] sock=2536 hEvent=000009A4 events=0x0
2026-10-03 05:11:14.176 [EVENT] sock=2536 hEvent=000009A4 events=0x21
2026-10-03 05:11:24.227 [EVENT] sock=2536 hEvent=000009A4 events=0x0
2026-10-03 05:11:24.228 [EVENT] sock=2536 hEvent=000009A4 events=0x21
2026-10-03 05:11:34.327 [EVENT] sock=2536 hEvent=000009A4 events=0x0
2026-10-03 05:11:34.328 [EVENT] sock=2536 hEvent=000009A4 events=0x21
2026-10-03 05:11:39.306 [EVENT] sock=2732 hEvent=00000A90 events=0x0
2026-10-03 05:11:39.306 [EVENT] sock=2732 hEvent=00000A90 events=0x21
2026-10-03 05:11:44.382 [EVENT] sock=2536 hEvent=000009A4 events=0x0
2026-10-03 05:11:44.383 [EVENT] sock=2536 hEvent=000009A4 events=0x21
2026-10-03 05:11:54.449 [EVENT] sock=2536 hEvent=000009A4 events=0x0
2026-10-03 05:11:54.449 [EVENT] sock=2536 hEvent=000009A4 events=0x21
2026-10-03 05:12:04.633 [EVENT] sock=2536 hEvent=000009A4 events=0x0
2026-10-03 05:12:04.633 [EVENT] sock=2536 hEvent=000009A4 events=0x21
2026-10-03 05:12:09.307 [EVENT] sock=2732 hEvent=00000A90 events=0x0
2026-10-03 05:12:09.307 [EVENT] sock=2732 hEvent=00000A90 events=0x21
2026-10-03 05:12:14.699 [EVENT] sock=2536 hEvent=000009A4 events=0x0
2026-10-03 05:12:14.701 [EVENT] sock=2536 hEvent=000009A4 events=0x21
2026-10-03 05:12:24.764 [EVENT] sock=2536 hEvent=000009A4 events=0x0
2026-10-03 05:12:24.764 [EVENT] sock=2536 hEvent=000009A4 events=0x21
2026-10-03 05:12:34.675 [SYS] #FFF692#恭喜#FF8CF8#臭妮#FFF692#在#00C8F8#摸金盲盒#FFF692#中获得了#64FF7D#腐化铠甲
2026-10-03 05:12:35.683 [EVENT] sock=2536 hEvent=000009A4 events=0x0
2026-10-03 05:12:35.684 [EVENT] sock=2536 hEvent=000009A4 events=0x21
2026-10-03 05:12:39.309 [EVENT] sock=2732 hEvent=00000A90 events=0x0
2026-10-03 05:12:39.309 [EVENT] sock=2732 hEvent=00000A90 events=0x21
2026-10-03 05:12:45.734 [EVENT] sock=2536 hEvent=000009A4 events=0x0
2026-10-03 05:12:45.735 [EVENT] sock=2536 hEvent=000009A4 events=0x21
2026-10-03 05:12:55.800 [EVENT] sock=2536 hEvent=000009A4 events=0x0
2026-10-03 05:12:55.800 [EVENT] sock=2536 hEvent=000009A4 events=0x21
2026-10-03 05:13:05.853 [EVENT] sock=2536 hEvent=000009A4 events=0x0
2026-10-03 05:13:05.853 [EVENT] sock=2536 hEvent=000009A4 events=0x21
2026-10-03 05:13:09.312 [EVENT] sock=2732 hEvent=00000A90 events=0x0
2026-10-03 05:13:09.312 [EVENT] sock=2732 hEvent=00000A90 events=0x21
2026-10-03 05:13:15.919 [EVENT] sock=2536 hEvent=000009A4 events=0x0
2026-10-03 05:13:15.920 [EVENT] sock=2536 hEvent=000009A4 events=0x21
2026-10-03 05:13:25.983 [EVENT] sock=2536 hEvent=000009A4 events=0x0
2026-10-03 05:13:25.986 [EVENT] sock=2536 hEvent=000009A4 events=0x21
2026-10-03 05:13:36.048 [EVENT] sock=2536 hEvent=000009A4 events=0x0
2026-10-03 05:13:36.051 [EVENT] sock=2536 hEvent=000009A4 events=0x21
2026-10-03 05:13:39.315 [EVENT] sock=2732 hEvent=00000A90 events=0x0
2026-10-03 05:13:39.315 [EVENT] sock=2732 hEvent=00000A90 events=0x21
2026-10-03 05:13:46.104 [EVENT] sock=2536 hEvent=000009A4 events=0x0
2026-10-03 05:13:46.105 [EVENT] sock=2536 hEvent=000009A4 events=0x21
2026-10-03 05:13:56.171 [EVENT] sock=2536 hEvent=000009A4 events=0x0
2026-10-03 05:13:56.173 [EVENT] sock=2536 hEvent=000009A4 events=0x21
2026-10-03 05:14:06.238 [EVENT] sock=2536 hEvent=000009A4 events=0x0
2026-10-03 05:14:06.238 [EVENT] sock=2536 hEvent=000009A4 events=0x21
2026-10-03 05:14:09.321 [EVENT] sock=2732 hEvent=00000A90 events=0x0
2026-10-03 05:14:09.323 [EVENT] sock=2732 hEvent=00000A90 events=0x21
2026-10-03 05:14:16.307 [EVENT] sock=2536 hEvent=000009A4 events=0x0
2026-10-03 05:14:16.307 [EVENT] sock=2536 hEvent=000009A4 events=0x21
2026-10-03 05:14:26.374 [EVENT] sock=2536 hEvent=000009A4 events=0x0
2026-10-03 05:14:26.374 [EVENT] sock=2536 hEvent=000009A4 events=0x21
2026-10-03 05:14:36.439 [EVENT] sock=2536 hEvent=000009A4 events=0x0
2026-10-03 05:14:36.440 [EVENT] sock=2536 hEvent=000009A4 events=0x21
2026-10-03 05:14:39.324 [EVENT] sock=2732 hEvent=00000A90 events=0x0
2026-10-03 05:14:39.324 [EVENT] sock=2732 hEvent=00000A90 events=0x21
2026-10-03 05:14:46.503 [EVENT] sock=2536 hEvent=000009A4 events=0x0
2026-10-03 05:14:46.507 [EVENT] sock=2536 hEvent=000009A4 events=0x21
2026-10-03 05:14:56.570 [EVENT] sock=2536 hEvent=000009A4 events=0x0
2026-10-03 05:14:56.570 [EVENT] sock=2536 hEvent=000009A4 events=0x21
2026-10-03 05:15:06.623 [EVENT] sock=2536 hEvent=000009A4 events=0x0
2026-10-03 05:15:06.624 [EVENT] sock=2536 hEvent=000009A4 events=0x21
2026-10-03 05:15:09.324 [EVENT] sock=2732 hEvent=00000A90 events=0x0
2026-10-03 05:15:09.326 [EVENT] sock=2732 hEvent=00000A90 events=0x21
2026-10-03 05:15:16.688 [EVENT] sock=2536 hEvent=000009A4 events=0x0
2026-10-03 05:15:16.691 [EVENT] sock=2536 hEvent=000009A4 events=0x21
2026-10-03 05:15:26.753 [EVENT] sock=2536 hEvent=000009A4 events=0x0
2026-10-03 05:15:26.754 [EVENT] sock=2536 hEvent=000009A4 events=0x21
2026-10-03 05:15:36.803 [EVENT] sock=2536 hEvent=000009A4 events=0x0
2026-10-03 05:15:36.805 [EVENT] sock=2536 hEvent=000009A4 events=0x21
2026-10-03 05:15:39.328 [EVENT] sock=2732 hEvent=00000A90 events=0x0
2026-10-03 05:15:39.329 [EVENT] sock=2732 hEvent=00000A90 events=0x21
2026-10-03 05:15:46.853 [EVENT] sock=2536 hEvent=000009A4 events=0x0
2026-10-03 05:15:46.854 [EVENT] sock=2536 hEvent=000009A4 events=0x21
2026-10-03 05:15:56.904 [EVENT] sock=2536 hEvent=000009A4 events=0x0
2026-10-03 05:15:56.905 [EVENT] sock=2536 hEvent=000009A4 events=0x21
2026-10-03 05:16:06.954 [EVENT] sock=2536 hEvent=000009A4 events=0x0
2026-10-03 05:16:06.954 [EVENT] sock=2536 hEvent=000009A4 events=0x21
2026-10-03 05:16:09.330 [EVENT] sock=2732 hEvent=00000A90 events=0x0
2026-10-03 05:16:09.330 [EVENT] sock=2732 hEvent=00000A90 events=0x21
2026-10-03 05:16:17.005 [EVENT] sock=2536 hEvent=000009A4 events=0x0
2026-10-03 05:16:17.007 [EVENT] sock=2536 hEvent=000009A4 events=0x21
2026-10-03 05:16:27.077 [EVENT] sock=2536 hEvent=000009A4 events=0x0
2026-10-03 05:16:27.078 [EVENT] sock=2536 hEvent=000009A4 events=0x21
2026-10-03 05:16:37.145 [EVENT] sock=2536 hEvent=000009A4 events=0x0
2026-10-03 05:16:37.145 [EVENT] sock=2536 hEvent=000009A4 events=0x21
2026-10-03 05:16:39.331 [EVENT] sock=2732 hEvent=00000A90 events=0x0
2026-10-03 05:16:39.332 [EVENT] sock=2732 hEvent=00000A90 events=0x21
2026-10-03 05:16:47.207 [EVENT] sock=2536 hEvent=000009A4 events=0x0
2026-10-03 05:16:47.208 [EVENT] sock=2536 hEvent=000009A4 events=0x21
2026-10-03 05:16:57.278 [EVENT] sock=2536 hEvent=000009A4 events=0x0
2026-10-03 05:16:57.278 [EVENT] sock=2536 hEvent=000009A4 events=0x21
2026-10-03 05:17:07.341 [EVENT] sock=2536 hEvent=000009A4 events=0x0
2026-10-03 05:17:07.342 [EVENT] sock=2536 hEvent=000009A4 events=0x21
2026-10-03 05:17:09.333 [EVENT] sock=2732 hEvent=00000A90 events=0x0
2026-10-03 05:17:09.333 [EVENT] sock=2732 hEvent=00000A90 events=0x21
2026-10-03 05:17:17.396 [EVENT] sock=2536 hEvent=000009A4 events=0x0
2026-10-03 05:17:17.398 [EVENT] sock=2536 hEvent=000009A4 events=0x21
2026-10-03 05:17:27.461 [EVENT] sock=2536 hEvent=000009A4 events=0x0
2026-10-03 05:17:27.462 [EVENT] sock=2536 hEvent=000009A4 events=0x21
2026-10-03 05:17:37.543 [EVENT] sock=2536 hEvent=000009A4 events=0x0
2026-10-03 05:17:37.545 [EVENT] sock=2536 hEvent=000009A4 events=0x21
2026-10-03 05:17:39.334 [EVENT] sock=2732 hEvent=00000A90 events=0x0
2026-10-03 05:17:39.334 [EVENT] sock=2732 hEvent=00000A90 events=0x21
2026-10-03 05:17:47.607 [EVENT] sock=2536 hEvent=000009A4 events=0x0
2026-10-03 05:17:47.610 [EVENT] sock=2536 hEvent=000009A4 events=0x21
2026-10-03 05:17:57.675 [EVENT] sock=2536 hEvent=000009A4 events=0x0
2026-10-03 05:17:57.675 [EVENT] sock=2536 hEvent=000009A4 events=0x21
2026-10-03 05:18:07.758 [EVENT] sock=2536 hEvent=000009A4 events=0x0
2026-10-03 05:18:07.759 [EVENT] sock=2536 hEvent=000009A4 events=0x21
2026-10-03 05:18:09.335 [EVENT] sock=2732 hEvent=00000A90 events=0x0
2026-10-03 05:18:09.335 [EVENT] sock=2732 hEvent=00000A90 events=0x21
2026-10-03 05:18:17.812 [EVENT] sock=2536 hEvent=000009A4 events=0x0
2026-10-03 05:18:17.814 [EVENT] sock=2536 hEvent=000009A4 events=0x21
2026-10-03 05:18:27.878 [EVENT] sock=2536 hEvent=000009A4 events=0x0
2026-10-03 05:18:27.882 [EVENT] sock=2536 hEvent=000009A4 events=0x21
2026-10-03 05:18:37.962 [EVENT] sock=2536 hEvent=000009A4 events=0x0
2026-10-03 05:18:37.966 [EVENT] sock=2536 hEvent=000009A4 events=0x21
2026-10-03 05:18:39.336 [EVENT] sock=2732 hEvent=00000A90 events=0x0
2026-10-03 05:18:39.338 [EVENT] sock=2732 hEvent=00000A90 events=0x21
2026-10-03 05:18:48.028 [EVENT] sock=2536 hEvent=000009A4 events=0x0
2026-10-03 05:18:48.029 [EVENT] sock=2536 hEvent=000009A4 events=0x21
2026-10-03 05:18:58.079 [EVENT] sock=2536 hEvent=000009A4 events=0x0
2026-10-03 05:18:58.080 [EVENT] sock=2536 hEvent=000009A4 events=0x21
2026-10-03 05:19:08.161 [EVENT] sock=2536 hEvent=000009A4 events=0x0
2026-10-03 05:19:08.162 [EVENT] sock=2536 hEvent=000009A4 events=0x21
2026-10-03 05:19:09.339 [EVENT] sock=2732 hEvent=00000A90 events=0x0
2026-10-03 05:19:09.339 [EVENT] sock=2732 hEvent=00000A90 events=0x21
2026-10-03 05:19:18.212 [EVENT] sock=2536 hEvent=000009A4 events=0x0
2026-10-03 05:19:18.213 [EVENT] sock=2536 hEvent=000009A4 events=0x21
2026-10-03 05:19:28.263 [EVENT] sock=2536 hEvent=000009A4 events=0x0
2026-10-03 05:19:28.266 [EVENT] sock=2536 hEvent=000009A4 events=0x21
2026-10-03 05:19:38.412 [EVENT] sock=2536 hEvent=000009A4 events=0x0
2026-10-03 05:19:38.416 [EVENT] sock=2536 hEvent=000009A4 events=0x21
2026-10-03 05:19:39.340 [EVENT] sock=2732 hEvent=00000A90 events=0x0
2026-10-03 05:19:39.340 [EVENT] sock=2732 hEvent=00000A90 events=0x21
2026-10-03 05:19:48.479 [EVENT] sock=2536 hEvent=000009A4 events=0x0
2026-10-03 05:19:48.484 [EVENT] sock=2536 hEvent=000009A4 events=0x21
2026-10-03 05:19:58.548 [EVENT] sock=2536 hEvent=000009A4 events=0x0
2026-10-03 05:19:58.550 [EVENT] sock=2536 hEvent=000009A4 events=0x21
2026-10-03 05:20:08.663 [EVENT] sock=2536 hEvent=000009A4 events=0x0
2026-10-03 05:20:08.666 [EVENT] sock=2536 hEvent=000009A4 events=0x21
2026-10-03 05:20:09.342 [EVENT] sock=2732 hEvent=00000A90 events=0x0
2026-10-03 05:20:09.342 [EVENT] sock=2732 hEvent=00000A90 events=0x21
2026-10-03 05:20:18.712 [EVENT] sock=2536 hEvent=000009A4 events=0x0
2026-10-03 05:20:18.717 [EVENT] sock=2536 hEvent=000009A4 events=0x21
2026-10-03 05:20:28.780 [EVENT] sock=2536 hEvent=000009A4 events=0x0
2026-10-03 05:20:28.781 [EVENT] sock=2536 hEvent=000009A4 events=0x21
2026-10-03 05:20:38.866 [EVENT] sock=2536 hEvent=000009A4 events=0x0
2026-10-03 05:20:38.868 [EVENT] sock=2536 hEvent=000009A4 events=0x21
2026-10-03 05:20:39.344 [EVENT] sock=2732 hEvent=00000A90 events=0x0
2026-10-03 05:20:39.345 [EVENT] sock=2732 hEvent=00000A90 events=0x21
2026-10-03 05:20:48.930 [EVENT] sock=2536 hEvent=000009A4 events=0x0
2026-10-03 05:20:48.935 [EVENT] sock=2536 hEvent=000009A4 events=0x21
2026-10-03 05:20:58.999 [EVENT] sock=2536 hEvent=000009A4 events=0x0
2026-10-03 05:20:59.001 [EVENT] sock=2536 hEvent=000009A4 events=0x21
2026-10-03 05:21:09.080 [EVENT] sock=2536 hEvent=000009A4 events=0x0
2026-10-03 05:21:09.084 [EVENT] sock=2536 hEvent=000009A4 events=0x21
2026-10-03 05:21:09.346 [EVENT] sock=2732 hEvent=00000A90 events=0x0
2026-10-03 05:21:09.349 [EVENT] sock=2732 hEvent=00000A90 events=0x21
2026-10-03 05:21:19.153 [EVENT] sock=2536 hEvent=000009A4 events=0x0
2026-10-03 05:21:19.153 [EVENT] sock=2536 hEvent=000009A4 events=0x21
2026-10-03 05:21:29.216 [EVENT] sock=2536 hEvent=000009A4 events=0x0
2026-10-03 05:21:29.216 [EVENT] sock=2536 hEvent=000009A4 events=0x21
2026-10-03 05:21:39.282 [EVENT] sock=2536 hEvent=000009A4 events=0x0
2026-10-03 05:21:39.282 [EVENT] sock=2536 hEvent=000009A4 events=0x21
2026-10-03 05:21:39.353 [EVENT] sock=2732 hEvent=00000A90 events=0x0
2026-10-03 05:21:39.355 [EVENT] sock=2732 hEvent=00000A90 events=0x21
2026-10-03 05:21:49.331 [EVENT] sock=2536 hEvent=000009A4 events=0x0
2026-10-03 05:21:49.332 [EVENT] sock=2536 hEvent=000009A4 events=0x21
2026-10-03 05:21:59.384 [EVENT] sock=2536 hEvent=000009A4 events=0x0
2026-10-03 05:21:59.386 [EVENT] sock=2536 hEvent=000009A4 events=0x21
2026-10-03 05:22:09.355 [EVENT] sock=2732 hEvent=00000A90 events=0x0
2026-10-03 05:22:09.355 [EVENT] sock=2732 hEvent=00000A90 events=0x21
2026-10-03 05:22:09.534 [EVENT] sock=2536 hEvent=000009A4 events=0x0
2026-10-03 05:22:09.537 [EVENT] sock=2536 hEvent=000009A4 events=0x21
2026-10-03 05:22:19.585 [EVENT] sock=2536 hEvent=000009A4 events=0x0
2026-10-03 05:22:19.585 [EVENT] sock=2536 hEvent=000009A4 events=0x21
2026-10-03 05:22:29.657 [EVENT] sock=2536 hEvent=000009A4 events=0x0
2026-10-03 05:22:29.658 [EVENT] sock=2536 hEvent=000009A4 events=0x21
2026-10-03 05:22:39.358 [EVENT] sock=2732 hEvent=00000A90 events=0x0
2026-10-03 05:22:39.360 [EVENT] sock=2732 hEvent=00000A90 events=0x21
2026-10-03 05:22:39.735 [EVENT] sock=2536 hEvent=000009A4 events=0x0
2026-10-03 05:22:39.737 [EVENT] sock=2536 hEvent=000009A4 events=0x21
2026-10-03 05:22:49.785 [EVENT] sock=2536 hEvent=000009A4 events=0x0
2026-10-03 05:22:49.788 [EVENT] sock=2536 hEvent=000009A4 events=0x21
2026-10-03 05:22:59.835 [EVENT] sock=2536 hEvent=000009A4 events=0x0
2026-10-03 05:22:59.837 [EVENT] sock=2536 hEvent=000009A4 events=0x21
2026-10-03 05:23:09.361 [EVENT] sock=2732 hEvent=00000A90 events=0x0
2026-10-03 05:23:09.361 [EVENT] sock=2732 hEvent=00000A90 events=0x21
2026-10-03 05:23:09.938 [EVENT] sock=2536 hEvent=000009A4 events=0x0
2026-10-03 05:23:09.941 [EVENT] sock=2536 hEvent=000009A4 events=0x21
2026-10-03 05:23:20.002 [EVENT] sock=2536 hEvent=000009A4 events=0x0
2026-10-03 05:23:20.002 [EVENT] sock=2536 hEvent=000009A4 events=0x21
2026-10-03 05:23:30.054 [EVENT] sock=2536 hEvent=000009A4 events=0x0
2026-10-03 05:23:30.055 [EVENT] sock=2536 hEvent=000009A4 events=0x21
2026-10-03 05:23:39.362 [EVENT] sock=2732 hEvent=00000A90 events=0x0
2026-10-03 05:23:39.362 [EVENT] sock=2732 hEvent=00000A90 events=0x21
2026-10-03 05:23:40.202 [EVENT] sock=2536 hEvent=000009A4 events=0x0
2026-10-03 05:23:40.203 [EVENT] sock=2536 hEvent=000009A4 events=0x21
2026-10-03 05:23:50.269 [EVENT] sock=2536 hEvent=000009A4 events=0x0
2026-10-03 05:23:50.270 [EVENT] sock=2536 hEvent=000009A4 events=0x21
2026-10-03 05:24:00.322 [EVENT] sock=2536 hEvent=000009A4 events=0x0
2026-10-03 05:24:00.322 [EVENT] sock=2536 hEvent=000009A4 events=0x21
2026-10-03 05:24:09.362 [EVENT] sock=2732 hEvent=00000A90 events=0x0
2026-10-03 05:24:09.362 [EVENT] sock=2732 hEvent=00000A90 events=0x21
2026-10-03 05:24:10.455 [EVENT] sock=2536 hEvent=000009A4 events=0x0
2026-10-03 05:24:10.457 [EVENT] sock=2536 hEvent=000009A4 events=0x21
2026-10-03 05:24:20.519 [EVENT] sock=2536 hEvent=000009A4 events=0x0
2026-10-03 05:24:20.522 [EVENT] sock=2536 hEvent=000009A4 events=0x21
2026-10-03 05:24:30.573 [EVENT] sock=2536 hEvent=000009A4 events=0x0
2026-10-03 05:24:30.574 [EVENT] sock=2536 hEvent=000009A4 events=0x21
2026-10-03 05:24:39.364 [EVENT] sock=2732 hEvent=00000A90 events=0x0
2026-10-03 05:24:39.365 [EVENT] sock=2732 hEvent=00000A90 events=0x21
2026-10-03 05:24:40.705 [EVENT] sock=2536 hEvent=000009A4 events=0x0
2026-10-03 05:24:40.707 [EVENT] sock=2536 hEvent=000009A4 events=0x21
2026-10-03 05:24:50.772 [EVENT] sock=2536 hEvent=000009A4 events=0x0
2026-10-03 05:24:50.777 [EVENT] sock=2536 hEvent=000009A4 events=0x21
2026-10-03 05:25:00.839 [EVENT] sock=2536 hEvent=000009A4 events=0x0
2026-10-03 05:25:00.843 [EVENT] sock=2536 hEvent=000009A4 events=0x21
2026-10-03 05:25:09.367 [EVENT] sock=2732 hEvent=00000A90 events=0x0
2026-10-03 05:25:09.367 [EVENT] sock=2732 hEvent=00000A90 events=0x21
2026-10-03 05:25:10.906 [EVENT] sock=2536 hEvent=000009A4 events=0x0
2026-10-03 05:25:10.906 [EVENT] sock=2536 hEvent=000009A4 events=0x21
2026-10-03 05:25:20.960 [EVENT] sock=2536 hEvent=000009A4 events=0x0
2026-10-03 05:25:20.963 [EVENT] sock=2536 hEvent=000009A4 events=0x21
2026-10-03 05:25:31.023 [EVENT] sock=2536 hEvent=000009A4 events=0x0
2026-10-03 05:25:31.024 [EVENT] sock=2536 hEvent=000009A4 events=0x21
2026-10-03 05:25:39.367 [EVENT] sock=2732 hEvent=00000A90 events=0x0
2026-10-03 05:25:39.367 [EVENT] sock=2732 hEvent=00000A90 events=0x21
2026-10-03 05:25:41.158 [EVENT] sock=2536 hEvent=000009A4 events=0x0
2026-10-03 05:25:41.158 [EVENT] sock=2536 hEvent=000009A4 events=0x21
2026-10-03 05:25:51.208 [EVENT] sock=2536 hEvent=000009A4 events=0x0
2026-10-03 05:25:51.209 [EVENT] sock=2536 hEvent=000009A4 events=0x21
2026-10-03 05:26:01.273 [EVENT] sock=2536 hEvent=000009A4 events=0x0
2026-10-03 05:26:01.274 [EVENT] sock=2536 hEvent=000009A4 events=0x21
2026-10-03 05:26:09.369 [EVENT] sock=2732 hEvent=00000A90 events=0x0
2026-10-03 05:26:09.369 [EVENT] sock=2732 hEvent=00000A90 events=0x21
2026-10-03 05:26:11.407 [EVENT] sock=2536 hEvent=000009A4 events=0x0
2026-10-03 05:26:11.407 [EVENT] sock=2536 hEvent=000009A4 events=0x21
2026-10-03 05:26:21.458 [EVENT] sock=2536 hEvent=000009A4 events=0x0
2026-10-03 05:26:21.459 [EVENT] sock=2536 hEvent=000009A4 events=0x21
2026-10-03 05:26:31.528 [EVENT] sock=2536 hEvent=000009A4 events=0x0
2026-10-03 05:26:31.531 [EVENT] sock=2536 hEvent=000009A4 events=0x21
2026-10-03 05:26:39.370 [EVENT] sock=2732 hEvent=00000A90 events=0x0
2026-10-03 05:26:39.370 [EVENT] sock=2732 hEvent=00000A90 events=0x21
2026-10-03 05:26:41.663 [EVENT] sock=2536 hEvent=000009A4 events=0x0
2026-10-03 05:26:41.663 [EVENT] sock=2536 hEvent=000009A4 events=0x21
2026-10-03 05:26:51.728 [EVENT] sock=2536 hEvent=000009A4 events=0x0
2026-10-03 05:26:51.729 [EVENT] sock=2536 hEvent=000009A4 events=0x21
2026-10-03 05:27:01.777 [EVENT] sock=2536 hEvent=000009A4 events=0x0
2026-10-03 05:27:01.777 [EVENT] sock=2536 hEvent=000009A4 events=0x21
2026-10-03 05:27:09.371 [EVENT] sock=2732 hEvent=00000A90 events=0x0
2026-10-03 05:27:09.371 [EVENT] sock=2732 hEvent=00000A90 events=0x21
2026-10-03 05:27:11.866 [EVENT] sock=2536 hEvent=000009A4 events=0x0
2026-10-03 05:27:11.867 [EVENT] sock=2536 hEvent=000009A4 events=0x21
2026-10-03 05:27:21.933 [EVENT] sock=2536 hEvent=000009A4 events=0x0
2026-10-03 05:27:21.933 [EVENT] sock=2536 hEvent=000009A4 events=0x21
2026-10-03 05:27:32.000 [EVENT] sock=2536 hEvent=000009A4 events=0x0
2026-10-03 05:27:32.003 [EVENT] sock=2536 hEvent=000009A4 events=0x21
2026-10-03 05:27:39.372 [EVENT] sock=2732 hEvent=00000A90 events=0x0
2026-10-03 05:27:39.372 [EVENT] sock=2732 hEvent=00000A90 events=0x21
2026-10-03 05:27:42.180 [EVENT] sock=2536 hEvent=000009A4 events=0x0
2026-10-03 05:27:42.185 [EVENT] sock=2536 hEvent=000009A4 events=0x21
2026-10-03 05:27:52.229 [EVENT] sock=2536 hEvent=000009A4 events=0x0
2026-10-03 05:27:52.230 [EVENT] sock=2536 hEvent=000009A4 events=0x21
2026-10-03 05:28:02.297 [EVENT] sock=2536 hEvent=000009A4 events=0x0
2026-10-03 05:28:02.298 [EVENT] sock=2536 hEvent=000009A4 events=0x21
2026-10-03 05:28:09.374 [EVENT] sock=2732 hEvent=00000A90 events=0x0
2026-10-03 05:28:09.375 [EVENT] sock=2732 hEvent=00000A90 events=0x21
2026-10-03 05:28:12.436 [EVENT] sock=2536 hEvent=000009A4 events=0x0
2026-10-03 05:28:12.437 [EVENT] sock=2536 hEvent=000009A4 events=0x21
2026-10-03 05:28:22.504 [EVENT] sock=2536 hEvent=000009A4 events=0x0
2026-10-03 05:28:22.504 [EVENT] sock=2536 hEvent=000009A4 events=0x21
2026-10-03 05:28:32.573 [EVENT] sock=2536 hEvent=000009A4 events=0x0
2026-10-03 05:28:32.573 [EVENT] sock=2536 hEvent=000009A4 events=0x21
2026-10-03 05:28:39.376 [EVENT] sock=2732 hEvent=00000A90 events=0x0
2026-10-03 05:28:39.376 [EVENT] sock=2732 hEvent=00000A90 events=0x21
2026-10-03 05:28:42.640 [EVENT] sock=2536 hEvent=000009A4 events=0x0
2026-10-03 05:28:42.640 [EVENT] sock=2536 hEvent=000009A4 events=0x21
2026-10-03 05:28:52.705 [EVENT] sock=2536 hEvent=000009A4 events=0x0
2026-10-03 05:28:52.705 [EVENT] sock=2536 hEvent=000009A4 events=0x21
2026-10-03 05:29:02.771 [EVENT] sock=2536 hEvent=000009A4 events=0x0
2026-10-03 05:29:02.771 [EVENT] sock=2536 hEvent=000009A4 events=0x21
2026-10-03 05:29:09.378 [EVENT] sock=2732 hEvent=00000A90 events=0x0
2026-10-03 05:29:09.379 [EVENT] sock=2732 hEvent=00000A90 events=0x21
2026-10-03 05:29:12.856 [EVENT] sock=2536 hEvent=000009A4 events=0x0
2026-10-03 05:29:12.856 [EVENT] sock=2536 hEvent=000009A4 events=0x21
2026-10-03 05:29:22.918 [EVENT] sock=2536 hEvent=000009A4 events=0x0
2026-10-03 05:29:22.920 [EVENT] sock=2536 hEvent=000009A4 events=0x21
2026-10-03 05:29:32.970 [EVENT] sock=2536 hEvent=000009A4 events=0x0
2026-10-03 05:29:32.971 [EVENT] sock=2536 hEvent=000009A4 events=0x21
2026-10-03 05:29:39.380 [EVENT] sock=2732 hEvent=00000A90 events=0x0
2026-10-03 05:29:39.380 [EVENT] sock=2732 hEvent=00000A90 events=0x21
2026-10-03 05:29:43.104 [EVENT] sock=2536 hEvent=000009A4 events=0x0
2026-10-03 05:29:43.106 [EVENT] sock=2536 hEvent=000009A4 events=0x21
2026-10-03 05:29:53.153 [EVENT] sock=2536 hEvent=000009A4 events=0x0
2026-10-03 05:29:53.156 [EVENT] sock=2536 hEvent=000009A4 events=0x21
2026-10-03 05:30:03.223 [EVENT] sock=2536 hEvent=000009A4 events=0x0
2026-10-03 05:30:03.223 [EVENT] sock=2536 hEvent=000009A4 events=0x21
2026-10-03 05:30:09.382 [EVENT] sock=2732 hEvent=00000A90 events=0x0
2026-10-03 05:30:09.383 [EVENT] sock=2732 hEvent=00000A90 events=0x21
2026-10-03 05:30:13.407 [EVENT] sock=2536 hEvent=000009A4 events=0x0
2026-10-03 05:30:13.407 [EVENT] sock=2536 hEvent=000009A4 events=0x21
2026-10-03 05:30:23.472 [EVENT] sock=2536 hEvent=000009A4 events=0x0
2026-10-03 05:30:23.474 [EVENT] sock=2536 hEvent=000009A4 events=0x21
2026-10-03 05:30:33.540 [EVENT] sock=2536 hEvent=000009A4 events=0x0
2026-10-03 05:30:33.540 [EVENT] sock=2536 hEvent=000009A4 events=0x21
2026-10-03 05:30:39.386 [EVENT] sock=2732 hEvent=00000A90 events=0x0
2026-10-03 05:30:39.392 [EVENT] sock=2732 hEvent=00000A90 events=0x21
2026-10-03 05:30:43.671 [EVENT] sock=2536 hEvent=000009A4 events=0x0
2026-10-03 05:30:43.673 [EVENT] sock=2536 hEvent=000009A4 events=0x21
2026-10-03 05:30:53.740 [EVENT] sock=2536 hEvent=000009A4 events=0x0
2026-10-03 05:30:53.741 [EVENT] sock=2536 hEvent=000009A4 events=0x21
2026-10-03 05:31:03.805 [EVENT] sock=2536 hEvent=000009A4 events=0x0
2026-10-03 05:31:03.807 [EVENT] sock=2536 hEvent=000009A4 events=0x21
2026-10-03 05:31:09.392 [EVENT] sock=2732 hEvent=00000A90 events=0x0
2026-10-03 05:31:09.393 [EVENT] sock=2732 hEvent=00000A90 events=0x21
2026-10-03 05:31:13.920 [EVENT] sock=2536 hEvent=000009A4 events=0x0
2026-10-03 05:31:13.923 [EVENT] sock=2536 hEvent=000009A4 events=0x21
2026-10-03 05:31:23.974 [EVENT] sock=2536 hEvent=000009A4 events=0x0
2026-10-03 05:31:23.975 [EVENT] sock=2536 hEvent=000009A4 events=0x21
2026-10-03 05:31:34.039 [EVENT] sock=2536 hEvent=000009A4 events=0x0
2026-10-03 05:31:34.039 [EVENT] sock=2536 hEvent=000009A4 events=0x21
2026-10-03 05:31:39.394 [EVENT] sock=2732 hEvent=00000A90 events=0x0
2026-10-03 05:31:39.394 [EVENT] sock=2732 hEvent=00000A90 events=0x21
2026-10-03 05:31:44.125 [EVENT] sock=2536 hEvent=000009A4 events=0x0
2026-10-03 05:31:44.126 [EVENT] sock=2536 hEvent=000009A4 events=0x21
2026-10-03 05:31:54.186 [EVENT] sock=2536 hEvent=000009A4 events=0x0
2026-10-03 05:31:54.187 [EVENT] sock=2536 hEvent=000009A4 events=0x21
2026-10-03 05:32:04.279 [EVENT] sock=2536 hEvent=000009A4 events=0x0
2026-10-03 05:32:04.280 [EVENT] sock=2536 hEvent=000009A4 events=0x21
2026-10-03 05:32:09.396 [EVENT] sock=2732 hEvent=00000A90 events=0x0
2026-10-03 05:32:09.397 [EVENT] sock=2732 hEvent=00000A90 events=0x21
2026-10-03 05:32:14.339 [EVENT] sock=2536 hEvent=000009A4 events=0x0
2026-10-03 05:32:14.340 [EVENT] sock=2536 hEvent=000009A4 events=0x21
2026-10-03 05:32:24.389 [EVENT] sock=2536 hEvent=000009A4 events=0x0
2026-10-03 05:32:24.390 [EVENT] sock=2536 hEvent=000009A4 events=0x21
2026-10-03 05:32:34.440 [EVENT] sock=2536 hEvent=000009A4 events=0x0
2026-10-03 05:32:34.441 [EVENT] sock=2536 hEvent=000009A4 events=0x21
2026-10-03 05:32:39.397 [EVENT] sock=2732 hEvent=00000A90 events=0x0
2026-10-03 05:32:39.397 [EVENT] sock=2732 hEvent=00000A90 events=0x21
2026-10-03 05:32:44.589 [EVENT] sock=2536 hEvent=000009A4 events=0x0
2026-10-03 05:32:44.590 [EVENT] sock=2536 hEvent=000009A4 events=0x21
2026-10-03 05:32:54.660 [EVENT] sock=2536 hEvent=000009A4 events=0x0
2026-10-03 05:32:54.660 [EVENT] sock=2536 hEvent=000009A4 events=0x21
2026-10-03 05:33:04.728 [EVENT] sock=2536 hEvent=000009A4 events=0x0
2026-10-03 05:33:04.728 [EVENT] sock=2536 hEvent=000009A4 events=0x21
2026-10-03 05:33:09.399 [EVENT] sock=2732 hEvent=00000A90 events=0x0
2026-10-03 05:33:09.399 [EVENT] sock=2732 hEvent=00000A90 events=0x21
2026-10-03 05:33:14.790 [EVENT] sock=2536 hEvent=000009A4 events=0x0
2026-10-03 05:33:14.792 [EVENT] sock=2536 hEvent=000009A4 events=0x21
2026-10-03 05:33:24.857 [EVENT] sock=2536 hEvent=000009A4 events=0x0
2026-10-03 05:33:24.861 [EVENT] sock=2536 hEvent=000009A4 events=0x21
2026-10-03 05:33:34.927 [EVENT] sock=2536 hEvent=000009A4 events=0x0
2026-10-03 05:33:34.929 [EVENT] sock=2536 hEvent=000009A4 events=0x21
2026-10-03 05:33:39.401 [EVENT] sock=2732 hEvent=00000A90 events=0x0
2026-10-03 05:33:39.401 [EVENT] sock=2732 hEvent=00000A90 events=0x21
2026-10-03 05:33:45.008 [EVENT] sock=2536 hEvent=000009A4 events=0x0
2026-10-03 05:33:45.008 [EVENT] sock=2536 hEvent=000009A4 events=0x21
2026-10-03 05:33:55.057 [EVENT] sock=2536 hEvent=000009A4 events=0x0
2026-10-03 05:33:55.062 [EVENT] sock=2536 hEvent=000009A4 events=0x21
2026-10-03 05:34:05.126 [EVENT] sock=2536 hEvent=000009A4 events=0x0
2026-10-03 05:34:05.129 [EVENT] sock=2536 hEvent=000009A4 events=0x21
2026-10-03 05:34:09.404 [EVENT] sock=2732 hEvent=00000A90 events=0x0
2026-10-03 05:34:09.404 [EVENT] sock=2732 hEvent=00000A90 events=0x21
2026-10-03 05:34:15.261 [EVENT] sock=2536 hEvent=000009A4 events=0x0
2026-10-03 05:34:15.262 [EVENT] sock=2536 hEvent=000009A4 events=0x21
2026-10-03 05:34:25.313 [EVENT] sock=2536 hEvent=000009A4 events=0x0
2026-10-03 05:34:25.317 [EVENT] sock=2536 hEvent=000009A4 events=0x21
2026-10-03 05:34:35.378 [EVENT] sock=2536 hEvent=000009A4 events=0x0
2026-10-03 05:34:35.379 [EVENT] sock=2536 hEvent=000009A4 events=0x21
2026-10-03 05:34:39.405 [EVENT] sock=2732 hEvent=00000A90 events=0x0
2026-10-03 05:34:39.405 [EVENT] sock=2732 hEvent=00000A90 events=0x21
2026-10-03 05:34:45.460 [EVENT] sock=2536 hEvent=000009A4 events=0x0
2026-10-03 05:34:45.460 [EVENT] sock=2536 hEvent=000009A4 events=0x21
2026-10-03 05:34:55.514 [EVENT] sock=2536 hEvent=000009A4 events=0x0
2026-10-03 05:34:55.514 [EVENT] sock=2536 hEvent=000009A4 events=0x21
2026-10-03 05:35:05.583 [EVENT] sock=2536 hEvent=000009A4 events=0x0
2026-10-03 05:35:05.586 [EVENT] sock=2536 hEvent=000009A4 events=0x21
2026-10-03 05:35:09.407 [EVENT] sock=2732 hEvent=00000A90 events=0x0
2026-10-03 05:35:09.407 [EVENT] sock=2732 hEvent=00000A90 events=0x21
2026-10-03 05:35:15.715 [EVENT] sock=2536 hEvent=000009A4 events=0x0
2026-10-03 05:35:15.720 [EVENT] sock=2536 hEvent=000009A4 events=0x21
2026-10-03 05:35:25.785 [EVENT] sock=2536 hEvent=000009A4 events=0x0
2026-10-03 05:35:25.785 [EVENT] sock=2536 hEvent=000009A4 events=0x21
2026-10-03 05:35:35.847 [EVENT] sock=2536 hEvent=000009A4 events=0x0
2026-10-03 05:35:35.849 [EVENT] sock=2536 hEvent=000009A4 events=0x21
2026-10-03 05:35:39.408 [EVENT] sock=2732 hEvent=00000A90 events=0x0
2026-10-03 05:35:39.408 [EVENT] sock=2732 hEvent=00000A90 events=0x21
2026-10-03 05:35:45.916 [EVENT] sock=2536 hEvent=000009A4 events=0x0
2026-10-03 05:35:45.916 [EVENT] sock=2536 hEvent=000009A4 events=0x21
2026-10-03 05:35:55.985 [EVENT] sock=2536 hEvent=000009A4 events=0x0
2026-10-03 05:35:55.985 [EVENT] sock=2536 hEvent=000009A4 events=0x21
2026-10-03 05:36:06.047 [EVENT] sock=2536 hEvent=000009A4 events=0x0
2026-10-03 05:36:06.047 [EVENT] sock=2536 hEvent=000009A4 events=0x21
2026-10-03 05:36:09.410 [EVENT] sock=2732 hEvent=00000A90 events=0x0
2026-10-03 05:36:09.410 [EVENT] sock=2732 hEvent=00000A90 events=0x21
2026-10-03 05:36:16.168 [EVENT] sock=2536 hEvent=000009A4 events=0x0
2026-10-03 05:36:16.174 [EVENT] sock=2536 hEvent=000009A4 events=0x21
2026-10-03 05:36:26.238 [EVENT] sock=2536 hEvent=000009A4 events=0x0
2026-10-03 05:36:26.241 [EVENT] sock=2536 hEvent=000009A4 events=0x21
2026-10-03 05:36:36.303 [EVENT] sock=2536 hEvent=000009A4 events=0x0
2026-10-03 05:36:36.306 [EVENT] sock=2536 hEvent=000009A4 events=0x21
2026-10-03 05:36:39.410 [EVENT] sock=2732 hEvent=00000A90 events=0x0
2026-10-03 05:36:39.410 [EVENT] sock=2732 hEvent=00000A90 events=0x21
2026-10-03 05:36:46.372 [EVENT] sock=2536 hEvent=000009A4 events=0x0
2026-10-03 05:36:46.375 [EVENT] sock=2536 hEvent=000009A4 events=0x21
2026-10-03 05:36:56.438 [EVENT] sock=2536 hEvent=000009A4 events=0x0
2026-10-03 05:36:56.440 [EVENT] sock=2536 hEvent=000009A4 events=0x21
2026-10-03 05:37:06.491 [EVENT] sock=2536 hEvent=000009A4 events=0x0
2026-10-03 05:37:06.492 [EVENT] sock=2536 hEvent=000009A4 events=0x21
2026-10-03 05:37:09.412 [EVENT] sock=2732 hEvent=00000A90 events=0x0
2026-10-03 05:37:09.412 [EVENT] sock=2732 hEvent=00000A90 events=0x21
2026-10-03 05:37:16.571 [EVENT] sock=2536 hEvent=000009A4 events=0x0
2026-10-03 05:37:16.571 [EVENT] sock=2536 hEvent=000009A4 events=0x21
2026-10-03 05:37:26.624 [EVENT] sock=2536 hEvent=000009A4 events=0x0
2026-10-03 05:37:26.624 [EVENT] sock=2536 hEvent=000009A4 events=0x21
2026-10-03 05:37:36.691 [EVENT] sock=2536 hEvent=000009A4 events=0x0
2026-10-03 05:37:36.693 [EVENT] sock=2536 hEvent=000009A4 events=0x21
2026-10-03 05:37:39.414 [EVENT] sock=2732 hEvent=00000A90 events=0x0
2026-10-03 05:37:39.414 [EVENT] sock=2732 hEvent=00000A90 events=0x21
2026-10-03 05:37:46.843 [EVENT] sock=2536 hEvent=000009A4 events=0x0
2026-10-03 05:37:46.843 [EVENT] sock=2536 hEvent=000009A4 events=0x21
2026-10-03 05:37:56.904 [EVENT] sock=2536 hEvent=000009A4 events=0x0
2026-10-03 05:37:56.905 [EVENT] sock=2536 hEvent=000009A4 events=0x21
2026-10-03 05:38:06.954 [EVENT] sock=2536 hEvent=000009A4 events=0x0
2026-10-03 05:38:06.956 [EVENT] sock=2536 hEvent=000009A4 events=0x21
2026-10-03 05:38:09.416 [EVENT] sock=2732 hEvent=00000A90 events=0x0
2026-10-03 05:38:09.417 [EVENT] sock=2732 hEvent=00000A90 events=0x21
2026-10-03 05:38:17.038 [EVENT] sock=2536 hEvent=000009A4 events=0x0
2026-10-03 05:38:17.038 [EVENT] sock=2536 hEvent=000009A4 events=0x21
2026-10-03 05:38:27.092 [EVENT] sock=2536 hEvent=000009A4 events=0x0
2026-10-03 05:38:27.093 [EVENT] sock=2536 hEvent=000009A4 events=0x21
2026-10-03 05:38:37.159 [EVENT] sock=2536 hEvent=000009A4 events=0x0
2026-10-03 05:38:37.159 [EVENT] sock=2536 hEvent=000009A4 events=0x21
2026-10-03 05:38:39.418 [EVENT] sock=2732 hEvent=00000A90 events=0x0
2026-10-03 05:38:39.418 [EVENT] sock=2732 hEvent=00000A90 events=0x21
2026-10-03 05:38:47.240 [EVENT] sock=2536 hEvent=000009A4 events=0x0
2026-10-03 05:38:47.240 [EVENT] sock=2536 hEvent=000009A4 events=0x21
2026-10-03 05:38:57.305 [EVENT] sock=2536 hEvent=000009A4 events=0x0
2026-10-03 05:38:57.307 [EVENT] sock=2536 hEvent=000009A4 events=0x21
2026-10-03 05:39:07.354 [EVENT] sock=2536 hEvent=000009A4 events=0x0
2026-10-03 05:39:07.358 [EVENT] sock=2536 hEvent=000009A4 events=0x21
2026-10-03 05:39:09.420 [EVENT] sock=2732 hEvent=00000A90 events=0x0
2026-10-03 05:39:09.420 [EVENT] sock=2732 hEvent=00000A90 events=0x21
2026-10-03 05:39:17.509 [EVENT] sock=2536 hEvent=000009A4 events=0x0
2026-10-03 05:39:17.509 [EVENT] sock=2536 hEvent=000009A4 events=0x21
2026-10-03 05:39:27.558 [EVENT] sock=2536 hEvent=000009A4 events=0x0
2026-10-03 05:39:27.559 [EVENT] sock=2536 hEvent=000009A4 events=0x21
2026-10-03 05:39:37.612 [EVENT] sock=2536 hEvent=000009A4 events=0x0
2026-10-03 05:39:37.613 [EVENT] sock=2536 hEvent=000009A4 events=0x21
2026-10-03 05:39:39.421 [EVENT] sock=2732 hEvent=00000A90 events=0x0
2026-10-03 05:39:39.422 [EVENT] sock=2732 hEvent=00000A90 events=0x21
2026-10-03 05:39:47.708 [EVENT] sock=2536 hEvent=000009A4 events=0x0
2026-10-03 05:39:47.709 [EVENT] sock=2536 hEvent=000009A4 events=0x21
2026-10-03 05:39:57.760 [EVENT] sock=2536 hEvent=000009A4 events=0x0
2026-10-03 05:39:57.761 [EVENT] sock=2536 hEvent=000009A4 events=0x21
2026-10-03 05:40:07.809 [EVENT] sock=2536 hEvent=000009A4 events=0x0
2026-10-03 05:40:07.812 [EVENT] sock=2536 hEvent=000009A4 events=0x21
2026-10-03 05:40:09.424 [EVENT] sock=2732 hEvent=00000A90 events=0x0
2026-10-03 05:40:09.426 [EVENT] sock=2732 hEvent=00000A90 events=0x21
2026-10-03 05:40:17.926 [EVENT] sock=2536 hEvent=000009A4 events=0x0
2026-10-03 05:40:17.926 [EVENT] sock=2536 hEvent=000009A4 events=0x21
2026-10-03 05:40:27.977 [EVENT] sock=2536 hEvent=000009A4 events=0x0
2026-10-03 05:40:27.977 [EVENT] sock=2536 hEvent=000009A4 events=0x21
2026-10-03 05:40:38.044 [EVENT] sock=2536 hEvent=000009A4 events=0x0
2026-10-03 05:40:38.044 [EVENT] sock=2536 hEvent=000009A4 events=0x21
2026-10-03 05:40:39.432 [EVENT] sock=2732 hEvent=00000A90 events=0x0
2026-10-03 05:40:39.433 [EVENT] sock=2732 hEvent=00000A90 events=0x21
2026-10-03 05:40:48.276 [EVENT] sock=2536 hEvent=000009A4 events=0x0
2026-10-03 05:40:48.276 [EVENT] sock=2536 hEvent=000009A4 events=0x21
2026-10-03 05:40:58.326 [EVENT] sock=2536 hEvent=000009A4 events=0x0
2026-10-03 05:40:58.330 [EVENT] sock=2536 hEvent=000009A4 events=0x21
2026-10-03 05:41:08.395 [EVENT] sock=2536 hEvent=000009A4 events=0x0
2026-10-03 05:41:08.397 [EVENT] sock=2536 hEvent=000009A4 events=0x21
2026-10-03 05:41:09.435 [EVENT] sock=2732 hEvent=00000A90 events=0x0
2026-10-03 05:41:09.435 [EVENT] sock=2732 hEvent=00000A90 events=0x21
2026-10-03 05:41:18.526 [EVENT] sock=2536 hEvent=000009A4 events=0x0
2026-10-03 05:41:18.527 [EVENT] sock=2536 hEvent=000009A4 events=0x21
2026-10-03 05:41:28.581 [EVENT] sock=2536 hEvent=000009A4 events=0x0
2026-10-03 05:41:28.583 [EVENT] sock=2536 hEvent=000009A4 events=0x21
2026-10-03 05:41:38.644 [EVENT] sock=2536 hEvent=000009A4 events=0x0
2026-10-03 05:41:38.650 [EVENT] sock=2536 hEvent=000009A4 events=0x21
2026-10-03 05:41:39.436 [EVENT] sock=2732 hEvent=00000A90 events=0x0
2026-10-03 05:41:39.436 [EVENT] sock=2732 hEvent=00000A90 events=0x21
2026-10-03 05:41:48.727 [EVENT] sock=2536 hEvent=000009A4 events=0x0
2026-10-03 05:41:48.727 [EVENT] sock=2536 hEvent=000009A4 events=0x21
2026-10-03 05:41:58.780 [EVENT] sock=2536 hEvent=000009A4 events=0x0
2026-10-03 05:41:58.780 [EVENT] sock=2536 hEvent=000009A4 events=0x21
2026-10-03 05:42:08.844 [EVENT] sock=2536 hEvent=000009A4 events=0x0
2026-10-03 05:42:08.847 [EVENT] sock=2536 hEvent=000009A4 events=0x21
2026-10-03 05:42:09.437 [EVENT] sock=2732 hEvent=00000A90 events=0x0
2026-10-03 05:42:09.437 [EVENT] sock=2732 hEvent=00000A90 events=0x21
2026-10-03 05:42:18.926 [EVENT] sock=2536 hEvent=000009A4 events=0x0
2026-10-03 05:42:18.927 [EVENT] sock=2536 hEvent=000009A4 events=0x21
2026-10-03 05:42:28.977 [EVENT] sock=2536 hEvent=000009A4 events=0x0
2026-10-03 05:42:28.979 [EVENT] sock=2536 hEvent=000009A4 events=0x21
2026-10-03 05:42:39.026 [EVENT] sock=2536 hEvent=000009A4 events=0x0
2026-10-03 05:42:39.031 [EVENT] sock=2536 hEvent=000009A4 events=0x21
2026-10-03 05:42:39.439 [EVENT] sock=2732 hEvent=00000A90 events=0x0
2026-10-03 05:42:39.439 [EVENT] sock=2732 hEvent=00000A90 events=0x21
2026-10-03 05:42:49.181 [EVENT] sock=2536 hEvent=000009A4 events=0x0
2026-10-03 05:42:49.183 [EVENT] sock=2536 hEvent=000009A4 events=0x21
2026-10-03 05:42:59.247 [EVENT] sock=2536 hEvent=000009A4 events=0x0
2026-10-03 05:42:59.248 [EVENT] sock=2536 hEvent=000009A4 events=0x21
2026-10-03 05:43:09.313 [EVENT] sock=2536 hEvent=000009A4 events=0x0
2026-10-03 05:43:09.317 [EVENT] sock=2536 hEvent=000009A4 events=0x21
2026-10-03 05:43:09.440 [EVENT] sock=2732 hEvent=00000A90 events=0x0
2026-10-03 05:43:09.441 [EVENT] sock=2732 hEvent=00000A90 events=0x21
2026-10-03 05:43:19.394 [EVENT] sock=2536 hEvent=000009A4 events=0x0
2026-10-03 05:43:19.394 [EVENT] sock=2536 hEvent=000009A4 events=0x21
2026-10-03 05:43:29.449 [EVENT] sock=2536 hEvent=000009A4 events=0x0
2026-10-03 05:43:29.450 [EVENT] sock=2536 hEvent=000009A4 events=0x21
2026-10-03 05:43:39.442 [EVENT] sock=2732 hEvent=00000A90 events=0x0
2026-10-03 05:43:39.443 [EVENT] sock=2732 hEvent=00000A90 events=0x21
2026-10-03 05:43:39.510 [EVENT] sock=2536 hEvent=000009A4 events=0x0
2026-10-03 05:43:39.513 [EVENT] sock=2536 hEvent=000009A4 events=0x21
2026-10-03 05:43:41.299 [OP] 42AC inv=FEFB len=260 #1 0b805b649ff0efa98b3172c163cab4f0efa98b1831805b64510bdcfaa32b1f805b6451f0effaa32b1f805bfc9f0bdcfaa32b1fd3c264510bdcfaa32b1f805b649f64dca98b2b1f80acfc9f64398a102b882b5b01330bdc8a1018882bacfc9f0b398aa33172805bfc9f64cd8a10e98880acfc51340cfaa31888805bfc9f6439fa10181fc163645164dcfaa31888805b649f19dc33502b1f805b64516439faa32b
2026-10-03 05:43:49.694 [EVENT] sock=2536 hEvent=000009A4 events=0x0
2026-10-03 05:43:49.699 [EVENT] sock=2536 hEvent=000009A4 events=0x21
2026-10-03 05:43:59.763 [EVENT] sock=2536 hEvent=000009A4 events=0x0
2026-10-03 05:43:59.764 [EVENT] sock=2536 hEvent=000009A4 events=0x21
2026-10-03 05:44:09.444 [EVENT] sock=2732 hEvent=00000A90 events=0x0
2026-10-03 05:44:09.445 [EVENT] sock=2732 hEvent=00000A90 events=0x21
2026-10-03 05:44:09.811 [EVENT] sock=2536 hEvent=000009A4 events=0x0
2026-10-03 05:44:09.811 [EVENT] sock=2536 hEvent=000009A4 events=0x21
2026-10-03 05:44:19.895 [EVENT] sock=2536 hEvent=000009A4 events=0x0
2026-10-03 05:44:19.896 [EVENT] sock=2536 hEvent=000009A4 events=0x21
2026-10-03 05:44:29.944 [EVENT] sock=2536 hEvent=000009A4 events=0x0
2026-10-03 05:44:29.947 [EVENT] sock=2536 hEvent=000009A4 events=0x21
2026-10-03 05:44:39.451 [EVENT] sock=2732 hEvent=00000A90 events=0x0
2026-10-03 05:44:39.454 [EVENT] sock=2732 hEvent=00000A90 events=0x21
2026-10-03 05:44:39.994 [EVENT] sock=2536 hEvent=000009A4 events=0x0
2026-10-03 05:44:40.000 [EVENT] sock=2536 hEvent=000009A4 events=0x21
2026-10-03 05:44:50.095 [EVENT] sock=2536 hEvent=000009A4 events=0x0
2026-10-03 05:44:50.095 [EVENT] sock=2536 hEvent=000009A4 events=0x21
2026-10-03 05:45:00.145 [EVENT] sock=2536 hEvent=000009A4 events=0x0
2026-10-03 05:45:00.145 [EVENT] sock=2536 hEvent=000009A4 events=0x21
2026-10-03 05:45:09.456 [EVENT] sock=2732 hEvent=00000A90 events=0x0
2026-10-03 05:45:09.457 [EVENT] sock=2732 hEvent=00000A90 events=0x21
2026-10-03 05:45:10.195 [EVENT] sock=2536 hEvent=000009A4 events=0x0
2026-10-03 05:45:10.197 [EVENT] sock=2536 hEvent=000009A4 events=0x21
2026-10-03 05:45:20.296 [EVENT] sock=2536 hEvent=000009A4 events=0x0
2026-10-03 05:45:20.297 [EVENT] sock=2536 hEvent=000009A4 events=0x21
2026-10-03 05:45:30.345 [EVENT] sock=2536 hEvent=000009A4 events=0x0
2026-10-03 05:45:30.347 [EVENT] sock=2536 hEvent=000009A4 events=0x21
2026-10-03 05:45:39.458 [EVENT] sock=2732 hEvent=00000A90 events=0x0
2026-10-03 05:45:39.458 [EVENT] sock=2732 hEvent=00000A90 events=0x21
2026-10-03 05:45:40.395 [EVENT] sock=2536 hEvent=000009A4 events=0x0
2026-10-03 05:45:40.396 [EVENT] sock=2536 hEvent=000009A4 events=0x21
2026-10-03 05:45:50.501 [EVENT] sock=2536 hEvent=000009A4 events=0x0
2026-10-03 05:45:50.501 [EVENT] sock=2536 hEvent=000009A4 events=0x21
2026-10-03 05:46:00.567 [EVENT] sock=2536 hEvent=000009A4 events=0x0
2026-10-03 05:46:00.567 [EVENT] sock=2536 hEvent=000009A4 events=0x21
2026-10-03 05:46:09.459 [EVENT] sock=2732 hEvent=00000A90 events=0x0
2026-10-03 05:46:09.459 [EVENT] sock=2732 hEvent=00000A90 events=0x21
2026-10-03 05:46:10.633 [EVENT] sock=2536 hEvent=000009A4 events=0x0
2026-10-03 05:46:10.634 [EVENT] sock=2536 hEvent=000009A4 events=0x21
2026-10-03 05:46:20.700 [EVENT] sock=2536 hEvent=000009A4 events=0x0
2026-10-03 05:46:20.701 [EVENT] sock=2536 hEvent=000009A4 events=0x21
2026-10-03 05:46:30.764 [EVENT] sock=2536 hEvent=000009A4 events=0x0
2026-10-03 05:46:30.764 [EVENT] sock=2536 hEvent=000009A4 events=0x21
2026-10-03 05:46:39.460 [EVENT] sock=2732 hEvent=00000A90 events=0x0
2026-10-03 05:46:39.460 [EVENT] sock=2732 hEvent=00000A90 events=0x21
2026-10-03 05:46:40.817 [EVENT] sock=2536 hEvent=000009A4 events=0x0
2026-10-03 05:46:40.819 [EVENT] sock=2536 hEvent=000009A4 events=0x21
2026-10-03 05:46:50.902 [EVENT] sock=2536 hEvent=000009A4 events=0x0
2026-10-03 05:46:50.902 [EVENT] sock=2536 hEvent=000009A4 events=0x21
2026-10-03 05:47:00.956 [EVENT] sock=2536 hEvent=000009A4 events=0x0
2026-10-03 05:47:00.957 [EVENT] sock=2536 hEvent=000009A4 events=0x21
2026-10-03 05:47:09.462 [EVENT] sock=2732 hEvent=00000A90 events=0x0
2026-10-03 05:47:09.462 [EVENT] sock=2732 hEvent=00000A90 events=0x21
2026-10-03 05:47:11.019 [EVENT] sock=2536 hEvent=000009A4 events=0x0
2026-10-03 05:47:11.023 [EVENT] sock=2536 hEvent=000009A4 events=0x21
2026-10-03 05:47:21.118 [EVENT] sock=2536 hEvent=000009A4 events=0x0
2026-10-03 05:47:21.119 [EVENT] sock=2536 hEvent=000009A4 events=0x21
2026-10-03 05:47:31.168 [EVENT] sock=2536 hEvent=000009A4 events=0x0
2026-10-03 05:47:31.168 [EVENT] sock=2536 hEvent=000009A4 events=0x21
2026-10-03 05:47:39.464 [EVENT] sock=2732 hEvent=00000A90 events=0x0
2026-10-03 05:47:39.465 [EVENT] sock=2732 hEvent=00000A90 events=0x21
2026-10-03 05:47:41.219 [EVENT] sock=2536 hEvent=000009A4 events=0x0
2026-10-03 05:47:41.224 [EVENT] sock=2536 hEvent=000009A4 events=0x21
2026-10-03 05:47:51.320 [EVENT] sock=2536 hEvent=000009A4 events=0x0
2026-10-03 05:47:51.320 [EVENT] sock=2536 hEvent=000009A4 events=0x21
2026-10-03 05:48:01.369 [EVENT] sock=2536 hEvent=000009A4 events=0x0
2026-10-03 05:48:01.374 [EVENT] sock=2536 hEvent=000009A4 events=0x21
2026-10-03 05:48:09.466 [EVENT] sock=2732 hEvent=00000A90 events=0x0
2026-10-03 05:48:09.466 [EVENT] sock=2732 hEvent=00000A90 events=0x21
2026-10-03 05:48:11.439 [EVENT] sock=2536 hEvent=000009A4 events=0x0
2026-10-03 05:48:11.440 [EVENT] sock=2536 hEvent=000009A4 events=0x21
2026-10-03 05:48:21.618 [EVENT] sock=2536 hEvent=000009A4 events=0x0
2026-10-03 05:48:21.620 [EVENT] sock=2536 hEvent=000009A4 events=0x21
2026-10-03 05:48:31.669 [EVENT] sock=2536 hEvent=000009A4 events=0x0
2026-10-03 05:48:31.670 [EVENT] sock=2536 hEvent=000009A4 events=0x21
2026-10-03 05:48:39.469 [EVENT] sock=2732 hEvent=00000A90 events=0x0
2026-10-03 05:48:39.474 [EVENT] sock=2732 hEvent=00000A90 events=0x21
2026-10-03 05:48:41.719 [EVENT] sock=2536 hEvent=000009A4 events=0x0
2026-10-03 05:48:41.720 [EVENT] sock=2536 hEvent=000009A4 events=0x21
2026-10-03 05:48:51.824 [EVENT] sock=2536 hEvent=000009A4 events=0x0
2026-10-03 05:48:51.824 [EVENT] sock=2536 hEvent=000009A4 events=0x21
2026-10-03 05:49:01.890 [EVENT] sock=2536 hEvent=000009A4 events=0x0
2026-10-03 05:49:01.891 [EVENT] sock=2536 hEvent=000009A4 events=0x21
2026-10-03 05:49:09.476 [EVENT] sock=2732 hEvent=00000A90 events=0x0
2026-10-03 05:49:09.478 [EVENT] sock=2732 hEvent=00000A90 events=0x21
2026-10-03 05:49:11.954 [EVENT] sock=2536 hEvent=000009A4 events=0x0
2026-10-03 05:49:11.956 [EVENT] sock=2536 hEvent=000009A4 events=0x21
2026-10-03 05:49:22.037 [EVENT] sock=2536 hEvent=000009A4 events=0x0
2026-10-03 05:49:22.038 [EVENT] sock=2536 hEvent=000009A4 events=0x21
2026-10-03 05:49:32.103 [EVENT] sock=2536 hEvent=000009A4 events=0x0
2026-10-03 05:49:32.103 [EVENT] sock=2536 hEvent=000009A4 events=0x21
2026-10-03 05:49:39.480 [EVENT] sock=2732 hEvent=00000A90 events=0x0
2026-10-03 05:49:39.480 [EVENT] sock=2732 hEvent=00000A90 events=0x21
2026-10-03 05:49:42.153 [EVENT] sock=2536 hEvent=000009A4 events=0x0
2026-10-03 05:49:42.155 [EVENT] sock=2536 hEvent=000009A4 events=0x21
2026-10-03 05:49:52.238 [EVENT] sock=2536 hEvent=000009A4 events=0x0
2026-10-03 05:49:52.238 [EVENT] sock=2536 hEvent=000009A4 events=0x21
2026-10-03 05:50:02.290 [EVENT] sock=2536 hEvent=000009A4 events=0x0
2026-10-03 05:50:02.291 [EVENT] sock=2536 hEvent=000009A4 events=0x21
2026-10-03 05:50:09.481 [EVENT] sock=2732 hEvent=00000A90 events=0x0
2026-10-03 05:50:09.481 [EVENT] sock=2732 hEvent=00000A90 events=0x21
2026-10-03 05:50:12.342 [EVENT] sock=2536 hEvent=000009A4 events=0x0
2026-10-03 05:50:12.344 [EVENT] sock=2536 hEvent=000009A4 events=0x21
2026-10-03 05:50:22.490 [EVENT] sock=2536 hEvent=000009A4 events=0x0
2026-10-03 05:50:22.494 [EVENT] sock=2536 hEvent=000009A4 events=0x21
2026-10-03 05:50:32.557 [EVENT] sock=2536 hEvent=000009A4 events=0x0
2026-10-03 05:50:32.558 [EVENT] sock=2536 hEvent=000009A4 events=0x21
2026-10-03 05:50:39.483 [EVENT] sock=2732 hEvent=00000A90 events=0x0
2026-10-03 05:50:39.483 [EVENT] sock=2732 hEvent=00000A90 events=0x21
2026-10-03 05:50:42.610 [EVENT] sock=2536 hEvent=000009A4 events=0x0
2026-10-03 05:50:42.611 [EVENT] sock=2536 hEvent=000009A4 events=0x21
2026-10-03 05:50:52.690 [EVENT] sock=2536 hEvent=000009A4 events=0x0
2026-10-03 05:50:52.692 [EVENT] sock=2536 hEvent=000009A4 events=0x21
2026-10-03 05:51:02.740 [EVENT] sock=2536 hEvent=000009A4 events=0x0
2026-10-03 05:51:02.741 [EVENT] sock=2536 hEvent=000009A4 events=0x21
2026-10-03 05:51:09.484 [EVENT] sock=2732 hEvent=00000A90 events=0x0
2026-10-03 05:51:09.484 [EVENT] sock=2732 hEvent=00000A90 events=0x21
2026-10-03 05:51:12.790 [EVENT] sock=2536 hEvent=000009A4 events=0x0
2026-10-03 05:51:12.793 [EVENT] sock=2536 hEvent=000009A4 events=0x21
2026-10-03 05:51:22.941 [EVENT] sock=2536 hEvent=000009A4 events=0x0
2026-10-03 05:51:22.943 [EVENT] sock=2536 hEvent=000009A4 events=0x21
2026-10-03 05:51:32.990 [EVENT] sock=2536 hEvent=000009A4 events=0x0
2026-10-03 05:51:32.991 [EVENT] sock=2536 hEvent=000009A4 events=0x21
2026-10-03 05:51:39.485 [EVENT] sock=2732 hEvent=00000A90 events=0x0
2026-10-03 05:51:39.485 [EVENT] sock=2732 hEvent=00000A90 events=0x21
2026-10-03 05:51:43.044 [EVENT] sock=2536 hEvent=000009A4 events=0x0
2026-10-03 05:51:43.048 [EVENT] sock=2536 hEvent=000009A4 events=0x21
2026-10-03 05:51:53.226 [EVENT] sock=2536 hEvent=000009A4 events=0x0
2026-10-03 05:51:53.230 [EVENT] sock=2536 hEvent=000009A4 events=0x21
2026-10-03 05:52:03.294 [EVENT] sock=2536 hEvent=000009A4 events=0x0
2026-10-03 05:52:03.298 [EVENT] sock=2536 hEvent=000009A4 events=0x21
2026-10-03 05:52:09.485 [EVENT] sock=2732 hEvent=00000A90 events=0x0
2026-10-03 05:52:09.486 [EVENT] sock=2732 hEvent=00000A90 events=0x21
2026-10-03 05:52:13.363 [EVENT] sock=2536 hEvent=000009A4 events=0x0
2026-10-03 05:52:13.363 [EVENT] sock=2536 hEvent=000009A4 events=0x21
2026-10-03 05:52:23.514 [EVENT] sock=2536 hEvent=000009A4 events=0x0
2026-10-03 05:52:23.515 [EVENT] sock=2536 hEvent=000009A4 events=0x21
2026-10-03 05:52:33.576 [EVENT] sock=2536 hEvent=000009A4 events=0x0
2026-10-03 05:52:33.577 [EVENT] sock=2536 hEvent=000009A4 events=0x21
2026-10-03 05:52:39.487 [EVENT] sock=2732 hEvent=00000A90 events=0x0
2026-10-03 05:52:39.487 [EVENT] sock=2732 hEvent=00000A90 events=0x21
2026-10-03 05:52:43.631 [EVENT] sock=2536 hEvent=000009A4 events=0x0
2026-10-03 05:52:43.632 [EVENT] sock=2536 hEvent=000009A4 events=0x21
2026-10-03 05:52:53.811 [EVENT] sock=2536 hEvent=000009A4 events=0x0
2026-10-03 05:52:53.812 [EVENT] sock=2536 hEvent=000009A4 events=0x21
2026-10-03 05:53:03.881 [EVENT] sock=2536 hEvent=000009A4 events=0x0
2026-10-03 05:53:03.881 [EVENT] sock=2536 hEvent=000009A4 events=0x21
2026-10-03 05:53:09.488 [EVENT] sock=2732 hEvent=00000A90 events=0x0
2026-10-03 05:53:09.488 [EVENT] sock=2732 hEvent=00000A90 events=0x21
2026-10-03 05:53:13.945 [EVENT] sock=2536 hEvent=000009A4 events=0x0
2026-10-03 05:53:13.946 [EVENT] sock=2536 hEvent=000009A4 events=0x21
2026-10-03 05:53:24.111 [EVENT] sock=2536 hEvent=000009A4 events=0x0
2026-10-03 05:53:24.113 [EVENT] sock=2536 hEvent=000009A4 events=0x21
2026-10-03 05:53:34.163 [EVENT] sock=2536 hEvent=000009A4 events=0x0
2026-10-03 05:53:34.163 [EVENT] sock=2536 hEvent=000009A4 events=0x21
2026-10-03 05:53:39.489 [EVENT] sock=2732 hEvent=00000A90 events=0x0
2026-10-03 05:53:39.489 [EVENT] sock=2732 hEvent=00000A90 events=0x21
2026-10-03 05:53:44.212 [EVENT] sock=2536 hEvent=000009A4 events=0x0
2026-10-03 05:53:44.213 [EVENT] sock=2536 hEvent=000009A4 events=0x21
2026-10-03 05:53:54.327 [EVENT] sock=2536 hEvent=000009A4 events=0x0
2026-10-03 05:53:54.328 [EVENT] sock=2536 hEvent=000009A4 events=0x21
2026-10-03 05:54:04.377 [EVENT] sock=2536 hEvent=000009A4 events=0x0
2026-10-03 05:54:04.378 [EVENT] sock=2536 hEvent=000009A4 events=0x21
2026-10-03 05:54:09.490 [EVENT] sock=2732 hEvent=00000A90 events=0x0
2026-10-03 05:54:09.490 [EVENT] sock=2732 hEvent=00000A90 events=0x21
2026-10-03 05:54:14.429 [EVENT] sock=2536 hEvent=000009A4 events=0x0
2026-10-03 05:54:14.430 [EVENT] sock=2536 hEvent=000009A4 events=0x21
2026-10-03 05:54:24.578 [EVENT] sock=2536 hEvent=000009A4 events=0x0
2026-10-03 05:54:24.581 [EVENT] sock=2536 hEvent=000009A4 events=0x21
2026-10-03 05:54:34.648 [EVENT] sock=2536 hEvent=000009A4 events=0x0
2026-10-03 05:54:34.651 [EVENT] sock=2536 hEvent=000009A4 events=0x21
2026-10-03 05:54:39.491 [EVENT] sock=2732 hEvent=00000A90 events=0x0
2026-10-03 05:54:39.492 [EVENT] sock=2732 hEvent=00000A90 events=0x21
2026-10-03 05:54:44.712 [EVENT] sock=2536 hEvent=000009A4 events=0x0
2026-10-03 05:54:44.713 [EVENT] sock=2536 hEvent=000009A4 events=0x21
2026-10-03 05:54:54.778 [EVENT] sock=2536 hEvent=000009A4 events=0x0
2026-10-03 05:54:54.778 [EVENT] sock=2536 hEvent=000009A4 events=0x21
2026-10-03 05:55:04.828 [EVENT] sock=2536 hEvent=000009A4 events=0x0
2026-10-03 05:55:04.833 [EVENT] sock=2536 hEvent=000009A4 events=0x21
2026-10-03 05:55:09.494 [EVENT] sock=2732 hEvent=00000A90 events=0x0
2026-10-03 05:55:09.494 [EVENT] sock=2732 hEvent=00000A90 events=0x21
2026-10-03 05:55:14.888 [EVENT] sock=2536 hEvent=000009A4 events=0x0
2026-10-03 05:55:14.889 [EVENT] sock=2536 hEvent=000009A4 events=0x21
2026-10-03 05:55:24.986 [EVENT] sock=2536 hEvent=000009A4 events=0x0
2026-10-03 05:55:24.987 [EVENT] sock=2536 hEvent=000009A4 events=0x21
2026-10-03 05:55:35.037 [EVENT] sock=2536 hEvent=000009A4 events=0x0
2026-10-03 05:55:35.037 [EVENT] sock=2536 hEvent=000009A4 events=0x21
2026-10-03 05:55:39.496 [EVENT] sock=2732 hEvent=00000A90 events=0x0
2026-10-03 05:55:39.498 [EVENT] sock=2732 hEvent=00000A90 events=0x21
2026-10-03 05:55:45.103 [EVENT] sock=2536 hEvent=000009A4 events=0x0
2026-10-03 05:55:45.103 [EVENT] sock=2536 hEvent=000009A4 events=0x21
2026-10-03 05:55:55.236 [EVENT] sock=2536 hEvent=000009A4 events=0x0
2026-10-03 05:55:55.236 [EVENT] sock=2536 hEvent=000009A4 events=0x21
2026-10-03 05:56:05.286 [EVENT] sock=2536 hEvent=000009A4 events=0x0
2026-10-03 05:56:05.286 [EVENT] sock=2536 hEvent=000009A4 events=0x21
2026-10-03 05:56:09.503 [EVENT] sock=2732 hEvent=00000A90 events=0x0
2026-10-03 05:56:09.504 [EVENT] sock=2732 hEvent=00000A90 events=0x21
2026-10-03 05:56:15.335 [EVENT] sock=2536 hEvent=000009A4 events=0x0
2026-10-03 05:56:15.335 [EVENT] sock=2536 hEvent=000009A4 events=0x21
2026-10-03 05:56:25.558 [EVENT] sock=2536 hEvent=000009A4 events=0x0
2026-10-03 05:56:25.558 [EVENT] sock=2536 hEvent=000009A4 events=0x21
2026-10-03 05:56:35.610 [EVENT] sock=2536 hEvent=000009A4 events=0x0
2026-10-03 05:56:35.612 [EVENT] sock=2536 hEvent=000009A4 events=0x21
2026-10-03 05:56:39.506 [EVENT] sock=2732 hEvent=00000A90 events=0x0
2026-10-03 05:56:39.506 [EVENT] sock=2732 hEvent=00000A90 events=0x21
2026-10-03 05:56:45.669 [EVENT] sock=2536 hEvent=000009A4 events=0x0
2026-10-03 05:56:45.670 [EVENT] sock=2536 hEvent=000009A4 events=0x21
2026-10-03 05:56:55.815 [EVENT] sock=2536 hEvent=000009A4 events=0x0
2026-10-03 05:56:55.816 [EVENT] sock=2536 hEvent=000009A4 events=0x21
2026-10-03 05:57:05.948 [EVENT] sock=2536 hEvent=000009A4 events=0x0
2026-10-03 05:57:05.948 [EVENT] sock=2536 hEvent=000009A4 events=0x21
2026-10-03 05:57:09.508 [EVENT] sock=2732 hEvent=00000A90 events=0x0
2026-10-03 05:57:09.508 [EVENT] sock=2732 hEvent=00000A90 events=0x21
2026-10-03 05:57:15.997 [EVENT] sock=2536 hEvent=000009A4 events=0x0
2026-10-03 05:57:15.998 [EVENT] sock=2536 hEvent=000009A4 events=0x21
2026-10-03 05:57:26.054 [EVENT] sock=2536 hEvent=000009A4 events=0x0
2026-10-03 05:57:26.055 [EVENT] sock=2536 hEvent=000009A4 events=0x21
2026-10-03 05:57:36.121 [EVENT] sock=2536 hEvent=000009A4 events=0x0
2026-10-03 05:57:36.121 [EVENT] sock=2536 hEvent=000009A4 events=0x21
2026-10-03 05:57:39.509 [EVENT] sock=2732 hEvent=00000A90 events=0x0
2026-10-03 05:57:39.509 [EVENT] sock=2732 hEvent=00000A90 events=0x21
2026-10-03 05:57:46.186 [EVENT] sock=2536 hEvent=000009A4 events=0x0
2026-10-03 05:57:46.187 [EVENT] sock=2536 hEvent=000009A4 events=0x21
2026-10-03 05:57:56.257 [EVENT] sock=2536 hEvent=000009A4 events=0x0
2026-10-03 05:57:56.257 [EVENT] sock=2536 hEvent=000009A4 events=0x21
2026-10-03 05:58:06.320 [EVENT] sock=2536 hEvent=000009A4 events=0x0
2026-10-03 05:58:06.322 [EVENT] sock=2536 hEvent=000009A4 events=0x21
2026-10-03 05:58:09.510 [EVENT] sock=2732 hEvent=00000A90 events=0x0
2026-10-03 05:58:09.511 [EVENT] sock=2732 hEvent=00000A90 events=0x21
2026-10-03 05:58:16.387 [EVENT] sock=2536 hEvent=000009A4 events=0x0
2026-10-03 05:58:16.389 [EVENT] sock=2536 hEvent=000009A4 events=0x21
2026-10-03 05:58:26.467 [EVENT] sock=2536 hEvent=000009A4 events=0x0
2026-10-03 05:58:26.472 [EVENT] sock=2536 hEvent=000009A4 events=0x21
2026-10-03 05:58:36.534 [EVENT] sock=2536 hEvent=000009A4 events=0x0
2026-10-03 05:58:36.539 [EVENT] sock=2536 hEvent=000009A4 events=0x21
2026-10-03 05:58:39.512 [EVENT] sock=2732 hEvent=00000A90 events=0x0
2026-10-03 05:58:39.512 [EVENT] sock=2732 hEvent=00000A90 events=0x21
2026-10-03 05:58:46.605 [EVENT] sock=2536 hEvent=000009A4 events=0x0
2026-10-03 05:58:46.605 [EVENT] sock=2536 hEvent=000009A4 events=0x21
2026-10-03 05:58:56.718 [EVENT] sock=2536 hEvent=000009A4 events=0x0
2026-10-03 05:58:56.718 [EVENT] sock=2536 hEvent=000009A4 events=0x21
2026-10-03 05:59:06.769 [EVENT] sock=2536 hEvent=000009A4 events=0x0
2026-10-03 05:59:06.770 [EVENT] sock=2536 hEvent=000009A4 events=0x21
2026-10-03 05:59:09.514 [EVENT] sock=2732 hEvent=00000A90 events=0x0
2026-10-03 05:59:09.514 [EVENT] sock=2732 hEvent=00000A90 events=0x21
2026-10-03 05:59:16.818 [EVENT] sock=2536 hEvent=000009A4 events=0x0
2026-10-03 05:59:16.819 [EVENT] sock=2536 hEvent=000009A4 events=0x21
2026-10-03 05:59:26.918 [EVENT] sock=2536 hEvent=000009A4 events=0x0
2026-10-03 05:59:26.919 [EVENT] sock=2536 hEvent=000009A4 events=0x21
2026-10-03 05:59:36.969 [EVENT] sock=2536 hEvent=000009A4 events=0x0
2026-10-03 05:59:36.972 [EVENT] sock=2536 hEvent=000009A4 events=0x21
2026-10-03 05:59:39.517 [EVENT] sock=2732 hEvent=00000A90 events=0x0
2026-10-03 05:59:39.518 [EVENT] sock=2732 hEvent=00000A90 events=0x21
2026-10-03 05:59:47.018 [EVENT] sock=2536 hEvent=000009A4 events=0x0
2026-10-03 05:59:47.023 [EVENT] sock=2536 hEvent=000009A4 events=0x21
2026-10-03 05:59:57.184 [EVENT] sock=2536 hEvent=000009A4 events=0x0
2026-10-03 05:59:57.185 [EVENT] sock=2536 hEvent=000009A4 events=0x21
2026-10-03 06:00:07.241 [EVENT] sock=2536 hEvent=000009A4 events=0x0
2026-10-03 06:00:07.242 [EVENT] sock=2536 hEvent=000009A4 events=0x21
2026-10-03 06:00:09.518 [EVENT] sock=2732 hEvent=00000A90 events=0x0
2026-10-03 06:00:09.526 [EVENT] sock=2732 hEvent=00000A90 events=0x21
2026-10-03 06:00:17.304 [EVENT] sock=2536 hEvent=000009A4 events=0x0
2026-10-03 06:00:17.305 [EVENT] sock=2536 hEvent=000009A4 events=0x21
2026-10-03 06:00:27.387 [EVENT] sock=2536 hEvent=000009A4 events=0x0
2026-10-03 06:00:27.389 [EVENT] sock=2536 hEvent=000009A4 events=0x21
2026-10-03 06:00:37.441 [EVENT] sock=2536 hEvent=000009A4 events=0x0
2026-10-03 06:00:37.441 [EVENT] sock=2536 hEvent=000009A4 events=0x21
2026-10-03 06:00:39.528 [EVENT] sock=2732 hEvent=00000A90 events=0x0
2026-10-03 06:00:39.528 [EVENT] sock=2732 hEvent=00000A90 events=0x21
2026-10-03 06:00:47.510 [EVENT] sock=2536 hEvent=000009A4 events=0x0
2026-10-03 06:00:47.510 [EVENT] sock=2536 hEvent=000009A4 events=0x21
2026-10-03 06:00:57.656 [EVENT] sock=2536 hEvent=000009A4 events=0x0
2026-10-03 06:00:57.659 [EVENT] sock=2536 hEvent=000009A4 events=0x21
2026-10-03 06:01:07.724 [EVENT] sock=2536 hEvent=000009A4 events=0x0
2026-10-03 06:01:07.727 [EVENT] sock=2536 hEvent=000009A4 events=0x21
2026-10-03 06:01:09.528 [EVENT] sock=2732 hEvent=00000A90 events=0x0
2026-10-03 06:01:09.530 [EVENT] sock=2732 hEvent=00000A90 events=0x21
2026-10-03 06:01:17.792 [EVENT] sock=2536 hEvent=000009A4 events=0x0
2026-10-03 06:01:17.792 [EVENT] sock=2536 hEvent=000009A4 events=0x21
2026-10-03 06:01:27.905 [EVENT] sock=2536 hEvent=000009A4 events=0x0
2026-10-03 06:01:27.907 [EVENT] sock=2536 hEvent=000009A4 events=0x21
2026-10-03 06:01:37.965 [EVENT] sock=2536 hEvent=000009A4 events=0x0
2026-10-03 06:01:37.966 [EVENT] sock=2536 hEvent=000009A4 events=0x21
2026-10-03 06:01:39.531 [EVENT] sock=2732 hEvent=00000A90 events=0x0
2026-10-03 06:01:39.531 [EVENT] sock=2732 hEvent=00000A90 events=0x21
2026-10-03 06:01:48.026 [EVENT] sock=2536 hEvent=000009A4 events=0x0
2026-10-03 06:01:48.027 [EVENT] sock=2536 hEvent=000009A4 events=0x21
2026-10-03 06:01:58.162 [EVENT] sock=2536 hEvent=000009A4 events=0x0
2026-10-03 06:01:58.163 [EVENT] sock=2536 hEvent=000009A4 events=0x21
2026-10-03 06:02:08.228 [EVENT] sock=2536 hEvent=000009A4 events=0x0
2026-10-03 06:02:08.229 [EVENT] sock=2536 hEvent=000009A4 events=0x21
2026-10-03 06:02:09.533 [EVENT] sock=2732 hEvent=00000A90 events=0x0
2026-10-03 06:02:09.533 [EVENT] sock=2732 hEvent=00000A90 events=0x21
2026-10-03 06:02:18.292 [EVENT] sock=2536 hEvent=000009A4 events=0x0
2026-10-03 06:02:18.295 [EVENT] sock=2536 hEvent=000009A4 events=0x21
2026-10-03 06:02:28.429 [EVENT] sock=2536 hEvent=000009A4 events=0x0
2026-10-03 06:02:28.431 [EVENT] sock=2536 hEvent=000009A4 events=0x21
2026-10-03 06:02:38.491 [EVENT] sock=2536 hEvent=000009A4 events=0x0
2026-10-03 06:02:38.492 [EVENT] sock=2536 hEvent=000009A4 events=0x21
2026-10-03 06:02:39.535 [EVENT] sock=2732 hEvent=00000A90 events=0x0
2026-10-03 06:02:39.535 [EVENT] sock=2732 hEvent=00000A90 events=0x21
2026-10-03 06:02:48.544 [EVENT] sock=2536 hEvent=000009A4 events=0x0
2026-10-03 06:02:48.546 [EVENT] sock=2536 hEvent=000009A4 events=0x21
2026-10-03 06:02:58.679 [EVENT] sock=2536 hEvent=000009A4 events=0x0
2026-10-03 06:02:58.680 [EVENT] sock=2536 hEvent=000009A4 events=0x21
2026-10-03 06:03:08.728 [EVENT] sock=2536 hEvent=000009A4 events=0x0
2026-10-03 06:03:08.732 [EVENT] sock=2536 hEvent=000009A4 events=0x21
2026-10-03 06:03:09.536 [EVENT] sock=2732 hEvent=00000A90 events=0x0
2026-10-03 06:03:09.536 [EVENT] sock=2732 hEvent=00000A90 events=0x21
2026-10-03 06:03:18.797 [EVENT] sock=2536 hEvent=000009A4 events=0x0
2026-10-03 06:03:18.797 [EVENT] sock=2536 hEvent=000009A4 events=0x21
2026-10-03 06:03:28.928 [EVENT] sock=2536 hEvent=000009A4 events=0x0
2026-10-03 06:03:28.928 [EVENT] sock=2536 hEvent=000009A4 events=0x21
2026-10-03 06:03:38.978 [EVENT] sock=2536 hEvent=000009A4 events=0x0
2026-10-03 06:03:38.980 [EVENT] sock=2536 hEvent=000009A4 events=0x21
2026-10-03 06:03:39.537 [EVENT] sock=2732 hEvent=00000A90 events=0x0
2026-10-03 06:03:39.537 [EVENT] sock=2732 hEvent=00000A90 events=0x21
2026-10-03 06:03:49.035 [EVENT] sock=2536 hEvent=000009A4 events=0x0
2026-10-03 06:03:49.036 [EVENT] sock=2536 hEvent=000009A4 events=0x21
2026-10-03 06:03:59.234 [EVENT] sock=2536 hEvent=000009A4 events=0x0
2026-10-03 06:03:59.236 [EVENT] sock=2536 hEvent=000009A4 events=0x21
2026-10-03 06:04:09.303 [EVENT] sock=2536 hEvent=000009A4 events=0x0
2026-10-03 06:04:09.303 [EVENT] sock=2536 hEvent=000009A4 events=0x21
2026-10-03 06:04:09.537 [EVENT] sock=2732 hEvent=00000A90 events=0x0
2026-10-03 06:04:09.537 [EVENT] sock=2732 hEvent=00000A90 events=0x21
2026-10-03 06:04:19.364 [EVENT] sock=2536 hEvent=000009A4 events=0x0
2026-10-03 06:04:19.367 [EVENT] sock=2536 hEvent=000009A4 events=0x21
2026-10-03 06:04:29.433 [EVENT] sock=2536 hEvent=000009A4 events=0x0
2026-10-03 06:04:29.433 [EVENT] sock=2536 hEvent=000009A4 events=0x21
2026-10-03 06:04:39.483 [EVENT] sock=2536 hEvent=000009A4 events=0x0
2026-10-03 06:04:39.485 [EVENT] sock=2536 hEvent=000009A4 events=0x21
2026-10-03 06:04:39.539 [EVENT] sock=2732 hEvent=00000A90 events=0x0
2026-10-03 06:04:39.539 [EVENT] sock=2732 hEvent=00000A90 events=0x21
2026-10-03 06:04:49.549 [EVENT] sock=2536 hEvent=000009A4 events=0x0
2026-10-03 06:04:49.549 [EVENT] sock=2536 hEvent=000009A4 events=0x21
2026-10-03 06:04:59.635 [EVENT] sock=2536 hEvent=000009A4 events=0x0
2026-10-03 06:04:59.637 [EVENT] sock=2536 hEvent=000009A4 events=0x21
2026-10-03 06:05:09.539 [EVENT] sock=2732 hEvent=00000A90 events=0x0
2026-10-03 06:05:09.539 [EVENT] sock=2732 hEvent=00000A90 events=0x21
2026-10-03 06:05:09.703 [EVENT] sock=2536 hEvent=000009A4 events=0x0
2026-10-03 06:05:09.703 [EVENT] sock=2536 hEvent=000009A4 events=0x21
2026-10-03 06:05:19.751 [EVENT] sock=2536 hEvent=000009A4 events=0x0
2026-10-03 06:05:19.757 [EVENT] sock=2536 hEvent=000009A4 events=0x21
2026-10-03 06:05:29.889 [EVENT] sock=2536 hEvent=000009A4 events=0x0
2026-10-03 06:05:29.890 [EVENT] sock=2536 hEvent=000009A4 events=0x21
2026-10-03 06:05:39.542 [EVENT] sock=2732 hEvent=00000A90 events=0x0
2026-10-03 06:05:39.542 [EVENT] sock=2732 hEvent=00000A90 events=0x21
2026-10-03 06:05:39.953 [EVENT] sock=2536 hEvent=000009A4 events=0x0
2026-10-03 06:05:39.954 [EVENT] sock=2536 hEvent=000009A4 events=0x21
2026-10-03 06:05:50.022 [EVENT] sock=2536 hEvent=000009A4 events=0x0
2026-10-03 06:05:50.023 [EVENT] sock=2536 hEvent=000009A4 events=0x21
2026-10-03 06:06:00.088 [EVENT] sock=2536 hEvent=000009A4 events=0x0
2026-10-03 06:06:00.089 [EVENT] sock=2536 hEvent=000009A4 events=0x21
2026-10-03 06:06:09.543 [EVENT] sock=2732 hEvent=00000A90 events=0x0
2026-10-03 06:06:09.543 [EVENT] sock=2732 hEvent=00000A90 events=0x21
2026-10-03 06:06:10.151 [EVENT] sock=2536 hEvent=000009A4 events=0x0
2026-10-03 06:06:10.151 [EVENT] sock=2536 hEvent=000009A4 events=0x21
2026-10-03 06:06:20.202 [EVENT] sock=2536 hEvent=000009A4 events=0x0
2026-10-03 06:06:20.204 [EVENT] sock=2536 hEvent=000009A4 events=0x21
2026-10-03 06:06:30.351 [EVENT] sock=2536 hEvent=000009A4 events=0x0
2026-10-03 06:06:30.352 [EVENT] sock=2536 hEvent=000009A4 events=0x21
2026-10-03 06:06:39.543 [EVENT] sock=2732 hEvent=00000A90 events=0x0
2026-10-03 06:06:39.543 [EVENT] sock=2732 hEvent=00000A90 events=0x21
2026-10-03 06:06:40.403 [EVENT] sock=2536 hEvent=000009A4 events=0x0
2026-10-03 06:06:40.406 [EVENT] sock=2536 hEvent=000009A4 events=0x21
2026-10-03 06:06:50.468 [EVENT] sock=2536 hEvent=000009A4 events=0x0
2026-10-03 06:06:50.472 [EVENT] sock=2536 hEvent=000009A4 events=0x21
2026-10-03 06:07:00.653 [EVENT] sock=2536 hEvent=000009A4 events=0x0
2026-10-03 06:07:00.653 [EVENT] sock=2536 hEvent=000009A4 events=0x21
2026-10-03 06:07:09.545 [EVENT] sock=2732 hEvent=00000A90 events=0x0
2026-10-03 06:07:09.545 [EVENT] sock=2732 hEvent=00000A90 events=0x21
2026-10-03 06:07:10.702 [EVENT] sock=2536 hEvent=000009A4 events=0x0
2026-10-03 06:07:10.705 [EVENT] sock=2536 hEvent=000009A4 events=0x21
2026-10-03 06:07:20.774 [EVENT] sock=2536 hEvent=000009A4 events=0x0
2026-10-03 06:07:20.775 [EVENT] sock=2536 hEvent=000009A4 events=0x21
2026-10-03 06:07:30.960 [EVENT] sock=2536 hEvent=000009A4 events=0x0
2026-10-03 06:07:30.962 [EVENT] sock=2536 hEvent=000009A4 events=0x21
2026-10-03 06:07:39.547 [EVENT] sock=2732 hEvent=00000A90 events=0x0
2026-10-03 06:07:39.547 [EVENT] sock=2732 hEvent=00000A90 events=0x21
2026-10-03 06:07:41.021 [EVENT] sock=2536 hEvent=000009A4 events=0x0
2026-10-03 06:07:41.023 [EVENT] sock=2536 hEvent=000009A4 events=0x21
2026-10-03 06:07:51.073 [EVENT] sock=2536 hEvent=000009A4 events=0x0
2026-10-03 06:07:51.073 [EVENT] sock=2536 hEvent=000009A4 events=0x21
2026-10-03 06:08:01.176 [EVENT] sock=2536 hEvent=000009A4 events=0x0
2026-10-03 06:08:01.176 [EVENT] sock=2536 hEvent=000009A4 events=0x21
2026-10-03 06:08:09.549 [EVENT] sock=2732 hEvent=00000A90 events=0x0
2026-10-03 06:08:09.549 [EVENT] sock=2732 hEvent=00000A90 events=0x21
2026-10-03 06:08:11.240 [EVENT] sock=2536 hEvent=000009A4 events=0x0
2026-10-03 06:08:11.240 [EVENT] sock=2536 hEvent=000009A4 events=0x21
2026-10-03 06:08:21.289 [EVENT] sock=2536 hEvent=000009A4 events=0x0
2026-10-03 06:08:21.289 [EVENT] sock=2536 hEvent=000009A4 events=0x21
2026-10-03 06:08:31.374 [EVENT] sock=2536 hEvent=000009A4 events=0x0
2026-10-03 06:08:31.375 [EVENT] sock=2536 hEvent=000009A4 events=0x21
2026-10-03 06:08:39.551 [EVENT] sock=2732 hEvent=00000A90 events=0x0
2026-10-03 06:08:39.551 [EVENT] sock=2732 hEvent=00000A90 events=0x21
2026-10-03 06:08:41.423 [EVENT] sock=2536 hEvent=000009A4 events=0x0
2026-10-03 06:08:41.424 [EVENT] sock=2536 hEvent=000009A4 events=0x21
2026-10-03 06:08:51.473 [EVENT] sock=2536 hEvent=000009A4 events=0x0
2026-10-03 06:08:51.478 [EVENT] sock=2536 hEvent=000009A4 events=0x21
2026-10-03 06:09:01.572 [EVENT] sock=2536 hEvent=000009A4 events=0x0
2026-10-03 06:09:01.572 [EVENT] sock=2536 hEvent=000009A4 events=0x21
2026-10-03 06:09:09.552 [EVENT] sock=2732 hEvent=00000A90 events=0x0
2026-10-03 06:09:09.552 [EVENT] sock=2732 hEvent=00000A90 events=0x21
2026-10-03 06:09:11.622 [EVENT] sock=2536 hEvent=000009A4 events=0x0
2026-10-03 06:09:11.623 [EVENT] sock=2536 hEvent=000009A4 events=0x21
2026-10-03 06:09:21.676 [EVENT] sock=2536 hEvent=000009A4 events=0x0
2026-10-03 06:09:21.677 [EVENT] sock=2536 hEvent=000009A4 events=0x21
2026-10-03 06:09:31.876 [EVENT] sock=2536 hEvent=000009A4 events=0x0
2026-10-03 06:09:31.876 [EVENT] sock=2536 hEvent=000009A4 events=0x21
2026-10-03 06:09:39.554 [EVENT] sock=2732 hEvent=00000A90 events=0x0
2026-10-03 06:09:39.555 [EVENT] sock=2732 hEvent=00000A90 events=0x21
2026-10-03 06:09:41.925 [EVENT] sock=2536 hEvent=000009A4 events=0x0
2026-10-03 06:09:41.926 [EVENT] sock=2536 hEvent=000009A4 events=0x21
2026-10-03 06:09:51.973 [EVENT] sock=2536 hEvent=000009A4 events=0x0
2026-10-03 06:09:51.975 [EVENT] sock=2536 hEvent=000009A4 events=0x21
2026-10-03 06:10:02.142 [EVENT] sock=2536 hEvent=000009A4 events=0x0
2026-10-03 06:10:02.143 [EVENT] sock=2536 hEvent=000009A4 events=0x21
2026-10-03 06:10:09.556 [EVENT] sock=2732 hEvent=00000A90 events=0x0
2026-10-03 06:10:09.557 [EVENT] sock=2732 hEvent=00000A90 events=0x21
2026-10-03 06:10:12.197 [EVENT] sock=2536 hEvent=000009A4 events=0x0
2026-10-03 06:10:12.197 [EVENT] sock=2536 hEvent=000009A4 events=0x21
2026-10-03 06:10:22.260 [EVENT] sock=2536 hEvent=000009A4 events=0x0
2026-10-03 06:10:22.261 [EVENT] sock=2536 hEvent=000009A4 events=0x21
2026-10-03 06:10:32.396 [EVENT] sock=2536 hEvent=000009A4 events=0x0
2026-10-03 06:10:32.396 [EVENT] sock=2536 hEvent=000009A4 events=0x21
2026-10-03 06:10:39.558 [EVENT] sock=2732 hEvent=00000A90 events=0x0
2026-10-03 06:10:39.558 [EVENT] sock=2732 hEvent=00000A90 events=0x21
2026-10-03 06:10:42.458 [EVENT] sock=2536 hEvent=000009A4 events=0x0
2026-10-03 06:10:42.459 [EVENT] sock=2536 hEvent=000009A4 events=0x21
2026-10-03 06:10:52.509 [EVENT] sock=2536 hEvent=000009A4 events=0x0
2026-10-03 06:10:52.510 [EVENT] sock=2536 hEvent=000009A4 events=0x21
2026-10-03 06:11:02.594 [EVENT] sock=2536 hEvent=000009A4 events=0x0
2026-10-03 06:11:02.597 [EVENT] sock=2536 hEvent=000009A4 events=0x21
2026-10-03 06:11:09.560 [EVENT] sock=2732 hEvent=00000A90 events=0x0
2026-10-03 06:11:09.563 [EVENT] sock=2732 hEvent=00000A90 events=0x21
2026-10-03 06:11:12.645 [EVENT] sock=2536 hEvent=000009A4 events=0x0
2026-10-03 06:11:12.648 [EVENT] sock=2536 hEvent=000009A4 events=0x21
2026-10-03 06:11:22.709 [EVENT] sock=2536 hEvent=000009A4 events=0x0
2026-10-03 06:11:22.713 [EVENT] sock=2536 hEvent=000009A4 events=0x21
2026-10-03 06:11:32.846 [EVENT] sock=2536 hEvent=000009A4 events=0x0
2026-10-03 06:11:32.848 [EVENT] sock=2536 hEvent=000009A4 events=0x21
2026-10-03 06:11:39.564 [EVENT] sock=2732 hEvent=00000A90 events=0x0
2026-10-03 06:11:39.564 [EVENT] sock=2732 hEvent=00000A90 events=0x21
2026-10-03 06:11:42.910 [EVENT] sock=2536 hEvent=000009A4 events=0x0
2026-10-03 06:11:42.913 [EVENT] sock=2536 hEvent=000009A4 events=0x21
2026-10-03 06:11:52.977 [EVENT] sock=2536 hEvent=000009A4 events=0x0
2026-10-03 06:11:52.978 [EVENT] sock=2536 hEvent=000009A4 events=0x21
2026-10-03 06:12:03.060 [EVENT] sock=2536 hEvent=000009A4 events=0x0
2026-10-03 06:12:03.061 [EVENT] sock=2536 hEvent=000009A4 events=0x21
2026-10-03 06:12:09.566 [EVENT] sock=2732 hEvent=00000A90 events=0x0
2026-10-03 06:12:09.567 [EVENT] sock=2732 hEvent=00000A90 events=0x21
2026-10-03 06:12:13.110 [EVENT] sock=2536 hEvent=000009A4 events=0x0
2026-10-03 06:12:13.111 [EVENT] sock=2536 hEvent=000009A4 events=0x21
2026-10-03 06:12:23.178 [EVENT] sock=2536 hEvent=000009A4 events=0x0
2026-10-03 06:12:23.182 [EVENT] sock=2536 hEvent=000009A4 events=0x21
2026-10-03 06:12:33.251 [EVENT] sock=2536 hEvent=000009A4 events=0x0
2026-10-03 06:12:33.252 [EVENT] sock=2536 hEvent=000009A4 events=0x21
2026-10-03 06:12:39.569 [EVENT] sock=2732 hEvent=00000A90 events=0x0
2026-10-03 06:12:39.571 [EVENT] sock=2732 hEvent=00000A90 events=0x21
2026-10-03 06:12:43.316 [EVENT] sock=2536 hEvent=000009A4 events=0x0
2026-10-03 06:12:43.317 [EVENT] sock=2536 hEvent=000009A4 events=0x21
2026-10-03 06:12:53.380 [EVENT] sock=2536 hEvent=000009A4 events=0x0
2026-10-03 06:12:53.381 [EVENT] sock=2536 hEvent=000009A4 events=0x21
2026-10-03 06:13:03.613 [EVENT] sock=2536 hEvent=000009A4 events=0x0
2026-10-03 06:13:03.613 [EVENT] sock=2536 hEvent=000009A4 events=0x21
2026-10-03 06:13:09.572 [EVENT] sock=2732 hEvent=00000A90 events=0x0
2026-10-03 06:13:09.572 [EVENT] sock=2732 hEvent=00000A90 events=0x21
2026-10-03 06:13:13.663 [EVENT] sock=2536 hEvent=000009A4 events=0x0
2026-10-03 06:13:13.664 [EVENT] sock=2536 hEvent=000009A4 events=0x21
2026-10-03 06:13:23.714 [EVENT] sock=2536 hEvent=000009A4 events=0x0
2026-10-03 06:13:23.717 [EVENT] sock=2536 hEvent=000009A4 events=0x21
2026-10-03 06:13:33.814 [EVENT] sock=2536 hEvent=000009A4 events=0x0
2026-10-03 06:13:33.814 [EVENT] sock=2536 hEvent=000009A4 events=0x21
2026-10-03 06:13:39.573 [EVENT] sock=2732 hEvent=00000A90 events=0x0
2026-10-03 06:13:39.573 [EVENT] sock=2732 hEvent=00000A90 events=0x21
2026-10-03 06:13:43.863 [EVENT] sock=2536 hEvent=000009A4 events=0x0
2026-10-03 06:13:43.864 [EVENT] sock=2536 hEvent=000009A4 events=0x21
2026-10-03 06:13:53.930 [EVENT] sock=2536 hEvent=000009A4 events=0x0
2026-10-03 06:13:53.933 [EVENT] sock=2536 hEvent=000009A4 events=0x21
2026-10-03 06:14:04.080 [EVENT] sock=2536 hEvent=000009A4 events=0x0
2026-10-03 06:14:04.081 [EVENT] sock=2536 hEvent=000009A4 events=0x21
2026-10-03 06:14:09.574 [EVENT] sock=2732 hEvent=00000A90 events=0x0
2026-10-03 06:14:09.574 [EVENT] sock=2732 hEvent=00000A90 events=0x21
2026-10-03 06:14:14.130 [EVENT] sock=2536 hEvent=000009A4 events=0x0
2026-10-03 06:14:14.131 [EVENT] sock=2536 hEvent=000009A4 events=0x21
2026-10-03 06:14:24.180 [EVENT] sock=2536 hEvent=000009A4 events=0x0
2026-10-03 06:14:24.181 [EVENT] sock=2536 hEvent=000009A4 events=0x21
2026-10-03 06:14:34.289 [EVENT] sock=2536 hEvent=000009A4 events=0x0
2026-10-03 06:14:34.290 [EVENT] sock=2536 hEvent=000009A4 events=0x21
2026-10-03 06:14:39.575 [EVENT] sock=2732 hEvent=00000A90 events=0x0
2026-10-03 06:14:39.575 [EVENT] sock=2732 hEvent=00000A90 events=0x21
2026-10-03 06:14:44.351 [EVENT] sock=2536 hEvent=000009A4 events=0x0
2026-10-03 06:14:44.351 [EVENT] sock=2536 hEvent=000009A4 events=0x21
2026-10-03 06:14:54.400 [EVENT] sock=2536 hEvent=000009A4 events=0x0
2026-10-03 06:14:54.401 [EVENT] sock=2536 hEvent=000009A4 events=0x21
2026-10-03 06:15:04.533 [EVENT] sock=2536 hEvent=000009A4 events=0x0
2026-10-03 06:15:04.536 [EVENT] sock=2536 hEvent=000009A4 events=0x21
2026-10-03 06:15:09.577 [EVENT] sock=2732 hEvent=00000A90 events=0x0
2026-10-03 06:15:09.577 [EVENT] sock=2732 hEvent=00000A90 events=0x21
2026-10-03 06:15:14.584 [EVENT] sock=2536 hEvent=000009A4 events=0x0
2026-10-03 06:15:14.584 [EVENT] sock=2536 hEvent=000009A4 events=0x21
2026-10-03 06:15:24.633 [EVENT] sock=2536 hEvent=000009A4 events=0x0
2026-10-03 06:15:24.636 [EVENT] sock=2536 hEvent=000009A4 events=0x21
2026-10-03 06:15:34.800 [EVENT] sock=2536 hEvent=000009A4 events=0x0
2026-10-03 06:15:34.801 [EVENT] sock=2536 hEvent=000009A4 events=0x21
2026-10-03 06:15:39.578 [EVENT] sock=2732 hEvent=00000A90 events=0x0
2026-10-03 06:15:39.578 [EVENT] sock=2732 hEvent=00000A90 events=0x21
2026-10-03 06:15:44.852 [EVENT] sock=2536 hEvent=000009A4 events=0x0
2026-10-03 06:15:44.855 [EVENT] sock=2536 hEvent=000009A4 events=0x21
2026-10-03 06:15:54.916 [EVENT] sock=2536 hEvent=000009A4 events=0x0
2026-10-03 06:15:54.917 [EVENT] sock=2536 hEvent=000009A4 events=0x21
2026-10-03 06:16:05.001 [EVENT] sock=2536 hEvent=000009A4 events=0x0
2026-10-03 06:16:05.001 [EVENT] sock=2536 hEvent=000009A4 events=0x21
2026-10-03 06:16:09.579 [EVENT] sock=2732 hEvent=00000A90 events=0x0
2026-10-03 06:16:09.579 [EVENT] sock=2732 hEvent=00000A90 events=0x21
2026-10-03 06:16:15.051 [EVENT] sock=2536 hEvent=000009A4 events=0x0
2026-10-03 06:16:15.054 [EVENT] sock=2536 hEvent=000009A4 events=0x21
2026-10-03 06:16:25.123 [EVENT] sock=2536 hEvent=000009A4 events=0x0
2026-10-03 06:16:25.124 [EVENT] sock=2536 hEvent=000009A4 events=0x21
2026-10-03 06:16:35.356 [EVENT] sock=2536 hEvent=000009A4 events=0x0
2026-10-03 06:16:35.357 [EVENT] sock=2536 hEvent=000009A4 events=0x21
2026-10-03 06:16:39.579 [EVENT] sock=2732 hEvent=00000A90 events=0x0
2026-10-03 06:16:39.580 [EVENT] sock=2732 hEvent=00000A90 events=0x21
2026-10-03 06:16:45.420 [EVENT] sock=2536 hEvent=000009A4 events=0x0
2026-10-03 06:16:45.426 [EVENT] sock=2536 hEvent=000009A4 events=0x21
2026-10-03 06:16:55.489 [EVENT] sock=2536 hEvent=000009A4 events=0x0
2026-10-03 06:16:55.491 [EVENT] sock=2536 hEvent=000009A4 events=0x21
2026-10-03 06:17:05.558 [EVENT] sock=2536 hEvent=000009A4 events=0x0
2026-10-03 06:17:05.558 [EVENT] sock=2536 hEvent=000009A4 events=0x21
2026-10-03 06:17:09.581 [EVENT] sock=2732 hEvent=00000A90 events=0x0
2026-10-03 06:17:09.581 [EVENT] sock=2732 hEvent=00000A90 events=0x21
2026-10-03 06:17:15.622 [EVENT] sock=2536 hEvent=000009A4 events=0x0
2026-10-03 06:17:15.623 [EVENT] sock=2536 hEvent=000009A4 events=0x21
2026-10-03 06:17:25.676 [EVENT] sock=2536 hEvent=000009A4 events=0x0
2026-10-03 06:17:25.676 [EVENT] sock=2536 hEvent=000009A4 events=0x21
2026-10-03 06:17:35.762 [EVENT] sock=2536 hEvent=000009A4 events=0x0
2026-10-03 06:17:35.763 [EVENT] sock=2536 hEvent=000009A4 events=0x21
2026-10-03 06:17:39.582 [EVENT] sock=2732 hEvent=00000A90 events=0x0
2026-10-03 06:17:39.582 [EVENT] sock=2732 hEvent=00000A90 events=0x21
2026-10-03 06:17:45.827 [EVENT] sock=2536 hEvent=000009A4 events=0x0
2026-10-03 06:17:45.829 [EVENT] sock=2536 hEvent=000009A4 events=0x21
2026-10-03 06:17:55.896 [EVENT] sock=2536 hEvent=000009A4 events=0x0
2026-10-03 06:17:55.897 [EVENT] sock=2536 hEvent=000009A4 events=0x21
2026-10-03 06:18:06.023 [EVENT] sock=2536 hEvent=000009A4 events=0x0
2026-10-03 06:18:06.027 [EVENT] sock=2536 hEvent=000009A4 events=0x21
2026-10-03 06:18:09.584 [EVENT] sock=2732 hEvent=00000A90 events=0x0
2026-10-03 06:18:09.584 [EVENT] sock=2732 hEvent=00000A90 events=0x21
2026-10-03 06:18:16.073 [EVENT] sock=2536 hEvent=000009A4 events=0x0
2026-10-03 06:18:16.074 [EVENT] sock=2536 hEvent=000009A4 events=0x21
2026-10-03 06:18:26.125 [EVENT] sock=2536 hEvent=000009A4 events=0x0
2026-10-03 06:18:26.125 [EVENT] sock=2536 hEvent=000009A4 events=0x21
2026-10-03 06:18:36.376 [EVENT] sock=2536 hEvent=000009A4 events=0x0
2026-10-03 06:18:36.377 [EVENT] sock=2536 hEvent=000009A4 events=0x21
2026-10-03 06:18:39.586 [EVENT] sock=2732 hEvent=00000A90 events=0x0
2026-10-03 06:18:39.587 [EVENT] sock=2732 hEvent=00000A90 events=0x21
2026-10-03 06:18:46.446 [EVENT] sock=2536 hEvent=000009A4 events=0x0
2026-10-03 06:18:46.447 [EVENT] sock=2536 hEvent=000009A4 events=0x21
2026-10-03 06:18:56.512 [EVENT] sock=2536 hEvent=000009A4 events=0x0
2026-10-03 06:18:56.513 [EVENT] sock=2536 hEvent=000009A4 events=0x21
2026-10-03 06:19:06.573 [EVENT] sock=2536 hEvent=000009A4 events=0x0
2026-10-03 06:19:06.573 [EVENT] sock=2536 hEvent=000009A4 events=0x21
2026-10-03 06:19:09.588 [EVENT] sock=2732 hEvent=00000A90 events=0x0
2026-10-03 06:19:09.589 [EVENT] sock=2732 hEvent=00000A90 events=0x21
2026-10-03 06:19:16.641 [EVENT] sock=2536 hEvent=000009A4 events=0x0
2026-10-03 06:19:16.644 [EVENT] sock=2536 hEvent=000009A4 events=0x21
2026-10-03 06:19:26.708 [EVENT] sock=2536 hEvent=000009A4 events=0x0
2026-10-03 06:19:26.710 [EVENT] sock=2536 hEvent=000009A4 events=0x21
2026-10-03 06:19:36.774 [EVENT] sock=2536 hEvent=000009A4 events=0x0
2026-10-03 06:19:36.775 [EVENT] sock=2536 hEvent=000009A4 events=0x21
2026-10-03 06:19:39.590 [EVENT] sock=2732 hEvent=00000A90 events=0x0
2026-10-03 06:19:39.590 [EVENT] sock=2732 hEvent=00000A90 events=0x21
2026-10-03 06:19:46.841 [EVENT] sock=2536 hEvent=000009A4 events=0x0
2026-10-03 06:19:46.845 [EVENT] sock=2536 hEvent=000009A4 events=0x21
2026-10-03 06:19:56.890 [EVENT] sock=2536 hEvent=000009A4 events=0x0
2026-10-03 06:19:56.891 [EVENT] sock=2536 hEvent=000009A4 events=0x21
2026-10-03 06:20:06.991 [EVENT] sock=2536 hEvent=000009A4 events=0x0
2026-10-03 06:20:06.992 [EVENT] sock=2536 hEvent=000009A4 events=0x21
2026-10-03 06:20:09.592 [EVENT] sock=2732 hEvent=00000A90 events=0x0
2026-10-03 06:20:09.600 [EVENT] sock=2732 hEvent=00000A90 events=0x21
2026-10-03 06:20:17.058 [EVENT] sock=2536 hEvent=000009A4 events=0x0
2026-10-03 06:20:17.062 [EVENT] sock=2536 hEvent=000009A4 events=0x21
2026-10-03 06:20:27.125 [EVENT] sock=2536 hEvent=000009A4 events=0x0
2026-10-03 06:20:27.125 [EVENT] sock=2536 hEvent=000009A4 events=0x21
2026-10-03 06:20:37.195 [EVENT] sock=2536 hEvent=000009A4 events=0x0
2026-10-03 06:20:37.195 [EVENT] sock=2536 hEvent=000009A4 events=0x21
2026-10-03 06:20:39.600 [EVENT] sock=2732 hEvent=00000A90 events=0x0
2026-10-03 06:20:39.601 [EVENT] sock=2732 hEvent=00000A90 events=0x21
2026-10-03 06:20:47.244 [EVENT] sock=2536 hEvent=000009A4 events=0x0
2026-10-03 06:20:47.245 [EVENT] sock=2536 hEvent=000009A4 events=0x21
2026-10-03 06:20:57.294 [EVENT] sock=2536 hEvent=000009A4 events=0x0
2026-10-03 06:20:57.294 [EVENT] sock=2536 hEvent=000009A4 events=0x21
2026-10-03 06:21:07.394 [EVENT] sock=2536 hEvent=000009A4 events=0x0
2026-10-03 06:21:07.394 [EVENT] sock=2536 hEvent=000009A4 events=0x21
2026-10-03 06:21:09.602 [EVENT] sock=2732 hEvent=00000A90 events=0x0
2026-10-03 06:21:09.602 [EVENT] sock=2732 hEvent=00000A90 events=0x21
2026-10-03 06:21:17.445 [EVENT] sock=2536 hEvent=000009A4 events=0x0
2026-10-03 06:21:17.445 [EVENT] sock=2536 hEvent=000009A4 events=0x21
2026-10-03 06:21:27.493 [EVENT] sock=2536 hEvent=000009A4 events=0x0
2026-10-03 06:21:27.493 [EVENT] sock=2536 hEvent=000009A4 events=0x21
2026-10-03 06:21:37.594 [EVENT] sock=2536 hEvent=000009A4 events=0x0
2026-10-03 06:21:37.596 [EVENT] sock=2536 hEvent=000009A4 events=0x21
2026-10-03 06:21:39.604 [EVENT] sock=2732 hEvent=00000A90 events=0x0
2026-10-03 06:21:39.604 [EVENT] sock=2732 hEvent=00000A90 events=0x21
2026-10-03 06:21:47.669 [EVENT] sock=2536 hEvent=000009A4 events=0x0
2026-10-03 06:21:47.669 [EVENT] sock=2536 hEvent=000009A4 events=0x21
2026-10-03 06:21:57.730 [EVENT] sock=2536 hEvent=000009A4 events=0x0
2026-10-03 06:21:57.731 [EVENT] sock=2536 hEvent=000009A4 events=0x21
2026-10-03 06:22:07.864 [EVENT] sock=2536 hEvent=000009A4 events=0x0
2026-10-03 06:22:07.866 [EVENT] sock=2536 hEvent=000009A4 events=0x21
2026-10-03 06:22:09.606 [EVENT] sock=2732 hEvent=00000A90 events=0x0
2026-10-03 06:22:09.606 [EVENT] sock=2732 hEvent=00000A90 events=0x21
2026-10-03 06:22:17.930 [EVENT] sock=2536 hEvent=000009A4 events=0x0
2026-10-03 06:22:17.931 [EVENT] sock=2536 hEvent=000009A4 events=0x21
2026-10-03 06:22:27.984 [EVENT] sock=2536 hEvent=000009A4 events=0x0
2026-10-03 06:22:27.985 [EVENT] sock=2536 hEvent=000009A4 events=0x21
2026-10-03 06:22:38.117 [EVENT] sock=2536 hEvent=000009A4 events=0x0
2026-10-03 06:22:38.121 [EVENT] sock=2536 hEvent=000009A4 events=0x21
2026-10-03 06:22:39.607 [EVENT] sock=2732 hEvent=00000A90 events=0x0
2026-10-03 06:22:39.608 [EVENT] sock=2732 hEvent=00000A90 events=0x21
2026-10-03 06:22:48.168 [EVENT] sock=2536 hEvent=000009A4 events=0x0
2026-10-03 06:22:48.168 [EVENT] sock=2536 hEvent=000009A4 events=0x21
2026-10-03 06:22:58.234 [EVENT] sock=2536 hEvent=000009A4 events=0x0
2026-10-03 06:22:58.238 [EVENT] sock=2536 hEvent=000009A4 events=0x21
2026-10-03 06:23:08.367 [EVENT] sock=2536 hEvent=000009A4 events=0x0
2026-10-03 06:23:08.368 [EVENT] sock=2536 hEvent=000009A4 events=0x21
2026-10-03 06:23:09.609 [EVENT] sock=2732 hEvent=00000A90 events=0x0
2026-10-03 06:23:09.610 [EVENT] sock=2732 hEvent=00000A90 events=0x21
2026-10-03 06:23:18.417 [EVENT] sock=2536 hEvent=000009A4 events=0x0
2026-10-03 06:23:18.418 [EVENT] sock=2536 hEvent=000009A4 events=0x21
2026-10-03 06:23:28.471 [EVENT] sock=2536 hEvent=000009A4 events=0x0
2026-10-03 06:23:28.473 [EVENT] sock=2536 hEvent=000009A4 events=0x21
2026-10-03 06:23:38.618 [EVENT] sock=2536 hEvent=000009A4 events=0x0
2026-10-03 06:23:38.619 [EVENT] sock=2536 hEvent=000009A4 events=0x21
2026-10-03 06:23:39.611 [EVENT] sock=2732 hEvent=00000A90 events=0x0
2026-10-03 06:23:39.611 [EVENT] sock=2732 hEvent=00000A90 events=0x21
2026-10-03 06:23:48.684 [EVENT] sock=2536 hEvent=000009A4 events=0x0
2026-10-03 06:23:48.685 [EVENT] sock=2536 hEvent=000009A4 events=0x21
2026-10-03 06:23:58.733 [EVENT] sock=2536 hEvent=000009A4 events=0x0
2026-10-03 06:23:58.735 [EVENT] sock=2536 hEvent=000009A4 events=0x21
2026-10-03 06:24:08.867 [EVENT] sock=2536 hEvent=000009A4 events=0x0
2026-10-03 06:24:08.869 [EVENT] sock=2536 hEvent=000009A4 events=0x21
2026-10-03 06:24:09.613 [EVENT] sock=2732 hEvent=00000A90 events=0x0
2026-10-03 06:24:09.613 [EVENT] sock=2732 hEvent=00000A90 events=0x21
2026-10-03 06:24:18.917 [EVENT] sock=2536 hEvent=000009A4 events=0x0
2026-10-03 06:24:18.918 [EVENT] sock=2536 hEvent=000009A4 events=0x21
2026-10-03 06:24:28.967 [EVENT] sock=2536 hEvent=000009A4 events=0x0
2026-10-03 06:24:28.968 [EVENT] sock=2536 hEvent=000009A4 events=0x21
2026-10-03 06:24:39.183 [EVENT] sock=2536 hEvent=000009A4 events=0x0
2026-10-03 06:24:39.184 [EVENT] sock=2536 hEvent=000009A4 events=0x21
2026-10-03 06:24:39.614 [EVENT] sock=2732 hEvent=00000A90 events=0x0
2026-10-03 06:24:39.614 [EVENT] sock=2732 hEvent=00000A90 events=0x21
2026-10-03 06:24:49.234 [EVENT] sock=2536 hEvent=000009A4 events=0x0
2026-10-03 06:24:49.237 [EVENT] sock=2536 hEvent=000009A4 events=0x21
2026-10-03 06:24:59.285 [EVENT] sock=2536 hEvent=000009A4 events=0x0
2026-10-03 06:24:59.286 [EVENT] sock=2536 hEvent=000009A4 events=0x21
2026-10-03 06:25:09.441 [EVENT] sock=2536 hEvent=000009A4 events=0x0
2026-10-03 06:25:09.441 [EVENT] sock=2536 hEvent=000009A4 events=0x21
2026-10-03 06:25:09.616 [EVENT] sock=2732 hEvent=00000A90 events=0x0
2026-10-03 06:25:09.616 [EVENT] sock=2732 hEvent=00000A90 events=0x21
2026-10-03 06:25:19.504 [EVENT] sock=2536 hEvent=000009A4 events=0x0
2026-10-03 06:25:19.506 [EVENT] sock=2536 hEvent=000009A4 events=0x21
2026-10-03 06:25:30.107 [EVENT] sock=2536 hEvent=000009A4 events=0x0
2026-10-03 06:25:30.108 [EVENT] sock=2536 hEvent=000009A4 events=0x21
2026-10-03 06:25:39.617 [EVENT] sock=2732 hEvent=00000A90 events=0x0
2026-10-03 06:25:39.618 [EVENT] sock=2732 hEvent=00000A90 events=0x21
2026-10-03 06:25:40.175 [EVENT] sock=2536 hEvent=000009A4 events=0x0
2026-10-03 06:25:40.175 [EVENT] sock=2536 hEvent=000009A4 events=0x21
2026-10-03 06:25:50.840 [EVENT] sock=2536 hEvent=000009A4 events=0x0
2026-10-03 06:25:50.840 [EVENT] sock=2536 hEvent=000009A4 events=0x21
2026-10-03 06:26:02.871 [EVENT] sock=2536 hEvent=000009A4 events=0x0
2026-10-03 06:26:02.871 [EVENT] sock=2536 hEvent=000009A4 events=0x21
2026-10-03 06:26:09.619 [EVENT] sock=2732 hEvent=00000A90 events=0x0
2026-10-03 06:26:09.621 [EVENT] sock=2732 hEvent=00000A90 events=0x21
2026-10-03 06:26:14.037 [EVENT] sock=2536 hEvent=000009A4 events=0x0
2026-10-03 06:26:14.040 [EVENT] sock=2536 hEvent=000009A4 events=0x21
2026-10-03 06:26:25.454 [EVENT] sock=2536 hEvent=000009A4 events=0x0
2026-10-03 06:26:25.455 [EVENT] sock=2536 hEvent=000009A4 events=0x21
2026-10-03 06:26:35.505 [EVENT] sock=2536 hEvent=000009A4 events=0x0
2026-10-03 06:26:35.513 [EVENT] sock=2536 hEvent=000009A4 events=0x21
2026-10-03 06:26:39.622 [EVENT] sock=2732 hEvent=00000A90 events=0x0
2026-10-03 06:26:39.629 [EVENT] sock=2732 hEvent=00000A90 events=0x21
2026-10-03 06:26:46.772 [EVENT] sock=2536 hEvent=000009A4 events=0x0
2026-10-03 06:26:46.772 [EVENT] sock=2536 hEvent=000009A4 events=0x21
2026-10-03 06:26:56.827 [EVENT] sock=2536 hEvent=000009A4 events=0x0
2026-10-03 06:26:56.829 [EVENT] sock=2536 hEvent=000009A4 events=0x21
2026-10-03 06:27:06.976 [EVENT] sock=2536 hEvent=000009A4 events=0x0
2026-10-03 06:27:06.977 [EVENT] sock=2536 hEvent=000009A4 events=0x21
2026-10-03 06:27:09.630 [EVENT] sock=2732 hEvent=00000A90 events=0x0
2026-10-03 06:27:09.631 [EVENT] sock=2732 hEvent=00000A90 events=0x21
2026-10-03 06:27:17.028 [EVENT] sock=2536 hEvent=000009A4 events=0x0
2026-10-03 06:27:17.028 [EVENT] sock=2536 hEvent=000009A4 events=0x21
2026-10-03 06:27:27.093 [EVENT] sock=2536 hEvent=000009A4 events=0x0
2026-10-03 06:27:27.093 [EVENT] sock=2536 hEvent=000009A4 events=0x21
2026-10-03 06:27:37.161 [EVENT] sock=2536 hEvent=000009A4 events=0x0
2026-10-03 06:27:37.162 [EVENT] sock=2536 hEvent=000009A4 events=0x21
2026-10-03 06:27:39.632 [EVENT] sock=2732 hEvent=00000A90 events=0x0
2026-10-03 06:27:39.632 [EVENT] sock=2732 hEvent=00000A90 events=0x21
2026-10-03 06:27:47.778 [EVENT] sock=2536 hEvent=000009A4 events=0x0
2026-10-03 06:27:47.778 [EVENT] sock=2536 hEvent=000009A4 events=0x21
2026-10-03 06:27:58.431 [EVENT] sock=2536 hEvent=000009A4 events=0x0
2026-10-03 06:27:58.431 [EVENT] sock=2536 hEvent=000009A4 events=0x21
2026-10-03 06:28:09.634 [EVENT] sock=2732 hEvent=00000A90 events=0x0
2026-10-03 06:28:09.634 [EVENT] sock=2732 hEvent=00000A90 events=0x21
2026-10-03 06:28:10.925 [EVENT] sock=2536 hEvent=000009A4 events=0x0
2026-10-03 06:28:10.926 [EVENT] sock=2536 hEvent=000009A4 events=0x21
2026-10-03 06:28:20.976 [EVENT] sock=2536 hEvent=000009A4 events=0x0
2026-10-03 06:28:20.976 [EVENT] sock=2536 hEvent=000009A4 events=0x21
2026-10-03 06:28:31.027 [EVENT] sock=2536 hEvent=000009A4 events=0x0
2026-10-03 06:28:31.029 [EVENT] sock=2536 hEvent=000009A4 events=0x21
2026-10-03 06:28:39.635 [EVENT] sock=2732 hEvent=00000A90 events=0x0
2026-10-03 06:28:39.635 [EVENT] sock=2732 hEvent=00000A90 events=0x21
2026-10-03 06:28:41.132 [EVENT] sock=2536 hEvent=000009A4 events=0x0
2026-10-03 06:28:41.132 [EVENT] sock=2536 hEvent=000009A4 events=0x21
2026-10-03 06:28:53.397 [EVENT] sock=2536 hEvent=000009A4 events=0x0
2026-10-03 06:28:53.398 [EVENT] sock=2536 hEvent=000009A4 events=0x21
2026-10-03 06:29:04.813 [EVENT] sock=2536 hEvent=000009A4 events=0x0
2026-10-03 06:29:04.814 [EVENT] sock=2536 hEvent=000009A4 events=0x21
2026-10-03 06:29:09.637 [EVENT] sock=2732 hEvent=00000A90 events=0x0
2026-10-03 06:29:09.637 [EVENT] sock=2732 hEvent=00000A90 events=0x21
2026-10-03 06:29:14.881 [EVENT] sock=2536 hEvent=000009A4 events=0x0
2026-10-03 06:29:14.881 [EVENT] sock=2536 hEvent=000009A4 events=0x21
2026-10-03 06:29:24.929 [EVENT] sock=2536 hEvent=000009A4 events=0x0
2026-10-03 06:29:24.930 [EVENT] sock=2536 hEvent=000009A4 events=0x21
2026-10-03 06:29:34.982 [EVENT] sock=2536 hEvent=000009A4 events=0x0
2026-10-03 06:29:34.982 [EVENT] sock=2536 hEvent=000009A4 events=0x21
2026-10-03 06:29:39.638 [EVENT] sock=2732 hEvent=00000A90 events=0x0
2026-10-03 06:29:39.640 [EVENT] sock=2732 hEvent=00000A90 events=0x21
2026-10-03 06:29:45.044 [EVENT] sock=2536 hEvent=000009A4 events=0x0
2026-10-03 06:29:45.045 [EVENT] sock=2536 hEvent=000009A4 events=0x21
2026-10-03 06:29:55.096 [EVENT] sock=2536 hEvent=000009A4 events=0x0
2026-10-03 06:29:55.097 [EVENT] sock=2536 hEvent=000009A4 events=0x21
2026-10-03 06:30:06.478 [EVENT] sock=2536 hEvent=000009A4 events=0x0
2026-10-03 06:30:06.478 [EVENT] sock=2536 hEvent=000009A4 events=0x21
2026-10-03 06:30:09.640 [EVENT] sock=2732 hEvent=00000A90 events=0x0
2026-10-03 06:30:09.641 [EVENT] sock=2732 hEvent=00000A90 events=0x21
2026-10-03 06:30:16.528 [EVENT] sock=2536 hEvent=000009A4 events=0x0
2026-10-03 06:30:16.529 [EVENT] sock=2536 hEvent=000009A4 events=0x21
2026-10-03 06:30:26.578 [EVENT] sock=2536 hEvent=000009A4 events=0x0
2026-10-03 06:30:26.578 [EVENT] sock=2536 hEvent=000009A4 events=0x21
2026-10-03 06:30:36.628 [EVENT] sock=2536 hEvent=000009A4 events=0x0
2026-10-03 06:30:36.631 [EVENT] sock=2536 hEvent=000009A4 events=0x21
2026-10-03 06:30:39.641 [EVENT] sock=2732 hEvent=00000A90 events=0x0
2026-10-03 06:30:39.641 [EVENT] sock=2732 hEvent=00000A90 events=0x21
2026-10-03 06:30:46.697 [EVENT] sock=2536 hEvent=000009A4 events=0x0
2026-10-03 06:30:46.699 [EVENT] sock=2536 hEvent=000009A4 events=0x21
2026-10-03 06:30:56.751 [EVENT] sock=2536 hEvent=000009A4 events=0x0
2026-10-03 06:30:56.751 [EVENT] sock=2536 hEvent=000009A4 events=0x21
2026-10-03 06:31:06.814 [EVENT] sock=2536 hEvent=000009A4 events=0x0
2026-10-03 06:31:06.816 [EVENT] sock=2536 hEvent=000009A4 events=0x21
2026-10-03 06:31:09.643 [EVENT] sock=2732 hEvent=00000A90 events=0x0
2026-10-03 06:31:09.644 [EVENT] sock=2732 hEvent=00000A90 events=0x21
2026-10-03 06:31:16.864 [EVENT] sock=2536 hEvent=000009A4 events=0x0
2026-10-03 06:31:16.868 [EVENT] sock=2536 hEvent=000009A4 events=0x21
2026-10-03 06:31:26.931 [EVENT] sock=2536 hEvent=000009A4 events=0x0
2026-10-03 06:31:26.934 [EVENT] sock=2536 hEvent=000009A4 events=0x21
2026-10-03 06:31:36.998 [EVENT] sock=2536 hEvent=000009A4 events=0x0
2026-10-03 06:31:36.998 [EVENT] sock=2536 hEvent=000009A4 events=0x21
2026-10-03 06:31:39.644 [EVENT] sock=2732 hEvent=00000A90 events=0x0
2026-10-03 06:31:39.644 [EVENT] sock=2732 hEvent=00000A90 events=0x21
2026-10-03 06:31:47.048 [EVENT] sock=2536 hEvent=000009A4 events=0x0
2026-10-03 06:31:47.049 [EVENT] sock=2536 hEvent=000009A4 events=0x21
2026-10-03 06:31:57.098 [EVENT] sock=2536 hEvent=000009A4 events=0x0
2026-10-03 06:31:57.103 [EVENT] sock=2536 hEvent=000009A4 events=0x21
2026-10-03 06:32:07.164 [EVENT] sock=2536 hEvent=000009A4 events=0x0
2026-10-03 06:32:07.164 [EVENT] sock=2536 hEvent=000009A4 events=0x21
2026-10-03 06:32:09.646 [EVENT] sock=2732 hEvent=00000A90 events=0x0
2026-10-03 06:32:09.647 [EVENT] sock=2732 hEvent=00000A90 events=0x21
2026-10-03 06:32:17.214 [EVENT] sock=2536 hEvent=000009A4 events=0x0
2026-10-03 06:32:17.214 [EVENT] sock=2536 hEvent=000009A4 events=0x21
2026-10-03 06:32:27.264 [EVENT] sock=2536 hEvent=000009A4 events=0x0
2026-10-03 06:32:27.264 [EVENT] sock=2536 hEvent=000009A4 events=0x21
2026-10-03 06:32:37.314 [EVENT] sock=2536 hEvent=000009A4 events=0x0
2026-10-03 06:32:37.314 [EVENT] sock=2536 hEvent=000009A4 events=0x21
2026-10-03 06:32:39.647 [EVENT] sock=2732 hEvent=00000A90 events=0x0
2026-10-03 06:32:39.648 [EVENT] sock=2732 hEvent=00000A90 events=0x21
2026-10-03 06:32:47.364 [EVENT] sock=2536 hEvent=000009A4 events=0x0
2026-10-03 06:32:47.365 [EVENT] sock=2536 hEvent=000009A4 events=0x21
2026-10-03 06:32:57.415 [EVENT] sock=2536 hEvent=000009A4 events=0x0
2026-10-03 06:32:57.417 [EVENT] sock=2536 hEvent=000009A4 events=0x21
2026-10-03 06:33:07.465 [EVENT] sock=2536 hEvent=000009A4 events=0x0
2026-10-03 06:33:07.469 [EVENT] sock=2536 hEvent=000009A4 events=0x21
2026-10-03 06:33:09.648 [EVENT] sock=2732 hEvent=00000A90 events=0x0
2026-10-03 06:33:09.648 [EVENT] sock=2732 hEvent=00000A90 events=0x21
2026-10-03 06:33:17.537 [EVENT] sock=2536 hEvent=000009A4 events=0x0
2026-10-03 06:33:17.538 [EVENT] sock=2536 hEvent=000009A4 events=0x21
2026-10-03 06:33:27.603 [EVENT] sock=2536 hEvent=000009A4 events=0x0
2026-10-03 06:33:27.604 [EVENT] sock=2536 hEvent=000009A4 events=0x21
2026-10-03 06:33:37.672 [EVENT] sock=2536 hEvent=000009A4 events=0x0
2026-10-03 06:33:37.672 [EVENT] sock=2536 hEvent=000009A4 events=0x21
2026-10-03 06:33:39.657 [EVENT] sock=2732 hEvent=00000A90 events=0x0
2026-10-03 06:33:39.658 [EVENT] sock=2732 hEvent=00000A90 events=0x21
2026-10-03 06:33:47.736 [EVENT] sock=2536 hEvent=000009A4 events=0x0
2026-10-03 06:33:47.736 [EVENT] sock=2536 hEvent=000009A4 events=0x21
2026-10-03 06:33:57.801 [EVENT] sock=2536 hEvent=000009A4 events=0x0
2026-10-03 06:33:57.802 [EVENT] sock=2536 hEvent=000009A4 events=0x21
2026-10-03 06:34:07.858 [EVENT] sock=2536 hEvent=000009A4 events=0x0
2026-10-03 06:34:07.858 [EVENT] sock=2536 hEvent=000009A4 events=0x21
2026-10-03 06:34:09.659 [EVENT] sock=2732 hEvent=00000A90 events=0x0
2026-10-03 06:34:09.661 [EVENT] sock=2732 hEvent=00000A90 events=0x21
2026-10-03 06:34:17.922 [EVENT] sock=2536 hEvent=000009A4 events=0x0
2026-10-03 06:34:17.925 [EVENT] sock=2536 hEvent=000009A4 events=0x21
2026-10-03 06:34:27.993 [EVENT] sock=2536 hEvent=000009A4 events=0x0
2026-10-03 06:34:27.993 [EVENT] sock=2536 hEvent=000009A4 events=0x21
2026-10-03 06:34:38.058 [EVENT] sock=2536 hEvent=000009A4 events=0x0
2026-10-03 06:34:38.059 [EVENT] sock=2536 hEvent=000009A4 events=0x21
2026-10-03 06:34:39.661 [EVENT] sock=2732 hEvent=00000A90 events=0x0
2026-10-03 06:34:39.661 [EVENT] sock=2732 hEvent=00000A90 events=0x21
2026-10-03 06:34:48.124 [EVENT] sock=2536 hEvent=000009A4 events=0x0
2026-10-03 06:34:48.125 [EVENT] sock=2536 hEvent=000009A4 events=0x21
2026-10-03 06:34:58.190 [EVENT] sock=2536 hEvent=000009A4 events=0x0
2026-10-03 06:34:58.191 [EVENT] sock=2536 hEvent=000009A4 events=0x21
2026-10-03 06:35:08.253 [EVENT] sock=2536 hEvent=000009A4 events=0x0
2026-10-03 06:35:08.253 [EVENT] sock=2536 hEvent=000009A4 events=0x21
2026-10-03 06:35:09.662 [EVENT] sock=2732 hEvent=00000A90 events=0x0
2026-10-03 06:35:09.662 [EVENT] sock=2732 hEvent=00000A90 events=0x21
2026-10-03 06:35:18.304 [EVENT] sock=2536 hEvent=000009A4 events=0x0
2026-10-03 06:35:18.307 [EVENT] sock=2536 hEvent=000009A4 events=0x21
2026-10-03 06:35:28.371 [EVENT] sock=2536 hEvent=000009A4 events=0x0
2026-10-03 06:35:28.372 [EVENT] sock=2536 hEvent=000009A4 events=0x21
2026-10-03 06:35:38.426 [EVENT] sock=2536 hEvent=000009A4 events=0x0
2026-10-03 06:35:38.426 [EVENT] sock=2536 hEvent=000009A4 events=0x21
2026-10-03 06:35:39.664 [EVENT] sock=2732 hEvent=00000A90 events=0x0
2026-10-03 06:35:39.664 [EVENT] sock=2732 hEvent=00000A90 events=0x21
2026-10-03 06:35:48.491 [EVENT] sock=2536 hEvent=000009A4 events=0x0
2026-10-03 06:35:48.492 [EVENT] sock=2536 hEvent=000009A4 events=0x21
2026-10-03 06:35:58.554 [EVENT] sock=2536 hEvent=000009A4 events=0x0
2026-10-03 06:35:58.556 [EVENT] sock=2536 hEvent=000009A4 events=0x21
2026-10-03 06:36:08.611 [EVENT] sock=2536 hEvent=000009A4 events=0x0
2026-10-03 06:36:08.612 [EVENT] sock=2536 hEvent=000009A4 events=0x21
2026-10-03 06:36:09.664 [EVENT] sock=2732 hEvent=00000A90 events=0x0
2026-10-03 06:36:09.665 [EVENT] sock=2732 hEvent=00000A90 events=0x21
2026-10-03 06:36:18.678 [EVENT] sock=2536 hEvent=000009A4 events=0x0
2026-10-03 06:36:18.679 [EVENT] sock=2536 hEvent=000009A4 events=0x21
2026-10-03 06:36:28.741 [EVENT] sock=2536 hEvent=000009A4 events=0x0
2026-10-03 06:36:28.744 [EVENT] sock=2536 hEvent=000009A4 events=0x21
2026-10-03 06:36:38.790 [EVENT] sock=2536 hEvent=000009A4 events=0x0
2026-10-03 06:36:38.793 [EVENT] sock=2536 hEvent=000009A4 events=0x21
2026-10-03 06:36:39.666 [EVENT] sock=2732 hEvent=00000A90 events=0x0
2026-10-03 06:36:39.666 [EVENT] sock=2732 hEvent=00000A90 events=0x21
2026-10-03 06:36:48.841 [EVENT] sock=2536 hEvent=000009A4 events=0x0
2026-10-03 06:36:48.843 [EVENT] sock=2536 hEvent=000009A4 events=0x21
2026-10-03 06:36:58.898 [EVENT] sock=2536 hEvent=000009A4 events=0x0
2026-10-03 06:36:58.898 [EVENT] sock=2536 hEvent=000009A4 events=0x21
2026-10-03 06:37:08.965 [EVENT] sock=2536 hEvent=000009A4 events=0x0
2026-10-03 06:37:08.965 [EVENT] sock=2536 hEvent=000009A4 events=0x21
2026-10-03 06:37:09.666 [EVENT] sock=2732 hEvent=00000A90 events=0x0
2026-10-03 06:37:09.666 [EVENT] sock=2732 hEvent=00000A90 events=0x21
2026-10-03 06:37:19.029 [EVENT] sock=2536 hEvent=000009A4 events=0x0
2026-10-03 06:37:19.030 [EVENT] sock=2536 hEvent=000009A4 events=0x21
2026-10-03 06:37:29.095 [EVENT] sock=2536 hEvent=000009A4 events=0x0
2026-10-03 06:37:29.097 [EVENT] sock=2536 hEvent=000009A4 events=0x21
2026-10-03 06:37:39.159 [EVENT] sock=2536 hEvent=000009A4 events=0x0
2026-10-03 06:37:39.162 [EVENT] sock=2536 hEvent=000009A4 events=0x21
2026-10-03 06:37:39.667 [EVENT] sock=2732 hEvent=00000A90 events=0x0
2026-10-03 06:37:39.667 [EVENT] sock=2732 hEvent=00000A90 events=0x21
2026-10-03 06:37:49.229 [EVENT] sock=2536 hEvent=000009A4 events=0x0
2026-10-03 06:37:49.234 [EVENT] sock=2536 hEvent=000009A4 events=0x21
2026-10-03 06:37:59.302 [EVENT] sock=2536 hEvent=000009A4 events=0x0
2026-10-03 06:37:59.302 [EVENT] sock=2536 hEvent=000009A4 events=0x21
2026-10-03 06:38:09.363 [EVENT] sock=2536 hEvent=000009A4 events=0x0
2026-10-03 06:38:09.364 [EVENT] sock=2536 hEvent=000009A4 events=0x21
2026-10-03 06:38:09.668 [EVENT] sock=2732 hEvent=00000A90 events=0x0
2026-10-03 06:38:09.668 [EVENT] sock=2732 hEvent=00000A90 events=0x21
2026-10-03 06:38:19.418 [EVENT] sock=2536 hEvent=000009A4 events=0x0
2026-10-03 06:38:19.418 [EVENT] sock=2536 hEvent=000009A4 events=0x21
2026-10-03 06:38:29.481 [EVENT] sock=2536 hEvent=000009A4 events=0x0
2026-10-03 06:38:29.481 [EVENT] sock=2536 hEvent=000009A4 events=0x21
2026-10-03 06:38:39.529 [EVENT] sock=2536 hEvent=000009A4 events=0x0
2026-10-03 06:38:39.530 [EVENT] sock=2536 hEvent=000009A4 events=0x21
2026-10-03 06:38:39.672 [EVENT] sock=2732 hEvent=00000A90 events=0x0
2026-10-03 06:38:39.672 [EVENT] sock=2732 hEvent=00000A90 events=0x21
2026-10-03 06:38:49.581 [EVENT] sock=2536 hEvent=000009A4 events=0x0
2026-10-03 06:38:49.582 [EVENT] sock=2536 hEvent=000009A4 events=0x21
2026-10-03 06:38:59.631 [EVENT] sock=2536 hEvent=000009A4 events=0x0
2026-10-03 06:38:59.637 [EVENT] sock=2536 hEvent=000009A4 events=0x21
2026-10-03 06:39:09.673 [EVENT] sock=2732 hEvent=00000A90 events=0x0
2026-10-03 06:39:09.675 [EVENT] sock=2732 hEvent=00000A90 events=0x21
2026-10-03 06:39:09.703 [EVENT] sock=2536 hEvent=000009A4 events=0x0
2026-10-03 06:39:09.704 [EVENT] sock=2536 hEvent=000009A4 events=0x21
2026-10-03 06:39:19.773 [EVENT] sock=2536 hEvent=000009A4 events=0x0
2026-10-03 06:39:19.773 [EVENT] sock=2536 hEvent=000009A4 events=0x21
2026-10-03 06:39:29.835 [EVENT] sock=2536 hEvent=000009A4 events=0x0
2026-10-03 06:39:29.836 [EVENT] sock=2536 hEvent=000009A4 events=0x21
2026-10-03 06:39:39.675 [EVENT] sock=2732 hEvent=00000A90 events=0x0
2026-10-03 06:39:39.676 [EVENT] sock=2732 hEvent=00000A90 events=0x21
2026-10-03 06:39:39.884 [EVENT] sock=2536 hEvent=000009A4 events=0x0
2026-10-03 06:39:39.885 [EVENT] sock=2536 hEvent=000009A4 events=0x21
2026-10-03 06:39:49.938 [EVENT] sock=2536 hEvent=000009A4 events=0x0
2026-10-03 06:39:49.940 [EVENT] sock=2536 hEvent=000009A4 events=0x21
2026-10-03 06:40:00.001 [EVENT] sock=2536 hEvent=000009A4 events=0x0
2026-10-03 06:40:00.001 [EVENT] sock=2536 hEvent=000009A4 events=0x21
2026-10-03 06:40:09.678 [EVENT] sock=2732 hEvent=00000A90 events=0x0
2026-10-03 06:40:09.678 [EVENT] sock=2732 hEvent=00000A90 events=0x21
2026-10-03 06:40:10.057 [EVENT] sock=2536 hEvent=000009A4 events=0x0
2026-10-03 06:40:10.057 [EVENT] sock=2536 hEvent=000009A4 events=0x21
2026-10-03 06:40:20.119 [EVENT] sock=2536 hEvent=000009A4 events=0x0
2026-10-03 06:40:20.122 [EVENT] sock=2536 hEvent=000009A4 events=0x21
2026-10-03 06:40:30.173 [EVENT] sock=2536 hEvent=000009A4 events=0x0
2026-10-03 06:40:30.173 [EVENT] sock=2536 hEvent=000009A4 events=0x21
2026-10-03 06:40:39.678 [EVENT] sock=2732 hEvent=00000A90 events=0x0
2026-10-03 06:40:39.678 [EVENT] sock=2732 hEvent=00000A90 events=0x21
2026-10-03 06:40:40.241 [EVENT] sock=2536 hEvent=000009A4 events=0x0
2026-10-03 06:40:40.242 [EVENT] sock=2536 hEvent=000009A4 events=0x21
2026-10-03 06:40:50.307 [EVENT] sock=2536 hEvent=000009A4 events=0x0
2026-10-03 06:40:50.309 [EVENT] sock=2536 hEvent=000009A4 events=0x21
2026-10-03 06:41:00.370 [EVENT] sock=2536 hEvent=000009A4 events=0x0
2026-10-03 06:41:00.371 [EVENT] sock=2536 hEvent=000009A4 events=0x21
2026-10-03 06:41:09.679 [EVENT] sock=2732 hEvent=00000A90 events=0x0
2026-10-03 06:41:09.680 [EVENT] sock=2732 hEvent=00000A90 events=0x21
2026-10-03 06:41:10.436 [EVENT] sock=2536 hEvent=000009A4 events=0x0
2026-10-03 06:41:10.437 [EVENT] sock=2536 hEvent=000009A4 events=0x21
2026-10-03 06:41:20.487 [EVENT] sock=2536 hEvent=000009A4 events=0x0
2026-10-03 06:41:20.489 [EVENT] sock=2536 hEvent=000009A4 events=0x21
2026-10-03 06:41:30.542 [EVENT] sock=2536 hEvent=000009A4 events=0x0
2026-10-03 06:41:30.545 [EVENT] sock=2536 hEvent=000009A4 events=0x21
2026-10-03 06:41:39.681 [EVENT] sock=2732 hEvent=00000A90 events=0x0
2026-10-03 06:41:39.681 [EVENT] sock=2732 hEvent=00000A90 events=0x21
2026-10-03 06:41:40.609 [EVENT] sock=2536 hEvent=000009A4 events=0x0
2026-10-03 06:41:40.610 [EVENT] sock=2536 hEvent=000009A4 events=0x21
2026-10-03 06:41:50.662 [EVENT] sock=2536 hEvent=000009A4 events=0x0
2026-10-03 06:41:50.662 [EVENT] sock=2536 hEvent=000009A4 events=0x21
2026-10-03 06:42:00.723 [EVENT] sock=2536 hEvent=000009A4 events=0x0
2026-10-03 06:42:00.723 [EVENT] sock=2536 hEvent=000009A4 events=0x21
2026-10-03 06:42:09.682 [EVENT] sock=2732 hEvent=00000A90 events=0x0
2026-10-03 06:42:09.683 [EVENT] sock=2732 hEvent=00000A90 events=0x21
2026-10-03 06:42:10.773 [EVENT] sock=2536 hEvent=000009A4 events=0x0
2026-10-03 06:42:10.778 [EVENT] sock=2536 hEvent=000009A4 events=0x21
2026-10-03 06:42:20.824 [EVENT] sock=2536 hEvent=000009A4 events=0x0
2026-10-03 06:42:20.827 [EVENT] sock=2536 hEvent=000009A4 events=0x21
2026-10-03 06:42:30.874 [EVENT] sock=2536 hEvent=000009A4 events=0x0
2026-10-03 06:42:30.879 [EVENT] sock=2536 hEvent=000009A4 events=0x21
2026-10-03 06:42:39.683 [EVENT] sock=2732 hEvent=00000A90 events=0x0
2026-10-03 06:42:39.683 [EVENT] sock=2732 hEvent=00000A90 events=0x21
2026-10-03 06:42:40.940 [EVENT] sock=2536 hEvent=000009A4 events=0x0
2026-10-03 06:42:40.941 [EVENT] sock=2536 hEvent=000009A4 events=0x21
2026-10-03 06:42:50.990 [EVENT] sock=2536 hEvent=000009A4 events=0x0
2026-10-03 06:42:50.993 [EVENT] sock=2536 hEvent=000009A4 events=0x21
2026-10-03 06:43:01.056 [EVENT] sock=2536 hEvent=000009A4 events=0x0
2026-10-03 06:43:01.058 [EVENT] sock=2536 hEvent=000009A4 events=0x21
2026-10-03 06:43:09.685 [EVENT] sock=2732 hEvent=00000A90 events=0x0
2026-10-03 06:43:09.686 [EVENT] sock=2732 hEvent=00000A90 events=0x21
2026-10-03 06:43:11.173 [EVENT] sock=2536 hEvent=000009A4 events=0x0
2026-10-03 06:43:11.175 [EVENT] sock=2536 hEvent=000009A4 events=0x21
2026-10-03 06:43:21.225 [EVENT] sock=2536 hEvent=000009A4 events=0x0
2026-10-03 06:43:21.225 [EVENT] sock=2536 hEvent=000009A4 events=0x21
2026-10-03 06:43:31.290 [EVENT] sock=2536 hEvent=000009A4 events=0x0
2026-10-03 06:43:31.291 [EVENT] sock=2536 hEvent=000009A4 events=0x21
2026-10-03 06:43:39.686 [EVENT] sock=2732 hEvent=00000A90 events=0x0
2026-10-03 06:43:39.687 [EVENT] sock=2732 hEvent=00000A90 events=0x21
2026-10-03 06:43:41.341 [EVENT] sock=2536 hEvent=000009A4 events=0x0
2026-10-03 06:43:41.345 [EVENT] sock=2536 hEvent=000009A4 events=0x21
2026-10-03 06:43:51.407 [EVENT] sock=2536 hEvent=000009A4 events=0x0
2026-10-03 06:43:51.408 [EVENT] sock=2536 hEvent=000009A4 events=0x21
2026-10-03 06:44:01.457 [EVENT] sock=2536 hEvent=000009A4 events=0x0
2026-10-03 06:44:01.458 [EVENT] sock=2536 hEvent=000009A4 events=0x21
2026-10-03 06:44:09.688 [EVENT] sock=2732 hEvent=00000A90 events=0x0
2026-10-03 06:44:09.689 [EVENT] sock=2732 hEvent=00000A90 events=0x21
2026-10-03 06:44:11.508 [EVENT] sock=2536 hEvent=000009A4 events=0x0
2026-10-03 06:44:11.510 [EVENT] sock=2536 hEvent=000009A4 events=0x21
2026-10-03 06:44:21.563 [EVENT] sock=2536 hEvent=000009A4 events=0x0
2026-10-03 06:44:21.564 [EVENT] sock=2536 hEvent=000009A4 events=0x21
2026-10-03 06:44:31.628 [EVENT] sock=2536 hEvent=000009A4 events=0x0
2026-10-03 06:44:31.631 [EVENT] sock=2536 hEvent=000009A4 events=0x21
2026-10-03 06:44:39.691 [EVENT] sock=2732 hEvent=00000A90 events=0x0
2026-10-03 06:44:39.692 [EVENT] sock=2732 hEvent=00000A90 events=0x21
2026-10-03 06:44:41.694 [EVENT] sock=2536 hEvent=000009A4 events=0x0
2026-10-03 06:44:41.694 [EVENT] sock=2536 hEvent=000009A4 events=0x21
2026-10-03 06:44:51.744 [EVENT] sock=2536 hEvent=000009A4 events=0x0
2026-10-03 06:44:51.747 [EVENT] sock=2536 hEvent=000009A4 events=0x21
2026-10-03 06:45:01.810 [EVENT] sock=2536 hEvent=000009A4 events=0x0
2026-10-03 06:45:01.811 [EVENT] sock=2536 hEvent=000009A4 events=0x21
2026-10-03 06:45:09.692 [EVENT] sock=2732 hEvent=00000A90 events=0x0
2026-10-03 06:45:09.692 [EVENT] sock=2732 hEvent=00000A90 events=0x21
2026-10-03 06:45:11.860 [EVENT] sock=2536 hEvent=000009A4 events=0x0
2026-10-03 06:45:11.865 [EVENT] sock=2536 hEvent=000009A4 events=0x21
2026-10-03 06:45:21.928 [EVENT] sock=2536 hEvent=000009A4 events=0x0
2026-10-03 06:45:21.931 [EVENT] sock=2536 hEvent=000009A4 events=0x21
2026-10-03 06:45:31.994 [EVENT] sock=2536 hEvent=000009A4 events=0x0
2026-10-03 06:45:31.997 [EVENT] sock=2536 hEvent=000009A4 events=0x21
2026-10-03 06:45:39.695 [EVENT] sock=2732 hEvent=00000A90 events=0x0
2026-10-03 06:45:39.695 [EVENT] sock=2732 hEvent=00000A90 events=0x21
2026-10-03 06:45:42.063 [EVENT] sock=2536 hEvent=000009A4 events=0x0
2026-10-03 06:45:42.064 [EVENT] sock=2536 hEvent=000009A4 events=0x21
2026-10-03 06:45:52.130 [EVENT] sock=2536 hEvent=000009A4 events=0x0
2026-10-03 06:45:52.133 [EVENT] sock=2536 hEvent=000009A4 events=0x21
2026-10-03 06:46:02.197 [EVENT] sock=2536 hEvent=000009A4 events=0x0
2026-10-03 06:46:02.198 [EVENT] sock=2536 hEvent=000009A4 events=0x21
2026-10-03 06:46:09.701 [EVENT] sock=2732 hEvent=00000A90 events=0x0
2026-10-03 06:46:09.705 [EVENT] sock=2732 hEvent=00000A90 events=0x21
2026-10-03 06:46:12.246 [EVENT] sock=2536 hEvent=000009A4 events=0x0
2026-10-03 06:46:12.246 [EVENT] sock=2536 hEvent=000009A4 events=0x21
2026-10-03 06:46:22.296 [EVENT] sock=2536 hEvent=000009A4 events=0x0
2026-10-03 06:46:22.297 [EVENT] sock=2536 hEvent=000009A4 events=0x21
2026-10-03 06:46:32.347 [EVENT] sock=2536 hEvent=000009A4 events=0x0
2026-10-03 06:46:32.347 [EVENT] sock=2536 hEvent=000009A4 events=0x21
2026-10-03 06:46:39.706 [EVENT] sock=2732 hEvent=00000A90 events=0x0
2026-10-03 06:46:39.706 [EVENT] sock=2732 hEvent=00000A90 events=0x21
2026-10-03 06:46:42.396 [EVENT] sock=2536 hEvent=000009A4 events=0x0
2026-10-03 06:46:42.397 [EVENT] sock=2536 hEvent=000009A4 events=0x21
2026-10-03 06:46:52.447 [EVENT] sock=2536 hEvent=000009A4 events=0x0
2026-10-03 06:46:52.452 [EVENT] sock=2536 hEvent=000009A4 events=0x21
2026-10-03 06:47:02.515 [EVENT] sock=2536 hEvent=000009A4 events=0x0
2026-10-03 06:47:02.518 [EVENT] sock=2536 hEvent=000009A4 events=0x21
2026-10-03 06:47:09.708 [EVENT] sock=2732 hEvent=00000A90 events=0x0
2026-10-03 06:47:09.709 [EVENT] sock=2732 hEvent=00000A90 events=0x21
2026-10-03 06:47:12.584 [EVENT] sock=2536 hEvent=000009A4 events=0x0
2026-10-03 06:47:12.584 [EVENT] sock=2536 hEvent=000009A4 events=0x21
2026-10-03 06:47:22.647 [EVENT] sock=2536 hEvent=000009A4 events=0x0
2026-10-03 06:47:22.648 [EVENT] sock=2536 hEvent=000009A4 events=0x21
2026-10-03 06:47:32.696 [EVENT] sock=2536 hEvent=000009A4 events=0x0
2026-10-03 06:47:32.697 [EVENT] sock=2536 hEvent=000009A4 events=0x21
2026-10-03 06:47:39.710 [EVENT] sock=2732 hEvent=00000A90 events=0x0
2026-10-03 06:47:39.710 [EVENT] sock=2732 hEvent=00000A90 events=0x21
2026-10-03 06:47:42.749 [EVENT] sock=2536 hEvent=000009A4 events=0x0
2026-10-03 06:47:42.750 [EVENT] sock=2536 hEvent=000009A4 events=0x21
2026-10-03 06:47:52.817 [EVENT] sock=2536 hEvent=000009A4 events=0x0
2026-10-03 06:47:52.818 [EVENT] sock=2536 hEvent=000009A4 events=0x21
2026-10-03 06:48:02.866 [EVENT] sock=2536 hEvent=000009A4 events=0x0
2026-10-03 06:48:02.870 [EVENT] sock=2536 hEvent=000009A4 events=0x21
2026-10-03 06:48:09.711 [EVENT] sock=2732 hEvent=00000A90 events=0x0
2026-10-03 06:48:09.711 [EVENT] sock=2732 hEvent=00000A90 events=0x21
2026-10-03 06:48:12.917 [EVENT] sock=2536 hEvent=000009A4 events=0x0
2026-10-03 06:48:12.917 [EVENT] sock=2536 hEvent=000009A4 events=0x21
2026-10-03 06:48:22.967 [EVENT] sock=2536 hEvent=000009A4 events=0x0
2026-10-03 06:48:22.968 [EVENT] sock=2536 hEvent=000009A4 events=0x21
2026-10-03 06:48:33.017 [EVENT] sock=2536 hEvent=000009A4 events=0x0
2026-10-03 06:48:33.018 [EVENT] sock=2536 hEvent=000009A4 events=0x21
2026-10-03 06:48:39.712 [EVENT] sock=2732 hEvent=00000A90 events=0x0
2026-10-03 06:48:39.712 [EVENT] sock=2732 hEvent=00000A90 events=0x21
2026-10-03 06:48:43.073 [EVENT] sock=2536 hEvent=000009A4 events=0x0
2026-10-03 06:48:43.075 [EVENT] sock=2536 hEvent=000009A4 events=0x21
2026-10-03 06:48:53.137 [EVENT] sock=2536 hEvent=000009A4 events=0x0
2026-10-03 06:48:53.138 [EVENT] sock=2536 hEvent=000009A4 events=0x21
2026-10-03 06:49:03.188 [EVENT] sock=2536 hEvent=000009A4 events=0x0
2026-10-03 06:49:03.192 [EVENT] sock=2536 hEvent=000009A4 events=0x21
2026-10-03 06:49:09.714 [EVENT] sock=2732 hEvent=00000A90 events=0x0
2026-10-03 06:49:09.715 [EVENT] sock=2732 hEvent=00000A90 events=0x21
2026-10-03 06:49:13.254 [EVENT] sock=2536 hEvent=000009A4 events=0x0
2026-10-03 06:49:13.254 [EVENT] sock=2536 hEvent=000009A4 events=0x21
2026-10-03 06:49:23.303 [EVENT] sock=2536 hEvent=000009A4 events=0x0
2026-10-03 06:49:23.306 [EVENT] sock=2536 hEvent=000009A4 events=0x21
2026-10-03 06:49:33.370 [EVENT] sock=2536 hEvent=000009A4 events=0x0
2026-10-03 06:49:33.371 [EVENT] sock=2536 hEvent=000009A4 events=0x21
2026-10-03 06:49:39.715 [EVENT] sock=2732 hEvent=00000A90 events=0x0
2026-10-03 06:49:39.715 [EVENT] sock=2732 hEvent=00000A90 events=0x21
2026-10-03 06:49:43.421 [EVENT] sock=2536 hEvent=000009A4 events=0x0
2026-10-03 06:49:43.421 [EVENT] sock=2536 hEvent=000009A4 events=0x21
2026-10-03 06:49:53.469 [EVENT] sock=2536 hEvent=000009A4 events=0x0
2026-10-03 06:49:53.470 [EVENT] sock=2536 hEvent=000009A4 events=0x21
2026-10-03 06:50:03.535 [EVENT] sock=2536 hEvent=000009A4 events=0x0
2026-10-03 06:50:03.535 [EVENT] sock=2536 hEvent=000009A4 events=0x21
2026-10-03 06:50:09.717 [EVENT] sock=2732 hEvent=00000A90 events=0x0
2026-10-03 06:50:09.718 [EVENT] sock=2732 hEvent=00000A90 events=0x21
2026-10-03 06:50:13.587 [EVENT] sock=2536 hEvent=000009A4 events=0x0
2026-10-03 06:50:13.587 [EVENT] sock=2536 hEvent=000009A4 events=0x21
2026-10-03 06:50:23.642 [EVENT] sock=2536 hEvent=000009A4 events=0x0
2026-10-03 06:50:23.644 [EVENT] sock=2536 hEvent=000009A4 events=0x21
2026-10-03 06:50:33.710 [EVENT] sock=2536 hEvent=000009A4 events=0x0
2026-10-03 06:50:33.711 [EVENT] sock=2536 hEvent=000009A4 events=0x21
2026-10-03 06:50:39.718 [EVENT] sock=2732 hEvent=00000A90 events=0x0
2026-10-03 06:50:39.719 [EVENT] sock=2732 hEvent=00000A90 events=0x21
2026-10-03 06:50:43.775 [EVENT] sock=2536 hEvent=000009A4 events=0x0
2026-10-03 06:50:43.776 [EVENT] sock=2536 hEvent=000009A4 events=0x21
2026-10-03 06:50:53.842 [EVENT] sock=2536 hEvent=000009A4 events=0x0
2026-10-03 06:50:53.842 [EVENT] sock=2536 hEvent=000009A4 events=0x21
2026-10-03 06:51:03.895 [EVENT] sock=2536 hEvent=000009A4 events=0x0
2026-10-03 06:51:03.895 [EVENT] sock=2536 hEvent=000009A4 events=0x21
2026-10-03 06:51:09.719 [EVENT] sock=2732 hEvent=00000A90 events=0x0
2026-10-03 06:51:09.720 [EVENT] sock=2732 hEvent=00000A90 events=0x21
2026-10-03 06:51:13.960 [EVENT] sock=2536 hEvent=000009A4 events=0x0
2026-10-03 06:51:13.962 [EVENT] sock=2536 hEvent=000009A4 events=0x21
2026-10-03 06:51:24.027 [EVENT] sock=2536 hEvent=000009A4 events=0x0
2026-10-03 06:51:24.027 [EVENT] sock=2536 hEvent=000009A4 events=0x21
2026-10-03 06:51:34.089 [EVENT] sock=2536 hEvent=000009A4 events=0x0
2026-10-03 06:51:34.092 [EVENT] sock=2536 hEvent=000009A4 events=0x21
2026-10-03 06:51:39.722 [EVENT] sock=2732 hEvent=00000A90 events=0x0
2026-10-03 06:51:39.726 [EVENT] sock=2732 hEvent=00000A90 events=0x21
2026-10-03 06:51:44.144 [EVENT] sock=2536 hEvent=000009A4 events=0x0
2026-10-03 06:51:44.145 [EVENT] sock=2536 hEvent=000009A4 events=0x21
2026-10-03 06:51:54.207 [EVENT] sock=2536 hEvent=000009A4 events=0x0
2026-10-03 06:51:54.207 [EVENT] sock=2536 hEvent=000009A4 events=0x21
2026-10-03 06:52:04.274 [EVENT] sock=2536 hEvent=000009A4 events=0x0
2026-10-03 06:52:04.277 [EVENT] sock=2536 hEvent=000009A4 events=0x21
2026-10-03 06:52:09.729 [EVENT] sock=2732 hEvent=00000A90 events=0x0
2026-10-03 06:52:09.730 [EVENT] sock=2732 hEvent=00000A90 events=0x21
2026-10-03 06:52:14.340 [EVENT] sock=2536 hEvent=000009A4 events=0x0
2026-10-03 06:52:14.344 [EVENT] sock=2536 hEvent=000009A4 events=0x21
2026-10-03 06:52:24.407 [EVENT] sock=2536 hEvent=000009A4 events=0x0
2026-10-03 06:52:24.413 [EVENT] sock=2536 hEvent=000009A4 events=0x21
2026-10-03 06:52:34.478 [EVENT] sock=2536 hEvent=000009A4 events=0x0
2026-10-03 06:52:34.480 [EVENT] sock=2536 hEvent=000009A4 events=0x21
2026-10-03 06:52:39.731 [EVENT] sock=2732 hEvent=00000A90 events=0x0
2026-10-03 06:52:39.731 [EVENT] sock=2732 hEvent=00000A90 events=0x21
2026-10-03 06:52:44.546 [EVENT] sock=2536 hEvent=000009A4 events=0x0
2026-10-03 06:52:44.547 [EVENT] sock=2536 hEvent=000009A4 events=0x21
2026-10-03 06:52:54.613 [EVENT] sock=2536 hEvent=000009A4 events=0x0
2026-10-03 06:52:54.613 [EVENT] sock=2536 hEvent=000009A4 events=0x21
2026-10-03 06:53:04.677 [EVENT] sock=2536 hEvent=000009A4 events=0x0
2026-10-03 06:53:04.679 [EVENT] sock=2536 hEvent=000009A4 events=0x21
2026-10-03 06:53:09.732 [EVENT] sock=2732 hEvent=00000A90 events=0x0
2026-10-03 06:53:09.733 [EVENT] sock=2732 hEvent=00000A90 events=0x21
2026-10-03 06:53:14.728 [EVENT] sock=2536 hEvent=000009A4 events=0x0
2026-10-03 06:53:14.731 [EVENT] sock=2536 hEvent=000009A4 events=0x21
2026-10-03 06:53:24.792 [EVENT] sock=2536 hEvent=000009A4 events=0x0
2026-10-03 06:53:24.793 [EVENT] sock=2536 hEvent=000009A4 events=0x21
2026-10-03 06:53:34.849 [EVENT] sock=2536 hEvent=000009A4 events=0x0
2026-10-03 06:53:34.849 [EVENT] sock=2536 hEvent=000009A4 events=0x21
2026-10-03 06:53:39.736 [EVENT] sock=2732 hEvent=00000A90 events=0x0
2026-10-03 06:53:39.736 [EVENT] sock=2732 hEvent=00000A90 events=0x21
2026-10-03 06:53:44.912 [EVENT] sock=2536 hEvent=000009A4 events=0x0
2026-10-03 06:53:44.912 [EVENT] sock=2536 hEvent=000009A4 events=0x21
2026-10-03 06:53:54.963 [EVENT] sock=2536 hEvent=000009A4 events=0x0
2026-10-03 06:53:54.965 [EVENT] sock=2536 hEvent=000009A4 events=0x21
2026-10-03 06:54:05.034 [EVENT] sock=2536 hEvent=000009A4 events=0x0
2026-10-03 06:54:05.034 [EVENT] sock=2536 hEvent=000009A4 events=0x21
2026-10-03 06:54:09.737 [EVENT] sock=2732 hEvent=00000A90 events=0x0
2026-10-03 06:54:09.737 [EVENT] sock=2732 hEvent=00000A90 events=0x21
2026-10-03 06:54:15.096 [EVENT] sock=2536 hEvent=000009A4 events=0x0
2026-10-03 06:54:15.101 [EVENT] sock=2536 hEvent=000009A4 events=0x21
2026-10-03 06:54:25.163 [EVENT] sock=2536 hEvent=000009A4 events=0x0
2026-10-03 06:54:25.166 [EVENT] sock=2536 hEvent=000009A4 events=0x21
2026-10-03 06:54:35.234 [EVENT] sock=2536 hEvent=000009A4 events=0x0
2026-10-03 06:54:35.235 [EVENT] sock=2536 hEvent=000009A4 events=0x21
2026-10-03 06:54:39.737 [EVENT] sock=2732 hEvent=00000A90 events=0x0
2026-10-03 06:54:39.738 [EVENT] sock=2732 hEvent=00000A90 events=0x21
2026-10-03 06:54:45.295 [EVENT] sock=2536 hEvent=000009A4 events=0x0
2026-10-03 06:54:45.295 [EVENT] sock=2536 hEvent=000009A4 events=0x21
2026-10-03 06:54:55.346 [EVENT] sock=2536 hEvent=000009A4 events=0x0
2026-10-03 06:54:55.346 [EVENT] sock=2536 hEvent=000009A4 events=0x21
2026-10-03 06:55:05.396 [EVENT] sock=2536 hEvent=000009A4 events=0x0
2026-10-03 06:55:05.397 [EVENT] sock=2536 hEvent=000009A4 events=0x21
2026-10-03 06:55:09.739 [EVENT] sock=2732 hEvent=00000A90 events=0x0
2026-10-03 06:55:09.739 [EVENT] sock=2732 hEvent=00000A90 events=0x21
2026-10-03 06:55:15.445 [EVENT] sock=2536 hEvent=000009A4 events=0x0
2026-10-03 06:55:15.446 [EVENT] sock=2536 hEvent=000009A4 events=0x21
2026-10-03 06:55:25.497 [EVENT] sock=2536 hEvent=000009A4 events=0x0
2026-10-03 06:55:25.499 [EVENT] sock=2536 hEvent=000009A4 events=0x21
2026-10-03 06:55:35.563 [EVENT] sock=2536 hEvent=000009A4 events=0x0
2026-10-03 06:55:35.565 [EVENT] sock=2536 hEvent=000009A4 events=0x21
2026-10-03 06:55:39.740 [EVENT] sock=2732 hEvent=00000A90 events=0x0
2026-10-03 06:55:39.740 [EVENT] sock=2732 hEvent=00000A90 events=0x21
2026-10-03 06:55:45.633 [EVENT] sock=2536 hEvent=000009A4 events=0x0
2026-10-03 06:55:45.635 [EVENT] sock=2536 hEvent=000009A4 events=0x21
2026-10-03 06:55:55.696 [EVENT] sock=2536 hEvent=000009A4 events=0x0
2026-10-03 06:55:55.701 [EVENT] sock=2536 hEvent=000009A4 events=0x21
2026-10-03 06:56:05.761 [EVENT] sock=2536 hEvent=000009A4 events=0x0
2026-10-03 06:56:05.762 [EVENT] sock=2536 hEvent=000009A4 events=0x21
2026-10-03 06:56:09.741 [EVENT] sock=2732 hEvent=00000A90 events=0x0
2026-10-03 06:56:09.741 [EVENT] sock=2732 hEvent=00000A90 events=0x21
2026-10-03 06:56:15.812 [EVENT] sock=2536 hEvent=000009A4 events=0x0
2026-10-03 06:56:15.813 [EVENT] sock=2536 hEvent=000009A4 events=0x21
2026-10-03 06:56:25.862 [EVENT] sock=2536 hEvent=000009A4 events=0x0
2026-10-03 06:56:25.863 [EVENT] sock=2536 hEvent=000009A4 events=0x21
2026-10-03 06:56:35.929 [EVENT] sock=2536 hEvent=000009A4 events=0x0
2026-10-03 06:56:35.930 [EVENT] sock=2536 hEvent=000009A4 events=0x21
2026-10-03 06:56:39.742 [EVENT] sock=2732 hEvent=00000A90 events=0x0
2026-10-03 06:56:39.743 [EVENT] sock=2732 hEvent=00000A90 events=0x21
2026-10-03 06:56:45.979 [EVENT] sock=2536 hEvent=000009A4 events=0x0
2026-10-03 06:56:45.980 [EVENT] sock=2536 hEvent=000009A4 events=0x21
2026-10-03 06:56:56.031 [EVENT] sock=2536 hEvent=000009A4 events=0x0
2026-10-03 06:56:56.034 [EVENT] sock=2536 hEvent=000009A4 events=0x21
2026-10-03 06:57:06.096 [EVENT] sock=2536 hEvent=000009A4 events=0x0
2026-10-03 06:57:06.097 [EVENT] sock=2536 hEvent=000009A4 events=0x21
2026-10-03 06:57:09.743 [EVENT] sock=2732 hEvent=00000A90 events=0x0
2026-10-03 06:57:09.744 [EVENT] sock=2732 hEvent=00000A90 events=0x21
2026-10-03 06:57:16.164 [EVENT] sock=2536 hEvent=000009A4 events=0x0
2026-10-03 06:57:16.169 [EVENT] sock=2536 hEvent=000009A4 events=0x21
2026-10-03 06:57:26.231 [EVENT] sock=2536 hEvent=000009A4 events=0x0
2026-10-03 06:57:26.234 [EVENT] sock=2536 hEvent=000009A4 events=0x21
2026-10-03 06:57:36.296 [EVENT] sock=2536 hEvent=000009A4 events=0x0
2026-10-03 06:57:36.296 [EVENT] sock=2536 hEvent=000009A4 events=0x21
2026-10-03 06:57:39.744 [EVENT] sock=2732 hEvent=00000A90 events=0x0
2026-10-03 06:57:39.745 [EVENT] sock=2732 hEvent=00000A90 events=0x21
2026-10-03 06:57:46.347 [EVENT] sock=2536 hEvent=000009A4 events=0x0
2026-10-03 06:57:46.348 [EVENT] sock=2536 hEvent=000009A4 events=0x21
2026-10-03 06:57:56.412 [EVENT] sock=2536 hEvent=000009A4 events=0x0
2026-10-03 06:57:56.413 [EVENT] sock=2536 hEvent=000009A4 events=0x21
2026-10-03 06:58:06.464 [EVENT] sock=2536 hEvent=000009A4 events=0x0
2026-10-03 06:58:06.464 [EVENT] sock=2536 hEvent=000009A4 events=0x21
2026-10-03 06:58:09.746 [EVENT] sock=2732 hEvent=00000A90 events=0x0
2026-10-03 06:58:09.747 [EVENT] sock=2732 hEvent=00000A90 events=0x21
2026-10-03 06:58:16.521 [EVENT] sock=2536 hEvent=000009A4 events=0x0
2026-10-03 06:58:16.522 [EVENT] sock=2536 hEvent=000009A4 events=0x21
2026-10-03 06:58:26.584 [EVENT] sock=2536 hEvent=000009A4 events=0x0
2026-10-03 06:58:26.584 [EVENT] sock=2536 hEvent=000009A4 events=0x21
2026-10-03 06:58:36.637 [EVENT] sock=2536 hEvent=000009A4 events=0x0
2026-10-03 06:58:36.637 [EVENT] sock=2536 hEvent=000009A4 events=0x21
2026-10-03 06:58:39.753 [EVENT] sock=2732 hEvent=00000A90 events=0x0
2026-10-03 06:58:39.757 [EVENT] sock=2732 hEvent=00000A90 events=0x21
2026-10-03 06:58:46.716 [EVENT] sock=2536 hEvent=000009A4 events=0x0
2026-10-03 06:58:46.716 [EVENT] sock=2536 hEvent=000009A4 events=0x21
2026-10-03 06:58:56.767 [EVENT] sock=2536 hEvent=000009A4 events=0x0
2026-10-03 06:58:56.767 [EVENT] sock=2536 hEvent=000009A4 events=0x21
2026-10-03 06:59:06.816 [EVENT] sock=2536 hEvent=000009A4 events=0x0
2026-10-03 06:59:06.816 [EVENT] sock=2536 hEvent=000009A4 events=0x21
2026-10-03 06:59:09.758 [EVENT] sock=2732 hEvent=00000A90 events=0x0
2026-10-03 06:59:09.758 [EVENT] sock=2732 hEvent=00000A90 events=0x21
2026-10-03 06:59:16.866 [EVENT] sock=2536 hEvent=000009A4 events=0x0
2026-10-03 06:59:16.866 [EVENT] sock=2536 hEvent=000009A4 events=0x21
2026-10-03 06:59:26.917 [EVENT] sock=2536 hEvent=000009A4 events=0x0
2026-10-03 06:59:26.918 [EVENT] sock=2536 hEvent=000009A4 events=0x21
2026-10-03 06:59:36.966 [EVENT] sock=2536 hEvent=000009A4 events=0x0
2026-10-03 06:59:36.967 [EVENT] sock=2536 hEvent=000009A4 events=0x21
2026-10-03 06:59:39.759 [EVENT] sock=2732 hEvent=00000A90 events=0x0
2026-10-03 06:59:39.759 [EVENT] sock=2732 hEvent=00000A90 events=0x21
2026-10-03 06:59:47.016 [EVENT] sock=2536 hEvent=000009A4 events=0x0
2026-10-03 06:59:47.017 [EVENT] sock=2536 hEvent=000009A4 events=0x21
2026-10-03 06:59:57.067 [EVENT] sock=2536 hEvent=000009A4 events=0x0
2026-10-03 06:59:57.072 [EVENT] sock=2536 hEvent=000009A4 events=0x21
2026-10-03 07:00:07.136 [EVENT] sock=2536 hEvent=000009A4 events=0x0
2026-10-03 07:00:07.139 [EVENT] sock=2536 hEvent=000009A4 events=0x21
2026-10-03 07:00:09.761 [EVENT] sock=2732 hEvent=00000A90 events=0x0
2026-10-03 07:00:09.761 [EVENT] sock=2732 hEvent=00000A90 events=0x21
2026-10-03 07:00:17.199 [EVENT] sock=2536 hEvent=000009A4 events=0x0
2026-10-03 07:00:17.200 [EVENT] sock=2536 hEvent=000009A4 events=0x21
2026-10-03 07:00:27.253 [EVENT] sock=2536 hEvent=000009A4 events=0x0
2026-10-03 07:00:27.254 [EVENT] sock=2536 hEvent=000009A4 events=0x21
2026-10-03 07:00:37.308 [EVENT] sock=2536 hEvent=000009A4 events=0x0
2026-10-03 07:00:37.308 [EVENT] sock=2536 hEvent=000009A4 events=0x21
2026-10-03 07:00:39.763 [EVENT] sock=2732 hEvent=00000A90 events=0x0
2026-10-03 07:00:39.764 [EVENT] sock=2732 hEvent=00000A90 events=0x21
2026-10-03 07:00:47.373 [EVENT] sock=2536 hEvent=000009A4 events=0x0
2026-10-03 07:00:47.378 [EVENT] sock=2536 hEvent=000009A4 events=0x21
2026-10-03 07:00:57.442 [EVENT] sock=2536 hEvent=000009A4 events=0x0
2026-10-03 07:00:57.443 [EVENT] sock=2536 hEvent=000009A4 events=0x21
2026-10-03 07:01:07.507 [EVENT] sock=2536 hEvent=000009A4 events=0x0
2026-10-03 07:01:07.508 [EVENT] sock=2536 hEvent=000009A4 events=0x21
2026-10-03 07:01:09.765 [EVENT] sock=2732 hEvent=00000A90 events=0x0
2026-10-03 07:01:09.766 [EVENT] sock=2732 hEvent=00000A90 events=0x21
2026-10-03 07:01:17.574 [EVENT] sock=2536 hEvent=000009A4 events=0x0
2026-10-03 07:01:17.577 [EVENT] sock=2536 hEvent=000009A4 events=0x21
2026-10-03 07:01:27.645 [EVENT] sock=2536 hEvent=000009A4 events=0x0
2026-10-03 07:01:27.645 [EVENT] sock=2536 hEvent=000009A4 events=0x21
2026-10-03 07:01:37.707 [EVENT] sock=2536 hEvent=000009A4 events=0x0
2026-10-03 07:01:37.707 [EVENT] sock=2536 hEvent=000009A4 events=0x21
2026-10-03 07:01:39.766 [EVENT] sock=2732 hEvent=00000A90 events=0x0
2026-10-03 07:01:39.766 [EVENT] sock=2732 hEvent=00000A90 events=0x21
2026-10-03 07:01:47.757 [EVENT] sock=2536 hEvent=000009A4 events=0x0
2026-10-03 07:01:47.757 [EVENT] sock=2536 hEvent=000009A4 events=0x21
2026-10-03 07:01:57.806 [EVENT] sock=2536 hEvent=000009A4 events=0x0
2026-10-03 07:01:57.807 [EVENT] sock=2536 hEvent=000009A4 events=0x21
2026-10-03 07:02:07.855 [EVENT] sock=2536 hEvent=000009A4 events=0x0
2026-10-03 07:02:07.857 [EVENT] sock=2536 hEvent=000009A4 events=0x21
2026-10-03 07:02:09.767 [EVENT] sock=2732 hEvent=00000A90 events=0x0
2026-10-03 07:02:09.767 [EVENT] sock=2732 hEvent=00000A90 events=0x21
2026-10-03 07:02:17.904 [EVENT] sock=2536 hEvent=000009A4 events=0x0
2026-10-03 07:02:17.907 [EVENT] sock=2536 hEvent=000009A4 events=0x21
2026-10-03 07:02:27.956 [EVENT] sock=2536 hEvent=000009A4 events=0x0
2026-10-03 07:02:27.961 [EVENT] sock=2536 hEvent=000009A4 events=0x21
2026-10-03 07:02:38.023 [EVENT] sock=2536 hEvent=000009A4 events=0x0
2026-10-03 07:02:38.023 [EVENT] sock=2536 hEvent=000009A4 events=0x21
2026-10-03 07:02:39.768 [EVENT] sock=2732 hEvent=00000A90 events=0x0
2026-10-03 07:02:39.770 [EVENT] sock=2732 hEvent=00000A90 events=0x21
2026-10-03 07:02:48.077 [EVENT] sock=2536 hEvent=000009A4 events=0x0
2026-10-03 07:02:48.077 [EVENT] sock=2536 hEvent=000009A4 events=0x21
2026-10-03 07:02:58.139 [EVENT] sock=2536 hEvent=000009A4 events=0x0
2026-10-03 07:02:58.144 [EVENT] sock=2536 hEvent=000009A4 events=0x21
2026-10-03 07:03:08.206 [EVENT] sock=2536 hEvent=000009A4 events=0x0
2026-10-03 07:03:08.207 [EVENT] sock=2536 hEvent=000009A4 events=0x21
2026-10-03 07:03:09.770 [EVENT] sock=2732 hEvent=00000A90 events=0x0
2026-10-03 07:03:09.770 [EVENT] sock=2732 hEvent=00000A90 events=0x21
2026-10-03 07:03:18.256 [EVENT] sock=2536 hEvent=000009A4 events=0x0
2026-10-03 07:03:18.256 [EVENT] sock=2536 hEvent=000009A4 events=0x21
2026-10-03 07:03:28.306 [EVENT] sock=2536 hEvent=000009A4 events=0x0
2026-10-03 07:03:28.306 [EVENT] sock=2536 hEvent=000009A4 events=0x21
2026-10-03 07:03:38.359 [EVENT] sock=2536 hEvent=000009A4 events=0x0
2026-10-03 07:03:38.359 [EVENT] sock=2536 hEvent=000009A4 events=0x21
2026-10-03 07:03:39.770 [EVENT] sock=2732 hEvent=00000A90 events=0x0
2026-10-03 07:03:39.770 [EVENT] sock=2732 hEvent=00000A90 events=0x21
2026-10-03 07:03:48.409 [EVENT] sock=2536 hEvent=000009A4 events=0x0
2026-10-03 07:03:48.410 [EVENT] sock=2536 hEvent=000009A4 events=0x21
2026-10-03 07:03:58.459 [EVENT] sock=2536 hEvent=000009A4 events=0x0
2026-10-03 07:03:58.462 [EVENT] sock=2536 hEvent=000009A4 events=0x21
2026-10-03 07:04:08.529 [EVENT] sock=2536 hEvent=000009A4 events=0x0
2026-10-03 07:04:08.534 [EVENT] sock=2536 hEvent=000009A4 events=0x21
2026-10-03 07:04:09.771 [EVENT] sock=2732 hEvent=00000A90 events=0x0
2026-10-03 07:04:09.771 [EVENT] sock=2732 hEvent=00000A90 events=0x21
2026-10-03 07:04:18.598 [EVENT] sock=2536 hEvent=000009A4 events=0x0
2026-10-03 07:04:18.600 [EVENT] sock=2536 hEvent=000009A4 events=0x21
2026-10-03 07:04:28.662 [EVENT] sock=2536 hEvent=000009A4 events=0x0
2026-10-03 07:04:28.662 [EVENT] sock=2536 hEvent=000009A4 events=0x21
2026-10-03 07:04:38.715 [EVENT] sock=2536 hEvent=000009A4 events=0x0
2026-10-03 07:04:38.720 [EVENT] sock=2536 hEvent=000009A4 events=0x21
2026-10-03 07:04:39.772 [EVENT] sock=2732 hEvent=00000A90 events=0x0
2026-10-03 07:04:39.772 [EVENT] sock=2732 hEvent=00000A90 events=0x21
2026-10-03 07:04:48.783 [EVENT] sock=2536 hEvent=000009A4 events=0x0
2026-10-03 07:04:48.783 [EVENT] sock=2536 hEvent=000009A4 events=0x21
2026-10-03 07:04:58.833 [EVENT] sock=2536 hEvent=000009A4 events=0x0
2026-10-03 07:04:58.835 [EVENT] sock=2536 hEvent=000009A4 events=0x21
2026-10-03 07:05:08.906 [EVENT] sock=2536 hEvent=000009A4 events=0x0
2026-10-03 07:05:08.906 [EVENT] sock=2536 hEvent=000009A4 events=0x21
2026-10-03 07:05:09.774 [EVENT] sock=2732 hEvent=00000A90 events=0x0
2026-10-03 07:05:09.774 [EVENT] sock=2732 hEvent=00000A90 events=0x21
2026-10-03 07:05:18.965 [EVENT] sock=2536 hEvent=000009A4 events=0x0
2026-10-03 07:05:18.971 [EVENT] sock=2536 hEvent=000009A4 events=0x21
2026-10-03 07:05:29.033 [EVENT] sock=2536 hEvent=000009A4 events=0x0
2026-10-03 07:05:29.038 [EVENT] sock=2536 hEvent=000009A4 events=0x21
2026-10-03 07:05:39.099 [EVENT] sock=2536 hEvent=000009A4 events=0x0
2026-10-03 07:05:39.099 [EVENT] sock=2536 hEvent=000009A4 events=0x21
2026-10-03 07:05:39.774 [EVENT] sock=2732 hEvent=00000A90 events=0x0
2026-10-03 07:05:39.774 [EVENT] sock=2732 hEvent=00000A90 events=0x21
2026-10-03 07:05:49.152 [EVENT] sock=2536 hEvent=000009A4 events=0x0
2026-10-03 07:05:49.152 [EVENT] sock=2536 hEvent=000009A4 events=0x21
2026-10-03 07:05:59.218 [EVENT] sock=2536 hEvent=000009A4 events=0x0
2026-10-03 07:05:59.222 [EVENT] sock=2536 hEvent=000009A4 events=0x21
2026-10-03 07:06:09.285 [EVENT] sock=2536 hEvent=000009A4 events=0x0
2026-10-03 07:06:09.288 [EVENT] sock=2536 hEvent=000009A4 events=0x21
2026-10-03 07:06:09.777 [EVENT] sock=2732 hEvent=00000A90 events=0x0
2026-10-03 07:06:09.778 [EVENT] sock=2732 hEvent=00000A90 events=0x21
2026-10-03 07:06:19.339 [EVENT] sock=2536 hEvent=000009A4 events=0x0
2026-10-03 07:06:19.343 [EVENT] sock=2536 hEvent=000009A4 events=0x21
2026-10-03 07:06:29.405 [EVENT] sock=2536 hEvent=000009A4 events=0x0
2026-10-03 07:06:29.407 [EVENT] sock=2536 hEvent=000009A4 events=0x21
2026-10-03 07:06:39.460 [EVENT] sock=2536 hEvent=000009A4 events=0x0
2026-10-03 07:06:39.460 [EVENT] sock=2536 hEvent=000009A4 events=0x21
2026-10-03 07:06:39.779 [EVENT] sock=2732 hEvent=00000A90 events=0x0
2026-10-03 07:06:39.781 [EVENT] sock=2732 hEvent=00000A90 events=0x21
2026-10-03 07:06:49.521 [EVENT] sock=2536 hEvent=000009A4 events=0x0
2026-10-03 07:06:49.526 [EVENT] sock=2536 hEvent=000009A4 events=0x21
2026-10-03 07:06:59.605 [EVENT] sock=2536 hEvent=000009A4 events=0x0
2026-10-03 07:06:59.608 [EVENT] sock=2536 hEvent=000009A4 events=0x21
2026-10-03 07:07:09.655 [EVENT] sock=2536 hEvent=000009A4 events=0x0
2026-10-03 07:07:09.658 [EVENT] sock=2536 hEvent=000009A4 events=0x21
2026-10-03 07:07:09.782 [EVENT] sock=2732 hEvent=00000A90 events=0x0
2026-10-03 07:07:09.782 [EVENT] sock=2732 hEvent=00000A90 events=0x21
2026-10-03 07:07:19.721 [EVENT] sock=2536 hEvent=000009A4 events=0x0
2026-10-03 07:07:19.725 [EVENT] sock=2536 hEvent=000009A4 events=0x21
2026-10-03 07:07:29.920 [EVENT] sock=2536 hEvent=000009A4 events=0x0
2026-10-03 07:07:29.921 [EVENT] sock=2536 hEvent=000009A4 events=0x21
2026-10-03 07:07:39.784 [EVENT] sock=2732 hEvent=00000A90 events=0x0
2026-10-03 07:07:39.785 [EVENT] sock=2732 hEvent=00000A90 events=0x21
2026-10-03 07:07:39.971 [EVENT] sock=2536 hEvent=000009A4 events=0x0
2026-10-03 07:07:39.973 [EVENT] sock=2536 hEvent=000009A4 events=0x21
2026-10-03 07:07:50.022 [EVENT] sock=2536 hEvent=000009A4 events=0x0
2026-10-03 07:07:50.026 [EVENT] sock=2536 hEvent=000009A4 events=0x21
2026-10-03 07:08:00.171 [EVENT] sock=2536 hEvent=000009A4 events=0x0
2026-10-03 07:08:00.172 [EVENT] sock=2536 hEvent=000009A4 events=0x21
2026-10-03 07:08:09.785 [EVENT] sock=2732 hEvent=00000A90 events=0x0
2026-10-03 07:08:09.785 [EVENT] sock=2732 hEvent=00000A90 events=0x21
2026-10-03 07:08:10.222 [EVENT] sock=2536 hEvent=000009A4 events=0x0
2026-10-03 07:08:10.223 [EVENT] sock=2536 hEvent=000009A4 events=0x21
2026-10-03 07:08:20.295 [EVENT] sock=2536 hEvent=000009A4 events=0x0
2026-10-03 07:08:20.295 [EVENT] sock=2536 hEvent=000009A4 events=0x21
2026-10-03 07:08:30.425 [EVENT] sock=2536 hEvent=000009A4 events=0x0
2026-10-03 07:08:30.427 [EVENT] sock=2536 hEvent=000009A4 events=0x21
2026-10-03 07:08:39.786 [EVENT] sock=2732 hEvent=00000A90 events=0x0
2026-10-03 07:08:39.787 [EVENT] sock=2732 hEvent=00000A90 events=0x21
2026-10-03 07:08:40.491 [EVENT] sock=2536 hEvent=000009A4 events=0x0
2026-10-03 07:08:40.491 [EVENT] sock=2536 hEvent=000009A4 events=0x21
2026-10-03 07:08:50.542 [EVENT] sock=2536 hEvent=000009A4 events=0x0
2026-10-03 07:08:50.543 [EVENT] sock=2536 hEvent=000009A4 events=0x21
2026-10-03 07:09:00.675 [EVENT] sock=2536 hEvent=000009A4 events=0x0
2026-10-03 07:09:00.675 [EVENT] sock=2536 hEvent=000009A4 events=0x21
2026-10-03 07:09:09.787 [EVENT] sock=2732 hEvent=00000A90 events=0x0
2026-10-03 07:09:09.787 [EVENT] sock=2732 hEvent=00000A90 events=0x21
2026-10-03 07:09:10.730 [EVENT] sock=2536 hEvent=000009A4 events=0x0
2026-10-03 07:09:10.731 [EVENT] sock=2536 hEvent=000009A4 events=0x21
2026-10-03 07:09:20.798 [EVENT] sock=2536 hEvent=000009A4 events=0x0
2026-10-03 07:09:20.801 [EVENT] sock=2536 hEvent=000009A4 events=0x21
2026-10-03 07:09:30.928 [EVENT] sock=2536 hEvent=000009A4 events=0x0
2026-10-03 07:09:30.931 [EVENT] sock=2536 hEvent=000009A4 events=0x21
2026-10-03 07:09:39.789 [EVENT] sock=2732 hEvent=00000A90 events=0x0
2026-10-03 07:09:39.789 [EVENT] sock=2732 hEvent=00000A90 events=0x21
2026-10-03 07:09:40.978 [EVENT] sock=2536 hEvent=000009A4 events=0x0
2026-10-03 07:09:40.980 [EVENT] sock=2536 hEvent=000009A4 events=0x21
2026-10-03 07:09:51.028 [EVENT] sock=2536 hEvent=000009A4 events=0x0
2026-10-03 07:09:51.029 [EVENT] sock=2536 hEvent=000009A4 events=0x21
2026-10-03 07:10:01.129 [EVENT] sock=2536 hEvent=000009A4 events=0x0
2026-10-03 07:10:01.132 [EVENT] sock=2536 hEvent=000009A4 events=0x21
2026-10-03 07:10:09.791 [EVENT] sock=2732 hEvent=00000A90 events=0x0
2026-10-03 07:10:09.792 [EVENT] sock=2732 hEvent=00000A90 events=0x21
2026-10-03 07:10:11.194 [EVENT] sock=2536 hEvent=000009A4 events=0x0
2026-10-03 07:10:11.195 [EVENT] sock=2536 hEvent=000009A4 events=0x21
2026-10-03 07:10:21.262 [EVENT] sock=2536 hEvent=000009A4 events=0x0
2026-10-03 07:10:21.267 [EVENT] sock=2536 hEvent=000009A4 events=0x21
2026-10-03 07:10:31.344 [EVENT] sock=2536 hEvent=000009A4 events=0x0
2026-10-03 07:10:31.346 [EVENT] sock=2536 hEvent=000009A4 events=0x21
2026-10-03 07:10:39.792 [EVENT] sock=2732 hEvent=00000A90 events=0x0
2026-10-03 07:10:39.793 [EVENT] sock=2732 hEvent=00000A90 events=0x21
2026-10-03 07:10:41.395 [EVENT] sock=2536 hEvent=000009A4 events=0x0
2026-10-03 07:10:41.401 [EVENT] sock=2536 hEvent=000009A4 events=0x21
2026-10-03 07:10:51.464 [EVENT] sock=2536 hEvent=000009A4 events=0x0
2026-10-03 07:10:51.466 [EVENT] sock=2536 hEvent=000009A4 events=0x21
2026-10-03 07:11:01.545 [EVENT] sock=2536 hEvent=000009A4 events=0x0
2026-10-03 07:11:01.546 [EVENT] sock=2536 hEvent=000009A4 events=0x21
2026-10-03 07:11:09.794 [EVENT] sock=2732 hEvent=00000A90 events=0x0
2026-10-03 07:11:09.794 [EVENT] sock=2732 hEvent=00000A90 events=0x21
2026-10-03 07:11:11.600 [EVENT] sock=2536 hEvent=000009A4 events=0x0
2026-10-03 07:11:11.600 [EVENT] sock=2536 hEvent=000009A4 events=0x21
2026-10-03 07:11:21.665 [EVENT] sock=2536 hEvent=000009A4 events=0x0
2026-10-03 07:11:21.669 [EVENT] sock=2536 hEvent=000009A4 events=0x21
2026-10-03 07:11:31.752 [EVENT] sock=2536 hEvent=000009A4 events=0x0
2026-10-03 07:11:31.753 [EVENT] sock=2536 hEvent=000009A4 events=0x21
2026-10-03 07:11:39.795 [EVENT] sock=2732 hEvent=00000A90 events=0x0
2026-10-03 07:11:39.796 [EVENT] sock=2732 hEvent=00000A90 events=0x21
2026-10-03 07:11:41.817 [EVENT] sock=2536 hEvent=000009A4 events=0x0
2026-10-03 07:11:41.817 [EVENT] sock=2536 hEvent=000009A4 events=0x21
2026-10-03 07:11:51.879 [EVENT] sock=2536 hEvent=000009A4 events=0x0
2026-10-03 07:11:51.880 [EVENT] sock=2536 hEvent=000009A4 events=0x21
2026-10-03 07:12:02.000 [EVENT] sock=2536 hEvent=000009A4 events=0x0
2026-10-03 07:12:02.001 [EVENT] sock=2536 hEvent=000009A4 events=0x21
2026-10-03 07:12:09.797 [EVENT] sock=2732 hEvent=00000A90 events=0x0
2026-10-03 07:12:09.798 [EVENT] sock=2732 hEvent=00000A90 events=0x21
2026-10-03 07:12:12.068 [EVENT] sock=2536 hEvent=000009A4 events=0x0
2026-10-03 07:12:12.069 [EVENT] sock=2536 hEvent=000009A4 events=0x21
2026-10-03 07:12:22.120 [EVENT] sock=2536 hEvent=000009A4 events=0x0
2026-10-03 07:12:22.121 [EVENT] sock=2536 hEvent=000009A4 events=0x21
2026-10-03 07:12:32.220 [EVENT] sock=2536 hEvent=000009A4 events=0x0
2026-10-03 07:12:32.223 [EVENT] sock=2536 hEvent=000009A4 events=0x21
2026-10-03 07:12:39.798 [EVENT] sock=2732 hEvent=00000A90 events=0x0
2026-10-03 07:12:39.799 [EVENT] sock=2732 hEvent=00000A90 events=0x21
2026-10-03 07:12:42.283 [EVENT] sock=2536 hEvent=000009A4 events=0x0
2026-10-03 07:12:42.286 [EVENT] sock=2536 hEvent=000009A4 events=0x21
2026-10-03 07:12:52.333 [EVENT] sock=2536 hEvent=000009A4 events=0x0
2026-10-03 07:12:52.335 [EVENT] sock=2536 hEvent=000009A4 events=0x21
2026-10-03 07:13:02.470 [EVENT] sock=2536 hEvent=000009A4 events=0x0
2026-10-03 07:13:02.472 [EVENT] sock=2536 hEvent=000009A4 events=0x21
2026-10-03 07:13:09.800 [EVENT] sock=2732 hEvent=00000A90 events=0x0
2026-10-03 07:13:09.801 [EVENT] sock=2732 hEvent=00000A90 events=0x21
2026-10-03 07:13:12.536 [EVENT] sock=2536 hEvent=000009A4 events=0x0
2026-10-03 07:13:12.536 [EVENT] sock=2536 hEvent=000009A4 events=0x21
2026-10-03 07:13:22.601 [EVENT] sock=2536 hEvent=000009A4 events=0x0
2026-10-03 07:13:22.601 [EVENT] sock=2536 hEvent=000009A4 events=0x21
2026-10-03 07:13:32.718 [EVENT] sock=2536 hEvent=000009A4 events=0x0
2026-10-03 07:13:32.719 [EVENT] sock=2536 hEvent=000009A4 events=0x21
2026-10-03 07:13:39.805 [EVENT] sock=2732 hEvent=00000A90 events=0x0
2026-10-03 07:13:39.806 [EVENT] sock=2732 hEvent=00000A90 events=0x21
2026-10-03 07:13:42.768 [EVENT] sock=2536 hEvent=000009A4 events=0x0
2026-10-03 07:13:42.769 [EVENT] sock=2536 hEvent=000009A4 events=0x21
2026-10-03 07:13:52.817 [EVENT] sock=2536 hEvent=000009A4 events=0x0
2026-10-03 07:13:52.817 [EVENT] sock=2536 hEvent=000009A4 events=0x21
2026-10-03 07:14:02.919 [EVENT] sock=2536 hEvent=000009A4 events=0x0
2026-10-03 07:14:02.921 [EVENT] sock=2536 hEvent=000009A4 events=0x21
2026-10-03 07:14:09.807 [EVENT] sock=2732 hEvent=00000A90 events=0x0
2026-10-03 07:14:09.807 [EVENT] sock=2732 hEvent=00000A90 events=0x21
2026-10-03 07:14:12.983 [EVENT] sock=2536 hEvent=000009A4 events=0x0
2026-10-03 07:14:12.984 [EVENT] sock=2536 hEvent=000009A4 events=0x21
2026-10-03 07:14:23.034 [EVENT] sock=2536 hEvent=000009A4 events=0x0
2026-10-03 07:14:23.035 [EVENT] sock=2536 hEvent=000009A4 events=0x21
2026-10-03 07:14:33.135 [EVENT] sock=2536 hEvent=000009A4 events=0x0
2026-10-03 07:14:33.135 [EVENT] sock=2536 hEvent=000009A4 events=0x21
2026-10-03 07:14:39.807 [EVENT] sock=2732 hEvent=00000A90 events=0x0
2026-10-03 07:14:39.810 [EVENT] sock=2732 hEvent=00000A90 events=0x21
2026-10-03 07:14:43.185 [EVENT] sock=2536 hEvent=000009A4 events=0x0
2026-10-03 07:14:43.185 [EVENT] sock=2536 hEvent=000009A4 events=0x21
2026-10-03 07:14:53.236 [EVENT] sock=2536 hEvent=000009A4 events=0x0
2026-10-03 07:14:53.242 [EVENT] sock=2536 hEvent=000009A4 events=0x21
2026-10-03 07:15:03.439 [EVENT] sock=2536 hEvent=000009A4 events=0x0
2026-10-03 07:15:03.441 [EVENT] sock=2536 hEvent=000009A4 events=0x21
2026-10-03 07:15:09.812 [EVENT] sock=2732 hEvent=00000A90 events=0x0
2026-10-03 07:15:09.813 [EVENT] sock=2732 hEvent=00000A90 events=0x21
2026-10-03 07:15:13.504 [EVENT] sock=2536 hEvent=000009A4 events=0x0
2026-10-03 07:15:13.509 [EVENT] sock=2536 hEvent=000009A4 events=0x21
2026-10-03 07:15:23.572 [EVENT] sock=2536 hEvent=000009A4 events=0x0
2026-10-03 07:15:23.575 [EVENT] sock=2536 hEvent=000009A4 events=0x21
2026-10-03 07:15:33.642 [EVENT] sock=2536 hEvent=000009A4 events=0x0
2026-10-03 07:15:33.644 [EVENT] sock=2536 hEvent=000009A4 events=0x21
2026-10-03 07:15:39.816 [EVENT] sock=2732 hEvent=00000A90 events=0x0
2026-10-03 07:15:39.816 [EVENT] sock=2732 hEvent=00000A90 events=0x21
2026-10-03 07:15:43.712 [EVENT] sock=2536 hEvent=000009A4 events=0x0
2026-10-03 07:15:43.712 [EVENT] sock=2536 hEvent=000009A4 events=0x21
2026-10-03 07:15:53.778 [EVENT] sock=2536 hEvent=000009A4 events=0x0
2026-10-03 07:15:53.779 [EVENT] sock=2536 hEvent=000009A4 events=0x21
2026-10-03 07:16:03.908 [EVENT] sock=2536 hEvent=000009A4 events=0x0
2026-10-03 07:16:03.908 [EVENT] sock=2536 hEvent=000009A4 events=0x21
2026-10-03 07:16:09.818 [EVENT] sock=2732 hEvent=00000A90 events=0x0
2026-10-03 07:16:09.818 [EVENT] sock=2732 hEvent=00000A90 events=0x21
2026-10-03 07:16:13.960 [EVENT] sock=2536 hEvent=000009A4 events=0x0
2026-10-03 07:16:13.960 [EVENT] sock=2536 hEvent=000009A4 events=0x21
2026-10-03 07:16:24.026 [EVENT] sock=2536 hEvent=000009A4 events=0x0
2026-10-03 07:16:24.027 [EVENT] sock=2536 hEvent=000009A4 events=0x21
2026-10-03 07:16:34.159 [EVENT] sock=2536 hEvent=000009A4 events=0x0
2026-10-03 07:16:34.159 [EVENT] sock=2536 hEvent=000009A4 events=0x21
2026-10-03 07:16:39.819 [EVENT] sock=2732 hEvent=00000A90 events=0x0
2026-10-03 07:16:39.819 [EVENT] sock=2732 hEvent=00000A90 events=0x21
2026-10-03 07:16:44.227 [EVENT] sock=2536 hEvent=000009A4 events=0x0
2026-10-03 07:16:44.231 [EVENT] sock=2536 hEvent=000009A4 events=0x21
2026-10-03 07:16:54.294 [EVENT] sock=2536 hEvent=000009A4 events=0x0
2026-10-03 07:16:54.298 [EVENT] sock=2536 hEvent=000009A4 events=0x21
2026-10-03 07:17:04.360 [EVENT] sock=2536 hEvent=000009A4 events=0x0
2026-10-03 07:17:04.361 [EVENT] sock=2536 hEvent=000009A4 events=0x21
2026-10-03 07:17:09.821 [EVENT] sock=2732 hEvent=00000A90 events=0x0
2026-10-03 07:17:09.822 [EVENT] sock=2732 hEvent=00000A90 events=0x21
2026-10-03 07:17:14.413 [EVENT] sock=2536 hEvent=000009A4 events=0x0
2026-10-03 07:17:14.417 [EVENT] sock=2536 hEvent=000009A4 events=0x21
2026-10-03 07:17:24.479 [EVENT] sock=2536 hEvent=000009A4 events=0x0
2026-10-03 07:17:24.480 [EVENT] sock=2536 hEvent=000009A4 events=0x21
2026-10-03 07:17:34.578 [EVENT] sock=2536 hEvent=000009A4 events=0x0
2026-10-03 07:17:34.580 [EVENT] sock=2536 hEvent=000009A4 events=0x21
2026-10-03 07:17:39.823 [EVENT] sock=2732 hEvent=00000A90 events=0x0
2026-10-03 07:17:39.823 [EVENT] sock=2732 hEvent=00000A90 events=0x21
2026-10-03 07:17:44.643 [EVENT] sock=2536 hEvent=000009A4 events=0x0
2026-10-03 07:17:44.647 [EVENT] sock=2536 hEvent=000009A4 events=0x21
2026-10-03 07:17:54.694 [EVENT] sock=2536 hEvent=000009A4 events=0x0
2026-10-03 07:17:54.694 [EVENT] sock=2536 hEvent=000009A4 events=0x21
2026-10-03 07:18:04.877 [EVENT] sock=2536 hEvent=000009A4 events=0x0
2026-10-03 07:18:04.880 [EVENT] sock=2536 hEvent=000009A4 events=0x21
2026-10-03 07:18:09.825 [EVENT] sock=2732 hEvent=00000A90 events=0x0
2026-10-03 07:18:09.831 [EVENT] sock=2732 hEvent=00000A90 events=0x21
2026-10-03 07:18:14.928 [EVENT] sock=2536 hEvent=000009A4 events=0x0
2026-10-03 07:18:14.930 [EVENT] sock=2536 hEvent=000009A4 events=0x21
2026-10-03 07:18:24.980 [EVENT] sock=2536 hEvent=000009A4 events=0x0
2026-10-03 07:18:24.980 [EVENT] sock=2536 hEvent=000009A4 events=0x21
2026-10-03 07:18:35.080 [EVENT] sock=2536 hEvent=000009A4 events=0x0
2026-10-03 07:18:35.080 [EVENT] sock=2536 hEvent=000009A4 events=0x21
2026-10-03 07:18:39.831 [EVENT] sock=2732 hEvent=00000A90 events=0x0
2026-10-03 07:18:39.834 [EVENT] sock=2732 hEvent=00000A90 events=0x21
2026-10-03 07:18:45.143 [EVENT] sock=2536 hEvent=000009A4 events=0x0
2026-10-03 07:18:45.147 [EVENT] sock=2536 hEvent=000009A4 events=0x21
2026-10-03 07:18:55.197 [EVENT] sock=2536 hEvent=000009A4 events=0x0
2026-10-03 07:18:55.198 [EVENT] sock=2536 hEvent=000009A4 events=0x21
2026-10-03 07:19:05.380 [EVENT] sock=2536 hEvent=000009A4 events=0x0
2026-10-03 07:19:05.382 [EVENT] sock=2536 hEvent=000009A4 events=0x21
2026-10-03 07:19:09.836 [EVENT] sock=2732 hEvent=00000A90 events=0x0
2026-10-03 07:19:09.836 [EVENT] sock=2732 hEvent=00000A90 events=0x21
2026-10-03 07:19:15.443 [EVENT] sock=2536 hEvent=000009A4 events=0x0
2026-10-03 07:19:15.446 [EVENT] sock=2536 hEvent=000009A4 events=0x21
2026-10-03 07:19:25.510 [EVENT] sock=2536 hEvent=000009A4 events=0x0
2026-10-03 07:19:25.512 [EVENT] sock=2536 hEvent=000009A4 events=0x21
2026-10-03 07:19:35.595 [EVENT] sock=2536 hEvent=000009A4 events=0x0
2026-10-03 07:19:35.595 [EVENT] sock=2536 hEvent=000009A4 events=0x21
2026-10-03 07:19:39.838 [EVENT] sock=2732 hEvent=00000A90 events=0x0
2026-10-03 07:19:39.838 [EVENT] sock=2732 hEvent=00000A90 events=0x21
2026-10-03 07:19:45.660 [EVENT] sock=2536 hEvent=000009A4 events=0x0
2026-10-03 07:19:45.661 [EVENT] sock=2536 hEvent=000009A4 events=0x21
2026-10-03 07:19:55.713 [EVENT] sock=2536 hEvent=000009A4 events=0x0
2026-10-03 07:19:55.714 [EVENT] sock=2536 hEvent=000009A4 events=0x21
2026-10-03 07:20:05.897 [EVENT] sock=2536 hEvent=000009A4 events=0x0
2026-10-03 07:20:05.899 [EVENT] sock=2536 hEvent=000009A4 events=0x21
2026-10-03 07:20:09.838 [EVENT] sock=2732 hEvent=00000A90 events=0x0
2026-10-03 07:20:09.838 [EVENT] sock=2732 hEvent=00000A90 events=0x21
2026-10-03 07:20:15.948 [EVENT] sock=2536 hEvent=000009A4 events=0x0
2026-10-03 07:20:15.951 [EVENT] sock=2536 hEvent=000009A4 events=0x21
2026-10-03 07:20:26.013 [EVENT] sock=2536 hEvent=000009A4 events=0x0
2026-10-03 07:20:26.013 [EVENT] sock=2536 hEvent=000009A4 events=0x21
2026-10-03 07:20:36.100 [EVENT] sock=2536 hEvent=000009A4 events=0x0
2026-10-03 07:20:36.101 [EVENT] sock=2536 hEvent=000009A4 events=0x21
2026-10-03 07:20:39.838 [EVENT] sock=2732 hEvent=00000A90 events=0x0
2026-10-03 07:20:39.838 [EVENT] sock=2732 hEvent=00000A90 events=0x21
2026-10-03 07:20:46.162 [EVENT] sock=2536 hEvent=000009A4 events=0x0
2026-10-03 07:20:46.165 [EVENT] sock=2536 hEvent=000009A4 events=0x21
2026-10-03 07:20:56.214 [EVENT] sock=2536 hEvent=000009A4 events=0x0
2026-10-03 07:20:56.216 [EVENT] sock=2536 hEvent=000009A4 events=0x21
2026-10-03 07:21:06.297 [EVENT] sock=2536 hEvent=000009A4 events=0x0
2026-10-03 07:21:06.297 [EVENT] sock=2536 hEvent=000009A4 events=0x21
2026-10-03 07:21:09.839 [EVENT] sock=2732 hEvent=00000A90 events=0x0
2026-10-03 07:21:09.839 [EVENT] sock=2732 hEvent=00000A90 events=0x21
2026-10-03 07:21:16.346 [EVENT] sock=2536 hEvent=000009A4 events=0x0
2026-10-03 07:21:16.347 [EVENT] sock=2536 hEvent=000009A4 events=0x21
2026-10-03 07:21:26.397 [EVENT] sock=2536 hEvent=000009A4 events=0x0
2026-10-03 07:21:26.397 [EVENT] sock=2536 hEvent=000009A4 events=0x21
2026-10-03 07:21:36.563 [EVENT] sock=2536 hEvent=000009A4 events=0x0
2026-10-03 07:21:36.565 [EVENT] sock=2536 hEvent=000009A4 events=0x21
2026-10-03 07:21:39.840 [EVENT] sock=2732 hEvent=00000A90 events=0x0
2026-10-03 07:21:39.840 [EVENT] sock=2732 hEvent=00000A90 events=0x21
2026-10-03 07:21:46.620 [EVENT] sock=2536 hEvent=000009A4 events=0x0
2026-10-03 07:21:46.620 [EVENT] sock=2536 hEvent=000009A4 events=0x21
2026-10-03 07:21:56.686 [EVENT] sock=2536 hEvent=000009A4 events=0x0
2026-10-03 07:21:56.690 [EVENT] sock=2536 hEvent=000009A4 events=0x21
2026-10-03 07:22:06.706 [EVENT] sock=2536 hEvent=000009A4 events=0x0
2026-10-03 07:22:06.707 [EVENT] sock=2536 hEvent=000009A4 events=0x21
2026-10-03 07:22:06.816 [EVENT] sock=2536 hEvent=000009A4 events=0x0
2026-10-03 07:22:06.819 [EVENT] sock=2536 hEvent=000009A4 events=0x21
2026-10-03 07:22:09.841 [EVENT] sock=2732 hEvent=00000A90 events=0x0
2026-10-03 07:22:09.842 [EVENT] sock=2732 hEvent=00000A90 events=0x21
2026-10-03 07:22:16.999 [EVENT] sock=2536 hEvent=000009A4 events=0x0
2026-10-03 07:22:17.002 [EVENT] sock=2536 hEvent=000009A4 events=0x21
2026-10-03 07:22:27.049 [EVENT] sock=2536 hEvent=000009A4 events=0x0
2026-10-03 07:22:27.052 [EVENT] sock=2536 hEvent=000009A4 events=0x21
2026-10-03 07:22:37.117 [EVENT] sock=2536 hEvent=000009A4 events=0x0
2026-10-03 07:22:37.121 [EVENT] sock=2536 hEvent=000009A4 events=0x21
2026-10-03 07:22:39.843 [EVENT] sock=2732 hEvent=00000A90 events=0x0
2026-10-03 07:22:39.843 [EVENT] sock=2732 hEvent=00000A90 events=0x21
2026-10-03 07:22:47.185 [EVENT] sock=2536 hEvent=000009A4 events=0x0
2026-10-03 07:22:47.186 [EVENT] sock=2536 hEvent=000009A4 events=0x21
2026-10-03 07:22:57.250 [EVENT] sock=2536 hEvent=000009A4 events=0x0
2026-10-03 07:22:57.250 [EVENT] sock=2536 hEvent=000009A4 events=0x21
2026-10-03 07:23:07.433 [EVENT] sock=2536 hEvent=000009A4 events=0x0
2026-10-03 07:23:07.433 [EVENT] sock=2536 hEvent=000009A4 events=0x21
2026-10-03 07:23:09.843 [EVENT] sock=2732 hEvent=00000A90 events=0x0
2026-10-03 07:23:09.843 [EVENT] sock=2732 hEvent=00000A90 events=0x21
2026-10-03 07:23:17.485 [EVENT] sock=2536 hEvent=000009A4 events=0x0
2026-10-03 07:23:17.485 [EVENT] sock=2536 hEvent=000009A4 events=0x21
2026-10-03 07:23:27.550 [EVENT] sock=2536 hEvent=000009A4 events=0x0
2026-10-03 07:23:27.553 [EVENT] sock=2536 hEvent=000009A4 events=0x21
2026-10-03 07:23:37.686 [EVENT] sock=2536 hEvent=000009A4 events=0x0
2026-10-03 07:23:37.686 [EVENT] sock=2536 hEvent=000009A4 events=0x21
2026-10-03 07:23:39.844 [EVENT] sock=2732 hEvent=00000A90 events=0x0
2026-10-03 07:23:39.844 [EVENT] sock=2732 hEvent=00000A90 events=0x21
2026-10-03 07:23:47.733 [EVENT] sock=2536 hEvent=000009A4 events=0x0
2026-10-03 07:23:47.734 [EVENT] sock=2536 hEvent=000009A4 events=0x21
2026-10-03 07:23:57.807 [EVENT] sock=2536 hEvent=000009A4 events=0x0
2026-10-03 07:23:57.808 [EVENT] sock=2536 hEvent=000009A4 events=0x21
2026-10-03 07:24:07.940 [EVENT] sock=2536 hEvent=000009A4 events=0x0
2026-10-03 07:24:07.940 [EVENT] sock=2536 hEvent=000009A4 events=0x21
2026-10-03 07:24:09.846 [EVENT] sock=2732 hEvent=00000A90 events=0x0
2026-10-03 07:24:09.846 [EVENT] sock=2732 hEvent=00000A90 events=0x21
2026-10-03 07:24:18.002 [EVENT] sock=2536 hEvent=000009A4 events=0x0
2026-10-03 07:24:18.009 [EVENT] sock=2536 hEvent=000009A4 events=0x21
2026-10-03 07:24:28.069 [EVENT] sock=2536 hEvent=000009A4 events=0x0
2026-10-03 07:24:28.071 [EVENT] sock=2536 hEvent=000009A4 events=0x21
2026-10-03 07:24:38.202 [EVENT] sock=2536 hEvent=000009A4 events=0x0
2026-10-03 07:24:38.205 [EVENT] sock=2536 hEvent=000009A4 events=0x21
2026-10-03 07:24:39.846 [EVENT] sock=2732 hEvent=00000A90 events=0x0
2026-10-03 07:24:39.846 [EVENT] sock=2732 hEvent=00000A90 events=0x21
2026-10-03 07:24:48.253 [EVENT] sock=2536 hEvent=000009A4 events=0x0
2026-10-03 07:24:48.253 [EVENT] sock=2536 hEvent=000009A4 events=0x21
2026-10-03 07:24:58.310 [EVENT] sock=2536 hEvent=000009A4 events=0x0
2026-10-03 07:24:58.311 [EVENT] sock=2536 hEvent=000009A4 events=0x21
2026-10-03 07:25:08.445 [EVENT] sock=2536 hEvent=000009A4 events=0x0
2026-10-03 07:25:08.446 [EVENT] sock=2536 hEvent=000009A4 events=0x21
2026-10-03 07:25:09.847 [EVENT] sock=2732 hEvent=00000A90 events=0x0
2026-10-03 07:25:09.862 [EVENT] sock=2732 hEvent=00000A90 events=0x21
2026-10-03 07:25:18.505 [EVENT] sock=2536 hEvent=000009A4 events=0x0
2026-10-03 07:25:18.509 [EVENT] sock=2536 hEvent=000009A4 events=0x21
2026-10-03 07:25:28.573 [EVENT] sock=2536 hEvent=000009A4 events=0x0
2026-10-03 07:25:28.573 [EVENT] sock=2536 hEvent=000009A4 events=0x21
2026-10-03 07:25:38.656 [EVENT] sock=2536 hEvent=000009A4 events=0x0
2026-10-03 07:25:38.658 [EVENT] sock=2536 hEvent=000009A4 events=0x21
2026-10-03 07:25:39.863 [EVENT] sock=2732 hEvent=00000A90 events=0x0
2026-10-03 07:25:39.864 [EVENT] sock=2732 hEvent=00000A90 events=0x21
2026-10-03 07:25:48.705 [EVENT] sock=2536 hEvent=000009A4 events=0x0
2026-10-03 07:25:48.708 [EVENT] sock=2536 hEvent=000009A4 events=0x21
2026-10-03 07:25:58.756 [EVENT] sock=2536 hEvent=000009A4 events=0x0
2026-10-03 07:25:58.757 [EVENT] sock=2536 hEvent=000009A4 events=0x21
2026-10-03 07:26:08.909 [EVENT] sock=2536 hEvent=000009A4 events=0x0
2026-10-03 07:26:08.910 [EVENT] sock=2536 hEvent=000009A4 events=0x21
2026-10-03 07:26:09.866 [EVENT] sock=2732 hEvent=00000A90 events=0x0
2026-10-03 07:26:09.866 [EVENT] sock=2732 hEvent=00000A90 events=0x21
2026-10-03 07:26:18.956 [EVENT] sock=2536 hEvent=000009A4 events=0x0
2026-10-03 07:26:18.957 [EVENT] sock=2536 hEvent=000009A4 events=0x21
2026-10-03 07:26:29.008 [EVENT] sock=2536 hEvent=000009A4 events=0x0
2026-10-03 07:26:29.010 [EVENT] sock=2536 hEvent=000009A4 events=0x21
2026-10-03 07:26:39.155 [EVENT] sock=2536 hEvent=000009A4 events=0x0
2026-10-03 07:26:39.157 [EVENT] sock=2536 hEvent=000009A4 events=0x21
2026-10-03 07:26:39.867 [EVENT] sock=2732 hEvent=00000A90 events=0x0
2026-10-03 07:26:39.867 [EVENT] sock=2732 hEvent=00000A90 events=0x21
2026-10-03 07:26:49.205 [EVENT] sock=2536 hEvent=000009A4 events=0x0
2026-10-03 07:26:49.206 [EVENT] sock=2536 hEvent=000009A4 events=0x21
2026-10-03 07:26:59.258 [EVENT] sock=2536 hEvent=000009A4 events=0x0
2026-10-03 07:26:59.258 [EVENT] sock=2536 hEvent=000009A4 events=0x21
2026-10-03 07:27:09.460 [EVENT] sock=2536 hEvent=000009A4 events=0x0
2026-10-03 07:27:09.460 [EVENT] sock=2536 hEvent=000009A4 events=0x21
2026-10-03 07:27:09.868 [EVENT] sock=2732 hEvent=00000A90 events=0x0
2026-10-03 07:27:09.869 [EVENT] sock=2732 hEvent=00000A90 events=0x21
2026-10-03 07:27:19.594 [EVENT] sock=2536 hEvent=000009A4 events=0x0
2026-10-03 07:27:19.595 [EVENT] sock=2536 hEvent=000009A4 events=0x21
2026-10-03 07:27:29.659 [EVENT] sock=2536 hEvent=000009A4 events=0x0
2026-10-03 07:27:29.660 [EVENT] sock=2536 hEvent=000009A4 events=0x21
2026-10-03 07:27:39.777 [EVENT] sock=2536 hEvent=000009A4 events=0x0
2026-10-03 07:27:39.777 [EVENT] sock=2536 hEvent=000009A4 events=0x21
2026-10-03 07:27:39.869 [EVENT] sock=2732 hEvent=00000A90 events=0x0
2026-10-03 07:27:39.869 [EVENT] sock=2732 hEvent=00000A90 events=0x21
2026-10-03 07:27:49.825 [EVENT] sock=2536 hEvent=000009A4 events=0x0
2026-10-03 07:27:49.827 [EVENT] sock=2536 hEvent=000009A4 events=0x21
2026-10-03 07:27:59.878 [EVENT] sock=2536 hEvent=000009A4 events=0x0
2026-10-03 07:27:59.882 [EVENT] sock=2536 hEvent=000009A4 events=0x21
2026-10-03 07:28:09.869 [EVENT] sock=2732 hEvent=00000A90 events=0x0
2026-10-03 07:28:09.869 [EVENT] sock=2732 hEvent=00000A90 events=0x21
2026-10-03 07:28:10.076 [EVENT] sock=2536 hEvent=000009A4 events=0x0
2026-10-03 07:28:10.081 [EVENT] sock=2536 hEvent=000009A4 events=0x21
2026-10-03 07:28:20.147 [EVENT] sock=2536 hEvent=000009A4 events=0x0
2026-10-03 07:28:20.148 [EVENT] sock=2536 hEvent=000009A4 events=0x21
2026-10-03 07:28:30.212 [EVENT] sock=2536 hEvent=000009A4 events=0x0
2026-10-03 07:28:30.212 [EVENT] sock=2536 hEvent=000009A4 events=0x21
2026-10-03 07:28:39.872 [EVENT] sock=2732 hEvent=00000A90 events=0x0
2026-10-03 07:28:39.873 [EVENT] sock=2732 hEvent=00000A90 events=0x21
2026-10-03 07:28:40.394 [EVENT] sock=2536 hEvent=000009A4 events=0x0
2026-10-03 07:28:40.394 [EVENT] sock=2536 hEvent=000009A4 events=0x21
2026-10-03 07:28:50.459 [EVENT] sock=2536 hEvent=000009A4 events=0x0
2026-10-03 07:28:50.459 [EVENT] sock=2536 hEvent=000009A4 events=0x21
2026-10-03 07:29:00.516 [EVENT] sock=2536 hEvent=000009A4 events=0x0
2026-10-03 07:29:00.517 [EVENT] sock=2536 hEvent=000009A4 events=0x21
2026-10-03 07:29:09.873 [EVENT] sock=2732 hEvent=00000A90 events=0x0
2026-10-03 07:29:09.873 [EVENT] sock=2732 hEvent=00000A90 events=0x21
2026-10-03 07:29:10.698 [EVENT] sock=2536 hEvent=000009A4 events=0x0
2026-10-03 07:29:10.701 [EVENT] sock=2536 hEvent=000009A4 events=0x21
2026-10-03 07:29:20.763 [EVENT] sock=2536 hEvent=000009A4 events=0x0
2026-10-03 07:29:20.764 [EVENT] sock=2536 hEvent=000009A4 events=0x21
2026-10-03 07:29:30.829 [EVENT] sock=2536 hEvent=000009A4 events=0x0
2026-10-03 07:29:30.829 [EVENT] sock=2536 hEvent=000009A4 events=0x21
2026-10-03 07:29:39.875 [EVENT] sock=2732 hEvent=00000A90 events=0x0
2026-10-03 07:29:39.876 [EVENT] sock=2732 hEvent=00000A90 events=0x21
2026-10-03 07:29:40.897 [EVENT] sock=2536 hEvent=000009A4 events=0x0
2026-10-03 07:29:40.897 [EVENT] sock=2536 hEvent=000009A4 events=0x21
2026-10-03 07:29:50.966 [EVENT] sock=2536 hEvent=000009A4 events=0x0
2026-10-03 07:29:50.966 [EVENT] sock=2536 hEvent=000009A4 events=0x21
2026-10-03 07:30:01.034 [EVENT] sock=2536 hEvent=000009A4 events=0x0
2026-10-03 07:30:01.035 [EVENT] sock=2536 hEvent=000009A4 events=0x21
2026-10-03 07:30:09.876 [EVENT] sock=2732 hEvent=00000A90 events=0x0
2026-10-03 07:30:09.876 [EVENT] sock=2732 hEvent=00000A90 events=0x21
2026-10-03 07:30:11.202 [EVENT] sock=2536 hEvent=000009A4 events=0x0
2026-10-03 07:30:11.203 [EVENT] sock=2536 hEvent=000009A4 events=0x21
2026-10-03 07:30:21.264 [EVENT] sock=2536 hEvent=000009A4 events=0x0
2026-10-03 07:30:21.265 [EVENT] sock=2536 hEvent=000009A4 events=0x21
2026-10-03 07:30:31.317 [EVENT] sock=2536 hEvent=000009A4 events=0x0
2026-10-03 07:30:31.317 [EVENT] sock=2536 hEvent=000009A4 events=0x21
2026-10-03 07:30:39.879 [EVENT] sock=2732 hEvent=00000A90 events=0x0
2026-10-03 07:30:39.880 [EVENT] sock=2732 hEvent=00000A90 events=0x21
2026-10-03 07:30:41.550 [EVENT] sock=2536 hEvent=000009A4 events=0x0
2026-10-03 07:30:41.551 [EVENT] sock=2536 hEvent=000009A4 events=0x21
2026-10-03 07:30:51.614 [EVENT] sock=2536 hEvent=000009A4 events=0x0
2026-10-03 07:30:51.617 [EVENT] sock=2536 hEvent=000009A4 events=0x21
2026-10-03 07:31:01.685 [EVENT] sock=2536 hEvent=000009A4 events=0x0
2026-10-03 07:31:01.686 [EVENT] sock=2536 hEvent=000009A4 events=0x21
2026-10-03 07:31:09.880 [EVENT] sock=2732 hEvent=00000A90 events=0x0
2026-10-03 07:31:09.880 [EVENT] sock=2732 hEvent=00000A90 events=0x21
2026-10-03 07:31:11.818 [EVENT] sock=2536 hEvent=000009A4 events=0x0
2026-10-03 07:31:11.818 [EVENT] sock=2536 hEvent=000009A4 events=0x21
2026-10-03 07:31:21.870 [EVENT] sock=2536 hEvent=000009A4 events=0x0
2026-10-03 07:31:21.873 [EVENT] sock=2536 hEvent=000009A4 events=0x21
2026-10-03 07:31:31.938 [EVENT] sock=2536 hEvent=000009A4 events=0x0
2026-10-03 07:31:31.941 [EVENT] sock=2536 hEvent=000009A4 events=0x21
2026-10-03 07:31:39.881 [EVENT] sock=2732 hEvent=00000A90 events=0x0
2026-10-03 07:31:39.881 [EVENT] sock=2732 hEvent=00000A90 events=0x21
2026-10-03 07:31:42.020 [EVENT] sock=2536 hEvent=000009A4 events=0x0
2026-10-03 07:31:42.021 [EVENT] sock=2536 hEvent=000009A4 events=0x21
2026-10-03 07:31:52.087 [EVENT] sock=2536 hEvent=000009A4 events=0x0
2026-10-03 07:31:52.087 [EVENT] sock=2536 hEvent=000009A4 events=0x21
2026-10-03 07:32:02.138 [EVENT] sock=2536 hEvent=000009A4 events=0x0
2026-10-03 07:32:02.141 [EVENT] sock=2536 hEvent=000009A4 events=0x21
2026-10-03 07:32:09.882 [EVENT] sock=2732 hEvent=00000A90 events=0x0
2026-10-03 07:32:09.882 [EVENT] sock=2732 hEvent=00000A90 events=0x21
2026-10-03 07:32:12.271 [EVENT] sock=2536 hEvent=000009A4 events=0x0
2026-10-03 07:32:12.276 [EVENT] sock=2536 hEvent=000009A4 events=0x21
2026-10-03 07:32:22.339 [EVENT] sock=2536 hEvent=000009A4 events=0x0
2026-10-03 07:32:22.342 [EVENT] sock=2536 hEvent=000009A4 events=0x21
2026-10-03 07:32:32.406 [EVENT] sock=2536 hEvent=000009A4 events=0x0
2026-10-03 07:32:32.407 [EVENT] sock=2536 hEvent=000009A4 events=0x21
2026-10-03 07:32:39.882 [EVENT] sock=2732 hEvent=00000A90 events=0x0
2026-10-03 07:32:39.882 [EVENT] sock=2732 hEvent=00000A90 events=0x21
2026-10-03 07:32:42.522 [EVENT] sock=2536 hEvent=000009A4 events=0x0
2026-10-03 07:32:42.522 [EVENT] sock=2536 hEvent=000009A4 events=0x21
2026-10-03 07:32:52.574 [EVENT] sock=2536 hEvent=000009A4 events=0x0
2026-10-03 07:32:52.578 [EVENT] sock=2536 hEvent=000009A4 events=0x21
2026-10-03 07:33:02.642 [EVENT] sock=2536 hEvent=000009A4 events=0x0
2026-10-03 07:33:02.643 [EVENT] sock=2536 hEvent=000009A4 events=0x21
2026-10-03 07:33:09.883 [EVENT] sock=2732 hEvent=00000A90 events=0x0
2026-10-03 07:33:09.883 [EVENT] sock=2732 hEvent=00000A90 events=0x21
2026-10-03 07:33:12.796 [EVENT] sock=2536 hEvent=000009A4 events=0x0
2026-10-03 07:33:12.796 [EVENT] sock=2536 hEvent=000009A4 events=0x21
2026-10-03 07:33:22.857 [EVENT] sock=2536 hEvent=000009A4 events=0x0
2026-10-03 07:33:22.861 [EVENT] sock=2536 hEvent=000009A4 events=0x21
2026-10-03 07:33:32.924 [EVENT] sock=2536 hEvent=000009A4 events=0x0
2026-10-03 07:33:32.928 [EVENT] sock=2536 hEvent=000009A4 events=0x21
2026-10-03 07:33:39.884 [EVENT] sock=2732 hEvent=00000A90 events=0x0
2026-10-03 07:33:39.884 [EVENT] sock=2732 hEvent=00000A90 events=0x21
2026-10-03 07:33:43.060 [EVENT] sock=2536 hEvent=000009A4 events=0x0
2026-10-03 07:33:43.064 [EVENT] sock=2536 hEvent=000009A4 events=0x21
2026-10-03 07:33:53.124 [EVENT] sock=2536 hEvent=000009A4 events=0x0
2026-10-03 07:33:53.124 [EVENT] sock=2536 hEvent=000009A4 events=0x21
2026-10-03 07:34:03.180 [EVENT] sock=2536 hEvent=000009A4 events=0x0
2026-10-03 07:34:03.181 [EVENT] sock=2536 hEvent=000009A4 events=0x21
2026-10-03 07:34:09.885 [EVENT] sock=2732 hEvent=00000A90 events=0x0
2026-10-03 07:34:09.885 [EVENT] sock=2732 hEvent=00000A90 events=0x21
2026-10-03 07:34:13.258 [EVENT] sock=2536 hEvent=000009A4 events=0x0
2026-10-03 07:34:13.258 [EVENT] sock=2536 hEvent=000009A4 events=0x21
2026-10-03 07:34:23.331 [EVENT] sock=2536 hEvent=000009A4 events=0x0
2026-10-03 07:34:23.332 [EVENT] sock=2536 hEvent=000009A4 events=0x21
2026-10-03 07:34:33.392 [EVENT] sock=2536 hEvent=000009A4 events=0x0
2026-10-03 07:34:33.395 [EVENT] sock=2536 hEvent=000009A4 events=0x21
2026-10-03 07:34:39.886 [EVENT] sock=2732 hEvent=00000A90 events=0x0
2026-10-03 07:34:39.887 [EVENT] sock=2732 hEvent=00000A90 events=0x21
2026-10-03 07:34:43.612 [EVENT] sock=2536 hEvent=000009A4 events=0x0
2026-10-03 07:34:43.612 [EVENT] sock=2536 hEvent=000009A4 events=0x21
2026-10-03 07:34:53.677 [EVENT] sock=2536 hEvent=000009A4 events=0x0
2026-10-03 07:34:53.680 [EVENT] sock=2536 hEvent=000009A4 events=0x21
2026-10-03 07:35:03.743 [EVENT] sock=2536 hEvent=000009A4 events=0x0
2026-10-03 07:35:03.744 [EVENT] sock=2536 hEvent=000009A4 events=0x21
2026-10-03 07:35:09.888 [EVENT] sock=2732 hEvent=00000A90 events=0x0
2026-10-03 07:35:09.888 [EVENT] sock=2732 hEvent=00000A90 events=0x21
2026-10-03 07:35:13.859 [EVENT] sock=2536 hEvent=000009A4 events=0x0
2026-10-03 07:35:13.860 [EVENT] sock=2536 hEvent=000009A4 events=0x21
2026-10-03 07:35:23.930 [EVENT] sock=2536 hEvent=000009A4 events=0x0
2026-10-03 07:35:23.931 [EVENT] sock=2536 hEvent=000009A4 events=0x21
2026-10-03 07:35:33.995 [EVENT] sock=2536 hEvent=000009A4 events=0x0
2026-10-03 07:35:33.996 [EVENT] sock=2536 hEvent=000009A4 events=0x21
2026-10-03 07:35:39.890 [EVENT] sock=2732 hEvent=00000A90 events=0x0
2026-10-03 07:35:39.890 [EVENT] sock=2732 hEvent=00000A90 events=0x21
2026-10-03 07:35:44.111 [EVENT] sock=2536 hEvent=000009A4 events=0x0
2026-10-03 07:35:44.113 [EVENT] sock=2536 hEvent=000009A4 events=0x21
2026-10-03 07:35:54.162 [EVENT] sock=2536 hEvent=000009A4 events=0x0
2026-10-03 07:35:54.163 [EVENT] sock=2536 hEvent=000009A4 events=0x21
2026-10-03 07:36:04.228 [EVENT] sock=2536 hEvent=000009A4 events=0x0
2026-10-03 07:36:04.231 [EVENT] sock=2536 hEvent=000009A4 events=0x21
2026-10-03 07:36:09.892 [EVENT] sock=2732 hEvent=00000A90 events=0x0
2026-10-03 07:36:09.893 [EVENT] sock=2732 hEvent=00000A90 events=0x21
2026-10-03 07:36:14.315 [EVENT] sock=2536 hEvent=000009A4 events=0x0
2026-10-03 07:36:14.315 [EVENT] sock=2536 hEvent=000009A4 events=0x21
2026-10-03 07:36:24.377 [EVENT] sock=2536 hEvent=000009A4 events=0x0
2026-10-03 07:36:24.381 [EVENT] sock=2536 hEvent=000009A4 events=0x21
2026-10-03 07:36:34.444 [EVENT] sock=2536 hEvent=000009A4 events=0x0
2026-10-03 07:36:34.447 [EVENT] sock=2536 hEvent=000009A4 events=0x21
2026-10-03 07:36:39.893 [EVENT] sock=2732 hEvent=00000A90 events=0x0
2026-10-03 07:36:39.894 [EVENT] sock=2732 hEvent=00000A90 events=0x21
2026-10-03 07:36:44.533 [EVENT] sock=2536 hEvent=000009A4 events=0x0
2026-10-03 07:36:44.535 [EVENT] sock=2536 hEvent=000009A4 events=0x21
2026-10-03 07:36:54.596 [EVENT] sock=2536 hEvent=000009A4 events=0x0
2026-10-03 07:36:54.597 [EVENT] sock=2536 hEvent=000009A4 events=0x21
2026-10-03 07:37:04.649 [EVENT] sock=2536 hEvent=000009A4 events=0x0
2026-10-03 07:37:04.650 [EVENT] sock=2536 hEvent=000009A4 events=0x21
2026-10-03 07:37:09.894 [EVENT] sock=2732 hEvent=00000A90 events=0x0
2026-10-03 07:37:09.895 [EVENT] sock=2732 hEvent=00000A90 events=0x21
2026-10-03 07:37:14.735 [EVENT] sock=2536 hEvent=000009A4 events=0x0
2026-10-03 07:37:14.737 [EVENT] sock=2536 hEvent=000009A4 events=0x21
2026-10-03 07:37:24.797 [EVENT] sock=2536 hEvent=000009A4 events=0x0
2026-10-03 07:37:24.801 [EVENT] sock=2536 hEvent=000009A4 events=0x21
2026-10-03 07:37:34.847 [EVENT] sock=2536 hEvent=000009A4 events=0x0
2026-10-03 07:37:34.852 [EVENT] sock=2536 hEvent=000009A4 events=0x21
2026-10-03 07:37:39.897 [EVENT] sock=2732 hEvent=00000A90 events=0x0
2026-10-03 07:37:39.898 [EVENT] sock=2732 hEvent=00000A90 events=0x21
2026-10-03 07:37:44.930 [EVENT] sock=2536 hEvent=000009A4 events=0x0
2026-10-03 07:37:44.932 [EVENT] sock=2536 hEvent=000009A4 events=0x21
2026-10-03 07:37:54.983 [EVENT] sock=2536 hEvent=000009A4 events=0x0
2026-10-03 07:37:54.990 [EVENT] sock=2536 hEvent=000009A4 events=0x21
2026-10-03 07:38:05.051 [EVENT] sock=2536 hEvent=000009A4 events=0x0
2026-10-03 07:38:05.054 [EVENT] sock=2536 hEvent=000009A4 events=0x21
2026-10-03 07:38:09.899 [EVENT] sock=2732 hEvent=00000A90 events=0x0
2026-10-03 07:38:09.900 [EVENT] sock=2732 hEvent=00000A90 events=0x21
2026-10-03 07:38:15.134 [EVENT] sock=2536 hEvent=000009A4 events=0x0
2026-10-03 07:38:15.135 [EVENT] sock=2536 hEvent=000009A4 events=0x21
2026-10-03 07:38:25.184 [EVENT] sock=2536 hEvent=000009A4 events=0x0
2026-10-03 07:38:25.186 [EVENT] sock=2536 hEvent=000009A4 events=0x21
2026-10-03 07:38:35.234 [EVENT] sock=2536 hEvent=000009A4 events=0x0
2026-10-03 07:38:35.238 [EVENT] sock=2536 hEvent=000009A4 events=0x21
2026-10-03 07:38:39.901 [EVENT] sock=2732 hEvent=00000A90 events=0x0
2026-10-03 07:38:39.902 [EVENT] sock=2732 hEvent=00000A90 events=0x21
2026-10-03 07:38:45.333 [EVENT] sock=2536 hEvent=000009A4 events=0x0
2026-10-03 07:38:45.336 [EVENT] sock=2536 hEvent=000009A4 events=0x21
2026-10-03 07:38:55.401 [EVENT] sock=2536 hEvent=000009A4 events=0x0
2026-10-03 07:38:55.402 [EVENT] sock=2536 hEvent=000009A4 events=0x21
2026-10-03 07:39:05.451 [EVENT] sock=2536 hEvent=000009A4 events=0x0
2026-10-03 07:39:05.456 [EVENT] sock=2536 hEvent=000009A4 events=0x21
2026-10-03 07:39:09.908 [EVENT] sock=2732 hEvent=00000A90 events=0x0
2026-10-03 07:39:09.910 [EVENT] sock=2732 hEvent=00000A90 events=0x21
2026-10-03 07:39:15.533 [EVENT] sock=2536 hEvent=000009A4 events=0x0
2026-10-03 07:39:15.534 [EVENT] sock=2536 hEvent=000009A4 events=0x21
2026-10-03 07:39:25.590 [EVENT] sock=2536 hEvent=000009A4 events=0x0
2026-10-03 07:39:25.591 [EVENT] sock=2536 hEvent=000009A4 events=0x21
2026-10-03 07:39:35.656 [EVENT] sock=2536 hEvent=000009A4 events=0x0
2026-10-03 07:39:35.657 [EVENT] sock=2536 hEvent=000009A4 events=0x21
2026-10-03 07:39:39.912 [EVENT] sock=2732 hEvent=00000A90 events=0x0
2026-10-03 07:39:39.913 [EVENT] sock=2732 hEvent=00000A90 events=0x21
2026-10-03 07:39:45.787 [EVENT] sock=2536 hEvent=000009A4 events=0x0
2026-10-03 07:39:45.787 [EVENT] sock=2536 hEvent=000009A4 events=0x21
2026-10-03 07:39:55.837 [EVENT] sock=2536 hEvent=000009A4 events=0x0
2026-10-03 07:39:55.837 [EVENT] sock=2536 hEvent=000009A4 events=0x21
2026-10-03 07:40:05.903 [EVENT] sock=2536 hEvent=000009A4 events=0x0
2026-10-03 07:40:05.904 [EVENT] sock=2536 hEvent=000009A4 events=0x21
2026-10-03 07:40:09.914 [EVENT] sock=2732 hEvent=00000A90 events=0x0
2026-10-03 07:40:09.914 [EVENT] sock=2732 hEvent=00000A90 events=0x21
2026-10-03 07:40:16.003 [EVENT] sock=2536 hEvent=000009A4 events=0x0
2026-10-03 07:40:16.004 [EVENT] sock=2536 hEvent=000009A4 events=0x21
2026-10-03 07:40:26.053 [EVENT] sock=2536 hEvent=000009A4 events=0x0
2026-10-03 07:40:26.053 [EVENT] sock=2536 hEvent=000009A4 events=0x21
2026-10-03 07:40:36.104 [EVENT] sock=2536 hEvent=000009A4 events=0x0
2026-10-03 07:40:36.106 [EVENT] sock=2536 hEvent=000009A4 events=0x21
2026-10-03 07:40:39.915 [EVENT] sock=2732 hEvent=00000A90 events=0x0
2026-10-03 07:40:39.916 [EVENT] sock=2732 hEvent=00000A90 events=0x21
2026-10-03 07:40:46.253 [EVENT] sock=2536 hEvent=000009A4 events=0x0
2026-10-03 07:40:46.253 [EVENT] sock=2536 hEvent=000009A4 events=0x21
2026-10-03 07:40:56.305 [EVENT] sock=2536 hEvent=000009A4 events=0x0
2026-10-03 07:40:56.309 [EVENT] sock=2536 hEvent=000009A4 events=0x21
2026-10-03 07:41:06.370 [EVENT] sock=2536 hEvent=000009A4 events=0x0
2026-10-03 07:41:06.371 [EVENT] sock=2536 hEvent=000009A4 events=0x21
2026-10-03 07:41:09.917 [EVENT] sock=2732 hEvent=00000A90 events=0x0
2026-10-03 07:41:09.917 [EVENT] sock=2732 hEvent=00000A90 events=0x21
2026-10-03 07:41:16.471 [EVENT] sock=2536 hEvent=000009A4 events=0x0
2026-10-03 07:41:16.472 [EVENT] sock=2536 hEvent=000009A4 events=0x21
2026-10-03 07:41:26.521 [EVENT] sock=2536 hEvent=000009A4 events=0x0
2026-10-03 07:41:26.522 [EVENT] sock=2536 hEvent=000009A4 events=0x21
2026-10-03 07:41:36.579 [EVENT] sock=2536 hEvent=000009A4 events=0x0
2026-10-03 07:41:36.580 [EVENT] sock=2536 hEvent=000009A4 events=0x21
2026-10-03 07:41:39.919 [EVENT] sock=2732 hEvent=00000A90 events=0x0
2026-10-03 07:41:39.920 [EVENT] sock=2732 hEvent=00000A90 events=0x21
2026-10-03 07:41:46.775 [EVENT] sock=2536 hEvent=000009A4 events=0x0
2026-10-03 07:41:46.777 [EVENT] sock=2536 hEvent=000009A4 events=0x21
2026-10-03 07:41:56.840 [EVENT] sock=2536 hEvent=000009A4 events=0x0
2026-10-03 07:41:56.840 [EVENT] sock=2536 hEvent=000009A4 events=0x21
2026-10-03 07:42:06.889 [EVENT] sock=2536 hEvent=000009A4 events=0x0
2026-10-03 07:42:06.890 [EVENT] sock=2536 hEvent=000009A4 events=0x21
2026-10-03 07:42:09.922 [EVENT] sock=2732 hEvent=00000A90 events=0x0
2026-10-03 07:42:09.923 [EVENT] sock=2732 hEvent=00000A90 events=0x21
2026-10-03 07:42:17.073 [EVENT] sock=2536 hEvent=000009A4 events=0x0
2026-10-03 07:42:17.075 [EVENT] sock=2536 hEvent=000009A4 events=0x21
2026-10-03 07:42:27.125 [EVENT] sock=2536 hEvent=000009A4 events=0x0
2026-10-03 07:42:27.127 [EVENT] sock=2536 hEvent=000009A4 events=0x21
2026-10-03 07:42:37.178 [EVENT] sock=2536 hEvent=000009A4 events=0x0
2026-10-03 07:42:37.179 [EVENT] sock=2536 hEvent=000009A4 events=0x21
2026-10-03 07:42:39.924 [EVENT] sock=2732 hEvent=00000A90 events=0x0
2026-10-03 07:42:39.925 [EVENT] sock=2732 hEvent=00000A90 events=0x21
2026-10-03 07:42:47.276 [EVENT] sock=2536 hEvent=000009A4 events=0x0
2026-10-03 07:42:47.277 [EVENT] sock=2536 hEvent=000009A4 events=0x21
2026-10-03 07:42:57.329 [EVENT] sock=2536 hEvent=000009A4 events=0x0
2026-10-03 07:42:57.329 [EVENT] sock=2536 hEvent=000009A4 events=0x21
2026-10-03 07:43:07.393 [EVENT] sock=2536 hEvent=000009A4 events=0x0
2026-10-03 07:43:07.396 [EVENT] sock=2536 hEvent=000009A4 events=0x21
2026-10-03 07:43:09.925 [EVENT] sock=2732 hEvent=00000A90 events=0x0
2026-10-03 07:43:09.928 [EVENT] sock=2732 hEvent=00000A90 events=0x21
2026-10-03 07:43:17.492 [EVENT] sock=2536 hEvent=000009A4 events=0x0
2026-10-03 07:43:17.492 [EVENT] sock=2536 hEvent=000009A4 events=0x21
2026-10-03 07:43:27.560 [EVENT] sock=2536 hEvent=000009A4 events=0x0
2026-10-03 07:43:27.561 [EVENT] sock=2536 hEvent=000009A4 events=0x21
2026-10-03 07:43:37.611 [EVENT] sock=2536 hEvent=000009A4 events=0x0
2026-10-03 07:43:37.614 [EVENT] sock=2536 hEvent=000009A4 events=0x21
2026-10-03 07:43:39.928 [EVENT] sock=2732 hEvent=00000A90 events=0x0
2026-10-03 07:43:39.935 [EVENT] sock=2732 hEvent=00000A90 events=0x21
2026-10-03 07:43:47.810 [EVENT] sock=2536 hEvent=000009A4 events=0x0
2026-10-03 07:43:47.810 [EVENT] sock=2536 hEvent=000009A4 events=0x21
2026-10-03 07:43:57.876 [EVENT] sock=2536 hEvent=000009A4 events=0x0
2026-10-03 07:43:57.879 [EVENT] sock=2536 hEvent=000009A4 events=0x21
2026-10-03 07:44:07.926 [EVENT] sock=2536 hEvent=000009A4 events=0x0
2026-10-03 07:44:07.930 [EVENT] sock=2536 hEvent=000009A4 events=0x21
2026-10-03 07:44:09.936 [EVENT] sock=2732 hEvent=00000A90 events=0x0
2026-10-03 07:44:09.936 [EVENT] sock=2732 hEvent=00000A90 events=0x21
2026-10-03 07:44:18.010 [EVENT] sock=2536 hEvent=000009A4 events=0x0
2026-10-03 07:44:18.010 [EVENT] sock=2536 hEvent=000009A4 events=0x21
2026-10-03 07:44:28.076 [EVENT] sock=2536 hEvent=000009A4 events=0x0
2026-10-03 07:44:28.076 [EVENT] sock=2536 hEvent=000009A4 events=0x21
2026-10-03 07:44:38.127 [EVENT] sock=2536 hEvent=000009A4 events=0x0
2026-10-03 07:44:38.128 [EVENT] sock=2536 hEvent=000009A4 events=0x21
2026-10-03 07:44:39.936 [EVENT] sock=2732 hEvent=00000A90 events=0x0
2026-10-03 07:44:39.936 [EVENT] sock=2732 hEvent=00000A90 events=0x21
2026-10-03 07:44:48.260 [EVENT] sock=2536 hEvent=000009A4 events=0x0
2026-10-03 07:44:48.262 [EVENT] sock=2536 hEvent=000009A4 events=0x21
2026-10-03 07:44:58.310 [EVENT] sock=2536 hEvent=000009A4 events=0x0
2026-10-03 07:44:58.311 [EVENT] sock=2536 hEvent=000009A4 events=0x21
2026-10-03 07:45:08.361 [EVENT] sock=2536 hEvent=000009A4 events=0x0
2026-10-03 07:45:08.362 [EVENT] sock=2536 hEvent=000009A4 events=0x21
2026-10-03 07:45:09.936 [EVENT] sock=2732 hEvent=00000A90 events=0x0
2026-10-03 07:45:09.937 [EVENT] sock=2732 hEvent=00000A90 events=0x21
2026-10-03 07:45:18.462 [EVENT] sock=2536 hEvent=000009A4 events=0x0
2026-10-03 07:45:18.462 [EVENT] sock=2536 hEvent=000009A4 events=0x21
2026-10-03 07:45:28.530 [EVENT] sock=2536 hEvent=000009A4 events=0x0
2026-10-03 07:45:28.531 [EVENT] sock=2536 hEvent=000009A4 events=0x21
2026-10-03 07:45:38.596 [EVENT] sock=2536 hEvent=000009A4 events=0x0
2026-10-03 07:45:38.598 [EVENT] sock=2536 hEvent=000009A4 events=0x21
2026-10-03 07:45:39.938 [EVENT] sock=2732 hEvent=00000A90 events=0x0
2026-10-03 07:45:39.938 [EVENT] sock=2732 hEvent=00000A90 events=0x21
2026-10-03 07:45:48.663 [EVENT] sock=2536 hEvent=000009A4 events=0x0
2026-10-03 07:45:48.664 [EVENT] sock=2536 hEvent=000009A4 events=0x21
2026-10-03 07:45:58.715 [EVENT] sock=2536 hEvent=000009A4 events=0x0
2026-10-03 07:45:58.717 [EVENT] sock=2536 hEvent=000009A4 events=0x21
2026-10-03 07:46:08.782 [EVENT] sock=2536 hEvent=000009A4 events=0x0
2026-10-03 07:46:08.784 [EVENT] sock=2536 hEvent=000009A4 events=0x21
2026-10-03 07:46:09.938 [EVENT] sock=2732 hEvent=00000A90 events=0x0
2026-10-03 07:46:09.939 [EVENT] sock=2732 hEvent=00000A90 events=0x21
2026-10-03 07:46:18.934 [EVENT] sock=2536 hEvent=000009A4 events=0x0
2026-10-03 07:46:18.934 [EVENT] sock=2536 hEvent=000009A4 events=0x21
2026-10-03 07:46:28.999 [EVENT] sock=2536 hEvent=000009A4 events=0x0
2026-10-03 07:46:28.999 [EVENT] sock=2536 hEvent=000009A4 events=0x21
2026-10-03 07:46:39.063 [EVENT] sock=2536 hEvent=000009A4 events=0x0
2026-10-03 07:46:39.063 [EVENT] sock=2536 hEvent=000009A4 events=0x21
2026-10-03 07:46:39.939 [EVENT] sock=2732 hEvent=00000A90 events=0x0
2026-10-03 07:46:39.939 [EVENT] sock=2732 hEvent=00000A90 events=0x21
2026-10-03 07:46:49.135 [EVENT] sock=2536 hEvent=000009A4 events=0x0
2026-10-03 07:46:49.135 [EVENT] sock=2536 hEvent=000009A4 events=0x21
2026-10-03 07:46:59.196 [EVENT] sock=2536 hEvent=000009A4 events=0x0
2026-10-03 07:46:59.197 [EVENT] sock=2536 hEvent=000009A4 events=0x21
2026-10-03 07:47:09.249 [EVENT] sock=2536 hEvent=000009A4 events=0x0
2026-10-03 07:47:09.250 [EVENT] sock=2536 hEvent=000009A4 events=0x21
2026-10-03 07:47:09.940 [EVENT] sock=2732 hEvent=00000A90 events=0x0
2026-10-03 07:47:09.940 [EVENT] sock=2732 hEvent=00000A90 events=0x21
2026-10-03 07:47:19.330 [EVENT] sock=2536 hEvent=000009A4 events=0x0
2026-10-03 07:47:19.333 [EVENT] sock=2536 hEvent=000009A4 events=0x21
2026-10-03 07:47:29.396 [EVENT] sock=2536 hEvent=000009A4 events=0x0
2026-10-03 07:47:29.397 [EVENT] sock=2536 hEvent=000009A4 events=0x21
2026-10-03 07:47:39.445 [EVENT] sock=2536 hEvent=000009A4 events=0x0
2026-10-03 07:47:39.448 [EVENT] sock=2536 hEvent=000009A4 events=0x21
2026-10-03 07:47:39.940 [EVENT] sock=2732 hEvent=00000A90 events=0x0
2026-10-03 07:47:39.940 [EVENT] sock=2732 hEvent=00000A90 events=0x21
2026-10-03 07:47:49.634 [EVENT] sock=2536 hEvent=000009A4 events=0x0
2026-10-03 07:47:49.635 [EVENT] sock=2536 hEvent=000009A4 events=0x21
2026-10-03 07:47:59.696 [EVENT] sock=2536 hEvent=000009A4 events=0x0
2026-10-03 07:47:59.697 [EVENT] sock=2536 hEvent=000009A4 events=0x21
2026-10-03 07:48:09.746 [EVENT] sock=2536 hEvent=000009A4 events=0x0
2026-10-03 07:48:09.750 [EVENT] sock=2536 hEvent=000009A4 events=0x21
2026-10-03 07:48:09.941 [EVENT] sock=2732 hEvent=00000A90 events=0x0
2026-10-03 07:48:09.941 [EVENT] sock=2732 hEvent=00000A90 events=0x21
2026-10-03 07:48:19.846 [EVENT] sock=2536 hEvent=000009A4 events=0x0
2026-10-03 07:48:19.847 [EVENT] sock=2536 hEvent=000009A4 events=0x21
2026-10-03 07:48:29.895 [EVENT] sock=2536 hEvent=000009A4 events=0x0
2026-10-03 07:48:29.896 [EVENT] sock=2536 hEvent=000009A4 events=0x21
2026-10-03 07:48:39.942 [EVENT] sock=2732 hEvent=00000A90 events=0x0
2026-10-03 07:48:39.942 [EVENT] sock=2732 hEvent=00000A90 events=0x21
2026-10-03 07:48:39.945 [EVENT] sock=2536 hEvent=000009A4 events=0x0
2026-10-03 07:48:39.951 [EVENT] sock=2536 hEvent=000009A4 events=0x21
2026-10-03 07:48:50.095 [EVENT] sock=2536 hEvent=000009A4 events=0x0
2026-10-03 07:48:50.101 [EVENT] sock=2536 hEvent=000009A4 events=0x21
2026-10-03 07:49:00.163 [EVENT] sock=2536 hEvent=000009A4 events=0x0
2026-10-03 07:49:00.164 [EVENT] sock=2536 hEvent=000009A4 events=0x21
2026-10-03 07:49:09.944 [EVENT] sock=2732 hEvent=00000A90 events=0x0
2026-10-03 07:49:09.945 [EVENT] sock=2732 hEvent=00000A90 events=0x21
2026-10-03 07:49:10.214 [EVENT] sock=2536 hEvent=000009A4 events=0x0
2026-10-03 07:49:10.218 [EVENT] sock=2536 hEvent=000009A4 events=0x21
2026-10-03 07:49:20.364 [EVENT] sock=2536 hEvent=000009A4 events=0x0
2026-10-03 07:49:20.366 [EVENT] sock=2536 hEvent=000009A4 events=0x21
2026-10-03 07:49:30.430 [EVENT] sock=2536 hEvent=000009A4 events=0x0
2026-10-03 07:49:30.431 [EVENT] sock=2536 hEvent=000009A4 events=0x21
2026-10-03 07:49:39.946 [EVENT] sock=2732 hEvent=00000A90 events=0x0
2026-10-03 07:49:39.947 [EVENT] sock=2732 hEvent=00000A90 events=0x21
2026-10-03 07:49:40.487 [EVENT] sock=2536 hEvent=000009A4 events=0x0
2026-10-03 07:49:40.489 [EVENT] sock=2536 hEvent=000009A4 events=0x21
2026-10-03 07:49:50.615 [EVENT] sock=2536 hEvent=000009A4 events=0x0
2026-10-03 07:49:50.620 [EVENT] sock=2536 hEvent=000009A4 events=0x21
2026-10-03 07:50:00.682 [EVENT] sock=2536 hEvent=000009A4 events=0x0
2026-10-03 07:50:00.688 [EVENT] sock=2536 hEvent=000009A4 events=0x21
2026-10-03 07:50:09.947 [EVENT] sock=2732 hEvent=00000A90 events=0x0
2026-10-03 07:50:09.947 [EVENT] sock=2732 hEvent=00000A90 events=0x21
2026-10-03 07:50:10.748 [EVENT] sock=2536 hEvent=000009A4 events=0x0
2026-10-03 07:50:10.749 [EVENT] sock=2536 hEvent=000009A4 events=0x21
2026-10-03 07:50:20.920 [EVENT] sock=2536 hEvent=000009A4 events=0x0
2026-10-03 07:50:20.921 [EVENT] sock=2536 hEvent=000009A4 events=0x21
2026-10-03 07:50:30.982 [EVENT] sock=2536 hEvent=000009A4 events=0x0
2026-10-03 07:50:30.984 [EVENT] sock=2536 hEvent=000009A4 events=0x21
2026-10-03 07:50:39.950 [EVENT] sock=2732 hEvent=00000A90 events=0x0
2026-10-03 07:50:39.954 [EVENT] sock=2732 hEvent=00000A90 events=0x21
2026-10-03 07:50:41.052 [EVENT] sock=2536 hEvent=000009A4 events=0x0
2026-10-03 07:50:41.053 [EVENT] sock=2536 hEvent=000009A4 events=0x21
2026-10-03 07:50:51.183 [EVENT] sock=2536 hEvent=000009A4 events=0x0
2026-10-03 07:50:51.183 [EVENT] sock=2536 hEvent=000009A4 events=0x21
2026-10-03 07:51:01.236 [EVENT] sock=2536 hEvent=000009A4 events=0x0
2026-10-03 07:51:01.236 [EVENT] sock=2536 hEvent=000009A4 events=0x21
2026-10-03 07:51:09.955 [EVENT] sock=2732 hEvent=00000A90 events=0x0
2026-10-03 07:51:09.957 [EVENT] sock=2732 hEvent=00000A90 events=0x21
2026-10-03 07:51:11.301 [EVENT] sock=2536 hEvent=000009A4 events=0x0
2026-10-03 07:51:11.303 [EVENT] sock=2536 hEvent=000009A4 events=0x21
2026-10-03 07:51:21.383 [EVENT] sock=2536 hEvent=000009A4 events=0x0
2026-10-03 07:51:21.384 [EVENT] sock=2536 hEvent=000009A4 events=0x21
2026-10-03 07:51:31.437 [EVENT] sock=2536 hEvent=000009A4 events=0x0
2026-10-03 07:51:31.437 [EVENT] sock=2536 hEvent=000009A4 events=0x21
2026-10-03 07:51:39.958 [EVENT] sock=2732 hEvent=00000A90 events=0x0
2026-10-03 07:51:39.958 [EVENT] sock=2732 hEvent=00000A90 events=0x21
2026-10-03 07:51:41.498 [EVENT] sock=2536 hEvent=000009A4 events=0x0
2026-10-03 07:51:41.498 [EVENT] sock=2536 hEvent=000009A4 events=0x21
2026-10-03 07:51:51.584 [EVENT] sock=2536 hEvent=000009A4 events=0x0
2026-10-03 07:51:51.585 [EVENT] sock=2536 hEvent=000009A4 events=0x21
2026-10-03 07:52:01.650 [EVENT] sock=2536 hEvent=000009A4 events=0x0
2026-10-03 07:52:01.651 [EVENT] sock=2536 hEvent=000009A4 events=0x21
2026-10-03 07:52:09.958 [EVENT] sock=2732 hEvent=00000A90 events=0x0
2026-10-03 07:52:09.958 [EVENT] sock=2732 hEvent=00000A90 events=0x21
2026-10-03 07:52:11.701 [EVENT] sock=2536 hEvent=000009A4 events=0x0
2026-10-03 07:52:11.701 [EVENT] sock=2536 hEvent=000009A4 events=0x21
2026-10-03 07:52:21.787 [EVENT] sock=2536 hEvent=000009A4 events=0x0
2026-10-03 07:52:21.789 [EVENT] sock=2536 hEvent=000009A4 events=0x21
2026-10-03 07:52:31.852 [EVENT] sock=2536 hEvent=000009A4 events=0x0
2026-10-03 07:52:31.853 [EVENT] sock=2536 hEvent=000009A4 events=0x21
2026-10-03 07:52:39.960 [EVENT] sock=2732 hEvent=00000A90 events=0x0
2026-10-03 07:52:39.960 [EVENT] sock=2732 hEvent=00000A90 events=0x21
2026-10-03 07:52:41.899 [EVENT] sock=2536 hEvent=000009A4 events=0x0
2026-10-03 07:52:41.904 [EVENT] sock=2536 hEvent=000009A4 events=0x21
2026-10-03 07:52:52.099 [EVENT] sock=2536 hEvent=000009A4 events=0x0
2026-10-03 07:52:52.099 [EVENT] sock=2536 hEvent=000009A4 events=0x21
2026-10-03 07:53:02.149 [EVENT] sock=2536 hEvent=000009A4 events=0x0
2026-10-03 07:53:02.151 [EVENT] sock=2536 hEvent=000009A4 events=0x21
2026-10-03 07:53:09.962 [EVENT] sock=2732 hEvent=00000A90 events=0x0
2026-10-03 07:53:09.963 [EVENT] sock=2732 hEvent=00000A90 events=0x21
2026-10-03 07:53:12.215 [EVENT] sock=2536 hEvent=000009A4 events=0x0
2026-10-03 07:53:12.216 [EVENT] sock=2536 hEvent=000009A4 events=0x21
2026-10-03 07:53:22.298 [EVENT] sock=2536 hEvent=000009A4 events=0x0
2026-10-03 07:53:22.300 [EVENT] sock=2536 hEvent=000009A4 events=0x21
2026-10-03 07:53:32.366 [EVENT] sock=2536 hEvent=000009A4 events=0x0
2026-10-03 07:53:32.366 [EVENT] sock=2536 hEvent=000009A4 events=0x21
2026-10-03 07:53:39.964 [EVENT] sock=2732 hEvent=00000A90 events=0x0
2026-10-03 07:53:39.964 [EVENT] sock=2732 hEvent=00000A90 events=0x21
2026-10-03 07:53:42.419 [EVENT] sock=2536 hEvent=000009A4 events=0x0
2026-10-03 07:53:42.422 [EVENT] sock=2536 hEvent=000009A4 events=0x21
2026-10-03 07:53:52.569 [EVENT] sock=2536 hEvent=000009A4 events=0x0
2026-10-03 07:53:52.570 [EVENT] sock=2536 hEvent=000009A4 events=0x21
2026-10-03 07:54:02.618 [EVENT] sock=2536 hEvent=000009A4 events=0x0
2026-10-03 07:54:02.624 [EVENT] sock=2536 hEvent=000009A4 events=0x21
2026-10-03 07:54:09.965 [EVENT] sock=2732 hEvent=00000A90 events=0x0
2026-10-03 07:54:09.965 [EVENT] sock=2732 hEvent=00000A90 events=0x21
2026-10-03 07:54:12.673 [EVENT] sock=2536 hEvent=000009A4 events=0x0
2026-10-03 07:54:12.673 [EVENT] sock=2536 hEvent=000009A4 events=0x21
2026-10-03 07:54:22.869 [EVENT] sock=2536 hEvent=000009A4 events=0x0
2026-10-03 07:54:22.869 [EVENT] sock=2536 hEvent=000009A4 events=0x21
2026-10-03 07:54:32.920 [EVENT] sock=2536 hEvent=000009A4 events=0x0
2026-10-03 07:54:32.926 [EVENT] sock=2536 hEvent=000009A4 events=0x21
2026-10-03 07:54:39.967 [EVENT] sock=2732 hEvent=00000A90 events=0x0
2026-10-03 07:54:39.968 [EVENT] sock=2732 hEvent=00000A90 events=0x21
2026-10-03 07:54:42.989 [EVENT] sock=2536 hEvent=000009A4 events=0x0
2026-10-03 07:54:42.991 [EVENT] sock=2536 hEvent=000009A4 events=0x21
2026-10-03 07:54:53.070 [EVENT] sock=2536 hEvent=000009A4 events=0x0
2026-10-03 07:54:53.070 [EVENT] sock=2536 hEvent=000009A4 events=0x21
2026-10-03 07:55:03.119 [EVENT] sock=2536 hEvent=000009A4 events=0x0
2026-10-03 07:55:03.120 [EVENT] sock=2536 hEvent=000009A4 events=0x21
2026-10-03 07:55:09.970 [EVENT] sock=2732 hEvent=00000A90 events=0x0
2026-10-03 07:55:09.971 [EVENT] sock=2732 hEvent=00000A90 events=0x21
2026-10-03 07:55:13.175 [EVENT] sock=2536 hEvent=000009A4 events=0x0
2026-10-03 07:55:13.177 [EVENT] sock=2536 hEvent=000009A4 events=0x21
2026-10-03 07:55:23.421 [EVENT] sock=2536 hEvent=000009A4 events=0x0
2026-10-03 07:55:23.427 [EVENT] sock=2536 hEvent=000009A4 events=0x21
2026-10-03 07:55:33.491 [EVENT] sock=2536 hEvent=000009A4 events=0x0
2026-10-03 07:55:33.491 [EVENT] sock=2536 hEvent=000009A4 events=0x21
2026-10-03 07:55:39.981 [EVENT] sock=2732 hEvent=00000A90 events=0x0
2026-10-03 07:55:39.981 [EVENT] sock=2732 hEvent=00000A90 events=0x21
2026-10-03 07:55:43.546 [EVENT] sock=2536 hEvent=000009A4 events=0x0
2026-10-03 07:55:43.547 [EVENT] sock=2536 hEvent=000009A4 events=0x21
2026-10-03 07:55:53.792 [EVENT] sock=2536 hEvent=000009A4 events=0x0
2026-10-03 07:55:53.794 [EVENT] sock=2536 hEvent=000009A4 events=0x21
2026-10-03 07:56:03.855 [EVENT] sock=2536 hEvent=000009A4 events=0x0
2026-10-03 07:56:03.856 [EVENT] sock=2536 hEvent=000009A4 events=0x21
2026-10-03 07:56:09.982 [EVENT] sock=2732 hEvent=00000A90 events=0x0
2026-10-03 07:56:09.983 [EVENT] sock=2732 hEvent=00000A90 events=0x21
2026-10-03 07:56:13.908 [EVENT] sock=2536 hEvent=000009A4 events=0x0
2026-10-03 07:56:13.911 [EVENT] sock=2536 hEvent=000009A4 events=0x21
2026-10-03 07:56:23.991 [EVENT] sock=2536 hEvent=000009A4 events=0x0
2026-10-03 07:56:23.994 [EVENT] sock=2536 hEvent=000009A4 events=0x21
2026-10-03 07:56:34.054 [EVENT] sock=2536 hEvent=000009A4 events=0x0
2026-10-03 07:56:34.055 [EVENT] sock=2536 hEvent=000009A4 events=0x21
2026-10-03 07:56:39.984 [EVENT] sock=2732 hEvent=00000A90 events=0x0
2026-10-03 07:56:39.984 [EVENT] sock=2732 hEvent=00000A90 events=0x21
2026-10-03 07:56:44.112 [EVENT] sock=2536 hEvent=000009A4 events=0x0
2026-10-03 07:56:44.112 [EVENT] sock=2536 hEvent=000009A4 events=0x21
2026-10-03 07:56:54.342 [EVENT] sock=2536 hEvent=000009A4 events=0x0
2026-10-03 07:56:54.347 [EVENT] sock=2536 hEvent=000009A4 events=0x21
2026-10-03 07:57:04.409 [EVENT] sock=2536 hEvent=000009A4 events=0x0
2026-10-03 07:57:04.409 [EVENT] sock=2536 hEvent=000009A4 events=0x21
2026-10-03 07:57:09.985 [EVENT] sock=2732 hEvent=00000A90 events=0x0
2026-10-03 07:57:09.985 [EVENT] sock=2732 hEvent=00000A90 events=0x21
2026-10-03 07:57:14.459 [EVENT] sock=2536 hEvent=000009A4 events=0x0
2026-10-03 07:57:14.462 [EVENT] sock=2536 hEvent=000009A4 events=0x21
2026-10-03 07:57:24.559 [EVENT] sock=2536 hEvent=000009A4 events=0x0
2026-10-03 07:57:24.559 [EVENT] sock=2536 hEvent=000009A4 events=0x21
2026-10-03 07:57:34.613 [EVENT] sock=2536 hEvent=000009A4 events=0x0
2026-10-03 07:57:34.613 [EVENT] sock=2536 hEvent=000009A4 events=0x21
2026-10-03 07:57:39.987 [EVENT] sock=2732 hEvent=00000A90 events=0x0
2026-10-03 07:57:39.988 [EVENT] sock=2732 hEvent=00000A90 events=0x21
2026-10-03 07:57:44.675 [EVENT] sock=2536 hEvent=000009A4 events=0x0
2026-10-03 07:57:44.676 [EVENT] sock=2536 hEvent=000009A4 events=0x21
2026-10-03 07:57:54.762 [EVENT] sock=2536 hEvent=000009A4 events=0x0
2026-10-03 07:57:54.763 [EVENT] sock=2536 hEvent=000009A4 events=0x21
2026-10-03 07:58:04.823 [EVENT] sock=2536 hEvent=000009A4 events=0x0
2026-10-03 07:58:04.824 [EVENT] sock=2536 hEvent=000009A4 events=0x21
2026-10-03 07:58:09.990 [EVENT] sock=2732 hEvent=00000A90 events=0x0
2026-10-03 07:58:09.990 [EVENT] sock=2732 hEvent=00000A90 events=0x21
2026-10-03 07:58:14.880 [EVENT] sock=2536 hEvent=000009A4 events=0x0
2026-10-03 07:58:14.881 [EVENT] sock=2536 hEvent=000009A4 events=0x21
2026-10-03 07:58:25.014 [EVENT] sock=2536 hEvent=000009A4 events=0x0
2026-10-03 07:58:25.028 [EVENT] sock=2536 hEvent=000009A4 events=0x21
2026-10-03 07:58:35.081 [EVENT] sock=2536 hEvent=000009A4 events=0x0
2026-10-03 07:58:35.081 [EVENT] sock=2536 hEvent=000009A4 events=0x21
2026-10-03 07:58:39.992 [EVENT] sock=2732 hEvent=00000A90 events=0x0
2026-10-03 07:58:39.994 [EVENT] sock=2732 hEvent=00000A90 events=0x21
2026-10-03 07:58:45.130 [EVENT] sock=2536 hEvent=000009A4 events=0x0
2026-10-03 07:58:45.131 [EVENT] sock=2536 hEvent=000009A4 events=0x21
2026-10-03 07:58:55.280 [EVENT] sock=2536 hEvent=000009A4 events=0x0
2026-10-03 07:58:55.282 [EVENT] sock=2536 hEvent=000009A4 events=0x21
2026-10-03 07:59:05.349 [EVENT] sock=2536 hEvent=000009A4 events=0x0
2026-10-03 07:59:05.349 [EVENT] sock=2536 hEvent=000009A4 events=0x21
2026-10-03 07:59:09.995 [EVENT] sock=2732 hEvent=00000A90 events=0x0
2026-10-03 07:59:10.002 [EVENT] sock=2732 hEvent=00000A90 events=0x21
2026-10-03 07:59:15.412 [EVENT] sock=2536 hEvent=000009A4 events=0x0
2026-10-03 07:59:15.414 [EVENT] sock=2536 hEvent=000009A4 events=0x21
2026-10-03 07:59:25.533 [EVENT] sock=2536 hEvent=000009A4 events=0x0
2026-10-03 07:59:25.533 [EVENT] sock=2536 hEvent=000009A4 events=0x21
2026-10-03 07:59:35.598 [EVENT] sock=2536 hEvent=000009A4 events=0x0
2026-10-03 07:59:35.598 [EVENT] sock=2536 hEvent=000009A4 events=0x21
2026-10-03 07:59:40.002 [EVENT] sock=2732 hEvent=00000A90 events=0x0
2026-10-03 07:59:40.002 [EVENT] sock=2732 hEvent=00000A90 events=0x21
2026-10-03 07:59:45.661 [EVENT] sock=2536 hEvent=000009A4 events=0x0
2026-10-03 07:59:45.663 [EVENT] sock=2536 hEvent=000009A4 events=0x21
2026-10-03 07:59:55.746 [EVENT] sock=2536 hEvent=000009A4 events=0x0
2026-10-03 07:59:55.747 [EVENT] sock=2536 hEvent=000009A4 events=0x21
2026-10-03 08:00:05.811 [EVENT] sock=2536 hEvent=000009A4 events=0x0
2026-10-03 08:00:05.816 [EVENT] sock=2536 hEvent=000009A4 events=0x21
2026-10-03 08:00:10.003 [EVENT] sock=2732 hEvent=00000A90 events=0x0
2026-10-03 08:00:10.004 [EVENT] sock=2732 hEvent=00000A90 events=0x21
2026-10-03 08:00:15.879 [EVENT] sock=2536 hEvent=000009A4 events=0x0
2026-10-03 08:00:15.882 [EVENT] sock=2536 hEvent=000009A4 events=0x21
2026-10-03 08:00:26.094 [EVENT] sock=2536 hEvent=000009A4 events=0x0
2026-10-03 08:00:26.098 [EVENT] sock=2536 hEvent=000009A4 events=0x21
2026-10-03 08:00:36.146 [EVENT] sock=2536 hEvent=000009A4 events=0x0
2026-10-03 08:00:36.149 [EVENT] sock=2536 hEvent=000009A4 events=0x21
2026-10-03 08:00:40.005 [EVENT] sock=2732 hEvent=00000A90 events=0x0
2026-10-03 08:00:40.005 [EVENT] sock=2732 hEvent=00000A90 events=0x21
2026-10-03 08:00:46.215 [EVENT] sock=2536 hEvent=000009A4 events=0x0
2026-10-03 08:00:46.216 [EVENT] sock=2536 hEvent=000009A4 events=0x21
2026-10-03 08:00:56.298 [EVENT] sock=2536 hEvent=000009A4 events=0x0
2026-10-03 08:00:56.298 [EVENT] sock=2536 hEvent=000009A4 events=0x21
2026-10-03 08:01:06.361 [EVENT] sock=2536 hEvent=000009A4 events=0x0
2026-10-03 08:01:06.362 [EVENT] sock=2536 hEvent=000009A4 events=0x21
2026-10-03 08:01:10.006 [EVENT] sock=2732 hEvent=00000A90 events=0x0
2026-10-03 08:01:10.006 [EVENT] sock=2732 hEvent=00000A90 events=0x21
2026-10-03 08:01:16.419 [EVENT] sock=2536 hEvent=000009A4 events=0x0
2026-10-03 08:01:16.420 [EVENT] sock=2536 hEvent=000009A4 events=0x21
2026-10-03 08:01:26.560 [EVENT] sock=2536 hEvent=000009A4 events=0x0
2026-10-03 08:01:26.561 [EVENT] sock=2536 hEvent=000009A4 events=0x21
2026-10-03 08:01:36.635 [EVENT] sock=2536 hEvent=000009A4 events=0x0
2026-10-03 08:01:36.635 [EVENT] sock=2536 hEvent=000009A4 events=0x21
2026-10-03 08:01:40.007 [EVENT] sock=2732 hEvent=00000A90 events=0x0
2026-10-03 08:01:40.007 [EVENT] sock=2732 hEvent=00000A90 events=0x21
2026-10-03 08:01:46.700 [EVENT] sock=2536 hEvent=000009A4 events=0x0
2026-10-03 08:01:46.701 [EVENT] sock=2536 hEvent=000009A4 events=0x21
2026-10-03 08:01:56.764 [EVENT] sock=2536 hEvent=000009A4 events=0x0
2026-10-03 08:01:56.764 [EVENT] sock=2536 hEvent=000009A4 events=0x21
2026-10-03 08:02:06.827 [EVENT] sock=2536 hEvent=000009A4 events=0x0
2026-10-03 08:02:06.828 [EVENT] sock=2536 hEvent=000009A4 events=0x21
2026-10-03 08:02:08.890 [OP] 4613 inv=FFB9 len=70 #1 95f3ddbf6fe02298bd798a6c0e2e585b68a9182c94df55536a6d8d503ea6ed7f58ec6ffaa353caaa5beb757bd998f8671f805b6451b1dcfaa32beceb066d0d4079bbea2b1f80
2026-10-03 08:02:10.008 [EVENT] sock=2732 hEvent=00000A90 events=0x0
2026-10-03 08:02:10.008 [EVENT] sock=2732 hEvent=00000A90 events=0x21
2026-10-03 08:02:16.879 [EVENT] sock=2536 hEvent=000009A4 events=0x0
2026-10-03 08:02:16.881 [EVENT] sock=2536 hEvent=000009A4 events=0x21
2026-10-03 08:02:26.976 [EVENT] sock=2536 hEvent=000009A4 events=0x0
2026-10-03 08:02:26.979 [EVENT] sock=2536 hEvent=000009A4 events=0x21
2026-10-03 08:02:30.712 [OP] 4705 inv=FFB8 len=71 #1 966b7f5134a722a37d67ce5bbbb20bdcfaa32b1fbc1c64510bdcfaa30459805b64510bdc39db2b1f805b645131dcfaa3a71f805b2751a2da2bf061f1341a64510bdcfaa32b1f80
2026-10-03 08:02:39.070 [EVENT] sock=2536 hEvent=000009A4 events=0x0
2026-10-03 08:02:39.070 [EVENT] sock=2536 hEvent=000009A4 events=0x21
2026-10-03 08:02:40.010 [EVENT] sock=2732 hEvent=00000A90 events=0x0
2026-10-03 08:02:40.010 [EVENT] sock=2536 hEvent=000009A4 events=0x0
2026-10-03 08:02:40.011 [EVENT] sock=2732 hEvent=00000A90 events=0x21
2026-10-03 08:02:40.011 [EVENT] sock=2536 hEvent=000009A4 events=0x21
2026-10-03 08:02:42.388 [EVENT] sock=2536 hEvent=000009A4 events=0x0
2026-10-03 08:02:42.389 [EVENT] sock=2536 hEvent=000009A4 events=0x21
2026-10-03 08:02:42.588 [EVENT] sock=2536 hEvent=000009A4 events=0x0
2026-10-03 08:02:42.588 [EVENT] sock=2536 hEvent=000009A4 events=0x21
2026-10-03 08:02:49.130 [EVENT] sock=2536 hEvent=000009A4 events=0x0
2026-10-03 08:02:49.131 [EVENT] sock=2536 hEvent=000009A4 events=0x21
2026-10-03 08:02:51.884 [QUESTION] {"type":"question","sock":2536,"qno":1,"field_a":59,"stem":"以下不属于马的动物？","options":["1、海马","2、赤兔","3、白马","4、红马"]}
2026-10-03 08:02:51.885 [SHIELD] withhold question qno=1 — popup suppressed
2026-10-03 08:02:51.885 [CLOSE] main sock 2536 closed
2026-10-03 08:02:52.887 [UI] auto dump on question qno=1
2026-10-03 08:02:52.889 [UI] ---- window dump begin (pid 14688) ----
2026-10-03 08:02:52.901 [UI] TOP=00120870 vis=1 cls=ATL:0062F210 rc=(-9,22,1031,829) title=什么什么大冒险2(①逍遥村敬老院)-伏地魔2_Sep 24 2026《什么什么大冒险》制作委员会QQ群:515616289
2026-10-03 08:02:52.903 [UI] TOP=00130C58 vis=0 cls=DIEmWin rc=(-1,-1,135,38) title=DIEmWin
2026-10-03 08:02:52.908 [UI] TOP=001A0718 vis=0 cls=MSCTFIME UI rc=(0,0,0,0) title=MSCTFIME UI
2026-10-03 08:02:52.923 [UI] TOP=00DC0B36 vis=0 cls=IME rc=(0,0,0,0) title=Default IME
2026-10-03 08:02:52.924 [UI] TOP=0044076C vis=0 cls=IME rc=(0,0,0,0) title=Default IME
2026-10-03 08:02:52.924 [UI] ---- window dump end ----
2026-10-03 08:02:56.413 [SEND-ANSWER] no main sock
2026-10-03 08:03:10.011 [EVENT] sock=2732 hEvent=00000A90 events=0x0
2026-10-03 08:03:10.012 [EVENT] sock=2732 hEvent=00000A90 events=0x21
2026-10-03 08:03:17.392 [PIPE] controller disconnected
2026-10-03 08:03:23.204 [EVENT] sock=2732 hEvent=00000A90 events=0x0
2026-10-03 08:03:23.205 [EVENT] sock=2732 hEvent=00000A90 events=0x21
2026-10-03 08:03:23.244 [NET-E] sock=2732 bypass r=-1 err=10053
2026-10-03 08:03:25.778 [CLOSE] main sock 4294967295 closed
2026-10-03 08:03:26.056 [CLOSE] main sock 4294967295 closed
2026-10-03 08:03:26.469 [CLOSE] main sock 4294967295 closed
2026-10-03 08:03:26.469 [CLOSE] main sock 4294967295 closed
2026-10-03 08:03:26.534 [INIT] dll unloaded
