2026-10-02 08:16:42.592 [INIT] dll loaded, pid=13044
2026-10-02 08:16:42.592 [INIT] codec loaded OK
2026-10-02 08:16:42.592 [INIT] iat hooks: recv=1 send=1 WSASend=1 connect=1 closesocket=1
2026-10-02 08:16:42.592 [OV] overlay window ready
2026-10-02 08:16:54.450 [PIPE] controller connected
2026-10-02 09:02:37.669 [CONNECT] main sock 2444 -> 8484
2026-10-02 09:02:37.741 [OUT] 0FFF inv=FBC6 len=260 #1 c6fbff0f61975ee409edcd1f805b64510bdcfaa32ba5805b64fb0bdcfaa32b1f807c6967badcfaa32b1f805b64510bdcfa212b1f802264510bdcfaa32b0af3a86e510bdcfaa32b1f805b64510b5efaa32bd5805b64510bdcfa2a306ea3f779e3fcdcfaa32b1f805b64510bdcfaa32b1f805b64510bdcfaa32b1f805b64510bdcfaa32b1f805b04ab8a719397afb0285b64510bdcfaa3bb1f805ba9510bdcfaa32b1f805b64510bdcfaa32b1f805b64510bdcfaa32b1f805b64510bdcfaa32b1f805b8df83bdccefc2b1fa427d3e641bddc9abd90585c2731f13653770f5abc1e10510bdcfaa32b1f805b640b0bdcfa5f2b1f805b64510b17cc26ff1f805b64510bdcfaa3
2026-10-02 09:02:38.007 [OP] 4002 inv=FF8B len=116 #1 95b46350d728c3cd58d4294f85da40ec76714a41a01be3a0e2938d0b8541da89aba0acb08b3bad80c464510bdcfaa32bd13b5b646244dcfa83931f80807a510b155a4e78c8d97b81510bdcfada2b1f809564510ba7faa32b98aa5b645894dcfadb02074c724ed410dcfaa32b1f805b64510bdcfa
2026-10-02 09:02:41.077 [OUT] 0004 inv=FDD2 len=260 #1 d2fd04000cdcfaa3355ad665c4180bdcfaa32b1f805b6451d5dcfaa3321f805b64510bdcd4163f01805b64510bdcfaa32b1f805bb0510bdc84a32b1f805b6451265a4dd22b1f805b64510bdcfaa32b1f775b645182dcfaa32b1f805b8d6fb473faa32b1f805b64510bdcfaa3671f805bb5510bdcfaa32b1f7dcd46fc9f1d5039515111c464510bdcfaa32b1f43fc4d18f468c58175c65b9f34abfc1154bfdb4572f74b426711de51714553ec64510bdcfaa32b1f805b64510bdcfaa32b1f805b64510bdcfaa32b1f805b64510bdcfaa32b1f805b64510bdcfaa32b1f805b64510bdcfaa32b1f805b64510bdcfaa32b1f805b64510bdcfaa32b1f805b64510bdcfaa32b1f
2026-10-02 09:02:41.137 [OP] 4014 inv=FFEA len=21 #1 0cca805bcd510bdc82f193f3805b645190d6a5db2b
2026-10-02 09:02:41.193 [OP] 46F2 inv=E407 len=7160 #1 ff1106ab302fdce91f0ad8e5b4642e4e53e78b691fb86633330b611b8031868f5b9196134afa12fc89c8dbfd51e40cfc302be584f0555193d0b4ece86680e67076f97457a331c97c32675b0bcdfdb07a1e825b8deb693a66a62b0bc18b8ddd9bdc80d743825f7164b1beb6b7a377757ed3ef0d0b5a80a14b721a5b50332eeffab0a897324f5d51fb9223df2ba79abca006b5dc6d0bb30a712664d772ad9ba13c
2026-10-02 09:02:41.236 [OP] 46F2 inv=E409 len=7158 #2 be4325e90c43a33135c270e5ba0aa8fa4159123d85a151a4a4b7ad2bae2d54ff6568dcfc1d82ed1606e3060b0811f021279fbd69513223974466083a5bcef68374fc3f829a803e2033196060eae61fb552226b83daa5492bbf06dbe1b36aad04a3e950e96909d42e6efa6061c327bee6b45cdc2ba1b355d58a694a0bb605ad994bf5becc51de7c46a82bab8e1aa41d3cdc8d6a488637e064b349c938c2f40efb
2026-10-02 09:02:41.288 [OP] 46F2 inv=E40A len=7157 #3 fb1acfaed1339d6c802debb3f3dc4ed18b117c5401be0b6e68f0cf1f293350db0b0359650a1f7a6d09c00bd80733b31fd509e1e40b53d72b8b1f8f06ff8232c9fab012ff112eda51e979f1d32bc299d7aa517d2633862bfaf2ee64b1f20feba3953105e5644cbc7ddb809a121d5b09be0aa8fc3f4d7680fffa7301a129639d1f4cf069f70bf09b50651f5f32fdbe608afa6079279fe96876d2dcd1f0b395d36d
2026-10-02 09:02:41.288 [OP] 46F2 inv=E40A len=7157 #4 5003ae65245c23543cc2c8b1deb146042b0ba6af2db3abf0fc80a1ff2e716725a2dcd129c2080c32e1256c2b971d2b2a4ae9c34d196201f9861f8f2bd89c3ca446b0b3bb3c836435e86977b04bb5e5d7e31246dc3b5e6138867122356cad97e32b42b2b2ed33e36eef019b1f23262d5c28f857a3a1505ee45003119cfa3394d00b8bed3596dc12168616bc5bc9bc186201d4fc1f0696b7ea97513816b999e909
2026-10-02 09:02:41.288 [OP] 46F2 inv=E403 len=7164 #5 c9bb65d6d07bb29b5185ca4e499e7096b264068fc9ef6c457c9926132e2e943243bce4bb5b017a5c7703ff6e3980cb1b0c4a77ef128b1fb12c6d81343938162bc334836bb464743863c90e345b5003ae655e6fddffb863d8931b764eb0190e80db8c13182359dc9ee41a9fa6135a7438a349bde909e37aca14d958434380db8c1318dac8c2337cb0413f51a2b0ac1d319a7e89ff01e98ab47523d280e9c34d19
2026-10-02 09:02:41.318 [OP] E001 inv=FFAF len=80 #1 580be8a3a32b1f80b77cb9b3ebffc88a0c5c5a4da476a3a1c95ee6c51d4d2439242070384597fb57d5b3bf5f24463e3bd83dbc595ab12b219f6016897110e95497cd4a215b64d6666ffaa32b1f805b64
2026-10-02 09:02:41.382 [OP] 4011 inv=FC8D len=882 #1 8b3bad800e64510b6c2e0c5c6465ec21c7120e2eba381f805b64510bf8faa32b1f805b6448c9e2faa32b1f805b640ac32414fabea05396c1e7e13ca1c95ee680c464510ba7c4a32b73805b64fcd5dcfaa32b1f801dc1c703a3459d0beb24b180793aeeea13a94569b64d510b6afaa32b34807a64510bdcfaa32b41d6814d0aa0012e9f2c1f805b64510bdcfa022b1f805b64510bdcfaa32bb2ce5b64510bdcfa
2026-10-02 09:02:41.382 [OP] 4015 inv=F963 len=1692 #1 7207c464fc0bdcfaa32b1f80d531510bb2dca32b83c75b64907edcfa4e78c8d9e727510be6b6a32bfb6d5b642fafdcfa4e78c8d97b81a552155a4e78c8d97b81b6c4dcfae2531f807c64510b5afaa32bb2aa5b646ad5dcfaa32b1f805b64510b155a4e78e4c65b64510bdcfae9931f805b64510b606ea32b1f805b646f0bdcfaa32b1f80f764510ba8caf7961f805b6474bf83bca32b1f805cf8510b9a91db2b
2026-10-02 09:02:41.382 [OP] 4B45 inv=EDDA len=4645 #1 33b4de1f1b40645133755f7f5b5a5db104e815ac7ccd30eb5d1e07e7124020c32cfea3f498c581ac6791150269754dc58eb8a225f9a97675c1cf25a33570a9d66e5aa8dc03acb0e7dc9fc5821779907a67c3f921d46f98c5cef3679f2a4588f22337b86cd4fc8afa5b424dd6c6ce0b25f9a97675c1efa0fe14f4306e8eb119f2ddf2ea70e40c53ec9402104e26cd30ebc41e5bc995ac264255e2c5827837956c
2026-10-02 09:02:41.415 [OP] E062 inv=FFCD len=50 #1 9564510bbafa7f3b6c1d985c5579b6947349b2274cf9bc85b1032b25a8ed96784c181874c2d4d0f1d73f332b0b7873baa880
2026-10-02 09:02:41.415 [OP] E062 inv=FFDB len=36 #2 90faa32bee80eecd052a78b83467e8a4f369c5ce4dd0cb56fef33ab76de3b664c159bf80
2026-10-02 09:02:41.415 [OP] E062 inv=FFD6 len=41 #3 ce5b64516edcc0b44bd3a4302774b37803306ed87c542e911708d8c1c6127e0648f7caa14edf3c9780
2026-10-02 09:02:41.415 [OP] E062 inv=FFBD len=66 #4 8bfaa32b2180eecd052a78b83467e8a4f369c56648a6e72307f33ab76d5c192bceebd9b1e97b6f2e14b753eb4b4c723354115f2b04230737be87299ce0ac5c311c80
2026-10-02 09:02:41.415 [OP] E062 inv=FFD2 len=45 #5 aea32b1ffc5b3eaf205bb83467e8a43005939c08e9a1339602fe15472a7ccbe7c0c371aa87299ce0ccce36a780
2026-10-02 09:02:41.438 [OP] 4055 inv=FFF7 len=8 #1 63cdfc0bdcfaa32b
2026-10-02 09:02:41.438 [OP] 4042 inv=FFF7 len=8 #1 efc2392b1f805b64
2026-10-02 09:02:41.438 [OP] 4056 inv=FFF7 len=8 #1 efc2392b1f805b64
2026-10-02 09:02:41.438 [OP] 4055 inv=FFF7 len=8 #2 63cdfc0bdcfaa32b
2026-10-02 09:02:41.438 [OP] 4045 inv=FF47 len=184 #1 63cdfc0b4efaa32b1f805b64830bdcfaaa2b1f80de64510b0dfaa32b06805b64dc0bdcfaf72b1f808664510be3faa32bbf805b64190bdcfaf02b1f80af64510b7dfaa32bc3805b64dd0bdcfaff2b1f801364510bb0faa32ba2805b64eb0bdcfa25531f8031df510b87c4a32b6aaa5b64d07fdcfaf5de1f804526510bf0f4a32b89125b64e1b1dcfa2b4a1f801a26510b74f4a32bb9125b64a908dcfaef6f1f80
2026-10-02 09:02:41.438 [OP] 4041 inv=FFEA len=21 #1 9ef3ce5bc651ec1524ff4386e941eb03697c80802b
2026-10-02 09:02:41.438 [OP] 017E inv=FFED len=18 #1 8b3bad8095df58ec6fc4f853caaa95df58ec
2026-10-02 09:02:41.438 [OP] 4B49 inv=FFF7 len=8 #1 7207c464510bdcfa
2026-10-02 09:02:41.438 [OP] 40FB inv=FFF9 len=6 #1 8b3bad805b64
2026-10-02 09:02:41.438 [OP] 4613 inv=FFBF len=64 #1 f89523b79508512ec9e8e8dc9a071319587be3c49416ba41550758ec6fc4a32bcaaa9564b60c99220253ab809464510b8bfaf82b1f7926b35c3828d7512b1f80
2026-10-02 09:02:41.438 [OP] 40A0 inv=FF7F len=128 #1 63cdfc0b90c2392b16605b6439ecdcfadb4ac3548a70b10541bbea0232805b64510bdcfaa32b1f805b64510bdcfaa32b1f805b64510bdcfaa32b1f806408c4ecfbe048536e605b6439ecdcfadb4ac3548a70b10541bbea0232805b64510bdcfaa32b1f805b64510bdcfaa32b1f805b64510bdcfaa32b1f80ec6f5a0be2aed02b
2026-10-02 09:02:41.438 [OP] 4613 inv=FFBF len=64 #2 f89523b79508512ec9e8e8dc9a071319587be3c49416ba41550758ec6fc4a32bcaaa9564b60c99220253ab809478370b8bfaf82b1f7926b35c3828d7512b1f80
2026-10-02 09:02:42.552 [OP] E014 inv=FF97 len=104 #1 088880344ba7f464510bdcfaa32b1f805b91ff0bc6faa32b38a0b9649e4e0dcae82b1f805b64510bdcfaa32b1f805b64510bdcfaa32b1f805b64510bdcfaa32b1f805b64510bdcfaa32b1f805b64510bdcfaa32b1f805b64510bdcfaa32b1f805b640eb27801d5bb
2026-10-02 09:02:42.595 [OP] E004 inv=FD55 len=682 #1 410ba1914133409e335513f2dcfaa32b1f805b7ffd0be6faa32b1f805b64580bdcfaa32b1f805b64510b696479020e0f840a2913dcfaa32b1f805b26fdecc4faa32b1f805b64580bdcfaa32b1f805b64510be4ea9330b118f464510bdcfaa32b1f805b6451ec3bfaa32b1f805b647ffd52faa32b1f805b64510b62e250491f805b64510bdcfaa32b1f805b6451ecdcfaa32b1f805b64415f52faa32b1f805b64
2026-10-02 09:02:43.315 [OUT] 1F02 inv=FFFB len=8 #1 fbff021fdcfaa32b
2026-10-02 09:02:43.320 [OUT] 0040 inv=FFFA len=9 #1 faff4000faa32b1f80
2026-10-02 09:02:43.320 [OUT] 0041 inv=FFFA len=9 #1 faff4100805b64510b
2026-10-02 09:02:43.320 [OUT] 0185 inv=FFF7 len=12 #1 f7ff8501dcfaa32bc8d97b81
2026-10-02 09:02:43.320 [OUT] 003D inv=FFFB len=8 #1 fbff3d00dcfaa32b
2026-10-02 09:02:43.320 [OUT] 003C inv=FFFB len=8 #1 fbff3c005b64510b
2026-10-02 09:02:43.320 [OUT] 003E inv=FFFB len=8 #1 fbff3e001f805b64
2026-10-02 09:02:43.320 [OUT] 003F inv=FFFB len=8 #1 fbff3f00510bdcfa
2026-10-02 09:02:43.320 [OUT] 0053 inv=FFFB len=8 #1 fbff5300510bdcfa
2026-10-02 09:02:43.320 [OUT] 1F00 inv=FFFB len=8 #1 fbff001fa32b1f80
2026-10-02 09:02:43.320 [OUT] 1F06 inv=FFFB len=8 #1 fbff061f5b64510b
2026-10-02 09:02:43.320 [OUT] 0230 inv=FFFB len=8 #1 fbff3002dcfaa32b
2026-10-02 09:02:43.320 [OUT] 0231 inv=FFFB len=8 #1 fbff31021f805b64
2026-10-02 09:02:43.322 [OUT] 0232 inv=FFFB len=8 #1 fbff3202510bdcfa
2026-10-02 09:02:43.322 [OUT] 0054 inv=FFFB len=8 #1 fbff5400a32b1f80
2026-10-02 09:02:43.336 [OUT] 01E4 inv=FFFB len=8 #1 fbffe4017207c464
2026-10-02 09:02:43.349 [OP] F005 inv=FFE7 len=24 #1 26b35c3828d7512b1f805b64510bdcfaa3dee68c72b15b45
2026-10-02 09:02:43.364 [OP] 4601 inv=FFF7 len=8 #1 7b81a552155a232b
2026-10-02 09:02:43.413 [OP] 4600 inv=FF87 len=120 #1 e85f4fafc4646fe0a7ce2dc52862e2f21d2f5794f2a24f6c3e6a6fe94bb92da2fc6ce26ae1e957b9f2a24f6c3e6a6fe94bb92da2fc6ce26ae1e957b9f2a24f6c3e6a6fe94bb92da2fc6ce26ae1e957b9f2a24f6c3e6a6fe94bb92da2fc6ce26ae1e957b9f2a24f6c3e6a6fe94bb92da2fc6ce26ae1e957b9
2026-10-02 09:02:43.436 [OP] 4020 inv=FC87 len=888 #1 7207c4640a0bc7faf83bad803327510b6ffaf82b1f80de6496b3dcfaf82bca809564ab0baab8a32bca8095640e0bfefadc671f809564580b52fa132ba7a45b64580b6ffafd2ba0803327510b6ffaf82b3480686496b3dcfaf82bca804064ab0baab8a32bca809564830bfefadc671f809564580b36fa132ba7a45b64580b6ffa312ba0803327510b6ffaf82bf380686496b3dcfaf82bca80c064ab0baab8a32b
2026-10-02 09:02:43.438 [OP] 40E3 inv=FFCF len=48 #1 7207c464af0bdcfac32bfd80da64580b33fabc2be080956445ec6ffabf5384809fdf0b0b0022202b01cec464edd090fa
2026-10-02 09:02:43.438 [OP] 40E2 inv=FFF3 len=12 #1 63cdfc0b6ffaa32b45809564
2026-10-02 09:02:43.438 [OP] 40E4 inv=F943 len=1724 #1 efc2392be3805b64e90bdcfaa32b1f805b64510b02faa32b1f805b64510bdcfaf8531faaea7f0b0b7322392bc1ce5b64510bdcfaa32b1f805b64510bdcfaa32b1f805b64510bdcfaa32b1f805b64510bdcfaa32b1f801464510bdcfaa32b1f805b64310bdcfaa32b1f805b64510b6f22db5359aa317f510bbef4a32b1f805b64510bdcfaa32b1f805b64510bdcfaa32b1f805b64510bdcfaa32b1f805b64510b
2026-10-02 09:02:43.441 [OUT] 0045 inv=FFF7 len=12 #1 f7ff4500510bdcfaa32b1f80
2026-10-02 09:02:43.441 [OUT] 0045 inv=FFF7 len=12 #2 f7ff4500510bdcfaf82b1f80
2026-10-02 09:02:43.441 [OUT] 0045 inv=FFF7 len=12 #3 f7ff4500510bdcfadb2b1f80
2026-10-02 09:02:43.441 [OUT] 0045 inv=FFF7 len=12 #4 f7ff4500510bdcfa392b1f80
2026-10-02 09:02:43.441 [OUT] 0045 inv=FFF7 len=12 #5 f7ff4500510bdcfafd2b1f80
2026-10-02 09:02:43.483 [OP] 4244 inv=FFF7 len=8 #1 efc2392b1f805b64
2026-10-02 09:02:43.483 [OP] 4050 inv=FFF7 len=8 #1 63cdfc0bdcfa252b
2026-10-02 09:02:43.483 [OP] 4503 inv=FFF3 len=12 #1 7207c464510bdcfaa32b1f80
2026-10-02 09:02:43.529 [OP] 4021 inv=FF97 len=104 #1 8b3bad805c64510b2f31a32baace937f510b6ffae8421f80307fead06ffaf82b83c75b6426ecd6c4db2bca80a9d4510ba8fae053ad80956475b3dcfa522b58aa0d64580be6b6a32be8aab4df0b0b6ffa140c1f80a664a9ec6afaf82b78e75b64120b2fc4572bca80
2026-10-02 09:02:43.529 [OP] 40FA inv=FE6B len=404 #1 efc2392b1f801664510bdcfaa32b1f809553510bdcfaa32b1faa0e64510bdcfaa32bcaff5b64510bdcfaa3535d805b64510bdcfaf8bd1f805b64510bdcc48d2b1f805b64510b6f5da32b1f805b6451ecb2faa32b1f805b6458cfdcfaa32b1f805bdf5b0bdcfaa32b1f80959b510bdcfaa32b1faabe64510bdcfaa32bcae95b64510bdcfaa35395805b64510bdcfaf8821f805b64510bdcc4a12b1f805b64510b
2026-10-02 09:02:43.529 [OP] 4B30 inv=FFF7 len=8 #1 7207c464510bdcfa
2026-10-02 09:02:43.529 [OP] 4B31 inv=FFF7 len=8 #1 b4b252faa32b1f80
2026-10-02 09:02:43.529 [OP] 4B21 inv=FFE1 len=30 #1 8b3bad805b81a55215c2a32b1f805b64510bdcfaa32b1f805b64510bdcfa
2026-10-02 09:02:43.529 [OP] 4410 inv=FFF9 len=6 #1 63cdfc0bdcfa
2026-10-02 09:02:43.529 [OP] 4025 inv=FFF4 len=11 #1 faf84d12aae02651ece2c4
2026-10-02 09:02:43.602 [OUT] 004E inv=FFFA len=9 #1 faff4e00e9580bdce8
2026-10-02 09:02:43.604 [OUT] 004E inv=FFFA len=9 #2 faff4e00e9580bdcae
2026-10-02 09:02:43.620 [OP] 4025 inv=FFF4 len=11 #2 c4f84d12aae02651ece2c4
2026-10-02 09:02:43.620 [OP] 4025 inv=FFF4 len=11 #3 e8f84d12aae02651ece2c4
2026-10-02 09:02:43.620 [OP] 4025 inv=FFF4 len=11 #4 22f84d12aae02651ece2c4
2026-10-02 09:02:43.620 [OP] 4025 inv=FFF4 len=11 #5 f4f84d12aae02651ece2c4
2026-10-02 09:02:43.706 [OP] 4029 inv=FFDF len=32 #1 63cdfc0b606ea32b1f805b64cf7fdcfaa32b1f8095a2510b90c42d2b6d809564
2026-10-02 09:02:43.706 [OP] 4029 inv=FFDF len=32 #2 63cdfc0b52c2a32b1f805b649675dcfaa32b1f80137f510b8fc4bf2b4a804064
2026-10-02 09:02:52.522 [OUT] 1F51 inv=FFFF len=4 #1 ffff511f
2026-10-02 09:02:52.577 [OP] 4F52 inv=FFFF len=0 #1 
2026-10-02 09:02:53.678 [OP] EFFE inv=FFFE len=1 #1 0b
2026-10-02 09:02:54.420 [OP] 4613 inv=FFC1 len=62 #3 ca29e5af58d5dc590193f6a3e9cd194f6fc4a6463041550758ec6fc4a32bcaaa956416b2d5220253ab809464510b8bfaf82b1f7926b35c3828d7fb2b1f80
2026-10-02 09:02:54.514 [OP] F005 inv=FFE7 len=24 #2 26b35c3828d7fb2b1f805b64510bdcfaa3ce7d80e93aff0b
2026-10-02 09:03:02.613 [OUT] 1F51 inv=FFFF len=4 #2 ffff511f
2026-10-02 09:03:02.662 [OP] 4F52 inv=FFFF len=0 #2 
2026-10-02 09:03:04.687 [OP] EFFE inv=FFFE len=1 #2 0b
2026-10-02 09:03:06.559 [OP] F005 inv=FFE7 len=24 #3 c2cc763c71faa32b1f805b64510bdcfaa3de1f8006303d0c
2026-10-02 09:03:06.643 [OP] F005 inv=FFE7 len=24 #4 c2cc763c71faa32b1f805b64510bdcfaa3de1f8006303d0c
2026-10-02 09:03:11.774 [OP] 4613 inv=FFBB len=68 #4 58040370f8d91f990f5319be908cd124e1a6c30df67f6fe22924ca9be7df58ec6ffaa353caaa5ba3e6de5298f8541f80f76451b1dcc4a32beceb066d0d19f8bbea2b1f80
2026-10-02 09:03:11.806 [OP] F005 inv=FFE7 len=24 #5 ed3572a4cd97854d1f805b64510bdcfaa3ce7d805b64510b
2026-10-02 09:03:12.779 [OUT] 1F51 inv=FFFF len=4 #3 ffff511f
2026-10-02 09:03:12.830 [OP] 4F52 inv=FFFF len=0 #3 
2026-10-02 09:03:17.241 [OP] 46FE inv=FFFF len=0 #1 
2026-10-02 09:03:17.786 [OP] 4613 inv=FFBA len=69 #5 df4383e7c420d9392cc39b917fa27523e6bd79915c0eec6f662924702694df58ec6ffaa353caaa5b4549145298f8c41f805bf051b1dcc4a32beceb066d0d9c27bbea2b1f80
2026-10-02 09:03:22.853 [OUT] 1F51 inv=FFFF len=4 #4 ffff511f
2026-10-02 09:03:22.902 [OP] 4F52 inv=FFFF len=0 #4 
2026-10-02 09:03:24.713 [OP] EFFE inv=FFFE len=1 #3 0b
2026-10-02 09:03:32.920 [OUT] 1F51 inv=FFFF len=4 #5 ffff511f
2026-10-02 09:03:32.970 [OP] 4F52 inv=FFFF len=0 #5 
2026-10-02 09:03:35.730 [OP] EFFE inv=FFFE len=1 #4 0b
2026-10-02 09:03:45.525 [OUT] 0030 inv=FFDE len=37 #1 deff30005ca722a32b1f805b64510bdcfaa32b1f3cc83369938c93a32b1f805b64510bdcfa
2026-10-02 09:03:45.711 [OP] 4705 inv=FFB8 len=71 #1 d36b7f5134a722a319f3ce5b4d310bdcfaa32b1f532764510bdcfaa33c1f805b64510bdc45db2b1f805b645131dcfaa33a1f805b6651d286033d6643505b64510bdcfaa32b1f80
2026-10-02 09:03:47.495 [OP] 46FE inv=FFFF len=0 #2 
2026-10-02 09:03:49.564 [OUT] 0030 inv=FFDE len=37 #2 deff3000af3e22a32b1f805ba0510bdcc5a32b1f3cc83369938c0ba32b1f805b64510bdcfa
2026-10-02 09:03:50.752 [OP] EFFE inv=FFFE len=1 #5 0b
2026-10-02 09:03:51.221 [OP] 4705 inv=FFB8 len=71 #2 d36b7f5134a722a3cb67ce5b1db20bdcfaa32b1f941c64510bdcfaa35aad805b64510bdc20392b1f805b645131dcfaa3d01f805bac51a2da2bf0b3bb341a64510bdcfaa32b1f80
2026-10-02 09:03:51.458 [OUT] 0022 inv=FFE6 len=29 #1 e6ff2200228b04841295de390ae6d9ee7c9daa6826f801c6f4f878ca77
2026-10-02 09:03:51.507 [OP] 4610 inv=FFFE len=1 #1 49
2026-10-02 09:03:52.477 [OUT] 0022 inv=FFE6 len=29 #2 e6ff2200228b04841295de390ae6d9ee7c9daa6826f801c6f4f8c6ca77
2026-10-02 09:03:52.528 [OP] 4610 inv=FFFE len=1 #2 33
2026-10-02 09:03:53.113 [OUT] 0030 inv=FFDE len=37 #3 deff3000c03e22a32b1f805ba0510bdcc5a32b1f3cc83369938c0ba32b1f805b64510bdcfa
2026-10-02 09:03:57.939 [OUT] 0022 inv=FFE6 len=29 #3 e6ff2200228b0484ef95f2399ce6d9ee7c9daa40f8f801c6f4f8c6ca07
2026-10-02 09:03:57.984 [OP] 4610 inv=FFFE len=1 #3 b9
2026-10-02 09:03:58.954 [OUT] 0022 inv=FFE4 len=31 #4 e4ff2200d0ef39b72b59ae9b960be20ad9ee7c9daa6cddf801c6f4f833cab7
2026-10-02 09:03:59.008 [OP] 4610 inv=FFFE len=1 #4 80
2026-10-02 09:03:59.098 [OP] 40A0 inv=FF7F len=128 #2 63cdfc0b90faf82b81605b6439ecdcfadb4ac3548a70b105d3bbea0232805b64510bdcfaa32b1f805b64510bdcfaa32b1f805b64510bdcfaa32b1f80b3f875ecc2e88e538e125b64637fdcfadb4a329abdea13f2dcfaa32b1f805b64510bdcfaa32b1f805b64510bdcfaa32b1f805b64510bdcfaa32b1f8039f80dd0d9e8f0de
2026-10-02 09:03:59.953 [OUT] 0022 inv=FFE6 len=29 #5 e6ff2200228b04848095fd23b7e6d9ee7c9daa86df57b0c19ffd53e859
2026-10-02 09:04:00.000 [OP] 4610 inv=FFFE len=1 #5 69
2026-10-02 09:04:01.269 [OUT] 0030 inv=FFDE len=37 #4 deff3000c03e22a39021e3b6a0510bdcc5a32b1f3cc83369938c0ba32b1f805b64510bdcfa
2026-10-02 09:04:02.952 [OP] 4705 inv=FFB8 len=71 #3 d36b7f5134a722a3ed67ce5b7f830bdcfaa32b1fcec364510bdcfaa3731f805b64510bdcb5a32b1f805b645131dcfaa3d01f805b6151a2da2bf00ad2341a64510bdcfaa32b1f80
2026-10-02 09:04:06.564 [OUT] 0030 inv=FFDE len=37 #5 deff3000cd3e22a32b1f805ba0510bdcc5a32b1f3cc83369938c0ba32b1f805b64510bdcfa
2026-10-02 09:04:17.753 [OP] 46FE inv=FFFF len=0 #3 
2026-10-02 09:04:23.105 [OP] 4100 inv=FFF9 len=6 #1 98aa0bf8e37f
2026-10-02 09:04:23.105 [OP] 4101 inv=FC58 len=935 #1 33b4de1fc75b64510bdcfaa378c8d97b64510bdcfaa32b1f805b64510bdcfaa32b1f805b64510bdc02b7de8a805b7f830bdcfaa32b1fcec364510bdcfaa32b1f805b64510bdcc6d8de1fce5b6451d0dcfaa31afc805b42ad0bdcfe9e2b1f481d645152155a4e78c8d97b81a552151aa32b1fd97b81a5ec54ac6add125e8c9bf90bdcfaa32b1f805b6437fddcfaa32b1f80b1d9510bdcfaa32b1f805b64510bdc
2026-10-02 09:04:23.190 [OUT] 003A inv=FFFB len=8 #1 fbff3a00510bdcfa
2026-10-02 09:04:23.190 [OUT] 003B inv=FFFB len=8 #1 fbff3b00a32b1f80
2026-10-02 09:04:23.243 [OP] 40E0 inv=FED1 len=302 #1 b4b252faf9061f805b64510bffe8a32b1f805b64135fdcfaa32b1f809ef8510bdcfaa32befa05b64fc0bdcfa392b1f804864510ba7e8a32bad805b64acecdcfa932b1f8033df510b17e8a32b8b805b6444c9dcfa59531f80e264510be9c4a32b384e5b648fecdcfa4f2b1f800d64510b8ffaa32b1f805b64510bdcfaa32b1f805b64510bdcfaa32b1f805b64430bdcfaa32b1f805b64510bdcfaa32b1f805b64
2026-10-02 09:04:23.299 [OP] 40E1 inv=FFED len=18 #1 63cdfc0b6ffaf8a2ca809564580be6b0f82b
2026-10-02 09:04:24.177 [OUT] 1001 inv=FFF9 len=10 #1 f9ff01101f805b64510b
2026-10-02 09:04:24.234 [OP] 4108 inv=FFE3 len=28 #1 7207c464510bdcfa21531f80d8f8510bce4051421f805b64510bdcfa
2026-10-02 09:04:24.324 [OP] 4108 inv=FFE3 len=28 #2 7207c464510bdcfa4d531f80d8f8510bce4051ed1f805b64510bdcfa
2026-10-02 09:04:24.324 [OP] 4108 inv=FFF3 len=12 #3 efc2392b1f805b64510bdcfa
2026-10-02 09:04:24.324 [OP] 4108 inv=FFF3 len=12 #4 efc2392b1f805b64580bdcfa
2026-10-02 09:04:24.324 [OP] 4108 inv=FFF3 len=12 #5 efc2392b1f805b640e0bdcfa
2026-10-02 09:04:24.324 [OP] 4104 inv=FFFB len=4 #1 3cae1f80
2026-10-02 09:04:24.324 [OP] 4104 inv=FFFB len=4 #2 3cae1faa
2026-10-02 09:04:24.324 [OP] 4104 inv=FFFB len=4 #3 3cae1fc7
2026-10-02 09:04:24.324 [OP] 4104 inv=FFFB len=4 #4 3cae1fce
2026-10-02 09:04:24.324 [OP] 4104 inv=FFFB len=4 #5 0a081f12
2026-10-02 09:04:26.527 [OP] 4105 inv=FFFE len=1 #1 c0
2026-10-02 09:04:26.527 [OP] 4105 inv=FFFE len=1 #2 af
2026-10-02 09:04:26.543 [OUT] 1004 inv=FFF3 len=16 #1 f3ff0410dcfaa32b1f791c64510bdcfa
2026-10-02 09:04:26.601 [OP] 4109 inv=FF8F len=112 #1 7207c464510b6fe8a32b1f805b64510b07faa32b59e7c36451ecdcfaa32bf380d1df510bd7faa32b1f805b64510bdcfaa32b1f803c64510b905b232b1faa5b648fecdcfa00de1f805b64510bdcfaa32b1f805b64550bdcfadb2462805bdf510b7cc4a32b21a2a8f8510bdcfa1a7d1f80
2026-10-02 09:04:26.693 [OP] 4105 inv=FFFE len=1 #3 0c
2026-10-02 09:04:26.693 [OP] 4106 inv=FFFD len=2 #1 a3cb
2026-10-02 09:04:26.693 [OP] 4110 inv=FFFD len=2 #1 4d2b
2026-10-02 09:04:26.693 [OP] 4111 inv=FFFD len=2 #1 a164
2026-10-02 09:04:27.079 [OP] 4109 inv=FFB7 len=72 #2 7207c464517f6fc4a32b1f805b64510b07faa32bca775b6487b1dcfa40ce1f8057df0e0b07faa32b39125b640eec5efaa32b1f805bdf510b8222a32b39125b64080b5efaa32b1f80
2026-10-02 09:04:27.181 [OP] 4105 inv=FFFE len=1 #4 0b
2026-10-02 09:04:27.181 [OP] 4106 inv=FFFD len=2 #2 f82b
2026-10-02 09:04:27.183 [OP] 4105 inv=FFFE len=1 #5 ec
2026-10-02 09:04:27.183 [OP] 4106 inv=FFFD len=2 #3 a353
2026-10-02 09:04:27.183 [OP] 4106 inv=FFFD len=2 #4 a393
2026-10-02 09:04:27.183 [OP] 4106 inv=FFFD len=2 #5 f8de
2026-10-02 09:04:27.183 [OP] 4111 inv=FFFD len=2 #2 9564
2026-10-02 09:04:28.540 [OP] 4109 inv=FFB7 len=72 #3 7207c464517f6fc4a32b1f805b64510b07faa32b59e75b6487b1dcfa40ce1f80a1f80e0b07faa32b39125b640e7f4ffaa32b1f805bdf510b8222a32b39125b64080b4ffaa32b1f80
2026-10-02 09:04:28.640 [OP] 4111 inv=FFFD len=2 #3 9464
2026-10-02 09:04:29.891 [OP] 4109 inv=FFA7 len=88 #4 b4b252faa393caaa5b64510bdcfaa32bb9805b64e6cddcfa1d4a1f80646f510b5425db2bb9805b6487b1dcfadb6f2d805b64510bdcc4a32bb2ce5b6487b1dcfadb2b2d805bdf510b05c4a32bc7aa5b64510bdcfaa32b1f80
2026-10-02 09:04:29.985 [OP] 4111 inv=FFFD len=2 #4 5c64
2026-10-02 09:04:31.147 [OUT] 1005 inv=FFEF len=20 #1 efff0510a498f853d6795c640b0b0022a32b1f80
2026-10-02 09:04:31.257 [OP] 4110 inv=FFFD len=2 #2 4d2b
2026-10-02 09:04:31.352 [OP] 4109 inv=FF93 len=108 #5 b4b252faf893caaa5b64510bdcfaa32bca805b64af0be9c4b42b2eaa1c64510b6ffaa32b12805b6451cddcfac6d91f80dc53510b54fadb2b12805b64a0c4dcfafd2b2d805bdf510bdcfaa32b92aa5b64d50bdcfaa32b1f805b64510baeaea32ba94f5b64080b54faa32b1f80
2026-10-02 09:04:31.445 [OP] 4111 inv=FFFD len=2 #5 5b64
2026-10-02 09:04:32.530 [OUT] 1004 inv=FFF3 len=16 #2 f3ff0410e2356b2b5979c3642d0b59ae
2026-10-02 09:04:32.657 [OP] 4110 inv=FFFD len=2 #3 b72b
2026-10-02 09:04:38.231 [OP] 4112 inv=FFFD len=2 #1 dcc4
2026-10-02 09:04:38.231 [OP] 4112 inv=FFFD len=2 #2 6fc4
2026-10-02 09:04:38.231 [OP] 4112 inv=FFFD len=2 #3 e6c4
2026-10-02 09:04:38.231 [OP] 4112 inv=FFFD len=2 #4 36c4
2026-10-02 09:04:38.236 [OUT] 1004 inv=FFF3 len=16 #3 f3ff0410dcfaa32b1f790d64510bdcfa
2026-10-02 09:04:38.238 [OUT] 1004 inv=FFF3 len=16 #4 f3ff0410dcfaa32b1f790d64510bdcfa
2026-10-02 09:04:38.292 [OP] 4110 inv=FFFD len=2 #4 b753
2026-10-02 09:04:38.543 [OP] 4110 inv=FFFD len=2 #5 b753
2026-10-02 09:04:40.828 [OP] 4112 inv=FFFD len=2 #5 6ac4
2026-10-02 09:04:44.335 [OUT] 1004 inv=FFF3 len=16 #5 f3ff0410e2356b2b59c7c3642d0b59ae
2026-10-02 09:04:48.020 [OP] 46FE inv=FFFF len=0 #4 
2026-10-02 09:04:57.406 [SETTLE] exp=1 gold=199366 len=403
2026-10-02 09:04:57.406 [OP] 472A inv=FE6C len=403 #1 33b4de1faa5b64510bdcfaa32b1f805b64510bdce8a32b1f805b64510bdcfaa32b1f805b64510bdc4e722b1f805b64513c6ffaa32b1f805b64510bdcfaa32b1f805b64510bdcfaa32b1f805b64510bdcfaa32b1f805b64510bdcfaa32b1f805b64510bdcfaa32b1f805b64510bdcfaa32b1f805b64510bdcfaa32b1f805b64510bdcfaa32b1f805b64510bdcbdf82b1fc3956451fa6ffaa3ccca805bd3580bdc
2026-10-02 09:04:57.494 [OP] 42CE inv=FFFB len=4 #1 c87f510b
2026-10-02 09:04:57.494 [OP] 4211 inv=FFF6 len=9 #1 aa5b6451c03e22a34a
2026-10-02 09:04:57.494 [OP] 4211 inv=FFF6 len=9 #2 aa5b64515ca722a34a
2026-10-02 09:04:57.494 [OP] 4211 inv=FFF6 len=9 #3 aa5b6451af3e22a34a
2026-10-02 09:04:57.922 [OUT] 0048 inv=FFF7 len=12 #1 f7ff4800dcfaa32b1ffa9564
2026-10-02 09:04:58.023 [OP] 4721 inv=FFF7 len=8 #1 efc2392b1ffa9564
2026-10-02 09:05:07.365 [OP] 4100 inv=FFF9 len=6 #2 98aaebf8fe7f
2026-10-02 09:05:07.365 [OP] 4101 inv=FD00 len=767 #2 01afd0dce8a32b1f805b645152155a4e2b1f805b64510bdcfaa32b1f805b64510bdcfaa32b1f805b7a31d036faa3de62805b64510bdc22232b1f805b64510bdcfaa32b1f805bb023d0dc22a32b1fce5b6451c53dfaa334bb805b833a0bdc88282b1fd97b81a552155a4e78c8d97b79510bdc5a4e78c8aaba87299e53fde58f36805b64510bdcfaa32b45ca5b64510bdcfac37c1f805b64510bdcfaa32b1f805b
2026-10-02 09:05:08.434 [OUT] 1001 inv=FFF9 len=10 #2 f9ff01101f805b64510b
2026-10-02 09:05:12.387 [OUT] 1005 inv=FFEF len=20 #2 efff05100ee9e42b4dc75cdf0b0b0022a32b1f80
2026-10-02 09:05:14.656 [OUT] 1005 inv=FFEF len=20 #3 efff0510047fe42b4dc75cdf0b0b0022a32b1f80
2026-10-02 09:05:18.287 [OP] 46FE inv=FFFF len=0 #5 
2026-10-02 09:05:24.337 [SETTLE] exp=2 gold=199366 len=403
2026-10-02 09:05:24.337 [OP] 472A inv=FE6C len=403 #2 33b4de1fc75b64510bdcfaa32b1f805b64510bdcc4a32b1f805b64510bdcfaa32b1f805b64510bdc4e722b1f805b6451f46ffaa32b1f805b64510bdcfaa32b1f805b64510bdcfaa32b1f805b64510bdcfaa32b1f805b64510bdcfaa32b1f805b64510bdcfaa32b1f805b64510bdcfaa32b1f805b64510bdcfaa32b1f805b64510bdcfaa32b1f805b64510bdcbdf82b1fc3956451f16ffaa3ccca805bd3580bdc
2026-10-02 09:05:24.417 [OP] 42CE inv=FFFB len=4 #2 c87f510b
2026-10-02 09:05:24.417 [OP] 4211 inv=FFF6 len=9 #4 aa5b6451c03e22a34a
2026-10-02 09:05:24.417 [OP] 4211 inv=FFF6 len=9 #5 aa5b64515ca722a34a
2026-10-02 09:05:26.015 [OUT] 0048 inv=FFF7 len=12 #2 f7ff4800dcfaa32b1ffa9564
2026-10-02 09:05:26.113 [OP] 4721 inv=FFF7 len=8 #2 efc2392b1ffa9564
2026-10-02 09:05:26.366 [OUT] 004E inv=FFFA len=9 #3 faff4e00e9580bdcf4
2026-10-02 09:05:26.473 [OP] 4029 inv=FFDF len=32 #3 63cdfc0b52c2a32b1f805b64f208dcfaa32b1f80137f510b8bc42d2be7809564
2026-10-02 09:05:34.175 [OP] 4100 inv=FFF9 len=6 #3 98aa31261eec
2026-10-02 09:05:34.274 [OP] 4101 inv=FC90 len=879 #3 01afd0dce8a32b1f805b645152155a4e2b1f805b64510bdcfaa32b1f805b64510bdcfaa32b1f805b7a31d0a7faa3de62805b64510bdc22232b1f805b64510bdcfaa32b1f805bb023d0dc22a32b1fce5b6451c53dfaa334bb805b833a0bdc88282b1fd97b81a552155a4e78c8d97b79510bdc5a4e78c8aaba87299e53fde58f36805b64510bdcfaa32b45ca5b64510bdcfac37c1f805b64510bdcfaa32b1f805b
2026-10-02 09:05:35.252 [OUT] 1001 inv=FFF9 len=10 #3 f9ff01101f805b64510b
2026-10-02 09:05:37.468 [OUT] 1005 inv=FFEF len=20 #4 efff0510a498f853d6795c640b0b0022a32b1f80
2026-10-02 09:05:54.570 [SETTLE] exp=1 gold=199366 len=393
2026-10-02 09:05:54.570 [OP] 472A inv=FE76 len=393 #3 33b4de1faa5b64510bdcfaa32b1f805b64510bdcc4a32b1f805b64510bdcfaa32b1f805b64510bdc4e722b1f805b645122dcfaa32b1f805b64510bdcfaa32b1f805b64510bdcfaa32b1f805b64510bdcfaa32b1f805b64510bdcfaa32b1f805b64510bdcfaa32b1f805b64510bdcfaa32b1f805b64510bdcfaa32b1f805b64510bdcfaa32b1f805b64510bdc7af82b1f1b956451fa6ffaa3ccca805b5c510bdc
2026-10-02 09:05:54.570 [OP] 42CE inv=FFFB len=4 #3 c87f510b
2026-10-02 09:05:56.624 [OUT] 004E inv=FFFA len=9 #4 faff4e00e9580bdce8
2026-10-02 09:05:56.705 [OP] 4029 inv=FFDF len=32 #4 63cdfc0b606ea32b1f805b64cf7fdcfaa32b1f8094cdfc0b90c42d2bc7809564
2026-10-02 09:06:01.438 [OP] 4705 inv=FFB8 len=71 #4 d36b7f5134a722a33267ce5b81fd0bdcfaa32b1fd90d64510bdcfaa3c11f805b64510bdc60a32b1f805b645131dcfaa3d01f805b6651a2da2bf0e986341a64510bdcfaa32b1f80
2026-10-02 09:06:17.028 [OP] 4100 inv=FFF9 len=6 #4 98aaad265eec
2026-10-02 09:06:17.030 [OP] 4101 inv=FC6D len=914 #4 8b3bad809464510bdcfaa32bc8d97b81510bdcfaa32b1f805b64510bdcfaa32b1f805b64510bdcfa4d7c9d4e5b64fc75dcfaa32b1f80c453510bdcfaa32b1f805b64510bdcfa215dad80c464510b52faa32b55925b646992dcfa1f7f1f80c831510b155a4e78c8d97b81a552155a562b1f807b81a5526f30c2d41e5f8bfa191edcfaa32b1f805b64dfa0c6faa32b1f805b4d310bdcfaa32b1f805b64510bdcfa
2026-10-02 09:06:18.102 [OUT] 1001 inv=FFF9 len=10 #4 f9ff01101f805b64510b
2026-10-02 09:06:20.303 [OUT] 1005 inv=FFEF len=20 #5 efff0510a498f853d6c75c640b0b0022a32b1f80
2026-10-02 09:06:36.191 [SETTLE] exp=2 gold=199366 len=403
2026-10-02 09:06:36.191 [OP] 472A inv=FE6C len=403 #4 33b4de1fc75b64510bdcfaa32b1f805b64510bdcc4a32b1f805b64510bdcfaa32b1f805b64510bdc4e722b1f805b64513c6ffaa32b1f805b64510bdcfaa32b1f805b64510bdcfaa32b1f805b64510bdcfaa32b1f805b64510bdcfaa32b1f805b64510bdcfaa32b1f805b64510bdcfaa32b1f805b64510bdcfaa32b1f805b64510bdcfaa32b1f805b64510bdcb5a32b1fc3956451f16ffaa3ccca805bd3580bdc
2026-10-02 09:06:36.278 [OP] 42CE inv=FFFB len=4 #4 c87f510b
2026-10-02 09:06:36.312 [OUT] 0048 inv=FFF7 len=12 #3 f7ff4800dcfaa32b1ffa9564
2026-10-02 09:06:36.456 [OP] 4721 inv=FFF7 len=8 #3 efc2392b1ffa9564
2026-10-02 09:06:43.379 [OP] 4100 inv=FFF9 len=6 #5 98aade26aeec
2026-10-02 09:06:43.479 [OP] 4101 inv=FBC5 len=1082 #5 8b3bad809464510bdcfaa32bc8d97b81510bdcfaa32b1f805b64510bdcfaa32b1f805b64510bdcfa4d7c9dca5b64fc75dcfaa32b1f80c453510bdcfaa32b1f805b64510bdcfa215dad80c464510b52faa32b55925b646992dcfa1f7f1f80c831510b155a4e78c8d97b81a552155a562b1f807b81a5526f30c2d41e5f8bfa191edcfaa32b1f805b64dfa0c6faa32b1f805b4d310bdcfaa32b1f805b64510bdcfa
2026-10-02 09:06:44.416 [OUT] 1001 inv=FFF9 len=10 #5 f9ff01101f805b64510b
2026-10-02 09:07:12.269 [SETTLE] exp=1 gold=199366 len=393
2026-10-02 09:07:12.269 [OP] 472A inv=FE76 len=393 #5 33b4de1faa5b64510bdcfaa32b1f805b64510bdce8a32b1f805b64510bdcfaa32b1f805b64510bdc4e722b1f805b6451f46ffaa32b1f805b64510bdcfaa32b1f805b64510bdcfaa32b1f805b64510bdcfaa32b1f805b64510bdcfaa32b1f805b64510bdcfaa32b1f805b64510bdcfaa32b1f805b64510bdcfaa32b1f805b64510bdcfaa32b1f805b64510bdcbdf82b1f2c5b6451fa6ffaa3731f805bc7580bdc
2026-10-02 09:07:12.356 [OP] 42CE inv=FFFB len=4 #5 c87f510b
2026-10-02 09:07:41.110 [SETTLE] exp=1 gold=199366 len=393
2026-10-02 09:07:43.136 [OUT] 004E inv=FFFA len=9 #5 faff4e00e9580bdce8
2026-10-02 09:07:43.261 [OP] 4029 inv=FFDF len=32 #5 63cdfc0b606ea32b1f805b64cf7fdcfaa32b1f8094dd510b90c42d2b2d809564
2026-10-02 09:08:08.661 [SETTLE] exp=1 gold=199366 len=403
2026-10-02 09:08:08.787 [OUT] 0048 inv=FFF7 len=12 #4 f7ff4800dcfaa32b1ffa9564
2026-10-02 09:08:08.934 [OP] 4721 inv=FFF7 len=8 #4 efc2392b1ffa9564
2026-10-02 09:08:32.616 [SETTLE] exp=2 gold=199366 len=403
2026-10-02 09:08:32.885 [OUT] 0048 inv=FFF7 len=12 #5 f7ff4800dcfaa32b1ffa9564
2026-10-02 09:08:32.947 [OP] 4721 inv=FFF7 len=8 #5 efc2392b1ffa9564
2026-10-02 09:08:47.847 [SETTLE] exp=2 gold=199366 len=393
2026-10-02 09:09:05.477 [SETTLE] exp=2 gold=199366 len=403
2026-10-02 09:09:32.909 [SETTLE] exp=1 gold=199366 len=393
2026-10-02 09:09:55.527 [SETTLE] exp=2 gold=199366 len=393
2026-10-02 09:10:25.520 [SETTLE] exp=2 gold=199366 len=393
2026-10-02 09:10:52.663 [SETTLE] exp=2 gold=199366 len=393
2026-10-02 09:11:17.727 [SETTLE] exp=2 gold=199366 len=403
2026-10-02 09:11:38.513 [SETTLE] exp=1 gold=199366 len=393
2026-10-02 09:11:54.701 [SETTLE] exp=2 gold=199366 len=403
2026-10-02 09:12:27.104 [SETTLE] exp=2 gold=199366 len=393
2026-10-02 09:12:49.287 [SETTLE] exp=1 gold=199366 len=393
2026-10-02 09:13:20.741 [SETTLE] exp=2 gold=199366 len=403
2026-10-02 09:13:23.141 [OP] 4612 inv=FFF7 len=8 #1 ca805b64408052fa
2026-10-02 09:13:39.729 [OP] 43F1 inv=FFFA len=5 #1 b4b4de1faa
2026-10-02 09:13:57.130 [SETTLE] exp=2 gold=199366 len=393
2026-10-02 09:14:13.496 [OP] 4612 inv=FFF7 len=8 #2 ca805b64408052fa
2026-10-02 09:14:25.782 [SETTLE] exp=2 gold=199366 len=403
2026-10-02 09:14:45.169 [SETTLE] exp=2 gold=199366 len=403
2026-10-02 09:15:09.796 [OP] 47C0 inv=FFE1 len=30 #1 0faac4c88ffd6f2211ed8979be2831ec8b102133626badd958b16e309624
2026-10-02 09:15:09.796 [OP] 47C0 inv=FFEA len=21 #2 51cac7be2831ec8b102133626badd958b16e309624
2026-10-02 09:15:09.796 [OP] 47C0 inv=FFF3 len=12 #3 0253ca6badd958b16e309624
2026-10-02 09:15:10.803 [OP] 47C0 inv=FFE1 len=30 #4 0faac4c88ffd6f221dedb979be2831ec8b575f63626badd958b103dc1a6f
2026-10-02 09:15:10.803 [OP] 47C0 inv=FFEA len=21 #5 51cac7be2831ec8b575f63626badd958b103dc1a6f
2026-10-02 09:15:16.664 [SETTLE] exp=2 gold=199366 len=393
2026-10-02 09:15:38.130 [SETTLE] exp=1 gold=199366 len=393
2026-10-02 09:16:06.394 [SETTLE] exp=1 gold=199366 len=403
2026-10-02 09:16:35.614 [SETTLE] exp=2 gold=199366 len=393
2026-10-02 09:16:58.633 [SETTLE] exp=1 gold=199366 len=393
2026-10-02 09:17:26.140 [SETTLE] exp=1 gold=199366 len=403
2026-10-02 09:17:26.232 [OP] 4210 inv=FFF3 len=12 #1 ac0bdcfaf72b1f80a1ecfc0b
2026-10-02 09:17:44.526 [SETTLE] exp=2 gold=199366 len=393
2026-10-02 09:18:12.884 [SETTLE] exp=2 gold=199366 len=393
2026-10-02 09:18:53.831 [SETTLE] exp=1 gold=199366 len=393
2026-10-02 09:19:28.104 [SETTLE] exp=1 gold=199366 len=393
2026-10-02 09:19:55.425 [SETTLE] exp=1 gold=199366 len=403
2026-10-02 09:20:27.635 [SETTLE] exp=1 gold=199366 len=403
2026-10-02 09:20:57.345 [SETTLE] exp=1 gold=199366 len=393
2026-10-02 09:21:25.117 [SETTLE] exp=1 gold=199366 len=403
2026-10-02 09:21:49.813 [SETTLE] exp=1 gold=199366 len=403
2026-10-02 09:22:17.767 [SETTLE] exp=1 gold=199366 len=393
2026-10-02 09:22:51.752 [SETTLE] exp=2 gold=199366 len=393
2026-10-02 09:23:18.256 [SETTLE] exp=1 gold=199366 len=393
2026-10-02 09:23:45.815 [SETTLE] exp=1 gold=199366 len=393
2026-10-02 09:24:20.575 [SETTLE] exp=1 gold=199366 len=403
2026-10-02 09:24:20.686 [OP] 4210 inv=FFF3 len=12 #2 ac0bdcfa0d2b1f80baecfc0b
2026-10-02 09:24:49.864 [SETTLE] exp=2 gold=199366 len=393
2026-10-02 09:25:20.500 [SETTLE] exp=1 gold=199366 len=393
2026-10-02 09:25:42.863 [SETTLE] exp=1 gold=199366 len=393
2026-10-02 09:26:00.191 [SETTLE] exp=2 gold=199366 len=403
2026-10-02 09:26:20.094 [SETTLE] exp=2 gold=199366 len=403
2026-10-02 09:26:47.505 [SETTLE] exp=1 gold=199366 len=393
2026-10-02 09:27:05.709 [SETTLE] exp=2 gold=199366 len=403
2026-10-02 09:27:37.145 [SETTLE] exp=2 gold=199366 len=393
2026-10-02 09:28:00.268 [SETTLE] exp=1 gold=199366 len=403
2026-10-02 09:28:29.043 [SETTLE] exp=2 gold=199366 len=393
2026-10-02 09:28:54.649 [SETTLE] exp=2 gold=199366 len=403
2026-10-02 09:29:26.744 [SETTLE] exp=1 gold=199366 len=403
2026-10-02 09:30:04.728 [SETTLE] exp=2 gold=199366 len=403
2026-10-02 09:30:25.625 [SETTLE] exp=2 gold=199366 len=393
2026-10-02 09:30:57.485 [SETTLE] exp=2 gold=199366 len=393
2026-10-02 09:31:34.145 [SETTLE] exp=1 gold=199366 len=393
2026-10-02 09:32:04.237 [SETTLE] exp=1 gold=199366 len=403
2026-10-02 09:32:37.290 [SETTLE] exp=2 gold=199366 len=403
2026-10-02 09:33:07.980 [SETTLE] exp=1 gold=199366 len=403
2026-10-02 09:33:39.667 [SETTLE] exp=2 gold=199366 len=393
2026-10-02 09:34:09.239 [SETTLE] exp=2 gold=199366 len=393
2026-10-02 09:34:29.448 [SETTLE] exp=1 gold=199366 len=403
2026-10-02 09:34:58.181 [SETTLE] exp=1 gold=199366 len=403
2026-10-02 09:35:21.851 [SETTLE] exp=1 gold=199366 len=403
2026-10-02 09:35:46.857 [SETTLE] exp=2 gold=199366 len=403
2026-10-02 09:36:07.322 [SETTLE] exp=1 gold=199366 len=403
2026-10-02 09:36:18.400 [SYS] #FFF692#恭喜#FF8CF8#凝眉一颦#FFF692#打造出#64FF7D#+10#FFF692#装备
2026-10-02 09:36:27.477 [SETTLE] exp=2 gold=199366 len=393
2026-10-02 09:36:56.483 [SETTLE] exp=1 gold=199366 len=403
2026-10-02 09:37:32.461 [SETTLE] exp=2 gold=199366 len=393
2026-10-02 09:37:59.515 [SETTLE] exp=2 gold=199366 len=403
2026-10-02 09:38:19.723 [SETTLE] exp=1 gold=199366 len=403
2026-10-02 09:38:50.639 [SETTLE] exp=2 gold=199366 len=393
2026-10-02 09:38:50.839 [OP] 4210 inv=FFF3 len=12 #3 ac0bdcfa1e2b1f8057ecfc0b
2026-10-02 09:39:17.509 [SETTLE] exp=2 gold=199366 len=403
2026-10-02 09:39:41.617 [QUESTION] {"type":"question","sock":2444,"qno":1,"field_a":59,"stem":"以下不属于马的动物？","options":["1、海马","2、赤兔","3、白马","4、红马"]}
2026-10-02 09:39:42.331 [SEND-ANSWER] qno=1 opt=0 ret=13 sock=2444
2026-10-02 09:39:42.380 [SYS] 测试通过！
2026-10-02 09:39:42.485 [SYS] 获得了#00FF00#100#FFF692#金币
2026-10-02 09:39:42.486 [CURRENCY] a=199366 b=1073842
2026-10-02 09:39:42.625 [UI] auto dump on question qno=1
2026-10-02 09:39:42.625 [UI] ---- window dump begin (pid 13044) ----
2026-10-02 09:39:42.849 [UI] TOP=0004061E vis=1 cls=QBOvCls rc=(409,390,769,486) title=
2026-10-02 09:39:42.861 [UI] TOP=005F0A8E vis=1 cls=ATL:012FF210 rc=(69,23,1109,830) title=什么什么大冒险2(①逍遥村敬老院)-伏地魔1_Sep 24 2026《什么什么大冒险》制作委员会QQ群:515616289
2026-10-02 09:39:42.861 [UI] TOP=0005062A vis=0 cls=DIEmWin rc=(-1,-1,135,38) title=DIEmWin
2026-10-02 09:39:43.251 [UI] TOP=00110106 vis=0 cls=IME rc=(0,0,0,0) title=Default IME
2026-10-02 09:39:43.258 [UI] TOP=001307FA vis=0 cls=MSCTFIME UI rc=(0,0,0,0) title=MSCTFIME UI
2026-10-02 09:39:43.276 [UI] TOP=00120738 vis=0 cls=IME rc=(0,0,0,0) title=Default IME
2026-10-02 09:39:43.277 [UI] TOP=00080636 vis=0 cls=IME rc=(0,0,0,0) title=Default IME
2026-10-02 09:39:43.277 [UI] ---- window dump end ----
2026-10-02 09:39:44.133 [UI] auto-closing quiz frame: qno=1 opt=0
2026-10-02 09:39:45.761 [OUT] 1F04 inv=FFF6 len=13 #1 f6ff041fce1f805bdf510bdcfa
2026-10-02 09:39:49.609 [SETTLE] exp=2 gold=199366 len=393
2026-10-02 09:40:10.134 [SETTLE] exp=1 gold=199366 len=393
2026-10-02 09:40:39.590 [SETTLE] exp=1 gold=199366 len=403
2026-10-02 09:41:09.309 [SETTLE] exp=1 gold=199366 len=393
2026-10-02 09:41:28.201 [SETTLE] exp=2 gold=199366 len=403
2026-10-02 09:42:01.534 [SETTLE] exp=2 gold=199366 len=403
2026-10-02 09:42:31.169 [SETTLE] exp=1 gold=199366 len=393
2026-10-02 09:43:00.967 [SETTLE] exp=2 gold=199366 len=403
2026-10-02 09:43:32.685 [SETTLE] exp=2 gold=199366 len=393
2026-10-02 09:43:56.188 [SETTLE] exp=1 gold=199366 len=403
2026-10-02 09:44:26.672 [SETTLE] exp=2 gold=199366 len=403
2026-10-02 09:44:48.078 [SETTLE] exp=1 gold=199366 len=403
2026-10-02 09:45:16.563 [SETTLE] exp=1 gold=199366 len=393
2026-10-02 09:45:56.953 [SETTLE] exp=1 gold=199366 len=403
2026-10-02 09:46:27.321 [SETTLE] exp=1 gold=199366 len=393
2026-10-02 09:46:54.057 [SETTLE] exp=1 gold=199366 len=403
2026-10-02 09:47:12.313 [SETTLE] exp=1 gold=199366 len=393
2026-10-02 09:47:48.089 [SETTLE] exp=1 gold=199366 len=403
2026-10-02 09:48:12.793 [SETTLE] exp=2 gold=199366 len=403
2026-10-02 09:48:38.815 [SETTLE] exp=1 gold=199366 len=393
2026-10-02 09:49:08.062 [SETTLE] exp=2 gold=199366 len=403
2026-10-02 09:49:32.034 [SETTLE] exp=1 gold=199366 len=393
2026-10-02 09:50:03.970 [SETTLE] exp=1 gold=199366 len=393
2026-10-02 09:50:34.220 [SETTLE] exp=2 gold=199366 len=393
2026-10-02 09:51:03.289 [SETTLE] exp=2 gold=199366 len=403
2026-10-02 09:51:33.368 [SETTLE] exp=2 gold=199366 len=403
2026-10-02 09:52:00.792 [SETTLE] exp=1 gold=199366 len=403
2026-10-02 09:52:34.070 [SETTLE] exp=2 gold=199366 len=393
2026-10-02 09:52:54.640 [SETTLE] exp=1 gold=199366 len=393
2026-10-02 09:53:18.554 [SETTLE] exp=1 gold=199366 len=393
2026-10-02 09:53:51.941 [SETTLE] exp=1 gold=199366 len=403
2026-10-02 09:54:17.001 [SETTLE] exp=2 gold=199366 len=393
2026-10-02 09:54:43.356 [SETTLE] exp=1 gold=199366 len=403
2026-10-02 09:55:16.494 [SETTLE] exp=2 gold=199366 len=393
2026-10-02 09:55:41.556 [SETTLE] exp=1 gold=199366 len=403
2026-10-02 09:55:58.867 [SETTLE] exp=2 gold=199366 len=393
2026-10-02 09:56:24.269 [SETTLE] exp=1 gold=199366 len=393
2026-10-02 09:56:54.418 [SETTLE] exp=2 gold=199366 len=393
2026-10-02 09:57:16.859 [SETTLE] exp=1 gold=199366 len=403
2026-10-02 09:57:44.139 [SETTLE] exp=2 gold=199366 len=403
2026-10-02 09:58:09.088 [SETTLE] exp=2 gold=199366 len=393
2026-10-02 09:58:33.173 [SETTLE] exp=2 gold=199366 len=403
2026-10-02 09:59:04.479 [SETTLE] exp=1 gold=199366 len=393
2026-10-02 09:59:23.766 [SETTLE] exp=1 gold=199366 len=403
2026-10-02 09:59:44.782 [OP] 4031 inv=FFDC len=35 #1 455b615108dcfaa3531fe9022e98c810387599970e2d6451839fdd59c0c3e941876f0b
2026-10-02 09:59:52.497 [SETTLE] exp=1 gold=199366 len=403
2026-10-02 10:00:14.010 [SETTLE] exp=1 gold=199366 len=393
2026-10-02 10:00:35.562 [SETTLE] exp=1 gold=199366 len=393
2026-10-02 10:00:57.737 [SETTLE] exp=2 gold=199366 len=403
2026-10-02 10:01:17.121 [SETTLE] exp=1 gold=199366 len=403
2026-10-02 10:01:41.129 [SETTLE] exp=1 gold=199366 len=403
2026-10-02 10:02:13.902 [SETTLE] exp=1 gold=199366 len=393
2026-10-02 10:02:44.731 [SETTLE] exp=2 gold=199366 len=403
2026-10-02 10:03:08.216 [SETTLE] exp=1 gold=199366 len=393
2026-10-02 10:03:40.296 [SETTLE] exp=2 gold=199366 len=393
2026-10-02 10:04:16.655 [SETTLE] exp=2 gold=199366 len=393
2026-10-02 10:04:52.864 [SETTLE] exp=1 gold=199366 len=403
2026-10-02 10:05:21.014 [SETTLE] exp=2 gold=199366 len=393
2026-10-02 10:05:57.467 [SETTLE] exp=1 gold=199366 len=393
2026-10-02 10:06:27.765 [SETTLE] exp=1 gold=199366 len=393
2026-10-02 10:07:02.341 [SETTLE] exp=1 gold=199366 len=393
2026-10-02 10:07:22.962 [SETTLE] exp=2 gold=199366 len=403
2026-10-02 10:07:50.934 [SETTLE] exp=2 gold=199366 len=393
2026-10-02 10:08:27.605 [SETTLE] exp=2 gold=199366 len=403
2026-10-02 10:08:53.224 [SETTLE] exp=2 gold=199366 len=393
2026-10-02 10:09:00.473 [OP] 4612 inv=FFE7 len=24 #3 fd0bdcfaa63bad80becdfc0be90e392bb507c464408052fa
2026-10-02 10:09:26.712 [SETTLE] exp=1 gold=199366 len=403
2026-10-02 10:09:48.250 [SETTLE] exp=2 gold=199366 len=403
2026-10-02 10:10:13.372 [SETTLE] exp=1 gold=199366 len=393
2026-10-02 10:10:28.713 [SETTLE] exp=1 gold=199366 len=403
2026-10-02 10:10:55.095 [SETTLE] exp=1 gold=199366 len=393
2026-10-02 10:11:12.598 [SETTLE] exp=2 gold=199366 len=403
2026-10-02 10:11:33.996 [SETTLE] exp=1 gold=199366 len=393
2026-10-02 10:11:35.191 [OP] 40A0 inv=FFBB len=68 #3 63cdfc0b6fc25f2b69605b6439ecdcfadb4ac3548a70b10543bbea0232805b64510bdcfaa32b1f805b64510bdcfaa32b1f805b64510bdcfaa32b1f8007dff1fd59c49a7c
2026-10-02 10:12:06.764 [SETTLE] exp=1 gold=199366 len=393
2026-10-02 10:12:27.441 [SETTLE] exp=1 gold=199366 len=403
2026-10-02 10:12:53.688 [SETTLE] exp=1 gold=199366 len=403
2026-10-02 10:13:15.623 [SETTLE] exp=1 gold=199366 len=403
2026-10-02 10:13:46.903 [SETTLE] exp=2 gold=199366 len=403
2026-10-02 10:13:54.267 [OP] 40A0 inv=FFBB len=68 #4 63cdfc0b6ffafd2b5a605b6439ecdcfadb4ac3548a70b10568bbea0232805b64510bdcfaa32b1f805b64510bdcfaa32b1f805b64510bdcfaa32b1f8007df8a3d59c4dfee
2026-10-02 10:14:08.056 [SETTLE] exp=2 gold=199366 len=393
2026-10-02 10:14:30.773 [SETTLE] exp=2 gold=199366 len=403
2026-10-02 10:15:00.761 [SETTLE] exp=2 gold=199366 len=403
2026-10-02 10:15:04.956 [SYS] #ff0000#您已进入野外区域，可能遭遇玩家间的自由对战，请注意安全！#ffffff#
2026-10-02 10:15:04.956 [OP] 4612 inv=FFF7 len=8 #4 ca805b64418052fa
2026-10-02 10:15:04.956 [OP] 4612 inv=FFF7 len=8 #5 ca805b647b8052fa
2026-10-02 10:15:04.956 [OP] 4202 inv=FFEF len=16 #1 d5ecdcfab42b1f806adf510be4c4a32b
2026-10-02 10:15:04.956 [OP] 40E0 inv=FED1 len=302 #2 b4b252faf9061f805b64510b43c4a32b1f805b64135fdcfaa32b1f809ef8510bdcfaa32befa05b64fc0bdcfa392b1f804864510ba7e8a32bad805b64acecdcfa932b1f8033df510b17e8a32b8b805b6444c9dcfa59531f80e264510be9c4a32b384e5b648fecdcfa4f2b1f800d64510b8ffaa32b1f805b64510bdcfaa32b1f805b64510bdcfaa32b1f805b64430bdcfaa32b1f805b64510bdcfaa32b1f805b64
2026-10-02 10:15:04.956 [OP] 40E3 inv=FFCF len=48 #2 7207c464af0bdcfac32bfd80da64580b33fabc2be080956445ec6ffabf5384809fdf0b0b0022202b01cec464edd090fa
2026-10-02 10:15:04.956 [OP] 40E2 inv=FFF3 len=12 #2 63cdfc0b6ffaa32b45809564
2026-10-02 10:15:04.957 [OP] 4232 inv=FF60 len=159 #1 01afd0dce0a32b1f4f5b645127dcfaa3de1f805b6f510bdc1c462b1f805b64510bdcfaa32b1f805b64510bdcfaa32b1f805b64510bdcfaa3599d805b64510bdcb7f82b1f805b6451fb8bfaa32b1f805b4e580bdcfaa32b1f227a64516f52faa3edad805b7c510bdc25a32b1fef5b6451c4dcfaa3d4ad805bbc510bdc6ba32b1f0a5b64510bdcfaa32cd672eca2d661e2b05b931f805b64510bdcfaa32b1f80
2026-10-02 10:15:04.957 [OP] 4232 inv=FF60 len=159 #2 01afd0dcf4a32b1f4e5b6451b2dcfaa3321f805b53510bdc8d202b1f805b64510bdcfaa32b1f805b64510bdcfaa32b1f805b64510bdcfaa39b34805b64510bdcdafd2b1f805b645149e6faa32b1f805b0bb20bdcfaa32b1f4c2364516f52faa3b834805be8510bdc0ea32b1fef5b6451c4dcfaa36834805b02510bdc1ba32b1fd35b64510bdcfaa32cd672eca2d604e2b05bde1f805bdf510bdcfaa32b1f80
2026-10-02 10:15:04.957 [OP] 4232 inv=FF60 len=159 #3 01afd0dcf4a32b1f8c5b64513ddcfaa34c1f805bcd510bdcff312b1f805b64510bdcfaa32b1f805b64510bdcfaa32b1f805b64510bdcfaa3663c805b64510bdc3c572b1f805b645127c6faa32b1f805bade60bdcfaa32b1f2e7a64519052faa3ba8a805ba4510bdccea32b1fef5b6451c4dcfaa3db3c805b0b510bdcbcdb2b1f239564510bdcfaa32cd6725aaed6aea1b05bceca8095f8510bdcfaa32b1f80
2026-10-02 10:15:04.957 [OP] 401B inv=FEB3 len=332 #1 8b3bad800d64510b17faa32b7207c464530bdcfa972b1f80afc6510bdcfaa32be4c65b64510bdcfae6531f805b64510bffe8a32b1f805b64bc595ab12b219f805b64510bdcfaa32b1fad5b6412b252fada2b1f802964510bac9fa32b1f805b6437fddcfaa32b1f809adf510bdcfaa32be0c75b64510bdcfa16876c842d437f0bdcfaa32b1f805b64510bdcfa4d5dad800a64510b31faa32b90125b64510bdcfa
2026-10-02 10:15:05.049 [OP] 4055 inv=FFF7 len=8 #3 63cdfc0bdcfaa32b
2026-10-02 10:15:05.049 [OP] 40A0 inv=FF07 len=248 #5 63cdfc0b8b0e392b5e605b6439ecdcfadb4ac3548a70b105cd97600e1f805b64510bdcfaa32b1f805b64510bdcfaa32b1f805b64510bdcfaa32b1f8030dfced078c4b1deef125b64e07fdcfadb4ae4f1245d510bdcfaa32b1f805b64510bdcfaa32b1f805b64510bdcfaa32b1f805b64510bdcfaa32b1f806bf84bd0a7e8fcde6fce5b64a9d0dcfadb4a402fed6d510bdcfaa32b1f805b64510bdcfaa32b1f80
2026-10-02 10:15:05.144 [OUT] 0185 inv=FFF7 len=12 #2 f7ff8501dcfaa32bc8d97b81
2026-10-02 10:18:41.479 [OP] 4031 inv=FFE3 len=28 #2 392b2d805b64510b6ffa512b1f68fa06e2c87424c1770e68fa06e20b
2026-10-02 10:26:53.407 [OP] 4031 inv=FF64 len=155 #3 935b6151d0dcfaa3531fa4db8c740acb57e554e2a4021f2ef368a2346786b098f990b978b8349a6671ffd856b3d3a234670b1cedde6c3876a2348282d36de074a4b1ef1075e8f26f270094b8b8128eac5daf0572a3965034679694f3b3e1a6b6ccc29b40f32cce4d87f0775131a2b1f389f9140fb35120bb4c848980ef6e165119aeeb837bc06919740e23d0e4346451e49cfc58f33ee554cab00b
2026-10-02 10:28:21.409 [SYS] #ff0000#您已进入野外区域，可能遭遇玩家间的自由对战，请注意安全！#ffffff#
2026-10-02 10:28:21.409 [OP] 4202 inv=FFEF len=16 #2 feecdcfab42b1f8056df510bc3c4a32b
2026-10-02 10:28:21.409 [OP] 40E0 inv=FED1 len=302 #3 b4b252faf9061f805b64510b43c4a32b1f805b64135fdcfaa32b1f809ef8510bdcfaa32befa05b64fc0bdcfa392b1f804864510ba7e8a32bad805b64acecdcfa932b1f8033df510b17e8a32b8b805b6444c9dcfa59531f80e264510be9c4a32b384e5b648fecdcfa4f2b1f800d64510b8ffaa32b1f805b64510bdcfaa32b1f805b64510bdcfaa32b1f805b64430bdcfaa32b1f805b64510bdcfaa32b1f805b64
2026-10-02 10:28:21.409 [OP] 40E3 inv=FFCF len=48 #3 7207c464af0bdcfac32bfd80da64580b33fabc2be080956445ec6ffabf5384809fdf0b0b0022202b01cec464edd090fa
2026-10-02 10:28:21.409 [OP] 40E2 inv=FFF3 len=12 #3 63cdfc0b6ffaa32b45809564
2026-10-02 10:28:21.409 [OP] 4232 inv=FF60 len=159 #4 01afd0dce0a32b1f4f5b645127dcfaa3de1f805b6f510bdc1c462b1f805b64510bdcfaa32b1f805b64510bdcfaa32b1f805b64510bdcfaa3599d805b64510bdcb7f82b1f805b6451fb8bfaa32b1f805b4e580bdcfaa32b1f227a64516f52faa3edad805b7c510bdc25a32b1fef5b6451c4dcfaa3d4ad805bbc510bdc6ba32b1f0a5b64510bdcfaa32cd672eca2d661e2b05b931f805b64510bdcfaa32b1f80
2026-10-02 10:28:21.410 [OP] 4232 inv=FF60 len=159 #5 01afd0dcf4a32b1f4e5b6451b2dcfaa3321f805b53510bdc8d202b1f805b64510bdcfaa32b1f805b64510bdcfaa32b1f805b64510bdcfaa39b34805b64510bdcdafd2b1f805b645149e6faa32b1f805b0bb20bdcfaa32b1f4c2364516f52faa3b834805be8510bdc0ea32b1fef5b6451c4dcfaa36834805b02510bdc1ba32b1fd35b64510bdcfaa32cd672eca2d604e2b05bde1f805bdf510bdcfaa32b1f80
2026-10-02 10:28:21.410 [OP] 401B inv=FEB3 len=332 #2 8b3bad800d64510b17faa32b7207c464530bdcfa972b1f80afc6510bdcfaa32be4c65b64510bdcfae6531f805b64510bffe8a32b1f805b64bc595ab12b219f805b64510bdcfaa32b1faa5b6412b252fada2b1f802964510bac9fa32b1f805b6437fddcfaa32b1f809adf510bdcfaa32be0c75b64510bdcfa16876c842d437f0bdcfaa32b1f805b64510bdcfa4d5dad800a64510b31faa32b90125b64510bdcfa
2026-10-02 10:28:21.499 [OP] 4055 inv=FFF7 len=8 #4 63cdfc0bdcfaa32b
2026-10-02 10:28:21.669 [OUT] 0185 inv=FFF7 len=12 #3 f7ff8501dcfaa32bc8d97b81
2026-10-02 10:28:49.124 [SETTLE] exp=2 gold=199366 len=403
2026-10-02 10:29:08.153 [SETTLE] exp=2 gold=199366 len=403
2026-10-02 10:29:28.749 [SETTLE] exp=2 gold=199366 len=403
2026-10-02 10:29:49.650 [SETTLE] exp=1 gold=199366 len=403
2026-10-02 10:30:13.604 [SETTLE] exp=1 gold=199366 len=393
2026-10-02 10:30:31.554 [QUESTION] {"type":"question","sock":2444,"qno":14,"field_a":103,"stem":"当发现有人触电后，抢救他的正确方法是？","options":["1、找个能插的电源","2、给手机充电","3、切断电源","4、也一起触电"]}
2026-10-02 10:30:32.217 [SEND-ANSWER] qno=14 opt=2 ret=13 sock=2444
2026-10-02 10:30:32.268 [SYS] 测试通过！
2026-10-02 10:30:32.359 [SYS] 获得了#00FF00#100#FFF692#金币
2026-10-02 10:30:32.359 [CURRENCY] a=199366 b=1073942
2026-10-02 10:30:32.556 [UI] auto dump on question qno=14
2026-10-02 10:30:32.556 [UI] ---- window dump begin (pid 13044) ----
2026-10-02 10:30:32.874 [UI] TOP=0004061E vis=1 cls=QBOvCls rc=(409,390,769,486) title=
2026-10-02 10:30:32.885 [UI] TOP=005F0A8E vis=1 cls=ATL:012FF210 rc=(69,23,1109,830) title=什么什么大冒险2(①逍遥村敬老院)-伏地魔1_Sep 24 2026《什么什么大冒险》制作委员会QQ群:515616289
2026-10-02 10:30:32.885 [UI] TOP=0005062A vis=0 cls=DIEmWin rc=(-1,-1,135,38) title=DIEmWin
2026-10-02 10:30:32.895 [SETTLE] exp=1 gold=199366 len=393
2026-10-02 10:30:33.275 [UI] TOP=00110106 vis=0 cls=IME rc=(0,0,0,0) title=Default IME
2026-10-02 10:30:33.277 [UI] TOP=001307FA vis=0 cls=MSCTFIME UI rc=(0,0,0,0) title=MSCTFIME UI
2026-10-02 10:30:33.287 [UI] TOP=00120738 vis=0 cls=IME rc=(0,0,0,0) title=Default IME
2026-10-02 10:30:33.288 [UI] TOP=00080636 vis=0 cls=IME rc=(0,0,0,0) title=Default IME
2026-10-02 10:30:33.288 [UI] ---- window dump end ----
2026-10-02 10:30:34.019 [UI] auto-closing quiz frame: qno=14 opt=2
2026-10-02 10:30:34.093 [UI] option 2 control NOT found — falling back to digit key
2026-10-02 10:30:52.989 [SETTLE] exp=2 gold=199366 len=403
2026-10-02 10:30:56.183 [SYS] #ff0000#您已进入野外区域，可能遭遇玩家间的自由对战，请注意安全！#ffffff#
2026-10-02 10:30:56.183 [OP] 4202 inv=FFEF len=16 #3 95ecdcfab42b1f8072df510be4c4a32b
2026-10-02 10:30:56.184 [OP] 40E0 inv=FED1 len=302 #4 b4b252faf9061f805b64510bffe8a32b1f805b64135fdcfaa32b1f809ef8510bdcfaa32befa05b64fc0bdcfa392b1f804864510ba7e8a32bad805b64acecdcfa932b1f8033df510b17e8a32b8b805b6444c9dcfa59531f80e264510be9c4a32b384e5b648fecdcfa4f2b1f800d64510b8ffaa32b1f805b64510bdcfaa32b1f805b64510bdcfaa32b1f805b64430bdcfaa32b1f805b64510bdcfaa32b1f805b64
2026-10-02 10:30:56.184 [OP] 40E3 inv=FFCF len=48 #4 7207c464af0bdcfac32bfd80da64580b33fabc2be080956445ec6ffabf5384809fdf0b0b0022202b01cec464edd090fa
2026-10-02 10:30:56.184 [OP] 40E2 inv=FFF3 len=12 #4 63cdfc0b6ffaa32b45809564
2026-10-02 10:30:56.275 [OP] 401B inv=FEB3 len=332 #3 8b3bad800d64510b17faa32b7207c464530bdcfa972b1f80afc6510bdcfaa32be4c65b64510bdcfae9931f805b64510bffe8a32b1f805b64bc595ab12b219f805b64510bdcfaa32b1fc75b6412b252fada2b1f802964510bac9fa32b1f805b6437fddcfaa32b1f80e664510bdcfaa32be0c75b64510bdcfa16876c842d437f0bdcfaa32b1f805b6451b1c9eb4d5dad800a64510b31faa32b90125b64510bdcfa
2026-10-02 10:30:56.275 [OP] 4055 inv=FFF7 len=8 #5 63cdfc0bdcfaa32b
2026-10-02 10:30:56.336 [OUT] 0185 inv=FFF7 len=12 #4 f7ff8501dcfaa32bc8d97b81
2026-10-02 10:32:22.451 [OUT] 1F04 inv=FFF6 len=13 #2 f6ff041fce1f805b37510bdcc4
2026-10-02 10:32:25.113 [OUT] 0050 inv=FFF7 len=12 #1 f7ff5000a32b1f80a826510b
2026-10-02 10:32:25.193 [OP] 4019 inv=FF7B len=132 #1 8b3bad80a826510b6fe8a32ba680f6daae4b77b36c50e4ad547129f05ab7799d3813f6b9136a2200f0b96cd5ed45b32ada1104204be42c935cdeb6051683c22e3cef8822cd0f6a23325f3e35ee695a3ba23cb936bd4eb30aa201c243d37bd206054b53008b73c568d206876cdb608066953ff069054b9fc8a32b1f800d6417ad181ea32b
2026-10-02 10:32:38.809 [OUT] 0051 inv=FFF7 len=12 #1 f7ff51005b64510bdcfaa32b
2026-10-02 10:32:40.349 [SYS] #ff0000#您已进入野外区域，可能遭遇玩家间的自由对战，请注意安全！#ffffff#
2026-10-02 10:32:40.349 [OP] 40E0 inv=FED1 len=302 #5 b4b252faf9061f805b64510bffe8a32b1f805b64135fdcfaa32b1f809ef8510bdcfaa32befa05b64fc0bdcfa392b1f804864510ba7e8a32bad805b64acecdcfa932b1f8033df510b17e8a32b8b805b6444c9dcfa59531f80e264510be9c4a32b384e5b648fecdcfa4f2b1f800d64510b8ffaa32b1f805b64510bdcfaa32b1f805b64510bdcfaa32b1f805b64430bdcfaa32b1f805b64510bdcfaa32b1f805b64
2026-10-02 10:32:40.349 [OP] 40E3 inv=FFCF len=48 #5 7207c464af0bdcfac32bfd80da64580b33fabc2be080956445ec6ffabf5384809fdf0b0b0022202b01cec464edd090fa
2026-10-02 10:32:40.349 [OP] 40E2 inv=FFF3 len=12 #5 63cdfc0b6ffaa32b45809564
2026-10-02 10:32:40.349 [OP] 4202 inv=FFEF len=16 #4 feecdcfab42b1f80d07f510b2625a32b
2026-10-02 10:32:40.356 [OUT] 0185 inv=FFF7 len=12 #5 f7ff8501dcfaa32bc8d97b81
2026-10-02 10:32:40.416 [OP] 401B inv=FEB3 len=332 #4 8b3bad800d64510b17faa32b7207c464530bdcfa972b1f80afc6510bdcfaa32be4c65b64510bdcfae9931f805b64510bffe8a32b1f805b64bc595ab12b219f805b64510bdcfaa32b1faa86dd12b252fada2b1f802964510bac9fa32b1f805b6437fddcfaa32b1f80e664510bdcfaa32be0c75b64510bdcfa16876c842d437f0bdcfaa32b1f805b645127dcfa4d5dad800a64510b31faa32b90125b64510bdcfa
2026-10-02 10:33:04.039 [SETTLE] exp=2 gold=199366 len=393
2026-10-02 10:33:20.136 [SETTLE] exp=2 gold=199366 len=393
2026-10-02 10:33:37.662 [SETTLE] exp=1 gold=199366 len=393
2026-10-02 10:33:58.928 [SETTLE] exp=2 gold=199366 len=393
2026-10-02 10:34:18.474 [SETTLE] exp=2 gold=199366 len=403
2026-10-02 10:34:35.707 [SETTLE] exp=2 gold=199366 len=393
2026-10-02 10:34:50.953 [SETTLE] exp=1 gold=199366 len=393
2026-10-02 10:35:13.864 [SETTLE] exp=1 gold=199366 len=403
2026-10-02 10:35:35.369 [SETTLE] exp=1 gold=199366 len=403
2026-10-02 10:35:49.396 [SETTLE] exp=2 gold=199366 len=393
2026-10-02 10:36:12.697 [SETTLE] exp=2 gold=199366 len=393
2026-10-02 10:36:30.203 [SETTLE] exp=2 gold=199366 len=403
2026-10-02 10:36:50.361 [SETTLE] exp=1 gold=199366 len=403
2026-10-02 10:36:54.538 [SYS] #ff0000#您已进入野外区域，可能遭遇玩家间的自由对战，请注意安全！#ffffff#
2026-10-02 10:36:54.538 [OP] 401B inv=FEB3 len=332 #5 8b3bad800d64510b17faa32b7207c464530bdcfa972b1f80afc6510bdcfaa32be4c65b64510bdcfae9931f805b64510bffe8a32b1f805b64bc595ab12b219f805b64510bdcfaa32b1fe75b6412b252fada2b1f802964510bac9fa32b1f805b6437fddcfaa32b1f809adf510bdcfaa32be0c75b64510bdcfa16876c842d437f0bdcfaa32b1f805b64510bdce84d5dad800a64510b31faa32b90125b64510bdcfa
2026-10-02 10:36:54.538 [OP] 4202 inv=FFEF len=16 #5 b7ecdcfa572b1f80387f510b80c4a32b
2026-10-02 10:36:56.988 [OUT] 009C inv=FFFB len=8 #1 fbff9c00dcfaa32b
2026-10-02 10:36:57.077 [OP] 42E5 inv=FFE5 len=26 #1 0edf510b155a4e78ca805b64510bdcfaa32b1f805b64510bdcfa
2026-10-02 10:37:00.094 [OUT] 0050 inv=FFF7 len=12 #2 f7ff5000a32b1f801b64510b
2026-10-02 10:37:00.146 [OP] 4019 inv=FF7F len=128 #2 63cdfc0ba9faa32bcace5b61380b28edf9196cf53e67074069d54a1c95b1bd4e87a45b18cc4dd3992d095cfb60d98098d030b42e88ca28568059bf9ed72a072f7d1658f2b9d7bd4e5579d897f9194b1dc2c088cadc22de537380eaa0532337a24f28c57feae957c737e3da28961154f9bc05b600a39959800d6417ad181ea306
2026-10-02 10:37:03.688 [OUT] 0051 inv=FFF7 len=12 #2 f7ff51005b64510b6ffaa32b
2026-10-02 10:37:03.741 [OP] 4019 inv=FEE7 len=280 #3 63cdfc0ba9faa32bcace5b64b80b74ac1de66cd5e66096cc5b1801830ead02d0dde8222d5002d399e0fbeea4cd591d204b1db446b11777b3a6d6d3992de69611cd1e1d9d9abb2db74dccad9780fa41d65a4d5f72c9ddf0e99766547b6fd72da2da3ae26aea49e113502aa43cae7e98ef332a16fd656166f3e5491d6c28971d7ae15e83354d6c28efcaddffb50f8729f28c24634bd3cd35a0532337e38f663526
2026-10-02 10:37:09.703 [OUT] 0051 inv=FFF7 len=12 #3 f7ff51005b64510b90faa32b
2026-10-02 10:37:09.759 [SYS] #FFF692#交纳传送费用#00CCFF#690#FFF692#金币！
2026-10-02 10:37:10.067 [CURRENCY] a=199366 b=1073252
2026-10-02 10:37:10.599 [OUT] 009C inv=FFFB len=8 #2 fbff9c00dcfaa32b
2026-10-02 10:37:10.600 [OUT] 009C inv=FFFB len=8 #3 fbff9c00dcfaa32b
2026-10-02 10:37:10.606 [OUT] 009C inv=FFFB len=8 #4 fbff9c00dcfaa32b
2026-10-02 10:37:10.610 [OUT] 009C inv=FFFB len=8 #5 fbff9c00dcfaa32b
2026-10-02 10:37:11.074 [OP] 42E5 inv=FFE5 len=26 #2 7a64510b20faa32bca0c3cc8065c59cc859a0d869887050bdcfa
2026-10-02 10:37:11.074 [OP] 42E5 inv=FFE5 len=26 #3 7a64510b20faa32bca0c3cc8065c59cc859a0d869887050bdcfa
2026-10-02 10:37:11.075 [OP] 42E5 inv=FFE5 len=26 #4 7a64510b20faa32bca0c3cc8065c59cc859a0d869887050bdcfa
2026-10-02 10:37:11.075 [OP] 42E5 inv=FFE5 len=26 #5 7a64510b20faa32bca0c3cc8065c59cc859a0d869887050bdcfa
2026-10-02 10:37:11.086 [OUT] 0135 inv=FFF7 len=12 #1 f7ff3501dcfaa32b5e805b64
2026-10-02 10:37:11.177 [OP] 42A7 inv=FEE6 len=281 #1 d36b7f5133dcfaa30062832e058960677f329cdb9ec3538975ceec388294473d4c8260db9048cd942cc35c18755f8f4841572cc35ce656491792383c90db81a552159d31b04f615f1652cb155a4e470b8fdb81a5cb210cf6fe65d97bdd8352155aeb410bd9325382875f5a4e47d88f7e86e675155ab82442836addf65315251ce2c88f6a3cf475f477236f65796a5c8375495b596f5d793b2b526ae0252924c8
2026-10-02 10:37:12.111 [OUT] 0050 inv=FFF7 len=12 #3 f7ff5000a32b1f8000f8510b
2026-10-02 10:37:12.186 [OP] 4019 inv=FF73 len=140 #4 7207c464e07fdcfaf8de1f80b96476ad08745012d337336725549f578ebeafcb76336919f8743f7ae1d579a11d9388eff0ebe97ce09bd7854ab478eb4b4c7240932a160333b386e5d77b6f60518d96e91bd579eb3019f80330eb3536ad509a205bfa392b7380eaa0532337a24f28c57feae957c737e3da28961154f9bc05b600a37eca800d6417ad181ea32b
2026-10-02 10:37:13.193 [OUT] 0051 inv=FFF7 len=12 #4 f7ff51005b64510b6ffaa32b
2026-10-02 10:37:13.290 [OP] 4019 inv=FE07 len=504 #5 8b3bad8000f8510b6f5ba32b0480418787145ab7a14ba7d0f6b91d0177b332e7827b244433d25b186ce9325f3e3587c828ed4a1c95b1b293552c5b182bfaa7713ef2876989952bc6c2d071675c9b6c140c30b70b93b70d19daeec77ae1cd6fe953232da28f770b36792bb5830ffcd4b931e46dea7240b0cca877c34c2d67872a16fd65d4c24c2d40739e9624599997b846eb30205b3dda3a1abe35a0a69350d8
2026-10-02 10:37:17.664 [OUT] 0051 inv=FFF7 len=12 #5 f7ff51005b64510b8bfaa32b
2026-10-02 10:37:17.721 [SYS] #FFF692#交纳传送费用#00CCFF#1370#FFF692#金币！
2026-10-02 10:37:17.812 [CURRENCY] a=199366 b=1072572
2026-10-02 10:37:20.418 [OUT] 0050 inv=FFF7 len=12 #4 f7ff5000a32b1f805764510b
2026-10-02 10:37:23.929 [SYS] #FFF692#交纳传送费用#00CCFF#1810#FFF692#金币！
2026-10-02 10:37:24.034 [SYS] #ff0000#您已进入野外区域，可能遭遇玩家间的自由对战，请注意安全！#ffffff#
2026-10-02 10:37:24.034 [CURRENCY] a=199366 b=1072132
2026-10-02 10:37:28.837 [OP] 40A1 inv=FFEB len=20 #1 510bdcfab65d1f809464510b1af4e1de09ef2126
2026-10-02 10:37:36.910 [OUT] 0050 inv=FFF7 len=12 #5 f7ff5000a32b1f802d3d510b
2026-10-02 10:37:37.011 [OUT] 0135 inv=FFF7 len=12 #2 f7ff3501dcfaa32ba8805b64
2026-10-02 10:37:37.304 [OP] 42A7 inv=FEE6 len=281 #2 d36b7f5181dcfaa361b527e02ed740b6646c61b527e02ed740b6c9c1c15f9afa0ee2ccc000c161b527fa5d8cd6fcc93ad2a2d0fac0d50bb6649bbf2cb677218c8fd585c112a213e02ed5a312ff44ad2abfd2f0c675dc006c6171d0c53ec70fb3e667d1a8bf0b5dd7403819d1562ca67ef3faaa32789bd2b5275bc06d62bc213afeb98277178cd6b664a32457314e131fe307213a56017de02e518c588244d1b7
2026-10-02 10:37:37.403 [OP] 40A1 inv=FFEB len=20 #2 510bdcfab65d1f809464510be7aeb64a7d12337f
2026-10-02 10:37:41.117 [OP] 40A1 inv=FFEB len=20 #3 510bdcfab65d1f809464510bd2f4dcde3cef6426
2026-10-02 10:37:44.777 [OP] 40A1 inv=FFEB len=20 #4 510bdcfab65d1f809464510bfaae404a8d12b37f
2026-10-02 10:37:48.935 [OP] 40A1 inv=FFEB len=20 #5 510bdcfab65d1f809464510b47f462ded712987f
2026-10-02 10:37:49.874 [SETTLE] exp=2 gold=199366 len=403
2026-10-02 10:37:51.439 [SYS] #ff0000#您已进入野外区域，可能遭遇玩家间的自由对战，请注意安全！#ffffff#
2026-10-02 10:38:22.237 [SETTLE] exp=2 gold=199366 len=393
2026-10-02 10:39:07.033 [SETTLE] exp=1 gold=199366 len=393
2026-10-02 10:39:44.907 [SETTLE] exp=1 gold=199366 len=393
2026-10-02 10:40:18.051 [SETTLE] exp=1 gold=199366 len=403
2026-10-02 10:40:43.771 [OP] 46E0 inv=FDF7 len=520 #1 63cdfc0b6ffaa32b5207c4640e0bdcfae2121f8097c0510bec74462bd62f8823f27ba17ccd13364f66b22b0bdcfae02b8e5f0d64a40bfdc44d2b49b7f8559080e2c17513aa9bb4fedea391fad1972080d064e6f8322fe65d1f802a642d0b8b5b4f3920806b6fc5d0dc08a32bb9afa5260e0bdcfa7a4140120b472b0b6e10e02b3054a161a4f83dfae2186b12a95550b136fab7280d2ba5261d4ad49995a86d80
2026-10-02 10:40:43.886 [SETTLE] exp=2 gold=199366 len=393
2026-10-02 10:41:14.544 [SETTLE] exp=2 gold=199366 len=393
2026-10-02 10:41:43.176 [SETTLE] exp=1 gold=199366 len=393
2026-10-02 10:42:12.914 [SETTLE] exp=1 gold=199366 len=393
2026-10-02 10:42:44.031 [SETTLE] exp=1 gold=199366 len=393
2026-10-02 10:42:56.049 [OP] 4114 inv=FFEF len=16 #1 7207c4647b98dcfa5fff1f806b64510b
2026-10-02 10:42:56.050 [OP] 4114 inv=FFEF len=16 #2 7207c4647b98dcfa2aad1f802764510b
2026-10-02 10:44:09.988 [SETTLE] exp=1 gold=199366 len=393
2026-10-02 10:44:10.084 [OP] 4707 inv=FFF3 len=12 #1 8b3bad8057ecfc0b17faa32b
2026-10-02 10:45:14.091 [SETTLE] exp=2 gold=199366 len=393
2026-10-02 10:45:43.822 [SETTLE] exp=2 gold=199366 len=393
2026-10-02 10:46:16.034 [SETTLE] exp=1 gold=199366 len=393
2026-10-02 10:46:36.745 [OP] 4114 inv=FFEF len=16 #3 7207c4647b98dcfa98ff1f806b64510b
2026-10-02 10:46:36.745 [OP] 4114 inv=FFEF len=16 #4 7207c4647b98dcfa60ad1f80ba64510b
2026-10-02 10:46:52.342 [OP] 4114 inv=FFEF len=16 #5 7207c4647b98dcfaf3ef1f802764510b
2026-10-02 10:46:58.625 [SETTLE] exp=2 gold=199366 len=393
2026-10-02 10:47:45.624 [SETTLE] exp=1 gold=199366 len=403
2026-10-02 10:48:19.865 [SETTLE] exp=1 gold=199366 len=393
2026-10-02 10:48:51.446 [SETTLE] exp=2 gold=199366 len=403
2026-10-02 10:49:29.015 [SETTLE] exp=2 gold=199366 len=403
2026-10-02 10:51:19.888 [SETTLE] exp=1 gold=199366 len=393
2026-10-02 10:51:19.992 [OP] 4707 inv=FFF3 len=12 #2 8b3bad80baecfc0b17faa32b
2026-10-02 10:51:21.074 [OP] 4018 inv=FFF0 len=15 #1 d36b7f5134a722a359a5b39464510b
2026-10-02 10:51:52.061 [SETTLE] exp=2 gold=199366 len=393
2026-10-02 10:52:20.847 [SETTLE] exp=2 gold=199366 len=393
2026-10-02 10:53:08.599 [SETTLE] exp=2 gold=199366 len=393
2026-10-02 10:53:40.753 [SETTLE] exp=2 gold=199366 len=393
2026-10-02 10:54:16.470 [SETTLE] exp=2 gold=199366 len=393
2026-10-02 10:54:49.866 [SETTLE] exp=2 gold=199366 len=393
2026-10-02 10:55:18.366 [SETTLE] exp=1 gold=199366 len=393
2026-10-02 10:55:43.485 [SETTLE] exp=1 gold=199366 len=393
2026-10-02 10:56:15.355 [OP] 46E0 inv=FDF7 len=520 #2 63cdfc0b6ffaa32b7207c464580bdcfa02121f805b64510bdcfaa32b2f94946f6968d9fa4016d5a0ad1d0ec4598a084a00526fdf8a68d9fa3db5e3801c64510bfbd0bd321f8048648a68d9fa3518c112ae1b57ec5ee8a32b9d805b646968d9faa32b1f8011b3edb119d95653c09122a9801099f41b3b1f80036f45ec2d88084a989a31df00594cf47687c11286232b5f5e3bfe931f805b64625a79e8a987c112
2026-10-02 10:56:15.451 [SETTLE] exp=1 gold=199366 len=413
2026-10-02 10:56:42.061 [SETTLE] exp=1 gold=199366 len=393
2026-10-02 10:57:14.845 [SETTLE] exp=2 gold=199366 len=393
2026-10-02 10:57:49.867 [SETTLE] exp=2 gold=199366 len=393
2026-10-02 10:58:24.978 [SETTLE] exp=1 gold=199366 len=403
2026-10-02 10:58:54.499 [SETTLE] exp=2 gold=199366 len=393
2026-10-02 10:59:31.507 [SETTLE] exp=1 gold=199366 len=403
2026-10-02 11:00:03.362 [SETTLE] exp=1 gold=199366 len=393
2026-10-02 11:00:42.045 [SETTLE] exp=1 gold=199366 len=393
2026-10-02 11:01:13.017 [OP] 46E0 inv=FDF7 len=520 #3 63cdfc0b6ffaa32b7207c464580bdcfa52c41f80b038c6158ffaa32bd62f88230acb2cc076ce7c8c66b22b0bdcfae02b1f802a64510bdcfaa32b1f805b64510bdcfae02b1f805b64510b09facd913b79c764f8ec244e392bad805226510bdcfaa32b20805b64510bdcfae02b0fa9c86f310b3efa014234805764ceecdcfaa32b1f802a64510bdcfaa32b2080f33b24c490fa212b49ee4064560bb3e8a32b1f80
2026-10-02 11:01:13.105 [SETTLE] exp=2 gold=199366 len=403
2026-10-02 11:01:47.611 [SETTLE] exp=1 gold=199366 len=393
2026-10-02 11:02:16.068 [SETTLE] exp=1 gold=199366 len=393
2026-10-02 11:02:47.352 [SETTLE] exp=1 gold=199366 len=393
2026-10-02 11:03:29.859 [SETTLE] exp=2 gold=199366 len=393
2026-10-02 11:03:29.943 [OP] 4707 inv=FFF3 len=12 #3 8b3bad80a1ecfc0b17faa32b
2026-10-02 11:03:56.974 [SETTLE] exp=2 gold=199366 len=393
2026-10-02 11:04:21.587 [SETTLE] exp=2 gold=199366 len=393
2026-10-02 11:05:00.712 [SETTLE] exp=2 gold=199366 len=393
2026-10-02 11:05:26.389 [SETTLE] exp=2 gold=199366 len=393
2026-10-02 11:05:56.097 [SETTLE] exp=1 gold=199366 len=393
2026-10-02 11:06:24.187 [SETTLE] exp=2 gold=199366 len=403
2026-10-02 11:06:58.195 [SETTLE] exp=2 gold=199366 len=403
2026-10-02 11:07:21.657 [SETTLE] exp=1 gold=199366 len=393
2026-10-02 11:07:48.924 [SETTLE] exp=1 gold=199366 len=393
2026-10-02 11:08:17.912 [SETTLE] exp=1 gold=199366 len=393
2026-10-02 11:09:01.533 [SETTLE] exp=1 gold=199366 len=393
2026-10-02 11:09:40.765 [OP] 46E0 inv=FDF7 len=520 #4 63cdfc0b6ffaa32b7207c464580bdcfa534d1f80c464d30b6e22aa24d62f8823e27a80c08653ad8066b2c80bdcfa9d2b39ce0e53510bdcfadb2b5980aaa3af0b2dfa8d3269805b642525bac4572b1f80c4640fd0f175b42b8b564864ce2604ae3befa6809564510bdc08a32bc03f3b7fe60bdcfa7ae2fa790b47c80b0f8cd113f9174c2360ecdcfaa32b1f805b64510bd0e2ab2b70b43964db8069259ba86d80
2026-10-02 11:09:40.860 [SETTLE] exp=2 gold=199366 len=403
2026-10-02 11:10:13.436 [SETTLE] exp=1 gold=199366 len=393
2026-10-02 11:10:44.484 [SETTLE] exp=1 gold=199366 len=393
2026-10-02 11:11:17.043 [SETTLE] exp=1 gold=199366 len=403
2026-10-02 11:12:05.391 [SETTLE] exp=2 gold=199366 len=393
2026-10-02 11:12:38.170 [SETTLE] exp=1 gold=199366 len=393
2026-10-02 11:13:04.514 [SETTLE] exp=1 gold=199366 len=393
2026-10-02 11:13:32.341 [SETTLE] exp=2 gold=199366 len=393
2026-10-02 11:13:53.062 [SETTLE] exp=1 gold=199366 len=393
2026-10-02 11:14:25.660 [SETTLE] exp=1 gold=199366 len=393
2026-10-02 11:14:50.313 [OP] 46E0 inv=FDF7 len=520 #5 63cdfc0b6ffaa32b5207c464580bdcfa02121f805b64a5525e74b72bd62f8823497b3cc0dd0d598066b2c80bdcfa9d2bc75f2764510bdcfadb2b56ce5ba1490b815b7d3569805b64d6a8c099202b1f80c46486b2dc5e312b8b564864555260f49c36d1805b64a552dc08a32b3812637f0b0bdcfa52db9dce0b47c80b6e109d2bc0b073c6a9c22ffae218decea955f4d08e547bce0d2ba47f1d4ad4999ba86d80
2026-10-02 11:14:50.405 [SETTLE] exp=1 gold=199366 len=403
2026-10-02 11:15:23.954 [SETTLE] exp=2 gold=199366 len=393
2026-10-02 11:15:55.265 [SETTLE] exp=2 gold=199366 len=393
2026-10-02 11:16:40.422 [SETTLE] exp=2 gold=199366 len=393
2026-10-02 11:17:17.312 [SETTLE] exp=2 gold=199366 len=393
2026-10-02 11:17:52.727 [SETTLE] exp=2 gold=199366 len=393
2026-10-02 11:18:13.893 [SETTLE] exp=2 gold=199366 len=403
2026-10-02 11:18:42.173 [SETTLE] exp=2 gold=199366 len=403
2026-10-02 11:19:08.971 [SETTLE] exp=2 gold=199366 len=403
2026-10-02 11:19:46.882 [SETTLE] exp=1 gold=199366 len=393
2026-10-02 11:20:15.395 [SETTLE] exp=2 gold=199366 len=393
2026-10-02 11:20:47.541 [SETTLE] exp=2 gold=199366 len=393
2026-10-02 11:21:14.468 [SETTLE] exp=1 gold=199366 len=393
2026-10-02 11:21:37.883 [SETTLE] exp=2 gold=199366 len=393
2026-10-02 11:21:49.055 [OP] 4031 inv=FFE0 len=31 #4 44dc5ba32b1f805bdf51ae67a99e36a7cb0f1355938cfaa39d7ff324cef60b
2026-10-02 11:22:21.114 [SETTLE] exp=2 gold=199366 len=393
2026-10-02 11:22:54.042 [SETTLE] exp=1 gold=199366 len=393
2026-10-02 11:23:19.092 [SETTLE] exp=1 gold=199366 len=393
2026-10-02 11:23:49.141 [SETTLE] exp=2 gold=199366 len=393
2026-10-02 11:24:19.431 [SETTLE] exp=2 gold=199366 len=403
2026-10-02 11:25:04.530 [SETTLE] exp=1 gold=199366 len=393
2026-10-02 11:26:21.542 [SETTLE] exp=1 gold=199366 len=393
2026-10-02 11:27:21.859 [SETTLE] exp=2 gold=199366 len=403
2026-10-02 11:27:45.742 [SETTLE] exp=2 gold=199366 len=393
2026-10-02 11:28:20.840 [SETTLE] exp=1 gold=199366 len=393
2026-10-02 11:28:52.735 [SETTLE] exp=2 gold=199366 len=393
2026-10-02 11:29:54.156 [SETTLE] exp=2 gold=199366 len=393
2026-10-02 11:30:36.313 [SETTLE] exp=1 gold=199366 len=403
2026-10-02 11:31:10.029 [SETTLE] exp=1 gold=199366 len=403
2026-10-02 11:31:35.263 [SETTLE] exp=2 gold=199366 len=393
2026-10-02 11:32:30.276 [SETTLE] exp=2 gold=199366 len=393
2026-10-02 11:32:55.827 [SETTLE] exp=2 gold=199366 len=403
2026-10-02 11:33:41.442 [SETTLE] exp=2 gold=199366 len=403
2026-10-02 11:34:18.925 [SETTLE] exp=1 gold=199366 len=393
2026-10-02 11:34:56.572 [SETTLE] exp=1 gold=199366 len=403
2026-10-02 11:35:25.980 [SETTLE] exp=1 gold=199366 len=393
2026-10-02 11:35:26.853 [QUESTION] {"type":"question","sock":2444,"qno":10,"field_a":77,"stem":"蚯蚓适合生活在什么样的环境里？","options":["1、太空里","2、天空里","3、水里","4、阴暗潮湿"]}
2026-10-02 11:35:27.862 [UI] auto dump on question qno=10
2026-10-02 11:35:27.862 [UI] ---- window dump begin (pid 13044) ----
2026-10-02 11:35:27.914 [UI] TOP=0004061E vis=1 cls=QBOvCls rc=(363,384,723,480) title=
2026-10-02 11:35:27.924 [UI] TOP=005F0A8E vis=1 cls=ATL:012FF210 rc=(23,17,1063,824) title=什么什么大冒险2(①逍遥村敬老院)-伏地魔1_Sep 24 2026《什么什么大冒险》制作委员会QQ群:515616289
2026-10-02 11:35:27.924 [UI] TOP=0005062A vis=0 cls=DIEmWin rc=(-1,-1,135,38) title=DIEmWin
2026-10-02 11:35:28.326 [UI] TOP=00110106 vis=0 cls=IME rc=(0,0,0,0) title=Default IME
2026-10-02 11:35:28.339 [UI] TOP=001307FA vis=0 cls=MSCTFIME UI rc=(0,0,0,0) title=MSCTFIME UI
2026-10-02 11:35:28.348 [UI] TOP=00120738 vis=0 cls=IME rc=(0,0,0,0) title=Default IME
2026-10-02 11:35:28.348 [UI] TOP=00080636 vis=0 cls=IME rc=(0,0,0,0) title=Default IME
2026-10-02 11:35:28.348 [UI] ---- window dump end ----
2026-10-02 11:35:29.744 [SEND-ANSWER] qno=10 opt=3 ret=13 sock=2444
2026-10-02 11:35:29.791 [SYS] 测试通过！
2026-10-02 11:35:29.876 [SYS] 获得了#00FF00#100#FFF692#金币
2026-10-02 11:35:29.876 [CURRENCY] a=199366 b=1074042
2026-10-02 11:35:31.553 [UI] auto-closing quiz frame: qno=10 opt=3
2026-10-02 11:35:31.594 [UI] option 3 control NOT found — falling back to digit key
2026-10-02 11:36:00.688 [SETTLE] exp=1 gold=199366 len=403
2026-10-02 11:36:32.746 [SETTLE] exp=2 gold=199366 len=403
2026-10-02 11:37:16.118 [SETTLE] exp=2 gold=199366 len=403
2026-10-02 11:37:45.414 [SETTLE] exp=2 gold=199366 len=393
2026-10-02 11:38:07.330 [SETTLE] exp=2 gold=199366 len=403
2026-10-02 11:38:44.736 [SETTLE] exp=1 gold=199366 len=393
2026-10-02 11:39:18.629 [SETTLE] exp=2 gold=199366 len=393
2026-10-02 11:39:56.340 [SETTLE] exp=2 gold=199366 len=393
2026-10-02 11:40:34.079 [SETTLE] exp=1 gold=199366 len=403
2026-10-02 11:40:57.892 [OUT] 1F04 inv=FFF6 len=13 #3 f6ff041fce1f805bcd510bdcc4
2026-10-02 11:41:11.000 [SETTLE] exp=2 gold=199366 len=403
2026-10-02 11:41:21.122 [OUT] 0049 inv=FFEC len=23 #1 ecff49002b1f805b64510bdc5a4e78c8805b64510b55c4
2026-10-02 11:41:21.180 [OP] 4707 inv=FFF3 len=12 #4 8b3bad8063cdfc0b17faa32b
2026-10-02 11:41:21.240 [OP] 4020 inv=FFE7 len=24 #2 b4b252facd2bca809464510bc740a32bca809564270bc6fa
2026-10-02 11:41:21.757 [OUT] 0135 inv=FFF7 len=12 #3 f7ff3501dcfaa32b82805b64
2026-10-02 11:41:21.762 [OUT] 0135 inv=FFF7 len=12 #4 f7ff3501dcfaa32b08805b64
2026-10-02 11:41:21.766 [OUT] 0135 inv=FFF7 len=12 #5 f7ff3501dcfaa32ba0805b64
2026-10-02 11:41:21.845 [OP] 42A7 inv=FEE6 len=281 #3 d36b7f5183dcfaa31831d3c20133340c33509e31d3c2019ff0dcfaa32b1f805b64510bdcfaa32b31d35bfc510bdcfaa32b1f805b649f0befa9a31827805bfc510b39faa3182780c2015119398aa3e9887e3e649f1939fa8b311f2b3efb5164cd641012272b3e643334dcfc1018887eacfb9f19b6fc102b72c15bfc9f85cd8a0461272bacfb9f0b0c33a3e9272bacfb9f1939fc0418278063ca516439fa046127
2026-10-02 11:41:21.937 [OP] 42A7 inv=FEE6 len=281 #4 d36b7f5118dcfaa31831d3c20133340c33509e31d3c2019ff0dcfaa32b1f805b64510bdcfaa32b31d35b64510bdcfaa32b1f805b64510befa9102b1f803efc510bcd8aa32b1f2bc2015119dcfa10e91f80acfb510b39fa8b311f80ac642564398a04181f7e5b643334dcfaa3e9882bacfc9f1939faa32b72c15bfb9f0bcd8a0418272b5bfb9f0b0c33a318272b5b649f19dcfa0418278063ca5164cd8a041827
2026-10-02 11:41:21.937 [OP] 42A7 inv=FEE6 len=281 #5 d36b7f518adcfaa31831d3c20133340c33509e31d3c2019ff0dcfaa32b1f805b64510bdcfaa32b31d35b64510bcd8a0418272b5b64510befa9a32b1f7eacfb9f64cd8a042b1f80c201510b398a0418407eacfb9f64dcfa8b311f7e3e645164398aa32b272b3e643334dc8aa32b1f803e64510bdcfc102b72c15bfb510bdcfa102b1f805bfc9f0b0c33a3181f805bfc2564dcfaa3e9278063ca5119dcfa041827
2026-10-02 11:41:42.902 [OP] 401E inv=FFAD len=82 #1 8b3bad806c160e0b52faa32b1f805b64a552155a4e78c8d97b81a5526908a32bc8d97b81a552155a66c71f805f82510b810fa32bc8d97b81a552155a4e78c8d97b81a552dcfaa32b1f805b64510bdcfaa32b
2026-10-02 11:43:11.366 [OP] 401E inv=FFAD len=82 #2 8b3bad80e2160e0b52faa32ba5805b64a552155a4e78c8d98955510b0f08a32bc8d97b81a552155a39c71f804d82510be702a32bc8d97b81a552155a4e78c8d97b81a552dcfab7d91f8040080b0bdcfaa32b
2026-10-02 11:43:55.381 [OP] 401E inv=FFAD len=82 #3 8b3bad80984c0e0b52faa32b1f805b64b80cdcfa4e78c8d97b81a5524392a32bc8d97b81a552155ab1c71f800882510bed02a32bc8d97b81a552155a4e78c8d97b81a552dcfaa32b1f805b64510bdcfaa32b
2026-10-02 11:44:06.834 [OP] 401E inv=FFAD len=82 #4 8b3bad80984c0e0b52faa32b1f805b64b80cdcfa1f601f807b81a5524392a32bc8d97b81a552155ab1c71f800882510bed02a32bc8d97b81a552155a4e78c8d97b81a552dcfaa32b1f805b64510bdcfaa32b
2026-10-02 11:44:33.593 [OV] overlay OFF
2026-10-02 11:44:58.395 [OP] 401E inv=FFAD len=82 #5 8b3bad80984c0e0b52faa32b1f805b64b80cdcfa4e78c8d97b81a5524392a32bc8d97b81a552155ab1c71f800882510bed02a32bc8d97b81a552155a4e78c8d97b81a552dcfaa32b1f805b64510bdcfaa32b
2026-10-02 11:45:50.408 [OP] 43F1 inv=FFFA len=5 #2 00bb531faa
2026-10-02 11:46:02.895 [OP] 43F1 inv=FFFA len=5 #3 00bb531fc7
2026-10-02 11:52:35.484 [OP] 43F1 inv=FFFA len=5 #4 003d931faa
2026-10-02 11:53:35.807 [OP] 4031 inv=FF64 len=155 #5 935b6151d0dcfaa3531fa4db8c740acb57e554e2a4021f2ef368a2346786b098f990b978b8349a6671ffd856b3d3a234670b1cedde6c3876a2348282d36de074a4b1ef1075e8f26f270094b8b8128eac5daf0572a3965034679694f3b3e1a6b6ccc29b40f32cce4d87f0775131a2b1f389f9140fb35120bb4c848980ef6e165119aeeb837bc06919740e23d0e4346451e49cfc58f33ee554cab00b
2026-10-02 12:00:00.517 [SYS] 许愿池里多了一批新礼物，赶紧来许愿吧~
2026-10-02 12:06:42.671 [OP] 43F1 inv=FFFA len=5 #5 003d931faa
2026-10-02 12:08:05.167 [OP] 4018 inv=FFF0 len=15 #2 d36b7f51bd3e22a36b2d17c364510b
2026-10-02 12:08:05.169 [OP] 4018 inv=FFF0 len=15 #3 d36b7f51393e22a36b2d17c364510b
2026-10-02 12:16:07.412 [OUT] 0046 inv=FFF7 len=12 #1 f7ff4600a32b1f80c364510b
2026-10-02 12:16:07.492 [OP] 4026 inv=FFAF len=80 #1 c3612edf6afaf82c1fe516ec51ece2fa3b082d8095a25150cfc4a353d6808682cad0dcc45b2bf6d110645861dc105f851faaec6462273bfaf82c1fae0d1751ece2fae8de3d8095a251506f6ba353d680
2026-10-02 12:16:12.743 [QUESTION] {"type":"question","sock":2444,"qno":16,"field_a":88,"stem":"人们在动物园里看到的俗称\"四不象\"的动物是?","options":["1、驯兽师","2、猩猩队长","3、麋鹿","4、霸天虎"]}
2026-10-02 12:16:13.757 [UI] auto dump on question qno=16
2026-10-02 12:16:13.757 [UI] ---- window dump begin (pid 13044) ----
2026-10-02 12:16:13.961 [SEND-ANSWER] qno=16 opt=2 ret=13 sock=2444
2026-10-02 12:16:14.011 [SYS] 测试通过！
2026-10-02 12:16:14.116 [SYS] 获得了#00FF00#100#FFF692#金币
2026-10-02 12:16:14.118 [CURRENCY] a=199366 b=1074142
2026-10-02 12:16:14.164 [UI] TOP=0004061E vis=0 cls=QBOvCls rc=(363,384,723,480) title=
2026-10-02 12:16:14.172 [UI] TOP=005F0A8E vis=1 cls=ATL:012FF210 rc=(23,17,1063,824) title=什么什么大冒险2(①逍遥村敬老院)-伏地魔1_Sep 24 2026《什么什么大冒险》制作委员会QQ群:515616289
2026-10-02 12:16:14.173 [UI] TOP=0005062A vis=0 cls=DIEmWin rc=(-1,-1,135,38) title=DIEmWin
2026-10-02 12:16:14.574 [UI] TOP=00110106 vis=0 cls=IME rc=(0,0,0,0) title=Default IME
2026-10-02 12:16:14.592 [UI] TOP=001307FA vis=0 cls=MSCTFIME UI rc=(0,0,0,0) title=MSCTFIME UI
2026-10-02 12:16:14.605 [UI] TOP=00120738 vis=0 cls=IME rc=(0,0,0,0) title=Default IME
2026-10-02 12:16:14.605 [UI] TOP=00080636 vis=0 cls=IME rc=(0,0,0,0) title=Default IME
2026-10-02 12:16:14.605 [UI] ---- window dump end ----
2026-10-02 12:16:15.763 [UI] auto-closing quiz frame: qno=16 opt=2
2026-10-02 12:16:15.779 [UI] option 2 control NOT found — falling back to digit key
2026-10-02 12:16:18.206 [OUT] 1F04 inv=FFF6 len=13 #4 f6ff041fce1f805bb0510bdce8
2026-10-02 12:25:20.339 [OP] 40EB inv=FFE7 len=24 #1 efc2392b526f9464090bdcc6a32b1f809564510b0dc0a32b
2026-10-02 12:47:14.107 [OUT] 0046 inv=FFF7 len=12 #2 f7ff4600a32b1f805c64510b
2026-10-02 12:47:14.194 [OP] 4026 inv=FFCB len=52 #2 ec7986826c7fdcc45b2bf6d1c6645861dc105fbe1faaec6462752dfaf82c1fae0dd251ece2fae8de678095a251506feca353d680
2026-10-02 12:47:52.424 [OP] 4708 inv=FFF3 len=12 #1 6a1f0e0b6369db2b0f805b64
2026-10-02 12:48:24.133 [OP] 4708 inv=FFF3 len=12 #2 151f0e0bd569db2b0f805b64
2026-10-02 12:48:30.963 [OP] 4708 inv=FFF3 len=12 #3 561f0e0b0669db2b0f805b64
2026-10-02 12:48:56.457 [OP] 4708 inv=FFF3 len=12 #4 991f0e0b5669db2b0f805b64
2026-10-02 12:54:09.579 [OP] 4708 inv=FFF3 len=12 #5 561f0e0b0669db2b0f805b64
2026-10-02 13:12:40.295 [OUT] 0036 inv=FFF7 len=12 #1 f7ff3600b7cddcfa215dad80
2026-10-02 13:12:55.583 [OP] 4705 inv=FFB8 len=71 #5 d36b7f51c03e22a319f3ce5b4d310bdcfaa32b1f532764510bdcfaa33c1f805b64510bdc45db2b1f805b645131dcfaa33a1f805b6651d286033d6643505b64510bdcfaa32b1f80
2026-10-02 13:13:35.684 [SYS] #ff0000#您已进入野外区域，可能遭遇玩家间的自由对战，请注意安全！#ffffff#
2026-10-02 13:14:01.536 [SETTLE] exp=2 gold=199366 len=393
2026-10-02 13:14:13.128 [SETTLE] exp=1 gold=199366 len=413
2026-10-02 13:14:25.765 [SETTLE] exp=1 gold=199366 len=403
2026-10-02 13:14:39.590 [SETTLE] exp=2 gold=199366 len=393
2026-10-02 13:14:51.240 [SETTLE] exp=2 gold=199366 len=393
2026-10-02 13:15:03.005 [SETTLE] exp=1 gold=199366 len=403
2026-10-02 13:15:14.568 [SETTLE] exp=1 gold=199366 len=393
2026-10-02 13:15:18.765 [SYS] #ff0000#您已进入野外区域，可能遭遇玩家间的自由对战，请注意安全！#ffffff#
2026-10-02 13:15:26.635 [SYS] #FFF692#交纳传送费用#00CCFF#690#FFF692#金币！
2026-10-02 13:15:26.726 [CURRENCY] a=199366 b=1073452
2026-10-02 13:15:32.794 [SYS] #FFF692#交纳传送费用#00CCFF#1370#FFF692#金币！
2026-10-02 13:15:32.890 [CURRENCY] a=199366 b=1072772
2026-10-02 13:15:37.060 [SYS] #FFF692#交纳传送费用#00CCFF#1810#FFF692#金币！
2026-10-02 13:15:37.159 [SYS] #ff0000#您已进入野外区域，可能遭遇玩家间的自由对战，请注意安全！#ffffff#
2026-10-02 13:15:37.159 [CURRENCY] a=199366 b=1072332
2026-10-02 13:15:41.591 [OP] 40A2 inv=FFF3 len=12 #1 dcfaa32bca805b64d4bfdcfa
2026-10-02 13:15:55.073 [SETTLE] exp=2 gold=199366 len=403
2026-10-02 13:16:03.317 [OP] 40A2 inv=FFF3 len=12 #2 dcfaa32bca805b64fdf8dcfa
2026-10-02 13:16:14.455 [SETTLE] exp=1 gold=199366 len=403
2026-10-02 13:16:16.626 [SYS] #ff0000#您已进入野外区域，可能遭遇玩家间的自由对战，请注意安全！#ffffff#
2026-10-02 13:16:49.273 [SETTLE] exp=2 gold=199366 len=393
2026-10-02 13:17:36.179 [SETTLE] exp=2 gold=199366 len=393
2026-10-02 13:18:10.136 [SETTLE] exp=1 gold=199366 len=393
2026-10-02 13:18:21.958 [QUESTION] {"type":"question","sock":2444,"qno":20,"field_a":105,"stem":"人们平时所说的“煤气中毒”是因为哪种有害气体吸入过多而引起的？","options":["1、二手烟","2、一氧化碳","3、生气","4、屁"]}
2026-10-02 13:18:22.959 [UI] auto dump on question qno=20
2026-10-02 13:18:22.959 [UI] ---- window dump begin (pid 13044) ----
2026-10-02 13:18:23.071 [UI] TOP=0004061E vis=0 cls=QBOvCls rc=(363,384,723,480) title=
2026-10-02 13:18:23.081 [UI] TOP=005F0A8E vis=1 cls=ATL:012FF210 rc=(23,17,1063,824) title=什么什么大冒险2(①逍遥村敬老院)-伏地魔1_Sep 24 2026《什么什么大冒险》制作委员会QQ群:515616289
2026-10-02 13:18:23.082 [UI] TOP=0005062A vis=0 cls=DIEmWin rc=(-1,-1,135,38) title=DIEmWin
2026-10-02 13:18:23.472 [UI] TOP=00110106 vis=0 cls=IME rc=(0,0,0,0) title=Default IME
2026-10-02 13:18:23.484 [UI] TOP=001307FA vis=0 cls=MSCTFIME UI rc=(0,0,0,0) title=MSCTFIME UI
2026-10-02 13:18:23.491 [UI] TOP=00120738 vis=0 cls=IME rc=(0,0,0,0) title=Default IME
2026-10-02 13:18:23.491 [UI] TOP=00080636 vis=0 cls=IME rc=(0,0,0,0) title=Default IME
2026-10-02 13:18:23.491 [UI] ---- window dump end ----
2026-10-02 13:18:23.995 [SEND-ANSWER] qno=20 opt=1 ret=13 sock=2444
2026-10-02 13:18:24.047 [SYS] 测试通过！
2026-10-02 13:18:24.147 [SYS] 获得了#00FF00#100#FFF692#金币
2026-10-02 13:18:24.147 [CURRENCY] a=199366 b=1074242
2026-10-02 13:18:25.798 [UI] auto-closing quiz frame: qno=20 opt=1
2026-10-02 13:18:25.801 [UI] option 1 control NOT found — falling back to digit key
2026-10-02 13:18:27.028 [OUT] 1F04 inv=FFF6 len=13 #5 f6ff041fce1f805bec510bdcc4
2026-10-02 13:18:45.846 [SETTLE] exp=2 gold=199366 len=393
2026-10-02 13:19:11.125 [SETTLE] exp=2 gold=199366 len=403
2026-10-02 13:19:46.279 [SETTLE] exp=2 gold=199366 len=393
2026-10-02 13:20:22.103 [SETTLE] exp=2 gold=199366 len=393
2026-10-02 13:21:04.445 [SETTLE] exp=1 gold=199366 len=393
2026-10-02 13:24:17.970 [OUT] 0035 inv=FFF7 len=12 #1 f7ff35001f805b64fb8052fa
2026-10-02 13:24:42.034 [SETTLE] exp=1 gold=199366 len=393
2026-10-02 13:25:05.245 [SETTLE] exp=2 gold=199366 len=393
2026-10-02 13:25:07.338 [SYS] #ff0000#您已进入野外区域，可能遭遇玩家间的自由对战，请注意安全！#ffffff#
2026-10-02 13:25:28.480 [SETTLE] exp=2 gold=199366 len=393
2026-10-02 13:25:35.897 [OP] 40A2 inv=FFF3 len=12 #3 dcfaa32bca805b64d4bfdcfa
2026-10-02 13:26:25.672 [OP] 40A2 inv=FFF3 len=12 #4 dcfaa32bca805b64fdf8dcfa
2026-10-02 13:26:58.033 [OP] 40A2 inv=FFF3 len=12 #5 dcfaa32bca805b64e6f8dcfa
2026-10-02 13:32:10.647 [SETTLE] exp=2 gold=199366 len=413
2026-10-02 13:32:12.442 [SYS] #ff0000#您已进入野外区域，可能遭遇玩家间的自由对战，请注意安全！#ffffff#
2026-10-02 13:32:25.470 [OUT] 0035 inv=FFF7 len=12 #2 f7ff35001f805b64fb8052fa
2026-10-02 13:33:19.905 [SETTLE] exp=2 gold=199366 len=413
2026-10-02 13:33:47.729 [SETTLE] exp=2 gold=199366 len=393
2026-10-02 13:34:19.455 [SETTLE] exp=2 gold=199366 len=393
2026-10-02 13:35:00.945 [SETTLE] exp=2 gold=199366 len=393
2026-10-02 13:35:37.458 [SETTLE] exp=1 gold=199366 len=393
2026-10-02 13:36:10.171 [SETTLE] exp=2 gold=199366 len=393
2026-10-02 13:36:42.271 [SETTLE] exp=2 gold=199366 len=403
2026-10-02 13:37:26.699 [SETTLE] exp=1 gold=199366 len=393
2026-10-02 13:37:58.224 [SETTLE] exp=2 gold=199366 len=393
2026-10-02 13:38:38.283 [SETTLE] exp=2 gold=199366 len=393
2026-10-02 13:39:10.234 [SETTLE] exp=2 gold=199366 len=393
2026-10-02 13:39:37.681 [SETTLE] exp=2 gold=199366 len=393
2026-10-02 13:40:07.461 [SETTLE] exp=1 gold=199366 len=393
2026-10-02 13:40:35.882 [SETTLE] exp=2 gold=199366 len=393
2026-10-02 13:41:08.594 [SETTLE] exp=1 gold=199366 len=393
2026-10-02 13:41:36.591 [SETTLE] exp=2 gold=199366 len=393
2026-10-02 13:42:23.760 [SETTLE] exp=1 gold=199366 len=393
2026-10-02 13:42:51.733 [SETTLE] exp=2 gold=199366 len=393
2026-10-02 13:43:18.157 [SETTLE] exp=1 gold=199366 len=393
2026-10-02 13:44:00.971 [SETTLE] exp=1 gold=199366 len=393
2026-10-02 13:44:39.885 [SETTLE] exp=2 gold=199366 len=393
2026-10-02 13:45:09.719 [SETTLE] exp=1 gold=199366 len=393
2026-10-02 13:45:40.663 [SETTLE] exp=1 gold=199366 len=393
2026-10-02 13:46:04.783 [SETTLE] exp=2 gold=199366 len=393
2026-10-02 13:46:29.811 [SETTLE] exp=1 gold=199366 len=393
2026-10-02 13:46:57.075 [SETTLE] exp=2 gold=199366 len=393
2026-10-02 13:47:26.782 [SETTLE] exp=2 gold=199366 len=393
2026-10-02 13:48:06.655 [SETTLE] exp=2 gold=199366 len=403
2026-10-02 13:48:39.648 [SETTLE] exp=2 gold=199366 len=393
2026-10-02 13:48:58.997 [SETTLE] exp=2 gold=199366 len=393
2026-10-02 13:49:43.669 [SETTLE] exp=2 gold=199366 len=393
2026-10-02 13:50:16.779 [SETTLE] exp=2 gold=199366 len=403
2026-10-02 13:50:43.504 [SETTLE] exp=1 gold=199366 len=393
2026-10-02 13:51:11.188 [SETTLE] exp=1 gold=199366 len=393
2026-10-02 13:51:43.527 [SETTLE] exp=2 gold=199366 len=393
2026-10-02 13:52:23.968 [SETTLE] exp=1 gold=199366 len=393
2026-10-02 13:52:55.944 [SETTLE] exp=1 gold=199366 len=393
2026-10-02 13:53:22.649 [SETTLE] exp=2 gold=199366 len=393
2026-10-02 13:53:45.086 [SETTLE] exp=2 gold=199366 len=393
2026-10-02 13:54:22.788 [SETTLE] exp=2 gold=199366 len=393
2026-10-02 13:54:43.045 [SETTLE] exp=2 gold=199366 len=393
2026-10-02 13:55:23.540 [SETTLE] exp=2 gold=199366 len=393
2026-10-02 13:55:23.643 [OP] 4210 inv=FFF3 len=12 #4 570bdcfa9f2b1f80a1ecfc0b
2026-10-02 13:55:50.589 [SETTLE] exp=1 gold=199366 len=393
2026-10-02 13:56:27.918 [SETTLE] exp=1 gold=199366 len=393
2026-10-02 13:57:07.579 [SETTLE] exp=2 gold=199366 len=393
2026-10-02 13:57:40.315 [SETTLE] exp=1 gold=199366 len=393
2026-10-02 13:58:07.482 [SETTLE] exp=1 gold=199366 len=393
2026-10-02 13:58:34.396 [SETTLE] exp=2 gold=199366 len=393
2026-10-02 13:58:59.671 [SETTLE] exp=1 gold=199366 len=393
2026-10-02 13:59:39.898 [SETTLE] exp=1 gold=199366 len=393
2026-10-02 14:00:04.340 [SETTLE] exp=2 gold=199366 len=393
2026-10-02 14:00:28.353 [SETTLE] exp=2 gold=199366 len=393
2026-10-02 14:00:54.865 [SETTLE] exp=2 gold=199366 len=393
2026-10-02 14:01:17.838 [SETTLE] exp=1 gold=199366 len=393
2026-10-02 14:01:46.034 [OP] 4210 inv=FFF3 len=12 #5 520bdcfaef2b1f80a0ecfc0b
2026-10-02 14:02:01.436 [SETTLE] exp=1 gold=199366 len=393
2026-10-02 14:02:29.747 [SETTLE] exp=1 gold=199366 len=403
2026-10-02 14:02:59.206 [SETTLE] exp=2 gold=199366 len=393
2026-10-02 14:03:28.366 [SETTLE] exp=2 gold=199366 len=393
2026-10-02 14:03:56.321 [SETTLE] exp=2 gold=199366 len=393
2026-10-02 14:04:27.584 [SETTLE] exp=2 gold=199366 len=393
2026-10-02 14:05:06.712 [SETTLE] exp=1 gold=199366 len=393
2026-10-02 14:05:34.352 [SETTLE] exp=2 gold=199366 len=393
2026-10-02 14:06:12.834 [SETTLE] exp=1 gold=199366 len=393
2026-10-02 14:06:37.205 [SETTLE] exp=1 gold=199366 len=393
2026-10-02 14:07:03.390 [SETTLE] exp=1 gold=199366 len=393
2026-10-02 14:07:28.408 [SETTLE] exp=1 gold=199366 len=393
2026-10-02 14:08:02.491 [SETTLE] exp=2 gold=199366 len=393
2026-10-02 14:08:35.790 [SETTLE] exp=1 gold=199366 len=393
2026-10-02 14:09:15.531 [SETTLE] exp=2 gold=199366 len=393
2026-10-02 14:09:46.487 [SETTLE] exp=1 gold=199366 len=393
2026-10-02 14:10:14.143 [SETTLE] exp=2 gold=199366 len=393
2026-10-02 14:10:48.170 [SETTLE] exp=1 gold=199366 len=393
2026-10-02 14:11:35.036 [SETTLE] exp=2 gold=199366 len=393
2026-10-02 14:11:55.820 [SETTLE] exp=1 gold=199366 len=393
2026-10-02 14:12:22.858 [SETTLE] exp=2 gold=199366 len=393
2026-10-02 14:12:58.542 [SETTLE] exp=1 gold=199366 len=393
2026-10-02 14:13:39.739 [SETTLE] exp=1 gold=199366 len=403
2026-10-02 14:14:06.699 [SETTLE] exp=2 gold=199366 len=393
2026-10-02 14:14:34.504 [SETTLE] exp=1 gold=199366 len=393
2026-10-02 14:15:03.356 [SETTLE] exp=2 gold=199366 len=403
2026-10-02 14:15:41.020 [SETTLE] exp=1 gold=199366 len=393
2026-10-02 14:16:05.005 [SETTLE] exp=1 gold=199366 len=393
2026-10-02 14:16:35.601 [SETTLE] exp=1 gold=199366 len=393
2026-10-02 14:17:10.326 [SETTLE] exp=1 gold=199366 len=393
2026-10-02 14:17:49.897 [SETTLE] exp=2 gold=199366 len=393
2026-10-02 14:18:34.230 [SETTLE] exp=2 gold=199366 len=393
2026-10-02 14:18:58.512 [SETTLE] exp=1 gold=199366 len=393
2026-10-02 14:19:48.708 [SETTLE] exp=1 gold=199366 len=393
2026-10-02 14:20:24.051 [SETTLE] exp=1 gold=199366 len=393
2026-10-02 14:20:52.700 [SETTLE] exp=2 gold=199366 len=403
2026-10-02 14:21:27.820 [SETTLE] exp=1 gold=199366 len=393
2026-10-02 14:21:47.692 [SETTLE] exp=1 gold=199366 len=393
2026-10-02 14:22:14.594 [SETTLE] exp=1 gold=199366 len=393
2026-10-02 14:22:35.923 [SETTLE] exp=1 gold=199366 len=393
2026-10-02 14:23:15.739 [SETTLE] exp=2 gold=199366 len=393
2026-10-02 14:23:39.072 [SETTLE] exp=2 gold=199366 len=393
2026-10-02 14:23:57.355 [SETTLE] exp=2 gold=199366 len=393
2026-10-02 14:24:23.298 [SETTLE] exp=2 gold=199366 len=393
2026-10-02 14:25:06.465 [SETTLE] exp=1 gold=199366 len=393
2026-10-02 14:25:39.075 [SETTLE] exp=1 gold=199366 len=393
2026-10-02 14:26:09.825 [SETTLE] exp=2 gold=199366 len=393
2026-10-02 14:26:36.188 [SETTLE] exp=2 gold=199366 len=403
2026-10-02 14:27:09.865 [SETTLE] exp=2 gold=199366 len=393
2026-10-02 14:27:32.526 [SETTLE] exp=1 gold=199366 len=393
2026-10-02 14:27:58.558 [SETTLE] exp=2 gold=199366 len=393
2026-10-02 14:28:26.040 [SETTLE] exp=1 gold=199366 len=393
2026-10-02 14:28:45.525 [SETTLE] exp=2 gold=199366 len=393
2026-10-02 14:29:07.291 [SETTLE] exp=1 gold=199366 len=393
2026-10-02 14:29:33.776 [SETTLE] exp=1 gold=199366 len=393
2026-10-02 14:30:09.676 [SETTLE] exp=2 gold=199366 len=393
2026-10-02 14:30:38.107 [SETTLE] exp=1 gold=199366 len=403
2026-10-02 14:31:04.708 [SETTLE] exp=2 gold=199366 len=393
2026-10-02 14:31:27.300 [SETTLE] exp=1 gold=199366 len=393
2026-10-02 14:31:59.623 [SETTLE] exp=2 gold=199366 len=403
2026-10-02 14:32:25.701 [SETTLE] exp=1 gold=199366 len=393
2026-10-02 14:32:53.896 [SETTLE] exp=2 gold=199366 len=393
2026-10-02 14:33:35.535 [SETTLE] exp=2 gold=199366 len=393
2026-10-02 14:34:19.090 [SETTLE] exp=1 gold=199366 len=403
2026-10-02 14:34:48.950 [SETTLE] exp=1 gold=199366 len=403
2026-10-02 14:35:16.085 [SETTLE] exp=1 gold=199366 len=403
2026-10-02 14:35:49.520 [SETTLE] exp=2 gold=199366 len=403
2026-10-02 14:36:15.096 [SETTLE] exp=2 gold=199366 len=393
2026-10-02 14:36:46.145 [SETTLE] exp=1 gold=199366 len=403
2026-10-02 14:37:16.761 [SETTLE] exp=1 gold=199366 len=393
2026-10-02 14:37:49.802 [SETTLE] exp=2 gold=199366 len=393
2026-10-02 14:38:11.851 [SETTLE] exp=2 gold=199366 len=403
2026-10-02 14:38:34.724 [SETTLE] exp=2 gold=199366 len=393
2026-10-02 14:39:03.063 [SETTLE] exp=2 gold=199366 len=393
2026-10-02 14:39:33.578 [SETTLE] exp=1 gold=199366 len=393
2026-10-02 14:40:19.922 [SETTLE] exp=2 gold=199366 len=393
2026-10-02 14:40:47.432 [SETTLE] exp=2 gold=199366 len=393
2026-10-02 14:41:17.022 [SETTLE] exp=1 gold=199366 len=403
2026-10-02 14:41:54.424 [SETTLE] exp=1 gold=199366 len=393
2026-10-02 14:42:25.897 [SETTLE] exp=2 gold=199366 len=393
2026-10-02 14:43:01.310 [SETTLE] exp=2 gold=199366 len=393
2026-10-02 14:43:36.343 [SETTLE] exp=2 gold=199366 len=393
2026-10-02 14:44:05.822 [SETTLE] exp=2 gold=199366 len=403
2026-10-02 14:44:32.918 [SETTLE] exp=2 gold=199366 len=393
2026-10-02 14:45:03.419 [SETTLE] exp=1 gold=199366 len=393
2026-10-02 14:45:36.466 [SETTLE] exp=1 gold=199366 len=393
2026-10-02 14:46:05.701 [SETTLE] exp=1 gold=199366 len=393
2026-10-02 14:46:33.700 [SETTLE] exp=1 gold=199366 len=393
2026-10-02 14:47:15.998 [SETTLE] exp=2 gold=199366 len=393
2026-10-02 14:47:53.704 [SETTLE] exp=2 gold=199366 len=393
2026-10-02 14:48:33.149 [SETTLE] exp=1 gold=199366 len=393
2026-10-02 14:49:12.576 [SETTLE] exp=2 gold=199366 len=393
2026-10-02 14:49:42.643 [SETTLE] exp=2 gold=199366 len=403
2026-10-02 14:50:07.932 [SETTLE] exp=1 gold=199366 len=393
2026-10-02 14:50:35.267 [SETTLE] exp=2 gold=199366 len=393
2026-10-02 14:51:03.723 [SETTLE] exp=1 gold=199366 len=393
2026-10-02 14:51:31.686 [SETTLE] exp=2 gold=199366 len=393
2026-10-02 14:52:06.019 [SETTLE] exp=1 gold=199366 len=393
2026-10-02 14:52:32.770 [SETTLE] exp=2 gold=199366 len=393
2026-10-02 14:53:12.824 [SETTLE] exp=2 gold=199366 len=393
2026-10-02 14:53:35.660 [SETTLE] exp=1 gold=199366 len=393
2026-10-02 14:53:54.592 [SETTLE] exp=1 gold=199366 len=393
2026-10-02 14:54:21.677 [SETTLE] exp=2 gold=199366 len=393
2026-10-02 14:55:04.695 [SETTLE] exp=1 gold=199366 len=403
2026-10-02 14:55:36.402 [SETTLE] exp=2 gold=199366 len=393
2026-10-02 14:56:04.797 [SETTLE] exp=1 gold=199366 len=393
2026-10-02 14:56:45.767 [SETTLE] exp=2 gold=199366 len=393
2026-10-02 14:57:23.769 [SETTLE] exp=1 gold=199366 len=393
2026-10-02 14:57:52.591 [SETTLE] exp=2 gold=199366 len=393
2026-10-02 14:58:28.803 [SETTLE] exp=1 gold=199366 len=393
2026-10-02 14:59:03.669 [SETTLE] exp=2 gold=199366 len=393
2026-10-02 14:59:37.012 [SETTLE] exp=2 gold=199366 len=403
2026-10-02 14:59:55.151 [SETTLE] exp=2 gold=199366 len=393
2026-10-02 15:00:19.775 [SETTLE] exp=2 gold=199366 len=393
2026-10-02 15:00:45.315 [SETTLE] exp=1 gold=199366 len=393
2026-10-02 15:01:07.069 [SETTLE] exp=2 gold=199366 len=403
2026-10-02 15:01:31.664 [SETTLE] exp=1 gold=199366 len=393
2026-10-02 15:01:31.972 [QUESTION] {"type":"question","sock":2444,"qno":10,"field_a":77,"stem":"蚯蚓适合生活在什么样的环境里？","options":["1、太空里","2、天空里","3、水里","4、阴暗潮湿"]}
2026-10-02 15:01:32.979 [UI] auto dump on question qno=10
2026-10-02 15:01:32.980 [UI] ---- window dump begin (pid 13044) ----
2026-10-02 15:01:33.328 [UI] TOP=0004061E vis=0 cls=QBOvCls rc=(363,384,723,480) title=
2026-10-02 15:01:33.336 [UI] TOP=005F0A8E vis=1 cls=ATL:012FF210 rc=(23,17,1063,824) title=什么什么大冒险2(①逍遥村敬老院)-伏地魔1_Sep 24 2026《什么什么大冒险》制作委员会QQ群:515616289
2026-10-02 15:01:33.336 [UI] TOP=0005062A vis=0 cls=DIEmWin rc=(-1,-1,135,38) title=DIEmWin
2026-10-02 15:01:33.741 [UI] TOP=00110106 vis=0 cls=IME rc=(0,0,0,0) title=Default IME
2026-10-02 15:01:33.743 [UI] TOP=001307FA vis=0 cls=MSCTFIME UI rc=(0,0,0,0) title=MSCTFIME UI
2026-10-02 15:01:33.767 [UI] TOP=00120738 vis=0 cls=IME rc=(0,0,0,0) title=Default IME
2026-10-02 15:01:33.768 [UI] TOP=00080636 vis=0 cls=IME rc=(0,0,0,0) title=Default IME
2026-10-02 15:01:33.768 [UI] ---- window dump end ----
2026-10-02 15:01:34.688 [SEND-ANSWER] qno=10 opt=3 ret=13 sock=2444
2026-10-02 15:01:34.739 [SYS] 测试通过！
2026-10-02 15:01:34.833 [SYS] 获得了#00FF00#100#FFF692#金币
2026-10-02 15:01:34.834 [CURRENCY] a=199366 b=1074342
2026-10-02 15:01:36.492 [UI] auto-closing quiz frame: qno=10 opt=3
2026-10-02 15:01:36.516 [UI] option 3 control NOT found — falling back to digit key
2026-10-02 15:02:07.385 [SETTLE] exp=2 gold=199366 len=393
2026-10-02 15:02:32.991 [SETTLE] exp=1 gold=199366 len=393
2026-10-02 15:02:58.076 [SETTLE] exp=1 gold=199366 len=393
2026-10-02 15:03:42.315 [SETTLE] exp=1 gold=199366 len=393
2026-10-02 15:04:16.978 [SETTLE] exp=2 gold=199366 len=393
2026-10-02 15:04:39.333 [SETTLE] exp=1 gold=199366 len=393
2026-10-02 15:05:08.096 [SETTLE] exp=1 gold=199366 len=393
2026-10-02 15:05:48.873 [SETTLE] exp=1 gold=199366 len=393
2026-10-02 15:06:18.731 [SETTLE] exp=1 gold=199366 len=393
2026-10-02 15:06:41.757 [SETTLE] exp=1 gold=199366 len=393
2026-10-02 15:07:03.492 [SETTLE] exp=1 gold=199366 len=403
2026-10-02 15:07:32.250 [SETTLE] exp=1 gold=199366 len=393
2026-10-02 15:07:59.336 [SETTLE] exp=1 gold=199366 len=393
2026-10-02 15:08:27.621 [SETTLE] exp=2 gold=199366 len=393
2026-10-02 15:09:05.841 [SETTLE] exp=2 gold=199366 len=403
2026-10-02 15:09:26.388 [SETTLE] exp=2 gold=199366 len=393
2026-10-02 15:09:57.619 [SETTLE] exp=2 gold=199366 len=393
2026-10-02 15:10:22.271 [SETTLE] exp=2 gold=199366 len=393
2026-10-02 15:10:55.215 [SETTLE] exp=2 gold=199366 len=393
2026-10-02 15:11:29.698 [SETTLE] exp=2 gold=199366 len=393
2026-10-02 15:11:49.991 [SETTLE] exp=1 gold=199366 len=393
2026-10-02 15:12:25.572 [SETTLE] exp=1 gold=199366 len=393
2026-10-02 15:12:53.888 [SETTLE] exp=2 gold=199366 len=393
2026-10-02 15:13:20.499 [SETTLE] exp=2 gold=199366 len=393
2026-10-02 15:13:40.214 [SETTLE] exp=2 gold=199366 len=393
2026-10-02 15:14:10.557 [SETTLE] exp=1 gold=199366 len=393
2026-10-02 15:14:40.159 [SETTLE] exp=1 gold=199366 len=393
2026-10-02 15:15:09.307 [SETTLE] exp=1 gold=199366 len=413
2026-10-02 15:15:36.179 [SETTLE] exp=1 gold=199366 len=393
2026-10-02 15:16:18.903 [SETTLE] exp=1 gold=199366 len=393
2026-10-02 15:17:03.620 [SETTLE] exp=1 gold=199366 len=393
2026-10-02 15:17:30.428 [SETTLE] exp=1 gold=199366 len=393
2026-10-02 15:17:52.373 [SETTLE] exp=2 gold=199366 len=393
2026-10-02 15:18:18.461 [SETTLE] exp=1 gold=199366 len=393
2026-10-02 15:18:56.667 [SETTLE] exp=1 gold=199366 len=393
2026-10-02 15:19:31.444 [SETTLE] exp=2 gold=199366 len=393
2026-10-02 15:20:14.680 [SETTLE] exp=1 gold=199366 len=393
2026-10-02 15:20:45.648 [SETTLE] exp=2 gold=199366 len=393
2026-10-02 15:21:19.735 [SETTLE] exp=1 gold=199366 len=393
2026-10-02 15:22:02.982 [SETTLE] exp=1 gold=199366 len=393
2026-10-02 15:22:35.622 [SETTLE] exp=2 gold=199366 len=393
2026-10-02 15:23:20.458 [SETTLE] exp=2 gold=199366 len=393
2026-10-02 15:23:54.027 [SETTLE] exp=1 gold=199366 len=393
2026-10-02 15:24:25.206 [SETTLE] exp=2 gold=199366 len=393
2026-10-02 15:24:53.793 [SETTLE] exp=2 gold=199366 len=393
2026-10-02 15:25:22.324 [SETTLE] exp=1 gold=199366 len=393
2026-10-02 15:25:53.628 [SETTLE] exp=2 gold=199366 len=393
2026-10-02 15:26:26.401 [SETTLE] exp=1 gold=199366 len=403
2026-10-02 15:26:48.442 [SETTLE] exp=2 gold=199366 len=393
2026-10-02 15:27:21.098 [SETTLE] exp=2 gold=199366 len=403
2026-10-02 15:27:51.249 [SETTLE] exp=2 gold=199366 len=393
2026-10-02 15:28:27.013 [SETTLE] exp=2 gold=199366 len=403
2026-10-02 15:29:00.470 [SETTLE] exp=2 gold=199366 len=393
2026-10-02 15:29:23.270 [SETTLE] exp=1 gold=199366 len=403
2026-10-02 15:29:50.693 [SETTLE] exp=1 gold=199366 len=393
2026-10-02 15:30:19.052 [SETTLE] exp=2 gold=199366 len=403
2026-10-02 15:30:58.199 [SETTLE] exp=1 gold=199366 len=403
2026-10-02 15:31:26.497 [SETTLE] exp=2 gold=199366 len=393
2026-10-02 15:31:54.209 [SETTLE] exp=1 gold=199366 len=393
2026-10-02 15:32:26.663 [SETTLE] exp=1 gold=199366 len=393
2026-10-02 15:32:55.831 [SETTLE] exp=2 gold=199366 len=393
2026-10-02 15:33:28.189 [SETTLE] exp=1 gold=199366 len=403
2026-10-02 15:34:06.309 [SETTLE] exp=2 gold=199366 len=393
2026-10-02 15:34:46.189 [SETTLE] exp=2 gold=199366 len=393
2026-10-02 15:35:17.423 [SETTLE] exp=2 gold=199366 len=393
2026-10-02 15:35:45.146 [SETTLE] exp=2 gold=199366 len=393
2026-10-02 15:36:12.870 [SETTLE] exp=1 gold=199366 len=393
2026-10-02 15:36:45.185 [SETTLE] exp=1 gold=199366 len=393
2026-10-02 15:37:21.000 [SETTLE] exp=2 gold=199366 len=393
2026-10-02 15:38:01.254 [SETTLE] exp=2 gold=199366 len=393
2026-10-02 15:38:30.347 [SETTLE] exp=1 gold=199366 len=393
2026-10-02 15:38:54.394 [SETTLE] exp=1 gold=199366 len=393
2026-10-02 15:39:26.383 [SETTLE] exp=1 gold=199366 len=393
2026-10-02 15:40:04.568 [SETTLE] exp=2 gold=199366 len=403
2026-10-02 15:40:40.926 [SETTLE] exp=1 gold=199366 len=393
2026-10-02 15:41:22.137 [SETTLE] exp=1 gold=199366 len=393
2026-10-02 15:41:56.203 [SETTLE] exp=2 gold=199366 len=393
2026-10-02 15:42:15.939 [OP] 4344 inv=FFF7 len=8 #1 63cdfc0b4902392b
2026-10-02 15:42:18.990 [OP] 4345 inv=FFF7 len=8 #1 efc2392b57e7c464
2026-10-02 15:42:26.488 [SETTLE] exp=2 gold=199366 len=403
2026-10-02 15:42:48.092 [SETTLE] exp=2 gold=199366 len=393
2026-10-02 15:42:54.239 [OP] 4344 inv=FFF7 len=8 #2 63cdfc0b4902392b
2026-10-02 15:42:56.442 [OP] 4345 inv=FFF7 len=8 #2 efc2392b57e7c464
2026-10-02 15:43:23.323 [SETTLE] exp=2 gold=199366 len=393
2026-10-02 15:43:45.536 [SETTLE] exp=2 gold=199366 len=393
2026-10-02 15:44:08.666 [SETTLE] exp=1 gold=199366 len=403
2026-10-02 15:44:35.748 [SETTLE] exp=1 gold=199366 len=393
2026-10-02 15:45:13.863 [SETTLE] exp=2 gold=199366 len=393
2026-10-02 15:45:43.606 [SETTLE] exp=2 gold=199366 len=393
2026-10-02 15:46:06.861 [SETTLE] exp=2 gold=199366 len=393
2026-10-02 15:46:40.586 [SETTLE] exp=2 gold=199366 len=393
2026-10-02 15:47:10.085 [SETTLE] exp=1 gold=199366 len=393
2026-10-02 15:47:39.564 [SETTLE] exp=1 gold=199366 len=403
2026-10-02 15:48:13.656 [SETTLE] exp=1 gold=199366 len=393
2026-10-02 15:48:43.071 [SETTLE] exp=2 gold=199366 len=393
2026-10-02 15:49:21.733 [SETTLE] exp=1 gold=199366 len=393
2026-10-02 15:49:44.697 [SETTLE] exp=1 gold=199366 len=393
2026-10-02 15:50:13.343 [SETTLE] exp=1 gold=199366 len=393
2026-10-02 15:50:48.437 [SETTLE] exp=2 gold=199366 len=393
2026-10-02 15:51:26.410 [SETTLE] exp=1 gold=199366 len=393
2026-10-02 15:51:55.988 [SETTLE] exp=2 gold=199366 len=393
2026-10-02 15:52:25.858 [SETTLE] exp=2 gold=199366 len=393
2026-10-02 15:52:54.429 [SETTLE] exp=1 gold=199366 len=393
2026-10-02 15:53:20.850 [SETTLE] exp=2 gold=199366 len=393
2026-10-02 15:53:48.696 [SETTLE] exp=2 gold=199366 len=393
2026-10-02 15:54:14.503 [SETTLE] exp=1 gold=199366 len=393
2026-10-02 15:54:42.585 [SETTLE] exp=1 gold=199366 len=393
2026-10-02 15:55:06.266 [SETTLE] exp=2 gold=199366 len=393
2026-10-02 15:55:34.051 [SETTLE] exp=1 gold=199366 len=393
2026-10-02 15:55:58.356 [SETTLE] exp=2 gold=199366 len=393
2026-10-02 15:56:24.472 [SETTLE] exp=1 gold=199366 len=393
2026-10-02 15:56:55.887 [SETTLE] exp=1 gold=199366 len=393
2026-10-02 15:57:28.669 [SETTLE] exp=2 gold=199366 len=393
2026-10-02 15:57:56.718 [SETTLE] exp=2 gold=199366 len=393
2026-10-02 15:58:20.730 [SETTLE] exp=1 gold=199366 len=403
2026-10-02 15:58:54.958 [SETTLE] exp=2 gold=199366 len=393
2026-10-02 15:59:19.468 [SETTLE] exp=1 gold=199366 len=393
2026-10-02 15:59:54.619 [SETTLE] exp=2 gold=199366 len=393
2026-10-02 16:00:00.401 [SYS] 许愿池里多了一批新礼物，赶紧来许愿吧~
2026-10-02 16:00:09.956 [QUESTION] {"type":"question","sock":2444,"qno":20,"field_a":105,"stem":"人们平时所说的“煤气中毒”是因为哪种有害气体吸入过多而引起的？","options":["1、二手烟","2、一氧化碳","3、生气","4、屁"]}
2026-10-02 16:00:10.969 [UI] auto dump on question qno=20
2026-10-02 16:00:10.969 [UI] ---- window dump begin (pid 13044) ----
2026-10-02 16:00:11.318 [UI] TOP=0004061E vis=0 cls=QBOvCls rc=(363,384,723,480) title=
2026-10-02 16:00:11.322 [UI] TOP=005F0A8E vis=1 cls=ATL:012FF210 rc=(23,17,1063,824) title=什么什么大冒险2(①逍遥村敬老院)-伏地魔1_Sep 24 2026《什么什么大冒险》制作委员会QQ群:515616289
2026-10-02 16:00:11.322 [UI] TOP=0005062A vis=0 cls=DIEmWin rc=(-1,-1,135,38) title=DIEmWin
2026-10-02 16:00:11.729 [UI] TOP=00110106 vis=0 cls=IME rc=(0,0,0,0) title=Default IME
2026-10-02 16:00:11.736 [UI] TOP=001307FA vis=0 cls=MSCTFIME UI rc=(0,0,0,0) title=MSCTFIME UI
2026-10-02 16:00:11.740 [UI] TOP=00120738 vis=0 cls=IME rc=(0,0,0,0) title=Default IME
2026-10-02 16:00:11.745 [UI] TOP=00080636 vis=0 cls=IME rc=(0,0,0,0) title=Default IME
2026-10-02 16:00:11.747 [UI] ---- window dump end ----
2026-10-02 16:00:15.737 [SEND-ANSWER] qno=20 opt=1 ret=13 sock=2444
2026-10-02 16:00:15.841 [SYS] 测试通过！
2026-10-02 16:00:15.942 [SYS] 获得了#00FF00#100#FFF692#金币
2026-10-02 16:00:15.942 [CURRENCY] a=199366 b=1074442
2026-10-02 16:00:17.545 [UI] auto-closing quiz frame: qno=20 opt=1
2026-10-02 16:00:17.551 [UI] option 1 control NOT found — falling back to digit key
2026-10-02 16:00:25.687 [SETTLE] exp=2 gold=199366 len=403
2026-10-02 16:00:55.407 [SETTLE] exp=2 gold=199366 len=393
2026-10-02 16:01:31.676 [SETTLE] exp=2 gold=199366 len=393
2026-10-02 16:02:05.622 [SETTLE] exp=1 gold=199366 len=393
2026-10-02 16:02:46.166 [SETTLE] exp=2 gold=199366 len=393
2026-10-02 16:03:11.179 [SETTLE] exp=1 gold=199366 len=393
2026-10-02 16:03:45.660 [SETTLE] exp=2 gold=199366 len=393
2026-10-02 16:04:17.683 [SETTLE] exp=1 gold=199366 len=393
2026-10-02 16:04:43.608 [SETTLE] exp=1 gold=199366 len=403
2026-10-02 16:05:06.869 [SETTLE] exp=1 gold=199366 len=393
2026-10-02 16:05:39.987 [SETTLE] exp=2 gold=199366 len=393
2026-10-02 16:06:19.794 [SETTLE] exp=1 gold=199366 len=403
2026-10-02 16:06:40.957 [SETTLE] exp=1 gold=199366 len=393
2026-10-02 16:07:18.961 [SETTLE] exp=1 gold=199366 len=403
2026-10-02 16:07:57.424 [SETTLE] exp=1 gold=199366 len=393
2026-10-02 16:08:26.747 [SETTLE] exp=2 gold=199366 len=393
2026-10-02 16:08:55.923 [SETTLE] exp=2 gold=199366 len=393
2026-10-02 16:09:32.896 [SETTLE] exp=2 gold=199366 len=393
2026-10-02 16:10:07.626 [SETTLE] exp=2 gold=199366 len=393
2026-10-02 16:10:37.588 [SETTLE] exp=2 gold=199366 len=393
2026-10-02 16:11:06.957 [SETTLE] exp=1 gold=199366 len=393
2026-10-02 16:11:34.743 [SETTLE] exp=1 gold=199366 len=393
2026-10-02 16:11:59.543 [SETTLE] exp=1 gold=199366 len=393
2026-10-02 16:12:40.667 [SETTLE] exp=1 gold=199366 len=393
2026-10-02 16:13:10.541 [SETTLE] exp=1 gold=199366 len=393
2026-10-02 16:13:39.308 [SETTLE] exp=2 gold=199366 len=403
2026-10-02 16:14:07.182 [SETTLE] exp=1 gold=199366 len=403
2026-10-02 16:14:36.941 [SETTLE] exp=2 gold=199366 len=393
2026-10-02 16:15:03.120 [SETTLE] exp=2 gold=199366 len=393
2026-10-02 16:15:39.025 [SETTLE] exp=2 gold=199366 len=393
2026-10-02 16:16:20.871 [SETTLE] exp=2 gold=199366 len=403
2026-10-02 16:16:40.758 [SETTLE] exp=2 gold=199366 len=393
2026-10-02 16:17:20.107 [SETTLE] exp=2 gold=199366 len=393
2026-10-02 16:17:52.903 [SETTLE] exp=1 gold=199366 len=393
2026-10-02 16:18:17.206 [SETTLE] exp=2 gold=199366 len=393
2026-10-02 16:18:53.640 [SETTLE] exp=2 gold=199366 len=393
2026-10-02 16:19:30.160 [SETTLE] exp=1 gold=199366 len=393
2026-10-02 16:20:07.515 [SETTLE] exp=2 gold=199366 len=393
2026-10-02 16:20:38.635 [SETTLE] exp=1 gold=199366 len=393
2026-10-02 16:20:59.356 [SETTLE] exp=1 gold=199366 len=393
2026-10-02 16:21:39.529 [SETTLE] exp=1 gold=199366 len=403
2026-10-02 16:22:03.307 [SETTLE] exp=2 gold=199366 len=393
2026-10-02 16:22:39.522 [SETTLE] exp=1 gold=199366 len=403
2026-10-02 16:23:08.914 [SETTLE] exp=1 gold=199366 len=403
2026-10-02 16:23:35.515 [SETTLE] exp=2 gold=199366 len=393
2026-10-02 16:24:08.385 [SETTLE] exp=2 gold=199366 len=393
2026-10-02 16:24:25.573 [SETTLE] exp=1 gold=199366 len=393
2026-10-02 16:24:52.613 [SETTLE] exp=2 gold=199366 len=393
2026-10-02 16:25:16.839 [SETTLE] exp=1 gold=199366 len=403
2026-10-02 16:25:46.867 [SETTLE] exp=2 gold=199366 len=393
2026-10-02 16:26:15.709 [SETTLE] exp=1 gold=199366 len=393
2026-10-02 16:26:48.867 [SETTLE] exp=1 gold=199366 len=403
2026-10-02 16:27:18.472 [SETTLE] exp=2 gold=199366 len=393
2026-10-02 16:27:53.056 [SETTLE] exp=2 gold=199366 len=403
2026-10-02 16:28:20.899 [SETTLE] exp=1 gold=199366 len=403
2026-10-02 16:28:42.596 [SETTLE] exp=1 gold=199366 len=393
2026-10-02 16:29:13.460 [SETTLE] exp=1 gold=199366 len=393
2026-10-02 16:29:46.788 [SETTLE] exp=2 gold=199366 len=393
2026-10-02 16:30:24.174 [SETTLE] exp=1 gold=199366 len=393
2026-10-02 16:30:57.059 [SETTLE] exp=1 gold=199366 len=393
2026-10-02 16:31:40.200 [SETTLE] exp=2 gold=199366 len=393
2026-10-02 16:32:03.581 [SETTLE] exp=2 gold=199366 len=393
2026-10-02 16:32:33.477 [SETTLE] exp=2 gold=199366 len=403
2026-10-02 16:33:15.379 [SETTLE] exp=1 gold=199366 len=393
2026-10-02 16:33:41.165 [SETTLE] exp=1 gold=199366 len=393
2026-10-02 16:34:13.708 [SETTLE] exp=1 gold=199366 len=393
2026-10-02 16:34:38.910 [SETTLE] exp=1 gold=199366 len=393
2026-10-02 16:35:16.827 [SETTLE] exp=2 gold=199366 len=393
2026-10-02 16:35:54.302 [SETTLE] exp=1 gold=199366 len=393
2026-10-02 16:36:36.048 [SETTLE] exp=1 gold=199366 len=393
2026-10-02 16:37:03.078 [SETTLE] exp=2 gold=199366 len=393
2026-10-02 16:37:31.243 [SETTLE] exp=1 gold=199366 len=403
2026-10-02 16:37:53.230 [SETTLE] exp=2 gold=199366 len=393
2026-10-02 16:38:31.615 [SETTLE] exp=1 gold=199366 len=413
2026-10-02 16:39:08.880 [SETTLE] exp=2 gold=199366 len=403
2026-10-02 16:39:30.413 [SETTLE] exp=2 gold=199366 len=393
2026-10-02 16:40:06.414 [SETTLE] exp=2 gold=199366 len=403
2026-10-02 16:40:26.090 [SETTLE] exp=2 gold=199366 len=393
2026-10-02 16:40:53.875 [SETTLE] exp=2 gold=199366 len=403
2026-10-02 16:41:44.379 [SETTLE] exp=2 gold=199366 len=393
2026-10-02 16:42:21.738 [SETTLE] exp=2 gold=199366 len=393
2026-10-02 16:42:55.041 [SETTLE] exp=2 gold=199366 len=393
2026-10-02 16:43:13.482 [SETTLE] exp=2 gold=199366 len=393
2026-10-02 16:43:41.786 [SETTLE] exp=2 gold=199366 len=393
2026-10-02 16:44:16.151 [SETTLE] exp=2 gold=199366 len=393
2026-10-02 16:44:39.179 [SETTLE] exp=1 gold=199366 len=393
2026-10-02 16:45:09.463 [SETTLE] exp=1 gold=199366 len=403
2026-10-02 16:45:35.675 [SETTLE] exp=2 gold=199366 len=393
2026-10-02 16:46:05.015 [SETTLE] exp=1 gold=199366 len=393
2026-10-02 16:46:40.333 [SETTLE] exp=2 gold=199366 len=393
2026-10-02 16:47:19.249 [SETTLE] exp=1 gold=199366 len=393
2026-10-02 16:47:48.327 [SETTLE] exp=2 gold=199366 len=393
2026-10-02 16:48:14.735 [SETTLE] exp=1 gold=199366 len=403
2026-10-02 16:48:33.983 [SETTLE] exp=2 gold=199366 len=393
2026-10-02 16:48:51.565 [SETTLE] exp=2 gold=199366 len=393
2026-10-02 16:49:12.817 [SETTLE] exp=1 gold=199366 len=393
2026-10-02 16:49:47.032 [SETTLE] exp=2 gold=199366 len=393
2026-10-02 16:50:18.388 [SETTLE] exp=2 gold=199366 len=393
2026-10-02 16:50:46.222 [SETTLE] exp=1 gold=199366 len=393
2026-10-02 16:51:07.780 [SETTLE] exp=1 gold=199366 len=403
2026-10-02 16:51:28.097 [SETTLE] exp=1 gold=199366 len=403
2026-10-02 16:51:58.445 [SETTLE] exp=1 gold=199366 len=393
2026-10-02 16:52:31.189 [SETTLE] exp=1 gold=199366 len=393
2026-10-02 16:52:58.992 [SETTLE] exp=2 gold=199366 len=403
2026-10-02 16:53:31.450 [SETTLE] exp=2 gold=199366 len=393
2026-10-02 16:53:57.723 [SETTLE] exp=1 gold=199366 len=393
2026-10-02 16:54:15.305 [SETTLE] exp=1 gold=199366 len=393
2026-10-02 16:54:46.642 [SETTLE] exp=2 gold=199366 len=393
2026-10-02 16:55:14.706 [SETTLE] exp=2 gold=199366 len=393
2026-10-02 16:55:46.943 [QUESTION] {"type":"question","sock":2444,"qno":11,"field_a":81,"stem":"蚊子发出的“嗡嗡”的声音是由于？","options":["1、翅膀振动","2、有鼻音","3、在唱歌","4、放的屁"]}
2026-10-02 16:55:47.947 [UI] auto dump on question qno=11
2026-10-02 16:55:47.947 [UI] ---- window dump begin (pid 13044) ----
2026-10-02 16:55:48.059 [UI] TOP=0004061E vis=0 cls=QBOvCls rc=(363,384,723,480) title=
2026-10-02 16:55:48.059 [SEND-ANSWER] qno=11 opt=0 ret=13 sock=2444
2026-10-02 16:55:48.071 [UI] TOP=005F0A8E vis=1 cls=ATL:012FF210 rc=(69,23,1109,830) title=什么什么大冒险2(①逍遥村敬老院)-伏地魔1_Sep 24 2026《什么什么大冒险》制作委员会QQ群:515616289
2026-10-02 16:55:48.071 [UI] TOP=0005062A vis=0 cls=DIEmWin rc=(-1,-1,135,38) title=DIEmWin
2026-10-02 16:55:48.112 [SYS] 测试通过！
2026-10-02 16:55:48.209 [SYS] 获得了#00FF00#100#FFF692#金币
2026-10-02 16:55:48.209 [CURRENCY] a=199366 b=1074542
2026-10-02 16:55:48.464 [UI] TOP=00110106 vis=0 cls=IME rc=(0,0,0,0) title=Default IME
2026-10-02 16:55:48.468 [UI] TOP=001307FA vis=0 cls=MSCTFIME UI rc=(0,0,0,0) title=MSCTFIME UI
2026-10-02 16:55:48.494 [UI] TOP=00120738 vis=0 cls=IME rc=(0,0,0,0) title=Default IME
2026-10-02 16:55:48.496 [UI] TOP=00080636 vis=0 cls=IME rc=(0,0,0,0) title=Default IME
2026-10-02 16:55:48.496 [UI] ---- window dump end ----
2026-10-02 16:55:49.543 [SETTLE] exp=1 gold=199366 len=403
2026-10-02 16:55:49.868 [UI] auto-closing quiz frame: qno=11 opt=0
2026-10-02 16:56:13.167 [SETTLE] exp=2 gold=199366 len=393
2026-10-02 16:56:46.827 [SETTLE] exp=2 gold=199366 len=393
2026-10-02 16:57:08.454 [SETTLE] exp=1 gold=199366 len=393
2026-10-02 16:57:34.978 [SETTLE] exp=2 gold=199366 len=393
2026-10-02 16:58:17.194 [SETTLE] exp=1 gold=199366 len=393
2026-10-02 16:58:44.747 [SETTLE] exp=1 gold=199366 len=403
2026-10-02 16:59:09.966 [SETTLE] exp=2 gold=199366 len=393
2026-10-02 16:59:29.023 [SETTLE] exp=1 gold=199366 len=393
2026-10-02 17:00:10.011 [SETTLE] exp=2 gold=199366 len=393
2026-10-02 17:00:33.624 [SETTLE] exp=1 gold=199366 len=393
2026-10-02 17:00:57.622 [SETTLE] exp=2 gold=199366 len=393
2026-10-02 17:01:31.026 [SETTLE] exp=1 gold=199366 len=393
2026-10-02 17:01:56.936 [SETTLE] exp=2 gold=199366 len=393
2026-10-02 17:02:39.031 [SETTLE] exp=1 gold=199366 len=393
2026-10-02 17:03:03.939 [SETTLE] exp=1 gold=199366 len=393
2026-10-02 17:03:23.930 [SETTLE] exp=2 gold=199366 len=393
2026-10-02 17:03:43.059 [SETTLE] exp=2 gold=199366 len=393
2026-10-02 17:04:05.192 [SETTLE] exp=1 gold=199366 len=393
2026-10-02 17:04:32.103 [SETTLE] exp=2 gold=199366 len=393
2026-10-02 17:05:08.019 [SETTLE] exp=2 gold=199366 len=393
2026-10-02 17:05:37.481 [SETTLE] exp=1 gold=199366 len=393
2026-10-02 17:06:16.187 [SETTLE] exp=1 gold=199366 len=403
2026-10-02 17:06:46.166 [SETTLE] exp=2 gold=199366 len=393
2026-10-02 17:07:24.672 [SETTLE] exp=1 gold=199366 len=393
2026-10-02 17:07:49.748 [SETTLE] exp=1 gold=199366 len=393
2026-10-02 17:08:16.923 [SETTLE] exp=1 gold=199366 len=393
2026-10-02 17:08:40.488 [SETTLE] exp=1 gold=199366 len=393
2026-10-02 17:09:18.203 [SETTLE] exp=2 gold=199366 len=393
2026-10-02 17:09:40.974 [SETTLE] exp=2 gold=199366 len=393
2026-10-02 17:10:22.455 [SETTLE] exp=2 gold=199366 len=393
2026-10-02 17:11:02.963 [SETTLE] exp=1 gold=199366 len=393
2026-10-02 17:11:28.229 [SETTLE] exp=2 gold=199366 len=393
2026-10-02 17:11:52.391 [SETTLE] exp=2 gold=199366 len=393
2026-10-02 17:12:14.196 [SETTLE] exp=2 gold=199366 len=393
2026-10-02 17:12:36.841 [SETTLE] exp=1 gold=199366 len=403
2026-10-02 17:13:05.329 [SETTLE] exp=2 gold=199366 len=393
2026-10-02 17:13:42.985 [SETTLE] exp=2 gold=199366 len=393
2026-10-02 17:14:09.940 [SETTLE] exp=1 gold=199366 len=393
2026-10-02 17:14:42.334 [SETTLE] exp=2 gold=199366 len=393
2026-10-02 17:15:11.474 [SETTLE] exp=1 gold=199366 len=393
2026-10-02 17:15:44.757 [SETTLE] exp=1 gold=199366 len=393
2026-10-02 17:16:15.056 [SETTLE] exp=1 gold=199366 len=393
2026-10-02 17:16:46.887 [SETTLE] exp=1 gold=199366 len=393
2026-10-02 17:17:12.594 [SETTLE] exp=1 gold=199366 len=393
2026-10-02 17:17:47.156 [SETTLE] exp=1 gold=199366 len=393
2026-10-02 17:18:22.145 [SETTLE] exp=2 gold=199366 len=393
2026-10-02 17:18:58.811 [SETTLE] exp=1 gold=199366 len=393
2026-10-02 17:19:31.904 [SETTLE] exp=1 gold=199366 len=403
2026-10-02 17:20:09.524 [SETTLE] exp=2 gold=199366 len=403
2026-10-02 17:20:47.973 [SETTLE] exp=2 gold=199366 len=393
2026-10-02 17:21:05.569 [SETTLE] exp=2 gold=199366 len=393
2026-10-02 17:21:34.622 [SETTLE] exp=2 gold=199366 len=393
2026-10-02 17:22:09.046 [SETTLE] exp=2 gold=199366 len=393
2026-10-02 17:22:43.569 [SETTLE] exp=1 gold=199366 len=393
2026-10-02 17:23:11.137 [SETTLE] exp=1 gold=199366 len=403
2026-10-02 17:23:35.584 [SETTLE] exp=1 gold=199366 len=403
2026-10-02 17:24:06.870 [SETTLE] exp=1 gold=199366 len=393
2026-10-02 17:24:25.440 [SETTLE] exp=1 gold=199366 len=393
2026-10-02 17:25:03.878 [SETTLE] exp=2 gold=199366 len=393
2026-10-02 17:25:18.396 [SETTLE] exp=2 gold=199366 len=403
2026-10-02 17:25:48.607 [SETTLE] exp=1 gold=199366 len=393
2026-10-02 17:26:14.369 [SETTLE] exp=2 gold=199366 len=403
2026-10-02 17:26:42.871 [SETTLE] exp=1 gold=199366 len=393
2026-10-02 17:27:29.382 [SETTLE] exp=2 gold=199366 len=393
2026-10-02 17:27:49.363 [SETTLE] exp=1 gold=199366 len=393
2026-10-02 17:28:14.600 [SETTLE] exp=1 gold=199366 len=393
2026-10-02 17:28:40.201 [SETTLE] exp=1 gold=199366 len=393
2026-10-02 17:29:03.950 [SETTLE] exp=1 gold=199366 len=393
2026-10-02 17:29:23.260 [SETTLE] exp=1 gold=199366 len=393
2026-10-02 17:30:02.569 [SETTLE] exp=2 gold=199366 len=393
2026-10-02 17:30:28.409 [SETTLE] exp=2 gold=199366 len=403
2026-10-02 17:30:49.562 [SETTLE] exp=2 gold=199366 len=403
2026-10-02 17:31:25.071 [SETTLE] exp=1 gold=199366 len=403
2026-10-02 17:31:49.559 [SETTLE] exp=2 gold=199366 len=393
2026-10-02 17:32:15.658 [SETTLE] exp=2 gold=199366 len=393
2026-10-02 17:32:47.969 [SETTLE] exp=2 gold=199366 len=393
2026-10-02 17:33:01.939 [QUESTION] {"type":"question","sock":2444,"qno":8,"field_a":75,"stem":"风速越大，风力就会怎么样？","options":["1、能烤鸡翅膀","2、形成台轰","3、越强","4、有毒"]}
2026-10-02 17:33:02.950 [UI] auto dump on question qno=8
2026-10-02 17:33:02.952 [UI] ---- window dump begin (pid 13044) ----
2026-10-02 17:33:03.345 [UI] TOP=0004061E vis=0 cls=QBOvCls rc=(363,384,723,480) title=
2026-10-02 17:33:03.365 [UI] TOP=005F0A8E vis=1 cls=ATL:012FF210 rc=(26,17,1066,824) title=什么什么大冒险2(①逍遥村敬老院)-伏地魔1_Sep 24 2026《什么什么大冒险》制作委员会QQ群:515616289
2026-10-02 17:33:03.365 [UI] TOP=0005062A vis=0 cls=DIEmWin rc=(-1,-1,135,38) title=DIEmWin
2026-10-02 17:33:03.757 [UI] TOP=00110106 vis=0 cls=IME rc=(0,0,0,0) title=Default IME
2026-10-02 17:33:03.782 [UI] TOP=001307FA vis=0 cls=MSCTFIME UI rc=(0,0,0,0) title=MSCTFIME UI
2026-10-02 17:33:03.788 [UI] TOP=00120738 vis=0 cls=IME rc=(0,0,0,0) title=Default IME
2026-10-02 17:33:03.788 [UI] TOP=00080636 vis=0 cls=IME rc=(0,0,0,0) title=Default IME
2026-10-02 17:33:03.788 [UI] ---- window dump end ----
2026-10-02 17:33:04.857 [SEND-ANSWER] qno=8 opt=2 ret=13 sock=2444
2026-10-02 17:33:04.907 [SYS] 测试通过！
2026-10-02 17:33:05.010 [SYS] 获得了#00FF00#100#FFF692#金币
2026-10-02 17:33:05.010 [CURRENCY] a=199366 b=1074642
2026-10-02 17:33:06.673 [UI] auto-closing quiz frame: qno=8 opt=2
2026-10-02 17:33:06.682 [UI] option 2 control NOT found — falling back to digit key
2026-10-02 17:33:13.531 [SETTLE] exp=2 gold=199366 len=403
2026-10-02 17:33:53.141 [SETTLE] exp=2 gold=199366 len=393
2026-10-02 17:34:28.609 [SETTLE] exp=1 gold=199366 len=403
2026-10-02 17:35:10.461 [SETTLE] exp=1 gold=199366 len=403
2026-10-02 17:35:51.018 [SETTLE] exp=2 gold=199366 len=393
2026-10-02 17:36:20.554 [SETTLE] exp=1 gold=199366 len=393
2026-10-02 17:36:42.527 [SETTLE] exp=2 gold=199366 len=393
2026-10-02 17:37:04.971 [SETTLE] exp=1 gold=199366 len=403
2026-10-02 17:37:49.932 [SETTLE] exp=1 gold=199366 len=393
2026-10-02 17:38:07.982 [SETTLE] exp=2 gold=199366 len=393
2026-10-02 17:38:28.222 [SETTLE] exp=1 gold=199366 len=393
2026-10-02 17:38:54.990 [SETTLE] exp=2 gold=199366 len=393
2026-10-02 17:39:38.736 [SETTLE] exp=1 gold=199366 len=393
2026-10-02 17:40:08.034 [SETTLE] exp=2 gold=199366 len=393
2026-10-02 17:40:42.393 [SETTLE] exp=2 gold=199366 len=393
2026-10-02 17:41:09.179 [SETTLE] exp=2 gold=199366 len=393
2026-10-02 17:41:46.830 [SETTLE] exp=1 gold=199366 len=393
2026-10-02 17:42:10.093 [SETTLE] exp=2 gold=199366 len=393
2026-10-02 17:42:38.994 [SETTLE] exp=2 gold=199366 len=393
2026-10-02 17:43:16.521 [SETTLE] exp=2 gold=199366 len=393
2026-10-02 17:43:45.472 [SETTLE] exp=1 gold=199366 len=393
2026-10-02 17:44:22.970 [SETTLE] exp=2 gold=199366 len=393
2026-10-02 17:44:46.335 [SETTLE] exp=2 gold=199366 len=403
2026-10-02 17:45:11.459 [SETTLE] exp=2 gold=199366 len=403
2026-10-02 17:45:48.718 [SETTLE] exp=2 gold=199366 len=393
2026-10-02 17:46:30.223 [SETTLE] exp=1 gold=199366 len=403
2026-10-02 17:47:05.442 [SETTLE] exp=1 gold=199366 len=403
2026-10-02 17:47:34.638 [SETTLE] exp=2 gold=199366 len=393
2026-10-02 17:48:14.579 [SETTLE] exp=1 gold=199366 len=393
2026-10-02 17:48:34.860 [SETTLE] exp=1 gold=199366 len=403
2026-10-02 17:49:09.542 [SETTLE] exp=2 gold=199366 len=393
2026-10-02 17:49:47.623 [SETTLE] exp=1 gold=199366 len=403
2026-10-02 17:50:25.520 [SETTLE] exp=2 gold=199366 len=403
2026-10-02 17:50:47.432 [SETTLE] exp=2 gold=199366 len=393
2026-10-02 17:51:17.871 [SETTLE] exp=2 gold=199366 len=393
2026-10-02 17:51:36.376 [SETTLE] exp=1 gold=199366 len=393
2026-10-02 17:52:09.145 [SETTLE] exp=1 gold=199366 len=413
2026-10-02 17:52:35.240 [SETTLE] exp=2 gold=199366 len=403
2026-10-02 17:53:04.831 [SETTLE] exp=1 gold=199366 len=403
2026-10-02 17:53:35.102 [SETTLE] exp=1 gold=199366 len=393
2026-10-02 17:54:16.982 [SETTLE] exp=1 gold=199366 len=393
2026-10-02 17:54:55.730 [SETTLE] exp=2 gold=199366 len=393
2026-10-02 17:55:33.511 [SETTLE] exp=1 gold=199366 len=393
2026-10-02 17:56:18.475 [SETTLE] exp=1 gold=199366 len=393
2026-10-02 17:56:41.956 [SETTLE] exp=1 gold=199366 len=403
2026-10-02 17:57:13.907 [SETTLE] exp=1 gold=199366 len=393
2026-10-02 17:57:33.092 [SETTLE] exp=2 gold=199366 len=393
2026-10-02 17:57:56.008 [SETTLE] exp=2 gold=199366 len=393
2026-10-02 17:58:22.599 [SETTLE] exp=1 gold=199366 len=403
2026-10-02 17:58:52.723 [SETTLE] exp=2 gold=199366 len=393
2026-10-02 17:59:23.793 [SETTLE] exp=1 gold=199366 len=393
2026-10-02 17:59:48.937 [SETTLE] exp=2 gold=199366 len=393
2026-10-02 18:00:16.159 [SETTLE] exp=1 gold=199366 len=393
2026-10-02 18:00:43.812 [SETTLE] exp=2 gold=199366 len=393
2026-10-02 18:01:18.338 [SETTLE] exp=1 gold=199366 len=403
2026-10-02 18:01:55.704 [SETTLE] exp=2 gold=199366 len=403
2026-10-02 18:02:28.247 [SETTLE] exp=1 gold=199366 len=393
2026-10-02 18:02:56.903 [SETTLE] exp=1 gold=199366 len=393
2026-10-02 18:03:20.872 [SETTLE] exp=2 gold=199366 len=393
2026-10-02 18:03:41.540 [SETTLE] exp=2 gold=199366 len=393
2026-10-02 18:04:13.067 [SETTLE] exp=2 gold=199366 len=393
2026-10-02 18:04:35.517 [SETTLE] exp=2 gold=199366 len=393
2026-10-02 18:05:05.396 [SETTLE] exp=1 gold=199366 len=393
2026-10-02 18:05:30.693 [SETTLE] exp=2 gold=199366 len=393
2026-10-02 18:06:03.506 [SETTLE] exp=1 gold=199366 len=393
2026-10-02 18:06:37.511 [SETTLE] exp=2 gold=199366 len=393
2026-10-02 18:07:14.891 [SETTLE] exp=1 gold=199366 len=403
2026-10-02 18:07:49.483 [SETTLE] exp=2 gold=199366 len=393
2026-10-02 18:08:28.217 [SETTLE] exp=2 gold=199366 len=393
2026-10-02 18:09:10.498 [SETTLE] exp=2 gold=199366 len=393
2026-10-02 18:09:40.596 [SETTLE] exp=1 gold=199366 len=393
2026-10-02 18:10:00.750 [SETTLE] exp=1 gold=199366 len=393
2026-10-02 18:10:39.219 [SETTLE] exp=2 gold=199366 len=393
2026-10-02 18:11:08.537 [SETTLE] exp=2 gold=199366 len=393
2026-10-02 18:11:49.063 [SETTLE] exp=2 gold=199366 len=393
2026-10-02 18:11:49.273 [OP] 4707 inv=FFF3 len=12 #5 8b3bad80baecfc0b17faa32b
2026-10-02 18:18:19.799 [QUESTION] {"type":"question","sock":2444,"qno":12,"field_a":82,"stem":"在杠杆上起到支撑作用的那一点叫做？","options":["1、支点","2、上午六点","3、晚上8点","4、少一点"]}
2026-10-02 18:18:20.804 [UI] auto dump on question qno=12
2026-10-02 18:18:20.805 [UI] ---- window dump begin (pid 13044) ----
2026-10-02 18:18:20.897 [UI] TOP=0004061E vis=0 cls=QBOvCls rc=(363,384,723,480) title=
2026-10-02 18:18:20.904 [UI] TOP=005F0A8E vis=1 cls=ATL:012FF210 rc=(23,17,1063,824) title=什么什么大冒险2(①逍遥村敬老院)-伏地魔1_Sep 24 2026《什么什么大冒险》制作委员会QQ群:515616289
2026-10-02 18:18:20.905 [UI] TOP=0005062A vis=0 cls=DIEmWin rc=(-1,-1,135,38) title=DIEmWin
2026-10-02 18:18:21.300 [UI] TOP=00110106 vis=0 cls=IME rc=(0,0,0,0) title=Default IME
2026-10-02 18:18:21.325 [UI] TOP=001307FA vis=0 cls=MSCTFIME UI rc=(0,0,0,0) title=MSCTFIME UI
2026-10-02 18:18:21.333 [UI] TOP=00120738 vis=0 cls=IME rc=(0,0,0,0) title=Default IME
2026-10-02 18:18:21.334 [UI] TOP=00080636 vis=0 cls=IME rc=(0,0,0,0) title=Default IME
2026-10-02 18:18:21.334 [UI] ---- window dump end ----
2026-10-02 18:18:21.561 [SEND-ANSWER] qno=12 opt=0 ret=13 sock=2444
2026-10-02 18:18:21.618 [SYS] 测试通过！
2026-10-02 18:18:21.720 [SYS] 获得了#00FF00#100#FFF692#金币
2026-10-02 18:18:21.721 [CURRENCY] a=199366 b=1074742
2026-10-02 18:18:23.369 [UI] auto-closing quiz frame: qno=12 opt=0
2026-10-02 18:21:47.850 [OP] 4704 inv=FFDE len=33 #1 34a722a3cb67ce5be0510bdcb6a32b1feb066d0de38abbea2b1f805b64510bdcfa
2026-10-02 18:21:51.520 [OUT] 0031 inv=FFCE len=53 #1 ceff31006451a69002d8de1f4f5b6451b9dcfaa32b1f805b75510bdce8a32b1f805b6451d286033d6643185b64510bdcfaa32b1f80
2026-10-02 18:22:14.713 [SYS] 你所邀请的对象正在忙碌，无法接受你的邀请。
2026-10-02 18:23:00.785 [SETTLE] exp=1 gold=199366 len=393
2026-10-02 18:23:15.022 [SETTLE] exp=1 gold=199366 len=403
2026-10-02 18:23:39.783 [SETTLE] exp=1 gold=199366 len=393
2026-10-02 18:24:09.006 [SETTLE] exp=2 gold=199366 len=393
2026-10-02 18:24:33.954 [SETTLE] exp=1 gold=199366 len=403
2026-10-02 18:24:57.817 [SETTLE] exp=1 gold=199366 len=403
2026-10-02 18:25:20.323 [SETTLE] exp=1 gold=199366 len=403
2026-10-02 18:25:45.718 [SETTLE] exp=2 gold=199366 len=393
2026-10-02 18:26:11.556 [SETTLE] exp=2 gold=199366 len=393
2026-10-02 18:26:41.866 [SETTLE] exp=2 gold=199366 len=393
2026-10-02 18:27:08.887 [SETTLE] exp=2 gold=199366 len=403
2026-10-02 18:27:29.795 [SETTLE] exp=1 gold=199366 len=403
2026-10-02 18:27:29.987 [SYS] #ff0000#您已进入野外区域，可能遭遇玩家间的自由对战，请注意安全！#ffffff#
2026-10-02 18:38:35.128 [SETTLE] exp=1 gold=199366 len=413
2026-10-02 18:38:51.383 [SYS] #FFF692#交纳传送费用#00CCFF#1810#FFF692#金币！
2026-10-02 18:38:51.478 [CURRENCY] a=199366 b=1072932
2026-10-02 18:38:55.362 [SYS] #FFF692#交纳传送费用#00CCFF#1370#FFF692#金币！
2026-10-02 18:38:55.463 [CURRENCY] a=199366 b=1073372
2026-10-02 18:39:11.603 [SYS] #FFF692#交纳传送费用#00CCFF#1370#FFF692#金币！
2026-10-02 18:39:11.703 [CURRENCY] a=199366 b=1073372
2026-10-02 18:39:18.551 [OUT] 0035 inv=FFF7 len=12 #3 f7ff35001f805b64418052fa
2026-10-02 18:39:45.745 [SYS] #FFF692#交纳传送费用#00CCFF#1810#FFF692#金币！
2026-10-02 18:39:45.867 [SYS] #ff0000#您已进入野外区域，可能遭遇玩家间的自由对战，请注意安全！#ffffff#
2026-10-02 18:39:45.868 [CURRENCY] a=199366 b=1072932
2026-10-02 18:39:51.321 [OUT] 0035 inv=FFF7 len=12 #4 f7ff35001f805b64fb8052fa
2026-10-02 18:42:46.686 [SETTLE] exp=2 gold=199366 len=403
2026-10-02 18:43:14.511 [SETTLE] exp=1 gold=199366 len=393
2026-10-02 18:43:15.732 [SYS] #ff0000#您已进入野外区域，可能遭遇玩家间的自由对战，请注意安全！#ffffff#
2026-10-02 18:43:48.690 [SETTLE] exp=2 gold=199366 len=393
2026-10-02 18:44:19.274 [SETTLE] exp=1 gold=199366 len=393
2026-10-02 18:44:37.656 [SETTLE] exp=2 gold=199366 len=393
2026-10-02 18:46:04.026 [SETTLE] exp=1 gold=199366 len=393
2026-10-02 18:46:41.720 [SETTLE] exp=2 gold=199366 len=393
2026-10-02 18:47:16.680 [SETTLE] exp=2 gold=199366 len=403
2026-10-02 18:47:46.981 [SETTLE] exp=1 gold=199366 len=393
2026-10-02 18:48:33.846 [SETTLE] exp=1 gold=199366 len=393
2026-10-02 18:48:51.887 [SETTLE] exp=2 gold=199366 len=393
2026-10-02 18:49:22.110 [SETTLE] exp=1 gold=199366 len=393
2026-10-02 18:50:27.202 [SETTLE] exp=1 gold=199366 len=393
2026-10-02 18:52:22.885 [SETTLE] exp=2 gold=199366 len=403
2026-10-02 18:52:55.122 [SETTLE] exp=2 gold=199366 len=393
2026-10-02 18:53:16.277 [SETTLE] exp=2 gold=199366 len=403
2026-10-02 18:53:36.915 [SETTLE] exp=1 gold=199366 len=393
2026-10-02 18:54:10.165 [SETTLE] exp=2 gold=199366 len=393
2026-10-02 18:54:33.373 [SETTLE] exp=1 gold=199366 len=403
2026-10-02 18:55:07.431 [SETTLE] exp=2 gold=199366 len=403
2026-10-02 18:55:35.587 [SETTLE] exp=1 gold=199366 len=393
2026-10-02 18:55:55.568 [PIPE] controller disconnected
2026-10-02 18:56:01.433 [SETTLE] exp=2 gold=199366 len=393
2026-10-02 18:56:02.742 [PIPE] controller connected
2026-10-02 18:56:21.911 [SETTLE] exp=2 gold=199366 len=393
2026-10-02 18:56:29.161 [SYS] #ff0000#您已进入野外区域，可能遭遇玩家间的自由对战，请注意安全！#ffffff#
2026-10-02 19:08:43.973 [SYS] #ff0000#您已进入野外区域，可能遭遇玩家间的自由对战，请注意安全！#ffffff#
2026-10-02 19:09:30.648 [SETTLE] exp=1 gold=199366 len=393
2026-10-02 19:10:01.874 [SETTLE] exp=1 gold=199366 len=393
2026-10-02 19:10:05.045 [PIPE] controller disconnected
2026-10-02 19:10:30.300 [SETTLE] exp=1 gold=199366 len=403
2026-10-02 19:10:49.924 [SETTLE] exp=2 gold=199366 len=393
2026-10-02 19:11:22.033 [SETTLE] exp=2 gold=199366 len=393
2026-10-02 19:11:38.893 [INIT] dll unloaded
2026-10-02 19:12:54.276 [INIT] dll loaded, pid=13044
2026-10-02 19:12:54.276 [INIT] codec loaded OK
2026-10-02 19:12:54.277 [INIT] iat hooks: recv=1 send=1 WSASend=1 connect=1 closesocket=1
2026-10-02 19:12:55.593 [SETTLE] exp=1 gold=199366 len=403
2026-10-02 19:12:55.593 [OP] 472A inv=FE6C len=403 #1 33b4de1faa5b64510bdcfaa32b1f805b64510bdcc4a32b1f805b64510bdcfaa32b1f805b64510bdc4e722b1f805b6451f06ffaa32b1f805b64510bdcfaa32b1f805b64510bdcfaa32b1f805b64510bdcfaa32b1f805b64510bdcfaa32b1f805b64510bdcfaa32b1f805b64510bdcfaa32b1f805b64510bdcfaa32b1f805b64510bdcfaa32b1f805b64510bdc13f82b1fa59564513b6ffaa3b91f805b81a55215
2026-10-02 19:12:55.639 [OUT] 0022 inv=FFD6 len=45 #1 d6ff2200ef632831d56f1e56636da9add9b2ec8ea466838412952558c77439b74acaee9597f801c622f88fad39
2026-10-02 19:12:55.686 [OP] 42CE inv=FFFB len=4 #1 c87f510b
2026-10-02 19:12:55.790 [OP] 4610 inv=FFFE len=1 #1 9a
2026-10-02 19:12:55.790 [OP] 4211 inv=FFF6 len=9 #1 aa5b64515ca722a34a
2026-10-02 19:12:55.790 [OP] 4211 inv=FFF6 len=9 #2 aa5b6451c03e22a34a
2026-10-02 19:12:55.791 [OP] 4211 inv=FFF6 len=9 #3 aa5b6451cd3e22a34a
2026-10-02 19:12:55.791 [OP] 4211 inv=FFF6 len=9 #4 aa5b6451af3e22a34a
2026-10-02 19:12:55.931 [PIPE] controller connected
2026-10-02 19:12:56.645 [OUT] 0022 inv=FFD7 len=44 #2 d7ff22000d018ffde6c41a4e1de7e8da31b16f0c67032fca1cdf7e0f7439b74aca61d862c0fd52c4b9debfaa
2026-10-02 19:12:56.749 [OP] 4610 inv=FFFE len=1 #2 2d
2026-10-02 19:12:57.649 [OUT] 0022 inv=FFD5 len=46 #3 d5ff220034d37fd90bec58856fed305427265856fcaa0f7c9daa440e127cc6f4f87f59959562c0fd52c49e9383aa
2026-10-02 19:12:57.697 [OP] 4610 inv=FFFE len=1 #3 49
2026-10-02 19:12:57.855 [OP] 40A0 inv=FF43 len=188 #1 63cdfc0b52faa32b00775b648ad0dcfadb4a0e3c9340173cdcfaa32b1f805b64510bdcfaa32b1f805b64510bdcfaa32b1f805b64510bdcfaa32b1f8070536c7f795bad9378775b648ad0dcfadb4a0e3c9340173cdcfaa32b1f805b64510bdcfaa32b1f805b64510bdcfaa32b1f805b64510bdcfaa32b1f805c5303c4365b29ce65775b64a9d0dcfadb4a394c8a70ae6f186679cf1f805b64510bdcfaa32b1f80
2026-10-02 19:12:57.857 [OP] 4613 inv=FF3F len=192 #1 ad94e6af58d5dcfe2924caaaf3990eec6f51c293b906948d4ba62322f853ca805bdf58ec6fb4bcda34b395e0510b365ba3d91faa5b640b8507d90e6cac805b64992fe7c4202b97b194dc023ca743ba5337df95c8ffb779e8352ecaaa95df510b6fc4f8534745326f43ec68fadb7932804064580bdc5b16876c842d43900bdcfa9c1c10aa4064291790104263bc7913195826e3c4a646d741550758ec6fc4a32b
2026-10-02 19:12:58.236 [OP] F005 inv=FFE7 len=24 #1 26b35c3828d7fb2b1f805b64510bdcfaa3ce1f80897e0f0c
2026-10-02 19:12:58.312 [OP] F005 inv=FFE7 len=24 #2 26b35c3828d7512b1f805b64510bdcfaa3ce97ceddee037f
2026-10-02 19:12:58.659 [OUT] 0022 inv=FFD2 len=49 #4 d2ff2200ae8b048479948dd5a35e75f8353054272658d96fa366838412959d58d17439b74aca6f95a6f801c622f87ecaf2
2026-10-02 19:12:58.711 [OP] 4610 inv=FFFE len=1 #4 5b
2026-10-02 19:12:59.646 [OUT] 0022 inv=FFD5 len=46 #5 d5ff220034d37fd983ec89899e4230542726589f4eaa0f7c9daadd98127cc6f4f8b559559562c0fd52c4df9339aa
2026-10-02 19:12:59.703 [OP] 4610 inv=FFFE len=1 #5 71
2026-10-02 19:13:01.016 [OP] 4211 inv=FFF6 len=9 #5 aa5b6451a4a722a34a
2026-10-02 19:13:01.166 [OP] 47C0 inv=FFE1 len=30 #1 0faac4c88ffd6fe889072710be2831ece6622dea8a6badd958d52192f1c4
2026-10-02 19:13:01.166 [OP] 47C0 inv=FFEA len=21 #2 51cac7e02831ec903347668a3cadd9587fef922bc4
2026-10-02 19:13:01.166 [OP] 4613 inv=FF7E len=129 #2 f8b82fe7c4202b383fc3dc0259585b960e62830ff8cdcf6fb4a0d47079af8a83ec6fc4f82b1faa95df519ba9374651ca1e5bf8510bdce8a3531f804040986c2ab7d62b1f80f1fdfeece6faf853979ac35503756fc4f88cbd79958c1ed06fc4f82b1faa95df519ba9374651ca2a5b64310bdce8a3531f8040ef555c8aa2512b1f80
2026-10-02 19:13:01.168 [OP] 47C0 inv=FFF3 len=12 #3 0253ca3cadd9587fef922bc4
2026-10-02 19:13:01.168 [OP] 4613 inv=FFC2 len=61 #3 aaf1fdfeece6faf853979ac35503756fc4f88cbd79958c1ed06fc4f82b1faa95df519ba9374651ca2a5b64310bdce8a3531f8040ef555c8aa2512b1f80
2026-10-02 19:13:01.168 [OP] 47C0 inv=FFEA len=21 #4 51cac7be2831ece6622dea8a6badd958d52192f1c4
2026-10-02 19:13:01.168 [OP] 47C0 inv=FFF3 len=12 #5 0253ca6badd958d52192f1c4
2026-10-02 19:13:06.151 [OUT] 1F51 inv=FFFF len=4 #1 ffff511f
2026-10-02 19:13:06.200 [OP] 4F52 inv=FFFF len=0 #1 
2026-10-02 19:13:07.276 [OP] 4612 inv=FFEF len=16 #1 c464510b07c2392bb507c464408052fa
2026-10-02 19:13:09.300 [OP] EFFE inv=FFFE len=1 #1 0b
2026-10-02 19:13:09.308 [OP] 4100 inv=FFF9 len=6 #1 051279f1b0d0
2026-10-02 19:13:09.416 [OP] 4101 inv=FC6D len=914 #1 8b3bad809464510bdcfaa32bc8d97b81510bdcfaa32b1f805b64510bdcfaa32b1f805b64510bdcfa4d7c9d4e5b6437fddcfaa32b1f80b1d9510bdcfaa32b1f805b64510bdcfa603bad80c464510bdcfaa32bf6455b645943dcfa83931f80807a510b155a4e78c8d97b81a552155ada2b1f807b81a5526f3016876c842d437f0bdcfaa32b1f805b64519ee6faa32b1f805bdbfd0bdcfaa32b1f805b64510bdcfa
2026-10-02 19:13:09.467 [OUT] 1F51 inv=FFFF len=4 #2 ffff511f
2026-10-02 19:13:09.518 [OP] 4F52 inv=FFFF len=0 #2 
2026-10-02 19:13:10.382 [OUT] 1001 inv=FFF9 len=10 #1 f9ff01101f805b64510b
2026-10-02 19:13:10.430 [OP] 4108 inv=FFE3 len=28 #1 7207c464510bdcfa5f531f80d8f8510bce4051421f805b64510bdcfa
2026-10-02 19:13:10.534 [OP] 4108 inv=FFE3 len=28 #2 7207c464510bdcfa4d531f80d8f8510bce4051ed1f805b64510bdcfa
2026-10-02 19:13:10.534 [OP] 4108 inv=FFF3 len=12 #3 efc2392b1f805b64510bdcfa
2026-10-02 19:13:10.534 [OP] 4108 inv=FFF3 len=12 #4 efc2392b1f805b64580bdcfa
2026-10-02 19:13:10.534 [OP] 4108 inv=FFF3 len=12 #5 efc2392b1f805b640e0bdcfa
2026-10-02 19:13:10.623 [OP] 4104 inv=FFFB len=4 #1 86d31f80
2026-10-02 19:13:10.623 [OP] 4104 inv=FFFB len=4 #2 dcd31faa
2026-10-02 19:13:10.623 [OP] 4104 inv=FFFB len=4 #3 86d31fc7
2026-10-02 19:13:10.623 [OP] 4104 inv=FFFB len=4 #4 86d31fce
2026-10-02 19:13:10.625 [OP] 4104 inv=FFFB len=4 #5 86d31f12
2026-10-02 19:13:12.667 [OP] 4105 inv=FFFE len=1 #1 cd
2026-10-02 19:13:12.667 [OP] 4105 inv=FFFE len=1 #2 af
2026-10-02 19:13:12.678 [OUT] 1005 inv=FFEF len=20 #1 efff0510a498f853d6c75c640b0bd3c4a32b1f80
2026-10-02 19:13:12.771 [OP] 4106 inv=FFFC len=3 #1 e54632
2026-10-02 19:13:12.772 [OP] 4106 inv=FFFC len=3 #2 5139cb
2026-10-02 19:13:12.772 [OP] 4110 inv=FFFD len=2 #1 4d2b
2026-10-02 19:13:12.870 [OP] 4105 inv=FFFE len=1 #3 b2
2026-10-02 19:13:13.025 [OP] 4109 inv=FE8B len=372 #1 63cdfc0b6ffa46d91f805b64510bdcfaf82b1f806e6401c402facccead806b64580bdcfae13b1f80c4cd510bdcc4a32b1f5ea86477ecdcfa8d2b1f805b64510bdcfaa32bca805b64dfb2dcfa393bca805b64510bdcc4a32bca805b64dfb2dcfa393b59805b64510bdcfaa32bca805b64dfb2dcfa393bad805bdf510bdcfaa32b23aa5b6401ba710ea32b1f801e9f510b6ffaa32bf4075b64fcb28bfaa3531f80
2026-10-02 19:13:13.132 [OP] 4106 inv=FFFD len=2 #3 a33b
2026-10-02 19:13:13.132 [OP] 4105 inv=FFFE len=1 #4 ec
2026-10-02 19:13:13.132 [OP] 4106 inv=FFFD len=2 #4 a353
2026-10-02 19:13:13.132 [OP] 4105 inv=FFFE len=1 #5 b1
2026-10-02 19:13:13.132 [OP] 4106 inv=FFFD len=2 #5 a34a
2026-10-02 19:13:13.133 [OP] 4111 inv=FFFD len=2 #1 6bdf
2026-10-02 19:13:15.722 [OP] 4109 inv=FFB7 len=72 #2 7207c464517f6fc4a32b1f805b64510b07faa32bca075b6f87b1dcfa40ce1f806bdf0e0b07faa32b39125b640eeca7faa32b1f805bdf510b8222a32b39125b64080ba7faa32b1f80
2026-10-02 19:13:15.811 [OP] 4111 inv=FFFD len=2 #2 9564
2026-10-02 19:13:16.214 [PIPE] controller disconnected
2026-10-02 19:13:17.119 [OP] 4109 inv=FFB7 len=72 #3 7207c464517f6fc4a3d91f805b64510b07faa32b9dca5b6f87b1dcfa40ce1f8027260e0b07faa32b39125b640eb1c6faa32b1f805bdf510b8222a32b39125b64080bc6faa32b1f80
2026-10-02 19:13:17.220 [OP] 4111 inv=FFFD len=2 #3 1c64
2026-10-02 19:13:18.529 [OP] 4109 inv=FFA7 len=88 #4 b4b252faa393caaa5bdf510bdcfaa32bb9805b640e6ddcae1d4a1f80646f510b3be8db2bb9805b6487b1dcfadb939b805b64510bdcc4a32bb2ce5b6487b1dcfadb2b9b805bdf510b05c4a32b2faa5b64510bdcfaa32b1f80
2026-10-02 19:13:18.633 [OP] 4111 inv=FFFD len=2 #4 9464
2026-10-02 19:13:19.551 [OUT] 1F51 inv=FFFF len=4 #3 ffff511f
2026-10-02 19:13:19.606 [OP] 4F52 inv=FFFF len=0 #3 
2026-10-02 19:13:19.828 [OP] 4109 inv=FF87 len=120 #5 63cdfc0bdce8f8931f805b64510bdcfaa62b1f805bc6510b6ef4a32bc0ef5b642d0b90e8a62b1f80f326510b90fa722b1f805b64510bdcfa96de1f80f326510b90fa722b1faa5b648fecdcfa31931f805b64510bdcfaa32bc0ef5b645fc4dcfaa37829805bdf510b32c4a32bca805b64510bdcfaa32b1f80
2026-10-02 19:13:19.933 [OP] 4111 inv=FFFD len=2 #5 5b64
2026-10-02 19:13:19.933 [OP] 4112 inv=FFFD len=2 #1 02c4
2026-10-02 19:13:20.965 [OP] 46FE inv=FFFF len=0 #1 
2026-10-02 19:13:21.350 [OP] 4112 inv=FFFD len=2 #2 6fc4
2026-10-02 19:13:21.350 [OP] 4112 inv=FFFD len=2 #3 90c4
2026-10-02 19:13:21.350 [OP] 4112 inv=FFFD len=2 #4 8bc4
2026-10-02 19:13:23.420 [PIPE] controller connected
2026-10-02 19:13:24.033 [OP] 4112 inv=FFFD len=2 #5 dcc4
2026-10-02 19:13:28.329 [OP] EFFE inv=FFFE len=1 #2 0b
2026-10-02 19:13:28.687 [SETTLE] exp=2 gold=199366 len=393
2026-10-02 19:13:28.687 [OP] 472A inv=FE76 len=393 #2 33b4de1fc75b64510bdcfaa32b1f805b64510bdce8a32b1f805b64510bdcfaa32b1f805b64510bdc4e722b1f805b6451f06ffaa32b1f805b64510bdcfaa32b1f805b64510bdcfaa32b1f805b64510bdcfaa32b1f805b64510bdcfaa32b1f805b64510bdcfaa32b1f805b64510bdcfaa32b1f805b64510bdcfaa32b1f805b64510bdcfaa32b1f805b64510bdcd8a32b1f6595645185dcfaa3b91f805bef510bdc
2026-10-02 19:13:28.784 [OP] 42CE inv=FFFB len=4 #2 c87f510b
2026-10-02 19:13:29.920 [OP] 4612 inv=FFF3 len=12 #2 90faa32b2e87c4640db252fa
2026-10-02 19:13:34.914 [OP] 4100 inv=FFF9 len=6 #2 0512d9c62dc4
2026-10-02 19:13:35.029 [OP] 4101 inv=FCA5 len=858 #2 b4b252fadb2b1f805b64510b155a4e781f805b64510bdcfaa32b1f805b64510bdcfaa32b1f805b6441fd8b25a32b45ca5b64510bdcfac37c1f805b64510bdcfaa32b1f805b6412b252fa392b1f805b64510bb2dca32bd13b5b64cb7fdcfa5acb1f807b81a552155a4e78c8d97b81530bdcfa4e78c8d995a9bc595ab12b21ac805b64510bdcfaa32b1f4d4064510bdcfaa37634805b64510bdcfaa32b1f805b64
2026-10-02 19:13:35.071 [OUT] 1F51 inv=FFFF len=4 #4 ffff511f
2026-10-02 19:13:35.123 [OP] 4F52 inv=FFFF len=0 #4 
2026-10-02 19:13:36.010 [OUT] 1001 inv=FFF9 len=10 #2 f9ff01101f805b64510b
2026-10-02 19:13:38.197 [OUT] 1005 inv=FFEF len=20 #2 efff0510a498f853d6c75c640b0bd3c4a32b1f80
2026-10-02 19:13:38.295 [OP] 4110 inv=FFFD len=2 #2 4d2b
2026-10-02 19:13:38.345 [OP] EFFE inv=FFFE len=1 #3 0b
2026-10-02 19:13:45.142 [OUT] 1F51 inv=FFFF len=4 #5 ffff511f
2026-10-02 19:13:45.191 [OP] 4F52 inv=FFFF len=0 #5 
2026-10-02 19:13:49.371 [OUT] 1004 inv=FFF3 len=16 #1 f3ff0410e2356b2b59c7c3642d0b59ae
2026-10-02 19:13:49.510 [OP] 4110 inv=FFFD len=2 #3 b72b
2026-10-02 19:13:51.172 [OP] 46FE inv=FFFF len=0 #2 
2026-10-02 19:13:54.128 [SETTLE] exp=1 gold=199366 len=393
2026-10-02 19:13:54.129 [OP] 472A inv=FE76 len=393 #3 33b4de1faa5b64510bdcfaa32b1f805b64510bdce8a32b1f805b64510bdcfaa32b1f805b64510bdc4e722b1f805b6451e06ffaa32b1f805b64510bdcfaa32b1f805b64510bdcfaa32b1f805b64510bdcfaa32b1f805b64510bdcfaa32b1f805b64510bdcfaa32b1f805b64510bdcfaa32b1f805b64510bdcfaa32b1f805b64510bdcfaa32b1f805b64510bdcf9db2b1f265b64513b6ffaa3b91f805b81a55215
2026-10-02 19:13:54.226 [OP] 42CE inv=FFFB len=4 #3 c87f510b
2026-10-02 19:13:56.164 [OUT] 004E inv=FFFA len=9 #1 faff4e00e9580bdcf4
2026-10-02 19:13:56.291 [OP] 4029 inv=FFDF len=32 #1 63cdfc0b82c2a32b1f805b64f208dcfaa32b1f80c97f510b8bc4902b5d809564
2026-10-02 19:13:58.381 [OP] EFFE inv=FFFE len=1 #4 0b
2026-10-02 19:13:59.351 [OP] 4100 inv=FFF9 len=6 #3 0512a8b027c4
2026-10-02 19:13:59.351 [OP] 4101 inv=FCA5 len=858 #3 b4b252fadb2b1f805b64510b155a4e781f805b64510bdcfaa32b1f805b64510bdcfaa32b1f805b6441fd8b25a32b45ca5b64510bdcfac37c1f805b64510bdcfaa32b1f805b6412b252fa392b1f805b64510bb2dca32bd13b5b64cb7fdcfa5acb1f807b81a552155a4e78c8d97b81530bdcfa4e78c8d995a9bc595ab12b21ac805b64510bdcfaa32b234d4064510bdcfaa37634805b64510bdcfaa32b1f805b64
2026-10-02 19:14:00.429 [OUT] 1001 inv=FFF9 len=10 #3 f9ff01101f805b64510b
2026-10-02 19:14:02.754 [OUT] 1005 inv=FFEF len=20 #3 efff0510a498f853d6c75c640b0bd3c4a32b1f80
2026-10-02 19:14:02.835 [OP] 4110 inv=FFFD len=2 #4 4d2b
2026-10-02 19:14:08.397 [OP] EFFE inv=FFFE len=1 #5 0b
2026-10-02 19:14:14.097 [OUT] 1004 inv=FFF3 len=16 #2 f3ff0410e2356b2b59c7c3642d0b59ae
2026-10-02 19:14:14.350 [OP] 4110 inv=FFFD len=2 #5 b72b
2026-10-02 19:14:14.357 [OUT] 1004 inv=FFF3 len=16 #3 f3ff0410e2356b2b59c7c3642d0b59ae
2026-10-02 19:14:21.477 [OP] 46FE inv=FFFF len=0 #3 
2026-10-02 19:14:21.577 [SETTLE] exp=1 gold=199366 len=403
2026-10-02 19:14:21.579 [OP] 472A inv=FE6C len=403 #4 33b4de1faa5b64510bdcfaa32b1f805b64510bdce8a32b1f805b64510bdcfaa32b1f805b64510bdc4e722b1f805b645172dcfaa32b1f805b64510bdcfaa32b1f805b64510bdcfaa32b1f805b64510bdcfaa32b1f805b64510bdcfaa32b1f805b64510bdc5a4e78c8805b64510bdcfaa32b1f805b64510bdcfaa32b1f805b64510bdcfaa32b1f805b64510bdcf9db2b1f265b64513b6ffaa3b91f805b81a55215
2026-10-02 19:14:21.579 [OP] 42CE inv=FFFB len=4 #4 c87f510b
2026-10-02 19:14:24.791 [OP] 4100 inv=FFF9 len=6 #4 0512babed3c4
2026-10-02 19:14:25.053 [OP] 4101 inv=FCA5 len=858 #4 b4b252fadb2b1f805b64510b155a4e781f805b64510bdcfaa32b1f805b64510bdcfaa32b1f805b6441fd8b25a32b45ca5b64510bdcfac37c1f805b64510bdcfaa32b1f805b6412b252fa392b1f805b64510bb2dca32bd13b5b64cb7fdcfa5acb1f807b81a552155a4e78c8d97b81530bdcfa4e78c8d995a9bc595ab12b21ac805b64510bdcfaa32b1f4d4064510bdcfaa37634805b64510bdcfaa32b1f805b64
2026-10-02 19:14:25.867 [OUT] 1001 inv=FFF9 len=10 #4 f9ff01101f805b64510b
2026-10-02 19:14:28.073 [OUT] 1005 inv=FFEF len=20 #4 efff0510a498f853d6c75c640b0bd3c4a32b1f80
2026-10-02 19:14:37.030 [OUT] 1004 inv=FFF3 len=16 #4 f3ff0410e2356b2b5980c3642d0b59ae
2026-10-02 19:14:43.038 [SETTLE] exp=1 gold=199366 len=403
2026-10-02 19:14:43.039 [OP] 472A inv=FE6C len=403 #5 33b4de1faa5b64510bdcfaa32b1f805b64510bdce8a32b1f805b64510bdcfaa32b1f805b64510bdc4e722b1f805b645135dcfaa32b1f805b64510bdcfaa32b1f805b64510bdcfaa32b1f805b64510bdcfaa32b1f805b64510bdcfaa32b1f805b64510bdcfaa32b1f805b64510bdcfaa32b1f805b64510bdcfaa32b1f805b64510bdcfaa32b1f805b64510bdcf9db2b1f009464513b6ffaa3f1ca805b81a55215
2026-10-02 19:14:43.131 [OP] 42CE inv=FFFB len=4 #5 c87f510b
2026-10-02 19:14:45.066 [OUT] 004E inv=FFFA len=9 #2 faff4e00e9580bdce8
2026-10-02 19:14:45.222 [OP] 4029 inv=FFDF len=32 #2 63cdfc0b606ea32b1f805b64cf7fdcfaa32b1f80946494ed90c4902b17809564
2026-10-02 19:14:45.910 [OP] 4722 inv=FFEC len=19 #1 9ef3ce5bb023d0dc5a4e78c8c7bf64510b3e22
2026-10-02 19:14:48.260 [OP] 4100 inv=FFF9 len=6 #5 05125bac01c4
2026-10-02 19:14:48.364 [OP] 4101 inv=FCA5 len=858 #5 b4b252fadb2b1f805b64510b155a4e781f805b64510bdcfaa32b1f805b64510bdcfaa32b1f805b6441fd8b25a32b45ca5b64510bdcfac37c1f805b64510bdcfaa32b1f805b6412b252fa392b1f805b64510bb2dca32bd13b5b64cb7fdcfa5acb1f807b81a552155a4e78c8d97b81530bdcfa4e78c8d995a9bc595ab12b21ac805b64510bdcfaa32b1f4d4064510bdcfaa3dda5805b64510bdcfaa32b1f805b64
2026-10-02 19:14:49.322 [OUT] 1001 inv=FFF9 len=10 #5 f9ff01101f805b64510b
2026-10-02 19:14:51.473 [OUT] 1005 inv=FFEF len=20 #5 efff0510a498f853d6c75c640b0bd3c4a32b1f80
2026-10-02 19:14:51.693 [OP] 46FE inv=FFFF len=0 #4 
2026-10-02 19:14:58.192 [OUT] 1004 inv=FFF3 len=16 #5 f3ff0410e2356b2b5980c3642d0b59ae
2026-10-02 19:15:04.611 [SETTLE] exp=1 gold=199366 len=403
2026-10-02 19:15:06.647 [OUT] 004E inv=FFFA len=9 #3 faff4e00e9580bdcf4
2026-10-02 19:15:06.805 [OP] 4029 inv=FFDF len=32 #3 63cdfc0b82c2a32b1f805b64f208dcfaa32b1f80da7f510b8bc4902ba4809564
2026-10-02 19:15:21.994 [OP] 46FE inv=FFFF len=0 #5 
2026-10-02 19:15:38.584 [SETTLE] exp=1 gold=199366 len=393
2026-10-02 19:15:59.918 [SETTLE] exp=2 gold=199366 len=393
2026-10-02 19:16:34.782 [SETTLE] exp=1 gold=199366 len=393
2026-10-02 19:16:36.811 [OUT] 004E inv=FFFA len=9 #4 faff4e00e9580bdce8
2026-10-02 19:16:36.903 [OP] 4029 inv=FFDF len=32 #4 63cdfc0b606ea32b1f805b64cf7fdcfaa32b1f809464830b90c4902bfc809564
2026-10-02 19:17:03.352 [SETTLE] exp=2 gold=199366 len=393
2026-10-02 19:17:05.376 [OUT] 004E inv=FFFA len=9 #5 faff4e00e9580bdcf4
2026-10-02 19:17:05.469 [OP] 4029 inv=FFDF len=32 #5 63cdfc0b49c2a32b1f805b64f208dcfaa32b1f80dd7f510b8bc4902b20809564
2026-10-02 19:17:32.205 [SETTLE] exp=2 gold=199366 len=393
2026-10-02 19:17:54.070 [OP] F005 inv=FFE7 len=24 #3 ed3572a4cd97854d1f805b64510bdcfaa3ceb607031aa80c
2026-10-02 19:18:11.448 [SETTLE] exp=2 gold=199366 len=403
2026-10-02 19:18:24.267 [OP] F005 inv=FFE7 len=24 #4 26b35c3828d7fb2b1f805b64510bdcfaa3de1f80897e0f0c
2026-10-02 19:18:42.232 [SETTLE] exp=2 gold=199366 len=403
2026-10-02 19:19:19.133 [SETTLE] exp=1 gold=199366 len=393
2026-10-02 19:19:48.837 [SETTLE] exp=1 gold=199366 len=393
2026-10-02 19:20:17.317 [SETTLE] exp=2 gold=199366 len=403
2026-10-02 19:20:37.699 [OP] F005 inv=FFE7 len=24 #5 26b35c3828d7512b1f805b64510bdcfaa3de1f805dd684c8
2026-10-02 19:21:03.660 [SETTLE] exp=2 gold=199366 len=393
2026-10-02 19:21:34.586 [SETTLE] exp=2 gold=199366 len=393
2026-10-02 19:22:03.225 [OP] 46E0 inv=FDF7 len=520 #1 63cdfc0b6ffaa32be787c464580bdcfa7f4d1f809564510b1a48822bd62f8823db7affc02142ad8066b22b0bdcfae02b2997f123e6a3b1ca392b59807451e650e2c1751305009e3edea391fad19720801c640fd0e74f5770e31e5cdc510b155aa5dffc802c6f94d0dc08a32bad804d7ffc0bdcfa1c7048ce0b472b0b6e10e02b2cca3af167df3dfa35571f807a5c06d0dcfa4e78973f987f1d4ad49995a86d80
2026-10-02 19:22:03.334 [SETTLE] exp=2 gold=199366 len=393
2026-10-02 19:22:17.555 [SETTLE] exp=1 gold=199366 len=393
2026-10-02 19:23:06.516 [SETTLE] exp=2 gold=199366 len=393
2026-10-02 19:23:06.621 [OP] 4210 inv=FFF3 len=12 #1 450bdcfaf52b1f80baecfc0b
2026-10-02 19:23:38.474 [SETTLE] exp=1 gold=199366 len=393
2026-10-02 19:24:08.824 [SETTLE] exp=2 gold=199366 len=393
2026-10-02 19:24:41.584 [SETTLE] exp=1 gold=199366 len=393
2026-10-02 19:25:32.428 [SETTLE] exp=2 gold=199366 len=403
2026-10-02 19:26:04.440 [SETTLE] exp=1 gold=199366 len=393
2026-10-02 19:26:37.369 [SETTLE] exp=2 gold=199366 len=393
2026-10-02 19:26:37.458 [OP] 4210 inv=FFF3 len=12 #2 450bdcfa382b1f80a1ecfc0b
2026-10-02 19:27:04.586 [SETTLE] exp=2 gold=199366 len=393
2026-10-02 19:27:34.885 [SETTLE] exp=1 gold=199366 len=393
2026-10-02 19:28:17.477 [SETTLE] exp=1 gold=199366 len=393
2026-10-02 19:28:51.750 [OP] 46E0 inv=FDF7 len=520 #2 63cdfc0b6ffaa32b7207c464580bdcfa44661f80c064250b23d6e4ded62f88230acb2cc0dc29598066b22b0bdcfae02b91b2c67fdb4bc4fadb2b610749dbfd500cd67513c0805b64519adcfa232b1f80c464b27535cd467087562a6443508cae0f8efc805b64510bdc08a32b1f805b64830bdcfa404cae120b472b0b6e10e02b69e57ed9438b8efa119408ce118a9cd004b663c45b9f097f1d4ad49995a86d80
2026-10-02 19:28:51.850 [SETTLE] exp=1 gold=199366 len=403
2026-10-02 19:28:53.114 [OUT] 0048 inv=FFF7 len=12 #1 f7ff4800dcfaa32b1fa49564
2026-10-02 19:28:53.258 [OP] 4721 inv=FFF7 len=8 #1 efc2392b1fa49564
2026-10-02 19:29:20.062 [SETTLE] exp=2 gold=199366 len=393
2026-10-02 19:29:55.086 [SETTLE] exp=2 gold=199366 len=393
2026-10-02 19:30:13.099 [SETTLE] exp=2 gold=199366 len=393
2026-10-02 19:30:47.070 [SETTLE] exp=2 gold=199366 len=393
2026-10-02 19:31:20.572 [SETTLE] exp=1 gold=199366 len=403
2026-10-02 19:31:50.242 [SETTLE] exp=1 gold=199366 len=393
2026-10-02 19:32:20.773 [SETTLE] exp=2 gold=199366 len=393
2026-10-02 19:32:39.849 [SETTLE] exp=2 gold=199366 len=393
2026-10-02 19:33:11.512 [SETTLE] exp=1 gold=199366 len=393
2026-10-02 19:33:53.805 [SETTLE] exp=2 gold=199366 len=393
2026-10-02 19:34:34.370 [SETTLE] exp=2 gold=199366 len=393
2026-10-02 19:35:03.034 [SETTLE] exp=2 gold=199366 len=403
2026-10-02 19:35:37.847 [SETTLE] exp=2 gold=199366 len=393
2026-10-02 19:36:02.950 [SETTLE] exp=2 gold=199366 len=403
2026-10-02 19:36:27.713 [SETTLE] exp=1 gold=199366 len=403
2026-10-02 19:36:52.643 [SETTLE] exp=1 gold=199366 len=393
2026-10-02 19:37:14.482 [PIPE] controller disconnected
2026-10-02 19:37:18.028 [INIT] dll unloaded
2026-10-02 19:37:55.752 [INIT] dll loaded, pid=13044
2026-10-02 19:37:55.754 [INIT] codec loaded OK
2026-10-02 19:37:55.754 [INIT] iat hooks: recv=1 send=1 WSASend=1 connect=1 closesocket=1
2026-10-02 19:37:56.791 [SETTLE] exp=2 gold=199366 len=393
2026-10-02 19:37:56.791 [OP] 472A inv=FE76 len=393 #1 33b4de1fc75b64510bdcfaa32b1f805b64510bdce8a32b1f805b64510bdcfaa32b1f805b64510bdc4e722b1f805b6451f06ffaa32b1f805b64510bdcfaa32b1f805b64510bdcfaa32b1f805b64510bdcfaa32b1f805b64510bdcfaa32b1f805b64510bdcfaa32b1f805b64510bdcfaa32b1f805b64510bdcfaa32b1f805b64510bdcfaa32b1f805b64510bdce4f82b1f859564514d6ffaa3ebca805b81a55215
2026-10-02 19:37:56.842 [OUT] 0022 inv=FFD6 len=45 #1 d6ff2200ef6328317f6f05ba9f24a9add9b2ecfeae6683841295e258757439b74acadb9553f801c622f836ad6c
2026-10-02 19:37:57.852 [OUT] 0022 inv=FFD7 len=44 #2 d7ff22000d018ffd90c468d50fc9e8da31b16f3546032fca1cdfabc47439b74aca9ec482f801c622f8e8ad6d
2026-10-02 19:37:58.859 [OUT] 0022 inv=FFD7 len=44 #3 d7ff22000d018ffd90c43b3839c9e8da31b16f3546032fca1cdfabc47439b74acaf0c4acf801c622f8fbad03
2026-10-02 19:37:59.572 [OP] EFFE inv=FFFE len=1 #1 0b
2026-10-02 19:37:59.849 [OUT] 0022 inv=FFD7 len=44 #4 d7ff22000d018ffd90c4296a60c9e8da31b16f3520032fca1cdfabd57439b74acaa2c4bef801c622f81bad5a
2026-10-02 19:38:00.846 [OUT] 0022 inv=FFD7 len=44 #5 d7ff22000d018ffd90c40f00f6c9e8da31b16f3557032fca1cdfab087439b74aca33c454f801c622f804ad2a
2026-10-02 19:38:00.894 [CLOSE] main sock 2444 closed
2026-10-02 19:38:03.769 [PIPE] controller connected
2026-10-02 19:38:09.585 [OP] EFFE inv=FFFE len=1 #2 0b
2026-10-02 19:38:29.620 [OP] EFFE inv=FFFE len=1 #3 0b
2026-10-02 19:43:16.124 [PIPE] controller disconnected
