2026-10-03 00:14:20.915 [INIT] dll loaded, pid=2036
2026-10-03 00:14:20.915 [INIT] codec loaded OK
2026-10-03 00:14:20.915 [INIT] iat hooks: recv=1 send=1 WSASend=1 connect=1 closesocket=1 WSAEventSelect=1
2026-10-03 00:14:21.168 [OP] 47C0 inv=FFF3 len=12 #1 0253cad37fd958d5606ef16f
2026-10-03 00:14:21.168 [OP] 47C0 inv=FFD8 len=39 #2 b39526127cc6c4fd3c297c5cc88ffd6ff4d17c5b8c03da31ec8ba5b70eeceaadd958b1cd531abb
2026-10-03 00:14:21.168 [OP] 47C0 inv=FFE1 len=30 #3 0faac4c88ffd6ff4d17c5b8c03da31ec8ba5b70eeceaadd958b1cd531abb
2026-10-03 00:14:21.168 [OP] 47C0 inv=FFEA len=21 #4 51cac703da31ec8ba5b70eeceaadd958b1cd531abb
2026-10-03 00:14:21.169 [OP] 47C0 inv=FFF3 len=12 #5 0253caeaadd958b1cd531abb
2026-10-03 00:14:21.761 [EVENT] sock=2620 hEvent=00000A2C events=0x0
2026-10-03 00:14:21.761 [EVENT] sock=2620 hEvent=00000A2C events=0x21
2026-10-03 00:14:23.658 [EVENT] sock=2732 hEvent=00000864 events=0x0
2026-10-03 00:14:23.658 [EVENT] sock=2732 hEvent=00000864 events=0x21
2026-10-03 00:14:24.123 [OP] 4100 inv=FFF9 len=6 #1 98aa13dfb3ec
2026-10-03 00:14:24.217 [EVENT] sock=2620 hEvent=00000A2C events=0x0
2026-10-03 00:14:24.217 [EVENT] sock=2620 hEvent=00000A2C events=0x21
2026-10-03 00:14:24.230 [OP] 4101 inv=FC6D len=914 #1 d85dad805b64510bdcfaa32bc8d97b81510bdcfaa32b1f805b64510bdcfaa32b1f805b64510bdcfa5f3b9d4e5b6437fddcfaa32b1f80b1d9510bdcfaa32b1f805b64510bdcfa603bad80c464510bdcfaa32bf6455b645943dcfa83931f80807a510b155a4e78c8d97b81a552155ada2b1f807b81a5526fc616876c842d437f0bdcfaa32b1f805b64b2ae02faa32b1f805bd82d0bdcfaa32b1f805b64510bdcfa
2026-10-03 00:14:24.274 [OP] 4F52 inv=FFFF len=0 #1 
2026-10-03 00:14:25.190 [EVENT] sock=2620 hEvent=00000A2C events=0x0
2026-10-03 00:14:25.190 [EVENT] sock=2620 hEvent=00000A2C events=0x21
2026-10-03 00:14:25.357 [OP] 4108 inv=FFE3 len=28 #1 6787c464510bdcfa21531f80d8f8510bce4051421f805b64510bdcfa
2026-10-03 00:14:25.454 [OP] 4108 inv=FFE3 len=28 #2 6787c464510bdcfa4d531f80d8f8510bce4051ed1f805b64510bdcfa
2026-10-03 00:14:25.456 [OP] 4108 inv=FFE3 len=28 #3 6787c464510bdcfa22531f80d8f8510bce40515d1f805b64510bdcfa
2026-10-03 00:14:25.456 [OP] 4108 inv=FFF3 len=12 #4 3e0e392b1f805b64510bdcfa
2026-10-03 00:14:25.456 [OP] 4108 inv=FFF3 len=12 #5 3e0e392b1f805b64580bdcfa
2026-10-03 00:14:25.456 [OP] 4104 inv=FFFB len=4 #1 3cae1f80
2026-10-03 00:14:25.456 [OP] 4104 inv=FFFB len=4 #2 3cae1faa
2026-10-03 00:14:25.457 [OP] 4104 inv=FFFB len=4 #3 3cae1fc7
2026-10-03 00:14:25.457 [OP] 4104 inv=FFFB len=4 #4 3cae1fce
2026-10-03 00:14:25.457 [OP] 4104 inv=FFFB len=4 #5 0a081f12
2026-10-03 00:14:27.643 [OP] 4105 inv=FFFE len=1 #1 3d
2026-10-03 00:14:27.643 [OP] 4105 inv=FFFE len=1 #2 c0
2026-10-03 00:14:27.643 [OP] 4105 inv=FFFE len=1 #3 af
2026-10-03 00:14:27.790 [OP] 4106 inv=FFFC len=3 #1 b1fdcb
2026-10-03 00:14:27.790 [OP] 4106 inv=FFFC len=3 #2 a539ee
2026-10-03 00:14:27.790 [OP] 4105 inv=FFFE len=1 #4 0c
2026-10-03 00:14:27.883 [OP] 4109 inv=FE3B len=452 #1 7aecfc0b6ffa46bb1f795b64510bdcfaf82b1f806e6401c402facccead80c064580bdcfae13b1f80c461510bdcc4a32b1fb5a82677ecdcfa8d2b1f805b64510bdcfaa32bca805b64dfb2dcfa39c4ca805bdf510bdcfaa32b23aa5b6401ba710ea32b1f801e9f510b6ffaa32bf4075b64fc0c90faa32b1f805b64510b6ffaa32bf4075b64fc0c52faa32b1f805b64510b6ffaa32bf4075b64fc0c8bfaa32b1f80
2026-10-03 00:14:27.974 [OP] 4106 inv=FFFC len=3 #3 e546ed
2026-10-03 00:14:27.974 [OP] 4106 inv=FFFD len=2 #4 a3c4
2026-10-03 00:14:27.974 [OP] 4111 inv=FFFD len=2 #1 c064
2026-10-03 00:14:28.069 [OP] 4112 inv=FFFD len=2 #1 90c4
2026-10-03 00:14:30.686 [OP] 4109 inv=FFB7 len=72 #2 6787c464517f6fc4a3ee1f805b64510b07faa32bca105b6487b1dcfa40ce1f80c0df0e0b07faa32b39125b640eec66faa32b1f805bdf510b8222a32b39125b64080b66faa32b1f80
2026-10-03 00:14:30.782 [OP] 4105 inv=FFFE len=1 #5 0b
2026-10-03 00:14:30.783 [OP] 4106 inv=FFFD len=2 #5 f82b
2026-10-03 00:14:30.783 [OP] 4111 inv=FFFD len=2 #2 9564
2026-10-03 00:14:31.216 [OP] 4033 inv=FFE8 len=23 #1 8c5b6f51b1dcfaa32b1fb0c835985c46faa35a4569da64
2026-10-03 00:14:32.035 [OP] 4109 inv=FF0F len=240 #3 7aecfc0b6ffafd4a1f805b64510bdcfaf82b1f80c36446b16afa384a9d805b64580bdcfabf6f1f801c64af0bdcfaa32b1f805b64580bdcfabf6f1f801c643b0bdcfaa32b1f8058f2580bdcfabf6f1f801c64310bdcfaa32b1f80e4f0580bdcfabf6f1f801c647b0bdcfaa32b1f80b7642c75dcfabf6f1f801c64af0bdcc4a32b23aa5b64715e54dca32b1f803000510bab5ba32bb08c5b64b20b66faa3531f80
2026-10-03 00:14:32.121 [OP] 4111 inv=FFFD len=2 #3 5b64
2026-10-03 00:14:33.761 [OP] EFFE inv=FFFE len=1 #1 0b
2026-10-03 00:14:34.121 [OP] 4109 inv=FF0F len=240 #4 7aecfc0b6ffafd4a1faa5b64510bdcfaf82b1f80c36446b16afa384a9d80c464580bdcfabf6f1f801c7faf0bdcfaa32b1f805b64580bdcfabf6f1f801c7f3b0bdcfaa32b1f801c8a580bdcfabf6f1f801c7f310bdcfaa32b1f80a6bb580bdcfabf6f1f801c7f7b0bdcfaa32b1f8008642c75dcfabf6f1f801c64af0bdcc4a32b23aa5b64715e54dca32b1f803000510bab5ba32bb08c5b64b20b66faa3531f80
2026-10-03 00:14:34.216 [OP] 4111 inv=FFFD len=2 #4 c464
2026-10-03 00:14:34.302 [EVENT] sock=2620 hEvent=00000A2C events=0x0
2026-10-03 00:14:34.302 [EVENT] sock=2620 hEvent=00000A2C events=0x21
2026-10-03 00:14:34.347 [OP] 4F52 inv=FFFF len=0 #2 
2026-10-03 00:14:36.002 [OP] 46FE inv=FFFF len=0 #1 
2026-10-03 00:14:36.500 [OP] 4109 inv=FE9F len=352 #5 7aecfc0b6ffafd241f805b64510bdcfaf82b1f806e6401c402facccead806e64580bdcfae13b1f80c4c6510bdcc4a32b1f805b6477ecdcfae02b1f805b64510bdcfaa32bca805b64dfb2dcfa3906ca805b64510bdcc4a32bca805b64dfb2dcfa3906ad805b64510bdcfaa32bca805b64dfb2dcfa39069d805b64510bdc6ef82bfa4e5b64d5b2dcfa392b1f805bdf510b05c4a32bfbce5b64510bdcfaa32b1f80
2026-10-03 00:14:36.595 [OP] 4111 inv=FFFD len=2 #5 6edf
2026-10-03 00:14:36.595 [OP] 4112 inv=FFFD len=2 #2 dcc4
2026-10-03 00:14:36.595 [OP] 4112 inv=FFFD len=2 #3 52c4
2026-10-03 00:14:36.595 [OP] 4112 inv=FFFD len=2 #4 8bc4
2026-10-03 00:14:39.328 [OP] 4112 inv=FFFD len=2 #5 6fc4
2026-10-03 00:14:41.844 [OP] 4033 inv=FFEB len=20 #2 fd0b8ffafd2b1f805b64002de9faa35a4569da64
2026-10-03 00:14:43.043 [OP] 4031 inv=FFE0 len=31 #1 fddccaa3ed1f805b6451e416f163829055542a300bdc39d0349a7150d8ee0b
2026-10-03 00:14:43.770 [OP] EFFE inv=FFFE len=1 #2 0b
2026-10-03 00:14:43.876 [SETTLE] exp=3394 gold=201748 len=403
2026-10-03 00:14:43.877 [OP] 472A inv=FE6C len=403 #1 0ed8de1f3a6e64510bdcfaa32b1f805b64510bdc9b202b1f805b6451d0dcfaa309ca805b64510bdc05392b1f805b64517d90faa32b1f805b4e270bdcfaa32b1f794664510bdcfaa32b1f805b64510bdcfaa32b1f805b64510bdcfaa32b1f805b64510bdcfaa32b1f805b64510bdcfaa32b1f805b64510bdcfaa32b1f805b64510bdcfaa32b1f805b64510bdcb5a32b1fc3956451fa6ffaa3731f805bd3580bdc
2026-10-03 00:14:43.964 [OP] 42CE inv=FFFB len=4 #1 c87f510b
2026-10-03 00:14:44.065 [OP] 4211 inv=FFF6 len=9 #1 aa5b64515ca722a34a
2026-10-03 00:14:44.065 [OP] 4211 inv=FFF6 len=9 #2 aa5b6451e3a722a34a
2026-10-03 00:14:44.065 [OP] 4211 inv=FFF6 len=9 #3 aa5b64516d3e22a34a
2026-10-03 00:14:44.065 [OP] 4211 inv=FFF6 len=9 #4 aa5b645134a722a34a
2026-10-03 00:14:47.969 [OP] 4100 inv=FFF9 len=6 #2 98aa437f417f
2026-10-03 00:14:48.056 [EVENT] sock=2620 hEvent=00000A2C events=0x0
2026-10-03 00:14:48.056 [EVENT] sock=2620 hEvent=00000A2C events=0x21
2026-10-03 00:14:48.160 [OP] 4F52 inv=FFFF len=0 #3 
2026-10-03 00:14:48.160 [OP] 4101 inv=FC35 len=970 #2 7aecfc0bdcfaa32b1f805b64a552155aa32b1f805b64510bdcfaa32b1f805b64510bdcfaa32b1f80bacdb2b2dcfac37c1f805b64510bac9fa32b1f805b64510bdcfaa32b1f8041cdfc0b52faa32b1f805b646244dcfaf7f51f8056f8510b9b02a32bc8d97b81a552155a4e78c8d93564510b155a4e78ca7726b35c3828d7fb2b1f805b64510bdcfa8ec229805b64510bdc4e722b1f805b64510bdcfaa32b1f80
2026-10-03 00:14:49.031 [EVENT] sock=2620 hEvent=00000A2C events=0x0
2026-10-03 00:14:49.031 [EVENT] sock=2620 hEvent=00000A2C events=0x21
2026-10-03 00:14:53.658 [EVENT] sock=2732 hEvent=00000864 events=0x0
2026-10-03 00:14:53.658 [EVENT] sock=2732 hEvent=00000864 events=0x21
2026-10-03 00:14:58.179 [EVENT] sock=2620 hEvent=00000A2C events=0x0
2026-10-03 00:14:58.179 [EVENT] sock=2620 hEvent=00000A2C events=0x21
2026-10-03 00:14:58.226 [OP] 4F52 inv=FFFF len=0 #4 
2026-10-03 00:15:00.448 [OP] F005 inv=FFE7 len=24 #1 26b35c3828d7512b1f805b64510bdcfaa3de1f8091dc8db2
2026-10-03 00:15:00.689 [OP] F005 inv=FFE7 len=24 #2 26b35c3828d7512b1f805b64510bdcfaa3de1f8091dc8db2
2026-10-03 00:15:02.918 [SETTLE] exp=4144 gold=201748 len=403
2026-10-03 00:15:02.918 [OP] 472A inv=FE6C len=403 #2 0ed8de1f6a5764510bdcfaa32b1f805b64510bdc70572b1f805b6451d0dcfaa3b0ca805b64510bdc05392b1f805b64517d90faa32b1f805b4e270bdcfaa32b1f794664510bdcfaa32b1f805b64510bdcfaa32b1f805b64510bdcfaa32b1f805b64510bdcfaa32b1f805b64510bdcfaa32b1f805b64510bdcfaa32b1f805b64510bdcfaa32b1f805b64510bdcbdf82b1f2c5b6451fa6ffaa391ca805b5c510bdc
2026-10-03 00:15:03.015 [OP] 4235 inv=FFFA len=5 #1 5d67ce5b64
2026-10-03 00:15:03.015 [OP] 42CE inv=FFFB len=4 #2 c87f510b
2026-10-03 00:15:03.015 [OP] 4211 inv=FFF6 len=9 #5 aa5b64515ca722a34a
2026-10-03 00:15:06.498 [OP] 46FE inv=FFFF len=0 #2 
2026-10-03 00:15:08.537 [PIPE] controller connected
2026-10-03 00:15:09.236 [OP] 4100 inv=FFF9 len=6 #3 98aa61f8a47f
2026-10-03 00:15:09.324 [EVENT] sock=2620 hEvent=00000A2C events=0x0
2026-10-03 00:15:09.324 [EVENT] sock=2620 hEvent=00000A2C events=0x21
2026-10-03 00:15:09.659 [OP] 4101 inv=FC35 len=970 #3 7aecfc0bdcfaa32b1f805b64a552155aa32b1f805b64510bdcfaa32b1f805b64510bdcfaa32b1f80bacdb2b2dcfac37c1f805b64510bac9fa32b1f805b64510bdcfaa32b1f8041cdfc0b52faa32b1f805b646244dcfaf7f51f8056f8510b9b02a32bc8d97b81a552155a4e78c8d93564510b155a4e78ca7726b35c3828d7fb2b1f805b64510bdcfaa3c229805b64510bdc4e722b1f805b64510bdcfaa32b1f80
2026-10-03 00:15:09.726 [OP] 4F52 inv=FFFF len=0 #5 
2026-10-03 00:15:10.255 [OP] F020 inv=FFBD len=66 #1 a32b1f80b327535f050a3d238673afb7510bdcfaa32b1f805b07740f64adc3a9a158301c7498b6fcad1c1f17e4484c5a5780b42b4b1de9eb5ba65d2309c61f805b64
2026-10-03 00:15:10.284 [EVENT] sock=2732 hEvent=00000864 events=0x0
2026-10-03 00:15:10.284 [EVENT] sock=2732 hEvent=00000864 events=0x21
2026-10-03 00:15:10.303 [EVENT] sock=2620 hEvent=00000A2C events=0x0
2026-10-03 00:15:10.304 [EVENT] sock=2620 hEvent=00000A2C events=0x21
2026-10-03 00:15:10.833 [OP] E060 inv=FFD3 len=44 #1 44ee72ff064960dda32b1f805b64510bdcd228daad3e9464bf6edcfa4d0a1f805b64510b5efaa32b348043d9
2026-10-03 00:15:19.749 [EVENT] sock=2620 hEvent=00000A2C events=0x0
2026-10-03 00:15:19.750 [EVENT] sock=2620 hEvent=00000A2C events=0x21
2026-10-03 00:15:20.811 [OP] EFFE inv=FFFE len=1 #3 0b
2026-10-03 00:15:23.660 [EVENT] sock=2732 hEvent=00000864 events=0x0
2026-10-03 00:15:23.660 [EVENT] sock=2732 hEvent=00000864 events=0x21
2026-10-03 00:15:23.769 [OP] 4031 inv=FFD8 len=39 #2 47a3c41f805b6451ecdc2b6cb91c363ed8893ca224290a71d546645134222aca668805af48de0b
2026-10-03 00:15:26.591 [SETTLE] exp=3850 gold=201748 len=393
2026-10-03 00:15:26.591 [OP] 472A inv=FE76 len=393 #3 0ed8de1f07ba64510bdcfaa32b1f805b64510bdc7b232b1f805b6451d0dcfaa3b0ca805b64510bdc05392b1f805b64517d90faa32b1f805b4e270bdcfaa32b1f794664510bdcfaa32b1f805b64510bdcfaa32b1f805b64510bdcfaa32b1f805b64510bdcfaa32b1f805b64510bdcfaa32b1f805b64510bdcfaa32b1f805b64510bdcfaa32b1f805b64510bdcb5a32b1f2c5b645153dcfaa3731f805bd3580bdc
2026-10-03 00:15:26.679 [OP] 42CE inv=FFFB len=4 #3 c87f510b
2026-10-03 00:15:30.444 [PIPE] controller disconnected
2026-10-03 00:15:30.699 [OP] 4100 inv=FFF9 len=6 #4 98aa34f8677f
2026-10-03 00:15:30.796 [EVENT] sock=2620 hEvent=00000A2C events=0x0
2026-10-03 00:15:30.796 [EVENT] sock=2620 hEvent=00000A2C events=0x21
2026-10-03 00:15:30.798 [OP] 4101 inv=FBFD len=1026 #4 238052faa32b1f805b64510b155a4e781f805b64510bdcfaa32b1f805b64510bdcfaa32b1f805b64fbb28b53a32b45ca5b64510bdcfac37c1f805b64510bdcfaa32b1f805b6412b252fa392b1f805b64510bb2dca32bd13b5b64cb7fdcfa5acb1f807b81a552155a4e78c8d97b81530bdcfa4e78c8d995b0bc595ab12b21ac805b64510bdcfaa32b39e96e64510bdcfaa3c229805b64510bdcfaa32b1f805b64
2026-10-03 00:15:31.777 [EVENT] sock=2620 hEvent=00000A2C events=0x0
2026-10-03 00:15:31.777 [EVENT] sock=2620 hEvent=00000A2C events=0x21
2026-10-03 00:15:33.823 [OP] EFFE inv=FFFE len=1 #4 0b
2026-10-03 00:15:36.406 [OP] 46FE inv=FFFF len=0 #3 
2026-10-03 00:15:40.866 [EVENT] sock=2620 hEvent=00000A2C events=0x0
2026-10-03 00:15:40.866 [EVENT] sock=2620 hEvent=00000A2C events=0x21
2026-10-03 00:15:43.919 [OP] EFFE inv=FFFE len=1 #5 0b
2026-10-03 00:15:51.021 [EVENT] sock=2620 hEvent=00000A2C events=0x0
2026-10-03 00:15:51.022 [EVENT] sock=2620 hEvent=00000A2C events=0x21
2026-10-03 00:15:53.661 [EVENT] sock=2732 hEvent=00000864 events=0x0
2026-10-03 00:15:53.661 [EVENT] sock=2732 hEvent=00000864 events=0x21
2026-10-03 00:15:54.591 [SETTLE] exp=4600 gold=201748 len=393
2026-10-03 00:15:54.592 [OP] 472A inv=FE76 len=393 #4 0ed8de1f3fa164510bdcfaa32b1f805b64510bdc88572b1f805b6451d0dcfaa323ca805b64510bdc05392b1f805b64517d90faa32b1f805b4e270bdcfaa32b1f794664510bdcfaa32b1f805b64510bdcfaa32b1f805b64510bdcfaa32b1f805b64510bdcfaa32b1f805b64510bdcfaa32b1f805b64510bdcfaa32b1f805b64510bdcfaa32b1f805b64510bdcb5a32b1f2c5b6451fa6ffaa3ccca805b5c510bdc
2026-10-03 00:15:54.683 [OP] 42CE inv=FFFB len=4 #4 c87f510b
2026-10-03 00:16:00.683 [OP] 4100 inv=FFF9 len=6 #5 98aa437f417f
2026-10-03 00:16:00.799 [EVENT] sock=2620 hEvent=00000A2C events=0x0
2026-10-03 00:16:00.799 [EVENT] sock=2620 hEvent=00000A2C events=0x21
2026-10-03 00:16:00.855 [OP] 4101 inv=FC35 len=970 #5 7aecfc0bdcfaa32b1f805b64a552155aa32b1f805b64510bdcfaa32b1f805b64510bdcfaa32b1f80bacdb2b2dcfac37c1f805b64510bac9fa32b1f805b64510bdcfaa32b1f8041cdfc0b52faa32b1f805b646244dcfaf7f51f8056f8510b9b02a32bc8d97b81a552155a4e78c8d93564510b155a4e78ca7726b35c3828d7fb2b1f805b64510bdcfae1c229805b64510bdc4e722b1f805b64510bdcfaa32b1f80
2026-10-03 00:16:01.732 [EVENT] sock=2620 hEvent=00000A2C events=0x0
2026-10-03 00:16:01.733 [EVENT] sock=2620 hEvent=00000A2C events=0x21
2026-10-03 00:16:06.676 [OP] 46FE inv=FFFF len=0 #4 
2026-10-03 00:16:10.980 [EVENT] sock=2620 hEvent=00000A2C events=0x0
2026-10-03 00:16:10.981 [EVENT] sock=2620 hEvent=00000A2C events=0x21
2026-10-03 00:16:17.803 [SETTLE] exp=3850 gold=201748 len=403
2026-10-03 00:16:17.804 [OP] 472A inv=FE6C len=403 #5 0ed8de1f07ba64510bdcfaa32b1f805b64510bdc7b232b1f805b6451d0dcfaa3b0ca805b64510bdc05392b1f805b64517d90faa32b1f805bd9270bdcfaa32b1f794664510bdcfaa32b1f805b64510bdcfaa32b1f805b64510bdcfaa32b1f805b64510bdcfaa32b1f805b64510bdcfaa32b1f805b64510bdcfaa32b1f805b64510bdcfaa32b1f805b64510bdcb5a32b1f1b95645153dcfaa3731f805b5c510bdc
2026-10-03 00:16:17.893 [OP] 42CE inv=FFFB len=4 #5 c87f510b
2026-10-03 00:16:21.764 [EVENT] sock=2620 hEvent=00000A2C events=0x0
2026-10-03 00:16:21.764 [EVENT] sock=2620 hEvent=00000A2C events=0x21
2026-10-03 00:16:23.662 [EVENT] sock=2732 hEvent=00000864 events=0x0
2026-10-03 00:16:23.662 [EVENT] sock=2732 hEvent=00000864 events=0x21
2026-10-03 00:16:24.976 [EVENT] sock=2620 hEvent=00000A2C events=0x0
2026-10-03 00:16:24.976 [EVENT] sock=2620 hEvent=00000A2C events=0x21
2026-10-03 00:16:25.966 [EVENT] sock=2620 hEvent=00000A2C events=0x0
2026-10-03 00:16:25.966 [EVENT] sock=2620 hEvent=00000A2C events=0x21
2026-10-03 00:16:28.155 [OP] 4031 inv=FFCD len=50 #3 00fa462b9d805b64510b2c93e6dd8227f8fdf97df8ee2b02527eca6dd785086dd72746340b9193a45cac652b1fc0b1a8420b
2026-10-03 00:16:35.104 [EVENT] sock=2620 hEvent=00000A2C events=0x0
2026-10-03 00:16:35.104 [EVENT] sock=2620 hEvent=00000A2C events=0x21
2026-10-03 00:16:36.863 [OP] 46FE inv=FFFF len=0 #5 
2026-10-03 00:16:43.700 [SETTLE] exp=3996 gold=201748 len=393
2026-10-03 00:16:47.874 [EVENT] sock=2620 hEvent=00000A2C events=0x0
2026-10-03 00:16:47.874 [EVENT] sock=2620 hEvent=00000A2C events=0x21
2026-10-03 00:16:48.851 [EVENT] sock=2620 hEvent=00000A2C events=0x0
2026-10-03 00:16:48.851 [EVENT] sock=2620 hEvent=00000A2C events=0x21
2026-10-03 00:16:52.434 [OP] 4031 inv=FFD5 len=42 #4 b70bfafa212b1f805b640063434edc6e994de63354def41d182794eb26a1680bdc39d0349a7150d8ee0b
2026-10-03 00:16:53.664 [EVENT] sock=2732 hEvent=00000864 events=0x0
2026-10-03 00:16:53.664 [EVENT] sock=2732 hEvent=00000864 events=0x21
2026-10-03 00:16:53.792 [OP] F005 inv=FFE7 len=24 #3 ed3572a4b607854d1f805b64510bdcfaa3def710031ad20c
2026-10-03 00:16:55.535 [EVENT] sock=2732 hEvent=00000864 events=0x0
2026-10-03 00:16:55.535 [EVENT] sock=2732 hEvent=00000864 events=0x21
2026-10-03 00:16:55.586 [OP] F005 inv=FFE7 len=24 #4 ed3572a47db7854d1f805b64510bdcfaa3de1f803900b6fc
2026-10-03 00:16:57.938 [EVENT] sock=2620 hEvent=00000A2C events=0x0
2026-10-03 00:16:57.939 [EVENT] sock=2620 hEvent=00000A2C events=0x21
2026-10-03 00:17:07.987 [EVENT] sock=2620 hEvent=00000A2C events=0x0
2026-10-03 00:17:07.988 [EVENT] sock=2620 hEvent=00000A2C events=0x21
2026-10-03 00:17:08.795 [SETTLE] exp=3602 gold=201748 len=403
2026-10-03 00:17:15.967 [EVENT] sock=2620 hEvent=00000A2C events=0x0
2026-10-03 00:17:15.968 [EVENT] sock=2620 hEvent=00000A2C events=0x21
2026-10-03 00:17:16.949 [EVENT] sock=2620 hEvent=00000A2C events=0x0
2026-10-03 00:17:16.949 [EVENT] sock=2620 hEvent=00000A2C events=0x21
2026-10-03 00:17:23.665 [EVENT] sock=2732 hEvent=00000864 events=0x0
2026-10-03 00:17:23.665 [EVENT] sock=2732 hEvent=00000864 events=0x21
2026-10-03 00:17:26.100 [EVENT] sock=2620 hEvent=00000A2C events=0x0
2026-10-03 00:17:26.101 [EVENT] sock=2620 hEvent=00000A2C events=0x21
2026-10-03 00:17:30.347 [OP] 4031 inv=FFDC len=35 #5 775bf151c0dcfaa32b1f36b0eb689350ccce826805987b050bdc39d0349a7150d8ee0b
2026-10-03 00:17:31.511 [SETTLE] exp=5522 gold=201748 len=393
2026-10-03 00:17:37.717 [EVENT] sock=2620 hEvent=00000A2C events=0x0
2026-10-03 00:17:37.718 [EVENT] sock=2620 hEvent=00000A2C events=0x21
2026-10-03 00:17:38.701 [EVENT] sock=2620 hEvent=00000A2C events=0x0
2026-10-03 00:17:38.702 [EVENT] sock=2620 hEvent=00000A2C events=0x21
2026-10-03 00:17:47.870 [EVENT] sock=2620 hEvent=00000A2C events=0x0
2026-10-03 00:17:47.870 [EVENT] sock=2620 hEvent=00000A2C events=0x21
2026-10-03 00:17:50.496 [SETTLE] exp=2378 gold=201748 len=393
2026-10-03 00:17:53.665 [EVENT] sock=2732 hEvent=00000864 events=0x0
2026-10-03 00:17:53.666 [EVENT] sock=2732 hEvent=00000864 events=0x21
2026-10-03 00:17:54.664 [EVENT] sock=2620 hEvent=00000A2C events=0x0
2026-10-03 00:17:54.664 [EVENT] sock=2620 hEvent=00000A2C events=0x21
2026-10-03 00:17:55.639 [EVENT] sock=2620 hEvent=00000A2C events=0x0
2026-10-03 00:17:55.639 [EVENT] sock=2620 hEvent=00000A2C events=0x21
2026-10-03 00:18:04.735 [EVENT] sock=2620 hEvent=00000A2C events=0x0
2026-10-03 00:18:04.735 [EVENT] sock=2620 hEvent=00000A2C events=0x21
2026-10-03 00:18:12.767 [SETTLE] exp=3934 gold=201748 len=393
2026-10-03 00:18:21.766 [EVENT] sock=2620 hEvent=00000A2C events=0x0
2026-10-03 00:18:21.766 [EVENT] sock=2620 hEvent=00000A2C events=0x21
2026-10-03 00:18:22.205 [EVENT] sock=2620 hEvent=00000A2C events=0x0
2026-10-03 00:18:22.205 [EVENT] sock=2620 hEvent=00000A2C events=0x21
2026-10-03 00:18:23.163 [EVENT] sock=2620 hEvent=00000A2C events=0x0
2026-10-03 00:18:23.164 [EVENT] sock=2620 hEvent=00000A2C events=0x21
2026-10-03 00:18:23.666 [EVENT] sock=2732 hEvent=00000864 events=0x0
2026-10-03 00:18:23.666 [EVENT] sock=2732 hEvent=00000864 events=0x21
2026-10-03 00:18:30.003 [OP] 4033 inv=FFE6 len=25 #3 3b1fef5b64510bdcfaa3d44e7c025088487dfaa3490dd5d364
2026-10-03 00:18:32.272 [EVENT] sock=2620 hEvent=00000A2C events=0x0
2026-10-03 00:18:32.272 [EVENT] sock=2620 hEvent=00000A2C events=0x21
2026-10-03 00:18:41.044 [SETTLE] exp=3456 gold=201748 len=403
2026-10-03 00:18:45.262 [EVENT] sock=2620 hEvent=00000A2C events=0x0
2026-10-03 00:18:45.262 [EVENT] sock=2620 hEvent=00000A2C events=0x21
2026-10-03 00:18:46.238 [EVENT] sock=2620 hEvent=00000A2C events=0x0
2026-10-03 00:18:46.238 [EVENT] sock=2620 hEvent=00000A2C events=0x21
2026-10-03 00:18:53.666 [EVENT] sock=2732 hEvent=00000864 events=0x0
2026-10-03 00:18:53.666 [EVENT] sock=2732 hEvent=00000864 events=0x21
2026-10-03 00:18:55.357 [EVENT] sock=2620 hEvent=00000A2C events=0x0
2026-10-03 00:18:55.357 [EVENT] sock=2620 hEvent=00000A2C events=0x21
2026-10-03 00:19:05.410 [EVENT] sock=2620 hEvent=00000A2C events=0x0
2026-10-03 00:19:05.410 [EVENT] sock=2620 hEvent=00000A2C events=0x21
2026-10-03 00:19:07.512 [SETTLE] exp=5140 gold=201748 len=393
2026-10-03 00:19:07.606 [OP] 40E6 inv=FFF3 len=12 #1 d85dad803c7f510bdcfaa32b
2026-10-03 00:19:07.607 [OP] 40E0 inv=FED1 len=302 #1 238052faa4de1f805b64510b5ae8a32b1f805b64b5d0dcfaa32b1f80bdf8510bdcfaa32b7d035b64fc0bdcfad82b1f809e64510b52faa32bad805b64fc0bdcfa7a2b1f804b64510b52faa32b6d805b64bc7fdcfa6c2b1f803164510b87faa32bc6aa5b64580bdcfa312b1f800d64510b8ffaa32b1f805b64510bdcfaa32b1f805b64510bdcfaa32b1f805b64430bdcfaa32b1f805b64510bdcfaa32b1f805b64
2026-10-03 00:19:07.607 [OP] 40E3 inv=FFDF len=32 #1 3e0e392ba5ce5b64370b6afa812b62801264830be4fa232b6980c364970be6fa
2026-10-03 00:19:07.607 [OP] 40E2 inv=FF97 len=104 #1 6787c464fe0b72fac32bca800664830b72c4232be2aa406452ec52fafb53ca8029df580b43c4232bb0aac46418ec6afae4539d80fcdfb20be9c4462b21aa1c64e9ec8bfa3e539d808fdfb20b85c4fd2bceaa1c64e0ec6ffad553ca8058df580b40c4f82ba0aa9564
2026-10-03 00:19:07.607 [OP] 4233 inv=FFFA len=5 #1 877a7f510b
2026-10-03 00:19:07.607 [OP] 40F6 inv=FFEF len=16 #1 d85dad8097df510bdcfaa32b1f80c364
2026-10-03 00:19:07.607 [OP] 4232 inv=FF60 len=159 #1 ec23d0dce0a32b1f4f5b645127dcfaa3de1f805b6f510bdc1c462b1f805b64510bdcfaa32b1f805b64510bdcfaa32b1f805b64510bdcfaa3a79d805b64510bdc63f82b1f805b6451e28bfaa32b1f805b41580bdcfaa32b1f567a64516f52faa30959805b15510bdc25a32b1fef5b6451c4dcfaa32ead805b14510bdcc5a32b1f445b64510bdcfaa32cd672eca2d661e2b05b931f805b64510bdcfaa32b1f80
2026-10-03 00:19:07.607 [OP] 4210 inv=FFF3 len=12 #1 ac0bdcfaf32b1f807aecfc0b
2026-10-03 00:19:17.547 [EVENT] sock=2620 hEvent=00000A2C events=0x0
2026-10-03 00:19:17.547 [EVENT] sock=2620 hEvent=00000A2C events=0x21
2026-10-03 00:19:23.667 [EVENT] sock=2732 hEvent=00000864 events=0x0
2026-10-03 00:19:23.667 [EVENT] sock=2732 hEvent=00000864 events=0x21
2026-10-03 00:19:27.599 [EVENT] sock=2620 hEvent=00000A2C events=0x0
2026-10-03 00:19:27.599 [EVENT] sock=2620 hEvent=00000A2C events=0x21
2026-10-03 00:19:37.652 [EVENT] sock=2620 hEvent=00000A2C events=0x0
2026-10-03 00:19:37.653 [EVENT] sock=2620 hEvent=00000A2C events=0x21
2026-10-03 00:19:47.704 [EVENT] sock=2620 hEvent=00000A2C events=0x0
2026-10-03 00:19:47.705 [EVENT] sock=2620 hEvent=00000A2C events=0x21
2026-10-03 00:19:53.667 [EVENT] sock=2732 hEvent=00000864 events=0x0
2026-10-03 00:19:53.667 [EVENT] sock=2732 hEvent=00000864 events=0x21
2026-10-03 00:19:57.765 [EVENT] sock=2620 hEvent=00000A2C events=0x0
2026-10-03 00:19:57.765 [EVENT] sock=2620 hEvent=00000A2C events=0x21
2026-10-03 00:20:07.824 [EVENT] sock=2620 hEvent=00000A2C events=0x0
2026-10-03 00:20:07.825 [EVENT] sock=2620 hEvent=00000A2C events=0x21
2026-10-03 00:20:17.886 [EVENT] sock=2620 hEvent=00000A2C events=0x0
2026-10-03 00:20:17.888 [EVENT] sock=2620 hEvent=00000A2C events=0x21
2026-10-03 00:20:23.668 [EVENT] sock=2732 hEvent=00000864 events=0x0
2026-10-03 00:20:23.668 [EVENT] sock=2732 hEvent=00000864 events=0x21
2026-10-03 00:20:27.945 [EVENT] sock=2620 hEvent=00000A2C events=0x0
2026-10-03 00:20:27.945 [EVENT] sock=2620 hEvent=00000A2C events=0x21
2026-10-03 00:20:37.998 [EVENT] sock=2620 hEvent=00000A2C events=0x0
2026-10-03 00:20:37.998 [EVENT] sock=2620 hEvent=00000A2C events=0x21
2026-10-03 00:20:48.055 [EVENT] sock=2620 hEvent=00000A2C events=0x0
2026-10-03 00:20:48.055 [EVENT] sock=2620 hEvent=00000A2C events=0x21
2026-10-03 00:20:53.669 [EVENT] sock=2732 hEvent=00000864 events=0x0
2026-10-03 00:20:53.669 [EVENT] sock=2732 hEvent=00000864 events=0x21
2026-10-03 00:20:58.111 [EVENT] sock=2620 hEvent=00000A2C events=0x0
2026-10-03 00:20:58.112 [EVENT] sock=2620 hEvent=00000A2C events=0x21
2026-10-03 00:21:08.170 [EVENT] sock=2620 hEvent=00000A2C events=0x0
2026-10-03 00:21:08.171 [EVENT] sock=2620 hEvent=00000A2C events=0x21
2026-10-03 00:21:18.254 [EVENT] sock=2620 hEvent=00000A2C events=0x0
2026-10-03 00:21:18.254 [EVENT] sock=2620 hEvent=00000A2C events=0x21
2026-10-03 00:21:23.670 [EVENT] sock=2732 hEvent=00000864 events=0x0
2026-10-03 00:21:23.670 [EVENT] sock=2732 hEvent=00000864 events=0x21
2026-10-03 00:21:28.319 [EVENT] sock=2620 hEvent=00000A2C events=0x0
2026-10-03 00:21:28.319 [EVENT] sock=2620 hEvent=00000A2C events=0x21
2026-10-03 00:21:38.373 [EVENT] sock=2620 hEvent=00000A2C events=0x0
2026-10-03 00:21:38.374 [EVENT] sock=2620 hEvent=00000A2C events=0x21
2026-10-03 00:21:48.433 [EVENT] sock=2620 hEvent=00000A2C events=0x0
2026-10-03 00:21:48.434 [EVENT] sock=2620 hEvent=00000A2C events=0x21
2026-10-03 00:21:53.671 [EVENT] sock=2732 hEvent=00000864 events=0x0
2026-10-03 00:21:53.671 [EVENT] sock=2732 hEvent=00000864 events=0x21
2026-10-03 00:21:58.493 [EVENT] sock=2620 hEvent=00000A2C events=0x0
2026-10-03 00:21:58.493 [EVENT] sock=2620 hEvent=00000A2C events=0x21
2026-10-03 00:22:08.543 [EVENT] sock=2620 hEvent=00000A2C events=0x0
2026-10-03 00:22:08.543 [EVENT] sock=2620 hEvent=00000A2C events=0x21
2026-10-03 00:22:18.605 [EVENT] sock=2620 hEvent=00000A2C events=0x0
2026-10-03 00:22:18.606 [EVENT] sock=2620 hEvent=00000A2C events=0x21
2026-10-03 00:22:23.671 [EVENT] sock=2732 hEvent=00000864 events=0x0
2026-10-03 00:22:23.672 [EVENT] sock=2732 hEvent=00000864 events=0x21
2026-10-03 00:22:28.671 [EVENT] sock=2620 hEvent=00000A2C events=0x0
2026-10-03 00:22:28.672 [EVENT] sock=2620 hEvent=00000A2C events=0x21
2026-10-03 00:22:38.725 [EVENT] sock=2620 hEvent=00000A2C events=0x0
2026-10-03 00:22:38.726 [EVENT] sock=2620 hEvent=00000A2C events=0x21
2026-10-03 00:22:48.783 [EVENT] sock=2620 hEvent=00000A2C events=0x0
2026-10-03 00:22:48.783 [EVENT] sock=2620 hEvent=00000A2C events=0x21
2026-10-03 00:22:53.673 [EVENT] sock=2732 hEvent=00000864 events=0x0
2026-10-03 00:22:53.673 [EVENT] sock=2732 hEvent=00000864 events=0x21
2026-10-03 00:22:58.837 [EVENT] sock=2620 hEvent=00000A2C events=0x0
2026-10-03 00:22:58.837 [EVENT] sock=2620 hEvent=00000A2C events=0x21
2026-10-03 00:23:08.903 [EVENT] sock=2620 hEvent=00000A2C events=0x0
2026-10-03 00:23:08.903 [EVENT] sock=2620 hEvent=00000A2C events=0x21
2026-10-03 00:23:18.964 [EVENT] sock=2620 hEvent=00000A2C events=0x0
2026-10-03 00:23:18.964 [EVENT] sock=2620 hEvent=00000A2C events=0x21
2026-10-03 00:23:23.673 [EVENT] sock=2732 hEvent=00000864 events=0x0
2026-10-03 00:23:23.673 [EVENT] sock=2732 hEvent=00000864 events=0x21
2026-10-03 00:23:29.015 [EVENT] sock=2620 hEvent=00000A2C events=0x0
2026-10-03 00:23:29.015 [EVENT] sock=2620 hEvent=00000A2C events=0x21
2026-10-03 00:23:39.283 [EVENT] sock=2620 hEvent=00000A2C events=0x0
2026-10-03 00:23:39.285 [EVENT] sock=2620 hEvent=00000A2C events=0x21
2026-10-03 00:23:49.346 [EVENT] sock=2620 hEvent=00000A2C events=0x0
2026-10-03 00:23:49.346 [EVENT] sock=2620 hEvent=00000A2C events=0x21
2026-10-03 00:23:53.674 [EVENT] sock=2732 hEvent=00000864 events=0x0
2026-10-03 00:23:53.674 [EVENT] sock=2732 hEvent=00000864 events=0x21
2026-10-03 00:23:59.395 [EVENT] sock=2620 hEvent=00000A2C events=0x0
2026-10-03 00:23:59.396 [EVENT] sock=2620 hEvent=00000A2C events=0x21
2026-10-03 00:24:09.459 [EVENT] sock=2620 hEvent=00000A2C events=0x0
2026-10-03 00:24:09.459 [EVENT] sock=2620 hEvent=00000A2C events=0x21
2026-10-03 00:24:19.517 [EVENT] sock=2620 hEvent=00000A2C events=0x0
2026-10-03 00:24:19.519 [EVENT] sock=2620 hEvent=00000A2C events=0x21
2026-10-03 00:24:23.675 [EVENT] sock=2732 hEvent=00000864 events=0x0
2026-10-03 00:24:23.675 [EVENT] sock=2732 hEvent=00000864 events=0x21
2026-10-03 00:24:29.585 [EVENT] sock=2620 hEvent=00000A2C events=0x0
2026-10-03 00:24:29.585 [EVENT] sock=2620 hEvent=00000A2C events=0x21
2026-10-03 00:24:39.651 [EVENT] sock=2620 hEvent=00000A2C events=0x0
2026-10-03 00:24:39.652 [EVENT] sock=2620 hEvent=00000A2C events=0x21
2026-10-03 00:24:49.700 [EVENT] sock=2620 hEvent=00000A2C events=0x0
2026-10-03 00:24:49.700 [EVENT] sock=2620 hEvent=00000A2C events=0x21
2026-10-03 00:24:53.677 [EVENT] sock=2732 hEvent=00000864 events=0x0
2026-10-03 00:24:53.677 [EVENT] sock=2732 hEvent=00000864 events=0x21
2026-10-03 00:24:59.757 [EVENT] sock=2620 hEvent=00000A2C events=0x0
2026-10-03 00:24:59.757 [EVENT] sock=2620 hEvent=00000A2C events=0x21
2026-10-03 00:25:09.831 [EVENT] sock=2620 hEvent=00000A2C events=0x0
2026-10-03 00:25:09.831 [EVENT] sock=2620 hEvent=00000A2C events=0x21
2026-10-03 00:25:19.957 [EVENT] sock=2620 hEvent=00000A2C events=0x0
2026-10-03 00:25:19.957 [EVENT] sock=2620 hEvent=00000A2C events=0x21
2026-10-03 00:25:23.677 [EVENT] sock=2732 hEvent=00000864 events=0x0
2026-10-03 00:25:23.677 [EVENT] sock=2732 hEvent=00000864 events=0x21
2026-10-03 00:25:30.053 [EVENT] sock=2620 hEvent=00000A2C events=0x0
2026-10-03 00:25:30.054 [EVENT] sock=2620 hEvent=00000A2C events=0x21
2026-10-03 00:25:40.113 [EVENT] sock=2620 hEvent=00000A2C events=0x0
2026-10-03 00:25:40.113 [EVENT] sock=2620 hEvent=00000A2C events=0x21
2026-10-03 00:25:50.195 [EVENT] sock=2620 hEvent=00000A2C events=0x0
2026-10-03 00:25:50.195 [EVENT] sock=2620 hEvent=00000A2C events=0x21
2026-10-03 00:25:53.677 [EVENT] sock=2732 hEvent=00000864 events=0x0
2026-10-03 00:25:53.677 [EVENT] sock=2732 hEvent=00000864 events=0x21
2026-10-03 00:26:00.246 [EVENT] sock=2620 hEvent=00000A2C events=0x0
2026-10-03 00:26:00.246 [EVENT] sock=2620 hEvent=00000A2C events=0x21
2026-10-03 00:26:10.300 [EVENT] sock=2620 hEvent=00000A2C events=0x0
2026-10-03 00:26:10.300 [EVENT] sock=2620 hEvent=00000A2C events=0x21
2026-10-03 00:26:20.367 [EVENT] sock=2620 hEvent=00000A2C events=0x0
2026-10-03 00:26:20.367 [EVENT] sock=2620 hEvent=00000A2C events=0x21
2026-10-03 00:26:23.678 [EVENT] sock=2732 hEvent=00000864 events=0x0
2026-10-03 00:26:23.678 [EVENT] sock=2732 hEvent=00000864 events=0x21
2026-10-03 00:26:30.437 [EVENT] sock=2620 hEvent=00000A2C events=0x0
2026-10-03 00:26:30.437 [EVENT] sock=2620 hEvent=00000A2C events=0x21
2026-10-03 00:26:40.497 [EVENT] sock=2620 hEvent=00000A2C events=0x0
2026-10-03 00:26:40.497 [EVENT] sock=2620 hEvent=00000A2C events=0x21
2026-10-03 00:26:50.688 [EVENT] sock=2620 hEvent=00000A2C events=0x0
2026-10-03 00:26:50.688 [EVENT] sock=2620 hEvent=00000A2C events=0x21
2026-10-03 00:26:53.679 [EVENT] sock=2732 hEvent=00000864 events=0x0
2026-10-03 00:26:53.679 [EVENT] sock=2732 hEvent=00000864 events=0x21
2026-10-03 00:27:00.736 [EVENT] sock=2620 hEvent=00000A2C events=0x0
2026-10-03 00:27:00.736 [EVENT] sock=2620 hEvent=00000A2C events=0x21
2026-10-03 00:27:10.797 [EVENT] sock=2620 hEvent=00000A2C events=0x0
2026-10-03 00:27:10.797 [EVENT] sock=2620 hEvent=00000A2C events=0x21
2026-10-03 00:27:20.854 [EVENT] sock=2620 hEvent=00000A2C events=0x0
2026-10-03 00:27:20.854 [EVENT] sock=2620 hEvent=00000A2C events=0x21
2026-10-03 00:27:23.680 [EVENT] sock=2732 hEvent=00000864 events=0x0
2026-10-03 00:27:23.680 [EVENT] sock=2732 hEvent=00000864 events=0x21
2026-10-03 00:27:30.954 [EVENT] sock=2620 hEvent=00000A2C events=0x0
2026-10-03 00:27:30.955 [EVENT] sock=2620 hEvent=00000A2C events=0x21
2026-10-03 00:27:41.007 [EVENT] sock=2620 hEvent=00000A2C events=0x0
2026-10-03 00:27:41.007 [EVENT] sock=2620 hEvent=00000A2C events=0x21
2026-10-03 00:27:51.189 [EVENT] sock=2620 hEvent=00000A2C events=0x0
2026-10-03 00:27:51.189 [EVENT] sock=2620 hEvent=00000A2C events=0x21
2026-10-03 00:27:53.681 [EVENT] sock=2732 hEvent=00000864 events=0x0
2026-10-03 00:27:53.681 [EVENT] sock=2732 hEvent=00000864 events=0x21
2026-10-03 00:28:01.262 [EVENT] sock=2620 hEvent=00000A2C events=0x0
2026-10-03 00:28:01.263 [EVENT] sock=2620 hEvent=00000A2C events=0x21
2026-10-03 00:28:11.339 [EVENT] sock=2620 hEvent=00000A2C events=0x0
2026-10-03 00:28:11.339 [EVENT] sock=2620 hEvent=00000A2C events=0x21
2026-10-03 00:28:21.409 [EVENT] sock=2620 hEvent=00000A2C events=0x0
2026-10-03 00:28:21.409 [EVENT] sock=2620 hEvent=00000A2C events=0x21
2026-10-03 00:28:23.682 [EVENT] sock=2732 hEvent=00000864 events=0x0
2026-10-03 00:28:23.682 [EVENT] sock=2732 hEvent=00000864 events=0x21
2026-10-03 00:28:31.461 [EVENT] sock=2620 hEvent=00000A2C events=0x0
2026-10-03 00:28:31.461 [EVENT] sock=2620 hEvent=00000A2C events=0x21
2026-10-03 00:28:41.522 [EVENT] sock=2620 hEvent=00000A2C events=0x0
2026-10-03 00:28:41.522 [EVENT] sock=2620 hEvent=00000A2C events=0x21
2026-10-03 00:28:51.650 [EVENT] sock=2620 hEvent=00000A2C events=0x0
2026-10-03 00:28:51.651 [EVENT] sock=2620 hEvent=00000A2C events=0x21
2026-10-03 00:28:53.683 [EVENT] sock=2732 hEvent=00000864 events=0x0
2026-10-03 00:28:53.683 [EVENT] sock=2732 hEvent=00000864 events=0x21
2026-10-03 00:29:01.718 [EVENT] sock=2620 hEvent=00000A2C events=0x0
2026-10-03 00:29:01.718 [EVENT] sock=2620 hEvent=00000A2C events=0x21
2026-10-03 00:29:11.763 [EVENT] sock=2620 hEvent=00000A2C events=0x0
2026-10-03 00:29:11.763 [EVENT] sock=2620 hEvent=00000A2C events=0x21
2026-10-03 00:29:21.778 [EVENT] sock=2620 hEvent=00000A2C events=0x0
2026-10-03 00:29:21.778 [EVENT] sock=2620 hEvent=00000A2C events=0x21
2026-10-03 00:29:21.818 [EVENT] sock=2620 hEvent=00000A2C events=0x0
2026-10-03 00:29:21.819 [EVENT] sock=2620 hEvent=00000A2C events=0x21
2026-10-03 00:29:23.684 [EVENT] sock=2732 hEvent=00000864 events=0x0
2026-10-03 00:29:23.684 [EVENT] sock=2732 hEvent=00000864 events=0x21
2026-10-03 00:29:32.090 [EVENT] sock=2620 hEvent=00000A2C events=0x0
2026-10-03 00:29:32.091 [EVENT] sock=2620 hEvent=00000A2C events=0x21
2026-10-03 00:29:42.151 [EVENT] sock=2620 hEvent=00000A2C events=0x0
2026-10-03 00:29:42.151 [EVENT] sock=2620 hEvent=00000A2C events=0x21
2026-10-03 00:29:52.203 [EVENT] sock=2620 hEvent=00000A2C events=0x0
2026-10-03 00:29:52.203 [EVENT] sock=2620 hEvent=00000A2C events=0x21
2026-10-03 00:29:53.684 [EVENT] sock=2732 hEvent=00000864 events=0x0
2026-10-03 00:29:53.684 [EVENT] sock=2732 hEvent=00000864 events=0x21
2026-10-03 00:30:02.255 [EVENT] sock=2620 hEvent=00000A2C events=0x0
2026-10-03 00:30:02.255 [EVENT] sock=2620 hEvent=00000A2C events=0x21
2026-10-03 00:30:12.304 [EVENT] sock=2620 hEvent=00000A2C events=0x0
2026-10-03 00:30:12.304 [EVENT] sock=2620 hEvent=00000A2C events=0x21
2026-10-03 00:30:22.370 [EVENT] sock=2620 hEvent=00000A2C events=0x0
2026-10-03 00:30:22.370 [EVENT] sock=2620 hEvent=00000A2C events=0x21
2026-10-03 00:30:23.685 [EVENT] sock=2732 hEvent=00000864 events=0x0
2026-10-03 00:30:23.685 [EVENT] sock=2732 hEvent=00000864 events=0x21
2026-10-03 00:30:32.425 [EVENT] sock=2620 hEvent=00000A2C events=0x0
2026-10-03 00:30:32.425 [EVENT] sock=2620 hEvent=00000A2C events=0x21
2026-10-03 00:30:42.535 [EVENT] sock=2620 hEvent=00000A2C events=0x0
2026-10-03 00:30:42.536 [EVENT] sock=2620 hEvent=00000A2C events=0x21
2026-10-03 00:30:52.601 [EVENT] sock=2620 hEvent=00000A2C events=0x0
2026-10-03 00:30:52.601 [EVENT] sock=2620 hEvent=00000A2C events=0x21
2026-10-03 00:30:53.685 [EVENT] sock=2732 hEvent=00000864 events=0x0
2026-10-03 00:30:53.685 [EVENT] sock=2732 hEvent=00000864 events=0x21
2026-10-03 00:31:02.700 [EVENT] sock=2620 hEvent=00000A2C events=0x0
2026-10-03 00:31:02.702 [EVENT] sock=2620 hEvent=00000A2C events=0x21
2026-10-03 00:31:12.752 [EVENT] sock=2620 hEvent=00000A2C events=0x0
2026-10-03 00:31:12.752 [EVENT] sock=2620 hEvent=00000A2C events=0x21
2026-10-03 00:31:22.819 [EVENT] sock=2620 hEvent=00000A2C events=0x0
2026-10-03 00:31:22.819 [EVENT] sock=2620 hEvent=00000A2C events=0x21
2026-10-03 00:31:23.686 [EVENT] sock=2732 hEvent=00000864 events=0x0
2026-10-03 00:31:23.686 [EVENT] sock=2732 hEvent=00000864 events=0x21
2026-10-03 00:31:32.880 [EVENT] sock=2620 hEvent=00000A2C events=0x0
2026-10-03 00:31:32.881 [EVENT] sock=2620 hEvent=00000A2C events=0x21
2026-10-03 00:31:42.930 [EVENT] sock=2620 hEvent=00000A2C events=0x0
2026-10-03 00:31:42.930 [EVENT] sock=2620 hEvent=00000A2C events=0x21
2026-10-03 00:31:53.045 [EVENT] sock=2620 hEvent=00000A2C events=0x0
2026-10-03 00:31:53.045 [EVENT] sock=2620 hEvent=00000A2C events=0x21
2026-10-03 00:31:53.686 [EVENT] sock=2732 hEvent=00000864 events=0x0
2026-10-03 00:31:53.686 [EVENT] sock=2732 hEvent=00000864 events=0x21
2026-10-03 00:32:03.095 [EVENT] sock=2620 hEvent=00000A2C events=0x0
2026-10-03 00:32:03.095 [EVENT] sock=2620 hEvent=00000A2C events=0x21
2026-10-03 00:32:13.147 [EVENT] sock=2620 hEvent=00000A2C events=0x0
2026-10-03 00:32:13.147 [EVENT] sock=2620 hEvent=00000A2C events=0x21
2026-10-03 00:32:23.194 [EVENT] sock=2620 hEvent=00000A2C events=0x0
2026-10-03 00:32:23.194 [EVENT] sock=2620 hEvent=00000A2C events=0x21
2026-10-03 00:32:23.687 [EVENT] sock=2732 hEvent=00000864 events=0x0
2026-10-03 00:32:23.687 [EVENT] sock=2732 hEvent=00000864 events=0x21
2026-10-03 00:32:33.846 [EVENT] sock=2620 hEvent=00000A2C events=0x0
2026-10-03 00:32:33.847 [EVENT] sock=2620 hEvent=00000A2C events=0x21
2026-10-03 00:32:43.921 [EVENT] sock=2620 hEvent=00000A2C events=0x0
2026-10-03 00:32:43.921 [EVENT] sock=2620 hEvent=00000A2C events=0x21
2026-10-03 00:32:53.688 [EVENT] sock=2732 hEvent=00000864 events=0x0
2026-10-03 00:32:53.688 [EVENT] sock=2732 hEvent=00000864 events=0x21
2026-10-03 00:32:53.965 [EVENT] sock=2620 hEvent=00000A2C events=0x0
2026-10-03 00:32:53.965 [EVENT] sock=2620 hEvent=00000A2C events=0x21
2026-10-03 00:33:04.016 [EVENT] sock=2620 hEvent=00000A2C events=0x0
2026-10-03 00:33:04.016 [EVENT] sock=2620 hEvent=00000A2C events=0x21
2026-10-03 00:33:14.074 [EVENT] sock=2620 hEvent=00000A2C events=0x0
2026-10-03 00:33:14.074 [EVENT] sock=2620 hEvent=00000A2C events=0x21
2026-10-03 00:33:23.688 [EVENT] sock=2732 hEvent=00000864 events=0x0
2026-10-03 00:33:23.688 [EVENT] sock=2732 hEvent=00000864 events=0x21
2026-10-03 00:33:24.150 [EVENT] sock=2620 hEvent=00000A2C events=0x0
2026-10-03 00:33:24.150 [EVENT] sock=2620 hEvent=00000A2C events=0x21
2026-10-03 00:33:34.224 [EVENT] sock=2620 hEvent=00000A2C events=0x0
2026-10-03 00:33:34.224 [EVENT] sock=2620 hEvent=00000A2C events=0x21
2026-10-03 00:33:46.256 [EVENT] sock=2620 hEvent=00000A2C events=0x0
2026-10-03 00:33:46.256 [EVENT] sock=2620 hEvent=00000A2C events=0x21
2026-10-03 00:33:53.689 [EVENT] sock=2732 hEvent=00000864 events=0x0
2026-10-03 00:33:53.689 [EVENT] sock=2732 hEvent=00000864 events=0x21
2026-10-03 00:33:56.438 [EVENT] sock=2620 hEvent=00000A2C events=0x0
2026-10-03 00:33:56.439 [EVENT] sock=2620 hEvent=00000A2C events=0x21
2026-10-03 00:34:06.489 [EVENT] sock=2620 hEvent=00000A2C events=0x0
2026-10-03 00:34:06.490 [EVENT] sock=2620 hEvent=00000A2C events=0x21
2026-10-03 00:34:16.546 [EVENT] sock=2620 hEvent=00000A2C events=0x0
2026-10-03 00:34:16.547 [EVENT] sock=2620 hEvent=00000A2C events=0x21
2026-10-03 00:34:23.689 [EVENT] sock=2732 hEvent=00000864 events=0x0
2026-10-03 00:34:23.691 [EVENT] sock=2732 hEvent=00000864 events=0x21
2026-10-03 00:34:26.606 [EVENT] sock=2620 hEvent=00000A2C events=0x0
2026-10-03 00:34:26.608 [EVENT] sock=2620 hEvent=00000A2C events=0x21
2026-10-03 00:34:36.664 [EVENT] sock=2620 hEvent=00000A2C events=0x0
2026-10-03 00:34:36.665 [EVENT] sock=2620 hEvent=00000A2C events=0x21
2026-10-03 00:34:46.721 [EVENT] sock=2620 hEvent=00000A2C events=0x0
2026-10-03 00:34:46.721 [EVENT] sock=2620 hEvent=00000A2C events=0x21
2026-10-03 00:34:53.691 [EVENT] sock=2732 hEvent=00000864 events=0x0
2026-10-03 00:34:53.691 [EVENT] sock=2732 hEvent=00000864 events=0x21
2026-10-03 00:34:56.771 [EVENT] sock=2620 hEvent=00000A2C events=0x0
2026-10-03 00:34:56.771 [EVENT] sock=2620 hEvent=00000A2C events=0x21
2026-10-03 00:35:06.888 [EVENT] sock=2620 hEvent=00000A2C events=0x0
2026-10-03 00:35:06.889 [EVENT] sock=2620 hEvent=00000A2C events=0x21
2026-10-03 00:35:16.957 [EVENT] sock=2620 hEvent=00000A2C events=0x0
2026-10-03 00:35:16.959 [EVENT] sock=2620 hEvent=00000A2C events=0x21
2026-10-03 00:35:17.602 [PIPE] controller connected
2026-10-03 00:35:23.692 [EVENT] sock=2732 hEvent=00000864 events=0x0
2026-10-03 00:35:23.692 [EVENT] sock=2732 hEvent=00000864 events=0x21
2026-10-03 00:35:27.017 [EVENT] sock=2620 hEvent=00000A2C events=0x0
2026-10-03 00:35:27.017 [EVENT] sock=2620 hEvent=00000A2C events=0x21
2026-10-03 00:35:37.083 [EVENT] sock=2620 hEvent=00000A2C events=0x0
2026-10-03 00:35:37.083 [EVENT] sock=2620 hEvent=00000A2C events=0x21
2026-10-03 00:35:41.702 [PIPE] controller disconnected
2026-10-03 00:35:47.138 [EVENT] sock=2620 hEvent=00000A2C events=0x0
2026-10-03 00:35:47.139 [EVENT] sock=2620 hEvent=00000A2C events=0x21
2026-10-03 00:35:53.692 [EVENT] sock=2732 hEvent=00000864 events=0x0
2026-10-03 00:35:53.692 [EVENT] sock=2732 hEvent=00000864 events=0x21
2026-10-03 00:35:57.199 [EVENT] sock=2620 hEvent=00000A2C events=0x0
2026-10-03 00:35:57.199 [EVENT] sock=2620 hEvent=00000A2C events=0x21
2026-10-03 00:36:07.253 [EVENT] sock=2620 hEvent=00000A2C events=0x0
2026-10-03 00:36:07.254 [EVENT] sock=2620 hEvent=00000A2C events=0x21
2026-10-03 00:36:17.318 [EVENT] sock=2620 hEvent=00000A2C events=0x0
2026-10-03 00:36:17.318 [EVENT] sock=2620 hEvent=00000A2C events=0x21
2026-10-03 00:36:23.692 [EVENT] sock=2732 hEvent=00000864 events=0x0
2026-10-03 00:36:23.692 [EVENT] sock=2732 hEvent=00000864 events=0x21
2026-10-03 00:36:27.365 [EVENT] sock=2620 hEvent=00000A2C events=0x0
2026-10-03 00:36:27.366 [EVENT] sock=2620 hEvent=00000A2C events=0x21
2026-10-03 00:36:37.411 [EVENT] sock=2620 hEvent=00000A2C events=0x0
2026-10-03 00:36:37.411 [EVENT] sock=2620 hEvent=00000A2C events=0x21
2026-10-03 00:36:40.029 [PIPE] controller connected
2026-10-03 00:36:47.472 [EVENT] sock=2620 hEvent=00000A2C events=0x0
2026-10-03 00:36:47.472 [EVENT] sock=2620 hEvent=00000A2C events=0x21
2026-10-03 00:36:51.266 [OP] F005 inv=FFE7 len=24 #5 26b35c3828d7512b1f805b64510bdcfaa3ce1f8091dc8db2
2026-10-03 00:36:53.693 [EVENT] sock=2732 hEvent=00000864 events=0x0
2026-10-03 00:36:53.693 [EVENT] sock=2732 hEvent=00000864 events=0x21
2026-10-03 00:36:57.528 [EVENT] sock=2620 hEvent=00000A2C events=0x0
2026-10-03 00:36:57.529 [EVENT] sock=2620 hEvent=00000A2C events=0x21
2026-10-03 00:37:01.854 [EVENT] sock=2732 hEvent=00000864 events=0x0
2026-10-03 00:37:01.854 [EVENT] sock=2732 hEvent=00000864 events=0x21
2026-10-03 00:37:07.663 [EVENT] sock=2620 hEvent=00000A2C events=0x0
2026-10-03 00:37:07.665 [EVENT] sock=2620 hEvent=00000A2C events=0x21
2026-10-03 00:37:10.110 [EVENT] sock=2732 hEvent=00000864 events=0x0
2026-10-03 00:37:10.111 [EVENT] sock=2732 hEvent=00000864 events=0x21
2026-10-03 00:37:10.178 [OP] E060 inv=FFD3 len=44 #2 44ee72ff064960dda32b1f805b64510bdcf7f6daad3e9464bf6edcfa4d0a1f805b64510b5efaa32bad8043d9
2026-10-03 00:37:11.693 [EVENT] sock=2620 hEvent=00000A2C events=0x0
2026-10-03 00:37:11.694 [EVENT] sock=2620 hEvent=00000A2C events=0x21
2026-10-03 00:37:12.663 [EVENT] sock=2620 hEvent=00000A2C events=0x0
2026-10-03 00:37:12.664 [EVENT] sock=2620 hEvent=00000A2C events=0x21
2026-10-03 00:37:21.799 [EVENT] sock=2620 hEvent=00000A2C events=0x0
2026-10-03 00:37:21.799 [EVENT] sock=2620 hEvent=00000A2C events=0x21
2026-10-03 00:37:22.721 [SETTLE] exp=2360 gold=201748 len=393
2026-10-03 00:37:23.694 [EVENT] sock=2732 hEvent=00000864 events=0x0
2026-10-03 00:37:23.694 [EVENT] sock=2732 hEvent=00000864 events=0x21
2026-10-03 00:37:30.991 [EVENT] sock=2620 hEvent=00000A2C events=0x0
2026-10-03 00:37:30.991 [EVENT] sock=2620 hEvent=00000A2C events=0x21
2026-10-03 00:37:31.931 [EVENT] sock=2620 hEvent=00000A2C events=0x0
2026-10-03 00:37:31.932 [EVENT] sock=2620 hEvent=00000A2C events=0x21
2026-10-03 00:37:41.055 [EVENT] sock=2620 hEvent=00000A2C events=0x0
2026-10-03 00:37:41.055 [EVENT] sock=2620 hEvent=00000A2C events=0x21
2026-10-03 00:37:41.640 [EVENT] sock=2732 hEvent=00000864 events=0x0
2026-10-03 00:37:41.640 [EVENT] sock=2732 hEvent=00000864 events=0x21
2026-10-03 00:37:49.989 [SETTLE] exp=2906 gold=201748 len=403
2026-10-03 00:37:51.789 [EVENT] sock=2620 hEvent=00000A2C events=0x0
2026-10-03 00:37:51.789 [EVENT] sock=2620 hEvent=00000A2C events=0x21
2026-10-03 00:37:53.695 [EVENT] sock=2732 hEvent=00000864 events=0x0
2026-10-03 00:37:53.695 [EVENT] sock=2732 hEvent=00000864 events=0x21
2026-10-03 00:37:57.183 [EVENT] sock=2620 hEvent=00000A2C events=0x0
2026-10-03 00:37:57.184 [EVENT] sock=2620 hEvent=00000A2C events=0x21
2026-10-03 00:37:58.168 [EVENT] sock=2620 hEvent=00000A2C events=0x0
2026-10-03 00:37:58.168 [EVENT] sock=2620 hEvent=00000A2C events=0x21
2026-10-03 00:38:01.615 [EVENT] sock=2732 hEvent=00000864 events=0x0
2026-10-03 00:38:01.615 [EVENT] sock=2732 hEvent=00000864 events=0x21
2026-10-03 00:38:07.286 [EVENT] sock=2620 hEvent=00000A2C events=0x0
2026-10-03 00:38:07.287 [EVENT] sock=2620 hEvent=00000A2C events=0x21
2026-10-03 00:38:12.659 [SETTLE] exp=2530 gold=201748 len=393
2026-10-03 00:38:16.868 [EVENT] sock=2620 hEvent=00000A2C events=0x0
2026-10-03 00:38:16.869 [EVENT] sock=2620 hEvent=00000A2C events=0x21
2026-10-03 00:38:17.816 [EVENT] sock=2620 hEvent=00000A2C events=0x0
2026-10-03 00:38:17.816 [EVENT] sock=2620 hEvent=00000A2C events=0x21
2026-10-03 00:38:23.696 [EVENT] sock=2732 hEvent=00000864 events=0x0
2026-10-03 00:38:23.696 [EVENT] sock=2732 hEvent=00000864 events=0x21
2026-10-03 00:38:27.017 [EVENT] sock=2620 hEvent=00000A2C events=0x0
2026-10-03 00:38:27.017 [EVENT] sock=2620 hEvent=00000A2C events=0x21
2026-10-03 00:38:32.347 [SETTLE] exp=2844 gold=201748 len=393
2026-10-03 00:38:40.570 [EVENT] sock=2620 hEvent=00000A2C events=0x0
2026-10-03 00:38:40.570 [EVENT] sock=2620 hEvent=00000A2C events=0x21
2026-10-03 00:38:41.516 [EVENT] sock=2620 hEvent=00000A2C events=0x0
2026-10-03 00:38:41.516 [EVENT] sock=2620 hEvent=00000A2C events=0x21
2026-10-03 00:38:50.633 [EVENT] sock=2620 hEvent=00000A2C events=0x0
2026-10-03 00:38:50.633 [EVENT] sock=2620 hEvent=00000A2C events=0x21
2026-10-03 00:38:53.696 [EVENT] sock=2732 hEvent=00000864 events=0x0
2026-10-03 00:38:53.696 [EVENT] sock=2732 hEvent=00000864 events=0x21
2026-10-03 00:38:54.738 [SETTLE] exp=1932 gold=201748 len=393
2026-10-03 00:39:01.939 [EVENT] sock=2620 hEvent=00000A2C events=0x0
2026-10-03 00:39:01.939 [EVENT] sock=2620 hEvent=00000A2C events=0x21
2026-10-03 00:39:02.921 [EVENT] sock=2620 hEvent=00000A2C events=0x0
2026-10-03 00:39:02.922 [EVENT] sock=2620 hEvent=00000A2C events=0x21
2026-10-03 00:39:12.037 [EVENT] sock=2620 hEvent=00000A2C events=0x0
2026-10-03 00:39:12.038 [EVENT] sock=2620 hEvent=00000A2C events=0x21
2026-10-03 00:39:18.552 [SETTLE] exp=3228 gold=201748 len=403
2026-10-03 00:39:22.740 [EVENT] sock=2620 hEvent=00000A2C events=0x0
2026-10-03 00:39:22.740 [EVENT] sock=2620 hEvent=00000A2C events=0x21
2026-10-03 00:39:23.696 [EVENT] sock=2732 hEvent=00000864 events=0x0
2026-10-03 00:39:23.696 [EVENT] sock=2732 hEvent=00000864 events=0x21
2026-10-03 00:39:23.715 [EVENT] sock=2620 hEvent=00000A2C events=0x0
2026-10-03 00:39:23.716 [EVENT] sock=2620 hEvent=00000A2C events=0x21
2026-10-03 00:39:32.857 [EVENT] sock=2620 hEvent=00000A2C events=0x0
2026-10-03 00:39:32.858 [EVENT] sock=2620 hEvent=00000A2C events=0x21
2026-10-03 00:39:42.129 [SETTLE] exp=4122 gold=201748 len=393
2026-10-03 00:39:50.469 [EVENT] sock=2620 hEvent=00000A2C events=0x0
2026-10-03 00:39:50.469 [EVENT] sock=2620 hEvent=00000A2C events=0x21
2026-10-03 00:39:51.458 [EVENT] sock=2620 hEvent=00000A2C events=0x0
2026-10-03 00:39:51.459 [EVENT] sock=2620 hEvent=00000A2C events=0x21
2026-10-03 00:39:53.700 [EVENT] sock=2732 hEvent=00000864 events=0x0
2026-10-03 00:39:53.703 [EVENT] sock=2732 hEvent=00000864 events=0x21
2026-10-03 00:40:00.546 [EVENT] sock=2620 hEvent=00000A2C events=0x0
2026-10-03 00:40:00.546 [EVENT] sock=2620 hEvent=00000A2C events=0x21
2026-10-03 00:40:04.174 [SETTLE] exp=2576 gold=201748 len=403
2026-10-03 00:40:12.416 [EVENT] sock=2620 hEvent=00000A2C events=0x0
2026-10-03 00:40:12.417 [EVENT] sock=2620 hEvent=00000A2C events=0x21
2026-10-03 00:40:13.375 [EVENT] sock=2620 hEvent=00000A2C events=0x0
2026-10-03 00:40:13.376 [EVENT] sock=2620 hEvent=00000A2C events=0x21
2026-10-03 00:40:22.482 [EVENT] sock=2620 hEvent=00000A2C events=0x0
2026-10-03 00:40:22.482 [EVENT] sock=2620 hEvent=00000A2C events=0x21
2026-10-03 00:40:23.704 [EVENT] sock=2732 hEvent=00000864 events=0x0
2026-10-03 00:40:23.704 [EVENT] sock=2732 hEvent=00000864 events=0x21
2026-10-03 00:40:26.097 [SETTLE] exp=2952 gold=201748 len=403
2026-10-03 00:40:34.303 [EVENT] sock=2620 hEvent=00000A2C events=0x0
2026-10-03 00:40:34.303 [EVENT] sock=2620 hEvent=00000A2C events=0x21
2026-10-03 00:40:35.294 [EVENT] sock=2620 hEvent=00000A2C events=0x0
2026-10-03 00:40:35.294 [EVENT] sock=2620 hEvent=00000A2C events=0x21
2026-10-03 00:40:44.384 [EVENT] sock=2620 hEvent=00000A2C events=0x0
2026-10-03 00:40:44.384 [EVENT] sock=2620 hEvent=00000A2C events=0x21
2026-10-03 00:40:52.008 [SETTLE] exp=2924 gold=201748 len=403
2026-10-03 00:40:53.705 [EVENT] sock=2732 hEvent=00000864 events=0x0
2026-10-03 00:40:53.705 [EVENT] sock=2732 hEvent=00000864 events=0x21
2026-10-03 00:41:00.228 [EVENT] sock=2620 hEvent=00000A2C events=0x0
2026-10-03 00:41:00.228 [EVENT] sock=2620 hEvent=00000A2C events=0x21
2026-10-03 00:41:01.214 [EVENT] sock=2620 hEvent=00000A2C events=0x0
2026-10-03 00:41:01.214 [EVENT] sock=2620 hEvent=00000A2C events=0x21
2026-10-03 00:41:05.981 [EVENT] sock=2732 hEvent=00000864 events=0x0
2026-10-03 00:41:05.981 [EVENT] sock=2732 hEvent=00000864 events=0x21
2026-10-03 00:41:10.341 [EVENT] sock=2620 hEvent=00000A2C events=0x0
2026-10-03 00:41:10.341 [EVENT] sock=2620 hEvent=00000A2C events=0x21
2026-10-03 00:41:18.221 [SETTLE] exp=3076 gold=201748 len=393
2026-10-03 00:41:21.793 [EVENT] sock=2620 hEvent=00000A2C events=0x0
2026-10-03 00:41:21.793 [EVENT] sock=2620 hEvent=00000A2C events=0x21
2026-10-03 00:41:22.426 [EVENT] sock=2620 hEvent=00000A2C events=0x0
2026-10-03 00:41:22.427 [EVENT] sock=2620 hEvent=00000A2C events=0x21
2026-10-03 00:41:23.395 [EVENT] sock=2620 hEvent=00000A2C events=0x0
2026-10-03 00:41:23.395 [EVENT] sock=2620 hEvent=00000A2C events=0x21
2026-10-03 00:41:23.705 [EVENT] sock=2732 hEvent=00000864 events=0x0
2026-10-03 00:41:23.705 [EVENT] sock=2732 hEvent=00000864 events=0x21
2026-10-03 00:41:32.591 [EVENT] sock=2620 hEvent=00000A2C events=0x0
2026-10-03 00:41:32.593 [EVENT] sock=2620 hEvent=00000A2C events=0x21
2026-10-03 00:41:38.583 [SETTLE] exp=2924 gold=201748 len=403
2026-10-03 00:41:45.766 [EVENT] sock=2620 hEvent=00000A2C events=0x0
2026-10-03 00:41:45.766 [EVENT] sock=2620 hEvent=00000A2C events=0x21
2026-10-03 00:41:46.752 [EVENT] sock=2620 hEvent=00000A2C events=0x0
2026-10-03 00:41:46.752 [EVENT] sock=2620 hEvent=00000A2C events=0x21
2026-10-03 00:41:53.705 [EVENT] sock=2732 hEvent=00000864 events=0x0
2026-10-03 00:41:53.705 [EVENT] sock=2732 hEvent=00000864 events=0x21
2026-10-03 00:41:55.841 [EVENT] sock=2620 hEvent=00000A2C events=0x0
2026-10-03 00:41:55.841 [EVENT] sock=2620 hEvent=00000A2C events=0x21
2026-10-03 00:41:58.222 [SETTLE] exp=1866 gold=201748 len=403
2026-10-03 00:42:05.447 [EVENT] sock=2620 hEvent=00000A2C events=0x0
2026-10-03 00:42:05.448 [EVENT] sock=2620 hEvent=00000A2C events=0x21
2026-10-03 00:42:06.391 [EVENT] sock=2620 hEvent=00000A2C events=0x0
2026-10-03 00:42:06.392 [EVENT] sock=2620 hEvent=00000A2C events=0x21
2026-10-03 00:42:15.511 [EVENT] sock=2620 hEvent=00000A2C events=0x0
2026-10-03 00:42:15.513 [EVENT] sock=2620 hEvent=00000A2C events=0x21
2026-10-03 00:42:23.706 [EVENT] sock=2732 hEvent=00000864 events=0x0
2026-10-03 00:42:23.706 [EVENT] sock=2732 hEvent=00000864 events=0x21
2026-10-03 00:42:24.622 [SETTLE] exp=2682 gold=201748 len=403
2026-10-03 00:42:25.056 [OP] 4707 inv=FFF3 len=12 #1 d85dad8041cdfc0b17faa32b
2026-10-03 00:42:25.145 [OP] 4612 inv=FFF7 len=8 #1 ca805b6412b252fa
2026-10-03 00:42:25.765 [OP] 4018 inv=FFF0 len=15 #1 877a7f51803e22a33e595a946451b1
2026-10-03 00:42:35.145 [EVENT] sock=2620 hEvent=00000A2C events=0x0
2026-10-03 00:42:35.145 [EVENT] sock=2620 hEvent=00000A2C events=0x21
2026-10-03 00:42:36.133 [EVENT] sock=2620 hEvent=00000A2C events=0x0
2026-10-03 00:42:36.133 [EVENT] sock=2620 hEvent=00000A2C events=0x21
2026-10-03 00:42:45.634 [EVENT] sock=2620 hEvent=00000A2C events=0x0
2026-10-03 00:42:45.634 [EVENT] sock=2620 hEvent=00000A2C events=0x21
2026-10-03 00:42:53.706 [EVENT] sock=2732 hEvent=00000864 events=0x0
2026-10-03 00:42:53.706 [EVENT] sock=2732 hEvent=00000864 events=0x21
2026-10-03 00:42:55.878 [EVENT] sock=2620 hEvent=00000A2C events=0x0
2026-10-03 00:42:55.879 [EVENT] sock=2620 hEvent=00000A2C events=0x21
2026-10-03 00:42:58.393 [SETTLE] exp=4026 gold=201748 len=393
2026-10-03 00:43:04.589 [EVENT] sock=2620 hEvent=00000A2C events=0x0
2026-10-03 00:43:04.590 [EVENT] sock=2620 hEvent=00000A2C events=0x21
2026-10-03 00:43:05.576 [EVENT] sock=2620 hEvent=00000A2C events=0x0
2026-10-03 00:43:05.576 [EVENT] sock=2620 hEvent=00000A2C events=0x21
2026-10-03 00:43:14.921 [EVENT] sock=2620 hEvent=00000A2C events=0x0
2026-10-03 00:43:14.921 [EVENT] sock=2620 hEvent=00000A2C events=0x21
2026-10-03 00:43:23.707 [EVENT] sock=2732 hEvent=00000864 events=0x0
2026-10-03 00:43:23.707 [EVENT] sock=2732 hEvent=00000864 events=0x21
2026-10-03 00:43:24.986 [EVENT] sock=2620 hEvent=00000A2C events=0x0
2026-10-03 00:43:24.986 [EVENT] sock=2620 hEvent=00000A2C events=0x21
2026-10-03 00:43:27.189 [SETTLE] exp=3316 gold=201748 len=393
2026-10-03 00:43:34.373 [EVENT] sock=2620 hEvent=00000A2C events=0x0
2026-10-03 00:43:34.373 [EVENT] sock=2620 hEvent=00000A2C events=0x21
2026-10-03 00:43:35.364 [EVENT] sock=2620 hEvent=00000A2C events=0x0
2026-10-03 00:43:35.364 [EVENT] sock=2620 hEvent=00000A2C events=0x21
2026-10-03 00:43:44.455 [EVENT] sock=2620 hEvent=00000A2C events=0x0
2026-10-03 00:43:44.455 [EVENT] sock=2620 hEvent=00000A2C events=0x21
2026-10-03 00:43:53.707 [EVENT] sock=2732 hEvent=00000864 events=0x0
2026-10-03 00:43:53.707 [EVENT] sock=2732 hEvent=00000864 events=0x21
2026-10-03 00:43:54.514 [EVENT] sock=2620 hEvent=00000A2C events=0x0
2026-10-03 00:43:54.514 [EVENT] sock=2620 hEvent=00000A2C events=0x21
2026-10-03 00:44:03.819 [SETTLE] exp=4176 gold=201748 len=393
2026-10-03 00:44:11.052 [EVENT] sock=2620 hEvent=00000A2C events=0x0
2026-10-03 00:44:11.053 [EVENT] sock=2620 hEvent=00000A2C events=0x21
2026-10-03 00:44:11.966 [EVENT] sock=2620 hEvent=00000A2C events=0x0
2026-10-03 00:44:11.968 [EVENT] sock=2620 hEvent=00000A2C events=0x21
2026-10-03 00:44:21.104 [EVENT] sock=2620 hEvent=00000A2C events=0x0
2026-10-03 00:44:21.104 [EVENT] sock=2620 hEvent=00000A2C events=0x21
2026-10-03 00:44:23.708 [EVENT] sock=2732 hEvent=00000864 events=0x0
2026-10-03 00:44:23.708 [EVENT] sock=2732 hEvent=00000864 events=0x21
2026-10-03 00:44:31.159 [EVENT] sock=2620 hEvent=00000A2C events=0x0
2026-10-03 00:44:31.161 [EVENT] sock=2620 hEvent=00000A2C events=0x21
2026-10-03 00:44:40.046 [SETTLE] exp=3484 gold=201748 len=403
2026-10-03 00:44:45.237 [EVENT] sock=2620 hEvent=00000A2C events=0x0
2026-10-03 00:44:45.237 [EVENT] sock=2620 hEvent=00000A2C events=0x21
2026-10-03 00:44:46.218 [EVENT] sock=2620 hEvent=00000A2C events=0x0
2026-10-03 00:44:46.219 [EVENT] sock=2620 hEvent=00000A2C events=0x21
2026-10-03 00:44:53.711 [EVENT] sock=2732 hEvent=00000864 events=0x0
2026-10-03 00:44:53.712 [EVENT] sock=2732 hEvent=00000864 events=0x21
2026-10-03 00:44:55.306 [EVENT] sock=2620 hEvent=00000A2C events=0x0
2026-10-03 00:44:55.308 [EVENT] sock=2620 hEvent=00000A2C events=0x21
2026-10-03 00:45:05.364 [EVENT] sock=2620 hEvent=00000A2C events=0x0
2026-10-03 00:45:05.364 [EVENT] sock=2620 hEvent=00000A2C events=0x21
2026-10-03 00:45:07.239 [SETTLE] exp=2882 gold=201748 len=393
2026-10-03 00:45:07.325 [OP] 4210 inv=FFF3 len=12 #2 ac0bdcfa662b1f8023ecfc0b
2026-10-03 00:45:14.410 [EVENT] sock=2620 hEvent=00000A2C events=0x0
2026-10-03 00:45:14.410 [EVENT] sock=2620 hEvent=00000A2C events=0x21
2026-10-03 00:45:15.388 [EVENT] sock=2620 hEvent=00000A2C events=0x0
2026-10-03 00:45:15.389 [EVENT] sock=2620 hEvent=00000A2C events=0x21
2026-10-03 00:45:23.714 [EVENT] sock=2732 hEvent=00000864 events=0x0
2026-10-03 00:45:23.715 [EVENT] sock=2732 hEvent=00000864 events=0x21
2026-10-03 00:45:24.506 [EVENT] sock=2620 hEvent=00000A2C events=0x0
2026-10-03 00:45:24.506 [EVENT] sock=2620 hEvent=00000A2C events=0x21
2026-10-03 00:45:34.565 [EVENT] sock=2620 hEvent=00000A2C events=0x0
2026-10-03 00:45:34.565 [EVENT] sock=2620 hEvent=00000A2C events=0x21
2026-10-03 00:45:35.278 [SETTLE] exp=3440 gold=201748 len=393
2026-10-03 00:45:42.403 [EVENT] sock=2620 hEvent=00000A2C events=0x0
2026-10-03 00:45:42.403 [EVENT] sock=2620 hEvent=00000A2C events=0x21
2026-10-03 00:45:43.389 [EVENT] sock=2620 hEvent=00000A2C events=0x0
2026-10-03 00:45:43.389 [EVENT] sock=2620 hEvent=00000A2C events=0x21
2026-10-03 00:45:52.459 [EVENT] sock=2620 hEvent=00000A2C events=0x0
2026-10-03 00:45:52.459 [EVENT] sock=2620 hEvent=00000A2C events=0x21
2026-10-03 00:45:53.715 [EVENT] sock=2732 hEvent=00000864 events=0x0
2026-10-03 00:45:53.715 [EVENT] sock=2732 hEvent=00000864 events=0x21
2026-10-03 00:45:59.790 [SETTLE] exp=3004 gold=201748 len=393
2026-10-03 00:46:07.996 [EVENT] sock=2620 hEvent=00000A2C events=0x0
2026-10-03 00:46:07.996 [EVENT] sock=2620 hEvent=00000A2C events=0x21
2026-10-03 00:46:08.969 [EVENT] sock=2620 hEvent=00000A2C events=0x0
2026-10-03 00:46:08.970 [EVENT] sock=2620 hEvent=00000A2C events=0x21
2026-10-03 00:46:18.146 [EVENT] sock=2620 hEvent=00000A2C events=0x0
2026-10-03 00:46:18.146 [EVENT] sock=2620 hEvent=00000A2C events=0x21
2026-10-03 00:46:23.716 [EVENT] sock=2732 hEvent=00000864 events=0x0
2026-10-03 00:46:23.716 [EVENT] sock=2732 hEvent=00000864 events=0x21
2026-10-03 00:46:27.947 [SETTLE] exp=2836 gold=201748 len=393
2026-10-03 00:46:36.192 [EVENT] sock=2620 hEvent=00000A2C events=0x0
2026-10-03 00:46:36.194 [EVENT] sock=2620 hEvent=00000A2C events=0x21
2026-10-03 00:46:37.179 [EVENT] sock=2620 hEvent=00000A2C events=0x0
2026-10-03 00:46:37.179 [EVENT] sock=2620 hEvent=00000A2C events=0x21
2026-10-03 00:46:46.268 [EVENT] sock=2620 hEvent=00000A2C events=0x0
2026-10-03 00:46:46.269 [EVENT] sock=2620 hEvent=00000A2C events=0x21
2026-10-03 00:46:53.716 [EVENT] sock=2732 hEvent=00000864 events=0x0
2026-10-03 00:46:53.716 [EVENT] sock=2732 hEvent=00000864 events=0x21
2026-10-03 00:46:56.319 [EVENT] sock=2620 hEvent=00000A2C events=0x0
2026-10-03 00:46:56.320 [EVENT] sock=2620 hEvent=00000A2C events=0x21
2026-10-03 00:47:05.793 [SETTLE] exp=3528 gold=201748 len=403
2026-10-03 00:47:14.012 [EVENT] sock=2620 hEvent=00000A2C events=0x0
2026-10-03 00:47:14.014 [EVENT] sock=2620 hEvent=00000A2C events=0x21
2026-10-03 00:47:14.998 [EVENT] sock=2620 hEvent=00000A2C events=0x0
2026-10-03 00:47:14.998 [EVENT] sock=2620 hEvent=00000A2C events=0x21
2026-10-03 00:47:23.716 [EVENT] sock=2732 hEvent=00000864 events=0x0
2026-10-03 00:47:23.716 [EVENT] sock=2732 hEvent=00000864 events=0x21
2026-10-03 00:47:24.102 [EVENT] sock=2620 hEvent=00000A2C events=0x0
2026-10-03 00:47:24.102 [EVENT] sock=2620 hEvent=00000A2C events=0x21
2026-10-03 00:47:34.166 [EVENT] sock=2620 hEvent=00000A2C events=0x0
2026-10-03 00:47:34.166 [EVENT] sock=2620 hEvent=00000A2C events=0x21
2026-10-03 00:47:34.947 [SETTLE] exp=2448 gold=201748 len=403
2026-10-03 00:47:39.117 [EVENT] sock=2620 hEvent=00000A2C events=0x0
2026-10-03 00:47:39.117 [EVENT] sock=2620 hEvent=00000A2C events=0x21
2026-10-03 00:47:40.097 [EVENT] sock=2620 hEvent=00000A2C events=0x0
2026-10-03 00:47:40.097 [EVENT] sock=2620 hEvent=00000A2C events=0x21
2026-10-03 00:47:49.246 [EVENT] sock=2620 hEvent=00000A2C events=0x0
2026-10-03 00:47:49.246 [EVENT] sock=2620 hEvent=00000A2C events=0x21
2026-10-03 00:47:53.717 [EVENT] sock=2732 hEvent=00000864 events=0x0
2026-10-03 00:47:53.717 [EVENT] sock=2732 hEvent=00000864 events=0x21
2026-10-03 00:47:59.296 [EVENT] sock=2620 hEvent=00000A2C events=0x0
2026-10-03 00:47:59.297 [EVENT] sock=2620 hEvent=00000A2C events=0x21
2026-10-03 00:48:04.053 [SETTLE] exp=3590 gold=201748 len=403
2026-10-03 00:48:10.244 [EVENT] sock=2620 hEvent=00000A2C events=0x0
2026-10-03 00:48:10.244 [EVENT] sock=2620 hEvent=00000A2C events=0x21
2026-10-03 00:48:11.235 [EVENT] sock=2620 hEvent=00000A2C events=0x0
2026-10-03 00:48:11.236 [EVENT] sock=2620 hEvent=00000A2C events=0x21
2026-10-03 00:48:20.320 [EVENT] sock=2620 hEvent=00000A2C events=0x0
2026-10-03 00:48:20.320 [EVENT] sock=2620 hEvent=00000A2C events=0x21
2026-10-03 00:48:23.718 [EVENT] sock=2732 hEvent=00000864 events=0x0
2026-10-03 00:48:23.718 [EVENT] sock=2732 hEvent=00000864 events=0x21
2026-10-03 00:48:30.376 [EVENT] sock=2620 hEvent=00000A2C events=0x0
2026-10-03 00:48:30.376 [EVENT] sock=2620 hEvent=00000A2C events=0x21
2026-10-03 00:48:32.723 [SETTLE] exp=2598 gold=201748 len=393
2026-10-03 00:48:40.918 [EVENT] sock=2620 hEvent=00000A2C events=0x0
2026-10-03 00:48:40.918 [EVENT] sock=2620 hEvent=00000A2C events=0x21
2026-10-03 00:48:41.906 [EVENT] sock=2620 hEvent=00000A2C events=0x0
2026-10-03 00:48:41.906 [EVENT] sock=2620 hEvent=00000A2C events=0x21
2026-10-03 00:48:51.026 [EVENT] sock=2620 hEvent=00000A2C events=0x0
2026-10-03 00:48:51.026 [EVENT] sock=2620 hEvent=00000A2C events=0x21
2026-10-03 00:48:53.719 [EVENT] sock=2732 hEvent=00000864 events=0x0
2026-10-03 00:48:53.719 [EVENT] sock=2732 hEvent=00000864 events=0x21
2026-10-03 00:49:01.083 [EVENT] sock=2620 hEvent=00000A2C events=0x0
2026-10-03 00:49:01.083 [EVENT] sock=2620 hEvent=00000A2C events=0x21
2026-10-03 00:49:07.477 [SETTLE] exp=3094 gold=201748 len=403
2026-10-03 00:49:15.673 [EVENT] sock=2620 hEvent=00000A2C events=0x0
2026-10-03 00:49:15.673 [EVENT] sock=2620 hEvent=00000A2C events=0x21
2026-10-03 00:49:16.646 [EVENT] sock=2620 hEvent=00000A2C events=0x0
2026-10-03 00:49:16.646 [EVENT] sock=2620 hEvent=00000A2C events=0x21
2026-10-03 00:49:23.719 [EVENT] sock=2732 hEvent=00000864 events=0x0
2026-10-03 00:49:23.719 [EVENT] sock=2732 hEvent=00000864 events=0x21
2026-10-03 00:49:25.787 [EVENT] sock=2620 hEvent=00000A2C events=0x0
2026-10-03 00:49:25.787 [EVENT] sock=2620 hEvent=00000A2C events=0x21
2026-10-03 00:49:35.858 [EVENT] sock=2620 hEvent=00000A2C events=0x0
2026-10-03 00:49:35.858 [EVENT] sock=2620 hEvent=00000A2C events=0x21
2026-10-03 00:49:37.890 [SETTLE] exp=3032 gold=201748 len=393
2026-10-03 00:49:41.693 [OP] 4613 inv=FFC1 len=62 #1 ca29e5af58d5dc590193f6a3e9cd194f6fc4a6463041550758ec6fc4a32bcaaa9564f7b130f40253ab809464510b8bfaf82b1f7926b35c3828d7fb2b1f80
2026-10-03 00:49:41.693 [OP] 4612 inv=FFF7 len=8 #2 ca805b6412b252fa
2026-10-03 00:49:46.071 [EVENT] sock=2620 hEvent=00000A2C events=0x0
2026-10-03 00:49:46.071 [EVENT] sock=2620 hEvent=00000A2C events=0x21
2026-10-03 00:49:47.060 [EVENT] sock=2620 hEvent=00000A2C events=0x0
2026-10-03 00:49:47.060 [EVENT] sock=2620 hEvent=00000A2C events=0x21
2026-10-03 00:49:53.723 [EVENT] sock=2732 hEvent=00000864 events=0x0
2026-10-03 00:49:53.723 [EVENT] sock=2732 hEvent=00000864 events=0x21
2026-10-03 00:49:56.175 [EVENT] sock=2620 hEvent=00000A2C events=0x0
2026-10-03 00:49:56.177 [EVENT] sock=2620 hEvent=00000A2C events=0x21
2026-10-03 00:50:06.287 [EVENT] sock=2620 hEvent=00000A2C events=0x0
2026-10-03 00:50:06.289 [EVENT] sock=2620 hEvent=00000A2C events=0x21
2026-10-03 00:50:12.582 [SETTLE] exp=3378 gold=201748 len=393
2026-10-03 00:50:18.785 [EVENT] sock=2620 hEvent=00000A2C events=0x0
2026-10-03 00:50:18.786 [EVENT] sock=2620 hEvent=00000A2C events=0x21
2026-10-03 00:50:19.754 [EVENT] sock=2620 hEvent=00000A2C events=0x0
2026-10-03 00:50:19.754 [EVENT] sock=2620 hEvent=00000A2C events=0x21
2026-10-03 00:50:23.726 [EVENT] sock=2732 hEvent=00000864 events=0x0
2026-10-03 00:50:23.728 [EVENT] sock=2732 hEvent=00000864 events=0x21
2026-10-03 00:50:28.939 [EVENT] sock=2620 hEvent=00000A2C events=0x0
2026-10-03 00:50:28.940 [EVENT] sock=2620 hEvent=00000A2C events=0x21
2026-10-03 00:50:38.349 [OP] 4613 inv=FFC1 len=62 #2 ca29e5af58d5dc590193f6a3e9cd194f6fc4a6463041550758ec6fc4a32bcaaa9564f7b130f40253ab809464510b8bfaf82b1f7926b35c3828d7fb2b1f80
2026-10-03 00:50:38.448 [OP] 4612 inv=FFF7 len=8 #3 ca805b6412b252fa
2026-10-03 00:50:38.991 [EVENT] sock=2620 hEvent=00000A2C events=0x0
2026-10-03 00:50:38.991 [EVENT] sock=2620 hEvent=00000A2C events=0x21
2026-10-03 00:50:45.629 [OP] 4707 inv=FFF3 len=12 #2 d85dad8023ecfc0b17faa32b
2026-10-03 00:50:45.721 [SETTLE] exp=1525 gold=201748 len=403
2026-10-03 00:50:45.722 [OP] 4612 inv=FFF7 len=8 #4 ca805b647c8052fa
2026-10-03 00:50:51.822 [EVENT] sock=2620 hEvent=00000A2C events=0x0
2026-10-03 00:50:51.822 [EVENT] sock=2620 hEvent=00000A2C events=0x21
2026-10-03 00:50:51.922 [EVENT] sock=2620 hEvent=00000A2C events=0x0
2026-10-03 00:50:51.922 [EVENT] sock=2620 hEvent=00000A2C events=0x21
2026-10-03 00:50:52.906 [EVENT] sock=2620 hEvent=00000A2C events=0x0
2026-10-03 00:50:52.906 [EVENT] sock=2620 hEvent=00000A2C events=0x21
2026-10-03 00:50:53.729 [EVENT] sock=2732 hEvent=00000864 events=0x0
2026-10-03 00:50:53.729 [EVENT] sock=2732 hEvent=00000864 events=0x21
2026-10-03 00:51:01.999 [EVENT] sock=2620 hEvent=00000A2C events=0x0
2026-10-03 00:51:02.000 [EVENT] sock=2620 hEvent=00000A2C events=0x21
2026-10-03 00:51:11.470 [SETTLE] exp=1953 gold=201748 len=393
2026-10-03 00:51:17.364 [OP] 4613 inv=FFC1 len=62 #3 ca29e5af58d5dc590193f6a3e9cd194f6fc4a6463041550758ec6fc4a32bcaaa9564f7b130f40253ab809464580b8bfaf82b1f7926b35c3828d7fb2b1f80
2026-10-03 00:51:20.144 [EVENT] sock=2620 hEvent=00000A2C events=0x0
2026-10-03 00:51:20.144 [EVENT] sock=2620 hEvent=00000A2C events=0x21
2026-10-03 00:51:21.070 [EVENT] sock=2620 hEvent=00000A2C events=0x0
2026-10-03 00:51:21.072 [EVENT] sock=2620 hEvent=00000A2C events=0x21
2026-10-03 00:51:23.729 [EVENT] sock=2732 hEvent=00000864 events=0x0
2026-10-03 00:51:23.729 [EVENT] sock=2732 hEvent=00000864 events=0x21
2026-10-03 00:51:30.516 [EVENT] sock=2620 hEvent=00000A2C events=0x0
2026-10-03 00:51:30.518 [EVENT] sock=2620 hEvent=00000A2C events=0x21
2026-10-03 00:51:40.571 [EVENT] sock=2620 hEvent=00000A2C events=0x0
2026-10-03 00:51:40.572 [EVENT] sock=2620 hEvent=00000A2C events=0x21
2026-10-03 00:51:41.907 [OP] 4613 inv=FFB9 len=70 #4 95f3ddbf6fe02298bd798a6c0e2e585b68a9182c94df55536a6d8d503ea6ed7f58ec6ffaa353caaa5b42b2d48b98f8671f805b6451b1dcfaa32beceb066d0d4079bbea2b1f80
2026-10-03 00:51:41.907 [OP] 4612 inv=FFF7 len=8 #5 ca805b647c8052fa
2026-10-03 00:51:43.547 [SETTLE] exp=1787 gold=201748 len=393
2026-10-03 00:51:51.824 [EVENT] sock=2620 hEvent=00000A2C events=0x0
2026-10-03 00:51:51.825 [EVENT] sock=2620 hEvent=00000A2C events=0x21
2026-10-03 00:51:53.730 [EVENT] sock=2732 hEvent=00000864 events=0x0
2026-10-03 00:51:53.730 [EVENT] sock=2732 hEvent=00000864 events=0x21
2026-10-03 00:51:53.984 [EVENT] sock=2620 hEvent=00000A2C events=0x0
2026-10-03 00:51:53.985 [EVENT] sock=2620 hEvent=00000A2C events=0x21
2026-10-03 00:52:04.035 [EVENT] sock=2620 hEvent=00000A2C events=0x0
2026-10-03 00:52:04.035 [EVENT] sock=2620 hEvent=00000A2C events=0x21
2026-10-03 00:52:13.951 [PIPE] controller disconnected
2026-10-03 00:52:14.088 [EVENT] sock=2620 hEvent=00000A2C events=0x0
2026-10-03 00:52:14.088 [EVENT] sock=2620 hEvent=00000A2C events=0x21
2026-10-03 00:52:23.731 [EVENT] sock=2732 hEvent=00000864 events=0x0
2026-10-03 00:52:23.731 [EVENT] sock=2732 hEvent=00000864 events=0x21
2026-10-03 00:52:24.113 [OP] 4613 inv=FFB9 len=70 #5 95f3ddbf6fe02298bd798a6c0e2e585b68a9182c94df55536a6d8d503ea6ed7f58ec6ffaa353caaa5b42b2d48b98f8671f805b6451b1dcfaa32beceb066d0d4079bbea2b1f80
2026-10-03 00:52:25.121 [EVENT] sock=2620 hEvent=00000A2C events=0x0
2026-10-03 00:52:25.121 [EVENT] sock=2620 hEvent=00000A2C events=0x21
2026-10-03 00:52:29.394 [OP] 4705 inv=FFB8 len=71 #1 877a7f5134a722a37d67ce5bbbb20bdcfaa32b1fbc1c64510bdcfaa30459805b64510bdc39db2b1f805b645131dcfaa3a71f805b2751a2da2bf061f1341a64510bdcfaa32b1f80
2026-10-03 00:52:32.181 [OP] 4705 inv=FFB8 len=71 #2 877a7f5134a722a319f3ce5b4d310bdcfaa32b1f532764510bdcfaa34fca805b64510bdc45db2b1f805b645131dcfaa33a1f805b6651d286033d6643505b64510bdcfaa32b1f80
2026-10-03 00:52:35.190 [EVENT] sock=2620 hEvent=00000A2C events=0x0
2026-10-03 00:52:35.190 [EVENT] sock=2620 hEvent=00000A2C events=0x21
2026-10-03 00:52:40.721 [EVENT] sock=2732 hEvent=00000864 events=0x0
2026-10-03 00:52:40.722 [EVENT] sock=2732 hEvent=00000864 events=0x21
2026-10-03 00:52:45.122 [EVENT] sock=2620 hEvent=00000A2C events=0x0
2026-10-03 00:52:45.122 [EVENT] sock=2620 hEvent=00000A2C events=0x21
2026-10-03 00:52:46.064 [EVENT] sock=2620 hEvent=00000A2C events=0x0
2026-10-03 00:52:46.064 [EVENT] sock=2620 hEvent=00000A2C events=0x21
2026-10-03 00:52:53.733 [EVENT] sock=2732 hEvent=00000864 events=0x0
2026-10-03 00:52:53.733 [EVENT] sock=2732 hEvent=00000864 events=0x21
2026-10-03 00:52:55.180 [EVENT] sock=2620 hEvent=00000A2C events=0x0
2026-10-03 00:52:55.180 [EVENT] sock=2620 hEvent=00000A2C events=0x21
2026-10-03 00:53:03.861 [SETTLE] exp=1422 gold=201748 len=403
2026-10-03 00:53:11.138 [EVENT] sock=2620 hEvent=00000A2C events=0x0
2026-10-03 00:53:11.138 [EVENT] sock=2620 hEvent=00000A2C events=0x21
2026-10-03 00:53:12.111 [EVENT] sock=2620 hEvent=00000A2C events=0x0
2026-10-03 00:53:12.111 [EVENT] sock=2620 hEvent=00000A2C events=0x21
2026-10-03 00:53:21.208 [EVENT] sock=2620 hEvent=00000A2C events=0x0
2026-10-03 00:53:21.208 [EVENT] sock=2620 hEvent=00000A2C events=0x21
2026-10-03 00:53:23.734 [EVENT] sock=2732 hEvent=00000864 events=0x0
2026-10-03 00:53:23.734 [EVENT] sock=2732 hEvent=00000864 events=0x21
2026-10-03 00:53:31.262 [EVENT] sock=2620 hEvent=00000A2C events=0x0
2026-10-03 00:53:31.262 [EVENT] sock=2620 hEvent=00000A2C events=0x21
2026-10-03 00:53:31.487 [SETTLE] exp=1431 gold=201748 len=403
2026-10-03 00:53:38.755 [EVENT] sock=2620 hEvent=00000A2C events=0x0
2026-10-03 00:53:38.756 [EVENT] sock=2620 hEvent=00000A2C events=0x21
2026-10-03 00:53:39.696 [EVENT] sock=2620 hEvent=00000A2C events=0x0
2026-10-03 00:53:39.697 [EVENT] sock=2620 hEvent=00000A2C events=0x21
2026-10-03 00:53:48.642 [PIPE] controller connected
2026-10-03 00:53:48.812 [EVENT] sock=2620 hEvent=00000A2C events=0x0
2026-10-03 00:53:48.813 [EVENT] sock=2620 hEvent=00000A2C events=0x21
2026-10-03 00:53:53.735 [EVENT] sock=2732 hEvent=00000864 events=0x0
2026-10-03 00:53:53.735 [EVENT] sock=2732 hEvent=00000864 events=0x21
2026-10-03 00:53:58.162 [SETTLE] exp=2039 gold=201748 len=403
2026-10-03 00:54:07.410 [EVENT] sock=2620 hEvent=00000A2C events=0x0
2026-10-03 00:54:07.410 [EVENT] sock=2620 hEvent=00000A2C events=0x21
2026-10-03 00:54:08.394 [EVENT] sock=2620 hEvent=00000A2C events=0x0
2026-10-03 00:54:08.394 [EVENT] sock=2620 hEvent=00000A2C events=0x21
2026-10-03 00:54:17.572 [EVENT] sock=2620 hEvent=00000A2C events=0x0
2026-10-03 00:54:17.572 [EVENT] sock=2620 hEvent=00000A2C events=0x21
2026-10-03 00:54:23.735 [EVENT] sock=2732 hEvent=00000864 events=0x0
2026-10-03 00:54:23.735 [EVENT] sock=2732 hEvent=00000864 events=0x21
2026-10-03 00:54:25.081 [SETTLE] exp=1256 gold=201748 len=393
2026-10-03 00:54:30.292 [EVENT] sock=2620 hEvent=00000A2C events=0x0
2026-10-03 00:54:30.292 [EVENT] sock=2620 hEvent=00000A2C events=0x21
2026-10-03 00:54:31.235 [EVENT] sock=2620 hEvent=00000A2C events=0x0
2026-10-03 00:54:31.238 [EVENT] sock=2620 hEvent=00000A2C events=0x21
2026-10-03 00:54:40.359 [EVENT] sock=2620 hEvent=00000A2C events=0x0
2026-10-03 00:54:40.360 [EVENT] sock=2620 hEvent=00000A2C events=0x21
2026-10-03 00:54:43.018 [SETTLE] exp=1341 gold=201748 len=403
2026-10-03 00:54:50.201 [EVENT] sock=2620 hEvent=00000A2C events=0x0
2026-10-03 00:54:50.201 [EVENT] sock=2620 hEvent=00000A2C events=0x21
2026-10-03 00:54:51.174 [EVENT] sock=2620 hEvent=00000A2C events=0x0
2026-10-03 00:54:51.174 [EVENT] sock=2620 hEvent=00000A2C events=0x21
2026-10-03 00:54:53.736 [EVENT] sock=2732 hEvent=00000864 events=0x0
2026-10-03 00:54:53.736 [EVENT] sock=2732 hEvent=00000864 events=0x21
2026-10-03 00:55:00.294 [EVENT] sock=2620 hEvent=00000A2C events=0x0
2026-10-03 00:55:00.294 [EVENT] sock=2620 hEvent=00000A2C events=0x21
2026-10-03 00:55:04.397 [SETTLE] exp=1341 gold=201748 len=393
2026-10-03 00:55:11.651 [EVENT] sock=2620 hEvent=00000A2C events=0x0
2026-10-03 00:55:11.651 [EVENT] sock=2620 hEvent=00000A2C events=0x21
2026-10-03 00:55:12.625 [EVENT] sock=2620 hEvent=00000A2C events=0x0
2026-10-03 00:55:12.625 [EVENT] sock=2620 hEvent=00000A2C events=0x21
2026-10-03 00:55:21.708 [EVENT] sock=2620 hEvent=00000A2C events=0x0
2026-10-03 00:55:21.708 [EVENT] sock=2620 hEvent=00000A2C events=0x21
2026-10-03 00:55:23.737 [EVENT] sock=2732 hEvent=00000864 events=0x0
2026-10-03 00:55:23.737 [EVENT] sock=2732 hEvent=00000864 events=0x21
2026-10-03 00:55:28.123 [SETTLE] exp=1516 gold=201748 len=403
2026-10-03 00:55:34.344 [EVENT] sock=2620 hEvent=00000A2C events=0x0
2026-10-03 00:55:34.345 [EVENT] sock=2620 hEvent=00000A2C events=0x21
2026-10-03 00:55:35.328 [EVENT] sock=2620 hEvent=00000A2C events=0x0
2026-10-03 00:55:35.328 [EVENT] sock=2620 hEvent=00000A2C events=0x21
2026-10-03 00:55:44.567 [EVENT] sock=2620 hEvent=00000A2C events=0x0
2026-10-03 00:55:44.568 [EVENT] sock=2620 hEvent=00000A2C events=0x21
2026-10-03 00:55:53.083 [SETTLE] exp=1842 gold=201748 len=403
2026-10-03 00:55:53.737 [EVENT] sock=2732 hEvent=00000864 events=0x0
2026-10-03 00:55:53.737 [EVENT] sock=2732 hEvent=00000864 events=0x21
2026-10-03 00:56:03.128 [EVENT] sock=2620 hEvent=00000A2C events=0x0
2026-10-03 00:56:03.128 [EVENT] sock=2620 hEvent=00000A2C events=0x21
2026-10-03 00:56:13.207 [EVENT] sock=2620 hEvent=00000A2C events=0x0
2026-10-03 00:56:13.207 [EVENT] sock=2620 hEvent=00000A2C events=0x21
2026-10-03 00:56:18.382 [OP] 4707 inv=FFF3 len=12 #3 d85dad8063cdfc0b17faa32b
2026-10-03 00:56:18.470 [OP] 43F1 inv=FFFA len=5 #1 33b4de1fc7
2026-10-03 00:56:18.470 [OP] 40E0 inv=FED1 len=302 #2 238052faa4de1f805b64510b5ae8a32b1f805b64b5d0dcfaa32b1f80bdf8510bdcfaa32b7d035b64fc0bdcfad82b1f809e64510b52faa32bad805b64fc0bdcfa7a2b1f804b64510b52faa32b6d805b64bc7fdcfa6c2b1f803164510b87faa32bc6aa5b64580bdcfa312b1f800d64510b8ffaa32b1f805b64510bdcfaa32b1f805b64510bdcfaa32b1f805b64430bdcfaa32b1f805b64510bdcfaa32b1f805b64
2026-10-03 00:56:23.485 [EVENT] sock=2620 hEvent=00000A2C events=0x0
2026-10-03 00:56:23.485 [EVENT] sock=2620 hEvent=00000A2C events=0x21
2026-10-03 00:56:23.738 [EVENT] sock=2732 hEvent=00000864 events=0x0
2026-10-03 00:56:23.738 [EVENT] sock=2732 hEvent=00000864 events=0x21
2026-10-03 00:56:26.417 [EVENT] sock=2620 hEvent=00000A2C events=0x0
2026-10-03 00:56:26.418 [EVENT] sock=2620 hEvent=00000A2C events=0x21
2026-10-03 00:56:26.484 [OP] 40E0 inv=FED1 len=302 #3 238052faa4de1f805b64510b5ae8a32b1f805b64b5d0dcfaa32b1f80bdf8510bdcfaa32b7d035b64fc0bdcfad82b1f809e64510b52faa32bad805b64fc0bdcfa7a2b1f804b64510b52faa32b6d805b64bc7fdcfa6c2b1f803164510b87faa32bc6aa5b64580bdcfa312b1f800d64510b8ffaa32b1f805b64510bdcfaa32b1f805b64510bdcfaa32b1f805b64430bdcfaa32b1f805b64510bdcfaa32b1f805b64
2026-10-03 00:56:26.570 [OP] 40E3 inv=FFDF len=32 #2 3e0e392ba5d97b81370b6afa812b62801264830be4fa232b6980c364970be6fa
2026-10-03 00:56:26.571 [OP] 40E2 inv=FF97 len=104 #2 6787c464fe0b6ffac32bca800664830b72c4232be2aa406452ec52fafb53ca8029df580b43c4232bb0aac46418ec6afae4539d80fcdfb20be9c4462b21aa1c64e9ec8bfa3e539d808fdfb20b85c4fd2bceaa1c64e0ec6ffad553ca8058df580b40c4f82ba0aa9564
2026-10-03 00:56:26.571 [OP] 4232 inv=FF60 len=159 #2 ec23d0dce0a32b1f4f5b645127dcfaa3de1f805b6f510bdc1c462b1f805b64510bdcfaa32b1f805b64510bdcfaa32b1f805b64510bdcfaa3a79d805b64510bdc63f82b1f805b6451e28bfaa32b1f805b41580bdcfaa32b1f567a6451b352faa30959805b15510bdc25a32b1fef5b6451c4dcfaa32ead805b14510bdcc5a32b1f445b64510bdcfaa32cd672eca2d661e2b05b931f805b64510bdcfaa32b1f80
2026-10-03 00:56:26.571 [OP] 4232 inv=FF60 len=159 #3 ec23d0dcaea32b1f8c5b6451b2dcfaa3061f805b08510bdccd202b1f805b64510bdcfaa32b1f805b64510bdcfaa32b1f805b64510bdcfaa3281f805b64510bdcb2a32b1f805b6451d7dcfaa32b1f805b11510bdcfaa32b1f007a6451e3dcfaa3931f805b7f510bdce0a32b1fef5b6451c4dcfaa37c1f805bf8510bdce0a32b1f4f5b64510bdcfaa32cd672eca2d661e2b05b2b1f805bdf510bdcfaa32b1f80
2026-10-03 00:56:26.571 [OP] 4020 inv=FFE7 len=24 #1 238052fa672bca8094ecfc0bc740a32bca8095643b0b6afa
2026-10-03 00:56:26.571 [OP] 4202 inv=FFEF len=16 #1 230bdcfaa32b1f800ea9510b4a5ba32b
2026-10-03 00:56:26.571 [OP] 4055 inv=FFF7 len=8 #1 7aecfc0bdcfaa32b
2026-10-03 00:56:26.572 [OP] 40A0 inv=FCAF len=848 #1 7aecfc0ba95ddb2bcdc75b647dd0dcfadb4a3826f012510bdcfaa32b1f805b64510bdcfaa32b1f805b64510bdcfaa32b1f805b64510bdcfaa32b1f80a237d475f6dcd62402c75b6440ecdcfadb4a3268bef22e60dcfaa32b1f805b64510bdcfaa32b1f805b64510bdcfaa32b1f805b64510bdcfaa32b1f80b7a9a675d2308f24f4c75b64d4c4dcfadb4a7caf33b4303ccdb38023db065b64510bdcfaa32b1f80
2026-10-03 00:56:26.579 [EVENT] sock=2620 hEvent=00000A2C events=0x0
2026-10-03 00:56:26.579 [EVENT] sock=2620 hEvent=00000A2C events=0x21
2026-10-03 00:56:26.674 [OP] 4025 inv=FFF5 len=10 #1 61533832c4df51ece2fa
2026-10-03 00:56:27.025 [EVENT] sock=2620 hEvent=00000A2C events=0x0
2026-10-03 00:56:27.026 [EVENT] sock=2620 hEvent=00000A2C events=0x21
2026-10-03 00:56:27.027 [EVENT] sock=2620 hEvent=00000A2C events=0x0
2026-10-03 00:56:27.027 [EVENT] sock=2620 hEvent=00000A2C events=0x21
2026-10-03 00:56:27.029 [EVENT] sock=2620 hEvent=00000A2C events=0x0
2026-10-03 00:56:27.029 [EVENT] sock=2620 hEvent=00000A2C events=0x21
2026-10-03 00:56:27.033 [EVENT] sock=2620 hEvent=00000A2C events=0x0
2026-10-03 00:56:27.033 [EVENT] sock=2620 hEvent=00000A2C events=0x21
2026-10-03 00:56:27.042 [EVENT] sock=2620 hEvent=00000A2C events=0x0
2026-10-03 00:56:27.043 [EVENT] sock=2620 hEvent=00000A2C events=0x21
2026-10-03 00:56:27.043 [EVENT] sock=2620 hEvent=00000A2C events=0x0
2026-10-03 00:56:27.043 [EVENT] sock=2620 hEvent=00000A2C events=0x21
2026-10-03 00:56:27.045 [EVENT] sock=2620 hEvent=00000A2C events=0x0
2026-10-03 00:56:27.045 [EVENT] sock=2620 hEvent=00000A2C events=0x21
2026-10-03 00:56:27.045 [EVENT] sock=2620 hEvent=00000A2C events=0x0
2026-10-03 00:56:27.045 [EVENT] sock=2620 hEvent=00000A2C events=0x21
2026-10-03 00:56:27.048 [EVENT] sock=2620 hEvent=00000A2C events=0x0
2026-10-03 00:56:27.049 [EVENT] sock=2620 hEvent=00000A2C events=0x21
2026-10-03 00:56:27.061 [EVENT] sock=2620 hEvent=00000A2C events=0x0
2026-10-03 00:56:27.061 [EVENT] sock=2620 hEvent=00000A2C events=0x21
2026-10-03 00:56:27.170 [OP] 42E5 inv=FFE5 len=26 #1 7a64510b20faa32bca0c3cc8065c59cc859a0d869887050bdcfa
2026-10-03 00:56:27.174 [EVENT] sock=2620 hEvent=00000A2C events=0x0
2026-10-03 00:56:27.174 [EVENT] sock=2620 hEvent=00000A2C events=0x21
2026-10-03 00:56:27.269 [OP] 42A7 inv=FEE6 len=281 #1 877a7f5102dcfaa31831d3c20133340c33509e31d3c2019ff0dcfaa32b1f805b64510bdcfaa32b31d35b64510bdcfa04181f805bfc250befa9a32b1f805b642564dcfa04e91f80c201510bcdfaa32b88805b64510bdcfa8b311f80acfb510bdcfc0418277e5b643334dcfa04e91f7e3efc251939fc10e972c15b649f0b39fc102b1f805bfc25190c33a32b1f803efc5119cd8aa32b272bc2ca510bdcfc042b27
2026-10-03 00:56:27.269 [OP] 42E5 inv=FFE5 len=26 #2 7a64510b20faa32bca0c3cc8065c59cc859a0d869887050bdcfa
2026-10-03 00:56:27.269 [OP] 42E5 inv=FFE5 len=26 #3 7a64510b20faa32bca0c3cc8065c59cc859a0d869887050bdcfa
2026-10-03 00:56:27.269 [OP] 42E5 inv=FFE5 len=26 #4 7a64510b20faa32bca0c3cc8065c59cc859a0d869887050bdcfa
2026-10-03 00:56:27.270 [OP] 42E5 inv=FFE5 len=26 #5 7a64510b20faa32bca0c3cc8065c59cc859a0d869887050bdcfa
2026-10-03 00:56:27.370 [OP] 42A7 inv=FEE6 len=281 #2 877a7f5133dcfaa30062832e058960677f329cdb9ec3538975ceec388294473d4c8260db9048cd942cc35c18755f8f4841572cc35ce656491792383c90db81a552159d31b04f615f1652cb155a4e470b8fdb81a5cb210cf6fe65d97bdd8352155aeb410bd9325382875f5a4e47d88f7e86e675155ab82442836addf65315251ce2c88f6a3cf475f477236f65796a5c8375495b596f5d793b2b526ae0252924c8
2026-10-03 00:56:33.900 [EVENT] sock=2620 hEvent=00000A2C events=0x0
2026-10-03 00:56:33.900 [EVENT] sock=2620 hEvent=00000A2C events=0x21
2026-10-03 00:56:40.217 [OP] 43F1 inv=FFFA len=5 #2 33b4de1faa
2026-10-03 00:56:40.304 [OP] 4704 inv=FFDE len=33 #1 803e22a39ef3ce5b64510bdcfaa32b1feb066d0d7928bbea2b1f805b64510bdcfa
2026-10-03 00:56:40.313 [EVENT] sock=2620 hEvent=00000A2C events=0x0
2026-10-03 00:56:40.313 [EVENT] sock=2620 hEvent=00000A2C events=0x21
2026-10-03 00:56:40.362 [OP] 401B inv=FF33 len=204 #1 238052fa392b1f807c64510befc2392b1a805b64450bdcfaf9061f805b64510b606ea32b1f805b64b3ecdcfaa32b1f809ef8510bdcfaa32b1c48bd42804d71faa32b1f805b64510bdc6a51275207c464530bdcfa972b1f80b1d9510bdcfaa32b45ca5b64510bdcfa95931f805b64510bdee8a32b1f805b64bc595ab12b21ac805b64510bdcfaa32b1f162ddb238052fa732b1f804964510bf122a32b1f805b64
2026-10-03 00:56:40.457 [OP] 4705 inv=FFB8 len=71 #3 877a7f5134a722a3b3f3ce5b0f310bdcfaa32b1ffd2764510bdcfaa3e51f805b64510bdca7f82b1f805b645131dcfaa33a1f805b6651d286033d6643d45b64510bdcfaa32b1f80
2026-10-03 00:56:40.457 [OP] 4705 inv=FFB8 len=71 #4 877a7f5134a722a37d67ce5bbbb20bdcfaa32b1fbc1c64510bdcfaa30459805b64510bdc39db2b1f805b645131dcfaa3a71f805b2751a2da2bf061f1341a64510bdcfaa32b1f80
2026-10-03 00:56:43.980 [EVENT] sock=2620 hEvent=00000A2C events=0x0
2026-10-03 00:56:43.980 [EVENT] sock=2620 hEvent=00000A2C events=0x21
2026-10-03 00:56:50.645 [OP] 40A0 inv=FE8F len=368 #2 7aecfc0be6faf82bb8805b643875dcfadb4ab5c13cf2bc05b600f07f9aeb5b64510bdcfaa32b1f805b64510bdcfaa32b1f805b64510bdcfaa32b1f803cc690b1076ee64a4cc75b64190bdcfadb4a0bc1f055510bdcfaa32b1f805b64510bdcfaa32b1f805b64510bdcfaa32b1f805b64510bdcfaa32b1f801bc6a0b1a96e054a15c75b64317fdcfadb4a7caf855d3064288d4cb51f805b64510bdcfaa32b1f80
2026-10-03 00:56:51.647 [OP] 40A0 inv=FF07 len=248 #3 7aecfc0b8bc2392b3ec75b64950bdcfadb4a6c05c267510bdcfaa32b1f805b64510bdcfaa32b1f805b64510bdcfaa32b1f805b64510bdcfaa32b1f80b7d9dfd0d29fe1dee5c75b64237fdcfadb4adb2f6340510bdcfaa32b1f805b64510bdcfaa32b1f805b64510bdcfaa32b1f805b64510bdcfaa32b1f80f8d965d0329f41de1cc75b641ac4dcfadb4a429a24ca5c00cd974148b97a632a510bdcfaa32b1f80
2026-10-03 00:56:52.266 [EVENT] sock=2620 hEvent=00000A2C events=0x0
2026-10-03 00:56:52.266 [EVENT] sock=2620 hEvent=00000A2C events=0x21
2026-10-03 00:56:52.347 [OP] 42A7 inv=FEE6 len=281 #3 877a7f518adcfaa31831d3c20133340c33509e31d3c2019ff0dcfaa32b1f805b64510bdcfaa32b31d35b64510bcd8a0418272b5b64510befa9a32b1f7eacfb9f64cd8a042b1f80c201510b398a0418407eacfb9f64dcfa8b311f7e3e645164398aa32b272b3e643334dc8aa32b1f803e64510bdcfc102b72c15bfb510bdcfa102b1f805bfc9f0b0c33a3181f805bfc2564dcfaa3e9278063ca5119dcfa041827
2026-10-03 00:56:53.739 [EVENT] sock=2732 hEvent=00000864 events=0x0
2026-10-03 00:56:53.740 [EVENT] sock=2732 hEvent=00000864 events=0x21
2026-10-03 00:56:54.654 [OP] 40A0 inv=FF43 len=188 #4 7aecfc0b52fadb2b7ac75b6453ecdcfadb4a363c3ee11e9edcfaa32b1f805b64510bdcfaa32b1f805b64510bdcfaa32b1f805b64510bdcfaa32b1f80cac6b97f106ec8932bc75b64c57fdcfadb4a121a2d40510bdcfaa32b1f805b64510bdcfaa32b1f805b64510bdcfaa32b1f805b64510bdcfaa32b1f8000c6527f956e519346c75b64e90bdcfadb4ac3fbdb22072f7d166aa11f805b64510bdcfaa32b1f80
2026-10-03 00:56:57.664 [OP] 40A0 inv=FF43 len=188 #5 7aecfc0b52c2392b24c75b64a67fdcfadb4a962f98da510bdcfaa32b1f805b64510bdcfaa32b1f805b64510bdcfaa32b1f805b64510bdcfaa32b1f80337ae4d0aa02a8de8dc75b6403d0dcfadb4ae49ee986960a5af1d47f722c3c49510bdcfaa32b1f805b64510bdcfaa32b1f805b64510bdcfaa32b1f8066be72d0584765de6cb65b6439ecdcfadb4a7caf33b4303c60d18b02b5d85b64510bdcfaa32b1f80
2026-10-03 00:57:00.675 [EVENT] sock=2620 hEvent=00000A2C events=0x0
2026-10-03 00:57:00.675 [EVENT] sock=2620 hEvent=00000A2C events=0x21
2026-10-03 00:57:07.745 [SYS] #FFF692#交纳传送费用#00CCFF#1370#FFF692#金币！
2026-10-03 00:57:07.842 [CURRENCY] a=201748 b=269141
2026-10-03 00:57:07.899 [OP] 40E0 inv=FED1 len=302 #4 238052faa4de1f805b64510b5ae8a32b1f805b64b5d0dcfaa32b1f80bdf8510bdcfaa32b7d035b64fc0bdcfad82b1f809e64510b52faa32bad805b64fc0bdcfa7a2b1f804b64510b52faa32b6d805b64bc7fdcfa6c2b1f803164510b87faa32bc6aa5b64580bdcfa312b1f800d64510b8ffaa32b1f805b64510bdcfaa32b1f805b64510bdcfaa32b1f805b64430bdcfaa32b1f805b64510bdcfaa32b1f805b64
2026-10-03 00:57:07.899 [OP] 40E3 inv=FFDF len=32 #3 3e0e392ba5d97b81370b6afa812b62801264830be4fa232b6980c364970be6fa
2026-10-03 00:57:07.899 [OP] 40E2 inv=FF97 len=104 #3 6787c464fe0bdcfac32bca800664830b72c4232be2aa406452ec52fafb53ca8029df580b43c4232bb0aac46418ec6afae4539d80fcdfb20be9c4462b21aa1c64e9ec8bfa3e539d808fdfb20b85c4fd2bceaa1c64e0ec6ffad553ca8058df580b40c4f82ba0aa9564
2026-10-03 00:57:07.899 [OP] 4232 inv=FF60 len=159 #4 ec23d0dce0a32b1f4f5b645127dcfaa3de1f805b6f510bdc1c462b1f805b64510bdcfaa32b1f805b64510bdcfaa32b1f805b64510bdcfaa3a79d805b64510bdc63f82b1f805b6451e28bfaa32b1f805b41580bdcfaa32b1f567a6451b352faa30959805b15510bdc25a32b1fef5b6451c4dcfaa32ead805b14510bdcc5a32b1f445b64510bdcfaa32cd672eca2d661e2b05b931f805b64510bdcfaa32b1f80
2026-10-03 00:57:07.900 [OP] 4232 inv=FF60 len=159 #5 ec23d0dcaea32b1f8c5b6451b2dcfaa3061f805b08510bdccd202b1f805b64510bdcfaa32b1f805b64510bdcfaa32b1f805b64510bdcfaa3281f805b64510bdcb2a32b1f805b6451d7dcfaa32b1f805b11510bdcfaa32b1f007a6451e3dcfaa3931f805b7f510bdce0a32b1fef5b6451c4dcfaa37c1f805bf8510bdce0a32b1f4f5b64510bdcfaa32cd672eca2d661e2b05b2b1f805bdf510bdcfaa32b1f80
2026-10-03 00:57:07.900 [OP] 401B inv=FEB3 len=332 #2 d85dad800d64510b17faa32b7207c464530bdcfa972b1f80afc6510bdcfaa32be4c65b64510bdcfab9531f805b64510bffe8a32b1f805b64bc595ab12b219f805b64510bdcfaa32b1fef5b6412b252fada2b1f802964510bac9fa32b1f805b6437fddcfaa32b1f8012f8510bdcfaa32be0c75b64510bdcfa16876c842d437f0bdcfaa32b1f805b6451b1a150d85dad800a64510b35faa32beace5b64510bdcfa
2026-10-03 00:57:07.900 [OP] 4202 inv=FFEF len=16 #2 7f0bdcfafd2b1f802b64510b94c4a32b
2026-10-03 00:57:07.900 [OP] 4055 inv=FFF7 len=8 #2 7aecfc0bdcfaa32b
2026-10-03 00:57:08.209 [EVENT] sock=2620 hEvent=00000A2C events=0x0
2026-10-03 00:57:08.209 [EVENT] sock=2620 hEvent=00000A2C events=0x21
2026-10-03 00:57:10.784 [EVENT] sock=2620 hEvent=00000A2C events=0x0
2026-10-03 00:57:10.786 [EVENT] sock=2620 hEvent=00000A2C events=0x21
2026-10-03 00:57:13.787 [SYS] #FFF692#交纳传送费用#00CCFF#1810#FFF692#金币！
2026-10-03 00:57:13.889 [SYS] #ff0000#您已进入野外区域，可能遭遇玩家间的自由对战，请注意安全！#ffffff#
2026-10-03 00:57:13.889 [CURRENCY] a=201748 b=268701
2026-10-03 00:57:13.889 [OP] 40E0 inv=FED1 len=302 #5 238052faa4de1f805b64510b5ae8a32b1f805b64b5d0dcfaa32b1f80bdf8510bdcfaa32b7d035b64fc0bdcfad82b1f809e64510b52faa32bad805b64fc0bdcfa7a2b1f804b64510b52faa32b6d805b64bc7fdcfa6c2b1f803164510b87faa32bc6aa5b64580bdcfa312b1f800d64510b8ffaa32b1f805b64510bdcfaa32b1f805b64510bdcfaa32b1f805b64430bdcfaa32b1f805b64510bdcfaa32b1f805b64
2026-10-03 00:57:13.889 [OP] 40E3 inv=FFDF len=32 #4 3e0e392ba5d97b81370b6afa812b62801264830be4fa232b6980c364970be6fa
2026-10-03 00:57:13.890 [OP] 40E2 inv=FF97 len=104 #4 6787c464fe0b8bfac32bca800664830b72c4232be2aa406452ec52fafb53ca8029df580b43c4232bb0aac46418ec6afae4539d80fcdfb20be9c4462b21aa1c64e9ec8bfa3e539d808fdfb20b85c4fd2bceaa1c64e0ec6ffad553ca8058df580b40c4f82ba0aa9564
2026-10-03 00:57:13.923 [OP] 401B inv=FEB3 len=332 #3 d85dad800d64510b17faa32b7207c464530bdcfa972b1f80afc6510bdcfaa32be4c65b64510bdcfab9531f805b64510bffe8a32b1f805b64bc595ab12b219f805b64510bdcfaa32b1faa5b6412b252fada2b1f802964510bac9fa32b1f805b6437fddcfaa32b1f8012f8510bdcfaa32be0c75b64510bdcfa16876c842d437f0bdcfaa32b1f805b6451b1a2a8d85dad800a64510b35faa32beace5b64510bdcfa
2026-10-03 00:57:13.923 [OP] 4202 inv=FFEF len=16 #3 6f0bdcfab72b1f80e57f510b0cc4a32b
2026-10-03 00:57:13.923 [OP] 4055 inv=FFF7 len=8 #3 7aecfc0bdcfaa32b
2026-10-03 00:57:14.214 [OP] 4707 inv=FFF3 len=12 #4 d85dad8063cdfc0b17faa32b
2026-10-03 00:57:14.370 [EVENT] sock=2620 hEvent=00000A2C events=0x0
2026-10-03 00:57:14.370 [EVENT] sock=2620 hEvent=00000A2C events=0x21
2026-10-03 00:57:14.371 [EVENT] sock=2620 hEvent=00000A2C events=0x0
2026-10-03 00:57:14.371 [EVENT] sock=2620 hEvent=00000A2C events=0x21
2026-10-03 00:57:14.371 [EVENT] sock=2620 hEvent=00000A2C events=0x0
2026-10-03 00:57:14.371 [EVENT] sock=2620 hEvent=00000A2C events=0x21
2026-10-03 00:57:14.374 [EVENT] sock=2620 hEvent=00000A2C events=0x0
2026-10-03 00:57:14.374 [EVENT] sock=2620 hEvent=00000A2C events=0x21
2026-10-03 00:57:14.375 [EVENT] sock=2620 hEvent=00000A2C events=0x0
2026-10-03 00:57:14.375 [EVENT] sock=2620 hEvent=00000A2C events=0x21
2026-10-03 00:57:14.377 [EVENT] sock=2620 hEvent=00000A2C events=0x0
2026-10-03 00:57:14.377 [EVENT] sock=2620 hEvent=00000A2C events=0x21
2026-10-03 00:57:14.378 [EVENT] sock=2620 hEvent=00000A2C events=0x0
2026-10-03 00:57:14.378 [EVENT] sock=2620 hEvent=00000A2C events=0x21
2026-10-03 00:57:14.379 [EVENT] sock=2620 hEvent=00000A2C events=0x0
2026-10-03 00:57:14.379 [EVENT] sock=2620 hEvent=00000A2C events=0x21
2026-10-03 00:57:14.379 [EVENT] sock=2620 hEvent=00000A2C events=0x0
2026-10-03 00:57:14.379 [EVENT] sock=2620 hEvent=00000A2C events=0x21
2026-10-03 00:57:14.380 [EVENT] sock=2620 hEvent=00000A2C events=0x0
2026-10-03 00:57:14.380 [EVENT] sock=2620 hEvent=00000A2C events=0x21
2026-10-03 00:57:15.283 [OP] 43F1 inv=FFFA len=5 #3 33b4de1fc7
2026-10-03 00:57:18.218 [OP] 40A1 inv=FFEB len=20 #1 510bdcfab65d1f809464510bd3f416de4cef0a26
2026-10-03 00:57:20.856 [EVENT] sock=2620 hEvent=00000A2C events=0x0
2026-10-03 00:57:20.856 [EVENT] sock=2620 hEvent=00000A2C events=0x21
2026-10-03 00:57:23.742 [EVENT] sock=2732 hEvent=00000864 events=0x0
2026-10-03 00:57:23.742 [EVENT] sock=2732 hEvent=00000864 events=0x21
2026-10-03 00:57:30.924 [EVENT] sock=2620 hEvent=00000A2C events=0x0
2026-10-03 00:57:30.924 [EVENT] sock=2620 hEvent=00000A2C events=0x21
2026-10-03 00:57:34.578 [OP] 40A1 inv=FFEB len=20 #2 510bdcfab65d1f809464510bd0f4cade3aef1726
2026-10-03 00:57:40.970 [EVENT] sock=2620 hEvent=00000A2C events=0x0
2026-10-03 00:57:40.971 [EVENT] sock=2620 hEvent=00000A2C events=0x21
2026-10-03 00:57:41.663 [OP] 40A1 inv=FFEB len=20 #3 510bdcfab65d1f809464510bf1f4bbde6812667f
2026-10-03 00:57:47.172 [OP] 40A2 inv=FFF3 len=12 #1 dcfaa32bca805b64fdf8dcfa
2026-10-03 00:57:48.624 [OP] 40A1 inv=FFEB len=20 #4 510bdcfab65d1f809464510b9ef4d1de6812887f
2026-10-03 00:57:50.226 [OP] 40A1 inv=FFEB len=20 #5 510bdcfab65d1f809464510b9ef475de9412d37f
2026-10-03 00:57:51.397 [EVENT] sock=2620 hEvent=00000A2C events=0x0
2026-10-03 00:57:51.397 [EVENT] sock=2620 hEvent=00000A2C events=0x21
2026-10-03 00:57:53.743 [EVENT] sock=2732 hEvent=00000864 events=0x0
2026-10-03 00:57:53.744 [EVENT] sock=2732 hEvent=00000864 events=0x21
2026-10-03 00:58:01.671 [EVENT] sock=2620 hEvent=00000A2C events=0x0
2026-10-03 00:58:01.671 [EVENT] sock=2620 hEvent=00000A2C events=0x21
2026-10-03 00:58:09.457 [EVENT] sock=2620 hEvent=00000A2C events=0x0
2026-10-03 00:58:09.457 [EVENT] sock=2620 hEvent=00000A2C events=0x21
2026-10-03 00:58:10.082 [OP] 4019 inv=FF17 len=232 #1 d85dad80daf1510b6faea32b1780e0fb891a036ca236bf3f63409653cd1ef919bf3fe0fb655ca888014d380dbd4e13caf08c41191e05bd4e052a28ed049be496e9e1dd6fcd6c8b0211b124c83368a28c2bfa395ff6b94c1177b32bfa2704af601e1e5aed652739cbd27b51eccffa8f3a1abe35e957d79f568f6ce23a35a053d777bb50a0974d98125161dcc4172bf7be35a053b92d3d5e20f76a6f975323373d
2026-10-03 00:58:11.268 [EVENT] sock=2620 hEvent=00000A2C events=0x0
2026-10-03 00:58:11.268 [EVENT] sock=2620 hEvent=00000A2C events=0x21
2026-10-03 00:58:11.374 [OP] 40C0 inv=FFF5 len=10 #1 d85dad80daf1580b6fae
2026-10-03 00:58:12.383 [EVENT] sock=2620 hEvent=00000A2C events=0x0
2026-10-03 00:58:12.384 [EVENT] sock=2620 hEvent=00000A2C events=0x21
2026-10-03 00:58:14.321 [EVENT] sock=2620 hEvent=00000A2C events=0x0
2026-10-03 00:58:14.323 [EVENT] sock=2620 hEvent=00000A2C events=0x21
2026-10-03 00:58:18.025 [EVENT] sock=2620 hEvent=00000A2C events=0x0
2026-10-03 00:58:18.025 [EVENT] sock=2620 hEvent=00000A2C events=0x21
2026-10-03 00:58:18.107 [OP] 404D inv=FE6B len=404 #1 3e0e392b25805b6466addcfaf82bca80c764fc0b0453a32bf6808664510b6ffa04671f809564580b6ffa132b27a45b64580b6ffadb2ba0803e27510b6ffaf82bad804564dbdbdcfaf82bca801c640e0b26c0a32bca809564fd0b6ffae4651f809564580b78fa132b2e8d5b64580b6ffa202b5980fca3510b6ffaf82b8080c464021ddcfaf82bca80c3640e0bb375a32bca809564630b37fa6bb41f809564580b
2026-10-03 00:58:18.116 [EVENT] sock=2620 hEvent=00000A2C events=0x0
2026-10-03 00:58:18.116 [EVENT] sock=2620 hEvent=00000A2C events=0x21
2026-10-03 00:58:18.116 [EVENT] sock=2620 hEvent=00000A2C events=0x0
2026-10-03 00:58:18.117 [EVENT] sock=2620 hEvent=00000A2C events=0x21
2026-10-03 00:58:18.117 [EVENT] sock=2620 hEvent=00000A2C events=0x0
2026-10-03 00:58:18.117 [EVENT] sock=2620 hEvent=00000A2C events=0x21
2026-10-03 00:58:18.117 [EVENT] sock=2620 hEvent=00000A2C events=0x0
2026-10-03 00:58:18.117 [EVENT] sock=2620 hEvent=00000A2C events=0x21
2026-10-03 00:58:18.117 [EVENT] sock=2620 hEvent=00000A2C events=0x0
2026-10-03 00:58:18.117 [EVENT] sock=2620 hEvent=00000A2C events=0x21
2026-10-03 00:58:18.117 [EVENT] sock=2620 hEvent=00000A2C events=0x0
2026-10-03 00:58:18.117 [EVENT] sock=2620 hEvent=00000A2C events=0x21
2026-10-03 00:58:18.117 [EVENT] sock=2620 hEvent=00000A2C events=0x0
2026-10-03 00:58:18.117 [EVENT] sock=2620 hEvent=00000A2C events=0x21
2026-10-03 00:58:18.117 [EVENT] sock=2620 hEvent=00000A2C events=0x0
2026-10-03 00:58:18.117 [EVENT] sock=2620 hEvent=00000A2C events=0x21
2026-10-03 00:58:18.117 [EVENT] sock=2620 hEvent=00000A2C events=0x0
2026-10-03 00:58:18.117 [EVENT] sock=2620 hEvent=00000A2C events=0x21
2026-10-03 00:58:18.119 [EVENT] sock=2620 hEvent=00000A2C events=0x0
2026-10-03 00:58:18.119 [EVENT] sock=2620 hEvent=00000A2C events=0x21
2026-10-03 00:58:18.119 [EVENT] sock=2620 hEvent=00000A2C events=0x0
2026-10-03 00:58:18.119 [EVENT] sock=2620 hEvent=00000A2C events=0x21
2026-10-03 00:58:18.119 [EVENT] sock=2620 hEvent=00000A2C events=0x0
2026-10-03 00:58:18.119 [EVENT] sock=2620 hEvent=00000A2C events=0x21
2026-10-03 00:58:18.119 [EVENT] sock=2620 hEvent=00000A2C events=0x0
2026-10-03 00:58:18.119 [EVENT] sock=2620 hEvent=00000A2C events=0x21
2026-10-03 00:58:18.119 [EVENT] sock=2620 hEvent=00000A2C events=0x0
2026-10-03 00:58:18.119 [EVENT] sock=2620 hEvent=00000A2C events=0x21
2026-10-03 00:58:18.119 [EVENT] sock=2620 hEvent=00000A2C events=0x0
2026-10-03 00:58:18.119 [EVENT] sock=2620 hEvent=00000A2C events=0x21
2026-10-03 00:58:18.119 [EVENT] sock=2620 hEvent=00000A2C events=0x0
2026-10-03 00:58:18.119 [EVENT] sock=2620 hEvent=00000A2C events=0x21
2026-10-03 00:58:18.119 [EVENT] sock=2620 hEvent=00000A2C events=0x0
2026-10-03 00:58:18.120 [EVENT] sock=2620 hEvent=00000A2C events=0x21
2026-10-03 00:58:18.120 [EVENT] sock=2620 hEvent=00000A2C events=0x0
2026-10-03 00:58:18.120 [EVENT] sock=2620 hEvent=00000A2C events=0x21
2026-10-03 00:58:18.120 [EVENT] sock=2620 hEvent=00000A2C events=0x0
2026-10-03 00:58:18.120 [EVENT] sock=2620 hEvent=00000A2C events=0x21
2026-10-03 00:58:18.120 [EVENT] sock=2620 hEvent=00000A2C events=0x0
2026-10-03 00:58:18.120 [EVENT] sock=2620 hEvent=00000A2C events=0x21
2026-10-03 00:58:18.120 [EVENT] sock=2620 hEvent=00000A2C events=0x0
2026-10-03 00:58:18.121 [EVENT] sock=2620 hEvent=00000A2C events=0x21
2026-10-03 00:58:18.121 [EVENT] sock=2620 hEvent=00000A2C events=0x0
2026-10-03 00:58:18.121 [EVENT] sock=2620 hEvent=00000A2C events=0x21
2026-10-03 00:58:18.121 [EVENT] sock=2620 hEvent=00000A2C events=0x0
2026-10-03 00:58:18.121 [EVENT] sock=2620 hEvent=00000A2C events=0x21
2026-10-03 00:58:18.121 [EVENT] sock=2620 hEvent=00000A2C events=0x0
2026-10-03 00:58:18.122 [EVENT] sock=2620 hEvent=00000A2C events=0x21
2026-10-03 00:58:18.123 [EVENT] sock=2620 hEvent=00000A2C events=0x0
2026-10-03 00:58:18.123 [EVENT] sock=2620 hEvent=00000A2C events=0x21
2026-10-03 00:58:18.123 [EVENT] sock=2620 hEvent=00000A2C events=0x0
2026-10-03 00:58:18.123 [EVENT] sock=2620 hEvent=00000A2C events=0x21
2026-10-03 00:58:18.123 [EVENT] sock=2620 hEvent=00000A2C events=0x0
2026-10-03 00:58:18.123 [EVENT] sock=2620 hEvent=00000A2C events=0x21
2026-10-03 00:58:18.123 [EVENT] sock=2620 hEvent=00000A2C events=0x0
2026-10-03 00:58:18.123 [EVENT] sock=2620 hEvent=00000A2C events=0x21
2026-10-03 00:58:18.123 [EVENT] sock=2620 hEvent=00000A2C events=0x0
2026-10-03 00:58:18.124 [EVENT] sock=2620 hEvent=00000A2C events=0x21
2026-10-03 00:58:18.124 [EVENT] sock=2620 hEvent=00000A2C events=0x0
2026-10-03 00:58:18.124 [EVENT] sock=2620 hEvent=00000A2C events=0x21
2026-10-03 00:58:18.124 [EVENT] sock=2620 hEvent=00000A2C events=0x0
2026-10-03 00:58:18.124 [EVENT] sock=2620 hEvent=00000A2C events=0x21
2026-10-03 00:58:18.124 [EVENT] sock=2620 hEvent=00000A2C events=0x0
2026-10-03 00:58:18.124 [EVENT] sock=2620 hEvent=00000A2C events=0x21
2026-10-03 00:58:18.124 [EVENT] sock=2620 hEvent=00000A2C events=0x0
2026-10-03 00:58:18.124 [EVENT] sock=2620 hEvent=00000A2C events=0x21
2026-10-03 00:58:18.207 [OP] 4025 inv=FFF5 len=10 #2 47533832c4df51ece2fa
2026-10-03 00:58:18.310 [OP] 4025 inv=FFD3 len=44 #3 51d5b2f0982bca725bdc7c27dcc45b2bf6a074645861dc1046bb1faaec6462d036faf82c1fae95f151ece2fa
2026-10-03 00:58:18.310 [OP] 4025 inv=FFF4 len=11 #4 c4f84d12aa91df51ece2e8
2026-10-03 00:58:18.310 [OP] 4025 inv=FFF4 len=11 #5 e8f84d12aa91df51ece2e8
2026-10-03 00:58:19.037 [EVENT] sock=2620 hEvent=00000A2C events=0x0
2026-10-03 00:58:19.039 [EVENT] sock=2620 hEvent=00000A2C events=0x21
2026-10-03 00:58:19.110 [OP] 4026 inv=FFD3 len=44 #1 a3d9f6ba95645861dc100dd91faaec64626d52faf82c1faebaf151ece2fae8ce9d8095a2515052f4a353d680
2026-10-03 00:58:20.239 [EVENT] sock=2620 hEvent=00000A2C events=0x0
2026-10-03 00:58:20.239 [EVENT] sock=2620 hEvent=00000A2C events=0x21
2026-10-03 00:58:20.373 [OP] 40E3 inv=FFDF len=32 #5 3e0e392ba5809464370b6afa812b62801264830be4fa232b6980c364970be6fa
2026-10-03 00:58:20.375 [OP] 40E2 inv=FF97 len=104 #5 6787c464fe0b90fac32bca800664830b72c4232be2aa406452ec52fafb53ca8029df580b43c4232bb0aac46418ec6afae4539d80fcdfb20be9c4462b21aa1c64e9ec8bfa3e539d808fdfb20b85c4fd2bceaa1c64e0ec6ffad553ca8058df580b40c4f82ba0aa9564
2026-10-03 00:58:20.375 [OP] 4027 inv=FFF5 len=10 #1 3e0e392b1faa5b64510b
2026-10-03 00:58:20.375 [OP] 401E inv=FFAD len=82 #1 d85dad807aecfc0b52faa32b1f805b64840cdcfa62601f80dffc510b2a9ea32b72ff5b64a552155a1c461f805293510bf0b3a32bc8d97b81a552155a4e78c8d97b81a552dcfaa32b1f805b64510bdcfaa32b
2026-10-03 00:58:20.375 [OP] 4026 inv=FFD3 len=44 #2 a3d9f66d5e645861dc1087bb1faaec6462cde7faf82c1fae0df151ece2fae8deec8095a251506fcaa353d680
2026-10-03 00:58:23.374 [EVENT] sock=2620 hEvent=00000A2C events=0x0
2026-10-03 00:58:23.374 [EVENT] sock=2620 hEvent=00000A2C events=0x21
2026-10-03 00:58:23.421 [OP] 4019 inv=FF17 len=232 #2 d85dad80daf1510b6faea3de1780e0fb891a036ca236bf3f63409653cd1ef919bf3fe0fb655ca888014d380dbd4e13caf08c41191e05bd4e052a28ed049be496e9e1dd6fcd6c8b0211b124c83368a28c2bfa395ff6b94c1177b32bfa2704af601e1e5aed652739cbd27b516ecffa8f3a1abe35e957d79f568f6ce23a35a053d777bb50a0974d9812510be64f172bf7be35a053b92d3d5e20f76a6f975323373d
2026-10-03 00:58:23.746 [EVENT] sock=2732 hEvent=00000864 events=0x0
2026-10-03 00:58:23.746 [EVENT] sock=2732 hEvent=00000864 events=0x21
2026-10-03 00:58:24.437 [EVENT] sock=2620 hEvent=00000A2C events=0x0
2026-10-03 00:58:24.437 [EVENT] sock=2620 hEvent=00000A2C events=0x21
2026-10-03 00:58:24.656 [EVENT] sock=2620 hEvent=00000A2C events=0x0
2026-10-03 00:58:24.657 [EVENT] sock=2620 hEvent=00000A2C events=0x21
2026-10-03 00:58:24.707 [OP] 40C0 inv=FFF5 len=10 #2 d85dad809464580b71fa
2026-10-03 00:58:28.340 [EVENT] sock=2620 hEvent=00000A2C events=0x0
2026-10-03 00:58:28.340 [EVENT] sock=2620 hEvent=00000A2C events=0x21
2026-10-03 00:58:28.400 [OP] 40C1 inv=FFF2 len=13 #1 5d67ce5b64510bdcfaa32b1f80
2026-10-03 00:58:28.494 [CURRENCY] a=201748 b=283941
2026-10-03 00:58:28.494 [OP] 4020 inv=FFE7 len=24 #2 238052fa672bca8094f85608155a4e78e03894649d0bdcfa
2026-10-03 00:58:28.494 [OP] 4020 inv=FFE7 len=24 #3 238052fa672bca8094f85608155a4e78e0389464c10bdcfa
2026-10-03 00:58:28.494 [OP] 4020 inv=FFE7 len=24 #4 238052fa672bca8094f85608155a4e78e03894641c0bdcfa
2026-10-03 00:58:28.494 [OP] 4020 inv=FFE7 len=24 #5 238052fa672bca8094f85608155a4e78e0389464630bdcfa
2026-10-03 00:58:34.518 [EVENT] sock=2620 hEvent=00000A2C events=0x0
2026-10-03 00:58:34.518 [EVENT] sock=2620 hEvent=00000A2C events=0x21
2026-10-03 00:58:37.970 [OP] 40A2 inv=FFF3 len=12 #2 dcfaa32bca805b649cf7dcfa
2026-10-03 00:58:42.493 [OP] 40A2 inv=FFF3 len=12 #3 dcfaa32bca805b64e6f8dcfa
2026-10-03 00:58:44.569 [EVENT] sock=2620 hEvent=00000A2C events=0x0
2026-10-03 00:58:44.570 [EVENT] sock=2620 hEvent=00000A2C events=0x21
2026-10-03 00:58:52.418 [OP] 40A2 inv=FFF3 len=12 #4 dcfaa32bca805b640bf8dcfa
2026-10-03 00:58:53.016 [OP] 40A2 inv=FFF3 len=12 #5 dcfaa32bca805b6483f8dcfa
2026-10-03 00:58:53.746 [EVENT] sock=2732 hEvent=00000864 events=0x0
2026-10-03 00:58:53.747 [EVENT] sock=2732 hEvent=00000864 events=0x21
2026-10-03 00:58:54.634 [EVENT] sock=2620 hEvent=00000A2C events=0x0
2026-10-03 00:58:54.634 [EVENT] sock=2620 hEvent=00000A2C events=0x21
2026-10-03 00:58:56.520 [EVENT] sock=2620 hEvent=00000A2C events=0x0
2026-10-03 00:58:56.521 [EVENT] sock=2620 hEvent=00000A2C events=0x21
2026-10-03 00:58:56.569 [OP] 4019 inv=FF17 len=232 #3 d85dad80daf1510b6faea32b1780e0fb891a036ca236bf3f63409653cd1ef919bf3fe0fb655ca888014d380dbd4e13caf08c41191e05bd4e052a28ed049be496e9e1dd6fcd6c8b0211b124c83368a28c2bfa395ff6b94c1177b32bfa2704af601e1e5aed652739cbd27b51eccffa8f3a1abe35e957d79f568f6ce23a35a053d777bb50a0974d981251ecb2e0172bf7be35a053b92d3d5e20f76a6f975323373d
2026-10-03 00:58:58.089 [EVENT] sock=2620 hEvent=00000A2C events=0x0
2026-10-03 00:58:58.089 [EVENT] sock=2620 hEvent=00000A2C events=0x21
2026-10-03 00:58:58.140 [OP] 40C0 inv=FD75 len=650 #3 d85dad803b6451b252c465671f809564580b78faa32b1f805b64ca96f6f6a32b1f805b64510bdcfaa32b1f805b64510bdcfaa32bca805bdf58d561b0a32b1f805b64250bdcfaf82c59a00627510b6ffaf82bac805b64510bdcfa748f02ea5b64510bdcfaa32b1f805b64510bdcfaa32b1f809564580bdcc4a32b36725b64510bdcfa55531f8095a2580b67b8a32bca8095640a0bdcfaa32b1f80389bef8ddcfa
2026-10-03 00:59:01.121 [EVENT] sock=2620 hEvent=00000A2C events=0x0
2026-10-03 00:59:01.123 [EVENT] sock=2620 hEvent=00000A2C events=0x21
2026-10-03 00:59:01.180 [OP] 40C1 inv=FFF2 len=13 #2 5d67ce5b64510bdcfaa32b1f80
2026-10-03 00:59:01.266 [CURRENCY] a=201748 b=271269
2026-10-03 00:59:01.280 [EVENT] sock=2620 hEvent=00000A2C events=0x0
2026-10-03 00:59:01.281 [EVENT] sock=2620 hEvent=00000A2C events=0x21
2026-10-03 00:59:01.286 [EVENT] sock=2620 hEvent=00000A2C events=0x0
2026-10-03 00:59:01.286 [EVENT] sock=2620 hEvent=00000A2C events=0x21
2026-10-03 00:59:01.291 [EVENT] sock=2620 hEvent=00000A2C events=0x0
2026-10-03 00:59:01.291 [EVENT] sock=2620 hEvent=00000A2C events=0x21
2026-10-03 00:59:01.294 [EVENT] sock=2620 hEvent=00000A2C events=0x0
2026-10-03 00:59:01.296 [EVENT] sock=2620 hEvent=00000A2C events=0x21
2026-10-03 00:59:04.689 [EVENT] sock=2620 hEvent=00000A2C events=0x0
2026-10-03 00:59:04.689 [EVENT] sock=2620 hEvent=00000A2C events=0x21
2026-10-03 00:59:14.753 [EVENT] sock=2620 hEvent=00000A2C events=0x0
2026-10-03 00:59:14.755 [EVENT] sock=2620 hEvent=00000A2C events=0x21
2026-10-03 00:59:23.747 [EVENT] sock=2732 hEvent=00000864 events=0x0
2026-10-03 00:59:23.747 [EVENT] sock=2732 hEvent=00000864 events=0x21
2026-10-03 00:59:24.815 [EVENT] sock=2620 hEvent=00000A2C events=0x0
2026-10-03 00:59:24.815 [EVENT] sock=2620 hEvent=00000A2C events=0x21
2026-10-03 00:59:34.917 [EVENT] sock=2620 hEvent=00000A2C events=0x0
2026-10-03 00:59:34.917 [EVENT] sock=2620 hEvent=00000A2C events=0x21
2026-10-03 00:59:44.969 [EVENT] sock=2620 hEvent=00000A2C events=0x0
2026-10-03 00:59:44.969 [EVENT] sock=2620 hEvent=00000A2C events=0x21
2026-10-03 00:59:53.514 [EVENT] sock=2620 hEvent=00000A2C events=0x0
2026-10-03 00:59:53.514 [EVENT] sock=2620 hEvent=00000A2C events=0x21
2026-10-03 00:59:53.558 [OP] 4610 inv=FFFE len=1 #1 7e
2026-10-03 00:59:53.748 [EVENT] sock=2732 hEvent=00000864 events=0x0
2026-10-03 00:59:53.748 [EVENT] sock=2732 hEvent=00000864 events=0x21
2026-10-03 00:59:54.509 [EVENT] sock=2620 hEvent=00000A2C events=0x0
2026-10-03 00:59:54.509 [EVENT] sock=2620 hEvent=00000A2C events=0x21
2026-10-03 00:59:54.527 [EVENT] sock=2620 hEvent=00000A2C events=0x0
2026-10-03 00:59:54.527 [EVENT] sock=2620 hEvent=00000A2C events=0x21
2026-10-03 00:59:54.558 [OP] 1014 inv=FFF2 len=13 #1 5d67ce5b64510bdcc49b2b1f80
2026-10-03 00:59:54.602 [OP] 40F4 inv=FFF2 len=13 #1 ec23d0dcfaa32b1faac564510b
2026-10-03 00:59:54.602 [SYS] 本地传送师已经认可你了，你可以从其他传送师那传送到这里！
2026-10-03 00:59:54.602 [OP] 4019 inv=FF83 len=124 #4 3e0e392b6d805b6458d0dcfafc2bb57e4f22891a036c4a1c95b1aff319dea8d5416e97f53e67b4a3a8954c867c7af6b97283604685a0db2e985080ee039bf9a1e59406a42511ef1901696cd54168dd409f1da32b7380eaa0532337a24f28c57feae957c737e3da28961154f9bc05b600a32b1f800d6417ad181ea32b
2026-10-03 00:59:54.695 [OP] 4610 inv=FFFE len=1 #2 82
2026-10-03 00:59:55.699 [EVENT] sock=2620 hEvent=00000A2C events=0x0
2026-10-03 00:59:55.699 [EVENT] sock=2620 hEvent=00000A2C events=0x21
2026-10-03 00:59:56.318 [EVENT] sock=2620 hEvent=00000A2C events=0x0
2026-10-03 00:59:56.318 [EVENT] sock=2620 hEvent=00000A2C events=0x21
2026-10-03 00:59:56.860 [EVENT] sock=2620 hEvent=00000A2C events=0x0
2026-10-03 00:59:56.861 [EVENT] sock=2620 hEvent=00000A2C events=0x21
2026-10-03 00:59:56.878 [EVENT] sock=2620 hEvent=00000A2C events=0x0
2026-10-03 00:59:56.878 [EVENT] sock=2620 hEvent=00000A2C events=0x21
2026-10-03 00:59:56.906 [OP] 4610 inv=FFFE len=1 #3 b3
2026-10-03 00:59:56.952 [OP] 4610 inv=FFFE len=1 #4 fd
2026-10-03 00:59:57.528 [EVENT] sock=2620 hEvent=00000A2C events=0x0
2026-10-03 00:59:57.529 [EVENT] sock=2620 hEvent=00000A2C events=0x21
2026-10-03 00:59:57.572 [OP] 4610 inv=FFFE len=1 #5 1c
2026-10-03 00:59:58.527 [EVENT] sock=2620 hEvent=00000A2C events=0x0
2026-10-03 00:59:58.528 [EVENT] sock=2620 hEvent=00000A2C events=0x21
2026-10-03 01:00:05.771 [EVENT] sock=2620 hEvent=00000A2C events=0x0
2026-10-03 01:00:05.771 [EVENT] sock=2620 hEvent=00000A2C events=0x21
2026-10-03 01:00:07.541 [EVENT] sock=2620 hEvent=00000A2C events=0x0
2026-10-03 01:00:07.541 [EVENT] sock=2620 hEvent=00000A2C events=0x21
2026-10-03 01:00:07.592 [EVENT] sock=2620 hEvent=00000A2C events=0x0
2026-10-03 01:00:07.592 [EVENT] sock=2620 hEvent=00000A2C events=0x21
2026-10-03 01:00:08.411 [OP] 4026 inv=FFE7 len=24 #3 20de3832c4df51ece2fae80cca8095a2515054e0a353d680
2026-10-03 01:00:08.411 [OP] 4026 inv=FFEA len=21 #4 4e948d4ad06ffaf82c1faec2f8d1e5c1bfa353d680
2026-10-03 01:00:09.875 [EVENT] sock=2620 hEvent=00000A2C events=0x0
2026-10-03 01:00:09.875 [EVENT] sock=2620 hEvent=00000A2C events=0x21
2026-10-03 01:00:09.973 [OP] 4026 inv=FFF6 len=9 #5 265850540ea353d680
2026-10-03 01:00:12.510 [EVENT] sock=2620 hEvent=00000A2C events=0x0
2026-10-03 01:00:12.511 [EVENT] sock=2620 hEvent=00000A2C events=0x21
2026-10-03 01:00:12.676 [OP] 404D inv=FE83 len=380 #2 6787c464630bdcfa04671f809564580b6ffa132b27a45b64580b6ffaa32ba0803e27510b6ffaf82b5980456472b3dcfaf82bca80c464ab0bce6fa32bca8095649d0b6ffa65671f809564580b8bfa132b85565b64580b6ffa472bca808327510b6ffaf82b348068644841dcfaf82bca805e64580b69b8a32bca8095640b0bfefa95c31f809564580b6afadb2b54765b64580b6ffa572bca80a0e7510b6ffaf82b
2026-10-03 01:00:12.687 [EVENT] sock=2620 hEvent=00000A2C events=0x0
2026-10-03 01:00:12.687 [EVENT] sock=2620 hEvent=00000A2C events=0x21
2026-10-03 01:00:12.687 [EVENT] sock=2620 hEvent=00000A2C events=0x0
2026-10-03 01:00:12.687 [EVENT] sock=2620 hEvent=00000A2C events=0x21
2026-10-03 01:00:12.687 [EVENT] sock=2620 hEvent=00000A2C events=0x0
2026-10-03 01:00:12.687 [EVENT] sock=2620 hEvent=00000A2C events=0x21
2026-10-03 01:00:12.687 [EVENT] sock=2620 hEvent=00000A2C events=0x0
2026-10-03 01:00:12.688 [EVENT] sock=2620 hEvent=00000A2C events=0x21
2026-10-03 01:00:12.688 [EVENT] sock=2620 hEvent=00000A2C events=0x0
2026-10-03 01:00:12.688 [EVENT] sock=2620 hEvent=00000A2C events=0x21
2026-10-03 01:00:12.688 [EVENT] sock=2620 hEvent=00000A2C events=0x0
2026-10-03 01:00:12.688 [EVENT] sock=2620 hEvent=00000A2C events=0x21
2026-10-03 01:00:12.688 [EVENT] sock=2620 hEvent=00000A2C events=0x0
2026-10-03 01:00:12.688 [EVENT] sock=2620 hEvent=00000A2C events=0x21
2026-10-03 01:00:12.688 [EVENT] sock=2620 hEvent=00000A2C events=0x0
2026-10-03 01:00:12.688 [EVENT] sock=2620 hEvent=00000A2C events=0x21
2026-10-03 01:00:12.688 [EVENT] sock=2620 hEvent=00000A2C events=0x0
2026-10-03 01:00:12.688 [EVENT] sock=2620 hEvent=00000A2C events=0x21
2026-10-03 01:00:12.688 [EVENT] sock=2620 hEvent=00000A2C events=0x0
2026-10-03 01:00:12.688 [EVENT] sock=2620 hEvent=00000A2C events=0x21
2026-10-03 01:00:12.688 [EVENT] sock=2620 hEvent=00000A2C events=0x0
2026-10-03 01:00:12.689 [EVENT] sock=2620 hEvent=00000A2C events=0x21
2026-10-03 01:00:12.689 [EVENT] sock=2620 hEvent=00000A2C events=0x0
2026-10-03 01:00:12.689 [EVENT] sock=2620 hEvent=00000A2C events=0x21
2026-10-03 01:00:12.689 [EVENT] sock=2620 hEvent=00000A2C events=0x0
2026-10-03 01:00:12.689 [EVENT] sock=2620 hEvent=00000A2C events=0x21
2026-10-03 01:00:12.689 [EVENT] sock=2620 hEvent=00000A2C events=0x0
2026-10-03 01:00:12.689 [EVENT] sock=2620 hEvent=00000A2C events=0x21
2026-10-03 01:00:12.689 [EVENT] sock=2620 hEvent=00000A2C events=0x0
2026-10-03 01:00:12.689 [EVENT] sock=2620 hEvent=00000A2C events=0x21
2026-10-03 01:00:12.689 [EVENT] sock=2620 hEvent=00000A2C events=0x0
2026-10-03 01:00:12.689 [EVENT] sock=2620 hEvent=00000A2C events=0x21
2026-10-03 01:00:12.689 [EVENT] sock=2620 hEvent=00000A2C events=0x0
2026-10-03 01:00:12.689 [EVENT] sock=2620 hEvent=00000A2C events=0x21
2026-10-03 01:00:12.690 [EVENT] sock=2620 hEvent=00000A2C events=0x0
2026-10-03 01:00:12.690 [EVENT] sock=2620 hEvent=00000A2C events=0x21
2026-10-03 01:00:12.690 [EVENT] sock=2620 hEvent=00000A2C events=0x0
2026-10-03 01:00:12.690 [EVENT] sock=2620 hEvent=00000A2C events=0x21
2026-10-03 01:00:12.690 [EVENT] sock=2620 hEvent=00000A2C events=0x0
2026-10-03 01:00:12.690 [EVENT] sock=2620 hEvent=00000A2C events=0x21
2026-10-03 01:00:12.690 [EVENT] sock=2620 hEvent=00000A2C events=0x0
2026-10-03 01:00:12.690 [EVENT] sock=2620 hEvent=00000A2C events=0x21
2026-10-03 01:00:12.690 [EVENT] sock=2620 hEvent=00000A2C events=0x0
2026-10-03 01:00:12.690 [EVENT] sock=2620 hEvent=00000A2C events=0x21
2026-10-03 01:00:12.690 [EVENT] sock=2620 hEvent=00000A2C events=0x0
2026-10-03 01:00:12.690 [EVENT] sock=2620 hEvent=00000A2C events=0x21
2026-10-03 01:00:12.690 [EVENT] sock=2620 hEvent=00000A2C events=0x0
2026-10-03 01:00:12.690 [EVENT] sock=2620 hEvent=00000A2C events=0x21
2026-10-03 01:00:12.690 [EVENT] sock=2620 hEvent=00000A2C events=0x0
2026-10-03 01:00:12.691 [EVENT] sock=2620 hEvent=00000A2C events=0x21
2026-10-03 01:00:12.691 [EVENT] sock=2620 hEvent=00000A2C events=0x0
2026-10-03 01:00:12.691 [EVENT] sock=2620 hEvent=00000A2C events=0x21
2026-10-03 01:00:12.691 [EVENT] sock=2620 hEvent=00000A2C events=0x0
2026-10-03 01:00:12.691 [EVENT] sock=2620 hEvent=00000A2C events=0x21
2026-10-03 01:00:12.691 [EVENT] sock=2620 hEvent=00000A2C events=0x0
2026-10-03 01:00:12.691 [EVENT] sock=2620 hEvent=00000A2C events=0x21
2026-10-03 01:00:12.691 [EVENT] sock=2620 hEvent=00000A2C events=0x0
2026-10-03 01:00:12.691 [EVENT] sock=2620 hEvent=00000A2C events=0x21
2026-10-03 01:00:12.691 [EVENT] sock=2620 hEvent=00000A2C events=0x0
2026-10-03 01:00:12.691 [EVENT] sock=2620 hEvent=00000A2C events=0x21
2026-10-03 01:00:12.691 [EVENT] sock=2620 hEvent=00000A2C events=0x0
2026-10-03 01:00:12.691 [EVENT] sock=2620 hEvent=00000A2C events=0x21
2026-10-03 01:00:12.992 [EVENT] sock=2620 hEvent=00000A2C events=0x0
2026-10-03 01:00:12.992 [EVENT] sock=2620 hEvent=00000A2C events=0x21
2026-10-03 01:00:13.077 [OP] 404A inv=FFDF len=32 #1 238052fadb2bca80a0e7510b6ffaf82ba5805b64021ddcfaf82bca80c4640e0b
2026-10-03 01:00:15.890 [EVENT] sock=2620 hEvent=00000A2C events=0x0
2026-10-03 01:00:15.891 [EVENT] sock=2620 hEvent=00000A2C events=0x21
2026-10-03 01:00:16.074 [EVENT] sock=2620 hEvent=00000A2C events=0x0
2026-10-03 01:00:16.075 [EVENT] sock=2620 hEvent=00000A2C events=0x21
2026-10-03 01:00:16.631 [OP] 404D inv=FFDF len=32 #3 3e0e392bcaaa5b64a552155aa32b1f80dc64510be9a7a32bca809564510b36fa
2026-10-03 01:00:16.825 [EVENT] sock=2620 hEvent=00000A2C events=0x0
2026-10-03 01:00:16.826 [EVENT] sock=2620 hEvent=00000A2C events=0x21
2026-10-03 01:00:16.882 [OP] 404D inv=FFDF len=32 #4 3e0e392bcaaa5b64a552155aa32b1f806b64510bcea7a32bca809564580b8ffa
2026-10-03 01:00:17.560 [EVENT] sock=2620 hEvent=00000A2C events=0x0
2026-10-03 01:00:17.560 [EVENT] sock=2620 hEvent=00000A2C events=0x21
2026-10-03 01:00:17.686 [OP] 404D inv=FFDF len=32 #5 3e0e392bcaaa5b64a552155aa32b1f80c064510b91a7a32bca8095640e0b52fa
2026-10-03 01:00:18.559 [EVENT] sock=2620 hEvent=00000A2C events=0x0
2026-10-03 01:00:18.560 [EVENT] sock=2620 hEvent=00000A2C events=0x21
2026-10-03 01:00:18.687 [EVENT] sock=2620 hEvent=00000A2C events=0x0
2026-10-03 01:00:18.687 [EVENT] sock=2620 hEvent=00000A2C events=0x21
2026-10-03 01:00:18.688 [EVENT] sock=2620 hEvent=00000A2C events=0x0
2026-10-03 01:00:18.688 [EVENT] sock=2620 hEvent=00000A2C events=0x21
2026-10-03 01:00:18.688 [EVENT] sock=2620 hEvent=00000A2C events=0x0
2026-10-03 01:00:18.688 [EVENT] sock=2620 hEvent=00000A2C events=0x21
2026-10-03 01:00:18.688 [EVENT] sock=2620 hEvent=00000A2C events=0x0
2026-10-03 01:00:18.688 [EVENT] sock=2620 hEvent=00000A2C events=0x21
2026-10-03 01:00:18.688 [EVENT] sock=2620 hEvent=00000A2C events=0x0
2026-10-03 01:00:18.688 [EVENT] sock=2620 hEvent=00000A2C events=0x21
2026-10-03 01:00:18.688 [EVENT] sock=2620 hEvent=00000A2C events=0x0
2026-10-03 01:00:18.688 [EVENT] sock=2620 hEvent=00000A2C events=0x21
2026-10-03 01:00:18.688 [EVENT] sock=2620 hEvent=00000A2C events=0x0
2026-10-03 01:00:18.688 [EVENT] sock=2620 hEvent=00000A2C events=0x21
2026-10-03 01:00:18.688 [EVENT] sock=2620 hEvent=00000A2C events=0x0
2026-10-03 01:00:18.688 [EVENT] sock=2620 hEvent=00000A2C events=0x21
2026-10-03 01:00:18.688 [EVENT] sock=2620 hEvent=00000A2C events=0x0
2026-10-03 01:00:18.688 [EVENT] sock=2620 hEvent=00000A2C events=0x21
2026-10-03 01:00:18.690 [EVENT] sock=2620 hEvent=00000A2C events=0x0
2026-10-03 01:00:18.690 [EVENT] sock=2620 hEvent=00000A2C events=0x21
2026-10-03 01:00:18.690 [EVENT] sock=2620 hEvent=00000A2C events=0x0
2026-10-03 01:00:18.690 [EVENT] sock=2620 hEvent=00000A2C events=0x21
2026-10-03 01:00:18.690 [EVENT] sock=2620 hEvent=00000A2C events=0x0
2026-10-03 01:00:18.690 [EVENT] sock=2620 hEvent=00000A2C events=0x21
2026-10-03 01:00:18.690 [EVENT] sock=2620 hEvent=00000A2C events=0x0
2026-10-03 01:00:18.690 [EVENT] sock=2620 hEvent=00000A2C events=0x21
2026-10-03 01:00:18.690 [EVENT] sock=2620 hEvent=00000A2C events=0x0
2026-10-03 01:00:18.690 [EVENT] sock=2620 hEvent=00000A2C events=0x21
2026-10-03 01:00:18.690 [EVENT] sock=2620 hEvent=00000A2C events=0x0
2026-10-03 01:00:18.690 [EVENT] sock=2620 hEvent=00000A2C events=0x21
2026-10-03 01:00:18.690 [EVENT] sock=2620 hEvent=00000A2C events=0x0
2026-10-03 01:00:18.691 [EVENT] sock=2620 hEvent=00000A2C events=0x21
2026-10-03 01:00:18.691 [EVENT] sock=2620 hEvent=00000A2C events=0x0
2026-10-03 01:00:18.691 [EVENT] sock=2620 hEvent=00000A2C events=0x21
2026-10-03 01:00:18.691 [EVENT] sock=2620 hEvent=00000A2C events=0x0
2026-10-03 01:00:18.691 [EVENT] sock=2620 hEvent=00000A2C events=0x21
2026-10-03 01:00:18.691 [EVENT] sock=2620 hEvent=00000A2C events=0x0
2026-10-03 01:00:18.691 [EVENT] sock=2620 hEvent=00000A2C events=0x21
2026-10-03 01:00:19.144 [EVENT] sock=2620 hEvent=00000A2C events=0x0
2026-10-03 01:00:19.145 [EVENT] sock=2620 hEvent=00000A2C events=0x21
2026-10-03 01:00:19.162 [EVENT] sock=2620 hEvent=00000A2C events=0x0
2026-10-03 01:00:19.162 [EVENT] sock=2620 hEvent=00000A2C events=0x21
2026-10-03 01:00:19.176 [EVENT] sock=2620 hEvent=00000A2C events=0x0
2026-10-03 01:00:19.176 [EVENT] sock=2620 hEvent=00000A2C events=0x21
2026-10-03 01:00:19.193 [EVENT] sock=2620 hEvent=00000A2C events=0x0
2026-10-03 01:00:19.193 [EVENT] sock=2620 hEvent=00000A2C events=0x21
2026-10-03 01:00:19.208 [EVENT] sock=2620 hEvent=00000A2C events=0x0
2026-10-03 01:00:19.208 [EVENT] sock=2620 hEvent=00000A2C events=0x21
2026-10-03 01:00:19.226 [EVENT] sock=2620 hEvent=00000A2C events=0x0
2026-10-03 01:00:19.226 [EVENT] sock=2620 hEvent=00000A2C events=0x21
2026-10-03 01:00:19.289 [OP] 404B inv=FFE7 len=24 #1 3e0e392b1faa956417b5dcfaa32b1f809564510b6fb0a32c
2026-10-03 01:00:19.400 [OP] 404B inv=FFE7 len=24 #2 3e0e392b1faa956417b5dcfaa32b1f809564510b6fb0a32c
2026-10-03 01:00:19.400 [OP] 404B inv=FFE7 len=24 #3 3e0e392b1faa956417b5dcfaa32b1f809564510b6fb0a32b
2026-10-03 01:00:19.400 [OP] 404B inv=FFE7 len=24 #4 3e0e392b1faa956417b5dcfaa32b1f809564510b6fb0a32c
2026-10-03 01:00:19.400 [OP] 404B inv=FFE7 len=24 #5 3e0e392b1faa956417b5dcfaa32b1f809564510b6fb0a32b
2026-10-03 01:00:22.408 [EVENT] sock=2620 hEvent=00000A2C events=0x0
2026-10-03 01:00:22.409 [EVENT] sock=2620 hEvent=00000A2C events=0x21
2026-10-03 01:00:23.748 [EVENT] sock=2732 hEvent=00000864 events=0x0
2026-10-03 01:00:23.748 [EVENT] sock=2732 hEvent=00000864 events=0x21
2026-10-03 01:00:23.895 [EVENT] sock=2620 hEvent=00000A2C events=0x0
2026-10-03 01:00:23.895 [EVENT] sock=2620 hEvent=00000A2C events=0x21
2026-10-03 01:00:23.911 [EVENT] sock=2620 hEvent=00000A2C events=0x0
2026-10-03 01:00:23.911 [EVENT] sock=2620 hEvent=00000A2C events=0x21
2026-10-03 01:00:23.927 [EVENT] sock=2620 hEvent=00000A2C events=0x0
2026-10-03 01:00:23.927 [EVENT] sock=2620 hEvent=00000A2C events=0x21
2026-10-03 01:00:23.942 [EVENT] sock=2620 hEvent=00000A2C events=0x0
2026-10-03 01:00:23.942 [EVENT] sock=2620 hEvent=00000A2C events=0x21
2026-10-03 01:00:23.960 [EVENT] sock=2620 hEvent=00000A2C events=0x0
2026-10-03 01:00:23.961 [EVENT] sock=2620 hEvent=00000A2C events=0x21
2026-10-03 01:00:24.191 [EVENT] sock=2620 hEvent=00000A2C events=0x0
2026-10-03 01:00:24.191 [EVENT] sock=2620 hEvent=00000A2C events=0x21
2026-10-03 01:00:24.320 [EVENT] sock=2620 hEvent=00000A2C events=0x0
2026-10-03 01:00:24.320 [EVENT] sock=2620 hEvent=00000A2C events=0x21
2026-10-03 01:00:26.090 [EVENT] sock=2620 hEvent=00000A2C events=0x0
2026-10-03 01:00:26.091 [EVENT] sock=2620 hEvent=00000A2C events=0x21
2026-10-03 01:00:36.547 [EVENT] sock=2620 hEvent=00000A2C events=0x0
2026-10-03 01:00:36.547 [EVENT] sock=2620 hEvent=00000A2C events=0x21
2026-10-03 01:00:46.603 [EVENT] sock=2620 hEvent=00000A2C events=0x0
2026-10-03 01:00:46.603 [EVENT] sock=2620 hEvent=00000A2C events=0x21
2026-10-03 01:00:53.748 [EVENT] sock=2732 hEvent=00000864 events=0x0
2026-10-03 01:00:53.748 [EVENT] sock=2732 hEvent=00000864 events=0x21
2026-10-03 01:00:56.656 [EVENT] sock=2620 hEvent=00000A2C events=0x0
2026-10-03 01:00:56.656 [EVENT] sock=2620 hEvent=00000A2C events=0x21
2026-10-03 01:01:06.709 [EVENT] sock=2620 hEvent=00000A2C events=0x0
2026-10-03 01:01:06.709 [EVENT] sock=2620 hEvent=00000A2C events=0x21
2026-10-03 01:01:16.762 [EVENT] sock=2620 hEvent=00000A2C events=0x0
2026-10-03 01:01:16.762 [EVENT] sock=2620 hEvent=00000A2C events=0x21
2026-10-03 01:01:23.749 [EVENT] sock=2732 hEvent=00000864 events=0x0
2026-10-03 01:01:23.749 [EVENT] sock=2732 hEvent=00000864 events=0x21
2026-10-03 01:01:26.846 [EVENT] sock=2620 hEvent=00000A2C events=0x0
2026-10-03 01:01:26.846 [EVENT] sock=2620 hEvent=00000A2C events=0x21
2026-10-03 01:01:36.916 [EVENT] sock=2620 hEvent=00000A2C events=0x0
2026-10-03 01:01:36.916 [EVENT] sock=2620 hEvent=00000A2C events=0x21
2026-10-03 01:01:46.973 [EVENT] sock=2620 hEvent=00000A2C events=0x0
2026-10-03 01:01:46.974 [EVENT] sock=2620 hEvent=00000A2C events=0x21
2026-10-03 01:01:53.750 [EVENT] sock=2732 hEvent=00000864 events=0x0
2026-10-03 01:01:53.750 [EVENT] sock=2732 hEvent=00000864 events=0x21
2026-10-03 01:01:57.023 [EVENT] sock=2620 hEvent=00000A2C events=0x0
2026-10-03 01:01:57.023 [EVENT] sock=2620 hEvent=00000A2C events=0x21
2026-10-03 01:02:07.076 [EVENT] sock=2620 hEvent=00000A2C events=0x0
2026-10-03 01:02:07.076 [EVENT] sock=2620 hEvent=00000A2C events=0x21
2026-10-03 01:02:17.123 [EVENT] sock=2620 hEvent=00000A2C events=0x0
2026-10-03 01:02:17.123 [EVENT] sock=2620 hEvent=00000A2C events=0x21
2026-10-03 01:02:23.750 [EVENT] sock=2732 hEvent=00000864 events=0x0
2026-10-03 01:02:23.750 [EVENT] sock=2732 hEvent=00000864 events=0x21
2026-10-03 01:02:27.175 [EVENT] sock=2620 hEvent=00000A2C events=0x0
2026-10-03 01:02:27.175 [EVENT] sock=2620 hEvent=00000A2C events=0x21
2026-10-03 01:02:32.812 [EVENT] sock=2620 hEvent=00000A2C events=0x0
2026-10-03 01:02:32.813 [EVENT] sock=2620 hEvent=00000A2C events=0x21
2026-10-03 01:02:32.837 [EVENT] sock=2732 hEvent=00000864 events=0x0
2026-10-03 01:02:32.837 [EVENT] sock=2732 hEvent=00000864 events=0x21
2026-10-03 01:02:32.888 [NET-E] sock=2732 bypass r=-1 err=10058
2026-10-03 01:02:32.934 [NET-E] sock=2620 bypass r=-1 err=10058
2026-10-03 01:02:33.856 [CLOSE] main sock 4294967295 closed
2026-10-03 01:02:34.017 [CLOSE] main sock 4294967295 closed
2026-10-03 01:02:34.432 [CLOSE] main sock 4294967295 closed
2026-10-03 01:02:34.432 [CLOSE] main sock 4294967295 closed
2026-10-03 01:02:34.465 [INIT] dll unloaded
