2026-10-02 08:17:09.776 [INIT] dll loaded, pid=36220
2026-10-02 08:17:09.778 [INIT] codec loaded OK
2026-10-02 08:17:09.778 [INIT] iat hooks: recv=1 send=1 WSASend=1 connect=1 closesocket=1
2026-10-02 08:17:09.781 [OV] overlay window ready
2026-10-02 08:17:21.524 [PIPE] controller connected
2026-10-02 09:03:22.261 [CONNECT] main sock 1816 -> 8484
2026-10-02 09:03:22.316 [OUT] 0FFF inv=FBC6 len=260 #1 c6fbff0f61dbf62dc5a32b1f805b64510bdcfaa32b9d805b64fb0bdcfaa32b1f804b3b95aef9057d231f805b64510bdcfa572b1f80ba64510bdcfaa32b492dbbd899bc20f1a32b1f805b64510b36faa32b2d805b64510bdcfa2a306ea3f779e3fcdcfaa32b1f805b64510bdcfaa32b1f805b64510bdcfaa32b1f805b64510bdcfaa32b1f805bbb3ca07aad5b2b69805b30510bdcfaa3d91f805ba9510bdcf1492369a4a56779db7a98edb3af955b64510bdc8dc45584b69564510bdcfaa32b1f805bf7edd2a5ce080269b98740793042fded6cd8035c2720f4c6539540e2d45b64510bdcfaa32b1f805b64b20bdcfa5f2b1f805b64510b846627c247e25dff510bdcfaa3
2026-10-02 09:03:22.603 [OP] 4002 inv=FF8B len=116 #1 9513602b2d54c337c6e3b1a2942dd37ec3714572cca21810119370e4e250fca242632dec4d5dad80c464510b8bfaa32be1ad5b64a0ffdcfae4181f803293510b155a4e78c8d97b81510bdcfa562b1f805b64510bdcfaa32b98aa5b6458f8dcfaa399974dbec8ad9661faa32b1f805b64510bdcfa
2026-10-02 09:03:24.209 [OUT] 0004 inv=FDD2 len=260 #1 d2fd04000cdcfaa37b7b6a2964510bdcfaa32b1f805b6451b1dcfaa3321f805b64510bdcf90baee4816985b30bdcfaa32b1f805bdd510bdc30a32b1f805b64517a92d3f917c957e964510bdcfaa32b1f8c5b6451cddcfaa32b1f805b96abeb73faa32b1f805b64510bdcfaa3671f805bb5510bdcfaa32b1f7dcde5fc9f1d743951515fc464510bdcfaa32b1f6aa04d40dab8a15b558b28cc4daba0e27e5bcd9f41f7a8dcb976285b0bac6a9f64510bdcfaa32b1f805b64510bdcfaa32b1f805b64510bdcfaa32b1f805b64510bdcfaa32b1f805b64510bdcfaa32b1f805b64510bdcfaa32b1f805b64510bdcfaa32b1f805b64510bdcfaa32b1f805b64510bdcfaa32b1f
2026-10-02 09:03:24.282 [OP] 4014 inv=FFEA len=21 #1 0cca805bcd510bdc6ab1def3805b645130d08af82b
2026-10-02 09:03:24.333 [OP] 46F2 inv=E407 len=7160 #1 ff1106ab302fdce91f0ad8e5b4642e4e53e78b691fb86633330b611b8031868f5b9196134afa12fc89c8dbfd51e40cfc302be584f0555193d0b4ece86680e67076f97457a331c97c32675b0bcdfdb07a1e825b8deb693a66a62b0bc18b8ddd9bdc80d743825f7164b1beb6b7a377757ed3ef0d0b5a80a14b721a5b50332eeffab0a897324f5d51fb9223df2ba79abca006b5dc6d0bb30a712664d772ad9ba13c
2026-10-02 09:03:24.385 [OP] 46F2 inv=E409 len=7158 #2 be4325e90c43a33135c270e5ba0aa8fa4159123d85a151a4a4b7ad2bae2d54ff6568dcfc1d82ed1606e3060b0811f021279fbd69513223974466083a5bcef68374fc3f829a803e2033196060eae61fb552226b83daa5492bbf06dbe1b36aad04a3e950e96909d42e6efa6061c327bee6b45cdc2ba1b355d58a694a0bb605ad994bf5becc51de7c46a82bab8e1aa41d3cdc8d6a488637e064b349c938c2f40efb
2026-10-02 09:03:24.436 [OP] 46F2 inv=E40A len=7157 #3 fb1acfaed1339d6c802debb3f3dc4ed18b117c5401be0b6e68f0cf1f293350db0b0359650a1f7a6d09c00bd80733b31fd509e1e40b53d72b8b1f8f06ff8232c9fab012ff112eda51e979f1d32bc299d7aa517d2633862bfaf2ee64b1f20feba3953105e5644cbc7ddb809a121d5b09be0aa8fc3f4d7680fffa7301a129639d1f4cf069f70bf09b50651f5f32fdbe608afa6079279fe96876d2dcd1f0b395d36d
2026-10-02 09:03:24.436 [OP] 46F2 inv=E40A len=7157 #4 5003ae65245c23543cc2c8b1deb146042b0ba6af2db3abf0fc80a1ff2e716725a2dcd129c2080c32e1256c2b971d2b2a4ae9c34d196201f9861f8f2bd89c3ca446b0b3bb3c836435e86977b04bb5e5d7e31246dc3b5e6138867122356cad97e32b42b2b2ed33e36eef019b1f23262d5c28f857a3a1505ee45003119cfa3394d00b8bed3596dc12168616bc5bc9bc186201d4fc1f0696b7ea97513816b999e909
2026-10-02 09:03:24.436 [OP] 46F2 inv=E403 len=7164 #5 c9bb65d6d07bb29b5185ca4e499e7096b264068fc9ef6c457c9926132e2e943243bce4bb5b017a5c7703ff6e3980cb1b0c4a77ef128b1fb12c6d81343938162bc334836bb464743863c90e345b5003ae655e6fddffb863d8931b764eb0190e80db8c13182359dc9ee41a9fa6135a7438a349bde909e37aca14d958434380db8c1318dac8c2337cb0413f51a2b0ac1d319a7e89ff01e98ab47523d280e9c34d19
2026-10-02 09:03:24.459 [OP] E001 inv=FFAF len=80 #1 580be8a3b72b1f80b77cb9b3ebffc88a0c5c5a4da476a3a1c95ee6c51d4d2439242070384597fb57d5b3bf5f24463e3bd83d1e2e6974a6f2e50ebb98523976a251375808c56451666ffaa32b84805b64
2026-10-02 09:03:24.547 [QUESTION] {"type":"question","sock":1816,"qno":9,"field_a":75,"stem":".丝绸摩擦过的玻璃棒带哪种电?","options":["1、闪电侠","2、静电","3、闪电箭","4、闪电风暴"]}
2026-10-02 09:03:24.547 [OP] 4011 inv=FC8D len=882 #1 4d5dad800e64510b6c2e0c5c6465ec21c7120e2eba381f80123e510b6ffaf82bca809464badbe2faa32b1f805b640ac32414fabea05396c1e7e13ca1c95ee6809564580b8bfa572b338d5b64fcd5dcfaa32b1f801dc1c703a3459d0beb24b180793aeeea13a94569b64d510b6a0da32bca807a64510bdcfaa32b41d6814d0aa0012e9f2c1fec5b64580b6ffab42bca802216510b6ffaf82bb2ce5b64510bdcfa
2026-10-02 09:03:24.547 [OP] 4015 inv=FB1B len=1252 #1 e787c464fc0bdcfafd2b1f806d93510bbba0a32bc62b5b646999dcfa8ba41f807b81a5521db3a32b4d355b64ba92dcfa4e78c8d97b81a552155a4e78c8d97b81e6c4dcfadd531f807c64510b3efaa32b53455b640975dcfaa32b1f805b64510b155a4e781d125b64510bdcfafade1f805b64510bd4f4a32b1f805b6448d0dcfaa32b1f80f764510b6ba5b42b1f805b64cf15c6faa32b1f805b64510bdcfaa32b
2026-10-02 09:03:24.547 [OP] 4B45 inv=F022 len=4061 #1 e77a7f517f8bfaa36afe64ee19e890ac359f134597d94d9e90a5a30c8585c0b1a2c58e2dd2e7d845a8a2c4ef123ca1e7dc8b6a16946edb3c14e9be8188ccfed6d1707e8d5a457282d25739753fed2afaa8b194022d2dd2e762afa8f25b378ae499c3a94138e1aec9670ea15bf9216a16946edb3c149130a0d6814dc381ac67a5153e65cc4b48a0e226426caa02d94d9e3ea5cb705b4502373457397578c35b41
2026-10-02 09:03:24.553 [OP] E062 inv=FFCD len=50 #1 9564510bbafa7f3b6c1d985c5579b6947349b2274cf9bc85b1032b25a8ed96784c181874c2d4d0f1d73f332b0b7873baa880
2026-10-02 09:03:24.553 [OP] E062 inv=FFDB len=36 #2 90faa32bee80eecd052a78b83467e8a4f369c5ce4dd0cb56fef33ab76de3b664c159bf80
2026-10-02 09:03:24.553 [OP] E062 inv=FFD6 len=41 #3 ce5b64516edcc0b44bd3a4302774b37803306ed87c542e911708d8c1c6127e0648f7caa14edf3c9780
2026-10-02 09:03:24.553 [OP] E062 inv=FFBD len=66 #4 8bfaa32b2180eecd052a78b83467e8a4f369c56648a6e72307f33ab76d5c192bceebd9b1e97b6f2e14b753eb4b4c723354115f2b04230737be87299ce0ac5c311c80
2026-10-02 09:03:24.553 [OP] E062 inv=FFD2 len=45 #5 aea32b1ffc5b3eaf205bb83467e8a43005939c08e9a1339602fe15472a7ccbe7c0c371aa87299ce0ccce36a780
2026-10-02 09:03:24.595 [OP] 4055 inv=FFF7 len=8 #1 a1ecfc0bdcfaa32b
2026-10-02 09:03:24.595 [OP] 4042 inv=FFBB len=68 #1 4f0e392bad805b6491d0dcfaa32b1f805b64510bdcfaa32b1f805b647ad0dcfaa32b1f805b64510b463da32b1f805b641ad0dcfaa32b1f805b64510bad87a32b1f805b64
2026-10-02 09:03:24.595 [OP] 4056 inv=FFF7 len=8 #1 4f0e392b1f805b64
2026-10-02 09:03:24.595 [OP] 4055 inv=FFF7 len=8 #2 a1ecfc0bdcfaa32b
2026-10-02 09:03:24.595 [OP] 4045 inv=FF9B len=100 #1 4f0e392b8c805b64510bdcfa232b1f80d064510b34faa32b25805b64380bdcfa2e2b1f80f964510b45faa32b5d805b64ce0bdcfa8d2b1f80ec64510b11faa32be0805b64c80bdcfaf72b1f801464510bb2faa32b00805b64060bdcfab02b1f808ba9510b
2026-10-02 09:03:24.595 [OP] 4041 inv=FFF7 len=8 #1 a1ecfc0bdcfaa378
2026-10-02 09:03:24.595 [OP] 017E inv=FFED len=18 #1 4d5dad8095df58ec6fc4f853caaa95df58ec
2026-10-02 09:03:24.595 [OP] 4B49 inv=FFF7 len=8 #1 e787c464510bdcfa
2026-10-02 09:03:24.595 [OP] 40FB inv=FFF9 len=6 #1 4d5dad805b64
2026-10-02 09:03:24.595 [OP] 4613 inv=FFB8 len=71 #1 aaf8fdfeece6253dbc62344cf8eb246a57ff93182c94df43a66ab45c93892cc3df58ec6ffaa353caaa5b0faf495298f8c71f805b6451b1dcc4a32beceb066d0de38abbea2b1f80
2026-10-02 09:03:24.595 [OP] 40A0 inv=FF07 len=248 #1 a1ecfc0b8b0e392b8e125b64637fdcfadb4a329abdea13f2dcfaa32b1f805b64510bdcfaa32b1f805b64510bdcfaa32b1f805b64510bdcfaa32b1f8039f80dd0d9e8f0de16605b6439ecdcfadb4ac3548a70b10541bbea0232805b64510bdcfaa32b1f805b64510bdcfaa32b1f805b64510bdcfaa32b1f806408c4ecfbe048536e605b6439ecdcfadb4ac3548a70b10541bbea0232805b64510bdcfaa32b1f80
2026-10-02 09:03:24.595 [OP] 4613 inv=FEB5 len=330 #2 fd040370f8d91f990f5319be908cd124e1a6c30df67f6fe22924ca9be7df58ec6ffaa353caaa5ba3e6de5298f8541f80d94d51b1dcc4a32beceb066d0d19f8bbea2b1f807cfdfeece6e01d7362344cf85bad6ae62924182c94df58ee425b35b959aa95df580bdcc4f8531fb8dcb4fc316f53a32bd6025b2651ecdcfa5799974dbeeab09661faa32b141674df0b082a01238f75c7f17083322be8947359aa7c8c
2026-10-02 09:03:25.049 [OP] F005 inv=FFE7 len=24 #1 ed3572a4e10f854d1f805b64510bdcfaa3ce1f80b430a80c
2026-10-02 09:03:25.138 [OP] F005 inv=FFE7 len=24 #2 ed3572a4e10f854d1f805b64510bdcfaa3ce1f80b430a80c
2026-10-02 09:03:25.449 [SEND-ANSWER] qno=9 opt=1 ret=13 sock=1816
2026-10-02 09:03:25.451 [OP] E014 inv=FF97 len=104 #1 23596579b9ad2c2a510bdcfaa32b1f805b64510bb22f1ebb4f55cf64b3e564fa1d2b1f805b64510bdcfaa32b1f805b64510bdcfaa32b1f805b64510bdcfaa32b1f805b64510bdcfaa32b1f805b64510bdcfaa32b1f805b64510bdcfaa32b1f805b64fcb21a8a1ebb
2026-10-02 09:03:25.499 [OP] E004 inv=FF35 len=202 #1 fd0ba1914133409e335513f2dcfaa32b1f805b7ffd0be6faa32b1f805b64580bdcfaa32b1f805b64510b696479020e0f840a2913dcfaa32b1f805b26fdecc4faa32b1f805b64580bdcfaa32b1f805b64510b0cc17923ac805b64510bdcfaa32b1f805b64fd0bdcfaa32b1f805b64fda690faa32b1f805b64510b23596579d0302c2a510bdcfaa32b1f805b64fdec6afaa32b1f805b647b8052faa32b1f805b64
2026-10-02 09:03:25.502 [SYS] 测试通过！
2026-10-02 09:03:25.550 [UI] auto dump on question qno=9
2026-10-02 09:03:25.550 [UI] ---- window dump begin (pid 36220) ----
2026-10-02 09:03:25.561 [UI] TOP=0008062E vis=0 cls=QBOvCls rc=(100,100,460,196) title=
2026-10-02 09:03:25.603 [SYS] 获得了#00FF00#100#FFF692#金币
2026-10-02 09:03:25.603 [CURRENCY] a=201745 b=313709
2026-10-02 09:03:26.700 [UI] TOP=000E0354 vis=1 cls=ATL:012FF210 rc=(883,228,1923,1035) title=什么什么大冒险2(①逍遥村敬老院)--Sep 24 2026《什么什么大冒险》制作委员会QQ群:515616289
2026-10-02 09:03:26.700 [UI] TOP=002105DE vis=0 cls=DIEmWin rc=(-1,-1,135,38) title=DIEmWin
2026-10-02 09:03:26.771 [OUT] 1F02 inv=FFFB len=8 #1 fbff021fdcfaa32b
2026-10-02 09:03:26.773 [UI] TOP=0006063C vis=0 cls=IME rc=(0,0,0,0) title=Default IME
2026-10-02 09:03:26.781 [OUT] 0040 inv=FFFA len=9 #1 faff4000faa32b1f80
2026-10-02 09:03:26.781 [OUT] 0041 inv=FFFA len=9 #1 faff4100805b64510b
2026-10-02 09:03:26.781 [OUT] 0185 inv=FFF7 len=12 #1 f7ff8501dcfaa32bc8d97b81
2026-10-02 09:03:26.781 [OUT] 003D inv=FFFB len=8 #1 fbff3d00dcfaa32b
2026-10-02 09:03:26.781 [OUT] 003C inv=FFFB len=8 #1 fbff3c005b64510b
2026-10-02 09:03:26.781 [OUT] 003E inv=FFFB len=8 #1 fbff3e001f805b64
2026-10-02 09:03:26.781 [OUT] 003F inv=FFFB len=8 #1 fbff3f00510bdcfa
2026-10-02 09:03:26.781 [OUT] 0053 inv=FFFB len=8 #1 fbff5300510bdcfa
2026-10-02 09:03:26.781 [OUT] 1F00 inv=FFFB len=8 #1 fbff001fa32b1f80
2026-10-02 09:03:26.781 [OUT] 1F06 inv=FFFB len=8 #1 fbff061f5b64510b
2026-10-02 09:03:26.781 [OUT] 0230 inv=FFFB len=8 #1 fbff3002dcfaa32b
2026-10-02 09:03:26.781 [OUT] 0231 inv=FFFB len=8 #1 fbff31021f805b64
2026-10-02 09:03:26.781 [OUT] 0232 inv=FFFB len=8 #1 fbff3202510bdcfa
2026-10-02 09:03:26.782 [OUT] 0054 inv=FFFB len=8 #1 fbff5400a32b1f80
2026-10-02 09:03:26.784 [OUT] 01E4 inv=FFFB len=8 #1 fbffe401e787c464
2026-10-02 09:03:26.807 [OP] F005 inv=FFE7 len=24 #3 ed3572a407b3854d1f805b64510bdcfaa3de738c6c7a3e51
2026-10-02 09:03:26.823 [OP] 4601 inv=FFF7 len=8 #1 7b81a552155a232b
2026-10-02 09:03:26.874 [OP] 4600 inv=FF87 len=120 #1 6c5f4f6c41646f660cce2d93cf62e218963157b96cf24f6c3e6a6fe94bb92da2fc6ce26ae1e957b9f2a24f6c3e6a6fe94bb92da2fc6ce26ae1e957b9f2a24f6c3e6a6fe94bb92da2fc6ce26ae1e957b9f2a24f6c3e6a6fe94bb92da2fc6ce26ae1e957b9f2a24f6c3e6a6fe94bb92da2fc6ce26ae1e957b9
2026-10-02 09:03:26.906 [OP] 40E3 inv=FFE7 len=24 #1 418052fafd2b2c801264580be4fa232b6980c364970be6fa
2026-10-02 09:03:26.906 [OP] 40E2 inv=FFCF len=48 #1 4f0e392bf3805b64370b6afaad2b348093640b0bb6fa462b4080c464dd0b6afa042bad808364fc0bdafa202bdb800d64
2026-10-02 09:03:26.906 [OP] 40E4 inv=FD39 len=710 #1 a1ecfc0bfafaa32b73805b64510bdcfaa32b1f80c164510bdcfaa32b1f805b6458756ac4f853cac7958c586589fca32b1f805b64510bdcfaa32b1f805b64510bdcfaa32b1f805b64510bdcfaa32b1f805b64510bdcfa6b2b1f805b64510bdcfaa32b8c805b64510bdcfaa32b1f8095df582a6ffd656166f3e5491d6cdcfaa32b1f805b64510bdcfaa32b1f805b64510bdcfaa32b1f805b64510bdcfaa32b1f80
2026-10-02 09:03:26.906 [OP] 4020 inv=FE13 len=492 #1 4f0e392b2c80d864580bdcfac27f1f806864d60bdcfaf82b55af5b64690b2afaf82bca80123e510b6ffaf82b59809464badbdcfaf82bca80c464580bb8a7a32bca809564b20ba7fa56651f809564580b8ffa462b8b175b64580b6ffa202b34801c47510b6ffaf82b62800d640b88dcfaf82bca805c64580b6a0da32bca809564490b6ffa7ab01f809564580ba7faf82babec5b64580b6ffa612bca802216510b
2026-10-02 09:03:26.906 [OP] 4021 inv=FF8B len=116 #1 4f0e392b3c805b646f92dcfa2c2bf6805b64580bbba0a32b2a80ec64580b6ffae4181f801f64ea0b90faf82bd9da5b64a70be2fa392bca8063a7510bebfa5b2b9d8095646092dcfa8d2bd6804064580ba49ca32b2a80ec64830b6ffaecf21f8074df15ec36faf82b88765b64580b6ffa312bca80
2026-10-02 09:03:26.906 [OP] 40FA inv=FF28 len=215 #1 af3e22a32b1fac5b64510bdcfaa32b1faac364510bdcfaa32bca5a5b64510bdcfaa35398805b64510bdcfaf8ef1f805b64510bdcc46d2b1f805b64510b6f48a32b1f805b6451ec64faa32b1f805b6458b6dcfaa32b1f805bdf7e0bdcfaa32b1f80956a510bdcfaa32b1faa2164510bdcfaa32bca725b64510bdcfaa3539e805b64510bdcfaf87b1f805b64510bdcc49d2b1f805b64510b6f5da32b1f805b6451
2026-10-02 09:03:26.915 [UI] TOP=002A0076 vis=0 cls=MSCTFIME UI rc=(0,0,0,0) title=MSCTFIME UI
2026-10-02 09:03:26.915 [UI] TOP=006D0AD4 vis=0 cls=IME rc=(0,0,0,0) title=Default IME
2026-10-02 09:03:26.915 [UI] TOP=001003D8 vis=0 cls=IME rc=(0,0,0,0) title=Default IME
2026-10-02 09:03:26.915 [UI] ---- window dump end ----
2026-10-02 09:03:26.932 [OUT] 0045 inv=FFF7 len=12 #1 f7ff4500510bdcfaa32b1f80
2026-10-02 09:03:26.934 [OUT] 0045 inv=FFF7 len=12 #2 f7ff4500510bdcfaf82b1f80
2026-10-02 09:03:26.934 [OUT] 0045 inv=FFF7 len=12 #3 f7ff4500510bdcfadb2b1f80
2026-10-02 09:03:26.934 [OUT] 0045 inv=FFF7 len=12 #4 f7ff4500510bdcfa392b1f80
2026-10-02 09:03:26.934 [OUT] 0045 inv=FFF7 len=12 #5 f7ff4500510bdcfafd2b1f80
2026-10-02 09:03:26.957 [OP] 4244 inv=FFF7 len=8 #1 4f0e392b1f800e64
2026-10-02 09:03:26.957 [OP] 4050 inv=FFF7 len=8 #1 a1ecfc0bdcfaa32b
2026-10-02 09:03:26.957 [OP] 4503 inv=FFF3 len=12 #1 e787c464510bdcfaa32b1f80
2026-10-02 09:03:26.985 [OP] 4410 inv=FB1D len=1250 #1 4d5dad805b51de7c16d24e78c8d95bdf510b4a43f8531f8007ab6a60e6c24c82a755bd4eee3c0f41a32b42dd6d98a552155aa3531f80668e58ecdcfaef89559e40dde16fb694a20a911a5b64ea7316d24e78c8d95bdf510bc043f8531f8072e4a060e6c2dc31bf71bd4e062bf8d6a32b94046d98a552155aa3531f80ff8e58ecdcfa0f9b559e40370d2bd82fb9234b0fbd4e960a5af1a32bb2376d98a552155a
2026-10-02 09:03:27.008 [OP] 4B30 inv=FFF7 len=8 #1 e787c464510bdcfa
2026-10-02 09:03:27.008 [OP] 4B31 inv=FFF7 len=8 #1 418052faa32b1f80
2026-10-02 09:03:27.008 [OP] 4B21 inv=FFE1 len=30 #1 4d5dad805b81a55215c2a32b1f805b64510bdcfaa32b1f805b64510bdcfa
2026-10-02 09:03:27.008 [OP] 4025 inv=FFD5 len=42 #1 dcaee8a35911d642af0b6fb0a3a59f0fc0645861dc100d3b1faaec6462f831faf82c1faec4a951ece2fa
2026-10-02 09:03:27.081 [OP] F005 inv=FFE7 len=24 #4 ed3572a407b3854d1f805b64510bdcfaa3ce99ceddeeedd0
2026-10-02 09:03:27.106 [OP] 4025 inv=FFC7 len=56 #2 955362229091b5f02d8095a251d871fe612bca725bdcececdcc45b2bf66d39645861dc10d9ff1faaec6462c436faf82c1faec4a951ece2fa
2026-10-02 09:03:27.106 [OP] 4025 inv=FFF5 len=10 #3 db533832c4df51ece2fa
2026-10-02 09:03:27.108 [OP] 4025 inv=FFF5 len=10 #4 39533832c4df51ece2fa
2026-10-02 09:03:27.108 [OP] 4025 inv=FFF5 len=10 #5 fd533832c4df51ece2fa
2026-10-02 09:03:27.258 [UI] auto-closing quiz frame: qno=9 opt=1
2026-10-02 09:03:27.275 [UI] option 1 control NOT found — falling back to digit key
2026-10-02 09:03:27.275 [UI] sending digit key '1' to hwnd=000E0354
2026-10-02 09:03:31.910 [OUT] 1F04 inv=FFF6 len=13 #1 f6ff041fce1f805bf1510bdcfa
2026-10-02 09:03:35.404 [OUT] 1F51 inv=FFFF len=4 #1 ffff511f
2026-10-02 09:03:35.456 [OP] 4F52 inv=FFFF len=0 #1 
2026-10-02 09:03:37.738 [OP] EFFE inv=FFFE len=1 #1 0b
2026-10-02 09:03:40.047 [OP] F005 inv=FFE7 len=24 #5 ed3572a4cd97854d1f805b64510bdcfaa3ce1f80031aa80c
2026-10-02 09:03:45.464 [OUT] 1F51 inv=FFFF len=4 #2 ffff511f
2026-10-02 09:03:45.515 [OP] 4F52 inv=FFFF len=0 #2 
2026-10-02 09:03:45.711 [OP] 43F1 inv=FFFA len=5 #1 33b4de1faa
2026-10-02 09:03:49.618 [OP] 4704 inv=FFDE len=33 #1 af3e22a39ef3ce5ba0510bdcc5a32b1f3cc83369938c0ba32b1f805b64510bdcfa
2026-10-02 09:03:50.752 [OP] EFFE inv=FFFE len=1 #2 0b
2026-10-02 09:03:51.170 [OUT] 0031 inv=FFCE len=53 #1 ceff31006451915233b4de1f4f5b6451b9dcfaa32b1f805b75510bdce8a32b1f805b6451a2da2bf0b3bb341a64510bdcfaa32b1f80
2026-10-02 09:03:51.275 [OP] 401B inv=FF33 len=204 #1 418052fa392b1f807c64510befc2392b1a805b64450bdcfaf9061f805b64510b606ea32b1f805b64cf7fdcfaa32b1f809ef8510bdcfaa32b1c48bd42804d71faa32b1f805b64510bdc3ba32b5207c464530bdcfa972b1f80b1d9510bdcfaa32b45ca5b64510bdcfaa12b1f805b64510bdee8a32b1f805b64bc595ab12b21ac805b64510bdcfaa32b1fafd755418052fa562b1f809b64510bd4f4a32b1f805b64
2026-10-02 09:03:51.596 [OP] 47C0 inv=FFEA len=21 #1 51cac7632831ec8b57ab8ba5967fd958b1dbb6b9d9
2026-10-02 09:03:51.596 [OP] 47C0 inv=FFF3 len=12 #2 0253ca967fd958b1dbb6b9d9
2026-10-02 09:03:51.596 [OP] 47C0 inv=FFF3 len=12 #3 0253ca98add958b16e0ea6d9
2026-10-02 09:03:52.590 [OP] 47C0 inv=FFEA len=21 #4 51cac7632831ec8b57ab8ba5967fd958b1dbb6b9d9
2026-10-02 09:03:52.590 [OP] 47C0 inv=FFF3 len=12 #5 0253ca967fd958b1dbb6b9d9
2026-10-02 09:03:55.521 [OUT] 1F51 inv=FFFF len=4 #3 ffff511f
2026-10-02 09:03:55.569 [OP] 4F52 inv=FFFF len=0 #3 
2026-10-02 09:03:57.571 [OP] 46FE inv=FFFF len=0 #1 
2026-10-02 09:04:02.952 [OP] 4705 inv=FFB8 len=71 #1 e77a7f5134a722a3ed67ce5b7f830bdcfaa32b1fcec364510bdcfaa3731f805b64510bdcb5a32b1f805b645131dcfaa3d01f805b6151a2da2bf00ad2341a64510bdcfaa32b1f80
2026-10-02 09:04:04.774 [OP] EFFE inv=FFFE len=1 #3 0b
2026-10-02 09:04:07.234 [OUT] 1F51 inv=FFFF len=4 #4 ffff511f
2026-10-02 09:04:07.340 [OP] 4F52 inv=FFFF len=0 #4 
2026-10-02 09:04:14.787 [OP] EFFE inv=FFFE len=1 #4 0b
2026-10-02 09:04:17.362 [OUT] 1F51 inv=FFFF len=4 #5 ffff511f
2026-10-02 09:04:17.415 [OP] 4F52 inv=FFFF len=0 #5 
2026-10-02 09:04:23.012 [OP] 4100 inv=FFF9 len=6 #1 98aa0bf8e37f
2026-10-02 09:04:23.112 [OP] 4101 inv=FC58 len=935 #1 02d8de1faa5b64510bdcfaa378c8d97b64510bdcfaa32b1f805b64510bdcfaa32b1f805b64510bdc4772de8a805b7f830bdcfaa32b1fcec364510bdcfaa32b1f805b64510bdcc6d8de1fce5b6451d0dcfaa31afc805b42ad0bdcfe9e2b1f481d645152155a4e78c8d97b81a552151aa32b1fd97b81a5ec54ac6add125e8c9bf90bdcfaa32b1f805b1e37fddcfaa32b1f80b1d9510bdcfaa32b1f805b64510bdc
2026-10-02 09:04:23.119 [OUT] 003A inv=FFFB len=8 #1 fbff3a00510bdcfa
2026-10-02 09:04:23.121 [OUT] 003B inv=FFFB len=8 #1 fbff3b00a32b1f80
2026-10-02 09:04:23.172 [OP] 40E0 inv=FED1 len=302 #1 418052face4a1f805b64510b0e22a32b1f805b64aab1dcfaa32b1f80427f510bdcfaa32b2f035b64fc0bdcfa972b1f802564510b52faa32bad805b64fc0bdcfa932b1f80d764510b52faa32bc7805b641eecdcfab32b1f80c664510be5faa32b3eaa5b64580bdcfa202b1f800d64510b8ffaa32b1f805b64510bdcfaa32b1f805b64510bdcfaa32b1f805b64430bdcfaa32b1f805b64510bdcfaa32b1f805b64
2026-10-02 09:04:23.224 [OP] 40E1 inv=FFED len=18 #1 a1ecfc0b6ffadb62ca80956458b26ffaf82b
2026-10-02 09:04:24.097 [OUT] 1001 inv=FFF9 len=10 #1 f9ff01101f805b64510b
2026-10-02 09:04:24.234 [OP] 4108 inv=FFE3 len=28 #1 e787c464510bdcfa21531f80d8f8510bce4051421f805b64510bdcfa
2026-10-02 09:04:24.326 [OP] 4108 inv=FFE3 len=28 #2 e787c464510bdcfa4d531f80d8f8510bce4051ed1f805b64510bdcfa
2026-10-02 09:04:24.326 [OP] 4108 inv=FFF3 len=12 #3 4f0e392b1f805b64510bdcfa
2026-10-02 09:04:24.328 [OP] 4108 inv=FFF3 len=12 #4 4f0e392b1f805b64580bdcfa
2026-10-02 09:04:24.328 [OP] 4108 inv=FFF3 len=12 #5 4f0e392b1f805b640e0bdcfa
2026-10-02 09:04:24.328 [OP] 4104 inv=FFFB len=4 #1 3cae1f80
2026-10-02 09:04:24.328 [OP] 4104 inv=FFFB len=4 #2 3cae1faa
2026-10-02 09:04:24.328 [OP] 4104 inv=FFFB len=4 #3 3cae1fc7
2026-10-02 09:04:24.328 [OP] 4104 inv=FFFB len=4 #4 3cae1fce
2026-10-02 09:04:24.328 [OP] 4104 inv=FFFB len=4 #5 0a081f12
2026-10-02 09:04:26.533 [OP] 4105 inv=FFFE len=1 #1 c0
2026-10-02 09:04:26.533 [OP] 4105 inv=FFFE len=1 #2 af
2026-10-02 09:04:26.628 [OP] 4109 inv=FF8F len=112 #1 e787c464510b6fe8a32b1f805b64510b07faa32b59e7c36451ecdcfaa32bf380d1df510bd7faa32b1f805b64510bdcfaa32b1f803c64510b905b232b1faa5b648fecdcfa00de1f805b64510bdcfaa32b1f805b64550bdcfadb2462805bdf510b7cc4a32b21a2a8f8510bdcfa1a7d1f80
2026-10-02 09:04:26.730 [OP] 4105 inv=FFFE len=1 #3 0c
2026-10-02 09:04:26.731 [OP] 4106 inv=FFFD len=2 #1 a3cb
2026-10-02 09:04:26.731 [OP] 4111 inv=FFFD len=2 #1 a164
2026-10-02 09:04:27.084 [OP] 4109 inv=FFB7 len=72 #2 e787c464517f6fc4a32b1f805b64510b07faa32bca775b6487b1dcfa40ce1f8057df0e0b07faa32b39125b640eec5efaa32b1f805bdf510b8222a32b39125b64080b5efaa32b1f80
2026-10-02 09:04:27.184 [OP] 4105 inv=FFFE len=1 #4 0b
2026-10-02 09:04:27.184 [OP] 4106 inv=FFFD len=2 #2 f82b
2026-10-02 09:04:27.184 [OP] 4105 inv=FFFE len=1 #5 ec
2026-10-02 09:04:27.184 [OP] 4106 inv=FFFD len=2 #3 a353
2026-10-02 09:04:27.184 [OP] 4106 inv=FFFD len=2 #4 a393
2026-10-02 09:04:27.184 [OP] 4106 inv=FFFD len=2 #5 f8de
2026-10-02 09:04:27.184 [OP] 4111 inv=FFFD len=2 #2 9564
2026-10-02 09:04:27.834 [OP] 46FE inv=FFFF len=0 #2 
2026-10-02 09:04:28.542 [OP] 4109 inv=FFB7 len=72 #3 e787c464517f6fc4a32b1f805b64510b07faa32b59e75b6487b1dcfa40ce1f80a1f80e0b07faa32b39125b640e7f4ffaa32b1f805bdf510b8222a32b39125b64080b4ffaa32b1f80
2026-10-02 09:04:28.641 [OP] 4111 inv=FFFD len=2 #3 9464
2026-10-02 09:04:29.893 [OP] 4109 inv=FFA7 len=88 #4 418052faa393caaa5b64510bdcfaa32bb9805b64e6cddcfa1d4a1f80646f510b5425db2bb9805b6487b1dcfadb6f2d805b64510bdcc4a32bb2ce5b6487b1dcfadb2b2d805bdf510b05c4a32bc7aa5b64510bdcfaa32b1f80
2026-10-02 09:04:29.988 [OP] 4111 inv=FFFD len=2 #4 5c64
2026-10-02 09:04:31.287 [OP] 4109 inv=FF93 len=108 #5 418052faf893caaa5b64510bdcfaa32bca805b64af0be9c4b42b2eaa1c64510b6ffaa32b12805b6451cddcfac6d91f80dc53510b54fadb2b12805b64a0c4dcfafd2b2d805bdf510bdcfaa32b92aa5b64d50bdcfaa32b1f805b64510baeaea32ba94f5b64080b54faa32b1f80
2026-10-02 09:04:31.388 [OP] 4111 inv=FFFD len=2 #5 5b64
2026-10-02 09:04:34.815 [OP] EFFE inv=FFFE len=1 #5 0b
2026-10-02 09:04:38.242 [OP] 4112 inv=FFFD len=2 #1 dcc4
2026-10-02 09:04:38.242 [OP] 4112 inv=FFFD len=2 #2 6fc4
2026-10-02 09:04:38.242 [OP] 4112 inv=FFFD len=2 #3 e6c4
2026-10-02 09:04:38.242 [OP] 4112 inv=FFFD len=2 #4 36c4
2026-10-02 09:04:40.828 [OP] 4112 inv=FFFD len=2 #5 6ac4
2026-10-02 09:04:57.406 [SETTLE] exp=5744 gold=201745 len=393
2026-10-02 09:04:57.406 [OP] 472A inv=FE76 len=393 #1 02d8de1f383964510bdcfaa32b1f805b64510bdcfaa32b1f805b64510bdcfaa312ad805b64510bdc29fd2b1f805b64510352faa32b1f805b92a60bdcfaa32b1f1ac964510bdcfaa32b1f805b64510bdcfaa32b1f805b64510bdcfaa32b1f805b64510bdcfaa32b1f805b64510bdcfaa32b1f805b64510bdcfaa32b1f805b64510bdcfaa32b1f805b64510bdcbdf82b1fc3956451fa6ffaa3ccca805bd3580bdc
2026-10-02 09:04:57.495 [OP] 42CE inv=FFFB len=4 #1 c87f510b
2026-10-02 09:04:57.495 [OP] 4211 inv=FFF6 len=9 #1 aa5b6451c03e22a34a
2026-10-02 09:04:57.495 [OP] 4211 inv=FFF6 len=9 #2 aa5b64515ca722a34a
2026-10-02 09:04:57.495 [OP] 4211 inv=FFF6 len=9 #3 aa5b645134a722a34a
2026-10-02 09:04:58.142 [OP] 46FE inv=FFFF len=0 #3 
2026-10-02 09:05:07.273 [OP] 4100 inv=FFF9 len=6 #2 98aaebf8fe7f
2026-10-02 09:05:07.376 [OP] 4101 inv=FD00 len=767 #2 7a23d0dcc4a32b1f805b645152155a4e2b1f805b64510bdcfaa32b1f805b64510bdcfaa32b1f805bbe2dd036faa3de62805b64510bdc22232b1f805b64510bdcfaa32b1f805bb023d0dc22a32b1fce5b6451c53dfaa334bb805b833a0bdc88282b1fd97b81a552155a4e78c8d97b79510bdc5a4e78c8aaba87299e53fde58f36805b64510bdcfaa32b45ca5b64510bdcfac37c1f805b64510bdcfaa32b1f805b
2026-10-02 09:05:08.338 [OUT] 1001 inv=FFF9 len=10 #2 f9ff01101f805b64510b
2026-10-02 09:05:24.337 [SETTLE] exp=3596 gold=201745 len=393
2026-10-02 09:05:24.337 [OP] 472A inv=FE76 len=393 #2 02d8de1fca1b64510bdcfaa32b1f805b64510bdcc4a32b1f805b64510bdcfaa31559805b64510bdc29fd2b1f805b64510352faa32b1f805b07c50bdcfaa32b1f1ac964510bdcfaa32b1f805b64510bdcfaa32b1f805b64510bdcfaa32b1f805b64510bdcfaa32b1f805b64510bdcfaa32b1f805b64510bdcfaa32b1f805b64510bdcfaa32b1f805b64510bdcbdf82b1fc3956451f16ffaa3ccca805bd3580bdc
2026-10-02 09:05:24.429 [OP] 42CE inv=FFFB len=4 #2 c87f510b
2026-10-02 09:05:24.429 [OP] 4211 inv=FFF6 len=9 #4 aa5b6451c03e22a34a
2026-10-02 09:05:24.429 [OP] 4211 inv=FFF6 len=9 #5 aa5b64515ca722a34a
2026-10-02 09:05:28.350 [OP] 46FE inv=FFFF len=0 #4 
2026-10-02 09:05:34.095 [OP] 4100 inv=FFF9 len=6 #3 98aa31261eec
2026-10-02 09:05:34.259 [OP] 4101 inv=FC90 len=879 #3 7a23d0dcc4a32b1f805b645152155a4e2b1f805b64510bdcfaa32b1f805b64510bdcfaa32b1f805bbe2dd0a7faa3de62805b64510bdc22232b1f805b64510bdcfaa32b1f805bb023d0dc22a32b1fce5b6451c53dfaa334bb805b833a0bdc88282b1fd97b81a552155a4e78c8d97b79510bdc5a4e78c8aaba87299e53fde58f36805b64510bdcfaa32b45ca5b64510bdcfac37c1f805b64510bdcfaa32b1f805b
2026-10-02 09:05:35.177 [OUT] 1001 inv=FFF9 len=10 #3 f9ff01101f805b64510b
2026-10-02 09:05:54.480 [SETTLE] exp=3502 gold=201745 len=403
2026-10-02 09:05:54.480 [OP] 472A inv=FE6C len=403 #3 02d8de1fc86e64510bdcfaa32b1f805b64510bdcc4a32b1f805b64510bdcfaa34059805b64510bdc29fd2b1f805b64510352faa32b1f805b07c50bdcfaa32b1f1ac964510bdcfaa32b1f805b64510bdcfaa32b1f805b64510bdcfaa32b1f805b64510bdcfaa32b1f805b64510bdcfaa32b1f805b64510bdcfaa32b1f805b64510bdcfaa32b1f805b64510bdc7af82b1f1b956451fa6ffaa3ccca805b5c510bdc
2026-10-02 09:05:54.570 [OP] 42CE inv=FFFB len=4 #3 c87f510b
2026-10-02 09:05:58.556 [OP] 46FE inv=FFFF len=0 #5 
2026-10-02 09:06:01.438 [OP] 4705 inv=FFB8 len=71 #2 e77a7f5134a722a33267ce5b81fd0bdcfaa32b1fd90d64510bdcfaa3c11f805b64510bdc60a32b1f805b645131dcfaa3d01f805b6651a2da2bf0e986341a64510bdcfaa32b1f80
2026-10-02 09:06:16.934 [OP] 4100 inv=FFF9 len=6 #4 98aaad265eec
2026-10-02 09:06:17.030 [OP] 4101 inv=FC6D len=914 #4 4d5dad809564510bdcfaa32bc8d97b81510bdcfaa32b1f805b64510bdcfaa32b1f805b64510bdcfa22069d4e5b64fc75dcfaa32b1f80c453510bdcfaa32b1f805b64510bdcfa215dad80c464510b52faa32b55925b646992dcfa1f7f1f80c831510b155a4e78c8d97b81a552155a562b1f807b81a5526f30c2d41e5f8bfa191edcfaa32b1f805b64dfa0c6faa32b1f805b4d310bdcfaa32b1f805b64510bdcfa
2026-10-02 09:06:18.008 [OUT] 1001 inv=FFF9 len=10 #4 f9ff01101f805b64510b
2026-10-02 09:06:36.195 [SETTLE] exp=3480 gold=201745 len=393
2026-10-02 09:06:36.195 [OP] 472A inv=FE76 len=393 #4 02d8de1f206e64510bdcfaa32b1f805b64510bdcc4a32b1f805b64510bdcfaa31359805b64510bdc29fd2b1f805b64510352faa32b1f805b07c50bdcfaa32b1f1ac964510bdcfaa32b1f805b64510bdcfaa32b1f805b64510bdcfaa32b1f805b64510bdcfaa32b1f805b64510bdcfaa32b1f805b64510bdcfaa32b1f805b64510bdcfaa32b1f805b64510bdcb5a32b1fc3956451f16ffaa3ccca805bd3580bdc
2026-10-02 09:06:36.289 [OP] 42CE inv=FFFB len=4 #4 c87f510b
2026-10-02 09:06:43.285 [OP] 4100 inv=FFF9 len=6 #5 98aade26aeec
2026-10-02 09:06:43.568 [OP] 4101 inv=FBC5 len=1082 #5 4d5dad809564510bdcfaa32bc8d97b81510bdcfaa32b1f805b64510bdcfaa32b1f805b64510bdcfa22069dca5b64fc75dcfaa32b1f80c453510bdcfaa32b1f805b64510bdcfa215dad80c464510b52faa32b55925b646992dcfa1f7f1f80c831510b155a4e78c8d97b81a552155a562b1f807b81a5526f30c2d41e5f8bfa191edcfaa32b1f805b64dfa0c6faa32b1f805b4d310bdcfaa32b1f805b64510bdcfa
2026-10-02 09:06:44.375 [OUT] 1001 inv=FFF9 len=10 #5 f9ff01101f805b64510b
2026-10-02 09:07:12.269 [SETTLE] exp=5582 gold=201745 len=403
2026-10-02 09:07:12.272 [OP] 472A inv=FE6C len=403 #5 02d8de1f279b64510bdcfaa32b1f805b64510bdce8a32b1f805b64510bdcfaa3bcad805b64510bdc29fd2b1f805b64510352faa32b1f805b07c50bdcfaa32b1f1ac964510bdcfaa32b1f805b64510bdcfaa32b1f805b64510bdcfaa32b1f805b64510bdcfaa32b1f805b64510bdcfaa32b1f805b64510bdcfaa32b1f805b64510bdcfaa32b1f805b64510bdcbdf82b1f2c5b6451fa6ffaa3731f805bc7580bdc
2026-10-02 09:07:12.366 [OP] 42CE inv=FFFB len=4 #5 c87f510b
2026-10-02 09:07:41.110 [SETTLE] exp=3456 gold=201745 len=393
2026-10-02 09:08:08.661 [SETTLE] exp=3394 gold=201745 len=393
2026-10-02 09:08:32.614 [SETTLE] exp=3970 gold=201745 len=403
2026-10-02 09:08:47.847 [SETTLE] exp=3934 gold=201745 len=403
2026-10-02 09:09:05.477 [SETTLE] exp=5460 gold=201745 len=403
2026-10-02 09:09:32.854 [SETTLE] exp=4832 gold=201745 len=403
2026-10-02 09:09:55.527 [SETTLE] exp=4624 gold=201745 len=393
2026-10-02 09:10:06.657 [OUT] 1005 inv=FFEF len=20 #1 efff0510a498f8530d794064fd0bb6faa32b1f80
2026-10-02 09:10:06.762 [OP] 4110 inv=FFFD len=2 #1 222b
2026-10-02 09:10:25.520 [SETTLE] exp=4770 gold=201745 len=403
2026-10-02 09:10:41.591 [OUT] 1005 inv=FFEF len=20 #2 efff0510a498f8530d794064fd0bb6faa32b1f80
2026-10-02 09:10:41.727 [OP] 4110 inv=FFFD len=2 #2 222b
2026-10-02 09:10:43.884 [OUT] 1005 inv=FFEF len=20 #3 efff0510a498f8530d794064fd0bb6faa32b1f80
2026-10-02 09:10:43.980 [OP] 4110 inv=FFFD len=2 #3 222b
2026-10-02 09:10:45.548 [OUT] 1005 inv=FFEF len=20 #4 efff0510ffd8842b4d7940dffd0bb6faa32b1f80
2026-10-02 09:10:45.548 [OUT] 1004 inv=FFF3 len=16 #1 f3ff0410dcfaa32b1f790d64510bdcfa
2026-10-02 09:10:45.679 [OP] 4110 inv=FFFD len=2 #4 222b
2026-10-02 09:10:45.786 [OP] 4110 inv=FFFD len=2 #5 722b
2026-10-02 09:10:47.845 [OUT] 1004 inv=FFF3 len=16 #2 f3ff0410dcfaa32b1f790d64510bdcfa
2026-10-02 09:10:52.663 [SETTLE] exp=3788 gold=201745 len=403
2026-10-02 09:11:10.024 [OP] 4613 inv=FFBE len=65 #3 c49c1c10aa4064291790104263bc7913195826e3c4a646d741550758ec6fc4a32bcaaa956462082a220253ab809457080b8bfaf82b1f7926b35c3828d7972b1f80
2026-10-02 09:11:13.187 [OUT] 1005 inv=FFEF len=20 #5 efff0510a498f8530daa4064fd0bb6faa32b1f80
2026-10-02 09:11:17.729 [SETTLE] exp=4980 gold=201745 len=403
2026-10-02 09:11:20.112 [OP] 4613 inv=FFBE len=65 #4 c40a1c10aa4064291790104223f31c75df84cf6fb4a06df1c7550758ec6fc4a32bcaaa95646975d0220253ab809465190b8bfaf82b1f7926b35c3828d7e62b1f80
2026-10-02 09:11:30.355 [OP] 4613 inv=FFBA len=69 #5 dfb82fe7c4202b383fc3dc0259585b960e62830ff8cdcf6fb4a0d47079af8a83ec6fc4f82b1faa95df512f36d83951ca1e5bf8510bdcf4a3531f804040986c2ab7d62b1f80
2026-10-02 09:11:38.505 [SETTLE] exp=2924 gold=201745 len=403
2026-10-02 09:11:54.698 [SETTLE] exp=3424 gold=201745 len=393
2026-10-02 09:12:16.490 [OUT] 1004 inv=FFF3 len=16 #3 f3ff0410dcfaa32b1f8c0d64510bdcfa
2026-10-02 09:12:26.996 [SETTLE] exp=5498 gold=201745 len=403
2026-10-02 09:12:43.258 [OUT] 1004 inv=FFF3 len=16 #4 f3ff0410dcfaa32b1fc70d64510bdcfa
2026-10-02 09:12:49.287 [SETTLE] exp=3688 gold=201745 len=403
2026-10-02 09:13:20.741 [SETTLE] exp=5104 gold=201745 len=393
2026-10-02 09:13:23.143 [OP] 4612 inv=FFF7 len=8 #1 ca805b64408052fa
2026-10-02 09:13:39.729 [OP] 43F1 inv=FFFA len=5 #2 b4b4de1faa
2026-10-02 09:13:46.153 [OUT] 1004 inv=FFF3 len=16 #5 f3ff0410dcfaa32b1f790d64510bdcfa
2026-10-02 09:13:57.130 [SYS] 物品栏满
2026-10-02 09:13:57.226 [SETTLE] exp=4832 gold=201745 len=393
2026-10-02 09:13:57.226 [SYS] 物品栏已满！
2026-10-02 09:14:13.496 [OP] 4612 inv=FFF7 len=8 #2 ca805b64408052fa
2026-10-02 09:14:25.882 [SETTLE] exp=4476 gold=201745 len=393
2026-10-02 09:14:45.169 [SYS] 物品栏满
2026-10-02 09:14:45.260 [SETTLE] exp=3874 gold=201745 len=393
2026-10-02 09:15:16.664 [SYS] 物品栏满
2026-10-02 09:15:16.767 [SETTLE] exp=5668 gold=201745 len=393
2026-10-02 09:15:38.130 [SETTLE] exp=3996 gold=201745 len=393
2026-10-02 09:16:06.396 [SETTLE] exp=3996 gold=201745 len=393
2026-10-02 09:16:35.616 [SYS] 物品栏满
2026-10-02 09:16:35.714 [SETTLE] exp=4894 gold=201745 len=393
2026-10-02 09:16:58.633 [SETTLE] exp=5288 gold=201745 len=393
2026-10-02 09:17:26.160 [SYS] 物品栏满
2026-10-02 09:17:26.164 [SETTLE] exp=3032 gold=201745 len=393
2026-10-02 09:17:26.164 [OP] 40E6 inv=FFF3 len=12 #1 4d5dad807e6f510bdcfaa32b
2026-10-02 09:17:26.166 [OP] 40E0 inv=FED1 len=302 #2 418052fae34a1f805b64510ba522a32b1f805b6420b1dcfaa32b1f801e7f510bdcfaa32b2f035b64fc0bdcfa972b1f802564510b52faa32bad805b64fc0bdcfa932b1f80d764510b52faa32bc7805b64baecdcfab32b1f80fc64510be5faa32b93aa5b64580bdcfa202b1f800d64510b8ffaa32b1f805b64510bdcfaa32b1f805b64510bdcfaa32b1f805b64430bdcfaa32b1f805b64510bdcfaa32b1f805b64
2026-10-02 09:17:26.166 [OP] 40E3 inv=FFE7 len=24 #2 418052fafdce1f801264580be4fa232b6980c364970be6fa
2026-10-02 09:17:26.166 [OP] 40E2 inv=FFCF len=48 #2 4f0e392bf3800a64370b6afaad2b348093640b0bb6fa462b4080c464dd0b6afa042bad808364fc0bdafa202bdb800d64
2026-10-02 09:17:26.166 [OP] 4210 inv=FFF3 len=12 #1 ac0bdcfaf72b1f80a1ecfc0b
2026-10-02 09:17:26.230 [OUT] 0185 inv=FFF7 len=12 #2 f7ff8501dcfaa32bc8d97b81
2026-10-02 09:17:44.526 [SYS] 物品栏满
2026-10-02 09:17:44.628 [SETTLE] exp=3120 gold=201745 len=393
2026-10-02 09:18:12.884 [SETTLE] exp=2360 gold=201745 len=393
2026-10-02 09:18:53.831 [SETTLE] exp=3784 gold=201745 len=393
2026-10-02 09:18:53.927 [OP] 40E1 inv=FFED len=18 #2 a1ecfc0b6ffadb62ca80956458b26ffaf82b
2026-10-02 09:18:53.927 [OP] 40E0 inv=FED1 len=302 #3 418052fae34a1f805b64510ba522a32b1f805b6420b1dcfaa32b1f801e7f510bdcfaa32b2f035b64fc0bdcfa972b1f802564510b52faa32bad805b64fc0bdcfa932b1f80d764510b52faa32bc7805b64baecdcfab32b1f80fc64510be5faa32b93aa5b64580bdcfa202b1f800d64510b8ffaa32b1f805b64510bdcfaa32b1f805b64510bdcfaa32b1f805b64430bdcfaa32b1f805b64510bdcfaa32b1f805b64
2026-10-02 09:18:53.927 [OP] 40E3 inv=FFE7 len=24 #3 418052fafd02fd801264580be4fa232b6980c364970be6fa
2026-10-02 09:18:53.927 [OP] 40E2 inv=FFCF len=48 #3 4f0e392bf33c1b64370b6afaad2b348093640b0bb6fa462b4080c464dd0b6afa042bad808364fc0bdafa202bdb800d64
2026-10-02 09:18:53.937 [OUT] 0185 inv=FFF7 len=12 #3 f7ff8501dcfaa32bc8d97b81
2026-10-02 09:19:28.104 [SETTLE] exp=3014 gold=201745 len=393
2026-10-02 09:19:55.425 [SETTLE] exp=2576 gold=201745 len=393
2026-10-02 09:20:27.637 [SETTLE] exp=3390 gold=201745 len=393
2026-10-02 09:20:57.346 [SYS] 物品栏满
2026-10-02 09:20:57.445 [SETTLE] exp=2468 gold=201745 len=393
2026-10-02 09:21:25.117 [SYS] 物品栏满
2026-10-02 09:21:25.227 [SETTLE] exp=4060 gold=201745 len=393
2026-10-02 09:21:49.674 [SYS] 物品栏满
2026-10-02 09:21:49.768 [SETTLE] exp=2452 gold=201745 len=393
2026-10-02 09:22:17.767 [SETTLE] exp=2530 gold=201745 len=393
2026-10-02 09:22:51.624 [SYS] 物品栏满
2026-10-02 09:22:51.724 [SETTLE] exp=3622 gold=201745 len=393
2026-10-02 09:23:18.340 [SYS] 物品栏满
2026-10-02 09:23:18.340 [SETTLE] exp=3514 gold=201745 len=393
2026-10-02 09:23:45.821 [SETTLE] exp=2424 gold=201745 len=393
2026-10-02 09:24:20.567 [SYS] 物品栏满
2026-10-02 09:24:20.674 [SETTLE] exp=3228 gold=201745 len=393
2026-10-02 09:24:20.674 [OP] 4210 inv=FFF3 len=12 #2 ac0bdcfa0d2b1f80baecfc0b
2026-10-02 09:24:49.861 [SETTLE] exp=1932 gold=201745 len=393
2026-10-02 09:25:20.500 [SETTLE] exp=3604 gold=201745 len=393
2026-10-02 09:25:42.863 [SETTLE] exp=2800 gold=201745 len=393
2026-10-02 09:26:00.191 [SYS] 物品栏满
2026-10-02 09:26:00.321 [SETTLE] exp=2468 gold=201745 len=393
2026-10-02 09:26:20.046 [SYS] 物品栏满
2026-10-02 09:26:20.138 [SETTLE] exp=3362 gold=201745 len=393
2026-10-02 09:26:47.505 [SYS] 物品栏满
2026-10-02 09:26:47.606 [SETTLE] exp=3076 gold=201745 len=393
2026-10-02 09:27:05.707 [SETTLE] exp=2468 gold=201745 len=393
2026-10-02 09:27:37.146 [SYS] 物品栏满
2026-10-02 09:27:37.148 [SETTLE] exp=2274 gold=201745 len=393
2026-10-02 09:27:37.148 [OP] 40E1 inv=FFED len=18 #3 a1ecfc0b6ffadb62ca80956458b26ffaf82b
2026-10-02 09:27:37.149 [OP] 40E0 inv=FED1 len=302 #4 418052fae34a1f805b64510ba522a32b1f805b6420b1dcfaa32b1f801e7f510bdcfaa32b2f035b64fc0bdcfa972b1f802564510b52faa32bad805b64fc0bdcfa932b1f80d764510b52faa32bc7805b64baecdcfab32b1f80fc64510be5faa32b93aa5b64580bdcfa202b1f800d64510b8ffaa32b1f805b64510bdcfaa32b1f805b64510bdcfaa32b1f805b64430bdcfaa32b1f805b64510bdcfaa32b1f805b64
2026-10-02 09:27:37.149 [OP] 40E3 inv=FFE7 len=24 #4 418052fafd66fd801264580be4fa232b6980c364970be6fa
2026-10-02 09:27:37.149 [OP] 40E2 inv=FFCF len=48 #4 4f0e392bf3d51b64370b6afaad2b348093640b0bb6fa462b4080c464dd0b6afa042bad808364fc0bdafa202bdb800d64
2026-10-02 09:27:37.192 [OUT] 0185 inv=FFF7 len=12 #4 f7ff8501dcfaa32bc8d97b81
2026-10-02 09:28:00.269 [SYS] 物品栏满
2026-10-02 09:28:00.362 [SETTLE] exp=2616 gold=201745 len=393
2026-10-02 09:28:29.043 [SYS] 物品栏满
2026-10-02 09:28:29.144 [SETTLE] exp=2968 gold=201745 len=393
2026-10-02 09:28:54.656 [SETTLE] exp=4078 gold=201745 len=393
2026-10-02 09:29:26.744 [SYS] 物品栏满
2026-10-02 09:29:26.842 [SETTLE] exp=3120 gold=201745 len=393
2026-10-02 09:30:04.733 [SYS] 物品栏满
2026-10-02 09:30:04.828 [SETTLE] exp=4104 gold=201745 len=393
2026-10-02 09:30:25.625 [SETTLE] exp=3390 gold=201745 len=393
2026-10-02 09:30:57.485 [SETTLE] exp=3344 gold=201745 len=393
2026-10-02 09:31:34.145 [SETTLE] exp=3452 gold=201745 len=393
2026-10-02 09:32:04.237 [SETTLE] exp=2530 gold=201745 len=393
2026-10-02 09:32:37.290 [SYS] 物品栏满
2026-10-02 09:32:37.389 [SETTLE] exp=3470 gold=201745 len=393
2026-10-02 09:33:07.985 [SYS] 物品栏满
2026-10-02 09:33:08.090 [SETTLE] exp=3122 gold=201745 len=393
2026-10-02 09:33:39.667 [SYS] 物品栏满
2026-10-02 09:33:39.773 [SETTLE] exp=4016 gold=201745 len=393
2026-10-02 09:34:09.239 [SYS] 物品栏满
2026-10-02 09:34:09.348 [SETTLE] exp=2682 gold=201745 len=393
2026-10-02 09:34:29.352 [SYS] 物品栏满
2026-10-02 09:34:29.448 [SETTLE] exp=2576 gold=201745 len=393
2026-10-02 09:34:58.181 [SETTLE] exp=3954 gold=201745 len=393
2026-10-02 09:35:21.851 [SYS] 物品栏满
2026-10-02 09:35:21.851 [SETTLE] exp=2862 gold=201745 len=393
2026-10-02 09:35:46.857 [SETTLE] exp=3908 gold=201745 len=393
2026-10-02 09:36:07.318 [SYS] 物品栏满
2026-10-02 09:36:07.411 [SETTLE] exp=4044 gold=201745 len=393
2026-10-02 09:36:18.400 [SYS] #FFF692#恭喜#FF8CF8#凝眉一颦#FFF692#打造出#64FF7D#+10#FFF692#装备
2026-10-02 09:36:27.477 [SYS] 物品栏满
2026-10-02 09:36:27.580 [SETTLE] exp=2386 gold=201745 len=393
2026-10-02 09:36:56.483 [SYS] 物品栏满
2026-10-02 09:36:56.597 [SETTLE] exp=2638 gold=201745 len=393
2026-10-02 09:37:32.461 [SETTLE] exp=3846 gold=201745 len=393
2026-10-02 09:37:59.515 [SETTLE] exp=2406 gold=201745 len=393
2026-10-02 09:38:19.723 [SETTLE] exp=1620 gold=201745 len=393
2026-10-02 09:38:50.639 [SYS] 物品栏满
2026-10-02 09:38:50.732 [SETTLE] exp=4060 gold=201745 len=393
2026-10-02 09:38:50.836 [OP] 4210 inv=FFF3 len=12 #3 ac0bdcfa1e2b1f8057ecfc0b
2026-10-02 09:39:17.508 [SYS] 物品栏满
2026-10-02 09:39:17.607 [SETTLE] exp=1554 gold=201745 len=393
2026-10-02 09:39:49.609 [SETTLE] exp=3300 gold=201745 len=393
2026-10-02 09:40:10.134 [SYS] 物品栏满
2026-10-02 09:40:10.239 [SETTLE] exp=2532 gold=201745 len=393
2026-10-02 09:40:39.590 [SETTLE] exp=4060 gold=201745 len=393
2026-10-02 09:41:09.188 [SYS] 物品栏满
2026-10-02 09:41:09.309 [SETTLE] exp=2530 gold=201745 len=393
2026-10-02 09:41:28.201 [SYS] 物品栏满
2026-10-02 09:41:28.294 [SETTLE] exp=2208 gold=201745 len=393
2026-10-02 09:42:01.534 [SETTLE] exp=3622 gold=201745 len=393
2026-10-02 09:42:31.170 [SYS] 物品栏满
2026-10-02 09:42:31.267 [SETTLE] exp=3408 gold=201745 len=393
2026-10-02 09:43:00.843 [SYS] 物品栏满
2026-10-02 09:43:00.949 [SETTLE] exp=4016 gold=201745 len=393
2026-10-02 09:43:32.685 [SYS] 物品栏满
2026-10-02 09:43:32.775 [SETTLE] exp=2424 gold=201745 len=393
2026-10-02 09:43:56.185 [SYS] 物品栏满
2026-10-02 09:43:56.281 [SETTLE] exp=1554 gold=201745 len=393
2026-10-02 09:44:26.671 [SETTLE] exp=2468 gold=201745 len=393
2026-10-02 09:44:48.028 [SYS] 物品栏满
2026-10-02 09:44:48.128 [SETTLE] exp=2520 gold=201745 len=393
2026-10-02 09:45:16.564 [SYS] 物品栏满
2026-10-02 09:45:16.659 [SETTLE] exp=3998 gold=201745 len=393
2026-10-02 09:45:56.953 [SETTLE] exp=2968 gold=201745 len=393
2026-10-02 09:46:27.185 [SETTLE] exp=2684 gold=201745 len=393
2026-10-02 09:46:54.057 [SETTLE] exp=2178 gold=201745 len=393
2026-10-02 09:47:12.311 [SYS] 物品栏满
2026-10-02 09:47:12.406 [SETTLE] exp=2424 gold=201745 len=393
2026-10-02 09:47:48.090 [SETTLE] exp=1620 gold=201745 len=393
2026-10-02 09:48:12.784 [SYS] 物品栏满
2026-10-02 09:48:12.887 [SETTLE] exp=2638 gold=201745 len=393
2026-10-02 09:48:38.809 [SYS] 物品栏满
2026-10-02 09:48:38.908 [SETTLE] exp=2512 gold=201745 len=393
2026-10-02 09:49:08.061 [SETTLE] exp=2968 gold=201745 len=393
2026-10-02 09:49:32.045 [SYS] 物品栏满
2026-10-02 09:49:32.138 [SETTLE] exp=3970 gold=201745 len=393
2026-10-02 09:50:03.973 [SYS] 物品栏满
2026-10-02 09:50:03.973 [SETTLE] exp=4230 gold=201745 len=393
2026-10-02 09:50:34.221 [SETTLE] exp=3560 gold=201745 len=393
2026-10-02 09:51:03.193 [SETTLE] exp=3622 gold=201745 len=393
2026-10-02 09:51:33.368 [SETTLE] exp=2908 gold=201745 len=393
2026-10-02 09:52:00.792 [SYS] 物品栏满
2026-10-02 09:52:00.891 [SETTLE] exp=3622 gold=201745 len=393
2026-10-02 09:52:34.064 [SETTLE] exp=3300 gold=201745 len=393
2026-10-02 09:52:54.640 [SYS] 物品栏满
2026-10-02 09:52:54.738 [SETTLE] exp=2924 gold=201745 len=393
2026-10-02 09:53:18.554 [SETTLE] exp=2316 gold=201745 len=393
2026-10-02 09:53:51.941 [SYS] 物品栏满
2026-10-02 09:53:52.033 [SETTLE] exp=3666 gold=201745 len=393
2026-10-02 09:54:17.028 [SYS] 物品栏满
2026-10-02 09:54:17.028 [SETTLE] exp=1526 gold=201745 len=393
2026-10-02 09:54:17.129 [OP] 40E1 inv=FFED len=18 #4 a1ecfc0b6ffadb62ca80956458b26ffaf82b
2026-10-02 09:54:17.129 [OP] 40E0 inv=FED1 len=302 #5 418052fae34a1f805b64510ba522a32b1f805b6420b1dcfaa32b1f801e7f510bdcfaa32b2f035b64fc0bdcfa972b1f802564510b52faa32bad805b64fc0bdcfa932b1f80d764510b52faa32bc7805b64baecdcfab32b1f80fc64510be5faa32b93aa5b64580bdcfa202b1f800d64510b8ffaa32b1f805b64510bdcfaa32b1f805b64510bdcfaa32b1f805b64430bdcfaa32b1f805b64510bdcfaa32b1f805b64
2026-10-02 09:54:17.129 [OP] 40E3 inv=FFE7 len=24 #5 418052fafdde1f801264580be4fa232b6980c364970be6fa
2026-10-02 09:54:17.129 [OP] 40E2 inv=FFCF len=48 #5 4f0e392bf32d1b64370b6afaad2b348093640b0bb6fa462b4080c464dd0b6afa042bad808364fc0bdafa202bdb800d64
2026-10-02 09:54:17.156 [OUT] 0185 inv=FFF7 len=12 #5 f7ff8501dcfaa32bc8d97b81
2026-10-02 09:54:43.356 [SYS] 物品栏满
2026-10-02 09:54:43.453 [SETTLE] exp=3014 gold=201745 len=393
2026-10-02 09:55:16.494 [SYS] 物品栏满
2026-10-02 09:55:16.591 [SETTLE] exp=3998 gold=201745 len=393
2026-10-02 09:55:41.556 [SYS] 物品栏满
2026-10-02 09:55:41.660 [SETTLE] exp=3120 gold=201745 len=393
2026-10-02 09:55:41.660 [SYS] 获得了#00FF00#1#FFF692#个#64FF7D#碧玉葫芦
2026-10-02 09:55:41.660 [OP] 4020 inv=FFE7 len=24 #2 418052fa672bca8094cdfc0b91a7a32bca809564000b36fa
2026-10-02 09:55:58.866 [SYS] 物品栏满
2026-10-02 09:55:58.966 [SETTLE] exp=4044 gold=201745 len=393
2026-10-02 09:56:24.277 [SYS] 物品栏满
2026-10-02 09:56:24.373 [SETTLE] exp=2424 gold=201745 len=393
2026-10-02 09:56:54.420 [SYS] 物品栏满
2026-10-02 09:56:54.420 [SETTLE] exp=2620 gold=201745 len=393
2026-10-02 09:57:16.855 [SYS] 物品栏满
2026-10-02 09:57:16.956 [SETTLE] exp=2274 gold=201745 len=393
2026-10-02 09:57:44.139 [SETTLE] exp=3014 gold=201745 len=393
2026-10-02 09:58:09.088 [SYS] 物品栏满
2026-10-02 09:58:09.187 [SETTLE] exp=2576 gold=201745 len=393
2026-10-02 09:58:33.173 [SYS] 物品栏满
2026-10-02 09:58:33.268 [SETTLE] exp=1866 gold=201745 len=393
2026-10-02 09:59:04.476 [SETTLE] exp=4060 gold=201745 len=393
2026-10-02 09:59:23.766 [SETTLE] exp=2468 gold=201745 len=393
2026-10-02 09:59:44.790 [OP] 4031 inv=FFDC len=35 #1 455b615108dcfaa3531fe9022e98c810387599970e2d6451839fdd59c0c3e941876f0b
2026-10-02 09:59:52.497 [SYS] 物品栏满
2026-10-02 09:59:52.596 [SETTLE] exp=3684 gold=201745 len=393
2026-10-02 10:00:14.010 [SYS] 物品栏满
2026-10-02 10:00:14.110 [SETTLE] exp=3300 gold=201745 len=393
2026-10-02 10:00:35.562 [SETTLE] exp=3452 gold=201745 len=393
2026-10-02 10:00:57.737 [SETTLE] exp=2424 gold=201745 len=393
2026-10-02 10:01:17.121 [SYS] 物品栏满
2026-10-02 10:01:17.220 [SETTLE] exp=2968 gold=201745 len=393
2026-10-02 10:01:41.129 [SETTLE] exp=1524 gold=201745 len=393
2026-10-02 10:02:13.902 [SYS] 物品栏满
2026-10-02 10:02:13.903 [SETTLE] exp=3498 gold=201745 len=393
2026-10-02 10:02:44.734 [SYS] 物品栏满
2026-10-02 10:02:44.734 [SETTLE] exp=3120 gold=201745 len=393
2026-10-02 10:03:08.217 [SETTLE] exp=2482 gold=201745 len=393
2026-10-02 10:03:40.296 [SETTLE] exp=3604 gold=201745 len=393
2026-10-02 10:04:16.655 [SYS] 物品栏满
2026-10-02 10:04:16.760 [SETTLE] exp=4106 gold=201745 len=393
2026-10-02 10:04:52.864 [SYS] 物品栏满
2026-10-02 10:04:52.967 [SETTLE] exp=3784 gold=201745 len=393
2026-10-02 10:05:21.015 [SETTLE] exp=3120 gold=201745 len=393
2026-10-02 10:05:57.467 [SETTLE] exp=4044 gold=201745 len=393
2026-10-02 10:06:27.765 [SYS] 物品栏满
2026-10-02 10:06:27.862 [SETTLE] exp=3908 gold=201745 len=393
2026-10-02 10:07:02.341 [SETTLE] exp=3390 gold=201745 len=393
2026-10-02 10:07:22.964 [SETTLE] exp=1592 gold=201745 len=393
2026-10-02 10:07:50.934 [SYS] 物品栏满
2026-10-02 10:07:51.027 [SETTLE] exp=3184 gold=201745 len=393
2026-10-02 10:08:27.606 [SYS] 物品栏满
2026-10-02 10:08:27.715 [SETTLE] exp=4212 gold=201745 len=393
2026-10-02 10:08:53.224 [SETTLE] exp=2468 gold=201745 len=393
2026-10-02 10:09:01.360 [OP] 4612 inv=FFE7 len=24 #3 fd0bdcfaa63bad80becdfc0be90e392bb507c464408052fa
2026-10-02 10:09:26.702 [SYS] 物品栏满
2026-10-02 10:09:26.791 [SETTLE] exp=2246 gold=201745 len=393
2026-10-02 10:09:48.250 [SETTLE] exp=2360 gold=201745 len=393
2026-10-02 10:10:13.372 [SYS] 物品栏满
2026-10-02 10:10:13.466 [SETTLE] exp=1882 gold=201745 len=393
2026-10-02 10:10:28.713 [SYS] 物品栏满
2026-10-02 10:10:28.812 [SETTLE] exp=2350 gold=201745 len=393
2026-10-02 10:10:55.095 [SETTLE] exp=2728 gold=201745 len=393
2026-10-02 10:11:12.595 [SETTLE] exp=2536 gold=201745 len=403
2026-10-02 10:11:33.996 [SYS] 物品栏满
2026-10-02 10:11:34.102 [SETTLE] exp=2274 gold=201745 len=393
2026-10-02 10:11:36.160 [OP] 40A0 inv=FFBB len=68 #2 a1ecfc0b6ffa392b69605b6439ecdcfadb4ac3548a70b10543bbea0232805b64510bdcfaa32b1f805b64510bdcfaa32b1f805b64510bdcfaa32b1f8007dff1fd59c49a7c
2026-10-02 10:12:06.764 [SETTLE] exp=2128 gold=201745 len=403
2026-10-02 10:12:27.437 [SYS] 物品栏满
2026-10-02 10:12:27.537 [SETTLE] exp=1360 gold=201745 len=393
2026-10-02 10:12:53.688 [SETTLE] exp=1360 gold=201745 len=403
2026-10-02 10:13:15.623 [SETTLE] exp=620 gold=201745 len=393
2026-10-02 10:13:46.903 [SETTLE] exp=968 gold=201745 len=403
2026-10-02 10:13:54.300 [OP] 40A0 inv=FFBB len=68 #3 a1ecfc0b6ffafd2b5a605b6439ecdcfadb4ac3548a70b10568bbea0232805b64510bdcfaa32b1f805b64510bdcfaa32b1f805b64510bdcfaa32b1f8007df8a3d59c4dfee
2026-10-02 10:14:08.056 [SETTLE] exp=966 gold=201745 len=393
2026-10-02 10:14:30.773 [SETTLE] exp=862 gold=201745 len=403
2026-10-02 10:15:00.761 [SETTLE] exp=862 gold=201745 len=393
2026-10-02 10:15:04.866 [SYS] #ff0000#您已进入野外区域，可能遭遇玩家间的自由对战，请注意安全！#ffffff#
2026-10-02 10:15:04.962 [OP] 4202 inv=FFEF len=16 #1 d5ecdcfab42b1f806adf510be4c4a32b
2026-10-02 10:15:04.962 [OP] 4232 inv=FF60 len=159 #1 7a23d0dce0a32b1f4f5b645127dcfaa3de1f805b6f510bdc1c462b1f805b64510bdcfaa32b1f805b64510bdcfaa32b1f805b64510bdcfaa39aad805b64510bdccbf82b1f805b64514852faa32b1f805b5b580bdcfaa32b1fde7a64510bdcfaa359ca805ba0510bdc25a32b1fef5b6451c4dcfaa36959805bc2510bdc85a32b1fc45b64510bdcfaa32cd672eca2d661e2b05b931f805b64510bdcfaa32b1f80
2026-10-02 10:15:04.963 [OP] 4232 inv=FF60 len=159 #2 7a23d0dcaea32b1f8c5b6451b2dcfaa3061f805b08510bdccd202b1f805b64510bdcfaa32b1f805b64510bdcfaa32b1f805b64510bdcfaa3721f805b64510bdc5fa32b1f805b64517bdcfaa32b1f805b2f510bdcfaa32b1f8d7a64510bdcfaa35d1f805ba9510bdc5ba32b1fef5b6451c4dcfaa3b71f805bd9510bdc25a32b1f8c5b64510bdcfaa32cd672eca2d661e2b05b531f805bdf510bdcfaa32b1f80
2026-10-02 10:15:04.963 [OP] 401B inv=FEB3 len=332 #2 4d5dad800d64510b17faa32b7207c464530bdcfa972b1f80afc6510bdcfaa32be4c65b64510bdcfae6531f805b64510bffe8a32b1f805b64bc595ab12b219f805b64510bdcfaa32b1fc75b6412b252fada2b1f802964510bac9fa32b1f805b6437fddcfaa32b1f809adf510bdcfaa32be0c75b64510bdcfa16876c842d437f0bdcfaa32b1f805b6451b122c14d5dad800a64510b31faa32b90125b64510bdcfa
2026-10-02 10:15:05.069 [OP] 4055 inv=FFF7 len=8 #3 a1ecfc0bdcfaa32b
2026-10-02 10:15:05.070 [OP] 40A0 inv=FF07 len=248 #4 a1ecfc0b8b0e392b5e605b6439ecdcfadb4ac3548a70b105cd97600e1f805b64510bdcfaa32b1f805b64510bdcfaa32b1f805b64510bdcfaa32b1f8030dfced078c4b1deef125b64e07fdcfadb4ae4f1245d510bdcfaa32b1f805b64510bdcfaa32b1f805b64510bdcfaa32b1f805b64510bdcfaa32b1f806bf84bd0a7e8fcde6fce5b64a9d0dcfadb4a402fed6d510bdcfaa32b1f805b64510bdcfaa32b1f80
2026-10-02 10:18:41.485 [OP] 4031 inv=FFE3 len=28 #2 392b2d805b64510b6ffa512b1f68fa06e2c87424c1770e68fa06e20b
2026-10-02 10:26:53.409 [OP] 4031 inv=FF64 len=155 #3 935b6151d0dcfaa3531fa4db8c740acb57e554e2a4021f2ef368a2346786b098f990b978b8349a6671ffd856b3d3a234670b1cedde6c3876a2348282d36de074a4b1ef1075e8f26f270094b8b8128eac5daf0572a3965034679694f3b3e1a6b6ccc29b40f32cce4d87f0775131a2b1f389f9140fb35120bb4c848980ef6e165119aeeb837bc06919740e23d0e4346451e49cfc58f33ee554cab00b
2026-10-02 10:28:21.362 [SYS] #ff0000#您已进入野外区域，可能遭遇玩家间的自由对战，请注意安全！#ffffff#
2026-10-02 10:28:21.415 [OP] 4232 inv=FF60 len=159 #3 7a23d0dce0a32b1f4f5b645127dcfaa3de1f805b6f510bdc1c462b1f805b64510bdcfaa32b1f805b64510bdcfaa32b1f805b64510bdcfaa39aad805b64510bdccbf82b1f805b64514852faa32b1f805b5b580bdcfaa32b1fde7a64510bdcfaa359ca805ba0510bdc25a32b1fef5b6451c4dcfaa36959805bc2510bdc85a32b1fc45b64510bdcfaa32cd672eca2d661e2b05b931f805b64510bdcfaa32b1f80
2026-10-02 10:28:21.416 [OP] 4232 inv=FF60 len=159 #4 7a23d0dcaea32b1f8c5b6451b2dcfaa3061f805b08510bdccd202b1f805b64510bdcfaa32b1f805b64510bdcfaa32b1f805b64510bdcfaa3721f805b64510bdc5fa32b1f805b64517bdcfaa32b1f805b2f510bdcfaa32b1f8d7a64510bdcfaa35d1f805ba9510bdc5ba32b1fef5b6451c4dcfaa3b71f805bd9510bdc25a32b1f8c5b64510bdcfaa32cd672eca2d661e2b05b531f805bdf510bdcfaa32b1f80
2026-10-02 10:28:21.416 [OP] 401B inv=FEB3 len=332 #3 4d5dad800d64510b17faa32b7207c464530bdcfa972b1f80afc6510bdcfaa32be4c65b64510bdcfae6531f805b64510bffe8a32b1f805b64bc595ab12b219f805b64510bdcfaa32b1faa5b6412b252fada2b1f802964510bac9fa32b1f805b6437fddcfaa32b1f809adf510bdcfaa32be0c75b64510bdcfa16876c842d437f0bdcfaa32b1f805b64510bdcfa4d5dad800a64510b31faa32b90125b64510bdcfa
2026-10-02 10:28:21.416 [OP] 4202 inv=FFEF len=16 #2 feecdcfab42b1f8056df510bc3c4a32b
2026-10-02 10:28:21.416 [OP] 4055 inv=FFF7 len=8 #4 a1ecfc0bdcfaa32b
2026-10-02 10:28:21.416 [OP] 40A0 inv=FF7F len=128 #5 a1ecfc0b900e392b4f125b644f0bdcfadb4a86550b70510bdcfaa32b1f805b64510bdcfaa32b1f805b64510bdcfaa32b1f805b64510bdcfaa32b1f8039f80dd0d9e8f0deb1605b6439ecdcfadb4ac3548a70b10568bbea0232805b64510bdcfaa32b1f805b64510bdcfaa32b1f805b64510bdcfaa32b1f802edfe0ec0fc46453
2026-10-02 10:28:49.124 [SETTLE] exp=1 gold=201745 len=403
2026-10-02 10:29:08.153 [SETTLE] exp=2 gold=201745 len=403
2026-10-02 10:29:28.749 [SETTLE] exp=2 gold=201745 len=393
2026-10-02 10:29:49.650 [SETTLE] exp=1 gold=201745 len=403
2026-10-02 10:30:13.595 [SETTLE] exp=2 gold=201745 len=393
2026-10-02 10:30:13.702 [OP] 40E1 inv=FFED len=18 #5 a1ecfc0b6ffadb62ca80956458b26ffaf82b
2026-10-02 10:30:32.893 [SETTLE] exp=2 gold=201745 len=393
2026-10-02 10:30:52.987 [SETTLE] exp=2 gold=201745 len=393
2026-10-02 10:30:56.090 [SYS] #ff0000#您已进入野外区域，可能遭遇玩家间的自由对战，请注意安全！#ffffff#
2026-10-02 10:30:56.183 [OP] 4232 inv=FF60 len=159 #5 7a23d0dce0a32b1f4f5b645127dcfaa3de1f805b6f510bdc1c462b1f805b64510bdcfaa32b1f805b64510bdcfaa32b1f805b64510bdcfaa39aad805b64510bdccbf82b1f805b64514852faa32b1f805b5b580bdcfaa32b1fde7a64510bdcfaa359ca805ba0510bdc25a32b1fef5b6451c4dcfaa36959805bc2510bdc85a32b1fc45b64510bdcfaa32cd672eca2d661e2b05b931f805b64510bdcfaa32b1f80
2026-10-02 10:30:56.184 [OP] 4202 inv=FFEF len=16 #3 95ecdcfab42b1f8072df510be4c4a32b
2026-10-02 10:30:56.184 [OP] 4055 inv=FFF7 len=8 #5 a1ecfc0bdcfaa32b
2026-10-02 10:30:56.184 [OP] 401B inv=FEB3 len=332 #4 4d5dad800d64510b17faa32b7207c464530bdcfa972b1f80afc6510bdcfaa32be4c65b64510bdcfae9931f805b64510bffe8a32b1f805b64bc595ab12b219f805b64510bdcfaa32b1fc75b6412b252fada2b1f802964510bac9fa32b1f805b6437fddcfaa32b1f80e664510bdcfaa32be0c75b64510bdcfa16876c842d437f0bdcfaa32b1f805b6451b1c9eb4d5dad800a64510b31faa32b90125b64510bdcfa
2026-10-02 10:32:40.302 [SYS] #ff0000#您已进入野外区域，可能遭遇玩家间的自由对战，请注意安全！#ffffff#
2026-10-02 10:32:40.399 [OP] 4202 inv=FFEF len=16 #4 feecdcfab42b1f80d07f510b2625a32b
2026-10-02 10:32:40.400 [OP] 401B inv=FEB3 len=332 #5 4d5dad800d64510b17faa32b7207c464530bdcfa972b1f80afc6510bdcfaa32be4c65b64510bdcfae9931f805b64510bffe8a32b1f805b64bc595ab12b219f805b64510bdcfaa32b1faa5b6412b252fada2b1f802964510bac9fa32b1f805b6437fddcfaa32b1f80e664510bdcfaa32be0c75b64510bdcfa16876c842d437f0bdcfaa32b1f805b64510bdce84d5dad800a64510b31faa32b90125b64510bdcfa
2026-10-02 10:33:04.039 [SETTLE] exp=2 gold=201745 len=393
2026-10-02 10:33:20.137 [SETTLE] exp=2 gold=201745 len=393
2026-10-02 10:33:37.660 [SETTLE] exp=2 gold=201745 len=403
2026-10-02 10:33:58.928 [SETTLE] exp=2 gold=201745 len=403
2026-10-02 10:34:18.474 [SYS] 物品栏满
2026-10-02 10:34:18.589 [SETTLE] exp=2 gold=201745 len=393
2026-10-02 10:34:35.708 [SETTLE] exp=2 gold=201745 len=393
2026-10-02 10:34:50.953 [SETTLE] exp=1 gold=201745 len=393
2026-10-02 10:35:13.864 [SYS] 物品栏满
2026-10-02 10:35:13.976 [SETTLE] exp=2 gold=201745 len=393
2026-10-02 10:35:35.369 [SETTLE] exp=1 gold=201745 len=393
2026-10-02 10:35:49.397 [SETTLE] exp=1 gold=201745 len=393
2026-10-02 10:36:12.697 [SETTLE] exp=2 gold=201745 len=393
2026-10-02 10:36:30.202 [SYS] 物品栏满
2026-10-02 10:36:30.306 [SETTLE] exp=1 gold=201745 len=393
2026-10-02 10:36:50.361 [SETTLE] exp=2 gold=201745 len=393
2026-10-02 10:36:54.467 [SYS] #ff0000#您已进入野外区域，可能遭遇玩家间的自由对战，请注意安全！#ffffff#
2026-10-02 10:36:54.540 [OP] 4202 inv=FFEF len=16 #5 b7ecdcfa572b1f80387f510b80c4a32b
2026-10-02 10:36:57.898 [OUT] 009C inv=FFFB len=8 #1 fbff9c00dcfaa32b
2026-10-02 10:36:57.981 [OP] 42E5 inv=FFE5 len=26 #1 0edf510b155a4e78ca805b64510bdcfaa32b1f805b64510bdcfa
2026-10-02 10:37:09.759 [SYS] #FFF692#交纳传送费用#00CCFF#690#FFF692#金币！
2026-10-02 10:37:10.068 [CURRENCY] a=201745 b=313019
2026-10-02 10:37:10.614 [OUT] 009C inv=FFFB len=8 #2 fbff9c00dcfaa32b
2026-10-02 10:37:10.616 [OUT] 009C inv=FFFB len=8 #3 fbff9c00dcfaa32b
2026-10-02 10:37:10.622 [OUT] 009C inv=FFFB len=8 #4 fbff9c00dcfaa32b
2026-10-02 10:37:10.626 [OUT] 009C inv=FFFB len=8 #5 fbff9c00dcfaa32b
2026-10-02 10:37:11.075 [OP] 42E5 inv=FFE5 len=26 #2 7a64510b20faa32bca0c3cc8065c59cc859a0d869887050bdcfa
2026-10-02 10:37:11.075 [OP] 42E5 inv=FFE5 len=26 #3 7a64510b20faa32bca0c3cc8065c59cc859a0d869887050bdcfa
2026-10-02 10:37:11.075 [OP] 42E5 inv=FFE5 len=26 #4 7a64510b20faa32bca0c3cc8065c59cc859a0d869887050bdcfa
2026-10-02 10:37:11.075 [OP] 42E5 inv=FFE5 len=26 #5 7a64510b20faa32bca0c3cc8065c59cc859a0d869887050bdcfa
2026-10-02 10:37:11.078 [OUT] 0135 inv=FFF7 len=12 #1 f7ff3501dcfaa32b5e805b64
2026-10-02 10:37:11.178 [OP] 42A7 inv=FEE6 len=281 #1 e77a7f5133dcfaa30062832e058960677f329cdb9ec3538975ceec388294473d4c8260db9048cd942cc35c18755f8f4841572cc35ce656491792383c90db81a552159d31b04f615f1652cb155a4e470b8fdb81a5cb210cf6fe65d97bdd8352155aeb410bd9325382875f5a4e47d88f7e86e675155ab82442836addf65315251ce2c88f6a3cf475f477236f65796a5c8375495b596f5d793b2b526ae0252924c8
2026-10-02 10:37:17.721 [SYS] #FFF692#交纳传送费用#00CCFF#1370#FFF692#金币！
2026-10-02 10:37:17.817 [CURRENCY] a=201745 b=312339
2026-10-02 10:37:23.930 [SYS] #FFF692#交纳传送费用#00CCFF#1810#FFF692#金币！
2026-10-02 10:37:24.036 [SYS] #ff0000#您已进入野外区域，可能遭遇玩家间的自由对战，请注意安全！#ffffff#
2026-10-02 10:37:24.036 [CURRENCY] a=201745 b=311899
2026-10-02 10:37:28.837 [OP] 40A1 inv=FFEB len=20 #1 510bdcfab65d1f809464510b1af4e1de09ef2126
2026-10-02 10:37:37.010 [OUT] 0135 inv=FFF7 len=12 #2 f7ff3501dcfaa32ba8805b64
2026-10-02 10:37:37.109 [OP] 42A7 inv=FEE6 len=281 #2 e77a7f5181dcfaa361b527e02ed740b6646c61b527e02ed740b6c9c1c15f9afa0ee2ccc000c161b527fa5d8cd6fcc93ad2a2d0fac0d50bb6649bbf2cb677218c8fd585c112a213e02ed5a312ff44ad2abfd2f0c675dc006c6171d0c53ec70fb3e667d1a8bf0b5dd7403819d1562ca67ef3faaa32789bd2b5275bc06d62bc213afeb98277178cd6b664a32457314e131fe307213a56017de02e518c588244d1b7
2026-10-02 10:37:37.403 [OP] 40A1 inv=FFEB len=20 #2 510bdcfab65d1f809464510be7aeb64a7d12337f
2026-10-02 10:37:41.117 [OP] 40A1 inv=FFEB len=20 #3 510bdcfab65d1f809464510bd2f4dcde3cef6426
2026-10-02 10:37:44.786 [OP] 40A1 inv=FFEB len=20 #4 510bdcfab65d1f809464510bfaae404a8d12b37f
2026-10-02 10:37:48.941 [OP] 40A1 inv=FFEB len=20 #5 510bdcfab65d1f809464510b47f462ded712987f
2026-10-02 10:37:49.876 [SYS] 物品栏满
2026-10-02 10:37:49.971 [SETTLE] exp=2536 gold=201745 len=393
2026-10-02 10:37:51.442 [SYS] #ff0000#您已进入野外区域，可能遭遇玩家间的自由对战，请注意安全！#ffffff#
2026-10-02 10:38:22.237 [SETTLE] exp=5930 gold=201745 len=393
2026-10-02 10:39:07.034 [SETTLE] exp=5990 gold=201745 len=393
2026-10-02 10:39:44.907 [SETTLE] exp=6048 gold=201745 len=393
2026-10-02 10:39:45.015 [SYS] 物品栏已满！
2026-10-02 10:40:18.051 [SETTLE] exp=7922 gold=201745 len=393
2026-10-02 10:40:43.772 [OP] 46E0 inv=FDF7 len=520 #1 a1ecfc0b6ffaa32b5207c4640e0bdcfae2121f8097c0510bec74462bd62f8823f27ba17ccd13364f66b22b0bdcfae02b8e5f0d64a40bfdc44d2b49b7f8559080e2c17513aa9bb4fedea391fad1972080d064e6f8322fe65d1f802a642d0b8b5b4f3920806b6fc5d0dc08a32bb9afa5260e0bdcfa7a4140120b472b0b6e10e02b3054a161a4f83dfae2186b12a95550b136fab7280d2ba5261d4ad49995a86d80
2026-10-02 10:40:43.887 [SETTLE] exp=7860 gold=201745 len=393
2026-10-02 10:41:14.545 [SETTLE] exp=7860 gold=201745 len=393
2026-10-02 10:41:14.645 [SYS] 物品栏已满！
2026-10-02 10:41:43.176 [SYS] 物品栏满
2026-10-02 10:41:43.284 [SETTLE] exp=6300 gold=201745 len=393
2026-10-02 10:42:12.914 [SETTLE] exp=6428 gold=201745 len=393
2026-10-02 10:42:44.031 [SYS] 物品栏满
2026-10-02 10:42:44.126 [SETTLE] exp=8180 gold=201745 len=393
2026-10-02 10:42:56.051 [OP] 4114 inv=FFEF len=16 #1 e787c4647b98dcfa5fff1f806b64510b
2026-10-02 10:42:56.051 [OP] 4114 inv=FFEF len=16 #2 e787c4647b98dcfa2aad1f8027f8510b
2026-10-02 10:44:09.988 [SETTLE] exp=6368 gold=201745 len=393
2026-10-02 10:44:10.093 [OP] 4707 inv=FFF3 len=12 #1 4d5dad8057ecfc0b17faa32b
2026-10-02 10:44:10.197 [OP] 4612 inv=FFF7 len=8 #4 ca805b647b8052fa
2026-10-02 10:45:14.040 [SETTLE] exp=6368 gold=201745 len=393
2026-10-02 10:45:22.470 [QUESTION] {"type":"question","sock":1816,"qno":10,"field_a":77,"stem":"蚯蚓适合生活在什么样的环境里？","options":["1、太空里","2、天空里","3、水里","4、阴暗潮湿"]}
2026-10-02 10:45:23.481 [UI] auto dump on question qno=10
2026-10-02 10:45:23.481 [UI] ---- window dump begin (pid 36220) ----
2026-10-02 10:45:23.516 [UI] TOP=0008062E vis=1 cls=QBOvCls rc=(1223,595,1583,691) title=
2026-10-02 10:45:23.573 [UI] TOP=000E0354 vis=1 cls=ATL:012FF210 rc=(883,228,1923,1035) title=什么什么大冒险2(①逍遥村敬老院)-自由三号_Sep 24 2026《什么什么大冒险》制作委员会QQ群:515616289
2026-10-02 10:45:23.593 [UI] TOP=002105DE vis=0 cls=DIEmWin rc=(-1,-1,135,38) title=DIEmWin
2026-10-02 10:45:23.971 [UI] TOP=0006063C vis=0 cls=IME rc=(0,0,0,0) title=Default IME
2026-10-02 10:45:23.980 [UI] TOP=002A0076 vis=0 cls=MSCTFIME UI rc=(0,0,0,0) title=MSCTFIME UI
2026-10-02 10:45:24.001 [UI] TOP=006D0AD4 vis=0 cls=IME rc=(0,0,0,0) title=Default IME
2026-10-02 10:45:24.001 [UI] TOP=001003D8 vis=0 cls=IME rc=(0,0,0,0) title=Default IME
2026-10-02 10:45:24.001 [UI] ---- window dump end ----
2026-10-02 10:45:26.022 [SEND-ANSWER] qno=10 opt=3 ret=13 sock=1816
2026-10-02 10:45:26.076 [SYS] 测试通过！
2026-10-02 10:45:26.173 [SYS] 获得了#00FF00#100#FFF692#金币
2026-10-02 10:45:26.173 [CURRENCY] a=201745 b=313809
2026-10-02 10:45:27.829 [UI] auto-closing quiz frame: qno=10 opt=3
2026-10-02 10:45:28.055 [UI] option 3 control NOT found — falling back to digit key
2026-10-02 10:45:43.822 [SYS] 物品栏满
2026-10-02 10:45:43.921 [SETTLE] exp=4826 gold=201745 len=393
2026-10-02 10:46:16.034 [SYS] 物品栏满
2026-10-02 10:46:16.126 [SETTLE] exp=4892 gold=201745 len=393
2026-10-02 10:46:36.756 [OP] 4114 inv=FFEF len=16 #3 e787c4647b98dcfa98ff1f806b64510b
2026-10-02 10:46:36.756 [OP] 4114 inv=FFEF len=16 #4 e787c4647b98dcfa60ad1f80ba64510b
2026-10-02 10:46:52.342 [OP] 4114 inv=FFEF len=16 #5 e787c4647b98dcfaf3ef1f802764510b
2026-10-02 10:46:58.625 [SETTLE] exp=4958 gold=201745 len=393
2026-10-02 10:47:45.630 [SETTLE] exp=6502 gold=201745 len=393
2026-10-02 10:48:19.868 [SETTLE] exp=6502 gold=201745 len=393
2026-10-02 10:48:51.446 [SYS] 物品栏满
2026-10-02 10:48:51.542 [SETTLE] exp=6436 gold=201745 len=393
2026-10-02 10:49:29.015 [SYS] 物品栏满
2026-10-02 10:49:29.110 [SETTLE] exp=6436 gold=201745 len=393
2026-10-02 10:51:19.888 [SETTLE] exp=5296 gold=201745 len=393
2026-10-02 10:51:19.980 [OP] 4707 inv=FFF3 len=12 #2 4d5dad80baecfc0b17faa32b
2026-10-02 10:51:19.980 [OP] 4612 inv=FFF7 len=8 #5 ca805b64fb8052fa
2026-10-02 10:51:20.988 [OP] 4018 inv=FFF0 len=15 #1 e77a7f51af3e22a33da56b946451d0
2026-10-02 10:51:52.061 [SETTLE] exp=3544 gold=201745 len=393
2026-10-02 10:52:20.847 [SETTLE] exp=3506 gold=201745 len=393
2026-10-02 10:53:08.599 [SYS] 物品栏满
2026-10-02 10:53:08.693 [SETTLE] exp=3544 gold=201745 len=393
2026-10-02 10:53:40.762 [SETTLE] exp=5388 gold=201745 len=393
2026-10-02 10:54:16.470 [SETTLE] exp=5388 gold=201745 len=393
2026-10-02 10:54:49.866 [SYS] 物品栏满
2026-10-02 10:54:49.965 [SETTLE] exp=3506 gold=201745 len=393
2026-10-02 10:55:18.366 [SETTLE] exp=3506 gold=201745 len=393
2026-10-02 10:55:43.485 [SYS] 物品栏满
2026-10-02 10:55:43.577 [SETTLE] exp=3576 gold=201745 len=393
2026-10-02 10:56:15.355 [OP] 46E0 inv=FDF7 len=520 #2 a1ecfc0b6ffaa32b7207c464580bdcfa02121f805b64510bdcfaa32b2f94946f6968d9fa4016d5a0ad1d0ec4598a084a00526fdf8a68d9fa3db5e3801c64510bfbd0bd321f8048648a68d9fa3518c112ae1b57ec5ee8a32b9d805b646968d9faa32b1f8011b3edb119d95653c09122a9801099f41b3b1f80036f45ec2d88084a989a31df00594cf47687c11286232b5f5e3bfe931f805b64625a79e8a987c112
2026-10-02 10:56:15.456 [SETTLE] exp=5296 gold=201745 len=393
2026-10-02 10:56:42.065 [SETTLE] exp=3506 gold=201745 len=393
2026-10-02 10:57:05.995 [OUT] 1F04 inv=FFF6 len=13 #2 f6ff041fce1f805bcd510bdcc4
2026-10-02 10:57:14.845 [SYS] 物品栏满
2026-10-02 10:57:14.949 [SETTLE] exp=3544 gold=201745 len=393
2026-10-02 10:57:49.869 [SYS] 物品栏满
2026-10-02 10:57:49.961 [SETTLE] exp=5316 gold=201745 len=393
2026-10-02 10:58:24.978 [SETTLE] exp=3544 gold=201745 len=393
2026-10-02 10:58:54.499 [SYS] 物品栏满
2026-10-02 10:58:54.506 [SETTLE] exp=5296 gold=201745 len=393
2026-10-02 10:59:31.507 [SETTLE] exp=5460 gold=201745 len=393
2026-10-02 11:00:03.362 [SETTLE] exp=5532 gold=201745 len=393
2026-10-02 11:00:42.055 [SYS] 物品栏满
2026-10-02 11:00:42.136 [SETTLE] exp=3506 gold=201745 len=393
2026-10-02 11:01:13.024 [OP] 46E0 inv=FDF7 len=520 #3 a1ecfc0b6ffaa32b7207c464580bdcfa52c41f80b038c6158ffaa32bd62f88230acb2cc076ce7c8c66b22b0bdcfae02b1f802a64510bdcfaa32b1f805b64510bdcfae02b1f805b64510b09facd913b79c764f8ec244e392bad805226510bdcfaa32b20805b64510bdcfae02b0fa9c86f310b3efa014234805764ceecdcfaa32b1f802a64510bdcfaa32b2080f33b24c490fa212b49ee4064560bb3e8a32b1f80
2026-10-02 11:01:13.119 [SETTLE] exp=3506 gold=201745 len=393
2026-10-02 11:01:47.611 [SETTLE] exp=3616 gold=201745 len=393
2026-10-02 11:02:16.068 [SYS] 物品栏满
2026-10-02 11:02:16.160 [SETTLE] exp=5316 gold=201745 len=393
2026-10-02 11:02:47.303 [SETTLE] exp=3544 gold=201745 len=393
2026-10-02 11:03:29.859 [SETTLE] exp=0 gold=201745 len=393
2026-10-02 11:03:29.898 [OP] 4707 inv=FFF3 len=12 #3 4d5dad80a1ecfc0b17faa32b
2026-10-02 11:03:29.898 [SYS] #FFF000#您使用了幸运丸，经验没有被扣除。
2026-10-02 11:03:30.430 [OUT] 0135 inv=FFF7 len=12 #3 f7ff3501dcfaa32b82805b64
2026-10-02 11:03:30.446 [OUT] 0135 inv=FFF7 len=12 #4 f7ff3501dcfaa32b08805b64
2026-10-02 11:03:30.454 [OUT] 0135 inv=FFF7 len=12 #5 f7ff3501dcfaa32ba0805b64
2026-10-02 11:03:30.491 [OP] 42A7 inv=FEE6 len=281 #3 e77a7f5183dcfaa31831d3c20133340c33509e31d3c2019ff0dcfaa32b1f805b64510bdcfaa32b31d35bfc510bdcfaa32b1f805b649f0befa9a31827805bfc510b39faa3182780c2015119398aa3e9887e3e649f1939fa8b311f2b3efb5164cd641012272b3e643334dcfc1018887eacfb9f19b6fc102b72c15bfc9f85cd8a0461272bacfb9f0b0c33a3e9272bacfb9f1939fc0418278063ca516439fa046127
2026-10-02 11:03:30.595 [OP] 42A7 inv=FEE6 len=281 #4 e77a7f5118dcfaa31831d3c20133340c33509e31d3c2019ff0dcfaa32b1f805b64510bdcfaa32b31d35b64510bdcfaa32b1f805b64510befa9102b1f803efc510bcd8aa32b1f2bc2015119dcfa10e91f80acfb510b39fa8b311f80ac642564398a04181f7e5b643334dcfaa3e9882bacfc9f1939faa32b72c15bfb9f0bcd8a0418272b5bfb9f0b0c33a318272b5b649f19dcfa0418278063ca5164cd8a041827
2026-10-02 11:03:30.595 [OP] 42A7 inv=FEE6 len=281 #5 e77a7f518adcfaa31831d3c20133340c33509e31d3c2019ff0dcfaa32b1f805b64510bdcfaa32b31d35b64510bcd8a0418272b5b64510befa9a32b1f7eacfb9f64cd8a042b1f80c201510b398a0418407eacfb9f64dcfa8b311f7e3e645164398aa32b272b3e643334dc8aa32b1f803e64510bdcfc102b72c15bfb510bdcfa102b1f805bfc9f0b0c33a3181f805bfc2564dcfaa3e9278063ca5119dcfa041827
2026-10-02 11:04:14.709 [QUESTION] {"type":"question","sock":1816,"qno":18,"field_a":79,"stem":"以下属于我国珍惜保护动物的是？","options":["1、火麒麟","2、藏羚羊","3、猩猩队长","4、霸天虎"]}
2026-10-02 11:04:15.715 [UI] auto dump on question qno=18
2026-10-02 11:04:15.715 [UI] ---- window dump begin (pid 36220) ----
2026-10-02 11:04:15.788 [UI] TOP=0008062E vis=1 cls=QBOvCls rc=(1223,595,1583,691) title=
2026-10-02 11:04:15.792 [UI] TOP=000E0354 vis=1 cls=ATL:012FF210 rc=(883,228,1923,1035) title=什么什么大冒险2(①逍遥村敬老院)-自由三号_Sep 24 2026《什么什么大冒险》制作委员会QQ群:515616289
2026-10-02 11:04:15.792 [UI] TOP=002105DE vis=0 cls=DIEmWin rc=(-1,-1,135,38) title=DIEmWin
2026-10-02 11:04:15.976 [SEND-ANSWER] qno=18 opt=1 ret=13 sock=1816
2026-10-02 11:04:16.033 [SYS] 测试通过！
2026-10-02 11:04:16.123 [SYS] 获得了#00FF00#100#FFF692#金币
2026-10-02 11:04:16.123 [CURRENCY] a=201745 b=313909
2026-10-02 11:04:16.197 [UI] TOP=0006063C vis=0 cls=IME rc=(0,0,0,0) title=Default IME
2026-10-02 11:04:16.207 [UI] TOP=002A0076 vis=0 cls=MSCTFIME UI rc=(0,0,0,0) title=MSCTFIME UI
2026-10-02 11:04:16.229 [UI] TOP=006D0AD4 vis=0 cls=IME rc=(0,0,0,0) title=Default IME
2026-10-02 11:04:16.229 [UI] TOP=001003D8 vis=0 cls=IME rc=(0,0,0,0) title=Default IME
2026-10-02 11:04:16.229 [UI] ---- window dump end ----
2026-10-02 11:04:17.786 [UI] auto-closing quiz frame: qno=18 opt=1
2026-10-02 11:04:17.848 [UI] option 1 control NOT found — falling back to digit key
2026-10-02 11:08:03.756 [OP] 43F1 inv=FFFA len=5 #3 5c9e931faa
2026-10-02 11:08:27.819 [OP] 43F1 inv=FFFA len=5 #4 5c9e931fc7
2026-10-02 11:09:34.434 [OP] 43F1 inv=FFFA len=5 #5 5c9e931faa
2026-10-02 11:11:58.208 [OP] 4708 inv=FFF3 len=12 #1 9c520e0bf890db2b0f805b64
2026-10-02 11:20:40.941 [OP] 40A2 inv=FFF3 len=12 #1 dcfaa32bca805b64d37fdcfa
2026-10-02 11:20:59.787 [OP] 40A2 inv=FFF3 len=12 #2 dcfaa32bca805b64d37fdcfa
2026-10-02 11:21:45.526 [OP] 40A2 inv=FFF3 len=12 #3 dcfaa32bca805b64d37fdcfa
2026-10-02 11:21:49.074 [OP] 4031 inv=FFE0 len=31 #4 44dc5ba32b1f805bdf51ae67a99e36a7cb0f1355938cfaa39d7ff324cef60b
2026-10-02 11:23:46.607 [OP] 4708 inv=FFF3 len=12 #2 4f870e0b28acdb2b2f805b64
2026-10-02 11:40:34.846 [OP] 401E inv=FFAD len=82 #1 4d5dad806c160e0b52faa32b1f805b64040cdcfa4e78c8d98955510b6908a32bc8d97b81a552155a66c71f805f82510b810fa32bc8d97b81a552155a4e78c8d97b81a552dcfab72b1f805b64510bdcfaa32b
2026-10-02 11:40:46.308 [OP] 401E inv=FFAD len=82 #2 4d5dad806c160e0b52faa32b1f805b64040cdcfa6e601f808955510b6908a32bc8d97b81a552155a66c71f805f82510b810fa32bc8d97b81a552155a4e78c8d97b81a552dcfab72b1f805b64510bdcfaa32b
2026-10-02 11:40:46.965 [OP] 401E inv=FFAD len=82 #3 4d5dad806c160e0b52faa32b1f805b64040cdcfa6e601f808955510b6908a32bc8d97b81f2b3dcfa66c71f805f82510b810fa32bc8d97b81a552155a4e78c8d97b81a552dcfab72b1f805b64510bdcfaa32b
2026-10-02 11:40:59.907 [OUT] 1F04 inv=FFF6 len=13 #3 f6ff041fce1f805bbe510bdce8
2026-10-02 11:41:00.038 [OUT] 0022 inv=FFF5 len=14 #1 f5ff22009562c0fd52c41dfd4e09
2026-10-02 11:41:00.205 [OP] 4610 inv=FFFE len=1 #1 e9
2026-10-02 11:41:01.041 [OUT] 0022 inv=FFF5 len=14 #2 f5ff22009562c0fd52c46909d91e
2026-10-02 11:41:01.104 [OP] 4610 inv=FFFE len=1 #2 bc
2026-10-02 11:41:02.042 [OUT] 0022 inv=FFF5 len=14 #3 f5ff22009562c0fd6fc41daad91e
2026-10-02 11:41:02.107 [OP] 4610 inv=FFFE len=1 #3 fe
2026-10-02 11:44:33.594 [OV] overlay OFF
2026-10-02 11:53:35.818 [OP] 4031 inv=FF64 len=155 #5 935b6151d0dcfaa3531fa4db8c740acb57e554e2a4021f2ef368a2346786b098f990b978b8349a6671ffd856b3d3a234670b1cedde6c3876a2348282d36de074a4b1ef1075e8f26f270094b8b8128eac5daf0572a3965034679694f3b3e1a6b6ccc29b40f32cce4d87f0775131a2b1f389f9140fb35120bb4c848980ef6e165119aeeb837bc06919740e23d0e4346451e49cfc58f33ee554cab00b
2026-10-02 12:00:00.525 [SYS] 许愿池里多了一批新礼物，赶紧来许愿吧~
2026-10-02 12:08:05.169 [OP] 4018 inv=FFF0 len=15 #2 e77a7f51bd3e22a36b2d17c36451ec
2026-10-02 12:08:05.169 [OP] 4018 inv=FFF0 len=15 #3 e77a7f51393e22a36b2d17c36451ec
2026-10-02 12:25:20.339 [OP] 40EB inv=FFE7 len=24 #1 4f0e392b526f9464090bdcc6a32b1f809564510b0dc0a32b
2026-10-02 12:36:26.995 [OP] 401E inv=FFAD len=82 #4 4d5dad80f7850e0b52faa32b1f805b6466a2a2fa4e78c8d9e8a2820b70ad582b42ff5b6438b3dcfa7cff0e80f3d63e0b72baa32bc8d97b81a552155a4e78c8d9dd82fc0bdcfaa32b1f805b64510bdcfaa32b
2026-10-02 12:54:09.579 [OP] 4708 inv=FFF3 len=12 #3 561f0e0b0669db2b0f805b64
2026-10-02 12:54:27.029 [OP] 4708 inv=FFF3 len=12 #4 991f0e0b5669db2b0f805b64
2026-10-02 12:54:43.673 [OP] 4708 inv=FFF3 len=12 #5 8e1f0e0bd569db2b0f805b64
2026-10-02 13:12:23.701 [OP] 4704 inv=FFDE len=33 #2 af3e22a3ed67ce5bb5510bdc53a32b1feb066d0d9c27bbea2b1f805b64510bdcfa
2026-10-02 13:12:26.235 [OUT] 0031 inv=FFCE len=53 #2 ceff310064519152c6d8de1f4f5b6451b9dcfaa32b1f805b75510bdce8a32b1f805b6451a2da2bf0b3bb341a64510bdcfaa32b1f80
2026-10-02 13:12:34.791 [QUESTION] {"type":"question","sock":1816,"qno":13,"field_a":89,"stem":"光学物理上把能够自身发光的物体叫做？","options":["1、正能量","2、可能叫这个吧","3、阳光普照","4、光源"]}
2026-10-02 13:12:35.802 [UI] auto dump on question qno=13
2026-10-02 13:12:35.803 [UI] ---- window dump begin (pid 36220) ----
2026-10-02 13:12:35.864 [UI] TOP=0008062E vis=0 cls=QBOvCls rc=(1223,595,1583,691) title=
2026-10-02 13:12:35.868 [UI] TOP=000E0354 vis=1 cls=ATL:012FF210 rc=(883,228,1923,1035) title=什么什么大冒险2(①逍遥村敬老院)-自由三号_Sep 24 2026《什么什么大冒险》制作委员会QQ群:515616289
2026-10-02 13:12:35.868 [UI] TOP=002105DE vis=0 cls=DIEmWin rc=(-1,-1,135,38) title=DIEmWin
2026-10-02 13:12:36.269 [UI] TOP=0006063C vis=0 cls=IME rc=(0,0,0,0) title=Default IME
2026-10-02 13:12:36.276 [UI] TOP=002A0076 vis=0 cls=MSCTFIME UI rc=(0,0,0,0) title=MSCTFIME UI
2026-10-02 13:12:36.289 [UI] TOP=006D0AD4 vis=0 cls=IME rc=(0,0,0,0) title=Default IME
2026-10-02 13:12:36.289 [UI] TOP=001003D8 vis=0 cls=IME rc=(0,0,0,0) title=Default IME
2026-10-02 13:12:36.289 [UI] ---- window dump end ----
2026-10-02 13:12:36.311 [SEND-ANSWER] qno=13 opt=3 ret=13 sock=1816
2026-10-02 13:12:36.372 [SYS] 测试通过！
2026-10-02 13:12:36.471 [SYS] 获得了#00FF00#100#FFF692#金币
2026-10-02 13:12:36.471 [CURRENCY] a=201745 b=314009
2026-10-02 13:12:38.123 [UI] auto-closing quiz frame: qno=13 opt=3
2026-10-02 13:12:38.136 [UI] option 3 control NOT found — falling back to digit key
2026-10-02 13:12:38.930 [OUT] 1F04 inv=FFF6 len=13 #4 f6ff041fce1f805bc6510bdc22
2026-10-02 13:12:49.291 [OP] 4705 inv=FFB8 len=71 #3 e77a7f51c03e22a39ef3ce5bd82d0bdcfaa32b1fe96e64510bdcfaa3f359805b64510bdc6bdb2b1f805b645131dcfaa33a1f805b6651d286033d6643185b64510bdcfaa32b1f80
2026-10-02 13:12:55.584 [OP] 4705 inv=FFB8 len=71 #4 e77a7f51c03e22a319f3ce5b4d310bdcfaa32b1f532764510bdcfaa33c1f805b64510bdc45db2b1f805b645131dcfaa33a1f805b6651d286033d6643505b64510bdcfaa32b1f80
2026-10-02 13:13:35.746 [SYS] #ff0000#您已进入野外区域，可能遭遇玩家间的自由对战，请注意安全！#ffffff#
2026-10-02 13:14:01.523 [SYS] 物品栏满
2026-10-02 13:14:01.650 [SETTLE] exp=2 gold=201745 len=393
2026-10-02 13:14:01.650 [OP] 4233 inv=FFFA len=5 #1 e77a7f51ec
2026-10-02 13:14:01.652 [OP] 40F6 inv=FFEF len=16 #1 4d5dad809564510bdcfaa32bcad92ccd
2026-10-02 13:14:13.030 [SYS] 物品栏满
2026-10-02 13:14:13.128 [SETTLE] exp=1 gold=201745 len=393
2026-10-02 13:14:13.128 [OP] 46E0 inv=FDF7 len=520 #4 a1ecfc0b6ffaa32b7207c464580bdcfa96731f80b038c6158ffaa32b30b00808fd0bdcfa3546ab77d955f4d09a5b7d351f804864510bdcfaa3d7ab775855f4d0815b7d351f1429b0510bdcfafa7fdece09a457ecdce197ed072ba47fbd8dbac4a3d7ab777464510bc34ea8e86f80b46f0177a3ae5bb624aa30c0ce7559499ace1f805b64580bdcfaa32b1f80076f510b52faa32b84805b64b20bdcfaa32b1f80
2026-10-02 13:14:25.714 [SYS] 物品栏满
2026-10-02 13:14:25.819 [SETTLE] exp=2 gold=201745 len=393
2026-10-02 13:14:39.590 [SETTLE] exp=1 gold=201745 len=393
2026-10-02 13:14:51.240 [SYS] 物品栏满
2026-10-02 13:14:51.332 [SETTLE] exp=2 gold=201745 len=393
2026-10-02 13:15:02.994 [SYS] 物品栏满
2026-10-02 13:15:03.100 [SETTLE] exp=2 gold=201745 len=393
2026-10-02 13:15:14.568 [SETTLE] exp=1 gold=201745 len=393
2026-10-02 13:15:18.785 [SYS] #ff0000#您已进入野外区域，可能遭遇玩家间的自由对战，请注意安全！#ffffff#
2026-10-02 13:15:26.635 [SYS] #FFF692#交纳传送费用#00CCFF#690#FFF692#金币！
2026-10-02 13:15:26.727 [CURRENCY] a=201745 b=313319
2026-10-02 13:15:32.794 [SYS] #FFF692#交纳传送费用#00CCFF#1370#FFF692#金币！
2026-10-02 13:15:32.890 [CURRENCY] a=201745 b=312639
2026-10-02 13:15:37.072 [SYS] #FFF692#交纳传送费用#00CCFF#1810#FFF692#金币！
2026-10-02 13:15:37.181 [SYS] #ff0000#您已进入野外区域，可能遭遇玩家间的自由对战，请注意安全！#ffffff#
2026-10-02 13:15:37.182 [CURRENCY] a=201745 b=312199
2026-10-02 13:15:41.599 [OP] 40A2 inv=FFF3 len=12 #4 dcfaa32bca805b64d4bfdcfa
2026-10-02 13:15:55.054 [SETTLE] exp=2494 gold=201745 len=393
2026-10-02 13:16:03.357 [OP] 40A2 inv=FFF3 len=12 #5 dcfaa32bca805b64fdf8dcfa
2026-10-02 13:16:14.447 [SETTLE] exp=2536 gold=201745 len=393
2026-10-02 13:16:16.626 [SYS] #ff0000#您已进入野外区域，可能遭遇玩家间的自由对战，请注意安全！#ffffff#
2026-10-02 13:16:49.273 [SETTLE] exp=7426 gold=201745 len=393
2026-10-02 13:17:36.089 [SETTLE] exp=7488 gold=201745 len=393
2026-10-02 13:17:36.184 [OP] 46E0 inv=FDF7 len=520 #5 a1ecfc0b6ffaa32b5207c4640e0bdcfab2121f80d2c0510b9a5b7d35d62f8823b6b7197c079b598066b22b0bdcfae02bcd008b53510bdcfa392b56ce18d7fd0b1af9632487a6c3262525bac426f6d0791c640e0b047b462b29ccdfdf936eca563befa4809564510bdc08a32b0f2cc326e60bdcfaa9e3b0ef0b472b0b6e10e02be862b2cd5b4a8efa407e708ca61283b190faa32bdc2cc3261d4ad49995a86d80
2026-10-02 13:18:10.133 [SETTLE] exp=7670 gold=201745 len=393
2026-10-02 13:18:45.846 [SETTLE] exp=6114 gold=201745 len=393
2026-10-02 13:19:11.125 [SETTLE] exp=7430 gold=201745 len=393
2026-10-02 13:19:46.226 [SETTLE] exp=6174 gold=201745 len=393
2026-10-02 13:20:22.103 [SETTLE] exp=7422 gold=201745 len=393
2026-10-02 13:21:04.448 [SETTLE] exp=6052 gold=201745 len=393
2026-10-02 13:22:06.292 [OP] 401E inv=FFAD len=82 #5 4d5dad8057ecfc0b52faa32bad805b646992dcfa05601f809255510b93b3a32b72ff5b64a552155a4e78c8d92693510b8631a32bc8d97b81a552155a4e78c8d97b81a552dcfaa32b1f805b64510bdcfaa32b
2026-10-02 13:24:00.324 [OUT] 0178 inv=FFFB len=8 #1 fbff7801e85c9db6
2026-10-02 13:24:00.412 [OP] 404D inv=FE8F len=368 #1 a1ecfc0b6dfaf82b3a175b64580b6ffac02b34808de7510b6ffaf82b34805c640b88dcfaf82bca80c364580b8b0da32bca8095640b0b8ffa23b01f809564580b36faf82b10ec5b64580b6ffa312bca802947510b6ffaf82bf38095646307dcfaf82bca80c064580bc740a32bca809564310b8ffa03381f809564580b02faf82b8f215b64580b6ffabc2bca808e1e510b6ffaf82b2d80c3648c8edcfaf82bca80
2026-10-02 13:24:00.637 [OUT] 0046 inv=FFF7 len=12 #1 f7ff4600a32b1f809464510b
2026-10-02 13:24:00.709 [OP] 4026 inv=FFCE len=49 #1 f80b5016e83c80395a5bdfd60b980bf33b1faaec64628b7ffaf82c1fae9bb151ece2fae8bb298095a251508f6ea353d680
2026-10-02 13:24:03.777 [OUT] 0049 inv=FFEC len=23 #1 ecff49002b1f805b64510bdc5a4e78c8805b64510b02c4
2026-10-02 13:24:03.835 [SYS] 背包剩余空间不足
2026-10-02 13:24:03.943 [OP] 4020 inv=FFE7 len=24 #3 418052fa672bca8094dffc0b155a4e781f80c4642d0bdcfa
2026-10-02 13:24:03.943 [OP] 4020 inv=FFE7 len=24 #4 418052fa672bca8094508759ea21a32bca8095642d0b6ffa
2026-10-02 13:24:06.049 [OUT] 005A inv=FFFB len=8 #1 fbff5a008697b20f
2026-10-02 13:24:06.134 [OP] 404A inv=FFDF len=32 #1 418052fadb2bca8037e7510b6ffaf82bad805b64e31ddcfaf82bca80c06428ed
2026-10-02 13:24:07.683 [OUT] 005B inv=FFFA len=9 #1 faff5b00b4afc77f53
2026-10-02 13:24:07.688 [OUT] 005B inv=FFFA len=9 #2 faff5b000bdce8f853
2026-10-02 13:24:07.714 [OUT] 005B inv=FFFA len=9 #3 faff5b00b4afc77f53
2026-10-02 13:24:07.719 [OUT] 005B inv=FFFA len=9 #4 faff5b000bdce8f853
2026-10-02 13:24:07.745 [OUT] 005B inv=FFFA len=9 #5 faff5b00b4afc77f53
2026-10-02 13:24:07.847 [OP] 404B inv=FFE7 len=24 #1 4f0e392bcaaa956417b5dcfaa32b1f809564510b6fb0a32b
2026-10-02 13:24:07.944 [OP] 404B inv=FFE7 len=24 #2 4f0e392bcaaa956417b5dcfaa32b1f809564510b6fb0a32b
2026-10-02 13:24:08.048 [OP] 404B inv=FFE7 len=24 #3 4f0e392bcaaa956417b5dcfaa32b1f809564510b6fb0a32b
2026-10-02 13:24:08.049 [OP] 404B inv=FFE7 len=24 #4 4f0e392bcaaa5b6417b5dcfaa32b1f809564510b6fb0a32b
2026-10-02 13:24:08.049 [OP] 404B inv=FFE7 len=24 #5 4f0e392bcaaa576417b5dcfaa32b1f809564510b6fb0a32b
2026-10-02 13:24:42.036 [SETTLE] exp=6114 gold=201745 len=393
2026-10-02 13:25:05.245 [SETTLE] exp=6110 gold=201745 len=393
2026-10-02 13:25:07.338 [SYS] #ff0000#您已进入野外区域，可能遭遇玩家间的自由对战，请注意安全！#ffffff#
2026-10-02 13:25:28.483 [SYS] 物品栏满
2026-10-02 13:25:28.582 [SETTLE] exp=1430 gold=201745 len=393
2026-10-02 13:30:25.576 [OUT] 0022 inv=FFD9 len=42 #4 d9ff2200fdb0c19fdb5382a085dd6001c6f4f82b1fe8add90eecfdc68b04844f956a7b5c059fdb53ce80
2026-10-02 13:30:25.627 [OP] 4610 inv=FFFE len=1 #4 6a
2026-10-02 13:30:26.577 [OUT] 0022 inv=FFD9 len=42 #5 d9ff2200fdb0c19fdb5382a085dd6001c6f4f82b1fe8add90eecfdc68b04844f956a7b5c059fdb531f77
2026-10-02 13:30:26.632 [OP] 4610 inv=FFFE len=1 #5 ba
2026-10-02 13:30:46.347 [OUT] 0255 inv=EFE2 len=260 #1 e2ef55020bdcfaa35c9d805b85c5cef3679f2a4588f22337b824a1ba2a696e5aa8dc03acb0e7dc9fc582783795f6d49185eb5382d294b94e26c6c3ebd69e52f18a7a7c5b2eb169212c376175b94f4efef91e5bc995ac264254e2c5822fc795e4cbc3715a8bb1fe0cddf2ea70e40c53ec9402104e26c6c3ebd6a24dab5e4ba1c9d845a87dc44b167a76fa30d602378971c624a1ba25695dcc1937c6ce284f4efe8eb1190cddf67eba30fea3fce971c648c0ba0fc453422c4b167a76fa30d602378971c648c0ba0f025368c1a3a00178c35b4138e1aec9670ea15bf9211816946edb3c146d85ebe0b1fe4b167a76fa30d60237e971c6377c9d30b172b69402ff2026cd5afa
2026-10-02 13:30:48.035 [OUT] 0050 inv=FFF7 len=12 #1 f7ff5000a32b1f80daf1510b
2026-10-02 13:30:48.094 [OP] 4019 inv=FF2B len=212 #1 4d5dad80daf1510b6faea36f8f80e0fb655ca888014d380dbd4e25e8efeff919897193d033685ab709a3b57e93331d6c0ce2f10e4b1df6b95c2f28ed53798971e60a552ca269c7f4b57e4f221d1e62cd1d4bd3cb5bdf510bcffa8f3a1abe35e957d79f568f6ce23a35a053d777bb50a0974d9812510bdcfa172bf7be35a053b92d3d5e20f76a6f975323373d43bce4bbe06cb4d2dce8a32bac80eaa0532337a2
2026-10-02 13:30:48.981 [OUT] 0051 inv=FFF7 len=12 #1 f7ff51005b64510b90faa32b
2026-10-02 13:30:49.037 [OP] 40C0 inv=FFF5 len=10 #1 4d5dad803d26580b64ae
2026-10-02 13:30:50.220 [OUT] 0055 inv=FFD1 len=50 #1 d1ff55005b03d1194227dcfa4d531f800e7ffec43425005373ce116fc1b26d42bdaee8c7497ac5b100f4c0ce01798704958a
2026-10-02 13:30:50.339 [OP] 40C1 inv=FFF2 len=13 #1 cb67ce5b64510bdcfaa32b1f80
2026-10-02 13:30:50.444 [CURRENCY] a=201745 b=337089
2026-10-02 13:30:50.444 [OP] 4020 inv=FFE7 len=24 #5 418052fa672bca8094f83b27155a4e78e0389464b70bdcfa
2026-10-02 13:30:55.889 [OUT] 0255 inv=EFE2 len=260 #2 e2ef55020bdcfaa35c9d805b85c5cef3679f2a4588f22337b824a1ba2a696e5aa8dc03acb0e7dc9fc582783795f6d49185eb5382d294b94e26c6c3ebd69e52f18a7a7c5b2eb169212c376175b9514efef91e5bc995ac264254e2c5822fc795e4cbc3715a8bb1fe0cddf2ea70e40c53ec9402104e26c6c3ebd6a24dab5e4ba1c9d845a87dc44b167a76fa30d602378971c624a1ba25695dcc1937c6ce284f4efe8eb1190cddf67eba30fea3fce971c648c0ba0fc453422c4b167a76fa30d60237e971c648c0ba0f025368c1a3a00178c35b4138e1aec9670ea15bf9211816946edb3c146d85ebe0b1fe4b167a76fa30d60237e971c6377c9d30b172b69402ff2026cd5afa
2026-10-02 13:30:57.391 [OUT] 0050 inv=FFF7 len=12 #2 f7ff5000a32b1f80daf1510b
2026-10-02 13:30:57.445 [OP] 4019 inv=FF2B len=212 #2 4d5dad80daf1510b6faea3de8f80e0fb655ca888014d380dbd4e25e8efeff919897193d033685ab709a3b57e93331d6c0ce2f10e4b1df6b95c2f28ed53798971e60a552ca269c7f4b57e4f221d1e62cd1d4bd3cb5b7f830bcffa8f3a1abe35e957d79f568f6ce23a35a053d777bb50a0974d981251d06ffa172bf7be35a053b92d3d5e20f76a6f975323373d43bce4bbe06cb4d2dce84d2bac80eaa0532337a2
2026-10-02 13:30:58.380 [OUT] 0051 inv=FFF7 len=12 #2 f7ff51005b64510b6ffaa32b
2026-10-02 13:30:58.437 [OP] 40C0 inv=FD75 len=650 #2 4d5dad803b6451b252c465671f809564580b78faa32b1f805b64ebffe8f6a32b1f805b64510bdcfaa32b1f805b64510bdcfaa32bca805bdf5c2f61b0a32b1f805b64250bdcfaf82c597e0627510b6ffaf82bac805b64510bdcfa0b60c4ea5b64510bdcfaa32b1f805b64510bdcfaa32b1f809564580bdcc4172b36725b64510bdcfa55531f8095a2582367b8a32bca8095640a0bdcfaa32b1f80f14aa78ddcfa
2026-10-02 13:31:13.886 [OUT] 0055 inv=FFD9 len=42 #2 d9ff5500a32b1f80daf1510b02faa32b598894040e8a9035db71598894040e8a9035db71598894040e8a
2026-10-02 13:31:13.963 [OP] 40C1 inv=FFF2 len=13 #2 cb67ce5b64510bdcfaa32b1f80
2026-10-02 13:31:14.060 [CURRENCY] a=201745 b=234129
2026-10-02 13:31:14.242 [OUT] 004E inv=FFFA len=9 #1 faff4e00e9580bdc22
2026-10-02 13:31:14.339 [OP] 4029 inv=FFDF len=32 #1 a1ecfc0baffaa32b1f805b64e00bdcfaa32b1f80e9f8510b52c4aa2b85809564
2026-10-02 13:31:16.450 [OUT] 0046 inv=FFF7 len=12 #2 f7ff4600a32b1f804064510b
2026-10-02 13:31:16.549 [OP] 4026 inv=FFC4 len=59 #2 08e6f0e430f16bca725b8dd5b2dcc45b2b38527a645861dc100d5d1faaec64626de6faf82c1faebab151ece2fae8cefd8095a2515052c2a353d680
2026-10-02 13:31:26.144 [OUT] 0050 inv=FFF7 len=12 #3 f7ff5000a32b1f80d064510b
2026-10-02 13:31:26.195 [OP] 1014 inv=FFF2 len=13 #1 cb67ce5b64510bdcc4312b1f80
2026-10-02 13:31:26.296 [OP] 40F4 inv=FFF2 len=13 #1 7a23d0dcfaa32b1faadc64510b
2026-10-02 13:31:26.297 [SYS] 本地传送师已经认可你了，你可以从其他传送师那传送到这里！
2026-10-02 13:31:26.297 [OP] 4019 inv=FF83 len=124 #3 4f0e392b6d805b6458d0dcfafc2bb57e4f22891a036c4a1c95b1aff319dea8d5416e97f53e67b4a3a8954c867c7af6b97283604685a0db2e985080ee039bf9a1e59406a42511ef1901696cd54168dd409f1da3b07380eaa0532337a24f28c57feae957c737e3da28961154f9bc05b600a32b093f0d6417ad181ea312
2026-10-02 13:31:27.324 [OUT] 0051 inv=FFF7 len=12 #3 f7ff51005b64510b6ffaa32b
2026-10-02 13:31:27.382 [OP] 4019 inv=FF5B len=164 #4 4f0e392b6d805b64587fdc25942b52ebf3b45c93039bdc8ed39954cc5511b6fc85da4017f36c809ba150c782c5e4bd46ee3c0cd980484b1d3c490d2b5ab1a26ee49abd4e8822c929046eff7196c1e7a0ae973d5996e46dc881f0d074750a9a0598c8b1191059e3279655667bee5ac1fcd36635263cea01ae58d8dd9e4d7ac83369d2adbb019d237a93d882de746d0359cc1a9822f732539b092b17c50d6417ad
2026-10-02 13:31:28.842 [OUT] 0051 inv=FFF7 len=12 #4 f7ff51005b64510bdcfaa32b
2026-10-02 13:31:32.127 [OUT] 0035 inv=FFF7 len=12 #1 f7ff35001f805b647b8052fa
2026-10-02 13:32:10.634 [SETTLE] exp=1752 gold=201745 len=403
2026-10-02 13:32:10.796 [OUT] 0048 inv=FFF7 len=12 #1 f7ff4800dcfaa32b1fb99564
2026-10-02 13:32:10.967 [OP] 4721 inv=FFF7 len=8 #1 4f0e392b1fb99564
2026-10-02 13:32:12.442 [SYS] #ff0000#您已进入野外区域，可能遭遇玩家间的自由对战，请注意安全！#ffffff#
2026-10-02 13:33:19.905 [SETTLE] exp=7544 gold=201745 len=393
2026-10-02 13:33:21.925 [OUT] 004E inv=FFFA len=9 #2 faff4e00e9580bdcc4
2026-10-02 13:33:21.991 [OP] 4029 inv=FFDF len=32 #2 a1ecfc0b9cf4a32b1f805b6479d0dcfaa32b1f809464830b6fc4aa2b06809464
2026-10-02 13:33:47.734 [SETTLE] exp=7544 gold=201745 len=393
2026-10-02 13:34:19.496 [SETTLE] exp=7488 gold=201745 len=393
2026-10-02 13:34:21.512 [OUT] 004E inv=FFFA len=9 #3 faff4e00e9580bdc22
2026-10-02 13:34:21.585 [OP] 4029 inv=FFDF len=32 #3 a1ecfc0baffaa32b1f805b64e00bdcfaa32b1f8033df510b52c4aa2bdd809564
2026-10-02 13:35:00.945 [SETTLE] exp=6110 gold=201745 len=393
2026-10-02 13:35:33.742 [OUT] 0046 inv=FFF7 len=12 #3 f7ff4600a32b1f801c64510b
2026-10-02 13:35:33.816 [OP] 4026 inv=FFF6 len=9 #3 265850540ea353d680
2026-10-02 13:35:37.458 [SETTLE] exp=7364 gold=201745 len=393
2026-10-02 13:35:39.475 [OUT] 004E inv=FFFA len=9 #4 faff4e00e9580bdc22
2026-10-02 13:35:39.580 [OP] 4029 inv=FFDF len=32 #4 a1ecfc0baffaa32b1f805b64e00bdcfaa32b1f801bdf510b52c4aa2b5d809564
2026-10-02 13:35:42.023 [OUT] 0255 inv=EFE2 len=260 #3 e2ef55020bdcfaa35c9d805b85c5cef3679f2a4588f22337b824a1ba2a696e5aa8dc03acb0e7dc9fc582783795f6d49185eb5382d294b94e26c6c3ebd69e52f18a7a7c5b2eb169212c376175b94f4efef91e5bc995ac264254e2c5822fc795e4cbc3715a8bb1fe0cddf2ea70e40c53ec9402104e26c6c3ebd6a24dab5e4ba1c9d845a87dc44b167a76fa30d602378971c624a1ba25695dcc1937c6ce284f4efe8eb1190cddf67eba30fea3fce971c648c0ba0fc453422c4b167a76fa30d602378971c648c0ba0f025368c1a3a00178c35b4138e1aec9670ea15bf9211816946edb3c146d85ebe0b1fe4b167a76fa30d60237e971c6377c9d30b172b69402ff2026cd5afa
2026-10-02 13:36:10.171 [SETTLE] exp=5926 gold=201745 len=393
2026-10-02 13:36:42.271 [SETTLE] exp=7364 gold=201745 len=393
2026-10-02 13:36:44.293 [OUT] 004E inv=FFFA len=9 #5 faff4e00e9580bdcc4
2026-10-02 13:36:44.400 [OP] 4029 inv=FFDF len=32 #5 a1ecfc0b9cf4a32b1f805b6479d0dcfaa32b1f8094a053b96fc4aa2b17809564
2026-10-02 13:37:26.700 [SETTLE] exp=5930 gold=201745 len=393
2026-10-02 13:37:58.224 [SETTLE] exp=7308 gold=201745 len=393
2026-10-02 13:38:38.285 [SETTLE] exp=6110 gold=201745 len=393
2026-10-02 13:39:10.234 [SETTLE] exp=7548 gold=201745 len=393
2026-10-02 13:39:37.681 [SETTLE] exp=7364 gold=201745 len=393
2026-10-02 13:40:07.461 [SETTLE] exp=5926 gold=201745 len=393
2026-10-02 13:40:35.882 [SETTLE] exp=5930 gold=201745 len=393
2026-10-02 13:41:08.596 [SETTLE] exp=5930 gold=201745 len=403
2026-10-02 13:41:36.591 [SETTLE] exp=7610 gold=201745 len=393
2026-10-02 13:42:23.760 [SETTLE] exp=7364 gold=201745 len=393
2026-10-02 13:42:51.733 [SETTLE] exp=7430 gold=201745 len=393
2026-10-02 13:43:18.157 [SETTLE] exp=7544 gold=201745 len=393
2026-10-02 13:44:00.971 [SETTLE] exp=6110 gold=201745 len=393
2026-10-02 13:44:39.890 [SETTLE] exp=6174 gold=201745 len=393
2026-10-02 13:45:09.721 [SETTLE] exp=5868 gold=201745 len=393
2026-10-02 13:45:40.663 [SETTLE] exp=5808 gold=201745 len=393
2026-10-02 13:46:04.783 [SETTLE] exp=6174 gold=201745 len=393
2026-10-02 13:46:29.813 [SETTLE] exp=6110 gold=201745 len=403
2026-10-02 13:46:57.075 [SETTLE] exp=5868 gold=201745 len=393
2026-10-02 13:47:26.782 [SETTLE] exp=7422 gold=201745 len=393
2026-10-02 13:48:06.655 [SETTLE] exp=7246 gold=201745 len=393
2026-10-02 13:48:39.648 [SETTLE] exp=7608 gold=201745 len=393
2026-10-02 13:48:58.997 [SETTLE] exp=7670 gold=201745 len=403
2026-10-02 13:49:43.673 [SETTLE] exp=7548 gold=201745 len=393
2026-10-02 13:50:16.777 [SETTLE] exp=7308 gold=201745 len=393
2026-10-02 13:50:43.506 [SETTLE] exp=6052 gold=201745 len=393
2026-10-02 13:51:11.188 [SETTLE] exp=7610 gold=201745 len=393
2026-10-02 13:51:43.531 [SETTLE] exp=7544 gold=201745 len=393
2026-10-02 13:52:23.968 [SETTLE] exp=7422 gold=201745 len=393
2026-10-02 13:52:55.944 [SETTLE] exp=5808 gold=201745 len=393
2026-10-02 13:53:22.649 [SETTLE] exp=5990 gold=201745 len=393
2026-10-02 13:53:45.086 [SETTLE] exp=7368 gold=201745 len=393
2026-10-02 13:54:22.788 [SETTLE] exp=7674 gold=201745 len=393
2026-10-02 13:54:43.045 [SETTLE] exp=5990 gold=201745 len=393
2026-10-02 13:55:23.540 [SETTLE] exp=7670 gold=201745 len=393
2026-10-02 13:55:23.645 [OP] 40E6 inv=FFF3 len=12 #2 4d5dad80c2b0510bdcfaa32b
2026-10-02 13:55:23.645 [OP] 4210 inv=FFF3 len=12 #4 570bdcfa9f2b1f80a1ecfc0b
2026-10-02 13:55:50.589 [SETTLE] exp=7674 gold=201745 len=393
2026-10-02 13:56:27.918 [SETTLE] exp=6052 gold=201745 len=393
2026-10-02 13:57:07.579 [SETTLE] exp=5986 gold=201745 len=403
2026-10-02 13:57:40.214 [SETTLE] exp=7486 gold=201745 len=403
2026-10-02 13:58:07.482 [SETTLE] exp=7486 gold=201745 len=393
2026-10-02 13:58:34.398 [SETTLE] exp=6174 gold=201745 len=393
2026-10-02 13:58:59.671 [SETTLE] exp=5930 gold=201745 len=393
2026-10-02 13:59:39.898 [SETTLE] exp=7552 gold=201745 len=393
2026-10-02 14:00:04.340 [SETTLE] exp=6052 gold=201745 len=403
2026-10-02 14:00:28.353 [SETTLE] exp=6048 gold=201745 len=393
2026-10-02 14:00:54.865 [SETTLE] exp=5926 gold=201745 len=393
2026-10-02 14:01:17.838 [SETTLE] exp=6114 gold=201745 len=393
2026-10-02 14:01:46.034 [OP] 4210 inv=FFF3 len=12 #5 520bdcfaef2b1f80a0ecfc0b
2026-10-02 14:02:01.436 [SETTLE] exp=6114 gold=201745 len=393
2026-10-02 14:02:29.742 [SETTLE] exp=5990 gold=201745 len=393
2026-10-02 14:02:59.206 [SETTLE] exp=7488 gold=201745 len=393
2026-10-02 14:03:28.366 [SETTLE] exp=6236 gold=201745 len=393
2026-10-02 14:03:56.321 [SETTLE] exp=5930 gold=201745 len=403
2026-10-02 14:04:27.584 [SETTLE] exp=5870 gold=201745 len=393
2026-10-02 14:05:06.712 [SETTLE] exp=7426 gold=201745 len=393
2026-10-02 14:05:34.356 [SETTLE] exp=5930 gold=201745 len=393
2026-10-02 14:06:12.836 [SETTLE] exp=7426 gold=201745 len=393
2026-10-02 14:06:37.205 [SETTLE] exp=6048 gold=201745 len=393
2026-10-02 14:07:03.390 [SETTLE] exp=7486 gold=201745 len=393
2026-10-02 14:07:28.408 [SETTLE] exp=7486 gold=201745 len=403
2026-10-02 14:08:02.491 [SETTLE] exp=5516 gold=201745 len=393
2026-10-02 14:08:35.797 [SETTLE] exp=5990 gold=201745 len=393
2026-10-02 14:09:15.531 [SETTLE] exp=7368 gold=201745 len=393
2026-10-02 14:09:46.386 [SETTLE] exp=7608 gold=201745 len=413
2026-10-02 14:10:14.143 [SETTLE] exp=6174 gold=201745 len=393
2026-10-02 14:10:48.170 [SETTLE] exp=6110 gold=201745 len=393
2026-10-02 14:11:35.036 [SETTLE] exp=7426 gold=201745 len=393
2026-10-02 14:11:55.821 [SETTLE] exp=5990 gold=201745 len=393
2026-10-02 14:12:22.858 [SETTLE] exp=5868 gold=201745 len=393
2026-10-02 14:12:58.542 [SETTLE] exp=7486 gold=201745 len=393
2026-10-02 14:13:39.739 [SETTLE] exp=5990 gold=201745 len=393
2026-10-02 14:14:06.701 [SETTLE] exp=6048 gold=201745 len=393
2026-10-02 14:14:34.506 [SETTLE] exp=5868 gold=201745 len=393
2026-10-02 14:15:03.356 [SETTLE] exp=7364 gold=201745 len=403
2026-10-02 14:15:41.020 [SETTLE] exp=5518 gold=201745 len=393
2026-10-02 14:16:05.005 [SETTLE] exp=6110 gold=201745 len=393
2026-10-02 14:16:35.601 [SETTLE] exp=7488 gold=201745 len=393
2026-10-02 14:17:10.326 [SETTLE] exp=5926 gold=201745 len=393
2026-10-02 14:17:49.897 [SETTLE] exp=5990 gold=201745 len=393
2026-10-02 14:18:34.230 [SYS] 物品栏满
2026-10-02 14:18:34.329 [SETTLE] exp=7364 gold=201745 len=393
2026-10-02 14:18:58.512 [SETTLE] exp=7422 gold=201745 len=393
2026-10-02 14:19:48.708 [SETTLE] exp=7674 gold=201745 len=403
2026-10-02 14:20:24.051 [SETTLE] exp=5990 gold=201745 len=393
2026-10-02 14:20:52.700 [SETTLE] exp=7608 gold=201745 len=393
2026-10-02 14:21:27.820 [SETTLE] exp=7426 gold=201745 len=393
2026-10-02 14:21:47.692 [SETTLE] exp=7364 gold=201745 len=393
2026-10-02 14:22:14.594 [SETTLE] exp=5518 gold=201745 len=393
2026-10-02 14:22:35.923 [SETTLE] exp=5986 gold=201745 len=393
2026-10-02 14:23:15.739 [SETTLE] exp=6940 gold=201745 len=393
2026-10-02 14:23:39.072 [SETTLE] exp=5986 gold=201745 len=393
2026-10-02 14:23:57.355 [SETTLE] exp=5868 gold=201745 len=393
2026-10-02 14:24:23.298 [SETTLE] exp=6110 gold=201745 len=393
2026-10-02 14:25:06.465 [SETTLE] exp=7488 gold=201745 len=393
2026-10-02 14:25:39.075 [SETTLE] exp=5992 gold=201745 len=393
2026-10-02 14:26:09.825 [SETTLE] exp=5516 gold=201745 len=393
2026-10-02 14:26:36.188 [SETTLE] exp=7488 gold=201745 len=393
2026-10-02 14:27:09.867 [SETTLE] exp=7426 gold=201745 len=393
2026-10-02 14:27:32.526 [SETTLE] exp=7610 gold=201745 len=403
2026-10-02 14:27:58.558 [SETTLE] exp=6174 gold=201745 len=403
2026-10-02 14:28:26.018 [SETTLE] exp=5990 gold=201745 len=403
2026-10-02 14:28:45.525 [SETTLE] exp=6174 gold=201745 len=393
2026-10-02 14:29:07.291 [SETTLE] exp=5926 gold=201745 len=393
2026-10-02 14:29:33.776 [SETTLE] exp=6052 gold=201745 len=393
2026-10-02 14:30:09.674 [SETTLE] exp=6938 gold=201745 len=393
2026-10-02 14:30:38.107 [SETTLE] exp=6940 gold=201745 len=393
2026-10-02 14:31:04.708 [SETTLE] exp=5926 gold=201745 len=393
2026-10-02 14:31:27.303 [SETTLE] exp=7426 gold=201745 len=393
2026-10-02 14:31:59.623 [SETTLE] exp=5868 gold=201745 len=403
2026-10-02 14:32:25.708 [SETTLE] exp=7422 gold=201745 len=393
2026-10-02 14:32:53.896 [SETTLE] exp=5574 gold=201745 len=393
2026-10-02 14:33:35.535 [SETTLE] exp=7430 gold=201745 len=393
2026-10-02 14:34:19.090 [SETTLE] exp=7426 gold=201745 len=393
2026-10-02 14:34:48.950 [SETTLE] exp=7552 gold=201745 len=393
2026-10-02 14:35:16.085 [SETTLE] exp=5990 gold=201745 len=393
2026-10-02 14:35:49.515 [SETTLE] exp=7426 gold=201745 len=393
2026-10-02 14:36:15.096 [SETTLE] exp=5518 gold=201745 len=393
2026-10-02 14:36:46.145 [SETTLE] exp=5930 gold=201745 len=393
2026-10-02 14:37:16.761 [SETTLE] exp=7486 gold=201745 len=393
2026-10-02 14:37:49.802 [SETTLE] exp=7364 gold=201745 len=393
2026-10-02 14:38:11.851 [SETTLE] exp=7548 gold=201745 len=403
2026-10-02 14:38:34.724 [SETTLE] exp=6110 gold=201745 len=393
2026-10-02 14:39:03.065 [SETTLE] exp=7610 gold=201745 len=393
2026-10-02 14:39:33.578 [SETTLE] exp=5574 gold=201745 len=393
2026-10-02 14:40:19.923 [SETTLE] exp=6048 gold=201745 len=393
2026-10-02 14:40:47.433 [SETTLE] exp=7364 gold=201745 len=393
2026-10-02 14:41:17.022 [SETTLE] exp=6048 gold=201745 len=393
2026-10-02 14:41:54.424 [SETTLE] exp=5930 gold=201745 len=403
2026-10-02 14:42:25.897 [SYS] 物品栏满
2026-10-02 14:42:26.010 [SETTLE] exp=5930 gold=201745 len=393
2026-10-02 14:43:01.310 [SETTLE] exp=6882 gold=201745 len=393
2026-10-02 14:43:36.343 [SETTLE] exp=6052 gold=201745 len=393
2026-10-02 14:44:05.822 [SETTLE] exp=7544 gold=201745 len=393
2026-10-02 14:44:05.822 [SYS] 获得了#00FF00#1#FFF692#个#64FF7D#碧玉葫芦
2026-10-02 14:44:32.918 [SETTLE] exp=5992 gold=201745 len=393
2026-10-02 14:45:03.420 [SETTLE] exp=7486 gold=201745 len=393
2026-10-02 14:45:36.466 [SETTLE] exp=7548 gold=201745 len=393
2026-10-02 14:46:05.703 [SETTLE] exp=5926 gold=201745 len=393
2026-10-02 14:46:33.700 [SETTLE] exp=6048 gold=201745 len=393
2026-10-02 14:47:15.998 [SETTLE] exp=7548 gold=201745 len=393
2026-10-02 14:47:53.704 [SETTLE] exp=7422 gold=201745 len=393
2026-10-02 14:48:33.154 [SETTLE] exp=6052 gold=201745 len=403
2026-10-02 14:48:33.250 [SYS] 获得了#00FF00#1#FFF692#个#64FF7D#碧玉葫芦
2026-10-02 14:49:12.576 [SETTLE] exp=7426 gold=201745 len=393
2026-10-02 14:49:42.640 [SETTLE] exp=7486 gold=201745 len=403
2026-10-02 14:50:07.932 [SETTLE] exp=5926 gold=201745 len=393
2026-10-02 14:50:35.267 [SETTLE] exp=5930 gold=201745 len=393
2026-10-02 14:51:03.723 [SETTLE] exp=7608 gold=201745 len=393
2026-10-02 14:51:31.686 [SETTLE] exp=7426 gold=201745 len=393
2026-10-02 14:51:43.295 [QUESTION] {"type":"question","sock":1816,"qno":14,"field_a":103,"stem":"当发现有人触电后，抢救他的正确方法是？","options":["1、找个能插的电源","2、给手机充电","3、切断电源","4、也一起触电"]}
2026-10-02 14:51:44.312 [UI] auto dump on question qno=14
2026-10-02 14:51:44.312 [UI] ---- window dump begin (pid 36220) ----
2026-10-02 14:51:44.512 [SEND-ANSWER] qno=14 opt=2 ret=13 sock=1816
2026-10-02 14:51:44.567 [SYS] 测试通过！
2026-10-02 14:51:44.663 [SYS] 获得了#00FF00#100#FFF692#金币
2026-10-02 14:51:44.663 [CURRENCY] a=201745 b=234229
2026-10-02 14:51:44.691 [UI] TOP=0008062E vis=0 cls=QBOvCls rc=(1223,595,1583,691) title=
2026-10-02 14:51:44.696 [UI] TOP=000E0354 vis=1 cls=ATL:012FF210 rc=(883,228,1923,1035) title=什么什么大冒险2(①逍遥村敬老院)-自由三号_Sep 24 2026《什么什么大冒险》制作委员会QQ群:515616289
2026-10-02 14:51:44.696 [UI] TOP=002105DE vis=0 cls=DIEmWin rc=(-1,-1,135,38) title=DIEmWin
2026-10-02 14:51:45.102 [UI] TOP=0006063C vis=0 cls=IME rc=(0,0,0,0) title=Default IME
2026-10-02 14:51:45.118 [UI] TOP=002A0076 vis=0 cls=MSCTFIME UI rc=(0,0,0,0) title=MSCTFIME UI
2026-10-02 14:51:45.130 [UI] TOP=006D0AD4 vis=0 cls=IME rc=(0,0,0,0) title=Default IME
2026-10-02 14:51:45.130 [UI] TOP=001003D8 vis=0 cls=IME rc=(0,0,0,0) title=Default IME
2026-10-02 14:51:45.130 [UI] ---- window dump end ----
2026-10-02 14:51:46.319 [UI] auto-closing quiz frame: qno=14 opt=2
2026-10-02 14:51:46.324 [UI] option 2 control NOT found — falling back to digit key
2026-10-02 14:52:06.021 [SETTLE] exp=5930 gold=201745 len=393
2026-10-02 14:52:32.774 [SETTLE] exp=5870 gold=201745 len=393
2026-10-02 14:53:12.824 [SETTLE] exp=7486 gold=201745 len=393
2026-10-02 14:53:35.660 [SETTLE] exp=6110 gold=201745 len=393
2026-10-02 14:53:54.592 [SETTLE] exp=7548 gold=201745 len=393
2026-10-02 14:54:21.739 [SETTLE] exp=7608 gold=201745 len=393
2026-10-02 14:55:04.695 [SETTLE] exp=7368 gold=201745 len=403
2026-10-02 14:55:36.404 [SETTLE] exp=5926 gold=201745 len=393
2026-10-02 14:56:04.797 [SETTLE] exp=5990 gold=201745 len=393
2026-10-02 14:56:45.767 [SETTLE] exp=7610 gold=201745 len=393
2026-10-02 14:57:23.706 [SETTLE] exp=7610 gold=201745 len=393
2026-10-02 14:57:52.591 [SETTLE] exp=5930 gold=201745 len=393
2026-10-02 14:58:28.810 [SETTLE] exp=7426 gold=201745 len=393
2026-10-02 14:59:03.669 [SETTLE] exp=7670 gold=201745 len=393
2026-10-02 14:59:37.012 [SETTLE] exp=7488 gold=201745 len=393
2026-10-02 14:59:55.151 [SETTLE] exp=6114 gold=201745 len=393
2026-10-02 15:00:19.777 [SETTLE] exp=5992 gold=201745 len=393
2026-10-02 15:00:45.315 [SETTLE] exp=7426 gold=201745 len=403
2026-10-02 15:01:07.071 [SETTLE] exp=6114 gold=201745 len=393
2026-10-02 15:01:31.664 [SETTLE] exp=6052 gold=201745 len=393
2026-10-02 15:02:07.388 [SETTLE] exp=5574 gold=201745 len=403
2026-10-02 15:02:32.996 [SETTLE] exp=5992 gold=201745 len=393
2026-10-02 15:02:58.079 [SETTLE] exp=7732 gold=201745 len=403
2026-10-02 15:03:42.315 [SETTLE] exp=6048 gold=201745 len=393
2026-10-02 15:04:16.978 [SETTLE] exp=7548 gold=201745 len=403
2026-10-02 15:04:39.333 [SETTLE] exp=5926 gold=201745 len=393
2026-10-02 15:05:08.096 [SETTLE] exp=6048 gold=201745 len=393
2026-10-02 15:05:48.873 [SETTLE] exp=7488 gold=201745 len=393
2026-10-02 15:06:18.733 [SETTLE] exp=7488 gold=201745 len=393
2026-10-02 15:06:41.757 [SETTLE] exp=7368 gold=201745 len=393
2026-10-02 15:07:03.492 [SETTLE] exp=5926 gold=201745 len=393
2026-10-02 15:07:32.250 [SETTLE] exp=7488 gold=201745 len=393
2026-10-02 15:07:59.336 [SYS] 物品栏满
2026-10-02 15:07:59.434 [SETTLE] exp=5578 gold=201745 len=393
2026-10-02 15:08:27.621 [SETTLE] exp=7368 gold=201745 len=393
2026-10-02 15:09:05.841 [SETTLE] exp=5870 gold=201745 len=403
2026-10-02 15:09:26.390 [SETTLE] exp=7608 gold=201745 len=393
2026-10-02 15:09:57.619 [SETTLE] exp=7486 gold=201745 len=393
2026-10-02 15:10:22.271 [SETTLE] exp=5992 gold=201745 len=393
2026-10-02 15:10:55.215 [SETTLE] exp=7486 gold=201745 len=393
2026-10-02 15:11:29.698 [SETTLE] exp=6940 gold=201745 len=393
2026-10-02 15:11:49.991 [SETTLE] exp=6052 gold=201745 len=393
2026-10-02 15:12:25.591 [SETTLE] exp=6940 gold=201745 len=393
2026-10-02 15:12:25.591 [SYS] 物品栏已满！
2026-10-02 15:12:53.888 [SETTLE] exp=7610 gold=201745 len=393
2026-10-02 15:13:20.505 [SETTLE] exp=5990 gold=201745 len=393
2026-10-02 15:13:40.214 [SETTLE] exp=6048 gold=201745 len=393
2026-10-02 15:14:10.557 [SETTLE] exp=7548 gold=201745 len=393
2026-10-02 15:14:40.159 [SETTLE] exp=7488 gold=201745 len=393
2026-10-02 15:15:09.301 [SETTLE] exp=5992 gold=201745 len=393
2026-10-02 15:15:36.179 [SETTLE] exp=7430 gold=201745 len=393
2026-10-02 15:16:18.905 [SETTLE] exp=7610 gold=201745 len=393
2026-10-02 15:17:03.620 [SETTLE] exp=7548 gold=201745 len=393
2026-10-02 15:17:03.720 [OP] 40E6 inv=FFF3 len=12 #3 4d5dad8064df510bdcfaa32b
2026-10-02 15:17:30.428 [SETTLE] exp=5744 gold=201745 len=393
2026-10-02 15:17:52.373 [SETTLE] exp=5686 gold=201745 len=393
2026-10-02 15:18:18.461 [SETTLE] exp=7058 gold=201745 len=393
2026-10-02 15:18:56.670 [SETTLE] exp=7170 gold=201745 len=403
2026-10-02 15:19:31.444 [SETTLE] exp=7674 gold=201745 len=393
2026-10-02 15:20:14.680 [SETTLE] exp=5748 gold=201745 len=403
2026-10-02 15:20:45.648 [SETTLE] exp=5690 gold=201745 len=393
2026-10-02 15:21:19.748 [SETTLE] exp=7110 gold=201745 len=393
2026-10-02 15:22:02.982 [SETTLE] exp=5690 gold=201745 len=403
2026-10-02 15:22:35.622 [SETTLE] exp=5632 gold=201745 len=403
2026-10-02 15:23:20.458 [SETTLE] exp=6998 gold=201745 len=393
2026-10-02 15:23:54.031 [SETTLE] exp=7110 gold=201745 len=393
2026-10-02 15:24:25.216 [SETTLE] exp=7112 gold=201745 len=393
2026-10-02 15:24:53.793 [SETTLE] exp=7170 gold=201745 len=393
2026-10-02 15:25:22.333 [SETTLE] exp=5690 gold=201745 len=393
2026-10-02 15:25:53.628 [SETTLE] exp=6520 gold=201745 len=393
2026-10-02 15:26:26.347 [SETTLE] exp=6520 gold=201745 len=393
2026-10-02 15:26:48.442 [SETTLE] exp=6114 gold=201745 len=393
2026-10-02 15:27:21.047 [SETTLE] exp=7106 gold=201745 len=393
2026-10-02 15:27:51.249 [SETTLE] exp=5574 gold=201745 len=393
2026-10-02 15:28:27.013 [SETTLE] exp=5686 gold=201745 len=393
2026-10-02 15:29:00.470 [SETTLE] exp=5748 gold=201745 len=393
2026-10-02 15:29:23.270 [SETTLE] exp=7670 gold=201745 len=393
2026-10-02 15:29:50.693 [SETTLE] exp=5692 gold=201745 len=403
2026-10-02 15:30:19.052 [SETTLE] exp=5576 gold=201745 len=393
2026-10-02 15:30:58.199 [SETTLE] exp=7170 gold=201745 len=403
2026-10-02 15:31:26.497 [SETTLE] exp=6994 gold=201745 len=393
2026-10-02 15:31:54.211 [SETTLE] exp=5628 gold=201745 len=393
2026-10-02 15:32:26.663 [SETTLE] exp=5744 gold=201745 len=393
2026-10-02 15:32:55.832 [SETTLE] exp=6114 gold=201745 len=393
2026-10-02 15:33:28.189 [SETTLE] exp=5628 gold=201745 len=393
2026-10-02 15:34:06.312 [SETTLE] exp=5574 gold=201745 len=393
2026-10-02 15:34:46.081 [SETTLE] exp=5748 gold=201745 len=393
2026-10-02 15:35:17.423 [SETTLE] exp=6110 gold=201745 len=393
2026-10-02 15:35:45.146 [SETTLE] exp=6110 gold=201745 len=393
2026-10-02 15:36:12.874 [SETTLE] exp=5628 gold=201745 len=393
2026-10-02 15:36:15.492 [QUESTION] {"type":"question","sock":1816,"qno":10,"field_a":77,"stem":"蚯蚓适合生活在什么样的环境里？","options":["1、太空里","2、天空里","3、水里","4、阴暗潮湿"]}
2026-10-02 15:36:16.498 [UI] auto dump on question qno=10
2026-10-02 15:36:16.498 [UI] ---- window dump begin (pid 36220) ----
2026-10-02 15:36:16.622 [SEND-ANSWER] qno=10 opt=3 ret=13 sock=1816
2026-10-02 15:36:16.680 [SYS] 测试通过！
2026-10-02 15:36:16.785 [SYS] 获得了#00FF00#100#FFF692#金币
2026-10-02 15:36:16.785 [CURRENCY] a=201745 b=234329
2026-10-02 15:36:16.862 [UI] TOP=0008062E vis=0 cls=QBOvCls rc=(1223,595,1583,691) title=
2026-10-02 15:36:16.880 [UI] TOP=000E0354 vis=1 cls=ATL:012FF210 rc=(883,228,1923,1035) title=什么什么大冒险2(①逍遥村敬老院)-自由三号_Sep 24 2026《什么什么大冒险》制作委员会QQ群:515616289
2026-10-02 15:36:16.888 [UI] TOP=002105DE vis=0 cls=DIEmWin rc=(-1,-1,135,38) title=DIEmWin
2026-10-02 15:36:17.275 [UI] TOP=0006063C vis=0 cls=IME rc=(0,0,0,0) title=Default IME
2026-10-02 15:36:17.284 [UI] TOP=002A0076 vis=0 cls=MSCTFIME UI rc=(0,0,0,0) title=MSCTFIME UI
2026-10-02 15:36:17.294 [UI] TOP=006D0AD4 vis=0 cls=IME rc=(0,0,0,0) title=Default IME
2026-10-02 15:36:17.294 [UI] TOP=001003D8 vis=0 cls=IME rc=(0,0,0,0) title=Default IME
2026-10-02 15:36:17.294 [UI] ---- window dump end ----
2026-10-02 15:36:18.429 [UI] auto-closing quiz frame: qno=10 opt=3
2026-10-02 15:36:18.437 [UI] option 3 control NOT found — falling back to digit key
2026-10-02 15:36:45.185 [SETTLE] exp=7054 gold=201745 len=393
2026-10-02 15:37:21.000 [SETTLE] exp=7110 gold=201745 len=393
2026-10-02 15:38:01.254 [SETTLE] exp=7670 gold=201745 len=393
2026-10-02 15:38:30.349 [SETTLE] exp=5690 gold=201745 len=393
2026-10-02 15:38:54.343 [SETTLE] exp=5576 gold=201745 len=393
2026-10-02 15:39:26.383 [SETTLE] exp=6572 gold=201745 len=393
2026-10-02 15:40:04.568 [SETTLE] exp=7170 gold=201745 len=393
2026-10-02 15:40:40.926 [SETTLE] exp=5744 gold=201745 len=393
2026-10-02 15:41:22.137 [SETTLE] exp=7230 gold=201745 len=393
2026-10-02 15:41:56.205 [SETTLE] exp=7112 gold=201745 len=393
2026-10-02 15:42:15.939 [OP] 4344 inv=FFF7 len=8 #1 a1ecfc0b4902392b
2026-10-02 15:42:19.042 [OP] 4345 inv=FFF7 len=8 #1 4f0e392b57e7c464
2026-10-02 15:42:26.488 [SETTLE] exp=7170 gold=201745 len=393
2026-10-02 15:42:48.099 [SETTLE] exp=5634 gold=201745 len=393
2026-10-02 15:42:54.239 [OP] 4344 inv=FFF7 len=8 #2 a1ecfc0b4902392b
2026-10-02 15:42:56.442 [OP] 4345 inv=FFF7 len=8 #2 4f0e392b57e7c464
2026-10-02 15:43:23.325 [SETTLE] exp=7174 gold=201745 len=393
2026-10-02 15:43:45.536 [SETTLE] exp=7110 gold=201745 len=393
2026-10-02 15:44:08.666 [SETTLE] exp=6110 gold=201745 len=393
2026-10-02 15:44:35.648 [SETTLE] exp=5632 gold=201745 len=393
2026-10-02 15:45:13.878 [SETTLE] exp=7170 gold=201745 len=403
2026-10-02 15:45:43.606 [SETTLE] exp=7170 gold=201745 len=393
2026-10-02 15:46:06.861 [SETTLE] exp=7226 gold=201745 len=393
2026-10-02 15:46:40.586 [SETTLE] exp=7110 gold=201745 len=393
2026-10-02 15:47:10.085 [SETTLE] exp=7170 gold=201745 len=393
2026-10-02 15:47:39.564 [SETTLE] exp=5690 gold=201745 len=393
2026-10-02 15:48:13.656 [SETTLE] exp=5574 gold=201745 len=393
2026-10-02 15:48:43.071 [SETTLE] exp=5748 gold=201745 len=403
2026-10-02 15:49:21.735 [SETTLE] exp=5744 gold=201745 len=393
2026-10-02 15:49:44.558 [SETTLE] exp=7050 gold=201745 len=393
2026-10-02 15:50:13.343 [SETTLE] exp=5632 gold=201745 len=393
2026-10-02 15:50:48.439 [SETTLE] exp=7050 gold=201745 len=393
2026-10-02 15:51:26.410 [SETTLE] exp=5226 gold=201745 len=393
2026-10-02 15:51:55.954 [SETTLE] exp=7054 gold=201745 len=393
2026-10-02 15:52:25.858 [SETTLE] exp=6114 gold=201745 len=393
2026-10-02 15:52:54.431 [SETTLE] exp=5632 gold=201745 len=393
2026-10-02 15:53:20.850 [SETTLE] exp=5690 gold=201745 len=393
2026-10-02 15:53:48.696 [SETTLE] exp=7110 gold=201745 len=393
2026-10-02 15:54:14.503 [SETTLE] exp=5632 gold=201745 len=393
2026-10-02 15:54:42.585 [SETTLE] exp=7108 gold=201745 len=393
2026-10-02 15:55:06.266 [SETTLE] exp=7056 gold=201745 len=393
2026-10-02 15:55:34.051 [SETTLE] exp=5692 gold=201745 len=403
2026-10-02 15:55:58.356 [SETTLE] exp=5574 gold=201745 len=393
2026-10-02 15:56:24.472 [SETTLE] exp=7226 gold=201745 len=393
2026-10-02 15:56:55.887 [SETTLE] exp=6994 gold=201745 len=393
2026-10-02 15:57:28.669 [SETTLE] exp=5574 gold=201745 len=393
2026-10-02 15:57:56.670 [SETTLE] exp=6994 gold=201745 len=393
2026-10-02 15:58:20.733 [SETTLE] exp=5744 gold=201745 len=393
2026-10-02 15:58:54.958 [SETTLE] exp=7166 gold=201745 len=393
2026-10-02 15:59:19.470 [SETTLE] exp=5686 gold=201745 len=393
2026-10-02 15:59:19.470 [SYS] 获得了#00FF00#1#FFF692#个#64FF7D#碧玉葫芦
2026-10-02 15:59:54.619 [SETTLE] exp=6998 gold=201745 len=393
2026-10-02 16:00:00.414 [SYS] 许愿池里多了一批新礼物，赶紧来许愿吧~
2026-10-02 16:00:25.687 [SETTLE] exp=7170 gold=201745 len=393
2026-10-02 16:00:55.407 [SETTLE] exp=6520 gold=201745 len=393
2026-10-02 16:01:31.680 [SETTLE] exp=5690 gold=201745 len=393
2026-10-02 16:02:05.623 [SETTLE] exp=5628 gold=201745 len=393
2026-10-02 16:02:46.166 [SETTLE] exp=7228 gold=201745 len=393
2026-10-02 16:03:11.180 [SETTLE] exp=5690 gold=201745 len=403
2026-10-02 16:03:45.660 [SETTLE] exp=7732 gold=201745 len=393
2026-10-02 16:04:09.069 [OUT] 1F04 inv=FFF6 len=13 #5 f6ff041fce1f805bcd510bdc22
2026-10-02 16:04:17.683 [SETTLE] exp=5690 gold=201745 len=393
2026-10-02 16:04:43.609 [SETTLE] exp=7226 gold=201745 len=393
2026-10-02 16:05:06.747 [SETTLE] exp=5692 gold=201745 len=393
2026-10-02 16:05:39.987 [SETTLE] exp=6994 gold=201745 len=393
2026-10-02 16:06:19.794 [SETTLE] exp=6174 gold=201745 len=403
2026-10-02 16:06:40.959 [SETTLE] exp=6994 gold=201745 len=403
2026-10-02 16:07:18.970 [SETTLE] exp=5692 gold=201745 len=393
2026-10-02 16:07:57.424 [SETTLE] exp=6110 gold=201745 len=393
2026-10-02 16:08:26.747 [SYS] 物品栏满
2026-10-02 16:08:26.837 [SETTLE] exp=5748 gold=201745 len=393
2026-10-02 16:08:55.923 [SETTLE] exp=5632 gold=201745 len=393
2026-10-02 16:09:32.896 [SETTLE] exp=5690 gold=201745 len=393
2026-10-02 16:10:07.626 [SETTLE] exp=6998 gold=201745 len=393
2026-10-02 16:10:37.588 [SETTLE] exp=5628 gold=201745 len=393
2026-10-02 16:11:06.957 [SYS] 物品栏满
2026-10-02 16:11:07.062 [SETTLE] exp=7112 gold=201745 len=393
2026-10-02 16:11:34.744 [SETTLE] exp=7170 gold=201745 len=403
2026-10-02 16:11:44.604 [QUESTION] {"type":"question","sock":1816,"qno":19,"field_a":101,"stem":"我国自己研制的火箭，已经多次成功的把什么送上太空？","options":["1、哈士奇","2、嫦娥","3、人造卫星","4、另一个太阳"]}
2026-10-02 16:11:45.606 [UI] auto dump on question qno=19
2026-10-02 16:11:45.606 [UI] ---- window dump begin (pid 36220) ----
2026-10-02 16:11:45.805 [UI] TOP=0008062E vis=0 cls=QBOvCls rc=(1223,595,1583,691) title=
2026-10-02 16:11:45.812 [UI] TOP=000E0354 vis=1 cls=ATL:012FF210 rc=(883,228,1923,1035) title=什么什么大冒险2(①逍遥村敬老院)-自由三号_Sep 24 2026《什么什么大冒险》制作委员会QQ群:515616289
2026-10-02 16:11:45.813 [UI] TOP=002105DE vis=0 cls=DIEmWin rc=(-1,-1,135,38) title=DIEmWin
2026-10-02 16:11:46.205 [UI] TOP=0006063C vis=0 cls=IME rc=(0,0,0,0) title=Default IME
2026-10-02 16:11:46.214 [UI] TOP=002A0076 vis=0 cls=MSCTFIME UI rc=(0,0,0,0) title=MSCTFIME UI
2026-10-02 16:11:46.233 [UI] TOP=006D0AD4 vis=0 cls=IME rc=(0,0,0,0) title=Default IME
2026-10-02 16:11:46.234 [UI] TOP=001003D8 vis=0 cls=IME rc=(0,0,0,0) title=Default IME
2026-10-02 16:11:46.234 [UI] ---- window dump end ----
2026-10-02 16:11:46.352 [SEND-ANSWER] qno=19 opt=2 ret=13 sock=1816
2026-10-02 16:11:46.402 [SYS] 测试通过！
2026-10-02 16:11:46.504 [SYS] 获得了#00FF00#100#FFF692#金币
2026-10-02 16:11:46.504 [CURRENCY] a=201745 b=234429
2026-10-02 16:11:48.153 [UI] auto-closing quiz frame: qno=19 opt=2
2026-10-02 16:11:48.158 [UI] option 2 control NOT found — falling back to digit key
2026-10-02 16:11:59.543 [SETTLE] exp=5744 gold=201745 len=393
2026-10-02 16:12:40.667 [SETTLE] exp=5574 gold=201745 len=393
2026-10-02 16:13:10.543 [SETTLE] exp=5632 gold=201745 len=393
2026-10-02 16:13:39.308 [SETTLE] exp=7112 gold=201745 len=393
2026-10-02 16:14:07.180 [SETTLE] exp=7110 gold=201745 len=393
2026-10-02 16:14:36.945 [SETTLE] exp=5692 gold=201745 len=393
2026-10-02 16:15:03.120 [SETTLE] exp=5174 gold=201745 len=393
2026-10-02 16:15:39.025 [SETTLE] exp=7174 gold=201745 len=403
2026-10-02 16:16:20.871 [SETTLE] exp=7110 gold=201745 len=393
2026-10-02 16:16:40.758 [SETTLE] exp=7058 gold=201745 len=393
2026-10-02 16:17:20.108 [SETTLE] exp=7228 gold=201745 len=393
2026-10-02 16:17:52.901 [SETTLE] exp=5628 gold=201745 len=393
2026-10-02 16:18:17.206 [SETTLE] exp=7670 gold=201745 len=393
2026-10-02 16:18:53.645 [SETTLE] exp=7174 gold=201745 len=393
2026-10-02 16:19:30.103 [SETTLE] exp=6994 gold=201745 len=393
2026-10-02 16:19:30.213 [OP] 4233 inv=FFFA len=5 #2 e77a7f51ec
2026-10-02 16:19:30.214 [OP] 40F6 inv=FFEF len=16 #2 4d5dad805b64510bdcfaa32bca805b61
2026-10-02 16:20:07.515 [SETTLE] exp=7226 gold=201745 len=393
2026-10-02 16:20:38.635 [SETTLE] exp=6520 gold=201745 len=403
2026-10-02 16:20:59.355 [SETTLE] exp=6572 gold=201745 len=393
2026-10-02 16:21:39.529 [SETTLE] exp=7054 gold=201745 len=393
2026-10-02 16:22:03.307 [SETTLE] exp=6174 gold=201745 len=393
2026-10-02 16:22:39.399 [SETTLE] exp=6994 gold=201745 len=393
2026-10-02 16:23:08.911 [SETTLE] exp=7670 gold=201745 len=393
2026-10-02 16:23:35.515 [SETTLE] exp=7050 gold=201745 len=393
2026-10-02 16:24:08.388 [SETTLE] exp=6110 gold=201745 len=393
2026-10-02 16:24:25.573 [SETTLE] exp=7110 gold=201745 len=393
2026-10-02 16:24:52.617 [SETTLE] exp=6110 gold=201745 len=393
2026-10-02 16:25:16.834 [SETTLE] exp=5748 gold=201745 len=393
2026-10-02 16:25:46.867 [SETTLE] exp=6994 gold=201745 len=393
2026-10-02 16:26:15.709 [SETTLE] exp=5632 gold=201745 len=393
2026-10-02 16:26:48.868 [SETTLE] exp=7050 gold=201745 len=393
2026-10-02 16:27:18.472 [SETTLE] exp=6994 gold=201745 len=393
2026-10-02 16:27:53.056 [SETTLE] exp=7174 gold=201745 len=393
2026-10-02 16:28:20.899 [SETTLE] exp=6994 gold=201745 len=393
2026-10-02 16:28:42.596 [SETTLE] exp=5748 gold=201745 len=393
2026-10-02 16:29:13.460 [SETTLE] exp=7228 gold=201745 len=403
2026-10-02 16:29:46.788 [SETTLE] exp=7050 gold=201745 len=403
2026-10-02 16:30:24.174 [SETTLE] exp=7170 gold=201745 len=393
2026-10-02 16:30:57.059 [SYS] 物品栏满
2026-10-02 16:30:57.154 [SETTLE] exp=5628 gold=201745 len=393
2026-10-02 16:31:40.200 [SETTLE] exp=5750 gold=201745 len=393
2026-10-02 16:32:03.582 [SETTLE] exp=5690 gold=201745 len=393
2026-10-02 16:32:33.477 [SETTLE] exp=6998 gold=201745 len=393
2026-10-02 16:33:15.379 [SETTLE] exp=7670 gold=201745 len=393
2026-10-02 16:33:41.165 [SETTLE] exp=7170 gold=201745 len=393
2026-10-02 16:34:13.717 [SETTLE] exp=5744 gold=201745 len=393
2026-10-02 16:34:38.910 [SETTLE] exp=5690 gold=201745 len=403
2026-10-02 16:35:16.827 [SETTLE] exp=6998 gold=201745 len=393
2026-10-02 16:35:54.302 [SETTLE] exp=7054 gold=201745 len=403
2026-10-02 16:36:36.048 [SETTLE] exp=7226 gold=201745 len=393
2026-10-02 16:37:03.142 [SETTLE] exp=7732 gold=201745 len=393
2026-10-02 16:37:31.243 [SETTLE] exp=7922 gold=201745 len=393
2026-10-02 16:37:53.236 [SETTLE] exp=6364 gold=201745 len=393
2026-10-02 16:38:31.615 [SETTLE] exp=7860 gold=201745 len=393
2026-10-02 16:39:08.880 [SYS] 物品栏满
2026-10-02 16:39:08.970 [SETTLE] exp=8050 gold=201745 len=393
2026-10-02 16:39:30.422 [SETTLE] exp=6364 gold=201745 len=393
2026-10-02 16:40:06.414 [SYS] 物品栏满
2026-10-02 16:40:06.508 [SETTLE] exp=6492 gold=201745 len=393
2026-10-02 16:40:26.090 [SETTLE] exp=8246 gold=201745 len=393
2026-10-02 16:40:37.615 [OUT] 0046 inv=FFF7 len=12 #4 f7ff4600a32b1f804064510b
2026-10-02 16:40:37.674 [OP] 4026 inv=FFC4 len=59 #4 08e6f0e430f16bca725b8dd5b2dcc45b2b38527a645861dc100d5d1faaec64626de6faf82c1faebab151ece2fae8cefd8095a2515052c2a353d680
2026-10-02 16:40:38.977 [OUT] 0046 inv=FFF7 len=12 #5 f7ff4600a32b1f80dc64510b
2026-10-02 16:40:39.079 [OP] 4026 inv=FFEA len=21 #5 4e948d4ad06ffaf82c1faec2f8b8d4c1bfa353d680
2026-10-02 16:40:53.875 [SETTLE] exp=8180 gold=201745 len=393
2026-10-02 16:41:44.379 [SETTLE] exp=8312 gold=201745 len=393
2026-10-02 16:42:21.738 [SYS] 物品栏满
2026-10-02 16:42:21.838 [SETTLE] exp=8114 gold=201745 len=393
2026-10-02 16:42:55.043 [SYS] 物品栏满
2026-10-02 16:42:55.141 [SETTLE] exp=6428 gold=201745 len=393
2026-10-02 16:43:13.482 [SYS] 物品栏满
2026-10-02 16:43:13.587 [SETTLE] exp=6364 gold=201745 len=393
2026-10-02 16:43:41.786 [SETTLE] exp=7796 gold=201745 len=393
2026-10-02 16:44:16.152 [SETTLE] exp=7922 gold=201745 len=393
2026-10-02 16:44:39.179 [SETTLE] exp=7796 gold=201745 len=393
2026-10-02 16:45:09.467 [SETTLE] exp=6236 gold=201745 len=403
2026-10-02 16:45:35.676 [SETTLE] exp=7670 gold=201745 len=393
2026-10-02 16:46:05.019 [SETTLE] exp=7112 gold=201745 len=393
2026-10-02 16:46:40.333 [SETTLE] exp=7226 gold=201745 len=403
2026-10-02 16:47:19.249 [SETTLE] exp=6110 gold=201745 len=393
2026-10-02 16:47:48.328 [SETTLE] exp=6110 gold=201745 len=393
2026-10-02 16:48:14.735 [SETTLE] exp=5748 gold=201745 len=393
2026-10-02 16:48:33.985 [SYS] 物品栏满
2026-10-02 16:48:34.086 [SETTLE] exp=7110 gold=201745 len=393
2026-10-02 16:48:51.565 [SETTLE] exp=6236 gold=201745 len=403
2026-10-02 16:49:12.817 [SETTLE] exp=6300 gold=201745 len=393
2026-10-02 16:49:47.032 [SETTLE] exp=6300 gold=201745 len=393
2026-10-02 16:50:18.388 [SETTLE] exp=7796 gold=201745 len=393
2026-10-02 16:50:46.222 [SETTLE] exp=6492 gold=201745 len=393
2026-10-02 16:51:07.780 [SETTLE] exp=7986 gold=201745 len=393
2026-10-02 16:51:28.098 [SETTLE] exp=6428 gold=201745 len=393
2026-10-02 16:51:58.445 [SETTLE] exp=6558 gold=201745 len=393
2026-10-02 16:52:31.189 [SETTLE] exp=6624 gold=201745 len=393
2026-10-02 16:52:58.992 [SYS] 物品栏满
2026-10-02 16:52:59.096 [SETTLE] exp=8180 gold=201745 len=393
2026-10-02 16:52:59.096 [OP] 40E6 inv=FFF3 len=12 #4 4d5dad80edc6510bdcfaa32b
2026-10-02 16:53:31.450 [SETTLE] exp=8180 gold=201745 len=393
2026-10-02 16:53:57.723 [SETTLE] exp=7986 gold=201745 len=393
2026-10-02 16:54:15.306 [SETTLE] exp=6364 gold=201745 len=393
2026-10-02 16:54:46.643 [SETTLE] exp=7986 gold=201745 len=393
2026-10-02 16:55:14.706 [SETTLE] exp=6364 gold=201745 len=393
2026-10-02 16:55:49.543 [SETTLE] exp=5924 gold=201745 len=393
2026-10-02 16:56:13.167 [SETTLE] exp=5442 gold=201745 len=403
2026-10-02 16:56:46.827 [SETTLE] exp=7466 gold=201745 len=403
2026-10-02 16:57:08.463 [SETTLE] exp=7466 gold=201745 len=393
2026-10-02 16:57:34.997 [SETTLE] exp=5924 gold=201745 len=393
2026-10-02 16:58:17.194 [SETTLE] exp=8050 gold=201745 len=393
2026-10-02 16:58:44.747 [SYS] 物品栏满
2026-10-02 16:58:44.842 [SETTLE] exp=8050 gold=201745 len=393
2026-10-02 16:59:09.966 [SETTLE] exp=7524 gold=201745 len=393
2026-10-02 16:59:29.023 [SYS] 物品栏满
2026-10-02 16:59:29.120 [SETTLE] exp=6558 gold=201745 len=393
2026-10-02 17:00:10.011 [SETTLE] exp=6558 gold=201745 len=393
2026-10-02 17:00:33.624 [SYS] 物品栏满
2026-10-02 17:00:33.725 [SETTLE] exp=6558 gold=201745 len=393
2026-10-02 17:00:57.623 [SETTLE] exp=6558 gold=201745 len=403
2026-10-02 17:01:31.025 [SETTLE] exp=6428 gold=201745 len=393
2026-10-02 17:01:56.936 [SETTLE] exp=7524 gold=201745 len=403
2026-10-02 17:02:39.031 [SETTLE] exp=6364 gold=201745 len=393
2026-10-02 17:03:03.939 [SETTLE] exp=6428 gold=201745 len=393
2026-10-02 17:03:23.930 [SETTLE] exp=5984 gold=201745 len=403
2026-10-02 17:03:43.059 [SETTLE] exp=6364 gold=201745 len=393
2026-10-02 17:04:05.192 [SETTLE] exp=5924 gold=201745 len=393
2026-10-02 17:04:32.103 [SETTLE] exp=5804 gold=201745 len=393
2026-10-02 17:05:07.966 [SETTLE] exp=5842 gold=201745 len=393
2026-10-02 17:05:37.481 [SETTLE] exp=5442 gold=201745 len=403
2026-10-02 17:06:16.187 [SYS] 物品栏满
2026-10-02 17:06:16.284 [SETTLE] exp=6738 gold=201745 len=393
2026-10-02 17:06:46.116 [SETTLE] exp=5390 gold=201745 len=393
2026-10-02 17:07:24.673 [SETTLE] exp=5804 gold=201745 len=393
2026-10-02 17:07:49.742 [SETTLE] exp=5924 gold=201745 len=393
2026-10-02 17:08:16.923 [SETTLE] exp=5924 gold=201745 len=393
2026-10-02 17:08:40.490 [SETTLE] exp=5924 gold=201745 len=393
2026-10-02 17:09:18.203 [SETTLE] exp=7524 gold=201745 len=403
2026-10-02 17:09:40.975 [SETTLE] exp=8114 gold=201745 len=393
2026-10-02 17:10:22.456 [SETTLE] exp=8050 gold=201745 len=393
2026-10-02 17:11:02.915 [SETTLE] exp=6558 gold=201745 len=393
2026-10-02 17:11:28.231 [SETTLE] exp=6690 gold=201745 len=393
2026-10-02 17:11:52.391 [SETTLE] exp=8246 gold=201745 len=393
2026-10-02 17:12:14.197 [SETTLE] exp=8180 gold=201745 len=403
2026-10-02 17:12:36.833 [SETTLE] exp=6364 gold=201745 len=393
2026-10-02 17:12:36.930 [SYS] 物品栏已满！
2026-10-02 17:13:05.331 [SETTLE] exp=7986 gold=201745 len=393
2026-10-02 17:13:42.985 [SETTLE] exp=7406 gold=201745 len=403
2026-10-02 17:14:09.940 [SETTLE] exp=6364 gold=201745 len=393
2026-10-02 17:14:42.334 [SETTLE] exp=5984 gold=201745 len=393
2026-10-02 17:15:11.478 [SETTLE] exp=6846 gold=201745 len=393
2026-10-02 17:15:44.757 [SETTLE] exp=6682 gold=201745 len=393
2026-10-02 17:16:15.056 [SETTLE] exp=4694 gold=201745 len=393
2026-10-02 17:16:46.887 [SETTLE] exp=5796 gold=201745 len=393
2026-10-02 17:17:12.594 [SETTLE] exp=7286 gold=201745 len=393
2026-10-02 17:17:47.156 [SETTLE] exp=6682 gold=201745 len=393
2026-10-02 17:18:22.145 [SETTLE] exp=5444 gold=201745 len=393
2026-10-02 17:18:58.811 [SETTLE] exp=5984 gold=201745 len=403
2026-10-02 17:19:31.904 [SETTLE] exp=7986 gold=201745 len=403
2026-10-02 17:20:09.520 [SETTLE] exp=5986 gold=201745 len=403
2026-10-02 17:20:47.973 [SETTLE] exp=5984 gold=201745 len=393
2026-10-02 17:21:05.569 [SETTLE] exp=7986 gold=201745 len=403
2026-10-02 17:21:34.622 [SYS] 物品栏满
2026-10-02 17:21:34.724 [SETTLE] exp=6492 gold=201745 len=393
2026-10-02 17:22:09.046 [SETTLE] exp=6364 gold=201745 len=393
2026-10-02 17:22:43.575 [SETTLE] exp=8312 gold=201745 len=393
2026-10-02 17:23:11.137 [SETTLE] exp=8246 gold=201745 len=393
2026-10-02 17:23:35.584 [SETTLE] exp=6558 gold=201745 len=393
2026-10-02 17:24:06.819 [SETTLE] exp=8180 gold=201745 len=403
2026-10-02 17:24:25.440 [SETTLE] exp=8050 gold=201745 len=393
2026-10-02 17:25:03.878 [SETTLE] exp=8114 gold=201745 len=393
2026-10-02 17:25:18.274 [SETTLE] exp=8050 gold=201745 len=393
2026-10-02 17:25:48.610 [SETTLE] exp=5984 gold=201745 len=393
2026-10-02 17:26:14.369 [SETTLE] exp=5924 gold=201745 len=393
2026-10-02 17:26:42.871 [SETTLE] exp=7524 gold=201745 len=403
2026-10-02 17:27:29.382 [SETTLE] exp=7286 gold=201745 len=393
2026-10-02 17:27:49.363 [SETTLE] exp=5446 gold=201745 len=393
2026-10-02 17:28:14.600 [SETTLE] exp=6626 gold=201745 len=393
2026-10-02 17:28:40.201 [SETTLE] exp=5280 gold=201745 len=393
2026-10-02 17:29:03.950 [SETTLE] exp=6678 gold=201745 len=393
2026-10-02 17:29:23.262 [SETTLE] exp=6682 gold=201745 len=393
2026-10-02 17:30:02.569 [SETTLE] exp=5442 gold=201745 len=403
2026-10-02 17:30:28.409 [SETTLE] exp=7406 gold=201745 len=403
2026-10-02 17:30:49.575 [SETTLE] exp=7524 gold=201745 len=393
2026-10-02 17:31:25.073 [SETTLE] exp=7406 gold=201745 len=393
2026-10-02 17:31:49.559 [SETTLE] exp=6364 gold=201745 len=393
2026-10-02 17:32:15.658 [SETTLE] exp=6428 gold=201745 len=393
2026-10-02 17:32:47.969 [SETTLE] exp=6364 gold=201745 len=393
2026-10-02 17:33:13.531 [SETTLE] exp=8050 gold=201745 len=393
2026-10-02 17:33:53.141 [SETTLE] exp=6624 gold=201745 len=393
2026-10-02 17:34:28.609 [SETTLE] exp=8114 gold=201745 len=403
2026-10-02 17:35:10.461 [SETTLE] exp=6624 gold=201745 len=393
2026-10-02 17:35:10.555 [SYS] 物品栏已满！
2026-10-02 17:35:51.018 [SETTLE] exp=8312 gold=201745 len=393
2026-10-02 17:36:20.554 [SETTLE] exp=8050 gold=201745 len=403
2026-10-02 17:36:42.527 [SETTLE] exp=7524 gold=201745 len=393
2026-10-02 17:37:04.971 [SETTLE] exp=7524 gold=201745 len=403
2026-10-02 17:37:49.932 [SETTLE] exp=5984 gold=201745 len=393
2026-10-02 17:38:07.982 [SETTLE] exp=7466 gold=201745 len=393
2026-10-02 17:38:28.228 [SETTLE] exp=5984 gold=201745 len=393
2026-10-02 17:38:54.990 [SYS] 物品栏满
2026-10-02 17:38:55.091 [SETTLE] exp=7286 gold=201745 len=393
2026-10-02 17:39:38.736 [SETTLE] exp=6738 gold=201745 len=393
2026-10-02 17:40:08.034 [SETTLE] exp=6682 gold=201745 len=393
2026-10-02 17:40:42.393 [SETTLE] exp=6788 gold=201745 len=393
2026-10-02 17:41:09.179 [SETTLE] exp=7344 gold=201745 len=403
2026-10-02 17:41:46.830 [SETTLE] exp=6736 gold=201745 len=403
2026-10-02 17:41:50.555 [QUESTION] {"type":"question","sock":1816,"qno":9,"field_a":75,"stem":".丝绸摩擦过的玻璃棒带哪种电?","options":["1、闪电侠","2、静电","3、闪电箭","4、闪电风暴"]}
2026-10-02 17:41:51.566 [UI] auto dump on question qno=9
2026-10-02 17:41:51.566 [UI] ---- window dump begin (pid 36220) ----
2026-10-02 17:41:51.870 [UI] TOP=0008062E vis=0 cls=QBOvCls rc=(1223,595,1583,691) title=
2026-10-02 17:41:51.880 [UI] TOP=000E0354 vis=1 cls=ATL:012FF210 rc=(957,199,1997,1006) title=什么什么大冒险2(①逍遥村敬老院)-自由三号_Sep 24 2026《什么什么大冒险》制作委员会QQ群:515616289
2026-10-02 17:41:51.884 [UI] TOP=002105DE vis=0 cls=DIEmWin rc=(-1,-1,135,38) title=DIEmWin
2026-10-02 17:41:52.278 [UI] TOP=0006063C vis=0 cls=IME rc=(0,0,0,0) title=Default IME
2026-10-02 17:41:52.300 [UI] TOP=002A0076 vis=0 cls=MSCTFIME UI rc=(0,0,0,0) title=MSCTFIME UI
2026-10-02 17:41:52.310 [UI] TOP=006D0AD4 vis=0 cls=IME rc=(0,0,0,0) title=Default IME
2026-10-02 17:41:52.310 [UI] TOP=001003D8 vis=0 cls=IME rc=(0,0,0,0) title=Default IME
2026-10-02 17:41:52.311 [UI] ---- window dump end ----
2026-10-02 17:41:53.276 [SEND-ANSWER] qno=9 opt=1 ret=13 sock=1816
2026-10-02 17:41:53.325 [SYS] 测试通过！
2026-10-02 17:41:53.420 [SYS] 获得了#00FF00#100#FFF692#金币
2026-10-02 17:41:53.420 [CURRENCY] a=201745 b=234529
2026-10-02 17:41:55.080 [UI] auto-closing quiz frame: qno=9 opt=1
2026-10-02 17:41:55.085 [UI] option 1 control NOT found — falling back to digit key
2026-10-02 17:42:10.093 [SETTLE] exp=5804 gold=201745 len=403
2026-10-02 17:42:38.994 [SETTLE] exp=7344 gold=201745 len=393
2026-10-02 17:43:16.521 [SETTLE] exp=7466 gold=201745 len=393
2026-10-02 17:43:45.366 [SETTLE] exp=7524 gold=201745 len=393
2026-10-02 17:44:22.972 [SETTLE] exp=7466 gold=201745 len=393
2026-10-02 17:44:46.335 [SETTLE] exp=6492 gold=201745 len=393
2026-10-02 17:45:11.459 [SETTLE] exp=6492 gold=201745 len=393
2026-10-02 17:45:48.718 [SETTLE] exp=8312 gold=201745 len=393
2026-10-02 17:46:30.101 [SETTLE] exp=8246 gold=201745 len=403
2026-10-02 17:47:05.388 [SETTLE] exp=8180 gold=201745 len=393
2026-10-02 17:47:34.638 [SYS] 物品栏满
2026-10-02 17:47:34.729 [SETTLE] exp=6558 gold=201745 len=393
2026-10-02 17:48:14.579 [SETTLE] exp=6690 gold=201745 len=393
2026-10-02 17:48:34.860 [SETTLE] exp=6492 gold=201745 len=393
2026-10-02 17:49:09.548 [SETTLE] exp=5986 gold=201745 len=393
2026-10-02 17:49:47.623 [SETTLE] exp=7466 gold=201745 len=403
2026-10-02 17:50:25.520 [SETTLE] exp=7524 gold=201745 len=393
2026-10-02 17:50:47.432 [SETTLE] exp=7406 gold=201745 len=393
2026-10-02 17:51:17.871 [SETTLE] exp=5804 gold=201745 len=393
2026-10-02 17:51:36.379 [SETTLE] exp=7344 gold=201745 len=393
2026-10-02 17:52:09.145 [SETTLE] exp=6682 gold=201745 len=393
2026-10-02 17:52:35.240 [SYS] 物品栏满
2026-10-02 17:52:35.343 [SETTLE] exp=5336 gold=201745 len=393
2026-10-02 17:53:04.831 [SETTLE] exp=6680 gold=201745 len=393
2026-10-02 17:53:35.102 [SETTLE] exp=6736 gold=201745 len=393
2026-10-02 17:54:16.984 [SETTLE] exp=6678 gold=201745 len=393
2026-10-02 17:54:55.734 [SETTLE] exp=6788 gold=201745 len=393
2026-10-02 17:55:33.511 [SETTLE] exp=7524 gold=201745 len=393
2026-10-02 17:56:18.475 [SETTLE] exp=7524 gold=201745 len=393
2026-10-02 17:56:41.956 [SETTLE] exp=7524 gold=201745 len=393
2026-10-02 17:57:13.907 [SETTLE] exp=7466 gold=201745 len=393
2026-10-02 17:57:33.092 [SETTLE] exp=6364 gold=201745 len=393
2026-10-02 17:57:56.008 [SYS] 物品栏满
2026-10-02 17:57:56.103 [SETTLE] exp=6428 gold=201745 len=393
2026-10-02 17:58:22.605 [SETTLE] exp=6428 gold=201745 len=393
2026-10-02 17:58:52.729 [SETTLE] exp=8246 gold=201745 len=403
2026-10-02 17:59:23.793 [SETTLE] exp=8180 gold=201745 len=393
2026-10-02 17:59:48.937 [SETTLE] exp=6624 gold=201745 len=393
2026-10-02 18:00:16.159 [SETTLE] exp=6428 gold=201745 len=393
2026-10-02 18:00:43.812 [SETTLE] exp=6492 gold=201745 len=393
2026-10-02 18:01:18.337 [SYS] 物品栏满
2026-10-02 18:01:18.445 [SETTLE] exp=7986 gold=201745 len=393
2026-10-02 18:01:55.704 [SETTLE] exp=5984 gold=201745 len=393
2026-10-02 18:02:28.247 [SETTLE] exp=6492 gold=201745 len=393
2026-10-02 18:02:56.903 [SETTLE] exp=7466 gold=201745 len=403
2026-10-02 18:03:20.870 [SETTLE] exp=5864 gold=201745 len=393
2026-10-02 18:03:41.542 [SETTLE] exp=6846 gold=201745 len=393
2026-10-02 18:04:13.067 [SYS] 物品栏满
2026-10-02 18:04:13.171 [SETTLE] exp=4646 gold=201745 len=393
2026-10-02 18:04:35.517 [SETTLE] exp=5332 gold=201745 len=393
2026-10-02 18:05:05.396 [SETTLE] exp=6792 gold=201745 len=393
2026-10-02 18:05:30.693 [SETTLE] exp=5336 gold=201745 len=393
2026-10-02 18:06:03.507 [SETTLE] exp=5282 gold=201745 len=393
2026-10-02 18:06:37.511 [SETTLE] exp=5804 gold=201745 len=403
2026-10-02 18:07:14.891 [SETTLE] exp=7466 gold=201745 len=393
2026-10-02 18:07:49.485 [SETTLE] exp=5984 gold=201745 len=393
2026-10-02 18:08:28.227 [SETTLE] exp=7986 gold=201745 len=403
2026-10-02 18:09:10.498 [SETTLE] exp=7986 gold=201745 len=393
2026-10-02 18:09:10.601 [SYS] 获得了#00FF00#1#FFF692#个#64FF7D#碧玉葫芦
2026-10-02 18:09:40.596 [SETTLE] exp=6428 gold=201745 len=393
2026-10-02 18:10:00.750 [SETTLE] exp=6364 gold=201745 len=393
2026-10-02 18:10:39.224 [SETTLE] exp=7986 gold=201745 len=393
2026-10-02 18:11:08.537 [SETTLE] exp=6428 gold=201745 len=393
2026-10-02 18:11:49.063 [SETTLE] exp=8176 gold=201745 len=393
2026-10-02 18:11:49.273 [OP] 4707 inv=FFF3 len=12 #4 4d5dad80baecfc0b17faa32b
2026-10-02 18:21:47.795 [OUT] 0030 inv=FFDE len=37 #1 deff300034a722a32b1f805be0510bdcb6a32b1feb066d0de38abbea2b1f805b64510bdcfa
2026-10-02 18:21:51.572 [OP] 4705 inv=FFB8 len=71 #5 e77a7f51af3e22a39ef3ce5bd82d0bdcfaa32b1fe96e64510bdcfaa331ca805b64510bdc6bdb2b1f805b645131dcfaa33a1f805b6651d286033d6643185b64510bdcfaa32b1f80
2026-10-02 18:21:59.659 [OUT] 0035 inv=FFF7 len=12 #2 f7ff35001f805b64b4b252fa
2026-10-02 18:23:00.787 [SYS] 物品栏满
2026-10-02 18:23:00.893 [SETTLE] exp=6436 gold=201745 len=393
2026-10-02 18:23:15.022 [SETTLE] exp=4464 gold=201745 len=393
2026-10-02 18:23:39.772 [SETTLE] exp=4826 gold=201745 len=393
2026-10-02 18:24:09.006 [SETTLE] exp=6310 gold=201745 len=393
2026-10-02 18:24:33.852 [SETTLE] exp=5932 gold=201745 len=393
2026-10-02 18:24:57.806 [SETTLE] exp=6372 gold=201745 len=393
2026-10-02 18:25:20.319 [SETTLE] exp=5872 gold=201745 len=393
2026-10-02 18:25:45.718 [SETTLE] exp=4344 gold=201745 len=393
2026-10-02 18:26:11.557 [SETTLE] exp=4656 gold=201745 len=393
2026-10-02 18:26:41.867 [SETTLE] exp=5754 gold=201745 len=393
2026-10-02 18:27:08.888 [SETTLE] exp=5754 gold=201745 len=393
2026-10-02 18:27:29.794 [SETTLE] exp=5396 gold=201745 len=403
2026-10-02 18:27:29.987 [SYS] #ff0000#您已进入野外区域，可能遭遇玩家间的自由对战，请注意安全！#ffffff#
2026-10-02 18:31:10.020 [QUESTION] {"type":"question","sock":1816,"qno":7,"field_a":72,"stem":"以下生物\"属于\"昆虫的是?","options":["1、猩猩队长","2、奔驰","3、擎天柱","4、七星瓢虫"]}
2026-10-02 18:31:11.024 [UI] auto dump on question qno=7
2026-10-02 18:31:11.025 [UI] ---- window dump begin (pid 36220) ----
2026-10-02 18:31:11.273 [UI] TOP=0008062E vis=0 cls=QBOvCls rc=(1223,595,1583,691) title=
2026-10-02 18:31:11.274 [UI] TOP=000E0354 vis=1 cls=ATL:012FF210 rc=(883,228,1923,1035) title=什么什么大冒险2(①逍遥村敬老院)-自由三号_Sep 24 2026《什么什么大冒险》制作委员会QQ群:515616289
2026-10-02 18:31:11.275 [UI] TOP=002105DE vis=0 cls=DIEmWin rc=(-1,-1,135,38) title=DIEmWin
2026-10-02 18:31:11.446 [SEND-ANSWER] qno=7 opt=3 ret=13 sock=1816
2026-10-02 18:31:11.508 [SYS] 测试通过！
2026-10-02 18:31:11.607 [SYS] 获得了#00FF00#100#FFF692#金币
2026-10-02 18:31:11.607 [CURRENCY] a=201745 b=234629
2026-10-02 18:31:11.678 [UI] TOP=0006063C vis=0 cls=IME rc=(0,0,0,0) title=Default IME
2026-10-02 18:31:11.680 [UI] TOP=002A0076 vis=0 cls=MSCTFIME UI rc=(0,0,0,0) title=MSCTFIME UI
2026-10-02 18:31:11.702 [UI] TOP=006D0AD4 vis=0 cls=IME rc=(0,0,0,0) title=Default IME
2026-10-02 18:31:11.702 [UI] TOP=001003D8 vis=0 cls=IME rc=(0,0,0,0) title=Default IME
2026-10-02 18:31:11.702 [UI] ---- window dump end ----
2026-10-02 18:31:13.252 [UI] auto-closing quiz frame: qno=7 opt=3
2026-10-02 18:31:13.262 [UI] option 3 control NOT found — falling back to digit key
2026-10-02 18:38:35.119 [SETTLE] exp=962 gold=201745 len=393
2026-10-02 18:38:51.384 [SYS] #FFF692#交纳传送费用#00CCFF#1810#FFF692#金币！
2026-10-02 18:38:51.478 [CURRENCY] a=201745 b=232819
2026-10-02 18:38:55.392 [SYS] #FFF692#交纳传送费用#00CCFF#1370#FFF692#金币！
2026-10-02 18:38:55.493 [CURRENCY] a=201745 b=233259
2026-10-02 18:39:11.603 [SYS] #FFF692#交纳传送费用#00CCFF#1370#FFF692#金币！
2026-10-02 18:39:11.703 [CURRENCY] a=201745 b=233259
2026-10-02 18:39:30.060 [OUT] 0050 inv=FFF7 len=12 #4 f7ff5000a32b1f805764510b
2026-10-02 18:39:30.120 [OP] 1014 inv=FFF2 len=13 #2 cb67ce5b64510bdcfa6d2b1f80
2026-10-02 18:39:30.211 [OP] 40F4 inv=FFF2 len=13 #2 7a23d0dcfaa32b1f800c64510b
2026-10-02 18:39:30.211 [SYS] 本地传送师已经认可你了，你可以从其他传送师那传送到这里！
2026-10-02 18:39:30.211 [OP] 4019 inv=FF73 len=140 #5 e787c4647b0bdcfaf8de1f80f96419ab5b1832e7b5714fde7660672d09a332f32de6b4e7aa4e16191c86f360052aa150c782e436d76725545d168bcf95483c49b3d2a8c8b927899ef0498822e151b06e6c1d41b4552c238c01026c7cd70587a49f1da3d97380eaa0532337a24f28c57feae957c737e3da28961154f9bc05b600a38059800d6417ad181ea3bb
2026-10-02 18:39:31.525 [OUT] 0051 inv=FFF7 len=12 #5 f7ff51005b64510b6ffaa32b
2026-10-02 18:39:41.237 [OUT] 0035 inv=FFF7 len=12 #3 f7ff35001f805b64b4b252fa
2026-10-02 18:39:45.745 [SYS] #FFF692#交纳传送费用#00CCFF#1810#FFF692#金币！
2026-10-02 18:39:45.867 [SYS] #ff0000#您已进入野外区域，可能遭遇玩家间的自由对战，请注意安全！#ffffff#
2026-10-02 18:39:45.868 [CURRENCY] a=201745 b=232819
2026-10-02 18:40:24.514 [OUT] 0050 inv=FFF7 len=12 #5 f7ff5000a32b1f80d064510b
2026-10-02 18:40:34.785 [OUT] 0035 inv=FFF7 len=12 #4 f7ff35001f805b64fb8052fa
2026-10-02 18:41:58.798 [OP] 40C0 inv=FFF5 len=10 #3 4d5dad80daf1580b6fae
2026-10-02 18:42:18.948 [OUT] 0055 inv=FFE1 len=34 #3 e1ff550088b6715b9e4e5b6449ecdcfa0853b8aa95df51ec8f9fd25df2f7396fb70c
2026-10-02 18:42:19.028 [OP] 40C1 inv=FFF2 len=13 #3 cb67ce5b64510bdcfaa32b1f80
2026-10-02 18:42:19.129 [CURRENCY] a=201745 b=258842
2026-10-02 18:42:28.508 [OUT] 0255 inv=EFE2 len=260 #4 e2ef55020bdcfaa35c9d805b85c5cef3679f2a4588f22337b824a1ba2a696e5aa8dc03acb0e7dc9fc582783795f6d49185eb5382d294b94e26c6c3ebd69e52f18a7a7c5b2eb169212c376175b94f4efef91e5bc995ac264254e2c5822fc795e4cbc3715a8bb1fe0cddf2ea70e40c53ec9402104e26c6c3ebd6a24dab5e4ba1c9d845a87dc44b167a76fa30d602378971c624a1ba25695dcc1937c6ce284f4efe8eb1190cddf67eba30fea3fce971c648c0ba0fc453422c4b167a76fa30d602378971c648c0ba0f025368c1a3a00178c35b4138e1aec9670ea15bf9211816946edb3c146d85ebe0b1fe4b167a76fa30d60237e971c6377c9d30b172b69402ff2026cd5afa
2026-10-02 18:42:46.686 [SETTLE] exp=2368 gold=201745 len=413
2026-10-02 18:43:14.511 [SETTLE] exp=2051 gold=201745 len=393
2026-10-02 18:43:15.721 [SYS] #ff0000#您已进入野外区域，可能遭遇玩家间的自由对战，请注意安全！#ffffff#
2026-10-02 18:43:48.690 [SETTLE] exp=6957 gold=201745 len=393
2026-10-02 18:44:19.274 [SETTLE] exp=7011 gold=201745 len=403
2026-10-02 18:44:37.656 [SETTLE] exp=5714 gold=201745 len=393
2026-10-02 18:45:23.772 [OUT] 0035 inv=FFF7 len=12 #5 f7ff35001f805b64b4b252fa
2026-10-02 18:46:04.026 [SETTLE] exp=7406 gold=201745 len=393
2026-10-02 18:46:41.720 [SETTLE] exp=7524 gold=201745 len=393
2026-10-02 18:47:16.680 [SETTLE] exp=5984 gold=201745 len=393
2026-10-02 18:47:46.878 [SETTLE] exp=8050 gold=201745 len=403
2026-10-02 18:48:33.846 [SETTLE] exp=6492 gold=201745 len=393
2026-10-02 18:48:51.887 [SETTLE] exp=6558 gold=201745 len=393
2026-10-02 18:49:22.126 [SETTLE] exp=8246 gold=201745 len=393
2026-10-02 18:50:27.202 [SETTLE] exp=-27356 gold=201745 len=393
2026-10-02 18:50:27.244 [OP] 4707 inv=FFF3 len=12 #5 4d5dad80a1ecfc0b17faa32b
2026-10-02 18:50:37.926 [OUT] 0178 inv=FFFB len=8 #2 fbff7801e85c9db6
2026-10-02 18:50:38.073 [OP] 404D inv=FE47 len=440 #2 e787c464000b3802d1dc1f809564580b34fa392bdba45b64580b6ffaa32ba0805ac5510b6ffaf82b7480dc6489b3dcfaf82bca809564ab0b33c0a32bca809564ec0b6ffa32671f809564580b90fa132bc1565b64580b6ffa2d2ba8800227510b6ffaf82bad8068640245dcfaf82bca80c764580b67b8a32bca809564b20bfefa8d571f809564580b6dfaf82bdba45b64580b6ffa462ba08024fa510b6ffaf82b
2026-10-02 18:50:48.165 [OP] 1014 inv=FFF2 len=13 #3 cb67ce5b64510bdcfa1b2b1f80
2026-10-02 18:50:48.236 [OP] 40F4 inv=FFF2 len=13 #3 7a23d0dcfaa32b1f80d464510b
2026-10-02 18:50:48.236 [SYS] 本地传送师已经认可你了，你可以从其他传送师那传送到这里！
2026-10-02 18:50:51.318 [SYS] #FFF692#交纳传送费用#00CCFF#1370#FFF692#金币！
2026-10-02 18:50:51.420 [CURRENCY] a=201745 b=257472
2026-10-02 18:50:55.347 [SYS] #FFF692#交纳传送费用#00CCFF#1810#FFF692#金币！
2026-10-02 18:50:55.421 [SYS] #ff0000#您已进入野外区域，可能遭遇玩家间的自由对战，请注意安全！#ffffff#
2026-10-02 18:50:55.421 [CURRENCY] a=201745 b=257032
2026-10-02 18:51:44.466 [SETTLE] exp=0 gold=201745 len=393
2026-10-02 18:51:45.990 [SYS] #ff0000#您已进入野外区域，可能遭遇玩家间的自由对战，请注意安全！#ffffff#
2026-10-02 18:55:55.568 [PIPE] controller disconnected
2026-10-02 18:56:02.743 [PIPE] controller connected
2026-10-02 19:08:50.900 [OP] 4704 inv=FFDE len=33 #3 af3e22a39ef3ce5ba0510bdcc5a32b1f3cc83369938c0ba32b1f805b64510bdcfa
2026-10-02 19:08:53.063 [OUT] 0031 inv=FFCE len=53 #3 ceff31006451915233b4de1f4f5b6451b9dcfaa32b1f805b75510bdce8a32b1f805b6451a2da2bf0b3bb341a64510bdcfaa32b1f80
2026-10-02 19:09:30.649 [SETTLE] exp=5392 gold=201745 len=393
2026-10-02 19:10:01.874 [SETTLE] exp=7344 gold=201745 len=403
2026-10-02 19:10:05.045 [PIPE] controller disconnected
2026-10-02 19:10:30.301 [SETTLE] exp=5804 gold=201745 len=403
2026-10-02 19:10:49.924 [SETTLE] exp=7466 gold=201745 len=393
2026-10-02 19:11:22.033 [SETTLE] exp=6428 gold=201745 len=393
2026-10-02 19:11:42.055 [INIT] dll unloaded
2026-10-02 19:12:54.296 [INIT] dll loaded, pid=36220
2026-10-02 19:12:54.296 [INIT] codec loaded OK
2026-10-02 19:12:54.296 [INIT] iat hooks: recv=1 send=1 WSASend=1 connect=1 closesocket=1
2026-10-02 19:12:54.355 [PIPE] controller connected
2026-10-02 19:12:55.593 [SETTLE] exp=6492 gold=201745 len=393
2026-10-02 19:12:55.593 [OP] 472A inv=FE76 len=393 #1 02d8de1ff8c164510bdcfaa32b1f805b64510bdcc4a32b1f805b64510bdcfaa376ad805b64510bdc0ffd2b1f805b64511d52faa32b1f805b64510bdcfaa32b1f10f964510bdcfaa32b1f805b64510bdcfaa32b1f805b64510bdcfaa32b1f805b64510bdcfaa32b1f805b64510bdcfaa32b1f805b64510bdcfaa32b1f805b64510bdcfaa32b1f805b64510bdc13f82b1fa59564513b6ffaa3b91f805b81a55215
2026-10-02 19:12:55.696 [OP] 42CE inv=FFFB len=4 #1 c87f510b
2026-10-02 19:12:55.696 [OP] 4211 inv=FFF6 len=9 #1 aa5b64515ca722a34a
2026-10-02 19:12:55.696 [OP] 4211 inv=FFF6 len=9 #2 aa5b6451c03e22a34a
2026-10-02 19:12:55.696 [OP] 4211 inv=FFF6 len=9 #3 aa5b6451cd3e22a34a
2026-10-02 19:12:55.696 [OP] 4211 inv=FFF6 len=9 #4 aa5b645134a722a34a
2026-10-02 19:12:55.804 [OP] 47C0 inv=FFE1 len=30 #1 0faac4018ffd6fe089d0b25ae8da31ec8baf73749be8add958b128f7897d
2026-10-02 19:12:55.804 [OP] 47C0 inv=FFEA len=21 #2 51cac7e8da31ec8baf73749be8add958b128f7897d
2026-10-02 19:12:55.805 [OP] 47C0 inv=FFF3 len=12 #3 0253cae8add958b128f7897d
2026-10-02 19:12:55.805 [OP] 47C0 inv=FFF3 len=12 #4 0253ca967fd958b128f7897d
2026-10-02 19:12:55.805 [OP] 47C0 inv=FFF3 len=12 #5 0253ca98add958d0a40b3b7d
2026-10-02 19:12:59.710 [OP] 40A0 inv=FF43 len=188 #1 a1ecfc0b52fadb2b00775b648ad0dcfadb4a0e3c9340173cdcfaa32b1f805b64510bdcfaa32b1f805b64510bdcfaa32b1f805b64510bdcfaa32b1f8070536c7f795bad9378775b648ad0dcfadb4a0e3c9340173cdcfaa32b1f805b64510bdcfaa32b1f805b64510bdcfaa32b1f805b64510bdcfaa32b1f805c5303c4365b29ce65775b64a9d0dcfadb4a394c8a70ae6f186679cf1f805b64510bdcfaa32b1f80
2026-10-02 19:12:59.710 [OP] 4613 inv=FF3F len=192 #1 ad94e6af58d5dcfe2924caaaf3990eec6f51c293b906948d4ba62322f853ca805bdf58ec6fb4bcda34b395e0510b74b3a3d91faa5b640b8507d90e6cac805b64992fe7c4202b97b194dc023ca743ba5337df95c8ffb779e8352ecaaa95df510b6fc4f8534745326f43ec68fadbebd9804064580bdc5b16876c842d43900bdcfa9c1c10aa4064291790104263bc7913195826e3c4a646d741550758ec6fc4a32b
2026-10-02 19:12:59.710 [OP] 4613 inv=FF3F len=192 #2 ad94e6af58d5dcfe2924caaaf3990eec6f51c293b906948d4ba62322f853ca805bdf58ec6fb4bcda34b395e0510bdc11a3d91faa5b640b8507d90e6cac805b64992fe7c4202b97b194dc023ca743ba5337df95c8ffb779e8352ecaaa95df510b6fc4f8534745326f43ec68fadb5365804064580bdc5b16876c842d43900bdcfa9c1c10aa4064291790104263bc7913195826e3c4a646d741550758ec6fc4a32b
2026-10-02 19:13:00.822 [OP] 46FE inv=FFFF len=0 #1 
2026-10-02 19:13:01.019 [OP] 4211 inv=FFF6 len=9 #5 aa5b6451a4a722a34a
2026-10-02 19:13:01.229 [OP] 4613 inv=FF7E len=129 #3 f8b82fe7c4202b383fc3dc0259585b960e62830ff8cdcf6fb4a0d47079af8a83ec6fc4f82b1faa95df519ba9374651ca1e5bf8510bdce8a3531f804040986c2ab7d62b1f80f1fdfeece6faf853979ac35503756fc4f88cbd79958c1ed06fc4f82b1faa95df519ba9374651ca2a5b64310bdce8a3531f8040ef555c8aa2512b1f80
2026-10-02 19:13:01.230 [OP] 4613 inv=FFC2 len=61 #4 aaf1fdfeece6faf853979ac35503756fc4f88cbd79958c1ed06fc4f82b1faa95df519ba9374651ca2a5b64310bdce8a3531f8040ef555c8aa2512b1f80
2026-10-02 19:13:06.150 [OUT] 1F51 inv=FFFF len=4 #1 ffff511f
2026-10-02 19:13:06.152 [OP] 4612 inv=FFEF len=16 #1 c464510b07c2392bb507c464408052fa
2026-10-02 19:13:06.154 [OP] 4612 inv=FFF3 len=12 #2 90faa32bb507c464408052fa
2026-10-02 19:13:06.154 [OP] 4612 inv=FFF7 len=8 #3 ca805b64408052fa
2026-10-02 19:13:06.254 [OP] 4F52 inv=FFFF len=0 #1 
2026-10-02 19:13:09.218 [OP] 4100 inv=FFF9 len=6 #1 051279f1b0d0
2026-10-02 19:13:09.348 [OUT] 1F51 inv=FFFF len=4 #2 ffff511f
2026-10-02 19:13:09.401 [OP] 4101 inv=FC6D len=914 #1 4d5dad809564510bdcfaa32bc8d97b81510bdcfaa32b1f805b64510bdcfaa32b1f805b64510bdcfa87429d4e5b6437fddcfaa32b1f80b1d9510bdcfaa32b1f805b64510bdcfa603bad80c464510bdcfaa32bf6455b645943dcfa83931f80807a510b155a4e78c8d97b81a552155ada2b1f807b81a5526f3016876c842d437f0bdcfaa32b1f805b64519ee6faa32b1f805bdbfd0bdcfaa32b1f805b64510bdcfa
2026-10-02 19:13:09.492 [OP] 4F52 inv=FFFF len=0 #2 
2026-10-02 19:13:10.290 [OUT] 1001 inv=FFF9 len=10 #1 f9ff01101f805b64510b
2026-10-02 19:13:10.432 [OP] 4108 inv=FFE3 len=28 #1 e787c464510bdcfa5f531f80d8f8510bce4051421f805b64510bdcfa
2026-10-02 19:13:10.534 [OP] 4108 inv=FFE3 len=28 #2 e787c464510bdcfa4d531f80d8f8510bce4051ed1f805b64510bdcfa
2026-10-02 19:13:10.534 [OP] 4108 inv=FFF3 len=12 #3 4f0e392b1f805b64510bdcfa
2026-10-02 19:13:10.534 [OP] 4108 inv=FFF3 len=12 #4 4f0e392b1f805b64580bdcfa
2026-10-02 19:13:10.534 [OP] 4108 inv=FFF3 len=12 #5 4f0e392b1f805b640e0bdcfa
2026-10-02 19:13:10.627 [OP] 4104 inv=FFFB len=4 #1 86d31f80
2026-10-02 19:13:10.628 [OP] 4104 inv=FFFB len=4 #2 dcd31faa
2026-10-02 19:13:10.628 [OP] 4104 inv=FFFB len=4 #3 86d31fc7
2026-10-02 19:13:10.628 [OP] 4104 inv=FFFB len=4 #4 86d31fce
2026-10-02 19:13:10.628 [OP] 4104 inv=FFFB len=4 #5 86d31f12
2026-10-02 19:13:12.667 [OP] 4105 inv=FFFE len=1 #1 cd
2026-10-02 19:13:12.667 [OP] 4105 inv=FFFE len=1 #2 af
2026-10-02 19:13:12.777 [OP] 4106 inv=FFFC len=3 #1 e54632
2026-10-02 19:13:12.777 [OP] 4106 inv=FFFC len=3 #2 5139cb
2026-10-02 19:13:12.870 [OP] 4105 inv=FFFE len=1 #3 b2
2026-10-02 19:13:13.025 [OP] 4109 inv=FE8B len=372 #1 a1ecfc0b6ffa46d91f805b64510bdcfaf82b1f806e6401c402facccead806b64580bdcfae13b1f80c4cd510bdcc4a32b1f5ea86477ecdcfa8d2b1f805b64510bdcfaa32bca805b64dfb2dcfa393bca805b64510bdcc4a32bca805b64dfb2dcfa393b59805b64510bdcfaa32bca805b64dfb2dcfa393bad805bdf510bdcfaa32b23aa5b6401ba710ea32b1f801e9f510b6ffaa32bf4075b64fcb28bfaa3531f80
2026-10-02 19:13:13.132 [OP] 4106 inv=FFFD len=2 #3 a33b
2026-10-02 19:13:13.132 [OP] 4105 inv=FFFE len=1 #4 ec
2026-10-02 19:13:13.132 [OP] 4106 inv=FFFD len=2 #4 a353
2026-10-02 19:13:13.132 [OP] 4105 inv=FFFE len=1 #5 b1
2026-10-02 19:13:13.132 [OP] 4106 inv=FFFD len=2 #5 a34a
2026-10-02 19:13:13.133 [OP] 4111 inv=FFFD len=2 #1 6bdf
2026-10-02 19:13:13.313 [OP] EFFE inv=FFFE len=1 #1 0b
2026-10-02 19:13:15.723 [OP] 4109 inv=FFB7 len=72 #2 e787c464517f6fc4a32b1f805b64510b07faa32bca075b6f87b1dcfa40ce1f806bdf0e0b07faa32b39125b640eeca7faa32b1f805bdf510b8222a32b39125b64080ba7faa32b1f80
2026-10-02 19:13:15.832 [OP] 4111 inv=FFFD len=2 #2 9564
2026-10-02 19:13:17.123 [OP] 4109 inv=FFB7 len=72 #3 e787c464517f6fc4a3d91f805b64510b07faa32b9dca5b6f87b1dcfa40ce1f8027260e0b07faa32b39125b640eb1c6faa32b1f805bdf510b8222a32b39125b64080bc6faa32b1f80
2026-10-02 19:13:17.220 [OP] 4111 inv=FFFD len=2 #3 1c64
2026-10-02 19:13:17.301 [PIPE] controller disconnected
2026-10-02 19:13:18.535 [OP] 4109 inv=FFA7 len=88 #4 418052faa393caaa5bdf510bdcfaa32bb9805b640e6ddcae1d4a1f80646f510b3be8db2bb9805b6487b1dcfadb939b805b64510bdcc4a32bb2ce5b6487b1dcfadb2b9b805bdf510b05c4a32b2faa5b64510bdcfaa32b1f80
2026-10-02 19:13:18.633 [OP] 4111 inv=FFFD len=2 #4 9464
2026-10-02 19:13:19.503 [OUT] 1F51 inv=FFFF len=4 #3 ffff511f
2026-10-02 19:13:19.555 [OP] 4F52 inv=FFFF len=0 #3 
2026-10-02 19:13:19.829 [OP] 4109 inv=FF87 len=120 #5 a1ecfc0bdce8f8931f805b64510bdcfaa62b1f805bc6510b6ef4a32bc0ef5b642d0b90e8a62b1f80f326510b90fa722b1f805b64510bdcfa96de1f80f326510b90fa722b1faa5b648fecdcfa31931f805b64510bdcfaa32bc0ef5b645fc4dcfaa37829805bdf510b32c4a32bca805b64510bdcfaa32b1f80
2026-10-02 19:13:19.935 [OP] 4111 inv=FFFD len=2 #5 5b64
2026-10-02 19:13:19.936 [OP] 4112 inv=FFFD len=2 #1 02c4
2026-10-02 19:13:21.350 [OP] 4112 inv=FFFD len=2 #2 6fc4
2026-10-02 19:13:21.350 [OP] 4112 inv=FFFD len=2 #3 90c4
2026-10-02 19:13:21.351 [OP] 4112 inv=FFFD len=2 #4 8bc4
2026-10-02 19:13:23.328 [OP] EFFE inv=FFFE len=1 #2 0b
2026-10-02 19:13:23.421 [PIPE] controller connected
2026-10-02 19:13:24.033 [OP] 4112 inv=FFFD len=2 #5 dcc4
2026-10-02 19:13:28.687 [SETTLE] exp=8180 gold=201745 len=393
2026-10-02 19:13:28.687 [OP] 472A inv=FE76 len=393 #2 02d8de1fb42264510bdcfaa32b1f805b64510bdcc4a32b1f805b64510bdcfaa3179d805b64510bdce1392b1f805b64511d52faa32b1f805b64510bdcfaa32b1f10f964510bdcfaa32b1f805b64510bdcfaa32b1f805b64510bdcfaa32b1f805b81a55215faa32b1f805b64510bdcfaa32b1f805b64510bdcfaa32b1f805b64510bdcfaa32b1f805b64510bdcd8a32b1f6595645185dcfaa3b91f805bef510bdc
2026-10-02 19:13:28.784 [OP] 42CE inv=FFFB len=4 #2 c87f510b
2026-10-02 19:13:30.713 [OUT] 004E inv=FFFA len=9 #1 faff4e00e9580bdcc4
2026-10-02 19:13:30.855 [OP] 4612 inv=FFF3 len=12 #4 90faa32b2e87c4640db252fa
2026-10-02 19:13:30.855 [OP] 4612 inv=FFF3 len=12 #5 90faa32b2e87c4640db252fa
2026-10-02 19:13:30.959 [OP] 4029 inv=FFDF len=32 #1 a1ecfc0b27f4a32b1f805b642fd0dcfaa32b1f8011f8510b6fc4a32bfa809564
2026-10-02 19:13:31.064 [OP] 46FE inv=FFFF len=0 #2 
2026-10-02 19:13:34.814 [OP] 4100 inv=FFF9 len=6 #2 0512d9c62dc4
2026-10-02 19:13:34.933 [OUT] 1F51 inv=FFFF len=4 #4 ffff511f
2026-10-02 19:13:34.988 [OP] 4101 inv=FCA5 len=858 #2 418052faf82b1f805b64510b155a4e781f805b64510bdcfaa32b1f805b64510bdcfaa32b1f805b647c448b25a32b45ca5b64510bdcfac37c1f805b64510bdcfaa32b1f805b6412b252fa392b1f805b64510bb2dca32bd13b5b64cb7fdcfa5acb1f807b81a552155a4e78c8d97b81530bdcfa4e78c8d995a9bc595ab12b21ac805b64510bdcfaa32b1f4d4064510bdcfaa37634805b64510bdcfaa32b1f805b64
2026-10-02 19:13:35.079 [OP] 4F52 inv=FFFF len=0 #4 
2026-10-02 19:13:35.865 [OUT] 1001 inv=FFF9 len=10 #2 f9ff01101f805b64510b
2026-10-02 19:13:43.362 [OP] EFFE inv=FFFE len=1 #3 0b
2026-10-02 19:13:45.091 [OUT] 1F51 inv=FFFF len=4 #5 ffff511f
2026-10-02 19:13:45.144 [OP] 4F52 inv=FFFF len=0 #5 
2026-10-02 19:13:53.375 [OP] EFFE inv=FFFE len=1 #4 0b
2026-10-02 19:13:54.128 [SETTLE] exp=6428 gold=201745 len=393
2026-10-02 19:13:54.129 [OP] 472A inv=FE76 len=393 #3 02d8de1ff6c164510bdcfaa32b1f805b64510bdce8a32b1f805b64510bdcfaa351ad805b64510bdc0ffd2b1f805b64511d52faa32b1f805b64510bdcfaa32b1f10f964510bdcfaa32b1f805b64510bdcfaa32b1f805b64510bdcfaa32b1f805b64510bdcfaa32b1f805b64510bdcfaa32b1f805b64510bdcfaa32b1f805b64510bdcfaa32b1f805b64510bdcf9db2b1f265b64513b6ffaa3b91f805b81a55215
2026-10-02 19:13:54.226 [OP] 42CE inv=FFFB len=4 #3 c87f510b
2026-10-02 19:13:59.253 [OP] 4100 inv=FFF9 len=6 #3 0512a8b027c4
2026-10-02 19:13:59.359 [OP] 4101 inv=FCA5 len=858 #3 418052faf82b1f805b64510b155a4e781f805b64510bdcfaa32b1f805b64510bdcfaa32b1f805b647c448b25a32b45ca5b64510bdcfac37c1f805b64510bdcfaa32b1f805b6412b252fa392b1f805b64510bb2dca32bd13b5b64cb7fdcfa5acb1f807b81a552155a4e78c8d97b81530bdcfa4e78c8d995a9bc595ab12b21ac805b64510bdcfaa32b234d4064510bdcfaa37634805b64510bdcfaa32b1f805b64
2026-10-02 19:14:00.334 [OUT] 1001 inv=FFF9 len=10 #3 f9ff01101f805b64510b
2026-10-02 19:14:01.247 [OP] 46FE inv=FFFF len=0 #3 
2026-10-02 19:14:13.407 [OP] EFFE inv=FFFE len=1 #5 0b
2026-10-02 19:14:21.557 [SETTLE] exp=6428 gold=201745 len=393
2026-10-02 19:14:21.557 [OP] 472A inv=FE76 len=393 #4 02d8de1ff6c164510bdcfaa32b1f805b64510bdce8a32b1f805b64510bdcfaa351ad805b64510bdc0ffd2b1f805b64511d52faa32b1f805b64510bdcfaa32b1f10f964510bdcfaa32b1f805b64510bdcfaa32b1f805b64510bdcfaa32b1f805b64510bdcfaa32b1f805b64510bdcfaa32b1f805b64510bdcfaa32b1f805b64510bdcfaa32b1f805b64510bdcf9db2b1f265b64513b6ffaa3b91f805b81a55215
2026-10-02 19:14:21.652 [OP] 42CE inv=FFFB len=4 #4 c87f510b
2026-10-02 19:14:24.691 [OP] 4100 inv=FFF9 len=6 #4 0512babed3c4
2026-10-02 19:14:25.008 [OP] 4101 inv=FCA5 len=858 #4 418052faf82b1f805b64510b155a4e781f805b64510bdcfaa32b1f805b64510bdcfaa32b1f805b647c448b25a32b45ca5b64510bdcfac37c1f805b64510bdcfaa32b1f805b6412b252fa392b1f805b64510bb2dca32bd13b5b64cb7fdcfa5acb1f807b81a552155a4e78c8d97b81530bdcfa4e78c8d995a9bc595ab12b21ac805b64510bdcfaa32b1f4d4064510bdcfaa37634805b64510bdcfaa32b1f805b64
2026-10-02 19:14:25.754 [OUT] 1001 inv=FFF9 len=10 #4 f9ff01101f805b64510b
2026-10-02 19:14:31.554 [OP] 46FE inv=FFFF len=0 #4 
2026-10-02 19:14:43.045 [SETTLE] exp=6364 gold=201745 len=393
2026-10-02 19:14:43.046 [OP] 472A inv=FE76 len=393 #5 02d8de1f0f7464510bdcfaa32b1f805b64510bdce8a32b1f805b64510bdcfaa3f1ad805b64510bdc0ffd2b1f805b64511d52faa32b1f805b64510bdcfaa32b1f10f964510bdcfaa32b1f805b64510bdcfaa32b1f805b64510bdcfaa32b1f805b64510bdcfaa32b1f805b64510bdcfaa32b1f805b64510bdcfaa32b1f805b64510bdcfaa32b1f805b64510bdcf9db2b1f009464513b6ffaa3f1ca805b81a55215
2026-10-02 19:14:43.133 [OP] 42CE inv=FFFB len=4 #5 c87f510b
2026-10-02 19:14:45.910 [OP] 4722 inv=FFEC len=19 #1 cb67ce5bb023d0dc5a4e78c8c7bf64510b3e22
2026-10-02 19:14:48.165 [OP] 4100 inv=FFF9 len=6 #5 05125bac01c4
2026-10-02 19:14:48.341 [OP] 4101 inv=FCA5 len=858 #5 418052faf82b1f805b64510b155a4e781f805b64510bdcfaa32b1f805b64510bdcfaa32b1f805b647c448b25a32b45ca5b64510bdcfac37c1f805b64510bdcfaa32b1f805b6412b252fa392b1f805b64510bb2dca32bd13b5b64cb7fdcfa5acb1f807b81a552155a4e78c8d97b81530bdcfa4e78c8d995a9bc595ab12b21ac805b64510bdcfaa32b784d4064510bdcfaa3dda5805b64510bdcfaa32b1f805b64
2026-10-02 19:14:49.241 [OUT] 1001 inv=FFF9 len=10 #5 f9ff01101f805b64510b
2026-10-02 19:15:01.758 [OP] 46FE inv=FFFF len=0 #5 
2026-10-02 19:15:04.611 [SETTLE] exp=5984 gold=201745 len=393
2026-10-02 19:15:04.718 [SYS] 获得了#00FF00#1#FFF692#个#64FF7D#紫金红葫芦
2026-10-02 19:15:04.718 [OP] 4020 inv=FFE7 len=24 #1 418052fa672bca8094ecfc0be9a7a32bca809564a60b6ffa
2026-10-02 19:15:04.731 [OUT] 0045 inv=FFF7 len=12 #1 f7ff4500510bdcfa8f2b1f80
2026-10-02 19:15:04.846 [OP] 4025 inv=FFF5 len=10 #1 8f533832c4df51ece2fa
2026-10-02 19:15:38.584 [SETTLE] exp=5924 gold=201745 len=393
2026-10-02 19:15:59.918 [SETTLE] exp=7406 gold=201745 len=393
2026-10-02 19:16:34.783 [SETTLE] exp=5804 gold=201745 len=393
2026-10-02 19:17:03.352 [SETTLE] exp=5390 gold=201745 len=393
2026-10-02 19:17:32.093 [SETTLE] exp=5332 gold=201745 len=393
2026-10-02 19:17:54.074 [OP] F005 inv=FFE7 len=24 #1 ed3572a4cd97854d1f805b64510bdcfaa3ceb607031aa80c
2026-10-02 19:17:54.172 [OP] F005 inv=FFE7 len=24 #2 ed3572a4cd97854d1f805b64510bdcfaa3ceb607031aa80c
2026-10-02 19:18:11.448 [SETTLE] exp=7286 gold=201745 len=393
2026-10-02 19:18:13.494 [OUT] 004E inv=FFFA len=9 #2 faff4e00e9580bdc22
2026-10-02 19:18:13.561 [OP] 4029 inv=FFDF len=32 #2 a1ecfc0b46faa32b1f805b64470bdcfaa32b1f805b64510b52c4a32b06809564
2026-10-02 19:18:42.232 [SETTLE] exp=5390 gold=201745 len=393
2026-10-02 19:18:48.181 [OUT] 1005 inv=FFEF len=20 #1 efff0510a498f8530dc74064fd0bb6faa32b1f80
2026-10-02 19:18:48.254 [OP] 4110 inv=FFFD len=2 #1 872b
2026-10-02 19:18:48.733 [OUT] 1004 inv=FFF3 len=16 #1 f3ff0410dcfaa32b1fc71c64510bdcfa
2026-10-02 19:18:48.858 [OP] 4110 inv=FFFD len=2 #2 872b
2026-10-02 19:18:53.087 [OUT] 1005 inv=FFEF len=20 #2 efff0510a498f8530dc74064fd0bb6faa32b1f80
2026-10-02 19:18:53.269 [OP] 4110 inv=FFFD len=2 #3 872b
2026-10-02 19:19:19.133 [SETTLE] exp=5446 gold=201745 len=403
2026-10-02 19:19:40.427 [OUT] 1005 inv=FFEF len=20 #3 efff0510ffd8842b4dce40dffd0bb6faa32b1f80
2026-10-02 19:19:40.427 [OUT] 1004 inv=FFF3 len=16 #2 f3ff0410d0f89f2b5980ba64510bdcfa
2026-10-02 19:19:40.612 [OP] 4110 inv=FFFD len=2 #4 872b
2026-10-02 19:19:40.814 [OP] 4110 inv=FFFD len=2 #5 bc2b
2026-10-02 19:19:48.838 [SETTLE] exp=7286 gold=201745 len=393
2026-10-02 19:20:04.969 [OUT] 1004 inv=FFF3 len=16 #3 f3ff0410d0f89f2b5980ba64510bdcfa
2026-10-02 19:20:17.318 [SETTLE] exp=5804 gold=201745 len=393
2026-10-02 19:20:33.660 [OUT] 1004 inv=FFF3 len=16 #4 f3ff0410d0f89f2b5980ba64510bdcfa
2026-10-02 19:20:45.391 [OUT] 1005 inv=FFEF len=20 #4 efff0510a498f8530dc74064fd0bb6faa32b1f80
2026-10-02 19:21:03.660 [SETTLE] exp=7344 gold=201745 len=393
2026-10-02 19:21:22.313 [OUT] 1004 inv=FFF3 len=16 #5 f3ff0410d0f89f2b5980ba64510bdcfa
2026-10-02 19:21:34.536 [SETTLE] exp=5386 gold=201745 len=393
2026-10-02 19:21:34.640 [OP] 40E1 inv=FFED len=18 #1 a1ecfc0b6ffadbecca80956458b26ffaf82b
2026-10-02 19:21:34.640 [OP] 40E0 inv=FED1 len=302 #1 418052fae54a1f805b64510b9b22a32b1f805b64b0b1dcfaa32b1f80807f510bdcfaa32b2f035b64fc0bdcfa972b1f802564510b52faa32bad805b64fc0bdcfa932b1f80d764510b52faa32bc7805b64b5ecdcfab32b1f80a064510be5faa32bfcaa5b64580bdcfa202b1f800d64510b8ffaa32b1f805b64510bdcfaa32b1f805b64510bdcfaa32b1f805b64430bdcfaa32b1f805b64510bdcfaa32b1f805b64
2026-10-02 19:21:34.640 [OP] 40E3 inv=FFE7 len=24 #1 418052fafdde1f801264580be4fa232b6980c364970be6fa
2026-10-02 19:21:34.640 [OP] 40E2 inv=FFCF len=48 #1 4f0e392bf3ef5b64370b6afaad2b348093640b0bb6fa462b4080c464dd0b6afa042bad808364fc0bdafa202bdb800d64
2026-10-02 19:21:34.659 [OUT] 0185 inv=FFF7 len=12 #1 f7ff8501dcfaa32bc8d97b81
2026-10-02 19:21:36.556 [OUT] 004E inv=FFFA len=9 #3 faff4e00e9580bdc22
2026-10-02 19:21:36.640 [OP] 4029 inv=FFDF len=32 #3 a1ecfc0b46faa32b1f805b64470bdcfaa32b1f805b64510b52c4a32bdd809564
2026-10-02 19:22:03.225 [SETTLE] exp=5446 gold=201745 len=403
2026-10-02 19:22:03.321 [OP] 46E0 inv=FDF7 len=520 #1 a1ecfc0b6ffaa32be787c464580bdcfa7f4d1f809564510b1a48822bd62f8823db7affc02142ad8066b22b0bdcfae02b2997f123e6a3b1ca392b59807451e650e2c1751305009e3edea391fad19720801c640fd0e74f5770e31e5cdc510b155aa5dffc802c6f94d0dc08a32bad804d7ffc0bdcfa1c7048ce0b472b0b6e10e02b2cca3af167df3dfa35571f807a5c06d0dcfa4e78973f987f1d4ad49995a86d80
2026-10-02 19:22:17.555 [SETTLE] exp=5804 gold=201745 len=403
2026-10-02 19:22:40.874 [OP] F005 inv=FFE7 len=24 #3 ed3572a407b3854d1f805b64510bdcfaa3de1f8083cc910d
2026-10-02 19:22:45.565 [OUT] 1005 inv=FFEF len=20 #5 efff0510a498f8530d804064fd0bb6faa32b1f80
2026-10-02 19:23:03.871 [OP] F005 inv=FFE7 len=24 #4 ed3572a4e10f854d1f805b64510bdcfaa3de1f80b430a80c
2026-10-02 19:23:03.975 [OP] F005 inv=FFE7 len=24 #5 ed3572a4e10f854d1f805b64510bdcfaa3de1f80b430a80c
2026-10-02 19:23:06.525 [SETTLE] exp=6846 gold=201745 len=403
2026-10-02 19:23:06.621 [OP] 4210 inv=FFF3 len=12 #1 450bdcfaf52b1f80baecfc0b
2026-10-02 19:23:38.476 [SETTLE] exp=5442 gold=201745 len=393
2026-10-02 19:24:08.824 [SETTLE] exp=5804 gold=201745 len=393
2026-10-02 19:24:41.584 [SETTLE] exp=5332 gold=201745 len=393
2026-10-02 19:25:32.428 [SETTLE] exp=5842 gold=201745 len=393
2026-10-02 19:26:04.440 [SETTLE] exp=5442 gold=201745 len=393
2026-10-02 19:26:37.369 [SETTLE] exp=7286 gold=201745 len=393
2026-10-02 19:26:37.466 [OP] 40E6 inv=FFF3 len=12 #1 4d5dad807637510bdcfaa32b
2026-10-02 19:26:37.466 [OP] 40E0 inv=FED1 len=302 #2 418052faf8ce1f805b64510bb222a32b1f805b6458c4dcfaa32b1f80867f510bdcfaa32b2f035b64fc0bdcfa972b1f802564510b52faa32bad805b64fc0bdcfa932b1f80d764510b52faa32bc7805b6454ecdcfab32b1f803764510be5faa32bfaaa5b64580bdcfa202b1f800d64510b8ffaa32b1f805b64510bdcfaa32b1f805b64510bdcfaa32b1f805b64430bdcfaa32b1f805b64510bdcfaa32b1f805b64
2026-10-02 19:26:37.466 [OP] 40E3 inv=FFE7 len=24 #2 418052fafd421f801264580be4fa232b6980c364970be6fa
2026-10-02 19:26:37.467 [OP] 40E2 inv=FFCF len=48 #2 4f0e392bf3802964370b6afaad2b348093640b0bb6fa462b4080c464dd0b6afa042bad808364fc0bdafa202bdb800d64
2026-10-02 19:26:37.467 [OP] 4210 inv=FFF3 len=12 #2 450bdcfa382b1f80a1ecfc0b
2026-10-02 19:26:37.485 [OUT] 0185 inv=FFF7 len=12 #2 f7ff8501dcfaa32bc8d97b81
2026-10-02 19:27:04.587 [SETTLE] exp=6904 gold=201745 len=393
2026-10-02 19:27:06.633 [OUT] 004E inv=FFFA len=9 #4 faff4e00e9580bdc22
2026-10-02 19:27:06.711 [OP] 4029 inv=FFDF len=32 #4 a1ecfc0b46faa32b1f805b64470bdcfaa32b1f805b64510b52c4a32b5d809564
2026-10-02 19:27:34.886 [SETTLE] exp=6034 gold=201745 len=393
2026-10-02 19:28:17.479 [SETTLE] exp=5936 gold=201745 len=393
2026-10-02 19:28:19.501 [OUT] 004E inv=FFFA len=9 #5 faff4e00e9580bdcc4
2026-10-02 19:28:19.614 [OP] 4029 inv=FFDF len=32 #5 a1ecfc0b6faea32b1f805b6462d0dcfaa32b1f80697f510b6fc4a32b17809564
2026-10-02 19:28:51.751 [OP] 46E0 inv=FDF7 len=520 #2 a1ecfc0b6ffaa32b7207c464580bdcfa44661f80c064250b23d6e4ded62f88230acb2cc0dc29598066b22b0bdcfae02b91b2c67fdb4bc4fadb2b610749dbfd500cd67513c0805b64519adcfa232b1f80c464b27535cd467087562a6443508cae0f8efc805b64510bdc08a32b1f805b64830bdcfa404cae120b472b0b6e10e02b69e57ed9438b8efa119408ce118a9cd004b663c45b9f097f1d4ad49995a86d80
2026-10-02 19:28:51.853 [SETTLE] exp=6038 gold=201745 len=403
2026-10-02 19:29:20.095 [SETTLE] exp=4740 gold=201745 len=393
2026-10-02 19:29:55.086 [SETTLE] exp=4838 gold=201745 len=393
2026-10-02 19:30:13.099 [SETTLE] exp=5498 gold=201745 len=393
2026-10-02 19:30:47.070 [SETTLE] exp=6902 gold=201745 len=393
2026-10-02 19:31:20.572 [SETTLE] exp=5988 gold=201745 len=393
2026-10-02 19:31:50.242 [SETTLE] exp=4694 gold=201745 len=393
2026-10-02 19:32:20.773 [SETTLE] exp=5936 gold=201745 len=403
2026-10-02 19:32:39.746 [SETTLE] exp=5498 gold=201745 len=393
2026-10-02 19:33:11.512 [SETTLE] exp=5556 gold=201745 len=393
2026-10-02 19:33:53.805 [SETTLE] exp=6036 gold=201745 len=393
2026-10-02 19:34:34.370 [SETTLE] exp=4792 gold=201745 len=393
2026-10-02 19:35:03.034 [SETTLE] exp=5894 gold=201745 len=393
2026-10-02 19:35:37.851 [SETTLE] exp=4842 gold=201745 len=393
2026-10-02 19:36:02.950 [SETTLE] exp=4744 gold=201745 len=393
2026-10-02 19:36:27.716 [SETTLE] exp=4744 gold=201745 len=393
2026-10-02 19:36:52.643 [SETTLE] exp=5612 gold=201745 len=393
2026-10-02 19:37:14.482 [PIPE] controller disconnected
2026-10-02 19:37:22.526 [INIT] dll unloaded
2026-10-02 19:37:55.797 [INIT] dll loaded, pid=36220
2026-10-02 19:37:55.798 [INIT] codec loaded OK
2026-10-02 19:37:55.798 [INIT] iat hooks: recv=1 send=1 WSASend=1 connect=1 closesocket=1
2026-10-02 19:37:56.791 [SETTLE] exp=4792 gold=201745 len=393
2026-10-02 19:37:56.791 [OP] 472A inv=FE76 len=393 #1 02d8de1fb5d064510bdcfaa32b1f805b64510bdcc4a32b1f805b64510bdcfaa39c59805b64510bdcc4462b1f805b64515052faa32b1f805b64510bdcfaa32b1f969664510bdcfaa32b1f805b64510bdcfaa32b1f805b64510bdcfaa32b1f805b64510bdcfaa32b1f805b64510bdcfaa32b1f805b64510bdcfaa32b1f805b64510bdcfaa32b1f805b64510bdce4f82b1f859564514d6ffaa3ebca805b81a55215
2026-10-02 19:37:56.903 [OP] 42CE inv=FFFB len=4 #1 c87f510b
2026-10-02 19:37:56.903 [OP] 4211 inv=FFF6 len=9 #1 aa5b64515ca722a34a
2026-10-02 19:37:56.903 [OP] 4211 inv=FFF6 len=9 #2 aa5b6451c03e22a34a
2026-10-02 19:37:56.903 [OP] 4211 inv=FFF6 len=9 #3 aa5b6451cd3e22a34a
2026-10-02 19:37:56.904 [OP] 4211 inv=FFF6 len=9 #4 aa5b645134a722a34a
2026-10-02 19:37:57.006 [OP] 47C0 inv=FFCF len=48 #1 7cdffd34059ff893c9a8f55a6001c6c4fd7f81fddf9dc0fd6ff43bca65c9412831ec8b6d9a412498add958d05c094cd2
2026-10-02 19:37:57.006 [OP] 47C0 inv=FFD8 len=39 #2 b395266001c6c4fd7f81fddf9dc0fd6ff43bca65c9412831ec8b6d9a412498add958d05c094cd2
2026-10-02 19:37:57.007 [OP] 47C0 inv=FFE1 len=30 #3 0faac49dc0fd6ff43bca65c9412831ec8b6d9a412498add958d05c094cd2
2026-10-02 19:37:57.008 [OP] 47C0 inv=FFEA len=21 #4 51cac7412831ec8b6d9a412498add958d05c094cd2
2026-10-02 19:37:57.009 [OP] 47C0 inv=FFF3 len=12 #5 0253ca98add958d05c094cd2
2026-10-02 19:38:00.955 [OP] 4707 inv=FFF3 len=12 #1 4d5dad8063cdfc0b17faa32b
2026-10-02 19:38:00.970 [OUT] 0022 inv=FFF5 len=14 #1 f5ff22009562c0fd90c436e5dcc9
2026-10-02 19:38:01.979 [OUT] 0022 inv=FFF5 len=14 #2 f5ff22009562c0fde6c4a11360c9
2026-10-02 19:38:02.029 [CLOSE] main sock 1816 closed
2026-10-02 19:38:06.791 [PIPE] controller connected
2026-10-02 19:38:13.598 [OP] EFFE inv=FFFE len=1 #1 0b
2026-10-02 19:38:23.612 [OP] EFFE inv=FFFE len=1 #2 0b
2026-10-02 19:43:16.124 [PIPE] controller disconnected
2026-10-02 19:43:26.944 [CONNECT] main sock 2020 -> 8484
2026-10-02 19:43:27.000 [OUT] 0FFF inv=FBC6 len=260 #1 c6fbff0f61dbf62dc5a32b1f805b64510bdcfaa32b9d805b64fb0bdcfaa32b1f804b3b95aef9057d231f805b64510bdcfa572b1f80ba64510bdcfaa32b492dbbd899bc20f1a32b1f805b64510b36faa32b2d805b64510bdcfa2a306ea3f779e3fcdcfaa32b1f805b64510bdcfaa32b1f805b64510bdcfaa32b1f805b64510bdcfaa32b1f805bbb3ca07aad5b2b69805b30510bdcfaa3d91f805ba9510bdcf1492369a4a56779db7a98edb3af955b64510bdc8b1996ecb69564510bdcfaa38a1f805bf7edd2a5ce080269b98740793042fded88c8d97b64510bdc539540e2d45b64510bdcfaa32b1f805b64b20bdcfa5f2b1f805b64510b846627c247e25dff510bdcfaa3
2026-10-02 19:43:27.266 [OP] 4002 inv=FF8B len=116 #1 9556fa0c2d54c337c6e3b1a2942dd37ec3714572cca21810119370e4e250fca242632dec4d5dad80c464510b8bfaa32be1ad5b64a0ffdcfae4181f803293510b155a4e78c8d97b81510bdcfa972b1f805b64510bdcfaa32b05125b6458f8dcfaa399974dbec8ad9661faa32b1f805b64510bdcfa
2026-10-02 19:43:28.609 [OUT] 0004 inv=FDD2 len=260 #1 d2fd04000cdcfaa37b7b6a2964510bdcfaa32b1f805b6451b1dcfaa3321f805b64510bdcf90baee4816985b30bdcfaa32b1f805bdd510bdc30a32b1f805b64517a92d3f917c957e964510bdcfaa32b1f8c5b6451cddcfaa32b1f805b96abeb73faa32b1f805b64510bdcfaa3671f805bb5510bdcfaa32b1f7dcde5fc9f1d743951515fc464510bdcfaa32b1f6aa04d40dab8a15b558b28cc4daba0e27e5bcd9f41f7a8dcb976285b0bac6a9f64510bdcfaa32b1f805b64510bdcfaa32b1f805b64510bdcfaa32b1f805b64510bdcfaa32b1f805b64510bdcfaa32b1f805b64510bdcfaa32b1f805b64510bdcfaa32b1f805b64510bdcfaa32b1f805b64510bdcfaa32b1f
2026-10-02 19:43:28.680 [OP] 4014 inv=FFEA len=21 #1 e19d805b37510bdcf670ba84ed0d070e2bbdfadb2b
2026-10-02 19:43:28.680 [CLOSE] main sock 2020 closed
2026-10-02 19:43:28.748 [OUT] F001 inv=FE5F len=260 #1 5ffe01f003caa32be787c4641e2e6974a6f2e50e5b64510bdcfaa32b1fe0c9e9450bdcfaa32b1f805b64510bdcfaa32b1f805b64510bdcfaa32b1f805b64510bdcfaa32b1f805b64510bdcfaa32b1f805b64510bdcfaa32b1f805b64510bdcfaa32b1f805b64510bdcfaa32b1f805b64510bdcfaa32b1f805b64510bdcfaa32b1f805b64510bdcfaa32b1f805b64510bdcfaa32b1f805b64510bdcfaa32be267b165402dacb076554a69b10437617ab055e29e50cc4b5763b8b081c5e2285b64510bdcfaa32b1f805b64510bdcfaa32b1f805b64510bdcfaa32b1f805b64510bdcfaa32b1f805b64510bdcfaa32b1f805b64510bdcfaa32b1f805b64510bdcfaa32b1f80
2026-10-02 19:43:28.877 [CLOSE] main sock 3900 closed
2026-10-02 19:43:28.928 [OUT] F001 inv=FE5F len=260 #2 5ffe01f003caa32be787c4641e2e6974a6f2e50e5b64510bdcfaa32b1fe0c9e9450bdcfaa32b1f805b64510bdcfaa32b1f805b64510bdcfaa32b1f805b64510bdcfaa32b1f805b64510bdcfaa32b1f805b64510bdcfaa32b1f805b64510bdcfaa32b1f805b64510bdcfaa32b1f805b64510bdcfaa32b1f805b64510bdcfaa32b1f805b64510bdcfaa32b1f805b64510bdcfaa32b1f805b64510bdcfaa32be267b165402dacb076554a69b10437617ab055e29e50cc4b5763b8b081c5e2285b64510bdcfaa32b1f805b64510bdcfaa32b1f805b64510bdcfaa32b1f805b64510bdcfaa32b1f805b64510bdcfaa32b1f805b64510bdcfaa32b1f805b64510bdcfaa32b1f80
2026-10-02 19:43:29.049 [OP] E001 inv=FFAF len=80 #1 580be8a3b72b1f80b77cb9b3ebffc88a0c5c5a4da476a3a1c95ee6c51d4d2439242070384597fb57d5b3bf5f24463e3bd83d1e2e6974a6f2e50ebb98523976a251375808c56451666ffaa32b84805b64
2026-10-02 19:43:29.052 [OUT] F041 inv=FFE7 len=28 #1 e7ff41f0ed3572a407b3854d1f805b64510bdcfaa307a0b6d9efd30b
2026-10-02 19:43:29.053 [OUT] F003 inv=FFF7 len=12 #1 f7ff03f01fc9f2644e8031a4
2026-10-02 19:43:29.098 [OP] E062 inv=FFCD len=50 #1 9564510bbafa7f3b6c1d985c5579b6947349b2274cf9bc85b1032b25a8ed96784c181874c2d4d0f1d73f332b0b7873baa880
2026-10-02 19:43:29.098 [OP] E062 inv=FFDB len=36 #2 90faa32bee80eecd052a78b83467e8a4f369c5ce4dd0cb56fef33ab76de3b664c159bf80
2026-10-02 19:43:29.098 [OP] E062 inv=FFD6 len=41 #3 ce5b64516edcc0b44bd3a4302774b37803306ed87c542e911708d8c1c6127e0648f7caa14edf3c9780
2026-10-02 19:43:29.098 [OP] E062 inv=FFBD len=66 #4 8bfaa32b2180eecd052a78b83467e8a4f369c56648a6e72307f33ab76d5c192bceebd9b1e97b6f2e14b753eb4b4c723354115f2b04230737be87299ce0ac5c311c80
2026-10-02 19:43:29.098 [OP] E062 inv=FFD2 len=45 #5 aea32b1ffc5b3eaf205bb83467e8a43005939c08e9a1339602fe15472a7ccbe7c0c371aa87299ce0ccce36a780
2026-10-02 19:43:29.144 [OP] E014 inv=FF97 len=104 #1 23596579b9ad2c2a510bdcfaa32b1f805b64510b0bdb55bb4f55cf64b3e564fa022b1f805b64510bdcfaa32b1f805b64510bdcfaa32b1f805b64510bdcfaa32b1f805b64510bdcfaa32b1f805b64510bdcfaa32b1f805b64510bdcfaa32b1f805b640cfd362f55bb
2026-10-02 19:43:29.237 [OP] E004 inv=FF35 len=202 #1 fd0ba1914133409e335513f2dcfaa32b1f805b7ffd0be6faa32b1f805b64580bdcfaa32b1f805b64510b696479020e0f840a2913dcfaa32b1f805b26fdecc4faa32b1f805b64580bdcfaa32b1f805b64510b0cc17923ac805b64510bdcfaa32b1f805b64fc0bdcfaa32b1f805b64fda690faa32b1f805b64510b23596579d0302c2a510bdcfaa32b1f805b6451ec6afaa32b1f805b647b8052faa32b1f805b64
