2026-10-03 00:13:16.575 [INIT] dll loaded, pid=35372
2026-10-03 00:13:16.575 [INIT] codec loaded OK
2026-10-03 00:13:16.575 [INIT] iat hooks: recv=1 send=1 WSASend=1 connect=1 closesocket=1 WSAEventSelect=1
2026-10-03 00:13:17.464 [OP] 4109 inv=FF0F len=240 #1 3ccdfc0b6ffafd4a1f805b64510bdcfaf82b1f80c36446b16afa384a9d804064580bdcfabf6f1f801c08af0bdcfaa32b1f805b64580bdcfabf6f1f801c083b0bdcfaa32b1f80aa93580bdcfabf6f1f801c08310bdcfaa32b1f8056f8580bdcfabf6f1f801c087b0bdcfaa32b1fd935642c75dcfabf6f1f801c64af0bdcc4a32b23aa5b64715e54dca32b1f803000510bab5ba32bb08c5b64b20b66faa3531f80
2026-10-03 00:13:17.548 [OP] 4111 inv=FFFD len=2 #1 4064
2026-10-03 00:13:17.548 [OP] 4104 inv=FFFB len=4 #1 3cae1f80
2026-10-03 00:13:17.548 [OP] 4104 inv=FFFA len=5 #2 109ba3b807
2026-10-03 00:13:17.558 [OP] 4104 inv=FFFA len=5 #3 62d927ca10
2026-10-03 00:13:17.558 [OP] 4104 inv=FFFA len=5 #4 699ba3b8ca
2026-10-03 00:13:17.558 [OP] 4104 inv=FFFA len=5 #5 f567a3b8c6
2026-10-03 00:13:19.780 [OP] 4109 inv=FDAB len=596 #2 07c2392bca800dcd510bdcfaa32b1f809564510be6fa8fdea580ea7fb2754ffaf82b1f80a76f510b8b02a32b1fc75b645108dcfa4b531f809964510bdcfaa32b1f805b645decdcfa4f2b1f805b64510bdcfaa32bca805b645fc4dcfafdcbca805bdf510bdcbaf82bb6aa5b64390bdcfaa32b1f805b64510b6ffaa32bb7ef5b64b2af52faa3531f805b53510b25c4a32be3805b64510bdcfaa32b1f809564510b
2026-10-03 00:13:19.880 [OP] 4105 inv=FFFE len=1 #1 5f
2026-10-03 00:13:19.880 [OP] 4111 inv=FFFD len=2 #2 a164
2026-10-03 00:13:19.880 [OP] 4112 inv=FFFD len=2 #1 dcc4
2026-10-03 00:13:19.880 [OP] 4112 inv=FFFD len=2 #2 e6c4
2026-10-03 00:13:19.889 [EVENT] sock=2500 hEvent=00000980 events=0x0
2026-10-03 00:13:19.889 [EVENT] sock=2500 hEvent=00000980 events=0x21
2026-10-03 00:13:20.686 [OP] 4106 inv=FFFD len=2 #1 a306
2026-10-03 00:13:20.686 [OP] 4110 inv=FFFD len=2 #1 722b
2026-10-03 00:13:21.190 [OP] 4109 inv=FE83 len=380 #3 55b252faf82bad8c5bdf510bdcfaa32bca805b642d0b59ae722b6fefc4642d0b6ffaa32bf4075b64fc5f6ffaa3531f805b64510bafc4a32b20805b64510bdcfaa32b1f809564510b3fc2a32badc6c464510bdcfaa378f9249564510b3fc2a32badc6c36451ecdcfaa378c8d9e5df510b5989515d1f805b6479c9dcfa70bb1f80c5cd510b52faf82b1faa94648fecdcfacdbb1f805b64510bdcfaa32bfa4e5b64
2026-10-03 00:13:21.281 [OP] 4111 inv=FFFD len=2 #3 6edf
2026-10-03 00:13:21.281 [OP] 4112 inv=FFFD len=2 #3 6fc4
2026-10-03 00:13:21.282 [OP] 4112 inv=FFFD len=2 #4 52c4
2026-10-03 00:13:21.282 [OP] 4112 inv=FFFD len=2 #5 6ac4
2026-10-03 00:13:21.284 [EVENT] sock=2500 hEvent=00000980 events=0x0
2026-10-03 00:13:21.284 [EVENT] sock=2500 hEvent=00000980 events=0x21
2026-10-03 00:13:21.456 [OP] 4110 inv=FFFD len=2 #2 7293
2026-10-03 00:13:23.896 [OP] 4031 inv=FFD7 len=40 #1 31fa312b29805b64580b77fcd47f958293ff74fb224e60a186f33a49170bdcac6add127a2d9bf90b
2026-10-03 00:13:24.515 [EVENT] sock=2500 hEvent=00000980 events=0x0
2026-10-03 00:13:24.516 [EVENT] sock=2500 hEvent=00000980 events=0x21
2026-10-03 00:13:24.580 [OP] 4F52 inv=FFFF len=0 #1 
2026-10-03 00:13:24.749 [OP] EFFE inv=FFFE len=1 #1 0b
2026-10-03 00:13:25.964 [SETTLE] exp=1 gold=199368 len=393
2026-10-03 00:13:25.965 [OP] 472A inv=FE76 len=393 #1 b4b4de1faa5b64510bdcfaa32b1f805b64510bdce8a32b1f805b64510bdcfaa32b1f805b64510bdc83b72b1f805b645130dcfaa32b1f805b64510bdcfaa32b1f805b64510bdcfaa32b1f805b64510bdcfaa32b1f805b64510bdcfaa32b1f805b64510bdcfaa32b1f805b64510bdcfaa32b1f805b64510bdcfaa32b1f805b64510bdcfaa32b1f805b64510bdcb5a32b1fc3956451fa6ffaa3ccca805bd3580bdc
2026-10-03 00:13:26.500 [OP] 42CE inv=FFFB len=4 #1 c87f510b
2026-10-03 00:13:26.500 [OP] 4211 inv=FFF6 len=9 #1 aa5b6451803e22a34a
2026-10-03 00:13:26.500 [OP] 4211 inv=FFF6 len=9 #2 aa5b64515ca722a34a
2026-10-03 00:13:26.502 [OP] 4211 inv=FFF6 len=9 #3 aa5b64516d3e22a34a
2026-10-03 00:13:26.502 [OP] 4211 inv=FFF6 len=9 #4 aa5b645134a722a34a
2026-10-03 00:13:26.562 [OP] 47C0 inv=FFCF len=48 #1 7cdffd34059ff8d95fcae0dd127cc6c4fd3c297c5cc88ffd6ff4ce7c6f8c03da31ec8ba5b70eeceaadd958b16e531abb
2026-10-03 00:13:26.562 [OP] 47C0 inv=FFD8 len=39 #2 b39526127cc6c4fd3c297c5cc88ffd6ff4ce7c6f8c03da31ec8ba5b70eeceaadd958b16e531abb
2026-10-03 00:13:26.562 [OP] 47C0 inv=FFE1 len=30 #3 0faac4c88ffd6ff4ce7c6f8c03da31ec8ba5b70eeceaadd958b16e531abb
2026-10-03 00:13:26.562 [OP] 47C0 inv=FFEA len=21 #4 51cac703da31ec8ba5b70eeceaadd958b16e531abb
2026-10-03 00:13:26.562 [OP] 47C0 inv=FFF3 len=12 #5 0253caeaadd958b16e531abb
2026-10-03 00:13:33.056 [OP] 4100 inv=FFF9 len=6 #1 98aa427fec7f
2026-10-03 00:13:33.145 [OP] 4101 inv=FBC5 len=1082 #1 a63bad809464510bdcfaa32bc8d97b81510bdcfaa32b1f805b64510bdcfaa32b1f805b64510bdcfa22069dca5b64bed0dcfaa32b1f80697f510bdcfaa32b1f805b64510bdcfad85dad80c464510bdcfaa32b46925b648e90dcfac4181f807693510b155a4e78c8d97b81a552155a562b1f807b81a5526f30c2d41e5f544e191edcfaa32b1f805b6451a0c6faa32b1f805b4d310bdcfaa32b1f805b64510bdcfa
2026-10-03 00:13:33.190 [EVENT] sock=2500 hEvent=00000980 events=0x0
2026-10-03 00:13:33.191 [EVENT] sock=2500 hEvent=00000980 events=0x21
2026-10-03 00:13:33.236 [OP] 4F52 inv=FFFF len=0 #2 
2026-10-03 00:13:33.512 [EVENT] sock=2768 hEvent=00000CC4 events=0x0
2026-10-03 00:13:33.512 [EVENT] sock=2768 hEvent=00000CC4 events=0x21
2026-10-03 00:13:34.131 [EVENT] sock=2500 hEvent=00000980 events=0x0
2026-10-03 00:13:34.131 [EVENT] sock=2500 hEvent=00000980 events=0x21
2026-10-03 00:13:34.259 [OP] 4108 inv=FFE3 len=28 #1 b907c464510bdcfa21531f80d8f8510bce4051421f805b64510bdcfa
2026-10-03 00:13:34.346 [OP] 4108 inv=FFE3 len=28 #2 b907c464510bdcfa4d531f80d8f8510bce4051ed1f805b64510bdcfa
2026-10-03 00:13:34.347 [OP] 4108 inv=FFE3 len=28 #3 b907c464510bdcfa22531f80d8f8510bce40515d1f805b64510bdcfa
2026-10-03 00:13:34.347 [OP] 4108 inv=FFF3 len=12 #4 07c2392b1f805b64510bdcfa
2026-10-03 00:13:34.347 [OP] 4108 inv=FFF3 len=12 #5 07c2392b1f805b64580bdcfa
2026-10-03 00:13:36.339 [OP] 4105 inv=FFFE len=1 #2 3d
2026-10-03 00:13:36.339 [OP] 4105 inv=FFFE len=1 #3 c0
2026-10-03 00:13:36.339 [OP] 4105 inv=FFFE len=1 #4 af
2026-10-03 00:13:36.344 [EVENT] sock=2500 hEvent=00000980 events=0x0
2026-10-03 00:13:36.344 [EVENT] sock=2500 hEvent=00000980 events=0x21
2026-10-03 00:13:36.436 [OP] 4106 inv=FFFC len=3 #2 e546ed
2026-10-03 00:13:36.437 [OP] 4106 inv=FFFC len=3 #3 a539ee
2026-10-03 00:13:36.437 [OP] 4110 inv=FFFD len=2 #3 222b
2026-10-03 00:13:36.437 [OP] 4106 inv=FFFC len=3 #4 b1fdcb
2026-10-03 00:13:36.737 [OP] 4105 inv=FFFE len=1 #5 0c
2026-10-03 00:13:36.831 [OP] 4109 inv=FFB7 len=72 #4 b907c464517f6fc4a3931f805b64510b07faa32becc65b6487b1dcfa40ce1f806edd0e0b07faa32b39125b640e0802faa32b1f805bdf510b8222a32b39125b64080b02faa32b1f80
2026-10-03 00:13:36.928 [OP] 4106 inv=FFFD len=2 #5 a36f
2026-10-03 00:13:36.928 [OP] 4111 inv=FFFD len=2 #4 5c64
2026-10-03 00:13:38.190 [OP] 4109 inv=FFB7 len=72 #5 b907c464517f6fc4a3061f805b64510b07faa32b62105b6487b1dcfa40ce1f80c0530e8007faa32b39125b640e7566faa32b1f805b64510b8222a32b39125b64080b66faa32b1f80
2026-10-03 00:13:38.288 [OP] 4111 inv=FFFD len=2 #5 c364
2026-10-03 00:13:42.570 [OP] 4033 inv=FFD0 len=47 #1 b8a3ce1f125b64510bdccc7979549e92f920327d23500a9ae941a120830feec723bf4c8491b19ea1faa35a4569da64
2026-10-03 00:13:43.247 [EVENT] sock=2500 hEvent=00000980 events=0x0
2026-10-03 00:13:43.248 [EVENT] sock=2500 hEvent=00000980 events=0x21
2026-10-03 00:13:43.292 [OP] 4F52 inv=FFFF len=0 #3 
2026-10-03 00:13:43.696 [OP] EFFE inv=FFFE len=1 #2 0b
2026-10-03 00:13:44.031 [OP] F005 inv=FFE7 len=24 #1 c2cc763c71faa32b1f805b64510bdcfaa3de1f80e990eeb2
2026-10-03 00:13:44.131 [OP] F005 inv=FFE7 len=24 #2 c2cc763c71faa32b1f805b64510bdcfaa3de1f80e990eeb2
2026-10-03 00:13:44.131 [OP] F005 inv=FFE7 len=24 #3 c2cc763c71faa32b1f805b64510bdcfaa3de1f80e990eeb2
2026-10-03 00:13:44.131 [OP] F005 inv=FFE7 len=24 #4 c2cc763c71faa32b1f805b64510bdcfaa3cef0cae990eeb2
2026-10-03 00:13:44.131 [OP] F005 inv=FFE7 len=24 #5 c2cc763c71faa32b1f805b64510bdcfaa3cef0cae990eeb2
2026-10-03 00:13:45.611 [OP] 46FE inv=FFFF len=0 #1 
2026-10-03 00:13:51.742 [OP] 4110 inv=FFFD len=2 #4 2232
2026-10-03 00:13:52.090 [OP] 4031 inv=FFE2 len=29 #2 c2a3bb1f455b64510bdc57d73375e524336a0bdcac6add1227709bf90b
2026-10-03 00:13:53.302 [EVENT] sock=2500 hEvent=00000980 events=0x0
2026-10-03 00:13:53.302 [EVENT] sock=2500 hEvent=00000980 events=0x21
2026-10-03 00:13:53.347 [OP] 4F52 inv=FFFF len=0 #4 
2026-10-03 00:13:54.728 [OP] EFFE inv=FFFE len=1 #3 0b
2026-10-03 00:13:55.733 [SETTLE] exp=2 gold=199368 len=393
2026-10-03 00:13:55.733 [OP] 472A inv=FE76 len=393 #2 b4b4de1fc75b64510bdcfaa32b1f805b64510bdcc4a32b1f805b64510bdcfaa32b1f805b64510bdc83b72b1f805b645130dcfaa32b1f805b64510bdcfaa32b1f805b64510bdcfaa32b1f805b64510bdcfaa32b1f805b64510bdcfaa32b1f805b64510bdcfaa32b1f805b64510bdcfaa32b1f805b64510bdcfaa32b1f805b64510bdcfaa32b1f805b64510bdcbdf82b1f2c5b6451fa6ffaa391ca805b5c510bdc
2026-10-03 00:13:55.838 [OP] 42CE inv=FFFB len=4 #2 c87f510b
2026-10-03 00:13:55.838 [OP] 4211 inv=FFF6 len=9 #5 aa5b6451803e22a34a
2026-10-03 00:13:57.202 [EVENT] sock=2768 hEvent=00000CC4 events=0x0
2026-10-03 00:13:57.202 [EVENT] sock=2768 hEvent=00000CC4 events=0x21
2026-10-03 00:14:00.838 [OP] 4100 inv=FFF9 len=6 #2 98aaa4f8527f
2026-10-03 00:14:00.928 [EVENT] sock=2500 hEvent=00000980 events=0x0
2026-10-03 00:14:00.929 [EVENT] sock=2500 hEvent=00000980 events=0x21
2026-10-03 00:14:00.930 [OP] 4101 inv=FBFD len=1026 #2 55b252fadb2b1f805b64510b155a4e781f805b64510bdcfaa32b1f805b64510bdcfaa32b1f805b648e5f8b53a32bc9ce5b64510bdcfa86de1f805b64510bdcfaa32b1f805b64238052fa392b1f805b64510bc2a0a32b6d5d5b64da64dcfa33f21f807b81a552155a4e78c8d97b81660bdcfa4e78c8d995a91e2e6974c766e50e5b64510bdcfaa32b1f532764510bdcfaa33084805b64510bdcfaa32b1f805b64
2026-10-03 00:14:00.976 [OP] 4F52 inv=FFFF len=0 #5 
2026-10-03 00:14:01.920 [EVENT] sock=2500 hEvent=00000980 events=0x0
2026-10-03 00:14:01.922 [EVENT] sock=2500 hEvent=00000980 events=0x21
2026-10-03 00:14:04.135 [OP] 4033 inv=FFE6 len=25 #2 3b1fef5b64510bdcfaa3c57c7ac20a0d8568faa3490dd5d364
2026-10-03 00:14:04.241 [EVENT] sock=2500 hEvent=00000980 events=0x0
2026-10-03 00:14:04.241 [EVENT] sock=2500 hEvent=00000980 events=0x21
2026-10-03 00:14:04.417 [OP] 4110 inv=FFFD len=2 #5 222b
2026-10-03 00:14:07.648 [OP] 4031 inv=FFD4 len=43 #3 af5127dcc6a32b1f805b4e5460c22ba11976e4d22e6f9c89ef44c2381a5191b10bdc39d0349a7150d8ee0b
2026-10-03 00:14:07.725 [OP] EFFE inv=FFFE len=1 #4 0b
2026-10-03 00:14:10.990 [EVENT] sock=2500 hEvent=00000980 events=0x0
2026-10-03 00:14:10.992 [EVENT] sock=2500 hEvent=00000980 events=0x21
2026-10-03 00:14:11.654 [EVENT] sock=2500 hEvent=00000980 events=0x0
2026-10-03 00:14:11.654 [EVENT] sock=2500 hEvent=00000980 events=0x21
2026-10-03 00:14:15.815 [OP] 46FE inv=FFFF len=0 #2 
2026-10-03 00:14:17.742 [OP] EFFE inv=FFFE len=1 #5 0b
2026-10-03 00:14:18.028 [SETTLE] exp=2 gold=199368 len=403
2026-10-03 00:14:18.028 [OP] 472A inv=FE6C len=403 #3 b4b4de1fc75b64510bdcfaa32b1f805b64510bdcc4a32b1f805b64510bdcfaa32b1f805b64510bdc83b72b1f805b645130dcfaa32b1f805b64510bdcfaa32b1f805b64510bdcfaa32b1f805b64510bdcfaa32b1f805b64510bdcfaa32b1f805b64510bdcfaa32b1f805b64510bdcfaa32b1f805b64510bdcfaa32b1f805b64510bdcfaa32b1f805b64510bdcbdf82b1f2c5b6451fa6ffaa391ca805bd3580bdc
2026-10-03 00:14:18.125 [OP] 42CE inv=FFFB len=4 #3 c87f510b
2026-10-03 00:14:18.208 [EVENT] sock=2500 hEvent=00000980 events=0x0
2026-10-03 00:14:18.208 [EVENT] sock=2500 hEvent=00000980 events=0x21
2026-10-03 00:14:18.360 [OP] 4721 inv=FFF7 len=8 #1 07c2392b1fd19564
2026-10-03 00:14:24.123 [OP] 4100 inv=FFF9 len=6 #3 98aa13dfb3ec
2026-10-03 00:14:24.212 [EVENT] sock=2500 hEvent=00000980 events=0x0
2026-10-03 00:14:24.212 [EVENT] sock=2500 hEvent=00000980 events=0x21
2026-10-03 00:14:24.230 [OP] 4101 inv=FC6D len=914 #3 a63bad809464510bdcfaa32bc8d97b81510bdcfaa32b1f805b64510bdcfaa32b1f805b64510bdcfa22069d4e5b64bed0dcfaa32b1f80697f510bdcfaa32b1f805b64510bdcfad85dad80c464510bdcfaa32b46925b648e90dcfac4181f807693510b155a4e78c8d97b81a552155a562b1f807b81a5526f30c2d41e5f544e191edcfaa32b1f805b64b2a0c6faa32b1f805b4d310bdcfaa32b1f805b64510bdcfa
2026-10-03 00:14:25.189 [EVENT] sock=2500 hEvent=00000980 events=0x0
2026-10-03 00:14:25.190 [EVENT] sock=2500 hEvent=00000980 events=0x21
2026-10-03 00:14:27.651 [EVENT] sock=2500 hEvent=00000980 events=0x0
2026-10-03 00:14:27.651 [EVENT] sock=2500 hEvent=00000980 events=0x21
2026-10-03 00:14:31.214 [OP] 4033 inv=FFE8 len=23 #3 8c5b6f51b1dcfaa32b1fb0c835985c46faa35a4569da64
2026-10-03 00:14:33.514 [EVENT] sock=2768 hEvent=00000CC4 events=0x0
2026-10-03 00:14:33.515 [EVENT] sock=2768 hEvent=00000CC4 events=0x21
2026-10-03 00:14:34.288 [EVENT] sock=2500 hEvent=00000980 events=0x0
2026-10-03 00:14:34.288 [EVENT] sock=2500 hEvent=00000980 events=0x21
2026-10-03 00:14:36.423 [EVENT] sock=2500 hEvent=00000980 events=0x0
2026-10-03 00:14:36.424 [EVENT] sock=2500 hEvent=00000980 events=0x21
2026-10-03 00:14:36.574 [EVENT] sock=2500 hEvent=00000980 events=0x0
2026-10-03 00:14:36.574 [EVENT] sock=2500 hEvent=00000980 events=0x21
2026-10-03 00:14:39.341 [EVENT] sock=2500 hEvent=00000980 events=0x0
2026-10-03 00:14:39.341 [EVENT] sock=2500 hEvent=00000980 events=0x21
2026-10-03 00:14:41.840 [OP] 4033 inv=FFEB len=20 #4 fd0b8ffafd2b1f805b64002de9faa35a4569da64
2026-10-03 00:14:43.040 [OP] 4031 inv=FFE0 len=31 #4 fddccaa3ed1f805b6451e416f163829055542a300bdc39d0349a7150d8ee0b
2026-10-03 00:14:43.878 [SETTLE] exp=1 gold=199368 len=393
2026-10-03 00:14:43.878 [OP] 472A inv=FE76 len=393 #4 b4b4de1faa5b64510bdcfaa32b1f805b64510bdcc4a32b1f805b64510bdcfaa32b1f805b64510bdc83b72b1f805b645130dcfaa32b1f805b64510bdcfaa32b1f805b64510bdcfaa32b1f805b64510bdcfaa32b1f805b64510bdcfaa32b1f805b64510bdcfaa32b1f805b64510bdcfaa32b1f805b64510bdcfaa32b1f805b64510bdcfaa32b1f805b64510bdcb5a32b1fc3956451fa6ffaa3731f805bd3580bdc
2026-10-03 00:14:43.976 [OP] 42CE inv=FFFB len=4 #4 c87f510b
2026-10-03 00:14:46.146 [OP] 46FE inv=FFFF len=0 #3 
2026-10-03 00:14:47.969 [OP] 4100 inv=FFF9 len=6 #4 98aa437f417f
2026-10-03 00:14:48.064 [EVENT] sock=2500 hEvent=00000980 events=0x0
2026-10-03 00:14:48.064 [EVENT] sock=2500 hEvent=00000980 events=0x21
2026-10-03 00:14:48.163 [OP] 4101 inv=FC35 len=970 #4 3ccdfc0b90faa32b1f805b64a552155aa32b1f805b64510bdcfaa32b1f805b64510bdcfaa32b1f80d0c6b2b2dcfa86de1f805b64510b9d22a32b1f805b64510bdcfaa32b1f807aecfc0b52faa32b1f805b6416ffdcfa222a1f80dffc510bf0b3a32bc8d97b81a552155a4e78c8d96c64510b155a4e78caa0ed3572a47db7854d1f805b64510bdcfa8e3084805b64510bdca1b72b1f805b64510bdcfaa32b1f80
2026-10-03 00:14:49.040 [EVENT] sock=2500 hEvent=00000980 events=0x0
2026-10-03 00:14:49.040 [EVENT] sock=2500 hEvent=00000980 events=0x21
2026-10-03 00:14:51.267 [EVENT] sock=2500 hEvent=00000980 events=0x0
2026-10-03 00:14:51.267 [EVENT] sock=2500 hEvent=00000980 events=0x21
2026-10-03 00:14:56.782 [EVENT] sock=2500 hEvent=00000980 events=0x0
2026-10-03 00:14:56.782 [EVENT] sock=2500 hEvent=00000980 events=0x21
2026-10-03 00:14:56.827 [PIPE] controller connected
2026-10-03 00:14:56.828 [PIPE] controller disconnected
2026-10-03 00:14:58.186 [EVENT] sock=2500 hEvent=00000980 events=0x0
2026-10-03 00:14:58.187 [EVENT] sock=2500 hEvent=00000980 events=0x21
2026-10-03 00:15:03.094 [SETTLE] exp=1 gold=199368 len=403
2026-10-03 00:15:03.094 [OP] 472A inv=FE6C len=403 #5 b4b4de1faa5b64510bdcfaa32b1f805b64510bdce8a32b1f805b64510bdcfaa32b1f805b64510bdc83b72b1f805b645130dcfaa32b1f805b64510bdcfaa32b1f805b64510bdcfaa32b1f805b64510bdcfaa32b1f805b64510bdcfaa32b1f805b64510bdcfaa32b1f805b64510bdcfaa32b1f805b64510bdcfaa32b1f805b64510bdcfaa32b1f805b64510bdcbdf82b1f2c5b6451fa6ffaa391ca805b5c510bdc
2026-10-03 00:15:03.094 [OP] 42CE inv=FFFB len=4 #5 c87f510b
2026-10-03 00:15:03.515 [EVENT] sock=2768 hEvent=00000CC4 events=0x0
2026-10-03 00:15:03.515 [EVENT] sock=2768 hEvent=00000CC4 events=0x21
2026-10-03 00:15:04.382 [EVENT] sock=2500 hEvent=00000980 events=0x0
2026-10-03 00:15:04.382 [EVENT] sock=2500 hEvent=00000980 events=0x21
2026-10-03 00:15:04.635 [OP] 4721 inv=FFF7 len=8 #2 07c2392b1fd19564
2026-10-03 00:15:05.125 [EVENT] sock=2500 hEvent=00000980 events=0x0
2026-10-03 00:15:05.125 [EVENT] sock=2500 hEvent=00000980 events=0x21
2026-10-03 00:15:05.333 [OP] 4029 inv=FFDF len=32 #1 3ccdfc0b21caa32b1f805b646975dcfaa32b1f80dd7f510b8bc4d82b2b809564
2026-10-03 00:15:08.537 [PIPE] controller connected
2026-10-03 00:15:09.236 [OP] 4100 inv=FFF9 len=6 #5 98aa61f8a47f
2026-10-03 00:15:09.331 [EVENT] sock=2500 hEvent=00000980 events=0x0
2026-10-03 00:15:09.332 [EVENT] sock=2500 hEvent=00000980 events=0x21
2026-10-03 00:15:09.659 [OP] 4101 inv=FC35 len=970 #5 3ccdfc0b90faa32b1f805b64a552155aa32b1f805b64510bdcfaa32b1f805b64510bdcfaa32b1f80d0c6b2b2dcfa86de1f805b64510b9d22a32b1f805b64510bdcfaa32b1f807aecfc0b52faa32b1f805b6416ffdcfa222a1f80dffc510bf0b3a32bc8d97b81a552155a4e78c8d96c64510b155a4e78caa0ed3572a47db7854d1f805b64510bdcfa713084805b64510bdca1b72b1f805b64510bdcfaa32b1f80
2026-10-03 00:15:10.302 [EVENT] sock=2500 hEvent=00000980 events=0x0
2026-10-03 00:15:10.302 [EVENT] sock=2500 hEvent=00000980 events=0x21
2026-10-03 00:15:12.983 [EVENT] sock=2500 hEvent=00000980 events=0x0
2026-10-03 00:15:12.983 [EVENT] sock=2500 hEvent=00000980 events=0x21
2026-10-03 00:15:16.272 [OP] 46FE inv=FFFF len=0 #4 
2026-10-03 00:15:19.749 [EVENT] sock=2500 hEvent=00000980 events=0x0
2026-10-03 00:15:19.750 [EVENT] sock=2500 hEvent=00000980 events=0x21
2026-10-03 00:15:21.845 [EVENT] sock=2500 hEvent=00000980 events=0x0
2026-10-03 00:15:21.845 [EVENT] sock=2500 hEvent=00000980 events=0x21
2026-10-03 00:15:23.766 [OP] 4031 inv=FFD8 len=39 #5 47a3c41f805b6451ecdc2b6cb91c363ed8893ca224290a71d546645134222aca668805af48de0b
2026-10-03 00:15:26.592 [SETTLE] exp=1 gold=199368 len=393
2026-10-03 00:15:30.444 [PIPE] controller disconnected
2026-10-03 00:15:30.804 [EVENT] sock=2500 hEvent=00000980 events=0x0
2026-10-03 00:15:30.804 [EVENT] sock=2500 hEvent=00000980 events=0x21
2026-10-03 00:15:31.737 [EVENT] sock=2500 hEvent=00000980 events=0x0
2026-10-03 00:15:31.737 [EVENT] sock=2500 hEvent=00000980 events=0x21
2026-10-03 00:15:33.515 [EVENT] sock=2768 hEvent=00000CC4 events=0x0
2026-10-03 00:15:33.517 [EVENT] sock=2768 hEvent=00000CC4 events=0x21
2026-10-03 00:15:33.995 [EVENT] sock=2500 hEvent=00000980 events=0x0
2026-10-03 00:15:33.995 [EVENT] sock=2500 hEvent=00000980 events=0x21
2026-10-03 00:15:40.949 [EVENT] sock=2500 hEvent=00000980 events=0x0
2026-10-03 00:15:40.950 [EVENT] sock=2500 hEvent=00000980 events=0x21
2026-10-03 00:15:46.515 [OP] 46FE inv=FFFF len=0 #5 
2026-10-03 00:15:46.825 [EVENT] sock=2500 hEvent=00000980 events=0x0
2026-10-03 00:15:46.826 [EVENT] sock=2500 hEvent=00000980 events=0x21
2026-10-03 00:15:51.042 [EVENT] sock=2500 hEvent=00000980 events=0x0
2026-10-03 00:15:51.043 [EVENT] sock=2500 hEvent=00000980 events=0x21
2026-10-03 00:15:54.591 [SETTLE] exp=1 gold=199368 len=403
2026-10-03 00:15:54.619 [EVENT] sock=2500 hEvent=00000980 events=0x0
2026-10-03 00:15:54.620 [EVENT] sock=2500 hEvent=00000980 events=0x21
2026-10-03 00:15:54.760 [OP] 4721 inv=FFF7 len=8 #3 07c2392b1fd19564
2026-10-03 00:16:00.776 [EVENT] sock=2500 hEvent=00000980 events=0x0
2026-10-03 00:16:00.776 [EVENT] sock=2500 hEvent=00000980 events=0x21
2026-10-03 00:16:01.753 [EVENT] sock=2500 hEvent=00000980 events=0x0
2026-10-03 00:16:01.754 [EVENT] sock=2500 hEvent=00000980 events=0x21
2026-10-03 00:16:03.517 [EVENT] sock=2768 hEvent=00000CC4 events=0x0
2026-10-03 00:16:03.517 [EVENT] sock=2768 hEvent=00000CC4 events=0x21
2026-10-03 00:16:03.961 [EVENT] sock=2500 hEvent=00000980 events=0x0
2026-10-03 00:16:03.961 [EVENT] sock=2500 hEvent=00000980 events=0x21
2026-10-03 00:16:10.881 [EVENT] sock=2500 hEvent=00000980 events=0x0
2026-10-03 00:16:10.881 [EVENT] sock=2500 hEvent=00000980 events=0x21
2026-10-03 00:16:11.493 [EVENT] sock=2500 hEvent=00000980 events=0x0
2026-10-03 00:16:11.494 [EVENT] sock=2500 hEvent=00000980 events=0x21
2026-10-03 00:16:17.803 [SETTLE] exp=2 gold=199368 len=393
2026-10-03 00:16:24.979 [EVENT] sock=2500 hEvent=00000980 events=0x0
2026-10-03 00:16:24.980 [EVENT] sock=2500 hEvent=00000980 events=0x21
2026-10-03 00:16:25.965 [EVENT] sock=2500 hEvent=00000980 events=0x0
2026-10-03 00:16:25.965 [EVENT] sock=2500 hEvent=00000980 events=0x21
2026-10-03 00:16:28.248 [EVENT] sock=2500 hEvent=00000980 events=0x0
2026-10-03 00:16:28.249 [EVENT] sock=2500 hEvent=00000980 events=0x21
2026-10-03 00:16:33.518 [EVENT] sock=2768 hEvent=00000CC4 events=0x0
2026-10-03 00:16:33.519 [EVENT] sock=2768 hEvent=00000CC4 events=0x21
2026-10-03 00:16:35.106 [EVENT] sock=2500 hEvent=00000980 events=0x0
2026-10-03 00:16:35.107 [EVENT] sock=2500 hEvent=00000980 events=0x21
2026-10-03 00:16:37.575 [EVENT] sock=2500 hEvent=00000980 events=0x0
2026-10-03 00:16:37.575 [EVENT] sock=2500 hEvent=00000980 events=0x21
2026-10-03 00:16:39.348 [EVENT] sock=2500 hEvent=00000980 events=0x0
2026-10-03 00:16:39.348 [EVENT] sock=2500 hEvent=00000980 events=0x21
2026-10-03 00:16:43.706 [SETTLE] exp=2 gold=199368 len=403
2026-10-03 00:16:44.790 [EVENT] sock=2500 hEvent=00000980 events=0x0
2026-10-03 00:16:44.790 [EVENT] sock=2500 hEvent=00000980 events=0x21
2026-10-03 00:16:44.891 [OP] 4721 inv=FFF7 len=8 #4 07c2392b1fd19564
2026-10-03 00:16:47.874 [EVENT] sock=2500 hEvent=00000980 events=0x0
2026-10-03 00:16:47.874 [EVENT] sock=2500 hEvent=00000980 events=0x21
2026-10-03 00:16:48.853 [EVENT] sock=2500 hEvent=00000980 events=0x0
2026-10-03 00:16:48.854 [EVENT] sock=2500 hEvent=00000980 events=0x21
2026-10-03 00:16:51.118 [EVENT] sock=2500 hEvent=00000980 events=0x0
2026-10-03 00:16:51.119 [EVENT] sock=2500 hEvent=00000980 events=0x21
2026-10-03 00:16:57.653 [EVENT] sock=2768 hEvent=00000CC4 events=0x0
2026-10-03 00:16:57.653 [EVENT] sock=2768 hEvent=00000CC4 events=0x21
2026-10-03 00:16:57.939 [EVENT] sock=2500 hEvent=00000980 events=0x0
2026-10-03 00:16:57.941 [EVENT] sock=2500 hEvent=00000980 events=0x21
2026-10-03 00:17:07.990 [EVENT] sock=2500 hEvent=00000980 events=0x0
2026-10-03 00:17:07.990 [EVENT] sock=2500 hEvent=00000980 events=0x21
2026-10-03 00:17:08.801 [SETTLE] exp=2 gold=199368 len=393
2026-10-03 00:17:15.966 [EVENT] sock=2500 hEvent=00000980 events=0x0
2026-10-03 00:17:15.967 [EVENT] sock=2500 hEvent=00000980 events=0x21
2026-10-03 00:17:16.943 [EVENT] sock=2500 hEvent=00000980 events=0x0
2026-10-03 00:17:16.943 [EVENT] sock=2500 hEvent=00000980 events=0x21
2026-10-03 00:17:19.211 [EVENT] sock=2500 hEvent=00000980 events=0x0
2026-10-03 00:17:19.211 [EVENT] sock=2500 hEvent=00000980 events=0x21
2026-10-03 00:17:26.098 [EVENT] sock=2500 hEvent=00000980 events=0x0
2026-10-03 00:17:26.098 [EVENT] sock=2500 hEvent=00000980 events=0x21
2026-10-03 00:17:28.127 [EVENT] sock=2500 hEvent=00000980 events=0x0
2026-10-03 00:17:28.128 [EVENT] sock=2500 hEvent=00000980 events=0x21
2026-10-03 00:17:31.511 [SETTLE] exp=2 gold=199368 len=403
2026-10-03 00:17:32.987 [EVENT] sock=2500 hEvent=00000980 events=0x0
2026-10-03 00:17:32.987 [EVENT] sock=2500 hEvent=00000980 events=0x21
2026-10-03 00:17:33.143 [OP] 4721 inv=FFF7 len=8 #5 07c2392b1fd19564
2026-10-03 00:17:33.521 [EVENT] sock=2768 hEvent=00000CC4 events=0x0
2026-10-03 00:17:33.521 [EVENT] sock=2768 hEvent=00000CC4 events=0x21
2026-10-03 00:17:37.720 [EVENT] sock=2500 hEvent=00000980 events=0x0
2026-10-03 00:17:37.721 [EVENT] sock=2500 hEvent=00000980 events=0x21
2026-10-03 00:17:38.707 [EVENT] sock=2500 hEvent=00000980 events=0x0
2026-10-03 00:17:38.707 [EVENT] sock=2500 hEvent=00000980 events=0x21
2026-10-03 00:17:40.871 [EVENT] sock=2500 hEvent=00000980 events=0x0
2026-10-03 00:17:40.871 [EVENT] sock=2500 hEvent=00000980 events=0x21
2026-10-03 00:17:45.690 [EVENT] sock=2500 hEvent=00000980 events=0x0
2026-10-03 00:17:45.690 [EVENT] sock=2500 hEvent=00000980 events=0x21
2026-10-03 00:17:47.876 [EVENT] sock=2500 hEvent=00000980 events=0x0
2026-10-03 00:17:47.876 [EVENT] sock=2500 hEvent=00000980 events=0x21
2026-10-03 00:17:50.496 [SETTLE] exp=1 gold=199368 len=403
2026-10-03 00:17:51.028 [EVENT] sock=2500 hEvent=00000980 events=0x0
2026-10-03 00:17:51.028 [EVENT] sock=2500 hEvent=00000980 events=0x21
2026-10-03 00:17:54.664 [EVENT] sock=2500 hEvent=00000980 events=0x0
2026-10-03 00:17:54.664 [EVENT] sock=2500 hEvent=00000980 events=0x21
2026-10-03 00:17:55.639 [EVENT] sock=2500 hEvent=00000980 events=0x0
2026-10-03 00:17:55.640 [EVENT] sock=2500 hEvent=00000980 events=0x21
2026-10-03 00:17:57.819 [EVENT] sock=2500 hEvent=00000980 events=0x0
2026-10-03 00:17:57.819 [EVENT] sock=2500 hEvent=00000980 events=0x21
2026-10-03 00:18:03.521 [EVENT] sock=2768 hEvent=00000CC4 events=0x0
2026-10-03 00:18:03.527 [EVENT] sock=2768 hEvent=00000CC4 events=0x21
2026-10-03 00:18:04.737 [EVENT] sock=2500 hEvent=00000980 events=0x0
2026-10-03 00:18:04.737 [EVENT] sock=2500 hEvent=00000980 events=0x21
2026-10-03 00:18:05.136 [EVENT] sock=2500 hEvent=00000980 events=0x0
2026-10-03 00:18:05.136 [EVENT] sock=2500 hEvent=00000980 events=0x21
2026-10-03 00:18:12.817 [SETTLE] exp=1 gold=199368 len=393
2026-10-03 00:18:14.840 [EVENT] sock=2500 hEvent=00000980 events=0x0
2026-10-03 00:18:14.842 [EVENT] sock=2500 hEvent=00000980 events=0x21
2026-10-03 00:18:14.949 [OP] 4029 inv=FFDF len=32 #2 3ccdfc0b2b25a32b1f805b646975dcfaa32b1f80a97f510b8bc4d82bcf809564
2026-10-03 00:18:22.203 [EVENT] sock=2500 hEvent=00000980 events=0x0
2026-10-03 00:18:22.204 [EVENT] sock=2500 hEvent=00000980 events=0x21
2026-10-03 00:18:23.161 [EVENT] sock=2500 hEvent=00000980 events=0x0
2026-10-03 00:18:23.161 [EVENT] sock=2500 hEvent=00000980 events=0x21
2026-10-03 00:18:25.389 [EVENT] sock=2500 hEvent=00000980 events=0x0
2026-10-03 00:18:25.389 [EVENT] sock=2500 hEvent=00000980 events=0x21
2026-10-03 00:18:30.000 [OP] 4033 inv=FFE6 len=25 #5 3b1fef5b64510bdcfaa3d44e7c025088487dfaa3490dd5d364
2026-10-03 00:18:32.261 [EVENT] sock=2500 hEvent=00000980 events=0x0
2026-10-03 00:18:32.261 [EVENT] sock=2500 hEvent=00000980 events=0x21
2026-10-03 00:18:33.527 [EVENT] sock=2768 hEvent=00000CC4 events=0x0
2026-10-03 00:18:33.527 [EVENT] sock=2768 hEvent=00000CC4 events=0x21
2026-10-03 00:18:41.050 [SETTLE] exp=2 gold=199368 len=393
2026-10-03 00:18:45.255 [EVENT] sock=2500 hEvent=00000980 events=0x0
2026-10-03 00:18:45.255 [EVENT] sock=2500 hEvent=00000980 events=0x21
2026-10-03 00:18:46.229 [EVENT] sock=2500 hEvent=00000980 events=0x0
2026-10-03 00:18:46.230 [EVENT] sock=2500 hEvent=00000980 events=0x21
2026-10-03 00:18:48.784 [EVENT] sock=2500 hEvent=00000980 events=0x0
2026-10-03 00:18:48.784 [EVENT] sock=2500 hEvent=00000980 events=0x21
2026-10-03 00:18:55.363 [EVENT] sock=2500 hEvent=00000980 events=0x0
2026-10-03 00:18:55.364 [EVENT] sock=2500 hEvent=00000980 events=0x21
2026-10-03 00:19:02.773 [EVENT] sock=2500 hEvent=00000980 events=0x0
2026-10-03 00:19:02.773 [EVENT] sock=2500 hEvent=00000980 events=0x21
2026-10-03 00:19:02.926 [EVENT] sock=2500 hEvent=00000980 events=0x0
2026-10-03 00:19:02.926 [EVENT] sock=2500 hEvent=00000980 events=0x21
2026-10-03 00:19:03.528 [EVENT] sock=2768 hEvent=00000CC4 events=0x0
2026-10-03 00:19:03.528 [EVENT] sock=2768 hEvent=00000CC4 events=0x21
2026-10-03 00:19:05.422 [EVENT] sock=2500 hEvent=00000980 events=0x0
2026-10-03 00:19:05.422 [EVENT] sock=2500 hEvent=00000980 events=0x21
2026-10-03 00:19:07.514 [SETTLE] exp=2 gold=199368 len=393
2026-10-03 00:19:07.606 [OP] 4210 inv=FFF3 len=12 #1 ac0bdcfaf32b1f807aecfc0b
2026-10-03 00:19:17.554 [EVENT] sock=2500 hEvent=00000980 events=0x0
2026-10-03 00:19:17.555 [EVENT] sock=2500 hEvent=00000980 events=0x21
2026-10-03 00:19:27.616 [EVENT] sock=2500 hEvent=00000980 events=0x0
2026-10-03 00:19:27.616 [EVENT] sock=2500 hEvent=00000980 events=0x21
2026-10-03 00:19:33.528 [EVENT] sock=2768 hEvent=00000CC4 events=0x0
2026-10-03 00:19:33.528 [EVENT] sock=2768 hEvent=00000CC4 events=0x21
2026-10-03 00:19:37.670 [EVENT] sock=2500 hEvent=00000980 events=0x0
2026-10-03 00:19:37.670 [EVENT] sock=2500 hEvent=00000980 events=0x21
2026-10-03 00:19:47.727 [EVENT] sock=2500 hEvent=00000980 events=0x0
2026-10-03 00:19:47.727 [EVENT] sock=2500 hEvent=00000980 events=0x21
2026-10-03 00:19:57.789 [EVENT] sock=2500 hEvent=00000980 events=0x0
2026-10-03 00:19:57.790 [EVENT] sock=2500 hEvent=00000980 events=0x21
2026-10-03 00:20:03.529 [EVENT] sock=2768 hEvent=00000CC4 events=0x0
2026-10-03 00:20:03.530 [EVENT] sock=2768 hEvent=00000CC4 events=0x21
2026-10-03 00:20:07.838 [EVENT] sock=2500 hEvent=00000980 events=0x0
2026-10-03 00:20:07.838 [EVENT] sock=2500 hEvent=00000980 events=0x21
2026-10-03 00:20:17.886 [EVENT] sock=2500 hEvent=00000980 events=0x0
2026-10-03 00:20:17.886 [EVENT] sock=2500 hEvent=00000980 events=0x21
2026-10-03 00:20:27.959 [EVENT] sock=2500 hEvent=00000980 events=0x0
2026-10-03 00:20:27.959 [EVENT] sock=2500 hEvent=00000980 events=0x21
2026-10-03 00:20:33.531 [EVENT] sock=2768 hEvent=00000CC4 events=0x0
2026-10-03 00:20:33.531 [EVENT] sock=2768 hEvent=00000CC4 events=0x21
2026-10-03 00:20:38.017 [EVENT] sock=2500 hEvent=00000980 events=0x0
2026-10-03 00:20:38.018 [EVENT] sock=2500 hEvent=00000980 events=0x21
2026-10-03 00:20:48.085 [EVENT] sock=2500 hEvent=00000980 events=0x0
2026-10-03 00:20:48.085 [EVENT] sock=2500 hEvent=00000980 events=0x21
2026-10-03 00:20:58.150 [EVENT] sock=2500 hEvent=00000980 events=0x0
2026-10-03 00:20:58.150 [EVENT] sock=2500 hEvent=00000980 events=0x21
2026-10-03 00:21:03.532 [EVENT] sock=2768 hEvent=00000CC4 events=0x0
2026-10-03 00:21:03.533 [EVENT] sock=2768 hEvent=00000CC4 events=0x21
2026-10-03 00:21:08.225 [EVENT] sock=2500 hEvent=00000980 events=0x0
2026-10-03 00:21:08.225 [EVENT] sock=2500 hEvent=00000980 events=0x21
2026-10-03 00:21:18.286 [EVENT] sock=2500 hEvent=00000980 events=0x0
2026-10-03 00:21:18.286 [EVENT] sock=2500 hEvent=00000980 events=0x21
2026-10-03 00:21:28.340 [EVENT] sock=2500 hEvent=00000980 events=0x0
2026-10-03 00:21:28.341 [EVENT] sock=2500 hEvent=00000980 events=0x21
2026-10-03 00:21:33.534 [EVENT] sock=2768 hEvent=00000CC4 events=0x0
2026-10-03 00:21:33.534 [EVENT] sock=2768 hEvent=00000CC4 events=0x21
2026-10-03 00:21:38.404 [EVENT] sock=2500 hEvent=00000980 events=0x0
2026-10-03 00:21:38.404 [EVENT] sock=2500 hEvent=00000980 events=0x21
2026-10-03 00:21:48.451 [EVENT] sock=2500 hEvent=00000980 events=0x0
2026-10-03 00:21:48.451 [EVENT] sock=2500 hEvent=00000980 events=0x21
2026-10-03 00:21:58.502 [EVENT] sock=2500 hEvent=00000980 events=0x0
2026-10-03 00:21:58.502 [EVENT] sock=2500 hEvent=00000980 events=0x21
2026-10-03 00:22:03.535 [EVENT] sock=2768 hEvent=00000CC4 events=0x0
2026-10-03 00:22:03.536 [EVENT] sock=2768 hEvent=00000CC4 events=0x21
2026-10-03 00:22:08.554 [EVENT] sock=2500 hEvent=00000980 events=0x0
2026-10-03 00:22:08.554 [EVENT] sock=2500 hEvent=00000980 events=0x21
2026-10-03 00:22:18.613 [EVENT] sock=2500 hEvent=00000980 events=0x0
2026-10-03 00:22:18.614 [EVENT] sock=2500 hEvent=00000980 events=0x21
2026-10-03 00:22:28.674 [EVENT] sock=2500 hEvent=00000980 events=0x0
2026-10-03 00:22:28.674 [EVENT] sock=2500 hEvent=00000980 events=0x21
2026-10-03 00:22:33.537 [EVENT] sock=2768 hEvent=00000CC4 events=0x0
2026-10-03 00:22:33.538 [EVENT] sock=2768 hEvent=00000CC4 events=0x21
2026-10-03 00:22:38.721 [EVENT] sock=2500 hEvent=00000980 events=0x0
2026-10-03 00:22:38.721 [EVENT] sock=2500 hEvent=00000980 events=0x21
2026-10-03 00:22:48.772 [EVENT] sock=2500 hEvent=00000980 events=0x0
2026-10-03 00:22:48.772 [EVENT] sock=2500 hEvent=00000980 events=0x21
2026-10-03 00:22:58.820 [EVENT] sock=2500 hEvent=00000980 events=0x0
2026-10-03 00:22:58.820 [EVENT] sock=2500 hEvent=00000980 events=0x21
2026-10-03 00:23:03.539 [EVENT] sock=2768 hEvent=00000CC4 events=0x0
2026-10-03 00:23:03.539 [EVENT] sock=2768 hEvent=00000CC4 events=0x21
2026-10-03 00:23:08.871 [EVENT] sock=2500 hEvent=00000980 events=0x0
2026-10-03 00:23:08.872 [EVENT] sock=2500 hEvent=00000980 events=0x21
2026-10-03 00:23:18.932 [EVENT] sock=2500 hEvent=00000980 events=0x0
2026-10-03 00:23:18.932 [EVENT] sock=2500 hEvent=00000980 events=0x21
2026-10-03 00:23:28.986 [EVENT] sock=2500 hEvent=00000980 events=0x0
2026-10-03 00:23:28.986 [EVENT] sock=2500 hEvent=00000980 events=0x21
2026-10-03 00:23:33.539 [EVENT] sock=2768 hEvent=00000CC4 events=0x0
2026-10-03 00:23:33.539 [EVENT] sock=2768 hEvent=00000CC4 events=0x21
2026-10-03 00:23:39.286 [EVENT] sock=2500 hEvent=00000980 events=0x0
2026-10-03 00:23:39.286 [EVENT] sock=2500 hEvent=00000980 events=0x21
2026-10-03 00:23:49.332 [EVENT] sock=2500 hEvent=00000980 events=0x0
2026-10-03 00:23:49.332 [EVENT] sock=2500 hEvent=00000980 events=0x21
2026-10-03 00:23:59.382 [EVENT] sock=2500 hEvent=00000980 events=0x0
2026-10-03 00:23:59.382 [EVENT] sock=2500 hEvent=00000980 events=0x21
2026-10-03 00:24:03.540 [EVENT] sock=2768 hEvent=00000CC4 events=0x0
2026-10-03 00:24:03.540 [EVENT] sock=2768 hEvent=00000CC4 events=0x21
2026-10-03 00:24:09.459 [EVENT] sock=2500 hEvent=00000980 events=0x0
2026-10-03 00:24:09.459 [EVENT] sock=2500 hEvent=00000980 events=0x21
2026-10-03 00:24:19.523 [EVENT] sock=2500 hEvent=00000980 events=0x0
2026-10-03 00:24:19.523 [EVENT] sock=2500 hEvent=00000980 events=0x21
2026-10-03 00:24:29.595 [EVENT] sock=2500 hEvent=00000980 events=0x0
2026-10-03 00:24:29.595 [EVENT] sock=2500 hEvent=00000980 events=0x21
2026-10-03 00:24:33.541 [EVENT] sock=2768 hEvent=00000CC4 events=0x0
2026-10-03 00:24:33.541 [EVENT] sock=2768 hEvent=00000CC4 events=0x21
2026-10-03 00:24:39.652 [EVENT] sock=2500 hEvent=00000980 events=0x0
2026-10-03 00:24:39.652 [EVENT] sock=2500 hEvent=00000980 events=0x21
2026-10-03 00:24:49.714 [EVENT] sock=2500 hEvent=00000980 events=0x0
2026-10-03 00:24:49.715 [EVENT] sock=2500 hEvent=00000980 events=0x21
2026-10-03 00:24:59.769 [EVENT] sock=2500 hEvent=00000980 events=0x0
2026-10-03 00:24:59.770 [EVENT] sock=2500 hEvent=00000980 events=0x21
2026-10-03 00:25:03.541 [EVENT] sock=2768 hEvent=00000CC4 events=0x0
2026-10-03 00:25:03.542 [EVENT] sock=2768 hEvent=00000CC4 events=0x21
2026-10-03 00:25:09.833 [EVENT] sock=2500 hEvent=00000980 events=0x0
2026-10-03 00:25:09.833 [EVENT] sock=2500 hEvent=00000980 events=0x21
2026-10-03 00:25:19.944 [EVENT] sock=2500 hEvent=00000980 events=0x0
2026-10-03 00:25:19.944 [EVENT] sock=2500 hEvent=00000980 events=0x21
2026-10-03 00:25:30.044 [EVENT] sock=2500 hEvent=00000980 events=0x0
2026-10-03 00:25:30.044 [EVENT] sock=2500 hEvent=00000980 events=0x21
2026-10-03 00:25:33.543 [EVENT] sock=2768 hEvent=00000CC4 events=0x0
2026-10-03 00:25:33.543 [EVENT] sock=2768 hEvent=00000CC4 events=0x21
2026-10-03 00:25:40.112 [EVENT] sock=2500 hEvent=00000980 events=0x0
2026-10-03 00:25:40.113 [EVENT] sock=2500 hEvent=00000980 events=0x21
2026-10-03 00:25:50.173 [EVENT] sock=2500 hEvent=00000980 events=0x0
2026-10-03 00:25:50.174 [EVENT] sock=2500 hEvent=00000980 events=0x21
2026-10-03 00:26:00.229 [EVENT] sock=2500 hEvent=00000980 events=0x0
2026-10-03 00:26:00.230 [EVENT] sock=2500 hEvent=00000980 events=0x21
2026-10-03 00:26:03.544 [EVENT] sock=2768 hEvent=00000CC4 events=0x0
2026-10-03 00:26:03.544 [EVENT] sock=2768 hEvent=00000CC4 events=0x21
2026-10-03 00:26:10.302 [EVENT] sock=2500 hEvent=00000980 events=0x0
2026-10-03 00:26:10.302 [EVENT] sock=2500 hEvent=00000980 events=0x21
2026-10-03 00:26:20.368 [EVENT] sock=2500 hEvent=00000980 events=0x0
2026-10-03 00:26:20.372 [EVENT] sock=2500 hEvent=00000980 events=0x21
2026-10-03 00:26:30.431 [EVENT] sock=2500 hEvent=00000980 events=0x0
2026-10-03 00:26:30.432 [EVENT] sock=2500 hEvent=00000980 events=0x21
2026-10-03 00:26:33.544 [EVENT] sock=2768 hEvent=00000CC4 events=0x0
2026-10-03 00:26:33.544 [EVENT] sock=2768 hEvent=00000CC4 events=0x21
2026-10-03 00:26:40.480 [EVENT] sock=2500 hEvent=00000980 events=0x0
2026-10-03 00:26:40.480 [EVENT] sock=2500 hEvent=00000980 events=0x21
2026-10-03 00:26:50.674 [EVENT] sock=2500 hEvent=00000980 events=0x0
2026-10-03 00:26:50.674 [EVENT] sock=2500 hEvent=00000980 events=0x21
2026-10-03 00:27:00.723 [EVENT] sock=2500 hEvent=00000980 events=0x0
2026-10-03 00:27:00.723 [EVENT] sock=2500 hEvent=00000980 events=0x21
2026-10-03 00:27:03.544 [EVENT] sock=2768 hEvent=00000CC4 events=0x0
2026-10-03 00:27:03.546 [EVENT] sock=2768 hEvent=00000CC4 events=0x21
2026-10-03 00:27:10.772 [EVENT] sock=2500 hEvent=00000980 events=0x0
2026-10-03 00:27:10.773 [EVENT] sock=2500 hEvent=00000980 events=0x21
2026-10-03 00:27:20.824 [EVENT] sock=2500 hEvent=00000980 events=0x0
2026-10-03 00:27:20.824 [EVENT] sock=2500 hEvent=00000980 events=0x21
2026-10-03 00:27:30.890 [EVENT] sock=2500 hEvent=00000980 events=0x0
2026-10-03 00:27:30.891 [EVENT] sock=2500 hEvent=00000980 events=0x21
2026-10-03 00:27:33.547 [EVENT] sock=2768 hEvent=00000CC4 events=0x0
2026-10-03 00:27:33.547 [EVENT] sock=2768 hEvent=00000CC4 events=0x21
2026-10-03 00:27:40.959 [EVENT] sock=2500 hEvent=00000980 events=0x0
2026-10-03 00:27:40.959 [EVENT] sock=2500 hEvent=00000980 events=0x21
2026-10-03 00:27:51.189 [EVENT] sock=2500 hEvent=00000980 events=0x0
2026-10-03 00:27:51.190 [EVENT] sock=2500 hEvent=00000980 events=0x21
2026-10-03 00:28:01.258 [EVENT] sock=2500 hEvent=00000980 events=0x0
2026-10-03 00:28:01.259 [EVENT] sock=2500 hEvent=00000980 events=0x21
2026-10-03 00:28:03.548 [EVENT] sock=2768 hEvent=00000CC4 events=0x0
2026-10-03 00:28:03.548 [EVENT] sock=2768 hEvent=00000CC4 events=0x21
2026-10-03 00:28:11.336 [EVENT] sock=2500 hEvent=00000980 events=0x0
2026-10-03 00:28:11.336 [EVENT] sock=2500 hEvent=00000980 events=0x21
2026-10-03 00:28:21.390 [EVENT] sock=2500 hEvent=00000980 events=0x0
2026-10-03 00:28:21.390 [EVENT] sock=2500 hEvent=00000980 events=0x21
2026-10-03 00:28:31.443 [EVENT] sock=2500 hEvent=00000980 events=0x0
2026-10-03 00:28:31.443 [EVENT] sock=2500 hEvent=00000980 events=0x21
2026-10-03 00:28:33.549 [EVENT] sock=2768 hEvent=00000CC4 events=0x0
2026-10-03 00:28:33.549 [EVENT] sock=2768 hEvent=00000CC4 events=0x21
2026-10-03 00:28:41.507 [EVENT] sock=2500 hEvent=00000980 events=0x0
2026-10-03 00:28:41.507 [EVENT] sock=2500 hEvent=00000980 events=0x21
2026-10-03 00:28:51.633 [EVENT] sock=2500 hEvent=00000980 events=0x0
2026-10-03 00:28:51.633 [EVENT] sock=2500 hEvent=00000980 events=0x21
2026-10-03 00:29:01.705 [EVENT] sock=2500 hEvent=00000980 events=0x0
2026-10-03 00:29:01.705 [EVENT] sock=2500 hEvent=00000980 events=0x21
2026-10-03 00:29:03.550 [EVENT] sock=2768 hEvent=00000CC4 events=0x0
2026-10-03 00:29:03.551 [EVENT] sock=2768 hEvent=00000CC4 events=0x21
2026-10-03 00:29:11.776 [EVENT] sock=2500 hEvent=00000980 events=0x0
2026-10-03 00:29:11.776 [EVENT] sock=2500 hEvent=00000980 events=0x21
2026-10-03 00:29:21.853 [EVENT] sock=2500 hEvent=00000980 events=0x0
2026-10-03 00:29:21.854 [EVENT] sock=2500 hEvent=00000980 events=0x21
2026-10-03 00:29:31.905 [EVENT] sock=2500 hEvent=00000980 events=0x0
2026-10-03 00:29:31.905 [EVENT] sock=2500 hEvent=00000980 events=0x21
2026-10-03 00:29:33.551 [EVENT] sock=2768 hEvent=00000CC4 events=0x0
2026-10-03 00:29:33.551 [EVENT] sock=2768 hEvent=00000CC4 events=0x21
2026-10-03 00:29:41.970 [EVENT] sock=2500 hEvent=00000980 events=0x0
2026-10-03 00:29:41.971 [EVENT] sock=2500 hEvent=00000980 events=0x21
2026-10-03 00:29:52.018 [EVENT] sock=2500 hEvent=00000980 events=0x0
2026-10-03 00:29:52.018 [EVENT] sock=2500 hEvent=00000980 events=0x21
2026-10-03 00:30:02.068 [EVENT] sock=2500 hEvent=00000980 events=0x0
2026-10-03 00:30:02.070 [EVENT] sock=2500 hEvent=00000980 events=0x21
2026-10-03 00:30:03.551 [EVENT] sock=2768 hEvent=00000CC4 events=0x0
2026-10-03 00:30:03.551 [EVENT] sock=2768 hEvent=00000CC4 events=0x21
2026-10-03 00:30:12.120 [EVENT] sock=2500 hEvent=00000980 events=0x0
2026-10-03 00:30:12.121 [EVENT] sock=2500 hEvent=00000980 events=0x21
2026-10-03 00:30:22.191 [EVENT] sock=2500 hEvent=00000980 events=0x0
2026-10-03 00:30:22.193 [EVENT] sock=2500 hEvent=00000980 events=0x21
2026-10-03 00:30:32.269 [EVENT] sock=2500 hEvent=00000980 events=0x0
2026-10-03 00:30:32.270 [EVENT] sock=2500 hEvent=00000980 events=0x21
2026-10-03 00:30:33.552 [EVENT] sock=2768 hEvent=00000CC4 events=0x0
2026-10-03 00:30:33.552 [EVENT] sock=2768 hEvent=00000CC4 events=0x21
2026-10-03 00:30:42.335 [EVENT] sock=2500 hEvent=00000980 events=0x0
2026-10-03 00:30:42.335 [EVENT] sock=2500 hEvent=00000980 events=0x21
2026-10-03 00:30:52.410 [EVENT] sock=2500 hEvent=00000980 events=0x0
2026-10-03 00:30:52.414 [EVENT] sock=2500 hEvent=00000980 events=0x21
2026-10-03 00:31:02.519 [EVENT] sock=2500 hEvent=00000980 events=0x0
2026-10-03 00:31:02.519 [EVENT] sock=2500 hEvent=00000980 events=0x21
2026-10-03 00:31:03.552 [EVENT] sock=2768 hEvent=00000CC4 events=0x0
2026-10-03 00:31:03.553 [EVENT] sock=2768 hEvent=00000CC4 events=0x21
2026-10-03 00:31:12.598 [EVENT] sock=2500 hEvent=00000980 events=0x0
2026-10-03 00:31:12.599 [EVENT] sock=2500 hEvent=00000980 events=0x21
2026-10-03 00:31:22.663 [EVENT] sock=2500 hEvent=00000980 events=0x0
2026-10-03 00:31:22.664 [EVENT] sock=2500 hEvent=00000980 events=0x21
2026-10-03 00:31:32.715 [EVENT] sock=2500 hEvent=00000980 events=0x0
2026-10-03 00:31:32.715 [EVENT] sock=2500 hEvent=00000980 events=0x21
2026-10-03 00:31:33.554 [EVENT] sock=2768 hEvent=00000CC4 events=0x0
2026-10-03 00:31:33.554 [EVENT] sock=2768 hEvent=00000CC4 events=0x21
2026-10-03 00:31:42.781 [EVENT] sock=2500 hEvent=00000980 events=0x0
2026-10-03 00:31:42.784 [EVENT] sock=2500 hEvent=00000980 events=0x21
2026-10-03 00:31:53.045 [EVENT] sock=2500 hEvent=00000980 events=0x0
2026-10-03 00:31:53.045 [EVENT] sock=2500 hEvent=00000980 events=0x21
2026-10-03 00:32:03.095 [EVENT] sock=2500 hEvent=00000980 events=0x0
2026-10-03 00:32:03.095 [EVENT] sock=2500 hEvent=00000980 events=0x21
2026-10-03 00:32:03.555 [EVENT] sock=2768 hEvent=00000CC4 events=0x0
2026-10-03 00:32:03.555 [EVENT] sock=2768 hEvent=00000CC4 events=0x21
2026-10-03 00:32:13.148 [EVENT] sock=2500 hEvent=00000980 events=0x0
2026-10-03 00:32:13.148 [EVENT] sock=2500 hEvent=00000980 events=0x21
2026-10-03 00:32:23.227 [EVENT] sock=2500 hEvent=00000980 events=0x0
2026-10-03 00:32:23.227 [EVENT] sock=2500 hEvent=00000980 events=0x21
2026-10-03 00:32:33.555 [EVENT] sock=2768 hEvent=00000CC4 events=0x0
2026-10-03 00:32:33.555 [EVENT] sock=2768 hEvent=00000CC4 events=0x21
2026-10-03 00:32:33.584 [EVENT] sock=2500 hEvent=00000980 events=0x0
2026-10-03 00:32:33.584 [EVENT] sock=2500 hEvent=00000980 events=0x21
2026-10-03 00:32:33.846 [EVENT] sock=2500 hEvent=00000980 events=0x0
2026-10-03 00:32:33.846 [EVENT] sock=2500 hEvent=00000980 events=0x21
2026-10-03 00:32:43.916 [EVENT] sock=2500 hEvent=00000980 events=0x0
2026-10-03 00:32:43.916 [EVENT] sock=2500 hEvent=00000980 events=0x21
2026-10-03 00:32:53.980 [EVENT] sock=2500 hEvent=00000980 events=0x0
2026-10-03 00:32:53.980 [EVENT] sock=2500 hEvent=00000980 events=0x21
2026-10-03 00:33:03.558 [EVENT] sock=2768 hEvent=00000CC4 events=0x0
2026-10-03 00:33:03.558 [EVENT] sock=2768 hEvent=00000CC4 events=0x21
2026-10-03 00:33:04.049 [EVENT] sock=2500 hEvent=00000980 events=0x0
2026-10-03 00:33:04.049 [EVENT] sock=2500 hEvent=00000980 events=0x21
2026-10-03 00:33:14.101 [EVENT] sock=2500 hEvent=00000980 events=0x0
2026-10-03 00:33:14.101 [EVENT] sock=2500 hEvent=00000980 events=0x21
2026-10-03 00:33:24.150 [EVENT] sock=2500 hEvent=00000980 events=0x0
2026-10-03 00:33:24.151 [EVENT] sock=2500 hEvent=00000980 events=0x21
2026-10-03 00:33:33.558 [EVENT] sock=2768 hEvent=00000CC4 events=0x0
2026-10-03 00:33:33.558 [EVENT] sock=2768 hEvent=00000CC4 events=0x21
2026-10-03 00:33:34.220 [EVENT] sock=2500 hEvent=00000980 events=0x0
2026-10-03 00:33:34.221 [EVENT] sock=2500 hEvent=00000980 events=0x21
2026-10-03 00:33:45.580 [EVENT] sock=2500 hEvent=00000980 events=0x0
2026-10-03 00:33:45.580 [EVENT] sock=2500 hEvent=00000980 events=0x21
2026-10-03 00:33:55.654 [EVENT] sock=2500 hEvent=00000980 events=0x0
2026-10-03 00:33:55.655 [EVENT] sock=2500 hEvent=00000980 events=0x21
2026-10-03 00:34:03.558 [EVENT] sock=2768 hEvent=00000CC4 events=0x0
2026-10-03 00:34:03.558 [EVENT] sock=2768 hEvent=00000CC4 events=0x21
2026-10-03 00:34:06.191 [EVENT] sock=2500 hEvent=00000980 events=0x0
2026-10-03 00:34:06.191 [EVENT] sock=2500 hEvent=00000980 events=0x21
2026-10-03 00:34:16.243 [EVENT] sock=2500 hEvent=00000980 events=0x0
2026-10-03 00:34:16.243 [EVENT] sock=2500 hEvent=00000980 events=0x21
2026-10-03 00:34:26.304 [EVENT] sock=2500 hEvent=00000980 events=0x0
2026-10-03 00:34:26.304 [EVENT] sock=2500 hEvent=00000980 events=0x21
2026-10-03 00:34:33.559 [EVENT] sock=2768 hEvent=00000CC4 events=0x0
2026-10-03 00:34:33.560 [EVENT] sock=2768 hEvent=00000CC4 events=0x21
2026-10-03 00:34:36.375 [EVENT] sock=2500 hEvent=00000980 events=0x0
2026-10-03 00:34:36.375 [EVENT] sock=2500 hEvent=00000980 events=0x21
2026-10-03 00:34:46.435 [EVENT] sock=2500 hEvent=00000980 events=0x0
2026-10-03 00:34:46.436 [EVENT] sock=2500 hEvent=00000980 events=0x21
2026-10-03 00:34:56.487 [EVENT] sock=2500 hEvent=00000980 events=0x0
2026-10-03 00:34:56.488 [EVENT] sock=2500 hEvent=00000980 events=0x21
2026-10-03 00:35:03.562 [EVENT] sock=2768 hEvent=00000CC4 events=0x0
2026-10-03 00:35:03.562 [EVENT] sock=2768 hEvent=00000CC4 events=0x21
2026-10-03 00:35:06.886 [EVENT] sock=2500 hEvent=00000980 events=0x0
2026-10-03 00:35:06.886 [EVENT] sock=2500 hEvent=00000980 events=0x21
2026-10-03 00:35:16.935 [EVENT] sock=2500 hEvent=00000980 events=0x0
2026-10-03 00:35:16.935 [EVENT] sock=2500 hEvent=00000980 events=0x21
2026-10-03 00:35:17.601 [PIPE] controller connected
2026-10-03 00:35:27.003 [EVENT] sock=2500 hEvent=00000980 events=0x0
2026-10-03 00:35:27.003 [EVENT] sock=2500 hEvent=00000980 events=0x21
2026-10-03 00:35:33.563 [EVENT] sock=2768 hEvent=00000CC4 events=0x0
2026-10-03 00:35:33.563 [EVENT] sock=2768 hEvent=00000CC4 events=0x21
2026-10-03 00:35:37.084 [EVENT] sock=2500 hEvent=00000980 events=0x0
2026-10-03 00:35:37.085 [EVENT] sock=2500 hEvent=00000980 events=0x21
2026-10-03 00:35:41.702 [PIPE] controller disconnected
2026-10-03 00:35:47.134 [EVENT] sock=2500 hEvent=00000980 events=0x0
2026-10-03 00:35:47.134 [EVENT] sock=2500 hEvent=00000980 events=0x21
2026-10-03 00:35:57.195 [EVENT] sock=2500 hEvent=00000980 events=0x0
2026-10-03 00:35:57.196 [EVENT] sock=2500 hEvent=00000980 events=0x21
2026-10-03 00:36:03.563 [EVENT] sock=2768 hEvent=00000CC4 events=0x0
2026-10-03 00:36:03.563 [EVENT] sock=2768 hEvent=00000CC4 events=0x21
2026-10-03 00:36:07.254 [EVENT] sock=2500 hEvent=00000980 events=0x0
2026-10-03 00:36:07.255 [EVENT] sock=2500 hEvent=00000980 events=0x21
2026-10-03 00:36:17.315 [EVENT] sock=2500 hEvent=00000980 events=0x0
2026-10-03 00:36:17.316 [EVENT] sock=2500 hEvent=00000980 events=0x21
2026-10-03 00:36:27.485 [EVENT] sock=2500 hEvent=00000980 events=0x0
2026-10-03 00:36:27.486 [EVENT] sock=2500 hEvent=00000980 events=0x21
2026-10-03 00:36:33.564 [EVENT] sock=2768 hEvent=00000CC4 events=0x0
2026-10-03 00:36:33.564 [EVENT] sock=2768 hEvent=00000CC4 events=0x21
2026-10-03 00:36:37.556 [EVENT] sock=2500 hEvent=00000980 events=0x0
2026-10-03 00:36:37.556 [EVENT] sock=2500 hEvent=00000980 events=0x21
2026-10-03 00:36:40.029 [PIPE] controller connected
2026-10-03 00:36:47.623 [EVENT] sock=2500 hEvent=00000980 events=0x0
2026-10-03 00:36:47.623 [EVENT] sock=2500 hEvent=00000980 events=0x21
2026-10-03 00:36:57.696 [EVENT] sock=2500 hEvent=00000980 events=0x0
2026-10-03 00:36:57.696 [EVENT] sock=2500 hEvent=00000980 events=0x21
2026-10-03 00:36:59.001 [EVENT] sock=2768 hEvent=00000CC4 events=0x0
2026-10-03 00:36:59.001 [EVENT] sock=2768 hEvent=00000CC4 events=0x21
2026-10-03 00:37:09.662 [EVENT] sock=2500 hEvent=00000980 events=0x0
2026-10-03 00:37:09.663 [EVENT] sock=2500 hEvent=00000980 events=0x21
2026-10-03 00:37:11.690 [EVENT] sock=2500 hEvent=00000980 events=0x0
2026-10-03 00:37:11.690 [EVENT] sock=2500 hEvent=00000980 events=0x21
2026-10-03 00:37:12.677 [EVENT] sock=2500 hEvent=00000980 events=0x0
2026-10-03 00:37:12.677 [EVENT] sock=2500 hEvent=00000980 events=0x21
2026-10-03 00:37:14.971 [EVENT] sock=2500 hEvent=00000980 events=0x0
2026-10-03 00:37:14.971 [EVENT] sock=2500 hEvent=00000980 events=0x21
2026-10-03 00:37:21.783 [EVENT] sock=2500 hEvent=00000980 events=0x0
2026-10-03 00:37:21.783 [EVENT] sock=2500 hEvent=00000980 events=0x21
2026-10-03 00:37:22.729 [SETTLE] exp=1 gold=199368 len=403
2026-10-03 00:37:23.374 [EVENT] sock=2500 hEvent=00000980 events=0x0
2026-10-03 00:37:23.375 [EVENT] sock=2500 hEvent=00000980 events=0x21
2026-10-03 00:37:30.957 [EVENT] sock=2500 hEvent=00000980 events=0x0
2026-10-03 00:37:30.957 [EVENT] sock=2500 hEvent=00000980 events=0x21
2026-10-03 00:37:31.933 [EVENT] sock=2500 hEvent=00000980 events=0x0
2026-10-03 00:37:31.933 [EVENT] sock=2500 hEvent=00000980 events=0x21
2026-10-03 00:37:33.564 [EVENT] sock=2768 hEvent=00000CC4 events=0x0
2026-10-03 00:37:33.564 [EVENT] sock=2768 hEvent=00000CC4 events=0x21
2026-10-03 00:37:34.227 [EVENT] sock=2500 hEvent=00000980 events=0x0
2026-10-03 00:37:34.228 [EVENT] sock=2500 hEvent=00000980 events=0x21
2026-10-03 00:37:41.018 [EVENT] sock=2500 hEvent=00000980 events=0x0
2026-10-03 00:37:41.018 [EVENT] sock=2500 hEvent=00000980 events=0x21
2026-10-03 00:37:44.005 [EVENT] sock=2500 hEvent=00000980 events=0x0
2026-10-03 00:37:44.005 [EVENT] sock=2500 hEvent=00000980 events=0x21
2026-10-03 00:37:45.400 [EVENT] sock=2500 hEvent=00000980 events=0x0
2026-10-03 00:37:45.402 [EVENT] sock=2500 hEvent=00000980 events=0x21
2026-10-03 00:37:49.993 [SETTLE] exp=2 gold=199368 len=403
2026-10-03 00:37:51.464 [EVENT] sock=2500 hEvent=00000980 events=0x0
2026-10-03 00:37:51.464 [EVENT] sock=2500 hEvent=00000980 events=0x21
2026-10-03 00:37:57.191 [EVENT] sock=2500 hEvent=00000980 events=0x0
2026-10-03 00:37:57.192 [EVENT] sock=2500 hEvent=00000980 events=0x21
2026-10-03 00:37:58.176 [EVENT] sock=2500 hEvent=00000980 events=0x0
2026-10-03 00:37:58.177 [EVENT] sock=2500 hEvent=00000980 events=0x21
2026-10-03 00:38:00.403 [EVENT] sock=2500 hEvent=00000980 events=0x0
2026-10-03 00:38:00.403 [EVENT] sock=2500 hEvent=00000980 events=0x21
2026-10-03 00:38:03.565 [EVENT] sock=2768 hEvent=00000CC4 events=0x0
2026-10-03 00:38:03.565 [EVENT] sock=2768 hEvent=00000CC4 events=0x21
2026-10-03 00:38:06.503 [EVENT] sock=2500 hEvent=00000980 events=0x0
2026-10-03 00:38:06.503 [EVENT] sock=2500 hEvent=00000980 events=0x21
2026-10-03 00:38:07.342 [EVENT] sock=2500 hEvent=00000980 events=0x0
2026-10-03 00:38:07.343 [EVENT] sock=2500 hEvent=00000980 events=0x21
2026-10-03 00:38:08.054 [EVENT] sock=2500 hEvent=00000980 events=0x0
2026-10-03 00:38:08.054 [EVENT] sock=2500 hEvent=00000980 events=0x21
2026-10-03 00:38:12.666 [SETTLE] exp=2 gold=199368 len=403
2026-10-03 00:38:13.554 [EVENT] sock=2500 hEvent=00000980 events=0x0
2026-10-03 00:38:13.555 [EVENT] sock=2500 hEvent=00000980 events=0x21
2026-10-03 00:38:14.693 [EVENT] sock=2500 hEvent=00000980 events=0x0
2026-10-03 00:38:14.694 [EVENT] sock=2500 hEvent=00000980 events=0x21
2026-10-03 00:38:15.065 [OP] 4029 inv=FFDF len=32 #3 3ccdfc0b2b25a32b1f805b6413d5dcfaa32b1f80137f510b8fc48f2b73804064
2026-10-03 00:38:16.874 [EVENT] sock=2500 hEvent=00000980 events=0x0
2026-10-03 00:38:16.874 [EVENT] sock=2500 hEvent=00000980 events=0x21
2026-10-03 00:38:17.802 [EVENT] sock=2500 hEvent=00000980 events=0x0
2026-10-03 00:38:17.802 [EVENT] sock=2500 hEvent=00000980 events=0x21
2026-10-03 00:38:20.044 [EVENT] sock=2500 hEvent=00000980 events=0x0
2026-10-03 00:38:20.044 [EVENT] sock=2500 hEvent=00000980 events=0x21
2026-10-03 00:38:27.033 [EVENT] sock=2500 hEvent=00000980 events=0x0
2026-10-03 00:38:27.033 [EVENT] sock=2500 hEvent=00000980 events=0x21
2026-10-03 00:38:27.564 [EVENT] sock=2500 hEvent=00000980 events=0x0
2026-10-03 00:38:27.564 [EVENT] sock=2500 hEvent=00000980 events=0x21
2026-10-03 00:38:27.714 [EVENT] sock=2500 hEvent=00000980 events=0x0
2026-10-03 00:38:27.714 [EVENT] sock=2500 hEvent=00000980 events=0x21
2026-10-03 00:38:32.347 [SETTLE] exp=2 gold=199368 len=393
2026-10-03 00:38:33.565 [EVENT] sock=2768 hEvent=00000CC4 events=0x0
2026-10-03 00:38:33.565 [EVENT] sock=2768 hEvent=00000CC4 events=0x21
2026-10-03 00:38:40.570 [EVENT] sock=2500 hEvent=00000980 events=0x0
2026-10-03 00:38:40.570 [EVENT] sock=2500 hEvent=00000980 events=0x21
2026-10-03 00:38:41.504 [EVENT] sock=2500 hEvent=00000980 events=0x0
2026-10-03 00:38:41.504 [EVENT] sock=2500 hEvent=00000980 events=0x21
2026-10-03 00:38:43.751 [EVENT] sock=2500 hEvent=00000980 events=0x0
2026-10-03 00:38:43.752 [EVENT] sock=2500 hEvent=00000980 events=0x21
2026-10-03 00:38:50.616 [EVENT] sock=2500 hEvent=00000980 events=0x0
2026-10-03 00:38:50.616 [EVENT] sock=2500 hEvent=00000980 events=0x21
2026-10-03 00:38:51.246 [EVENT] sock=2500 hEvent=00000980 events=0x0
2026-10-03 00:38:51.247 [EVENT] sock=2500 hEvent=00000980 events=0x21
2026-10-03 00:38:54.738 [SETTLE] exp=2 gold=199368 len=403
2026-10-03 00:38:55.693 [EVENT] sock=2500 hEvent=00000980 events=0x0
2026-10-03 00:38:55.694 [EVENT] sock=2500 hEvent=00000980 events=0x21
2026-10-03 00:39:01.926 [EVENT] sock=2500 hEvent=00000980 events=0x0
2026-10-03 00:39:01.926 [EVENT] sock=2500 hEvent=00000980 events=0x21
2026-10-03 00:39:02.916 [EVENT] sock=2500 hEvent=00000980 events=0x0
2026-10-03 00:39:02.917 [EVENT] sock=2500 hEvent=00000980 events=0x21
2026-10-03 00:39:03.566 [EVENT] sock=2768 hEvent=00000CC4 events=0x0
2026-10-03 00:39:03.566 [EVENT] sock=2768 hEvent=00000CC4 events=0x21
2026-10-03 00:39:05.191 [EVENT] sock=2500 hEvent=00000980 events=0x0
2026-10-03 00:39:05.192 [EVENT] sock=2500 hEvent=00000980 events=0x21
2026-10-03 00:39:12.051 [EVENT] sock=2500 hEvent=00000980 events=0x0
2026-10-03 00:39:12.052 [EVENT] sock=2500 hEvent=00000980 events=0x21
2026-10-03 00:39:15.124 [EVENT] sock=2500 hEvent=00000980 events=0x0
2026-10-03 00:39:15.124 [EVENT] sock=2500 hEvent=00000980 events=0x21
2026-10-03 00:39:18.556 [SETTLE] exp=1 gold=199368 len=393
2026-10-03 00:39:22.740 [EVENT] sock=2500 hEvent=00000980 events=0x0
2026-10-03 00:39:22.741 [EVENT] sock=2500 hEvent=00000980 events=0x21
2026-10-03 00:39:23.714 [EVENT] sock=2500 hEvent=00000980 events=0x0
2026-10-03 00:39:23.714 [EVENT] sock=2500 hEvent=00000980 events=0x21
2026-10-03 00:39:25.949 [EVENT] sock=2500 hEvent=00000980 events=0x0
2026-10-03 00:39:25.949 [EVENT] sock=2500 hEvent=00000980 events=0x21
2026-10-03 00:39:32.849 [EVENT] sock=2500 hEvent=00000980 events=0x0
2026-10-03 00:39:32.849 [EVENT] sock=2500 hEvent=00000980 events=0x21
2026-10-03 00:39:33.567 [EVENT] sock=2768 hEvent=00000CC4 events=0x0
2026-10-03 00:39:33.570 [EVENT] sock=2768 hEvent=00000CC4 events=0x21
2026-10-03 00:39:35.976 [EVENT] sock=2500 hEvent=00000980 events=0x0
2026-10-03 00:39:35.977 [EVENT] sock=2500 hEvent=00000980 events=0x21
2026-10-03 00:39:42.288 [SETTLE] exp=2 gold=199368 len=403
2026-10-03 00:39:43.914 [EVENT] sock=2500 hEvent=00000980 events=0x0
2026-10-03 00:39:43.915 [EVENT] sock=2500 hEvent=00000980 events=0x21
2026-10-03 00:39:44.314 [EVENT] sock=2500 hEvent=00000980 events=0x0
2026-10-03 00:39:44.314 [EVENT] sock=2500 hEvent=00000980 events=0x21
2026-10-03 00:39:44.388 [OP] 4029 inv=FFDF len=32 #4 3ccdfc0b2b25a32b1f805b646975dcfaa32b1f80af7f510b8bc4d82bc4809564
2026-10-03 00:39:50.476 [EVENT] sock=2500 hEvent=00000980 events=0x0
2026-10-03 00:39:50.476 [EVENT] sock=2500 hEvent=00000980 events=0x21
2026-10-03 00:39:51.466 [EVENT] sock=2500 hEvent=00000980 events=0x0
2026-10-03 00:39:51.466 [EVENT] sock=2500 hEvent=00000980 events=0x21
2026-10-03 00:39:53.829 [EVENT] sock=2500 hEvent=00000980 events=0x0
2026-10-03 00:39:53.830 [EVENT] sock=2500 hEvent=00000980 events=0x21
2026-10-03 00:39:59.779 [EVENT] sock=2768 hEvent=00000CC4 events=0x0
2026-10-03 00:39:59.779 [EVENT] sock=2768 hEvent=00000CC4 events=0x21
2026-10-03 00:40:00.537 [EVENT] sock=2500 hEvent=00000980 events=0x0
2026-10-03 00:40:00.537 [EVENT] sock=2500 hEvent=00000980 events=0x21
2026-10-03 00:40:04.185 [SETTLE] exp=2 gold=199368 len=403
2026-10-03 00:40:05.991 [EVENT] sock=2500 hEvent=00000980 events=0x0
2026-10-03 00:40:05.991 [EVENT] sock=2500 hEvent=00000980 events=0x21
2026-10-03 00:40:12.423 [EVENT] sock=2500 hEvent=00000980 events=0x0
2026-10-03 00:40:12.423 [EVENT] sock=2500 hEvent=00000980 events=0x21
2026-10-03 00:40:13.401 [EVENT] sock=2500 hEvent=00000980 events=0x0
2026-10-03 00:40:13.401 [EVENT] sock=2500 hEvent=00000980 events=0x21
2026-10-03 00:40:15.596 [EVENT] sock=2500 hEvent=00000980 events=0x0
2026-10-03 00:40:15.597 [EVENT] sock=2500 hEvent=00000980 events=0x21
2026-10-03 00:40:22.485 [EVENT] sock=2500 hEvent=00000980 events=0x0
2026-10-03 00:40:22.485 [EVENT] sock=2500 hEvent=00000980 events=0x21
2026-10-03 00:40:26.102 [SETTLE] exp=1 gold=199368 len=393
2026-10-03 00:40:33.572 [EVENT] sock=2768 hEvent=00000CC4 events=0x0
2026-10-03 00:40:33.572 [EVENT] sock=2768 hEvent=00000CC4 events=0x21
2026-10-03 00:40:33.598 [EVENT] sock=2500 hEvent=00000980 events=0x0
2026-10-03 00:40:33.598 [EVENT] sock=2500 hEvent=00000980 events=0x21
2026-10-03 00:40:34.300 [EVENT] sock=2500 hEvent=00000980 events=0x0
2026-10-03 00:40:34.300 [EVENT] sock=2500 hEvent=00000980 events=0x21
2026-10-03 00:40:35.286 [EVENT] sock=2500 hEvent=00000980 events=0x0
2026-10-03 00:40:35.287 [EVENT] sock=2500 hEvent=00000980 events=0x21
2026-10-03 00:40:37.571 [EVENT] sock=2500 hEvent=00000980 events=0x0
2026-10-03 00:40:37.571 [EVENT] sock=2500 hEvent=00000980 events=0x21
2026-10-03 00:40:44.378 [EVENT] sock=2500 hEvent=00000980 events=0x0
2026-10-03 00:40:44.378 [EVENT] sock=2500 hEvent=00000980 events=0x21
2026-10-03 00:40:45.796 [EVENT] sock=2500 hEvent=00000980 events=0x0
2026-10-03 00:40:45.796 [EVENT] sock=2500 hEvent=00000980 events=0x21
2026-10-03 00:40:52.008 [SETTLE] exp=1 gold=199368 len=393
2026-10-03 00:41:00.228 [EVENT] sock=2500 hEvent=00000980 events=0x0
2026-10-03 00:41:00.229 [EVENT] sock=2500 hEvent=00000980 events=0x21
2026-10-03 00:41:01.214 [EVENT] sock=2500 hEvent=00000980 events=0x0
2026-10-03 00:41:01.214 [EVENT] sock=2500 hEvent=00000980 events=0x21
2026-10-03 00:41:03.451 [EVENT] sock=2500 hEvent=00000980 events=0x0
2026-10-03 00:41:03.451 [EVENT] sock=2500 hEvent=00000980 events=0x21
2026-10-03 00:41:03.574 [EVENT] sock=2768 hEvent=00000CC4 events=0x0
2026-10-03 00:41:03.575 [EVENT] sock=2768 hEvent=00000CC4 events=0x21
2026-10-03 00:41:10.343 [EVENT] sock=2500 hEvent=00000980 events=0x0
2026-10-03 00:41:10.343 [EVENT] sock=2500 hEvent=00000980 events=0x21
2026-10-03 00:41:11.980 [EVENT] sock=2500 hEvent=00000980 events=0x0
2026-10-03 00:41:11.981 [EVENT] sock=2500 hEvent=00000980 events=0x21
2026-10-03 00:41:18.227 [SETTLE] exp=1 gold=199368 len=403
2026-10-03 00:41:18.296 [EVENT] sock=2500 hEvent=00000980 events=0x0
2026-10-03 00:41:18.297 [EVENT] sock=2500 hEvent=00000980 events=0x21
2026-10-03 00:41:22.424 [EVENT] sock=2500 hEvent=00000980 events=0x0
2026-10-03 00:41:22.424 [EVENT] sock=2500 hEvent=00000980 events=0x21
2026-10-03 00:41:23.400 [EVENT] sock=2500 hEvent=00000980 events=0x0
2026-10-03 00:41:23.400 [EVENT] sock=2500 hEvent=00000980 events=0x21
2026-10-03 00:41:25.663 [EVENT] sock=2500 hEvent=00000980 events=0x0
2026-10-03 00:41:25.663 [EVENT] sock=2500 hEvent=00000980 events=0x21
2026-10-03 00:41:32.572 [EVENT] sock=2500 hEvent=00000980 events=0x0
2026-10-03 00:41:32.573 [EVENT] sock=2500 hEvent=00000980 events=0x21
2026-10-03 00:41:33.575 [EVENT] sock=2768 hEvent=00000CC4 events=0x0
2026-10-03 00:41:33.575 [EVENT] sock=2768 hEvent=00000CC4 events=0x21
2026-10-03 00:41:33.844 [EVENT] sock=2500 hEvent=00000980 events=0x0
2026-10-03 00:41:33.844 [EVENT] sock=2500 hEvent=00000980 events=0x21
2026-10-03 00:41:34.000 [EVENT] sock=2500 hEvent=00000980 events=0x0
2026-10-03 00:41:34.000 [EVENT] sock=2500 hEvent=00000980 events=0x21
2026-10-03 00:41:38.587 [SETTLE] exp=2 gold=199368 len=393
2026-10-03 00:41:45.772 [EVENT] sock=2500 hEvent=00000980 events=0x0
2026-10-03 00:41:45.772 [EVENT] sock=2500 hEvent=00000980 events=0x21
2026-10-03 00:41:46.757 [EVENT] sock=2500 hEvent=00000980 events=0x0
2026-10-03 00:41:46.757 [EVENT] sock=2500 hEvent=00000980 events=0x21
2026-10-03 00:41:48.972 [EVENT] sock=2500 hEvent=00000980 events=0x0
2026-10-03 00:41:48.972 [EVENT] sock=2500 hEvent=00000980 events=0x21
2026-10-03 00:41:55.844 [EVENT] sock=2500 hEvent=00000980 events=0x0
2026-10-03 00:41:55.844 [EVENT] sock=2500 hEvent=00000980 events=0x21
2026-10-03 00:41:58.226 [SETTLE] exp=2 gold=199368 len=393
2026-10-03 00:42:03.575 [EVENT] sock=2768 hEvent=00000CC4 events=0x0
2026-10-03 00:42:03.575 [EVENT] sock=2768 hEvent=00000CC4 events=0x21
2026-10-03 00:42:05.412 [EVENT] sock=2500 hEvent=00000980 events=0x0
2026-10-03 00:42:05.413 [EVENT] sock=2500 hEvent=00000980 events=0x21
2026-10-03 00:42:06.398 [EVENT] sock=2500 hEvent=00000980 events=0x0
2026-10-03 00:42:06.400 [EVENT] sock=2500 hEvent=00000980 events=0x21
2026-10-03 00:42:08.613 [EVENT] sock=2500 hEvent=00000980 events=0x0
2026-10-03 00:42:08.613 [EVENT] sock=2500 hEvent=00000980 events=0x21
2026-10-03 00:42:15.479 [EVENT] sock=2500 hEvent=00000980 events=0x0
2026-10-03 00:42:15.480 [EVENT] sock=2500 hEvent=00000980 events=0x21
2026-10-03 00:42:18.384 [EVENT] sock=2500 hEvent=00000980 events=0x0
2026-10-03 00:42:18.384 [EVENT] sock=2500 hEvent=00000980 events=0x21
2026-10-03 00:42:20.814 [EVENT] sock=2500 hEvent=00000980 events=0x0
2026-10-03 00:42:20.814 [EVENT] sock=2500 hEvent=00000980 events=0x21
2026-10-03 00:42:24.622 [SETTLE] exp=2 gold=199368 len=403
2026-10-03 00:42:25.056 [OP] 4707 inv=FFF3 len=12 #1 a63bad8041cdfc0b17faa32b
2026-10-03 00:42:25.145 [OP] 4612 inv=FFF7 len=8 #1 ca805b6412b252fa
2026-10-03 00:42:25.765 [OP] 4018 inv=FFF0 len=15 #1 7c6b7f51e3a722a35559b4956451b1
2026-10-03 00:42:26.581 [EVENT] sock=2500 hEvent=00000980 events=0x0
2026-10-03 00:42:26.583 [EVENT] sock=2500 hEvent=00000980 events=0x21
2026-10-03 00:42:33.576 [EVENT] sock=2768 hEvent=00000CC4 events=0x0
2026-10-03 00:42:33.576 [EVENT] sock=2768 hEvent=00000CC4 events=0x21
2026-10-03 00:42:35.142 [EVENT] sock=2500 hEvent=00000980 events=0x0
2026-10-03 00:42:35.143 [EVENT] sock=2500 hEvent=00000980 events=0x21
2026-10-03 00:42:36.130 [EVENT] sock=2500 hEvent=00000980 events=0x0
2026-10-03 00:42:36.130 [EVENT] sock=2500 hEvent=00000980 events=0x21
2026-10-03 00:42:38.682 [EVENT] sock=2500 hEvent=00000980 events=0x0
2026-10-03 00:42:38.682 [EVENT] sock=2500 hEvent=00000980 events=0x21
2026-10-03 00:42:45.630 [EVENT] sock=2500 hEvent=00000980 events=0x0
2026-10-03 00:42:45.630 [EVENT] sock=2500 hEvent=00000980 events=0x21
2026-10-03 00:42:49.256 [EVENT] sock=2500 hEvent=00000980 events=0x0
2026-10-03 00:42:49.256 [EVENT] sock=2500 hEvent=00000980 events=0x21
2026-10-03 00:42:55.875 [EVENT] sock=2500 hEvent=00000980 events=0x0
2026-10-03 00:42:55.876 [EVENT] sock=2500 hEvent=00000980 events=0x21
2026-10-03 00:42:58.393 [SETTLE] exp=1 gold=199368 len=403
2026-10-03 00:42:58.720 [EVENT] sock=2500 hEvent=00000980 events=0x0
2026-10-03 00:42:58.721 [EVENT] sock=2500 hEvent=00000980 events=0x21
2026-10-03 00:43:00.409 [EVENT] sock=2500 hEvent=00000980 events=0x0
2026-10-03 00:43:00.410 [EVENT] sock=2500 hEvent=00000980 events=0x21
2026-10-03 00:43:00.490 [OP] 4029 inv=FFDF len=32 #5 3ccdfc0b2b25a32b1f805b646975dcfaa32b1f80f57f510b8bc4d82b02809564
2026-10-03 00:43:03.576 [EVENT] sock=2768 hEvent=00000CC4 events=0x0
2026-10-03 00:43:03.576 [EVENT] sock=2768 hEvent=00000CC4 events=0x21
2026-10-03 00:43:04.600 [EVENT] sock=2500 hEvent=00000980 events=0x0
2026-10-03 00:43:04.600 [EVENT] sock=2500 hEvent=00000980 events=0x21
2026-10-03 00:43:05.593 [EVENT] sock=2500 hEvent=00000980 events=0x0
2026-10-03 00:43:05.593 [EVENT] sock=2500 hEvent=00000980 events=0x21
2026-10-03 00:43:07.926 [EVENT] sock=2500 hEvent=00000980 events=0x0
2026-10-03 00:43:07.926 [EVENT] sock=2500 hEvent=00000980 events=0x21
2026-10-03 00:43:14.751 [EVENT] sock=2500 hEvent=00000980 events=0x0
2026-10-03 00:43:14.752 [EVENT] sock=2500 hEvent=00000980 events=0x21
2026-10-03 00:43:18.340 [EVENT] sock=2500 hEvent=00000980 events=0x0
2026-10-03 00:43:18.340 [EVENT] sock=2500 hEvent=00000980 events=0x21
2026-10-03 00:43:19.836 [EVENT] sock=2500 hEvent=00000980 events=0x0
2026-10-03 00:43:19.837 [EVENT] sock=2500 hEvent=00000980 events=0x21
2026-10-03 00:43:24.885 [EVENT] sock=2500 hEvent=00000980 events=0x0
2026-10-03 00:43:24.885 [EVENT] sock=2500 hEvent=00000980 events=0x21
2026-10-03 00:43:27.187 [SETTLE] exp=1 gold=199368 len=393
2026-10-03 00:43:33.577 [EVENT] sock=2768 hEvent=00000CC4 events=0x0
2026-10-03 00:43:33.579 [EVENT] sock=2768 hEvent=00000CC4 events=0x21
2026-10-03 00:43:34.402 [EVENT] sock=2500 hEvent=00000980 events=0x0
2026-10-03 00:43:34.402 [EVENT] sock=2500 hEvent=00000980 events=0x21
2026-10-03 00:43:35.338 [EVENT] sock=2500 hEvent=00000980 events=0x0
2026-10-03 00:43:35.339 [EVENT] sock=2500 hEvent=00000980 events=0x21
2026-10-03 00:43:37.602 [EVENT] sock=2500 hEvent=00000980 events=0x0
2026-10-03 00:43:37.602 [EVENT] sock=2500 hEvent=00000980 events=0x21
2026-10-03 00:43:44.480 [EVENT] sock=2500 hEvent=00000980 events=0x0
2026-10-03 00:43:44.480 [EVENT] sock=2500 hEvent=00000980 events=0x21
2026-10-03 00:43:49.141 [EVENT] sock=2500 hEvent=00000980 events=0x0
2026-10-03 00:43:49.142 [EVENT] sock=2500 hEvent=00000980 events=0x21
2026-10-03 00:43:54.529 [EVENT] sock=2500 hEvent=00000980 events=0x0
2026-10-03 00:43:54.530 [EVENT] sock=2500 hEvent=00000980 events=0x21
2026-10-03 00:43:59.065 [EVENT] sock=2500 hEvent=00000980 events=0x0
2026-10-03 00:43:59.065 [EVENT] sock=2500 hEvent=00000980 events=0x21
2026-10-03 00:44:03.579 [EVENT] sock=2768 hEvent=00000CC4 events=0x0
2026-10-03 00:44:03.579 [EVENT] sock=2768 hEvent=00000CC4 events=0x21
2026-10-03 00:44:03.817 [SETTLE] exp=2 gold=199368 len=403
2026-10-03 00:44:04.981 [EVENT] sock=2500 hEvent=00000980 events=0x0
2026-10-03 00:44:04.981 [EVENT] sock=2500 hEvent=00000980 events=0x21
2026-10-03 00:44:11.003 [EVENT] sock=2500 hEvent=00000980 events=0x0
2026-10-03 00:44:11.003 [EVENT] sock=2500 hEvent=00000980 events=0x21
2026-10-03 00:44:11.990 [EVENT] sock=2500 hEvent=00000980 events=0x0
2026-10-03 00:44:11.990 [EVENT] sock=2500 hEvent=00000980 events=0x21
2026-10-03 00:44:14.211 [EVENT] sock=2500 hEvent=00000980 events=0x0
2026-10-03 00:44:14.212 [EVENT] sock=2500 hEvent=00000980 events=0x21
2026-10-03 00:44:21.058 [EVENT] sock=2500 hEvent=00000980 events=0x0
2026-10-03 00:44:21.058 [EVENT] sock=2500 hEvent=00000980 events=0x21
2026-10-03 00:44:24.753 [EVENT] sock=2500 hEvent=00000980 events=0x0
2026-10-03 00:44:24.754 [EVENT] sock=2500 hEvent=00000980 events=0x21
2026-10-03 00:44:31.113 [EVENT] sock=2500 hEvent=00000980 events=0x0
2026-10-03 00:44:31.113 [EVENT] sock=2500 hEvent=00000980 events=0x21
2026-10-03 00:44:33.580 [EVENT] sock=2768 hEvent=00000CC4 events=0x0
2026-10-03 00:44:33.580 [EVENT] sock=2768 hEvent=00000CC4 events=0x21
2026-10-03 00:44:40.046 [SETTLE] exp=1 gold=199368 len=403
2026-10-03 00:44:41.103 [EVENT] sock=2500 hEvent=00000980 events=0x0
2026-10-03 00:44:41.104 [EVENT] sock=2500 hEvent=00000980 events=0x21
2026-10-03 00:44:45.239 [EVENT] sock=2500 hEvent=00000980 events=0x0
2026-10-03 00:44:45.240 [EVENT] sock=2500 hEvent=00000980 events=0x21
2026-10-03 00:44:46.221 [EVENT] sock=2500 hEvent=00000980 events=0x0
2026-10-03 00:44:46.223 [EVENT] sock=2500 hEvent=00000980 events=0x21
2026-10-03 00:44:48.530 [EVENT] sock=2500 hEvent=00000980 events=0x0
2026-10-03 00:44:48.530 [EVENT] sock=2500 hEvent=00000980 events=0x21
2026-10-03 00:44:55.320 [EVENT] sock=2500 hEvent=00000980 events=0x0
2026-10-03 00:44:55.320 [EVENT] sock=2500 hEvent=00000980 events=0x21
2026-10-03 00:44:58.159 [EVENT] sock=2500 hEvent=00000980 events=0x0
2026-10-03 00:44:58.159 [EVENT] sock=2500 hEvent=00000980 events=0x21
2026-10-03 00:45:03.581 [EVENT] sock=2768 hEvent=00000CC4 events=0x0
2026-10-03 00:45:03.581 [EVENT] sock=2768 hEvent=00000CC4 events=0x21
2026-10-03 00:45:05.378 [EVENT] sock=2500 hEvent=00000980 events=0x0
2026-10-03 00:45:05.378 [EVENT] sock=2500 hEvent=00000980 events=0x21
2026-10-03 00:45:07.239 [SETTLE] exp=1 gold=199368 len=403
2026-10-03 00:45:07.324 [OP] 4210 inv=FFF3 len=12 #2 ac0bdcfa662b1f8023ecfc0b
2026-10-03 00:45:09.170 [EVENT] sock=2500 hEvent=00000980 events=0x0
2026-10-03 00:45:09.170 [EVENT] sock=2500 hEvent=00000980 events=0x21
2026-10-03 00:45:09.257 [EVENT] sock=2500 hEvent=00000980 events=0x0
2026-10-03 00:45:09.257 [EVENT] sock=2500 hEvent=00000980 events=0x21
2026-10-03 00:45:14.418 [EVENT] sock=2500 hEvent=00000980 events=0x0
2026-10-03 00:45:14.418 [EVENT] sock=2500 hEvent=00000980 events=0x21
2026-10-03 00:45:15.391 [EVENT] sock=2500 hEvent=00000980 events=0x0
2026-10-03 00:45:15.392 [EVENT] sock=2500 hEvent=00000980 events=0x21
2026-10-03 00:45:17.630 [EVENT] sock=2500 hEvent=00000980 events=0x0
2026-10-03 00:45:17.630 [EVENT] sock=2500 hEvent=00000980 events=0x21
2026-10-03 00:45:24.585 [EVENT] sock=2500 hEvent=00000980 events=0x0
2026-10-03 00:45:24.585 [EVENT] sock=2500 hEvent=00000980 events=0x21
2026-10-03 00:45:26.158 [EVENT] sock=2500 hEvent=00000980 events=0x0
2026-10-03 00:45:26.158 [EVENT] sock=2500 hEvent=00000980 events=0x21
2026-10-03 00:45:33.581 [EVENT] sock=2768 hEvent=00000CC4 events=0x0
2026-10-03 00:45:33.581 [EVENT] sock=2768 hEvent=00000CC4 events=0x21
2026-10-03 00:45:34.651 [EVENT] sock=2500 hEvent=00000980 events=0x0
2026-10-03 00:45:34.651 [EVENT] sock=2500 hEvent=00000980 events=0x21
2026-10-03 00:45:35.278 [SETTLE] exp=1 gold=199368 len=393
2026-10-03 00:45:42.456 [EVENT] sock=2500 hEvent=00000980 events=0x0
2026-10-03 00:45:42.456 [EVENT] sock=2500 hEvent=00000980 events=0x21
2026-10-03 00:45:43.401 [EVENT] sock=2500 hEvent=00000980 events=0x0
2026-10-03 00:45:43.401 [EVENT] sock=2500 hEvent=00000980 events=0x21
2026-10-03 00:45:45.609 [EVENT] sock=2500 hEvent=00000980 events=0x0
2026-10-03 00:45:45.609 [EVENT] sock=2500 hEvent=00000980 events=0x21
2026-10-03 00:45:50.823 [EVENT] sock=2500 hEvent=00000980 events=0x0
2026-10-03 00:45:50.823 [EVENT] sock=2500 hEvent=00000980 events=0x21
2026-10-03 00:45:52.527 [EVENT] sock=2500 hEvent=00000980 events=0x0
2026-10-03 00:45:52.528 [EVENT] sock=2500 hEvent=00000980 events=0x21
2026-10-03 00:45:59.785 [SETTLE] exp=2 gold=199368 len=403
2026-10-03 00:46:01.341 [EVENT] sock=2500 hEvent=00000980 events=0x0
2026-10-03 00:46:01.341 [EVENT] sock=2500 hEvent=00000980 events=0x21
2026-10-03 00:46:03.582 [EVENT] sock=2768 hEvent=00000CC4 events=0x0
2026-10-03 00:46:03.582 [EVENT] sock=2768 hEvent=00000CC4 events=0x21
2026-10-03 00:46:07.977 [EVENT] sock=2500 hEvent=00000980 events=0x0
2026-10-03 00:46:07.977 [EVENT] sock=2500 hEvent=00000980 events=0x21
2026-10-03 00:46:08.971 [EVENT] sock=2500 hEvent=00000980 events=0x0
2026-10-03 00:46:08.971 [EVENT] sock=2500 hEvent=00000980 events=0x21
2026-10-03 00:46:11.306 [EVENT] sock=2500 hEvent=00000980 events=0x0
2026-10-03 00:46:11.306 [EVENT] sock=2500 hEvent=00000980 events=0x21
2026-10-03 00:46:18.147 [EVENT] sock=2500 hEvent=00000980 events=0x0
2026-10-03 00:46:18.147 [EVENT] sock=2500 hEvent=00000980 events=0x21
2026-10-03 00:46:18.806 [EVENT] sock=2500 hEvent=00000980 events=0x0
2026-10-03 00:46:18.806 [EVENT] sock=2500 hEvent=00000980 events=0x21
2026-10-03 00:46:27.947 [SETTLE] exp=2 gold=199368 len=403
2026-10-03 00:46:29.437 [EVENT] sock=2500 hEvent=00000980 events=0x0
2026-10-03 00:46:29.437 [EVENT] sock=2500 hEvent=00000980 events=0x21
2026-10-03 00:46:33.583 [EVENT] sock=2768 hEvent=00000CC4 events=0x0
2026-10-03 00:46:33.584 [EVENT] sock=2768 hEvent=00000CC4 events=0x21
2026-10-03 00:46:36.204 [EVENT] sock=2500 hEvent=00000980 events=0x0
2026-10-03 00:46:36.204 [EVENT] sock=2500 hEvent=00000980 events=0x21
2026-10-03 00:46:37.179 [EVENT] sock=2500 hEvent=00000980 events=0x0
2026-10-03 00:46:37.179 [EVENT] sock=2500 hEvent=00000980 events=0x21
2026-10-03 00:46:39.421 [EVENT] sock=2500 hEvent=00000980 events=0x0
2026-10-03 00:46:39.421 [EVENT] sock=2500 hEvent=00000980 events=0x21
2026-10-03 00:46:46.265 [EVENT] sock=2500 hEvent=00000980 events=0x0
2026-10-03 00:46:46.266 [EVENT] sock=2500 hEvent=00000980 events=0x21
2026-10-03 00:46:51.993 [EVENT] sock=2500 hEvent=00000980 events=0x0
2026-10-03 00:46:51.993 [EVENT] sock=2500 hEvent=00000980 events=0x21
2026-10-03 00:46:56.320 [EVENT] sock=2500 hEvent=00000980 events=0x0
2026-10-03 00:46:56.322 [EVENT] sock=2500 hEvent=00000980 events=0x21
2026-10-03 00:47:03.585 [EVENT] sock=2768 hEvent=00000CC4 events=0x0
2026-10-03 00:47:03.586 [EVENT] sock=2768 hEvent=00000CC4 events=0x21
2026-10-03 00:47:05.785 [SETTLE] exp=1 gold=199368 len=403
2026-10-03 00:47:07.566 [EVENT] sock=2500 hEvent=00000980 events=0x0
2026-10-03 00:47:07.566 [EVENT] sock=2500 hEvent=00000980 events=0x21
2026-10-03 00:47:14.033 [EVENT] sock=2500 hEvent=00000980 events=0x0
2026-10-03 00:47:14.033 [EVENT] sock=2500 hEvent=00000980 events=0x21
2026-10-03 00:47:15.020 [EVENT] sock=2500 hEvent=00000980 events=0x0
2026-10-03 00:47:15.020 [EVENT] sock=2500 hEvent=00000980 events=0x21
2026-10-03 00:47:17.165 [EVENT] sock=2500 hEvent=00000980 events=0x0
2026-10-03 00:47:17.167 [EVENT] sock=2500 hEvent=00000980 events=0x21
2026-10-03 00:47:24.099 [EVENT] sock=2500 hEvent=00000980 events=0x0
2026-10-03 00:47:24.099 [EVENT] sock=2500 hEvent=00000980 events=0x21
2026-10-03 00:47:25.292 [EVENT] sock=2500 hEvent=00000980 events=0x0
2026-10-03 00:47:25.292 [EVENT] sock=2500 hEvent=00000980 events=0x21
2026-10-03 00:47:33.586 [EVENT] sock=2768 hEvent=00000CC4 events=0x0
2026-10-03 00:47:33.586 [EVENT] sock=2768 hEvent=00000CC4 events=0x21
2026-10-03 00:47:34.153 [EVENT] sock=2500 hEvent=00000980 events=0x0
2026-10-03 00:47:34.153 [EVENT] sock=2500 hEvent=00000980 events=0x21
2026-10-03 00:47:34.993 [SETTLE] exp=2 gold=199368 len=403
2026-10-03 00:47:35.665 [EVENT] sock=2500 hEvent=00000980 events=0x0
2026-10-03 00:47:35.667 [EVENT] sock=2500 hEvent=00000980 events=0x21
2026-10-03 00:47:39.127 [EVENT] sock=2500 hEvent=00000980 events=0x0
2026-10-03 00:47:39.127 [EVENT] sock=2500 hEvent=00000980 events=0x21
2026-10-03 00:47:40.083 [EVENT] sock=2500 hEvent=00000980 events=0x0
2026-10-03 00:47:40.083 [EVENT] sock=2500 hEvent=00000980 events=0x21
2026-10-03 00:47:42.356 [EVENT] sock=2500 hEvent=00000980 events=0x0
2026-10-03 00:47:42.356 [EVENT] sock=2500 hEvent=00000980 events=0x21
2026-10-03 00:47:49.233 [EVENT] sock=2500 hEvent=00000980 events=0x0
2026-10-03 00:47:49.233 [EVENT] sock=2500 hEvent=00000980 events=0x21
2026-10-03 00:47:55.117 [EVENT] sock=2500 hEvent=00000980 events=0x0
2026-10-03 00:47:55.117 [EVENT] sock=2500 hEvent=00000980 events=0x21
2026-10-03 00:47:59.282 [EVENT] sock=2500 hEvent=00000980 events=0x0
2026-10-03 00:47:59.283 [EVENT] sock=2500 hEvent=00000980 events=0x21
2026-10-03 00:48:03.587 [EVENT] sock=2768 hEvent=00000CC4 events=0x0
2026-10-03 00:48:03.587 [EVENT] sock=2768 hEvent=00000CC4 events=0x21
2026-10-03 00:48:04.046 [SETTLE] exp=2 gold=199368 len=393
2026-10-03 00:48:10.251 [EVENT] sock=2500 hEvent=00000980 events=0x0
2026-10-03 00:48:10.251 [EVENT] sock=2500 hEvent=00000980 events=0x21
2026-10-03 00:48:11.205 [EVENT] sock=2500 hEvent=00000980 events=0x0
2026-10-03 00:48:11.205 [EVENT] sock=2500 hEvent=00000980 events=0x21
2026-10-03 00:48:13.433 [EVENT] sock=2500 hEvent=00000980 events=0x0
2026-10-03 00:48:13.433 [EVENT] sock=2500 hEvent=00000980 events=0x21
2026-10-03 00:48:20.319 [EVENT] sock=2500 hEvent=00000980 events=0x0
2026-10-03 00:48:20.319 [EVENT] sock=2500 hEvent=00000980 events=0x21
2026-10-03 00:48:23.656 [EVENT] sock=2500 hEvent=00000980 events=0x0
2026-10-03 00:48:23.656 [EVENT] sock=2500 hEvent=00000980 events=0x21
2026-10-03 00:48:30.380 [EVENT] sock=2500 hEvent=00000980 events=0x0
2026-10-03 00:48:30.380 [EVENT] sock=2500 hEvent=00000980 events=0x21
2026-10-03 00:48:32.721 [SETTLE] exp=1 gold=199368 len=393
2026-10-03 00:48:33.588 [EVENT] sock=2768 hEvent=00000CC4 events=0x0
2026-10-03 00:48:33.588 [EVENT] sock=2768 hEvent=00000CC4 events=0x21
2026-10-03 00:48:34.738 [EVENT] sock=2500 hEvent=00000980 events=0x0
2026-10-03 00:48:34.740 [EVENT] sock=2500 hEvent=00000980 events=0x21
2026-10-03 00:48:40.918 [EVENT] sock=2500 hEvent=00000980 events=0x0
2026-10-03 00:48:40.918 [EVENT] sock=2500 hEvent=00000980 events=0x21
2026-10-03 00:48:41.907 [EVENT] sock=2500 hEvent=00000980 events=0x0
2026-10-03 00:48:41.907 [EVENT] sock=2500 hEvent=00000980 events=0x21
2026-10-03 00:48:44.124 [EVENT] sock=2500 hEvent=00000980 events=0x0
2026-10-03 00:48:44.125 [EVENT] sock=2500 hEvent=00000980 events=0x21
2026-10-03 00:48:51.022 [EVENT] sock=2500 hEvent=00000980 events=0x0
2026-10-03 00:48:51.023 [EVENT] sock=2500 hEvent=00000980 events=0x21
2026-10-03 00:48:52.550 [EVENT] sock=2500 hEvent=00000980 events=0x0
2026-10-03 00:48:52.552 [EVENT] sock=2500 hEvent=00000980 events=0x21
2026-10-03 00:49:01.087 [EVENT] sock=2500 hEvent=00000980 events=0x0
2026-10-03 00:49:01.087 [EVENT] sock=2500 hEvent=00000980 events=0x21
2026-10-03 00:49:03.588 [EVENT] sock=2768 hEvent=00000CC4 events=0x0
2026-10-03 00:49:03.588 [EVENT] sock=2768 hEvent=00000CC4 events=0x21
2026-10-03 00:49:07.429 [SETTLE] exp=2 gold=199368 len=403
2026-10-03 00:49:07.994 [EVENT] sock=2500 hEvent=00000980 events=0x0
2026-10-03 00:49:07.994 [EVENT] sock=2500 hEvent=00000980 events=0x21
2026-10-03 00:49:15.682 [EVENT] sock=2500 hEvent=00000980 events=0x0
2026-10-03 00:49:15.682 [EVENT] sock=2500 hEvent=00000980 events=0x21
2026-10-03 00:49:16.650 [EVENT] sock=2500 hEvent=00000980 events=0x0
2026-10-03 00:49:16.650 [EVENT] sock=2500 hEvent=00000980 events=0x21
2026-10-03 00:49:18.928 [EVENT] sock=2500 hEvent=00000980 events=0x0
2026-10-03 00:49:18.928 [EVENT] sock=2500 hEvent=00000980 events=0x21
2026-10-03 00:49:25.840 [EVENT] sock=2500 hEvent=00000980 events=0x0
2026-10-03 00:49:25.840 [EVENT] sock=2500 hEvent=00000980 events=0x21
2026-10-03 00:49:29.058 [EVENT] sock=2500 hEvent=00000980 events=0x0
2026-10-03 00:49:29.058 [EVENT] sock=2500 hEvent=00000980 events=0x21
2026-10-03 00:49:30.629 [EVENT] sock=2500 hEvent=00000980 events=0x0
2026-10-03 00:49:30.630 [EVENT] sock=2500 hEvent=00000980 events=0x21
2026-10-03 00:49:33.588 [EVENT] sock=2768 hEvent=00000CC4 events=0x0
2026-10-03 00:49:33.588 [EVENT] sock=2768 hEvent=00000CC4 events=0x21
2026-10-03 00:49:35.899 [EVENT] sock=2500 hEvent=00000980 events=0x0
2026-10-03 00:49:35.899 [EVENT] sock=2500 hEvent=00000980 events=0x21
2026-10-03 00:49:37.889 [SETTLE] exp=1 gold=199368 len=393
2026-10-03 00:49:41.693 [OP] 4613 inv=FFC1 len=62 #1 ca29e5af58d5dc590193f6a3e9cd194f6fc4a6463041550758ec6fc4a32bcaaa9564f7b130f40253ab809464510b8bfaf82b1f7926b35c3828d7fb2b1f80
2026-10-03 00:49:41.693 [OP] 4612 inv=FFF7 len=8 #2 ca805b6412b252fa
2026-10-03 00:49:46.079 [EVENT] sock=2500 hEvent=00000980 events=0x0
2026-10-03 00:49:46.080 [EVENT] sock=2500 hEvent=00000980 events=0x21
2026-10-03 00:49:47.051 [EVENT] sock=2500 hEvent=00000980 events=0x0
2026-10-03 00:49:47.052 [EVENT] sock=2500 hEvent=00000980 events=0x21
2026-10-03 00:49:49.321 [EVENT] sock=2500 hEvent=00000980 events=0x0
2026-10-03 00:49:49.321 [EVENT] sock=2500 hEvent=00000980 events=0x21
2026-10-03 00:49:56.177 [EVENT] sock=2500 hEvent=00000980 events=0x0
2026-10-03 00:49:56.177 [EVENT] sock=2500 hEvent=00000980 events=0x21
2026-10-03 00:49:58.738 [EVENT] sock=2500 hEvent=00000980 events=0x0
2026-10-03 00:49:58.738 [EVENT] sock=2500 hEvent=00000980 events=0x21
2026-10-03 00:50:03.591 [EVENT] sock=2768 hEvent=00000CC4 events=0x0
2026-10-03 00:50:03.592 [EVENT] sock=2768 hEvent=00000CC4 events=0x21
2026-10-03 00:50:06.127 [EVENT] sock=2500 hEvent=00000980 events=0x0
2026-10-03 00:50:06.127 [EVENT] sock=2500 hEvent=00000980 events=0x21
2026-10-03 00:50:06.287 [EVENT] sock=2500 hEvent=00000980 events=0x0
2026-10-03 00:50:06.289 [EVENT] sock=2500 hEvent=00000980 events=0x21
2026-10-03 00:50:12.582 [SETTLE] exp=1 gold=199368 len=403
2026-10-03 00:50:14.312 [EVENT] sock=2500 hEvent=00000980 events=0x0
2026-10-03 00:50:14.312 [EVENT] sock=2500 hEvent=00000980 events=0x21
2026-10-03 00:50:16.316 [EVENT] sock=2500 hEvent=00000980 events=0x0
2026-10-03 00:50:16.316 [EVENT] sock=2500 hEvent=00000980 events=0x21
2026-10-03 00:50:18.331 [EVENT] sock=2500 hEvent=00000980 events=0x0
2026-10-03 00:50:18.332 [EVENT] sock=2500 hEvent=00000980 events=0x21
2026-10-03 00:50:18.818 [EVENT] sock=2500 hEvent=00000980 events=0x0
2026-10-03 00:50:18.818 [EVENT] sock=2500 hEvent=00000980 events=0x21
2026-10-03 00:50:19.742 [EVENT] sock=2500 hEvent=00000980 events=0x0
2026-10-03 00:50:19.742 [EVENT] sock=2500 hEvent=00000980 events=0x21
2026-10-03 00:50:23.939 [EVENT] sock=2500 hEvent=00000980 events=0x0
2026-10-03 00:50:23.940 [EVENT] sock=2500 hEvent=00000980 events=0x21
2026-10-03 00:50:29.221 [EVENT] sock=2500 hEvent=00000980 events=0x0
2026-10-03 00:50:29.222 [EVENT] sock=2500 hEvent=00000980 events=0x21
2026-10-03 00:50:32.233 [EVENT] sock=2500 hEvent=00000980 events=0x0
2026-10-03 00:50:32.233 [EVENT] sock=2500 hEvent=00000980 events=0x21
2026-10-03 00:50:33.592 [EVENT] sock=2768 hEvent=00000CC4 events=0x0
2026-10-03 00:50:33.592 [EVENT] sock=2768 hEvent=00000CC4 events=0x21
2026-10-03 00:50:38.349 [OP] 4613 inv=FFC1 len=62 #2 ca29e5af58d5dc590193f6a3e9cd194f6fc4a6463041550758ec6fc4a32bcaaa9564f7b130f40253ab809464510b8bfaf82b1f7926b35c3828d7fb2b1f80
2026-10-03 00:50:38.448 [OP] 4612 inv=FFF7 len=8 #3 ca805b6412b252fa
2026-10-03 00:50:39.277 [EVENT] sock=2500 hEvent=00000980 events=0x0
2026-10-03 00:50:39.279 [EVENT] sock=2500 hEvent=00000980 events=0x21
2026-10-03 00:50:40.872 [EVENT] sock=2500 hEvent=00000980 events=0x0
2026-10-03 00:50:40.872 [EVENT] sock=2500 hEvent=00000980 events=0x21
2026-10-03 00:50:45.629 [SETTLE] exp=1 gold=199368 len=403
2026-10-03 00:50:45.721 [OP] 4707 inv=FFF3 len=12 #2 a63bad8023ecfc0b17faa32b
2026-10-03 00:50:45.722 [OP] 4612 inv=FFF7 len=8 #4 ca805b647c8052fa
2026-10-03 00:50:46.441 [EVENT] sock=2500 hEvent=00000980 events=0x0
2026-10-03 00:50:46.442 [EVENT] sock=2500 hEvent=00000980 events=0x21
2026-10-03 00:50:46.444 [EVENT] sock=2500 hEvent=00000980 events=0x0
2026-10-03 00:50:46.444 [EVENT] sock=2500 hEvent=00000980 events=0x21
2026-10-03 00:50:47.662 [EVENT] sock=2500 hEvent=00000980 events=0x0
2026-10-03 00:50:47.664 [EVENT] sock=2500 hEvent=00000980 events=0x21
2026-10-03 00:50:51.930 [EVENT] sock=2500 hEvent=00000980 events=0x0
2026-10-03 00:50:51.930 [EVENT] sock=2500 hEvent=00000980 events=0x21
2026-10-03 00:50:52.898 [EVENT] sock=2500 hEvent=00000980 events=0x0
2026-10-03 00:50:52.899 [EVENT] sock=2500 hEvent=00000980 events=0x21
2026-10-03 00:50:55.305 [EVENT] sock=2500 hEvent=00000980 events=0x0
2026-10-03 00:50:55.305 [EVENT] sock=2500 hEvent=00000980 events=0x21
2026-10-03 00:51:01.984 [EVENT] sock=2500 hEvent=00000980 events=0x0
2026-10-03 00:51:01.985 [EVENT] sock=2500 hEvent=00000980 events=0x21
2026-10-03 00:51:02.416 [EVENT] sock=2500 hEvent=00000980 events=0x0
2026-10-03 00:51:02.416 [EVENT] sock=2500 hEvent=00000980 events=0x21
2026-10-03 00:51:02.591 [EVENT] sock=2500 hEvent=00000980 events=0x0
2026-10-03 00:51:02.591 [EVENT] sock=2500 hEvent=00000980 events=0x21
2026-10-03 00:51:03.593 [EVENT] sock=2768 hEvent=00000CC4 events=0x0
2026-10-03 00:51:03.593 [EVENT] sock=2768 hEvent=00000CC4 events=0x21
2026-10-03 00:51:11.465 [SETTLE] exp=1 gold=199368 len=393
2026-10-03 00:51:17.363 [OP] 4613 inv=FFC1 len=62 #3 ca29e5af58d5dc590193f6a3e9cd194f6fc4a6463041550758ec6fc4a32bcaaa9564f7b130f40253ab809464580b8bfaf82b1f7926b35c3828d7fb2b1f80
2026-10-03 00:51:20.147 [EVENT] sock=2500 hEvent=00000980 events=0x0
2026-10-03 00:51:20.148 [EVENT] sock=2500 hEvent=00000980 events=0x21
2026-10-03 00:51:21.064 [EVENT] sock=2500 hEvent=00000980 events=0x0
2026-10-03 00:51:21.065 [EVENT] sock=2500 hEvent=00000980 events=0x21
2026-10-03 00:51:23.542 [EVENT] sock=2500 hEvent=00000980 events=0x0
2026-10-03 00:51:23.542 [EVENT] sock=2500 hEvent=00000980 events=0x21
2026-10-03 00:51:30.516 [EVENT] sock=2500 hEvent=00000980 events=0x0
2026-10-03 00:51:30.516 [EVENT] sock=2500 hEvent=00000980 events=0x21
2026-10-03 00:51:33.594 [EVENT] sock=2768 hEvent=00000CC4 events=0x0
2026-10-03 00:51:33.594 [EVENT] sock=2768 hEvent=00000CC4 events=0x21
2026-10-03 00:51:34.500 [EVENT] sock=2500 hEvent=00000980 events=0x0
2026-10-03 00:51:34.500 [EVENT] sock=2500 hEvent=00000980 events=0x21
2026-10-03 00:51:40.563 [EVENT] sock=2500 hEvent=00000980 events=0x0
2026-10-03 00:51:40.563 [EVENT] sock=2500 hEvent=00000980 events=0x21
2026-10-03 00:51:41.906 [OP] 4613 inv=FFB9 len=70 #4 95f3ddbf6fe02298bd798a6c0e2e585b68a9182c94df55536a6d8d503ea6ed7f58ec6ffaa353caaa5b42b2d48b98f8671f805b6451b1dcfaa32beceb066d0d4079bbea2b1f80
2026-10-03 00:51:41.907 [OP] 4612 inv=FFF7 len=8 #5 ca805b647c8052fa
2026-10-03 00:51:43.543 [SETTLE] exp=1 gold=199368 len=393
2026-10-03 00:51:53.587 [EVENT] sock=2500 hEvent=00000980 events=0x0
2026-10-03 00:51:53.587 [EVENT] sock=2500 hEvent=00000980 events=0x21
2026-10-03 00:52:03.595 [EVENT] sock=2768 hEvent=00000CC4 events=0x0
2026-10-03 00:52:03.595 [EVENT] sock=2768 hEvent=00000CC4 events=0x21
2026-10-03 00:52:03.612 [EVENT] sock=2500 hEvent=00000980 events=0x0
2026-10-03 00:52:03.612 [EVENT] sock=2500 hEvent=00000980 events=0x21
2026-10-03 00:52:04.086 [EVENT] sock=2500 hEvent=00000980 events=0x0
2026-10-03 00:52:04.087 [EVENT] sock=2500 hEvent=00000980 events=0x21
2026-10-03 00:52:13.950 [PIPE] controller disconnected
2026-10-03 00:52:14.138 [EVENT] sock=2500 hEvent=00000980 events=0x0
2026-10-03 00:52:14.138 [EVENT] sock=2500 hEvent=00000980 events=0x21
2026-10-03 00:52:24.113 [OP] 4613 inv=FFB9 len=70 #5 95f3ddbf6fe02298bd798a6c0e2e585b68a9182c94df55536a6d8d503ea6ed7f58ec6ffaa353caaa5b42b2d48b98f8671f805b6451b1dcfaa32beceb066d0d4079bbea2b1f80
2026-10-03 00:52:25.120 [EVENT] sock=2500 hEvent=00000980 events=0x0
2026-10-03 00:52:25.120 [EVENT] sock=2500 hEvent=00000980 events=0x21
2026-10-03 00:52:29.393 [OP] 4705 inv=FFB8 len=71 #1 7c6b7f5134a722a37d67ce5bbbb20bdcfaa32b1fbc1c64510bdcfaa30459805b64510bdc39db2b1f805b645131dcfaa3a71f805b2751a2da2bf061f1341a64510bdcfaa32b1f80
2026-10-03 00:52:32.181 [OP] 4705 inv=FFB8 len=71 #2 7c6b7f5134a722a319f3ce5b4d310bdcfaa32b1f532764510bdcfaa34fca805b64510bdc45db2b1f805b645131dcfaa33a1f805b6651d286033d6643505b64510bdcfaa32b1f80
2026-10-03 00:52:33.595 [EVENT] sock=2768 hEvent=00000CC4 events=0x0
2026-10-03 00:52:33.595 [EVENT] sock=2768 hEvent=00000CC4 events=0x21
2026-10-03 00:52:35.186 [EVENT] sock=2500 hEvent=00000980 events=0x0
2026-10-03 00:52:35.186 [EVENT] sock=2500 hEvent=00000980 events=0x21
2026-10-03 00:52:45.122 [EVENT] sock=2500 hEvent=00000980 events=0x0
2026-10-03 00:52:45.123 [EVENT] sock=2500 hEvent=00000980 events=0x21
2026-10-03 00:52:46.063 [EVENT] sock=2500 hEvent=00000980 events=0x0
2026-10-03 00:52:46.063 [EVENT] sock=2500 hEvent=00000980 events=0x21
2026-10-03 00:52:48.200 [EVENT] sock=2500 hEvent=00000980 events=0x0
2026-10-03 00:52:48.200 [EVENT] sock=2500 hEvent=00000980 events=0x21
2026-10-03 00:52:55.194 [EVENT] sock=2500 hEvent=00000980 events=0x0
2026-10-03 00:52:55.196 [EVENT] sock=2500 hEvent=00000980 events=0x21
2026-10-03 00:53:00.447 [EVENT] sock=2500 hEvent=00000980 events=0x0
2026-10-03 00:53:00.447 [EVENT] sock=2500 hEvent=00000980 events=0x21
2026-10-03 00:53:03.595 [EVENT] sock=2768 hEvent=00000CC4 events=0x0
2026-10-03 00:53:03.597 [EVENT] sock=2768 hEvent=00000CC4 events=0x21
2026-10-03 00:53:03.861 [SETTLE] exp=1 gold=199368 len=393
2026-10-03 00:53:11.137 [EVENT] sock=2500 hEvent=00000980 events=0x0
2026-10-03 00:53:11.137 [EVENT] sock=2500 hEvent=00000980 events=0x21
2026-10-03 00:53:12.109 [EVENT] sock=2500 hEvent=00000980 events=0x0
2026-10-03 00:53:12.109 [EVENT] sock=2500 hEvent=00000980 events=0x21
2026-10-03 00:53:14.386 [EVENT] sock=2500 hEvent=00000980 events=0x0
2026-10-03 00:53:14.386 [EVENT] sock=2500 hEvent=00000980 events=0x21
2026-10-03 00:53:21.208 [EVENT] sock=2500 hEvent=00000980 events=0x0
2026-10-03 00:53:21.208 [EVENT] sock=2500 hEvent=00000980 events=0x21
2026-10-03 00:53:22.305 [EVENT] sock=2500 hEvent=00000980 events=0x0
2026-10-03 00:53:22.305 [EVENT] sock=2500 hEvent=00000980 events=0x21
2026-10-03 00:53:31.262 [EVENT] sock=2500 hEvent=00000980 events=0x0
2026-10-03 00:53:31.264 [EVENT] sock=2500 hEvent=00000980 events=0x21
2026-10-03 00:53:31.487 [SETTLE] exp=2 gold=199368 len=393
2026-10-03 00:53:33.598 [EVENT] sock=2768 hEvent=00000CC4 events=0x0
2026-10-03 00:53:33.598 [EVENT] sock=2768 hEvent=00000CC4 events=0x21
2026-10-03 00:53:38.755 [EVENT] sock=2500 hEvent=00000980 events=0x0
2026-10-03 00:53:38.756 [EVENT] sock=2500 hEvent=00000980 events=0x21
2026-10-03 00:53:39.688 [EVENT] sock=2500 hEvent=00000980 events=0x0
2026-10-03 00:53:39.689 [EVENT] sock=2500 hEvent=00000980 events=0x21
2026-10-03 00:53:41.973 [EVENT] sock=2500 hEvent=00000980 events=0x0
2026-10-03 00:53:41.973 [EVENT] sock=2500 hEvent=00000980 events=0x21
2026-10-03 00:53:48.642 [PIPE] controller connected
2026-10-03 00:53:48.822 [EVENT] sock=2500 hEvent=00000980 events=0x0
2026-10-03 00:53:48.823 [EVENT] sock=2500 hEvent=00000980 events=0x21
2026-10-03 00:53:52.152 [EVENT] sock=2500 hEvent=00000980 events=0x0
2026-10-03 00:53:52.152 [EVENT] sock=2500 hEvent=00000980 events=0x21
2026-10-03 00:53:58.161 [SETTLE] exp=2 gold=199368 len=393
2026-10-03 00:54:00.182 [EVENT] sock=2500 hEvent=00000980 events=0x0
2026-10-03 00:54:00.182 [EVENT] sock=2500 hEvent=00000980 events=0x21
2026-10-03 00:54:03.599 [EVENT] sock=2768 hEvent=00000CC4 events=0x0
2026-10-03 00:54:03.599 [EVENT] sock=2768 hEvent=00000CC4 events=0x21
2026-10-03 00:54:07.410 [EVENT] sock=2500 hEvent=00000980 events=0x0
2026-10-03 00:54:07.410 [EVENT] sock=2500 hEvent=00000980 events=0x21
2026-10-03 00:54:08.382 [EVENT] sock=2500 hEvent=00000980 events=0x0
2026-10-03 00:54:08.382 [EVENT] sock=2500 hEvent=00000980 events=0x21
2026-10-03 00:54:10.776 [EVENT] sock=2500 hEvent=00000980 events=0x0
2026-10-03 00:54:10.777 [EVENT] sock=2500 hEvent=00000980 events=0x21
2026-10-03 00:54:17.560 [EVENT] sock=2500 hEvent=00000980 events=0x0
2026-10-03 00:54:17.560 [EVENT] sock=2500 hEvent=00000980 events=0x21
2026-10-03 00:54:20.290 [EVENT] sock=2500 hEvent=00000980 events=0x0
2026-10-03 00:54:20.290 [EVENT] sock=2500 hEvent=00000980 events=0x21
2026-10-03 00:54:25.081 [SETTLE] exp=2 gold=199368 len=393
2026-10-03 00:54:30.316 [EVENT] sock=2500 hEvent=00000980 events=0x0
2026-10-03 00:54:30.317 [EVENT] sock=2500 hEvent=00000980 events=0x21
2026-10-03 00:54:31.274 [EVENT] sock=2500 hEvent=00000980 events=0x0
2026-10-03 00:54:31.274 [EVENT] sock=2500 hEvent=00000980 events=0x21
2026-10-03 00:54:33.551 [EVENT] sock=2500 hEvent=00000980 events=0x0
2026-10-03 00:54:33.553 [EVENT] sock=2500 hEvent=00000980 events=0x21
2026-10-03 00:54:33.599 [EVENT] sock=2768 hEvent=00000CC4 events=0x0
2026-10-03 00:54:33.599 [EVENT] sock=2768 hEvent=00000CC4 events=0x21
2026-10-03 00:54:36.850 [EVENT] sock=2500 hEvent=00000980 events=0x0
2026-10-03 00:54:36.850 [EVENT] sock=2500 hEvent=00000980 events=0x21
2026-10-03 00:54:40.372 [EVENT] sock=2500 hEvent=00000980 events=0x0
2026-10-03 00:54:40.372 [EVENT] sock=2500 hEvent=00000980 events=0x21
2026-10-03 00:54:43.014 [SETTLE] exp=2 gold=199368 len=403
2026-10-03 00:54:43.222 [EVENT] sock=2500 hEvent=00000980 events=0x0
2026-10-03 00:54:43.222 [EVENT] sock=2500 hEvent=00000980 events=0x21
2026-10-03 00:54:50.199 [EVENT] sock=2500 hEvent=00000980 events=0x0
2026-10-03 00:54:50.199 [EVENT] sock=2500 hEvent=00000980 events=0x21
2026-10-03 00:54:51.174 [EVENT] sock=2500 hEvent=00000980 events=0x0
2026-10-03 00:54:51.174 [EVENT] sock=2500 hEvent=00000980 events=0x21
2026-10-03 00:54:53.387 [EVENT] sock=2500 hEvent=00000980 events=0x0
2026-10-03 00:54:53.387 [EVENT] sock=2500 hEvent=00000980 events=0x21
2026-10-03 00:54:58.156 [EVENT] sock=2500 hEvent=00000980 events=0x0
2026-10-03 00:54:58.156 [EVENT] sock=2500 hEvent=00000980 events=0x21
2026-10-03 00:55:00.307 [EVENT] sock=2500 hEvent=00000980 events=0x0
2026-10-03 00:55:00.307 [EVENT] sock=2500 hEvent=00000980 events=0x21
2026-10-03 00:55:03.599 [EVENT] sock=2768 hEvent=00000CC4 events=0x0
2026-10-03 00:55:03.600 [EVENT] sock=2768 hEvent=00000CC4 events=0x21
2026-10-03 00:55:04.437 [SETTLE] exp=1 gold=199368 len=403
2026-10-03 00:55:05.272 [EVENT] sock=2500 hEvent=00000980 events=0x0
2026-10-03 00:55:05.273 [EVENT] sock=2500 hEvent=00000980 events=0x21
2026-10-03 00:55:11.653 [EVENT] sock=2500 hEvent=00000980 events=0x0
2026-10-03 00:55:11.654 [EVENT] sock=2500 hEvent=00000980 events=0x21
2026-10-03 00:55:12.624 [EVENT] sock=2500 hEvent=00000980 events=0x0
2026-10-03 00:55:12.624 [EVENT] sock=2500 hEvent=00000980 events=0x21
2026-10-03 00:55:14.800 [EVENT] sock=2500 hEvent=00000980 events=0x0
2026-10-03 00:55:14.800 [EVENT] sock=2500 hEvent=00000980 events=0x21
2026-10-03 00:55:21.712 [EVENT] sock=2500 hEvent=00000980 events=0x0
2026-10-03 00:55:21.712 [EVENT] sock=2500 hEvent=00000980 events=0x21
2026-10-03 00:55:22.137 [EVENT] sock=2500 hEvent=00000980 events=0x0
2026-10-03 00:55:22.137 [EVENT] sock=2500 hEvent=00000980 events=0x21
2026-10-03 00:55:28.123 [SETTLE] exp=1 gold=199368 len=393
2026-10-03 00:55:33.601 [EVENT] sock=2768 hEvent=00000CC4 events=0x0
2026-10-03 00:55:33.601 [EVENT] sock=2768 hEvent=00000CC4 events=0x21
2026-10-03 00:55:33.615 [EVENT] sock=2500 hEvent=00000980 events=0x0
2026-10-03 00:55:33.621 [EVENT] sock=2500 hEvent=00000980 events=0x21
2026-10-03 00:55:34.370 [EVENT] sock=2500 hEvent=00000980 events=0x0
2026-10-03 00:55:34.370 [EVENT] sock=2500 hEvent=00000980 events=0x21
2026-10-03 00:55:35.317 [EVENT] sock=2500 hEvent=00000980 events=0x0
2026-10-03 00:55:35.317 [EVENT] sock=2500 hEvent=00000980 events=0x21
2026-10-03 00:55:37.844 [EVENT] sock=2500 hEvent=00000980 events=0x0
2026-10-03 00:55:37.844 [EVENT] sock=2500 hEvent=00000980 events=0x21
2026-10-03 00:55:44.555 [EVENT] sock=2500 hEvent=00000980 events=0x0
2026-10-03 00:55:44.555 [EVENT] sock=2500 hEvent=00000980 events=0x21
2026-10-03 00:55:46.556 [EVENT] sock=2500 hEvent=00000980 events=0x0
2026-10-03 00:55:46.557 [EVENT] sock=2500 hEvent=00000980 events=0x21
2026-10-03 00:55:53.084 [SETTLE] exp=2 gold=199368 len=403
2026-10-03 00:55:53.486 [EVENT] sock=2500 hEvent=00000980 events=0x0
2026-10-03 00:55:53.486 [EVENT] sock=2500 hEvent=00000980 events=0x21
2026-10-03 00:55:55.119 [EVENT] sock=2500 hEvent=00000980 events=0x0
2026-10-03 00:55:55.119 [EVENT] sock=2500 hEvent=00000980 events=0x21
2026-10-03 00:56:03.124 [EVENT] sock=2500 hEvent=00000980 events=0x0
2026-10-03 00:56:03.126 [EVENT] sock=2500 hEvent=00000980 events=0x21
2026-10-03 00:56:03.601 [EVENT] sock=2768 hEvent=00000CC4 events=0x0
2026-10-03 00:56:03.601 [EVENT] sock=2768 hEvent=00000CC4 events=0x21
2026-10-03 00:56:13.174 [EVENT] sock=2500 hEvent=00000980 events=0x0
2026-10-03 00:56:13.176 [EVENT] sock=2500 hEvent=00000980 events=0x21
2026-10-03 00:56:18.382 [OP] 4707 inv=FFF3 len=12 #3 a63bad8063cdfc0b17faa32b
2026-10-03 00:56:18.469 [OP] 43F1 inv=FFFA len=5 #1 33b4de1fc7
2026-10-03 00:56:18.470 [OP] 40E0 inv=FED1 len=302 #1 55b252fa1a7c1f805b64510bfbfaa32b1f805b64a9fddcfaa32b1f8080df510bdcfaa32b46455b64fc0bdcfa392b1f804864510ba7e8a32bad805b64b2ecdcfa082b1f80addf510bb6e8a32bad805b644e80dcfa53531f805764510b13c4a32bc74e5b64d4ecdcfae62b1f800d64510b8ffaa32b1f805b64510bdcfaa32b1f805b64510bdcfaa32b1f805b64430bdcfaa32b1f805b64510bdcfaa32b1f805b64
2026-10-03 00:56:18.484 [EVENT] sock=2500 hEvent=00000980 events=0x0
2026-10-03 00:56:18.486 [EVENT] sock=2500 hEvent=00000980 events=0x21
2026-10-03 00:56:19.097 [EVENT] sock=2768 hEvent=00000CC4 events=0x0
2026-10-03 00:56:19.098 [EVENT] sock=2768 hEvent=00000CC4 events=0x21
2026-10-03 00:56:20.362 [EVENT] sock=2500 hEvent=00000980 events=0x0
2026-10-03 00:56:20.363 [EVENT] sock=2500 hEvent=00000980 events=0x21
2026-10-03 00:56:20.423 [OP] 40E0 inv=FED1 len=302 #2 55b252fa1a7c1f805b64510bfbfaa32b1f805b64a9fddcfaa32b1f8080df510bdcfaa32b46455b64fc0bdcfa392b1f804864510ba7e8a32bad805b64b2ecdcfa082b1f80addf510bb6e8a32bad805b644e80dcfa53531f805764510b13c4a32bc74e5b64d4ecdcfae62b1f800d64510b8ffaa32b1f805b64510bdcfaa32b1f805b64510bdcfaa32b1f805b64430bdcfaa32b1f805b64510bdcfaa32b1f805b64
2026-10-03 00:56:20.433 [EVENT] sock=2500 hEvent=00000980 events=0x0
2026-10-03 00:56:20.433 [EVENT] sock=2500 hEvent=00000980 events=0x21
2026-10-03 00:56:20.446 [OP] 40E3 inv=FFCF len=48 #1 b907c464af52155ac32bfd804764610bdefaf82babaa956490ecfafabf5384809fdf0b0b0022462b01cec464edd052fa
2026-10-03 00:56:20.447 [OP] 40E2 inv=FFF3 len=12 #1 3ccdfc0b6f6ea32b45809564
2026-10-03 00:56:20.447 [OP] 4232 inv=FF60 len=159 #1 c8afd0dce0a32b1f4f5b645127dcfaa3de1f805b6f510bdc1c462b1f805b64510bdcfaa32b1f805b64510bdcfaa32b1f805b64510bdcfaa3599d805b64510bdcb7f82b1f805b6451fb8bfaa32b1f805b4e580bdcfaa32b1f227a64517f52faa3edad805b7c510bdc25a32b1fef5b6451c4dcfaa3d4ad805bbc510bdc6ba32b1f0a5b64510bdcfaa32cd672eca2d661e2b05b931f805b64510bdcfaa32b1f80
2026-10-03 00:56:20.447 [OP] 4232 inv=FF60 len=159 #2 c8afd0dcaea32b1f8c5b6451fddcfaa3421f805b53510bdca5202b1f805b64510bdcfaa32b1f805b64510bdcfaa32b1f805b64510bdcfaa37834805b64510bdc6a392b1f805b6451c66afaa32b1f805b24b20bdcfaa32b1f9a236451ae52faa3b834805b0d510bdcbaa32b1fef5b6451c4dcfaa3db34805b02510bdceda32b1fd35b64510bdcfaa32cd672eca2d62ce2b05bde1f805bdf510bdcfaa32b1f80
2026-10-03 00:56:20.447 [OP] 4232 inv=FF60 len=159 #3 c8afd0dccaa32b1fc65b645144dcfaa3581f805b53510bdcc5312b1f805b64510bdcfaa32b1f805b64510bdcfaa32b1f805b64510bdcfaa3f7ec805b64510bdcb1232b1f805b645151a7faa32b1f805b42830bdcfaa32b1fe67a64517152faa33f8a805b54580bdc65a32b1fef5b6451c4dcfaa327f3805b0b510bdc3ddb2b1f239564510bdcfaa32cd6725aaed6de49b05bceca8095f8510bdcfaa32b1f80
2026-10-03 00:56:20.447 [OP] 4020 inv=FFE7 len=24 #1 55b252facd2bca8094ecfc0bc740a32bca809564450bc4fa
2026-10-03 00:56:20.447 [OP] 4202 inv=FFEF len=16 #1 230bdcfaa32b1f800ea9510b4a5ba32b
2026-10-03 00:56:20.447 [OP] 4055 inv=FFF7 len=8 #1 3ccdfc0bdcfaa32b
2026-10-03 00:56:20.447 [OP] 40A0 inv=FCAF len=848 #1 3ccdfc0ba95ddb2bcdc75b647dd0dcfadb4a3826f012510bdcfaa32b1f805b64510bdcfaa32b1f805b64510bdcfaa32b1f805b64510bdcfaa32b1f80a237d475f6dcd62402c75b6440ecdcfadb4a3268bef22e60dcfaa32b1f805b64510bdcfaa32b1f805b64510bdcfaa32b1f805b64510bdcfaa32b1f80b7a9a675d2308f24f4c75b64d4c4dcfadb4a7caf33b4303ccdb38023db065b64510bdcfaa32b1f80
2026-10-03 00:56:20.463 [EVENT] sock=2500 hEvent=00000980 events=0x0
2026-10-03 00:56:20.463 [EVENT] sock=2500 hEvent=00000980 events=0x21
2026-10-03 00:56:20.747 [OP] 4025 inv=FFF5 len=10 #1 97533832c4df51ece2fa
2026-10-03 00:56:20.863 [EVENT] sock=2500 hEvent=00000980 events=0x0
2026-10-03 00:56:20.869 [EVENT] sock=2500 hEvent=00000980 events=0x21
2026-10-03 00:56:20.870 [EVENT] sock=2500 hEvent=00000980 events=0x0
2026-10-03 00:56:20.870 [EVENT] sock=2500 hEvent=00000980 events=0x21
2026-10-03 00:56:20.872 [EVENT] sock=2500 hEvent=00000980 events=0x0
2026-10-03 00:56:20.872 [EVENT] sock=2500 hEvent=00000980 events=0x21
2026-10-03 00:56:20.875 [EVENT] sock=2500 hEvent=00000980 events=0x0
2026-10-03 00:56:20.875 [EVENT] sock=2500 hEvent=00000980 events=0x21
2026-10-03 00:56:20.884 [EVENT] sock=2500 hEvent=00000980 events=0x0
2026-10-03 00:56:20.884 [EVENT] sock=2500 hEvent=00000980 events=0x21
2026-10-03 00:56:20.885 [EVENT] sock=2500 hEvent=00000980 events=0x0
2026-10-03 00:56:20.885 [EVENT] sock=2500 hEvent=00000980 events=0x21
2026-10-03 00:56:20.888 [EVENT] sock=2500 hEvent=00000980 events=0x0
2026-10-03 00:56:20.888 [EVENT] sock=2500 hEvent=00000980 events=0x21
2026-10-03 00:56:20.888 [EVENT] sock=2500 hEvent=00000980 events=0x0
2026-10-03 00:56:20.889 [EVENT] sock=2500 hEvent=00000980 events=0x21
2026-10-03 00:56:20.891 [EVENT] sock=2500 hEvent=00000980 events=0x0
2026-10-03 00:56:20.891 [EVENT] sock=2500 hEvent=00000980 events=0x21
2026-10-03 00:56:21.050 [OP] 42E5 inv=FFE5 len=26 #1 7a64510b20faa32bca0c3cc8065c59cc859a0d869887050bdcfa
2026-10-03 00:56:21.061 [EVENT] sock=2500 hEvent=00000980 events=0x0
2026-10-03 00:56:21.061 [EVENT] sock=2500 hEvent=00000980 events=0x21
2026-10-03 00:56:21.202 [OP] 42E5 inv=FFE5 len=26 #2 7a64510b20faa32bca0c3cc8065c59cc859a0d869887050bdcfa
2026-10-03 00:56:21.202 [OP] 42E5 inv=FFE5 len=26 #3 7a64510b20faa32bca0c3cc8065c59cc859a0d869887050bdcfa
2026-10-03 00:56:21.202 [OP] 42E5 inv=FFE5 len=26 #4 7a64510b20faa32bca0c3cc8065c59cc859a0d869887050bdcfa
2026-10-03 00:56:21.202 [OP] 42E5 inv=FFE5 len=26 #5 7a64510b20faa32bca0c3cc8065c59cc859a0d869887050bdcfa
2026-10-03 00:56:21.348 [OP] 42A7 inv=FEE6 len=281 #1 7c6b7f5133dcfaa30062832e058960677f329cdb9ec3538975ceec388294473d4c8260db9048cd942cc35c18755f8f4841572cc35ce656491792383c90db81a552159d31b04f615f1652cb155a4e470b8fdb81a5cb210cf6fe65d97bdd8352155aeb410bd9325382875f5a4e47d88f7e86e675155ab82442836addf65315251ce2c88f6a3cf475f477236f65796a5c8375495b596f5d793b2b526ae0252924c8
2026-10-03 00:56:22.061 [EVENT] sock=2500 hEvent=00000980 events=0x0
2026-10-03 00:56:22.061 [EVENT] sock=2500 hEvent=00000980 events=0x21
2026-10-03 00:56:22.147 [OP] 42A7 inv=FEE6 len=281 #2 7c6b7f5102dcfaa31831d3c20133340c33509e31d3c2019ff0dcfaa32b1f805b64510bdcfaa32b31d35b64510bdcfa04181f805bfc250befa9a32b1f805b642564dcfa04e91f80c201510bcdfaa32b88805b64510bdcfa8b311f80acfb510bdcfc0418277e5b643334dcfa04e91f7e3efc251939fc10e972c15b649f0b39fc102b1f805bfc25190c33a32b1f803efc5119cd8aa32b272bc2ca510bdcfc042b27
2026-10-03 00:56:23.481 [EVENT] sock=2500 hEvent=00000980 events=0x0
2026-10-03 00:56:23.481 [EVENT] sock=2500 hEvent=00000980 events=0x21
2026-10-03 00:56:33.601 [EVENT] sock=2768 hEvent=00000CC4 events=0x0
2026-10-03 00:56:33.601 [EVENT] sock=2768 hEvent=00000CC4 events=0x21
2026-10-03 00:56:33.621 [EVENT] sock=2500 hEvent=00000980 events=0x0
2026-10-03 00:56:33.621 [EVENT] sock=2500 hEvent=00000980 events=0x21
2026-10-03 00:56:33.897 [EVENT] sock=2500 hEvent=00000980 events=0x0
2026-10-03 00:56:33.898 [EVENT] sock=2500 hEvent=00000980 events=0x21
2026-10-03 00:56:40.217 [OP] 43F1 inv=FFFA len=5 #2 33b4de1faa
2026-10-03 00:56:40.304 [OP] 4704 inv=FFDE len=33 #1 e3a722a39ef3ce5b64510bdcfaa32b1f3cc83369938cc5a32b1f805b64510bdcfa
2026-10-03 00:56:40.312 [EVENT] sock=2500 hEvent=00000980 events=0x0
2026-10-03 00:56:40.312 [EVENT] sock=2500 hEvent=00000980 events=0x21
2026-10-03 00:56:40.362 [OP] 401B inv=FEF3 len=268 #1 3ccdfc0b8bfaa32b0f805b64b4b252fada2b1f802964510b606ea32b1f805b64135fdcfaa32b1f80e9df510bdcfaa32be6c75b64510bdcfa16876c842d43520bdcfaa32b1f805b64510bdcfa603bad803564510b68faa32b45ca5b64510bdcfac37c1f805b64510bdee8a32b1f805b64db7fdcfaa32b1f8026b35c3828d7fb2b1f805b64510bdcfaa32b1f807aecfc0b72faa32b25805b64b5d0dcfaa32b1f80
2026-10-03 00:56:40.457 [OP] 4705 inv=FFB8 len=71 #3 7c6b7f5134a722a37d67ce5bbbb20bdcfaa32b1fbc1c64510bdcfaa30459805b64510bdc39db2b1f805b645131dcfaa3a71f805b2751a2da2bf061f1341a64510bdcfaa32b1f80
2026-10-03 00:56:43.984 [EVENT] sock=2500 hEvent=00000980 events=0x0
2026-10-03 00:56:43.985 [EVENT] sock=2500 hEvent=00000980 events=0x21
2026-10-03 00:56:50.645 [OP] 40A0 inv=FE8F len=368 #2 3ccdfc0be6faf82bb8805b643875dcfadb4ab5c13cf2bc05b600f07f9aeb5b64510bdcfaa32b1f805b64510bdcfaa32b1f805b64510bdcfaa32b1f803cc690b1076ee64a4cc75b64190bdcfadb4a0bc1f055510bdcfaa32b1f805b64510bdcfaa32b1f805b64510bdcfaa32b1f805b64510bdcfaa32b1f801bc6a0b1a96e054a15c75b64317fdcfadb4a7caf855d3064288d4cb51f805b64510bdcfaa32b1f80
2026-10-03 00:56:52.271 [EVENT] sock=2500 hEvent=00000980 events=0x0
2026-10-03 00:56:52.271 [EVENT] sock=2500 hEvent=00000980 events=0x21
2026-10-03 00:56:52.347 [OP] 42A7 inv=FEE6 len=281 #3 7c6b7f518adcfaa31831d3c20133340c33509e31d3c2019ff0dcfaa32b1f805b64510bdcfaa32b31d35b64510bcd8a0418272b5b64510befa9a32b1f7eacfb9f64cd8a042b1f80c201510b398a0418407eacfb9f64dcfa8b311f7e3e645164398aa32b272b3e643334dc8aa32b1f803e64510bdcfc102b72c15bfb510bdcfa102b1f805bfc9f0b0c33a3181f805bfc2564dcfaa3e9278063ca5119dcfa041827
2026-10-03 00:56:52.751 [OP] 40A0 inv=FF07 len=248 #3 3ccdfc0b8b29db2b3ec75b64950bdcfadb4a6c05c267510bdcfaa32b1f805b64510bdcfaa32b1f805b64510bdcfaa32b1f805b64510bdcfaa32b1f80b7d9dfd0d29fe1dee5c75b64237fdcfadb4adb2f6340510bdcfaa32b1f805b64510bdcfaa32b1f805b64510bdcfaa32b1f805b64510bdcfaa32b1f80f8d965d0329f41de1cc75b641ac4dcfadb4a429a24ca5c00cd974148b97a632a510bdcfaa32b1f80
2026-10-03 00:56:55.658 [OP] 40A0 inv=FF43 len=188 #4 3ccdfc0b52c2392b7ac75b6453ecdcfadb4a363c3ee11e9edcfaa32b1f805b64510bdcfaa32b1f805b64510bdcfaa32b1f805b64510bdcfaa32b1f80cac6b97f106ec8932bc75b64c57fdcfadb4a121a2d40510bdcfaa32b1f805b64510bdcfaa32b1f805b64510bdcfaa32b1f805b64510bdcfaa32b1f8000c6527f956e519346c75b64e90bdcfadb4ac3fbdb22072f7d166aa11f805b64510bdcfaa32b1f80
2026-10-03 00:56:57.663 [OP] 40A0 inv=FF43 len=188 #5 3ccdfc0b52fadb2b24c75b64a67fdcfadb4a962f98da510bdcfaa32b1f805b64510bdcfaa32b1f805b64510bdcfaa32b1f805b64510bdcfaa32b1f80337ae4d0aa02a8de8dc75b6403d0dcfadb4ae49ee986960a5af1d47f722c3c49510bdcfaa32b1f805b64510bdcfaa32b1f805b64510bdcfaa32b1f8066be72d0584765de6cb65b6439ecdcfadb4a7caf33b4303c60d18b02b5d85b64510bdcfaa32b1f80
2026-10-03 00:57:00.672 [EVENT] sock=2500 hEvent=00000980 events=0x0
2026-10-03 00:57:00.672 [EVENT] sock=2500 hEvent=00000980 events=0x21
2026-10-03 00:57:03.602 [EVENT] sock=2768 hEvent=00000CC4 events=0x0
2026-10-03 00:57:03.602 [EVENT] sock=2768 hEvent=00000CC4 events=0x21
2026-10-03 00:57:07.744 [SYS] #FFF692#交纳传送费用#00CCFF#1370#FFF692#金币！
2026-10-03 00:57:07.842 [CURRENCY] a=199368 b=877882
2026-10-03 00:57:07.898 [OP] 40E0 inv=FED1 len=302 #3 55b252fa1a7c1f805b64510bfbfaa32b1f805b64a9fddcfaa32b1f8080df510bdcfaa32b46455b64fc0bdcfa392b1f804864510ba7e8a32bad805b64b2ecdcfa082b1f80addf510bb6e8a32bad805b644e80dcfa53531f805764510b13c4a32bc74e5b64d4ecdcfae62b1f800d64510b8ffaa32b1f805b64510bdcfaa32b1f805b64510bdcfaa32b1f805b64430bdcfaa32b1f805b64510bdcfaa32b1f805b64
2026-10-03 00:57:07.898 [OP] 40E3 inv=FFCF len=48 #2 b907c464af0bdcfac32bfd804764610bdefaf82babaa956490ecfafabf5384809fdf0b0b0022462b01cec464edd052fa
2026-10-03 00:57:07.899 [OP] 40E2 inv=FFF3 len=12 #2 3ccdfc0b6ffa462b45809564
2026-10-03 00:57:07.899 [OP] 4232 inv=FF60 len=159 #4 c8afd0dce0a32b1f4f5b645127dcfaa3de1f805b6f510bdc1c462b1f805b64510bdcfaa32b1f805b64510bdcfaa32b1f805b64510bdcfaa3599d805b64510bdcb7f82b1f805b6451fb8bfaa32b1f805b4e580bdcfaa32b1f227a64517f52faa3edad805b7c510bdc25a32b1fef5b6451c4dcfaa3d4ad805bbc510bdc6ba32b1f0a5b64510bdcfaa32cd672eca2d661e2b05b931f805b64510bdcfaa32b1f80
2026-10-03 00:57:07.899 [OP] 4232 inv=FF60 len=159 #5 c8afd0dcaea32b1f8c5b6451fddcfaa3421f805b53510bdca5202b1f805b64510bdcfaa32b1f805b64510bdcfaa32b1f805b64510bdcfaa37834805b64510bdc6a392b1f805b6451c66afaa32b1f805b24b20bdcfaa32b1f9a236451ae52faa3b834805b0d510bdcbaa32b1fef5b6451c4dcfaa3db34805b02510bdceda32b1fd35b64510bdcfaa32cd672eca2d62ce2b05bde1f805bdf510bdcfaa32b1f80
2026-10-03 00:57:07.900 [OP] 401B inv=FEB3 len=332 #2 a63bad800d64510b17faa32b7207c464530bdcfa972b1f80afc6510bdcfaa32be4c65b64510bdcfab9531f805b64510bffe8a32b1f805b64bc595ab12b219f805b64510bdcfaa32b1fef5b6412b252fada2b1f802964510bac9fa32b1f805b6437fddcfaa32b1f8012f8510bdcfaa32be0c75b64510bdcfa16876c842d437f0bdcfaa32b1f805b6451b1a150d85dad800a64510b35faa32beace5b64510bdcfa
2026-10-03 00:57:07.900 [OP] 4202 inv=FFEF len=16 #2 7f0bdcfafd2b1f802b64510b94c4a32b
2026-10-03 00:57:07.900 [OP] 4055 inv=FFF7 len=8 #2 3ccdfc0bdcfaa32b
2026-10-03 00:57:07.911 [EVENT] sock=2500 hEvent=00000980 events=0x0
2026-10-03 00:57:07.911 [EVENT] sock=2500 hEvent=00000980 events=0x21
2026-10-03 00:57:08.201 [EVENT] sock=2500 hEvent=00000980 events=0x0
2026-10-03 00:57:08.201 [EVENT] sock=2500 hEvent=00000980 events=0x21
2026-10-03 00:57:10.745 [EVENT] sock=2500 hEvent=00000980 events=0x0
2026-10-03 00:57:10.745 [EVENT] sock=2500 hEvent=00000980 events=0x21
2026-10-03 00:57:13.786 [SYS] #FFF692#交纳传送费用#00CCFF#1810#FFF692#金币！
2026-10-03 00:57:13.889 [SYS] #ff0000#您已进入野外区域，可能遭遇玩家间的自由对战，请注意安全！#ffffff#
2026-10-03 00:57:13.889 [CURRENCY] a=199368 b=877442
2026-10-03 00:57:13.923 [OP] 40E0 inv=FED1 len=302 #4 55b252fa1a7c1f805b64510bfbfaa32b1f805b64a9fddcfaa32b1f8080df510bdcfaa32b46455b64fc0bdcfa392b1f804864510ba7e8a32bad805b64b2ecdcfa082b1f80addf510bb6e8a32bad805b644e80dcfa53531f805764510b13c4a32bc74e5b64d4ecdcfae62b1f800d64510b8ffaa32b1f805b64510bdcfaa32b1f805b64510bdcfaa32b1f805b64430bdcfaa32b1f805b64510bdcfaa32b1f805b64
2026-10-03 00:57:13.923 [OP] 40E3 inv=FFCF len=48 #3 b907c464af0bdcfac32bfd804764610bdefaf82babaa956490ecfafabf5384809fdf0b0b0022462b01cec464edd052fa
2026-10-03 00:57:13.923 [OP] 40E2 inv=FFF3 len=12 #3 3ccdfc0b6ffaa32b45809564
2026-10-03 00:57:13.925 [OP] 401B inv=FEB3 len=332 #3 a63bad800d64510b17faa32b7207c464530bdcfa972b1f80afc6510bdcfaa32be4c65b64510bdcfab9531f805b64510bffe8a32b1f805b64bc595ab12b219f805b64510bdcfaa32b1fc75b6412b252fada2b1f802964510bac9fa32b1f805b6437fddcfaa32b1f8012f8510bdcfaa32be0c75b64510bdcfa16876c842d437f0bdcfaa32b1f805b64510bdcfad85dad800a64510b35faa32beace5b64510bdcfa
2026-10-03 00:57:13.925 [OP] 4202 inv=FFEF len=16 #3 6f0bdcfab72b1f80e57f510b0cc4a32b
2026-10-03 00:57:13.925 [OP] 4055 inv=FFF7 len=8 #3 3ccdfc0bdcfaa32b
2026-10-03 00:57:14.116 [EVENT] sock=2500 hEvent=00000980 events=0x0
2026-10-03 00:57:14.116 [EVENT] sock=2500 hEvent=00000980 events=0x21
2026-10-03 00:57:14.214 [OP] 4707 inv=FFF3 len=12 #4 a63bad8063cdfc0b17faa32b
2026-10-03 00:57:14.359 [EVENT] sock=2500 hEvent=00000980 events=0x0
2026-10-03 00:57:14.359 [EVENT] sock=2500 hEvent=00000980 events=0x21
2026-10-03 00:57:14.360 [EVENT] sock=2500 hEvent=00000980 events=0x0
2026-10-03 00:57:14.360 [EVENT] sock=2500 hEvent=00000980 events=0x21
2026-10-03 00:57:14.361 [EVENT] sock=2500 hEvent=00000980 events=0x0
2026-10-03 00:57:14.361 [EVENT] sock=2500 hEvent=00000980 events=0x21
2026-10-03 00:57:14.363 [EVENT] sock=2500 hEvent=00000980 events=0x0
2026-10-03 00:57:14.363 [EVENT] sock=2500 hEvent=00000980 events=0x21
2026-10-03 00:57:14.364 [EVENT] sock=2500 hEvent=00000980 events=0x0
2026-10-03 00:57:14.364 [EVENT] sock=2500 hEvent=00000980 events=0x21
2026-10-03 00:57:14.366 [EVENT] sock=2500 hEvent=00000980 events=0x0
2026-10-03 00:57:14.366 [EVENT] sock=2500 hEvent=00000980 events=0x21
2026-10-03 00:57:14.368 [EVENT] sock=2500 hEvent=00000980 events=0x0
2026-10-03 00:57:14.368 [EVENT] sock=2500 hEvent=00000980 events=0x21
2026-10-03 00:57:14.370 [EVENT] sock=2500 hEvent=00000980 events=0x0
2026-10-03 00:57:14.370 [EVENT] sock=2500 hEvent=00000980 events=0x21
2026-10-03 00:57:14.370 [EVENT] sock=2500 hEvent=00000980 events=0x0
2026-10-03 00:57:14.370 [EVENT] sock=2500 hEvent=00000980 events=0x21
2026-10-03 00:57:14.371 [EVENT] sock=2500 hEvent=00000980 events=0x0
2026-10-03 00:57:14.371 [EVENT] sock=2500 hEvent=00000980 events=0x21
2026-10-03 00:57:15.283 [OP] 43F1 inv=FFFA len=5 #3 33b4de1fc7
2026-10-03 00:57:15.283 [OP] 40E0 inv=FED1 len=302 #5 55b252fa1a7c1f805b64510bfbfaa32b1f805b64a9fddcfaa32b1f8080df510bdcfaa32b46455b64fc0bdcfa392b1f804864510ba7e8a32bad805b64b2ecdcfa082b1f80addf510bb6e8a32bad805b644e80dcfa53531f805764510b13c4a32bc74e5b64d4ecdcfae62b1f800d64510b8ffaa32b1f805b64510bdcfaa32b1f805b64510bdcfaa32b1f805b64430bdcfaa32b1f805b64510bdcfaa32b1f805b64
2026-10-03 00:57:15.301 [EVENT] sock=2500 hEvent=00000980 events=0x0
2026-10-03 00:57:15.301 [EVENT] sock=2500 hEvent=00000980 events=0x21
2026-10-03 00:57:18.218 [OP] 40A1 inv=FFEB len=20 #1 510bdcfab65d1f809464510bd3f416de4cef0a26
2026-10-03 00:57:20.801 [EVENT] sock=2500 hEvent=00000980 events=0x0
2026-10-03 00:57:20.802 [EVENT] sock=2500 hEvent=00000980 events=0x21
2026-10-03 00:57:30.872 [EVENT] sock=2500 hEvent=00000980 events=0x0
2026-10-03 00:57:30.873 [EVENT] sock=2500 hEvent=00000980 events=0x21
2026-10-03 00:57:33.602 [EVENT] sock=2768 hEvent=00000CC4 events=0x0
2026-10-03 00:57:33.602 [EVENT] sock=2768 hEvent=00000CC4 events=0x21
2026-10-03 00:57:34.578 [OP] 40A1 inv=FFEB len=20 #2 510bdcfab65d1f809464510bd0f4cade3aef1726
2026-10-03 00:57:40.928 [EVENT] sock=2500 hEvent=00000980 events=0x0
2026-10-03 00:57:40.928 [EVENT] sock=2500 hEvent=00000980 events=0x21
2026-10-03 00:57:41.663 [OP] 40A1 inv=FFEB len=20 #3 510bdcfab65d1f809464510bf1f4bbde6812667f
2026-10-03 00:57:47.172 [OP] 40A2 inv=FFF3 len=12 #1 dcfaa32bca805b64fdf8dcfa
2026-10-03 00:57:48.622 [OP] 40A1 inv=FFEB len=20 #4 510bdcfab65d1f809464510b9ef4d1de6812887f
2026-10-03 00:57:50.226 [OP] 40A1 inv=FFEB len=20 #5 510bdcfab65d1f809464510b9ef475de9412d37f
2026-10-03 00:57:51.404 [EVENT] sock=2500 hEvent=00000980 events=0x0
2026-10-03 00:57:51.405 [EVENT] sock=2500 hEvent=00000980 events=0x21
2026-10-03 00:58:01.660 [EVENT] sock=2500 hEvent=00000980 events=0x0
2026-10-03 00:58:01.660 [EVENT] sock=2500 hEvent=00000980 events=0x21
2026-10-03 00:58:03.594 [EVENT] sock=2500 hEvent=00000980 events=0x0
2026-10-03 00:58:03.594 [EVENT] sock=2500 hEvent=00000980 events=0x21
2026-10-03 00:58:03.602 [EVENT] sock=2768 hEvent=00000CC4 events=0x0
2026-10-03 00:58:03.603 [EVENT] sock=2768 hEvent=00000CC4 events=0x21
2026-10-03 00:58:03.642 [OP] 4019 inv=FF2B len=212 #1 a63bad80daf1510b6faea3de8f80e0fb655ca888014d380dbd4e25e8efeff919897193d033685ab709a3b57e93331d6c0ce2f10e4b1df6b95c2f28ed53798971e60a552ca269c7f4b57e4f221d1e62cd1d4bd3cb5b08510bcffa8f3a1abe35e957d79f568f6ce23a35a053d777bb50a0974d981251b152fa172bf7be35a053b92d3d5e20f76a6f975323373d43bce4bbe06cb4d2dcf9f82bac80eaa0532337a2
2026-10-03 00:58:04.482 [EVENT] sock=2500 hEvent=00000980 events=0x0
2026-10-03 00:58:04.482 [EVENT] sock=2500 hEvent=00000980 events=0x21
2026-10-03 00:58:04.534 [OP] 40C0 inv=FFF5 len=10 #1 a63bad80b226580b30f4
2026-10-03 00:58:07.392 [EVENT] sock=2500 hEvent=00000980 events=0x0
2026-10-03 00:58:07.393 [EVENT] sock=2500 hEvent=00000980 events=0x21
2026-10-03 00:58:11.735 [EVENT] sock=2500 hEvent=00000980 events=0x0
2026-10-03 00:58:11.735 [EVENT] sock=2500 hEvent=00000980 events=0x21
2026-10-03 00:58:20.313 [OP] 401E inv=FFAD len=82 #1 a63bad807aecfc0b52faa32b1f805b64840cdcfa62601f80dffc510b2a9ea32b72ff5b64a552155a1c461f805293510bf0b3a32bc8d97b81a552155a4e78c8d97b81a552dcfaa32b1f805b64510bdcfaa32b
2026-10-03 00:58:23.454 [EVENT] sock=2500 hEvent=00000980 events=0x0
2026-10-03 00:58:23.454 [EVENT] sock=2500 hEvent=00000980 events=0x21
2026-10-03 00:58:33.604 [EVENT] sock=2768 hEvent=00000CC4 events=0x0
2026-10-03 00:58:33.604 [EVENT] sock=2768 hEvent=00000CC4 events=0x21
2026-10-03 00:58:33.622 [EVENT] sock=2500 hEvent=00000980 events=0x0
2026-10-03 00:58:33.622 [EVENT] sock=2500 hEvent=00000980 events=0x21
2026-10-03 00:58:34.067 [EVENT] sock=2500 hEvent=00000980 events=0x0
2026-10-03 00:58:34.068 [EVENT] sock=2500 hEvent=00000980 events=0x21
2026-10-03 00:58:37.970 [OP] 40A2 inv=FFF3 len=12 #2 dcfaa32bca805b649cf7dcfa
2026-10-03 00:58:42.493 [OP] 40A2 inv=FFF3 len=12 #3 dcfaa32bca805b64e6f8dcfa
2026-10-03 00:58:44.130 [EVENT] sock=2500 hEvent=00000980 events=0x0
2026-10-03 00:58:44.131 [EVENT] sock=2500 hEvent=00000980 events=0x21
2026-10-03 00:58:52.417 [OP] 40A2 inv=FFF3 len=12 #4 dcfaa32bca805b640bf8dcfa
2026-10-03 00:58:53.016 [OP] 40A2 inv=FFF3 len=12 #5 dcfaa32bca805b6483f8dcfa
2026-10-03 00:58:54.184 [EVENT] sock=2500 hEvent=00000980 events=0x0
2026-10-03 00:58:54.184 [EVENT] sock=2500 hEvent=00000980 events=0x21
2026-10-03 00:59:03.604 [EVENT] sock=2768 hEvent=00000CC4 events=0x0
2026-10-03 00:59:03.605 [EVENT] sock=2768 hEvent=00000CC4 events=0x21
2026-10-03 00:59:04.652 [EVENT] sock=2500 hEvent=00000980 events=0x0
2026-10-03 00:59:04.652 [EVENT] sock=2500 hEvent=00000980 events=0x21
2026-10-03 00:59:14.705 [EVENT] sock=2500 hEvent=00000980 events=0x0
2026-10-03 00:59:14.705 [EVENT] sock=2500 hEvent=00000980 events=0x21
2026-10-03 00:59:20.703 [EVENT] sock=2500 hEvent=00000980 events=0x0
2026-10-03 00:59:20.704 [EVENT] sock=2500 hEvent=00000980 events=0x21
2026-10-03 00:59:20.751 [OP] 4019 inv=FF2B len=212 #2 a63bad80daf1510b6faea3bb8f80e0fb655ca888014d380dbd4e25e8efeff919897193d033685ab709a3b57e93331d6c0ce2f10e4b1df6b95c2f28ed53798971e60a552ca269c7f4b57e4f221d1e62cd1d4bd3cb5bf8510bcffa8f3a1abe35e957d79f568f6ce23a35a053d777bb50a0974d9812517f52fa172bf7be35a053b92d3d5e20f76a6f975323373d43bce4bbe06cb4d2dcf9f82bac80eaa0532337a2
2026-10-03 00:59:21.819 [EVENT] sock=2500 hEvent=00000980 events=0x0
2026-10-03 00:59:21.820 [EVENT] sock=2500 hEvent=00000980 events=0x21
2026-10-03 00:59:21.871 [OP] 40C0 inv=FFF5 len=10 #2 a63bad80e7f8580b8de8
2026-10-03 00:59:24.765 [EVENT] sock=2500 hEvent=00000980 events=0x0
2026-10-03 00:59:24.767 [EVENT] sock=2500 hEvent=00000980 events=0x21
2026-10-03 00:59:25.402 [EVENT] sock=2500 hEvent=00000980 events=0x0
2026-10-03 00:59:25.402 [EVENT] sock=2500 hEvent=00000980 events=0x21
2026-10-03 00:59:30.170 [EVENT] sock=2500 hEvent=00000980 events=0x0
2026-10-03 00:59:30.172 [EVENT] sock=2500 hEvent=00000980 events=0x21
2026-10-03 00:59:32.602 [OP] 40D0 inv=FFF7 len=8 #1 55b252fa875dad80
2026-10-03 00:59:33.605 [EVENT] sock=2768 hEvent=00000CC4 events=0x0
2026-10-03 00:59:33.605 [EVENT] sock=2768 hEvent=00000CC4 events=0x21
2026-10-03 00:59:34.822 [EVENT] sock=2500 hEvent=00000980 events=0x0
2026-10-03 00:59:34.822 [EVENT] sock=2500 hEvent=00000980 events=0x21
2026-10-03 00:59:35.955 [EVENT] sock=2500 hEvent=00000980 events=0x0
2026-10-03 00:59:35.955 [EVENT] sock=2500 hEvent=00000980 events=0x21
2026-10-03 00:59:36.521 [EVENT] sock=2500 hEvent=00000980 events=0x0
2026-10-03 00:59:36.522 [EVENT] sock=2500 hEvent=00000980 events=0x21
2026-10-03 00:59:38.276 [OP] 40D1 inv=FFEF len=16 #1 b907c464510bdcfaa32b1f805b64510b
2026-10-03 00:59:38.378 [OP] 40D3 inv=FFFB len=4 #1 b907c464
2026-10-03 00:59:38.757 [OP] 40D5 inv=FFFB len=4 #1 a63bad80
2026-10-03 00:59:38.844 [OP] 4020 inv=FC93 len=876 #2 3ccdfc0b24faa52bcaaac46496b3dcfaf82bca809564c90baab8a32bca8095640e0bfefadc671f809564580b52fa132ba7a45b64580b6ffafd2ba0803327510b6ffaf82b3480686496b3dcfaf82bca804064ab0baab8a32bca809564830bfefadc671f809564580b36fa132ba7a45b64580b6ffa312ba0803327510b6ffaf82bf380686496b3dcfaf82bca80c064ab0baab8a32bca809564310bfefadc671f80
2026-10-03 00:59:38.845 [CURRENCY] a=199368 b=879252
2026-10-03 00:59:38.847 [EVENT] sock=2500 hEvent=00000980 events=0x0
2026-10-03 00:59:38.847 [EVENT] sock=2500 hEvent=00000980 events=0x21
2026-10-03 00:59:38.847 [EVENT] sock=2500 hEvent=00000980 events=0x0
2026-10-03 00:59:38.847 [EVENT] sock=2500 hEvent=00000980 events=0x21
2026-10-03 00:59:38.847 [EVENT] sock=2500 hEvent=00000980 events=0x0
2026-10-03 00:59:38.847 [EVENT] sock=2500 hEvent=00000980 events=0x21
2026-10-03 00:59:38.847 [EVENT] sock=2500 hEvent=00000980 events=0x0
2026-10-03 00:59:38.847 [EVENT] sock=2500 hEvent=00000980 events=0x21
2026-10-03 00:59:38.847 [EVENT] sock=2500 hEvent=00000980 events=0x0
2026-10-03 00:59:38.848 [EVENT] sock=2500 hEvent=00000980 events=0x21
2026-10-03 00:59:38.848 [EVENT] sock=2500 hEvent=00000980 events=0x0
2026-10-03 00:59:38.848 [EVENT] sock=2500 hEvent=00000980 events=0x21
2026-10-03 00:59:38.848 [EVENT] sock=2500 hEvent=00000980 events=0x0
2026-10-03 00:59:38.848 [EVENT] sock=2500 hEvent=00000980 events=0x21
2026-10-03 00:59:38.848 [EVENT] sock=2500 hEvent=00000980 events=0x0
2026-10-03 00:59:38.848 [EVENT] sock=2500 hEvent=00000980 events=0x21
2026-10-03 00:59:38.848 [EVENT] sock=2500 hEvent=00000980 events=0x0
2026-10-03 00:59:38.848 [EVENT] sock=2500 hEvent=00000980 events=0x21
2026-10-03 00:59:38.848 [EVENT] sock=2500 hEvent=00000980 events=0x0
2026-10-03 00:59:38.848 [EVENT] sock=2500 hEvent=00000980 events=0x21
2026-10-03 00:59:38.848 [EVENT] sock=2500 hEvent=00000980 events=0x0
2026-10-03 00:59:38.848 [EVENT] sock=2500 hEvent=00000980 events=0x21
2026-10-03 00:59:38.848 [EVENT] sock=2500 hEvent=00000980 events=0x0
2026-10-03 00:59:38.848 [EVENT] sock=2500 hEvent=00000980 events=0x21
2026-10-03 00:59:38.849 [EVENT] sock=2500 hEvent=00000980 events=0x0
2026-10-03 00:59:38.849 [EVENT] sock=2500 hEvent=00000980 events=0x21
2026-10-03 00:59:38.849 [EVENT] sock=2500 hEvent=00000980 events=0x0
2026-10-03 00:59:38.849 [EVENT] sock=2500 hEvent=00000980 events=0x21
2026-10-03 00:59:38.849 [EVENT] sock=2500 hEvent=00000980 events=0x0
2026-10-03 00:59:38.849 [EVENT] sock=2500 hEvent=00000980 events=0x21
2026-10-03 00:59:38.849 [EVENT] sock=2500 hEvent=00000980 events=0x0
2026-10-03 00:59:38.850 [EVENT] sock=2500 hEvent=00000980 events=0x21
2026-10-03 00:59:38.850 [EVENT] sock=2500 hEvent=00000980 events=0x0
2026-10-03 00:59:38.850 [EVENT] sock=2500 hEvent=00000980 events=0x21
2026-10-03 00:59:38.850 [EVENT] sock=2500 hEvent=00000980 events=0x0
2026-10-03 00:59:38.850 [EVENT] sock=2500 hEvent=00000980 events=0x21
2026-10-03 00:59:38.850 [EVENT] sock=2500 hEvent=00000980 events=0x0
2026-10-03 00:59:38.850 [EVENT] sock=2500 hEvent=00000980 events=0x21
2026-10-03 00:59:38.850 [EVENT] sock=2500 hEvent=00000980 events=0x0
2026-10-03 00:59:38.850 [EVENT] sock=2500 hEvent=00000980 events=0x21
2026-10-03 00:59:38.850 [EVENT] sock=2500 hEvent=00000980 events=0x0
2026-10-03 00:59:38.850 [EVENT] sock=2500 hEvent=00000980 events=0x21
2026-10-03 00:59:38.850 [EVENT] sock=2500 hEvent=00000980 events=0x0
2026-10-03 00:59:38.850 [EVENT] sock=2500 hEvent=00000980 events=0x21
2026-10-03 00:59:38.850 [EVENT] sock=2500 hEvent=00000980 events=0x0
2026-10-03 00:59:38.850 [EVENT] sock=2500 hEvent=00000980 events=0x21
2026-10-03 00:59:38.851 [EVENT] sock=2500 hEvent=00000980 events=0x0
2026-10-03 00:59:38.851 [EVENT] sock=2500 hEvent=00000980 events=0x21
2026-10-03 00:59:38.851 [EVENT] sock=2500 hEvent=00000980 events=0x0
2026-10-03 00:59:38.851 [EVENT] sock=2500 hEvent=00000980 events=0x21
2026-10-03 00:59:38.851 [EVENT] sock=2500 hEvent=00000980 events=0x0
2026-10-03 00:59:38.851 [EVENT] sock=2500 hEvent=00000980 events=0x21
2026-10-03 00:59:38.851 [EVENT] sock=2500 hEvent=00000980 events=0x0
2026-10-03 00:59:38.851 [EVENT] sock=2500 hEvent=00000980 events=0x21
2026-10-03 00:59:38.851 [EVENT] sock=2500 hEvent=00000980 events=0x0
2026-10-03 00:59:38.851 [EVENT] sock=2500 hEvent=00000980 events=0x21
2026-10-03 00:59:38.851 [EVENT] sock=2500 hEvent=00000980 events=0x0
2026-10-03 00:59:38.851 [EVENT] sock=2500 hEvent=00000980 events=0x21
2026-10-03 00:59:38.852 [EVENT] sock=2500 hEvent=00000980 events=0x0
2026-10-03 00:59:38.852 [EVENT] sock=2500 hEvent=00000980 events=0x21
2026-10-03 00:59:38.852 [EVENT] sock=2500 hEvent=00000980 events=0x0
2026-10-03 00:59:38.852 [EVENT] sock=2500 hEvent=00000980 events=0x21
2026-10-03 00:59:38.852 [EVENT] sock=2500 hEvent=00000980 events=0x0
2026-10-03 00:59:38.852 [EVENT] sock=2500 hEvent=00000980 events=0x21
2026-10-03 00:59:38.852 [EVENT] sock=2500 hEvent=00000980 events=0x0
2026-10-03 00:59:38.852 [EVENT] sock=2500 hEvent=00000980 events=0x21
2026-10-03 00:59:38.852 [EVENT] sock=2500 hEvent=00000980 events=0x0
2026-10-03 00:59:38.852 [EVENT] sock=2500 hEvent=00000980 events=0x21
2026-10-03 00:59:38.852 [EVENT] sock=2500 hEvent=00000980 events=0x0
2026-10-03 00:59:38.852 [EVENT] sock=2500 hEvent=00000980 events=0x21
2026-10-03 00:59:38.852 [EVENT] sock=2500 hEvent=00000980 events=0x0
2026-10-03 00:59:38.852 [EVENT] sock=2500 hEvent=00000980 events=0x21
2026-10-03 00:59:38.852 [EVENT] sock=2500 hEvent=00000980 events=0x0
2026-10-03 00:59:38.853 [EVENT] sock=2500 hEvent=00000980 events=0x21
2026-10-03 00:59:38.853 [EVENT] sock=2500 hEvent=00000980 events=0x0
2026-10-03 00:59:38.853 [EVENT] sock=2500 hEvent=00000980 events=0x21
2026-10-03 00:59:38.853 [EVENT] sock=2500 hEvent=00000980 events=0x0
2026-10-03 00:59:38.853 [EVENT] sock=2500 hEvent=00000980 events=0x21
2026-10-03 00:59:38.853 [EVENT] sock=2500 hEvent=00000980 events=0x0
2026-10-03 00:59:38.853 [EVENT] sock=2500 hEvent=00000980 events=0x21
2026-10-03 00:59:38.853 [EVENT] sock=2500 hEvent=00000980 events=0x0
2026-10-03 00:59:38.853 [EVENT] sock=2500 hEvent=00000980 events=0x21
2026-10-03 00:59:38.853 [EVENT] sock=2500 hEvent=00000980 events=0x0
2026-10-03 00:59:38.853 [EVENT] sock=2500 hEvent=00000980 events=0x21
2026-10-03 00:59:38.853 [EVENT] sock=2500 hEvent=00000980 events=0x0
2026-10-03 00:59:38.853 [EVENT] sock=2500 hEvent=00000980 events=0x21
2026-10-03 00:59:38.853 [EVENT] sock=2500 hEvent=00000980 events=0x0
2026-10-03 00:59:38.853 [EVENT] sock=2500 hEvent=00000980 events=0x21
2026-10-03 00:59:38.854 [EVENT] sock=2500 hEvent=00000980 events=0x0
2026-10-03 00:59:38.854 [EVENT] sock=2500 hEvent=00000980 events=0x21
2026-10-03 00:59:38.854 [EVENT] sock=2500 hEvent=00000980 events=0x0
2026-10-03 00:59:38.854 [EVENT] sock=2500 hEvent=00000980 events=0x21
2026-10-03 00:59:38.854 [EVENT] sock=2500 hEvent=00000980 events=0x0
2026-10-03 00:59:38.854 [EVENT] sock=2500 hEvent=00000980 events=0x21
2026-10-03 00:59:38.854 [EVENT] sock=2500 hEvent=00000980 events=0x0
2026-10-03 00:59:38.854 [EVENT] sock=2500 hEvent=00000980 events=0x21
2026-10-03 00:59:38.854 [EVENT] sock=2500 hEvent=00000980 events=0x0
2026-10-03 00:59:38.854 [EVENT] sock=2500 hEvent=00000980 events=0x21
2026-10-03 00:59:38.854 [EVENT] sock=2500 hEvent=00000980 events=0x0
2026-10-03 00:59:38.854 [EVENT] sock=2500 hEvent=00000980 events=0x21
2026-10-03 00:59:38.854 [EVENT] sock=2500 hEvent=00000980 events=0x0
2026-10-03 00:59:38.855 [EVENT] sock=2500 hEvent=00000980 events=0x21
2026-10-03 00:59:38.855 [EVENT] sock=2500 hEvent=00000980 events=0x0
2026-10-03 00:59:38.855 [EVENT] sock=2500 hEvent=00000980 events=0x21
2026-10-03 00:59:38.855 [EVENT] sock=2500 hEvent=00000980 events=0x0
2026-10-03 00:59:38.855 [EVENT] sock=2500 hEvent=00000980 events=0x21
2026-10-03 00:59:38.855 [EVENT] sock=2500 hEvent=00000980 events=0x0
2026-10-03 00:59:38.855 [EVENT] sock=2500 hEvent=00000980 events=0x21
2026-10-03 00:59:38.855 [EVENT] sock=2500 hEvent=00000980 events=0x0
2026-10-03 00:59:38.855 [EVENT] sock=2500 hEvent=00000980 events=0x21
2026-10-03 00:59:38.855 [EVENT] sock=2500 hEvent=00000980 events=0x0
2026-10-03 00:59:38.855 [EVENT] sock=2500 hEvent=00000980 events=0x21
2026-10-03 00:59:38.855 [EVENT] sock=2500 hEvent=00000980 events=0x0
2026-10-03 00:59:38.855 [EVENT] sock=2500 hEvent=00000980 events=0x21
2026-10-03 00:59:38.855 [EVENT] sock=2500 hEvent=00000980 events=0x0
2026-10-03 00:59:38.855 [EVENT] sock=2500 hEvent=00000980 events=0x21
2026-10-03 00:59:38.856 [EVENT] sock=2500 hEvent=00000980 events=0x0
2026-10-03 00:59:38.856 [EVENT] sock=2500 hEvent=00000980 events=0x21
2026-10-03 00:59:38.856 [EVENT] sock=2500 hEvent=00000980 events=0x0
2026-10-03 00:59:38.856 [EVENT] sock=2500 hEvent=00000980 events=0x21
2026-10-03 00:59:38.856 [EVENT] sock=2500 hEvent=00000980 events=0x0
2026-10-03 00:59:38.856 [EVENT] sock=2500 hEvent=00000980 events=0x21
2026-10-03 00:59:38.856 [EVENT] sock=2500 hEvent=00000980 events=0x0
2026-10-03 00:59:38.856 [EVENT] sock=2500 hEvent=00000980 events=0x21
2026-10-03 00:59:38.856 [EVENT] sock=2500 hEvent=00000980 events=0x0
2026-10-03 00:59:38.856 [EVENT] sock=2500 hEvent=00000980 events=0x21
2026-10-03 00:59:38.856 [EVENT] sock=2500 hEvent=00000980 events=0x0
2026-10-03 00:59:38.856 [EVENT] sock=2500 hEvent=00000980 events=0x21
2026-10-03 00:59:38.856 [EVENT] sock=2500 hEvent=00000980 events=0x0
2026-10-03 00:59:38.856 [EVENT] sock=2500 hEvent=00000980 events=0x21
2026-10-03 00:59:38.856 [EVENT] sock=2500 hEvent=00000980 events=0x0
2026-10-03 00:59:38.857 [EVENT] sock=2500 hEvent=00000980 events=0x21
2026-10-03 00:59:38.857 [EVENT] sock=2500 hEvent=00000980 events=0x0
2026-10-03 00:59:38.857 [EVENT] sock=2500 hEvent=00000980 events=0x21
2026-10-03 00:59:38.857 [EVENT] sock=2500 hEvent=00000980 events=0x0
2026-10-03 00:59:38.857 [EVENT] sock=2500 hEvent=00000980 events=0x21
2026-10-03 00:59:38.857 [EVENT] sock=2500 hEvent=00000980 events=0x0
2026-10-03 00:59:38.857 [EVENT] sock=2500 hEvent=00000980 events=0x21
2026-10-03 00:59:38.857 [EVENT] sock=2500 hEvent=00000980 events=0x0
2026-10-03 00:59:38.857 [EVENT] sock=2500 hEvent=00000980 events=0x21
2026-10-03 00:59:38.857 [EVENT] sock=2500 hEvent=00000980 events=0x0
2026-10-03 00:59:38.857 [EVENT] sock=2500 hEvent=00000980 events=0x21
2026-10-03 00:59:38.857 [EVENT] sock=2500 hEvent=00000980 events=0x0
2026-10-03 00:59:38.857 [EVENT] sock=2500 hEvent=00000980 events=0x21
2026-10-03 00:59:38.975 [OP] 4025 inv=FFF4 len=11 #2 c4f84d12aae02651ece2c4
2026-10-03 00:59:39.073 [OP] 4025 inv=FFF4 len=11 #3 e8f84d12aae02651ece2c4
2026-10-03 00:59:39.074 [OP] 4025 inv=FFF4 len=11 #4 22f84d12aae02651ece2c4
2026-10-03 00:59:39.074 [OP] 4025 inv=FFF4 len=11 #5 f4f84d12aae02651ece2c4
2026-10-03 00:59:44.888 [EVENT] sock=2500 hEvent=00000980 events=0x0
2026-10-03 00:59:44.888 [EVENT] sock=2500 hEvent=00000980 events=0x21
2026-10-03 00:59:55.631 [EVENT] sock=2500 hEvent=00000980 events=0x0
2026-10-03 00:59:55.631 [EVENT] sock=2500 hEvent=00000980 events=0x21
2026-10-03 01:00:03.606 [EVENT] sock=2768 hEvent=00000CC4 events=0x0
2026-10-03 01:00:03.606 [EVENT] sock=2768 hEvent=00000CC4 events=0x21
2026-10-03 01:00:05.681 [EVENT] sock=2500 hEvent=00000980 events=0x0
2026-10-03 01:00:05.681 [EVENT] sock=2500 hEvent=00000980 events=0x21
2026-10-03 01:00:15.758 [EVENT] sock=2500 hEvent=00000980 events=0x0
2026-10-03 01:00:15.758 [EVENT] sock=2500 hEvent=00000980 events=0x21
2026-10-03 01:00:25.893 [EVENT] sock=2500 hEvent=00000980 events=0x0
2026-10-03 01:00:25.894 [EVENT] sock=2500 hEvent=00000980 events=0x21
2026-10-03 01:00:33.607 [EVENT] sock=2768 hEvent=00000CC4 events=0x0
2026-10-03 01:00:33.607 [EVENT] sock=2768 hEvent=00000CC4 events=0x21
2026-10-03 01:00:36.550 [EVENT] sock=2500 hEvent=00000980 events=0x0
2026-10-03 01:00:36.550 [EVENT] sock=2500 hEvent=00000980 events=0x21
2026-10-03 01:00:46.617 [EVENT] sock=2500 hEvent=00000980 events=0x0
2026-10-03 01:00:46.618 [EVENT] sock=2500 hEvent=00000980 events=0x21
2026-10-03 01:00:56.672 [EVENT] sock=2500 hEvent=00000980 events=0x0
2026-10-03 01:00:56.673 [EVENT] sock=2500 hEvent=00000980 events=0x21
2026-10-03 01:01:03.608 [EVENT] sock=2768 hEvent=00000CC4 events=0x0
2026-10-03 01:01:03.608 [EVENT] sock=2768 hEvent=00000CC4 events=0x21
2026-10-03 01:01:06.729 [EVENT] sock=2500 hEvent=00000980 events=0x0
2026-10-03 01:01:06.729 [EVENT] sock=2500 hEvent=00000980 events=0x21
2026-10-03 01:01:16.777 [EVENT] sock=2500 hEvent=00000980 events=0x0
2026-10-03 01:01:16.778 [EVENT] sock=2500 hEvent=00000980 events=0x21
2026-10-03 01:01:26.845 [EVENT] sock=2500 hEvent=00000980 events=0x0
2026-10-03 01:01:26.845 [EVENT] sock=2500 hEvent=00000980 events=0x21
2026-10-03 01:01:33.608 [EVENT] sock=2768 hEvent=00000CC4 events=0x0
2026-10-03 01:01:33.608 [EVENT] sock=2768 hEvent=00000CC4 events=0x21
2026-10-03 01:01:36.910 [EVENT] sock=2500 hEvent=00000980 events=0x0
2026-10-03 01:01:36.910 [EVENT] sock=2500 hEvent=00000980 events=0x21
2026-10-03 01:01:46.958 [EVENT] sock=2500 hEvent=00000980 events=0x0
2026-10-03 01:01:46.958 [EVENT] sock=2500 hEvent=00000980 events=0x21
2026-10-03 01:01:57.004 [EVENT] sock=2500 hEvent=00000980 events=0x0
2026-10-03 01:01:57.004 [EVENT] sock=2500 hEvent=00000980 events=0x21
2026-10-03 01:02:03.609 [EVENT] sock=2768 hEvent=00000CC4 events=0x0
2026-10-03 01:02:03.609 [EVENT] sock=2768 hEvent=00000CC4 events=0x21
2026-10-03 01:02:07.058 [EVENT] sock=2500 hEvent=00000980 events=0x0
2026-10-03 01:02:07.059 [EVENT] sock=2500 hEvent=00000980 events=0x21
2026-10-03 01:02:17.106 [EVENT] sock=2500 hEvent=00000980 events=0x0
2026-10-03 01:02:17.107 [EVENT] sock=2500 hEvent=00000980 events=0x21
2026-10-03 01:02:27.172 [EVENT] sock=2500 hEvent=00000980 events=0x0
2026-10-03 01:02:27.172 [EVENT] sock=2500 hEvent=00000980 events=0x21
2026-10-03 01:02:28.371 [EVENT] sock=2500 hEvent=00000980 events=0x0
2026-10-03 01:02:28.371 [EVENT] sock=2500 hEvent=00000980 events=0x21
2026-10-03 01:02:28.402 [EVENT] sock=2768 hEvent=00000CC4 events=0x0
2026-10-03 01:02:28.402 [EVENT] sock=2768 hEvent=00000CC4 events=0x21
2026-10-03 01:02:28.452 [NET-E] sock=2768 bypass r=-1 err=10058
2026-10-03 01:02:28.501 [NET-E] sock=2500 bypass r=-1 err=10058
2026-10-03 01:02:29.722 [CLOSE] main sock 4294967295 closed
2026-10-03 01:02:29.856 [CLOSE] main sock 4294967295 closed
2026-10-03 01:02:30.266 [CLOSE] main sock 4294967295 closed
2026-10-03 01:02:30.266 [CLOSE] main sock 4294967295 closed
2026-10-03 01:02:30.324 [INIT] dll unloaded
