2026-10-02 08:17:00.700 [INIT] dll loaded, pid=27488
2026-10-02 08:17:00.700 [INIT] codec loaded OK
2026-10-02 08:17:00.700 [INIT] iat hooks: recv=1 send=1 WSASend=1 connect=1 closesocket=1
2026-10-02 08:17:00.700 [OV] overlay window ready
2026-10-02 08:17:12.500 [PIPE] controller connected
2026-10-02 09:02:52.401 [CONNECT] main sock 2716 -> 8484
2026-10-02 09:02:52.454 [OUT] 0FFF inv=FBC6 len=260 #1 c6fbff0f61975ee409ed371f805b64510bdcfaa32ba5805b64fb0bdcfaa32b1f808505a0badcfaa32b1f805b64510bdcfa212b1f802264510bdcfaa32be2b8d36e510bdcfaa32b1f805b64510b5efaa32bd5805b64510bdcfa2a306ea3f779e3fcdcfaa32b1f805b64510bdcfaa32b1f805b64510bdcfaa32b1f805b64510bdcfaa32b1f805b04ab8a719397afb0285bdc580bdcfaa3bb1f805ba9510bdcf1492369a4a56779db7a98ed59d1d29564510bdceba7a184b69564510bdcfaa32b1f805bf7edd2a5ce080269b98740793042fded599290956a8222c653770f5abc1e65510bdcfaa32b1f805b640b0bdcfa5f2b1f805b64510ba27f05ff1f805b64510bdcfaa3
2026-10-02 09:02:52.729 [OP] 4002 inv=FF8B len=116 #1 9561265040de8d55e253f4e07f674193bf6cac53eca2c98a7628e6712e53f7e0d68a71de603bad80c464510bdcfaa32bd13b5b646244dcfa83931f80807a510b155a4e78c8d97b81510bdcfada2b1f809564510ba7faa32b98aa5b645894dcfadb02074c724ed463dcfaa32b1f805b64510bdcfa
2026-10-02 09:02:54.259 [OUT] 0004 inv=FDD2 len=260 #1 d2fd04000cdcfaa3355ad665c4400bdcfaa32b1f805b6451d5dcfaa3321f805b64510bdc6d1f1a01805b64510bdcfaa32b1f805bb0510bdc84a32b1f805b6451e39dfbd22b1f805b64510bdcfaa32b1f775b645182dcfaa32b1f805bde066073faa32b1f805b64510bdcfaa3671f805bb5510bdcfaa32b1f7dcdb5b29f1df7fd5151ed1c64510bdcfaa32b1f5bda4b94b9ac0bfbc58508f71b5763acb05b85a050fca6ab1bac93fb2ca018da64510bdcfaa32b1f805b64510bdcfaa32b1f805b64510bdcfaa32b1f805b64510bdcfaa32b1f805b64510bdcfaa32b1f805b64510bdcfaa32b1f805b64510bdcfaa32b1f805b64510bdcfaa32b1f805b64510bdcfaa32b1f
2026-10-02 09:02:54.321 [OP] 4014 inv=FFEA len=21 #1 0cca805bcd510bdc745d93f3805b6451a4ad06db2b
2026-10-02 09:02:54.370 [OP] 46F2 inv=E407 len=7160 #1 ff1106ab302fdce91f0ad8e5b4642e4e53e78b691fb86633330b611b8031868f5b9196134afa12fc89c8dbfd51e40cfc302be584f0555193d0b4ece86680e67076f97457a331c97c32675b0bcdfdb07a1e825b8deb693a66a62b0bc18b8ddd9bdc80d743825f7164b1beb6b7a377757ed3ef0d0b5a80a14b721a5b50332eeffab0a897324f5d51fb9223df2ba79abca006b5dc6d0bb30a712664d772ad9ba13c
2026-10-02 09:02:54.420 [OP] 46F2 inv=E409 len=7158 #2 be4325e90c43a33135c270e5ba0aa8fa4159123d85a151a4a4b7ad2bae2d54ff6568dcfc1d82ed1606e3060b0811f021279fbd69513223974466083a5bcef68374fc3f829a803e2033196060eae61fb552226b83daa5492bbf06dbe1b36aad04a3e950e96909d42e6efa6061c327bee6b45cdc2ba1b355d58a694a0bb605ad994bf5becc51de7c46a82bab8e1aa41d3cdc8d6a488637e064b349c938c2f40efb
2026-10-02 09:02:54.465 [OP] 46F2 inv=E40A len=7157 #3 fb1acfaed1339d6c802debb3f3dc4ed18b117c5401be0b6e68f0cf1f293350db0b0359650a1f7a6d09c00bd80733b31fd509e1e40b53d72b8b1f8f06ff8232c9fab012ff112eda51e979f1d32bc299d7aa517d2633862bfaf2ee64b1f20feba3953105e5644cbc7ddb809a121d5b09be0aa8fc3f4d7680fffa7301a129639d1f4cf069f70bf09b50651f5f32fdbe608afa6079279fe96876d2dcd1f0b395d36d
2026-10-02 09:02:54.465 [OP] 46F2 inv=E40A len=7157 #4 5003ae65245c23543cc2c8b1deb146042b0ba6af2db3abf0fc80a1ff2e716725a2dcd129c2080c32e1256c2b971d2b2a4ae9c34d196201f9861f8f2bd89c3ca446b0b3bb3c836435e86977b04bb5e5d7e31246dc3b5e6138867122356cad97e32b42b2b2ed33e36eef019b1f23262d5c28f857a3a1505ee45003119cfa3394d00b8bed3596dc12168616bc5bc9bc186201d4fc1f0696b7ea97513816b999e909
2026-10-02 09:02:54.465 [OP] 46F2 inv=E403 len=7164 #5 c9bb65d6d07bb29b5185ca4e499e7096b264068fc9ef6c457c9926132e2e943243bce4bb5b017a5c7703ff6e3980cb1b0c4a77ef128b1fb12c6d81343938162bc334836bb464743863c90e345b5003ae655e6fddffb863d8931b764eb0190e80db8c13182359dc9ee41a9fa6135a7438a349bde909e37aca14d958434380db8c1318dac8c2337cb0413f51a2b0ac1d319a7e89ff01e98ab47523d280e9c34d19
2026-10-02 09:02:54.525 [OP] E001 inv=FFAF len=80 #1 580be8a3a32b1f80b77cb9b3ebffc88a0c5c5a4da476a3a1c95ee6c51d4d2439242070384597fb57d5b3bf5f24463e3bd83dbc595ab12b21ac6016897110e95497cdc6215b64d6666ffaa32b1f805b64
2026-10-02 09:02:54.549 [OP] 4011 inv=FC8D len=882 #1 603bad800e64510b6c2e0c5c6465ec21c7120e2eba381f800ddf850bd3fa202b1f805b64510be2faa32b1f805b640ac32414fabea05396c1e7e13ca1c95ee6805b64510bdcfaa32b1f484675fcd5dcfaa32b1f801dc1c703a3459d0beb24b180793aeeea13a94569b64d51e0dcfaa32b1f807a64510bdcfaa32b41d6814d0aa0012e9f2c1f8095640eec1ab6a32b1f805b64af0bdcfaf82cb2ce5b64510bdcfa
2026-10-02 09:02:54.549 [OP] 4015 inv=F963 len=1692 #1 5207c464fc0bdcfaa32b1f80d531510bb2dca32b83c75b648d9adcfa4e78c8d97b81a552e2b6a32b536d5b642fafdcfa4e78c8d97b81a552155a4e78c8d97b8142c4dcfa83531f807c64510b5afaa32becc75b646ad5dcfaa32b1f805b64510b155a4e7845ca5b64510bdcfa95931f805b64510bac9fa32b1f805b64dd0bdcfaa32b1f80f764510bf7e8eb4c1f805b6474bf83bca32b1f80a6f8510bdcfaa32b
2026-10-02 09:02:54.549 [OP] 4B45 inv=EE3A len=4549 #1 5ca722a30d34805b85c5cef3679f2a4588f22337b824a1ba2a696e5aa8dc03acb0e7dc9fc582783795f6d49185eb5382d294b94e26c6c3ebd69e52f18a7a7c5b2eb169212c376175b9514efef91e5bc995ac264254e2c5822fc795e4cbc3715a8bb1fe0cddf2ea70e40c53ec9402104e26c6c3ebd6a24dab5e4ba1c9d845a87dc44b167a76fa30d602378971c624a1ba25695dcc1937c6ce284f4efe8eb1190c
2026-10-02 09:02:54.594 [OP] 4055 inv=FFF7 len=8 #1 41cdfc0bdcfaa32b
2026-10-02 09:02:54.594 [OP] 4042 inv=FFF7 len=8 #1 74c2392b1f805b64
2026-10-02 09:02:54.594 [OP] 4056 inv=FFF7 len=8 #1 74c2392b1f805b64
2026-10-02 09:02:54.596 [OP] 4055 inv=FFF7 len=8 #2 41cdfc0bdcfaa32b
2026-10-02 09:02:54.598 [OP] 4045 inv=FF43 len=188 #1 603bad803164510bdcfaa32b62805b64b70bdcfa072b1f804464510bfdfaa32b85805b64590bdcfa842b1f808664510be3faa32bbf805b64190bdcfaf02b1f80af64510b7dfaa32bc3805b64dd0bdcfaff2b1f801364510bb0faa32ba2805b64eb0bdcfa25531f8031df510b87c4a32b6aaa5b64d07fdcfaf5de1f804526510bf0f4a32b89125b64e1b1dcfa2b4a1f801a26510b74f4a32bb9125b64a908dcfa
2026-10-02 09:02:54.600 [OP] 4041 inv=FFEA len=21 #1 19f3ce5bc651ec1524ff4386e941eb03697c80802b
2026-10-02 09:02:54.600 [OP] 017E inv=FFED len=18 #1 603bad8095df58ec6fc4f853caaa95df58ec
2026-10-02 09:02:54.600 [OP] 4B49 inv=FFF7 len=8 #1 5207c464510bdcfa
2026-10-02 09:02:54.600 [OP] 40FB inv=FFF9 len=6 #1 603bad805b64
2026-10-02 09:02:54.600 [OP] 4613 inv=FFC1 len=62 #1 ca29e5af58d5dc590193f6a3e9cd194f6fc4a6463041550758ec6fc4a32bcaaa956416b2d5220253ab809464510b8bfaf82b1f7926b35c3828d7fb2b1f80
2026-10-02 09:02:54.600 [OP] 40A0 inv=FF7F len=128 #1 41cdfc0b90c2392b16605b6439ecdcfadb4ac3548a70b10541bbea0232805b64510bdcfaa32b1f805b64510bdcfaa32b1f805b64510bdcfaa32b1f806408c4ecfbe048536e605b6439ecdcfadb4ac3548a70b10541bbea0232805b64510bdcfaa32b1f805b64510bdcfaa32b1f805b64510bdcfaa32b1f80ec6f5a0be2aed02b
2026-10-02 09:02:54.600 [OP] 4613 inv=FF82 len=125 #2 e8941c10aa4064291790104223f31c75df84cf6f32929f9e3fe1df58ec6ffaa353caaa5b763b3b5298f8541fc7d94d51b1dcc4a32b623cc83369938c0ba32b1f29e5af58d5dc590193f6a3e9cd194f6fc4a6463041550758ec6fc4a32bcaaa956416b2d5220253ab8094a2c50b8bfaf82b1f7926b35c3828d7fb2b1f80
2026-10-02 09:02:54.622 [OP] E062 inv=FFCD len=50 #1 9564510bbafa7f3b6c1d985c5579b6947349b2274cf9bc85b1032b25a8ed96784c181874c2d4d0f1d73f332b0b7873baa880
2026-10-02 09:02:54.622 [OP] E062 inv=FFDB len=36 #2 90faa32bee80eecd052a78b83467e8a4f369c5ce4dd0cb56fef33ab76de3b664c159bf80
2026-10-02 09:02:54.622 [OP] E062 inv=FFD6 len=41 #3 ce5b64516edcc0b44bd3a4302774b37803306ed87c542e911708d8c1c6127e0648f7caa14edf3c9780
2026-10-02 09:02:54.622 [OP] E062 inv=FFBD len=66 #4 8bfaa32b2180eecd052a78b83467e8a4f369c56648a6e72307f33ab76d5c192bceebd9b1e97b6f2e14b753eb4b4c723354115f2b04230737be87299ce0ac5c311c80
2026-10-02 09:02:54.622 [OP] E062 inv=FFD2 len=45 #5 aea32b1ffc5b3eaf205bb83467e8a43005939c08e9a1339602fe15472a7ccbe7c0c371aa87299ce0ccce36a780
2026-10-02 09:02:55.294 [OP] E014 inv=FF97 len=104 #1 088880344ba7f764510bdcfaa32b1f805b91ff0bc6faa32b38a0b9649e4e0dcae82b1f805b64510bdcfaa32b1f805b64510bdcfaa32b1f805b64510bdcfaa32b1f805b64510bdcfaa32b1f805b64510bdcfaa32b1f805b64510bdcfaa32b1f805b640eb27801d5bb
2026-10-02 09:02:55.340 [OP] E004 inv=FDCD len=562 #1 610ba1914133409e335513f2dcfaa32b1f805b7ffd0be6faa32b1f805b64580bdcfaa32b1f805b64510b696479020e0f840a2913dcfaa32b1f805b26fdecc4faa32b1f805b64580bdcfaa32b1f805b64510be4ea9330b118f464510bdcfaa32b1f805b6451ec3bfaa32b1f805b647ffd52faa32b1f805b64510b62e250491f805b64510bdcfaa32b1f805b6451ecdcfaa32b1f805b64415f52faa32b1f805b64
2026-10-02 09:02:56.541 [OUT] 1F02 inv=FFFB len=8 #1 fbff021fdcfaa32b
2026-10-02 09:02:56.546 [OUT] 0040 inv=FFFA len=9 #1 faff4000faa32b1f80
2026-10-02 09:02:56.546 [OUT] 0041 inv=FFFA len=9 #1 faff4100805b64510b
2026-10-02 09:02:56.546 [OUT] 0185 inv=FFF7 len=12 #1 f7ff8501dcfaa32bc8d97b81
2026-10-02 09:02:56.546 [OUT] 003D inv=FFFB len=8 #1 fbff3d00dcfaa32b
2026-10-02 09:02:56.546 [OUT] 003C inv=FFFB len=8 #1 fbff3c005b64510b
2026-10-02 09:02:56.546 [OUT] 003E inv=FFFB len=8 #1 fbff3e001f805b64
2026-10-02 09:02:56.548 [OUT] 003F inv=FFFB len=8 #1 fbff3f00510bdcfa
2026-10-02 09:02:56.550 [OUT] 0053 inv=FFFB len=8 #1 fbff5300510bdcfa
2026-10-02 09:02:56.552 [OUT] 1F00 inv=FFFB len=8 #1 fbff001fa32b1f80
2026-10-02 09:02:56.552 [OUT] 1F06 inv=FFFB len=8 #1 fbff061f5b64510b
2026-10-02 09:02:56.554 [OUT] 0230 inv=FFFB len=8 #1 fbff3002dcfaa32b
2026-10-02 09:02:56.554 [OUT] 0231 inv=FFFB len=8 #1 fbff31021f805b64
2026-10-02 09:02:56.554 [OUT] 0232 inv=FFFB len=8 #1 fbff3202510bdcfa
2026-10-02 09:02:56.554 [OUT] 0054 inv=FFFB len=8 #1 fbff5400a32b1f80
2026-10-02 09:02:56.573 [OUT] 01E4 inv=FFFB len=8 #1 fbffe4015207c464
2026-10-02 09:02:56.586 [OP] 4601 inv=FFF7 len=8 #1 7b81a552155a232b
2026-10-02 09:02:56.659 [OP] 4020 inv=FC63 len=924 #1 12b252facd2b058095cdfc0baab8a32bca809564510b48fadc671f809564580b6ffa132ba7a45b64580b6ffadb2ba0803327510b6ffaf82bad80686496b3dcfaf82bca801c64ab0baab8a32bca809564fd0bfefadc671f809564580be6fa132ba7a45b64580b6ffa232ba0803327510b6ffaf82bec80686496b3dcfaf82bca80dc64ab0baab8a32bca809564af0bfefadc671f809564580b66fa132ba7a45b64
2026-10-02 09:02:56.663 [OP] 40E3 inv=FFD3 len=44 #1 12b252fa312b1f80b164610b33fabc2be080956445ec6ffabf5384809fdf0b0b0022202b01cec464edd090fa
2026-10-02 09:02:56.663 [OP] 40E2 inv=FFF3 len=12 #1 41cdfc0b6ffaa32b45809564
2026-10-02 09:02:56.663 [OP] 40E4 inv=F9DF len=1568 #1 41cdfc0b3efaf82b33805b64510bdcfaa32b1f806e64510bdcfaa32b1f805b6458ecdcc4f82c1f808653510bdcfaa32b1f805b64510bdcfaa32b1f805b64510bdcfaa32b1f805b64510bdcfaa32b1f805b64510bdcfacc531f805b64510bdcfaa32b87805b64510bdcfaa32b1f8095df51ecdcfaa32b1f805b64510bdcfaa32b1f805b64510bdcfaa32b1f805b64510bdcfaa32b1f805b64510bdcfaa32b1f80
2026-10-02 09:02:56.676 [OUT] 0045 inv=FFF7 len=12 #1 f7ff4500510bdcfaa32b1f80
2026-10-02 09:02:56.676 [OUT] 0045 inv=FFF7 len=12 #2 f7ff4500510bdcfaf82b1f80
2026-10-02 09:02:56.676 [OUT] 0045 inv=FFF7 len=12 #3 f7ff4500510bdcfadb2b1f80
2026-10-02 09:02:56.676 [OUT] 0045 inv=FFF7 len=12 #4 f7ff4500510bdcfa392b1f80
2026-10-02 09:02:56.676 [OUT] 0045 inv=FFF7 len=12 #5 f7ff4500510bdcfafd2b1f80
2026-10-02 09:02:56.707 [OP] 4244 inv=FFF7 len=8 #1 74c2392b1f809564
2026-10-02 09:02:56.707 [OP] 4050 inv=FFF7 len=8 #1 41cdfc0bdcfaa32b
2026-10-02 09:02:56.707 [OP] 4600 inv=FF87 len=120 #1 e85f4fafc4646fe0a7ce2dc52862e2f21d2f5794f2a24f6c3e6a6fe94bb92da2fc6ce26ae1e957b9f2a24f6c3e6a6fe94bb92da2fc6ce26ae1e957b9f2a24f6c3e6a6fe94bb92da2fc6ce26ae1e957b9f2a24f6c3e6a6fe94bb92da2fc6ce26ae1e957b9f2a24f6c3e6a6fe94bb92da2fc6ce26ae1e957b9
2026-10-02 09:02:56.709 [OP] 4503 inv=FFF3 len=12 #1 5207c464510bdcfaa32bfd80
2026-10-02 09:02:56.750 [OP] 4021 inv=FFA3 len=92 #1 5207c464830bdcfaf7f51f80fc7f6bd0dcfaf82bf6455b64a7d0bd22f82bca8056f8510b3ec48053598095648d9adcfa72dee8cec464580be2b6a32b7980d9df0b0b6ffa1a0c1f80ac643eec6afaf82b78e75b64800b2fc4572bca80
2026-10-02 09:02:56.752 [OP] 40FA inv=FE62 len=413 #1 d9b4de1f805b29510bdcfaa32b1f805bdf830bdcfaa32b1f80959f510bdcfaa32b1faade64510bdcfaa32bca615b64510bdcfaa35306805b64510bdcfaf8e41f805b64510bdcc4f72b1f805b64510b6f68a32b1f805b6451ecb2faa32b1f805b6458cfdcfaa32b1f805bdf5b0bdcfaa32b1f80959b510bdcfaa32b1faabe64510bdcfaa32bcae95b64510bdcfaa35395805b64510bdcfaf8821f805b64510bdc
2026-10-02 09:02:56.752 [OP] 4B30 inv=FFF7 len=8 #1 5207c464510bdcfa
2026-10-02 09:02:56.752 [OP] 4B31 inv=FFF7 len=8 #1 12b252faa32b1f80
2026-10-02 09:02:56.752 [OP] 4B21 inv=FFE1 len=30 #1 603bad805b81a55215c2a32b1f805b64510bdcfaa32b1f805b64510bdcfa
2026-10-02 09:02:56.841 [OP] 4410 inv=FFF9 len=6 #1 41cdfc0bdcfa
2026-10-02 09:02:56.841 [OP] 4025 inv=FFF4 len=11 #1 faf84d12aae02651ece2c4
2026-10-02 09:02:56.841 [OP] 4025 inv=FFF4 len=11 #2 c4f84d12aae02651ece2c4
2026-10-02 09:02:56.841 [OP] 4025 inv=FFF4 len=11 #3 e8f84d12aae02651ece2c4
2026-10-02 09:02:56.841 [OP] 4025 inv=FFF4 len=11 #4 22f84d12aae02651ece2c4
2026-10-02 09:02:56.841 [OP] 4025 inv=FFF4 len=11 #5 f4f84d12aae02651ece2c4
2026-10-02 09:02:56.854 [OUT] 004E inv=FFFA len=9 #1 faff4e00e9580bdc22
2026-10-02 09:02:56.919 [OP] 4029 inv=FFDF len=32 #1 41cdfc0bb653a32b1f805b6459d5dcfaa32b1f80b87f510b52c4a32bce809464
2026-10-02 09:02:58.487 [OUT] 0048 inv=FFF7 len=12 #1 f7ff4800dcfaa32b1fb79564
2026-10-02 09:02:58.618 [OP] 4721 inv=FFF7 len=8 #1 74c2392b1fb79564
2026-10-02 09:03:05.246 [OUT] 1F51 inv=FFFF len=4 #1 ffff511f
2026-10-02 09:03:05.292 [OP] 4F52 inv=FFFF len=0 #1 
2026-10-02 09:03:05.691 [OP] EFFE inv=FFFE len=1 #1 0b
2026-10-02 09:03:06.559 [OP] F005 inv=FFE7 len=24 #1 c2cc763c71faa32b1f805b64510bdcfaa3de1f8006303d0c
2026-10-02 09:03:06.648 [OP] F005 inv=FFE7 len=24 #2 c2cc763c71faa32b1f805b64510bdcfaa3de1f8006303d0c
2026-10-02 09:03:11.769 [OP] 4613 inv=FFBB len=68 #3 58040370f8d91f990f5319be908cd124e1a6c30df67f6fe22924ca9be7df58ec6ffaa353caaa5ba3e6de5298f8541f80f76451b1dcc4a32beceb066d0d19f8bbea2b1f80
2026-10-02 09:03:15.298 [OUT] 1F51 inv=FFFF len=4 #2 ffff511f
2026-10-02 09:03:15.344 [OP] 4F52 inv=FFFF len=0 #2 
2026-10-02 09:03:16.702 [OP] EFFE inv=FFFE len=1 #2 0b
2026-10-02 09:03:17.782 [OP] 4613 inv=FFBA len=69 #4 df4383e7c420d9392cc39b917fa27523e6bd79915c0eec6f662924702694df58ec6ffaa353caaa5b4549145298f8c41f805bf051b1dcc4a32beceb066d0d9c27bbea2b1f80
2026-10-02 09:03:17.859 [OP] F005 inv=FFE7 len=24 #3 ed3572a4e10f854d1f805b64510bdcfaa3ce7d805b64510b
2026-10-02 09:03:19.915 [OP] F005 inv=FFE7 len=24 #4 ed3572a4e10f854d1f805b64510bdcfaa3de6710b430a80c
2026-10-02 09:03:24.400 [OP] 4613 inv=FFB8 len=71 #5 aaf8fdfeece6253dbc62344cf8eb246a57ff93182c94df43a66ab45c93892cc3df58ec6ffaa353caaa5b0faf495298f8c71f805b6451b1dcc4a32beceb066d0de38abbea2b1f80
2026-10-02 09:03:25.046 [OP] F005 inv=FFE7 len=24 #5 ed3572a4e10f854d1f805b64510bdcfaa3ce1f80b430a80c
2026-10-02 09:03:25.406 [OUT] 1F51 inv=FFFF len=4 #3 ffff511f
2026-10-02 09:03:25.453 [OP] 4F52 inv=FFFF len=0 #3 
2026-10-02 09:03:27.301 [OP] 46FE inv=FFFF len=0 #1 
2026-10-02 09:03:35.476 [OUT] 1F51 inv=FFFF len=4 #4 ffff511f
2026-10-02 09:03:35.521 [OP] 4F52 inv=FFFF len=0 #4 
2026-10-02 09:03:35.730 [OP] EFFE inv=FFFE len=1 #3 0b
2026-10-02 09:03:45.540 [OUT] 1F51 inv=FFFF len=4 #5 ffff511f
2026-10-02 09:03:45.572 [OP] 4704 inv=FFDE len=33 #1 5ca722a39ef3ce5b64510bdcfaa32b1f3cc83369938c93a32b1f805b64510bdcfa
2026-10-02 09:03:45.610 [OUT] 0031 inv=FFCE len=53 #1 ceff31008a4ec66f33b4de1fc84dec58ef51a7fd6dc7fc95d976806fc6f9182cab92e7b2d286033d6643505b64510bdcfaa32b1f80
2026-10-02 09:03:45.663 [OP] 4F52 inv=FFFF len=0 #5 
2026-10-02 09:03:45.708 [OP] 43F1 inv=FFFA len=5 #1 33b4de1faa
2026-10-02 09:03:45.795 [OP] 401B inv=FF73 len=140 #1 603bad809464510b17faa32b7207c464530bdcfa972b1f80afc6510bdcfaa32be4c65b64510bdcfae9931f805b64510bffe8a32b1f805b64bc595ab12b219f805b64510bdcfaa32b1f805b6412b252fada2b1f802964510bac9fa32b1f805b6437fddcfaa32b1f80e664510bdcfaa32be0c75b64510bdcfa16876c842d437f0bdcfaa32b1f805b64510bdcfa
2026-10-02 09:03:50.752 [OP] EFFE inv=FFFE len=1 #4 0b
2026-10-02 09:03:51.215 [OP] 4705 inv=FFB8 len=71 #1 966b7f5134a722a3cb67ce5b1db20bdcfaa32b1f941c64510bdcfaa35aad805b64510bdc20392b1f805b645131dcfaa3d01f805bac51a2da2bf0b3bb341a64510bdcfaa32b1f80
2026-10-02 09:03:51.585 [OP] 47C0 inv=FFEA len=21 #1 51cac7632831ec8b57ab8ba5967fd958b1dbb6b9d9
2026-10-02 09:03:51.585 [OP] 47C0 inv=FFF3 len=12 #2 0253ca967fd958b1dbb6b9d9
2026-10-02 09:03:51.585 [OP] 47C0 inv=FFF3 len=12 #3 0253ca98add958b16e0ea6d9
2026-10-02 09:03:52.586 [OP] 47C0 inv=FFEA len=21 #4 51cac7632831ec8b57ab8ba5967fd958b1dbb6b9d9
2026-10-02 09:03:52.586 [OP] 47C0 inv=FFF3 len=12 #5 0253ca967fd958b1dbb6b9d9
2026-10-02 09:03:57.562 [OP] 46FE inv=FFFF len=0 #2 
2026-10-02 09:04:02.944 [OP] 4705 inv=FFB8 len=71 #2 966b7f5134a722a3ed67ce5b7f830bdcfaa32b1fcec364510bdcfaa3731f805b64510bdcb5a32b1f805b645131dcfaa3d01f805b6151a2da2bf00ad2341a64510bdcfaa32b1f80
2026-10-02 09:04:04.768 [OP] EFFE inv=FFFE len=1 #5 0b
2026-10-02 09:04:05.227 [OP] 40A0 inv=FF7F len=128 #2 41cdfc0b90faf82b81605b6439ecdcfadb4ac3548a70b105d3bbea0232805b64510bdcfaa32b1f805b64510bdcfaa32b1f805b64510bdcfaa32b1f80b3f875ecc2e88e538e125b64637fdcfadb4a329abdea13f2dcfaa32b1f805b64510bdcfaa32b1f805b64510bdcfaa32b1f805b64510bdcfaa32b1f8039f80dd0d9e8f0de
2026-10-02 09:04:23.011 [OP] 4100 inv=FFF9 len=6 #1 98aa0bf8e37f
2026-10-02 09:04:23.105 [OP] 4101 inv=FC58 len=935 #1 d9b4de1fc75b64510bdcfaa378c8d97b64510bdcfaa32b1f805b64510bdcfaa32b1f805b64510bdcc661de8a805b7f830bdcfaa32b1fcec364510bdcfaa32b1f805b64510bdcc6d8de1fce5b6451d0dcfaa31afc805b42ad0bdcfe9e2b1f481d645152155a4e78c8d97b81a552151aa32b1fd97b81a5ec54ac6add125e8c9bf90bdcfaa32b1f805b64135fdcfaa32b1f80afc6510bdcfaa32b1f805b64510bdc
2026-10-02 09:04:23.105 [OUT] 003A inv=FFFB len=8 #1 fbff3a00510bdcfa
2026-10-02 09:04:23.105 [OUT] 003B inv=FFFB len=8 #1 fbff3b00a32b1f80
2026-10-02 09:04:23.152 [OP] 40E0 inv=FED1 len=302 #1 12b252fac37c1f805b64510b03faa32b1f805b6437fddcfaa32b1f8012f8510bdcfaa32baca05b64fc0bdcfa392b1f804864510ba7e8a32bad805b64d70bdcfaed2b1f80f6df510bc1e8a32b2c805b64eaf8dcfad6531f806c64510b78c4a32b998c5b64b6ecdcfa732b1f800d64510b8ffaa32b1f805b64510bdcfaa32b1f805b64510bdcfaa32b1f805b64430bdcfaa32b1f805b64510bdcfaa32b1f805b64
2026-10-02 09:04:23.192 [OP] 40E1 inv=FFED len=18 #1 41cdfc0b6ffaf8a2ca809564580be6b0f82b
2026-10-02 09:04:24.065 [OUT] 1001 inv=FFF9 len=10 #1 f9ff01101f805b64510b
2026-10-02 09:04:24.222 [OP] 4108 inv=FFE3 len=28 #1 5207c464510bdcfa21531f80d8f8510bce4051421f805b64510bdcfa
2026-10-02 09:04:24.312 [OP] 4108 inv=FFE3 len=28 #2 5207c464510bdcfa4d531f80d8f8510bce4051ed1f805b64510bdcfa
2026-10-02 09:04:24.312 [OP] 4108 inv=FFF3 len=12 #3 74c2392b1f805b64510bdcfa
2026-10-02 09:04:24.312 [OP] 4108 inv=FFF3 len=12 #4 74c2392b1f805b64580bdcfa
2026-10-02 09:04:24.314 [OP] 4108 inv=FFF3 len=12 #5 74c2392b1f805b640e0bdcfa
2026-10-02 09:04:24.314 [OP] 4104 inv=FFFB len=4 #1 3cae1f80
2026-10-02 09:04:24.314 [OP] 4104 inv=FFFB len=4 #2 3cae1faa
2026-10-02 09:04:24.314 [OP] 4104 inv=FFFB len=4 #3 3cae1fc7
2026-10-02 09:04:24.314 [OP] 4104 inv=FFFB len=4 #4 3cae1fce
2026-10-02 09:04:24.314 [OP] 4104 inv=FFFB len=4 #5 0a081f12
2026-10-02 09:04:26.521 [OP] 4105 inv=FFFE len=1 #1 c0
2026-10-02 09:04:26.521 [OP] 4105 inv=FFFE len=1 #2 af
2026-10-02 09:04:26.604 [OP] 4109 inv=FF8F len=112 #1 5207c464510b6fe8a32b1f805b64510b07faa32b59e7c36451ecdcfaa32bf380d1df510bd7faa32b1f805b64510bdcfaa32b1f803c64510b905b232b1faa5b648fecdcfa00de1f805b64510bdcfaa32b1f805b64550bdcfadb2462805bdf510b7cc4a32b21a2a8f8510bdcfa1a7d1f80
2026-10-02 09:04:26.689 [OP] 4105 inv=FFFE len=1 #3 0c
2026-10-02 09:04:26.689 [OP] 4106 inv=FFFD len=2 #1 a3cb
2026-10-02 09:04:26.689 [OP] 4111 inv=FFFD len=2 #1 a164
2026-10-02 09:04:27.073 [OP] 4109 inv=FFB7 len=72 #2 5207c464517f6fc4a32b1f805b64510b07faa32bca775b6487b1dcfa40ce1f8057df0e0b07faa32b39125b640eec5efaa32b1f805bdf510b8222a32b39125b64080b5efaa32b1f80
2026-10-02 09:04:27.163 [OP] 4105 inv=FFFE len=1 #4 0b
2026-10-02 09:04:27.163 [OP] 4106 inv=FFFD len=2 #2 f82b
2026-10-02 09:04:27.163 [OP] 4105 inv=FFFE len=1 #5 ec
2026-10-02 09:04:27.163 [OP] 4106 inv=FFFD len=2 #3 a353
2026-10-02 09:04:27.163 [OP] 4106 inv=FFFD len=2 #4 a393
2026-10-02 09:04:27.163 [OP] 4106 inv=FFFD len=2 #5 f8de
2026-10-02 09:04:27.163 [OP] 4111 inv=FFFD len=2 #2 9564
2026-10-02 09:04:27.821 [OP] 46FE inv=FFFF len=0 #3 
2026-10-02 09:04:28.535 [OP] 4109 inv=FFB7 len=72 #3 5207c464517f6fc4a32b1f805b64510b07faa32b59e75b6487b1dcfa40ce1f80a1f80e0b07faa32b39125b640e7f4ffaa32b1f805bdf510b8222a32b39125b64080b4ffaa32b1f80
2026-10-02 09:04:28.636 [OP] 4111 inv=FFFD len=2 #3 9464
2026-10-02 09:04:29.884 [OP] 4109 inv=FFA7 len=88 #4 12b252faa393caaa5b64510bdcfaa32bb9805b64e6cddcfa1d4a1f80646f510b5425db2bb9805b6487b1dcfadb6f2d805b64510bdcc4a32bb2ce5b6487b1dcfadb2b2d805bdf510b05c4a32bc7aa5b64510bdcfaa32b1f80
2026-10-02 09:04:29.968 [OP] 4111 inv=FFFD len=2 #4 5c64
2026-10-02 09:04:31.281 [OP] 4109 inv=FF93 len=108 #5 12b252faf893caaa5b64510bdcfaa32bca805b64af0be9c4b42b2eaa1c64510b6ffaa32b12805b6451cddcfac6d91f80dc53510b54fadb2b12805b64a0c4dcfafd2b2d805bdf510bdcfaa32b92aa5b64d50bdcfaa32b1f805b64510baeaea32ba94f5b64080b54faa32b1f80
2026-10-02 09:04:31.372 [OP] 4111 inv=FFFD len=2 #5 5b64
2026-10-02 09:04:38.215 [OP] 4112 inv=FFFD len=2 #1 dcc4
2026-10-02 09:04:38.215 [OP] 4112 inv=FFFD len=2 #2 6fc4
2026-10-02 09:04:38.215 [OP] 4112 inv=FFFD len=2 #3 e6c4
2026-10-02 09:04:38.215 [OP] 4112 inv=FFFD len=2 #4 36c4
2026-10-02 09:04:40.822 [OP] 4112 inv=FFFD len=2 #5 6ac4
2026-10-02 09:04:57.391 [SETTLE] exp=2 gold=199367 len=403
2026-10-02 09:04:57.391 [OP] 472A inv=FE6C len=403 #1 d9b4de1fc75b64510bdcfaa32b1f805b64510bdce8a32b1f805b64510bdcfaa32b1f805b64510bdca1b72b1f805b645183dcfaa32b1f805b64510bdcfaa32b1f805b64510bdcfaa32b1f805b64510bdcfaa32b1f805b64510bdcfaa32b1f805b64510bdcfaa32b1f805b64510bdcfaa32b1f805b64510bdcfaa32b1f805b64510bdcfaa32b1f805b64510bdcbdf82b1fc3956451fa6ffaa3ccca805bd3580bdc
2026-10-02 09:04:57.477 [OP] 42CE inv=FFFB len=4 #1 c87f510b
2026-10-02 09:04:57.477 [OP] 4211 inv=FFF6 len=9 #1 aa5b6451c03e22a34a
2026-10-02 09:04:57.477 [OP] 4211 inv=FFF6 len=9 #2 aa5b6451af3e22a34a
2026-10-02 09:04:57.477 [OP] 4211 inv=FFF6 len=9 #3 aa5b645134a722a34a
2026-10-02 09:04:58.134 [OP] 46FE inv=FFFF len=0 #4 
2026-10-02 09:04:59.058 [OUT] 0048 inv=FFF7 len=12 #2 f7ff4800dcfaa32b1fb79564
2026-10-02 09:04:59.117 [OP] 4721 inv=FFF7 len=8 #2 74c2392b1fb79564
2026-10-02 09:05:07.268 [OP] 4100 inv=FFF9 len=6 #2 98aaebf8fe7f
2026-10-02 09:05:07.356 [OP] 4101 inv=FD00 len=767 #2 22afd0dce8a32b1f805b645152155a4e2b1f805b64510bdcfaa32b1f805b64510bdcfaa32b1f805bb03bd036faa3de62805b64510bdc22232b1f805b64510bdcfaa32b1f805bb023d0dc22a32b1fce5b6451c53dfaa334bb805b833a0bdc88282b1fd97b81a552155a4e78c8d97b79510bdc5a4e78c8aaba87299e53fde58f36805b64510bdcfaa32be4c65b64510bdcfaf9061f805b64510bdcfaa32b1f805b
2026-10-02 09:05:08.348 [OUT] 1001 inv=FFF9 len=10 #2 f9ff01101f805b64510b
2026-10-02 09:05:19.367 [OUT] 1004 inv=FFF3 len=16 #1 f3ff0410883ed42b5980c3642d0b59ae
2026-10-02 09:05:19.489 [OP] 4110 inv=FFFD len=2 #1 612b
2026-10-02 09:05:24.316 [SETTLE] exp=2 gold=199367 len=403
2026-10-02 09:05:24.316 [OP] 472A inv=FE6C len=403 #2 d9b4de1fc75b64510bdcfaa32b1f805b64510bdce8a32b1f805b64510bdcfaa32b1f805b64510bdca1b72b1f805b645183dcfaa32b1f805b64510bdcfaa32b1f805b64510bdcfaa32b1f805b64510bdcfaa32b1f805b64510bdcfaa32b1f805b64510bdcfaa32b1f805b64510bdcfaa32b1f805b64510bdcfaa32b1f805b64510bdcfaa32b1f805b64510bdcbdf82b1fc3956451f16ffaa3ccca805bd3580bdc
2026-10-02 09:05:24.405 [OP] 42CE inv=FFFB len=4 #2 c87f510b
2026-10-02 09:05:24.405 [OP] 4211 inv=FFF6 len=9 #4 aa5b6451c03e22a34a
2026-10-02 09:05:24.405 [OP] 4211 inv=FFF6 len=9 #5 aa5b6451af3e22a34a
2026-10-02 09:05:25.209 [OUT] 0048 inv=FFF7 len=12 #3 f7ff4800dcfaa32b1fb79564
2026-10-02 09:05:25.310 [OP] 4721 inv=FFF7 len=8 #3 74c2392b1fb79564
2026-10-02 09:05:26.345 [OUT] 004E inv=FFFA len=9 #2 faff4e00e9580bdcf4
2026-10-02 09:05:26.466 [OP] 4029 inv=FFDF len=32 #2 41cdfc0bb653a32b1f805b64aa75dcfaa32b1f80f57f510b8bc4002b9f809564
2026-10-02 09:05:28.340 [OP] 46FE inv=FFFF len=0 #5 
2026-10-02 09:05:34.082 [OP] 4100 inv=FFF9 len=6 #3 98aa31261eec
2026-10-02 09:05:34.234 [OP] 4101 inv=FC90 len=879 #3 22afd0dce8a32b1f805b645152155a4e2b1f805b64510bdcfaa32b1f805b64510bdcfaa32b1f805bb03bd0a7faa3de62805b64510bdc22232b1f805b64510bdcfaa32b1f805bb023d0dc22a32b1fce5b6451c53dfaa334bb805b833a0bdc88282b1fd97b81a552155a4e78c8d97b79510bdc5a4e78c8aaba87299e53fde58f36805b64510bdcfaa32be4c65b64510bdcfaf9061f805b64510bdcfaa32b1f805b
2026-10-02 09:05:35.145 [OUT] 1001 inv=FFF9 len=10 #3 f9ff01101f805b64510b
2026-10-02 09:05:35.385 [OUT] 1005 inv=FFEF len=20 #1 efff051058fc162b4d795cdf0b0b0022a32b1f80
2026-10-02 09:05:35.490 [OP] 4110 inv=FFFD len=2 #2 212b
2026-10-02 09:05:37.417 [OUT] 1004 inv=FFF3 len=16 #2 f3ff0410883ed42b5979c3642d0b59ae
2026-10-02 09:05:37.547 [OP] 4110 inv=FFFD len=2 #3 612b
2026-10-02 09:05:38.068 [OUT] 1005 inv=FFEF len=20 #2 efff051058fc162b4d795cdf0b0b0022a32b1f80
2026-10-02 09:05:38.256 [OP] 4110 inv=FFFD len=2 #4 2153
2026-10-02 09:05:38.527 [OUT] 1005 inv=FFEF len=20 #3 efff051058fc162b4d795cdf0b0b0022a32b1f80
2026-10-02 09:05:38.651 [OP] 4110 inv=FFFD len=2 #5 2153
2026-10-02 09:05:38.785 [OUT] 1005 inv=FFEF len=20 #4 efff051058fc162b4d795cdf0b0b0022a32b1f80
2026-10-02 09:05:39.022 [OUT] 1005 inv=FFEF len=20 #5 efff051058fc162b4d795cdf0b0b0022a32b1f80
2026-10-02 09:05:41.665 [OUT] 1004 inv=FFF3 len=16 #3 f3ff0410883ed42b5979c3642d0b59ae
2026-10-02 09:05:41.925 [OUT] 1004 inv=FFF3 len=16 #4 f3ff0410883ed42b5979c3642d0b59ae
2026-10-02 09:05:43.950 [OUT] 1004 inv=FFF3 len=16 #5 f3ff0410883ed42b5979c3642d0b59ae
2026-10-02 09:05:54.519 [SETTLE] exp=1 gold=199367 len=393
2026-10-02 09:05:54.519 [OP] 472A inv=FE76 len=393 #3 d9b4de1faa5b64510bdcfaa32b1f805b64510bdcc4a32b1f805b64510bdcfaa32b1f805b64510bdca1b72b1f805b64513edcfaa32b1f805b64510bdcfaa32b1f805b64510bdcfaa32b1f805b64510bdcfaa32b1f805b64510bdcfaa32b1f805b64510bdcfaa32b1f805b64510bdcfaa32b1f805b64510bdcfaa32b1f805b64510bdcfaa32b1f805b64510bdc7af82b1f1b956451fa6ffaa3ccca805b5c510bdc
2026-10-02 09:05:54.519 [OP] 42CE inv=FFFB len=4 #3 c87f510b
2026-10-02 09:05:56.577 [OUT] 004E inv=FFFA len=9 #3 faff4e00e9580bdce8
2026-10-02 09:05:56.701 [OP] 4029 inv=FFDF len=32 #3 41cdfc0bac9fa32b1f805b64db7fdcfaa32b1f8094cdfc0b90c4002be2809564
2026-10-02 09:06:01.438 [OP] 4705 inv=FFB8 len=71 #3 966b7f5134a722a33267ce5b81fd0bdcfaa32b1fd90d64510bdcfaa3c11f805b64510bdc60a32b1f805b645131dcfaa3d01f805b6651a2da2bf0e986341a64510bdcfaa32b1f80
2026-10-02 09:06:16.921 [OP] 4100 inv=FFF9 len=6 #4 98aaad265eec
2026-10-02 09:06:17.014 [OP] 4101 inv=FC6D len=914 #4 603bad809464510bdcfaa32bc8d97b81510bdcfaa32b1f805b64510bdcfaa32b1f805b64510bdcfa21c49d4e5b64fc75dcfaa32b1f80c453510bdcfaa32b1f805b64510bdcfa215dad80c464510b52faa32b55925b646992dcfa1f7f1f80c831510b155a4e78c8d97b81a552155a562b1f807b81a5526f30c2d41e5f8bfa191edcfaa32b1f805b6458ae02faa32b1f805bd82d0bdcfaa32b1f805b64510bdcfa
2026-10-02 09:06:17.995 [OUT] 1001 inv=FFF9 len=10 #4 f9ff01101f805b64510b
2026-10-02 09:06:36.185 [SETTLE] exp=2 gold=199367 len=403
2026-10-02 09:06:36.185 [OP] 472A inv=FE6C len=403 #4 d9b4de1fc75b64510bdcfaa32b1f805b64510bdce8a32b1f805b64510bdcfaa32b1f805b64510bdca1b72b1f805b6451ef6ffaa32b1f805b64510bdcfaa32b1f805b64510bdcfaa32b1f805b64510bdcfaa32b1f805b64510bdcfaa32b1f805b64510bdcfaa32b1f805b64510bdcfaa32b1f805b64510bdcfaa32b1f805b64510bdcfaa32b1f805b64510bdcb5a32b1fc3956451f16ffaa3ccca805bd3580bdc
2026-10-02 09:06:36.275 [OP] 42CE inv=FFFB len=4 #4 c87f510b
2026-10-02 09:06:37.552 [OUT] 0048 inv=FFF7 len=12 #4 f7ff4800dcfaa32b1fb79564
2026-10-02 09:06:37.647 [OP] 4721 inv=FFF7 len=8 #4 74c2392b1fb79564
2026-10-02 09:06:43.285 [OP] 4100 inv=FFF9 len=6 #5 98aade26aeec
2026-10-02 09:06:43.550 [OP] 4101 inv=FBC5 len=1082 #5 603bad809464510bdcfaa32bc8d97b81510bdcfaa32b1f805b64510bdcfaa32b1f805b64510bdcfa21c49dca5b64fc75dcfaa32b1f80c453510bdcfaa32b1f805b64510bdcfa215dad80c464510b52faa32b55925b646992dcfa1f7f1f80c831510b155a4e78c8d97b81a552155a562b1f807b81a5526f30c2d41e5f8bfa191edcfaa32b1f805b64dfae02faa32b1f805bd82d0bdcfaa32b1f805b64510bdcfa
2026-10-02 09:06:44.365 [OUT] 1001 inv=FFF9 len=10 #5 f9ff01101f805b64510b
2026-10-02 09:07:12.263 [SETTLE] exp=1 gold=199367 len=403
2026-10-02 09:07:12.263 [OP] 472A inv=FE6C len=403 #5 d9b4de1faa5b64510bdcfaa32b1f805b64510bdce8a32b1f805b64510bdcfaa32b1f805b64510bdca1b72b1f805b6451a56ffaa32b1f805b64510bdcfaa32b1f805b64510bdcfaa32b1f805b64510bdcfaa32b1f805b64510bdcfaa32b1f805b64510bdcfaa32b1f805b64510bdcfaa32b1f805b64510bdcfaa32b1f805b64510bdcfaa32b1f805b64510bdcbdf82b1f2c5b6451fa6ffaa3731f805bc7580bdc
2026-10-02 09:07:12.350 [OP] 42CE inv=FFFB len=4 #5 c87f510b
2026-10-02 09:07:13.715 [OUT] 0048 inv=FFF7 len=12 #5 f7ff4800dcfaa32b1fb79564
2026-10-02 09:07:13.923 [OP] 4721 inv=FFF7 len=8 #5 74c2392b1fb79564
2026-10-02 09:07:41.105 [SETTLE] exp=1 gold=199367 len=403
2026-10-02 09:07:43.136 [OUT] 004E inv=FFFA len=9 #4 faff4e00e9580bdcf4
2026-10-02 09:07:43.254 [OP] 4029 inv=FFDF len=32 #4 41cdfc0b2d53a32b1f805b64aa75dcfaa32b1f80187f510b8bc4002b6a809564
2026-10-02 09:08:08.649 [SETTLE] exp=1 gold=199367 len=403
2026-10-02 09:08:32.602 [SETTLE] exp=1 gold=199367 len=393
2026-10-02 09:08:34.630 [OUT] 004E inv=FFFA len=9 #5 faff4e00e9580bdce8
2026-10-02 09:08:34.746 [OP] 4029 inv=FFDF len=32 #5 41cdfc0bac9fa32b1f805b64db7fdcfaa32b1f8094cdfc0b90c4002b3a809564
2026-10-02 09:08:47.847 [SETTLE] exp=1 gold=199367 len=393
2026-10-02 09:09:05.459 [SETTLE] exp=1 gold=199367 len=393
2026-10-02 09:09:32.854 [SETTLE] exp=2 gold=199367 len=393
2026-10-02 09:09:55.416 [SETTLE] exp=1 gold=199367 len=393
2026-10-02 09:10:25.515 [SETTLE] exp=1 gold=199367 len=393
2026-10-02 09:10:52.660 [SETTLE] exp=1 gold=199367 len=393
2026-10-02 09:11:17.720 [SETTLE] exp=2 gold=199367 len=393
2026-10-02 09:11:38.499 [SETTLE] exp=1 gold=199367 len=393
2026-10-02 09:11:54.687 [SETTLE] exp=2 gold=199367 len=393
2026-10-02 09:12:26.988 [SETTLE] exp=1 gold=199367 len=403
2026-10-02 09:12:49.267 [SETTLE] exp=1 gold=199367 len=403
2026-10-02 09:13:20.732 [SETTLE] exp=2 gold=199367 len=403
2026-10-02 09:13:23.137 [OP] 4612 inv=FFF7 len=8 #1 ca805b64408052fa
2026-10-02 09:13:39.714 [OP] 43F1 inv=FFFA len=5 #2 b4b4de1faa
2026-10-02 09:13:57.122 [SETTLE] exp=2 gold=199367 len=403
2026-10-02 09:14:13.486 [OP] 4612 inv=FFF7 len=8 #2 ca805b64408052fa
2026-10-02 09:14:25.838 [SETTLE] exp=2 gold=199367 len=393
2026-10-02 09:14:31.921 [QUESTION] {"type":"question","sock":2716,"qno":6,"field_a":80,"stem":".“竹子”属于哪一类植物？","options":["1、处长职务","2、食肉植物","3、草本植物","4、食草植物"]}
2026-10-02 09:14:32.924 [UI] auto dump on question qno=6
2026-10-02 09:14:32.924 [UI] ---- window dump begin (pid 27488) ----
2026-10-02 09:14:33.250 [UI] TOP=001F059A vis=1 cls=QBOvCls rc=(537,437,897,533) title=
2026-10-02 09:14:33.258 [UI] TOP=000903E0 vis=1 cls=ATL:012FF210 rc=(197,70,1237,877) title=什么什么大冒险2(①逍遥村敬老院)-伏地魔2_Sep 24 2026《什么什么大冒险》制作委员会QQ群:515616289
2026-10-02 09:14:33.258 [UI] TOP=000B0630 vis=0 cls=DIEmWin rc=(-1,-1,135,38) title=DIEmWin
2026-10-02 09:14:33.614 [SEND-ANSWER] qno=6 opt=2 ret=13 sock=2716
2026-10-02 09:14:33.655 [UI] TOP=000905EA vis=0 cls=IME rc=(0,0,0,0) title=Default IME
2026-10-02 09:14:33.657 [UI] TOP=00060A32 vis=0 cls=MSCTFIME UI rc=(0,0,0,0) title=MSCTFIME UI
2026-10-02 09:14:33.670 [UI] TOP=00060A38 vis=0 cls=IME rc=(0,0,0,0) title=Default IME
2026-10-02 09:14:33.670 [UI] TOP=00060A3E vis=0 cls=IME rc=(0,0,0,0) title=Default IME
2026-10-02 09:14:33.670 [UI] ---- window dump end ----
2026-10-02 09:14:33.750 [SYS] 测试通过！
2026-10-02 09:14:33.750 [SYS] 获得了#00FF00#100#FFF692#金币
2026-10-02 09:14:33.750 [CURRENCY] a=199367 b=989802
2026-10-02 09:14:35.420 [UI] auto-closing quiz frame: qno=6 opt=2
2026-10-02 09:14:35.712 [UI] option 2 control NOT found — falling back to digit key
2026-10-02 09:14:36.592 [OUT] 1F04 inv=FFF6 len=13 #1 f6ff041fce1f805b08510bdce8
2026-10-02 09:14:45.107 [SETTLE] exp=2 gold=199367 len=393
2026-10-02 09:15:16.648 [SETTLE] exp=2 gold=199367 len=393
2026-10-02 09:15:38.128 [SETTLE] exp=1 gold=199367 len=393
2026-10-02 09:16:06.390 [SETTLE] exp=2 gold=199367 len=393
2026-10-02 09:16:35.607 [SETTLE] exp=2 gold=199367 len=393
2026-10-02 09:16:58.625 [SETTLE] exp=2 gold=199367 len=403
2026-10-02 09:17:25.999 [SETTLE] exp=1 gold=199367 len=403
2026-10-02 09:17:26.179 [OP] 4210 inv=FFF3 len=12 #1 ac0bdcfaf72b1f80a1ecfc0b
2026-10-02 09:17:44.519 [SETTLE] exp=2 gold=199367 len=403
2026-10-02 09:18:12.880 [SETTLE] exp=2 gold=199367 len=393
2026-10-02 09:18:53.827 [SETTLE] exp=2 gold=199367 len=393
2026-10-02 09:19:28.094 [SETTLE] exp=2 gold=199367 len=393
2026-10-02 09:19:55.410 [SETTLE] exp=1 gold=199367 len=403
2026-10-02 09:20:27.633 [SETTLE] exp=2 gold=199367 len=393
2026-10-02 09:20:57.341 [SETTLE] exp=2 gold=199367 len=393
2026-10-02 09:21:25.113 [SETTLE] exp=1 gold=199367 len=403
2026-10-02 09:21:49.662 [SETTLE] exp=2 gold=199367 len=403
2026-10-02 09:22:17.762 [SETTLE] exp=1 gold=199367 len=403
2026-10-02 09:22:51.618 [SETTLE] exp=2 gold=199367 len=403
2026-10-02 09:23:18.241 [SETTLE] exp=1 gold=199367 len=393
2026-10-02 09:23:45.812 [SETTLE] exp=1 gold=199367 len=393
2026-10-02 09:24:20.556 [SETTLE] exp=2 gold=199367 len=403
2026-10-02 09:24:20.650 [OP] 4210 inv=FFF3 len=12 #2 ac0bdcfa0d2b1f80baecfc0b
2026-10-02 09:24:49.855 [SETTLE] exp=1 gold=199367 len=403
2026-10-02 09:25:20.497 [SETTLE] exp=2 gold=199367 len=403
2026-10-02 09:25:42.854 [SETTLE] exp=2 gold=199367 len=403
2026-10-02 09:26:00.191 [SETTLE] exp=1 gold=199367 len=403
2026-10-02 09:26:20.038 [SETTLE] exp=1 gold=199367 len=413
2026-10-02 09:26:47.561 [SETTLE] exp=1 gold=199367 len=403
2026-10-02 09:27:05.698 [SETTLE] exp=1 gold=199367 len=393
2026-10-02 09:27:37.000 [SETTLE] exp=1 gold=199367 len=403
2026-10-02 09:28:00.262 [SETTLE] exp=1 gold=199367 len=393
2026-10-02 09:28:29.034 [SETTLE] exp=2 gold=199367 len=403
2026-10-02 09:28:54.639 [SETTLE] exp=1 gold=199367 len=393
2026-10-02 09:29:26.744 [SETTLE] exp=1 gold=199367 len=403
2026-10-02 09:30:04.723 [SETTLE] exp=2 gold=199367 len=403
2026-10-02 09:30:25.621 [SETTLE] exp=2 gold=199367 len=403
2026-10-02 09:30:57.472 [SETTLE] exp=1 gold=199367 len=393
2026-10-02 09:31:34.129 [SETTLE] exp=1 gold=199367 len=393
2026-10-02 09:32:04.219 [SETTLE] exp=1 gold=199367 len=393
2026-10-02 09:32:37.287 [SETTLE] exp=2 gold=199367 len=403
2026-10-02 09:33:07.973 [SETTLE] exp=2 gold=199367 len=403
2026-10-02 09:33:39.667 [SETTLE] exp=1 gold=199367 len=403
2026-10-02 09:34:09.227 [SETTLE] exp=1 gold=199367 len=403
2026-10-02 09:34:29.334 [SETTLE] exp=1 gold=199367 len=393
2026-10-02 09:34:58.166 [SETTLE] exp=1 gold=199367 len=403
2026-10-02 09:35:21.829 [SETTLE] exp=1 gold=199367 len=403
2026-10-02 09:35:46.852 [SETTLE] exp=2 gold=199367 len=393
2026-10-02 09:36:07.305 [SETTLE] exp=2 gold=199367 len=393
2026-10-02 09:36:18.384 [SYS] #FFF692#恭喜#FF8CF8#凝眉一颦#FFF692#打造出#64FF7D#+10#FFF692#装备
2026-10-02 09:36:27.463 [SETTLE] exp=2 gold=199367 len=403
2026-10-02 09:36:56.465 [SETTLE] exp=1 gold=199367 len=403
2026-10-02 09:37:32.449 [SETTLE] exp=1 gold=199367 len=403
2026-10-02 09:37:59.495 [SETTLE] exp=2 gold=199367 len=393
2026-10-02 09:38:19.714 [SETTLE] exp=2 gold=199367 len=403
2026-10-02 09:38:50.623 [SETTLE] exp=1 gold=199367 len=403
2026-10-02 09:38:50.797 [OP] 4210 inv=FFF3 len=12 #3 ac0bdcfa1e2b1f8057ecfc0b
2026-10-02 09:39:17.495 [SETTLE] exp=1 gold=199367 len=393
2026-10-02 09:39:49.600 [SETTLE] exp=2 gold=199367 len=393
2026-10-02 09:40:10.124 [SETTLE] exp=2 gold=199367 len=403
2026-10-02 09:40:39.584 [SETTLE] exp=1 gold=199367 len=393
2026-10-02 09:41:09.173 [SETTLE] exp=1 gold=199367 len=403
2026-10-02 09:41:28.195 [SETTLE] exp=1 gold=199367 len=403
2026-10-02 09:42:01.526 [SETTLE] exp=2 gold=199367 len=393
2026-10-02 09:42:31.169 [SETTLE] exp=2 gold=199367 len=393
2026-10-02 09:43:00.833 [SETTLE] exp=2 gold=199367 len=403
2026-10-02 09:43:32.676 [SETTLE] exp=2 gold=199367 len=403
2026-10-02 09:43:56.174 [SETTLE] exp=2 gold=199367 len=393
2026-10-02 09:44:26.661 [SETTLE] exp=1 gold=199367 len=403
2026-10-02 09:44:48.022 [SETTLE] exp=2 gold=199367 len=403
2026-10-02 09:45:16.558 [SETTLE] exp=1 gold=199367 len=393
2026-10-02 09:45:56.947 [SETTLE] exp=1 gold=199367 len=403
2026-10-02 09:46:27.180 [SETTLE] exp=1 gold=199367 len=403
2026-10-02 09:46:54.051 [SETTLE] exp=1 gold=199367 len=393
2026-10-02 09:47:12.301 [SETTLE] exp=1 gold=199367 len=403
2026-10-02 09:47:48.083 [SETTLE] exp=2 gold=199367 len=403
2026-10-02 09:48:12.773 [SETTLE] exp=1 gold=199367 len=403
2026-10-02 09:48:38.800 [SETTLE] exp=1 gold=199367 len=393
2026-10-02 09:49:08.049 [SETTLE] exp=1 gold=199367 len=393
2026-10-02 09:49:32.029 [SETTLE] exp=1 gold=199367 len=403
2026-10-02 09:50:03.970 [SETTLE] exp=1 gold=199367 len=393
2026-10-02 09:50:34.216 [SETTLE] exp=1 gold=199367 len=403
2026-10-02 09:51:03.181 [SETTLE] exp=2 gold=199367 len=403
2026-10-02 09:51:33.359 [SETTLE] exp=2 gold=199367 len=393
2026-10-02 09:52:00.785 [SETTLE] exp=2 gold=199367 len=393
2026-10-02 09:52:34.057 [SETTLE] exp=2 gold=199367 len=403
2026-10-02 09:52:54.622 [SETTLE] exp=2 gold=199367 len=403
2026-10-02 09:53:18.546 [SETTLE] exp=2 gold=199367 len=403
2026-10-02 09:53:51.934 [SETTLE] exp=2 gold=199367 len=393
2026-10-02 09:54:16.884 [SETTLE] exp=1 gold=199367 len=393
2026-10-02 09:54:43.345 [SETTLE] exp=1 gold=199367 len=393
2026-10-02 09:55:16.484 [SETTLE] exp=2 gold=199367 len=393
2026-10-02 09:55:41.552 [SETTLE] exp=2 gold=199367 len=403
2026-10-02 09:55:58.855 [SETTLE] exp=2 gold=199367 len=393
2026-10-02 09:56:24.268 [SETTLE] exp=2 gold=199367 len=403
2026-10-02 09:56:54.399 [SETTLE] exp=2 gold=199367 len=403
2026-10-02 09:57:16.838 [SETTLE] exp=1 gold=199367 len=393
2026-10-02 09:57:44.131 [SETTLE] exp=2 gold=199367 len=393
2026-10-02 09:58:09.076 [SETTLE] exp=1 gold=199367 len=403
2026-10-02 09:58:33.162 [SETTLE] exp=1 gold=199367 len=403
2026-10-02 09:59:04.468 [SETTLE] exp=1 gold=199367 len=403
2026-10-02 09:59:23.700 [SETTLE] exp=2 gold=199367 len=393
2026-10-02 09:59:44.775 [OP] 4031 inv=FFDC len=35 #1 455b615108dcfaa3531fe9022e98c810387599970e2d6451839fdd59c0c3e941876f0b
2026-10-02 09:59:52.491 [SETTLE] exp=2 gold=199367 len=403
2026-10-02 10:00:13.997 [SETTLE] exp=2 gold=199367 len=393
2026-10-02 10:00:35.553 [SETTLE] exp=2 gold=199367 len=393
2026-10-02 10:00:57.718 [SETTLE] exp=1 gold=199367 len=403
2026-10-02 10:01:17.106 [SETTLE] exp=2 gold=199367 len=393
2026-10-02 10:01:41.122 [SETTLE] exp=1 gold=199367 len=403
2026-10-02 10:02:13.894 [SETTLE] exp=2 gold=199367 len=403
2026-10-02 10:02:44.728 [SETTLE] exp=1 gold=199367 len=403
2026-10-02 10:03:08.211 [SETTLE] exp=2 gold=199367 len=403
2026-10-02 10:03:40.281 [SETTLE] exp=1 gold=199367 len=393
2026-10-02 10:04:16.642 [SETTLE] exp=2 gold=199367 len=393
2026-10-02 10:04:52.845 [SETTLE] exp=1 gold=199367 len=393
2026-10-02 10:05:21.002 [SETTLE] exp=1 gold=199367 len=403
2026-10-02 10:05:57.466 [SETTLE] exp=2 gold=199367 len=403
2026-10-02 10:06:27.755 [SETTLE] exp=2 gold=199367 len=403
2026-10-02 10:07:02.334 [SETTLE] exp=1 gold=199367 len=393
2026-10-02 10:07:22.815 [SETTLE] exp=2 gold=199367 len=393
2026-10-02 10:07:50.925 [SETTLE] exp=2 gold=199367 len=403
2026-10-02 10:08:27.605 [SETTLE] exp=1 gold=199367 len=403
2026-10-02 10:08:53.208 [SETTLE] exp=1 gold=199367 len=403
2026-10-02 10:09:00.404 [OP] 4612 inv=FFE7 len=24 #3 fd0bdcfaa63bad80becdfc0be90e392bb507c464408052fa
2026-10-02 10:09:00.404 [OP] 4612 inv=FFE7 len=24 #4 fd0bdcfaa63bad80becdfc0be90e392bb507c464408052fa
2026-10-02 10:09:26.690 [SETTLE] exp=2 gold=199367 len=393
2026-10-02 10:09:48.238 [SETTLE] exp=2 gold=199367 len=393
2026-10-02 10:10:13.364 [SETTLE] exp=2 gold=199367 len=393
2026-10-02 10:10:28.705 [SETTLE] exp=2 gold=199367 len=403
2026-10-02 10:10:55.086 [SETTLE] exp=1 gold=199367 len=403
2026-10-02 10:11:12.583 [SETTLE] exp=1 gold=199367 len=403
2026-10-02 10:11:33.996 [SETTLE] exp=1 gold=199367 len=403
2026-10-02 10:11:35.181 [OP] 40A0 inv=FFBB len=68 #3 41cdfc0b6fc25f2b69605b6439ecdcfadb4ac3548a70b10543bbea0232805b64510bdcfaa32b1f805b64510bdcfaa32b1f805b64510bdcfaa32b1f8007dff1fd59c49a7c
2026-10-02 10:12:06.754 [SETTLE] exp=1 gold=199367 len=393
2026-10-02 10:12:27.427 [SETTLE] exp=2 gold=199367 len=393
2026-10-02 10:12:53.674 [SETTLE] exp=2 gold=199367 len=393
2026-10-02 10:13:15.623 [SETTLE] exp=2 gold=199367 len=403
2026-10-02 10:13:46.893 [SETTLE] exp=2 gold=199367 len=403
2026-10-02 10:13:54.294 [OP] 40A0 inv=FFBB len=68 #4 41cdfc0b6ffa392b5a605b6439ecdcfadb4ac3548a70b10568bbea0232805b64510bdcfaa32b1f805b64510bdcfaa32b1f805b64510bdcfaa32b1f8007df8a3d59c4dfee
2026-10-02 10:14:08.048 [SETTLE] exp=2 gold=199367 len=403
2026-10-02 10:14:30.770 [SETTLE] exp=1 gold=199367 len=403
2026-10-02 10:15:00.755 [SETTLE] exp=2 gold=199367 len=393
2026-10-02 10:15:04.856 [SYS] #ff0000#您已进入野外区域，可能遭遇玩家间的自由对战，请注意安全！#ffffff#
2026-10-02 10:15:04.955 [OP] 4612 inv=FFF7 len=8 #5 ca805b64418052fa
2026-10-02 10:15:04.955 [OP] 4202 inv=FFEF len=16 #1 d5ecdcfab42b1f806adf510be4c4a32b
2026-10-02 10:15:04.956 [OP] 40E0 inv=FED1 len=302 #2 12b252fac37c1f805b64510b81c4a32b1f805b6437fddcfaa32b1f8012f8510bdcfaa32baca05b64fc0bdcfa392b1f804864510ba7e8a32bad805b64d70bdcfaed2b1f80f6df510bc1e8a32b2c805b64eaf8dcfad6531f806c64510b78c4a32b998c5b64b6ecdcfa732b1f800d64510b8ffaa32b1f805b64510bdcfaa32b1f805b64510bdcfaa32b1f805b64430bdcfaa32b1f805b64510bdcfaa32b1f805b64
2026-10-02 10:15:04.956 [OP] 40E3 inv=FFD3 len=44 #2 12b252fa312b1f80b164610b33fabc2be080956445ec6ffabf5384809fdf0b0b0022202b01cec464edd090fa
2026-10-02 10:15:04.956 [OP] 40E2 inv=FFF3 len=12 #2 41cdfc0b6ffaa32b45809564
2026-10-02 10:15:04.956 [OP] 4232 inv=FF60 len=159 #1 22afd0dce0a32b1f4f5b645127dcfaa3de1f805b6f510bdc1c462b1f805b64510bdcfaa32b1f805b64510bdcfaa32b1f805b64510bdcfaa3599d805b64510bdcb7f82b1f805b6451fb8bfaa32b1f805b4e580bdcfaa32b1f227a64519c52faa3edad805b7c510bdc25a32b1fef5b6451c4dcfaa3d4ad805bbc510bdc6ba32b1f0a5b64510bdcfaa32cd672eca2d661e2b05b931f805b64510bdcfaa32b1f80
2026-10-02 10:15:04.956 [OP] 4232 inv=FF60 len=159 #2 22afd0dce0a32b1f4e5b6451b2dcfaa3321f805b08510bdc7e232b1f805b64510bdcfaa32b1f805b64510bdcfaa32b1f805b64510bdcfaa386a5805b64510bdcef392b1f805b645118e6faa32b1f805b06b20bdcfaa32b1f332364515090faa3b834805b6b510bdcbaa32b1fef5b6451c4dcfaa30ca5805b02510bdcb5a32b1fd35b64510bdcfaa32cd672eca2d61ee2b05bde1f805bdf510bdcfaa32b1f80
2026-10-02 10:15:04.957 [OP] 4232 inv=FF60 len=159 #3 22afd0dc25a32b1fca5b64513ddcfaa36b1f805b08510bdc95572b1f805b64510bdcfaa32b1f805b64510bdcfaa32b1f805b64510bdcfaa36c8a805b64510bdc1a232b1f805b64514066faa32b1f805b1d830bdcfaa32b1f97d064512252faa33f8a805bcd580bdc06a32b1fef5b6451c4dcfaa3ea3c805bf1580bdcb2db2b1f239564510bdcfaa32cd6724852d6dea1b05b4aca8095f8510bdcfaa32b1f80
2026-10-02 10:15:04.957 [OP] 401B inv=FEB3 len=332 #2 603bad800d64510b17faa32b7207c464530bdcfa972b1f80afc6510bdcfaa32be4c65b64510bdcfae6531f805b64510bffe8a32b1f805b64bc595ab12b219f805b64510bdcfaa32b1fc75b6412b252fada2b1f802964510bac9fa32b1f805b6437fddcfaa32b1f809adf510bdcfaa32be0c75b64510bdcfa16876c842d437f0bdcfaa32b1f805b6451b122c14d5dad800a64510b31faa32b90125b64510bdcfa
2026-10-02 10:15:05.045 [OP] 4055 inv=FFF7 len=8 #3 41cdfc0bdcfaa32b
2026-10-02 10:15:05.045 [OP] 40A0 inv=FF07 len=248 #5 41cdfc0b8b0e392b5e605b6439ecdcfadb4ac3548a70b105cd97600e1f805b64510bdcfaa32b1f805b64510bdcfaa32b1f805b64510bdcfaa32b1f8030dfced078c4b1deef125b64e07fdcfadb4ae4f1245d510bdcfaa32b1f805b64510bdcfaa32b1f805b64510bdcfaa32b1f805b64510bdcfaa32b1f806bf84bd0a7e8fcde6fce5b64a9d0dcfadb4a402fed6d510bdcfaa32b1f805b64510bdcfaa32b1f80
2026-10-02 10:15:05.211 [OUT] 0185 inv=FFF7 len=12 #2 f7ff8501dcfaa32bc8d97b81
2026-10-02 10:18:41.473 [OP] 4031 inv=FFE3 len=28 #2 392b2d805b64510b6ffa512b1f68fa06e2c87424c1770e68fa06e20b
2026-10-02 10:22:43.531 [QUESTION] {"type":"question","sock":2716,"qno":14,"field_a":103,"stem":"当发现有人触电后，抢救他的正确方法是？","options":["1、找个能插的电源","2、给手机充电","3、切断电源","4、也一起触电"]}
2026-10-02 10:22:44.545 [UI] auto dump on question qno=14
2026-10-02 10:22:44.546 [UI] ---- window dump begin (pid 27488) ----
2026-10-02 10:22:44.590 [UI] TOP=001F059A vis=1 cls=QBOvCls rc=(537,437,897,533) title=
2026-10-02 10:22:44.596 [UI] TOP=000903E0 vis=1 cls=ATL:012FF210 rc=(197,70,1237,877) title=什么什么大冒险2(①逍遥村敬老院)-伏地魔2_Sep 24 2026《什么什么大冒险》制作委员会QQ群:515616289
2026-10-02 10:22:44.597 [UI] TOP=000B0630 vis=0 cls=DIEmWin rc=(-1,-1,135,38) title=DIEmWin
2026-10-02 10:22:44.993 [UI] TOP=000905EA vis=0 cls=IME rc=(0,0,0,0) title=Default IME
2026-10-02 10:22:44.998 [UI] TOP=00060A32 vis=0 cls=MSCTFIME UI rc=(0,0,0,0) title=MSCTFIME UI
2026-10-02 10:22:45.013 [UI] TOP=00060A38 vis=0 cls=IME rc=(0,0,0,0) title=Default IME
2026-10-02 10:22:45.013 [UI] TOP=00060A3E vis=0 cls=IME rc=(0,0,0,0) title=Default IME
2026-10-02 10:22:45.014 [UI] ---- window dump end ----
2026-10-02 10:22:45.827 [SEND-ANSWER] qno=14 opt=2 ret=13 sock=2716
2026-10-02 10:22:45.875 [SYS] 测试通过！
2026-10-02 10:22:45.968 [SYS] 获得了#00FF00#100#FFF692#金币
2026-10-02 10:22:45.970 [CURRENCY] a=199367 b=989902
2026-10-02 10:22:47.629 [UI] auto-closing quiz frame: qno=14 opt=2
2026-10-02 10:22:47.885 [UI] option 2 control NOT found — falling back to digit key
2026-10-02 10:22:47.885 [UI] sending digit key '2' to hwnd=000903E0
2026-10-02 10:22:48.131 [OUT] 1F04 inv=FFF6 len=13 #2 f6ff041fce1f805b37510bdce8
2026-10-02 10:26:53.399 [OP] 4031 inv=FF64 len=155 #3 935b6151d0dcfaa3531fa4db8c740acb57e554e2a4021f2ef368a2346786b098f990b978b8349a6671ffd856b3d3a234670b1cedde6c3876a2348282d36de074a4b1ef1075e8f26f270094b8b8128eac5daf0572a3965034679694f3b3e1a6b6ccc29b40f32cce4d87f0775131a2b1f389f9140fb35120bb4c848980ef6e165119aeeb837bc06919740e23d0e4346451e49cfc58f33ee554cab00b
2026-10-02 10:28:21.350 [SYS] #ff0000#您已进入野外区域，可能遭遇玩家间的自由对战，请注意安全！#ffffff#
2026-10-02 10:28:21.449 [OP] 4202 inv=FFEF len=16 #2 feecdcfab42b1f8056df510bc3c4a32b
2026-10-02 10:28:21.449 [OP] 40E0 inv=FED1 len=302 #3 12b252fac37c1f805b64510b81c4a32b1f805b6437fddcfaa32b1f8012f8510bdcfaa32baca05b64fc0bdcfa392b1f804864510ba7e8a32bad805b64d70bdcfaed2b1f80f6df510bc1e8a32b2c805b64eaf8dcfad6531f806c64510b78c4a32b998c5b64b6ecdcfa732b1f800d64510b8ffaa32b1f805b64510bdcfaa32b1f805b64510bdcfaa32b1f805b64430bdcfaa32b1f805b64510bdcfaa32b1f805b64
2026-10-02 10:28:21.449 [OP] 40E3 inv=FFD3 len=44 #3 12b252fa312b1f80b164610b33fabc2be080956445ec6ffabf5384809fdf0b0b0022202b01cec464edd090fa
2026-10-02 10:28:21.449 [OP] 40E2 inv=FFF3 len=12 #3 41cdfc0b6ffaa32b45809564
2026-10-02 10:28:21.450 [OP] 4232 inv=FF60 len=159 #4 22afd0dce0a32b1f4f5b645127dcfaa3de1f805b6f510bdc1c462b1f805b64510bdcfaa32b1f805b64510bdcfaa32b1f805b64510bdcfaa3599d805b64510bdcb7f82b1f805b6451fb8bfaa32b1f805b4e580bdcfaa32b1f227a64519c52faa3edad805b7c510bdc25a32b1fef5b6451c4dcfaa3d4ad805bbc510bdc6ba32b1f0a5b64510bdcfaa32cd672eca2d661e2b05b931f805b64510bdcfaa32b1f80
2026-10-02 10:28:21.451 [OP] 4232 inv=FF60 len=159 #5 22afd0dce0a32b1f4e5b6451b2dcfaa3321f805b08510bdc7e232b1f805b64510bdcfaa32b1f805b64510bdcfaa32b1f805b64510bdcfaa386a5805b64510bdcef392b1f805b645118e6faa32b1f805b06b20bdcfaa32b1f332364515090faa3b834805b6b510bdcbaa32b1fef5b6451c4dcfaa30ca5805b02510bdcb5a32b1fd35b64510bdcfaa32cd672eca2d61ee2b05bde1f805bdf510bdcfaa32b1f80
2026-10-02 10:28:21.451 [OP] 401B inv=FEB3 len=332 #3 603bad800d64510b17faa32b7207c464530bdcfa972b1f80afc6510bdcfaa32be4c65b64510bdcfae6531f805b64510bffe8a32b1f805b64bc595ab12b219f805b64510bdcfaa32b1faa5b6412b252fada2b1f802964510bac9fa32b1f805b6437fddcfaa32b1f809adf510bdcfaa32be0c75b64510bdcfa16876c842d437f0bdcfaa32b1f805b64510bdce84d5dad800a64510b31faa32b90125b64510bdcfa
2026-10-02 10:28:21.539 [OP] 4055 inv=FFF7 len=8 #4 41cdfc0bdcfaa32b
2026-10-02 10:28:21.709 [OUT] 0185 inv=FFF7 len=12 #3 f7ff8501dcfaa32bc8d97b81
2026-10-02 10:28:49.105 [SETTLE] exp=1 gold=199367 len=403
2026-10-02 10:29:08.139 [SETTLE] exp=2 gold=199367 len=403
2026-10-02 10:29:28.744 [SETTLE] exp=1 gold=199367 len=403
2026-10-02 10:29:49.634 [SETTLE] exp=2 gold=199367 len=403
2026-10-02 10:30:13.586 [SETTLE] exp=1 gold=199367 len=393
2026-10-02 10:30:32.885 [SETTLE] exp=2 gold=199367 len=403
2026-10-02 10:30:52.980 [SETTLE] exp=2 gold=199367 len=393
2026-10-02 10:30:56.082 [SYS] #ff0000#您已进入野外区域，可能遭遇玩家间的自由对战，请注意安全！#ffffff#
2026-10-02 10:30:56.178 [OP] 40E0 inv=FED1 len=302 #4 12b252fac37c1f805b64510b03faa32b1f805b6437fddcfaa32b1f8012f8510bdcfaa32baca05b64fc0bdcfa392b1f804864510ba7e8a32bad805b64d70bdcfaed2b1f80f6df510bc1e8a32b2c805b64eaf8dcfad6531f806c64510b78c4a32b998c5b64b6ecdcfa732b1f800d64510b8ffaa32b1f805b64510bdcfaa32b1f805b64510bdcfaa32b1f805b64430bdcfaa32b1f805b64510bdcfaa32b1f805b64
2026-10-02 10:30:56.178 [OP] 40E3 inv=FFD3 len=44 #4 12b252fa312b1f80b164610b33fabc2be080956445ec6ffabf5384809fdf0b0b0022202b01cec464edd090fa
2026-10-02 10:30:56.178 [OP] 40E2 inv=FFF3 len=12 #4 41cdfc0b6ffaa32b45809564
2026-10-02 10:30:56.178 [OP] 4202 inv=FFEF len=16 #3 95ecdcfab42b1f8072df510be4c4a32b
2026-10-02 10:30:56.178 [OP] 4055 inv=FFF7 len=8 #5 41cdfc0bdcfaa32b
2026-10-02 10:30:56.187 [OUT] 0185 inv=FFF7 len=12 #4 f7ff8501dcfaa32bc8d97b81
2026-10-02 10:30:56.231 [OP] 401B inv=FEB3 len=332 #4 603bad800d64510b17faa32b7207c464530bdcfa972b1f80afc6510bdcfaa32be4c65b64510bdcfae9931f805b64510bffe8a32b1f805b64bc595ab12b219f805b64510bdcfaa32b1fc75b6412b252fada2b1f802964510bac9fa32b1f805b6437fddcfaa32b1f80e664510bdcfaa32be0c75b64510bdcfa16876c842d437f0bdcfaa32b1f805b6451b1c9eb4d5dad800a64510b31faa32b90125b64510bdcfa
2026-10-02 10:32:40.293 [SYS] #ff0000#您已进入野外区域，可能遭遇玩家间的自由对战，请注意安全！#ffffff#
2026-10-02 10:32:40.357 [OP] 40E0 inv=FED1 len=302 #5 12b252fac37c1f805b64510b03faa32b1f805b6437fddcfaa32b1f8012f8510bdcfaa32baca05b64fc0bdcfa392b1f804864510ba7e8a32bad805b64d70bdcfaed2b1f80f6df510bc1e8a32b2c805b64eaf8dcfad6531f806c64510b78c4a32b998c5b64b6ecdcfa732b1f800d64510b8ffaa32b1f805b64510bdcfaa32b1f805b64510bdcfaa32b1f805b64430bdcfaa32b1f805b64510bdcfaa32b1f805b64
2026-10-02 10:32:40.357 [OP] 40E3 inv=FFD3 len=44 #5 12b252fa312b1f80b164610b33fabc2be080956445ec6ffabf5384809fdf0b0b0022202b01cec464edd090fa
2026-10-02 10:32:40.358 [OP] 40E2 inv=FFF3 len=12 #5 41cdfc0b6ffaa32b45809564
2026-10-02 10:32:40.358 [OP] 4202 inv=FFEF len=16 #4 feecdcfab42b1f80d07f510b2625a32b
2026-10-02 10:32:40.358 [OP] 401B inv=FEB3 len=332 #5 603bad800d64510b17faa32b7207c464530bdcfa972b1f80afc6510bdcfaa32be4c65b64510bdcfae9931f805b64510bffe8a32b1f805b64bc595ab12b219f805b64510bdcfaa32b1f125b6412b252fada2b1f802964510bac9fa32b1f805b6437fddcfaa32b1f80e664510bdcfaa32be0c75b64510bdcfa16876c842d437f0bdcfaa32b1f805b645161e2b04d5dad800a64510b31faa32b90125b64510bdcfa
2026-10-02 10:32:40.373 [OUT] 0185 inv=FFF7 len=12 #5 f7ff8501dcfaa32bc8d97b81
2026-10-02 10:33:04.024 [SETTLE] exp=1 gold=199367 len=393
2026-10-02 10:33:20.131 [SETTLE] exp=1 gold=199367 len=403
2026-10-02 10:33:37.650 [SETTLE] exp=1 gold=199367 len=393
2026-10-02 10:33:58.919 [SETTLE] exp=1 gold=199367 len=403
2026-10-02 10:34:18.474 [SETTLE] exp=1 gold=199367 len=403
2026-10-02 10:34:35.703 [SETTLE] exp=2 gold=199367 len=403
2026-10-02 10:34:50.945 [SETTLE] exp=1 gold=199367 len=393
2026-10-02 10:35:13.855 [SETTLE] exp=1 gold=199367 len=393
2026-10-02 10:35:35.355 [SETTLE] exp=2 gold=199367 len=393
2026-10-02 10:35:49.387 [SETTLE] exp=2 gold=199367 len=393
2026-10-02 10:36:12.684 [SETTLE] exp=1 gold=199367 len=393
2026-10-02 10:36:30.187 [SETTLE] exp=2 gold=199367 len=403
2026-10-02 10:36:50.355 [SETTLE] exp=1 gold=199367 len=393
2026-10-02 10:36:54.464 [SYS] #ff0000#您已进入野外区域，可能遭遇玩家间的自由对战，请注意安全！#ffffff#
2026-10-02 10:36:54.534 [OP] 4202 inv=FFEF len=16 #5 b7ecdcfa572b1f80387f510b80c4a32b
2026-10-02 10:36:56.898 [OUT] 009C inv=FFFB len=8 #1 fbff9c00dcfaa32b
2026-10-02 10:36:56.976 [OP] 42E5 inv=FFE5 len=26 #1 0edf510b155a4e78ca805b64510bdcfaa32b1f805b64510bdcfa
2026-10-02 10:37:09.754 [SYS] #FFF692#交纳传送费用#00CCFF#690#FFF692#金币！
2026-10-02 10:37:10.041 [CURRENCY] a=199367 b=989212
2026-10-02 10:37:10.597 [OUT] 009C inv=FFFB len=8 #2 fbff9c00dcfaa32b
2026-10-02 10:37:10.599 [OUT] 009C inv=FFFB len=8 #3 fbff9c00dcfaa32b
2026-10-02 10:37:10.605 [OUT] 009C inv=FFFB len=8 #4 fbff9c00dcfaa32b
2026-10-02 10:37:10.610 [OUT] 009C inv=FFFB len=8 #5 fbff9c00dcfaa32b
2026-10-02 10:37:10.921 [OP] 42E5 inv=FFE5 len=26 #2 7a64510b20faa32bca0c3cc8065c59cc859a0d869887050bdcfa
2026-10-02 10:37:10.921 [OP] 42E5 inv=FFE5 len=26 #3 7a64510b20faa32bca0c3cc8065c59cc859a0d869887050bdcfa
2026-10-02 10:37:10.921 [OP] 42E5 inv=FFE5 len=26 #4 7a64510b20faa32bca0c3cc8065c59cc859a0d869887050bdcfa
2026-10-02 10:37:10.921 [OP] 42E5 inv=FFE5 len=26 #5 7a64510b20faa32bca0c3cc8065c59cc859a0d869887050bdcfa
2026-10-02 10:37:10.923 [OUT] 0135 inv=FFF7 len=12 #1 f7ff3501dcfaa32b5e805b64
2026-10-02 10:37:11.074 [OP] 42A7 inv=FEE6 len=281 #1 966b7f5133dcfaa30062832e058960677f329cdb9ec3538975ceec388294473d4c8260db9048cd942cc35c18755f8f4841572cc35ce656491792383c90db81a552159d31b04f615f1652cb155a4e470b8fdb81a5cb210cf6fe65d97bdd8352155aeb410bd9325382875f5a4e47d88f7e86e675155ab82442836addf65315251ce2c88f6a3cf475f477236f65796a5c8375495b596f5d793b2b526ae0252924c8
2026-10-02 10:37:17.713 [SYS] #FFF692#交纳传送费用#00CCFF#1370#FFF692#金币！
2026-10-02 10:37:17.808 [CURRENCY] a=199367 b=988532
2026-10-02 10:37:23.923 [SYS] #FFF692#交纳传送费用#00CCFF#1810#FFF692#金币！
2026-10-02 10:37:24.010 [SYS] #ff0000#您已进入野外区域，可能遭遇玩家间的自由对战，请注意安全！#ffffff#
2026-10-02 10:37:24.010 [CURRENCY] a=199367 b=988092
2026-10-02 10:37:28.834 [OP] 40A1 inv=FFEB len=20 #1 510bdcfab65d1f809464510b1af4e1de09ef2126
2026-10-02 10:37:36.956 [OUT] 0135 inv=FFF7 len=12 #2 f7ff3501dcfaa32ba8805b64
2026-10-02 10:37:37.096 [OP] 42A7 inv=FEE6 len=281 #2 966b7f5181dcfaa361b527e02ed740b6646c61b527e02ed740b6c9c1c15f9afa0ee2ccc000c161b527fa5d8cd6fcc93ad2a2d0fac0d50bb6649bbf2cb677218c8fd585c112a213e02ed5a312ff44ad2abfd2f0c675dc006c6171d0c53ec70fb3e667d1a8bf0b5dd7403819d1562ca67ef3faaa32789bd2b5275bc06d62bc213afeb98277178cd6b664a32457314e131fe307213a56017de02e518c588244d1b7
2026-10-02 10:37:37.394 [OP] 40A1 inv=FFEB len=20 #2 510bdcfab65d1f809464510be7aeb64a7d12337f
2026-10-02 10:37:41.112 [OP] 40A1 inv=FFEB len=20 #3 510bdcfab65d1f809464510bd2f4dcde3cef6426
2026-10-02 10:37:44.777 [OP] 40A1 inv=FFEB len=20 #4 510bdcfab65d1f809464510bfaae404a8d12b37f
2026-10-02 10:37:48.929 [OP] 40A1 inv=FFEB len=20 #5 510bdcfab65d1f809464510b47f462ded712987f
2026-10-02 10:37:49.867 [SETTLE] exp=2 gold=199367 len=403
2026-10-02 10:37:51.435 [SYS] #ff0000#您已进入野外区域，可能遭遇玩家间的自由对战，请注意安全！#ffffff#
2026-10-02 10:38:22.223 [SETTLE] exp=2 gold=199367 len=393
2026-10-02 10:39:07.023 [SETTLE] exp=2 gold=199367 len=393
2026-10-02 10:39:44.902 [SETTLE] exp=1 gold=199367 len=393
2026-10-02 10:40:18.041 [SETTLE] exp=2 gold=199367 len=393
2026-10-02 10:40:43.772 [SETTLE] exp=1 gold=199367 len=423
2026-10-02 10:40:43.871 [OP] 46E0 inv=FDF7 len=520 #1 41cdfc0b6ffaa32b5207c4640e0bdcfae2121f8097c0510bec74462bd62f8823f27ba17ccd13364f66b22b0bdcfae02b8e5f0d64a40bfdc44d2b49b7f8559080e2c17513aa9bb4fedea391fad1972080d064e6f8322fe65d1f802a642d0b8b5b4f3920806b6fc5d0dc08a32bb9afa5260e0bdcfa7a4140120b472b0b6e10e02b3054a161a4f83dfae2186b12a95550b136fab7280d2ba5261d4ad49995a86d80
2026-10-02 10:41:14.538 [SETTLE] exp=2 gold=199367 len=393
2026-10-02 10:41:43.174 [SETTLE] exp=1 gold=199367 len=393
2026-10-02 10:42:12.898 [SETTLE] exp=2 gold=199367 len=393
2026-10-02 10:42:44.020 [SETTLE] exp=2 gold=199367 len=403
2026-10-02 10:42:56.044 [OP] 4114 inv=FFEF len=16 #1 5207c4647b98dcfa5fff1f806b64510b
2026-10-02 10:42:56.044 [OP] 4114 inv=FFEF len=16 #2 5207c4647b98dcfa2aad1f802764510b
2026-10-02 10:44:09.982 [SETTLE] exp=2 gold=199367 len=393
2026-10-02 10:44:10.078 [OP] 4707 inv=FFF3 len=12 #1 603bad8057ecfc0b17faa32b
2026-10-02 10:45:14.033 [SETTLE] exp=2 gold=199367 len=393
2026-10-02 10:45:43.813 [SETTLE] exp=2 gold=199367 len=393
2026-10-02 10:46:16.024 [SETTLE] exp=2 gold=199367 len=393
2026-10-02 10:46:36.745 [OP] 4114 inv=FFEF len=16 #3 5207c4647b98dcfa98ff1f806b64510b
2026-10-02 10:46:36.745 [OP] 4114 inv=FFEF len=16 #4 5207c4647b98dcfa60ad1f80ba64510b
2026-10-02 10:46:52.332 [OP] 4114 inv=FFEF len=16 #5 5207c4647b98dcfaf3ef1f802764510b
2026-10-02 10:46:58.615 [SETTLE] exp=2 gold=199367 len=393
2026-10-02 10:47:45.620 [SETTLE] exp=2 gold=199367 len=393
2026-10-02 10:48:19.862 [SETTLE] exp=1 gold=199367 len=393
2026-10-02 10:48:51.433 [SETTLE] exp=1 gold=199367 len=393
2026-10-02 10:49:28.995 [SETTLE] exp=1 gold=199367 len=393
2026-10-02 10:51:19.882 [SETTLE] exp=2 gold=199367 len=393
2026-10-02 10:51:19.973 [OP] 4707 inv=FFF3 len=12 #2 603bad80baecfc0b17faa32b
2026-10-02 10:51:20.988 [OP] 4018 inv=FFF0 len=15 #1 966b7f515ca722a374a5e5946451d0
2026-10-02 10:51:52.047 [SETTLE] exp=1 gold=199367 len=393
2026-10-02 10:52:20.832 [SETTLE] exp=2 gold=199367 len=403
2026-10-02 10:53:08.592 [SETTLE] exp=2 gold=199367 len=393
2026-10-02 10:53:40.753 [SETTLE] exp=1 gold=199367 len=393
2026-10-02 10:54:16.464 [SETTLE] exp=1 gold=199367 len=393
2026-10-02 10:54:49.864 [SETTLE] exp=1 gold=199367 len=393
2026-10-02 10:55:18.363 [SETTLE] exp=2 gold=199367 len=393
2026-10-02 10:55:43.421 [SETTLE] exp=2 gold=199367 len=393
2026-10-02 10:56:15.350 [SETTLE] exp=1 gold=199367 len=393
2026-10-02 10:56:15.436 [OP] 46E0 inv=FDF7 len=520 #2 41cdfc0b6ffaa32b7207c464580bdcfa02121f805b64510bdcfaa32b2f94946f6968d9fa4016d5a0ad1d0ec4598a084a00526fdf8a68d9fa3db5e3801c64510bfbd0bd321f8048648a68d9fa3518c112ae1b57ec5ee8a32b9d805b646968d9faa32b1f8011b3edb119d95653c09122a9801099f41b3b1f80036f45ec2d88084a989a31df00594cf47687c11286232b5f5e3bfe931f805b64625a79e8a987c112
2026-10-02 10:56:42.051 [SETTLE] exp=1 gold=199367 len=393
2026-10-02 10:57:14.837 [SETTLE] exp=2 gold=199367 len=393
2026-10-02 10:57:49.865 [SETTLE] exp=1 gold=199367 len=393
2026-10-02 10:58:24.968 [SETTLE] exp=2 gold=199367 len=393
2026-10-02 10:58:54.396 [SETTLE] exp=2 gold=199367 len=393
2026-10-02 10:59:31.491 [SETTLE] exp=1 gold=199367 len=393
2026-10-02 11:00:03.352 [SETTLE] exp=2 gold=199367 len=393
2026-10-02 11:00:42.035 [SETTLE] exp=2 gold=199367 len=403
2026-10-02 11:01:13.008 [SETTLE] exp=1 gold=199367 len=393
2026-10-02 11:01:13.101 [OP] 46E0 inv=FDF7 len=520 #3 41cdfc0b6ffaa32b7207c464580bdcfa52c41f80b038c6158ffaa32bd62f88230acb2cc076ce7c8c66b22b0bdcfae02b1f802a64510bdcfaa32b1f805b64510bdcfae02b1f805b64510b09facd913b79c764f8ec244e392bad805226510bdcfaa32b20805b64510bdcfae02b0fa9c86f310b3efa014234805764ceecdcfaa32b1f802a64510bdcfaa32b2080f33b24c490fa212b49ee4064560bb3e8a32b1f80
2026-10-02 11:01:47.600 [SETTLE] exp=2 gold=199367 len=393
2026-10-02 11:02:16.068 [SETTLE] exp=1 gold=199367 len=393
2026-10-02 11:02:47.282 [SETTLE] exp=1 gold=199367 len=393
2026-10-02 11:03:29.852 [SETTLE] exp=1 gold=199367 len=393
2026-10-02 11:03:29.943 [OP] 4707 inv=FFF3 len=12 #3 603bad80a1ecfc0b17faa32b
2026-10-02 11:03:56.974 [SETTLE] exp=2 gold=199367 len=393
2026-10-02 11:04:21.587 [SETTLE] exp=2 gold=199367 len=393
2026-10-02 11:05:00.712 [SETTLE] exp=2 gold=199367 len=393
2026-10-02 11:05:26.383 [SETTLE] exp=2 gold=199367 len=393
2026-10-02 11:05:56.093 [SETTLE] exp=1 gold=199367 len=393
2026-10-02 11:06:24.168 [SETTLE] exp=1 gold=199367 len=393
2026-10-02 11:06:58.190 [SETTLE] exp=2 gold=199367 len=393
2026-10-02 11:07:21.652 [SETTLE] exp=2 gold=199367 len=393
2026-10-02 11:07:48.915 [SETTLE] exp=1 gold=199367 len=393
2026-10-02 11:08:17.898 [SETTLE] exp=1 gold=199367 len=403
2026-10-02 11:09:01.526 [SETTLE] exp=2 gold=199367 len=393
2026-10-02 11:09:40.765 [SETTLE] exp=2 gold=199367 len=403
2026-10-02 11:09:40.855 [OP] 46E0 inv=FDF7 len=520 #4 41cdfc0b6ffaa32b7207c464580bdcfa534d1f80c464d30b6e22aa24d62f8823e27a80c08653ad8066b2c80bdcfa9d2b39ce0e53510bdcfadb2b5980aaa3af0b2dfa8d3269805b642525bac4572b1f80c4640fd0f175b42b8b564864ce2604ae3befa6809564510bdc08a32bc03f3b7fe60bdcfa7ae2fa790b47c80b0f8cd113f9174c2360ecdcfaa32b1f805b64510bd0e2ab2b70b43964db8069259ba86d80
2026-10-02 11:10:13.429 [SETTLE] exp=1 gold=199367 len=393
2026-10-02 11:10:44.325 [SETTLE] exp=1 gold=199367 len=393
2026-10-02 11:11:17.010 [SETTLE] exp=1 gold=199367 len=393
2026-10-02 11:12:05.382 [SETTLE] exp=2 gold=199367 len=393
2026-10-02 11:12:38.165 [SETTLE] exp=1 gold=199367 len=393
2026-10-02 11:13:04.509 [SETTLE] exp=2 gold=199367 len=393
2026-10-02 11:13:32.337 [SETTLE] exp=1 gold=199367 len=393
2026-10-02 11:13:53.015 [SETTLE] exp=1 gold=199367 len=393
2026-10-02 11:14:25.652 [SETTLE] exp=2 gold=199367 len=403
2026-10-02 11:14:50.313 [SETTLE] exp=1 gold=199367 len=413
2026-10-02 11:14:50.405 [OP] 46E0 inv=FDF7 len=520 #5 41cdfc0b6ffaa32b5207c464580bdcfa02121f805b64a5525e74b72bd62f8823497b3cc0dd0d598066b2c80bdcfa9d2bc75f2764510bdcfadb2b56ce5ba1490b815b7d3569805b64d6a8c099202b1f80c46486b2dc5e312b8b564864555260f49c36d1805b64a552dc08a32b3812637f0b0bdcfa52db9dce0b47c80b6e109d2bc0b073c6a9c22ffae218decea955f4d08e547bce0d2ba47f1d4ad4999ba86d80
2026-10-02 11:15:23.949 [SETTLE] exp=2 gold=199367 len=393
2026-10-02 11:15:55.259 [SETTLE] exp=2 gold=199367 len=403
2026-10-02 11:16:40.415 [SETTLE] exp=2 gold=199367 len=393
2026-10-02 11:17:17.302 [SETTLE] exp=1 gold=199367 len=393
2026-10-02 11:17:52.727 [SETTLE] exp=1 gold=199367 len=393
2026-10-02 11:18:13.884 [SETTLE] exp=2 gold=199367 len=393
2026-10-02 11:18:42.165 [SETTLE] exp=1 gold=199367 len=393
2026-10-02 11:19:08.957 [SETTLE] exp=1 gold=199367 len=403
2026-10-02 11:19:46.882 [SETTLE] exp=1 gold=199367 len=403
2026-10-02 11:20:15.385 [SETTLE] exp=1 gold=199367 len=393
2026-10-02 11:20:47.541 [SETTLE] exp=1 gold=199367 len=393
2026-10-02 11:21:14.458 [SETTLE] exp=2 gold=199367 len=393
2026-10-02 11:21:37.786 [SETTLE] exp=1 gold=199367 len=403
2026-10-02 11:21:49.045 [OP] 4031 inv=FFE0 len=31 #4 44dc5ba32b1f805bdf51ae67a99e36a7cb0f1355938cfaa39d7ff324cef60b
2026-10-02 11:22:21.101 [SETTLE] exp=1 gold=199367 len=393
2026-10-02 11:22:54.034 [SETTLE] exp=1 gold=199367 len=393
2026-10-02 11:23:19.086 [SETTLE] exp=2 gold=199367 len=393
2026-10-02 11:23:49.131 [SETTLE] exp=1 gold=199367 len=393
2026-10-02 11:24:19.431 [SETTLE] exp=1 gold=199367 len=403
2026-10-02 11:25:04.530 [SETTLE] exp=2 gold=199367 len=393
2026-10-02 11:26:21.537 [SETTLE] exp=2 gold=199367 len=393
2026-10-02 11:27:21.854 [SETTLE] exp=1 gold=199367 len=393
2026-10-02 11:27:45.722 [SETTLE] exp=2 gold=199367 len=403
2026-10-02 11:28:20.840 [SETTLE] exp=1 gold=199367 len=393
2026-10-02 11:28:52.725 [SETTLE] exp=2 gold=199367 len=403
2026-10-02 11:29:54.146 [SETTLE] exp=2 gold=199367 len=393
2026-10-02 11:30:36.215 [SETTLE] exp=2 gold=199367 len=403
2026-10-02 11:31:10.020 [SETTLE] exp=2 gold=199367 len=393
2026-10-02 11:31:35.256 [SETTLE] exp=1 gold=199367 len=393
2026-10-02 11:32:30.261 [SETTLE] exp=2 gold=199367 len=403
2026-10-02 11:32:55.816 [SETTLE] exp=1 gold=199367 len=393
2026-10-02 11:33:41.426 [SETTLE] exp=1 gold=199367 len=403
2026-10-02 11:34:18.915 [SETTLE] exp=2 gold=199367 len=393
2026-10-02 11:34:56.567 [SETTLE] exp=2 gold=199367 len=393
2026-10-02 11:35:25.964 [SETTLE] exp=1 gold=199367 len=393
2026-10-02 11:36:00.678 [SETTLE] exp=1 gold=199367 len=393
2026-10-02 11:36:32.746 [SETTLE] exp=2 gold=199367 len=393
2026-10-02 11:37:16.113 [SETTLE] exp=2 gold=199367 len=393
2026-10-02 11:37:45.399 [SETTLE] exp=1 gold=199367 len=393
2026-10-02 11:38:07.324 [SETTLE] exp=2 gold=199367 len=403
2026-10-02 11:38:43.105 [QUESTION] {"type":"question","sock":2716,"qno":11,"field_a":81,"stem":"蚊子发出的“嗡嗡”的声音是由于？","options":["1、翅膀振动","2、有鼻音","3、在唱歌","4、放的屁"]}
2026-10-02 11:38:44.116 [UI] auto dump on question qno=11
2026-10-02 11:38:44.116 [UI] ---- window dump begin (pid 27488) ----
2026-10-02 11:38:44.476 [UI] TOP=001F059A vis=1 cls=QBOvCls rc=(537,437,897,533) title=
2026-10-02 11:38:44.486 [UI] TOP=000903E0 vis=1 cls=ATL:012FF210 rc=(197,70,1237,877) title=什么什么大冒险2(①逍遥村敬老院)-伏地魔2_Sep 24 2026《什么什么大冒险》制作委员会QQ群:515616289
2026-10-02 11:38:44.491 [UI] TOP=000B0630 vis=0 cls=DIEmWin rc=(-1,-1,135,38) title=DIEmWin
2026-10-02 11:38:44.629 [SETTLE] exp=1 gold=199367 len=393
2026-10-02 11:38:44.885 [UI] TOP=000905EA vis=0 cls=IME rc=(0,0,0,0) title=Default IME
2026-10-02 11:38:44.891 [UI] TOP=00060A32 vis=0 cls=MSCTFIME UI rc=(0,0,0,0) title=MSCTFIME UI
2026-10-02 11:38:44.913 [UI] TOP=00060A38 vis=0 cls=IME rc=(0,0,0,0) title=Default IME
2026-10-02 11:38:44.915 [UI] TOP=00060A3E vis=0 cls=IME rc=(0,0,0,0) title=Default IME
2026-10-02 11:38:44.915 [UI] ---- window dump end ----
2026-10-02 11:38:46.177 [SEND-ANSWER] qno=11 opt=0 ret=13 sock=2716
2026-10-02 11:38:46.221 [SYS] 测试通过！
2026-10-02 11:38:46.315 [SYS] 获得了#00FF00#100#FFF692#金币
2026-10-02 11:38:46.315 [CURRENCY] a=199367 b=990002
2026-10-02 11:38:47.989 [UI] auto-closing quiz frame: qno=11 opt=0
2026-10-02 11:39:18.626 [SETTLE] exp=1 gold=199367 len=393
2026-10-02 11:39:56.340 [SETTLE] exp=1 gold=199367 len=393
2026-10-02 11:40:34.069 [SETTLE] exp=2 gold=199367 len=393
2026-10-02 11:41:10.902 [SETTLE] exp=1 gold=199367 len=403
2026-10-02 11:41:21.170 [OP] 4707 inv=FFF3 len=12 #4 603bad8063cdfc0b17faa32b
2026-10-02 11:41:21.264 [OP] 43F1 inv=FFFA len=5 #3 33b4de1fc7
2026-10-02 11:41:29.633 [OUT] 0049 inv=FFEC len=23 #1 ecff49002b1f805b64510bdc5a4e78c8805b64510bd3c4
2026-10-02 11:41:29.746 [OP] 4020 inv=FFE7 len=24 #2 12b252facd2bca8094dffc0bc740a32bca809564180b3bfa
2026-10-02 11:41:30.255 [OUT] 0135 inv=FFF7 len=12 #3 f7ff3501dcfaa32b82805b64
2026-10-02 11:41:30.261 [OUT] 0135 inv=FFF7 len=12 #4 f7ff3501dcfaa32b08805b64
2026-10-02 11:41:30.267 [OUT] 0135 inv=FFF7 len=12 #5 f7ff3501dcfaa32ba0805b64
2026-10-02 11:41:30.346 [OP] 42A7 inv=FEE6 len=281 #3 966b7f5183dcfaa31831d3c20133340c33509e31d3c2019ff0dcfaa32b1f805b64510bdcfaa32b31d35bfc510bdcfaa32b1f805b649f0befa9a31827805bfc510b39faa3182780c2015119398aa3e9887e3e649f1939fa8b311f2b3efb5164cd641012272b3e643334dcfc1018887eacfb9f19b6fc102b72c15bfc9f85cd8a0461272bacfb9f0b0c33a3e9272bacfb9f1939fc0418278063ca516439fa046127
2026-10-02 11:41:30.450 [OP] 42A7 inv=FEE6 len=281 #4 966b7f5118dcfaa31831d3c20133340c33509e31d3c2019ff0dcfaa32b1f805b64510bdcfaa32b31d35b64510bdcfaa32b1f805b64510befa9102b1f803efc510bcd8aa32b1f2bc2015119dcfa10e91f80acfb510b39fa8b311f80ac642564398a04181f7e5b643334dcfaa3e9882bacfc9f1939faa32b72c15bfb9f0bcd8a0418272b5bfb9f0b0c33a318272b5b649f19dcfa0418278063ca5164cd8a041827
2026-10-02 11:41:30.450 [OP] 42A7 inv=FEE6 len=281 #5 966b7f518adcfaa31831d3c20133340c33509e31d3c2019ff0dcfaa32b1f805b64510bdcfaa32b31d35b64510bcd8a0418272b5b64510befa9a32b1f7eacfb9f64cd8a042b1f80c201510b398a0418407eacfb9f64dcfa8b311f7e3e645164398aa32b272b3e643334dc8aa32b1f803e64510bdcfc102b72c15bfb510bdcfa102b1f805bfc9f0b0c33a3181f805bfc2564dcfaa3e9278063ca5119dcfa041827
2026-10-02 11:41:42.892 [OP] 401E inv=FFAD len=82 #1 603bad806c160e0b52faa32b1f805b64a552155a4e78c8d97b81a5526908a32bc8d97b81a552155a66c71f805f82510b810fa32bc8d97b81a552155a4e78c8d97b81a552dcfaa32b1f805b64510bdcfaa32b
2026-10-02 11:43:11.353 [OP] 401E inv=FFAD len=82 #2 603bad80e2160e0b52faa32ba5805b64a552155a4e78c8d98955510b0f08a32bc8d97b81a552155a39c71f804d82510be702a32bc8d97b81a552155a4e78c8d97b81a552dcfab7d91f8040080b0bdcfaa32b
2026-10-02 11:43:55.374 [OP] 401E inv=FFAD len=82 #3 603bad80984c0e0b52faa32b1f805b64b80cdcfa4e78c8d97b81a5524392a32bc8d97b81a552155ab1c71f800882510bed02a32bc8d97b81a552155a4e78c8d97b81a552dcfaa32b1f805b64510bdcfaa32b
2026-10-02 11:44:06.824 [OP] 401E inv=FFAD len=82 #4 603bad80984c0e0b52faa32b1f805b64b80cdcfa1f601f807b81a5524392a32bc8d97b81a552155ab1c71f800882510bed02a32bc8d97b81a552155a4e78c8d97b81a552dcfaa32b1f805b64510bdcfaa32b
2026-10-02 11:44:33.594 [OV] overlay OFF
2026-10-02 11:44:58.390 [OP] 401E inv=FFAD len=82 #5 603bad80984c0e0b52faa32b1f805b64b80cdcfa4e78c8d97b81a5524392a32bc8d97b81a552155ab1c71f800882510bed02a32bc8d97b81a552155a4e78c8d97b81a552dcfaa32b1f805b64510bdcfaa32b
2026-10-02 11:45:50.399 [OP] 43F1 inv=FFFA len=5 #4 00bb531faa
2026-10-02 11:46:02.885 [OP] 43F1 inv=FFFA len=5 #5 00bb531fc7
2026-10-02 11:53:35.796 [OP] 4031 inv=FF64 len=155 #5 935b6151d0dcfaa3531fa4db8c740acb57e554e2a4021f2ef368a2346786b098f990b978b8349a6671ffd856b3d3a234670b1cedde6c3876a2348282d36de074a4b1ef1075e8f26f270094b8b8128eac5daf0572a3965034679694f3b3e1a6b6ccc29b40f32cce4d87f0775131a2b1f389f9140fb35120bb4c848980ef6e165119aeeb837bc06919740e23d0e4346451e49cfc58f33ee554cab00b
2026-10-02 11:54:50.952 [OUT] 0046 inv=FFF7 len=12 #1 f7ff4600a32b1f80c364510b
2026-10-02 11:54:50.977 [OUT] 0046 inv=FFF7 len=12 #2 f7ff4600a32b1f804064510b
2026-10-02 11:54:51.021 [OP] 4026 inv=FFAF len=80 #1 c3612edf6afaf82c1fe516ec51ece2fa3b2f2d8095a25150cfc4a353d6808682cad0dcc45b2bf6d110645861dc105f851faaec6462273bfaf82c1fae0d1751ece2fae8de3d8095a251506f6ba353d680
2026-10-02 11:54:51.129 [OP] 4026 inv=FFCB len=52 #2 a57986826c7fdcc45b2bf6d1f4645861dc105f971faaec6462752dfaf82c1fae0d7951ece2fae8de2d8095a251506f42a353d680
2026-10-02 12:00:00.517 [SYS] 许愿池里多了一批新礼物，赶紧来许愿吧~
2026-10-02 12:08:05.160 [OP] 4018 inv=FFF0 len=15 #2 966b7f51bd3e22a36b2d17c36451d0
2026-10-02 12:08:05.160 [OP] 4018 inv=FFF0 len=15 #3 966b7f51393e22a36b2d17c36451d0
2026-10-02 12:16:07.405 [OUT] 0046 inv=FFF7 len=12 #3 f7ff4600a32b1f809564510b
2026-10-02 12:16:07.418 [OUT] 0046 inv=FFF7 len=12 #4 f7ff4600a32b1f805b64510b
2026-10-02 12:16:07.480 [OP] 4026 inv=FFF6 len=9 #3 df58fb76e0a353d680
2026-10-02 12:16:07.581 [OP] 4026 inv=FFCB len=52 #4 1f7986180e0b6fb0a37098e994645861dc10872e1faaec6462cd3dfaf82c1faec3ec51ece2fae8ce588095a251506f40a353d680
2026-10-02 12:16:12.741 [QUESTION] {"type":"question","sock":2716,"qno":18,"field_a":79,"stem":"以下属于我国珍惜保护动物的是？","options":["1、火麒麟","2、藏羚羊","3、猩猩队长","4、霸天虎"]}
2026-10-02 12:16:13.755 [UI] auto dump on question qno=18
2026-10-02 12:16:13.755 [UI] ---- window dump begin (pid 27488) ----
2026-10-02 12:16:14.015 [UI] TOP=001F059A vis=0 cls=QBOvCls rc=(537,437,897,533) title=
2026-10-02 12:16:14.028 [UI] TOP=000903E0 vis=1 cls=ATL:012FF210 rc=(197,70,1237,877) title=什么什么大冒险2(①逍遥村敬老院)-伏地魔2_Sep 24 2026《什么什么大冒险》制作委员会QQ群:515616289
2026-10-02 12:16:14.028 [UI] TOP=000B0630 vis=0 cls=DIEmWin rc=(-1,-1,135,38) title=DIEmWin
2026-10-02 12:16:14.417 [UI] TOP=000905EA vis=0 cls=IME rc=(0,0,0,0) title=Default IME
2026-10-02 12:16:14.432 [UI] TOP=00060A32 vis=0 cls=MSCTFIME UI rc=(0,0,0,0) title=MSCTFIME UI
2026-10-02 12:16:14.449 [UI] TOP=00060A38 vis=0 cls=IME rc=(0,0,0,0) title=Default IME
2026-10-02 12:16:14.450 [UI] TOP=00060A3E vis=0 cls=IME rc=(0,0,0,0) title=Default IME
2026-10-02 12:16:14.451 [UI] ---- window dump end ----
2026-10-02 12:16:16.377 [SEND-ANSWER] qno=18 opt=1 ret=13 sock=2716
2026-10-02 12:16:16.428 [SYS] 测试通过！
2026-10-02 12:16:16.528 [SYS] 获得了#00FF00#100#FFF692#金币
2026-10-02 12:16:16.529 [CURRENCY] a=199367 b=990102
2026-10-02 12:16:18.184 [UI] auto-closing quiz frame: qno=18 opt=1
2026-10-02 12:16:18.200 [UI] option 1 control NOT found — falling back to digit key
2026-10-02 12:16:19.875 [OUT] 1F04 inv=FFF6 len=13 #3 f6ff041fce1f805bbe510bdcc4
2026-10-02 12:25:20.330 [OP] 40EB inv=FFE7 len=24 #1 74c2392b526f9464090bdcc6a32b1f809564510b0dc0a32b
2026-10-02 12:47:17.831 [OUT] 0046 inv=FFF7 len=12 #5 f7ff4600a32b1f80c464510b
2026-10-02 12:47:17.904 [OP] 4026 inv=FFD2 len=45 #5 22207098c294645861dc10876c1faaec6462cd12faf82c1faedcbe51ece2fae8ce9f8095a2515052c9a353d680
2026-10-02 12:47:52.418 [OP] 4708 inv=FFF3 len=12 #1 6a1f0e0b6369db2b0f805b64
2026-10-02 12:48:24.128 [OP] 4708 inv=FFF3 len=12 #2 151f0e0bd569db2b0f805b64
2026-10-02 12:48:30.950 [OP] 4708 inv=FFF3 len=12 #3 561f0e0b0669db2b0f805b64
2026-10-02 12:48:56.455 [OP] 4708 inv=FFF3 len=12 #4 991f0e0b5669db2b0f805b64
2026-10-02 12:54:09.568 [OP] 4708 inv=FFF3 len=12 #5 561f0e0b0669db2b0f805b64
2026-10-02 13:12:35.132 [OP] 4704 inv=FFDE len=33 #2 5ca722a3ed67ce5bb5510bdc53a32b1feb066d0d9c27bbea2b1f805b64510bdcfa
2026-10-02 13:12:55.533 [OUT] 0031 inv=FFCE len=53 #2 ceff310064513752c6d8de1f4f5b6451b9dcfaa32b1f805b75510bdce8a32b1f805b6451d286033d6643505b64510bdcfaa32b1f80
2026-10-02 13:13:35.725 [SYS] #ff0000#您已进入野外区域，可能遭遇玩家间的自由对战，请注意安全！#ffffff#
2026-10-02 13:14:01.535 [SETTLE] exp=2 gold=199367 len=403
2026-10-02 13:14:13.118 [SETTLE] exp=1 gold=199367 len=403
2026-10-02 13:14:25.756 [SETTLE] exp=2 gold=199367 len=403
2026-10-02 13:14:39.588 [SETTLE] exp=1 gold=199367 len=393
2026-10-02 13:14:51.228 [SETTLE] exp=1 gold=199367 len=393
2026-10-02 13:15:02.997 [SETTLE] exp=2 gold=199367 len=393
2026-10-02 13:15:14.556 [SETTLE] exp=2 gold=199367 len=393
2026-10-02 13:15:18.774 [SYS] #ff0000#您已进入野外区域，可能遭遇玩家间的自由对战，请注意安全！#ffffff#
2026-10-02 13:15:26.632 [SYS] #FFF692#交纳传送费用#00CCFF#690#FFF692#金币！
2026-10-02 13:15:26.726 [CURRENCY] a=199367 b=989412
2026-10-02 13:15:32.785 [SYS] #FFF692#交纳传送费用#00CCFF#1370#FFF692#金币！
2026-10-02 13:15:32.885 [CURRENCY] a=199367 b=988732
2026-10-02 13:15:37.053 [SYS] #FFF692#交纳传送费用#00CCFF#1810#FFF692#金币！
2026-10-02 13:15:37.147 [SYS] #ff0000#您已进入野外区域，可能遭遇玩家间的自由对战，请注意安全！#ffffff#
2026-10-02 13:15:37.147 [CURRENCY] a=199367 b=988292
2026-10-02 13:15:41.584 [OP] 40A2 inv=FFF3 len=12 #1 dcfaa32bca805b64d4bfdcfa
2026-10-02 13:15:55.059 [SETTLE] exp=1 gold=199367 len=403
2026-10-02 13:16:03.350 [OP] 40A2 inv=FFF3 len=12 #2 dcfaa32bca805b64fdf8dcfa
2026-10-02 13:16:14.445 [SETTLE] exp=1 gold=199367 len=403
2026-10-02 13:16:16.611 [SYS] #ff0000#您已进入野外区域，可能遭遇玩家间的自由对战，请注意安全！#ffffff#
2026-10-02 13:16:49.264 [SETTLE] exp=1 gold=199367 len=393
2026-10-02 13:17:36.089 [SETTLE] exp=2 gold=199367 len=423
2026-10-02 13:18:10.133 [SETTLE] exp=2 gold=199367 len=393
2026-10-02 13:18:45.838 [SETTLE] exp=1 gold=199367 len=393
2026-10-02 13:19:11.117 [SETTLE] exp=1 gold=199367 len=393
2026-10-02 13:19:46.331 [SETTLE] exp=2 gold=199367 len=393
2026-10-02 13:20:22.096 [SETTLE] exp=2 gold=199367 len=403
2026-10-02 13:21:04.438 [SETTLE] exp=2 gold=199367 len=393
2026-10-02 13:24:42.029 [SETTLE] exp=1 gold=199367 len=393
2026-10-02 13:25:05.234 [SETTLE] exp=2 gold=199367 len=393
2026-10-02 13:25:07.338 [SYS] #ff0000#您已进入野外区域，可能遭遇玩家间的自由对战，请注意安全！#ffffff#
2026-10-02 13:25:28.474 [SETTLE] exp=2 gold=199367 len=393
2026-10-02 13:25:35.890 [OP] 40A2 inv=FFF3 len=12 #3 dcfaa32bca805b64d4bfdcfa
2026-10-02 13:26:25.658 [OP] 40A2 inv=FFF3 len=12 #4 dcfaa32bca805b64fdf8dcfa
2026-10-02 13:26:58.028 [OP] 40A2 inv=FFF3 len=12 #5 dcfaa32bca805b64e6f8dcfa
2026-10-02 13:32:10.634 [SETTLE] exp=1 gold=199367 len=393
2026-10-02 13:32:12.442 [SYS] #ff0000#您已进入野外区域，可能遭遇玩家间的自由对战，请注意安全！#ffffff#
2026-10-02 13:33:19.932 [SETTLE] exp=2 gold=199367 len=393
2026-10-02 13:33:47.721 [SETTLE] exp=1 gold=199367 len=393
2026-10-02 13:34:19.550 [SETTLE] exp=2 gold=199367 len=393
2026-10-02 13:35:00.944 [SETTLE] exp=2 gold=199367 len=393
2026-10-02 13:35:37.458 [SETTLE] exp=1 gold=199367 len=403
2026-10-02 13:36:10.159 [SETTLE] exp=2 gold=199367 len=393
2026-10-02 13:36:42.271 [SETTLE] exp=1 gold=199367 len=393
2026-10-02 13:37:26.698 [SETTLE] exp=2 gold=199367 len=393
2026-10-02 13:37:58.224 [SETTLE] exp=2 gold=199367 len=393
2026-10-02 13:38:38.376 [SETTLE] exp=1 gold=199367 len=393
2026-10-02 13:39:10.229 [SETTLE] exp=1 gold=199367 len=393
2026-10-02 13:39:37.674 [SETTLE] exp=1 gold=199367 len=393
2026-10-02 13:40:07.459 [SETTLE] exp=1 gold=199367 len=393
2026-10-02 13:40:35.866 [SETTLE] exp=2 gold=199367 len=403
2026-10-02 13:41:08.588 [SETTLE] exp=1 gold=199367 len=393
2026-10-02 13:41:36.583 [SETTLE] exp=1 gold=199367 len=393
2026-10-02 13:42:23.754 [SETTLE] exp=1 gold=199367 len=393
2026-10-02 13:42:51.729 [SETTLE] exp=1 gold=199367 len=393
2026-10-02 13:43:18.151 [SETTLE] exp=2 gold=199367 len=393
2026-10-02 13:44:00.955 [SETTLE] exp=2 gold=199367 len=393
2026-10-02 13:44:39.885 [SETTLE] exp=1 gold=199367 len=393
2026-10-02 13:45:09.702 [SETTLE] exp=1 gold=199367 len=393
2026-10-02 13:45:40.663 [SETTLE] exp=2 gold=199367 len=393
2026-10-02 13:46:04.774 [SETTLE] exp=2 gold=199367 len=403
2026-10-02 13:46:29.805 [SETTLE] exp=2 gold=199367 len=393
2026-10-02 13:46:57.064 [SETTLE] exp=2 gold=199367 len=393
2026-10-02 13:47:26.776 [SETTLE] exp=2 gold=199367 len=393
2026-10-02 13:48:03.745 [QUESTION] {"type":"question","sock":2716,"qno":2,"field_a":74,"stem":"地球公转的方向是怎样的?","options":["1、上下蹦","2、左右晃悠","3、社会摇","4、自西向东"]}
2026-10-02 13:48:04.762 [UI] auto dump on question qno=2
2026-10-02 13:48:04.762 [UI] ---- window dump begin (pid 27488) ----
2026-10-02 13:48:04.953 [UI] TOP=001F059A vis=0 cls=QBOvCls rc=(537,437,897,533) title=
2026-10-02 13:48:04.955 [UI] TOP=000903E0 vis=1 cls=ATL:012FF210 rc=(197,70,1237,877) title=什么什么大冒险2(①逍遥村敬老院)-伏地魔2_Sep 24 2026《什么什么大冒险》制作委员会QQ群:515616289
2026-10-02 13:48:04.962 [UI] TOP=000B0630 vis=0 cls=DIEmWin rc=(-1,-1,135,38) title=DIEmWin
2026-10-02 13:48:05.367 [UI] TOP=000905EA vis=0 cls=IME rc=(0,0,0,0) title=Default IME
2026-10-02 13:48:05.389 [UI] TOP=00060A32 vis=0 cls=MSCTFIME UI rc=(0,0,0,0) title=MSCTFIME UI
2026-10-02 13:48:05.404 [UI] TOP=00060A38 vis=0 cls=IME rc=(0,0,0,0) title=Default IME
2026-10-02 13:48:05.404 [UI] TOP=00060A3E vis=0 cls=IME rc=(0,0,0,0) title=Default IME
2026-10-02 13:48:05.404 [UI] ---- window dump end ----
2026-10-02 13:48:06.495 [SEND-ANSWER] qno=2 opt=3 ret=13 sock=2716
2026-10-02 13:48:06.558 [SYS] 测试通过！
2026-10-02 13:48:06.655 [SYS] 获得了#00FF00#100#FFF692#金币
2026-10-02 13:48:06.655 [CURRENCY] a=199367 b=990202
2026-10-02 13:48:06.655 [SETTLE] exp=1 gold=199367 len=393
2026-10-02 13:48:08.307 [UI] auto-closing quiz frame: qno=2 opt=3
2026-10-02 13:48:08.319 [UI] option 3 control NOT found — falling back to digit key
2026-10-02 13:48:39.639 [SETTLE] exp=1 gold=199367 len=393
2026-10-02 13:48:58.995 [SETTLE] exp=2 gold=199367 len=393
2026-10-02 13:49:43.660 [SETTLE] exp=1 gold=199367 len=393
2026-10-02 13:50:16.770 [SETTLE] exp=1 gold=199367 len=393
2026-10-02 13:50:43.493 [SETTLE] exp=1 gold=199367 len=393
2026-10-02 13:51:11.180 [SETTLE] exp=2 gold=199367 len=393
2026-10-02 13:51:43.525 [SETTLE] exp=2 gold=199367 len=393
2026-10-02 13:52:23.963 [SETTLE] exp=2 gold=199367 len=393
2026-10-02 13:52:55.944 [SETTLE] exp=1 gold=199367 len=393
2026-10-02 13:53:22.696 [SETTLE] exp=2 gold=199367 len=393
2026-10-02 13:53:45.086 [SETTLE] exp=1 gold=199367 len=393
2026-10-02 13:54:22.781 [SETTLE] exp=2 gold=199367 len=393
2026-10-02 13:54:43.036 [SETTLE] exp=1 gold=199367 len=393
2026-10-02 13:55:23.540 [SETTLE] exp=1 gold=199367 len=393
2026-10-02 13:55:23.623 [OP] 4210 inv=FFF3 len=12 #4 570bdcfa9f2b1f80a1ecfc0b
2026-10-02 13:55:50.589 [SETTLE] exp=2 gold=199367 len=403
2026-10-02 13:56:27.903 [SETTLE] exp=2 gold=199367 len=393
2026-10-02 13:57:07.820 [SETTLE] exp=1 gold=199367 len=403
2026-10-02 13:57:40.302 [SETTLE] exp=1 gold=199367 len=393
2026-10-02 13:58:07.475 [SETTLE] exp=1 gold=199367 len=393
2026-10-02 13:58:34.391 [SETTLE] exp=1 gold=199367 len=393
2026-10-02 13:58:59.716 [SETTLE] exp=2 gold=199367 len=403
2026-10-02 13:59:39.894 [SETTLE] exp=1 gold=199367 len=393
2026-10-02 14:00:04.337 [SETTLE] exp=1 gold=199367 len=393
2026-10-02 14:00:28.348 [SETTLE] exp=2 gold=199367 len=393
2026-10-02 14:00:54.855 [SETTLE] exp=1 gold=199367 len=393
2026-10-02 14:01:17.837 [SETTLE] exp=2 gold=199367 len=393
2026-10-02 14:01:46.026 [OP] 4210 inv=FFF3 len=12 #5 520bdcfaef2b1f80a0ecfc0b
2026-10-02 14:02:01.434 [SETTLE] exp=2 gold=199367 len=423
2026-10-02 14:02:29.731 [SETTLE] exp=1 gold=199367 len=393
2026-10-02 14:02:59.203 [SETTLE] exp=2 gold=199367 len=393
2026-10-02 14:03:28.364 [SETTLE] exp=2 gold=199367 len=393
2026-10-02 14:03:56.319 [SETTLE] exp=1 gold=199367 len=403
2026-10-02 14:04:27.584 [SETTLE] exp=2 gold=199367 len=393
2026-10-02 14:05:06.708 [SETTLE] exp=2 gold=199367 len=393
2026-10-02 14:05:34.344 [SETTLE] exp=1 gold=199367 len=393
2026-10-02 14:06:12.827 [SETTLE] exp=1 gold=199367 len=393
2026-10-02 14:06:37.196 [SETTLE] exp=2 gold=199367 len=393
2026-10-02 14:07:03.386 [SETTLE] exp=2 gold=199367 len=393
2026-10-02 14:07:28.395 [SETTLE] exp=1 gold=199367 len=403
2026-10-02 14:08:02.488 [SETTLE] exp=1 gold=199367 len=393
2026-10-02 14:08:35.786 [SETTLE] exp=2 gold=199367 len=393
2026-10-02 14:09:15.524 [SETTLE] exp=1 gold=199367 len=393
2026-10-02 14:09:46.462 [SETTLE] exp=2 gold=199367 len=403
2026-10-02 14:10:14.143 [SETTLE] exp=2 gold=199367 len=393
2026-10-02 14:10:48.162 [SETTLE] exp=1 gold=199367 len=393
2026-10-02 14:11:35.031 [SETTLE] exp=1 gold=199367 len=393
2026-10-02 14:11:55.811 [SETTLE] exp=2 gold=199367 len=393
2026-10-02 14:12:22.858 [SETTLE] exp=2 gold=199367 len=393
2026-10-02 14:12:58.535 [SETTLE] exp=1 gold=199367 len=393
2026-10-02 14:13:39.737 [SETTLE] exp=2 gold=199367 len=393
2026-10-02 14:14:06.695 [SETTLE] exp=2 gold=199367 len=393
2026-10-02 14:14:34.490 [SETTLE] exp=2 gold=199367 len=393
2026-10-02 14:15:03.343 [SETTLE] exp=2 gold=199367 len=393
2026-10-02 14:15:14.129 [QUESTION] {"type":"question","sock":2716,"qno":18,"field_a":79,"stem":"以下属于我国珍惜保护动物的是？","options":["1、火麒麟","2、藏羚羊","3、猩猩队长","4、霸天虎"]}
2026-10-02 14:15:15.136 [UI] auto dump on question qno=18
2026-10-02 14:15:15.136 [UI] ---- window dump begin (pid 27488) ----
2026-10-02 14:15:15.357 [UI] TOP=001F059A vis=0 cls=QBOvCls rc=(537,437,897,533) title=
2026-10-02 14:15:15.368 [UI] TOP=000903E0 vis=1 cls=ATL:012FF210 rc=(197,70,1237,877) title=什么什么大冒险2(①逍遥村敬老院)-伏地魔2_Sep 24 2026《什么什么大冒险》制作委员会QQ群:515616289
2026-10-02 14:15:15.368 [UI] TOP=000B0630 vis=0 cls=DIEmWin rc=(-1,-1,135,38) title=DIEmWin
2026-10-02 14:15:15.513 [SEND-ANSWER] qno=18 opt=1 ret=13 sock=2716
2026-10-02 14:15:15.566 [SYS] 测试通过！
2026-10-02 14:15:15.651 [SYS] 获得了#00FF00#100#FFF692#金币
2026-10-02 14:15:15.651 [CURRENCY] a=199367 b=990302
2026-10-02 14:15:15.767 [UI] TOP=000905EA vis=0 cls=IME rc=(0,0,0,0) title=Default IME
2026-10-02 14:15:15.774 [UI] TOP=00060A32 vis=0 cls=MSCTFIME UI rc=(0,0,0,0) title=MSCTFIME UI
2026-10-02 14:15:15.781 [UI] TOP=00060A38 vis=0 cls=IME rc=(0,0,0,0) title=Default IME
2026-10-02 14:15:15.783 [UI] TOP=00060A3E vis=0 cls=IME rc=(0,0,0,0) title=Default IME
2026-10-02 14:15:15.783 [UI] ---- window dump end ----
2026-10-02 14:15:17.317 [UI] auto-closing quiz frame: qno=18 opt=1
2026-10-02 14:15:17.326 [UI] option 1 control NOT found — falling back to digit key
2026-10-02 14:15:41.013 [SETTLE] exp=1 gold=199367 len=393
2026-10-02 14:16:05.003 [SETTLE] exp=2 gold=199367 len=393
2026-10-02 14:16:35.597 [SETTLE] exp=1 gold=199367 len=393
2026-10-02 14:17:10.326 [SETTLE] exp=2 gold=199367 len=393
2026-10-02 14:17:49.995 [SETTLE] exp=2 gold=199367 len=393
2026-10-02 14:18:34.230 [SETTLE] exp=1 gold=199367 len=393
2026-10-02 14:18:58.512 [SETTLE] exp=2 gold=199367 len=393
2026-10-02 14:19:48.697 [SETTLE] exp=2 gold=199367 len=393
2026-10-02 14:20:24.047 [SETTLE] exp=1 gold=199367 len=393
2026-10-02 14:20:52.700 [SETTLE] exp=2 gold=199367 len=393
2026-10-02 14:21:27.809 [SETTLE] exp=1 gold=199367 len=393
2026-10-02 14:21:47.692 [SETTLE] exp=1 gold=199367 len=393
2026-10-02 14:22:14.594 [SETTLE] exp=1 gold=199367 len=393
2026-10-02 14:22:35.923 [SETTLE] exp=2 gold=199367 len=393
2026-10-02 14:23:15.739 [SETTLE] exp=1 gold=199367 len=393
2026-10-02 14:23:39.068 [SETTLE] exp=1 gold=199367 len=393
2026-10-02 14:23:57.349 [SETTLE] exp=1 gold=199367 len=393
2026-10-02 14:24:23.298 [SETTLE] exp=2 gold=199367 len=393
2026-10-02 14:25:06.449 [SETTLE] exp=2 gold=199367 len=393
2026-10-02 14:25:39.071 [SETTLE] exp=1 gold=199367 len=393
2026-10-02 14:26:09.825 [SETTLE] exp=1 gold=199367 len=393
2026-10-02 14:26:36.176 [SETTLE] exp=1 gold=199367 len=393
2026-10-02 14:27:09.854 [SETTLE] exp=2 gold=199367 len=393
2026-10-02 14:27:32.568 [SETTLE] exp=1 gold=199367 len=393
2026-10-02 14:27:58.558 [SETTLE] exp=1 gold=199367 len=393
2026-10-02 14:28:26.029 [SETTLE] exp=1 gold=199367 len=393
2026-10-02 14:28:45.525 [SETTLE] exp=1 gold=199367 len=393
2026-10-02 14:29:07.282 [SETTLE] exp=2 gold=199367 len=393
2026-10-02 14:29:33.770 [SETTLE] exp=1 gold=199367 len=393
2026-10-02 14:30:09.674 [SETTLE] exp=1 gold=199367 len=393
2026-10-02 14:30:38.101 [SETTLE] exp=1 gold=199367 len=403
2026-10-02 14:31:04.699 [SETTLE] exp=2 gold=199367 len=393
2026-10-02 14:31:27.380 [SETTLE] exp=1 gold=199367 len=393
2026-10-02 14:31:59.623 [SETTLE] exp=2 gold=199367 len=393
2026-10-02 14:32:25.701 [SETTLE] exp=2 gold=199367 len=393
2026-10-02 14:32:53.890 [SETTLE] exp=2 gold=199367 len=393
2026-10-02 14:33:35.535 [SETTLE] exp=1 gold=199367 len=393
2026-10-02 14:34:19.090 [SETTLE] exp=2 gold=199367 len=393
2026-10-02 14:34:48.950 [SETTLE] exp=2 gold=199367 len=393
2026-10-02 14:35:16.169 [SETTLE] exp=2 gold=199367 len=393
2026-10-02 14:35:49.515 [SETTLE] exp=1 gold=199367 len=393
2026-10-02 14:36:15.091 [SETTLE] exp=2 gold=199367 len=393
2026-10-02 14:36:46.236 [SETTLE] exp=1 gold=199367 len=393
2026-10-02 14:37:16.757 [SETTLE] exp=1 gold=199367 len=393
2026-10-02 14:37:49.791 [SETTLE] exp=1 gold=199367 len=403
2026-10-02 14:38:11.937 [SETTLE] exp=2 gold=199367 len=393
2026-10-02 14:38:34.714 [SETTLE] exp=2 gold=199367 len=393
2026-10-02 14:39:03.058 [SETTLE] exp=2 gold=199367 len=393
2026-10-02 14:39:33.574 [SETTLE] exp=1 gold=199367 len=393
2026-10-02 14:40:19.917 [SETTLE] exp=2 gold=199367 len=393
2026-10-02 14:40:47.414 [SETTLE] exp=2 gold=199367 len=393
2026-10-02 14:41:17.106 [SETTLE] exp=2 gold=199367 len=393
2026-10-02 14:41:54.421 [SETTLE] exp=1 gold=199367 len=393
2026-10-02 14:42:25.889 [SETTLE] exp=2 gold=199367 len=393
2026-10-02 14:43:01.307 [SETTLE] exp=2 gold=199367 len=393
2026-10-02 14:43:36.466 [SETTLE] exp=1 gold=199367 len=393
2026-10-02 14:44:05.800 [SETTLE] exp=1 gold=199367 len=393
2026-10-02 14:44:32.918 [SETTLE] exp=1 gold=199367 len=403
2026-10-02 14:45:03.419 [SETTLE] exp=1 gold=199367 len=403
2026-10-02 14:45:36.466 [SETTLE] exp=1 gold=199367 len=393
2026-10-02 14:46:05.691 [SETTLE] exp=1 gold=199367 len=393
2026-10-02 14:46:33.698 [SETTLE] exp=2 gold=199367 len=393
2026-10-02 14:47:16.150 [SETTLE] exp=1 gold=199367 len=403
2026-10-02 14:47:53.698 [SETTLE] exp=1 gold=199367 len=393
2026-10-02 14:48:33.143 [SETTLE] exp=1 gold=199367 len=393
2026-10-02 14:49:12.576 [SETTLE] exp=2 gold=199367 len=393
2026-10-02 14:49:42.640 [SETTLE] exp=2 gold=199367 len=393
2026-10-02 14:50:07.928 [SETTLE] exp=1 gold=199367 len=393
2026-10-02 14:50:35.267 [SETTLE] exp=2 gold=199367 len=403
2026-10-02 14:51:03.712 [SETTLE] exp=2 gold=199367 len=393
2026-10-02 14:51:31.686 [SETTLE] exp=2 gold=199367 len=393
2026-10-02 14:52:06.012 [SETTLE] exp=2 gold=199367 len=393
2026-10-02 14:52:32.766 [SETTLE] exp=2 gold=199367 len=403
2026-10-02 14:53:12.822 [SETTLE] exp=1 gold=199367 len=393
2026-10-02 14:53:35.657 [SETTLE] exp=1 gold=199367 len=393
2026-10-02 14:53:54.592 [SETTLE] exp=2 gold=199367 len=403
2026-10-02 14:54:21.677 [SETTLE] exp=1 gold=199367 len=393
2026-10-02 14:55:04.687 [SETTLE] exp=1 gold=199367 len=393
2026-10-02 14:55:36.399 [SETTLE] exp=1 gold=199367 len=393
2026-10-02 14:56:04.787 [SETTLE] exp=2 gold=199367 len=393
2026-10-02 14:56:45.767 [SETTLE] exp=2 gold=199367 len=393
2026-10-02 14:57:23.759 [SETTLE] exp=1 gold=199367 len=393
2026-10-02 14:57:52.586 [SETTLE] exp=2 gold=199367 len=393
2026-10-02 14:58:28.803 [SETTLE] exp=2 gold=199367 len=393
2026-10-02 14:59:03.659 [SETTLE] exp=1 gold=199367 len=393
2026-10-02 14:59:37.010 [SETTLE] exp=1 gold=199367 len=393
2026-10-02 14:59:55.143 [SETTLE] exp=1 gold=199367 len=393
2026-10-02 15:00:19.771 [SETTLE] exp=1 gold=199367 len=393
2026-10-02 15:00:45.366 [SETTLE] exp=2 gold=199367 len=393
2026-10-02 15:01:07.063 [SETTLE] exp=2 gold=199367 len=393
2026-10-02 15:01:31.651 [SETTLE] exp=1 gold=199367 len=393
2026-10-02 15:02:07.372 [SETTLE] exp=2 gold=199367 len=393
2026-10-02 15:02:33.073 [SETTLE] exp=1 gold=199367 len=393
2026-10-02 15:02:58.067 [SETTLE] exp=2 gold=199367 len=393
2026-10-02 15:03:42.297 [SETTLE] exp=1 gold=199367 len=393
2026-10-02 15:04:16.968 [SETTLE] exp=1 gold=199367 len=393
2026-10-02 15:04:39.331 [SETTLE] exp=1 gold=199367 len=393
2026-10-02 15:05:08.070 [SETTLE] exp=1 gold=199367 len=393
2026-10-02 15:05:48.873 [SETTLE] exp=1 gold=199367 len=393
2026-10-02 15:06:18.725 [SETTLE] exp=1 gold=199367 len=393
2026-10-02 15:06:41.739 [SETTLE] exp=1 gold=199367 len=393
2026-10-02 15:07:03.489 [SETTLE] exp=2 gold=199367 len=403
2026-10-02 15:07:32.245 [SETTLE] exp=1 gold=199367 len=393
2026-10-02 15:07:59.331 [SETTLE] exp=2 gold=199367 len=393
2026-10-02 15:08:27.621 [SETTLE] exp=1 gold=199367 len=403
2026-10-02 15:09:05.841 [SETTLE] exp=1 gold=199367 len=393
2026-10-02 15:09:26.383 [SETTLE] exp=2 gold=199367 len=393
2026-10-02 15:09:57.619 [SETTLE] exp=1 gold=199367 len=393
2026-10-02 15:10:22.258 [SETTLE] exp=1 gold=199367 len=403
2026-10-02 15:10:55.215 [SETTLE] exp=1 gold=199367 len=393
2026-10-02 15:11:29.690 [SETTLE] exp=1 gold=199367 len=393
2026-10-02 15:11:49.991 [SETTLE] exp=1 gold=199367 len=393
2026-10-02 15:12:25.562 [SETTLE] exp=1 gold=199367 len=393
2026-10-02 15:12:53.888 [SETTLE] exp=2 gold=199367 len=393
2026-10-02 15:13:20.489 [SETTLE] exp=2 gold=199367 len=393
2026-10-02 15:13:40.207 [SETTLE] exp=2 gold=199367 len=403
2026-10-02 15:14:10.555 [SETTLE] exp=1 gold=199367 len=393
2026-10-02 15:14:40.258 [SETTLE] exp=2 gold=199367 len=393
2026-10-02 15:15:09.391 [SETTLE] exp=1 gold=199367 len=393
2026-10-02 15:15:36.170 [SETTLE] exp=1 gold=199367 len=393
2026-10-02 15:16:18.891 [SETTLE] exp=2 gold=199367 len=403
2026-10-02 15:17:03.615 [SETTLE] exp=2 gold=199367 len=393
2026-10-02 15:17:30.425 [SETTLE] exp=2 gold=199367 len=393
2026-10-02 15:17:52.373 [SETTLE] exp=2 gold=199367 len=393
2026-10-02 15:18:18.459 [SETTLE] exp=2 gold=199367 len=393
2026-10-02 15:18:56.661 [SETTLE] exp=1 gold=199367 len=393
2026-10-02 15:19:31.435 [SETTLE] exp=2 gold=199367 len=393
2026-10-02 15:20:14.675 [SETTLE] exp=2 gold=199367 len=393
2026-10-02 15:20:45.701 [SETTLE] exp=1 gold=199367 len=393
2026-10-02 15:21:19.825 [SETTLE] exp=2 gold=199367 len=393
2026-10-02 15:22:02.982 [SETTLE] exp=2 gold=199367 len=393
2026-10-02 15:22:35.610 [SETTLE] exp=1 gold=199367 len=393
2026-10-02 15:23:20.587 [SETTLE] exp=2 gold=199367 len=393
2026-10-02 15:23:54.026 [SETTLE] exp=1 gold=199367 len=393
2026-10-02 15:24:25.301 [SETTLE] exp=1 gold=199367 len=403
2026-10-02 15:24:53.790 [SETTLE] exp=1 gold=199367 len=393
2026-10-02 15:25:22.324 [SETTLE] exp=1 gold=199367 len=393
2026-10-02 15:25:53.625 [SETTLE] exp=2 gold=199367 len=393
2026-10-02 15:26:26.395 [SETTLE] exp=2 gold=199367 len=393
2026-10-02 15:26:48.432 [SETTLE] exp=2 gold=199367 len=393
2026-10-02 15:27:21.200 [SETTLE] exp=1 gold=199367 len=393
2026-10-02 15:27:51.249 [SETTLE] exp=1 gold=199367 len=393
2026-10-02 15:28:27.001 [SETTLE] exp=2 gold=199367 len=393
2026-10-02 15:29:00.470 [SETTLE] exp=2 gold=199367 len=393
2026-10-02 15:29:23.270 [SETTLE] exp=1 gold=199367 len=393
2026-10-02 15:29:50.685 [SETTLE] exp=2 gold=199367 len=393
2026-10-02 15:30:19.052 [SETTLE] exp=2 gold=199367 len=393
2026-10-02 15:30:58.187 [SETTLE] exp=2 gold=199367 len=393
2026-10-02 15:31:26.497 [SETTLE] exp=1 gold=199367 len=393
2026-10-02 15:31:28.433 [QUESTION] {"type":"question","sock":2716,"qno":20,"field_a":105,"stem":"人们平时所说的“煤气中毒”是因为哪种有害气体吸入过多而引起的？","options":["1、二手烟","2、一氧化碳","3、生气","4、屁"]}
2026-10-02 15:31:29.445 [UI] auto dump on question qno=20
2026-10-02 15:31:29.445 [UI] ---- window dump begin (pid 27488) ----
2026-10-02 15:31:29.665 [UI] TOP=001F059A vis=0 cls=QBOvCls rc=(537,437,897,533) title=
2026-10-02 15:31:29.679 [UI] TOP=000903E0 vis=1 cls=ATL:012FF210 rc=(197,70,1237,877) title=什么什么大冒险2(①逍遥村敬老院)-伏地魔2_Sep 24 2026《什么什么大冒险》制作委员会QQ群:515616289
2026-10-02 15:31:29.679 [UI] TOP=000B0630 vis=0 cls=DIEmWin rc=(-1,-1,135,38) title=DIEmWin
2026-10-02 15:31:30.080 [UI] TOP=000905EA vis=0 cls=IME rc=(0,0,0,0) title=Default IME
2026-10-02 15:31:30.086 [UI] TOP=00060A32 vis=0 cls=MSCTFIME UI rc=(0,0,0,0) title=MSCTFIME UI
2026-10-02 15:31:30.116 [UI] TOP=00060A38 vis=0 cls=IME rc=(0,0,0,0) title=Default IME
2026-10-02 15:31:30.117 [UI] TOP=00060A3E vis=0 cls=IME rc=(0,0,0,0) title=Default IME
2026-10-02 15:31:30.117 [UI] ---- window dump end ----
2026-10-02 15:31:30.831 [SEND-ANSWER] qno=20 opt=1 ret=13 sock=2716
2026-10-02 15:31:30.874 [SYS] 测试通过！
2026-10-02 15:31:30.959 [SYS] 获得了#00FF00#100#FFF692#金币
2026-10-02 15:31:30.959 [CURRENCY] a=199367 b=990402
2026-10-02 15:31:32.644 [UI] auto-closing quiz frame: qno=20 opt=1
2026-10-02 15:31:32.651 [UI] option 1 control NOT found — falling back to digit key
2026-10-02 15:31:54.193 [SETTLE] exp=2 gold=199367 len=393
2026-10-02 15:32:26.659 [SETTLE] exp=2 gold=199367 len=393
2026-10-02 15:32:55.822 [SETTLE] exp=2 gold=199367 len=393
2026-10-02 15:33:28.175 [SETTLE] exp=2 gold=199367 len=393
2026-10-02 15:34:06.302 [SETTLE] exp=1 gold=199367 len=393
2026-10-02 15:34:46.182 [SETTLE] exp=2 gold=199367 len=393
2026-10-02 15:35:17.574 [SETTLE] exp=1 gold=199367 len=393
2026-10-02 15:35:45.146 [SETTLE] exp=2 gold=199367 len=393
2026-10-02 15:36:12.858 [SETTLE] exp=2 gold=199367 len=393
2026-10-02 15:36:45.185 [SETTLE] exp=1 gold=199367 len=393
2026-10-02 15:37:20.996 [SETTLE] exp=2 gold=199367 len=393
2026-10-02 15:38:01.249 [SETTLE] exp=2 gold=199367 len=393
2026-10-02 15:38:30.342 [SETTLE] exp=1 gold=199367 len=403
2026-10-02 15:38:54.385 [SETTLE] exp=2 gold=199367 len=403
2026-10-02 15:39:26.566 [SETTLE] exp=1 gold=199367 len=403
2026-10-02 15:40:04.562 [SETTLE] exp=1 gold=199367 len=393
2026-10-02 15:40:41.008 [SETTLE] exp=2 gold=199367 len=393
2026-10-02 15:41:22.137 [SETTLE] exp=1 gold=199367 len=393
2026-10-02 15:41:56.205 [SETTLE] exp=1 gold=199367 len=393
2026-10-02 15:42:15.933 [OP] 4344 inv=FFF7 len=8 #1 41cdfc0b4902392b
2026-10-02 15:42:19.035 [OP] 4345 inv=FFF7 len=8 #1 74c2392b57e7c464
2026-10-02 15:42:26.486 [SETTLE] exp=1 gold=199367 len=393
2026-10-02 15:42:48.092 [SETTLE] exp=2 gold=199367 len=393
2026-10-02 15:42:54.236 [OP] 4344 inv=FFF7 len=8 #2 41cdfc0b4902392b
2026-10-02 15:42:56.442 [OP] 4345 inv=FFF7 len=8 #2 74c2392b57e7c464
2026-10-02 15:43:23.319 [SETTLE] exp=1 gold=199367 len=393
2026-10-02 15:43:45.523 [SETTLE] exp=2 gold=199367 len=403
2026-10-02 15:44:08.749 [SETTLE] exp=2 gold=199367 len=393
2026-10-02 15:44:35.737 [SETTLE] exp=1 gold=199367 len=393
2026-10-02 15:45:13.863 [SETTLE] exp=2 gold=199367 len=393
2026-10-02 15:45:43.600 [SETTLE] exp=2 gold=199367 len=393
2026-10-02 15:46:06.861 [SETTLE] exp=2 gold=199367 len=393
2026-10-02 15:46:40.580 [SETTLE] exp=1 gold=199367 len=393
2026-10-02 15:47:10.085 [SETTLE] exp=2 gold=199367 len=393
2026-10-02 15:47:39.564 [SETTLE] exp=1 gold=199367 len=393
2026-10-02 15:48:13.756 [SETTLE] exp=2 gold=199367 len=393
2026-10-02 15:48:43.063 [SETTLE] exp=2 gold=199367 len=393
2026-10-02 15:49:21.729 [SETTLE] exp=2 gold=199367 len=393
2026-10-02 15:49:44.675 [SETTLE] exp=2 gold=199367 len=393
2026-10-02 15:50:13.332 [SETTLE] exp=2 gold=199367 len=393
2026-10-02 15:50:48.432 [SETTLE] exp=2 gold=199367 len=393
2026-10-02 15:51:26.402 [SETTLE] exp=2 gold=199367 len=393
2026-10-02 15:51:55.980 [SETTLE] exp=1 gold=199367 len=393
2026-10-02 15:52:25.847 [SETTLE] exp=1 gold=199367 len=393
2026-10-02 15:52:54.523 [SETTLE] exp=1 gold=199367 len=393
2026-10-02 15:53:20.850 [SETTLE] exp=2 gold=199367 len=393
2026-10-02 15:53:48.896 [SETTLE] exp=1 gold=199367 len=403
2026-10-02 15:54:14.494 [SETTLE] exp=2 gold=199367 len=393
2026-10-02 15:54:42.585 [SETTLE] exp=1 gold=199367 len=413
2026-10-02 15:55:06.257 [SETTLE] exp=1 gold=199367 len=393
2026-10-02 15:55:34.047 [SETTLE] exp=2 gold=199367 len=393
2026-10-02 15:55:58.347 [SETTLE] exp=2 gold=199367 len=393
2026-10-02 15:56:24.469 [SETTLE] exp=2 gold=199367 len=393
2026-10-02 15:56:55.887 [SETTLE] exp=1 gold=199367 len=393
2026-10-02 15:57:28.668 [SETTLE] exp=2 gold=199367 len=393
2026-10-02 15:57:56.713 [SETTLE] exp=1 gold=199367 len=393
2026-10-02 15:58:20.727 [SETTLE] exp=2 gold=199367 len=393
2026-10-02 15:58:54.958 [SETTLE] exp=2 gold=199367 len=403
2026-10-02 15:59:19.439 [SETTLE] exp=2 gold=199367 len=403
2026-10-02 15:59:54.611 [SETTLE] exp=2 gold=199367 len=393
2026-10-02 16:00:00.397 [SYS] 许愿池里多了一批新礼物，赶紧来许愿吧~
2026-10-02 16:00:25.687 [SETTLE] exp=1 gold=199367 len=393
2026-10-02 16:00:55.401 [SETTLE] exp=2 gold=199367 len=393
2026-10-02 16:01:31.662 [SETTLE] exp=2 gold=199367 len=393
2026-10-02 16:02:05.619 [SETTLE] exp=2 gold=199367 len=393
2026-10-02 16:02:46.166 [SETTLE] exp=1 gold=199367 len=403
2026-10-02 16:03:11.175 [SETTLE] exp=2 gold=199367 len=393
2026-10-02 16:03:45.638 [SETTLE] exp=2 gold=199367 len=393
2026-10-02 16:04:17.826 [SETTLE] exp=2 gold=199367 len=393
2026-10-02 16:04:43.603 [SETTLE] exp=2 gold=199367 len=403
2026-10-02 16:05:06.868 [SETTLE] exp=2 gold=199367 len=393
2026-10-02 16:05:39.984 [SETTLE] exp=2 gold=199367 len=393
2026-10-02 16:06:19.784 [SETTLE] exp=2 gold=199367 len=393
2026-10-02 16:06:40.950 [SETTLE] exp=2 gold=199367 len=403
2026-10-02 16:07:18.950 [SETTLE] exp=1 gold=199367 len=393
2026-10-02 16:07:57.418 [SETTLE] exp=1 gold=199367 len=393
2026-10-02 16:08:26.747 [SETTLE] exp=2 gold=199367 len=393
2026-10-02 16:08:55.917 [SETTLE] exp=2 gold=199367 len=393
2026-10-02 16:09:32.996 [SETTLE] exp=1 gold=199367 len=393
2026-10-02 16:10:07.615 [SETTLE] exp=1 gold=199367 len=393
2026-10-02 16:10:37.585 [SETTLE] exp=2 gold=199367 len=393
2026-10-02 16:11:06.944 [SETTLE] exp=1 gold=199367 len=403
2026-10-02 16:11:34.737 [SETTLE] exp=1 gold=199367 len=393
2026-10-02 16:11:59.537 [SETTLE] exp=1 gold=199367 len=393
2026-10-02 16:12:40.665 [SETTLE] exp=2 gold=199367 len=403
2026-10-02 16:13:10.539 [SETTLE] exp=1 gold=199367 len=393
2026-10-02 16:13:39.388 [SETTLE] exp=1 gold=199367 len=393
2026-10-02 16:14:07.180 [SETTLE] exp=1 gold=199367 len=393
2026-10-02 16:14:36.938 [SETTLE] exp=2 gold=199367 len=393
2026-10-02 16:15:03.107 [SETTLE] exp=2 gold=199367 len=403
2026-10-02 16:15:39.020 [SETTLE] exp=1 gold=199367 len=393
2026-10-02 16:16:20.865 [SETTLE] exp=2 gold=199367 len=403
2026-10-02 16:16:40.754 [SETTLE] exp=1 gold=199367 len=393
2026-10-02 16:17:20.103 [SETTLE] exp=2 gold=199367 len=393
2026-10-02 16:17:52.893 [SETTLE] exp=1 gold=199367 len=393
2026-10-02 16:18:17.197 [SETTLE] exp=2 gold=199367 len=393
2026-10-02 16:18:53.634 [SETTLE] exp=1 gold=199367 len=393
2026-10-02 16:19:30.147 [SETTLE] exp=1 gold=199367 len=393
2026-10-02 16:20:07.503 [SETTLE] exp=1 gold=199367 len=393
2026-10-02 16:20:38.630 [SETTLE] exp=1 gold=199367 len=393
2026-10-02 16:20:59.459 [SETTLE] exp=1 gold=199367 len=393
2026-10-02 16:21:39.527 [SETTLE] exp=1 gold=199367 len=403
2026-10-02 16:22:03.307 [SETTLE] exp=2 gold=199367 len=393
2026-10-02 16:22:39.514 [SETTLE] exp=2 gold=199367 len=403
2026-10-02 16:23:09.010 [SETTLE] exp=1 gold=199367 len=393
2026-10-02 16:23:35.508 [SETTLE] exp=1 gold=199367 len=403
2026-10-02 16:24:08.379 [SETTLE] exp=2 gold=199367 len=393
2026-10-02 16:24:25.573 [SETTLE] exp=2 gold=199367 len=393
2026-10-02 16:24:52.602 [SETTLE] exp=2 gold=199367 len=393
2026-10-02 16:25:16.834 [SETTLE] exp=1 gold=199367 len=393
2026-10-02 16:25:46.862 [SETTLE] exp=2 gold=199367 len=393
2026-10-02 16:26:15.704 [SETTLE] exp=1 gold=199367 len=393
2026-10-02 16:26:48.859 [SETTLE] exp=1 gold=199367 len=393
2026-10-02 16:27:18.465 [SETTLE] exp=2 gold=199367 len=393
2026-10-02 16:27:53.056 [SETTLE] exp=1 gold=199367 len=403
2026-10-02 16:28:20.891 [SETTLE] exp=1 gold=199367 len=393
2026-10-02 16:28:42.588 [SETTLE] exp=2 gold=199367 len=393
2026-10-02 16:29:13.452 [SETTLE] exp=2 gold=199367 len=393
2026-10-02 16:29:46.775 [SETTLE] exp=2 gold=199367 len=393
2026-10-02 16:30:24.169 [SETTLE] exp=2 gold=199367 len=393
2026-10-02 16:30:57.054 [SETTLE] exp=1 gold=199367 len=393
2026-10-02 16:31:40.187 [SETTLE] exp=2 gold=199367 len=393
2026-10-02 16:32:03.574 [SETTLE] exp=1 gold=199367 len=393
2026-10-02 16:32:33.472 [SETTLE] exp=1 gold=199367 len=393
2026-10-02 16:33:14.391 [OUT] 1F04 inv=FFF6 len=13 #4 f6ff041fce1f805bec510bdcc4
2026-10-02 16:33:15.375 [SETTLE] exp=2 gold=199367 len=393
2026-10-02 16:33:41.160 [SETTLE] exp=2 gold=199367 len=393
2026-10-02 16:34:13.706 [SETTLE] exp=1 gold=199367 len=393
2026-10-02 16:34:38.919 [SETTLE] exp=1 gold=199367 len=393
2026-10-02 16:35:16.825 [SETTLE] exp=2 gold=199367 len=393
2026-10-02 16:35:54.299 [SETTLE] exp=1 gold=199367 len=393
2026-10-02 16:36:36.045 [SETTLE] exp=2 gold=199367 len=393
2026-10-02 16:37:03.123 [SETTLE] exp=1 gold=199367 len=403
2026-10-02 16:37:31.236 [SETTLE] exp=2 gold=199367 len=393
2026-10-02 16:37:53.221 [SETTLE] exp=1 gold=199367 len=393
2026-10-02 16:38:31.695 [SETTLE] exp=2 gold=199367 len=393
2026-10-02 16:39:08.880 [SETTLE] exp=2 gold=199367 len=403
2026-10-02 16:39:30.413 [SETTLE] exp=2 gold=199367 len=393
2026-10-02 16:40:06.407 [SETTLE] exp=1 gold=199367 len=393
2026-10-02 16:40:26.077 [SETTLE] exp=1 gold=199367 len=403
2026-10-02 16:40:53.875 [SETTLE] exp=2 gold=199367 len=403
2026-10-02 16:41:44.362 [SETTLE] exp=1 gold=199367 len=393
2026-10-02 16:42:21.738 [SETTLE] exp=1 gold=199367 len=403
2026-10-02 16:42:55.033 [SETTLE] exp=1 gold=199367 len=403
2026-10-02 16:43:13.472 [SETTLE] exp=2 gold=199367 len=393
2026-10-02 16:43:41.778 [SETTLE] exp=2 gold=199367 len=393
2026-10-02 16:44:16.151 [SETTLE] exp=1 gold=199367 len=393
2026-10-02 16:44:39.178 [SETTLE] exp=2 gold=199367 len=393
2026-10-02 16:45:09.561 [SETTLE] exp=2 gold=199367 len=393
2026-10-02 16:45:35.668 [SETTLE] exp=2 gold=199367 len=393
2026-10-02 16:46:05.007 [SETTLE] exp=2 gold=199367 len=393
2026-10-02 16:46:40.333 [SETTLE] exp=2 gold=199367 len=393
2026-10-02 16:47:19.245 [SETTLE] exp=1 gold=199367 len=393
2026-10-02 16:47:48.323 [SETTLE] exp=2 gold=199367 len=393
2026-10-02 16:48:14.723 [SETTLE] exp=1 gold=199367 len=403
2026-10-02 16:48:33.983 [SETTLE] exp=2 gold=199367 len=393
2026-10-02 16:48:51.560 [SETTLE] exp=2 gold=199367 len=393
2026-10-02 16:49:12.813 [SETTLE] exp=1 gold=199367 len=393
2026-10-02 16:49:47.020 [SETTLE] exp=2 gold=199367 len=393
2026-10-02 16:50:18.388 [SETTLE] exp=2 gold=199367 len=393
2026-10-02 16:50:46.219 [SETTLE] exp=1 gold=199367 len=393
2026-10-02 16:51:07.822 [SETTLE] exp=2 gold=199367 len=393
2026-10-02 16:51:28.092 [SETTLE] exp=1 gold=199367 len=393
2026-10-02 16:51:58.436 [SETTLE] exp=1 gold=199367 len=393
2026-10-02 16:52:31.280 [SETTLE] exp=1 gold=199367 len=393
2026-10-02 16:52:58.983 [SETTLE] exp=2 gold=199367 len=393
2026-10-02 16:53:31.449 [SETTLE] exp=1 gold=199367 len=393
2026-10-02 16:53:57.713 [SETTLE] exp=2 gold=199367 len=393
2026-10-02 16:54:15.297 [SETTLE] exp=1 gold=199367 len=393
2026-10-02 16:54:46.637 [SETTLE] exp=2 gold=199367 len=393
2026-10-02 16:55:14.696 [SETTLE] exp=1 gold=199367 len=393
2026-10-02 16:55:49.543 [SETTLE] exp=2 gold=199367 len=393
2026-10-02 16:56:13.163 [SETTLE] exp=2 gold=199367 len=403
2026-10-02 16:56:46.821 [SETTLE] exp=1 gold=199367 len=393
2026-10-02 16:57:02.430 [QUESTION] {"type":"question","sock":2716,"qno":10,"field_a":77,"stem":"蚯蚓适合生活在什么样的环境里？","options":["1、太空里","2、天空里","3、水里","4、阴暗潮湿"]}
2026-10-02 16:57:03.433 [UI] auto dump on question qno=10
2026-10-02 16:57:03.433 [UI] ---- window dump begin (pid 27488) ----
2026-10-02 16:57:03.643 [UI] TOP=001F059A vis=0 cls=QBOvCls rc=(537,437,897,533) title=
2026-10-02 16:57:03.643 [UI] TOP=000903E0 vis=1 cls=ATL:012FF210 rc=(197,70,1237,877) title=什么什么大冒险2(①逍遥村敬老院)-伏地魔2_Sep 24 2026《什么什么大冒险》制作委员会QQ群:515616289
2026-10-02 16:57:03.643 [UI] TOP=000B0630 vis=0 cls=DIEmWin rc=(-1,-1,135,38) title=DIEmWin
2026-10-02 16:57:04.045 [UI] TOP=000905EA vis=0 cls=IME rc=(0,0,0,0) title=Default IME
2026-10-02 16:57:04.061 [UI] TOP=00060A32 vis=0 cls=MSCTFIME UI rc=(0,0,0,0) title=MSCTFIME UI
2026-10-02 16:57:04.076 [UI] TOP=00060A38 vis=0 cls=IME rc=(0,0,0,0) title=Default IME
2026-10-02 16:57:04.076 [UI] TOP=00060A3E vis=0 cls=IME rc=(0,0,0,0) title=Default IME
2026-10-02 16:57:04.076 [UI] ---- window dump end ----
2026-10-02 16:57:04.178 [SEND-ANSWER] qno=10 opt=3 ret=13 sock=2716
2026-10-02 16:57:04.228 [SYS] 测试通过！
2026-10-02 16:57:04.318 [SYS] 获得了#00FF00#100#FFF692#金币
2026-10-02 16:57:04.321 [CURRENCY] a=199367 b=990502
2026-10-02 16:57:05.983 [UI] auto-closing quiz frame: qno=10 opt=3
2026-10-02 16:57:06.001 [UI] option 3 control NOT found — falling back to digit key
2026-10-02 16:57:08.448 [SETTLE] exp=2 gold=199367 len=403
2026-10-02 16:57:34.997 [SETTLE] exp=2 gold=199367 len=393
2026-10-02 16:58:17.185 [SETTLE] exp=2 gold=199367 len=393
2026-10-02 16:58:44.744 [SETTLE] exp=2 gold=199367 len=393
2026-10-02 16:59:09.966 [SETTLE] exp=2 gold=199367 len=393
2026-10-02 16:59:29.017 [SETTLE] exp=1 gold=199367 len=393
2026-10-02 17:00:10.011 [SETTLE] exp=1 gold=199367 len=393
2026-10-02 17:00:33.619 [SETTLE] exp=1 gold=199367 len=393
2026-10-02 17:00:57.619 [SETTLE] exp=1 gold=199367 len=393
2026-10-02 17:01:31.024 [SETTLE] exp=2 gold=199367 len=403
2026-10-02 17:01:56.929 [SETTLE] exp=2 gold=199367 len=393
2026-10-02 17:02:39.025 [SETTLE] exp=2 gold=199367 len=393
2026-10-02 17:03:03.927 [SETTLE] exp=1 gold=199367 len=393
2026-10-02 17:03:24.075 [SETTLE] exp=2 gold=199367 len=393
2026-10-02 17:03:43.051 [SETTLE] exp=1 gold=199367 len=393
2026-10-02 17:04:05.192 [SETTLE] exp=2 gold=199367 len=393
2026-10-02 17:04:32.099 [SETTLE] exp=1 gold=199367 len=393
2026-10-02 17:05:08.133 [SETTLE] exp=1 gold=199367 len=393
2026-10-02 17:05:37.478 [SETTLE] exp=2 gold=199367 len=393
2026-10-02 17:06:16.185 [SETTLE] exp=1 gold=199367 len=393
2026-10-02 17:06:46.159 [SETTLE] exp=2 gold=199367 len=393
2026-10-02 17:07:24.673 [SETTLE] exp=1 gold=199367 len=393
2026-10-02 17:07:49.742 [SETTLE] exp=2 gold=199367 len=403
2026-10-02 17:08:16.910 [SETTLE] exp=1 gold=199367 len=393
2026-10-02 17:08:40.483 [SETTLE] exp=1 gold=199367 len=393
2026-10-02 17:09:18.195 [SETTLE] exp=1 gold=199367 len=403
2026-10-02 17:09:40.962 [SETTLE] exp=2 gold=199367 len=393
2026-10-02 17:10:22.442 [SETTLE] exp=1 gold=199367 len=393
2026-10-02 17:11:02.959 [SETTLE] exp=1 gold=199367 len=393
2026-10-02 17:11:28.224 [SETTLE] exp=2 gold=199367 len=393
2026-10-02 17:11:52.385 [SETTLE] exp=1 gold=199367 len=393
2026-10-02 17:12:14.195 [SETTLE] exp=2 gold=199367 len=403
2026-10-02 17:12:36.982 [SETTLE] exp=2 gold=199367 len=393
2026-10-02 17:13:05.327 [SETTLE] exp=1 gold=199367 len=393
2026-10-02 17:13:42.978 [SETTLE] exp=2 gold=199367 len=393
2026-10-02 17:14:09.923 [SETTLE] exp=1 gold=199367 len=393
2026-10-02 17:14:42.326 [SETTLE] exp=2 gold=199367 len=393
2026-10-02 17:15:11.468 [SETTLE] exp=1 gold=199367 len=393
2026-10-02 17:15:44.877 [SETTLE] exp=2 gold=199367 len=403
2026-10-02 17:16:15.047 [SETTLE] exp=1 gold=199367 len=393
2026-10-02 17:16:46.887 [SETTLE] exp=1 gold=199367 len=393
2026-10-02 17:17:12.594 [SETTLE] exp=2 gold=199367 len=403
2026-10-02 17:17:47.145 [SETTLE] exp=2 gold=199367 len=393
2026-10-02 17:18:22.132 [SETTLE] exp=1 gold=199367 len=403
2026-10-02 17:18:58.804 [SETTLE] exp=2 gold=199367 len=393
2026-10-02 17:19:31.897 [SETTLE] exp=1 gold=199367 len=393
2026-10-02 17:20:09.522 [SETTLE] exp=1 gold=199367 len=393
2026-10-02 17:20:47.973 [SETTLE] exp=2 gold=199367 len=393
2026-10-02 17:21:05.616 [SETTLE] exp=2 gold=199367 len=393
2026-10-02 17:21:34.622 [SETTLE] exp=1 gold=199367 len=403
2026-10-02 17:22:09.034 [SETTLE] exp=2 gold=199367 len=393
2026-10-02 17:22:43.567 [SETTLE] exp=2 gold=199367 len=393
2026-10-02 17:23:11.175 [SETTLE] exp=2 gold=199367 len=393
2026-10-02 17:23:35.584 [SETTLE] exp=1 gold=199367 len=403
2026-10-02 17:24:06.863 [SETTLE] exp=2 gold=199367 len=393
2026-10-02 17:24:25.440 [SETTLE] exp=2 gold=199367 len=403
2026-10-02 17:25:03.873 [SETTLE] exp=1 gold=199367 len=393
2026-10-02 17:25:18.392 [SETTLE] exp=1 gold=199367 len=393
2026-10-02 17:25:48.606 [SETTLE] exp=1 gold=199367 len=393
2026-10-02 17:26:14.361 [SETTLE] exp=1 gold=199367 len=393
2026-10-02 17:26:42.860 [SETTLE] exp=2 gold=199367 len=393
2026-10-02 17:27:29.375 [SETTLE] exp=1 gold=199367 len=393
2026-10-02 17:27:49.357 [SETTLE] exp=1 gold=199367 len=393
2026-10-02 17:28:14.589 [SETTLE] exp=1 gold=199367 len=393
2026-10-02 17:28:40.190 [SETTLE] exp=1 gold=199367 len=393
2026-10-02 17:29:03.941 [SETTLE] exp=1 gold=199367 len=393
2026-10-02 17:29:23.256 [SETTLE] exp=1 gold=199367 len=393
2026-10-02 17:30:02.564 [SETTLE] exp=2 gold=199367 len=393
2026-10-02 17:30:28.402 [SETTLE] exp=2 gold=199367 len=393
2026-10-02 17:30:49.562 [SETTLE] exp=2 gold=199367 len=393
2026-10-02 17:31:25.059 [SETTLE] exp=2 gold=199367 len=393
2026-10-02 17:31:49.567 [SETTLE] exp=2 gold=199367 len=403
2026-10-02 17:32:15.652 [SETTLE] exp=2 gold=199367 len=393
2026-10-02 17:32:47.966 [SETTLE] exp=2 gold=199367 len=393
2026-10-02 17:33:13.522 [SETTLE] exp=1 gold=199367 len=393
2026-10-02 17:33:53.138 [SETTLE] exp=1 gold=199367 len=393
2026-10-02 17:34:28.602 [SETTLE] exp=1 gold=199367 len=403
2026-10-02 17:35:10.452 [SETTLE] exp=1 gold=199367 len=393
2026-10-02 17:35:51.153 [SETTLE] exp=1 gold=199367 len=393
2026-10-02 17:36:20.550 [SETTLE] exp=2 gold=199367 len=403
2026-10-02 17:36:42.517 [SETTLE] exp=1 gold=199367 len=393
2026-10-02 17:37:04.957 [SETTLE] exp=2 gold=199367 len=393
2026-10-02 17:37:49.932 [SETTLE] exp=2 gold=199367 len=393
2026-10-02 17:38:07.988 [SETTLE] exp=2 gold=199367 len=423
2026-10-02 17:38:28.222 [SETTLE] exp=1 gold=199367 len=393
2026-10-02 17:38:55.034 [SETTLE] exp=2 gold=199367 len=393
2026-10-02 17:39:38.734 [SETTLE] exp=1 gold=199367 len=393
2026-10-02 17:40:08.018 [SETTLE] exp=1 gold=199367 len=393
2026-10-02 17:40:42.393 [SETTLE] exp=2 gold=199367 len=393
2026-10-02 17:41:09.179 [SETTLE] exp=2 gold=199367 len=393
2026-10-02 17:41:46.828 [SETTLE] exp=1 gold=199367 len=393
2026-10-02 17:42:10.093 [SETTLE] exp=2 gold=199367 len=393
2026-10-02 17:42:38.993 [SETTLE] exp=1 gold=199367 len=393
2026-10-02 17:43:16.512 [SETTLE] exp=1 gold=199367 len=393
2026-10-02 17:43:45.488 [SETTLE] exp=1 gold=199367 len=393
2026-10-02 17:44:22.960 [SETTLE] exp=1 gold=199367 len=403
2026-10-02 17:44:46.327 [SETTLE] exp=2 gold=199367 len=393
2026-10-02 17:45:11.454 [SETTLE] exp=1 gold=199367 len=403
2026-10-02 17:45:48.716 [SETTLE] exp=1 gold=199367 len=403
2026-10-02 17:46:30.215 [SETTLE] exp=2 gold=199367 len=393
2026-10-02 17:47:05.433 [SETTLE] exp=2 gold=199367 len=393
2026-10-02 17:47:34.629 [SETTLE] exp=2 gold=199367 len=403
2026-10-02 17:48:14.575 [SETTLE] exp=2 gold=199367 len=393
2026-10-02 17:48:34.852 [SETTLE] exp=1 gold=199367 len=393
2026-10-02 17:49:09.542 [SETTLE] exp=1 gold=199367 len=393
2026-10-02 17:49:47.623 [SETTLE] exp=2 gold=199367 len=393
2026-10-02 17:50:25.520 [SETTLE] exp=1 gold=199367 len=393
2026-10-02 17:50:39.023 [QUESTION] {"type":"question","sock":2716,"qno":6,"field_a":80,"stem":".“竹子”属于哪一类植物？","options":["1、处长职务","2、食肉植物","3、草本植物","4、食草植物"]}
2026-10-02 17:50:40.027 [UI] auto dump on question qno=6
2026-10-02 17:50:40.028 [UI] ---- window dump begin (pid 27488) ----
2026-10-02 17:50:40.264 [UI] TOP=001F059A vis=0 cls=QBOvCls rc=(537,437,897,533) title=
2026-10-02 17:50:40.274 [UI] TOP=000903E0 vis=1 cls=ATL:012FF210 rc=(214,69,1254,876) title=什么什么大冒险2(①逍遥村敬老院)-伏地魔2_Sep 24 2026《什么什么大冒险》制作委员会QQ群:515616289
2026-10-02 17:50:40.274 [UI] TOP=000B0630 vis=0 cls=DIEmWin rc=(-1,-1,135,38) title=DIEmWin
2026-10-02 17:50:40.677 [UI] TOP=000905EA vis=0 cls=IME rc=(0,0,0,0) title=Default IME
2026-10-02 17:50:40.684 [UI] TOP=00060A32 vis=0 cls=MSCTFIME UI rc=(0,0,0,0) title=MSCTFIME UI
2026-10-02 17:50:40.696 [UI] TOP=00060A38 vis=0 cls=IME rc=(0,0,0,0) title=Default IME
2026-10-02 17:50:40.696 [UI] TOP=00060A3E vis=0 cls=IME rc=(0,0,0,0) title=Default IME
2026-10-02 17:50:40.696 [UI] ---- window dump end ----
2026-10-02 17:50:40.792 [SEND-ANSWER] qno=6 opt=2 ret=13 sock=2716
2026-10-02 17:50:40.838 [SYS] 测试通过！
2026-10-02 17:50:40.921 [SYS] 获得了#00FF00#100#FFF692#金币
2026-10-02 17:50:40.921 [CURRENCY] a=199367 b=990602
2026-10-02 17:50:42.606 [UI] auto-closing quiz frame: qno=6 opt=2
2026-10-02 17:50:42.612 [UI] option 2 control NOT found — falling back to digit key
2026-10-02 17:50:47.426 [SETTLE] exp=1 gold=199367 len=393
2026-10-02 17:51:17.871 [SETTLE] exp=2 gold=199367 len=393
2026-10-02 17:51:36.467 [SETTLE] exp=2 gold=199367 len=403
2026-10-02 17:52:09.145 [SETTLE] exp=1 gold=199367 len=393
2026-10-02 17:52:35.240 [SETTLE] exp=2 gold=199367 len=393
2026-10-02 17:53:04.831 [SETTLE] exp=1 gold=199367 len=403
2026-10-02 17:53:35.095 [SETTLE] exp=1 gold=199367 len=393
2026-10-02 17:54:16.978 [SETTLE] exp=1 gold=199367 len=393
2026-10-02 17:54:55.726 [SETTLE] exp=2 gold=199367 len=393
2026-10-02 17:55:33.497 [SETTLE] exp=1 gold=199367 len=393
2026-10-02 17:56:18.475 [SETTLE] exp=2 gold=199367 len=403
2026-10-02 17:56:41.956 [SETTLE] exp=2 gold=199367 len=393
2026-10-02 17:57:13.895 [SETTLE] exp=2 gold=199367 len=393
2026-10-02 17:57:33.085 [SETTLE] exp=2 gold=199367 len=393
2026-10-02 17:57:56.000 [SETTLE] exp=2 gold=199367 len=393
2026-10-02 17:58:22.593 [SETTLE] exp=2 gold=199367 len=403
2026-10-02 17:58:52.723 [SETTLE] exp=2 gold=199367 len=393
2026-10-02 17:59:23.784 [SETTLE] exp=2 gold=199367 len=393
2026-10-02 17:59:48.937 [SETTLE] exp=2 gold=199367 len=403
2026-10-02 18:00:16.159 [SETTLE] exp=1 gold=199367 len=393
2026-10-02 18:00:43.801 [SETTLE] exp=1 gold=199367 len=393
2026-10-02 18:01:18.337 [SETTLE] exp=2 gold=199367 len=393
2026-10-02 18:01:55.699 [SETTLE] exp=2 gold=199367 len=393
2026-10-02 18:02:28.241 [SETTLE] exp=1 gold=199367 len=403
2026-10-02 18:02:56.901 [SETTLE] exp=2 gold=199367 len=393
2026-10-02 18:03:20.861 [SETTLE] exp=2 gold=199367 len=393
2026-10-02 18:03:41.536 [SETTLE] exp=2 gold=199367 len=393
2026-10-02 18:04:13.062 [SETTLE] exp=2 gold=199367 len=393
2026-10-02 18:04:35.497 [SETTLE] exp=2 gold=199367 len=393
2026-10-02 18:05:05.440 [SETTLE] exp=1 gold=199367 len=393
2026-10-02 18:05:30.690 [SETTLE] exp=1 gold=199367 len=393
2026-10-02 18:06:03.502 [SETTLE] exp=1 gold=199367 len=393
2026-10-02 18:06:37.508 [SETTLE] exp=2 gold=199367 len=403
2026-10-02 18:07:14.891 [SETTLE] exp=1 gold=199367 len=403
2026-10-02 18:07:49.480 [SETTLE] exp=2 gold=199367 len=393
2026-10-02 18:08:28.212 [SETTLE] exp=2 gold=199367 len=393
2026-10-02 18:09:10.498 [SETTLE] exp=1 gold=199367 len=393
2026-10-02 18:09:40.587 [SETTLE] exp=2 gold=199367 len=393
2026-10-02 18:10:00.742 [SETTLE] exp=2 gold=199367 len=393
2026-10-02 18:10:39.212 [SETTLE] exp=1 gold=199367 len=403
2026-10-02 18:11:08.537 [SETTLE] exp=2 gold=199367 len=393
2026-10-02 18:11:49.206 [SETTLE] exp=1 gold=199367 len=403
2026-10-02 18:11:49.299 [OP] 4707 inv=FFF3 len=12 #5 603bad80baecfc0b17faa32b
2026-10-02 18:21:32.335 [OP] 4704 inv=FFDE len=33 #3 5ca722a39ef3ce5ba0510bdcc5a32b1f3cc83369938c0ba32b1f805b64510bdcfa
2026-10-02 18:21:32.356 [OUT] 0031 inv=FFCE len=53 #3 ceff31008a4ec66f33b4de1fc84dec58ef51a7fd6dc7fc95d976806f5777b1a9ab92e7b2d286033d6643505b64510bdcfaa32b1f80
2026-10-02 18:21:32.404 [SYS] 与邀请者之间有障碍。
2026-10-02 18:21:41.241 [OUT] 1F04 inv=FFF6 len=13 #5 f6ff041fce1f805b08510bdce8
2026-10-02 18:22:02.560 [OP] 4704 inv=FFDE len=33 #4 5ca722a39ef3ce5ba0510bdcc5a32b1f3cc83369938c0ba32b1f805b64510bdcfa
2026-10-02 18:22:02.584 [OUT] 0031 inv=FFCE len=53 #4 ceff31008a4ec66f33b4de1fc84dec58ef51a7fd6dc7fc95d976806f5777b1a9ab92e7b2d286033d6643505b64510bdcfaa32b1f80
2026-10-02 18:22:18.845 [OP] 4705 inv=FFB8 len=71 #4 966b7f5134a722a3ed67ce5b6d0b0bdcfaa32b1f4d4064510bdcfaa3781f805b64510bdc5aa32b1f805b645131dcfaa3c51f805b6151a2da2bf00ad2341a64510bdcfaa32b1f80
2026-10-02 18:23:00.780 [SETTLE] exp=2 gold=199367 len=403
2026-10-02 18:23:15.022 [SETTLE] exp=2 gold=199367 len=393
2026-10-02 18:23:39.764 [SETTLE] exp=2 gold=199367 len=393
2026-10-02 18:24:09.001 [SETTLE] exp=1 gold=199367 len=393
2026-10-02 18:24:33.838 [SETTLE] exp=2 gold=199367 len=393
2026-10-02 18:24:57.801 [SETTLE] exp=1 gold=199367 len=403
2026-10-02 18:25:20.319 [SETTLE] exp=1 gold=199367 len=393
2026-10-02 18:25:45.706 [SETTLE] exp=2 gold=199367 len=393
2026-10-02 18:26:11.552 [SETTLE] exp=1 gold=199367 len=393
2026-10-02 18:26:41.851 [SETTLE] exp=1 gold=199367 len=393
2026-10-02 18:27:08.883 [SETTLE] exp=2 gold=199367 len=393
2026-10-02 18:27:29.794 [SETTLE] exp=2 gold=199367 len=393
2026-10-02 18:27:29.982 [SYS] #ff0000#您已进入野外区域，可能遭遇玩家间的自由对战，请注意安全！#ffffff#
2026-10-02 18:38:35.119 [SETTLE] exp=2 gold=199367 len=413
2026-10-02 18:38:51.376 [SYS] #FFF692#交纳传送费用#00CCFF#1810#FFF692#金币！
2026-10-02 18:38:51.478 [CURRENCY] a=199367 b=988792
2026-10-02 18:38:55.381 [SYS] #FFF692#交纳传送费用#00CCFF#1370#FFF692#金币！
2026-10-02 18:38:55.471 [CURRENCY] a=199367 b=989232
2026-10-02 18:39:06.910 [OP] 4705 inv=FFB8 len=71 #5 966b7f5134a722a33267ce5b260b0bdcfaa32b1f954064510bdcfaa35aca805b64510bdca7f82b1f805b645131dcfaa3c51f805b6651a2da2bf0e986341a64510bdcfaa32b1f80
2026-10-02 18:39:11.594 [SYS] #FFF692#交纳传送费用#00CCFF#1370#FFF692#金币！
2026-10-02 18:39:11.690 [CURRENCY] a=199367 b=989232
2026-10-02 18:39:45.735 [SYS] #FFF692#交纳传送费用#00CCFF#1810#FFF692#金币！
2026-10-02 18:39:45.858 [SYS] #ff0000#您已进入野外区域，可能遭遇玩家间的自由对战，请注意安全！#ffffff#
2026-10-02 18:39:45.858 [CURRENCY] a=199367 b=988792
2026-10-02 18:42:46.671 [SETTLE] exp=1 gold=199367 len=403
2026-10-02 18:43:14.505 [SETTLE] exp=2 gold=199367 len=393
2026-10-02 18:43:15.727 [SYS] #ff0000#您已进入野外区域，可能遭遇玩家间的自由对战，请注意安全！#ffffff#
2026-10-02 18:43:48.685 [SETTLE] exp=2 gold=199367 len=393
2026-10-02 18:44:19.274 [SETTLE] exp=2 gold=199367 len=403
2026-10-02 18:44:37.656 [SETTLE] exp=2 gold=199367 len=393
2026-10-02 18:46:04.017 [SETTLE] exp=2 gold=199367 len=393
2026-10-02 18:46:41.720 [SETTLE] exp=2 gold=199367 len=393
2026-10-02 18:47:16.680 [SETTLE] exp=1 gold=199367 len=393
2026-10-02 18:47:46.955 [SETTLE] exp=1 gold=199367 len=393
2026-10-02 18:48:33.838 [SETTLE] exp=2 gold=199367 len=393
2026-10-02 18:48:51.884 [SETTLE] exp=2 gold=199367 len=393
2026-10-02 18:49:22.104 [SETTLE] exp=2 gold=199367 len=393
2026-10-02 18:50:27.202 [SETTLE] exp=1 gold=199367 len=403
2026-10-02 18:52:22.885 [SETTLE] exp=1 gold=199367 len=393
2026-10-02 18:52:55.116 [SETTLE] exp=2 gold=199367 len=393
2026-10-02 18:53:16.270 [SETTLE] exp=2 gold=199367 len=393
2026-10-02 18:53:36.898 [SETTLE] exp=2 gold=199367 len=393
2026-10-02 18:54:10.047 [SETTLE] exp=2 gold=199367 len=393
2026-10-02 18:54:19.085 [QUESTION] {"type":"question","sock":2716,"qno":10,"field_a":77,"stem":"蚯蚓适合生活在什么样的环境里？","options":["1、太空里","2、天空里","3、水里","4、阴暗潮湿"]}
2026-10-02 18:54:20.098 [UI] auto dump on question qno=10
2026-10-02 18:54:20.099 [UI] ---- window dump begin (pid 27488) ----
2026-10-02 18:54:20.287 [UI] TOP=001F059A vis=0 cls=QBOvCls rc=(537,437,897,533) title=
2026-10-02 18:54:20.288 [UI] TOP=000B0630 vis=0 cls=DIEmWin rc=(-1,-1,135,38) title=DIEmWin
2026-10-02 18:54:20.290 [UI] TOP=000903E0 vis=1 cls=ATL:012FF210 rc=(-32000,-32000,-31840,-31972) title=什么什么大冒险2(①逍遥村敬老院)-伏地魔2_Sep 24 2026《什么什么大冒险》制作委员会QQ群:515616289
2026-10-02 18:54:20.692 [UI] TOP=000905EA vis=0 cls=IME rc=(0,0,0,0) title=Default IME
2026-10-02 18:54:20.692 [UI] TOP=00060A3E vis=0 cls=IME rc=(0,0,0,0) title=Default IME
2026-10-02 18:54:20.698 [UI] TOP=00060A32 vis=0 cls=MSCTFIME UI rc=(0,0,0,0) title=MSCTFIME UI
2026-10-02 18:54:20.701 [UI] TOP=00060A38 vis=0 cls=IME rc=(0,0,0,0) title=Default IME
2026-10-02 18:54:20.702 [UI] ---- window dump end ----
2026-10-02 18:54:20.705 [SEND-ANSWER] qno=10 opt=3 ret=13 sock=2716
2026-10-02 18:54:20.756 [SYS] 测试通过！
2026-10-02 18:54:20.855 [SYS] 获得了#00FF00#100#FFF692#金币
2026-10-02 18:54:20.855 [CURRENCY] a=199367 b=990702
2026-10-02 18:54:22.508 [UI] auto-closing quiz frame: qno=10 opt=3
2026-10-02 18:54:22.530 [UI] option 3 control NOT found — falling back to digit key
2026-10-02 18:54:33.364 [SETTLE] exp=1 gold=199367 len=393
2026-10-02 18:55:07.413 [SETTLE] exp=1 gold=199367 len=403
2026-10-02 18:55:35.580 [SETTLE] exp=2 gold=199367 len=393
2026-10-02 18:55:55.568 [PIPE] controller disconnected
2026-10-02 18:56:01.416 [SETTLE] exp=1 gold=199367 len=393
2026-10-02 18:56:02.743 [PIPE] controller connected
2026-10-02 18:56:21.905 [SETTLE] exp=1 gold=199367 len=393
2026-10-02 18:56:29.146 [SYS] #ff0000#您已进入野外区域，可能遭遇玩家间的自由对战，请注意安全！#ffffff#
2026-10-02 19:08:43.968 [SYS] #ff0000#您已进入野外区域，可能遭遇玩家间的自由对战，请注意安全！#ffffff#
2026-10-02 19:09:30.477 [SETTLE] exp=1 gold=199367 len=403
2026-10-02 19:10:01.874 [SETTLE] exp=2 gold=199367 len=393
2026-10-02 19:10:05.045 [PIPE] controller disconnected
2026-10-02 19:10:30.286 [SETTLE] exp=2 gold=199367 len=393
2026-10-02 19:10:49.912 [SETTLE] exp=1 gold=199367 len=393
2026-10-02 19:11:21.914 [SETTLE] exp=1 gold=199367 len=403
2026-10-02 19:11:39.680 [INIT] dll unloaded
2026-10-02 19:12:54.280 [INIT] dll loaded, pid=27488
2026-10-02 19:12:54.281 [INIT] codec loaded OK
2026-10-02 19:12:54.281 [INIT] iat hooks: recv=1 send=1 WSASend=1 connect=1 closesocket=1
2026-10-02 19:12:55.588 [SETTLE] exp=1 gold=199367 len=393
2026-10-02 19:12:55.588 [OP] 472A inv=FE76 len=393 #1 d9b4de1faa5b64510bdcfaa32b1f805b64510bdce8a32b1f805b64510bdcfaa32b1f805b64510bdca1b72b1f805b645183dcfaa32b1f805b64510bdcfaa32b1f805b64510bdcfaa32b1f805b64510bdcfaa32b1f805b64510bdcfaa32b1f805b64510bdcfaa32b1f805b64510bdcfaa32b1f805b64510bdcfaa32b1f805b64510bdcfaa32b1f805b64510bdc13f82b1fa59564513b6ffaa3b91f805b81a55215
2026-10-02 19:12:55.684 [OP] 42CE inv=FFFB len=4 #1 c87f510b
2026-10-02 19:12:55.684 [OP] 4211 inv=FFF6 len=9 #1 aa5b6451c03e22a34a
2026-10-02 19:12:55.684 [OP] 4211 inv=FFF6 len=9 #2 aa5b6451cd3e22a34a
2026-10-02 19:12:55.684 [OP] 4211 inv=FFF6 len=9 #3 aa5b6451af3e22a34a
2026-10-02 19:12:55.684 [OP] 4211 inv=FFF6 len=9 #4 aa5b645134a722a34a
2026-10-02 19:12:55.790 [OP] 47C0 inv=FFE1 len=30 #1 0faac4018ffd6fe089d0b25ae8da31ec8baf73749be8add958b128f7897d
2026-10-02 19:12:55.790 [OP] 47C0 inv=FFEA len=21 #2 51cac7e8da31ec8baf73749be8add958b128f7897d
2026-10-02 19:12:55.790 [OP] 47C0 inv=FFF3 len=12 #3 0253cae8add958b128f7897d
2026-10-02 19:12:55.791 [OP] 47C0 inv=FFF3 len=12 #4 0253ca967fd958b128f7897d
2026-10-02 19:12:55.791 [OP] 47C0 inv=FFF3 len=12 #5 0253ca98add958d0a40b3b7d
2026-10-02 19:12:58.236 [OP] F005 inv=FFE7 len=24 #1 26b35c3828d7fb2b1f805b64510bdcfaa3ce8812ddee09d0
2026-10-02 19:12:58.344 [OP] F005 inv=FFE7 len=24 #2 26b35c3828d7512b1f805b64510bdcfaa3ce394e9164a80c
2026-10-02 19:12:58.344 [OP] F005 inv=FFE7 len=24 #3 26b35c3828d7512b1f805b64510bdcfaa3ce394e9164a80c
2026-10-02 19:12:59.703 [OP] 40A0 inv=FF43 len=188 #1 41cdfc0b52fa392b00775b648ad0dcfadb4a0e3c9340173cdcfaa32b1f805b64510bdcfaa32b1f805b64510bdcfaa32b1f805b64510bdcfaa32b1f8070536c7f795bad9378775b648ad0dcfadb4a0e3c9340173cdcfaa32b1f805b64510bdcfaa32b1f805b64510bdcfaa32b1f805b64510bdcfaa32b1f805c5303c4365b29ce65775b64a9d0dcfadb4a394c8a70ae6f186679cf1f805b64510bdcfaa32b1f80
2026-10-02 19:12:59.703 [OP] 4613 inv=FF3F len=192 #1 ad94e6af58d5dcfe2924caaaf3990eec6f51c293b906948d4ba62322f853ca805bdf58ec6fb4bcda34b395e0510b74b3a3d91faa5b640b8507d90e6cac805b64992fe7c4202b97b194dc023ca743ba5337df95c8ffb779e8352ecaaa95df510b6fc4f8534745326f43ec68fadbebd9804064580bdc5b16876c842d43900bdcfa9c1c10aa4064291790104263bc7913195826e3c4a646d741550758ec6fc4a32b
2026-10-02 19:13:00.796 [OP] 46FE inv=FFFF len=0 #1 
2026-10-02 19:13:01.015 [OP] 4211 inv=FFF6 len=9 #5 aa5b6451a4a722a34a
2026-10-02 19:13:01.161 [OP] 4613 inv=FF7E len=129 #2 f8b82fe7c4202b383fc3dc0259585b960e62830ff8cdcf6fb4a0d47079af8a83ec6fc4f82b1faa95df519ba9374651ca1e5bf8510bdce8a3531f804040986c2ab7d62b1f80f1fdfeece6faf853979ac35503756fc4f88cbd79958c1ed06fc4f82b1faa95df519ba9374651ca2a5b64310bdce8a3531f8040ef555c8aa2512b1f80
2026-10-02 19:13:01.161 [OP] 4613 inv=FFC2 len=61 #3 aaf1fdfeece6faf853979ac35503756fc4f88cbd79958c1ed06fc4f82b1faa95df519ba9374651ca2a5b64310bdce8a3531f8040ef555c8aa2512b1f80
2026-10-02 19:13:03.411 [PIPE] controller connected
2026-10-02 19:13:06.137 [OUT] 1F51 inv=FFFF len=4 #1 ffff511f
2026-10-02 19:13:06.152 [OP] 4612 inv=FFEF len=16 #1 c464510b07c2392bb507c464408052fa
2026-10-02 19:13:06.154 [OP] 4612 inv=FFF3 len=12 #2 90faa32bb507c464408052fa
2026-10-02 19:13:06.154 [OP] 4612 inv=FFF7 len=8 #3 ca805b64408052fa
2026-10-02 19:13:06.250 [OP] 4F52 inv=FFFF len=0 #1 
2026-10-02 19:13:09.205 [OP] 4100 inv=FFF9 len=6 #1 051279f1b0d0
2026-10-02 19:13:09.300 [OP] EFFE inv=FFFE len=1 #1 0b
2026-10-02 19:13:09.335 [OUT] 1F51 inv=FFFF len=4 #2 ffff511f
2026-10-02 19:13:09.389 [OP] 4F52 inv=FFFF len=0 #2 
2026-10-02 19:13:09.485 [OP] 4101 inv=FC6D len=914 #1 603bad809464510bdcfaa32bc8d97b81510bdcfaa32b1f805b64510bdcfaa32b1f805b64510bdcfa5f3b9d4e5b6472d5dcfaa32b1f80506f510bdcfaa32b1f805b64510bdcfa215dad80c464510b52faa32b55925b646992dcfa6e7f1f80c831510b155a4e78c8d97b81a552155afb2b1f807b81a5526fc6c2d41e5f8bfa191edcfaa32b1f805b6451ae02faa32b1f805bd82d0bdcfaa32b1f805b64510bdcfa
2026-10-02 19:13:10.290 [OUT] 1001 inv=FFF9 len=10 #1 f9ff01101f805b64510b
2026-10-02 19:13:10.424 [OP] 4108 inv=FFE3 len=28 #1 5207c464510bdcfa5f531f80d8f8510bce4051421f805b64510bdcfa
2026-10-02 19:13:10.512 [OP] 4108 inv=FFE3 len=28 #2 5207c464510bdcfa4d531f80d8f8510bce4051ed1f805b64510bdcfa
2026-10-02 19:13:10.512 [OP] 4108 inv=FFF3 len=12 #3 74c2392b1f805b64510bdcfa
2026-10-02 19:13:10.512 [OP] 4108 inv=FFF3 len=12 #4 74c2392b1f805b64580bdcfa
2026-10-02 19:13:10.512 [OP] 4108 inv=FFF3 len=12 #5 74c2392b1f805b640e0bdcfa
2026-10-02 19:13:10.614 [OP] 4104 inv=FFFB len=4 #1 86d31f80
2026-10-02 19:13:10.614 [OP] 4104 inv=FFFB len=4 #2 dcd31faa
2026-10-02 19:13:10.615 [OP] 4104 inv=FFFB len=4 #3 86d31fc7
2026-10-02 19:13:10.615 [OP] 4104 inv=FFFB len=4 #4 86d31fce
2026-10-02 19:13:10.615 [OP] 4104 inv=FFFB len=4 #5 86d31f12
2026-10-02 19:13:12.659 [OP] 4105 inv=FFFE len=1 #1 cd
2026-10-02 19:13:12.659 [OP] 4105 inv=FFFE len=1 #2 af
2026-10-02 19:13:12.661 [OUT] 1005 inv=FFEF len=20 #1 efff0510a498f8535bc75c640b0b0022a32b1f80
2026-10-02 19:13:12.760 [OP] 4106 inv=FFFC len=3 #1 e54632
2026-10-02 19:13:12.761 [OP] 4110 inv=FFFD len=2 #1 5f2b
2026-10-02 19:13:12.761 [OP] 4106 inv=FFFC len=3 #2 5139cb
2026-10-02 19:13:12.862 [OP] 4105 inv=FFFE len=1 #3 b2
2026-10-02 19:13:12.864 [OUT] 1004 inv=FFF3 len=16 #1 f3ff0410883ed42b59c7c3642d0b59ae
2026-10-02 19:13:13.019 [OP] 4109 inv=FE8B len=372 #1 41cdfc0b6ffa46d91f805b64510bdcfaf82b1f806e6401c402facccead806b64580bdcfae13b1f80c4cd510bdcc4a32b1f5ea86477ecdcfa8d2b1f805b64510bdcfaa32bca805b64dfb2dcfa393bca805b64510bdcc4a32bca805b64dfb2dcfa393b59805b64510bdcfaa32bca805b64dfb2dcfa393bad805bdf510bdcfaa32b23aa5b6401ba710ea32b1f801e9f510b6ffaa32bf4075b64fcb28bfaa3531f80
2026-10-02 19:13:13.108 [OP] 4106 inv=FFFD len=2 #3 a33b
2026-10-02 19:13:13.108 [OP] 4110 inv=FFFD len=2 #2 b42b
2026-10-02 19:13:13.108 [OP] 4105 inv=FFFE len=1 #4 ec
2026-10-02 19:13:13.108 [OP] 4106 inv=FFFD len=2 #4 a353
2026-10-02 19:13:13.108 [OP] 4105 inv=FFFE len=1 #5 b1
2026-10-02 19:13:13.108 [OP] 4106 inv=FFFD len=2 #5 a34a
2026-10-02 19:13:13.108 [OP] 4111 inv=FFFD len=2 #1 6bdf
2026-10-02 19:13:13.110 [OUT] 1004 inv=FFF3 len=16 #2 f3ff0410883ed42b59c7c3642d0b59ae
2026-10-02 19:13:13.362 [OP] 4110 inv=FFFD len=2 #3 b453
2026-10-02 19:13:15.715 [OP] 4109 inv=FFB7 len=72 #2 5207c464517f6fc4a32b1f805b64510b07faa32bca075b6f87b1dcfa40ce1f806bdf0e0b07faa32b39125b640eeca7faa32b1f805bdf510b8222a32b39125b64080ba7faa32b1f80
2026-10-02 19:13:15.806 [OP] 4111 inv=FFFD len=2 #2 9564
2026-10-02 19:13:17.107 [OP] 4109 inv=FFB7 len=72 #3 5207c464517f6fc4a3d91f805b64510b07faa32b9dca5b6f87b1dcfa40ce1f8027260e0b07faa32b39125b640eb1c6faa32b1f805bdf510b8222a32b39125b64080bc6faa32b1f80
2026-10-02 19:13:17.195 [OP] 4111 inv=FFFD len=2 #3 1c64
2026-10-02 19:13:17.301 [PIPE] controller disconnected
2026-10-02 19:13:18.524 [OP] 4109 inv=FFA7 len=88 #4 12b252faa393caaa5bdf510bdcfaa32bb9805b640e6ddcae1d4a1f80646f510b3be8db2bb9805b6487b1dcfadb939b805b64510bdcc4a32bb2ce5b6487b1dcfadb2b9b805bdf510b05c4a32b2faa5b64510bdcfaa32b1f80
2026-10-02 19:13:18.623 [OP] 4111 inv=FFFD len=2 #4 9464
2026-10-02 19:13:19.317 [OP] EFFE inv=FFFE len=1 #2 0b
2026-10-02 19:13:19.430 [OUT] 1F51 inv=FFFF len=4 #3 ffff511f
2026-10-02 19:13:19.474 [OP] 4F52 inv=FFFF len=0 #3 
2026-10-02 19:13:19.819 [OP] 4109 inv=FF87 len=120 #5 41cdfc0bdce8f8931f805b64510bdcfaa62b1f805bc6510b6ef4a32bc0ef5b642d0b90e8a62b1f80f326510b90fa722b1f805b64510bdcfa96de1f80f326510b90fa722b1faa5b648fecdcfa31931f805b64510bdcfaa32bc0ef5b645fc4dcfaa37829805bdf510b32c4a32bca805b64510bdcfaa32b1f80
2026-10-02 19:13:19.914 [OP] 4111 inv=FFFD len=2 #5 5b64
2026-10-02 19:13:19.914 [OP] 4112 inv=FFFD len=2 #1 02c4
2026-10-02 19:13:21.312 [OP] 4112 inv=FFFD len=2 #2 6fc4
2026-10-02 19:13:21.313 [OP] 4112 inv=FFFD len=2 #3 90c4
2026-10-02 19:13:21.313 [OP] 4112 inv=FFFD len=2 #4 8bc4
2026-10-02 19:13:21.322 [OUT] 1004 inv=FFF3 len=16 #3 f3ff0410883ed42b59c7c3642d0b59ae
2026-10-02 19:13:21.410 [OP] 4110 inv=FFFD len=2 #4 b453
2026-10-02 19:13:23.420 [PIPE] controller connected
2026-10-02 19:13:24.027 [OP] 4112 inv=FFFD len=2 #5 dcc4
2026-10-02 19:13:28.680 [SETTLE] exp=2 gold=199367 len=393
2026-10-02 19:13:28.680 [OP] 472A inv=FE76 len=393 #2 d9b4de1fc75b64510bdcfaa32b1f805b64510bdce8a32b1f805b64510bdcfaa32b1f805b64510bdca1b72b1f805b645183dcfaa32b1f805b64510bdcfaa32b1f805b64510bdcfaa32b1f805b64510bdcfaa32b1f805b64510bdcfaa32b1f805b64510bdcfaa32b1f805b64510bdcfaa32b1f805b64510bdcfaa32b1f805b64510bdcfaa32b1f805b64510bdcd8a32b1f6595645185dcfaa3b91f805bef510bdc
2026-10-02 19:13:28.776 [OP] 42CE inv=FFFB len=4 #2 c87f510b
2026-10-02 19:13:29.339 [OP] EFFE inv=FFFE len=1 #3 0b
2026-10-02 19:13:30.698 [OUT] 004E inv=FFFA len=9 #1 faff4e00e9580bdcf4
2026-10-02 19:13:30.754 [OP] 4029 inv=FFDF len=32 #1 41cdfc0bb653a32b1f805b64aa75dcfaa32b1f80f87f510b8bc4982bc1809564
2026-10-02 19:13:30.851 [OP] 4612 inv=FFF3 len=12 #4 90faa32b2e87c4640db252fa
2026-10-02 19:13:31.035 [OP] 46FE inv=FFFF len=0 #2 
2026-10-02 19:13:34.805 [OP] 4100 inv=FFF9 len=6 #2 0512d9c62dc4
2026-10-02 19:13:34.928 [OUT] 1F51 inv=FFFF len=4 #4 ffff511f
2026-10-02 19:13:34.976 [OP] 4101 inv=FCA5 len=858 #2 12b252fadb2b1f805b64510b155a4e781f805b64510bdcfaa32b1f805b64510bdcfaa32b1f805b64fbb28b25a32b1e4f5b64510bdcfaddce1f805b64510bdcfaa32b1f805b647b8052fa392b1f80c464510bbba0a32bd9ad5b64102bdcfa6ff51f807b81a552155a4e78c8d97b817f0bdcfa4e78c8d995b01e2e69746388e50e5b64510bdcfaa32b1fe96e64510bdcfaa3c229805b64510bdcfaa32b1f805b64
2026-10-02 19:13:35.077 [OP] 4F52 inv=FFFF len=0 #4 
2026-10-02 19:13:35.872 [OUT] 1001 inv=FFF9 len=10 #2 f9ff01101f805b64510b
2026-10-02 19:13:38.191 [OUT] 1005 inv=FFEF len=20 #2 efff0510a498f8535bc75c640b0b0022a32b1f80
2026-10-02 19:13:38.292 [OP] 4110 inv=FFFD len=2 #5 5f2b
2026-10-02 19:13:38.494 [OUT] 1004 inv=FFF3 len=16 #4 f3ff0410883ed42b59c7c3642d0b59ae
2026-10-02 19:13:43.352 [OP] EFFE inv=FFFE len=1 #4 0b
2026-10-02 19:13:45.091 [OUT] 1F51 inv=FFFF len=4 #5 ffff511f
2026-10-02 19:13:45.135 [OP] 4F52 inv=FFFF len=0 #5 
2026-10-02 19:13:53.370 [OP] EFFE inv=FFFE len=1 #5 0b
2026-10-02 19:13:54.117 [SETTLE] exp=2 gold=199367 len=393
2026-10-02 19:13:54.118 [OP] 472A inv=FE76 len=393 #3 d9b4de1fc75b64510bdcfaa32b1f805b64510bdce8a32b1f805b64510bdcfaa32b1f805b64510bdca1b72b1f805b64513edcfaa32b1f805b64510bdcfaa32b1f805b64510bdcfaa32b1f805b64510bdcfaa32b1f805b64510bdcfaa32b1f805b64510bdcfaa32b1f805b64510bdcfaa32b1f805b64510bdcfaa32b1f805b64510bdcfaa32b1f805b64510bdcf9db2b1f265b64513b6ffaa3b91f805b81a55215
2026-10-02 19:13:54.212 [OP] 42CE inv=FFFB len=4 #3 c87f510b
2026-10-02 19:13:56.132 [OUT] 004E inv=FFFA len=9 #2 faff4e00e9580bdce8
2026-10-02 19:13:56.187 [OP] 4029 inv=FFDF len=32 #2 41cdfc0bac9fa32b1f805b64db7fdcfaa32b1f8094a2510b90c4982b01809564
2026-10-02 19:13:59.244 [OP] 4100 inv=FFF9 len=6 #3 0512a8b027c4
2026-10-02 19:13:59.351 [OP] 4101 inv=FCA5 len=858 #3 12b252fadb2b1f805b64510b155a4e781f805b64510bdcfaa32b1f805b64510bdcfaa32b1f805b64fbb28b25a32b1e4f5b64510bdcfaddce1f805b64510bdcfaa32b1f805b647b8052fa392b1f80c464510bbba0a32bd9ad5b64102bdcfa6ff51f807b81a552155a4e78c8d97b817f0bdcfa4e78c8d995b01e2e69746388e50e5b64510bdcfaa32bcae96e64510bdcfaa3c229805b64510bdcfaa32b1f805b64
2026-10-02 19:14:00.308 [OUT] 1001 inv=FFF9 len=10 #3 f9ff01101f805b64510b
2026-10-02 19:14:01.235 [OP] 46FE inv=FFFF len=0 #3 
2026-10-02 19:14:02.754 [OUT] 1005 inv=FFEF len=20 #3 efff0510a498f8535bc75c640b0b0022a32b1f80
2026-10-02 19:14:02.953 [OUT] 1004 inv=FFF3 len=16 #5 f3ff0410883ed42b59c7c3642d0b59ae
2026-10-02 19:14:21.538 [SETTLE] exp=2 gold=199367 len=393
2026-10-02 19:14:21.538 [OP] 472A inv=FE76 len=393 #4 d9b4de1fc75b64510bdcfaa32b1f805b64510bdce8a32b1f805b64510bdcfaa32b1f805b64510bdca1b72b1f805b6451a790faa32b1f805b64510bdcfaa32b1f805b64510bdcfaa32b1f805b64510bdcfaa32b1f805b64510bdcfaa32b1f805b64510bdcfaa32b1f805b64510bdcfaa32b1f805b64510bdcfaa32b1f805b64510bdcfaa32b1f805b64510bdcf9db2b1f265b64513b6ffaa3b91f805b81a55215
2026-10-02 19:14:21.634 [OP] 42CE inv=FFFB len=4 #4 c87f510b
2026-10-02 19:14:24.686 [OP] 4100 inv=FFF9 len=6 #4 0512babed3c4
2026-10-02 19:14:25.005 [OP] 4101 inv=FCA5 len=858 #4 12b252fadb2b1f805b64510b155a4e781f805b64510bdcfaa32b1f805b64510bdcfaa32b1f805b64fbb28b25a32b1e4f5b64510bdcfaddce1f805b64510bdcfaa32b1f805b647b8052fa392b1f80c464510bbba0a32bd9ad5b64102bdcfa6ff51f807b81a552155a4e78c8d97b817f0bdcfa4e78c8d995b01e2e69746388e50e5b64510bdcfaa32b1fe96e64510bdcfaa3c229805b64510bdcfaa32b1f805b64
2026-10-02 19:14:25.756 [OUT] 1001 inv=FFF9 len=10 #4 f9ff01101f805b64510b
2026-10-02 19:14:28.073 [OUT] 1005 inv=FFEF len=20 #4 efff0510a498f8535bc75c640b0b0022a32b1f80
2026-10-02 19:14:31.541 [OP] 46FE inv=FFFF len=0 #4 
2026-10-02 19:14:43.023 [SETTLE] exp=2 gold=199367 len=393
2026-10-02 19:14:43.024 [OP] 472A inv=FE76 len=393 #5 d9b4de1fc75b64510bdcfaa32b1f805b64510bdcc4a32b1f805b64510bdcfaa32b1f805b64510bdca1b72b1f805b6451ef6ffaa32b1f805b64510bdcfaa32b1f805b64510bdcfaa32b1f805b64510bdcfaa32b1f805b64510bdcfaa32b1f805b64510bdcfaa32b1f805b64510bdcfaa32b1f805b64510bdcfaa32b1f805b64510bdcfaa32b1f805b64510bdcf9db2b1f009464513b6ffaa3f1ca805b81a55215
2026-10-02 19:14:43.113 [OP] 42CE inv=FFFB len=4 #5 c87f510b
2026-10-02 19:14:45.901 [OP] 4722 inv=FFEC len=19 #1 19f3ce5bb023d0dc5a4e78c8c7bf64510b3e22
2026-10-02 19:14:48.153 [OP] 4100 inv=FFF9 len=6 #5 05125bac01c4
2026-10-02 19:14:48.326 [OP] 4101 inv=FCA5 len=858 #5 12b252fadb2b1f805b64510b155a4e781f805b64510bdcfaa32b1f805b64510bdcfaa32b1f805b64fbb28b25a32b1e4f5b64510bdcfa65d91f805b64510bdcfaa32b1f805b647b8052fa392b1f80c464510bbba0a32bd9ad5b64102bdcfa6ff51f807b81a552155a4e78c8d97b817f0bdcfa4e78c8d995b01e2e69746388e50e5b64510bdcfaa32b1fe96e64510bdcfaa3c229805b64510bdcfaa32b1f805b64
2026-10-02 19:14:49.232 [OUT] 1001 inv=FFF9 len=10 #5 f9ff01101f805b64510b
2026-10-02 19:14:51.473 [OUT] 1005 inv=FFEF len=20 #5 efff0510a498f8535bc75c640b0b0022a32b1f80
2026-10-02 19:15:01.749 [OP] 46FE inv=FFFF len=0 #5 
2026-10-02 19:15:04.600 [SETTLE] exp=2 gold=199367 len=393
2026-10-02 19:15:38.577 [SETTLE] exp=1 gold=199367 len=403
2026-10-02 19:15:40.601 [OUT] 004E inv=FFFA len=9 #3 faff4e00e9580bdcf4
2026-10-02 19:15:40.694 [OP] 4029 inv=FFDF len=32 #3 41cdfc0bb653a32b1f805b64aa75dcfaa32b1f80b87f510b8bc4982bf2809564
2026-10-02 19:15:59.914 [SETTLE] exp=1 gold=199367 len=393
2026-10-02 19:16:01.938 [OUT] 004E inv=FFFA len=9 #4 faff4e00e9580bdce8
2026-10-02 19:16:02.065 [OP] 4029 inv=FFDF len=32 #4 41cdfc0bac9fa32b1f805b64db7fdcfaa32b1f8094f1510b90c4982bf7809564
2026-10-02 19:16:34.776 [SETTLE] exp=2 gold=199367 len=393
2026-10-02 19:17:03.341 [SETTLE] exp=1 gold=199367 len=393
2026-10-02 19:17:32.076 [SETTLE] exp=2 gold=199367 len=403
2026-10-02 19:17:34.092 [OUT] 004E inv=FFFA len=9 #5 faff4e00e9580bdcf4
2026-10-02 19:17:34.235 [OP] 4029 inv=FFDF len=32 #5 41cdfc0bb653a32b1f805b64aa75dcfaa32b1f80f57f510b8bc4982bfe809564
2026-10-02 19:18:11.338 [SETTLE] exp=1 gold=199367 len=393
2026-10-02 19:18:24.267 [OP] F005 inv=FFE7 len=24 #4 26b35c3828d7fb2b1f805b64510bdcfaa3de1f80e1d4adcf
2026-10-02 19:18:42.120 [SETTLE] exp=2 gold=199367 len=393
2026-10-02 19:19:19.132 [SETTLE] exp=1 gold=199367 len=393
2026-10-02 19:19:48.831 [SETTLE] exp=1 gold=199367 len=393
2026-10-02 19:20:17.311 [SETTLE] exp=2 gold=199367 len=393
2026-10-02 19:20:37.699 [OP] F005 inv=FFE7 len=24 #5 26b35c3828d7512b1f805b64510bdcfaa3de1f809164a80c
2026-10-02 19:21:03.660 [SETTLE] exp=1 gold=199367 len=393
2026-10-02 19:21:34.529 [SETTLE] exp=2 gold=199367 len=393
2026-10-02 19:22:03.225 [SETTLE] exp=2 gold=199367 len=393
2026-10-02 19:22:03.323 [OP] 46E0 inv=FDF7 len=520 #1 41cdfc0b6ffaa32be787c464580bdcfa7f4d1f809564510b1a48822bd62f8823db7affc02142ad8066b22b0bdcfae02b2997f123e6a3b1ca392b59807451e650e2c1751305009e3edea391fad19720801c640fd0e74f5770e31e5cdc510b155aa5dffc802c6f94d0dc08a32bad804d7ffc0bdcfa1c7048ce0b472b0b6e10e02b2cca3af167df3dfa35571f807a5c06d0dcfa4e78973f987f1d4ad49995a86d80
2026-10-02 19:22:17.551 [SETTLE] exp=1 gold=199367 len=393
2026-10-02 19:23:06.510 [SETTLE] exp=1 gold=199367 len=393
2026-10-02 19:23:06.621 [OP] 4210 inv=FFF3 len=12 #1 450bdcfaf52b1f80baecfc0b
2026-10-02 19:23:38.468 [SETTLE] exp=2 gold=199367 len=393
2026-10-02 19:24:08.814 [SETTLE] exp=2 gold=199367 len=393
2026-10-02 19:24:41.573 [SETTLE] exp=1 gold=199367 len=393
2026-10-02 19:25:32.412 [SETTLE] exp=1 gold=199367 len=403
2026-10-02 19:26:04.428 [SETTLE] exp=1 gold=199367 len=393
2026-10-02 19:26:37.350 [SETTLE] exp=2 gold=199367 len=403
2026-10-02 19:26:37.446 [OP] 4210 inv=FFF3 len=12 #2 450bdcfa382b1f80a1ecfc0b
2026-10-02 19:27:04.579 [SETTLE] exp=1 gold=199367 len=393
2026-10-02 19:27:34.880 [SETTLE] exp=1 gold=199367 len=393
2026-10-02 19:28:17.473 [SETTLE] exp=2 gold=199367 len=393
2026-10-02 19:28:51.748 [SETTLE] exp=1 gold=199367 len=393
2026-10-02 19:28:51.846 [OP] 46E0 inv=FDF7 len=520 #2 41cdfc0b6ffaa32b7207c464580bdcfa44661f80c064250b23d6e4ded62f88230acb2cc0dc29598066b22b0bdcfae02b91b2c67fdb4bc4fadb2b610749dbfd500cd67513c0805b64519adcfa232b1f80c464b27535cd467087562a6443508cae0f8efc805b64510bdc08a32b1f805b64830bdcfa404cae120b472b0b6e10e02b69e57ed9438b8efa119408ce118a9cd004b663c45b9f097f1d4ad49995a86d80
2026-10-02 19:29:20.041 [SETTLE] exp=1 gold=199367 len=393
2026-10-02 19:29:55.080 [SETTLE] exp=2 gold=199367 len=393
2026-10-02 19:30:12.919 [SETTLE] exp=2 gold=199367 len=393
2026-10-02 19:30:47.066 [SETTLE] exp=1 gold=199367 len=393
2026-10-02 19:31:20.562 [SETTLE] exp=1 gold=199367 len=393
2026-10-02 19:31:50.232 [SETTLE] exp=2 gold=199367 len=393
2026-10-02 19:32:20.765 [SETTLE] exp=1 gold=199367 len=393
2026-10-02 19:32:39.738 [SETTLE] exp=1 gold=199367 len=393
2026-10-02 19:33:11.502 [SETTLE] exp=1 gold=199367 len=393
2026-10-02 19:33:53.798 [SETTLE] exp=1 gold=199367 len=393
2026-10-02 19:34:34.361 [SETTLE] exp=1 gold=199367 len=393
2026-10-02 19:35:03.025 [SETTLE] exp=2 gold=199367 len=393
2026-10-02 19:35:37.838 [SETTLE] exp=1 gold=199367 len=393
2026-10-02 19:36:02.941 [SETTLE] exp=2 gold=199367 len=393
2026-10-02 19:36:27.704 [SETTLE] exp=1 gold=199367 len=413
2026-10-02 19:36:52.628 [SETTLE] exp=1 gold=199367 len=393
2026-10-02 19:37:14.482 [PIPE] controller disconnected
2026-10-02 19:37:19.176 [INIT] dll unloaded
2026-10-02 19:37:55.765 [INIT] dll loaded, pid=27488
2026-10-02 19:37:55.766 [INIT] codec loaded OK
2026-10-02 19:37:55.766 [INIT] iat hooks: recv=1 send=1 WSASend=1 connect=1 closesocket=1
2026-10-02 19:37:56.779 [SETTLE] exp=1 gold=199367 len=393
2026-10-02 19:37:56.780 [OP] 472A inv=FE76 len=393 #1 d9b4de1faa5b64510bdcfaa32b1f805b64510bdce8a32b1f805b64510bdcfaa32b1f805b64510bdca1b72b1f805b645183dcfaa32b1f805b64510bdcfaa32b1f805b64510bdcfaa32b1f805b64510bdcfaa32b1f805b64510bdcfaa32b1f805b64510bdcfaa32b1f805b64510bdcfaa32b1f805b64510bdcfaa32b1f805b64510bdcfaa32b1f805b64510bdce4f82b1f859564514d6ffaa3ebca805b81a55215
2026-10-02 19:37:56.876 [OP] 42CE inv=FFFB len=4 #1 c87f510b
2026-10-02 19:37:56.876 [OP] 4211 inv=FFF6 len=9 #1 aa5b6451c03e22a34a
2026-10-02 19:37:56.876 [OP] 4211 inv=FFF6 len=9 #2 aa5b6451cd3e22a34a
2026-10-02 19:37:56.876 [OP] 4211 inv=FFF6 len=9 #3 aa5b6451af3e22a34a
2026-10-02 19:37:56.876 [OP] 4211 inv=FFF6 len=9 #4 aa5b645134a722a34a
2026-10-02 19:37:56.979 [OP] 47C0 inv=FFCF len=48 #1 7cdffd34059ff893c9a8f55a6001c6c4fd7f81fddf9dc0fd6ff43bca65c9412831ec8b6d9a412498add958d05c094cd2
2026-10-02 19:37:56.980 [OP] 47C0 inv=FFD8 len=39 #2 b395266001c6c4fd7f81fddf9dc0fd6ff43bca65c9412831ec8b6d9a412498add958d05c094cd2
2026-10-02 19:37:56.980 [OP] 47C0 inv=FFE1 len=30 #3 0faac49dc0fd6ff43bca65c9412831ec8b6d9a412498add958d05c094cd2
2026-10-02 19:37:56.981 [OP] 47C0 inv=FFEA len=21 #4 51cac7412831ec8b6d9a412498add958d05c094cd2
2026-10-02 19:37:56.981 [OP] 47C0 inv=FFF3 len=12 #5 0253ca98add958d05c094cd2
2026-10-02 19:38:00.947 [OP] 4707 inv=FFF3 len=12 #1 603bad8063cdfc0b17faa32b
2026-10-02 19:38:00.966 [OUT] 0022 inv=FFF5 len=14 #1 f5ff220095228ffd90c418e594c9
2026-10-02 19:38:01.979 [OUT] 0022 inv=FFF5 len=14 #2 f5ff220095228ffde6c4a11360c9
2026-10-02 19:38:02.024 [CLOSE] main sock 2716 closed
2026-10-02 19:38:03.769 [PIPE] controller connected
2026-10-02 19:38:13.600 [OP] EFFE inv=FFFE len=1 #1 0b
2026-10-02 19:38:23.610 [OP] EFFE inv=FFFE len=1 #2 0b
2026-10-02 19:38:32.226 [OP] F005 inv=FFE7 len=24 #1 26b35c3828d7512b1f805b64510bdcfaa32b5ebce8868fb2
2026-10-02 19:38:32.322 [OP] F005 inv=FFE7 len=24 #2 26b35c3828d7512b1f805b64510bdcfaa32b5ebce8868fb2
2026-10-02 19:43:16.124 [PIPE] controller disconnected
