2026-10-03 01:08:58.705 [INIT] dll loaded, pid=24056
2026-10-03 01:08:58.705 [INIT] codec loaded OK
2026-10-03 01:08:58.705 [INIT] iat hooks: recv=1 send=1 WSASend=1 connect=1 closesocket=1 WSAEventSelect=1 WSAEnumNetworkEvents=1 ioctlsocket=1
2026-10-03 01:08:58.871 [PIPE] controller connected
2026-10-03 01:08:59.415 [EVENT] sock=2516 hEvent=000009A4 events=0x0
2026-10-03 01:08:59.415 [EVENT] sock=2516 hEvent=000009A4 events=0x21
2026-10-03 01:08:59.515 [OP] 4108 inv=FFE3 len=28 #1 7207c464510bdcfa5f531f80d8f8510bce40515d1f805b64510bdcfa
2026-10-03 01:08:59.600 [OP] 4108 inv=FFE3 len=28 #2 7207c464510bdcfa21531f80d8f8510bce4051421f805b64510bdcfa
2026-10-03 01:08:59.600 [OP] 4108 inv=FFE3 len=28 #3 7207c464510bdcfa4d531f80d8f8510bce4051ed1f805b64510bdcfa
2026-10-03 01:08:59.611 [OP] 4108 inv=FFF3 len=12 #4 efc2392b1f805b64510bdcfa
2026-10-03 01:08:59.611 [OP] 4108 inv=FFF3 len=12 #5 efc2392b1f805b64580bdcfa
2026-10-03 01:08:59.692 [OP] 4104 inv=FFFB len=4 #1 50d01f80
2026-10-03 01:08:59.692 [OP] 4104 inv=FFFB len=4 #2 29d31faa
2026-10-03 01:08:59.692 [OP] 4104 inv=FFFB len=4 #3 29d31fc7
2026-10-03 01:08:59.692 [OP] 4104 inv=FFFB len=4 #4 0bd31fce
2026-10-03 01:08:59.692 [OP] 4104 inv=FFFB len=4 #5 29d31f12
2026-10-03 01:08:59.933 [EVENT] sock=2656 hEvent=00000A0C events=0x0
2026-10-03 01:08:59.933 [EVENT] sock=2656 hEvent=00000A0C events=0x21
2026-10-03 01:09:01.622 [OP] 4105 inv=FFFE len=1 #1 cd
2026-10-03 01:09:01.725 [OP] 4105 inv=FFFE len=1 #2 c0
2026-10-03 01:09:01.725 [OP] 4105 inv=FFFE len=1 #3 af
2026-10-03 01:09:01.726 [OP] 4106 inv=FFFC len=3 #1 a53932
2026-10-03 01:09:01.726 [OP] 4106 inv=FFFC len=3 #2 e546ed
2026-10-03 01:09:01.731 [EVENT] sock=2516 hEvent=000009A4 events=0x0
2026-10-03 01:09:01.731 [EVENT] sock=2516 hEvent=000009A4 events=0x21
2026-10-03 01:09:01.824 [OP] 4106 inv=FFFC len=3 #3 b1fdcb
2026-10-03 01:09:01.825 [OP] 4110 inv=FFFD len=2 #1 4d2b
2026-10-03 01:09:02.048 [OP] 4109 inv=FFB7 len=72 #1 7207c464517f6fc4a32b1f805b64510b07faa32bada05b6487b1dcfa40ce1f80ba7f0e0b07faa32b39125b640ed054faa32b1f805b64f4808222a32b39125b64080b54faa32b1f1c
2026-10-03 01:09:02.138 [OP] 4105 inv=FFFE len=1 #4 0c
2026-10-03 01:09:02.139 [OP] 4105 inv=FFFE len=1 #5 d0
2026-10-03 01:09:02.139 [OP] 4106 inv=FFFD len=2 #4 a3de
2026-10-03 01:09:02.139 [OP] 4106 inv=FFFD len=2 #5 a34a
2026-10-03 01:09:02.139 [OP] 4111 inv=FFFD len=2 #1 c464
2026-10-03 01:09:03.428 [OP] 4109 inv=FFB7 len=72 #2 7207c464517f6fc4a32b1f805b64510b07faa32b9d105b6487b1dcfa40ce1f80c0260e0b07faa32b39125b640eb166faa32b1f805b64f4808222a32b39125b64080b66faa32b1f80
2026-10-03 01:09:03.575 [OP] 4111 inv=FFFD len=2 #2 1c64
2026-10-03 01:09:04.839 [OP] 4109 inv=FFA7 len=88 #3 b4b252faa393caaa5bdf510bdcfaa32bb9805b64586ddcfa1d4a1f80646f510b3bc4db2bb9805b6487b1dcfadb539b805b64510bdcc4a32bb2ce5b6487b1dcfadb2b9b805bdf510b05c4a32b7eaa5b64510bdcfaa32b1f80
2026-10-03 01:09:05.296 [OP] 4111 inv=FFFD len=2 #3 9564
2026-10-03 01:09:07.013 [OP] 4109 inv=FE9B len=356 #4 8b3bad809564fdd5dcc4a32b1f805b64580bdcfa722b6fef6e6401c452fa612bca805b64dfb2dcfa39c41f805bf8510bdcfaa32b92aa5b64dc0bdcfaa32b1f805b64510b7cc4a32b6ffcf4ec510bdcfaed6b1f809564510b3fc2a32bad109564510bdcfaa32b1f809564510b3fc2a32bad109464510bdcfaa32b1f809564510b3fc2a32bad10c464510bdcfaa34a1f809564510b3fc2a32bad101c64510bdcfa
2026-10-03 01:09:07.104 [OP] 4111 inv=FFFD len=2 #4 c0df
2026-10-03 01:09:08.525 [EVENT] sock=2516 hEvent=000009A4 events=0x0
2026-10-03 01:09:08.525 [EVENT] sock=2516 hEvent=000009A4 events=0x21
2026-10-03 01:09:08.567 [OP] 4F52 inv=FFFF len=0 #1 
2026-10-03 01:09:08.934 [OP] 4109 inv=FFA3 len=92 #5 7207c464587f6fc4a3ee1f805b64510b6ffaa32b598001260e0b83f4fd2b59809564510b53faa32b59775b64ac27dcfa59bb1f8057f80e0b53faa32b6a4e5b64b27f5efaa32b1f805b6e52805225a32b958c5b64080b5efaa32b1f80
2026-10-03 01:09:09.021 [OP] 4111 inv=FFFD len=2 #5 9464
2026-10-03 01:09:10.556 [OP] EFFE inv=FFFE len=1 #1 0b
2026-10-03 01:09:10.761 [OP] 46FE inv=FFFF len=0 #1 
2026-10-03 01:09:11.586 [OP] 4112 inv=FFFD len=2 #1 6fc4
2026-10-03 01:09:11.586 [OP] 4112 inv=FFFD len=2 #2 90c4
2026-10-03 01:09:11.586 [OP] 4112 inv=FFFD len=2 #3 52c4
2026-10-03 01:09:14.615 [OP] 4112 inv=FFFD len=2 #4 dcc4
2026-10-03 01:09:17.283 [OP] 4112 inv=FFFD len=2 #5 8bc4
2026-10-03 01:09:18.582 [EVENT] sock=2516 hEvent=000009A4 events=0x0
2026-10-03 01:09:18.582 [EVENT] sock=2516 hEvent=000009A4 events=0x21
2026-10-03 01:09:18.625 [OP] 4F52 inv=FFFF len=0 #2 
2026-10-03 01:09:20.555 [SETTLE] exp=1 gold=199366 len=393
2026-10-03 01:09:20.555 [OP] 472A inv=FE76 len=393 #1 33b4de1faa5b64510bdcfaa32b1f805b64510bdce8a32b1f805b64510bdcfaa32b1f805b64510bdc4e722b1f805b6451f46ffaa32b1f805b64510bdcfaa32b1f805b64510bdcfaa32b1f805b64510bdcfaa32b1f805b64510bdcfaa32b1f805b64510bdcfaa32b1f805b64510bdcfaa32b1f805b64510bdcfaa32b1f805b64510bdcfaa32b1f805b64510bdc03f82b1fa79564514d6ffaa326ca805b43580bdc
2026-10-03 01:09:20.598 [EVENT] sock=2516 hEvent=000009A4 events=0x0
2026-10-03 01:09:20.599 [EVENT] sock=2516 hEvent=000009A4 events=0x21
2026-10-03 01:09:20.641 [OP] 4211 inv=FFF6 len=9 #1 aa5b6451e3a722a34a
2026-10-03 01:09:20.641 [OP] 4211 inv=FFF6 len=9 #2 aa5b64515ca722a34a
2026-10-03 01:09:20.641 [OP] 4211 inv=FFF6 len=9 #3 aa5b64516d3e22a34a
2026-10-03 01:09:20.641 [OP] 4211 inv=FFF6 len=9 #4 aa5b6451803e22a34a
2026-10-03 01:09:20.641 [OP] 42CE inv=FFFB len=4 #1 c87f510b
2026-10-03 01:09:20.725 [OP] 4610 inv=FFFE len=1 #1 1c
2026-10-03 01:09:21.568 [OP] EFFE inv=FFFE len=1 #2 0b
2026-10-03 01:09:21.601 [EVENT] sock=2516 hEvent=000009A4 events=0x0
2026-10-03 01:09:21.602 [EVENT] sock=2516 hEvent=000009A4 events=0x21
2026-10-03 01:09:21.644 [OP] 4610 inv=FFFE len=1 #2 9a
2026-10-03 01:09:22.603 [EVENT] sock=2516 hEvent=000009A4 events=0x0
2026-10-03 01:09:22.603 [EVENT] sock=2516 hEvent=000009A4 events=0x21
2026-10-03 01:09:22.694 [OP] 4610 inv=FFFE len=1 #3 49
2026-10-03 01:09:23.606 [EVENT] sock=2516 hEvent=000009A4 events=0x0
2026-10-03 01:09:23.606 [EVENT] sock=2516 hEvent=000009A4 events=0x21
2026-10-03 01:09:23.649 [OP] 4610 inv=FFFE len=1 #4 42
2026-10-03 01:09:24.610 [EVENT] sock=2516 hEvent=000009A4 events=0x0
2026-10-03 01:09:24.610 [EVENT] sock=2516 hEvent=000009A4 events=0x21
2026-10-03 01:09:24.652 [OP] 4610 inv=FFFE len=1 #5 dd
2026-10-03 01:09:25.609 [EVENT] sock=2516 hEvent=000009A4 events=0x0
2026-10-03 01:09:25.609 [EVENT] sock=2516 hEvent=000009A4 events=0x21
2026-10-03 01:09:26.598 [EVENT] sock=2516 hEvent=000009A4 events=0x0
2026-10-03 01:09:26.599 [EVENT] sock=2516 hEvent=000009A4 events=0x21
2026-10-03 01:09:27.603 [EVENT] sock=2516 hEvent=000009A4 events=0x0
2026-10-03 01:09:27.603 [EVENT] sock=2516 hEvent=000009A4 events=0x21
2026-10-03 01:09:27.737 [OP] 4100 inv=FFF9 len=6 #1 0512a8517b0c
2026-10-03 01:09:27.737 [OP] 4101 inv=FCA5 len=858 #1 b4b252fadb2b1f805b64510b155a4e781f805b64510bdcfaa32b1f805b64510bdcfaa32b1f805b6441fd8b25a32b53ca5b64510bdcfa1a7c1f805b64510bdcfaa32b1f805b6455b252fa392b1f805b64510bb2dca32bd13b5b648a2bdcfa5acb1f807b81a552155a4e78c8d97b81530bdcfa4e78c8d995a9bc595ab12b21ab805b64510bdcfaa32b1f532764510bdcfaa33084805b64510bdcfaa32b1f805b64
2026-10-03 01:09:27.869 [EVENT] sock=2516 hEvent=000009A4 events=0x0
2026-10-03 01:09:27.870 [EVENT] sock=2516 hEvent=000009A4 events=0x21
2026-10-03 01:09:27.913 [OP] 4F52 inv=FFFF len=0 #3 
2026-10-03 01:09:28.791 [EVENT] sock=2516 hEvent=000009A4 events=0x0
2026-10-03 01:09:28.791 [EVENT] sock=2516 hEvent=000009A4 events=0x21
2026-10-03 01:09:29.933 [EVENT] sock=2656 hEvent=00000A0C events=0x0
2026-10-03 01:09:29.933 [EVENT] sock=2656 hEvent=00000A0C events=0x21
2026-10-03 01:09:31.001 [EVENT] sock=2516 hEvent=000009A4 events=0x0
2026-10-03 01:09:31.001 [EVENT] sock=2516 hEvent=000009A4 events=0x21
2026-10-03 01:09:31.256 [OP] 4110 inv=FFFD len=2 #2 4d2b
2026-10-03 01:09:37.932 [EVENT] sock=2516 hEvent=000009A4 events=0x0
2026-10-03 01:09:37.932 [EVENT] sock=2516 hEvent=000009A4 events=0x21
2026-10-03 01:09:37.974 [OP] 4F52 inv=FFFF len=0 #4 
2026-10-03 01:09:40.591 [OP] EFFE inv=FFFE len=1 #3 0b
2026-10-03 01:09:41.065 [OP] 46FE inv=FFFF len=0 #2 
2026-10-03 01:09:47.445 [EVENT] sock=2516 hEvent=000009A4 events=0x0
2026-10-03 01:09:47.445 [EVENT] sock=2516 hEvent=000009A4 events=0x21
2026-10-03 01:09:47.583 [OP] 4110 inv=FFFD len=2 #3 b72b
2026-10-03 01:09:47.983 [EVENT] sock=2516 hEvent=000009A4 events=0x0
2026-10-03 01:09:47.987 [EVENT] sock=2516 hEvent=000009A4 events=0x21
2026-10-03 01:09:48.027 [OP] 4F52 inv=FFFF len=0 #5 
2026-10-03 01:09:50.601 [OP] EFFE inv=FFFE len=1 #4 0b
2026-10-03 01:09:53.526 [SETTLE] exp=1 gold=199366 len=403
2026-10-03 01:09:53.529 [OP] 472A inv=FE6C len=403 #2 33b4de1faa5b64510bdcfaa32b1f805b64510bdce8a32b1f805b64510bdcfaa32b1f805b64510bdc4e722b1f805b645122dcfaa32b1f805b64510bdcfaa32b1f805b64510bdcfaa32b1f805b64510bdcfaa32b1f805b64510bdcfaa32b1f805b64510bdcfaa32b1f805b64510bdcfaa32b1f805b64510bdcfaa32b1f805b64510bdcfaa32b1f805b64510bdc03f82b1f85956451416ffaa326ca805b81a55215
2026-10-03 01:09:53.577 [EVENT] sock=2516 hEvent=000009A4 events=0x0
2026-10-03 01:09:53.578 [EVENT] sock=2516 hEvent=000009A4 events=0x21
2026-10-03 01:09:53.615 [OP] 42CE inv=FFFB len=4 #2 c87f510b
2026-10-03 01:09:53.615 [OP] 4211 inv=FFF6 len=9 #5 aa5b6451e3a722a34a
2026-10-03 01:09:54.580 [EVENT] sock=2516 hEvent=000009A4 events=0x0
2026-10-03 01:09:54.581 [EVENT] sock=2516 hEvent=000009A4 events=0x21
2026-10-03 01:09:55.561 [EVENT] sock=2516 hEvent=000009A4 events=0x0
2026-10-03 01:09:55.561 [EVENT] sock=2516 hEvent=000009A4 events=0x21
2026-10-03 01:09:55.578 [EVENT] sock=2516 hEvent=000009A4 events=0x0
2026-10-03 01:09:55.578 [EVENT] sock=2516 hEvent=000009A4 events=0x21
2026-10-03 01:09:55.657 [OP] 4029 inv=FFDF len=32 #1 63cdfc0b606ea32b1f805b64cf7fdcfaa32b1f8095a2510b90c4e72b7e809564
2026-10-03 01:09:56.581 [EVENT] sock=2516 hEvent=000009A4 events=0x0
2026-10-03 01:09:56.582 [EVENT] sock=2516 hEvent=000009A4 events=0x21
2026-10-03 01:09:57.584 [EVENT] sock=2516 hEvent=000009A4 events=0x0
2026-10-03 01:09:57.585 [EVENT] sock=2516 hEvent=000009A4 events=0x21
2026-10-03 01:09:58.583 [EVENT] sock=2516 hEvent=000009A4 events=0x0
2026-10-03 01:09:58.584 [EVENT] sock=2516 hEvent=000009A4 events=0x21
2026-10-03 01:09:59.588 [EVENT] sock=2516 hEvent=000009A4 events=0x0
2026-10-03 01:09:59.588 [EVENT] sock=2516 hEvent=000009A4 events=0x21
2026-10-03 01:09:59.935 [EVENT] sock=2656 hEvent=00000A0C events=0x0
2026-10-03 01:09:59.935 [EVENT] sock=2656 hEvent=00000A0C events=0x21
2026-10-03 01:10:00.590 [EVENT] sock=2516 hEvent=000009A4 events=0x0
2026-10-03 01:10:00.590 [EVENT] sock=2516 hEvent=000009A4 events=0x21
2026-10-03 01:10:00.732 [OP] 4100 inv=FFF9 len=6 #2 05123e2707b2
2026-10-03 01:10:00.732 [OP] 4101 inv=FCA5 len=858 #2 b4b252fadb2b1f805b64510b155a4e781f805b64510bdcfaa32b1f805b64510bdcfaa32b1f805b6441fd8b25a32b53ca5b64510bdcfa1a7c1f805b64510bdcfaa32b1f805b6455b252fa392b1f805b64510bb2dca32bd13b5b648a2bdcfa5acb1f807b81a552155a4e78c8d97b81530bdcfa4e78c8d995a9bc595ab12b21ab805b64510bdcfaa32b1f532764510bdcfaa33084805b64510bdcfaa32b1f805b64
2026-10-03 01:10:00.831 [EVENT] sock=2516 hEvent=000009A4 events=0x0
2026-10-03 01:10:00.832 [EVENT] sock=2516 hEvent=000009A4 events=0x21
2026-10-03 01:10:01.805 [EVENT] sock=2516 hEvent=000009A4 events=0x0
2026-10-03 01:10:01.806 [EVENT] sock=2516 hEvent=000009A4 events=0x21
2026-10-03 01:10:03.987 [EVENT] sock=2516 hEvent=000009A4 events=0x0
2026-10-03 01:10:03.987 [EVENT] sock=2516 hEvent=000009A4 events=0x21
2026-10-03 01:10:04.078 [OP] 4110 inv=FFFD len=2 #4 4d2b
2026-10-03 01:10:10.643 [OP] EFFE inv=FFFE len=1 #5 0b
2026-10-03 01:10:10.899 [EVENT] sock=2516 hEvent=000009A4 events=0x0
2026-10-03 01:10:10.900 [EVENT] sock=2516 hEvent=000009A4 events=0x21
2026-10-03 01:10:12.443 [OP] 46FE inv=FFFF len=0 #3 
2026-10-03 01:10:20.969 [EVENT] sock=2516 hEvent=000009A4 events=0x0
2026-10-03 01:10:20.970 [EVENT] sock=2516 hEvent=000009A4 events=0x21
2026-10-03 01:10:23.751 [SETTLE] exp=2 gold=199366 len=393
2026-10-03 01:10:23.751 [OP] 472A inv=FE76 len=393 #3 33b4de1fc75b64510bdcfaa32b1f805b64510bdcc4a32b1f805b64510bdcfaa32b1f805b64510bdc4e722b1f805b64513c6ffaa32b1f805b64510bdcfaa32b1f805b64510bdcfaa32b1f805b64510bdcfaa32b1f805b64510bdcfaa32b1f805b64510bdcfaa32b1f805b64510bdcfaa32b1f805b64510bdcfaa32b1f805b64510bdcfaa32b1f805b64510bdcd7f82b1f85956451416ffaa3ebca805b81a55215
2026-10-03 01:10:23.752 [OP] 42CE inv=FFFB len=4 #3 c87f510b
2026-10-03 01:10:23.785 [EVENT] sock=2516 hEvent=000009A4 events=0x0
2026-10-03 01:10:23.786 [EVENT] sock=2516 hEvent=000009A4 events=0x21
2026-10-03 01:10:24.793 [EVENT] sock=2516 hEvent=000009A4 events=0x0
2026-10-03 01:10:24.793 [EVENT] sock=2516 hEvent=000009A4 events=0x21
2026-10-03 01:10:25.792 [EVENT] sock=2516 hEvent=000009A4 events=0x0
2026-10-03 01:10:25.800 [EVENT] sock=2516 hEvent=000009A4 events=0x21
2026-10-03 01:10:26.793 [EVENT] sock=2516 hEvent=000009A4 events=0x0
2026-10-03 01:10:26.793 [EVENT] sock=2516 hEvent=000009A4 events=0x21
2026-10-03 01:10:27.791 [EVENT] sock=2516 hEvent=000009A4 events=0x0
2026-10-03 01:10:27.793 [EVENT] sock=2516 hEvent=000009A4 events=0x21
2026-10-03 01:10:27.920 [OP] 4100 inv=FFF9 len=6 #3 05129051640c
2026-10-03 01:10:27.921 [OP] 4101 inv=FC6D len=914 #3 8b3bad809464510bdcfaa32bc8d97b81510bdcfaa32b1f805b64510bdcfaa32b1f805b64510bdcfa4d7c9d4e5b64a9fddcfaa32b1f8099d9510bdcfaa32b1f805b64510bdcfaa63bad80c464510bdcfaa32bf6455b645943dcfadf7f1f80807a510b155a4e78c8d97b81a552155ada2b1f807b81a5526f3016876c842d43450bdcfaa32b1f805b6451a0c6faa32b1f805b4d310bdcfaa32b1f805b64510bdcfa
2026-10-03 01:10:28.030 [EVENT] sock=2516 hEvent=000009A4 events=0x0
2026-10-03 01:10:28.031 [EVENT] sock=2516 hEvent=000009A4 events=0x21
2026-10-03 01:10:28.999 [EVENT] sock=2516 hEvent=000009A4 events=0x0
2026-10-03 01:10:29.000 [EVENT] sock=2516 hEvent=000009A4 events=0x21
2026-10-03 01:10:29.935 [EVENT] sock=2656 hEvent=00000A0C events=0x0
2026-10-03 01:10:29.935 [EVENT] sock=2656 hEvent=00000A0C events=0x21
2026-10-03 01:10:31.157 [EVENT] sock=2516 hEvent=000009A4 events=0x0
2026-10-03 01:10:31.157 [EVENT] sock=2516 hEvent=000009A4 events=0x21
2026-10-03 01:10:31.241 [OP] 4110 inv=FFFD len=2 #5 4d2b
2026-10-03 01:10:38.094 [EVENT] sock=2516 hEvent=000009A4 events=0x0
2026-10-03 01:10:38.094 [EVENT] sock=2516 hEvent=000009A4 events=0x21
2026-10-03 01:10:41.471 [OP] 46FE inv=FFFF len=0 #4 
2026-10-03 01:10:48.148 [EVENT] sock=2516 hEvent=000009A4 events=0x0
2026-10-03 01:10:48.148 [EVENT] sock=2516 hEvent=000009A4 events=0x21
2026-10-03 01:10:49.562 [OP] F005 inv=FFE7 len=24 #1 26b35c3828d7fb2b1f805b64510bdcfaa3de1f8091dd72b2
2026-10-03 01:10:49.574 [SETTLE] exp=2 gold=199366 len=393
2026-10-03 01:10:49.574 [OP] 472A inv=FE76 len=393 #4 33b4de1fc75b64510bdcfaa32b1f805b64510bdce8a32b1f805b64510bdcfaa32b1f805b64510bdc4e722b1f805b6451f46ffaa32b1f805b64510bdcfaa32b1f805b64510bdcfaa32b1f805b64510bdcfaa32b1f805b64510bdcfaa32b1f805b64510bdcfaa32b1f805b64510bdcfaa32b1f805b64510bdcfaa32b1f805b64510bdcfaa32b1f805b64510bdc03f82b1f85956451416ffaa321ca805bc5580bdc
2026-10-03 01:10:49.615 [EVENT] sock=2516 hEvent=000009A4 events=0x0
2026-10-03 01:10:49.615 [EVENT] sock=2516 hEvent=000009A4 events=0x21
2026-10-03 01:10:49.660 [OP] 42CE inv=FFFB len=4 #4 c87f510b
2026-10-03 01:10:50.624 [EVENT] sock=2516 hEvent=000009A4 events=0x0
2026-10-03 01:10:50.626 [EVENT] sock=2516 hEvent=000009A4 events=0x21
2026-10-03 01:10:51.625 [EVENT] sock=2516 hEvent=000009A4 events=0x0
2026-10-03 01:10:51.625 [EVENT] sock=2516 hEvent=000009A4 events=0x21
2026-10-03 01:10:52.624 [EVENT] sock=2516 hEvent=000009A4 events=0x0
2026-10-03 01:10:52.625 [EVENT] sock=2516 hEvent=000009A4 events=0x21
2026-10-03 01:10:53.620 [EVENT] sock=2516 hEvent=000009A4 events=0x0
2026-10-03 01:10:53.621 [EVENT] sock=2516 hEvent=000009A4 events=0x21
2026-10-03 01:10:54.627 [EVENT] sock=2516 hEvent=000009A4 events=0x0
2026-10-03 01:10:54.627 [EVENT] sock=2516 hEvent=000009A4 events=0x21
2026-10-03 01:10:54.813 [OP] 4100 inv=FFF9 len=6 #4 05128d513b0c
2026-10-03 01:10:54.825 [OP] 4101 inv=FC6D len=914 #4 8b3bad809464510bdcfaa32bc8d97b81510bdcfaa32b1f805b64510bdcfaa32b1f805b64510bdcfa4d7c9d4e5b64a9fddcfaa32b1f8099d9510bdcfaa32b1f805b64510bdcfaa63bad80c464510bdcfaa32bf6455b645943dcfadf7f1f80807a510b155a4e78c8d97b81a552155ada2b1f807b81a5526f3016876c842d43450bdcfaa32b1f805b64b2a0c6faa32b1f805b4d310bdcfaa32b1f805b64510bdcfa
2026-10-03 01:10:54.942 [EVENT] sock=2516 hEvent=000009A4 events=0x0
2026-10-03 01:10:54.942 [EVENT] sock=2516 hEvent=000009A4 events=0x21
2026-10-03 01:10:55.900 [EVENT] sock=2516 hEvent=000009A4 events=0x0
2026-10-03 01:10:55.900 [EVENT] sock=2516 hEvent=000009A4 events=0x21
2026-10-03 01:10:58.127 [EVENT] sock=2516 hEvent=000009A4 events=0x0
2026-10-03 01:10:58.127 [EVENT] sock=2516 hEvent=000009A4 events=0x21
2026-10-03 01:10:59.936 [EVENT] sock=2656 hEvent=00000A0C events=0x0
2026-10-03 01:10:59.936 [EVENT] sock=2656 hEvent=00000A0C events=0x21
2026-10-03 01:11:05.004 [EVENT] sock=2516 hEvent=000009A4 events=0x0
2026-10-03 01:11:05.005 [EVENT] sock=2516 hEvent=000009A4 events=0x21
2026-10-03 01:11:10.503 [OP] F005 inv=FFE7 len=24 #2 26b35c3828d7972b1f805b64510bdcfaa3de1f802897f9b2
2026-10-03 01:11:11.724 [OP] 46FE inv=FFFF len=0 #5 
2026-10-03 01:11:15.058 [EVENT] sock=2516 hEvent=000009A4 events=0x0
2026-10-03 01:11:15.058 [EVENT] sock=2516 hEvent=000009A4 events=0x21
2026-10-03 01:11:15.228 [SETTLE] exp=2 gold=199366 len=393
2026-10-03 01:11:15.228 [OP] 472A inv=FE76 len=393 #5 33b4de1fc75b64510bdcfaa32b1f805b64510bdcc4a32b1f805b64510bdcfaa32b1f805b64510bdc4e722b1f805b645122dcfaa32b1f805b64510bdcfaa32b1f805b64510bdcfaa32b1f805b64510bdcfaa32b1f805b64510bdcfaa32b1f805b64510bdcfaa32b1f805b64510bdcfaa32b1f805b64510bdcfaa32b1f805b64510bdcfaa32b1f805b64510bdce4f82b1fa79564516c6ffaa326ca805b43580bdc
2026-10-03 01:11:15.259 [EVENT] sock=2516 hEvent=000009A4 events=0x0
2026-10-03 01:11:15.259 [EVENT] sock=2516 hEvent=000009A4 events=0x21
2026-10-03 01:11:15.306 [OP] 42CE inv=FFFB len=4 #5 c87f510b
2026-10-03 01:11:16.262 [EVENT] sock=2516 hEvent=000009A4 events=0x0
2026-10-03 01:11:16.262 [EVENT] sock=2516 hEvent=000009A4 events=0x21
2026-10-03 01:11:17.252 [EVENT] sock=2516 hEvent=000009A4 events=0x0
2026-10-03 01:11:17.252 [EVENT] sock=2516 hEvent=000009A4 events=0x21
2026-10-03 01:11:17.270 [EVENT] sock=2516 hEvent=000009A4 events=0x0
2026-10-03 01:11:17.270 [EVENT] sock=2516 hEvent=000009A4 events=0x21
2026-10-03 01:11:17.337 [OP] 4029 inv=FFDF len=32 #2 63cdfc0b606ea32b1f805b64cf7fdcfaa32b1f8095cdfc0b90c4e72b3f809564
2026-10-03 01:11:18.266 [EVENT] sock=2516 hEvent=000009A4 events=0x0
2026-10-03 01:11:18.267 [EVENT] sock=2516 hEvent=000009A4 events=0x21
2026-10-03 01:11:19.267 [EVENT] sock=2516 hEvent=000009A4 events=0x0
2026-10-03 01:11:19.268 [EVENT] sock=2516 hEvent=000009A4 events=0x21
2026-10-03 01:11:20.268 [EVENT] sock=2516 hEvent=000009A4 events=0x0
2026-10-03 01:11:20.268 [EVENT] sock=2516 hEvent=000009A4 events=0x21
2026-10-03 01:11:21.267 [EVENT] sock=2516 hEvent=000009A4 events=0x0
2026-10-03 01:11:21.267 [EVENT] sock=2516 hEvent=000009A4 events=0x21
2026-10-03 01:11:22.264 [EVENT] sock=2516 hEvent=000009A4 events=0x0
2026-10-03 01:11:22.265 [EVENT] sock=2516 hEvent=000009A4 events=0x21
2026-10-03 01:11:22.404 [OP] 4100 inv=FFF9 len=6 #5 05129051640c
2026-10-03 01:11:22.490 [EVENT] sock=2516 hEvent=000009A4 events=0x0
2026-10-03 01:11:22.490 [EVENT] sock=2516 hEvent=000009A4 events=0x21
2026-10-03 01:11:22.494 [OP] 4101 inv=FC6D len=914 #5 8b3bad809464510bdcfaa32bc8d97b81510bdcfaa32b1f805b64510bdcfaa32b1f805b64510bdcfa4d7c9d4e5b64a9fddcfaa32b1f8099d9510bdcfaa32b1f805b64510bdcfaa63bad80c464510bdcfaa32bf6455b645943dcfadf7f1f80807a510b155a4e78c8d97b81a552155ada2b1f807b81a5526f3016876c842d43450bdcfaa32b1f805b6451a0c6faa32b1f805b4d310bdcfaa32b1f805b64510bdcfa
2026-10-03 01:11:23.480 [EVENT] sock=2516 hEvent=000009A4 events=0x0
2026-10-03 01:11:23.480 [EVENT] sock=2516 hEvent=000009A4 events=0x21
2026-10-03 01:11:25.732 [EVENT] sock=2516 hEvent=000009A4 events=0x0
2026-10-03 01:11:25.732 [EVENT] sock=2516 hEvent=000009A4 events=0x21
2026-10-03 01:11:29.937 [EVENT] sock=2656 hEvent=00000A0C events=0x0
2026-10-03 01:11:29.937 [EVENT] sock=2656 hEvent=00000A0C events=0x21
2026-10-03 01:11:32.604 [EVENT] sock=2516 hEvent=000009A4 events=0x0
2026-10-03 01:11:32.605 [EVENT] sock=2516 hEvent=000009A4 events=0x21
2026-10-03 01:11:39.728 [OP] F005 inv=FFE7 len=24 #3 ed3572a47db7854d1f805b64510bdcfaa3de1f80061a29b2
2026-10-03 01:11:43.056 [EVENT] sock=2516 hEvent=000009A4 events=0x0
2026-10-03 01:11:43.056 [EVENT] sock=2516 hEvent=000009A4 events=0x21
2026-10-03 01:11:44.519 [EVENT] sock=2516 hEvent=000009A4 events=0x0
2026-10-03 01:11:44.522 [EVENT] sock=2516 hEvent=000009A4 events=0x21
2026-10-03 01:11:48.700 [OP] F005 inv=FFE7 len=24 #4 ed3572a4b607854d1f805b64510bdcfaa3de1f8091f406b2
2026-10-03 01:11:53.121 [EVENT] sock=2516 hEvent=000009A4 events=0x0
2026-10-03 01:11:53.122 [EVENT] sock=2516 hEvent=000009A4 events=0x21
2026-10-03 01:11:56.275 [SETTLE] exp=1 gold=199366 len=393
2026-10-03 01:11:56.302 [EVENT] sock=2516 hEvent=000009A4 events=0x0
2026-10-03 01:11:56.302 [EVENT] sock=2516 hEvent=000009A4 events=0x21
2026-10-03 01:11:57.315 [EVENT] sock=2516 hEvent=000009A4 events=0x0
2026-10-03 01:11:57.315 [EVENT] sock=2516 hEvent=000009A4 events=0x21
2026-10-03 01:11:58.314 [EVENT] sock=2516 hEvent=000009A4 events=0x0
2026-10-03 01:11:58.314 [EVENT] sock=2516 hEvent=000009A4 events=0x21
2026-10-03 01:11:59.318 [EVENT] sock=2516 hEvent=000009A4 events=0x0
2026-10-03 01:11:59.318 [EVENT] sock=2516 hEvent=000009A4 events=0x21
2026-10-03 01:11:59.939 [EVENT] sock=2656 hEvent=00000A0C events=0x0
2026-10-03 01:11:59.939 [EVENT] sock=2656 hEvent=00000A0C events=0x21
2026-10-03 01:12:00.309 [EVENT] sock=2516 hEvent=000009A4 events=0x0
2026-10-03 01:12:00.309 [EVENT] sock=2516 hEvent=000009A4 events=0x21
2026-10-03 01:12:01.309 [EVENT] sock=2516 hEvent=000009A4 events=0x0
2026-10-03 01:12:01.309 [EVENT] sock=2516 hEvent=000009A4 events=0x21
2026-10-03 01:12:02.316 [EVENT] sock=2516 hEvent=000009A4 events=0x0
2026-10-03 01:12:02.316 [EVENT] sock=2516 hEvent=000009A4 events=0x21
2026-10-03 01:12:03.319 [EVENT] sock=2516 hEvent=000009A4 events=0x0
2026-10-03 01:12:03.319 [EVENT] sock=2516 hEvent=000009A4 events=0x21
2026-10-03 01:12:03.558 [EVENT] sock=2516 hEvent=000009A4 events=0x0
2026-10-03 01:12:03.558 [EVENT] sock=2516 hEvent=000009A4 events=0x21
2026-10-03 01:12:04.514 [EVENT] sock=2516 hEvent=000009A4 events=0x0
2026-10-03 01:12:04.515 [EVENT] sock=2516 hEvent=000009A4 events=0x21
2026-10-03 01:12:06.768 [EVENT] sock=2516 hEvent=000009A4 events=0x0
2026-10-03 01:12:06.768 [EVENT] sock=2516 hEvent=000009A4 events=0x21
2026-10-03 01:12:13.624 [EVENT] sock=2516 hEvent=000009A4 events=0x0
2026-10-03 01:12:13.624 [EVENT] sock=2516 hEvent=000009A4 events=0x21
2026-10-03 01:12:14.445 [SETTLE] exp=1 gold=199366 len=393
2026-10-03 01:12:14.484 [EVENT] sock=2516 hEvent=000009A4 events=0x0
2026-10-03 01:12:14.486 [EVENT] sock=2516 hEvent=000009A4 events=0x21
2026-10-03 01:12:15.492 [EVENT] sock=2516 hEvent=000009A4 events=0x0
2026-10-03 01:12:15.492 [EVENT] sock=2516 hEvent=000009A4 events=0x21
2026-10-03 01:12:16.493 [EVENT] sock=2516 hEvent=000009A4 events=0x0
2026-10-03 01:12:16.493 [EVENT] sock=2516 hEvent=000009A4 events=0x21
2026-10-03 01:12:17.490 [EVENT] sock=2516 hEvent=000009A4 events=0x0
2026-10-03 01:12:17.490 [EVENT] sock=2516 hEvent=000009A4 events=0x21
2026-10-03 01:12:18.490 [EVENT] sock=2516 hEvent=000009A4 events=0x0
2026-10-03 01:12:18.490 [EVENT] sock=2516 hEvent=000009A4 events=0x21
2026-10-03 01:12:19.497 [EVENT] sock=2516 hEvent=000009A4 events=0x0
2026-10-03 01:12:19.497 [EVENT] sock=2516 hEvent=000009A4 events=0x21
2026-10-03 01:12:19.747 [EVENT] sock=2516 hEvent=000009A4 events=0x0
2026-10-03 01:12:19.747 [EVENT] sock=2516 hEvent=000009A4 events=0x21
2026-10-03 01:12:20.704 [EVENT] sock=2516 hEvent=000009A4 events=0x0
2026-10-03 01:12:20.704 [EVENT] sock=2516 hEvent=000009A4 events=0x21
2026-10-03 01:12:22.912 [EVENT] sock=2516 hEvent=000009A4 events=0x0
2026-10-03 01:12:22.912 [EVENT] sock=2516 hEvent=000009A4 events=0x21
2026-10-03 01:12:29.804 [EVENT] sock=2516 hEvent=000009A4 events=0x0
2026-10-03 01:12:29.804 [EVENT] sock=2516 hEvent=000009A4 events=0x21
2026-10-03 01:12:29.939 [EVENT] sock=2656 hEvent=00000A0C events=0x0
2026-10-03 01:12:29.940 [EVENT] sock=2656 hEvent=00000A0C events=0x21
2026-10-03 01:12:39.957 [EVENT] sock=2516 hEvent=000009A4 events=0x0
2026-10-03 01:12:39.958 [EVENT] sock=2516 hEvent=000009A4 events=0x21
2026-10-03 01:12:43.462 [SETTLE] exp=2 gold=199366 len=393
2026-10-03 01:12:43.510 [EVENT] sock=2516 hEvent=000009A4 events=0x0
2026-10-03 01:12:43.511 [EVENT] sock=2516 hEvent=000009A4 events=0x21
2026-10-03 01:12:44.521 [EVENT] sock=2516 hEvent=000009A4 events=0x0
2026-10-03 01:12:44.521 [EVENT] sock=2516 hEvent=000009A4 events=0x21
2026-10-03 01:12:45.526 [EVENT] sock=2516 hEvent=000009A4 events=0x0
2026-10-03 01:12:45.526 [EVENT] sock=2516 hEvent=000009A4 events=0x21
2026-10-03 01:12:46.525 [EVENT] sock=2516 hEvent=000009A4 events=0x0
2026-10-03 01:12:46.525 [EVENT] sock=2516 hEvent=000009A4 events=0x21
2026-10-03 01:12:47.524 [EVENT] sock=2516 hEvent=000009A4 events=0x0
2026-10-03 01:12:47.525 [EVENT] sock=2516 hEvent=000009A4 events=0x21
2026-10-03 01:12:48.523 [EVENT] sock=2516 hEvent=000009A4 events=0x0
2026-10-03 01:12:48.525 [EVENT] sock=2516 hEvent=000009A4 events=0x21
2026-10-03 01:12:48.749 [EVENT] sock=2516 hEvent=000009A4 events=0x0
2026-10-03 01:12:48.749 [EVENT] sock=2516 hEvent=000009A4 events=0x21
2026-10-03 01:12:49.744 [EVENT] sock=2516 hEvent=000009A4 events=0x0
2026-10-03 01:12:49.744 [EVENT] sock=2516 hEvent=000009A4 events=0x21
2026-10-03 01:12:52.010 [EVENT] sock=2516 hEvent=000009A4 events=0x0
2026-10-03 01:12:52.013 [EVENT] sock=2516 hEvent=000009A4 events=0x21
2026-10-03 01:12:58.860 [EVENT] sock=2516 hEvent=000009A4 events=0x0
2026-10-03 01:12:58.860 [EVENT] sock=2516 hEvent=000009A4 events=0x21
2026-10-03 01:12:59.941 [EVENT] sock=2656 hEvent=00000A0C events=0x0
2026-10-03 01:12:59.941 [EVENT] sock=2656 hEvent=00000A0C events=0x21
2026-10-03 01:13:02.205 [OP] F005 inv=FFE7 len=24 #5 ed3572a4b607854d1f805b64510bdcfaa3ce1f8091f406b2
2026-10-03 01:13:02.740 [EVENT] sock=2656 hEvent=00000A0C events=0x0
2026-10-03 01:13:02.740 [EVENT] sock=2656 hEvent=00000A0C events=0x21
2026-10-03 01:13:05.326 [EVENT] sock=2516 hEvent=000009A4 events=0x0
2026-10-03 01:13:05.326 [EVENT] sock=2516 hEvent=000009A4 events=0x21
2026-10-03 01:13:08.943 [EVENT] sock=2516 hEvent=000009A4 events=0x0
2026-10-03 01:13:08.943 [EVENT] sock=2516 hEvent=000009A4 events=0x21
2026-10-03 01:13:11.268 [SETTLE] exp=2 gold=199366 len=393
2026-10-03 01:13:11.319 [EVENT] sock=2516 hEvent=000009A4 events=0x0
2026-10-03 01:13:11.319 [EVENT] sock=2516 hEvent=000009A4 events=0x21
2026-10-03 01:13:12.326 [EVENT] sock=2516 hEvent=000009A4 events=0x0
2026-10-03 01:13:12.327 [EVENT] sock=2516 hEvent=000009A4 events=0x21
2026-10-03 01:13:13.295 [EVENT] sock=2516 hEvent=000009A4 events=0x0
2026-10-03 01:13:13.299 [EVENT] sock=2516 hEvent=000009A4 events=0x21
2026-10-03 01:13:13.340 [EVENT] sock=2516 hEvent=000009A4 events=0x0
2026-10-03 01:13:13.340 [EVENT] sock=2516 hEvent=000009A4 events=0x21
2026-10-03 01:13:13.355 [OP] 4029 inv=FFDF len=32 #3 63cdfc0bfa9fa32b1f805b64aad5dcfaa32b1f80137f510b8fc4e42be2804064
2026-10-03 01:13:14.327 [EVENT] sock=2516 hEvent=000009A4 events=0x0
2026-10-03 01:13:14.328 [EVENT] sock=2516 hEvent=000009A4 events=0x21
2026-10-03 01:13:15.327 [EVENT] sock=2516 hEvent=000009A4 events=0x0
2026-10-03 01:13:15.327 [EVENT] sock=2516 hEvent=000009A4 events=0x21
2026-10-03 01:13:16.326 [EVENT] sock=2516 hEvent=000009A4 events=0x0
2026-10-03 01:13:16.326 [EVENT] sock=2516 hEvent=000009A4 events=0x21
2026-10-03 01:13:17.326 [EVENT] sock=2516 hEvent=000009A4 events=0x0
2026-10-03 01:13:17.327 [EVENT] sock=2516 hEvent=000009A4 events=0x21
2026-10-03 01:13:17.587 [EVENT] sock=2516 hEvent=000009A4 events=0x0
2026-10-03 01:13:17.587 [EVENT] sock=2516 hEvent=000009A4 events=0x21
2026-10-03 01:13:18.536 [EVENT] sock=2516 hEvent=000009A4 events=0x0
2026-10-03 01:13:18.537 [EVENT] sock=2516 hEvent=000009A4 events=0x21
2026-10-03 01:13:20.687 [EVENT] sock=2516 hEvent=000009A4 events=0x0
2026-10-03 01:13:20.687 [EVENT] sock=2516 hEvent=000009A4 events=0x21
2026-10-03 01:13:27.648 [EVENT] sock=2516 hEvent=000009A4 events=0x0
2026-10-03 01:13:27.648 [EVENT] sock=2516 hEvent=000009A4 events=0x21
2026-10-03 01:13:29.941 [EVENT] sock=2656 hEvent=00000A0C events=0x0
2026-10-03 01:13:29.941 [EVENT] sock=2656 hEvent=00000A0C events=0x21
2026-10-03 01:13:37.709 [EVENT] sock=2516 hEvent=000009A4 events=0x0
2026-10-03 01:13:37.709 [EVENT] sock=2516 hEvent=000009A4 events=0x21
2026-10-03 01:13:41.695 [SETTLE] exp=1 gold=199366 len=393
2026-10-03 01:13:41.742 [EVENT] sock=2516 hEvent=000009A4 events=0x0
2026-10-03 01:13:41.744 [EVENT] sock=2516 hEvent=000009A4 events=0x21
2026-10-03 01:13:42.749 [EVENT] sock=2516 hEvent=000009A4 events=0x0
2026-10-03 01:13:42.749 [EVENT] sock=2516 hEvent=000009A4 events=0x21
2026-10-03 01:13:43.725 [EVENT] sock=2516 hEvent=000009A4 events=0x0
2026-10-03 01:13:43.725 [EVENT] sock=2516 hEvent=000009A4 events=0x21
2026-10-03 01:13:43.757 [EVENT] sock=2516 hEvent=000009A4 events=0x0
2026-10-03 01:13:43.757 [EVENT] sock=2516 hEvent=000009A4 events=0x21
2026-10-03 01:13:43.782 [OP] 4029 inv=FFDF len=32 #4 63cdfc0b606ea32b1f805b64cf7fdcfaa32b1f80941db0a490c4e72b4c809564
2026-10-03 01:13:44.749 [EVENT] sock=2516 hEvent=000009A4 events=0x0
2026-10-03 01:13:44.750 [EVENT] sock=2516 hEvent=000009A4 events=0x21
2026-10-03 01:13:44.990 [EVENT] sock=2516 hEvent=000009A4 events=0x0
2026-10-03 01:13:44.990 [EVENT] sock=2516 hEvent=000009A4 events=0x21
2026-10-03 01:13:45.941 [EVENT] sock=2516 hEvent=000009A4 events=0x0
2026-10-03 01:13:45.943 [EVENT] sock=2516 hEvent=000009A4 events=0x21
2026-10-03 01:13:48.140 [EVENT] sock=2516 hEvent=000009A4 events=0x0
2026-10-03 01:13:48.140 [EVENT] sock=2516 hEvent=000009A4 events=0x21
2026-10-03 01:13:55.093 [EVENT] sock=2516 hEvent=000009A4 events=0x0
2026-10-03 01:13:55.093 [EVENT] sock=2516 hEvent=000009A4 events=0x21
2026-10-03 01:13:59.941 [EVENT] sock=2656 hEvent=00000A0C events=0x0
2026-10-03 01:13:59.941 [EVENT] sock=2656 hEvent=00000A0C events=0x21
2026-10-03 01:14:05.142 [EVENT] sock=2516 hEvent=000009A4 events=0x0
2026-10-03 01:14:05.143 [EVENT] sock=2516 hEvent=000009A4 events=0x21
2026-10-03 01:14:07.781 [SETTLE] exp=2 gold=199366 len=403
2026-10-03 01:14:07.823 [EVENT] sock=2516 hEvent=000009A4 events=0x0
2026-10-03 01:14:07.824 [EVENT] sock=2516 hEvent=000009A4 events=0x21
2026-10-03 01:14:08.835 [EVENT] sock=2516 hEvent=000009A4 events=0x0
2026-10-03 01:14:08.836 [EVENT] sock=2516 hEvent=000009A4 events=0x21
2026-10-03 01:14:09.839 [EVENT] sock=2516 hEvent=000009A4 events=0x0
2026-10-03 01:14:09.839 [EVENT] sock=2516 hEvent=000009A4 events=0x21
2026-10-03 01:14:10.826 [EVENT] sock=2516 hEvent=000009A4 events=0x0
2026-10-03 01:14:10.826 [EVENT] sock=2516 hEvent=000009A4 events=0x21
2026-10-03 01:14:11.106 [EVENT] sock=2516 hEvent=000009A4 events=0x0
2026-10-03 01:14:11.114 [EVENT] sock=2516 hEvent=000009A4 events=0x21
2026-10-03 01:14:12.054 [EVENT] sock=2516 hEvent=000009A4 events=0x0
2026-10-03 01:14:12.054 [EVENT] sock=2516 hEvent=000009A4 events=0x21
2026-10-03 01:14:14.231 [EVENT] sock=2516 hEvent=000009A4 events=0x0
2026-10-03 01:14:14.231 [EVENT] sock=2516 hEvent=000009A4 events=0x21
2026-10-03 01:14:21.173 [EVENT] sock=2516 hEvent=000009A4 events=0x0
2026-10-03 01:14:21.173 [EVENT] sock=2516 hEvent=000009A4 events=0x21
2026-10-03 01:14:29.290 [SETTLE] exp=2 gold=199366 len=393
2026-10-03 01:14:29.337 [EVENT] sock=2516 hEvent=000009A4 events=0x0
2026-10-03 01:14:29.339 [EVENT] sock=2516 hEvent=000009A4 events=0x21
2026-10-03 01:14:29.942 [EVENT] sock=2656 hEvent=00000A0C events=0x0
2026-10-03 01:14:29.942 [EVENT] sock=2656 hEvent=00000A0C events=0x21
2026-10-03 01:14:30.339 [EVENT] sock=2516 hEvent=000009A4 events=0x0
2026-10-03 01:14:30.340 [EVENT] sock=2516 hEvent=000009A4 events=0x21
2026-10-03 01:14:31.339 [EVENT] sock=2516 hEvent=000009A4 events=0x0
2026-10-03 01:14:31.340 [EVENT] sock=2516 hEvent=000009A4 events=0x21
2026-10-03 01:14:32.339 [EVENT] sock=2516 hEvent=000009A4 events=0x0
2026-10-03 01:14:32.339 [EVENT] sock=2516 hEvent=000009A4 events=0x21
2026-10-03 01:14:33.339 [EVENT] sock=2516 hEvent=000009A4 events=0x0
2026-10-03 01:14:33.339 [EVENT] sock=2516 hEvent=000009A4 events=0x21
2026-10-03 01:14:34.342 [EVENT] sock=2516 hEvent=000009A4 events=0x0
2026-10-03 01:14:34.344 [EVENT] sock=2516 hEvent=000009A4 events=0x21
2026-10-03 01:14:35.344 [EVENT] sock=2516 hEvent=000009A4 events=0x0
2026-10-03 01:14:35.345 [EVENT] sock=2516 hEvent=000009A4 events=0x21
2026-10-03 01:14:36.346 [EVENT] sock=2516 hEvent=000009A4 events=0x0
2026-10-03 01:14:36.347 [EVENT] sock=2516 hEvent=000009A4 events=0x21
2026-10-03 01:14:36.565 [EVENT] sock=2516 hEvent=000009A4 events=0x0
2026-10-03 01:14:36.565 [EVENT] sock=2516 hEvent=000009A4 events=0x21
2026-10-03 01:14:37.554 [EVENT] sock=2516 hEvent=000009A4 events=0x0
2026-10-03 01:14:37.554 [EVENT] sock=2516 hEvent=000009A4 events=0x21
2026-10-03 01:14:39.720 [EVENT] sock=2516 hEvent=000009A4 events=0x0
2026-10-03 01:14:39.720 [EVENT] sock=2516 hEvent=000009A4 events=0x21
2026-10-03 01:14:46.649 [EVENT] sock=2516 hEvent=000009A4 events=0x0
2026-10-03 01:14:46.650 [EVENT] sock=2516 hEvent=000009A4 events=0x21
2026-10-03 01:14:51.493 [EVENT] sock=2516 hEvent=000009A4 events=0x0
2026-10-03 01:14:51.493 [EVENT] sock=2516 hEvent=000009A4 events=0x21
2026-10-03 01:14:56.718 [EVENT] sock=2516 hEvent=000009A4 events=0x0
2026-10-03 01:14:56.719 [EVENT] sock=2516 hEvent=000009A4 events=0x21
2026-10-03 01:14:59.491 [SETTLE] exp=2 gold=199366 len=393
2026-10-03 01:14:59.537 [EVENT] sock=2516 hEvent=000009A4 events=0x0
2026-10-03 01:14:59.537 [EVENT] sock=2516 hEvent=000009A4 events=0x21
2026-10-03 01:14:59.943 [EVENT] sock=2656 hEvent=00000A0C events=0x0
2026-10-03 01:14:59.943 [EVENT] sock=2656 hEvent=00000A0C events=0x21
2026-10-03 01:15:00.543 [EVENT] sock=2516 hEvent=000009A4 events=0x0
2026-10-03 01:15:00.543 [EVENT] sock=2516 hEvent=000009A4 events=0x21
2026-10-03 01:15:01.516 [EVENT] sock=2516 hEvent=000009A4 events=0x0
2026-10-03 01:15:01.519 [EVENT] sock=2516 hEvent=000009A4 events=0x21
2026-10-03 01:15:01.519 [EVENT] sock=2516 hEvent=000009A4 events=0x0
2026-10-03 01:15:01.519 [EVENT] sock=2516 hEvent=000009A4 events=0x21
2026-10-03 01:15:01.546 [EVENT] sock=2516 hEvent=000009A4 events=0x0
2026-10-03 01:15:01.553 [EVENT] sock=2516 hEvent=000009A4 events=0x21
2026-10-03 01:15:01.635 [OP] 4029 inv=FFDF len=32 #5 63cdfc0b606ea32b1f805b64cf7fdcfaa32b1f80af7f510b90c4e72b2b809564
2026-10-03 01:15:02.553 [EVENT] sock=2516 hEvent=000009A4 events=0x0
2026-10-03 01:15:02.554 [EVENT] sock=2516 hEvent=000009A4 events=0x21
2026-10-03 01:15:03.552 [EVENT] sock=2516 hEvent=000009A4 events=0x0
2026-10-03 01:15:03.553 [EVENT] sock=2516 hEvent=000009A4 events=0x21
2026-10-03 01:15:04.537 [EVENT] sock=2516 hEvent=000009A4 events=0x0
2026-10-03 01:15:04.537 [EVENT] sock=2516 hEvent=000009A4 events=0x21
2026-10-03 01:15:05.539 [EVENT] sock=2516 hEvent=000009A4 events=0x0
2026-10-03 01:15:05.540 [EVENT] sock=2516 hEvent=000009A4 events=0x21
2026-10-03 01:15:06.539 [EVENT] sock=2516 hEvent=000009A4 events=0x0
2026-10-03 01:15:06.540 [EVENT] sock=2516 hEvent=000009A4 events=0x21
2026-10-03 01:15:07.538 [EVENT] sock=2516 hEvent=000009A4 events=0x0
2026-10-03 01:15:07.539 [EVENT] sock=2516 hEvent=000009A4 events=0x21
2026-10-03 01:15:08.542 [EVENT] sock=2516 hEvent=000009A4 events=0x0
2026-10-03 01:15:08.542 [EVENT] sock=2516 hEvent=000009A4 events=0x21
2026-10-03 01:15:09.019 [EVENT] sock=2516 hEvent=000009A4 events=0x0
2026-10-03 01:15:09.021 [EVENT] sock=2516 hEvent=000009A4 events=0x21
2026-10-03 01:15:09.949 [EVENT] sock=2516 hEvent=000009A4 events=0x0
2026-10-03 01:15:09.950 [EVENT] sock=2516 hEvent=000009A4 events=0x21
2026-10-03 01:15:12.188 [EVENT] sock=2516 hEvent=000009A4 events=0x0
2026-10-03 01:15:12.189 [EVENT] sock=2516 hEvent=000009A4 events=0x21
2026-10-03 01:15:19.139 [EVENT] sock=2516 hEvent=000009A4 events=0x0
2026-10-03 01:15:19.140 [EVENT] sock=2516 hEvent=000009A4 events=0x21
2026-10-03 01:15:27.791 [EVENT] sock=2516 hEvent=000009A4 events=0x0
2026-10-03 01:15:27.791 [EVENT] sock=2516 hEvent=000009A4 events=0x21
2026-10-03 01:15:29.192 [EVENT] sock=2516 hEvent=000009A4 events=0x0
2026-10-03 01:15:29.193 [EVENT] sock=2516 hEvent=000009A4 events=0x21
2026-10-03 01:15:29.219 [EVENT] sock=2516 hEvent=000009A4 events=0x0
2026-10-03 01:15:29.219 [EVENT] sock=2516 hEvent=000009A4 events=0x21
2026-10-03 01:15:29.944 [EVENT] sock=2656 hEvent=00000A0C events=0x0
2026-10-03 01:15:29.944 [EVENT] sock=2656 hEvent=00000A0C events=0x21
2026-10-03 01:15:33.814 [SETTLE] exp=2 gold=199366 len=393
2026-10-03 01:15:33.859 [EVENT] sock=2516 hEvent=000009A4 events=0x0
2026-10-03 01:15:33.860 [EVENT] sock=2516 hEvent=000009A4 events=0x21
2026-10-03 01:15:34.872 [EVENT] sock=2516 hEvent=000009A4 events=0x0
2026-10-03 01:15:34.872 [EVENT] sock=2516 hEvent=000009A4 events=0x21
2026-10-03 01:15:35.861 [EVENT] sock=2516 hEvent=000009A4 events=0x0
2026-10-03 01:15:35.861 [EVENT] sock=2516 hEvent=000009A4 events=0x21
2026-10-03 01:15:36.864 [EVENT] sock=2516 hEvent=000009A4 events=0x0
2026-10-03 01:15:36.866 [EVENT] sock=2516 hEvent=000009A4 events=0x21
2026-10-03 01:15:37.868 [EVENT] sock=2516 hEvent=000009A4 events=0x0
2026-10-03 01:15:37.869 [EVENT] sock=2516 hEvent=000009A4 events=0x21
2026-10-03 01:15:38.860 [EVENT] sock=2516 hEvent=000009A4 events=0x0
2026-10-03 01:15:38.860 [EVENT] sock=2516 hEvent=000009A4 events=0x21
2026-10-03 01:15:39.867 [EVENT] sock=2516 hEvent=000009A4 events=0x0
2026-10-03 01:15:39.867 [EVENT] sock=2516 hEvent=000009A4 events=0x21
2026-10-03 01:15:40.867 [EVENT] sock=2516 hEvent=000009A4 events=0x0
2026-10-03 01:15:40.868 [EVENT] sock=2516 hEvent=000009A4 events=0x21
2026-10-03 01:15:41.866 [EVENT] sock=2516 hEvent=000009A4 events=0x0
2026-10-03 01:15:41.867 [EVENT] sock=2516 hEvent=000009A4 events=0x21
2026-10-03 01:15:42.122 [EVENT] sock=2516 hEvent=000009A4 events=0x0
2026-10-03 01:15:42.122 [EVENT] sock=2516 hEvent=000009A4 events=0x21
2026-10-03 01:15:43.082 [EVENT] sock=2516 hEvent=000009A4 events=0x0
2026-10-03 01:15:43.082 [EVENT] sock=2516 hEvent=000009A4 events=0x21
2026-10-03 01:15:45.251 [EVENT] sock=2516 hEvent=000009A4 events=0x0
2026-10-03 01:15:45.252 [EVENT] sock=2516 hEvent=000009A4 events=0x21
2026-10-03 01:15:52.182 [EVENT] sock=2516 hEvent=000009A4 events=0x0
2026-10-03 01:15:52.182 [EVENT] sock=2516 hEvent=000009A4 events=0x21
2026-10-03 01:15:59.945 [EVENT] sock=2656 hEvent=00000A0C events=0x0
2026-10-03 01:15:59.945 [EVENT] sock=2656 hEvent=00000A0C events=0x21
2026-10-03 01:16:02.234 [EVENT] sock=2516 hEvent=000009A4 events=0x0
2026-10-03 01:16:02.235 [EVENT] sock=2516 hEvent=000009A4 events=0x21
2026-10-03 01:16:04.535 [OP] 46E0 inv=FDF7 len=520 #1 63cdfc0b6ffaa32bb907c464580bdcfaa24d1f809464f50ba954bc2bd62f8823f3ac90c02006ad8066b2c80bdcfa9d2bfd671b649c266ffa392b5980d37d580b0cd6751369805b64fc0b9822232b1f801c640fd0bba5f82b8b5648646738d8f40f8ed1805b64510bdc08a32bbf9a356f830bdcfaf1c11aef0b47c80b6e109d2be0f62037438bc3fa2d87bbce1e4cc80b0be243ce0aec48642f648a2268e5f98b
2026-10-03 01:16:04.618 [SETTLE] exp=2 gold=199366 len=393
2026-10-03 01:16:04.656 [EVENT] sock=2516 hEvent=000009A4 events=0x0
2026-10-03 01:16:04.656 [EVENT] sock=2516 hEvent=000009A4 events=0x21
2026-10-03 01:16:05.658 [EVENT] sock=2516 hEvent=000009A4 events=0x0
2026-10-03 01:16:05.659 [EVENT] sock=2516 hEvent=000009A4 events=0x21
2026-10-03 01:16:06.658 [EVENT] sock=2516 hEvent=000009A4 events=0x0
2026-10-03 01:16:06.659 [EVENT] sock=2516 hEvent=000009A4 events=0x21
2026-10-03 01:16:07.658 [EVENT] sock=2516 hEvent=000009A4 events=0x0
2026-10-03 01:16:07.659 [EVENT] sock=2516 hEvent=000009A4 events=0x21
2026-10-03 01:16:08.660 [EVENT] sock=2516 hEvent=000009A4 events=0x0
2026-10-03 01:16:08.661 [EVENT] sock=2516 hEvent=000009A4 events=0x21
2026-10-03 01:16:09.661 [EVENT] sock=2516 hEvent=000009A4 events=0x0
2026-10-03 01:16:09.661 [EVENT] sock=2516 hEvent=000009A4 events=0x21
2026-10-03 01:16:10.669 [EVENT] sock=2516 hEvent=000009A4 events=0x0
2026-10-03 01:16:10.669 [EVENT] sock=2516 hEvent=000009A4 events=0x21
2026-10-03 01:16:11.658 [EVENT] sock=2516 hEvent=000009A4 events=0x0
2026-10-03 01:16:11.659 [EVENT] sock=2516 hEvent=000009A4 events=0x21
2026-10-03 01:16:11.894 [EVENT] sock=2516 hEvent=000009A4 events=0x0
2026-10-03 01:16:11.894 [EVENT] sock=2516 hEvent=000009A4 events=0x21
2026-10-03 01:16:12.847 [EVENT] sock=2516 hEvent=000009A4 events=0x0
2026-10-03 01:16:12.847 [EVENT] sock=2516 hEvent=000009A4 events=0x21
2026-10-03 01:16:15.045 [EVENT] sock=2516 hEvent=000009A4 events=0x0
2026-10-03 01:16:15.045 [EVENT] sock=2516 hEvent=000009A4 events=0x21
2026-10-03 01:16:21.943 [EVENT] sock=2516 hEvent=000009A4 events=0x0
2026-10-03 01:16:21.943 [EVENT] sock=2516 hEvent=000009A4 events=0x21
2026-10-03 01:16:29.946 [EVENT] sock=2656 hEvent=00000A0C events=0x0
2026-10-03 01:16:29.949 [EVENT] sock=2656 hEvent=00000A0C events=0x21
2026-10-03 01:16:31.996 [EVENT] sock=2516 hEvent=000009A4 events=0x0
2026-10-03 01:16:31.996 [EVENT] sock=2516 hEvent=000009A4 events=0x21
2026-10-03 01:16:35.267 [SETTLE] exp=1 gold=199366 len=393
2026-10-03 01:16:35.300 [EVENT] sock=2516 hEvent=000009A4 events=0x0
2026-10-03 01:16:35.301 [EVENT] sock=2516 hEvent=000009A4 events=0x21
2026-10-03 01:16:36.308 [EVENT] sock=2516 hEvent=000009A4 events=0x0
2026-10-03 01:16:36.308 [EVENT] sock=2516 hEvent=000009A4 events=0x21
2026-10-03 01:16:37.291 [EVENT] sock=2516 hEvent=000009A4 events=0x0
2026-10-03 01:16:37.293 [EVENT] sock=2516 hEvent=000009A4 events=0x21
2026-10-03 01:16:37.308 [EVENT] sock=2516 hEvent=000009A4 events=0x0
2026-10-03 01:16:37.308 [EVENT] sock=2516 hEvent=000009A4 events=0x21
2026-10-03 01:16:38.303 [EVENT] sock=2516 hEvent=000009A4 events=0x0
2026-10-03 01:16:38.303 [EVENT] sock=2516 hEvent=000009A4 events=0x21
2026-10-03 01:16:39.306 [EVENT] sock=2516 hEvent=000009A4 events=0x0
2026-10-03 01:16:39.306 [EVENT] sock=2516 hEvent=000009A4 events=0x21
2026-10-03 01:16:40.305 [EVENT] sock=2516 hEvent=000009A4 events=0x0
2026-10-03 01:16:40.305 [EVENT] sock=2516 hEvent=000009A4 events=0x21
2026-10-03 01:16:41.305 [EVENT] sock=2516 hEvent=000009A4 events=0x0
2026-10-03 01:16:41.305 [EVENT] sock=2516 hEvent=000009A4 events=0x21
2026-10-03 01:16:42.312 [EVENT] sock=2516 hEvent=000009A4 events=0x0
2026-10-03 01:16:42.312 [EVENT] sock=2516 hEvent=000009A4 events=0x21
2026-10-03 01:16:43.313 [EVENT] sock=2516 hEvent=000009A4 events=0x0
2026-10-03 01:16:43.315 [EVENT] sock=2516 hEvent=000009A4 events=0x21
2026-10-03 01:16:44.313 [EVENT] sock=2516 hEvent=000009A4 events=0x0
2026-10-03 01:16:44.314 [EVENT] sock=2516 hEvent=000009A4 events=0x21
2026-10-03 01:16:44.577 [EVENT] sock=2516 hEvent=000009A4 events=0x0
2026-10-03 01:16:44.577 [EVENT] sock=2516 hEvent=000009A4 events=0x21
2026-10-03 01:16:45.519 [EVENT] sock=2516 hEvent=000009A4 events=0x0
2026-10-03 01:16:45.519 [EVENT] sock=2516 hEvent=000009A4 events=0x21
2026-10-03 01:16:47.846 [EVENT] sock=2516 hEvent=000009A4 events=0x0
2026-10-03 01:16:47.848 [EVENT] sock=2516 hEvent=000009A4 events=0x21
2026-10-03 01:16:54.643 [EVENT] sock=2516 hEvent=000009A4 events=0x0
2026-10-03 01:16:54.643 [EVENT] sock=2516 hEvent=000009A4 events=0x21
2026-10-03 01:16:59.577 [EVENT] sock=2516 hEvent=000009A4 events=0x0
2026-10-03 01:16:59.577 [EVENT] sock=2516 hEvent=000009A4 events=0x21
2026-10-03 01:16:59.950 [EVENT] sock=2656 hEvent=00000A0C events=0x0
2026-10-03 01:16:59.950 [EVENT] sock=2656 hEvent=00000A0C events=0x21
2026-10-03 01:17:04.698 [EVENT] sock=2516 hEvent=000009A4 events=0x0
2026-10-03 01:17:04.698 [EVENT] sock=2516 hEvent=000009A4 events=0x21
2026-10-03 01:17:05.600 [SETTLE] exp=1 gold=199366 len=393
2026-10-03 01:17:05.637 [EVENT] sock=2516 hEvent=000009A4 events=0x0
2026-10-03 01:17:05.638 [EVENT] sock=2516 hEvent=000009A4 events=0x21
2026-10-03 01:17:06.644 [EVENT] sock=2516 hEvent=000009A4 events=0x0
2026-10-03 01:17:06.644 [EVENT] sock=2516 hEvent=000009A4 events=0x21
2026-10-03 01:17:07.642 [EVENT] sock=2516 hEvent=000009A4 events=0x0
2026-10-03 01:17:07.642 [EVENT] sock=2516 hEvent=000009A4 events=0x21
2026-10-03 01:17:08.642 [EVENT] sock=2516 hEvent=000009A4 events=0x0
2026-10-03 01:17:08.644 [EVENT] sock=2516 hEvent=000009A4 events=0x21
2026-10-03 01:17:09.642 [EVENT] sock=2516 hEvent=000009A4 events=0x0
2026-10-03 01:17:09.643 [EVENT] sock=2516 hEvent=000009A4 events=0x21
2026-10-03 01:17:10.099 [EVENT] sock=2516 hEvent=000009A4 events=0x0
2026-10-03 01:17:10.100 [EVENT] sock=2516 hEvent=000009A4 events=0x21
2026-10-03 01:17:11.061 [EVENT] sock=2516 hEvent=000009A4 events=0x0
2026-10-03 01:17:11.061 [EVENT] sock=2516 hEvent=000009A4 events=0x21
2026-10-03 01:17:13.225 [EVENT] sock=2516 hEvent=000009A4 events=0x0
2026-10-03 01:17:13.225 [EVENT] sock=2516 hEvent=000009A4 events=0x21
2026-10-03 01:17:20.202 [EVENT] sock=2516 hEvent=000009A4 events=0x0
2026-10-03 01:17:20.202 [EVENT] sock=2516 hEvent=000009A4 events=0x21
2026-10-03 01:17:29.005 [EVENT] sock=2516 hEvent=000009A4 events=0x0
2026-10-03 01:17:29.006 [EVENT] sock=2516 hEvent=000009A4 events=0x21
2026-10-03 01:17:29.951 [EVENT] sock=2656 hEvent=00000A0C events=0x0
2026-10-03 01:17:29.951 [EVENT] sock=2656 hEvent=00000A0C events=0x21
2026-10-03 01:17:30.265 [EVENT] sock=2516 hEvent=000009A4 events=0x0
2026-10-03 01:17:30.266 [EVENT] sock=2516 hEvent=000009A4 events=0x21
2026-10-03 01:17:33.880 [SETTLE] exp=2 gold=199366 len=393
2026-10-03 01:17:33.940 [EVENT] sock=2516 hEvent=000009A4 events=0x0
2026-10-03 01:17:33.940 [EVENT] sock=2516 hEvent=000009A4 events=0x21
2026-10-03 01:17:34.937 [EVENT] sock=2516 hEvent=000009A4 events=0x0
2026-10-03 01:17:34.937 [EVENT] sock=2516 hEvent=000009A4 events=0x21
2026-10-03 01:17:35.936 [EVENT] sock=2516 hEvent=000009A4 events=0x0
2026-10-03 01:17:35.937 [EVENT] sock=2516 hEvent=000009A4 events=0x21
2026-10-03 01:17:36.940 [EVENT] sock=2516 hEvent=000009A4 events=0x0
2026-10-03 01:17:36.940 [EVENT] sock=2516 hEvent=000009A4 events=0x21
2026-10-03 01:17:37.942 [EVENT] sock=2516 hEvent=000009A4 events=0x0
2026-10-03 01:17:37.942 [EVENT] sock=2516 hEvent=000009A4 events=0x21
2026-10-03 01:17:38.175 [EVENT] sock=2516 hEvent=000009A4 events=0x0
2026-10-03 01:17:38.175 [EVENT] sock=2516 hEvent=000009A4 events=0x21
2026-10-03 01:17:39.149 [EVENT] sock=2516 hEvent=000009A4 events=0x0
2026-10-03 01:17:39.151 [EVENT] sock=2516 hEvent=000009A4 events=0x21
2026-10-03 01:17:41.302 [EVENT] sock=2516 hEvent=000009A4 events=0x0
2026-10-03 01:17:41.303 [EVENT] sock=2516 hEvent=000009A4 events=0x21
2026-10-03 01:17:48.242 [EVENT] sock=2516 hEvent=000009A4 events=0x0
2026-10-03 01:17:48.242 [EVENT] sock=2516 hEvent=000009A4 events=0x21
2026-10-03 01:17:54.956 [SETTLE] exp=1 gold=199366 len=393
2026-10-03 01:17:54.998 [EVENT] sock=2516 hEvent=000009A4 events=0x0
2026-10-03 01:17:54.999 [EVENT] sock=2516 hEvent=000009A4 events=0x21
2026-10-03 01:17:56.002 [EVENT] sock=2516 hEvent=000009A4 events=0x0
2026-10-03 01:17:56.002 [EVENT] sock=2516 hEvent=000009A4 events=0x21
2026-10-03 01:17:57.006 [EVENT] sock=2516 hEvent=000009A4 events=0x0
2026-10-03 01:17:57.007 [EVENT] sock=2516 hEvent=000009A4 events=0x21
2026-10-03 01:17:58.009 [EVENT] sock=2516 hEvent=000009A4 events=0x0
2026-10-03 01:17:58.009 [EVENT] sock=2516 hEvent=000009A4 events=0x21
2026-10-03 01:17:58.997 [EVENT] sock=2516 hEvent=000009A4 events=0x0
2026-10-03 01:17:58.997 [EVENT] sock=2516 hEvent=000009A4 events=0x21
2026-10-03 01:17:59.952 [EVENT] sock=2656 hEvent=00000A0C events=0x0
2026-10-03 01:17:59.952 [EVENT] sock=2656 hEvent=00000A0C events=0x21
2026-10-03 01:18:00.000 [EVENT] sock=2516 hEvent=000009A4 events=0x0
2026-10-03 01:18:00.000 [EVENT] sock=2516 hEvent=000009A4 events=0x21
2026-10-03 01:18:01.005 [EVENT] sock=2516 hEvent=000009A4 events=0x0
2026-10-03 01:18:01.006 [EVENT] sock=2516 hEvent=000009A4 events=0x21
2026-10-03 01:18:02.004 [EVENT] sock=2516 hEvent=000009A4 events=0x0
2026-10-03 01:18:02.005 [EVENT] sock=2516 hEvent=000009A4 events=0x21
2026-10-03 01:18:03.008 [EVENT] sock=2516 hEvent=000009A4 events=0x0
2026-10-03 01:18:03.009 [EVENT] sock=2516 hEvent=000009A4 events=0x21
2026-10-03 01:18:04.009 [EVENT] sock=2516 hEvent=000009A4 events=0x0
2026-10-03 01:18:04.010 [EVENT] sock=2516 hEvent=000009A4 events=0x21
2026-10-03 01:18:04.272 [EVENT] sock=2516 hEvent=000009A4 events=0x0
2026-10-03 01:18:04.272 [EVENT] sock=2516 hEvent=000009A4 events=0x21
2026-10-03 01:18:05.211 [EVENT] sock=2516 hEvent=000009A4 events=0x0
2026-10-03 01:18:05.211 [EVENT] sock=2516 hEvent=000009A4 events=0x21
2026-10-03 01:18:07.401 [EVENT] sock=2516 hEvent=000009A4 events=0x0
2026-10-03 01:18:07.402 [EVENT] sock=2516 hEvent=000009A4 events=0x21
2026-10-03 01:18:14.342 [EVENT] sock=2516 hEvent=000009A4 events=0x0
2026-10-03 01:18:14.344 [EVENT] sock=2516 hEvent=000009A4 events=0x21
2026-10-03 01:18:24.392 [EVENT] sock=2516 hEvent=000009A4 events=0x0
2026-10-03 01:18:24.392 [EVENT] sock=2516 hEvent=000009A4 events=0x21
2026-10-03 01:18:24.640 [EVENT] sock=2516 hEvent=000009A4 events=0x0
2026-10-03 01:18:24.640 [EVENT] sock=2516 hEvent=000009A4 events=0x21
2026-10-03 01:18:29.409 [SETTLE] exp=2 gold=199366 len=393
2026-10-03 01:18:29.450 [EVENT] sock=2516 hEvent=000009A4 events=0x0
2026-10-03 01:18:29.450 [EVENT] sock=2516 hEvent=000009A4 events=0x21
2026-10-03 01:18:29.953 [EVENT] sock=2656 hEvent=00000A0C events=0x0
2026-10-03 01:18:29.953 [EVENT] sock=2656 hEvent=00000A0C events=0x21
2026-10-03 01:18:30.454 [EVENT] sock=2516 hEvent=000009A4 events=0x0
2026-10-03 01:18:30.454 [EVENT] sock=2516 hEvent=000009A4 events=0x21
2026-10-03 01:18:31.428 [EVENT] sock=2516 hEvent=000009A4 events=0x0
2026-10-03 01:18:31.429 [EVENT] sock=2516 hEvent=000009A4 events=0x21
2026-10-03 01:18:31.429 [EVENT] sock=2516 hEvent=000009A4 events=0x0
2026-10-03 01:18:31.429 [EVENT] sock=2516 hEvent=000009A4 events=0x21
2026-10-03 01:18:31.460 [EVENT] sock=2516 hEvent=000009A4 events=0x0
2026-10-03 01:18:31.460 [EVENT] sock=2516 hEvent=000009A4 events=0x21
2026-10-03 01:18:32.458 [EVENT] sock=2516 hEvent=000009A4 events=0x0
2026-10-03 01:18:32.458 [EVENT] sock=2516 hEvent=000009A4 events=0x21
2026-10-03 01:18:33.455 [EVENT] sock=2516 hEvent=000009A4 events=0x0
2026-10-03 01:18:33.455 [EVENT] sock=2516 hEvent=000009A4 events=0x21
2026-10-03 01:18:34.460 [EVENT] sock=2516 hEvent=000009A4 events=0x0
2026-10-03 01:18:34.460 [EVENT] sock=2516 hEvent=000009A4 events=0x21
2026-10-03 01:18:34.764 [EVENT] sock=2516 hEvent=000009A4 events=0x0
2026-10-03 01:18:34.764 [EVENT] sock=2516 hEvent=000009A4 events=0x21
2026-10-03 01:18:35.734 [EVENT] sock=2516 hEvent=000009A4 events=0x0
2026-10-03 01:18:35.734 [EVENT] sock=2516 hEvent=000009A4 events=0x21
2026-10-03 01:18:37.988 [EVENT] sock=2516 hEvent=000009A4 events=0x0
2026-10-03 01:18:37.988 [EVENT] sock=2516 hEvent=000009A4 events=0x21
2026-10-03 01:18:44.983 [EVENT] sock=2516 hEvent=000009A4 events=0x0
2026-10-03 01:18:44.983 [EVENT] sock=2516 hEvent=000009A4 events=0x21
2026-10-03 01:18:55.044 [EVENT] sock=2516 hEvent=000009A4 events=0x0
2026-10-03 01:18:55.044 [EVENT] sock=2516 hEvent=000009A4 events=0x21
2026-10-03 01:18:55.542 [EVENT] sock=2516 hEvent=000009A4 events=0x0
2026-10-03 01:18:55.542 [EVENT] sock=2516 hEvent=000009A4 events=0x21
2026-10-03 01:18:59.954 [EVENT] sock=2656 hEvent=00000A0C events=0x0
2026-10-03 01:18:59.954 [EVENT] sock=2656 hEvent=00000A0C events=0x21
2026-10-03 01:19:00.322 [SETTLE] exp=2 gold=199366 len=393
2026-10-03 01:19:00.352 [EVENT] sock=2516 hEvent=000009A4 events=0x0
2026-10-03 01:19:00.352 [EVENT] sock=2516 hEvent=000009A4 events=0x21
2026-10-03 01:19:01.360 [EVENT] sock=2516 hEvent=000009A4 events=0x0
2026-10-03 01:19:01.361 [EVENT] sock=2516 hEvent=000009A4 events=0x21
2026-10-03 01:19:02.359 [EVENT] sock=2516 hEvent=000009A4 events=0x0
2026-10-03 01:19:02.361 [EVENT] sock=2516 hEvent=000009A4 events=0x21
2026-10-03 01:19:03.358 [EVENT] sock=2516 hEvent=000009A4 events=0x0
2026-10-03 01:19:03.358 [EVENT] sock=2516 hEvent=000009A4 events=0x21
2026-10-03 01:19:04.357 [EVENT] sock=2516 hEvent=000009A4 events=0x0
2026-10-03 01:19:04.358 [EVENT] sock=2516 hEvent=000009A4 events=0x21
2026-10-03 01:19:04.566 [EVENT] sock=2516 hEvent=000009A4 events=0x0
2026-10-03 01:19:04.566 [EVENT] sock=2516 hEvent=000009A4 events=0x21
2026-10-03 01:19:05.551 [EVENT] sock=2516 hEvent=000009A4 events=0x0
2026-10-03 01:19:05.552 [EVENT] sock=2516 hEvent=000009A4 events=0x21
2026-10-03 01:19:07.866 [EVENT] sock=2516 hEvent=000009A4 events=0x0
2026-10-03 01:19:07.867 [EVENT] sock=2516 hEvent=000009A4 events=0x21
2026-10-03 01:19:14.634 [EVENT] sock=2516 hEvent=000009A4 events=0x0
2026-10-03 01:19:14.635 [EVENT] sock=2516 hEvent=000009A4 events=0x21
2026-10-03 01:19:24.688 [EVENT] sock=2516 hEvent=000009A4 events=0x0
2026-10-03 01:19:24.688 [EVENT] sock=2516 hEvent=000009A4 events=0x21
2026-10-03 01:19:25.775 [EVENT] sock=2516 hEvent=000009A4 events=0x0
2026-10-03 01:19:25.775 [EVENT] sock=2516 hEvent=000009A4 events=0x21
2026-10-03 01:19:27.545 [EVENT] sock=2656 hEvent=00000A0C events=0x0
2026-10-03 01:19:27.545 [EVENT] sock=2656 hEvent=00000A0C events=0x21
2026-10-03 01:19:31.786 [SETTLE] exp=2 gold=199366 len=393
2026-10-03 01:19:31.832 [EVENT] sock=2516 hEvent=000009A4 events=0x0
2026-10-03 01:19:31.832 [EVENT] sock=2516 hEvent=000009A4 events=0x21
2026-10-03 01:19:32.842 [EVENT] sock=2516 hEvent=000009A4 events=0x0
2026-10-03 01:19:32.842 [EVENT] sock=2516 hEvent=000009A4 events=0x21
2026-10-03 01:19:33.841 [EVENT] sock=2516 hEvent=000009A4 events=0x0
2026-10-03 01:19:33.842 [EVENT] sock=2516 hEvent=000009A4 events=0x21
2026-10-03 01:19:34.842 [EVENT] sock=2516 hEvent=000009A4 events=0x0
2026-10-03 01:19:34.843 [EVENT] sock=2516 hEvent=000009A4 events=0x21
2026-10-03 01:19:35.831 [EVENT] sock=2516 hEvent=000009A4 events=0x0
2026-10-03 01:19:35.832 [EVENT] sock=2516 hEvent=000009A4 events=0x21
2026-10-03 01:19:36.057 [EVENT] sock=2516 hEvent=000009A4 events=0x0
2026-10-03 01:19:36.059 [EVENT] sock=2516 hEvent=000009A4 events=0x21
2026-10-03 01:19:37.034 [EVENT] sock=2516 hEvent=000009A4 events=0x0
2026-10-03 01:19:37.034 [EVENT] sock=2516 hEvent=000009A4 events=0x21
2026-10-03 01:19:39.263 [EVENT] sock=2516 hEvent=000009A4 events=0x0
2026-10-03 01:19:39.264 [EVENT] sock=2516 hEvent=000009A4 events=0x21
2026-10-03 01:19:46.124 [EVENT] sock=2516 hEvent=000009A4 events=0x0
2026-10-03 01:19:46.125 [EVENT] sock=2516 hEvent=000009A4 events=0x21
2026-10-03 01:19:56.186 [EVENT] sock=2516 hEvent=000009A4 events=0x0
2026-10-03 01:19:56.186 [EVENT] sock=2516 hEvent=000009A4 events=0x21
2026-10-03 01:19:57.393 [SETTLE] exp=2 gold=199366 len=393
2026-10-03 01:19:57.427 [EVENT] sock=2516 hEvent=000009A4 events=0x0
2026-10-03 01:19:57.427 [EVENT] sock=2516 hEvent=000009A4 events=0x21
2026-10-03 01:19:58.436 [EVENT] sock=2516 hEvent=000009A4 events=0x0
2026-10-03 01:19:58.436 [EVENT] sock=2516 hEvent=000009A4 events=0x21
2026-10-03 01:19:59.436 [EVENT] sock=2516 hEvent=000009A4 events=0x0
2026-10-03 01:19:59.437 [EVENT] sock=2516 hEvent=000009A4 events=0x21
2026-10-03 01:19:59.955 [EVENT] sock=2656 hEvent=00000A0C events=0x0
2026-10-03 01:19:59.955 [EVENT] sock=2656 hEvent=00000A0C events=0x21
2026-10-03 01:20:00.435 [EVENT] sock=2516 hEvent=000009A4 events=0x0
2026-10-03 01:20:00.440 [EVENT] sock=2516 hEvent=000009A4 events=0x21
2026-10-03 01:20:01.437 [EVENT] sock=2516 hEvent=000009A4 events=0x0
2026-10-03 01:20:01.438 [EVENT] sock=2516 hEvent=000009A4 events=0x21
2026-10-03 01:20:02.431 [EVENT] sock=2516 hEvent=000009A4 events=0x0
2026-10-03 01:20:02.431 [EVENT] sock=2516 hEvent=000009A4 events=0x21
2026-10-03 01:20:02.910 [EVENT] sock=2516 hEvent=000009A4 events=0x0
2026-10-03 01:20:02.910 [EVENT] sock=2516 hEvent=000009A4 events=0x21
2026-10-03 01:20:03.884 [EVENT] sock=2516 hEvent=000009A4 events=0x0
2026-10-03 01:20:03.884 [EVENT] sock=2516 hEvent=000009A4 events=0x21
2026-10-03 01:20:06.030 [EVENT] sock=2516 hEvent=000009A4 events=0x0
2026-10-03 01:20:06.031 [EVENT] sock=2516 hEvent=000009A4 events=0x21
2026-10-03 01:20:12.992 [EVENT] sock=2516 hEvent=000009A4 events=0x0
2026-10-03 01:20:12.993 [EVENT] sock=2516 hEvent=000009A4 events=0x21
2026-10-03 01:20:20.221 [SETTLE] exp=2 gold=199366 len=393
2026-10-03 01:20:20.254 [EVENT] sock=2516 hEvent=000009A4 events=0x0
2026-10-03 01:20:20.254 [EVENT] sock=2516 hEvent=000009A4 events=0x21
2026-10-03 01:20:21.265 [EVENT] sock=2516 hEvent=000009A4 events=0x0
2026-10-03 01:20:21.266 [EVENT] sock=2516 hEvent=000009A4 events=0x21
2026-10-03 01:20:22.237 [EVENT] sock=2516 hEvent=000009A4 events=0x0
2026-10-03 01:20:22.237 [EVENT] sock=2516 hEvent=000009A4 events=0x21
2026-10-03 01:20:22.269 [EVENT] sock=2516 hEvent=000009A4 events=0x0
2026-10-03 01:20:22.269 [EVENT] sock=2516 hEvent=000009A4 events=0x21
2026-10-03 01:20:23.261 [EVENT] sock=2516 hEvent=000009A4 events=0x0
2026-10-03 01:20:23.261 [EVENT] sock=2516 hEvent=000009A4 events=0x21
2026-10-03 01:20:24.267 [EVENT] sock=2516 hEvent=000009A4 events=0x0
2026-10-03 01:20:24.267 [EVENT] sock=2516 hEvent=000009A4 events=0x21
2026-10-03 01:20:25.258 [EVENT] sock=2516 hEvent=000009A4 events=0x0
2026-10-03 01:20:25.259 [EVENT] sock=2516 hEvent=000009A4 events=0x21
2026-10-03 01:20:26.258 [EVENT] sock=2516 hEvent=000009A4 events=0x0
2026-10-03 01:20:26.258 [EVENT] sock=2516 hEvent=000009A4 events=0x21
2026-10-03 01:20:27.257 [EVENT] sock=2516 hEvent=000009A4 events=0x0
2026-10-03 01:20:27.257 [EVENT] sock=2516 hEvent=000009A4 events=0x21
2026-10-03 01:20:28.260 [EVENT] sock=2516 hEvent=000009A4 events=0x0
2026-10-03 01:20:28.260 [EVENT] sock=2516 hEvent=000009A4 events=0x21
2026-10-03 01:20:28.535 [EVENT] sock=2516 hEvent=000009A4 events=0x0
2026-10-03 01:20:28.535 [EVENT] sock=2516 hEvent=000009A4 events=0x21
2026-10-03 01:20:29.492 [EVENT] sock=2516 hEvent=000009A4 events=0x0
2026-10-03 01:20:29.492 [EVENT] sock=2516 hEvent=000009A4 events=0x21
2026-10-03 01:20:29.956 [EVENT] sock=2656 hEvent=00000A0C events=0x0
2026-10-03 01:20:29.956 [EVENT] sock=2656 hEvent=00000A0C events=0x21
2026-10-03 01:20:31.613 [EVENT] sock=2516 hEvent=000009A4 events=0x0
2026-10-03 01:20:31.613 [EVENT] sock=2516 hEvent=000009A4 events=0x21
2026-10-03 01:20:38.604 [EVENT] sock=2516 hEvent=000009A4 events=0x0
2026-10-03 01:20:38.604 [EVENT] sock=2516 hEvent=000009A4 events=0x21
2026-10-03 01:20:46.695 [SETTLE] exp=2 gold=199366 len=393
2026-10-03 01:20:46.740 [EVENT] sock=2516 hEvent=000009A4 events=0x0
2026-10-03 01:20:46.740 [EVENT] sock=2516 hEvent=000009A4 events=0x21
2026-10-03 01:20:47.741 [EVENT] sock=2516 hEvent=000009A4 events=0x0
2026-10-03 01:20:47.742 [EVENT] sock=2516 hEvent=000009A4 events=0x21
2026-10-03 01:20:48.746 [EVENT] sock=2516 hEvent=000009A4 events=0x0
2026-10-03 01:20:48.747 [EVENT] sock=2516 hEvent=000009A4 events=0x21
2026-10-03 01:20:49.749 [EVENT] sock=2516 hEvent=000009A4 events=0x0
2026-10-03 01:20:49.749 [EVENT] sock=2516 hEvent=000009A4 events=0x21
2026-10-03 01:20:50.751 [EVENT] sock=2516 hEvent=000009A4 events=0x0
2026-10-03 01:20:50.751 [EVENT] sock=2516 hEvent=000009A4 events=0x21
2026-10-03 01:20:51.751 [EVENT] sock=2516 hEvent=000009A4 events=0x0
2026-10-03 01:20:51.751 [EVENT] sock=2516 hEvent=000009A4 events=0x21
2026-10-03 01:20:52.750 [EVENT] sock=2516 hEvent=000009A4 events=0x0
2026-10-03 01:20:52.750 [EVENT] sock=2516 hEvent=000009A4 events=0x21
2026-10-03 01:20:53.755 [EVENT] sock=2516 hEvent=000009A4 events=0x0
2026-10-03 01:20:53.755 [EVENT] sock=2516 hEvent=000009A4 events=0x21
2026-10-03 01:20:54.040 [EVENT] sock=2516 hEvent=000009A4 events=0x0
2026-10-03 01:20:54.040 [EVENT] sock=2516 hEvent=000009A4 events=0x21
2026-10-03 01:20:54.966 [EVENT] sock=2516 hEvent=000009A4 events=0x0
2026-10-03 01:20:54.966 [EVENT] sock=2516 hEvent=000009A4 events=0x21
2026-10-03 01:20:57.142 [EVENT] sock=2516 hEvent=000009A4 events=0x0
2026-10-03 01:20:57.142 [EVENT] sock=2516 hEvent=000009A4 events=0x21
2026-10-03 01:20:59.957 [EVENT] sock=2656 hEvent=00000A0C events=0x0
2026-10-03 01:20:59.957 [EVENT] sock=2656 hEvent=00000A0C events=0x21
2026-10-03 01:21:04.104 [EVENT] sock=2516 hEvent=000009A4 events=0x0
2026-10-03 01:21:04.104 [EVENT] sock=2516 hEvent=000009A4 events=0x21
2026-10-03 01:21:13.279 [EVENT] sock=2516 hEvent=000009A4 events=0x0
2026-10-03 01:21:13.280 [EVENT] sock=2516 hEvent=000009A4 events=0x21
2026-10-03 01:21:13.478 [EVENT] sock=2516 hEvent=000009A4 events=0x0
2026-10-03 01:21:13.478 [EVENT] sock=2516 hEvent=000009A4 events=0x21
2026-10-03 01:21:14.217 [EVENT] sock=2516 hEvent=000009A4 events=0x0
2026-10-03 01:21:14.218 [EVENT] sock=2516 hEvent=000009A4 events=0x21
2026-10-03 01:21:18.063 [SETTLE] exp=2 gold=199366 len=393
2026-10-03 01:21:18.101 [EVENT] sock=2516 hEvent=000009A4 events=0x0
2026-10-03 01:21:18.102 [EVENT] sock=2516 hEvent=000009A4 events=0x21
2026-10-03 01:21:19.105 [EVENT] sock=2516 hEvent=000009A4 events=0x0
2026-10-03 01:21:19.105 [EVENT] sock=2516 hEvent=000009A4 events=0x21
2026-10-03 01:21:20.107 [EVENT] sock=2516 hEvent=000009A4 events=0x0
2026-10-03 01:21:20.107 [EVENT] sock=2516 hEvent=000009A4 events=0x21
2026-10-03 01:21:21.105 [EVENT] sock=2516 hEvent=000009A4 events=0x0
2026-10-03 01:21:21.105 [EVENT] sock=2516 hEvent=000009A4 events=0x21
2026-10-03 01:21:22.105 [EVENT] sock=2516 hEvent=000009A4 events=0x0
2026-10-03 01:21:22.105 [EVENT] sock=2516 hEvent=000009A4 events=0x21
2026-10-03 01:21:28.099 [EVENT] sock=2516 hEvent=000009A4 events=0x0
2026-10-03 01:21:28.099 [EVENT] sock=2516 hEvent=000009A4 events=0x21
2026-10-03 01:21:29.958 [EVENT] sock=2656 hEvent=00000A0C events=0x0
2026-10-03 01:21:29.958 [EVENT] sock=2656 hEvent=00000A0C events=0x21
2026-10-03 01:21:38.153 [EVENT] sock=2516 hEvent=000009A4 events=0x0
2026-10-03 01:21:38.153 [EVENT] sock=2516 hEvent=000009A4 events=0x21
2026-10-03 01:21:38.379 [EVENT] sock=2516 hEvent=000009A4 events=0x0
2026-10-03 01:21:38.379 [EVENT] sock=2516 hEvent=000009A4 events=0x21
2026-10-03 01:21:44.610 [EVENT] sock=2516 hEvent=000009A4 events=0x0
2026-10-03 01:21:44.610 [EVENT] sock=2516 hEvent=000009A4 events=0x21
2026-10-03 01:21:45.626 [EVENT] sock=2516 hEvent=000009A4 events=0x0
2026-10-03 01:21:45.626 [EVENT] sock=2516 hEvent=000009A4 events=0x21
2026-10-03 01:21:46.620 [EVENT] sock=2516 hEvent=000009A4 events=0x0
2026-10-03 01:21:46.620 [EVENT] sock=2516 hEvent=000009A4 events=0x21
2026-10-03 01:21:47.613 [EVENT] sock=2516 hEvent=000009A4 events=0x0
2026-10-03 01:21:47.613 [EVENT] sock=2516 hEvent=000009A4 events=0x21
2026-10-03 01:21:48.611 [EVENT] sock=2516 hEvent=000009A4 events=0x0
2026-10-03 01:21:48.612 [EVENT] sock=2516 hEvent=000009A4 events=0x21
2026-10-03 01:21:49.611 [EVENT] sock=2516 hEvent=000009A4 events=0x0
2026-10-03 01:21:49.612 [EVENT] sock=2516 hEvent=000009A4 events=0x21
2026-10-03 01:21:49.824 [EVENT] sock=2516 hEvent=000009A4 events=0x0
2026-10-03 01:21:49.825 [EVENT] sock=2516 hEvent=000009A4 events=0x21
2026-10-03 01:21:50.811 [EVENT] sock=2516 hEvent=000009A4 events=0x0
2026-10-03 01:21:50.813 [EVENT] sock=2516 hEvent=000009A4 events=0x21
2026-10-03 01:21:53.054 [EVENT] sock=2516 hEvent=000009A4 events=0x0
2026-10-03 01:21:53.054 [EVENT] sock=2516 hEvent=000009A4 events=0x21
2026-10-03 01:21:59.951 [EVENT] sock=2516 hEvent=000009A4 events=0x0
2026-10-03 01:21:59.952 [EVENT] sock=2516 hEvent=000009A4 events=0x21
2026-10-03 01:21:59.959 [EVENT] sock=2656 hEvent=00000A0C events=0x0
2026-10-03 01:21:59.960 [EVENT] sock=2656 hEvent=00000A0C events=0x21
2026-10-03 01:22:09.954 [SETTLE] exp=2 gold=199366 len=403
2026-10-03 01:22:10.010 [EVENT] sock=2516 hEvent=000009A4 events=0x0
2026-10-03 01:22:10.010 [EVENT] sock=2516 hEvent=000009A4 events=0x21
2026-10-03 01:22:11.001 [EVENT] sock=2516 hEvent=000009A4 events=0x0
2026-10-03 01:22:11.001 [EVENT] sock=2516 hEvent=000009A4 events=0x21
2026-10-03 01:22:11.982 [EVENT] sock=2516 hEvent=000009A4 events=0x0
2026-10-03 01:22:11.982 [EVENT] sock=2516 hEvent=000009A4 events=0x21
2026-10-03 01:22:12.015 [EVENT] sock=2516 hEvent=000009A4 events=0x0
2026-10-03 01:22:12.015 [EVENT] sock=2516 hEvent=000009A4 events=0x21
2026-10-03 01:22:13.013 [EVENT] sock=2516 hEvent=000009A4 events=0x0
2026-10-03 01:22:13.013 [EVENT] sock=2516 hEvent=000009A4 events=0x21
2026-10-03 01:22:14.009 [EVENT] sock=2516 hEvent=000009A4 events=0x0
2026-10-03 01:22:14.009 [EVENT] sock=2516 hEvent=000009A4 events=0x21
2026-10-03 01:22:15.009 [EVENT] sock=2516 hEvent=000009A4 events=0x0
2026-10-03 01:22:15.010 [EVENT] sock=2516 hEvent=000009A4 events=0x21
2026-10-03 01:22:16.013 [EVENT] sock=2516 hEvent=000009A4 events=0x0
2026-10-03 01:22:16.013 [EVENT] sock=2516 hEvent=000009A4 events=0x21
2026-10-03 01:22:17.008 [EVENT] sock=2516 hEvent=000009A4 events=0x0
2026-10-03 01:22:17.008 [EVENT] sock=2516 hEvent=000009A4 events=0x21
2026-10-03 01:22:17.246 [EVENT] sock=2516 hEvent=000009A4 events=0x0
2026-10-03 01:22:17.246 [EVENT] sock=2516 hEvent=000009A4 events=0x21
2026-10-03 01:22:18.204 [EVENT] sock=2516 hEvent=000009A4 events=0x0
2026-10-03 01:22:18.205 [EVENT] sock=2516 hEvent=000009A4 events=0x21
2026-10-03 01:22:20.388 [EVENT] sock=2516 hEvent=000009A4 events=0x0
2026-10-03 01:22:20.388 [EVENT] sock=2516 hEvent=000009A4 events=0x21
2026-10-03 01:22:27.312 [EVENT] sock=2516 hEvent=000009A4 events=0x0
2026-10-03 01:22:27.312 [EVENT] sock=2516 hEvent=000009A4 events=0x21
2026-10-03 01:22:29.960 [EVENT] sock=2656 hEvent=00000A0C events=0x0
2026-10-03 01:22:29.960 [EVENT] sock=2656 hEvent=00000A0C events=0x21
2026-10-03 01:22:37.361 [EVENT] sock=2516 hEvent=000009A4 events=0x0
2026-10-03 01:22:37.363 [EVENT] sock=2516 hEvent=000009A4 events=0x21
2026-10-03 01:22:42.912 [OP] 46E0 inv=FDF7 len=520 #2 63cdfc0b6ffaa32b5207c464580bdcfa68121f80e955add09a5b7d351f804864510bdcfa9c1d24108a55add0815b7d353078df61510bdcfa3d7fbbce09a457ec1dbec4c4842b9c7f2525bac49c1d24101c64510b78e03fce29ccdfdf11aebb7f4fc4b8ef9564510b155a4e7869489c7fced62dc44e78c8d980b3add0489bc453bcb1d305c0fb62ae4fc4b8ef7860daec90faa32b29805b64510bdcfaf82b1f80
2026-10-03 01:22:43.010 [SETTLE] exp=2 gold=199366 len=403
2026-10-03 01:22:43.041 [EVENT] sock=2516 hEvent=000009A4 events=0x0
2026-10-03 01:22:43.041 [EVENT] sock=2516 hEvent=000009A4 events=0x21
2026-10-03 01:22:44.050 [EVENT] sock=2516 hEvent=000009A4 events=0x0
2026-10-03 01:22:44.050 [EVENT] sock=2516 hEvent=000009A4 events=0x21
2026-10-03 01:22:45.076 [EVENT] sock=2516 hEvent=000009A4 events=0x0
2026-10-03 01:22:45.076 [EVENT] sock=2516 hEvent=000009A4 events=0x21
2026-10-03 01:22:46.049 [EVENT] sock=2516 hEvent=000009A4 events=0x0
2026-10-03 01:22:46.049 [EVENT] sock=2516 hEvent=000009A4 events=0x21
2026-10-03 01:22:47.050 [EVENT] sock=2516 hEvent=000009A4 events=0x0
2026-10-03 01:22:47.050 [EVENT] sock=2516 hEvent=000009A4 events=0x21
2026-10-03 01:22:48.046 [EVENT] sock=2516 hEvent=000009A4 events=0x0
2026-10-03 01:22:48.046 [EVENT] sock=2516 hEvent=000009A4 events=0x21
2026-10-03 01:22:49.053 [EVENT] sock=2516 hEvent=000009A4 events=0x0
2026-10-03 01:22:49.053 [EVENT] sock=2516 hEvent=000009A4 events=0x21
2026-10-03 01:22:49.256 [EVENT] sock=2516 hEvent=000009A4 events=0x0
2026-10-03 01:22:49.257 [EVENT] sock=2516 hEvent=000009A4 events=0x21
2026-10-03 01:22:50.247 [EVENT] sock=2516 hEvent=000009A4 events=0x0
2026-10-03 01:22:50.247 [EVENT] sock=2516 hEvent=000009A4 events=0x21
2026-10-03 01:22:52.481 [EVENT] sock=2516 hEvent=000009A4 events=0x0
2026-10-03 01:22:52.481 [EVENT] sock=2516 hEvent=000009A4 events=0x21
2026-10-03 01:22:59.380 [EVENT] sock=2516 hEvent=000009A4 events=0x0
2026-10-03 01:22:59.380 [EVENT] sock=2516 hEvent=000009A4 events=0x21
2026-10-03 01:22:59.961 [EVENT] sock=2656 hEvent=00000A0C events=0x0
2026-10-03 01:22:59.961 [EVENT] sock=2656 hEvent=00000A0C events=0x21
2026-10-03 01:23:07.115 [EVENT] sock=2516 hEvent=000009A4 events=0x0
2026-10-03 01:23:07.116 [EVENT] sock=2516 hEvent=000009A4 events=0x21
2026-10-03 01:23:09.434 [EVENT] sock=2516 hEvent=000009A4 events=0x0
2026-10-03 01:23:09.436 [EVENT] sock=2516 hEvent=000009A4 events=0x21
2026-10-03 01:23:11.864 [SETTLE] exp=2 gold=199366 len=393
2026-10-03 01:23:11.903 [EVENT] sock=2516 hEvent=000009A4 events=0x0
2026-10-03 01:23:11.904 [EVENT] sock=2516 hEvent=000009A4 events=0x21
2026-10-03 01:23:12.907 [EVENT] sock=2516 hEvent=000009A4 events=0x0
2026-10-03 01:23:12.908 [EVENT] sock=2516 hEvent=000009A4 events=0x21
2026-10-03 01:23:13.889 [EVENT] sock=2516 hEvent=000009A4 events=0x0
2026-10-03 01:23:13.889 [EVENT] sock=2516 hEvent=000009A4 events=0x21
2026-10-03 01:23:13.922 [EVENT] sock=2516 hEvent=000009A4 events=0x0
2026-10-03 01:23:13.922 [EVENT] sock=2516 hEvent=000009A4 events=0x21
2026-10-03 01:23:14.923 [EVENT] sock=2516 hEvent=000009A4 events=0x0
2026-10-03 01:23:14.924 [EVENT] sock=2516 hEvent=000009A4 events=0x21
2026-10-03 01:23:15.912 [EVENT] sock=2516 hEvent=000009A4 events=0x0
2026-10-03 01:23:15.913 [EVENT] sock=2516 hEvent=000009A4 events=0x21
2026-10-03 01:23:16.155 [EVENT] sock=2516 hEvent=000009A4 events=0x0
2026-10-03 01:23:16.155 [EVENT] sock=2516 hEvent=000009A4 events=0x21
2026-10-03 01:23:17.112 [EVENT] sock=2516 hEvent=000009A4 events=0x0
2026-10-03 01:23:17.113 [EVENT] sock=2516 hEvent=000009A4 events=0x21
2026-10-03 01:23:19.336 [EVENT] sock=2516 hEvent=000009A4 events=0x0
2026-10-03 01:23:19.336 [EVENT] sock=2516 hEvent=000009A4 events=0x21
2026-10-03 01:23:26.225 [EVENT] sock=2516 hEvent=000009A4 events=0x0
2026-10-03 01:23:26.226 [EVENT] sock=2516 hEvent=000009A4 events=0x21
2026-10-03 01:23:29.962 [EVENT] sock=2656 hEvent=00000A0C events=0x0
2026-10-03 01:23:29.962 [EVENT] sock=2656 hEvent=00000A0C events=0x21
2026-10-03 01:23:33.074 [EVENT] sock=2516 hEvent=000009A4 events=0x0
2026-10-03 01:23:33.075 [EVENT] sock=2516 hEvent=000009A4 events=0x21
2026-10-03 01:23:36.305 [EVENT] sock=2516 hEvent=000009A4 events=0x0
2026-10-03 01:23:36.305 [EVENT] sock=2516 hEvent=000009A4 events=0x21
2026-10-03 01:23:37.989 [SETTLE] exp=2 gold=199366 len=393
2026-10-03 01:23:38.022 [EVENT] sock=2516 hEvent=000009A4 events=0x0
2026-10-03 01:23:38.022 [EVENT] sock=2516 hEvent=000009A4 events=0x21
2026-10-03 01:23:39.030 [EVENT] sock=2516 hEvent=000009A4 events=0x0
2026-10-03 01:23:39.031 [EVENT] sock=2516 hEvent=000009A4 events=0x21
2026-10-03 01:23:40.015 [EVENT] sock=2516 hEvent=000009A4 events=0x0
2026-10-03 01:23:40.015 [EVENT] sock=2516 hEvent=000009A4 events=0x21
2026-10-03 01:23:40.028 [EVENT] sock=2516 hEvent=000009A4 events=0x0
2026-10-03 01:23:40.029 [EVENT] sock=2516 hEvent=000009A4 events=0x21
2026-10-03 01:23:41.028 [EVENT] sock=2516 hEvent=000009A4 events=0x0
2026-10-03 01:23:41.029 [EVENT] sock=2516 hEvent=000009A4 events=0x21
2026-10-03 01:23:42.038 [EVENT] sock=2516 hEvent=000009A4 events=0x0
2026-10-03 01:23:42.038 [EVENT] sock=2516 hEvent=000009A4 events=0x21
2026-10-03 01:23:43.033 [EVENT] sock=2516 hEvent=000009A4 events=0x0
2026-10-03 01:23:43.033 [EVENT] sock=2516 hEvent=000009A4 events=0x21
2026-10-03 01:23:44.032 [EVENT] sock=2516 hEvent=000009A4 events=0x0
2026-10-03 01:23:44.032 [EVENT] sock=2516 hEvent=000009A4 events=0x21
2026-10-03 01:23:45.038 [EVENT] sock=2516 hEvent=000009A4 events=0x0
2026-10-03 01:23:45.038 [EVENT] sock=2516 hEvent=000009A4 events=0x21
2026-10-03 01:23:45.290 [EVENT] sock=2516 hEvent=000009A4 events=0x0
2026-10-03 01:23:45.290 [EVENT] sock=2516 hEvent=000009A4 events=0x21
2026-10-03 01:23:46.249 [EVENT] sock=2516 hEvent=000009A4 events=0x0
2026-10-03 01:23:46.249 [EVENT] sock=2516 hEvent=000009A4 events=0x21
2026-10-03 01:23:48.405 [EVENT] sock=2516 hEvent=000009A4 events=0x0
2026-10-03 01:23:48.405 [EVENT] sock=2516 hEvent=000009A4 events=0x21
2026-10-03 01:23:55.358 [EVENT] sock=2516 hEvent=000009A4 events=0x0
2026-10-03 01:23:55.358 [EVENT] sock=2516 hEvent=000009A4 events=0x21
2026-10-03 01:23:59.962 [EVENT] sock=2656 hEvent=00000A0C events=0x0
2026-10-03 01:23:59.962 [EVENT] sock=2656 hEvent=00000A0C events=0x21
2026-10-03 01:24:03.051 [EVENT] sock=2516 hEvent=000009A4 events=0x0
2026-10-03 01:24:03.051 [EVENT] sock=2516 hEvent=000009A4 events=0x21
2026-10-03 01:24:03.184 [EVENT] sock=2516 hEvent=000009A4 events=0x0
2026-10-03 01:24:03.185 [EVENT] sock=2516 hEvent=000009A4 events=0x21
2026-10-03 01:24:05.428 [EVENT] sock=2516 hEvent=000009A4 events=0x0
2026-10-03 01:24:05.428 [EVENT] sock=2516 hEvent=000009A4 events=0x21
2026-10-03 01:24:07.833 [SETTLE] exp=1 gold=199366 len=393
2026-10-03 01:24:07.874 [EVENT] sock=2516 hEvent=000009A4 events=0x0
2026-10-03 01:24:07.874 [EVENT] sock=2516 hEvent=000009A4 events=0x21
2026-10-03 01:24:08.879 [EVENT] sock=2516 hEvent=000009A4 events=0x0
2026-10-03 01:24:08.880 [EVENT] sock=2516 hEvent=000009A4 events=0x21
2026-10-03 01:24:09.892 [EVENT] sock=2516 hEvent=000009A4 events=0x0
2026-10-03 01:24:09.892 [EVENT] sock=2516 hEvent=000009A4 events=0x21
2026-10-03 01:24:10.886 [EVENT] sock=2516 hEvent=000009A4 events=0x0
2026-10-03 01:24:10.886 [EVENT] sock=2516 hEvent=000009A4 events=0x21
2026-10-03 01:24:11.882 [EVENT] sock=2516 hEvent=000009A4 events=0x0
2026-10-03 01:24:11.882 [EVENT] sock=2516 hEvent=000009A4 events=0x21
2026-10-03 01:24:12.878 [EVENT] sock=2516 hEvent=000009A4 events=0x0
2026-10-03 01:24:12.879 [EVENT] sock=2516 hEvent=000009A4 events=0x21
2026-10-03 01:24:13.878 [EVENT] sock=2516 hEvent=000009A4 events=0x0
2026-10-03 01:24:13.879 [EVENT] sock=2516 hEvent=000009A4 events=0x21
2026-10-03 01:24:14.103 [EVENT] sock=2516 hEvent=000009A4 events=0x0
2026-10-03 01:24:14.103 [EVENT] sock=2516 hEvent=000009A4 events=0x21
2026-10-03 01:24:15.088 [EVENT] sock=2516 hEvent=000009A4 events=0x0
2026-10-03 01:24:15.089 [EVENT] sock=2516 hEvent=000009A4 events=0x21
2026-10-03 01:24:17.298 [EVENT] sock=2516 hEvent=000009A4 events=0x0
2026-10-03 01:24:17.298 [EVENT] sock=2516 hEvent=000009A4 events=0x21
2026-10-03 01:24:24.153 [EVENT] sock=2516 hEvent=000009A4 events=0x0
2026-10-03 01:24:24.153 [EVENT] sock=2516 hEvent=000009A4 events=0x21
2026-10-03 01:24:29.962 [EVENT] sock=2656 hEvent=00000A0C events=0x0
2026-10-03 01:24:29.962 [EVENT] sock=2656 hEvent=00000A0C events=0x21
2026-10-03 01:24:34.212 [EVENT] sock=2516 hEvent=000009A4 events=0x0
2026-10-03 01:24:34.212 [EVENT] sock=2516 hEvent=000009A4 events=0x21
2026-10-03 01:24:34.814 [SETTLE] exp=1 gold=199366 len=393
2026-10-03 01:24:34.849 [EVENT] sock=2516 hEvent=000009A4 events=0x0
2026-10-03 01:24:34.849 [EVENT] sock=2516 hEvent=000009A4 events=0x21
2026-10-03 01:24:35.852 [EVENT] sock=2516 hEvent=000009A4 events=0x0
2026-10-03 01:24:35.853 [EVENT] sock=2516 hEvent=000009A4 events=0x21
2026-10-03 01:24:36.859 [EVENT] sock=2516 hEvent=000009A4 events=0x0
2026-10-03 01:24:36.859 [EVENT] sock=2516 hEvent=000009A4 events=0x21
2026-10-03 01:24:37.859 [EVENT] sock=2516 hEvent=000009A4 events=0x0
2026-10-03 01:24:37.860 [EVENT] sock=2516 hEvent=000009A4 events=0x21
2026-10-03 01:24:38.861 [EVENT] sock=2516 hEvent=000009A4 events=0x0
2026-10-03 01:24:38.861 [EVENT] sock=2516 hEvent=000009A4 events=0x21
2026-10-03 01:24:39.861 [EVENT] sock=2516 hEvent=000009A4 events=0x0
2026-10-03 01:24:39.861 [EVENT] sock=2516 hEvent=000009A4 events=0x21
2026-10-03 01:24:40.095 [EVENT] sock=2516 hEvent=000009A4 events=0x0
2026-10-03 01:24:40.096 [EVENT] sock=2516 hEvent=000009A4 events=0x21
2026-10-03 01:24:41.071 [EVENT] sock=2516 hEvent=000009A4 events=0x0
2026-10-03 01:24:41.072 [EVENT] sock=2516 hEvent=000009A4 events=0x21
2026-10-03 01:24:43.282 [EVENT] sock=2516 hEvent=000009A4 events=0x0
2026-10-03 01:24:43.282 [EVENT] sock=2516 hEvent=000009A4 events=0x21
2026-10-03 01:24:50.209 [EVENT] sock=2516 hEvent=000009A4 events=0x0
2026-10-03 01:24:50.210 [EVENT] sock=2516 hEvent=000009A4 events=0x21
2026-10-03 01:24:59.962 [EVENT] sock=2656 hEvent=00000A0C events=0x0
2026-10-03 01:24:59.962 [EVENT] sock=2656 hEvent=00000A0C events=0x21
2026-10-03 01:25:00.260 [EVENT] sock=2516 hEvent=000009A4 events=0x0
2026-10-03 01:25:00.261 [EVENT] sock=2516 hEvent=000009A4 events=0x21
2026-10-03 01:25:01.238 [EVENT] sock=2516 hEvent=000009A4 events=0x0
2026-10-03 01:25:01.238 [EVENT] sock=2516 hEvent=000009A4 events=0x21
2026-10-03 01:25:01.472 [EVENT] sock=2516 hEvent=000009A4 events=0x0
2026-10-03 01:25:01.474 [EVENT] sock=2516 hEvent=000009A4 events=0x21
2026-10-03 01:25:05.988 [SETTLE] exp=2 gold=199366 len=393
2026-10-03 01:25:06.032 [EVENT] sock=2516 hEvent=000009A4 events=0x0
2026-10-03 01:25:06.033 [EVENT] sock=2516 hEvent=000009A4 events=0x21
2026-10-03 01:25:07.036 [EVENT] sock=2516 hEvent=000009A4 events=0x0
2026-10-03 01:25:07.036 [EVENT] sock=2516 hEvent=000009A4 events=0x21
2026-10-03 01:25:08.027 [EVENT] sock=2516 hEvent=000009A4 events=0x0
2026-10-03 01:25:08.027 [EVENT] sock=2516 hEvent=000009A4 events=0x21
2026-10-03 01:25:08.043 [EVENT] sock=2516 hEvent=000009A4 events=0x0
2026-10-03 01:25:08.044 [EVENT] sock=2516 hEvent=000009A4 events=0x21
2026-10-03 01:25:09.041 [EVENT] sock=2516 hEvent=000009A4 events=0x0
2026-10-03 01:25:09.041 [EVENT] sock=2516 hEvent=000009A4 events=0x21
2026-10-03 01:25:10.038 [EVENT] sock=2516 hEvent=000009A4 events=0x0
2026-10-03 01:25:10.038 [EVENT] sock=2516 hEvent=000009A4 events=0x21
2026-10-03 01:25:10.260 [EVENT] sock=2516 hEvent=000009A4 events=0x0
2026-10-03 01:25:10.261 [EVENT] sock=2516 hEvent=000009A4 events=0x21
2026-10-03 01:25:11.232 [EVENT] sock=2516 hEvent=000009A4 events=0x0
2026-10-03 01:25:11.232 [EVENT] sock=2516 hEvent=000009A4 events=0x21
2026-10-03 01:25:13.457 [EVENT] sock=2516 hEvent=000009A4 events=0x0
2026-10-03 01:25:13.457 [EVENT] sock=2516 hEvent=000009A4 events=0x21
2026-10-03 01:25:20.333 [EVENT] sock=2516 hEvent=000009A4 events=0x0
2026-10-03 01:25:20.333 [EVENT] sock=2516 hEvent=000009A4 events=0x21
2026-10-03 01:25:29.157 [EVENT] sock=2516 hEvent=000009A4 events=0x0
2026-10-03 01:25:29.157 [EVENT] sock=2516 hEvent=000009A4 events=0x21
2026-10-03 01:25:29.963 [EVENT] sock=2656 hEvent=00000A0C events=0x0
2026-10-03 01:25:29.964 [EVENT] sock=2656 hEvent=00000A0C events=0x21
2026-10-03 01:25:30.381 [EVENT] sock=2516 hEvent=000009A4 events=0x0
2026-10-03 01:25:30.383 [EVENT] sock=2516 hEvent=000009A4 events=0x21
2026-10-03 01:25:31.979 [SETTLE] exp=1 gold=199366 len=393
2026-10-03 01:25:32.021 [EVENT] sock=2516 hEvent=000009A4 events=0x0
2026-10-03 01:25:32.021 [EVENT] sock=2516 hEvent=000009A4 events=0x21
2026-10-03 01:25:33.025 [EVENT] sock=2516 hEvent=000009A4 events=0x0
2026-10-03 01:25:33.025 [EVENT] sock=2516 hEvent=000009A4 events=0x21
2026-10-03 01:25:34.032 [EVENT] sock=2516 hEvent=000009A4 events=0x0
2026-10-03 01:25:34.032 [EVENT] sock=2516 hEvent=000009A4 events=0x21
2026-10-03 01:25:35.027 [EVENT] sock=2516 hEvent=000009A4 events=0x0
2026-10-03 01:25:35.028 [EVENT] sock=2516 hEvent=000009A4 events=0x21
2026-10-03 01:25:36.025 [EVENT] sock=2516 hEvent=000009A4 events=0x0
2026-10-03 01:25:36.025 [EVENT] sock=2516 hEvent=000009A4 events=0x21
2026-10-03 01:25:37.029 [EVENT] sock=2516 hEvent=000009A4 events=0x0
2026-10-03 01:25:37.029 [EVENT] sock=2516 hEvent=000009A4 events=0x21
2026-10-03 01:25:38.026 [EVENT] sock=2516 hEvent=000009A4 events=0x0
2026-10-03 01:25:38.026 [EVENT] sock=2516 hEvent=000009A4 events=0x21
2026-10-03 01:25:38.482 [EVENT] sock=2516 hEvent=000009A4 events=0x0
2026-10-03 01:25:38.482 [EVENT] sock=2516 hEvent=000009A4 events=0x21
2026-10-03 01:25:39.441 [EVENT] sock=2516 hEvent=000009A4 events=0x0
2026-10-03 01:25:39.443 [EVENT] sock=2516 hEvent=000009A4 events=0x21
2026-10-03 01:25:41.766 [EVENT] sock=2516 hEvent=000009A4 events=0x0
2026-10-03 01:25:41.766 [EVENT] sock=2516 hEvent=000009A4 events=0x21
2026-10-03 01:25:46.169 [EVENT] sock=2656 hEvent=00000A0C events=0x0
2026-10-03 01:25:46.169 [EVENT] sock=2656 hEvent=00000A0C events=0x21
2026-10-03 01:25:48.608 [EVENT] sock=2516 hEvent=000009A4 events=0x0
2026-10-03 01:25:48.608 [EVENT] sock=2516 hEvent=000009A4 events=0x21
2026-10-03 01:25:53.826 [SETTLE] exp=2 gold=199366 len=393
2026-10-03 01:25:53.866 [EVENT] sock=2516 hEvent=000009A4 events=0x0
2026-10-03 01:25:53.866 [EVENT] sock=2516 hEvent=000009A4 events=0x21
2026-10-03 01:25:54.871 [EVENT] sock=2516 hEvent=000009A4 events=0x0
2026-10-03 01:25:54.871 [EVENT] sock=2516 hEvent=000009A4 events=0x21
2026-10-03 01:25:55.877 [EVENT] sock=2516 hEvent=000009A4 events=0x0
2026-10-03 01:25:55.877 [EVENT] sock=2516 hEvent=000009A4 events=0x21
2026-10-03 01:25:56.869 [EVENT] sock=2516 hEvent=000009A4 events=0x0
2026-10-03 01:25:56.869 [EVENT] sock=2516 hEvent=000009A4 events=0x21
2026-10-03 01:25:57.874 [EVENT] sock=2516 hEvent=000009A4 events=0x0
2026-10-03 01:25:57.874 [EVENT] sock=2516 hEvent=000009A4 events=0x21
2026-10-03 01:25:58.873 [EVENT] sock=2516 hEvent=000009A4 events=0x0
2026-10-03 01:25:58.873 [EVENT] sock=2516 hEvent=000009A4 events=0x21
2026-10-03 01:25:59.107 [EVENT] sock=2516 hEvent=000009A4 events=0x0
2026-10-03 01:25:59.107 [EVENT] sock=2516 hEvent=000009A4 events=0x21
2026-10-03 01:25:59.964 [EVENT] sock=2656 hEvent=00000A0C events=0x0
2026-10-03 01:25:59.964 [EVENT] sock=2656 hEvent=00000A0C events=0x21
2026-10-03 01:26:00.090 [EVENT] sock=2516 hEvent=000009A4 events=0x0
2026-10-03 01:26:00.090 [EVENT] sock=2516 hEvent=000009A4 events=0x21
2026-10-03 01:26:02.324 [EVENT] sock=2516 hEvent=000009A4 events=0x0
2026-10-03 01:26:02.324 [EVENT] sock=2516 hEvent=000009A4 events=0x21
2026-10-03 01:26:09.187 [EVENT] sock=2516 hEvent=000009A4 events=0x0
2026-10-03 01:26:09.187 [EVENT] sock=2516 hEvent=000009A4 events=0x21
2026-10-03 01:26:19.238 [EVENT] sock=2516 hEvent=000009A4 events=0x0
2026-10-03 01:26:19.238 [EVENT] sock=2516 hEvent=000009A4 events=0x21
2026-10-03 01:26:20.622 [EVENT] sock=2516 hEvent=000009A4 events=0x0
2026-10-03 01:26:20.623 [EVENT] sock=2516 hEvent=000009A4 events=0x21
2026-10-03 01:26:24.072 [SETTLE] exp=2 gold=199366 len=403
2026-10-03 01:26:24.107 [EVENT] sock=2516 hEvent=000009A4 events=0x0
2026-10-03 01:26:24.107 [EVENT] sock=2516 hEvent=000009A4 events=0x21
2026-10-03 01:26:25.111 [EVENT] sock=2516 hEvent=000009A4 events=0x0
2026-10-03 01:26:25.112 [EVENT] sock=2516 hEvent=000009A4 events=0x21
2026-10-03 01:26:26.124 [EVENT] sock=2516 hEvent=000009A4 events=0x0
2026-10-03 01:26:26.124 [EVENT] sock=2516 hEvent=000009A4 events=0x21
2026-10-03 01:26:27.122 [EVENT] sock=2516 hEvent=000009A4 events=0x0
2026-10-03 01:26:27.123 [EVENT] sock=2516 hEvent=000009A4 events=0x21
2026-10-03 01:26:28.122 [EVENT] sock=2516 hEvent=000009A4 events=0x0
2026-10-03 01:26:28.122 [EVENT] sock=2516 hEvent=000009A4 events=0x21
2026-10-03 01:26:29.122 [EVENT] sock=2516 hEvent=000009A4 events=0x0
2026-10-03 01:26:29.124 [EVENT] sock=2516 hEvent=000009A4 events=0x21
2026-10-03 01:26:29.384 [EVENT] sock=2516 hEvent=000009A4 events=0x0
2026-10-03 01:26:29.384 [EVENT] sock=2516 hEvent=000009A4 events=0x21
2026-10-03 01:26:29.964 [EVENT] sock=2656 hEvent=00000A0C events=0x0
2026-10-03 01:26:29.964 [EVENT] sock=2656 hEvent=00000A0C events=0x21
2026-10-03 01:26:30.342 [EVENT] sock=2516 hEvent=000009A4 events=0x0
2026-10-03 01:26:30.343 [EVENT] sock=2516 hEvent=000009A4 events=0x21
2026-10-03 01:26:32.598 [EVENT] sock=2516 hEvent=000009A4 events=0x0
2026-10-03 01:26:32.598 [EVENT] sock=2516 hEvent=000009A4 events=0x21
2026-10-03 01:26:39.441 [EVENT] sock=2516 hEvent=000009A4 events=0x0
2026-10-03 01:26:39.441 [EVENT] sock=2516 hEvent=000009A4 events=0x21
2026-10-03 01:26:45.872 [EVENT] sock=2516 hEvent=000009A4 events=0x0
2026-10-03 01:26:45.872 [EVENT] sock=2516 hEvent=000009A4 events=0x21
2026-10-03 01:26:49.289 [QUESTION] {"type":"question","sock":2516,"qno":11,"field_a":81,"stem":"蚊子发出的“嗡嗡”的声音是由于？","options":["1、翅膀振动","2、有鼻音","3、在唱歌","4、放的屁"]}
2026-10-03 01:26:49.289 [UPGRADE] sock 2516 upgraded to filtered mode at clean frame boundary
2026-10-03 01:26:49.491 [EVENT] sock=2516 hEvent=000009A4 events=0x0
2026-10-03 01:26:49.491 [OUT] 1F51 inv=FFFF len=4 #1 ffff511f
2026-10-03 01:26:49.491 [EVENT] sock=2516 hEvent=000009A4 events=0x21
2026-10-03 01:26:49.532 [MODE] sock=2516 filtered (len=4 flags=0)
2026-10-03 01:26:50.291 [UI] auto dump on question qno=11
2026-10-03 01:26:50.291 [UI] ---- window dump begin (pid 24056) ----
2026-10-03 01:26:50.311 [UI] TOP=00AB008A vis=1 cls=ATL:0062F210 rc=(-9,22,1031,829) title=什么什么大冒险2(①逍遥村敬老院)-伏地魔1_Sep 24 2026《什么什么大冒险》制作委员会QQ群:515616289
2026-10-03 01:26:50.311 [UI] TOP=001D090C vis=0 cls=DIEmWin rc=(-1,-1,135,38) title=DIEmWin
2026-10-03 01:26:50.329 [UI] TOP=00120C30 vis=0 cls=MSCTFIME UI rc=(0,0,0,0) title=MSCTFIME UI
2026-10-03 01:26:50.346 [UI] TOP=00160130 vis=0 cls=IME rc=(0,0,0,0) title=Default IME
2026-10-03 01:26:50.347 [UI] TOP=001D0A96 vis=0 cls=IME rc=(0,0,0,0) title=Default IME
2026-10-03 01:26:50.347 [UI] ---- window dump end ----
2026-10-03 01:26:51.426 [SEND-ANSWER] qno=11 opt=0 ret=13 sock=2516
2026-10-03 01:26:51.473 [SYS] 测试通过！
2026-10-03 01:26:51.573 [SYS] 获得了#00FF00#100#FFF692#金币
2026-10-03 01:26:51.573 [CURRENCY] a=199366 b=1051202
2026-10-03 01:26:51.675 [EVENT] sock=2656 hEvent=00000A0C events=0x0
2026-10-03 01:26:51.676 [EVENT] sock=2656 hEvent=00000A0C events=0x21
2026-10-03 01:26:52.047 [SETTLE] exp=2 gold=199366 len=393
2026-10-03 01:26:52.088 [EVENT] sock=2516 hEvent=000009A4 events=0x0
2026-10-03 01:26:52.088 [OUT] 0022 inv=FFD4 len=47 #1 d4ff2200ce7233272658a86bc4e514523327df58d0fef60f7ccaaac48b58e3059ff853addf95cbc0fd6fc43393f4ce
2026-10-03 01:26:52.088 [EVENT] sock=2516 hEvent=000009A4 events=0x21
2026-10-03 01:26:53.100 [EVENT] sock=2516 hEvent=000009A4 events=0x0
2026-10-03 01:26:53.100 [OUT] 0022 inv=FFD4 len=47 #2 d4ff2200ce723327530eef6bc41c4e9f21412831ec6ffac0b62fca95dfb9fa0739b753ca8027cbc0fd6fc4d7531caa
2026-10-03 01:26:53.100 [EVENT] sock=2516 hEvent=000009A4 events=0x21
2026-10-03 01:26:54.070 [EVENT] sock=2516 hEvent=000009A4 events=0x0
2026-10-03 01:26:54.071 [OUT] 004E inv=FFFA len=9 #1 faff4e00e9580bdce8
2026-10-03 01:26:54.071 [EVENT] sock=2516 hEvent=000009A4 events=0x21
2026-10-03 01:26:54.071 [EVENT] sock=2516 hEvent=000009A4 events=0x0
2026-10-03 01:26:54.071 [OUT] 004E inv=FFFA len=9 #2 faff4e00e9580bdcf4
2026-10-03 01:26:54.072 [EVENT] sock=2516 hEvent=000009A4 events=0x21
2026-10-03 01:26:54.103 [EVENT] sock=2516 hEvent=000009A4 events=0x0
2026-10-03 01:26:54.103 [OUT] 0022 inv=FFD4 len=47 #3 d4ff2200ce7233275358f098c4f62f523327df58f137f60f7ccaaa63df43ec0739b753ca63948e58d4c19ff8538750
2026-10-03 01:26:54.103 [EVENT] sock=2516 hEvent=000009A4 events=0x21
2026-10-03 01:26:55.103 [EVENT] sock=2516 hEvent=000009A4 events=0x0
2026-10-03 01:26:55.103 [OUT] 0022 inv=FFD0 len=51 #4 d0ff2200c4ef39b724cab8d6dfae787439b753cae1e77ec0fd6fc4245cb93327df0e00522fdb98590494cbc0fd6fc41dde6fc7
2026-10-03 01:26:55.103 [EVENT] sock=2516 hEvent=000009A4 events=0x21
2026-10-03 01:26:55.301 [EVENT] sock=2516 hEvent=000009A4 events=0x0
2026-10-03 01:26:55.303 [OUT] 1F51 inv=FFFF len=4 #2 ffff511f
2026-10-03 01:26:55.303 [EVENT] sock=2516 hEvent=000009A4 events=0x21
2026-10-03 01:26:56.303 [EVENT] sock=2516 hEvent=000009A4 events=0x0
2026-10-03 01:26:56.303 [OUT] 1001 inv=FFF9 len=10 #1 f9ff01101f805b64510b
2026-10-03 01:26:56.305 [EVENT] sock=2516 hEvent=000009A4 events=0x21
2026-10-03 01:26:58.459 [EVENT] sock=2516 hEvent=000009A4 events=0x0
2026-10-03 01:26:58.459 [OUT] 1005 inv=FFEF len=20 #1 efff0510a498e62bd6c75c640b0b0022a32b1f80
2026-10-03 01:26:58.460 [EVENT] sock=2516 hEvent=000009A4 events=0x21
2026-10-03 01:27:01.808 [EVENT] sock=2516 hEvent=000009A4 events=0x0
2026-10-03 01:27:01.808 [OUT] 1F04 inv=FFF6 len=13 #1 f6ff041fce1f805b61510bdce8
2026-10-03 01:27:01.808 [EVENT] sock=2516 hEvent=000009A4 events=0x21
2026-10-03 01:27:05.398 [EVENT] sock=2516 hEvent=000009A4 events=0x0
2026-10-03 01:27:05.398 [OUT] 1F51 inv=FFFF len=4 #3 ffff511f
2026-10-03 01:27:05.398 [EVENT] sock=2516 hEvent=000009A4 events=0x21
2026-10-03 01:27:15.454 [EVENT] sock=2516 hEvent=000009A4 events=0x0
2026-10-03 01:27:15.455 [OUT] 1F51 inv=FFFF len=4 #4 ffff511f
2026-10-03 01:27:15.455 [EVENT] sock=2516 hEvent=000009A4 events=0x21
2026-10-03 01:27:16.599 [SETTLE] exp=1 gold=199366 len=393
2026-10-03 01:27:16.634 [EVENT] sock=2516 hEvent=000009A4 events=0x0
2026-10-03 01:27:16.634 [OUT] 0022 inv=FFD2 len=49 #5 d2ff2200ae8b04847995fdd1eca285600484aa9515758dc19ff8536faa84df557cc6c4f8a3594794cbc0fd6fc40293f6c7
2026-10-03 01:27:16.634 [EVENT] sock=2516 hEvent=000009A4 events=0x21
2026-10-03 01:27:17.646 [EVENT] sock=2516 hEvent=000009A4 events=0x0
2026-10-03 01:27:17.647 [EVENT] sock=2516 hEvent=000009A4 events=0x21
2026-10-03 01:27:18.644 [EVENT] sock=2516 hEvent=000009A4 events=0x0
2026-10-03 01:27:18.645 [EVENT] sock=2516 hEvent=000009A4 events=0x21
2026-10-03 01:27:19.648 [EVENT] sock=2516 hEvent=000009A4 events=0x0
2026-10-03 01:27:19.648 [EVENT] sock=2516 hEvent=000009A4 events=0x21
2026-10-03 01:27:20.646 [EVENT] sock=2516 hEvent=000009A4 events=0x0
2026-10-03 01:27:20.647 [EVENT] sock=2516 hEvent=000009A4 events=0x21
2026-10-03 01:27:21.637 [EVENT] sock=2516 hEvent=000009A4 events=0x0
2026-10-03 01:27:21.637 [EVENT] sock=2516 hEvent=000009A4 events=0x21
2026-10-03 01:27:22.639 [EVENT] sock=2516 hEvent=000009A4 events=0x0
2026-10-03 01:27:22.639 [EVENT] sock=2516 hEvent=000009A4 events=0x21
2026-10-03 01:27:23.635 [EVENT] sock=2516 hEvent=000009A4 events=0x0
2026-10-03 01:27:23.637 [EVENT] sock=2516 hEvent=000009A4 events=0x21
2026-10-03 01:27:24.635 [EVENT] sock=2516 hEvent=000009A4 events=0x0
2026-10-03 01:27:24.637 [EVENT] sock=2516 hEvent=000009A4 events=0x21
2026-10-03 01:27:24.859 [EVENT] sock=2516 hEvent=000009A4 events=0x0
2026-10-03 01:27:24.860 [OUT] 1F51 inv=FFFF len=4 #5 ffff511f
2026-10-03 01:27:24.860 [EVENT] sock=2516 hEvent=000009A4 events=0x21
2026-10-03 01:27:25.849 [EVENT] sock=2516 hEvent=000009A4 events=0x0
2026-10-03 01:27:25.850 [OUT] 1001 inv=FFF9 len=10 #2 f9ff01101f805b64510b
2026-10-03 01:27:25.850 [EVENT] sock=2516 hEvent=000009A4 events=0x21
2026-10-03 01:27:28.063 [EVENT] sock=2516 hEvent=000009A4 events=0x0
2026-10-03 01:27:28.063 [OUT] 1005 inv=FFEF len=20 #2 efff0510a498e62bd6c75c640b0b0022a32b1f80
2026-10-03 01:27:28.063 [EVENT] sock=2516 hEvent=000009A4 events=0x21
2026-10-03 01:27:29.966 [EVENT] sock=2656 hEvent=00000A0C events=0x0
2026-10-03 01:27:29.966 [EVENT] sock=2656 hEvent=00000A0C events=0x21
2026-10-03 01:27:34.920 [EVENT] sock=2516 hEvent=000009A4 events=0x0
2026-10-03 01:27:34.920 [EVENT] sock=2516 hEvent=000009A4 events=0x21
2026-10-03 01:27:44.976 [EVENT] sock=2516 hEvent=000009A4 events=0x0
2026-10-03 01:27:44.978 [EVENT] sock=2516 hEvent=000009A4 events=0x21
2026-10-03 01:27:48.068 [SETTLE] exp=2 gold=199366 len=393
2026-10-03 01:27:48.107 [EVENT] sock=2516 hEvent=000009A4 events=0x0
2026-10-03 01:27:48.107 [EVENT] sock=2516 hEvent=000009A4 events=0x21
2026-10-03 01:27:49.114 [EVENT] sock=2516 hEvent=000009A4 events=0x0
2026-10-03 01:27:49.114 [EVENT] sock=2516 hEvent=000009A4 events=0x21
2026-10-03 01:27:50.113 [EVENT] sock=2516 hEvent=000009A4 events=0x0
2026-10-03 01:27:50.114 [EVENT] sock=2516 hEvent=000009A4 events=0x21
2026-10-03 01:27:51.113 [EVENT] sock=2516 hEvent=000009A4 events=0x0
2026-10-03 01:27:51.113 [EVENT] sock=2516 hEvent=000009A4 events=0x21
2026-10-03 01:27:52.118 [EVENT] sock=2516 hEvent=000009A4 events=0x0
2026-10-03 01:27:52.119 [EVENT] sock=2516 hEvent=000009A4 events=0x21
2026-10-03 01:27:53.118 [EVENT] sock=2516 hEvent=000009A4 events=0x0
2026-10-03 01:27:53.118 [EVENT] sock=2516 hEvent=000009A4 events=0x21
2026-10-03 01:27:54.118 [EVENT] sock=2516 hEvent=000009A4 events=0x0
2026-10-03 01:27:54.118 [EVENT] sock=2516 hEvent=000009A4 events=0x21
2026-10-03 01:27:55.117 [EVENT] sock=2516 hEvent=000009A4 events=0x0
2026-10-03 01:27:55.117 [EVENT] sock=2516 hEvent=000009A4 events=0x21
2026-10-03 01:27:55.376 [EVENT] sock=2516 hEvent=000009A4 events=0x0
2026-10-03 01:27:55.376 [EVENT] sock=2516 hEvent=000009A4 events=0x21
2026-10-03 01:27:56.333 [EVENT] sock=2516 hEvent=000009A4 events=0x0
2026-10-03 01:27:56.333 [OUT] 1001 inv=FFF9 len=10 #3 f9ff01101f805b64510b
2026-10-03 01:27:56.333 [EVENT] sock=2516 hEvent=000009A4 events=0x21
2026-10-03 01:27:58.667 [EVENT] sock=2516 hEvent=000009A4 events=0x0
2026-10-03 01:27:58.667 [OUT] 1005 inv=FFEF len=20 #3 efff0510a498e62bd6c75c640b0b0022a32b1f80
2026-10-03 01:27:58.667 [EVENT] sock=2516 hEvent=000009A4 events=0x21
2026-10-03 01:27:59.968 [EVENT] sock=2656 hEvent=00000A0C events=0x0
2026-10-03 01:27:59.970 [EVENT] sock=2656 hEvent=00000A0C events=0x21
2026-10-03 01:28:05.443 [EVENT] sock=2516 hEvent=000009A4 events=0x0
2026-10-03 01:28:05.443 [EVENT] sock=2516 hEvent=000009A4 events=0x21
2026-10-03 01:28:09.341 [SETTLE] exp=1 gold=199366 len=393
2026-10-03 01:28:09.392 [EVENT] sock=2516 hEvent=000009A4 events=0x0
2026-10-03 01:28:09.393 [EVENT] sock=2516 hEvent=000009A4 events=0x21
2026-10-03 01:28:10.395 [EVENT] sock=2516 hEvent=000009A4 events=0x0
2026-10-03 01:28:10.395 [EVENT] sock=2516 hEvent=000009A4 events=0x21
2026-10-03 01:28:11.396 [EVENT] sock=2516 hEvent=000009A4 events=0x0
2026-10-03 01:28:11.396 [EVENT] sock=2516 hEvent=000009A4 events=0x21
2026-10-03 01:28:12.395 [EVENT] sock=2516 hEvent=000009A4 events=0x0
2026-10-03 01:28:12.396 [EVENT] sock=2516 hEvent=000009A4 events=0x21
2026-10-03 01:28:13.403 [EVENT] sock=2516 hEvent=000009A4 events=0x0
2026-10-03 01:28:13.403 [EVENT] sock=2516 hEvent=000009A4 events=0x21
2026-10-03 01:28:14.395 [EVENT] sock=2516 hEvent=000009A4 events=0x0
2026-10-03 01:28:14.395 [EVENT] sock=2516 hEvent=000009A4 events=0x21
2026-10-03 01:28:14.673 [EVENT] sock=2516 hEvent=000009A4 events=0x0
2026-10-03 01:28:14.673 [EVENT] sock=2516 hEvent=000009A4 events=0x21
2026-10-03 01:28:15.651 [EVENT] sock=2516 hEvent=000009A4 events=0x0
2026-10-03 01:28:15.651 [OUT] 1001 inv=FFF9 len=10 #4 f9ff01101f805b64510b
2026-10-03 01:28:15.651 [EVENT] sock=2516 hEvent=000009A4 events=0x21
2026-10-03 01:28:17.814 [EVENT] sock=2516 hEvent=000009A4 events=0x0
2026-10-03 01:28:17.814 [OUT] 1005 inv=FFEF len=20 #4 efff0510a498e62bd6c75c640b0b0022a32b1f80
2026-10-03 01:28:17.814 [EVENT] sock=2516 hEvent=000009A4 events=0x21
2026-10-03 01:28:24.732 [EVENT] sock=2516 hEvent=000009A4 events=0x0
2026-10-03 01:28:24.733 [EVENT] sock=2516 hEvent=000009A4 events=0x21
2026-10-03 01:28:29.970 [EVENT] sock=2656 hEvent=00000A0C events=0x0
2026-10-03 01:28:29.970 [EVENT] sock=2656 hEvent=00000A0C events=0x21
2026-10-03 01:28:34.792 [EVENT] sock=2516 hEvent=000009A4 events=0x0
2026-10-03 01:28:34.792 [EVENT] sock=2516 hEvent=000009A4 events=0x21
2026-10-03 01:28:35.542 [EVENT] sock=2516 hEvent=000009A4 events=0x0
2026-10-03 01:28:35.543 [OUT] 1004 inv=FFF3 len=16 #1 f3ff0410e2f3832b59cec3642d0b59ae
2026-10-03 01:28:35.544 [EVENT] sock=2516 hEvent=000009A4 events=0x21
2026-10-03 01:28:38.215 [EVENT] sock=2516 hEvent=000009A4 events=0x0
2026-10-03 01:28:38.215 [OUT] 1004 inv=FFF3 len=16 #2 f3ff0410e2f3832b59cec3642d0b59ae
2026-10-03 01:28:38.216 [EVENT] sock=2516 hEvent=000009A4 events=0x21
2026-10-03 01:28:42.830 [SETTLE] exp=1 gold=199366 len=393
2026-10-03 01:28:42.868 [EVENT] sock=2516 hEvent=000009A4 events=0x0
2026-10-03 01:28:42.868 [EVENT] sock=2516 hEvent=000009A4 events=0x21
2026-10-03 01:28:43.873 [EVENT] sock=2516 hEvent=000009A4 events=0x0
2026-10-03 01:28:43.873 [EVENT] sock=2516 hEvent=000009A4 events=0x21
2026-10-03 01:28:44.873 [EVENT] sock=2516 hEvent=000009A4 events=0x0
2026-10-03 01:28:44.873 [EVENT] sock=2516 hEvent=000009A4 events=0x21
2026-10-03 01:28:45.877 [EVENT] sock=2516 hEvent=000009A4 events=0x0
2026-10-03 01:28:45.877 [EVENT] sock=2516 hEvent=000009A4 events=0x21
2026-10-03 01:28:46.876 [EVENT] sock=2516 hEvent=000009A4 events=0x0
2026-10-03 01:28:46.877 [EVENT] sock=2516 hEvent=000009A4 events=0x21
2026-10-03 01:28:47.126 [EVENT] sock=2516 hEvent=000009A4 events=0x0
2026-10-03 01:28:47.126 [EVENT] sock=2516 hEvent=000009A4 events=0x21
2026-10-03 01:28:48.100 [EVENT] sock=2516 hEvent=000009A4 events=0x0
2026-10-03 01:28:48.100 [OUT] 1001 inv=FFF9 len=10 #5 f9ff01101f805b64510b
2026-10-03 01:28:48.100 [EVENT] sock=2516 hEvent=000009A4 events=0x21
2026-10-03 01:28:50.320 [EVENT] sock=2516 hEvent=000009A4 events=0x0
2026-10-03 01:28:50.320 [OUT] 1005 inv=FFEF len=20 #5 efff0510a498e62bd6c75c640b0b0022a32b1f80
2026-10-03 01:28:50.320 [EVENT] sock=2516 hEvent=000009A4 events=0x21
2026-10-03 01:28:57.184 [EVENT] sock=2516 hEvent=000009A4 events=0x0
2026-10-03 01:28:57.184 [EVENT] sock=2516 hEvent=000009A4 events=0x21
2026-10-03 01:28:59.971 [EVENT] sock=2656 hEvent=00000A0C events=0x0
2026-10-03 01:28:59.971 [EVENT] sock=2656 hEvent=00000A0C events=0x21
2026-10-03 01:29:03.966 [SETTLE] exp=2 gold=199366 len=393
2026-10-03 01:29:04.003 [EVENT] sock=2516 hEvent=000009A4 events=0x0
2026-10-03 01:29:04.003 [EVENT] sock=2516 hEvent=000009A4 events=0x21
2026-10-03 01:29:05.012 [EVENT] sock=2516 hEvent=000009A4 events=0x0
2026-10-03 01:29:05.012 [EVENT] sock=2516 hEvent=000009A4 events=0x21
2026-10-03 01:29:05.991 [EVENT] sock=2516 hEvent=000009A4 events=0x0
2026-10-03 01:29:05.992 [OUT] 004E inv=FFFA len=9 #3 faff4e00e9580bdce8
2026-10-03 01:29:05.992 [EVENT] sock=2516 hEvent=000009A4 events=0x21
2026-10-03 01:29:06.010 [EVENT] sock=2516 hEvent=000009A4 events=0x0
2026-10-03 01:29:06.010 [EVENT] sock=2516 hEvent=000009A4 events=0x21
2026-10-03 01:29:07.013 [EVENT] sock=2516 hEvent=000009A4 events=0x0
2026-10-03 01:29:07.013 [EVENT] sock=2516 hEvent=000009A4 events=0x21
2026-10-03 01:29:08.016 [EVENT] sock=2516 hEvent=000009A4 events=0x0
2026-10-03 01:29:08.017 [EVENT] sock=2516 hEvent=000009A4 events=0x21
2026-10-03 01:29:09.015 [EVENT] sock=2516 hEvent=000009A4 events=0x0
2026-10-03 01:29:09.015 [EVENT] sock=2516 hEvent=000009A4 events=0x21
2026-10-03 01:29:10.017 [EVENT] sock=2516 hEvent=000009A4 events=0x0
2026-10-03 01:29:10.017 [EVENT] sock=2516 hEvent=000009A4 events=0x21
2026-10-03 01:29:11.016 [EVENT] sock=2516 hEvent=000009A4 events=0x0
2026-10-03 01:29:11.016 [EVENT] sock=2516 hEvent=000009A4 events=0x21
2026-10-03 01:29:12.015 [EVENT] sock=2516 hEvent=000009A4 events=0x0
2026-10-03 01:29:12.015 [EVENT] sock=2516 hEvent=000009A4 events=0x21
2026-10-03 01:29:12.279 [EVENT] sock=2516 hEvent=000009A4 events=0x0
2026-10-03 01:29:12.279 [EVENT] sock=2516 hEvent=000009A4 events=0x21
2026-10-03 01:29:13.204 [EVENT] sock=2516 hEvent=000009A4 events=0x0
2026-10-03 01:29:13.205 [EVENT] sock=2516 hEvent=000009A4 events=0x21
2026-10-03 01:29:15.391 [EVENT] sock=2516 hEvent=000009A4 events=0x0
2026-10-03 01:29:15.391 [EVENT] sock=2516 hEvent=000009A4 events=0x21
2026-10-03 01:29:22.327 [EVENT] sock=2516 hEvent=000009A4 events=0x0
2026-10-03 01:29:22.327 [EVENT] sock=2516 hEvent=000009A4 events=0x21
2026-10-03 01:29:28.635 [EVENT] sock=2516 hEvent=000009A4 events=0x0
2026-10-03 01:29:28.635 [OUT] 1004 inv=FFF3 len=16 #3 f3ff0410e2f3832b5980c3642d0b59ae
2026-10-03 01:29:28.635 [EVENT] sock=2516 hEvent=000009A4 events=0x21
2026-10-03 01:29:29.971 [EVENT] sock=2656 hEvent=00000A0C events=0x0
2026-10-03 01:29:29.971 [EVENT] sock=2656 hEvent=00000A0C events=0x21
2026-10-03 01:29:32.387 [EVENT] sock=2516 hEvent=000009A4 events=0x0
2026-10-03 01:29:32.389 [EVENT] sock=2516 hEvent=000009A4 events=0x21
2026-10-03 01:29:33.489 [SETTLE] exp=2 gold=199366 len=403
2026-10-03 01:29:33.531 [EVENT] sock=2516 hEvent=000009A4 events=0x0
2026-10-03 01:29:33.531 [EVENT] sock=2516 hEvent=000009A4 events=0x21
2026-10-03 01:29:34.536 [EVENT] sock=2516 hEvent=000009A4 events=0x0
2026-10-03 01:29:34.537 [EVENT] sock=2516 hEvent=000009A4 events=0x21
2026-10-03 01:29:35.540 [EVENT] sock=2516 hEvent=000009A4 events=0x0
2026-10-03 01:29:35.540 [EVENT] sock=2516 hEvent=000009A4 events=0x21
2026-10-03 01:29:36.543 [EVENT] sock=2516 hEvent=000009A4 events=0x0
2026-10-03 01:29:36.543 [EVENT] sock=2516 hEvent=000009A4 events=0x21
2026-10-03 01:29:37.536 [EVENT] sock=2516 hEvent=000009A4 events=0x0
2026-10-03 01:29:37.536 [EVENT] sock=2516 hEvent=000009A4 events=0x21
2026-10-03 01:29:38.531 [EVENT] sock=2516 hEvent=000009A4 events=0x0
2026-10-03 01:29:38.531 [EVENT] sock=2516 hEvent=000009A4 events=0x21
2026-10-03 01:29:39.533 [EVENT] sock=2516 hEvent=000009A4 events=0x0
2026-10-03 01:29:39.533 [EVENT] sock=2516 hEvent=000009A4 events=0x21
2026-10-03 01:29:39.792 [EVENT] sock=2516 hEvent=000009A4 events=0x0
2026-10-03 01:29:39.793 [EVENT] sock=2516 hEvent=000009A4 events=0x21
2026-10-03 01:29:40.753 [EVENT] sock=2516 hEvent=000009A4 events=0x0
2026-10-03 01:29:40.754 [EVENT] sock=2516 hEvent=000009A4 events=0x21
2026-10-03 01:29:43.087 [EVENT] sock=2516 hEvent=000009A4 events=0x0
2026-10-03 01:29:43.088 [EVENT] sock=2516 hEvent=000009A4 events=0x21
2026-10-03 01:29:49.862 [EVENT] sock=2516 hEvent=000009A4 events=0x0
2026-10-03 01:29:49.862 [EVENT] sock=2516 hEvent=000009A4 events=0x21
2026-10-03 01:29:53.896 [OP] 46E0 inv=FDF7 len=520 #3 63cdfc0b6ffaa32bb907c464580bdcfa534d1f80b038c61552faa32bd62f8823437a66c0b13fc47966b22b0bdcfae02b1f802a64510bdcfadb2b56ce4bacaf0b815b7d358b77b908510bdcfafd730dcec464b27584b6b42bdf3f897fbd8dbac43d46a4802764510bdc08a32ba8e22bcd490bdcfaa953294f0b472b0b6e10e02b69e59bf1ddcf8efaa32b1f808a8c8ad08b006b2b183f897f1d4ad49995a86d80
2026-10-03 01:29:53.987 [SETTLE] exp=1 gold=199366 len=393
2026-10-03 01:29:54.034 [EVENT] sock=2516 hEvent=000009A4 events=0x0
2026-10-03 01:29:54.034 [EVENT] sock=2516 hEvent=000009A4 events=0x21
2026-10-03 01:29:55.048 [EVENT] sock=2516 hEvent=000009A4 events=0x0
2026-10-03 01:29:55.048 [EVENT] sock=2516 hEvent=000009A4 events=0x21
2026-10-03 01:29:56.048 [EVENT] sock=2516 hEvent=000009A4 events=0x0
2026-10-03 01:29:56.049 [EVENT] sock=2516 hEvent=000009A4 events=0x21
2026-10-03 01:29:57.048 [EVENT] sock=2516 hEvent=000009A4 events=0x0
2026-10-03 01:29:57.048 [EVENT] sock=2516 hEvent=000009A4 events=0x21
2026-10-03 01:29:58.052 [EVENT] sock=2516 hEvent=000009A4 events=0x0
2026-10-03 01:29:58.053 [EVENT] sock=2516 hEvent=000009A4 events=0x21
2026-10-03 01:29:59.045 [EVENT] sock=2516 hEvent=000009A4 events=0x0
2026-10-03 01:29:59.045 [EVENT] sock=2516 hEvent=000009A4 events=0x21
2026-10-03 01:29:59.972 [EVENT] sock=2656 hEvent=00000A0C events=0x0
2026-10-03 01:29:59.972 [EVENT] sock=2656 hEvent=00000A0C events=0x21
2026-10-03 01:30:00.049 [EVENT] sock=2516 hEvent=000009A4 events=0x0
2026-10-03 01:30:00.049 [EVENT] sock=2516 hEvent=000009A4 events=0x21
2026-10-03 01:30:00.273 [EVENT] sock=2516 hEvent=000009A4 events=0x0
2026-10-03 01:30:00.273 [EVENT] sock=2516 hEvent=000009A4 events=0x21
2026-10-03 01:30:01.259 [EVENT] sock=2516 hEvent=000009A4 events=0x0
2026-10-03 01:30:01.259 [EVENT] sock=2516 hEvent=000009A4 events=0x21
2026-10-03 01:30:03.457 [EVENT] sock=2516 hEvent=000009A4 events=0x0
2026-10-03 01:30:03.458 [EVENT] sock=2516 hEvent=000009A4 events=0x21
2026-10-03 01:30:10.383 [EVENT] sock=2516 hEvent=000009A4 events=0x0
2026-10-03 01:30:10.383 [EVENT] sock=2516 hEvent=000009A4 events=0x21
2026-10-03 01:30:20.439 [EVENT] sock=2516 hEvent=000009A4 events=0x0
2026-10-03 01:30:20.440 [EVENT] sock=2516 hEvent=000009A4 events=0x21
2026-10-03 01:30:24.478 [OP] 46E0 inv=FDF7 len=520 #4 63cdfc0b6ffaa32bb907c464580bdcfa724d1f805c641f0bf7b0db70d62f8823437a66c000b1ca8066b22b0bdcfae02bca8005cda5b08fc4db2b598095cffdece2c17513c0805b640e0b8b5b4eb834aac4640fd06f72465387562a64749541ae3d46a480ee538c0bdc08a32bad804d7f490bdcfa7ab12b4e0b472b0b6e10e02be0b9c1f1ddcf8efae60e0dce8a8c8ad00e73237c183f897f1d4ad49995a86d80
2026-10-03 01:30:24.564 [SETTLE] exp=1 gold=199366 len=393
2026-10-03 01:30:24.610 [EVENT] sock=2516 hEvent=000009A4 events=0x0
2026-10-03 01:30:24.610 [EVENT] sock=2516 hEvent=000009A4 events=0x21
2026-10-03 01:30:25.617 [EVENT] sock=2516 hEvent=000009A4 events=0x0
2026-10-03 01:30:25.618 [EVENT] sock=2516 hEvent=000009A4 events=0x21
2026-10-03 01:30:26.616 [EVENT] sock=2516 hEvent=000009A4 events=0x0
2026-10-03 01:30:26.616 [EVENT] sock=2516 hEvent=000009A4 events=0x21
2026-10-03 01:30:27.622 [EVENT] sock=2516 hEvent=000009A4 events=0x0
2026-10-03 01:30:27.627 [EVENT] sock=2516 hEvent=000009A4 events=0x21
2026-10-03 01:30:28.623 [EVENT] sock=2516 hEvent=000009A4 events=0x0
2026-10-03 01:30:28.623 [EVENT] sock=2516 hEvent=000009A4 events=0x21
2026-10-03 01:30:29.623 [EVENT] sock=2516 hEvent=000009A4 events=0x0
2026-10-03 01:30:29.623 [EVENT] sock=2516 hEvent=000009A4 events=0x21
2026-10-03 01:30:29.835 [EVENT] sock=2516 hEvent=000009A4 events=0x0
2026-10-03 01:30:29.836 [EVENT] sock=2516 hEvent=000009A4 events=0x21
2026-10-03 01:30:29.973 [EVENT] sock=2656 hEvent=00000A0C events=0x0
2026-10-03 01:30:29.974 [EVENT] sock=2656 hEvent=00000A0C events=0x21
2026-10-03 01:30:30.841 [EVENT] sock=2516 hEvent=000009A4 events=0x0
2026-10-03 01:30:30.842 [EVENT] sock=2516 hEvent=000009A4 events=0x21
2026-10-03 01:30:33.034 [EVENT] sock=2516 hEvent=000009A4 events=0x0
2026-10-03 01:30:33.034 [EVENT] sock=2516 hEvent=000009A4 events=0x21
2026-10-03 01:30:39.905 [EVENT] sock=2516 hEvent=000009A4 events=0x0
2026-10-03 01:30:39.905 [EVENT] sock=2516 hEvent=000009A4 events=0x21
2026-10-03 01:30:46.188 [EVENT] sock=2516 hEvent=000009A4 events=0x0
2026-10-03 01:30:46.188 [OUT] 1004 inv=FFF3 len=16 #4 f3ff0410e2f3832b59cec3642d0b59ae
2026-10-03 01:30:46.189 [EVENT] sock=2516 hEvent=000009A4 events=0x21
2026-10-03 01:30:49.963 [EVENT] sock=2516 hEvent=000009A4 events=0x0
2026-10-03 01:30:49.965 [EVENT] sock=2516 hEvent=000009A4 events=0x21
2026-10-03 01:30:50.937 [SETTLE] exp=2 gold=199366 len=393
2026-10-03 01:30:50.987 [EVENT] sock=2516 hEvent=000009A4 events=0x0
2026-10-03 01:30:50.987 [EVENT] sock=2516 hEvent=000009A4 events=0x21
2026-10-03 01:30:51.088 [EVENT] sock=2656 hEvent=00000A0C events=0x0
2026-10-03 01:30:51.088 [EVENT] sock=2656 hEvent=00000A0C events=0x21
2026-10-03 01:30:51.996 [EVENT] sock=2516 hEvent=000009A4 events=0x0
2026-10-03 01:30:51.998 [EVENT] sock=2516 hEvent=000009A4 events=0x21
2026-10-03 01:30:53.003 [EVENT] sock=2516 hEvent=000009A4 events=0x0
2026-10-03 01:30:53.003 [EVENT] sock=2516 hEvent=000009A4 events=0x21
2026-10-03 01:30:53.999 [EVENT] sock=2516 hEvent=000009A4 events=0x0
2026-10-03 01:30:54.000 [EVENT] sock=2516 hEvent=000009A4 events=0x21
2026-10-03 01:30:55.004 [EVENT] sock=2516 hEvent=000009A4 events=0x0
2026-10-03 01:30:55.004 [EVENT] sock=2516 hEvent=000009A4 events=0x21
2026-10-03 01:30:55.242 [EVENT] sock=2516 hEvent=000009A4 events=0x0
2026-10-03 01:30:55.242 [EVENT] sock=2516 hEvent=000009A4 events=0x21
2026-10-03 01:30:56.196 [EVENT] sock=2516 hEvent=000009A4 events=0x0
2026-10-03 01:30:56.197 [EVENT] sock=2516 hEvent=000009A4 events=0x21
2026-10-03 01:30:58.410 [EVENT] sock=2516 hEvent=000009A4 events=0x0
2026-10-03 01:30:58.410 [EVENT] sock=2516 hEvent=000009A4 events=0x21
2026-10-03 01:31:05.301 [EVENT] sock=2516 hEvent=000009A4 events=0x0
2026-10-03 01:31:05.302 [EVENT] sock=2516 hEvent=000009A4 events=0x21
2026-10-03 01:31:15.358 [EVENT] sock=2516 hEvent=000009A4 events=0x0
2026-10-03 01:31:15.358 [EVENT] sock=2516 hEvent=000009A4 events=0x21
2026-10-03 01:31:18.575 [EVENT] sock=2516 hEvent=000009A4 events=0x0
2026-10-03 01:31:18.575 [OUT] 1004 inv=FFF3 len=16 #5 f3ff0410e2f3832b5912c3642d0b59ae
2026-10-03 01:31:18.575 [EVENT] sock=2516 hEvent=000009A4 events=0x21
2026-10-03 01:31:23.232 [SETTLE] exp=1 gold=199366 len=393
2026-10-03 01:31:23.270 [EVENT] sock=2516 hEvent=000009A4 events=0x0
2026-10-03 01:31:23.270 [EVENT] sock=2516 hEvent=000009A4 events=0x21
2026-10-03 01:31:24.286 [EVENT] sock=2516 hEvent=000009A4 events=0x0
2026-10-03 01:31:24.286 [EVENT] sock=2516 hEvent=000009A4 events=0x21
2026-10-03 01:31:25.259 [EVENT] sock=2516 hEvent=000009A4 events=0x0
2026-10-03 01:31:25.259 [OUT] 004E inv=FFFA len=9 #4 faff4e00e9580bdce8
2026-10-03 01:31:25.260 [EVENT] sock=2516 hEvent=000009A4 events=0x21
2026-10-03 01:31:25.273 [EVENT] sock=2516 hEvent=000009A4 events=0x0
2026-10-03 01:31:25.273 [EVENT] sock=2516 hEvent=000009A4 events=0x21
2026-10-03 01:31:26.273 [EVENT] sock=2516 hEvent=000009A4 events=0x0
2026-10-03 01:31:26.273 [EVENT] sock=2516 hEvent=000009A4 events=0x21
2026-10-03 01:31:27.276 [EVENT] sock=2516 hEvent=000009A4 events=0x0
2026-10-03 01:31:27.277 [EVENT] sock=2516 hEvent=000009A4 events=0x21
2026-10-03 01:31:28.277 [EVENT] sock=2516 hEvent=000009A4 events=0x0
2026-10-03 01:31:28.277 [EVENT] sock=2516 hEvent=000009A4 events=0x21
2026-10-03 01:31:29.280 [EVENT] sock=2516 hEvent=000009A4 events=0x0
2026-10-03 01:31:29.280 [EVENT] sock=2516 hEvent=000009A4 events=0x21
2026-10-03 01:31:29.508 [EVENT] sock=2516 hEvent=000009A4 events=0x0
2026-10-03 01:31:29.508 [EVENT] sock=2516 hEvent=000009A4 events=0x21
2026-10-03 01:31:29.975 [EVENT] sock=2656 hEvent=00000A0C events=0x0
2026-10-03 01:31:29.975 [EVENT] sock=2656 hEvent=00000A0C events=0x21
2026-10-03 01:31:30.486 [EVENT] sock=2516 hEvent=000009A4 events=0x0
2026-10-03 01:31:30.486 [EVENT] sock=2516 hEvent=000009A4 events=0x21
2026-10-03 01:31:32.657 [EVENT] sock=2516 hEvent=000009A4 events=0x0
2026-10-03 01:31:32.657 [EVENT] sock=2516 hEvent=000009A4 events=0x21
2026-10-03 01:31:39.565 [EVENT] sock=2516 hEvent=000009A4 events=0x0
2026-10-03 01:31:39.566 [EVENT] sock=2516 hEvent=000009A4 events=0x21
2026-10-03 01:31:49.621 [EVENT] sock=2516 hEvent=000009A4 events=0x0
2026-10-03 01:31:49.621 [EVENT] sock=2516 hEvent=000009A4 events=0x21
2026-10-03 01:31:50.459 [SETTLE] exp=1 gold=199366 len=393
2026-10-03 01:31:50.500 [EVENT] sock=2516 hEvent=000009A4 events=0x0
2026-10-03 01:31:50.500 [EVENT] sock=2516 hEvent=000009A4 events=0x21
2026-10-03 01:31:51.516 [EVENT] sock=2516 hEvent=000009A4 events=0x0
2026-10-03 01:31:51.516 [EVENT] sock=2516 hEvent=000009A4 events=0x21
2026-10-03 01:31:52.501 [EVENT] sock=2516 hEvent=000009A4 events=0x0
2026-10-03 01:31:52.501 [EVENT] sock=2516 hEvent=000009A4 events=0x21
2026-10-03 01:31:53.506 [EVENT] sock=2516 hEvent=000009A4 events=0x0
2026-10-03 01:31:53.507 [EVENT] sock=2516 hEvent=000009A4 events=0x21
2026-10-03 01:31:54.506 [EVENT] sock=2516 hEvent=000009A4 events=0x0
2026-10-03 01:31:54.506 [EVENT] sock=2516 hEvent=000009A4 events=0x21
2026-10-03 01:31:55.506 [EVENT] sock=2516 hEvent=000009A4 events=0x0
2026-10-03 01:31:55.506 [EVENT] sock=2516 hEvent=000009A4 events=0x21
2026-10-03 01:31:56.508 [EVENT] sock=2516 hEvent=000009A4 events=0x0
2026-10-03 01:31:56.508 [EVENT] sock=2516 hEvent=000009A4 events=0x21
2026-10-03 01:31:56.754 [EVENT] sock=2516 hEvent=000009A4 events=0x0
2026-10-03 01:31:56.754 [EVENT] sock=2516 hEvent=000009A4 events=0x21
2026-10-03 01:31:57.721 [EVENT] sock=2516 hEvent=000009A4 events=0x0
2026-10-03 01:31:57.721 [EVENT] sock=2516 hEvent=000009A4 events=0x21
2026-10-03 01:31:59.845 [EVENT] sock=2516 hEvent=000009A4 events=0x0
2026-10-03 01:31:59.846 [EVENT] sock=2516 hEvent=000009A4 events=0x21
2026-10-03 01:31:59.975 [EVENT] sock=2656 hEvent=00000A0C events=0x0
2026-10-03 01:31:59.975 [EVENT] sock=2656 hEvent=00000A0C events=0x21
2026-10-03 01:32:06.824 [EVENT] sock=2516 hEvent=000009A4 events=0x0
2026-10-03 01:32:06.825 [EVENT] sock=2516 hEvent=000009A4 events=0x21
2026-10-03 01:32:16.885 [EVENT] sock=2516 hEvent=000009A4 events=0x0
2026-10-03 01:32:16.885 [EVENT] sock=2516 hEvent=000009A4 events=0x21
2026-10-03 01:32:21.064 [SETTLE] exp=2 gold=199366 len=393
2026-10-03 01:32:21.102 [EVENT] sock=2516 hEvent=000009A4 events=0x0
2026-10-03 01:32:21.102 [EVENT] sock=2516 hEvent=000009A4 events=0x21
2026-10-03 01:32:22.106 [EVENT] sock=2516 hEvent=000009A4 events=0x0
2026-10-03 01:32:22.106 [EVENT] sock=2516 hEvent=000009A4 events=0x21
2026-10-03 01:32:23.107 [EVENT] sock=2516 hEvent=000009A4 events=0x0
2026-10-03 01:32:23.107 [EVENT] sock=2516 hEvent=000009A4 events=0x21
2026-10-03 01:32:24.103 [EVENT] sock=2516 hEvent=000009A4 events=0x0
2026-10-03 01:32:24.103 [EVENT] sock=2516 hEvent=000009A4 events=0x21
2026-10-03 01:32:25.104 [EVENT] sock=2516 hEvent=000009A4 events=0x0
2026-10-03 01:32:25.105 [EVENT] sock=2516 hEvent=000009A4 events=0x21
2026-10-03 01:32:26.102 [EVENT] sock=2516 hEvent=000009A4 events=0x0
2026-10-03 01:32:26.102 [EVENT] sock=2516 hEvent=000009A4 events=0x21
2026-10-03 01:32:27.103 [EVENT] sock=2516 hEvent=000009A4 events=0x0
2026-10-03 01:32:27.104 [EVENT] sock=2516 hEvent=000009A4 events=0x21
2026-10-03 01:32:28.105 [EVENT] sock=2516 hEvent=000009A4 events=0x0
2026-10-03 01:32:28.106 [EVENT] sock=2516 hEvent=000009A4 events=0x21
2026-10-03 01:32:29.101 [EVENT] sock=2516 hEvent=000009A4 events=0x0
2026-10-03 01:32:29.101 [EVENT] sock=2516 hEvent=000009A4 events=0x21
2026-10-03 01:32:29.347 [EVENT] sock=2516 hEvent=000009A4 events=0x0
2026-10-03 01:32:29.347 [EVENT] sock=2516 hEvent=000009A4 events=0x21
2026-10-03 01:32:29.976 [EVENT] sock=2656 hEvent=00000A0C events=0x0
2026-10-03 01:32:29.976 [EVENT] sock=2656 hEvent=00000A0C events=0x21
2026-10-03 01:32:30.294 [EVENT] sock=2516 hEvent=000009A4 events=0x0
2026-10-03 01:32:30.295 [EVENT] sock=2516 hEvent=000009A4 events=0x21
2026-10-03 01:32:32.570 [EVENT] sock=2516 hEvent=000009A4 events=0x0
2026-10-03 01:32:32.570 [EVENT] sock=2516 hEvent=000009A4 events=0x21
2026-10-03 01:32:39.396 [EVENT] sock=2516 hEvent=000009A4 events=0x0
2026-10-03 01:32:39.397 [EVENT] sock=2516 hEvent=000009A4 events=0x21
2026-10-03 01:32:49.446 [EVENT] sock=2516 hEvent=000009A4 events=0x0
2026-10-03 01:32:49.446 [EVENT] sock=2516 hEvent=000009A4 events=0x21
2026-10-03 01:32:51.431 [EVENT] sock=2516 hEvent=000009A4 events=0x0
2026-10-03 01:32:51.432 [EVENT] sock=2516 hEvent=000009A4 events=0x21
2026-10-03 01:32:56.167 [SETTLE] exp=1 gold=199366 len=393
2026-10-03 01:32:56.210 [EVENT] sock=2516 hEvent=000009A4 events=0x0
2026-10-03 01:32:56.210 [EVENT] sock=2516 hEvent=000009A4 events=0x21
2026-10-03 01:32:57.217 [EVENT] sock=2516 hEvent=000009A4 events=0x0
2026-10-03 01:32:57.217 [EVENT] sock=2516 hEvent=000009A4 events=0x21
2026-10-03 01:32:58.187 [EVENT] sock=2516 hEvent=000009A4 events=0x0
2026-10-03 01:32:58.187 [OUT] 004E inv=FFFA len=9 #5 faff4e00e9580bdce8
2026-10-03 01:32:58.187 [EVENT] sock=2516 hEvent=000009A4 events=0x21
2026-10-03 01:32:58.187 [EVENT] sock=2516 hEvent=000009A4 events=0x0
2026-10-03 01:32:58.187 [EVENT] sock=2516 hEvent=000009A4 events=0x21
2026-10-03 01:32:58.217 [EVENT] sock=2516 hEvent=000009A4 events=0x0
2026-10-03 01:32:58.217 [EVENT] sock=2516 hEvent=000009A4 events=0x21
2026-10-03 01:32:59.217 [EVENT] sock=2516 hEvent=000009A4 events=0x0
2026-10-03 01:32:59.218 [EVENT] sock=2516 hEvent=000009A4 events=0x21
2026-10-03 01:32:59.977 [EVENT] sock=2656 hEvent=00000A0C events=0x0
2026-10-03 01:32:59.977 [EVENT] sock=2656 hEvent=00000A0C events=0x21
2026-10-03 01:33:00.222 [EVENT] sock=2516 hEvent=000009A4 events=0x0
2026-10-03 01:33:00.224 [EVENT] sock=2516 hEvent=000009A4 events=0x21
2026-10-03 01:33:01.224 [EVENT] sock=2516 hEvent=000009A4 events=0x0
2026-10-03 01:33:01.224 [EVENT] sock=2516 hEvent=000009A4 events=0x21
2026-10-03 01:33:02.222 [EVENT] sock=2516 hEvent=000009A4 events=0x0
2026-10-03 01:33:02.222 [EVENT] sock=2516 hEvent=000009A4 events=0x21
2026-10-03 01:33:03.213 [EVENT] sock=2516 hEvent=000009A4 events=0x0
2026-10-03 01:33:03.214 [EVENT] sock=2516 hEvent=000009A4 events=0x21
2026-10-03 01:33:03.466 [EVENT] sock=2516 hEvent=000009A4 events=0x0
2026-10-03 01:33:03.467 [EVENT] sock=2516 hEvent=000009A4 events=0x21
2026-10-03 01:33:04.429 [EVENT] sock=2516 hEvent=000009A4 events=0x0
2026-10-03 01:33:04.430 [EVENT] sock=2516 hEvent=000009A4 events=0x21
2026-10-03 01:33:06.583 [EVENT] sock=2516 hEvent=000009A4 events=0x0
2026-10-03 01:33:06.584 [EVENT] sock=2516 hEvent=000009A4 events=0x21
2026-10-03 01:33:13.529 [EVENT] sock=2516 hEvent=000009A4 events=0x0
2026-10-03 01:33:13.529 [EVENT] sock=2516 hEvent=000009A4 events=0x21
2026-10-03 01:33:23.584 [EVENT] sock=2516 hEvent=000009A4 events=0x0
2026-10-03 01:33:23.586 [EVENT] sock=2516 hEvent=000009A4 events=0x21
2026-10-03 01:33:24.789 [EVENT] sock=2516 hEvent=000009A4 events=0x0
2026-10-03 01:33:24.789 [EVENT] sock=2516 hEvent=000009A4 events=0x21
2026-10-03 01:33:29.530 [SETTLE] exp=1 gold=199366 len=393
2026-10-03 01:33:29.568 [EVENT] sock=2516 hEvent=000009A4 events=0x0
2026-10-03 01:33:29.568 [EVENT] sock=2516 hEvent=000009A4 events=0x21
2026-10-03 01:33:29.978 [EVENT] sock=2656 hEvent=00000A0C events=0x0
2026-10-03 01:33:29.978 [EVENT] sock=2656 hEvent=00000A0C events=0x21
2026-10-03 01:33:30.571 [EVENT] sock=2516 hEvent=000009A4 events=0x0
2026-10-03 01:33:30.571 [EVENT] sock=2516 hEvent=000009A4 events=0x21
2026-10-03 01:33:31.572 [EVENT] sock=2516 hEvent=000009A4 events=0x0
2026-10-03 01:33:31.572 [EVENT] sock=2516 hEvent=000009A4 events=0x21
2026-10-03 01:33:32.576 [EVENT] sock=2516 hEvent=000009A4 events=0x0
2026-10-03 01:33:32.577 [EVENT] sock=2516 hEvent=000009A4 events=0x21
2026-10-03 01:33:33.580 [EVENT] sock=2516 hEvent=000009A4 events=0x0
2026-10-03 01:33:33.580 [EVENT] sock=2516 hEvent=000009A4 events=0x21
2026-10-03 01:33:34.581 [EVENT] sock=2516 hEvent=000009A4 events=0x0
2026-10-03 01:33:34.582 [EVENT] sock=2516 hEvent=000009A4 events=0x21
2026-10-03 01:33:35.568 [EVENT] sock=2516 hEvent=000009A4 events=0x0
2026-10-03 01:33:35.568 [EVENT] sock=2516 hEvent=000009A4 events=0x21
2026-10-03 01:33:35.811 [EVENT] sock=2516 hEvent=000009A4 events=0x0
2026-10-03 01:33:35.811 [EVENT] sock=2516 hEvent=000009A4 events=0x21
2026-10-03 01:33:36.787 [EVENT] sock=2516 hEvent=000009A4 events=0x0
2026-10-03 01:33:36.787 [EVENT] sock=2516 hEvent=000009A4 events=0x21
2026-10-03 01:33:38.970 [EVENT] sock=2516 hEvent=000009A4 events=0x0
2026-10-03 01:33:38.970 [EVENT] sock=2516 hEvent=000009A4 events=0x21
2026-10-03 01:33:45.870 [EVENT] sock=2516 hEvent=000009A4 events=0x0
2026-10-03 01:33:45.870 [EVENT] sock=2516 hEvent=000009A4 events=0x21
2026-10-03 01:33:53.447 [EVENT] sock=2516 hEvent=000009A4 events=0x0
2026-10-03 01:33:53.449 [EVENT] sock=2516 hEvent=000009A4 events=0x21
2026-10-03 01:33:55.932 [EVENT] sock=2516 hEvent=000009A4 events=0x0
2026-10-03 01:33:55.932 [EVENT] sock=2516 hEvent=000009A4 events=0x21
2026-10-03 01:33:56.652 [OP] 46E0 inv=FDF7 len=520 #5 63cdfc0b6ffaa32b7207c464580bdcfaa24d1f805788c80bc6faa32b1f805b64580bdcfaa9a0b6120b47c80b366f9d2bbfef7e53519ceefaf3536480428a76d0dcfa9d2b9a9f247f1d4ad4999ba86d808c81a552e2c1751331b28823630bdcfab72b1f80a99168b180505f2b9273c464fe6ceefa7aeb64805c64510b43faa32bca805b647ab1995b1cb064801c56c80b17720c24604c4864e60aeefaad0e40ce
2026-10-03 01:33:56.744 [SETTLE] exp=1 gold=199366 len=403
2026-10-03 01:33:56.794 [EVENT] sock=2516 hEvent=000009A4 events=0x0
2026-10-03 01:33:56.794 [EVENT] sock=2516 hEvent=000009A4 events=0x21
2026-10-03 01:33:57.808 [EVENT] sock=2516 hEvent=000009A4 events=0x0
2026-10-03 01:33:57.808 [EVENT] sock=2516 hEvent=000009A4 events=0x21
2026-10-03 01:33:58.794 [EVENT] sock=2516 hEvent=000009A4 events=0x0
2026-10-03 01:33:58.794 [EVENT] sock=2516 hEvent=000009A4 events=0x21
2026-10-03 01:33:59.796 [EVENT] sock=2516 hEvent=000009A4 events=0x0
2026-10-03 01:33:59.796 [EVENT] sock=2516 hEvent=000009A4 events=0x21
2026-10-03 01:33:59.979 [EVENT] sock=2656 hEvent=00000A0C events=0x0
2026-10-03 01:33:59.979 [EVENT] sock=2656 hEvent=00000A0C events=0x21
2026-10-03 01:34:00.800 [EVENT] sock=2516 hEvent=000009A4 events=0x0
2026-10-03 01:34:00.801 [EVENT] sock=2516 hEvent=000009A4 events=0x21
2026-10-03 01:34:01.801 [EVENT] sock=2516 hEvent=000009A4 events=0x0
2026-10-03 01:34:01.802 [EVENT] sock=2516 hEvent=000009A4 events=0x21
2026-10-03 01:34:02.024 [EVENT] sock=2516 hEvent=000009A4 events=0x0
2026-10-03 01:34:02.025 [EVENT] sock=2516 hEvent=000009A4 events=0x21
2026-10-03 01:34:03.017 [EVENT] sock=2516 hEvent=000009A4 events=0x0
2026-10-03 01:34:03.017 [EVENT] sock=2516 hEvent=000009A4 events=0x21
2026-10-03 01:34:05.357 [EVENT] sock=2516 hEvent=000009A4 events=0x0
2026-10-03 01:34:05.357 [EVENT] sock=2516 hEvent=000009A4 events=0x21
2026-10-03 01:34:08.559 [EVENT] sock=2656 hEvent=00000A0C events=0x0
2026-10-03 01:34:08.559 [EVENT] sock=2656 hEvent=00000A0C events=0x21
2026-10-03 01:34:12.120 [EVENT] sock=2516 hEvent=000009A4 events=0x0
2026-10-03 01:34:12.122 [EVENT] sock=2516 hEvent=000009A4 events=0x21
2026-10-03 01:34:22.176 [EVENT] sock=2516 hEvent=000009A4 events=0x0
2026-10-03 01:34:22.176 [EVENT] sock=2516 hEvent=000009A4 events=0x21
2026-10-03 01:34:23.324 [SETTLE] exp=1 gold=199366 len=403
2026-10-03 01:34:23.350 [EVENT] sock=2516 hEvent=000009A4 events=0x0
2026-10-03 01:34:23.350 [EVENT] sock=2516 hEvent=000009A4 events=0x21
2026-10-03 01:34:24.365 [EVENT] sock=2516 hEvent=000009A4 events=0x0
2026-10-03 01:34:24.366 [EVENT] sock=2516 hEvent=000009A4 events=0x21
2026-10-03 01:34:25.332 [EVENT] sock=2516 hEvent=000009A4 events=0x0
2026-10-03 01:34:25.332 [EVENT] sock=2516 hEvent=000009A4 events=0x21
2026-10-03 01:34:25.362 [EVENT] sock=2516 hEvent=000009A4 events=0x0
2026-10-03 01:34:25.363 [EVENT] sock=2516 hEvent=000009A4 events=0x21
2026-10-03 01:34:26.351 [EVENT] sock=2516 hEvent=000009A4 events=0x0
2026-10-03 01:34:26.351 [EVENT] sock=2516 hEvent=000009A4 events=0x21
2026-10-03 01:34:27.351 [EVENT] sock=2516 hEvent=000009A4 events=0x0
2026-10-03 01:34:27.352 [EVENT] sock=2516 hEvent=000009A4 events=0x21
2026-10-03 01:34:28.352 [EVENT] sock=2516 hEvent=000009A4 events=0x0
2026-10-03 01:34:28.352 [EVENT] sock=2516 hEvent=000009A4 events=0x21
2026-10-03 01:34:28.583 [EVENT] sock=2516 hEvent=000009A4 events=0x0
2026-10-03 01:34:28.583 [EVENT] sock=2516 hEvent=000009A4 events=0x21
2026-10-03 01:34:29.540 [EVENT] sock=2516 hEvent=000009A4 events=0x0
2026-10-03 01:34:29.540 [EVENT] sock=2516 hEvent=000009A4 events=0x21
2026-10-03 01:34:29.980 [EVENT] sock=2656 hEvent=00000A0C events=0x0
2026-10-03 01:34:29.980 [EVENT] sock=2656 hEvent=00000A0C events=0x21
2026-10-03 01:34:31.785 [EVENT] sock=2516 hEvent=000009A4 events=0x0
2026-10-03 01:34:31.786 [EVENT] sock=2516 hEvent=000009A4 events=0x21
2026-10-03 01:34:38.648 [EVENT] sock=2516 hEvent=000009A4 events=0x0
2026-10-03 01:34:38.648 [EVENT] sock=2516 hEvent=000009A4 events=0x21
2026-10-03 01:34:48.715 [EVENT] sock=2516 hEvent=000009A4 events=0x0
2026-10-03 01:34:48.715 [EVENT] sock=2516 hEvent=000009A4 events=0x21
2026-10-03 01:34:49.655 [SETTLE] exp=1 gold=199366 len=393
2026-10-03 01:34:49.685 [EVENT] sock=2516 hEvent=000009A4 events=0x0
2026-10-03 01:34:49.685 [EVENT] sock=2516 hEvent=000009A4 events=0x21
2026-10-03 01:34:50.695 [EVENT] sock=2516 hEvent=000009A4 events=0x0
2026-10-03 01:34:50.695 [EVENT] sock=2516 hEvent=000009A4 events=0x21
2026-10-03 01:34:51.696 [EVENT] sock=2516 hEvent=000009A4 events=0x0
2026-10-03 01:34:51.696 [EVENT] sock=2516 hEvent=000009A4 events=0x21
2026-10-03 01:34:52.695 [EVENT] sock=2516 hEvent=000009A4 events=0x0
2026-10-03 01:34:52.695 [EVENT] sock=2516 hEvent=000009A4 events=0x21
2026-10-03 01:34:53.696 [EVENT] sock=2516 hEvent=000009A4 events=0x0
2026-10-03 01:34:53.696 [EVENT] sock=2516 hEvent=000009A4 events=0x21
2026-10-03 01:34:54.699 [EVENT] sock=2516 hEvent=000009A4 events=0x0
2026-10-03 01:34:54.699 [EVENT] sock=2516 hEvent=000009A4 events=0x21
2026-10-03 01:34:55.686 [EVENT] sock=2516 hEvent=000009A4 events=0x0
2026-10-03 01:34:55.686 [EVENT] sock=2516 hEvent=000009A4 events=0x21
2026-10-03 01:34:56.697 [EVENT] sock=2516 hEvent=000009A4 events=0x0
2026-10-03 01:34:56.698 [EVENT] sock=2516 hEvent=000009A4 events=0x21
2026-10-03 01:34:56.925 [EVENT] sock=2516 hEvent=000009A4 events=0x0
2026-10-03 01:34:56.925 [EVENT] sock=2516 hEvent=000009A4 events=0x21
2026-10-03 01:34:57.890 [EVENT] sock=2516 hEvent=000009A4 events=0x0
2026-10-03 01:34:57.891 [EVENT] sock=2516 hEvent=000009A4 events=0x21
2026-10-03 01:34:59.981 [EVENT] sock=2656 hEvent=00000A0C events=0x0
2026-10-03 01:34:59.981 [EVENT] sock=2656 hEvent=00000A0C events=0x21
2026-10-03 01:35:00.080 [EVENT] sock=2516 hEvent=000009A4 events=0x0
2026-10-03 01:35:00.080 [EVENT] sock=2516 hEvent=000009A4 events=0x21
2026-10-03 01:35:06.983 [EVENT] sock=2516 hEvent=000009A4 events=0x0
2026-10-03 01:35:06.983 [EVENT] sock=2516 hEvent=000009A4 events=0x21
2026-10-03 01:35:17.035 [EVENT] sock=2516 hEvent=000009A4 events=0x0
2026-10-03 01:35:17.036 [EVENT] sock=2516 hEvent=000009A4 events=0x21
2026-10-03 01:35:21.453 [SETTLE] exp=1 gold=199366 len=403
2026-10-03 01:35:21.484 [EVENT] sock=2516 hEvent=000009A4 events=0x0
2026-10-03 01:35:21.484 [EVENT] sock=2516 hEvent=000009A4 events=0x21
2026-10-03 01:35:22.495 [EVENT] sock=2516 hEvent=000009A4 events=0x0
2026-10-03 01:35:22.495 [EVENT] sock=2516 hEvent=000009A4 events=0x21
2026-10-03 01:35:23.471 [EVENT] sock=2516 hEvent=000009A4 events=0x0
2026-10-03 01:35:23.471 [EVENT] sock=2516 hEvent=000009A4 events=0x21
2026-10-03 01:35:23.488 [EVENT] sock=2516 hEvent=000009A4 events=0x0
2026-10-03 01:35:23.489 [EVENT] sock=2516 hEvent=000009A4 events=0x21
2026-10-03 01:35:24.482 [EVENT] sock=2516 hEvent=000009A4 events=0x0
2026-10-03 01:35:24.483 [EVENT] sock=2516 hEvent=000009A4 events=0x21
2026-10-03 01:35:25.486 [EVENT] sock=2516 hEvent=000009A4 events=0x0
2026-10-03 01:35:25.486 [EVENT] sock=2516 hEvent=000009A4 events=0x21
2026-10-03 01:35:26.497 [EVENT] sock=2516 hEvent=000009A4 events=0x0
2026-10-03 01:35:26.497 [EVENT] sock=2516 hEvent=000009A4 events=0x21
2026-10-03 01:35:27.499 [EVENT] sock=2516 hEvent=000009A4 events=0x0
2026-10-03 01:35:27.500 [EVENT] sock=2516 hEvent=000009A4 events=0x21
2026-10-03 01:35:28.192 [EVENT] sock=2516 hEvent=000009A4 events=0x0
2026-10-03 01:35:28.192 [EVENT] sock=2516 hEvent=000009A4 events=0x21
2026-10-03 01:35:29.089 [EVENT] sock=2516 hEvent=000009A4 events=0x0
2026-10-03 01:35:29.089 [EVENT] sock=2516 hEvent=000009A4 events=0x21
2026-10-03 01:35:29.982 [EVENT] sock=2656 hEvent=00000A0C events=0x0
2026-10-03 01:35:29.982 [EVENT] sock=2656 hEvent=00000A0C events=0x21
2026-10-03 01:35:31.555 [EVENT] sock=2516 hEvent=000009A4 events=0x0
2026-10-03 01:35:31.556 [EVENT] sock=2516 hEvent=000009A4 events=0x21
2026-10-03 01:35:38.261 [EVENT] sock=2516 hEvent=000009A4 events=0x0
2026-10-03 01:35:38.261 [EVENT] sock=2516 hEvent=000009A4 events=0x21
2026-10-03 01:35:42.365 [EVENT] sock=2516 hEvent=000009A4 events=0x0
2026-10-03 01:35:42.365 [EVENT] sock=2516 hEvent=000009A4 events=0x21
2026-10-03 01:35:48.281 [SETTLE] exp=1 gold=199366 len=393
2026-10-03 01:35:48.317 [EVENT] sock=2516 hEvent=000009A4 events=0x0
2026-10-03 01:35:48.317 [EVENT] sock=2516 hEvent=000009A4 events=0x21
2026-10-03 01:35:49.324 [EVENT] sock=2516 hEvent=000009A4 events=0x0
2026-10-03 01:35:49.336 [EVENT] sock=2516 hEvent=000009A4 events=0x21
2026-10-03 01:35:50.323 [EVENT] sock=2516 hEvent=000009A4 events=0x0
2026-10-03 01:35:50.324 [EVENT] sock=2516 hEvent=000009A4 events=0x21
2026-10-03 01:35:51.328 [EVENT] sock=2516 hEvent=000009A4 events=0x0
2026-10-03 01:35:51.329 [EVENT] sock=2516 hEvent=000009A4 events=0x21
2026-10-03 01:35:52.328 [EVENT] sock=2516 hEvent=000009A4 events=0x0
2026-10-03 01:35:52.328 [EVENT] sock=2516 hEvent=000009A4 events=0x21
2026-10-03 01:35:52.541 [EVENT] sock=2516 hEvent=000009A4 events=0x0
2026-10-03 01:35:52.542 [EVENT] sock=2516 hEvent=000009A4 events=0x21
2026-10-03 01:35:53.504 [EVENT] sock=2516 hEvent=000009A4 events=0x0
2026-10-03 01:35:53.505 [EVENT] sock=2516 hEvent=000009A4 events=0x21
2026-10-03 01:35:55.746 [EVENT] sock=2516 hEvent=000009A4 events=0x0
2026-10-03 01:35:55.746 [EVENT] sock=2516 hEvent=000009A4 events=0x21
2026-10-03 01:35:59.982 [EVENT] sock=2656 hEvent=00000A0C events=0x0
2026-10-03 01:35:59.982 [EVENT] sock=2656 hEvent=00000A0C events=0x21
2026-10-03 01:36:02.689 [EVENT] sock=2516 hEvent=000009A4 events=0x0
2026-10-03 01:36:02.689 [EVENT] sock=2516 hEvent=000009A4 events=0x21
2026-10-03 01:36:12.747 [EVENT] sock=2516 hEvent=000009A4 events=0x0
2026-10-03 01:36:12.748 [EVENT] sock=2516 hEvent=000009A4 events=0x21
2026-10-03 01:36:14.360 [SETTLE] exp=1 gold=199366 len=393
2026-10-03 01:36:14.395 [EVENT] sock=2516 hEvent=000009A4 events=0x0
2026-10-03 01:36:14.396 [EVENT] sock=2516 hEvent=000009A4 events=0x21
2026-10-03 01:36:15.401 [EVENT] sock=2516 hEvent=000009A4 events=0x0
2026-10-03 01:36:15.401 [EVENT] sock=2516 hEvent=000009A4 events=0x21
2026-10-03 01:36:16.372 [EVENT] sock=2516 hEvent=000009A4 events=0x0
2026-10-03 01:36:16.372 [EVENT] sock=2516 hEvent=000009A4 events=0x21
2026-10-03 01:36:16.404 [EVENT] sock=2516 hEvent=000009A4 events=0x0
2026-10-03 01:36:16.405 [EVENT] sock=2516 hEvent=000009A4 events=0x21
2026-10-03 01:36:17.405 [EVENT] sock=2516 hEvent=000009A4 events=0x0
2026-10-03 01:36:17.406 [EVENT] sock=2516 hEvent=000009A4 events=0x21
2026-10-03 01:36:18.405 [EVENT] sock=2516 hEvent=000009A4 events=0x0
2026-10-03 01:36:18.406 [EVENT] sock=2516 hEvent=000009A4 events=0x21
2026-10-03 01:36:19.403 [EVENT] sock=2516 hEvent=000009A4 events=0x0
2026-10-03 01:36:19.403 [EVENT] sock=2516 hEvent=000009A4 events=0x21
2026-10-03 01:36:20.393 [EVENT] sock=2516 hEvent=000009A4 events=0x0
2026-10-03 01:36:20.394 [EVENT] sock=2516 hEvent=000009A4 events=0x21
2026-10-03 01:36:21.408 [EVENT] sock=2516 hEvent=000009A4 events=0x0
2026-10-03 01:36:21.408 [EVENT] sock=2516 hEvent=000009A4 events=0x21
2026-10-03 01:36:21.678 [EVENT] sock=2516 hEvent=000009A4 events=0x0
2026-10-03 01:36:21.678 [EVENT] sock=2516 hEvent=000009A4 events=0x21
2026-10-03 01:36:22.652 [EVENT] sock=2516 hEvent=000009A4 events=0x0
2026-10-03 01:36:22.652 [EVENT] sock=2516 hEvent=000009A4 events=0x21
2026-10-03 01:36:24.850 [EVENT] sock=2516 hEvent=000009A4 events=0x0
2026-10-03 01:36:24.850 [EVENT] sock=2516 hEvent=000009A4 events=0x21
2026-10-03 01:36:29.983 [EVENT] sock=2656 hEvent=00000A0C events=0x0
2026-10-03 01:36:29.984 [EVENT] sock=2656 hEvent=00000A0C events=0x21
2026-10-03 01:36:31.751 [EVENT] sock=2516 hEvent=000009A4 events=0x0
2026-10-03 01:36:31.751 [EVENT] sock=2516 hEvent=000009A4 events=0x21
2026-10-03 01:36:41.811 [EVENT] sock=2516 hEvent=000009A4 events=0x0
2026-10-03 01:36:41.811 [EVENT] sock=2516 hEvent=000009A4 events=0x21
2026-10-03 01:36:45.760 [SETTLE] exp=1 gold=199366 len=393
2026-10-03 01:36:45.802 [EVENT] sock=2516 hEvent=000009A4 events=0x0
2026-10-03 01:36:45.804 [EVENT] sock=2516 hEvent=000009A4 events=0x21
2026-10-03 01:36:46.813 [EVENT] sock=2516 hEvent=000009A4 events=0x0
2026-10-03 01:36:46.814 [EVENT] sock=2516 hEvent=000009A4 events=0x21
2026-10-03 01:36:47.802 [EVENT] sock=2516 hEvent=000009A4 events=0x0
2026-10-03 01:36:47.802 [EVENT] sock=2516 hEvent=000009A4 events=0x21
2026-10-03 01:36:48.805 [EVENT] sock=2516 hEvent=000009A4 events=0x0
2026-10-03 01:36:48.807 [EVENT] sock=2516 hEvent=000009A4 events=0x21
2026-10-03 01:36:49.806 [EVENT] sock=2516 hEvent=000009A4 events=0x0
2026-10-03 01:36:49.806 [EVENT] sock=2516 hEvent=000009A4 events=0x21
2026-10-03 01:36:50.809 [EVENT] sock=2516 hEvent=000009A4 events=0x0
2026-10-03 01:36:50.810 [EVENT] sock=2516 hEvent=000009A4 events=0x21
2026-10-03 01:36:51.810 [EVENT] sock=2516 hEvent=000009A4 events=0x0
2026-10-03 01:36:51.810 [EVENT] sock=2516 hEvent=000009A4 events=0x21
2026-10-03 01:36:52.030 [EVENT] sock=2516 hEvent=000009A4 events=0x0
2026-10-03 01:36:52.030 [EVENT] sock=2516 hEvent=000009A4 events=0x21
2026-10-03 01:36:53.022 [EVENT] sock=2516 hEvent=000009A4 events=0x0
2026-10-03 01:36:53.022 [EVENT] sock=2516 hEvent=000009A4 events=0x21
2026-10-03 01:36:55.247 [EVENT] sock=2516 hEvent=000009A4 events=0x0
2026-10-03 01:36:55.248 [EVENT] sock=2516 hEvent=000009A4 events=0x21
2026-10-03 01:36:59.984 [EVENT] sock=2656 hEvent=00000A0C events=0x0
2026-10-03 01:36:59.984 [EVENT] sock=2656 hEvent=00000A0C events=0x21
2026-10-03 01:37:02.090 [EVENT] sock=2516 hEvent=000009A4 events=0x0
2026-10-03 01:37:02.090 [EVENT] sock=2516 hEvent=000009A4 events=0x21
2026-10-03 01:37:10.867 [EVENT] sock=2516 hEvent=000009A4 events=0x0
2026-10-03 01:37:10.867 [EVENT] sock=2516 hEvent=000009A4 events=0x21
2026-10-03 01:37:11.115 [EVENT] sock=2516 hEvent=000009A4 events=0x0
2026-10-03 01:37:11.116 [EVENT] sock=2516 hEvent=000009A4 events=0x21
2026-10-03 01:37:12.152 [EVENT] sock=2516 hEvent=000009A4 events=0x0
2026-10-03 01:37:12.153 [EVENT] sock=2516 hEvent=000009A4 events=0x21
2026-10-03 01:37:15.608 [SETTLE] exp=1 gold=199366 len=393
2026-10-03 01:37:15.655 [EVENT] sock=2516 hEvent=000009A4 events=0x0
2026-10-03 01:37:15.656 [EVENT] sock=2516 hEvent=000009A4 events=0x21
2026-10-03 01:37:16.656 [EVENT] sock=2516 hEvent=000009A4 events=0x0
2026-10-03 01:37:16.657 [EVENT] sock=2516 hEvent=000009A4 events=0x21
2026-10-03 01:37:17.666 [EVENT] sock=2516 hEvent=000009A4 events=0x0
2026-10-03 01:37:17.666 [EVENT] sock=2516 hEvent=000009A4 events=0x21
2026-10-03 01:37:18.657 [EVENT] sock=2516 hEvent=000009A4 events=0x0
2026-10-03 01:37:18.658 [EVENT] sock=2516 hEvent=000009A4 events=0x21
2026-10-03 01:37:19.665 [EVENT] sock=2516 hEvent=000009A4 events=0x0
2026-10-03 01:37:19.665 [EVENT] sock=2516 hEvent=000009A4 events=0x21
2026-10-03 01:37:19.890 [EVENT] sock=2516 hEvent=000009A4 events=0x0
2026-10-03 01:37:19.890 [EVENT] sock=2516 hEvent=000009A4 events=0x21
2026-10-03 01:37:20.861 [EVENT] sock=2516 hEvent=000009A4 events=0x0
2026-10-03 01:37:20.862 [EVENT] sock=2516 hEvent=000009A4 events=0x21
2026-10-03 01:37:23.004 [EVENT] sock=2516 hEvent=000009A4 events=0x0
2026-10-03 01:37:23.004 [EVENT] sock=2516 hEvent=000009A4 events=0x21
2026-10-03 01:37:29.943 [EVENT] sock=2516 hEvent=000009A4 events=0x0
2026-10-03 01:37:29.943 [EVENT] sock=2516 hEvent=000009A4 events=0x21
2026-10-03 01:37:29.985 [EVENT] sock=2656 hEvent=00000A0C events=0x0
2026-10-03 01:37:29.985 [EVENT] sock=2656 hEvent=00000A0C events=0x21
2026-10-03 01:37:39.996 [EVENT] sock=2516 hEvent=000009A4 events=0x0
2026-10-03 01:37:39.997 [EVENT] sock=2516 hEvent=000009A4 events=0x21
2026-10-03 01:37:41.827 [SETTLE] exp=2 gold=199366 len=403
2026-10-03 01:37:41.860 [EVENT] sock=2516 hEvent=000009A4 events=0x0
2026-10-03 01:37:41.860 [EVENT] sock=2516 hEvent=000009A4 events=0x21
2026-10-03 01:37:42.870 [EVENT] sock=2516 hEvent=000009A4 events=0x0
2026-10-03 01:37:42.870 [EVENT] sock=2516 hEvent=000009A4 events=0x21
2026-10-03 01:37:43.857 [EVENT] sock=2516 hEvent=000009A4 events=0x0
2026-10-03 01:37:43.859 [EVENT] sock=2516 hEvent=000009A4 events=0x21
2026-10-03 01:37:43.874 [EVENT] sock=2516 hEvent=000009A4 events=0x0
2026-10-03 01:37:43.874 [EVENT] sock=2516 hEvent=000009A4 events=0x21
2026-10-03 01:37:44.862 [EVENT] sock=2516 hEvent=000009A4 events=0x0
2026-10-03 01:37:44.862 [EVENT] sock=2516 hEvent=000009A4 events=0x21
2026-10-03 01:37:45.879 [EVENT] sock=2516 hEvent=000009A4 events=0x0
2026-10-03 01:37:45.879 [EVENT] sock=2516 hEvent=000009A4 events=0x21
2026-10-03 01:37:46.877 [EVENT] sock=2516 hEvent=000009A4 events=0x0
2026-10-03 01:37:46.877 [EVENT] sock=2516 hEvent=000009A4 events=0x21
2026-10-03 01:37:47.111 [EVENT] sock=2516 hEvent=000009A4 events=0x0
2026-10-03 01:37:47.111 [EVENT] sock=2516 hEvent=000009A4 events=0x21
2026-10-03 01:37:48.073 [EVENT] sock=2516 hEvent=000009A4 events=0x0
2026-10-03 01:37:48.073 [EVENT] sock=2516 hEvent=000009A4 events=0x21
2026-10-03 01:37:50.205 [EVENT] sock=2516 hEvent=000009A4 events=0x0
2026-10-03 01:37:50.205 [EVENT] sock=2516 hEvent=000009A4 events=0x21
2026-10-03 01:37:57.173 [EVENT] sock=2516 hEvent=000009A4 events=0x0
2026-10-03 01:37:57.173 [EVENT] sock=2516 hEvent=000009A4 events=0x21
2026-10-03 01:37:59.986 [EVENT] sock=2656 hEvent=00000A0C events=0x0
2026-10-03 01:37:59.986 [EVENT] sock=2656 hEvent=00000A0C events=0x21
2026-10-03 01:38:06.679 [SETTLE] exp=2 gold=199366 len=403
2026-10-03 01:38:06.717 [EVENT] sock=2516 hEvent=000009A4 events=0x0
2026-10-03 01:38:06.718 [EVENT] sock=2516 hEvent=000009A4 events=0x21
2026-10-03 01:38:07.722 [EVENT] sock=2516 hEvent=000009A4 events=0x0
2026-10-03 01:38:07.722 [EVENT] sock=2516 hEvent=000009A4 events=0x21
2026-10-03 01:38:08.731 [EVENT] sock=2516 hEvent=000009A4 events=0x0
2026-10-03 01:38:08.731 [EVENT] sock=2516 hEvent=000009A4 events=0x21
2026-10-03 01:38:09.721 [EVENT] sock=2516 hEvent=000009A4 events=0x0
2026-10-03 01:38:09.722 [EVENT] sock=2516 hEvent=000009A4 events=0x21
2026-10-03 01:38:10.733 [EVENT] sock=2516 hEvent=000009A4 events=0x0
2026-10-03 01:38:10.733 [EVENT] sock=2516 hEvent=000009A4 events=0x21
2026-10-03 01:38:10.999 [EVENT] sock=2516 hEvent=000009A4 events=0x0
2026-10-03 01:38:10.999 [EVENT] sock=2516 hEvent=000009A4 events=0x21
2026-10-03 01:38:11.938 [EVENT] sock=2516 hEvent=000009A4 events=0x0
2026-10-03 01:38:11.938 [EVENT] sock=2516 hEvent=000009A4 events=0x21
2026-10-03 01:38:14.193 [EVENT] sock=2516 hEvent=000009A4 events=0x0
2026-10-03 01:38:14.193 [EVENT] sock=2516 hEvent=000009A4 events=0x21
2026-10-03 01:38:21.062 [EVENT] sock=2516 hEvent=000009A4 events=0x0
2026-10-03 01:38:21.062 [EVENT] sock=2516 hEvent=000009A4 events=0x21
2026-10-03 01:38:28.879 [SETTLE] exp=2 gold=199366 len=393
2026-10-03 01:38:28.915 [EVENT] sock=2516 hEvent=000009A4 events=0x0
2026-10-03 01:38:28.916 [EVENT] sock=2516 hEvent=000009A4 events=0x21
2026-10-03 01:38:29.922 [EVENT] sock=2516 hEvent=000009A4 events=0x0
2026-10-03 01:38:29.923 [EVENT] sock=2516 hEvent=000009A4 events=0x21
2026-10-03 01:38:29.986 [EVENT] sock=2656 hEvent=00000A0C events=0x0
2026-10-03 01:38:29.987 [EVENT] sock=2656 hEvent=00000A0C events=0x21
2026-10-03 01:38:30.921 [EVENT] sock=2516 hEvent=000009A4 events=0x0
2026-10-03 01:38:30.923 [EVENT] sock=2516 hEvent=000009A4 events=0x21
2026-10-03 01:38:31.928 [EVENT] sock=2516 hEvent=000009A4 events=0x0
2026-10-03 01:38:31.928 [EVENT] sock=2516 hEvent=000009A4 events=0x21
2026-10-03 01:38:32.930 [EVENT] sock=2516 hEvent=000009A4 events=0x0
2026-10-03 01:38:32.930 [EVENT] sock=2516 hEvent=000009A4 events=0x21
2026-10-03 01:38:33.918 [EVENT] sock=2516 hEvent=000009A4 events=0x0
2026-10-03 01:38:33.919 [EVENT] sock=2516 hEvent=000009A4 events=0x21
2026-10-03 01:38:34.145 [EVENT] sock=2516 hEvent=000009A4 events=0x0
2026-10-03 01:38:34.145 [EVENT] sock=2516 hEvent=000009A4 events=0x21
2026-10-03 01:38:35.131 [EVENT] sock=2516 hEvent=000009A4 events=0x0
2026-10-03 01:38:35.131 [EVENT] sock=2516 hEvent=000009A4 events=0x21
2026-10-03 01:38:37.303 [EVENT] sock=2516 hEvent=000009A4 events=0x0
2026-10-03 01:38:37.303 [EVENT] sock=2516 hEvent=000009A4 events=0x21
2026-10-03 01:38:44.198 [EVENT] sock=2516 hEvent=000009A4 events=0x0
2026-10-03 01:38:44.199 [EVENT] sock=2516 hEvent=000009A4 events=0x21
2026-10-03 01:38:54.256 [EVENT] sock=2516 hEvent=000009A4 events=0x0
2026-10-03 01:38:54.257 [EVENT] sock=2516 hEvent=000009A4 events=0x21
2026-10-03 01:38:57.979 [SETTLE] exp=2 gold=199366 len=403
2026-10-03 01:38:58.014 [EVENT] sock=2516 hEvent=000009A4 events=0x0
2026-10-03 01:38:58.014 [EVENT] sock=2516 hEvent=000009A4 events=0x21
2026-10-03 01:38:59.019 [EVENT] sock=2516 hEvent=000009A4 events=0x0
2026-10-03 01:38:59.019 [EVENT] sock=2516 hEvent=000009A4 events=0x21
2026-10-03 01:38:59.988 [EVENT] sock=2656 hEvent=00000A0C events=0x0
2026-10-03 01:38:59.988 [EVENT] sock=2656 hEvent=00000A0C events=0x21
2026-10-03 01:38:59.999 [EVENT] sock=2516 hEvent=000009A4 events=0x0
2026-10-03 01:39:00.000 [EVENT] sock=2516 hEvent=000009A4 events=0x21
2026-10-03 01:39:00.017 [EVENT] sock=2516 hEvent=000009A4 events=0x0
2026-10-03 01:39:00.017 [EVENT] sock=2516 hEvent=000009A4 events=0x21
2026-10-03 01:39:01.020 [EVENT] sock=2516 hEvent=000009A4 events=0x0
2026-10-03 01:39:01.020 [EVENT] sock=2516 hEvent=000009A4 events=0x21
2026-10-03 01:39:02.021 [EVENT] sock=2516 hEvent=000009A4 events=0x0
2026-10-03 01:39:02.022 [EVENT] sock=2516 hEvent=000009A4 events=0x21
2026-10-03 01:39:02.247 [EVENT] sock=2516 hEvent=000009A4 events=0x0
2026-10-03 01:39:02.247 [EVENT] sock=2516 hEvent=000009A4 events=0x21
2026-10-03 01:39:03.237 [EVENT] sock=2516 hEvent=000009A4 events=0x0
2026-10-03 01:39:03.237 [EVENT] sock=2516 hEvent=000009A4 events=0x21
2026-10-03 01:39:05.407 [EVENT] sock=2516 hEvent=000009A4 events=0x0
2026-10-03 01:39:05.408 [EVENT] sock=2516 hEvent=000009A4 events=0x21
2026-10-03 01:39:12.357 [EVENT] sock=2516 hEvent=000009A4 events=0x0
2026-10-03 01:39:12.361 [EVENT] sock=2516 hEvent=000009A4 events=0x21
2026-10-03 01:39:21.464 [EVENT] sock=2516 hEvent=000009A4 events=0x0
2026-10-03 01:39:21.465 [EVENT] sock=2516 hEvent=000009A4 events=0x21
2026-10-03 01:39:21.596 [EVENT] sock=2516 hEvent=000009A4 events=0x0
2026-10-03 01:39:21.596 [EVENT] sock=2516 hEvent=000009A4 events=0x21
2026-10-03 01:39:22.429 [EVENT] sock=2516 hEvent=000009A4 events=0x0
2026-10-03 01:39:22.429 [EVENT] sock=2516 hEvent=000009A4 events=0x21
2026-10-03 01:39:26.232 [SETTLE] exp=1 gold=199366 len=393
2026-10-03 01:39:26.270 [EVENT] sock=2516 hEvent=000009A4 events=0x0
2026-10-03 01:39:26.270 [EVENT] sock=2516 hEvent=000009A4 events=0x21
2026-10-03 01:39:26.496 [OP] 4707 inv=FFF3 len=12 #1 8b3bad8023ecfc0b17faa32b
2026-10-03 01:39:26.580 [OP] 4612 inv=FFF7 len=8 #1 ca805b647c8052fa
2026-10-03 01:39:27.286 [EVENT] sock=2516 hEvent=000009A4 events=0x0
2026-10-03 01:39:27.286 [EVENT] sock=2516 hEvent=000009A4 events=0x21
2026-10-03 01:39:28.284 [EVENT] sock=2516 hEvent=000009A4 events=0x0
2026-10-03 01:39:28.284 [EVENT] sock=2516 hEvent=000009A4 events=0x21
2026-10-03 01:39:29.275 [EVENT] sock=2516 hEvent=000009A4 events=0x0
2026-10-03 01:39:29.275 [EVENT] sock=2516 hEvent=000009A4 events=0x21
2026-10-03 01:39:29.988 [EVENT] sock=2656 hEvent=00000A0C events=0x0
2026-10-03 01:39:29.988 [EVENT] sock=2656 hEvent=00000A0C events=0x21
2026-10-03 01:39:30.277 [EVENT] sock=2516 hEvent=000009A4 events=0x0
2026-10-03 01:39:30.278 [EVENT] sock=2516 hEvent=000009A4 events=0x21
2026-10-03 01:39:31.277 [EVENT] sock=2516 hEvent=000009A4 events=0x0
2026-10-03 01:39:31.277 [EVENT] sock=2516 hEvent=000009A4 events=0x21
2026-10-03 01:39:32.275 [EVENT] sock=2516 hEvent=000009A4 events=0x0
2026-10-03 01:39:32.276 [EVENT] sock=2516 hEvent=000009A4 events=0x21
2026-10-03 01:39:32.473 [EVENT] sock=2516 hEvent=000009A4 events=0x0
2026-10-03 01:39:32.473 [EVENT] sock=2516 hEvent=000009A4 events=0x21
2026-10-03 01:39:33.478 [EVENT] sock=2516 hEvent=000009A4 events=0x0
2026-10-03 01:39:33.478 [EVENT] sock=2516 hEvent=000009A4 events=0x21
2026-10-03 01:39:35.721 [EVENT] sock=2516 hEvent=000009A4 events=0x0
2026-10-03 01:39:35.722 [EVENT] sock=2516 hEvent=000009A4 events=0x21
2026-10-03 01:39:42.614 [EVENT] sock=2516 hEvent=000009A4 events=0x0
2026-10-03 01:39:42.614 [EVENT] sock=2516 hEvent=000009A4 events=0x21
2026-10-03 01:39:52.683 [EVENT] sock=2516 hEvent=000009A4 events=0x0
2026-10-03 01:39:52.683 [EVENT] sock=2516 hEvent=000009A4 events=0x21
2026-10-03 01:39:59.989 [EVENT] sock=2656 hEvent=00000A0C events=0x0
2026-10-03 01:39:59.989 [EVENT] sock=2656 hEvent=00000A0C events=0x21
2026-10-03 01:40:02.741 [EVENT] sock=2516 hEvent=000009A4 events=0x0
2026-10-03 01:40:02.742 [EVENT] sock=2516 hEvent=000009A4 events=0x21
2026-10-03 01:40:02.964 [SETTLE] exp=2 gold=199366 len=393
2026-10-03 01:40:02.990 [EVENT] sock=2516 hEvent=000009A4 events=0x0
2026-10-03 01:40:02.990 [EVENT] sock=2516 hEvent=000009A4 events=0x21
2026-10-03 01:40:03.997 [EVENT] sock=2516 hEvent=000009A4 events=0x0
2026-10-03 01:40:03.997 [EVENT] sock=2516 hEvent=000009A4 events=0x21
2026-10-03 01:40:12.990 [EVENT] sock=2516 hEvent=000009A4 events=0x0
2026-10-03 01:40:12.990 [EVENT] sock=2516 hEvent=000009A4 events=0x21
2026-10-03 01:40:23.041 [EVENT] sock=2516 hEvent=000009A4 events=0x0
2026-10-03 01:40:23.041 [EVENT] sock=2516 hEvent=000009A4 events=0x21
2026-10-03 01:40:29.990 [EVENT] sock=2656 hEvent=00000A0C events=0x0
2026-10-03 01:40:29.991 [EVENT] sock=2656 hEvent=00000A0C events=0x21
2026-10-03 01:40:33.101 [EVENT] sock=2516 hEvent=000009A4 events=0x0
2026-10-03 01:40:33.101 [EVENT] sock=2516 hEvent=000009A4 events=0x21
2026-10-03 01:40:43.151 [EVENT] sock=2516 hEvent=000009A4 events=0x0
2026-10-03 01:40:43.151 [EVENT] sock=2516 hEvent=000009A4 events=0x21
2026-10-03 01:40:53.205 [EVENT] sock=2516 hEvent=000009A4 events=0x0
2026-10-03 01:40:53.205 [EVENT] sock=2516 hEvent=000009A4 events=0x21
2026-10-03 01:40:59.992 [EVENT] sock=2656 hEvent=00000A0C events=0x0
2026-10-03 01:40:59.992 [EVENT] sock=2656 hEvent=00000A0C events=0x21
2026-10-03 01:41:03.255 [EVENT] sock=2516 hEvent=000009A4 events=0x0
2026-10-03 01:41:03.255 [EVENT] sock=2516 hEvent=000009A4 events=0x21
2026-10-03 01:41:13.302 [EVENT] sock=2516 hEvent=000009A4 events=0x0
2026-10-03 01:41:13.303 [EVENT] sock=2516 hEvent=000009A4 events=0x21
2026-10-03 01:41:23.358 [EVENT] sock=2516 hEvent=000009A4 events=0x0
2026-10-03 01:41:23.358 [EVENT] sock=2516 hEvent=000009A4 events=0x21
2026-10-03 01:41:29.994 [EVENT] sock=2656 hEvent=00000A0C events=0x0
2026-10-03 01:41:29.994 [EVENT] sock=2656 hEvent=00000A0C events=0x21
2026-10-03 01:41:33.414 [EVENT] sock=2516 hEvent=000009A4 events=0x0
2026-10-03 01:41:33.414 [EVENT] sock=2516 hEvent=000009A4 events=0x21
2026-10-03 01:41:43.460 [EVENT] sock=2516 hEvent=000009A4 events=0x0
2026-10-03 01:41:43.461 [EVENT] sock=2516 hEvent=000009A4 events=0x21
2026-10-03 01:41:53.516 [EVENT] sock=2516 hEvent=000009A4 events=0x0
2026-10-03 01:41:53.516 [EVENT] sock=2516 hEvent=000009A4 events=0x21
2026-10-03 01:41:59.994 [EVENT] sock=2656 hEvent=00000A0C events=0x0
2026-10-03 01:41:59.994 [EVENT] sock=2656 hEvent=00000A0C events=0x21
2026-10-03 01:42:03.584 [EVENT] sock=2516 hEvent=000009A4 events=0x0
2026-10-03 01:42:03.584 [EVENT] sock=2516 hEvent=000009A4 events=0x21
2026-10-03 01:42:13.657 [EVENT] sock=2516 hEvent=000009A4 events=0x0
2026-10-03 01:42:13.658 [EVENT] sock=2516 hEvent=000009A4 events=0x21
2026-10-03 01:42:23.705 [EVENT] sock=2516 hEvent=000009A4 events=0x0
2026-10-03 01:42:23.705 [EVENT] sock=2516 hEvent=000009A4 events=0x21
2026-10-03 01:42:29.995 [EVENT] sock=2656 hEvent=00000A0C events=0x0
2026-10-03 01:42:29.997 [EVENT] sock=2656 hEvent=00000A0C events=0x21
2026-10-03 01:42:33.759 [EVENT] sock=2516 hEvent=000009A4 events=0x0
2026-10-03 01:42:33.759 [EVENT] sock=2516 hEvent=000009A4 events=0x21
2026-10-03 01:42:43.808 [EVENT] sock=2516 hEvent=000009A4 events=0x0
2026-10-03 01:42:43.809 [EVENT] sock=2516 hEvent=000009A4 events=0x21
2026-10-03 01:42:46.770 [EVENT] sock=2656 hEvent=00000A0C events=0x0
2026-10-03 01:42:46.770 [EVENT] sock=2656 hEvent=00000A0C events=0x21
2026-10-03 01:42:53.855 [EVENT] sock=2516 hEvent=000009A4 events=0x0
2026-10-03 01:42:53.857 [EVENT] sock=2516 hEvent=000009A4 events=0x21
2026-10-03 01:42:59.997 [EVENT] sock=2656 hEvent=00000A0C events=0x0
2026-10-03 01:42:59.997 [EVENT] sock=2656 hEvent=00000A0C events=0x21
2026-10-03 01:43:03.916 [EVENT] sock=2516 hEvent=000009A4 events=0x0
2026-10-03 01:43:03.917 [EVENT] sock=2516 hEvent=000009A4 events=0x21
2026-10-03 01:43:13.964 [EVENT] sock=2516 hEvent=000009A4 events=0x0
2026-10-03 01:43:13.964 [EVENT] sock=2516 hEvent=000009A4 events=0x21
2026-10-03 01:43:24.026 [EVENT] sock=2516 hEvent=000009A4 events=0x0
2026-10-03 01:43:24.027 [EVENT] sock=2516 hEvent=000009A4 events=0x21
2026-10-03 01:43:29.998 [EVENT] sock=2656 hEvent=00000A0C events=0x0
2026-10-03 01:43:29.998 [EVENT] sock=2656 hEvent=00000A0C events=0x21
2026-10-03 01:43:34.085 [EVENT] sock=2516 hEvent=000009A4 events=0x0
2026-10-03 01:43:34.086 [EVENT] sock=2516 hEvent=000009A4 events=0x21
2026-10-03 01:43:34.124 [EVENT] sock=2656 hEvent=00000A0C events=0x0
2026-10-03 01:43:34.124 [EVENT] sock=2656 hEvent=00000A0C events=0x21
2026-10-03 01:43:44.139 [EVENT] sock=2516 hEvent=000009A4 events=0x0
2026-10-03 01:43:44.139 [EVENT] sock=2516 hEvent=000009A4 events=0x21
2026-10-03 01:43:54.198 [EVENT] sock=2516 hEvent=000009A4 events=0x0
2026-10-03 01:43:54.198 [EVENT] sock=2516 hEvent=000009A4 events=0x21
2026-10-03 01:43:59.999 [EVENT] sock=2656 hEvent=00000A0C events=0x0
2026-10-03 01:43:59.999 [EVENT] sock=2656 hEvent=00000A0C events=0x21
2026-10-03 01:44:04.254 [EVENT] sock=2516 hEvent=000009A4 events=0x0
2026-10-03 01:44:04.255 [EVENT] sock=2516 hEvent=000009A4 events=0x21
2026-10-03 01:44:14.301 [EVENT] sock=2516 hEvent=000009A4 events=0x0
2026-10-03 01:44:14.301 [EVENT] sock=2516 hEvent=000009A4 events=0x21
2026-10-03 01:44:24.354 [EVENT] sock=2516 hEvent=000009A4 events=0x0
2026-10-03 01:44:24.355 [EVENT] sock=2516 hEvent=000009A4 events=0x21
2026-10-03 01:44:29.999 [EVENT] sock=2656 hEvent=00000A0C events=0x0
2026-10-03 01:44:30.000 [EVENT] sock=2656 hEvent=00000A0C events=0x21
2026-10-03 01:44:34.416 [EVENT] sock=2516 hEvent=000009A4 events=0x0
2026-10-03 01:44:34.416 [EVENT] sock=2516 hEvent=000009A4 events=0x21
2026-10-03 01:44:44.475 [EVENT] sock=2516 hEvent=000009A4 events=0x0
2026-10-03 01:44:44.476 [EVENT] sock=2516 hEvent=000009A4 events=0x21
2026-10-03 01:44:54.528 [EVENT] sock=2516 hEvent=000009A4 events=0x0
2026-10-03 01:44:54.528 [EVENT] sock=2516 hEvent=000009A4 events=0x21
2026-10-03 01:45:00.001 [EVENT] sock=2656 hEvent=00000A0C events=0x0
2026-10-03 01:45:00.001 [EVENT] sock=2656 hEvent=00000A0C events=0x21
2026-10-03 01:45:04.591 [EVENT] sock=2516 hEvent=000009A4 events=0x0
2026-10-03 01:45:04.591 [EVENT] sock=2516 hEvent=000009A4 events=0x21
2026-10-03 01:45:14.637 [EVENT] sock=2516 hEvent=000009A4 events=0x0
2026-10-03 01:45:14.637 [EVENT] sock=2516 hEvent=000009A4 events=0x21
2026-10-03 01:45:24.704 [EVENT] sock=2516 hEvent=000009A4 events=0x0
2026-10-03 01:45:24.704 [EVENT] sock=2516 hEvent=000009A4 events=0x21
2026-10-03 01:45:30.001 [EVENT] sock=2656 hEvent=00000A0C events=0x0
2026-10-03 01:45:30.001 [EVENT] sock=2656 hEvent=00000A0C events=0x21
2026-10-03 01:45:34.765 [EVENT] sock=2516 hEvent=000009A4 events=0x0
2026-10-03 01:45:34.765 [EVENT] sock=2516 hEvent=000009A4 events=0x21
2026-10-03 01:45:44.817 [EVENT] sock=2516 hEvent=000009A4 events=0x0
2026-10-03 01:45:44.818 [EVENT] sock=2516 hEvent=000009A4 events=0x21
2026-10-03 01:45:54.877 [EVENT] sock=2516 hEvent=000009A4 events=0x0
2026-10-03 01:45:54.877 [EVENT] sock=2516 hEvent=000009A4 events=0x21
2026-10-03 01:46:00.003 [EVENT] sock=2656 hEvent=00000A0C events=0x0
2026-10-03 01:46:00.003 [EVENT] sock=2656 hEvent=00000A0C events=0x21
2026-10-03 01:46:04.927 [EVENT] sock=2516 hEvent=000009A4 events=0x0
2026-10-03 01:46:04.927 [EVENT] sock=2516 hEvent=000009A4 events=0x21
2026-10-03 01:46:14.981 [EVENT] sock=2516 hEvent=000009A4 events=0x0
2026-10-03 01:46:14.982 [EVENT] sock=2516 hEvent=000009A4 events=0x21
2026-10-03 01:46:25.034 [EVENT] sock=2516 hEvent=000009A4 events=0x0
2026-10-03 01:46:25.034 [EVENT] sock=2516 hEvent=000009A4 events=0x21
2026-10-03 01:46:30.003 [EVENT] sock=2656 hEvent=00000A0C events=0x0
2026-10-03 01:46:30.004 [EVENT] sock=2656 hEvent=00000A0C events=0x21
2026-10-03 01:46:35.094 [EVENT] sock=2516 hEvent=000009A4 events=0x0
2026-10-03 01:46:35.094 [EVENT] sock=2516 hEvent=000009A4 events=0x21
2026-10-03 01:46:40.023 [EVENT] sock=2656 hEvent=00000A0C events=0x0
2026-10-03 01:46:40.023 [EVENT] sock=2656 hEvent=00000A0C events=0x21
2026-10-03 01:46:45.144 [EVENT] sock=2516 hEvent=000009A4 events=0x0
2026-10-03 01:46:45.146 [EVENT] sock=2516 hEvent=000009A4 events=0x21
2026-10-03 01:46:55.193 [EVENT] sock=2516 hEvent=000009A4 events=0x0
2026-10-03 01:46:55.193 [EVENT] sock=2516 hEvent=000009A4 events=0x21
2026-10-03 01:47:00.005 [EVENT] sock=2656 hEvent=00000A0C events=0x0
2026-10-03 01:47:00.005 [EVENT] sock=2656 hEvent=00000A0C events=0x21
2026-10-03 01:47:05.246 [EVENT] sock=2516 hEvent=000009A4 events=0x0
2026-10-03 01:47:05.247 [EVENT] sock=2516 hEvent=000009A4 events=0x21
2026-10-03 01:47:15.296 [EVENT] sock=2516 hEvent=000009A4 events=0x0
2026-10-03 01:47:15.296 [EVENT] sock=2516 hEvent=000009A4 events=0x21
2026-10-03 01:47:25.353 [EVENT] sock=2516 hEvent=000009A4 events=0x0
2026-10-03 01:47:25.354 [EVENT] sock=2516 hEvent=000009A4 events=0x21
2026-10-03 01:47:30.005 [EVENT] sock=2656 hEvent=00000A0C events=0x0
2026-10-03 01:47:30.005 [EVENT] sock=2656 hEvent=00000A0C events=0x21
2026-10-03 01:47:35.411 [EVENT] sock=2516 hEvent=000009A4 events=0x0
2026-10-03 01:47:35.411 [EVENT] sock=2516 hEvent=000009A4 events=0x21
2026-10-03 01:47:45.463 [EVENT] sock=2516 hEvent=000009A4 events=0x0
2026-10-03 01:47:45.464 [EVENT] sock=2516 hEvent=000009A4 events=0x21
2026-10-03 01:47:55.515 [EVENT] sock=2516 hEvent=000009A4 events=0x0
2026-10-03 01:47:55.517 [EVENT] sock=2516 hEvent=000009A4 events=0x21
2026-10-03 01:48:00.005 [EVENT] sock=2656 hEvent=00000A0C events=0x0
2026-10-03 01:48:00.005 [EVENT] sock=2656 hEvent=00000A0C events=0x21
2026-10-03 01:48:05.574 [EVENT] sock=2516 hEvent=000009A4 events=0x0
2026-10-03 01:48:05.575 [EVENT] sock=2516 hEvent=000009A4 events=0x21
2026-10-03 01:48:15.622 [EVENT] sock=2516 hEvent=000009A4 events=0x0
2026-10-03 01:48:15.623 [EVENT] sock=2516 hEvent=000009A4 events=0x21
2026-10-03 01:48:25.681 [EVENT] sock=2516 hEvent=000009A4 events=0x0
2026-10-03 01:48:25.683 [EVENT] sock=2516 hEvent=000009A4 events=0x21
2026-10-03 01:48:30.006 [EVENT] sock=2656 hEvent=00000A0C events=0x0
2026-10-03 01:48:30.006 [EVENT] sock=2656 hEvent=00000A0C events=0x21
2026-10-03 01:48:35.730 [EVENT] sock=2516 hEvent=000009A4 events=0x0
2026-10-03 01:48:35.731 [EVENT] sock=2516 hEvent=000009A4 events=0x21
2026-10-03 01:48:45.789 [EVENT] sock=2516 hEvent=000009A4 events=0x0
2026-10-03 01:48:45.789 [EVENT] sock=2516 hEvent=000009A4 events=0x21
2026-10-03 01:48:55.848 [EVENT] sock=2516 hEvent=000009A4 events=0x0
2026-10-03 01:48:55.848 [EVENT] sock=2516 hEvent=000009A4 events=0x21
2026-10-03 01:49:00.007 [EVENT] sock=2656 hEvent=00000A0C events=0x0
2026-10-03 01:49:00.007 [EVENT] sock=2656 hEvent=00000A0C events=0x21
2026-10-03 01:49:05.901 [EVENT] sock=2516 hEvent=000009A4 events=0x0
2026-10-03 01:49:05.902 [EVENT] sock=2516 hEvent=000009A4 events=0x21
2026-10-03 01:49:15.948 [EVENT] sock=2516 hEvent=000009A4 events=0x0
2026-10-03 01:49:15.949 [EVENT] sock=2516 hEvent=000009A4 events=0x21
2026-10-03 01:49:26.010 [EVENT] sock=2516 hEvent=000009A4 events=0x0
2026-10-03 01:49:26.010 [EVENT] sock=2516 hEvent=000009A4 events=0x21
2026-10-03 01:49:30.009 [EVENT] sock=2656 hEvent=00000A0C events=0x0
2026-10-03 01:49:30.010 [EVENT] sock=2656 hEvent=00000A0C events=0x21
2026-10-03 01:49:36.069 [EVENT] sock=2516 hEvent=000009A4 events=0x0
2026-10-03 01:49:36.069 [EVENT] sock=2516 hEvent=000009A4 events=0x21
2026-10-03 01:49:46.122 [EVENT] sock=2516 hEvent=000009A4 events=0x0
2026-10-03 01:49:46.122 [EVENT] sock=2516 hEvent=000009A4 events=0x21
2026-10-03 01:49:56.180 [EVENT] sock=2516 hEvent=000009A4 events=0x0
2026-10-03 01:49:56.180 [EVENT] sock=2516 hEvent=000009A4 events=0x21
2026-10-03 01:50:00.010 [EVENT] sock=2656 hEvent=00000A0C events=0x0
2026-10-03 01:50:00.010 [EVENT] sock=2656 hEvent=00000A0C events=0x21
2026-10-03 01:50:06.231 [EVENT] sock=2516 hEvent=000009A4 events=0x0
2026-10-03 01:50:06.232 [EVENT] sock=2516 hEvent=000009A4 events=0x21
2026-10-03 01:50:16.287 [EVENT] sock=2516 hEvent=000009A4 events=0x0
2026-10-03 01:50:16.288 [EVENT] sock=2516 hEvent=000009A4 events=0x21
2026-10-03 01:50:26.341 [EVENT] sock=2516 hEvent=000009A4 events=0x0
2026-10-03 01:50:26.341 [EVENT] sock=2516 hEvent=000009A4 events=0x21
2026-10-03 01:50:30.012 [EVENT] sock=2656 hEvent=00000A0C events=0x0
2026-10-03 01:50:30.012 [EVENT] sock=2656 hEvent=00000A0C events=0x21
2026-10-03 01:50:36.401 [EVENT] sock=2516 hEvent=000009A4 events=0x0
2026-10-03 01:50:36.402 [EVENT] sock=2516 hEvent=000009A4 events=0x21
2026-10-03 01:50:46.458 [EVENT] sock=2516 hEvent=000009A4 events=0x0
2026-10-03 01:50:46.458 [EVENT] sock=2516 hEvent=000009A4 events=0x21
2026-10-03 01:50:56.516 [EVENT] sock=2516 hEvent=000009A4 events=0x0
2026-10-03 01:50:56.517 [EVENT] sock=2516 hEvent=000009A4 events=0x21
2026-10-03 01:51:00.013 [EVENT] sock=2656 hEvent=00000A0C events=0x0
2026-10-03 01:51:00.013 [EVENT] sock=2656 hEvent=00000A0C events=0x21
2026-10-03 01:51:06.576 [EVENT] sock=2516 hEvent=000009A4 events=0x0
2026-10-03 01:51:06.577 [EVENT] sock=2516 hEvent=000009A4 events=0x21
2026-10-03 01:51:16.629 [EVENT] sock=2516 hEvent=000009A4 events=0x0
2026-10-03 01:51:16.629 [EVENT] sock=2516 hEvent=000009A4 events=0x21
2026-10-03 01:51:26.683 [EVENT] sock=2516 hEvent=000009A4 events=0x0
2026-10-03 01:51:26.684 [EVENT] sock=2516 hEvent=000009A4 events=0x21
2026-10-03 01:51:30.016 [EVENT] sock=2656 hEvent=00000A0C events=0x0
2026-10-03 01:51:30.016 [EVENT] sock=2656 hEvent=00000A0C events=0x21
2026-10-03 01:51:36.730 [EVENT] sock=2516 hEvent=000009A4 events=0x0
2026-10-03 01:51:36.730 [EVENT] sock=2516 hEvent=000009A4 events=0x21
2026-10-03 01:51:46.788 [EVENT] sock=2516 hEvent=000009A4 events=0x0
2026-10-03 01:51:46.789 [EVENT] sock=2516 hEvent=000009A4 events=0x21
2026-10-03 01:51:56.840 [EVENT] sock=2516 hEvent=000009A4 events=0x0
2026-10-03 01:51:56.840 [EVENT] sock=2516 hEvent=000009A4 events=0x21
2026-10-03 01:52:00.017 [EVENT] sock=2656 hEvent=00000A0C events=0x0
2026-10-03 01:52:00.018 [EVENT] sock=2656 hEvent=00000A0C events=0x21
2026-10-03 01:52:06.913 [EVENT] sock=2516 hEvent=000009A4 events=0x0
2026-10-03 01:52:06.913 [EVENT] sock=2516 hEvent=000009A4 events=0x21
2026-10-03 01:52:16.967 [EVENT] sock=2516 hEvent=000009A4 events=0x0
2026-10-03 01:52:16.967 [EVENT] sock=2516 hEvent=000009A4 events=0x21
2026-10-03 01:52:27.028 [EVENT] sock=2516 hEvent=000009A4 events=0x0
2026-10-03 01:52:27.028 [EVENT] sock=2516 hEvent=000009A4 events=0x21
2026-10-03 01:52:30.018 [EVENT] sock=2656 hEvent=00000A0C events=0x0
2026-10-03 01:52:30.019 [EVENT] sock=2656 hEvent=00000A0C events=0x21
2026-10-03 01:52:37.094 [EVENT] sock=2516 hEvent=000009A4 events=0x0
2026-10-03 01:52:37.095 [EVENT] sock=2516 hEvent=000009A4 events=0x21
2026-10-03 01:52:47.152 [EVENT] sock=2516 hEvent=000009A4 events=0x0
2026-10-03 01:52:47.152 [EVENT] sock=2516 hEvent=000009A4 events=0x21
2026-10-03 01:52:57.201 [EVENT] sock=2516 hEvent=000009A4 events=0x0
2026-10-03 01:52:57.202 [EVENT] sock=2516 hEvent=000009A4 events=0x21
2026-10-03 01:53:00.019 [EVENT] sock=2656 hEvent=00000A0C events=0x0
2026-10-03 01:53:00.019 [EVENT] sock=2656 hEvent=00000A0C events=0x21
2026-10-03 01:53:07.257 [EVENT] sock=2516 hEvent=000009A4 events=0x0
2026-10-03 01:53:07.258 [EVENT] sock=2516 hEvent=000009A4 events=0x21
2026-10-03 01:53:17.316 [EVENT] sock=2516 hEvent=000009A4 events=0x0
2026-10-03 01:53:17.318 [EVENT] sock=2516 hEvent=000009A4 events=0x21
2026-10-03 01:53:27.370 [EVENT] sock=2516 hEvent=000009A4 events=0x0
2026-10-03 01:53:27.373 [EVENT] sock=2516 hEvent=000009A4 events=0x21
2026-10-03 01:53:30.019 [EVENT] sock=2656 hEvent=00000A0C events=0x0
2026-10-03 01:53:30.019 [EVENT] sock=2656 hEvent=00000A0C events=0x21
2026-10-03 01:53:37.429 [EVENT] sock=2516 hEvent=000009A4 events=0x0
2026-10-03 01:53:37.431 [EVENT] sock=2516 hEvent=000009A4 events=0x21
2026-10-03 01:53:47.488 [EVENT] sock=2516 hEvent=000009A4 events=0x0
2026-10-03 01:53:47.489 [EVENT] sock=2516 hEvent=000009A4 events=0x21
2026-10-03 01:53:57.535 [EVENT] sock=2516 hEvent=000009A4 events=0x0
2026-10-03 01:53:57.536 [EVENT] sock=2516 hEvent=000009A4 events=0x21
2026-10-03 01:54:00.020 [EVENT] sock=2656 hEvent=00000A0C events=0x0
2026-10-03 01:54:00.020 [EVENT] sock=2656 hEvent=00000A0C events=0x21
2026-10-03 01:54:07.601 [EVENT] sock=2516 hEvent=000009A4 events=0x0
2026-10-03 01:54:07.601 [EVENT] sock=2516 hEvent=000009A4 events=0x21
2026-10-03 01:54:17.647 [EVENT] sock=2516 hEvent=000009A4 events=0x0
2026-10-03 01:54:17.648 [EVENT] sock=2516 hEvent=000009A4 events=0x21
2026-10-03 01:54:27.708 [EVENT] sock=2516 hEvent=000009A4 events=0x0
2026-10-03 01:54:27.708 [EVENT] sock=2516 hEvent=000009A4 events=0x21
2026-10-03 01:54:30.021 [EVENT] sock=2656 hEvent=00000A0C events=0x0
2026-10-03 01:54:30.021 [EVENT] sock=2656 hEvent=00000A0C events=0x21
2026-10-03 01:54:37.771 [EVENT] sock=2516 hEvent=000009A4 events=0x0
2026-10-03 01:54:37.772 [EVENT] sock=2516 hEvent=000009A4 events=0x21
2026-10-03 01:54:47.819 [EVENT] sock=2516 hEvent=000009A4 events=0x0
2026-10-03 01:54:47.820 [EVENT] sock=2516 hEvent=000009A4 events=0x21
2026-10-03 01:54:57.937 [EVENT] sock=2516 hEvent=000009A4 events=0x0
2026-10-03 01:54:57.937 [EVENT] sock=2516 hEvent=000009A4 events=0x21
2026-10-03 01:55:00.023 [EVENT] sock=2656 hEvent=00000A0C events=0x0
2026-10-03 01:55:00.023 [EVENT] sock=2656 hEvent=00000A0C events=0x21
2026-10-03 01:55:07.998 [EVENT] sock=2516 hEvent=000009A4 events=0x0
2026-10-03 01:55:07.999 [EVENT] sock=2516 hEvent=000009A4 events=0x21
2026-10-03 01:55:18.055 [EVENT] sock=2516 hEvent=000009A4 events=0x0
2026-10-03 01:55:18.056 [EVENT] sock=2516 hEvent=000009A4 events=0x21
2026-10-03 01:55:28.118 [EVENT] sock=2516 hEvent=000009A4 events=0x0
2026-10-03 01:55:28.119 [EVENT] sock=2516 hEvent=000009A4 events=0x21
2026-10-03 01:55:30.023 [EVENT] sock=2656 hEvent=00000A0C events=0x0
2026-10-03 01:55:30.023 [EVENT] sock=2656 hEvent=00000A0C events=0x21
2026-10-03 01:55:38.168 [EVENT] sock=2516 hEvent=000009A4 events=0x0
2026-10-03 01:55:38.170 [EVENT] sock=2516 hEvent=000009A4 events=0x21
2026-10-03 01:55:48.228 [EVENT] sock=2516 hEvent=000009A4 events=0x0
2026-10-03 01:55:48.229 [EVENT] sock=2516 hEvent=000009A4 events=0x21
2026-10-03 01:55:58.282 [EVENT] sock=2516 hEvent=000009A4 events=0x0
2026-10-03 01:55:58.283 [EVENT] sock=2516 hEvent=000009A4 events=0x21
2026-10-03 01:56:00.026 [EVENT] sock=2656 hEvent=00000A0C events=0x0
2026-10-03 01:56:00.026 [EVENT] sock=2656 hEvent=00000A0C events=0x21
2026-10-03 01:56:08.339 [EVENT] sock=2516 hEvent=000009A4 events=0x0
2026-10-03 01:56:08.340 [EVENT] sock=2516 hEvent=000009A4 events=0x21
2026-10-03 01:56:18.396 [EVENT] sock=2516 hEvent=000009A4 events=0x0
2026-10-03 01:56:18.396 [EVENT] sock=2516 hEvent=000009A4 events=0x21
2026-10-03 01:56:28.444 [EVENT] sock=2516 hEvent=000009A4 events=0x0
2026-10-03 01:56:28.445 [EVENT] sock=2516 hEvent=000009A4 events=0x21
2026-10-03 01:56:30.028 [EVENT] sock=2656 hEvent=00000A0C events=0x0
2026-10-03 01:56:30.028 [EVENT] sock=2656 hEvent=00000A0C events=0x21
2026-10-03 01:56:38.503 [EVENT] sock=2516 hEvent=000009A4 events=0x0
2026-10-03 01:56:38.503 [EVENT] sock=2516 hEvent=000009A4 events=0x21
2026-10-03 01:56:48.554 [EVENT] sock=2516 hEvent=000009A4 events=0x0
2026-10-03 01:56:48.556 [EVENT] sock=2516 hEvent=000009A4 events=0x21
2026-10-03 01:56:58.612 [EVENT] sock=2516 hEvent=000009A4 events=0x0
2026-10-03 01:56:58.613 [EVENT] sock=2516 hEvent=000009A4 events=0x21
2026-10-03 01:57:00.028 [EVENT] sock=2656 hEvent=00000A0C events=0x0
2026-10-03 01:57:00.030 [EVENT] sock=2656 hEvent=00000A0C events=0x21
2026-10-03 01:57:08.680 [EVENT] sock=2516 hEvent=000009A4 events=0x0
2026-10-03 01:57:08.680 [EVENT] sock=2516 hEvent=000009A4 events=0x21
2026-10-03 01:57:18.737 [EVENT] sock=2516 hEvent=000009A4 events=0x0
2026-10-03 01:57:18.738 [EVENT] sock=2516 hEvent=000009A4 events=0x21
2026-10-03 01:57:28.789 [EVENT] sock=2516 hEvent=000009A4 events=0x0
2026-10-03 01:57:28.789 [EVENT] sock=2516 hEvent=000009A4 events=0x21
2026-10-03 01:57:30.031 [EVENT] sock=2656 hEvent=00000A0C events=0x0
2026-10-03 01:57:30.031 [EVENT] sock=2656 hEvent=00000A0C events=0x21
2026-10-03 01:57:38.848 [EVENT] sock=2516 hEvent=000009A4 events=0x0
2026-10-03 01:57:38.848 [EVENT] sock=2516 hEvent=000009A4 events=0x21
2026-10-03 01:57:48.897 [EVENT] sock=2516 hEvent=000009A4 events=0x0
2026-10-03 01:57:48.898 [EVENT] sock=2516 hEvent=000009A4 events=0x21
2026-10-03 01:57:58.952 [EVENT] sock=2516 hEvent=000009A4 events=0x0
2026-10-03 01:57:58.952 [EVENT] sock=2516 hEvent=000009A4 events=0x21
2026-10-03 01:58:00.032 [EVENT] sock=2656 hEvent=00000A0C events=0x0
2026-10-03 01:58:00.032 [EVENT] sock=2656 hEvent=00000A0C events=0x21
2026-10-03 01:58:09.009 [EVENT] sock=2516 hEvent=000009A4 events=0x0
2026-10-03 01:58:09.009 [EVENT] sock=2516 hEvent=000009A4 events=0x21
2026-10-03 01:58:19.068 [EVENT] sock=2516 hEvent=000009A4 events=0x0
2026-10-03 01:58:19.069 [EVENT] sock=2516 hEvent=000009A4 events=0x21
2026-10-03 01:58:29.123 [EVENT] sock=2516 hEvent=000009A4 events=0x0
2026-10-03 01:58:29.123 [EVENT] sock=2516 hEvent=000009A4 events=0x21
2026-10-03 01:58:30.036 [EVENT] sock=2656 hEvent=00000A0C events=0x0
2026-10-03 01:58:30.036 [EVENT] sock=2656 hEvent=00000A0C events=0x21
2026-10-03 01:58:39.178 [EVENT] sock=2516 hEvent=000009A4 events=0x0
2026-10-03 01:58:39.178 [EVENT] sock=2516 hEvent=000009A4 events=0x21
2026-10-03 01:58:49.238 [EVENT] sock=2516 hEvent=000009A4 events=0x0
2026-10-03 01:58:49.239 [EVENT] sock=2516 hEvent=000009A4 events=0x21
2026-10-03 01:58:59.287 [EVENT] sock=2516 hEvent=000009A4 events=0x0
2026-10-03 01:58:59.288 [EVENT] sock=2516 hEvent=000009A4 events=0x21
2026-10-03 01:59:00.037 [EVENT] sock=2656 hEvent=00000A0C events=0x0
2026-10-03 01:59:00.038 [EVENT] sock=2656 hEvent=00000A0C events=0x21
2026-10-03 01:59:09.344 [EVENT] sock=2516 hEvent=000009A4 events=0x0
2026-10-03 01:59:09.344 [EVENT] sock=2516 hEvent=000009A4 events=0x21
2026-10-03 01:59:19.407 [EVENT] sock=2516 hEvent=000009A4 events=0x0
2026-10-03 01:59:19.408 [EVENT] sock=2516 hEvent=000009A4 events=0x21
2026-10-03 01:59:29.467 [EVENT] sock=2516 hEvent=000009A4 events=0x0
2026-10-03 01:59:29.467 [EVENT] sock=2516 hEvent=000009A4 events=0x21
2026-10-03 01:59:30.040 [EVENT] sock=2656 hEvent=00000A0C events=0x0
2026-10-03 01:59:30.041 [EVENT] sock=2656 hEvent=00000A0C events=0x21
2026-10-03 01:59:39.519 [EVENT] sock=2516 hEvent=000009A4 events=0x0
2026-10-03 01:59:39.520 [EVENT] sock=2516 hEvent=000009A4 events=0x21
2026-10-03 01:59:49.574 [EVENT] sock=2516 hEvent=000009A4 events=0x0
2026-10-03 01:59:49.575 [EVENT] sock=2516 hEvent=000009A4 events=0x21
2026-10-03 01:59:59.628 [EVENT] sock=2516 hEvent=000009A4 events=0x0
2026-10-03 01:59:59.629 [EVENT] sock=2516 hEvent=000009A4 events=0x21
2026-10-03 02:00:00.041 [EVENT] sock=2656 hEvent=00000A0C events=0x0
2026-10-03 02:00:00.042 [EVENT] sock=2656 hEvent=00000A0C events=0x21
2026-10-03 02:00:00.164 [SYS] #66FF66#寄售行已恢复营业，欢迎前往寄售交易！
2026-10-03 02:00:09.691 [EVENT] sock=2516 hEvent=000009A4 events=0x0
2026-10-03 02:00:09.692 [EVENT] sock=2516 hEvent=000009A4 events=0x21
2026-10-03 02:00:19.760 [EVENT] sock=2516 hEvent=000009A4 events=0x0
2026-10-03 02:00:19.762 [EVENT] sock=2516 hEvent=000009A4 events=0x21
2026-10-03 02:00:29.816 [EVENT] sock=2516 hEvent=000009A4 events=0x0
2026-10-03 02:00:29.816 [EVENT] sock=2516 hEvent=000009A4 events=0x21
2026-10-03 02:00:30.045 [EVENT] sock=2656 hEvent=00000A0C events=0x0
2026-10-03 02:00:30.045 [EVENT] sock=2656 hEvent=00000A0C events=0x21
2026-10-03 02:00:39.864 [EVENT] sock=2516 hEvent=000009A4 events=0x0
2026-10-03 02:00:39.864 [EVENT] sock=2516 hEvent=000009A4 events=0x21
2026-10-03 02:00:49.912 [EVENT] sock=2516 hEvent=000009A4 events=0x0
2026-10-03 02:00:49.912 [EVENT] sock=2516 hEvent=000009A4 events=0x21
2026-10-03 02:00:59.960 [EVENT] sock=2516 hEvent=000009A4 events=0x0
2026-10-03 02:00:59.961 [EVENT] sock=2516 hEvent=000009A4 events=0x21
2026-10-03 02:01:00.047 [EVENT] sock=2656 hEvent=00000A0C events=0x0
2026-10-03 02:01:00.048 [EVENT] sock=2656 hEvent=00000A0C events=0x21
2026-10-03 02:01:10.016 [EVENT] sock=2516 hEvent=000009A4 events=0x0
2026-10-03 02:01:10.017 [EVENT] sock=2516 hEvent=000009A4 events=0x21
2026-10-03 02:01:20.070 [EVENT] sock=2516 hEvent=000009A4 events=0x0
2026-10-03 02:01:20.071 [EVENT] sock=2516 hEvent=000009A4 events=0x21
2026-10-03 02:01:30.050 [EVENT] sock=2656 hEvent=00000A0C events=0x0
2026-10-03 02:01:30.050 [EVENT] sock=2656 hEvent=00000A0C events=0x21
2026-10-03 02:01:30.130 [EVENT] sock=2516 hEvent=000009A4 events=0x0
2026-10-03 02:01:30.132 [EVENT] sock=2516 hEvent=000009A4 events=0x21
2026-10-03 02:01:40.194 [EVENT] sock=2516 hEvent=000009A4 events=0x0
2026-10-03 02:01:40.195 [EVENT] sock=2516 hEvent=000009A4 events=0x21
2026-10-03 02:01:50.250 [EVENT] sock=2516 hEvent=000009A4 events=0x0
2026-10-03 02:01:50.250 [EVENT] sock=2516 hEvent=000009A4 events=0x21
2026-10-03 02:02:00.051 [EVENT] sock=2656 hEvent=00000A0C events=0x0
2026-10-03 02:02:00.051 [EVENT] sock=2656 hEvent=00000A0C events=0x21
2026-10-03 02:02:00.307 [EVENT] sock=2516 hEvent=000009A4 events=0x0
2026-10-03 02:02:00.308 [EVENT] sock=2516 hEvent=000009A4 events=0x21
2026-10-03 02:02:10.359 [EVENT] sock=2516 hEvent=000009A4 events=0x0
2026-10-03 02:02:10.362 [EVENT] sock=2516 hEvent=000009A4 events=0x21
2026-10-03 02:02:20.422 [EVENT] sock=2516 hEvent=000009A4 events=0x0
2026-10-03 02:02:20.422 [EVENT] sock=2516 hEvent=000009A4 events=0x21
2026-10-03 02:02:30.052 [EVENT] sock=2656 hEvent=00000A0C events=0x0
2026-10-03 02:02:30.052 [EVENT] sock=2656 hEvent=00000A0C events=0x21
2026-10-03 02:02:30.480 [EVENT] sock=2516 hEvent=000009A4 events=0x0
2026-10-03 02:02:30.482 [EVENT] sock=2516 hEvent=000009A4 events=0x21
2026-10-03 02:02:40.544 [EVENT] sock=2516 hEvent=000009A4 events=0x0
2026-10-03 02:02:40.546 [EVENT] sock=2516 hEvent=000009A4 events=0x21
2026-10-03 02:02:50.604 [EVENT] sock=2516 hEvent=000009A4 events=0x0
2026-10-03 02:02:50.604 [EVENT] sock=2516 hEvent=000009A4 events=0x21
2026-10-03 02:03:00.053 [EVENT] sock=2656 hEvent=00000A0C events=0x0
2026-10-03 02:03:00.053 [EVENT] sock=2656 hEvent=00000A0C events=0x21
2026-10-03 02:03:00.663 [EVENT] sock=2516 hEvent=000009A4 events=0x0
2026-10-03 02:03:00.665 [EVENT] sock=2516 hEvent=000009A4 events=0x21
2026-10-03 02:03:10.726 [EVENT] sock=2516 hEvent=000009A4 events=0x0
2026-10-03 02:03:10.727 [EVENT] sock=2516 hEvent=000009A4 events=0x21
2026-10-03 02:03:20.777 [EVENT] sock=2516 hEvent=000009A4 events=0x0
2026-10-03 02:03:20.777 [EVENT] sock=2516 hEvent=000009A4 events=0x21
2026-10-03 02:03:30.055 [EVENT] sock=2656 hEvent=00000A0C events=0x0
2026-10-03 02:03:30.055 [EVENT] sock=2656 hEvent=00000A0C events=0x21
2026-10-03 02:03:30.835 [EVENT] sock=2516 hEvent=000009A4 events=0x0
2026-10-03 02:03:30.836 [EVENT] sock=2516 hEvent=000009A4 events=0x21
2026-10-03 02:03:40.883 [EVENT] sock=2516 hEvent=000009A4 events=0x0
2026-10-03 02:03:40.883 [EVENT] sock=2516 hEvent=000009A4 events=0x21
2026-10-03 02:03:50.936 [EVENT] sock=2516 hEvent=000009A4 events=0x0
2026-10-03 02:03:50.936 [EVENT] sock=2516 hEvent=000009A4 events=0x21
2026-10-03 02:04:00.056 [EVENT] sock=2656 hEvent=00000A0C events=0x0
2026-10-03 02:04:00.057 [EVENT] sock=2656 hEvent=00000A0C events=0x21
2026-10-03 02:04:01.000 [EVENT] sock=2516 hEvent=000009A4 events=0x0
2026-10-03 02:04:01.000 [EVENT] sock=2516 hEvent=000009A4 events=0x21
2026-10-03 02:04:11.059 [EVENT] sock=2516 hEvent=000009A4 events=0x0
2026-10-03 02:04:11.060 [EVENT] sock=2516 hEvent=000009A4 events=0x21
2026-10-03 02:04:21.120 [EVENT] sock=2516 hEvent=000009A4 events=0x0
2026-10-03 02:04:21.120 [EVENT] sock=2516 hEvent=000009A4 events=0x21
2026-10-03 02:04:30.057 [EVENT] sock=2656 hEvent=00000A0C events=0x0
2026-10-03 02:04:30.057 [EVENT] sock=2656 hEvent=00000A0C events=0x21
2026-10-03 02:04:31.170 [EVENT] sock=2516 hEvent=000009A4 events=0x0
2026-10-03 02:04:31.171 [EVENT] sock=2516 hEvent=000009A4 events=0x21
2026-10-03 02:04:41.228 [EVENT] sock=2516 hEvent=000009A4 events=0x0
2026-10-03 02:04:41.229 [EVENT] sock=2516 hEvent=000009A4 events=0x21
2026-10-03 02:04:51.280 [EVENT] sock=2516 hEvent=000009A4 events=0x0
2026-10-03 02:04:51.282 [EVENT] sock=2516 hEvent=000009A4 events=0x21
2026-10-03 02:05:00.058 [EVENT] sock=2656 hEvent=00000A0C events=0x0
2026-10-03 02:05:00.058 [EVENT] sock=2656 hEvent=00000A0C events=0x21
2026-10-03 02:05:01.347 [EVENT] sock=2516 hEvent=000009A4 events=0x0
2026-10-03 02:05:01.349 [EVENT] sock=2516 hEvent=000009A4 events=0x21
2026-10-03 02:05:11.404 [EVENT] sock=2516 hEvent=000009A4 events=0x0
2026-10-03 02:05:11.405 [EVENT] sock=2516 hEvent=000009A4 events=0x21
2026-10-03 02:05:21.457 [EVENT] sock=2516 hEvent=000009A4 events=0x0
2026-10-03 02:05:21.459 [EVENT] sock=2516 hEvent=000009A4 events=0x21
2026-10-03 02:05:30.060 [EVENT] sock=2656 hEvent=00000A0C events=0x0
2026-10-03 02:05:30.060 [EVENT] sock=2656 hEvent=00000A0C events=0x21
2026-10-03 02:05:31.523 [EVENT] sock=2516 hEvent=000009A4 events=0x0
2026-10-03 02:05:31.525 [EVENT] sock=2516 hEvent=000009A4 events=0x21
2026-10-03 02:05:41.578 [EVENT] sock=2516 hEvent=000009A4 events=0x0
2026-10-03 02:05:41.579 [EVENT] sock=2516 hEvent=000009A4 events=0x21
2026-10-03 02:05:51.640 [EVENT] sock=2516 hEvent=000009A4 events=0x0
2026-10-03 02:05:51.640 [EVENT] sock=2516 hEvent=000009A4 events=0x21
2026-10-03 02:06:00.063 [EVENT] sock=2656 hEvent=00000A0C events=0x0
2026-10-03 02:06:00.063 [EVENT] sock=2656 hEvent=00000A0C events=0x21
2026-10-03 02:06:01.687 [EVENT] sock=2516 hEvent=000009A4 events=0x0
2026-10-03 02:06:01.688 [EVENT] sock=2516 hEvent=000009A4 events=0x21
2026-10-03 02:06:11.759 [EVENT] sock=2516 hEvent=000009A4 events=0x0
2026-10-03 02:06:11.759 [EVENT] sock=2516 hEvent=000009A4 events=0x21
2026-10-03 02:06:21.814 [EVENT] sock=2516 hEvent=000009A4 events=0x0
2026-10-03 02:06:21.814 [EVENT] sock=2516 hEvent=000009A4 events=0x21
2026-10-03 02:06:30.064 [EVENT] sock=2656 hEvent=00000A0C events=0x0
2026-10-03 02:06:30.065 [EVENT] sock=2656 hEvent=00000A0C events=0x21
2026-10-03 02:06:31.892 [EVENT] sock=2516 hEvent=000009A4 events=0x0
2026-10-03 02:06:31.893 [EVENT] sock=2516 hEvent=000009A4 events=0x21
2026-10-03 02:06:41.952 [EVENT] sock=2516 hEvent=000009A4 events=0x0
2026-10-03 02:06:41.953 [EVENT] sock=2516 hEvent=000009A4 events=0x21
2026-10-03 02:06:52.012 [EVENT] sock=2516 hEvent=000009A4 events=0x0
2026-10-03 02:06:52.013 [EVENT] sock=2516 hEvent=000009A4 events=0x21
2026-10-03 02:07:00.065 [EVENT] sock=2656 hEvent=00000A0C events=0x0
2026-10-03 02:07:00.066 [EVENT] sock=2656 hEvent=00000A0C events=0x21
2026-10-03 02:07:02.069 [EVENT] sock=2516 hEvent=000009A4 events=0x0
2026-10-03 02:07:02.070 [EVENT] sock=2516 hEvent=000009A4 events=0x21
2026-10-03 02:07:12.129 [EVENT] sock=2516 hEvent=000009A4 events=0x0
2026-10-03 02:07:12.131 [EVENT] sock=2516 hEvent=000009A4 events=0x21
2026-10-03 02:07:22.187 [EVENT] sock=2516 hEvent=000009A4 events=0x0
2026-10-03 02:07:22.188 [EVENT] sock=2516 hEvent=000009A4 events=0x21
2026-10-03 02:07:30.068 [EVENT] sock=2656 hEvent=00000A0C events=0x0
2026-10-03 02:07:30.068 [EVENT] sock=2656 hEvent=00000A0C events=0x21
2026-10-03 02:07:32.237 [EVENT] sock=2516 hEvent=000009A4 events=0x0
2026-10-03 02:07:32.238 [EVENT] sock=2516 hEvent=000009A4 events=0x21
2026-10-03 02:07:42.292 [EVENT] sock=2516 hEvent=000009A4 events=0x0
2026-10-03 02:07:42.294 [EVENT] sock=2516 hEvent=000009A4 events=0x21
2026-10-03 02:07:52.354 [EVENT] sock=2516 hEvent=000009A4 events=0x0
2026-10-03 02:07:52.355 [EVENT] sock=2516 hEvent=000009A4 events=0x21
2026-10-03 02:08:00.070 [EVENT] sock=2656 hEvent=00000A0C events=0x0
2026-10-03 02:08:00.071 [EVENT] sock=2656 hEvent=00000A0C events=0x21
2026-10-03 02:08:02.413 [EVENT] sock=2516 hEvent=000009A4 events=0x0
2026-10-03 02:08:02.414 [EVENT] sock=2516 hEvent=000009A4 events=0x21
2026-10-03 02:08:12.459 [EVENT] sock=2516 hEvent=000009A4 events=0x0
2026-10-03 02:08:12.459 [EVENT] sock=2516 hEvent=000009A4 events=0x21
2026-10-03 02:08:22.507 [EVENT] sock=2516 hEvent=000009A4 events=0x0
2026-10-03 02:08:22.510 [EVENT] sock=2516 hEvent=000009A4 events=0x21
2026-10-03 02:08:30.072 [EVENT] sock=2656 hEvent=00000A0C events=0x0
2026-10-03 02:08:30.073 [EVENT] sock=2656 hEvent=00000A0C events=0x21
2026-10-03 02:08:32.554 [EVENT] sock=2516 hEvent=000009A4 events=0x0
2026-10-03 02:08:32.554 [EVENT] sock=2516 hEvent=000009A4 events=0x21
2026-10-03 02:08:42.602 [EVENT] sock=2516 hEvent=000009A4 events=0x0
2026-10-03 02:08:42.603 [EVENT] sock=2516 hEvent=000009A4 events=0x21
2026-10-03 02:08:52.651 [EVENT] sock=2516 hEvent=000009A4 events=0x0
2026-10-03 02:08:52.652 [EVENT] sock=2516 hEvent=000009A4 events=0x21
2026-10-03 02:09:00.074 [EVENT] sock=2656 hEvent=00000A0C events=0x0
2026-10-03 02:09:00.075 [EVENT] sock=2656 hEvent=00000A0C events=0x21
2026-10-03 02:09:02.701 [EVENT] sock=2516 hEvent=000009A4 events=0x0
2026-10-03 02:09:02.702 [EVENT] sock=2516 hEvent=000009A4 events=0x21
2026-10-03 02:09:12.762 [EVENT] sock=2516 hEvent=000009A4 events=0x0
2026-10-03 02:09:12.763 [EVENT] sock=2516 hEvent=000009A4 events=0x21
2026-10-03 02:09:22.810 [EVENT] sock=2516 hEvent=000009A4 events=0x0
2026-10-03 02:09:22.812 [EVENT] sock=2516 hEvent=000009A4 events=0x21
2026-10-03 02:09:30.075 [EVENT] sock=2656 hEvent=00000A0C events=0x0
2026-10-03 02:09:30.075 [EVENT] sock=2656 hEvent=00000A0C events=0x21
2026-10-03 02:09:32.867 [EVENT] sock=2516 hEvent=000009A4 events=0x0
2026-10-03 02:09:32.868 [EVENT] sock=2516 hEvent=000009A4 events=0x21
2026-10-03 02:09:42.920 [EVENT] sock=2516 hEvent=000009A4 events=0x0
2026-10-03 02:09:42.922 [EVENT] sock=2516 hEvent=000009A4 events=0x21
2026-10-03 02:09:52.985 [EVENT] sock=2516 hEvent=000009A4 events=0x0
2026-10-03 02:09:52.986 [EVENT] sock=2516 hEvent=000009A4 events=0x21
2026-10-03 02:10:00.077 [EVENT] sock=2656 hEvent=00000A0C events=0x0
2026-10-03 02:10:00.078 [EVENT] sock=2656 hEvent=00000A0C events=0x21
2026-10-03 02:10:03.043 [EVENT] sock=2516 hEvent=000009A4 events=0x0
2026-10-03 02:10:03.043 [EVENT] sock=2516 hEvent=000009A4 events=0x21
2026-10-03 02:10:13.102 [EVENT] sock=2516 hEvent=000009A4 events=0x0
2026-10-03 02:10:13.102 [EVENT] sock=2516 hEvent=000009A4 events=0x21
2026-10-03 02:10:23.161 [EVENT] sock=2516 hEvent=000009A4 events=0x0
2026-10-03 02:10:23.163 [EVENT] sock=2516 hEvent=000009A4 events=0x21
2026-10-03 02:10:30.080 [EVENT] sock=2656 hEvent=00000A0C events=0x0
2026-10-03 02:10:30.080 [EVENT] sock=2656 hEvent=00000A0C events=0x21
2026-10-03 02:10:33.213 [EVENT] sock=2516 hEvent=000009A4 events=0x0
2026-10-03 02:10:33.213 [EVENT] sock=2516 hEvent=000009A4 events=0x21
2026-10-03 02:10:43.276 [EVENT] sock=2516 hEvent=000009A4 events=0x0
2026-10-03 02:10:43.276 [EVENT] sock=2516 hEvent=000009A4 events=0x21
2026-10-03 02:10:53.324 [EVENT] sock=2516 hEvent=000009A4 events=0x0
2026-10-03 02:10:53.325 [EVENT] sock=2516 hEvent=000009A4 events=0x21
2026-10-03 02:11:00.080 [EVENT] sock=2656 hEvent=00000A0C events=0x0
2026-10-03 02:11:00.081 [EVENT] sock=2656 hEvent=00000A0C events=0x21
2026-10-03 02:11:03.371 [EVENT] sock=2516 hEvent=000009A4 events=0x0
2026-10-03 02:11:03.373 [EVENT] sock=2516 hEvent=000009A4 events=0x21
2026-10-03 02:11:13.432 [EVENT] sock=2516 hEvent=000009A4 events=0x0
2026-10-03 02:11:13.433 [EVENT] sock=2516 hEvent=000009A4 events=0x21
2026-10-03 02:11:23.480 [EVENT] sock=2516 hEvent=000009A4 events=0x0
2026-10-03 02:11:23.482 [EVENT] sock=2516 hEvent=000009A4 events=0x21
2026-10-03 02:11:30.082 [EVENT] sock=2656 hEvent=00000A0C events=0x0
2026-10-03 02:11:30.082 [EVENT] sock=2656 hEvent=00000A0C events=0x21
2026-10-03 02:11:33.532 [EVENT] sock=2516 hEvent=000009A4 events=0x0
2026-10-03 02:11:33.534 [EVENT] sock=2516 hEvent=000009A4 events=0x21
2026-10-03 02:11:43.591 [EVENT] sock=2516 hEvent=000009A4 events=0x0
2026-10-03 02:11:43.592 [EVENT] sock=2516 hEvent=000009A4 events=0x21
2026-10-03 02:11:53.655 [EVENT] sock=2516 hEvent=000009A4 events=0x0
2026-10-03 02:11:53.656 [EVENT] sock=2516 hEvent=000009A4 events=0x21
2026-10-03 02:12:00.083 [EVENT] sock=2656 hEvent=00000A0C events=0x0
2026-10-03 02:12:00.083 [EVENT] sock=2656 hEvent=00000A0C events=0x21
2026-10-03 02:12:03.731 [EVENT] sock=2516 hEvent=000009A4 events=0x0
2026-10-03 02:12:03.732 [EVENT] sock=2516 hEvent=000009A4 events=0x21
2026-10-03 02:12:13.786 [EVENT] sock=2516 hEvent=000009A4 events=0x0
2026-10-03 02:12:13.787 [EVENT] sock=2516 hEvent=000009A4 events=0x21
2026-10-03 02:12:23.833 [EVENT] sock=2516 hEvent=000009A4 events=0x0
2026-10-03 02:12:23.835 [EVENT] sock=2516 hEvent=000009A4 events=0x21
2026-10-03 02:12:30.084 [EVENT] sock=2656 hEvent=00000A0C events=0x0
2026-10-03 02:12:30.084 [EVENT] sock=2656 hEvent=00000A0C events=0x21
2026-10-03 02:12:33.897 [EVENT] sock=2516 hEvent=000009A4 events=0x0
2026-10-03 02:12:33.898 [EVENT] sock=2516 hEvent=000009A4 events=0x21
2026-10-03 02:12:43.956 [EVENT] sock=2516 hEvent=000009A4 events=0x0
2026-10-03 02:12:43.957 [EVENT] sock=2516 hEvent=000009A4 events=0x21
2026-10-03 02:12:54.013 [EVENT] sock=2516 hEvent=000009A4 events=0x0
2026-10-03 02:12:54.014 [EVENT] sock=2516 hEvent=000009A4 events=0x21
2026-10-03 02:13:00.086 [EVENT] sock=2656 hEvent=00000A0C events=0x0
2026-10-03 02:13:00.086 [EVENT] sock=2656 hEvent=00000A0C events=0x21
2026-10-03 02:13:04.078 [EVENT] sock=2516 hEvent=000009A4 events=0x0
2026-10-03 02:13:04.078 [EVENT] sock=2516 hEvent=000009A4 events=0x21
2026-10-03 02:13:14.128 [EVENT] sock=2516 hEvent=000009A4 events=0x0
2026-10-03 02:13:14.132 [EVENT] sock=2516 hEvent=000009A4 events=0x21
2026-10-03 02:13:24.188 [EVENT] sock=2516 hEvent=000009A4 events=0x0
2026-10-03 02:13:24.190 [EVENT] sock=2516 hEvent=000009A4 events=0x21
2026-10-03 02:13:30.087 [EVENT] sock=2656 hEvent=00000A0C events=0x0
2026-10-03 02:13:30.087 [EVENT] sock=2656 hEvent=00000A0C events=0x21
2026-10-03 02:13:34.241 [EVENT] sock=2516 hEvent=000009A4 events=0x0
2026-10-03 02:13:34.242 [EVENT] sock=2516 hEvent=000009A4 events=0x21
2026-10-03 02:13:44.290 [EVENT] sock=2516 hEvent=000009A4 events=0x0
2026-10-03 02:13:44.290 [EVENT] sock=2516 hEvent=000009A4 events=0x21
2026-10-03 02:13:54.356 [EVENT] sock=2516 hEvent=000009A4 events=0x0
2026-10-03 02:13:54.357 [EVENT] sock=2516 hEvent=000009A4 events=0x21
2026-10-03 02:14:00.087 [EVENT] sock=2656 hEvent=00000A0C events=0x0
2026-10-03 02:14:00.088 [EVENT] sock=2656 hEvent=00000A0C events=0x21
2026-10-03 02:14:04.413 [EVENT] sock=2516 hEvent=000009A4 events=0x0
2026-10-03 02:14:04.413 [EVENT] sock=2516 hEvent=000009A4 events=0x21
2026-10-03 02:14:14.469 [EVENT] sock=2516 hEvent=000009A4 events=0x0
2026-10-03 02:14:14.470 [EVENT] sock=2516 hEvent=000009A4 events=0x21
2026-10-03 02:14:24.525 [EVENT] sock=2516 hEvent=000009A4 events=0x0
2026-10-03 02:14:24.526 [EVENT] sock=2516 hEvent=000009A4 events=0x21
2026-10-03 02:14:30.089 [EVENT] sock=2656 hEvent=00000A0C events=0x0
2026-10-03 02:14:30.089 [EVENT] sock=2656 hEvent=00000A0C events=0x21
2026-10-03 02:14:34.579 [EVENT] sock=2516 hEvent=000009A4 events=0x0
2026-10-03 02:14:34.580 [EVENT] sock=2516 hEvent=000009A4 events=0x21
2026-10-03 02:14:44.627 [EVENT] sock=2516 hEvent=000009A4 events=0x0
2026-10-03 02:14:44.627 [EVENT] sock=2516 hEvent=000009A4 events=0x21
2026-10-03 02:14:54.679 [EVENT] sock=2516 hEvent=000009A4 events=0x0
2026-10-03 02:14:54.679 [EVENT] sock=2516 hEvent=000009A4 events=0x21
2026-10-03 02:15:00.090 [EVENT] sock=2656 hEvent=00000A0C events=0x0
2026-10-03 02:15:00.091 [EVENT] sock=2656 hEvent=00000A0C events=0x21
2026-10-03 02:15:04.728 [EVENT] sock=2516 hEvent=000009A4 events=0x0
2026-10-03 02:15:04.728 [EVENT] sock=2516 hEvent=000009A4 events=0x21
2026-10-03 02:15:14.778 [EVENT] sock=2516 hEvent=000009A4 events=0x0
2026-10-03 02:15:14.779 [EVENT] sock=2516 hEvent=000009A4 events=0x21
2026-10-03 02:15:24.837 [EVENT] sock=2516 hEvent=000009A4 events=0x0
2026-10-03 02:15:24.837 [EVENT] sock=2516 hEvent=000009A4 events=0x21
2026-10-03 02:15:30.092 [EVENT] sock=2656 hEvent=00000A0C events=0x0
2026-10-03 02:15:30.092 [EVENT] sock=2656 hEvent=00000A0C events=0x21
2026-10-03 02:15:34.893 [EVENT] sock=2516 hEvent=000009A4 events=0x0
2026-10-03 02:15:34.894 [EVENT] sock=2516 hEvent=000009A4 events=0x21
2026-10-03 02:15:44.951 [EVENT] sock=2516 hEvent=000009A4 events=0x0
2026-10-03 02:15:44.952 [EVENT] sock=2516 hEvent=000009A4 events=0x21
2026-10-03 02:15:55.003 [EVENT] sock=2516 hEvent=000009A4 events=0x0
2026-10-03 02:15:55.004 [EVENT] sock=2516 hEvent=000009A4 events=0x21
2026-10-03 02:16:00.095 [EVENT] sock=2656 hEvent=00000A0C events=0x0
2026-10-03 02:16:00.095 [EVENT] sock=2656 hEvent=00000A0C events=0x21
2026-10-03 02:16:05.053 [EVENT] sock=2516 hEvent=000009A4 events=0x0
2026-10-03 02:16:05.054 [EVENT] sock=2516 hEvent=000009A4 events=0x21
2026-10-03 02:16:15.118 [EVENT] sock=2516 hEvent=000009A4 events=0x0
2026-10-03 02:16:15.119 [EVENT] sock=2516 hEvent=000009A4 events=0x21
2026-10-03 02:16:25.189 [EVENT] sock=2516 hEvent=000009A4 events=0x0
2026-10-03 02:16:25.190 [EVENT] sock=2516 hEvent=000009A4 events=0x21
2026-10-03 02:16:30.095 [EVENT] sock=2656 hEvent=00000A0C events=0x0
2026-10-03 02:16:30.095 [EVENT] sock=2656 hEvent=00000A0C events=0x21
2026-10-03 02:16:35.240 [EVENT] sock=2516 hEvent=000009A4 events=0x0
2026-10-03 02:16:35.241 [EVENT] sock=2516 hEvent=000009A4 events=0x21
2026-10-03 02:16:45.287 [EVENT] sock=2516 hEvent=000009A4 events=0x0
2026-10-03 02:16:45.289 [EVENT] sock=2516 hEvent=000009A4 events=0x21
2026-10-03 02:16:55.342 [EVENT] sock=2516 hEvent=000009A4 events=0x0
2026-10-03 02:16:55.343 [EVENT] sock=2516 hEvent=000009A4 events=0x21
2026-10-03 02:17:00.097 [EVENT] sock=2656 hEvent=00000A0C events=0x0
2026-10-03 02:17:00.098 [EVENT] sock=2656 hEvent=00000A0C events=0x21
2026-10-03 02:17:05.403 [EVENT] sock=2516 hEvent=000009A4 events=0x0
2026-10-03 02:17:05.404 [EVENT] sock=2516 hEvent=000009A4 events=0x21
2026-10-03 02:17:15.452 [EVENT] sock=2516 hEvent=000009A4 events=0x0
2026-10-03 02:17:15.453 [EVENT] sock=2516 hEvent=000009A4 events=0x21
2026-10-03 02:17:25.508 [EVENT] sock=2516 hEvent=000009A4 events=0x0
2026-10-03 02:17:25.509 [EVENT] sock=2516 hEvent=000009A4 events=0x21
2026-10-03 02:17:30.098 [EVENT] sock=2656 hEvent=00000A0C events=0x0
2026-10-03 02:17:30.098 [EVENT] sock=2656 hEvent=00000A0C events=0x21
2026-10-03 02:17:35.559 [EVENT] sock=2516 hEvent=000009A4 events=0x0
2026-10-03 02:17:35.560 [EVENT] sock=2516 hEvent=000009A4 events=0x21
2026-10-03 02:17:45.616 [EVENT] sock=2516 hEvent=000009A4 events=0x0
2026-10-03 02:17:45.617 [EVENT] sock=2516 hEvent=000009A4 events=0x21
2026-10-03 02:17:55.675 [EVENT] sock=2516 hEvent=000009A4 events=0x0
2026-10-03 02:17:55.675 [EVENT] sock=2516 hEvent=000009A4 events=0x21
2026-10-03 02:18:00.098 [EVENT] sock=2656 hEvent=00000A0C events=0x0
2026-10-03 02:18:00.099 [EVENT] sock=2656 hEvent=00000A0C events=0x21
2026-10-03 02:18:05.734 [EVENT] sock=2516 hEvent=000009A4 events=0x0
2026-10-03 02:18:05.736 [EVENT] sock=2516 hEvent=000009A4 events=0x21
2026-10-03 02:18:15.787 [EVENT] sock=2516 hEvent=000009A4 events=0x0
2026-10-03 02:18:15.789 [EVENT] sock=2516 hEvent=000009A4 events=0x21
2026-10-03 02:18:25.836 [EVENT] sock=2516 hEvent=000009A4 events=0x0
2026-10-03 02:18:25.836 [EVENT] sock=2516 hEvent=000009A4 events=0x21
2026-10-03 02:18:30.100 [EVENT] sock=2656 hEvent=00000A0C events=0x0
2026-10-03 02:18:30.100 [EVENT] sock=2656 hEvent=00000A0C events=0x21
2026-10-03 02:18:35.885 [EVENT] sock=2516 hEvent=000009A4 events=0x0
2026-10-03 02:18:35.886 [EVENT] sock=2516 hEvent=000009A4 events=0x21
2026-10-03 02:18:45.946 [EVENT] sock=2516 hEvent=000009A4 events=0x0
2026-10-03 02:18:45.946 [EVENT] sock=2516 hEvent=000009A4 events=0x21
2026-10-03 02:18:56.002 [EVENT] sock=2516 hEvent=000009A4 events=0x0
2026-10-03 02:18:56.002 [EVENT] sock=2516 hEvent=000009A4 events=0x21
2026-10-03 02:19:00.100 [EVENT] sock=2656 hEvent=00000A0C events=0x0
2026-10-03 02:19:00.100 [EVENT] sock=2656 hEvent=00000A0C events=0x21
2026-10-03 02:19:06.054 [EVENT] sock=2516 hEvent=000009A4 events=0x0
2026-10-03 02:19:06.055 [EVENT] sock=2516 hEvent=000009A4 events=0x21
2026-10-03 02:19:16.102 [EVENT] sock=2516 hEvent=000009A4 events=0x0
2026-10-03 02:19:16.105 [EVENT] sock=2516 hEvent=000009A4 events=0x21
2026-10-03 02:19:26.149 [EVENT] sock=2516 hEvent=000009A4 events=0x0
2026-10-03 02:19:26.151 [EVENT] sock=2516 hEvent=000009A4 events=0x21
2026-10-03 02:19:30.101 [EVENT] sock=2656 hEvent=00000A0C events=0x0
2026-10-03 02:19:30.101 [EVENT] sock=2656 hEvent=00000A0C events=0x21
2026-10-03 02:19:36.206 [EVENT] sock=2516 hEvent=000009A4 events=0x0
2026-10-03 02:19:36.208 [EVENT] sock=2516 hEvent=000009A4 events=0x21
2026-10-03 02:19:46.256 [EVENT] sock=2516 hEvent=000009A4 events=0x0
2026-10-03 02:19:46.257 [EVENT] sock=2516 hEvent=000009A4 events=0x21
2026-10-03 02:19:56.318 [EVENT] sock=2516 hEvent=000009A4 events=0x0
2026-10-03 02:19:56.318 [EVENT] sock=2516 hEvent=000009A4 events=0x21
2026-10-03 02:20:00.103 [EVENT] sock=2656 hEvent=00000A0C events=0x0
2026-10-03 02:20:00.103 [EVENT] sock=2656 hEvent=00000A0C events=0x21
2026-10-03 02:20:06.369 [EVENT] sock=2516 hEvent=000009A4 events=0x0
2026-10-03 02:20:06.371 [EVENT] sock=2516 hEvent=000009A4 events=0x21
2026-10-03 02:20:16.442 [EVENT] sock=2516 hEvent=000009A4 events=0x0
2026-10-03 02:20:16.443 [EVENT] sock=2516 hEvent=000009A4 events=0x21
2026-10-03 02:20:26.498 [EVENT] sock=2516 hEvent=000009A4 events=0x0
2026-10-03 02:20:26.499 [EVENT] sock=2516 hEvent=000009A4 events=0x21
2026-10-03 02:20:30.103 [EVENT] sock=2656 hEvent=00000A0C events=0x0
2026-10-03 02:20:30.104 [EVENT] sock=2656 hEvent=00000A0C events=0x21
2026-10-03 02:20:36.552 [EVENT] sock=2516 hEvent=000009A4 events=0x0
2026-10-03 02:20:36.553 [EVENT] sock=2516 hEvent=000009A4 events=0x21
2026-10-03 02:20:46.607 [EVENT] sock=2516 hEvent=000009A4 events=0x0
2026-10-03 02:20:46.609 [EVENT] sock=2516 hEvent=000009A4 events=0x21
2026-10-03 02:20:56.669 [EVENT] sock=2516 hEvent=000009A4 events=0x0
2026-10-03 02:20:56.669 [EVENT] sock=2516 hEvent=000009A4 events=0x21
2026-10-03 02:21:00.106 [EVENT] sock=2656 hEvent=00000A0C events=0x0
2026-10-03 02:21:00.106 [EVENT] sock=2656 hEvent=00000A0C events=0x21
2026-10-03 02:21:06.727 [EVENT] sock=2516 hEvent=000009A4 events=0x0
2026-10-03 02:21:06.728 [EVENT] sock=2516 hEvent=000009A4 events=0x21
2026-10-03 02:21:16.778 [EVENT] sock=2516 hEvent=000009A4 events=0x0
2026-10-03 02:21:16.780 [EVENT] sock=2516 hEvent=000009A4 events=0x21
2026-10-03 02:21:26.832 [EVENT] sock=2516 hEvent=000009A4 events=0x0
2026-10-03 02:21:26.834 [EVENT] sock=2516 hEvent=000009A4 events=0x21
2026-10-03 02:21:30.107 [EVENT] sock=2656 hEvent=00000A0C events=0x0
2026-10-03 02:21:30.107 [EVENT] sock=2656 hEvent=00000A0C events=0x21
2026-10-03 02:21:36.893 [EVENT] sock=2516 hEvent=000009A4 events=0x0
2026-10-03 02:21:36.895 [EVENT] sock=2516 hEvent=000009A4 events=0x21
2026-10-03 02:21:46.953 [EVENT] sock=2516 hEvent=000009A4 events=0x0
2026-10-03 02:21:46.953 [EVENT] sock=2516 hEvent=000009A4 events=0x21
2026-10-03 02:21:57.000 [EVENT] sock=2516 hEvent=000009A4 events=0x0
2026-10-03 02:21:57.001 [EVENT] sock=2516 hEvent=000009A4 events=0x21
2026-10-03 02:22:00.107 [EVENT] sock=2656 hEvent=00000A0C events=0x0
2026-10-03 02:22:00.107 [EVENT] sock=2656 hEvent=00000A0C events=0x21
2026-10-03 02:22:07.052 [EVENT] sock=2516 hEvent=000009A4 events=0x0
2026-10-03 02:22:07.052 [EVENT] sock=2516 hEvent=000009A4 events=0x21
2026-10-03 02:22:17.108 [EVENT] sock=2516 hEvent=000009A4 events=0x0
2026-10-03 02:22:17.108 [EVENT] sock=2516 hEvent=000009A4 events=0x21
2026-10-03 02:22:27.168 [EVENT] sock=2516 hEvent=000009A4 events=0x0
2026-10-03 02:22:27.169 [EVENT] sock=2516 hEvent=000009A4 events=0x21
2026-10-03 02:22:30.107 [EVENT] sock=2656 hEvent=00000A0C events=0x0
2026-10-03 02:22:30.108 [EVENT] sock=2656 hEvent=00000A0C events=0x21
2026-10-03 02:22:37.229 [EVENT] sock=2516 hEvent=000009A4 events=0x0
2026-10-03 02:22:37.230 [EVENT] sock=2516 hEvent=000009A4 events=0x21
2026-10-03 02:22:47.284 [EVENT] sock=2516 hEvent=000009A4 events=0x0
2026-10-03 02:22:47.285 [EVENT] sock=2516 hEvent=000009A4 events=0x21
2026-10-03 02:22:57.339 [EVENT] sock=2516 hEvent=000009A4 events=0x0
2026-10-03 02:22:57.340 [EVENT] sock=2516 hEvent=000009A4 events=0x21
2026-10-03 02:23:00.108 [EVENT] sock=2656 hEvent=00000A0C events=0x0
2026-10-03 02:23:00.108 [EVENT] sock=2656 hEvent=00000A0C events=0x21
2026-10-03 02:23:07.396 [EVENT] sock=2516 hEvent=000009A4 events=0x0
2026-10-03 02:23:07.397 [EVENT] sock=2516 hEvent=000009A4 events=0x21
2026-10-03 02:23:17.453 [EVENT] sock=2516 hEvent=000009A4 events=0x0
2026-10-03 02:23:17.454 [EVENT] sock=2516 hEvent=000009A4 events=0x21
2026-10-03 02:23:27.513 [EVENT] sock=2516 hEvent=000009A4 events=0x0
2026-10-03 02:23:27.514 [EVENT] sock=2516 hEvent=000009A4 events=0x21
2026-10-03 02:23:30.111 [EVENT] sock=2656 hEvent=00000A0C events=0x0
2026-10-03 02:23:30.114 [EVENT] sock=2656 hEvent=00000A0C events=0x21
2026-10-03 02:23:37.563 [EVENT] sock=2516 hEvent=000009A4 events=0x0
2026-10-03 02:23:37.564 [EVENT] sock=2516 hEvent=000009A4 events=0x21
2026-10-03 02:23:47.620 [EVENT] sock=2516 hEvent=000009A4 events=0x0
2026-10-03 02:23:47.620 [EVENT] sock=2516 hEvent=000009A4 events=0x21
2026-10-03 02:23:57.680 [EVENT] sock=2516 hEvent=000009A4 events=0x0
2026-10-03 02:23:57.682 [EVENT] sock=2516 hEvent=000009A4 events=0x21
2026-10-03 02:24:00.114 [EVENT] sock=2656 hEvent=00000A0C events=0x0
2026-10-03 02:24:00.114 [EVENT] sock=2656 hEvent=00000A0C events=0x21
2026-10-03 02:24:07.739 [EVENT] sock=2516 hEvent=000009A4 events=0x0
2026-10-03 02:24:07.740 [EVENT] sock=2516 hEvent=000009A4 events=0x21
2026-10-03 02:24:17.792 [EVENT] sock=2516 hEvent=000009A4 events=0x0
2026-10-03 02:24:17.792 [EVENT] sock=2516 hEvent=000009A4 events=0x21
2026-10-03 02:24:27.858 [EVENT] sock=2516 hEvent=000009A4 events=0x0
2026-10-03 02:24:27.859 [EVENT] sock=2516 hEvent=000009A4 events=0x21
2026-10-03 02:24:30.115 [EVENT] sock=2656 hEvent=00000A0C events=0x0
2026-10-03 02:24:30.115 [EVENT] sock=2656 hEvent=00000A0C events=0x21
2026-10-03 02:24:37.908 [EVENT] sock=2516 hEvent=000009A4 events=0x0
2026-10-03 02:24:37.909 [EVENT] sock=2516 hEvent=000009A4 events=0x21
2026-10-03 02:24:47.970 [EVENT] sock=2516 hEvent=000009A4 events=0x0
2026-10-03 02:24:47.972 [EVENT] sock=2516 hEvent=000009A4 events=0x21
2026-10-03 02:24:58.032 [EVENT] sock=2516 hEvent=000009A4 events=0x0
2026-10-03 02:24:58.032 [EVENT] sock=2516 hEvent=000009A4 events=0x21
2026-10-03 02:25:00.116 [EVENT] sock=2656 hEvent=00000A0C events=0x0
2026-10-03 02:25:00.116 [EVENT] sock=2656 hEvent=00000A0C events=0x21
2026-10-03 02:25:08.090 [EVENT] sock=2516 hEvent=000009A4 events=0x0
2026-10-03 02:25:08.091 [EVENT] sock=2516 hEvent=000009A4 events=0x21
2026-10-03 02:25:18.138 [EVENT] sock=2516 hEvent=000009A4 events=0x0
2026-10-03 02:25:18.139 [EVENT] sock=2516 hEvent=000009A4 events=0x21
2026-10-03 02:25:28.195 [EVENT] sock=2516 hEvent=000009A4 events=0x0
2026-10-03 02:25:28.197 [EVENT] sock=2516 hEvent=000009A4 events=0x21
2026-10-03 02:25:30.118 [EVENT] sock=2656 hEvent=00000A0C events=0x0
2026-10-03 02:25:30.119 [EVENT] sock=2656 hEvent=00000A0C events=0x21
2026-10-03 02:25:38.243 [EVENT] sock=2516 hEvent=000009A4 events=0x0
2026-10-03 02:25:38.244 [EVENT] sock=2516 hEvent=000009A4 events=0x21
2026-10-03 02:25:48.301 [EVENT] sock=2516 hEvent=000009A4 events=0x0
2026-10-03 02:25:48.302 [EVENT] sock=2516 hEvent=000009A4 events=0x21
2026-10-03 02:25:58.352 [EVENT] sock=2516 hEvent=000009A4 events=0x0
2026-10-03 02:25:58.353 [EVENT] sock=2516 hEvent=000009A4 events=0x21
2026-10-03 02:26:00.121 [EVENT] sock=2656 hEvent=00000A0C events=0x0
2026-10-03 02:26:00.122 [EVENT] sock=2656 hEvent=00000A0C events=0x21
2026-10-03 02:26:08.405 [EVENT] sock=2516 hEvent=000009A4 events=0x0
2026-10-03 02:26:08.407 [EVENT] sock=2516 hEvent=000009A4 events=0x21
2026-10-03 02:26:18.465 [EVENT] sock=2516 hEvent=000009A4 events=0x0
2026-10-03 02:26:18.468 [EVENT] sock=2516 hEvent=000009A4 events=0x21
2026-10-03 02:26:28.512 [EVENT] sock=2516 hEvent=000009A4 events=0x0
2026-10-03 02:26:28.513 [EVENT] sock=2516 hEvent=000009A4 events=0x21
2026-10-03 02:26:30.124 [EVENT] sock=2656 hEvent=00000A0C events=0x0
2026-10-03 02:26:30.124 [EVENT] sock=2656 hEvent=00000A0C events=0x21
2026-10-03 02:26:38.567 [EVENT] sock=2516 hEvent=000009A4 events=0x0
2026-10-03 02:26:38.567 [EVENT] sock=2516 hEvent=000009A4 events=0x21
2026-10-03 02:26:48.622 [EVENT] sock=2516 hEvent=000009A4 events=0x0
2026-10-03 02:26:48.623 [EVENT] sock=2516 hEvent=000009A4 events=0x21
2026-10-03 02:26:58.673 [EVENT] sock=2516 hEvent=000009A4 events=0x0
2026-10-03 02:26:58.676 [EVENT] sock=2516 hEvent=000009A4 events=0x21
2026-10-03 02:27:00.124 [EVENT] sock=2656 hEvent=00000A0C events=0x0
2026-10-03 02:27:00.124 [EVENT] sock=2656 hEvent=00000A0C events=0x21
2026-10-03 02:27:08.728 [EVENT] sock=2516 hEvent=000009A4 events=0x0
2026-10-03 02:27:08.730 [EVENT] sock=2516 hEvent=000009A4 events=0x21
2026-10-03 02:27:18.805 [EVENT] sock=2516 hEvent=000009A4 events=0x0
2026-10-03 02:27:18.806 [EVENT] sock=2516 hEvent=000009A4 events=0x21
2026-10-03 02:27:28.858 [EVENT] sock=2516 hEvent=000009A4 events=0x0
2026-10-03 02:27:28.858 [EVENT] sock=2516 hEvent=000009A4 events=0x21
2026-10-03 02:27:30.127 [EVENT] sock=2656 hEvent=00000A0C events=0x0
2026-10-03 02:27:30.127 [EVENT] sock=2656 hEvent=00000A0C events=0x21
2026-10-03 02:27:38.907 [EVENT] sock=2516 hEvent=000009A4 events=0x0
2026-10-03 02:27:38.909 [EVENT] sock=2516 hEvent=000009A4 events=0x21
2026-10-03 02:27:48.956 [EVENT] sock=2516 hEvent=000009A4 events=0x0
2026-10-03 02:27:48.956 [EVENT] sock=2516 hEvent=000009A4 events=0x21
2026-10-03 02:27:59.005 [EVENT] sock=2516 hEvent=000009A4 events=0x0
2026-10-03 02:27:59.007 [EVENT] sock=2516 hEvent=000009A4 events=0x21
2026-10-03 02:28:00.127 [EVENT] sock=2656 hEvent=00000A0C events=0x0
2026-10-03 02:28:00.127 [EVENT] sock=2656 hEvent=00000A0C events=0x21
2026-10-03 02:28:09.052 [EVENT] sock=2516 hEvent=000009A4 events=0x0
2026-10-03 02:28:09.054 [EVENT] sock=2516 hEvent=000009A4 events=0x21
2026-10-03 02:28:19.108 [EVENT] sock=2516 hEvent=000009A4 events=0x0
2026-10-03 02:28:19.109 [EVENT] sock=2516 hEvent=000009A4 events=0x21
2026-10-03 02:28:29.161 [EVENT] sock=2516 hEvent=000009A4 events=0x0
2026-10-03 02:28:29.161 [EVENT] sock=2516 hEvent=000009A4 events=0x21
2026-10-03 02:28:30.128 [EVENT] sock=2656 hEvent=00000A0C events=0x0
2026-10-03 02:28:30.129 [EVENT] sock=2656 hEvent=00000A0C events=0x21
2026-10-03 02:28:39.212 [EVENT] sock=2516 hEvent=000009A4 events=0x0
2026-10-03 02:28:39.212 [EVENT] sock=2516 hEvent=000009A4 events=0x21
2026-10-03 02:28:49.260 [EVENT] sock=2516 hEvent=000009A4 events=0x0
2026-10-03 02:28:49.261 [EVENT] sock=2516 hEvent=000009A4 events=0x21
2026-10-03 02:28:59.321 [EVENT] sock=2516 hEvent=000009A4 events=0x0
2026-10-03 02:28:59.322 [EVENT] sock=2516 hEvent=000009A4 events=0x21
2026-10-03 02:29:00.130 [EVENT] sock=2656 hEvent=00000A0C events=0x0
2026-10-03 02:29:00.131 [EVENT] sock=2656 hEvent=00000A0C events=0x21
2026-10-03 02:29:09.377 [EVENT] sock=2516 hEvent=000009A4 events=0x0
2026-10-03 02:29:09.377 [EVENT] sock=2516 hEvent=000009A4 events=0x21
2026-10-03 02:29:19.429 [EVENT] sock=2516 hEvent=000009A4 events=0x0
2026-10-03 02:29:19.431 [EVENT] sock=2516 hEvent=000009A4 events=0x21
2026-10-03 02:29:29.480 [EVENT] sock=2516 hEvent=000009A4 events=0x0
2026-10-03 02:29:29.480 [EVENT] sock=2516 hEvent=000009A4 events=0x21
2026-10-03 02:29:30.132 [EVENT] sock=2656 hEvent=00000A0C events=0x0
2026-10-03 02:29:30.132 [EVENT] sock=2656 hEvent=00000A0C events=0x21
2026-10-03 02:29:39.539 [EVENT] sock=2516 hEvent=000009A4 events=0x0
2026-10-03 02:29:39.541 [EVENT] sock=2516 hEvent=000009A4 events=0x21
2026-10-03 02:29:49.595 [EVENT] sock=2516 hEvent=000009A4 events=0x0
2026-10-03 02:29:49.596 [EVENT] sock=2516 hEvent=000009A4 events=0x21
2026-10-03 02:29:59.642 [EVENT] sock=2516 hEvent=000009A4 events=0x0
2026-10-03 02:29:59.643 [EVENT] sock=2516 hEvent=000009A4 events=0x21
2026-10-03 02:30:00.133 [EVENT] sock=2656 hEvent=00000A0C events=0x0
2026-10-03 02:30:00.133 [EVENT] sock=2656 hEvent=00000A0C events=0x21
2026-10-03 02:30:09.692 [EVENT] sock=2516 hEvent=000009A4 events=0x0
2026-10-03 02:30:09.694 [EVENT] sock=2516 hEvent=000009A4 events=0x21
2026-10-03 02:30:19.742 [EVENT] sock=2516 hEvent=000009A4 events=0x0
2026-10-03 02:30:19.743 [EVENT] sock=2516 hEvent=000009A4 events=0x21
2026-10-03 02:30:29.790 [EVENT] sock=2516 hEvent=000009A4 events=0x0
2026-10-03 02:30:29.791 [EVENT] sock=2516 hEvent=000009A4 events=0x21
2026-10-03 02:30:30.133 [EVENT] sock=2656 hEvent=00000A0C events=0x0
2026-10-03 02:30:30.134 [EVENT] sock=2656 hEvent=00000A0C events=0x21
2026-10-03 02:30:39.837 [EVENT] sock=2516 hEvent=000009A4 events=0x0
2026-10-03 02:30:39.839 [EVENT] sock=2516 hEvent=000009A4 events=0x21
2026-10-03 02:30:49.898 [EVENT] sock=2516 hEvent=000009A4 events=0x0
2026-10-03 02:30:49.899 [EVENT] sock=2516 hEvent=000009A4 events=0x21
2026-10-03 02:30:59.956 [EVENT] sock=2516 hEvent=000009A4 events=0x0
2026-10-03 02:30:59.957 [EVENT] sock=2516 hEvent=000009A4 events=0x21
2026-10-03 02:31:00.134 [EVENT] sock=2656 hEvent=00000A0C events=0x0
2026-10-03 02:31:00.134 [EVENT] sock=2656 hEvent=00000A0C events=0x21
2026-10-03 02:31:10.012 [EVENT] sock=2516 hEvent=000009A4 events=0x0
2026-10-03 02:31:10.014 [EVENT] sock=2516 hEvent=000009A4 events=0x21
2026-10-03 02:31:20.073 [EVENT] sock=2516 hEvent=000009A4 events=0x0
2026-10-03 02:31:20.074 [EVENT] sock=2516 hEvent=000009A4 events=0x21
2026-10-03 02:31:30.125 [EVENT] sock=2516 hEvent=000009A4 events=0x0
2026-10-03 02:31:30.125 [EVENT] sock=2516 hEvent=000009A4 events=0x21
2026-10-03 02:31:30.136 [EVENT] sock=2656 hEvent=00000A0C events=0x0
2026-10-03 02:31:30.136 [EVENT] sock=2656 hEvent=00000A0C events=0x21
2026-10-03 02:31:40.184 [EVENT] sock=2516 hEvent=000009A4 events=0x0
2026-10-03 02:31:40.184 [EVENT] sock=2516 hEvent=000009A4 events=0x21
2026-10-03 02:31:50.243 [EVENT] sock=2516 hEvent=000009A4 events=0x0
2026-10-03 02:31:50.244 [EVENT] sock=2516 hEvent=000009A4 events=0x21
2026-10-03 02:32:00.136 [EVENT] sock=2656 hEvent=00000A0C events=0x0
2026-10-03 02:32:00.136 [EVENT] sock=2656 hEvent=00000A0C events=0x21
2026-10-03 02:32:00.293 [EVENT] sock=2516 hEvent=000009A4 events=0x0
2026-10-03 02:32:00.294 [EVENT] sock=2516 hEvent=000009A4 events=0x21
2026-10-03 02:32:10.352 [EVENT] sock=2516 hEvent=000009A4 events=0x0
2026-10-03 02:32:10.353 [EVENT] sock=2516 hEvent=000009A4 events=0x21
2026-10-03 02:32:20.410 [EVENT] sock=2516 hEvent=000009A4 events=0x0
2026-10-03 02:32:20.410 [EVENT] sock=2516 hEvent=000009A4 events=0x21
2026-10-03 02:32:30.137 [EVENT] sock=2656 hEvent=00000A0C events=0x0
2026-10-03 02:32:30.137 [EVENT] sock=2656 hEvent=00000A0C events=0x21
2026-10-03 02:32:30.479 [EVENT] sock=2516 hEvent=000009A4 events=0x0
2026-10-03 02:32:30.479 [EVENT] sock=2516 hEvent=000009A4 events=0x21
2026-10-03 02:32:40.544 [EVENT] sock=2516 hEvent=000009A4 events=0x0
2026-10-03 02:32:40.545 [EVENT] sock=2516 hEvent=000009A4 events=0x21
2026-10-03 02:32:50.609 [EVENT] sock=2516 hEvent=000009A4 events=0x0
2026-10-03 02:32:50.609 [EVENT] sock=2516 hEvent=000009A4 events=0x21
2026-10-03 02:33:00.137 [EVENT] sock=2656 hEvent=00000A0C events=0x0
2026-10-03 02:33:00.137 [EVENT] sock=2656 hEvent=00000A0C events=0x21
2026-10-03 02:33:00.657 [EVENT] sock=2516 hEvent=000009A4 events=0x0
2026-10-03 02:33:00.658 [EVENT] sock=2516 hEvent=000009A4 events=0x21
2026-10-03 02:33:10.716 [EVENT] sock=2516 hEvent=000009A4 events=0x0
2026-10-03 02:33:10.718 [EVENT] sock=2516 hEvent=000009A4 events=0x21
2026-10-03 02:33:20.841 [EVENT] sock=2516 hEvent=000009A4 events=0x0
2026-10-03 02:33:20.843 [EVENT] sock=2516 hEvent=000009A4 events=0x21
2026-10-03 02:33:30.138 [EVENT] sock=2656 hEvent=00000A0C events=0x0
2026-10-03 02:33:30.139 [EVENT] sock=2656 hEvent=00000A0C events=0x21
2026-10-03 02:33:30.889 [EVENT] sock=2516 hEvent=000009A4 events=0x0
2026-10-03 02:33:30.891 [EVENT] sock=2516 hEvent=000009A4 events=0x21
2026-10-03 02:33:40.947 [EVENT] sock=2516 hEvent=000009A4 events=0x0
2026-10-03 02:33:40.949 [EVENT] sock=2516 hEvent=000009A4 events=0x21
2026-10-03 02:33:51.052 [EVENT] sock=2516 hEvent=000009A4 events=0x0
2026-10-03 02:33:51.054 [EVENT] sock=2516 hEvent=000009A4 events=0x21
2026-10-03 02:34:00.139 [EVENT] sock=2656 hEvent=00000A0C events=0x0
2026-10-03 02:34:00.140 [EVENT] sock=2656 hEvent=00000A0C events=0x21
2026-10-03 02:34:01.115 [EVENT] sock=2516 hEvent=000009A4 events=0x0
2026-10-03 02:34:01.115 [EVENT] sock=2516 hEvent=000009A4 events=0x21
2026-10-03 02:34:11.178 [EVENT] sock=2516 hEvent=000009A4 events=0x0
2026-10-03 02:34:11.179 [EVENT] sock=2516 hEvent=000009A4 events=0x21
2026-10-03 02:34:21.251 [EVENT] sock=2516 hEvent=000009A4 events=0x0
2026-10-03 02:34:21.253 [EVENT] sock=2516 hEvent=000009A4 events=0x21
2026-10-03 02:34:30.140 [EVENT] sock=2656 hEvent=00000A0C events=0x0
2026-10-03 02:34:30.142 [EVENT] sock=2656 hEvent=00000A0C events=0x21
2026-10-03 02:34:31.322 [EVENT] sock=2516 hEvent=000009A4 events=0x0
2026-10-03 02:34:31.322 [EVENT] sock=2516 hEvent=000009A4 events=0x21
2026-10-03 02:34:41.378 [EVENT] sock=2516 hEvent=000009A4 events=0x0
2026-10-03 02:34:41.379 [EVENT] sock=2516 hEvent=000009A4 events=0x21
2026-10-03 02:34:51.494 [EVENT] sock=2516 hEvent=000009A4 events=0x0
2026-10-03 02:34:51.495 [EVENT] sock=2516 hEvent=000009A4 events=0x21
2026-10-03 02:35:00.142 [EVENT] sock=2656 hEvent=00000A0C events=0x0
2026-10-03 02:35:00.142 [EVENT] sock=2656 hEvent=00000A0C events=0x21
2026-10-03 02:35:01.555 [EVENT] sock=2516 hEvent=000009A4 events=0x0
2026-10-03 02:35:01.556 [EVENT] sock=2516 hEvent=000009A4 events=0x21
2026-10-03 02:35:11.618 [EVENT] sock=2516 hEvent=000009A4 events=0x0
2026-10-03 02:35:11.618 [EVENT] sock=2516 hEvent=000009A4 events=0x21
2026-10-03 02:35:21.698 [EVENT] sock=2516 hEvent=000009A4 events=0x0
2026-10-03 02:35:21.699 [EVENT] sock=2516 hEvent=000009A4 events=0x21
2026-10-03 02:35:30.144 [EVENT] sock=2656 hEvent=00000A0C events=0x0
2026-10-03 02:35:30.145 [EVENT] sock=2656 hEvent=00000A0C events=0x21
2026-10-03 02:35:31.747 [EVENT] sock=2516 hEvent=000009A4 events=0x0
2026-10-03 02:35:31.747 [EVENT] sock=2516 hEvent=000009A4 events=0x21
2026-10-03 02:35:41.798 [EVENT] sock=2516 hEvent=000009A4 events=0x0
2026-10-03 02:35:41.799 [EVENT] sock=2516 hEvent=000009A4 events=0x21
2026-10-03 02:35:51.951 [EVENT] sock=2516 hEvent=000009A4 events=0x0
2026-10-03 02:35:51.952 [EVENT] sock=2516 hEvent=000009A4 events=0x21
2026-10-03 02:36:00.145 [EVENT] sock=2656 hEvent=00000A0C events=0x0
2026-10-03 02:36:00.145 [EVENT] sock=2656 hEvent=00000A0C events=0x21
2026-10-03 02:36:02.014 [EVENT] sock=2516 hEvent=000009A4 events=0x0
2026-10-03 02:36:02.015 [EVENT] sock=2516 hEvent=000009A4 events=0x21
2026-10-03 02:36:12.072 [EVENT] sock=2516 hEvent=000009A4 events=0x0
2026-10-03 02:36:12.072 [EVENT] sock=2516 hEvent=000009A4 events=0x21
2026-10-03 02:36:22.157 [EVENT] sock=2516 hEvent=000009A4 events=0x0
2026-10-03 02:36:22.157 [EVENT] sock=2516 hEvent=000009A4 events=0x21
2026-10-03 02:36:30.145 [EVENT] sock=2656 hEvent=00000A0C events=0x0
2026-10-03 02:36:30.147 [EVENT] sock=2656 hEvent=00000A0C events=0x21
2026-10-03 02:36:32.207 [EVENT] sock=2516 hEvent=000009A4 events=0x0
2026-10-03 02:36:32.211 [EVENT] sock=2516 hEvent=000009A4 events=0x21
2026-10-03 02:36:42.258 [EVENT] sock=2516 hEvent=000009A4 events=0x0
2026-10-03 02:36:42.258 [EVENT] sock=2516 hEvent=000009A4 events=0x21
2026-10-03 02:36:52.411 [EVENT] sock=2516 hEvent=000009A4 events=0x0
2026-10-03 02:36:52.412 [EVENT] sock=2516 hEvent=000009A4 events=0x21
2026-10-03 02:37:00.147 [EVENT] sock=2656 hEvent=00000A0C events=0x0
2026-10-03 02:37:00.147 [EVENT] sock=2656 hEvent=00000A0C events=0x21
2026-10-03 02:37:02.458 [EVENT] sock=2516 hEvent=000009A4 events=0x0
2026-10-03 02:37:02.459 [EVENT] sock=2516 hEvent=000009A4 events=0x21
2026-10-03 02:37:12.532 [EVENT] sock=2516 hEvent=000009A4 events=0x0
2026-10-03 02:37:12.533 [EVENT] sock=2516 hEvent=000009A4 events=0x21
2026-10-03 02:37:22.661 [EVENT] sock=2516 hEvent=000009A4 events=0x0
2026-10-03 02:37:22.661 [EVENT] sock=2516 hEvent=000009A4 events=0x21
2026-10-03 02:37:30.149 [EVENT] sock=2656 hEvent=00000A0C events=0x0
2026-10-03 02:37:30.150 [EVENT] sock=2656 hEvent=00000A0C events=0x21
2026-10-03 02:37:32.720 [EVENT] sock=2516 hEvent=000009A4 events=0x0
2026-10-03 02:37:32.721 [EVENT] sock=2516 hEvent=000009A4 events=0x21
2026-10-03 02:37:42.776 [EVENT] sock=2516 hEvent=000009A4 events=0x0
2026-10-03 02:37:42.777 [EVENT] sock=2516 hEvent=000009A4 events=0x21
2026-10-03 02:37:52.917 [EVENT] sock=2516 hEvent=000009A4 events=0x0
2026-10-03 02:37:52.918 [EVENT] sock=2516 hEvent=000009A4 events=0x21
2026-10-03 02:38:00.150 [EVENT] sock=2656 hEvent=00000A0C events=0x0
2026-10-03 02:38:00.150 [EVENT] sock=2656 hEvent=00000A0C events=0x21
2026-10-03 02:38:02.968 [EVENT] sock=2516 hEvent=000009A4 events=0x0
2026-10-03 02:38:02.969 [EVENT] sock=2516 hEvent=000009A4 events=0x21
2026-10-03 02:38:13.023 [EVENT] sock=2516 hEvent=000009A4 events=0x0
2026-10-03 02:38:13.024 [EVENT] sock=2516 hEvent=000009A4 events=0x21
2026-10-03 02:38:23.167 [EVENT] sock=2516 hEvent=000009A4 events=0x0
2026-10-03 02:38:23.168 [EVENT] sock=2516 hEvent=000009A4 events=0x21
2026-10-03 02:38:30.151 [EVENT] sock=2656 hEvent=00000A0C events=0x0
2026-10-03 02:38:30.152 [EVENT] sock=2656 hEvent=00000A0C events=0x21
2026-10-03 02:38:33.228 [EVENT] sock=2516 hEvent=000009A4 events=0x0
2026-10-03 02:38:33.229 [EVENT] sock=2516 hEvent=000009A4 events=0x21
2026-10-03 02:38:43.284 [EVENT] sock=2516 hEvent=000009A4 events=0x0
2026-10-03 02:38:43.285 [EVENT] sock=2516 hEvent=000009A4 events=0x21
2026-10-03 02:38:53.374 [EVENT] sock=2516 hEvent=000009A4 events=0x0
2026-10-03 02:38:53.375 [EVENT] sock=2516 hEvent=000009A4 events=0x21
2026-10-03 02:39:00.153 [EVENT] sock=2656 hEvent=00000A0C events=0x0
2026-10-03 02:39:00.153 [EVENT] sock=2656 hEvent=00000A0C events=0x21
2026-10-03 02:39:03.427 [EVENT] sock=2516 hEvent=000009A4 events=0x0
2026-10-03 02:39:03.427 [EVENT] sock=2516 hEvent=000009A4 events=0x21
2026-10-03 02:39:13.485 [EVENT] sock=2516 hEvent=000009A4 events=0x0
2026-10-03 02:39:13.487 [EVENT] sock=2516 hEvent=000009A4 events=0x21
2026-10-03 02:39:23.627 [EVENT] sock=2516 hEvent=000009A4 events=0x0
2026-10-03 02:39:23.629 [EVENT] sock=2516 hEvent=000009A4 events=0x21
2026-10-03 02:39:30.154 [EVENT] sock=2656 hEvent=00000A0C events=0x0
2026-10-03 02:39:30.154 [EVENT] sock=2656 hEvent=00000A0C events=0x21
2026-10-03 02:39:33.676 [EVENT] sock=2516 hEvent=000009A4 events=0x0
2026-10-03 02:39:33.676 [EVENT] sock=2516 hEvent=000009A4 events=0x21
2026-10-03 02:39:43.736 [EVENT] sock=2516 hEvent=000009A4 events=0x0
2026-10-03 02:39:43.736 [EVENT] sock=2516 hEvent=000009A4 events=0x21
2026-10-03 02:39:53.831 [EVENT] sock=2516 hEvent=000009A4 events=0x0
2026-10-03 02:39:53.831 [EVENT] sock=2516 hEvent=000009A4 events=0x21
2026-10-03 02:40:00.155 [EVENT] sock=2656 hEvent=00000A0C events=0x0
2026-10-03 02:40:00.155 [EVENT] sock=2656 hEvent=00000A0C events=0x21
2026-10-03 02:40:03.877 [EVENT] sock=2516 hEvent=000009A4 events=0x0
2026-10-03 02:40:03.877 [EVENT] sock=2516 hEvent=000009A4 events=0x21
2026-10-03 02:40:13.926 [EVENT] sock=2516 hEvent=000009A4 events=0x0
2026-10-03 02:40:13.926 [EVENT] sock=2516 hEvent=000009A4 events=0x21
2026-10-03 02:40:24.087 [EVENT] sock=2516 hEvent=000009A4 events=0x0
2026-10-03 02:40:24.088 [EVENT] sock=2516 hEvent=000009A4 events=0x21
2026-10-03 02:40:30.157 [EVENT] sock=2656 hEvent=00000A0C events=0x0
2026-10-03 02:40:30.158 [EVENT] sock=2656 hEvent=00000A0C events=0x21
2026-10-03 02:40:34.140 [EVENT] sock=2516 hEvent=000009A4 events=0x0
2026-10-03 02:40:34.140 [EVENT] sock=2516 hEvent=000009A4 events=0x21
2026-10-03 02:40:44.199 [EVENT] sock=2516 hEvent=000009A4 events=0x0
2026-10-03 02:40:44.199 [EVENT] sock=2516 hEvent=000009A4 events=0x21
2026-10-03 02:40:54.292 [EVENT] sock=2516 hEvent=000009A4 events=0x0
2026-10-03 02:40:54.292 [EVENT] sock=2516 hEvent=000009A4 events=0x21
2026-10-03 02:41:00.159 [EVENT] sock=2656 hEvent=00000A0C events=0x0
2026-10-03 02:41:00.159 [EVENT] sock=2656 hEvent=00000A0C events=0x21
2026-10-03 02:41:04.340 [EVENT] sock=2516 hEvent=000009A4 events=0x0
2026-10-03 02:41:04.341 [EVENT] sock=2516 hEvent=000009A4 events=0x21
2026-10-03 02:41:14.389 [EVENT] sock=2516 hEvent=000009A4 events=0x0
2026-10-03 02:41:14.390 [EVENT] sock=2516 hEvent=000009A4 events=0x21
2026-10-03 02:41:24.607 [EVENT] sock=2516 hEvent=000009A4 events=0x0
2026-10-03 02:41:24.607 [EVENT] sock=2516 hEvent=000009A4 events=0x21
2026-10-03 02:41:30.159 [EVENT] sock=2656 hEvent=00000A0C events=0x0
2026-10-03 02:41:30.160 [EVENT] sock=2656 hEvent=00000A0C events=0x21
2026-10-03 02:41:34.661 [EVENT] sock=2516 hEvent=000009A4 events=0x0
2026-10-03 02:41:34.662 [EVENT] sock=2516 hEvent=000009A4 events=0x21
2026-10-03 02:41:44.706 [EVENT] sock=2516 hEvent=000009A4 events=0x0
2026-10-03 02:41:44.707 [EVENT] sock=2516 hEvent=000009A4 events=0x21
2026-10-03 02:41:54.802 [EVENT] sock=2516 hEvent=000009A4 events=0x0
2026-10-03 02:41:54.803 [EVENT] sock=2516 hEvent=000009A4 events=0x21
2026-10-03 02:42:00.160 [EVENT] sock=2656 hEvent=00000A0C events=0x0
2026-10-03 02:42:00.160 [EVENT] sock=2656 hEvent=00000A0C events=0x21
2026-10-03 02:42:04.849 [EVENT] sock=2516 hEvent=000009A4 events=0x0
2026-10-03 02:42:04.850 [EVENT] sock=2516 hEvent=000009A4 events=0x21
2026-10-03 02:42:14.900 [EVENT] sock=2516 hEvent=000009A4 events=0x0
2026-10-03 02:42:14.901 [EVENT] sock=2516 hEvent=000009A4 events=0x21
2026-10-03 02:42:25.059 [EVENT] sock=2516 hEvent=000009A4 events=0x0
2026-10-03 02:42:25.059 [EVENT] sock=2516 hEvent=000009A4 events=0x21
2026-10-03 02:42:30.160 [EVENT] sock=2656 hEvent=00000A0C events=0x0
2026-10-03 02:42:30.160 [EVENT] sock=2656 hEvent=00000A0C events=0x21
2026-10-03 02:42:35.117 [EVENT] sock=2516 hEvent=000009A4 events=0x0
2026-10-03 02:42:35.118 [EVENT] sock=2516 hEvent=000009A4 events=0x21
2026-10-03 02:42:45.171 [EVENT] sock=2516 hEvent=000009A4 events=0x0
2026-10-03 02:42:45.171 [EVENT] sock=2516 hEvent=000009A4 events=0x21
2026-10-03 02:42:55.259 [EVENT] sock=2516 hEvent=000009A4 events=0x0
2026-10-03 02:42:55.260 [EVENT] sock=2516 hEvent=000009A4 events=0x21
2026-10-03 02:43:00.161 [EVENT] sock=2656 hEvent=00000A0C events=0x0
2026-10-03 02:43:00.162 [EVENT] sock=2656 hEvent=00000A0C events=0x21
2026-10-03 02:43:05.310 [EVENT] sock=2516 hEvent=000009A4 events=0x0
2026-10-03 02:43:05.312 [EVENT] sock=2516 hEvent=000009A4 events=0x21
2026-10-03 02:43:15.369 [EVENT] sock=2516 hEvent=000009A4 events=0x0
2026-10-03 02:43:15.372 [EVENT] sock=2516 hEvent=000009A4 events=0x21
2026-10-03 02:43:25.505 [EVENT] sock=2516 hEvent=000009A4 events=0x0
2026-10-03 02:43:25.507 [EVENT] sock=2516 hEvent=000009A4 events=0x21
2026-10-03 02:43:30.162 [EVENT] sock=2656 hEvent=00000A0C events=0x0
2026-10-03 02:43:30.162 [EVENT] sock=2656 hEvent=00000A0C events=0x21
2026-10-03 02:43:35.569 [EVENT] sock=2516 hEvent=000009A4 events=0x0
2026-10-03 02:43:35.569 [EVENT] sock=2516 hEvent=000009A4 events=0x21
2026-10-03 02:43:45.623 [EVENT] sock=2516 hEvent=000009A4 events=0x0
2026-10-03 02:43:45.623 [EVENT] sock=2516 hEvent=000009A4 events=0x21
2026-10-03 02:43:55.712 [EVENT] sock=2516 hEvent=000009A4 events=0x0
2026-10-03 02:43:55.713 [EVENT] sock=2516 hEvent=000009A4 events=0x21
2026-10-03 02:44:00.163 [EVENT] sock=2656 hEvent=00000A0C events=0x0
2026-10-03 02:44:00.164 [EVENT] sock=2656 hEvent=00000A0C events=0x21
2026-10-03 02:44:05.774 [EVENT] sock=2516 hEvent=000009A4 events=0x0
2026-10-03 02:44:05.775 [EVENT] sock=2516 hEvent=000009A4 events=0x21
2026-10-03 02:44:15.827 [EVENT] sock=2516 hEvent=000009A4 events=0x0
2026-10-03 02:44:15.829 [EVENT] sock=2516 hEvent=000009A4 events=0x21
2026-10-03 02:44:26.065 [EVENT] sock=2516 hEvent=000009A4 events=0x0
2026-10-03 02:44:26.068 [EVENT] sock=2516 hEvent=000009A4 events=0x21
2026-10-03 02:44:30.166 [EVENT] sock=2656 hEvent=00000A0C events=0x0
2026-10-03 02:44:30.166 [EVENT] sock=2656 hEvent=00000A0C events=0x21
2026-10-03 02:44:36.120 [EVENT] sock=2516 hEvent=000009A4 events=0x0
2026-10-03 02:44:36.120 [EVENT] sock=2516 hEvent=000009A4 events=0x21
2026-10-03 02:44:46.180 [EVENT] sock=2516 hEvent=000009A4 events=0x0
2026-10-03 02:44:46.187 [EVENT] sock=2516 hEvent=000009A4 events=0x21
2026-10-03 02:44:56.276 [EVENT] sock=2516 hEvent=000009A4 events=0x0
2026-10-03 02:44:56.277 [EVENT] sock=2516 hEvent=000009A4 events=0x21
2026-10-03 02:45:00.166 [EVENT] sock=2656 hEvent=00000A0C events=0x0
2026-10-03 02:45:00.166 [EVENT] sock=2656 hEvent=00000A0C events=0x21
2026-10-03 02:45:06.335 [EVENT] sock=2516 hEvent=000009A4 events=0x0
2026-10-03 02:45:06.336 [EVENT] sock=2516 hEvent=000009A4 events=0x21
2026-10-03 02:45:16.395 [EVENT] sock=2516 hEvent=000009A4 events=0x0
2026-10-03 02:45:16.396 [EVENT] sock=2516 hEvent=000009A4 events=0x21
2026-10-03 02:45:26.471 [EVENT] sock=2516 hEvent=000009A4 events=0x0
2026-10-03 02:45:26.471 [EVENT] sock=2516 hEvent=000009A4 events=0x21
2026-10-03 02:45:30.168 [EVENT] sock=2656 hEvent=00000A0C events=0x0
2026-10-03 02:45:30.168 [EVENT] sock=2656 hEvent=00000A0C events=0x21
2026-10-03 02:45:36.518 [EVENT] sock=2516 hEvent=000009A4 events=0x0
2026-10-03 02:45:36.520 [EVENT] sock=2516 hEvent=000009A4 events=0x21
2026-10-03 02:45:46.567 [EVENT] sock=2516 hEvent=000009A4 events=0x0
2026-10-03 02:45:46.568 [EVENT] sock=2516 hEvent=000009A4 events=0x21
2026-10-03 02:45:56.715 [EVENT] sock=2516 hEvent=000009A4 events=0x0
2026-10-03 02:45:56.716 [EVENT] sock=2516 hEvent=000009A4 events=0x21
2026-10-03 02:46:00.169 [EVENT] sock=2656 hEvent=00000A0C events=0x0
2026-10-03 02:46:00.170 [EVENT] sock=2656 hEvent=00000A0C events=0x21
2026-10-03 02:46:06.765 [EVENT] sock=2516 hEvent=000009A4 events=0x0
2026-10-03 02:46:06.765 [EVENT] sock=2516 hEvent=000009A4 events=0x21
2026-10-03 02:46:16.809 [EVENT] sock=2516 hEvent=000009A4 events=0x0
2026-10-03 02:46:16.811 [EVENT] sock=2516 hEvent=000009A4 events=0x21
2026-10-03 02:46:26.982 [EVENT] sock=2516 hEvent=000009A4 events=0x0
2026-10-03 02:46:26.983 [EVENT] sock=2516 hEvent=000009A4 events=0x21
2026-10-03 02:46:30.171 [EVENT] sock=2656 hEvent=00000A0C events=0x0
2026-10-03 02:46:30.172 [EVENT] sock=2656 hEvent=00000A0C events=0x21
2026-10-03 02:46:37.038 [EVENT] sock=2516 hEvent=000009A4 events=0x0
2026-10-03 02:46:37.039 [EVENT] sock=2516 hEvent=000009A4 events=0x21
2026-10-03 02:46:47.110 [EVENT] sock=2516 hEvent=000009A4 events=0x0
2026-10-03 02:46:47.110 [EVENT] sock=2516 hEvent=000009A4 events=0x21
2026-10-03 02:46:57.293 [EVENT] sock=2516 hEvent=000009A4 events=0x0
2026-10-03 02:46:57.296 [EVENT] sock=2516 hEvent=000009A4 events=0x21
2026-10-03 02:47:00.173 [EVENT] sock=2656 hEvent=00000A0C events=0x0
2026-10-03 02:47:00.173 [EVENT] sock=2656 hEvent=00000A0C events=0x21
2026-10-03 02:47:07.342 [EVENT] sock=2516 hEvent=000009A4 events=0x0
2026-10-03 02:47:07.343 [EVENT] sock=2516 hEvent=000009A4 events=0x21
2026-10-03 02:47:17.400 [EVENT] sock=2516 hEvent=000009A4 events=0x0
2026-10-03 02:47:17.400 [EVENT] sock=2516 hEvent=000009A4 events=0x21
2026-10-03 02:47:27.487 [EVENT] sock=2516 hEvent=000009A4 events=0x0
2026-10-03 02:47:27.488 [EVENT] sock=2516 hEvent=000009A4 events=0x21
2026-10-03 02:47:30.176 [EVENT] sock=2656 hEvent=00000A0C events=0x0
2026-10-03 02:47:30.176 [EVENT] sock=2656 hEvent=00000A0C events=0x21
2026-10-03 02:47:37.547 [EVENT] sock=2516 hEvent=000009A4 events=0x0
2026-10-03 02:47:37.548 [EVENT] sock=2516 hEvent=000009A4 events=0x21
2026-10-03 02:47:47.609 [EVENT] sock=2516 hEvent=000009A4 events=0x0
2026-10-03 02:47:47.609 [EVENT] sock=2516 hEvent=000009A4 events=0x21
2026-10-03 02:47:57.700 [EVENT] sock=2516 hEvent=000009A4 events=0x0
2026-10-03 02:47:57.700 [EVENT] sock=2516 hEvent=000009A4 events=0x21
2026-10-03 02:48:00.178 [EVENT] sock=2656 hEvent=00000A0C events=0x0
2026-10-03 02:48:00.179 [EVENT] sock=2656 hEvent=00000A0C events=0x21
2026-10-03 02:48:07.759 [EVENT] sock=2516 hEvent=000009A4 events=0x0
2026-10-03 02:48:07.759 [EVENT] sock=2516 hEvent=000009A4 events=0x21
2026-10-03 02:48:17.811 [EVENT] sock=2516 hEvent=000009A4 events=0x0
2026-10-03 02:48:17.813 [EVENT] sock=2516 hEvent=000009A4 events=0x21
2026-10-03 02:48:27.901 [EVENT] sock=2516 hEvent=000009A4 events=0x0
2026-10-03 02:48:27.903 [EVENT] sock=2516 hEvent=000009A4 events=0x21
2026-10-03 02:48:30.180 [EVENT] sock=2656 hEvent=00000A0C events=0x0
2026-10-03 02:48:30.180 [EVENT] sock=2656 hEvent=00000A0C events=0x21
2026-10-03 02:48:37.965 [EVENT] sock=2516 hEvent=000009A4 events=0x0
2026-10-03 02:48:37.965 [EVENT] sock=2516 hEvent=000009A4 events=0x21
2026-10-03 02:48:48.021 [EVENT] sock=2516 hEvent=000009A4 events=0x0
2026-10-03 02:48:48.022 [EVENT] sock=2516 hEvent=000009A4 events=0x21
2026-10-03 02:48:58.197 [EVENT] sock=2516 hEvent=000009A4 events=0x0
2026-10-03 02:48:58.198 [EVENT] sock=2516 hEvent=000009A4 events=0x21
2026-10-03 02:49:00.180 [EVENT] sock=2656 hEvent=00000A0C events=0x0
2026-10-03 02:49:00.181 [EVENT] sock=2656 hEvent=00000A0C events=0x21
2026-10-03 02:49:08.250 [EVENT] sock=2516 hEvent=000009A4 events=0x0
2026-10-03 02:49:08.252 [EVENT] sock=2516 hEvent=000009A4 events=0x21
2026-10-03 02:49:18.309 [EVENT] sock=2516 hEvent=000009A4 events=0x0
2026-10-03 02:49:18.311 [EVENT] sock=2516 hEvent=000009A4 events=0x21
2026-10-03 02:49:28.389 [EVENT] sock=2516 hEvent=000009A4 events=0x0
2026-10-03 02:49:28.390 [HB-OUT] op=0001 #1 len=4 sock=2516
2026-10-03 02:49:28.390 [EVENT] sock=2516 hEvent=000009A4 events=0x21
2026-10-03 02:49:28.403 [EVENT] sock=2516 hEvent=000009A4 events=0x0
2026-10-03 02:49:28.405 [EVENT] sock=2516 hEvent=000009A4 events=0x21
2026-10-03 02:49:30.181 [EVENT] sock=2656 hEvent=00000A0C events=0x0
2026-10-03 02:49:30.181 [EVENT] sock=2656 hEvent=00000A0C events=0x21
2026-10-03 02:49:38.696 [EVENT] sock=2516 hEvent=000009A4 events=0x0
2026-10-03 02:49:38.698 [EVENT] sock=2516 hEvent=000009A4 events=0x21
2026-10-03 02:49:48.748 [EVENT] sock=2516 hEvent=000009A4 events=0x0
2026-10-03 02:49:48.749 [EVENT] sock=2516 hEvent=000009A4 events=0x21
2026-10-03 02:49:58.799 [EVENT] sock=2516 hEvent=000009A4 events=0x0
2026-10-03 02:49:58.800 [EVENT] sock=2516 hEvent=000009A4 events=0x21
2026-10-03 02:50:00.183 [EVENT] sock=2656 hEvent=00000A0C events=0x0
2026-10-03 02:50:00.184 [EVENT] sock=2656 hEvent=00000A0C events=0x21
2026-10-03 02:50:08.847 [EVENT] sock=2516 hEvent=000009A4 events=0x0
2026-10-03 02:50:08.848 [EVENT] sock=2516 hEvent=000009A4 events=0x21
2026-10-03 02:50:18.913 [EVENT] sock=2516 hEvent=000009A4 events=0x0
2026-10-03 02:50:18.916 [EVENT] sock=2516 hEvent=000009A4 events=0x21
2026-10-03 02:50:28.963 [EVENT] sock=2516 hEvent=000009A4 events=0x0
2026-10-03 02:50:28.964 [EVENT] sock=2516 hEvent=000009A4 events=0x21
2026-10-03 02:50:30.185 [EVENT] sock=2656 hEvent=00000A0C events=0x0
2026-10-03 02:50:30.185 [EVENT] sock=2656 hEvent=00000A0C events=0x21
2026-10-03 02:50:39.021 [EVENT] sock=2516 hEvent=000009A4 events=0x0
2026-10-03 02:50:39.022 [EVENT] sock=2516 hEvent=000009A4 events=0x21
2026-10-03 02:50:49.082 [EVENT] sock=2516 hEvent=000009A4 events=0x0
2026-10-03 02:50:49.084 [EVENT] sock=2516 hEvent=000009A4 events=0x21
2026-10-03 02:50:59.161 [EVENT] sock=2516 hEvent=000009A4 events=0x0
2026-10-03 02:50:59.162 [EVENT] sock=2516 hEvent=000009A4 events=0x21
2026-10-03 02:51:00.186 [EVENT] sock=2656 hEvent=00000A0C events=0x0
2026-10-03 02:51:00.186 [EVENT] sock=2656 hEvent=00000A0C events=0x21
2026-10-03 02:51:09.220 [EVENT] sock=2516 hEvent=000009A4 events=0x0
2026-10-03 02:51:09.221 [EVENT] sock=2516 hEvent=000009A4 events=0x21
2026-10-03 02:51:19.271 [EVENT] sock=2516 hEvent=000009A4 events=0x0
2026-10-03 02:51:19.271 [EVENT] sock=2516 hEvent=000009A4 events=0x21
2026-10-03 02:51:29.412 [EVENT] sock=2516 hEvent=000009A4 events=0x0
2026-10-03 02:51:29.412 [EVENT] sock=2516 hEvent=000009A4 events=0x21
2026-10-03 02:51:30.188 [EVENT] sock=2656 hEvent=00000A0C events=0x0
2026-10-03 02:51:30.190 [EVENT] sock=2656 hEvent=00000A0C events=0x21
2026-10-03 02:51:39.459 [EVENT] sock=2516 hEvent=000009A4 events=0x0
2026-10-03 02:51:39.460 [EVENT] sock=2516 hEvent=000009A4 events=0x21
2026-10-03 02:51:49.511 [EVENT] sock=2516 hEvent=000009A4 events=0x0
2026-10-03 02:51:49.512 [EVENT] sock=2516 hEvent=000009A4 events=0x21
2026-10-03 02:51:59.616 [EVENT] sock=2516 hEvent=000009A4 events=0x0
2026-10-03 02:51:59.617 [EVENT] sock=2516 hEvent=000009A4 events=0x21
2026-10-03 02:52:00.191 [EVENT] sock=2656 hEvent=00000A0C events=0x0
2026-10-03 02:52:00.192 [EVENT] sock=2656 hEvent=00000A0C events=0x21
2026-10-03 02:52:09.669 [EVENT] sock=2516 hEvent=000009A4 events=0x0
2026-10-03 02:52:09.670 [EVENT] sock=2516 hEvent=000009A4 events=0x21
2026-10-03 02:52:19.722 [EVENT] sock=2516 hEvent=000009A4 events=0x0
2026-10-03 02:52:19.724 [EVENT] sock=2516 hEvent=000009A4 events=0x21
2026-10-03 02:52:29.824 [EVENT] sock=2516 hEvent=000009A4 events=0x0
2026-10-03 02:52:29.826 [EVENT] sock=2516 hEvent=000009A4 events=0x21
2026-10-03 02:52:30.193 [EVENT] sock=2656 hEvent=00000A0C events=0x0
2026-10-03 02:52:30.195 [EVENT] sock=2656 hEvent=00000A0C events=0x21
2026-10-03 02:52:39.878 [EVENT] sock=2516 hEvent=000009A4 events=0x0
2026-10-03 02:52:39.879 [EVENT] sock=2516 hEvent=000009A4 events=0x21
2026-10-03 02:52:49.941 [EVENT] sock=2516 hEvent=000009A4 events=0x0
2026-10-03 02:52:49.941 [EVENT] sock=2516 hEvent=000009A4 events=0x21
2026-10-03 02:53:00.026 [EVENT] sock=2516 hEvent=000009A4 events=0x0
2026-10-03 02:53:00.027 [EVENT] sock=2516 hEvent=000009A4 events=0x21
2026-10-03 02:53:00.195 [EVENT] sock=2656 hEvent=00000A0C events=0x0
2026-10-03 02:53:00.195 [EVENT] sock=2656 hEvent=00000A0C events=0x21
2026-10-03 02:53:10.077 [EVENT] sock=2516 hEvent=000009A4 events=0x0
2026-10-03 02:53:10.078 [EVENT] sock=2516 hEvent=000009A4 events=0x21
2026-10-03 02:53:20.134 [EVENT] sock=2516 hEvent=000009A4 events=0x0
2026-10-03 02:53:20.135 [EVENT] sock=2516 hEvent=000009A4 events=0x21
2026-10-03 02:53:30.197 [EVENT] sock=2656 hEvent=00000A0C events=0x0
2026-10-03 02:53:30.198 [EVENT] sock=2656 hEvent=00000A0C events=0x21
2026-10-03 02:53:30.223 [EVENT] sock=2516 hEvent=000009A4 events=0x0
2026-10-03 02:53:30.223 [EVENT] sock=2516 hEvent=000009A4 events=0x21
2026-10-03 02:53:40.275 [EVENT] sock=2516 hEvent=000009A4 events=0x0
2026-10-03 02:53:40.276 [EVENT] sock=2516 hEvent=000009A4 events=0x21
2026-10-03 02:53:50.332 [EVENT] sock=2516 hEvent=000009A4 events=0x0
2026-10-03 02:53:50.333 [EVENT] sock=2516 hEvent=000009A4 events=0x21
2026-10-03 02:54:00.199 [EVENT] sock=2656 hEvent=00000A0C events=0x0
2026-10-03 02:54:00.199 [EVENT] sock=2656 hEvent=00000A0C events=0x21
2026-10-03 02:54:00.419 [EVENT] sock=2516 hEvent=000009A4 events=0x0
2026-10-03 02:54:00.420 [EVENT] sock=2516 hEvent=000009A4 events=0x21
2026-10-03 02:54:10.472 [EVENT] sock=2516 hEvent=000009A4 events=0x0
2026-10-03 02:54:10.474 [EVENT] sock=2516 hEvent=000009A4 events=0x21
2026-10-03 02:54:20.534 [EVENT] sock=2516 hEvent=000009A4 events=0x0
2026-10-03 02:54:20.535 [EVENT] sock=2516 hEvent=000009A4 events=0x21
2026-10-03 02:54:30.200 [EVENT] sock=2656 hEvent=00000A0C events=0x0
2026-10-03 02:54:30.200 [EVENT] sock=2656 hEvent=00000A0C events=0x21
2026-10-03 02:54:30.625 [EVENT] sock=2516 hEvent=000009A4 events=0x0
2026-10-03 02:54:30.626 [EVENT] sock=2516 hEvent=000009A4 events=0x21
2026-10-03 02:54:40.680 [EVENT] sock=2516 hEvent=000009A4 events=0x0
2026-10-03 02:54:40.681 [EVENT] sock=2516 hEvent=000009A4 events=0x21
2026-10-03 02:54:50.738 [EVENT] sock=2516 hEvent=000009A4 events=0x0
2026-10-03 02:54:50.739 [EVENT] sock=2516 hEvent=000009A4 events=0x21
2026-10-03 02:55:00.201 [EVENT] sock=2656 hEvent=00000A0C events=0x0
2026-10-03 02:55:00.201 [EVENT] sock=2656 hEvent=00000A0C events=0x21
2026-10-03 02:55:00.848 [EVENT] sock=2516 hEvent=000009A4 events=0x0
2026-10-03 02:55:00.850 [EVENT] sock=2516 hEvent=000009A4 events=0x21
2026-10-03 02:55:10.898 [EVENT] sock=2516 hEvent=000009A4 events=0x0
2026-10-03 02:55:10.898 [EVENT] sock=2516 hEvent=000009A4 events=0x21
2026-10-03 02:55:20.951 [EVENT] sock=2516 hEvent=000009A4 events=0x0
2026-10-03 02:55:20.953 [EVENT] sock=2516 hEvent=000009A4 events=0x21
2026-10-03 02:55:30.206 [EVENT] sock=2656 hEvent=00000A0C events=0x0
2026-10-03 02:55:30.209 [EVENT] sock=2656 hEvent=00000A0C events=0x21
2026-10-03 02:55:31.050 [EVENT] sock=2516 hEvent=000009A4 events=0x0
2026-10-03 02:55:31.050 [EVENT] sock=2516 hEvent=000009A4 events=0x21
2026-10-03 02:55:41.099 [EVENT] sock=2516 hEvent=000009A4 events=0x0
2026-10-03 02:55:41.100 [EVENT] sock=2516 hEvent=000009A4 events=0x21
2026-10-03 02:55:51.152 [EVENT] sock=2516 hEvent=000009A4 events=0x0
2026-10-03 02:55:51.153 [EVENT] sock=2516 hEvent=000009A4 events=0x21
2026-10-03 02:56:00.210 [EVENT] sock=2656 hEvent=00000A0C events=0x0
2026-10-03 02:56:00.211 [EVENT] sock=2656 hEvent=00000A0C events=0x21
2026-10-03 02:56:01.238 [EVENT] sock=2516 hEvent=000009A4 events=0x0
2026-10-03 02:56:01.239 [EVENT] sock=2516 hEvent=000009A4 events=0x21
2026-10-03 02:56:11.288 [EVENT] sock=2516 hEvent=000009A4 events=0x0
2026-10-03 02:56:11.292 [EVENT] sock=2516 hEvent=000009A4 events=0x21
2026-10-03 02:56:21.337 [EVENT] sock=2516 hEvent=000009A4 events=0x0
2026-10-03 02:56:21.340 [EVENT] sock=2516 hEvent=000009A4 events=0x21
2026-10-03 02:56:30.212 [EVENT] sock=2656 hEvent=00000A0C events=0x0
2026-10-03 02:56:30.212 [EVENT] sock=2656 hEvent=00000A0C events=0x21
2026-10-03 02:56:31.454 [EVENT] sock=2516 hEvent=000009A4 events=0x0
2026-10-03 02:56:31.454 [EVENT] sock=2516 hEvent=000009A4 events=0x21
2026-10-03 02:56:41.504 [EVENT] sock=2516 hEvent=000009A4 events=0x0
2026-10-03 02:56:41.506 [EVENT] sock=2516 hEvent=000009A4 events=0x21
2026-10-03 02:56:51.553 [EVENT] sock=2516 hEvent=000009A4 events=0x0
2026-10-03 02:56:51.556 [EVENT] sock=2516 hEvent=000009A4 events=0x21
2026-10-03 02:57:00.213 [EVENT] sock=2656 hEvent=00000A0C events=0x0
2026-10-03 02:57:00.214 [EVENT] sock=2656 hEvent=00000A0C events=0x21
2026-10-03 02:57:01.653 [EVENT] sock=2516 hEvent=000009A4 events=0x0
2026-10-03 02:57:01.653 [EVENT] sock=2516 hEvent=000009A4 events=0x21
2026-10-03 02:57:11.706 [EVENT] sock=2516 hEvent=000009A4 events=0x0
2026-10-03 02:57:11.709 [EVENT] sock=2516 hEvent=000009A4 events=0x21
2026-10-03 02:57:21.769 [EVENT] sock=2516 hEvent=000009A4 events=0x0
2026-10-03 02:57:21.770 [EVENT] sock=2516 hEvent=000009A4 events=0x21
2026-10-03 02:57:30.214 [EVENT] sock=2656 hEvent=00000A0C events=0x0
2026-10-03 02:57:30.214 [EVENT] sock=2656 hEvent=00000A0C events=0x21
2026-10-03 02:57:31.957 [EVENT] sock=2516 hEvent=000009A4 events=0x0
2026-10-03 02:57:31.958 [EVENT] sock=2516 hEvent=000009A4 events=0x21
2026-10-03 02:57:42.004 [EVENT] sock=2516 hEvent=000009A4 events=0x0
2026-10-03 02:57:42.009 [EVENT] sock=2516 hEvent=000009A4 events=0x21
2026-10-03 02:57:52.053 [EVENT] sock=2516 hEvent=000009A4 events=0x0
2026-10-03 02:57:52.056 [EVENT] sock=2516 hEvent=000009A4 events=0x21
2026-10-03 02:58:00.216 [EVENT] sock=2656 hEvent=00000A0C events=0x0
2026-10-03 02:58:00.216 [EVENT] sock=2656 hEvent=00000A0C events=0x21
2026-10-03 02:58:02.208 [EVENT] sock=2516 hEvent=000009A4 events=0x0
2026-10-03 02:58:02.208 [EVENT] sock=2516 hEvent=000009A4 events=0x21
2026-10-03 02:58:12.274 [EVENT] sock=2516 hEvent=000009A4 events=0x0
2026-10-03 02:58:12.277 [EVENT] sock=2516 hEvent=000009A4 events=0x21
2026-10-03 02:58:22.336 [EVENT] sock=2516 hEvent=000009A4 events=0x0
2026-10-03 02:58:22.340 [EVENT] sock=2516 hEvent=000009A4 events=0x21
2026-10-03 02:58:30.217 [EVENT] sock=2656 hEvent=00000A0C events=0x0
2026-10-03 02:58:30.218 [EVENT] sock=2656 hEvent=00000A0C events=0x21
2026-10-03 02:58:32.474 [EVENT] sock=2516 hEvent=000009A4 events=0x0
2026-10-03 02:58:32.475 [EVENT] sock=2516 hEvent=000009A4 events=0x21
2026-10-03 02:58:42.519 [EVENT] sock=2516 hEvent=000009A4 events=0x0
2026-10-03 02:58:42.524 [EVENT] sock=2516 hEvent=000009A4 events=0x21
2026-10-03 02:58:52.588 [EVENT] sock=2516 hEvent=000009A4 events=0x0
2026-10-03 02:58:52.592 [EVENT] sock=2516 hEvent=000009A4 events=0x21
2026-10-03 02:59:00.220 [EVENT] sock=2656 hEvent=00000A0C events=0x0
2026-10-03 02:59:00.227 [EVENT] sock=2656 hEvent=00000A0C events=0x21
2026-10-03 02:59:02.669 [EVENT] sock=2516 hEvent=000009A4 events=0x0
2026-10-03 02:59:02.669 [EVENT] sock=2516 hEvent=000009A4 events=0x21
2026-10-03 02:59:12.740 [EVENT] sock=2516 hEvent=000009A4 events=0x0
2026-10-03 02:59:12.742 [EVENT] sock=2516 hEvent=000009A4 events=0x21
2026-10-03 02:59:22.806 [EVENT] sock=2516 hEvent=000009A4 events=0x0
2026-10-03 02:59:22.811 [EVENT] sock=2516 hEvent=000009A4 events=0x21
2026-10-03 02:59:30.228 [EVENT] sock=2656 hEvent=00000A0C events=0x0
2026-10-03 02:59:30.229 [EVENT] sock=2656 hEvent=00000A0C events=0x21
2026-10-03 02:59:32.920 [EVENT] sock=2516 hEvent=000009A4 events=0x0
2026-10-03 02:59:32.923 [EVENT] sock=2516 hEvent=000009A4 events=0x21
2026-10-03 02:59:42.969 [EVENT] sock=2516 hEvent=000009A4 events=0x0
2026-10-03 02:59:42.974 [EVENT] sock=2516 hEvent=000009A4 events=0x21
2026-10-03 02:59:53.020 [EVENT] sock=2516 hEvent=000009A4 events=0x0
2026-10-03 02:59:53.020 [EVENT] sock=2516 hEvent=000009A4 events=0x21
2026-10-03 03:00:00.229 [EVENT] sock=2656 hEvent=00000A0C events=0x0
2026-10-03 03:00:00.229 [EVENT] sock=2656 hEvent=00000A0C events=0x21
2026-10-03 03:00:03.269 [EVENT] sock=2516 hEvent=000009A4 events=0x0
2026-10-03 03:00:03.276 [EVENT] sock=2516 hEvent=000009A4 events=0x21
2026-10-03 03:00:13.319 [EVENT] sock=2516 hEvent=000009A4 events=0x0
2026-10-03 03:00:13.322 [EVENT] sock=2516 hEvent=000009A4 events=0x21
2026-10-03 03:00:23.369 [EVENT] sock=2516 hEvent=000009A4 events=0x0
2026-10-03 03:00:23.372 [EVENT] sock=2516 hEvent=000009A4 events=0x21
2026-10-03 03:00:30.231 [EVENT] sock=2656 hEvent=00000A0C events=0x0
2026-10-03 03:00:30.231 [EVENT] sock=2656 hEvent=00000A0C events=0x21
2026-10-03 03:00:33.519 [EVENT] sock=2516 hEvent=000009A4 events=0x0
2026-10-03 03:00:33.524 [EVENT] sock=2516 hEvent=000009A4 events=0x21
2026-10-03 03:00:43.586 [EVENT] sock=2516 hEvent=000009A4 events=0x0
2026-10-03 03:00:43.586 [EVENT] sock=2516 hEvent=000009A4 events=0x21
2026-10-03 03:00:53.640 [EVENT] sock=2516 hEvent=000009A4 events=0x0
2026-10-03 03:00:53.641 [EVENT] sock=2516 hEvent=000009A4 events=0x21
2026-10-03 03:01:00.232 [EVENT] sock=2656 hEvent=00000A0C events=0x0
2026-10-03 03:01:00.233 [EVENT] sock=2656 hEvent=00000A0C events=0x21
2026-10-03 03:01:03.785 [EVENT] sock=2516 hEvent=000009A4 events=0x0
2026-10-03 03:01:03.790 [EVENT] sock=2516 hEvent=000009A4 events=0x21
2026-10-03 03:01:13.839 [EVENT] sock=2516 hEvent=000009A4 events=0x0
2026-10-03 03:01:13.842 [EVENT] sock=2516 hEvent=000009A4 events=0x21
2026-10-03 03:01:23.904 [EVENT] sock=2516 hEvent=000009A4 events=0x0
2026-10-03 03:01:23.908 [EVENT] sock=2516 hEvent=000009A4 events=0x21
2026-10-03 03:01:30.235 [EVENT] sock=2656 hEvent=00000A0C events=0x0
2026-10-03 03:01:30.235 [EVENT] sock=2656 hEvent=00000A0C events=0x21
2026-10-03 03:01:33.990 [EVENT] sock=2516 hEvent=000009A4 events=0x0
2026-10-03 03:01:33.992 [EVENT] sock=2516 hEvent=000009A4 events=0x21
2026-10-03 03:01:44.053 [EVENT] sock=2516 hEvent=000009A4 events=0x0
2026-10-03 03:01:44.054 [EVENT] sock=2516 hEvent=000009A4 events=0x21
2026-10-03 03:01:54.104 [EVENT] sock=2516 hEvent=000009A4 events=0x0
2026-10-03 03:01:54.109 [EVENT] sock=2516 hEvent=000009A4 events=0x21
2026-10-03 03:02:00.237 [EVENT] sock=2656 hEvent=00000A0C events=0x0
2026-10-03 03:02:00.238 [EVENT] sock=2656 hEvent=00000A0C events=0x21
2026-10-03 03:02:04.203 [EVENT] sock=2516 hEvent=000009A4 events=0x0
2026-10-03 03:02:04.208 [EVENT] sock=2516 hEvent=000009A4 events=0x21
2026-10-03 03:02:14.253 [EVENT] sock=2516 hEvent=000009A4 events=0x0
2026-10-03 03:02:14.254 [EVENT] sock=2516 hEvent=000009A4 events=0x21
2026-10-03 03:02:24.304 [EVENT] sock=2516 hEvent=000009A4 events=0x0
2026-10-03 03:02:24.308 [EVENT] sock=2516 hEvent=000009A4 events=0x21
2026-10-03 03:02:30.243 [EVENT] sock=2656 hEvent=00000A0C events=0x0
2026-10-03 03:02:30.246 [EVENT] sock=2656 hEvent=00000A0C events=0x21
2026-10-03 03:02:34.404 [EVENT] sock=2516 hEvent=000009A4 events=0x0
2026-10-03 03:02:34.408 [EVENT] sock=2516 hEvent=000009A4 events=0x21
2026-10-03 03:02:44.471 [EVENT] sock=2516 hEvent=000009A4 events=0x0
2026-10-03 03:02:44.474 [EVENT] sock=2516 hEvent=000009A4 events=0x21
2026-10-03 03:02:54.537 [EVENT] sock=2516 hEvent=000009A4 events=0x0
2026-10-03 03:02:54.537 [EVENT] sock=2516 hEvent=000009A4 events=0x21
2026-10-03 03:03:00.247 [EVENT] sock=2656 hEvent=00000A0C events=0x0
2026-10-03 03:03:00.247 [EVENT] sock=2656 hEvent=00000A0C events=0x21
2026-10-03 03:03:04.624 [EVENT] sock=2516 hEvent=000009A4 events=0x0
2026-10-03 03:03:04.624 [EVENT] sock=2516 hEvent=000009A4 events=0x21
2026-10-03 03:03:14.687 [EVENT] sock=2516 hEvent=000009A4 events=0x0
2026-10-03 03:03:14.688 [EVENT] sock=2516 hEvent=000009A4 events=0x21
2026-10-03 03:03:24.735 [EVENT] sock=2516 hEvent=000009A4 events=0x0
2026-10-03 03:03:24.736 [EVENT] sock=2516 hEvent=000009A4 events=0x21
2026-10-03 03:03:30.248 [EVENT] sock=2656 hEvent=00000A0C events=0x0
2026-10-03 03:03:30.249 [EVENT] sock=2656 hEvent=00000A0C events=0x21
2026-10-03 03:03:34.820 [EVENT] sock=2516 hEvent=000009A4 events=0x0
2026-10-03 03:03:34.823 [EVENT] sock=2516 hEvent=000009A4 events=0x21
2026-10-03 03:03:44.886 [EVENT] sock=2516 hEvent=000009A4 events=0x0
2026-10-03 03:03:44.887 [EVENT] sock=2516 hEvent=000009A4 events=0x21
2026-10-03 03:03:54.939 [EVENT] sock=2516 hEvent=000009A4 events=0x0
2026-10-03 03:03:54.939 [EVENT] sock=2516 hEvent=000009A4 events=0x21
2026-10-03 03:04:00.249 [EVENT] sock=2656 hEvent=00000A0C events=0x0
2026-10-03 03:04:00.249 [EVENT] sock=2656 hEvent=00000A0C events=0x21
2026-10-03 03:04:05.085 [EVENT] sock=2516 hEvent=000009A4 events=0x0
2026-10-03 03:04:05.085 [EVENT] sock=2516 hEvent=000009A4 events=0x21
2026-10-03 03:04:15.139 [EVENT] sock=2516 hEvent=000009A4 events=0x0
2026-10-03 03:04:15.142 [EVENT] sock=2516 hEvent=000009A4 events=0x21
2026-10-03 03:04:25.186 [EVENT] sock=2516 hEvent=000009A4 events=0x0
2026-10-03 03:04:25.187 [EVENT] sock=2516 hEvent=000009A4 events=0x21
2026-10-03 03:04:30.250 [EVENT] sock=2656 hEvent=00000A0C events=0x0
2026-10-03 03:04:30.250 [EVENT] sock=2656 hEvent=00000A0C events=0x21
2026-10-03 03:04:35.309 [EVENT] sock=2516 hEvent=000009A4 events=0x0
2026-10-03 03:04:35.310 [EVENT] sock=2516 hEvent=000009A4 events=0x21
2026-10-03 03:04:45.375 [EVENT] sock=2516 hEvent=000009A4 events=0x0
2026-10-03 03:04:45.377 [EVENT] sock=2516 hEvent=000009A4 events=0x21
2026-10-03 03:04:55.437 [EVENT] sock=2516 hEvent=000009A4 events=0x0
2026-10-03 03:04:55.442 [EVENT] sock=2516 hEvent=000009A4 events=0x21
2026-10-03 03:05:00.252 [EVENT] sock=2656 hEvent=00000A0C events=0x0
2026-10-03 03:05:00.252 [EVENT] sock=2656 hEvent=00000A0C events=0x21
2026-10-03 03:05:05.486 [EVENT] sock=2516 hEvent=000009A4 events=0x0
2026-10-03 03:05:05.487 [EVENT] sock=2516 hEvent=000009A4 events=0x21
2026-10-03 03:05:15.536 [EVENT] sock=2516 hEvent=000009A4 events=0x0
2026-10-03 03:05:15.541 [EVENT] sock=2516 hEvent=000009A4 events=0x21
2026-10-03 03:05:25.603 [EVENT] sock=2516 hEvent=000009A4 events=0x0
2026-10-03 03:05:25.603 [EVENT] sock=2516 hEvent=000009A4 events=0x21
2026-10-03 03:05:30.254 [EVENT] sock=2656 hEvent=00000A0C events=0x0
2026-10-03 03:05:30.258 [EVENT] sock=2656 hEvent=00000A0C events=0x21
2026-10-03 03:05:35.753 [EVENT] sock=2516 hEvent=000009A4 events=0x0
2026-10-03 03:05:35.753 [EVENT] sock=2516 hEvent=000009A4 events=0x21
2026-10-03 03:05:45.803 [EVENT] sock=2516 hEvent=000009A4 events=0x0
2026-10-03 03:05:45.804 [EVENT] sock=2516 hEvent=000009A4 events=0x21
2026-10-03 03:05:55.853 [EVENT] sock=2516 hEvent=000009A4 events=0x0
2026-10-03 03:05:55.857 [EVENT] sock=2516 hEvent=000009A4 events=0x21
2026-10-03 03:06:00.262 [EVENT] sock=2656 hEvent=00000A0C events=0x0
2026-10-03 03:06:00.263 [EVENT] sock=2656 hEvent=00000A0C events=0x21
2026-10-03 03:06:05.958 [EVENT] sock=2516 hEvent=000009A4 events=0x0
2026-10-03 03:06:05.958 [EVENT] sock=2516 hEvent=000009A4 events=0x21
2026-10-03 03:06:16.019 [EVENT] sock=2516 hEvent=000009A4 events=0x0
2026-10-03 03:06:16.026 [EVENT] sock=2516 hEvent=000009A4 events=0x21
2026-10-03 03:06:26.086 [EVENT] sock=2516 hEvent=000009A4 events=0x0
2026-10-03 03:06:26.087 [EVENT] sock=2516 hEvent=000009A4 events=0x21
2026-10-03 03:06:30.263 [EVENT] sock=2656 hEvent=00000A0C events=0x0
2026-10-03 03:06:30.263 [EVENT] sock=2656 hEvent=00000A0C events=0x21
2026-10-03 03:06:36.154 [EVENT] sock=2516 hEvent=000009A4 events=0x0
2026-10-03 03:06:36.160 [EVENT] sock=2516 hEvent=000009A4 events=0x21
2026-10-03 03:06:46.223 [EVENT] sock=2516 hEvent=000009A4 events=0x0
2026-10-03 03:06:46.224 [EVENT] sock=2516 hEvent=000009A4 events=0x21
2026-10-03 03:06:56.285 [EVENT] sock=2516 hEvent=000009A4 events=0x0
2026-10-03 03:06:56.286 [EVENT] sock=2516 hEvent=000009A4 events=0x21
2026-10-03 03:07:00.264 [EVENT] sock=2656 hEvent=00000A0C events=0x0
2026-10-03 03:07:00.264 [EVENT] sock=2656 hEvent=00000A0C events=0x21
2026-10-03 03:07:06.457 [EVENT] sock=2516 hEvent=000009A4 events=0x0
2026-10-03 03:07:06.460 [EVENT] sock=2516 hEvent=000009A4 events=0x21
2026-10-03 03:07:16.521 [EVENT] sock=2516 hEvent=000009A4 events=0x0
2026-10-03 03:07:16.525 [EVENT] sock=2516 hEvent=000009A4 events=0x21
2026-10-03 03:07:26.587 [EVENT] sock=2516 hEvent=000009A4 events=0x0
2026-10-03 03:07:26.591 [EVENT] sock=2516 hEvent=000009A4 events=0x21
2026-10-03 03:07:30.265 [EVENT] sock=2656 hEvent=00000A0C events=0x0
2026-10-03 03:07:30.265 [EVENT] sock=2656 hEvent=00000A0C events=0x21
2026-10-03 03:07:36.657 [EVENT] sock=2516 hEvent=000009A4 events=0x0
2026-10-03 03:07:36.660 [EVENT] sock=2516 hEvent=000009A4 events=0x21
2026-10-03 03:07:46.719 [EVENT] sock=2516 hEvent=000009A4 events=0x0
2026-10-03 03:07:46.725 [EVENT] sock=2516 hEvent=000009A4 events=0x21
2026-10-03 03:07:56.786 [EVENT] sock=2516 hEvent=000009A4 events=0x0
2026-10-03 03:07:56.787 [EVENT] sock=2516 hEvent=000009A4 events=0x21
2026-10-03 03:08:00.266 [EVENT] sock=2656 hEvent=00000A0C events=0x0
2026-10-03 03:08:00.266 [EVENT] sock=2656 hEvent=00000A0C events=0x21
2026-10-03 03:08:06.854 [EVENT] sock=2516 hEvent=000009A4 events=0x0
2026-10-03 03:08:06.858 [EVENT] sock=2516 hEvent=000009A4 events=0x21
2026-10-03 03:08:16.905 [EVENT] sock=2516 hEvent=000009A4 events=0x0
2026-10-03 03:08:16.906 [EVENT] sock=2516 hEvent=000009A4 events=0x21
2026-10-03 03:08:26.957 [EVENT] sock=2516 hEvent=000009A4 events=0x0
2026-10-03 03:08:26.959 [EVENT] sock=2516 hEvent=000009A4 events=0x21
2026-10-03 03:08:30.268 [EVENT] sock=2656 hEvent=00000A0C events=0x0
2026-10-03 03:08:30.269 [EVENT] sock=2656 hEvent=00000A0C events=0x21
2026-10-03 03:08:37.103 [EVENT] sock=2516 hEvent=000009A4 events=0x0
2026-10-03 03:08:37.108 [EVENT] sock=2516 hEvent=000009A4 events=0x21
2026-10-03 03:08:47.153 [EVENT] sock=2516 hEvent=000009A4 events=0x0
2026-10-03 03:08:47.158 [EVENT] sock=2516 hEvent=000009A4 events=0x21
2026-10-03 03:08:57.207 [EVENT] sock=2516 hEvent=000009A4 events=0x0
2026-10-03 03:08:57.211 [EVENT] sock=2516 hEvent=000009A4 events=0x21
2026-10-03 03:09:00.270 [EVENT] sock=2656 hEvent=00000A0C events=0x0
2026-10-03 03:09:00.278 [EVENT] sock=2656 hEvent=00000A0C events=0x21
2026-10-03 03:09:07.320 [EVENT] sock=2516 hEvent=000009A4 events=0x0
2026-10-03 03:09:07.334 [EVENT] sock=2516 hEvent=000009A4 events=0x21
2026-10-03 03:09:17.387 [EVENT] sock=2516 hEvent=000009A4 events=0x0
2026-10-03 03:09:17.390 [EVENT] sock=2516 hEvent=000009A4 events=0x21
2026-10-03 03:09:27.440 [EVENT] sock=2516 hEvent=000009A4 events=0x0
2026-10-03 03:09:27.440 [EVENT] sock=2516 hEvent=000009A4 events=0x21
2026-10-03 03:09:30.279 [EVENT] sock=2656 hEvent=00000A0C events=0x0
2026-10-03 03:09:30.279 [EVENT] sock=2656 hEvent=00000A0C events=0x21
2026-10-03 03:09:37.521 [EVENT] sock=2516 hEvent=000009A4 events=0x0
2026-10-03 03:09:37.522 [EVENT] sock=2516 hEvent=000009A4 events=0x21
2026-10-03 03:09:47.569 [EVENT] sock=2516 hEvent=000009A4 events=0x0
2026-10-03 03:09:47.570 [EVENT] sock=2516 hEvent=000009A4 events=0x21
2026-10-03 03:09:57.620 [EVENT] sock=2516 hEvent=000009A4 events=0x0
2026-10-03 03:09:57.622 [EVENT] sock=2516 hEvent=000009A4 events=0x21
2026-10-03 03:10:00.279 [EVENT] sock=2656 hEvent=00000A0C events=0x0
2026-10-03 03:10:00.279 [EVENT] sock=2656 hEvent=00000A0C events=0x21
2026-10-03 03:10:07.769 [EVENT] sock=2516 hEvent=000009A4 events=0x0
2026-10-03 03:10:07.772 [EVENT] sock=2516 hEvent=000009A4 events=0x21
2026-10-03 03:10:17.819 [EVENT] sock=2516 hEvent=000009A4 events=0x0
2026-10-03 03:10:17.819 [EVENT] sock=2516 hEvent=000009A4 events=0x21
2026-10-03 03:10:27.871 [EVENT] sock=2516 hEvent=000009A4 events=0x0
2026-10-03 03:10:27.871 [EVENT] sock=2516 hEvent=000009A4 events=0x21
2026-10-03 03:10:30.280 [EVENT] sock=2656 hEvent=00000A0C events=0x0
2026-10-03 03:10:30.280 [EVENT] sock=2656 hEvent=00000A0C events=0x21
2026-10-03 03:10:38.020 [EVENT] sock=2516 hEvent=000009A4 events=0x0
2026-10-03 03:10:38.021 [EVENT] sock=2516 hEvent=000009A4 events=0x21
2026-10-03 03:10:48.070 [EVENT] sock=2516 hEvent=000009A4 events=0x0
2026-10-03 03:10:48.076 [EVENT] sock=2516 hEvent=000009A4 events=0x21
2026-10-03 03:10:58.136 [EVENT] sock=2516 hEvent=000009A4 events=0x0
2026-10-03 03:10:58.137 [EVENT] sock=2516 hEvent=000009A4 events=0x21
2026-10-03 03:11:00.280 [EVENT] sock=2656 hEvent=00000A0C events=0x0
2026-10-03 03:11:00.280 [EVENT] sock=2656 hEvent=00000A0C events=0x21
2026-10-03 03:11:08.286 [EVENT] sock=2516 hEvent=000009A4 events=0x0
2026-10-03 03:11:08.287 [EVENT] sock=2516 hEvent=000009A4 events=0x21
2026-10-03 03:11:18.337 [EVENT] sock=2516 hEvent=000009A4 events=0x0
2026-10-03 03:11:18.340 [EVENT] sock=2516 hEvent=000009A4 events=0x21
2026-10-03 03:11:28.404 [EVENT] sock=2516 hEvent=000009A4 events=0x0
2026-10-03 03:11:28.404 [EVENT] sock=2516 hEvent=000009A4 events=0x21
2026-10-03 03:11:30.282 [EVENT] sock=2656 hEvent=00000A0C events=0x0
2026-10-03 03:11:30.282 [EVENT] sock=2656 hEvent=00000A0C events=0x21
2026-10-03 03:11:38.536 [EVENT] sock=2516 hEvent=000009A4 events=0x0
2026-10-03 03:11:38.537 [EVENT] sock=2516 hEvent=000009A4 events=0x21
2026-10-03 03:11:48.586 [EVENT] sock=2516 hEvent=000009A4 events=0x0
2026-10-03 03:11:48.588 [EVENT] sock=2516 hEvent=000009A4 events=0x21
2026-10-03 03:11:58.638 [EVENT] sock=2516 hEvent=000009A4 events=0x0
2026-10-03 03:11:58.638 [EVENT] sock=2516 hEvent=000009A4 events=0x21
2026-10-03 03:12:00.282 [EVENT] sock=2656 hEvent=00000A0C events=0x0
2026-10-03 03:12:00.282 [EVENT] sock=2656 hEvent=00000A0C events=0x21
2026-10-03 03:12:08.785 [EVENT] sock=2516 hEvent=000009A4 events=0x0
2026-10-03 03:12:08.785 [EVENT] sock=2516 hEvent=000009A4 events=0x21
2026-10-03 03:12:18.836 [EVENT] sock=2516 hEvent=000009A4 events=0x0
2026-10-03 03:12:18.839 [EVENT] sock=2516 hEvent=000009A4 events=0x21
2026-10-03 03:12:28.887 [EVENT] sock=2516 hEvent=000009A4 events=0x0
2026-10-03 03:12:28.888 [EVENT] sock=2516 hEvent=000009A4 events=0x21
2026-10-03 03:12:30.283 [EVENT] sock=2656 hEvent=00000A0C events=0x0
2026-10-03 03:12:30.284 [EVENT] sock=2656 hEvent=00000A0C events=0x21
2026-10-03 03:12:39.035 [EVENT] sock=2516 hEvent=000009A4 events=0x0
2026-10-03 03:12:39.036 [EVENT] sock=2516 hEvent=000009A4 events=0x21
2026-10-03 03:12:49.086 [EVENT] sock=2516 hEvent=000009A4 events=0x0
2026-10-03 03:12:49.087 [EVENT] sock=2516 hEvent=000009A4 events=0x21
2026-10-03 03:12:59.136 [EVENT] sock=2516 hEvent=000009A4 events=0x0
2026-10-03 03:12:59.137 [EVENT] sock=2516 hEvent=000009A4 events=0x21
2026-10-03 03:13:00.284 [EVENT] sock=2656 hEvent=00000A0C events=0x0
2026-10-03 03:13:00.285 [EVENT] sock=2656 hEvent=00000A0C events=0x21
2026-10-03 03:13:09.236 [EVENT] sock=2516 hEvent=000009A4 events=0x0
2026-10-03 03:13:09.239 [EVENT] sock=2516 hEvent=000009A4 events=0x21
2026-10-03 03:13:19.287 [EVENT] sock=2516 hEvent=000009A4 events=0x0
2026-10-03 03:13:19.287 [EVENT] sock=2516 hEvent=000009A4 events=0x21
2026-10-03 03:13:29.337 [EVENT] sock=2516 hEvent=000009A4 events=0x0
2026-10-03 03:13:29.339 [EVENT] sock=2516 hEvent=000009A4 events=0x21
2026-10-03 03:13:30.286 [EVENT] sock=2656 hEvent=00000A0C events=0x0
2026-10-03 03:13:30.295 [EVENT] sock=2656 hEvent=00000A0C events=0x21
2026-10-03 03:13:39.538 [EVENT] sock=2516 hEvent=000009A4 events=0x0
2026-10-03 03:13:39.538 [EVENT] sock=2516 hEvent=000009A4 events=0x21
2026-10-03 03:13:49.589 [EVENT] sock=2516 hEvent=000009A4 events=0x0
2026-10-03 03:13:49.593 [EVENT] sock=2516 hEvent=000009A4 events=0x21
2026-10-03 03:13:59.640 [EVENT] sock=2516 hEvent=000009A4 events=0x0
2026-10-03 03:13:59.646 [EVENT] sock=2516 hEvent=000009A4 events=0x21
2026-10-03 03:14:00.299 [EVENT] sock=2656 hEvent=00000A0C events=0x0
2026-10-03 03:14:00.300 [EVENT] sock=2656 hEvent=00000A0C events=0x21
2026-10-03 03:14:09.908 [EVENT] sock=2516 hEvent=000009A4 events=0x0
2026-10-03 03:14:09.911 [EVENT] sock=2516 hEvent=000009A4 events=0x21
2026-10-03 03:14:19.959 [EVENT] sock=2516 hEvent=000009A4 events=0x0
2026-10-03 03:14:19.960 [EVENT] sock=2516 hEvent=000009A4 events=0x21
2026-10-03 03:14:30.011 [EVENT] sock=2516 hEvent=000009A4 events=0x0
2026-10-03 03:14:30.019 [EVENT] sock=2516 hEvent=000009A4 events=0x21
2026-10-03 03:14:30.304 [EVENT] sock=2656 hEvent=00000A0C events=0x0
2026-10-03 03:14:30.304 [EVENT] sock=2656 hEvent=00000A0C events=0x21
2026-10-03 03:14:40.111 [EVENT] sock=2516 hEvent=000009A4 events=0x0
2026-10-03 03:14:40.113 [EVENT] sock=2516 hEvent=000009A4 events=0x21
2026-10-03 03:14:50.170 [EVENT] sock=2516 hEvent=000009A4 events=0x0
2026-10-03 03:14:50.172 [EVENT] sock=2516 hEvent=000009A4 events=0x21
2026-10-03 03:15:00.236 [EVENT] sock=2516 hEvent=000009A4 events=0x0
2026-10-03 03:15:00.238 [EVENT] sock=2516 hEvent=000009A4 events=0x21
2026-10-03 03:15:00.310 [EVENT] sock=2656 hEvent=00000A0C events=0x0
2026-10-03 03:15:00.310 [EVENT] sock=2656 hEvent=00000A0C events=0x21
2026-10-03 03:15:10.321 [EVENT] sock=2516 hEvent=000009A4 events=0x0
2026-10-03 03:15:10.326 [EVENT] sock=2516 hEvent=000009A4 events=0x21
2026-10-03 03:15:20.395 [EVENT] sock=2516 hEvent=000009A4 events=0x0
2026-10-03 03:15:20.395 [EVENT] sock=2516 hEvent=000009A4 events=0x21
2026-10-03 03:15:30.316 [EVENT] sock=2656 hEvent=00000A0C events=0x0
2026-10-03 03:15:30.316 [EVENT] sock=2656 hEvent=00000A0C events=0x21
2026-10-03 03:15:30.461 [EVENT] sock=2516 hEvent=000009A4 events=0x0
2026-10-03 03:15:30.462 [EVENT] sock=2516 hEvent=000009A4 events=0x21
2026-10-03 03:15:40.523 [EVENT] sock=2516 hEvent=000009A4 events=0x0
2026-10-03 03:15:40.527 [EVENT] sock=2516 hEvent=000009A4 events=0x21
2026-10-03 03:15:50.578 [EVENT] sock=2516 hEvent=000009A4 events=0x0
2026-10-03 03:15:50.580 [EVENT] sock=2516 hEvent=000009A4 events=0x21
2026-10-03 03:16:00.321 [EVENT] sock=2656 hEvent=00000A0C events=0x0
2026-10-03 03:16:00.321 [EVENT] sock=2656 hEvent=00000A0C events=0x21
2026-10-03 03:16:00.643 [EVENT] sock=2516 hEvent=000009A4 events=0x0
2026-10-03 03:16:00.644 [EVENT] sock=2516 hEvent=000009A4 events=0x21
2026-10-03 03:16:10.730 [EVENT] sock=2516 hEvent=000009A4 events=0x0
2026-10-03 03:16:10.735 [EVENT] sock=2516 hEvent=000009A4 events=0x21
2026-10-03 03:16:20.797 [EVENT] sock=2516 hEvent=000009A4 events=0x0
2026-10-03 03:16:20.797 [EVENT] sock=2516 hEvent=000009A4 events=0x21
2026-10-03 03:16:30.327 [EVENT] sock=2656 hEvent=00000A0C events=0x0
2026-10-03 03:16:30.327 [EVENT] sock=2656 hEvent=00000A0C events=0x21
2026-10-03 03:16:30.846 [EVENT] sock=2516 hEvent=000009A4 events=0x0
2026-10-03 03:16:30.848 [EVENT] sock=2516 hEvent=000009A4 events=0x21
2026-10-03 03:16:40.948 [EVENT] sock=2516 hEvent=000009A4 events=0x0
2026-10-03 03:16:40.950 [EVENT] sock=2516 hEvent=000009A4 events=0x21
2026-10-03 03:16:51.002 [EVENT] sock=2516 hEvent=000009A4 events=0x0
2026-10-03 03:16:51.003 [EVENT] sock=2516 hEvent=000009A4 events=0x21
2026-10-03 03:17:00.333 [EVENT] sock=2656 hEvent=00000A0C events=0x0
2026-10-03 03:17:00.334 [EVENT] sock=2656 hEvent=00000A0C events=0x21
2026-10-03 03:17:01.054 [EVENT] sock=2516 hEvent=000009A4 events=0x0
2026-10-03 03:17:01.057 [EVENT] sock=2516 hEvent=000009A4 events=0x21
2026-10-03 03:17:11.253 [EVENT] sock=2516 hEvent=000009A4 events=0x0
2026-10-03 03:17:11.255 [EVENT] sock=2516 hEvent=000009A4 events=0x21
2026-10-03 03:17:21.308 [EVENT] sock=2516 hEvent=000009A4 events=0x0
2026-10-03 03:17:21.309 [EVENT] sock=2516 hEvent=000009A4 events=0x21
2026-10-03 03:17:30.339 [EVENT] sock=2656 hEvent=00000A0C events=0x0
2026-10-03 03:17:30.339 [EVENT] sock=2656 hEvent=00000A0C events=0x21
2026-10-03 03:17:31.363 [EVENT] sock=2516 hEvent=000009A4 events=0x0
2026-10-03 03:17:31.364 [EVENT] sock=2516 hEvent=000009A4 events=0x21
2026-10-03 03:17:41.465 [EVENT] sock=2516 hEvent=000009A4 events=0x0
2026-10-03 03:17:41.465 [EVENT] sock=2516 hEvent=000009A4 events=0x21
2026-10-03 03:17:51.511 [EVENT] sock=2516 hEvent=000009A4 events=0x0
2026-10-03 03:17:51.511 [EVENT] sock=2516 hEvent=000009A4 events=0x21
2026-10-03 03:18:00.345 [EVENT] sock=2656 hEvent=00000A0C events=0x0
2026-10-03 03:18:00.345 [EVENT] sock=2656 hEvent=00000A0C events=0x21
2026-10-03 03:18:01.564 [EVENT] sock=2516 hEvent=000009A4 events=0x0
2026-10-03 03:18:01.565 [EVENT] sock=2516 hEvent=000009A4 events=0x21
2026-10-03 03:18:11.666 [EVENT] sock=2516 hEvent=000009A4 events=0x0
2026-10-03 03:18:11.667 [EVENT] sock=2516 hEvent=000009A4 events=0x21
2026-10-03 03:18:21.737 [EVENT] sock=2516 hEvent=000009A4 events=0x0
2026-10-03 03:18:21.737 [EVENT] sock=2516 hEvent=000009A4 events=0x21
2026-10-03 03:18:30.357 [EVENT] sock=2656 hEvent=00000A0C events=0x0
2026-10-03 03:18:30.360 [EVENT] sock=2656 hEvent=00000A0C events=0x21
2026-10-03 03:18:31.787 [EVENT] sock=2516 hEvent=000009A4 events=0x0
2026-10-03 03:18:31.788 [EVENT] sock=2516 hEvent=000009A4 events=0x21
2026-10-03 03:18:41.972 [EVENT] sock=2516 hEvent=000009A4 events=0x0
2026-10-03 03:18:41.975 [EVENT] sock=2516 hEvent=000009A4 events=0x21
2026-10-03 03:18:52.027 [EVENT] sock=2516 hEvent=000009A4 events=0x0
2026-10-03 03:18:52.028 [EVENT] sock=2516 hEvent=000009A4 events=0x21
2026-10-03 03:19:00.365 [EVENT] sock=2656 hEvent=00000A0C events=0x0
2026-10-03 03:19:00.367 [EVENT] sock=2656 hEvent=00000A0C events=0x21
2026-10-03 03:19:02.090 [EVENT] sock=2516 hEvent=000009A4 events=0x0
2026-10-03 03:19:02.094 [EVENT] sock=2516 hEvent=000009A4 events=0x21
2026-10-03 03:19:12.380 [EVENT] sock=2516 hEvent=000009A4 events=0x0
2026-10-03 03:19:12.382 [EVENT] sock=2516 hEvent=000009A4 events=0x21
2026-10-03 03:19:22.431 [EVENT] sock=2516 hEvent=000009A4 events=0x0
2026-10-03 03:19:22.432 [EVENT] sock=2516 hEvent=000009A4 events=0x21
2026-10-03 03:19:30.372 [EVENT] sock=2656 hEvent=00000A0C events=0x0
2026-10-03 03:19:30.372 [EVENT] sock=2656 hEvent=00000A0C events=0x21
2026-10-03 03:19:32.484 [EVENT] sock=2516 hEvent=000009A4 events=0x0
2026-10-03 03:19:32.487 [EVENT] sock=2516 hEvent=000009A4 events=0x21
2026-10-03 03:19:42.598 [EVENT] sock=2516 hEvent=000009A4 events=0x0
2026-10-03 03:19:42.603 [EVENT] sock=2516 hEvent=000009A4 events=0x21
2026-10-03 03:19:52.668 [EVENT] sock=2516 hEvent=000009A4 events=0x0
2026-10-03 03:19:52.672 [EVENT] sock=2516 hEvent=000009A4 events=0x21
2026-10-03 03:20:00.376 [EVENT] sock=2656 hEvent=00000A0C events=0x0
2026-10-03 03:20:00.376 [EVENT] sock=2656 hEvent=00000A0C events=0x21
2026-10-03 03:20:02.719 [EVENT] sock=2516 hEvent=000009A4 events=0x0
2026-10-03 03:20:02.724 [EVENT] sock=2516 hEvent=000009A4 events=0x21
2026-10-03 03:20:12.802 [EVENT] sock=2516 hEvent=000009A4 events=0x0
2026-10-03 03:20:12.807 [EVENT] sock=2516 hEvent=000009A4 events=0x21
2026-10-03 03:20:22.854 [EVENT] sock=2516 hEvent=000009A4 events=0x0
2026-10-03 03:20:22.855 [EVENT] sock=2516 hEvent=000009A4 events=0x21
2026-10-03 03:20:30.381 [EVENT] sock=2656 hEvent=00000A0C events=0x0
2026-10-03 03:20:30.382 [EVENT] sock=2656 hEvent=00000A0C events=0x21
2026-10-03 03:20:32.906 [EVENT] sock=2516 hEvent=000009A4 events=0x0
2026-10-03 03:20:32.912 [EVENT] sock=2516 hEvent=000009A4 events=0x21
2026-10-03 03:20:43.009 [EVENT] sock=2516 hEvent=000009A4 events=0x0
2026-10-03 03:20:43.012 [EVENT] sock=2516 hEvent=000009A4 events=0x21
2026-10-03 03:20:53.063 [EVENT] sock=2516 hEvent=000009A4 events=0x0
2026-10-03 03:20:53.063 [EVENT] sock=2516 hEvent=000009A4 events=0x21
2026-10-03 03:21:00.387 [EVENT] sock=2656 hEvent=00000A0C events=0x0
2026-10-03 03:21:00.387 [EVENT] sock=2656 hEvent=00000A0C events=0x21
2026-10-03 03:21:03.128 [EVENT] sock=2516 hEvent=000009A4 events=0x0
2026-10-03 03:21:03.132 [EVENT] sock=2516 hEvent=000009A4 events=0x21
2026-10-03 03:21:13.211 [EVENT] sock=2516 hEvent=000009A4 events=0x0
2026-10-03 03:21:13.214 [EVENT] sock=2516 hEvent=000009A4 events=0x21
2026-10-03 03:21:23.267 [EVENT] sock=2516 hEvent=000009A4 events=0x0
2026-10-03 03:21:23.267 [EVENT] sock=2516 hEvent=000009A4 events=0x21
2026-10-03 03:21:30.392 [EVENT] sock=2656 hEvent=00000A0C events=0x0
2026-10-03 03:21:30.392 [EVENT] sock=2656 hEvent=00000A0C events=0x21
2026-10-03 03:21:33.331 [EVENT] sock=2516 hEvent=000009A4 events=0x0
2026-10-03 03:21:33.333 [EVENT] sock=2516 hEvent=000009A4 events=0x21
2026-10-03 03:21:43.484 [EVENT] sock=2516 hEvent=000009A4 events=0x0
2026-10-03 03:21:43.487 [EVENT] sock=2516 hEvent=000009A4 events=0x21
2026-10-03 03:21:53.533 [EVENT] sock=2516 hEvent=000009A4 events=0x0
2026-10-03 03:21:53.540 [EVENT] sock=2516 hEvent=000009A4 events=0x21
2026-10-03 03:22:00.396 [EVENT] sock=2656 hEvent=00000A0C events=0x0
2026-10-03 03:22:00.396 [EVENT] sock=2656 hEvent=00000A0C events=0x21
2026-10-03 03:22:03.606 [EVENT] sock=2516 hEvent=000009A4 events=0x0
2026-10-03 03:22:03.606 [EVENT] sock=2516 hEvent=000009A4 events=0x21
2026-10-03 03:22:13.740 [EVENT] sock=2516 hEvent=000009A4 events=0x0
2026-10-03 03:22:13.741 [EVENT] sock=2516 hEvent=000009A4 events=0x21
2026-10-03 03:22:23.805 [EVENT] sock=2516 hEvent=000009A4 events=0x0
2026-10-03 03:22:23.808 [EVENT] sock=2516 hEvent=000009A4 events=0x21
2026-10-03 03:22:30.402 [EVENT] sock=2656 hEvent=00000A0C events=0x0
2026-10-03 03:22:30.402 [EVENT] sock=2656 hEvent=00000A0C events=0x21
2026-10-03 03:22:33.857 [EVENT] sock=2516 hEvent=000009A4 events=0x0
2026-10-03 03:22:33.862 [EVENT] sock=2516 hEvent=000009A4 events=0x21
2026-10-03 03:22:43.940 [EVENT] sock=2516 hEvent=000009A4 events=0x0
2026-10-03 03:22:43.944 [EVENT] sock=2516 hEvent=000009A4 events=0x21
2026-10-03 03:22:53.992 [EVENT] sock=2516 hEvent=000009A4 events=0x0
2026-10-03 03:22:53.995 [EVENT] sock=2516 hEvent=000009A4 events=0x21
2026-10-03 03:23:00.406 [EVENT] sock=2656 hEvent=00000A0C events=0x0
2026-10-03 03:23:00.407 [EVENT] sock=2656 hEvent=00000A0C events=0x21
2026-10-03 03:23:04.043 [EVENT] sock=2516 hEvent=000009A4 events=0x0
2026-10-03 03:23:04.047 [EVENT] sock=2516 hEvent=000009A4 events=0x21
2026-10-03 03:23:14.146 [EVENT] sock=2516 hEvent=000009A4 events=0x0
2026-10-03 03:23:14.148 [EVENT] sock=2516 hEvent=000009A4 events=0x21
2026-10-03 03:23:24.197 [EVENT] sock=2516 hEvent=000009A4 events=0x0
2026-10-03 03:23:24.198 [EVENT] sock=2516 hEvent=000009A4 events=0x21
2026-10-03 03:23:30.412 [EVENT] sock=2656 hEvent=00000A0C events=0x0
2026-10-03 03:23:30.412 [EVENT] sock=2656 hEvent=00000A0C events=0x21
2026-10-03 03:23:34.249 [EVENT] sock=2516 hEvent=000009A4 events=0x0
2026-10-03 03:23:34.249 [EVENT] sock=2516 hEvent=000009A4 events=0x21
2026-10-03 03:23:44.416 [EVENT] sock=2516 hEvent=000009A4 events=0x0
2026-10-03 03:23:44.417 [EVENT] sock=2516 hEvent=000009A4 events=0x21
2026-10-03 03:23:54.470 [EVENT] sock=2516 hEvent=000009A4 events=0x0
2026-10-03 03:23:54.473 [EVENT] sock=2516 hEvent=000009A4 events=0x21
2026-10-03 03:24:00.418 [EVENT] sock=2656 hEvent=00000A0C events=0x0
2026-10-03 03:24:00.419 [EVENT] sock=2656 hEvent=00000A0C events=0x21
2026-10-03 03:24:04.526 [EVENT] sock=2516 hEvent=000009A4 events=0x0
2026-10-03 03:24:04.527 [EVENT] sock=2516 hEvent=000009A4 events=0x21
2026-10-03 03:24:14.609 [EVENT] sock=2516 hEvent=000009A4 events=0x0
2026-10-03 03:24:14.613 [EVENT] sock=2516 hEvent=000009A4 events=0x21
2026-10-03 03:24:24.674 [EVENT] sock=2516 hEvent=000009A4 events=0x0
2026-10-03 03:24:24.676 [EVENT] sock=2516 hEvent=000009A4 events=0x21
2026-10-03 03:24:30.423 [EVENT] sock=2656 hEvent=00000A0C events=0x0
2026-10-03 03:24:30.423 [EVENT] sock=2656 hEvent=00000A0C events=0x21
2026-10-03 03:24:34.729 [EVENT] sock=2516 hEvent=000009A4 events=0x0
2026-10-03 03:24:34.729 [EVENT] sock=2516 hEvent=000009A4 events=0x21
2026-10-03 03:24:44.816 [EVENT] sock=2516 hEvent=000009A4 events=0x0
2026-10-03 03:24:44.819 [EVENT] sock=2516 hEvent=000009A4 events=0x21
2026-10-03 03:24:54.883 [EVENT] sock=2516 hEvent=000009A4 events=0x0
2026-10-03 03:24:54.889 [EVENT] sock=2516 hEvent=000009A4 events=0x21
2026-10-03 03:25:00.429 [EVENT] sock=2656 hEvent=00000A0C events=0x0
2026-10-03 03:25:00.429 [EVENT] sock=2656 hEvent=00000A0C events=0x21
2026-10-03 03:25:04.950 [EVENT] sock=2516 hEvent=000009A4 events=0x0
2026-10-03 03:25:04.950 [EVENT] sock=2516 hEvent=000009A4 events=0x21
2026-10-03 03:25:15.026 [EVENT] sock=2516 hEvent=000009A4 events=0x0
2026-10-03 03:25:15.027 [EVENT] sock=2516 hEvent=000009A4 events=0x21
2026-10-03 03:25:25.091 [EVENT] sock=2516 hEvent=000009A4 events=0x0
2026-10-03 03:25:25.097 [EVENT] sock=2516 hEvent=000009A4 events=0x21
2026-10-03 03:25:30.434 [EVENT] sock=2656 hEvent=00000A0C events=0x0
2026-10-03 03:25:30.434 [EVENT] sock=2656 hEvent=00000A0C events=0x21
2026-10-03 03:25:35.160 [EVENT] sock=2516 hEvent=000009A4 events=0x0
2026-10-03 03:25:35.161 [EVENT] sock=2516 hEvent=000009A4 events=0x21
2026-10-03 03:25:45.245 [EVENT] sock=2516 hEvent=000009A4 events=0x0
2026-10-03 03:25:45.245 [EVENT] sock=2516 hEvent=000009A4 events=0x21
2026-10-03 03:25:55.296 [EVENT] sock=2516 hEvent=000009A4 events=0x0
2026-10-03 03:25:55.297 [EVENT] sock=2516 hEvent=000009A4 events=0x21
2026-10-03 03:26:00.439 [EVENT] sock=2656 hEvent=00000A0C events=0x0
2026-10-03 03:26:00.439 [EVENT] sock=2656 hEvent=00000A0C events=0x21
2026-10-03 03:26:05.348 [EVENT] sock=2516 hEvent=000009A4 events=0x0
2026-10-03 03:26:05.349 [EVENT] sock=2516 hEvent=000009A4 events=0x21
2026-10-03 03:26:15.450 [EVENT] sock=2516 hEvent=000009A4 events=0x0
2026-10-03 03:26:15.450 [EVENT] sock=2516 hEvent=000009A4 events=0x21
2026-10-03 03:26:25.517 [EVENT] sock=2516 hEvent=000009A4 events=0x0
2026-10-03 03:26:25.518 [EVENT] sock=2516 hEvent=000009A4 events=0x21
2026-10-03 03:26:30.445 [EVENT] sock=2656 hEvent=00000A0C events=0x0
2026-10-03 03:26:30.445 [EVENT] sock=2656 hEvent=00000A0C events=0x21
2026-10-03 03:26:35.568 [EVENT] sock=2516 hEvent=000009A4 events=0x0
2026-10-03 03:26:35.570 [EVENT] sock=2516 hEvent=000009A4 events=0x21
2026-10-03 03:26:45.667 [EVENT] sock=2516 hEvent=000009A4 events=0x0
2026-10-03 03:26:45.669 [EVENT] sock=2516 hEvent=000009A4 events=0x21
2026-10-03 03:26:46.356 [OP] 4031 inv=FFE6 len=25 #1 8c5b5351afdcfaa32b1f36b0eb682a9ffaa39a35c2205fbb0b
2026-10-03 03:26:55.723 [EVENT] sock=2516 hEvent=000009A4 events=0x0
2026-10-03 03:26:55.725 [EVENT] sock=2516 hEvent=000009A4 events=0x21
2026-10-03 03:27:00.450 [EVENT] sock=2656 hEvent=00000A0C events=0x0
2026-10-03 03:27:00.450 [EVENT] sock=2656 hEvent=00000A0C events=0x21
2026-10-03 03:27:05.775 [EVENT] sock=2516 hEvent=000009A4 events=0x0
2026-10-03 03:27:05.781 [EVENT] sock=2516 hEvent=000009A4 events=0x21
2026-10-03 03:27:15.912 [EVENT] sock=2516 hEvent=000009A4 events=0x0
2026-10-03 03:27:15.914 [EVENT] sock=2516 hEvent=000009A4 events=0x21
2026-10-03 03:27:25.964 [EVENT] sock=2516 hEvent=000009A4 events=0x0
2026-10-03 03:27:25.965 [EVENT] sock=2516 hEvent=000009A4 events=0x21
2026-10-03 03:27:30.455 [EVENT] sock=2656 hEvent=00000A0C events=0x0
2026-10-03 03:27:30.455 [EVENT] sock=2656 hEvent=00000A0C events=0x21
2026-10-03 03:27:36.016 [EVENT] sock=2516 hEvent=000009A4 events=0x0
2026-10-03 03:27:36.017 [EVENT] sock=2516 hEvent=000009A4 events=0x21
2026-10-03 03:27:46.236 [EVENT] sock=2516 hEvent=000009A4 events=0x0
2026-10-03 03:27:46.236 [EVENT] sock=2516 hEvent=000009A4 events=0x21
2026-10-03 03:27:56.283 [EVENT] sock=2516 hEvent=000009A4 events=0x0
2026-10-03 03:27:56.284 [EVENT] sock=2516 hEvent=000009A4 events=0x21
2026-10-03 03:28:00.461 [EVENT] sock=2656 hEvent=00000A0C events=0x0
2026-10-03 03:28:00.461 [EVENT] sock=2656 hEvent=00000A0C events=0x21
2026-10-03 03:28:06.341 [EVENT] sock=2516 hEvent=000009A4 events=0x0
2026-10-03 03:28:06.341 [EVENT] sock=2516 hEvent=000009A4 events=0x21
2026-10-03 03:28:16.428 [EVENT] sock=2516 hEvent=000009A4 events=0x0
2026-10-03 03:28:16.428 [EVENT] sock=2516 hEvent=000009A4 events=0x21
2026-10-03 03:28:26.494 [EVENT] sock=2516 hEvent=000009A4 events=0x0
2026-10-03 03:28:26.495 [EVENT] sock=2516 hEvent=000009A4 events=0x21
2026-10-03 03:28:30.467 [EVENT] sock=2656 hEvent=00000A0C events=0x0
2026-10-03 03:28:30.467 [EVENT] sock=2656 hEvent=00000A0C events=0x21
2026-10-03 03:28:36.561 [EVENT] sock=2516 hEvent=000009A4 events=0x0
2026-10-03 03:28:36.564 [EVENT] sock=2516 hEvent=000009A4 events=0x21
2026-10-03 03:28:46.642 [EVENT] sock=2516 hEvent=000009A4 events=0x0
2026-10-03 03:28:46.643 [EVENT] sock=2516 hEvent=000009A4 events=0x21
2026-10-03 03:28:56.695 [EVENT] sock=2516 hEvent=000009A4 events=0x0
2026-10-03 03:28:56.696 [EVENT] sock=2516 hEvent=000009A4 events=0x21
2026-10-03 03:29:00.472 [EVENT] sock=2656 hEvent=00000A0C events=0x0
2026-10-03 03:29:00.472 [EVENT] sock=2656 hEvent=00000A0C events=0x21
2026-10-03 03:29:06.745 [EVENT] sock=2516 hEvent=000009A4 events=0x0
2026-10-03 03:29:06.746 [EVENT] sock=2516 hEvent=000009A4 events=0x21
2026-10-03 03:29:16.847 [EVENT] sock=2516 hEvent=000009A4 events=0x0
2026-10-03 03:29:16.850 [EVENT] sock=2516 hEvent=000009A4 events=0x21
2026-10-03 03:29:26.899 [EVENT] sock=2516 hEvent=000009A4 events=0x0
2026-10-03 03:29:26.906 [EVENT] sock=2516 hEvent=000009A4 events=0x21
2026-10-03 03:29:30.476 [EVENT] sock=2656 hEvent=00000A0C events=0x0
2026-10-03 03:29:30.476 [EVENT] sock=2656 hEvent=00000A0C events=0x21
2026-10-03 03:29:36.967 [EVENT] sock=2516 hEvent=000009A4 events=0x0
2026-10-03 03:29:36.971 [EVENT] sock=2516 hEvent=000009A4 events=0x21
2026-10-03 03:29:47.270 [EVENT] sock=2516 hEvent=000009A4 events=0x0
2026-10-03 03:29:47.274 [EVENT] sock=2516 hEvent=000009A4 events=0x21
2026-10-03 03:29:57.337 [EVENT] sock=2516 hEvent=000009A4 events=0x0
2026-10-03 03:29:57.341 [EVENT] sock=2516 hEvent=000009A4 events=0x21
2026-10-03 03:30:00.481 [EVENT] sock=2656 hEvent=00000A0C events=0x0
2026-10-03 03:30:00.481 [EVENT] sock=2656 hEvent=00000A0C events=0x21
2026-10-03 03:30:07.388 [EVENT] sock=2516 hEvent=000009A4 events=0x0
2026-10-03 03:30:07.389 [EVENT] sock=2516 hEvent=000009A4 events=0x21
2026-10-03 03:30:17.521 [EVENT] sock=2516 hEvent=000009A4 events=0x0
2026-10-03 03:30:17.521 [EVENT] sock=2516 hEvent=000009A4 events=0x21
2026-10-03 03:30:27.574 [EVENT] sock=2516 hEvent=000009A4 events=0x0
2026-10-03 03:30:27.577 [EVENT] sock=2516 hEvent=000009A4 events=0x21
2026-10-03 03:30:30.486 [EVENT] sock=2656 hEvent=00000A0C events=0x0
2026-10-03 03:30:30.486 [EVENT] sock=2656 hEvent=00000A0C events=0x21
2026-10-03 03:30:37.626 [EVENT] sock=2516 hEvent=000009A4 events=0x0
2026-10-03 03:30:37.628 [EVENT] sock=2516 hEvent=000009A4 events=0x21
2026-10-03 03:30:47.782 [EVENT] sock=2516 hEvent=000009A4 events=0x0
2026-10-03 03:30:47.782 [EVENT] sock=2516 hEvent=000009A4 events=0x21
2026-10-03 03:30:57.835 [EVENT] sock=2516 hEvent=000009A4 events=0x0
2026-10-03 03:30:57.836 [EVENT] sock=2516 hEvent=000009A4 events=0x21
2026-10-03 03:31:00.491 [EVENT] sock=2656 hEvent=00000A0C events=0x0
2026-10-03 03:31:00.491 [EVENT] sock=2656 hEvent=00000A0C events=0x21
2026-10-03 03:31:07.898 [EVENT] sock=2516 hEvent=000009A4 events=0x0
2026-10-03 03:31:07.899 [EVENT] sock=2516 hEvent=000009A4 events=0x21
2026-10-03 03:31:18.000 [EVENT] sock=2516 hEvent=000009A4 events=0x0
2026-10-03 03:31:18.000 [EVENT] sock=2516 hEvent=000009A4 events=0x21
2026-10-03 03:31:28.049 [EVENT] sock=2516 hEvent=000009A4 events=0x0
2026-10-03 03:31:28.051 [EVENT] sock=2516 hEvent=000009A4 events=0x21
2026-10-03 03:31:30.495 [EVENT] sock=2656 hEvent=00000A0C events=0x0
2026-10-03 03:31:30.495 [EVENT] sock=2656 hEvent=00000A0C events=0x21
2026-10-03 03:31:38.100 [EVENT] sock=2516 hEvent=000009A4 events=0x0
2026-10-03 03:31:38.104 [EVENT] sock=2516 hEvent=000009A4 events=0x21
2026-10-03 03:31:48.202 [EVENT] sock=2516 hEvent=000009A4 events=0x0
2026-10-03 03:31:48.202 [EVENT] sock=2516 hEvent=000009A4 events=0x21
2026-10-03 03:31:58.259 [EVENT] sock=2516 hEvent=000009A4 events=0x0
2026-10-03 03:31:58.260 [EVENT] sock=2516 hEvent=000009A4 events=0x21
2026-10-03 03:32:00.499 [EVENT] sock=2656 hEvent=00000A0C events=0x0
2026-10-03 03:32:00.499 [EVENT] sock=2656 hEvent=00000A0C events=0x21
2026-10-03 03:32:08.310 [EVENT] sock=2516 hEvent=000009A4 events=0x0
2026-10-03 03:32:08.310 [EVENT] sock=2516 hEvent=000009A4 events=0x21
2026-10-03 03:32:18.463 [EVENT] sock=2516 hEvent=000009A4 events=0x0
2026-10-03 03:32:18.463 [EVENT] sock=2516 hEvent=000009A4 events=0x21
2026-10-03 03:32:28.528 [EVENT] sock=2516 hEvent=000009A4 events=0x0
2026-10-03 03:32:28.530 [EVENT] sock=2516 hEvent=000009A4 events=0x21
2026-10-03 03:32:30.502 [EVENT] sock=2656 hEvent=00000A0C events=0x0
2026-10-03 03:32:30.502 [EVENT] sock=2656 hEvent=00000A0C events=0x21
2026-10-03 03:32:38.578 [EVENT] sock=2516 hEvent=000009A4 events=0x0
2026-10-03 03:32:38.579 [EVENT] sock=2516 hEvent=000009A4 events=0x21
2026-10-03 03:32:48.662 [EVENT] sock=2516 hEvent=000009A4 events=0x0
2026-10-03 03:32:48.662 [EVENT] sock=2516 hEvent=000009A4 events=0x21
2026-10-03 03:32:58.712 [EVENT] sock=2516 hEvent=000009A4 events=0x0
2026-10-03 03:32:58.713 [EVENT] sock=2516 hEvent=000009A4 events=0x21
2026-10-03 03:33:00.506 [EVENT] sock=2656 hEvent=00000A0C events=0x0
2026-10-03 03:33:00.506 [EVENT] sock=2656 hEvent=00000A0C events=0x21
2026-10-03 03:33:08.763 [EVENT] sock=2516 hEvent=000009A4 events=0x0
2026-10-03 03:33:08.764 [EVENT] sock=2516 hEvent=000009A4 events=0x21
2026-10-03 03:33:18.863 [EVENT] sock=2516 hEvent=000009A4 events=0x0
2026-10-03 03:33:18.864 [EVENT] sock=2516 hEvent=000009A4 events=0x21
2026-10-03 03:33:28.913 [EVENT] sock=2516 hEvent=000009A4 events=0x0
2026-10-03 03:33:28.914 [EVENT] sock=2516 hEvent=000009A4 events=0x21
2026-10-03 03:33:30.510 [EVENT] sock=2656 hEvent=00000A0C events=0x0
2026-10-03 03:33:30.510 [EVENT] sock=2656 hEvent=00000A0C events=0x21
2026-10-03 03:33:38.973 [EVENT] sock=2516 hEvent=000009A4 events=0x0
2026-10-03 03:33:38.974 [EVENT] sock=2516 hEvent=000009A4 events=0x21
2026-10-03 03:33:49.123 [EVENT] sock=2516 hEvent=000009A4 events=0x0
2026-10-03 03:33:49.123 [EVENT] sock=2516 hEvent=000009A4 events=0x21
2026-10-03 03:33:59.173 [EVENT] sock=2516 hEvent=000009A4 events=0x0
2026-10-03 03:33:59.175 [EVENT] sock=2516 hEvent=000009A4 events=0x21
2026-10-03 03:34:00.513 [EVENT] sock=2656 hEvent=00000A0C events=0x0
2026-10-03 03:34:00.513 [EVENT] sock=2656 hEvent=00000A0C events=0x21
2026-10-03 03:34:09.241 [EVENT] sock=2516 hEvent=000009A4 events=0x0
2026-10-03 03:34:09.241 [EVENT] sock=2516 hEvent=000009A4 events=0x21
2026-10-03 03:34:19.328 [EVENT] sock=2516 hEvent=000009A4 events=0x0
2026-10-03 03:34:19.329 [EVENT] sock=2516 hEvent=000009A4 events=0x21
2026-10-03 03:34:29.393 [EVENT] sock=2516 hEvent=000009A4 events=0x0
2026-10-03 03:34:29.393 [EVENT] sock=2516 hEvent=000009A4 events=0x21
2026-10-03 03:34:30.517 [EVENT] sock=2656 hEvent=00000A0C events=0x0
2026-10-03 03:34:30.517 [EVENT] sock=2656 hEvent=00000A0C events=0x21
2026-10-03 03:34:39.459 [EVENT] sock=2516 hEvent=000009A4 events=0x0
2026-10-03 03:34:39.460 [EVENT] sock=2516 hEvent=000009A4 events=0x21
2026-10-03 03:34:49.543 [EVENT] sock=2516 hEvent=000009A4 events=0x0
2026-10-03 03:34:49.544 [EVENT] sock=2516 hEvent=000009A4 events=0x21
2026-10-03 03:34:59.595 [EVENT] sock=2516 hEvent=000009A4 events=0x0
2026-10-03 03:34:59.595 [EVENT] sock=2516 hEvent=000009A4 events=0x21
2026-10-03 03:35:00.521 [EVENT] sock=2656 hEvent=00000A0C events=0x0
2026-10-03 03:35:00.521 [EVENT] sock=2656 hEvent=00000A0C events=0x21
2026-10-03 03:35:09.645 [EVENT] sock=2516 hEvent=000009A4 events=0x0
2026-10-03 03:35:09.649 [EVENT] sock=2516 hEvent=000009A4 events=0x21
2026-10-03 03:35:19.745 [EVENT] sock=2516 hEvent=000009A4 events=0x0
2026-10-03 03:35:19.746 [EVENT] sock=2516 hEvent=000009A4 events=0x21
2026-10-03 03:35:29.796 [EVENT] sock=2516 hEvent=000009A4 events=0x0
2026-10-03 03:35:29.802 [EVENT] sock=2516 hEvent=000009A4 events=0x21
2026-10-03 03:35:30.525 [EVENT] sock=2656 hEvent=00000A0C events=0x0
2026-10-03 03:35:30.525 [EVENT] sock=2656 hEvent=00000A0C events=0x21
2026-10-03 03:35:39.864 [EVENT] sock=2516 hEvent=000009A4 events=0x0
2026-10-03 03:35:39.868 [EVENT] sock=2516 hEvent=000009A4 events=0x21
2026-10-03 03:35:49.997 [EVENT] sock=2516 hEvent=000009A4 events=0x0
2026-10-03 03:35:49.998 [EVENT] sock=2516 hEvent=000009A4 events=0x21
2026-10-03 03:36:00.048 [EVENT] sock=2516 hEvent=000009A4 events=0x0
2026-10-03 03:36:00.053 [EVENT] sock=2516 hEvent=000009A4 events=0x21
2026-10-03 03:36:00.529 [EVENT] sock=2656 hEvent=00000A0C events=0x0
2026-10-03 03:36:00.529 [EVENT] sock=2656 hEvent=00000A0C events=0x21
2026-10-03 03:36:10.100 [EVENT] sock=2516 hEvent=000009A4 events=0x0
2026-10-03 03:36:10.100 [EVENT] sock=2516 hEvent=000009A4 events=0x21
2026-10-03 03:36:20.200 [EVENT] sock=2516 hEvent=000009A4 events=0x0
2026-10-03 03:36:20.200 [EVENT] sock=2516 hEvent=000009A4 events=0x21
2026-10-03 03:36:30.250 [EVENT] sock=2516 hEvent=000009A4 events=0x0
2026-10-03 03:36:30.252 [EVENT] sock=2516 hEvent=000009A4 events=0x21
2026-10-03 03:36:30.533 [EVENT] sock=2656 hEvent=00000A0C events=0x0
2026-10-03 03:36:30.534 [EVENT] sock=2656 hEvent=00000A0C events=0x21
2026-10-03 03:36:40.308 [EVENT] sock=2516 hEvent=000009A4 events=0x0
2026-10-03 03:36:40.310 [EVENT] sock=2516 hEvent=000009A4 events=0x21
2026-10-03 03:36:50.408 [EVENT] sock=2516 hEvent=000009A4 events=0x0
2026-10-03 03:36:50.409 [EVENT] sock=2516 hEvent=000009A4 events=0x21
2026-10-03 03:37:00.461 [EVENT] sock=2516 hEvent=000009A4 events=0x0
2026-10-03 03:37:00.462 [EVENT] sock=2516 hEvent=000009A4 events=0x21
2026-10-03 03:37:00.538 [EVENT] sock=2656 hEvent=00000A0C events=0x0
2026-10-03 03:37:00.540 [EVENT] sock=2656 hEvent=00000A0C events=0x21
2026-10-03 03:37:10.513 [EVENT] sock=2516 hEvent=000009A4 events=0x0
2026-10-03 03:37:10.515 [EVENT] sock=2516 hEvent=000009A4 events=0x21
2026-10-03 03:37:20.609 [EVENT] sock=2516 hEvent=000009A4 events=0x0
2026-10-03 03:37:20.611 [EVENT] sock=2516 hEvent=000009A4 events=0x21
2026-10-03 03:37:30.544 [EVENT] sock=2656 hEvent=00000A0C events=0x0
2026-10-03 03:37:30.553 [EVENT] sock=2656 hEvent=00000A0C events=0x21
2026-10-03 03:37:30.662 [EVENT] sock=2516 hEvent=000009A4 events=0x0
2026-10-03 03:37:30.666 [EVENT] sock=2516 hEvent=000009A4 events=0x21
2026-10-03 03:37:40.735 [EVENT] sock=2516 hEvent=000009A4 events=0x0
2026-10-03 03:37:40.735 [EVENT] sock=2516 hEvent=000009A4 events=0x21
2026-10-03 03:37:50.818 [EVENT] sock=2516 hEvent=000009A4 events=0x0
2026-10-03 03:37:50.821 [EVENT] sock=2516 hEvent=000009A4 events=0x21
2026-10-03 03:38:00.558 [EVENT] sock=2656 hEvent=00000A0C events=0x0
2026-10-03 03:38:00.558 [EVENT] sock=2656 hEvent=00000A0C events=0x21
2026-10-03 03:38:00.884 [EVENT] sock=2516 hEvent=000009A4 events=0x0
2026-10-03 03:38:00.885 [EVENT] sock=2516 hEvent=000009A4 events=0x21
2026-10-03 03:38:10.938 [EVENT] sock=2516 hEvent=000009A4 events=0x0
2026-10-03 03:38:10.939 [EVENT] sock=2516 hEvent=000009A4 events=0x21
2026-10-03 03:38:21.073 [EVENT] sock=2516 hEvent=000009A4 events=0x0
2026-10-03 03:38:21.074 [EVENT] sock=2516 hEvent=000009A4 events=0x21
2026-10-03 03:38:30.564 [EVENT] sock=2656 hEvent=00000A0C events=0x0
2026-10-03 03:38:30.566 [EVENT] sock=2656 hEvent=00000A0C events=0x21
2026-10-03 03:38:31.122 [EVENT] sock=2516 hEvent=000009A4 events=0x0
2026-10-03 03:38:31.124 [EVENT] sock=2516 hEvent=000009A4 events=0x21
2026-10-03 03:38:41.182 [EVENT] sock=2516 hEvent=000009A4 events=0x0
2026-10-03 03:38:41.183 [EVENT] sock=2516 hEvent=000009A4 events=0x21
2026-10-03 03:38:51.283 [EVENT] sock=2516 hEvent=000009A4 events=0x0
2026-10-03 03:38:51.284 [EVENT] sock=2516 hEvent=000009A4 events=0x21
2026-10-03 03:39:00.569 [EVENT] sock=2656 hEvent=00000A0C events=0x0
2026-10-03 03:39:00.569 [EVENT] sock=2656 hEvent=00000A0C events=0x21
2026-10-03 03:39:01.351 [EVENT] sock=2516 hEvent=000009A4 events=0x0
2026-10-03 03:39:01.352 [EVENT] sock=2516 hEvent=000009A4 events=0x21
2026-10-03 03:39:11.417 [EVENT] sock=2516 hEvent=000009A4 events=0x0
2026-10-03 03:39:11.418 [EVENT] sock=2516 hEvent=000009A4 events=0x21
2026-10-03 03:39:21.586 [EVENT] sock=2516 hEvent=000009A4 events=0x0
2026-10-03 03:39:21.587 [EVENT] sock=2516 hEvent=000009A4 events=0x21
2026-10-03 03:39:30.573 [EVENT] sock=2656 hEvent=00000A0C events=0x0
2026-10-03 03:39:30.573 [EVENT] sock=2656 hEvent=00000A0C events=0x21
2026-10-03 03:39:31.648 [EVENT] sock=2516 hEvent=000009A4 events=0x0
2026-10-03 03:39:31.649 [EVENT] sock=2516 hEvent=000009A4 events=0x21
2026-10-03 03:39:41.701 [EVENT] sock=2516 hEvent=000009A4 events=0x0
2026-10-03 03:39:41.704 [EVENT] sock=2516 hEvent=000009A4 events=0x21
2026-10-03 03:39:51.850 [EVENT] sock=2516 hEvent=000009A4 events=0x0
2026-10-03 03:39:51.852 [EVENT] sock=2516 hEvent=000009A4 events=0x21
2026-10-03 03:40:00.577 [EVENT] sock=2656 hEvent=00000A0C events=0x0
2026-10-03 03:40:00.578 [EVENT] sock=2656 hEvent=00000A0C events=0x21
2026-10-03 03:40:01.902 [EVENT] sock=2516 hEvent=000009A4 events=0x0
2026-10-03 03:40:01.908 [EVENT] sock=2516 hEvent=000009A4 events=0x21
2026-10-03 03:40:11.978 [EVENT] sock=2516 hEvent=000009A4 events=0x0
2026-10-03 03:40:11.978 [EVENT] sock=2516 hEvent=000009A4 events=0x21
2026-10-03 03:40:22.062 [EVENT] sock=2516 hEvent=000009A4 events=0x0
2026-10-03 03:40:22.063 [EVENT] sock=2516 hEvent=000009A4 events=0x21
2026-10-03 03:40:30.581 [EVENT] sock=2656 hEvent=00000A0C events=0x0
2026-10-03 03:40:30.582 [EVENT] sock=2656 hEvent=00000A0C events=0x21
2026-10-03 03:40:32.128 [EVENT] sock=2516 hEvent=000009A4 events=0x0
2026-10-03 03:40:32.128 [EVENT] sock=2516 hEvent=000009A4 events=0x21
2026-10-03 03:40:42.197 [EVENT] sock=2516 hEvent=000009A4 events=0x0
2026-10-03 03:40:42.198 [EVENT] sock=2516 hEvent=000009A4 events=0x21
2026-10-03 03:40:52.316 [EVENT] sock=2516 hEvent=000009A4 events=0x0
2026-10-03 03:40:52.316 [EVENT] sock=2516 hEvent=000009A4 events=0x21
2026-10-03 03:41:00.586 [EVENT] sock=2656 hEvent=00000A0C events=0x0
2026-10-03 03:41:00.586 [EVENT] sock=2656 hEvent=00000A0C events=0x21
2026-10-03 03:41:02.380 [EVENT] sock=2516 hEvent=000009A4 events=0x0
2026-10-03 03:41:02.381 [EVENT] sock=2516 hEvent=000009A4 events=0x21
2026-10-03 03:41:12.431 [EVENT] sock=2516 hEvent=000009A4 events=0x0
2026-10-03 03:41:12.431 [EVENT] sock=2516 hEvent=000009A4 events=0x21
2026-10-03 03:41:22.517 [EVENT] sock=2516 hEvent=000009A4 events=0x0
2026-10-03 03:41:22.518 [EVENT] sock=2516 hEvent=000009A4 events=0x21
2026-10-03 03:41:30.589 [EVENT] sock=2656 hEvent=00000A0C events=0x0
2026-10-03 03:41:30.589 [EVENT] sock=2656 hEvent=00000A0C events=0x21
2026-10-03 03:41:32.566 [EVENT] sock=2516 hEvent=000009A4 events=0x0
2026-10-03 03:41:32.568 [EVENT] sock=2516 hEvent=000009A4 events=0x21
2026-10-03 03:41:42.617 [EVENT] sock=2516 hEvent=000009A4 events=0x0
2026-10-03 03:41:42.618 [EVENT] sock=2516 hEvent=000009A4 events=0x21
2026-10-03 03:41:52.768 [EVENT] sock=2516 hEvent=000009A4 events=0x0
2026-10-03 03:41:52.769 [EVENT] sock=2516 hEvent=000009A4 events=0x21
2026-10-03 03:42:00.593 [EVENT] sock=2656 hEvent=00000A0C events=0x0
2026-10-03 03:42:00.593 [EVENT] sock=2656 hEvent=00000A0C events=0x21
2026-10-03 03:42:02.825 [EVENT] sock=2516 hEvent=000009A4 events=0x0
2026-10-03 03:42:02.826 [EVENT] sock=2516 hEvent=000009A4 events=0x21
2026-10-03 03:42:12.888 [EVENT] sock=2516 hEvent=000009A4 events=0x0
2026-10-03 03:42:12.890 [EVENT] sock=2516 hEvent=000009A4 events=0x21
2026-10-03 03:42:23.074 [EVENT] sock=2516 hEvent=000009A4 events=0x0
2026-10-03 03:42:23.075 [EVENT] sock=2516 hEvent=000009A4 events=0x21
2026-10-03 03:42:30.598 [EVENT] sock=2656 hEvent=00000A0C events=0x0
2026-10-03 03:42:30.598 [EVENT] sock=2656 hEvent=00000A0C events=0x21
2026-10-03 03:42:33.124 [EVENT] sock=2516 hEvent=000009A4 events=0x0
2026-10-03 03:42:33.125 [EVENT] sock=2516 hEvent=000009A4 events=0x21
2026-10-03 03:42:43.173 [EVENT] sock=2516 hEvent=000009A4 events=0x0
2026-10-03 03:42:43.179 [EVENT] sock=2516 hEvent=000009A4 events=0x21
2026-10-03 03:42:53.282 [EVENT] sock=2516 hEvent=000009A4 events=0x0
2026-10-03 03:42:53.283 [EVENT] sock=2516 hEvent=000009A4 events=0x21
2026-10-03 03:43:00.602 [EVENT] sock=2656 hEvent=00000A0C events=0x0
2026-10-03 03:43:00.603 [EVENT] sock=2656 hEvent=00000A0C events=0x21
2026-10-03 03:43:03.349 [EVENT] sock=2516 hEvent=000009A4 events=0x0
2026-10-03 03:43:03.349 [EVENT] sock=2516 hEvent=000009A4 events=0x21
2026-10-03 03:43:13.418 [EVENT] sock=2516 hEvent=000009A4 events=0x0
2026-10-03 03:43:13.418 [EVENT] sock=2516 hEvent=000009A4 events=0x21
2026-10-03 03:43:23.484 [EVENT] sock=2516 hEvent=000009A4 events=0x0
2026-10-03 03:43:23.486 [EVENT] sock=2516 hEvent=000009A4 events=0x21
2026-10-03 03:43:30.606 [EVENT] sock=2656 hEvent=00000A0C events=0x0
2026-10-03 03:43:30.606 [EVENT] sock=2656 hEvent=00000A0C events=0x21
2026-10-03 03:43:33.553 [EVENT] sock=2516 hEvent=000009A4 events=0x0
2026-10-03 03:43:33.555 [EVENT] sock=2516 hEvent=000009A4 events=0x21
2026-10-03 03:43:43.622 [EVENT] sock=2516 hEvent=000009A4 events=0x0
2026-10-03 03:43:43.622 [EVENT] sock=2516 hEvent=000009A4 events=0x21
2026-10-03 03:43:53.850 [EVENT] sock=2516 hEvent=000009A4 events=0x0
2026-10-03 03:43:53.856 [EVENT] sock=2516 hEvent=000009A4 events=0x21
2026-10-03 03:44:00.611 [EVENT] sock=2656 hEvent=00000A0C events=0x0
2026-10-03 03:44:00.611 [EVENT] sock=2656 hEvent=00000A0C events=0x21
2026-10-03 03:44:03.922 [EVENT] sock=2516 hEvent=000009A4 events=0x0
2026-10-03 03:44:03.923 [EVENT] sock=2516 hEvent=000009A4 events=0x21
2026-10-03 03:44:13.972 [EVENT] sock=2516 hEvent=000009A4 events=0x0
2026-10-03 03:44:13.974 [EVENT] sock=2516 hEvent=000009A4 events=0x21
2026-10-03 03:44:24.057 [EVENT] sock=2516 hEvent=000009A4 events=0x0
2026-10-03 03:44:24.057 [EVENT] sock=2516 hEvent=000009A4 events=0x21
2026-10-03 03:44:30.615 [EVENT] sock=2656 hEvent=00000A0C events=0x0
2026-10-03 03:44:30.616 [EVENT] sock=2656 hEvent=00000A0C events=0x21
2026-10-03 03:44:34.106 [EVENT] sock=2516 hEvent=000009A4 events=0x0
2026-10-03 03:44:34.106 [EVENT] sock=2516 hEvent=000009A4 events=0x21
2026-10-03 03:44:44.157 [EVENT] sock=2516 hEvent=000009A4 events=0x0
2026-10-03 03:44:44.159 [EVENT] sock=2516 hEvent=000009A4 events=0x21
2026-10-03 03:44:54.257 [EVENT] sock=2516 hEvent=000009A4 events=0x0
2026-10-03 03:44:54.260 [EVENT] sock=2516 hEvent=000009A4 events=0x21
2026-10-03 03:45:00.620 [EVENT] sock=2656 hEvent=00000A0C events=0x0
2026-10-03 03:45:00.621 [EVENT] sock=2656 hEvent=00000A0C events=0x21
2026-10-03 03:45:04.310 [EVENT] sock=2516 hEvent=000009A4 events=0x0
2026-10-03 03:45:04.312 [EVENT] sock=2516 hEvent=000009A4 events=0x21
2026-10-03 03:45:14.375 [EVENT] sock=2516 hEvent=000009A4 events=0x0
2026-10-03 03:45:14.377 [EVENT] sock=2516 hEvent=000009A4 events=0x21
2026-10-03 03:45:24.575 [EVENT] sock=2516 hEvent=000009A4 events=0x0
2026-10-03 03:45:24.578 [EVENT] sock=2516 hEvent=000009A4 events=0x21
2026-10-03 03:45:30.624 [EVENT] sock=2656 hEvent=00000A0C events=0x0
2026-10-03 03:45:30.624 [EVENT] sock=2656 hEvent=00000A0C events=0x21
2026-10-03 03:45:34.630 [EVENT] sock=2516 hEvent=000009A4 events=0x0
2026-10-03 03:45:34.634 [EVENT] sock=2516 hEvent=000009A4 events=0x21
2026-10-03 03:45:44.700 [EVENT] sock=2516 hEvent=000009A4 events=0x0
2026-10-03 03:45:44.701 [EVENT] sock=2516 hEvent=000009A4 events=0x21
2026-10-03 03:45:54.786 [EVENT] sock=2516 hEvent=000009A4 events=0x0
2026-10-03 03:45:54.787 [EVENT] sock=2516 hEvent=000009A4 events=0x21
2026-10-03 03:46:00.630 [EVENT] sock=2656 hEvent=00000A0C events=0x0
2026-10-03 03:46:00.630 [EVENT] sock=2656 hEvent=00000A0C events=0x21
2026-10-03 03:46:04.859 [EVENT] sock=2516 hEvent=000009A4 events=0x0
2026-10-03 03:46:04.860 [EVENT] sock=2516 hEvent=000009A4 events=0x21
2026-10-03 03:46:14.925 [EVENT] sock=2516 hEvent=000009A4 events=0x0
2026-10-03 03:46:14.926 [EVENT] sock=2516 hEvent=000009A4 events=0x21
2026-10-03 03:46:25.043 [EVENT] sock=2516 hEvent=000009A4 events=0x0
2026-10-03 03:46:25.044 [EVENT] sock=2516 hEvent=000009A4 events=0x21
2026-10-03 03:46:30.635 [EVENT] sock=2656 hEvent=00000A0C events=0x0
2026-10-03 03:46:30.635 [EVENT] sock=2656 hEvent=00000A0C events=0x21
2026-10-03 03:46:35.109 [EVENT] sock=2516 hEvent=000009A4 events=0x0
2026-10-03 03:46:35.110 [EVENT] sock=2516 hEvent=000009A4 events=0x21
2026-10-03 03:46:45.160 [EVENT] sock=2516 hEvent=000009A4 events=0x0
2026-10-03 03:46:45.161 [EVENT] sock=2516 hEvent=000009A4 events=0x21
2026-10-03 03:46:55.293 [EVENT] sock=2516 hEvent=000009A4 events=0x0
2026-10-03 03:46:55.293 [EVENT] sock=2516 hEvent=000009A4 events=0x21
2026-10-03 03:47:00.643 [EVENT] sock=2656 hEvent=00000A0C events=0x0
2026-10-03 03:47:00.648 [EVENT] sock=2656 hEvent=00000A0C events=0x21
2026-10-03 03:47:05.342 [EVENT] sock=2516 hEvent=000009A4 events=0x0
2026-10-03 03:47:05.342 [EVENT] sock=2516 hEvent=000009A4 events=0x21
2026-10-03 03:47:15.396 [EVENT] sock=2516 hEvent=000009A4 events=0x0
2026-10-03 03:47:15.397 [EVENT] sock=2516 hEvent=000009A4 events=0x21
2026-10-03 03:47:25.549 [EVENT] sock=2516 hEvent=000009A4 events=0x0
2026-10-03 03:47:25.550 [EVENT] sock=2516 hEvent=000009A4 events=0x21
2026-10-03 03:47:30.651 [EVENT] sock=2656 hEvent=00000A0C events=0x0
2026-10-03 03:47:30.651 [EVENT] sock=2656 hEvent=00000A0C events=0x21
2026-10-03 03:47:35.615 [EVENT] sock=2516 hEvent=000009A4 events=0x0
2026-10-03 03:47:35.616 [EVENT] sock=2516 hEvent=000009A4 events=0x21
2026-10-03 03:47:45.680 [EVENT] sock=2516 hEvent=000009A4 events=0x0
2026-10-03 03:47:45.680 [EVENT] sock=2516 hEvent=000009A4 events=0x21
2026-10-03 03:47:55.897 [EVENT] sock=2516 hEvent=000009A4 events=0x0
2026-10-03 03:47:55.898 [EVENT] sock=2516 hEvent=000009A4 events=0x21
2026-10-03 03:48:00.655 [EVENT] sock=2656 hEvent=00000A0C events=0x0
2026-10-03 03:48:00.655 [EVENT] sock=2656 hEvent=00000A0C events=0x21
2026-10-03 03:48:05.949 [EVENT] sock=2516 hEvent=000009A4 events=0x0
2026-10-03 03:48:05.949 [EVENT] sock=2516 hEvent=000009A4 events=0x21
2026-10-03 03:48:16.001 [EVENT] sock=2516 hEvent=000009A4 events=0x0
2026-10-03 03:48:16.002 [EVENT] sock=2516 hEvent=000009A4 events=0x21
2026-10-03 03:48:26.150 [EVENT] sock=2516 hEvent=000009A4 events=0x0
2026-10-03 03:48:26.151 [EVENT] sock=2516 hEvent=000009A4 events=0x21
2026-10-03 03:48:30.658 [EVENT] sock=2656 hEvent=00000A0C events=0x0
2026-10-03 03:48:30.659 [EVENT] sock=2656 hEvent=00000A0C events=0x21
2026-10-03 03:48:36.217 [EVENT] sock=2516 hEvent=000009A4 events=0x0
2026-10-03 03:48:36.218 [EVENT] sock=2516 hEvent=000009A4 events=0x21
2026-10-03 03:48:46.268 [EVENT] sock=2516 hEvent=000009A4 events=0x0
2026-10-03 03:48:46.273 [EVENT] sock=2516 hEvent=000009A4 events=0x21
2026-10-03 03:48:56.367 [EVENT] sock=2516 hEvent=000009A4 events=0x0
2026-10-03 03:48:56.367 [EVENT] sock=2516 hEvent=000009A4 events=0x21
2026-10-03 03:49:00.662 [EVENT] sock=2656 hEvent=00000A0C events=0x0
2026-10-03 03:49:00.663 [EVENT] sock=2656 hEvent=00000A0C events=0x21
2026-10-03 03:49:06.418 [EVENT] sock=2516 hEvent=000009A4 events=0x0
2026-10-03 03:49:06.423 [EVENT] sock=2516 hEvent=000009A4 events=0x21
2026-10-03 03:49:16.484 [EVENT] sock=2516 hEvent=000009A4 events=0x0
2026-10-03 03:49:16.485 [EVENT] sock=2516 hEvent=000009A4 events=0x21
2026-10-03 03:49:23.914 [OP] 4031 inv=FFE9 len=22 #2 fd0b6afa722b1f805b640094d3faa38fb95e0791b10b
2026-10-03 03:49:26.570 [EVENT] sock=2516 hEvent=000009A4 events=0x0
2026-10-03 03:49:26.571 [EVENT] sock=2516 hEvent=000009A4 events=0x21
2026-10-03 03:49:30.665 [EVENT] sock=2656 hEvent=00000A0C events=0x0
2026-10-03 03:49:30.665 [EVENT] sock=2656 hEvent=00000A0C events=0x21
2026-10-03 03:49:36.620 [EVENT] sock=2516 hEvent=000009A4 events=0x0
2026-10-03 03:49:36.620 [EVENT] sock=2516 hEvent=000009A4 events=0x21
2026-10-03 03:49:46.673 [EVENT] sock=2516 hEvent=000009A4 events=0x0
2026-10-03 03:49:46.677 [EVENT] sock=2516 hEvent=000009A4 events=0x21
2026-10-03 03:49:56.821 [EVENT] sock=2516 hEvent=000009A4 events=0x0
2026-10-03 03:49:56.823 [EVENT] sock=2516 hEvent=000009A4 events=0x21
2026-10-03 03:50:00.667 [EVENT] sock=2656 hEvent=00000A0C events=0x0
2026-10-03 03:50:00.668 [EVENT] sock=2656 hEvent=00000A0C events=0x21
2026-10-03 03:50:06.872 [EVENT] sock=2516 hEvent=000009A4 events=0x0
2026-10-03 03:50:06.876 [EVENT] sock=2516 hEvent=000009A4 events=0x21
2026-10-03 03:50:16.923 [EVENT] sock=2516 hEvent=000009A4 events=0x0
2026-10-03 03:50:16.926 [EVENT] sock=2516 hEvent=000009A4 events=0x21
2026-10-03 03:50:27.089 [EVENT] sock=2516 hEvent=000009A4 events=0x0
2026-10-03 03:50:27.094 [EVENT] sock=2516 hEvent=000009A4 events=0x21
2026-10-03 03:50:30.671 [EVENT] sock=2656 hEvent=00000A0C events=0x0
2026-10-03 03:50:30.671 [EVENT] sock=2656 hEvent=00000A0C events=0x21
2026-10-03 03:50:37.139 [EVENT] sock=2516 hEvent=000009A4 events=0x0
2026-10-03 03:50:37.140 [EVENT] sock=2516 hEvent=000009A4 events=0x21
2026-10-03 03:50:47.192 [EVENT] sock=2516 hEvent=000009A4 events=0x0
2026-10-03 03:50:47.194 [EVENT] sock=2516 hEvent=000009A4 events=0x21
2026-10-03 03:50:57.409 [EVENT] sock=2516 hEvent=000009A4 events=0x0
2026-10-03 03:50:57.411 [EVENT] sock=2516 hEvent=000009A4 events=0x21
2026-10-03 03:51:00.675 [EVENT] sock=2656 hEvent=00000A0C events=0x0
2026-10-03 03:51:00.676 [EVENT] sock=2656 hEvent=00000A0C events=0x21
2026-10-03 03:51:07.460 [EVENT] sock=2516 hEvent=000009A4 events=0x0
2026-10-03 03:51:07.461 [EVENT] sock=2516 hEvent=000009A4 events=0x21
2026-10-03 03:51:17.515 [EVENT] sock=2516 hEvent=000009A4 events=0x0
2026-10-03 03:51:17.515 [EVENT] sock=2516 hEvent=000009A4 events=0x21
2026-10-03 03:51:27.600 [EVENT] sock=2516 hEvent=000009A4 events=0x0
2026-10-03 03:51:27.600 [EVENT] sock=2516 hEvent=000009A4 events=0x21
2026-10-03 03:51:30.679 [EVENT] sock=2656 hEvent=00000A0C events=0x0
2026-10-03 03:51:30.679 [EVENT] sock=2656 hEvent=00000A0C events=0x21
2026-10-03 03:51:37.649 [EVENT] sock=2516 hEvent=000009A4 events=0x0
2026-10-03 03:51:37.653 [EVENT] sock=2516 hEvent=000009A4 events=0x21
2026-10-03 03:51:47.716 [EVENT] sock=2516 hEvent=000009A4 events=0x0
2026-10-03 03:51:47.720 [EVENT] sock=2516 hEvent=000009A4 events=0x21
2026-10-03 03:51:57.848 [EVENT] sock=2516 hEvent=000009A4 events=0x0
2026-10-03 03:51:57.850 [EVENT] sock=2516 hEvent=000009A4 events=0x21
2026-10-03 03:52:00.687 [EVENT] sock=2656 hEvent=00000A0C events=0x0
2026-10-03 03:52:00.690 [EVENT] sock=2656 hEvent=00000A0C events=0x21
2026-10-03 03:52:07.898 [EVENT] sock=2516 hEvent=000009A4 events=0x0
2026-10-03 03:52:07.900 [EVENT] sock=2516 hEvent=000009A4 events=0x21
2026-10-03 03:52:17.949 [EVENT] sock=2516 hEvent=000009A4 events=0x0
2026-10-03 03:52:17.949 [EVENT] sock=2516 hEvent=000009A4 events=0x21
2026-10-03 03:52:28.118 [EVENT] sock=2516 hEvent=000009A4 events=0x0
2026-10-03 03:52:28.123 [EVENT] sock=2516 hEvent=000009A4 events=0x21
2026-10-03 03:52:30.694 [EVENT] sock=2656 hEvent=00000A0C events=0x0
2026-10-03 03:52:30.694 [EVENT] sock=2656 hEvent=00000A0C events=0x21
2026-10-03 03:52:38.169 [EVENT] sock=2516 hEvent=000009A4 events=0x0
2026-10-03 03:52:38.170 [EVENT] sock=2516 hEvent=000009A4 events=0x21
2026-10-03 03:52:48.220 [EVENT] sock=2516 hEvent=000009A4 events=0x0
2026-10-03 03:52:48.225 [EVENT] sock=2516 hEvent=000009A4 events=0x21
2026-10-03 03:52:58.374 [EVENT] sock=2516 hEvent=000009A4 events=0x0
2026-10-03 03:52:58.376 [EVENT] sock=2516 hEvent=000009A4 events=0x21
2026-10-03 03:53:00.697 [EVENT] sock=2656 hEvent=00000A0C events=0x0
2026-10-03 03:53:00.697 [EVENT] sock=2656 hEvent=00000A0C events=0x21
2026-10-03 03:53:08.437 [EVENT] sock=2516 hEvent=000009A4 events=0x0
2026-10-03 03:53:08.440 [EVENT] sock=2516 hEvent=000009A4 events=0x21
2026-10-03 03:53:18.488 [EVENT] sock=2516 hEvent=000009A4 events=0x0
2026-10-03 03:53:18.494 [EVENT] sock=2516 hEvent=000009A4 events=0x21
2026-10-03 03:53:28.572 [EVENT] sock=2516 hEvent=000009A4 events=0x0
2026-10-03 03:53:28.573 [EVENT] sock=2516 hEvent=000009A4 events=0x21
2026-10-03 03:53:30.700 [EVENT] sock=2656 hEvent=00000A0C events=0x0
2026-10-03 03:53:30.700 [EVENT] sock=2656 hEvent=00000A0C events=0x21
2026-10-03 03:53:38.623 [EVENT] sock=2516 hEvent=000009A4 events=0x0
2026-10-03 03:53:38.628 [EVENT] sock=2516 hEvent=000009A4 events=0x21
2026-10-03 03:53:48.690 [EVENT] sock=2516 hEvent=000009A4 events=0x0
2026-10-03 03:53:48.691 [EVENT] sock=2516 hEvent=000009A4 events=0x21
2026-10-03 03:53:58.734 [EVENT] sock=2516 hEvent=000009A4 events=0x0
2026-10-03 03:53:58.734 [HB-OUT] op=0001 #2 len=4 sock=2516
2026-10-03 03:53:58.735 [EVENT] sock=2516 hEvent=000009A4 events=0x21
2026-10-03 03:53:58.791 [EVENT] sock=2516 hEvent=000009A4 events=0x0
2026-10-03 03:53:58.792 [EVENT] sock=2516 hEvent=000009A4 events=0x21
2026-10-03 03:54:00.702 [EVENT] sock=2656 hEvent=00000A0C events=0x0
2026-10-03 03:54:00.702 [EVENT] sock=2656 hEvent=00000A0C events=0x21
2026-10-03 03:54:09.026 [EVENT] sock=2516 hEvent=000009A4 events=0x0
2026-10-03 03:54:09.029 [EVENT] sock=2516 hEvent=000009A4 events=0x21
2026-10-03 03:54:19.095 [EVENT] sock=2516 hEvent=000009A4 events=0x0
2026-10-03 03:54:19.097 [EVENT] sock=2516 hEvent=000009A4 events=0x21
2026-10-03 03:54:29.143 [EVENT] sock=2516 hEvent=000009A4 events=0x0
2026-10-03 03:54:29.144 [EVENT] sock=2516 hEvent=000009A4 events=0x21
2026-10-03 03:54:30.705 [EVENT] sock=2656 hEvent=00000A0C events=0x0
2026-10-03 03:54:30.706 [EVENT] sock=2656 hEvent=00000A0C events=0x21
2026-10-03 03:54:39.193 [EVENT] sock=2516 hEvent=000009A4 events=0x0
2026-10-03 03:54:39.194 [EVENT] sock=2516 hEvent=000009A4 events=0x21
2026-10-03 03:54:49.243 [EVENT] sock=2516 hEvent=000009A4 events=0x0
2026-10-03 03:54:49.247 [EVENT] sock=2516 hEvent=000009A4 events=0x21
2026-10-03 03:54:59.294 [EVENT] sock=2516 hEvent=000009A4 events=0x0
2026-10-03 03:54:59.295 [EVENT] sock=2516 hEvent=000009A4 events=0x21
2026-10-03 03:55:00.708 [EVENT] sock=2656 hEvent=00000A0C events=0x0
2026-10-03 03:55:00.708 [EVENT] sock=2656 hEvent=00000A0C events=0x21
2026-10-03 03:55:09.346 [EVENT] sock=2516 hEvent=000009A4 events=0x0
2026-10-03 03:55:09.351 [EVENT] sock=2516 hEvent=000009A4 events=0x21
2026-10-03 03:55:19.396 [EVENT] sock=2516 hEvent=000009A4 events=0x0
2026-10-03 03:55:19.402 [EVENT] sock=2516 hEvent=000009A4 events=0x21
2026-10-03 03:55:29.447 [EVENT] sock=2516 hEvent=000009A4 events=0x0
2026-10-03 03:55:29.453 [EVENT] sock=2516 hEvent=000009A4 events=0x21
2026-10-03 03:55:30.713 [EVENT] sock=2656 hEvent=00000A0C events=0x0
2026-10-03 03:55:30.715 [EVENT] sock=2656 hEvent=00000A0C events=0x21
2026-10-03 03:55:39.513 [EVENT] sock=2516 hEvent=000009A4 events=0x0
2026-10-03 03:55:39.514 [EVENT] sock=2516 hEvent=000009A4 events=0x21
2026-10-03 03:55:49.564 [EVENT] sock=2516 hEvent=000009A4 events=0x0
2026-10-03 03:55:49.569 [EVENT] sock=2516 hEvent=000009A4 events=0x21
2026-10-03 03:55:59.716 [EVENT] sock=2516 hEvent=000009A4 events=0x0
2026-10-03 03:55:59.717 [EVENT] sock=2516 hEvent=000009A4 events=0x21
2026-10-03 03:56:00.721 [EVENT] sock=2656 hEvent=00000A0C events=0x0
2026-10-03 03:56:00.721 [EVENT] sock=2656 hEvent=00000A0C events=0x21
2026-10-03 03:56:09.766 [EVENT] sock=2516 hEvent=000009A4 events=0x0
2026-10-03 03:56:09.767 [EVENT] sock=2516 hEvent=000009A4 events=0x21
2026-10-03 03:56:19.819 [EVENT] sock=2516 hEvent=000009A4 events=0x0
2026-10-03 03:56:19.821 [EVENT] sock=2516 hEvent=000009A4 events=0x21
2026-10-03 03:56:29.968 [EVENT] sock=2516 hEvent=000009A4 events=0x0
2026-10-03 03:56:29.973 [EVENT] sock=2516 hEvent=000009A4 events=0x21
2026-10-03 03:56:30.724 [EVENT] sock=2656 hEvent=00000A0C events=0x0
2026-10-03 03:56:30.727 [EVENT] sock=2656 hEvent=00000A0C events=0x21
2026-10-03 03:56:40.018 [EVENT] sock=2516 hEvent=000009A4 events=0x0
2026-10-03 03:56:40.019 [EVENT] sock=2516 hEvent=000009A4 events=0x21
2026-10-03 03:56:50.105 [EVENT] sock=2516 hEvent=000009A4 events=0x0
2026-10-03 03:56:50.106 [EVENT] sock=2516 hEvent=000009A4 events=0x21
2026-10-03 03:57:00.172 [EVENT] sock=2516 hEvent=000009A4 events=0x0
2026-10-03 03:57:00.177 [EVENT] sock=2516 hEvent=000009A4 events=0x21
2026-10-03 03:57:00.729 [EVENT] sock=2656 hEvent=00000A0C events=0x0
2026-10-03 03:57:00.731 [EVENT] sock=2656 hEvent=00000A0C events=0x21
2026-10-03 03:57:10.225 [EVENT] sock=2516 hEvent=000009A4 events=0x0
2026-10-03 03:57:10.227 [EVENT] sock=2516 hEvent=000009A4 events=0x21
2026-10-03 03:57:20.274 [EVENT] sock=2516 hEvent=000009A4 events=0x0
2026-10-03 03:57:20.279 [EVENT] sock=2516 hEvent=000009A4 events=0x21
2026-10-03 03:57:30.394 [EVENT] sock=2516 hEvent=000009A4 events=0x0
2026-10-03 03:57:30.394 [EVENT] sock=2516 hEvent=000009A4 events=0x21
2026-10-03 03:57:30.734 [EVENT] sock=2656 hEvent=00000A0C events=0x0
2026-10-03 03:57:30.734 [EVENT] sock=2656 hEvent=00000A0C events=0x21
2026-10-03 03:57:40.444 [EVENT] sock=2516 hEvent=000009A4 events=0x0
2026-10-03 03:57:40.447 [EVENT] sock=2516 hEvent=000009A4 events=0x21
2026-10-03 03:57:50.511 [EVENT] sock=2516 hEvent=000009A4 events=0x0
2026-10-03 03:57:50.513 [EVENT] sock=2516 hEvent=000009A4 events=0x21
2026-10-03 03:58:00.594 [EVENT] sock=2516 hEvent=000009A4 events=0x0
2026-10-03 03:58:00.594 [EVENT] sock=2516 hEvent=000009A4 events=0x21
2026-10-03 03:58:00.738 [EVENT] sock=2656 hEvent=00000A0C events=0x0
2026-10-03 03:58:00.738 [EVENT] sock=2656 hEvent=00000A0C events=0x21
2026-10-03 03:58:10.649 [EVENT] sock=2516 hEvent=000009A4 events=0x0
2026-10-03 03:58:10.650 [EVENT] sock=2516 hEvent=000009A4 events=0x21
2026-10-03 03:58:20.711 [EVENT] sock=2516 hEvent=000009A4 events=0x0
2026-10-03 03:58:20.712 [EVENT] sock=2516 hEvent=000009A4 events=0x21
2026-10-03 03:58:30.741 [EVENT] sock=2656 hEvent=00000A0C events=0x0
2026-10-03 03:58:30.741 [EVENT] sock=2656 hEvent=00000A0C events=0x21
2026-10-03 03:58:30.895 [EVENT] sock=2516 hEvent=000009A4 events=0x0
2026-10-03 03:58:30.896 [EVENT] sock=2516 hEvent=000009A4 events=0x21
2026-10-03 03:58:40.946 [EVENT] sock=2516 hEvent=000009A4 events=0x0
2026-10-03 03:58:40.950 [EVENT] sock=2516 hEvent=000009A4 events=0x21
2026-10-03 03:58:50.998 [EVENT] sock=2516 hEvent=000009A4 events=0x0
2026-10-03 03:58:51.002 [EVENT] sock=2516 hEvent=000009A4 events=0x21
2026-10-03 03:59:00.745 [EVENT] sock=2656 hEvent=00000A0C events=0x0
2026-10-03 03:59:00.745 [EVENT] sock=2656 hEvent=00000A0C events=0x21
2026-10-03 03:59:01.097 [EVENT] sock=2516 hEvent=000009A4 events=0x0
2026-10-03 03:59:01.097 [EVENT] sock=2516 hEvent=000009A4 events=0x21
2026-10-03 03:59:11.148 [EVENT] sock=2516 hEvent=000009A4 events=0x0
2026-10-03 03:59:11.151 [EVENT] sock=2516 hEvent=000009A4 events=0x21
2026-10-03 03:59:21.201 [EVENT] sock=2516 hEvent=000009A4 events=0x0
2026-10-03 03:59:21.205 [EVENT] sock=2516 hEvent=000009A4 events=0x21
2026-10-03 03:59:30.749 [EVENT] sock=2656 hEvent=00000A0C events=0x0
2026-10-03 03:59:30.749 [EVENT] sock=2656 hEvent=00000A0C events=0x21
2026-10-03 03:59:31.299 [EVENT] sock=2516 hEvent=000009A4 events=0x0
2026-10-03 03:59:31.301 [EVENT] sock=2516 hEvent=000009A4 events=0x21
2026-10-03 03:59:41.351 [EVENT] sock=2516 hEvent=000009A4 events=0x0
2026-10-03 03:59:41.355 [EVENT] sock=2516 hEvent=000009A4 events=0x21
2026-10-03 03:59:51.420 [EVENT] sock=2516 hEvent=000009A4 events=0x0
2026-10-03 03:59:51.423 [EVENT] sock=2516 hEvent=000009A4 events=0x21
2026-10-03 04:00:00.759 [EVENT] sock=2656 hEvent=00000A0C events=0x0
2026-10-03 04:00:00.759 [EVENT] sock=2656 hEvent=00000A0C events=0x21
2026-10-03 04:00:01.600 [EVENT] sock=2516 hEvent=000009A4 events=0x0
2026-10-03 04:00:01.602 [EVENT] sock=2516 hEvent=000009A4 events=0x21
2026-10-03 04:00:11.652 [EVENT] sock=2516 hEvent=000009A4 events=0x0
2026-10-03 04:00:11.652 [EVENT] sock=2516 hEvent=000009A4 events=0x21
2026-10-03 04:00:21.704 [EVENT] sock=2516 hEvent=000009A4 events=0x0
2026-10-03 04:00:21.706 [EVENT] sock=2516 hEvent=000009A4 events=0x21
2026-10-03 04:00:30.762 [EVENT] sock=2656 hEvent=00000A0C events=0x0
2026-10-03 04:00:30.763 [EVENT] sock=2656 hEvent=00000A0C events=0x21
2026-10-03 04:00:31.871 [EVENT] sock=2516 hEvent=000009A4 events=0x0
2026-10-03 04:00:31.874 [EVENT] sock=2516 hEvent=000009A4 events=0x21
2026-10-03 04:00:41.922 [EVENT] sock=2516 hEvent=000009A4 events=0x0
2026-10-03 04:00:41.922 [EVENT] sock=2516 hEvent=000009A4 events=0x21
2026-10-03 04:00:51.972 [EVENT] sock=2516 hEvent=000009A4 events=0x0
2026-10-03 04:00:51.974 [EVENT] sock=2516 hEvent=000009A4 events=0x21
2026-10-03 04:01:00.766 [EVENT] sock=2656 hEvent=00000A0C events=0x0
2026-10-03 04:01:00.766 [EVENT] sock=2656 hEvent=00000A0C events=0x21
2026-10-03 04:01:02.072 [EVENT] sock=2516 hEvent=000009A4 events=0x0
2026-10-03 04:01:02.074 [EVENT] sock=2516 hEvent=000009A4 events=0x21
2026-10-03 04:01:12.124 [EVENT] sock=2516 hEvent=000009A4 events=0x0
2026-10-03 04:01:12.126 [EVENT] sock=2516 hEvent=000009A4 events=0x21
2026-10-03 04:01:22.179 [EVENT] sock=2516 hEvent=000009A4 events=0x0
2026-10-03 04:01:22.182 [EVENT] sock=2516 hEvent=000009A4 events=0x21
2026-10-03 04:01:30.769 [EVENT] sock=2656 hEvent=00000A0C events=0x0
2026-10-03 04:01:30.769 [EVENT] sock=2656 hEvent=00000A0C events=0x21
2026-10-03 04:01:32.279 [EVENT] sock=2516 hEvent=000009A4 events=0x0
2026-10-03 04:01:32.280 [EVENT] sock=2516 hEvent=000009A4 events=0x21
2026-10-03 04:01:42.330 [EVENT] sock=2516 hEvent=000009A4 events=0x0
2026-10-03 04:01:42.332 [EVENT] sock=2516 hEvent=000009A4 events=0x21
2026-10-03 04:01:52.380 [EVENT] sock=2516 hEvent=000009A4 events=0x0
2026-10-03 04:01:52.381 [EVENT] sock=2516 hEvent=000009A4 events=0x21
2026-10-03 04:02:00.773 [EVENT] sock=2656 hEvent=00000A0C events=0x0
2026-10-03 04:02:00.773 [EVENT] sock=2656 hEvent=00000A0C events=0x21
2026-10-03 04:02:02.479 [EVENT] sock=2516 hEvent=000009A4 events=0x0
2026-10-03 04:02:02.482 [EVENT] sock=2516 hEvent=000009A4 events=0x21
2026-10-03 04:02:12.533 [EVENT] sock=2516 hEvent=000009A4 events=0x0
2026-10-03 04:02:12.535 [EVENT] sock=2516 hEvent=000009A4 events=0x21
2026-10-03 04:02:22.585 [EVENT] sock=2516 hEvent=000009A4 events=0x0
2026-10-03 04:02:22.586 [EVENT] sock=2516 hEvent=000009A4 events=0x21
2026-10-03 04:02:30.777 [EVENT] sock=2656 hEvent=00000A0C events=0x0
2026-10-03 04:02:30.778 [EVENT] sock=2656 hEvent=00000A0C events=0x21
2026-10-03 04:02:32.732 [EVENT] sock=2516 hEvent=000009A4 events=0x0
2026-10-03 04:02:32.732 [EVENT] sock=2516 hEvent=000009A4 events=0x21
2026-10-03 04:02:42.800 [EVENT] sock=2516 hEvent=000009A4 events=0x0
2026-10-03 04:02:42.801 [EVENT] sock=2516 hEvent=000009A4 events=0x21
2026-10-03 04:02:52.851 [EVENT] sock=2516 hEvent=000009A4 events=0x0
2026-10-03 04:02:52.857 [EVENT] sock=2516 hEvent=000009A4 events=0x21
2026-10-03 04:03:00.781 [EVENT] sock=2656 hEvent=00000A0C events=0x0
2026-10-03 04:03:00.782 [EVENT] sock=2656 hEvent=00000A0C events=0x21
2026-10-03 04:03:02.937 [EVENT] sock=2516 hEvent=000009A4 events=0x0
2026-10-03 04:03:02.940 [EVENT] sock=2516 hEvent=000009A4 events=0x21
2026-10-03 04:03:13.001 [EVENT] sock=2516 hEvent=000009A4 events=0x0
2026-10-03 04:03:13.001 [EVENT] sock=2516 hEvent=000009A4 events=0x21
2026-10-03 04:03:23.055 [EVENT] sock=2516 hEvent=000009A4 events=0x0
2026-10-03 04:03:23.055 [EVENT] sock=2516 hEvent=000009A4 events=0x21
2026-10-03 04:03:30.785 [EVENT] sock=2656 hEvent=00000A0C events=0x0
2026-10-03 04:03:30.785 [EVENT] sock=2656 hEvent=00000A0C events=0x21
2026-10-03 04:03:33.153 [EVENT] sock=2516 hEvent=000009A4 events=0x0
2026-10-03 04:03:33.153 [EVENT] sock=2516 hEvent=000009A4 events=0x21
2026-10-03 04:03:43.203 [EVENT] sock=2516 hEvent=000009A4 events=0x0
2026-10-03 04:03:43.207 [EVENT] sock=2516 hEvent=000009A4 events=0x21
2026-10-03 04:03:53.257 [EVENT] sock=2516 hEvent=000009A4 events=0x0
2026-10-03 04:03:53.257 [EVENT] sock=2516 hEvent=000009A4 events=0x21
2026-10-03 04:04:00.790 [EVENT] sock=2656 hEvent=00000A0C events=0x0
2026-10-03 04:04:00.792 [EVENT] sock=2656 hEvent=00000A0C events=0x21
2026-10-03 04:04:03.355 [EVENT] sock=2516 hEvent=000009A4 events=0x0
2026-10-03 04:04:03.356 [EVENT] sock=2516 hEvent=000009A4 events=0x21
2026-10-03 04:04:13.405 [EVENT] sock=2516 hEvent=000009A4 events=0x0
2026-10-03 04:04:13.412 [EVENT] sock=2516 hEvent=000009A4 events=0x21
2026-10-03 04:04:23.473 [EVENT] sock=2516 hEvent=000009A4 events=0x0
2026-10-03 04:04:23.479 [EVENT] sock=2516 hEvent=000009A4 events=0x21
2026-10-03 04:04:30.796 [EVENT] sock=2656 hEvent=00000A0C events=0x0
2026-10-03 04:04:30.799 [EVENT] sock=2656 hEvent=00000A0C events=0x21
2026-10-03 04:04:33.555 [EVENT] sock=2516 hEvent=000009A4 events=0x0
2026-10-03 04:04:33.556 [EVENT] sock=2516 hEvent=000009A4 events=0x21
2026-10-03 04:04:43.606 [EVENT] sock=2516 hEvent=000009A4 events=0x0
2026-10-03 04:04:43.612 [EVENT] sock=2516 hEvent=000009A4 events=0x21
2026-10-03 04:04:53.661 [EVENT] sock=2516 hEvent=000009A4 events=0x0
2026-10-03 04:04:53.662 [EVENT] sock=2516 hEvent=000009A4 events=0x21
2026-10-03 04:05:00.802 [EVENT] sock=2656 hEvent=00000A0C events=0x0
2026-10-03 04:05:00.802 [EVENT] sock=2656 hEvent=00000A0C events=0x21
2026-10-03 04:05:03.775 [EVENT] sock=2516 hEvent=000009A4 events=0x0
2026-10-03 04:05:03.775 [EVENT] sock=2516 hEvent=000009A4 events=0x21
2026-10-03 04:05:13.824 [EVENT] sock=2516 hEvent=000009A4 events=0x0
2026-10-03 04:05:13.825 [EVENT] sock=2516 hEvent=000009A4 events=0x21
2026-10-03 04:05:23.876 [EVENT] sock=2516 hEvent=000009A4 events=0x0
2026-10-03 04:05:23.882 [EVENT] sock=2516 hEvent=000009A4 events=0x21
2026-10-03 04:05:30.805 [EVENT] sock=2656 hEvent=00000A0C events=0x0
2026-10-03 04:05:30.805 [EVENT] sock=2656 hEvent=00000A0C events=0x21
2026-10-03 04:05:34.025 [EVENT] sock=2516 hEvent=000009A4 events=0x0
2026-10-03 04:05:34.028 [EVENT] sock=2516 hEvent=000009A4 events=0x21
2026-10-03 04:05:44.080 [EVENT] sock=2516 hEvent=000009A4 events=0x0
2026-10-03 04:05:44.082 [EVENT] sock=2516 hEvent=000009A4 events=0x21
2026-10-03 04:05:54.127 [EVENT] sock=2516 hEvent=000009A4 events=0x0
2026-10-03 04:05:54.132 [EVENT] sock=2516 hEvent=000009A4 events=0x21
2026-10-03 04:06:00.809 [EVENT] sock=2656 hEvent=00000A0C events=0x0
2026-10-03 04:06:00.810 [EVENT] sock=2656 hEvent=00000A0C events=0x21
2026-10-03 04:06:04.227 [EVENT] sock=2516 hEvent=000009A4 events=0x0
2026-10-03 04:06:04.228 [EVENT] sock=2516 hEvent=000009A4 events=0x21
2026-10-03 04:06:14.279 [EVENT] sock=2516 hEvent=000009A4 events=0x0
2026-10-03 04:06:14.279 [EVENT] sock=2516 hEvent=000009A4 events=0x21
2026-10-03 04:06:24.336 [EVENT] sock=2516 hEvent=000009A4 events=0x0
2026-10-03 04:06:24.336 [EVENT] sock=2516 hEvent=000009A4 events=0x21
2026-10-03 04:06:30.813 [EVENT] sock=2656 hEvent=00000A0C events=0x0
2026-10-03 04:06:30.814 [EVENT] sock=2656 hEvent=00000A0C events=0x21
2026-10-03 04:06:34.470 [EVENT] sock=2516 hEvent=000009A4 events=0x0
2026-10-03 04:06:34.470 [EVENT] sock=2516 hEvent=000009A4 events=0x21
2026-10-03 04:06:44.536 [EVENT] sock=2516 hEvent=000009A4 events=0x0
2026-10-03 04:06:44.537 [EVENT] sock=2516 hEvent=000009A4 events=0x21
2026-10-03 04:06:54.584 [EVENT] sock=2516 hEvent=000009A4 events=0x0
2026-10-03 04:06:54.589 [EVENT] sock=2516 hEvent=000009A4 events=0x21
2026-10-03 04:07:00.819 [EVENT] sock=2656 hEvent=00000A0C events=0x0
2026-10-03 04:07:00.824 [EVENT] sock=2656 hEvent=00000A0C events=0x21
2026-10-03 04:07:04.735 [EVENT] sock=2516 hEvent=000009A4 events=0x0
2026-10-03 04:07:04.735 [EVENT] sock=2516 hEvent=000009A4 events=0x21
2026-10-03 04:07:14.784 [EVENT] sock=2516 hEvent=000009A4 events=0x0
2026-10-03 04:07:14.785 [EVENT] sock=2516 hEvent=000009A4 events=0x21
2026-10-03 04:07:24.838 [EVENT] sock=2516 hEvent=000009A4 events=0x0
2026-10-03 04:07:24.842 [EVENT] sock=2516 hEvent=000009A4 events=0x21
2026-10-03 04:07:30.828 [EVENT] sock=2656 hEvent=00000A0C events=0x0
2026-10-03 04:07:30.828 [EVENT] sock=2656 hEvent=00000A0C events=0x21
2026-10-03 04:07:34.935 [EVENT] sock=2516 hEvent=000009A4 events=0x0
2026-10-03 04:07:34.936 [EVENT] sock=2516 hEvent=000009A4 events=0x21
2026-10-03 04:07:44.986 [EVENT] sock=2516 hEvent=000009A4 events=0x0
2026-10-03 04:07:44.991 [EVENT] sock=2516 hEvent=000009A4 events=0x21
2026-10-03 04:07:55.037 [EVENT] sock=2516 hEvent=000009A4 events=0x0
2026-10-03 04:07:55.044 [EVENT] sock=2516 hEvent=000009A4 events=0x21
2026-10-03 04:08:00.829 [EVENT] sock=2656 hEvent=00000A0C events=0x0
2026-10-03 04:08:00.829 [EVENT] sock=2656 hEvent=00000A0C events=0x21
2026-10-03 04:08:05.253 [EVENT] sock=2516 hEvent=000009A4 events=0x0
2026-10-03 04:08:05.253 [EVENT] sock=2516 hEvent=000009A4 events=0x21
2026-10-03 04:08:15.309 [EVENT] sock=2516 hEvent=000009A4 events=0x0
2026-10-03 04:08:15.309 [EVENT] sock=2516 hEvent=000009A4 events=0x21
2026-10-03 04:08:25.371 [EVENT] sock=2516 hEvent=000009A4 events=0x0
2026-10-03 04:08:25.376 [EVENT] sock=2516 hEvent=000009A4 events=0x21
2026-10-03 04:08:30.832 [EVENT] sock=2656 hEvent=00000A0C events=0x0
2026-10-03 04:08:30.832 [EVENT] sock=2656 hEvent=00000A0C events=0x21
2026-10-03 04:08:35.455 [EVENT] sock=2516 hEvent=000009A4 events=0x0
2026-10-03 04:08:35.456 [EVENT] sock=2516 hEvent=000009A4 events=0x21
2026-10-03 04:08:45.508 [EVENT] sock=2516 hEvent=000009A4 events=0x0
2026-10-03 04:08:45.510 [EVENT] sock=2516 hEvent=000009A4 events=0x21
2026-10-03 04:08:55.572 [EVENT] sock=2516 hEvent=000009A4 events=0x0
2026-10-03 04:08:55.573 [EVENT] sock=2516 hEvent=000009A4 events=0x21
2026-10-03 04:09:00.834 [EVENT] sock=2656 hEvent=00000A0C events=0x0
2026-10-03 04:09:00.835 [EVENT] sock=2656 hEvent=00000A0C events=0x21
2026-10-03 04:09:05.706 [EVENT] sock=2516 hEvent=000009A4 events=0x0
2026-10-03 04:09:05.709 [EVENT] sock=2516 hEvent=000009A4 events=0x21
2026-10-03 04:09:15.757 [EVENT] sock=2516 hEvent=000009A4 events=0x0
2026-10-03 04:09:15.761 [EVENT] sock=2516 hEvent=000009A4 events=0x21
2026-10-03 04:09:25.807 [EVENT] sock=2516 hEvent=000009A4 events=0x0
2026-10-03 04:09:25.811 [EVENT] sock=2516 hEvent=000009A4 events=0x21
2026-10-03 04:09:30.837 [EVENT] sock=2656 hEvent=00000A0C events=0x0
2026-10-03 04:09:30.837 [EVENT] sock=2656 hEvent=00000A0C events=0x21
2026-10-03 04:09:36.009 [EVENT] sock=2516 hEvent=000009A4 events=0x0
2026-10-03 04:09:36.014 [EVENT] sock=2516 hEvent=000009A4 events=0x21
2026-10-03 04:09:46.073 [EVENT] sock=2516 hEvent=000009A4 events=0x0
2026-10-03 04:09:46.074 [EVENT] sock=2516 hEvent=000009A4 events=0x21
2026-10-03 04:09:56.126 [EVENT] sock=2516 hEvent=000009A4 events=0x0
2026-10-03 04:09:56.128 [EVENT] sock=2516 hEvent=000009A4 events=0x21
2026-10-03 04:10:00.839 [EVENT] sock=2656 hEvent=00000A0C events=0x0
2026-10-03 04:10:00.839 [EVENT] sock=2656 hEvent=00000A0C events=0x21
2026-10-03 04:10:06.210 [EVENT] sock=2516 hEvent=000009A4 events=0x0
2026-10-03 04:10:06.212 [EVENT] sock=2516 hEvent=000009A4 events=0x21
2026-10-03 04:10:16.269 [EVENT] sock=2516 hEvent=000009A4 events=0x0
2026-10-03 04:10:16.269 [EVENT] sock=2516 hEvent=000009A4 events=0x21
2026-10-03 04:10:26.329 [EVENT] sock=2516 hEvent=000009A4 events=0x0
2026-10-03 04:10:26.335 [EVENT] sock=2516 hEvent=000009A4 events=0x21
2026-10-03 04:10:30.842 [EVENT] sock=2656 hEvent=00000A0C events=0x0
2026-10-03 04:10:30.842 [EVENT] sock=2656 hEvent=00000A0C events=0x21
2026-10-03 04:10:36.415 [EVENT] sock=2516 hEvent=000009A4 events=0x0
2026-10-03 04:10:36.419 [EVENT] sock=2516 hEvent=000009A4 events=0x21
2026-10-03 04:10:46.466 [EVENT] sock=2516 hEvent=000009A4 events=0x0
2026-10-03 04:10:46.470 [EVENT] sock=2516 hEvent=000009A4 events=0x21
2026-10-03 04:10:56.531 [EVENT] sock=2516 hEvent=000009A4 events=0x0
2026-10-03 04:10:56.534 [EVENT] sock=2516 hEvent=000009A4 events=0x21
2026-10-03 04:11:00.845 [EVENT] sock=2656 hEvent=00000A0C events=0x0
2026-10-03 04:11:00.846 [EVENT] sock=2656 hEvent=00000A0C events=0x21
2026-10-03 04:11:06.631 [EVENT] sock=2516 hEvent=000009A4 events=0x0
2026-10-03 04:11:06.632 [EVENT] sock=2516 hEvent=000009A4 events=0x21
2026-10-03 04:11:16.682 [EVENT] sock=2516 hEvent=000009A4 events=0x0
2026-10-03 04:11:16.683 [EVENT] sock=2516 hEvent=000009A4 events=0x21
2026-10-03 04:11:26.732 [EVENT] sock=2516 hEvent=000009A4 events=0x0
2026-10-03 04:11:26.736 [EVENT] sock=2516 hEvent=000009A4 events=0x21
2026-10-03 04:11:30.849 [EVENT] sock=2656 hEvent=00000A0C events=0x0
2026-10-03 04:11:30.850 [EVENT] sock=2656 hEvent=00000A0C events=0x21
2026-10-03 04:11:36.833 [EVENT] sock=2516 hEvent=000009A4 events=0x0
2026-10-03 04:11:36.837 [EVENT] sock=2516 hEvent=000009A4 events=0x21
2026-10-03 04:11:46.883 [EVENT] sock=2516 hEvent=000009A4 events=0x0
2026-10-03 04:11:46.888 [EVENT] sock=2516 hEvent=000009A4 events=0x21
2026-10-03 04:11:56.951 [EVENT] sock=2516 hEvent=000009A4 events=0x0
2026-10-03 04:11:56.952 [EVENT] sock=2516 hEvent=000009A4 events=0x21
2026-10-03 04:12:00.853 [EVENT] sock=2656 hEvent=00000A0C events=0x0
2026-10-03 04:12:00.861 [EVENT] sock=2656 hEvent=00000A0C events=0x21
2026-10-03 04:12:07.034 [EVENT] sock=2516 hEvent=000009A4 events=0x0
2026-10-03 04:12:07.040 [EVENT] sock=2516 hEvent=000009A4 events=0x21
2026-10-03 04:12:17.084 [EVENT] sock=2516 hEvent=000009A4 events=0x0
2026-10-03 04:12:17.085 [EVENT] sock=2516 hEvent=000009A4 events=0x21
2026-10-03 04:12:27.135 [EVENT] sock=2516 hEvent=000009A4 events=0x0
2026-10-03 04:12:27.136 [EVENT] sock=2516 hEvent=000009A4 events=0x21
2026-10-03 04:12:30.863 [EVENT] sock=2656 hEvent=00000A0C events=0x0
2026-10-03 04:12:30.863 [EVENT] sock=2656 hEvent=00000A0C events=0x21
2026-10-03 04:12:37.236 [EVENT] sock=2516 hEvent=000009A4 events=0x0
2026-10-03 04:12:37.239 [EVENT] sock=2516 hEvent=000009A4 events=0x21
2026-10-03 04:12:47.286 [EVENT] sock=2516 hEvent=000009A4 events=0x0
2026-10-03 04:12:47.287 [EVENT] sock=2516 hEvent=000009A4 events=0x21
2026-10-03 04:12:57.338 [EVENT] sock=2516 hEvent=000009A4 events=0x0
2026-10-03 04:12:57.343 [EVENT] sock=2516 hEvent=000009A4 events=0x21
2026-10-03 04:13:00.865 [EVENT] sock=2656 hEvent=00000A0C events=0x0
2026-10-03 04:13:00.865 [EVENT] sock=2656 hEvent=00000A0C events=0x21
2026-10-03 04:13:07.488 [EVENT] sock=2516 hEvent=000009A4 events=0x0
2026-10-03 04:13:07.492 [EVENT] sock=2516 hEvent=000009A4 events=0x21
2026-10-03 04:13:17.559 [EVENT] sock=2516 hEvent=000009A4 events=0x0
2026-10-03 04:13:17.559 [EVENT] sock=2516 hEvent=000009A4 events=0x21
2026-10-03 04:13:20.202 [OP] 4031 inv=FFE6 len=25 #3 8c5b53515fdcfaa32b1f0598d8330a53faa38fb95e0791b10b
2026-10-03 04:13:27.610 [EVENT] sock=2516 hEvent=000009A4 events=0x0
2026-10-03 04:13:27.612 [EVENT] sock=2516 hEvent=000009A4 events=0x21
2026-10-03 04:13:30.868 [EVENT] sock=2656 hEvent=00000A0C events=0x0
2026-10-03 04:13:30.868 [EVENT] sock=2656 hEvent=00000A0C events=0x21
2026-10-03 04:13:37.711 [EVENT] sock=2516 hEvent=000009A4 events=0x0
2026-10-03 04:13:37.715 [EVENT] sock=2516 hEvent=000009A4 events=0x21
2026-10-03 04:13:47.763 [EVENT] sock=2516 hEvent=000009A4 events=0x0
2026-10-03 04:13:47.763 [EVENT] sock=2516 hEvent=000009A4 events=0x21
2026-10-03 04:13:57.813 [EVENT] sock=2516 hEvent=000009A4 events=0x0
2026-10-03 04:13:57.813 [EVENT] sock=2516 hEvent=000009A4 events=0x21
2026-10-03 04:14:00.870 [EVENT] sock=2656 hEvent=00000A0C events=0x0
2026-10-03 04:14:00.871 [EVENT] sock=2656 hEvent=00000A0C events=0x21
2026-10-03 04:14:07.960 [EVENT] sock=2516 hEvent=000009A4 events=0x0
2026-10-03 04:14:07.964 [EVENT] sock=2516 hEvent=000009A4 events=0x21
2026-10-03 04:14:18.013 [EVENT] sock=2516 hEvent=000009A4 events=0x0
2026-10-03 04:14:18.013 [EVENT] sock=2516 hEvent=000009A4 events=0x21
2026-10-03 04:14:28.062 [EVENT] sock=2516 hEvent=000009A4 events=0x0
2026-10-03 04:14:28.063 [EVENT] sock=2516 hEvent=000009A4 events=0x21
2026-10-03 04:14:30.874 [EVENT] sock=2656 hEvent=00000A0C events=0x0
2026-10-03 04:14:30.874 [EVENT] sock=2656 hEvent=00000A0C events=0x21
2026-10-03 04:14:38.220 [EVENT] sock=2516 hEvent=000009A4 events=0x0
2026-10-03 04:14:38.220 [EVENT] sock=2516 hEvent=000009A4 events=0x21
2026-10-03 04:14:48.267 [EVENT] sock=2516 hEvent=000009A4 events=0x0
2026-10-03 04:14:48.270 [EVENT] sock=2516 hEvent=000009A4 events=0x21
2026-10-03 04:14:48.585 [OP] 4031 inv=FFE8 len=23 #4 085175dc02a32b1f805b694a9661faa39a35c2205fbb0b
2026-10-03 04:14:58.320 [EVENT] sock=2516 hEvent=000009A4 events=0x0
2026-10-03 04:14:58.321 [EVENT] sock=2516 hEvent=000009A4 events=0x21
2026-10-03 04:15:00.876 [EVENT] sock=2656 hEvent=00000A0C events=0x0
2026-10-03 04:15:00.876 [EVENT] sock=2656 hEvent=00000A0C events=0x21
2026-10-03 04:15:08.417 [EVENT] sock=2516 hEvent=000009A4 events=0x0
2026-10-03 04:15:08.418 [EVENT] sock=2516 hEvent=000009A4 events=0x21
2026-10-03 04:15:18.467 [EVENT] sock=2516 hEvent=000009A4 events=0x0
2026-10-03 04:15:18.471 [EVENT] sock=2516 hEvent=000009A4 events=0x21
2026-10-03 04:15:28.534 [EVENT] sock=2516 hEvent=000009A4 events=0x0
2026-10-03 04:15:28.540 [EVENT] sock=2516 hEvent=000009A4 events=0x21
2026-10-03 04:15:30.879 [EVENT] sock=2656 hEvent=00000A0C events=0x0
2026-10-03 04:15:30.879 [EVENT] sock=2656 hEvent=00000A0C events=0x21
2026-10-03 04:15:38.617 [EVENT] sock=2516 hEvent=000009A4 events=0x0
2026-10-03 04:15:38.623 [EVENT] sock=2516 hEvent=000009A4 events=0x21
2026-10-03 04:15:48.686 [EVENT] sock=2516 hEvent=000009A4 events=0x0
2026-10-03 04:15:48.690 [EVENT] sock=2516 hEvent=000009A4 events=0x21
2026-10-03 04:15:58.739 [EVENT] sock=2516 hEvent=000009A4 events=0x0
2026-10-03 04:15:58.739 [EVENT] sock=2516 hEvent=000009A4 events=0x21
2026-10-03 04:16:00.882 [EVENT] sock=2656 hEvent=00000A0C events=0x0
2026-10-03 04:16:00.882 [EVENT] sock=2656 hEvent=00000A0C events=0x21
2026-10-03 04:16:08.845 [EVENT] sock=2516 hEvent=000009A4 events=0x0
2026-10-03 04:16:08.845 [EVENT] sock=2516 hEvent=000009A4 events=0x21
2026-10-03 04:16:18.909 [EVENT] sock=2516 hEvent=000009A4 events=0x0
2026-10-03 04:16:18.910 [EVENT] sock=2516 hEvent=000009A4 events=0x21
2026-10-03 04:16:28.972 [EVENT] sock=2516 hEvent=000009A4 events=0x0
2026-10-03 04:16:28.972 [EVENT] sock=2516 hEvent=000009A4 events=0x21
2026-10-03 04:16:30.885 [EVENT] sock=2656 hEvent=00000A0C events=0x0
2026-10-03 04:16:30.885 [EVENT] sock=2656 hEvent=00000A0C events=0x21
2026-10-03 04:16:39.040 [EVENT] sock=2516 hEvent=000009A4 events=0x0
2026-10-03 04:16:39.044 [EVENT] sock=2516 hEvent=000009A4 events=0x21
2026-10-03 04:16:49.110 [EVENT] sock=2516 hEvent=000009A4 events=0x0
2026-10-03 04:16:49.111 [EVENT] sock=2516 hEvent=000009A4 events=0x21
2026-10-03 04:16:59.160 [EVENT] sock=2516 hEvent=000009A4 events=0x0
2026-10-03 04:16:59.160 [EVENT] sock=2516 hEvent=000009A4 events=0x21
2026-10-03 04:17:00.888 [EVENT] sock=2656 hEvent=00000A0C events=0x0
2026-10-03 04:17:00.889 [EVENT] sock=2656 hEvent=00000A0C events=0x21
2026-10-03 04:17:09.395 [EVENT] sock=2516 hEvent=000009A4 events=0x0
2026-10-03 04:17:09.396 [EVENT] sock=2516 hEvent=000009A4 events=0x21
2026-10-03 04:17:19.449 [EVENT] sock=2516 hEvent=000009A4 events=0x0
2026-10-03 04:17:19.449 [EVENT] sock=2516 hEvent=000009A4 events=0x21
2026-10-03 04:17:29.510 [EVENT] sock=2516 hEvent=000009A4 events=0x0
2026-10-03 04:17:29.511 [EVENT] sock=2516 hEvent=000009A4 events=0x21
2026-10-03 04:17:30.891 [EVENT] sock=2656 hEvent=00000A0C events=0x0
2026-10-03 04:17:30.893 [EVENT] sock=2656 hEvent=00000A0C events=0x21
2026-10-03 04:17:39.594 [EVENT] sock=2516 hEvent=000009A4 events=0x0
2026-10-03 04:17:39.594 [EVENT] sock=2516 hEvent=000009A4 events=0x21
2026-10-03 04:17:49.648 [EVENT] sock=2516 hEvent=000009A4 events=0x0
2026-10-03 04:17:49.649 [EVENT] sock=2516 hEvent=000009A4 events=0x21
2026-10-03 04:17:59.696 [EVENT] sock=2516 hEvent=000009A4 events=0x0
2026-10-03 04:17:59.700 [EVENT] sock=2516 hEvent=000009A4 events=0x21
2026-10-03 04:18:00.895 [EVENT] sock=2656 hEvent=00000A0C events=0x0
2026-10-03 04:18:00.897 [EVENT] sock=2656 hEvent=00000A0C events=0x21
2026-10-03 04:18:09.795 [EVENT] sock=2516 hEvent=000009A4 events=0x0
2026-10-03 04:18:09.799 [EVENT] sock=2516 hEvent=000009A4 events=0x21
2026-10-03 04:18:19.846 [EVENT] sock=2516 hEvent=000009A4 events=0x0
2026-10-03 04:18:19.851 [EVENT] sock=2516 hEvent=000009A4 events=0x21
2026-10-03 04:18:29.912 [EVENT] sock=2516 hEvent=000009A4 events=0x0
2026-10-03 04:18:29.913 [EVENT] sock=2516 hEvent=000009A4 events=0x21
2026-10-03 04:18:30.899 [EVENT] sock=2656 hEvent=00000A0C events=0x0
2026-10-03 04:18:30.899 [EVENT] sock=2656 hEvent=00000A0C events=0x21
2026-10-03 04:18:39.997 [EVENT] sock=2516 hEvent=000009A4 events=0x0
2026-10-03 04:18:39.998 [EVENT] sock=2516 hEvent=000009A4 events=0x21
2026-10-03 04:18:50.046 [EVENT] sock=2516 hEvent=000009A4 events=0x0
2026-10-03 04:18:50.047 [EVENT] sock=2516 hEvent=000009A4 events=0x21
2026-10-03 04:19:00.098 [EVENT] sock=2516 hEvent=000009A4 events=0x0
2026-10-03 04:19:00.103 [EVENT] sock=2516 hEvent=000009A4 events=0x21
2026-10-03 04:19:00.903 [EVENT] sock=2656 hEvent=00000A0C events=0x0
2026-10-03 04:19:00.903 [EVENT] sock=2656 hEvent=00000A0C events=0x21
2026-10-03 04:19:10.264 [EVENT] sock=2516 hEvent=000009A4 events=0x0
2026-10-03 04:19:10.266 [EVENT] sock=2516 hEvent=000009A4 events=0x21
2026-10-03 04:19:20.315 [EVENT] sock=2516 hEvent=000009A4 events=0x0
2026-10-03 04:19:20.315 [EVENT] sock=2516 hEvent=000009A4 events=0x21
2026-10-03 04:19:30.368 [EVENT] sock=2516 hEvent=000009A4 events=0x0
2026-10-03 04:19:30.370 [EVENT] sock=2516 hEvent=000009A4 events=0x21
2026-10-03 04:19:30.906 [EVENT] sock=2656 hEvent=00000A0C events=0x0
2026-10-03 04:19:30.906 [EVENT] sock=2656 hEvent=00000A0C events=0x21
2026-10-03 04:19:40.466 [EVENT] sock=2516 hEvent=000009A4 events=0x0
2026-10-03 04:19:40.466 [EVENT] sock=2516 hEvent=000009A4 events=0x21
2026-10-03 04:19:50.515 [EVENT] sock=2516 hEvent=000009A4 events=0x0
2026-10-03 04:19:50.516 [EVENT] sock=2516 hEvent=000009A4 events=0x21
2026-10-03 04:20:00.572 [EVENT] sock=2516 hEvent=000009A4 events=0x0
2026-10-03 04:20:00.573 [EVENT] sock=2516 hEvent=000009A4 events=0x21
2026-10-03 04:20:00.908 [EVENT] sock=2656 hEvent=00000A0C events=0x0
2026-10-03 04:20:00.908 [EVENT] sock=2656 hEvent=00000A0C events=0x21
2026-10-03 04:20:10.673 [EVENT] sock=2516 hEvent=000009A4 events=0x0
2026-10-03 04:20:10.674 [EVENT] sock=2516 hEvent=000009A4 events=0x21
2026-10-03 04:20:20.724 [EVENT] sock=2516 hEvent=000009A4 events=0x0
2026-10-03 04:20:20.727 [EVENT] sock=2516 hEvent=000009A4 events=0x21
2026-10-03 04:20:30.787 [EVENT] sock=2516 hEvent=000009A4 events=0x0
2026-10-03 04:20:30.788 [EVENT] sock=2516 hEvent=000009A4 events=0x21
2026-10-03 04:20:30.911 [EVENT] sock=2656 hEvent=00000A0C events=0x0
2026-10-03 04:20:30.911 [EVENT] sock=2656 hEvent=00000A0C events=0x21
2026-10-03 04:20:40.871 [EVENT] sock=2516 hEvent=000009A4 events=0x0
2026-10-03 04:20:40.872 [EVENT] sock=2516 hEvent=000009A4 events=0x21
2026-10-03 04:20:50.921 [EVENT] sock=2516 hEvent=000009A4 events=0x0
2026-10-03 04:20:50.926 [EVENT] sock=2516 hEvent=000009A4 events=0x21
2026-10-03 04:21:00.913 [EVENT] sock=2656 hEvent=00000A0C events=0x0
2026-10-03 04:21:00.916 [EVENT] sock=2656 hEvent=00000A0C events=0x21
2026-10-03 04:21:00.972 [EVENT] sock=2516 hEvent=000009A4 events=0x0
2026-10-03 04:21:00.976 [EVENT] sock=2516 hEvent=000009A4 events=0x21
2026-10-03 04:21:11.090 [EVENT] sock=2516 hEvent=000009A4 events=0x0
2026-10-03 04:21:11.090 [EVENT] sock=2516 hEvent=000009A4 events=0x21
2026-10-03 04:21:21.140 [EVENT] sock=2516 hEvent=000009A4 events=0x0
2026-10-03 04:21:21.142 [EVENT] sock=2516 hEvent=000009A4 events=0x21
2026-10-03 04:21:30.918 [EVENT] sock=2656 hEvent=00000A0C events=0x0
2026-10-03 04:21:30.918 [EVENT] sock=2656 hEvent=00000A0C events=0x21
2026-10-03 04:21:31.191 [EVENT] sock=2516 hEvent=000009A4 events=0x0
2026-10-03 04:21:31.191 [EVENT] sock=2516 hEvent=000009A4 events=0x21
2026-10-03 04:21:41.342 [EVENT] sock=2516 hEvent=000009A4 events=0x0
2026-10-03 04:21:41.347 [EVENT] sock=2516 hEvent=000009A4 events=0x21
2026-10-03 04:21:51.409 [EVENT] sock=2516 hEvent=000009A4 events=0x0
2026-10-03 04:21:51.410 [EVENT] sock=2516 hEvent=000009A4 events=0x21
2026-10-03 04:22:00.920 [EVENT] sock=2656 hEvent=00000A0C events=0x0
2026-10-03 04:22:00.920 [EVENT] sock=2656 hEvent=00000A0C events=0x21
2026-10-03 04:22:01.460 [EVENT] sock=2516 hEvent=000009A4 events=0x0
2026-10-03 04:22:01.460 [EVENT] sock=2516 hEvent=000009A4 events=0x21
2026-10-03 04:22:11.599 [EVENT] sock=2516 hEvent=000009A4 events=0x0
2026-10-03 04:22:11.600 [EVENT] sock=2516 hEvent=000009A4 events=0x21
2026-10-03 04:22:21.666 [EVENT] sock=2516 hEvent=000009A4 events=0x0
2026-10-03 04:22:21.666 [EVENT] sock=2516 hEvent=000009A4 events=0x21
2026-10-03 04:22:30.922 [EVENT] sock=2656 hEvent=00000A0C events=0x0
2026-10-03 04:22:30.922 [EVENT] sock=2656 hEvent=00000A0C events=0x21
2026-10-03 04:22:31.732 [EVENT] sock=2516 hEvent=000009A4 events=0x0
2026-10-03 04:22:31.733 [EVENT] sock=2516 hEvent=000009A4 events=0x21
2026-10-03 04:22:41.865 [EVENT] sock=2516 hEvent=000009A4 events=0x0
2026-10-03 04:22:41.867 [EVENT] sock=2516 hEvent=000009A4 events=0x21
2026-10-03 04:22:51.917 [EVENT] sock=2516 hEvent=000009A4 events=0x0
2026-10-03 04:22:51.918 [EVENT] sock=2516 hEvent=000009A4 events=0x21
2026-10-03 04:23:00.925 [EVENT] sock=2656 hEvent=00000A0C events=0x0
2026-10-03 04:23:00.925 [EVENT] sock=2656 hEvent=00000A0C events=0x21
2026-10-03 04:23:01.982 [EVENT] sock=2516 hEvent=000009A4 events=0x0
2026-10-03 04:23:01.983 [EVENT] sock=2516 hEvent=000009A4 events=0x21
2026-10-03 04:23:12.067 [EVENT] sock=2516 hEvent=000009A4 events=0x0
2026-10-03 04:23:12.068 [EVENT] sock=2516 hEvent=000009A4 events=0x21
2026-10-03 04:23:22.115 [EVENT] sock=2516 hEvent=000009A4 events=0x0
2026-10-03 04:23:22.117 [EVENT] sock=2516 hEvent=000009A4 events=0x21
2026-10-03 04:23:30.927 [EVENT] sock=2656 hEvent=00000A0C events=0x0
2026-10-03 04:23:30.928 [EVENT] sock=2656 hEvent=00000A0C events=0x21
2026-10-03 04:23:32.165 [EVENT] sock=2516 hEvent=000009A4 events=0x0
2026-10-03 04:23:32.165 [EVENT] sock=2516 hEvent=000009A4 events=0x21
2026-10-03 04:23:42.266 [EVENT] sock=2516 hEvent=000009A4 events=0x0
2026-10-03 04:23:42.266 [EVENT] sock=2516 hEvent=000009A4 events=0x21
2026-10-03 04:23:52.315 [EVENT] sock=2516 hEvent=000009A4 events=0x0
2026-10-03 04:23:52.324 [EVENT] sock=2516 hEvent=000009A4 events=0x21
2026-10-03 04:24:00.930 [EVENT] sock=2656 hEvent=00000A0C events=0x0
2026-10-03 04:24:00.930 [EVENT] sock=2656 hEvent=00000A0C events=0x21
2026-10-03 04:24:02.366 [EVENT] sock=2516 hEvent=000009A4 events=0x0
2026-10-03 04:24:02.369 [EVENT] sock=2516 hEvent=000009A4 events=0x21
2026-10-03 04:24:12.517 [EVENT] sock=2516 hEvent=000009A4 events=0x0
2026-10-03 04:24:12.517 [EVENT] sock=2516 hEvent=000009A4 events=0x21
2026-10-03 04:24:22.567 [EVENT] sock=2516 hEvent=000009A4 events=0x0
2026-10-03 04:24:22.568 [EVENT] sock=2516 hEvent=000009A4 events=0x21
2026-10-03 04:24:30.935 [EVENT] sock=2656 hEvent=00000A0C events=0x0
2026-10-03 04:24:30.939 [EVENT] sock=2656 hEvent=00000A0C events=0x21
2026-10-03 04:24:32.617 [EVENT] sock=2516 hEvent=000009A4 events=0x0
2026-10-03 04:24:32.622 [EVENT] sock=2516 hEvent=000009A4 events=0x21
2026-10-03 04:24:42.836 [EVENT] sock=2516 hEvent=000009A4 events=0x0
2026-10-03 04:24:42.841 [EVENT] sock=2516 hEvent=000009A4 events=0x21
2026-10-03 04:24:52.903 [EVENT] sock=2516 hEvent=000009A4 events=0x0
2026-10-03 04:24:52.905 [EVENT] sock=2516 hEvent=000009A4 events=0x21
2026-10-03 04:25:00.942 [EVENT] sock=2656 hEvent=00000A0C events=0x0
2026-10-03 04:25:00.942 [EVENT] sock=2656 hEvent=00000A0C events=0x21
2026-10-03 04:25:02.951 [EVENT] sock=2516 hEvent=000009A4 events=0x0
2026-10-03 04:25:02.954 [EVENT] sock=2516 hEvent=000009A4 events=0x21
2026-10-03 04:25:13.039 [EVENT] sock=2516 hEvent=000009A4 events=0x0
2026-10-03 04:25:13.039 [EVENT] sock=2516 hEvent=000009A4 events=0x21
2026-10-03 04:25:23.089 [EVENT] sock=2516 hEvent=000009A4 events=0x0
2026-10-03 04:25:23.091 [EVENT] sock=2516 hEvent=000009A4 events=0x21
2026-10-03 04:25:30.947 [EVENT] sock=2656 hEvent=00000A0C events=0x0
2026-10-03 04:25:30.947 [EVENT] sock=2656 hEvent=00000A0C events=0x21
2026-10-03 04:25:33.140 [EVENT] sock=2516 hEvent=000009A4 events=0x0
2026-10-03 04:25:33.140 [EVENT] sock=2516 hEvent=000009A4 events=0x21
2026-10-03 04:25:43.240 [EVENT] sock=2516 hEvent=000009A4 events=0x0
2026-10-03 04:25:43.240 [EVENT] sock=2516 hEvent=000009A4 events=0x21
2026-10-03 04:25:53.290 [EVENT] sock=2516 hEvent=000009A4 events=0x0
2026-10-03 04:25:53.290 [EVENT] sock=2516 hEvent=000009A4 events=0x21
2026-10-03 04:26:00.949 [EVENT] sock=2656 hEvent=00000A0C events=0x0
2026-10-03 04:26:00.950 [EVENT] sock=2656 hEvent=00000A0C events=0x21
2026-10-03 04:26:03.343 [EVENT] sock=2516 hEvent=000009A4 events=0x0
2026-10-03 04:26:03.344 [EVENT] sock=2516 hEvent=000009A4 events=0x21
2026-10-03 04:26:13.449 [EVENT] sock=2516 hEvent=000009A4 events=0x0
2026-10-03 04:26:13.449 [EVENT] sock=2516 hEvent=000009A4 events=0x21
2026-10-03 04:26:23.513 [EVENT] sock=2516 hEvent=000009A4 events=0x0
2026-10-03 04:26:23.513 [EVENT] sock=2516 hEvent=000009A4 events=0x21
2026-10-03 04:26:30.952 [EVENT] sock=2656 hEvent=00000A0C events=0x0
2026-10-03 04:26:30.952 [EVENT] sock=2656 hEvent=00000A0C events=0x21
2026-10-03 04:26:33.577 [EVENT] sock=2516 hEvent=000009A4 events=0x0
2026-10-03 04:26:33.580 [EVENT] sock=2516 hEvent=000009A4 events=0x21
2026-10-03 04:26:43.651 [EVENT] sock=2516 hEvent=000009A4 events=0x0
2026-10-03 04:26:43.651 [EVENT] sock=2516 hEvent=000009A4 events=0x21
2026-10-03 04:26:53.710 [EVENT] sock=2516 hEvent=000009A4 events=0x0
2026-10-03 04:26:53.711 [EVENT] sock=2516 hEvent=000009A4 events=0x21
2026-10-03 04:27:00.953 [EVENT] sock=2656 hEvent=00000A0C events=0x0
2026-10-03 04:27:00.953 [EVENT] sock=2656 hEvent=00000A0C events=0x21
2026-10-03 04:27:03.782 [EVENT] sock=2516 hEvent=000009A4 events=0x0
2026-10-03 04:27:03.783 [EVENT] sock=2516 hEvent=000009A4 events=0x21
2026-10-03 04:27:14.015 [EVENT] sock=2516 hEvent=000009A4 events=0x0
2026-10-03 04:27:14.015 [EVENT] sock=2516 hEvent=000009A4 events=0x21
2026-10-03 04:27:24.066 [EVENT] sock=2516 hEvent=000009A4 events=0x0
2026-10-03 04:27:24.066 [EVENT] sock=2516 hEvent=000009A4 events=0x21
2026-10-03 04:27:30.955 [EVENT] sock=2656 hEvent=00000A0C events=0x0
2026-10-03 04:27:30.955 [EVENT] sock=2656 hEvent=00000A0C events=0x21
2026-10-03 04:27:34.133 [EVENT] sock=2516 hEvent=000009A4 events=0x0
2026-10-03 04:27:34.133 [EVENT] sock=2516 hEvent=000009A4 events=0x21
2026-10-03 04:27:44.218 [EVENT] sock=2516 hEvent=000009A4 events=0x0
2026-10-03 04:27:44.218 [EVENT] sock=2516 hEvent=000009A4 events=0x21
2026-10-03 04:27:54.282 [EVENT] sock=2516 hEvent=000009A4 events=0x0
2026-10-03 04:27:54.283 [EVENT] sock=2516 hEvent=000009A4 events=0x21
2026-10-03 04:28:00.957 [EVENT] sock=2656 hEvent=00000A0C events=0x0
2026-10-03 04:28:00.957 [EVENT] sock=2656 hEvent=00000A0C events=0x21
2026-10-03 04:28:04.334 [EVENT] sock=2516 hEvent=000009A4 events=0x0
2026-10-03 04:28:04.335 [EVENT] sock=2516 hEvent=000009A4 events=0x21
2026-10-03 04:28:14.520 [EVENT] sock=2516 hEvent=000009A4 events=0x0
2026-10-03 04:28:14.520 [EVENT] sock=2516 hEvent=000009A4 events=0x21
2026-10-03 04:28:24.564 [EVENT] sock=2516 hEvent=000009A4 events=0x0
2026-10-03 04:28:24.566 [EVENT] sock=2516 hEvent=000009A4 events=0x21
2026-10-03 04:28:30.960 [EVENT] sock=2656 hEvent=00000A0C events=0x0
2026-10-03 04:28:30.960 [EVENT] sock=2656 hEvent=00000A0C events=0x21
2026-10-03 04:28:34.615 [EVENT] sock=2516 hEvent=000009A4 events=0x0
2026-10-03 04:28:34.615 [EVENT] sock=2516 hEvent=000009A4 events=0x21
2026-10-03 04:28:44.769 [EVENT] sock=2516 hEvent=000009A4 events=0x0
2026-10-03 04:28:44.770 [EVENT] sock=2516 hEvent=000009A4 events=0x21
2026-10-03 04:28:54.819 [EVENT] sock=2516 hEvent=000009A4 events=0x0
2026-10-03 04:28:54.819 [EVENT] sock=2516 hEvent=000009A4 events=0x21
2026-10-03 04:29:00.962 [EVENT] sock=2656 hEvent=00000A0C events=0x0
2026-10-03 04:29:00.964 [EVENT] sock=2656 hEvent=00000A0C events=0x21
2026-10-03 04:29:04.887 [EVENT] sock=2516 hEvent=000009A4 events=0x0
2026-10-03 04:29:04.887 [EVENT] sock=2516 hEvent=000009A4 events=0x21
2026-10-03 04:29:15.035 [EVENT] sock=2516 hEvent=000009A4 events=0x0
2026-10-03 04:29:15.036 [EVENT] sock=2516 hEvent=000009A4 events=0x21
2026-10-03 04:29:25.089 [EVENT] sock=2516 hEvent=000009A4 events=0x0
2026-10-03 04:29:25.089 [EVENT] sock=2516 hEvent=000009A4 events=0x21
2026-10-03 04:29:30.967 [EVENT] sock=2656 hEvent=00000A0C events=0x0
2026-10-03 04:29:30.968 [EVENT] sock=2656 hEvent=00000A0C events=0x21
2026-10-03 04:29:35.149 [EVENT] sock=2516 hEvent=000009A4 events=0x0
2026-10-03 04:29:35.154 [EVENT] sock=2516 hEvent=000009A4 events=0x21
2026-10-03 04:29:45.287 [EVENT] sock=2516 hEvent=000009A4 events=0x0
2026-10-03 04:29:45.287 [EVENT] sock=2516 hEvent=000009A4 events=0x21
2026-10-03 04:29:55.336 [EVENT] sock=2516 hEvent=000009A4 events=0x0
2026-10-03 04:29:55.336 [EVENT] sock=2516 hEvent=000009A4 events=0x21
2026-10-03 04:30:00.970 [EVENT] sock=2656 hEvent=00000A0C events=0x0
2026-10-03 04:30:00.970 [EVENT] sock=2656 hEvent=00000A0C events=0x21
2026-10-03 04:30:05.389 [EVENT] sock=2516 hEvent=000009A4 events=0x0
2026-10-03 04:30:05.390 [EVENT] sock=2516 hEvent=000009A4 events=0x21
2026-10-03 04:30:15.489 [EVENT] sock=2516 hEvent=000009A4 events=0x0
2026-10-03 04:30:15.490 [EVENT] sock=2516 hEvent=000009A4 events=0x21
2026-10-03 04:30:25.539 [EVENT] sock=2516 hEvent=000009A4 events=0x0
2026-10-03 04:30:25.539 [EVENT] sock=2516 hEvent=000009A4 events=0x21
2026-10-03 04:30:30.973 [EVENT] sock=2656 hEvent=00000A0C events=0x0
2026-10-03 04:30:30.973 [EVENT] sock=2656 hEvent=00000A0C events=0x21
2026-10-03 04:30:35.589 [EVENT] sock=2516 hEvent=000009A4 events=0x0
2026-10-03 04:30:35.590 [EVENT] sock=2516 hEvent=000009A4 events=0x21
2026-10-03 04:30:45.753 [EVENT] sock=2516 hEvent=000009A4 events=0x0
2026-10-03 04:30:45.755 [EVENT] sock=2516 hEvent=000009A4 events=0x21
2026-10-03 04:30:55.805 [EVENT] sock=2516 hEvent=000009A4 events=0x0
2026-10-03 04:30:55.805 [EVENT] sock=2516 hEvent=000009A4 events=0x21
2026-10-03 04:31:00.975 [EVENT] sock=2656 hEvent=00000A0C events=0x0
2026-10-03 04:31:00.980 [EVENT] sock=2656 hEvent=00000A0C events=0x21
2026-10-03 04:31:05.854 [EVENT] sock=2516 hEvent=000009A4 events=0x0
2026-10-03 04:31:05.858 [EVENT] sock=2516 hEvent=000009A4 events=0x21
2026-10-03 04:31:16.053 [EVENT] sock=2516 hEvent=000009A4 events=0x0
2026-10-03 04:31:16.054 [EVENT] sock=2516 hEvent=000009A4 events=0x21
2026-10-03 04:31:26.104 [EVENT] sock=2516 hEvent=000009A4 events=0x0
2026-10-03 04:31:26.111 [EVENT] sock=2516 hEvent=000009A4 events=0x21
2026-10-03 04:31:30.982 [EVENT] sock=2656 hEvent=00000A0C events=0x0
2026-10-03 04:31:30.982 [EVENT] sock=2656 hEvent=00000A0C events=0x21
2026-10-03 04:31:36.176 [EVENT] sock=2516 hEvent=000009A4 events=0x0
2026-10-03 04:31:36.177 [EVENT] sock=2516 hEvent=000009A4 events=0x21
2026-10-03 04:31:46.275 [EVENT] sock=2516 hEvent=000009A4 events=0x0
2026-10-03 04:31:46.276 [EVENT] sock=2516 hEvent=000009A4 events=0x21
2026-10-03 04:31:56.371 [EVENT] sock=2516 hEvent=000009A4 events=0x0
2026-10-03 04:31:56.371 [EVENT] sock=2516 hEvent=000009A4 events=0x21
2026-10-03 04:32:00.984 [EVENT] sock=2656 hEvent=00000A0C events=0x0
2026-10-03 04:32:00.984 [EVENT] sock=2656 hEvent=00000A0C events=0x21
2026-10-03 04:32:06.422 [EVENT] sock=2516 hEvent=000009A4 events=0x0
2026-10-03 04:32:06.423 [EVENT] sock=2516 hEvent=000009A4 events=0x21
2026-10-03 04:32:16.472 [EVENT] sock=2516 hEvent=000009A4 events=0x0
2026-10-03 04:32:16.473 [EVENT] sock=2516 hEvent=000009A4 events=0x21
2026-10-03 04:32:26.523 [EVENT] sock=2516 hEvent=000009A4 events=0x0
2026-10-03 04:32:26.530 [EVENT] sock=2516 hEvent=000009A4 events=0x21
2026-10-03 04:32:30.986 [EVENT] sock=2656 hEvent=00000A0C events=0x0
2026-10-03 04:32:30.986 [EVENT] sock=2656 hEvent=00000A0C events=0x21
2026-10-03 04:32:36.589 [EVENT] sock=2516 hEvent=000009A4 events=0x0
2026-10-03 04:32:36.590 [EVENT] sock=2516 hEvent=000009A4 events=0x21
2026-10-03 04:32:46.725 [EVENT] sock=2516 hEvent=000009A4 events=0x0
2026-10-03 04:32:46.729 [EVENT] sock=2516 hEvent=000009A4 events=0x21
2026-10-03 04:32:56.775 [EVENT] sock=2516 hEvent=000009A4 events=0x0
2026-10-03 04:32:56.780 [EVENT] sock=2516 hEvent=000009A4 events=0x21
2026-10-03 04:33:00.988 [EVENT] sock=2656 hEvent=00000A0C events=0x0
2026-10-03 04:33:00.988 [EVENT] sock=2656 hEvent=00000A0C events=0x21
2026-10-03 04:33:06.843 [EVENT] sock=2516 hEvent=000009A4 events=0x0
2026-10-03 04:33:06.847 [EVENT] sock=2516 hEvent=000009A4 events=0x21
2026-10-03 04:33:16.974 [EVENT] sock=2516 hEvent=000009A4 events=0x0
2026-10-03 04:33:16.975 [EVENT] sock=2516 hEvent=000009A4 events=0x21
2026-10-03 04:33:27.025 [EVENT] sock=2516 hEvent=000009A4 events=0x0
2026-10-03 04:33:27.026 [EVENT] sock=2516 hEvent=000009A4 events=0x21
2026-10-03 04:33:30.990 [EVENT] sock=2656 hEvent=00000A0C events=0x0
2026-10-03 04:33:30.991 [EVENT] sock=2656 hEvent=00000A0C events=0x21
2026-10-03 04:33:37.075 [EVENT] sock=2516 hEvent=000009A4 events=0x0
2026-10-03 04:33:37.080 [EVENT] sock=2516 hEvent=000009A4 events=0x21
2026-10-03 04:33:47.175 [EVENT] sock=2516 hEvent=000009A4 events=0x0
2026-10-03 04:33:47.176 [EVENT] sock=2516 hEvent=000009A4 events=0x21
2026-10-03 04:33:57.225 [EVENT] sock=2516 hEvent=000009A4 events=0x0
2026-10-03 04:33:57.227 [EVENT] sock=2516 hEvent=000009A4 events=0x21
2026-10-03 04:34:00.994 [EVENT] sock=2656 hEvent=00000A0C events=0x0
2026-10-03 04:34:00.996 [EVENT] sock=2656 hEvent=00000A0C events=0x21
2026-10-03 04:34:07.281 [EVENT] sock=2516 hEvent=000009A4 events=0x0
2026-10-03 04:34:07.282 [EVENT] sock=2516 hEvent=000009A4 events=0x21
2026-10-03 04:34:17.486 [EVENT] sock=2516 hEvent=000009A4 events=0x0
2026-10-03 04:34:17.487 [EVENT] sock=2516 hEvent=000009A4 events=0x21
2026-10-03 04:34:27.548 [EVENT] sock=2516 hEvent=000009A4 events=0x0
2026-10-03 04:34:27.550 [EVENT] sock=2516 hEvent=000009A4 events=0x21
2026-10-03 04:34:31.002 [EVENT] sock=2656 hEvent=00000A0C events=0x0
2026-10-03 04:34:31.005 [EVENT] sock=2656 hEvent=00000A0C events=0x21
2026-10-03 04:34:37.597 [EVENT] sock=2516 hEvent=000009A4 events=0x0
2026-10-03 04:34:37.598 [EVENT] sock=2516 hEvent=000009A4 events=0x21
2026-10-03 04:34:47.731 [EVENT] sock=2516 hEvent=000009A4 events=0x0
2026-10-03 04:34:47.732 [EVENT] sock=2516 hEvent=000009A4 events=0x21
2026-10-03 04:34:57.781 [EVENT] sock=2516 hEvent=000009A4 events=0x0
2026-10-03 04:34:57.782 [EVENT] sock=2516 hEvent=000009A4 events=0x21
2026-10-03 04:35:01.008 [EVENT] sock=2656 hEvent=00000A0C events=0x0
2026-10-03 04:35:01.008 [EVENT] sock=2656 hEvent=00000A0C events=0x21
2026-10-03 04:35:07.831 [EVENT] sock=2516 hEvent=000009A4 events=0x0
2026-10-03 04:35:07.832 [EVENT] sock=2516 hEvent=000009A4 events=0x21
2026-10-03 04:35:17.982 [EVENT] sock=2516 hEvent=000009A4 events=0x0
2026-10-03 04:35:17.982 [EVENT] sock=2516 hEvent=000009A4 events=0x21
2026-10-03 04:35:28.031 [EVENT] sock=2516 hEvent=000009A4 events=0x0
2026-10-03 04:35:28.032 [EVENT] sock=2516 hEvent=000009A4 events=0x21
2026-10-03 04:35:31.011 [EVENT] sock=2656 hEvent=00000A0C events=0x0
2026-10-03 04:35:31.011 [EVENT] sock=2656 hEvent=00000A0C events=0x21
2026-10-03 04:35:38.082 [EVENT] sock=2516 hEvent=000009A4 events=0x0
2026-10-03 04:35:38.086 [EVENT] sock=2516 hEvent=000009A4 events=0x21
2026-10-03 04:35:48.238 [EVENT] sock=2516 hEvent=000009A4 events=0x0
2026-10-03 04:35:48.240 [EVENT] sock=2516 hEvent=000009A4 events=0x21
2026-10-03 04:35:58.305 [EVENT] sock=2516 hEvent=000009A4 events=0x0
2026-10-03 04:35:58.305 [EVENT] sock=2516 hEvent=000009A4 events=0x21
2026-10-03 04:36:01.012 [EVENT] sock=2656 hEvent=00000A0C events=0x0
2026-10-03 04:36:01.012 [EVENT] sock=2656 hEvent=00000A0C events=0x21
2026-10-03 04:36:08.356 [EVENT] sock=2516 hEvent=000009A4 events=0x0
2026-10-03 04:36:08.356 [EVENT] sock=2516 hEvent=000009A4 events=0x21
2026-10-03 04:36:18.438 [EVENT] sock=2516 hEvent=000009A4 events=0x0
2026-10-03 04:36:18.439 [EVENT] sock=2516 hEvent=000009A4 events=0x21
2026-10-03 04:36:28.489 [EVENT] sock=2516 hEvent=000009A4 events=0x0
2026-10-03 04:36:28.490 [EVENT] sock=2516 hEvent=000009A4 events=0x21
2026-10-03 04:36:31.014 [EVENT] sock=2656 hEvent=00000A0C events=0x0
2026-10-03 04:36:31.014 [EVENT] sock=2656 hEvent=00000A0C events=0x21
2026-10-03 04:36:38.537 [EVENT] sock=2516 hEvent=000009A4 events=0x0
2026-10-03 04:36:38.545 [EVENT] sock=2516 hEvent=000009A4 events=0x21
2026-10-03 04:36:48.637 [EVENT] sock=2516 hEvent=000009A4 events=0x0
2026-10-03 04:36:48.638 [EVENT] sock=2516 hEvent=000009A4 events=0x21
2026-10-03 04:36:58.689 [EVENT] sock=2516 hEvent=000009A4 events=0x0
2026-10-03 04:36:58.689 [EVENT] sock=2516 hEvent=000009A4 events=0x21
2026-10-03 04:37:01.016 [EVENT] sock=2656 hEvent=00000A0C events=0x0
2026-10-03 04:37:01.016 [EVENT] sock=2656 hEvent=00000A0C events=0x21
2026-10-03 04:37:08.739 [EVENT] sock=2516 hEvent=000009A4 events=0x0
2026-10-03 04:37:08.740 [EVENT] sock=2516 hEvent=000009A4 events=0x21
2026-10-03 04:37:18.840 [EVENT] sock=2516 hEvent=000009A4 events=0x0
2026-10-03 04:37:18.840 [EVENT] sock=2516 hEvent=000009A4 events=0x21
2026-10-03 04:37:28.890 [EVENT] sock=2516 hEvent=000009A4 events=0x0
2026-10-03 04:37:28.894 [EVENT] sock=2516 hEvent=000009A4 events=0x21
2026-10-03 04:37:31.018 [EVENT] sock=2656 hEvent=00000A0C events=0x0
2026-10-03 04:37:31.018 [EVENT] sock=2656 hEvent=00000A0C events=0x21
2026-10-03 04:37:38.959 [EVENT] sock=2516 hEvent=000009A4 events=0x0
2026-10-03 04:37:38.962 [EVENT] sock=2516 hEvent=000009A4 events=0x21
2026-10-03 04:37:49.106 [EVENT] sock=2516 hEvent=000009A4 events=0x0
2026-10-03 04:37:49.107 [EVENT] sock=2516 hEvent=000009A4 events=0x21
2026-10-03 04:37:59.164 [EVENT] sock=2516 hEvent=000009A4 events=0x0
2026-10-03 04:37:59.165 [EVENT] sock=2516 hEvent=000009A4 events=0x21
2026-10-03 04:38:01.019 [EVENT] sock=2656 hEvent=00000A0C events=0x0
2026-10-03 04:38:01.019 [EVENT] sock=2656 hEvent=00000A0C events=0x21
2026-10-03 04:38:09.223 [EVENT] sock=2516 hEvent=000009A4 events=0x0
2026-10-03 04:38:09.224 [EVENT] sock=2516 hEvent=000009A4 events=0x21
2026-10-03 04:38:19.307 [EVENT] sock=2516 hEvent=000009A4 events=0x0
2026-10-03 04:38:19.308 [EVENT] sock=2516 hEvent=000009A4 events=0x21
2026-10-03 04:38:29.364 [EVENT] sock=2516 hEvent=000009A4 events=0x0
2026-10-03 04:38:29.365 [EVENT] sock=2516 hEvent=000009A4 events=0x21
2026-10-03 04:38:31.020 [EVENT] sock=2656 hEvent=00000A0C events=0x0
2026-10-03 04:38:31.020 [EVENT] sock=2656 hEvent=00000A0C events=0x21
2026-10-03 04:38:39.409 [EVENT] sock=2516 hEvent=000009A4 events=0x0
2026-10-03 04:38:39.412 [EVENT] sock=2516 hEvent=000009A4 events=0x21
2026-10-03 04:38:49.612 [EVENT] sock=2516 hEvent=000009A4 events=0x0
2026-10-03 04:38:49.614 [EVENT] sock=2516 hEvent=000009A4 events=0x21
2026-10-03 04:38:59.667 [EVENT] sock=2516 hEvent=000009A4 events=0x0
2026-10-03 04:38:59.669 [EVENT] sock=2516 hEvent=000009A4 events=0x21
2026-10-03 04:39:01.022 [EVENT] sock=2656 hEvent=00000A0C events=0x0
2026-10-03 04:39:01.022 [EVENT] sock=2656 hEvent=00000A0C events=0x21
2026-10-03 04:39:09.731 [EVENT] sock=2516 hEvent=000009A4 events=0x0
2026-10-03 04:39:09.731 [EVENT] sock=2516 hEvent=000009A4 events=0x21
2026-10-03 04:39:19.813 [EVENT] sock=2516 hEvent=000009A4 events=0x0
2026-10-03 04:39:19.814 [EVENT] sock=2516 hEvent=000009A4 events=0x21
2026-10-03 04:39:29.863 [EVENT] sock=2516 hEvent=000009A4 events=0x0
2026-10-03 04:39:29.868 [EVENT] sock=2516 hEvent=000009A4 events=0x21
2026-10-03 04:39:31.023 [EVENT] sock=2656 hEvent=00000A0C events=0x0
2026-10-03 04:39:31.023 [EVENT] sock=2656 hEvent=00000A0C events=0x21
2026-10-03 04:39:39.929 [EVENT] sock=2516 hEvent=000009A4 events=0x0
2026-10-03 04:39:39.931 [EVENT] sock=2516 hEvent=000009A4 events=0x21
2026-10-03 04:39:50.015 [EVENT] sock=2516 hEvent=000009A4 events=0x0
2026-10-03 04:39:50.017 [EVENT] sock=2516 hEvent=000009A4 events=0x21
2026-10-03 04:40:00.079 [EVENT] sock=2516 hEvent=000009A4 events=0x0
2026-10-03 04:40:00.080 [EVENT] sock=2516 hEvent=000009A4 events=0x21
2026-10-03 04:40:01.025 [EVENT] sock=2656 hEvent=00000A0C events=0x0
2026-10-03 04:40:01.025 [EVENT] sock=2656 hEvent=00000A0C events=0x21
2026-10-03 04:40:10.134 [EVENT] sock=2516 hEvent=000009A4 events=0x0
2026-10-03 04:40:10.136 [EVENT] sock=2516 hEvent=000009A4 events=0x21
2026-10-03 04:40:20.216 [EVENT] sock=2516 hEvent=000009A4 events=0x0
2026-10-03 04:40:20.217 [EVENT] sock=2516 hEvent=000009A4 events=0x21
2026-10-03 04:40:30.267 [EVENT] sock=2516 hEvent=000009A4 events=0x0
2026-10-03 04:40:30.268 [EVENT] sock=2516 hEvent=000009A4 events=0x21
2026-10-03 04:40:31.027 [EVENT] sock=2656 hEvent=00000A0C events=0x0
2026-10-03 04:40:31.027 [EVENT] sock=2656 hEvent=00000A0C events=0x21
2026-10-03 04:40:40.315 [EVENT] sock=2516 hEvent=000009A4 events=0x0
2026-10-03 04:40:40.315 [EVENT] sock=2516 hEvent=000009A4 events=0x21
2026-10-03 04:40:50.415 [EVENT] sock=2516 hEvent=000009A4 events=0x0
2026-10-03 04:40:50.416 [EVENT] sock=2516 hEvent=000009A4 events=0x21
2026-10-03 04:41:00.465 [EVENT] sock=2516 hEvent=000009A4 events=0x0
2026-10-03 04:41:00.466 [EVENT] sock=2516 hEvent=000009A4 events=0x21
2026-10-03 04:41:01.028 [EVENT] sock=2656 hEvent=00000A0C events=0x0
2026-10-03 04:41:01.028 [EVENT] sock=2656 hEvent=00000A0C events=0x21
2026-10-03 04:41:10.516 [EVENT] sock=2516 hEvent=000009A4 events=0x0
2026-10-03 04:41:10.516 [EVENT] sock=2516 hEvent=000009A4 events=0x21
2026-10-03 04:41:20.630 [EVENT] sock=2516 hEvent=000009A4 events=0x0
2026-10-03 04:41:20.632 [EVENT] sock=2516 hEvent=000009A4 events=0x21
2026-10-03 04:41:30.681 [EVENT] sock=2516 hEvent=000009A4 events=0x0
2026-10-03 04:41:30.682 [EVENT] sock=2516 hEvent=000009A4 events=0x21
2026-10-03 04:41:31.029 [EVENT] sock=2656 hEvent=00000A0C events=0x0
2026-10-03 04:41:31.030 [EVENT] sock=2656 hEvent=00000A0C events=0x21
2026-10-03 04:41:40.739 [EVENT] sock=2516 hEvent=000009A4 events=0x0
2026-10-03 04:41:40.740 [EVENT] sock=2516 hEvent=000009A4 events=0x21
2026-10-03 04:41:50.885 [EVENT] sock=2516 hEvent=000009A4 events=0x0
2026-10-03 04:41:50.886 [EVENT] sock=2516 hEvent=000009A4 events=0x21
2026-10-03 04:42:00.942 [EVENT] sock=2516 hEvent=000009A4 events=0x0
2026-10-03 04:42:00.943 [EVENT] sock=2516 hEvent=000009A4 events=0x21
2026-10-03 04:42:01.031 [EVENT] sock=2656 hEvent=00000A0C events=0x0
2026-10-03 04:42:01.031 [EVENT] sock=2656 hEvent=00000A0C events=0x21
2026-10-03 04:42:11.004 [EVENT] sock=2516 hEvent=000009A4 events=0x0
2026-10-03 04:42:11.004 [EVENT] sock=2516 hEvent=000009A4 events=0x21
2026-10-03 04:42:21.137 [EVENT] sock=2516 hEvent=000009A4 events=0x0
2026-10-03 04:42:21.139 [EVENT] sock=2516 hEvent=000009A4 events=0x21
2026-10-03 04:42:31.032 [EVENT] sock=2656 hEvent=00000A0C events=0x0
2026-10-03 04:42:31.034 [EVENT] sock=2656 hEvent=00000A0C events=0x21
2026-10-03 04:42:31.208 [EVENT] sock=2516 hEvent=000009A4 events=0x0
2026-10-03 04:42:31.208 [EVENT] sock=2516 hEvent=000009A4 events=0x21
2026-10-03 04:42:41.259 [EVENT] sock=2516 hEvent=000009A4 events=0x0
2026-10-03 04:42:41.259 [EVENT] sock=2516 hEvent=000009A4 events=0x21
2026-10-03 04:42:51.342 [EVENT] sock=2516 hEvent=000009A4 events=0x0
2026-10-03 04:42:51.342 [EVENT] sock=2516 hEvent=000009A4 events=0x21
2026-10-03 04:43:01.035 [EVENT] sock=2656 hEvent=00000A0C events=0x0
2026-10-03 04:43:01.036 [EVENT] sock=2656 hEvent=00000A0C events=0x21
2026-10-03 04:43:01.391 [EVENT] sock=2516 hEvent=000009A4 events=0x0
2026-10-03 04:43:01.392 [EVENT] sock=2516 hEvent=000009A4 events=0x21
2026-10-03 04:43:11.442 [EVENT] sock=2516 hEvent=000009A4 events=0x0
2026-10-03 04:43:11.442 [EVENT] sock=2516 hEvent=000009A4 events=0x21
2026-10-03 04:43:21.540 [EVENT] sock=2516 hEvent=000009A4 events=0x0
2026-10-03 04:43:21.541 [EVENT] sock=2516 hEvent=000009A4 events=0x21
2026-10-03 04:43:31.038 [EVENT] sock=2656 hEvent=00000A0C events=0x0
2026-10-03 04:43:31.038 [EVENT] sock=2656 hEvent=00000A0C events=0x21
2026-10-03 04:43:31.591 [EVENT] sock=2516 hEvent=000009A4 events=0x0
2026-10-03 04:43:31.591 [EVENT] sock=2516 hEvent=000009A4 events=0x21
2026-10-03 04:43:41.641 [EVENT] sock=2516 hEvent=000009A4 events=0x0
2026-10-03 04:43:41.644 [EVENT] sock=2516 hEvent=000009A4 events=0x21
2026-10-03 04:43:51.792 [EVENT] sock=2516 hEvent=000009A4 events=0x0
2026-10-03 04:43:51.795 [EVENT] sock=2516 hEvent=000009A4 events=0x21
2026-10-03 04:44:01.039 [EVENT] sock=2656 hEvent=00000A0C events=0x0
2026-10-03 04:44:01.040 [EVENT] sock=2656 hEvent=00000A0C events=0x21
2026-10-03 04:44:01.841 [EVENT] sock=2516 hEvent=000009A4 events=0x0
2026-10-03 04:44:01.842 [EVENT] sock=2516 hEvent=000009A4 events=0x21
2026-10-03 04:44:11.900 [EVENT] sock=2516 hEvent=000009A4 events=0x0
2026-10-03 04:44:11.901 [EVENT] sock=2516 hEvent=000009A4 events=0x21
2026-10-03 04:44:21.995 [EVENT] sock=2516 hEvent=000009A4 events=0x0
2026-10-03 04:44:21.996 [EVENT] sock=2516 hEvent=000009A4 events=0x21
2026-10-03 04:44:31.042 [EVENT] sock=2656 hEvent=00000A0C events=0x0
2026-10-03 04:44:31.043 [EVENT] sock=2656 hEvent=00000A0C events=0x21
2026-10-03 04:44:32.046 [EVENT] sock=2516 hEvent=000009A4 events=0x0
2026-10-03 04:44:32.046 [EVENT] sock=2516 hEvent=000009A4 events=0x21
2026-10-03 04:44:42.105 [EVENT] sock=2516 hEvent=000009A4 events=0x0
2026-10-03 04:44:42.105 [EVENT] sock=2516 hEvent=000009A4 events=0x21
2026-10-03 04:44:52.252 [EVENT] sock=2516 hEvent=000009A4 events=0x0
2026-10-03 04:44:52.256 [EVENT] sock=2516 hEvent=000009A4 events=0x21
2026-10-03 04:45:01.043 [EVENT] sock=2656 hEvent=00000A0C events=0x0
2026-10-03 04:45:01.043 [EVENT] sock=2656 hEvent=00000A0C events=0x21
2026-10-03 04:45:02.300 [EVENT] sock=2516 hEvent=000009A4 events=0x0
2026-10-03 04:45:02.300 [EVENT] sock=2516 hEvent=000009A4 events=0x21
2026-10-03 04:45:12.350 [EVENT] sock=2516 hEvent=000009A4 events=0x0
2026-10-03 04:45:12.350 [EVENT] sock=2516 hEvent=000009A4 events=0x21
2026-10-03 04:45:22.451 [EVENT] sock=2516 hEvent=000009A4 events=0x0
2026-10-03 04:45:22.452 [EVENT] sock=2516 hEvent=000009A4 events=0x21
2026-10-03 04:45:31.045 [EVENT] sock=2656 hEvent=00000A0C events=0x0
2026-10-03 04:45:31.045 [EVENT] sock=2656 hEvent=00000A0C events=0x21
2026-10-03 04:45:32.500 [EVENT] sock=2516 hEvent=000009A4 events=0x0
2026-10-03 04:45:32.501 [EVENT] sock=2516 hEvent=000009A4 events=0x21
2026-10-03 04:45:42.557 [EVENT] sock=2516 hEvent=000009A4 events=0x0
2026-10-03 04:45:42.558 [EVENT] sock=2516 hEvent=000009A4 events=0x21
2026-10-03 04:45:52.654 [EVENT] sock=2516 hEvent=000009A4 events=0x0
2026-10-03 04:45:52.658 [EVENT] sock=2516 hEvent=000009A4 events=0x21
2026-10-03 04:46:01.047 [EVENT] sock=2656 hEvent=00000A0C events=0x0
2026-10-03 04:46:01.047 [EVENT] sock=2656 hEvent=00000A0C events=0x21
2026-10-03 04:46:02.707 [EVENT] sock=2516 hEvent=000009A4 events=0x0
2026-10-03 04:46:02.708 [EVENT] sock=2516 hEvent=000009A4 events=0x21
2026-10-03 04:46:12.776 [EVENT] sock=2516 hEvent=000009A4 events=0x0
2026-10-03 04:46:12.777 [EVENT] sock=2516 hEvent=000009A4 events=0x21
2026-10-03 04:46:22.925 [EVENT] sock=2516 hEvent=000009A4 events=0x0
2026-10-03 04:46:22.925 [EVENT] sock=2516 hEvent=000009A4 events=0x21
2026-10-03 04:46:31.050 [EVENT] sock=2656 hEvent=00000A0C events=0x0
2026-10-03 04:46:31.051 [EVENT] sock=2656 hEvent=00000A0C events=0x21
2026-10-03 04:46:32.977 [EVENT] sock=2516 hEvent=000009A4 events=0x0
2026-10-03 04:46:32.978 [EVENT] sock=2516 hEvent=000009A4 events=0x21
2026-10-03 04:46:43.041 [EVENT] sock=2516 hEvent=000009A4 events=0x0
2026-10-03 04:46:43.042 [EVENT] sock=2516 hEvent=000009A4 events=0x21
2026-10-03 04:46:53.158 [EVENT] sock=2516 hEvent=000009A4 events=0x0
2026-10-03 04:46:53.159 [EVENT] sock=2516 hEvent=000009A4 events=0x21
2026-10-03 04:47:01.052 [EVENT] sock=2656 hEvent=00000A0C events=0x0
2026-10-03 04:47:01.053 [EVENT] sock=2656 hEvent=00000A0C events=0x21
2026-10-03 04:47:03.209 [EVENT] sock=2516 hEvent=000009A4 events=0x0
2026-10-03 04:47:03.211 [EVENT] sock=2516 hEvent=000009A4 events=0x21
2026-10-03 04:47:13.273 [EVENT] sock=2516 hEvent=000009A4 events=0x0
2026-10-03 04:47:13.275 [EVENT] sock=2516 hEvent=000009A4 events=0x21
2026-10-03 04:47:23.356 [EVENT] sock=2516 hEvent=000009A4 events=0x0
2026-10-03 04:47:23.358 [EVENT] sock=2516 hEvent=000009A4 events=0x21
2026-10-03 04:47:31.054 [EVENT] sock=2656 hEvent=00000A0C events=0x0
2026-10-03 04:47:31.054 [EVENT] sock=2656 hEvent=00000A0C events=0x21
2026-10-03 04:47:33.405 [EVENT] sock=2516 hEvent=000009A4 events=0x0
2026-10-03 04:47:33.405 [EVENT] sock=2516 hEvent=000009A4 events=0x21
2026-10-03 04:47:43.456 [EVENT] sock=2516 hEvent=000009A4 events=0x0
2026-10-03 04:47:43.460 [EVENT] sock=2516 hEvent=000009A4 events=0x21
2026-10-03 04:47:53.610 [EVENT] sock=2516 hEvent=000009A4 events=0x0
2026-10-03 04:47:53.611 [EVENT] sock=2516 hEvent=000009A4 events=0x21
2026-10-03 04:48:01.056 [EVENT] sock=2656 hEvent=00000A0C events=0x0
2026-10-03 04:48:01.057 [EVENT] sock=2656 hEvent=00000A0C events=0x21
2026-10-03 04:48:03.674 [EVENT] sock=2516 hEvent=000009A4 events=0x0
2026-10-03 04:48:03.675 [EVENT] sock=2516 hEvent=000009A4 events=0x21
2026-10-03 04:48:13.724 [EVENT] sock=2516 hEvent=000009A4 events=0x0
2026-10-03 04:48:13.725 [EVENT] sock=2516 hEvent=000009A4 events=0x21
2026-10-03 04:48:23.908 [EVENT] sock=2516 hEvent=000009A4 events=0x0
2026-10-03 04:48:23.912 [EVENT] sock=2516 hEvent=000009A4 events=0x21
2026-10-03 04:48:31.067 [EVENT] sock=2656 hEvent=00000A0C events=0x0
2026-10-03 04:48:31.067 [EVENT] sock=2656 hEvent=00000A0C events=0x21
2026-10-03 04:48:33.975 [EVENT] sock=2516 hEvent=000009A4 events=0x0
2026-10-03 04:48:33.976 [EVENT] sock=2516 hEvent=000009A4 events=0x21
2026-10-03 04:48:44.025 [EVENT] sock=2516 hEvent=000009A4 events=0x0
2026-10-03 04:48:44.026 [EVENT] sock=2516 hEvent=000009A4 events=0x21
2026-10-03 04:48:54.125 [EVENT] sock=2516 hEvent=000009A4 events=0x0
2026-10-03 04:48:54.125 [EVENT] sock=2516 hEvent=000009A4 events=0x21
2026-10-03 04:49:01.068 [EVENT] sock=2656 hEvent=00000A0C events=0x0
2026-10-03 04:49:01.068 [EVENT] sock=2656 hEvent=00000A0C events=0x21
2026-10-03 04:49:04.175 [EVENT] sock=2516 hEvent=000009A4 events=0x0
2026-10-03 04:49:04.176 [EVENT] sock=2516 hEvent=000009A4 events=0x21
2026-10-03 04:49:14.226 [EVENT] sock=2516 hEvent=000009A4 events=0x0
2026-10-03 04:49:14.231 [EVENT] sock=2516 hEvent=000009A4 events=0x21
2026-10-03 04:49:24.376 [EVENT] sock=2516 hEvent=000009A4 events=0x0
2026-10-03 04:49:24.379 [EVENT] sock=2516 hEvent=000009A4 events=0x21
2026-10-03 04:49:31.069 [EVENT] sock=2656 hEvent=00000A0C events=0x0
2026-10-03 04:49:31.069 [EVENT] sock=2656 hEvent=00000A0C events=0x21
2026-10-03 04:49:34.426 [EVENT] sock=2516 hEvent=000009A4 events=0x0
2026-10-03 04:49:34.430 [EVENT] sock=2516 hEvent=000009A4 events=0x21
2026-10-03 04:49:44.477 [EVENT] sock=2516 hEvent=000009A4 events=0x0
2026-10-03 04:49:44.482 [EVENT] sock=2516 hEvent=000009A4 events=0x21
2026-10-03 04:49:54.577 [EVENT] sock=2516 hEvent=000009A4 events=0x0
2026-10-03 04:49:54.577 [EVENT] sock=2516 hEvent=000009A4 events=0x21
2026-10-03 04:50:01.070 [EVENT] sock=2656 hEvent=00000A0C events=0x0
2026-10-03 04:50:01.070 [EVENT] sock=2656 hEvent=00000A0C events=0x21
2026-10-03 04:50:04.627 [EVENT] sock=2516 hEvent=000009A4 events=0x0
2026-10-03 04:50:04.630 [EVENT] sock=2516 hEvent=000009A4 events=0x21
2026-10-03 04:50:14.683 [EVENT] sock=2516 hEvent=000009A4 events=0x0
2026-10-03 04:50:14.683 [EVENT] sock=2516 hEvent=000009A4 events=0x21
2026-10-03 04:50:24.828 [EVENT] sock=2516 hEvent=000009A4 events=0x0
2026-10-03 04:50:24.831 [EVENT] sock=2516 hEvent=000009A4 events=0x21
2026-10-03 04:50:31.073 [EVENT] sock=2656 hEvent=00000A0C events=0x0
2026-10-03 04:50:31.073 [EVENT] sock=2656 hEvent=00000A0C events=0x21
2026-10-03 04:50:34.884 [EVENT] sock=2516 hEvent=000009A4 events=0x0
2026-10-03 04:50:34.884 [EVENT] sock=2516 hEvent=000009A4 events=0x21
2026-10-03 04:50:44.935 [EVENT] sock=2516 hEvent=000009A4 events=0x0
2026-10-03 04:50:44.935 [EVENT] sock=2516 hEvent=000009A4 events=0x21
2026-10-03 04:50:55.083 [EVENT] sock=2516 hEvent=000009A4 events=0x0
2026-10-03 04:50:55.084 [EVENT] sock=2516 hEvent=000009A4 events=0x21
2026-10-03 04:51:01.074 [EVENT] sock=2656 hEvent=00000A0C events=0x0
2026-10-03 04:51:01.074 [EVENT] sock=2656 hEvent=00000A0C events=0x21
2026-10-03 04:51:05.134 [EVENT] sock=2516 hEvent=000009A4 events=0x0
2026-10-03 04:51:05.135 [EVENT] sock=2516 hEvent=000009A4 events=0x21
2026-10-03 04:51:15.185 [EVENT] sock=2516 hEvent=000009A4 events=0x0
2026-10-03 04:51:15.187 [EVENT] sock=2516 hEvent=000009A4 events=0x21
2026-10-03 04:51:25.282 [EVENT] sock=2516 hEvent=000009A4 events=0x0
2026-10-03 04:51:25.285 [EVENT] sock=2516 hEvent=000009A4 events=0x21
2026-10-03 04:51:31.076 [EVENT] sock=2656 hEvent=00000A0C events=0x0
2026-10-03 04:51:31.077 [EVENT] sock=2656 hEvent=00000A0C events=0x21
2026-10-03 04:51:35.338 [EVENT] sock=2516 hEvent=000009A4 events=0x0
2026-10-03 04:51:35.339 [EVENT] sock=2516 hEvent=000009A4 events=0x21
2026-10-03 04:51:45.403 [EVENT] sock=2516 hEvent=000009A4 events=0x0
2026-10-03 04:51:45.403 [EVENT] sock=2516 hEvent=000009A4 events=0x21
2026-10-03 04:51:55.552 [EVENT] sock=2516 hEvent=000009A4 events=0x0
2026-10-03 04:51:55.554 [EVENT] sock=2516 hEvent=000009A4 events=0x21
2026-10-03 04:52:01.078 [EVENT] sock=2656 hEvent=00000A0C events=0x0
2026-10-03 04:52:01.078 [EVENT] sock=2656 hEvent=00000A0C events=0x21
2026-10-03 04:52:05.600 [EVENT] sock=2516 hEvent=000009A4 events=0x0
2026-10-03 04:52:05.604 [EVENT] sock=2516 hEvent=000009A4 events=0x21
2026-10-03 04:52:15.655 [EVENT] sock=2516 hEvent=000009A4 events=0x0
2026-10-03 04:52:15.656 [EVENT] sock=2516 hEvent=000009A4 events=0x21
2026-10-03 04:52:25.750 [EVENT] sock=2516 hEvent=000009A4 events=0x0
2026-10-03 04:52:25.750 [EVENT] sock=2516 hEvent=000009A4 events=0x21
2026-10-03 04:52:31.080 [EVENT] sock=2656 hEvent=00000A0C events=0x0
2026-10-03 04:52:31.080 [EVENT] sock=2656 hEvent=00000A0C events=0x21
2026-10-03 04:52:35.799 [EVENT] sock=2516 hEvent=000009A4 events=0x0
2026-10-03 04:52:35.801 [EVENT] sock=2516 hEvent=000009A4 events=0x21
2026-10-03 04:52:45.852 [EVENT] sock=2516 hEvent=000009A4 events=0x0
2026-10-03 04:52:45.856 [EVENT] sock=2516 hEvent=000009A4 events=0x21
2026-10-03 04:52:56.001 [EVENT] sock=2516 hEvent=000009A4 events=0x0
2026-10-03 04:52:56.003 [EVENT] sock=2516 hEvent=000009A4 events=0x21
2026-10-03 04:53:01.082 [EVENT] sock=2656 hEvent=00000A0C events=0x0
2026-10-03 04:53:01.083 [EVENT] sock=2656 hEvent=00000A0C events=0x21
2026-10-03 04:53:06.051 [EVENT] sock=2516 hEvent=000009A4 events=0x0
2026-10-03 04:53:06.054 [EVENT] sock=2516 hEvent=000009A4 events=0x21
2026-10-03 04:53:16.107 [EVENT] sock=2516 hEvent=000009A4 events=0x0
2026-10-03 04:53:16.107 [EVENT] sock=2516 hEvent=000009A4 events=0x21
2026-10-03 04:53:26.253 [EVENT] sock=2516 hEvent=000009A4 events=0x0
2026-10-03 04:53:26.258 [EVENT] sock=2516 hEvent=000009A4 events=0x21
2026-10-03 04:53:31.085 [EVENT] sock=2656 hEvent=00000A0C events=0x0
2026-10-03 04:53:31.086 [EVENT] sock=2656 hEvent=00000A0C events=0x21
2026-10-03 04:53:36.319 [EVENT] sock=2516 hEvent=000009A4 events=0x0
2026-10-03 04:53:36.323 [EVENT] sock=2516 hEvent=000009A4 events=0x21
2026-10-03 04:53:46.370 [EVENT] sock=2516 hEvent=000009A4 events=0x0
2026-10-03 04:53:46.375 [EVENT] sock=2516 hEvent=000009A4 events=0x21
2026-10-03 04:53:56.503 [EVENT] sock=2516 hEvent=000009A4 events=0x0
2026-10-03 04:53:56.504 [EVENT] sock=2516 hEvent=000009A4 events=0x21
2026-10-03 04:54:01.092 [EVENT] sock=2656 hEvent=00000A0C events=0x0
2026-10-03 04:54:01.094 [EVENT] sock=2656 hEvent=00000A0C events=0x21
2026-10-03 04:54:06.553 [EVENT] sock=2516 hEvent=000009A4 events=0x0
2026-10-03 04:54:06.557 [EVENT] sock=2516 hEvent=000009A4 events=0x21
2026-10-03 04:54:16.603 [EVENT] sock=2516 hEvent=000009A4 events=0x0
2026-10-03 04:54:16.606 [EVENT] sock=2516 hEvent=000009A4 events=0x21
2026-10-03 04:54:26.718 [EVENT] sock=2516 hEvent=000009A4 events=0x0
2026-10-03 04:54:26.719 [EVENT] sock=2516 hEvent=000009A4 events=0x21
2026-10-03 04:54:31.096 [EVENT] sock=2656 hEvent=00000A0C events=0x0
2026-10-03 04:54:31.096 [EVENT] sock=2656 hEvent=00000A0C events=0x21
2026-10-03 04:54:36.769 [EVENT] sock=2516 hEvent=000009A4 events=0x0
2026-10-03 04:54:36.771 [EVENT] sock=2516 hEvent=000009A4 events=0x21
2026-10-03 04:54:46.820 [EVENT] sock=2516 hEvent=000009A4 events=0x0
2026-10-03 04:54:46.823 [EVENT] sock=2516 hEvent=000009A4 events=0x21
2026-10-03 04:54:56.919 [EVENT] sock=2516 hEvent=000009A4 events=0x0
2026-10-03 04:54:56.920 [EVENT] sock=2516 hEvent=000009A4 events=0x21
2026-10-03 04:55:01.097 [EVENT] sock=2656 hEvent=00000A0C events=0x0
2026-10-03 04:55:01.097 [EVENT] sock=2656 hEvent=00000A0C events=0x21
2026-10-03 04:55:06.971 [EVENT] sock=2516 hEvent=000009A4 events=0x0
2026-10-03 04:55:06.971 [EVENT] sock=2516 hEvent=000009A4 events=0x21
2026-10-03 04:55:17.020 [EVENT] sock=2516 hEvent=000009A4 events=0x0
2026-10-03 04:55:17.021 [EVENT] sock=2516 hEvent=000009A4 events=0x21
2026-10-03 04:55:27.121 [EVENT] sock=2516 hEvent=000009A4 events=0x0
2026-10-03 04:55:27.123 [EVENT] sock=2516 hEvent=000009A4 events=0x21
2026-10-03 04:55:31.099 [EVENT] sock=2656 hEvent=00000A0C events=0x0
2026-10-03 04:55:31.099 [EVENT] sock=2656 hEvent=00000A0C events=0x21
2026-10-03 04:55:37.174 [EVENT] sock=2516 hEvent=000009A4 events=0x0
2026-10-03 04:55:37.177 [EVENT] sock=2516 hEvent=000009A4 events=0x21
2026-10-03 04:55:47.224 [EVENT] sock=2516 hEvent=000009A4 events=0x0
2026-10-03 04:55:47.227 [EVENT] sock=2516 hEvent=000009A4 events=0x21
2026-10-03 04:55:57.326 [EVENT] sock=2516 hEvent=000009A4 events=0x0
2026-10-03 04:55:57.330 [EVENT] sock=2516 hEvent=000009A4 events=0x21
2026-10-03 04:56:01.102 [EVENT] sock=2656 hEvent=00000A0C events=0x0
2026-10-03 04:56:01.102 [EVENT] sock=2656 hEvent=00000A0C events=0x21
2026-10-03 04:56:07.375 [EVENT] sock=2516 hEvent=000009A4 events=0x0
2026-10-03 04:56:07.378 [EVENT] sock=2516 hEvent=000009A4 events=0x21
2026-10-03 04:56:17.425 [EVENT] sock=2516 hEvent=000009A4 events=0x0
2026-10-03 04:56:17.426 [EVENT] sock=2516 hEvent=000009A4 events=0x21
2026-10-03 04:56:27.524 [EVENT] sock=2516 hEvent=000009A4 events=0x0
2026-10-03 04:56:27.524 [EVENT] sock=2516 hEvent=000009A4 events=0x21
2026-10-03 04:56:31.104 [EVENT] sock=2656 hEvent=00000A0C events=0x0
2026-10-03 04:56:31.104 [EVENT] sock=2656 hEvent=00000A0C events=0x21
2026-10-03 04:56:37.576 [EVENT] sock=2516 hEvent=000009A4 events=0x0
2026-10-03 04:56:37.581 [EVENT] sock=2516 hEvent=000009A4 events=0x21
2026-10-03 04:56:47.643 [EVENT] sock=2516 hEvent=000009A4 events=0x0
2026-10-03 04:56:47.645 [EVENT] sock=2516 hEvent=000009A4 events=0x21
2026-10-03 04:56:57.735 [EVENT] sock=2516 hEvent=000009A4 events=0x0
2026-10-03 04:56:57.736 [EVENT] sock=2516 hEvent=000009A4 events=0x21
2026-10-03 04:57:01.105 [EVENT] sock=2656 hEvent=00000A0C events=0x0
2026-10-03 04:57:01.106 [EVENT] sock=2656 hEvent=00000A0C events=0x21
2026-10-03 04:57:07.798 [EVENT] sock=2516 hEvent=000009A4 events=0x0
2026-10-03 04:57:07.798 [EVENT] sock=2516 hEvent=000009A4 events=0x21
2026-10-03 04:57:17.851 [EVENT] sock=2516 hEvent=000009A4 events=0x0
2026-10-03 04:57:17.853 [EVENT] sock=2516 hEvent=000009A4 events=0x21
2026-10-03 04:57:27.931 [EVENT] sock=2516 hEvent=000009A4 events=0x0
2026-10-03 04:57:27.932 [EVENT] sock=2516 hEvent=000009A4 events=0x21
2026-10-03 04:57:31.107 [EVENT] sock=2656 hEvent=00000A0C events=0x0
2026-10-03 04:57:31.107 [EVENT] sock=2656 hEvent=00000A0C events=0x21
2026-10-03 04:57:37.982 [EVENT] sock=2516 hEvent=000009A4 events=0x0
2026-10-03 04:57:37.982 [EVENT] sock=2516 hEvent=000009A4 events=0x21
2026-10-03 04:57:48.029 [EVENT] sock=2516 hEvent=000009A4 events=0x0
2026-10-03 04:57:48.035 [EVENT] sock=2516 hEvent=000009A4 events=0x21
2026-10-03 04:57:58.148 [EVENT] sock=2516 hEvent=000009A4 events=0x0
2026-10-03 04:57:58.153 [EVENT] sock=2516 hEvent=000009A4 events=0x21
2026-10-03 04:58:01.109 [EVENT] sock=2656 hEvent=00000A0C events=0x0
2026-10-03 04:58:01.109 [EVENT] sock=2656 hEvent=00000A0C events=0x21
2026-10-03 04:58:08.215 [EVENT] sock=2516 hEvent=000009A4 events=0x0
2026-10-03 04:58:08.215 [EVENT] sock=2516 hEvent=000009A4 events=0x21
2026-10-03 04:58:18.264 [EVENT] sock=2516 hEvent=000009A4 events=0x0
2026-10-03 04:58:18.271 [EVENT] sock=2516 hEvent=000009A4 events=0x21
2026-10-03 04:58:28.339 [EVENT] sock=2516 hEvent=000009A4 events=0x0
2026-10-03 04:58:28.340 [EVENT] sock=2516 hEvent=000009A4 events=0x21
2026-10-03 04:58:31.110 [EVENT] sock=2656 hEvent=00000A0C events=0x0
2026-10-03 04:58:31.110 [EVENT] sock=2656 hEvent=00000A0C events=0x21
2026-10-03 04:58:38.404 [EVENT] sock=2516 hEvent=000009A4 events=0x0
2026-10-03 04:58:38.405 [EVENT] sock=2516 hEvent=000009A4 events=0x21
2026-10-03 04:58:48.473 [EVENT] sock=2516 hEvent=000009A4 events=0x0
2026-10-03 04:58:48.474 [EVENT] sock=2516 hEvent=000009A4 events=0x21
2026-10-03 04:58:58.537 [EVENT] sock=2516 hEvent=000009A4 events=0x0
2026-10-03 04:58:58.541 [EVENT] sock=2516 hEvent=000009A4 events=0x21
2026-10-03 04:59:01.112 [EVENT] sock=2656 hEvent=00000A0C events=0x0
2026-10-03 04:59:01.113 [EVENT] sock=2656 hEvent=00000A0C events=0x21
2026-10-03 04:59:08.604 [EVENT] sock=2516 hEvent=000009A4 events=0x0
2026-10-03 04:59:08.605 [EVENT] sock=2516 hEvent=000009A4 events=0x21
2026-10-03 04:59:18.651 [EVENT] sock=2516 hEvent=000009A4 events=0x0
2026-10-03 04:59:18.651 [EVENT] sock=2516 hEvent=000009A4 events=0x21
2026-10-03 04:59:28.752 [EVENT] sock=2516 hEvent=000009A4 events=0x0
2026-10-03 04:59:28.753 [EVENT] sock=2516 hEvent=000009A4 events=0x21
2026-10-03 04:59:31.113 [EVENT] sock=2656 hEvent=00000A0C events=0x0
2026-10-03 04:59:31.113 [EVENT] sock=2656 hEvent=00000A0C events=0x21
2026-10-03 04:59:38.801 [EVENT] sock=2516 hEvent=000009A4 events=0x0
2026-10-03 04:59:38.802 [EVENT] sock=2516 hEvent=000009A4 events=0x21
2026-10-03 04:59:48.851 [EVENT] sock=2516 hEvent=000009A4 events=0x0
2026-10-03 04:59:48.855 [EVENT] sock=2516 hEvent=000009A4 events=0x21
2026-10-03 04:59:58.952 [EVENT] sock=2516 hEvent=000009A4 events=0x0
2026-10-03 04:59:58.954 [EVENT] sock=2516 hEvent=000009A4 events=0x21
2026-10-03 05:00:01.115 [EVENT] sock=2656 hEvent=00000A0C events=0x0
2026-10-03 05:00:01.118 [EVENT] sock=2656 hEvent=00000A0C events=0x21
2026-10-03 05:00:09.002 [EVENT] sock=2516 hEvent=000009A4 events=0x0
2026-10-03 05:00:09.007 [EVENT] sock=2516 hEvent=000009A4 events=0x21
2026-10-03 05:00:19.069 [EVENT] sock=2516 hEvent=000009A4 events=0x0
2026-10-03 05:00:19.072 [EVENT] sock=2516 hEvent=000009A4 events=0x21
2026-10-03 05:00:29.152 [EVENT] sock=2516 hEvent=000009A4 events=0x0
2026-10-03 05:00:29.152 [EVENT] sock=2516 hEvent=000009A4 events=0x21
2026-10-03 05:00:31.119 [EVENT] sock=2656 hEvent=00000A0C events=0x0
2026-10-03 05:00:31.123 [EVENT] sock=2656 hEvent=00000A0C events=0x21
2026-10-03 05:00:39.204 [EVENT] sock=2516 hEvent=000009A4 events=0x0
2026-10-03 05:00:39.204 [EVENT] sock=2516 hEvent=000009A4 events=0x21
2026-10-03 05:00:49.253 [EVENT] sock=2516 hEvent=000009A4 events=0x0
2026-10-03 05:00:49.257 [EVENT] sock=2516 hEvent=000009A4 events=0x21
2026-10-03 05:00:59.404 [EVENT] sock=2516 hEvent=000009A4 events=0x0
2026-10-03 05:00:59.404 [EVENT] sock=2516 hEvent=000009A4 events=0x21
2026-10-03 05:01:01.127 [EVENT] sock=2656 hEvent=00000A0C events=0x0
2026-10-03 05:01:01.127 [EVENT] sock=2656 hEvent=00000A0C events=0x21
2026-10-03 05:01:09.453 [EVENT] sock=2516 hEvent=000009A4 events=0x0
2026-10-03 05:01:09.455 [EVENT] sock=2516 hEvent=000009A4 events=0x21
2026-10-03 05:01:19.503 [EVENT] sock=2516 hEvent=000009A4 events=0x0
2026-10-03 05:01:19.504 [EVENT] sock=2516 hEvent=000009A4 events=0x21
2026-10-03 05:01:29.753 [EVENT] sock=2516 hEvent=000009A4 events=0x0
2026-10-03 05:01:29.754 [EVENT] sock=2516 hEvent=000009A4 events=0x21
2026-10-03 05:01:31.130 [EVENT] sock=2656 hEvent=00000A0C events=0x0
2026-10-03 05:01:31.130 [EVENT] sock=2656 hEvent=00000A0C events=0x21
2026-10-03 05:01:39.811 [EVENT] sock=2516 hEvent=000009A4 events=0x0
2026-10-03 05:01:39.812 [EVENT] sock=2516 hEvent=000009A4 events=0x21
2026-10-03 05:01:49.864 [EVENT] sock=2516 hEvent=000009A4 events=0x0
2026-10-03 05:01:49.864 [EVENT] sock=2516 hEvent=000009A4 events=0x21
2026-10-03 05:01:59.963 [EVENT] sock=2516 hEvent=000009A4 events=0x0
2026-10-03 05:01:59.964 [EVENT] sock=2516 hEvent=000009A4 events=0x21
2026-10-03 05:02:01.131 [EVENT] sock=2656 hEvent=00000A0C events=0x0
2026-10-03 05:02:01.132 [EVENT] sock=2656 hEvent=00000A0C events=0x21
2026-10-03 05:02:10.026 [EVENT] sock=2516 hEvent=000009A4 events=0x0
2026-10-03 05:02:10.026 [EVENT] sock=2516 hEvent=000009A4 events=0x21
2026-10-03 05:02:20.076 [EVENT] sock=2516 hEvent=000009A4 events=0x0
2026-10-03 05:02:20.078 [EVENT] sock=2516 hEvent=000009A4 events=0x21
2026-10-03 05:02:30.225 [EVENT] sock=2516 hEvent=000009A4 events=0x0
2026-10-03 05:02:30.225 [EVENT] sock=2516 hEvent=000009A4 events=0x21
2026-10-03 05:02:31.132 [EVENT] sock=2656 hEvent=00000A0C events=0x0
2026-10-03 05:02:31.135 [EVENT] sock=2656 hEvent=00000A0C events=0x21
2026-10-03 05:02:40.276 [EVENT] sock=2516 hEvent=000009A4 events=0x0
2026-10-03 05:02:40.281 [EVENT] sock=2516 hEvent=000009A4 events=0x21
2026-10-03 05:02:50.346 [EVENT] sock=2516 hEvent=000009A4 events=0x0
2026-10-03 05:02:50.347 [EVENT] sock=2516 hEvent=000009A4 events=0x21
2026-10-03 05:03:00.426 [EVENT] sock=2516 hEvent=000009A4 events=0x0
2026-10-03 05:03:00.426 [EVENT] sock=2516 hEvent=000009A4 events=0x21
2026-10-03 05:03:01.135 [EVENT] sock=2656 hEvent=00000A0C events=0x0
2026-10-03 05:03:01.135 [EVENT] sock=2656 hEvent=00000A0C events=0x21
2026-10-03 05:03:10.476 [EVENT] sock=2516 hEvent=000009A4 events=0x0
2026-10-03 05:03:10.477 [EVENT] sock=2516 hEvent=000009A4 events=0x21
2026-10-03 05:03:20.534 [EVENT] sock=2516 hEvent=000009A4 events=0x0
2026-10-03 05:03:20.535 [EVENT] sock=2516 hEvent=000009A4 events=0x21
2026-10-03 05:03:30.683 [EVENT] sock=2516 hEvent=000009A4 events=0x0
2026-10-03 05:03:30.683 [EVENT] sock=2516 hEvent=000009A4 events=0x21
2026-10-03 05:03:31.136 [EVENT] sock=2656 hEvent=00000A0C events=0x0
2026-10-03 05:03:31.137 [EVENT] sock=2656 hEvent=00000A0C events=0x21
2026-10-03 05:03:40.749 [EVENT] sock=2516 hEvent=000009A4 events=0x0
2026-10-03 05:03:40.749 [EVENT] sock=2516 hEvent=000009A4 events=0x21
2026-10-03 05:03:50.797 [EVENT] sock=2516 hEvent=000009A4 events=0x0
2026-10-03 05:03:50.798 [EVENT] sock=2516 hEvent=000009A4 events=0x21
2026-10-03 05:04:00.880 [EVENT] sock=2516 hEvent=000009A4 events=0x0
2026-10-03 05:04:00.880 [EVENT] sock=2516 hEvent=000009A4 events=0x21
2026-10-03 05:04:01.139 [EVENT] sock=2656 hEvent=00000A0C events=0x0
2026-10-03 05:04:01.139 [EVENT] sock=2656 hEvent=00000A0C events=0x21
2026-10-03 05:04:10.928 [EVENT] sock=2516 hEvent=000009A4 events=0x0
2026-10-03 05:04:10.930 [EVENT] sock=2516 hEvent=000009A4 events=0x21
2026-10-03 05:04:20.980 [EVENT] sock=2516 hEvent=000009A4 events=0x0
2026-10-03 05:04:20.983 [EVENT] sock=2516 hEvent=000009A4 events=0x21
2026-10-03 05:04:31.139 [EVENT] sock=2656 hEvent=00000A0C events=0x0
2026-10-03 05:04:31.139 [EVENT] sock=2656 hEvent=00000A0C events=0x21
2026-10-03 05:04:31.146 [EVENT] sock=2516 hEvent=000009A4 events=0x0
2026-10-03 05:04:31.146 [EVENT] sock=2516 hEvent=000009A4 events=0x21
2026-10-03 05:04:41.203 [EVENT] sock=2516 hEvent=000009A4 events=0x0
2026-10-03 05:04:41.203 [EVENT] sock=2516 hEvent=000009A4 events=0x21
2026-10-03 05:04:51.252 [EVENT] sock=2516 hEvent=000009A4 events=0x0
2026-10-03 05:04:51.252 [EVENT] sock=2516 hEvent=000009A4 events=0x21
2026-10-03 05:05:01.140 [EVENT] sock=2656 hEvent=00000A0C events=0x0
2026-10-03 05:05:01.141 [EVENT] sock=2656 hEvent=00000A0C events=0x21
2026-10-03 05:05:01.335 [EVENT] sock=2516 hEvent=000009A4 events=0x0
2026-10-03 05:05:01.338 [EVENT] sock=2516 hEvent=000009A4 events=0x21
2026-10-03 05:05:11.404 [EVENT] sock=2516 hEvent=000009A4 events=0x0
2026-10-03 05:05:11.404 [EVENT] sock=2516 hEvent=000009A4 events=0x21
2026-10-03 05:05:21.450 [EVENT] sock=2516 hEvent=000009A4 events=0x0
2026-10-03 05:05:21.450 [EVENT] sock=2516 hEvent=000009A4 events=0x21
2026-10-03 05:05:31.142 [EVENT] sock=2656 hEvent=00000A0C events=0x0
2026-10-03 05:05:31.142 [EVENT] sock=2656 hEvent=00000A0C events=0x21
2026-10-03 05:05:31.536 [EVENT] sock=2516 hEvent=000009A4 events=0x0
2026-10-03 05:05:31.536 [EVENT] sock=2516 hEvent=000009A4 events=0x21
2026-10-03 05:05:41.586 [EVENT] sock=2516 hEvent=000009A4 events=0x0
2026-10-03 05:05:41.586 [EVENT] sock=2516 hEvent=000009A4 events=0x21
2026-10-03 05:05:51.637 [EVENT] sock=2516 hEvent=000009A4 events=0x0
2026-10-03 05:05:51.638 [EVENT] sock=2516 hEvent=000009A4 events=0x21
2026-10-03 05:06:01.144 [EVENT] sock=2656 hEvent=00000A0C events=0x0
2026-10-03 05:06:01.144 [EVENT] sock=2656 hEvent=00000A0C events=0x21
2026-10-03 05:06:01.734 [EVENT] sock=2516 hEvent=000009A4 events=0x0
2026-10-03 05:06:01.734 [EVENT] sock=2516 hEvent=000009A4 events=0x21
2026-10-03 05:06:11.785 [EVENT] sock=2516 hEvent=000009A4 events=0x0
2026-10-03 05:06:11.788 [EVENT] sock=2516 hEvent=000009A4 events=0x21
2026-10-03 05:06:21.834 [EVENT] sock=2516 hEvent=000009A4 events=0x0
2026-10-03 05:06:21.835 [EVENT] sock=2516 hEvent=000009A4 events=0x21
2026-10-03 05:06:31.145 [EVENT] sock=2656 hEvent=00000A0C events=0x0
2026-10-03 05:06:31.145 [EVENT] sock=2656 hEvent=00000A0C events=0x21
2026-10-03 05:06:31.984 [EVENT] sock=2516 hEvent=000009A4 events=0x0
2026-10-03 05:06:31.985 [EVENT] sock=2516 hEvent=000009A4 events=0x21
2026-10-03 05:06:42.036 [EVENT] sock=2516 hEvent=000009A4 events=0x0
2026-10-03 05:06:42.038 [EVENT] sock=2516 hEvent=000009A4 events=0x21
2026-10-03 05:06:52.092 [EVENT] sock=2516 hEvent=000009A4 events=0x0
2026-10-03 05:06:52.092 [EVENT] sock=2516 hEvent=000009A4 events=0x21
2026-10-03 05:07:01.146 [EVENT] sock=2656 hEvent=00000A0C events=0x0
2026-10-03 05:07:01.146 [EVENT] sock=2656 hEvent=00000A0C events=0x21
2026-10-03 05:07:02.293 [EVENT] sock=2516 hEvent=000009A4 events=0x0
2026-10-03 05:07:02.293 [EVENT] sock=2516 hEvent=000009A4 events=0x21
2026-10-03 05:07:12.339 [EVENT] sock=2516 hEvent=000009A4 events=0x0
2026-10-03 05:07:12.340 [EVENT] sock=2516 hEvent=000009A4 events=0x21
2026-10-03 05:07:22.389 [EVENT] sock=2516 hEvent=000009A4 events=0x0
2026-10-03 05:07:22.393 [EVENT] sock=2516 hEvent=000009A4 events=0x21
2026-10-03 05:07:31.148 [EVENT] sock=2656 hEvent=00000A0C events=0x0
2026-10-03 05:07:31.148 [EVENT] sock=2656 hEvent=00000A0C events=0x21
2026-10-03 05:07:32.504 [EVENT] sock=2516 hEvent=000009A4 events=0x0
2026-10-03 05:07:32.505 [EVENT] sock=2516 hEvent=000009A4 events=0x21
2026-10-03 05:07:42.555 [EVENT] sock=2516 hEvent=000009A4 events=0x0
2026-10-03 05:07:42.559 [EVENT] sock=2516 hEvent=000009A4 events=0x21
2026-10-03 05:07:52.606 [EVENT] sock=2516 hEvent=000009A4 events=0x0
2026-10-03 05:07:52.612 [EVENT] sock=2516 hEvent=000009A4 events=0x21
2026-10-03 05:08:01.149 [EVENT] sock=2656 hEvent=00000A0C events=0x0
2026-10-03 05:08:01.150 [EVENT] sock=2656 hEvent=00000A0C events=0x21
2026-10-03 05:08:02.706 [EVENT] sock=2516 hEvent=000009A4 events=0x0
2026-10-03 05:08:02.706 [EVENT] sock=2516 hEvent=000009A4 events=0x21
2026-10-03 05:08:12.756 [EVENT] sock=2516 hEvent=000009A4 events=0x0
2026-10-03 05:08:12.760 [EVENT] sock=2516 hEvent=000009A4 events=0x21
2026-10-03 05:08:22.823 [EVENT] sock=2516 hEvent=000009A4 events=0x0
2026-10-03 05:08:22.829 [EVENT] sock=2516 hEvent=000009A4 events=0x21
2026-10-03 05:08:31.151 [EVENT] sock=2656 hEvent=00000A0C events=0x0
2026-10-03 05:08:31.151 [EVENT] sock=2656 hEvent=00000A0C events=0x21
2026-10-03 05:08:33.006 [EVENT] sock=2516 hEvent=000009A4 events=0x0
2026-10-03 05:08:33.007 [EVENT] sock=2516 hEvent=000009A4 events=0x21
2026-10-03 05:08:35.420 [SYS] 神圣而伟大的#FF8CF8#朝简#FFF692#上线了，大家快来膜拜哟！！！
2026-10-03 05:08:43.060 [EVENT] sock=2516 hEvent=000009A4 events=0x0
2026-10-03 05:08:43.062 [EVENT] sock=2516 hEvent=000009A4 events=0x21
2026-10-03 05:08:53.112 [EVENT] sock=2516 hEvent=000009A4 events=0x0
2026-10-03 05:08:53.112 [EVENT] sock=2516 hEvent=000009A4 events=0x21
2026-10-03 05:09:01.153 [EVENT] sock=2656 hEvent=00000A0C events=0x0
2026-10-03 05:09:01.154 [EVENT] sock=2656 hEvent=00000A0C events=0x21
2026-10-03 05:09:03.264 [EVENT] sock=2516 hEvent=000009A4 events=0x0
2026-10-03 05:09:03.265 [EVENT] sock=2516 hEvent=000009A4 events=0x21
2026-10-03 05:09:13.313 [EVENT] sock=2516 hEvent=000009A4 events=0x0
2026-10-03 05:09:13.315 [EVENT] sock=2516 hEvent=000009A4 events=0x21
2026-10-03 05:09:23.380 [EVENT] sock=2516 hEvent=000009A4 events=0x0
2026-10-03 05:09:23.381 [EVENT] sock=2516 hEvent=000009A4 events=0x21
2026-10-03 05:09:31.155 [EVENT] sock=2656 hEvent=00000A0C events=0x0
2026-10-03 05:09:31.155 [EVENT] sock=2656 hEvent=00000A0C events=0x21
2026-10-03 05:09:33.464 [EVENT] sock=2516 hEvent=000009A4 events=0x0
2026-10-03 05:09:33.465 [EVENT] sock=2516 hEvent=000009A4 events=0x21
2026-10-03 05:09:43.517 [EVENT] sock=2516 hEvent=000009A4 events=0x0
2026-10-03 05:09:43.518 [EVENT] sock=2516 hEvent=000009A4 events=0x21
2026-10-03 05:09:53.580 [EVENT] sock=2516 hEvent=000009A4 events=0x0
2026-10-03 05:09:53.581 [EVENT] sock=2516 hEvent=000009A4 events=0x21
2026-10-03 05:10:01.157 [EVENT] sock=2656 hEvent=00000A0C events=0x0
2026-10-03 05:10:01.157 [EVENT] sock=2656 hEvent=00000A0C events=0x21
2026-10-03 05:10:03.715 [EVENT] sock=2516 hEvent=000009A4 events=0x0
2026-10-03 05:10:03.715 [EVENT] sock=2516 hEvent=000009A4 events=0x21
2026-10-03 05:10:13.768 [EVENT] sock=2516 hEvent=000009A4 events=0x0
2026-10-03 05:10:13.769 [EVENT] sock=2516 hEvent=000009A4 events=0x21
2026-10-03 05:10:23.832 [EVENT] sock=2516 hEvent=000009A4 events=0x0
2026-10-03 05:10:23.833 [EVENT] sock=2516 hEvent=000009A4 events=0x21
2026-10-03 05:10:31.158 [EVENT] sock=2656 hEvent=00000A0C events=0x0
2026-10-03 05:10:31.164 [EVENT] sock=2656 hEvent=00000A0C events=0x21
2026-10-03 05:10:33.916 [EVENT] sock=2516 hEvent=000009A4 events=0x0
2026-10-03 05:10:33.917 [EVENT] sock=2516 hEvent=000009A4 events=0x21
2026-10-03 05:10:43.983 [EVENT] sock=2516 hEvent=000009A4 events=0x0
2026-10-03 05:10:43.983 [EVENT] sock=2516 hEvent=000009A4 events=0x21
2026-10-03 05:10:54.032 [EVENT] sock=2516 hEvent=000009A4 events=0x0
2026-10-03 05:10:54.033 [EVENT] sock=2516 hEvent=000009A4 events=0x21
2026-10-03 05:11:01.166 [EVENT] sock=2656 hEvent=00000A0C events=0x0
2026-10-03 05:11:01.168 [EVENT] sock=2656 hEvent=00000A0C events=0x21
2026-10-03 05:11:04.117 [EVENT] sock=2516 hEvent=000009A4 events=0x0
2026-10-03 05:11:04.118 [EVENT] sock=2516 hEvent=000009A4 events=0x21
2026-10-03 05:11:14.162 [EVENT] sock=2516 hEvent=000009A4 events=0x0
2026-10-03 05:11:14.166 [EVENT] sock=2516 hEvent=000009A4 events=0x21
2026-10-03 05:11:24.218 [EVENT] sock=2516 hEvent=000009A4 events=0x0
2026-10-03 05:11:24.218 [EVENT] sock=2516 hEvent=000009A4 events=0x21
2026-10-03 05:11:31.169 [EVENT] sock=2656 hEvent=00000A0C events=0x0
2026-10-03 05:11:31.170 [EVENT] sock=2656 hEvent=00000A0C events=0x21
2026-10-03 05:11:34.335 [EVENT] sock=2516 hEvent=000009A4 events=0x0
2026-10-03 05:11:34.336 [EVENT] sock=2516 hEvent=000009A4 events=0x21
2026-10-03 05:11:44.401 [EVENT] sock=2516 hEvent=000009A4 events=0x0
2026-10-03 05:11:44.402 [EVENT] sock=2516 hEvent=000009A4 events=0x21
2026-10-03 05:11:54.449 [EVENT] sock=2516 hEvent=000009A4 events=0x0
2026-10-03 05:11:54.449 [EVENT] sock=2516 hEvent=000009A4 events=0x21
2026-10-03 05:12:01.172 [EVENT] sock=2656 hEvent=00000A0C events=0x0
2026-10-03 05:12:01.172 [EVENT] sock=2656 hEvent=00000A0C events=0x21
2026-10-03 05:12:04.631 [EVENT] sock=2516 hEvent=000009A4 events=0x0
2026-10-03 05:12:04.633 [EVENT] sock=2516 hEvent=000009A4 events=0x21
2026-10-03 05:12:14.685 [EVENT] sock=2516 hEvent=000009A4 events=0x0
2026-10-03 05:12:14.685 [EVENT] sock=2516 hEvent=000009A4 events=0x21
2026-10-03 05:12:24.738 [EVENT] sock=2516 hEvent=000009A4 events=0x0
2026-10-03 05:12:24.739 [EVENT] sock=2516 hEvent=000009A4 events=0x21
2026-10-03 05:12:31.174 [EVENT] sock=2656 hEvent=00000A0C events=0x0
2026-10-03 05:12:31.174 [EVENT] sock=2656 hEvent=00000A0C events=0x21
2026-10-03 05:12:34.675 [SYS] #FFF692#恭喜#FF8CF8#臭妮#FFF692#在#00C8F8#摸金盲盒#FFF692#中获得了#64FF7D#腐化铠甲
2026-10-03 05:12:35.692 [EVENT] sock=2516 hEvent=000009A4 events=0x0
2026-10-03 05:12:35.693 [EVENT] sock=2516 hEvent=000009A4 events=0x21
2026-10-03 05:12:45.742 [EVENT] sock=2516 hEvent=000009A4 events=0x0
2026-10-03 05:12:45.742 [EVENT] sock=2516 hEvent=000009A4 events=0x21
2026-10-03 05:12:55.796 [EVENT] sock=2516 hEvent=000009A4 events=0x0
2026-10-03 05:12:55.800 [EVENT] sock=2516 hEvent=000009A4 events=0x21
2026-10-03 05:13:01.175 [EVENT] sock=2656 hEvent=00000A0C events=0x0
2026-10-03 05:13:01.175 [EVENT] sock=2656 hEvent=00000A0C events=0x21
2026-10-03 05:13:05.862 [EVENT] sock=2516 hEvent=000009A4 events=0x0
2026-10-03 05:13:05.866 [EVENT] sock=2516 hEvent=000009A4 events=0x21
2026-10-03 05:13:15.913 [EVENT] sock=2516 hEvent=000009A4 events=0x0
2026-10-03 05:13:15.918 [EVENT] sock=2516 hEvent=000009A4 events=0x21
2026-10-03 05:13:25.963 [EVENT] sock=2516 hEvent=000009A4 events=0x0
2026-10-03 05:13:25.965 [EVENT] sock=2516 hEvent=000009A4 events=0x21
2026-10-03 05:13:31.177 [EVENT] sock=2656 hEvent=00000A0C events=0x0
2026-10-03 05:13:31.178 [EVENT] sock=2656 hEvent=00000A0C events=0x21
2026-10-03 05:13:36.015 [EVENT] sock=2516 hEvent=000009A4 events=0x0
2026-10-03 05:13:36.018 [EVENT] sock=2516 hEvent=000009A4 events=0x21
2026-10-03 05:13:46.082 [EVENT] sock=2516 hEvent=000009A4 events=0x0
2026-10-03 05:13:46.087 [EVENT] sock=2516 hEvent=000009A4 events=0x21
2026-10-03 05:13:56.134 [EVENT] sock=2516 hEvent=000009A4 events=0x0
2026-10-03 05:13:56.136 [EVENT] sock=2516 hEvent=000009A4 events=0x21
2026-10-03 05:14:01.179 [EVENT] sock=2656 hEvent=00000A0C events=0x0
2026-10-03 05:14:01.180 [EVENT] sock=2656 hEvent=00000A0C events=0x21
2026-10-03 05:14:06.184 [EVENT] sock=2516 hEvent=000009A4 events=0x0
2026-10-03 05:14:06.187 [EVENT] sock=2516 hEvent=000009A4 events=0x21
2026-10-03 05:14:16.233 [EVENT] sock=2516 hEvent=000009A4 events=0x0
2026-10-03 05:14:16.234 [EVENT] sock=2516 hEvent=000009A4 events=0x21
2026-10-03 05:14:26.282 [EVENT] sock=2516 hEvent=000009A4 events=0x0
2026-10-03 05:14:26.283 [EVENT] sock=2516 hEvent=000009A4 events=0x21
2026-10-03 05:14:31.181 [EVENT] sock=2656 hEvent=00000A0C events=0x0
2026-10-03 05:14:31.182 [EVENT] sock=2656 hEvent=00000A0C events=0x21
2026-10-03 05:14:36.334 [EVENT] sock=2516 hEvent=000009A4 events=0x0
2026-10-03 05:14:36.335 [EVENT] sock=2516 hEvent=000009A4 events=0x21
2026-10-03 05:14:46.386 [EVENT] sock=2516 hEvent=000009A4 events=0x0
2026-10-03 05:14:46.386 [EVENT] sock=2516 hEvent=000009A4 events=0x21
2026-10-03 05:14:56.432 [EVENT] sock=2516 hEvent=000009A4 events=0x0
2026-10-03 05:14:56.434 [EVENT] sock=2516 hEvent=000009A4 events=0x21
2026-10-03 05:15:01.183 [EVENT] sock=2656 hEvent=00000A0C events=0x0
2026-10-03 05:15:01.183 [EVENT] sock=2656 hEvent=00000A0C events=0x21
2026-10-03 05:15:06.490 [EVENT] sock=2516 hEvent=000009A4 events=0x0
2026-10-03 05:15:06.490 [EVENT] sock=2516 hEvent=000009A4 events=0x21
2026-10-03 05:15:16.553 [EVENT] sock=2516 hEvent=000009A4 events=0x0
2026-10-03 05:15:16.557 [EVENT] sock=2516 hEvent=000009A4 events=0x21
2026-10-03 05:15:26.618 [EVENT] sock=2516 hEvent=000009A4 events=0x0
2026-10-03 05:15:26.621 [EVENT] sock=2516 hEvent=000009A4 events=0x21
2026-10-03 05:15:31.185 [EVENT] sock=2656 hEvent=00000A0C events=0x0
2026-10-03 05:15:31.188 [EVENT] sock=2656 hEvent=00000A0C events=0x21
2026-10-03 05:15:36.671 [EVENT] sock=2516 hEvent=000009A4 events=0x0
2026-10-03 05:15:36.672 [EVENT] sock=2516 hEvent=000009A4 events=0x21
2026-10-03 05:15:46.725 [EVENT] sock=2516 hEvent=000009A4 events=0x0
2026-10-03 05:15:46.726 [EVENT] sock=2516 hEvent=000009A4 events=0x21
2026-10-03 05:15:56.793 [EVENT] sock=2516 hEvent=000009A4 events=0x0
2026-10-03 05:15:56.794 [EVENT] sock=2516 hEvent=000009A4 events=0x21
2026-10-03 05:16:01.190 [EVENT] sock=2656 hEvent=00000A0C events=0x0
2026-10-03 05:16:01.194 [EVENT] sock=2656 hEvent=00000A0C events=0x21
2026-10-03 05:16:06.856 [EVENT] sock=2516 hEvent=000009A4 events=0x0
2026-10-03 05:16:06.859 [EVENT] sock=2516 hEvent=000009A4 events=0x21
2026-10-03 05:16:16.906 [EVENT] sock=2516 hEvent=000009A4 events=0x0
2026-10-03 05:16:16.906 [EVENT] sock=2516 hEvent=000009A4 events=0x21
2026-10-03 05:16:26.956 [EVENT] sock=2516 hEvent=000009A4 events=0x0
2026-10-03 05:16:26.958 [EVENT] sock=2516 hEvent=000009A4 events=0x21
2026-10-03 05:16:31.195 [EVENT] sock=2656 hEvent=00000A0C events=0x0
2026-10-03 05:16:31.196 [EVENT] sock=2656 hEvent=00000A0C events=0x21
2026-10-03 05:16:37.087 [EVENT] sock=2516 hEvent=000009A4 events=0x0
2026-10-03 05:16:37.089 [EVENT] sock=2516 hEvent=000009A4 events=0x21
2026-10-03 05:16:47.142 [EVENT] sock=2516 hEvent=000009A4 events=0x0
2026-10-03 05:16:47.145 [EVENT] sock=2516 hEvent=000009A4 events=0x21
2026-10-03 05:16:57.212 [EVENT] sock=2516 hEvent=000009A4 events=0x0
2026-10-03 05:16:57.213 [EVENT] sock=2516 hEvent=000009A4 events=0x21
2026-10-03 05:17:01.197 [EVENT] sock=2656 hEvent=00000A0C events=0x0
2026-10-03 05:17:01.197 [EVENT] sock=2656 hEvent=00000A0C events=0x21
2026-10-03 05:17:07.348 [EVENT] sock=2516 hEvent=000009A4 events=0x0
2026-10-03 05:17:07.348 [EVENT] sock=2516 hEvent=000009A4 events=0x21
2026-10-03 05:17:17.411 [EVENT] sock=2516 hEvent=000009A4 events=0x0
2026-10-03 05:17:17.413 [EVENT] sock=2516 hEvent=000009A4 events=0x21
2026-10-03 05:17:27.462 [EVENT] sock=2516 hEvent=000009A4 events=0x0
2026-10-03 05:17:27.462 [EVENT] sock=2516 hEvent=000009A4 events=0x21
2026-10-03 05:17:31.199 [EVENT] sock=2656 hEvent=00000A0C events=0x0
2026-10-03 05:17:31.199 [EVENT] sock=2656 hEvent=00000A0C events=0x21
2026-10-03 05:17:37.544 [EVENT] sock=2516 hEvent=000009A4 events=0x0
2026-10-03 05:17:37.549 [EVENT] sock=2516 hEvent=000009A4 events=0x21
2026-10-03 05:17:47.614 [EVENT] sock=2516 hEvent=000009A4 events=0x0
2026-10-03 05:17:47.615 [EVENT] sock=2516 hEvent=000009A4 events=0x21
2026-10-03 05:17:57.674 [EVENT] sock=2516 hEvent=000009A4 events=0x0
2026-10-03 05:17:57.675 [EVENT] sock=2516 hEvent=000009A4 events=0x21
2026-10-03 05:18:01.201 [EVENT] sock=2656 hEvent=00000A0C events=0x0
2026-10-03 05:18:01.201 [EVENT] sock=2656 hEvent=00000A0C events=0x21
2026-10-03 05:18:07.763 [EVENT] sock=2516 hEvent=000009A4 events=0x0
2026-10-03 05:18:07.764 [EVENT] sock=2516 hEvent=000009A4 events=0x21
2026-10-03 05:18:17.825 [EVENT] sock=2516 hEvent=000009A4 events=0x0
2026-10-03 05:18:17.827 [EVENT] sock=2516 hEvent=000009A4 events=0x21
2026-10-03 05:18:27.875 [EVENT] sock=2516 hEvent=000009A4 events=0x0
2026-10-03 05:18:27.876 [EVENT] sock=2516 hEvent=000009A4 events=0x21
2026-10-03 05:18:31.202 [EVENT] sock=2656 hEvent=00000A0C events=0x0
2026-10-03 05:18:31.204 [EVENT] sock=2656 hEvent=00000A0C events=0x21
2026-10-03 05:18:37.964 [EVENT] sock=2516 hEvent=000009A4 events=0x0
2026-10-03 05:18:37.966 [EVENT] sock=2516 hEvent=000009A4 events=0x21
2026-10-03 05:18:48.028 [EVENT] sock=2516 hEvent=000009A4 events=0x0
2026-10-03 05:18:48.035 [EVENT] sock=2516 hEvent=000009A4 events=0x21
2026-10-03 05:18:58.079 [EVENT] sock=2516 hEvent=000009A4 events=0x0
2026-10-03 05:18:58.080 [EVENT] sock=2516 hEvent=000009A4 events=0x21
2026-10-03 05:19:01.205 [EVENT] sock=2656 hEvent=00000A0C events=0x0
2026-10-03 05:19:01.205 [EVENT] sock=2656 hEvent=00000A0C events=0x21
2026-10-03 05:19:08.162 [EVENT] sock=2516 hEvent=000009A4 events=0x0
2026-10-03 05:19:08.163 [EVENT] sock=2516 hEvent=000009A4 events=0x21
2026-10-03 05:19:18.213 [EVENT] sock=2516 hEvent=000009A4 events=0x0
2026-10-03 05:19:18.215 [EVENT] sock=2516 hEvent=000009A4 events=0x21
2026-10-03 05:19:28.265 [EVENT] sock=2516 hEvent=000009A4 events=0x0
2026-10-03 05:19:28.267 [EVENT] sock=2516 hEvent=000009A4 events=0x21
2026-10-03 05:19:31.207 [EVENT] sock=2656 hEvent=00000A0C events=0x0
2026-10-03 05:19:31.207 [EVENT] sock=2656 hEvent=00000A0C events=0x21
2026-10-03 05:19:38.413 [EVENT] sock=2516 hEvent=000009A4 events=0x0
2026-10-03 05:19:38.417 [EVENT] sock=2516 hEvent=000009A4 events=0x21
2026-10-03 05:19:48.465 [EVENT] sock=2516 hEvent=000009A4 events=0x0
2026-10-03 05:19:48.469 [EVENT] sock=2516 hEvent=000009A4 events=0x21
2026-10-03 05:19:58.532 [EVENT] sock=2516 hEvent=000009A4 events=0x0
2026-10-03 05:19:58.536 [EVENT] sock=2516 hEvent=000009A4 events=0x21
2026-10-03 05:20:01.208 [EVENT] sock=2656 hEvent=00000A0C events=0x0
2026-10-03 05:20:01.208 [EVENT] sock=2656 hEvent=00000A0C events=0x21
2026-10-03 05:20:08.667 [EVENT] sock=2516 hEvent=000009A4 events=0x0
2026-10-03 05:20:08.669 [EVENT] sock=2516 hEvent=000009A4 events=0x21
2026-10-03 05:20:18.717 [EVENT] sock=2516 hEvent=000009A4 events=0x0
2026-10-03 05:20:18.718 [EVENT] sock=2516 hEvent=000009A4 events=0x21
2026-10-03 05:20:28.779 [EVENT] sock=2516 hEvent=000009A4 events=0x0
2026-10-03 05:20:28.784 [EVENT] sock=2516 hEvent=000009A4 events=0x21
2026-10-03 05:20:31.208 [EVENT] sock=2656 hEvent=00000A0C events=0x0
2026-10-03 05:20:31.208 [EVENT] sock=2656 hEvent=00000A0C events=0x21
2026-10-03 05:20:38.866 [EVENT] sock=2516 hEvent=000009A4 events=0x0
2026-10-03 05:20:38.868 [EVENT] sock=2516 hEvent=000009A4 events=0x21
2026-10-03 05:20:48.915 [EVENT] sock=2516 hEvent=000009A4 events=0x0
2026-10-03 05:20:48.918 [EVENT] sock=2516 hEvent=000009A4 events=0x21
2026-10-03 05:20:58.968 [EVENT] sock=2516 hEvent=000009A4 events=0x0
2026-10-03 05:20:58.970 [EVENT] sock=2516 hEvent=000009A4 events=0x21
2026-10-03 05:21:01.209 [EVENT] sock=2656 hEvent=00000A0C events=0x0
2026-10-03 05:21:01.209 [EVENT] sock=2656 hEvent=00000A0C events=0x21
2026-10-03 05:21:09.081 [EVENT] sock=2516 hEvent=000009A4 events=0x0
2026-10-03 05:21:09.084 [EVENT] sock=2516 hEvent=000009A4 events=0x21
2026-10-03 05:21:19.130 [EVENT] sock=2516 hEvent=000009A4 events=0x0
2026-10-03 05:21:19.135 [EVENT] sock=2516 hEvent=000009A4 events=0x21
2026-10-03 05:21:29.185 [EVENT] sock=2516 hEvent=000009A4 events=0x0
2026-10-03 05:21:29.186 [EVENT] sock=2516 hEvent=000009A4 events=0x21
2026-10-03 05:21:31.210 [EVENT] sock=2656 hEvent=00000A0C events=0x0
2026-10-03 05:21:31.210 [EVENT] sock=2656 hEvent=00000A0C events=0x21
2026-10-03 05:21:39.281 [EVENT] sock=2516 hEvent=000009A4 events=0x0
2026-10-03 05:21:39.282 [EVENT] sock=2516 hEvent=000009A4 events=0x21
2026-10-03 05:21:49.331 [EVENT] sock=2516 hEvent=000009A4 events=0x0
2026-10-03 05:21:49.333 [EVENT] sock=2516 hEvent=000009A4 events=0x21
2026-10-03 05:21:59.386 [EVENT] sock=2516 hEvent=000009A4 events=0x0
2026-10-03 05:21:59.386 [EVENT] sock=2516 hEvent=000009A4 events=0x21
2026-10-03 05:22:01.211 [EVENT] sock=2656 hEvent=00000A0C events=0x0
2026-10-03 05:22:01.212 [EVENT] sock=2656 hEvent=00000A0C events=0x21
2026-10-03 05:22:09.536 [EVENT] sock=2516 hEvent=000009A4 events=0x0
2026-10-03 05:22:09.537 [EVENT] sock=2516 hEvent=000009A4 events=0x21
2026-10-03 05:22:19.584 [EVENT] sock=2516 hEvent=000009A4 events=0x0
2026-10-03 05:22:19.585 [EVENT] sock=2516 hEvent=000009A4 events=0x21
2026-10-03 05:22:29.634 [EVENT] sock=2516 hEvent=000009A4 events=0x0
2026-10-03 05:22:29.635 [EVENT] sock=2516 hEvent=000009A4 events=0x21
2026-10-03 05:22:31.213 [EVENT] sock=2656 hEvent=00000A0C events=0x0
2026-10-03 05:22:31.213 [EVENT] sock=2656 hEvent=00000A0C events=0x21
2026-10-03 05:22:39.734 [EVENT] sock=2516 hEvent=000009A4 events=0x0
2026-10-03 05:22:39.735 [EVENT] sock=2516 hEvent=000009A4 events=0x21
2026-10-03 05:22:49.786 [EVENT] sock=2516 hEvent=000009A4 events=0x0
2026-10-03 05:22:49.786 [EVENT] sock=2516 hEvent=000009A4 events=0x21
2026-10-03 05:22:59.835 [EVENT] sock=2516 hEvent=000009A4 events=0x0
2026-10-03 05:22:59.837 [EVENT] sock=2516 hEvent=000009A4 events=0x21
2026-10-03 05:23:01.213 [EVENT] sock=2656 hEvent=00000A0C events=0x0
2026-10-03 05:23:01.213 [EVENT] sock=2656 hEvent=00000A0C events=0x21
2026-10-03 05:23:09.951 [EVENT] sock=2516 hEvent=000009A4 events=0x0
2026-10-03 05:23:09.955 [EVENT] sock=2516 hEvent=000009A4 events=0x21
2026-10-03 05:23:20.004 [EVENT] sock=2516 hEvent=000009A4 events=0x0
2026-10-03 05:23:20.007 [EVENT] sock=2516 hEvent=000009A4 events=0x21
2026-10-03 05:23:30.052 [EVENT] sock=2516 hEvent=000009A4 events=0x0
2026-10-03 05:23:30.055 [EVENT] sock=2516 hEvent=000009A4 events=0x21
2026-10-03 05:23:31.215 [EVENT] sock=2656 hEvent=00000A0C events=0x0
2026-10-03 05:23:31.215 [EVENT] sock=2656 hEvent=00000A0C events=0x21
2026-10-03 05:23:40.203 [EVENT] sock=2516 hEvent=000009A4 events=0x0
2026-10-03 05:23:40.208 [EVENT] sock=2516 hEvent=000009A4 events=0x21
2026-10-03 05:23:50.271 [EVENT] sock=2516 hEvent=000009A4 events=0x0
2026-10-03 05:23:50.271 [EVENT] sock=2516 hEvent=000009A4 events=0x21
2026-10-03 05:24:00.322 [EVENT] sock=2516 hEvent=000009A4 events=0x0
2026-10-03 05:24:00.322 [EVENT] sock=2516 hEvent=000009A4 events=0x21
2026-10-03 05:24:01.217 [EVENT] sock=2656 hEvent=00000A0C events=0x0
2026-10-03 05:24:01.218 [EVENT] sock=2656 hEvent=00000A0C events=0x21
2026-10-03 05:24:10.455 [EVENT] sock=2516 hEvent=000009A4 events=0x0
2026-10-03 05:24:10.456 [EVENT] sock=2516 hEvent=000009A4 events=0x21
2026-10-03 05:24:20.507 [EVENT] sock=2516 hEvent=000009A4 events=0x0
2026-10-03 05:24:20.508 [EVENT] sock=2516 hEvent=000009A4 events=0x21
2026-10-03 05:24:30.556 [EVENT] sock=2516 hEvent=000009A4 events=0x0
2026-10-03 05:24:30.559 [EVENT] sock=2516 hEvent=000009A4 events=0x21
2026-10-03 05:24:31.219 [EVENT] sock=2656 hEvent=00000A0C events=0x0
2026-10-03 05:24:31.224 [EVENT] sock=2656 hEvent=00000A0C events=0x21
2026-10-03 05:24:40.703 [EVENT] sock=2516 hEvent=000009A4 events=0x0
2026-10-03 05:24:40.707 [EVENT] sock=2516 hEvent=000009A4 events=0x21
2026-10-03 05:24:50.756 [EVENT] sock=2516 hEvent=000009A4 events=0x0
2026-10-03 05:24:50.757 [EVENT] sock=2516 hEvent=000009A4 events=0x21
2026-10-03 05:25:00.805 [EVENT] sock=2516 hEvent=000009A4 events=0x0
2026-10-03 05:25:00.809 [EVENT] sock=2516 hEvent=000009A4 events=0x21
2026-10-03 05:25:01.231 [EVENT] sock=2656 hEvent=00000A0C events=0x0
2026-10-03 05:25:01.231 [EVENT] sock=2656 hEvent=00000A0C events=0x21
2026-10-03 05:25:10.912 [EVENT] sock=2516 hEvent=000009A4 events=0x0
2026-10-03 05:25:10.914 [EVENT] sock=2516 hEvent=000009A4 events=0x21
2026-10-03 05:25:20.972 [EVENT] sock=2516 hEvent=000009A4 events=0x0
2026-10-03 05:25:20.978 [EVENT] sock=2516 hEvent=000009A4 events=0x21
2026-10-03 05:25:31.039 [EVENT] sock=2516 hEvent=000009A4 events=0x0
2026-10-03 05:25:31.040 [EVENT] sock=2516 hEvent=000009A4 events=0x21
2026-10-03 05:25:31.232 [EVENT] sock=2656 hEvent=00000A0C events=0x0
2026-10-03 05:25:31.232 [EVENT] sock=2656 hEvent=00000A0C events=0x21
2026-10-03 05:25:41.157 [EVENT] sock=2516 hEvent=000009A4 events=0x0
2026-10-03 05:25:41.159 [EVENT] sock=2516 hEvent=000009A4 events=0x21
2026-10-03 05:25:51.207 [EVENT] sock=2516 hEvent=000009A4 events=0x0
2026-10-03 05:25:51.209 [EVENT] sock=2516 hEvent=000009A4 events=0x21
2026-10-03 05:26:01.234 [EVENT] sock=2656 hEvent=00000A0C events=0x0
2026-10-03 05:26:01.234 [EVENT] sock=2656 hEvent=00000A0C events=0x21
2026-10-03 05:26:01.279 [EVENT] sock=2516 hEvent=000009A4 events=0x0
2026-10-03 05:26:01.280 [EVENT] sock=2516 hEvent=000009A4 events=0x21
2026-10-03 05:26:11.410 [EVENT] sock=2516 hEvent=000009A4 events=0x0
2026-10-03 05:26:11.412 [EVENT] sock=2516 hEvent=000009A4 events=0x21
2026-10-03 05:26:21.462 [EVENT] sock=2516 hEvent=000009A4 events=0x0
2026-10-03 05:26:21.463 [EVENT] sock=2516 hEvent=000009A4 events=0x21
2026-10-03 05:26:31.235 [EVENT] sock=2656 hEvent=00000A0C events=0x0
2026-10-03 05:26:31.236 [EVENT] sock=2656 hEvent=00000A0C events=0x21
2026-10-03 05:26:31.512 [EVENT] sock=2516 hEvent=000009A4 events=0x0
2026-10-03 05:26:31.515 [EVENT] sock=2516 hEvent=000009A4 events=0x21
2026-10-03 05:26:41.661 [EVENT] sock=2516 hEvent=000009A4 events=0x0
2026-10-03 05:26:41.663 [EVENT] sock=2516 hEvent=000009A4 events=0x21
2026-10-03 05:26:51.713 [EVENT] sock=2516 hEvent=000009A4 events=0x0
2026-10-03 05:26:51.715 [EVENT] sock=2516 hEvent=000009A4 events=0x21
2026-10-03 05:27:01.237 [EVENT] sock=2656 hEvent=00000A0C events=0x0
2026-10-03 05:27:01.237 [EVENT] sock=2656 hEvent=00000A0C events=0x21
2026-10-03 05:27:01.760 [EVENT] sock=2516 hEvent=000009A4 events=0x0
2026-10-03 05:27:01.762 [EVENT] sock=2516 hEvent=000009A4 events=0x21
2026-10-03 05:27:11.877 [EVENT] sock=2516 hEvent=000009A4 events=0x0
2026-10-03 05:27:11.879 [EVENT] sock=2516 hEvent=000009A4 events=0x21
2026-10-03 05:27:21.929 [EVENT] sock=2516 hEvent=000009A4 events=0x0
2026-10-03 05:27:21.933 [EVENT] sock=2516 hEvent=000009A4 events=0x21
2026-10-03 05:27:31.238 [EVENT] sock=2656 hEvent=00000A0C events=0x0
2026-10-03 05:27:31.238 [EVENT] sock=2656 hEvent=00000A0C events=0x21
2026-10-03 05:27:31.994 [EVENT] sock=2516 hEvent=000009A4 events=0x0
2026-10-03 05:27:31.994 [EVENT] sock=2516 hEvent=000009A4 events=0x21
2026-10-03 05:27:42.180 [EVENT] sock=2516 hEvent=000009A4 events=0x0
2026-10-03 05:27:42.186 [EVENT] sock=2516 hEvent=000009A4 events=0x21
2026-10-03 05:27:52.232 [EVENT] sock=2516 hEvent=000009A4 events=0x0
2026-10-03 05:27:52.234 [EVENT] sock=2516 hEvent=000009A4 events=0x21
2026-10-03 05:28:01.238 [EVENT] sock=2656 hEvent=00000A0C events=0x0
2026-10-03 05:28:01.240 [EVENT] sock=2656 hEvent=00000A0C events=0x21
2026-10-03 05:28:02.300 [EVENT] sock=2516 hEvent=000009A4 events=0x0
2026-10-03 05:28:02.304 [EVENT] sock=2516 hEvent=000009A4 events=0x21
2026-10-03 05:28:12.434 [EVENT] sock=2516 hEvent=000009A4 events=0x0
2026-10-03 05:28:12.435 [EVENT] sock=2516 hEvent=000009A4 events=0x21
2026-10-03 05:28:22.481 [EVENT] sock=2516 hEvent=000009A4 events=0x0
2026-10-03 05:28:22.484 [EVENT] sock=2516 hEvent=000009A4 events=0x21
2026-10-03 05:28:31.242 [EVENT] sock=2656 hEvent=00000A0C events=0x0
2026-10-03 05:28:31.242 [EVENT] sock=2656 hEvent=00000A0C events=0x21
2026-10-03 05:28:32.534 [EVENT] sock=2516 hEvent=000009A4 events=0x0
2026-10-03 05:28:32.537 [EVENT] sock=2516 hEvent=000009A4 events=0x21
2026-10-03 05:28:42.648 [EVENT] sock=2516 hEvent=000009A4 events=0x0
2026-10-03 05:28:42.649 [EVENT] sock=2516 hEvent=000009A4 events=0x21
2026-10-03 05:28:52.698 [EVENT] sock=2516 hEvent=000009A4 events=0x0
2026-10-03 05:28:52.703 [EVENT] sock=2516 hEvent=000009A4 events=0x21
2026-10-03 05:29:01.243 [EVENT] sock=2656 hEvent=00000A0C events=0x0
2026-10-03 05:29:01.243 [EVENT] sock=2656 hEvent=00000A0C events=0x21
2026-10-03 05:29:02.765 [EVENT] sock=2516 hEvent=000009A4 events=0x0
2026-10-03 05:29:02.769 [EVENT] sock=2516 hEvent=000009A4 events=0x21
2026-10-03 05:29:12.850 [EVENT] sock=2516 hEvent=000009A4 events=0x0
2026-10-03 05:29:12.850 [EVENT] sock=2516 hEvent=000009A4 events=0x21
2026-10-03 05:29:22.901 [EVENT] sock=2516 hEvent=000009A4 events=0x0
2026-10-03 05:29:22.902 [EVENT] sock=2516 hEvent=000009A4 events=0x21
2026-10-03 05:29:31.244 [EVENT] sock=2656 hEvent=00000A0C events=0x0
2026-10-03 05:29:31.245 [EVENT] sock=2656 hEvent=00000A0C events=0x21
2026-10-03 05:29:32.967 [EVENT] sock=2516 hEvent=000009A4 events=0x0
2026-10-03 05:29:32.970 [EVENT] sock=2516 hEvent=000009A4 events=0x21
2026-10-03 05:29:43.099 [EVENT] sock=2516 hEvent=000009A4 events=0x0
2026-10-03 05:29:43.100 [EVENT] sock=2516 hEvent=000009A4 events=0x21
2026-10-03 05:29:53.151 [EVENT] sock=2516 hEvent=000009A4 events=0x0
2026-10-03 05:29:53.152 [EVENT] sock=2516 hEvent=000009A4 events=0x21
2026-10-03 05:30:01.245 [EVENT] sock=2656 hEvent=00000A0C events=0x0
2026-10-03 05:30:01.246 [EVENT] sock=2656 hEvent=00000A0C events=0x21
2026-10-03 05:30:03.199 [EVENT] sock=2516 hEvent=000009A4 events=0x0
2026-10-03 05:30:03.199 [EVENT] sock=2516 hEvent=000009A4 events=0x21
2026-10-03 05:30:13.414 [EVENT] sock=2516 hEvent=000009A4 events=0x0
2026-10-03 05:30:13.418 [EVENT] sock=2516 hEvent=000009A4 events=0x21
2026-10-03 05:30:23.467 [EVENT] sock=2516 hEvent=000009A4 events=0x0
2026-10-03 05:30:23.467 [EVENT] sock=2516 hEvent=000009A4 events=0x21
2026-10-03 05:30:31.247 [EVENT] sock=2656 hEvent=00000A0C events=0x0
2026-10-03 05:30:31.248 [EVENT] sock=2656 hEvent=00000A0C events=0x21
2026-10-03 05:30:33.518 [EVENT] sock=2516 hEvent=000009A4 events=0x0
2026-10-03 05:30:33.520 [EVENT] sock=2516 hEvent=000009A4 events=0x21
2026-10-03 05:30:43.670 [EVENT] sock=2516 hEvent=000009A4 events=0x0
2026-10-03 05:30:43.670 [EVENT] sock=2516 hEvent=000009A4 events=0x21
2026-10-03 05:30:53.720 [EVENT] sock=2516 hEvent=000009A4 events=0x0
2026-10-03 05:30:53.722 [EVENT] sock=2516 hEvent=000009A4 events=0x21
2026-10-03 05:31:01.248 [EVENT] sock=2656 hEvent=00000A0C events=0x0
2026-10-03 05:31:01.249 [EVENT] sock=2656 hEvent=00000A0C events=0x21
2026-10-03 05:31:03.770 [EVENT] sock=2516 hEvent=000009A4 events=0x0
2026-10-03 05:31:03.770 [EVENT] sock=2516 hEvent=000009A4 events=0x21
2026-10-03 05:31:13.921 [EVENT] sock=2516 hEvent=000009A4 events=0x0
2026-10-03 05:31:13.923 [EVENT] sock=2516 hEvent=000009A4 events=0x21
2026-10-03 05:31:23.969 [EVENT] sock=2516 hEvent=000009A4 events=0x0
2026-10-03 05:31:23.972 [EVENT] sock=2516 hEvent=000009A4 events=0x21
2026-10-03 05:31:31.250 [EVENT] sock=2656 hEvent=00000A0C events=0x0
2026-10-03 05:31:31.250 [EVENT] sock=2656 hEvent=00000A0C events=0x21
2026-10-03 05:31:34.026 [EVENT] sock=2516 hEvent=000009A4 events=0x0
2026-10-03 05:31:34.026 [EVENT] sock=2516 hEvent=000009A4 events=0x21
2026-10-03 05:31:44.121 [EVENT] sock=2516 hEvent=000009A4 events=0x0
2026-10-03 05:31:44.123 [EVENT] sock=2516 hEvent=000009A4 events=0x21
2026-10-03 05:31:54.174 [EVENT] sock=2516 hEvent=000009A4 events=0x0
2026-10-03 05:31:54.174 [EVENT] sock=2516 hEvent=000009A4 events=0x21
2026-10-03 05:32:01.252 [EVENT] sock=2656 hEvent=00000A0C events=0x0
2026-10-03 05:32:01.253 [EVENT] sock=2656 hEvent=00000A0C events=0x21
2026-10-03 05:32:04.270 [EVENT] sock=2516 hEvent=000009A4 events=0x0
2026-10-03 05:32:04.270 [EVENT] sock=2516 hEvent=000009A4 events=0x21
2026-10-03 05:32:14.338 [EVENT] sock=2516 hEvent=000009A4 events=0x0
2026-10-03 05:32:14.339 [EVENT] sock=2516 hEvent=000009A4 events=0x21
2026-10-03 05:32:24.387 [EVENT] sock=2516 hEvent=000009A4 events=0x0
2026-10-03 05:32:24.389 [EVENT] sock=2516 hEvent=000009A4 events=0x21
2026-10-03 05:32:31.255 [EVENT] sock=2656 hEvent=00000A0C events=0x0
2026-10-03 05:32:31.256 [EVENT] sock=2656 hEvent=00000A0C events=0x21
2026-10-03 05:32:34.437 [EVENT] sock=2516 hEvent=000009A4 events=0x0
2026-10-03 05:32:34.438 [EVENT] sock=2516 hEvent=000009A4 events=0x21
2026-10-03 05:32:44.588 [EVENT] sock=2516 hEvent=000009A4 events=0x0
2026-10-03 05:32:44.591 [EVENT] sock=2516 hEvent=000009A4 events=0x21
2026-10-03 05:32:54.654 [EVENT] sock=2516 hEvent=000009A4 events=0x0
2026-10-03 05:32:54.654 [EVENT] sock=2516 hEvent=000009A4 events=0x21
2026-10-03 05:33:01.257 [EVENT] sock=2656 hEvent=00000A0C events=0x0
2026-10-03 05:33:01.260 [EVENT] sock=2656 hEvent=00000A0C events=0x21
2026-10-03 05:33:04.704 [EVENT] sock=2516 hEvent=000009A4 events=0x0
2026-10-03 05:33:04.707 [EVENT] sock=2516 hEvent=000009A4 events=0x21
2026-10-03 05:33:14.791 [EVENT] sock=2516 hEvent=000009A4 events=0x0
2026-10-03 05:33:14.795 [EVENT] sock=2516 hEvent=000009A4 events=0x21
2026-10-03 05:33:24.841 [EVENT] sock=2516 hEvent=000009A4 events=0x0
2026-10-03 05:33:24.846 [EVENT] sock=2516 hEvent=000009A4 events=0x21
2026-10-03 05:33:31.265 [EVENT] sock=2656 hEvent=00000A0C events=0x0
2026-10-03 05:33:31.266 [EVENT] sock=2656 hEvent=00000A0C events=0x21
2026-10-03 05:33:34.906 [EVENT] sock=2516 hEvent=000009A4 events=0x0
2026-10-03 05:33:34.912 [EVENT] sock=2516 hEvent=000009A4 events=0x21
2026-10-03 05:33:45.008 [EVENT] sock=2516 hEvent=000009A4 events=0x0
2026-10-03 05:33:45.009 [EVENT] sock=2516 hEvent=000009A4 events=0x21
2026-10-03 05:33:55.057 [EVENT] sock=2516 hEvent=000009A4 events=0x0
2026-10-03 05:33:55.060 [EVENT] sock=2516 hEvent=000009A4 events=0x21
2026-10-03 05:34:01.267 [EVENT] sock=2656 hEvent=00000A0C events=0x0
2026-10-03 05:34:01.268 [EVENT] sock=2656 hEvent=00000A0C events=0x21
2026-10-03 05:34:05.108 [EVENT] sock=2516 hEvent=000009A4 events=0x0
2026-10-03 05:34:05.112 [EVENT] sock=2516 hEvent=000009A4 events=0x21
2026-10-03 05:34:15.256 [EVENT] sock=2516 hEvent=000009A4 events=0x0
2026-10-03 05:34:15.257 [EVENT] sock=2516 hEvent=000009A4 events=0x21
2026-10-03 05:34:25.310 [EVENT] sock=2516 hEvent=000009A4 events=0x0
2026-10-03 05:34:25.311 [EVENT] sock=2516 hEvent=000009A4 events=0x21
2026-10-03 05:34:31.268 [EVENT] sock=2656 hEvent=00000A0C events=0x0
2026-10-03 05:34:31.269 [EVENT] sock=2656 hEvent=00000A0C events=0x21
2026-10-03 05:34:35.361 [EVENT] sock=2516 hEvent=000009A4 events=0x0
2026-10-03 05:34:35.367 [EVENT] sock=2516 hEvent=000009A4 events=0x21
2026-10-03 05:34:45.451 [EVENT] sock=2516 hEvent=000009A4 events=0x0
2026-10-03 05:34:45.452 [EVENT] sock=2516 hEvent=000009A4 events=0x21
2026-10-03 05:34:55.501 [EVENT] sock=2516 hEvent=000009A4 events=0x0
2026-10-03 05:34:55.502 [EVENT] sock=2516 hEvent=000009A4 events=0x21
2026-10-03 05:35:01.272 [EVENT] sock=2656 hEvent=00000A0C events=0x0
2026-10-03 05:35:01.272 [EVENT] sock=2656 hEvent=00000A0C events=0x21
2026-10-03 05:35:05.563 [EVENT] sock=2516 hEvent=000009A4 events=0x0
2026-10-03 05:35:05.564 [EVENT] sock=2516 hEvent=000009A4 events=0x21
2026-10-03 05:35:15.714 [EVENT] sock=2516 hEvent=000009A4 events=0x0
2026-10-03 05:35:15.717 [EVENT] sock=2516 hEvent=000009A4 events=0x21
2026-10-03 05:35:25.763 [EVENT] sock=2516 hEvent=000009A4 events=0x0
2026-10-03 05:35:25.769 [EVENT] sock=2516 hEvent=000009A4 events=0x21
2026-10-03 05:35:31.274 [EVENT] sock=2656 hEvent=00000A0C events=0x0
2026-10-03 05:35:31.276 [EVENT] sock=2656 hEvent=00000A0C events=0x21
2026-10-03 05:35:35.814 [EVENT] sock=2516 hEvent=000009A4 events=0x0
2026-10-03 05:35:35.815 [EVENT] sock=2516 hEvent=000009A4 events=0x21
2026-10-03 05:35:45.915 [EVENT] sock=2516 hEvent=000009A4 events=0x0
2026-10-03 05:35:45.916 [EVENT] sock=2516 hEvent=000009A4 events=0x21
2026-10-03 05:35:55.964 [EVENT] sock=2516 hEvent=000009A4 events=0x0
2026-10-03 05:35:55.965 [EVENT] sock=2516 hEvent=000009A4 events=0x21
2026-10-03 05:36:01.277 [EVENT] sock=2656 hEvent=00000A0C events=0x0
2026-10-03 05:36:01.277 [EVENT] sock=2656 hEvent=00000A0C events=0x21
2026-10-03 05:36:06.014 [EVENT] sock=2516 hEvent=000009A4 events=0x0
2026-10-03 05:36:06.014 [EVENT] sock=2516 hEvent=000009A4 events=0x21
2026-10-03 05:36:16.167 [EVENT] sock=2516 hEvent=000009A4 events=0x0
2026-10-03 05:36:16.168 [EVENT] sock=2516 hEvent=000009A4 events=0x21
2026-10-03 05:36:26.219 [EVENT] sock=2516 hEvent=000009A4 events=0x0
2026-10-03 05:36:26.221 [EVENT] sock=2516 hEvent=000009A4 events=0x21
2026-10-03 05:36:31.279 [EVENT] sock=2656 hEvent=00000A0C events=0x0
2026-10-03 05:36:31.279 [EVENT] sock=2656 hEvent=00000A0C events=0x21
2026-10-03 05:36:36.267 [EVENT] sock=2516 hEvent=000009A4 events=0x0
2026-10-03 05:36:36.268 [EVENT] sock=2516 hEvent=000009A4 events=0x21
2026-10-03 05:36:46.367 [EVENT] sock=2516 hEvent=000009A4 events=0x0
2026-10-03 05:36:46.368 [EVENT] sock=2516 hEvent=000009A4 events=0x21
2026-10-03 05:36:56.418 [EVENT] sock=2516 hEvent=000009A4 events=0x0
2026-10-03 05:36:56.419 [EVENT] sock=2516 hEvent=000009A4 events=0x21
2026-10-03 05:37:01.282 [EVENT] sock=2656 hEvent=00000A0C events=0x0
2026-10-03 05:37:01.283 [EVENT] sock=2656 hEvent=00000A0C events=0x21
2026-10-03 05:37:06.468 [EVENT] sock=2516 hEvent=000009A4 events=0x0
2026-10-03 05:37:06.469 [EVENT] sock=2516 hEvent=000009A4 events=0x21
2026-10-03 05:37:16.570 [EVENT] sock=2516 hEvent=000009A4 events=0x0
2026-10-03 05:37:16.571 [EVENT] sock=2516 hEvent=000009A4 events=0x21
2026-10-03 05:37:26.635 [EVENT] sock=2516 hEvent=000009A4 events=0x0
2026-10-03 05:37:26.637 [EVENT] sock=2516 hEvent=000009A4 events=0x21
2026-10-03 05:37:31.284 [EVENT] sock=2656 hEvent=00000A0C events=0x0
2026-10-03 05:37:31.284 [EVENT] sock=2656 hEvent=00000A0C events=0x21
2026-10-03 05:37:36.686 [EVENT] sock=2516 hEvent=000009A4 events=0x0
2026-10-03 05:37:36.687 [EVENT] sock=2516 hEvent=000009A4 events=0x21
2026-10-03 05:37:46.837 [EVENT] sock=2516 hEvent=000009A4 events=0x0
2026-10-03 05:37:46.837 [EVENT] sock=2516 hEvent=000009A4 events=0x21
2026-10-03 05:37:56.885 [EVENT] sock=2516 hEvent=000009A4 events=0x0
2026-10-03 05:37:56.888 [EVENT] sock=2516 hEvent=000009A4 events=0x21
2026-10-03 05:38:01.293 [EVENT] sock=2656 hEvent=00000A0C events=0x0
2026-10-03 05:38:01.293 [EVENT] sock=2656 hEvent=00000A0C events=0x21
2026-10-03 05:38:06.940 [EVENT] sock=2516 hEvent=000009A4 events=0x0
2026-10-03 05:38:06.940 [EVENT] sock=2516 hEvent=000009A4 events=0x21
2026-10-03 05:38:17.037 [EVENT] sock=2516 hEvent=000009A4 events=0x0
2026-10-03 05:38:17.038 [EVENT] sock=2516 hEvent=000009A4 events=0x21
2026-10-03 05:38:27.085 [EVENT] sock=2516 hEvent=000009A4 events=0x0
2026-10-03 05:38:27.088 [EVENT] sock=2516 hEvent=000009A4 events=0x21
2026-10-03 05:38:31.294 [EVENT] sock=2656 hEvent=00000A0C events=0x0
2026-10-03 05:38:31.295 [EVENT] sock=2656 hEvent=00000A0C events=0x21
2026-10-03 05:38:37.135 [EVENT] sock=2516 hEvent=000009A4 events=0x0
2026-10-03 05:38:37.138 [EVENT] sock=2516 hEvent=000009A4 events=0x21
2026-10-03 05:38:47.236 [EVENT] sock=2516 hEvent=000009A4 events=0x0
2026-10-03 05:38:47.237 [EVENT] sock=2516 hEvent=000009A4 events=0x21
2026-10-03 05:38:57.286 [EVENT] sock=2516 hEvent=000009A4 events=0x0
2026-10-03 05:38:57.287 [EVENT] sock=2516 hEvent=000009A4 events=0x21
2026-10-03 05:39:01.297 [EVENT] sock=2656 hEvent=00000A0C events=0x0
2026-10-03 05:39:01.298 [EVENT] sock=2656 hEvent=00000A0C events=0x21
2026-10-03 05:39:07.342 [EVENT] sock=2516 hEvent=000009A4 events=0x0
2026-10-03 05:39:07.345 [EVENT] sock=2516 hEvent=000009A4 events=0x21
2026-10-03 05:39:17.506 [EVENT] sock=2516 hEvent=000009A4 events=0x0
2026-10-03 05:39:17.509 [EVENT] sock=2516 hEvent=000009A4 events=0x21
2026-10-03 05:39:27.573 [EVENT] sock=2516 hEvent=000009A4 events=0x0
2026-10-03 05:39:27.573 [EVENT] sock=2516 hEvent=000009A4 events=0x21
2026-10-03 05:39:31.299 [EVENT] sock=2656 hEvent=00000A0C events=0x0
2026-10-03 05:39:31.299 [EVENT] sock=2656 hEvent=00000A0C events=0x21
2026-10-03 05:39:37.623 [EVENT] sock=2516 hEvent=000009A4 events=0x0
2026-10-03 05:39:37.623 [EVENT] sock=2516 hEvent=000009A4 events=0x21
2026-10-03 05:39:47.708 [EVENT] sock=2516 hEvent=000009A4 events=0x0
2026-10-03 05:39:47.710 [EVENT] sock=2516 hEvent=000009A4 events=0x21
2026-10-03 05:39:57.755 [EVENT] sock=2516 hEvent=000009A4 events=0x0
2026-10-03 05:39:57.759 [EVENT] sock=2516 hEvent=000009A4 events=0x21
2026-10-03 05:40:01.300 [EVENT] sock=2656 hEvent=00000A0C events=0x0
2026-10-03 05:40:01.300 [EVENT] sock=2656 hEvent=00000A0C events=0x21
2026-10-03 05:40:07.808 [EVENT] sock=2516 hEvent=000009A4 events=0x0
2026-10-03 05:40:07.812 [EVENT] sock=2516 hEvent=000009A4 events=0x21
2026-10-03 05:40:17.927 [EVENT] sock=2516 hEvent=000009A4 events=0x0
2026-10-03 05:40:17.928 [EVENT] sock=2516 hEvent=000009A4 events=0x21
2026-10-03 05:40:27.994 [EVENT] sock=2516 hEvent=000009A4 events=0x0
2026-10-03 05:40:27.995 [EVENT] sock=2516 hEvent=000009A4 events=0x21
2026-10-03 05:40:31.303 [EVENT] sock=2656 hEvent=00000A0C events=0x0
2026-10-03 05:40:31.304 [EVENT] sock=2656 hEvent=00000A0C events=0x21
2026-10-03 05:40:38.044 [EVENT] sock=2516 hEvent=000009A4 events=0x0
2026-10-03 05:40:38.044 [EVENT] sock=2516 hEvent=000009A4 events=0x21
2026-10-03 05:40:48.261 [EVENT] sock=2516 hEvent=000009A4 events=0x0
2026-10-03 05:40:48.261 [EVENT] sock=2516 hEvent=000009A4 events=0x21
2026-10-03 05:40:58.310 [EVENT] sock=2516 hEvent=000009A4 events=0x0
2026-10-03 05:40:58.311 [EVENT] sock=2516 hEvent=000009A4 events=0x21
2026-10-03 05:41:01.305 [EVENT] sock=2656 hEvent=00000A0C events=0x0
2026-10-03 05:41:01.305 [EVENT] sock=2656 hEvent=00000A0C events=0x21
2026-10-03 05:41:08.361 [EVENT] sock=2516 hEvent=000009A4 events=0x0
2026-10-03 05:41:08.362 [EVENT] sock=2516 hEvent=000009A4 events=0x21
2026-10-03 05:41:18.529 [EVENT] sock=2516 hEvent=000009A4 events=0x0
2026-10-03 05:41:18.532 [EVENT] sock=2516 hEvent=000009A4 events=0x21
2026-10-03 05:41:28.577 [EVENT] sock=2516 hEvent=000009A4 events=0x0
2026-10-03 05:41:28.578 [EVENT] sock=2516 hEvent=000009A4 events=0x21
2026-10-03 05:41:31.306 [EVENT] sock=2656 hEvent=00000A0C events=0x0
2026-10-03 05:41:31.306 [EVENT] sock=2656 hEvent=00000A0C events=0x21
2026-10-03 05:41:38.625 [EVENT] sock=2516 hEvent=000009A4 events=0x0
2026-10-03 05:41:38.630 [EVENT] sock=2516 hEvent=000009A4 events=0x21
2026-10-03 05:41:48.727 [EVENT] sock=2516 hEvent=000009A4 events=0x0
2026-10-03 05:41:48.727 [EVENT] sock=2516 hEvent=000009A4 events=0x21
2026-10-03 05:41:58.776 [EVENT] sock=2516 hEvent=000009A4 events=0x0
2026-10-03 05:41:58.783 [EVENT] sock=2516 hEvent=000009A4 events=0x21
2026-10-03 05:42:01.306 [EVENT] sock=2656 hEvent=00000A0C events=0x0
2026-10-03 05:42:01.306 [EVENT] sock=2656 hEvent=00000A0C events=0x21
2026-10-03 05:42:08.827 [EVENT] sock=2516 hEvent=000009A4 events=0x0
2026-10-03 05:42:08.829 [EVENT] sock=2516 hEvent=000009A4 events=0x21
2026-10-03 05:42:18.927 [EVENT] sock=2516 hEvent=000009A4 events=0x0
2026-10-03 05:42:18.929 [EVENT] sock=2516 hEvent=000009A4 events=0x21
2026-10-03 05:42:28.977 [EVENT] sock=2516 hEvent=000009A4 events=0x0
2026-10-03 05:42:28.978 [EVENT] sock=2516 hEvent=000009A4 events=0x21
2026-10-03 05:42:31.308 [EVENT] sock=2656 hEvent=00000A0C events=0x0
2026-10-03 05:42:31.309 [EVENT] sock=2656 hEvent=00000A0C events=0x21
2026-10-03 05:42:39.032 [EVENT] sock=2516 hEvent=000009A4 events=0x0
2026-10-03 05:42:39.032 [EVENT] sock=2516 hEvent=000009A4 events=0x21
2026-10-03 05:42:49.176 [EVENT] sock=2516 hEvent=000009A4 events=0x0
2026-10-03 05:42:49.177 [EVENT] sock=2516 hEvent=000009A4 events=0x21
2026-10-03 05:42:59.227 [EVENT] sock=2516 hEvent=000009A4 events=0x0
2026-10-03 05:42:59.228 [EVENT] sock=2516 hEvent=000009A4 events=0x21
2026-10-03 05:43:01.310 [EVENT] sock=2656 hEvent=00000A0C events=0x0
2026-10-03 05:43:01.315 [EVENT] sock=2656 hEvent=00000A0C events=0x21
2026-10-03 05:43:09.277 [EVENT] sock=2516 hEvent=000009A4 events=0x0
2026-10-03 05:43:09.278 [EVENT] sock=2516 hEvent=000009A4 events=0x21
2026-10-03 05:43:19.394 [EVENT] sock=2516 hEvent=000009A4 events=0x0
2026-10-03 05:43:19.399 [EVENT] sock=2516 hEvent=000009A4 events=0x21
2026-10-03 05:43:29.446 [EVENT] sock=2516 hEvent=000009A4 events=0x0
2026-10-03 05:43:29.449 [EVENT] sock=2516 hEvent=000009A4 events=0x21
2026-10-03 05:43:31.320 [EVENT] sock=2656 hEvent=00000A0C events=0x0
2026-10-03 05:43:31.320 [EVENT] sock=2656 hEvent=00000A0C events=0x21
2026-10-03 05:43:39.498 [EVENT] sock=2516 hEvent=000009A4 events=0x0
2026-10-03 05:43:39.501 [EVENT] sock=2516 hEvent=000009A4 events=0x21
2026-10-03 05:43:41.299 [OP] 42AC inv=FEFB len=260 #1 0b805b649ff0efa98b3172c163cab4f0efa98b1831805b64510bdcfaa32b1f805b6451f0effaa32b1f805bfc9f0bdcfaa32b1fd3c264510bdcfaa32b1f805b649f64dca98b2b1f80acfc9f64398a102b882b5b01330bdc8a1018882bacfc9f0b398aa33172805bfc9f64cd8a10e98880acfc51340cfaa31888805bfc9f6439fa10181fc163645164dcfaa31888805b649f19dc33502b1f805b64516439faa32b
2026-10-03 05:43:49.694 [EVENT] sock=2516 hEvent=000009A4 events=0x0
2026-10-03 05:43:49.699 [EVENT] sock=2516 hEvent=000009A4 events=0x21
2026-10-03 05:43:59.749 [EVENT] sock=2516 hEvent=000009A4 events=0x0
2026-10-03 05:43:59.749 [EVENT] sock=2516 hEvent=000009A4 events=0x21
2026-10-03 05:44:01.322 [EVENT] sock=2656 hEvent=00000A0C events=0x0
2026-10-03 05:44:01.322 [EVENT] sock=2656 hEvent=00000A0C events=0x21
2026-10-03 05:44:09.795 [EVENT] sock=2516 hEvent=000009A4 events=0x0
2026-10-03 05:44:09.799 [EVENT] sock=2516 hEvent=000009A4 events=0x21
2026-10-03 05:44:19.895 [EVENT] sock=2516 hEvent=000009A4 events=0x0
2026-10-03 05:44:19.895 [EVENT] sock=2516 hEvent=000009A4 events=0x21
2026-10-03 05:44:29.948 [EVENT] sock=2516 hEvent=000009A4 events=0x0
2026-10-03 05:44:29.948 [EVENT] sock=2516 hEvent=000009A4 events=0x21
2026-10-03 05:44:31.323 [EVENT] sock=2656 hEvent=00000A0C events=0x0
2026-10-03 05:44:31.323 [EVENT] sock=2656 hEvent=00000A0C events=0x21
2026-10-03 05:44:39.994 [EVENT] sock=2516 hEvent=000009A4 events=0x0
2026-10-03 05:44:39.997 [EVENT] sock=2516 hEvent=000009A4 events=0x21
2026-10-03 05:44:50.102 [EVENT] sock=2516 hEvent=000009A4 events=0x0
2026-10-03 05:44:50.102 [EVENT] sock=2516 hEvent=000009A4 events=0x21
2026-10-03 05:45:00.150 [EVENT] sock=2516 hEvent=000009A4 events=0x0
2026-10-03 05:45:00.150 [EVENT] sock=2516 hEvent=000009A4 events=0x21
2026-10-03 05:45:01.325 [EVENT] sock=2656 hEvent=00000A0C events=0x0
2026-10-03 05:45:01.326 [EVENT] sock=2656 hEvent=00000A0C events=0x21
2026-10-03 05:45:10.203 [EVENT] sock=2516 hEvent=000009A4 events=0x0
2026-10-03 05:45:10.203 [EVENT] sock=2516 hEvent=000009A4 events=0x21
2026-10-03 05:45:20.301 [EVENT] sock=2516 hEvent=000009A4 events=0x0
2026-10-03 05:45:20.302 [EVENT] sock=2516 hEvent=000009A4 events=0x21
2026-10-03 05:45:30.352 [EVENT] sock=2516 hEvent=000009A4 events=0x0
2026-10-03 05:45:30.353 [EVENT] sock=2516 hEvent=000009A4 events=0x21
2026-10-03 05:45:31.327 [EVENT] sock=2656 hEvent=00000A0C events=0x0
2026-10-03 05:45:31.328 [EVENT] sock=2656 hEvent=00000A0C events=0x21
2026-10-03 05:45:40.404 [EVENT] sock=2516 hEvent=000009A4 events=0x0
2026-10-03 05:45:40.404 [EVENT] sock=2516 hEvent=000009A4 events=0x21
2026-10-03 05:45:50.498 [EVENT] sock=2516 hEvent=000009A4 events=0x0
2026-10-03 05:45:50.502 [EVENT] sock=2516 hEvent=000009A4 events=0x21
2026-10-03 05:46:00.565 [EVENT] sock=2516 hEvent=000009A4 events=0x0
2026-10-03 05:46:00.566 [EVENT] sock=2516 hEvent=000009A4 events=0x21
2026-10-03 05:46:01.329 [EVENT] sock=2656 hEvent=00000A0C events=0x0
2026-10-03 05:46:01.329 [EVENT] sock=2656 hEvent=00000A0C events=0x21
2026-10-03 05:46:10.617 [EVENT] sock=2516 hEvent=000009A4 events=0x0
2026-10-03 05:46:10.620 [EVENT] sock=2516 hEvent=000009A4 events=0x21
2026-10-03 05:46:20.700 [EVENT] sock=2516 hEvent=000009A4 events=0x0
2026-10-03 05:46:20.701 [EVENT] sock=2516 hEvent=000009A4 events=0x21
2026-10-03 05:46:30.751 [EVENT] sock=2516 hEvent=000009A4 events=0x0
2026-10-03 05:46:30.760 [EVENT] sock=2516 hEvent=000009A4 events=0x21
2026-10-03 05:46:31.330 [EVENT] sock=2656 hEvent=00000A0C events=0x0
2026-10-03 05:46:31.331 [EVENT] sock=2656 hEvent=00000A0C events=0x21
2026-10-03 05:46:40.817 [EVENT] sock=2516 hEvent=000009A4 events=0x0
2026-10-03 05:46:40.819 [EVENT] sock=2516 hEvent=000009A4 events=0x21
2026-10-03 05:46:50.899 [EVENT] sock=2516 hEvent=000009A4 events=0x0
2026-10-03 05:46:50.899 [EVENT] sock=2516 hEvent=000009A4 events=0x21
2026-10-03 05:47:00.949 [EVENT] sock=2516 hEvent=000009A4 events=0x0
2026-10-03 05:47:00.952 [EVENT] sock=2516 hEvent=000009A4 events=0x21
2026-10-03 05:47:01.332 [EVENT] sock=2656 hEvent=00000A0C events=0x0
2026-10-03 05:47:01.334 [EVENT] sock=2656 hEvent=00000A0C events=0x21
2026-10-03 05:47:11.002 [EVENT] sock=2516 hEvent=000009A4 events=0x0
2026-10-03 05:47:11.002 [EVENT] sock=2516 hEvent=000009A4 events=0x21
2026-10-03 05:47:21.119 [EVENT] sock=2516 hEvent=000009A4 events=0x0
2026-10-03 05:47:21.119 [EVENT] sock=2516 hEvent=000009A4 events=0x21
2026-10-03 05:47:31.165 [EVENT] sock=2516 hEvent=000009A4 events=0x0
2026-10-03 05:47:31.168 [EVENT] sock=2516 hEvent=000009A4 events=0x21
2026-10-03 05:47:31.336 [EVENT] sock=2656 hEvent=00000A0C events=0x0
2026-10-03 05:47:31.342 [EVENT] sock=2656 hEvent=00000A0C events=0x21
2026-10-03 05:47:41.216 [EVENT] sock=2516 hEvent=000009A4 events=0x0
2026-10-03 05:47:41.219 [EVENT] sock=2516 hEvent=000009A4 events=0x21
2026-10-03 05:47:51.318 [EVENT] sock=2516 hEvent=000009A4 events=0x0
2026-10-03 05:47:51.320 [EVENT] sock=2516 hEvent=000009A4 events=0x21
2026-10-03 05:48:01.343 [EVENT] sock=2656 hEvent=00000A0C events=0x0
2026-10-03 05:48:01.343 [EVENT] sock=2656 hEvent=00000A0C events=0x21
2026-10-03 05:48:01.367 [EVENT] sock=2516 hEvent=000009A4 events=0x0
2026-10-03 05:48:01.368 [EVENT] sock=2516 hEvent=000009A4 events=0x21
2026-10-03 05:48:11.416 [EVENT] sock=2516 hEvent=000009A4 events=0x0
2026-10-03 05:48:11.417 [EVENT] sock=2516 hEvent=000009A4 events=0x21
2026-10-03 05:48:21.617 [EVENT] sock=2516 hEvent=000009A4 events=0x0
2026-10-03 05:48:21.621 [EVENT] sock=2516 hEvent=000009A4 events=0x21
2026-10-03 05:48:31.345 [EVENT] sock=2656 hEvent=00000A0C events=0x0
2026-10-03 05:48:31.346 [EVENT] sock=2656 hEvent=00000A0C events=0x21
2026-10-03 05:48:31.670 [EVENT] sock=2516 hEvent=000009A4 events=0x0
2026-10-03 05:48:31.670 [EVENT] sock=2516 hEvent=000009A4 events=0x21
2026-10-03 05:48:41.718 [EVENT] sock=2516 hEvent=000009A4 events=0x0
2026-10-03 05:48:41.720 [EVENT] sock=2516 hEvent=000009A4 events=0x21
2026-10-03 05:48:51.824 [EVENT] sock=2516 hEvent=000009A4 events=0x0
2026-10-03 05:48:51.824 [EVENT] sock=2516 hEvent=000009A4 events=0x21
2026-10-03 05:49:01.347 [EVENT] sock=2656 hEvent=00000A0C events=0x0
2026-10-03 05:49:01.347 [EVENT] sock=2656 hEvent=00000A0C events=0x21
2026-10-03 05:49:01.872 [EVENT] sock=2516 hEvent=000009A4 events=0x0
2026-10-03 05:49:01.872 [EVENT] sock=2516 hEvent=000009A4 events=0x21
2026-10-03 05:49:11.922 [EVENT] sock=2516 hEvent=000009A4 events=0x0
2026-10-03 05:49:11.925 [EVENT] sock=2516 hEvent=000009A4 events=0x21
2026-10-03 05:49:22.038 [EVENT] sock=2516 hEvent=000009A4 events=0x0
2026-10-03 05:49:22.043 [EVENT] sock=2516 hEvent=000009A4 events=0x21
2026-10-03 05:49:31.349 [EVENT] sock=2656 hEvent=00000A0C events=0x0
2026-10-03 05:49:31.349 [EVENT] sock=2656 hEvent=00000A0C events=0x21
2026-10-03 05:49:32.105 [EVENT] sock=2516 hEvent=000009A4 events=0x0
2026-10-03 05:49:32.106 [EVENT] sock=2516 hEvent=000009A4 events=0x21
2026-10-03 05:49:42.155 [EVENT] sock=2516 hEvent=000009A4 events=0x0
2026-10-03 05:49:42.158 [EVENT] sock=2516 hEvent=000009A4 events=0x21
2026-10-03 05:49:52.237 [EVENT] sock=2516 hEvent=000009A4 events=0x0
2026-10-03 05:49:52.238 [EVENT] sock=2516 hEvent=000009A4 events=0x21
2026-10-03 05:50:01.351 [EVENT] sock=2656 hEvent=00000A0C events=0x0
2026-10-03 05:50:01.352 [EVENT] sock=2656 hEvent=00000A0C events=0x21
2026-10-03 05:50:02.286 [EVENT] sock=2516 hEvent=000009A4 events=0x0
2026-10-03 05:50:02.287 [EVENT] sock=2516 hEvent=000009A4 events=0x21
2026-10-03 05:50:12.342 [EVENT] sock=2516 hEvent=000009A4 events=0x0
2026-10-03 05:50:12.344 [EVENT] sock=2516 hEvent=000009A4 events=0x21
2026-10-03 05:50:22.489 [EVENT] sock=2516 hEvent=000009A4 events=0x0
2026-10-03 05:50:22.494 [EVENT] sock=2516 hEvent=000009A4 events=0x21
2026-10-03 05:50:31.353 [EVENT] sock=2656 hEvent=00000A0C events=0x0
2026-10-03 05:50:31.353 [EVENT] sock=2656 hEvent=00000A0C events=0x21
2026-10-03 05:50:32.558 [EVENT] sock=2516 hEvent=000009A4 events=0x0
2026-10-03 05:50:32.558 [EVENT] sock=2516 hEvent=000009A4 events=0x21
2026-10-03 05:50:42.611 [EVENT] sock=2516 hEvent=000009A4 events=0x0
2026-10-03 05:50:42.611 [EVENT] sock=2516 hEvent=000009A4 events=0x21
2026-10-03 05:50:52.691 [EVENT] sock=2516 hEvent=000009A4 events=0x0
2026-10-03 05:50:52.691 [EVENT] sock=2516 hEvent=000009A4 events=0x21
2026-10-03 05:51:01.354 [EVENT] sock=2656 hEvent=00000A0C events=0x0
2026-10-03 05:51:01.354 [EVENT] sock=2656 hEvent=00000A0C events=0x21
2026-10-03 05:51:02.740 [EVENT] sock=2516 hEvent=000009A4 events=0x0
2026-10-03 05:51:02.743 [EVENT] sock=2516 hEvent=000009A4 events=0x21
2026-10-03 05:51:12.790 [EVENT] sock=2516 hEvent=000009A4 events=0x0
2026-10-03 05:51:12.791 [EVENT] sock=2516 hEvent=000009A4 events=0x21
2026-10-03 05:51:22.941 [EVENT] sock=2516 hEvent=000009A4 events=0x0
2026-10-03 05:51:22.943 [EVENT] sock=2516 hEvent=000009A4 events=0x21
2026-10-03 05:51:31.355 [EVENT] sock=2656 hEvent=00000A0C events=0x0
2026-10-03 05:51:31.356 [EVENT] sock=2656 hEvent=00000A0C events=0x21
2026-10-03 05:51:32.992 [EVENT] sock=2516 hEvent=000009A4 events=0x0
2026-10-03 05:51:32.997 [EVENT] sock=2516 hEvent=000009A4 events=0x21
2026-10-03 05:51:43.056 [EVENT] sock=2516 hEvent=000009A4 events=0x0
2026-10-03 05:51:43.057 [EVENT] sock=2516 hEvent=000009A4 events=0x21
2026-10-03 05:51:53.241 [EVENT] sock=2516 hEvent=000009A4 events=0x0
2026-10-03 05:51:53.241 [EVENT] sock=2516 hEvent=000009A4 events=0x21
2026-10-03 05:52:01.357 [EVENT] sock=2656 hEvent=00000A0C events=0x0
2026-10-03 05:52:01.358 [EVENT] sock=2656 hEvent=00000A0C events=0x21
2026-10-03 05:52:03.294 [EVENT] sock=2516 hEvent=000009A4 events=0x0
2026-10-03 05:52:03.298 [EVENT] sock=2516 hEvent=000009A4 events=0x21
2026-10-03 05:52:13.362 [EVENT] sock=2516 hEvent=000009A4 events=0x0
2026-10-03 05:52:13.363 [EVENT] sock=2516 hEvent=000009A4 events=0x21
2026-10-03 05:52:23.510 [EVENT] sock=2516 hEvent=000009A4 events=0x0
2026-10-03 05:52:23.515 [EVENT] sock=2516 hEvent=000009A4 events=0x21
2026-10-03 05:52:31.360 [EVENT] sock=2656 hEvent=00000A0C events=0x0
2026-10-03 05:52:31.363 [EVENT] sock=2656 hEvent=00000A0C events=0x21
2026-10-03 05:52:33.577 [EVENT] sock=2516 hEvent=000009A4 events=0x0
2026-10-03 05:52:33.578 [EVENT] sock=2516 hEvent=000009A4 events=0x21
2026-10-03 05:52:43.627 [EVENT] sock=2516 hEvent=000009A4 events=0x0
2026-10-03 05:52:43.632 [EVENT] sock=2516 hEvent=000009A4 events=0x21
2026-10-03 05:52:53.814 [EVENT] sock=2516 hEvent=000009A4 events=0x0
2026-10-03 05:52:53.817 [EVENT] sock=2516 hEvent=000009A4 events=0x21
2026-10-03 05:53:01.363 [EVENT] sock=2656 hEvent=00000A0C events=0x0
2026-10-03 05:53:01.369 [EVENT] sock=2656 hEvent=00000A0C events=0x21
2026-10-03 05:53:03.880 [EVENT] sock=2516 hEvent=000009A4 events=0x0
2026-10-03 05:53:03.881 [EVENT] sock=2516 hEvent=000009A4 events=0x21
2026-10-03 05:53:13.932 [EVENT] sock=2516 hEvent=000009A4 events=0x0
2026-10-03 05:53:13.932 [EVENT] sock=2516 hEvent=000009A4 events=0x21
2026-10-03 05:53:24.111 [EVENT] sock=2516 hEvent=000009A4 events=0x0
2026-10-03 05:53:24.111 [EVENT] sock=2516 hEvent=000009A4 events=0x21
2026-10-03 05:53:31.370 [EVENT] sock=2656 hEvent=00000A0C events=0x0
2026-10-03 05:53:31.370 [EVENT] sock=2656 hEvent=00000A0C events=0x21
2026-10-03 05:53:34.164 [EVENT] sock=2516 hEvent=000009A4 events=0x0
2026-10-03 05:53:34.164 [EVENT] sock=2516 hEvent=000009A4 events=0x21
2026-10-03 05:53:44.213 [EVENT] sock=2516 hEvent=000009A4 events=0x0
2026-10-03 05:53:44.215 [EVENT] sock=2516 hEvent=000009A4 events=0x21
2026-10-03 05:53:54.328 [EVENT] sock=2516 hEvent=000009A4 events=0x0
2026-10-03 05:53:54.328 [EVENT] sock=2516 hEvent=000009A4 events=0x21
2026-10-03 05:54:01.372 [EVENT] sock=2656 hEvent=00000A0C events=0x0
2026-10-03 05:54:01.373 [EVENT] sock=2656 hEvent=00000A0C events=0x21
2026-10-03 05:54:04.378 [EVENT] sock=2516 hEvent=000009A4 events=0x0
2026-10-03 05:54:04.378 [EVENT] sock=2516 hEvent=000009A4 events=0x21
2026-10-03 05:54:14.430 [EVENT] sock=2516 hEvent=000009A4 events=0x0
2026-10-03 05:54:14.430 [EVENT] sock=2516 hEvent=000009A4 events=0x21
2026-10-03 05:54:24.578 [EVENT] sock=2516 hEvent=000009A4 events=0x0
2026-10-03 05:54:24.580 [EVENT] sock=2516 hEvent=000009A4 events=0x21
2026-10-03 05:54:31.375 [EVENT] sock=2656 hEvent=00000A0C events=0x0
2026-10-03 05:54:31.376 [EVENT] sock=2656 hEvent=00000A0C events=0x21
2026-10-03 05:54:34.632 [EVENT] sock=2516 hEvent=000009A4 events=0x0
2026-10-03 05:54:34.635 [EVENT] sock=2516 hEvent=000009A4 events=0x21
2026-10-03 05:54:44.693 [EVENT] sock=2516 hEvent=000009A4 events=0x0
2026-10-03 05:54:44.698 [EVENT] sock=2516 hEvent=000009A4 events=0x21
2026-10-03 05:54:54.779 [EVENT] sock=2516 hEvent=000009A4 events=0x0
2026-10-03 05:54:54.779 [EVENT] sock=2516 hEvent=000009A4 events=0x21
2026-10-03 05:55:01.378 [EVENT] sock=2656 hEvent=00000A0C events=0x0
2026-10-03 05:55:01.379 [EVENT] sock=2656 hEvent=00000A0C events=0x21
2026-10-03 05:55:04.829 [EVENT] sock=2516 hEvent=000009A4 events=0x0
2026-10-03 05:55:04.831 [EVENT] sock=2516 hEvent=000009A4 events=0x21
2026-10-03 05:55:14.882 [EVENT] sock=2516 hEvent=000009A4 events=0x0
2026-10-03 05:55:14.882 [EVENT] sock=2516 hEvent=000009A4 events=0x21
2026-10-03 05:55:24.983 [EVENT] sock=2516 hEvent=000009A4 events=0x0
2026-10-03 05:55:24.985 [EVENT] sock=2516 hEvent=000009A4 events=0x21
2026-10-03 05:55:31.380 [EVENT] sock=2656 hEvent=00000A0C events=0x0
2026-10-03 05:55:31.380 [EVENT] sock=2656 hEvent=00000A0C events=0x21
2026-10-03 05:55:35.032 [EVENT] sock=2516 hEvent=000009A4 events=0x0
2026-10-03 05:55:35.033 [EVENT] sock=2516 hEvent=000009A4 events=0x21
2026-10-03 05:55:45.082 [EVENT] sock=2516 hEvent=000009A4 events=0x0
2026-10-03 05:55:45.083 [EVENT] sock=2516 hEvent=000009A4 events=0x21
2026-10-03 05:55:55.234 [EVENT] sock=2516 hEvent=000009A4 events=0x0
2026-10-03 05:55:55.235 [EVENT] sock=2516 hEvent=000009A4 events=0x21
2026-10-03 05:56:01.382 [EVENT] sock=2656 hEvent=00000A0C events=0x0
2026-10-03 05:56:01.385 [EVENT] sock=2656 hEvent=00000A0C events=0x21
2026-10-03 05:56:05.283 [EVENT] sock=2516 hEvent=000009A4 events=0x0
2026-10-03 05:56:05.284 [EVENT] sock=2516 hEvent=000009A4 events=0x21
2026-10-03 05:56:15.333 [EVENT] sock=2516 hEvent=000009A4 events=0x0
2026-10-03 05:56:15.334 [EVENT] sock=2516 hEvent=000009A4 events=0x21
2026-10-03 05:56:25.551 [EVENT] sock=2516 hEvent=000009A4 events=0x0
2026-10-03 05:56:25.551 [EVENT] sock=2516 hEvent=000009A4 events=0x21
2026-10-03 05:56:31.387 [EVENT] sock=2656 hEvent=00000A0C events=0x0
2026-10-03 05:56:31.387 [EVENT] sock=2656 hEvent=00000A0C events=0x21
2026-10-03 05:56:35.601 [EVENT] sock=2516 hEvent=000009A4 events=0x0
2026-10-03 05:56:35.602 [EVENT] sock=2516 hEvent=000009A4 events=0x21
2026-10-03 05:56:45.648 [EVENT] sock=2516 hEvent=000009A4 events=0x0
2026-10-03 05:56:45.650 [EVENT] sock=2516 hEvent=000009A4 events=0x21
2026-10-03 05:56:55.821 [EVENT] sock=2516 hEvent=000009A4 events=0x0
2026-10-03 05:56:55.822 [EVENT] sock=2516 hEvent=000009A4 events=0x21
2026-10-03 05:57:01.389 [EVENT] sock=2656 hEvent=00000A0C events=0x0
2026-10-03 05:57:01.389 [EVENT] sock=2656 hEvent=00000A0C events=0x21
2026-10-03 05:57:05.948 [EVENT] sock=2516 hEvent=000009A4 events=0x0
2026-10-03 05:57:05.948 [EVENT] sock=2516 hEvent=000009A4 events=0x21
2026-10-03 05:57:16.000 [EVENT] sock=2516 hEvent=000009A4 events=0x0
2026-10-03 05:57:16.003 [EVENT] sock=2516 hEvent=000009A4 events=0x21
2026-10-03 05:57:26.068 [EVENT] sock=2516 hEvent=000009A4 events=0x0
2026-10-03 05:57:26.071 [EVENT] sock=2516 hEvent=000009A4 events=0x21
2026-10-03 05:57:31.391 [EVENT] sock=2656 hEvent=00000A0C events=0x0
2026-10-03 05:57:31.391 [EVENT] sock=2656 hEvent=00000A0C events=0x21
2026-10-03 05:57:36.132 [EVENT] sock=2516 hEvent=000009A4 events=0x0
2026-10-03 05:57:36.133 [EVENT] sock=2516 hEvent=000009A4 events=0x21
2026-10-03 05:57:46.186 [EVENT] sock=2516 hEvent=000009A4 events=0x0
2026-10-03 05:57:46.187 [EVENT] sock=2516 hEvent=000009A4 events=0x21
2026-10-03 05:57:56.265 [EVENT] sock=2516 hEvent=000009A4 events=0x0
2026-10-03 05:57:56.266 [EVENT] sock=2516 hEvent=000009A4 events=0x21
2026-10-03 05:58:01.391 [EVENT] sock=2656 hEvent=00000A0C events=0x0
2026-10-03 05:58:01.391 [EVENT] sock=2656 hEvent=00000A0C events=0x21
2026-10-03 05:58:06.316 [EVENT] sock=2516 hEvent=000009A4 events=0x0
2026-10-03 05:58:06.319 [EVENT] sock=2516 hEvent=000009A4 events=0x21
2026-10-03 05:58:16.369 [EVENT] sock=2516 hEvent=000009A4 events=0x0
2026-10-03 05:58:16.371 [EVENT] sock=2516 hEvent=000009A4 events=0x21
2026-10-03 05:58:26.468 [EVENT] sock=2516 hEvent=000009A4 events=0x0
2026-10-03 05:58:26.472 [EVENT] sock=2516 hEvent=000009A4 events=0x21
2026-10-03 05:58:31.392 [EVENT] sock=2656 hEvent=00000A0C events=0x0
2026-10-03 05:58:31.393 [EVENT] sock=2656 hEvent=00000A0C events=0x21
2026-10-03 05:58:36.519 [EVENT] sock=2516 hEvent=000009A4 events=0x0
2026-10-03 05:58:36.520 [EVENT] sock=2516 hEvent=000009A4 events=0x21
2026-10-03 05:58:46.570 [EVENT] sock=2516 hEvent=000009A4 events=0x0
2026-10-03 05:58:46.570 [EVENT] sock=2516 hEvent=000009A4 events=0x21
2026-10-03 05:58:56.722 [EVENT] sock=2516 hEvent=000009A4 events=0x0
2026-10-03 05:58:56.723 [EVENT] sock=2516 hEvent=000009A4 events=0x21
2026-10-03 05:59:01.394 [EVENT] sock=2656 hEvent=00000A0C events=0x0
2026-10-03 05:59:01.395 [EVENT] sock=2656 hEvent=00000A0C events=0x21
2026-10-03 05:59:06.771 [EVENT] sock=2516 hEvent=000009A4 events=0x0
2026-10-03 05:59:06.775 [EVENT] sock=2516 hEvent=000009A4 events=0x21
2026-10-03 05:59:16.835 [EVENT] sock=2516 hEvent=000009A4 events=0x0
2026-10-03 05:59:16.839 [EVENT] sock=2516 hEvent=000009A4 events=0x21
2026-10-03 05:59:26.919 [EVENT] sock=2516 hEvent=000009A4 events=0x0
2026-10-03 05:59:26.920 [EVENT] sock=2516 hEvent=000009A4 events=0x21
2026-10-03 05:59:31.396 [EVENT] sock=2656 hEvent=00000A0C events=0x0
2026-10-03 05:59:31.396 [EVENT] sock=2656 hEvent=00000A0C events=0x21
2026-10-03 05:59:36.969 [EVENT] sock=2516 hEvent=000009A4 events=0x0
2026-10-03 05:59:36.972 [EVENT] sock=2516 hEvent=000009A4 events=0x21
2026-10-03 05:59:47.022 [EVENT] sock=2516 hEvent=000009A4 events=0x0
2026-10-03 05:59:47.023 [EVENT] sock=2516 hEvent=000009A4 events=0x21
2026-10-03 05:59:57.173 [EVENT] sock=2516 hEvent=000009A4 events=0x0
2026-10-03 05:59:57.174 [EVENT] sock=2516 hEvent=000009A4 events=0x21
2026-10-03 06:00:01.397 [EVENT] sock=2656 hEvent=00000A0C events=0x0
2026-10-03 06:00:01.397 [EVENT] sock=2656 hEvent=00000A0C events=0x21
2026-10-03 06:00:07.222 [EVENT] sock=2516 hEvent=000009A4 events=0x0
2026-10-03 06:00:07.223 [EVENT] sock=2516 hEvent=000009A4 events=0x21
2026-10-03 06:00:17.289 [EVENT] sock=2516 hEvent=000009A4 events=0x0
2026-10-03 06:00:17.294 [EVENT] sock=2516 hEvent=000009A4 events=0x21
2026-10-03 06:00:27.386 [EVENT] sock=2516 hEvent=000009A4 events=0x0
2026-10-03 06:00:27.387 [EVENT] sock=2516 hEvent=000009A4 events=0x21
2026-10-03 06:00:31.399 [EVENT] sock=2656 hEvent=00000A0C events=0x0
2026-10-03 06:00:31.399 [EVENT] sock=2656 hEvent=00000A0C events=0x21
2026-10-03 06:00:37.439 [EVENT] sock=2516 hEvent=000009A4 events=0x0
2026-10-03 06:00:37.441 [EVENT] sock=2516 hEvent=000009A4 events=0x21
2026-10-03 06:00:47.488 [EVENT] sock=2516 hEvent=000009A4 events=0x0
2026-10-03 06:00:47.493 [EVENT] sock=2516 hEvent=000009A4 events=0x21
2026-10-03 06:00:57.655 [EVENT] sock=2516 hEvent=000009A4 events=0x0
2026-10-03 06:00:57.656 [EVENT] sock=2516 hEvent=000009A4 events=0x21
2026-10-03 06:01:01.402 [EVENT] sock=2656 hEvent=00000A0C events=0x0
2026-10-03 06:01:01.404 [EVENT] sock=2656 hEvent=00000A0C events=0x21
2026-10-03 06:01:07.709 [EVENT] sock=2516 hEvent=000009A4 events=0x0
2026-10-03 06:01:07.709 [EVENT] sock=2516 hEvent=000009A4 events=0x21
2026-10-03 06:01:17.761 [EVENT] sock=2516 hEvent=000009A4 events=0x0
2026-10-03 06:01:17.761 [EVENT] sock=2516 hEvent=000009A4 events=0x21
2026-10-03 06:01:27.906 [EVENT] sock=2516 hEvent=000009A4 events=0x0
2026-10-03 06:01:27.906 [EVENT] sock=2516 hEvent=000009A4 events=0x21
2026-10-03 06:01:31.406 [EVENT] sock=2656 hEvent=00000A0C events=0x0
2026-10-03 06:01:31.411 [EVENT] sock=2656 hEvent=00000A0C events=0x21
2026-10-03 06:01:37.956 [EVENT] sock=2516 hEvent=000009A4 events=0x0
2026-10-03 06:01:37.957 [EVENT] sock=2516 hEvent=000009A4 events=0x21
2026-10-03 06:01:48.006 [EVENT] sock=2516 hEvent=000009A4 events=0x0
2026-10-03 06:01:48.007 [EVENT] sock=2516 hEvent=000009A4 events=0x21
2026-10-03 06:01:58.157 [EVENT] sock=2516 hEvent=000009A4 events=0x0
2026-10-03 06:01:58.161 [EVENT] sock=2516 hEvent=000009A4 events=0x21
2026-10-03 06:02:01.412 [EVENT] sock=2656 hEvent=00000A0C events=0x0
2026-10-03 06:02:01.412 [EVENT] sock=2656 hEvent=00000A0C events=0x21
2026-10-03 06:02:08.206 [EVENT] sock=2516 hEvent=000009A4 events=0x0
2026-10-03 06:02:08.208 [EVENT] sock=2516 hEvent=000009A4 events=0x21
2026-10-03 06:02:18.256 [EVENT] sock=2516 hEvent=000009A4 events=0x0
2026-10-03 06:02:18.257 [EVENT] sock=2516 hEvent=000009A4 events=0x21
2026-10-03 06:02:28.422 [EVENT] sock=2516 hEvent=000009A4 events=0x0
2026-10-03 06:02:28.423 [EVENT] sock=2516 hEvent=000009A4 events=0x21
2026-10-03 06:02:31.417 [EVENT] sock=2656 hEvent=00000A0C events=0x0
2026-10-03 06:02:31.417 [EVENT] sock=2656 hEvent=00000A0C events=0x21
2026-10-03 06:02:38.475 [EVENT] sock=2516 hEvent=000009A4 events=0x0
2026-10-03 06:02:38.476 [EVENT] sock=2516 hEvent=000009A4 events=0x21
2026-10-03 06:02:48.531 [EVENT] sock=2516 hEvent=000009A4 events=0x0
2026-10-03 06:02:48.531 [EVENT] sock=2516 hEvent=000009A4 events=0x21
2026-10-03 06:02:58.677 [EVENT] sock=2516 hEvent=000009A4 events=0x0
2026-10-03 06:02:58.677 [EVENT] sock=2516 hEvent=000009A4 events=0x21
2026-10-03 06:03:01.418 [EVENT] sock=2656 hEvent=00000A0C events=0x0
2026-10-03 06:03:01.419 [EVENT] sock=2656 hEvent=00000A0C events=0x21
2026-10-03 06:03:08.728 [EVENT] sock=2516 hEvent=000009A4 events=0x0
2026-10-03 06:03:08.731 [EVENT] sock=2516 hEvent=000009A4 events=0x21
2026-10-03 06:03:18.778 [EVENT] sock=2516 hEvent=000009A4 events=0x0
2026-10-03 06:03:18.784 [EVENT] sock=2516 hEvent=000009A4 events=0x21
2026-10-03 06:03:28.927 [EVENT] sock=2516 hEvent=000009A4 events=0x0
2026-10-03 06:03:28.928 [EVENT] sock=2516 hEvent=000009A4 events=0x21
2026-10-03 06:03:31.420 [EVENT] sock=2656 hEvent=00000A0C events=0x0
2026-10-03 06:03:31.420 [EVENT] sock=2656 hEvent=00000A0C events=0x21
2026-10-03 06:03:38.977 [EVENT] sock=2516 hEvent=000009A4 events=0x0
2026-10-03 06:03:38.980 [EVENT] sock=2516 hEvent=000009A4 events=0x21
2026-10-03 06:03:49.031 [EVENT] sock=2516 hEvent=000009A4 events=0x0
2026-10-03 06:03:49.034 [EVENT] sock=2516 hEvent=000009A4 events=0x21
2026-10-03 06:03:59.085 [EVENT] sock=2516 hEvent=000009A4 events=0x0
2026-10-03 06:03:59.087 [HB-OUT] op=0001 #3 len=4 sock=2516
2026-10-03 06:03:59.087 [EVENT] sock=2516 hEvent=000009A4 events=0x21
2026-10-03 06:03:59.230 [EVENT] sock=2516 hEvent=000009A4 events=0x0
2026-10-03 06:03:59.233 [EVENT] sock=2516 hEvent=000009A4 events=0x21
2026-10-03 06:04:01.422 [EVENT] sock=2656 hEvent=00000A0C events=0x0
2026-10-03 06:04:01.422 [EVENT] sock=2656 hEvent=00000A0C events=0x21
2026-10-03 06:04:09.398 [EVENT] sock=2516 hEvent=000009A4 events=0x0
2026-10-03 06:04:09.402 [EVENT] sock=2516 hEvent=000009A4 events=0x21
2026-10-03 06:04:19.463 [EVENT] sock=2516 hEvent=000009A4 events=0x0
2026-10-03 06:04:19.466 [EVENT] sock=2516 hEvent=000009A4 events=0x21
2026-10-03 06:04:29.518 [EVENT] sock=2516 hEvent=000009A4 events=0x0
2026-10-03 06:04:29.520 [EVENT] sock=2516 hEvent=000009A4 events=0x21
2026-10-03 06:04:31.423 [EVENT] sock=2656 hEvent=00000A0C events=0x0
2026-10-03 06:04:31.423 [EVENT] sock=2656 hEvent=00000A0C events=0x21
2026-10-03 06:04:39.567 [EVENT] sock=2516 hEvent=000009A4 events=0x0
2026-10-03 06:04:39.569 [EVENT] sock=2516 hEvent=000009A4 events=0x21
2026-10-03 06:04:49.620 [EVENT] sock=2516 hEvent=000009A4 events=0x0
2026-10-03 06:04:49.622 [EVENT] sock=2516 hEvent=000009A4 events=0x21
2026-10-03 06:04:59.688 [EVENT] sock=2516 hEvent=000009A4 events=0x0
2026-10-03 06:04:59.688 [EVENT] sock=2516 hEvent=000009A4 events=0x21
2026-10-03 06:05:01.424 [EVENT] sock=2656 hEvent=00000A0C events=0x0
2026-10-03 06:05:01.424 [EVENT] sock=2656 hEvent=00000A0C events=0x21
2026-10-03 06:05:09.753 [EVENT] sock=2516 hEvent=000009A4 events=0x0
2026-10-03 06:05:09.753 [EVENT] sock=2516 hEvent=000009A4 events=0x21
2026-10-03 06:05:19.801 [EVENT] sock=2516 hEvent=000009A4 events=0x0
2026-10-03 06:05:19.806 [EVENT] sock=2516 hEvent=000009A4 events=0x21
2026-10-03 06:05:29.885 [EVENT] sock=2516 hEvent=000009A4 events=0x0
2026-10-03 06:05:29.888 [EVENT] sock=2516 hEvent=000009A4 events=0x21
2026-10-03 06:05:31.424 [EVENT] sock=2656 hEvent=00000A0C events=0x0
2026-10-03 06:05:31.424 [EVENT] sock=2656 hEvent=00000A0C events=0x21
2026-10-03 06:05:39.954 [EVENT] sock=2516 hEvent=000009A4 events=0x0
2026-10-03 06:05:39.954 [EVENT] sock=2516 hEvent=000009A4 events=0x21
2026-10-03 06:05:49.999 [EVENT] sock=2516 hEvent=000009A4 events=0x0
2026-10-03 06:05:50.001 [EVENT] sock=2516 hEvent=000009A4 events=0x21
2026-10-03 06:06:00.088 [EVENT] sock=2516 hEvent=000009A4 events=0x0
2026-10-03 06:06:00.088 [EVENT] sock=2516 hEvent=000009A4 events=0x21
2026-10-03 06:06:01.426 [EVENT] sock=2656 hEvent=00000A0C events=0x0
2026-10-03 06:06:01.427 [EVENT] sock=2656 hEvent=00000A0C events=0x21
2026-10-03 06:06:10.137 [EVENT] sock=2516 hEvent=000009A4 events=0x0
2026-10-03 06:06:10.139 [EVENT] sock=2516 hEvent=000009A4 events=0x21
2026-10-03 06:06:20.205 [EVENT] sock=2516 hEvent=000009A4 events=0x0
2026-10-03 06:06:20.205 [EVENT] sock=2516 hEvent=000009A4 events=0x21
2026-10-03 06:06:30.355 [EVENT] sock=2516 hEvent=000009A4 events=0x0
2026-10-03 06:06:30.357 [EVENT] sock=2516 hEvent=000009A4 events=0x21
2026-10-03 06:06:31.428 [EVENT] sock=2656 hEvent=00000A0C events=0x0
2026-10-03 06:06:31.428 [EVENT] sock=2656 hEvent=00000A0C events=0x21
2026-10-03 06:06:40.403 [EVENT] sock=2516 hEvent=000009A4 events=0x0
2026-10-03 06:06:40.404 [EVENT] sock=2516 hEvent=000009A4 events=0x21
2026-10-03 06:06:50.458 [EVENT] sock=2516 hEvent=000009A4 events=0x0
2026-10-03 06:06:50.458 [EVENT] sock=2516 hEvent=000009A4 events=0x21
2026-10-03 06:07:00.657 [EVENT] sock=2516 hEvent=000009A4 events=0x0
2026-10-03 06:07:00.661 [EVENT] sock=2516 hEvent=000009A4 events=0x21
2026-10-03 06:07:01.429 [EVENT] sock=2656 hEvent=00000A0C events=0x0
2026-10-03 06:07:01.429 [EVENT] sock=2656 hEvent=00000A0C events=0x21
2026-10-03 06:07:10.721 [EVENT] sock=2516 hEvent=000009A4 events=0x0
2026-10-03 06:07:10.723 [EVENT] sock=2516 hEvent=000009A4 events=0x21
2026-10-03 06:07:20.769 [EVENT] sock=2516 hEvent=000009A4 events=0x0
2026-10-03 06:07:20.773 [EVENT] sock=2516 hEvent=000009A4 events=0x21
2026-10-03 06:07:30.971 [EVENT] sock=2516 hEvent=000009A4 events=0x0
2026-10-03 06:07:30.971 [EVENT] sock=2516 hEvent=000009A4 events=0x21
2026-10-03 06:07:31.430 [EVENT] sock=2656 hEvent=00000A0C events=0x0
2026-10-03 06:07:31.430 [EVENT] sock=2656 hEvent=00000A0C events=0x21
2026-10-03 06:07:41.020 [EVENT] sock=2516 hEvent=000009A4 events=0x0
2026-10-03 06:07:41.023 [EVENT] sock=2516 hEvent=000009A4 events=0x21
2026-10-03 06:07:51.069 [EVENT] sock=2516 hEvent=000009A4 events=0x0
2026-10-03 06:07:51.071 [EVENT] sock=2516 hEvent=000009A4 events=0x21
2026-10-03 06:08:01.170 [EVENT] sock=2516 hEvent=000009A4 events=0x0
2026-10-03 06:08:01.171 [EVENT] sock=2516 hEvent=000009A4 events=0x21
2026-10-03 06:08:01.431 [EVENT] sock=2656 hEvent=00000A0C events=0x0
2026-10-03 06:08:01.431 [EVENT] sock=2656 hEvent=00000A0C events=0x21
2026-10-03 06:08:11.228 [EVENT] sock=2516 hEvent=000009A4 events=0x0
2026-10-03 06:08:11.230 [EVENT] sock=2516 hEvent=000009A4 events=0x21
2026-10-03 06:08:21.291 [EVENT] sock=2516 hEvent=000009A4 events=0x0
2026-10-03 06:08:21.291 [EVENT] sock=2516 hEvent=000009A4 events=0x21
2026-10-03 06:08:31.375 [EVENT] sock=2516 hEvent=000009A4 events=0x0
2026-10-03 06:08:31.378 [EVENT] sock=2516 hEvent=000009A4 events=0x21
2026-10-03 06:08:31.433 [EVENT] sock=2656 hEvent=00000A0C events=0x0
2026-10-03 06:08:31.433 [EVENT] sock=2656 hEvent=00000A0C events=0x21
2026-10-03 06:08:41.423 [EVENT] sock=2516 hEvent=000009A4 events=0x0
2026-10-03 06:08:41.423 [EVENT] sock=2516 hEvent=000009A4 events=0x21
2026-10-03 06:08:51.473 [EVENT] sock=2516 hEvent=000009A4 events=0x0
2026-10-03 06:08:51.476 [EVENT] sock=2516 hEvent=000009A4 events=0x21
2026-10-03 06:09:01.434 [EVENT] sock=2656 hEvent=00000A0C events=0x0
2026-10-03 06:09:01.434 [EVENT] sock=2656 hEvent=00000A0C events=0x21
2026-10-03 06:09:01.573 [EVENT] sock=2516 hEvent=000009A4 events=0x0
2026-10-03 06:09:01.573 [EVENT] sock=2516 hEvent=000009A4 events=0x21
2026-10-03 06:09:11.624 [EVENT] sock=2516 hEvent=000009A4 events=0x0
2026-10-03 06:09:11.629 [EVENT] sock=2516 hEvent=000009A4 events=0x21
2026-10-03 06:09:21.676 [EVENT] sock=2516 hEvent=000009A4 events=0x0
2026-10-03 06:09:21.677 [EVENT] sock=2516 hEvent=000009A4 events=0x21
2026-10-03 06:09:31.434 [EVENT] sock=2656 hEvent=00000A0C events=0x0
2026-10-03 06:09:31.434 [EVENT] sock=2656 hEvent=00000A0C events=0x21
2026-10-03 06:09:31.873 [EVENT] sock=2516 hEvent=000009A4 events=0x0
2026-10-03 06:09:31.874 [EVENT] sock=2516 hEvent=000009A4 events=0x21
2026-10-03 06:09:41.929 [EVENT] sock=2516 hEvent=000009A4 events=0x0
2026-10-03 06:09:41.929 [EVENT] sock=2516 hEvent=000009A4 events=0x21
2026-10-03 06:09:51.977 [EVENT] sock=2516 hEvent=000009A4 events=0x0
2026-10-03 06:09:51.983 [EVENT] sock=2516 hEvent=000009A4 events=0x21
2026-10-03 06:10:01.437 [EVENT] sock=2656 hEvent=00000A0C events=0x0
2026-10-03 06:10:01.437 [EVENT] sock=2656 hEvent=00000A0C events=0x21
2026-10-03 06:10:02.131 [EVENT] sock=2516 hEvent=000009A4 events=0x0
2026-10-03 06:10:02.134 [EVENT] sock=2516 hEvent=000009A4 events=0x21
2026-10-03 06:10:12.196 [EVENT] sock=2516 hEvent=000009A4 events=0x0
2026-10-03 06:10:12.197 [EVENT] sock=2516 hEvent=000009A4 events=0x21
2026-10-03 06:10:22.264 [EVENT] sock=2516 hEvent=000009A4 events=0x0
2026-10-03 06:10:22.266 [EVENT] sock=2516 hEvent=000009A4 events=0x21
2026-10-03 06:10:31.437 [EVENT] sock=2656 hEvent=00000A0C events=0x0
2026-10-03 06:10:31.438 [EVENT] sock=2656 hEvent=00000A0C events=0x21
2026-10-03 06:10:32.396 [EVENT] sock=2516 hEvent=000009A4 events=0x0
2026-10-03 06:10:32.397 [EVENT] sock=2516 hEvent=000009A4 events=0x21
2026-10-03 06:10:42.443 [EVENT] sock=2516 hEvent=000009A4 events=0x0
2026-10-03 06:10:42.448 [EVENT] sock=2516 hEvent=000009A4 events=0x21
2026-10-03 06:10:52.493 [EVENT] sock=2516 hEvent=000009A4 events=0x0
2026-10-03 06:10:52.497 [EVENT] sock=2516 hEvent=000009A4 events=0x21
2026-10-03 06:11:01.438 [EVENT] sock=2656 hEvent=00000A0C events=0x0
2026-10-03 06:11:01.438 [EVENT] sock=2656 hEvent=00000A0C events=0x21
2026-10-03 06:11:02.594 [EVENT] sock=2516 hEvent=000009A4 events=0x0
2026-10-03 06:11:02.594 [EVENT] sock=2516 hEvent=000009A4 events=0x21
2026-10-03 06:11:12.643 [EVENT] sock=2516 hEvent=000009A4 events=0x0
2026-10-03 06:11:12.648 [EVENT] sock=2516 hEvent=000009A4 events=0x21
2026-10-03 06:11:22.713 [EVENT] sock=2516 hEvent=000009A4 events=0x0
2026-10-03 06:11:22.715 [EVENT] sock=2516 hEvent=000009A4 events=0x21
2026-10-03 06:11:31.439 [EVENT] sock=2656 hEvent=00000A0C events=0x0
2026-10-03 06:11:31.440 [EVENT] sock=2656 hEvent=00000A0C events=0x21
2026-10-03 06:11:32.848 [EVENT] sock=2516 hEvent=000009A4 events=0x0
2026-10-03 06:11:32.849 [EVENT] sock=2516 hEvent=000009A4 events=0x21
2026-10-03 06:11:42.894 [EVENT] sock=2516 hEvent=000009A4 events=0x0
2026-10-03 06:11:42.898 [EVENT] sock=2516 hEvent=000009A4 events=0x21
2026-10-03 06:11:52.945 [EVENT] sock=2516 hEvent=000009A4 events=0x0
2026-10-03 06:11:52.950 [EVENT] sock=2516 hEvent=000009A4 events=0x21
2026-10-03 06:12:01.441 [EVENT] sock=2656 hEvent=00000A0C events=0x0
2026-10-03 06:12:01.442 [EVENT] sock=2656 hEvent=00000A0C events=0x21
2026-10-03 06:12:03.064 [EVENT] sock=2516 hEvent=000009A4 events=0x0
2026-10-03 06:12:03.066 [EVENT] sock=2516 hEvent=000009A4 events=0x21
2026-10-03 06:12:13.127 [EVENT] sock=2516 hEvent=000009A4 events=0x0
2026-10-03 06:12:13.128 [EVENT] sock=2516 hEvent=000009A4 events=0x21
2026-10-03 06:12:23.177 [EVENT] sock=2516 hEvent=000009A4 events=0x0
2026-10-03 06:12:23.182 [EVENT] sock=2516 hEvent=000009A4 events=0x21
2026-10-03 06:12:31.443 [EVENT] sock=2656 hEvent=00000A0C events=0x0
2026-10-03 06:12:31.444 [EVENT] sock=2656 hEvent=00000A0C events=0x21
2026-10-03 06:12:33.261 [EVENT] sock=2516 hEvent=000009A4 events=0x0
2026-10-03 06:12:33.262 [EVENT] sock=2516 hEvent=000009A4 events=0x21
2026-10-03 06:12:43.315 [EVENT] sock=2516 hEvent=000009A4 events=0x0
2026-10-03 06:12:43.316 [EVENT] sock=2516 hEvent=000009A4 events=0x21
2026-10-03 06:12:53.360 [EVENT] sock=2516 hEvent=000009A4 events=0x0
2026-10-03 06:12:53.361 [EVENT] sock=2516 hEvent=000009A4 events=0x21
2026-10-03 06:13:01.444 [EVENT] sock=2656 hEvent=00000A0C events=0x0
2026-10-03 06:13:01.448 [EVENT] sock=2656 hEvent=00000A0C events=0x21
2026-10-03 06:13:03.614 [EVENT] sock=2516 hEvent=000009A4 events=0x0
2026-10-03 06:13:03.616 [EVENT] sock=2516 hEvent=000009A4 events=0x21
2026-10-03 06:13:13.667 [EVENT] sock=2516 hEvent=000009A4 events=0x0
2026-10-03 06:13:13.667 [EVENT] sock=2516 hEvent=000009A4 events=0x21
2026-10-03 06:13:23.715 [EVENT] sock=2516 hEvent=000009A4 events=0x0
2026-10-03 06:13:23.716 [EVENT] sock=2516 hEvent=000009A4 events=0x21
2026-10-03 06:13:31.450 [EVENT] sock=2656 hEvent=00000A0C events=0x0
2026-10-03 06:13:31.452 [EVENT] sock=2656 hEvent=00000A0C events=0x21
2026-10-03 06:13:33.819 [EVENT] sock=2516 hEvent=000009A4 events=0x0
2026-10-03 06:13:33.820 [EVENT] sock=2516 hEvent=000009A4 events=0x21
2026-10-03 06:13:43.867 [EVENT] sock=2516 hEvent=000009A4 events=0x0
2026-10-03 06:13:43.868 [EVENT] sock=2516 hEvent=000009A4 events=0x21
2026-10-03 06:13:53.916 [EVENT] sock=2516 hEvent=000009A4 events=0x0
2026-10-03 06:13:53.917 [EVENT] sock=2516 hEvent=000009A4 events=0x21
2026-10-03 06:14:01.454 [EVENT] sock=2656 hEvent=00000A0C events=0x0
2026-10-03 06:14:01.456 [EVENT] sock=2656 hEvent=00000A0C events=0x21
2026-10-03 06:14:04.081 [EVENT] sock=2516 hEvent=000009A4 events=0x0
2026-10-03 06:14:04.086 [EVENT] sock=2516 hEvent=000009A4 events=0x21
2026-10-03 06:14:14.148 [EVENT] sock=2516 hEvent=000009A4 events=0x0
2026-10-03 06:14:14.148 [EVENT] sock=2516 hEvent=000009A4 events=0x21
2026-10-03 06:14:24.202 [EVENT] sock=2516 hEvent=000009A4 events=0x0
2026-10-03 06:14:24.202 [EVENT] sock=2516 hEvent=000009A4 events=0x21
2026-10-03 06:14:31.457 [EVENT] sock=2656 hEvent=00000A0C events=0x0
2026-10-03 06:14:31.457 [EVENT] sock=2656 hEvent=00000A0C events=0x21
2026-10-03 06:14:34.281 [EVENT] sock=2516 hEvent=000009A4 events=0x0
2026-10-03 06:14:34.282 [EVENT] sock=2516 hEvent=000009A4 events=0x21
2026-10-03 06:14:44.333 [EVENT] sock=2516 hEvent=000009A4 events=0x0
2026-10-03 06:14:44.336 [EVENT] sock=2516 hEvent=000009A4 events=0x21
2026-10-03 06:14:54.400 [EVENT] sock=2516 hEvent=000009A4 events=0x0
2026-10-03 06:14:54.401 [EVENT] sock=2516 hEvent=000009A4 events=0x21
2026-10-03 06:15:01.458 [EVENT] sock=2656 hEvent=00000A0C events=0x0
2026-10-03 06:15:01.458 [EVENT] sock=2656 hEvent=00000A0C events=0x21
2026-10-03 06:15:04.531 [EVENT] sock=2516 hEvent=000009A4 events=0x0
2026-10-03 06:15:04.532 [EVENT] sock=2516 hEvent=000009A4 events=0x21
2026-10-03 06:15:14.586 [EVENT] sock=2516 hEvent=000009A4 events=0x0
2026-10-03 06:15:14.586 [EVENT] sock=2516 hEvent=000009A4 events=0x21
2026-10-03 06:15:24.636 [EVENT] sock=2516 hEvent=000009A4 events=0x0
2026-10-03 06:15:24.636 [EVENT] sock=2516 hEvent=000009A4 events=0x21
2026-10-03 06:15:31.458 [EVENT] sock=2656 hEvent=00000A0C events=0x0
2026-10-03 06:15:31.458 [EVENT] sock=2656 hEvent=00000A0C events=0x21
2026-10-03 06:15:34.788 [EVENT] sock=2516 hEvent=000009A4 events=0x0
2026-10-03 06:15:34.789 [EVENT] sock=2516 hEvent=000009A4 events=0x21
2026-10-03 06:15:44.856 [EVENT] sock=2516 hEvent=000009A4 events=0x0
2026-10-03 06:15:44.857 [EVENT] sock=2516 hEvent=000009A4 events=0x21
2026-10-03 06:15:54.918 [EVENT] sock=2516 hEvent=000009A4 events=0x0
2026-10-03 06:15:54.924 [EVENT] sock=2516 hEvent=000009A4 events=0x21
2026-10-03 06:16:01.460 [EVENT] sock=2656 hEvent=00000A0C events=0x0
2026-10-03 06:16:01.460 [EVENT] sock=2656 hEvent=00000A0C events=0x21
2026-10-03 06:16:05.001 [EVENT] sock=2516 hEvent=000009A4 events=0x0
2026-10-03 06:16:05.001 [EVENT] sock=2516 hEvent=000009A4 events=0x21
2026-10-03 06:16:15.054 [EVENT] sock=2516 hEvent=000009A4 events=0x0
2026-10-03 06:16:15.055 [EVENT] sock=2516 hEvent=000009A4 events=0x21
2026-10-03 06:16:25.122 [EVENT] sock=2516 hEvent=000009A4 events=0x0
2026-10-03 06:16:25.123 [EVENT] sock=2516 hEvent=000009A4 events=0x21
2026-10-03 06:16:31.460 [EVENT] sock=2656 hEvent=00000A0C events=0x0
2026-10-03 06:16:31.460 [EVENT] sock=2656 hEvent=00000A0C events=0x21
2026-10-03 06:16:35.351 [EVENT] sock=2516 hEvent=000009A4 events=0x0
2026-10-03 06:16:35.356 [EVENT] sock=2516 hEvent=000009A4 events=0x21
2026-10-03 06:16:45.401 [EVENT] sock=2516 hEvent=000009A4 events=0x0
2026-10-03 06:16:45.402 [EVENT] sock=2516 hEvent=000009A4 events=0x21
2026-10-03 06:16:55.459 [EVENT] sock=2516 hEvent=000009A4 events=0x0
2026-10-03 06:16:55.460 [EVENT] sock=2516 hEvent=000009A4 events=0x21
2026-10-03 06:17:01.462 [EVENT] sock=2656 hEvent=00000A0C events=0x0
2026-10-03 06:17:01.462 [EVENT] sock=2656 hEvent=00000A0C events=0x21
2026-10-03 06:17:05.555 [EVENT] sock=2516 hEvent=000009A4 events=0x0
2026-10-03 06:17:05.555 [EVENT] sock=2516 hEvent=000009A4 events=0x21
2026-10-03 06:17:15.605 [EVENT] sock=2516 hEvent=000009A4 events=0x0
2026-10-03 06:17:15.609 [EVENT] sock=2516 hEvent=000009A4 events=0x21
2026-10-03 06:17:25.654 [EVENT] sock=2516 hEvent=000009A4 events=0x0
2026-10-03 06:17:25.659 [EVENT] sock=2516 hEvent=000009A4 events=0x21
2026-10-03 06:17:31.463 [EVENT] sock=2656 hEvent=00000A0C events=0x0
2026-10-03 06:17:31.463 [EVENT] sock=2656 hEvent=00000A0C events=0x21
2026-10-03 06:17:35.756 [EVENT] sock=2516 hEvent=000009A4 events=0x0
2026-10-03 06:17:35.756 [EVENT] sock=2516 hEvent=000009A4 events=0x21
2026-10-03 06:17:45.805 [EVENT] sock=2516 hEvent=000009A4 events=0x0
2026-10-03 06:17:45.809 [EVENT] sock=2516 hEvent=000009A4 events=0x21
2026-10-03 06:17:55.855 [EVENT] sock=2516 hEvent=000009A4 events=0x0
2026-10-03 06:17:55.859 [EVENT] sock=2516 hEvent=000009A4 events=0x21
2026-10-03 06:18:01.464 [EVENT] sock=2656 hEvent=00000A0C events=0x0
2026-10-03 06:18:01.464 [EVENT] sock=2656 hEvent=00000A0C events=0x21
2026-10-03 06:18:06.025 [EVENT] sock=2516 hEvent=000009A4 events=0x0
2026-10-03 06:18:06.027 [EVENT] sock=2516 hEvent=000009A4 events=0x21
2026-10-03 06:18:16.092 [EVENT] sock=2516 hEvent=000009A4 events=0x0
2026-10-03 06:18:16.093 [EVENT] sock=2516 hEvent=000009A4 events=0x21
2026-10-03 06:18:26.143 [EVENT] sock=2516 hEvent=000009A4 events=0x0
2026-10-03 06:18:26.144 [EVENT] sock=2516 hEvent=000009A4 events=0x21
2026-10-03 06:18:31.466 [EVENT] sock=2656 hEvent=00000A0C events=0x0
2026-10-03 06:18:31.466 [EVENT] sock=2656 hEvent=00000A0C events=0x21
2026-10-03 06:18:36.379 [EVENT] sock=2516 hEvent=000009A4 events=0x0
2026-10-03 06:18:36.379 [EVENT] sock=2516 hEvent=000009A4 events=0x21
2026-10-03 06:18:46.428 [EVENT] sock=2516 hEvent=000009A4 events=0x0
2026-10-03 06:18:46.428 [EVENT] sock=2516 hEvent=000009A4 events=0x21
2026-10-03 06:18:56.476 [EVENT] sock=2516 hEvent=000009A4 events=0x0
2026-10-03 06:18:56.477 [EVENT] sock=2516 hEvent=000009A4 events=0x21
2026-10-03 06:19:01.468 [EVENT] sock=2656 hEvent=00000A0C events=0x0
2026-10-03 06:19:01.469 [EVENT] sock=2656 hEvent=00000A0C events=0x21
2026-10-03 06:19:06.576 [EVENT] sock=2516 hEvent=000009A4 events=0x0
2026-10-03 06:19:06.576 [EVENT] sock=2516 hEvent=000009A4 events=0x21
2026-10-03 06:19:16.643 [EVENT] sock=2516 hEvent=000009A4 events=0x0
2026-10-03 06:19:16.644 [EVENT] sock=2516 hEvent=000009A4 events=0x21
2026-10-03 06:19:26.690 [EVENT] sock=2516 hEvent=000009A4 events=0x0
2026-10-03 06:19:26.694 [EVENT] sock=2516 hEvent=000009A4 events=0x21
2026-10-03 06:19:31.470 [EVENT] sock=2656 hEvent=00000A0C events=0x0
2026-10-03 06:19:31.470 [EVENT] sock=2656 hEvent=00000A0C events=0x21
2026-10-03 06:19:36.775 [EVENT] sock=2516 hEvent=000009A4 events=0x0
2026-10-03 06:19:36.776 [EVENT] sock=2516 hEvent=000009A4 events=0x21
2026-10-03 06:19:46.841 [EVENT] sock=2516 hEvent=000009A4 events=0x0
2026-10-03 06:19:46.842 [EVENT] sock=2516 hEvent=000009A4 events=0x21
2026-10-03 06:19:56.895 [EVENT] sock=2516 hEvent=000009A4 events=0x0
2026-10-03 06:19:56.895 [EVENT] sock=2516 hEvent=000009A4 events=0x21
2026-10-03 06:20:01.471 [EVENT] sock=2656 hEvent=00000A0C events=0x0
2026-10-03 06:20:01.471 [EVENT] sock=2656 hEvent=00000A0C events=0x21
2026-10-03 06:20:06.991 [EVENT] sock=2516 hEvent=000009A4 events=0x0
2026-10-03 06:20:06.992 [EVENT] sock=2516 hEvent=000009A4 events=0x21
2026-10-03 06:20:17.042 [EVENT] sock=2516 hEvent=000009A4 events=0x0
2026-10-03 06:20:17.045 [EVENT] sock=2516 hEvent=000009A4 events=0x21
2026-10-03 06:20:27.091 [EVENT] sock=2516 hEvent=000009A4 events=0x0
2026-10-03 06:20:27.092 [EVENT] sock=2516 hEvent=000009A4 events=0x21
2026-10-03 06:20:31.472 [EVENT] sock=2656 hEvent=00000A0C events=0x0
2026-10-03 06:20:31.473 [EVENT] sock=2656 hEvent=00000A0C events=0x21
2026-10-03 06:20:37.192 [EVENT] sock=2516 hEvent=000009A4 events=0x0
2026-10-03 06:20:37.192 [EVENT] sock=2516 hEvent=000009A4 events=0x21
2026-10-03 06:20:47.242 [EVENT] sock=2516 hEvent=000009A4 events=0x0
2026-10-03 06:20:47.245 [EVENT] sock=2516 hEvent=000009A4 events=0x21
2026-10-03 06:20:57.291 [EVENT] sock=2516 hEvent=000009A4 events=0x0
2026-10-03 06:20:57.291 [EVENT] sock=2516 hEvent=000009A4 events=0x21
2026-10-03 06:21:01.474 [EVENT] sock=2656 hEvent=00000A0C events=0x0
2026-10-03 06:21:01.474 [EVENT] sock=2656 hEvent=00000A0C events=0x21
2026-10-03 06:21:07.398 [EVENT] sock=2516 hEvent=000009A4 events=0x0
2026-10-03 06:21:07.398 [EVENT] sock=2516 hEvent=000009A4 events=0x21
2026-10-03 06:21:17.447 [EVENT] sock=2516 hEvent=000009A4 events=0x0
2026-10-03 06:21:17.452 [EVENT] sock=2516 hEvent=000009A4 events=0x21
2026-10-03 06:21:27.511 [EVENT] sock=2516 hEvent=000009A4 events=0x0
2026-10-03 06:21:27.517 [EVENT] sock=2516 hEvent=000009A4 events=0x21
2026-10-03 06:21:31.476 [EVENT] sock=2656 hEvent=00000A0C events=0x0
2026-10-03 06:21:31.478 [EVENT] sock=2656 hEvent=00000A0C events=0x21
2026-10-03 06:21:37.594 [EVENT] sock=2516 hEvent=000009A4 events=0x0
2026-10-03 06:21:37.596 [EVENT] sock=2516 hEvent=000009A4 events=0x21
2026-10-03 06:21:47.648 [EVENT] sock=2516 hEvent=000009A4 events=0x0
2026-10-03 06:21:47.652 [EVENT] sock=2516 hEvent=000009A4 events=0x21
2026-10-03 06:21:57.712 [EVENT] sock=2516 hEvent=000009A4 events=0x0
2026-10-03 06:21:57.714 [EVENT] sock=2516 hEvent=000009A4 events=0x21
2026-10-03 06:22:01.479 [EVENT] sock=2656 hEvent=00000A0C events=0x0
2026-10-03 06:22:01.481 [EVENT] sock=2656 hEvent=00000A0C events=0x21
2026-10-03 06:22:07.867 [EVENT] sock=2516 hEvent=000009A4 events=0x0
2026-10-03 06:22:07.868 [EVENT] sock=2516 hEvent=000009A4 events=0x21
2026-10-03 06:22:17.915 [EVENT] sock=2516 hEvent=000009A4 events=0x0
2026-10-03 06:22:17.920 [EVENT] sock=2516 hEvent=000009A4 events=0x21
2026-10-03 06:22:27.984 [EVENT] sock=2516 hEvent=000009A4 events=0x0
2026-10-03 06:22:27.988 [EVENT] sock=2516 hEvent=000009A4 events=0x21
2026-10-03 06:22:31.482 [EVENT] sock=2656 hEvent=00000A0C events=0x0
2026-10-03 06:22:31.482 [EVENT] sock=2656 hEvent=00000A0C events=0x21
2026-10-03 06:22:38.115 [EVENT] sock=2516 hEvent=000009A4 events=0x0
2026-10-03 06:22:38.117 [EVENT] sock=2516 hEvent=000009A4 events=0x21
2026-10-03 06:22:48.166 [EVENT] sock=2516 hEvent=000009A4 events=0x0
2026-10-03 06:22:48.167 [EVENT] sock=2516 hEvent=000009A4 events=0x21
2026-10-03 06:22:58.219 [EVENT] sock=2516 hEvent=000009A4 events=0x0
2026-10-03 06:22:58.223 [EVENT] sock=2516 hEvent=000009A4 events=0x21
2026-10-03 06:23:01.489 [EVENT] sock=2656 hEvent=00000A0C events=0x0
2026-10-03 06:23:01.491 [EVENT] sock=2656 hEvent=00000A0C events=0x21
2026-10-03 06:23:08.367 [EVENT] sock=2516 hEvent=000009A4 events=0x0
2026-10-03 06:23:08.368 [EVENT] sock=2516 hEvent=000009A4 events=0x21
2026-10-03 06:23:18.421 [EVENT] sock=2516 hEvent=000009A4 events=0x0
2026-10-03 06:23:18.423 [EVENT] sock=2516 hEvent=000009A4 events=0x21
2026-10-03 06:23:28.468 [EVENT] sock=2516 hEvent=000009A4 events=0x0
2026-10-03 06:23:28.473 [EVENT] sock=2516 hEvent=000009A4 events=0x21
2026-10-03 06:23:31.493 [EVENT] sock=2656 hEvent=00000A0C events=0x0
2026-10-03 06:23:31.493 [EVENT] sock=2656 hEvent=00000A0C events=0x21
2026-10-03 06:23:38.619 [EVENT] sock=2516 hEvent=000009A4 events=0x0
2026-10-03 06:23:38.624 [EVENT] sock=2516 hEvent=000009A4 events=0x21
2026-10-03 06:23:48.669 [EVENT] sock=2516 hEvent=000009A4 events=0x0
2026-10-03 06:23:48.671 [EVENT] sock=2516 hEvent=000009A4 events=0x21
2026-10-03 06:23:58.719 [EVENT] sock=2516 hEvent=000009A4 events=0x0
2026-10-03 06:23:58.720 [EVENT] sock=2516 hEvent=000009A4 events=0x21
2026-10-03 06:24:01.495 [EVENT] sock=2656 hEvent=00000A0C events=0x0
2026-10-03 06:24:01.496 [EVENT] sock=2656 hEvent=00000A0C events=0x21
2026-10-03 06:24:08.867 [EVENT] sock=2516 hEvent=000009A4 events=0x0
2026-10-03 06:24:08.870 [EVENT] sock=2516 hEvent=000009A4 events=0x21
2026-10-03 06:24:18.918 [EVENT] sock=2516 hEvent=000009A4 events=0x0
2026-10-03 06:24:18.923 [EVENT] sock=2516 hEvent=000009A4 events=0x21
2026-10-03 06:24:28.974 [EVENT] sock=2516 hEvent=000009A4 events=0x0
2026-10-03 06:24:28.975 [EVENT] sock=2516 hEvent=000009A4 events=0x21
2026-10-03 06:24:31.498 [EVENT] sock=2656 hEvent=00000A0C events=0x0
2026-10-03 06:24:31.498 [EVENT] sock=2656 hEvent=00000A0C events=0x21
2026-10-03 06:24:39.185 [EVENT] sock=2516 hEvent=000009A4 events=0x0
2026-10-03 06:24:39.189 [EVENT] sock=2516 hEvent=000009A4 events=0x21
2026-10-03 06:24:49.234 [EVENT] sock=2516 hEvent=000009A4 events=0x0
2026-10-03 06:24:49.240 [EVENT] sock=2516 hEvent=000009A4 events=0x21
2026-10-03 06:24:59.287 [EVENT] sock=2516 hEvent=000009A4 events=0x0
2026-10-03 06:24:59.290 [EVENT] sock=2516 hEvent=000009A4 events=0x21
2026-10-03 06:25:01.499 [EVENT] sock=2656 hEvent=00000A0C events=0x0
2026-10-03 06:25:01.499 [EVENT] sock=2656 hEvent=00000A0C events=0x21
2026-10-03 06:25:09.435 [EVENT] sock=2516 hEvent=000009A4 events=0x0
2026-10-03 06:25:09.440 [EVENT] sock=2516 hEvent=000009A4 events=0x21
2026-10-03 06:25:19.485 [EVENT] sock=2516 hEvent=000009A4 events=0x0
2026-10-03 06:25:19.486 [EVENT] sock=2516 hEvent=000009A4 events=0x21
2026-10-03 06:25:30.103 [EVENT] sock=2516 hEvent=000009A4 events=0x0
2026-10-03 06:25:30.107 [EVENT] sock=2516 hEvent=000009A4 events=0x21
2026-10-03 06:25:31.502 [EVENT] sock=2656 hEvent=00000A0C events=0x0
2026-10-03 06:25:31.504 [EVENT] sock=2656 hEvent=00000A0C events=0x21
2026-10-03 06:25:40.175 [EVENT] sock=2516 hEvent=000009A4 events=0x0
2026-10-03 06:25:40.175 [EVENT] sock=2516 hEvent=000009A4 events=0x21
2026-10-03 06:25:50.835 [EVENT] sock=2516 hEvent=000009A4 events=0x0
2026-10-03 06:25:50.836 [EVENT] sock=2516 hEvent=000009A4 events=0x21
2026-10-03 06:26:01.509 [EVENT] sock=2656 hEvent=00000A0C events=0x0
2026-10-03 06:26:01.512 [EVENT] sock=2656 hEvent=00000A0C events=0x21
2026-10-03 06:26:02.871 [EVENT] sock=2516 hEvent=000009A4 events=0x0
2026-10-03 06:26:02.872 [EVENT] sock=2516 hEvent=000009A4 events=0x21
2026-10-03 06:26:14.042 [EVENT] sock=2516 hEvent=000009A4 events=0x0
2026-10-03 06:26:14.043 [EVENT] sock=2516 hEvent=000009A4 events=0x21
2026-10-03 06:26:25.455 [EVENT] sock=2516 hEvent=000009A4 events=0x0
2026-10-03 06:26:25.460 [EVENT] sock=2516 hEvent=000009A4 events=0x21
2026-10-03 06:26:31.512 [EVENT] sock=2656 hEvent=00000A0C events=0x0
2026-10-03 06:26:31.512 [EVENT] sock=2656 hEvent=00000A0C events=0x21
2026-10-03 06:26:35.522 [EVENT] sock=2516 hEvent=000009A4 events=0x0
2026-10-03 06:26:35.526 [EVENT] sock=2516 hEvent=000009A4 events=0x21
2026-10-03 06:26:46.771 [EVENT] sock=2516 hEvent=000009A4 events=0x0
2026-10-03 06:26:46.772 [EVENT] sock=2516 hEvent=000009A4 events=0x21
2026-10-03 06:26:56.822 [EVENT] sock=2516 hEvent=000009A4 events=0x0
2026-10-03 06:26:56.825 [EVENT] sock=2516 hEvent=000009A4 events=0x21
2026-10-03 06:27:01.513 [EVENT] sock=2656 hEvent=00000A0C events=0x0
2026-10-03 06:27:01.513 [EVENT] sock=2656 hEvent=00000A0C events=0x21
2026-10-03 06:27:06.972 [EVENT] sock=2516 hEvent=000009A4 events=0x0
2026-10-03 06:27:06.973 [EVENT] sock=2516 hEvent=000009A4 events=0x21
2026-10-03 06:27:17.022 [EVENT] sock=2516 hEvent=000009A4 events=0x0
2026-10-03 06:27:17.025 [EVENT] sock=2516 hEvent=000009A4 events=0x21
2026-10-03 06:27:27.075 [EVENT] sock=2516 hEvent=000009A4 events=0x0
2026-10-03 06:27:27.076 [EVENT] sock=2516 hEvent=000009A4 events=0x21
2026-10-03 06:27:31.513 [EVENT] sock=2656 hEvent=00000A0C events=0x0
2026-10-03 06:27:31.515 [EVENT] sock=2656 hEvent=00000A0C events=0x21
2026-10-03 06:27:37.128 [EVENT] sock=2516 hEvent=000009A4 events=0x0
2026-10-03 06:27:37.131 [EVENT] sock=2516 hEvent=000009A4 events=0x21
2026-10-03 06:27:47.771 [EVENT] sock=2516 hEvent=000009A4 events=0x0
2026-10-03 06:27:47.772 [EVENT] sock=2516 hEvent=000009A4 events=0x21
2026-10-03 06:27:58.422 [EVENT] sock=2516 hEvent=000009A4 events=0x0
2026-10-03 06:27:58.422 [EVENT] sock=2516 hEvent=000009A4 events=0x21
2026-10-03 06:28:01.516 [EVENT] sock=2656 hEvent=00000A0C events=0x0
2026-10-03 06:28:01.516 [EVENT] sock=2656 hEvent=00000A0C events=0x21
2026-10-03 06:28:10.925 [EVENT] sock=2516 hEvent=000009A4 events=0x0
2026-10-03 06:28:10.926 [EVENT] sock=2516 hEvent=000009A4 events=0x21
2026-10-03 06:28:20.972 [EVENT] sock=2516 hEvent=000009A4 events=0x0
2026-10-03 06:28:20.972 [EVENT] sock=2516 hEvent=000009A4 events=0x21
2026-10-03 06:28:31.027 [EVENT] sock=2516 hEvent=000009A4 events=0x0
2026-10-03 06:28:31.029 [EVENT] sock=2516 hEvent=000009A4 events=0x21
2026-10-03 06:28:31.517 [EVENT] sock=2656 hEvent=00000A0C events=0x0
2026-10-03 06:28:31.518 [EVENT] sock=2656 hEvent=00000A0C events=0x21
2026-10-03 06:28:41.126 [EVENT] sock=2516 hEvent=000009A4 events=0x0
2026-10-03 06:28:41.128 [EVENT] sock=2516 hEvent=000009A4 events=0x21
2026-10-03 06:28:53.392 [EVENT] sock=2516 hEvent=000009A4 events=0x0
2026-10-03 06:28:53.392 [EVENT] sock=2516 hEvent=000009A4 events=0x21
2026-10-03 06:29:01.519 [EVENT] sock=2656 hEvent=00000A0C events=0x0
2026-10-03 06:29:01.520 [EVENT] sock=2656 hEvent=00000A0C events=0x21
2026-10-03 06:29:04.810 [EVENT] sock=2516 hEvent=000009A4 events=0x0
2026-10-03 06:29:04.814 [EVENT] sock=2516 hEvent=000009A4 events=0x21
2026-10-03 06:29:14.880 [EVENT] sock=2516 hEvent=000009A4 events=0x0
2026-10-03 06:29:14.881 [EVENT] sock=2516 hEvent=000009A4 events=0x21
2026-10-03 06:29:24.943 [EVENT] sock=2516 hEvent=000009A4 events=0x0
2026-10-03 06:29:24.943 [EVENT] sock=2516 hEvent=000009A4 events=0x21
2026-10-03 06:29:31.521 [EVENT] sock=2656 hEvent=00000A0C events=0x0
2026-10-03 06:29:31.521 [EVENT] sock=2656 hEvent=00000A0C events=0x21
2026-10-03 06:29:34.993 [EVENT] sock=2516 hEvent=000009A4 events=0x0
2026-10-03 06:29:34.996 [EVENT] sock=2516 hEvent=000009A4 events=0x21
2026-10-03 06:29:45.048 [EVENT] sock=2516 hEvent=000009A4 events=0x0
2026-10-03 06:29:45.049 [EVENT] sock=2516 hEvent=000009A4 events=0x21
2026-10-03 06:29:55.109 [EVENT] sock=2516 hEvent=000009A4 events=0x0
2026-10-03 06:29:55.110 [EVENT] sock=2516 hEvent=000009A4 events=0x21
2026-10-03 06:30:01.522 [EVENT] sock=2656 hEvent=00000A0C events=0x0
2026-10-03 06:30:01.522 [EVENT] sock=2656 hEvent=00000A0C events=0x21
2026-10-03 06:30:06.477 [EVENT] sock=2516 hEvent=000009A4 events=0x0
2026-10-03 06:30:06.478 [EVENT] sock=2516 hEvent=000009A4 events=0x21
2026-10-03 06:30:16.526 [EVENT] sock=2516 hEvent=000009A4 events=0x0
2026-10-03 06:30:16.527 [EVENT] sock=2516 hEvent=000009A4 events=0x21
2026-10-03 06:30:26.575 [EVENT] sock=2516 hEvent=000009A4 events=0x0
2026-10-03 06:30:26.575 [EVENT] sock=2516 hEvent=000009A4 events=0x21
2026-10-03 06:30:31.523 [EVENT] sock=2656 hEvent=00000A0C events=0x0
2026-10-03 06:30:31.524 [EVENT] sock=2656 hEvent=00000A0C events=0x21
2026-10-03 06:30:36.628 [EVENT] sock=2516 hEvent=000009A4 events=0x0
2026-10-03 06:30:36.632 [EVENT] sock=2516 hEvent=000009A4 events=0x21
2026-10-03 06:30:46.679 [EVENT] sock=2516 hEvent=000009A4 events=0x0
2026-10-03 06:30:46.684 [EVENT] sock=2516 hEvent=000009A4 events=0x21
2026-10-03 06:30:56.729 [EVENT] sock=2516 hEvent=000009A4 events=0x0
2026-10-03 06:30:56.734 [EVENT] sock=2516 hEvent=000009A4 events=0x21
2026-10-03 06:31:01.525 [EVENT] sock=2656 hEvent=00000A0C events=0x0
2026-10-03 06:31:01.526 [EVENT] sock=2656 hEvent=00000A0C events=0x21
2026-10-03 06:31:06.785 [EVENT] sock=2516 hEvent=000009A4 events=0x0
2026-10-03 06:31:06.786 [EVENT] sock=2516 hEvent=000009A4 events=0x21
2026-10-03 06:31:16.834 [EVENT] sock=2516 hEvent=000009A4 events=0x0
2026-10-03 06:31:16.834 [EVENT] sock=2516 hEvent=000009A4 events=0x21
2026-10-03 06:31:26.882 [EVENT] sock=2516 hEvent=000009A4 events=0x0
2026-10-03 06:31:26.884 [EVENT] sock=2516 hEvent=000009A4 events=0x21
2026-10-03 06:31:31.527 [EVENT] sock=2656 hEvent=00000A0C events=0x0
2026-10-03 06:31:31.527 [EVENT] sock=2656 hEvent=00000A0C events=0x21
2026-10-03 06:31:36.936 [EVENT] sock=2516 hEvent=000009A4 events=0x0
2026-10-03 06:31:36.937 [EVENT] sock=2516 hEvent=000009A4 events=0x21
2026-10-03 06:31:46.999 [EVENT] sock=2516 hEvent=000009A4 events=0x0
2026-10-03 06:31:47.004 [EVENT] sock=2516 hEvent=000009A4 events=0x21
2026-10-03 06:31:57.065 [EVENT] sock=2516 hEvent=000009A4 events=0x0
2026-10-03 06:31:57.069 [EVENT] sock=2516 hEvent=000009A4 events=0x21
2026-10-03 06:32:01.529 [EVENT] sock=2656 hEvent=00000A0C events=0x0
2026-10-03 06:32:01.530 [EVENT] sock=2656 hEvent=00000A0C events=0x21
2026-10-03 06:32:07.136 [EVENT] sock=2516 hEvent=000009A4 events=0x0
2026-10-03 06:32:07.138 [EVENT] sock=2516 hEvent=000009A4 events=0x21
2026-10-03 06:32:17.201 [EVENT] sock=2516 hEvent=000009A4 events=0x0
2026-10-03 06:32:17.204 [EVENT] sock=2516 hEvent=000009A4 events=0x21
2026-10-03 06:32:27.270 [EVENT] sock=2516 hEvent=000009A4 events=0x0
2026-10-03 06:32:27.271 [EVENT] sock=2516 hEvent=000009A4 events=0x21
2026-10-03 06:32:31.530 [EVENT] sock=2656 hEvent=00000A0C events=0x0
2026-10-03 06:32:31.530 [EVENT] sock=2656 hEvent=00000A0C events=0x21
2026-10-03 06:32:37.339 [EVENT] sock=2516 hEvent=000009A4 events=0x0
2026-10-03 06:32:37.339 [EVENT] sock=2516 hEvent=000009A4 events=0x21
2026-10-03 06:32:47.403 [EVENT] sock=2516 hEvent=000009A4 events=0x0
2026-10-03 06:32:47.405 [EVENT] sock=2516 hEvent=000009A4 events=0x21
2026-10-03 06:32:57.464 [EVENT] sock=2516 hEvent=000009A4 events=0x0
2026-10-03 06:32:57.464 [EVENT] sock=2516 hEvent=000009A4 events=0x21
2026-10-03 06:33:01.534 [EVENT] sock=2656 hEvent=00000A0C events=0x0
2026-10-03 06:33:01.536 [EVENT] sock=2656 hEvent=00000A0C events=0x21
2026-10-03 06:33:07.531 [EVENT] sock=2516 hEvent=000009A4 events=0x0
2026-10-03 06:33:07.533 [EVENT] sock=2516 hEvent=000009A4 events=0x21
2026-10-03 06:33:17.585 [EVENT] sock=2516 hEvent=000009A4 events=0x0
2026-10-03 06:33:17.585 [EVENT] sock=2516 hEvent=000009A4 events=0x21
2026-10-03 06:33:27.636 [EVENT] sock=2516 hEvent=000009A4 events=0x0
2026-10-03 06:33:27.637 [EVENT] sock=2516 hEvent=000009A4 events=0x21
2026-10-03 06:33:31.541 [EVENT] sock=2656 hEvent=00000A0C events=0x0
2026-10-03 06:33:31.541 [EVENT] sock=2656 hEvent=00000A0C events=0x21
2026-10-03 06:33:37.685 [EVENT] sock=2516 hEvent=000009A4 events=0x0
2026-10-03 06:33:37.687 [EVENT] sock=2516 hEvent=000009A4 events=0x21
2026-10-03 06:33:47.735 [EVENT] sock=2516 hEvent=000009A4 events=0x0
2026-10-03 06:33:47.737 [EVENT] sock=2516 hEvent=000009A4 events=0x21
2026-10-03 06:33:57.806 [EVENT] sock=2516 hEvent=000009A4 events=0x0
2026-10-03 06:33:57.808 [EVENT] sock=2516 hEvent=000009A4 events=0x21
2026-10-03 06:34:01.543 [EVENT] sock=2656 hEvent=00000A0C events=0x0
2026-10-03 06:34:01.544 [EVENT] sock=2656 hEvent=00000A0C events=0x21
2026-10-03 06:34:07.869 [EVENT] sock=2516 hEvent=000009A4 events=0x0
2026-10-03 06:34:07.869 [EVENT] sock=2516 hEvent=000009A4 events=0x21
2026-10-03 06:34:17.919 [EVENT] sock=2516 hEvent=000009A4 events=0x0
2026-10-03 06:34:17.920 [EVENT] sock=2516 hEvent=000009A4 events=0x21
2026-10-03 06:34:27.967 [EVENT] sock=2516 hEvent=000009A4 events=0x0
2026-10-03 06:34:27.968 [EVENT] sock=2516 hEvent=000009A4 events=0x21
2026-10-03 06:34:31.544 [EVENT] sock=2656 hEvent=00000A0C events=0x0
2026-10-03 06:34:31.544 [EVENT] sock=2656 hEvent=00000A0C events=0x21
2026-10-03 06:34:38.018 [EVENT] sock=2516 hEvent=000009A4 events=0x0
2026-10-03 06:34:38.021 [EVENT] sock=2516 hEvent=000009A4 events=0x21
2026-10-03 06:34:48.078 [EVENT] sock=2516 hEvent=000009A4 events=0x0
2026-10-03 06:34:48.079 [EVENT] sock=2516 hEvent=000009A4 events=0x21
2026-10-03 06:34:58.141 [EVENT] sock=2516 hEvent=000009A4 events=0x0
2026-10-03 06:34:58.141 [EVENT] sock=2516 hEvent=000009A4 events=0x21
2026-10-03 06:35:01.544 [EVENT] sock=2656 hEvent=00000A0C events=0x0
2026-10-03 06:35:01.545 [EVENT] sock=2656 hEvent=00000A0C events=0x21
2026-10-03 06:35:08.190 [EVENT] sock=2516 hEvent=000009A4 events=0x0
2026-10-03 06:35:08.193 [EVENT] sock=2516 hEvent=000009A4 events=0x21
2026-10-03 06:35:18.240 [EVENT] sock=2516 hEvent=000009A4 events=0x0
2026-10-03 06:35:18.242 [EVENT] sock=2516 hEvent=000009A4 events=0x21
2026-10-03 06:35:28.288 [EVENT] sock=2516 hEvent=000009A4 events=0x0
2026-10-03 06:35:28.293 [EVENT] sock=2516 hEvent=000009A4 events=0x21
2026-10-03 06:35:31.547 [EVENT] sock=2656 hEvent=00000A0C events=0x0
2026-10-03 06:35:31.548 [EVENT] sock=2656 hEvent=00000A0C events=0x21
2026-10-03 06:35:38.342 [EVENT] sock=2516 hEvent=000009A4 events=0x0
2026-10-03 06:35:38.344 [EVENT] sock=2516 hEvent=000009A4 events=0x21
2026-10-03 06:35:48.406 [EVENT] sock=2516 hEvent=000009A4 events=0x0
2026-10-03 06:35:48.406 [EVENT] sock=2516 hEvent=000009A4 events=0x21
2026-10-03 06:35:58.455 [EVENT] sock=2516 hEvent=000009A4 events=0x0
2026-10-03 06:35:58.461 [EVENT] sock=2516 hEvent=000009A4 events=0x21
2026-10-03 06:36:01.548 [EVENT] sock=2656 hEvent=00000A0C events=0x0
2026-10-03 06:36:01.549 [EVENT] sock=2656 hEvent=00000A0C events=0x21
2026-10-03 06:36:08.521 [EVENT] sock=2516 hEvent=000009A4 events=0x0
2026-10-03 06:36:08.522 [EVENT] sock=2516 hEvent=000009A4 events=0x21
2026-10-03 06:36:18.572 [EVENT] sock=2516 hEvent=000009A4 events=0x0
2026-10-03 06:36:18.573 [EVENT] sock=2516 hEvent=000009A4 events=0x21
2026-10-03 06:36:28.624 [EVENT] sock=2516 hEvent=000009A4 events=0x0
2026-10-03 06:36:28.624 [EVENT] sock=2516 hEvent=000009A4 events=0x21
2026-10-03 06:36:31.549 [EVENT] sock=2656 hEvent=00000A0C events=0x0
2026-10-03 06:36:31.549 [EVENT] sock=2656 hEvent=00000A0C events=0x21
2026-10-03 06:36:38.671 [EVENT] sock=2516 hEvent=000009A4 events=0x0
2026-10-03 06:36:38.672 [EVENT] sock=2516 hEvent=000009A4 events=0x21
2026-10-03 06:36:48.722 [EVENT] sock=2516 hEvent=000009A4 events=0x0
2026-10-03 06:36:48.723 [EVENT] sock=2516 hEvent=000009A4 events=0x21
2026-10-03 06:36:58.775 [EVENT] sock=2516 hEvent=000009A4 events=0x0
2026-10-03 06:36:58.779 [EVENT] sock=2516 hEvent=000009A4 events=0x21
2026-10-03 06:37:01.550 [EVENT] sock=2656 hEvent=00000A0C events=0x0
2026-10-03 06:37:01.550 [EVENT] sock=2656 hEvent=00000A0C events=0x21
2026-10-03 06:37:08.825 [EVENT] sock=2516 hEvent=000009A4 events=0x0
2026-10-03 06:37:08.829 [EVENT] sock=2516 hEvent=000009A4 events=0x21
2026-10-03 06:37:18.875 [EVENT] sock=2516 hEvent=000009A4 events=0x0
2026-10-03 06:37:18.878 [EVENT] sock=2516 hEvent=000009A4 events=0x21
2026-10-03 06:37:28.925 [EVENT] sock=2516 hEvent=000009A4 events=0x0
2026-10-03 06:37:28.926 [EVENT] sock=2516 hEvent=000009A4 events=0x21
2026-10-03 06:37:31.552 [EVENT] sock=2656 hEvent=00000A0C events=0x0
2026-10-03 06:37:31.552 [EVENT] sock=2656 hEvent=00000A0C events=0x21
2026-10-03 06:37:38.974 [EVENT] sock=2516 hEvent=000009A4 events=0x0
2026-10-03 06:37:38.975 [EVENT] sock=2516 hEvent=000009A4 events=0x21
2026-10-03 06:37:49.029 [EVENT] sock=2516 hEvent=000009A4 events=0x0
2026-10-03 06:37:49.030 [EVENT] sock=2516 hEvent=000009A4 events=0x21
2026-10-03 06:37:59.078 [EVENT] sock=2516 hEvent=000009A4 events=0x0
2026-10-03 06:37:59.082 [EVENT] sock=2516 hEvent=000009A4 events=0x21
2026-10-03 06:38:01.553 [EVENT] sock=2656 hEvent=00000A0C events=0x0
2026-10-03 06:38:01.553 [EVENT] sock=2656 hEvent=00000A0C events=0x21
2026-10-03 06:38:09.135 [EVENT] sock=2516 hEvent=000009A4 events=0x0
2026-10-03 06:38:09.137 [EVENT] sock=2516 hEvent=000009A4 events=0x21
2026-10-03 06:38:19.204 [EVENT] sock=2516 hEvent=000009A4 events=0x0
2026-10-03 06:38:19.204 [EVENT] sock=2516 hEvent=000009A4 events=0x21
2026-10-03 06:38:29.265 [EVENT] sock=2516 hEvent=000009A4 events=0x0
2026-10-03 06:38:29.270 [EVENT] sock=2516 hEvent=000009A4 events=0x21
2026-10-03 06:38:31.556 [EVENT] sock=2656 hEvent=00000A0C events=0x0
2026-10-03 06:38:31.556 [EVENT] sock=2656 hEvent=00000A0C events=0x21
2026-10-03 06:38:39.322 [EVENT] sock=2516 hEvent=000009A4 events=0x0
2026-10-03 06:38:39.322 [EVENT] sock=2516 hEvent=000009A4 events=0x21
2026-10-03 06:38:49.381 [EVENT] sock=2516 hEvent=000009A4 events=0x0
2026-10-03 06:38:49.381 [EVENT] sock=2516 hEvent=000009A4 events=0x21
2026-10-03 06:38:59.431 [EVENT] sock=2516 hEvent=000009A4 events=0x0
2026-10-03 06:38:59.439 [EVENT] sock=2516 hEvent=000009A4 events=0x21
2026-10-03 06:39:01.557 [EVENT] sock=2656 hEvent=00000A0C events=0x0
2026-10-03 06:39:01.557 [EVENT] sock=2656 hEvent=00000A0C events=0x21
2026-10-03 06:39:09.501 [EVENT] sock=2516 hEvent=000009A4 events=0x0
2026-10-03 06:39:09.503 [EVENT] sock=2516 hEvent=000009A4 events=0x21
2026-10-03 06:39:19.568 [EVENT] sock=2516 hEvent=000009A4 events=0x0
2026-10-03 06:39:19.570 [EVENT] sock=2516 hEvent=000009A4 events=0x21
2026-10-03 06:39:29.622 [EVENT] sock=2516 hEvent=000009A4 events=0x0
2026-10-03 06:39:29.622 [EVENT] sock=2516 hEvent=000009A4 events=0x21
2026-10-03 06:39:31.558 [EVENT] sock=2656 hEvent=00000A0C events=0x0
2026-10-03 06:39:31.558 [EVENT] sock=2656 hEvent=00000A0C events=0x21
2026-10-03 06:39:39.689 [EVENT] sock=2516 hEvent=000009A4 events=0x0
2026-10-03 06:39:39.690 [EVENT] sock=2516 hEvent=000009A4 events=0x21
2026-10-03 06:39:49.735 [EVENT] sock=2516 hEvent=000009A4 events=0x0
2026-10-03 06:39:49.736 [EVENT] sock=2516 hEvent=000009A4 events=0x21
2026-10-03 06:39:59.787 [EVENT] sock=2516 hEvent=000009A4 events=0x0
2026-10-03 06:39:59.789 [EVENT] sock=2516 hEvent=000009A4 events=0x21
2026-10-03 06:40:01.559 [EVENT] sock=2656 hEvent=00000A0C events=0x0
2026-10-03 06:40:01.559 [EVENT] sock=2656 hEvent=00000A0C events=0x21
2026-10-03 06:40:09.855 [EVENT] sock=2516 hEvent=000009A4 events=0x0
2026-10-03 06:40:09.858 [EVENT] sock=2516 hEvent=000009A4 events=0x21
2026-10-03 06:40:19.919 [EVENT] sock=2516 hEvent=000009A4 events=0x0
2026-10-03 06:40:19.922 [EVENT] sock=2516 hEvent=000009A4 events=0x21
2026-10-03 06:40:29.969 [EVENT] sock=2516 hEvent=000009A4 events=0x0
2026-10-03 06:40:29.976 [EVENT] sock=2516 hEvent=000009A4 events=0x21
2026-10-03 06:40:31.560 [EVENT] sock=2656 hEvent=00000A0C events=0x0
2026-10-03 06:40:31.560 [EVENT] sock=2656 hEvent=00000A0C events=0x21
2026-10-03 06:40:40.036 [EVENT] sock=2516 hEvent=000009A4 events=0x0
2026-10-03 06:40:40.040 [EVENT] sock=2516 hEvent=000009A4 events=0x21
2026-10-03 06:40:50.085 [EVENT] sock=2516 hEvent=000009A4 events=0x0
2026-10-03 06:40:50.087 [EVENT] sock=2516 hEvent=000009A4 events=0x21
2026-10-03 06:41:00.134 [EVENT] sock=2516 hEvent=000009A4 events=0x0
2026-10-03 06:41:00.135 [EVENT] sock=2516 hEvent=000009A4 events=0x21
2026-10-03 06:41:01.561 [EVENT] sock=2656 hEvent=00000A0C events=0x0
2026-10-03 06:41:01.561 [EVENT] sock=2656 hEvent=00000A0C events=0x21
2026-10-03 06:41:10.190 [EVENT] sock=2516 hEvent=000009A4 events=0x0
2026-10-03 06:41:10.193 [EVENT] sock=2516 hEvent=000009A4 events=0x21
2026-10-03 06:41:20.257 [EVENT] sock=2516 hEvent=000009A4 events=0x0
2026-10-03 06:41:20.260 [EVENT] sock=2516 hEvent=000009A4 events=0x21
2026-10-03 06:41:30.338 [EVENT] sock=2516 hEvent=000009A4 events=0x0
2026-10-03 06:41:30.342 [EVENT] sock=2516 hEvent=000009A4 events=0x21
2026-10-03 06:41:31.563 [EVENT] sock=2656 hEvent=00000A0C events=0x0
2026-10-03 06:41:31.563 [EVENT] sock=2656 hEvent=00000A0C events=0x21
2026-10-03 06:41:40.387 [EVENT] sock=2516 hEvent=000009A4 events=0x0
2026-10-03 06:41:40.394 [EVENT] sock=2516 hEvent=000009A4 events=0x21
2026-10-03 06:41:50.458 [EVENT] sock=2516 hEvent=000009A4 events=0x0
2026-10-03 06:41:50.459 [EVENT] sock=2516 hEvent=000009A4 events=0x21
2026-10-03 06:42:00.504 [EVENT] sock=2516 hEvent=000009A4 events=0x0
2026-10-03 06:42:00.506 [EVENT] sock=2516 hEvent=000009A4 events=0x21
2026-10-03 06:42:01.563 [EVENT] sock=2656 hEvent=00000A0C events=0x0
2026-10-03 06:42:01.564 [EVENT] sock=2656 hEvent=00000A0C events=0x21
2026-10-03 06:42:10.557 [EVENT] sock=2516 hEvent=000009A4 events=0x0
2026-10-03 06:42:10.558 [EVENT] sock=2516 hEvent=000009A4 events=0x21
2026-10-03 06:42:20.606 [EVENT] sock=2516 hEvent=000009A4 events=0x0
2026-10-03 06:42:20.608 [EVENT] sock=2516 hEvent=000009A4 events=0x21
2026-10-03 06:42:30.658 [EVENT] sock=2516 hEvent=000009A4 events=0x0
2026-10-03 06:42:30.658 [EVENT] sock=2516 hEvent=000009A4 events=0x21
2026-10-03 06:42:31.565 [EVENT] sock=2656 hEvent=00000A0C events=0x0
2026-10-03 06:42:31.566 [EVENT] sock=2656 hEvent=00000A0C events=0x21
2026-10-03 06:42:40.711 [EVENT] sock=2516 hEvent=000009A4 events=0x0
2026-10-03 06:42:40.711 [EVENT] sock=2516 hEvent=000009A4 events=0x21
2026-10-03 06:42:50.757 [EVENT] sock=2516 hEvent=000009A4 events=0x0
2026-10-03 06:42:50.762 [EVENT] sock=2516 hEvent=000009A4 events=0x21
2026-10-03 06:43:00.807 [EVENT] sock=2516 hEvent=000009A4 events=0x0
2026-10-03 06:43:00.812 [EVENT] sock=2516 hEvent=000009A4 events=0x21
2026-10-03 06:43:01.566 [EVENT] sock=2656 hEvent=00000A0C events=0x0
2026-10-03 06:43:01.566 [EVENT] sock=2656 hEvent=00000A0C events=0x21
2026-10-03 06:43:10.915 [EVENT] sock=2516 hEvent=000009A4 events=0x0
2026-10-03 06:43:10.916 [EVENT] sock=2516 hEvent=000009A4 events=0x21
2026-10-03 06:43:20.976 [EVENT] sock=2516 hEvent=000009A4 events=0x0
2026-10-03 06:43:20.980 [EVENT] sock=2516 hEvent=000009A4 events=0x21
2026-10-03 06:43:31.029 [EVENT] sock=2516 hEvent=000009A4 events=0x0
2026-10-03 06:43:31.030 [EVENT] sock=2516 hEvent=000009A4 events=0x21
2026-10-03 06:43:31.567 [EVENT] sock=2656 hEvent=00000A0C events=0x0
2026-10-03 06:43:31.568 [EVENT] sock=2656 hEvent=00000A0C events=0x21
2026-10-03 06:43:41.079 [EVENT] sock=2516 hEvent=000009A4 events=0x0
2026-10-03 06:43:41.079 [EVENT] sock=2516 hEvent=000009A4 events=0x21
2026-10-03 06:43:51.141 [EVENT] sock=2516 hEvent=000009A4 events=0x0
2026-10-03 06:43:51.143 [EVENT] sock=2516 hEvent=000009A4 events=0x21
2026-10-03 06:44:01.191 [EVENT] sock=2516 hEvent=000009A4 events=0x0
2026-10-03 06:44:01.192 [EVENT] sock=2516 hEvent=000009A4 events=0x21
2026-10-03 06:44:01.568 [EVENT] sock=2656 hEvent=00000A0C events=0x0
2026-10-03 06:44:01.568 [EVENT] sock=2656 hEvent=00000A0C events=0x21
2026-10-03 06:44:11.241 [EVENT] sock=2516 hEvent=000009A4 events=0x0
2026-10-03 06:44:11.247 [EVENT] sock=2516 hEvent=000009A4 events=0x21
2026-10-03 06:44:21.312 [EVENT] sock=2516 hEvent=000009A4 events=0x0
2026-10-03 06:44:21.312 [EVENT] sock=2516 hEvent=000009A4 events=0x21
2026-10-03 06:44:31.359 [EVENT] sock=2516 hEvent=000009A4 events=0x0
2026-10-03 06:44:31.361 [EVENT] sock=2516 hEvent=000009A4 events=0x21
2026-10-03 06:44:31.569 [EVENT] sock=2656 hEvent=00000A0C events=0x0
2026-10-03 06:44:31.569 [EVENT] sock=2656 hEvent=00000A0C events=0x21
2026-10-03 06:44:41.413 [EVENT] sock=2516 hEvent=000009A4 events=0x0
2026-10-03 06:44:41.416 [EVENT] sock=2516 hEvent=000009A4 events=0x21
2026-10-03 06:44:51.475 [EVENT] sock=2516 hEvent=000009A4 events=0x0
2026-10-03 06:44:51.480 [EVENT] sock=2516 hEvent=000009A4 events=0x21
2026-10-03 06:45:01.543 [EVENT] sock=2516 hEvent=000009A4 events=0x0
2026-10-03 06:45:01.543 [EVENT] sock=2516 hEvent=000009A4 events=0x21
2026-10-03 06:45:01.570 [EVENT] sock=2656 hEvent=00000A0C events=0x0
2026-10-03 06:45:01.570 [EVENT] sock=2656 hEvent=00000A0C events=0x21
2026-10-03 06:45:11.596 [EVENT] sock=2516 hEvent=000009A4 events=0x0
2026-10-03 06:45:11.600 [EVENT] sock=2516 hEvent=000009A4 events=0x21
2026-10-03 06:45:21.661 [EVENT] sock=2516 hEvent=000009A4 events=0x0
2026-10-03 06:45:21.662 [EVENT] sock=2516 hEvent=000009A4 events=0x21
2026-10-03 06:45:31.571 [EVENT] sock=2656 hEvent=00000A0C events=0x0
2026-10-03 06:45:31.571 [EVENT] sock=2656 hEvent=00000A0C events=0x21
2026-10-03 06:45:31.715 [EVENT] sock=2516 hEvent=000009A4 events=0x0
2026-10-03 06:45:31.717 [EVENT] sock=2516 hEvent=000009A4 events=0x21
2026-10-03 06:45:41.782 [EVENT] sock=2516 hEvent=000009A4 events=0x0
2026-10-03 06:45:41.784 [EVENT] sock=2516 hEvent=000009A4 events=0x21
2026-10-03 06:45:51.845 [EVENT] sock=2516 hEvent=000009A4 events=0x0
2026-10-03 06:45:51.849 [EVENT] sock=2516 hEvent=000009A4 events=0x21
2026-10-03 06:46:01.572 [EVENT] sock=2656 hEvent=00000A0C events=0x0
2026-10-03 06:46:01.572 [EVENT] sock=2656 hEvent=00000A0C events=0x21
2026-10-03 06:46:01.895 [EVENT] sock=2516 hEvent=000009A4 events=0x0
2026-10-03 06:46:01.896 [EVENT] sock=2516 hEvent=000009A4 events=0x21
2026-10-03 06:46:11.946 [EVENT] sock=2516 hEvent=000009A4 events=0x0
2026-10-03 06:46:11.948 [EVENT] sock=2516 hEvent=000009A4 events=0x21
2026-10-03 06:46:21.998 [EVENT] sock=2516 hEvent=000009A4 events=0x0
2026-10-03 06:46:22.001 [EVENT] sock=2516 hEvent=000009A4 events=0x21
2026-10-03 06:46:31.573 [EVENT] sock=2656 hEvent=00000A0C events=0x0
2026-10-03 06:46:31.573 [EVENT] sock=2656 hEvent=00000A0C events=0x21
2026-10-03 06:46:32.064 [EVENT] sock=2516 hEvent=000009A4 events=0x0
2026-10-03 06:46:32.068 [EVENT] sock=2516 hEvent=000009A4 events=0x21
2026-10-03 06:46:42.130 [EVENT] sock=2516 hEvent=000009A4 events=0x0
2026-10-03 06:46:42.134 [EVENT] sock=2516 hEvent=000009A4 events=0x21
2026-10-03 06:46:52.180 [EVENT] sock=2516 hEvent=000009A4 events=0x0
2026-10-03 06:46:52.183 [EVENT] sock=2516 hEvent=000009A4 events=0x21
2026-10-03 06:47:01.574 [EVENT] sock=2656 hEvent=00000A0C events=0x0
2026-10-03 06:47:01.574 [EVENT] sock=2656 hEvent=00000A0C events=0x21
2026-10-03 06:47:02.229 [EVENT] sock=2516 hEvent=000009A4 events=0x0
2026-10-03 06:47:02.234 [EVENT] sock=2516 hEvent=000009A4 events=0x21
2026-10-03 06:47:12.296 [EVENT] sock=2516 hEvent=000009A4 events=0x0
2026-10-03 06:47:12.299 [EVENT] sock=2516 hEvent=000009A4 events=0x21
2026-10-03 06:47:22.352 [EVENT] sock=2516 hEvent=000009A4 events=0x0
2026-10-03 06:47:22.353 [EVENT] sock=2516 hEvent=000009A4 events=0x21
2026-10-03 06:47:31.575 [EVENT] sock=2656 hEvent=00000A0C events=0x0
2026-10-03 06:47:31.575 [EVENT] sock=2656 hEvent=00000A0C events=0x21
2026-10-03 06:47:32.397 [EVENT] sock=2516 hEvent=000009A4 events=0x0
2026-10-03 06:47:32.400 [EVENT] sock=2516 hEvent=000009A4 events=0x21
2026-10-03 06:47:42.448 [EVENT] sock=2516 hEvent=000009A4 events=0x0
2026-10-03 06:47:42.449 [EVENT] sock=2516 hEvent=000009A4 events=0x21
2026-10-03 06:47:52.498 [EVENT] sock=2516 hEvent=000009A4 events=0x0
2026-10-03 06:47:52.498 [EVENT] sock=2516 hEvent=000009A4 events=0x21
2026-10-03 06:48:01.577 [EVENT] sock=2656 hEvent=00000A0C events=0x0
2026-10-03 06:48:01.578 [EVENT] sock=2656 hEvent=00000A0C events=0x21
2026-10-03 06:48:02.554 [EVENT] sock=2516 hEvent=000009A4 events=0x0
2026-10-03 06:48:02.555 [EVENT] sock=2516 hEvent=000009A4 events=0x21
2026-10-03 06:48:12.624 [EVENT] sock=2516 hEvent=000009A4 events=0x0
2026-10-03 06:48:12.625 [EVENT] sock=2516 hEvent=000009A4 events=0x21
2026-10-03 06:48:22.689 [EVENT] sock=2516 hEvent=000009A4 events=0x0
2026-10-03 06:48:22.691 [EVENT] sock=2516 hEvent=000009A4 events=0x21
2026-10-03 06:48:31.578 [EVENT] sock=2656 hEvent=00000A0C events=0x0
2026-10-03 06:48:31.578 [EVENT] sock=2656 hEvent=00000A0C events=0x21
2026-10-03 06:48:32.755 [EVENT] sock=2516 hEvent=000009A4 events=0x0
2026-10-03 06:48:32.757 [EVENT] sock=2516 hEvent=000009A4 events=0x21
2026-10-03 06:48:42.819 [EVENT] sock=2516 hEvent=000009A4 events=0x0
2026-10-03 06:48:42.822 [EVENT] sock=2516 hEvent=000009A4 events=0x21
2026-10-03 06:48:52.871 [EVENT] sock=2516 hEvent=000009A4 events=0x0
2026-10-03 06:48:52.872 [EVENT] sock=2516 hEvent=000009A4 events=0x21
2026-10-03 06:49:01.580 [EVENT] sock=2656 hEvent=00000A0C events=0x0
2026-10-03 06:49:01.580 [EVENT] sock=2656 hEvent=00000A0C events=0x21
2026-10-03 06:49:02.921 [EVENT] sock=2516 hEvent=000009A4 events=0x0
2026-10-03 06:49:02.921 [EVENT] sock=2516 hEvent=000009A4 events=0x21
2026-10-03 06:49:12.975 [EVENT] sock=2516 hEvent=000009A4 events=0x0
2026-10-03 06:49:12.975 [EVENT] sock=2516 hEvent=000009A4 events=0x21
2026-10-03 06:49:23.022 [EVENT] sock=2516 hEvent=000009A4 events=0x0
2026-10-03 06:49:23.025 [EVENT] sock=2516 hEvent=000009A4 events=0x21
2026-10-03 06:49:31.581 [EVENT] sock=2656 hEvent=00000A0C events=0x0
2026-10-03 06:49:31.582 [EVENT] sock=2656 hEvent=00000A0C events=0x21
2026-10-03 06:49:33.072 [EVENT] sock=2516 hEvent=000009A4 events=0x0
2026-10-03 06:49:33.073 [EVENT] sock=2516 hEvent=000009A4 events=0x21
2026-10-03 06:49:43.123 [EVENT] sock=2516 hEvent=000009A4 events=0x0
2026-10-03 06:49:43.124 [EVENT] sock=2516 hEvent=000009A4 events=0x21
2026-10-03 06:49:53.176 [EVENT] sock=2516 hEvent=000009A4 events=0x0
2026-10-03 06:49:53.177 [EVENT] sock=2516 hEvent=000009A4 events=0x21
2026-10-03 06:50:01.583 [EVENT] sock=2656 hEvent=00000A0C events=0x0
2026-10-03 06:50:01.584 [EVENT] sock=2656 hEvent=00000A0C events=0x21
2026-10-03 06:50:03.221 [EVENT] sock=2516 hEvent=000009A4 events=0x0
2026-10-03 06:50:03.223 [EVENT] sock=2516 hEvent=000009A4 events=0x21
2026-10-03 06:50:13.274 [EVENT] sock=2516 hEvent=000009A4 events=0x0
2026-10-03 06:50:13.276 [EVENT] sock=2516 hEvent=000009A4 events=0x21
2026-10-03 06:50:23.338 [EVENT] sock=2516 hEvent=000009A4 events=0x0
2026-10-03 06:50:23.344 [EVENT] sock=2516 hEvent=000009A4 events=0x21
2026-10-03 06:50:31.584 [EVENT] sock=2656 hEvent=00000A0C events=0x0
2026-10-03 06:50:31.584 [EVENT] sock=2656 hEvent=00000A0C events=0x21
2026-10-03 06:50:33.395 [EVENT] sock=2516 hEvent=000009A4 events=0x0
2026-10-03 06:50:33.395 [EVENT] sock=2516 hEvent=000009A4 events=0x21
2026-10-03 06:50:43.457 [EVENT] sock=2516 hEvent=000009A4 events=0x0
2026-10-03 06:50:43.460 [EVENT] sock=2516 hEvent=000009A4 events=0x21
2026-10-03 06:50:53.505 [EVENT] sock=2516 hEvent=000009A4 events=0x0
2026-10-03 06:50:53.508 [EVENT] sock=2516 hEvent=000009A4 events=0x21
2026-10-03 06:51:01.586 [EVENT] sock=2656 hEvent=00000A0C events=0x0
2026-10-03 06:51:01.587 [EVENT] sock=2656 hEvent=00000A0C events=0x21
2026-10-03 06:51:03.555 [EVENT] sock=2516 hEvent=000009A4 events=0x0
2026-10-03 06:51:03.558 [EVENT] sock=2516 hEvent=000009A4 events=0x21
2026-10-03 06:51:13.606 [EVENT] sock=2516 hEvent=000009A4 events=0x0
2026-10-03 06:51:13.611 [EVENT] sock=2516 hEvent=000009A4 events=0x21
2026-10-03 06:51:23.671 [EVENT] sock=2516 hEvent=000009A4 events=0x0
2026-10-03 06:51:23.672 [EVENT] sock=2516 hEvent=000009A4 events=0x21
2026-10-03 06:51:31.594 [EVENT] sock=2656 hEvent=00000A0C events=0x0
2026-10-03 06:51:31.596 [EVENT] sock=2656 hEvent=00000A0C events=0x21
2026-10-03 06:51:33.723 [EVENT] sock=2516 hEvent=000009A4 events=0x0
2026-10-03 06:51:33.726 [EVENT] sock=2516 hEvent=000009A4 events=0x21
2026-10-03 06:51:43.773 [EVENT] sock=2516 hEvent=000009A4 events=0x0
2026-10-03 06:51:43.774 [EVENT] sock=2516 hEvent=000009A4 events=0x21
2026-10-03 06:51:53.826 [EVENT] sock=2516 hEvent=000009A4 events=0x0
2026-10-03 06:51:53.830 [EVENT] sock=2516 hEvent=000009A4 events=0x21
2026-10-03 06:52:01.597 [EVENT] sock=2656 hEvent=00000A0C events=0x0
2026-10-03 06:52:01.600 [EVENT] sock=2656 hEvent=00000A0C events=0x21
2026-10-03 06:52:03.896 [EVENT] sock=2516 hEvent=000009A4 events=0x0
2026-10-03 06:52:03.896 [EVENT] sock=2516 hEvent=000009A4 events=0x21
2026-10-03 06:52:13.958 [EVENT] sock=2516 hEvent=000009A4 events=0x0
2026-10-03 06:52:13.960 [EVENT] sock=2516 hEvent=000009A4 events=0x21
2026-10-03 06:52:24.010 [EVENT] sock=2516 hEvent=000009A4 events=0x0
2026-10-03 06:52:24.013 [EVENT] sock=2516 hEvent=000009A4 events=0x21
2026-10-03 06:52:31.600 [EVENT] sock=2656 hEvent=00000A0C events=0x0
2026-10-03 06:52:31.601 [EVENT] sock=2656 hEvent=00000A0C events=0x21
2026-10-03 06:52:34.079 [EVENT] sock=2516 hEvent=000009A4 events=0x0
2026-10-03 06:52:34.080 [EVENT] sock=2516 hEvent=000009A4 events=0x21
2026-10-03 06:52:44.128 [EVENT] sock=2516 hEvent=000009A4 events=0x0
2026-10-03 06:52:44.128 [EVENT] sock=2516 hEvent=000009A4 events=0x21
2026-10-03 06:52:54.175 [EVENT] sock=2516 hEvent=000009A4 events=0x0
2026-10-03 06:52:54.175 [EVENT] sock=2516 hEvent=000009A4 events=0x21
2026-10-03 06:53:01.602 [EVENT] sock=2656 hEvent=00000A0C events=0x0
2026-10-03 06:53:01.603 [EVENT] sock=2656 hEvent=00000A0C events=0x21
2026-10-03 06:53:04.225 [EVENT] sock=2516 hEvent=000009A4 events=0x0
2026-10-03 06:53:04.226 [EVENT] sock=2516 hEvent=000009A4 events=0x21
2026-10-03 06:53:14.283 [EVENT] sock=2516 hEvent=000009A4 events=0x0
2026-10-03 06:53:14.283 [EVENT] sock=2516 hEvent=000009A4 events=0x21
2026-10-03 06:53:24.348 [EVENT] sock=2516 hEvent=000009A4 events=0x0
2026-10-03 06:53:24.350 [EVENT] sock=2516 hEvent=000009A4 events=0x21
2026-10-03 06:53:31.604 [EVENT] sock=2656 hEvent=00000A0C events=0x0
2026-10-03 06:53:31.604 [EVENT] sock=2656 hEvent=00000A0C events=0x21
2026-10-03 06:53:34.411 [EVENT] sock=2516 hEvent=000009A4 events=0x0
2026-10-03 06:53:34.416 [EVENT] sock=2516 hEvent=000009A4 events=0x21
2026-10-03 06:53:44.479 [EVENT] sock=2516 hEvent=000009A4 events=0x0
2026-10-03 06:53:44.480 [EVENT] sock=2516 hEvent=000009A4 events=0x21
2026-10-03 06:53:54.529 [EVENT] sock=2516 hEvent=000009A4 events=0x0
2026-10-03 06:53:54.532 [EVENT] sock=2516 hEvent=000009A4 events=0x21
2026-10-03 06:54:01.605 [EVENT] sock=2656 hEvent=00000A0C events=0x0
2026-10-03 06:54:01.605 [EVENT] sock=2656 hEvent=00000A0C events=0x21
2026-10-03 06:54:04.581 [EVENT] sock=2516 hEvent=000009A4 events=0x0
2026-10-03 06:54:04.584 [EVENT] sock=2516 hEvent=000009A4 events=0x21
2026-10-03 06:54:14.650 [EVENT] sock=2516 hEvent=000009A4 events=0x0
2026-10-03 06:54:14.653 [EVENT] sock=2516 hEvent=000009A4 events=0x21
2026-10-03 06:54:24.710 [EVENT] sock=2516 hEvent=000009A4 events=0x0
2026-10-03 06:54:24.714 [EVENT] sock=2516 hEvent=000009A4 events=0x21
2026-10-03 06:54:31.605 [EVENT] sock=2656 hEvent=00000A0C events=0x0
2026-10-03 06:54:31.605 [EVENT] sock=2656 hEvent=00000A0C events=0x21
2026-10-03 06:54:34.766 [EVENT] sock=2516 hEvent=000009A4 events=0x0
2026-10-03 06:54:34.766 [EVENT] sock=2516 hEvent=000009A4 events=0x21
2026-10-03 06:54:44.818 [EVENT] sock=2516 hEvent=000009A4 events=0x0
2026-10-03 06:54:44.820 [EVENT] sock=2516 hEvent=000009A4 events=0x21
2026-10-03 06:54:54.867 [EVENT] sock=2516 hEvent=000009A4 events=0x0
2026-10-03 06:54:54.868 [EVENT] sock=2516 hEvent=000009A4 events=0x21
2026-10-03 06:55:01.606 [EVENT] sock=2656 hEvent=00000A0C events=0x0
2026-10-03 06:55:01.607 [EVENT] sock=2656 hEvent=00000A0C events=0x21
2026-10-03 06:55:04.916 [EVENT] sock=2516 hEvent=000009A4 events=0x0
2026-10-03 06:55:04.918 [EVENT] sock=2516 hEvent=000009A4 events=0x21
2026-10-03 06:55:14.985 [EVENT] sock=2516 hEvent=000009A4 events=0x0
2026-10-03 06:55:14.986 [EVENT] sock=2516 hEvent=000009A4 events=0x21
2026-10-03 06:55:25.052 [EVENT] sock=2516 hEvent=000009A4 events=0x0
2026-10-03 06:55:25.053 [EVENT] sock=2516 hEvent=000009A4 events=0x21
2026-10-03 06:55:31.609 [EVENT] sock=2656 hEvent=00000A0C events=0x0
2026-10-03 06:55:31.609 [EVENT] sock=2656 hEvent=00000A0C events=0x21
2026-10-03 06:55:35.098 [EVENT] sock=2516 hEvent=000009A4 events=0x0
2026-10-03 06:55:35.101 [EVENT] sock=2516 hEvent=000009A4 events=0x21
2026-10-03 06:55:45.149 [EVENT] sock=2516 hEvent=000009A4 events=0x0
2026-10-03 06:55:45.149 [EVENT] sock=2516 hEvent=000009A4 events=0x21
2026-10-03 06:55:55.198 [EVENT] sock=2516 hEvent=000009A4 events=0x0
2026-10-03 06:55:55.201 [EVENT] sock=2516 hEvent=000009A4 events=0x21
2026-10-03 06:56:01.611 [EVENT] sock=2656 hEvent=00000A0C events=0x0
2026-10-03 06:56:01.612 [EVENT] sock=2656 hEvent=00000A0C events=0x21
2026-10-03 06:56:05.254 [EVENT] sock=2516 hEvent=000009A4 events=0x0
2026-10-03 06:56:05.255 [EVENT] sock=2516 hEvent=000009A4 events=0x21
2026-10-03 06:56:15.315 [EVENT] sock=2516 hEvent=000009A4 events=0x0
2026-10-03 06:56:15.320 [EVENT] sock=2516 hEvent=000009A4 events=0x21
2026-10-03 06:56:25.365 [EVENT] sock=2516 hEvent=000009A4 events=0x0
2026-10-03 06:56:25.370 [EVENT] sock=2516 hEvent=000009A4 events=0x21
2026-10-03 06:56:31.613 [EVENT] sock=2656 hEvent=00000A0C events=0x0
2026-10-03 06:56:31.621 [EVENT] sock=2656 hEvent=00000A0C events=0x21
2026-10-03 06:56:35.431 [EVENT] sock=2516 hEvent=000009A4 events=0x0
2026-10-03 06:56:35.433 [EVENT] sock=2516 hEvent=000009A4 events=0x21
2026-10-03 06:56:45.480 [EVENT] sock=2516 hEvent=000009A4 events=0x0
2026-10-03 06:56:45.481 [EVENT] sock=2516 hEvent=000009A4 events=0x21
2026-10-03 06:56:55.536 [EVENT] sock=2516 hEvent=000009A4 events=0x0
2026-10-03 06:56:55.536 [EVENT] sock=2516 hEvent=000009A4 events=0x21
2026-10-03 06:57:01.623 [EVENT] sock=2656 hEvent=00000A0C events=0x0
2026-10-03 06:57:01.623 [EVENT] sock=2656 hEvent=00000A0C events=0x21
2026-10-03 06:57:05.601 [EVENT] sock=2516 hEvent=000009A4 events=0x0
2026-10-03 06:57:05.603 [EVENT] sock=2516 hEvent=000009A4 events=0x21
2026-10-03 06:57:15.652 [EVENT] sock=2516 hEvent=000009A4 events=0x0
2026-10-03 06:57:15.653 [EVENT] sock=2516 hEvent=000009A4 events=0x21
2026-10-03 06:57:25.715 [EVENT] sock=2516 hEvent=000009A4 events=0x0
2026-10-03 06:57:25.716 [EVENT] sock=2516 hEvent=000009A4 events=0x21
2026-10-03 06:57:31.625 [EVENT] sock=2656 hEvent=00000A0C events=0x0
2026-10-03 06:57:31.626 [EVENT] sock=2656 hEvent=00000A0C events=0x21
2026-10-03 06:57:35.768 [EVENT] sock=2516 hEvent=000009A4 events=0x0
2026-10-03 06:57:35.769 [EVENT] sock=2516 hEvent=000009A4 events=0x21
2026-10-03 06:57:45.815 [EVENT] sock=2516 hEvent=000009A4 events=0x0
2026-10-03 06:57:45.821 [EVENT] sock=2516 hEvent=000009A4 events=0x21
2026-10-03 06:57:55.886 [EVENT] sock=2516 hEvent=000009A4 events=0x0
2026-10-03 06:57:55.888 [EVENT] sock=2516 hEvent=000009A4 events=0x21
2026-10-03 06:58:01.626 [EVENT] sock=2656 hEvent=00000A0C events=0x0
2026-10-03 06:58:01.627 [EVENT] sock=2656 hEvent=00000A0C events=0x21
2026-10-03 06:58:05.948 [EVENT] sock=2516 hEvent=000009A4 events=0x0
2026-10-03 06:58:05.954 [EVENT] sock=2516 hEvent=000009A4 events=0x21
2026-10-03 06:58:16.000 [EVENT] sock=2516 hEvent=000009A4 events=0x0
2026-10-03 06:58:16.003 [EVENT] sock=2516 hEvent=000009A4 events=0x21
2026-10-03 06:58:26.052 [EVENT] sock=2516 hEvent=000009A4 events=0x0
2026-10-03 06:58:26.052 [EVENT] sock=2516 hEvent=000009A4 events=0x21
2026-10-03 06:58:31.627 [EVENT] sock=2656 hEvent=00000A0C events=0x0
2026-10-03 06:58:31.629 [EVENT] sock=2656 hEvent=00000A0C events=0x21
2026-10-03 06:58:36.119 [EVENT] sock=2516 hEvent=000009A4 events=0x0
2026-10-03 06:58:36.120 [EVENT] sock=2516 hEvent=000009A4 events=0x21
2026-10-03 06:58:46.167 [EVENT] sock=2516 hEvent=000009A4 events=0x0
2026-10-03 06:58:46.171 [EVENT] sock=2516 hEvent=000009A4 events=0x21
2026-10-03 06:58:56.217 [EVENT] sock=2516 hEvent=000009A4 events=0x0
2026-10-03 06:58:56.218 [EVENT] sock=2516 hEvent=000009A4 events=0x21
2026-10-03 06:59:01.630 [EVENT] sock=2656 hEvent=00000A0C events=0x0
2026-10-03 06:59:01.631 [EVENT] sock=2656 hEvent=00000A0C events=0x21
2026-10-03 06:59:06.273 [EVENT] sock=2516 hEvent=000009A4 events=0x0
2026-10-03 06:59:06.273 [EVENT] sock=2516 hEvent=000009A4 events=0x21
2026-10-03 06:59:16.341 [EVENT] sock=2516 hEvent=000009A4 events=0x0
2026-10-03 06:59:16.341 [EVENT] sock=2516 hEvent=000009A4 events=0x21
2026-10-03 06:59:26.401 [EVENT] sock=2516 hEvent=000009A4 events=0x0
2026-10-03 06:59:26.404 [EVENT] sock=2516 hEvent=000009A4 events=0x21
2026-10-03 06:59:31.632 [EVENT] sock=2656 hEvent=00000A0C events=0x0
2026-10-03 06:59:31.632 [EVENT] sock=2656 hEvent=00000A0C events=0x21
2026-10-03 06:59:36.453 [EVENT] sock=2516 hEvent=000009A4 events=0x0
2026-10-03 06:59:36.454 [EVENT] sock=2516 hEvent=000009A4 events=0x21
2026-10-03 06:59:46.505 [EVENT] sock=2516 hEvent=000009A4 events=0x0
2026-10-03 06:59:46.506 [EVENT] sock=2516 hEvent=000009A4 events=0x21
2026-10-03 06:59:56.557 [EVENT] sock=2516 hEvent=000009A4 events=0x0
2026-10-03 06:59:56.557 [EVENT] sock=2516 hEvent=000009A4 events=0x21
2026-10-03 07:00:01.634 [EVENT] sock=2656 hEvent=00000A0C events=0x0
2026-10-03 07:00:01.640 [EVENT] sock=2656 hEvent=00000A0C events=0x21
2026-10-03 07:00:06.622 [EVENT] sock=2516 hEvent=000009A4 events=0x0
2026-10-03 07:00:06.624 [EVENT] sock=2516 hEvent=000009A4 events=0x21
2026-10-03 07:00:16.691 [EVENT] sock=2516 hEvent=000009A4 events=0x0
2026-10-03 07:00:16.691 [EVENT] sock=2516 hEvent=000009A4 events=0x21
2026-10-03 07:00:26.756 [EVENT] sock=2516 hEvent=000009A4 events=0x0
2026-10-03 07:00:26.756 [EVENT] sock=2516 hEvent=000009A4 events=0x21
2026-10-03 07:00:31.642 [EVENT] sock=2656 hEvent=00000A0C events=0x0
2026-10-03 07:00:31.645 [EVENT] sock=2656 hEvent=00000A0C events=0x21
2026-10-03 07:00:36.808 [EVENT] sock=2516 hEvent=000009A4 events=0x0
2026-10-03 07:00:36.809 [EVENT] sock=2516 hEvent=000009A4 events=0x21
2026-10-03 07:00:46.859 [EVENT] sock=2516 hEvent=000009A4 events=0x0
2026-10-03 07:00:46.860 [EVENT] sock=2516 hEvent=000009A4 events=0x21
2026-10-03 07:00:56.910 [EVENT] sock=2516 hEvent=000009A4 events=0x0
2026-10-03 07:00:56.911 [EVENT] sock=2516 hEvent=000009A4 events=0x21
2026-10-03 07:01:01.646 [EVENT] sock=2656 hEvent=00000A0C events=0x0
2026-10-03 07:01:01.646 [EVENT] sock=2656 hEvent=00000A0C events=0x21
2026-10-03 07:01:06.971 [EVENT] sock=2516 hEvent=000009A4 events=0x0
2026-10-03 07:01:06.974 [EVENT] sock=2516 hEvent=000009A4 events=0x21
2026-10-03 07:01:17.021 [EVENT] sock=2516 hEvent=000009A4 events=0x0
2026-10-03 07:01:17.022 [EVENT] sock=2516 hEvent=000009A4 events=0x21
2026-10-03 07:01:27.075 [EVENT] sock=2516 hEvent=000009A4 events=0x0
2026-10-03 07:01:27.075 [EVENT] sock=2516 hEvent=000009A4 events=0x21
2026-10-03 07:01:31.647 [EVENT] sock=2656 hEvent=00000A0C events=0x0
2026-10-03 07:01:31.648 [EVENT] sock=2656 hEvent=00000A0C events=0x21
2026-10-03 07:01:37.140 [EVENT] sock=2516 hEvent=000009A4 events=0x0
2026-10-03 07:01:37.140 [EVENT] sock=2516 hEvent=000009A4 events=0x21
2026-10-03 07:01:47.188 [EVENT] sock=2516 hEvent=000009A4 events=0x0
2026-10-03 07:01:47.194 [EVENT] sock=2516 hEvent=000009A4 events=0x21
2026-10-03 07:01:57.309 [EVENT] sock=2516 hEvent=000009A4 events=0x0
2026-10-03 07:01:57.309 [EVENT] sock=2516 hEvent=000009A4 events=0x21
2026-10-03 07:02:01.649 [EVENT] sock=2656 hEvent=00000A0C events=0x0
2026-10-03 07:02:01.649 [EVENT] sock=2656 hEvent=00000A0C events=0x21
2026-10-03 07:02:07.358 [EVENT] sock=2516 hEvent=000009A4 events=0x0
2026-10-03 07:02:07.360 [EVENT] sock=2516 hEvent=000009A4 events=0x21
2026-10-03 07:02:17.408 [EVENT] sock=2516 hEvent=000009A4 events=0x0
2026-10-03 07:02:17.409 [EVENT] sock=2516 hEvent=000009A4 events=0x21
2026-10-03 07:02:27.573 [EVENT] sock=2516 hEvent=000009A4 events=0x0
2026-10-03 07:02:27.578 [EVENT] sock=2516 hEvent=000009A4 events=0x21
2026-10-03 07:02:31.650 [EVENT] sock=2656 hEvent=00000A0C events=0x0
2026-10-03 07:02:31.650 [EVENT] sock=2656 hEvent=00000A0C events=0x21
2026-10-03 07:02:37.623 [EVENT] sock=2516 hEvent=000009A4 events=0x0
2026-10-03 07:02:37.624 [EVENT] sock=2516 hEvent=000009A4 events=0x21
2026-10-03 07:02:47.675 [EVENT] sock=2516 hEvent=000009A4 events=0x0
2026-10-03 07:02:47.681 [EVENT] sock=2516 hEvent=000009A4 events=0x21
2026-10-03 07:02:57.777 [EVENT] sock=2516 hEvent=000009A4 events=0x0
2026-10-03 07:02:57.778 [EVENT] sock=2516 hEvent=000009A4 events=0x21
2026-10-03 07:03:01.650 [EVENT] sock=2656 hEvent=00000A0C events=0x0
2026-10-03 07:03:01.651 [EVENT] sock=2656 hEvent=00000A0C events=0x21
2026-10-03 07:03:07.840 [EVENT] sock=2516 hEvent=000009A4 events=0x0
2026-10-03 07:03:07.845 [EVENT] sock=2516 hEvent=000009A4 events=0x21
2026-10-03 07:03:17.895 [EVENT] sock=2516 hEvent=000009A4 events=0x0
2026-10-03 07:03:17.895 [EVENT] sock=2516 hEvent=000009A4 events=0x21
2026-10-03 07:03:27.973 [EVENT] sock=2516 hEvent=000009A4 events=0x0
2026-10-03 07:03:27.974 [EVENT] sock=2516 hEvent=000009A4 events=0x21
2026-10-03 07:03:31.652 [EVENT] sock=2656 hEvent=00000A0C events=0x0
2026-10-03 07:03:31.652 [EVENT] sock=2656 hEvent=00000A0C events=0x21
2026-10-03 07:03:38.027 [EVENT] sock=2516 hEvent=000009A4 events=0x0
2026-10-03 07:03:38.033 [EVENT] sock=2516 hEvent=000009A4 events=0x21
2026-10-03 07:03:48.081 [EVENT] sock=2516 hEvent=000009A4 events=0x0
2026-10-03 07:03:48.082 [EVENT] sock=2516 hEvent=000009A4 events=0x21
2026-10-03 07:03:58.227 [EVENT] sock=2516 hEvent=000009A4 events=0x0
2026-10-03 07:03:58.228 [EVENT] sock=2516 hEvent=000009A4 events=0x21
2026-10-03 07:04:01.652 [EVENT] sock=2656 hEvent=00000A0C events=0x0
2026-10-03 07:04:01.652 [EVENT] sock=2656 hEvent=00000A0C events=0x21
2026-10-03 07:04:08.278 [EVENT] sock=2516 hEvent=000009A4 events=0x0
2026-10-03 07:04:08.279 [EVENT] sock=2516 hEvent=000009A4 events=0x21
2026-10-03 07:04:18.328 [EVENT] sock=2516 hEvent=000009A4 events=0x0
2026-10-03 07:04:18.332 [EVENT] sock=2516 hEvent=000009A4 events=0x21
2026-10-03 07:04:28.430 [EVENT] sock=2516 hEvent=000009A4 events=0x0
2026-10-03 07:04:28.434 [EVENT] sock=2516 hEvent=000009A4 events=0x21
2026-10-03 07:04:31.654 [EVENT] sock=2656 hEvent=00000A0C events=0x0
2026-10-03 07:04:31.656 [EVENT] sock=2656 hEvent=00000A0C events=0x21
2026-10-03 07:04:38.480 [EVENT] sock=2516 hEvent=000009A4 events=0x0
2026-10-03 07:04:38.483 [EVENT] sock=2516 hEvent=000009A4 events=0x21
2026-10-03 07:04:48.533 [EVENT] sock=2516 hEvent=000009A4 events=0x0
2026-10-03 07:04:48.534 [EVENT] sock=2516 hEvent=000009A4 events=0x21
2026-10-03 07:04:58.648 [EVENT] sock=2516 hEvent=000009A4 events=0x0
2026-10-03 07:04:58.648 [EVENT] sock=2516 hEvent=000009A4 events=0x21
2026-10-03 07:05:01.656 [EVENT] sock=2656 hEvent=00000A0C events=0x0
2026-10-03 07:05:01.657 [EVENT] sock=2656 hEvent=00000A0C events=0x21
2026-10-03 07:05:08.696 [EVENT] sock=2516 hEvent=000009A4 events=0x0
2026-10-03 07:05:08.697 [EVENT] sock=2516 hEvent=000009A4 events=0x21
2026-10-03 07:05:18.747 [EVENT] sock=2516 hEvent=000009A4 events=0x0
2026-10-03 07:05:18.749 [EVENT] sock=2516 hEvent=000009A4 events=0x21
2026-10-03 07:05:28.900 [EVENT] sock=2516 hEvent=000009A4 events=0x0
2026-10-03 07:05:28.900 [EVENT] sock=2516 hEvent=000009A4 events=0x21
2026-10-03 07:05:31.658 [EVENT] sock=2656 hEvent=00000A0C events=0x0
2026-10-03 07:05:31.658 [EVENT] sock=2656 hEvent=00000A0C events=0x21
2026-10-03 07:05:38.954 [EVENT] sock=2516 hEvent=000009A4 events=0x0
2026-10-03 07:05:38.956 [EVENT] sock=2516 hEvent=000009A4 events=0x21
2026-10-03 07:05:49.019 [EVENT] sock=2516 hEvent=000009A4 events=0x0
2026-10-03 07:05:49.021 [EVENT] sock=2516 hEvent=000009A4 events=0x21
2026-10-03 07:05:59.100 [EVENT] sock=2516 hEvent=000009A4 events=0x0
2026-10-03 07:05:59.100 [EVENT] sock=2516 hEvent=000009A4 events=0x21
2026-10-03 07:06:01.659 [EVENT] sock=2656 hEvent=00000A0C events=0x0
2026-10-03 07:06:01.660 [EVENT] sock=2656 hEvent=00000A0C events=0x21
2026-10-03 07:06:09.157 [EVENT] sock=2516 hEvent=000009A4 events=0x0
2026-10-03 07:06:09.159 [EVENT] sock=2516 hEvent=000009A4 events=0x21
2026-10-03 07:06:19.223 [EVENT] sock=2516 hEvent=000009A4 events=0x0
2026-10-03 07:06:19.224 [EVENT] sock=2516 hEvent=000009A4 events=0x21
2026-10-03 07:06:29.303 [EVENT] sock=2516 hEvent=000009A4 events=0x0
2026-10-03 07:06:29.304 [EVENT] sock=2516 hEvent=000009A4 events=0x21
2026-10-03 07:06:31.662 [EVENT] sock=2656 hEvent=00000A0C events=0x0
2026-10-03 07:06:31.663 [EVENT] sock=2656 hEvent=00000A0C events=0x21
2026-10-03 07:06:39.360 [EVENT] sock=2516 hEvent=000009A4 events=0x0
2026-10-03 07:06:39.362 [EVENT] sock=2516 hEvent=000009A4 events=0x21
2026-10-03 07:06:49.411 [EVENT] sock=2516 hEvent=000009A4 events=0x0
2026-10-03 07:06:49.412 [EVENT] sock=2516 hEvent=000009A4 events=0x21
2026-10-03 07:06:59.608 [EVENT] sock=2516 hEvent=000009A4 events=0x0
2026-10-03 07:06:59.613 [EVENT] sock=2516 hEvent=000009A4 events=0x21
2026-10-03 07:07:01.664 [EVENT] sock=2656 hEvent=00000A0C events=0x0
2026-10-03 07:07:01.664 [EVENT] sock=2656 hEvent=00000A0C events=0x21
2026-10-03 07:07:09.677 [EVENT] sock=2516 hEvent=000009A4 events=0x0
2026-10-03 07:07:09.678 [EVENT] sock=2516 hEvent=000009A4 events=0x21
2026-10-03 07:07:19.743 [EVENT] sock=2516 hEvent=000009A4 events=0x0
2026-10-03 07:07:19.745 [EVENT] sock=2516 hEvent=000009A4 events=0x21
2026-10-03 07:07:29.912 [EVENT] sock=2516 hEvent=000009A4 events=0x0
2026-10-03 07:07:29.914 [EVENT] sock=2516 hEvent=000009A4 events=0x21
2026-10-03 07:07:31.665 [EVENT] sock=2656 hEvent=00000A0C events=0x0
2026-10-03 07:07:31.665 [EVENT] sock=2656 hEvent=00000A0C events=0x21
2026-10-03 07:07:39.975 [EVENT] sock=2516 hEvent=000009A4 events=0x0
2026-10-03 07:07:39.979 [EVENT] sock=2516 hEvent=000009A4 events=0x21
2026-10-03 07:07:50.045 [EVENT] sock=2516 hEvent=000009A4 events=0x0
2026-10-03 07:07:50.045 [EVENT] sock=2516 hEvent=000009A4 events=0x21
2026-10-03 07:08:00.161 [EVENT] sock=2516 hEvent=000009A4 events=0x0
2026-10-03 07:08:00.162 [EVENT] sock=2516 hEvent=000009A4 events=0x21
2026-10-03 07:08:01.665 [EVENT] sock=2656 hEvent=00000A0C events=0x0
2026-10-03 07:08:01.665 [EVENT] sock=2656 hEvent=00000A0C events=0x21
2026-10-03 07:08:10.228 [EVENT] sock=2516 hEvent=000009A4 events=0x0
2026-10-03 07:08:10.229 [EVENT] sock=2516 hEvent=000009A4 events=0x21
2026-10-03 07:08:20.294 [EVENT] sock=2516 hEvent=000009A4 events=0x0
2026-10-03 07:08:20.294 [EVENT] sock=2516 hEvent=000009A4 events=0x21
2026-10-03 07:08:30.427 [EVENT] sock=2516 hEvent=000009A4 events=0x0
2026-10-03 07:08:30.427 [EVENT] sock=2516 hEvent=000009A4 events=0x21
2026-10-03 07:08:31.666 [EVENT] sock=2656 hEvent=00000A0C events=0x0
2026-10-03 07:08:31.666 [EVENT] sock=2656 hEvent=00000A0C events=0x21
2026-10-03 07:08:40.476 [EVENT] sock=2516 hEvent=000009A4 events=0x0
2026-10-03 07:08:40.476 [EVENT] sock=2516 hEvent=000009A4 events=0x21
2026-10-03 07:08:50.526 [EVENT] sock=2516 hEvent=000009A4 events=0x0
2026-10-03 07:08:50.527 [EVENT] sock=2516 hEvent=000009A4 events=0x21
2026-10-03 07:09:00.674 [EVENT] sock=2516 hEvent=000009A4 events=0x0
2026-10-03 07:09:00.675 [EVENT] sock=2516 hEvent=000009A4 events=0x21
2026-10-03 07:09:01.668 [EVENT] sock=2656 hEvent=00000A0C events=0x0
2026-10-03 07:09:01.668 [EVENT] sock=2656 hEvent=00000A0C events=0x21
2026-10-03 07:09:10.726 [EVENT] sock=2516 hEvent=000009A4 events=0x0
2026-10-03 07:09:10.730 [EVENT] sock=2516 hEvent=000009A4 events=0x21
2026-10-03 07:09:20.780 [EVENT] sock=2516 hEvent=000009A4 events=0x0
2026-10-03 07:09:20.780 [EVENT] sock=2516 hEvent=000009A4 events=0x21
2026-10-03 07:09:30.928 [EVENT] sock=2516 hEvent=000009A4 events=0x0
2026-10-03 07:09:30.930 [EVENT] sock=2516 hEvent=000009A4 events=0x21
2026-10-03 07:09:31.669 [EVENT] sock=2656 hEvent=00000A0C events=0x0
2026-10-03 07:09:31.670 [EVENT] sock=2656 hEvent=00000A0C events=0x21
2026-10-03 07:09:40.979 [EVENT] sock=2516 hEvent=000009A4 events=0x0
2026-10-03 07:09:40.980 [EVENT] sock=2516 hEvent=000009A4 events=0x21
2026-10-03 07:09:51.032 [EVENT] sock=2516 hEvent=000009A4 events=0x0
2026-10-03 07:09:51.033 [EVENT] sock=2516 hEvent=000009A4 events=0x21
2026-10-03 07:10:01.131 [EVENT] sock=2516 hEvent=000009A4 events=0x0
2026-10-03 07:10:01.132 [EVENT] sock=2516 hEvent=000009A4 events=0x21
2026-10-03 07:10:01.671 [EVENT] sock=2656 hEvent=00000A0C events=0x0
2026-10-03 07:10:01.671 [EVENT] sock=2656 hEvent=00000A0C events=0x21
2026-10-03 07:10:11.183 [EVENT] sock=2516 hEvent=000009A4 events=0x0
2026-10-03 07:10:11.185 [EVENT] sock=2516 hEvent=000009A4 events=0x21
2026-10-03 07:10:21.230 [EVENT] sock=2516 hEvent=000009A4 events=0x0
2026-10-03 07:10:21.233 [EVENT] sock=2516 hEvent=000009A4 events=0x21
2026-10-03 07:10:31.331 [EVENT] sock=2516 hEvent=000009A4 events=0x0
2026-10-03 07:10:31.334 [EVENT] sock=2516 hEvent=000009A4 events=0x21
2026-10-03 07:10:31.672 [EVENT] sock=2656 hEvent=00000A0C events=0x0
2026-10-03 07:10:31.672 [EVENT] sock=2656 hEvent=00000A0C events=0x21
2026-10-03 07:10:41.384 [EVENT] sock=2516 hEvent=000009A4 events=0x0
2026-10-03 07:10:41.385 [EVENT] sock=2516 hEvent=000009A4 events=0x21
2026-10-03 07:10:51.431 [EVENT] sock=2516 hEvent=000009A4 events=0x0
2026-10-03 07:10:51.432 [EVENT] sock=2516 hEvent=000009A4 events=0x21
2026-10-03 07:11:01.548 [EVENT] sock=2516 hEvent=000009A4 events=0x0
2026-10-03 07:11:01.549 [EVENT] sock=2516 hEvent=000009A4 events=0x21
2026-10-03 07:11:01.673 [EVENT] sock=2656 hEvent=00000A0C events=0x0
2026-10-03 07:11:01.673 [EVENT] sock=2656 hEvent=00000A0C events=0x21
2026-10-03 07:11:11.596 [EVENT] sock=2516 hEvent=000009A4 events=0x0
2026-10-03 07:11:11.597 [EVENT] sock=2516 hEvent=000009A4 events=0x21
2026-10-03 07:11:21.650 [EVENT] sock=2516 hEvent=000009A4 events=0x0
2026-10-03 07:11:21.654 [EVENT] sock=2516 hEvent=000009A4 events=0x21
2026-10-03 07:11:31.674 [EVENT] sock=2656 hEvent=00000A0C events=0x0
2026-10-03 07:11:31.674 [EVENT] sock=2656 hEvent=00000A0C events=0x21
2026-10-03 07:11:31.753 [EVENT] sock=2516 hEvent=000009A4 events=0x0
2026-10-03 07:11:31.755 [EVENT] sock=2516 hEvent=000009A4 events=0x21
2026-10-03 07:11:41.821 [EVENT] sock=2516 hEvent=000009A4 events=0x0
2026-10-03 07:11:41.821 [EVENT] sock=2516 hEvent=000009A4 events=0x21
2026-10-03 07:11:51.868 [EVENT] sock=2516 hEvent=000009A4 events=0x0
2026-10-03 07:11:51.870 [EVENT] sock=2516 hEvent=000009A4 events=0x21
2026-10-03 07:12:01.676 [EVENT] sock=2656 hEvent=00000A0C events=0x0
2026-10-03 07:12:01.676 [EVENT] sock=2656 hEvent=00000A0C events=0x21
2026-10-03 07:12:02.000 [EVENT] sock=2516 hEvent=000009A4 events=0x0
2026-10-03 07:12:02.003 [EVENT] sock=2516 hEvent=000009A4 events=0x21
2026-10-03 07:12:12.071 [EVENT] sock=2516 hEvent=000009A4 events=0x0
2026-10-03 07:12:12.071 [EVENT] sock=2516 hEvent=000009A4 events=0x21
2026-10-03 07:12:22.119 [EVENT] sock=2516 hEvent=000009A4 events=0x0
2026-10-03 07:12:22.121 [EVENT] sock=2516 hEvent=000009A4 events=0x21
2026-10-03 07:12:31.678 [EVENT] sock=2656 hEvent=00000A0C events=0x0
2026-10-03 07:12:31.678 [EVENT] sock=2656 hEvent=00000A0C events=0x21
2026-10-03 07:12:32.203 [EVENT] sock=2516 hEvent=000009A4 events=0x0
2026-10-03 07:12:32.204 [EVENT] sock=2516 hEvent=000009A4 events=0x21
2026-10-03 07:12:42.251 [EVENT] sock=2516 hEvent=000009A4 events=0x0
2026-10-03 07:12:42.257 [EVENT] sock=2516 hEvent=000009A4 events=0x21
2026-10-03 07:12:52.302 [EVENT] sock=2516 hEvent=000009A4 events=0x0
2026-10-03 07:12:52.306 [EVENT] sock=2516 hEvent=000009A4 events=0x21
2026-10-03 07:13:01.678 [EVENT] sock=2656 hEvent=00000A0C events=0x0
2026-10-03 07:13:01.678 [EVENT] sock=2656 hEvent=00000A0C events=0x21
2026-10-03 07:13:02.470 [EVENT] sock=2516 hEvent=000009A4 events=0x0
2026-10-03 07:13:02.470 [EVENT] sock=2516 hEvent=000009A4 events=0x21
2026-10-03 07:13:12.519 [EVENT] sock=2516 hEvent=000009A4 events=0x0
2026-10-03 07:13:12.520 [EVENT] sock=2516 hEvent=000009A4 events=0x21
2026-10-03 07:13:22.570 [EVENT] sock=2516 hEvent=000009A4 events=0x0
2026-10-03 07:13:22.574 [EVENT] sock=2516 hEvent=000009A4 events=0x21
2026-10-03 07:13:31.679 [EVENT] sock=2656 hEvent=00000A0C events=0x0
2026-10-03 07:13:31.679 [EVENT] sock=2656 hEvent=00000A0C events=0x21
2026-10-03 07:13:32.721 [EVENT] sock=2516 hEvent=000009A4 events=0x0
2026-10-03 07:13:32.722 [EVENT] sock=2516 hEvent=000009A4 events=0x21
2026-10-03 07:13:42.786 [EVENT] sock=2516 hEvent=000009A4 events=0x0
2026-10-03 07:13:42.789 [EVENT] sock=2516 hEvent=000009A4 events=0x21
2026-10-03 07:13:52.839 [EVENT] sock=2516 hEvent=000009A4 events=0x0
2026-10-03 07:13:52.842 [EVENT] sock=2516 hEvent=000009A4 events=0x21
2026-10-03 07:14:01.681 [EVENT] sock=2656 hEvent=00000A0C events=0x0
2026-10-03 07:14:01.682 [EVENT] sock=2656 hEvent=00000A0C events=0x21
2026-10-03 07:14:02.919 [EVENT] sock=2516 hEvent=000009A4 events=0x0
2026-10-03 07:14:02.921 [EVENT] sock=2516 hEvent=000009A4 events=0x21
2026-10-03 07:14:12.970 [EVENT] sock=2516 hEvent=000009A4 events=0x0
2026-10-03 07:14:12.972 [EVENT] sock=2516 hEvent=000009A4 events=0x21
2026-10-03 07:14:23.036 [EVENT] sock=2516 hEvent=000009A4 events=0x0
2026-10-03 07:14:23.039 [EVENT] sock=2516 hEvent=000009A4 events=0x21
2026-10-03 07:14:31.683 [EVENT] sock=2656 hEvent=00000A0C events=0x0
2026-10-03 07:14:31.686 [EVENT] sock=2656 hEvent=00000A0C events=0x21
2026-10-03 07:14:33.138 [EVENT] sock=2516 hEvent=000009A4 events=0x0
2026-10-03 07:14:33.142 [EVENT] sock=2516 hEvent=000009A4 events=0x21
2026-10-03 07:14:43.203 [EVENT] sock=2516 hEvent=000009A4 events=0x0
2026-10-03 07:14:43.205 [EVENT] sock=2516 hEvent=000009A4 events=0x21
2026-10-03 07:14:53.253 [EVENT] sock=2516 hEvent=000009A4 events=0x0
2026-10-03 07:14:53.255 [EVENT] sock=2516 hEvent=000009A4 events=0x21
2026-10-03 07:15:01.686 [EVENT] sock=2656 hEvent=00000A0C events=0x0
2026-10-03 07:15:01.687 [EVENT] sock=2656 hEvent=00000A0C events=0x21
2026-10-03 07:15:03.441 [EVENT] sock=2516 hEvent=000009A4 events=0x0
2026-10-03 07:15:03.441 [EVENT] sock=2516 hEvent=000009A4 events=0x21
2026-10-03 07:15:13.494 [EVENT] sock=2516 hEvent=000009A4 events=0x0
2026-10-03 07:15:13.495 [EVENT] sock=2516 hEvent=000009A4 events=0x21
2026-10-03 07:15:23.542 [EVENT] sock=2516 hEvent=000009A4 events=0x0
2026-10-03 07:15:23.543 [EVENT] sock=2516 hEvent=000009A4 events=0x21
2026-10-03 07:15:31.689 [EVENT] sock=2656 hEvent=00000A0C events=0x0
2026-10-03 07:15:31.693 [EVENT] sock=2656 hEvent=00000A0C events=0x21
2026-10-03 07:15:33.640 [EVENT] sock=2516 hEvent=000009A4 events=0x0
2026-10-03 07:15:33.644 [EVENT] sock=2516 hEvent=000009A4 events=0x21
2026-10-03 07:15:43.689 [EVENT] sock=2516 hEvent=000009A4 events=0x0
2026-10-03 07:15:43.696 [EVENT] sock=2516 hEvent=000009A4 events=0x21
2026-10-03 07:15:53.755 [EVENT] sock=2516 hEvent=000009A4 events=0x0
2026-10-03 07:15:53.755 [EVENT] sock=2516 hEvent=000009A4 events=0x21
2026-10-03 07:16:01.695 [EVENT] sock=2656 hEvent=00000A0C events=0x0
2026-10-03 07:16:01.699 [EVENT] sock=2656 hEvent=00000A0C events=0x21
2026-10-03 07:16:03.905 [EVENT] sock=2516 hEvent=000009A4 events=0x0
2026-10-03 07:16:03.907 [EVENT] sock=2516 hEvent=000009A4 events=0x21
2026-10-03 07:16:13.961 [EVENT] sock=2516 hEvent=000009A4 events=0x0
2026-10-03 07:16:13.961 [EVENT] sock=2516 hEvent=000009A4 events=0x21
2026-10-03 07:16:24.009 [EVENT] sock=2516 hEvent=000009A4 events=0x0
2026-10-03 07:16:24.013 [EVENT] sock=2516 hEvent=000009A4 events=0x21
2026-10-03 07:16:31.701 [EVENT] sock=2656 hEvent=00000A0C events=0x0
2026-10-03 07:16:31.701 [EVENT] sock=2656 hEvent=00000A0C events=0x21
2026-10-03 07:16:34.159 [EVENT] sock=2516 hEvent=000009A4 events=0x0
2026-10-03 07:16:34.160 [EVENT] sock=2516 hEvent=000009A4 events=0x21
2026-10-03 07:16:44.208 [EVENT] sock=2516 hEvent=000009A4 events=0x0
2026-10-03 07:16:44.211 [EVENT] sock=2516 hEvent=000009A4 events=0x21
2026-10-03 07:16:54.257 [EVENT] sock=2516 hEvent=000009A4 events=0x0
2026-10-03 07:16:54.258 [EVENT] sock=2516 hEvent=000009A4 events=0x21
2026-10-03 07:17:01.703 [EVENT] sock=2656 hEvent=00000A0C events=0x0
2026-10-03 07:17:01.703 [EVENT] sock=2656 hEvent=00000A0C events=0x21
2026-10-03 07:17:04.360 [EVENT] sock=2516 hEvent=000009A4 events=0x0
2026-10-03 07:17:04.364 [EVENT] sock=2516 hEvent=000009A4 events=0x21
2026-10-03 07:17:14.433 [EVENT] sock=2516 hEvent=000009A4 events=0x0
2026-10-03 07:17:14.434 [EVENT] sock=2516 hEvent=000009A4 events=0x21
2026-10-03 07:17:24.478 [EVENT] sock=2516 hEvent=000009A4 events=0x0
2026-10-03 07:17:24.479 [EVENT] sock=2516 hEvent=000009A4 events=0x21
2026-10-03 07:17:31.705 [EVENT] sock=2656 hEvent=00000A0C events=0x0
2026-10-03 07:17:31.705 [EVENT] sock=2656 hEvent=00000A0C events=0x21
2026-10-03 07:17:34.582 [EVENT] sock=2516 hEvent=000009A4 events=0x0
2026-10-03 07:17:34.582 [EVENT] sock=2516 hEvent=000009A4 events=0x21
2026-10-03 07:17:44.632 [EVENT] sock=2516 hEvent=000009A4 events=0x0
2026-10-03 07:17:44.633 [EVENT] sock=2516 hEvent=000009A4 events=0x21
2026-10-03 07:17:54.682 [EVENT] sock=2516 hEvent=000009A4 events=0x0
2026-10-03 07:17:54.683 [EVENT] sock=2516 hEvent=000009A4 events=0x21
2026-10-03 07:18:01.707 [EVENT] sock=2656 hEvent=00000A0C events=0x0
2026-10-03 07:18:01.708 [EVENT] sock=2656 hEvent=00000A0C events=0x21
2026-10-03 07:18:04.866 [EVENT] sock=2516 hEvent=000009A4 events=0x0
2026-10-03 07:18:04.867 [EVENT] sock=2516 hEvent=000009A4 events=0x21
2026-10-03 07:18:14.930 [EVENT] sock=2516 hEvent=000009A4 events=0x0
2026-10-03 07:18:14.930 [EVENT] sock=2516 hEvent=000009A4 events=0x21
2026-10-03 07:18:24.980 [EVENT] sock=2516 hEvent=000009A4 events=0x0
2026-10-03 07:18:24.980 [EVENT] sock=2516 hEvent=000009A4 events=0x21
2026-10-03 07:18:31.709 [EVENT] sock=2656 hEvent=00000A0C events=0x0
2026-10-03 07:18:31.712 [EVENT] sock=2656 hEvent=00000A0C events=0x21
2026-10-03 07:18:35.080 [EVENT] sock=2516 hEvent=000009A4 events=0x0
2026-10-03 07:18:35.081 [EVENT] sock=2516 hEvent=000009A4 events=0x21
2026-10-03 07:18:45.131 [EVENT] sock=2516 hEvent=000009A4 events=0x0
2026-10-03 07:18:45.131 [EVENT] sock=2516 hEvent=000009A4 events=0x21
2026-10-03 07:18:55.183 [EVENT] sock=2516 hEvent=000009A4 events=0x0
2026-10-03 07:18:55.183 [EVENT] sock=2516 hEvent=000009A4 events=0x21
2026-10-03 07:19:01.715 [EVENT] sock=2656 hEvent=00000A0C events=0x0
2026-10-03 07:19:01.715 [EVENT] sock=2656 hEvent=00000A0C events=0x21
2026-10-03 07:19:05.378 [EVENT] sock=2516 hEvent=000009A4 events=0x0
2026-10-03 07:19:05.380 [EVENT] sock=2516 hEvent=000009A4 events=0x21
2026-10-03 07:19:15.430 [EVENT] sock=2516 hEvent=000009A4 events=0x0
2026-10-03 07:19:15.431 [EVENT] sock=2516 hEvent=000009A4 events=0x21
2026-10-03 07:19:25.481 [EVENT] sock=2516 hEvent=000009A4 events=0x0
2026-10-03 07:19:25.481 [EVENT] sock=2516 hEvent=000009A4 events=0x21
2026-10-03 07:19:31.717 [EVENT] sock=2656 hEvent=00000A0C events=0x0
2026-10-03 07:19:31.717 [EVENT] sock=2656 hEvent=00000A0C events=0x21
2026-10-03 07:19:35.596 [EVENT] sock=2516 hEvent=000009A4 events=0x0
2026-10-03 07:19:35.600 [EVENT] sock=2516 hEvent=000009A4 events=0x21
2026-10-03 07:19:45.662 [EVENT] sock=2516 hEvent=000009A4 events=0x0
2026-10-03 07:19:45.663 [EVENT] sock=2516 hEvent=000009A4 events=0x21
2026-10-03 07:19:55.712 [EVENT] sock=2516 hEvent=000009A4 events=0x0
2026-10-03 07:19:55.716 [EVENT] sock=2516 hEvent=000009A4 events=0x21
2026-10-03 07:20:01.720 [EVENT] sock=2656 hEvent=00000A0C events=0x0
2026-10-03 07:20:01.721 [EVENT] sock=2656 hEvent=00000A0C events=0x21
2026-10-03 07:20:05.896 [EVENT] sock=2516 hEvent=000009A4 events=0x0
2026-10-03 07:20:05.899 [EVENT] sock=2516 hEvent=000009A4 events=0x21
2026-10-03 07:20:15.946 [EVENT] sock=2516 hEvent=000009A4 events=0x0
2026-10-03 07:20:15.947 [EVENT] sock=2516 hEvent=000009A4 events=0x21
2026-10-03 07:20:25.994 [EVENT] sock=2516 hEvent=000009A4 events=0x0
2026-10-03 07:20:26.000 [EVENT] sock=2516 hEvent=000009A4 events=0x21
2026-10-03 07:20:31.722 [EVENT] sock=2656 hEvent=00000A0C events=0x0
2026-10-03 07:20:31.722 [EVENT] sock=2656 hEvent=00000A0C events=0x21
2026-10-03 07:20:36.096 [EVENT] sock=2516 hEvent=000009A4 events=0x0
2026-10-03 07:20:36.101 [EVENT] sock=2516 hEvent=000009A4 events=0x21
2026-10-03 07:20:46.146 [EVENT] sock=2516 hEvent=000009A4 events=0x0
2026-10-03 07:20:46.147 [EVENT] sock=2516 hEvent=000009A4 events=0x21
2026-10-03 07:20:56.199 [EVENT] sock=2516 hEvent=000009A4 events=0x0
2026-10-03 07:20:56.200 [EVENT] sock=2516 hEvent=000009A4 events=0x21
2026-10-03 07:21:01.723 [EVENT] sock=2656 hEvent=00000A0C events=0x0
2026-10-03 07:21:01.723 [EVENT] sock=2656 hEvent=00000A0C events=0x21
2026-10-03 07:21:06.302 [EVENT] sock=2516 hEvent=000009A4 events=0x0
2026-10-03 07:21:06.303 [EVENT] sock=2516 hEvent=000009A4 events=0x21
2026-10-03 07:21:16.348 [EVENT] sock=2516 hEvent=000009A4 events=0x0
2026-10-03 07:21:16.349 [EVENT] sock=2516 hEvent=000009A4 events=0x21
2026-10-03 07:21:26.399 [EVENT] sock=2516 hEvent=000009A4 events=0x0
2026-10-03 07:21:26.403 [EVENT] sock=2516 hEvent=000009A4 events=0x21
2026-10-03 07:21:31.724 [EVENT] sock=2656 hEvent=00000A0C events=0x0
2026-10-03 07:21:31.724 [EVENT] sock=2656 hEvent=00000A0C events=0x21
2026-10-03 07:21:36.566 [EVENT] sock=2516 hEvent=000009A4 events=0x0
2026-10-03 07:21:36.569 [EVENT] sock=2516 hEvent=000009A4 events=0x21
2026-10-03 07:21:46.618 [EVENT] sock=2516 hEvent=000009A4 events=0x0
2026-10-03 07:21:46.620 [EVENT] sock=2516 hEvent=000009A4 events=0x21
2026-10-03 07:21:56.685 [EVENT] sock=2516 hEvent=000009A4 events=0x0
2026-10-03 07:21:56.686 [EVENT] sock=2516 hEvent=000009A4 events=0x21
2026-10-03 07:22:01.725 [EVENT] sock=2656 hEvent=00000A0C events=0x0
2026-10-03 07:22:01.725 [EVENT] sock=2656 hEvent=00000A0C events=0x21
2026-10-03 07:22:06.819 [EVENT] sock=2516 hEvent=000009A4 events=0x0
2026-10-03 07:22:06.823 [EVENT] sock=2516 hEvent=000009A4 events=0x21
2026-10-03 07:22:16.869 [EVENT] sock=2516 hEvent=000009A4 events=0x0
2026-10-03 07:22:16.871 [EVENT] sock=2516 hEvent=000009A4 events=0x21
2026-10-03 07:22:26.918 [EVENT] sock=2516 hEvent=000009A4 events=0x0
2026-10-03 07:22:26.919 [EVENT] sock=2516 hEvent=000009A4 events=0x21
2026-10-03 07:22:31.727 [EVENT] sock=2656 hEvent=00000A0C events=0x0
2026-10-03 07:22:31.727 [EVENT] sock=2656 hEvent=00000A0C events=0x21
2026-10-03 07:22:37.118 [EVENT] sock=2516 hEvent=000009A4 events=0x0
2026-10-03 07:22:37.119 [EVENT] sock=2516 hEvent=000009A4 events=0x21
2026-10-03 07:22:47.169 [EVENT] sock=2516 hEvent=000009A4 events=0x0
2026-10-03 07:22:47.172 [EVENT] sock=2516 hEvent=000009A4 events=0x21
2026-10-03 07:22:57.218 [EVENT] sock=2516 hEvent=000009A4 events=0x0
2026-10-03 07:22:57.223 [EVENT] sock=2516 hEvent=000009A4 events=0x21
2026-10-03 07:23:01.728 [EVENT] sock=2656 hEvent=00000A0C events=0x0
2026-10-03 07:23:01.728 [EVENT] sock=2656 hEvent=00000A0C events=0x21
2026-10-03 07:23:07.437 [EVENT] sock=2516 hEvent=000009A4 events=0x0
2026-10-03 07:23:07.439 [EVENT] sock=2516 hEvent=000009A4 events=0x21
2026-10-03 07:23:17.484 [EVENT] sock=2516 hEvent=000009A4 events=0x0
2026-10-03 07:23:17.485 [EVENT] sock=2516 hEvent=000009A4 events=0x21
2026-10-03 07:23:27.535 [EVENT] sock=2516 hEvent=000009A4 events=0x0
2026-10-03 07:23:27.535 [EVENT] sock=2516 hEvent=000009A4 events=0x21
2026-10-03 07:23:31.729 [EVENT] sock=2656 hEvent=00000A0C events=0x0
2026-10-03 07:23:31.729 [EVENT] sock=2656 hEvent=00000A0C events=0x21
2026-10-03 07:23:37.688 [EVENT] sock=2516 hEvent=000009A4 events=0x0
2026-10-03 07:23:37.689 [EVENT] sock=2516 hEvent=000009A4 events=0x21
2026-10-03 07:23:47.734 [EVENT] sock=2516 hEvent=000009A4 events=0x0
2026-10-03 07:23:47.739 [EVENT] sock=2516 hEvent=000009A4 events=0x21
2026-10-03 07:23:57.802 [EVENT] sock=2516 hEvent=000009A4 events=0x0
2026-10-03 07:23:57.804 [EVENT] sock=2516 hEvent=000009A4 events=0x21
2026-10-03 07:24:01.730 [EVENT] sock=2656 hEvent=00000A0C events=0x0
2026-10-03 07:24:01.730 [EVENT] sock=2656 hEvent=00000A0C events=0x21
2026-10-03 07:24:07.935 [EVENT] sock=2516 hEvent=000009A4 events=0x0
2026-10-03 07:24:07.936 [EVENT] sock=2516 hEvent=000009A4 events=0x21
2026-10-03 07:24:17.986 [EVENT] sock=2516 hEvent=000009A4 events=0x0
2026-10-03 07:24:17.988 [EVENT] sock=2516 hEvent=000009A4 events=0x21
2026-10-03 07:24:28.035 [EVENT] sock=2516 hEvent=000009A4 events=0x0
2026-10-03 07:24:28.040 [EVENT] sock=2516 hEvent=000009A4 events=0x21
2026-10-03 07:24:31.732 [EVENT] sock=2656 hEvent=00000A0C events=0x0
2026-10-03 07:24:31.732 [EVENT] sock=2656 hEvent=00000A0C events=0x21
2026-10-03 07:24:38.205 [EVENT] sock=2516 hEvent=000009A4 events=0x0
2026-10-03 07:24:38.205 [EVENT] sock=2516 hEvent=000009A4 events=0x21
2026-10-03 07:24:48.258 [EVENT] sock=2516 hEvent=000009A4 events=0x0
2026-10-03 07:24:48.261 [EVENT] sock=2516 hEvent=000009A4 events=0x21
2026-10-03 07:24:58.321 [EVENT] sock=2516 hEvent=000009A4 events=0x0
2026-10-03 07:24:58.322 [EVENT] sock=2516 hEvent=000009A4 events=0x21
2026-10-03 07:25:01.734 [EVENT] sock=2656 hEvent=00000A0C events=0x0
2026-10-03 07:25:01.734 [EVENT] sock=2656 hEvent=00000A0C events=0x21
2026-10-03 07:25:08.459 [EVENT] sock=2516 hEvent=000009A4 events=0x0
2026-10-03 07:25:08.462 [EVENT] sock=2516 hEvent=000009A4 events=0x21
2026-10-03 07:25:18.525 [EVENT] sock=2516 hEvent=000009A4 events=0x0
2026-10-03 07:25:18.529 [EVENT] sock=2516 hEvent=000009A4 events=0x21
2026-10-03 07:25:28.577 [EVENT] sock=2516 hEvent=000009A4 events=0x0
2026-10-03 07:25:28.577 [EVENT] sock=2516 hEvent=000009A4 events=0x21
2026-10-03 07:25:31.734 [EVENT] sock=2656 hEvent=00000A0C events=0x0
2026-10-03 07:25:31.735 [EVENT] sock=2656 hEvent=00000A0C events=0x21
2026-10-03 07:25:38.646 [EVENT] sock=2516 hEvent=000009A4 events=0x0
2026-10-03 07:25:38.648 [EVENT] sock=2516 hEvent=000009A4 events=0x21
2026-10-03 07:25:48.711 [EVENT] sock=2516 hEvent=000009A4 events=0x0
2026-10-03 07:25:48.711 [EVENT] sock=2516 hEvent=000009A4 events=0x21
2026-10-03 07:25:58.778 [EVENT] sock=2516 hEvent=000009A4 events=0x0
2026-10-03 07:25:58.780 [EVENT] sock=2516 hEvent=000009A4 events=0x21
2026-10-03 07:26:01.736 [EVENT] sock=2656 hEvent=00000A0C events=0x0
2026-10-03 07:26:01.736 [EVENT] sock=2656 hEvent=00000A0C events=0x21
2026-10-03 07:26:08.908 [EVENT] sock=2516 hEvent=000009A4 events=0x0
2026-10-03 07:26:08.909 [EVENT] sock=2516 hEvent=000009A4 events=0x21
2026-10-03 07:26:18.964 [EVENT] sock=2516 hEvent=000009A4 events=0x0
2026-10-03 07:26:18.964 [EVENT] sock=2516 hEvent=000009A4 events=0x21
2026-10-03 07:26:29.028 [EVENT] sock=2516 hEvent=000009A4 events=0x0
2026-10-03 07:26:29.029 [EVENT] sock=2516 hEvent=000009A4 events=0x21
2026-10-03 07:26:31.736 [EVENT] sock=2656 hEvent=00000A0C events=0x0
2026-10-03 07:26:31.737 [EVENT] sock=2656 hEvent=00000A0C events=0x21
2026-10-03 07:26:39.163 [EVENT] sock=2516 hEvent=000009A4 events=0x0
2026-10-03 07:26:39.164 [EVENT] sock=2516 hEvent=000009A4 events=0x21
2026-10-03 07:26:49.227 [EVENT] sock=2516 hEvent=000009A4 events=0x0
2026-10-03 07:26:49.229 [EVENT] sock=2516 hEvent=000009A4 events=0x21
2026-10-03 07:26:59.295 [EVENT] sock=2516 hEvent=000009A4 events=0x0
2026-10-03 07:26:59.296 [EVENT] sock=2516 hEvent=000009A4 events=0x21
2026-10-03 07:27:01.738 [EVENT] sock=2656 hEvent=00000A0C events=0x0
2026-10-03 07:27:01.739 [EVENT] sock=2656 hEvent=00000A0C events=0x21
2026-10-03 07:27:09.460 [EVENT] sock=2516 hEvent=000009A4 events=0x0
2026-10-03 07:27:09.460 [EVENT] sock=2516 hEvent=000009A4 events=0x21
2026-10-03 07:27:19.591 [EVENT] sock=2516 hEvent=000009A4 events=0x0
2026-10-03 07:27:19.593 [EVENT] sock=2516 hEvent=000009A4 events=0x21
2026-10-03 07:27:29.641 [EVENT] sock=2516 hEvent=000009A4 events=0x0
2026-10-03 07:27:29.645 [EVENT] sock=2516 hEvent=000009A4 events=0x21
2026-10-03 07:27:31.739 [EVENT] sock=2656 hEvent=00000A0C events=0x0
2026-10-03 07:27:31.741 [EVENT] sock=2656 hEvent=00000A0C events=0x21
2026-10-03 07:27:39.776 [EVENT] sock=2516 hEvent=000009A4 events=0x0
2026-10-03 07:27:39.782 [EVENT] sock=2516 hEvent=000009A4 events=0x21
2026-10-03 07:27:49.841 [EVENT] sock=2516 hEvent=000009A4 events=0x0
2026-10-03 07:27:49.842 [EVENT] sock=2516 hEvent=000009A4 events=0x21
2026-10-03 07:27:59.892 [EVENT] sock=2516 hEvent=000009A4 events=0x0
2026-10-03 07:27:59.899 [EVENT] sock=2516 hEvent=000009A4 events=0x21
2026-10-03 07:28:01.741 [EVENT] sock=2656 hEvent=00000A0C events=0x0
2026-10-03 07:28:01.742 [EVENT] sock=2656 hEvent=00000A0C events=0x21
2026-10-03 07:28:10.075 [EVENT] sock=2516 hEvent=000009A4 events=0x0
2026-10-03 07:28:10.076 [EVENT] sock=2516 hEvent=000009A4 events=0x21
2026-10-03 07:28:20.124 [EVENT] sock=2516 hEvent=000009A4 events=0x0
2026-10-03 07:28:20.126 [EVENT] sock=2516 hEvent=000009A4 events=0x21
2026-10-03 07:28:30.177 [EVENT] sock=2516 hEvent=000009A4 events=0x0
2026-10-03 07:28:30.183 [EVENT] sock=2516 hEvent=000009A4 events=0x21
2026-10-03 07:28:31.743 [EVENT] sock=2656 hEvent=00000A0C events=0x0
2026-10-03 07:28:31.749 [EVENT] sock=2656 hEvent=00000A0C events=0x21
2026-10-03 07:28:40.397 [EVENT] sock=2516 hEvent=000009A4 events=0x0
2026-10-03 07:28:40.400 [EVENT] sock=2516 hEvent=000009A4 events=0x21
2026-10-03 07:28:50.466 [EVENT] sock=2516 hEvent=000009A4 events=0x0
2026-10-03 07:28:50.466 [EVENT] sock=2516 hEvent=000009A4 events=0x21
2026-10-03 07:29:00.529 [EVENT] sock=2516 hEvent=000009A4 events=0x0
2026-10-03 07:29:00.531 [EVENT] sock=2516 hEvent=000009A4 events=0x21
2026-10-03 07:29:01.751 [EVENT] sock=2656 hEvent=00000A0C events=0x0
2026-10-03 07:29:01.754 [EVENT] sock=2656 hEvent=00000A0C events=0x21
2026-10-03 07:29:10.696 [EVENT] sock=2516 hEvent=000009A4 events=0x0
2026-10-03 07:29:10.697 [EVENT] sock=2516 hEvent=000009A4 events=0x21
2026-10-03 07:29:20.764 [EVENT] sock=2516 hEvent=000009A4 events=0x0
2026-10-03 07:29:20.765 [EVENT] sock=2516 hEvent=000009A4 events=0x21
2026-10-03 07:29:30.829 [EVENT] sock=2516 hEvent=000009A4 events=0x0
2026-10-03 07:29:30.830 [EVENT] sock=2516 hEvent=000009A4 events=0x21
2026-10-03 07:29:31.754 [EVENT] sock=2656 hEvent=00000A0C events=0x0
2026-10-03 07:29:31.754 [EVENT] sock=2656 hEvent=00000A0C events=0x21
2026-10-03 07:29:40.900 [EVENT] sock=2516 hEvent=000009A4 events=0x0
2026-10-03 07:29:40.900 [EVENT] sock=2516 hEvent=000009A4 events=0x21
2026-10-03 07:29:50.972 [EVENT] sock=2516 hEvent=000009A4 events=0x0
2026-10-03 07:29:50.972 [EVENT] sock=2516 hEvent=000009A4 events=0x21
2026-10-03 07:30:01.033 [EVENT] sock=2516 hEvent=000009A4 events=0x0
2026-10-03 07:30:01.033 [EVENT] sock=2516 hEvent=000009A4 events=0x21
2026-10-03 07:30:01.756 [EVENT] sock=2656 hEvent=00000A0C events=0x0
2026-10-03 07:30:01.756 [EVENT] sock=2656 hEvent=00000A0C events=0x21
2026-10-03 07:30:11.203 [EVENT] sock=2516 hEvent=000009A4 events=0x0
2026-10-03 07:30:11.203 [EVENT] sock=2516 hEvent=000009A4 events=0x21
2026-10-03 07:30:21.255 [EVENT] sock=2516 hEvent=000009A4 events=0x0
2026-10-03 07:30:21.255 [EVENT] sock=2516 hEvent=000009A4 events=0x21
2026-10-03 07:30:31.305 [EVENT] sock=2516 hEvent=000009A4 events=0x0
2026-10-03 07:30:31.306 [EVENT] sock=2516 hEvent=000009A4 events=0x21
2026-10-03 07:30:31.757 [EVENT] sock=2656 hEvent=00000A0C events=0x0
2026-10-03 07:30:31.757 [EVENT] sock=2656 hEvent=00000A0C events=0x21
2026-10-03 07:30:41.551 [EVENT] sock=2516 hEvent=000009A4 events=0x0
2026-10-03 07:30:41.551 [EVENT] sock=2516 hEvent=000009A4 events=0x21
2026-10-03 07:30:51.600 [EVENT] sock=2516 hEvent=000009A4 events=0x0
2026-10-03 07:30:51.606 [EVENT] sock=2516 hEvent=000009A4 events=0x21
2026-10-03 07:31:01.650 [EVENT] sock=2516 hEvent=000009A4 events=0x0
2026-10-03 07:31:01.655 [EVENT] sock=2516 hEvent=000009A4 events=0x21
2026-10-03 07:31:01.759 [EVENT] sock=2656 hEvent=00000A0C events=0x0
2026-10-03 07:31:01.761 [EVENT] sock=2656 hEvent=00000A0C events=0x21
2026-10-03 07:31:11.818 [EVENT] sock=2516 hEvent=000009A4 events=0x0
2026-10-03 07:31:11.818 [EVENT] sock=2516 hEvent=000009A4 events=0x21
2026-10-03 07:31:21.870 [EVENT] sock=2516 hEvent=000009A4 events=0x0
2026-10-03 07:31:21.873 [EVENT] sock=2516 hEvent=000009A4 events=0x21
2026-10-03 07:31:31.761 [EVENT] sock=2656 hEvent=00000A0C events=0x0
2026-10-03 07:31:31.761 [EVENT] sock=2656 hEvent=00000A0C events=0x21
2026-10-03 07:31:31.920 [EVENT] sock=2516 hEvent=000009A4 events=0x0
2026-10-03 07:31:31.921 [EVENT] sock=2516 hEvent=000009A4 events=0x21
2026-10-03 07:31:42.021 [EVENT] sock=2516 hEvent=000009A4 events=0x0
2026-10-03 07:31:42.026 [EVENT] sock=2516 hEvent=000009A4 events=0x21
2026-10-03 07:31:52.087 [EVENT] sock=2516 hEvent=000009A4 events=0x0
2026-10-03 07:31:52.087 [EVENT] sock=2516 hEvent=000009A4 events=0x21
2026-10-03 07:32:01.763 [EVENT] sock=2656 hEvent=00000A0C events=0x0
2026-10-03 07:32:01.763 [EVENT] sock=2656 hEvent=00000A0C events=0x21
2026-10-03 07:32:02.136 [EVENT] sock=2516 hEvent=000009A4 events=0x0
2026-10-03 07:32:02.137 [EVENT] sock=2516 hEvent=000009A4 events=0x21
2026-10-03 07:32:12.276 [EVENT] sock=2516 hEvent=000009A4 events=0x0
2026-10-03 07:32:12.277 [EVENT] sock=2516 hEvent=000009A4 events=0x21
2026-10-03 07:32:22.339 [EVENT] sock=2516 hEvent=000009A4 events=0x0
2026-10-03 07:32:22.339 [EVENT] sock=2516 hEvent=000009A4 events=0x21
2026-10-03 07:32:31.764 [EVENT] sock=2656 hEvent=00000A0C events=0x0
2026-10-03 07:32:31.764 [EVENT] sock=2656 hEvent=00000A0C events=0x21
2026-10-03 07:32:32.390 [EVENT] sock=2516 hEvent=000009A4 events=0x0
2026-10-03 07:32:32.391 [EVENT] sock=2516 hEvent=000009A4 events=0x21
2026-10-03 07:32:42.524 [EVENT] sock=2516 hEvent=000009A4 events=0x0
2026-10-03 07:32:42.525 [EVENT] sock=2516 hEvent=000009A4 events=0x21
2026-10-03 07:32:52.574 [EVENT] sock=2516 hEvent=000009A4 events=0x0
2026-10-03 07:32:52.578 [EVENT] sock=2516 hEvent=000009A4 events=0x21
2026-10-03 07:33:01.765 [EVENT] sock=2656 hEvent=00000A0C events=0x0
2026-10-03 07:33:01.766 [EVENT] sock=2656 hEvent=00000A0C events=0x21
2026-10-03 07:33:02.623 [EVENT] sock=2516 hEvent=000009A4 events=0x0
2026-10-03 07:33:02.630 [EVENT] sock=2516 hEvent=000009A4 events=0x21
2026-10-03 07:33:12.790 [EVENT] sock=2516 hEvent=000009A4 events=0x0
2026-10-03 07:33:12.791 [EVENT] sock=2516 hEvent=000009A4 events=0x21
2026-10-03 07:33:22.841 [EVENT] sock=2516 hEvent=000009A4 events=0x0
2026-10-03 07:33:22.846 [EVENT] sock=2516 hEvent=000009A4 events=0x21
2026-10-03 07:33:31.767 [EVENT] sock=2656 hEvent=00000A0C events=0x0
2026-10-03 07:33:31.767 [EVENT] sock=2656 hEvent=00000A0C events=0x21
2026-10-03 07:33:32.891 [EVENT] sock=2516 hEvent=000009A4 events=0x0
2026-10-03 07:33:32.895 [EVENT] sock=2516 hEvent=000009A4 events=0x21
2026-10-03 07:33:43.058 [EVENT] sock=2516 hEvent=000009A4 events=0x0
2026-10-03 07:33:43.058 [EVENT] sock=2516 hEvent=000009A4 events=0x21
2026-10-03 07:33:53.107 [EVENT] sock=2516 hEvent=000009A4 events=0x0
2026-10-03 07:33:53.112 [EVENT] sock=2516 hEvent=000009A4 events=0x21
2026-10-03 07:34:01.768 [EVENT] sock=2656 hEvent=00000A0C events=0x0
2026-10-03 07:34:01.768 [EVENT] sock=2656 hEvent=00000A0C events=0x21
2026-10-03 07:34:03.156 [EVENT] sock=2516 hEvent=000009A4 events=0x0
2026-10-03 07:34:03.157 [EVENT] sock=2516 hEvent=000009A4 events=0x21
2026-10-03 07:34:13.256 [EVENT] sock=2516 hEvent=000009A4 events=0x0
2026-10-03 07:34:13.256 [EVENT] sock=2516 hEvent=000009A4 events=0x21
2026-10-03 07:34:23.312 [EVENT] sock=2516 hEvent=000009A4 events=0x0
2026-10-03 07:34:23.313 [EVENT] sock=2516 hEvent=000009A4 events=0x21
2026-10-03 07:34:31.768 [EVENT] sock=2656 hEvent=00000A0C events=0x0
2026-10-03 07:34:31.768 [EVENT] sock=2656 hEvent=00000A0C events=0x21
2026-10-03 07:34:33.379 [EVENT] sock=2516 hEvent=000009A4 events=0x0
2026-10-03 07:34:33.381 [EVENT] sock=2516 hEvent=000009A4 events=0x21
2026-10-03 07:34:43.613 [EVENT] sock=2516 hEvent=000009A4 events=0x0
2026-10-03 07:34:43.615 [EVENT] sock=2516 hEvent=000009A4 events=0x21
2026-10-03 07:34:53.680 [EVENT] sock=2516 hEvent=000009A4 events=0x0
2026-10-03 07:34:53.681 [EVENT] sock=2516 hEvent=000009A4 events=0x21
2026-10-03 07:35:01.769 [EVENT] sock=2656 hEvent=00000A0C events=0x0
2026-10-03 07:35:01.769 [EVENT] sock=2656 hEvent=00000A0C events=0x21
2026-10-03 07:35:03.732 [EVENT] sock=2516 hEvent=000009A4 events=0x0
2026-10-03 07:35:03.734 [EVENT] sock=2516 hEvent=000009A4 events=0x21
2026-10-03 07:35:13.859 [EVENT] sock=2516 hEvent=000009A4 events=0x0
2026-10-03 07:35:13.864 [EVENT] sock=2516 hEvent=000009A4 events=0x21
2026-10-03 07:35:23.912 [EVENT] sock=2516 hEvent=000009A4 events=0x0
2026-10-03 07:35:23.912 [EVENT] sock=2516 hEvent=000009A4 events=0x21
2026-10-03 07:35:31.771 [EVENT] sock=2656 hEvent=00000A0C events=0x0
2026-10-03 07:35:31.771 [EVENT] sock=2656 hEvent=00000A0C events=0x21
2026-10-03 07:35:33.964 [EVENT] sock=2516 hEvent=000009A4 events=0x0
2026-10-03 07:35:33.967 [EVENT] sock=2516 hEvent=000009A4 events=0x21
2026-10-03 07:35:44.116 [EVENT] sock=2516 hEvent=000009A4 events=0x0
2026-10-03 07:35:44.117 [EVENT] sock=2516 hEvent=000009A4 events=0x21
2026-10-03 07:35:54.166 [EVENT] sock=2516 hEvent=000009A4 events=0x0
2026-10-03 07:35:54.166 [EVENT] sock=2516 hEvent=000009A4 events=0x21
2026-10-03 07:36:01.772 [EVENT] sock=2656 hEvent=00000A0C events=0x0
2026-10-03 07:36:01.772 [EVENT] sock=2656 hEvent=00000A0C events=0x21
2026-10-03 07:36:04.233 [EVENT] sock=2516 hEvent=000009A4 events=0x0
2026-10-03 07:36:04.233 [EVENT] sock=2516 hEvent=000009A4 events=0x21
2026-10-03 07:36:14.315 [EVENT] sock=2516 hEvent=000009A4 events=0x0
2026-10-03 07:36:14.316 [EVENT] sock=2516 hEvent=000009A4 events=0x21
2026-10-03 07:36:24.365 [EVENT] sock=2516 hEvent=000009A4 events=0x0
2026-10-03 07:36:24.366 [EVENT] sock=2516 hEvent=000009A4 events=0x21
2026-10-03 07:36:31.774 [EVENT] sock=2656 hEvent=00000A0C events=0x0
2026-10-03 07:36:31.775 [EVENT] sock=2656 hEvent=00000A0C events=0x21
2026-10-03 07:36:34.414 [EVENT] sock=2516 hEvent=000009A4 events=0x0
2026-10-03 07:36:34.415 [EVENT] sock=2516 hEvent=000009A4 events=0x21
2026-10-03 07:36:44.533 [EVENT] sock=2516 hEvent=000009A4 events=0x0
2026-10-03 07:36:44.535 [EVENT] sock=2516 hEvent=000009A4 events=0x21
2026-10-03 07:36:54.583 [EVENT] sock=2516 hEvent=000009A4 events=0x0
2026-10-03 07:36:54.583 [EVENT] sock=2516 hEvent=000009A4 events=0x21
2026-10-03 07:37:01.776 [EVENT] sock=2656 hEvent=00000A0C events=0x0
2026-10-03 07:37:01.776 [EVENT] sock=2656 hEvent=00000A0C events=0x21
2026-10-03 07:37:04.645 [EVENT] sock=2516 hEvent=000009A4 events=0x0
2026-10-03 07:37:04.649 [EVENT] sock=2516 hEvent=000009A4 events=0x21
2026-10-03 07:37:14.731 [EVENT] sock=2516 hEvent=000009A4 events=0x0
2026-10-03 07:37:14.732 [EVENT] sock=2516 hEvent=000009A4 events=0x21
2026-10-03 07:37:24.781 [EVENT] sock=2516 hEvent=000009A4 events=0x0
2026-10-03 07:37:24.784 [EVENT] sock=2516 hEvent=000009A4 events=0x21
2026-10-03 07:37:31.777 [EVENT] sock=2656 hEvent=00000A0C events=0x0
2026-10-03 07:37:31.777 [EVENT] sock=2656 hEvent=00000A0C events=0x21
2026-10-03 07:37:34.830 [EVENT] sock=2516 hEvent=000009A4 events=0x0
2026-10-03 07:37:34.836 [EVENT] sock=2516 hEvent=000009A4 events=0x21
2026-10-03 07:37:44.934 [EVENT] sock=2516 hEvent=000009A4 events=0x0
2026-10-03 07:37:44.937 [EVENT] sock=2516 hEvent=000009A4 events=0x21
2026-10-03 07:37:54.998 [EVENT] sock=2516 hEvent=000009A4 events=0x0
2026-10-03 07:37:54.999 [EVENT] sock=2516 hEvent=000009A4 events=0x21
2026-10-03 07:38:01.779 [EVENT] sock=2656 hEvent=00000A0C events=0x0
2026-10-03 07:38:01.780 [EVENT] sock=2656 hEvent=00000A0C events=0x21
2026-10-03 07:38:05.055 [EVENT] sock=2516 hEvent=000009A4 events=0x0
2026-10-03 07:38:05.056 [EVENT] sock=2516 hEvent=000009A4 events=0x21
2026-10-03 07:38:15.140 [EVENT] sock=2516 hEvent=000009A4 events=0x0
2026-10-03 07:38:15.142 [EVENT] sock=2516 hEvent=000009A4 events=0x21
2026-10-03 07:38:25.202 [EVENT] sock=2516 hEvent=000009A4 events=0x0
2026-10-03 07:38:25.203 [EVENT] sock=2516 hEvent=000009A4 events=0x21
2026-10-03 07:38:31.782 [EVENT] sock=2656 hEvent=00000A0C events=0x0
2026-10-03 07:38:31.783 [EVENT] sock=2656 hEvent=00000A0C events=0x21
2026-10-03 07:38:35.252 [EVENT] sock=2516 hEvent=000009A4 events=0x0
2026-10-03 07:38:35.253 [EVENT] sock=2516 hEvent=000009A4 events=0x21
2026-10-03 07:38:45.336 [EVENT] sock=2516 hEvent=000009A4 events=0x0
2026-10-03 07:38:45.338 [EVENT] sock=2516 hEvent=000009A4 events=0x21
2026-10-03 07:38:55.389 [EVENT] sock=2516 hEvent=000009A4 events=0x0
2026-10-03 07:38:55.390 [EVENT] sock=2516 hEvent=000009A4 events=0x21
2026-10-03 07:39:01.784 [EVENT] sock=2656 hEvent=00000A0C events=0x0
2026-10-03 07:39:01.784 [EVENT] sock=2656 hEvent=00000A0C events=0x21
2026-10-03 07:39:05.442 [EVENT] sock=2516 hEvent=000009A4 events=0x0
2026-10-03 07:39:05.442 [EVENT] sock=2516 hEvent=000009A4 events=0x21
2026-10-03 07:39:15.537 [EVENT] sock=2516 hEvent=000009A4 events=0x0
2026-10-03 07:39:15.537 [EVENT] sock=2516 hEvent=000009A4 events=0x21
2026-10-03 07:39:25.589 [EVENT] sock=2516 hEvent=000009A4 events=0x0
2026-10-03 07:39:25.591 [EVENT] sock=2516 hEvent=000009A4 events=0x21
2026-10-03 07:39:31.784 [EVENT] sock=2656 hEvent=00000A0C events=0x0
2026-10-03 07:39:31.784 [EVENT] sock=2656 hEvent=00000A0C events=0x21
2026-10-03 07:39:35.635 [EVENT] sock=2516 hEvent=000009A4 events=0x0
2026-10-03 07:39:35.636 [EVENT] sock=2516 hEvent=000009A4 events=0x21
2026-10-03 07:39:45.789 [EVENT] sock=2516 hEvent=000009A4 events=0x0
2026-10-03 07:39:45.794 [EVENT] sock=2516 hEvent=000009A4 events=0x21
2026-10-03 07:39:55.856 [EVENT] sock=2516 hEvent=000009A4 events=0x0
2026-10-03 07:39:55.861 [EVENT] sock=2516 hEvent=000009A4 events=0x21
2026-10-03 07:40:01.787 [EVENT] sock=2656 hEvent=00000A0C events=0x0
2026-10-03 07:40:01.790 [EVENT] sock=2656 hEvent=00000A0C events=0x21
2026-10-03 07:40:05.922 [EVENT] sock=2516 hEvent=000009A4 events=0x0
2026-10-03 07:40:05.926 [EVENT] sock=2516 hEvent=000009A4 events=0x21
2026-10-03 07:40:16.009 [EVENT] sock=2516 hEvent=000009A4 events=0x0
2026-10-03 07:40:16.011 [EVENT] sock=2516 hEvent=000009A4 events=0x21
2026-10-03 07:40:26.071 [EVENT] sock=2516 hEvent=000009A4 events=0x0
2026-10-03 07:40:26.072 [EVENT] sock=2516 hEvent=000009A4 events=0x21
2026-10-03 07:40:31.793 [EVENT] sock=2656 hEvent=00000A0C events=0x0
2026-10-03 07:40:31.794 [EVENT] sock=2656 hEvent=00000A0C events=0x21
2026-10-03 07:40:36.123 [EVENT] sock=2516 hEvent=000009A4 events=0x0
2026-10-03 07:40:36.126 [EVENT] sock=2516 hEvent=000009A4 events=0x21
2026-10-03 07:40:46.257 [EVENT] sock=2516 hEvent=000009A4 events=0x0
2026-10-03 07:40:46.260 [EVENT] sock=2516 hEvent=000009A4 events=0x21
2026-10-03 07:40:56.304 [EVENT] sock=2516 hEvent=000009A4 events=0x0
2026-10-03 07:40:56.305 [EVENT] sock=2516 hEvent=000009A4 events=0x21
2026-10-03 07:41:01.796 [EVENT] sock=2656 hEvent=00000A0C events=0x0
2026-10-03 07:41:01.796 [EVENT] sock=2656 hEvent=00000A0C events=0x21
2026-10-03 07:41:06.356 [EVENT] sock=2516 hEvent=000009A4 events=0x0
2026-10-03 07:41:06.357 [EVENT] sock=2516 hEvent=000009A4 events=0x21
2026-10-03 07:41:16.476 [EVENT] sock=2516 hEvent=000009A4 events=0x0
2026-10-03 07:41:16.476 [EVENT] sock=2516 hEvent=000009A4 events=0x21
2026-10-03 07:41:26.540 [EVENT] sock=2516 hEvent=000009A4 events=0x0
2026-10-03 07:41:26.540 [EVENT] sock=2516 hEvent=000009A4 events=0x21
2026-10-03 07:41:31.797 [EVENT] sock=2656 hEvent=00000A0C events=0x0
2026-10-03 07:41:31.797 [EVENT] sock=2656 hEvent=00000A0C events=0x21
2026-10-03 07:41:36.590 [EVENT] sock=2516 hEvent=000009A4 events=0x0
2026-10-03 07:41:36.597 [EVENT] sock=2516 hEvent=000009A4 events=0x21
2026-10-03 07:41:46.764 [EVENT] sock=2516 hEvent=000009A4 events=0x0
2026-10-03 07:41:46.764 [EVENT] sock=2516 hEvent=000009A4 events=0x21
2026-10-03 07:41:56.826 [EVENT] sock=2516 hEvent=000009A4 events=0x0
2026-10-03 07:41:56.828 [EVENT] sock=2516 hEvent=000009A4 events=0x21
2026-10-03 07:42:01.800 [EVENT] sock=2656 hEvent=00000A0C events=0x0
2026-10-03 07:42:01.800 [EVENT] sock=2656 hEvent=00000A0C events=0x21
2026-10-03 07:42:06.879 [EVENT] sock=2516 hEvent=000009A4 events=0x0
2026-10-03 07:42:06.880 [EVENT] sock=2516 hEvent=000009A4 events=0x21
2026-10-03 07:42:17.076 [EVENT] sock=2516 hEvent=000009A4 events=0x0
2026-10-03 07:42:17.076 [EVENT] sock=2516 hEvent=000009A4 events=0x21
2026-10-03 07:42:27.128 [EVENT] sock=2516 hEvent=000009A4 events=0x0
2026-10-03 07:42:27.129 [EVENT] sock=2516 hEvent=000009A4 events=0x21
2026-10-03 07:42:31.801 [EVENT] sock=2656 hEvent=00000A0C events=0x0
2026-10-03 07:42:31.802 [EVENT] sock=2656 hEvent=00000A0C events=0x21
2026-10-03 07:42:37.178 [EVENT] sock=2516 hEvent=000009A4 events=0x0
2026-10-03 07:42:37.179 [EVENT] sock=2516 hEvent=000009A4 events=0x21
2026-10-03 07:42:47.278 [EVENT] sock=2516 hEvent=000009A4 events=0x0
2026-10-03 07:42:47.279 [EVENT] sock=2516 hEvent=000009A4 events=0x21
2026-10-03 07:42:57.327 [EVENT] sock=2516 hEvent=000009A4 events=0x0
2026-10-03 07:42:57.329 [EVENT] sock=2516 hEvent=000009A4 events=0x21
2026-10-03 07:43:01.803 [EVENT] sock=2656 hEvent=00000A0C events=0x0
2026-10-03 07:43:01.803 [EVENT] sock=2656 hEvent=00000A0C events=0x21
2026-10-03 07:43:07.378 [EVENT] sock=2516 hEvent=000009A4 events=0x0
2026-10-03 07:43:07.378 [EVENT] sock=2516 hEvent=000009A4 events=0x21
2026-10-03 07:43:17.496 [EVENT] sock=2516 hEvent=000009A4 events=0x0
2026-10-03 07:43:17.496 [EVENT] sock=2516 hEvent=000009A4 events=0x21
2026-10-03 07:43:27.548 [EVENT] sock=2516 hEvent=000009A4 events=0x0
2026-10-03 07:43:27.549 [EVENT] sock=2516 hEvent=000009A4 events=0x21
2026-10-03 07:43:31.804 [EVENT] sock=2656 hEvent=00000A0C events=0x0
2026-10-03 07:43:31.804 [EVENT] sock=2656 hEvent=00000A0C events=0x21
2026-10-03 07:43:37.611 [EVENT] sock=2516 hEvent=000009A4 events=0x0
2026-10-03 07:43:37.612 [EVENT] sock=2516 hEvent=000009A4 events=0x21
2026-10-03 07:43:47.815 [EVENT] sock=2516 hEvent=000009A4 events=0x0
2026-10-03 07:43:47.816 [EVENT] sock=2516 hEvent=000009A4 events=0x21
2026-10-03 07:43:57.879 [EVENT] sock=2516 hEvent=000009A4 events=0x0
2026-10-03 07:43:57.880 [EVENT] sock=2516 hEvent=000009A4 events=0x21
2026-10-03 07:44:01.805 [EVENT] sock=2656 hEvent=00000A0C events=0x0
2026-10-03 07:44:01.805 [EVENT] sock=2656 hEvent=00000A0C events=0x21
2026-10-03 07:44:07.930 [EVENT] sock=2516 hEvent=000009A4 events=0x0
2026-10-03 07:44:07.930 [EVENT] sock=2516 hEvent=000009A4 events=0x21
2026-10-03 07:44:18.013 [EVENT] sock=2516 hEvent=000009A4 events=0x0
2026-10-03 07:44:18.013 [EVENT] sock=2516 hEvent=000009A4 events=0x21
2026-10-03 07:44:28.061 [EVENT] sock=2516 hEvent=000009A4 events=0x0
2026-10-03 07:44:28.062 [EVENT] sock=2516 hEvent=000009A4 events=0x21
2026-10-03 07:44:31.806 [EVENT] sock=2656 hEvent=00000A0C events=0x0
2026-10-03 07:44:31.808 [EVENT] sock=2656 hEvent=00000A0C events=0x21
2026-10-03 07:44:38.111 [EVENT] sock=2516 hEvent=000009A4 events=0x0
2026-10-03 07:44:38.117 [EVENT] sock=2516 hEvent=000009A4 events=0x21
2026-10-03 07:44:48.262 [EVENT] sock=2516 hEvent=000009A4 events=0x0
2026-10-03 07:44:48.262 [EVENT] sock=2516 hEvent=000009A4 events=0x21
2026-10-03 07:44:58.315 [EVENT] sock=2516 hEvent=000009A4 events=0x0
2026-10-03 07:44:58.316 [EVENT] sock=2516 hEvent=000009A4 events=0x21
2026-10-03 07:45:01.808 [EVENT] sock=2656 hEvent=00000A0C events=0x0
2026-10-03 07:45:01.808 [EVENT] sock=2656 hEvent=00000A0C events=0x21
2026-10-03 07:45:08.361 [EVENT] sock=2516 hEvent=000009A4 events=0x0
2026-10-03 07:45:08.362 [EVENT] sock=2516 hEvent=000009A4 events=0x21
2026-10-03 07:45:18.461 [EVENT] sock=2516 hEvent=000009A4 events=0x0
2026-10-03 07:45:18.462 [EVENT] sock=2516 hEvent=000009A4 events=0x21
2026-10-03 07:45:28.511 [EVENT] sock=2516 hEvent=000009A4 events=0x0
2026-10-03 07:45:28.514 [EVENT] sock=2516 hEvent=000009A4 events=0x21
2026-10-03 07:45:31.810 [EVENT] sock=2656 hEvent=00000A0C events=0x0
2026-10-03 07:45:31.811 [EVENT] sock=2656 hEvent=00000A0C events=0x21
2026-10-03 07:45:38.561 [EVENT] sock=2516 hEvent=000009A4 events=0x0
2026-10-03 07:45:38.564 [EVENT] sock=2516 hEvent=000009A4 events=0x21
2026-10-03 07:45:48.663 [EVENT] sock=2516 hEvent=000009A4 events=0x0
2026-10-03 07:45:48.663 [EVENT] sock=2516 hEvent=000009A4 events=0x21
2026-10-03 07:45:58.711 [EVENT] sock=2516 hEvent=000009A4 events=0x0
2026-10-03 07:45:58.715 [EVENT] sock=2516 hEvent=000009A4 events=0x21
2026-10-03 07:46:01.815 [EVENT] sock=2656 hEvent=00000A0C events=0x0
2026-10-03 07:46:01.815 [EVENT] sock=2656 hEvent=00000A0C events=0x21
2026-10-03 07:46:08.761 [EVENT] sock=2516 hEvent=000009A4 events=0x0
2026-10-03 07:46:08.762 [EVENT] sock=2516 hEvent=000009A4 events=0x21
2026-10-03 07:46:18.930 [EVENT] sock=2516 hEvent=000009A4 events=0x0
2026-10-03 07:46:18.934 [EVENT] sock=2516 hEvent=000009A4 events=0x21
2026-10-03 07:46:28.979 [EVENT] sock=2516 hEvent=000009A4 events=0x0
2026-10-03 07:46:28.981 [EVENT] sock=2516 hEvent=000009A4 events=0x21
2026-10-03 07:46:31.821 [EVENT] sock=2656 hEvent=00000A0C events=0x0
2026-10-03 07:46:31.821 [EVENT] sock=2656 hEvent=00000A0C events=0x21
2026-10-03 07:46:39.031 [EVENT] sock=2516 hEvent=000009A4 events=0x0
2026-10-03 07:46:39.033 [EVENT] sock=2516 hEvent=000009A4 events=0x21
2026-10-03 07:46:49.128 [EVENT] sock=2516 hEvent=000009A4 events=0x0
2026-10-03 07:46:49.133 [EVENT] sock=2516 hEvent=000009A4 events=0x21
2026-10-03 07:46:59.178 [EVENT] sock=2516 hEvent=000009A4 events=0x0
2026-10-03 07:46:59.181 [EVENT] sock=2516 hEvent=000009A4 events=0x21
2026-10-03 07:47:01.822 [EVENT] sock=2656 hEvent=00000A0C events=0x0
2026-10-03 07:47:01.822 [EVENT] sock=2656 hEvent=00000A0C events=0x21
2026-10-03 07:47:09.228 [EVENT] sock=2516 hEvent=000009A4 events=0x0
2026-10-03 07:47:09.232 [EVENT] sock=2516 hEvent=000009A4 events=0x21
2026-10-03 07:47:19.330 [EVENT] sock=2516 hEvent=000009A4 events=0x0
2026-10-03 07:47:19.331 [EVENT] sock=2516 hEvent=000009A4 events=0x21
2026-10-03 07:47:29.380 [EVENT] sock=2516 hEvent=000009A4 events=0x0
2026-10-03 07:47:29.386 [EVENT] sock=2516 hEvent=000009A4 events=0x21
2026-10-03 07:47:31.823 [EVENT] sock=2656 hEvent=00000A0C events=0x0
2026-10-03 07:47:31.823 [EVENT] sock=2656 hEvent=00000A0C events=0x21
2026-10-03 07:47:39.445 [EVENT] sock=2516 hEvent=000009A4 events=0x0
2026-10-03 07:47:39.450 [EVENT] sock=2516 hEvent=000009A4 events=0x21
2026-10-03 07:47:49.647 [EVENT] sock=2516 hEvent=000009A4 events=0x0
2026-10-03 07:47:49.648 [EVENT] sock=2516 hEvent=000009A4 events=0x21
2026-10-03 07:47:59.700 [EVENT] sock=2516 hEvent=000009A4 events=0x0
2026-10-03 07:47:59.701 [EVENT] sock=2516 hEvent=000009A4 events=0x21
2026-10-03 07:48:01.824 [EVENT] sock=2656 hEvent=00000A0C events=0x0
2026-10-03 07:48:01.825 [EVENT] sock=2656 hEvent=00000A0C events=0x21
2026-10-03 07:48:09.769 [EVENT] sock=2516 hEvent=000009A4 events=0x0
2026-10-03 07:48:09.769 [EVENT] sock=2516 hEvent=000009A4 events=0x21
2026-10-03 07:48:19.851 [EVENT] sock=2516 hEvent=000009A4 events=0x0
2026-10-03 07:48:19.853 [EVENT] sock=2516 hEvent=000009A4 events=0x21
2026-10-03 07:48:29.917 [EVENT] sock=2516 hEvent=000009A4 events=0x0
2026-10-03 07:48:29.920 [EVENT] sock=2516 hEvent=000009A4 events=0x21
2026-10-03 07:48:31.825 [EVENT] sock=2656 hEvent=00000A0C events=0x0
2026-10-03 07:48:31.826 [EVENT] sock=2656 hEvent=00000A0C events=0x21
2026-10-03 07:48:39.967 [EVENT] sock=2516 hEvent=000009A4 events=0x0
2026-10-03 07:48:39.969 [EVENT] sock=2516 hEvent=000009A4 events=0x21
2026-10-03 07:48:50.102 [EVENT] sock=2516 hEvent=000009A4 events=0x0
2026-10-03 07:48:50.103 [EVENT] sock=2516 hEvent=000009A4 events=0x21
2026-10-03 07:49:00.154 [EVENT] sock=2516 hEvent=000009A4 events=0x0
2026-10-03 07:49:00.155 [EVENT] sock=2516 hEvent=000009A4 events=0x21
2026-10-03 07:49:01.827 [EVENT] sock=2656 hEvent=00000A0C events=0x0
2026-10-03 07:49:01.827 [EVENT] sock=2656 hEvent=00000A0C events=0x21
2026-10-03 07:49:10.218 [EVENT] sock=2516 hEvent=000009A4 events=0x0
2026-10-03 07:49:10.218 [EVENT] sock=2516 hEvent=000009A4 events=0x21
2026-10-03 07:49:20.366 [EVENT] sock=2516 hEvent=000009A4 events=0x0
2026-10-03 07:49:20.366 [EVENT] sock=2516 hEvent=000009A4 events=0x21
2026-10-03 07:49:30.435 [EVENT] sock=2516 hEvent=000009A4 events=0x0
2026-10-03 07:49:30.437 [EVENT] sock=2516 hEvent=000009A4 events=0x21
2026-10-03 07:49:31.828 [EVENT] sock=2656 hEvent=00000A0C events=0x0
2026-10-03 07:49:31.828 [EVENT] sock=2656 hEvent=00000A0C events=0x21
2026-10-03 07:49:40.502 [EVENT] sock=2516 hEvent=000009A4 events=0x0
2026-10-03 07:49:40.504 [EVENT] sock=2516 hEvent=000009A4 events=0x21
2026-10-03 07:49:50.614 [EVENT] sock=2516 hEvent=000009A4 events=0x0
2026-10-03 07:49:50.614 [EVENT] sock=2516 hEvent=000009A4 events=0x21
2026-10-03 07:50:00.665 [EVENT] sock=2516 hEvent=000009A4 events=0x0
2026-10-03 07:50:00.665 [EVENT] sock=2516 hEvent=000009A4 events=0x21
2026-10-03 07:50:01.829 [EVENT] sock=2656 hEvent=00000A0C events=0x0
2026-10-03 07:50:01.830 [EVENT] sock=2656 hEvent=00000A0C events=0x21
2026-10-03 07:50:10.715 [EVENT] sock=2516 hEvent=000009A4 events=0x0
2026-10-03 07:50:10.719 [EVENT] sock=2516 hEvent=000009A4 events=0x21
2026-10-03 07:50:20.916 [EVENT] sock=2516 hEvent=000009A4 events=0x0
2026-10-03 07:50:20.921 [EVENT] sock=2516 hEvent=000009A4 events=0x21
2026-10-03 07:50:30.981 [EVENT] sock=2516 hEvent=000009A4 events=0x0
2026-10-03 07:50:30.981 [EVENT] sock=2516 hEvent=000009A4 events=0x21
2026-10-03 07:50:31.831 [EVENT] sock=2656 hEvent=00000A0C events=0x0
2026-10-03 07:50:31.839 [EVENT] sock=2656 hEvent=00000A0C events=0x21
2026-10-03 07:50:41.032 [EVENT] sock=2516 hEvent=000009A4 events=0x0
2026-10-03 07:50:41.038 [EVENT] sock=2516 hEvent=000009A4 events=0x21
2026-10-03 07:50:51.181 [EVENT] sock=2516 hEvent=000009A4 events=0x0
2026-10-03 07:50:51.185 [EVENT] sock=2516 hEvent=000009A4 events=0x21
2026-10-03 07:51:01.235 [EVENT] sock=2516 hEvent=000009A4 events=0x0
2026-10-03 07:51:01.236 [EVENT] sock=2516 hEvent=000009A4 events=0x21
2026-10-03 07:51:01.841 [EVENT] sock=2656 hEvent=00000A0C events=0x0
2026-10-03 07:51:01.841 [EVENT] sock=2656 hEvent=00000A0C events=0x21
2026-10-03 07:51:11.303 [EVENT] sock=2516 hEvent=000009A4 events=0x0
2026-10-03 07:51:11.304 [EVENT] sock=2516 hEvent=000009A4 events=0x21
2026-10-03 07:51:21.385 [EVENT] sock=2516 hEvent=000009A4 events=0x0
2026-10-03 07:51:21.389 [EVENT] sock=2516 hEvent=000009A4 events=0x21
2026-10-03 07:51:31.440 [EVENT] sock=2516 hEvent=000009A4 events=0x0
2026-10-03 07:51:31.440 [EVENT] sock=2516 hEvent=000009A4 events=0x21
2026-10-03 07:51:31.841 [EVENT] sock=2656 hEvent=00000A0C events=0x0
2026-10-03 07:51:31.841 [EVENT] sock=2656 hEvent=00000A0C events=0x21
2026-10-03 07:51:41.507 [EVENT] sock=2516 hEvent=000009A4 events=0x0
2026-10-03 07:51:41.508 [EVENT] sock=2516 hEvent=000009A4 events=0x21
2026-10-03 07:51:51.584 [EVENT] sock=2516 hEvent=000009A4 events=0x0
2026-10-03 07:51:51.585 [EVENT] sock=2516 hEvent=000009A4 events=0x21
2026-10-03 07:52:01.639 [EVENT] sock=2516 hEvent=000009A4 events=0x0
2026-10-03 07:52:01.639 [EVENT] sock=2516 hEvent=000009A4 events=0x21
2026-10-03 07:52:01.842 [EVENT] sock=2656 hEvent=00000A0C events=0x0
2026-10-03 07:52:01.842 [EVENT] sock=2656 hEvent=00000A0C events=0x21
2026-10-03 07:52:11.685 [EVENT] sock=2516 hEvent=000009A4 events=0x0
2026-10-03 07:52:11.687 [EVENT] sock=2516 hEvent=000009A4 events=0x21
2026-10-03 07:52:21.802 [EVENT] sock=2516 hEvent=000009A4 events=0x0
2026-10-03 07:52:21.802 [EVENT] sock=2516 hEvent=000009A4 events=0x21
2026-10-03 07:52:31.842 [EVENT] sock=2656 hEvent=00000A0C events=0x0
2026-10-03 07:52:31.843 [EVENT] sock=2656 hEvent=00000A0C events=0x21
2026-10-03 07:52:31.854 [EVENT] sock=2516 hEvent=000009A4 events=0x0
2026-10-03 07:52:31.857 [EVENT] sock=2516 hEvent=000009A4 events=0x21
2026-10-03 07:52:41.901 [EVENT] sock=2516 hEvent=000009A4 events=0x0
2026-10-03 07:52:41.902 [EVENT] sock=2516 hEvent=000009A4 events=0x21
2026-10-03 07:52:52.105 [EVENT] sock=2516 hEvent=000009A4 events=0x0
2026-10-03 07:52:52.106 [EVENT] sock=2516 hEvent=000009A4 events=0x21
2026-10-03 07:53:01.844 [EVENT] sock=2656 hEvent=00000A0C events=0x0
2026-10-03 07:53:01.845 [EVENT] sock=2656 hEvent=00000A0C events=0x21
2026-10-03 07:53:02.152 [EVENT] sock=2516 hEvent=000009A4 events=0x0
2026-10-03 07:53:02.154 [EVENT] sock=2516 hEvent=000009A4 events=0x21
2026-10-03 07:53:12.205 [EVENT] sock=2516 hEvent=000009A4 events=0x0
2026-10-03 07:53:12.206 [EVENT] sock=2516 hEvent=000009A4 events=0x21
2026-10-03 07:53:22.302 [EVENT] sock=2516 hEvent=000009A4 events=0x0
2026-10-03 07:53:22.302 [EVENT] sock=2516 hEvent=000009A4 events=0x21
2026-10-03 07:53:31.845 [EVENT] sock=2656 hEvent=00000A0C events=0x0
2026-10-03 07:53:31.845 [EVENT] sock=2656 hEvent=00000A0C events=0x21
2026-10-03 07:53:32.368 [EVENT] sock=2516 hEvent=000009A4 events=0x0
2026-10-03 07:53:32.372 [EVENT] sock=2516 hEvent=000009A4 events=0x21
2026-10-03 07:53:42.417 [EVENT] sock=2516 hEvent=000009A4 events=0x0
2026-10-03 07:53:42.418 [EVENT] sock=2516 hEvent=000009A4 events=0x21
2026-10-03 07:53:52.568 [EVENT] sock=2516 hEvent=000009A4 events=0x0
2026-10-03 07:53:52.571 [EVENT] sock=2516 hEvent=000009A4 events=0x21
2026-10-03 07:54:01.846 [EVENT] sock=2656 hEvent=00000A0C events=0x0
2026-10-03 07:54:01.846 [EVENT] sock=2656 hEvent=00000A0C events=0x21
2026-10-03 07:54:02.618 [EVENT] sock=2516 hEvent=000009A4 events=0x0
2026-10-03 07:54:02.618 [EVENT] sock=2516 hEvent=000009A4 events=0x21
2026-10-03 07:54:12.668 [EVENT] sock=2516 hEvent=000009A4 events=0x0
2026-10-03 07:54:12.670 [EVENT] sock=2516 hEvent=000009A4 events=0x21
2026-10-03 07:54:22.867 [EVENT] sock=2516 hEvent=000009A4 events=0x0
2026-10-03 07:54:22.868 [EVENT] sock=2516 hEvent=000009A4 events=0x21
2026-10-03 07:54:31.847 [EVENT] sock=2656 hEvent=00000A0C events=0x0
2026-10-03 07:54:31.847 [EVENT] sock=2656 hEvent=00000A0C events=0x21
2026-10-03 07:54:32.918 [EVENT] sock=2516 hEvent=000009A4 events=0x0
2026-10-03 07:54:32.919 [EVENT] sock=2516 hEvent=000009A4 events=0x21
2026-10-03 07:54:42.969 [EVENT] sock=2516 hEvent=000009A4 events=0x0
2026-10-03 07:54:42.971 [EVENT] sock=2516 hEvent=000009A4 events=0x21
2026-10-03 07:54:53.070 [EVENT] sock=2516 hEvent=000009A4 events=0x0
2026-10-03 07:54:53.076 [EVENT] sock=2516 hEvent=000009A4 events=0x21
2026-10-03 07:55:01.848 [EVENT] sock=2656 hEvent=00000A0C events=0x0
2026-10-03 07:55:01.849 [EVENT] sock=2656 hEvent=00000A0C events=0x21
2026-10-03 07:55:03.124 [EVENT] sock=2516 hEvent=000009A4 events=0x0
2026-10-03 07:55:03.126 [EVENT] sock=2516 hEvent=000009A4 events=0x21
2026-10-03 07:55:13.190 [EVENT] sock=2516 hEvent=000009A4 events=0x0
2026-10-03 07:55:13.192 [EVENT] sock=2516 hEvent=000009A4 events=0x21
2026-10-03 07:55:23.421 [EVENT] sock=2516 hEvent=000009A4 events=0x0
2026-10-03 07:55:23.427 [EVENT] sock=2516 hEvent=000009A4 events=0x21
2026-10-03 07:55:31.850 [EVENT] sock=2656 hEvent=00000A0C events=0x0
2026-10-03 07:55:31.851 [EVENT] sock=2656 hEvent=00000A0C events=0x21
2026-10-03 07:55:33.470 [EVENT] sock=2516 hEvent=000009A4 events=0x0
2026-10-03 07:55:33.470 [EVENT] sock=2516 hEvent=000009A4 events=0x21
2026-10-03 07:55:43.521 [EVENT] sock=2516 hEvent=000009A4 events=0x0
2026-10-03 07:55:43.522 [EVENT] sock=2516 hEvent=000009A4 events=0x21
2026-10-03 07:55:53.788 [EVENT] sock=2516 hEvent=000009A4 events=0x0
2026-10-03 07:55:53.791 [EVENT] sock=2516 hEvent=000009A4 events=0x21
2026-10-03 07:56:01.851 [EVENT] sock=2656 hEvent=00000A0C events=0x0
2026-10-03 07:56:01.852 [EVENT] sock=2656 hEvent=00000A0C events=0x21
2026-10-03 07:56:03.843 [EVENT] sock=2516 hEvent=000009A4 events=0x0
2026-10-03 07:56:03.845 [EVENT] sock=2516 hEvent=000009A4 events=0x21
2026-10-03 07:56:13.908 [EVENT] sock=2516 hEvent=000009A4 events=0x0
2026-10-03 07:56:13.909 [EVENT] sock=2516 hEvent=000009A4 events=0x21
2026-10-03 07:56:23.994 [EVENT] sock=2516 hEvent=000009A4 events=0x0
2026-10-03 07:56:23.994 [EVENT] sock=2516 hEvent=000009A4 events=0x21
2026-10-03 07:56:31.853 [EVENT] sock=2656 hEvent=00000A0C events=0x0
2026-10-03 07:56:31.853 [EVENT] sock=2656 hEvent=00000A0C events=0x21
2026-10-03 07:56:34.058 [EVENT] sock=2516 hEvent=000009A4 events=0x0
2026-10-03 07:56:34.062 [EVENT] sock=2516 hEvent=000009A4 events=0x21
2026-10-03 07:56:44.112 [EVENT] sock=2516 hEvent=000009A4 events=0x0
2026-10-03 07:56:44.113 [EVENT] sock=2516 hEvent=000009A4 events=0x21
2026-10-03 07:56:54.358 [EVENT] sock=2516 hEvent=000009A4 events=0x0
2026-10-03 07:56:54.363 [EVENT] sock=2516 hEvent=000009A4 events=0x21
2026-10-03 07:57:01.854 [EVENT] sock=2656 hEvent=00000A0C events=0x0
2026-10-03 07:57:01.855 [EVENT] sock=2656 hEvent=00000A0C events=0x21
2026-10-03 07:57:04.408 [EVENT] sock=2516 hEvent=000009A4 events=0x0
2026-10-03 07:57:04.411 [EVENT] sock=2516 hEvent=000009A4 events=0x21
2026-10-03 07:57:14.460 [EVENT] sock=2516 hEvent=000009A4 events=0x0
2026-10-03 07:57:14.462 [EVENT] sock=2516 hEvent=000009A4 events=0x21
2026-10-03 07:57:24.559 [EVENT] sock=2516 hEvent=000009A4 events=0x0
2026-10-03 07:57:24.559 [EVENT] sock=2516 hEvent=000009A4 events=0x21
2026-10-03 07:57:31.855 [EVENT] sock=2656 hEvent=00000A0C events=0x0
2026-10-03 07:57:31.856 [EVENT] sock=2656 hEvent=00000A0C events=0x21
2026-10-03 07:57:34.611 [EVENT] sock=2516 hEvent=000009A4 events=0x0
2026-10-03 07:57:34.613 [EVENT] sock=2516 hEvent=000009A4 events=0x21
2026-10-03 07:57:44.659 [EVENT] sock=2516 hEvent=000009A4 events=0x0
2026-10-03 07:57:44.665 [EVENT] sock=2516 hEvent=000009A4 events=0x21
2026-10-03 07:57:54.765 [EVENT] sock=2516 hEvent=000009A4 events=0x0
2026-10-03 07:57:54.765 [EVENT] sock=2516 hEvent=000009A4 events=0x21
2026-10-03 07:58:01.856 [EVENT] sock=2656 hEvent=00000A0C events=0x0
2026-10-03 07:58:01.856 [EVENT] sock=2656 hEvent=00000A0C events=0x21
2026-10-03 07:58:04.832 [EVENT] sock=2516 hEvent=000009A4 events=0x0
2026-10-03 07:58:04.832 [EVENT] sock=2516 hEvent=000009A4 events=0x21
2026-10-03 07:58:14.877 [EVENT] sock=2516 hEvent=000009A4 events=0x0
2026-10-03 07:58:14.881 [EVENT] sock=2516 hEvent=000009A4 events=0x21
2026-10-03 07:58:25.014 [EVENT] sock=2516 hEvent=000009A4 events=0x0
2026-10-03 07:58:25.028 [EVENT] sock=2516 hEvent=000009A4 events=0x21
2026-10-03 07:58:31.858 [EVENT] sock=2656 hEvent=00000A0C events=0x0
2026-10-03 07:58:31.858 [EVENT] sock=2656 hEvent=00000A0C events=0x21
2026-10-03 07:58:35.077 [EVENT] sock=2516 hEvent=000009A4 events=0x0
2026-10-03 07:58:35.078 [EVENT] sock=2516 hEvent=000009A4 events=0x21
2026-10-03 07:58:45.127 [EVENT] sock=2516 hEvent=000009A4 events=0x0
2026-10-03 07:58:45.130 [EVENT] sock=2516 hEvent=000009A4 events=0x21
2026-10-03 07:58:55.277 [EVENT] sock=2516 hEvent=000009A4 events=0x0
2026-10-03 07:58:55.282 [EVENT] sock=2516 hEvent=000009A4 events=0x21
2026-10-03 07:59:01.859 [EVENT] sock=2656 hEvent=00000A0C events=0x0
2026-10-03 07:59:01.860 [EVENT] sock=2656 hEvent=00000A0C events=0x21
2026-10-03 07:59:05.327 [EVENT] sock=2516 hEvent=000009A4 events=0x0
2026-10-03 07:59:05.328 [EVENT] sock=2516 hEvent=000009A4 events=0x21
2026-10-03 07:59:15.377 [EVENT] sock=2516 hEvent=000009A4 events=0x0
2026-10-03 07:59:15.382 [EVENT] sock=2516 hEvent=000009A4 events=0x21
2026-10-03 07:59:25.544 [EVENT] sock=2516 hEvent=000009A4 events=0x0
2026-10-03 07:59:25.547 [EVENT] sock=2516 hEvent=000009A4 events=0x21
2026-10-03 07:59:31.862 [EVENT] sock=2656 hEvent=00000A0C events=0x0
2026-10-03 07:59:31.866 [EVENT] sock=2656 hEvent=00000A0C events=0x21
2026-10-03 07:59:35.597 [EVENT] sock=2516 hEvent=000009A4 events=0x0
2026-10-03 07:59:35.598 [EVENT] sock=2516 hEvent=000009A4 events=0x21
2026-10-03 07:59:45.669 [EVENT] sock=2516 hEvent=000009A4 events=0x0
2026-10-03 07:59:45.669 [EVENT] sock=2516 hEvent=000009A4 events=0x21
2026-10-03 07:59:55.751 [EVENT] sock=2516 hEvent=000009A4 events=0x0
2026-10-03 07:59:55.752 [EVENT] sock=2516 hEvent=000009A4 events=0x21
2026-10-03 08:00:01.866 [EVENT] sock=2656 hEvent=00000A0C events=0x0
2026-10-03 08:00:01.867 [EVENT] sock=2656 hEvent=00000A0C events=0x21
2026-10-03 08:00:05.818 [EVENT] sock=2516 hEvent=000009A4 events=0x0
2026-10-03 08:00:05.819 [EVENT] sock=2516 hEvent=000009A4 events=0x21
2026-10-03 08:00:15.883 [EVENT] sock=2516 hEvent=000009A4 events=0x0
2026-10-03 08:00:15.883 [EVENT] sock=2516 hEvent=000009A4 events=0x21
2026-10-03 08:00:26.100 [EVENT] sock=2516 hEvent=000009A4 events=0x0
2026-10-03 08:00:26.102 [EVENT] sock=2516 hEvent=000009A4 events=0x21
2026-10-03 08:00:31.869 [EVENT] sock=2656 hEvent=00000A0C events=0x0
2026-10-03 08:00:31.870 [EVENT] sock=2656 hEvent=00000A0C events=0x21
2026-10-03 08:00:36.168 [EVENT] sock=2516 hEvent=000009A4 events=0x0
2026-10-03 08:00:36.169 [EVENT] sock=2516 hEvent=000009A4 events=0x21
2026-10-03 08:00:46.217 [EVENT] sock=2516 hEvent=000009A4 events=0x0
2026-10-03 08:00:46.217 [EVENT] sock=2516 hEvent=000009A4 events=0x21
2026-10-03 08:00:56.296 [EVENT] sock=2516 hEvent=000009A4 events=0x0
2026-10-03 08:00:56.296 [EVENT] sock=2516 hEvent=000009A4 events=0x21
2026-10-03 08:01:01.870 [EVENT] sock=2656 hEvent=00000A0C events=0x0
2026-10-03 08:01:01.870 [EVENT] sock=2656 hEvent=00000A0C events=0x21
2026-10-03 08:01:06.349 [EVENT] sock=2516 hEvent=000009A4 events=0x0
2026-10-03 08:01:06.351 [EVENT] sock=2516 hEvent=000009A4 events=0x21
2026-10-03 08:01:16.408 [EVENT] sock=2516 hEvent=000009A4 events=0x0
2026-10-03 08:01:16.408 [EVENT] sock=2516 hEvent=000009A4 events=0x21
2026-10-03 08:01:26.560 [EVENT] sock=2516 hEvent=000009A4 events=0x0
2026-10-03 08:01:26.561 [EVENT] sock=2516 hEvent=000009A4 events=0x21
2026-10-03 08:01:31.871 [EVENT] sock=2656 hEvent=00000A0C events=0x0
2026-10-03 08:01:31.871 [EVENT] sock=2656 hEvent=00000A0C events=0x21
2026-10-03 08:01:36.618 [EVENT] sock=2516 hEvent=000009A4 events=0x0
2026-10-03 08:01:36.620 [EVENT] sock=2516 hEvent=000009A4 events=0x21
2026-10-03 08:01:46.675 [EVENT] sock=2516 hEvent=000009A4 events=0x0
2026-10-03 08:01:46.676 [EVENT] sock=2516 hEvent=000009A4 events=0x21
2026-10-03 08:01:56.762 [EVENT] sock=2516 hEvent=000009A4 events=0x0
2026-10-03 08:01:56.762 [EVENT] sock=2516 hEvent=000009A4 events=0x21
2026-10-03 08:02:01.872 [EVENT] sock=2656 hEvent=00000A0C events=0x0
2026-10-03 08:02:01.873 [EVENT] sock=2656 hEvent=00000A0C events=0x21
2026-10-03 08:02:06.821 [EVENT] sock=2516 hEvent=000009A4 events=0x0
2026-10-03 08:02:06.822 [EVENT] sock=2516 hEvent=000009A4 events=0x21
2026-10-03 08:02:08.890 [OP] 4613 inv=FFB9 len=70 #1 95f3ddbf6fe02298bd798a6c0e2e585b68a9182c94df55536a6d8d503ea6ed7f58ec6ffaa353caaa5beb757bd998f8671f805b6451b1dcfaa32beceb066d0d4079bbea2b1f80
2026-10-03 08:02:13.920 [OP] 4040 inv=FFE1 len=30 #1 efc2392b9b87c464ac0bdcfa3499974dbe2e6b9661faa32b1f805b64510b
2026-10-03 08:02:13.932 [EVENT] sock=2516 hEvent=000009A4 events=0x0
2026-10-03 08:02:13.932 [OUT] 0037 inv=FFF7 len=12 #1 f7ff3700e9b0c4a323ecfc0b
2026-10-03 08:02:13.933 [EVENT] sock=2516 hEvent=000009A4 events=0x21
2026-10-03 08:02:13.975 [SYS] 与对方之间有障碍。
2026-10-03 08:02:15.144 [EVENT] sock=2656 hEvent=00000A0C events=0x0
2026-10-03 08:02:15.145 [EVENT] sock=2656 hEvent=00000A0C events=0x21
2026-10-03 08:02:16.881 [EVENT] sock=2516 hEvent=000009A4 events=0x0
2026-10-03 08:02:16.881 [EVENT] sock=2516 hEvent=000009A4 events=0x21
2026-10-03 08:02:19.413 [EVENT] sock=2516 hEvent=000009A4 events=0x0
2026-10-03 08:02:19.414 [EVENT] sock=2516 hEvent=000009A4 events=0x21
2026-10-03 08:02:20.412 [EVENT] sock=2516 hEvent=000009A4 events=0x0
2026-10-03 08:02:20.414 [EVENT] sock=2516 hEvent=000009A4 events=0x21
2026-10-03 08:02:21.413 [EVENT] sock=2516 hEvent=000009A4 events=0x0
2026-10-03 08:02:21.414 [EVENT] sock=2516 hEvent=000009A4 events=0x21
2026-10-03 08:02:21.659 [QUESTION] {"type":"question","sock":2516,"qno":3,"field_a":83,"stem":"气温、水、植物等对岩石的破坏现象叫做？","options":["1、风化","2、变形","3、自西向东","4、机械化"]}
2026-10-03 08:02:21.660 [SHIELD] withhold question qno=3 — popup suppressed
2026-10-03 08:02:22.661 [UI] auto dump on question qno=3
2026-10-03 08:02:22.661 [UI] ---- window dump begin (pid 24056) ----
2026-10-03 08:02:22.668 [UI] TOP=00AB008A vis=1 cls=ATL:0062F210 rc=(-9,22,1031,829) title=什么什么大冒险2(①逍遥村敬老院)-伏地魔1_Sep 24 2026《什么什么大冒险》制作委员会QQ群:515616289
2026-10-03 08:02:22.669 [UI] TOP=001D090C vis=0 cls=DIEmWin rc=(-1,-1,135,38) title=DIEmWin
2026-10-03 08:02:22.684 [UI] TOP=00120C30 vis=0 cls=MSCTFIME UI rc=(0,0,0,0) title=MSCTFIME UI
2026-10-03 08:02:22.700 [UI] TOP=00160130 vis=0 cls=IME rc=(0,0,0,0) title=Default IME
2026-10-03 08:02:22.701 [UI] TOP=001D0A96 vis=0 cls=IME rc=(0,0,0,0) title=Default IME
2026-10-03 08:02:22.701 [UI] ---- window dump end ----
2026-10-03 08:02:22.721 [EVENT] sock=2516 hEvent=000009A4 events=0x0
2026-10-03 08:02:22.722 [OUT] 0030 inv=FFDE len=37 #1 deff3000803e22a32b1f805ba0510bdcc5a32b1f3cc83369938c0ba32b1f805b64510bdcfa
2026-10-03 08:02:22.722 [EVENT] sock=2516 hEvent=000009A4 events=0x21
2026-10-03 08:02:22.769 [SYS] 你所邀请的对象已经在另外一个队伍里，无法接受你的邀请。
2026-10-03 08:02:25.979 [SEND-ANSWER] qno=3 opt=0 ret=13 sock=2516
2026-10-03 08:02:25.980 [SHIELD] consumed held question qno=3 after answer
2026-10-03 08:02:26.027 [SYS] 测试通过！
2026-10-03 08:02:26.120 [SYS] 获得了#00FF00#100#FFF692#金币
2026-10-03 08:02:26.120 [CURRENCY] a=199366 b=1051302
2026-10-03 08:02:27.129 [EVENT] sock=2516 hEvent=000009A4 events=0x0
2026-10-03 08:02:27.130 [EVENT] sock=2516 hEvent=000009A4 events=0x21
2026-10-03 08:02:30.654 [OP] 4040 inv=FFE1 len=30 #2 efc2392b9b87c464ac0bdcfa3499974dbe2e6b9661faa32b1f805b64510b
2026-10-03 08:02:30.669 [EVENT] sock=2516 hEvent=000009A4 events=0x0
2026-10-03 08:02:30.669 [OUT] 0037 inv=FFF7 len=12 #2 f7ff37002d163cfc23ecfc0b
2026-10-03 08:02:30.670 [EVENT] sock=2516 hEvent=000009A4 events=0x21
2026-10-03 08:02:30.712 [OP] 4705 inv=FFB8 len=71 #1 d36b7f5134a722a37d67ce5bbbb20bdcfaa32b1fbc1c64510bdcfaa30459805b64510bdc39db2b1f805b645131dcfaa3a71f805b2751a2da2bf061f1341a64510bdcfaa32b1f80
2026-10-03 08:02:31.875 [EVENT] sock=2656 hEvent=00000A0C events=0x0
2026-10-03 08:02:31.877 [EVENT] sock=2656 hEvent=00000A0C events=0x21
2026-10-03 08:02:34.880 [EVENT] sock=2516 hEvent=000009A4 events=0x0
2026-10-03 08:02:34.881 [EVENT] sock=2516 hEvent=000009A4 events=0x21
2026-10-03 08:02:35.881 [EVENT] sock=2516 hEvent=000009A4 events=0x0
2026-10-03 08:02:35.881 [EVENT] sock=2516 hEvent=000009A4 events=0x21
2026-10-03 08:02:36.897 [EVENT] sock=2516 hEvent=000009A4 events=0x0
2026-10-03 08:02:36.898 [EVENT] sock=2516 hEvent=000009A4 events=0x21
2026-10-03 08:02:37.882 [EVENT] sock=2516 hEvent=000009A4 events=0x0
2026-10-03 08:02:37.884 [EVENT] sock=2516 hEvent=000009A4 events=0x21
2026-10-03 08:02:38.885 [EVENT] sock=2516 hEvent=000009A4 events=0x0
2026-10-03 08:02:38.886 [EVENT] sock=2516 hEvent=000009A4 events=0x21
2026-10-03 08:02:39.145 [EVENT] sock=2516 hEvent=000009A4 events=0x0
2026-10-03 08:02:39.146 [EVENT] sock=2516 hEvent=000009A4 events=0x21
2026-10-03 08:02:40.092 [EVENT] sock=2516 hEvent=000009A4 events=0x0
2026-10-03 08:02:40.094 [EVENT] sock=2516 hEvent=000009A4 events=0x21
2026-10-03 08:02:42.490 [EVENT] sock=2516 hEvent=000009A4 events=0x0
2026-10-03 08:02:42.490 [EVENT] sock=2516 hEvent=000009A4 events=0x21
2026-10-03 08:02:49.216 [EVENT] sock=2516 hEvent=000009A4 events=0x0
2026-10-03 08:02:49.221 [EVENT] sock=2516 hEvent=000009A4 events=0x21
2026-10-03 08:02:56.477 [SETTLE] exp=2 gold=199366 len=393
2026-10-03 08:02:56.510 [EVENT] sock=2516 hEvent=000009A4 events=0x0
2026-10-03 08:02:56.510 [EVENT] sock=2516 hEvent=000009A4 events=0x21
2026-10-03 08:02:56.636 [OP] 4707 inv=FFF3 len=12 #2 8b3bad807aecfc0b17faa32b
2026-10-03 08:02:56.637 [OP] 4707 inv=FFF3 len=12 #3 8b3bad8041cdfc0b17faa32b
2026-10-03 08:02:56.637 [OP] 4707 inv=FFF3 len=12 #4 8b3bad803ccdfc0b17faa32b
2026-10-03 08:02:56.639 [OP] 4612 inv=FFF7 len=8 #2 ca805b64238052fa
2026-10-03 08:02:56.639 [OP] 4612 inv=FFF7 len=8 #3 ca805b6412b252fa
2026-10-03 08:02:56.639 [OP] 4612 inv=FFF7 len=8 #4 ca805b6455b252fa
2026-10-03 08:02:57.534 [EVENT] sock=2516 hEvent=000009A4 events=0x0
2026-10-03 08:02:57.535 [EVENT] sock=2516 hEvent=000009A4 events=0x21
2026-10-03 08:02:58.511 [EVENT] sock=2516 hEvent=000009A4 events=0x0
2026-10-03 08:02:58.512 [EVENT] sock=2516 hEvent=000009A4 events=0x21
2026-10-03 08:02:59.513 [EVENT] sock=2516 hEvent=000009A4 events=0x0
2026-10-03 08:02:59.514 [EVENT] sock=2516 hEvent=000009A4 events=0x21
2026-10-03 08:03:00.515 [EVENT] sock=2516 hEvent=000009A4 events=0x0
2026-10-03 08:03:00.516 [EVENT] sock=2516 hEvent=000009A4 events=0x21
2026-10-03 08:03:01.521 [EVENT] sock=2516 hEvent=000009A4 events=0x0
2026-10-03 08:03:01.522 [EVENT] sock=2516 hEvent=000009A4 events=0x21
2026-10-03 08:03:01.878 [EVENT] sock=2656 hEvent=00000A0C events=0x0
2026-10-03 08:03:01.878 [EVENT] sock=2656 hEvent=00000A0C events=0x21
2026-10-03 08:03:02.518 [EVENT] sock=2516 hEvent=000009A4 events=0x0
2026-10-03 08:03:02.519 [EVENT] sock=2516 hEvent=000009A4 events=0x21
2026-10-03 08:03:03.525 [EVENT] sock=2516 hEvent=000009A4 events=0x0
2026-10-03 08:03:03.526 [EVENT] sock=2516 hEvent=000009A4 events=0x21
2026-10-03 08:03:04.523 [EVENT] sock=2516 hEvent=000009A4 events=0x0
2026-10-03 08:03:04.523 [EVENT] sock=2516 hEvent=000009A4 events=0x21
2026-10-03 08:03:04.741 [EVENT] sock=2516 hEvent=000009A4 events=0x0
2026-10-03 08:03:04.742 [EVENT] sock=2516 hEvent=000009A4 events=0x21
2026-10-03 08:03:05.742 [EVENT] sock=2516 hEvent=000009A4 events=0x0
2026-10-03 08:03:05.742 [EVENT] sock=2516 hEvent=000009A4 events=0x21
2026-10-03 08:03:07.959 [EVENT] sock=2516 hEvent=000009A4 events=0x0
2026-10-03 08:03:07.962 [EVENT] sock=2516 hEvent=000009A4 events=0x21
2026-10-03 08:03:12.677 [EVENT] sock=2516 hEvent=000009A4 events=0x0
2026-10-03 08:03:12.678 [EVENT] sock=2516 hEvent=000009A4 events=0x21
2026-10-03 08:03:14.861 [EVENT] sock=2516 hEvent=000009A4 events=0x0
2026-10-03 08:03:14.861 [EVENT] sock=2516 hEvent=000009A4 events=0x21
2026-10-03 08:03:17.392 [PIPE] controller disconnected
2026-10-03 08:03:20.202 [EVENT] sock=2516 hEvent=000009A4 events=0x0
2026-10-03 08:03:20.203 [EVENT] sock=2516 hEvent=000009A4 events=0x21
2026-10-03 08:03:23.498 [NET-E] sock=2516 r=-1 err=10053
2026-10-03 08:03:23.499 [CLOSE] main sock 2516 closed
2026-10-03 08:03:23.565 [NET-E] sock=2656 bypass r=-1 err=10058
2026-10-03 08:03:23.566 [CLOSE] main sock 4294967295 closed
2026-10-03 08:03:23.898 [CLOSE] main sock 4294967295 closed
2026-10-03 08:03:24.312 [CLOSE] main sock 4294967295 closed
2026-10-03 08:03:24.312 [CLOSE] main sock 4294967295 closed
2026-10-03 08:03:24.387 [INIT] dll unloaded
