2026-10-02 08:18:07.298 [INIT] dll loaded, pid=17852
2026-10-02 08:18:07.298 [INIT] codec loaded OK
2026-10-02 08:18:07.298 [INIT] iat hooks: recv=1 send=1 WSASend=1 connect=1 closesocket=1
2026-10-02 08:18:07.298 [OV] overlay window ready
2026-10-02 08:18:18.706 [PIPE] controller connected
2026-10-02 09:12:47.866 [CONNECT] main sock 2468 -> 8484
2026-10-02 09:12:47.920 [OUT] 0FFF inv=FBC6 len=260 #1 c6fbff0f614f41764b4fe2eb6af43e5710dcfaa32b84805b64fb0bdcfaa32b1f8052ae8db8d5b7ddfc1f805b64510bdcfa572b1f80ba64510bdcfaa32b1965defecb935c04a32b1f805b64510b36faa32b2d805b64510bdcfa2a306ea3f779e3fcdcfaa32b1f805b64510bdcfaa32b1f805b64510bdcfaa32b1f805b64510bdcfaa32b1f805b1018fcd3ec552b69805b22580bdcfaa3d91f805ba9510bdcf1492369a4a56779db7a98ed2bdce99564510bdc3cb31a84b69564510bdcfaa32b1f805bf7edd2a5ce080269b98740793042fded74667e95383d00c6539326ac4b6f899eb971c04fe21f805b64310bdcfa5f2b1f805b64510bcbea07a983d55012510bdcfaa3
2026-10-02 09:12:48.197 [OP] 4002 inv=FF3B len=196 #1 9403ad52acc58d0b4569cca290637aa2e685a028f7e937b9d7ec51af586a9fa6aba071c3e45dad80c464510bdcfaa32bec5d5b64a552155ac4181f80c831510b155a4e78c8d97b81510bdcfa732b1f805b64510bdcfaa32b98aa5b64585ddcfaa3b9b9969ce9520bdcfaa32b1f805b64510bdcfa765dad80c464510bdcfaa32bc8d97b81a552155af42b1f807b81a552155a4e78c8d97b81510bdcfa392b1f80
2026-10-02 09:12:50.764 [OUT] 0004 inv=FDD2 len=260 #1 d2fd04000cdcfaa3e3285047e952952d0b7f6c9f805b6451fddcfaa3321f805b64510bdc2d0ca46e952ddb200bdcfaa32b1f805bdd510bdc30a32b1f805b6451577079c95f4b735964510bdcfaa32b1f8c5b6451cddcfaa32b1f805b0ed9614cfaa32b1f805b64510bdcfaa3671f805bb5510bdcfaa32b1f7dcdc2b2e31de1fd5151141c64510bdcfaa32b1f53294b42a07a7e5bafac696fa6c98ad3934f30e2439f8990f42dece6714518a964510bdcfaa32b1f805b64510bdcfaa32b1f805b64510bdcfaa32b1f805b64510bdcfaa32b1f805b64510bdcfaa32b1f805b64510bdcfaa32b1f805b64510bdcfaa32b1f805b64510bdcfaa32b1f805b64510bdcfaa32b1f
2026-10-02 09:12:50.834 [OP] 4014 inv=FFEA len=21 #1 0cca805bcd510bdc64467cf3805b6451c2e801f82b
2026-10-02 09:12:50.876 [OP] 46F2 inv=E407 len=7160 #1 ff1106ab302fdce91f0ad8e5b4642e4e53e78b691fb86633330b611b8031868f5b9196134afa12fc89c8dbfd51e40cfc302be584f0555193d0b4ece86680e67076f97457a331c97c32675b0bcdfdb07a1e825b8deb693a66a62b0bc18b8ddd9bdc80d743825f7164b1beb6b7a377757ed3ef0d0b5a80a14b721a5b50332eeffab0a897324f5d51fb9223df2ba79abca006b5dc6d0bb30a712664d772ad9ba13c
2026-10-02 09:12:50.924 [OP] 46F2 inv=E409 len=7158 #2 be4325e90c43a33135c270e5ba0aa8fa4159123d85a151a4a4b7ad2bae2d54ff6568dcfc1d82ed1606e3060b0811f021279fbd69513223974466083a5bcef68374fc3f829a803e2033196060eae61fb552226b83daa5492bbf06dbe1b36aad04a3e950e96909d42e6efa6061c327bee6b45cdc2ba1b355d58a694a0bb605ad994bf5becc51de7c46a82bab8e1aa41d3cdc8d6a488637e064b349c938c2f40efb
2026-10-02 09:12:50.972 [OP] 46F2 inv=E40A len=7157 #3 fb1acfaed1339d6c802debb3f3dc4ed18b117c5401be0b6e68f0cf1f293350db0b0359650a1f7a6d09c00bd80733b31fd509e1e40b53d72b8b1f8f06ff8232c9fab012ff112eda51e979f1d32bc299d7aa517d2633862bfaf2ee64b1f20feba3953105e5644cbc7ddb809a121d5b09be0aa8fc3f4d7680fffa7301a129639d1f4cf069f70bf09b50651f5f32fdbe608afa6079279fe96876d2dcd1f0b395d36d
2026-10-02 09:12:50.972 [OP] 46F2 inv=E40A len=7157 #4 5003ae65245c23543cc2c8b1deb146042b0ba6af2db3abf0fc80a1ff2e716725a2dcd129c2080c32e1256c2b971d2b2a4ae9c34d196201f9861f8f2bd89c3ca446b0b3bb3c836435e86977b04bb5e5d7e31246dc3b5e6138867122356cad97e32b42b2b2ed33e36eef019b1f23262d5c28f857a3a1505ee45003119cfa3394d00b8bed3596dc12168616bc5bc9bc186201d4fc1f0696b7ea97513816b999e909
2026-10-02 09:12:50.972 [OP] 46F2 inv=E403 len=7164 #5 c9bb65d6d07bb29b5185ca4e499e7096b264068fc9ef6c457c9926132e2e943243bce4bb5b017a5c7703ff6e3980cb1b0c4a77ef128b1fb12c6d81343938162bc334836bb464743863c90e345b5003ae655e6fddffb863d8931b764eb0190e80db8c13182359dc9ee41a9fa6135a7438a349bde909e37aca14d958434380db8c1318dac8c2337cb0413f51a2b0ac1d319a7e89ff01e98ab47523d280e9c34d19
2026-10-02 09:12:51.020 [OP] E001 inv=FFAF len=80 #1 580be8a3a32b1f80b77cb9b3ebffc88a0c5c5a4da476a3a1c95ee6c51d4d2439242070384597fb57d5b3bf5f24463e3bd83d76e374b34fe2b8c5f4987fb97144765409805baed6666ffaa32b1f805b64
2026-10-02 09:12:51.056 [OP] 4011 inv=FC8D len=882 #1 e45dad800e64510b6c2e0c5c6465ec21c7120e2eba381f80e0cdfc0b900e392b2d87c4640e0be2faa32b1f805b640ac32414fabea05396c1e7e13ca1c95ee680baecfc0b6ff4a32bd8ce51dffcd5dcfaa32b1f801dc1c703a3459d0beb24b180793aeeea13a94569b64d51ec7af4b9532d877a64510bdcfaa32b41d6814d0aa0012e9f2c1f805b645861dcc4e8931f805b64510bbafaa32bb2ce5b64510bdcfa
2026-10-02 09:12:51.056 [OP] 4015 inv=FCD3 len=812 #1 408052fa392b1f805b64510b36cba32bc8d97b81da64dcfab0f21f807b81a552155a4e780a315b64df92dcfa6ff51f80ac3e510b155a4e78c8d97b81a552155aa5de1f80a3f8510b17faa32b2daa5b64feecdcfaa9931f805b64510bdcfaa32bc8d97b8168d0dcfaa32b1f803ddf510bdcfaa32b63ce5b64510bdcfa38531f805b64510b76faa32b30665b64510bdcfaa9ccfd805b64510bdcfaa32b1f80d064
2026-10-02 09:12:51.062 [OP] 4055 inv=FFF7 len=8 #1 c6ecfc0bdcfaa32b
2026-10-02 09:12:51.062 [OP] 4042 inv=FFCF len=48 #1 d70e392b59805b647ad0dcfaa32b1f805b64510b88a1a32b1f805b641ad0dcfaa32b1f805b64510b6743a32b1f805b64
2026-10-02 09:12:51.062 [OP] 4056 inv=FFF7 len=8 #1 d70e392b1f805b64
2026-10-02 09:12:51.062 [OP] 4055 inv=FFF7 len=8 #2 c6ecfc0bdcfaa32b
2026-10-02 09:12:51.062 [OP] 4045 inv=FFE3 len=28 #1 e45dad800d64510bdcfaa32be3805b648d0bdcfaf72b1f808ba9510b
2026-10-02 09:12:51.062 [OP] 4041 inv=FFF7 len=8 #1 c6ecfc0bdcfaa378
2026-10-02 09:12:51.062 [OP] 017E inv=FFED len=18 #1 e45dad8095df58ec6fc4f853caaa95df58ec
2026-10-02 09:12:51.062 [OP] 4B45 inv=F002 len=4093 #1 3767ce5b94b20bdc58e762afa8f25b378ae499c3a9a853755b79d1707e8d5a457282d257397578c35b0238a2a89ea075b9766caa02fe3e9e5eff2e9a71fa97ec07e7124020c32cfea36f98c54aa5cb705b450237345739755f7f5b5a5db104e815ac7ccf153e65cc4b48a0e226426caa02fe3e9e5ef6a1130f3b53907837950bd4fc8afa5b424dd6c6cea225f9a85375ad79907a67c3f921e36f98c581ac67cf
2026-10-02 09:12:51.106 [OP] 4B49 inv=FFF7 len=8 #1 c687c464510bdcfa
2026-10-02 09:12:51.106 [OP] 40FB inv=FFF9 len=6 #1 e45dad805b64
2026-10-02 09:12:51.106 [OP] 4613 inv=FFBC len=67 #1 ec928d7a53a580e8c80eecda60237fbd7995df01a2900a29247026948c1ed06fc4f82b1faa95df51e3e6cdfd51ca2a5b64660bdcf4a3531f8040ef555c8aa2512b1f80
2026-10-02 09:12:51.106 [OP] 40A0 inv=FF7F len=128 #1 c6ecfc0b900e392b8e125b64637fdcfadb4a329abdea13f2dcfaa32b1f805b64510bdcfaa32b1f805b64510bdcfaa32b1f805b64510bdcfaa32b1f8039f80dd0d9e8f0de81605b6439ecdcfadb4ac3548a70b105d3bbea0232805b64510bdcfaa32b1f805b64510bdcfaa32b1f805b64510bdcfaa32b1f80b3f875ecc2e88e53
2026-10-02 09:12:51.106 [OP] 4613 inv=FDAF len=592 #2 49ee0370f8d91fa93cf8582e585b9ebc62aa95381e7f3001230e40c72b87fcec6fc4a32bcaaa956455d55cf4025380805b78370b8bfaf82b1f4f24c812922d0ba32b1fa9e5af58d5dc590193f6a313a3836f3cc49c89ca7cf9e442e7f2c4f853ca805bdf58ecdc105734adb39566517fe226a34a1faa5b6483d286033d6643d45b64516b7c70f8d91fb093f8628e89c2965bca9bd6df55760607db0e3eaa95df
2026-10-02 09:12:51.113 [OP] E062 inv=FFCD len=50 #1 9564510bbafa7f3b6c1d985c5579b6947349b2274cf9bc85b1032b25a8ed96784c181874c2d4d0f1d73f332b0b7873baa880
2026-10-02 09:12:51.113 [OP] E062 inv=FFDB len=36 #2 90faa32bee80eecd052a78b83467e8a4f369c5ce4dd0cb56fef33ab76de3b664c159bf80
2026-10-02 09:12:51.113 [OP] E062 inv=FFD6 len=41 #3 ce5b64516edcc0b44bd3a4302774b37803306ed87c542e911708d8c1c6127e0648f7caa14edf3c9780
2026-10-02 09:12:51.113 [OP] E062 inv=FFBD len=66 #4 8bfaa32b2180eecd052a78b83467e8a4f369c56648a6e72307f33ab76d5c192bceebd9b1e97b6f2e14b753eb4b4c723354115f2b04230737be87299ce0ac5c311c80
2026-10-02 09:12:51.113 [OP] E062 inv=FFD2 len=45 #5 aea32b1ffc5b3eaf205bb83467e8a43005939c08e9a1339602fe15472a7ccbe7c0c371aa87299ce0ccce36a780
2026-10-02 09:12:51.441 [OP] 47C0 inv=FFCD len=50 #1 0faa0d018ffd90e002ed39790ed9127cc6c4fd69c720c362c0fd6ff4dfed0f79e8da31ec8b72218b62e8add958b16e309624
2026-10-02 09:12:51.441 [OP] 47C0 inv=FFD8 len=39 #2 b39526127cc6c4fd69c720c362c0fd6ff4dfed0f79e8da31ec8b72218b62e8add958b16e309624
2026-10-02 09:12:51.441 [OP] 47C0 inv=FFE1 len=30 #3 0faac462c0fd6ff4dfed0f79e8da31ec8b72218b62e8add958b16e309624
2026-10-02 09:12:51.441 [OP] 47C0 inv=FFEA len=21 #4 51cac7e8da31ec8b72218b62e8add958b16e309624
2026-10-02 09:12:51.441 [OP] 47C0 inv=FFF3 len=12 #5 0253cae8add958b16e309624
2026-10-02 09:12:51.861 [OP] E014 inv=FF97 len=104 #1 22b460f2e2185b64510bdcfaa32b1f805b64510b2d8a4bbb4f55cf64b3e564faa62b1f805b64510bdcfaa32b1f805b64510bdcfaa32b1f805b64510bdcfaa32b1f805b64510bdcfaa32b1f805b64510bdcfaa32b1f805b64510bdcfaa32b1f805b6431b2388a4bbb
2026-10-02 09:12:51.912 [OP] E004 inv=FF35 len=202 #1 fd0ba1914133409e335513f2dcfaa32b1f805b7ffd0be6faa32b1f805b64580bdcfaa32b1f805b64510b696479020e0f840a2913dcfaa32b1f805b26fdecc4faa32b1f805b64580bdcfaa32b1f805b64510b088880344ba75b64510bdcfaa32b1f805b64fcecdcfaa32b1f805b64d7b252faa32b1f805b64510b088880344ba72964510bdcfaa32b1f805b64fcecdcfaa32b1f805b6455b252faa32b1f805b64
2026-10-02 09:12:53.069 [OUT] 1F02 inv=FFFB len=8 #1 fbff021fdcfaa32b
2026-10-02 09:12:53.072 [OUT] 0040 inv=FFFA len=9 #1 faff4000faa32b1f80
2026-10-02 09:12:53.072 [OUT] 0041 inv=FFFA len=9 #1 faff4100805b64510b
2026-10-02 09:12:53.072 [OUT] 0185 inv=FFF7 len=12 #1 f7ff8501dcfaa32bc8d97b81
2026-10-02 09:12:53.072 [OUT] 003D inv=FFFB len=8 #1 fbff3d00dcfaa32b
2026-10-02 09:12:53.072 [OUT] 003C inv=FFFB len=8 #1 fbff3c005b64510b
2026-10-02 09:12:53.072 [OUT] 003E inv=FFFB len=8 #1 fbff3e001f805b64
2026-10-02 09:12:53.072 [OUT] 003F inv=FFFB len=8 #1 fbff3f00510bdcfa
2026-10-02 09:12:53.072 [OUT] 0053 inv=FFFB len=8 #1 fbff5300510bdcfa
2026-10-02 09:12:53.072 [OUT] 1F00 inv=FFFB len=8 #1 fbff001fa32b1f80
2026-10-02 09:12:53.072 [OUT] 1F06 inv=FFFB len=8 #1 fbff061f5b64510b
2026-10-02 09:12:53.072 [OUT] 0230 inv=FFFB len=8 #1 fbff3002dcfaa32b
2026-10-02 09:12:53.072 [OUT] 0231 inv=FFFB len=8 #1 fbff31021f805b64
2026-10-02 09:12:53.072 [OUT] 0232 inv=FFFB len=8 #1 fbff3202510bdcfa
2026-10-02 09:12:53.072 [OUT] 0054 inv=FFFB len=8 #1 fbff5400a32b1f80
2026-10-02 09:12:53.072 [OUT] 01E4 inv=FFFB len=8 #1 fbffe401c687c464
2026-10-02 09:12:53.111 [OP] F005 inv=FFE7 len=24 #1 24c812922d0ba32b1f805b64510bdcfaa3de19ca8bd792ad
2026-10-02 09:12:53.116 [OP] 4601 inv=FFF7 len=8 #1 5b64510bdcb8f82b
2026-10-02 09:12:53.159 [OP] 4600 inv=FF87 len=120 #1 e85f4f6c41646fe94bb92da2fc6ce26ae1e957b9f2a24f6c3e6a6fe94bb92da2fc6ce26ae1e957b9f2a24f6c3e6a6fe94bb92da2fc6ce26ae1e957b9f2a24f6c3e6a6fe94bb92da2fc6ce26ae1e957b9f2a24f6c3e6a6fe94bb92da2fc6ce26ae1e957b9f2a24f6c3e6a6fe94bb92da2fc6ce26ae1e957b9
2026-10-02 09:12:53.241 [OP] 40E3 inv=FFF3 len=12 #1 d70e392bca80bb64db0b6ffa
2026-10-02 09:12:53.241 [OP] 40E2 inv=FFF3 len=12 #1 c6ecfc0b6ffaa32b45809564
2026-10-02 09:12:53.241 [OP] 40E4 inv=FF0D len=242 #1 c687c464fc0b52fa6b2b1f805b64510bdcfaa32b62805b64510bdcfaa32b1f8095df51ec90fa232b5207c4640eecdcfaa32b1f805b64510bdcfaa32b1f805b64510bdcfaa32b1f805b64510bdcfaa32b1f805b64510b0dfaa32b1f805b64510bdcfa462b1f805b64510bdcfaa32bcaaa5bdf6aec540e392bca125bdf510bdcfaa32b1f805b64510bdcfaa32b1f805b64510bdcfaa32b1f805b64510bdcfaa32b
2026-10-02 09:12:53.241 [OP] 4244 inv=FFF7 len=8 #1 d70e392b1f80bb64
2026-10-02 09:12:53.247 [OP] 4050 inv=FFF7 len=8 #1 c6ecfc0bdcfafd2b
2026-10-02 09:12:53.247 [OP] 4503 inv=FFF3 len=12 #1 c687c464510bdcfaa33bad80
2026-10-02 09:12:53.247 [OP] 4020 inv=FE1F len=480 #1 e45dad80d864950b6fc2392b97a45b64580b6ffaa32bac804051510b6ffaf82bca80f764badbdcfaf82bca809464580b8b0da32bca809564fc0b52fa46b01f809564580b8bfaf82ba5ec5b64580b6ffa462bca80c347510b6ffaf82ba58095647488dcfaf82bca80c364580b350da32bca809564e60b90fa97b01f809564580bfafaf82bd5475b64580b6ffab42bca80fbb6510b6ffaf82b8a80c064242adcfa
2026-10-02 09:12:53.247 [OP] 4021 inv=FFA3 len=92 #1 c687c464830bdcfa572a1f80cc64d60bdcfaf82b242b5b64890b2afadb2bca807193510b70faed2bad8095649b76dcfa8d2bd6804064580b3fb3a32bfa80ec64830b6ffa6ff51f805864d60b36faf82b88765b64580b6ffa312bca80
2026-10-02 09:12:53.247 [OP] 40FA inv=FFCA len=53 #1 44d8de1f805b6f510bdcfaa32b1f805bdf390bdcfaa32b1f8095a7510bdcfaa32b1faad564510bdcfaa32bca5eba64510bdcfaa32b
2026-10-02 09:12:53.247 [OP] 4B30 inv=FFF7 len=8 #1 c687c464510bdcfa
2026-10-02 09:12:53.247 [OP] 4B31 inv=FFF7 len=8 #1 408052faa32b1f80
2026-10-02 09:12:53.247 [OP] 4B21 inv=FFE1 len=30 #1 e45dad805b81a55215c2a32b1f805b64510bdcfaa32b1f805b64510bdcfa
2026-10-02 09:12:53.247 [OP] 4410 inv=FC03 len=1020 #1 e45dad805b18ca18d8d24e78c8d95bdf510b4a43f8531f8070d77a60e6c24c82a755bd4eee3c0f41a32b96bbd798a552155aa3531f80668e58ecdcfa1641709e40dde16fb694a20a911a5b641918d8d24e78c8d95bdf510bc043f8531f804a3c7a60e6c2dc31bf71bd4e062bf8d6a32b38bbd798a552155aa3531f80ff8e58ecdcfa4af6709e40370d2bd82fb9234b0fbd4e960a5af1a32b8906d798a552155a
2026-10-02 09:12:53.253 [OUT] 0045 inv=FFF7 len=12 #1 f7ff4500510bdcfaa32b1f80
2026-10-02 09:12:53.253 [OUT] 0045 inv=FFF7 len=12 #2 f7ff4500510bdcfaf82b1f80
2026-10-02 09:12:53.253 [OUT] 0045 inv=FFF7 len=12 #3 f7ff4500510bdcfadb2b1f80
2026-10-02 09:12:53.253 [OUT] 0045 inv=FFF7 len=12 #4 f7ff4500510bdcfa392b1f80
2026-10-02 09:12:53.253 [OUT] 0045 inv=FFF7 len=12 #5 f7ff4500510bdcfafd2b1f80
2026-10-02 09:12:53.344 [OP] 4025 inv=FFF4 len=11 #1 faf84d12aa8bf851ece2c4
2026-10-02 09:12:53.445 [OP] 4025 inv=FFF4 len=11 #2 c4f83195aa8bf851ece2c4
2026-10-02 09:12:53.445 [OP] 4025 inv=FFF5 len=10 #3 db533832c4df51ece2fa
2026-10-02 09:12:53.445 [OP] 4025 inv=FFF5 len=10 #4 39533832c4df51ece2fa
2026-10-02 09:12:53.445 [OP] 4025 inv=FFF5 len=10 #5 fd533832c4df51ece2fa
2026-10-02 09:12:55.460 [OP] 4211 inv=FFE7 len=24 #1 8bfaa32be787c464fcc03e22a3de5207c464fc34a722a3de
2026-10-02 09:12:55.460 [OP] 4211 inv=FFF6 len=9 #2 aa5b6451cd3e22a3de
2026-10-02 09:13:01.819 [OUT] 1F51 inv=FFFF len=4 #1 ffff511f
2026-10-02 09:13:01.862 [OP] 4F52 inv=FFFF len=0 #1 
2026-10-02 09:13:03.545 [OP] EFFE inv=FFFE len=1 #1 0b
2026-10-02 09:13:11.868 [OUT] 1F51 inv=FFFF len=4 #2 ffff511f
2026-10-02 09:13:11.912 [OP] 4F52 inv=FFFF len=0 #2 
2026-10-02 09:13:14.568 [OP] EFFE inv=FFFE len=1 #2 0b
2026-10-02 09:13:20.841 [OP] 4211 inv=FFF6 len=9 #3 aa5b6451c03e22a34a
2026-10-02 09:13:20.841 [OP] 4211 inv=FFF6 len=9 #4 aa5b64515ca722a34a
2026-10-02 09:13:20.841 [OP] 4211 inv=FFF6 len=9 #5 aa5b6451af3e22a34a
2026-10-02 09:13:21.923 [OUT] 1F51 inv=FFFF len=4 #3 ffff511f
2026-10-02 09:13:22.034 [OP] 4F52 inv=FFFF len=0 #3 
2026-10-02 09:13:22.304 [OP] 46FE inv=FFFF len=0 #1 
2026-10-02 09:13:23.050 [CLOSE] main sock 2468 closed
2026-10-02 09:13:23.274 [OUT] F001 inv=FE5F len=260 #1 5ffe01f003caa32bc687c46476e374b34fe21f805b64510bdcfaa32b1f4bebe04fb971674fe2af6af464510bdcfaa32b1f805b64510bdcfaa32b1f805b64510bdcfaa32b1f805b64510bdcfaa32b1f805b64510bdcfaa32b1f805b64510bdcfaa32b1f805b64510bdcfaa32b1f805b64510bdcfaa32b1f805b64510bdcfaa32b1f805b64510bdcfaa32b1f805b64510bdcfaa32b1f805b64510bdcfaa32b45d4214f37127ab0e6c5fa6aa9a8abfc76a2c36cc628f4a690b9d3c313309ff25b64510bdcfaa32b1f805b64510bdcfaa32b1f805b64510bdcfaa32b1f805b64510bdcfaa32b1f805b64510bdcfaa32b1f805b64510bdcfaa32b1f805b64510bdcfaa32b1f80
2026-10-02 09:13:23.406 [OP] E001 inv=FFAF len=80 #2 580be8a3a32b1f80b77cb9b3ebffc88a0c5c5a4da476a3a1c95ee6c51d4d2439242070384597fb57d5b3bf5f24463e3bd83d76e374b34fe2b8c5f4987fb97144765409805baed6666ffaa32b1f805b64
2026-10-02 09:13:23.414 [OUT] F041 inv=FFE7 len=28 #1 e7ff41f024c812922d0ba32b1f805b64510bdcfaa3c93a2157fbf4ec
2026-10-02 09:13:23.414 [OUT] F003 inv=FFF7 len=12 #1 f7ff03f00ac5cddf4774dba4
2026-10-02 09:13:23.517 [OP] E014 inv=FF97 len=104 #2 22b460f2e2185b64510bdcfaa32b1f805b1551fddc907c2b1056b764dd34b76e962b1f805b64510bdcfaa32b1f805b64510bdcfaa32b1f805b64510bdcfaa32b1f805b64510bdcfaa32b1f805b64510bdcfaa32b1f805b64510bdcfaa32b1f805b6431b21a8a1dbb
2026-10-02 09:13:23.612 [OP] E004 inv=FF35 len=202 #2 fd0ba1914133409e335513f2dcfaa32b1f805b7ffd0be6faa32b1f805b64580bdcfaa32b1f805b64510b696479020e0f840a2913dcfaa32b1f805b26fdecc4faa32b1f805b64580bdcfaa32b1f805b64510b088880344ba75b64510bdcfaa32b1f805b64fcecdcfaa32b1f805b64d7b252faa32b1f805b64510b088880344ba72964510bdcfaa32b1f805b64fcecdcfaa32b1f805b6455b252faa32b1f805b64
2026-10-02 09:13:24.989 [OP] F005 inv=FFE7 len=24 #2 26b35c3828d7a32b1f805b64510bdcfaa3ce1f8091643fb2
2026-10-02 09:13:25.093 [OP] F005 inv=FFE7 len=24 #3 26b35c3828d7a32b1f805b64510bdcfaa3ce1f8091643fb2
2026-10-02 09:13:25.095 [OP] F005 inv=FFE7 len=24 #4 26b35c3828d7a32b1f805b64510bdcfaa3ce1f8091643fb2
2026-10-02 09:13:25.095 [OP] F005 inv=FFE7 len=24 #5 26b35c3828d7a32b1f805b64510bdcfaa3ce1f8091643fb2
2026-10-02 09:13:25.934 [CLOSE] main sock 2644 closed
2026-10-02 09:14:11.477 [CONNECT] main sock 3052 -> 8484
2026-10-02 09:14:11.530 [OUT] 0FFF inv=FBC6 len=260 #2 c6fbff0f614f41764b4fe2eb6af43e5710dcfaa32b84805b64fb0bdcfaa32b1f8052ae8db8d5b7ddfc1f805b64510bdcfa572b1f80ba64510bdcfaa32b1965defecb935c04a32b1f805b64510b36faa32b2d805b64510bdcfa2a306ea3f779e3fcdcfaa32b1f805b64510bdcfaa32b1f805b64510bdcfaa32b1f805b64510bdcfaa32b1f805b1018fcd3ec552b69805b22580bdcfaa3d91f805ba9510bdcf1492369a4a56779db7a98ed2bdce99564510bdcebc259ecb69564510bdcfaa32b1f805bf7edd2a5ce080269b98740793042fded88c8d97b64510bdc539326ac4b6f899eb971c04fe21f805b64310bdcfa5f2b1f805b64510bcbea07a983d55012510bdcfaa3
2026-10-02 09:14:11.801 [OP] 4002 inv=FF3B len=196 #2 94443a52acc58d0b4569cca290637aa2e685a028f7e937b9d7ec51af586a9fa6aba071c3e45dad80c464510bdcfaa32bec5d5b64a552155ac4181f80c831510b155a4e78c8d97b81510bdcfa732b1f805b64510bdcfaa32b98aa5b64585ddcfaa3b9b9969ce9520bdcfaa32b1f805b64510bdcfa765dad80c464510bdcfaa32bc8d97b81a552155af42b1f807b81a552155a4e78c8d97b81510bdcfa392b1f80
2026-10-02 09:14:13.364 [OUT] 0004 inv=FDD2 len=260 #2 d2fd04000cdcfaa3e3285047e952952d0b7f6c9f805b6451fddcfaa3321f805b64510bdc2d0ca46e952ddb200bdcfaa32b1f805bdd510bdc30a32b1f805b6451577079c95f4b735964510bdcfaa32b1f8c5b6451cddcfaa32b1f805b0ed9614cfaa32b1f805b64510bdcfaa3671f805bb5510bdcfaa32b1f7dcdc2b2e31de1fd5151141c64510bdcfaa32b1f53294b42a07a7e5bafac696fa6c98ad3934f30e2439f8990f42dece6714518a964510bdcfaa32b1f805b64510bdcfaa32b1f805b64510bdcfaa32b1f805b64510bdcfaa32b1f805b64510bdcfaa32b1f805b64510bdcfaa32b1f805b64510bdcfaa32b1f805b64510bdcfaa32b1f805b64510bdcfaa32b1f
2026-10-02 09:14:13.432 [OP] 4014 inv=FFEA len=21 #2 0cca805bcd510bdc6fa506f3fb4e6451c2e801f82b
2026-10-02 09:14:13.625 [OP] E001 inv=FFAF len=80 #3 580be8a3a32b1f80b77cb9b3ebffc88a0c5c5a4da476a3a1c95ee6c51d4d2439242070384597fb57d5b3bf5f24463e3bd83d76e374b34fe2b8c5f4987fb97144765409805baed6666ffaa32b1f805b64
2026-10-02 09:14:13.656 [OP] 4011 inv=FC8D len=882 #2 e45dad800e64510b6c2e0c5c6465ec21c7120e2eba381f8063cdfc0b74c2392be787c4644080e2faa32b1f805b640ac32414fabea05396c1e7e13ca1c95ee6805b64510bdcfaa32b1f805b64fcd5dcfaa32b1f801dc1c703a3459d0beb24b180793aeeea13a94569b64d510b3bf4a32b1f807a64510bdcfaa32b41d6814d0aa0012e9f2c1faa5b64510bdcfaa32b1f805b64510b21c4a32bb2ce5b64510bdcfa
2026-10-02 09:14:13.658 [OP] 4015 inv=FCD3 len=812 #2 408052fa392b1f805b64510b36cba32bc8d97b81da64dcfab0f21f807b81a552155a4e780a315b64df92dcfa6ff51f80ac3e510b155a4e78c8d97b81a552155aa5de1f80a3f8510b17faa32b2daa5b64feecdcfaa9931f805b64510bdcfaa32bc8d97b8168d0dcfaa32b1f803ddf510bdcfaa32b63ce5b64510bdcfa38531f805b64510b76faa32b30665b64510bdcfaa9ccfd805b64510bdcfaa32b55925b64
2026-10-02 09:14:13.658 [OP] 4B45 inv=F002 len=4093 #2 3767ce5b94b20bdc58e762afa8f25b378ae499c3a9a853755b79d1707e8d5a457282d257397578c35b0238a2a89ea075b9766caa02fe3e9e5eff2e9a71fa97ec07e7124020c32cfea36f98c54aa5cb705b450237345739755f7f5b5a5db104e815ac7ccf153e65cc4b48a0e226426caa02fe3e9e5ef6a1130f3b53907837950bd4fc8afa5b424dd6c6cea225f9a85375ad79907a67c3f921e36f98c581ac67cf
2026-10-02 09:14:13.702 [OP] 4055 inv=FFF7 len=8 #3 c6ecfc0bdcfaa32b
2026-10-02 09:14:13.702 [OP] 4042 inv=FFCF len=48 #2 d70e392b59805b647ad0dcfaa32b1f805b64510b88a1a32b1f805b641ad0dcfaa32b1f805b64510b6743a32b1f805b64
2026-10-02 09:14:13.702 [OP] 4056 inv=FFF7 len=8 #2 d70e392b1f805b64
2026-10-02 09:14:13.702 [OP] 4055 inv=FFF7 len=8 #4 c6ecfc0bdcfaa32b
2026-10-02 09:14:13.702 [OP] 4045 inv=FFE3 len=28 #2 e45dad800d64510bdcfaa32be3805b648d0bdcfaf72b1f808ba9510b
2026-10-02 09:14:13.702 [OP] 4041 inv=FFF7 len=8 #2 c6ecfc0bdcfaa378
2026-10-02 09:14:13.702 [OP] 017E inv=FFED len=18 #2 e45dad8095df58ec6fc4f853caaa95df58ec
2026-10-02 09:14:13.702 [OP] 4B49 inv=FFF7 len=8 #2 c687c464510bdcfa
2026-10-02 09:14:13.702 [OP] 40FB inv=FFF9 len=6 #2 e45dad805b64
2026-10-02 09:14:13.702 [OP] 4613 inv=FFBC len=67 #3 ec928d7a53a580e8c80eecda60237fbd7995df01a2900a29247026948c1ed06fc4f82b1faa95df51e3e6cdfd51ca2a5b64a0ffdcf4a3531f8040ef555c8aa2512b1f80
2026-10-02 09:14:13.704 [OP] 40A0 inv=FF7F len=128 #2 c6ecfc0b900e392b8e125b64637fdcfadb4a329abdea13f2dcfaa32b1f805b64510bdcfaa32b1f805b64510bdcfaa32b1f805b64510bdcfaa32b1f8039f80dd0d9e8f0de81605b6439ecdcfadb4ac3548a70b105d3bbea0232805b64510bdcfaa32b1f805b64510bdcfaa32b1f805b64510bdcfaa32b1f80b3f875ecc2e88e53
2026-10-02 09:14:13.704 [OP] 4613 inv=FDAF len=592 #4 49310370f8d9a5550f5319be90245d2476a6c30df67f6fc40bbc623f24f858ec6fc4a32bcaaa95df56d562f402538a805b78370b8bfaf82b1f8ced3572a4e10f854d1f805b3bddbf6fe0a374b9c795358c75ca012353caabedf85aa66a8c7993bdebc4df58ecdcfaf853ca803c085eb117c4982b1f728264b20b6ffaa3d9407c41935710dcfaa37423b79508512ec9e8e8dcb217c38e9eec1d7df8b32b6fda8a
2026-10-02 09:14:13.718 [OUT] 1F02 inv=FFFB len=8 #2 fbff021fdcfaa32b
2026-10-02 09:14:13.726 [OUT] 0040 inv=FFFA len=9 #2 faff4000faa32b1f80
2026-10-02 09:14:13.728 [OUT] 0041 inv=FFFA len=9 #2 faff4100805b64510b
2026-10-02 09:14:13.728 [OUT] 0185 inv=FFF7 len=12 #2 f7ff8501dcfaa32bc8d97b81
2026-10-02 09:14:13.729 [OUT] 003D inv=FFFB len=8 #2 fbff3d00dcfaa32b
2026-10-02 09:14:13.729 [OUT] 003C inv=FFFB len=8 #2 fbff3c005b64510b
2026-10-02 09:14:13.729 [OUT] 003E inv=FFFB len=8 #2 fbff3e001f805b64
2026-10-02 09:14:13.729 [OUT] 003F inv=FFFB len=8 #2 fbff3f00510bdcfa
2026-10-02 09:14:13.729 [OUT] 0053 inv=FFFB len=8 #2 fbff5300510bdcfa
2026-10-02 09:14:13.729 [OUT] 1F00 inv=FFFB len=8 #2 fbff001fa32b1f80
2026-10-02 09:14:13.729 [OUT] 1F06 inv=FFFB len=8 #2 fbff061f5b64510b
2026-10-02 09:14:13.730 [OUT] 0230 inv=FFFB len=8 #2 fbff3002dcfaa32b
2026-10-02 09:14:13.730 [OUT] 0231 inv=FFFB len=8 #2 fbff31021f805b64
2026-10-02 09:14:13.730 [OUT] 0232 inv=FFFB len=8 #2 fbff3202510bdcfa
2026-10-02 09:14:13.731 [OUT] 0054 inv=FFFB len=8 #2 fbff5400a32b1f80
2026-10-02 09:14:13.731 [OUT] 01E4 inv=FFFB len=8 #2 fbffe401c687c464
2026-10-02 09:14:13.763 [OP] 4601 inv=FFF7 len=8 #2 5b64510bdcb8f82b
2026-10-02 09:14:13.771 [OP] E014 inv=FF97 len=104 #3 22b460f2e2185b64510bdcfaa32b1f805b64510bb88cb7bb4f55cf64b3e564fa1a2b1f805b64510bdcfaa32b1f805b64510bdcfaa32b1f805b64510bdcfaa32b1f805b64510bdcfaa32b1f805b64510bdcfaa32b1f805b64510bdcfaa32b1f805b642db2198cb7bb
2026-10-02 09:14:13.802 [OP] 4600 inv=FF87 len=120 #2 e85f4f6c41646fe94bb92da2fc6ce26ae1e957b9f2a24f6c3e6a6fe94bb92da2fc6ce26ae1e957b9f2a24f6c3e6a6fe94bb92da2fc6ce26ae1e957b9f2a24f6c3e6a6fe94bb92da2fc6ce26ae1e957b9f2a24f6c3e6a6fe94bb92da2fc6ce26ae1e957b9f2a24f6c3e6a6fe94bb92da2fc6ce26ae1e957b9
2026-10-02 09:14:13.868 [OP] E004 inv=FF35 len=202 #3 fd0ba1914133409e335513f2dcfaa32b1f805b7ffd0be6faa32b1f805b64580bdcfaa32b1f805b64510b696479020e0f840a2913dcfaa32b1f805b26fdecc4faa32b1f805b64580bdcfaa32b1f805b64510b088880344ba75b64510bdcfaa32b1f805b64fdecdcfaa32b1f805b64d7b252faa32b1f805b64510b088880344ba72964510bdcfaa32b1f805b64fdecdcfaa32b1f805b6455b252faa32b1f805b64
2026-10-02 09:14:13.893 [OP] 40E3 inv=FFF3 len=12 #2 d70e392bca80bb64db0b6ffa
2026-10-02 09:14:13.893 [OP] 40E2 inv=FFF3 len=12 #2 c6ecfc0b6ffaa32b45809564
2026-10-02 09:14:13.893 [OP] 40E4 inv=FF0D len=242 #2 c687c464fc32a9fa6b2b1f805b64510bdcfaa32b62805b64510bdcfaa32b1f8095df51ecdcfa392ba0803327510bdcfaa32b1f805b64510bdcfaa32b1f805b64510bdcfaa32b1f805b64510bdcfaa32b1f805b64510b0dfaa32b1f805b64510bdcfa462b1f805b64510bdcfaa32bcaaa5bdf96b3dcfa722ba0803327510bdcfaa32b1f805b64510bdcfaa32b1f805b64510bdcfaa32b1f805b64510bdcfaa32b
2026-10-02 09:14:13.893 [OP] 4244 inv=FFF7 len=8 #2 d70e392b1f80bb64
2026-10-02 09:14:13.893 [OP] 4050 inv=FFF7 len=8 #2 c6ecfc0bdcfa462b
2026-10-02 09:14:13.893 [OP] 4503 inv=FFF3 len=12 #2 c687c464510bdcfaa32b1f80
2026-10-02 09:14:13.893 [OP] 4410 inv=FC03 len=1020 #2 e45dad805b18ca18d8d24e78c8d95bdf510b4a43f8531f8070d77a60e6c24c82a755bd4eee3c0f41a32b96bbd798a552155aa3531f80668e58ecdcfa1641709e40dde16fb694a20a911a5b641918d8d24e78c8d95bdf510bc043f8531f804a3c7a60e6c2dc31bf71bd4e062bf8d6a32b38bbd798a552155aa3531f80ff8e58ecdcfa4af6709e40370d2bd82fb9234b0fbd4e960a5af1a32b8906d798a552155a
2026-10-02 09:14:13.893 [OP] 4020 inv=FE1F len=480 #2 e45dad80d864950b6f0e392b97a45b64580b6ffaa32bac804051510b6ffaf82bca80f764badbdcfaf82bca809464580b8b0da32bca809564fc0b52fa46b01f809564580b8bfaf82ba5ec5b64580b6ffa462bca80c347510b6ffaf82ba58095647488dcfaf82bca80c364580b350da32bca809564e60b90fa97b01f809564580bfafaf82bd5475b64580b6ffab42bca80fbb6510b6ffaf82b8a80c064242adcfa
2026-10-02 09:14:13.893 [OP] 4021 inv=FFA3 len=92 #2 c687c464830bdcfa572a1f80cc64d60bdcfaf82b242b5b64890b2afadb2bca807193510b70faed2bad8095649b76dcfa8d2bd6804064580b3fb3a32bfa80ec64830b6ffa6ff51f805864d60b36faf82b88765b64580b6ffa312bca80
2026-10-02 09:14:13.893 [OP] 40FA inv=FFCA len=53 #2 44d8de1f805b6f510bdcfaa32b1f805bdf390bdcfaa32b1f8095a7510bdcfaa32b1faad564510bdcfaa32bca5eba64510bdcfaa32b
2026-10-02 09:14:13.893 [OP] 4B30 inv=FFF7 len=8 #2 c687c464510bdcfa
2026-10-02 09:14:13.893 [OP] 4B31 inv=FFF7 len=8 #2 408052faa32b1f80
2026-10-02 09:14:13.893 [OP] 4B21 inv=FFE1 len=30 #2 e45dad805b81a55215c2a32b1f805b64510bdcfaa32b1f805b64510bdcfa
2026-10-02 09:14:22.714 [OP] 46FE inv=FFFF len=0 #2 
2026-10-02 09:14:23.732 [OUT] 1F51 inv=FFFF len=4 #4 ffff511f
2026-10-02 09:14:23.780 [OP] 4F52 inv=FFFF len=0 #4 
2026-10-02 09:14:24.657 [OP] EFFE inv=FFFE len=1 #3 0b
2026-10-02 09:14:29.334 [OP] 4613 inv=FFBC len=67 #5 ecd48d7a53a5803f8c83eca875233363c795df01a290b45c937026948c1ed06fc4f82b1faa95df51016a63fd51ca505b6424c4dcf4a3531f8040ef555c8aa2fb2b1f80
2026-10-02 09:14:33.793 [OUT] 1F51 inv=FFFF len=4 #5 ffff511f
2026-10-02 09:14:33.836 [OP] 4F52 inv=FFFF len=0 #5 
2026-10-02 09:14:34.673 [OP] EFFE inv=FFFE len=1 #4 0b
2026-10-02 09:14:52.927 [OP] 46FE inv=FFFF len=0 #3 
2026-10-02 09:14:53.700 [OP] EFFE inv=FFFE len=1 #5 0b
2026-10-02 09:15:17.164 [OP] 4704 inv=FFDE len=33 #1 da3e22a3b3f3ce5ba0510bdcc5a32b1f3cc83369938cc5a32b1f805b64510bdcfa
2026-10-02 09:15:17.183 [OUT] 0031 inv=FFCE len=53 #1 ceff31008a4ec66fb4b4de1fc84dec5881ba3efd6dc7fc95d976806f286054098edfd6b28507d90e6c9f805b64510bdcfaa32b1f80
2026-10-02 09:15:17.229 [OP] 401B inv=FEB3 len=332 #1 e45dad800d64510b17faa32bb907c464530bdcfa972b1f8099d9510bdcfaa32b53ca5b64510bdcfa5a531f805b64510b9bc4a32b1f805b64bc595ab12b21ab805b64510bdcfaa32b1f805b640db252fada2b1f802964510b4f9fa32b1f805b6441fddcfaa32b1f80a8df510bdcfaa32bcdaa5b64510bdcfa16876c842d43900bdcfaa32b1f805b64510bdcfa8a5dad800a64510b76faa32b5fce5b64510bdcfa
2026-10-02 09:15:18.720 [OP] 40A0 inv=FF7F len=128 #3 c6ecfc0b90fa392b6e605b6439ecdcfadb4ac3548a70b10541bbea0232805b64510bdcfaa32b1f805b64510bdcfaa32b1f805b64510bdcfaa32b1f80ec6f5a0be2aed02b16605b6439ecdcfadb4ac3548a70b10541bbea0232805b64510bdcfaa32b1f805b64510bdcfaa32b1f805b64510bdcfaa32b1f806408c4ecfbe04853
2026-10-02 09:15:23.237 [OP] 46FE inv=FFFF len=0 #4 
2026-10-02 09:15:45.980 [OP] 4100 inv=FFF9 len=6 #1 98aa5bf8c0ec
2026-10-02 09:15:46.072 [OP] 4101 inv=FBC5 len=1082 #1 e45dad805b64510bdcfaa32bc8d97b81510bdcfaa32b1f805b64510bdcfaa32b1f805b64510bdcfa87429dca5b64820cdcfaa32b1f8021cd510bdcfaa32b1f805b64510bdcfa6c3bad80c464510bdcfaa32bf6455b647405dcfa37181f8019fa510b155a4e78c8d97b81a552155ada2b1f807b81a5526f3016876c842d43510bdcfaa32b1f805b64deafc6faa32b1f805b7a310bdcfaa32b1f805b64510bdcfa
2026-10-02 09:15:46.090 [OUT] 003A inv=FFFB len=8 #1 fbff3a00510bdcfa
2026-10-02 09:15:46.090 [OUT] 003B inv=FFFB len=8 #1 fbff3b00a32b1f80
2026-10-02 09:15:46.137 [OP] 40E0 inv=FED1 len=302 #1 408052faffde1f805b64510b7ec4a32b1f805b6468d0dcfaa32b1f803ddf510bdcfaa32b85035b64fc0bdcfa392b1f804864510b52faa32bad805b64fc0bdcfa392b1f801564510b52faa32b6d805b64717fdcfa2a2b1f808264510b3efaa32ba2805b64580bdcfa572b1f800d64510b8ffaa32b1f805b64510bdcfaa32b1f805b64510bdcfaa32b1f805b64430bdcfaa32b1f805b64510bdcfaa32b1f805b64
2026-10-02 09:15:46.186 [OP] 40E1 inv=FFED len=18 #1 c6ecfc0b6ffaf8c8ca809564580b6ffaf82b
2026-10-02 09:15:47.024 [OUT] 1001 inv=FFF9 len=10 #1 f9ff01101f805b64510b
2026-10-02 09:15:47.204 [OP] 4108 inv=FFE3 len=28 #1 c687c464510bdcfa21531f80d8f8510bce40515d1f805b64510bdcfa
2026-10-02 09:15:47.302 [OP] 4108 inv=FFE3 len=28 #2 c687c464510bdcfa4d531f80d8f8510bce40515d1f805b64510bdcfa
2026-10-02 09:15:47.302 [OP] 4108 inv=FFF3 len=12 #3 d70e392b1f805b64510bdcfa
2026-10-02 09:15:47.304 [OP] 4108 inv=FFF3 len=12 #4 d70e392b1f805b64580bdcfa
2026-10-02 09:15:47.306 [OP] 4108 inv=FFF3 len=12 #5 d70e392b1f805b640e0bdcfa
2026-10-02 09:15:47.390 [OP] 4104 inv=FFFB len=4 #1 0a081f80
2026-10-02 09:15:47.390 [OP] 4104 inv=FFFB len=4 #2 3cae1faa
2026-10-02 09:15:47.390 [OP] 4104 inv=FFFB len=4 #3 0a081fc7
2026-10-02 09:15:47.390 [OP] 4104 inv=FFFB len=4 #4 3cae1fce
2026-10-02 09:15:47.390 [OP] 4104 inv=FFFB len=4 #5 3cae1f12
2026-10-02 09:15:49.425 [OP] 4105 inv=FFFE len=1 #1 c0
2026-10-02 09:15:49.425 [OP] 4105 inv=FFFE len=1 #2 af
2026-10-02 09:15:49.425 [OP] 4105 inv=FFFE len=1 #3 cd
2026-10-02 09:15:49.727 [OP] 4109 inv=FFAF len=80 #1 c6ecfc0bdcfaf8531f805b64510bdcfaa62b1f80947a830bdcc4a32b1fef5b645decdcfaf72b1f805b64510bdcfaa32b1f805b64550bdcfadb2462805bdf0e0b05c4a32b0aef5b64510bdcfaa32b1f80
2026-10-02 09:15:49.822 [OP] 4106 inv=FFFD len=2 #1 a3cb
2026-10-02 09:15:49.822 [OP] 4111 inv=FFFD len=2 #1 a164
2026-10-02 09:15:50.224 [OP] 4109 inv=FFB7 len=72 #2 c687c464517f6fc4a3de1f805b64510b07faa32bca075b6487b1dcfa40ce1f806bdf0e0b07faa32b39125b640eeca7faa32b1f805bdf510b8222a32b39125b64080ba7faa32b1f80
2026-10-02 09:15:50.322 [OP] 4105 inv=FFFE len=1 #4 ec
2026-10-02 09:15:50.322 [OP] 4106 inv=FFFD len=2 #2 a353
2026-10-02 09:15:50.322 [OP] 4105 inv=FFFE len=1 #5 d0
2026-10-02 09:15:50.322 [OP] 4106 inv=FFFD len=2 #3 f8de
2026-10-02 09:15:50.322 [OP] 4106 inv=FFFD len=2 #4 a34a
2026-10-02 09:15:50.322 [OP] 4106 inv=FFFD len=2 #5 f8d9
2026-10-02 09:15:50.329 [OP] 4111 inv=FFFD len=2 #2 9564
2026-10-02 09:15:51.452 [OP] 4109 inv=FFB7 len=72 #3 c687c464517f6fc4a3531f805b64510b07faa32b9d775b6487b1dcfa40ce1f8057260e8007faa32b39125b640eb15efaa32b1f805bdf510b8222a32b39125b64080b5efaa32b1f80
2026-10-02 09:15:51.549 [OP] 4111 inv=FFFD len=2 #3 1c64
2026-10-02 09:15:52.846 [OP] 4109 inv=FFB7 len=72 #4 c687c464517f6fc4a3531f805b64510b07faa32becca5b6487b1dcfa40ce1f8027dd0e0b07faa32b39125b640e08c6faa32b1f805b64295f8222a32b39125b64080bc6faa32b1f0a
2026-10-02 09:15:52.937 [OP] 4111 inv=FFFD len=2 #4 5c64
2026-10-02 09:15:53.438 [OP] 46FE inv=FFFF len=0 #5 
2026-10-02 09:15:54.236 [OP] 4109 inv=FF7B len=132 #5 c687c464580b6fc4a32b1f805b64510b6ffaa32b3480fcdffd0bb8c4fd2bad809564510b61caa32b9dced06451ecdcfaa3931f8062df510b43faa32b1f805b64510bdcfa0e6f1f801af1510b8bfa222b1fce5b648fecdcfa622b1f805b64510bdcfaa32b23aa5b64790654c2a32b1f809a18510b7cc4a32b1619bacd510bdcfaa91f1f80
2026-10-02 09:15:54.384 [OP] 4111 inv=FFFD len=2 #5 c464
2026-10-02 09:15:59.534 [OP] 4112 inv=FFFD len=2 #1 8bc4
2026-10-02 09:15:59.535 [OP] 4112 inv=FFFD len=2 #2 e6c4
2026-10-02 09:15:59.535 [OP] 4112 inv=FFFD len=2 #3 6ac4
2026-10-02 09:15:59.535 [OP] 4112 inv=FFFD len=2 #4 36c4
2026-10-02 09:16:03.795 [OP] 4112 inv=FFFD len=2 #5 dcc4
2026-10-02 09:16:08.661 [SETTLE] exp=4016 gold=201783 len=393
2026-10-02 09:16:08.661 [OP] 472A inv=FE76 len=393 #1 44d8de1f55ba64510bdcfaa32b1f805b64510bdc575f2b1f805b64510bdcfaa35059805b64510bdc11392b1f805b6451846ffaa32b1f805b8cd60bdcfaa32b1f9e1364510bdcfaa32b1f805b64510bdcfaa32b1f805b64510bdcfaa32b1f805b64510bdcfaa32b1f805b64510bdcfaa32b1f805b64510bdcfaa32b1f805b64510bdcfaa32b1f805b64510bdc7af82b1f2c5b6451f16ffaa3ccca805b5c510bdc
2026-10-02 09:16:08.661 [OP] 42CE inv=FFFB len=4 #1 c87f510b
2026-10-02 09:16:29.919 [OP] 4100 inv=FFF9 len=6 #2 98aa1ef8fe7f
2026-10-02 09:16:29.958 [OP] 4101 inv=FBC5 len=1082 #2 e45dad805b64510bdcfaa32bc8d97b81510bdcfaa32b1f805b64510bdcfaa32b1f805b64510bdcfa87429dca5b64820cdcfaa32b1f8021cd510bdcfaa32b1f805b64510bdcfa6c3bad80c464510bdcfaa32bf6455b647405dcfa37181f8019fa510b155a4e78c8d97b81a552155ada2b1f807b81a5526f3016876c842d43510bdcfaa32b1f805b6451afc6faa32b1f805b7a310bdcfaa32b1f805b64510bdcfa
2026-10-02 09:16:30.989 [OUT] 1001 inv=FFF9 len=10 #2 f9ff01101f805b64510b
2026-10-02 09:16:52.975 [SETTLE] exp=4104 gold=201783 len=393
2026-10-02 09:16:52.975 [OP] 472A inv=FE76 len=393 #2 44d8de1f8c5764510bdcfaa32b1f805b64510bdc25212b1f805b64510bdcfaa3cf59805b64510bdc11392b1f805b6451846ffaa32b1f805b8cd60bdcfaa32b1f9e1364510bdcfaa32b1f805b64510bdcfaa32b1f805b64510bdcfaa32b1f805b64510bdcfaa32b1f805b64510bdcfaa32b1f805b64510bdcfaa32b1f805b64510bdcfaa32b1f805b64510bdcbdf82b1f2c5b6451fa6ffaa3731f805bd3580bdc
2026-10-02 09:16:53.068 [OP] 42CE inv=FFFB len=4 #2 c87f510b
2026-10-02 09:17:00.087 [OP] 4100 inv=FFF9 len=6 #3 98aa1cf83dec
2026-10-02 09:17:00.183 [OP] 4101 inv=FBFD len=1026 #3 408052faa32b1f805b64510b155a4e781f805b64510bdcfaa32b1f805b64510bdcfaa32b1f805b647c448b53a32b94105b64510bdcfa8d3b1f805b64510bdcfaa32b1f805b64d7b252fa392b1f805b64510bb2dca32be8305b640464dcfad2881f807b81a552155a4e78c8d97b81530bdcfa4e78c8d995a9bc595ab12b211f805b64510bdcfaa32b23e72764510bdcfaa3cb84805b64510bdcfaa32b1f805b64
2026-10-02 09:17:01.149 [OUT] 1001 inv=FFF9 len=10 #3 f9ff01101f805b64510b
2026-10-02 09:17:04.380 [OUT] 1004 inv=FFF3 len=16 #1 f3ff0410a43e66535980d064510bdcfa
2026-10-02 09:17:04.482 [OP] 4110 inv=FFFD len=2 #1 872b
2026-10-02 09:17:05.481 [OUT] 1004 inv=FFF3 len=16 #2 f3ff0410a43e665359802364510bdcfa
2026-10-02 09:17:05.648 [OP] 4110 inv=FFFD len=2 #2 bc2b
2026-10-02 09:17:22.886 [SETTLE] exp=3622 gold=201783 len=403
2026-10-02 09:17:22.886 [OP] 472A inv=FE6C len=403 #3 44d8de1f521b64510bdcfaa32b1f805b64510bdc40bc2b1f805b64510bdcfaa37259805b64510bdc11392b1f805b6451846ffaa32b1f805b8cd60bdcfaa32b1f9e1364510bdcfaa32b1f805b64510bdcfaa32b1f805b64510bdcfaa32b1f805b64510bdcfaa32b1f805b64510bdcfaa32b1f805b64510bdcfaa32b1f805b64510bdcfaa32b1f805b64510bdc7af82b1fc3956451fa6ffaa391ca805bc7580bdc
2026-10-02 09:17:23.074 [OP] 42CE inv=FFFB len=4 #3 c87f510b
2026-10-02 09:17:26.147 [OP] 4210 inv=FFF3 len=12 #1 ac0bdcfaf72b1f80a1ecfc0b
2026-10-02 09:17:28.010 [OP] 4100 inv=FFF9 len=6 #4 98aab6f8157f
2026-10-02 09:17:28.171 [OP] 4101 inv=FC35 len=970 #4 c6ecfc0bdcfaa32b1f805b64a552155aa32b1f805b64510bdcfaa32b1f805b64510bdcfaa32b1f802337b2b2dcfa3cc41f805b64510b40c2a32b1f805b64510bdcfaa32b1f80e0cdfc0b52faa32b1f805b646244dcfa34881f8010fc510b730fa32bc8d97b81a552155a4e78c8d93564510b155a4e78caa026b35c3828d7a32b1f805b64510bdcfaa3cb84805b64510bdc02b72b1f805b64510bdcfaa32b1f80
2026-10-02 09:17:29.086 [OUT] 1001 inv=FFF9 len=10 #4 f9ff01101f805b64510b
2026-10-02 09:17:50.792 [SETTLE] exp=3032 gold=201783 len=403
2026-10-02 09:17:50.792 [OP] 472A inv=FE6C len=403 #4 44d8de1f84c064510bdcfaa32b1f805b64510bdcb1612b1f805b64510bdcfaa3ad59805b64510bdc11392b1f805b6451846ffaa32b1f805b8cd60bdcfaa32b1f9e1364510bdcfaa32b1f805b64510bdcfaa32b1f805b64510bdcfaa32b1f805b64510bdcfaa32b1f805b64510bdcfaa32b1f805b64510bdcfaa32b1f805b64510bdcfaa32b1f805b64510bdc7af82b1fc3956451f16ffaa3ccca805bd3580bdc
2026-10-02 09:17:50.889 [OP] 42CE inv=FFFB len=4 #4 c87f510b
2026-10-02 09:17:53.876 [OP] 4100 inv=FFF9 len=6 #5 98aa72f8677f
2026-10-02 09:17:53.973 [OP] 4101 inv=FBC5 len=1082 #5 e45dad805b64510bdcfaa32bc8d97b81510bdcfaa32b1f805b64510bdcfaa32b1f805b64510bdcfa87429dca5b64820cdcfaa32b1f8021cd510bdcfaa32b1f805b64510bdcfa6c3bad80c464510bdcfaa32bf6455b647405dcfa37181f8019fa510b155a4e78c8d97b81a552155ada2b1f807b81a5526f3016876c842d43510bdcfaa32b1f805b6451afc6faa32b1f805b7a310bdcfaa32b1f805b64510bdcfa
2026-10-02 09:17:54.949 [OUT] 1001 inv=FFF9 len=10 #5 f9ff01101f805b64510b
2026-10-02 09:18:19.941 [SETTLE] exp=4060 gold=201783 len=403
2026-10-02 09:18:19.941 [OP] 472A inv=FE6C len=403 #5 44d8de1f0fba64510bdcfaa32b1f805b64510bdcfe5f2b1f805b64510bdcfaa30559805b64510bdc11392b1f805b6451846ffaa32b1f805b8cd60bdcfaa32b1f9e1364510bdcfaa32b1f805b64510bdcfaa32b1f805b64510bdcfaa32b1f805b64510bdcfaa32b1f805b64510bdcfaa32b1f805b64510bdcfaa32b1f805b64510bdcfaa32b1f805b64510bdcbdf82b1f1b95645153dcfaa391ca805bc7580bdc
2026-10-02 09:18:20.033 [OP] 42CE inv=FFFB len=4 #5 c87f510b
2026-10-02 09:18:45.358 [SETTLE] exp=4078 gold=201783 len=403
2026-10-02 09:19:19.648 [SETTLE] exp=4044 gold=201783 len=403
2026-10-02 09:19:42.533 [SETTLE] exp=3228 gold=201783 len=393
2026-10-02 09:20:11.244 [SETTLE] exp=3470 gold=201783 len=393
2026-10-02 09:20:41.293 [SETTLE] exp=3060 gold=201783 len=403
2026-10-02 09:21:10.383 [SETTLE] exp=4078 gold=201783 len=393
2026-10-02 09:21:39.622 [SETTLE] exp=3998 gold=201783 len=393
2026-10-02 09:22:05.162 [SETTLE] exp=2530 gold=201783 len=403
2026-10-02 09:22:35.737 [SETTLE] exp=3032 gold=201783 len=403
2026-10-02 09:23:10.167 [SETTLE] exp=2924 gold=201783 len=393
2026-10-02 09:23:37.556 [SETTLE] exp=3284 gold=201783 len=403
2026-10-02 09:24:07.865 [SETTLE] exp=2576 gold=201783 len=403
2026-10-02 09:24:20.607 [OP] 4210 inv=FFF3 len=12 #2 ac0bdcfa0d2b1f80baecfc0b
2026-10-02 09:24:41.326 [SETTLE] exp=3390 gold=201783 len=393
2026-10-02 09:25:10.564 [SETTLE] exp=3908 gold=201783 len=393
2026-10-02 09:25:21.170 [QUESTION] {"type":"question","sock":3052,"qno":16,"field_a":88,"stem":"人们在动物园里看到的俗称\"四不象\"的动物是?","options":["1、驯兽师","2、猩猩队长","3、麋鹿","4、霸天虎"]}
2026-10-02 09:25:22.171 [UI] auto dump on question qno=16
2026-10-02 09:25:22.171 [UI] ---- window dump begin (pid 17852) ----
2026-10-02 09:25:22.388 [UI] TOP=00540FEC vis=1 cls=QBOvCls rc=(785,561,1145,657) title=
2026-10-02 09:25:22.399 [UI] TOP=000D10A4 vis=1 cls=ATL:012FF210 rc=(445,194,1485,1001) title=什么什么大冒险2(①逍遥村敬老院)-先驱01_Sep 24 2026《什么什么大冒险》制作委员会QQ群:515616289
2026-10-02 09:25:22.400 [UI] TOP=01F20E06 vis=0 cls=DIEmWin rc=(-1,-1,135,38) title=DIEmWin
2026-10-02 09:25:22.790 [UI] TOP=01F9011C vis=0 cls=IME rc=(0,0,0,0) title=Default IME
2026-10-02 09:25:22.802 [UI] TOP=002008EE vis=0 cls=MSCTFIME UI rc=(0,0,0,0) title=MSCTFIME UI
2026-10-02 09:25:22.818 [UI] TOP=00720E76 vis=0 cls=IME rc=(0,0,0,0) title=Default IME
2026-10-02 09:25:22.818 [UI] TOP=0011098A vis=0 cls=IME rc=(0,0,0,0) title=Default IME
2026-10-02 09:25:22.818 [UI] ---- window dump end ----
2026-10-02 09:25:24.965 [SEND-ANSWER] qno=16 opt=2 ret=13 sock=3052
2026-10-02 09:25:25.014 [SYS] 测试通过！
2026-10-02 09:25:25.109 [SYS] 获得了#00FF00#100#FFF692#金币
2026-10-02 09:25:25.109 [CURRENCY] a=201783 b=100381
2026-10-02 09:25:26.770 [UI] auto-closing quiz frame: qno=16 opt=2
2026-10-02 09:25:26.822 [UI] option 2 control NOT found — falling back to digit key
2026-10-02 09:25:27.573 [OUT] 1F04 inv=FFF6 len=13 #1 f6ff041fce1f805bb0510bdce8
2026-10-02 09:25:36.834 [SETTLE] exp=2530 gold=201783 len=393
2026-10-02 09:26:03.688 [SETTLE] exp=3470 gold=201783 len=403
2026-10-02 09:26:32.712 [SETTLE] exp=3470 gold=201783 len=393
2026-10-02 09:27:03.192 [SETTLE] exp=2968 gold=201783 len=403
2026-10-02 09:27:30.322 [SETTLE] exp=3120 gold=201783 len=393
2026-10-02 09:28:05.079 [SETTLE] exp=3498 gold=201783 len=403
2026-10-02 09:28:32.512 [SETTLE] exp=3864 gold=201783 len=403
2026-10-02 09:29:06.171 [SETTLE] exp=4104 gold=201783 len=403
2026-10-02 09:29:36.491 [SETTLE] exp=4016 gold=201783 len=403
2026-10-02 09:30:00.644 [SETTLE] exp=3684 gold=201783 len=403
2026-10-02 09:30:30.315 [SETTLE] exp=3344 gold=201783 len=393
2026-10-02 09:31:05.349 [SETTLE] exp=3604 gold=201783 len=393
2026-10-02 09:31:27.740 [SETTLE] exp=3032 gold=201783 len=403
2026-10-02 09:31:58.950 [SETTLE] exp=3622 gold=201783 len=393
2026-10-02 09:32:24.494 [SETTLE] exp=3514 gold=201783 len=393
2026-10-02 09:32:53.321 [SETTLE] exp=3560 gold=201783 len=403
2026-10-02 09:32:53.516 [SYS] 获得了#00FF00#1#FFF692#个#64FF7D#碧玉葫芦
2026-10-02 09:32:53.516 [OP] 4020 inv=FFE7 len=24 #3 408052fa672bca8094cdfc0b91a7a32bca809564ed0b90fa
2026-10-02 09:33:21.123 [SETTLE] exp=2968 gold=201783 len=403
2026-10-02 09:33:49.764 [SETTLE] exp=2208 gold=201783 len=403
2026-10-02 09:34:15.052 [SETTLE] exp=4060 gold=201783 len=393
2026-10-02 09:34:41.578 [SETTLE] exp=2682 gold=201783 len=393
2026-10-02 09:35:06.230 [SETTLE] exp=3014 gold=201783 len=393
2026-10-02 09:35:32.868 [SETTLE] exp=2576 gold=201783 len=403
2026-10-02 09:35:58.693 [SETTLE] exp=2452 gold=201783 len=403
2026-10-02 09:36:18.391 [SYS] #FFF692#恭喜#FF8CF8#凝眉一颦#FFF692#打造出#64FF7D#+10#FFF692#装备
2026-10-02 09:36:23.964 [SETTLE] exp=2530 gold=201783 len=403
2026-10-02 09:36:23.964 [SYS] 获得了#00FF00#1#FFF692#个#64FF7D#黄玉葫芦
2026-10-02 09:36:24.062 [OP] 4020 inv=FFE7 len=24 #4 408052fa672bca8094cdfc0bcea7a32bca809564920b90fa
2026-10-02 09:36:50.668 [SETTLE] exp=2360 gold=201783 len=393
2026-10-02 09:37:25.823 [SETTLE] exp=3604 gold=201783 len=393
2026-10-02 09:37:53.222 [SETTLE] exp=2906 gold=201783 len=403
2026-10-02 09:38:21.426 [SETTLE] exp=3344 gold=201783 len=403
2026-10-02 09:38:49.716 [SETTLE] exp=3238 gold=201783 len=393
2026-10-02 09:38:50.770 [OP] 4210 inv=FFF3 len=12 #3 ac0bdcfa1e2b1f8057ecfc0b
2026-10-02 09:39:18.643 [SETTLE] exp=3014 gold=201783 len=393
2026-10-02 09:39:48.062 [SETTLE] exp=3666 gold=201783 len=403
2026-10-02 09:40:19.979 [SETTLE] exp=2512 gold=201783 len=393
2026-10-02 09:40:53.289 [SETTLE] exp=3014 gold=201783 len=393
2026-10-02 09:41:20.690 [SETTLE] exp=4122 gold=201783 len=403
2026-10-02 09:41:52.118 [SETTLE] exp=3560 gold=201783 len=403
2026-10-02 09:42:21.796 [SETTLE] exp=3604 gold=201783 len=393
2026-10-02 09:42:54.727 [SETTLE] exp=3970 gold=201783 len=403
2026-10-02 09:43:17.389 [SETTLE] exp=2682 gold=201783 len=403
2026-10-02 09:43:43.049 [SETTLE] exp=3514 gold=201783 len=403
2026-10-02 09:44:12.993 [SETTLE] exp=4060 gold=201783 len=403
2026-10-02 09:44:36.394 [SETTLE] exp=2862 gold=201783 len=403
2026-10-02 09:45:04.366 [SETTLE] exp=1866 gold=201783 len=403
2026-10-02 09:45:04.457 [SYS] 获得了#00FF00#1#FFF692#个#64FF7D#碧玉葫芦
2026-10-02 09:45:04.551 [OP] 4020 inv=FFE7 len=24 #5 408052fa672bca8094cdfc0b91a7a32bca809564ed0b52fa
2026-10-02 09:45:32.253 [SETTLE] exp=2576 gold=201783 len=393
2026-10-02 09:46:01.429 [SETTLE] exp=3514 gold=201783 len=403
2026-10-02 09:46:28.705 [SETTLE] exp=2968 gold=201783 len=403
2026-10-02 09:46:59.963 [SETTLE] exp=3514 gold=201783 len=393
2026-10-02 09:47:29.358 [SETTLE] exp=3014 gold=201783 len=393
2026-10-02 09:47:58.938 [SETTLE] exp=3120 gold=201783 len=403
2026-10-02 09:48:23.052 [SETTLE] exp=2576 gold=201783 len=403
2026-10-02 09:48:50.721 [SETTLE] exp=3408 gold=201783 len=393
2026-10-02 09:49:25.331 [SETTLE] exp=4060 gold=201783 len=393
2026-10-02 09:49:55.588 [SETTLE] exp=3014 gold=201783 len=403
2026-10-02 09:50:26.697 [SETTLE] exp=4016 gold=201783 len=393
2026-10-02 09:50:53.984 [SETTLE] exp=4184 gold=201783 len=393
2026-10-02 09:51:26.569 [SETTLE] exp=3622 gold=201783 len=403
2026-10-02 09:51:53.184 [SETTLE] exp=2576 gold=201783 len=403
2026-10-02 09:52:16.631 [SETTLE] exp=4184 gold=201783 len=403
2026-10-02 09:52:42.760 [SETTLE] exp=2530 gold=201783 len=393
2026-10-02 09:53:07.464 [SETTLE] exp=2360 gold=201783 len=393
2026-10-02 09:53:29.834 [SETTLE] exp=2924 gold=201783 len=393
2026-10-02 09:53:59.727 [SETTLE] exp=2576 gold=201783 len=403
2026-10-02 09:54:30.276 [SETTLE] exp=3166 gold=201783 len=393
2026-10-02 09:55:00.965 [SETTLE] exp=3408 gold=201783 len=393
2026-10-02 09:55:34.319 [SETTLE] exp=3890 gold=201783 len=403
2026-10-02 09:56:02.906 [SETTLE] exp=4016 gold=201783 len=393
2026-10-02 09:56:32.891 [SETTLE] exp=2620 gold=201783 len=393
2026-10-02 09:57:03.165 [SETTLE] exp=3514 gold=201783 len=393
2026-10-02 09:57:34.208 [SETTLE] exp=3576 gold=201783 len=393
2026-10-02 09:58:01.498 [SETTLE] exp=2862 gold=201783 len=403
2026-10-02 09:58:30.094 [SETTLE] exp=3060 gold=201783 len=393
2026-10-02 09:59:00.184 [SETTLE] exp=3362 gold=201783 len=403
2026-10-02 09:59:33.682 [SETTLE] exp=3998 gold=201783 len=403
2026-10-02 09:59:44.781 [OP] 4031 inv=FFDC len=35 #1 455b615108dcfaa3531fe9022e98c810387599970e2d6451839fdd59c0c3e941876f0b
2026-10-02 10:00:03.379 [SETTLE] exp=2906 gold=201783 len=393
2026-10-02 10:00:31.172 [SETTLE] exp=4122 gold=201783 len=403
2026-10-02 10:00:56.048 [SETTLE] exp=1592 gold=201783 len=403
2026-10-02 10:01:26.723 [SETTLE] exp=4168 gold=201783 len=403
2026-10-02 10:01:59.543 [SETTLE] exp=3060 gold=201783 len=393
2026-10-02 10:02:35.528 [SETTLE] exp=3604 gold=201783 len=403
2026-10-02 10:03:02.134 [SETTLE] exp=2530 gold=201783 len=403
2026-10-02 10:03:30.407 [SETTLE] exp=3998 gold=201783 len=393
2026-10-02 10:03:54.493 [SETTLE] exp=1932 gold=201783 len=393
2026-10-02 10:04:28.624 [SETTLE] exp=3784 gold=201783 len=403
2026-10-02 10:04:53.745 [SETTLE] exp=2682 gold=201783 len=393
2026-10-02 10:05:24.679 [SETTLE] exp=3622 gold=201783 len=403
2026-10-02 10:05:55.359 [SETTLE] exp=3576 gold=201783 len=403
2026-10-02 10:06:20.899 [SETTLE] exp=1554 gold=201783 len=403
2026-10-02 10:06:44.343 [SETTLE] exp=3032 gold=201783 len=393
2026-10-02 10:07:11.579 [SETTLE] exp=1866 gold=201783 len=403
2026-10-02 10:07:41.870 [SETTLE] exp=3344 gold=201783 len=403
2026-10-02 10:08:07.199 [SETTLE] exp=2620 gold=201783 len=403
2026-10-02 10:08:38.250 [SETTLE] exp=3576 gold=201783 len=393
2026-10-02 10:09:00.404 [OP] 4612 inv=FFF3 len=12 #1 90faa32b7207c46412b252fa
2026-10-02 10:09:00.404 [OP] 4612 inv=FFF7 len=8 #2 ca805b6412b252fa
2026-10-02 10:09:01.350 [OP] 4612 inv=FFF3 len=12 #3 90faa32be787c4647b8052fa
2026-10-02 10:09:01.350 [OP] 4612 inv=FFF7 len=8 #4 ca805b647b8052fa
2026-10-02 10:09:02.351 [OP] 4612 inv=FFF7 len=8 #5 ca805b64fb8052fa
2026-10-02 10:09:13.537 [SETTLE] exp=3452 gold=201783 len=403
2026-10-02 10:09:13.623 [SYS] 获得了#00FF00#1#FFF692#个#64FF7D#碧玉葫芦
2026-10-02 10:09:37.129 [SETTLE] exp=3014 gold=201783 len=393
2026-10-02 10:10:04.299 [SETTLE] exp=2844 gold=201783 len=393
2026-10-02 10:10:04.385 [SYS] 获得了#00FF00#1#FFF692#个#64FF7D#紫金红葫芦
2026-10-02 10:10:28.433 [SETTLE] exp=2520 gold=201783 len=403
2026-10-02 10:10:54.774 [SETTLE] exp=2424 gold=201783 len=403
2026-10-02 10:11:23.239 [SETTLE] exp=3576 gold=201783 len=403
2026-10-02 10:11:48.756 [SETTLE] exp=3684 gold=201783 len=403
2026-10-02 10:12:15.953 [SETTLE] exp=3576 gold=201783 len=403
2026-10-02 10:12:37.695 [SETTLE] exp=1620 gold=201783 len=403
2026-10-02 10:13:01.565 [SETTLE] exp=2424 gold=201783 len=403
2026-10-02 10:13:25.469 [SETTLE] exp=2638 gold=201783 len=403
2026-10-02 10:13:51.000 [SETTLE] exp=2530 gold=201783 len=393
2026-10-02 10:14:15.651 [SETTLE] exp=2112 gold=201783 len=403
2026-10-02 10:14:46.462 [SETTLE] exp=3622 gold=201783 len=393
2026-10-02 10:15:09.138 [SETTLE] exp=2424 gold=201783 len=393
2026-10-02 10:15:35.651 [SETTLE] exp=3076 gold=201783 len=403
2026-10-02 10:15:35.747 [SYS] 获得了#00FF00#1#FFF692#个#64FF7D#碧玉葫芦
2026-10-02 10:16:00.593 [SETTLE] exp=3014 gold=201783 len=393
2026-10-02 10:16:23.022 [SETTLE] exp=2360 gold=201783 len=393
2026-10-02 10:16:56.220 [SETTLE] exp=3120 gold=201783 len=403
2026-10-02 10:17:25.893 [SETTLE] exp=3014 gold=201783 len=393
2026-10-02 10:17:52.449 [SETTLE] exp=3076 gold=201783 len=393
2026-10-02 10:18:24.222 [SETTLE] exp=2906 gold=201783 len=393
2026-10-02 10:18:41.479 [OP] 4031 inv=FFE3 len=28 #2 392b2d805b64510b6ffa512b1f68fa06e2c87424c1770e68fa06e20b
2026-10-02 10:18:52.515 [SETTLE] exp=3470 gold=201783 len=403
2026-10-02 10:19:16.142 [SETTLE] exp=3032 gold=201783 len=393
2026-10-02 10:19:44.683 [SETTLE] exp=3514 gold=201783 len=403
2026-10-02 10:20:07.177 [SETTLE] exp=2424 gold=201783 len=393
2026-10-02 10:20:39.219 [SETTLE] exp=3452 gold=201783 len=393
2026-10-02 10:21:11.624 [SETTLE] exp=3846 gold=201783 len=393
2026-10-02 10:21:33.487 [SETTLE] exp=3076 gold=201783 len=403
2026-10-02 10:22:04.495 [SETTLE] exp=2576 gold=201783 len=393
2026-10-02 10:22:32.787 [SETTLE] exp=2968 gold=201783 len=403
2026-10-02 10:22:59.011 [SETTLE] exp=2924 gold=201783 len=393
2026-10-02 10:23:34.151 [SETTLE] exp=3890 gold=201783 len=393
2026-10-02 10:23:57.652 [SETTLE] exp=2254 gold=201783 len=393
2026-10-02 10:24:26.541 [SETTLE] exp=3846 gold=201783 len=403
2026-10-02 10:24:55.079 [SETTLE] exp=2576 gold=201783 len=393
2026-10-02 10:25:27.548 [SETTLE] exp=3952 gold=201783 len=403
2026-10-02 10:25:59.829 [SETTLE] exp=3890 gold=201783 len=393
2026-10-02 10:26:29.581 [SETTLE] exp=3408 gold=201783 len=403
2026-10-02 10:26:53.407 [OP] 4031 inv=FF64 len=155 #3 935b6151d0dcfaa3531fa4db8c740acb57e554e2a4021f2ef368a2346786b098f990b978b8349a6671ffd856b3d3a234670b1cedde6c3876a2348282d36de074a4b1ef1075e8f26f270094b8b8128eac5daf0572a3965034679694f3b3e1a6b6ccc29b40f32cce4d87f0775131a2b1f389f9140fb35120bb4c848980ef6e165119aeeb837bc06919740e23d0e4346451e49cfc58f33ee554cab00b
2026-10-02 10:26:59.252 [SETTLE] exp=3908 gold=201783 len=403
2026-10-02 10:27:30.033 [SETTLE] exp=3452 gold=201783 len=393
2026-10-02 10:27:55.117 [SETTLE] exp=2638 gold=201783 len=403
2026-10-02 10:28:25.909 [SETTLE] exp=2906 gold=201783 len=403
2026-10-02 10:28:54.619 [SETTLE] exp=3470 gold=201783 len=393
2026-10-02 10:29:24.889 [SETTLE] exp=3864 gold=201783 len=403
2026-10-02 10:29:54.019 [SETTLE] exp=3560 gold=201783 len=403
2026-10-02 10:30:23.699 [SETTLE] exp=3908 gold=201783 len=393
2026-10-02 10:30:56.340 [SETTLE] exp=4168 gold=201783 len=403
2026-10-02 10:31:23.511 [SETTLE] exp=2620 gold=201783 len=393
2026-10-02 10:31:50.699 [SETTLE] exp=1620 gold=201783 len=403
2026-10-02 10:32:23.623 [SETTLE] exp=3514 gold=201783 len=403
2026-10-02 10:32:50.528 [SETTLE] exp=3120 gold=201783 len=393
2026-10-02 10:33:15.016 [SETTLE] exp=3846 gold=201783 len=403
2026-10-02 10:33:44.789 [SYS] 物品栏满
2026-10-02 10:33:44.887 [SETTLE] exp=3576 gold=201783 len=393
2026-10-02 10:34:12.350 [SETTLE] exp=2468 gold=201783 len=393
2026-10-02 10:34:38.713 [SETTLE] exp=2360 gold=201783 len=393
2026-10-02 10:35:05.535 [SETTLE] exp=3800 gold=201783 len=403
2026-10-02 10:35:32.231 [SYS] 物品栏满
2026-10-02 10:35:32.339 [SETTLE] exp=2816 gold=201783 len=393
2026-10-02 10:36:01.814 [SYS] 物品栏满
2026-10-02 10:36:01.905 [SETTLE] exp=3032 gold=201783 len=393
2026-10-02 10:36:32.651 [SETTLE] exp=2844 gold=201783 len=393
2026-10-02 10:36:56.851 [SYS] 物品栏满
2026-10-02 10:36:56.969 [SETTLE] exp=2638 gold=201783 len=393
2026-10-02 10:37:28.665 [SETTLE] exp=3300 gold=201783 len=393
2026-10-02 10:37:49.118 [SETTLE] exp=2274 gold=201783 len=403
2026-10-02 10:38:13.662 [SETTLE] exp=1620 gold=201783 len=393
2026-10-02 10:38:34.824 [SYS] 物品栏满
2026-10-02 10:38:34.921 [SETTLE] exp=2816 gold=201783 len=393
2026-10-02 10:39:02.637 [SYS] 物品栏满
2026-10-02 10:39:02.735 [SETTLE] exp=3076 gold=201783 len=393
2026-10-02 10:39:34.745 [SETTLE] exp=3998 gold=201783 len=403
2026-10-02 10:39:59.027 [SETTLE] exp=3908 gold=201783 len=393
2026-10-02 10:40:26.346 [SETTLE] exp=2968 gold=201783 len=393
2026-10-02 10:40:50.446 [SETTLE] exp=2530 gold=201783 len=393
2026-10-02 10:41:19.099 [SETTLE] exp=4078 gold=201783 len=393
2026-10-02 10:41:46.986 [SYS] 物品栏满
2026-10-02 10:41:47.079 [SETTLE] exp=2968 gold=201783 len=393
2026-10-02 10:42:15.201 [SYS] 物品栏满
2026-10-02 10:42:15.307 [SETTLE] exp=3576 gold=201783 len=393
2026-10-02 10:42:43.507 [SETTLE] exp=2530 gold=201783 len=403
2026-10-02 10:43:15.553 [SETTLE] exp=3622 gold=201783 len=393
2026-10-02 10:43:42.535 [SETTLE] exp=2530 gold=201783 len=393
2026-10-02 10:44:07.048 [QUESTION] {"type":"question","sock":3052,"qno":10,"field_a":77,"stem":"蚯蚓适合生活在什么样的环境里？","options":["1、太空里","2、天空里","3、水里","4、阴暗潮湿"]}
2026-10-02 10:44:07.725 [SETTLE] exp=2576 gold=201783 len=403
2026-10-02 10:44:08.050 [UI] auto dump on question qno=10
2026-10-02 10:44:08.050 [UI] ---- window dump begin (pid 17852) ----
2026-10-02 10:44:08.089 [UI] TOP=00540FEC vis=1 cls=QBOvCls rc=(1008,390,1368,486) title=
2026-10-02 10:44:08.099 [UI] TOP=000D10A4 vis=1 cls=ATL:012FF210 rc=(668,23,1708,830) title=什么什么大冒险2(①逍遥村敬老院)-先驱01_Sep 24 2026《什么什么大冒险》制作委员会QQ群:515616289
2026-10-02 10:44:08.099 [UI] TOP=01F20E06 vis=0 cls=DIEmWin rc=(-1,-1,135,38) title=DIEmWin
2026-10-02 10:44:08.494 [UI] TOP=01F9011C vis=0 cls=IME rc=(0,0,0,0) title=Default IME
2026-10-02 10:44:08.498 [UI] TOP=002008EE vis=0 cls=MSCTFIME UI rc=(0,0,0,0) title=MSCTFIME UI
2026-10-02 10:44:08.512 [UI] TOP=00720E76 vis=0 cls=IME rc=(0,0,0,0) title=Default IME
2026-10-02 10:44:08.512 [UI] TOP=0011098A vis=0 cls=IME rc=(0,0,0,0) title=Default IME
2026-10-02 10:44:08.512 [UI] ---- window dump end ----
2026-10-02 10:44:09.040 [SEND-ANSWER] qno=10 opt=3 ret=13 sock=3052
2026-10-02 10:44:09.085 [SYS] 测试通过！
2026-10-02 10:44:09.182 [SYS] 获得了#00FF00#100#FFF692#金币
2026-10-02 10:44:09.182 [CURRENCY] a=201783 b=100481
2026-10-02 10:44:10.841 [UI] auto-closing quiz frame: qno=10 opt=3
2026-10-02 10:44:10.912 [UI] option 3 control NOT found — falling back to digit key
2026-10-02 10:44:13.696 [OUT] 1F04 inv=FFF6 len=13 #2 f6ff041fce1f805bcd510bdc22
2026-10-02 10:44:30.357 [SETTLE] exp=3032 gold=201783 len=403
2026-10-02 10:44:58.533 [SETTLE] exp=2862 gold=201783 len=403
2026-10-02 10:45:26.681 [SETTLE] exp=3936 gold=201783 len=393
2026-10-02 10:45:52.772 [SETTLE] exp=2316 gold=201783 len=393
2026-10-02 10:46:17.249 [SETTLE] exp=3362 gold=201783 len=403
2026-10-02 10:46:26.319 [OP] 4018 inv=FFF0 len=15 #1 437a7f51da3e22a3fb5918946451b1
2026-10-02 10:46:57.484 [SETTLE] exp=2952 gold=201783 len=393
2026-10-02 10:47:20.674 [SETTLE] exp=2800 gold=201783 len=393
2026-10-02 10:47:51.338 [SETTLE] exp=4104 gold=201783 len=393
2026-10-02 10:47:51.422 [SYS] 获得了#00FF00#1#FFF692#个#64FF7D#黄玉葫芦
2026-10-02 10:48:16.424 [SYS] 物品栏满
2026-10-02 10:48:16.524 [SETTLE] exp=4122 gold=201783 len=393
2026-10-02 10:48:43.996 [SETTLE] exp=4168 gold=201783 len=403
2026-10-02 10:49:06.595 [SYS] 物品栏满
2026-10-02 10:49:06.686 [SETTLE] exp=2530 gold=201783 len=393
2026-10-02 10:49:28.826 [SETTLE] exp=2800 gold=201783 len=393
2026-10-02 10:49:58.888 [SYS] 物品栏满
2026-10-02 10:49:58.995 [SETTLE] exp=4016 gold=201783 len=393
2026-10-02 10:50:26.457 [SETTLE] exp=2424 gold=201783 len=393
2026-10-02 10:50:52.215 [SETTLE] exp=3076 gold=201783 len=393
2026-10-02 10:51:15.305 [SETTLE] exp=2298 gold=201783 len=403
2026-10-02 10:51:48.045 [SETTLE] exp=3970 gold=201783 len=393
2026-10-02 10:52:20.943 [SETTLE] exp=3998 gold=201783 len=403
2026-10-02 10:52:52.537 [SETTLE] exp=2800 gold=201783 len=393
2026-10-02 10:53:17.965 [SETTLE] exp=2140 gold=201783 len=393
2026-10-02 10:53:46.202 [SETTLE] exp=2968 gold=201783 len=403
2026-10-02 10:54:12.459 [SETTLE] exp=2906 gold=201783 len=403
2026-10-02 10:54:45.087 [SETTLE] exp=4060 gold=201783 len=403
2026-10-02 10:55:14.644 [SETTLE] exp=3576 gold=201783 len=393
2026-10-02 10:55:40.276 [SYS] 物品栏满
2026-10-02 10:55:40.276 [SETTLE] exp=3032 gold=201783 len=393
2026-10-02 10:56:07.135 [SETTLE] exp=2530 gold=201783 len=393
2026-10-02 10:56:31.631 [SYS] 物品栏满
2026-10-02 10:56:31.732 [SETTLE] exp=2638 gold=201783 len=393
2026-10-02 10:57:02.625 [SETTLE] exp=2968 gold=201783 len=393
2026-10-02 10:57:36.866 [SETTLE] exp=3712 gold=201783 len=403
2026-10-02 10:58:05.333 [SETTLE] exp=3576 gold=201783 len=393
2026-10-02 10:58:35.229 [SETTLE] exp=3344 gold=201783 len=393
2026-10-02 10:59:02.414 [SETTLE] exp=2424 gold=201783 len=393
2026-10-02 10:59:31.183 [SETTLE] exp=3300 gold=201783 len=393
2026-10-02 11:00:00.727 [SETTLE] exp=2906 gold=201783 len=393
2026-10-02 11:00:26.817 [SYS] 物品栏满
2026-10-02 11:00:26.909 [SETTLE] exp=1620 gold=201783 len=393
2026-10-02 11:00:58.338 [SETTLE] exp=4060 gold=201783 len=403
2026-10-02 11:01:24.117 [SETTLE] exp=2862 gold=201783 len=393
2026-10-02 11:01:51.485 [SETTLE] exp=2512 gold=201783 len=393
2026-10-02 11:02:14.656 [SETTLE] exp=1486 gold=201783 len=393
2026-10-02 11:02:43.775 [SETTLE] exp=2576 gold=201783 len=393
2026-10-02 11:03:18.509 [SETTLE] exp=2952 gold=201783 len=403
2026-10-02 11:03:49.106 [SETTLE] exp=4016 gold=201783 len=393
2026-10-02 11:04:17.472 [SETTLE] exp=3908 gold=201783 len=393
2026-10-02 11:04:46.560 [SETTLE] exp=3120 gold=201783 len=403
2026-10-02 11:05:17.035 [SYS] 物品栏满
2026-10-02 11:05:17.129 [SETTLE] exp=2638 gold=201783 len=393
2026-10-02 11:05:43.558 [SETTLE] exp=2530 gold=201783 len=393
2026-10-02 11:06:22.208 [SETTLE] exp=2620 gold=201783 len=403
2026-10-02 11:06:53.368 [SYS] 物品栏满
2026-10-02 11:06:53.452 [SETTLE] exp=3908 gold=201783 len=393
2026-10-02 11:07:29.254 [SETTLE] exp=3998 gold=201783 len=393
2026-10-02 11:08:00.764 [SETTLE] exp=2952 gold=201783 len=393
2026-10-02 11:08:22.611 [SYS] 物品栏满
2026-10-02 11:08:22.697 [SETTLE] exp=1524 gold=201783 len=393
2026-10-02 11:08:49.115 [SYS] 物品栏满
2026-10-02 11:08:49.201 [SETTLE] exp=2424 gold=201783 len=393
2026-10-02 11:09:15.832 [SETTLE] exp=3076 gold=201783 len=403
2026-10-02 11:09:45.747 [SYS] 物品栏满
2026-10-02 11:09:45.847 [SETTLE] exp=3622 gold=201783 len=393
2026-10-02 11:10:14.300 [SETTLE] exp=2906 gold=201783 len=393
2026-10-02 11:10:47.281 [SETTLE] exp=3344 gold=201783 len=393
2026-10-02 11:11:17.653 [SYS] 物品栏满
2026-10-02 11:11:17.746 [SETTLE] exp=2468 gold=201783 len=393
2026-10-02 11:11:47.782 [SETTLE] exp=2406 gold=201783 len=393
2026-10-02 11:12:16.689 [SETTLE] exp=3514 gold=201783 len=393
2026-10-02 11:12:48.242 [SETTLE] exp=4168 gold=201783 len=403
2026-10-02 11:13:18.088 [SETTLE] exp=3970 gold=201783 len=393
2026-10-02 11:13:41.724 [SYS] 物品栏满
2026-10-02 11:13:41.817 [SETTLE] exp=3138 gold=201783 len=393
2026-10-02 11:14:07.659 [SETTLE] exp=3514 gold=201783 len=403
2026-10-02 11:14:29.229 [SETTLE] exp=1620 gold=201783 len=393
2026-10-02 11:14:57.423 [SETTLE] exp=3452 gold=201783 len=393
2026-10-02 11:15:21.578 [SETTLE] exp=2968 gold=201783 len=393
2026-10-02 11:15:47.232 [SETTLE] exp=2692 gold=201783 len=393
2026-10-02 11:16:15.589 [SETTLE] exp=2520 gold=201783 len=393
2026-10-02 11:16:47.099 [SETTLE] exp=2620 gold=201783 len=403
2026-10-02 11:17:13.008 [SYS] 物品栏满
2026-10-02 11:17:13.093 [SETTLE] exp=2638 gold=201783 len=393
2026-10-02 11:17:13.093 [OP] 4210 inv=FFF3 len=12 #4 570bdcfa2f2b1f80a0ecfc0b
2026-10-02 11:17:46.502 [SETTLE] exp=4168 gold=201783 len=393
2026-10-02 11:18:11.967 [SETTLE] exp=2406 gold=201783 len=393
2026-10-02 11:18:37.536 [SETTLE] exp=3032 gold=201783 len=393
2026-10-02 11:18:37.689 [SYS] 获得了#00FF00#1#FFF692#个#64FF7D#碧玉葫芦
2026-10-02 11:19:08.456 [SETTLE] exp=2844 gold=201783 len=393
2026-10-02 11:19:42.489 [SETTLE] exp=4122 gold=201783 len=403
2026-10-02 11:20:08.783 [SETTLE] exp=2906 gold=201783 len=393
2026-10-02 11:20:48.394 [SETTLE] exp=2468 gold=201783 len=393
2026-10-02 11:21:14.190 [SETTLE] exp=3452 gold=201783 len=403
2026-10-02 11:21:42.368 [SETTLE] exp=2576 gold=201783 len=403
2026-10-02 11:21:49.055 [OP] 4031 inv=FFE0 len=31 #4 44dc5ba32b1f805bdf51ae67a99e36a7cb0f1355938cfaa39d7ff324cef60b
2026-10-02 11:22:17.892 [SETTLE] exp=3722 gold=201783 len=393
2026-10-02 11:22:40.969 [SETTLE] exp=2406 gold=201783 len=393
2026-10-02 11:23:14.096 [SETTLE] exp=3560 gold=201783 len=393
2026-10-02 11:23:42.365 [SETTLE] exp=3846 gold=201783 len=403
2026-10-02 11:24:06.753 [SETTLE] exp=2638 gold=201783 len=393
2026-10-02 11:24:35.248 [SETTLE] exp=3470 gold=201783 len=393
2026-10-02 11:25:07.465 [SETTLE] exp=3998 gold=201783 len=403
2026-10-02 11:25:42.488 [SETTLE] exp=4168 gold=201783 len=403
2026-10-02 11:26:13.875 [SETTLE] exp=3060 gold=201783 len=403
2026-10-02 11:26:50.939 [SETTLE] exp=3390 gold=201783 len=393
2026-10-02 11:27:18.201 [SETTLE] exp=2906 gold=201783 len=393
2026-10-02 11:27:45.506 [SETTLE] exp=3120 gold=201783 len=393
2026-10-02 11:28:13.745 [SETTLE] exp=3362 gold=201783 len=393
2026-10-02 11:28:43.111 [SETTLE] exp=2754 gold=201783 len=393
2026-10-02 11:29:17.635 [SETTLE] exp=3284 gold=201783 len=403
2026-10-02 11:29:17.741 [OP] 40E6 inv=FFF3 len=12 #1 e45dad80f764510bdcfaa32b
2026-10-02 11:29:17.835 [OP] 40E0 inv=FED1 len=302 #2 408052fa88de1f805b64510be3c4a32b1f805b649ad0dcfaa32b1f80d6df510bdcfaa32b85035b64fc0bdcfa392b1f804864510b52faa32bad805b64fc0bdcfa392b1f801564510b52faa32b6d805b64667fdcfa2a2b1f808264510b3efaa32b7f805b64580bdcfa572b1f800d64510b8ffaa32b1f805b64510bdcfaa32b1f805b64510bdcfaa32b1f805b64430bdcfaa32b1f805b64510bdcfaa32b1f805b64
2026-10-02 11:29:17.835 [OP] 40E3 inv=FFF3 len=12 #3 d70e392bca805b64db0b6ffa
2026-10-02 11:29:17.835 [OP] 40E2 inv=FFF3 len=12 #3 c6ecfc0b6ffa4f2b45809564
2026-10-02 11:29:17.835 [OP] 4233 inv=FFFA len=5 #1 437a7f510b
2026-10-02 11:29:17.835 [OP] 40F6 inv=FFEF len=16 #1 e45dad806808510bdcfaa32b1f07c464
2026-10-02 11:29:17.835 [OP] 4232 inv=FF60 len=159 #1 6523d0dce0a32b1f4f5b645127dcfaa3de1f805b6f510bdc1c462b1f805b64510bdcfaa32b1f805b64510bdcfaa32b1f805b64510bdcfaa3e19d805b64510bdcaaf82b1f805b64510e8bfaa32b1f805b9d580bdcfaa32b1fec7a64516f52faa3e459805b00510bdc25a32b1fef5b6451c4dcfaa3a4ad805b6a510bdceca32b1f245b64510bdcfaa32cd672eca2d661e2b05b931f805b64510bdcfaa32b1f80
2026-10-02 11:29:17.842 [OUT] 0185 inv=FFF7 len=12 #3 f7ff8501dcfaa32bc8d97b81
2026-10-02 11:29:17.893 [OP] 4210 inv=FFF3 len=12 #5 570bdcfa2f2b1f80c6ecfc0b
2026-10-02 11:29:45.616 [SETTLE] exp=2102 gold=201783 len=403
2026-10-02 11:30:20.051 [SETTLE] exp=2632 gold=201783 len=403
2026-10-02 11:30:48.668 [SYS] 物品栏满
2026-10-02 11:30:48.752 [SETTLE] exp=2482 gold=201783 len=393
2026-10-02 11:31:18.697 [SETTLE] exp=2130 gold=201783 len=393
2026-10-02 11:31:50.074 [SETTLE] exp=1856 gold=201783 len=393
2026-10-02 11:32:13.523 [SYS] 物品栏满
2026-10-02 11:32:13.618 [SETTLE] exp=2102 gold=201783 len=393
2026-10-02 11:32:38.797 [SETTLE] exp=2264 gold=201783 len=393
2026-10-02 11:33:11.815 [SETTLE] exp=2538 gold=201783 len=393
2026-10-02 11:33:34.103 [SETTLE] exp=1582 gold=201783 len=393
2026-10-02 11:34:08.923 [SETTLE] exp=2196 gold=201783 len=393
2026-10-02 11:34:41.666 [SETTLE] exp=2252 gold=201783 len=403
2026-10-02 11:35:08.631 [SETTLE] exp=2482 gold=201783 len=393
2026-10-02 11:35:36.890 [SYS] 物品栏满
2026-10-02 11:35:36.988 [SETTLE] exp=620 gold=201783 len=393
2026-10-02 11:36:08.220 [SETTLE] exp=1922 gold=201783 len=403
2026-10-02 11:36:40.007 [SYS] 物品栏满
2026-10-02 11:36:40.105 [SETTLE] exp=2566 gold=201783 len=393
2026-10-02 11:37:04.045 [SETTLE] exp=856 gold=201783 len=393
2026-10-02 11:37:25.608 [SETTLE] exp=1648 gold=201783 len=403
2026-10-02 11:37:51.596 [SYS] 物品栏满
2026-10-02 11:37:51.684 [SETTLE] exp=898 gold=201783 len=393
2026-10-02 11:38:20.230 [SETTLE] exp=1638 gold=201783 len=393
2026-10-02 11:38:48.409 [SETTLE] exp=2298 gold=201783 len=403
2026-10-02 11:39:20.506 [SETTLE] exp=2498 gold=201783 len=403
2026-10-02 11:39:55.741 [SETTLE] exp=2252 gold=201783 len=393
2026-10-02 11:40:13.733 [QUESTION] {"type":"question","sock":3052,"qno":12,"field_a":82,"stem":"在杠杆上起到支撑作用的那一点叫做？","options":["1、支点","2、上午六点","3、晚上8点","4、少一点"]}
2026-10-02 11:40:14.717 [SEND-ANSWER] qno=12 opt=0 ret=13 sock=3052
2026-10-02 11:40:14.750 [UI] auto dump on question qno=12
2026-10-02 11:40:14.750 [UI] ---- window dump begin (pid 17852) ----
2026-10-02 11:40:14.760 [SYS] 测试通过！
2026-10-02 11:40:14.859 [SYS] 获得了#00FF00#100#FFF692#金币
2026-10-02 11:40:14.859 [CURRENCY] a=201783 b=100581
2026-10-02 11:40:15.026 [UI] TOP=00540FEC vis=1 cls=QBOvCls rc=(1008,390,1368,486) title=
2026-10-02 11:40:15.036 [UI] TOP=000D10A4 vis=1 cls=ATL:012FF210 rc=(668,23,1708,830) title=什么什么大冒险2(①逍遥村敬老院)-先驱01_Sep 24 2026《什么什么大冒险》制作委员会QQ群:515616289
2026-10-02 11:40:15.036 [UI] TOP=01F20E06 vis=0 cls=DIEmWin rc=(-1,-1,135,38) title=DIEmWin
2026-10-02 11:40:15.433 [UI] TOP=01F9011C vis=0 cls=IME rc=(0,0,0,0) title=Default IME
2026-10-02 11:40:15.450 [UI] TOP=002008EE vis=0 cls=MSCTFIME UI rc=(0,0,0,0) title=MSCTFIME UI
2026-10-02 11:40:15.456 [UI] TOP=00720E76 vis=0 cls=IME rc=(0,0,0,0) title=Default IME
2026-10-02 11:40:15.458 [UI] TOP=0011098A vis=0 cls=IME rc=(0,0,0,0) title=Default IME
2026-10-02 11:40:15.458 [UI] ---- window dump end ----
2026-10-02 11:40:16.519 [UI] auto-closing quiz frame: qno=12 opt=0
2026-10-02 11:40:32.049 [SYS] 物品栏满
2026-10-02 11:40:32.142 [SETTLE] exp=2566 gold=201783 len=393
2026-10-02 11:40:55.570 [SETTLE] exp=1884 gold=201783 len=393
2026-10-02 11:41:18.578 [SYS] 物品栏满
2026-10-02 11:41:18.668 [SETTLE] exp=1514 gold=201783 len=393
2026-10-02 11:41:45.499 [SETTLE] exp=1722 gold=201783 len=393
2026-10-02 11:42:15.501 [SETTLE] exp=1750 gold=201783 len=393
2026-10-02 11:42:37.186 [SETTLE] exp=1610 gold=201783 len=393
2026-10-02 11:43:05.826 [SYS] 物品栏满
2026-10-02 11:43:05.826 [SETTLE] exp=1514 gold=201783 len=393
2026-10-02 11:43:33.906 [OUT] 1F04 inv=FFF6 len=13 #3 f6ff041fce1f805bd9510bdcfa
2026-10-02 11:43:35.528 [SETTLE] exp=1950 gold=201783 len=403
2026-10-02 11:44:12.280 [SETTLE] exp=1816 gold=201783 len=393
2026-10-02 11:44:33.594 [OV] overlay OFF
2026-10-02 11:44:43.403 [SETTLE] exp=1638 gold=201783 len=393
2026-10-02 11:45:14.123 [SETTLE] exp=2168 gold=201783 len=403
2026-10-02 11:45:37.912 [SETTLE] exp=720 gold=201783 len=403
2026-10-02 11:45:58.189 [SYS] 物品栏满
2026-10-02 11:45:58.284 [SETTLE] exp=992 gold=201783 len=393
2026-10-02 11:46:28.369 [SYS] 物品栏满
2026-10-02 11:46:28.458 [SETTLE] exp=2672 gold=201783 len=393
2026-10-02 11:46:55.422 [SETTLE] exp=1014 gold=201783 len=393
2026-10-02 11:47:14.368 [SETTLE] exp=730 gold=201783 len=403
2026-10-02 11:47:17.499 [OP] 40A0 inv=FFBB len=68 #4 c6ecfc0b6ffaf82b69605b6439ecdcfadb4ac3548a70b10543bbea0232805b64510bdcfaa32b1f805b64510bdcfaa32b1f805b64510bdcfaa32b1f8007dff1fd59c49a7c
2026-10-02 11:47:40.649 [SETTLE] exp=2 gold=201783 len=393
2026-10-02 11:48:07.714 [SETTLE] exp=1 gold=201783 len=403
2026-10-02 11:48:31.578 [SETTLE] exp=820 gold=201783 len=403
2026-10-02 11:48:31.665 [SYS] 获得了#00FF00#1#FFF692#个#64FF7D#黄玉葫芦
2026-10-02 11:49:01.375 [SYS] 物品栏满
2026-10-02 11:49:01.473 [SETTLE] exp=950 gold=201783 len=393
2026-10-02 11:49:21.311 [SETTLE] exp=736 gold=201783 len=403
2026-10-02 11:49:46.854 [SETTLE] exp=706 gold=201783 len=403
2026-10-02 11:49:51.029 [OP] 40A0 inv=FFBB len=68 #5 c6ecfc0b6ffa392b5a605b6439ecdcfadb4ac3548a70b10568bbea0232805b64510bdcfaa32b1f805b64510bdcfaa32b1f805b64510bdcfaa32b1f8007df8a3d59c4dfee
2026-10-02 11:50:13.420 [SETTLE] exp=940 gold=201783 len=393
2026-10-02 11:50:41.780 [OP] 46E0 inv=FDF7 len=520 #1 c6ecfc0b6ffaa32bb507c464580bdcfa2c5d1f80c364ef0b40b8202bd62f8823777a3bc034e1caef66b2c80bdcfa9d2b85a44064510bdcfadb2b610726f300ec815b7d35c0805b64510bdcfa392b1f80c4640e0b0877c05387564864946f69f4a5dfd1807464510bdc08a32be0569b6ffc0bdcfa2154adce0b47c80b6e109d2be8808a6f67df2ffab70e5fce508c8cd0d0c52642d63f667f1d4ad4999ba86d80
2026-10-02 11:50:41.874 [SETTLE] exp=2 gold=201783 len=403
2026-10-02 11:50:45.997 [SYS] #ff0000#您已进入野外区域，可能遭遇玩家间的自由对战，请注意安全！#ffffff#
2026-10-02 11:50:46.093 [OP] 4202 inv=FFEF len=16 #1 d5ecdcfab42b1f806adf510be4c4a32b
2026-10-02 11:50:46.093 [OP] 40E0 inv=FED1 len=302 #3 408052fa88de1f805b64510be3c4a32b1f805b649ad0dcfaa32b1f80d6df510bdcfaa32b85035b64fc0bdcfa392b1f804864510b52faa32bad805b64fc0bdcfa392b1f801564510b52faa32b6d805b64667fdcfa2a2b1f808264510b3efaa32b7f805b64580bdcfa572b1f800d64510b8ffaa32b1f805b64510bdcfaa32b1f805b64510bdcfaa32b1f805b64430bdcfaa32b1f805b64510bdcfaa32b1f805b64
2026-10-02 11:50:46.094 [OP] 40E3 inv=FFF3 len=12 #4 d70e392bca805b64db0b6ffa
2026-10-02 11:50:46.094 [OP] 40E2 inv=FFF3 len=12 #4 c6ecfc0b6f5a4e7845809564
2026-10-02 11:50:46.094 [OP] 4232 inv=FF60 len=159 #2 6523d0dce0a32b1f4f5b645127dcfaa3de1f805b6f510bdc1c462b1f805b64510bdcfaa32b1f805b64510bdcfaa32b1f805b64510bdcfaa3e19d805b64510bdcaaf82b1f805b64510e8bfaa32b1f805b9d580bdcfaa32b1fec7a64518390faa3e459805b00510bdc25a32b1fef5b6451c4dcfaa3a4ad805b6a510bdceca32b1f245b64510bdcfaa32cd672eca2d661e2b05b931f805b64510bdcfaa32b1f80
2026-10-02 11:50:46.094 [OP] 4055 inv=FFF7 len=8 #5 c6ecfc0bdcfaa32b
2026-10-02 11:50:46.094 [OP] 401B inv=FEB3 len=332 #2 e45dad800d64510b17faa32bb907c464530bdcfa972b1f8099d9510bdcfaa32b53ca5b64510bdcfa0a2b1f805b64510b9bc4a32b1f805b64bc595ab12b21ab805b64510bdcfaa32b1fc75b640db252fada2b1f802964510bae53a32b1f805b6441fddcfaa32b1f808564510bdcfaa32bcdaa5b64510bdcfa16876c842d43900bdcfaa32b1f805b6451b122c18a5dad806f64510b76faa32b75ce5b64510bdcfa
2026-10-02 11:50:46.372 [OUT] 0185 inv=FFF7 len=12 #4 f7ff8501dcfaa32bc8d97b81
2026-10-02 11:53:35.807 [OP] 4031 inv=FF64 len=155 #5 935b6151d0dcfaa3531fa4db8c740acb57e554e2a4021f2ef368a2346786b098f990b978b8349a6671ffd856b3d3a234670b1cedde6c3876a2348282d36de074a4b1ef1075e8f26f270094b8b8128eac5daf0572a3965034679694f3b3e1a6b6ccc29b40f32cce4d87f0775131a2b1f389f9140fb35120bb4c848980ef6e165119aeeb837bc06919740e23d0e4346451e49cfc58f33ee554cab00b
2026-10-02 11:54:47.093 [SYS] #ff0000#您已进入野外区域，可能遭遇玩家间的自由对战，请注意安全！#ffffff#
2026-10-02 11:54:47.093 [OP] 40E0 inv=FED1 len=302 #4 408052fa88de1f805b64510be3c4a32b1f805b649ad0dcfaa32b1f80d6df510bdcfaa32b85035b64fc0bdcfa392b1f804864510b52faa32bad805b64fc0bdcfa392b1f801564510b52faa32b6d805b64667fdcfa2a2b1f808264510b3efaa32b7f805b64580bdcfa572b1f800d64510b8ffaa32b1f805b64510bdcfaa32b1f805b64510bdcfaa32b1f805b64430bdcfaa32b1f805b64510bdcfaa32b1f805b64
2026-10-02 11:54:47.093 [OP] 40E3 inv=FFF3 len=12 #5 d70e392bca805b64db0b6ffa
2026-10-02 11:54:47.093 [OP] 40E2 inv=FFF3 len=12 #5 c6ecfc0b6f5a4e7845809564
2026-10-02 11:54:47.093 [OP] 4232 inv=FF60 len=159 #3 6523d0dce0a32b1f4f5b645127dcfaa3de1f805b6f510bdc1c462b1f805b64510bdcfaa32b1f805b64510bdcfaa32b1f805b64510bdcfaa3e19d805b64510bdcaaf82b1f805b64510e8bfaa32b1f805b9d580bdcfaa32b1fec7a64518390faa3e459805b00510bdc25a32b1fef5b6451c4dcfaa3a4ad805b6a510bdceca32b1f245b64510bdcfaa32cd672eca2d661e2b05b931f805b64510bdcfaa32b1f80
2026-10-02 11:54:47.093 [OP] 401B inv=FEB3 len=332 #3 e45dad800d64510b17faa32bb907c464530bdcfa972b1f8099d9510bdcfaa32b53ca5b64510bdcfa0a2b1f805b64510b9bc4a32b1f805b64bc595ab12b21ab805b64510bdcfaa32b1faa5b640db252fada2b1f802964510bae53a32b1f805b6441fddcfaa32b1f808564510bdcfaa32bcdaa5b64510bdcfa16876c842d43900bdcfaa32b1f805b64510bdcfa8a5dad806f64510b76faa32b75ce5b64510bdcfa
2026-10-02 11:54:47.104 [OUT] 0185 inv=FFF7 len=12 #5 f7ff8501dcfaa32bc8d97b81
2026-10-02 11:54:47.151 [OP] 4202 inv=FFEF len=16 #2 feecdcfab42b1f8056df510bc3c4a32b
2026-10-02 11:55:13.833 [SETTLE] exp=2 gold=201783 len=393
2026-10-02 11:55:35.267 [SETTLE] exp=1 gold=201783 len=393
2026-10-02 11:55:54.376 [SETTLE] exp=1 gold=201783 len=393
2026-10-02 11:56:16.847 [SYS] 物品栏满
2026-10-02 11:56:16.936 [SETTLE] exp=1 gold=201783 len=393
2026-10-02 11:56:34.419 [SYS] 物品栏满
2026-10-02 11:56:34.515 [SETTLE] exp=1 gold=201783 len=393
2026-10-02 11:56:57.550 [SETTLE] exp=2 gold=201783 len=393
2026-10-02 11:57:20.528 [SYS] 物品栏满
2026-10-02 11:57:20.632 [SETTLE] exp=2 gold=201783 len=393
2026-10-02 11:57:43.324 [SETTLE] exp=2 gold=201783 len=393
2026-10-02 11:57:45.445 [SYS] #ff0000#您已进入野外区域，可能遭遇玩家间的自由对战，请注意安全！#ffffff#
2026-10-02 11:57:45.540 [OP] 4202 inv=FFEF len=16 #3 95ecdcfab42b1f8072df510be4c4a32b
2026-10-02 11:57:45.540 [OP] 40E0 inv=FED1 len=302 #5 408052fa88de1f805b64510be3c4a32b1f805b649ad0dcfaa32b1f80d6df510bdcfaa32b85035b64fc0bdcfa392b1f804864510b52faa32bad805b64fc0bdcfa392b1f801564510b52faa32b6d805b64667fdcfa2a2b1f808264510b3efaa32b7f805b64580bdcfa572b1f800d64510b8ffaa32b1f805b64510bdcfaa32b1f805b64510bdcfaa32b1f805b64430bdcfaa32b1f805b64510bdcfaa32b1f805b64
2026-10-02 11:57:45.540 [OP] 4232 inv=FF60 len=159 #4 6523d0dce0a32b1f4f5b645127dcfaa3de1f805b6f510bdc1c462b1f805b64510bdcfaa32b1f805b64510bdcfaa32b1f805b64510bdcfaa3e19d805b64510bdcaaf82b1f805b64510e8bfaa32b1f805b9d580bdcfaa32b1fec7a64510190faa3e459805b00510bdc25a32b1fef5b6451c4dcfaa3a4ad805b6a510bdceca32b1f245b64510bdcfaa32cd672eca2d661e2b05b931f805b64510bdcfaa32b1f80
2026-10-02 11:57:45.540 [OP] 401B inv=FEB3 len=332 #4 e45dad800d64510b17faa32bb907c464530bdcfa972b1f8099d9510bdcfaa32b53ca5b64510bdcfa23531f805b64510b9bc4a32b1f805b64bc595ab12b21ab805b64510bdcfaa32b1fc75b640db252fada2b1f802964510bae53a32b1f805b6441fddcfaa32b1f808564510bdcfaa32bcdaa5b64510bdcfa16876c842d43900bdcfaa32b1f805b6451b1c9eb8a5dad806f64510b76faa32b75ce5b64510bdcfa
2026-10-02 12:00:00.517 [SYS] 许愿池里多了一批新礼物，赶紧来许愿吧~
2026-10-02 12:16:02.045 [SYS] #ff0000#您已进入野外区域，可能遭遇玩家间的自由对战，请注意安全！#ffffff#
2026-10-02 12:16:02.188 [OP] 4202 inv=FFEF len=16 #4 feecdcfab42b1f80d07f510b2625a32b
2026-10-02 12:16:02.189 [OP] 4232 inv=FF60 len=159 #5 6523d0dce0a32b1f4f5b645127dcfaa3de1f805b6f510bdc1c462b1f805b64510bdcfaa32b1f805b64510bdcfaa32b1f805b64510bdcfaa3e19d805b64510bdcaaf82b1f805b64510e8bfaa32b1f805b9d580bdcfaa32b1fec7a64510190faa3e459805b00510bdc25a32b1fef5b6451c4dcfaa3a4ad805b6a510bdceca32b1f245b64510bdcfaa32cd672eca2d661e2b05b931f805b64510bdcfaa32b1f80
2026-10-02 12:16:02.190 [OP] 401B inv=FEB3 len=332 #5 e45dad800d64510b17faa32bb907c464530bdcfa972b1f8099d9510bdcfaa32b53ca5b64510bdcfa23531f805b64510b9bc4a32b1f805b64bc595ab12b21ab805b64510bdcfaa32b1faa5b640db252fada2b1f802964510bae53a32b1f805b6441fddcfaa32b1f808564510bdcfaa32bcdaa5b64510bdcfa16876c842d43900bdcfaa32b1f805b64510bdcfa8a5dad806f64510b76faa32b75ce5b64510bdcfa
2026-10-02 12:16:32.220 [SYS] 物品栏满
2026-10-02 12:16:32.310 [SETTLE] exp=1 gold=201783 len=393
2026-10-02 12:16:52.567 [SYS] 物品栏满
2026-10-02 12:16:52.655 [SETTLE] exp=1 gold=201783 len=393
2026-10-02 12:17:16.893 [SYS] 物品栏满
2026-10-02 12:17:16.893 [SETTLE] exp=2 gold=201783 len=393
2026-10-02 12:17:42.058 [SETTLE] exp=1 gold=201783 len=393
2026-10-02 12:18:03.617 [SYS] 物品栏满
2026-10-02 12:18:03.714 [SETTLE] exp=2 gold=201783 len=393
2026-10-02 12:18:26.028 [SYS] 物品栏满
2026-10-02 12:18:26.123 [SETTLE] exp=2 gold=201783 len=393
2026-10-02 12:18:47.856 [SYS] 物品栏满
2026-10-02 12:18:47.941 [SETTLE] exp=2 gold=201783 len=393
2026-10-02 12:19:10.522 [SYS] 物品栏满
2026-10-02 12:19:10.628 [SETTLE] exp=2 gold=201783 len=393
2026-10-02 12:19:33.986 [SYS] 物品栏满
2026-10-02 12:19:34.087 [SETTLE] exp=1 gold=201783 len=393
2026-10-02 12:19:51.609 [SETTLE] exp=2 gold=201783 len=393
2026-10-02 12:20:11.187 [SYS] 物品栏满
2026-10-02 12:20:11.273 [SETTLE] exp=1 gold=201783 len=393
2026-10-02 12:20:15.449 [SYS] #ff0000#您已进入野外区域，可能遭遇玩家间的自由对战，请注意安全！#ffffff#
2026-10-02 12:20:15.541 [OP] 4202 inv=FFEF len=16 #5 b7ecdcfa572b1f80387f510b80c4a32b
2026-10-02 12:28:32.598 [QUESTION] {"type":"question","sock":3052,"qno":13,"field_a":89,"stem":"光学物理上把能够自身发光的物体叫做？","options":["1、正能量","2、可能叫这个吧","3、阳光普照","4、光源"]}
2026-10-02 12:28:33.608 [UI] auto dump on question qno=13
2026-10-02 12:28:33.608 [UI] ---- window dump begin (pid 17852) ----
2026-10-02 12:28:33.745 [UI] TOP=00540FEC vis=0 cls=QBOvCls rc=(1008,390,1368,486) title=
2026-10-02 12:28:33.770 [UI] TOP=000D10A4 vis=1 cls=ATL:012FF210 rc=(668,23,1708,830) title=什么什么大冒险2(①逍遥村敬老院)-先驱01_Sep 24 2026《什么什么大冒险》制作委员会QQ群:515616289
2026-10-02 12:28:33.771 [UI] TOP=01F20E06 vis=0 cls=DIEmWin rc=(-1,-1,135,38) title=DIEmWin
2026-10-02 12:28:33.932 [SEND-ANSWER] qno=13 opt=3 ret=13 sock=3052
2026-10-02 12:28:33.979 [SYS] 测试通过！
2026-10-02 12:28:34.066 [SYS] 获得了#00FF00#100#FFF692#金币
2026-10-02 12:28:34.066 [CURRENCY] a=201783 b=100681
2026-10-02 12:28:34.148 [UI] TOP=01F9011C vis=0 cls=IME rc=(0,0,0,0) title=Default IME
2026-10-02 12:28:34.158 [UI] TOP=002008EE vis=0 cls=MSCTFIME UI rc=(0,0,0,0) title=MSCTFIME UI
2026-10-02 12:28:34.187 [UI] TOP=00720E76 vis=0 cls=IME rc=(0,0,0,0) title=Default IME
2026-10-02 12:28:34.188 [UI] TOP=0011098A vis=0 cls=IME rc=(0,0,0,0) title=Default IME
2026-10-02 12:28:34.188 [UI] ---- window dump end ----
2026-10-02 12:28:35.739 [UI] auto-closing quiz frame: qno=13 opt=3
2026-10-02 12:28:35.764 [UI] option 3 control NOT found — falling back to digit key
2026-10-02 12:28:36.945 [OUT] 1F04 inv=FFF6 len=13 #4 f6ff041fce1f805bc6510bdc22
2026-10-02 12:47:11.847 [OUT] 009C inv=FFFB len=8 #1 fbff9c00dcfaa32b
2026-10-02 12:47:11.940 [OP] 42E5 inv=FFE5 len=26 #1 0edf510b155a4e78ca805b64510bdcfaa32b1f805b64510bdcfa
2026-10-02 12:47:20.851 [SYS] #FFF692#交纳传送费用#00CCFF#690#FFF692#金币！
2026-10-02 12:47:20.951 [CURRENCY] a=201783 b=99991
2026-10-02 12:47:21.733 [OUT] 009C inv=FFFB len=8 #2 fbff9c00dcfaa32b
2026-10-02 12:47:21.736 [OUT] 009C inv=FFFB len=8 #3 fbff9c00dcfaa32b
2026-10-02 12:47:21.741 [OUT] 009C inv=FFFB len=8 #4 fbff9c00dcfaa32b
2026-10-02 12:47:21.743 [OUT] 009C inv=FFFB len=8 #5 fbff9c00dcfaa32b
2026-10-02 12:47:22.123 [OP] 42E5 inv=FFE5 len=26 #2 7a64510b20faa32bca0c3cc8065c59cc859a0d869887050bdcfa
2026-10-02 12:47:22.123 [OP] 42E5 inv=FFE5 len=26 #3 7a64510b20faa32bca0c3cc8065c59cc859a0d869887050bdcfa
2026-10-02 12:47:22.124 [OP] 42E5 inv=FFE5 len=26 #4 7a64510b20faa32bca0c3cc8065c59cc859a0d869887050bdcfa
2026-10-02 12:47:22.124 [OP] 42E5 inv=FFE5 len=26 #5 7a64510b20faa32bca0c3cc8065c59cc859a0d869887050bdcfa
2026-10-02 12:47:22.127 [OUT] 0135 inv=FFF7 len=12 #1 f7ff3501dcfaa32b5e805b64
2026-10-02 12:47:22.215 [OP] 42A7 inv=FEE6 len=281 #1 437a7f5133dcfaa30062832e058960677f329cdb9ec3538975ceec388294473d4c8260db9048cd942cc35c18755f8f4841572cc35ce656491792383c90db81a552159d31b04f615f1652cb155a4e470b8fdb81a5cb210cf6fe65d97bdd8352155aeb410bd9325382875f5a4e47d88f7e86e675155ab82442836addf65315251ce2c88f6a3cf475f477236f65796a5c8375495b596f5d793b2b526ae0252924c8
2026-10-02 12:47:25.805 [SYS] #FFF692#交纳传送费用#00CCFF#1370#FFF692#金币！
2026-10-02 12:47:25.939 [CURRENCY] a=201783 b=99311
2026-10-02 12:47:30.763 [SYS] #FFF692#交纳传送费用#00CCFF#1810#FFF692#金币！
2026-10-02 12:47:30.847 [SYS] #ff0000#您已进入野外区域，可能遭遇玩家间的自由对战，请注意安全！#ffffff#
2026-10-02 12:47:30.847 [CURRENCY] a=201783 b=98871
2026-10-02 12:47:31.342 [OP] 40A1 inv=FFEB len=20 #1 510bdcfab65d1f809464510be9f4eede4012bb26
2026-10-02 12:47:46.309 [OP] 40A2 inv=FFF3 len=12 #1 dcfaa32bca805b649cf7dcfa
2026-10-02 12:47:53.501 [SYS] 物品栏满
2026-10-02 12:47:53.604 [SETTLE] exp=1444 gold=201783 len=393
2026-10-02 12:47:56.395 [SYS] #ff0000#您已进入野外区域，可能遭遇玩家间的自由对战，请注意安全！#ffffff#
2026-10-02 12:48:35.775 [SETTLE] exp=5990 gold=201783 len=393
2026-10-02 12:49:16.535 [SETTLE] exp=6110 gold=201783 len=393
2026-10-02 12:49:43.371 [SETTLE] exp=7486 gold=201783 len=393
2026-10-02 12:50:23.231 [SETTLE] exp=7548 gold=201783 len=393
2026-10-02 12:50:52.119 [SETTLE] exp=6052 gold=201783 len=393
2026-10-02 12:51:18.391 [SETTLE] exp=6110 gold=201783 len=393
2026-10-02 12:51:51.830 [SETTLE] exp=5516 gold=201783 len=393
2026-10-02 12:52:20.237 [SETTLE] exp=7732 gold=201783 len=403
2026-10-02 12:52:47.534 [SETTLE] exp=5990 gold=201783 len=393
2026-10-02 12:53:10.045 [SETTLE] exp=7488 gold=201783 len=393
2026-10-02 12:53:23.062 [OUT] 1004 inv=FFF3 len=16 #3 f3ff0410a43e66535980ba64510bdcfa
2026-10-02 12:53:23.197 [OP] 4110 inv=FFFD len=2 #3 bc2b
2026-10-02 12:53:23.264 [OUT] 1004 inv=FFF3 len=16 #4 f3ff0410a43e66535980ba64510bdcfa
2026-10-02 12:53:23.393 [OP] 4110 inv=FFFD len=2 #4 bc2b
2026-10-02 12:53:23.454 [OUT] 1004 inv=FFF3 len=16 #5 f3ff0410a43e66535980ba64510bdcfa
2026-10-02 12:53:23.594 [OP] 4110 inv=FFFD len=2 #5 bc2b
2026-10-02 12:53:39.952 [SETTLE] exp=6052 gold=201783 len=393
2026-10-02 12:53:40.041 [OP] 40E1 inv=FFED len=18 #2 c6ecfc0b6ffaf8b7ca809564580b6ffaf82b
2026-10-02 12:54:12.899 [SETTLE] exp=7544 gold=201783 len=393
2026-10-02 12:54:12.998 [OP] 40E1 inv=FFED len=18 #3 c6ecfc0b6ffaf8d8ca809564580b6ffaf82b
2026-10-02 12:54:43.108 [SETTLE] exp=5930 gold=201783 len=393
2026-10-02 12:55:12.030 [SETTLE] exp=7670 gold=201783 len=393
2026-10-02 12:55:52.775 [SETTLE] exp=5990 gold=201783 len=393
2026-10-02 12:55:52.865 [OP] 40E1 inv=FFED len=18 #4 c6ecfc0b6ffaf856ca809564580b6ffaf82b
2026-10-02 12:56:18.532 [SETTLE] exp=6048 gold=201783 len=393
2026-10-02 12:56:49.318 [SETTLE] exp=7488 gold=201783 len=393
2026-10-02 12:57:25.405 [SETTLE] exp=7486 gold=201783 len=393
2026-10-02 12:57:25.503 [OP] 40E1 inv=FFED len=18 #5 c6ecfc0b6ffaf82aca809564580b6ffaf82b
2026-10-02 12:57:55.620 [SETTLE] exp=7426 gold=201783 len=393
2026-10-02 12:58:26.417 [OP] 4114 inv=FFEF len=16 #1 c687c4647b98dcfab9ce1f80c0df510b
2026-10-02 12:58:36.134 [SETTLE] exp=7548 gold=201783 len=393
2026-10-02 12:59:10.446 [SETTLE] exp=5868 gold=201783 len=393
2026-10-02 12:59:38.404 [SETTLE] exp=6938 gold=201783 len=393
2026-10-02 13:00:06.809 [SETTLE] exp=7430 gold=201783 len=393
2026-10-02 13:00:33.589 [SETTLE] exp=7548 gold=201783 len=393
2026-10-02 13:01:01.843 [SETTLE] exp=7552 gold=201783 len=393
2026-10-02 13:01:40.392 [SETTLE] exp=5992 gold=201783 len=393
2026-10-02 13:02:04.478 [SETTLE] exp=5990 gold=201783 len=393
2026-10-02 13:02:33.605 [SETTLE] exp=7488 gold=201783 len=393
2026-10-02 13:03:08.868 [SETTLE] exp=7486 gold=201783 len=393
2026-10-02 13:03:38.344 [SETTLE] exp=7486 gold=201783 len=393
2026-10-02 13:04:10.260 [SETTLE] exp=7548 gold=201783 len=393
2026-10-02 13:04:43.503 [SYS] 物品栏满
2026-10-02 13:04:43.596 [SETTLE] exp=7488 gold=201783 len=393
2026-10-02 13:05:12.978 [SETTLE] exp=5990 gold=201783 len=393
2026-10-02 13:05:46.343 [SETTLE] exp=6048 gold=201783 len=393
2026-10-02 13:06:18.154 [SETTLE] exp=7670 gold=201783 len=393
2026-10-02 13:06:48.936 [SETTLE] exp=6048 gold=201783 len=393
2026-10-02 13:07:21.908 [SYS] 物品栏满
2026-10-02 13:07:22.002 [SETTLE] exp=5516 gold=201783 len=393
2026-10-02 13:07:53.397 [SETTLE] exp=7422 gold=201783 len=393
2026-10-02 13:08:23.112 [SETTLE] exp=7610 gold=201783 len=393
2026-10-02 13:08:54.745 [SETTLE] exp=6882 gold=201783 len=393
2026-10-02 13:09:28.009 [SETTLE] exp=7426 gold=201783 len=403
2026-10-02 13:09:56.729 [SETTLE] exp=5992 gold=201783 len=393
2026-10-02 13:10:30.015 [SETTLE] exp=7426 gold=201783 len=393
2026-10-02 13:10:56.832 [SETTLE] exp=6048 gold=201783 len=393
2026-10-02 13:11:29.139 [SETTLE] exp=5926 gold=201783 len=393
2026-10-02 13:12:06.681 [SETTLE] exp=7548 gold=201783 len=393
2026-10-02 13:12:06.710 [OP] 4235 inv=FFFA len=5 #1 3767ce5b64
2026-10-02 13:12:06.710 [SYS] 获得了#00FF00#1#FFF692#个#64FF7D#黄玉葫芦
2026-10-02 13:12:39.977 [SETTLE] exp=7426 gold=201783 len=393
2026-10-02 13:13:20.513 [SETTLE] exp=7364 gold=201783 len=393
2026-10-02 13:13:53.618 [SETTLE] exp=7368 gold=201783 len=393
2026-10-02 13:14:20.337 [SETTLE] exp=5870 gold=201783 len=393
2026-10-02 13:14:54.285 [SYS] 物品栏满
2026-10-02 13:14:54.369 [SETTLE] exp=6938 gold=201783 len=393
2026-10-02 13:15:19.117 [OP] 46E0 inv=FDF7 len=520 #2 c6ecfc0b6ffaa32b1207c464580bdcfa68121f805b64a552f45c232bd62f8823f8ace17c6f42ad8066b2c80bdcfa9d2b94dbc364312afafa392b56ced07b490be2c17513c0805b64fc0b90fafd2b1f801c640e0bc41d312b875648647a65fbaeb156d1805b64510bdc08a32bc004a7ddb20bdcfa409bb78c0b47c80b6e109d2b0680d8a93f882ffafd87a1122855bdb19967eb7ca448fb261d4ad4999ba86d80
2026-10-02 13:15:19.206 [SETTLE] exp=6236 gold=201783 len=403
2026-10-02 13:15:48.502 [SETTLE] exp=5926 gold=201783 len=393
2026-10-02 13:16:11.150 [SETTLE] exp=5990 gold=201783 len=393
2026-10-02 13:16:43.369 [SETTLE] exp=6942 gold=201783 len=393
2026-10-02 13:17:11.883 [SETTLE] exp=7732 gold=201783 len=403
2026-10-02 13:17:39.952 [SETTLE] exp=7368 gold=201783 len=393
2026-10-02 13:18:08.314 [SETTLE] exp=6114 gold=201783 len=393
2026-10-02 13:18:39.210 [OP] 46E0 inv=FDF7 len=520 #3 c6ecfc0b6ffaa32bb907c4640e0bdcfa0a121f803bc0510bdcfaa32bd62f8823777a3bc085a3598066b2c80bdcfa9d2b598005cdfed187c402e644a0e68c8cd0815b7d350fc87fa9fc0b98227a2e3aaa5b64a5521595b72b0c3f667fba87bac4a5dfd1805b64510bdc08a32bc7d4c47ffc0bdcfa2154adce0b47c80b6e109d2b2cf68a6f67df2ffa8fde1f80508c8cd08bfaa32bd63f667f1d4ad4999ba86d80
2026-10-02 13:18:39.307 [SETTLE] exp=5930 gold=201783 len=393
2026-10-02 13:19:01.503 [SETTLE] exp=7796 gold=201783 len=393
2026-10-02 13:19:31.992 [SETTLE] exp=7426 gold=201783 len=393
2026-10-02 13:19:58.599 [SETTLE] exp=7674 gold=201783 len=393
2026-10-02 13:20:27.470 [SETTLE] exp=6052 gold=201783 len=393
2026-10-02 13:20:59.040 [SETTLE] exp=7488 gold=201783 len=403
2026-10-02 13:21:31.880 [SETTLE] exp=7548 gold=201783 len=393
2026-10-02 13:22:00.960 [SETTLE] exp=5990 gold=201783 len=393
2026-10-02 13:22:08.802 [OP] 401E inv=FFAD len=82 #1 e45dad8057ecfc0b52faa32bad805b646992dcfa05601f803f55510b93b3a32b72ff5b64a552155a4e78c8d92693510b8631a32bc8d97b81a552155a4e78c8d97b81a552dcfaa32b1f805b64510bdcfaa32b
2026-10-02 13:22:14.505 [OP] 401E inv=FFAD len=82 #2 e45dad8057ecfc0b52faa32bad805b646992dcfa05601f809255510b93b3a32b72ff5b64a552155a4e78c8d92693510b8631a32bc8d97b81a552155a4e78c8d97b81a552dcfaa32b1f805b64510bdcfaa32b
2026-10-02 13:22:30.686 [SETTLE] exp=6174 gold=201783 len=393
2026-10-02 13:23:14.221 [SETTLE] exp=7488 gold=201783 len=393
2026-10-02 13:23:52.599 [SETTLE] exp=6826 gold=201783 len=393
2026-10-02 13:24:18.075 [OP] 4708 inv=FFF3 len=12 #1 63cdfc0b540e392b0f805b64
2026-10-02 13:24:29.391 [SETTLE] exp=5930 gold=201783 len=393
2026-10-02 13:24:56.952 [SETTLE] exp=5930 gold=201783 len=393
2026-10-02 13:25:31.876 [SYS] 物品栏满
2026-10-02 13:25:31.977 [SETTLE] exp=5868 gold=201783 len=393
2026-10-02 13:26:00.724 [SETTLE] exp=6052 gold=201783 len=393
2026-10-02 13:26:28.864 [SETTLE] exp=5870 gold=201783 len=393
2026-10-02 13:27:00.846 [OP] 46E0 inv=FDF7 len=520 #4 c6ecfc0b6ffaa32b1207c464580bdcfa724d1f801c64f50b2bd7a3abd62f8823f307267c9ecbad8066b2c80bdcfa9d2b63a75b14d6594cf4392b56ce2e9ffb0b3608a32b69805b64d6a8c099462b1f801c640e0b0f065f2b8b564864746f035b4044d1805b64a552dc08a32b0c805b64fd0bdcfab1e086120b47c80b6e109d2b068045a979132ffa2df2c112b4fcedb12c35b4deebad87261d4ad4999ba86d80
2026-10-02 13:27:00.932 [SYS] 物品栏满
2026-10-02 13:27:00.932 [SETTLE] exp=7486 gold=201783 len=393
2026-10-02 13:27:34.377 [SETTLE] exp=5574 gold=201783 len=403
2026-10-02 13:28:02.129 [SETTLE] exp=7430 gold=201783 len=393
2026-10-02 13:28:28.652 [SETTLE] exp=6052 gold=201783 len=393
2026-10-02 13:28:58.676 [SYS] 物品栏满
2026-10-02 13:28:58.766 [SETTLE] exp=5926 gold=201783 len=393
2026-10-02 13:29:31.036 [SETTLE] exp=5930 gold=201783 len=393
2026-10-02 13:30:09.068 [SYS] 物品栏满
2026-10-02 13:30:09.164 [SETTLE] exp=5518 gold=201783 len=393
2026-10-02 13:30:37.847 [SETTLE] exp=6114 gold=201783 len=393
2026-10-02 13:31:08.547 [SETTLE] exp=7610 gold=201783 len=393
2026-10-02 13:31:08.634 [SYS] 获得了#00FF00#1#FFF692#个#64FF7D#黄玉葫芦
2026-10-02 13:31:39.502 [SETTLE] exp=6110 gold=201783 len=393
2026-10-02 13:32:04.379 [SETTLE] exp=6110 gold=201783 len=393
2026-10-02 13:32:39.084 [SETTLE] exp=5990 gold=201783 len=393
2026-10-02 13:33:10.124 [SETTLE] exp=7422 gold=201783 len=393
2026-10-02 13:33:37.427 [SETTLE] exp=7610 gold=201783 len=393
2026-10-02 13:34:16.789 [SETTLE] exp=7548 gold=201783 len=403
2026-10-02 13:34:50.319 [SYS] 物品栏满
2026-10-02 13:34:50.413 [SETTLE] exp=5926 gold=201783 len=393
2026-10-02 13:35:13.458 [QUESTION] {"type":"question","sock":3052,"qno":13,"field_a":89,"stem":"光学物理上把能够自身发光的物体叫做？","options":["1、正能量","2、可能叫这个吧","3、阳光普照","4、光源"]}
2026-10-02 13:35:14.464 [UI] auto dump on question qno=13
2026-10-02 13:35:14.464 [UI] ---- window dump begin (pid 17852) ----
2026-10-02 13:35:14.633 [UI] TOP=00540FEC vis=0 cls=QBOvCls rc=(1008,390,1368,486) title=
2026-10-02 13:35:14.642 [UI] TOP=000D10A4 vis=1 cls=ATL:012FF210 rc=(668,23,1708,830) title=什么什么大冒险2(①逍遥村敬老院)-先驱01_Sep 24 2026《什么什么大冒险》制作委员会QQ群:515616289
2026-10-02 13:35:14.642 [UI] TOP=01F20E06 vis=0 cls=DIEmWin rc=(-1,-1,135,38) title=DIEmWin
2026-10-02 13:35:15.035 [UI] TOP=01F9011C vis=0 cls=IME rc=(0,0,0,0) title=Default IME
2026-10-02 13:35:15.046 [UI] TOP=002008EE vis=0 cls=MSCTFIME UI rc=(0,0,0,0) title=MSCTFIME UI
2026-10-02 13:35:15.057 [UI] TOP=00720E76 vis=0 cls=IME rc=(0,0,0,0) title=Default IME
2026-10-02 13:35:15.058 [UI] TOP=0011098A vis=0 cls=IME rc=(0,0,0,0) title=Default IME
2026-10-02 13:35:15.058 [UI] ---- window dump end ----
2026-10-02 13:35:15.444 [SEND-ANSWER] qno=13 opt=3 ret=13 sock=3052
2026-10-02 13:35:15.488 [SYS] 测试通过！
2026-10-02 13:35:15.583 [SYS] 获得了#00FF00#100#FFF692#金币
2026-10-02 13:35:15.583 [CURRENCY] a=201783 b=100781
2026-10-02 13:35:17.258 [UI] auto-closing quiz frame: qno=13 opt=3
2026-10-02 13:35:17.277 [UI] option 3 control NOT found — falling back to digit key
2026-10-02 13:35:18.109 [OUT] 1F04 inv=FFF6 len=13 #5 f6ff041fce1f805bc6510bdc22
2026-10-02 13:35:18.627 [SETTLE] exp=5926 gold=201783 len=393
2026-10-02 13:35:48.108 [SETTLE] exp=6110 gold=201783 len=393
2026-10-02 13:36:20.891 [SETTLE] exp=5930 gold=201783 len=393
2026-10-02 13:36:48.846 [SETTLE] exp=7426 gold=201783 len=393
2026-10-02 13:37:20.970 [SETTLE] exp=7732 gold=201783 len=393
2026-10-02 13:37:21.057 [SYS] 获得了#00FF00#1#FFF692#个#64FF7D#碧玉葫芦
2026-10-02 13:37:53.564 [SETTLE] exp=7548 gold=201783 len=393
2026-10-02 13:37:53.655 [SYS] 获得了#00FF00#1#FFF692#个#64FF7D#碧玉葫芦
2026-10-02 13:38:27.995 [SETTLE] exp=7610 gold=201783 len=393
2026-10-02 13:38:53.535 [SETTLE] exp=5868 gold=201783 len=393
2026-10-02 13:39:28.745 [SYS] 物品栏满
2026-10-02 13:39:28.832 [SETTLE] exp=5516 gold=201783 len=393
2026-10-02 13:40:00.791 [SETTLE] exp=5992 gold=201783 len=393
2026-10-02 13:40:28.106 [SETTLE] exp=6048 gold=201783 len=393
2026-10-02 13:40:55.993 [SETTLE] exp=5930 gold=201783 len=393
2026-10-02 13:41:23.900 [SETTLE] exp=5930 gold=201783 len=393
2026-10-02 13:41:58.964 [SETTLE] exp=5930 gold=201783 len=393
2026-10-02 13:42:26.660 [OP] 46E0 inv=FDF7 len=520 #5 c6ecfc0b6ffaa32b1207c464580bdcfaa24d1f80b038c6156ffaa32bd62f88236ecb1ac05735041266b2c80bdcfa9d2b1f804864510bdcfa392b56ce621baf0b815b7d35395e58a9510bdcfadd0e32ce1c640e0baf3ab42b58af607fbd8dbac43d46a6801c64510bdc08a32bd983a7dd490bdcfa57b55a4f0b47c80b6e109d2b063fc8ddddcfc3faa32b1f80428aeed052faa32baaaf607f1d4ad4999ba86d80
2026-10-02 13:42:26.660 [SETTLE] exp=7610 gold=201783 len=393
2026-10-02 13:42:49.906 [SETTLE] exp=6110 gold=201783 len=393
2026-10-02 13:43:19.028 [SETTLE] exp=5516 gold=201783 len=393
2026-10-02 13:43:48.829 [SETTLE] exp=5930 gold=201783 len=393
2026-10-02 13:44:22.216 [SETTLE] exp=5516 gold=201783 len=393
2026-10-02 13:45:00.459 [SYS] 物品栏满
2026-10-02 13:45:00.554 [SETTLE] exp=7364 gold=201783 len=393
2026-10-02 13:45:25.981 [SYS] 物品栏满
2026-10-02 13:45:26.059 [SETTLE] exp=7608 gold=201783 len=393
2026-10-02 13:45:58.430 [SETTLE] exp=7608 gold=201783 len=393
2026-10-02 13:46:31.565 [SETTLE] exp=5868 gold=201783 len=393
2026-10-02 13:47:02.379 [SETTLE] exp=7422 gold=201783 len=393
2026-10-02 13:47:39.777 [SETTLE] exp=7548 gold=201783 len=393
2026-10-02 13:48:10.561 [SETTLE] exp=6110 gold=201783 len=393
2026-10-02 13:48:50.826 [SETTLE] exp=7608 gold=201783 len=393
2026-10-02 13:49:19.096 [SETTLE] exp=7486 gold=201783 len=403
2026-10-02 13:49:50.337 [SETTLE] exp=7486 gold=201783 len=393
2026-10-02 13:50:19.229 [SETTLE] exp=7608 gold=201783 len=393
2026-10-02 13:50:19.315 [SYS] 获得了#00FF00#1#FFF692#个#64FF7D#碧玉葫芦
2026-10-02 13:50:52.167 [SETTLE] exp=7544 gold=201783 len=393
2026-10-02 13:51:26.575 [SETTLE] exp=7670 gold=201783 len=393
2026-10-02 13:52:02.933 [SETTLE] exp=7426 gold=201783 len=393
2026-10-02 13:52:26.961 [SETTLE] exp=5926 gold=201783 len=393
2026-10-02 13:53:17.017 [SETTLE] exp=7486 gold=201783 len=393
2026-10-02 13:53:48.163 [SETTLE] exp=7548 gold=201783 len=393
2026-10-02 13:54:28.883 [SETTLE] exp=7608 gold=201783 len=403
2026-10-02 13:54:58.688 [SYS] 物品栏满
2026-10-02 13:54:58.778 [SETTLE] exp=7364 gold=201783 len=393
2026-10-02 13:55:28.333 [SETTLE] exp=6114 gold=201783 len=403
2026-10-02 13:55:59.836 [SETTLE] exp=6052 gold=201783 len=393
2026-10-02 13:56:30.633 [SETTLE] exp=7368 gold=201783 len=393
2026-10-02 13:56:30.633 [OP] 4235 inv=FFFA len=5 #2 3767ce5b64
2026-10-02 13:57:03.775 [SETTLE] exp=7670 gold=201783 len=403
2026-10-02 13:57:29.839 [SETTLE] exp=5870 gold=201783 len=393
2026-10-02 13:57:59.805 [SETTLE] exp=5868 gold=201783 len=393
2026-10-02 13:58:33.020 [SETTLE] exp=7488 gold=201783 len=393
2026-10-02 13:59:05.576 [SETTLE] exp=7426 gold=201783 len=393
2026-10-02 13:59:38.377 [SETTLE] exp=5870 gold=201783 len=393
2026-10-02 14:00:10.251 [SETTLE] exp=6940 gold=201783 len=393
2026-10-02 14:00:40.218 [SETTLE] exp=7422 gold=201783 len=393
2026-10-02 14:01:13.280 [SETTLE] exp=7608 gold=201783 len=393
2026-10-02 14:01:45.966 [SETTLE] exp=5868 gold=201783 len=393
2026-10-02 14:02:18.210 [SETTLE] exp=7368 gold=201783 len=393
2026-10-02 14:02:43.795 [SETTLE] exp=5870 gold=201783 len=393
2026-10-02 14:03:15.303 [SETTLE] exp=6114 gold=201783 len=393
2026-10-02 14:03:47.762 [SETTLE] exp=5926 gold=201783 len=393
2026-10-02 14:04:19.712 [SETTLE] exp=5930 gold=201783 len=393
2026-10-02 14:04:54.053 [SYS] 物品栏满
2026-10-02 14:04:54.142 [SETTLE] exp=7426 gold=201783 len=393
2026-10-02 14:05:22.954 [SETTLE] exp=5516 gold=201783 len=393
2026-10-02 14:05:47.833 [SETTLE] exp=6048 gold=201783 len=393
2026-10-02 14:05:47.923 [OP] 40E6 inv=FFF3 len=12 #2 e45dad8084ec510bdcfaa32b
2026-10-02 14:05:47.923 [OP] 4233 inv=FFFA len=5 #2 437a7f510b
2026-10-02 14:05:47.923 [OP] 40F6 inv=FFEF len=16 #2 e45dad8043f8510bdcfaa32b1f805b64
2026-10-02 14:06:23.138 [SYS] 物品栏满
2026-10-02 14:06:23.226 [SETTLE] exp=6994 gold=201783 len=393
2026-10-02 14:06:49.760 [SETTLE] exp=5686 gold=201783 len=393
2026-10-02 14:07:17.409 [SETTLE] exp=5744 gold=201783 len=393
2026-10-02 14:07:44.193 [SETTLE] exp=5690 gold=201783 len=393
2026-10-02 14:08:13.528 [SETTLE] exp=5690 gold=201783 len=393
2026-10-02 14:08:42.530 [SETTLE] exp=5628 gold=201783 len=393
2026-10-02 14:09:06.119 [SETTLE] exp=5748 gold=201783 len=393
2026-10-02 14:09:31.236 [SETTLE] exp=5686 gold=201783 len=393
2026-10-02 14:10:04.830 [SYS] 物品栏满
2026-10-02 14:10:04.929 [SETTLE] exp=7106 gold=201783 len=393
2026-10-02 14:10:40.436 [SETTLE] exp=7170 gold=201783 len=403
2026-10-02 14:11:09.957 [SETTLE] exp=5690 gold=201783 len=393
2026-10-02 14:11:46.289 [SETTLE] exp=7170 gold=201783 len=393
2026-10-02 14:12:14.362 [SETTLE] exp=7670 gold=201783 len=393
2026-10-02 14:12:42.239 [SETTLE] exp=7054 gold=201783 len=393
2026-10-02 14:13:12.561 [SETTLE] exp=5690 gold=201783 len=393
2026-10-02 14:13:42.633 [SETTLE] exp=7110 gold=201783 len=403
2026-10-02 14:14:05.765 [SETTLE] exp=5690 gold=201783 len=393
2026-10-02 14:14:30.720 [SETTLE] exp=7732 gold=201783 len=393
2026-10-02 14:15:00.052 [SYS] 物品栏满
2026-10-02 14:15:00.052 [SETTLE] exp=6572 gold=201783 len=393
2026-10-02 14:15:28.326 [SETTLE] exp=7058 gold=201783 len=393
2026-10-02 14:15:59.408 [SETTLE] exp=6110 gold=201783 len=393
2026-10-02 14:16:27.846 [SETTLE] exp=5576 gold=201783 len=393
2026-10-02 14:17:00.567 [SETTLE] exp=6994 gold=201783 len=393
2026-10-02 14:17:34.073 [SETTLE] exp=7112 gold=201783 len=393
2026-10-02 14:17:59.481 [SETTLE] exp=7050 gold=201783 len=393
2026-10-02 14:18:24.468 [SETTLE] exp=5744 gold=201783 len=393
2026-10-02 14:18:58.932 [SETTLE] exp=7050 gold=201783 len=393
2026-10-02 14:19:33.143 [SETTLE] exp=7110 gold=201783 len=393
2026-10-02 14:20:00.189 [SETTLE] exp=5690 gold=201783 len=393
2026-10-02 14:20:30.279 [SETTLE] exp=6576 gold=201783 len=393
2026-10-02 14:20:58.489 [SETTLE] exp=7228 gold=201783 len=393
2026-10-02 14:21:26.382 [SETTLE] exp=7054 gold=201783 len=393
2026-10-02 14:21:26.467 [SYS] 获得了#00FF00#1#FFF692#个#64FF7D#黄玉葫芦
2026-10-02 14:21:56.315 [SETTLE] exp=6998 gold=201783 len=393
2026-10-02 14:22:25.394 [SETTLE] exp=5690 gold=201783 len=393
2026-10-02 14:22:51.681 [SETTLE] exp=5690 gold=201783 len=403
2026-10-02 14:23:17.403 [SETTLE] exp=6110 gold=201783 len=393
2026-10-02 14:23:42.345 [SETTLE] exp=7670 gold=201783 len=393
2026-10-02 14:24:09.571 [SETTLE] exp=7110 gold=201783 len=393
2026-10-02 14:24:34.969 [SETTLE] exp=5744 gold=201783 len=403
2026-10-02 14:25:10.814 [SETTLE] exp=7054 gold=201783 len=393
2026-10-02 14:25:38.152 [SETTLE] exp=5632 gold=201783 len=393
2026-10-02 14:26:08.854 [SETTLE] exp=6998 gold=201783 len=393
2026-10-02 14:26:39.462 [SETTLE] exp=5632 gold=201783 len=393
2026-10-02 14:27:10.768 [SETTLE] exp=7112 gold=201783 len=393
2026-10-02 14:27:50.062 [SYS] 物品栏满
2026-10-02 14:27:50.152 [SETTLE] exp=7226 gold=201783 len=393
2026-10-02 14:28:18.528 [SETTLE] exp=5628 gold=201783 len=393
2026-10-02 14:28:46.992 [SETTLE] exp=7170 gold=201783 len=393
2026-10-02 14:29:20.005 [SETTLE] exp=6572 gold=201783 len=393
2026-10-02 14:30:00.173 [SYS] 物品栏满
2026-10-02 14:30:00.265 [SETTLE] exp=7166 gold=201783 len=393
2026-10-02 14:30:31.967 [SETTLE] exp=7170 gold=201783 len=393
2026-10-02 14:31:01.403 [SETTLE] exp=5576 gold=201783 len=393
2026-10-02 14:31:30.540 [SETTLE] exp=5748 gold=201783 len=393
2026-10-02 14:32:05.897 [QUESTION] {"type":"question","sock":3052,"qno":1,"field_a":59,"stem":"以下不属于马的动物？","options":["1、海马","2、赤兔","3、白马","4、红马"]}
2026-10-02 14:32:06.336 [SETTLE] exp=6998 gold=201783 len=403
2026-10-02 14:32:06.900 [UI] auto dump on question qno=1
2026-10-02 14:32:06.900 [UI] ---- window dump begin (pid 17852) ----
2026-10-02 14:32:07.121 [UI] TOP=00540FEC vis=0 cls=QBOvCls rc=(1008,390,1368,486) title=
2026-10-02 14:32:07.127 [UI] TOP=000D10A4 vis=1 cls=ATL:012FF210 rc=(668,23,1708,830) title=什么什么大冒险2(①逍遥村敬老院)-先驱01_Sep 24 2026《什么什么大冒险》制作委员会QQ群:515616289
2026-10-02 14:32:07.127 [UI] TOP=01F20E06 vis=0 cls=DIEmWin rc=(-1,-1,135,38) title=DIEmWin
2026-10-02 14:32:07.193 [SEND-ANSWER] qno=1 opt=0 ret=13 sock=3052
2026-10-02 14:32:07.241 [SYS] 测试通过！
2026-10-02 14:32:07.339 [SYS] 获得了#00FF00#100#FFF692#金币
2026-10-02 14:32:07.339 [CURRENCY] a=201783 b=100881
2026-10-02 14:32:07.535 [UI] TOP=01F9011C vis=0 cls=IME rc=(0,0,0,0) title=Default IME
2026-10-02 14:32:07.551 [UI] TOP=002008EE vis=0 cls=MSCTFIME UI rc=(0,0,0,0) title=MSCTFIME UI
2026-10-02 14:32:07.561 [UI] TOP=00720E76 vis=0 cls=IME rc=(0,0,0,0) title=Default IME
2026-10-02 14:32:07.561 [UI] TOP=0011098A vis=0 cls=IME rc=(0,0,0,0) title=Default IME
2026-10-02 14:32:07.561 [UI] ---- window dump end ----
2026-10-02 14:32:09.007 [UI] auto-closing quiz frame: qno=1 opt=0
2026-10-02 14:32:40.094 [SETTLE] exp=7166 gold=201783 len=393
2026-10-02 14:33:09.152 [SETTLE] exp=5744 gold=201783 len=393
2026-10-02 14:33:40.282 [SETTLE] exp=5172 gold=201783 len=403
2026-10-02 14:34:02.383 [SETTLE] exp=6110 gold=201783 len=393
2026-10-02 14:34:29.060 [SETTLE] exp=7674 gold=201783 len=393
2026-10-02 14:35:00.913 [SYS] 物品栏满
2026-10-02 14:35:00.993 [SETTLE] exp=6110 gold=201783 len=393
2026-10-02 14:35:27.745 [SETTLE] exp=5632 gold=201783 len=393
2026-10-02 14:36:04.359 [SETTLE] exp=6994 gold=201783 len=393
2026-10-02 14:36:36.250 [SETTLE] exp=5748 gold=201783 len=393
2026-10-02 14:37:01.331 [SETTLE] exp=7170 gold=201783 len=393
2026-10-02 14:37:35.303 [SETTLE] exp=7112 gold=201783 len=393
2026-10-02 14:38:00.835 [SETTLE] exp=7058 gold=201783 len=393
2026-10-02 14:38:26.997 [SETTLE] exp=5632 gold=201783 len=393
2026-10-02 14:38:54.632 [SETTLE] exp=5690 gold=201783 len=393
2026-10-02 14:39:27.689 [SETTLE] exp=5690 gold=201783 len=393
2026-10-02 14:40:01.964 [SETTLE] exp=5690 gold=201783 len=393
2026-10-02 14:40:35.457 [SETTLE] exp=7170 gold=201783 len=393
2026-10-02 14:41:07.520 [SETTLE] exp=7170 gold=201783 len=393
2026-10-02 14:41:38.002 [SETTLE] exp=7050 gold=201783 len=393
2026-10-02 14:42:10.426 [SETTLE] exp=7058 gold=201783 len=393
2026-10-02 14:42:34.950 [SETTLE] exp=5628 gold=201783 len=393
2026-10-02 14:43:04.429 [SETTLE] exp=5574 gold=201783 len=393
2026-10-02 14:43:30.654 [SETTLE] exp=7170 gold=201783 len=393
2026-10-02 14:43:59.527 [SETTLE] exp=7170 gold=201783 len=393
2026-10-02 14:44:35.732 [SETTLE] exp=7170 gold=201783 len=393
2026-10-02 14:45:09.048 [SYS] 物品栏满
2026-10-02 14:45:09.048 [SETTLE] exp=7226 gold=201783 len=393
2026-10-02 14:45:40.573 [SETTLE] exp=7670 gold=201783 len=393
2026-10-02 14:46:09.387 [SETTLE] exp=6994 gold=201783 len=393
2026-10-02 14:46:49.493 [SETTLE] exp=7226 gold=201783 len=393
2026-10-02 14:47:14.384 [SETTLE] exp=6236 gold=201783 len=393
2026-10-02 14:47:40.621 [SETTLE] exp=5692 gold=201783 len=393
2026-10-02 14:48:10.859 [SETTLE] exp=6998 gold=201783 len=393
2026-10-02 14:48:38.403 [SETTLE] exp=5748 gold=201783 len=393
2026-10-02 14:49:05.910 [SETTLE] exp=5690 gold=201783 len=393
2026-10-02 14:49:05.910 [OP] 4235 inv=FFFA len=5 #3 3767ce5b64
2026-10-02 14:49:29.481 [SETTLE] exp=6110 gold=201783 len=393
2026-10-02 14:49:29.577 [SYS] 获得了#00FF00#1#FFF692#个#64FF7D#碧玉葫芦
2026-10-02 14:49:55.777 [SETTLE] exp=6994 gold=201783 len=393
2026-10-02 14:50:29.483 [SETTLE] exp=5634 gold=201783 len=393
2026-10-02 14:50:51.133 [SETTLE] exp=6114 gold=201783 len=393
2026-10-02 14:51:26.826 [SETTLE] exp=7054 gold=201783 len=393
2026-10-02 14:51:54.650 [SETTLE] exp=5692 gold=201783 len=393
2026-10-02 14:52:24.261 [SETTLE] exp=7674 gold=201783 len=403
2026-10-02 14:53:00.743 [SETTLE] exp=6998 gold=201783 len=393
2026-10-02 14:53:31.988 [SETTLE] exp=5632 gold=201783 len=393
2026-10-02 14:54:03.476 [SETTLE] exp=5690 gold=201783 len=393
2026-10-02 14:54:31.247 [SETTLE] exp=5574 gold=201783 len=393
2026-10-02 14:54:59.595 [SETTLE] exp=7112 gold=201783 len=393
2026-10-02 14:55:31.260 [SETTLE] exp=7112 gold=201783 len=393
2026-10-02 14:56:00.965 [SETTLE] exp=5632 gold=201783 len=393
2026-10-02 14:56:31.734 [SETTLE] exp=7112 gold=201783 len=393
2026-10-02 14:57:02.653 [SETTLE] exp=6114 gold=201783 len=393
2026-10-02 14:57:37.179 [SETTLE] exp=5748 gold=201783 len=403
2026-10-02 14:58:06.557 [SETTLE] exp=5628 gold=201783 len=393
2026-10-02 14:58:42.427 [SETTLE] exp=6572 gold=201783 len=393
2026-10-02 14:59:22.457 [SETTLE] exp=6520 gold=201783 len=393
2026-10-02 15:00:00.390 [SETTLE] exp=7110 gold=201783 len=403
2026-10-02 15:00:33.871 [SETTLE] exp=5632 gold=201783 len=393
2026-10-02 15:01:03.667 [SETTLE] exp=7054 gold=201783 len=393
2026-10-02 15:01:37.385 [SYS] 物品栏满
2026-10-02 15:01:37.475 [SETTLE] exp=5690 gold=201783 len=393
2026-10-02 15:02:08.094 [SETTLE] exp=7170 gold=201783 len=393
2026-10-02 15:02:36.472 [SETTLE] exp=7170 gold=201783 len=393
2026-10-02 15:03:14.592 [SETTLE] exp=7054 gold=201783 len=393
2026-10-02 15:03:51.145 [SETTLE] exp=-24258 gold=201783 len=393
2026-10-02 15:03:51.164 [OP] 4707 inv=FFF3 len=12 #1 e45dad80c6ecfc0b17faa32b
2026-10-02 15:05:00.610 [OUT] 0135 inv=FFF7 len=12 #2 f7ff3501dcfaa32b60805b64
2026-10-02 15:05:00.694 [OP] 42A7 inv=FEE6 len=281 #2 437a7f5173dcfaa31831d3c20133340c33509e31d3c2019ff0dcfaa32b1f805bfc9f0bdcfaa32b31d35bfc9f0b38fa1018882b5b64510bef33a318882b5b649f64dcfaa3121f80c2ca9f64cd8aa32b1f800b64516439fa8b9e882b5b64510bdcfaa32b882bac64b4f0dcfaa32b0a805b64516439faa32b31d35b649b0b398a1c2b1f7d5b64510befa9a318882bacfc9f0b38faa3121f2bc2019f64cd8a10e988
2026-10-02 15:05:06.252 [OP] 43F1 inv=FFFA len=5 #1 256a931fc7
2026-10-02 15:05:07.962 [OP] 43F1 inv=FFFA len=5 #2 c26a931fc7
2026-10-02 15:05:09.441 [OP] 43F1 inv=FFFA len=5 #3 c06a931faa
2026-10-02 15:05:54.486 [OP] 43F1 inv=FFFA len=5 #4 e23d931faa
2026-10-02 15:08:20.069 [OP] 43F1 inv=FFFA len=5 #5 c06a931fc7
2026-10-02 15:09:00.787 [OUT] 0135 inv=FFF7 len=12 #3 f7ff3501dcfaa32b80805b64
2026-10-02 15:09:00.883 [OP] 42A7 inv=FEE6 len=281 #3 437a7f515ddcfaa32b1f13c316e66ae001576f57790b64510b380448bcbda62b81a55242b5e32b1f8059299b6a155a4e78bdd96ac0ff10dc1923786551cadde60736b5f547c88c0b89835236ff1c245793c329a85415afc17390a6eef75f755f25f59bcae12e531408b3af89561b185f8c1454bc0d29fc628c6a29e60736af29bc578c6a8683103625ca4757d97b81a552155aca80ec7f5cdd03a66a0b5924d8
2026-10-02 15:10:39.848 [OUT] 0135 inv=FFF7 len=12 #4 f7ff3501dcfaa32bc9805b64
2026-10-02 15:10:39.997 [OP] 42A7 inv=FEE6 len=281 #4 437a7f51bcdcfaa31831d3c20133340c33509e31d3c2019ff0dcfaa32b1f805b64510bdcfaa32b31d35b64510bdcfa04181f805bfc250befa9a32b1f805b642564dcfa04e91f80c201510bcdfaa32b88805b64510bdcfa8b311f80acfb510bdcfc0418277e5b643334dcfa04e91f7e3efc251939fc10e972c15b649f0b39fc102b1f805bfc25190c33a32b1f803efc5119cd8aa32b272bc2ca510bdcfc042b27
2026-10-02 15:39:08.559 [OP] 40EB inv=FFE7 len=24 #1 d70e392b1a87c464f40bdcc6a32b1f809564510b45c0a32b
2026-10-02 15:52:49.514 [OP] 401E inv=FFAD len=82 #3 e45dad8035ecfc0b52faa32b1f805b649e90dcfa05601f808164510b2a9ea32bc8d97b81a552155a1c461f80a69a510b8631a32bc8d97b81a552155a4e78c8d97b81a552dcfaa32b1f805b64510bdcfaa32b
2026-10-02 16:00:00.401 [SYS] 许愿池里多了一批新礼物，赶紧来许愿吧~
2026-10-02 16:02:09.880 [OUT] 0022 inv=FFF5 len=14 #1 f5ff22009540c0fd90c4355d375a
2026-10-02 16:02:09.924 [OP] 4610 inv=FFFE len=1 #1 5e
2026-10-02 16:02:10.891 [OUT] 0022 inv=FFF5 len=14 #2 f5ff22009540c0fd90c4a158d9e7
2026-10-02 16:02:10.935 [OP] 4610 inv=FFFE len=1 #2 5b
2026-10-02 16:02:13.866 [OUT] 0050 inv=FFF7 len=12 #1 f7ff5000a32b1f80fbdf510b
2026-10-02 16:02:13.922 [OP] 4019 inv=FF17 len=232 #1 e45dad80fbdf510b6fe0a32bab802de62554d897049b38f3db355ba6cd6c09a31c0ee64e87a45b1880a1b57ebd4ee16fb694f919e50fe6fb5b2a5ab7f931c5e45b6496b329fa8f3a1abe35e957d79f568f6ce23a35a053d777bb50a00b1ce06c5cfba82da3de62804964a62337e3da6ce2cdd209a6b92da6da3a1acdb29b33f962436c8d9a0c2d83136adcb8172bf7be35a053b92d3d5e20f76a6f975323373d
2026-10-02 16:02:14.856 [OUT] 0051 inv=FFF7 len=12 #1 f7ff51005b64510b52faa32b
2026-10-02 16:02:14.901 [OP] 40C0 inv=FFF5 len=10 #1 e45dad801c64580be066
2026-10-02 16:02:26.604 [OUT] 0055 inv=FFDD len=38 #1 ddff55003fac5d95c7c4a32b8aaa5b649d7ff5c49853d5aa3026c28a75258f71b81b1bdffbec
2026-10-02 16:02:26.744 [OP] 40C1 inv=FFF2 len=13 #1 3767ce5b64510bdcfaa32b1f80
2026-10-02 16:02:26.744 [CURRENCY] a=201783 b=122977
2026-10-02 16:02:27.527 [OUT] 0050 inv=FFF7 len=12 #2 f7ff5000a32b1f80703d510b
2026-10-02 16:02:27.572 [OP] 4019 inv=FFB3 len=76 #2 408052fafeae1f80957f510b73fa32e7e4963e675ba653008b696cd5b446b117962309a34b1d24a35c5a28b73b8db9d7f6b7517f6afa41618605bd9b510b90fa312b91b083e51383629ba32b
2026-10-02 16:02:29.348 [OUT] 0051 inv=FFF7 len=12 #2 f7ff51005b64510b90faa32b
2026-10-02 16:02:29.715 [OUT] 0135 inv=FFF7 len=12 #5 f7ff3501dcfaa32b08805b64
2026-10-02 16:02:29.876 [OP] 42A7 inv=FEE6 len=281 #5 437a7f5118dcfaa31831d3c20133340c33509e31d3c2019ff0dcfaa32b1f805b64510bdcfaa32b31d35b64510bdcfaa32b1f805b64510befa9102b1f803efc510bcd8aa32b1f2bc2015119dcfa10e91f80acfb510b39fa8b311f80ac642564398a04181f7e5b643334dcfaa3e9882bacfc9f1939faa32b72c15bfb9f0bcd8a0418272b5bfb9f0b0c33a318272b5b649f19dcfa0418278063ca5164cd8a041827
2026-10-02 16:02:30.711 [OUT] 0050 inv=FFF7 len=12 #3 f7ff5000a32b1f80cf64510b
2026-10-02 16:02:30.761 [OP] 4019 inv=FF7F len=128 #3 c6ecfc0b13faa32bcace5b64e00b5de7382739260205d92a166404c25205e0a1e1ae8d3bffeb4bf3e5491daef49b09612737befb2932bdb7309d237a9333930a5fccac9df1eb7e7b6f9350d85db379d52d8d91329f1d532b7380eaa0532337a24f28c57feae957c737e3da28961154f9bc05b600a3321f800d6417ad181ea32b
2026-10-02 16:02:31.511 [OUT] 0051 inv=FFF7 len=12 #3 f7ff51005b64510b6ffaa32b
2026-10-02 16:02:31.561 [OP] 4019 inv=FEE3 len=284 #4 e45dad80cf64510b6f22a32b0480418787145ab7a14ba7d0f6b91d0177b332e7827b244433d25b186ce9325f3e3587c828ed4a1c95b1b293552c5b182bfaa7713ef2876989952bc6c2d071675c9b6c140c30b70b93b70d19daeec77ae1cd6fe953232da28f770b36792bb5830ffcd4b931e46dea7240b0cca877c34c2d67872a16fd65d4c24c2d40739e9624599997b846eb30205b3dda3a1abe35a0a69350d8
2026-10-02 16:02:33.351 [OUT] 0051 inv=FFF7 len=12 #4 f7ff51005b64510b90faa32b
2026-10-02 16:02:33.396 [SYS] #FFF692#交纳传送费用#00CCFF#190#FFF692#金币！
2026-10-02 16:02:33.486 [CURRENCY] a=201783 b=122787
2026-10-02 16:02:34.726 [OUT] 0050 inv=FFF7 len=12 #4 f7ff5000a32b1f802764510b
2026-10-02 16:02:34.769 [OP] 4019 inv=FEFF len=256 #5 d70e392b84805b6458d0dcfaf02b32f3e0fbe149232332e7fff354ea07585ab7f08e89d5f6b9135cd897f919400ebde32e795bdda26ec2842ec825245b186ce9e4964f2eaee4606db0f76cd5b446b117607709a397f502d05ba6606db0f76cd5855c5ba6add950cfd3998bff0642698d6ce9ff96b446b1176077806612d083de052a28ed65bc6c1aafe1b1e4f0ed1d1a1c053e6776f07d8a4119d39954fc655c
2026-10-02 16:02:35.586 [OUT] 0051 inv=FFF7 len=12 #5 f7ff51005b64510b6ffaa32b
2026-10-02 16:02:38.661 [SYS] #FFF692#交纳传送费用#00CCFF#190#FFF692#金币！
2026-10-02 16:02:38.704 [SYS] #ff0000#您已进入野外区域，可能遭遇玩家间的自由对战，请注意安全！#ffffff#
2026-10-02 16:02:38.704 [CURRENCY] a=201783 b=122787
2026-10-02 16:02:40.010 [OUT] 0050 inv=FFF7 len=12 #5 f7ff5000a32b1f806e64510b
2026-10-02 16:02:43.157 [SYS] #FFF692#交纳传送费用#00CCFF#690#FFF692#金币！
2026-10-02 16:02:43.246 [SYS] #ff0000#您已进入野外区域，可能遭遇玩家间的自由对战，请注意安全！#ffffff#
2026-10-02 16:02:43.246 [CURRENCY] a=201783 b=122287
2026-10-02 16:02:50.740 [OUT] 0022 inv=FFF5 len=14 #3 f5ff22009540c0fd52c4624a964f
2026-10-02 16:02:50.785 [OP] 4610 inv=FFFE len=1 #3 b7
2026-10-02 16:02:51.741 [OUT] 0022 inv=FFF5 len=14 #4 f5ff22009540c0fd52c4efd9bf8c
2026-10-02 16:02:51.785 [OP] 4610 inv=FFFE len=1 #4 99
2026-10-02 16:02:52.748 [OUT] 0022 inv=FFF5 len=14 #5 f5ff22009540c0fd52c41cd9d94e
2026-10-02 16:02:52.790 [OP] 4610 inv=FFFE len=1 #5 20
2026-10-02 16:02:57.879 [SYS] #ff0000#您已进入野外区域，可能遭遇玩家间的自由对战，请注意安全！#ffffff#
2026-10-02 16:03:01.468 [OP] 40A1 inv=FFEB len=20 #2 510bdcfa157d1f809464510bda6ef1531dca32df
2026-10-02 16:03:06.778 [OP] 40A1 inv=FFEB len=20 #3 510bdcfa307d1f809464510b6d25ed2b38795864
2026-10-02 16:03:11.309 [OP] 40A1 inv=FFEB len=20 #4 510bdcfa307d1f809464510b8d5bb12be88c5f64
2026-10-02 16:03:14.986 [OP] 40A1 inv=FFEB len=20 #5 510bdcfa307d1f809464510b7825f62b218c9edf
2026-10-02 16:03:26.257 [QUESTION] {"type":"question","sock":3052,"qno":3,"field_a":83,"stem":"气温、水、植物等对岩石的破坏现象叫做？","options":["1、风化","2、变形","3、自西向东","4、机械化"]}
2026-10-02 16:03:27.261 [UI] auto dump on question qno=3
2026-10-02 16:03:27.261 [UI] ---- window dump begin (pid 17852) ----
2026-10-02 16:03:27.577 [UI] TOP=00540FEC vis=0 cls=QBOvCls rc=(1008,390,1368,486) title=
2026-10-02 16:03:27.579 [UI] TOP=000D10A4 vis=1 cls=ATL:012FF210 rc=(445,194,1485,1001) title=什么什么大冒险2(①逍遥村敬老院)-先驱01_Sep 24 2026《什么什么大冒险》制作委员会QQ群:515616289
2026-10-02 16:03:27.580 [UI] TOP=01F20E06 vis=0 cls=DIEmWin rc=(-1,-1,135,38) title=DIEmWin
2026-10-02 16:03:27.978 [UI] TOP=01F9011C vis=0 cls=IME rc=(0,0,0,0) title=Default IME
2026-10-02 16:03:27.979 [UI] TOP=002008EE vis=0 cls=MSCTFIME UI rc=(0,0,0,0) title=MSCTFIME UI
2026-10-02 16:03:27.997 [UI] TOP=00720E76 vis=0 cls=IME rc=(0,0,0,0) title=Default IME
2026-10-02 16:03:27.997 [UI] TOP=0011098A vis=0 cls=IME rc=(0,0,0,0) title=Default IME
2026-10-02 16:03:27.997 [UI] ---- window dump end ----
2026-10-02 16:03:28.102 [SEND-ANSWER] qno=3 opt=0 ret=13 sock=3052
2026-10-02 16:03:28.150 [SYS] 测试通过！
2026-10-02 16:03:28.244 [SYS] 获得了#00FF00#100#FFF692#金币
2026-10-02 16:03:28.245 [CURRENCY] a=201783 b=123077
2026-10-02 16:03:29.904 [UI] auto-closing quiz frame: qno=3 opt=0
2026-10-02 16:03:31.124 [OUT] 1005 inv=FFEF len=20 #1 efff0510a498f8534dc75cdf580bdefaa32b1f80
2026-10-02 16:03:38.509 [SETTLE] exp=0 gold=201783 len=393
2026-10-02 16:04:31.250 [SETTLE] exp=0 gold=201783 len=393
2026-10-02 16:04:43.536 [SETTLE] exp=0 gold=201783 len=393
2026-10-02 16:04:52.121 [SETTLE] exp=0 gold=201783 len=393
2026-10-02 16:05:04.618 [SETTLE] exp=0 gold=201783 len=393
2026-10-02 16:05:13.251 [SETTLE] exp=0 gold=201783 len=393
2026-10-02 16:05:16.253 [OUT] 0178 inv=FFFB len=8 #1 fbff780157433f52
2026-10-02 16:05:16.310 [OP] 404D inv=FE9B len=356 #1 408052fa472bca807b81a552dcfaa32bf2805b64e31ddcfaf82bca80c4640e0b155a4e781f805b64920bdcfa42b41f809564580b8bfa232bc8d97b81510bdcfa082b1f808de7510b6ffaf82b34806b64b288dcfaf82bca804064fc0b8f0da32bca809564830b6ffa20b01f809564580b36faf82b62ec5b64580b6ffa312bca803047510b6ffaf82bf3809564c288dcfaf82bca80c0640e0b680da32bca809564
2026-10-02 16:05:20.925 [SETTLE] exp=0 gold=201783 len=393
2026-10-02 16:05:45.626 [SYS] #FFF692#交纳传送费用#00CCFF#50#FFF692#金币！
2026-10-02 16:05:45.721 [CURRENCY] a=201783 b=123027
2026-10-02 16:05:45.741 [OP] 4018 inv=FFF0 len=15 #2 437a7f51da3e22a3f0fdd51c6451d5
2026-10-02 16:05:50.153 [SYS] #FFF692#交纳传送费用#00CCFF#50#FFF692#金币！
2026-10-02 16:05:50.247 [CURRENCY] a=201783 b=122977
2026-10-02 16:05:50.247 [OP] 4018 inv=FFF0 len=15 #3 437a7f51da3e22a35aad44956451d5
2026-10-02 16:05:57.779 [SYS] #FFF692#交纳传送费用#00CCFF#50#FFF692#金币！
2026-10-02 16:05:57.872 [CURRENCY] a=201783 b=122927
2026-10-02 16:05:57.872 [OP] 4018 inv=FFF0 len=15 #4 437a7f51da3e22a3f0fdd51c6451d5
2026-10-02 16:06:52.615 [OP] 1014 inv=FFF2 len=13 #1 3767ce5b64510bdcfabd2b1f80
2026-10-02 16:06:52.700 [OP] 40F4 inv=FFF2 len=13 #1 6523d0dcfaa32b1f802264510b
2026-10-02 16:06:52.700 [SYS] 本地传送师已经认可你了，你可以从其他传送师那传送到这里！
2026-10-02 16:07:58.564 [SYS] 获得了#64FF7D#龙之都暂住申请表
2026-10-02 16:07:58.656 [OP] 40F1 inv=FFD5 len=42 #1 c6ecfc0b53faa32b1f805b64510bdcfab42b1f805b64510bdcfaa32bcaaa5bdf510bdcfaa32b1f805bf1
2026-10-02 16:07:58.656 [OP] 1014 inv=FFF2 len=13 #2 3767ce5be5510bdcfaa32b1f80
2026-10-02 16:07:58.656 [OP] 40F4 inv=FFF2 len=13 #2 6523d0dc74a32b1f805b64510b
2026-10-02 16:07:58.657 [OP] 1014 inv=FFF2 len=13 #3 3767ce5be5510bdcc4a32b1f80
2026-10-02 16:07:58.657 [OP] 40F4 inv=FFF2 len=13 #3 6523d0dc74a32b1faa5b64510b
2026-10-02 16:07:58.657 [OP] 1014 inv=FFF2 len=13 #4 3767ce5be5510bdce8a32b1f80
2026-10-02 16:07:58.657 [OP] 40F4 inv=FFF2 len=13 #4 6523d0dc74a32b1fc75b64510b
2026-10-02 16:07:58.657 [OP] 1014 inv=FFF2 len=13 #5 3767ce5be5510bdc22a32b1f80
2026-10-02 16:07:58.657 [OP] 40F4 inv=FFF2 len=13 #5 6523d0dc74a32b1fce5b64510b
2026-10-02 16:07:58.657 [SYS] 接受了任务：#00CCFF#获得居住资格
#00FF00#到龙之都南门，找卫队长大个王，请他在暂住证申请表上盖章
2026-10-02 16:08:18.556 [OP] 40C0 inv=FFF5 len=10 #2 e45dad800d64580b7c11
2026-10-02 16:08:26.515 [OUT] 0056 inv=FFFB len=8 #1 fbff5600dcfaa32b
2026-10-02 16:08:31.431 [OUT] 005A inv=FFFB len=8 #1 fbff5a005c453691
2026-10-02 16:08:31.505 [OP] 404A inv=FFEB len=20 #1 d70e392bca809564021ddcfaf82bca800d64fc0b
2026-10-02 16:08:32.032 [OUT] 005B inv=FFFA len=9 #1 faff5b00b4afc77f2b
2026-10-02 16:08:32.107 [OP] 404B inv=FFE7 len=24 #1 d70e392b1faa956417b5dcfaa32b1f809564510b6fb0a32b
2026-10-02 16:08:32.836 [OUT] 0177 inv=FFF9 len=10 #1 f9ff77013064510b52e8
2026-10-02 16:08:32.906 [OP] 404D inv=FFDF len=32 #2 d70e392bcaaa9564a552155aa32b1f80c464510be9a7a32bca809564580b90fa
2026-10-02 16:08:33.580 [OUT] 0177 inv=FFF9 len=10 #2 f9ff77013064510b8b5b
2026-10-02 16:08:33.714 [OP] 404D inv=FFDF len=32 #3 d70e392bcaaa9564a552155aa32b1f801c64510bcea7a32bca809564510bc6fa
2026-10-02 16:08:36.005 [OUT] 0177 inv=FFF9 len=10 #3 f9ff77013064510b8fc2
2026-10-02 16:08:36.118 [OP] 404D inv=FFDF len=32 #4 d70e392bcaaa9564a552155aa32b1f800d64510b91a7a32bca8095640e0ba7fa
2026-10-02 16:08:37.235 [OUT] 0178 inv=FFFB len=8 #2 fbff780157433f52
2026-10-02 16:08:37.325 [OP] 404D inv=FEB3 len=332 #5 e45dad807364580b6a0da32bca8095640b0b6ffafdb01f809564580b52fa392be8ec5b64580b6ffa232bca800d47510b6ffaf82b9d809564c288dcfaf82bca805c640e0be60da32bca809564fd0b6ffa97b01f809564580bfafaf82bd5475b64580b6ffab42bca80fbb6510b6ffaf82b8a80c064242adcfaf82bca802764580b128ca32bca8095642d0b6ffa18381f809564580ba9faf82bcc8a5b64580b6ffa
2026-10-02 16:08:45.330 [OUT] 0049 inv=FFEC len=23 #1 ecff49002b1f805b64510bdc5a4e78c8805b64510b54c4
2026-10-02 16:08:45.381 [SYS] 职业不匹配
2026-10-02 16:08:47.096 [OUT] 0049 inv=FFEC len=23 #2 ecff49002b1f805b64510bdc5a4e78c8805b64510ba9c4
2026-10-02 16:08:47.144 [SYS] 职业不匹配
2026-10-02 16:08:48.363 [OUT] 0178 inv=FFFB len=8 #3 fbff780157433f52
2026-10-02 16:08:50.483 [OUT] 0046 inv=FFF7 len=12 #1 f7ff4600a32b1f80c464510b
2026-10-02 16:08:50.516 [OUT] 0046 inv=FFF7 len=12 #2 f7ff4600a32b1f809464510b
2026-10-02 16:08:50.576 [OP] 4026 inv=FFC5 len=58 #1 fc08b293fb2bca725b8dd580dcc45b2b3860ba645861dc100d081faaec64626da7faf82c1faeba9851ece2fae806a88095a251508fbaa353d680
2026-10-02 16:08:50.672 [OP] 4026 inv=FFC7 len=56 #2 905be8a359065f8a080b6fb0a3a59fa16b645861dc1017531faaec64628bd9faf82c1fae9b5151ece2fae8061a8095a25150fa30a353d680
2026-10-02 16:09:00.571 [OUT] 0049 inv=FFEC len=23 #3 ecff49002b1f805b64510bdc5a4e78c8805b64510bc6c4
2026-10-02 16:09:00.621 [OP] 4230 inv=FF1F len=224 #1 c687c4649475dcfaa32b1f805b64510b8dc4a32b49875b64510bdcfa8f2b1f805b64510b00faa32b1f805b64390bdcfaa32b1f803964510bdcfaa32b1f805b64510bdcfaa32b1f805b64510b07faa32bb2ce5b645ed5dcfaf82b1f800d64510b36faa32bf3805b642d0bdcfa202b1f805b64510bdcfaa32b1f805b64510bdcfaa32b1f805b64510bdcfaa32b59805b64fc0bdcfa202b1f800d64510b8ffaa32b
2026-10-02 16:09:00.712 [OP] 4722 inv=FFEC len=19 #1 3767ce5b6523d0dc5a4e78c80af664510bc6c4
2026-10-02 16:09:01.635 [OUT] 0178 inv=FFFB len=8 #4 fbff780157433f52
2026-10-02 16:09:30.387 [OP] 40CA inv=FD23 len=732 #1 c687c464fc0bdcfa222b1f80f764510bdcfaa32bb1805b64290bdcfab42b1f805b64510bdcfaa32b1f805b64510bdcfaa32bca80f764510bdcfaa32ba8805b64acecdcfab42b1f805b64510bdcfaa32b1f805b64510bdcfaa32bca80f764510bdcfaa32bb1805b6457ecdcfab42b1f805b64510bdcfaa32b1f805b64510bdcfaa32bca805a64510bdcfaa32b0daa5b6452ecdcfa5f2b1f805b64510bdcfaa32b
2026-10-02 16:09:38.913 [OUT] 006E inv=FFF1 len=18 #1 f1ff6e00ecfbf4ec52faa32b9faa5b64580b
2026-10-02 16:09:39.018 [OP] 40CB inv=FFD2 len=45 #1 44d8de1f18956451b86ffaa32b1f805bf77c0bdcf0a32b1f805b64510bdcfaa32b1f805b64510bdcfaa32bca80
2026-10-02 16:09:39.636 [OUT] 006E inv=FFF1 len=18 #2 f1ff6e00ecfbf4ec52faa32b9faa5b640e0b
2026-10-02 16:09:39.741 [OP] 40CB inv=FFD2 len=45 #2 44d8de1f189564517b52faa32b1f805b75fa0bdc3da32b1f805b64510bdcfaa32b1f805b64510bdcfaa32b5980
2026-10-02 16:09:40.281 [OUT] 006E inv=FFF1 len=18 #3 f1ff6e00ecfbf4ec52faa32b9faa5b64fc0b
2026-10-02 16:09:40.391 [OP] 40CB inv=FFD2 len=45 #3 44d8de1f189564510bdcfaa372ca805b64510bdc1b392b1f805b64517b6ffaa32b1f805b4b080bdc22a32badaa
2026-10-02 16:09:40.980 [OUT] 006E inv=FFF1 len=18 #4 f1ff6e00ecfbf4ec52faa32bacaa5b64580b
2026-10-02 16:09:41.084 [OP] 40CB inv=FFD2 len=45 #4 44d8de1f5095645147fa22a393ca805ba449d0dcc4202b1f80c30f0b7b6ffaa32b1f805b4b080bdc22a32bcaaa
2026-10-02 16:09:43.794 [OUT] 006E inv=FFF1 len=18 #5 f1ff6e00ecfbf4ec52faa32babaa5b64580b
2026-10-02 16:09:43.908 [OP] 40CB inv=FFD2 len=45 #5 44d8de1fd49564510bdcfaa372ca805b64510bdc1b392b1f805b64517b6ffaa32b1f805b4b080bdc22a32bcaaa
2026-10-02 16:10:17.791 [OUT] 006F inv=FFFB len=8 #1 fbff6f00dcfaa32b
2026-10-02 16:10:19.204 [OP] 40CA inv=FF03 len=252 #2 d70e392b34805b640b0b6ffab42b1f805b64510ba7faa32b45805b64580bdcfaa32b1f805b64510bdcfaa32b1f805b64510b6ffab42b1f805b64510ba7faa32b9e805b64580bdcfaa32b1f805b64510bdcfaa32b1f805b64510b6ffafb2b1f805b64510bfbfaa32be0805b64af0bdcfaa32b1f805b64510bdcfaa32b1f805b64510b90fab42b1f805b64510ba7faa32b5a805b64580bdcfaa32b1f805b64510b
2026-10-02 16:10:37.301 [OUT] 006F inv=FFFB len=8 #2 fbff6f00dcfaa32b
2026-10-02 16:10:44.925 [OUT] 0046 inv=FFF7 len=12 #3 f7ff4600a32b1f805b64510b
2026-10-02 16:10:45.040 [OP] 4026 inv=FFE7 len=24 #3 a3de3832c4df51ece2fae80cca8095a251505422a353d680
2026-10-02 16:10:46.827 [OUT] 0046 inv=FFF7 len=12 #4 f7ff4600a32b1f80dc64510b
2026-10-02 16:10:46.909 [OP] 4026 inv=FFEA len=21 #4 4e948d4ad06ffaf82c1faec2f83ed4c1bfa353d680
2026-10-02 16:10:48.294 [OUT] 0048 inv=FFF7 len=12 #1 f7ff480003c47393ca809564
2026-10-02 16:10:48.492 [OP] 4721 inv=FFF7 len=8 #1 d70e392bca809564
2026-10-02 16:10:48.492 [OP] 401E inv=FFAD len=82 #4 e45dad80c6ecfc0b52faa32b1f805b64a552155a4e78c8d9dffc510badb3a32bc8d97b81a552155a1c461f801793510b8631a32b88765b64a552155a4e78c8d97b81a552dcfaa32b1f805b64510bdcfaa32b
2026-10-02 16:10:48.752 [OUT] 0046 inv=FFF7 len=12 #5 f7ff4600a32b1f80c364510b
2026-10-02 16:10:48.924 [OP] 4026 inv=FFC5 len=58 #5 8308b293d82bca725b8dd5b2dcc45b2b38607a645861dc100d5d1faaec64626d8ffaf82c1faebad451ece2fae806b38095a251508fdca353d680
2026-10-02 16:10:51.051 [OUT] 0048 inv=FFF7 len=12 #2 f7ff480003c47393ca8c9564
2026-10-02 16:10:51.163 [OP] 4721 inv=FFF7 len=8 #2 d70e392bca8c9564
2026-10-02 16:10:51.164 [OP] 401E inv=FFAD len=82 #5 e45dad80c6ecfc0b52faa32b1f805b64a552155a4e78c8d9dffc510badb3a32bc8d97b81a552155a1c461f801793510b155a4e7888765b64a552155a4e78c8d97b81a552dcfaa32b1f805b64510bdcfaa32b
2026-10-02 16:10:53.674 [OUT] 0048 inv=FFF7 len=12 #3 f7ff480003c47393ca4f9564
2026-10-02 16:10:53.785 [OP] 4721 inv=FFF7 len=8 #3 d70e392bca4f9564
2026-10-02 16:10:59.731 [OUT] 0047 inv=FFF3 len=16 #1 f3ff4700a32b1f809564510b90654e78
2026-10-02 16:10:59.910 [OP] 4720 inv=FFF3 len=12 #1 e45dad809564510b9065f82b
2026-10-02 16:11:00.840 [OUT] 0047 inv=FFF3 len=16 #2 f3ff4700a32b1f809564510b52964e78
2026-10-02 16:11:01.010 [OP] 4720 inv=FFF3 len=12 #2 e45dad809564510b5296f82b
2026-10-02 16:11:03.431 [OUT] 0047 inv=FFF3 len=16 #3 f3ff4700a32b1f809564510b6a084e78
2026-10-02 16:11:03.642 [OP] 4720 inv=FFF3 len=12 #3 e45dad809564510b6a08f82b
2026-10-02 16:11:12.823 [OUT] 0047 inv=FFF3 len=16 #4 f3ff4700e81dcf125bdf510b7f5a4e78
2026-10-02 16:11:12.932 [OP] 4720 inv=FFF3 len=12 #4 e45dad805bdf510b7f5bf82b
2026-10-02 16:11:13.404 [OUT] 0047 inv=FFF3 len=16 #5 f3ff4700e81dcf125bdf510bcf5a4e78
2026-10-02 16:11:13.513 [OP] 4720 inv=FFF3 len=12 #5 e45dad805bdf510bcf22f82b
2026-10-02 16:11:16.819 [OUT] 0178 inv=FFFB len=8 #5 fbff780157433f52
2026-10-02 16:11:48.173 [SYS] #ff0000#您已进入野外区域，可能遭遇玩家间的自由对战，请注意安全！#ffffff#
2026-10-02 16:12:05.998 [SETTLE] exp=0 gold=201783 len=393
2026-10-02 16:12:21.492 [SETTLE] exp=0 gold=201783 len=393
2026-10-02 16:12:37.044 [SETTLE] exp=0 gold=201783 len=393
2026-10-02 16:12:40.902 [OUT] 1F01 inv=FF87 len=124 #1 87ff011f6c314fc53e6a6fe94bb92da2fc6ce26ae1e957b9f2a24f6c3e6a6fe94bb92da2fc6ce26ae1e957b9f2a24f6c3e6a6fe94bb92da2fc6ce26ae1e957b9f2a24f6c3e6a6fe94bb92da2fc6ce26ae1e957b9f2a24f6c3e6a6fe94bb92da2fc6ce26ae1e957b9f2a24f6c3e6a6fe94bb92da2fc6ce26ae1e957b9
2026-10-02 16:12:41.695 [SYS] #ff0000#您已进入野外区域，可能遭遇玩家间的自由对战，请注意安全！#ffffff#
2026-10-02 16:12:49.118 [OP] 40A2 inv=FFF3 len=12 #2 dcfaa32bca805b64de80dcfa
2026-10-02 16:12:53.167 [OUT] 1F01 inv=FF87 len=124 #2 87ff011f6c314fc5413b6fe94bb92da2fc6ce26ae1e957b9f2a24f6c3e6a6fe94bb92da2fc6ce26ae1e957b9f2a24f6c3e6a6fe94bb92da2fc6ce26ae1e957b9f2a24f6c3e6a6fe94bb92da2fc6ce26ae1e957b9f2a24f6c3e6a6fe94bb92da2fc6ce26ae1e957b9f2a24f6c3e6a6fe94bb92da2fc6ce26ae1e957b9
2026-10-02 16:13:04.217 [OUT] 1F01 inv=FF87 len=124 #3 87ff011f6c314fc5413b6fe90c432d44fc6ce26ae1e957b9f2a24f6c3e6a6fe94bb92da2fc6ce26ae1e957b9f2a24f6c3e6a6fe94bb92da2fc6ce26ae1e957b9f2a24f6c3e6a6fe94bb92da2fc6ce26ae1e957b9f2a24f6c3e6a6fe94bb92da2fc6ce26ae1e957b9f2a24f6c3e6a6fe94bb92da2fc6ce26ae1e957b9
2026-10-02 16:13:28.233 [SETTLE] exp=0 gold=201783 len=393
2026-10-02 16:13:53.975 [SETTLE] exp=0 gold=201783 len=393
2026-10-02 16:13:59.026 [OP] 40A2 inv=FFF3 len=12 #3 dcfaa32bca805b646880dcfa
2026-10-02 16:14:07.180 [SETTLE] exp=0 gold=201783 len=393
2026-10-02 16:14:23.583 [SETTLE] exp=0 gold=201783 len=393
2026-10-02 16:14:24.253 [OP] 40A2 inv=FFF3 len=12 #4 dcfaa32bca805b64de80dcfa
2026-10-02 16:14:38.984 [SETTLE] exp=0 gold=201783 len=393
2026-10-02 16:14:49.744 [SETTLE] exp=0 gold=201783 len=393
2026-10-02 16:15:16.006 [SYS] 本地传送师已经认可你了，你可以从其他传送师那传送到这里！
2026-10-02 16:15:30.841 [OP] 40C0 inv=FFF5 len=10 #3 e45dad807364580b8ddb
2026-10-02 16:15:33.928 [OUT] 0056 inv=FFFB len=8 #2 fbff5600dcfaa32b
2026-10-02 16:15:35.436 [OP] 40C0 inv=FD75 len=650 #4 e45dad803b6451b252c465671f809564580b78faa32b1f805b6426a9e8f6a32b1f805b64510bdcfaa32b1f805b64510bdcfaa32bca805bdfbcef61b0a32b1f805b64250bdcfaf82c59130627510b6ffaf82bac805b64510bdcfade75c4ea5b64510bdcfaa32b1f805b64510bdcfaa32b1f809564580bdcc409a336725b64510bdcfa55531f8095a2580b67b8a32bca8095640a0bdcfaa32b1f80781ba78ddcfa
2026-10-02 16:16:12.909 [OUT] 0055 inv=FFEF len=20 #2 efff55001f805b642108dcfadb2b1f805b04fc8a
2026-10-02 16:16:12.962 [OP] 40C1 inv=FFF2 len=13 #2 3767ce5b64510bdcfaa32b1f80
2026-10-02 16:16:13.048 [CURRENCY] a=201783 b=82221
2026-10-02 16:16:27.395 [SYS] #ff0000#您已进入野外区域，可能遭遇玩家间的自由对战，请注意安全！#ffffff#
2026-10-02 16:16:29.511 [OUT] 1F01 inv=FF87 len=124 #4 87ff011f6c314fc5413b6fe90c432d44cff5e2d4e1e957b9f2a24f6c3e6a6fe94bb92da2fc6ce26ae1e957b9f2a24f6c3e6a6fe94bb92da2fc6ce26ae1e957b9f2a24f6c3e6a6fe94bb92da2fc6ce26ae1e957b9f2a24f6c3e6a6fe94bb92da2fc6ce26ae1e957b9f2a24f6c3e6a6fe94bb92da2fc6ce26ae1e957b9
2026-10-02 16:16:49.949 [SETTLE] exp=0 gold=201783 len=393
2026-10-02 16:17:09.487 [SETTLE] exp=0 gold=201783 len=393
2026-10-02 16:17:27.832 [SETTLE] exp=0 gold=201783 len=393
2026-10-02 16:17:41.258 [SETTLE] exp=0 gold=201783 len=393
2026-10-02 16:17:56.407 [SETTLE] exp=0 gold=201783 len=393
2026-10-02 16:17:58.045 [SYS] #ff0000#您已进入野外区域，可能遭遇玩家间的自由对战，请注意安全！#ffffff#
2026-10-02 16:18:03.550 [SYS] 本地传送师已经认可你了，你可以从其他传送师那传送到这里！
2026-10-02 16:18:34.339 [SETTLE] exp=0 gold=201783 len=393
2026-10-02 16:18:35.650 [SYS] #ff0000#您已进入野外区域，可能遭遇玩家间的自由对战，请注意安全！#ffffff#
2026-10-02 16:18:59.554 [OUT] 0036 inv=FFF7 len=12 #1 f7ff3600c0b3dcfaa63bad80
2026-10-02 16:19:40.545 [OP] 4704 inv=FFDE len=33 #2 da3e22a3b3f3ce5ba0510bdcc5a32b1f3cc83369938cc5a32b1f805b64510bdcfa
2026-10-02 16:19:40.563 [OUT] 0031 inv=FFCE len=53 #2 ceff31008a4ec66fb4b4de1fc84dec5881ba3efd6dc7fc95d976806fd48044878edfd6b28507d90e6c9f805b64510bdcfaa32b1f80
2026-10-02 16:20:10.747 [SETTLE] exp=6110 gold=201783 len=393
2026-10-02 16:20:17.973 [OUT] 1005 inv=FFEF len=20 #2 efff0510fc10ffad705a40dffc0b71c4a32b1f80
2026-10-02 16:20:35.500 [SETTLE] exp=5690 gold=201783 len=393
2026-10-02 16:20:43.414 [OUT] 1005 inv=FFEF len=20 #3 efff0510fc10ffad705a40dffc0b71c4a32b1f80
2026-10-02 16:21:04.225 [SETTLE] exp=-24258 gold=201783 len=393
2026-10-02 16:21:04.226 [OP] 4707 inv=FFF3 len=12 #2 e45dad80c6ecfc0b17faa32b
2026-10-02 16:21:16.412 [SYS] #FFF692#交纳传送费用#00CCFF#1370#FFF692#金币！
2026-10-02 16:21:16.508 [CURRENCY] a=201783 b=80851
2026-10-02 16:21:27.838 [SYS] #FFF692#交纳传送费用#00CCFF#1810#FFF692#金币！
2026-10-02 16:21:27.892 [SYS] #ff0000#您已进入野外区域，可能遭遇玩家间的自由对战，请注意安全！#ffffff#
2026-10-02 16:21:27.892 [CURRENCY] a=201783 b=80411
2026-10-02 16:21:47.071 [SETTLE] exp=0 gold=201783 len=393
2026-10-02 16:21:50.349 [OP] 40A2 inv=FFF3 len=12 #5 dcfaa32bca805b640bf8dcfa
2026-10-02 16:21:51.376 [OUT] 0036 inv=FFF7 len=12 #2 f7ff3600db7fdcfaa63bad80
2026-10-02 16:21:55.439 [SYS] #ff0000#您已进入野外区域，可能遭遇玩家间的自由对战，请注意安全！#ffffff#
2026-10-02 16:22:13.054 [OUT] 1005 inv=FFEF len=20 #4 efff051058fcb8534dd140df0b0bdafaa32b1f80
2026-10-02 16:22:19.175 [OUT] 1005 inv=FFEF len=20 #5 efff0510fdcfffad70d140dffc0b41c4a32b1f80
2026-10-02 16:22:36.290 [SETTLE] exp=6998 gold=201783 len=393
2026-10-02 16:23:05.927 [SETTLE] exp=7230 gold=201783 len=393
2026-10-02 16:23:31.986 [SETTLE] exp=5686 gold=201783 len=393
2026-10-02 16:24:03.601 [SETTLE] exp=6998 gold=201783 len=403
2026-10-02 16:24:36.528 [SETTLE] exp=7226 gold=201783 len=393
2026-10-02 16:25:03.328 [SETTLE] exp=6110 gold=201783 len=393
2026-10-02 16:25:25.606 [SETTLE] exp=6364 gold=201783 len=403
2026-10-02 16:25:54.445 [SETTLE] exp=7860 gold=201783 len=403
2026-10-02 16:26:28.124 [SETTLE] exp=7860 gold=201783 len=393
2026-10-02 16:26:51.708 [SETTLE] exp=6428 gold=201783 len=393
2026-10-02 16:27:12.818 [SETTLE] exp=6300 gold=201783 len=393
2026-10-02 16:27:41.742 [SETTLE] exp=8050 gold=201783 len=393
2026-10-02 16:28:15.257 [SETTLE] exp=8246 gold=201783 len=393
2026-10-02 16:29:02.942 [SETTLE] exp=8114 gold=201783 len=403
2026-10-02 16:29:29.878 [OP] 4114 inv=FFEF len=16 #2 c687c4647b98dcfa43ff1f802764510b
2026-10-02 16:29:29.878 [OP] 4114 inv=FFEF len=16 #3 c687c4647b98dcfae8931f805764510b
2026-10-02 16:29:29.878 [OP] 4114 inv=FFEF len=16 #4 c687c4647b98dcfa9b931f80a1f8510b
2026-10-02 16:29:29.878 [OP] 4114 inv=FFEF len=16 #5 c687c4647b98dcfa804a1f80d064510b
2026-10-02 16:29:50.954 [SETTLE] exp=8312 gold=201783 len=403
2026-10-02 16:30:21.973 [SETTLE] exp=6756 gold=201783 len=403
2026-10-02 16:31:05.507 [SETTLE] exp=8050 gold=201783 len=403
2026-10-02 16:31:35.912 [SETTLE] exp=7986 gold=201783 len=393
2026-10-02 16:32:03.527 [SETTLE] exp=6428 gold=201783 len=393
2026-10-02 16:32:30.694 [SETTLE] exp=6364 gold=201783 len=393
2026-10-02 16:32:56.125 [SETTLE] exp=7860 gold=201783 len=393
2026-10-02 16:33:26.393 [SETTLE] exp=5744 gold=201783 len=393
2026-10-02 16:34:04.160 [SETTLE] exp=7058 gold=201783 len=403
2026-10-02 16:34:32.178 [SETTLE] exp=5574 gold=201783 len=393
2026-10-02 16:35:05.578 [SETTLE] exp=5574 gold=201783 len=393
2026-10-02 16:35:34.857 [SETTLE] exp=6236 gold=201783 len=393
2026-10-02 16:36:02.719 [SETTLE] exp=6174 gold=201783 len=393
2026-10-02 16:36:24.182 [QUESTION] {"type":"question","sock":3052,"qno":14,"field_a":103,"stem":"当发现有人触电后，抢救他的正确方法是？","options":["1、找个能插的电源","2、给手机充电","3、切断电源","4、也一起触电"]}
2026-10-02 16:36:25.188 [UI] auto dump on question qno=14
2026-10-02 16:36:25.194 [UI] ---- window dump begin (pid 17852) ----
2026-10-02 16:36:25.401 [UI] TOP=00540FEC vis=0 cls=QBOvCls rc=(1008,390,1368,486) title=
2026-10-02 16:36:25.422 [UI] TOP=000D10A4 vis=1 cls=ATL:012FF210 rc=(445,194,1485,1001) title=什么什么大冒险2(①逍遥村敬老院)-先驱01_Sep 24 2026《什么什么大冒险》制作委员会QQ群:515616289
2026-10-02 16:36:25.423 [UI] TOP=01F20E06 vis=0 cls=DIEmWin rc=(-1,-1,135,38) title=DIEmWin
2026-10-02 16:36:25.806 [UI] TOP=01F9011C vis=0 cls=IME rc=(0,0,0,0) title=Default IME
2026-10-02 16:36:25.826 [UI] TOP=002008EE vis=0 cls=MSCTFIME UI rc=(0,0,0,0) title=MSCTFIME UI
2026-10-02 16:36:25.833 [UI] TOP=00720E76 vis=0 cls=IME rc=(0,0,0,0) title=Default IME
2026-10-02 16:36:25.833 [UI] TOP=0011098A vis=0 cls=IME rc=(0,0,0,0) title=Default IME
2026-10-02 16:36:25.833 [UI] ---- window dump end ----
2026-10-02 16:36:27.347 [SETTLE] exp=6300 gold=201783 len=393
2026-10-02 16:36:29.245 [SEND-ANSWER] qno=14 opt=2 ret=13 sock=3052
2026-10-02 16:36:29.289 [SYS] 测试通过！
2026-10-02 16:36:29.374 [SYS] 获得了#00FF00#100#FFF692#金币
2026-10-02 16:36:29.374 [CURRENCY] a=201783 b=82321
2026-10-02 16:36:31.053 [UI] auto-closing quiz frame: qno=14 opt=2
2026-10-02 16:36:31.055 [UI] option 2 control NOT found — falling back to digit key
2026-10-02 16:36:56.893 [SETTLE] exp=7922 gold=201783 len=393
2026-10-02 16:37:29.341 [SETTLE] exp=7922 gold=201783 len=403
2026-10-02 16:37:58.879 [SETTLE] exp=8050 gold=201783 len=393
2026-10-02 16:38:28.906 [SETTLE] exp=6428 gold=201783 len=403
2026-10-02 16:39:06.917 [SETTLE] exp=8246 gold=201783 len=393
2026-10-02 16:40:02.165 [SETTLE] exp=8378 gold=201783 len=393
2026-10-02 16:40:29.890 [SETTLE] exp=8180 gold=201783 len=393
2026-10-02 16:41:15.280 [SETTLE] exp=8180 gold=201783 len=393
2026-10-02 16:41:44.309 [SETTLE] exp=8114 gold=201783 len=393
2026-10-02 16:42:16.746 [SETTLE] exp=6492 gold=201783 len=393
2026-10-02 16:42:40.528 [SETTLE] exp=6236 gold=201783 len=393
2026-10-02 16:43:02.273 [SETTLE] exp=6364 gold=201783 len=393
2026-10-02 16:43:32.947 [SETTLE] exp=6364 gold=201783 len=393
2026-10-02 16:43:58.210 [SETTLE] exp=6300 gold=201783 len=393
2026-10-02 16:44:34.096 [SETTLE] exp=7112 gold=201783 len=393
2026-10-02 16:45:09.563 [SETTLE] exp=7166 gold=201783 len=393
2026-10-02 16:45:47.767 [SETTLE] exp=5574 gold=201783 len=393
2026-10-02 16:46:10.520 [SETTLE] exp=6174 gold=201783 len=393
2026-10-02 16:46:40.109 [SETTLE] exp=6428 gold=201783 len=403
2026-10-02 16:47:07.993 [SETTLE] exp=7860 gold=201783 len=393
2026-10-02 16:47:36.390 [SETTLE] exp=6364 gold=201783 len=393
2026-10-02 16:48:08.128 [SETTLE] exp=7986 gold=201783 len=403
2026-10-02 16:48:38.730 [SETTLE] exp=7986 gold=201783 len=393
2026-10-02 16:49:00.977 [SETTLE] exp=6428 gold=201783 len=393
2026-10-02 16:49:44.521 [SETTLE] exp=8312 gold=201783 len=393
2026-10-02 16:50:22.701 [SETTLE] exp=6624 gold=201783 len=393
2026-10-02 16:50:59.689 [SETTLE] exp=6558 gold=201783 len=403
2026-10-02 16:51:39.866 [SETTLE] exp=6558 gold=201783 len=393
2026-10-02 16:52:07.161 [SETTLE] exp=7986 gold=201783 len=393
2026-10-02 16:52:49.629 [SETTLE] exp=8050 gold=201783 len=393
2026-10-02 16:53:19.393 [SETTLE] exp=8114 gold=201783 len=393
2026-10-02 16:53:54.182 [SETTLE] exp=7860 gold=201783 len=393
2026-10-02 16:54:17.555 [SETTLE] exp=7922 gold=201783 len=393
2026-10-02 16:54:38.963 [SETTLE] exp=6236 gold=201783 len=393
2026-10-02 16:55:09.684 [SETTLE] exp=7670 gold=201783 len=393
2026-10-02 16:55:44.744 [SETTLE] exp=5744 gold=201783 len=393
2026-10-02 16:56:18.142 [SETTLE] exp=7170 gold=201783 len=393
2026-10-02 16:56:52.838 [SETTLE] exp=7112 gold=201783 len=393
2026-10-02 16:57:23.260 [SETTLE] exp=7670 gold=201783 len=393
2026-10-02 16:57:47.967 [SETTLE] exp=7226 gold=201783 len=393
2026-10-02 16:58:10.543 [SETTLE] exp=7796 gold=201783 len=393
2026-10-02 16:58:33.336 [SETTLE] exp=6236 gold=201783 len=393
2026-10-02 16:58:55.260 [SETTLE] exp=6300 gold=201783 len=393
2026-10-02 16:59:26.197 [SETTLE] exp=6492 gold=201783 len=393
2026-10-02 16:59:55.734 [SETTLE] exp=7986 gold=201783 len=393
2026-10-02 17:00:21.789 [SETTLE] exp=6364 gold=201783 len=393
2026-10-02 17:00:21.881 [OP] 40E6 inv=FFF3 len=12 #3 e45dad809cb0510bdcfaa32b
2026-10-02 17:00:21.881 [OP] 4233 inv=FFFA len=5 #3 437a7f510b
2026-10-02 17:00:21.881 [OP] 40F6 inv=FFEF len=16 #3 e45dad805772510bdcfaa32b1f80c364
2026-10-02 17:00:42.573 [SETTLE] exp=7524 gold=201783 len=393
2026-10-02 17:01:16.191 [SETTLE] exp=6632 gold=201783 len=393
2026-10-02 17:01:16.282 [OP] 4707 inv=FFF3 len=12 #3 e45dad80a0ecfc0b17faa32b
2026-10-02 17:01:44.396 [SETTLE] exp=4826 gold=201783 len=393
2026-10-02 17:02:14.390 [SETTLE] exp=6502 gold=201783 len=403
2026-10-02 17:02:49.262 [SETTLE] exp=6436 gold=201783 len=393
2026-10-02 17:03:15.222 [SETTLE] exp=4826 gold=201783 len=393
2026-10-02 17:03:42.068 [SETTLE] exp=4826 gold=201783 len=393
2026-10-02 17:04:02.379 [SETTLE] exp=5872 gold=201783 len=403
2026-10-02 17:04:21.534 [SETTLE] exp=4406 gold=201783 len=393
2026-10-02 17:04:21.628 [OP] 4235 inv=FFFA len=5 #4 3767ce5b64
2026-10-02 17:04:45.364 [SETTLE] exp=4464 gold=201783 len=393
2026-10-02 17:05:11.815 [SETTLE] exp=5814 gold=201783 len=393
2026-10-02 17:05:33.478 [SETTLE] exp=5814 gold=201783 len=403
2026-10-02 17:06:00.736 [SETTLE] exp=5344 gold=201783 len=393
2026-10-02 17:06:26.400 [SETTLE] exp=5344 gold=201783 len=423
2026-10-02 17:06:56.642 [SETTLE] exp=5234 gold=201783 len=393
2026-10-02 17:07:18.968 [SETTLE] exp=4344 gold=201783 len=393
2026-10-02 17:07:41.603 [SETTLE] exp=5932 gold=201783 len=403
2026-10-02 17:08:04.848 [SETTLE] exp=4464 gold=201783 len=393
2026-10-02 17:08:30.328 [SETTLE] exp=4406 gold=201783 len=393
2026-10-02 17:08:57.011 [SETTLE] exp=4826 gold=201783 len=393
2026-10-02 17:09:18.818 [SETTLE] exp=4764 gold=201783 len=403
2026-10-02 17:10:03.235 [SETTLE] exp=-27356 gold=201783 len=393
2026-10-02 17:10:03.301 [OP] 4707 inv=FFF3 len=12 #4 e45dad80c6ecfc0b17faa32b
2026-10-02 18:01:05.356 [OP] 4708 inv=FFF3 len=12 #2 1c8c0e0b8f01db2b0f805b64
2026-10-02 18:01:31.435 [OP] 4708 inv=FFF3 len=12 #3 0d8c0e0be601db2b0f805b64
2026-10-02 18:01:48.602 [OP] 4708 inv=FFF3 len=12 #4 408c0e0b6a01db2b2f805b64
2026-10-02 18:02:13.894 [OP] 4708 inv=FFF3 len=12 #5 c38c0e0b0a01db2b0f805b64
2026-10-02 18:04:56.610 [OP] 40C0 inv=FFF5 len=10 #5 e45dad80dc64580b6591
2026-10-02 18:04:59.188 [OUT] 0055 inv=FFEF len=20 #3 efff55005b03d119bdecdcfadb531f805edf63ec
2026-10-02 18:04:59.242 [OP] 40C1 inv=FFF2 len=13 #3 3767ce5b64510bdcfaa32b1f80
2026-10-02 18:04:59.326 [CURRENCY] a=201783 b=83761
2026-10-02 18:04:59.512 [QUESTION] {"type":"question","sock":3052,"qno":14,"field_a":103,"stem":"当发现有人触电后，抢救他的正确方法是？","options":["1、找个能插的电源","2、给手机充电","3、切断电源","4、也一起触电"]}
2026-10-02 18:05:00.514 [UI] auto dump on question qno=14
2026-10-02 18:05:00.514 [UI] ---- window dump begin (pid 17852) ----
2026-10-02 18:05:00.589 [SYS] 测试通过！
2026-10-02 18:05:00.682 [SYS] 获得了#00FF00#100#FFF692#金币
2026-10-02 18:05:00.683 [CURRENCY] a=201783 b=83861
2026-10-02 18:05:00.913 [UI] TOP=00540FEC vis=0 cls=QBOvCls rc=(1008,390,1368,486) title=
2026-10-02 18:05:00.926 [UI] TOP=000D10A4 vis=1 cls=ATL:012FF210 rc=(668,23,1708,830) title=什么什么大冒险2(①逍遥村敬老院)-先驱01_Sep 24 2026《什么什么大冒险》制作委员会QQ群:515616289
2026-10-02 18:05:00.928 [UI] TOP=01F20E06 vis=0 cls=DIEmWin rc=(-1,-1,135,38) title=DIEmWin
2026-10-02 18:05:01.324 [UI] TOP=01F9011C vis=0 cls=IME rc=(0,0,0,0) title=Default IME
2026-10-02 18:05:01.333 [UI] TOP=002008EE vis=0 cls=MSCTFIME UI rc=(0,0,0,0) title=MSCTFIME UI
2026-10-02 18:05:01.341 [UI] TOP=00720E76 vis=0 cls=IME rc=(0,0,0,0) title=Default IME
2026-10-02 18:05:01.343 [UI] TOP=0011098A vis=0 cls=IME rc=(0,0,0,0) title=Default IME
2026-10-02 18:05:01.343 [UI] ---- window dump end ----
2026-10-02 18:05:02.831 [SEND-ANSWER] qno=14 opt=2 ret=13 sock=3052
2026-10-02 18:05:04.636 [UI] auto-closing quiz frame: qno=14 opt=2
2026-10-02 18:05:04.668 [UI] option 2 control NOT found — falling back to digit key
2026-10-02 18:05:04.668 [UI] sending digit key '2' to hwnd=000D10A4
2026-10-02 18:05:31.453 [SYS] #FFF692#交纳传送费用#00CCFF#1370#FFF692#金币！
2026-10-02 18:05:31.555 [CURRENCY] a=201783 b=82491
2026-10-02 18:05:55.060 [SYS] #ff0000#您已进入野外区域，可能遭遇玩家间的自由对战，请注意安全！#ffffff#
2026-10-02 18:06:45.443 [SETTLE] exp=0 gold=201783 len=393
2026-10-02 18:06:55.138 [SETTLE] exp=0 gold=201783 len=393
2026-10-02 18:08:47.965 [OUT] 0056 inv=FFFB len=8 #3 fbff5600dcfaa32b
2026-10-02 18:10:47.728 [OUT] 0055 inv=FFEB len=24 #4 ebff5500dcfaa32b844e5b64b20bdcfaa3711f885b04518a
2026-10-02 18:10:47.787 [OP] 40C1 inv=FFF2 len=13 #4 3767ce5b64510bdcfaa32b1f80
2026-10-02 18:10:47.892 [CURRENCY] a=201783 b=71189
2026-10-02 18:13:42.320 [OUT] 0055 inv=FFE5 len=30 #5 e5ff55005b03d1193127dcfa23531f80c7f89dd5cfae00f898c77453b7b1
2026-10-02 18:13:42.377 [OP] 40C1 inv=FFF2 len=13 #5 3767ce5b64510bdcfaa32b1f80
2026-10-02 18:13:42.465 [CURRENCY] a=201783 b=76631
2026-10-02 18:14:58.652 [SETTLE] exp=0 gold=201783 len=393
2026-10-02 18:15:12.355 [SETTLE] exp=0 gold=201783 len=393
2026-10-02 18:15:14.007 [SYS] #ff0000#您已进入野外区域，可能遭遇玩家间的自由对战，请注意安全！#ffffff#
2026-10-02 18:15:27.420 [SYS] #FFF692#交纳传送费用#00CCFF#1810#FFF692#金币！
2026-10-02 18:15:27.517 [CURRENCY] a=201783 b=74821
2026-10-02 18:15:37.290 [OP] 4704 inv=FFDE len=33 #3 da3e22a3b3f3ce5ba0510bdcc5a32b1f3cc83369938cc5a32b1f805b64510bdcfa
2026-10-02 18:15:37.316 [OUT] 0031 inv=FFCE len=53 #3 ceff31008a4ec66fb4b4de1fc84dec5881ba3efd6dc7fc95d976806f55323e878edfd6b28507d90e6c9f805b64510bdcfaa32b1f80
2026-10-02 18:15:45.008 [SYS] #FFF692#交纳传送费用#00CCFF#1810#FFF692#金币！
2026-10-02 18:15:45.104 [SYS] #ff0000#您已进入野外区域，可能遭遇玩家间的自由对战，请注意安全！#ffffff#
2026-10-02 18:15:45.104 [CURRENCY] a=201783 b=74821
2026-10-02 18:16:01.808 [OP] 4710 inv=FFE6 len=25 #1 437a7f511b3e22a3b9b9969ce97f0bdcfaa32b1f805b64510b
2026-10-02 18:16:04.909 [OUT] 0061 inv=FFF7 len=12 #1 f7ff6100e90e392b1f805b64
2026-10-02 18:16:04.957 [OP] 40D0 inv=FFF7 len=8 #1 408052fa8a5dad80
2026-10-02 18:16:07.079 [OUT] 0063 inv=FFEF len=20 #1 efff6300dcfaa32b1f805b64510bdcfaa32b1f80
2026-10-02 18:16:10.459 [OUT] 0064 inv=FFFB len=8 #1 fbff64008c81a552
2026-10-02 18:16:17.997 [OUT] 0063 inv=FFD7 len=44 #2 d7ff63005b64510bdcfaa32b1f805b64fc0bdcfa902b1f806864510b78faa32ba0805b64630bdcfa132b1f80
2026-10-02 18:16:18.493 [OUT] 0065 inv=FFFB len=8 #1 fbff65004ffaa32b
2026-10-02 18:16:24.471 [OP] 40D1 inv=FF63 len=156 #1 c687c464510bdcfaa32b1f805b6f630bcdb8a32bca809564ab0b6ffaea2c1f805b64510bdffaa32bca72946425b3dcfaf82bca806864580b61b0a32b1f805b64090bdcfaf82c59803e27510b6ffaf82ba0809564f961dcfaa32b1f809164510b6fb0db2b27a45b64580b6ffa132bca801aa2510bdcfaa32b18805b64586190fa04671f809564580bfefaf82b36725b64510bdcfa942b1f8095a20e0b
2026-10-02 18:16:24.559 [OP] 40D3 inv=FFFB len=4 #1 c687c464
2026-10-02 18:16:25.011 [OP] 40D5 inv=FFFB len=4 #1 e45dad80
2026-10-02 18:16:25.102 [CURRENCY] a=201783 b=76631
2026-10-02 18:16:41.097 [OUT] 0255 inv=EFE2 len=260 #1 e2ef55020bdcfaa35c9d805b85c5cef3679f2a4588f22337b824a1ba2a696e5aa8dc03acb0e7dce2c582783795f6d49185eb5382d294b94e26c6c3ebd69e52f18a7a7c5b2eb169212c376175b94f4efef91e5bc995ac264255e2c5822fc795e4cbc3715a8bb1fe0cddf2ea70e40c53ec9402b94e26c6c3ebd6a24dab5e4ba1c9d845a87dc44b167a76fa30d60237e971c624a1ba25695dcc1937c6ce284f4efe8eb1190cddf67eba30fea3fce971c648c0ba0fc453422c4b167a76fa30d602378971c648c0ba0f025368c1a3a00178c35b4138e1aec9670ea15bf9216a16946edb3c146d85ebe0b1fe4b167a76fa30d60237e971c6377c9d30b172b69402ff2026cd5afa
2026-10-02 18:16:44.212 [OUT] 0255 inv=EFE2 len=260 #2 e2ef55020bdcfaa35c9d805b85c5cef3679f2a4588f22337b824a1ba2a696e5aa8dc03acb0e7dc9fc582783795f6d49185eb5382d294b94e26c6c3ebd69e52f18a7a7c5b2eb169212c376175b94f4efef91e5bc995ac264255e2c5822fc795e4cbc3715a8bb1fe0cddf2ea70e40c53ec9402104e26c6c3ebd6a24dab5e4ba1c9d845a87dc44b167a76fa30d602378971c624a1ba25695dcc1937c6ce284f4efe8eb1190cddf67eba30fea3fce971c648c0ba0fc453422c4b167a76fa30d602378971c648c0ba0f025368c1a3a00178c35b4138e1aec9670ea15bf9211816946edb3c146d85ebe0b1fe4b167a76fa30d60237e971c6377c9d30b172b69402ff2026cd5afa
2026-10-02 18:17:03.939 [OUT] 0255 inv=EFE2 len=260 #3 e2ef55020bdcfaa35c9d805b85c5cef3679f2a4588f22337b824a1ba2a696e5aa8dc03acb0e7dc9fc582783795f6d49185eb5382d294b94e26c6c3ebd69e52f18a7a7c5b2eb169212c376175b94f4efef91e5bc995ac264254e2c5822fc795e4cbc3715a8bb1fe0cddf2ea70e40c53ec9402104e26c6c3ebd6a24dab5e4ba1c9d845a87dc44b167a76fa30d602378971c624a1ba25695dcc1937c6ce284f4efe8eb1190cddf67eba30fea3fce971c648c0ba0fc453422c4b167a76fa30d602378971c648c0ba0f025368c1a3a00178c35b4138e1aec9670ea15bf9211816946edb3c146d85ebe0b1fe4b167a76fa30d60237e971c6377c9d30b172b69402ff2026cd5afa
2026-10-02 18:17:20.774 [OP] 4707 inv=FFF3 len=12 #5 e45dad80a0ecfc0b17faa32b
2026-10-02 18:17:30.022 [SETTLE] exp=1112 gold=201783 len=393
2026-10-02 18:23:14.473 [SYS] #ff0000#您已进入野外区域，可能遭遇玩家间的自由对战，请注意安全！#ffffff#
2026-10-02 18:23:56.681 [SETTLE] exp=3952 gold=201783 len=393
2026-10-02 18:24:33.323 [SETTLE] exp=5340 gold=201783 len=393
2026-10-02 18:24:35.526 [SYS] #ff0000#您已进入野外区域，可能遭遇玩家间的自由对战，请注意安全！#ffffff#
2026-10-02 18:24:56.345 [SETTLE] exp=1122 gold=201783 len=403
2026-10-02 18:25:18.724 [OP] 4705 inv=FFB8 len=71 #1 437a7f51e3a722a3db67ce5b5eb20bdcfaa32b1ffe1c64510bdcfaa3861f805b64510bdc95a32b1f805b645131dcfaa3c51f805be0518507d90e6cac805b64510bdcfaa32b1f80
2026-10-02 18:25:37.006 [SETTLE] exp=1688 gold=201783 len=403
2026-10-02 18:25:47.831 [OP] 4705 inv=FFB8 len=71 #2 437a7f51e3a722a3db67ce5b5eb20bdcfaa32b1ffe1c64510bdcfaa3861f805b64510bdc95a32b1f805b645131dcfaa3c51f805be0518507d90e6cac805b64510bdcfaa32b1f80
2026-10-02 18:25:50.896 [SYS] #ff0000#您已进入野外区域，可能遭遇玩家间的自由对战，请注意安全！#ffffff#
2026-10-02 18:26:37.311 [SETTLE] exp=7286 gold=201783 len=393
2026-10-02 18:27:15.058 [SETTLE] exp=5442 gold=201783 len=393
2026-10-02 18:27:44.908 [SETTLE] exp=6846 gold=201783 len=393
2026-10-02 18:28:15.114 [SETTLE] exp=5984 gold=201783 len=393
2026-10-02 18:28:51.385 [SETTLE] exp=7524 gold=201783 len=393
2026-10-02 18:29:21.191 [SETTLE] exp=7524 gold=201783 len=393
2026-10-02 18:29:48.693 [SETTLE] exp=8114 gold=201783 len=403
2026-10-02 18:29:48.794 [SYS] 获得了#00FF00#1#FFF692#个#64FF7D#黄玉葫芦
2026-10-02 18:30:19.276 [SETTLE] exp=7524 gold=201783 len=393
2026-10-02 18:30:50.382 [SETTLE] exp=8180 gold=201783 len=393
2026-10-02 18:31:19.558 [SETTLE] exp=8180 gold=201783 len=393
2026-10-02 18:32:09.816 [SETTLE] exp=8180 gold=201783 len=393
2026-10-02 18:33:03.060 [OP] 4704 inv=FFDE len=33 #4 da3e22a3b3f3ce5ba0510bdcc5a32b1f3cc83369938cc5a32b1f805b64510bdcfa
2026-10-02 18:33:03.064 [OUT] 0031 inv=FFCE len=53 #4 ceff31008a4ec66fb4b4de1fc84dec5881ba3efd6dc7fc95d976806f55323e878edfd6b28507d90e6c9f805b64510bdcfaa32b1f80
2026-10-02 18:33:06.949 [OP] 4705 inv=FFB8 len=71 #3 437a7f51e3a722a3db67ce5b5eb20bdcfaa32b1ffe1c64510bdcfaa3861f805b64510bdc95a32b1f805b645131dcfaa3c51f805be0518507d90e6cac805b64510bdcfaa32b1f80
2026-10-02 18:33:24.516 [OP] 4705 inv=FFB8 len=71 #4 437a7f51e3a722a379f3ce5b7a310bdcfaa32b1fe72764510bdcfaa38b1f805b64510bdc4df82b1f805b645131dcfaa33a1f805b6651d286033d6643f25b64510bdcfaa32b1f80
2026-10-02 18:33:56.515 [SETTLE] exp=6558 gold=201783 len=393
2026-10-02 18:34:08.712 [OP] 4709 inv=FFEF len=16 #1 c6ecfc0b07c2392b1207c464430bdcfa
2026-10-02 18:34:11.032 [OP] 4709 inv=FFEF len=16 #2 c6ecfc0b07c2392b2e87c464430bdcfa
2026-10-02 18:34:26.075 [OP] 4705 inv=FFB8 len=71 #5 437a7f51e3a722a3db67ce5b5eb20bdcfaa32b1ffe1c64510bdcfaa3861f805b64510bdc95a32b1f805b645131dcfaa3c51f805be0518507d90e6cac805b64510bdcfaa32b1f80
2026-10-02 18:34:34.441 [OP] 4709 inv=FFEF len=16 #3 c6ecfc0b07c2392b2e87c464430bdcfa
2026-10-02 18:35:42.671 [SETTLE] exp=8246 gold=201783 len=393
2026-10-02 18:36:17.106 [SETTLE] exp=6558 gold=201783 len=393
2026-10-02 18:36:52.412 [SETTLE] exp=8246 gold=201783 len=393
2026-10-02 18:37:24.381 [SETTLE] exp=6624 gold=201783 len=393
2026-10-02 18:37:58.948 [SETTLE] exp=6558 gold=201783 len=403
2026-10-02 18:38:30.191 [SETTLE] exp=8246 gold=201783 len=393
2026-10-02 18:39:07.120 [SETTLE] exp=6558 gold=201783 len=393
2026-10-02 18:39:43.409 [SETTLE] exp=8312 gold=201783 len=393
2026-10-02 18:40:16.714 [SETTLE] exp=8312 gold=201783 len=393
2026-10-02 18:40:43.161 [SETTLE] exp=6558 gold=201783 len=393
2026-10-02 18:41:13.028 [SETTLE] exp=8114 gold=201783 len=403
2026-10-02 18:42:23.934 [SETTLE] exp=8180 gold=201783 len=403
2026-10-02 18:42:57.562 [SETTLE] exp=6558 gold=201783 len=393
2026-10-02 18:43:31.951 [SETTLE] exp=6558 gold=201783 len=403
2026-10-02 18:44:02.700 [SETTLE] exp=6558 gold=201783 len=393
2026-10-02 18:44:38.915 [SETTLE] exp=6558 gold=201783 len=393
2026-10-02 18:45:18.060 [SETTLE] exp=8180 gold=201783 len=393
2026-10-02 18:45:55.642 [SETTLE] exp=6624 gold=201783 len=393
2026-10-02 18:46:27.091 [SETTLE] exp=6558 gold=201783 len=403
2026-10-02 18:47:04.188 [SETTLE] exp=8246 gold=201783 len=393
2026-10-02 18:47:43.842 [SETTLE] exp=8378 gold=201783 len=393
2026-10-02 18:48:12.938 [SETTLE] exp=6492 gold=201783 len=393
2026-10-02 18:48:49.692 [SETTLE] exp=8246 gold=201783 len=403
2026-10-02 18:49:17.006 [SETTLE] exp=6558 gold=201783 len=423
2026-10-02 18:49:48.008 [SETTLE] exp=6492 gold=201783 len=393
2026-10-02 18:50:22.404 [SETTLE] exp=6624 gold=201783 len=403
2026-10-02 18:50:53.544 [SETTLE] exp=6558 gold=201783 len=393
2026-10-02 18:51:26.766 [SETTLE] exp=8114 gold=201783 len=403
2026-10-02 18:51:57.122 [SETTLE] exp=6558 gold=201783 len=393
2026-10-02 18:52:22.969 [SETTLE] exp=6558 gold=201783 len=393
2026-10-02 18:52:56.118 [SETTLE] exp=6624 gold=201783 len=393
2026-10-02 18:53:31.799 [SETTLE] exp=6558 gold=201783 len=393
2026-10-02 18:54:07.247 [SETTLE] exp=6492 gold=201783 len=393
2026-10-02 18:54:33.096 [SETTLE] exp=6558 gold=201783 len=393
2026-10-02 18:55:14.783 [SETTLE] exp=8180 gold=201783 len=393
2026-10-02 18:55:42.093 [SETTLE] exp=6558 gold=201783 len=393
2026-10-02 18:55:55.568 [PIPE] controller disconnected
2026-10-02 18:56:02.756 [PIPE] controller connected
2026-10-02 18:56:17.469 [SETTLE] exp=8180 gold=201783 len=393
2026-10-02 18:56:48.506 [SETTLE] exp=8114 gold=201783 len=393
2026-10-02 18:56:48.605 [SYS] 获得了#00FF00#1#FFF692#个#64FF7D#碧玉葫芦
2026-10-02 18:57:22.917 [SETTLE] exp=8312 gold=201783 len=393
2026-10-02 18:57:50.325 [SETTLE] exp=6558 gold=201783 len=393
2026-10-02 18:58:39.596 [SETTLE] exp=8180 gold=201783 len=393
2026-10-02 18:59:20.221 [SETTLE] exp=8312 gold=201783 len=393
2026-10-02 18:59:53.331 [SETTLE] exp=8246 gold=201783 len=393
2026-10-02 19:00:27.678 [SETTLE] exp=6558 gold=201783 len=393
2026-10-02 19:01:04.501 [SETTLE] exp=8312 gold=201783 len=393
2026-10-02 19:01:38.865 [SETTLE] exp=8246 gold=201783 len=393
2026-10-02 19:01:51.912 [QUESTION] {"type":"question","sock":3052,"qno":4,"field_a":105,"stem":"一只杜鹃鸟要下蛋了，此时它会怎么做？","options":["1、再生一只","2、扔了它","3、将蛋下到其他鸟的鸟巢里","4、坐着开始孵"]}
2026-10-02 19:01:52.924 [UI] auto dump on question qno=4
2026-10-02 19:01:52.924 [UI] ---- window dump begin (pid 17852) ----
2026-10-02 19:01:53.141 [UI] TOP=00540FEC vis=0 cls=QBOvCls rc=(1008,390,1368,486) title=
2026-10-02 19:01:53.151 [UI] TOP=000D10A4 vis=1 cls=ATL:012FF210 rc=(30,41,1070,848) title=什么什么大冒险2(①逍遥村敬老院)-先驱01_Sep 24 2026《什么什么大冒险》制作委员会QQ群:515616289
2026-10-02 19:01:53.151 [UI] TOP=01F20E06 vis=0 cls=DIEmWin rc=(-1,-1,135,38) title=DIEmWin
2026-10-02 19:01:53.544 [UI] TOP=01F9011C vis=0 cls=IME rc=(0,0,0,0) title=Default IME
2026-10-02 19:01:53.553 [UI] TOP=002008EE vis=0 cls=MSCTFIME UI rc=(0,0,0,0) title=MSCTFIME UI
2026-10-02 19:01:53.561 [UI] TOP=00720E76 vis=0 cls=IME rc=(0,0,0,0) title=Default IME
2026-10-02 19:01:53.561 [UI] TOP=0011098A vis=0 cls=IME rc=(0,0,0,0) title=Default IME
2026-10-02 19:01:53.561 [UI] ---- window dump end ----
2026-10-02 19:01:54.390 [SEND-ANSWER] qno=4 opt=2 ret=13 sock=3052
2026-10-02 19:01:54.435 [SYS] 测试通过！
2026-10-02 19:01:54.533 [SYS] 获得了#00FF00#100#FFF692#金币
2026-10-02 19:01:54.534 [CURRENCY] a=201783 b=76731
2026-10-02 19:01:56.197 [UI] auto-closing quiz frame: qno=4 opt=2
2026-10-02 19:01:56.205 [UI] option 2 control NOT found — falling back to digit key
2026-10-02 19:01:56.205 [UI] sending digit key '2' to hwnd=000D10A4
2026-10-02 19:02:16.692 [SETTLE] exp=8180 gold=201783 len=393
2026-10-02 19:02:46.639 [SETTLE] exp=8246 gold=201783 len=393
2026-10-02 19:03:12.356 [SETTLE] exp=6558 gold=201783 len=403
2026-10-02 19:03:48.185 [SETTLE] exp=8246 gold=201783 len=393
2026-10-02 19:04:23.356 [SETTLE] exp=8180 gold=201783 len=393
2026-10-02 19:05:01.710 [SETTLE] exp=8114 gold=201783 len=393
2026-10-02 19:05:28.186 [SETTLE] exp=6558 gold=201783 len=403
2026-10-02 19:06:04.412 [SETTLE] exp=8180 gold=201783 len=393
2026-10-02 19:06:40.260 [SETTLE] exp=8180 gold=201783 len=393
2026-10-02 19:07:08.619 [SETTLE] exp=8180 gold=201783 len=393
2026-10-02 19:07:38.588 [SETTLE] exp=6558 gold=201783 len=403
2026-10-02 19:08:11.073 [SETTLE] exp=8312 gold=201783 len=393
2026-10-02 19:08:45.529 [SETTLE] exp=8114 gold=201783 len=403
2026-10-02 19:09:15.602 [SETTLE] exp=8246 gold=201783 len=393
2026-10-02 19:09:52.537 [SETTLE] exp=8180 gold=201783 len=403
2026-10-02 19:10:05.045 [PIPE] controller disconnected
2026-10-02 19:10:28.676 [SETTLE] exp=6624 gold=201783 len=393
2026-10-02 19:11:04.246 [SETTLE] exp=6558 gold=201783 len=393
2026-10-02 19:11:34.533 [SETTLE] exp=8246 gold=201783 len=393
2026-10-02 19:11:45.169 [INIT] dll unloaded
2026-10-02 19:12:54.326 [INIT] dll loaded, pid=17852
2026-10-02 19:12:54.326 [INIT] codec loaded OK
2026-10-02 19:12:54.326 [INIT] iat hooks: recv=1 send=1 WSASend=1 connect=1 closesocket=1
2026-10-02 19:12:54.482 [OP] 4104 inv=FFFB len=4 #1 ce565d45
2026-10-02 19:12:55.286 [OP] 4105 inv=FFFE len=1 #1 3d
2026-10-02 19:12:55.286 [OP] 4104 inv=FFFB len=4 #2 6e081f5a
2026-10-02 19:12:55.662 [OP] 4108 inv=FFE3 len=28 #1 c687c464510bdcfaf8531f807fdf510bbafaa32b1f805b64510bdcfa
2026-10-02 19:12:55.759 [OP] 4104 inv=FFFA len=5 #3 0508ac84aa
2026-10-02 19:12:55.759 [OP] 4104 inv=FFFA len=5 #4 e90844c7ce
2026-10-02 19:12:55.759 [OP] 4104 inv=FFFA len=5 #5 f56743f2ca
2026-10-02 19:12:55.759 [OP] 4108 inv=FFE3 len=28 #2 c687c464510bdcfa39531f807fdf510bbafaa32b1f805b64510bdcfa
2026-10-02 19:12:55.931 [PIPE] controller connected
2026-10-02 19:12:55.947 [OP] 4108 inv=FFE3 len=28 #3 c687c464510bdcfa21531f8043df510be0faa32b1f805b64510bdcfa
2026-10-02 19:12:55.947 [OP] 4108 inv=FFE3 len=28 #4 c687c464510bdcfa87531f8043df510b54faa32b1f805b64510bdcfa
2026-10-02 19:12:56.192 [OP] 4105 inv=FFFE len=1 #2 fd
2026-10-02 19:12:56.283 [OP] 4109 inv=FEE7 len=280 #1 408052faf82b594f5b64510bdcfaa32bca805b642d0b59ae722b6fefc464310b6ffaa32bf4075b64fcfd6ffaa3531f805bdf510bafc4a32b20805b64510bdcfaa32b1f809564510b3fc2a32badcac464510bdcfaa3535980ccf1510b12c2a32bad80956451ecdcfaee531f80ce7f510bdcfaa32b1f805b64c927dcfa9b3b1f80c464580bdcc4a32b92aa5b6461ecdcfaa32b1f805b64510b7acaa32b09075b64
2026-10-02 19:12:56.382 [OP] 4106 inv=FFFD len=2 #1 a37c
2026-10-02 19:12:56.383 [OP] 4111 inv=FFFD len=2 #1 2764
2026-10-02 19:12:56.383 [OP] 4112 inv=FFFD len=2 #1 6fc4
2026-10-02 19:12:56.383 [OP] 4112 inv=FFFD len=2 #2 52c4
2026-10-02 19:13:00.994 [SETTLE] exp=8312 gold=201783 len=393
2026-10-02 19:13:00.994 [OP] 472A inv=FE76 len=393 #1 44d8de1f0a3064510bdcfaa32b1f805b64510bdc1c342b1f805b645180dcfaa3f19d805b64510bdc19392b1f805b64516c6ffaa32b1f805bfc7c0bdcfaa32b1fc25164510bdcfaa32b1f805b64510bdcfaa32b1f805b64510bdcfaa32b1f805b64510bdcfaa32b1f805b64510bdcfaa32b1f805b64510bdcfaa32b1f805b64510bdcfaa32b1f805b64510bdceaf82b1f265b6451166ffaa38aca805be8580bdc
2026-10-02 19:13:01.098 [OP] 4211 inv=FFF6 len=9 #1 aa5b6451a4a722a34a
2026-10-02 19:13:01.191 [OP] 4235 inv=FFFA len=5 #1 3767ce5b64
2026-10-02 19:13:01.192 [OP] 42CE inv=FFFB len=4 #1 c87f510b
2026-10-02 19:13:01.294 [OP] 4211 inv=FFF6 len=9 #2 aa5b645140a722a34a
2026-10-02 19:13:01.294 [OP] 4211 inv=FFF6 len=9 #3 aa5b64511b3e22a34a
2026-10-02 19:13:01.296 [OP] 4211 inv=FFF6 len=9 #4 aa5b6451e3a722a34a
2026-10-02 19:13:01.296 [OP] 47C0 inv=FFE1 len=30 #1 0faac4c88ffd6fe889072710be2831ece6622dea8a6badd958d52192f1c4
2026-10-02 19:13:01.296 [OP] 47C0 inv=FFEA len=21 #2 51cac7e02831ec903347668a3cadd9587fef922bc4
2026-10-02 19:13:01.296 [OP] 4613 inv=FEB5 len=330 #1 fd377c70f8d91fb093f8628e89c2965bca9bd6df09661bde352ecaaa95df510b6fc4f82b97e7c80843ec68fadb4a1f80c36458ecdc5b16876c842d43520bdcfa023c10aa400887536abbd7934b17c3b40375dfb5db53ca2d2b537a8590c4f853ca805bdf58ecdc8f221762b39561510b52faa34a1faa5b64e6a2da2bf00ad2341a64510bd58d7a53a5806d5c8396bde8ad6562992b53825390c4dfbc62aa1307
2026-10-02 19:13:01.296 [OP] 47C0 inv=FFF3 len=12 #3 0253ca3cadd9587fef922bc4
2026-10-02 19:13:01.296 [OP] 4613 inv=FEB5 len=330 #2 fd377c70f8d91fb093f8628e89c2965bca9bd6df09661bde352ecaaa95df510b6fc4f82b97e7c80843ec68fadb511f80c36458ecdc5b16876c842d43520bdcfa023c10aa400887536abbd7934b17c3b40375dfb5db53ca2d2b537a8590c4f853ca805bdf58ecdc8f221762b39561510b17faa34a1faa5b64e6a2da2bf00ad2341a64510bd58d7a53a5806d5c8396bde8ad6562992b53825390c4dfbc62aa1307
2026-10-02 19:13:01.296 [OP] 47C0 inv=FFEA len=21 #4 51cac7be2831ece6622dea8a6badd958d52192f1c4
2026-10-02 19:13:01.296 [OP] 47C0 inv=FFF3 len=12 #5 0253ca6badd958d52192f1c4
2026-10-02 19:13:01.297 [OP] EFFE inv=FFFE len=1 #1 0b
2026-10-02 19:13:06.153 [OP] 4612 inv=FFEB len=20 #1 fd2b1f8057ecfc0b540e392b5207c464418052fa
2026-10-02 19:13:06.155 [OP] 4612 inv=FFEB len=20 #2 fd2b1f8057ecfc0b540e392b5207c464418052fa
2026-10-02 19:13:06.155 [OP] 4612 inv=FFEB len=20 #3 fd2b1f8057ecfc0b540e392b5207c464418052fa
2026-10-02 19:13:07.252 [OP] 4612 inv=FFF7 len=8 #4 ca805b64b4b252fa
2026-10-02 19:13:08.111 [OP] 4100 inv=FFF9 len=6 #1 05127b081e7f
2026-10-02 19:13:08.195 [OP] 4101 inv=FCA5 len=858 #1 408052faa32b1f805b64510b155a4e781f805b64510bdcfaa32b1f805b64510bdcfaa32b1f805b648e5f8b25a32be7ca5b64510bdcfa4d7c1f805b64510bdcfaa32b1f805b640db252fa392b1f805b64510bb2dca32bd13b5b64cb7fdcfa5acb1f807b81a552155a4e78c8d97b81530bdcfa4e78c8d995a9bc595ab12b2158805b64510bdcfaa32b1f83c064510bdcfaa3ab8a805b64510bdcfaa32b1f805b64
2026-10-02 19:13:08.264 [OUT] 1F51 inv=FFFF len=4 #1 ffff511f
2026-10-02 19:13:08.311 [OP] 4F52 inv=FFFF len=0 #1 
2026-10-02 19:13:09.184 [OUT] 1001 inv=FFF9 len=10 #1 f9ff01101f805b64510b
2026-10-02 19:13:09.348 [OP] 4108 inv=FFE3 len=28 #5 c687c464510bdcfa5f531f80d8f8510bce40515d1f805b64510bdcfa
2026-10-02 19:13:11.308 [OP] EFFE inv=FFFE len=1 #2 0b
2026-10-02 19:13:11.363 [OP] 4105 inv=FFFE len=1 #3 6d
2026-10-02 19:13:11.363 [OP] 4105 inv=FFFE len=1 #4 cd
2026-10-02 19:13:11.481 [OP] 4109 inv=FFDF len=32 #2 c687c464510b6ffaa32b1f805b64510bd0c4a32b62d12364510bdcfaa3931f80
2026-10-02 19:13:11.578 [OP] 4105 inv=FFFE len=1 #5 af
2026-10-02 19:13:11.579 [OP] 4106 inv=FFFC len=3 #2 e23932
2026-10-02 19:13:11.580 [OP] 4106 inv=FFFD len=2 #3 a37d
2026-10-02 19:13:11.580 [OP] 4111 inv=FFFD len=2 #2 2364
2026-10-02 19:13:11.867 [OP] 4106 inv=FFFC len=3 #4 a539cb
2026-10-02 19:13:11.867 [OP] 4106 inv=FFFD len=2 #5 f8ed
2026-10-02 19:13:12.023 [OP] 4109 inv=FF7B len=132 #3 c687c464580b6fe8a3531f805b64510b13f4a32ba58021df0b0b40c43993c780cf26510b10aea32bad77946451ecdcfaa30acd8062df510b9dfaa32b1f805b64510bdcfa40ce1f80a808510b52e8db2b1faa5b378fecdcfaf8931f805b64510bdcfaa32bc0ef5b6467d5dcfa399359805bdf51d57cc4a32bcf815ed9510bdcfaccd01f80
2026-10-02 19:13:12.116 [OP] 4111 inv=FFFD len=2 #3 5764
2026-10-02 19:13:14.059 [OP] 4109 inv=FE7F len=384 #4 c687c464580b8b25a3de1f805b64510b6ffaa32ba580ea7f0b0b0022fd242d809564510baeaea32b9da05b6451ecdcfaa32b1f8062df510b06faa32b1f805b64510bdcfaf82b1f80a76f510b8b30f82b1f805b64510bdcfaf82b1f80a76f510b8b30db2b1f805b6451ecdcfaf82b1f80a76f510b8b30392b1f805b6451ba710e334a1f80a76f510b8b5ba32b1faa94648fecdcfa20931f805b64510bdcfaa32b
2026-10-02 19:13:14.148 [OP] 4111 inv=FFFD len=2 #4 ba64
2026-10-02 19:13:15.715 [OP] 4109 inv=FFB7 len=72 #5 c687c464517f6fc4a32b1f805b64510b07faa32bcaa05b6487b1dcfa40ce1f80badf0e7f07faa32b39125b640eec54faa32b1f805b64510b8222a32b39125b64080b54faa32b1f80
2026-10-02 19:13:15.805 [OP] 4111 inv=FFFD len=2 #5 9564
2026-10-02 19:13:16.214 [PIPE] controller disconnected
2026-10-02 19:13:18.336 [OUT] 1F51 inv=FFFF len=4 #2 ffff511f
2026-10-02 19:13:18.379 [OP] 4F52 inv=FFFF len=0 #2 
2026-10-02 19:13:20.956 [OP] 46FE inv=FFFF len=0 #1 
2026-10-02 19:13:23.437 [PIPE] controller connected
2026-10-02 19:13:27.187 [OP] 4112 inv=FFFD len=2 #3 6fc4
2026-10-02 19:13:27.187 [OP] 4112 inv=FFFD len=2 #4 90c4
2026-10-02 19:13:27.187 [OP] 4112 inv=FFFD len=2 #5 52c4
2026-10-02 19:13:28.395 [OUT] 1F51 inv=FFFF len=4 #3 ffff511f
2026-10-02 19:13:28.439 [OP] 4F52 inv=FFFF len=0 #3 
2026-10-02 19:13:31.336 [OP] EFFE inv=FFFE len=1 #3 0b
2026-10-02 19:13:34.427 [SETTLE] exp=6558 gold=201783 len=393
2026-10-02 19:13:34.427 [OP] 472A inv=FE76 len=393 #2 44d8de1f95c164510bdcfaa32b1f805b64510bdc730d2b1f805b645180dcfaa39bad805b64510bdc19392b1f805b64516c6ffaa32b1f805bfc7c0bdcfaa32b1fc25164510bdcfaa32b1f805b64510bdcfaa32b1f805b64510bdcfaa32b1f805b64510bdcfaa32b1f805b64510bdcfaa32b1f805b64510bdcfaa32b1f805b64510bdcfaa32b1f805b64510bdcd8a32b1f659564513b6ffaa3b91f805b81a55215
2026-10-02 19:13:34.526 [OP] 42CE inv=FFFB len=4 #2 c87f510b
2026-10-02 19:13:34.527 [OP] 4211 inv=FFF6 len=9 #5 aa5b6451a4a722a34a
2026-10-02 19:13:40.536 [OP] 4100 inv=FFF9 len=6 #2 05124f08dd7f
2026-10-02 19:13:40.655 [OUT] 1F51 inv=FFFF len=4 #4 ffff511f
2026-10-02 19:13:40.699 [OP] 4F52 inv=FFFF len=0 #4 
2026-10-02 19:13:41.008 [OP] 4101 inv=FC6D len=914 #2 e45dad805b64510bdcfaa32bc8d97b81510bdcfaa32b1f805b64510bdcfaa32b1f805b64510bdcfa22069d4e5b6441fddcfaa32b1f80a1d9510bdcfaa32b1f805b64510bdcfaf03bad80c464510bdcfaa32bf6455b645943dcfa83931f80807a510b155a4e78c8d97b81a552155ada2b1f807b81a5526f3016876c842d43900bdcfaa32b1f805b64e58766faa32b1f805b143b0bdcfaa32b1f805b64510bdcfa
2026-10-02 19:13:41.617 [OUT] 1001 inv=FFF9 len=10 #2 f9ff01101f805b64510b
2026-10-02 19:13:42.357 [OP] EFFE inv=FFFE len=1 #4 0b
2026-10-02 19:13:48.244 [OP] 4114 inv=FFEF len=16 #1 c687c4647b98dcfa49281f806b64510b
2026-10-02 19:13:48.244 [OP] 4114 inv=FFEF len=16 #2 c687c4647b98dcfa31de1f80ba64510b
2026-10-02 19:13:48.244 [OP] 4114 inv=FFEF len=16 #3 c687c4647b98dcfa81241f8057f8510b
2026-10-02 19:13:50.741 [OUT] 1F51 inv=FFFF len=4 #5 ffff511f
2026-10-02 19:13:50.787 [OP] 4F52 inv=FFFF len=0 #5 
2026-10-02 19:13:51.168 [OP] 46FE inv=FFFF len=0 #2 
2026-10-02 19:14:01.386 [OP] EFFE inv=FFFE len=1 #5 0b
2026-10-02 19:14:14.842 [OP] 46E0 inv=FDF7 len=520 #1 c6ecfc0b6ffaa32b1207c464580bdcfa8c121f809464990bdc65392bd62f8823e67bbfc07d70598066b22b0bdcfae02b1ffac464510bdcfa392b9d798a1551b2815b7d35c0805b64510bdcfa462b1f801c6486b2db34a33b87562a6474d517254044fc807464510bdc08a32b53df0161fd0bdcfaa6b301ce0b472b0b6e10e02bc0f83f6179133dfa1f18f5ce75558bd05c9e49245848347f1d4ad49995a86d80
2026-10-02 19:14:14.940 [SETTLE] exp=8246 gold=201783 len=393
2026-10-02 19:14:14.940 [OP] 472A inv=FE76 len=393 #3 44d8de1f283064510bdcfaa32b1f805b64510bdcec342b1f805b645180dcfaa3f09d805b64510bdc19392b1f805b64516c6ffaa32b1f805bfc7c0bdcfaa32b1fc25164510bdcfaa32b1f805b64510bdcfaa32b1f805b64510bdcfaa32b1f805b64510bdcfaa32b1f805b64510bdcfaa32b1f805b64510bdcfaa32b1f805b64510bdcfaa32b1f805b64510bdc13f82b1f265b64513b6ffaa38aca805bae580bdc
2026-10-02 19:14:14.940 [OP] 42CE inv=FFFB len=4 #3 c87f510b
2026-10-02 19:14:18.074 [OP] 4100 inv=FFF9 len=6 #3 051253ddad7f
2026-10-02 19:14:18.345 [OP] 4101 inv=FCA5 len=858 #3 408052faa32b1f805b64510b155a4e781f805b64510bdcfaa32b1f805b64510bdcfaa32b1f805b648e5f8b25a32be7ca5b64510bdcfa4d7c1f805b64510bdcfaa32b1f805b640db252fa392b1f805b64510bb2dca32bd13b5b64cb7fdcfa5acb1f807b81a552155a4e78c8d97b81530bdcfa4e78c8d995a9bc595ab12b2158805b64510bdcfaa32bca83c064510bdcfaa3ab8a805b64510bdcfaa32b1f805b64
2026-10-02 19:14:19.118 [OUT] 1001 inv=FFF9 len=10 #3 f9ff01101f805b64510b
2026-10-02 19:14:21.529 [OP] 46FE inv=FFFF len=0 #3 
2026-10-02 19:14:38.921 [SETTLE] exp=6558 gold=201783 len=393
2026-10-02 19:14:38.921 [OP] 472A inv=FE76 len=393 #4 44d8de1f95c164510bdcfaa32b1f805b64510bdc730d2b1f805b645180dcfaa39bad805b64510bdc19392b1f805b64516c6ffaa32b1f805bfc7c0bdcfaa32b1fc25164510bdcfaa32b1f805b64510bdcfaa32b1f805b64510bdcfaa32b1f805b64510bdcfaa32b1f805b64510bdcfaa32b1f805b64510bdcfaa32b1f805b64510bdcfaa32b1f805b64510bdceaf82b1fa595645185dcfaa3b91f805b81a55215
2026-10-02 19:14:39.012 [OP] 42CE inv=FFFB len=4 #4 c87f510b
2026-10-02 19:14:47.036 [OP] 4100 inv=FFF9 len=6 #4 05126cdd9f7f
2026-10-02 19:14:47.320 [OP] 4101 inv=FC6D len=914 #4 e45dad805b64510bdcfaa32bc8d97b81510bdcfaa32b1f805b64510bdcfaa32b1f805b64510bdcfa22069d4e5b6441fddcfaa32b1f80a1d9510bdcfaa32b1f805b64510bdcfaf03bad80c464510bdcfaa32bf6455b645943dcfa83931f80807a510b155a4e78c8d97b81a552155ada2b1f807b81a5526f3016876c842d43900bdcfaa32b1f805b64588766faa32b1f805b143b0bdcfaa32b1f805b64510bdcfa
2026-10-02 19:14:48.114 [OUT] 1001 inv=FFF9 len=10 #4 f9ff01101f805b64510b
2026-10-02 19:14:51.686 [OP] 46FE inv=FFFF len=0 #4 
2026-10-02 19:14:58.807 [OP] 4114 inv=FFEF len=16 #4 c687c4647b98dcfaad281f806b64510b
2026-10-02 19:14:58.807 [OP] 4114 inv=FFEF len=16 #5 c687c4647b98dcfa47de1f80ba64510b
2026-10-02 19:15:12.324 [SETTLE] exp=8312 gold=201783 len=403
2026-10-02 19:15:12.325 [OP] 472A inv=FE6C len=403 #5 44d8de1f0a3064510bdcfaa32b1f805b64510bdc1c342b1f805b645180dcfaa3f19d805b64510bdc19392b1f805b64516c6ffaa32b1f805bfc7c0bdcfaa32b1fc25164510bdcfaa32b1f805b64510bdcfaa32b1f805b64510bdcfaa32b1f805b64510bdcfaa32b1f805b64510bdcfaa32b1f805b64510bdcfaa32b1f805b64510bdcfaa32b1f805b64510bdceaf82b1f659564513b6ffaa38aca805bef510bdc
2026-10-02 19:15:12.418 [OP] 46E0 inv=FDF7 len=520 #2 c6ecfc0b6ffaa32bc687c464580bdcfaa24d1f809564510ba546822b00ce5b64510bdcfafd2b1f80648015277f8a54de2997f123f20834ca57f81f804037510be2c175135fdeef3edea391fad19720805b642b0bdcfa4e786b40cbec24a3fae0cd18f5ce5108d67f90faa32bca8005cd50e1410efa2b1f809564510b82e0df93a104fc7f24ac3dfa35571f805bb1510b2a8aafd934805b6469648ee01cb02080
2026-10-02 19:15:12.419 [OP] 42CE inv=FFFB len=4 #5 c87f510b
2026-10-02 19:15:18.536 [OP] 4100 inv=FFF9 len=6 #5 0512ff08297f
2026-10-02 19:15:18.796 [OP] 4101 inv=FCA5 len=858 #5 408052faa32b1f805b64510b155a4e781f805b64510bdcfaa32b1f805b64510bdcfaa32b1f805b648e5f8b25a32be7ca5b64510bdcfa4d7c1f805b64510bdcfaa32b1f805b640db252fa392b1f805b64510bb2dca32bd13b5b64cb7fdcfa5acb1f807b81a552155a4e78c8d97b81530bdcfa4e78c8d995a9bc595ab12b2158805b64510bdcfaa32b1f83c064510bdcfaa3ab8a805b64510bdcfaa32b1f805b64
2026-10-02 19:15:19.605 [OUT] 1001 inv=FFF9 len=10 #5 f9ff01101f805b64510b
2026-10-02 19:15:22.012 [OP] 46FE inv=FFFF len=0 #5 
2026-10-02 19:15:50.812 [SETTLE] exp=6624 gold=201783 len=393
2026-10-02 19:16:21.588 [SETTLE] exp=6492 gold=201783 len=393
2026-10-02 19:16:52.601 [SETTLE] exp=8114 gold=201783 len=393
2026-10-02 19:17:31.401 [SETTLE] exp=6624 gold=201783 len=403
2026-10-02 19:18:01.366 [SETTLE] exp=6492 gold=201783 len=403
2026-10-02 19:18:01.461 [OP] 46E0 inv=FDF7 len=520 #3 c6ecfc0b6ffaa32b2e87c464580bdcfa724d1f8095647f0b56da20ced62f88231755c97ca330598066b22b0bdcfae02b77f0406f510bdcfadb2b6107eb21ac0b815b7d35c0805b64510bdcfa202b1f80c4640fd0abff732b87562a6462a6b3229c36fc802764510bdc08a32be2fc9e7f0b0bdcfacce5d3120b472b0b6e10e02b2c48adcda9c23dfad87fac126d8a7fb1c6d5783b0caff7261d4ad49995a86d80
2026-10-02 19:18:30.753 [SETTLE] exp=8180 gold=201783 len=393
2026-10-02 19:19:24.339 [SETTLE] exp=6756 gold=201783 len=403
2026-10-02 19:19:57.838 [OP] 46E0 inv=FDF7 len=520 #4 c6ecfc0b6ffaa32bb907c464580bdcfa724d1f809564510b037daf2bd62f8823437a66c026f1004f66b22b0bdcfae02b2997f123e6084225392b56cea196830be2c175133700c03edea391fad19720801c640e0b4f98232b2db3c364510b155a3d46a480ba080e7fdc08a32b9d809464490bdcfa3bf833ce0b472b0b6e10e02be88c2bddddcf8efa35571f808a8c8ad0dcfa4e78183f897f1d4ad49995a86d80
2026-10-02 19:19:57.933 [SETTLE] exp=8246 gold=201783 len=393
2026-10-02 19:20:25.995 [SETTLE] exp=6558 gold=201783 len=393
2026-10-02 19:20:58.044 [SETTLE] exp=6558 gold=201783 len=393
2026-10-02 19:21:46.062 [SETTLE] exp=8312 gold=201783 len=403
2026-10-02 19:22:20.712 [SETTLE] exp=8246 gold=201783 len=393
2026-10-02 19:22:59.093 [OP] 46E0 inv=FDF7 len=520 #5 c6ecfc0b6ffaa32b1207c464580bdcfaa24d1f804064c50b4b60db2bd62f8823f3ac90c090f2598066b2c80bdcfa9d2b3b9a9464a40bc2e8392b610787543b0bdcfaa32bc0805b6451d928f4232b1f801c640fd04c81612b875648647b13ccf40f8ed1805c0f80b1dc08a32ba82b9c7f830bdcfa1d38ac4f0b47c80b6e109d2b2cb65b6f438bc3fa2d87bbceb455add016e6537ceb489c7f1d4ad4999ba86d80
2026-10-02 19:22:59.181 [SETTLE] exp=8246 gold=201783 len=403
2026-10-02 19:23:35.811 [SETTLE] exp=8312 gold=201783 len=393
2026-10-02 19:23:39.962 [OUT] 0049 inv=FFEC len=23 #1 ecff49002b1f805b64510bdc5a4e78c8805b64510b66c4
2026-10-02 19:23:40.085 [OP] 42CF inv=FFE3 len=28 #1 c6ecfc0bb022a32bc7455b64510bdcfadb2b1f805b64510b6ffaa32b
2026-10-02 19:23:40.085 [OP] 42CF inv=FFE3 len=28 #2 c6ecfc0bb022a32bc7455b64510bdcfadb2b1f805b64510b6ffaa32b
2026-10-02 19:23:40.085 [OP] 4020 inv=FFE7 len=24 #1 408052fa672bca809437510b8b0da32bca8095643b0b90fa
2026-10-02 19:23:40.104 [OUT] 0045 inv=FFF7 len=12 #1 f7ff4500510bdcfa612b1f80
2026-10-02 19:23:40.191 [OP] 4025 inv=FFF5 len=10 #1 61533832c4df51ece2fa
2026-10-02 19:23:50.706 [OUT] 1004 inv=FFF3 len=16 #1 f3ff0410dcfaa32b1fc71c64510bdcfa
2026-10-02 19:23:50.706 [OUT] 1004 inv=FFF3 len=16 #2 f3ff0410a43e66535980ba64510bdcfa
2026-10-02 19:23:50.806 [OP] 4110 inv=FFFD len=2 #1 222b
2026-10-02 19:23:50.992 [OP] 4110 inv=FFFD len=2 #2 722b
2026-10-02 19:23:52.599 [OUT] 1004 inv=FFF3 len=16 #3 f3ff0410a43e66535980ba64510bdcfa
2026-10-02 19:23:52.813 [OP] 4110 inv=FFFD len=2 #3 7293
2026-10-02 19:23:58.003 [OUT] 1005 inv=FFEF len=20 #1 efff0510fc10ffad705a40dffc0b71c4a32b1f80
2026-10-02 19:23:58.136 [OP] 4110 inv=FFFD len=2 #4 222b
2026-10-02 19:24:05.002 [SETTLE] exp=12171 gold=201783 len=393
2026-10-02 19:24:13.414 [OUT] 1005 inv=FFEF len=20 #2 efff0510fc10ffad705a40dffc0b71c4a32b1f80
2026-10-02 19:24:13.554 [OP] 4110 inv=FFFD len=2 #5 222b
2026-10-02 19:24:44.155 [SETTLE] exp=9738 gold=201783 len=393
2026-10-02 19:24:53.448 [OUT] 0185 inv=FFF7 len=12 #1 f7ff85018bfaa32bc8d97b81
2026-10-02 19:25:02.144 [OUT] 1004 inv=FFF3 len=16 #4 f3ff0410a43e66535980ba64510bdcfa
2026-10-02 19:25:05.591 [OUT] 1004 inv=FFF3 len=16 #5 f3ff0410a43e66535980ba64510bdcfa
2026-10-02 19:25:13.293 [SETTLE] exp=9837 gold=201783 len=393
2026-10-02 19:25:13.323 [OUT] 0185 inv=FFF7 len=12 #2 f7ff85018bfaa32bc8d97b81
2026-10-02 19:25:31.051 [QUESTION] {"type":"question","sock":3052,"qno":17,"field_a":91,"stem":"下列动物中哪个是我国特有的珍惜的哺乳动物？","options":["1、大熊猫","2、猩猩队长","3、火麒麟","4、霸天虎"]}
2026-10-02 19:25:32.058 [UI] auto dump on question qno=17
2026-10-02 19:25:32.060 [UI] ---- window dump begin (pid 17852) ----
2026-10-02 19:25:32.067 [UI] TOP=000D10A4 vis=1 cls=ATL:012FF210 rc=(30,41,1070,848) title=什么什么大冒险2(①逍遥村敬老院)-先驱01_Sep 24 2026《什么什么大冒险》制作委员会QQ群:515616289
2026-10-02 19:25:32.067 [UI] TOP=01F20E06 vis=0 cls=DIEmWin rc=(-1,-1,135,38) title=DIEmWin
2026-10-02 19:25:32.081 [UI] TOP=002008EE vis=0 cls=MSCTFIME UI rc=(0,0,0,0) title=MSCTFIME UI
2026-10-02 19:25:32.097 [UI] TOP=00720E76 vis=0 cls=IME rc=(0,0,0,0) title=Default IME
2026-10-02 19:25:32.098 [UI] TOP=0011098A vis=0 cls=IME rc=(0,0,0,0) title=Default IME
2026-10-02 19:25:32.098 [UI] ---- window dump end ----
2026-10-02 19:25:35.348 [SEND-ANSWER] qno=17 opt=0 ret=13 sock=3052
2026-10-02 19:25:35.393 [SYS] 测试通过！
2026-10-02 19:25:35.487 [SYS] 获得了#00FF00#100#FFF692#金币
2026-10-02 19:25:35.487 [CURRENCY] a=201783 b=76831
2026-10-02 19:25:42.481 [OUT] 1F04 inv=FFF6 len=13 #1 f6ff041fce1f805b7a510bdcc4
2026-10-02 19:25:44.217 [SETTLE] exp=9837 gold=201783 len=393
2026-10-02 19:25:44.226 [OUT] 0185 inv=FFF7 len=12 #3 f7ff85018bfaa32bc8d97b81
2026-10-02 19:26:13.063 [SETTLE] exp=9837 gold=201783 len=393
2026-10-02 19:26:13.065 [OUT] 0185 inv=FFF7 len=12 #4 f7ff85018bfaa32bc8d97b81
2026-10-02 19:26:47.802 [SETTLE] exp=10035 gold=201783 len=393
2026-10-02 19:26:47.822 [OUT] 0185 inv=FFF7 len=12 #5 f7ff85018bfaa32bc8d97b81
2026-10-02 19:27:27.864 [SETTLE] exp=12270 gold=201783 len=393
2026-10-02 19:28:01.696 [SETTLE] exp=9837 gold=201783 len=393
2026-10-02 19:28:34.722 [SETTLE] exp=9936 gold=201783 len=393
2026-10-02 19:29:04.171 [SETTLE] exp=9837 gold=201783 len=403
2026-10-02 19:29:36.845 [SETTLE] exp=12468 gold=201783 len=393
2026-10-02 19:29:56.007 [OUT] 1005 inv=FFEF len=20 #3 efff0510fc10ffad705a40dffc0b71c4a32b1f80
2026-10-02 19:30:04.315 [SETTLE] exp=12171 gold=201783 len=393
2026-10-02 19:30:25.759 [OUT] 1005 inv=FFEF len=20 #4 efff0510fc10ffad705a40dffc0b71c4a32b1f80
2026-10-02 19:30:34.815 [SETTLE] exp=12171 gold=201783 len=393
2026-10-02 19:31:03.779 [OUT] 1005 inv=FFEF len=20 #5 efff0510fc10ffad705a40dffc0b71c4a32b1f80
2026-10-02 19:31:09.190 [SETTLE] exp=12171 gold=201783 len=393
2026-10-02 19:31:43.894 [SETTLE] exp=12468 gold=201783 len=393
2026-10-02 19:32:16.005 [SETTLE] exp=10035 gold=201783 len=403
2026-10-02 19:32:37.355 [OP] F005 inv=FFE7 len=24 #1 26b35c3828d7972b1f805b64510bdcfaa3ce1f803f1026b2
2026-10-02 19:32:37.463 [OP] F005 inv=FFE7 len=24 #2 26b35c3828d7972b1f805b64510bdcfaa3ce1f803f1026b2
2026-10-02 19:32:37.463 [OP] F005 inv=FFE7 len=24 #3 26b35c3828d7972b1f805b64510bdcfaa3ce1f803f1026b2
2026-10-02 19:32:37.463 [OP] F005 inv=FFE7 len=24 #4 26b35c3828d7972b1f805b64510bdcfaa3ce1f803f1026b2
2026-10-02 19:32:37.463 [OP] F005 inv=FFE7 len=24 #5 26b35c3828d7972b1f805b64510bdcfaa3ce1f803f1026b2
2026-10-02 19:32:51.151 [SETTLE] exp=12468 gold=201783 len=393
2026-10-02 19:35:21.270 [SETTLE] exp=12165 gold=201783 len=403
2026-10-02 19:35:21.270 [OP] 4707 inv=FFF3 len=12 #1 e45dad80a0ecfc0b17faa32b
2026-10-02 19:35:21.381 [OP] 4612 inv=FFF7 len=8 #5 ca805b64e38052fa
2026-10-02 19:35:58.223 [SETTLE] exp=9849 gold=201783 len=393
2026-10-02 19:36:32.162 [SETTLE] exp=-27356 gold=201783 len=393
2026-10-02 19:36:32.237 [OP] 4707 inv=FFF3 len=12 #2 e45dad80c6ecfc0b17faa32b
2026-10-02 19:36:32.238 [OP] 4202 inv=FFEF len=16 #1 580bdcfaa32b1f80376f510b98f4a32b
2026-10-02 19:36:32.328 [OP] 40E0 inv=FED1 len=302 #1 408052fa1cde1f805b64510b5ac4a32b1f805b649bd0dcfaa32b1f80bddf510bdcfaa32b85035b64fc0bdcfa392b1f804864510b52faa32bad805b64fc0bdcfa392b1f801564510b52faa32b6d805b645d7fdcfafa2b1f80c564510bcffaa32b88805b64580bdcfa232b1f800d64510b8ffaa32b1f805b64510bdcfaa32b1f805b64510bdcfaa32b1f805b64430bdcfaa32b1f805b64510bdcfaa32b1f805b64
2026-10-02 19:36:32.328 [OP] 40E3 inv=FFDF len=32 #1 d70e392ba5809564370b6afa812b62801264580be4fa232b6980c364970be6fa
2026-10-02 19:36:32.328 [OP] 40E2 inv=FFAB len=84 #1 c687c4647c89c4fac32bca8006640b0b72c4202be2aa406452ec52fafb53ca8029df580b43c4202bb0aac46418ece6fae453ad80fcdffc0be9c4462b21aac464e9ec52fa3e53ad808fdffc0b85c4392bceaac464
2026-10-02 19:36:32.427 [OP] 4055 inv=FFF7 len=8 #1 c6ecfc0bdcfaa32b
2026-10-02 19:36:32.427 [OP] 4232 inv=FF60 len=159 #1 6523d0dce0a32b1f4f5b645127dcfaa3de1f805b6f510bdc1c462b1f805b64510bdcfaa32b1f805b64510bdcfaa32b1f805b64510bdcfaa3449d805b64510bdc6cf82b1f805b6451ac8bfaa32b1f805bed580bdcfaa32b1ff47a64510bdcfaa34959805b21510bdc25a32b1fef5b6451c4dcfaa303ad805ba2510bdc1fa32b1fcc5b64510bdcfaa32cd672eca2d661e2b05b931f805b64510bdcfaa32b1f80
2026-10-02 19:36:32.427 [OP] 4232 inv=FF60 len=159 #2 6523d0dcaea32b1f8c5b6451b2dcfaa3061f805b08510bdccd202b1f805b64510bdcfaa32b1f805b64510bdcfaa32b1f805b64510bdcfaa3281f805b64510bdcb2a32b1f805b6451d7dcfaa32b1f805b11510bdcfaa32b1f007a6451e3dcfaa3931f805b7f510bdce0a32b1fef5b6451c4dcfaa37c1f805bf8510bdce0a32b1f4f5b64510bdcfaa32cd672eca2d661e2b05b2b1f805bdf510bdcfaa32b1f80
2026-10-02 19:36:32.526 [OP] 4613 inv=FFC2 len=61 #3 aaf1fdfeece6faf853979ac35503756fc4f88cbd79958c1ed06fc4f82b1faa95df5196a7633151ca2a5b64d661dce8a3531f8040ef555c8aa2512b1f80
2026-10-02 19:36:32.527 [OP] 40A0 inv=FC37 len=968 #1 c6ecfc0b5e36db2b58aa5b64d4c4dcfadb4a978633eb4d13dcfaa32b1f805b64510bdcfaa32b1f805b64510bdcfaa32b1f805b64510bdcfaa32b1f80c22634b10cf41e4ab0aa5b649cecdcfadb4a86829312178596d8a32b1f805b64510bdcfaa32b1f805b64510bdcfaa32b1f805b64510bdcfaa32b1f80102626b185f4de4af1605b643bb1dcfadb4a961154f9651edcfaa32b1f805b64510bdcfaa32b1f80
2026-10-02 19:36:32.527 [OP] 4613 inv=FF09 len=246 #4 8b8dc7c7ca4f6bdf981b6f32d193caaae9830eee0dc4f853caaa5b6458ec6ffaa66f044e7cdf450bdce0a32bad805b6451b10f23f11e1f805b25b4bf8922202b27b1948ce3aec05b8535942c940fd1ecd5e11cab2f5895df58ecdcfaf853ca802ccd0f2717c4342b1fe65b640b0b6ffaa3d94b964f691740dcfaa36482b7950851ec6f59d12499a6c3df58ec30012353bdebc4df58ecdcfaf853ca802ccd0f27
2026-10-02 19:36:42.704 [OUT] 0022 inv=FFF5 len=14 #1 f5ff22009540c0fd6fc4295d575a
2026-10-02 19:36:42.752 [OP] 4610 inv=FFFE len=1 #1 1c
2026-10-02 19:36:43.711 [OUT] 0022 inv=FFF5 len=14 #2 f5ff22009540c0fd6fc46e589677
2026-10-02 19:36:43.763 [OP] 4610 inv=FFFE len=1 #2 8c
2026-10-02 19:36:43.851 [OP] 40A0 inv=FF43 len=188 #2 c6ecfc0b5236222b7daa5b64f6d0dcfadb4a895f60ab960a5af1d47f722c3c49510bdcfaa32b1f805b64510bdcfaa32b1f805b64510bdcfaa32b1f80e05385b1b65bbf4a8baa5b647decdcfadb4a7cb03c492519dcfaa32b1f805b64510bdcfaa32b1f805b64510bdcfaa32b1f805b64510bdcfaa32b1f80b3531dc4c25b01cee6aa5b6445ecdcfadb4a1eab544e256adcfaa32b1f805b64510bdcfaa32b1f80
2026-10-02 19:36:44.708 [OUT] 0022 inv=FFF5 len=14 #3 f5ff22009540c0fd90c40b58e177
2026-10-02 19:36:44.754 [OP] 4610 inv=FFFE len=1 #3 5e
2026-10-02 19:36:45.705 [OUT] 0022 inv=FFF5 len=14 #4 f5ff22009540c0fd8bc4a15853e7
2026-10-02 19:36:45.751 [OP] 4610 inv=FFFE len=1 #4 41
2026-10-02 19:36:47.315 [OUT] 0030 inv=FFDE len=37 #1 deff30001b3e22a32b1f805be0510bdc81a32b1f263c22adb971faa32b1f805b64510bdcfa
2026-10-02 19:36:49.901 [OP] 4705 inv=FFB8 len=71 #1 437a7f51da3e22a3db67ce5b15b20bdcfaa32b1fe11c64510bdcfaa31a1f805b64510bdcfba32b1f805b645131dcfaa3541f805be0518507d90e6cac805b64510bdcfaa32b1f80
2026-10-02 19:36:51.016 [OUT] 0022 inv=FFEE len=21 #5 eeff22007f08ebb7ceca1639164146c19fdb53b014
2026-10-02 19:36:51.061 [OP] 4610 inv=FFFE len=1 #5 e0
2026-10-02 19:36:52.183 [OP] 40A0 inv=FE8F len=368 #3 c6ecfc0be6fadb2b41aa5b6403d0dcfadb4ae49ee986960a5af1d47f722c3c49510bdcfaa32b1f805b64510bdcfaa32b1f805b64510bdcfaa32b1f80e026b97fb6f4c893e3605b6439ecdcfadb4af1163e7b07c26218f93c1f805b64510bdcfaa32b1f805b64510bdcfaa32b1f805b64510bdcfaa32b1f80e47ffc7fa8223993736c5b647b7fdcfadb4aa7962d836c68673bd47fac341a64510bdcfaa32b1f80
2026-10-02 19:36:57.163 [OP] 40A0 inv=FF7F len=128 #4 c6ecfc0b90fafd2b03aa5b647decdcfadb4a42e5f035064ddcfaa32b1f805b64510bdcfaa32b1f805b64510bdcfaa32b1f805b64510bdcfaa32b1f803b6f770bf4ae4b2b67605b6439ecdcfadb4af1163e7b07c2e150600e1f805b64510bdcfaa32b1f805b64510bdcfaa32b1f805b64510bdcfaa32b1f806ddd480b1625fa2b
2026-10-02 19:37:01.163 [OP] 40A0 inv=FFBB len=68 #5 c6ecfc0b6ffafd2b33aa5b647decdcfadb4a7cb03c494d64dcfaa32b1f805b64510bdcfaa32b1f805b64510bdcfaa32b1f805b64510bdcfaa32b1f809f7f770bd3224b2b
2026-10-02 19:37:07.548 [OUT] 0050 inv=FFF7 len=12 #1 f7ff5000a32b1f80c064510b
2026-10-02 19:37:07.597 [OP] 4019 inv=FF03 len=252 #1 e45dad80c064510b6f22a32b36802cc346de6ed832e819e46d2e25ae74d56cc00be984e3686c28cca877c3e93b60889350e989eb38c10b7b6f60512429c2381a5133800a5f24294852c1a6eab39e03cca877c3e93b7b6f40cdd560c252b52c359b32bdb730c61b36329b9385cb032b4bd34ce52e25de74bb1f9d7f0e6333801ee11d1866350bfd3fad0a5f033deb4be9769baa19f8fd0f23524c4fc881e9adef
2026-10-02 19:37:08.730 [OUT] 0051 inv=FFF7 len=12 #1 f7ff51005b64510b6ffaa32b
2026-10-02 19:37:08.775 [OP] 4019 inv=FEE7 len=280 #2 c6ecfc0b66faa32bcace5b64b80b74ac1de66cd5e66096cc5b1801830ead02d0dde8222d5002d399e0fbeea4cd591d204b1db446b11777b3a6d6d3992de69611cd1e1d9d9abb2db74dccad9780fa41d65a4d5f72c9ddf0e99766547b6fd72da2da3ae26aea49e113502aa43cae7e98ef332a16fd656166f3e5491d6c28971d7ae15e83354d6c28efcaddffb50f8729f28c24634bd3cd35a0532337e38f663526
2026-10-02 19:37:13.678 [OUT] 0051 inv=FFF7 len=12 #2 f7ff51005b64510b90faa32b
2026-10-02 19:37:13.724 [SYS] #FFF692#交纳传送费用#00CCFF#190#FFF692#金币！
2026-10-02 19:37:13.820 [CURRENCY] a=201783 b=76641
2026-10-02 19:37:13.821 [OP] 40E0 inv=FED1 len=302 #2 408052fa1cde1f805b64510b5ac4a32b1f805b649bd0dcfaa32b1f80bddf510bdcfaa32b85035b64fc0bdcfa392b1f804864510b52faa32bad805b64fc0bdcfa392b1f801564510b52faa32b6d805b645d7fdcfafa2b1f80c564510bcffaa32b88805b64580bdcfa232b1f800d64510b8ffaa32b1f805b64510bdcfaa32b1f805b64510bdcfaa32b1f805b64430bdcfaa32b1f805b64510bdcfaa32b1f805b64
2026-10-02 19:37:13.821 [OP] 40E3 inv=FFDF len=32 #2 d70e392ba5805b64370b6afa812b62801264580be4fa232b6980c364970be6fa
2026-10-02 19:37:13.821 [OP] 40E2 inv=FFAB len=84 #2 c687c4647c52155ac32bca8006640b0b72c4202be2aa406452ec52fafb53ca8029df580b43c4202bb0aac46418ece6fae453ad80fcdffc0be9c4462b21aac464e9ec52fa3e53ad808fdffc0b85c4392bceaac464
2026-10-02 19:37:13.821 [OP] 4232 inv=FF60 len=159 #3 6523d0dce0a32b1f4f5b645127dcfaa3de1f805b6f510bdc1c462b1f805b64510bdcfaa32b1f805b64510bdcfaa32b1f805b64510bdcfaa3449d805b64510bdc6cf82b1f805b6451ac8bfaa32b1f805bed580bdcfaa32b1ff47a64510bdcfaa34959805b21510bdc25a32b1fef5b6451c4dcfaa303ad805ba2510bdc1fa32b1fcc5b64510bdcfaa32cd672eca2d661e2b05b931f805b64510bdcfaa32b1f80
2026-10-02 19:37:13.821 [OP] 4232 inv=FF60 len=159 #4 6523d0dcaea32b1f8c5b6451b2dcfaa3061f805b08510bdccd202b1f805b64510bdcfaa32b1f805b64510bdcfaa32b1f805b64510bdcfaa3281f805b64510bdcb2a32b1f805b6451d7dcfaa32b1f805b11510bdcfaa32b1f007a6451e3dcfaa3931f805b7f510bdce0a32b1fef5b6451c4dcfaa37c1f805bf8510bdce0a32b1f4f5b64510bdcfaa32cd672eca2d661e2b05b2b1f805bdf510bdcfaa32b1f80
2026-10-02 19:37:13.890 [OP] 4202 inv=FFEF len=16 #2 71ecdcfa222b1f8074dd510bcce0a32b
2026-10-02 19:37:13.891 [OP] 4055 inv=FFF7 len=8 #2 c6ecfc0bdcfaa32b
2026-10-02 19:37:13.891 [OP] 401B inv=FF73 len=140 #1 e45dad809464510b17faa32bc687c4647f0bdcfa982b1f800b7f510bdcfaa32b0ace5b64510bdcfa80531f805b64510b5ac4a32b1f805b6476e374b34fe21f805b64510bdcfaa32b1fd97b81e38052fa972b1f80f764510b4df4a32b1f805b64bfb1dcfaa32b1f80d364510bdcfaa32b55805b64510bdcfa79b352ad6fe0510bdcfaa32b1f805b64510bdcfa
2026-10-02 19:37:13.945 [OP] 4613 inv=FFBF len=64 #5 f8a082b795085147425bf853391594df58ef23e8a6f459e5e18c1ed06fc4f82b1faa95df51735e277251ca505b64510bdce8a3531f8040ef555c8aa2fb2b1f80
2026-10-02 19:37:14.482 [PIPE] controller disconnected
2026-10-02 19:37:20.394 [OUT] 0050 inv=FFF7 len=12 #2 f7ff5000a32b1f80cf64510b
2026-10-02 19:37:20.447 [OP] 4019 inv=FF7F len=128 #3 c6ecfc0b13faa32bcace5b64e00b5de7382739260205d92a166404c25205e0a1e1ae8d3bffeb4bf3e5491daef49b09612737befb2932bdb7309d237a9333930a5fccac9df1eb7e7b6f9350d85db379d52d8d91329f1d532b7380eaa0532337a24f28c57feae957c737e3da28961154f9bc05b600a32b1f800d6417ad181ea32b
2026-10-02 19:37:22.034 [OUT] 0051 inv=FFF7 len=12 #3 f7ff51005b64510b6ffaa32b
2026-10-02 19:37:22.079 [OP] 4019 inv=FE7B len=388 #4 408052fa002b1f80956f51d599fa609939c8bd4edd20aa1b09a3c354b293891a036c79f4313cf6b9d719187404d4397f2de6072f7d1658f2b9d7f6b9809baa97049b39f3e92d80caf01bb06e6c1d96c1e7a0ae5e01c6127e0691b12a163d4f6c1abe6fe9a6796246309cea162efb06850c1d180a1e27bc69e479c9032b6e39e46dea722ef0032b02ae4d4febf6a2dae9d68bd0cbf677532337e3da3af7d579ef
2026-10-02 19:37:24.085 [OUT] 0051 inv=FFF7 len=12 #4 f7ff51005b64510b8bfaa32b
2026-10-02 19:37:24.133 [SYS] #FFF692#交纳传送费用#00CCFF#1370#FFF692#金币！
2026-10-02 19:37:24.230 [CURRENCY] a=201783 b=75461
2026-10-02 19:37:24.231 [OP] 40E0 inv=FED1 len=302 #3 408052fa1cde1f805b64510b5ac4a32b1f805b649bd0dcfaa32b1f80bddf510bdcfaa32b85035b64fc0bdcfa392b1f804864510b52faa32bad805b64fc0bdcfa392b1f801564510b52faa32b6d805b645d7fdcfafa2b1f80c564510bcffaa32b88805b64580bdcfa232b1f800d64510b8ffaa32b1f805b64510bdcfaa32b1f805b64510bdcfaa32b1f805b64430bdcfaa32b1f805b64510bdcfaa32b1f805b64
2026-10-02 19:37:24.231 [OP] 40E3 inv=FFDF len=32 #3 d70e392ba5805b64370b6afa812b62801264580be4fa232b6980c364970be6fa
2026-10-02 19:37:24.231 [OP] 40E2 inv=FFAB len=84 #3 c687c4647c0bd85fc32bca8006640b0b72c4202be2aa406452ec52fafb53ca8029df580b43c4202bb0aac46418ece6fae453ad80fcdffc0be9c4462b21aac464e9ec52fa3e53ad808fdffc0b85c4392bceaac464
2026-10-02 19:37:24.231 [OP] 4232 inv=FF60 len=159 #5 6523d0dce0a32b1f4f5b645127dcfaa3de1f805b6f510bdc1c462b1f805b64510bdcfaa32b1f805b64510bdcfaa32b1f805b64510bdcfaa3449d805b64510bdc6cf82b1f805b6451ac8bfaa32b1f805bed580bdcfaa32b1ff47a64510bdcfaa34959805b21510bdc25a32b1fef5b6451c4dcfaa303ad805ba2510bdc1fa32b1fcc5b64510bdcfaa32cd672eca2d661e2b05b931f805b64510bdcfaa32b1f80
2026-10-02 19:37:24.301 [OP] 4202 inv=FFEF len=16 #3 7f0bdcfafd2b1f802b64510b94c4a32b
2026-10-02 19:37:24.301 [OP] 4055 inv=FFF7 len=8 #3 c6ecfc0bdcfaa32b
2026-10-02 19:37:24.386 [OP] 401B inv=FF73 len=140 #2 e45dad809464510b17faa32bc687c4647f0bdcfa982b1f800b7f510bdcfaa32b0ace5b64510bdcfa80531f805b64510b5ac4a32b1f805b6476e374b34fe21f805b64510bdcfaa32b1fef5b64e38052fa972b1f80f764510b4df4a32b1f805b64bfb1dcfaa32b1f80d364510bdcfaa32b55805b64510bdcfa79b352ad6fe0510bdcfaa32b1f805b6451b1a150
2026-10-02 19:37:26.019 [OUT] 0050 inv=FFF7 len=12 #3 f7ff5000a32b1f805764510b
2026-10-02 19:37:26.070 [OP] 4019 inv=FF87 len=120 #5 c687c4647b0bdcfaf8de1f8053641eeead88d47f1eb10222b3185b186ce940172cf95b535ab18066961154f92913532a12c6277124ca072f7d161688b513e96d12ca607f16206cd5afca052adc0e392b7380eaa0532337a24f28c57feae957c737e3da28961154f9bc05b600a32b1f800d6417ad181ea32b
2026-10-02 19:37:26.974 [OUT] 0051 inv=FFF7 len=12 #5 f7ff51005b64510b6ffaa32b
2026-10-02 19:37:27.513 [INIT] dll unloaded
2026-10-02 19:37:55.840 [INIT] dll loaded, pid=17852
2026-10-02 19:37:55.840 [INIT] codec loaded OK
2026-10-02 19:37:55.840 [INIT] iat hooks: recv=1 send=1 WSASend=1 connect=1 closesocket=1
2026-10-02 19:37:56.026 [OP] 4109 inv=FFB7 len=72 #1 c687c464517f6fc4a32b1f805b64510b07faa32b59775b6487b1dcfa40ce1f8057f80e0b07faa32b39125b640e7f5efaa32b1f805bdf510b8222a32b39125b64080b5efaa32b1f80
2026-10-02 19:37:56.126 [OP] 4111 inv=FFFD len=2 #1 9464
2026-10-02 19:37:56.126 [OP] 4104 inv=FFFA len=5 #1 293ab8b310
2026-10-02 19:37:56.127 [OP] 4104 inv=FFFA len=5 #2 2f6795adca
2026-10-02 19:37:56.127 [OP] 4104 inv=FFFA len=5 #3 cc3773b077
2026-10-02 19:37:56.127 [OP] 4104 inv=FFFA len=5 #4 37c4a1c1e7
2026-10-02 19:37:57.158 [OUT] 1F51 inv=FFFF len=4 #1 ffff511f
2026-10-02 19:37:57.532 [CLOSE] main sock 3052 closed
2026-10-02 19:38:01.584 [OP] EFFE inv=FFFE len=1 #1 0b
2026-10-02 19:38:06.794 [PIPE] controller connected
2026-10-02 19:38:11.597 [OP] EFFE inv=FFFE len=1 #2 0b
2026-10-02 19:38:34.308 [CONNECT] main sock 3116 -> 8484
2026-10-02 19:38:34.360 [OUT] 0FFF inv=FBC6 len=260 #1 c6fbff0f614f41764b4fe2eb6af43e5710dcfaa32b84805b64fb0bdcfaa32b1f8052ae8db8d5b7ddfc1f805b64510bdcfa572b1f80ba64510bdcfaa32b1965defecb935c04a32b1f805b64510b36faa32b2d805b64510bdcfa2a306ea3f779e3fcdcfaa32b1f805b64510bdcfaa32b1f805b64510bdcfaa32b1f805b64510bdcfaa32b1f805b1018fcd3ec552b69805b22580bdcfaa3d91f805ba9510bdcf1492369a4a56779db7a98ed2bdce99564510bdc10f3fa84b69564510bdcfaa38a1f805bf7edd2a5ce080269b98740793042fded88c8d97b64510bdc539326ac4b6f899eb971c04fe21f805b64310bdcfa5f2b1f805b64510bcbea07a983d55012510bdcfaa3
2026-10-02 19:38:34.615 [OP] 4002 inv=FF3B len=196 #1 94fca5b1acc58d0b4569cca290637aa2e685a028f7e937b9d7ec51af586a9fa6aba071c3e45dad80c464510bdcfaa32bc8d97b81a552155ac4181f807b81a552155a4e78c8d97b81510bdcfafb2b1f805b64510bdcfaa32be1805b64585ddcfaa3b9b9969ce9520bdcfaa32b1f805b64510bdcfa765dad80c464510bdcfaa32bc8d97b81a552155af42b1f807b81a552155a4e78c8d97b81510bdcfa392b1f80
2026-10-02 19:38:35.912 [OUT] 0004 inv=FDD2 len=260 #1 d2fd04000cdcfaa3e3285047e952952d0b7f6c9f805b6451fddcfaa3321f805b64510bdc2d0ca46e952ddb200bdcfaa32b1f805bdd510bdc30a32b1f805b6451577079c95f4b735964510bdcfaa32b1f8c5b6451cddcfaa32b1f805b0ed9614cfaa32b1f805b64510bdcfaa3671f805bb5510bdcfaa32b1f7dcdc2b2e31de1fd5151141c64510bdcfaa32b1f53294b42a07a7e5bafac696fa6c98ad3934f30e2439f8990f42dece6714518a964510bdcfaa32b1f805b64510bdcfaa32b1f805b64510bdcfaa32b1f805b64510bdcfaa32b1f805b64510bdcfaa32b1f805b64510bdcfaa32b1f805b64510bdcfaa32b1f805b64510bdcfaa32b1f805b64510bdcfaa32b1f
2026-10-02 19:38:35.972 [OP] 4014 inv=FFEA len=21 #1 a31f805bd9510bdcc38825840c4b030edeb001f82b
2026-10-02 19:38:35.972 [CLOSE] main sock 3116 closed
2026-10-02 19:38:36.032 [OUT] F001 inv=FE5F len=260 #1 5ffe01f003caa32bc687c46476e374b34fe21f805b64510bdcfaa32b1f4bebe04fb971674fe2af6af464510bdcfaa32b1f805b64510bdcfaa32b1f805b64510bdcfaa32b1f805b64510bdcfaa32b1f805b64510bdcfaa32b1f805b64510bdcfaa32b1f805b64510bdcfaa32b1f805b64510bdcfaa32b1f805b64510bdcfaa32b1f805b64510bdcfaa32b1f805b64510bdcfaa32b1f805b64510bdcfaa32b45d4214f37127ab0e6c5fa6aa9a8abfc76a2c36cc628f4a690b9d3c313309ff25b64510bdcfaa32b1f805b64510bdcfaa32b1f805b64510bdcfaa32b1f805b64510bdcfaa32b1f805b64510bdcfaa32b1f805b64510bdcfaa32b1f805b64510bdcfaa32b1f80
2026-10-02 19:38:36.154 [CLOSE] main sock 2208 closed
2026-10-02 19:38:36.207 [OUT] F001 inv=FE5F len=260 #2 5ffe01f003caa32bc687c46476e374b34fe21f805b64510bdcfaa32b1f4bebe04fb971674fe2af6af464510bdcfaa32b1f805b64510bdcfaa32b1f805b64510bdcfaa32b1f805b64510bdcfaa32b1f805b64510bdcfaa32b1f805b64510bdcfaa32b1f805b64510bdcfaa32b1f805b64510bdcfaa32b1f805b64510bdcfaa32b1f805b64510bdcfaa32b1f805b64510bdcfaa32b1f805b64510bdcfaa32b45d4214f37127ab0e6c5fa6aa9a8abfc76a2c36cc628f4a690b9d3c313309ff25b64510bdcfaa32b1f805b64510bdcfaa32b1f805b64510bdcfaa32b1f805b64510bdcfaa32b1f805b64510bdcfaa32b1f805b64510bdcfaa32b1f805b64510bdcfaa32b1f80
2026-10-02 19:38:36.337 [OP] E001 inv=FFAF len=80 #1 580be8a3a32b1f80b77cb9b3ebffc88a0c5c5a4da476a3a1c95ee6c51d4d2439242070384597fb57d5b3bf5f24463e3bd83d76e374b34fe2b8c5f4987fb97144765409805baed6666ffaa32b1f805b64
2026-10-02 19:38:36.363 [OUT] F041 inv=FFE7 len=28 #1 e7ff41f024c812922d0ba32b1f805b64510bdcfaa3c93a2157fbf4ec
2026-10-02 19:38:36.364 [OUT] F003 inv=FFF7 len=12 #1 f7ff03f00ac5cddf47a8b6a4
2026-10-02 19:38:36.411 [OP] E062 inv=FFCD len=50 #1 9564510bbafa7f3b6c1d985c5579b6947349b2274cf9bc85b1032b25a8ed96784c181874c2d4d0f1d73f332b0b7873baa880
2026-10-02 19:38:36.412 [OP] E062 inv=FFDB len=36 #2 90faa32bee80eecd052a78b83467e8a4f369c5ce4dd0cb56fef33ab76de3b664c159bf80
2026-10-02 19:38:36.412 [OP] E062 inv=FFD6 len=41 #3 ce5b64516edcc0b44bd3a4302774b37803306ed87c542e911708d8c1c6127e0648f7caa14edf3c9780
2026-10-02 19:38:36.412 [OP] E062 inv=FFBD len=66 #4 8bfaa32b2180eecd052a78b83467e8a4f369c56648a6e72307f33ab76d5c192bceebd9b1e97b6f2e14b753eb4b4c723354115f2b04230737be87299ce0ac5c311c80
2026-10-02 19:38:36.412 [OP] E062 inv=FFD2 len=45 #5 aea32b1ffc5b3eaf205bb83467e8a43005939c08e9a1339602fe15472a7ccbe7c0c371aa87299ce0ccce36a780
2026-10-02 19:38:36.469 [OP] E014 inv=FF97 len=104 #1 22b460f2e2185b64510bdcfaa32b1f805b91ff0bc6faa32b38a0b964bfe7c6cae82b1f805b64510bdcfaa32b1f805b64510bdcfaa32b1f805b64510bdcfaa32b1f805b64510bdcfaa32b1f805b64510bdcfaa32b1f805b64510bdcfaa32b1f805b64f2fd198cb7bb
2026-10-02 19:38:36.568 [OP] E004 inv=FF35 len=202 #1 fd0ba1914133409e335513f2dcfaa32b1f805b7ffd0be6faa32b1f805b64580bdcfaa32b1f805b64510b696479020e0f840a2913dcfaa32b1f805b26fdecc4faa32b1f805b64580bdcfaa32b1f805b64510b088880344ba75b64510bdcfaa32b1f805b64fdecdcfaa32b1f805b64d7b252faa32b1f805b64510b088880344ba72964510bdcfaa32b1f805b64fdecdcfaa32b1f805b6455b252faa32b1f805b64
2026-10-02 19:38:46.648 [OP] EFFE inv=FFFE len=1 #3 0b
2026-10-02 19:38:56.664 [OP] EFFE inv=FFFE len=1 #4 0b
2026-10-02 19:39:02.136 [OP] F005 inv=FFE7 len=24 #1 26b35c3828d7e62b1f805b64510bdcfaa3de1f80c84826b2
2026-10-02 19:39:02.235 [OP] F005 inv=FFE7 len=24 #2 26b35c3828d7e62b1f805b64510bdcfaa3de1f80c84826b2
2026-10-02 19:39:02.235 [OP] F005 inv=FFE7 len=24 #3 26b35c3828d7e62b1f805b64510bdcfaa3de1f80c84826b2
2026-10-02 19:39:02.235 [OP] F005 inv=FFE7 len=24 #4 26b35c3828d7e62b1f805b64510bdcfaa3de1f80c84826b2
2026-10-02 19:39:02.235 [OP] F005 inv=FFE7 len=24 #5 26b35c3828d7e62b1f805b64510bdcfaa3de1f80c84826b2
2026-10-02 19:39:07.377 [CLOSE] main sock 1652 closed
2026-10-02 19:39:24.003 [CONNECT] main sock 3876 -> 8484
2026-10-02 19:39:24.048 [OUT] 0FFF inv=FBC6 len=260 #2 c6fbff0f614f41764b4fe2eb6af43e5710dcfaa32b84805b64fb0bdcfaa32b1f8052ae8db8d5b7ddfc1f805b64510bdcfa572b1f80ba64510bdcfaa32b1965defecb935c04a32b1f805b64510b36faa32b2d805b64510bdcfa2a306ea3f779e3fcdcfaa32b1f805b64510bdcfaa32b1f805b64510bdcfaa32b1f805b64510bdcfaa32b1f805b1018fcd3ec552b69805b22580bdcfaa3d91f805ba9510bdcf1492369a4a56779db7a98ed2bdce99564510bdc8c8659ecb69564510bdcfaa38a1f805bf7edd2a5ce080269b98740793042fded88c8d97b64510bdc539326ac4b6f899eb971c04fe21f805b64310bdcfa5f2b1f805b64510bcbea07a983d55012510bdcfaa3
2026-10-02 19:39:24.316 [OP] 4002 inv=FF3B len=196 #2 94d83f91acc58d0b4569cca290637aa2e685a028f7e937b9d7ec51af586a9fa6aba071c3e45dad80c464510bdcfaa32bc8d97b81a552155ac4181f807b81a552155a4e78c8d97b81510bdcfafb2b1f805b64510bdcfaa32be1805b64585ddcfaa3b9b9969ce9520bdcfaa32b1f805b64510bdcfa765dad80c464510bdcfaa32bc8d97b81a552155af42b1f807b81a552155a4e78c8d97b81510bdcfa392b1f80
2026-10-02 19:39:33.405 [OUT] 0004 inv=FDD2 len=260 #2 d2fd04000cdcfaa3e3285047e952952d0b7f6c9f805b6451fddcfaa3321f805b64510bdc2d0ca46e952ddb200bdcfaa32b1f805bdd510bdc30a32b1f805b6451577079c95f4b735964510bdcfaa32b1f8c5b6451cddcfaa32b1f805b0ed9614cfaa32b1f805b64510bdcfaa3671f805bb5510bdcfaa32b1f7dcdc2b2e31de1fd5151141c64510bdcfaa32b1f53294b42a07a7e5bafac696fa6c98ad3934f30e2439f8990f42dece6714518a964510bdcfaa32b1f805b64510bdcfaa32b1f805b64510bdcfaa32b1f805b64510bdcfaa32b1f805b64510bdcfaa32b1f805b64510bdcfaa32b1f805b64510bdcfaa32b1f805b64510bdcfaa32b1f805b64510bdcfaa32b1f
2026-10-02 19:39:33.470 [OP] 4014 inv=FFEA len=21 #2 a31f805bd9510bdc8df95e84ef15030e0860b5f82b
2026-10-02 19:39:33.470 [CLOSE] main sock 3876 closed
2026-10-02 19:39:33.535 [OUT] F001 inv=FE5F len=260 #3 5ffe01f003caa32bc687c46476e374b34fe21f805b64510bdcfaa32b1f4bebe04fb971674fe2af6af464510bdcfaa32b1f805b64510bdcfaa32b1f805b64510bdcfaa32b1f805b64510bdcfaa32b1f805b64510bdcfaa32b1f805b64510bdcfaa32b1f805b64510bdcfaa32b1f805b64510bdcfaa32b1f805b64510bdcfaa32b1f805b64510bdcfaa32b1f805b64510bdcfaa32b1f805b64510bdcfaa32b45d4214f37127ab0e6c5fa6aa9a8abfc76a2c36cc628f4a690b9d3c313309ff25b64510bdcfaa32b1f805b64510bdcfaa32b1f805b64510bdcfaa32b1f805b64510bdcfaa32b1f805b64510bdcfaa32b1f805b64510bdcfaa32b1f805b64510bdcfaa32b1f80
2026-10-02 19:39:33.660 [OP] E001 inv=FFAF len=80 #2 580be8a3a32b1f80b77cb9b3ebffc88a0c5c5a4da476a3a1c95ee6c51d4d2439242070384597fb57d5b3bf5f24463e3bd83d76e374b34fe2b8c5f4987fb97144765409805baed6666ffaa32b1f805b64
2026-10-02 19:39:33.756 [OUT] F041 inv=FFE7 len=28 #2 e7ff41f024c812922d0ba32b1f805b64510bdcfaa3c93a2157fbf4ec
2026-10-02 19:39:33.757 [OUT] F003 inv=FFF7 len=12 #2 f7ff03f00ac5cddf47800fa4
2026-10-02 19:39:33.858 [OP] E014 inv=FF97 len=104 #2 22b460f2e2185b64510bdcfaa32b1f805b64510b0bdb55bb4f55cf64b3e564fa522b1f805b64510bdcfaa32b1f805b64510bdcfaa32b1f805b64510bdcfaa32b1f805b64510bdcfaa32b1f805b64510bdcfaa32b1f805b64510bdcfaa32b1f805b64bdfd362f55bb
2026-10-02 19:39:33.905 [OP] E004 inv=FF35 len=202 #2 fd0ba1914133409e335513f2dcfaa32b1f805b7ffd0be6faa32b1f805b64580bdcfaa32b1f805b64510b696479020e0f840a2913dcfaa32b1f805b26fdecc4faa32b1f805b64580bdcfaa32b1f805b64510b088880344ba75b64510bdcfaa32b1f805b64fdecdcfaa32b1f805b64d7b252faa32b1f805b64510b088880344ba72964510bdcfaa32b1f805b64fdecdcfaa32b1f805b6455b252faa32b1f805b64
2026-10-02 19:39:44.726 [OP] EFFE inv=FFFE len=1 #5 0b
2026-10-02 19:40:04.970 [CLOSE] main sock 1656 closed
2026-10-02 19:40:18.428 [CLOSE] main sock 4294967295 closed
2026-10-02 19:40:18.827 [CLOSE] main sock 4294967295 closed
2026-10-02 19:40:44.821 [CLOSE] main sock 4294967295 closed
2026-10-02 19:40:44.822 [CLOSE] main sock 4294967295 closed
2026-10-02 19:40:44.900 [INIT] dll unloaded
