2026-10-02 08:17:06.751 [INIT] dll loaded, pid=24524
2026-10-02 08:17:06.751 [INIT] codec loaded OK
2026-10-02 08:17:06.751 [INIT] iat hooks: recv=1 send=1 WSASend=1 connect=1 closesocket=1
2026-10-02 08:17:06.755 [OV] overlay window ready
2026-10-02 08:17:18.515 [PIPE] controller connected
2026-10-02 09:03:09.524 [CONNECT] main sock 2560 -> 8484
2026-10-02 09:03:09.587 [OUT] 0FFF inv=FBC6 len=260 #1 c6fbff0f61dbf62d0ba32b1f805b64510bdcfaa32b9d805b64fb0bdcfaa32b1f807c9255f6ec2b67f01f805b64510bdcfa572b1f80ba64510bdcfaa32b0fdc3c02649efc55a32b1f805b64510b36faa32b2d805b64510bdcfa2a306ea3f779e3fcdcfaa32b1f805b64510bdcfaa32b1f805b64510bdcfaa32b1f805b64510bdcfaa32b1f805bbb3ca07aad5b2b69805b3a580bdcfaa3d91f805ba9510bdcf1492369a4a56779db7a98ed74daa29564510bdc19256e84b69564510bdcfaa32b1f805bf7edd2a5ce080269b98740793042fded2b43d795de9a206f539540e2185b64510bdcfaa32b1f805b64b20bdcfa5f2b1f805b64510b1742a6408e4dd876510bdcfaa3
2026-10-02 09:03:09.972 [OP] 4002 inv=FF8B len=116 #1 9556fa0c433a766c2e69f766c9f4e9b076e2b0536f4d376343b0970bc66a6f109410e9de5f5dad80c464510bdcfaa32ba7ad5b64a0ffdcfa3e181f805fb0510b155a4e78c8d97b81510bdcfa562b1f805b64510bdcfaa32b98aa5b645894dcfaa399974dbefb069661faa32b1f805b64510bdcfa
2026-10-02 09:03:11.555 [OUT] 0004 inv=FDD2 len=260 #1 d2fd04000cdcfaa37b7b6af464510bdcfaa32b1f805b6451b1dcfaa3321f805b64510bdc98cbb37b56830eb60bdcfaa32b1f805bdd510bdc30a32b1f805b645131ddb4ae571eb6b864510bdcfaa32b1f8c5b6451cddcfaa32b1f805bfd906973faa32b1f805b64510bdcfaa3671f805bb5510bdcfaa32b1f7dcdd3b29f1d7afd51511b1c64510bdcfaa32b1ff2cb34571b7a9397855867ec3452a9aca2c330acf2ec6642da2da255559f67da64510bdcfaa32b1f805b64510bdcfaa32b1f805b64510bdcfaa32b1f805b64510bdcfaa32b1f805b64510bdcfaa32b1f805b64510bdcfaa32b1f805b64510bdcfaa32b1f805b64510bdcfaa32b1f805b64510bdcfaa32b1f
2026-10-02 09:03:11.626 [OP] 4014 inv=FFEA len=21 #1 0cca805bcd510bdc5d73def3805b6451dc88b3f82b
2026-10-02 09:03:11.682 [OP] 46F2 inv=E407 len=7160 #1 ff1106ab302fdce91f0ad8e5b4642e4e53e78b691fb86633330b611b8031868f5b9196134afa12fc89c8dbfd51e40cfc302be584f0555193d0b4ece86680e67076f97457a331c97c32675b0bcdfdb07a1e825b8deb693a66a62b0bc18b8ddd9bdc80d743825f7164b1beb6b7a377757ed3ef0d0b5a80a14b721a5b50332eeffab0a897324f5d51fb9223df2ba79abca006b5dc6d0bb30a712664d772ad9ba13c
2026-10-02 09:03:11.739 [OP] 46F2 inv=E409 len=7158 #2 be4325e90c43a33135c270e5ba0aa8fa4159123d85a151a4a4b7ad2bae2d54ff6568dcfc1d82ed1606e3060b0811f021279fbd69513223974466083a5bcef68374fc3f829a803e2033196060eae61fb552226b83daa5492bbf06dbe1b36aad04a3e950e96909d42e6efa6061c327bee6b45cdc2ba1b355d58a694a0bb605ad994bf5becc51de7c46a82bab8e1aa41d3cdc8d6a488637e064b349c938c2f40efb
2026-10-02 09:03:11.788 [OP] 46F2 inv=E40A len=7157 #3 fb1acfaed1339d6c802debb3f3dc4ed18b117c5401be0b6e68f0cf1f293350db0b0359650a1f7a6d09c00bd80733b31fd509e1e40b53d72b8b1f8f06ff8232c9fab012ff112eda51e979f1d32bc299d7aa517d2633862bfaf2ee64b1f20feba3953105e5644cbc7ddb809a121d5b09be0aa8fc3f4d7680fffa7301a129639d1f4cf069f70bf09b50651f5f32fdbe608afa6079279fe96876d2dcd1f0b395d36d
2026-10-02 09:03:11.788 [OP] 46F2 inv=E40A len=7157 #4 5003ae65245c23543cc2c8b1deb146042b0ba6af2db3abf0fc80a1ff2e716725a2dcd129c2080c32e1256c2b971d2b2a4ae9c34d196201f9861f8f2bd89c3ca446b0b3bb3c836435e86977b04bb5e5d7e31246dc3b5e6138867122356cad97e32b42b2b2ed33e36eef019b1f23262d5c28f857a3a1505ee45003119cfa3394d00b8bed3596dc12168616bc5bc9bc186201d4fc1f0696b7ea97513816b999e909
2026-10-02 09:03:11.790 [OP] 46F2 inv=E403 len=7164 #5 c9bb65d6d07bb29b5185ca4e499e7096b264068fc9ef6c457c9926132e2e943243bce4bb5b017a5c7703ff6e3980cb1b0c4a77ef128b1fb12c6d81343938162bc334836bb464743863c90e345b5003ae655e6fddffb863d8931b764eb0190e80db8c13182359dc9ee41a9fa6135a7438a349bde909e37aca14d958434380db8c1318dac8c2337cb0413f51a2b0ac1d319a7e89ff01e98ab47523d280e9c34d19
2026-10-02 09:03:11.806 [OP] E001 inv=FFAF len=80 #1 580be8a3462b1f80b77cb9b3ebffc88a0c5c5a4da476a3a1c95ee6c51d4d2439242070384597fb57d5b3bf5f24463e3bd83d1e2e6974046ee50ebb98523976a2513758d4c56451666ffaa32b34805b64
2026-10-02 09:03:11.885 [OP] 4011 inv=FC8D len=882 #1 5f5dad800e64510b6c2e0c5c6465ec21c7120e2eba381f80c4df510b55fadb2bad806d085861e2faa32b1f805b640ac32414fabea05396c1e7e13ca1c95ee6805b78cbe052faa32bcdc46975fcd5dcfaa32b1f801dc1c703a3459d0beb24b180793aeeea13a94569b64d51eadcfaa32b1f877a64510bdcfaa32b41d6814d0aa0012e9f2c1f805b64510bdcfaa32b1f805bc405e052faa32bb2ce5b64510bdcfa
2026-10-02 09:03:11.885 [OP] 4015 inv=FB1B len=1252 #1 2d87c464fc0bdcfaa32b1f803393510bbba0a32b872b5b64d292dcfa8ba41f807b81a5525db3a32bc8d97b81a8c0dcfa4e78c8d97b81a552155a4e78c8d97b81d3b1dcfa41531f807c64510b3efaa32bbfa05b6409d5dcfaa32b1f805b64510b155a4e78c8ef5b64510bdcfad12b1f805b64510b15aea32b1f805b648c0bdcfaa32b1f80f764510be98d312b1f805b64cf15c6faa32b1f805b64510b52faa32b
2026-10-02 09:03:11.885 [OP] 4B45 inv=EF82 len=4221 #1 a07a7f518f8bfaa36afe64ee19e890ac359f134597d94d9e90a5a30c8585c0b1a2c58e71d2e7d845a8a2c4ef123ca1e7dcc66a16946edb3c14e9be8188ccfed6d1707e8d5a457282d25239753fed2afaa8b19402942dd2e762afa8f25b378ae499c3a94138e1aec9670ea15bf9211816946edb3c149130a0d6814dc381ac67a5153e65cc4b48a0e22642e2aa02d94d9e3ea5cb705b4502376557397578c35b41
2026-10-02 09:03:11.899 [OP] E062 inv=FFCD len=50 #1 9564510bbafa7f3b6c1d985c5579b6947349b2274cf9bc85b1032b25a8ed96784c181874c2d4d0f1d73f332b0b7873baa880
2026-10-02 09:03:11.899 [OP] E062 inv=FFDB len=36 #2 90faa32bee80eecd052a78b83467e8a4f369c5ce4dd0cb56fef33ab76de3b664c159bf80
2026-10-02 09:03:11.899 [OP] E062 inv=FFD6 len=41 #3 ce5b64516edcc0b44bd3a4302774b37803306ed87c542e911708d8c1c6127e0648f7caa14edf3c9780
2026-10-02 09:03:11.902 [OP] E062 inv=FFBD len=66 #4 8bfaa32b2180eecd052a78b83467e8a4f369c56648a6e72307f33ab76d5c192bceebd9b1e97b6f2e14b753eb4b4c723354115f2b04230737be87299ce0ac5c311c80
2026-10-02 09:03:11.902 [OP] E062 inv=FFD2 len=45 #5 aea32b1ffc5b3eaf205bb83467e8a43005939c08e9a1339602fe15472a7ccbe7c0c371aa87299ce0ccce36a780
2026-10-02 09:03:11.944 [OP] 4055 inv=FFF7 len=8 #1 baecfc0bdcfaa32b
2026-10-02 09:03:11.944 [OP] 4042 inv=FFBB len=68 #1 540e392bad805b6491d0dcfaa32b1f805b64510bdcfaa32b1f805b647ad0dcfaa32b1f805b64510b119fa32b1f805b641ad0dcfaa32b1f805b64510b3da9a32b1f805b64
2026-10-02 09:03:11.944 [OP] 4056 inv=FFF7 len=8 #1 540e392b1f805b64
2026-10-02 09:03:11.944 [OP] 4055 inv=FFF7 len=8 #2 baecfc0bdcfaa32b
2026-10-02 09:03:11.944 [OP] 4045 inv=FF8B len=116 #1 2d87c464ec0bdcfaa32b1f80c364510bc4faa32b8c805b64c20bdcfa6d2b1f807d64510bc7faa32b2b805b64360bdcfa072b1f804464510bfdfaa32b85805b64d60bdcfa812b1f801264510beefaa32bd1805b64d30bdcfae82b1f80d664510ba2faa32be5805b64a908dcfabb6f1f808ba9510b
2026-10-02 09:03:11.944 [OP] 4041 inv=FFF7 len=8 #1 baecfc0bdcfaa378
2026-10-02 09:03:11.944 [OP] 017E inv=FFED len=18 #1 5f5dad8095df58ec6fc4f853caaa95df58ec
2026-10-02 09:03:11.944 [OP] 4B49 inv=FFF7 len=8 #1 2d87c464510bdcfa
2026-10-02 09:03:11.944 [OP] 40FB inv=FFF9 len=6 #1 5f5dad805b64
2026-10-02 09:03:11.944 [OP] 4613 inv=FFBB len=68 #1 58040370f8d91f990f5319be908cd124e1a6c30df67f6fe22924ca9be7df58ec6ffaa353caaa5ba3e6de5298f8541f80f76451b1dcc4a32beceb066d0d19f8bbea2b1f80
2026-10-02 09:03:11.944 [OP] 40A0 inv=FF07 len=248 #1 baecfc0b8b0e392b8e125b64637fdcfadb4a329abdea13f2dcfaa32b1f805b64510bdcfaa32b1f805b64510bdcfaa32b1f805b64510bdcfaa32b1f8039f80dd0d9e8f0de16605b6439ecdcfadb4ac3548a70b10541bbea0232805b64510bdcfaa32b1f805b64510bdcfaa32b1f805b64510bdcfaa32b1f806408c4ecfbe048536e605b6439ecdcfadb4ac3548a70b10541bbea0232805b64510bdcfaa32b1f80
2026-10-02 09:03:11.944 [OP] 4613 inv=FF3F len=192 #2 ad95e6af58d5dc185924e50d948a8c7516012395d8c7957403756fcf8e53caaa956451ec6fc4a365ec05c4965894dcfacd301f125bdf510b36ac6add127e989bf90bdcfa941c10aa4064291790104223f31c75df84cf6f32929f9e3fe1df58ec6ffaa353caaa5b763b3b5298f8541fc7ec9451b1dcc4a32b623cc83369938c0ba32b1f29e5af58d5dc590193f6a3e9cd194f6fc4a6463041550758ec6fc4a32b
2026-10-02 09:03:12.646 [OP] E014 inv=FF97 len=104 #1 2359657927712c2a510bdcfaa32b1f805b91ff0bc6faa32b38a0b9644e2bd1cae82b1f805b64510bdcfaa32b1f805b64510bdcfaa32b1f805b64510bdcfaa32b1f805b64510bdcfaa32b1f805b64510bdcfaa32b1f805b64510bdcfaa32b1f805b64fcb21a8a1ebb
2026-10-02 09:03:12.691 [OP] E004 inv=FE95 len=362 #1 490ba1914133409e335513f2dcfaa32b1f805b7ffd0be6faa32b1f805b64580bdcfaa32b1f805b64510b696479020e0f840a2913dcfaa32b1f805b26fdecc4faa32b1f805b64580bdcfaa32b1f805b64510b088880344ba7f464510bdcfaa32b1f805b64fcecdcfaa32b1f805b64b4b252faa32b1f805b64510b0cc17923ac805b64510bdcfaa32b1f805b64fd0bdcfaa32b1f805b64fda690faa32b1f805b64
2026-10-02 09:03:14.056 [OUT] 1F02 inv=FFFB len=8 #1 fbff021fdcfaa32b
2026-10-02 09:03:14.064 [OUT] 0040 inv=FFFA len=9 #1 faff4000faa32b1f80
2026-10-02 09:03:14.064 [OUT] 0041 inv=FFFA len=9 #1 faff4100805b64510b
2026-10-02 09:03:14.064 [OUT] 0185 inv=FFF7 len=12 #1 f7ff8501dcfaa32bc8d97b81
2026-10-02 09:03:14.064 [OUT] 003D inv=FFFB len=8 #1 fbff3d00dcfaa32b
2026-10-02 09:03:14.064 [OUT] 003C inv=FFFB len=8 #1 fbff3c005b64510b
2026-10-02 09:03:14.064 [OUT] 003E inv=FFFB len=8 #1 fbff3e001f805b64
2026-10-02 09:03:14.064 [OUT] 003F inv=FFFB len=8 #1 fbff3f00510bdcfa
2026-10-02 09:03:14.064 [OUT] 0053 inv=FFFB len=8 #1 fbff5300510bdcfa
2026-10-02 09:03:14.064 [OUT] 1F00 inv=FFFB len=8 #1 fbff001fa32b1f80
2026-10-02 09:03:14.064 [OUT] 1F06 inv=FFFB len=8 #1 fbff061f5b64510b
2026-10-02 09:03:14.064 [OUT] 0230 inv=FFFB len=8 #1 fbff3002dcfaa32b
2026-10-02 09:03:14.064 [OUT] 0231 inv=FFFB len=8 #1 fbff31021f805b64
2026-10-02 09:03:14.064 [OUT] 0232 inv=FFFB len=8 #1 fbff3202510bdcfa
2026-10-02 09:03:14.064 [OUT] 0054 inv=FFFB len=8 #1 fbff5400a32b1f80
2026-10-02 09:03:14.073 [OUT] 01E4 inv=FFFB len=8 #1 fbffe4012d87c464
2026-10-02 09:03:14.096 [OP] F005 inv=FFE7 len=24 #1 ed3572a4cd97854d1f805b64510bdcfaa3de838c03743b6b
2026-10-02 09:03:14.107 [OP] 4601 inv=FFF7 len=8 #1 7b81a552155a232b
2026-10-02 09:03:14.161 [OP] 4600 inv=FF87 len=120 #1 e85f4f54c4646fa6a7ce2d3a28f5e26ae1e957b9f2a24f6c3e6a6fe94bb92da2fc6ce26ae1e957b9f2a24f6c3e6a6fe94bb92da2fc6ce26ae1e957b9f2a24f6c3e6a6fe94bb92da2fc6ce26ae1e957b9f2a24f6c3e6a6fe94bb92da2fc6ce26ae1e957b9f2a24f6c3e6a6fe94bb92da2fc6ce26ae1e957b9
2026-10-02 09:03:14.243 [OP] 40E3 inv=FFBB len=68 #1 2d87c464fb0bdcfac32b62804764830bdefaf82b6480c36414ec52fa56535980f7df580b68c4202b58aa406485ec8ffa5553ad80c6dffc0bb8c4db2b2eaa0d6486d08bfa
2026-10-02 09:03:14.243 [OP] 40E2 inv=FFF3 len=12 #1 baecfc0b6ffaa32b45809564
2026-10-02 09:03:14.243 [OP] 40E4 inv=FFA9 len=86 #1 540e392bca805b64e90bdcfaa32b1f805b64510be7faa32b1f805b64510bdcfaf853ca8095df0b0b43c4202bb0aa5b64510bdcfaa32b1f805b64510bdcfaa32b1f805b64510bdcfaa32b1f805b64510bdcfaa32b1f80
2026-10-02 09:03:14.243 [OP] 4244 inv=FFF7 len=8 #1 540e392b1f805b64
2026-10-02 09:03:14.247 [OP] 4050 inv=FFF7 len=8 #1 baecfc0bdcfa2d2b
2026-10-02 09:03:14.247 [OP] 4503 inv=FFF3 len=12 #1 2d87c464510bdcfaa35dad80
2026-10-02 09:03:14.247 [OP] 4020 inv=FEA3 len=348 #1 2d87c464a40b7ffaf85dad807b14510b40fa5b2b1f809564346edcfaf82bca809564520bdec0a32bca8095640e0b90faecc31f809564580b52faf82b8b8d5b64580b6ffafd2ba580a0e7510b6ffaf82b3480dc64021ddcfaf82bca804064390b91a7a32bca809564830b3bfafdb01f809564580b36fa462ba5ec5b64580b6ffa312bca80c347510b6ffaf82bf3809564fe88dcfaf82bca80c064580b680da32b
2026-10-02 09:03:14.247 [OP] 4021 inv=FF97 len=104 #1 5f5dad805c64510baab3a32bbb805bdf510b6ffa05601f807764d60b6ffaf82b872b5b64690b14fadb2bca802093510bfefa5b2bad809564b4b6dcfa2e2bd6801c64580b5db3a32bb1801e640b0b6ffaf6ed1f802164d60b36faf82b88765b64580b6ffa312bca80
2026-10-02 09:03:14.247 [OP] 40FA inv=FF04 len=251 #1 3267ce5b6451f7dcfaa32b1f805b6451ec6afaa32b1f805b64583ddcfaa32b1f805bdfb70bdcfaa32b1f809551510bdcfaa32b1faa0c64510bdcfaa32bcac45b64510bdcfaa353a1805b64510bdcfaf8461f805b64510bdcc41b2b1f805b64510b6f79a32b1f805b6451ec0dfaa32b1f805b645874dcfaa32b1f805bdfdc0bdcfaa32b1f8095a2510bdcfaa32b1faada64510bdcfaa32bcae05b64510bdcfaa3
2026-10-02 09:03:14.247 [OP] 4B30 inv=FFF7 len=8 #1 2d87c464510bdcfa
2026-10-02 09:03:14.247 [OP] 4B31 inv=FFF7 len=8 #1 fb8052faa32b1f80
2026-10-02 09:03:14.247 [OP] 4B21 inv=FFE1 len=30 #1 5f5dad805b81a55215c2a32b1f805b64510bdcfaa32b1f805b64510bdcfa
2026-10-02 09:03:14.247 [OP] 4410 inv=FB1D len=1250 #1 5f5dad805b51787c16d24e78c8d95bdf510b4a43f8531f80e0ab6a60e6c24c82a755bd4eee3c0f41a32b82dd6d98a552155aa3531f80668e58ecdcfadc89559e40dde16fb694a20a911a5b64019716d24e78c8d95bdf510bc043f8531f804c7ea060e6c2dc31bf71bd4e062bf8d6a32b37116d98a552155aa3531f80ff8e58ecdcfad6a3559e40370d2bd82fb9234b0fbd4e960a5af1a32b0d376d98a552155a
2026-10-02 09:03:14.269 [OUT] 0045 inv=FFF7 len=12 #1 f7ff4500510bdcfaa32b1f80
2026-10-02 09:03:14.269 [OUT] 0045 inv=FFF7 len=12 #2 f7ff4500510bdcfaf82b1f80
2026-10-02 09:03:14.269 [OUT] 0045 inv=FFF7 len=12 #3 f7ff4500510bdcfadb2b1f80
2026-10-02 09:03:14.269 [OUT] 0045 inv=FFF7 len=12 #4 f7ff4500510bdcfa392b1f80
2026-10-02 09:03:14.269 [OUT] 0045 inv=FFF7 len=12 #5 f7ff4500510bdcfafd2b1f80
2026-10-02 09:03:14.383 [OP] 4025 inv=FFF6 len=9 #1 2bcae56b6f51ece2fa
2026-10-02 09:03:14.488 [OP] 4025 inv=FFF4 len=11 #2 c4f859b5aa20df51ece2e8
2026-10-02 09:03:14.488 [OP] 4025 inv=FFF5 len=10 #3 db533832c4df51ece2fa
2026-10-02 09:03:14.488 [OP] 4025 inv=FFF5 len=10 #4 39533832c4df51ece2fa
2026-10-02 09:03:14.488 [OP] 4025 inv=FFF5 len=10 #5 fd533832c4df51ece2fa
2026-10-02 09:03:17.786 [OP] 4613 inv=FFBA len=69 #3 df4383e7c420d9392cc39b917fa27523e6bd79915c0eec6f662924702694df58ec6ffaa353caaa5b4549145298f8c41f805bf051b1dcc4a32beceb066d0d9c27bbea2b1f80
2026-10-02 09:03:17.859 [OP] F005 inv=FFE7 len=24 #2 ed3572a4e10f854d1f805b64510bdcfaa3ce7d805b64510b
2026-10-02 09:03:19.915 [OP] F005 inv=FFE7 len=24 #3 ed3572a4e10f854d1f805b64510bdcfaa3de6710b430a80c
2026-10-02 09:03:22.599 [OUT] 1F51 inv=FFFF len=4 #1 ffff511f
2026-10-02 09:03:22.649 [OP] 4F52 inv=FFFF len=0 #1 
2026-10-02 09:03:24.414 [OP] 4613 inv=FFB8 len=71 #4 aaf8fdfeece6253dbc62344cf8eb246a57ff93182c94df43a66ab45c93892cc3df58ec6ffaa353caaa5b0faf495298f8c71f805b6451b1dcc4a32beceb066d0de38abbea2b1f80
2026-10-02 09:03:24.453 [OP] F005 inv=FFE7 len=24 #4 ed3572a407b3854d1f805b64510bdcfaa3ce7d80e93aff0b
2026-10-02 09:03:25.046 [OP] F005 inv=FFE7 len=24 #5 ed3572a4e10f854d1f805b64510bdcfaa3ce1f80b430a80c
2026-10-02 09:03:32.667 [OUT] 1F51 inv=FFFF len=4 #2 ffff511f
2026-10-02 09:03:32.722 [OP] 4F52 inv=FFFF len=0 #2 
2026-10-02 09:03:37.738 [OP] EFFE inv=FFFE len=1 #1 0b
2026-10-02 09:03:42.730 [OUT] 1F51 inv=FFFF len=4 #3 ffff511f
2026-10-02 09:03:42.783 [OP] 4F52 inv=FFFF len=0 #3 
2026-10-02 09:03:45.711 [OP] 43F1 inv=FFFA len=5 #1 33b4de1faa
2026-10-02 09:03:47.495 [OP] 46FE inv=FFFF len=0 #1 
2026-10-02 09:03:50.752 [OP] EFFE inv=FFFE len=1 #2 0b
2026-10-02 09:03:51.587 [OP] 47C0 inv=FFEA len=21 #1 51cac7632831ec8b57ab8ba5967fd958b1dbb6b9d9
2026-10-02 09:03:51.587 [OP] 47C0 inv=FFF3 len=12 #2 0253ca967fd958b1dbb6b9d9
2026-10-02 09:03:51.587 [OP] 47C0 inv=FFF3 len=12 #3 0253ca98add958b16e0ea6d9
2026-10-02 09:03:52.590 [OP] 47C0 inv=FFEA len=21 #4 51cac7632831ec8b57ab8ba5967fd958b1dbb6b9d9
2026-10-02 09:03:52.590 [OP] 47C0 inv=FFF3 len=12 #5 0253ca967fd958b1dbb6b9d9
2026-10-02 09:03:53.600 [OUT] 1F51 inv=FFFF len=4 #4 ffff511f
2026-10-02 09:03:53.654 [OP] 4F52 inv=FFFF len=0 #4 
2026-10-02 09:04:00.768 [OP] EFFE inv=FFFE len=1 #3 0b
2026-10-02 09:04:04.228 [OUT] 1F51 inv=FFFF len=4 #5 ffff511f
2026-10-02 09:04:04.377 [OP] 4F52 inv=FFFF len=0 #5 
2026-10-02 09:04:06.619 [OP] 4704 inv=FFDE len=33 #1 cd3e22a39ef3ce5ba0510bdcc5a32b1f3cc83369938c0ba32b1f805b64510bdcfa
2026-10-02 09:04:10.780 [OP] EFFE inv=FFFE len=1 #4 0b
2026-10-02 09:04:17.753 [OP] 46FE inv=FFFF len=0 #2 
2026-10-02 09:04:21.795 [OP] EFFE inv=FFFE len=1 #5 0b
2026-10-02 09:04:23.098 [OP] 4211 inv=FFEC len=19 #1 ce5b6451af3e22a3de5207c464fc34a722a3de
2026-10-02 09:04:23.098 [OP] 4211 inv=FFF6 len=9 #2 aa5b6451c03e22a3de
2026-10-02 09:04:48.020 [OP] 46FE inv=FFFF len=0 #3 
2026-10-02 09:04:57.474 [OP] 4211 inv=FFF6 len=9 #3 aa5b6451c03e22a34a
2026-10-02 09:04:57.474 [OP] 4211 inv=FFF6 len=9 #4 aa5b64515ca722a34a
2026-10-02 09:04:57.474 [OP] 4211 inv=FFF6 len=9 #5 aa5b6451af3e22a34a
2026-10-02 09:05:18.277 [OP] 46FE inv=FFFF len=0 #4 
2026-10-02 09:05:46.512 [OUT] 0031 inv=FFCE len=53 #1 ceff31006451b39033b4de1f4f5b6451b9dcfaa32b1f805b75510bdce8a32b1f805b6451a2da2bf0e986341a64510bdcfaa32b1f80
2026-10-02 09:05:48.484 [OP] 46FE inv=FFFF len=0 #5 
2026-10-02 09:05:50.311 [OUT] 0030 inv=FFDE len=37 #1 deff300034a722a32b1f805b79510bdcc5a32b1feb066d0d19f8bbea2b1f805b64510bdcfa
2026-10-02 09:05:50.369 [SYS] 你所邀请的对象正在忙碌，无法接受你的邀请。
2026-10-02 09:05:58.426 [OP] 4704 inv=FFDE len=33 #2 cd3e22a39ef3ce5ba0510bdcc5a32b1f3cc83369938c0ba32b1f805b64510bdcfa
2026-10-02 09:06:01.354 [OUT] 0031 inv=FFCE len=53 #2 ceff31006451b39033b4de1f4f5b6451b9dcfaa32b1f805b75510bdce8a32b1f805b6451a2da2bf0e986341a64510bdcfaa32b1f80
2026-10-02 09:06:01.438 [OP] 401B inv=FEB3 len=332 #1 5f5dad800d64510b17faa32b7207c464530bdcfa972b1f80afc6510bdcfaa32be4c65b64510bdcfae9931f805b64510bffe8a32b1f805b64bc595ab12b219f805b64510bdcfaa32b1f8066df12b252fada2b1f802964510bac9fa32b1f805b6437fddcfaa32b1f8012f8510bdcfaa32be0c75b64510bdcfa16876c842d437f0bdcfaa32b1f805b64510bdcfa4d5dad806c64510b31faa32b1d125b64510bdcfa
2026-10-02 09:06:16.932 [OP] 4100 inv=FFF9 len=6 #1 98aaad265eec
2026-10-02 09:06:17.030 [OP] 4101 inv=FC6D len=914 #1 5f5dad809564510bdcfaa32bc8d97b81510bdcfaa32b1f805b64510bdcfaa32b1f805b64510bdcfa87429d4e5b64fc75dcfaa32b1f80c453510bdcfaa32b1f805b64510bdcfa215dad80c464510b52faa32b55925b646992dcfa1f7f1f80c831510b155a4e78c8d97b81a552155a562b1f807b81a5526f30c2d41e5f8bfa191edcfaa32b1f805b6451a0c6faa32b1f805b4d310bdcfaa32b1f805b64510bdcfa
2026-10-02 09:06:17.046 [OUT] 003A inv=FFFB len=8 #1 fbff3a00510bdcfa
2026-10-02 09:06:17.047 [OUT] 003B inv=FFFB len=8 #1 fbff3b00a32b1f80
2026-10-02 09:06:17.101 [OP] 40E0 inv=FED1 len=302 #1 fb8052fa4ece1f805b64510b58faa32b1f805b64a5c4dcfaa32b1f806664510bdcfaa32b76d15b64fc0bdcfa392b1f804864510b2ffaa32bad805b64750bdcfa312b1f806064510b2ffaa32bec805b6417b1dcfa3b2b1f809464510b43faa32b6baa5b64320bdcfa4d2b1f800d64510b8ffaa32b1f805b64510bdcfaa32b1f805b64510bdcfaa32b1f805b64430bdcfaa32b1f805b64510bdcfaa32b1f805b64
2026-10-02 09:06:17.154 [OP] 40E1 inv=FFED len=18 #1 baecfc0b6ffadb54ca809564580b521ff82b
2026-10-02 09:06:18.008 [OUT] 1001 inv=FFF9 len=10 #1 f9ff01101f805b64510b
2026-10-02 09:06:18.159 [OP] 4108 inv=FFE3 len=28 #1 2d87c464510bdcfa21531f80d8f8510bce4051421f805b64510bdcfa
2026-10-02 09:06:18.262 [OP] 4108 inv=FFE3 len=28 #2 2d87c464510bdcfa4d531f80d8f8510bce4051ed1f805b64510bdcfa
2026-10-02 09:06:18.262 [OP] 4108 inv=FFF3 len=12 #3 540e392b1f805b64510bdcfa
2026-10-02 09:06:18.262 [OP] 4108 inv=FFF3 len=12 #4 540e392b1f805b64580bdcfa
2026-10-02 09:06:18.262 [OP] 4108 inv=FFF3 len=12 #5 540e392b1f805b640e0bdcfa
2026-10-02 09:06:18.262 [OP] 4104 inv=FFFB len=4 #1 3cae1f80
2026-10-02 09:06:18.262 [OP] 4104 inv=FFFB len=4 #2 3cae1faa
2026-10-02 09:06:18.262 [OP] 4104 inv=FFFB len=4 #3 0a081fc7
2026-10-02 09:06:18.262 [OP] 4104 inv=FFFB len=4 #4 3cae1fce
2026-10-02 09:06:18.262 [OP] 4104 inv=FFFB len=4 #5 0a081f12
2026-10-02 09:06:20.295 [OP] 4105 inv=FFFE len=1 #1 c0
2026-10-02 09:06:20.295 [OP] 4105 inv=FFFE len=1 #2 af
2026-10-02 09:06:20.395 [OP] 4106 inv=FFFC len=3 #1 b1fdcb
2026-10-02 09:06:20.395 [OP] 4106 inv=FFFC len=3 #2 e546ed
2026-10-02 09:06:20.699 [OP] 4105 inv=FFFE len=1 #3 0c
2026-10-02 09:06:20.805 [OP] 4109 inv=FFB7 len=72 #1 2d87c464517f6fc4a32b1f805b64510b07faa32bad775b6f87b1dcfa40ce1f80577f0e0b07faa32b39125b640ed05efaa32b1f805bdf510b8222a32b39125b64080b5efaa32b1f80
2026-10-02 09:06:20.805 [OP] 4105 inv=FFFE len=1 #4 d0
2026-10-02 09:06:20.805 [OP] 4106 inv=FFFD len=2 #3 a3de
2026-10-02 09:06:20.805 [OP] 4105 inv=FFFE len=1 #5 ec
2026-10-02 09:06:20.805 [OP] 4106 inv=FFFD len=2 #4 a353
2026-10-02 09:06:20.805 [OP] 4106 inv=FFFD len=2 #5 f82b
2026-10-02 09:06:20.805 [OP] 4111 inv=FFFD len=2 #1 c464
2026-10-02 09:06:22.117 [OP] 4109 inv=FFA7 len=88 #2 fb8052faa393caaa5b64510bdcfaa32bb9805b6458cddcae1d4a1f80646f510b54c4db2bb9805b6487b1dcfadb532d805b64510bdcc4a32bb2ce5b6487b1dcfadb2b2d805bdf510b05c4a32bc7aa5b64510bdcfaa32b1f80
2026-10-02 09:06:22.213 [OP] 4111 inv=FFFD len=2 #2 9564
2026-10-02 09:06:23.475 [OP] 4109 inv=FE8B len=372 #3 baecfc0b6ffa46241f805b64510bdcfaf82b1f806e6401c402facccead80c064580bdcfae13b1f80c461510bdcc4a32b1fc75b6477ecdcfa8d2b1f805b64510bdcfaa32bca805b64dfb2dcfa39c4ca805b64510bdcfaa32bca805b64dfb2dcfa39c459805b64510bdcfaa32bca805b64dfb2dcfa39c4ad805b64510bdcfaa32bca805b64dfb2dcfa39c49d805b64510bdce8a32bfa4e5b64d5b2dcfa392b1f80
2026-10-02 09:06:23.565 [OP] 4111 inv=FFFD len=2 #3 c064
2026-10-02 09:06:23.565 [OP] 4112 inv=FFFD len=2 #1 90c4
2026-10-02 09:06:26.242 [OP] 4109 inv=FF0F len=240 #4 baecfc0b6ffafd4a1f805b64510bdcfaf82b1f80c36446b16afa384a9d805b64580bdcfabf6f1f801c64310bdcfaa32b1f805b64580bdcfabf6f1f801c647b0bdcfaa32b1fce5b64580bdcfabf6f1f801c64410bdcfaa32b1f4f9564580bdcfabf6f1f801c648e0bdcfaa32b1fd15b642c75dcfabf6f1f801c64310bdcc4a32b23aa5b64715e54dca32b1f803000510bab5ba32bb08c5b64b20b5efaa3531f80
2026-10-02 09:06:26.340 [OP] 4111 inv=FFFD len=2 #4 5b64
2026-10-02 09:06:28.624 [OP] 4109 inv=FE1F len=480 #5 fb8052faf82b9d8c5b7f510bdcfaa32bca805b640b0b0022202bf7ce1c53410b6ffaa32bb7ef5b64b2afdcfaa3931f805b64510bafc4a32b53805b64510bdcfaa32b1f80d1df510b2dfaa32b1f805b64510bdcfaf82b1f80a76f510b8b02f82b1faa5b64510bdcfa71531f803964510bdcfaa32b1f805b64580bdcfab6ce1f801c7afc0bdcc4a32b1f071c645decdcfaab2b1f805b64510bdcfaa32bca805b64
2026-10-02 09:06:28.719 [OP] 4111 inv=FFFD len=2 #5 a164
2026-10-02 09:06:28.719 [OP] 4112 inv=FFFD len=2 #2 dcc4
2026-10-02 09:06:28.719 [OP] 4112 inv=FFFD len=2 #3 8bc4
2026-10-02 09:06:31.517 [OP] 4112 inv=FFFD len=2 #4 6fc4
2026-10-02 09:06:31.517 [OP] 4112 inv=FFFD len=2 #5 52c4
2026-10-02 09:06:36.191 [SETTLE] exp=3480 gold=201743 len=393
2026-10-02 09:06:36.191 [OP] 472A inv=FE76 len=393 #1 30d8de1f206e64510bdcfaa32b1f805b64510bdcc4a32b1f805b64510bdcfaa31359805b64510bdc5a462b1f805b645124dcfaa32b1f805b4f310bdcfaa32b1f92c264510bdcfaa32b1f805b64510bdcfaa32b1f805b64510bdcfaa32b1f805b64510bdcfaa32b1f805b64510bdcfaa32b1f805b64510bdcfaa32b1f805b64510bdcfaa32b1f805b64510bdcb5a32b1fc3956451f16ffaa3ccca805bd3580bdc
2026-10-02 09:06:36.282 [OP] 42CE inv=FFFB len=4 #1 c87f510b
2026-10-02 09:06:43.285 [OP] 4100 inv=FFF9 len=6 #2 98aade26aeec
2026-10-02 09:06:43.479 [OP] 4101 inv=FBC5 len=1082 #2 5f5dad809564510bdcfaa32bc8d97b81510bdcfaa32b1f805b64510bdcfaa32b1f805b64510bdcfa87429dca5b64fc75dcfaa32b1f80c453510bdcfaa32b1f805b64510bdcfa215dad80c464510b52faa32b55925b646992dcfa1f7f1f80c831510b155a4e78c8d97b81a552155a562b1f807b81a5526f30c2d41e5f8bfa191edcfaa32b1f805b64fca0c6faa32b1f805b4d310bdcfaa32b1f805b64510bdcfa
2026-10-02 09:06:45.119 [OUT] 1001 inv=FFF9 len=10 #2 f9ff01101f805b64510b
2026-10-02 09:06:58.102 [OUT] 1005 inv=FFEF len=20 #1 efff0510a498f853788c5cdffc0bd3c4a32b1f80
2026-10-02 09:06:58.226 [OP] 4110 inv=FFFD len=2 #1 872b
2026-10-02 09:07:12.269 [SETTLE] exp=5584 gold=201743 len=393
2026-10-02 09:07:12.269 [OP] 472A inv=FE76 len=393 #2 30d8de1f169b64510bdcfaa32b1f805b64510bdcfaa32b1f805b64510bdcfaa3bcad805b64510bdc5a462b1f805b645124dcfaa32b1f805be63b0bdcfaa32b1f42c264510bdcfaa32b1f805b64510bdcfaa32b1f805b64510bdcfaa32b1f805b64510bdcfaa32b1f805b64510bdcfaa32b1f805b64510bdcfaa32b1f805b64510bdcfaa32b1f805bdf510bdcbdf82b1f2c5b6451fa6ffaa3731f805bc7580bdc
2026-10-02 09:07:12.368 [OP] 40E1 inv=FFED len=18 #2 baecfc0b6ffadb54ca809564580b521ff82b
2026-10-02 09:07:12.368 [OP] 40E0 inv=FED1 len=302 #2 fb8052fa4ece1f805b64510b58faa32b1f805b64a5c4dcfaa32b1f806664510bdcfaa32b76d15b64fc0bdcfa392b1f804864510b2ffaa32bad805b64750bdcfa312b1f806064510b2ffaa32bec805b6417b1dcfa3b2b1f809464510b43faa32b6baa5b64320bdcfa4d2b1f800d64510b8ffaa32b1f805b64510bdcfaa32b1f805b64510bdcfaa32b1f805b64430bdcfaa32b1f805b64510bdcfaa32b1f805b64
2026-10-02 09:07:12.368 [OP] 40E3 inv=FFBB len=68 #2 2d87c464fb0bd85fc32b62804764830bdefaf82b6480c36414ec52fa56535980f7df580b68c4202b58aa406485ec8ffa5553ad80c6dffc0bb8c4db2b2eaa0d6486d08bfa
2026-10-02 09:07:12.368 [OP] 40E2 inv=FFF3 len=12 #2 baecfc0b6f25a32b45809564
2026-10-02 09:07:12.368 [OP] 42CE inv=FFFB len=4 #2 c87f510b
2026-10-02 09:07:12.391 [OUT] 0185 inv=FFF7 len=12 #2 f7ff8501dcfaa32bc8d97b81
2026-10-02 09:07:14.288 [OUT] 004E inv=FFFA len=9 #1 faff4e00e9580bdcae
2026-10-02 09:07:14.375 [OP] 4029 inv=FFDF len=32 #1 baecfc0b04faa32b1f805b646e0bdcfaa32b1f80137f510b8fc4f82be2809564
2026-10-02 09:07:19.366 [OP] 4100 inv=FFF9 len=6 #3 98aaf37f7aec
2026-10-02 09:07:19.466 [OP] 4101 inv=FC6D len=914 #3 5f5dad809564510bdcfaa32bc8d97b81510bdcfaa32b1f805b64510bdcfaa32b1f805b64510bdcfa87429d4e5b64fc75dcfaa32b1f80c453510bdcfaa32b1f805b64510bdcfa215dad80c464510b52faa32b55925b646992dcfa1f7f1f80c831510b155a4e78c8d97b81a552155a562b1f807b81a5526f30c2d41e5f8bfa191edcfaa32b1f805b6451a0c6faa32b1f805b4d310bdcfaa32b1f805b64510bdcfa
2026-10-02 09:07:20.422 [OUT] 1001 inv=FFF9 len=10 #3 f9ff01101f805b64510b
2026-10-02 09:07:21.400 [OUT] 1004 inv=FFF3 len=16 #1 f3ff04109b3e665359802364510bdcfa
2026-10-02 09:07:21.496 [OP] 4110 inv=FFFD len=2 #2 bc2b
2026-10-02 09:07:23.618 [OUT] 1005 inv=FFEF len=20 #2 efff0510a498f85378c75cdffc0bd3c4a32b1f80
2026-10-02 09:07:23.700 [OP] 4110 inv=FFFD len=2 #3 872b
2026-10-02 09:07:41.110 [SETTLE] exp=3456 gold=201743 len=403
2026-10-02 09:07:41.110 [OP] 472A inv=FE6C len=403 #3 30d8de1fae6e64510bdcfaa32b1f805b64510bdce8a32b1f805b64510bdcfaa30059805b64510bdc5a462b1f805b645124dcfaa32b1f805be63b0bdcfaa32b1f42c264510bdcfaa32b1f805b64510bdcfaa32b1f805b64510bdcfaa32b1f805b64510bdcfaa32b1f805b64510bdcfaa32b1f805b64510bdcfaa32b1f805b64510bdcfaa32b1f805b64510bdcb5a32b1fc3956451fa6ffaa3ccca805b5c510bdc
2026-10-02 09:07:41.202 [OP] 42CE inv=FFFB len=4 #3 c87f510b
2026-10-02 09:07:43.940 [OUT] 0048 inv=FFF7 len=12 #1 f7ff4800dcfaa32b1f459564
2026-10-02 09:07:44.058 [OP] 4721 inv=FFF7 len=8 #1 540e392b1f459564
2026-10-02 09:07:46.367 [OP] 4100 inv=FFF9 len=6 #4 98aa6f7fa47f
2026-10-02 09:07:46.466 [OP] 4101 inv=FC6D len=914 #4 5f5dad809564510bdcfaa32bc8d97b81510bdcfaa32b1f805b64510bdcfaa32b1f805b64510bdcfa87429d4e5b64fc75dcfaa32b1f80c453510bdcfaa32b1f805b64510bdcfa215dad80c464510b52faa32b55925b646992dcfa1f7f1f80c831510b155a4e78c8d97b81a552155a562b1f807b81a5526f30c2d41e5f8bfa191edcfaa32b1f805b642ba0c6faa32b1f805b4d310bdcfaa32b1f805b64510bdcfa
2026-10-02 09:07:47.424 [OUT] 1001 inv=FFF9 len=10 #4 f9ff01101f805b64510b
2026-10-02 09:07:48.971 [OUT] 1005 inv=FFEF len=20 #3 efff05102856b8534dc75cdffc0bd3c4a32b1f80
2026-10-02 09:07:48.971 [OUT] 1004 inv=FFF3 len=16 #2 f3ff04109b3e665359802364510bdcfa
2026-10-02 09:07:49.073 [OP] 4110 inv=FFFD len=2 #4 872b
2026-10-02 09:07:49.274 [OP] 4110 inv=FFFD len=2 #5 bc2b
2026-10-02 09:08:02.516 [OUT] 1005 inv=FFEF len=20 #4 efff0510a498f85378c75cdffc0bd3c4a32b1f80
2026-10-02 09:08:08.661 [SETTLE] exp=3394 gold=201743 len=393
2026-10-02 09:08:08.664 [OP] 472A inv=FE76 len=393 #4 30d8de1f3a6e64510bdcfaa32b1f805b64510bdcfaa32b1f805b64510bdcfaa34059805b64510bdc5a462b1f805b645124dcfaa32b1f805b6a3b0bdcfaa32b1f42c264510bdcfaa32b1f805b64510bdcfaa32b1f805b64510bdcfaa32b1f805b64510bdcfaa32b1f805b64510bdcfaa32b1f805b64510bdcfaa32b1f805b64510bdcfaa32b1f805b64510bdc7af82b1f2c5b6451fa6ffaa3ccca805b5c510bdc
2026-10-02 09:08:08.755 [OP] 42CE inv=FFFB len=4 #4 c87f510b
2026-10-02 09:08:14.760 [OP] 4100 inv=FFF9 len=6 #5 98aa2126b3ec
2026-10-02 09:08:14.858 [OP] 4101 inv=FBC5 len=1082 #5 5f5dad809564510bdcfaa32bc8d97b81510bdcfaa32b1f805b64510bdcfaa32b1f805b64510bdcfa87429dca5b64fc75dcfaa32b1f80c453510bdcfaa32b1f805b64510bdcfa215dad80c464510b52faa32b55925b646992dcfa1f7f1f80c831510b155a4e78c8d97b81a552155a562b1f807b81a5526f30c2d41e5f8bfa191edcfaa32b1f805b640ca0c6faa32b1f805b4d310bdcfaa32b1f805b64510bdcfa
2026-10-02 09:08:15.845 [OUT] 1001 inv=FFF9 len=10 #5 f9ff01101f805b64510b
2026-10-02 09:08:27.886 [OUT] 1004 inv=FFF3 len=16 #3 f3ff04109b3e665359802364510bdcfa
2026-10-02 09:08:27.888 [OUT] 1005 inv=FFEF len=20 #5 efff0510a498f85378795cdffc0bd3c4a32b1f80
2026-10-02 09:08:32.614 [SETTLE] exp=5460 gold=201743 len=403
2026-10-02 09:08:32.614 [OP] 472A inv=FE6C len=403 #5 30d8de1f919b64510bdcfaa32b1f805b64510bdcc4a32b1f805b64510bdcfaa364ad805b64510bdc5a462b1f805b645124dcfaa32b1f805b6a3b0bdcfaa32b1f42c264510bdcfaa32b1f805b64510bdcfaa32b1f805b64510bdcfaa32b1f805b64510bdcfaa32b1f805b64510bdcfaa32b1f805b64510bdcfaa32b1f805b64510bdcfaa32b1f805b64510bdc7af82b1fc3956451fa6ffaa391ca805bd3580bdc
2026-10-02 09:08:32.705 [OP] 42CE inv=FFFB len=4 #5 c87f510b
2026-10-02 09:08:34.157 [OUT] 0048 inv=FFF7 len=12 #2 f7ff4800dcfaa32b1f459564
2026-10-02 09:08:34.300 [OP] 4721 inv=FFF7 len=8 #2 540e392b1f459564
2026-10-02 09:08:47.847 [SETTLE] exp=3934 gold=201743 len=393
2026-10-02 09:09:05.477 [SETTLE] exp=5460 gold=201743 len=403
2026-10-02 09:09:06.333 [OUT] 0048 inv=FFF7 len=12 #3 f7ff4800dcfaa32b1f459564
2026-10-02 09:09:06.422 [OP] 4721 inv=FFF7 len=8 #3 540e392b1f459564
2026-10-02 09:09:25.241 [OUT] 1004 inv=FFF3 len=16 #4 f3ff04109b3e665359802364510bdcfa
2026-10-02 09:09:32.955 [SETTLE] exp=4832 gold=201743 len=403
2026-10-02 09:09:34.477 [OUT] 0048 inv=FFF7 len=12 #4 f7ff4800dcfaa32b1f459564
2026-10-02 09:09:34.561 [OP] 4721 inv=FFF7 len=8 #4 540e392b1f459564
2026-10-02 09:09:51.922 [OUT] 1004 inv=FFF3 len=16 #5 f3ff04109b3e665359802364510bdcfa
2026-10-02 09:09:55.522 [SETTLE] exp=4624 gold=201743 len=393
2026-10-02 09:10:25.520 [SETTLE] exp=4770 gold=201743 len=393
2026-10-02 09:10:52.660 [SETTLE] exp=3788 gold=201743 len=393
2026-10-02 09:11:10.034 [OP] 4613 inv=FFBE len=65 #5 c49c1c10aa4064291790104263bc7913195826e3c4a646d741550758ec6fc4a32bcaaa956462082a220253ab809457080b8bfaf82b1f7926b35c3828d7972b1f80
2026-10-02 09:11:17.727 [SETTLE] exp=4980 gold=201743 len=403
2026-10-02 09:11:18.963 [OUT] 0048 inv=FFF7 len=12 #5 f7ff4800dcfaa32b1f459564
2026-10-02 09:11:19.102 [OP] 4721 inv=FFF7 len=8 #5 540e392b1f459564
2026-10-02 09:11:38.505 [SETTLE] exp=4020 gold=201743 len=403
2026-10-02 09:11:54.695 [SETTLE] exp=3424 gold=201743 len=393
2026-10-02 09:12:26.996 [SETTLE] exp=5496 gold=201743 len=403
2026-10-02 09:12:49.282 [SETTLE] exp=3688 gold=201743 len=393
2026-10-02 09:13:20.739 [SETTLE] exp=5104 gold=201743 len=393
2026-10-02 09:13:23.141 [OP] 4612 inv=FFF7 len=8 #1 ca805b64408052fa
2026-10-02 09:13:39.729 [OP] 43F1 inv=FFFA len=5 #2 b4b4de1faa
2026-10-02 09:13:57.130 [SETTLE] exp=4832 gold=201743 len=393
2026-10-02 09:14:13.496 [OP] 4612 inv=FFF7 len=8 #2 ca805b64408052fa
2026-10-02 09:14:25.851 [SETTLE] exp=4476 gold=201743 len=393
2026-10-02 09:14:27.876 [OUT] 004E inv=FFFA len=9 #2 faff4e00e9580bdcae
2026-10-02 09:14:28.034 [OP] 4029 inv=FFDF len=32 #2 baecfc0b04faa32b1f805b646e0bdcfaa32b1f80137f510b8fc4f82b6a809564
2026-10-02 09:14:45.165 [SETTLE] exp=3874 gold=201743 len=403
2026-10-02 09:15:16.659 [SETTLE] exp=5668 gold=201743 len=393
2026-10-02 09:15:38.130 [SETTLE] exp=3996 gold=201743 len=403
2026-10-02 09:15:38.226 [SYS] 获得了#00FF00#1#FFF692#个#64FF7D#碧玉葫芦
2026-10-02 09:15:38.226 [OP] 4020 inv=FFE7 len=24 #2 fb8052fa672bca8094cdfc0b91a7a32bca809564830b3efa
2026-10-02 09:15:47.424 [QUESTION] {"type":"question","sock":2560,"qno":2,"field_a":74,"stem":"地球公转的方向是怎样的?","options":["1、上下蹦","2、左右晃悠","3、社会摇","4、自西向东"]}
2026-10-02 09:15:48.430 [UI] auto dump on question qno=2
2026-10-02 09:15:48.430 [UI] ---- window dump begin (pid 24524) ----
2026-10-02 09:15:48.787 [UI] TOP=00100108 vis=1 cls=QBOvCls rc=(625,470,985,566) title=
2026-10-02 09:15:48.799 [UI] TOP=00150606 vis=1 cls=ATL:012FF210 rc=(285,103,1325,910) title=什么什么大冒险2(①逍遥村敬老院)-自由一号_Sep 24 2026《什么什么大冒险》制作委员会QQ群:515616289
2026-10-02 09:15:48.799 [UI] TOP=00070642 vis=0 cls=DIEmWin rc=(-1,-1,135,38) title=DIEmWin
2026-10-02 09:15:49.195 [UI] TOP=00060604 vis=0 cls=IME rc=(0,0,0,0) title=Default IME
2026-10-02 09:15:49.195 [UI] TOP=00290040 vis=0 cls=MSCTFIME UI rc=(0,0,0,0) title=MSCTFIME UI
2026-10-02 09:15:49.218 [UI] TOP=021F065C vis=0 cls=IME rc=(0,0,0,0) title=Default IME
2026-10-02 09:15:49.220 [UI] TOP=002600EA vis=0 cls=IME rc=(0,0,0,0) title=Default IME
2026-10-02 09:15:49.220 [UI] ---- window dump end ----
2026-10-02 09:15:50.135 [SEND-ANSWER] qno=2 opt=3 ret=13 sock=2560
2026-10-02 09:15:50.187 [SYS] 测试通过！
2026-10-02 09:15:50.286 [SYS] 获得了#00FF00#100#FFF692#金币
2026-10-02 09:15:50.288 [CURRENCY] a=201743 b=315230
2026-10-02 09:15:51.940 [UI] auto-closing quiz frame: qno=2 opt=3
2026-10-02 09:15:52.068 [UI] option 3 control NOT found — falling back to digit key
2026-10-02 09:15:52.072 [UI] sending digit key '3' to hwnd=00150606
2026-10-02 09:15:52.356 [OUT] 1F04 inv=FFF6 len=13 #1 f6ff041fce1f805bf8510bdc22
2026-10-02 09:16:06.390 [SETTLE] exp=3998 gold=201743 len=393
2026-10-02 09:16:35.612 [SETTLE] exp=4894 gold=201743 len=393
2026-10-02 09:16:58.625 [SETTLE] exp=5288 gold=201743 len=393
2026-10-02 09:17:26.147 [SETTLE] exp=4168 gold=201743 len=393
2026-10-02 09:17:26.247 [OP] 4210 inv=FFF3 len=12 #1 ac0bdcfaf72b1f80a1ecfc0b
2026-10-02 09:17:44.525 [SETTLE] exp=4292 gold=201743 len=393
2026-10-02 09:18:12.880 [SETTLE] exp=3246 gold=201743 len=393
2026-10-02 09:18:12.975 [OP] 40E1 inv=FFED len=18 #3 baecfc0b6ffadb54ca809564580b521ff82b
2026-10-02 09:18:12.975 [OP] 40E0 inv=FED1 len=302 #3 fb8052fa4ece1f805b64510b58faa32b1f805b64a5c4dcfaa32b1f806664510bdcfaa32b76d15b64fc0bdcfa392b1f804864510b2ffaa32bad805b64750bdcfa312b1f806064510b2ffaa32bec805b6417b1dcfa3b2b1f809464510b43faa32b6baa5b64320bdcfa4d2b1f800d64510b8ffaa32b1f805b64510bdcfaa32b1f805b64510bdcfaa32b1f805b64430bdcfaa32b1f805b64510bdcfaa32b1f805b64
2026-10-02 09:18:12.975 [OP] 40E3 inv=FFBB len=68 #3 2d87c464fbd0dcfac32b62804764830bdefaf82b6480c36414ec52fa56535980f7df580b68c4202b58aa406485ec8ffa5553ad80c6dffc0bb8c4db2b2eaa0d6486d08bfa
2026-10-02 09:18:12.975 [OP] 40E2 inv=FFF3 len=12 #3 baecfc0b6f5ba32b45809564
2026-10-02 09:18:13.000 [OUT] 0185 inv=FFF7 len=12 #3 f7ff8501dcfaa32bc8d97b81
2026-10-02 09:18:53.831 [SETTLE] exp=5202 gold=201743 len=403
2026-10-02 09:19:28.104 [SETTLE] exp=4146 gold=201743 len=393
2026-10-02 09:19:30.127 [OUT] 004E inv=FFFA len=9 #3 faff4e00e9580bdcae
2026-10-02 09:19:30.215 [OP] 4029 inv=FFDF len=32 #3 baecfc0b04faa32b1f805b646e0bdcfaa32b1f80137f510b8fc4f82b3a809564
2026-10-02 09:19:55.425 [SETTLE] exp=3542 gold=201743 len=403
2026-10-02 09:20:27.634 [SETTLE] exp=4662 gold=201743 len=403
2026-10-02 09:20:57.344 [SETTLE] exp=3394 gold=201743 len=403
2026-10-02 09:21:25.116 [SETTLE] exp=5582 gold=201743 len=393
2026-10-02 09:21:49.817 [SETTLE] exp=3924 gold=201743 len=403
2026-10-02 09:22:17.763 [SETTLE] exp=3480 gold=201743 len=393
2026-10-02 09:22:51.739 [SETTLE] exp=4980 gold=201743 len=403
2026-10-02 09:22:51.739 [OP] 40E1 inv=FFED len=18 #4 baecfc0b6ffadb54ca809564580b52bef82b
2026-10-02 09:22:51.739 [OP] 40E0 inv=FED1 len=302 #4 fb8052fa4ece1f805b64510b58faa32b1f805b64a5c4dcfaa32b1f806664510bdcfaa32b76d15b64fc0bdcfa392b1f804864510b2ffaa32bad805b64750bdcfa312b1f806064510b2ffaa32bec805b6433b1dcfa3b2b1f809464510b43faa32b6baa5b64320bdcfa4d2b1f800d64510b8ffaa32b1f805b64510bdcfaa32b1f805b64510bdcfaa32b1f805b64430bdcfaa32b1f805b64510bdcfaa32b1f805b64
2026-10-02 09:22:51.739 [OP] 40E3 inv=FFBB len=68 #4 2d87c464fb0bdcfac32b62804764830bdefaf82b6480c36414ec52fa56535980f7df580b68c4202b58aa406485ec8ffa5553ad80c6dffc0bb8c4db2b2eaa0d6486d08bfa
2026-10-02 09:22:51.739 [OP] 40E2 inv=FFF3 len=12 #4 baecfc0b6f25a32b45809564
2026-10-02 09:22:51.776 [OUT] 0185 inv=FFF7 len=12 #4 f7ff8501dcfaa32bc8d97b81
2026-10-02 09:23:18.250 [SETTLE] exp=4832 gold=201743 len=393
2026-10-02 09:23:45.821 [SETTLE] exp=3332 gold=201743 len=403
2026-10-02 09:24:20.572 [SETTLE] exp=4438 gold=201743 len=403
2026-10-02 09:24:20.674 [OP] 40E6 inv=FFF3 len=12 #1 5f5dad8065dd510bdcfaa32b
2026-10-02 09:24:20.674 [OP] 40E0 inv=FED1 len=302 #5 fb8052fadbd91f805b64510b92faa32b1f805b640ed5dcfaa32b1f80f164510bdcfaa32b76d15b64fc0bdcfa392b1f804864510b2ffaa32bad805b64750bdcfa312b1f806064510b2ffaa32bec805b6480b1dcfa3b2b1f809464510b43faa32ba8aa5b64320bdcfa4d2b1f800d64510b8ffaa32b1f805b64510bdcfaa32b1f805b64510bdcfaa32b1f805b64430bdcfaa32b1f805b64510bdcfaa32b1f805b64
2026-10-02 09:24:20.674 [OP] 40E3 inv=FFBB len=68 #5 2d87c464fb08dcfac32b62804764830bdefaf82b6480c36414ec52fa56535980f7df580b68c4202b58aa406485ec8ffa5553ad80c6dffc0bb8c4db2b2eaa0d6486d08bfa
2026-10-02 09:24:20.676 [OP] 40E2 inv=FFF3 len=12 #5 baecfc0b6ffa732b45809564
2026-10-02 09:24:20.676 [OP] 4210 inv=FFF3 len=12 #2 ac0bdcfa0d2b1f80baecfc0b
2026-10-02 09:24:20.695 [OUT] 0185 inv=FFF7 len=12 #5 f7ff8501dcfaa32bc8d97b81
2026-10-02 09:24:49.863 [SETTLE] exp=1932 gold=201743 len=403
2026-10-02 09:25:20.497 [SETTLE] exp=3604 gold=201743 len=393
2026-10-02 09:25:42.861 [SETTLE] exp=2800 gold=201743 len=393
2026-10-02 09:26:00.191 [SETTLE] exp=2468 gold=201743 len=393
2026-10-02 09:26:20.093 [SETTLE] exp=3362 gold=201743 len=393
2026-10-02 09:26:47.497 [SETTLE] exp=3076 gold=201743 len=393
2026-10-02 09:27:05.708 [SETTLE] exp=2468 gold=201743 len=403
2026-10-02 09:27:37.146 [SETTLE] exp=2274 gold=201743 len=403
2026-10-02 09:28:00.268 [SETTLE] exp=4184 gold=201743 len=403
2026-10-02 09:28:29.037 [SETTLE] exp=2968 gold=201743 len=393
2026-10-02 09:28:54.646 [SETTLE] exp=4078 gold=201743 len=393
2026-10-02 09:29:26.744 [SETTLE] exp=3120 gold=201743 len=393
2026-10-02 09:29:26.845 [OP] 40E1 inv=FFED len=18 #5 baecfc0b6ffadb54ca809564580b52bef82b
2026-10-02 09:30:04.727 [SETTLE] exp=4104 gold=201743 len=393
2026-10-02 09:30:25.625 [SETTLE] exp=3390 gold=201743 len=393
2026-10-02 09:30:57.478 [SETTLE] exp=3344 gold=201743 len=393
2026-10-02 09:31:34.135 [SETTLE] exp=3452 gold=201743 len=393
2026-10-02 09:31:36.157 [OUT] 004E inv=FFFA len=9 #4 faff4e00e9580bdcae
2026-10-02 09:31:36.296 [OP] 4029 inv=FFDF len=32 #4 baecfc0b04faa32b1f805b646e0bdcfaa32b1f80137f510b8fc4f82bb3809564
2026-10-02 09:32:04.237 [SETTLE] exp=2530 gold=201743 len=403
2026-10-02 09:32:37.290 [SETTLE] exp=3470 gold=201743 len=393
2026-10-02 09:33:07.979 [SETTLE] exp=3122 gold=201743 len=393
2026-10-02 09:33:10.005 [OUT] 004E inv=FFFA len=9 #5 faff4e00e9580bdcae
2026-10-02 09:33:10.139 [OP] 4029 inv=FFDF len=32 #5 baecfc0b04faa32b1f805b646e0bdcfaa32b1f80137f510b8fc4f82baa809564
2026-10-02 09:33:39.667 [SETTLE] exp=4016 gold=201743 len=393
2026-10-02 09:34:09.234 [SETTLE] exp=2682 gold=201743 len=403
2026-10-02 09:34:29.448 [SETTLE] exp=2576 gold=201743 len=403
2026-10-02 09:34:58.172 [SETTLE] exp=3952 gold=201743 len=393
2026-10-02 09:35:21.851 [SETTLE] exp=2862 gold=201743 len=393
2026-10-02 09:35:46.857 [SETTLE] exp=3908 gold=201743 len=403
2026-10-02 09:35:46.956 [SYS] 获得了#00FF00#1#FFF692#个#64FF7D#黄玉葫芦
2026-10-02 09:35:47.055 [OP] 4020 inv=FFE7 len=24 #3 fb8052fa672bca8094cdfc0bcea7a32bca8095640b0b0afa
2026-10-02 09:36:07.320 [SETTLE] exp=4044 gold=201743 len=403
2026-10-02 09:36:18.400 [SYS] #FFF692#恭喜#FF8CF8#凝眉一颦#FFF692#打造出#64FF7D#+10#FFF692#装备
2026-10-02 09:36:27.477 [SETTLE] exp=2386 gold=201743 len=393
2026-10-02 09:36:56.483 [SETTLE] exp=2638 gold=201743 len=403
2026-10-02 09:37:32.461 [SETTLE] exp=3846 gold=201743 len=403
2026-10-02 09:37:59.500 [SETTLE] exp=2406 gold=201743 len=393
2026-10-02 09:38:19.718 [SETTLE] exp=1620 gold=201743 len=403
2026-10-02 09:38:50.637 [SETTLE] exp=4060 gold=201743 len=393
2026-10-02 09:38:50.822 [OP] 4210 inv=FFF3 len=12 #3 ac0bdcfa1e2b1f8057ecfc0b
2026-10-02 09:39:17.508 [SETTLE] exp=1554 gold=201743 len=403
2026-10-02 09:39:49.603 [SETTLE] exp=3300 gold=201743 len=393
2026-10-02 09:40:10.133 [SETTLE] exp=2530 gold=201743 len=393
2026-10-02 09:40:39.585 [SETTLE] exp=4060 gold=201743 len=393
2026-10-02 09:41:09.182 [SETTLE] exp=2530 gold=201743 len=393
2026-10-02 09:41:28.199 [SETTLE] exp=2208 gold=201743 len=403
2026-10-02 09:42:01.534 [SETTLE] exp=3622 gold=201743 len=393
2026-10-02 09:42:31.170 [SETTLE] exp=3408 gold=201743 len=393
2026-10-02 09:43:00.967 [SETTLE] exp=4016 gold=201743 len=403
2026-10-02 09:43:32.680 [SETTLE] exp=2424 gold=201743 len=393
2026-10-02 09:43:56.185 [SETTLE] exp=1554 gold=201743 len=403
2026-10-02 09:44:26.671 [SETTLE] exp=2468 gold=201743 len=393
2026-10-02 09:44:48.026 [SETTLE] exp=2520 gold=201743 len=403
2026-10-02 09:45:16.562 [SETTLE] exp=3998 gold=201743 len=393
2026-10-02 09:45:56.947 [SETTLE] exp=2968 gold=201743 len=393
2026-10-02 09:46:27.329 [SETTLE] exp=2682 gold=201743 len=403
2026-10-02 09:46:54.057 [SETTLE] exp=2178 gold=201743 len=393
2026-10-02 09:47:12.311 [SETTLE] exp=2424 gold=201743 len=403
2026-10-02 09:47:48.087 [SETTLE] exp=1620 gold=201743 len=393
2026-10-02 09:48:12.784 [SETTLE] exp=2638 gold=201743 len=403
2026-10-02 09:48:38.809 [SETTLE] exp=2512 gold=201743 len=403
2026-10-02 09:49:08.061 [SETTLE] exp=2968 gold=201743 len=403
2026-10-02 09:49:32.033 [SETTLE] exp=3970 gold=201743 len=403
2026-10-02 09:50:03.973 [SETTLE] exp=4230 gold=201743 len=403
2026-10-02 09:50:34.219 [SETTLE] exp=3560 gold=201743 len=403
2026-10-02 09:51:03.193 [SETTLE] exp=3622 gold=201743 len=403
2026-10-02 09:51:33.368 [SETTLE] exp=2906 gold=201743 len=403
2026-10-02 09:52:00.792 [SETTLE] exp=3622 gold=201743 len=393
2026-10-02 09:52:34.070 [SETTLE] exp=3300 gold=201743 len=403
2026-10-02 09:52:54.640 [SETTLE] exp=2924 gold=201743 len=403
2026-10-02 09:53:18.551 [SETTLE] exp=2316 gold=201743 len=393
2026-10-02 09:53:51.937 [SETTLE] exp=3666 gold=201743 len=403
2026-10-02 09:54:17.003 [SETTLE] exp=1524 gold=201743 len=403
2026-10-02 09:54:43.348 [SETTLE] exp=3014 gold=201743 len=403
2026-10-02 09:55:16.494 [SETTLE] exp=3998 gold=201743 len=393
2026-10-02 09:55:41.556 [SETTLE] exp=3120 gold=201743 len=403
2026-10-02 09:55:58.866 [SETTLE] exp=4044 gold=201743 len=403
2026-10-02 09:56:24.269 [SETTLE] exp=2424 gold=201743 len=393
2026-10-02 09:56:54.420 [SETTLE] exp=2620 gold=201743 len=403
2026-10-02 09:57:16.855 [SETTLE] exp=2274 gold=201743 len=403
2026-10-02 09:57:44.139 [SETTLE] exp=3014 gold=201743 len=403
2026-10-02 09:58:09.088 [SETTLE] exp=2576 gold=201743 len=393
2026-10-02 09:58:33.172 [SETTLE] exp=1866 gold=201743 len=393
2026-10-02 09:59:04.476 [SETTLE] exp=4060 gold=201743 len=403
2026-10-02 09:59:23.761 [SETTLE] exp=2468 gold=201743 len=403
2026-10-02 09:59:44.789 [OP] 4031 inv=FFDC len=35 #1 455b615108dcfaa3531fe9022e98c810387599970e2d6451839fdd59c0c3e941876f0b
2026-10-02 09:59:52.495 [SETTLE] exp=3684 gold=201743 len=393
2026-10-02 10:00:14.010 [SETTLE] exp=3300 gold=201743 len=403
2026-10-02 10:00:35.562 [SETTLE] exp=3452 gold=201743 len=403
2026-10-02 10:00:57.737 [SETTLE] exp=2424 gold=201743 len=393
2026-10-02 10:01:17.121 [SETTLE] exp=2968 gold=201743 len=403
2026-10-02 10:01:41.126 [SETTLE] exp=1524 gold=201743 len=403
2026-10-02 10:02:13.902 [SETTLE] exp=3498 gold=201743 len=403
2026-10-02 10:02:44.734 [SETTLE] exp=3120 gold=201743 len=403
2026-10-02 10:03:08.215 [SETTLE] exp=3970 gold=201743 len=393
2026-10-02 10:03:40.296 [SETTLE] exp=3604 gold=201743 len=403
2026-10-02 10:04:16.655 [SETTLE] exp=4104 gold=201743 len=393
2026-10-02 10:04:52.851 [SETTLE] exp=3784 gold=201743 len=393
2026-10-02 10:05:21.005 [SETTLE] exp=3120 gold=201743 len=403
2026-10-02 10:05:57.466 [SETTLE] exp=4044 gold=201743 len=393
2026-10-02 10:06:27.764 [SETTLE] exp=3908 gold=201743 len=393
2026-10-02 10:07:02.341 [SETTLE] exp=3390 gold=201743 len=393
2026-10-02 10:07:22.964 [SETTLE] exp=1592 gold=201743 len=403
2026-10-02 10:07:50.934 [SETTLE] exp=3184 gold=201743 len=403
2026-10-02 10:08:27.605 [SETTLE] exp=4212 gold=201743 len=393
2026-10-02 10:08:53.215 [SETTLE] exp=2468 gold=201743 len=393
2026-10-02 10:09:02.353 [OP] 4612 inv=FFE7 len=24 #3 fd0bdcfaa63bad80becdfc0be90e392bb507c464408052fa
2026-10-02 10:09:26.704 [SETTLE] exp=2246 gold=201743 len=403
2026-10-02 10:09:48.250 [SETTLE] exp=2360 gold=201743 len=403
2026-10-02 10:10:13.372 [SETTLE] exp=1882 gold=201743 len=393
2026-10-02 10:10:13.476 [OP] 4020 inv=FFE7 len=24 #4 fb8052fa672bca8094cdfc0b91a7a32bca809564830b31fa
2026-10-02 10:10:13.479 [SYS] 获得了#00FF00#1#FFF692#个#64FF7D#碧玉葫芦
2026-10-02 10:10:28.713 [SETTLE] exp=2350 gold=201743 len=403
2026-10-02 10:10:55.089 [SETTLE] exp=2728 gold=201743 len=393
2026-10-02 10:11:12.595 [SETTLE] exp=2536 gold=201743 len=403
2026-10-02 10:11:33.996 [SETTLE] exp=2274 gold=201743 len=403
2026-10-02 10:11:37.239 [OP] 40A0 inv=FFBB len=68 #2 baecfc0b6ffadb2b69605b6439ecdcfadb4ac3548a70b10543bbea0232805b64510bdcfaa32b1f805b64510bdcfaa32b1f805b64510bdcfaa32b1f8007dff1fd59c49a7c
2026-10-02 10:12:06.757 [SETTLE] exp=2128 gold=201743 len=403
2026-10-02 10:12:27.437 [SETTLE] exp=1360 gold=201743 len=403
2026-10-02 10:12:53.685 [SETTLE] exp=1360 gold=201743 len=393
2026-10-02 10:13:15.623 [SETTLE] exp=620 gold=201743 len=403
2026-10-02 10:13:46.903 [SETTLE] exp=966 gold=201743 len=403
2026-10-02 10:14:08.056 [SETTLE] exp=968 gold=201743 len=403
2026-10-02 10:14:09.219 [OP] 40A0 inv=FFBB len=68 #3 baecfc0b6ffaf82b5a605b6439ecdcfadb4ac3548a70b10568bbea0232805b64510bdcfaa32b1f805b64510bdcfaa32b1f805b64510bdcfaa32b1f8007df8a3d59c4dfee
2026-10-02 10:14:30.772 [SETTLE] exp=862 gold=201743 len=393
2026-10-02 10:15:00.760 [SETTLE] exp=862 gold=201743 len=403
2026-10-02 10:15:04.861 [SYS] #ff0000#您已进入野外区域，可能遭遇玩家间的自由对战，请注意安全！#ffffff#
2026-10-02 10:15:04.962 [OP] 4612 inv=FFF7 len=8 #4 ca805b64418052fa
2026-10-02 10:15:04.962 [OP] 4612 inv=FFF7 len=8 #5 ca805b647b8052fa
2026-10-02 10:15:04.963 [OP] 4202 inv=FFEF len=16 #1 d5ecdcfab42b1f806adf510be4c4a32b
2026-10-02 10:15:04.963 [OP] 4232 inv=FF60 len=159 #1 a923d0dce0a32b1f4f5b645127dcfaa3de1f805b6f510bdc1c462b1f805b64510bdcfaa32b1f805b64510bdcfaa32b1f805b64510bdcfaa39aad805b64510bdccbf82b1f805b64514852faa32b1f805b5b580bdcfaa32b1fde7a64518652faa359ca805ba0510bdc25a32b1fef5b6451c4dcfaa36959805bc2510bdc85a32b1fc45b64510bdcfaa32cd672eca2d661e2b05b931f805b64510bdcfaa32b1f80
2026-10-02 10:15:04.963 [OP] 4232 inv=FF60 len=159 #2 a923d0dcaea32b1f8c5b6451b2dcfaa3061f805b08510bdccd202b1f805b64510bdcfaa32b1f805b64510bdcfaa32b1f805b64510bdcfaa3531f805b64510bdc5fa32b1f805b64517bdcfaa32b1f805b2f510bdcfaa32b1f8d7a6451bc52faa35d1f805ba9510bdc5ba32b1fef5b6451c4dcfaa3b71f805bd9510bdc25a32b1f8c5b64510bdcfaa32cd672eca2d661e2b05b531f805bdf510bdcfaa32b1f80
2026-10-02 10:15:04.963 [OP] 401B inv=FEB3 len=332 #2 5f5dad800d64510b17faa32b7207c464530bdcfa972b1f80afc6510bdcfaa32be4c65b64510bdcfae6531f805b64510bffe8a32b1f805b64bc595ab12b219f805b64510bdcfaa32b1fc75b6412b252fada2b1f802964510bac9fa32b1f805b6437fddcfaa32b1f809adf510bdcfaa32be0c75b64510bdcfa16876c842d437f0bdcfaa32b1f805b6451b122c14d5dad800a64510b31faa32b90125b64510bdcfa
2026-10-02 10:15:05.069 [OP] 4055 inv=FFF7 len=8 #3 baecfc0bdcfaa32b
2026-10-02 10:15:05.070 [OP] 40A0 inv=FF07 len=248 #4 baecfc0b8b0e392b5e605b6439ecdcfadb4ac3548a70b105cd97600e1f805b64510bdcfaa32b1f805b64510bdcfaa32b1f805b64510bdcfaa32b1f8030dfced078c4b1deef125b64e07fdcfadb4ae4f1245d510bdcfaa32b1f805b64510bdcfaa32b1f805b64510bdcfaa32b1f805b64510bdcfaa32b1f806bf84bd0a7e8fcde6fce5b64a9d0dcfadb4a402fed6d510bdcfaa32b1f805b64510bdcfaa32b1f80
2026-10-02 10:18:41.479 [OP] 4031 inv=FFE3 len=28 #2 392b2d805b64510b6ffa512b1f68fa06e2c87424c1770e68fa06e20b
2026-10-02 10:26:53.407 [OP] 4031 inv=FF64 len=155 #3 935b6151d0dcfaa3531fa4db8c740acb57e554e2a4021f2ef368a2346786b098f990b978b8349a6671ffd856b3d3a234670b1cedde6c3876a2348282d36de074a4b1ef1075e8f26f270094b8b8128eac5daf0572a3965034679694f3b3e1a6b6ccc29b40f32cce4d87f0775131a2b1f389f9140fb35120bb4c848980ef6e165119aeeb837bc06919740e23d0e4346451e49cfc58f33ee554cab00b
2026-10-02 10:28:21.353 [SYS] #ff0000#您已进入野外区域，可能遭遇玩家间的自由对战，请注意安全！#ffffff#
2026-10-02 10:28:21.453 [OP] 4202 inv=FFEF len=16 #2 feecdcfab42b1f8056df510bc3c4a32b
2026-10-02 10:28:21.453 [OP] 4232 inv=FF60 len=159 #3 a923d0dce0a32b1f4f5b645127dcfaa3de1f805b6f510bdc1c462b1f805b64510bdcfaa32b1f805b64510bdcfaa32b1f805b64510bdcfaa39aad805b64510bdccbf82b1f805b64514852faa32b1f805b5b580bdcfaa32b1fde7a64518652faa359ca805ba0510bdc25a32b1fef5b6451c4dcfaa36959805bc2510bdc85a32b1fc45b64510bdcfaa32cd672eca2d661e2b05b931f805b64510bdcfaa32b1f80
2026-10-02 10:28:21.453 [OP] 4232 inv=FF60 len=159 #4 a923d0dcaea32b1f8c5b6451b2dcfaa3061f805b08510bdccd202b1f805b64510bdcfaa32b1f805b64510bdcfaa32b1f805b64510bdcfaa3531f805b64510bdc5fa32b1f805b64517bdcfaa32b1f805b2f510bdcfaa32b1f8d7a6451bc52faa35d1f805ba9510bdc5ba32b1fef5b6451c4dcfaa3b71f805bd9510bdc25a32b1f8c5b64510bdcfaa32cd672eca2d661e2b05b531f805bdf510bdcfaa32b1f80
2026-10-02 10:28:21.453 [OP] 401B inv=FEB3 len=332 #3 5f5dad800d64510b17faa32b7207c464530bdcfa972b1f80afc6510bdcfaa32be4c65b64510bdcfae6531f805b64510bffe8a32b1f805b64bc595ab12b219f805b64510bdcfaa32b1fc75b6412b252fada2b1f802964510bac9fa32b1f805b6437fddcfaa32b1f809adf510bdcfaa32be0c75b64510bdcfa16876c842d437f0bdcfaa32b1f805b64510bdcfa4d5dad800a64510b31faa32b90125b64510bdcfa
2026-10-02 10:28:21.548 [OP] 4055 inv=FFF7 len=8 #4 baecfc0bdcfaa32b
2026-10-02 10:28:21.549 [OP] 40A0 inv=FF7F len=128 #5 baecfc0b900e392b4f125b644f0bdcfadb4a86550b70510bdcfaa32b1f805b64510bdcfaa32b1f805b64510bdcfaa32b1f805b64510bdcfaa32b1f8039f80dd0d9e8f0deb1605b6439ecdcfadb4ac3548a70b10568bbea0232805b64510bdcfaa32b1f805b64510bdcfaa32b1f805b64510bdcfaa32b1f802edfe0ec0fc46453
2026-10-02 10:28:49.120 [SETTLE] exp=1 gold=201743 len=393
2026-10-02 10:29:08.153 [SETTLE] exp=1 gold=201743 len=393
2026-10-02 10:29:28.749 [SETTLE] exp=2 gold=201743 len=403
2026-10-02 10:29:49.645 [SETTLE] exp=1 gold=201743 len=393
2026-10-02 10:30:13.597 [SETTLE] exp=2 gold=201743 len=403
2026-10-02 10:30:32.893 [SETTLE] exp=1 gold=201743 len=403
2026-10-02 10:30:52.987 [SETTLE] exp=1 gold=201743 len=403
2026-10-02 10:30:56.090 [SYS] #ff0000#您已进入野外区域，可能遭遇玩家间的自由对战，请注意安全！#ffffff#
2026-10-02 10:30:56.192 [OP] 4232 inv=FF60 len=159 #5 a923d0dce0a32b1f4f5b645127dcfaa3de1f805b6f510bdc1c462b1f805b64510bdcfaa32b1f805b64510bdcfaa32b1f805b64510bdcfaa39aad805b64510bdccbf82b1f805b64514852faa32b1f805b5b580bdcfaa32b1fde7a64518652faa359ca805ba0510bdc25a32b1fef5b6451c4dcfaa36959805bc2510bdc85a32b1fc45b64510bdcfaa32cd672eca2d661e2b05b931f805b64510bdcfaa32b1f80
2026-10-02 10:30:56.193 [OP] 4202 inv=FFEF len=16 #3 95ecdcfab42b1f8072df510be4c4a32b
2026-10-02 10:30:56.193 [OP] 4055 inv=FFF7 len=8 #5 baecfc0bdcfaa32b
2026-10-02 10:30:56.252 [OP] 401B inv=FEB3 len=332 #4 5f5dad800d64510b17faa32b7207c464530bdcfa972b1f80afc6510bdcfaa32be4c65b64510bdcfae9931f805b64510bffe8a32b1f805b64bc595ab12b219f805b64510bdcfaa32b1fc75b6412b252fada2b1f802964510bac9fa32b1f805b6437fddcfaa32b1f80e664510bdcfaa32be0c75b64510bdcfa16876c842d437f0bdcfaa32b1f805b6451b1c9eb4d5dad800a64510b31faa32b90125b64510bdcfa
2026-10-02 10:32:40.298 [SYS] #ff0000#您已进入野外区域，可能遭遇玩家间的自由对战，请注意安全！#ffffff#
2026-10-02 10:32:40.399 [OP] 4202 inv=FFEF len=16 #4 feecdcfab42b1f80d07f510b2625a32b
2026-10-02 10:32:40.400 [OP] 401B inv=FEB3 len=332 #5 5f5dad800d64510b17faa32b7207c464530bdcfa972b1f80afc6510bdcfaa32be4c65b64510bdcfae9931f805b64510bffe8a32b1f805b64bc595ab12b219f805b64510bdcfaa32b1faa5b6412b252fada2b1f802964510bac9fa32b1f805b6437fddcfaa32b1f80e664510bdcfaa32be0c75b64510bdcfa16876c842d437f0bdcfaa32b1f805b64510bdcfa4d5dad800a64510b31faa32b90125b64510bdcfa
2026-10-02 10:33:04.039 [SETTLE] exp=2 gold=201743 len=393
2026-10-02 10:33:20.133 [SETTLE] exp=2 gold=201743 len=403
2026-10-02 10:33:37.660 [SETTLE] exp=2 gold=201743 len=403
2026-10-02 10:33:58.926 [SETTLE] exp=2 gold=201743 len=393
2026-10-02 10:34:18.474 [SETTLE] exp=2 gold=201743 len=403
2026-10-02 10:34:35.707 [SETTLE] exp=2 gold=201743 len=393
2026-10-02 10:34:50.953 [SETTLE] exp=2 gold=201743 len=393
2026-10-02 10:35:13.860 [SETTLE] exp=2 gold=201743 len=393
2026-10-02 10:35:35.369 [SETTLE] exp=1 gold=201743 len=393
2026-10-02 10:35:49.397 [SETTLE] exp=1 gold=201743 len=393
2026-10-02 10:35:49.493 [OP] 4233 inv=FFFA len=5 #1 a07a7f51ec
2026-10-02 10:35:49.493 [OP] 40F6 inv=FFEF len=16 #1 5f5dad809564510bdcfaa32bca87c464
2026-10-02 10:36:12.688 [SETTLE] exp=1 gold=201743 len=393
2026-10-02 10:36:30.202 [SETTLE] exp=1 gold=201743 len=393
2026-10-02 10:36:50.358 [SETTLE] exp=1 gold=201743 len=403
2026-10-02 10:36:54.464 [SYS] #ff0000#您已进入野外区域，可能遭遇玩家间的自由对战，请注意安全！#ffffff#
2026-10-02 10:36:54.538 [OP] 4202 inv=FFEF len=16 #5 b7ecdcfa572b1f80387f510b80c4a32b
2026-10-02 10:36:58.956 [OUT] 009C inv=FFFB len=8 #1 fbff9c00dcfaa32b
2026-10-02 10:36:59.083 [OP] 42E5 inv=FFE5 len=26 #1 0edf510b155a4e78ca805b64510bdcfaa32b1f805b64510bdcfa
2026-10-02 10:37:09.754 [SYS] #FFF692#交纳传送费用#00CCFF#690#FFF692#金币！
2026-10-02 10:37:10.068 [CURRENCY] a=201743 b=314540
2026-10-02 10:37:10.597 [OUT] 009C inv=FFFB len=8 #2 fbff9c00dcfaa32b
2026-10-02 10:37:10.600 [OUT] 009C inv=FFFB len=8 #3 fbff9c00dcfaa32b
2026-10-02 10:37:10.606 [OUT] 009C inv=FFFB len=8 #4 fbff9c00dcfaa32b
2026-10-02 10:37:10.610 [OUT] 009C inv=FFFB len=8 #5 fbff9c00dcfaa32b
2026-10-02 10:37:10.921 [OP] 42E5 inv=FFE5 len=26 #2 7a64510b20faa32bca0c3cc8065c59cc859a0d869887050bdcfa
2026-10-02 10:37:10.939 [OUT] 0135 inv=FFF7 len=12 #1 f7ff3501dcfaa32b5e805b64
2026-10-02 10:37:11.074 [OP] 42E5 inv=FFE5 len=26 #3 7a64510b20faa32bca0c3cc8065c59cc859a0d869887050bdcfa
2026-10-02 10:37:11.075 [OP] 42E5 inv=FFE5 len=26 #4 7a64510b20faa32bca0c3cc8065c59cc859a0d869887050bdcfa
2026-10-02 10:37:11.075 [OP] 42E5 inv=FFE5 len=26 #5 7a64510b20faa32bca0c3cc8065c59cc859a0d869887050bdcfa
2026-10-02 10:37:11.075 [OP] 42A7 inv=FEE6 len=281 #1 a07a7f5133dcfaa30062832e058960677f329cdb9ec3538975ceec388294473d4c8260db9048cd942cc35c18755f8f4841572cc35ce656491792383c90db81a552159d31b04f615f1652cb155a4e470b8fdb81a5cb210cf6fe65d97bdd8352155aeb410bd9325382875f5a4e47d88f7e86e675155ab82442836addf65315251ce2c88f6a3cf475f477236f65796a5c8375495b596f5d793b2b526ae0252924c8
2026-10-02 10:37:17.721 [SYS] #FFF692#交纳传送费用#00CCFF#1370#FFF692#金币！
2026-10-02 10:37:17.817 [CURRENCY] a=201743 b=313860
2026-10-02 10:37:23.927 [SYS] #FFF692#交纳传送费用#00CCFF#1810#FFF692#金币！
2026-10-02 10:37:24.036 [SYS] #ff0000#您已进入野外区域，可能遭遇玩家间的自由对战，请注意安全！#ffffff#
2026-10-02 10:37:24.036 [CURRENCY] a=201743 b=313420
2026-10-02 10:37:28.837 [OP] 40A1 inv=FFEB len=20 #1 510bdcfab65d1f809464510b1af4e1de09ef2126
2026-10-02 10:37:49.875 [SETTLE] exp=2536 gold=201743 len=403
2026-10-02 10:37:51.439 [SYS] #ff0000#您已进入野外区域，可能遭遇玩家间的自由对战，请注意安全！#ffffff#
2026-10-02 10:38:22.237 [SETTLE] exp=5930 gold=201743 len=393
2026-10-02 10:39:07.026 [SETTLE] exp=5990 gold=201743 len=393
2026-10-02 10:39:44.907 [SETTLE] exp=6048 gold=201743 len=393
2026-10-02 10:40:05.486 [QUESTION] {"type":"question","sock":2560,"qno":10,"field_a":77,"stem":"蚯蚓适合生活在什么样的环境里？","options":["1、太空里","2、天空里","3、水里","4、阴暗潮湿"]}
2026-10-02 10:40:06.501 [UI] auto dump on question qno=10
2026-10-02 10:40:06.501 [UI] ---- window dump begin (pid 24524) ----
2026-10-02 10:40:06.858 [UI] TOP=00100108 vis=1 cls=QBOvCls rc=(625,470,985,566) title=
2026-10-02 10:40:06.866 [UI] TOP=00150606 vis=1 cls=ATL:012FF210 rc=(285,103,1325,910) title=什么什么大冒险2(①逍遥村敬老院)-自由一号_Sep 24 2026《什么什么大冒险》制作委员会QQ群:515616289
2026-10-02 10:40:06.866 [UI] TOP=00070642 vis=0 cls=DIEmWin rc=(-1,-1,135,38) title=DIEmWin
2026-10-02 10:40:07.267 [UI] TOP=00060604 vis=0 cls=IME rc=(0,0,0,0) title=Default IME
2026-10-02 10:40:07.288 [UI] TOP=00290040 vis=0 cls=MSCTFIME UI rc=(0,0,0,0) title=MSCTFIME UI
2026-10-02 10:40:07.306 [UI] TOP=021F065C vis=0 cls=IME rc=(0,0,0,0) title=Default IME
2026-10-02 10:40:07.306 [UI] TOP=002600EA vis=0 cls=IME rc=(0,0,0,0) title=Default IME
2026-10-02 10:40:07.307 [UI] ---- window dump end ----
2026-10-02 10:40:08.800 [SEND-ANSWER] qno=10 opt=3 ret=13 sock=2560
2026-10-02 10:40:08.853 [SYS] 测试通过！
2026-10-02 10:40:08.955 [SYS] 获得了#00FF00#100#FFF692#金币
2026-10-02 10:40:08.955 [CURRENCY] a=201743 b=315330
2026-10-02 10:40:10.609 [UI] auto-closing quiz frame: qno=10 opt=3
2026-10-02 10:40:10.999 [UI] option 3 control NOT found — falling back to digit key
2026-10-02 10:40:11.976 [OUT] 1F04 inv=FFF6 len=13 #2 f6ff041fce1f805bcd510bdc22
2026-10-02 10:40:18.051 [SETTLE] exp=7922 gold=201743 len=393
2026-10-02 10:40:43.772 [OP] 46E0 inv=FDF7 len=520 #1 baecfc0b6ffaa32b5207c4640e0bdcfae2121f8097c0510bec74462bd62f8823f27ba17ccd13364f66b22b0bdcfae02b8e5f0d64a40bfdc44d2b49b7f8559080e2c17513aa9bb4fedea391fad1972080d064e6f8322fe65d1f802a642d0b8b5b4f3920806b6fc5d0dc08a32bb9afa5260e0bdcfa7a4140120b472b0b6e10e02b3054a161a4f83dfae2186b12a95550b136fab7280d2ba5261d4ad49995a86d80
2026-10-02 10:40:43.887 [SETTLE] exp=7860 gold=201743 len=393
2026-10-02 10:41:14.542 [SETTLE] exp=7860 gold=201743 len=393
2026-10-02 10:41:43.174 [SETTLE] exp=6300 gold=201743 len=393
2026-10-02 10:42:12.914 [SETTLE] exp=6428 gold=201743 len=393
2026-10-02 10:42:44.031 [SETTLE] exp=8180 gold=201743 len=393
2026-10-02 10:42:56.051 [OP] 4114 inv=FFEF len=16 #1 2d87c4647b98dcfa5fff1f806b64510b
2026-10-02 10:42:56.051 [OP] 4114 inv=FFEF len=16 #2 2d87c4647b98dcfa2aad1f8027f8510b
2026-10-02 10:44:09.985 [SETTLE] exp=6566 gold=201743 len=393
2026-10-02 10:44:10.085 [OP] 4707 inv=FFF3 len=12 #1 5f5dad8057ecfc0b17faa32b
2026-10-02 10:45:14.034 [SETTLE] exp=6566 gold=201743 len=403
2026-10-02 10:45:43.822 [SETTLE] exp=4826 gold=201743 len=393
2026-10-02 10:46:16.024 [SETTLE] exp=4892 gold=201743 len=393
2026-10-02 10:46:36.756 [OP] 4114 inv=FFEF len=16 #3 2d87c4647b98dcfa98ff1f806b64510b
2026-10-02 10:46:36.756 [OP] 4114 inv=FFEF len=16 #4 2d87c4647b98dcfa60ad1f80ba64510b
2026-10-02 10:46:52.342 [OP] 4114 inv=FFEF len=16 #5 2d87c4647b98dcfaf3ef1f8027df510b
2026-10-02 10:46:58.615 [SETTLE] exp=4808 gold=201743 len=393
2026-10-02 10:47:45.620 [SETTLE] exp=6502 gold=201743 len=393
2026-10-02 10:48:19.865 [SETTLE] exp=6502 gold=201743 len=393
2026-10-02 10:48:51.438 [SETTLE] exp=6436 gold=201743 len=393
2026-10-02 10:49:28.999 [SETTLE] exp=6436 gold=201743 len=403
2026-10-02 10:51:19.888 [SETTLE] exp=0 gold=201743 len=393
2026-10-02 10:51:19.973 [OP] 4707 inv=FFF3 len=12 #2 5f5dad80baecfc0b17faa32b
2026-10-02 10:51:19.973 [SYS] #FFF000#您使用了幸运丸，经验没有被扣除。
2026-10-02 10:52:24.249 [OP] 43F1 inv=FFFA len=5 #3 bdd8de1faa
2026-10-02 10:53:01.831 [OP] 401E inv=FFAD len=82 #1 5f5dad80a5ecfc0b52faa32bad805b64a552155a4e78c8d98164510b155a4e78c8d97b81a552155a4e78c8d97b81a5528631a32bc8d97b81a552155a4e78c8d97b81a552dcfaa32b1f805b64510bdcfaa32b
2026-10-02 10:53:02.738 [OP] 401E inv=FFAD len=82 #2 5f5dad80a5ecfc0b52faa32bad805b64e690dcfa4e78c8d98164510b155a4e78c8d97b81a552155a1c461f80a69a510b8631a32bc8d97b81a552155a4e78c8d97b81a552dcfaa32b1f805b64510bdcfaa32b
2026-10-02 10:53:28.231 [OUT] 0135 inv=FFF7 len=12 #2 f7ff3501dcfaa32b80805b64
2026-10-02 10:53:28.266 [OUT] 0135 inv=FFF7 len=12 #3 f7ff3501dcfaa32b16805b64
2026-10-02 10:53:28.304 [OP] 42A7 inv=FEE6 len=281 #2 a07a7f515ddcfaa32b1f13c316e66ae001576f57790b64510b380448bcbda62b81a55242b5e32b1f8059299b6a155a4e78bdd96ac0ff10dc1923786551cadde60736b5f547c88c0b89835236ff1c245793c329a85415afc17390a6eef75f755f25f59bcae12e531408b3af89561b185f8c1454bc0d29fc628c6a29e60736af29bc578c6a8683103625ca4757d97b81a552155aca80ec7f5cdd03a66a0b5924d8
2026-10-02 10:53:28.403 [OP] 42A7 inv=FEE6 len=281 #3 a07a7f514fdcfaa3bcbda62bdd5e90dcfa9176eca62b8c03a64201dd2b02730f5c5e90dccd29bcbda62b5bbd53420129bcbda60f5eefa64201e25eeca62b8c03a64201296fa1a52bdd5175420129bcbda62b8c03a66afa571102a62b8c03a6420129bcbda62b5b11df5c0129bcbda62b8c03a642012976a1800f8c03a6420129bcbda62b8c0353dcfa59bcec3b1d5be608f631916fbd2c5b5e5ea6420123bcbd
2026-10-02 10:54:15.351 [OUT] 0135 inv=FFF7 len=12 #4 f7ff3501dcfaa32b6d805b64
2026-10-02 10:54:15.423 [OP] 42A7 inv=FEE6 len=281 #4 a07a7f513ddcfaa39991ebed871ea223acc29991ebed871ea223acc299c8d97b81a524155ac299c8ebed871ea223acc299919aed871ea2235ac299c8d97b81a5a25863d19991ebed871ea223acc299919a4d410f2423acc299c8d97b811ea2586306a556d266871ea223acc2995f9ae79775191ca68ec15f3d32c3a55258a68e5cef7ee79775c7585ac299543d32700fd8986306a5569aedc3baab2660d1a556
2026-10-02 10:54:52.014 [OP] 401E inv=FFAD len=82 #3 5f5dad8008ecfc0b52faa32b1f805b64a552155a4e78c8d98164510b155a4e78c8d97b81a552155a1c461f80a69a510b8631a32bc8d97b81a552155a4e78c8d97b81a552dcfaa32b1f805b64510bdcfaa32b
2026-10-02 10:54:52.716 [OP] 401E inv=FFAD len=82 #4 5f5dad8008ecfc0b52faa32b1f805b64e690dcfa4e78c8d98164510b155a4e78c8d97b81a552155a1c461f80a69a510b8631a32bc8d97b81a552155a4e78c8d97b81a552dcfaa32b1f805b64510bdcfaa32b
2026-10-02 10:55:57.748 [OP] 4210 inv=FFF3 len=12 #4 0b0bdcfa0d2b1f800cecfc0b
2026-10-02 10:56:13.639 [OP] 43F1 inv=FFFA len=5 #4 bdd8de1fc7
2026-10-02 10:56:16.122 [OP] 4210 inv=FFF3 len=12 #5 0b0bdcfa0d2b1f807decfc0b
2026-10-02 10:56:42.909 [OP] 43F1 inv=FFFA len=5 #5 bdd8de1faa
2026-10-02 10:58:21.376 [OP] 401E inv=FFAD len=82 #5 5f5dad8096ecfc0b52faa32b1f805b64e690dcfa4e78c8d98164510b155a4e78c8d97b81a552155a4e78c8d97b81a552155a4e78c8d97b81a552155a4e78c8d97b81a552dcfaa32b1f805b64510bdcfaa32b
2026-10-02 11:18:42.341 [OUT] 0135 inv=FFF7 len=12 #5 f7ff3501dcfaa32b60805b64
2026-10-02 11:18:42.530 [OP] 42A7 inv=FEE6 len=281 #5 a07a7f5173dcfaa31831d3c20133340c33509e31d3c2019ff0dcfaa32b1f805bfc9f0bdcfaa32b31d35bfc9f0b38fa1018882b5b64510bef33a318882b5b649f64dcfaa3121f80c2ca9f64cd8aa32b1f800b64516439fa8b9e882b5b64510bdcfaa32b882bac64b4f0dcfaa32b0a805b64516439faa32b31d35b649b0b398a1c2b1f7d5b64510befa9a318882bacfc9f0b38faa3121f2bc2019f64cd8a10e988
2026-10-02 11:21:49.055 [OP] 4031 inv=FFE0 len=31 #4 44dc5ba32b1f805bdf51ae67a99e36a7cb0f1355938cfaa39d7ff324cef60b
2026-10-02 11:39:13.337 [QUESTION] {"type":"question","sock":2560,"qno":19,"field_a":101,"stem":"我国自己研制的火箭，已经多次成功的把什么送上太空？","options":["1、哈士奇","2、嫦娥","3、人造卫星","4、另一个太阳"]}
2026-10-02 11:39:14.343 [UI] auto dump on question qno=19
2026-10-02 11:39:14.343 [UI] ---- window dump begin (pid 24524) ----
2026-10-02 11:39:14.476 [UI] TOP=00100108 vis=1 cls=QBOvCls rc=(625,470,985,566) title=
2026-10-02 11:39:14.483 [UI] TOP=00150606 vis=1 cls=ATL:012FF210 rc=(285,103,1325,910) title=什么什么大冒险2(①逍遥村敬老院)-自由一号_Sep 24 2026《什么什么大冒险》制作委员会QQ群:515616289
2026-10-02 11:39:14.483 [UI] TOP=00070642 vis=0 cls=DIEmWin rc=(-1,-1,135,38) title=DIEmWin
2026-10-02 11:39:14.796 [SEND-ANSWER] qno=19 opt=2 ret=13 sock=2560
2026-10-02 11:39:14.850 [SYS] 测试通过！
2026-10-02 11:39:14.886 [UI] TOP=00060604 vis=0 cls=IME rc=(0,0,0,0) title=Default IME
2026-10-02 11:39:14.886 [UI] TOP=00290040 vis=0 cls=MSCTFIME UI rc=(0,0,0,0) title=MSCTFIME UI
2026-10-02 11:39:14.906 [UI] TOP=021F065C vis=0 cls=IME rc=(0,0,0,0) title=Default IME
2026-10-02 11:39:14.906 [UI] TOP=002600EA vis=0 cls=IME rc=(0,0,0,0) title=Default IME
2026-10-02 11:39:14.908 [UI] ---- window dump end ----
2026-10-02 11:39:14.946 [SYS] 获得了#00FF00#100#FFF692#金币
2026-10-02 11:39:14.946 [CURRENCY] a=201743 b=315430
2026-10-02 11:39:16.600 [UI] auto-closing quiz frame: qno=19 opt=2
2026-10-02 11:39:16.936 [UI] option 2 control NOT found — falling back to digit key
2026-10-02 11:44:33.594 [OV] overlay OFF
2026-10-02 11:53:35.807 [OP] 4031 inv=FF64 len=155 #5 935b6151d0dcfaa3531fa4db8c740acb57e554e2a4021f2ef368a2346786b098f990b978b8349a6671ffd856b3d3a234670b1cedde6c3876a2348282d36de074a4b1ef1075e8f26f270094b8b8128eac5daf0572a3965034679694f3b3e1a6b6ccc29b40f32cce4d87f0775131a2b1f389f9140fb35120bb4c848980ef6e165119aeeb837bc06919740e23d0e4346451e49cfc58f33ee554cab00b
2026-10-02 12:00:00.525 [SYS] 许愿池里多了一批新礼物，赶紧来许愿吧~
2026-10-02 12:02:21.853 [OP] 4708 inv=FFF3 len=12 #1 1addfc0bef25392b1b805b64
2026-10-02 12:02:45.458 [OP] 4708 inv=FFF3 len=12 #2 63ddfc0b2825392bcc805b64
2026-10-02 12:03:28.785 [OP] 4708 inv=FFF3 len=12 #3 2dddfc0b9625392b1b805b64
2026-10-02 12:03:46.581 [OP] 4708 inv=FFF3 len=12 #4 4fddfc0b0c25392bc3805b64
2026-10-02 12:04:35.693 [OP] 4708 inv=FFF3 len=12 #5 5a8f580b5fdadb2bcc805b64
2026-10-02 13:02:59.837 [OUT] 1F04 inv=FFF6 len=13 #3 f6ff041fce1f805b32510bdcc4
2026-10-02 13:03:16.920 [OUT] 0022 inv=FFF5 len=14 #1 f5ff2200959dc0fd90c4355d655a
2026-10-02 13:03:16.975 [OP] 4610 inv=FFFE len=1 #1 b3
2026-10-02 13:03:17.933 [OUT] 0022 inv=FFF5 len=14 #2 f5ff2200959dc0fd6fc4dd6b46e7
2026-10-02 13:03:17.991 [OP] 4610 inv=FFFE len=1 #2 81
2026-10-02 13:03:18.938 [OUT] 0022 inv=FFF5 len=14 #3 f5ff2200959dc0fd6fc41c6bbf77
2026-10-02 13:03:18.991 [OP] 4610 inv=FFFE len=1 #3 87
2026-10-02 13:03:19.922 [OUT] 0022 inv=FFF5 len=14 #4 f5ff2200959dc0fd8bc49c4c2fe7
2026-10-02 13:03:19.978 [OP] 4610 inv=FFFE len=1 #4 90
2026-10-02 13:03:21.727 [OUT] 0036 inv=FFF7 len=12 #1 f7ff3600e6d5dcfad85dad80
2026-10-02 13:03:30.977 [QUESTION] {"type":"question","sock":2560,"qno":11,"field_a":81,"stem":"蚊子发出的“嗡嗡”的声音是由于？","options":["1、翅膀振动","2、有鼻音","3、在唱歌","4、放的屁"]}
2026-10-02 13:03:31.982 [UI] auto dump on question qno=11
2026-10-02 13:03:31.982 [UI] ---- window dump begin (pid 24524) ----
2026-10-02 13:03:32.213 [UI] TOP=00100108 vis=0 cls=QBOvCls rc=(625,470,985,566) title=
2026-10-02 13:03:32.214 [UI] TOP=00150606 vis=1 cls=ATL:012FF210 rc=(285,103,1325,910) title=什么什么大冒险2(①逍遥村敬老院)-自由一号_Sep 24 2026《什么什么大冒险》制作委员会QQ群:515616289
2026-10-02 13:03:32.215 [UI] TOP=00070642 vis=0 cls=DIEmWin rc=(-1,-1,135,38) title=DIEmWin
2026-10-02 13:03:32.505 [SEND-ANSWER] qno=11 opt=0 ret=13 sock=2560
2026-10-02 13:03:32.559 [SYS] 测试通过！
2026-10-02 13:03:32.629 [UI] TOP=00060604 vis=0 cls=IME rc=(0,0,0,0) title=Default IME
2026-10-02 13:03:32.631 [UI] TOP=00290040 vis=0 cls=MSCTFIME UI rc=(0,0,0,0) title=MSCTFIME UI
2026-10-02 13:03:32.651 [UI] TOP=021F065C vis=0 cls=IME rc=(0,0,0,0) title=Default IME
2026-10-02 13:03:32.651 [UI] TOP=002600EA vis=0 cls=IME rc=(0,0,0,0) title=Default IME
2026-10-02 13:03:32.651 [UI] ---- window dump end ----
2026-10-02 13:03:32.666 [SYS] 获得了#00FF00#100#FFF692#金币
2026-10-02 13:03:32.666 [CURRENCY] a=201743 b=315530
2026-10-02 13:03:34.309 [UI] auto-closing quiz frame: qno=11 opt=0
2026-10-02 13:03:35.579 [OUT] 1F04 inv=FFF6 len=13 #4 f6ff041fce1f805b61510bdcfa
2026-10-02 13:04:39.738 [OP] 4707 inv=FFF3 len=12 #3 5f5dad8023ecfc0b17faa32b
2026-10-02 13:05:15.408 [OP] 4707 inv=FFF3 len=12 #4 5f5dad807aecfc0b17faa32b
2026-10-02 13:05:24.921 [OUT] 0022 inv=FFF5 len=14 #5 f5ff2200959dc0fd52c4f34c2fe7
2026-10-02 13:05:24.978 [OP] 4610 inv=FFFE len=1 #5 bf
2026-10-02 13:05:45.396 [OUT] 0030 inv=FFDE len=37 #2 deff3000c03e22a32b1f805bb5510bdcc5a32b1feb066d0d19f8bbea2b1f805b64510bdcfa
2026-10-02 13:05:45.779 [OP] 4705 inv=FFB8 len=71 #1 a07a7f51cd3e22a3ed67ce5b53830bdcfaa32b1f79c364510bdcfaa3941f805b64510bdcdba32b1f805b645131dcfaa3a71f805b6151a2da2bf00ad2341a64510bdcfaa32b1f80
2026-10-02 13:05:51.779 [OUT] 0050 inv=FFF7 len=12 #1 f7ff5000a32b1f80703d510b
2026-10-02 13:05:51.835 [OP] 4019 inv=FFB3 len=76 #1 fb8052fafeae1f80957f510b73fa32e7e4963e675ba653008b696cd5b446b117962309a34b1d24a35c5a28b73b8db9d7f6b7510b6afa41618605bd9b51e66ffa312b91b083e51383629ba32b
2026-10-02 13:05:54.677 [OUT] 0051 inv=FFF7 len=12 #1 f7ff51005b64510b90faa32b
2026-10-02 13:05:56.603 [OUT] 0050 inv=FFF7 len=12 #2 f7ff5000a32b1f80cf64510b
2026-10-02 13:06:01.540 [OUT] 0050 inv=FFF7 len=12 #3 f7ff5000a32b1f80cf64510b
2026-10-02 13:06:01.598 [OP] 4019 inv=FF7F len=128 #2 baecfc0b13faa32bcace5b64e00b5de7382739260205d92a166404c25205e0a1e1ae8d3bffeb4bf3e5491daef49b09612737befb2932bdb7309d237a9333930a5fccac9df1eb7e7b6f9350d85db379d52d8d91329f1d532b7380eaa0532337a24f28c57feae957c737e3da28961154f9bc05b600a32bca720d6417ad181ea32b
2026-10-02 13:06:02.995 [OUT] 0051 inv=FFF7 len=12 #2 f7ff51005b64510b6ffaa32b
2026-10-02 13:06:03.067 [OP] 4019 inv=FEE3 len=284 #3 5f5dad80cf64510b6f22a32b0480418787145ab7a14ba7d0f6b91d0177b332e7827b244433d25b186ce9325f3e3587c828ed4a1c95b1b293552c5b182bfaa7713ef2876989952bc6c2d071675c9b6c140c30b70b93b70d19daeec77ae1cd6fe953232da28f770b36792bb5830ffcd4b931e46dea7240b0cca877c34c2d67872a16fd65d4c24c2d40739e9624599997b846eb30205b3dda3a1abe35a0a69350d8
2026-10-02 13:06:12.050 [OUT] 0051 inv=FFF7 len=12 #3 f7ff51005b64510b90faa32b
2026-10-02 13:06:12.115 [SYS] #FFF692#交纳传送费用#00CCFF#190#FFF692#金币！
2026-10-02 13:06:12.163 [CURRENCY] a=201743 b=315340
2026-10-02 13:06:13.922 [OUT] 0050 inv=FFF7 len=12 #4 f7ff5000a32b1f802764510b
2026-10-02 13:06:13.977 [OP] 4019 inv=FEFF len=256 #4 540e392b84805b6458d0dcfaf02b32f3e0fbe149232332e7fff354ea07585ab7f08e89d5f6b9135cd897f919400ebde32e795bdda26ec2842ec825245b186ce9e4964f2eaee4606db0f76cd5b446b117607709a397f502d05ba6606db0f76cd5855c5ba6add950cfd3998bff0642698d6ce9ff96b446b1176077806612d083de052a28ed65bc6c1aafe1b1e4f0ed1d1a1c053e6776f07d8a4119d39954fc655c
2026-10-02 13:06:14.795 [OUT] 0051 inv=FFF7 len=12 #4 f7ff51005b64510b6ffaa32b
2026-10-02 13:06:14.854 [OP] 4019 inv=FF1B len=228 #5 baecfc0bc6faa32bcac75b64b80b74ac1de66cd5e66096cc5b1801830ead02d0dde8222d5002d399e0fbeea4cd591d204b1db446b11777b3a6d6d3992de69611cd1e1d9d9abb2db74dccad9780fa41d65a4d5f72c9ddf0e99766547b6fd72da2da3ae26aea49e113502aa43cae7e98ef332a16fd656166f3e5491d6c28971d7ae15e83354d6c28efcaddffb50f8729f28c24634bd3cd35a0532337e38f663526
2026-10-02 13:06:16.205 [OUT] 0051 inv=FFF7 len=12 #5 f7ff51005b64510b6ffaa32b
2026-10-02 13:06:16.268 [SYS] #FFF692#交纳传送费用#00CCFF#190#FFF692#金币！
2026-10-02 13:06:16.311 [SYS] #ff0000#您已进入野外区域，可能遭遇玩家间的自由对战，请注意安全！#ffffff#
2026-10-02 13:06:16.311 [CURRENCY] a=201743 b=315340
2026-10-02 13:06:17.544 [OUT] 0050 inv=FFF7 len=12 #5 f7ff5000a32b1f806e64510b
2026-10-02 13:06:30.317 [OP] 40A1 inv=FFEB len=20 #2 510bdcfa337d1f809464510b33e83dd9cdc76408
2026-10-02 13:06:32.781 [OUT] 0046 inv=FFF7 len=12 #1 f7ff4600a32b1f804064510b
2026-10-02 13:06:32.864 [OUT] 0046 inv=FFF7 len=12 #2 f7ff4600a32b1f801c64510b
2026-10-02 13:06:32.921 [OP] 4026 inv=FFC4 len=59 #1 08e6f0e4c2f16bca725b8dd5cddcc45b2b38527a645861dc100d081faaec64626d66faf82c1faeba9051ece2fae8ceee8095a251506fbaa353d680
2026-10-02 13:06:32.961 [OUT] 0046 inv=FFF7 len=12 #3 f7ff4600a32b1f80c464510b
2026-10-02 13:06:33.061 [OUT] 0046 inv=FFF7 len=12 #4 f7ff4600a32b1f805b64510b
2026-10-02 13:06:33.082 [OP] 4026 inv=FFF6 len=9 #2 265850540ea353d680
2026-10-02 13:06:33.233 [OP] 4026 inv=FFC5 len=58 #3 fc088d85d82bca725b8d95b2dcc45b2bf66d7a645861dc1087ce1faaec6462cdf5faf82c1fae6eec51ece2fae8ce298095a251506f25a353d680
2026-10-02 13:06:33.233 [OP] 4026 inv=FFBD len=66 #4 dcca3b0f67b50edfd60b8dc9b42bca725b8da480dcc45b2bf66d9a645861dc1087f81faaec6462cd0bfaf82c1fae6e0c51ece2fae8ce748095a251506f06a353d680
2026-10-02 13:06:35.220 [OUT] 0046 inv=FFF7 len=12 #5 f7ff4600a32b1f805c64510b
2026-10-02 13:06:35.330 [OP] 4026 inv=FFD3 len=44 #5 57d9f66d5c645861dc1087de1faaec6462cdfafaf82c1faedc6f51ece2fae8cea58095a2515052e0a353d680
2026-10-02 13:06:36.040 [OP] 40A1 inv=FFEB len=20 #3 510bdcfa337d1f809464510b1ae840d908c7e508
2026-10-02 13:06:36.292 [OUT] 0083 inv=FFFB len=8 #1 fbff8300dcfaa32b
2026-10-02 13:06:36.349 [OP] 4707 inv=FFF3 len=12 #5 5f5dad80baecfc0b17faa32b
2026-10-02 13:06:36.441 [OP] 40E7 inv=FFEB len=20 #1 fb8052fad82b1f8085a9510bdfe0a32bf62d9f64
2026-10-02 13:12:22.242 [OP] 4704 inv=FFDE len=33 #3 cd3e22a3ed67ce5bb5510bdc53a32b1feb066d0d9c27bbea2b1f805b64510bdcfa
2026-10-02 13:12:22.243 [OUT] 0031 inv=FFCE len=53 #3 ceff31008a4ec66fc6d8de1fc84dec58b9599cfd6dc7fc95d976806feb845f876a079ab2a2da2bf0e986341a64510bdcfaa32b1f80
2026-10-02 13:12:26.289 [OP] 4705 inv=FFB8 len=71 #2 a07a7f51c03e22a3cb67ce5b12b20bdcfaa32b1f511c64510bdcfaa315ad805b64510bdcd4392b1f805b645131dcfaa3a71f805bac51a2da2bf0b3bb341a64510bdcfaa32b1f80
2026-10-02 13:12:49.291 [OP] 4705 inv=FFB8 len=71 #3 a07a7f51c03e22a39ef3ce5bd82d0bdcfaa32b1fe96e64510bdcfaa3f359805b64510bdc6bdb2b1f805b645131dcfaa33a1f805b6651d286033d6643185b64510bdcfaa32b1f80
2026-10-02 13:12:55.581 [OP] 4705 inv=FFB8 len=71 #4 a07a7f51c03e22a319f3ce5b4d310bdcfaa32b1f532764510bdcfaa33c1f805b64510bdc45db2b1f805b645131dcfaa33a1f805b6651d286033d6643505b64510bdcfaa32b1f80
2026-10-02 13:13:35.731 [SYS] #ff0000#您已进入野外区域，可能遭遇玩家间的自由对战，请注意安全！#ffffff#
2026-10-02 13:13:39.011 [OP] 40A1 inv=FFEB len=20 #4 510bdcfaff7d1f809464510b17535706961042d9
2026-10-02 13:13:43.106 [OP] 40A1 inv=FFEB len=20 #5 510bdcfa1f7d1f809464510bf9c29d3b550764cd
2026-10-02 13:14:01.535 [SETTLE] exp=1 gold=201743 len=403
2026-10-02 13:14:13.030 [OP] 46E0 inv=FDF7 len=520 #2 baecfc0b6ffaa32b7207c464580bdcfa96731f80b038c6158ffaa32b30b00808fd0bdcfa3546ab77d955f4d09a5b7d351f804864510bdcfaa3d7ab775855f4d0815b7d351f1429b0510bdcfafa7fdece09a457ecdce197ed072ba47fbd8dbac4a3d7ab777464510bc34ea8e86f80b46f0177a3ae5bb624aa30c0ce7559499ace1f805b64580bdcfaa32b1f80076f510b52faa32b84805b64b20bdcfaa32b1f80
2026-10-02 13:14:13.128 [SETTLE] exp=2 gold=201743 len=403
2026-10-02 13:14:25.759 [SETTLE] exp=2 gold=201743 len=393
2026-10-02 13:14:39.590 [SETTLE] exp=2 gold=201743 len=393
2026-10-02 13:14:51.240 [SETTLE] exp=1 gold=201743 len=403
2026-10-02 13:15:03.005 [SETTLE] exp=2 gold=201743 len=403
2026-10-02 13:15:14.568 [SETTLE] exp=2 gold=201743 len=403
2026-10-02 13:15:18.785 [SYS] #ff0000#您已进入野外区域，可能遭遇玩家间的自由对战，请注意安全！#ffffff#
2026-10-02 13:15:26.632 [SYS] #FFF692#交纳传送费用#00CCFF#690#FFF692#金币！
2026-10-02 13:15:26.727 [CURRENCY] a=201743 b=314840
2026-10-02 13:15:32.794 [SYS] #FFF692#交纳传送费用#00CCFF#1370#FFF692#金币！
2026-10-02 13:15:32.890 [CURRENCY] a=201743 b=314160
2026-10-02 13:15:37.058 [SYS] #FFF692#交纳传送费用#00CCFF#1810#FFF692#金币！
2026-10-02 13:15:37.159 [SYS] #ff0000#您已进入野外区域，可能遭遇玩家间的自由对战，请注意安全！#ffffff#
2026-10-02 13:15:37.159 [CURRENCY] a=201743 b=313720
2026-10-02 13:15:41.591 [OP] 40A2 inv=FFF3 len=12 #1 dcfaa32bca805b64d4bfdcfa
2026-10-02 13:15:55.059 [SETTLE] exp=2494 gold=201743 len=403
2026-10-02 13:15:55.158 [SYS] 获得了#00FF00#1#FFF692#个#64FF7D#紫金红葫芦
2026-10-02 13:15:55.260 [OP] 4020 inv=FFE7 len=24 #5 fb8052fa672bca8094ecfc0be9a7a32bca809564fd0ba7fa
2026-10-02 13:16:03.316 [OP] 40A2 inv=FFF3 len=12 #2 dcfaa32bca805b64fdf8dcfa
2026-10-02 13:16:14.447 [SETTLE] exp=2536 gold=201743 len=403
2026-10-02 13:16:16.662 [SYS] #ff0000#您已进入野外区域，可能遭遇玩家间的自由对战，请注意安全！#ffffff#
2026-10-02 13:16:49.267 [SETTLE] exp=7426 gold=201743 len=393
2026-10-02 13:17:36.089 [SETTLE] exp=7488 gold=201743 len=403
2026-10-02 13:17:36.184 [OP] 46E0 inv=FDF7 len=520 #3 baecfc0b6ffaa32b5207c4640e0bdcfab2121f80d2c0510b9a5b7d35d62f8823b6b7197c079b598066b22b0bdcfae02bcd008b53510bdcfa392b56ce18d7fd0b1af9632487a6c3262525bac426f6d0791c640e0b047b462b29ccdfdf936eca563befa4809564510bdc08a32b0f2cc326e60bdcfaa9e3b0ef0b472b0b6e10e02be862b2cd5b4a8efa407e708ca61283b190faa32bdc2cc3261d4ad49995a86d80
2026-10-02 13:18:10.133 [SETTLE] exp=7670 gold=201743 len=393
2026-10-02 13:18:45.846 [SETTLE] exp=6114 gold=201743 len=393
2026-10-02 13:19:11.125 [SETTLE] exp=7430 gold=201743 len=393
2026-10-02 13:19:46.226 [SETTLE] exp=6174 gold=201743 len=393
2026-10-02 13:20:22.103 [SETTLE] exp=7422 gold=201743 len=393
2026-10-02 13:21:04.444 [SETTLE] exp=6052 gold=201743 len=393
2026-10-02 13:23:54.059 [OUT] 0178 inv=FFFB len=8 #1 fbff7801a97fad4f
2026-10-02 13:23:54.251 [OP] 404D inv=FF8B len=116 #1 baecfc0bfafaf82b50305b64580b6ffa2d2bca80c58a510b6ffaf82bfd809564f605dcfaf82bca80c1640e0b70e4a32bca809564230b6ffa93c31f809564580b31faf82bc1565b64580b6ffaab2ba8803756510b6ffaf82b8c809564dc45dcfaf82bca807464580b220fa32bca809564ec0b90fa
2026-10-02 13:24:42.033 [SETTLE] exp=6419 gold=201743 len=393
2026-10-02 13:25:05.245 [SETTLE] exp=6415 gold=201743 len=393
2026-10-02 13:25:07.409 [SYS] #ff0000#您已进入野外区域，可能遭遇玩家间的自由对战，请注意安全！#ffffff#
2026-10-02 13:25:28.478 [SETTLE] exp=1501 gold=201743 len=403
2026-10-02 13:25:35.897 [OP] 40A2 inv=FFF3 len=12 #3 dcfaa32bca805b64d4bfdcfa
2026-10-02 13:25:36.659 [OP] 40C0 inv=FFF5 len=10 #1 5f5dad8090cd580bbbc2
2026-10-02 13:25:37.987 [OUT] 0056 inv=FFFB len=8 #1 fbff5600dcfaa32b
2026-10-02 13:25:44.288 [OUT] 0255 inv=EF62 len=260 #1 62ef5502faa32b1fc11c645133755f7f5b5a5db104e815ac7ccd30eb5d1e07e7124020c32cfea3f498c581ac6791150269754dc58ed7a225f9a97675c1cf25a33570a9d66e5aa8dc03acb0e7dce2c5821779907a67c3f921d46f98c5cef3679f2a4588f22337b86cd4fc8afa5b424dd6c6ce0b25f9a97675c1efa0fe14f4306e8eb119f2ddf2ea70e40c53ec9402104e26cd30ebc41e5bc995ac264237e2c5827837956cd49185eb5382d240b94e26c6c3ebd61d4d4803f2ea70e40c53ec9402104e26c6c3ebd6a24dab5e4ba1c9d845a896c44b167a76fa30d602378971c648c0ba0f8f6975bc37b8f2ea70e40c53ec9402b94e26daa964535aa2f1c6cea07df9a8c0cc
2026-10-02 13:25:48.338 [OP] 40C0 inv=FFF5 len=10 #2 5f5dad80dc64580ba851
2026-10-02 13:25:54.307 [OUT] 0056 inv=FFFB len=8 #2 fbff5600dcfaa32b
2026-10-02 13:26:00.215 [OP] 40C0 inv=FFF5 len=10 #3 5f5dad80dc64580ba851
2026-10-02 13:26:24.090 [OUT] 0055 inv=FFE7 len=28 #1 e7ff55003fac5d9511caa32ba5aa5b647deccfe82d533daac1f851ec
2026-10-02 13:26:24.162 [OP] 40C1 inv=FFF2 len=13 #1 3267ce5b64510bdcfaa32b1f80
2026-10-02 13:26:24.269 [CURRENCY] a=201743 b=316484
2026-10-02 13:26:25.665 [OP] 40A2 inv=FFF3 len=12 #4 dcfaa32bca805b64fdf8dcfa
2026-10-02 13:26:25.851 [OUT] 0178 inv=FFFB len=8 #2 fbff7801a97fad4f
2026-10-02 13:26:25.960 [OP] 404D inv=FECB len=308 #2 baecfc0b34fa456fe0765b64580b6ffaf82b59804e51510b6ffaf82b1f808764badbdcfaf82bca809464580bb8a7a32bca809564fc0be6fa8ab41f809564580b8bfab42b218d5b64580b6ffa462b8c808de7510b6ffaf82ba5809b64b288dcfaf82bca80c364fd0be60da32bca809564e60b6ffa23b01f809564580bfafaf82b10ec5b64580b6ffab42bca802947510b6ffaf82b8a8095646307dcfaf82bca80
2026-10-02 13:26:26.506 [OUT] 005A inv=FFFB len=8 #1 fbff5a009a55fcd5
2026-10-02 13:26:26.569 [OP] 404A inv=FFF7 len=8 #1 5f5dad805b64580b
2026-10-02 13:26:28.639 [OUT] 0177 inv=FFF9 len=10 #1 f9ff77013064510b8f06
2026-10-02 13:26:28.780 [OP] 404D inv=FFDF len=32 #3 540e392bcaaa9564a552155aa32b1f800d64510bcea7a32bca809564510b0afa
2026-10-02 13:26:29.117 [OUT] 0177 inv=FFF9 len=10 #2 f9ff77013064510be6b6
2026-10-02 13:26:29.172 [OP] 404D inv=FFDF len=32 #4 540e392bcaaa9564a552155aa32b1f804064510b91a7a32bca809564580b31fa
2026-10-02 13:26:29.721 [OUT] 0177 inv=FFF9 len=10 #3 f9ff77013064510b8bc2
2026-10-02 13:26:29.790 [OP] 404D inv=FFDF len=32 #5 540e392bcaaa9564a552155aa32b1f801c64510be9a7a32bca8095640e0ba7fa
2026-10-02 13:26:29.845 [OUT] 005B inv=FFFA len=9 #1 faff5b00b4afc77f2b
2026-10-02 13:26:29.863 [OUT] 005B inv=FFFA len=9 #2 faff5b00b4afc77f2b
2026-10-02 13:26:29.895 [OUT] 005B inv=FFFA len=9 #3 faff5b00b4afc77f53
2026-10-02 13:26:29.908 [OUT] 005B inv=FFFA len=9 #4 faff5b000bdce8f853
2026-10-02 13:26:29.916 [OUT] 005B inv=FFFA len=9 #5 faff5b00b4afc77f53
2026-10-02 13:26:29.979 [OP] 404B inv=FFE7 len=24 #1 540e392b1faa956417b5dcfaa32b1f809564510b6fb0a32b
2026-10-02 13:26:30.082 [OP] 404B inv=FFE7 len=24 #2 540e392b1faa956417b5dcfaa32b1f809564510b6fb0a32b
2026-10-02 13:26:30.082 [OP] 404B inv=FFE7 len=24 #3 540e392bcaaa956417b5dcfaa32b1f809564510b6fb0a32b
2026-10-02 13:26:30.083 [OP] 404B inv=FFE7 len=24 #4 540e392bcaaa1b6417b5dcfaa32b1f809564510b6fb0a32b
2026-10-02 13:26:30.083 [OP] 404B inv=FFE7 len=24 #5 540e392bcaaa1b6417b5dcfaa32b1f809564510b6fb0a3d7
2026-10-02 13:26:31.708 [OUT] 0178 inv=FFFB len=8 #3 fbff7801a97fad4f
2026-10-02 13:26:33.578 [OUT] 0049 inv=FFEC len=23 #1 ecff49002b1f805b64510bdc5a4e78c8805b64510b66c4
2026-10-02 13:26:33.645 [SYS] 获得了#00FF00#1#FFF692#台#64FF7D#酷·幽魂古筝
2026-10-02 13:26:33.739 [SYS] 获得了#00FF00#10#FFF692#个#64FF7D#(御)冒险精气
2026-10-02 13:26:33.740 [SYS] 获得了#00FF00#5#FFF692#个#64FF7D#普通宠物精华
2026-10-02 13:26:34.814 [OUT] 0047 inv=FFF3 len=16 #1 f3ff47009c5403125bdf510b665a4e78
2026-10-02 13:26:34.945 [OP] 4027 inv=FFF5 len=10 #1 540e392b1faa5b643b7f
2026-10-02 13:26:37.732 [OUT] 0178 inv=FFFB len=8 #4 fbff7801a97fad4f
2026-10-02 13:26:53.134 [OUT] 0035 inv=FFF7 len=12 #1 f7ff35001f805b647b8052fa
2026-10-02 13:26:58.033 [OP] 40A2 inv=FFF3 len=12 #5 dcfaa32bca805b64e6f8dcfa
2026-10-02 13:29:04.902 [OUT] 0255 inv=EF62 len=260 #2 62ef5502faa32b1fc11c645133755f7f5b5a5db104e815ac7ccd30eb5d1e07e7124020c32cfea3f498c581ac6791150269754dc58ed7a225f9a97675c1cf25a33570a9d66e5aa8dc03acb0e7dc9fc5821779907a67c3f921d46f98c5cef3679f2a4588f22337b86cd4fc8afa5b424dd6c6ce0b25f9a97675c1efa0fe14f4306e8eb119f2ddf2ea70e40c53ec9402104e26cd30ebc41e5bc995ac264237e2c5827837956cd49185eb5382d240b94e26c6c3ebd61d4d4803f2ea70e40c53ec9402b94e26c6c3ebd6a24dab5e4ba1c9d845a896c44b167a76fa30d602378971c648c0ba0f8f6975bc37b8f2ea70e40c53ec9402b94e26daa964535aa2f1c6cea07df9a8c0cc
2026-10-02 13:29:33.011 [OP] 40C0 inv=FFF5 len=10 #4 5f5dad80daf1580b6fae
2026-10-02 13:29:38.949 [OUT] 0055 inv=FFF1 len=18 #2 f1ff55003fac5d9511caa32bcaaa5b6451ec
2026-10-02 13:29:39.005 [OP] 40C1 inv=FFF2 len=13 #2 3267ce5b64510bdcfaa32b1f80
2026-10-02 13:29:39.110 [CURRENCY] a=201743 b=330262
2026-10-02 13:29:41.160 [OP] 40C0 inv=FD75 len=650 #5 5f5dad803b6451b252c465671f809564580b78faa32b1f805b64e99fe8f6a32b1f805b64510bdcfaa32b1f805b64510bdcfaa32bca805bdf052a61b0a32b1f805b64250bdcfaf82c59b10627510b6ffaf82bac805b64510bdcfa6b10c4ea5b64510bdcfaa32b1f805b64510bdcfaa32b1f809564580bdcc48f6c36725b64510bdcfa55531f8095a2580b67b8a32bca8095640a0bdcfaa32b1f808d84a78ddcfa
2026-10-02 13:29:53.412 [OUT] 0055 inv=FFED len=22 #3 edff5500a32b1f80daf1510b52faa32b598894040e8a
2026-10-02 13:29:53.470 [OP] 40C1 inv=FFF2 len=13 #3 3267ce5b64510bdcfaa32b1f80
2026-10-02 13:29:53.568 [CURRENCY] a=201743 b=306502
2026-10-02 13:29:59.664 [OUT] 0178 inv=FFFB len=8 #5 fbff7801a97fad4f
2026-10-02 13:30:09.195 [OUT] 0035 inv=FFF7 len=12 #2 f7ff35001f805b647b8052fa
2026-10-02 13:31:40.597 [OP] 1014 inv=FFF2 len=13 #1 3267ce5b64510bdcc4312b1f80
2026-10-02 13:31:40.695 [OP] 40F4 inv=FFF2 len=13 #1 a923d0dcfaa32b1faadc64510b
2026-10-02 13:31:40.695 [SYS] 本地传送师已经认可你了，你可以从其他传送师那传送到这里！
2026-10-02 13:31:44.966 [OUT] 0035 inv=FFF7 len=12 #3 f7ff35001f805b64b4b252fa
2026-10-02 13:32:10.634 [SETTLE] exp=1752 gold=201743 len=403
2026-10-02 13:32:12.442 [SYS] #ff0000#您已进入野外区域，可能遭遇玩家间的自由对战，请注意安全！#ffffff#
2026-10-02 13:33:19.844 [SETTLE] exp=7921 gold=201743 len=393
2026-10-02 13:33:47.729 [SETTLE] exp=7921 gold=201743 len=393
2026-10-02 13:34:19.455 [OP] 46E0 inv=FDF7 len=520 #4 baecfc0b6ffaa32bc787c464580bdcfa68121f805b64a5527cf94670d62f8823b6b7197cddc4ad8066b22b0bdcfae02b23000ddc510bdcfa392b56cefefcfd50815b7d35c0805b64510bdcfa572b1f801c640e0b488a467087562a6474d8e9253befa4807464510bdc08a32b7e12646fe60bdcfa5253db120b472b0b6e10e02be8ae94535b4a8efa24736212a61283b199521f3bdc2cc3261d4ad49995a86d80
2026-10-02 13:34:19.559 [SETTLE] exp=7862 gold=201743 len=393
2026-10-02 13:35:00.945 [SETTLE] exp=6415 gold=201743 len=393
2026-10-02 13:35:30.630 [OUT] 0255 inv=EF62 len=260 #3 62ef5502faa32b1fc11c645133755f7f5b5a5db104e815ac7ccd30eb5d1e07e7124020c32cfea3f498c581ac6791150269754dc58ed7a225f9a97675c1cf25a33570a9d66e5aa8dc03acb0e7dce2c5821779907a67c3f921d46f98c5cef3679f2a4588f22337b86cd4fc8afa5b424dd6c6ce0b25f9a97675c1efa0fe14f4306e8eb119f2ddf2ea70e40c53ec9402104e26cd30ebc41e5bc995ac264237e2c5827837956cd49185eb5382d240b94e26c6c3ebd61d4d4803f2ea70e40c53ec9402104e26c6c3ebd6a24dab5e4ba1c9d845a896c44b167a76fa30d602378971c648c0ba0f8f6975bc37b8f2ea70e40c53ec9402b94e26daa964535aa2f1c6cea07df9a8c0cc
2026-10-02 13:35:37.459 [SETTLE] exp=7732 gold=201743 len=393
2026-10-02 13:36:10.215 [SETTLE] exp=6222 gold=201743 len=393
2026-10-02 13:36:42.271 [SETTLE] exp=7732 gold=201743 len=393
2026-10-02 13:37:26.699 [SETTLE] exp=6226 gold=201743 len=403
2026-10-02 13:37:58.224 [SETTLE] exp=7673 gold=201743 len=393
2026-10-02 13:38:38.283 [OP] 46E0 inv=FDF7 len=520 #5 baecfc0b6ffaa32b2d87c464580bdcfaa24d1f80b038c6158bfaa32bec2763cdb20bdcfaed35bdefd95550b19a5b7d351f802a64510bdcfa4035bdef585550b1815b7d35c0bc2b6f510bdcfafa7f6b1209a457ecfb0929ce072ba526bd8dbac44035bdef5764510bd1d263207ed08d7f74c4045b5bb624aad86310d578ae11241f805b64580bdcfaa32b1f801e4c2b0b36365e4a0aec2a64982b7bf468e5f98b
2026-10-02 13:38:38.380 [SETTLE] exp=6415 gold=201743 len=403
2026-10-02 13:39:10.232 [SETTLE] exp=7925 gold=201743 len=393
2026-10-02 13:39:37.680 [SETTLE] exp=7732 gold=201743 len=393
2026-10-02 13:40:07.461 [SETTLE] exp=6222 gold=201743 len=393
2026-10-02 13:40:35.878 [SETTLE] exp=6226 gold=201743 len=393
2026-10-02 13:41:08.600 [SETTLE] exp=6226 gold=201743 len=393
2026-10-02 13:41:36.583 [SETTLE] exp=7990 gold=201743 len=393
2026-10-02 13:42:23.760 [SETTLE] exp=7732 gold=201743 len=393
2026-10-02 13:42:51.733 [SETTLE] exp=7801 gold=201743 len=393
2026-10-02 13:43:18.154 [SETTLE] exp=7921 gold=201743 len=403
2026-10-02 13:44:00.971 [SETTLE] exp=6415 gold=201743 len=393
2026-10-02 13:44:39.885 [SETTLE] exp=6482 gold=201743 len=393
2026-10-02 13:45:09.721 [SETTLE] exp=6161 gold=201743 len=393
2026-10-02 13:45:40.663 [SETTLE] exp=6098 gold=201743 len=393
2026-10-02 13:46:04.783 [SETTLE] exp=6482 gold=201743 len=393
2026-10-02 13:46:29.811 [SETTLE] exp=6415 gold=201743 len=393
2026-10-02 13:46:57.075 [SETTLE] exp=6161 gold=201743 len=403
2026-10-02 13:47:26.782 [SETTLE] exp=7793 gold=201743 len=393
2026-10-02 13:48:06.655 [SETTLE] exp=7608 gold=201743 len=393
2026-10-02 13:48:39.648 [SETTLE] exp=7988 gold=201743 len=393
2026-10-02 13:48:58.997 [SETTLE] exp=8053 gold=201743 len=393
2026-10-02 13:49:43.720 [SETTLE] exp=7925 gold=201743 len=393
2026-10-02 13:50:16.783 [SETTLE] exp=7673 gold=201743 len=393
2026-10-02 13:50:43.499 [SETTLE] exp=6354 gold=201743 len=393
2026-10-02 13:50:43.695 [SYS] 获得了#00FF00#1#FFF692#个#64FF7D#碧玉葫芦
2026-10-02 13:51:11.188 [SETTLE] exp=7990 gold=201743 len=393
2026-10-02 13:51:43.527 [SETTLE] exp=7921 gold=201743 len=393
2026-10-02 13:52:23.968 [SETTLE] exp=7793 gold=201743 len=393
2026-10-02 13:52:55.944 [SETTLE] exp=6098 gold=201743 len=393
2026-10-02 13:53:22.701 [SETTLE] exp=6289 gold=201743 len=393
2026-10-02 13:53:45.086 [SETTLE] exp=7736 gold=201743 len=393
2026-10-02 13:54:22.785 [SETTLE] exp=8057 gold=201743 len=393
2026-10-02 13:54:43.045 [SETTLE] exp=6289 gold=201743 len=393
2026-10-02 13:54:43.143 [SYS] 获得了#00FF00#1#FFF692#个#64FF7D#黄玉葫芦
2026-10-02 13:55:23.540 [SETTLE] exp=8053 gold=201743 len=393
2026-10-02 13:55:50.591 [SETTLE] exp=8057 gold=201743 len=393
2026-10-02 13:56:27.918 [SETTLE] exp=6354 gold=201743 len=393
2026-10-02 13:56:28.008 [SYS] 获得了#00FF00#1#FFF692#个#64FF7D#碧玉葫芦
2026-10-02 13:57:07.829 [SETTLE] exp=6285 gold=201743 len=393
2026-10-02 13:57:40.319 [SETTLE] exp=7860 gold=201743 len=393
2026-10-02 13:58:07.482 [SETTLE] exp=7860 gold=201743 len=393
2026-10-02 13:58:34.394 [SETTLE] exp=6482 gold=201743 len=393
2026-10-02 13:58:59.735 [SETTLE] exp=6226 gold=201743 len=393
2026-10-02 13:59:39.898 [SETTLE] exp=7929 gold=201743 len=393
2026-10-02 14:00:04.340 [SETTLE] exp=6354 gold=201743 len=393
2026-10-02 14:00:28.353 [SETTLE] exp=6350 gold=201743 len=393
2026-10-02 14:00:54.863 [SETTLE] exp=6222 gold=201743 len=393
2026-10-02 14:01:17.840 [SETTLE] exp=6419 gold=201743 len=403
2026-10-02 14:02:01.532 [SETTLE] exp=6419 gold=201743 len=403
2026-10-02 14:02:29.747 [SETTLE] exp=6289 gold=201743 len=393
2026-10-02 14:02:59.206 [SETTLE] exp=7862 gold=201743 len=393
2026-10-02 14:03:28.366 [SETTLE] exp=6547 gold=201743 len=393
2026-10-02 14:03:56.319 [SETTLE] exp=6226 gold=201743 len=393
2026-10-02 14:03:56.411 [OP] 40E6 inv=FFF3 len=12 #2 5f5dad8051dd510bdcfaa32b
2026-10-02 14:04:27.584 [SETTLE] exp=6163 gold=201743 len=393
2026-10-02 14:05:06.712 [SETTLE] exp=7797 gold=201743 len=393
2026-10-02 14:05:34.352 [SETTLE] exp=6226 gold=201743 len=393
2026-10-02 14:06:12.834 [SETTLE] exp=7797 gold=201743 len=403
2026-10-02 14:06:37.205 [SETTLE] exp=6350 gold=201743 len=393
2026-10-02 14:07:03.390 [SETTLE] exp=7860 gold=201743 len=393
2026-10-02 14:07:28.408 [SETTLE] exp=7860 gold=201743 len=393
2026-10-02 14:08:02.491 [SETTLE] exp=5791 gold=201743 len=393
2026-10-02 14:08:35.789 [SETTLE] exp=6289 gold=201743 len=393
2026-10-02 14:09:15.531 [SETTLE] exp=7736 gold=201743 len=393
2026-10-02 14:09:46.487 [SETTLE] exp=7988 gold=201743 len=393
2026-10-02 14:10:14.143 [SETTLE] exp=6482 gold=201743 len=393
2026-10-02 14:10:48.168 [SETTLE] exp=6415 gold=201743 len=393
2026-10-02 14:11:35.036 [SETTLE] exp=7797 gold=201743 len=393
2026-10-02 14:11:55.818 [SETTLE] exp=6289 gold=201743 len=393
2026-10-02 14:11:55.911 [SYS] 获得了#00FF00#1#FFF692#个#64FF7D#碧玉葫芦
2026-10-02 14:12:22.858 [SETTLE] exp=6161 gold=201743 len=393
2026-10-02 14:12:58.538 [SETTLE] exp=7860 gold=201743 len=393
2026-10-02 14:13:39.739 [SETTLE] exp=6289 gold=201743 len=393
2026-10-02 14:14:06.699 [SETTLE] exp=6350 gold=201743 len=393
2026-10-02 14:14:34.504 [SETTLE] exp=6161 gold=201743 len=393
2026-10-02 14:15:03.343 [SETTLE] exp=7732 gold=201743 len=393
2026-10-02 14:15:41.020 [SETTLE] exp=5791 gold=201743 len=403
2026-10-02 14:16:05.005 [SETTLE] exp=6415 gold=201743 len=393
2026-10-02 14:16:35.707 [SETTLE] exp=7862 gold=201743 len=393
2026-10-02 14:17:10.468 [SETTLE] exp=6222 gold=201743 len=393
2026-10-02 14:17:49.947 [SETTLE] exp=6289 gold=201743 len=393
2026-10-02 14:18:34.230 [SETTLE] exp=7732 gold=201743 len=393
2026-10-02 14:18:58.512 [SETTLE] exp=7793 gold=201743 len=403
2026-10-02 14:19:48.708 [SETTLE] exp=8057 gold=201743 len=393
2026-10-02 14:20:24.051 [SETTLE] exp=6289 gold=201743 len=393
2026-10-02 14:20:52.700 [SETTLE] exp=7988 gold=201743 len=393
2026-10-02 14:21:27.820 [SETTLE] exp=7797 gold=201743 len=403
2026-10-02 14:21:47.692 [SETTLE] exp=7732 gold=201743 len=393
2026-10-02 14:22:14.594 [SETTLE] exp=5791 gold=201743 len=393
2026-10-02 14:22:35.923 [SETTLE] exp=6285 gold=201743 len=393
2026-10-02 14:23:15.739 [SETTLE] exp=7284 gold=201743 len=393
2026-10-02 14:23:39.070 [SETTLE] exp=6285 gold=201743 len=393
2026-10-02 14:23:57.353 [SETTLE] exp=6161 gold=201743 len=403
2026-10-02 14:24:23.298 [SETTLE] exp=6415 gold=201743 len=393
2026-10-02 14:25:06.465 [SETTLE] exp=7862 gold=201743 len=393
2026-10-02 14:25:39.075 [SETTLE] exp=6291 gold=201743 len=393
2026-10-02 14:26:09.825 [SETTLE] exp=5791 gold=201743 len=403
2026-10-02 14:26:36.186 [SETTLE] exp=7862 gold=201743 len=393
2026-10-02 14:27:09.865 [SETTLE] exp=7797 gold=201743 len=393
2026-10-02 14:27:32.572 [SETTLE] exp=7990 gold=201743 len=393
2026-10-02 14:27:58.558 [SETTLE] exp=6482 gold=201743 len=393
2026-10-02 14:28:26.052 [SETTLE] exp=6289 gold=201743 len=393
2026-10-02 14:28:45.525 [SETTLE] exp=6482 gold=201743 len=393
2026-10-02 14:29:07.285 [SETTLE] exp=6222 gold=201743 len=393
2026-10-02 14:29:33.776 [SETTLE] exp=6354 gold=201743 len=393
2026-10-02 14:30:09.680 [SETTLE] exp=7284 gold=201743 len=403
2026-10-02 14:30:38.310 [SYS] 获得了#00FF00#1#FFF692#个#64FF7D#碧玉葫芦
2026-10-02 14:30:38.417 [SETTLE] exp=7284 gold=201743 len=393
2026-10-02 14:31:04.708 [SETTLE] exp=6222 gold=201743 len=393
2026-10-02 14:31:27.404 [SETTLE] exp=7797 gold=201743 len=393
2026-10-02 14:31:59.623 [SETTLE] exp=6161 gold=201743 len=393
2026-10-02 14:32:25.701 [SETTLE] exp=7793 gold=201743 len=393
2026-10-02 14:32:53.890 [SETTLE] exp=6161 gold=201743 len=393
2026-10-02 14:33:35.539 [SETTLE] exp=7801 gold=201743 len=403
2026-10-02 14:34:19.090 [SETTLE] exp=7797 gold=201743 len=393
2026-10-02 14:34:49.004 [SETTLE] exp=7929 gold=201743 len=393
2026-10-02 14:35:16.186 [SETTLE] exp=6289 gold=201743 len=393
2026-10-02 14:35:49.672 [SETTLE] exp=7797 gold=201743 len=393
2026-10-02 14:36:15.096 [SETTLE] exp=5791 gold=201743 len=393
2026-10-02 14:36:46.239 [SETTLE] exp=6226 gold=201743 len=393
2026-10-02 14:37:16.761 [SETTLE] exp=7860 gold=201743 len=393
2026-10-02 14:37:49.802 [SETTLE] exp=7732 gold=201743 len=393
2026-10-02 14:38:11.952 [SETTLE] exp=7925 gold=201743 len=393
2026-10-02 14:38:34.724 [SETTLE] exp=6415 gold=201743 len=393
2026-10-02 14:39:03.058 [SETTLE] exp=7990 gold=201743 len=393
2026-10-02 14:39:33.578 [SETTLE] exp=6161 gold=201743 len=393
2026-10-02 14:40:19.930 [SETTLE] exp=6350 gold=201743 len=393
2026-10-02 14:40:47.427 [SETTLE] exp=7732 gold=201743 len=393
2026-10-02 14:41:09.300 [QUESTION] {"type":"question","sock":2560,"qno":16,"field_a":88,"stem":"人们在动物园里看到的俗称\"四不象\"的动物是?","options":["1、驯兽师","2、猩猩队长","3、麋鹿","4、霸天虎"]}
2026-10-02 14:41:10.308 [UI] auto dump on question qno=16
2026-10-02 14:41:10.310 [UI] ---- window dump begin (pid 24524) ----
2026-10-02 14:41:10.451 [UI] TOP=00100108 vis=0 cls=QBOvCls rc=(625,470,985,566) title=
2026-10-02 14:41:10.455 [UI] TOP=00150606 vis=1 cls=ATL:012FF210 rc=(285,103,1325,910) title=什么什么大冒险2(①逍遥村敬老院)-自由一号_Sep 24 2026《什么什么大冒险》制作委员会QQ群:515616289
2026-10-02 14:41:10.455 [UI] TOP=00070642 vis=0 cls=DIEmWin rc=(-1,-1,135,38) title=DIEmWin
2026-10-02 14:41:10.862 [UI] TOP=00060604 vis=0 cls=IME rc=(0,0,0,0) title=Default IME
2026-10-02 14:41:10.870 [UI] TOP=00290040 vis=0 cls=MSCTFIME UI rc=(0,0,0,0) title=MSCTFIME UI
2026-10-02 14:41:10.884 [UI] TOP=021F065C vis=0 cls=IME rc=(0,0,0,0) title=Default IME
2026-10-02 14:41:10.884 [UI] TOP=002600EA vis=0 cls=IME rc=(0,0,0,0) title=Default IME
2026-10-02 14:41:10.884 [UI] ---- window dump end ----
2026-10-02 14:41:11.041 [SEND-ANSWER] qno=16 opt=2 ret=13 sock=2560
2026-10-02 14:41:11.147 [SYS] 测试通过！
2026-10-02 14:41:11.147 [SYS] 获得了#00FF00#100#FFF692#金币
2026-10-02 14:41:11.147 [CURRENCY] a=201743 b=306602
2026-10-02 14:41:12.854 [UI] auto-closing quiz frame: qno=16 opt=2
2026-10-02 14:41:12.875 [UI] option 2 control NOT found — falling back to digit key
2026-10-02 14:41:17.117 [SETTLE] exp=6350 gold=201743 len=393
2026-10-02 14:41:54.424 [SETTLE] exp=6226 gold=201743 len=393
2026-10-02 14:42:25.897 [SETTLE] exp=6226 gold=201743 len=393
2026-10-02 14:43:01.360 [SETTLE] exp=7226 gold=201743 len=393
2026-10-02 14:43:36.494 [SETTLE] exp=6354 gold=201743 len=393
2026-10-02 14:44:05.808 [SETTLE] exp=7921 gold=201743 len=393
2026-10-02 14:44:32.918 [SETTLE] exp=6291 gold=201743 len=393
2026-10-02 14:45:03.422 [SETTLE] exp=7860 gold=201743 len=393
2026-10-02 14:45:36.466 [SETTLE] exp=7925 gold=201743 len=393
2026-10-02 14:46:05.701 [SETTLE] exp=6222 gold=201743 len=393
2026-10-02 14:46:33.700 [SETTLE] exp=6350 gold=201743 len=393
2026-10-02 14:47:16.154 [SETTLE] exp=7925 gold=201743 len=393
2026-10-02 14:47:53.704 [SETTLE] exp=7793 gold=201743 len=393
2026-10-02 14:48:33.149 [SETTLE] exp=6354 gold=201743 len=393
2026-10-02 14:49:12.579 [SETTLE] exp=7797 gold=201743 len=403
2026-10-02 14:49:42.643 [SETTLE] exp=7860 gold=201743 len=393
2026-10-02 14:50:07.932 [SETTLE] exp=6222 gold=201743 len=393
2026-10-02 14:50:35.267 [SETTLE] exp=6226 gold=201743 len=393
2026-10-02 14:51:03.723 [SETTLE] exp=7988 gold=201743 len=393
2026-10-02 14:51:31.686 [SETTLE] exp=7797 gold=201743 len=403
2026-10-02 14:52:06.017 [SETTLE] exp=6226 gold=201743 len=393
2026-10-02 14:52:32.770 [SETTLE] exp=6163 gold=201743 len=393
2026-10-02 14:53:12.824 [SETTLE] exp=7860 gold=201743 len=393
2026-10-02 14:53:35.660 [SETTLE] exp=6415 gold=201743 len=393
2026-10-02 14:53:54.701 [SETTLE] exp=7925 gold=201743 len=393
2026-10-02 14:54:21.677 [SETTLE] exp=7988 gold=201743 len=393
2026-10-02 14:55:04.694 [SETTLE] exp=7736 gold=201743 len=393
2026-10-02 14:55:36.404 [SETTLE] exp=6222 gold=201743 len=393
2026-10-02 14:56:04.796 [SETTLE] exp=6289 gold=201743 len=403
2026-10-02 14:56:45.767 [SETTLE] exp=7990 gold=201743 len=393
2026-10-02 14:57:23.761 [SETTLE] exp=7990 gold=201743 len=393
2026-10-02 14:57:52.591 [SETTLE] exp=6226 gold=201743 len=393
2026-10-02 14:58:28.803 [SETTLE] exp=7797 gold=201743 len=393
2026-10-02 14:59:03.669 [SETTLE] exp=8053 gold=201743 len=393
2026-10-02 14:59:37.012 [SETTLE] exp=7862 gold=201743 len=393
2026-10-02 14:59:55.147 [SETTLE] exp=6419 gold=201743 len=403
2026-10-02 15:00:19.775 [SETTLE] exp=6291 gold=201743 len=393
2026-10-02 15:00:45.405 [SETTLE] exp=7797 gold=201743 len=393
2026-10-02 15:01:07.069 [SETTLE] exp=6419 gold=201743 len=393
2026-10-02 15:01:31.664 [SETTLE] exp=6354 gold=201743 len=393
2026-10-02 15:02:07.385 [SETTLE] exp=6161 gold=201743 len=393
2026-10-02 15:02:33.092 [SETTLE] exp=6291 gold=201743 len=393
2026-10-02 15:02:58.076 [SETTLE] exp=8118 gold=201743 len=393
2026-10-02 15:03:42.310 [SETTLE] exp=6350 gold=201743 len=393
2026-10-02 15:04:16.973 [SETTLE] exp=7925 gold=201743 len=403
2026-10-02 15:04:39.333 [SETTLE] exp=6222 gold=201743 len=393
2026-10-02 15:05:08.096 [SETTLE] exp=6350 gold=201743 len=393
2026-10-02 15:05:48.885 [SETTLE] exp=7862 gold=201743 len=393
2026-10-02 15:06:18.729 [SETTLE] exp=7862 gold=201743 len=393
2026-10-02 15:06:41.749 [SETTLE] exp=7736 gold=201743 len=393
2026-10-02 15:07:03.492 [SETTLE] exp=6222 gold=201743 len=393
2026-10-02 15:07:32.248 [SETTLE] exp=7862 gold=201743 len=393
2026-10-02 15:07:59.334 [SETTLE] exp=6163 gold=201743 len=393
2026-10-02 15:08:27.727 [SETTLE] exp=7736 gold=201743 len=393
2026-10-02 15:08:27.727 [SYS] 获得了#00FF00#1#FFF692#个#64FF7D#碧玉葫芦
2026-10-02 15:09:05.841 [SETTLE] exp=6163 gold=201743 len=393
2026-10-02 15:09:26.383 [SETTLE] exp=7988 gold=201743 len=393
2026-10-02 15:09:57.671 [SETTLE] exp=7860 gold=201743 len=403
2026-10-02 15:10:22.273 [SETTLE] exp=6291 gold=201743 len=393
2026-10-02 15:10:55.215 [SETTLE] exp=7860 gold=201743 len=393
2026-10-02 15:11:29.698 [SETTLE] exp=7284 gold=201743 len=393
2026-10-02 15:11:49.997 [SETTLE] exp=6354 gold=201743 len=403
2026-10-02 15:12:25.574 [SETTLE] exp=7284 gold=201743 len=393
2026-10-02 15:12:53.888 [SETTLE] exp=7990 gold=201743 len=393
2026-10-02 15:13:20.522 [SETTLE] exp=6289 gold=201743 len=403
2026-10-02 15:13:40.212 [SETTLE] exp=6350 gold=201743 len=393
2026-10-02 15:14:10.557 [SETTLE] exp=7925 gold=201743 len=393
2026-10-02 15:14:40.266 [SETTLE] exp=7862 gold=201743 len=423
2026-10-02 15:15:09.394 [SETTLE] exp=6291 gold=201743 len=393
2026-10-02 15:15:36.179 [SETTLE] exp=7801 gold=201743 len=393
2026-10-02 15:16:18.903 [SETTLE] exp=7990 gold=201743 len=393
2026-10-02 15:17:03.617 [SETTLE] exp=7925 gold=201743 len=393
2026-10-02 15:17:30.428 [SETTLE] exp=6350 gold=201743 len=393
2026-10-02 15:17:52.373 [SETTLE] exp=6285 gold=201743 len=393
2026-10-02 15:18:18.463 [SETTLE] exp=7801 gold=201743 len=403
2026-10-02 15:18:56.667 [SETTLE] exp=7925 gold=201743 len=393
2026-10-02 15:19:31.444 [SETTLE] exp=8057 gold=201743 len=393
2026-10-02 15:20:14.680 [SETTLE] exp=6354 gold=201743 len=393
2026-10-02 15:20:45.704 [SETTLE] exp=6289 gold=201743 len=393
2026-10-02 15:21:19.845 [SETTLE] exp=7860 gold=201743 len=393
2026-10-02 15:22:02.982 [SETTLE] exp=6289 gold=201743 len=393
2026-10-02 15:22:03.081 [OP] 40E6 inv=FFF3 len=12 #3 5f5dad805ddf510bdcfaa32b
2026-10-02 15:22:35.612 [SETTLE] exp=5913 gold=201743 len=393
2026-10-02 15:23:20.597 [SETTLE] exp=7347 gold=201743 len=403
2026-10-02 15:23:54.027 [SETTLE] exp=7465 gold=201743 len=393
2026-10-02 15:24:25.361 [SETTLE] exp=7467 gold=201743 len=393
2026-10-02 15:24:53.793 [SETTLE] exp=7528 gold=201743 len=393
2026-10-02 15:25:22.324 [SETTLE] exp=5974 gold=201743 len=393
2026-10-02 15:25:53.630 [SETTLE] exp=6846 gold=201743 len=393
2026-10-02 15:26:26.399 [SETTLE] exp=6846 gold=201743 len=403
2026-10-02 15:26:26.492 [SYS] 获得了#00FF00#1#FFF692#个#64FF7D#黄玉葫芦
2026-10-02 15:26:48.442 [SETTLE] exp=6419 gold=201743 len=393
2026-10-02 15:27:21.200 [SETTLE] exp=7461 gold=201743 len=393
2026-10-02 15:27:51.249 [SETTLE] exp=5852 gold=201743 len=393
2026-10-02 15:28:27.030 [SETTLE] exp=5970 gold=201743 len=393
2026-10-02 15:28:27.126 [SYS] 获得了#00FF00#1#FFF692#个#64FF7D#紫金红葫芦
2026-10-02 15:29:00.470 [SETTLE] exp=6035 gold=201743 len=393
2026-10-02 15:29:23.270 [SETTLE] exp=8053 gold=201743 len=393
2026-10-02 15:29:50.695 [SETTLE] exp=5976 gold=201743 len=403
2026-10-02 15:30:19.054 [SETTLE] exp=5854 gold=201743 len=393
2026-10-02 15:30:58.197 [SETTLE] exp=7528 gold=201743 len=403
2026-10-02 15:31:26.497 [SETTLE] exp=7345 gold=201743 len=393
2026-10-02 15:31:54.207 [SETTLE] exp=5909 gold=201743 len=393
2026-10-02 15:32:26.663 [SETTLE] exp=6031 gold=201743 len=393
2026-10-02 15:32:55.832 [SETTLE] exp=6419 gold=201743 len=393
2026-10-02 15:33:28.187 [SETTLE] exp=5909 gold=201743 len=393
2026-10-02 15:34:06.302 [SETTLE] exp=5852 gold=201743 len=393
2026-10-02 15:34:46.189 [SETTLE] exp=6035 gold=201743 len=393
2026-10-02 15:35:17.581 [SETTLE] exp=6415 gold=201743 len=393
2026-10-02 15:35:45.146 [SETTLE] exp=6415 gold=201743 len=393
2026-10-02 15:36:12.868 [SETTLE] exp=5911 gold=201743 len=403
2026-10-02 15:36:45.185 [SETTLE] exp=7406 gold=201743 len=393
2026-10-02 15:37:21.000 [SETTLE] exp=7465 gold=201743 len=393
2026-10-02 15:38:01.254 [SETTLE] exp=8053 gold=201743 len=393
2026-10-02 15:38:30.346 [SETTLE] exp=5974 gold=201743 len=393
2026-10-02 15:38:54.394 [SETTLE] exp=5854 gold=201743 len=393
2026-10-02 15:39:26.538 [SETTLE] exp=6900 gold=201743 len=393
2026-10-02 15:40:04.566 [SETTLE] exp=7528 gold=201743 len=393
2026-10-02 15:40:41.072 [SETTLE] exp=6031 gold=201743 len=393
2026-10-02 15:41:22.142 [SETTLE] exp=7589 gold=201743 len=393
2026-10-02 15:41:56.209 [SETTLE] exp=7467 gold=201743 len=393
2026-10-02 15:42:15.937 [OP] 4344 inv=FFF7 len=8 #1 baecfc0b4902392b
2026-10-02 15:42:18.989 [OP] 4345 inv=FFF7 len=8 #1 540e392b57e7c464
2026-10-02 15:42:26.488 [SETTLE] exp=7528 gold=201743 len=393
2026-10-02 15:42:48.092 [SETTLE] exp=5913 gold=201743 len=393
2026-10-02 15:42:54.239 [OP] 4344 inv=FFF7 len=8 #2 baecfc0b4902392b
2026-10-02 15:42:56.442 [OP] 4345 inv=FFF7 len=8 #2 540e392b57e7c464
2026-10-02 15:43:23.323 [SETTLE] exp=7532 gold=201743 len=393
2026-10-02 15:43:45.536 [SETTLE] exp=7465 gold=201743 len=393
2026-10-02 15:44:08.760 [SETTLE] exp=6415 gold=201743 len=403
2026-10-02 15:44:35.748 [SETTLE] exp=5913 gold=201743 len=393
2026-10-02 15:45:13.863 [SETTLE] exp=7528 gold=201743 len=393
2026-10-02 15:45:43.609 [SETTLE] exp=7528 gold=201743 len=393
2026-10-02 15:46:06.861 [SETTLE] exp=7587 gold=201743 len=393
2026-10-02 15:46:40.586 [SETTLE] exp=7465 gold=201743 len=393
2026-10-02 15:47:04.620 [QUESTION] {"type":"question","sock":2560,"qno":14,"field_a":103,"stem":"当发现有人触电后，抢救他的正确方法是？","options":["1、找个能插的电源","2、给手机充电","3、切断电源","4、也一起触电"]}
2026-10-02 15:47:05.631 [UI] auto dump on question qno=14
2026-10-02 15:47:05.631 [UI] ---- window dump begin (pid 24524) ----
2026-10-02 15:47:05.727 [UI] TOP=00100108 vis=0 cls=QBOvCls rc=(625,470,985,566) title=
2026-10-02 15:47:05.751 [UI] TOP=00150606 vis=1 cls=ATL:012FF210 rc=(285,103,1325,910) title=什么什么大冒险2(①逍遥村敬老院)-自由一号_Sep 24 2026《什么什么大冒险》制作委员会QQ群:515616289
2026-10-02 15:47:05.751 [UI] TOP=00070642 vis=0 cls=DIEmWin rc=(-1,-1,135,38) title=DIEmWin
2026-10-02 15:47:06.140 [UI] TOP=00060604 vis=0 cls=IME rc=(0,0,0,0) title=Default IME
2026-10-02 15:47:06.160 [UI] TOP=00290040 vis=0 cls=MSCTFIME UI rc=(0,0,0,0) title=MSCTFIME UI
2026-10-02 15:47:06.164 [UI] TOP=021F065C vis=0 cls=IME rc=(0,0,0,0) title=Default IME
2026-10-02 15:47:06.164 [UI] TOP=002600EA vis=0 cls=IME rc=(0,0,0,0) title=Default IME
2026-10-02 15:47:06.164 [UI] ---- window dump end ----
2026-10-02 15:47:06.214 [SEND-ANSWER] qno=14 opt=2 ret=13 sock=2560
2026-10-02 15:47:06.270 [SYS] 测试通过！
2026-10-02 15:47:06.362 [SYS] 获得了#00FF00#100#FFF692#金币
2026-10-02 15:47:06.362 [CURRENCY] a=201743 b=306702
2026-10-02 15:47:08.023 [UI] auto-closing quiz frame: qno=14 opt=2
2026-10-02 15:47:08.042 [UI] option 2 control NOT found — falling back to digit key
2026-10-02 15:47:10.085 [SETTLE] exp=7528 gold=201743 len=393
2026-10-02 15:47:39.564 [SETTLE] exp=5974 gold=201743 len=393
2026-10-02 15:48:13.706 [SETTLE] exp=5852 gold=201743 len=393
2026-10-02 15:48:43.071 [SETTLE] exp=6035 gold=201743 len=393
2026-10-02 15:49:21.733 [SETTLE] exp=6033 gold=201743 len=393
2026-10-02 15:49:44.699 [SETTLE] exp=7402 gold=201743 len=393
2026-10-02 15:50:13.343 [SETTLE] exp=5915 gold=201743 len=393
2026-10-02 15:50:48.434 [SETTLE] exp=7402 gold=201743 len=393
2026-10-02 15:51:26.410 [SETTLE] exp=5487 gold=201743 len=393
2026-10-02 15:51:55.988 [SETTLE] exp=7408 gold=201743 len=393
2026-10-02 15:52:25.858 [SETTLE] exp=6419 gold=201743 len=393
2026-10-02 15:52:54.534 [SETTLE] exp=5913 gold=201743 len=393
2026-10-02 15:53:20.850 [SETTLE] exp=5974 gold=201743 len=393
2026-10-02 15:53:48.810 [SETTLE] exp=7465 gold=201743 len=393
2026-10-02 15:54:14.503 [SETTLE] exp=5913 gold=201743 len=393
2026-10-02 15:54:42.694 [SETTLE] exp=7461 gold=201743 len=403
2026-10-02 15:55:06.266 [SETTLE] exp=7406 gold=201743 len=393
2026-10-02 15:55:34.051 [SETTLE] exp=5976 gold=201743 len=403
2026-10-02 15:55:58.354 [SETTLE] exp=5852 gold=201743 len=393
2026-10-02 15:56:24.472 [SETTLE] exp=7587 gold=201743 len=393
2026-10-02 15:56:55.887 [SETTLE] exp=7345 gold=201743 len=393
2026-10-02 15:57:28.669 [SETTLE] exp=5852 gold=201743 len=403
2026-10-02 15:57:56.717 [SETTLE] exp=7343 gold=201743 len=393
2026-10-02 15:58:20.730 [SETTLE] exp=6031 gold=201743 len=393
2026-10-02 15:58:54.968 [SETTLE] exp=7524 gold=201743 len=393
2026-10-02 15:59:19.442 [SETTLE] exp=5970 gold=201743 len=393
2026-10-02 15:59:54.625 [SETTLE] exp=7347 gold=201743 len=393
2026-10-02 16:00:00.401 [SYS] 许愿池里多了一批新礼物，赶紧来许愿吧~
2026-10-02 16:00:25.687 [SETTLE] exp=7528 gold=201743 len=393
2026-10-02 16:00:25.800 [OP] 4233 inv=FFFA len=5 #2 a07a7f51ec
2026-10-02 16:00:25.800 [OP] 40F6 inv=FFEF len=16 #2 5f5dad805b64510bdcfaa32bca87c464
2026-10-02 16:00:55.405 [SETTLE] exp=6846 gold=201743 len=393
2026-10-02 16:01:31.662 [SETTLE] exp=5974 gold=201743 len=393
2026-10-02 16:02:05.751 [SETTLE] exp=5909 gold=201743 len=393
2026-10-02 16:02:46.166 [SETTLE] exp=7589 gold=201743 len=393
2026-10-02 16:03:11.179 [SETTLE] exp=5974 gold=201743 len=393
2026-10-02 16:03:45.660 [SETTLE] exp=8118 gold=201743 len=393
2026-10-02 16:04:10.459 [OUT] 1F04 inv=FFF6 len=13 #5 f6ff041fce1f805b37510bdcc4
2026-10-02 16:04:17.837 [SETTLE] exp=5974 gold=201743 len=403
2026-10-02 16:04:20.924 [OUT] 0047 inv=FFF3 len=16 #2 f3ff47009c5403125bdf510b785a4e78
2026-10-02 16:04:21.073 [OP] 4027 inv=FFF5 len=10 #2 540e392b1faa5b6474b1
2026-10-02 16:04:43.607 [SETTLE] exp=7587 gold=201743 len=393
2026-10-02 16:05:06.871 [SETTLE] exp=5976 gold=201743 len=393
2026-10-02 16:05:39.985 [SETTLE] exp=7343 gold=201743 len=393
2026-10-02 16:06:19.794 [SETTLE] exp=6482 gold=201743 len=403
2026-10-02 16:06:40.957 [SETTLE] exp=7343 gold=201743 len=393
2026-10-02 16:07:18.961 [SETTLE] exp=5976 gold=201743 len=413
2026-10-02 16:07:57.423 [SETTLE] exp=6415 gold=201743 len=393
2026-10-02 16:08:26.900 [SETTLE] exp=6035 gold=201743 len=393
2026-10-02 16:08:55.921 [SETTLE] exp=5913 gold=201743 len=393
2026-10-02 16:09:32.996 [SETTLE] exp=5974 gold=201743 len=403
2026-10-02 16:10:07.619 [SETTLE] exp=7347 gold=201743 len=393
2026-10-02 16:10:37.588 [SETTLE] exp=5909 gold=201743 len=393
2026-10-02 16:11:06.951 [SETTLE] exp=7469 gold=201743 len=403
2026-10-02 16:11:34.741 [SETTLE] exp=7528 gold=201743 len=393
2026-10-02 16:11:59.543 [SETTLE] exp=6033 gold=201743 len=393
2026-10-02 16:12:40.777 [SETTLE] exp=5852 gold=201743 len=393
2026-10-02 16:13:10.543 [SETTLE] exp=5913 gold=201743 len=393
2026-10-02 16:13:39.412 [SETTLE] exp=7467 gold=201743 len=393
2026-10-02 16:14:07.184 [SETTLE] exp=7465 gold=201743 len=393
2026-10-02 16:14:36.941 [SETTLE] exp=5976 gold=201743 len=393
2026-10-02 16:15:03.120 [SETTLE] exp=5430 gold=201743 len=393
2026-10-02 16:15:39.024 [SETTLE] exp=7532 gold=201743 len=393
2026-10-02 16:16:20.871 [SETTLE] exp=7467 gold=201743 len=393
2026-10-02 16:16:40.758 [SETTLE] exp=7410 gold=201743 len=393
2026-10-02 16:17:20.107 [SETTLE] exp=7589 gold=201743 len=393
2026-10-02 16:17:52.903 [SETTLE] exp=5909 gold=201743 len=393
2026-10-02 16:18:17.206 [SETTLE] exp=8053 gold=201743 len=393
2026-10-02 16:18:53.640 [SETTLE] exp=7532 gold=201743 len=393
2026-10-02 16:19:30.150 [SETTLE] exp=7343 gold=201743 len=393
2026-10-02 16:20:07.515 [SETTLE] exp=7587 gold=201743 len=393
2026-10-02 16:20:38.635 [SETTLE] exp=6846 gold=201743 len=393
2026-10-02 16:20:59.471 [SETTLE] exp=6900 gold=201743 len=393
2026-10-02 16:21:39.527 [SETTLE] exp=7406 gold=201743 len=393
2026-10-02 16:22:03.359 [SETTLE] exp=6482 gold=201743 len=393
2026-10-02 16:22:39.522 [SETTLE] exp=7343 gold=201743 len=423
2026-10-02 16:23:09.010 [SETTLE] exp=8053 gold=201743 len=393
2026-10-02 16:23:35.512 [SETTLE] exp=7402 gold=201743 len=393
2026-10-02 16:24:08.384 [SETTLE] exp=6415 gold=201743 len=393
2026-10-02 16:24:25.573 [SETTLE] exp=7465 gold=201743 len=393
2026-10-02 16:24:52.606 [SETTLE] exp=6415 gold=201743 len=393
2026-10-02 16:25:16.839 [SETTLE] exp=6035 gold=201743 len=393
2026-10-02 16:25:46.867 [SETTLE] exp=7343 gold=201743 len=393
2026-10-02 16:26:15.708 [SETTLE] exp=5913 gold=201743 len=393
2026-10-02 16:26:48.865 [SETTLE] exp=7402 gold=201743 len=393
2026-10-02 16:26:48.956 [SYS] 获得了#00FF00#1#FFF692#个#64FF7D#紫金红葫芦
2026-10-02 16:27:18.472 [SETTLE] exp=7343 gold=201743 len=393
2026-10-02 16:27:53.057 [SETTLE] exp=7532 gold=201743 len=393
2026-10-02 16:28:20.895 [SETTLE] exp=7345 gold=201743 len=393
2026-10-02 16:28:42.597 [SETTLE] exp=6035 gold=201743 len=393
2026-10-02 16:29:13.460 [SETTLE] exp=7589 gold=201743 len=393
2026-10-02 16:29:46.779 [SETTLE] exp=7402 gold=201743 len=393
2026-10-02 16:30:24.173 [SETTLE] exp=7528 gold=201743 len=393
2026-10-02 16:30:57.059 [SETTLE] exp=5909 gold=201743 len=393
2026-10-02 16:31:40.200 [SETTLE] exp=6035 gold=201743 len=393
2026-10-02 16:32:03.581 [SETTLE] exp=5974 gold=201743 len=393
2026-10-02 16:32:33.475 [SETTLE] exp=7347 gold=201743 len=393
2026-10-02 16:33:15.377 [SETTLE] exp=8053 gold=201743 len=393
2026-10-02 16:33:41.271 [SETTLE] exp=7528 gold=201743 len=393
2026-10-02 16:34:13.708 [SETTLE] exp=6031 gold=201743 len=393
2026-10-02 16:34:38.923 [SETTLE] exp=5974 gold=201743 len=393
2026-10-02 16:35:16.825 [SETTLE] exp=7347 gold=201743 len=393
2026-10-02 16:35:54.308 [SETTLE] exp=7406 gold=201743 len=393
2026-10-02 16:36:36.050 [SETTLE] exp=7587 gold=201743 len=393
2026-10-02 16:37:03.083 [SETTLE] exp=8118 gold=201743 len=393
2026-10-02 16:37:31.243 [SETTLE] exp=8318 gold=201743 len=393
2026-10-02 16:37:53.227 [SETTLE] exp=6682 gold=201743 len=393
2026-10-02 16:38:31.705 [SETTLE] exp=8253 gold=201743 len=393
2026-10-02 16:39:08.890 [SETTLE] exp=8452 gold=201743 len=393
2026-10-02 16:39:30.422 [SETTLE] exp=6682 gold=201743 len=403
2026-10-02 16:40:06.414 [SETTLE] exp=6816 gold=201743 len=393
2026-10-02 16:40:26.090 [SETTLE] exp=8658 gold=201743 len=393
2026-10-02 16:40:53.875 [SETTLE] exp=8589 gold=201743 len=393
2026-10-02 16:41:44.367 [SETTLE] exp=8727 gold=201743 len=393
2026-10-02 16:42:21.747 [SETTLE] exp=8519 gold=201743 len=393
2026-10-02 16:42:55.041 [SETTLE] exp=6749 gold=201743 len=393
2026-10-02 16:43:13.482 [SETTLE] exp=6682 gold=201743 len=393
2026-10-02 16:43:41.786 [SETTLE] exp=8185 gold=201743 len=393
2026-10-02 16:44:16.152 [SETTLE] exp=8318 gold=201743 len=403
2026-10-02 16:44:39.179 [SETTLE] exp=8185 gold=201743 len=393
2026-10-02 16:45:09.563 [SETTLE] exp=6547 gold=201743 len=393
2026-10-02 16:45:35.676 [SETTLE] exp=8053 gold=201743 len=393
2026-10-02 16:46:05.008 [SETTLE] exp=7469 gold=201743 len=393
2026-10-02 16:46:40.333 [SETTLE] exp=7587 gold=201743 len=393
2026-10-02 16:47:19.249 [SETTLE] exp=6415 gold=201743 len=393
2026-10-02 16:47:48.327 [SETTLE] exp=6415 gold=201743 len=393
2026-10-02 16:47:59.076 [QUESTION] {"type":"question","sock":2560,"qno":9,"field_a":75,"stem":".丝绸摩擦过的玻璃棒带哪种电?","options":["1、闪电侠","2、静电","3、闪电箭","4、闪电风暴"]}
2026-10-02 16:48:00.077 [UI] auto dump on question qno=9
2026-10-02 16:48:00.077 [UI] ---- window dump begin (pid 24524) ----
2026-10-02 16:48:00.441 [UI] TOP=00100108 vis=0 cls=QBOvCls rc=(625,470,985,566) title=
2026-10-02 16:48:00.448 [SEND-ANSWER] qno=9 opt=1 ret=13 sock=2560
2026-10-02 16:48:00.459 [UI] TOP=00150606 vis=1 cls=ATL:012FF210 rc=(285,103,1325,910) title=什么什么大冒险2(①逍遥村敬老院)-自由一号_Sep 24 2026《什么什么大冒险》制作委员会QQ群:515616289
2026-10-02 16:48:00.459 [UI] TOP=00070642 vis=0 cls=DIEmWin rc=(-1,-1,135,38) title=DIEmWin
2026-10-02 16:48:00.508 [SYS] 测试通过！
2026-10-02 16:48:00.606 [SYS] 获得了#00FF00#100#FFF692#金币
2026-10-02 16:48:00.607 [CURRENCY] a=201743 b=306802
2026-10-02 16:48:00.842 [UI] TOP=00060604 vis=0 cls=IME rc=(0,0,0,0) title=Default IME
2026-10-02 16:48:00.860 [UI] TOP=00290040 vis=0 cls=MSCTFIME UI rc=(0,0,0,0) title=MSCTFIME UI
2026-10-02 16:48:00.875 [UI] TOP=021F065C vis=0 cls=IME rc=(0,0,0,0) title=Default IME
2026-10-02 16:48:00.876 [UI] TOP=002600EA vis=0 cls=IME rc=(0,0,0,0) title=Default IME
2026-10-02 16:48:00.876 [UI] ---- window dump end ----
2026-10-02 16:48:02.256 [UI] auto-closing quiz frame: qno=9 opt=1
2026-10-02 16:48:02.266 [UI] option 1 control NOT found — falling back to digit key
2026-10-02 16:48:14.735 [SETTLE] exp=6035 gold=201743 len=393
2026-10-02 16:48:33.985 [SETTLE] exp=7465 gold=201743 len=393
2026-10-02 16:48:51.565 [SETTLE] exp=6547 gold=201743 len=393
2026-10-02 16:49:12.813 [SETTLE] exp=6615 gold=201743 len=403
2026-10-02 16:49:47.032 [SETTLE] exp=6615 gold=201743 len=393
2026-10-02 16:50:18.390 [SETTLE] exp=8185 gold=201743 len=393
2026-10-02 16:50:46.277 [SETTLE] exp=6816 gold=201743 len=393
2026-10-02 16:51:07.828 [SETTLE] exp=8385 gold=201743 len=393
2026-10-02 16:51:28.096 [SETTLE] exp=6749 gold=201743 len=393
2026-10-02 16:51:58.445 [SETTLE] exp=6885 gold=201743 len=393
2026-10-02 16:52:31.286 [SETTLE] exp=6955 gold=201743 len=413
2026-10-02 16:52:58.992 [SETTLE] exp=8589 gold=201743 len=403
2026-10-02 16:52:59.099 [OP] 40E6 inv=FFF3 len=12 #4 5f5dad80af7a510bdcfaa32b
2026-10-02 16:53:31.452 [SETTLE] exp=8589 gold=201743 len=393
2026-10-02 16:53:57.715 [SETTLE] exp=8385 gold=201743 len=393
2026-10-02 16:54:15.300 [SETTLE] exp=6682 gold=201743 len=393
2026-10-02 16:54:46.641 [SETTLE] exp=8385 gold=201743 len=393
2026-10-02 16:55:14.706 [SETTLE] exp=6682 gold=201743 len=393
2026-10-02 16:55:49.548 [SETTLE] exp=6220 gold=201743 len=393
2026-10-02 16:56:13.165 [SETTLE] exp=5714 gold=201743 len=393
2026-10-02 16:56:46.824 [SETTLE] exp=7839 gold=201743 len=403
2026-10-02 16:57:08.463 [SETTLE] exp=7839 gold=201743 len=393
2026-10-02 16:57:34.964 [SETTLE] exp=6220 gold=201743 len=393
2026-10-02 16:57:35.065 [SYS] 获得了#00FF00#1#FFF692#个#64FF7D#碧玉葫芦
2026-10-02 16:58:17.194 [SETTLE] exp=8452 gold=201743 len=393
2026-10-02 16:58:44.746 [SETTLE] exp=8452 gold=201743 len=393
2026-10-02 16:59:09.968 [SETTLE] exp=7900 gold=201743 len=403
2026-10-02 16:59:29.021 [SETTLE] exp=6885 gold=201743 len=403
2026-10-02 17:00:10.011 [SETTLE] exp=6885 gold=201743 len=393
2026-10-02 17:00:33.623 [SETTLE] exp=6885 gold=201743 len=393
2026-10-02 17:00:57.621 [SETTLE] exp=6885 gold=201743 len=393
2026-10-02 17:01:31.029 [SETTLE] exp=6749 gold=201743 len=393
2026-10-02 17:01:56.936 [SETTLE] exp=7900 gold=201743 len=403
2026-10-02 17:02:39.031 [SETTLE] exp=6682 gold=201743 len=393
2026-10-02 17:03:03.939 [SETTLE] exp=6749 gold=201743 len=393
2026-10-02 17:03:24.076 [SETTLE] exp=6283 gold=201743 len=393
2026-10-02 17:03:43.059 [SETTLE] exp=6682 gold=201743 len=393
2026-10-02 17:04:05.192 [SETTLE] exp=6220 gold=201743 len=393
2026-10-02 17:04:32.103 [SETTLE] exp=6094 gold=201743 len=393
2026-10-02 17:05:08.141 [SETTLE] exp=6134 gold=201743 len=393
2026-10-02 17:05:37.481 [SETTLE] exp=5714 gold=201743 len=393
2026-10-02 17:06:16.187 [SETTLE] exp=7074 gold=201743 len=393
2026-10-02 17:06:46.162 [SETTLE] exp=5659 gold=201743 len=393
2026-10-02 17:07:24.673 [SETTLE] exp=6094 gold=201743 len=403
2026-10-02 17:07:49.750 [SETTLE] exp=6220 gold=201743 len=393
2026-10-02 17:08:16.923 [SETTLE] exp=6220 gold=201743 len=393
2026-10-02 17:08:40.487 [SETTLE] exp=6220 gold=201743 len=393
2026-10-02 17:09:18.203 [SETTLE] exp=7900 gold=201743 len=393
2026-10-02 17:09:40.966 [SETTLE] exp=8519 gold=201743 len=393
2026-10-02 17:10:22.456 [SETTLE] exp=8452 gold=201743 len=393
2026-10-02 17:11:02.963 [SETTLE] exp=6885 gold=201743 len=393
2026-10-02 17:11:28.227 [SETTLE] exp=7024 gold=201743 len=393
2026-10-02 17:11:52.391 [SETTLE] exp=8658 gold=201743 len=393
2026-10-02 17:12:14.199 [SETTLE] exp=8589 gold=201743 len=393
2026-10-02 17:12:36.985 [SETTLE] exp=6682 gold=201743 len=403
2026-10-02 17:13:05.329 [SYS] 物品栏满
2026-10-02 17:13:05.431 [SETTLE] exp=8385 gold=201743 len=393
2026-10-02 17:13:42.981 [SETTLE] exp=7776 gold=201743 len=393
2026-10-02 17:14:09.925 [SETTLE] exp=6682 gold=201743 len=393
2026-10-02 17:14:42.330 [SETTLE] exp=6283 gold=201743 len=393
2026-10-02 17:15:11.472 [SETTLE] exp=7188 gold=201743 len=393
2026-10-02 17:15:44.882 [SETTLE] exp=7016 gold=201743 len=393
2026-10-02 17:16:15.047 [SETTLE] exp=5544 gold=201743 len=403
2026-10-02 17:16:46.887 [SETTLE] exp=6085 gold=201743 len=393
2026-10-02 17:17:12.594 [SETTLE] exp=7650 gold=201743 len=393
2026-10-02 17:17:47.150 [SETTLE] exp=7016 gold=201743 len=393
2026-10-02 17:18:22.253 [SETTLE] exp=5714 gold=201743 len=403
2026-10-02 17:18:58.808 [SETTLE] exp=6283 gold=201743 len=403
2026-10-02 17:19:31.899 [SETTLE] exp=8385 gold=201743 len=403
2026-10-02 17:20:09.520 [SETTLE] exp=6283 gold=201743 len=403
2026-10-02 17:20:47.976 [SETTLE] exp=6283 gold=201743 len=393
2026-10-02 17:21:05.616 [SETTLE] exp=8385 gold=201743 len=403
2026-10-02 17:21:34.623 [SETTLE] exp=6816 gold=201743 len=403
2026-10-02 17:22:09.046 [SETTLE] exp=6682 gold=201743 len=403
2026-10-02 17:22:43.569 [SETTLE] exp=8727 gold=201743 len=393
2026-10-02 17:23:11.282 [SETTLE] exp=8658 gold=201743 len=393
2026-10-02 17:23:35.584 [SETTLE] exp=6885 gold=201743 len=403
2026-10-02 17:24:06.866 [SETTLE] exp=8589 gold=201743 len=403
2026-10-02 17:24:25.440 [SYS] 物品栏满
2026-10-02 17:24:25.534 [SETTLE] exp=8452 gold=201743 len=393
2026-10-02 17:25:03.878 [SETTLE] exp=8519 gold=201743 len=403
2026-10-02 17:25:18.399 [SETTLE] exp=8452 gold=201743 len=393
2026-10-02 17:25:48.610 [SETTLE] exp=6283 gold=201743 len=393
2026-10-02 17:26:14.369 [SETTLE] exp=6220 gold=201743 len=393
2026-10-02 17:26:42.871 [SETTLE] exp=7900 gold=201743 len=393
2026-10-02 17:27:29.382 [SETTLE] exp=7650 gold=201743 len=393
2026-10-02 17:27:49.363 [SETTLE] exp=5718 gold=201743 len=393
2026-10-02 17:28:14.589 [SETTLE] exp=6959 gold=201743 len=393
2026-10-02 17:28:40.196 [SETTLE] exp=4928 gold=201743 len=393
2026-10-02 17:29:03.941 [SETTLE] exp=7011 gold=201743 len=393
2026-10-02 17:29:23.258 [SETTLE] exp=7016 gold=201743 len=393
2026-10-02 17:30:02.571 [SETTLE] exp=5714 gold=201743 len=393
2026-10-02 17:30:28.407 [SETTLE] exp=7776 gold=201743 len=393
2026-10-02 17:30:49.562 [SETTLE] exp=7900 gold=201743 len=393
2026-10-02 17:31:25.059 [SETTLE] exp=7776 gold=201743 len=393
2026-10-02 17:31:49.570 [SETTLE] exp=6682 gold=201743 len=403
2026-10-02 17:32:15.658 [SETTLE] exp=6749 gold=201743 len=393
2026-10-02 17:32:47.969 [SETTLE] exp=6682 gold=201743 len=393
2026-10-02 17:33:13.522 [SETTLE] exp=8452 gold=201743 len=403
2026-10-02 17:33:53.141 [SETTLE] exp=6955 gold=201743 len=393
2026-10-02 17:34:28.699 [SETTLE] exp=8519 gold=201743 len=403
2026-10-02 17:35:10.459 [SETTLE] exp=6955 gold=201743 len=393
2026-10-02 17:35:51.155 [SETTLE] exp=8727 gold=201743 len=393
2026-10-02 17:36:20.554 [SETTLE] exp=8452 gold=201743 len=393
2026-10-02 17:36:42.527 [SETTLE] exp=7900 gold=201743 len=393
2026-10-02 17:37:04.969 [SETTLE] exp=7900 gold=201743 len=393
2026-10-02 17:37:49.932 [SETTLE] exp=6283 gold=201743 len=393
2026-10-02 17:38:08.091 [SETTLE] exp=7839 gold=201743 len=393
2026-10-02 17:38:08.091 [SYS] 获得了#00FF00#1#FFF692#个#64FF7D#紫金红葫芦
2026-10-02 17:38:28.222 [SETTLE] exp=6283 gold=201743 len=393
2026-10-02 17:38:55.039 [SETTLE] exp=7650 gold=201743 len=393
2026-10-02 17:39:38.736 [SETTLE] exp=7072 gold=201743 len=393
2026-10-02 17:40:08.034 [SETTLE] exp=7016 gold=201743 len=393
2026-10-02 17:40:42.393 [SETTLE] exp=7127 gold=201743 len=403
2026-10-02 17:41:09.179 [SETTLE] exp=7711 gold=201743 len=403
2026-10-02 17:41:46.830 [SETTLE] exp=7072 gold=201743 len=393
2026-10-02 17:42:10.093 [SETTLE] exp=6094 gold=201743 len=393
2026-10-02 17:42:38.994 [SETTLE] exp=7711 gold=201743 len=403
2026-10-02 17:43:16.521 [SETTLE] exp=7839 gold=201743 len=393
2026-10-02 17:43:45.506 [SETTLE] exp=7900 gold=201743 len=393
2026-10-02 17:44:23.075 [SETTLE] exp=7839 gold=201743 len=393
2026-10-02 17:44:46.335 [SETTLE] exp=6816 gold=201743 len=393
2026-10-02 17:45:11.455 [SETTLE] exp=6816 gold=201743 len=393
2026-10-02 17:45:48.718 [SETTLE] exp=8727 gold=201743 len=393
2026-10-02 17:46:30.227 [SETTLE] exp=8658 gold=201743 len=393
2026-10-02 17:47:05.440 [SETTLE] exp=8589 gold=201743 len=403
2026-10-02 17:47:34.629 [SETTLE] exp=6885 gold=201743 len=393
2026-10-02 17:48:14.579 [SETTLE] exp=7024 gold=201743 len=393
2026-10-02 17:48:34.852 [SETTLE] exp=6816 gold=201743 len=393
2026-10-02 17:49:09.548 [SETTLE] exp=6283 gold=201743 len=393
2026-10-02 17:49:47.623 [SETTLE] exp=7839 gold=201743 len=393
2026-10-02 17:50:25.520 [SETTLE] exp=7900 gold=201743 len=393
2026-10-02 17:50:47.426 [SETTLE] exp=7776 gold=201743 len=393
2026-10-02 17:51:17.871 [SETTLE] exp=6094 gold=201743 len=393
2026-10-02 17:51:36.476 [SETTLE] exp=7711 gold=201743 len=393
2026-10-02 17:52:09.145 [SETTLE] exp=7016 gold=201743 len=393
2026-10-02 17:52:35.240 [SETTLE] exp=5604 gold=201743 len=393
2026-10-02 17:52:39.795 [QUESTION] {"type":"question","sock":2560,"qno":6,"field_a":80,"stem":".“竹子”属于哪一类植物？","options":["1、处长职务","2、食肉植物","3、草本植物","4、食草植物"]}
2026-10-02 17:52:40.797 [UI] auto dump on question qno=6
2026-10-02 17:52:40.797 [UI] ---- window dump begin (pid 24524) ----
2026-10-02 17:52:41.115 [UI] TOP=00100108 vis=0 cls=QBOvCls rc=(625,470,985,566) title=
2026-10-02 17:52:41.120 [UI] TOP=00150606 vis=1 cls=ATL:012FF210 rc=(309,101,1349,908) title=什么什么大冒险2(①逍遥村敬老院)-自由一号_Sep 24 2026《什么什么大冒险》制作委员会QQ群:515616289
2026-10-02 17:52:41.120 [UI] TOP=00070642 vis=0 cls=DIEmWin rc=(-1,-1,135,38) title=DIEmWin
2026-10-02 17:52:41.527 [UI] TOP=00060604 vis=0 cls=IME rc=(0,0,0,0) title=Default IME
2026-10-02 17:52:41.527 [UI] TOP=00290040 vis=0 cls=MSCTFIME UI rc=(0,0,0,0) title=MSCTFIME UI
2026-10-02 17:52:41.547 [UI] TOP=021F065C vis=0 cls=IME rc=(0,0,0,0) title=Default IME
2026-10-02 17:52:41.549 [UI] TOP=002600EA vis=0 cls=IME rc=(0,0,0,0) title=Default IME
2026-10-02 17:52:41.549 [UI] ---- window dump end ----
2026-10-02 17:52:42.230 [SEND-ANSWER] qno=6 opt=2 ret=13 sock=2560
2026-10-02 17:52:42.285 [SYS] 测试通过！
2026-10-02 17:52:42.388 [SYS] 获得了#00FF00#100#FFF692#金币
2026-10-02 17:52:42.388 [CURRENCY] a=201743 b=306902
2026-10-02 17:52:44.038 [UI] auto-closing quiz frame: qno=6 opt=2
2026-10-02 17:52:44.038 [UI] option 2 control NOT found — falling back to digit key
2026-10-02 17:53:04.831 [SETTLE] exp=7011 gold=201743 len=393
2026-10-02 17:53:35.102 [SETTLE] exp=7074 gold=201743 len=393
2026-10-02 17:54:16.982 [SETTLE] exp=7014 gold=201743 len=393
2026-10-02 17:54:55.730 [SETTLE] exp=7127 gold=201743 len=393
2026-10-02 17:55:33.509 [SETTLE] exp=7900 gold=201743 len=393
2026-10-02 17:56:18.475 [SETTLE] exp=7900 gold=201743 len=393
2026-10-02 17:56:41.956 [SETTLE] exp=7900 gold=201743 len=393
2026-10-02 17:57:13.907 [SETTLE] exp=7839 gold=201743 len=393
2026-10-02 17:57:33.089 [SETTLE] exp=6682 gold=201743 len=403
2026-10-02 17:57:56.008 [SETTLE] exp=6749 gold=201743 len=403
2026-10-02 17:58:22.599 [SETTLE] exp=6749 gold=201743 len=393
2026-10-02 17:58:52.729 [SETTLE] exp=8658 gold=201743 len=403
2026-10-02 17:59:23.788 [SETTLE] exp=8589 gold=201743 len=393
2026-10-02 17:59:48.944 [SETTLE] exp=6955 gold=201743 len=393
2026-10-02 18:00:16.159 [SETTLE] exp=6749 gold=201743 len=403
2026-10-02 18:00:43.802 [SETTLE] exp=6816 gold=201743 len=393
2026-10-02 18:01:18.459 [SETTLE] exp=8385 gold=201743 len=393
2026-10-02 18:01:55.704 [SETTLE] exp=6283 gold=201743 len=393
2026-10-02 18:02:28.247 [SETTLE] exp=6816 gold=201743 len=403
2026-10-02 18:02:56.903 [SETTLE] exp=7839 gold=201743 len=393
2026-10-02 18:03:20.870 [SETTLE] exp=6157 gold=201743 len=393
2026-10-02 18:03:41.540 [SETTLE] exp=7188 gold=201743 len=393
2026-10-02 18:04:13.067 [SETTLE] exp=4878 gold=201743 len=393
2026-10-02 18:04:35.507 [SETTLE] exp=5600 gold=201743 len=393
2026-10-02 18:05:05.444 [SETTLE] exp=7131 gold=201743 len=393
2026-10-02 18:05:30.692 [SETTLE] exp=5602 gold=201743 len=393
2026-10-02 18:06:03.504 [SETTLE] exp=5546 gold=201743 len=393
2026-10-02 18:06:37.511 [SETTLE] exp=6094 gold=201743 len=393
2026-10-02 18:07:14.891 [SETTLE] exp=7839 gold=201743 len=393
2026-10-02 18:07:49.482 [SETTLE] exp=6283 gold=201743 len=393
2026-10-02 18:07:49.590 [SYS] 获得了#00FF00#1#FFF692#个#64FF7D#碧玉葫芦
2026-10-02 18:08:28.216 [SETTLE] exp=8385 gold=201743 len=393
2026-10-02 18:09:10.498 [SETTLE] exp=8385 gold=201743 len=393
2026-10-02 18:09:40.596 [SETTLE] exp=6749 gold=201743 len=393
2026-10-02 18:10:00.750 [SETTLE] exp=6682 gold=201743 len=393
2026-10-02 18:10:39.219 [SETTLE] exp=8385 gold=201743 len=393
2026-10-02 18:11:08.642 [SETTLE] exp=6749 gold=201743 len=403
2026-10-02 18:11:49.245 [SETTLE] exp=-27356 gold=201743 len=393
2026-10-02 18:17:36.616 [OUT] 0055 inv=FFE5 len=30 #4 e5ff55005b03d119bdecdcfa23531f8049dfa6ecf5c49853feaaa3df92ec
2026-10-02 18:17:36.683 [OP] 40C1 inv=FFF2 len=13 #4 3267ce5b64510bdcfaa32b1f80
2026-10-02 18:17:36.783 [CURRENCY] a=201743 b=310552
2026-10-02 18:18:00.603 [OUT] 0055 inv=FFE9 len=26 #5 e9ff55006af825672e531f800ddf510b5ec4bd2480cd1161c1af
2026-10-02 18:18:00.665 [OP] 40C1 inv=FFF2 len=13 #5 3267ce5b64510bdcfaa32b1f80
2026-10-02 18:18:00.765 [CURRENCY] a=201743 b=319170
2026-10-02 18:18:11.384 [OUT] 0177 inv=FFF9 len=10 #4 f9ff77013064510b36e8
2026-10-02 18:18:14.104 [OUT] 0177 inv=FFF9 len=10 #5 f9ff77013064510b6a22
2026-10-02 18:18:22.323 [OUT] 0047 inv=FFF3 len=16 #3 f3ff47009c5403125bdf510bdc5a4e78
2026-10-02 18:18:22.446 [OP] 4027 inv=FFF5 len=10 #3 540e392b1faa5b645108
2026-10-02 18:18:32.346 [CURRENCY] a=201743 b=319366
2026-10-02 18:19:04.505 [SYS] #FFF692#交纳传送费用#00CCFF#190#FFF692#金币！
2026-10-02 18:19:04.566 [SYS] #ff0000#您已进入野外区域，可能遭遇玩家间的自由对战，请注意安全！#ffffff#
2026-10-02 18:19:04.566 [CURRENCY] a=201743 b=319176
2026-10-02 18:19:11.602 [SYS] #FFF692#交纳传送费用#00CCFF#190#FFF692#金币！
2026-10-02 18:19:11.701 [CURRENCY] a=201743 b=319176
2026-10-02 18:19:20.863 [SYS] #FFF692#交纳传送费用#00CCFF#190#FFF692#金币！
2026-10-02 18:19:20.958 [SYS] #ff0000#您已进入野外区域，可能遭遇玩家间的自由对战，请注意安全！#ffffff#
2026-10-02 18:19:20.958 [CURRENCY] a=201743 b=319176
2026-10-02 18:20:33.164 [CURRENCY] a=201743 b=307466
2026-10-02 18:20:53.130 [OUT] 0255 inv=EF62 len=260 #4 62ef5502faa32b1fc11c645133755f7f5b5a5db104e815ac7ccd30eb5d1e07e7124020c32cfea3f498c581ac6791150269754dc58eb8a225f9a97675c1cf25a33570a9d66e5aa8dc03acb0e7dce2c5821779907a67c3f921d46f98c5cef3679f2a4588f22337b86cd4fc8afa5b424dd6c6ce0b25f9a97675c1efa0fe14f4306e8eb119f2ddf2ea70e40c53ec9402104e26cd30ebc41e5bc995ac264255e2c5827837956cd49185eb5382d294b94e26c6c3ebd61d4d4803f2ea70e40c53ec9402104e26c6c3ebd6a24dab5e4ba1c9d845a896c44b167a76fa30d602378971c648c0ba0f8f6975bc37b8f2ea70e40c53ec9402b94e26daa964535aa2f1c6cea07df9a8c0cc
2026-10-02 18:20:58.488 [OUT] 0049 inv=FFEC len=23 #2 ecff49002b1f805b64510bdc5a4e78c8805b64510b0ac4
2026-10-02 18:21:02.042 [OUT] 0083 inv=FFFB len=8 #2 fbff8300dcfaa32b
2026-10-02 18:21:02.099 [OP] 40E7 inv=FFEB len=20 #2 fb8052fad82b1f8085a9510bdfe0a32bf62d9f64
2026-10-02 18:21:17.332 [OP] 1014 inv=FFF2 len=13 #2 3267ce5b64510bdcfaaa2b1f80
2026-10-02 18:21:17.433 [OP] 40F4 inv=FFF2 len=13 #2 a923d0dcfaa32b1f800e64510b
2026-10-02 18:21:17.433 [SYS] 本地传送师已经认可你了，你可以从其他传送师那传送到这里！
2026-10-02 18:32:40.603 [QUESTION] {"type":"question","sock":2560,"qno":18,"field_a":79,"stem":"以下属于我国珍惜保护动物的是？","options":["1、火麒麟","2、藏羚羊","3、猩猩队长","4、霸天虎"]}
2026-10-02 18:32:41.608 [UI] auto dump on question qno=18
2026-10-02 18:32:41.609 [UI] ---- window dump begin (pid 24524) ----
2026-10-02 18:32:41.703 [UI] TOP=00100108 vis=0 cls=QBOvCls rc=(625,470,985,566) title=
2026-10-02 18:32:41.705 [UI] TOP=00150606 vis=1 cls=ATL:012FF210 rc=(285,103,1325,910) title=什么什么大冒险2(①逍遥村敬老院)-自由一号_Sep 24 2026《什么什么大冒险》制作委员会QQ群:515616289
2026-10-02 18:32:41.706 [UI] TOP=00070642 vis=0 cls=DIEmWin rc=(-1,-1,135,38) title=DIEmWin
2026-10-02 18:32:42.115 [UI] TOP=00060604 vis=0 cls=IME rc=(0,0,0,0) title=Default IME
2026-10-02 18:32:42.140 [UI] TOP=00290040 vis=0 cls=MSCTFIME UI rc=(0,0,0,0) title=MSCTFIME UI
2026-10-02 18:32:42.146 [UI] TOP=021F065C vis=0 cls=IME rc=(0,0,0,0) title=Default IME
2026-10-02 18:32:42.146 [UI] TOP=002600EA vis=0 cls=IME rc=(0,0,0,0) title=Default IME
2026-10-02 18:32:42.146 [UI] ---- window dump end ----
2026-10-02 18:32:42.825 [SEND-ANSWER] qno=18 opt=1 ret=13 sock=2560
2026-10-02 18:32:42.879 [SYS] 测试通过！
2026-10-02 18:32:42.982 [SYS] 获得了#00FF00#100#FFF692#金币
2026-10-02 18:32:42.983 [CURRENCY] a=201743 b=307566
2026-10-02 18:32:44.637 [UI] auto-closing quiz frame: qno=18 opt=1
2026-10-02 18:32:44.639 [UI] option 1 control NOT found — falling back to digit key
2026-10-02 18:39:04.358 [OP] 4704 inv=FFDE len=33 #4 cd3e22a39ef3ce5ba0510bdcc5a32b1f3cc83369938c0ba32b1f805b64510bdcfa
2026-10-02 18:39:06.858 [OUT] 0031 inv=FFCE len=53 #4 ceff31006451b39033b4de1f4f5b6451b9dcfaa32b1f805b75510bdce8a32b1f805b6451a2da2bf0e986341a64510bdcfaa32b1f80
2026-10-02 18:39:11.603 [SYS] #FFF692#交纳传送费用#00CCFF#1370#FFF692#金币！
2026-10-02 18:39:11.703 [CURRENCY] a=201743 b=306196
2026-10-02 18:39:45.737 [SYS] #FFF692#交纳传送费用#00CCFF#1810#FFF692#金币！
2026-10-02 18:39:45.869 [SYS] #ff0000#您已进入野外区域，可能遭遇玩家间的自由对战，请注意安全！#ffffff#
2026-10-02 18:39:45.869 [CURRENCY] a=201743 b=305756
2026-10-02 18:40:07.121 [OUT] 0035 inv=FFF7 len=12 #4 f7ff35001f805b647b8052fa
2026-10-02 18:40:58.662 [OUT] 0056 inv=FFFB len=8 #3 fbff5600dcfaa32b
2026-10-02 18:41:10.276 [OUT] 0035 inv=FFF7 len=12 #5 f7ff35001f805b647b8052fa
2026-10-02 18:42:46.686 [SETTLE] exp=2256 gold=201743 len=413
2026-10-02 18:43:14.511 [SETTLE] exp=1954 gold=201743 len=403
2026-10-02 18:43:15.734 [SYS] #ff0000#您已进入野外区域，可能遭遇玩家间的自由对战，请注意安全！#ffffff#
2026-10-02 18:43:48.685 [SETTLE] exp=6626 gold=201743 len=393
2026-10-02 18:44:19.274 [SETTLE] exp=6678 gold=201743 len=393
2026-10-02 18:44:37.656 [SETTLE] exp=5442 gold=201743 len=393
2026-10-02 18:44:57.970 [OUT] 0060 inv=FFE6 len=29 #1 e6ff6000c03e22a32b1f805b64510bdcfaa32b1f805b64510bdcfaa32b
2026-10-02 18:45:00.064 [OP] 40D0 inv=FFF7 len=8 #1 fb8052fa215dad80
2026-10-02 18:45:13.363 [OUT] 0063 inv=FFC7 len=60 #1 c7ff6300dcfaa32b1f805b64510bdcfa462b1f805b64510bfefaa32bca805b64ab0bdcfadb2b1f806864510b52faa32ba0805b64b20bdcfa132b1f80
2026-10-02 18:45:13.899 [OUT] 0065 inv=FFFB len=8 #1 fbff65004ffaa32b
2026-10-02 18:45:16.200 [OP] 40D1 inv=FFD3 len=44 #1 baecfc0bdcfaa32b1f805b6451ecfafa32671f809564580bfefaf85336725b64510bdcfa43531f8095a258ec
2026-10-02 18:45:16.303 [OP] 40D3 inv=FFFB len=4 #1 2d87c464
2026-10-02 18:45:16.747 [OP] 40D5 inv=FFFB len=4 #1 5f5dad80
2026-10-02 18:45:16.854 [CURRENCY] a=201743 b=307566
2026-10-02 18:46:04.026 [SETTLE] exp=7406 gold=201743 len=393
2026-10-02 18:46:41.720 [SETTLE] exp=7524 gold=201743 len=393
2026-10-02 18:47:16.573 [SETTLE] exp=5984 gold=201743 len=403
2026-10-02 18:47:46.870 [SETTLE] exp=8050 gold=201743 len=393
2026-10-02 18:48:33.841 [SETTLE] exp=6492 gold=201743 len=403
2026-10-02 18:48:51.887 [SETTLE] exp=6558 gold=201743 len=403
2026-10-02 18:49:05.168 [OUT] 1F01 inv=FF87 len=124 #1 87ff011fe85f4f54c4646fa6a7ce2d3a28f5e26ae1e957b9f2a24f6c3e6a6fe94bb92da2fc6ce26ae1e957b9f2a24f6c3e6a6fe94bb92da2fc6ce26ae1e957b9f2a24f6c3e6a6fe94bb92da2fc6ce26ae1e957b9f2a24f6c3e6a6fe94bb92da2fc6ce26ae1e957b9f2a24f6c3e6a6fe94bb92da2fc6ce26ae1e957b9
2026-10-02 18:49:07.497 [OUT] 1F01 inv=FF87 len=124 #2 87ff011fe85f4f54c4646fa6a7ce2d3a28f5e26ae1e957b9f2a24f6c3e6a6fe94bb92da2fc6ce26ae1e957b9f2a24f6c3e6a6fe94bb92da2fc6ce26ae1e957b9f2a24f6c3e6a6fe94bb92da2fc6ce26ae1e957b9f2a24f6c3e6a6fe94bb92da2fc6ce26ae1e957b9f2a24f6c3e6a6fe94bb92da2fc6ce26ae1e957b9
2026-10-02 18:49:22.108 [SETTLE] exp=8246 gold=201743 len=393
2026-10-02 18:50:27.202 [SETTLE] exp=6566 gold=201743 len=393
2026-10-02 18:52:22.885 [SETTLE] exp=6566 gold=201743 len=403
2026-10-02 18:52:55.120 [SETTLE] exp=6372 gold=201743 len=393
2026-10-02 18:53:16.277 [SETTLE] exp=4826 gold=201743 len=393
2026-10-02 18:53:36.898 [SETTLE] exp=6372 gold=201743 len=393
2026-10-02 18:54:10.049 [SETTLE] exp=4406 gold=201743 len=403
2026-10-02 18:54:33.368 [SETTLE] exp=5932 gold=201743 len=393
2026-10-02 18:55:07.436 [SETTLE] exp=4464 gold=201743 len=393
2026-10-02 18:55:35.581 [SETTLE] exp=5396 gold=201743 len=393
2026-10-02 18:55:55.568 [PIPE] controller disconnected
2026-10-02 18:56:01.433 [SETTLE] exp=3956 gold=201743 len=403
2026-10-02 18:56:02.743 [PIPE] controller connected
2026-10-02 18:56:21.910 [SETTLE] exp=5344 gold=201743 len=393
2026-10-02 18:56:29.151 [SYS] #ff0000#您已进入野外区域，可能遭遇玩家间的自由对战，请注意安全！#ffffff#
2026-10-02 19:08:43.970 [SYS] #ff0000#您已进入野外区域，可能遭遇玩家间的自由对战，请注意安全！#ffffff#
2026-10-02 19:08:53.121 [OP] 4705 inv=FFB8 len=71 #5 a07a7f5134a722a3cb67ce5bfab20bdcfaa32b1f301c64510bdcfaa3b4ad805b64510bdca7392b1f805b645131dcfaa3c51f805bac51a2da2bf0b3bb341a64510bdcfaa32b1f80
2026-10-02 19:09:30.653 [SETTLE] exp=5392 gold=201743 len=393
2026-10-02 19:10:01.874 [SETTLE] exp=7344 gold=201743 len=393
2026-10-02 19:10:05.045 [PIPE] controller disconnected
2026-10-02 19:10:30.295 [SETTLE] exp=5804 gold=201743 len=393
2026-10-02 19:10:49.924 [SETTLE] exp=7466 gold=201743 len=393
2026-10-02 19:11:22.033 [SETTLE] exp=6428 gold=201743 len=393
2026-10-02 19:11:40.508 [INIT] dll unloaded
2026-10-02 19:12:54.285 [INIT] dll loaded, pid=24524
2026-10-02 19:12:54.285 [INIT] codec loaded OK
2026-10-02 19:12:54.286 [INIT] iat hooks: recv=1 send=1 WSASend=1 connect=1 closesocket=1
2026-10-02 19:12:54.355 [PIPE] controller connected
2026-10-02 19:12:55.591 [SETTLE] exp=6492 gold=201743 len=403
2026-10-02 19:12:55.591 [OP] 472A inv=FE6C len=403 #1 30d8de1ff8c164510bdcfaa32b1f805b64510bdcfaa32b1f805b64510bdcfaa376ad805b64510bdc73202b1f805b64511d6ffaa32b1f805b64510bdcfaa32b1f485064510bdcfaa32b1f805b64510bdcfaa32b1f805b64510bdcfaa32b1f805b64510bdcfaa32b1f805b64510bdcfaa32b1f805b64510bdcfaa32b1f805b64510bdcfaa32b1f805b64510bdc13f82b1fa59564513b6ffaa3b91f805b81a55215
2026-10-02 19:12:55.696 [OP] 42CE inv=FFFB len=4 #1 c87f510b
2026-10-02 19:12:55.696 [OP] 4211 inv=FFF6 len=9 #1 aa5b64515ca722a34a
2026-10-02 19:12:55.696 [OP] 4211 inv=FFF6 len=9 #2 aa5b6451c03e22a34a
2026-10-02 19:12:55.696 [OP] 4211 inv=FFF6 len=9 #3 aa5b6451af3e22a34a
2026-10-02 19:12:55.696 [OP] 4211 inv=FFF6 len=9 #4 aa5b645134a722a34a
2026-10-02 19:12:55.804 [OP] 47C0 inv=FFE1 len=30 #1 0faac4018ffd6fe089d0b25ae8da31ec8baf73749be8add958b128f7897d
2026-10-02 19:12:55.805 [OP] 47C0 inv=FFEA len=21 #2 51cac7e8da31ec8baf73749be8add958b128f7897d
2026-10-02 19:12:55.805 [OP] 47C0 inv=FFF3 len=12 #3 0253cae8add958b128f7897d
2026-10-02 19:12:55.806 [OP] 47C0 inv=FFF3 len=12 #4 0253ca967fd958b128f7897d
2026-10-02 19:12:55.806 [OP] 47C0 inv=FFF3 len=12 #5 0253ca98add958d0a40b3b7d
2026-10-02 19:12:57.621 [OUT] 004E inv=FFFA len=9 #1 faff4e00e9580bdc22
2026-10-02 19:12:57.704 [OP] 4029 inv=FFDF len=32 #1 baecfc0b46faa32b1f805b64470bdcfaa32b1f80a6f8510b52c4a32ba1809464
2026-10-02 19:12:58.312 [OP] F005 inv=FFE7 len=24 #1 26b35c3828d7512b1f805b64510bdcfaa3ce394e9164a80c
2026-10-02 19:12:58.408 [OP] F005 inv=FFE7 len=24 #2 26b35c3828d7512b1f805b64510bdcfaa3ce394e9164a80c
2026-10-02 19:12:58.763 [OP] 40A0 inv=FF43 len=188 #1 baecfc0b52fadb2b00775b648ad0dcfadb4a0e3c9340173cdcfaa32b1f805b64510bdcfaa32b1f805b64510bdcfaa32b1f805b64510bdcfaa32b1f8070536c7f795bad9378775b648ad0dcfadb4a0e3c9340173cdcfaa32b1f805b64510bdcfaa32b1f805b64510bdcfaa32b1f805b64510bdcfaa32b1f805c5303c4365b29ce65775b64a9d0dcfadb4a394c8a70ae6f186679cf1f805b64510bdcfaa32b1f80
2026-10-02 19:12:58.763 [OP] 4613 inv=FF3F len=192 #1 ad94e6af58d5dcfe2924caaaf3990eec6f51c293b906948d4ba62322f853ca805bdf58ec6fb4bcda34b395e0510b21c6a3d91faa5b640b8507d90e6cac805b64992fe7c4202b97b194dc023ca743ba5337df95c8ffb779e8352ecaaa95df510b6fc4f8534745326f43ec68fadba2ca804064580bdc5b16876c842d43900bdcfa9c1c10aa4064291790104263bc7913195826e3c4a646d741550758ec6fc4a32b
2026-10-02 19:12:58.858 [OP] 4613 inv=FF3F len=192 #2 ad94e6af58d5dcfe2924caaaf3990eec6f51c293b906948d4ba62322f853ca805bdf58ec6fb4bcda34b395e0510bdc53a3d91faa5b640b8507d90e6cac805b64992fe7c4202b97b194dc023ca743ba5337df95c8ffb779e8352ecaaa95df510b6fc4f8534745326f43ec68fadb2bab804064580bdc5b16876c842d43900bdcfa9c1c10aa4064291790104263bc7913195826e3c4a646d741550758ec6fc4a32b
2026-10-02 19:13:01.019 [OP] 4211 inv=FFF6 len=9 #5 aa5b6451a4a722a34a
2026-10-02 19:13:01.229 [OP] 4613 inv=FF7E len=129 #3 f8b82fe7c4202b383fc3dc0259585b960e62830ff8cdcf6fb4a0d47079af8a83ec6fc4f82b1faa95df519ba9374651ca1e5bf8510bdce8a3531f804040986c2ab7d62b1f80f1fdfeece6faf853979ac35503756fc4f88cbd79958c1ed06fc4f82b1faa95df519ba9374651ca2a5b64310bdce8a3531f8040ef555c8aa2512b1f80
2026-10-02 19:13:01.230 [OP] 4613 inv=FFC2 len=61 #4 aaf1fdfeece6faf853979ac35503756fc4f88cbd79958c1ed06fc4f82b1faa95df519ba9374651ca2a5b64310bdce8a3531f8040ef555c8aa2512b1f80
2026-10-02 19:13:06.151 [OUT] 1F51 inv=FFFF len=4 #1 ffff511f
2026-10-02 19:13:06.152 [OP] 4612 inv=FFEF len=16 #1 c464510b07c2392bb507c464408052fa
2026-10-02 19:13:06.153 [OP] 4612 inv=FFF3 len=12 #2 90faa32bb507c464408052fa
2026-10-02 19:13:06.154 [OP] 4612 inv=FFF7 len=8 #3 ca805b64408052fa
2026-10-02 19:13:06.254 [OP] 4F52 inv=FFFF len=0 #1 
2026-10-02 19:13:09.209 [OP] 4100 inv=FFF9 len=6 #1 051279f1b0d0
2026-10-02 19:13:09.300 [OP] EFFE inv=FFFE len=1 #1 0b
2026-10-02 19:13:09.335 [OUT] 1F51 inv=FFFF len=4 #2 ffff511f
2026-10-02 19:13:09.389 [OP] 4F52 inv=FFFF len=0 #2 
2026-10-02 19:13:09.492 [OP] 4101 inv=FC6D len=914 #1 5f5dad809564510bdcfaa32bc8d97b81510bdcfaa32b1f805b64510bdcfaa32b1f805b64510bdcfa22069d4e5b6437fddcfaa32b1f80b1d9510bdcfaa32b1f805b64510bdcfa603bad80c464510bdcfaa32bf6455b645943dcfa83931f80807a510b155a4e78c8d97b81a552155ada2b1f807b81a5526f3016876c842d437f0bdcfaa32b1f805b64589ee6faa32b1f805bdbfd0bdcfaa32b1f805b64510bdcfa
2026-10-02 19:13:10.246 [OUT] 1001 inv=FFF9 len=10 #1 f9ff01101f805b64510b
2026-10-02 19:13:10.428 [OP] 4108 inv=FFE3 len=28 #1 2d87c464510bdcfa5f531f80d8f8510bce4051421f805b64510bdcfa
2026-10-02 19:13:10.534 [OP] 4108 inv=FFE3 len=28 #2 2d87c464510bdcfa4d531f80d8f8510bce4051ed1f805b64510bdcfa
2026-10-02 19:13:10.534 [OP] 4108 inv=FFF3 len=12 #3 540e392b1f805b64510bdcfa
2026-10-02 19:13:10.534 [OP] 4108 inv=FFF3 len=12 #4 540e392b1f805b64580bdcfa
2026-10-02 19:13:10.535 [OP] 4108 inv=FFF3 len=12 #5 540e392b1f805b640e0bdcfa
2026-10-02 19:13:10.633 [OP] 4104 inv=FFFB len=4 #1 86d31f80
2026-10-02 19:13:10.633 [OP] 4104 inv=FFFB len=4 #2 dcd31faa
2026-10-02 19:13:10.633 [OP] 4104 inv=FFFB len=4 #3 86d31fc7
2026-10-02 19:13:10.633 [OP] 4104 inv=FFFB len=4 #4 86d31fce
2026-10-02 19:13:10.633 [OP] 4104 inv=FFFB len=4 #5 86d31f12
2026-10-02 19:13:12.667 [OP] 4105 inv=FFFE len=1 #1 cd
2026-10-02 19:13:12.667 [OP] 4105 inv=FFFE len=1 #2 af
2026-10-02 19:13:12.766 [OP] 4106 inv=FFFC len=3 #1 e54632
2026-10-02 19:13:12.766 [OP] 4106 inv=FFFC len=3 #2 5139cb
2026-10-02 19:13:12.870 [OP] 4105 inv=FFFE len=1 #3 b2
2026-10-02 19:13:13.020 [OP] 4109 inv=FE8B len=372 #1 baecfc0b6ffa46d91f805b64510bdcfaf82b1f806e6401c402facccead806b64580bdcfae13b1f80c4cd510bdcc4a32b1f5ea86477ecdcfa8d2b1f805b64510bdcfaa32bca805b64dfb2dcfa393bca805b64510bdcc4a32bca805b64dfb2dcfa393b59805b64510bdcfaa32bca805b64dfb2dcfa393bad805bdf510bdcfaa32b23aa5b6401ba710ea32b1f801e9f510b6ffaa32bf4075b64fcb28bfaa3531f80
2026-10-02 19:13:13.116 [OP] 4106 inv=FFFD len=2 #3 a33b
2026-10-02 19:13:13.116 [OP] 4105 inv=FFFE len=1 #4 ec
2026-10-02 19:13:13.116 [OP] 4106 inv=FFFD len=2 #4 a353
2026-10-02 19:13:13.116 [OP] 4105 inv=FFFE len=1 #5 b1
2026-10-02 19:13:13.116 [OP] 4106 inv=FFFD len=2 #5 a34a
2026-10-02 19:13:13.116 [OP] 4111 inv=FFFD len=2 #1 6bdf
2026-10-02 19:13:15.721 [OP] 4109 inv=FFB7 len=72 #2 2d87c464517f6fc4a32b1f805b64510b07faa32bca075b6f87b1dcfa40ce1f806bdf0e0b07faa32b39125b640eeca7faa32b1f805bdf510b8222a32b39125b64080ba7faa32b1f80
2026-10-02 19:13:15.820 [OP] 4111 inv=FFFD len=2 #2 9564
2026-10-02 19:13:17.112 [OP] 4109 inv=FFB7 len=72 #3 2d87c464517f6fc4a3d91f805b64510b07faa32b9dca5b6f87b1dcfa40ce1f8027260e0b07faa32b39125b640eb1c6faa32b1f805bdf510b8222a32b39125b64080bc6faa32b1f80
2026-10-02 19:13:17.220 [OP] 4111 inv=FFFD len=2 #3 1c64
2026-10-02 19:13:17.301 [PIPE] controller disconnected
2026-10-02 19:13:18.529 [OP] 4109 inv=FFA7 len=88 #4 fb8052faa393caaa5bdf510bdcfaa32bb9805b640e6ddcae1d4a1f80646f510b3be8db2bb9805b6487b1dcfadb939b805b64510bdcc4a32bb2ce5b6487b1dcfadb2b9b805bdf510b05c4a32b2faa5b64510bdcfaa32b1f80
2026-10-02 19:13:18.633 [OP] 4111 inv=FFFD len=2 #4 9464
2026-10-02 19:13:19.323 [OP] EFFE inv=FFFE len=1 #2 0b
2026-10-02 19:13:19.414 [OUT] 1F51 inv=FFFF len=4 #3 ffff511f
2026-10-02 19:13:19.463 [OP] 4F52 inv=FFFF len=0 #3 
2026-10-02 19:13:19.829 [OP] 4109 inv=FF87 len=120 #5 baecfc0bdce8f8931f805b64510bdcfaa62b1f805bc6510b6ef4a32bc0ef5b642d0b90e8a62b1f80f326510b90fa722b1f805b64510bdcfa96de1f80f326510b90fa722b1faa5b648fecdcfa31931f805b64510bdcfaa32bc0ef5b645fc4dcfaa37829805bdf510b32c4a32bca805b64510bdcfaa32b1f80
2026-10-02 19:13:19.935 [OP] 4111 inv=FFFD len=2 #5 5b64
2026-10-02 19:13:19.936 [OP] 4112 inv=FFFD len=2 #1 02c4
2026-10-02 19:13:20.965 [OP] 46FE inv=FFFF len=0 #1 
2026-10-02 19:13:21.350 [OP] 4112 inv=FFFD len=2 #2 6fc4
2026-10-02 19:13:21.350 [OP] 4112 inv=FFFD len=2 #3 90c4
2026-10-02 19:13:21.351 [OP] 4112 inv=FFFD len=2 #4 8bc4
2026-10-02 19:13:23.421 [PIPE] controller connected
2026-10-02 19:13:24.033 [OP] 4112 inv=FFFD len=2 #5 dcc4
2026-10-02 19:13:28.687 [SETTLE] exp=8180 gold=201743 len=393
2026-10-02 19:13:28.687 [OP] 472A inv=FE76 len=393 #2 30d8de1fb42264510bdcfaa32b1f805b64510bdcfaa32b1f805b64510bdcfaa3179d805b64510bdc73202b1f805b64511d6ffaa32b1f805b64510bdcfaa32b1f485064510bdcfaa32b1f805b64510bdcfaa32b1f805b64510bdcfaa32b1f805b64510bdcfaa32b1f805b64510bdcfaa32b1f805b64510bdcfaa32b1f805b64510bdcfaa32b1f805b64510bdcd8a32b1f6595645185dcfaa3b91f805bef510bdc
2026-10-02 19:13:28.795 [SYS] 获得了#00FF00#1#FFF692#个#64FF7D#黄玉葫芦
2026-10-02 19:13:28.795 [OP] 42CE inv=FFFB len=4 #2 c87f510b
2026-10-02 19:13:28.795 [OP] 4020 inv=FFE7 len=24 #1 fb8052fa672bca8094cdfc0bcea7a32bca809564950b6ffa
2026-10-02 19:13:28.812 [OUT] 0045 inv=FFF7 len=12 #1 f7ff4500510bdcfa272b1f80
2026-10-02 19:13:28.968 [OP] 4025 inv=FFF5 len=10 #1 27533832c4df51ece2fa
2026-10-02 19:13:29.843 [OP] 4612 inv=FFF3 len=12 #4 90faa32b2e87c4640db252fa
2026-10-02 19:13:29.843 [OP] 4612 inv=FFF3 len=12 #5 90faa32b2e87c4640db252fa
2026-10-02 19:13:30.335 [OP] EFFE inv=FFFE len=1 #3 0b
2026-10-02 19:13:30.745 [OUT] 004E inv=FFFA len=9 #2 faff4e00e9580bdc22
2026-10-02 19:13:30.851 [OP] 4029 inv=FFDF len=32 #2 baecfc0b46faa32b1f805b64470bdcfaa32b1f8011f8510b52c4a32b8f809464
2026-10-02 19:13:34.808 [OP] 4100 inv=FFF9 len=6 #2 0512d9c62dc4
2026-10-02 19:13:34.924 [OUT] 1F51 inv=FFFF len=4 #4 ffff511f
2026-10-02 19:13:34.976 [OP] 4101 inv=FCA5 len=858 #2 fb8052faf82b1f805b64510b155a4e781f805b64510bdcfaa32b1f805b64510bdcfaa32b1f805b648e5f8b25a32b45ca5b64510bdcfac37c1f805b64510bdcfaa32b1f805b6412b252fa392b1f805b64510bb2dca32bd13b5b64cb7fdcfa5acb1f807b81a552155a4e78c8d97b81530bdcfa4e78c8d995a9bc595ab12b21ac805b64510bdcfaa32b1f4d4064510bdcfaa37634805b64510bdcfaa32b1f805b64
2026-10-02 19:13:35.077 [OP] 4F52 inv=FFFF len=0 #4 
2026-10-02 19:13:35.878 [OUT] 1001 inv=FFF9 len=10 #2 f9ff01101f805b64510b
2026-10-02 19:13:40.348 [OP] EFFE inv=FFFE len=1 #4 0b
2026-10-02 19:13:45.121 [OUT] 1F51 inv=FFFF len=4 #5 ffff511f
2026-10-02 19:13:45.172 [OP] 4F52 inv=FFFF len=0 #5 
2026-10-02 19:13:45.795 [OUT] 1005 inv=FFEF len=20 #1 efff0510a498f85378c75cdffd0b41c4a32b1f80
2026-10-02 19:13:46.089 [OP] 4110 inv=FFFD len=2 #1 222b
2026-10-02 19:13:46.100 [OUT] 1004 inv=FFF3 len=16 #1 f3ff04109b3e66535980ba64510bdcfa
2026-10-02 19:13:46.246 [OP] 4110 inv=FFFD len=2 #2 722b
2026-10-02 19:13:51.172 [OP] 46FE inv=FFFF len=0 #2 
2026-10-02 19:13:54.128 [SETTLE] exp=6428 gold=201743 len=393
2026-10-02 19:13:54.129 [OP] 472A inv=FE76 len=393 #3 30d8de1ff6c164510bdcfaa32b1f805b64510bdce8a32b1f805b64510bdcfaa351ad805b64510bdc73202b1f805b64511d6ffaa32b1f805b64510bdcfaa32b1f485064510bdcfaa32b1f805b64510bdcfaa32b1f805b64510bdcfaa32b1f805b64510bdcfaa32b1f805b64510bdcfaa32b1f805b64510bdcfaa32b1f805b64510bdcfaa32b1f805b64510bdcf9db2b1f265b64513b6ffaa3b91f805b81a55215
2026-10-02 19:13:54.226 [OP] 42CE inv=FFFB len=4 #3 c87f510b
2026-10-02 19:13:59.245 [OP] 4100 inv=FFF9 len=6 #3 0512a8b027c4
2026-10-02 19:13:59.351 [OP] 4101 inv=FCA5 len=858 #3 fb8052faf82b1f805b64510b155a4e781f805b64510bdcfaa32b1f805b64510bdcfaa32b1f805b648e5f8b25a32b45ca5b64510bdcfac37c1f805b64510bdcfaa32b1f805b6412b252fa392b1f805b64510bb2dca32bd13b5b64cb7fdcfa5acb1f807b81a552155a4e78c8d97b81530bdcfa4e78c8d995a9bc595ab12b21ac805b64510bdcfaa32bca4d4064510bdcfaa37634805b64510bdcfaa32b1f805b64
2026-10-02 19:14:00.278 [OUT] 1001 inv=FFF9 len=10 #3 f9ff01101f805b64510b
2026-10-02 19:14:00.388 [OP] EFFE inv=FFFE len=1 #5 0b
2026-10-02 19:14:09.971 [OUT] 1005 inv=FFEF len=20 #2 efff0510a498f85378c75cdffd0b41c4a32b1f80
2026-10-02 19:14:09.971 [OUT] 1004 inv=FFF3 len=16 #2 f3ff04109b3e66535980ba64510bdcfa
2026-10-02 19:14:10.073 [OP] 4110 inv=FFFD len=2 #3 222b
2026-10-02 19:14:10.176 [OP] 4110 inv=FFFD len=2 #4 722b
2026-10-02 19:14:21.477 [OP] 46FE inv=FFFF len=0 #3 
2026-10-02 19:14:21.577 [SETTLE] exp=6428 gold=201743 len=393
2026-10-02 19:14:21.579 [OP] 472A inv=FE76 len=393 #4 30d8de1ff6c164510bdcfaa32b1f805b64510bdcc4a32b1f805b64510bdcfaa351ad805b64510bdc73202b1f805b64511d6ffaa32b1f805b64510bdcfaa32b1f485064510bdcfaa32b1f805b64510bdcfaa32b1f805b64510bdcfaa32b1f805b64510bdcfaa32b1f805b64510bdcfaa32b1f805b64510bdcfaa32b1f805b64510bdcfaa32b1f805b64510bdcf9db2b1f265b64513b6ffaa3b91f805b81a55215
2026-10-02 19:14:21.579 [OP] 42CE inv=FFFB len=4 #4 c87f510b
2026-10-02 19:14:24.686 [OP] 4100 inv=FFF9 len=6 #4 0512babed3c4
2026-10-02 19:14:25.008 [OP] 4101 inv=FCA5 len=858 #4 fb8052faf82b1f805b64510b155a4e781f805b64510bdcfaa32b1f805b64510bdcfaa32b1f805b648e5f8b25a32b45ca5b64510bdcfac37c1f805b64510bdcfaa32b1f805b6412b252fa392b1f805b64510bb2dca32bd13b5b64cb7fdcfa5acb1f807b81a552155a4e78c8d97b81530bdcfa4e78c8d995a9bc595ab12b21ac805b64510bdcfaa32b234d4064510bdcfaa37634805b64510bdcfaa32b1f805b64
2026-10-02 19:14:25.773 [OUT] 1001 inv=FFF9 len=10 #4 f9ff01101f805b64510b
2026-10-02 19:14:32.580 [OUT] 1005 inv=FFEF len=20 #3 efff0510a498f85378805cdffd0b41c4a32b1f80
2026-10-02 19:14:32.581 [OUT] 1004 inv=FFF3 len=16 #3 f3ff04109b3e66535980ba64510bdcfa
2026-10-02 19:14:32.680 [OP] 4110 inv=FFFD len=2 #5 222b
2026-10-02 19:14:43.030 [SETTLE] exp=6364 gold=201743 len=393
2026-10-02 19:14:43.030 [OP] 472A inv=FE76 len=393 #5 30d8de1f0f7464510bdcfaa32b1f805b64510bdce8a32b1f805b64510bdcfaa3f1ad805b64510bdc73202b1f805b64511d6ffaa32b1f805b64510bdcfaa32b1f485064510bdcfaa32b1f805b64510bdcfaa32b1f805b64510bdcfaa32b1f805b64510bdcfaa32b1f805b64510bdcfaa32b1f805b64510bdcfaa32b1f805b64510bdcfaa32b1f805b64510bdcf9db2b1f009464513b6ffaa3f1ca805b81a55215
2026-10-02 19:14:43.133 [OP] 42CE inv=FFFB len=4 #5 c87f510b
2026-10-02 19:14:45.911 [OP] 4722 inv=FFEC len=19 #1 3267ce5bb023d0dc5a4e78c8c7bf64510b3e22
2026-10-02 19:14:48.165 [OP] 4100 inv=FFF9 len=6 #5 05125bac01c4
2026-10-02 19:14:48.351 [OP] 4101 inv=FCA5 len=858 #5 fb8052faf82b1f805b64510b155a4e781f805b64510bdcfaa32b1f805b64510bdcfaa32b1f805b648e5f8b25a32b45ca5b64510bdcfac37c1f805b64510bdcfaa32b1f805b6412b252fa392b1f805b64510bb2dca32bd13b5b64cb7fdcfa5acb1f807b81a552155a4e78c8d97b81530bdcfa4e78c8d995a9bc595ab12b21ac805b64510bdcfaa32b1f4d4064510bdcfaa3dda5805b64510bdcfaa32b1f805b64
2026-10-02 19:14:49.246 [OUT] 1001 inv=FFF9 len=10 #5 f9ff01101f805b64510b
2026-10-02 19:14:51.693 [OP] 46FE inv=FFFF len=0 #4 
2026-10-02 19:14:56.124 [OUT] 1004 inv=FFF3 len=16 #4 f3ff04109b3e66535980ba64510bdcfa
2026-10-02 19:15:04.611 [SETTLE] exp=5984 gold=201743 len=393
2026-10-02 19:15:18.650 [OUT] 1005 inv=FFEF len=20 #4 efff0510a498f85378c75cdffd0b41c4a32b1f80
2026-10-02 19:15:18.651 [OUT] 1004 inv=FFF3 len=16 #5 f3ff04109b3e66535980ba64510bdcfa
2026-10-02 19:15:21.994 [OP] 46FE inv=FFFF len=0 #5 
2026-10-02 19:15:38.583 [SETTLE] exp=5924 gold=201743 len=393
2026-10-02 19:15:38.690 [OP] 40E1 inv=FFED len=18 #1 baecfc0b6ffadb54ca809564580b52e3f82b
2026-10-02 19:15:38.690 [OP] 40E0 inv=FED1 len=302 #1 fb8052fa83d91f805b64510b9bc4a32b1f805b64cbd5dcfaa32b1f8080df510bdcfaa32b85d15b64fc0bdcfa392b1f804864510b2ffaa32bad805b64a20bdcfa722b1f800664510b1dfaa32bad805b6454d5dcfaff2b1f80c464510b1cfaa32b0baa5b64420bdcfaab2b1f800d64510b8ffaa32b1f805b64510bdcfaa32b1f805b64510bdcfaa32b1f805b64430bdcfaa32b1f805b64510bdcfaa32b1f805b64
2026-10-02 19:15:38.690 [OP] 40E3 inv=FFBB len=68 #1 2d87c464fbb0c4fac32b62804764830bdefaf82b6480c36414ec52fa56535980f7df580b68c4202b58aa406485ec8ffa5553ad80c6dffc0bb8c4db2b2eaa0d6486d08bfa
2026-10-02 19:15:38.690 [OP] 40E2 inv=FFF3 len=12 #1 baecfc0b6f71222b45809564
2026-10-02 19:15:38.707 [OUT] 0185 inv=FFF7 len=12 #1 f7ff8501dcfaa32bc8d97b81
2026-10-02 19:15:50.576 [OUT] 1005 inv=FFEF len=20 #5 efff0510a498f85378c75cdffd0b41c4a32b1f80
2026-10-02 19:15:59.914 [SETTLE] exp=7406 gold=201743 len=393
2026-10-02 19:16:34.781 [SETTLE] exp=5804 gold=201743 len=393
2026-10-02 19:16:34.893 [OP] 40E1 inv=FFED len=18 #2 baecfc0b6ffadb54ca809564580b52e3f82b
2026-10-02 19:16:34.894 [OP] 40E0 inv=FED1 len=302 #2 fb8052fa83d91f805b64510b9bc4a32b1f805b64cbd5dcfaa32b1f8080df510bdcfaa32b85d15b64fc0bdcfa392b1f804864510b2ffaa32bad805b64a20bdcfa722b1f800664510b1dfaa32bad805b6454d5dcfaff2b1f80c464510b1cfaa32b0baa5b64420bdcfaab2b1f800d64510b8ffaa32b1f805b64510bdcfaa32b1f805b64510bdcfaa32b1f805b64430bdcfaa32b1f805b64510bdcfaa32b1f805b64
2026-10-02 19:16:34.894 [OP] 40E3 inv=FFBB len=68 #2 2d87c464fb8dc4fac32b62804764830bdefaf82b6480c36414ec52fa56535980f7df580b68c4202b58aa406485ec8ffa5553ad80c6dffc0bb8c4db2b2eaa0d6486d08bfa
2026-10-02 19:16:34.894 [OP] 40E2 inv=FFF3 len=12 #2 baecfc0b6ff6222b45809564
2026-10-02 19:16:34.906 [OUT] 0185 inv=FFF7 len=12 #2 f7ff8501dcfaa32bc8d97b81
2026-10-02 19:17:03.352 [SETTLE] exp=5390 gold=201743 len=393
2026-10-02 19:17:32.081 [SETTLE] exp=5334 gold=201743 len=403
2026-10-02 19:17:34.108 [OUT] 004E inv=FFFA len=9 #3 faff4e00e9580bdc22
2026-10-02 19:17:34.239 [OP] 4029 inv=FFDF len=32 #3 baecfc0b46faa32b1f805b64470bdcfaa32b1f801bdf510b52c4a32b3e809464
2026-10-02 19:17:54.070 [OP] F005 inv=FFE7 len=24 #3 ed3572a4cd97854d1f805b64510bdcfaa3ce7512ddee747f
2026-10-02 19:18:11.450 [SETTLE] exp=7286 gold=201743 len=393
2026-10-02 19:18:11.450 [OP] 40E1 inv=FFED len=18 #3 baecfc0b6ffadb54ca809564580b52e3f82b
2026-10-02 19:18:11.450 [OP] 40E0 inv=FED1 len=302 #3 fb8052fa83d91f805b64510b9bc4a32b1f805b64cbd5dcfaa32b1f8080df510bdcfaa32b85d15b64fc0bdcfa392b1f804864510b2ffaa32bad805b64a20bdcfa722b1f800664510b1dfaa32bad805b6454d5dcfaff2b1f80c464510b1cfaa32b0baa5b64420bdcfaab2b1f800d64510b8ffaa32b1f805b64510bdcfaa32b1f805b64510bdcfaa32b1f805b64430bdcfaa32b1f805b64510bdcfaa32b1f805b64
2026-10-02 19:18:11.450 [OP] 40E3 inv=FFBB len=68 #3 2d87c464fbd0dcfac32b62804764830bdefaf82b6480c36414ec52fa56535980f7df580b68c4202b58aa406485ec8ffa5553ad80c6dffc0bb8c4db2b2eaa0d6486d08bfa
2026-10-02 19:18:11.451 [OP] 40E2 inv=FFF3 len=12 #3 baecfc0b6f39222b45809564
2026-10-02 19:18:11.500 [OUT] 0185 inv=FFF7 len=12 #3 f7ff8501dcfaa32bc8d97b81
2026-10-02 19:18:42.232 [SETTLE] exp=5390 gold=201743 len=403
2026-10-02 19:19:19.132 [SETTLE] exp=5446 gold=201743 len=393
2026-10-02 19:19:19.224 [OP] 40E1 inv=FFED len=18 #4 baecfc0b6ffadb54ca809564580b52e3f82b
2026-10-02 19:19:19.225 [OP] 40E0 inv=FED1 len=302 #4 fb8052fa83d91f805b64510b9bc4a32b1f805b64cbd5dcfaa32b1f8080df510bdcfaa32b85d15b64fc0bdcfa392b1f804864510b2ffaa32bad805b64a20bdcfa722b1f800664510b1dfaa32bad805b6454d5dcfaff2b1f80c464510b1cfaa32b0baa5b64420bdcfaab2b1f800d64510b8ffaa32b1f805b64510bdcfaa32b1f805b64510bdcfaa32b1f805b64430bdcfaa32b1f805b64510bdcfaa32b1f805b64
2026-10-02 19:19:19.225 [OP] 40E3 inv=FFBB len=68 #4 2d87c464fbd0dcfac32b62804764830bdefaf82b6480c36414ec52fa56535980f7df580b68c4202b58aa406485ec8ffa5553ad80c6dffc0bb8c4db2b2eaa0d6486d08bfa
2026-10-02 19:19:19.225 [OP] 40E2 inv=FFF3 len=12 #4 baecfc0b6f2c222b45809564
2026-10-02 19:19:19.231 [OUT] 0185 inv=FFF7 len=12 #4 f7ff8501dcfaa32bc8d97b81
2026-10-02 19:19:48.834 [SETTLE] exp=7286 gold=201743 len=393
2026-10-02 19:20:17.317 [SETTLE] exp=5804 gold=201743 len=393
2026-10-02 19:20:37.699 [OP] F005 inv=FFE7 len=24 #4 26b35c3828d7512b1f805b64510bdcfaa3de1f809164a80c
2026-10-02 19:20:37.782 [OP] F005 inv=FFE7 len=24 #5 26b35c3828d7512b1f805b64510bdcfaa3de1f809164a80c
2026-10-02 19:21:03.660 [SETTLE] exp=7346 gold=201743 len=403
2026-10-02 19:21:03.764 [OP] 40E1 inv=FFED len=18 #5 baecfc0b6ffadb54ca809564580b52e3f82b
2026-10-02 19:21:03.764 [OP] 40E0 inv=FED1 len=302 #5 fb8052fa83d91f805b64510b9bc4a32b1f805b64cbd5dcfaa32b1f8080df510bdcfaa32b85d15b64fc0bdcfa392b1f804864510b2ffaa32bad805b64a20bdcfa722b1f800664510b1dfaa32bad805b6454d5dcfaff2b1f80c464510b1cfaa32b0baa5b64420bdcfaab2b1f800d64510b8ffaa32b1f805b64510bdcfaa32b1f805b64510bdcfaa32b1f805b64430bdcfaa32b1f805b64510bdcfaa32b1f805b64
2026-10-02 19:21:03.764 [OP] 40E3 inv=FFBB len=68 #5 2d87c464fb0b90fac32b62804764830bdefaf82b6480c36414ec52fa56535980f7df580b68c4202b58aa406485ec8ffa5553ad80c6dffc0bb8c4db2b2eaa0d6486d08bfa
2026-10-02 19:21:03.764 [OP] 40E2 inv=FFF3 len=12 #5 baecfc0b6ffa392b45809564
2026-10-02 19:21:03.781 [OUT] 0185 inv=FFF7 len=12 #5 f7ff8501dcfaa32bc8d97b81
2026-10-02 19:21:05.676 [OUT] 004E inv=FFFA len=9 #4 faff4e00e9580bdc22
2026-10-02 19:21:05.736 [OP] 4029 inv=FFDF len=32 #4 baecfc0b46faa32b1f805b64470bdcfaa32b1f803564510b52c4a32b22809464
2026-10-02 19:21:34.534 [SETTLE] exp=5386 gold=201743 len=393
2026-10-02 19:22:03.225 [SETTLE] exp=5446 gold=201743 len=393
2026-10-02 19:22:03.334 [OP] 46E0 inv=FDF7 len=520 #1 baecfc0b6ffaa32be787c464580bdcfa7f4d1f809564510b1a48822bd62f8823db7affc02142ad8066b22b0bdcfae02b2997f123e6a3b1ca392b59807451e650e2c1751305009e3edea391fad19720801c640fd0e74f5770e31e5cdc510b155aa5dffc802c6f94d0dc08a32bad804d7ffc0bdcfa1c7048ce0b472b0b6e10e02b2cca3af167df3dfa35571f807a5c06d0dcfa4e78973f987f1d4ad49995a86d80
2026-10-02 19:22:17.553 [SETTLE] exp=5804 gold=201743 len=393
2026-10-02 19:23:06.516 [SETTLE] exp=6846 gold=201743 len=393
2026-10-02 19:23:06.621 [OP] 40E6 inv=FFF3 len=12 #1 5f5dad80fa82510bdcfaa32b
2026-10-02 19:23:06.621 [OP] 4210 inv=FFF3 len=12 #1 450bdcfaf52b1f80baecfc0b
2026-10-02 19:23:38.475 [SETTLE] exp=4838 gold=201743 len=393
2026-10-02 19:23:40.538 [OUT] 004E inv=FFFA len=9 #5 faff4e00e9580bdcc4
2026-10-02 19:23:40.689 [OP] 4029 inv=FFDF len=32 #5 baecfc0b9fe0a32b1f805b6446ecdcfaa32b1f8094ecfc0b6fc4a32bce801c64
2026-10-02 19:24:08.817 [SETTLE] exp=5498 gold=201743 len=393
2026-10-02 19:24:41.584 [SETTLE] exp=4740 gold=201743 len=393
2026-10-02 19:24:41.680 [SYS] 物品栏已满！
2026-10-02 19:25:32.428 [SETTLE] exp=5112 gold=201743 len=403
2026-10-02 19:26:04.432 [SETTLE] exp=4838 gold=201743 len=393
2026-10-02 19:26:37.369 [SETTLE] exp=6902 gold=201743 len=393
2026-10-02 19:26:37.478 [OP] 4210 inv=FFF3 len=12 #2 450bdcfa382b1f80a1ecfc0b
2026-10-02 19:27:04.586 [SETTLE] exp=6902 gold=201743 len=393
2026-10-02 19:27:34.885 [SETTLE] exp=6034 gold=201743 len=403
2026-10-02 19:28:17.475 [SETTLE] exp=5936 gold=201743 len=393
2026-10-02 19:28:51.749 [OP] 46E0 inv=FDF7 len=520 #2 baecfc0b6ffaa32b7207c464580bdcfa44661f80c064250b23d6e4ded62f88230acb2cc0dc29598066b22b0bdcfae02b91b2c67fdb4bc4fadb2b610749dbfd500cd67513c0805b64519adcfa232b1f80c464b27535cd467087562a6443508cae0f8efc805b64510bdc08a32b1f805b64830bdcfa404cae120b472b0b6e10e02b69e57ed9438b8efa119408ce118a9cd004b663c45b9f097f1d4ad49995a86d80
2026-10-02 19:28:51.843 [SETTLE] exp=6038 gold=201743 len=403
2026-10-02 19:29:20.079 [SETTLE] exp=4740 gold=201743 len=393
2026-10-02 19:29:55.086 [SETTLE] exp=4838 gold=201743 len=393
2026-10-02 19:30:13.070 [SETTLE] exp=5498 gold=201743 len=393
2026-10-02 19:30:17.952 [QUESTION] {"type":"question","sock":2560,"qno":2,"field_a":74,"stem":"地球公转的方向是怎样的?","options":["1、上下蹦","2、左右晃悠","3、社会摇","4、自西向东"]}
2026-10-02 19:30:18.955 [UI] auto dump on question qno=2
2026-10-02 19:30:18.955 [UI] ---- window dump begin (pid 24524) ----
2026-10-02 19:30:18.963 [UI] TOP=00150606 vis=1 cls=ATL:012FF210 rc=(440,102,1480,911) title=什么什么大冒险2(①逍遥村敬老院)-自由一号_Sep 24 2026《什么什么大冒险》制作委员会QQ群:515616289
2026-10-02 19:30:18.964 [UI] TOP=00070642 vis=0 cls=DIEmWin rc=(-1,-1,135,38) title=DIEmWin
2026-10-02 19:30:18.968 [UI] TOP=00290040 vis=0 cls=MSCTFIME UI rc=(0,0,0,0) title=MSCTFIME UI
2026-10-02 19:30:18.991 [UI] TOP=021F065C vis=0 cls=IME rc=(0,0,0,0) title=Default IME
2026-10-02 19:30:18.991 [UI] TOP=002600EA vis=0 cls=IME rc=(0,0,0,0) title=Default IME
2026-10-02 19:30:18.991 [UI] ---- window dump end ----
2026-10-02 19:30:19.848 [SEND-ANSWER] qno=2 opt=3 ret=13 sock=2560
2026-10-02 19:30:19.901 [SYS] 测试通过！
2026-10-02 19:30:20.008 [SYS] 获得了#00FF00#100#FFF692#金币
2026-10-02 19:30:20.008 [CURRENCY] a=201743 b=307666
2026-10-02 19:30:47.066 [SETTLE] exp=6904 gold=201743 len=393
2026-10-02 19:31:20.568 [SETTLE] exp=5988 gold=201743 len=393
2026-10-02 19:31:50.242 [SETTLE] exp=4694 gold=201743 len=393
2026-10-02 19:32:20.770 [SETTLE] exp=5938 gold=201743 len=393
2026-10-02 19:32:39.746 [SETTLE] exp=5498 gold=201743 len=393
2026-10-02 19:33:11.512 [SETTLE] exp=5556 gold=201743 len=393
2026-10-02 19:33:53.802 [SETTLE] exp=6034 gold=201743 len=393
2026-10-02 19:34:34.363 [SETTLE] exp=4792 gold=201743 len=393
2026-10-02 19:35:03.030 [SETTLE] exp=5894 gold=201743 len=393
2026-10-02 19:35:37.851 [SETTLE] exp=4840 gold=201743 len=393
2026-10-02 19:36:02.950 [SETTLE] exp=4744 gold=201743 len=403
2026-10-02 19:36:27.713 [SETTLE] exp=4744 gold=201743 len=393
2026-10-02 19:36:52.628 [SETTLE] exp=5612 gold=201743 len=393
2026-10-02 19:37:14.482 [PIPE] controller disconnected
2026-10-02 19:37:20.316 [INIT] dll unloaded
2026-10-02 19:37:55.769 [INIT] dll loaded, pid=24524
2026-10-02 19:37:55.776 [INIT] codec loaded OK
2026-10-02 19:37:55.776 [INIT] iat hooks: recv=1 send=1 WSASend=1 connect=1 closesocket=1
2026-10-02 19:37:56.788 [SETTLE] exp=4792 gold=201743 len=393
2026-10-02 19:37:56.788 [OP] 472A inv=FE76 len=393 #1 30d8de1fb5d064510bdcfaa32b1f805b64510bdce8a32b1f805b64510bdcfaa39c59805b64510bdc9b202b1f805b6451846ffaa32b1f805b64510bdcfaa32b1f3ff864510bdcfaa32b1f805b64510bdcfaa32b1f805b64510bdcfaa32b1f805b64510bdcfaa32b1f805b64510bdcfaa32b1f805b64510bdcfaa32b1f805b64510bdcfaa32b1f805b64510bdce4f82b1f859564514d6ffaa3ebca805b81a55215
2026-10-02 19:37:56.882 [OP] 42CE inv=FFFB len=4 #1 c87f510b
2026-10-02 19:37:56.882 [OP] 4211 inv=FFF6 len=9 #1 aa5b64515ca722a34a
2026-10-02 19:37:56.883 [OP] 4211 inv=FFF6 len=9 #2 aa5b6451c03e22a34a
2026-10-02 19:37:56.883 [OP] 4211 inv=FFF6 len=9 #3 aa5b6451af3e22a34a
2026-10-02 19:37:56.883 [OP] 4211 inv=FFF6 len=9 #4 aa5b645134a722a34a
2026-10-02 19:37:56.982 [OP] 47C0 inv=FFCF len=48 #1 7cdffd34059ff893c9a8f55a6001c6c4fd7f81fddf9dc0fd6ff43bca65c9412831ec8b6d9a412498add958d05c094cd2
2026-10-02 19:37:56.983 [OP] 47C0 inv=FFD8 len=39 #2 b395266001c6c4fd7f81fddf9dc0fd6ff43bca65c9412831ec8b6d9a412498add958d05c094cd2
2026-10-02 19:37:56.983 [OP] 47C0 inv=FFE1 len=30 #3 0faac49dc0fd6ff43bca65c9412831ec8b6d9a412498add958d05c094cd2
2026-10-02 19:37:56.983 [OP] 47C0 inv=FFEA len=21 #4 51cac7412831ec8b6d9a412498add958d05c094cd2
2026-10-02 19:37:56.983 [OP] 47C0 inv=FFF3 len=12 #5 0253ca98add958d05c094cd2
2026-10-02 19:38:00.569 [OP] EFFE inv=FFFE len=1 #1 0b
2026-10-02 19:38:00.951 [OP] 4707 inv=FFF3 len=12 #1 5f5dad8063cdfc0b17faa32b
2026-10-02 19:38:00.982 [OUT] 0022 inv=FFF5 len=14 #1 f5ff2200959dc0fd90c4ad4004c9
2026-10-02 19:38:01.992 [OUT] 0022 inv=FFF5 len=14 #2 f5ff2200959dc0fd90c49c6a60c9
2026-10-02 19:38:02.044 [CLOSE] main sock 2560 closed
2026-10-02 19:38:03.770 [PIPE] controller connected
2026-10-02 19:38:10.589 [OP] EFFE inv=FFFE len=1 #2 0b
2026-10-02 19:38:30.629 [OP] EFFE inv=FFFE len=1 #3 0b
2026-10-02 19:38:32.226 [OP] F005 inv=FFE7 len=24 #1 26b35c3828d7512b1f805b64510bdcfaa32b5ebce8868fb2
2026-10-02 19:38:32.320 [OP] F005 inv=FFE7 len=24 #2 26b35c3828d7512b1f805b64510bdcfaa32b5ebce8868fb2
2026-10-02 19:43:16.124 [PIPE] controller disconnected
