2026-10-03 01:08:58.720 [INIT] dll loaded, pid=31112
2026-10-03 01:08:58.720 [INIT] codec loaded OK
2026-10-03 01:08:58.721 [INIT] iat hooks: recv=1 send=1 WSASend=1 connect=1 closesocket=1 WSAEventSelect=1 WSAEnumNetworkEvents=1 ioctlsocket=1
2026-10-03 01:08:58.874 [PIPE] controller connected
2026-10-03 01:08:59.331 [EVENT] sock=2164 hEvent=00000994 events=0x0
2026-10-03 01:08:59.331 [EVENT] sock=2164 hEvent=00000994 events=0x21
2026-10-03 01:08:59.519 [OP] 4108 inv=FFE3 len=28 #1 6787c464510bdcfa5f531f80d8f8510bce40515d1f805b64510bdcfa
2026-10-03 01:08:59.625 [OP] 4108 inv=FFE3 len=28 #2 6787c464510bdcfa21531f80d8f8510bce4051421f805b64510bdcfa
2026-10-03 01:08:59.625 [OP] 4108 inv=FFE3 len=28 #3 6787c464510bdcfa4d531f80d8f8510bce4051ed1f805b64510bdcfa
2026-10-03 01:08:59.625 [OP] 4108 inv=FFF3 len=12 #4 3e0e392b1f805b64510bdcfa
2026-10-03 01:08:59.625 [OP] 4108 inv=FFF3 len=12 #5 3e0e392b1f805b64580bdcfa
2026-10-03 01:08:59.734 [OP] 4104 inv=FFFB len=4 #1 50d01f80
2026-10-03 01:08:59.736 [OP] 4104 inv=FFFB len=4 #2 29d31faa
2026-10-03 01:08:59.736 [OP] 4104 inv=FFFB len=4 #3 29d31fc7
2026-10-03 01:08:59.736 [OP] 4104 inv=FFFB len=4 #4 0bd31fce
2026-10-03 01:08:59.736 [OP] 4104 inv=FFFB len=4 #5 29d31f12
2026-10-03 01:09:00.701 [OP] 46FE inv=FFFF len=0 #1 
2026-10-03 01:09:01.628 [OP] 4105 inv=FFFE len=1 #1 cd
2026-10-03 01:09:01.736 [OP] 4105 inv=FFFE len=1 #2 c0
2026-10-03 01:09:01.737 [OP] 4105 inv=FFFE len=1 #3 af
2026-10-03 01:09:01.737 [OP] 4106 inv=FFFC len=3 #1 a53932
2026-10-03 01:09:01.737 [OP] 4106 inv=FFFC len=3 #2 e546ed
2026-10-03 01:09:01.838 [OP] 4106 inv=FFFC len=3 #3 b1fdcb
2026-10-03 01:09:02.048 [OP] 4109 inv=FFB7 len=72 #1 6787c464517f6fc4a32b1f805b64510b07faa32bada05b6487b1dcfa40ce1f80ba7f0e0b07faa32b39125b640ed054faa32b1f805b64f4808222a32b39125b64080b54faa32b1f1c
2026-10-03 01:09:02.148 [OP] 4105 inv=FFFE len=1 #4 0c
2026-10-03 01:09:02.148 [OP] 4105 inv=FFFE len=1 #5 d0
2026-10-03 01:09:02.149 [OP] 4106 inv=FFFD len=2 #4 a3de
2026-10-03 01:09:02.149 [OP] 4106 inv=FFFD len=2 #5 a34a
2026-10-03 01:09:02.149 [OP] 4111 inv=FFFD len=2 #1 c464
2026-10-03 01:09:03.434 [OP] 4109 inv=FFB7 len=72 #2 6787c464517f6fc4a32b1f805b64510b07faa32b9d105b6487b1dcfa40ce1f80c0260e0b07faa32b39125b640eb166faa32b1f805b64f4808222a32b39125b64080b66faa32b1f80
2026-10-03 01:09:03.580 [OP] 4111 inv=FFFD len=2 #2 1c64
2026-10-03 01:09:04.631 [OP] EFFE inv=FFFE len=1 #1 0b
2026-10-03 01:09:04.839 [OP] 4109 inv=FFA7 len=88 #3 238052faa393caaa5bdf510bdcfaa32bb9805b64586ddcfa1d4a1f80646f510b3bc4db2bb9805b6487b1dcfadb539b805b64510bdcc4a32bb2ce5b6487b1dcfadb2b9b805bdf510b05c4a32b7eaa5b64510bdcfaa32b1f80
2026-10-03 01:09:05.296 [OP] 4111 inv=FFFD len=2 #3 9564
2026-10-03 01:09:07.013 [OP] 4109 inv=FE9B len=356 #4 d85dad809564fdd5dcc4a32b1f805b64580bdcfa722b6fef6e6401c452fa612bca805b64dfb2dcfa39c41f805bf8510bdcfaa32b92aa5b64dc0bdcfaa32b1f805b64510b7cc4a32b6ffcf4ec510bdcfaed6b1f809564510b3fc2a32bad109564510bdcfaa32b1f809564510b3fc2a32bad109464510bdcfaa32b1f809564510b3fc2a32bad10c464510bdcfaa34a1f809564510b3fc2a32bad101c64510bdcfa
2026-10-03 01:09:07.013 [OP] 4111 inv=FFFD len=2 #4 c0df
2026-10-03 01:09:08.457 [EVENT] sock=2164 hEvent=00000994 events=0x0
2026-10-03 01:09:08.457 [EVENT] sock=2164 hEvent=00000994 events=0x21
2026-10-03 01:09:08.511 [OP] 4F52 inv=FFFF len=0 #1 
2026-10-03 01:09:08.934 [OP] 4109 inv=FFA3 len=92 #5 6787c464587f6fc4a3ee1f805b64510b6ffaa32b598001260e0b83f4fd2b59809564510b53faa32b59775b64ac27dcfa59bb1f8057f80e0b53faa32b6a4e5b64b27f5efaa32b1f805b6e52805225a32b958c5b64080b5efaa32b1f80
2026-10-03 01:09:09.032 [OP] 4111 inv=FFFD len=2 #5 9464
2026-10-03 01:09:11.610 [OP] 4112 inv=FFFD len=2 #1 6fc4
2026-10-03 01:09:11.610 [OP] 4112 inv=FFFD len=2 #2 90c4
2026-10-03 01:09:11.610 [OP] 4112 inv=FFFD len=2 #3 52c4
2026-10-03 01:09:14.563 [OP] EFFE inv=FFFE len=1 #2 0b
2026-10-03 01:09:14.618 [OP] 4112 inv=FFFD len=2 #4 dcc4
2026-10-03 01:09:14.621 [EVENT] sock=2164 hEvent=00000994 events=0x0
2026-10-03 01:09:14.621 [EVENT] sock=2164 hEvent=00000994 events=0x21
2026-10-03 01:09:14.823 [OP] 4110 inv=FFFD len=2 #1 bc2b
2026-10-03 01:09:17.307 [OP] 4112 inv=FFFD len=2 #5 8bc4
2026-10-03 01:09:18.534 [EVENT] sock=2164 hEvent=00000994 events=0x0
2026-10-03 01:09:18.535 [EVENT] sock=2164 hEvent=00000994 events=0x21
2026-10-03 01:09:18.591 [OP] 4F52 inv=FFFF len=0 #2 
2026-10-03 01:09:20.559 [SETTLE] exp=3684 gold=201748 len=393
2026-10-03 01:09:20.559 [OP] 472A inv=FE76 len=393 #1 0ed8de1f721b64510bdcfaa32b1f805b64510bdcb0bc2b1f805b6451b2dcfaa32f59805b64510bdc5a392b1f805b64511790faa32b1f805bc9a40bdcfaa32b1f0d3b64510bdcfaa32b1f805b64510bdcfaa32b1f805b64510bdcfaa32b1f805b64510bdcfaa32b1f805b64510bdcfaa32b1f805b64510bdcfaa32b1f805b64510bdcfaa32b1f805b64510bdc03f82b1fa79564514d6ffaa326ca805b43580bdc
2026-10-03 01:09:20.660 [OP] 42CE inv=FFFB len=4 #1 c87f510b
2026-10-03 01:09:20.660 [OP] 4211 inv=FFF6 len=9 #1 aa5b6451e3a722a34a
2026-10-03 01:09:20.660 [OP] 4211 inv=FFF6 len=9 #2 aa5b64515ca722a34a
2026-10-03 01:09:20.660 [OP] 4211 inv=FFF6 len=9 #3 aa5b64516d3e22a34a
2026-10-03 01:09:20.660 [OP] 4211 inv=FFF6 len=9 #4 aa5b645134a722a34a
2026-10-03 01:09:20.752 [OP] 47C0 inv=FFE8 len=23 #1 98f893723327df511a6bc46914523327df58246bc4e214
2026-10-03 01:09:20.752 [OP] 47C0 inv=FFF2 len=13 #2 98f853523327df58246bc4e214
2026-10-03 01:09:20.752 [OP] 47C0 inv=FFDE len=33 #3 98f8deb65427df587d6bc4a64eb93327df582604c4a62fdf5427df587204c41f2f
2026-10-03 01:09:20.752 [OP] 47C0 inv=FFE8 len=23 #4 98f893b93327df582604c4a62fdf5427df587204c41f2f
2026-10-03 01:09:20.752 [OP] 47C0 inv=FFF2 len=13 #5 98f853df5427df587204c41f2f
2026-10-03 01:09:23.548 [EVENT] sock=2676 hEvent=00000A50 events=0x0
2026-10-03 01:09:23.548 [EVENT] sock=2676 hEvent=00000A50 events=0x21
2026-10-03 01:09:27.705 [OP] 4100 inv=FFF9 len=6 #1 0512a8517b0c
2026-10-03 01:09:27.797 [EVENT] sock=2164 hEvent=00000994 events=0x0
2026-10-03 01:09:27.797 [EVENT] sock=2164 hEvent=00000994 events=0x21
2026-10-03 01:09:27.807 [OP] 4101 inv=FCA5 len=858 #1 238052faa32b1f805b64510b155a4e781f805b64510bdcfaa32b1f805b64510bdcfaa32b1f805b647c448b25a32b53ca5b64510bdcfa1a7c1f805b64510bdcfaa32b1f805b6455b252fa392b1f805b64510bb2dca32bd13b5b648a2bdcfa5acb1f807b81a552155a4e78c8d97b81530bdcfa4e78c8d995a9bc595ab12b21ab805b64510bdcfaa32b1f532764510bdcfaa33084805b64510bdcfaa32b1f805b64
2026-10-03 01:09:27.859 [OP] 4F52 inv=FFFF len=0 #3 
2026-10-03 01:09:28.785 [EVENT] sock=2164 hEvent=00000994 events=0x0
2026-10-03 01:09:28.785 [EVENT] sock=2164 hEvent=00000994 events=0x21
2026-10-03 01:09:30.903 [OP] 46FE inv=FFFF len=0 #2 
2026-10-03 01:09:34.588 [OP] EFFE inv=FFFE len=1 #3 0b
2026-10-03 01:09:37.877 [EVENT] sock=2164 hEvent=00000994 events=0x0
2026-10-03 01:09:37.877 [EVENT] sock=2164 hEvent=00000994 events=0x21
2026-10-03 01:09:37.929 [OP] 4F52 inv=FFFF len=0 #4 
2026-10-03 01:09:45.603 [OP] EFFE inv=FFFE len=1 #4 0b
2026-10-03 01:09:47.361 [EVENT] sock=2164 hEvent=00000994 events=0x0
2026-10-03 01:09:47.362 [EVENT] sock=2164 hEvent=00000994 events=0x21
2026-10-03 01:09:47.545 [OP] 4110 inv=FFFD len=2 #2 bc2b
2026-10-03 01:09:47.949 [EVENT] sock=2164 hEvent=00000994 events=0x0
2026-10-03 01:09:47.949 [EVENT] sock=2164 hEvent=00000994 events=0x21
2026-10-03 01:09:48.004 [OP] 4F52 inv=FFFF len=0 #5 
2026-10-03 01:09:53.535 [SETTLE] exp=3024 gold=201748 len=403
2026-10-03 01:09:53.535 [OP] 472A inv=FE6C len=403 #2 0ed8de1f16c064510bdcfaa32b1f805b64510bdc8d612b1f805b6451b2dcfaa331ca805b64510bdc5a392b1f805b64511790faa32b1f805bc9a40bdcfaa32b1f0d3b64510bdcfaa32b1f805b64510bdcfaa32b1f805b64510bdcfaa32b1f805b64510bdcfaa32b1f805b64510bdcfaa32b1f805b64510bdcfaa32b1f805b64510bdcfaa32b1f805b64510bdc03f82b1f85956451416ffaa326ca805b81a55215
2026-10-03 01:09:53.549 [EVENT] sock=2676 hEvent=00000A50 events=0x0
2026-10-03 01:09:53.551 [EVENT] sock=2676 hEvent=00000A50 events=0x21
2026-10-03 01:09:53.640 [OP] 42CE inv=FFFB len=4 #2 c87f510b
2026-10-03 01:09:53.640 [OP] 4211 inv=FFF6 len=9 #5 aa5b6451e3a722a34a
2026-10-03 01:10:00.644 [OP] 4100 inv=FFF9 len=6 #2 05123e2707b2
2026-10-03 01:10:00.738 [EVENT] sock=2164 hEvent=00000994 events=0x0
2026-10-03 01:10:00.739 [EVENT] sock=2164 hEvent=00000994 events=0x21
2026-10-03 01:10:00.754 [OP] 4101 inv=FCA5 len=858 #2 238052faa32b1f805b64510b155a4e781f805b64510bdcfaa32b1f805b64510bdcfaa32b1f805b647c448b25a32b53ca5b64510bdcfa1a7c1f805b64510bdcfaa32b1f805b6455b252fa392b1f805b64510bb2dca32bd13b5b648a2bdcfa5acb1f807b81a552155a4e78c8d97b81530bdcfa4e78c8d995a9bc595ab12b21ab805b64510bdcfaa32b80532764510bdcfaa33084805b64510bdcfaa32b1f805b64
2026-10-03 01:10:01.206 [OP] 46FE inv=FFFF len=0 #3 
2026-10-03 01:10:01.707 [EVENT] sock=2164 hEvent=00000994 events=0x0
2026-10-03 01:10:01.707 [EVENT] sock=2164 hEvent=00000994 events=0x21
2026-10-03 01:10:03.622 [OP] EFFE inv=FFFE len=1 #5 0b
2026-10-03 01:10:10.837 [EVENT] sock=2164 hEvent=00000994 events=0x0
2026-10-03 01:10:10.839 [EVENT] sock=2164 hEvent=00000994 events=0x21
2026-10-03 01:10:12.455 [EVENT] sock=2164 hEvent=00000994 events=0x0
2026-10-03 01:10:12.455 [EVENT] sock=2164 hEvent=00000994 events=0x21
2026-10-03 01:10:12.630 [OP] 4110 inv=FFFD len=2 #3 bc2b
2026-10-03 01:10:20.918 [EVENT] sock=2164 hEvent=00000994 events=0x0
2026-10-03 01:10:20.918 [EVENT] sock=2164 hEvent=00000994 events=0x21
2026-10-03 01:10:23.551 [EVENT] sock=2676 hEvent=00000A50 events=0x0
2026-10-03 01:10:23.551 [EVENT] sock=2676 hEvent=00000A50 events=0x21
2026-10-03 01:10:23.751 [SETTLE] exp=2995 gold=201748 len=393
2026-10-03 01:10:23.751 [OP] 472A inv=FE76 len=393 #3 0ed8de1f8fc064510bdcfaa32b1f805b64510bdcd1612b1f805b6451b2dcfaa359ca805b64510bdc5a392b1f805b64511790faa32b1f805b3e950bdcfaa32b1f0d3b64510bdcfaa32b1f805b64510bdcfaa32b1f805b64510bdcfaa32b1f805b64510bdcfaa32b1f805b64510bdcfaa32b1f805b64510bdcfaa32b1f805b64510bdcfaa32b1f805b64510bdcd7f82b1f85956451416ffaa3ebca805b81a55215
2026-10-03 01:10:23.752 [OP] 42CE inv=FFFB len=4 #3 c87f510b
2026-10-03 01:10:27.846 [OP] 4100 inv=FFF9 len=6 #3 05129051640c
2026-10-03 01:10:27.945 [OP] 4101 inv=FC6D len=914 #3 d85dad805b64510bdcfaa32bc8d97b81510bdcfaa32b1f805b64510bdcfaa32b1f805b64510bdcfa87429d4e5b64a9fddcfaa32b1f8099d9510bdcfaa32b1f805b64510bdcfaa63bad80c464510bdcfaa32bf6455b645943dcfadf7f1f80807a510b155a4e78c8d97b81a552155ada2b1f807b81a5526f3016876c842d43450bdcfaa32b1f805b6451a0c6faa32b1f805b4d310bdcfaa32b1f805b64510bdcfa
2026-10-03 01:10:27.949 [EVENT] sock=2164 hEvent=00000994 events=0x0
2026-10-03 01:10:27.949 [EVENT] sock=2164 hEvent=00000994 events=0x21
2026-10-03 01:10:28.908 [EVENT] sock=2164 hEvent=00000994 events=0x0
2026-10-03 01:10:28.908 [EVENT] sock=2164 hEvent=00000994 events=0x21
2026-10-03 01:10:31.408 [OP] 46FE inv=FFFF len=0 #4 
2026-10-03 01:10:38.015 [EVENT] sock=2164 hEvent=00000994 events=0x0
2026-10-03 01:10:38.015 [EVENT] sock=2164 hEvent=00000994 events=0x21
2026-10-03 01:10:40.692 [EVENT] sock=2164 hEvent=00000994 events=0x0
2026-10-03 01:10:40.692 [EVENT] sock=2164 hEvent=00000994 events=0x21
2026-10-03 01:10:40.775 [OP] 4110 inv=FFFD len=2 #4 bc2b
2026-10-03 01:10:48.082 [EVENT] sock=2164 hEvent=00000994 events=0x0
2026-10-03 01:10:48.082 [EVENT] sock=2164 hEvent=00000994 events=0x21
2026-10-03 01:10:49.576 [SETTLE] exp=3743 gold=201748 len=393
2026-10-03 01:10:49.576 [OP] 472A inv=FE76 len=393 #4 0ed8de1f741b64510bdcfaa32b1f805b64510bdc61bc2b1f805b6451b2dcfaa36c59805b64510bdc5a392b1f805b64511790faa32b1f805b3e950bdcfaa32b1f0d3b64510bdcfaa32b1f805b64510bdcfaa32b1f805b64510bdcfaa32b1f805b64510bdcfaa32b1f805b64510bdcfaa32b1f805b64510bdcfaa32b1f805b64510bdcfaa32b1f805b64510bdc03f82b1f85956451416ffaa321ca805bc5580bdc
2026-10-03 01:10:49.677 [OP] 42CE inv=FFFB len=4 #4 c87f510b
2026-10-03 01:10:53.552 [EVENT] sock=2676 hEvent=00000A50 events=0x0
2026-10-03 01:10:53.552 [EVENT] sock=2676 hEvent=00000A50 events=0x21
2026-10-03 01:10:54.731 [OP] 4100 inv=FFF9 len=6 #4 05128d513b0c
2026-10-03 01:10:54.820 [EVENT] sock=2164 hEvent=00000994 events=0x0
2026-10-03 01:10:54.821 [EVENT] sock=2164 hEvent=00000994 events=0x21
2026-10-03 01:10:54.833 [OP] 4101 inv=FC6D len=914 #4 d85dad805b64510bdcfaa32bc8d97b81510bdcfaa32b1f805b64510bdcfaa32b1f805b64510bdcfa87429d4e5b64a9fddcfaa32b1f8099d9510bdcfaa32b1f805b64510bdcfaa63bad80c464510bdcfaa32bf6455b645943dcfadf7f1f80807a510b155a4e78c8d97b81a552155ada2b1f807b81a5526f3016876c842d43450bdcfaa32b1f805b64b2a0c6faa32b1f805b4d310bdcfaa32b1f805b64510bdcfa
2026-10-03 01:10:55.808 [EVENT] sock=2164 hEvent=00000994 events=0x0
2026-10-03 01:10:55.808 [EVENT] sock=2164 hEvent=00000994 events=0x21
2026-10-03 01:11:01.661 [OP] 46FE inv=FFFF len=0 #5 
2026-10-03 01:11:04.951 [EVENT] sock=2164 hEvent=00000994 events=0x0
2026-10-03 01:11:04.952 [EVENT] sock=2164 hEvent=00000994 events=0x21
2026-10-03 01:11:15.027 [EVENT] sock=2164 hEvent=00000994 events=0x0
2026-10-03 01:11:15.027 [EVENT] sock=2164 hEvent=00000994 events=0x21
2026-10-03 01:11:15.234 [SETTLE] exp=3713 gold=201748 len=403
2026-10-03 01:11:15.234 [OP] 472A inv=FE6C len=403 #5 0ed8de1fdf1b64510bdcfaa32b1f805b64510bdc7dbc2b1f805b6451b2dcfaa31459805b64510bdc5a392b1f805b64511790faa32b1f805b3e950bdcfaa32b1f0d3b64510bdcfaa32b1f805b64510bdcfaa32b1f805b64510bdcfaa32b1f805b64510bdcfaa32b1f805b64510bdcfaa32b1f805b64510bdcfaa32b1f805b64510bdcfaa32b1f805b64510bdce4f82b1fa79564516c6ffaa326ca805b43580bdc
2026-10-03 01:11:15.334 [OP] 42CE inv=FFFB len=4 #5 c87f510b
2026-10-03 01:11:22.316 [OP] 4100 inv=FFF9 len=6 #5 05129051640c
2026-10-03 01:11:22.413 [EVENT] sock=2164 hEvent=00000994 events=0x0
2026-10-03 01:11:22.413 [EVENT] sock=2164 hEvent=00000994 events=0x21
2026-10-03 01:11:22.466 [OP] 4101 inv=FC6D len=914 #5 d85dad805b64510bdcfaa32bc8d97b81510bdcfaa32b1f805b64510bdcfaa32b1f805b64510bdcfa87429d4e5b64a9fddcfaa32b1f8099d9510bdcfaa32b1f805b64510bdcfaa63bad80c464510bdcfaa32bf6455b645943dcfadf7f1f80807a510b155a4e78c8d97b81a552155ada2b1f807b81a5526f3016876c842d43450bdcfaa32b1f805b645fa0c6faa32b1f805b4d310bdcfaa32b1f805b64510bdcfa
2026-10-03 01:11:23.398 [EVENT] sock=2164 hEvent=00000994 events=0x0
2026-10-03 01:11:23.400 [EVENT] sock=2164 hEvent=00000994 events=0x21
2026-10-03 01:11:23.552 [EVENT] sock=2676 hEvent=00000A50 events=0x0
2026-10-03 01:11:23.552 [EVENT] sock=2676 hEvent=00000A50 events=0x21
2026-10-03 01:11:32.539 [EVENT] sock=2164 hEvent=00000994 events=0x0
2026-10-03 01:11:32.539 [EVENT] sock=2164 hEvent=00000994 events=0x21
2026-10-03 01:11:38.690 [EVENT] sock=2164 hEvent=00000994 events=0x0
2026-10-03 01:11:38.690 [EVENT] sock=2164 hEvent=00000994 events=0x21
2026-10-03 01:11:39.028 [OP] 4110 inv=FFFD len=2 #5 bc2b
2026-10-03 01:11:39.682 [EVENT] sock=2676 hEvent=00000A50 events=0x0
2026-10-03 01:11:39.682 [EVENT] sock=2676 hEvent=00000A50 events=0x21
2026-10-03 01:11:39.732 [OP] F005 inv=FFE7 len=24 #1 ed3572a47db7854d1f805b64510bdcfaa3de1f80d44b1547
2026-10-03 01:11:43.057 [EVENT] sock=2164 hEvent=00000994 events=0x0
2026-10-03 01:11:43.057 [EVENT] sock=2164 hEvent=00000994 events=0x21
2026-10-03 01:11:48.706 [OP] F005 inv=FFE7 len=24 #2 ed3572a4b607854d1f805b64510bdcfaa3de1f8091f406b2
2026-10-03 01:11:53.181 [EVENT] sock=2164 hEvent=00000994 events=0x0
2026-10-03 01:11:53.181 [EVENT] sock=2164 hEvent=00000994 events=0x21
2026-10-03 01:11:53.553 [EVENT] sock=2676 hEvent=00000A50 events=0x0
2026-10-03 01:11:53.553 [EVENT] sock=2676 hEvent=00000A50 events=0x21
2026-10-03 01:11:56.287 [SETTLE] exp=3684 gold=201748 len=393
2026-10-03 01:12:03.461 [EVENT] sock=2164 hEvent=00000994 events=0x0
2026-10-03 01:12:03.461 [EVENT] sock=2164 hEvent=00000994 events=0x21
2026-10-03 01:12:04.450 [EVENT] sock=2164 hEvent=00000994 events=0x0
2026-10-03 01:12:04.451 [EVENT] sock=2164 hEvent=00000994 events=0x21
2026-10-03 01:12:13.538 [EVENT] sock=2164 hEvent=00000994 events=0x0
2026-10-03 01:12:13.539 [EVENT] sock=2164 hEvent=00000994 events=0x21
2026-10-03 01:12:14.448 [SETTLE] exp=3026 gold=201748 len=393
2026-10-03 01:12:19.642 [EVENT] sock=2164 hEvent=00000994 events=0x0
2026-10-03 01:12:19.643 [EVENT] sock=2164 hEvent=00000994 events=0x21
2026-10-03 01:12:20.629 [EVENT] sock=2164 hEvent=00000994 events=0x0
2026-10-03 01:12:20.629 [EVENT] sock=2164 hEvent=00000994 events=0x21
2026-10-03 01:12:23.553 [EVENT] sock=2676 hEvent=00000A50 events=0x0
2026-10-03 01:12:23.556 [EVENT] sock=2676 hEvent=00000A50 events=0x21
2026-10-03 01:12:29.713 [EVENT] sock=2164 hEvent=00000994 events=0x0
2026-10-03 01:12:29.713 [EVENT] sock=2164 hEvent=00000994 events=0x21
2026-10-03 01:12:33.198 [EVENT] sock=2164 hEvent=00000994 events=0x0
2026-10-03 01:12:33.198 [EVENT] sock=2164 hEvent=00000994 events=0x21
2026-10-03 01:12:39.790 [EVENT] sock=2164 hEvent=00000994 events=0x0
2026-10-03 01:12:39.790 [EVENT] sock=2164 hEvent=00000994 events=0x21
2026-10-03 01:12:43.462 [SETTLE] exp=3743 gold=201748 len=393
2026-10-03 01:12:43.568 [OP] 40E1 inv=FFED len=18 #1 7aecfc0b6ffadbf3ca809564580b6ffaf82b
2026-10-03 01:12:43.568 [OP] 40E0 inv=FED1 len=302 #1 238052fa4ede1f805b64510bc9e8a32b1f805b64a5d0dcfaa32b1f8093f8510bdcfaa32b7d035b64fc0bdcfad82b1f809e64510b52faa32bad805b64310bdcfa2d2b1f80f564510b52faa32b6d805b64967fdcfa052b1f806c64510b43faa32bbeaa5b64580bdcfa572b1f800d64510b8ffaa32b1f805b64510bdcfaa32b1f805b64510bdcfaa32b1f805b64430bdcfaa32b1f805b64510bdcfaa32b1f805b64
2026-10-03 01:12:43.568 [OP] 40E3 inv=FFDF len=32 #1 3e0e392ba5407a64370b6afa812b62801264830be4fa232b6980c364970be6fa
2026-10-03 01:12:43.568 [OP] 40E2 inv=FF97 len=104 #1 6787c464fee13efac32bca800664830b72c4232be2aa406452ec52fafb53ca8029df580b43c4232bb0aac46418ec6afae4539d80fcdfb20be9c4462b21aa1c64e9ec8bfa3e539d808fdfb20b85c4fd2bceaa1c64e0ec6ffad553ca8058df580b40c4f82ba0aa9564
2026-10-03 01:12:48.663 [EVENT] sock=2164 hEvent=00000994 events=0x0
2026-10-03 01:12:48.663 [EVENT] sock=2164 hEvent=00000994 events=0x21
2026-10-03 01:12:49.646 [EVENT] sock=2164 hEvent=00000994 events=0x0
2026-10-03 01:12:49.647 [EVENT] sock=2164 hEvent=00000994 events=0x21
2026-10-03 01:12:53.556 [EVENT] sock=2676 hEvent=00000A50 events=0x0
2026-10-03 01:12:53.556 [EVENT] sock=2676 hEvent=00000A50 events=0x21
2026-10-03 01:12:58.789 [EVENT] sock=2164 hEvent=00000994 events=0x0
2026-10-03 01:12:58.790 [EVENT] sock=2164 hEvent=00000994 events=0x21
2026-10-03 01:12:59.574 [EVENT] sock=2164 hEvent=00000994 events=0x0
2026-10-03 01:12:59.574 [EVENT] sock=2164 hEvent=00000994 events=0x21
2026-10-03 01:13:02.208 [OP] F005 inv=FFE7 len=24 #3 ed3572a4b607854d1f805b64510bdcfaa3ce1f8091f406b2
2026-10-03 01:13:02.794 [OP] F005 inv=FFE7 len=24 #4 26b35c3828d7512b1f805b64510bdcfaa3de1f8091f433b2
2026-10-03 01:13:02.886 [OP] F005 inv=FFE7 len=24 #5 26b35c3828d7512b1f805b64510bdcfaa3de1f8091f433b2
2026-10-03 01:13:08.947 [EVENT] sock=2164 hEvent=00000994 events=0x0
2026-10-03 01:13:08.947 [EVENT] sock=2164 hEvent=00000994 events=0x21
2026-10-03 01:13:11.283 [SETTLE] exp=2965 gold=201748 len=393
2026-10-03 01:13:17.485 [EVENT] sock=2164 hEvent=00000994 events=0x0
2026-10-03 01:13:17.485 [EVENT] sock=2164 hEvent=00000994 events=0x21
2026-10-03 01:13:18.454 [EVENT] sock=2164 hEvent=00000994 events=0x0
2026-10-03 01:13:18.454 [EVENT] sock=2164 hEvent=00000994 events=0x21
2026-10-03 01:13:23.557 [EVENT] sock=2676 hEvent=00000A50 events=0x0
2026-10-03 01:13:23.557 [EVENT] sock=2676 hEvent=00000A50 events=0x21
2026-10-03 01:13:27.561 [EVENT] sock=2164 hEvent=00000994 events=0x0
2026-10-03 01:13:27.562 [EVENT] sock=2164 hEvent=00000994 events=0x21
2026-10-03 01:13:32.844 [EVENT] sock=2164 hEvent=00000994 events=0x0
2026-10-03 01:13:32.844 [EVENT] sock=2164 hEvent=00000994 events=0x21
2026-10-03 01:13:37.644 [EVENT] sock=2164 hEvent=00000994 events=0x0
2026-10-03 01:13:37.644 [EVENT] sock=2164 hEvent=00000994 events=0x21
2026-10-03 01:13:41.702 [SETTLE] exp=3835 gold=201748 len=403
2026-10-03 01:13:44.897 [EVENT] sock=2164 hEvent=00000994 events=0x0
2026-10-03 01:13:44.898 [EVENT] sock=2164 hEvent=00000994 events=0x21
2026-10-03 01:13:45.885 [EVENT] sock=2164 hEvent=00000994 events=0x0
2026-10-03 01:13:45.886 [EVENT] sock=2164 hEvent=00000994 events=0x21
2026-10-03 01:13:53.559 [EVENT] sock=2676 hEvent=00000A50 events=0x0
2026-10-03 01:13:53.559 [EVENT] sock=2676 hEvent=00000A50 events=0x21
2026-10-03 01:13:54.960 [EVENT] sock=2164 hEvent=00000994 events=0x0
2026-10-03 01:13:54.960 [EVENT] sock=2164 hEvent=00000994 events=0x21
2026-10-03 01:13:58.871 [EVENT] sock=2164 hEvent=00000994 events=0x0
2026-10-03 01:13:58.871 [EVENT] sock=2164 hEvent=00000994 events=0x21
2026-10-03 01:14:05.025 [EVENT] sock=2164 hEvent=00000994 events=0x0
2026-10-03 01:14:05.026 [EVENT] sock=2164 hEvent=00000994 events=0x21
2026-10-03 01:14:07.781 [SETTLE] exp=3774 gold=201748 len=393
2026-10-03 01:14:11.082 [EVENT] sock=2164 hEvent=00000994 events=0x0
2026-10-03 01:14:11.082 [EVENT] sock=2164 hEvent=00000994 events=0x21
2026-10-03 01:14:12.048 [EVENT] sock=2164 hEvent=00000994 events=0x0
2026-10-03 01:14:12.049 [EVENT] sock=2164 hEvent=00000994 events=0x21
2026-10-03 01:14:21.142 [EVENT] sock=2164 hEvent=00000994 events=0x0
2026-10-03 01:14:21.142 [EVENT] sock=2164 hEvent=00000994 events=0x21
2026-10-03 01:14:23.560 [EVENT] sock=2676 hEvent=00000A50 events=0x0
2026-10-03 01:14:23.560 [EVENT] sock=2676 hEvent=00000A50 events=0x21
2026-10-03 01:14:29.290 [SETTLE] exp=2995 gold=201748 len=393
2026-10-03 01:14:36.489 [EVENT] sock=2164 hEvent=00000994 events=0x0
2026-10-03 01:14:36.489 [EVENT] sock=2164 hEvent=00000994 events=0x21
2026-10-03 01:14:37.468 [EVENT] sock=2164 hEvent=00000994 events=0x0
2026-10-03 01:14:37.469 [EVENT] sock=2164 hEvent=00000994 events=0x21
2026-10-03 01:14:46.620 [EVENT] sock=2164 hEvent=00000994 events=0x0
2026-10-03 01:14:46.620 [EVENT] sock=2164 hEvent=00000994 events=0x21
2026-10-03 01:14:53.562 [EVENT] sock=2676 hEvent=00000A50 events=0x0
2026-10-03 01:14:53.562 [EVENT] sock=2676 hEvent=00000A50 events=0x21
2026-10-03 01:14:56.684 [EVENT] sock=2164 hEvent=00000994 events=0x0
2026-10-03 01:14:56.684 [EVENT] sock=2164 hEvent=00000994 events=0x21
2026-10-03 01:14:59.498 [SETTLE] exp=2995 gold=201748 len=393
2026-10-03 01:15:08.860 [EVENT] sock=2164 hEvent=00000994 events=0x0
2026-10-03 01:15:08.860 [EVENT] sock=2164 hEvent=00000994 events=0x21
2026-10-03 01:15:09.846 [EVENT] sock=2164 hEvent=00000994 events=0x0
2026-10-03 01:15:09.847 [EVENT] sock=2164 hEvent=00000994 events=0x21
2026-10-03 01:15:19.037 [EVENT] sock=2164 hEvent=00000994 events=0x0
2026-10-03 01:15:19.038 [EVENT] sock=2164 hEvent=00000994 events=0x21
2026-10-03 01:15:23.389 [EVENT] sock=2164 hEvent=00000994 events=0x0
2026-10-03 01:15:23.389 [EVENT] sock=2164 hEvent=00000994 events=0x21
2026-10-03 01:15:23.565 [EVENT] sock=2676 hEvent=00000A50 events=0x0
2026-10-03 01:15:23.568 [EVENT] sock=2676 hEvent=00000A50 events=0x21
2026-10-03 01:15:29.103 [EVENT] sock=2164 hEvent=00000994 events=0x0
2026-10-03 01:15:29.103 [EVENT] sock=2164 hEvent=00000994 events=0x21
2026-10-03 01:15:33.819 [SETTLE] exp=2995 gold=201748 len=393
2026-10-03 01:15:42.056 [EVENT] sock=2164 hEvent=00000994 events=0x0
2026-10-03 01:15:42.057 [EVENT] sock=2164 hEvent=00000994 events=0x21
2026-10-03 01:15:42.973 [EVENT] sock=2164 hEvent=00000994 events=0x0
2026-10-03 01:15:42.973 [EVENT] sock=2164 hEvent=00000994 events=0x21
2026-10-03 01:15:52.116 [EVENT] sock=2164 hEvent=00000994 events=0x0
2026-10-03 01:15:52.116 [EVENT] sock=2164 hEvent=00000994 events=0x21
2026-10-03 01:15:53.570 [EVENT] sock=2676 hEvent=00000A50 events=0x0
2026-10-03 01:15:53.571 [EVENT] sock=2676 hEvent=00000A50 events=0x21
2026-10-03 01:15:56.195 [EVENT] sock=2164 hEvent=00000994 events=0x0
2026-10-03 01:15:56.195 [EVENT] sock=2164 hEvent=00000994 events=0x21
2026-10-03 01:16:02.184 [EVENT] sock=2164 hEvent=00000994 events=0x0
2026-10-03 01:16:02.185 [EVENT] sock=2164 hEvent=00000994 events=0x21
2026-10-03 01:16:04.538 [OP] 46E0 inv=FDF7 len=520 #1 7aecfc0b6ffaa32bb907c464580bdcfaa24d1f809464f50ba954bc2bd62f8823f3ac90c02006ad8066b2c80bdcfa9d2bfd671b649c266ffa392b5980d37d580b0cd6751369805b64fc0b9822232b1f801c640fd0bba5f82b8b5648646738d8f40f8ed1805b64510bdc08a32bbf9a356f830bdcfaf1c11aef0b47c80b6e109d2be0f62037438bc3fa2d87bbce1e4cc80b0be243ce0aec48642f648a2268e5f98b
2026-10-03 01:16:04.645 [SETTLE] exp=3805 gold=201748 len=393
2026-10-03 01:16:11.824 [EVENT] sock=2164 hEvent=00000994 events=0x0
2026-10-03 01:16:11.824 [EVENT] sock=2164 hEvent=00000994 events=0x21
2026-10-03 01:16:12.765 [EVENT] sock=2164 hEvent=00000994 events=0x0
2026-10-03 01:16:12.765 [EVENT] sock=2164 hEvent=00000994 events=0x21
2026-10-03 01:16:21.891 [EVENT] sock=2164 hEvent=00000994 events=0x0
2026-10-03 01:16:21.891 [EVENT] sock=2164 hEvent=00000994 events=0x21
2026-10-03 01:16:23.573 [EVENT] sock=2676 hEvent=00000A50 events=0x0
2026-10-03 01:16:23.573 [EVENT] sock=2676 hEvent=00000A50 events=0x21
2026-10-03 01:16:24.006 [EVENT] sock=2164 hEvent=00000994 events=0x0
2026-10-03 01:16:24.006 [EVENT] sock=2164 hEvent=00000994 events=0x21
2026-10-03 01:16:31.963 [EVENT] sock=2164 hEvent=00000994 events=0x0
2026-10-03 01:16:31.963 [EVENT] sock=2164 hEvent=00000994 events=0x21
2026-10-03 01:16:35.272 [SETTLE] exp=2996 gold=201748 len=393
2026-10-03 01:16:44.498 [EVENT] sock=2164 hEvent=00000994 events=0x0
2026-10-03 01:16:44.499 [EVENT] sock=2164 hEvent=00000994 events=0x21
2026-10-03 01:16:45.438 [EVENT] sock=2164 hEvent=00000994 events=0x0
2026-10-03 01:16:45.438 [EVENT] sock=2164 hEvent=00000994 events=0x21
2026-10-03 01:16:53.573 [EVENT] sock=2676 hEvent=00000A50 events=0x0
2026-10-03 01:16:53.574 [EVENT] sock=2676 hEvent=00000A50 events=0x21
2026-10-03 01:16:54.073 [EVENT] sock=2164 hEvent=00000994 events=0x0
2026-10-03 01:16:54.073 [EVENT] sock=2164 hEvent=00000994 events=0x21
2026-10-03 01:16:54.662 [EVENT] sock=2164 hEvent=00000994 events=0x0
2026-10-03 01:16:54.662 [EVENT] sock=2164 hEvent=00000994 events=0x21
2026-10-03 01:17:04.729 [EVENT] sock=2164 hEvent=00000994 events=0x0
2026-10-03 01:17:04.729 [EVENT] sock=2164 hEvent=00000994 events=0x21
2026-10-03 01:17:05.600 [SETTLE] exp=2965 gold=201748 len=393
2026-10-03 01:17:09.884 [EVENT] sock=2164 hEvent=00000994 events=0x0
2026-10-03 01:17:09.885 [EVENT] sock=2164 hEvent=00000994 events=0x21
2026-10-03 01:17:10.851 [EVENT] sock=2164 hEvent=00000994 events=0x0
2026-10-03 01:17:10.851 [EVENT] sock=2164 hEvent=00000994 events=0x21
2026-10-03 01:17:20.088 [EVENT] sock=2164 hEvent=00000994 events=0x0
2026-10-03 01:17:20.089 [EVENT] sock=2164 hEvent=00000994 events=0x21
2026-10-03 01:17:23.576 [EVENT] sock=2676 hEvent=00000A50 events=0x0
2026-10-03 01:17:23.576 [EVENT] sock=2676 hEvent=00000A50 events=0x21
2026-10-03 01:17:30.164 [EVENT] sock=2164 hEvent=00000994 events=0x0
2026-10-03 01:17:30.164 [EVENT] sock=2164 hEvent=00000994 events=0x21
2026-10-03 01:17:33.889 [SETTLE] exp=3713 gold=201748 len=393
2026-10-03 01:17:38.093 [EVENT] sock=2164 hEvent=00000994 events=0x0
2026-10-03 01:17:38.093 [EVENT] sock=2164 hEvent=00000994 events=0x21
2026-10-03 01:17:39.076 [EVENT] sock=2164 hEvent=00000994 events=0x0
2026-10-03 01:17:39.076 [EVENT] sock=2164 hEvent=00000994 events=0x21
2026-10-03 01:17:48.218 [EVENT] sock=2164 hEvent=00000994 events=0x0
2026-10-03 01:17:48.218 [EVENT] sock=2164 hEvent=00000994 events=0x21
2026-10-03 01:17:53.577 [EVENT] sock=2676 hEvent=00000A50 events=0x0
2026-10-03 01:17:53.578 [EVENT] sock=2676 hEvent=00000A50 events=0x21
2026-10-03 01:17:54.960 [SETTLE] exp=3055 gold=201748 len=393
2026-10-03 01:18:04.155 [EVENT] sock=2164 hEvent=00000994 events=0x0
2026-10-03 01:18:04.155 [EVENT] sock=2164 hEvent=00000994 events=0x21
2026-10-03 01:18:05.126 [EVENT] sock=2164 hEvent=00000994 events=0x0
2026-10-03 01:18:05.126 [EVENT] sock=2164 hEvent=00000994 events=0x21
2026-10-03 01:18:14.239 [EVENT] sock=2164 hEvent=00000994 events=0x0
2026-10-03 01:18:14.240 [EVENT] sock=2164 hEvent=00000994 events=0x21
2026-10-03 01:18:17.639 [EVENT] sock=2164 hEvent=00000994 events=0x0
2026-10-03 01:18:17.639 [EVENT] sock=2164 hEvent=00000994 events=0x21
2026-10-03 01:18:23.578 [EVENT] sock=2676 hEvent=00000A50 events=0x0
2026-10-03 01:18:23.578 [EVENT] sock=2676 hEvent=00000A50 events=0x21
2026-10-03 01:18:24.305 [EVENT] sock=2164 hEvent=00000994 events=0x0
2026-10-03 01:18:24.305 [EVENT] sock=2164 hEvent=00000994 events=0x21
2026-10-03 01:18:29.412 [SETTLE] exp=3652 gold=201748 len=393
2026-10-03 01:18:34.745 [EVENT] sock=2164 hEvent=00000994 events=0x0
2026-10-03 01:18:34.745 [EVENT] sock=2164 hEvent=00000994 events=0x21
2026-10-03 01:18:35.732 [EVENT] sock=2164 hEvent=00000994 events=0x0
2026-10-03 01:18:35.732 [EVENT] sock=2164 hEvent=00000994 events=0x21
2026-10-03 01:18:45.010 [EVENT] sock=2164 hEvent=00000994 events=0x0
2026-10-03 01:18:45.010 [EVENT] sock=2164 hEvent=00000994 events=0x21
2026-10-03 01:18:47.126 [EVENT] sock=2164 hEvent=00000994 events=0x0
2026-10-03 01:18:47.127 [EVENT] sock=2164 hEvent=00000994 events=0x21
2026-10-03 01:18:53.578 [EVENT] sock=2676 hEvent=00000A50 events=0x0
2026-10-03 01:18:53.578 [EVENT] sock=2676 hEvent=00000A50 events=0x21
2026-10-03 01:18:55.087 [EVENT] sock=2164 hEvent=00000994 events=0x0
2026-10-03 01:18:55.087 [EVENT] sock=2164 hEvent=00000994 events=0x21
2026-10-03 01:19:00.328 [SETTLE] exp=3805 gold=201748 len=393
2026-10-03 01:19:04.658 [EVENT] sock=2164 hEvent=00000994 events=0x0
2026-10-03 01:19:04.659 [EVENT] sock=2164 hEvent=00000994 events=0x21
2026-10-03 01:19:05.645 [EVENT] sock=2164 hEvent=00000994 events=0x0
2026-10-03 01:19:05.645 [EVENT] sock=2164 hEvent=00000994 events=0x21
2026-10-03 01:19:14.786 [EVENT] sock=2164 hEvent=00000994 events=0x0
2026-10-03 01:19:14.786 [EVENT] sock=2164 hEvent=00000994 events=0x21
2026-10-03 01:19:21.572 [EVENT] sock=2164 hEvent=00000994 events=0x0
2026-10-03 01:19:21.572 [EVENT] sock=2164 hEvent=00000994 events=0x21
2026-10-03 01:19:23.579 [EVENT] sock=2676 hEvent=00000A50 events=0x0
2026-10-03 01:19:23.579 [EVENT] sock=2676 hEvent=00000A50 events=0x21
2026-10-03 01:19:24.865 [EVENT] sock=2164 hEvent=00000994 events=0x0
2026-10-03 01:19:24.865 [EVENT] sock=2164 hEvent=00000994 events=0x21
2026-10-03 01:19:31.788 [SETTLE] exp=3713 gold=201748 len=393
2026-10-03 01:19:35.962 [EVENT] sock=2164 hEvent=00000994 events=0x0
2026-10-03 01:19:35.962 [EVENT] sock=2164 hEvent=00000994 events=0x21
2026-10-03 01:19:36.950 [EVENT] sock=2164 hEvent=00000994 events=0x0
2026-10-03 01:19:36.950 [EVENT] sock=2164 hEvent=00000994 events=0x21
2026-10-03 01:19:46.057 [EVENT] sock=2164 hEvent=00000994 events=0x0
2026-10-03 01:19:46.057 [EVENT] sock=2164 hEvent=00000994 events=0x21
2026-10-03 01:19:47.179 [EVENT] sock=2164 hEvent=00000994 events=0x0
2026-10-03 01:19:47.179 [EVENT] sock=2164 hEvent=00000994 events=0x21
2026-10-03 01:19:53.580 [EVENT] sock=2676 hEvent=00000A50 events=0x0
2026-10-03 01:19:53.580 [EVENT] sock=2676 hEvent=00000A50 events=0x21
2026-10-03 01:19:56.125 [EVENT] sock=2164 hEvent=00000994 events=0x0
2026-10-03 01:19:56.126 [EVENT] sock=2164 hEvent=00000994 events=0x21
2026-10-03 01:19:57.399 [SETTLE] exp=2995 gold=201748 len=393
2026-10-03 01:20:02.882 [EVENT] sock=2164 hEvent=00000994 events=0x0
2026-10-03 01:20:02.884 [EVENT] sock=2164 hEvent=00000994 events=0x21
2026-10-03 01:20:03.840 [EVENT] sock=2164 hEvent=00000994 events=0x0
2026-10-03 01:20:03.840 [EVENT] sock=2164 hEvent=00000994 events=0x21
2026-10-03 01:20:12.992 [EVENT] sock=2164 hEvent=00000994 events=0x0
2026-10-03 01:20:12.992 [EVENT] sock=2164 hEvent=00000994 events=0x21
2026-10-03 01:20:14.342 [EVENT] sock=2164 hEvent=00000994 events=0x0
2026-10-03 01:20:14.343 [EVENT] sock=2164 hEvent=00000994 events=0x21
2026-10-03 01:20:20.231 [SETTLE] exp=2963 gold=201748 len=393
2026-10-03 01:20:23.580 [EVENT] sock=2676 hEvent=00000A50 events=0x0
2026-10-03 01:20:23.580 [EVENT] sock=2676 hEvent=00000A50 events=0x21
2026-10-03 01:20:28.394 [EVENT] sock=2164 hEvent=00000994 events=0x0
2026-10-03 01:20:28.396 [EVENT] sock=2164 hEvent=00000994 events=0x21
2026-10-03 01:20:29.377 [EVENT] sock=2164 hEvent=00000994 events=0x0
2026-10-03 01:20:29.377 [EVENT] sock=2164 hEvent=00000994 events=0x21
2026-10-03 01:20:38.484 [EVENT] sock=2164 hEvent=00000994 events=0x0
2026-10-03 01:20:38.484 [EVENT] sock=2164 hEvent=00000994 events=0x21
2026-10-03 01:20:46.698 [SETTLE] exp=2965 gold=201748 len=393
2026-10-03 01:20:51.433 [EVENT] sock=2164 hEvent=00000994 events=0x0
2026-10-03 01:20:51.435 [EVENT] sock=2164 hEvent=00000994 events=0x21
2026-10-03 01:20:53.581 [EVENT] sock=2676 hEvent=00000A50 events=0x0
2026-10-03 01:20:53.581 [EVENT] sock=2676 hEvent=00000A50 events=0x21
2026-10-03 01:20:53.947 [EVENT] sock=2164 hEvent=00000994 events=0x0
2026-10-03 01:20:53.947 [EVENT] sock=2164 hEvent=00000994 events=0x21
2026-10-03 01:20:54.888 [EVENT] sock=2164 hEvent=00000994 events=0x0
2026-10-03 01:20:54.888 [EVENT] sock=2164 hEvent=00000994 events=0x21
2026-10-03 01:21:04.015 [EVENT] sock=2164 hEvent=00000994 events=0x0
2026-10-03 01:21:04.017 [EVENT] sock=2164 hEvent=00000994 events=0x21
2026-10-03 01:21:06.341 [EVENT] sock=2164 hEvent=00000994 events=0x0
2026-10-03 01:21:06.341 [EVENT] sock=2164 hEvent=00000994 events=0x21
2026-10-03 01:21:14.218 [EVENT] sock=2164 hEvent=00000994 events=0x0
2026-10-03 01:21:14.218 [EVENT] sock=2164 hEvent=00000994 events=0x21
2026-10-03 01:21:18.068 [SETTLE] exp=3743 gold=201748 len=393
2026-10-03 01:21:23.583 [EVENT] sock=2676 hEvent=00000A50 events=0x0
2026-10-03 01:21:23.583 [EVENT] sock=2676 hEvent=00000A50 events=0x21
2026-10-03 01:21:28.102 [EVENT] sock=2164 hEvent=00000994 events=0x0
2026-10-03 01:21:28.102 [EVENT] sock=2164 hEvent=00000994 events=0x21
2026-10-03 01:21:38.173 [EVENT] sock=2164 hEvent=00000994 events=0x0
2026-10-03 01:21:38.175 [EVENT] sock=2164 hEvent=00000994 events=0x21
2026-10-03 01:21:49.902 [EVENT] sock=2164 hEvent=00000994 events=0x0
2026-10-03 01:21:49.903 [EVENT] sock=2164 hEvent=00000994 events=0x21
2026-10-03 01:21:50.861 [EVENT] sock=2164 hEvent=00000994 events=0x0
2026-10-03 01:21:50.861 [EVENT] sock=2164 hEvent=00000994 events=0x21
2026-10-03 01:21:53.584 [EVENT] sock=2676 hEvent=00000A50 events=0x0
2026-10-03 01:21:53.584 [EVENT] sock=2676 hEvent=00000A50 events=0x21
2026-10-03 01:21:59.962 [EVENT] sock=2164 hEvent=00000994 events=0x0
2026-10-03 01:21:59.962 [EVENT] sock=2164 hEvent=00000994 events=0x21
2026-10-03 01:22:09.954 [SETTLE] exp=3713 gold=201748 len=393
2026-10-03 01:22:17.151 [EVENT] sock=2164 hEvent=00000994 events=0x0
2026-10-03 01:22:17.152 [EVENT] sock=2164 hEvent=00000994 events=0x21
2026-10-03 01:22:18.134 [EVENT] sock=2164 hEvent=00000994 events=0x0
2026-10-03 01:22:18.135 [EVENT] sock=2164 hEvent=00000994 events=0x21
2026-10-03 01:22:23.586 [EVENT] sock=2676 hEvent=00000A50 events=0x0
2026-10-03 01:22:23.586 [EVENT] sock=2676 hEvent=00000A50 events=0x21
2026-10-03 01:22:27.246 [EVENT] sock=2164 hEvent=00000994 events=0x0
2026-10-03 01:22:27.246 [EVENT] sock=2164 hEvent=00000994 events=0x21
2026-10-03 01:22:37.327 [EVENT] sock=2164 hEvent=00000994 events=0x0
2026-10-03 01:22:37.327 [EVENT] sock=2164 hEvent=00000994 events=0x21
2026-10-03 01:22:38.865 [EVENT] sock=2164 hEvent=00000994 events=0x0
2026-10-03 01:22:38.866 [EVENT] sock=2164 hEvent=00000994 events=0x21
2026-10-03 01:22:42.916 [OP] 46E0 inv=FDF7 len=520 #2 7aecfc0b6ffaa32b5207c464580bdcfa68121f80e955add09a5b7d351f804864510bdcfa9c1d24108a55add0815b7d353078df61510bdcfa3d7fbbce09a457ec1dbec4c4842b9c7f2525bac49c1d24101c64510b78e03fce29ccdfdf11aebb7f4fc4b8ef9564510b155a4e7869489c7fced62dc44e78c8d980b3add0489bc453bcb1d305c0fb62ae4fc4b8ef7860daec90faa32b29805b64510bdcfaf82b1f80
2026-10-03 01:22:43.020 [SETTLE] exp=3713 gold=201748 len=393
2026-10-03 01:22:49.180 [EVENT] sock=2164 hEvent=00000994 events=0x0
2026-10-03 01:22:49.181 [EVENT] sock=2164 hEvent=00000994 events=0x21
2026-10-03 01:22:50.170 [EVENT] sock=2164 hEvent=00000994 events=0x0
2026-10-03 01:22:50.170 [EVENT] sock=2164 hEvent=00000994 events=0x21
2026-10-03 01:22:53.587 [EVENT] sock=2676 hEvent=00000A50 events=0x0
2026-10-03 01:22:53.587 [EVENT] sock=2676 hEvent=00000A50 events=0x21
2026-10-03 01:22:58.804 [EVENT] sock=2164 hEvent=00000994 events=0x0
2026-10-03 01:22:58.804 [EVENT] sock=2164 hEvent=00000994 events=0x21
2026-10-03 01:22:59.299 [EVENT] sock=2164 hEvent=00000994 events=0x0
2026-10-03 01:22:59.300 [EVENT] sock=2164 hEvent=00000994 events=0x21
2026-10-03 01:23:09.367 [EVENT] sock=2164 hEvent=00000994 events=0x0
2026-10-03 01:23:09.367 [EVENT] sock=2164 hEvent=00000994 events=0x21
2026-10-03 01:23:11.875 [SETTLE] exp=3774 gold=201748 len=393
2026-10-03 01:23:16.069 [EVENT] sock=2164 hEvent=00000994 events=0x0
2026-10-03 01:23:16.069 [EVENT] sock=2164 hEvent=00000994 events=0x21
2026-10-03 01:23:17.008 [EVENT] sock=2164 hEvent=00000994 events=0x0
2026-10-03 01:23:17.008 [EVENT] sock=2164 hEvent=00000994 events=0x21
2026-10-03 01:23:23.587 [EVENT] sock=2676 hEvent=00000A50 events=0x0
2026-10-03 01:23:23.587 [EVENT] sock=2676 hEvent=00000A50 events=0x21
2026-10-03 01:23:26.139 [EVENT] sock=2164 hEvent=00000994 events=0x0
2026-10-03 01:23:26.139 [EVENT] sock=2164 hEvent=00000994 events=0x21
2026-10-03 01:23:36.208 [EVENT] sock=2164 hEvent=00000994 events=0x0
2026-10-03 01:23:36.209 [EVENT] sock=2164 hEvent=00000994 events=0x21
2026-10-03 01:23:37.989 [SETTLE] exp=3026 gold=201748 len=393
2026-10-03 01:23:45.187 [EVENT] sock=2164 hEvent=00000994 events=0x0
2026-10-03 01:23:45.187 [EVENT] sock=2164 hEvent=00000994 events=0x21
2026-10-03 01:23:46.171 [EVENT] sock=2164 hEvent=00000994 events=0x0
2026-10-03 01:23:46.171 [EVENT] sock=2164 hEvent=00000994 events=0x21
2026-10-03 01:23:53.587 [EVENT] sock=2676 hEvent=00000A50 events=0x0
2026-10-03 01:23:53.587 [EVENT] sock=2676 hEvent=00000A50 events=0x21
2026-10-03 01:23:55.249 [EVENT] sock=2164 hEvent=00000994 events=0x0
2026-10-03 01:23:55.249 [EVENT] sock=2164 hEvent=00000994 events=0x21
2026-10-03 01:23:58.742 [EVENT] sock=2164 hEvent=00000994 events=0x0
2026-10-03 01:23:58.742 [EVENT] sock=2164 hEvent=00000994 events=0x21
2026-10-03 01:24:05.320 [EVENT] sock=2164 hEvent=00000994 events=0x0
2026-10-03 01:24:05.323 [EVENT] sock=2164 hEvent=00000994 events=0x21
2026-10-03 01:24:07.836 [SETTLE] exp=3774 gold=201748 len=393
2026-10-03 01:24:14.185 [EVENT] sock=2164 hEvent=00000994 events=0x0
2026-10-03 01:24:14.185 [EVENT] sock=2164 hEvent=00000994 events=0x21
2026-10-03 01:24:15.163 [EVENT] sock=2164 hEvent=00000994 events=0x0
2026-10-03 01:24:15.163 [EVENT] sock=2164 hEvent=00000994 events=0x21
2026-10-03 01:24:23.588 [EVENT] sock=2676 hEvent=00000A50 events=0x0
2026-10-03 01:24:23.588 [EVENT] sock=2676 hEvent=00000A50 events=0x21
2026-10-03 01:24:24.249 [EVENT] sock=2164 hEvent=00000994 events=0x0
2026-10-03 01:24:24.249 [EVENT] sock=2164 hEvent=00000994 events=0x21
2026-10-03 01:24:34.312 [EVENT] sock=2164 hEvent=00000994 events=0x0
2026-10-03 01:24:34.312 [EVENT] sock=2164 hEvent=00000994 events=0x21
2026-10-03 01:24:34.820 [SETTLE] exp=3774 gold=201748 len=393
2026-10-03 01:24:40.011 [EVENT] sock=2164 hEvent=00000994 events=0x0
2026-10-03 01:24:40.011 [EVENT] sock=2164 hEvent=00000994 events=0x21
2026-10-03 01:24:40.997 [EVENT] sock=2164 hEvent=00000994 events=0x0
2026-10-03 01:24:40.998 [EVENT] sock=2164 hEvent=00000994 events=0x21
2026-10-03 01:24:50.128 [EVENT] sock=2164 hEvent=00000994 events=0x0
2026-10-03 01:24:50.128 [EVENT] sock=2164 hEvent=00000994 events=0x21
2026-10-03 01:24:53.589 [EVENT] sock=2676 hEvent=00000A50 events=0x0
2026-10-03 01:24:53.589 [EVENT] sock=2676 hEvent=00000A50 events=0x21
2026-10-03 01:24:55.313 [EVENT] sock=2164 hEvent=00000994 events=0x0
2026-10-03 01:24:55.313 [EVENT] sock=2164 hEvent=00000994 events=0x21
2026-10-03 01:25:00.193 [EVENT] sock=2164 hEvent=00000994 events=0x0
2026-10-03 01:25:00.193 [EVENT] sock=2164 hEvent=00000994 events=0x21
2026-10-03 01:25:05.992 [SETTLE] exp=2995 gold=201748 len=403
2026-10-03 01:25:10.179 [EVENT] sock=2164 hEvent=00000994 events=0x0
2026-10-03 01:25:10.180 [EVENT] sock=2164 hEvent=00000994 events=0x21
2026-10-03 01:25:11.159 [EVENT] sock=2164 hEvent=00000994 events=0x0
2026-10-03 01:25:11.160 [EVENT] sock=2164 hEvent=00000994 events=0x21
2026-10-03 01:25:20.301 [EVENT] sock=2164 hEvent=00000994 events=0x0
2026-10-03 01:25:20.302 [EVENT] sock=2164 hEvent=00000994 events=0x21
2026-10-03 01:25:21.602 [EVENT] sock=2164 hEvent=00000994 events=0x0
2026-10-03 01:25:21.602 [EVENT] sock=2164 hEvent=00000994 events=0x21
2026-10-03 01:25:23.590 [EVENT] sock=2676 hEvent=00000A50 events=0x0
2026-10-03 01:25:23.590 [EVENT] sock=2676 hEvent=00000A50 events=0x21
2026-10-03 01:25:30.370 [EVENT] sock=2164 hEvent=00000994 events=0x0
2026-10-03 01:25:30.370 [EVENT] sock=2164 hEvent=00000994 events=0x21
2026-10-03 01:25:31.984 [SETTLE] exp=3026 gold=201748 len=393
2026-10-03 01:25:38.207 [EVENT] sock=2164 hEvent=00000994 events=0x0
2026-10-03 01:25:38.208 [EVENT] sock=2164 hEvent=00000994 events=0x21
2026-10-03 01:25:39.196 [EVENT] sock=2164 hEvent=00000994 events=0x0
2026-10-03 01:25:39.196 [EVENT] sock=2164 hEvent=00000994 events=0x21
2026-10-03 01:25:47.673 [EVENT] sock=2164 hEvent=00000994 events=0x0
2026-10-03 01:25:47.674 [EVENT] sock=2164 hEvent=00000994 events=0x21
2026-10-03 01:25:48.453 [EVENT] sock=2164 hEvent=00000994 events=0x0
2026-10-03 01:25:48.453 [EVENT] sock=2164 hEvent=00000994 events=0x21
2026-10-03 01:25:53.591 [EVENT] sock=2676 hEvent=00000A50 events=0x0
2026-10-03 01:25:53.591 [EVENT] sock=2676 hEvent=00000A50 events=0x21
2026-10-03 01:25:53.830 [SETTLE] exp=3087 gold=201748 len=393
2026-10-03 01:25:59.020 [EVENT] sock=2164 hEvent=00000994 events=0x0
2026-10-03 01:25:59.021 [EVENT] sock=2164 hEvent=00000994 events=0x21
2026-10-03 01:26:00.011 [EVENT] sock=2164 hEvent=00000994 events=0x0
2026-10-03 01:26:00.012 [EVENT] sock=2164 hEvent=00000994 events=0x21
2026-10-03 01:26:09.102 [EVENT] sock=2164 hEvent=00000994 events=0x0
2026-10-03 01:26:09.104 [EVENT] sock=2164 hEvent=00000994 events=0x21
2026-10-03 01:26:13.652 [EVENT] sock=2164 hEvent=00000994 events=0x0
2026-10-03 01:26:13.652 [EVENT] sock=2164 hEvent=00000994 events=0x21
2026-10-03 01:26:19.165 [EVENT] sock=2164 hEvent=00000994 events=0x0
2026-10-03 01:26:19.166 [EVENT] sock=2164 hEvent=00000994 events=0x21
2026-10-03 01:26:23.592 [EVENT] sock=2676 hEvent=00000A50 events=0x0
2026-10-03 01:26:23.592 [EVENT] sock=2676 hEvent=00000A50 events=0x21
2026-10-03 01:26:24.082 [SETTLE] exp=3652 gold=201748 len=393
2026-10-03 01:26:29.322 [EVENT] sock=2164 hEvent=00000994 events=0x0
2026-10-03 01:26:29.322 [EVENT] sock=2164 hEvent=00000994 events=0x21
2026-10-03 01:26:30.306 [EVENT] sock=2164 hEvent=00000994 events=0x0
2026-10-03 01:26:30.307 [EVENT] sock=2164 hEvent=00000994 events=0x21
2026-10-03 01:26:39.404 [EVENT] sock=2164 hEvent=00000994 events=0x0
2026-10-03 01:26:39.404 [EVENT] sock=2164 hEvent=00000994 events=0x21
2026-10-03 01:26:41.740 [EVENT] sock=2164 hEvent=00000994 events=0x0
2026-10-03 01:26:41.740 [EVENT] sock=2164 hEvent=00000994 events=0x21
2026-10-03 01:26:49.468 [EVENT] sock=2164 hEvent=00000994 events=0x0
2026-10-03 01:26:49.468 [EVENT] sock=2164 hEvent=00000994 events=0x21
2026-10-03 01:26:52.052 [SETTLE] exp=3744 gold=201748 len=393
2026-10-03 01:26:53.592 [EVENT] sock=2676 hEvent=00000A50 events=0x0
2026-10-03 01:26:53.592 [EVENT] sock=2676 hEvent=00000A50 events=0x21
2026-10-03 01:26:55.243 [EVENT] sock=2164 hEvent=00000994 events=0x0
2026-10-03 01:26:55.244 [EVENT] sock=2164 hEvent=00000994 events=0x21
2026-10-03 01:26:56.229 [EVENT] sock=2164 hEvent=00000994 events=0x0
2026-10-03 01:26:56.229 [EVENT] sock=2164 hEvent=00000994 events=0x21
2026-10-03 01:27:05.311 [EVENT] sock=2164 hEvent=00000994 events=0x0
2026-10-03 01:27:05.311 [EVENT] sock=2164 hEvent=00000994 events=0x21
2026-10-03 01:27:15.385 [EVENT] sock=2164 hEvent=00000994 events=0x0
2026-10-03 01:27:15.386 [EVENT] sock=2164 hEvent=00000994 events=0x21
2026-10-03 01:27:16.626 [SETTLE] exp=2904 gold=201748 len=393
2026-10-03 01:27:23.592 [EVENT] sock=2676 hEvent=00000A50 events=0x0
2026-10-03 01:27:23.592 [EVENT] sock=2676 hEvent=00000A50 events=0x21
2026-10-03 01:27:24.785 [EVENT] sock=2164 hEvent=00000994 events=0x0
2026-10-03 01:27:24.787 [EVENT] sock=2164 hEvent=00000994 events=0x21
2026-10-03 01:27:25.771 [EVENT] sock=2164 hEvent=00000994 events=0x0
2026-10-03 01:27:25.771 [EVENT] sock=2164 hEvent=00000994 events=0x21
2026-10-03 01:27:34.898 [EVENT] sock=2164 hEvent=00000994 events=0x0
2026-10-03 01:27:34.899 [EVENT] sock=2164 hEvent=00000994 events=0x21
2026-10-03 01:27:36.975 [EVENT] sock=2164 hEvent=00000994 events=0x0
2026-10-03 01:27:36.975 [EVENT] sock=2164 hEvent=00000994 events=0x21
2026-10-03 01:27:44.975 [EVENT] sock=2164 hEvent=00000994 events=0x0
2026-10-03 01:27:44.976 [EVENT] sock=2164 hEvent=00000994 events=0x21
2026-10-03 01:27:48.071 [SETTLE] exp=3684 gold=201748 len=393
2026-10-03 01:27:53.593 [EVENT] sock=2676 hEvent=00000A50 events=0x0
2026-10-03 01:27:53.593 [EVENT] sock=2676 hEvent=00000A50 events=0x21
2026-10-03 01:27:55.280 [EVENT] sock=2164 hEvent=00000994 events=0x0
2026-10-03 01:27:55.280 [EVENT] sock=2164 hEvent=00000994 events=0x21
2026-10-03 01:27:56.225 [EVENT] sock=2164 hEvent=00000994 events=0x0
2026-10-03 01:27:56.225 [EVENT] sock=2164 hEvent=00000994 events=0x21
2026-10-03 01:28:05.348 [EVENT] sock=2164 hEvent=00000994 events=0x0
2026-10-03 01:28:05.348 [EVENT] sock=2164 hEvent=00000994 events=0x21
2026-10-03 01:28:05.547 [EVENT] sock=2164 hEvent=00000994 events=0x0
2026-10-03 01:28:05.547 [EVENT] sock=2164 hEvent=00000994 events=0x21
2026-10-03 01:28:09.345 [SETTLE] exp=2995 gold=201748 len=393
2026-10-03 01:28:14.597 [EVENT] sock=2164 hEvent=00000994 events=0x0
2026-10-03 01:28:14.598 [EVENT] sock=2164 hEvent=00000994 events=0x21
2026-10-03 01:28:15.579 [EVENT] sock=2164 hEvent=00000994 events=0x0
2026-10-03 01:28:15.581 [EVENT] sock=2164 hEvent=00000994 events=0x21
2026-10-03 01:28:23.594 [EVENT] sock=2676 hEvent=00000A50 events=0x0
2026-10-03 01:28:23.594 [EVENT] sock=2676 hEvent=00000A50 events=0x21
2026-10-03 01:28:24.721 [EVENT] sock=2164 hEvent=00000994 events=0x0
2026-10-03 01:28:24.721 [EVENT] sock=2164 hEvent=00000994 events=0x21
2026-10-03 01:28:30.843 [EVENT] sock=2164 hEvent=00000994 events=0x0
2026-10-03 01:28:30.843 [EVENT] sock=2164 hEvent=00000994 events=0x21
2026-10-03 01:28:34.785 [EVENT] sock=2164 hEvent=00000994 events=0x0
2026-10-03 01:28:34.785 [EVENT] sock=2164 hEvent=00000994 events=0x21
2026-10-03 01:28:42.835 [SETTLE] exp=2965 gold=201748 len=403
2026-10-03 01:28:47.035 [EVENT] sock=2164 hEvent=00000994 events=0x0
2026-10-03 01:28:47.035 [EVENT] sock=2164 hEvent=00000994 events=0x21
2026-10-03 01:28:47.985 [EVENT] sock=2164 hEvent=00000994 events=0x0
2026-10-03 01:28:47.985 [EVENT] sock=2164 hEvent=00000994 events=0x21
2026-10-03 01:28:53.594 [EVENT] sock=2676 hEvent=00000A50 events=0x0
2026-10-03 01:28:53.594 [EVENT] sock=2676 hEvent=00000A50 events=0x21
2026-10-03 01:28:57.104 [EVENT] sock=2164 hEvent=00000994 events=0x0
2026-10-03 01:28:57.104 [EVENT] sock=2164 hEvent=00000994 events=0x21
2026-10-03 01:29:00.757 [EVENT] sock=2164 hEvent=00000994 events=0x0
2026-10-03 01:29:00.757 [EVENT] sock=2164 hEvent=00000994 events=0x21
2026-10-03 01:29:03.969 [SETTLE] exp=3772 gold=201748 len=393
2026-10-03 01:29:12.173 [EVENT] sock=2164 hEvent=00000994 events=0x0
2026-10-03 01:29:12.174 [EVENT] sock=2164 hEvent=00000994 events=0x21
2026-10-03 01:29:13.138 [EVENT] sock=2164 hEvent=00000994 events=0x0
2026-10-03 01:29:13.138 [EVENT] sock=2164 hEvent=00000994 events=0x21
2026-10-03 01:29:22.247 [EVENT] sock=2164 hEvent=00000994 events=0x0
2026-10-03 01:29:22.247 [EVENT] sock=2164 hEvent=00000994 events=0x21
2026-10-03 01:29:22.956 [EVENT] sock=2164 hEvent=00000994 events=0x0
2026-10-03 01:29:22.956 [EVENT] sock=2164 hEvent=00000994 events=0x21
2026-10-03 01:29:23.595 [EVENT] sock=2676 hEvent=00000A50 events=0x0
2026-10-03 01:29:23.595 [EVENT] sock=2676 hEvent=00000A50 events=0x21
2026-10-03 01:29:32.322 [EVENT] sock=2164 hEvent=00000994 events=0x0
2026-10-03 01:29:32.322 [EVENT] sock=2164 hEvent=00000994 events=0x21
2026-10-03 01:29:33.498 [SETTLE] exp=3087 gold=201748 len=393
2026-10-03 01:29:39.686 [EVENT] sock=2164 hEvent=00000994 events=0x0
2026-10-03 01:29:39.686 [EVENT] sock=2164 hEvent=00000994 events=0x21
2026-10-03 01:29:40.667 [EVENT] sock=2164 hEvent=00000994 events=0x0
2026-10-03 01:29:40.667 [EVENT] sock=2164 hEvent=00000994 events=0x21
2026-10-03 01:29:49.222 [EVENT] sock=2164 hEvent=00000994 events=0x0
2026-10-03 01:29:49.222 [EVENT] sock=2164 hEvent=00000994 events=0x21
2026-10-03 01:29:49.758 [EVENT] sock=2164 hEvent=00000994 events=0x0
2026-10-03 01:29:49.758 [EVENT] sock=2164 hEvent=00000994 events=0x21
2026-10-03 01:29:53.596 [EVENT] sock=2676 hEvent=00000A50 events=0x0
2026-10-03 01:29:53.596 [EVENT] sock=2676 hEvent=00000A50 events=0x21
2026-10-03 01:29:53.900 [OP] 46E0 inv=FDF7 len=520 #3 7aecfc0b6ffaa32bb907c464580bdcfa534d1f80b038c61552faa32bd62f8823437a66c0b13fc47966b22b0bdcfae02b1f802a64510bdcfadb2b56ce4bacaf0b815b7d358b77b908510bdcfafd730dcec464b27584b6b42bdf3f897fbd8dbac43d46a4802764510bdc08a32ba8e22bcd490bdcfaa953294f0b472b0b6e10e02b69e59bf1ddcf8efaa32b1f808a8c8ad08b006b2b183f897f1d4ad49995a86d80
2026-10-03 01:29:53.998 [SETTLE] exp=3743 gold=201748 len=393
2026-10-03 01:30:00.248 [EVENT] sock=2164 hEvent=00000994 events=0x0
2026-10-03 01:30:00.248 [EVENT] sock=2164 hEvent=00000994 events=0x21
2026-10-03 01:30:01.234 [EVENT] sock=2164 hEvent=00000994 events=0x0
2026-10-03 01:30:01.234 [EVENT] sock=2164 hEvent=00000994 events=0x21
2026-10-03 01:30:10.403 [EVENT] sock=2164 hEvent=00000994 events=0x0
2026-10-03 01:30:10.404 [EVENT] sock=2164 hEvent=00000994 events=0x21
2026-10-03 01:30:20.467 [EVENT] sock=2164 hEvent=00000994 events=0x0
2026-10-03 01:30:20.467 [EVENT] sock=2164 hEvent=00000994 events=0x21
2026-10-03 01:30:23.596 [EVENT] sock=2676 hEvent=00000A50 events=0x0
2026-10-03 01:30:23.596 [EVENT] sock=2676 hEvent=00000A50 events=0x21
2026-10-03 01:30:24.484 [OP] 46E0 inv=FDF7 len=520 #4 7aecfc0b6ffaa32bb907c464580bdcfa724d1f805c641f0bf7b0db70d62f8823437a66c000b1ca8066b22b0bdcfae02bca8005cda5b08fc4db2b598095cffdece2c17513c0805b640e0b8b5b4eb834aac4640fd06f72465387562a64749541ae3d46a480ee538c0bdc08a32bad804d7f490bdcfa7ab12b4e0b472b0b6e10e02be0b9c1f1ddcf8efae60e0dce8a8c8ad00e73237c183f897f1d4ad49995a86d80
2026-10-03 01:30:24.588 [SETTLE] exp=3713 gold=201748 len=393
2026-10-03 01:30:29.765 [EVENT] sock=2164 hEvent=00000994 events=0x0
2026-10-03 01:30:29.765 [EVENT] sock=2164 hEvent=00000994 events=0x21
2026-10-03 01:30:30.752 [EVENT] sock=2164 hEvent=00000994 events=0x0
2026-10-03 01:30:30.752 [EVENT] sock=2164 hEvent=00000994 events=0x21
2026-10-03 01:30:38.657 [EVENT] sock=2164 hEvent=00000994 events=0x0
2026-10-03 01:30:38.657 [EVENT] sock=2164 hEvent=00000994 events=0x21
2026-10-03 01:30:39.869 [EVENT] sock=2164 hEvent=00000994 events=0x0
2026-10-03 01:30:39.870 [EVENT] sock=2164 hEvent=00000994 events=0x21
2026-10-03 01:30:49.945 [EVENT] sock=2164 hEvent=00000994 events=0x0
2026-10-03 01:30:49.945 [EVENT] sock=2164 hEvent=00000994 events=0x21
2026-10-03 01:30:50.940 [SETTLE] exp=3087 gold=201748 len=393
2026-10-03 01:30:53.597 [EVENT] sock=2676 hEvent=00000A50 events=0x0
2026-10-03 01:30:53.597 [EVENT] sock=2676 hEvent=00000A50 events=0x21
2026-10-03 01:30:55.163 [EVENT] sock=2164 hEvent=00000994 events=0x0
2026-10-03 01:30:55.163 [EVENT] sock=2164 hEvent=00000994 events=0x21
2026-10-03 01:30:56.105 [EVENT] sock=2164 hEvent=00000994 events=0x0
2026-10-03 01:30:56.105 [EVENT] sock=2164 hEvent=00000994 events=0x21
2026-10-03 01:31:05.239 [EVENT] sock=2164 hEvent=00000994 events=0x0
2026-10-03 01:31:05.239 [EVENT] sock=2164 hEvent=00000994 events=0x21
2026-10-03 01:31:10.190 [EVENT] sock=2164 hEvent=00000994 events=0x0
2026-10-03 01:31:10.193 [EVENT] sock=2164 hEvent=00000994 events=0x21
2026-10-03 01:31:15.308 [EVENT] sock=2164 hEvent=00000994 events=0x0
2026-10-03 01:31:15.308 [EVENT] sock=2164 hEvent=00000994 events=0x21
2026-10-03 01:31:23.237 [SETTLE] exp=3772 gold=201748 len=393
2026-10-03 01:31:23.336 [OP] 40E1 inv=FFED len=18 #2 7aecfc0b6ffadbf3ca809564580b6ffaf82b
2026-10-03 01:31:23.337 [OP] 40E0 inv=FED1 len=302 #2 238052fa4ede1f805b64510bc9e8a32b1f805b64a5d0dcfaa32b1f8093f8510bdcfaa32b7d035b64fc0bdcfad82b1f809e64510b52faa32bad805b64310bdcfa2d2b1f80f564510b52faa32b6d805b64967fdcfa052b1f806c64510b43faa32bbeaa5b64580bdcfa572b1f800d64510b8ffaa32b1f805b64510bdcfaa32b1f805b64510bdcfaa32b1f805b64430bdcfaa32b1f805b64510bdcfaa32b1f805b64
2026-10-03 01:31:23.337 [OP] 40E3 inv=FFDF len=32 #2 3e0e392ba5907a64370b6afa812b62801264830be4fa232b6980c364970be6fa
2026-10-03 01:31:23.337 [OP] 40E2 inv=FF97 len=104 #2 6787c464fe1c3efac32bca800664830b72c4232be2aa406452ec52fafb53ca8029df580b43c4232bb0aac46418ec6afae4539d80fcdfb20be9c4462b21aa1c64e9ec8bfa3e539d808fdfb20b85c4fd2bceaa1c64e0ec6ffad553ca8058df580b40c4f82ba0aa9564
2026-10-03 01:31:23.597 [EVENT] sock=2676 hEvent=00000A50 events=0x0
2026-10-03 01:31:23.597 [EVENT] sock=2676 hEvent=00000A50 events=0x21
2026-10-03 01:31:29.416 [EVENT] sock=2164 hEvent=00000994 events=0x0
2026-10-03 01:31:29.416 [EVENT] sock=2164 hEvent=00000994 events=0x21
2026-10-03 01:31:30.408 [EVENT] sock=2164 hEvent=00000994 events=0x0
2026-10-03 01:31:30.408 [EVENT] sock=2164 hEvent=00000994 events=0x21
2026-10-03 01:31:38.979 [EVENT] sock=2164 hEvent=00000994 events=0x0
2026-10-03 01:31:38.979 [EVENT] sock=2164 hEvent=00000994 events=0x21
2026-10-03 01:31:39.502 [EVENT] sock=2164 hEvent=00000994 events=0x0
2026-10-03 01:31:39.502 [EVENT] sock=2164 hEvent=00000994 events=0x21
2026-10-03 01:31:49.574 [EVENT] sock=2164 hEvent=00000994 events=0x0
2026-10-03 01:31:49.574 [EVENT] sock=2164 hEvent=00000994 events=0x21
2026-10-03 01:31:50.463 [SETTLE] exp=2995 gold=201748 len=393
2026-10-03 01:31:53.598 [EVENT] sock=2676 hEvent=00000A50 events=0x0
2026-10-03 01:31:53.598 [EVENT] sock=2676 hEvent=00000A50 events=0x21
2026-10-03 01:31:56.640 [EVENT] sock=2164 hEvent=00000994 events=0x0
2026-10-03 01:31:56.641 [EVENT] sock=2164 hEvent=00000994 events=0x21
2026-10-03 01:31:57.622 [EVENT] sock=2164 hEvent=00000994 events=0x0
2026-10-03 01:31:57.622 [EVENT] sock=2164 hEvent=00000994 events=0x21
2026-10-03 01:32:06.775 [EVENT] sock=2164 hEvent=00000994 events=0x0
2026-10-03 01:32:06.775 [EVENT] sock=2164 hEvent=00000994 events=0x21
2026-10-03 01:32:16.853 [EVENT] sock=2164 hEvent=00000994 events=0x0
2026-10-03 01:32:16.853 [EVENT] sock=2164 hEvent=00000994 events=0x21
2026-10-03 01:32:21.064 [SETTLE] exp=3743 gold=201748 len=393
2026-10-03 01:32:23.599 [EVENT] sock=2676 hEvent=00000A50 events=0x0
2026-10-03 01:32:23.599 [EVENT] sock=2676 hEvent=00000A50 events=0x21
2026-10-03 01:32:29.261 [EVENT] sock=2164 hEvent=00000994 events=0x0
2026-10-03 01:32:29.261 [EVENT] sock=2164 hEvent=00000994 events=0x21
2026-10-03 01:32:30.209 [EVENT] sock=2164 hEvent=00000994 events=0x0
2026-10-03 01:32:30.210 [EVENT] sock=2164 hEvent=00000994 events=0x21
2026-10-03 01:32:39.342 [EVENT] sock=2164 hEvent=00000994 events=0x0
2026-10-03 01:32:39.342 [EVENT] sock=2164 hEvent=00000994 events=0x21
2026-10-03 01:32:43.095 [EVENT] sock=2164 hEvent=00000994 events=0x0
2026-10-03 01:32:43.095 [EVENT] sock=2164 hEvent=00000994 events=0x21
2026-10-03 01:32:49.410 [EVENT] sock=2164 hEvent=00000994 events=0x0
2026-10-03 01:32:49.411 [EVENT] sock=2164 hEvent=00000994 events=0x21
2026-10-03 01:32:53.600 [EVENT] sock=2676 hEvent=00000A50 events=0x0
2026-10-03 01:32:53.600 [EVENT] sock=2676 hEvent=00000A50 events=0x21
2026-10-03 01:32:56.177 [SETTLE] exp=2995 gold=201748 len=393
2026-10-03 01:33:03.361 [EVENT] sock=2164 hEvent=00000994 events=0x0
2026-10-03 01:33:03.361 [EVENT] sock=2164 hEvent=00000994 events=0x21
2026-10-03 01:33:04.353 [EVENT] sock=2164 hEvent=00000994 events=0x0
2026-10-03 01:33:04.353 [EVENT] sock=2164 hEvent=00000994 events=0x21
2026-10-03 01:33:13.493 [EVENT] sock=2164 hEvent=00000994 events=0x0
2026-10-03 01:33:13.493 [EVENT] sock=2164 hEvent=00000994 events=0x21
2026-10-03 01:33:20.402 [EVENT] sock=2164 hEvent=00000994 events=0x0
2026-10-03 01:33:20.402 [EVENT] sock=2164 hEvent=00000994 events=0x21
2026-10-03 01:33:23.574 [EVENT] sock=2164 hEvent=00000994 events=0x0
2026-10-03 01:33:23.574 [EVENT] sock=2164 hEvent=00000994 events=0x21
2026-10-03 01:33:23.601 [EVENT] sock=2676 hEvent=00000A50 events=0x0
2026-10-03 01:33:23.601 [EVENT] sock=2676 hEvent=00000A50 events=0x21
2026-10-03 01:33:29.531 [SETTLE] exp=2965 gold=201748 len=393
2026-10-03 01:33:35.706 [EVENT] sock=2164 hEvent=00000994 events=0x0
2026-10-03 01:33:35.707 [EVENT] sock=2164 hEvent=00000994 events=0x21
2026-10-03 01:33:36.694 [EVENT] sock=2164 hEvent=00000994 events=0x0
2026-10-03 01:33:36.694 [EVENT] sock=2164 hEvent=00000994 events=0x21
2026-10-03 01:33:45.786 [EVENT] sock=2164 hEvent=00000994 events=0x0
2026-10-03 01:33:45.786 [EVENT] sock=2164 hEvent=00000994 events=0x21
2026-10-03 01:33:46.402 [EVENT] sock=2164 hEvent=00000994 events=0x0
2026-10-03 01:33:46.403 [EVENT] sock=2164 hEvent=00000994 events=0x21
2026-10-03 01:33:53.602 [EVENT] sock=2676 hEvent=00000A50 events=0x0
2026-10-03 01:33:53.603 [EVENT] sock=2676 hEvent=00000A50 events=0x21
2026-10-03 01:33:55.857 [EVENT] sock=2164 hEvent=00000994 events=0x0
2026-10-03 01:33:55.857 [EVENT] sock=2164 hEvent=00000994 events=0x21
2026-10-03 01:33:56.657 [OP] 46E0 inv=FDF7 len=520 #5 7aecfc0b6ffaa32b7207c464580bdcfaa24d1f805788c80bc6faa32b1f805b64580bdcfaa9a0b6120b47c80b366f9d2bbfef7e53519ceefaf3536480428a76d0dcfa9d2b9a9f247f1d4ad4999ba86d808c81a552e2c1751331b28823630bdcfab72b1f80a99168b180505f2b9273c464fe6ceefa7aeb64805c64510b43faa32bca805b647ab1995b1cb064801c56c80b17720c24604c4864e60aeefaad0e40ce
2026-10-03 01:33:56.757 [SETTLE] exp=3776 gold=201748 len=393
2026-10-03 01:34:02.085 [EVENT] sock=2164 hEvent=00000994 events=0x0
2026-10-03 01:34:02.085 [EVENT] sock=2164 hEvent=00000994 events=0x21
2026-10-03 01:34:03.056 [EVENT] sock=2164 hEvent=00000994 events=0x0
2026-10-03 01:34:03.056 [EVENT] sock=2164 hEvent=00000994 events=0x21
2026-10-03 01:34:12.212 [EVENT] sock=2164 hEvent=00000994 events=0x0
2026-10-03 01:34:12.212 [EVENT] sock=2164 hEvent=00000994 events=0x21
2026-10-03 01:34:14.460 [EVENT] sock=2164 hEvent=00000994 events=0x0
2026-10-03 01:34:14.461 [EVENT] sock=2164 hEvent=00000994 events=0x21
2026-10-03 01:34:22.274 [EVENT] sock=2164 hEvent=00000994 events=0x0
2026-10-03 01:34:22.274 [EVENT] sock=2164 hEvent=00000994 events=0x21
2026-10-03 01:34:23.329 [SETTLE] exp=2965 gold=201748 len=393
2026-10-03 01:34:23.603 [EVENT] sock=2676 hEvent=00000A50 events=0x0
2026-10-03 01:34:23.603 [EVENT] sock=2676 hEvent=00000A50 events=0x21
2026-10-03 01:34:28.552 [EVENT] sock=2164 hEvent=00000994 events=0x0
2026-10-03 01:34:28.552 [EVENT] sock=2164 hEvent=00000994 events=0x21
2026-10-03 01:34:29.458 [EVENT] sock=2164 hEvent=00000994 events=0x0
2026-10-03 01:34:29.458 [EVENT] sock=2164 hEvent=00000994 events=0x21
2026-10-03 01:34:38.630 [EVENT] sock=2164 hEvent=00000994 events=0x0
2026-10-03 01:34:38.630 [EVENT] sock=2164 hEvent=00000994 events=0x21
2026-10-03 01:34:39.416 [EVENT] sock=2164 hEvent=00000994 events=0x0
2026-10-03 01:34:39.417 [EVENT] sock=2164 hEvent=00000994 events=0x21
2026-10-03 01:34:48.696 [EVENT] sock=2164 hEvent=00000994 events=0x0
2026-10-03 01:34:48.696 [EVENT] sock=2164 hEvent=00000994 events=0x21
2026-10-03 01:34:49.658 [SETTLE] exp=3744 gold=201748 len=393
2026-10-03 01:34:53.604 [EVENT] sock=2676 hEvent=00000A50 events=0x0
2026-10-03 01:34:53.604 [EVENT] sock=2676 hEvent=00000A50 events=0x21
2026-10-03 01:34:56.849 [EVENT] sock=2164 hEvent=00000994 events=0x0
2026-10-03 01:34:56.849 [EVENT] sock=2164 hEvent=00000994 events=0x21
2026-10-03 01:34:57.827 [EVENT] sock=2164 hEvent=00000994 events=0x0
2026-10-03 01:34:57.827 [EVENT] sock=2164 hEvent=00000994 events=0x21
2026-10-03 01:35:06.918 [EVENT] sock=2164 hEvent=00000994 events=0x0
2026-10-03 01:35:06.919 [EVENT] sock=2164 hEvent=00000994 events=0x21
2026-10-03 01:35:16.993 [EVENT] sock=2164 hEvent=00000994 events=0x0
2026-10-03 01:35:16.994 [EVENT] sock=2164 hEvent=00000994 events=0x21
2026-10-03 01:35:21.465 [SETTLE] exp=3711 gold=201748 len=393
2026-10-03 01:35:23.605 [EVENT] sock=2676 hEvent=00000A50 events=0x0
2026-10-03 01:35:23.605 [EVENT] sock=2676 hEvent=00000A50 events=0x21
2026-10-03 01:35:28.171 [EVENT] sock=2164 hEvent=00000994 events=0x0
2026-10-03 01:35:28.171 [EVENT] sock=2164 hEvent=00000994 events=0x21
2026-10-03 01:35:29.111 [EVENT] sock=2164 hEvent=00000994 events=0x0
2026-10-03 01:35:29.112 [EVENT] sock=2164 hEvent=00000994 events=0x21
2026-10-03 01:35:38.265 [EVENT] sock=2164 hEvent=00000994 events=0x0
2026-10-03 01:35:38.266 [EVENT] sock=2164 hEvent=00000994 events=0x21
2026-10-03 01:35:42.295 [EVENT] sock=2164 hEvent=00000994 events=0x0
2026-10-03 01:35:42.296 [EVENT] sock=2164 hEvent=00000994 events=0x21
2026-10-03 01:35:48.281 [SETTLE] exp=2995 gold=201748 len=393
2026-10-03 01:35:52.470 [EVENT] sock=2164 hEvent=00000994 events=0x0
2026-10-03 01:35:52.472 [EVENT] sock=2164 hEvent=00000994 events=0x21
2026-10-03 01:35:53.456 [EVENT] sock=2164 hEvent=00000994 events=0x0
2026-10-03 01:35:53.456 [EVENT] sock=2164 hEvent=00000994 events=0x21
2026-10-03 01:35:53.605 [EVENT] sock=2676 hEvent=00000A50 events=0x0
2026-10-03 01:35:53.605 [EVENT] sock=2676 hEvent=00000A50 events=0x21
2026-10-03 01:36:02.573 [EVENT] sock=2164 hEvent=00000994 events=0x0
2026-10-03 01:36:02.573 [EVENT] sock=2164 hEvent=00000994 events=0x21
2026-10-03 01:36:04.472 [EVENT] sock=2164 hEvent=00000994 events=0x0
2026-10-03 01:36:04.472 [EVENT] sock=2164 hEvent=00000994 events=0x21
2026-10-03 01:36:12.641 [EVENT] sock=2164 hEvent=00000994 events=0x0
2026-10-03 01:36:12.641 [EVENT] sock=2164 hEvent=00000994 events=0x21
2026-10-03 01:36:14.362 [SETTLE] exp=2965 gold=201748 len=393
2026-10-03 01:36:21.571 [EVENT] sock=2164 hEvent=00000994 events=0x0
2026-10-03 01:36:21.572 [EVENT] sock=2164 hEvent=00000994 events=0x21
2026-10-03 01:36:22.552 [EVENT] sock=2164 hEvent=00000994 events=0x0
2026-10-03 01:36:22.552 [EVENT] sock=2164 hEvent=00000994 events=0x21
2026-10-03 01:36:23.605 [EVENT] sock=2676 hEvent=00000A50 events=0x0
2026-10-03 01:36:23.605 [EVENT] sock=2676 hEvent=00000A50 events=0x21
2026-10-03 01:36:31.666 [EVENT] sock=2164 hEvent=00000994 events=0x0
2026-10-03 01:36:31.666 [EVENT] sock=2164 hEvent=00000994 events=0x21
2026-10-03 01:36:41.741 [EVENT] sock=2164 hEvent=00000994 events=0x0
2026-10-03 01:36:41.741 [EVENT] sock=2164 hEvent=00000994 events=0x21
2026-10-03 01:36:45.764 [SETTLE] exp=3804 gold=201748 len=393
2026-10-03 01:36:52.006 [EVENT] sock=2164 hEvent=00000994 events=0x0
2026-10-03 01:36:52.006 [EVENT] sock=2164 hEvent=00000994 events=0x21
2026-10-03 01:36:52.991 [EVENT] sock=2164 hEvent=00000994 events=0x0
2026-10-03 01:36:52.991 [EVENT] sock=2164 hEvent=00000994 events=0x21
2026-10-03 01:36:53.606 [EVENT] sock=2676 hEvent=00000A50 events=0x0
2026-10-03 01:36:53.606 [EVENT] sock=2676 hEvent=00000A50 events=0x21
2026-10-03 01:37:01.554 [EVENT] sock=2164 hEvent=00000994 events=0x0
2026-10-03 01:37:01.555 [EVENT] sock=2164 hEvent=00000994 events=0x21
2026-10-03 01:37:02.074 [EVENT] sock=2164 hEvent=00000994 events=0x0
2026-10-03 01:37:02.076 [EVENT] sock=2164 hEvent=00000994 events=0x21
2026-10-03 01:37:12.153 [EVENT] sock=2164 hEvent=00000994 events=0x0
2026-10-03 01:37:12.155 [EVENT] sock=2164 hEvent=00000994 events=0x21
2026-10-03 01:37:15.611 [SETTLE] exp=3026 gold=201748 len=403
2026-10-03 01:37:19.816 [EVENT] sock=2164 hEvent=00000994 events=0x0
2026-10-03 01:37:19.816 [EVENT] sock=2164 hEvent=00000994 events=0x21
2026-10-03 01:37:20.792 [EVENT] sock=2164 hEvent=00000994 events=0x0
2026-10-03 01:37:20.793 [EVENT] sock=2164 hEvent=00000994 events=0x21
2026-10-03 01:37:23.606 [EVENT] sock=2676 hEvent=00000A50 events=0x0
2026-10-03 01:37:23.606 [EVENT] sock=2676 hEvent=00000A50 events=0x21
2026-10-03 01:37:29.939 [EVENT] sock=2164 hEvent=00000994 events=0x0
2026-10-03 01:37:29.940 [EVENT] sock=2164 hEvent=00000994 events=0x21
2026-10-03 01:37:38.536 [EVENT] sock=2164 hEvent=00000994 events=0x0
2026-10-03 01:37:38.536 [EVENT] sock=2164 hEvent=00000994 events=0x21
2026-10-03 01:37:40.001 [EVENT] sock=2164 hEvent=00000994 events=0x0
2026-10-03 01:37:40.001 [EVENT] sock=2164 hEvent=00000994 events=0x21
2026-10-03 01:37:41.833 [SETTLE] exp=2995 gold=201748 len=403
2026-10-03 01:37:47.020 [EVENT] sock=2164 hEvent=00000994 events=0x0
2026-10-03 01:37:47.020 [EVENT] sock=2164 hEvent=00000994 events=0x21
2026-10-03 01:37:47.997 [EVENT] sock=2164 hEvent=00000994 events=0x0
2026-10-03 01:37:47.997 [EVENT] sock=2164 hEvent=00000994 events=0x21
2026-10-03 01:37:53.607 [EVENT] sock=2676 hEvent=00000A50 events=0x0
2026-10-03 01:37:53.607 [EVENT] sock=2676 hEvent=00000A50 events=0x21
2026-10-03 01:37:57.155 [EVENT] sock=2164 hEvent=00000994 events=0x0
2026-10-03 01:37:57.155 [EVENT] sock=2164 hEvent=00000994 events=0x21
2026-10-03 01:38:06.698 [SETTLE] exp=3743 gold=201748 len=393
2026-10-03 01:38:10.944 [EVENT] sock=2164 hEvent=00000994 events=0x0
2026-10-03 01:38:10.945 [EVENT] sock=2164 hEvent=00000994 events=0x21
2026-10-03 01:38:11.856 [EVENT] sock=2164 hEvent=00000994 events=0x0
2026-10-03 01:38:11.856 [EVENT] sock=2164 hEvent=00000994 events=0x21
2026-10-03 01:38:21.030 [EVENT] sock=2164 hEvent=00000994 events=0x0
2026-10-03 01:38:21.030 [EVENT] sock=2164 hEvent=00000994 events=0x21
2026-10-03 01:38:23.607 [EVENT] sock=2676 hEvent=00000A50 events=0x0
2026-10-03 01:38:23.607 [EVENT] sock=2676 hEvent=00000A50 events=0x21
2026-10-03 01:38:28.880 [SETTLE] exp=3774 gold=201748 len=393
2026-10-03 01:38:34.068 [EVENT] sock=2164 hEvent=00000994 events=0x0
2026-10-03 01:38:34.069 [EVENT] sock=2164 hEvent=00000994 events=0x21
2026-10-03 01:38:35.052 [EVENT] sock=2164 hEvent=00000994 events=0x0
2026-10-03 01:38:35.052 [EVENT] sock=2164 hEvent=00000994 events=0x21
2026-10-03 01:38:44.165 [EVENT] sock=2164 hEvent=00000994 events=0x0
2026-10-03 01:38:44.165 [EVENT] sock=2164 hEvent=00000994 events=0x21
2026-10-03 01:38:48.040 [EVENT] sock=2164 hEvent=00000994 events=0x0
2026-10-03 01:38:48.040 [EVENT] sock=2164 hEvent=00000994 events=0x21
2026-10-03 01:38:53.609 [EVENT] sock=2676 hEvent=00000A50 events=0x0
2026-10-03 01:38:53.609 [EVENT] sock=2676 hEvent=00000A50 events=0x21
2026-10-03 01:38:54.234 [EVENT] sock=2164 hEvent=00000994 events=0x0
2026-10-03 01:38:54.234 [EVENT] sock=2164 hEvent=00000994 events=0x21
2026-10-03 01:38:57.985 [SETTLE] exp=2934 gold=201748 len=393
2026-10-03 01:39:02.169 [EVENT] sock=2164 hEvent=00000994 events=0x0
2026-10-03 01:39:02.169 [EVENT] sock=2164 hEvent=00000994 events=0x21
2026-10-03 01:39:03.147 [EVENT] sock=2164 hEvent=00000994 events=0x0
2026-10-03 01:39:03.147 [EVENT] sock=2164 hEvent=00000994 events=0x21
2026-10-03 01:39:12.049 [EVENT] sock=2164 hEvent=00000994 events=0x0
2026-10-03 01:39:12.049 [EVENT] sock=2164 hEvent=00000994 events=0x21
2026-10-03 01:39:12.241 [EVENT] sock=2164 hEvent=00000994 events=0x0
2026-10-03 01:39:12.241 [EVENT] sock=2164 hEvent=00000994 events=0x21
2026-10-03 01:39:22.308 [EVENT] sock=2164 hEvent=00000994 events=0x0
2026-10-03 01:39:22.308 [EVENT] sock=2164 hEvent=00000994 events=0x21
2026-10-03 01:39:23.610 [EVENT] sock=2676 hEvent=00000A50 events=0x0
2026-10-03 01:39:23.610 [EVENT] sock=2676 hEvent=00000A50 events=0x21
2026-10-03 01:39:26.236 [SETTLE] exp=3835 gold=201748 len=393
2026-10-03 01:39:26.537 [OP] 4707 inv=FFF3 len=12 #1 d85dad8023ecfc0b17faa32b
2026-10-03 01:39:26.646 [OP] 4612 inv=FFF7 len=8 #1 ca805b647c8052fa
2026-10-03 01:39:32.409 [EVENT] sock=2164 hEvent=00000994 events=0x0
2026-10-03 01:39:32.409 [EVENT] sock=2164 hEvent=00000994 events=0x21
2026-10-03 01:39:33.404 [EVENT] sock=2164 hEvent=00000994 events=0x0
2026-10-03 01:39:33.405 [EVENT] sock=2164 hEvent=00000994 events=0x21
2026-10-03 01:39:42.526 [EVENT] sock=2164 hEvent=00000994 events=0x0
2026-10-03 01:39:42.526 [EVENT] sock=2164 hEvent=00000994 events=0x21
2026-10-03 01:39:49.805 [EVENT] sock=2164 hEvent=00000994 events=0x0
2026-10-03 01:39:49.805 [EVENT] sock=2164 hEvent=00000994 events=0x21
2026-10-03 01:39:52.598 [EVENT] sock=2164 hEvent=00000994 events=0x0
2026-10-03 01:39:52.599 [EVENT] sock=2164 hEvent=00000994 events=0x21
2026-10-03 01:39:53.610 [EVENT] sock=2676 hEvent=00000A50 events=0x0
2026-10-03 01:39:53.610 [EVENT] sock=2676 hEvent=00000A50 events=0x21
2026-10-03 01:40:02.674 [EVENT] sock=2164 hEvent=00000994 events=0x0
2026-10-03 01:40:02.675 [EVENT] sock=2164 hEvent=00000994 events=0x21
2026-10-03 01:40:02.964 [SETTLE] exp=2998 gold=201748 len=393
2026-10-03 01:40:13.007 [EVENT] sock=2164 hEvent=00000994 events=0x0
2026-10-03 01:40:13.007 [EVENT] sock=2164 hEvent=00000994 events=0x21
2026-10-03 01:40:23.073 [EVENT] sock=2164 hEvent=00000994 events=0x0
2026-10-03 01:40:23.073 [EVENT] sock=2164 hEvent=00000994 events=0x21
2026-10-03 01:40:23.611 [EVENT] sock=2676 hEvent=00000A50 events=0x0
2026-10-03 01:40:23.611 [EVENT] sock=2676 hEvent=00000A50 events=0x21
2026-10-03 01:40:33.163 [EVENT] sock=2164 hEvent=00000994 events=0x0
2026-10-03 01:40:33.163 [EVENT] sock=2164 hEvent=00000994 events=0x21
2026-10-03 01:40:43.230 [EVENT] sock=2164 hEvent=00000994 events=0x0
2026-10-03 01:40:43.231 [EVENT] sock=2164 hEvent=00000994 events=0x21
2026-10-03 01:40:53.305 [EVENT] sock=2164 hEvent=00000994 events=0x0
2026-10-03 01:40:53.305 [EVENT] sock=2164 hEvent=00000994 events=0x21
2026-10-03 01:40:53.612 [EVENT] sock=2676 hEvent=00000A50 events=0x0
2026-10-03 01:40:53.612 [EVENT] sock=2676 hEvent=00000A50 events=0x21
2026-10-03 01:41:03.374 [EVENT] sock=2164 hEvent=00000994 events=0x0
2026-10-03 01:41:03.374 [EVENT] sock=2164 hEvent=00000994 events=0x21
2026-10-03 01:41:13.444 [EVENT] sock=2164 hEvent=00000994 events=0x0
2026-10-03 01:41:13.444 [EVENT] sock=2164 hEvent=00000994 events=0x21
2026-10-03 01:41:23.515 [EVENT] sock=2164 hEvent=00000994 events=0x0
2026-10-03 01:41:23.516 [EVENT] sock=2164 hEvent=00000994 events=0x21
2026-10-03 01:41:23.613 [EVENT] sock=2676 hEvent=00000A50 events=0x0
2026-10-03 01:41:23.614 [EVENT] sock=2676 hEvent=00000A50 events=0x21
2026-10-03 01:41:33.576 [EVENT] sock=2164 hEvent=00000994 events=0x0
2026-10-03 01:41:33.576 [EVENT] sock=2164 hEvent=00000994 events=0x21
2026-10-03 01:41:43.645 [EVENT] sock=2164 hEvent=00000994 events=0x0
2026-10-03 01:41:43.646 [EVENT] sock=2164 hEvent=00000994 events=0x21
2026-10-03 01:41:53.616 [EVENT] sock=2676 hEvent=00000A50 events=0x0
2026-10-03 01:41:53.616 [EVENT] sock=2676 hEvent=00000A50 events=0x21
2026-10-03 01:41:53.718 [EVENT] sock=2164 hEvent=00000994 events=0x0
2026-10-03 01:41:53.718 [EVENT] sock=2164 hEvent=00000994 events=0x21
2026-10-03 01:42:03.794 [EVENT] sock=2164 hEvent=00000994 events=0x0
2026-10-03 01:42:03.795 [EVENT] sock=2164 hEvent=00000994 events=0x21
2026-10-03 01:42:13.864 [EVENT] sock=2164 hEvent=00000994 events=0x0
2026-10-03 01:42:13.865 [EVENT] sock=2164 hEvent=00000994 events=0x21
2026-10-03 01:42:23.617 [EVENT] sock=2676 hEvent=00000A50 events=0x0
2026-10-03 01:42:23.617 [EVENT] sock=2676 hEvent=00000A50 events=0x21
2026-10-03 01:42:23.941 [EVENT] sock=2164 hEvent=00000994 events=0x0
2026-10-03 01:42:23.941 [EVENT] sock=2164 hEvent=00000994 events=0x21
2026-10-03 01:42:34.009 [EVENT] sock=2164 hEvent=00000994 events=0x0
2026-10-03 01:42:34.010 [EVENT] sock=2164 hEvent=00000994 events=0x21
2026-10-03 01:42:40.041 [QUESTION] {"type":"question","sock":2164,"qno":10,"field_a":77,"stem":"蚯蚓适合生活在什么样的环境里？","options":["1、太空里","2、天空里","3、水里","4、阴暗潮湿"]}
2026-10-03 01:42:40.041 [UPGRADE] sock 2164 upgraded to filtered mode at clean frame boundary
2026-10-03 01:42:41.042 [UI] auto dump on question qno=10
2026-10-03 01:42:41.042 [UI] ---- window dump begin (pid 31112) ----
2026-10-03 01:42:41.059 [UI] TOP=0021020C vis=1 cls=ATL:0062F210 rc=(-9,22,1031,829) title=什么什么大冒险2(①逍遥村敬老院)-自由四号_Sep 24 2026《什么什么大冒险》制作委员会QQ群:515616289
2026-10-03 01:42:41.059 [UI] TOP=00290C66 vis=0 cls=DIEmWin rc=(-1,-1,135,38) title=DIEmWin
2026-10-03 01:42:41.071 [UI] TOP=000D0928 vis=0 cls=MSCTFIME UI rc=(0,0,0,0) title=MSCTFIME UI
2026-10-03 01:42:41.088 [UI] TOP=0010093C vis=0 cls=IME rc=(0,0,0,0) title=Default IME
2026-10-03 01:42:41.089 [UI] TOP=0047096A vis=0 cls=IME rc=(0,0,0,0) title=Default IME
2026-10-03 01:42:41.089 [UI] ---- window dump end ----
2026-10-03 01:42:44.081 [EVENT] sock=2164 hEvent=00000994 events=0x0
2026-10-03 01:42:44.081 [OUT] 1F51 inv=FFFF len=4 #1 ffff511f
2026-10-03 01:42:44.081 [EVENT] sock=2164 hEvent=00000994 events=0x21
2026-10-03 01:42:44.133 [MODE] sock=2164 filtered (len=4 flags=0)
2026-10-03 01:42:51.873 [SEND-ANSWER] qno=10 opt=3 ret=13 sock=2164
2026-10-03 01:42:51.932 [SYS] 测试通过！
2026-10-03 01:42:52.033 [SYS] 获得了#00FF00#100#FFF692#金币
2026-10-03 01:42:52.033 [CURRENCY] a=201748 b=268189
2026-10-03 01:42:53.617 [EVENT] sock=2676 hEvent=00000A50 events=0x0
2026-10-03 01:42:53.617 [EVENT] sock=2676 hEvent=00000A50 events=0x21
2026-10-03 01:42:54.157 [EVENT] sock=2164 hEvent=00000994 events=0x0
2026-10-03 01:42:54.158 [OUT] 1F51 inv=FFFF len=4 #2 ffff511f
2026-10-03 01:42:54.158 [EVENT] sock=2164 hEvent=00000994 events=0x21
2026-10-03 01:43:04.220 [EVENT] sock=2164 hEvent=00000994 events=0x0
2026-10-03 01:43:04.220 [OUT] 1F51 inv=FFFF len=4 #3 ffff511f
2026-10-03 01:43:04.220 [EVENT] sock=2164 hEvent=00000994 events=0x21
2026-10-03 01:43:14.299 [EVENT] sock=2164 hEvent=00000994 events=0x0
2026-10-03 01:43:14.300 [OUT] 1F51 inv=FFFF len=4 #4 ffff511f
2026-10-03 01:43:14.300 [EVENT] sock=2164 hEvent=00000994 events=0x21
2026-10-03 01:43:23.618 [EVENT] sock=2676 hEvent=00000A50 events=0x0
2026-10-03 01:43:23.618 [EVENT] sock=2676 hEvent=00000A50 events=0x21
2026-10-03 01:43:24.373 [EVENT] sock=2164 hEvent=00000994 events=0x0
2026-10-03 01:43:24.373 [OUT] 1F51 inv=FFFF len=4 #5 ffff511f
2026-10-03 01:43:24.373 [EVENT] sock=2164 hEvent=00000994 events=0x21
2026-10-03 01:43:34.459 [EVENT] sock=2164 hEvent=00000994 events=0x0
2026-10-03 01:43:34.460 [EVENT] sock=2164 hEvent=00000994 events=0x21
2026-10-03 01:43:44.527 [EVENT] sock=2164 hEvent=00000994 events=0x0
2026-10-03 01:43:44.527 [EVENT] sock=2164 hEvent=00000994 events=0x21
2026-10-03 01:43:53.619 [EVENT] sock=2676 hEvent=00000A50 events=0x0
2026-10-03 01:43:53.619 [EVENT] sock=2676 hEvent=00000A50 events=0x21
2026-10-03 01:43:54.601 [EVENT] sock=2164 hEvent=00000994 events=0x0
2026-10-03 01:43:54.602 [EVENT] sock=2164 hEvent=00000994 events=0x21
2026-10-03 01:44:04.685 [EVENT] sock=2164 hEvent=00000994 events=0x0
2026-10-03 01:44:04.685 [EVENT] sock=2164 hEvent=00000994 events=0x21
2026-10-03 01:44:14.751 [EVENT] sock=2164 hEvent=00000994 events=0x0
2026-10-03 01:44:14.751 [EVENT] sock=2164 hEvent=00000994 events=0x21
2026-10-03 01:44:23.619 [EVENT] sock=2676 hEvent=00000A50 events=0x0
2026-10-03 01:44:23.619 [EVENT] sock=2676 hEvent=00000A50 events=0x21
2026-10-03 01:44:24.821 [EVENT] sock=2164 hEvent=00000994 events=0x0
2026-10-03 01:44:24.821 [EVENT] sock=2164 hEvent=00000994 events=0x21
2026-10-03 01:44:34.895 [EVENT] sock=2164 hEvent=00000994 events=0x0
2026-10-03 01:44:34.895 [EVENT] sock=2164 hEvent=00000994 events=0x21
2026-10-03 01:44:44.958 [EVENT] sock=2164 hEvent=00000994 events=0x0
2026-10-03 01:44:44.961 [EVENT] sock=2164 hEvent=00000994 events=0x21
2026-10-03 01:44:53.620 [EVENT] sock=2676 hEvent=00000A50 events=0x0
2026-10-03 01:44:53.623 [EVENT] sock=2676 hEvent=00000A50 events=0x21
2026-10-03 01:44:55.030 [EVENT] sock=2164 hEvent=00000994 events=0x0
2026-10-03 01:44:55.031 [EVENT] sock=2164 hEvent=00000994 events=0x21
2026-10-03 01:45:05.120 [EVENT] sock=2164 hEvent=00000994 events=0x0
2026-10-03 01:45:05.120 [EVENT] sock=2164 hEvent=00000994 events=0x21
2026-10-03 01:45:15.196 [EVENT] sock=2164 hEvent=00000994 events=0x0
2026-10-03 01:45:15.196 [EVENT] sock=2164 hEvent=00000994 events=0x21
2026-10-03 01:45:23.623 [EVENT] sock=2676 hEvent=00000A50 events=0x0
2026-10-03 01:45:23.623 [EVENT] sock=2676 hEvent=00000A50 events=0x21
2026-10-03 01:45:25.268 [EVENT] sock=2164 hEvent=00000994 events=0x0
2026-10-03 01:45:25.268 [EVENT] sock=2164 hEvent=00000994 events=0x21
2026-10-03 01:45:35.333 [EVENT] sock=2164 hEvent=00000994 events=0x0
2026-10-03 01:45:35.333 [EVENT] sock=2164 hEvent=00000994 events=0x21
2026-10-03 01:45:45.402 [EVENT] sock=2164 hEvent=00000994 events=0x0
2026-10-03 01:45:45.403 [EVENT] sock=2164 hEvent=00000994 events=0x21
2026-10-03 01:45:53.624 [EVENT] sock=2676 hEvent=00000A50 events=0x0
2026-10-03 01:45:53.624 [EVENT] sock=2676 hEvent=00000A50 events=0x21
2026-10-03 01:45:55.473 [EVENT] sock=2164 hEvent=00000994 events=0x0
2026-10-03 01:45:55.473 [EVENT] sock=2164 hEvent=00000994 events=0x21
2026-10-03 01:46:05.549 [EVENT] sock=2164 hEvent=00000994 events=0x0
2026-10-03 01:46:05.551 [EVENT] sock=2164 hEvent=00000994 events=0x21
2026-10-03 01:46:15.626 [EVENT] sock=2164 hEvent=00000994 events=0x0
2026-10-03 01:46:15.626 [EVENT] sock=2164 hEvent=00000994 events=0x21
2026-10-03 01:46:23.625 [EVENT] sock=2676 hEvent=00000A50 events=0x0
2026-10-03 01:46:23.625 [EVENT] sock=2676 hEvent=00000A50 events=0x21
2026-10-03 01:46:25.701 [EVENT] sock=2164 hEvent=00000994 events=0x0
2026-10-03 01:46:25.702 [EVENT] sock=2164 hEvent=00000994 events=0x21
2026-10-03 01:46:35.772 [EVENT] sock=2164 hEvent=00000994 events=0x0
2026-10-03 01:46:35.772 [EVENT] sock=2164 hEvent=00000994 events=0x21
2026-10-03 01:46:45.847 [EVENT] sock=2164 hEvent=00000994 events=0x0
2026-10-03 01:46:45.847 [EVENT] sock=2164 hEvent=00000994 events=0x21
2026-10-03 01:46:53.626 [EVENT] sock=2676 hEvent=00000A50 events=0x0
2026-10-03 01:46:53.626 [EVENT] sock=2676 hEvent=00000A50 events=0x21
2026-10-03 01:46:55.949 [EVENT] sock=2164 hEvent=00000994 events=0x0
2026-10-03 01:46:55.950 [EVENT] sock=2164 hEvent=00000994 events=0x21
2026-10-03 01:47:06.030 [EVENT] sock=2164 hEvent=00000994 events=0x0
2026-10-03 01:47:06.030 [EVENT] sock=2164 hEvent=00000994 events=0x21
2026-10-03 01:47:16.098 [EVENT] sock=2164 hEvent=00000994 events=0x0
2026-10-03 01:47:16.098 [EVENT] sock=2164 hEvent=00000994 events=0x21
2026-10-03 01:47:23.627 [EVENT] sock=2676 hEvent=00000A50 events=0x0
2026-10-03 01:47:23.628 [EVENT] sock=2676 hEvent=00000A50 events=0x21
2026-10-03 01:47:26.170 [EVENT] sock=2164 hEvent=00000994 events=0x0
2026-10-03 01:47:26.170 [EVENT] sock=2164 hEvent=00000994 events=0x21
2026-10-03 01:47:36.242 [EVENT] sock=2164 hEvent=00000994 events=0x0
2026-10-03 01:47:36.245 [EVENT] sock=2164 hEvent=00000994 events=0x21
2026-10-03 01:47:46.310 [EVENT] sock=2164 hEvent=00000994 events=0x0
2026-10-03 01:47:46.310 [EVENT] sock=2164 hEvent=00000994 events=0x21
2026-10-03 01:47:53.630 [EVENT] sock=2676 hEvent=00000A50 events=0x0
2026-10-03 01:47:53.630 [EVENT] sock=2676 hEvent=00000A50 events=0x21
2026-10-03 01:47:56.367 [EVENT] sock=2164 hEvent=00000994 events=0x0
2026-10-03 01:47:56.368 [EVENT] sock=2164 hEvent=00000994 events=0x21
2026-10-03 01:48:06.444 [EVENT] sock=2164 hEvent=00000994 events=0x0
2026-10-03 01:48:06.444 [EVENT] sock=2164 hEvent=00000994 events=0x21
2026-10-03 01:48:16.512 [EVENT] sock=2164 hEvent=00000994 events=0x0
2026-10-03 01:48:16.513 [EVENT] sock=2164 hEvent=00000994 events=0x21
2026-10-03 01:48:23.630 [EVENT] sock=2676 hEvent=00000A50 events=0x0
2026-10-03 01:48:23.630 [EVENT] sock=2676 hEvent=00000A50 events=0x21
2026-10-03 01:48:26.582 [EVENT] sock=2164 hEvent=00000994 events=0x0
2026-10-03 01:48:26.582 [EVENT] sock=2164 hEvent=00000994 events=0x21
2026-10-03 01:48:36.660 [EVENT] sock=2164 hEvent=00000994 events=0x0
2026-10-03 01:48:36.661 [EVENT] sock=2164 hEvent=00000994 events=0x21
2026-10-03 01:48:46.726 [EVENT] sock=2164 hEvent=00000994 events=0x0
2026-10-03 01:48:46.728 [EVENT] sock=2164 hEvent=00000994 events=0x21
2026-10-03 01:48:53.632 [EVENT] sock=2676 hEvent=00000A50 events=0x0
2026-10-03 01:48:53.633 [EVENT] sock=2676 hEvent=00000A50 events=0x21
2026-10-03 01:48:56.791 [EVENT] sock=2164 hEvent=00000994 events=0x0
2026-10-03 01:48:56.792 [EVENT] sock=2164 hEvent=00000994 events=0x21
2026-10-03 01:49:06.863 [EVENT] sock=2164 hEvent=00000994 events=0x0
2026-10-03 01:49:06.864 [EVENT] sock=2164 hEvent=00000994 events=0x21
2026-10-03 01:49:16.938 [EVENT] sock=2164 hEvent=00000994 events=0x0
2026-10-03 01:49:16.939 [EVENT] sock=2164 hEvent=00000994 events=0x21
2026-10-03 01:49:23.633 [EVENT] sock=2676 hEvent=00000A50 events=0x0
2026-10-03 01:49:23.634 [EVENT] sock=2676 hEvent=00000A50 events=0x21
2026-10-03 01:49:27.023 [EVENT] sock=2164 hEvent=00000994 events=0x0
2026-10-03 01:49:27.024 [EVENT] sock=2164 hEvent=00000994 events=0x21
2026-10-03 01:49:37.101 [EVENT] sock=2164 hEvent=00000994 events=0x0
2026-10-03 01:49:37.102 [EVENT] sock=2164 hEvent=00000994 events=0x21
2026-10-03 01:49:47.172 [EVENT] sock=2164 hEvent=00000994 events=0x0
2026-10-03 01:49:47.172 [EVENT] sock=2164 hEvent=00000994 events=0x21
2026-10-03 01:49:53.636 [EVENT] sock=2676 hEvent=00000A50 events=0x0
2026-10-03 01:49:53.638 [EVENT] sock=2676 hEvent=00000A50 events=0x21
2026-10-03 01:49:57.234 [EVENT] sock=2164 hEvent=00000994 events=0x0
2026-10-03 01:49:57.235 [EVENT] sock=2164 hEvent=00000994 events=0x21
2026-10-03 01:50:07.302 [EVENT] sock=2164 hEvent=00000994 events=0x0
2026-10-03 01:50:07.303 [EVENT] sock=2164 hEvent=00000994 events=0x21
2026-10-03 01:50:17.376 [EVENT] sock=2164 hEvent=00000994 events=0x0
2026-10-03 01:50:17.376 [EVENT] sock=2164 hEvent=00000994 events=0x21
2026-10-03 01:50:23.638 [EVENT] sock=2676 hEvent=00000A50 events=0x0
2026-10-03 01:50:23.639 [EVENT] sock=2676 hEvent=00000A50 events=0x21
2026-10-03 01:50:27.455 [EVENT] sock=2164 hEvent=00000994 events=0x0
2026-10-03 01:50:27.456 [EVENT] sock=2164 hEvent=00000994 events=0x21
2026-10-03 01:50:37.535 [EVENT] sock=2164 hEvent=00000994 events=0x0
2026-10-03 01:50:37.535 [EVENT] sock=2164 hEvent=00000994 events=0x21
2026-10-03 01:50:47.604 [EVENT] sock=2164 hEvent=00000994 events=0x0
2026-10-03 01:50:47.604 [EVENT] sock=2164 hEvent=00000994 events=0x21
2026-10-03 01:50:53.639 [EVENT] sock=2676 hEvent=00000A50 events=0x0
2026-10-03 01:50:53.639 [EVENT] sock=2676 hEvent=00000A50 events=0x21
2026-10-03 01:50:57.677 [EVENT] sock=2164 hEvent=00000994 events=0x0
2026-10-03 01:50:57.677 [EVENT] sock=2164 hEvent=00000994 events=0x21
2026-10-03 01:51:07.746 [EVENT] sock=2164 hEvent=00000994 events=0x0
2026-10-03 01:51:07.747 [EVENT] sock=2164 hEvent=00000994 events=0x21
2026-10-03 01:51:17.813 [EVENT] sock=2164 hEvent=00000994 events=0x0
2026-10-03 01:51:17.814 [EVENT] sock=2164 hEvent=00000994 events=0x21
2026-10-03 01:51:23.641 [EVENT] sock=2676 hEvent=00000A50 events=0x0
2026-10-03 01:51:23.641 [EVENT] sock=2676 hEvent=00000A50 events=0x21
2026-10-03 01:51:27.885 [EVENT] sock=2164 hEvent=00000994 events=0x0
2026-10-03 01:51:27.886 [EVENT] sock=2164 hEvent=00000994 events=0x21
2026-10-03 01:51:37.963 [EVENT] sock=2164 hEvent=00000994 events=0x0
2026-10-03 01:51:37.965 [EVENT] sock=2164 hEvent=00000994 events=0x21
2026-10-03 01:51:48.025 [EVENT] sock=2164 hEvent=00000994 events=0x0
2026-10-03 01:51:48.026 [EVENT] sock=2164 hEvent=00000994 events=0x21
2026-10-03 01:51:53.641 [EVENT] sock=2676 hEvent=00000A50 events=0x0
2026-10-03 01:51:53.641 [EVENT] sock=2676 hEvent=00000A50 events=0x21
2026-10-03 01:51:58.090 [EVENT] sock=2164 hEvent=00000994 events=0x0
2026-10-03 01:51:58.091 [EVENT] sock=2164 hEvent=00000994 events=0x21
2026-10-03 01:52:08.156 [EVENT] sock=2164 hEvent=00000994 events=0x0
2026-10-03 01:52:08.157 [EVENT] sock=2164 hEvent=00000994 events=0x21
2026-10-03 01:52:18.219 [EVENT] sock=2164 hEvent=00000994 events=0x0
2026-10-03 01:52:18.221 [EVENT] sock=2164 hEvent=00000994 events=0x21
2026-10-03 01:52:23.643 [EVENT] sock=2676 hEvent=00000A50 events=0x0
2026-10-03 01:52:23.646 [EVENT] sock=2676 hEvent=00000A50 events=0x21
2026-10-03 01:52:28.294 [EVENT] sock=2164 hEvent=00000994 events=0x0
2026-10-03 01:52:28.295 [EVENT] sock=2164 hEvent=00000994 events=0x21
2026-10-03 01:52:38.362 [EVENT] sock=2164 hEvent=00000994 events=0x0
2026-10-03 01:52:38.363 [EVENT] sock=2164 hEvent=00000994 events=0x21
2026-10-03 01:52:48.430 [EVENT] sock=2164 hEvent=00000994 events=0x0
2026-10-03 01:52:48.430 [EVENT] sock=2164 hEvent=00000994 events=0x21
2026-10-03 01:52:53.646 [EVENT] sock=2676 hEvent=00000A50 events=0x0
2026-10-03 01:52:53.646 [EVENT] sock=2676 hEvent=00000A50 events=0x21
2026-10-03 01:52:58.497 [EVENT] sock=2164 hEvent=00000994 events=0x0
2026-10-03 01:52:58.498 [EVENT] sock=2164 hEvent=00000994 events=0x21
2026-10-03 01:53:08.573 [EVENT] sock=2164 hEvent=00000994 events=0x0
2026-10-03 01:53:08.574 [EVENT] sock=2164 hEvent=00000994 events=0x21
2026-10-03 01:53:18.643 [EVENT] sock=2164 hEvent=00000994 events=0x0
2026-10-03 01:53:18.644 [EVENT] sock=2164 hEvent=00000994 events=0x21
2026-10-03 01:53:23.648 [EVENT] sock=2676 hEvent=00000A50 events=0x0
2026-10-03 01:53:23.648 [EVENT] sock=2676 hEvent=00000A50 events=0x21
2026-10-03 01:53:28.722 [EVENT] sock=2164 hEvent=00000994 events=0x0
2026-10-03 01:53:28.722 [EVENT] sock=2164 hEvent=00000994 events=0x21
2026-10-03 01:53:38.799 [EVENT] sock=2164 hEvent=00000994 events=0x0
2026-10-03 01:53:38.799 [EVENT] sock=2164 hEvent=00000994 events=0x21
2026-10-03 01:53:48.873 [EVENT] sock=2164 hEvent=00000994 events=0x0
2026-10-03 01:53:48.876 [EVENT] sock=2164 hEvent=00000994 events=0x21
2026-10-03 01:53:53.649 [EVENT] sock=2676 hEvent=00000A50 events=0x0
2026-10-03 01:53:53.650 [EVENT] sock=2676 hEvent=00000A50 events=0x21
2026-10-03 01:53:58.947 [EVENT] sock=2164 hEvent=00000994 events=0x0
2026-10-03 01:53:58.948 [EVENT] sock=2164 hEvent=00000994 events=0x21
2026-10-03 01:54:09.016 [EVENT] sock=2164 hEvent=00000994 events=0x0
2026-10-03 01:54:09.017 [EVENT] sock=2164 hEvent=00000994 events=0x21
2026-10-03 01:54:19.081 [EVENT] sock=2164 hEvent=00000994 events=0x0
2026-10-03 01:54:19.083 [EVENT] sock=2164 hEvent=00000994 events=0x21
2026-10-03 01:54:23.650 [EVENT] sock=2676 hEvent=00000A50 events=0x0
2026-10-03 01:54:23.651 [EVENT] sock=2676 hEvent=00000A50 events=0x21
2026-10-03 01:54:29.156 [EVENT] sock=2164 hEvent=00000994 events=0x0
2026-10-03 01:54:29.157 [EVENT] sock=2164 hEvent=00000994 events=0x21
2026-10-03 01:54:39.223 [EVENT] sock=2164 hEvent=00000994 events=0x0
2026-10-03 01:54:39.223 [EVENT] sock=2164 hEvent=00000994 events=0x21
2026-10-03 01:54:49.288 [EVENT] sock=2164 hEvent=00000994 events=0x0
2026-10-03 01:54:49.289 [EVENT] sock=2164 hEvent=00000994 events=0x21
2026-10-03 01:54:53.652 [EVENT] sock=2676 hEvent=00000A50 events=0x0
2026-10-03 01:54:53.654 [EVENT] sock=2676 hEvent=00000A50 events=0x21
2026-10-03 01:54:59.362 [EVENT] sock=2164 hEvent=00000994 events=0x0
2026-10-03 01:54:59.362 [EVENT] sock=2164 hEvent=00000994 events=0x21
2026-10-03 01:55:09.438 [EVENT] sock=2164 hEvent=00000994 events=0x0
2026-10-03 01:55:09.438 [EVENT] sock=2164 hEvent=00000994 events=0x21
2026-10-03 01:55:19.511 [EVENT] sock=2164 hEvent=00000994 events=0x0
2026-10-03 01:55:19.512 [EVENT] sock=2164 hEvent=00000994 events=0x21
2026-10-03 01:55:23.655 [EVENT] sock=2676 hEvent=00000A50 events=0x0
2026-10-03 01:55:23.655 [EVENT] sock=2676 hEvent=00000A50 events=0x21
2026-10-03 01:55:29.579 [EVENT] sock=2164 hEvent=00000994 events=0x0
2026-10-03 01:55:29.579 [EVENT] sock=2164 hEvent=00000994 events=0x21
2026-10-03 01:55:39.654 [EVENT] sock=2164 hEvent=00000994 events=0x0
2026-10-03 01:55:39.655 [EVENT] sock=2164 hEvent=00000994 events=0x21
2026-10-03 01:55:49.728 [EVENT] sock=2164 hEvent=00000994 events=0x0
2026-10-03 01:55:49.730 [EVENT] sock=2164 hEvent=00000994 events=0x21
2026-10-03 01:55:53.657 [EVENT] sock=2676 hEvent=00000A50 events=0x0
2026-10-03 01:55:53.657 [EVENT] sock=2676 hEvent=00000A50 events=0x21
2026-10-03 01:55:59.801 [EVENT] sock=2164 hEvent=00000994 events=0x0
2026-10-03 01:55:59.802 [EVENT] sock=2164 hEvent=00000994 events=0x21
2026-10-03 01:56:09.880 [EVENT] sock=2164 hEvent=00000994 events=0x0
2026-10-03 01:56:09.881 [EVENT] sock=2164 hEvent=00000994 events=0x21
2026-10-03 01:56:19.956 [EVENT] sock=2164 hEvent=00000994 events=0x0
2026-10-03 01:56:19.957 [EVENT] sock=2164 hEvent=00000994 events=0x21
2026-10-03 01:56:23.660 [EVENT] sock=2676 hEvent=00000A50 events=0x0
2026-10-03 01:56:23.661 [EVENT] sock=2676 hEvent=00000A50 events=0x21
2026-10-03 01:56:30.021 [EVENT] sock=2164 hEvent=00000994 events=0x0
2026-10-03 01:56:30.021 [EVENT] sock=2164 hEvent=00000994 events=0x21
2026-10-03 01:56:40.087 [EVENT] sock=2164 hEvent=00000994 events=0x0
2026-10-03 01:56:40.088 [EVENT] sock=2164 hEvent=00000994 events=0x21
2026-10-03 01:56:50.151 [EVENT] sock=2164 hEvent=00000994 events=0x0
2026-10-03 01:56:50.151 [EVENT] sock=2164 hEvent=00000994 events=0x21
2026-10-03 01:56:53.662 [EVENT] sock=2676 hEvent=00000A50 events=0x0
2026-10-03 01:56:53.662 [EVENT] sock=2676 hEvent=00000A50 events=0x21
2026-10-03 01:57:00.229 [EVENT] sock=2164 hEvent=00000994 events=0x0
2026-10-03 01:57:00.230 [EVENT] sock=2164 hEvent=00000994 events=0x21
2026-10-03 01:57:10.304 [EVENT] sock=2164 hEvent=00000994 events=0x0
2026-10-03 01:57:10.306 [EVENT] sock=2164 hEvent=00000994 events=0x21
2026-10-03 01:57:20.373 [EVENT] sock=2164 hEvent=00000994 events=0x0
2026-10-03 01:57:20.374 [EVENT] sock=2164 hEvent=00000994 events=0x21
2026-10-03 01:57:23.664 [EVENT] sock=2676 hEvent=00000A50 events=0x0
2026-10-03 01:57:23.664 [EVENT] sock=2676 hEvent=00000A50 events=0x21
2026-10-03 01:57:30.443 [EVENT] sock=2164 hEvent=00000994 events=0x0
2026-10-03 01:57:30.443 [EVENT] sock=2164 hEvent=00000994 events=0x21
2026-10-03 01:57:40.515 [EVENT] sock=2164 hEvent=00000994 events=0x0
2026-10-03 01:57:40.515 [EVENT] sock=2164 hEvent=00000994 events=0x21
2026-10-03 01:57:50.589 [EVENT] sock=2164 hEvent=00000994 events=0x0
2026-10-03 01:57:50.589 [EVENT] sock=2164 hEvent=00000994 events=0x21
2026-10-03 01:57:53.666 [EVENT] sock=2676 hEvent=00000A50 events=0x0
2026-10-03 01:57:53.667 [EVENT] sock=2676 hEvent=00000A50 events=0x21
2026-10-03 01:58:00.667 [EVENT] sock=2164 hEvent=00000994 events=0x0
2026-10-03 01:58:00.667 [EVENT] sock=2164 hEvent=00000994 events=0x21
2026-10-03 01:58:10.733 [EVENT] sock=2164 hEvent=00000994 events=0x0
2026-10-03 01:58:10.733 [EVENT] sock=2164 hEvent=00000994 events=0x21
2026-10-03 01:58:20.803 [EVENT] sock=2164 hEvent=00000994 events=0x0
2026-10-03 01:58:20.803 [EVENT] sock=2164 hEvent=00000994 events=0x21
2026-10-03 01:58:23.667 [EVENT] sock=2676 hEvent=00000A50 events=0x0
2026-10-03 01:58:23.667 [EVENT] sock=2676 hEvent=00000A50 events=0x21
2026-10-03 01:58:30.868 [EVENT] sock=2164 hEvent=00000994 events=0x0
2026-10-03 01:58:30.869 [EVENT] sock=2164 hEvent=00000994 events=0x21
2026-10-03 01:58:40.937 [EVENT] sock=2164 hEvent=00000994 events=0x0
2026-10-03 01:58:40.939 [EVENT] sock=2164 hEvent=00000994 events=0x21
2026-10-03 01:58:51.014 [EVENT] sock=2164 hEvent=00000994 events=0x0
2026-10-03 01:58:51.015 [EVENT] sock=2164 hEvent=00000994 events=0x21
2026-10-03 01:58:53.669 [EVENT] sock=2676 hEvent=00000A50 events=0x0
2026-10-03 01:58:53.670 [EVENT] sock=2676 hEvent=00000A50 events=0x21
2026-10-03 01:59:01.089 [EVENT] sock=2164 hEvent=00000994 events=0x0
2026-10-03 01:59:01.089 [EVENT] sock=2164 hEvent=00000994 events=0x21
2026-10-03 01:59:11.156 [EVENT] sock=2164 hEvent=00000994 events=0x0
2026-10-03 01:59:11.157 [EVENT] sock=2164 hEvent=00000994 events=0x21
2026-10-03 01:59:21.230 [EVENT] sock=2164 hEvent=00000994 events=0x0
2026-10-03 01:59:21.232 [EVENT] sock=2164 hEvent=00000994 events=0x21
2026-10-03 01:59:23.670 [EVENT] sock=2676 hEvent=00000A50 events=0x0
2026-10-03 01:59:23.670 [EVENT] sock=2676 hEvent=00000A50 events=0x21
2026-10-03 01:59:31.297 [EVENT] sock=2164 hEvent=00000994 events=0x0
2026-10-03 01:59:31.297 [EVENT] sock=2164 hEvent=00000994 events=0x21
2026-10-03 01:59:41.373 [EVENT] sock=2164 hEvent=00000994 events=0x0
2026-10-03 01:59:41.374 [EVENT] sock=2164 hEvent=00000994 events=0x21
2026-10-03 01:59:51.440 [EVENT] sock=2164 hEvent=00000994 events=0x0
2026-10-03 01:59:51.440 [EVENT] sock=2164 hEvent=00000994 events=0x21
2026-10-03 01:59:53.671 [EVENT] sock=2676 hEvent=00000A50 events=0x0
2026-10-03 01:59:53.672 [EVENT] sock=2676 hEvent=00000A50 events=0x21
2026-10-03 02:00:00.173 [SYS] #66FF66#寄售行已恢复营业，欢迎前往寄售交易！
2026-10-03 02:00:01.516 [EVENT] sock=2164 hEvent=00000994 events=0x0
2026-10-03 02:00:01.518 [EVENT] sock=2164 hEvent=00000994 events=0x21
2026-10-03 02:00:11.578 [EVENT] sock=2164 hEvent=00000994 events=0x0
2026-10-03 02:00:11.578 [EVENT] sock=2164 hEvent=00000994 events=0x21
2026-10-03 02:00:21.644 [EVENT] sock=2164 hEvent=00000994 events=0x0
2026-10-03 02:00:21.645 [EVENT] sock=2164 hEvent=00000994 events=0x21
2026-10-03 02:00:23.673 [EVENT] sock=2676 hEvent=00000A50 events=0x0
2026-10-03 02:00:23.673 [EVENT] sock=2676 hEvent=00000A50 events=0x21
2026-10-03 02:00:31.714 [EVENT] sock=2164 hEvent=00000994 events=0x0
2026-10-03 02:00:31.715 [EVENT] sock=2164 hEvent=00000994 events=0x21
2026-10-03 02:00:41.787 [EVENT] sock=2164 hEvent=00000994 events=0x0
2026-10-03 02:00:41.789 [EVENT] sock=2164 hEvent=00000994 events=0x21
2026-10-03 02:00:51.854 [EVENT] sock=2164 hEvent=00000994 events=0x0
2026-10-03 02:00:51.854 [EVENT] sock=2164 hEvent=00000994 events=0x21
2026-10-03 02:00:53.674 [EVENT] sock=2676 hEvent=00000A50 events=0x0
2026-10-03 02:00:53.674 [EVENT] sock=2676 hEvent=00000A50 events=0x21
2026-10-03 02:01:01.925 [EVENT] sock=2164 hEvent=00000994 events=0x0
2026-10-03 02:01:01.926 [EVENT] sock=2164 hEvent=00000994 events=0x21
2026-10-03 02:01:11.988 [EVENT] sock=2164 hEvent=00000994 events=0x0
2026-10-03 02:01:11.989 [EVENT] sock=2164 hEvent=00000994 events=0x21
2026-10-03 02:01:22.063 [EVENT] sock=2164 hEvent=00000994 events=0x0
2026-10-03 02:01:22.064 [EVENT] sock=2164 hEvent=00000994 events=0x21
2026-10-03 02:01:23.675 [EVENT] sock=2676 hEvent=00000A50 events=0x0
2026-10-03 02:01:23.675 [EVENT] sock=2676 hEvent=00000A50 events=0x21
2026-10-03 02:01:32.157 [EVENT] sock=2164 hEvent=00000994 events=0x0
2026-10-03 02:01:32.158 [EVENT] sock=2164 hEvent=00000994 events=0x21
2026-10-03 02:01:42.242 [EVENT] sock=2164 hEvent=00000994 events=0x0
2026-10-03 02:01:42.244 [EVENT] sock=2164 hEvent=00000994 events=0x21
2026-10-03 02:01:52.309 [EVENT] sock=2164 hEvent=00000994 events=0x0
2026-10-03 02:01:52.310 [EVENT] sock=2164 hEvent=00000994 events=0x21
2026-10-03 02:01:53.676 [EVENT] sock=2676 hEvent=00000A50 events=0x0
2026-10-03 02:01:53.676 [EVENT] sock=2676 hEvent=00000A50 events=0x21
2026-10-03 02:02:02.380 [EVENT] sock=2164 hEvent=00000994 events=0x0
2026-10-03 02:02:02.380 [EVENT] sock=2164 hEvent=00000994 events=0x21
2026-10-03 02:02:12.451 [EVENT] sock=2164 hEvent=00000994 events=0x0
2026-10-03 02:02:12.451 [EVENT] sock=2164 hEvent=00000994 events=0x21
2026-10-03 02:02:22.528 [EVENT] sock=2164 hEvent=00000994 events=0x0
2026-10-03 02:02:22.529 [EVENT] sock=2164 hEvent=00000994 events=0x21
2026-10-03 02:02:23.677 [EVENT] sock=2676 hEvent=00000A50 events=0x0
2026-10-03 02:02:23.678 [EVENT] sock=2676 hEvent=00000A50 events=0x21
2026-10-03 02:02:32.591 [EVENT] sock=2164 hEvent=00000994 events=0x0
2026-10-03 02:02:32.592 [EVENT] sock=2164 hEvent=00000994 events=0x21
2026-10-03 02:02:42.670 [EVENT] sock=2164 hEvent=00000994 events=0x0
2026-10-03 02:02:42.670 [EVENT] sock=2164 hEvent=00000994 events=0x21
2026-10-03 02:02:52.741 [EVENT] sock=2164 hEvent=00000994 events=0x0
2026-10-03 02:02:52.747 [EVENT] sock=2164 hEvent=00000994 events=0x21
2026-10-03 02:02:53.679 [EVENT] sock=2676 hEvent=00000A50 events=0x0
2026-10-03 02:02:53.679 [EVENT] sock=2676 hEvent=00000A50 events=0x21
2026-10-03 02:03:02.815 [EVENT] sock=2164 hEvent=00000994 events=0x0
2026-10-03 02:03:02.818 [EVENT] sock=2164 hEvent=00000994 events=0x21
2026-10-03 02:03:12.892 [EVENT] sock=2164 hEvent=00000994 events=0x0
2026-10-03 02:03:12.892 [EVENT] sock=2164 hEvent=00000994 events=0x21
2026-10-03 02:03:22.958 [EVENT] sock=2164 hEvent=00000994 events=0x0
2026-10-03 02:03:22.958 [EVENT] sock=2164 hEvent=00000994 events=0x21
2026-10-03 02:03:23.680 [EVENT] sock=2676 hEvent=00000A50 events=0x0
2026-10-03 02:03:23.682 [EVENT] sock=2676 hEvent=00000A50 events=0x21
2026-10-03 02:03:33.025 [EVENT] sock=2164 hEvent=00000994 events=0x0
2026-10-03 02:03:33.026 [EVENT] sock=2164 hEvent=00000994 events=0x21
2026-10-03 02:03:43.096 [EVENT] sock=2164 hEvent=00000994 events=0x0
2026-10-03 02:03:43.098 [EVENT] sock=2164 hEvent=00000994 events=0x21
2026-10-03 02:03:53.163 [EVENT] sock=2164 hEvent=00000994 events=0x0
2026-10-03 02:03:53.164 [EVENT] sock=2164 hEvent=00000994 events=0x21
2026-10-03 02:03:53.683 [EVENT] sock=2676 hEvent=00000A50 events=0x0
2026-10-03 02:03:53.683 [EVENT] sock=2676 hEvent=00000A50 events=0x21
2026-10-03 02:04:03.218 [EVENT] sock=2164 hEvent=00000994 events=0x0
2026-10-03 02:04:03.218 [EVENT] sock=2164 hEvent=00000994 events=0x21
2026-10-03 02:04:13.295 [EVENT] sock=2164 hEvent=00000994 events=0x0
2026-10-03 02:04:13.295 [EVENT] sock=2164 hEvent=00000994 events=0x21
2026-10-03 02:04:23.367 [EVENT] sock=2164 hEvent=00000994 events=0x0
2026-10-03 02:04:23.368 [EVENT] sock=2164 hEvent=00000994 events=0x21
2026-10-03 02:04:23.684 [EVENT] sock=2676 hEvent=00000A50 events=0x0
2026-10-03 02:04:23.684 [EVENT] sock=2676 hEvent=00000A50 events=0x21
2026-10-03 02:04:33.446 [EVENT] sock=2164 hEvent=00000994 events=0x0
2026-10-03 02:04:33.446 [EVENT] sock=2164 hEvent=00000994 events=0x21
2026-10-03 02:04:43.524 [EVENT] sock=2164 hEvent=00000994 events=0x0
2026-10-03 02:04:43.524 [EVENT] sock=2164 hEvent=00000994 events=0x21
2026-10-03 02:04:53.594 [EVENT] sock=2164 hEvent=00000994 events=0x0
2026-10-03 02:04:53.595 [EVENT] sock=2164 hEvent=00000994 events=0x21
2026-10-03 02:04:53.684 [EVENT] sock=2676 hEvent=00000A50 events=0x0
2026-10-03 02:04:53.684 [EVENT] sock=2676 hEvent=00000A50 events=0x21
2026-10-03 02:05:03.664 [EVENT] sock=2164 hEvent=00000994 events=0x0
2026-10-03 02:05:03.665 [EVENT] sock=2164 hEvent=00000994 events=0x21
2026-10-03 02:05:13.728 [EVENT] sock=2164 hEvent=00000994 events=0x0
2026-10-03 02:05:13.730 [EVENT] sock=2164 hEvent=00000994 events=0x21
2026-10-03 02:05:23.685 [EVENT] sock=2676 hEvent=00000A50 events=0x0
2026-10-03 02:05:23.686 [EVENT] sock=2676 hEvent=00000A50 events=0x21
2026-10-03 02:05:23.795 [EVENT] sock=2164 hEvent=00000994 events=0x0
2026-10-03 02:05:23.795 [EVENT] sock=2164 hEvent=00000994 events=0x21
2026-10-03 02:05:33.872 [EVENT] sock=2164 hEvent=00000994 events=0x0
2026-10-03 02:05:33.875 [EVENT] sock=2164 hEvent=00000994 events=0x21
2026-10-03 02:05:43.949 [EVENT] sock=2164 hEvent=00000994 events=0x0
2026-10-03 02:05:43.949 [EVENT] sock=2164 hEvent=00000994 events=0x21
2026-10-03 02:05:53.687 [EVENT] sock=2676 hEvent=00000A50 events=0x0
2026-10-03 02:05:53.687 [EVENT] sock=2676 hEvent=00000A50 events=0x21
2026-10-03 02:05:54.018 [EVENT] sock=2164 hEvent=00000994 events=0x0
2026-10-03 02:05:54.018 [EVENT] sock=2164 hEvent=00000994 events=0x21
2026-10-03 02:06:04.089 [EVENT] sock=2164 hEvent=00000994 events=0x0
2026-10-03 02:06:04.089 [EVENT] sock=2164 hEvent=00000994 events=0x21
2026-10-03 02:06:14.159 [EVENT] sock=2164 hEvent=00000994 events=0x0
2026-10-03 02:06:14.160 [EVENT] sock=2164 hEvent=00000994 events=0x21
2026-10-03 02:06:23.689 [EVENT] sock=2676 hEvent=00000A50 events=0x0
2026-10-03 02:06:23.689 [EVENT] sock=2676 hEvent=00000A50 events=0x21
2026-10-03 02:06:24.234 [EVENT] sock=2164 hEvent=00000994 events=0x0
2026-10-03 02:06:24.237 [EVENT] sock=2164 hEvent=00000994 events=0x21
2026-10-03 02:06:34.309 [EVENT] sock=2164 hEvent=00000994 events=0x0
2026-10-03 02:06:34.310 [EVENT] sock=2164 hEvent=00000994 events=0x21
2026-10-03 02:06:44.384 [EVENT] sock=2164 hEvent=00000994 events=0x0
2026-10-03 02:06:44.384 [EVENT] sock=2164 hEvent=00000994 events=0x21
2026-10-03 02:06:53.690 [EVENT] sock=2676 hEvent=00000A50 events=0x0
2026-10-03 02:06:53.690 [EVENT] sock=2676 hEvent=00000A50 events=0x21
2026-10-03 02:06:54.459 [EVENT] sock=2164 hEvent=00000994 events=0x0
2026-10-03 02:06:54.460 [EVENT] sock=2164 hEvent=00000994 events=0x21
2026-10-03 02:07:04.539 [EVENT] sock=2164 hEvent=00000994 events=0x0
2026-10-03 02:07:04.540 [EVENT] sock=2164 hEvent=00000994 events=0x21
2026-10-03 02:07:14.613 [EVENT] sock=2164 hEvent=00000994 events=0x0
2026-10-03 02:07:14.614 [EVENT] sock=2164 hEvent=00000994 events=0x21
2026-10-03 02:07:23.692 [EVENT] sock=2676 hEvent=00000A50 events=0x0
2026-10-03 02:07:23.693 [EVENT] sock=2676 hEvent=00000A50 events=0x21
2026-10-03 02:07:24.688 [EVENT] sock=2164 hEvent=00000994 events=0x0
2026-10-03 02:07:24.691 [EVENT] sock=2164 hEvent=00000994 events=0x21
2026-10-03 02:07:34.760 [EVENT] sock=2164 hEvent=00000994 events=0x0
2026-10-03 02:07:34.761 [EVENT] sock=2164 hEvent=00000994 events=0x21
2026-10-03 02:07:44.823 [EVENT] sock=2164 hEvent=00000994 events=0x0
2026-10-03 02:07:44.824 [EVENT] sock=2164 hEvent=00000994 events=0x21
2026-10-03 02:07:53.693 [EVENT] sock=2676 hEvent=00000A50 events=0x0
2026-10-03 02:07:53.693 [EVENT] sock=2676 hEvent=00000A50 events=0x21
2026-10-03 02:07:54.891 [EVENT] sock=2164 hEvent=00000994 events=0x0
2026-10-03 02:07:54.891 [EVENT] sock=2164 hEvent=00000994 events=0x21
2026-10-03 02:08:04.949 [EVENT] sock=2164 hEvent=00000994 events=0x0
2026-10-03 02:08:04.950 [EVENT] sock=2164 hEvent=00000994 events=0x21
2026-10-03 02:08:15.018 [EVENT] sock=2164 hEvent=00000994 events=0x0
2026-10-03 02:08:15.021 [EVENT] sock=2164 hEvent=00000994 events=0x21
2026-10-03 02:08:23.695 [EVENT] sock=2676 hEvent=00000A50 events=0x0
2026-10-03 02:08:23.697 [EVENT] sock=2676 hEvent=00000A50 events=0x21
2026-10-03 02:08:25.093 [EVENT] sock=2164 hEvent=00000994 events=0x0
2026-10-03 02:08:25.094 [EVENT] sock=2164 hEvent=00000994 events=0x21
2026-10-03 02:08:35.171 [EVENT] sock=2164 hEvent=00000994 events=0x0
2026-10-03 02:08:35.172 [EVENT] sock=2164 hEvent=00000994 events=0x21
2026-10-03 02:08:45.248 [EVENT] sock=2164 hEvent=00000994 events=0x0
2026-10-03 02:08:45.250 [EVENT] sock=2164 hEvent=00000994 events=0x21
2026-10-03 02:08:53.698 [EVENT] sock=2676 hEvent=00000A50 events=0x0
2026-10-03 02:08:53.699 [EVENT] sock=2676 hEvent=00000A50 events=0x21
2026-10-03 02:08:55.317 [EVENT] sock=2164 hEvent=00000994 events=0x0
2026-10-03 02:08:55.318 [EVENT] sock=2164 hEvent=00000994 events=0x21
2026-10-03 02:09:05.383 [EVENT] sock=2164 hEvent=00000994 events=0x0
2026-10-03 02:09:05.384 [EVENT] sock=2164 hEvent=00000994 events=0x21
2026-10-03 02:09:15.450 [EVENT] sock=2164 hEvent=00000994 events=0x0
2026-10-03 02:09:15.450 [EVENT] sock=2164 hEvent=00000994 events=0x21
2026-10-03 02:09:23.700 [EVENT] sock=2676 hEvent=00000A50 events=0x0
2026-10-03 02:09:23.700 [EVENT] sock=2676 hEvent=00000A50 events=0x21
2026-10-03 02:09:25.532 [EVENT] sock=2164 hEvent=00000994 events=0x0
2026-10-03 02:09:25.532 [EVENT] sock=2164 hEvent=00000994 events=0x21
2026-10-03 02:09:35.607 [EVENT] sock=2164 hEvent=00000994 events=0x0
2026-10-03 02:09:35.608 [EVENT] sock=2164 hEvent=00000994 events=0x21
2026-10-03 02:09:45.679 [EVENT] sock=2164 hEvent=00000994 events=0x0
2026-10-03 02:09:45.680 [EVENT] sock=2164 hEvent=00000994 events=0x21
2026-10-03 02:09:53.700 [EVENT] sock=2676 hEvent=00000A50 events=0x0
2026-10-03 02:09:53.700 [EVENT] sock=2676 hEvent=00000A50 events=0x21
2026-10-03 02:09:55.755 [EVENT] sock=2164 hEvent=00000994 events=0x0
2026-10-03 02:09:55.756 [EVENT] sock=2164 hEvent=00000994 events=0x21
2026-10-03 02:10:05.833 [EVENT] sock=2164 hEvent=00000994 events=0x0
2026-10-03 02:10:05.834 [EVENT] sock=2164 hEvent=00000994 events=0x21
2026-10-03 02:10:15.900 [EVENT] sock=2164 hEvent=00000994 events=0x0
2026-10-03 02:10:15.900 [EVENT] sock=2164 hEvent=00000994 events=0x21
2026-10-03 02:10:23.702 [EVENT] sock=2676 hEvent=00000A50 events=0x0
2026-10-03 02:10:23.702 [EVENT] sock=2676 hEvent=00000A50 events=0x21
2026-10-03 02:10:25.972 [EVENT] sock=2164 hEvent=00000994 events=0x0
2026-10-03 02:10:25.973 [EVENT] sock=2164 hEvent=00000994 events=0x21
2026-10-03 02:10:36.050 [EVENT] sock=2164 hEvent=00000994 events=0x0
2026-10-03 02:10:36.053 [EVENT] sock=2164 hEvent=00000994 events=0x21
2026-10-03 02:10:46.123 [EVENT] sock=2164 hEvent=00000994 events=0x0
2026-10-03 02:10:46.124 [EVENT] sock=2164 hEvent=00000994 events=0x21
2026-10-03 02:10:53.704 [EVENT] sock=2676 hEvent=00000A50 events=0x0
2026-10-03 02:10:53.705 [EVENT] sock=2676 hEvent=00000A50 events=0x21
2026-10-03 02:10:56.190 [EVENT] sock=2164 hEvent=00000994 events=0x0
2026-10-03 02:10:56.194 [EVENT] sock=2164 hEvent=00000994 events=0x21
2026-10-03 02:11:06.259 [EVENT] sock=2164 hEvent=00000994 events=0x0
2026-10-03 02:11:06.261 [EVENT] sock=2164 hEvent=00000994 events=0x21
2026-10-03 02:11:16.328 [EVENT] sock=2164 hEvent=00000994 events=0x0
2026-10-03 02:11:16.329 [EVENT] sock=2164 hEvent=00000994 events=0x21
2026-10-03 02:11:23.705 [EVENT] sock=2676 hEvent=00000A50 events=0x0
2026-10-03 02:11:23.706 [EVENT] sock=2676 hEvent=00000A50 events=0x21
2026-10-03 02:11:26.402 [EVENT] sock=2164 hEvent=00000994 events=0x0
2026-10-03 02:11:26.403 [EVENT] sock=2164 hEvent=00000994 events=0x21
2026-10-03 02:11:36.466 [EVENT] sock=2164 hEvent=00000994 events=0x0
2026-10-03 02:11:36.467 [EVENT] sock=2164 hEvent=00000994 events=0x21
2026-10-03 02:11:46.544 [EVENT] sock=2164 hEvent=00000994 events=0x0
2026-10-03 02:11:46.544 [EVENT] sock=2164 hEvent=00000994 events=0x21
2026-10-03 02:11:53.707 [EVENT] sock=2676 hEvent=00000A50 events=0x0
2026-10-03 02:11:53.707 [EVENT] sock=2676 hEvent=00000A50 events=0x21
2026-10-03 02:11:56.611 [EVENT] sock=2164 hEvent=00000994 events=0x0
2026-10-03 02:11:56.611 [EVENT] sock=2164 hEvent=00000994 events=0x21
2026-10-03 02:12:06.691 [EVENT] sock=2164 hEvent=00000994 events=0x0
2026-10-03 02:12:06.692 [EVENT] sock=2164 hEvent=00000994 events=0x21
2026-10-03 02:12:16.770 [EVENT] sock=2164 hEvent=00000994 events=0x0
2026-10-03 02:12:16.770 [EVENT] sock=2164 hEvent=00000994 events=0x21
2026-10-03 02:12:23.708 [EVENT] sock=2676 hEvent=00000A50 events=0x0
2026-10-03 02:12:23.709 [EVENT] sock=2676 hEvent=00000A50 events=0x21
2026-10-03 02:12:26.850 [EVENT] sock=2164 hEvent=00000994 events=0x0
2026-10-03 02:12:26.853 [EVENT] sock=2164 hEvent=00000994 events=0x21
2026-10-03 02:12:36.917 [EVENT] sock=2164 hEvent=00000994 events=0x0
2026-10-03 02:12:36.917 [EVENT] sock=2164 hEvent=00000994 events=0x21
2026-10-03 02:12:46.991 [EVENT] sock=2164 hEvent=00000994 events=0x0
2026-10-03 02:12:46.991 [EVENT] sock=2164 hEvent=00000994 events=0x21
2026-10-03 02:12:53.710 [EVENT] sock=2676 hEvent=00000A50 events=0x0
2026-10-03 02:12:53.711 [EVENT] sock=2676 hEvent=00000A50 events=0x21
2026-10-03 02:12:57.059 [EVENT] sock=2164 hEvent=00000994 events=0x0
2026-10-03 02:12:57.059 [EVENT] sock=2164 hEvent=00000994 events=0x21
2026-10-03 02:13:07.133 [EVENT] sock=2164 hEvent=00000994 events=0x0
2026-10-03 02:13:07.134 [EVENT] sock=2164 hEvent=00000994 events=0x21
2026-10-03 02:13:17.213 [EVENT] sock=2164 hEvent=00000994 events=0x0
2026-10-03 02:13:17.213 [EVENT] sock=2164 hEvent=00000994 events=0x21
2026-10-03 02:13:23.712 [EVENT] sock=2676 hEvent=00000A50 events=0x0
2026-10-03 02:13:23.712 [EVENT] sock=2676 hEvent=00000A50 events=0x21
2026-10-03 02:13:27.279 [EVENT] sock=2164 hEvent=00000994 events=0x0
2026-10-03 02:13:27.281 [EVENT] sock=2164 hEvent=00000994 events=0x21
2026-10-03 02:13:37.362 [EVENT] sock=2164 hEvent=00000994 events=0x0
2026-10-03 02:13:37.363 [EVENT] sock=2164 hEvent=00000994 events=0x21
2026-10-03 02:13:47.429 [EVENT] sock=2164 hEvent=00000994 events=0x0
2026-10-03 02:13:47.430 [EVENT] sock=2164 hEvent=00000994 events=0x21
2026-10-03 02:13:53.713 [EVENT] sock=2676 hEvent=00000A50 events=0x0
2026-10-03 02:13:53.714 [EVENT] sock=2676 hEvent=00000A50 events=0x21
2026-10-03 02:13:57.504 [EVENT] sock=2164 hEvent=00000994 events=0x0
2026-10-03 02:13:57.505 [EVENT] sock=2164 hEvent=00000994 events=0x21
2026-10-03 02:14:07.583 [EVENT] sock=2164 hEvent=00000994 events=0x0
2026-10-03 02:14:07.583 [EVENT] sock=2164 hEvent=00000994 events=0x21
2026-10-03 02:14:17.650 [EVENT] sock=2164 hEvent=00000994 events=0x0
2026-10-03 02:14:17.651 [EVENT] sock=2164 hEvent=00000994 events=0x21
2026-10-03 02:14:23.714 [EVENT] sock=2676 hEvent=00000A50 events=0x0
2026-10-03 02:14:23.715 [EVENT] sock=2676 hEvent=00000A50 events=0x21
2026-10-03 02:14:27.726 [EVENT] sock=2164 hEvent=00000994 events=0x0
2026-10-03 02:14:27.727 [EVENT] sock=2164 hEvent=00000994 events=0x21
2026-10-03 02:14:37.794 [EVENT] sock=2164 hEvent=00000994 events=0x0
2026-10-03 02:14:37.795 [EVENT] sock=2164 hEvent=00000994 events=0x21
2026-10-03 02:14:47.865 [EVENT] sock=2164 hEvent=00000994 events=0x0
2026-10-03 02:14:47.865 [EVENT] sock=2164 hEvent=00000994 events=0x21
2026-10-03 02:14:53.716 [EVENT] sock=2676 hEvent=00000A50 events=0x0
2026-10-03 02:14:53.717 [EVENT] sock=2676 hEvent=00000A50 events=0x21
2026-10-03 02:14:57.930 [EVENT] sock=2164 hEvent=00000994 events=0x0
2026-10-03 02:14:57.931 [EVENT] sock=2164 hEvent=00000994 events=0x21
2026-10-03 02:15:08.007 [EVENT] sock=2164 hEvent=00000994 events=0x0
2026-10-03 02:15:08.007 [EVENT] sock=2164 hEvent=00000994 events=0x21
2026-10-03 02:15:18.081 [EVENT] sock=2164 hEvent=00000994 events=0x0
2026-10-03 02:15:18.081 [EVENT] sock=2164 hEvent=00000994 events=0x21
2026-10-03 02:15:23.719 [EVENT] sock=2676 hEvent=00000A50 events=0x0
2026-10-03 02:15:23.720 [EVENT] sock=2676 hEvent=00000A50 events=0x21
2026-10-03 02:15:28.152 [EVENT] sock=2164 hEvent=00000994 events=0x0
2026-10-03 02:15:28.153 [EVENT] sock=2164 hEvent=00000994 events=0x21
2026-10-03 02:15:38.220 [EVENT] sock=2164 hEvent=00000994 events=0x0
2026-10-03 02:15:38.220 [EVENT] sock=2164 hEvent=00000994 events=0x21
2026-10-03 02:15:48.287 [EVENT] sock=2164 hEvent=00000994 events=0x0
2026-10-03 02:15:48.287 [EVENT] sock=2164 hEvent=00000994 events=0x21
2026-10-03 02:15:53.721 [EVENT] sock=2676 hEvent=00000A50 events=0x0
2026-10-03 02:15:53.722 [EVENT] sock=2676 hEvent=00000A50 events=0x21
2026-10-03 02:15:58.358 [EVENT] sock=2164 hEvent=00000994 events=0x0
2026-10-03 02:15:58.360 [EVENT] sock=2164 hEvent=00000994 events=0x21
2026-10-03 02:16:08.432 [EVENT] sock=2164 hEvent=00000994 events=0x0
2026-10-03 02:16:08.432 [EVENT] sock=2164 hEvent=00000994 events=0x21
2026-10-03 02:16:18.513 [EVENT] sock=2164 hEvent=00000994 events=0x0
2026-10-03 02:16:18.514 [EVENT] sock=2164 hEvent=00000994 events=0x21
2026-10-03 02:16:23.722 [EVENT] sock=2676 hEvent=00000A50 events=0x0
2026-10-03 02:16:23.722 [EVENT] sock=2676 hEvent=00000A50 events=0x21
2026-10-03 02:16:28.579 [EVENT] sock=2164 hEvent=00000994 events=0x0
2026-10-03 02:16:28.580 [EVENT] sock=2164 hEvent=00000994 events=0x21
2026-10-03 02:16:38.644 [EVENT] sock=2164 hEvent=00000994 events=0x0
2026-10-03 02:16:38.644 [EVENT] sock=2164 hEvent=00000994 events=0x21
2026-10-03 02:16:48.713 [EVENT] sock=2164 hEvent=00000994 events=0x0
2026-10-03 02:16:48.715 [EVENT] sock=2164 hEvent=00000994 events=0x21
2026-10-03 02:16:53.724 [EVENT] sock=2676 hEvent=00000A50 events=0x0
2026-10-03 02:16:53.725 [EVENT] sock=2676 hEvent=00000A50 events=0x21
2026-10-03 02:16:58.779 [EVENT] sock=2164 hEvent=00000994 events=0x0
2026-10-03 02:16:58.779 [EVENT] sock=2164 hEvent=00000994 events=0x21
2026-10-03 02:17:08.847 [EVENT] sock=2164 hEvent=00000994 events=0x0
2026-10-03 02:17:08.848 [EVENT] sock=2164 hEvent=00000994 events=0x21
2026-10-03 02:17:18.926 [EVENT] sock=2164 hEvent=00000994 events=0x0
2026-10-03 02:17:18.927 [EVENT] sock=2164 hEvent=00000994 events=0x21
2026-10-03 02:17:23.726 [EVENT] sock=2676 hEvent=00000A50 events=0x0
2026-10-03 02:17:23.726 [EVENT] sock=2676 hEvent=00000A50 events=0x21
2026-10-03 02:17:28.995 [EVENT] sock=2164 hEvent=00000994 events=0x0
2026-10-03 02:17:28.996 [EVENT] sock=2164 hEvent=00000994 events=0x21
2026-10-03 02:17:39.062 [EVENT] sock=2164 hEvent=00000994 events=0x0
2026-10-03 02:17:39.064 [EVENT] sock=2164 hEvent=00000994 events=0x21
2026-10-03 02:17:49.144 [EVENT] sock=2164 hEvent=00000994 events=0x0
2026-10-03 02:17:49.144 [EVENT] sock=2164 hEvent=00000994 events=0x21
2026-10-03 02:17:53.727 [EVENT] sock=2676 hEvent=00000A50 events=0x0
2026-10-03 02:17:53.727 [EVENT] sock=2676 hEvent=00000A50 events=0x21
2026-10-03 02:17:59.222 [EVENT] sock=2164 hEvent=00000994 events=0x0
2026-10-03 02:17:59.222 [EVENT] sock=2164 hEvent=00000994 events=0x21
2026-10-03 02:18:09.288 [EVENT] sock=2164 hEvent=00000994 events=0x0
2026-10-03 02:18:09.290 [EVENT] sock=2164 hEvent=00000994 events=0x21
2026-10-03 02:18:19.359 [EVENT] sock=2164 hEvent=00000994 events=0x0
2026-10-03 02:18:19.359 [EVENT] sock=2164 hEvent=00000994 events=0x21
2026-10-03 02:18:23.729 [EVENT] sock=2676 hEvent=00000A50 events=0x0
2026-10-03 02:18:23.730 [EVENT] sock=2676 hEvent=00000A50 events=0x21
2026-10-03 02:18:29.429 [EVENT] sock=2164 hEvent=00000994 events=0x0
2026-10-03 02:18:29.429 [EVENT] sock=2164 hEvent=00000994 events=0x21
2026-10-03 02:18:39.503 [EVENT] sock=2164 hEvent=00000994 events=0x0
2026-10-03 02:18:39.503 [EVENT] sock=2164 hEvent=00000994 events=0x21
2026-10-03 02:18:49.576 [EVENT] sock=2164 hEvent=00000994 events=0x0
2026-10-03 02:18:49.576 [EVENT] sock=2164 hEvent=00000994 events=0x21
2026-10-03 02:18:53.730 [EVENT] sock=2676 hEvent=00000A50 events=0x0
2026-10-03 02:18:53.730 [EVENT] sock=2676 hEvent=00000A50 events=0x21
2026-10-03 02:18:59.642 [EVENT] sock=2164 hEvent=00000994 events=0x0
2026-10-03 02:18:59.642 [EVENT] sock=2164 hEvent=00000994 events=0x21
2026-10-03 02:19:09.715 [EVENT] sock=2164 hEvent=00000994 events=0x0
2026-10-03 02:19:09.716 [EVENT] sock=2164 hEvent=00000994 events=0x21
2026-10-03 02:19:19.776 [EVENT] sock=2164 hEvent=00000994 events=0x0
2026-10-03 02:19:19.778 [EVENT] sock=2164 hEvent=00000994 events=0x21
2026-10-03 02:19:23.733 [EVENT] sock=2676 hEvent=00000A50 events=0x0
2026-10-03 02:19:23.733 [EVENT] sock=2676 hEvent=00000A50 events=0x21
2026-10-03 02:19:29.844 [EVENT] sock=2164 hEvent=00000994 events=0x0
2026-10-03 02:19:29.844 [EVENT] sock=2164 hEvent=00000994 events=0x21
2026-10-03 02:19:39.919 [EVENT] sock=2164 hEvent=00000994 events=0x0
2026-10-03 02:19:39.920 [EVENT] sock=2164 hEvent=00000994 events=0x21
2026-10-03 02:19:49.989 [EVENT] sock=2164 hEvent=00000994 events=0x0
2026-10-03 02:19:49.991 [EVENT] sock=2164 hEvent=00000994 events=0x21
2026-10-03 02:19:53.735 [EVENT] sock=2676 hEvent=00000A50 events=0x0
2026-10-03 02:19:53.735 [EVENT] sock=2676 hEvent=00000A50 events=0x21
2026-10-03 02:20:00.062 [EVENT] sock=2164 hEvent=00000994 events=0x0
2026-10-03 02:20:00.063 [EVENT] sock=2164 hEvent=00000994 events=0x21
2026-10-03 02:20:10.139 [EVENT] sock=2164 hEvent=00000994 events=0x0
2026-10-03 02:20:10.139 [EVENT] sock=2164 hEvent=00000994 events=0x21
2026-10-03 02:20:20.215 [EVENT] sock=2164 hEvent=00000994 events=0x0
2026-10-03 02:20:20.217 [EVENT] sock=2164 hEvent=00000994 events=0x21
2026-10-03 02:20:23.736 [EVENT] sock=2676 hEvent=00000A50 events=0x0
2026-10-03 02:20:23.736 [EVENT] sock=2676 hEvent=00000A50 events=0x21
2026-10-03 02:20:30.292 [EVENT] sock=2164 hEvent=00000994 events=0x0
2026-10-03 02:20:30.292 [EVENT] sock=2164 hEvent=00000994 events=0x21
2026-10-03 02:20:40.356 [EVENT] sock=2164 hEvent=00000994 events=0x0
2026-10-03 02:20:40.356 [EVENT] sock=2164 hEvent=00000994 events=0x21
2026-10-03 02:20:50.432 [EVENT] sock=2164 hEvent=00000994 events=0x0
2026-10-03 02:20:50.432 [EVENT] sock=2164 hEvent=00000994 events=0x21
2026-10-03 02:20:53.737 [EVENT] sock=2676 hEvent=00000A50 events=0x0
2026-10-03 02:20:53.737 [EVENT] sock=2676 hEvent=00000A50 events=0x21
2026-10-03 02:21:00.509 [EVENT] sock=2164 hEvent=00000994 events=0x0
2026-10-03 02:21:00.509 [EVENT] sock=2164 hEvent=00000994 events=0x21
2026-10-03 02:21:10.581 [EVENT] sock=2164 hEvent=00000994 events=0x0
2026-10-03 02:21:10.582 [EVENT] sock=2164 hEvent=00000994 events=0x21
2026-10-03 02:21:20.661 [EVENT] sock=2164 hEvent=00000994 events=0x0
2026-10-03 02:21:20.661 [EVENT] sock=2164 hEvent=00000994 events=0x21
2026-10-03 02:21:23.738 [EVENT] sock=2676 hEvent=00000A50 events=0x0
2026-10-03 02:21:23.738 [EVENT] sock=2676 hEvent=00000A50 events=0x21
2026-10-03 02:21:30.721 [EVENT] sock=2164 hEvent=00000994 events=0x0
2026-10-03 02:21:30.723 [EVENT] sock=2164 hEvent=00000994 events=0x21
2026-10-03 02:21:40.784 [EVENT] sock=2164 hEvent=00000994 events=0x0
2026-10-03 02:21:40.786 [EVENT] sock=2164 hEvent=00000994 events=0x21
2026-10-03 02:21:50.856 [EVENT] sock=2164 hEvent=00000994 events=0x0
2026-10-03 02:21:50.859 [EVENT] sock=2164 hEvent=00000994 events=0x21
2026-10-03 02:21:53.739 [EVENT] sock=2676 hEvent=00000A50 events=0x0
2026-10-03 02:21:53.740 [EVENT] sock=2676 hEvent=00000A50 events=0x21
2026-10-03 02:22:00.937 [EVENT] sock=2164 hEvent=00000994 events=0x0
2026-10-03 02:22:00.937 [EVENT] sock=2164 hEvent=00000994 events=0x21
2026-10-03 02:22:11.003 [EVENT] sock=2164 hEvent=00000994 events=0x0
2026-10-03 02:22:11.003 [EVENT] sock=2164 hEvent=00000994 events=0x21
2026-10-03 02:22:21.088 [EVENT] sock=2164 hEvent=00000994 events=0x0
2026-10-03 02:22:21.090 [EVENT] sock=2164 hEvent=00000994 events=0x21
2026-10-03 02:22:23.741 [EVENT] sock=2676 hEvent=00000A50 events=0x0
2026-10-03 02:22:23.742 [EVENT] sock=2676 hEvent=00000A50 events=0x21
2026-10-03 02:22:31.142 [EVENT] sock=2164 hEvent=00000994 events=0x0
2026-10-03 02:22:31.142 [EVENT] sock=2164 hEvent=00000994 events=0x21
2026-10-03 02:22:41.219 [EVENT] sock=2164 hEvent=00000994 events=0x0
2026-10-03 02:22:41.220 [EVENT] sock=2164 hEvent=00000994 events=0x21
2026-10-03 02:22:51.300 [EVENT] sock=2164 hEvent=00000994 events=0x0
2026-10-03 02:22:51.301 [EVENT] sock=2164 hEvent=00000994 events=0x21
2026-10-03 02:22:53.742 [EVENT] sock=2676 hEvent=00000A50 events=0x0
2026-10-03 02:22:53.743 [EVENT] sock=2676 hEvent=00000A50 events=0x21
2026-10-03 02:23:01.371 [EVENT] sock=2164 hEvent=00000994 events=0x0
2026-10-03 02:23:01.372 [EVENT] sock=2164 hEvent=00000994 events=0x21
2026-10-03 02:23:11.434 [EVENT] sock=2164 hEvent=00000994 events=0x0
2026-10-03 02:23:11.435 [EVENT] sock=2164 hEvent=00000994 events=0x21
2026-10-03 02:23:21.502 [EVENT] sock=2164 hEvent=00000994 events=0x0
2026-10-03 02:23:21.502 [EVENT] sock=2164 hEvent=00000994 events=0x21
2026-10-03 02:23:23.744 [EVENT] sock=2676 hEvent=00000A50 events=0x0
2026-10-03 02:23:23.745 [EVENT] sock=2676 hEvent=00000A50 events=0x21
2026-10-03 02:23:31.576 [EVENT] sock=2164 hEvent=00000994 events=0x0
2026-10-03 02:23:31.576 [EVENT] sock=2164 hEvent=00000994 events=0x21
2026-10-03 02:23:41.646 [EVENT] sock=2164 hEvent=00000994 events=0x0
2026-10-03 02:23:41.646 [EVENT] sock=2164 hEvent=00000994 events=0x21
2026-10-03 02:23:51.714 [EVENT] sock=2164 hEvent=00000994 events=0x0
2026-10-03 02:23:51.715 [EVENT] sock=2164 hEvent=00000994 events=0x21
2026-10-03 02:23:53.746 [EVENT] sock=2676 hEvent=00000A50 events=0x0
2026-10-03 02:23:53.747 [EVENT] sock=2676 hEvent=00000A50 events=0x21
2026-10-03 02:24:01.791 [EVENT] sock=2164 hEvent=00000994 events=0x0
2026-10-03 02:24:01.791 [EVENT] sock=2164 hEvent=00000994 events=0x21
2026-10-03 02:24:11.860 [EVENT] sock=2164 hEvent=00000994 events=0x0
2026-10-03 02:24:11.860 [EVENT] sock=2164 hEvent=00000994 events=0x21
2026-10-03 02:24:21.932 [EVENT] sock=2164 hEvent=00000994 events=0x0
2026-10-03 02:24:21.933 [EVENT] sock=2164 hEvent=00000994 events=0x21
2026-10-03 02:24:23.748 [EVENT] sock=2676 hEvent=00000A50 events=0x0
2026-10-03 02:24:23.748 [EVENT] sock=2676 hEvent=00000A50 events=0x21
2026-10-03 02:24:32.005 [EVENT] sock=2164 hEvent=00000994 events=0x0
2026-10-03 02:24:32.007 [EVENT] sock=2164 hEvent=00000994 events=0x21
2026-10-03 02:24:42.074 [EVENT] sock=2164 hEvent=00000994 events=0x0
2026-10-03 02:24:42.074 [EVENT] sock=2164 hEvent=00000994 events=0x21
2026-10-03 02:24:52.150 [EVENT] sock=2164 hEvent=00000994 events=0x0
2026-10-03 02:24:52.150 [EVENT] sock=2164 hEvent=00000994 events=0x21
2026-10-03 02:24:53.749 [EVENT] sock=2676 hEvent=00000A50 events=0x0
2026-10-03 02:24:53.749 [EVENT] sock=2676 hEvent=00000A50 events=0x21
2026-10-03 02:25:02.224 [EVENT] sock=2164 hEvent=00000994 events=0x0
2026-10-03 02:25:02.225 [EVENT] sock=2164 hEvent=00000994 events=0x21
2026-10-03 02:25:12.289 [EVENT] sock=2164 hEvent=00000994 events=0x0
2026-10-03 02:25:12.289 [EVENT] sock=2164 hEvent=00000994 events=0x21
2026-10-03 02:25:22.352 [EVENT] sock=2164 hEvent=00000994 events=0x0
2026-10-03 02:25:22.352 [EVENT] sock=2164 hEvent=00000994 events=0x21
2026-10-03 02:25:23.752 [EVENT] sock=2676 hEvent=00000A50 events=0x0
2026-10-03 02:25:23.752 [EVENT] sock=2676 hEvent=00000A50 events=0x21
2026-10-03 02:25:32.424 [EVENT] sock=2164 hEvent=00000994 events=0x0
2026-10-03 02:25:32.425 [EVENT] sock=2164 hEvent=00000994 events=0x21
2026-10-03 02:25:42.502 [EVENT] sock=2164 hEvent=00000994 events=0x0
2026-10-03 02:25:42.503 [EVENT] sock=2164 hEvent=00000994 events=0x21
2026-10-03 02:25:52.565 [EVENT] sock=2164 hEvent=00000994 events=0x0
2026-10-03 02:25:52.566 [EVENT] sock=2164 hEvent=00000994 events=0x21
2026-10-03 02:25:53.752 [EVENT] sock=2676 hEvent=00000A50 events=0x0
2026-10-03 02:25:53.753 [EVENT] sock=2676 hEvent=00000A50 events=0x21
2026-10-03 02:26:02.629 [EVENT] sock=2164 hEvent=00000994 events=0x0
2026-10-03 02:26:02.630 [EVENT] sock=2164 hEvent=00000994 events=0x21
2026-10-03 02:26:12.706 [EVENT] sock=2164 hEvent=00000994 events=0x0
2026-10-03 02:26:12.707 [EVENT] sock=2164 hEvent=00000994 events=0x21
2026-10-03 02:26:22.771 [EVENT] sock=2164 hEvent=00000994 events=0x0
2026-10-03 02:26:22.772 [EVENT] sock=2164 hEvent=00000994 events=0x21
2026-10-03 02:26:23.753 [EVENT] sock=2676 hEvent=00000A50 events=0x0
2026-10-03 02:26:23.754 [EVENT] sock=2676 hEvent=00000A50 events=0x21
2026-10-03 02:26:32.848 [EVENT] sock=2164 hEvent=00000994 events=0x0
2026-10-03 02:26:32.848 [EVENT] sock=2164 hEvent=00000994 events=0x21
2026-10-03 02:26:42.922 [EVENT] sock=2164 hEvent=00000994 events=0x0
2026-10-03 02:26:42.923 [EVENT] sock=2164 hEvent=00000994 events=0x21
2026-10-03 02:26:53.009 [EVENT] sock=2164 hEvent=00000994 events=0x0
2026-10-03 02:26:53.011 [EVENT] sock=2164 hEvent=00000994 events=0x21
2026-10-03 02:26:53.755 [EVENT] sock=2676 hEvent=00000A50 events=0x0
2026-10-03 02:26:53.755 [EVENT] sock=2676 hEvent=00000A50 events=0x21
2026-10-03 02:27:03.084 [EVENT] sock=2164 hEvent=00000994 events=0x0
2026-10-03 02:27:03.084 [EVENT] sock=2164 hEvent=00000994 events=0x21
2026-10-03 02:27:13.161 [EVENT] sock=2164 hEvent=00000994 events=0x0
2026-10-03 02:27:13.163 [EVENT] sock=2164 hEvent=00000994 events=0x21
2026-10-03 02:27:23.239 [EVENT] sock=2164 hEvent=00000994 events=0x0
2026-10-03 02:27:23.239 [EVENT] sock=2164 hEvent=00000994 events=0x21
2026-10-03 02:27:23.757 [EVENT] sock=2676 hEvent=00000A50 events=0x0
2026-10-03 02:27:23.759 [EVENT] sock=2676 hEvent=00000A50 events=0x21
2026-10-03 02:27:33.306 [EVENT] sock=2164 hEvent=00000994 events=0x0
2026-10-03 02:27:33.307 [EVENT] sock=2164 hEvent=00000994 events=0x21
2026-10-03 02:27:43.384 [EVENT] sock=2164 hEvent=00000994 events=0x0
2026-10-03 02:27:43.384 [EVENT] sock=2164 hEvent=00000994 events=0x21
2026-10-03 02:27:53.460 [EVENT] sock=2164 hEvent=00000994 events=0x0
2026-10-03 02:27:53.461 [EVENT] sock=2164 hEvent=00000994 events=0x21
2026-10-03 02:27:53.761 [EVENT] sock=2676 hEvent=00000A50 events=0x0
2026-10-03 02:27:53.762 [EVENT] sock=2676 hEvent=00000A50 events=0x21
2026-10-03 02:28:03.538 [EVENT] sock=2164 hEvent=00000994 events=0x0
2026-10-03 02:28:03.540 [EVENT] sock=2164 hEvent=00000994 events=0x21
2026-10-03 02:28:13.620 [EVENT] sock=2164 hEvent=00000994 events=0x0
2026-10-03 02:28:13.621 [EVENT] sock=2164 hEvent=00000994 events=0x21
2026-10-03 02:28:23.693 [EVENT] sock=2164 hEvent=00000994 events=0x0
2026-10-03 02:28:23.693 [EVENT] sock=2164 hEvent=00000994 events=0x21
2026-10-03 02:28:23.763 [EVENT] sock=2676 hEvent=00000A50 events=0x0
2026-10-03 02:28:23.764 [EVENT] sock=2676 hEvent=00000A50 events=0x21
2026-10-03 02:28:33.767 [EVENT] sock=2164 hEvent=00000994 events=0x0
2026-10-03 02:28:33.769 [EVENT] sock=2164 hEvent=00000994 events=0x21
2026-10-03 02:28:43.836 [EVENT] sock=2164 hEvent=00000994 events=0x0
2026-10-03 02:28:43.838 [EVENT] sock=2164 hEvent=00000994 events=0x21
2026-10-03 02:28:53.765 [EVENT] sock=2676 hEvent=00000A50 events=0x0
2026-10-03 02:28:53.765 [EVENT] sock=2676 hEvent=00000A50 events=0x21
2026-10-03 02:28:53.912 [EVENT] sock=2164 hEvent=00000994 events=0x0
2026-10-03 02:28:53.915 [EVENT] sock=2164 hEvent=00000994 events=0x21
2026-10-03 02:29:03.985 [EVENT] sock=2164 hEvent=00000994 events=0x0
2026-10-03 02:29:03.986 [EVENT] sock=2164 hEvent=00000994 events=0x21
2026-10-03 02:29:14.048 [EVENT] sock=2164 hEvent=00000994 events=0x0
2026-10-03 02:29:14.050 [EVENT] sock=2164 hEvent=00000994 events=0x21
2026-10-03 02:29:23.766 [EVENT] sock=2676 hEvent=00000A50 events=0x0
2026-10-03 02:29:23.767 [EVENT] sock=2676 hEvent=00000A50 events=0x21
2026-10-03 02:29:24.114 [EVENT] sock=2164 hEvent=00000994 events=0x0
2026-10-03 02:29:24.115 [EVENT] sock=2164 hEvent=00000994 events=0x21
2026-10-03 02:29:34.185 [EVENT] sock=2164 hEvent=00000994 events=0x0
2026-10-03 02:29:34.185 [EVENT] sock=2164 hEvent=00000994 events=0x21
2026-10-03 02:29:44.257 [EVENT] sock=2164 hEvent=00000994 events=0x0
2026-10-03 02:29:44.257 [EVENT] sock=2164 hEvent=00000994 events=0x21
2026-10-03 02:29:53.767 [EVENT] sock=2676 hEvent=00000A50 events=0x0
2026-10-03 02:29:53.768 [EVENT] sock=2676 hEvent=00000A50 events=0x21
2026-10-03 02:29:54.322 [EVENT] sock=2164 hEvent=00000994 events=0x0
2026-10-03 02:29:54.322 [EVENT] sock=2164 hEvent=00000994 events=0x21
2026-10-03 02:30:04.399 [EVENT] sock=2164 hEvent=00000994 events=0x0
2026-10-03 02:30:04.399 [EVENT] sock=2164 hEvent=00000994 events=0x21
2026-10-03 02:30:14.477 [EVENT] sock=2164 hEvent=00000994 events=0x0
2026-10-03 02:30:14.477 [EVENT] sock=2164 hEvent=00000994 events=0x21
2026-10-03 02:30:23.769 [EVENT] sock=2676 hEvent=00000A50 events=0x0
2026-10-03 02:30:23.770 [EVENT] sock=2676 hEvent=00000A50 events=0x21
2026-10-03 02:30:24.553 [EVENT] sock=2164 hEvent=00000994 events=0x0
2026-10-03 02:30:24.554 [EVENT] sock=2164 hEvent=00000994 events=0x21
2026-10-03 02:30:34.616 [EVENT] sock=2164 hEvent=00000994 events=0x0
2026-10-03 02:30:34.618 [EVENT] sock=2164 hEvent=00000994 events=0x21
2026-10-03 02:30:44.687 [EVENT] sock=2164 hEvent=00000994 events=0x0
2026-10-03 02:30:44.688 [EVENT] sock=2164 hEvent=00000994 events=0x21
2026-10-03 02:30:53.770 [EVENT] sock=2676 hEvent=00000A50 events=0x0
2026-10-03 02:30:53.771 [EVENT] sock=2676 hEvent=00000A50 events=0x21
2026-10-03 02:30:54.759 [EVENT] sock=2164 hEvent=00000994 events=0x0
2026-10-03 02:30:54.759 [EVENT] sock=2164 hEvent=00000994 events=0x21
2026-10-03 02:31:04.822 [EVENT] sock=2164 hEvent=00000994 events=0x0
2026-10-03 02:31:04.823 [EVENT] sock=2164 hEvent=00000994 events=0x21
2026-10-03 02:31:14.898 [EVENT] sock=2164 hEvent=00000994 events=0x0
2026-10-03 02:31:14.899 [EVENT] sock=2164 hEvent=00000994 events=0x21
2026-10-03 02:31:23.771 [EVENT] sock=2676 hEvent=00000A50 events=0x0
2026-10-03 02:31:23.771 [EVENT] sock=2676 hEvent=00000A50 events=0x21
2026-10-03 02:31:24.974 [EVENT] sock=2164 hEvent=00000994 events=0x0
2026-10-03 02:31:24.974 [EVENT] sock=2164 hEvent=00000994 events=0x21
2026-10-03 02:31:35.043 [EVENT] sock=2164 hEvent=00000994 events=0x0
2026-10-03 02:31:35.044 [EVENT] sock=2164 hEvent=00000994 events=0x21
2026-10-03 02:31:45.114 [EVENT] sock=2164 hEvent=00000994 events=0x0
2026-10-03 02:31:45.116 [EVENT] sock=2164 hEvent=00000994 events=0x21
2026-10-03 02:31:53.771 [EVENT] sock=2676 hEvent=00000A50 events=0x0
2026-10-03 02:31:53.771 [EVENT] sock=2676 hEvent=00000A50 events=0x21
2026-10-03 02:31:55.178 [EVENT] sock=2164 hEvent=00000994 events=0x0
2026-10-03 02:31:55.179 [EVENT] sock=2164 hEvent=00000994 events=0x21
2026-10-03 02:32:05.251 [EVENT] sock=2164 hEvent=00000994 events=0x0
2026-10-03 02:32:05.253 [EVENT] sock=2164 hEvent=00000994 events=0x21
2026-10-03 02:32:15.318 [EVENT] sock=2164 hEvent=00000994 events=0x0
2026-10-03 02:32:15.319 [EVENT] sock=2164 hEvent=00000994 events=0x21
2026-10-03 02:32:23.773 [EVENT] sock=2676 hEvent=00000A50 events=0x0
2026-10-03 02:32:23.773 [EVENT] sock=2676 hEvent=00000A50 events=0x21
2026-10-03 02:32:25.384 [EVENT] sock=2164 hEvent=00000994 events=0x0
2026-10-03 02:32:25.386 [EVENT] sock=2164 hEvent=00000994 events=0x21
2026-10-03 02:32:35.457 [EVENT] sock=2164 hEvent=00000994 events=0x0
2026-10-03 02:32:35.457 [EVENT] sock=2164 hEvent=00000994 events=0x21
2026-10-03 02:32:45.533 [EVENT] sock=2164 hEvent=00000994 events=0x0
2026-10-03 02:32:45.533 [EVENT] sock=2164 hEvent=00000994 events=0x21
2026-10-03 02:32:53.777 [EVENT] sock=2676 hEvent=00000A50 events=0x0
2026-10-03 02:32:53.777 [EVENT] sock=2676 hEvent=00000A50 events=0x21
2026-10-03 02:32:55.601 [EVENT] sock=2164 hEvent=00000994 events=0x0
2026-10-03 02:32:55.601 [EVENT] sock=2164 hEvent=00000994 events=0x21
2026-10-03 02:33:05.668 [EVENT] sock=2164 hEvent=00000994 events=0x0
2026-10-03 02:33:05.669 [EVENT] sock=2164 hEvent=00000994 events=0x21
2026-10-03 02:33:15.733 [EVENT] sock=2164 hEvent=00000994 events=0x0
2026-10-03 02:33:15.733 [EVENT] sock=2164 hEvent=00000994 events=0x21
2026-10-03 02:33:23.780 [EVENT] sock=2676 hEvent=00000A50 events=0x0
2026-10-03 02:33:23.781 [EVENT] sock=2676 hEvent=00000A50 events=0x21
2026-10-03 02:33:25.797 [EVENT] sock=2164 hEvent=00000994 events=0x0
2026-10-03 02:33:25.797 [EVENT] sock=2164 hEvent=00000994 events=0x21
2026-10-03 02:33:35.862 [EVENT] sock=2164 hEvent=00000994 events=0x0
2026-10-03 02:33:35.863 [EVENT] sock=2164 hEvent=00000994 events=0x21
2026-10-03 02:33:45.927 [EVENT] sock=2164 hEvent=00000994 events=0x0
2026-10-03 02:33:45.927 [EVENT] sock=2164 hEvent=00000994 events=0x21
2026-10-03 02:33:53.781 [EVENT] sock=2676 hEvent=00000A50 events=0x0
2026-10-03 02:33:53.781 [EVENT] sock=2676 hEvent=00000A50 events=0x21
2026-10-03 02:33:56.007 [EVENT] sock=2164 hEvent=00000994 events=0x0
2026-10-03 02:33:56.008 [EVENT] sock=2164 hEvent=00000994 events=0x21
2026-10-03 02:34:06.088 [EVENT] sock=2164 hEvent=00000994 events=0x0
2026-10-03 02:34:06.088 [EVENT] sock=2164 hEvent=00000994 events=0x21
2026-10-03 02:34:16.161 [EVENT] sock=2164 hEvent=00000994 events=0x0
2026-10-03 02:34:16.163 [EVENT] sock=2164 hEvent=00000994 events=0x21
2026-10-03 02:34:23.781 [EVENT] sock=2676 hEvent=00000A50 events=0x0
2026-10-03 02:34:23.781 [EVENT] sock=2676 hEvent=00000A50 events=0x21
2026-10-03 02:34:26.227 [EVENT] sock=2164 hEvent=00000994 events=0x0
2026-10-03 02:34:26.228 [EVENT] sock=2164 hEvent=00000994 events=0x21
2026-10-03 02:34:36.294 [EVENT] sock=2164 hEvent=00000994 events=0x0
2026-10-03 02:34:36.295 [EVENT] sock=2164 hEvent=00000994 events=0x21
2026-10-03 02:34:46.367 [EVENT] sock=2164 hEvent=00000994 events=0x0
2026-10-03 02:34:46.369 [EVENT] sock=2164 hEvent=00000994 events=0x21
2026-10-03 02:34:53.782 [EVENT] sock=2676 hEvent=00000A50 events=0x0
2026-10-03 02:34:53.783 [EVENT] sock=2676 hEvent=00000A50 events=0x21
2026-10-03 02:34:56.448 [EVENT] sock=2164 hEvent=00000994 events=0x0
2026-10-03 02:34:56.449 [EVENT] sock=2164 hEvent=00000994 events=0x21
2026-10-03 02:35:06.520 [EVENT] sock=2164 hEvent=00000994 events=0x0
2026-10-03 02:35:06.521 [EVENT] sock=2164 hEvent=00000994 events=0x21
2026-10-03 02:35:16.589 [EVENT] sock=2164 hEvent=00000994 events=0x0
2026-10-03 02:35:16.589 [EVENT] sock=2164 hEvent=00000994 events=0x21
2026-10-03 02:35:23.783 [EVENT] sock=2676 hEvent=00000A50 events=0x0
2026-10-03 02:35:23.784 [EVENT] sock=2676 hEvent=00000A50 events=0x21
2026-10-03 02:35:26.660 [EVENT] sock=2164 hEvent=00000994 events=0x0
2026-10-03 02:35:26.660 [EVENT] sock=2164 hEvent=00000994 events=0x21
2026-10-03 02:35:36.728 [EVENT] sock=2164 hEvent=00000994 events=0x0
2026-10-03 02:35:36.729 [EVENT] sock=2164 hEvent=00000994 events=0x21
2026-10-03 02:35:46.793 [EVENT] sock=2164 hEvent=00000994 events=0x0
2026-10-03 02:35:46.794 [EVENT] sock=2164 hEvent=00000994 events=0x21
2026-10-03 02:35:53.785 [EVENT] sock=2676 hEvent=00000A50 events=0x0
2026-10-03 02:35:53.785 [EVENT] sock=2676 hEvent=00000A50 events=0x21
2026-10-03 02:35:56.865 [EVENT] sock=2164 hEvent=00000994 events=0x0
2026-10-03 02:35:56.866 [EVENT] sock=2164 hEvent=00000994 events=0x21
2026-10-03 02:36:06.928 [EVENT] sock=2164 hEvent=00000994 events=0x0
2026-10-03 02:36:06.928 [EVENT] sock=2164 hEvent=00000994 events=0x21
2026-10-03 02:36:16.999 [EVENT] sock=2164 hEvent=00000994 events=0x0
2026-10-03 02:36:16.999 [EVENT] sock=2164 hEvent=00000994 events=0x21
2026-10-03 02:36:23.788 [EVENT] sock=2676 hEvent=00000A50 events=0x0
2026-10-03 02:36:23.789 [EVENT] sock=2676 hEvent=00000A50 events=0x21
2026-10-03 02:36:27.061 [EVENT] sock=2164 hEvent=00000994 events=0x0
2026-10-03 02:36:27.063 [EVENT] sock=2164 hEvent=00000994 events=0x21
2026-10-03 02:36:37.125 [EVENT] sock=2164 hEvent=00000994 events=0x0
2026-10-03 02:36:37.126 [EVENT] sock=2164 hEvent=00000994 events=0x21
2026-10-03 02:36:47.203 [EVENT] sock=2164 hEvent=00000994 events=0x0
2026-10-03 02:36:47.203 [EVENT] sock=2164 hEvent=00000994 events=0x21
2026-10-03 02:36:53.790 [EVENT] sock=2676 hEvent=00000A50 events=0x0
2026-10-03 02:36:53.790 [EVENT] sock=2676 hEvent=00000A50 events=0x21
2026-10-03 02:36:57.282 [EVENT] sock=2164 hEvent=00000994 events=0x0
2026-10-03 02:36:57.283 [EVENT] sock=2164 hEvent=00000994 events=0x21
2026-10-03 02:37:07.355 [EVENT] sock=2164 hEvent=00000994 events=0x0
2026-10-03 02:37:07.356 [EVENT] sock=2164 hEvent=00000994 events=0x21
2026-10-03 02:37:17.434 [EVENT] sock=2164 hEvent=00000994 events=0x0
2026-10-03 02:37:17.434 [EVENT] sock=2164 hEvent=00000994 events=0x21
2026-10-03 02:37:23.792 [EVENT] sock=2676 hEvent=00000A50 events=0x0
2026-10-03 02:37:23.792 [EVENT] sock=2676 hEvent=00000A50 events=0x21
2026-10-03 02:37:27.500 [EVENT] sock=2164 hEvent=00000994 events=0x0
2026-10-03 02:37:27.501 [EVENT] sock=2164 hEvent=00000994 events=0x21
2026-10-03 02:37:37.564 [EVENT] sock=2164 hEvent=00000994 events=0x0
2026-10-03 02:37:37.565 [EVENT] sock=2164 hEvent=00000994 events=0x21
2026-10-03 02:37:47.630 [EVENT] sock=2164 hEvent=00000994 events=0x0
2026-10-03 02:37:47.633 [EVENT] sock=2164 hEvent=00000994 events=0x21
2026-10-03 02:37:53.793 [EVENT] sock=2676 hEvent=00000A50 events=0x0
2026-10-03 02:37:53.794 [EVENT] sock=2676 hEvent=00000A50 events=0x21
2026-10-03 02:37:57.699 [EVENT] sock=2164 hEvent=00000994 events=0x0
2026-10-03 02:37:57.701 [EVENT] sock=2164 hEvent=00000994 events=0x21
2026-10-03 02:38:07.776 [EVENT] sock=2164 hEvent=00000994 events=0x0
2026-10-03 02:38:07.776 [EVENT] sock=2164 hEvent=00000994 events=0x21
2026-10-03 02:38:17.844 [EVENT] sock=2164 hEvent=00000994 events=0x0
2026-10-03 02:38:17.844 [EVENT] sock=2164 hEvent=00000994 events=0x21
2026-10-03 02:38:23.794 [EVENT] sock=2676 hEvent=00000A50 events=0x0
2026-10-03 02:38:23.794 [EVENT] sock=2676 hEvent=00000A50 events=0x21
2026-10-03 02:38:27.915 [EVENT] sock=2164 hEvent=00000994 events=0x0
2026-10-03 02:38:27.917 [EVENT] sock=2164 hEvent=00000994 events=0x21
2026-10-03 02:38:37.988 [EVENT] sock=2164 hEvent=00000994 events=0x0
2026-10-03 02:38:37.989 [EVENT] sock=2164 hEvent=00000994 events=0x21
2026-10-03 02:38:48.057 [EVENT] sock=2164 hEvent=00000994 events=0x0
2026-10-03 02:38:48.058 [EVENT] sock=2164 hEvent=00000994 events=0x21
2026-10-03 02:38:53.796 [EVENT] sock=2676 hEvent=00000A50 events=0x0
2026-10-03 02:38:53.798 [EVENT] sock=2676 hEvent=00000A50 events=0x21
2026-10-03 02:38:58.130 [EVENT] sock=2164 hEvent=00000994 events=0x0
2026-10-03 02:38:58.130 [EVENT] sock=2164 hEvent=00000994 events=0x21
2026-10-03 02:39:08.196 [EVENT] sock=2164 hEvent=00000994 events=0x0
2026-10-03 02:39:08.196 [EVENT] sock=2164 hEvent=00000994 events=0x21
2026-10-03 02:39:18.261 [EVENT] sock=2164 hEvent=00000994 events=0x0
2026-10-03 02:39:18.262 [EVENT] sock=2164 hEvent=00000994 events=0x21
2026-10-03 02:39:23.798 [EVENT] sock=2676 hEvent=00000A50 events=0x0
2026-10-03 02:39:23.798 [EVENT] sock=2676 hEvent=00000A50 events=0x21
2026-10-03 02:39:28.330 [EVENT] sock=2164 hEvent=00000994 events=0x0
2026-10-03 02:39:28.330 [EVENT] sock=2164 hEvent=00000994 events=0x21
2026-10-03 02:39:38.401 [EVENT] sock=2164 hEvent=00000994 events=0x0
2026-10-03 02:39:38.401 [EVENT] sock=2164 hEvent=00000994 events=0x21
2026-10-03 02:39:48.464 [EVENT] sock=2164 hEvent=00000994 events=0x0
2026-10-03 02:39:48.465 [EVENT] sock=2164 hEvent=00000994 events=0x21
2026-10-03 02:39:53.799 [EVENT] sock=2676 hEvent=00000A50 events=0x0
2026-10-03 02:39:53.801 [EVENT] sock=2676 hEvent=00000A50 events=0x21
2026-10-03 02:39:58.542 [EVENT] sock=2164 hEvent=00000994 events=0x0
2026-10-03 02:39:58.543 [EVENT] sock=2164 hEvent=00000994 events=0x21
2026-10-03 02:40:08.614 [EVENT] sock=2164 hEvent=00000994 events=0x0
2026-10-03 02:40:08.615 [EVENT] sock=2164 hEvent=00000994 events=0x21
2026-10-03 02:40:18.681 [EVENT] sock=2164 hEvent=00000994 events=0x0
2026-10-03 02:40:18.681 [EVENT] sock=2164 hEvent=00000994 events=0x21
2026-10-03 02:40:23.801 [EVENT] sock=2676 hEvent=00000A50 events=0x0
2026-10-03 02:40:23.801 [EVENT] sock=2676 hEvent=00000A50 events=0x21
2026-10-03 02:40:28.766 [EVENT] sock=2164 hEvent=00000994 events=0x0
2026-10-03 02:40:28.766 [EVENT] sock=2164 hEvent=00000994 events=0x21
2026-10-03 02:40:38.837 [EVENT] sock=2164 hEvent=00000994 events=0x0
2026-10-03 02:40:38.837 [EVENT] sock=2164 hEvent=00000994 events=0x21
2026-10-03 02:40:48.901 [EVENT] sock=2164 hEvent=00000994 events=0x0
2026-10-03 02:40:48.903 [EVENT] sock=2164 hEvent=00000994 events=0x21
2026-10-03 02:40:53.803 [EVENT] sock=2676 hEvent=00000A50 events=0x0
2026-10-03 02:40:53.804 [EVENT] sock=2676 hEvent=00000A50 events=0x21
2026-10-03 02:40:58.978 [EVENT] sock=2164 hEvent=00000994 events=0x0
2026-10-03 02:40:58.979 [EVENT] sock=2164 hEvent=00000994 events=0x21
2026-10-03 02:41:09.042 [EVENT] sock=2164 hEvent=00000994 events=0x0
2026-10-03 02:41:09.043 [EVENT] sock=2164 hEvent=00000994 events=0x21
2026-10-03 02:41:19.111 [EVENT] sock=2164 hEvent=00000994 events=0x0
2026-10-03 02:41:19.113 [EVENT] sock=2164 hEvent=00000994 events=0x21
2026-10-03 02:41:23.805 [EVENT] sock=2676 hEvent=00000A50 events=0x0
2026-10-03 02:41:23.809 [EVENT] sock=2676 hEvent=00000A50 events=0x21
2026-10-03 02:41:29.180 [EVENT] sock=2164 hEvent=00000994 events=0x0
2026-10-03 02:41:29.180 [EVENT] sock=2164 hEvent=00000994 events=0x21
2026-10-03 02:41:39.255 [EVENT] sock=2164 hEvent=00000994 events=0x0
2026-10-03 02:41:39.255 [EVENT] sock=2164 hEvent=00000994 events=0x21
2026-10-03 02:41:49.318 [EVENT] sock=2164 hEvent=00000994 events=0x0
2026-10-03 02:41:49.320 [EVENT] sock=2164 hEvent=00000994 events=0x21
2026-10-03 02:41:53.811 [EVENT] sock=2676 hEvent=00000A50 events=0x0
2026-10-03 02:41:53.811 [EVENT] sock=2676 hEvent=00000A50 events=0x21
2026-10-03 02:41:59.382 [EVENT] sock=2164 hEvent=00000994 events=0x0
2026-10-03 02:41:59.383 [EVENT] sock=2164 hEvent=00000994 events=0x21
2026-10-03 02:42:09.448 [EVENT] sock=2164 hEvent=00000994 events=0x0
2026-10-03 02:42:09.448 [EVENT] sock=2164 hEvent=00000994 events=0x21
2026-10-03 02:42:19.527 [EVENT] sock=2164 hEvent=00000994 events=0x0
2026-10-03 02:42:19.528 [EVENT] sock=2164 hEvent=00000994 events=0x21
2026-10-03 02:42:23.811 [EVENT] sock=2676 hEvent=00000A50 events=0x0
2026-10-03 02:42:23.814 [EVENT] sock=2676 hEvent=00000A50 events=0x21
2026-10-03 02:42:29.593 [EVENT] sock=2164 hEvent=00000994 events=0x0
2026-10-03 02:42:29.593 [EVENT] sock=2164 hEvent=00000994 events=0x21
2026-10-03 02:42:39.659 [EVENT] sock=2164 hEvent=00000994 events=0x0
2026-10-03 02:42:39.660 [EVENT] sock=2164 hEvent=00000994 events=0x21
2026-10-03 02:42:49.737 [EVENT] sock=2164 hEvent=00000994 events=0x0
2026-10-03 02:42:49.737 [EVENT] sock=2164 hEvent=00000994 events=0x21
2026-10-03 02:42:53.816 [EVENT] sock=2676 hEvent=00000A50 events=0x0
2026-10-03 02:42:53.817 [EVENT] sock=2676 hEvent=00000A50 events=0x21
2026-10-03 02:42:59.813 [EVENT] sock=2164 hEvent=00000994 events=0x0
2026-10-03 02:42:59.814 [EVENT] sock=2164 hEvent=00000994 events=0x21
2026-10-03 02:43:09.887 [EVENT] sock=2164 hEvent=00000994 events=0x0
2026-10-03 02:43:09.889 [EVENT] sock=2164 hEvent=00000994 events=0x21
2026-10-03 02:43:19.961 [EVENT] sock=2164 hEvent=00000994 events=0x0
2026-10-03 02:43:19.961 [EVENT] sock=2164 hEvent=00000994 events=0x21
2026-10-03 02:43:23.817 [EVENT] sock=2676 hEvent=00000A50 events=0x0
2026-10-03 02:43:23.824 [EVENT] sock=2676 hEvent=00000A50 events=0x21
2026-10-03 02:43:30.036 [EVENT] sock=2164 hEvent=00000994 events=0x0
2026-10-03 02:43:30.037 [EVENT] sock=2164 hEvent=00000994 events=0x21
2026-10-03 02:43:40.102 [EVENT] sock=2164 hEvent=00000994 events=0x0
2026-10-03 02:43:40.103 [EVENT] sock=2164 hEvent=00000994 events=0x21
2026-10-03 02:43:50.171 [EVENT] sock=2164 hEvent=00000994 events=0x0
2026-10-03 02:43:50.171 [EVENT] sock=2164 hEvent=00000994 events=0x21
2026-10-03 02:43:53.830 [EVENT] sock=2676 hEvent=00000A50 events=0x0
2026-10-03 02:43:53.831 [EVENT] sock=2676 hEvent=00000A50 events=0x21
2026-10-03 02:44:00.250 [EVENT] sock=2164 hEvent=00000994 events=0x0
2026-10-03 02:44:00.251 [EVENT] sock=2164 hEvent=00000994 events=0x21
2026-10-03 02:44:10.325 [EVENT] sock=2164 hEvent=00000994 events=0x0
2026-10-03 02:44:10.325 [EVENT] sock=2164 hEvent=00000994 events=0x21
2026-10-03 02:44:20.401 [EVENT] sock=2164 hEvent=00000994 events=0x0
2026-10-03 02:44:20.402 [EVENT] sock=2164 hEvent=00000994 events=0x21
2026-10-03 02:44:23.832 [EVENT] sock=2676 hEvent=00000A50 events=0x0
2026-10-03 02:44:23.837 [EVENT] sock=2676 hEvent=00000A50 events=0x21
2026-10-03 02:44:30.473 [EVENT] sock=2164 hEvent=00000994 events=0x0
2026-10-03 02:44:30.475 [EVENT] sock=2164 hEvent=00000994 events=0x21
2026-10-03 02:44:40.552 [EVENT] sock=2164 hEvent=00000994 events=0x0
2026-10-03 02:44:40.552 [EVENT] sock=2164 hEvent=00000994 events=0x21
2026-10-03 02:44:50.623 [EVENT] sock=2164 hEvent=00000994 events=0x0
2026-10-03 02:44:50.624 [EVENT] sock=2164 hEvent=00000994 events=0x21
2026-10-03 02:44:53.838 [EVENT] sock=2676 hEvent=00000A50 events=0x0
2026-10-03 02:44:53.839 [EVENT] sock=2676 hEvent=00000A50 events=0x21
2026-10-03 02:45:00.689 [EVENT] sock=2164 hEvent=00000994 events=0x0
2026-10-03 02:45:00.690 [EVENT] sock=2164 hEvent=00000994 events=0x21
2026-10-03 02:45:10.756 [EVENT] sock=2164 hEvent=00000994 events=0x0
2026-10-03 02:45:10.758 [EVENT] sock=2164 hEvent=00000994 events=0x21
2026-10-03 02:45:20.824 [EVENT] sock=2164 hEvent=00000994 events=0x0
2026-10-03 02:45:20.824 [EVENT] sock=2164 hEvent=00000994 events=0x21
2026-10-03 02:45:23.840 [EVENT] sock=2676 hEvent=00000A50 events=0x0
2026-10-03 02:45:23.847 [EVENT] sock=2676 hEvent=00000A50 events=0x21
2026-10-03 02:45:30.899 [EVENT] sock=2164 hEvent=00000994 events=0x0
2026-10-03 02:45:30.899 [EVENT] sock=2164 hEvent=00000994 events=0x21
2026-10-03 02:45:40.966 [EVENT] sock=2164 hEvent=00000994 events=0x0
2026-10-03 02:45:40.967 [EVENT] sock=2164 hEvent=00000994 events=0x21
2026-10-03 02:45:51.049 [EVENT] sock=2164 hEvent=00000994 events=0x0
2026-10-03 02:45:51.050 [EVENT] sock=2164 hEvent=00000994 events=0x21
2026-10-03 02:45:53.848 [EVENT] sock=2676 hEvent=00000A50 events=0x0
2026-10-03 02:45:53.848 [EVENT] sock=2676 hEvent=00000A50 events=0x21
2026-10-03 02:46:01.115 [EVENT] sock=2164 hEvent=00000994 events=0x0
2026-10-03 02:46:01.115 [EVENT] sock=2164 hEvent=00000994 events=0x21
2026-10-03 02:46:11.184 [EVENT] sock=2164 hEvent=00000994 events=0x0
2026-10-03 02:46:11.185 [EVENT] sock=2164 hEvent=00000994 events=0x21
2026-10-03 02:46:21.257 [EVENT] sock=2164 hEvent=00000994 events=0x0
2026-10-03 02:46:21.258 [EVENT] sock=2164 hEvent=00000994 events=0x21
2026-10-03 02:46:23.849 [EVENT] sock=2676 hEvent=00000A50 events=0x0
2026-10-03 02:46:23.853 [EVENT] sock=2676 hEvent=00000A50 events=0x21
2026-10-03 02:46:31.327 [EVENT] sock=2164 hEvent=00000994 events=0x0
2026-10-03 02:46:31.327 [EVENT] sock=2164 hEvent=00000994 events=0x21
2026-10-03 02:46:41.395 [EVENT] sock=2164 hEvent=00000994 events=0x0
2026-10-03 02:46:41.397 [EVENT] sock=2164 hEvent=00000994 events=0x21
2026-10-03 02:46:51.464 [EVENT] sock=2164 hEvent=00000994 events=0x0
2026-10-03 02:46:51.465 [EVENT] sock=2164 hEvent=00000994 events=0x21
2026-10-03 02:46:53.854 [EVENT] sock=2676 hEvent=00000A50 events=0x0
2026-10-03 02:46:53.855 [EVENT] sock=2676 hEvent=00000A50 events=0x21
2026-10-03 02:47:01.539 [EVENT] sock=2164 hEvent=00000994 events=0x0
2026-10-03 02:47:01.541 [EVENT] sock=2164 hEvent=00000994 events=0x21
2026-10-03 02:47:11.607 [EVENT] sock=2164 hEvent=00000994 events=0x0
2026-10-03 02:47:11.608 [EVENT] sock=2164 hEvent=00000994 events=0x21
2026-10-03 02:47:21.673 [EVENT] sock=2164 hEvent=00000994 events=0x0
2026-10-03 02:47:21.674 [EVENT] sock=2164 hEvent=00000994 events=0x21
2026-10-03 02:47:23.855 [EVENT] sock=2676 hEvent=00000A50 events=0x0
2026-10-03 02:47:23.859 [EVENT] sock=2676 hEvent=00000A50 events=0x21
2026-10-03 02:47:31.739 [EVENT] sock=2164 hEvent=00000994 events=0x0
2026-10-03 02:47:31.741 [EVENT] sock=2164 hEvent=00000994 events=0x21
2026-10-03 02:47:41.816 [EVENT] sock=2164 hEvent=00000994 events=0x0
2026-10-03 02:47:41.817 [EVENT] sock=2164 hEvent=00000994 events=0x21
2026-10-03 02:47:51.886 [EVENT] sock=2164 hEvent=00000994 events=0x0
2026-10-03 02:47:51.886 [EVENT] sock=2164 hEvent=00000994 events=0x21
2026-10-03 02:47:53.861 [EVENT] sock=2676 hEvent=00000A50 events=0x0
2026-10-03 02:47:53.861 [EVENT] sock=2676 hEvent=00000A50 events=0x21
2026-10-03 02:48:01.962 [EVENT] sock=2164 hEvent=00000994 events=0x0
2026-10-03 02:48:01.962 [EVENT] sock=2164 hEvent=00000994 events=0x21
2026-10-03 02:48:12.032 [EVENT] sock=2164 hEvent=00000994 events=0x0
2026-10-03 02:48:12.032 [EVENT] sock=2164 hEvent=00000994 events=0x21
2026-10-03 02:48:22.101 [EVENT] sock=2164 hEvent=00000994 events=0x0
2026-10-03 02:48:22.102 [EVENT] sock=2164 hEvent=00000994 events=0x21
2026-10-03 02:48:23.863 [EVENT] sock=2676 hEvent=00000A50 events=0x0
2026-10-03 02:48:23.868 [EVENT] sock=2676 hEvent=00000A50 events=0x21
2026-10-03 02:48:32.172 [EVENT] sock=2164 hEvent=00000994 events=0x0
2026-10-03 02:48:32.172 [EVENT] sock=2164 hEvent=00000994 events=0x21
2026-10-03 02:48:42.236 [EVENT] sock=2164 hEvent=00000994 events=0x0
2026-10-03 02:48:42.237 [EVENT] sock=2164 hEvent=00000994 events=0x21
2026-10-03 02:48:52.314 [EVENT] sock=2164 hEvent=00000994 events=0x0
2026-10-03 02:48:52.316 [EVENT] sock=2164 hEvent=00000994 events=0x21
2026-10-03 02:48:53.869 [EVENT] sock=2676 hEvent=00000A50 events=0x0
2026-10-03 02:48:53.870 [EVENT] sock=2676 hEvent=00000A50 events=0x21
2026-10-03 02:49:02.383 [EVENT] sock=2164 hEvent=00000994 events=0x0
2026-10-03 02:49:02.385 [EVENT] sock=2164 hEvent=00000994 events=0x21
2026-10-03 02:49:12.456 [EVENT] sock=2164 hEvent=00000994 events=0x0
2026-10-03 02:49:12.457 [EVENT] sock=2164 hEvent=00000994 events=0x21
2026-10-03 02:49:22.527 [EVENT] sock=2164 hEvent=00000994 events=0x0
2026-10-03 02:49:22.527 [EVENT] sock=2164 hEvent=00000994 events=0x21
2026-10-03 02:49:23.871 [EVENT] sock=2676 hEvent=00000A50 events=0x0
2026-10-03 02:49:23.876 [EVENT] sock=2676 hEvent=00000A50 events=0x21
2026-10-03 02:49:32.603 [EVENT] sock=2164 hEvent=00000994 events=0x0
2026-10-03 02:49:32.605 [EVENT] sock=2164 hEvent=00000994 events=0x21
2026-10-03 02:49:42.668 [EVENT] sock=2164 hEvent=00000994 events=0x0
2026-10-03 02:49:42.668 [EVENT] sock=2164 hEvent=00000994 events=0x21
2026-10-03 02:49:52.736 [EVENT] sock=2164 hEvent=00000994 events=0x0
2026-10-03 02:49:52.736 [EVENT] sock=2164 hEvent=00000994 events=0x21
2026-10-03 02:49:53.879 [EVENT] sock=2676 hEvent=00000A50 events=0x0
2026-10-03 02:49:53.880 [EVENT] sock=2676 hEvent=00000A50 events=0x21
2026-10-03 02:50:02.812 [EVENT] sock=2164 hEvent=00000994 events=0x0
2026-10-03 02:50:02.812 [EVENT] sock=2164 hEvent=00000994 events=0x21
2026-10-03 02:50:12.890 [EVENT] sock=2164 hEvent=00000994 events=0x0
2026-10-03 02:50:12.891 [EVENT] sock=2164 hEvent=00000994 events=0x21
2026-10-03 02:50:22.957 [EVENT] sock=2164 hEvent=00000994 events=0x0
2026-10-03 02:50:22.957 [EVENT] sock=2164 hEvent=00000994 events=0x21
2026-10-03 02:50:23.883 [EVENT] sock=2676 hEvent=00000A50 events=0x0
2026-10-03 02:50:23.888 [EVENT] sock=2676 hEvent=00000A50 events=0x21
2026-10-03 02:50:33.025 [EVENT] sock=2164 hEvent=00000994 events=0x0
2026-10-03 02:50:33.027 [EVENT] sock=2164 hEvent=00000994 events=0x21
2026-10-03 02:50:43.092 [EVENT] sock=2164 hEvent=00000994 events=0x0
2026-10-03 02:50:43.093 [EVENT] sock=2164 hEvent=00000994 events=0x21
2026-10-03 02:50:53.162 [EVENT] sock=2164 hEvent=00000994 events=0x0
2026-10-03 02:50:53.162 [EVENT] sock=2164 hEvent=00000994 events=0x21
2026-10-03 02:50:53.888 [EVENT] sock=2676 hEvent=00000A50 events=0x0
2026-10-03 02:50:53.888 [EVENT] sock=2676 hEvent=00000A50 events=0x21
2026-10-03 02:51:03.232 [EVENT] sock=2164 hEvent=00000994 events=0x0
2026-10-03 02:51:03.232 [EVENT] sock=2164 hEvent=00000994 events=0x21
2026-10-03 02:51:13.306 [EVENT] sock=2164 hEvent=00000994 events=0x0
2026-10-03 02:51:13.307 [EVENT] sock=2164 hEvent=00000994 events=0x21
2026-10-03 02:51:23.377 [EVENT] sock=2164 hEvent=00000994 events=0x0
2026-10-03 02:51:23.378 [EVENT] sock=2164 hEvent=00000994 events=0x21
2026-10-03 02:51:23.888 [EVENT] sock=2676 hEvent=00000A50 events=0x0
2026-10-03 02:51:23.893 [EVENT] sock=2676 hEvent=00000A50 events=0x21
2026-10-03 02:51:33.455 [EVENT] sock=2164 hEvent=00000994 events=0x0
2026-10-03 02:51:33.455 [EVENT] sock=2164 hEvent=00000994 events=0x21
2026-10-03 02:51:43.529 [EVENT] sock=2164 hEvent=00000994 events=0x0
2026-10-03 02:51:43.530 [EVENT] sock=2164 hEvent=00000994 events=0x21
2026-10-03 02:51:53.596 [EVENT] sock=2164 hEvent=00000994 events=0x0
2026-10-03 02:51:53.596 [EVENT] sock=2164 hEvent=00000994 events=0x21
2026-10-03 02:51:53.894 [EVENT] sock=2676 hEvent=00000A50 events=0x0
2026-10-03 02:51:53.894 [EVENT] sock=2676 hEvent=00000A50 events=0x21
2026-10-03 02:52:03.661 [EVENT] sock=2164 hEvent=00000994 events=0x0
2026-10-03 02:52:03.661 [EVENT] sock=2164 hEvent=00000994 events=0x21
2026-10-03 02:52:13.725 [EVENT] sock=2164 hEvent=00000994 events=0x0
2026-10-03 02:52:13.726 [EVENT] sock=2164 hEvent=00000994 events=0x21
2026-10-03 02:52:23.791 [EVENT] sock=2164 hEvent=00000994 events=0x0
2026-10-03 02:52:23.792 [EVENT] sock=2164 hEvent=00000994 events=0x21
2026-10-03 02:52:23.896 [EVENT] sock=2676 hEvent=00000A50 events=0x0
2026-10-03 02:52:23.899 [EVENT] sock=2676 hEvent=00000A50 events=0x21
2026-10-03 02:52:33.863 [EVENT] sock=2164 hEvent=00000994 events=0x0
2026-10-03 02:52:33.863 [EVENT] sock=2164 hEvent=00000994 events=0x21
2026-10-03 02:52:43.935 [EVENT] sock=2164 hEvent=00000994 events=0x0
2026-10-03 02:52:43.936 [EVENT] sock=2164 hEvent=00000994 events=0x21
2026-10-03 02:52:53.900 [EVENT] sock=2676 hEvent=00000A50 events=0x0
2026-10-03 02:52:53.900 [EVENT] sock=2676 hEvent=00000A50 events=0x21
2026-10-03 02:52:54.000 [EVENT] sock=2164 hEvent=00000994 events=0x0
2026-10-03 02:52:54.001 [EVENT] sock=2164 hEvent=00000994 events=0x21
2026-10-03 02:53:04.076 [EVENT] sock=2164 hEvent=00000994 events=0x0
2026-10-03 02:53:04.076 [EVENT] sock=2164 hEvent=00000994 events=0x21
2026-10-03 02:53:14.149 [EVENT] sock=2164 hEvent=00000994 events=0x0
2026-10-03 02:53:14.151 [EVENT] sock=2164 hEvent=00000994 events=0x21
2026-10-03 02:53:23.902 [EVENT] sock=2676 hEvent=00000A50 events=0x0
2026-10-03 02:53:23.908 [EVENT] sock=2676 hEvent=00000A50 events=0x21
2026-10-03 02:53:24.222 [EVENT] sock=2164 hEvent=00000994 events=0x0
2026-10-03 02:53:24.223 [EVENT] sock=2164 hEvent=00000994 events=0x21
2026-10-03 02:53:34.298 [EVENT] sock=2164 hEvent=00000994 events=0x0
2026-10-03 02:53:34.299 [EVENT] sock=2164 hEvent=00000994 events=0x21
2026-10-03 02:53:44.369 [EVENT] sock=2164 hEvent=00000994 events=0x0
2026-10-03 02:53:44.373 [EVENT] sock=2164 hEvent=00000994 events=0x21
2026-10-03 02:53:53.913 [EVENT] sock=2676 hEvent=00000A50 events=0x0
2026-10-03 02:53:53.913 [EVENT] sock=2676 hEvent=00000A50 events=0x21
2026-10-03 02:53:54.443 [EVENT] sock=2164 hEvent=00000994 events=0x0
2026-10-03 02:53:54.445 [EVENT] sock=2164 hEvent=00000994 events=0x21
2026-10-03 02:54:04.513 [EVENT] sock=2164 hEvent=00000994 events=0x0
2026-10-03 02:54:04.514 [EVENT] sock=2164 hEvent=00000994 events=0x21
2026-10-03 02:54:14.576 [EVENT] sock=2164 hEvent=00000994 events=0x0
2026-10-03 02:54:14.577 [EVENT] sock=2164 hEvent=00000994 events=0x21
2026-10-03 02:54:23.914 [EVENT] sock=2676 hEvent=00000A50 events=0x0
2026-10-03 02:54:23.919 [EVENT] sock=2676 hEvent=00000A50 events=0x21
2026-10-03 02:54:24.650 [EVENT] sock=2164 hEvent=00000994 events=0x0
2026-10-03 02:54:24.650 [EVENT] sock=2164 hEvent=00000994 events=0x21
2026-10-03 02:54:34.730 [EVENT] sock=2164 hEvent=00000994 events=0x0
2026-10-03 02:54:34.730 [EVENT] sock=2164 hEvent=00000994 events=0x21
2026-10-03 02:54:44.784 [EVENT] sock=2164 hEvent=00000994 events=0x0
2026-10-03 02:54:44.785 [EVENT] sock=2164 hEvent=00000994 events=0x21
2026-10-03 02:54:53.920 [EVENT] sock=2676 hEvent=00000A50 events=0x0
2026-10-03 02:54:53.920 [EVENT] sock=2676 hEvent=00000A50 events=0x21
2026-10-03 02:54:54.863 [EVENT] sock=2164 hEvent=00000994 events=0x0
2026-10-03 02:54:54.864 [EVENT] sock=2164 hEvent=00000994 events=0x21
2026-10-03 02:55:04.933 [EVENT] sock=2164 hEvent=00000994 events=0x0
2026-10-03 02:55:04.934 [EVENT] sock=2164 hEvent=00000994 events=0x21
2026-10-03 02:55:15.004 [EVENT] sock=2164 hEvent=00000994 events=0x0
2026-10-03 02:55:15.004 [EVENT] sock=2164 hEvent=00000994 events=0x21
2026-10-03 02:55:23.921 [EVENT] sock=2676 hEvent=00000A50 events=0x0
2026-10-03 02:55:23.925 [EVENT] sock=2676 hEvent=00000A50 events=0x21
2026-10-03 02:55:25.087 [EVENT] sock=2164 hEvent=00000994 events=0x0
2026-10-03 02:55:25.087 [EVENT] sock=2164 hEvent=00000994 events=0x21
2026-10-03 02:55:35.156 [EVENT] sock=2164 hEvent=00000994 events=0x0
2026-10-03 02:55:35.156 [EVENT] sock=2164 hEvent=00000994 events=0x21
2026-10-03 02:55:45.222 [EVENT] sock=2164 hEvent=00000994 events=0x0
2026-10-03 02:55:45.223 [EVENT] sock=2164 hEvent=00000994 events=0x21
2026-10-03 02:55:53.925 [EVENT] sock=2676 hEvent=00000A50 events=0x0
2026-10-03 02:55:53.925 [EVENT] sock=2676 hEvent=00000A50 events=0x21
2026-10-03 02:55:55.304 [EVENT] sock=2164 hEvent=00000994 events=0x0
2026-10-03 02:55:55.304 [EVENT] sock=2164 hEvent=00000994 events=0x21
2026-10-03 02:56:05.370 [EVENT] sock=2164 hEvent=00000994 events=0x0
2026-10-03 02:56:05.374 [EVENT] sock=2164 hEvent=00000994 events=0x21
2026-10-03 02:56:15.438 [EVENT] sock=2164 hEvent=00000994 events=0x0
2026-10-03 02:56:15.441 [EVENT] sock=2164 hEvent=00000994 events=0x21
2026-10-03 02:56:23.927 [EVENT] sock=2676 hEvent=00000A50 events=0x0
2026-10-03 02:56:23.931 [EVENT] sock=2676 hEvent=00000A50 events=0x21
2026-10-03 02:56:25.503 [EVENT] sock=2164 hEvent=00000994 events=0x0
2026-10-03 02:56:25.505 [EVENT] sock=2164 hEvent=00000994 events=0x21
2026-10-03 02:56:35.568 [EVENT] sock=2164 hEvent=00000994 events=0x0
2026-10-03 02:56:35.570 [EVENT] sock=2164 hEvent=00000994 events=0x21
2026-10-03 02:56:45.636 [EVENT] sock=2164 hEvent=00000994 events=0x0
2026-10-03 02:56:45.637 [EVENT] sock=2164 hEvent=00000994 events=0x21
2026-10-03 02:56:53.931 [EVENT] sock=2676 hEvent=00000A50 events=0x0
2026-10-03 02:56:53.931 [EVENT] sock=2676 hEvent=00000A50 events=0x21
2026-10-03 02:56:55.704 [EVENT] sock=2164 hEvent=00000994 events=0x0
2026-10-03 02:56:55.711 [EVENT] sock=2164 hEvent=00000994 events=0x21
2026-10-03 02:57:05.774 [EVENT] sock=2164 hEvent=00000994 events=0x0
2026-10-03 02:57:05.775 [EVENT] sock=2164 hEvent=00000994 events=0x21
2026-10-03 02:57:15.837 [EVENT] sock=2164 hEvent=00000994 events=0x0
2026-10-03 02:57:15.840 [EVENT] sock=2164 hEvent=00000994 events=0x21
2026-10-03 02:57:23.931 [EVENT] sock=2676 hEvent=00000A50 events=0x0
2026-10-03 02:57:23.936 [EVENT] sock=2676 hEvent=00000A50 events=0x21
2026-10-03 02:57:25.904 [EVENT] sock=2164 hEvent=00000994 events=0x0
2026-10-03 02:57:25.904 [EVENT] sock=2164 hEvent=00000994 events=0x21
2026-10-03 02:57:35.971 [EVENT] sock=2164 hEvent=00000994 events=0x0
2026-10-03 02:57:35.977 [EVENT] sock=2164 hEvent=00000994 events=0x21
2026-10-03 02:57:46.036 [EVENT] sock=2164 hEvent=00000994 events=0x0
2026-10-03 02:57:46.037 [EVENT] sock=2164 hEvent=00000994 events=0x21
2026-10-03 02:57:53.946 [EVENT] sock=2676 hEvent=00000A50 events=0x0
2026-10-03 02:57:53.946 [EVENT] sock=2676 hEvent=00000A50 events=0x21
2026-10-03 02:57:56.110 [EVENT] sock=2164 hEvent=00000994 events=0x0
2026-10-03 02:57:56.111 [EVENT] sock=2164 hEvent=00000994 events=0x21
2026-10-03 02:58:06.169 [EVENT] sock=2164 hEvent=00000994 events=0x0
2026-10-03 02:58:06.173 [EVENT] sock=2164 hEvent=00000994 events=0x21
2026-10-03 02:58:16.241 [EVENT] sock=2164 hEvent=00000994 events=0x0
2026-10-03 02:58:16.243 [EVENT] sock=2164 hEvent=00000994 events=0x21
2026-10-03 02:58:23.946 [EVENT] sock=2676 hEvent=00000A50 events=0x0
2026-10-03 02:58:23.951 [EVENT] sock=2676 hEvent=00000A50 events=0x21
2026-10-03 02:58:26.304 [EVENT] sock=2164 hEvent=00000994 events=0x0
2026-10-03 02:58:26.308 [EVENT] sock=2164 hEvent=00000994 events=0x21
2026-10-03 02:58:36.369 [EVENT] sock=2164 hEvent=00000994 events=0x0
2026-10-03 02:58:36.374 [EVENT] sock=2164 hEvent=00000994 events=0x21
2026-10-03 02:58:46.442 [EVENT] sock=2164 hEvent=00000994 events=0x0
2026-10-03 02:58:46.443 [EVENT] sock=2164 hEvent=00000994 events=0x21
2026-10-03 02:58:53.952 [EVENT] sock=2676 hEvent=00000A50 events=0x0
2026-10-03 02:58:53.953 [EVENT] sock=2676 hEvent=00000A50 events=0x21
2026-10-03 02:58:56.503 [EVENT] sock=2164 hEvent=00000994 events=0x0
2026-10-03 02:58:56.503 [EVENT] sock=2164 hEvent=00000994 events=0x21
2026-10-03 02:59:06.575 [EVENT] sock=2164 hEvent=00000994 events=0x0
2026-10-03 02:59:06.575 [EVENT] sock=2164 hEvent=00000994 events=0x21
2026-10-03 02:59:16.642 [EVENT] sock=2164 hEvent=00000994 events=0x0
2026-10-03 02:59:16.643 [EVENT] sock=2164 hEvent=00000994 events=0x21
2026-10-03 02:59:23.956 [EVENT] sock=2676 hEvent=00000A50 events=0x0
2026-10-03 02:59:23.963 [EVENT] sock=2676 hEvent=00000A50 events=0x21
2026-10-03 02:59:26.703 [EVENT] sock=2164 hEvent=00000994 events=0x0
2026-10-03 02:59:26.708 [EVENT] sock=2164 hEvent=00000994 events=0x21
2026-10-03 02:59:36.792 [EVENT] sock=2164 hEvent=00000994 events=0x0
2026-10-03 02:59:36.794 [EVENT] sock=2164 hEvent=00000994 events=0x21
2026-10-03 02:59:46.874 [EVENT] sock=2164 hEvent=00000994 events=0x0
2026-10-03 02:59:46.874 [EVENT] sock=2164 hEvent=00000994 events=0x21
2026-10-03 02:59:53.964 [EVENT] sock=2676 hEvent=00000A50 events=0x0
2026-10-03 02:59:53.964 [EVENT] sock=2676 hEvent=00000A50 events=0x21
2026-10-03 02:59:56.940 [EVENT] sock=2164 hEvent=00000994 events=0x0
2026-10-03 02:59:56.940 [EVENT] sock=2164 hEvent=00000994 events=0x21
2026-10-03 03:00:07.003 [EVENT] sock=2164 hEvent=00000994 events=0x0
2026-10-03 03:00:07.009 [EVENT] sock=2164 hEvent=00000994 events=0x21
2026-10-03 03:00:17.069 [EVENT] sock=2164 hEvent=00000994 events=0x0
2026-10-03 03:00:17.073 [EVENT] sock=2164 hEvent=00000994 events=0x21
2026-10-03 03:00:23.964 [EVENT] sock=2676 hEvent=00000A50 events=0x0
2026-10-03 03:00:23.974 [EVENT] sock=2676 hEvent=00000A50 events=0x21
2026-10-03 03:00:27.136 [EVENT] sock=2164 hEvent=00000994 events=0x0
2026-10-03 03:00:27.141 [EVENT] sock=2164 hEvent=00000994 events=0x21
2026-10-03 03:00:37.204 [EVENT] sock=2164 hEvent=00000994 events=0x0
2026-10-03 03:00:37.210 [EVENT] sock=2164 hEvent=00000994 events=0x21
2026-10-03 03:00:47.274 [EVENT] sock=2164 hEvent=00000994 events=0x0
2026-10-03 03:00:47.276 [EVENT] sock=2164 hEvent=00000994 events=0x21
2026-10-03 03:00:53.974 [EVENT] sock=2676 hEvent=00000A50 events=0x0
2026-10-03 03:00:53.976 [EVENT] sock=2676 hEvent=00000A50 events=0x21
2026-10-03 03:00:57.338 [EVENT] sock=2164 hEvent=00000994 events=0x0
2026-10-03 03:00:57.341 [EVENT] sock=2164 hEvent=00000994 events=0x21
2026-10-03 03:01:07.410 [EVENT] sock=2164 hEvent=00000994 events=0x0
2026-10-03 03:01:07.411 [EVENT] sock=2164 hEvent=00000994 events=0x21
2026-10-03 03:01:17.472 [EVENT] sock=2164 hEvent=00000994 events=0x0
2026-10-03 03:01:17.473 [EVENT] sock=2164 hEvent=00000994 events=0x21
2026-10-03 03:01:23.977 [EVENT] sock=2676 hEvent=00000A50 events=0x0
2026-10-03 03:01:23.983 [EVENT] sock=2676 hEvent=00000A50 events=0x21
2026-10-03 03:01:27.538 [EVENT] sock=2164 hEvent=00000994 events=0x0
2026-10-03 03:01:27.542 [EVENT] sock=2164 hEvent=00000994 events=0x21
2026-10-03 03:01:37.604 [EVENT] sock=2164 hEvent=00000994 events=0x0
2026-10-03 03:01:37.609 [EVENT] sock=2164 hEvent=00000994 events=0x21
2026-10-03 03:01:47.673 [EVENT] sock=2164 hEvent=00000994 events=0x0
2026-10-03 03:01:47.674 [EVENT] sock=2164 hEvent=00000994 events=0x21
2026-10-03 03:01:53.984 [EVENT] sock=2676 hEvent=00000A50 events=0x0
2026-10-03 03:01:53.984 [EVENT] sock=2676 hEvent=00000A50 events=0x21
2026-10-03 03:01:57.742 [EVENT] sock=2164 hEvent=00000994 events=0x0
2026-10-03 03:01:57.742 [EVENT] sock=2164 hEvent=00000994 events=0x21
2026-10-03 03:02:07.810 [EVENT] sock=2164 hEvent=00000994 events=0x0
2026-10-03 03:02:07.811 [EVENT] sock=2164 hEvent=00000994 events=0x21
2026-10-03 03:02:17.870 [EVENT] sock=2164 hEvent=00000994 events=0x0
2026-10-03 03:02:17.875 [EVENT] sock=2164 hEvent=00000994 events=0x21
2026-10-03 03:02:23.987 [EVENT] sock=2676 hEvent=00000A50 events=0x0
2026-10-03 03:02:23.998 [EVENT] sock=2676 hEvent=00000A50 events=0x21
2026-10-03 03:02:27.937 [EVENT] sock=2164 hEvent=00000994 events=0x0
2026-10-03 03:02:27.941 [EVENT] sock=2164 hEvent=00000994 events=0x21
2026-10-03 03:02:38.003 [EVENT] sock=2164 hEvent=00000994 events=0x0
2026-10-03 03:02:38.005 [EVENT] sock=2164 hEvent=00000994 events=0x21
2026-10-03 03:02:48.069 [EVENT] sock=2164 hEvent=00000994 events=0x0
2026-10-03 03:02:48.070 [EVENT] sock=2164 hEvent=00000994 events=0x21
2026-10-03 03:02:53.998 [EVENT] sock=2676 hEvent=00000A50 events=0x0
2026-10-03 03:02:53.998 [EVENT] sock=2676 hEvent=00000A50 events=0x21
2026-10-03 03:02:58.143 [EVENT] sock=2164 hEvent=00000994 events=0x0
2026-10-03 03:02:58.143 [EVENT] sock=2164 hEvent=00000994 events=0x21
2026-10-03 03:03:08.202 [EVENT] sock=2164 hEvent=00000994 events=0x0
2026-10-03 03:03:08.207 [EVENT] sock=2164 hEvent=00000994 events=0x21
2026-10-03 03:03:18.269 [EVENT] sock=2164 hEvent=00000994 events=0x0
2026-10-03 03:03:18.274 [EVENT] sock=2164 hEvent=00000994 events=0x21
2026-10-03 03:03:23.999 [EVENT] sock=2676 hEvent=00000A50 events=0x0
2026-10-03 03:03:24.013 [EVENT] sock=2676 hEvent=00000A50 events=0x21
2026-10-03 03:03:28.340 [EVENT] sock=2164 hEvent=00000994 events=0x0
2026-10-03 03:03:28.341 [EVENT] sock=2164 hEvent=00000994 events=0x21
2026-10-03 03:03:38.409 [EVENT] sock=2164 hEvent=00000994 events=0x0
2026-10-03 03:03:38.409 [EVENT] sock=2164 hEvent=00000994 events=0x21
2026-10-03 03:03:48.469 [EVENT] sock=2164 hEvent=00000994 events=0x0
2026-10-03 03:03:48.469 [EVENT] sock=2164 hEvent=00000994 events=0x21
2026-10-03 03:03:54.014 [EVENT] sock=2676 hEvent=00000A50 events=0x0
2026-10-03 03:03:54.014 [EVENT] sock=2676 hEvent=00000A50 events=0x21
2026-10-03 03:03:58.540 [EVENT] sock=2164 hEvent=00000994 events=0x0
2026-10-03 03:03:58.542 [EVENT] sock=2164 hEvent=00000994 events=0x21
2026-10-03 03:04:08.604 [EVENT] sock=2164 hEvent=00000994 events=0x0
2026-10-03 03:04:08.608 [EVENT] sock=2164 hEvent=00000994 events=0x21
2026-10-03 03:04:18.670 [EVENT] sock=2164 hEvent=00000994 events=0x0
2026-10-03 03:04:18.675 [EVENT] sock=2164 hEvent=00000994 events=0x21
2026-10-03 03:04:24.015 [EVENT] sock=2676 hEvent=00000A50 events=0x0
2026-10-03 03:04:24.029 [EVENT] sock=2676 hEvent=00000A50 events=0x21
2026-10-03 03:04:28.736 [EVENT] sock=2164 hEvent=00000994 events=0x0
2026-10-03 03:04:28.742 [EVENT] sock=2164 hEvent=00000994 events=0x21
2026-10-03 03:04:38.804 [EVENT] sock=2164 hEvent=00000994 events=0x0
2026-10-03 03:04:38.805 [EVENT] sock=2164 hEvent=00000994 events=0x21
2026-10-03 03:04:48.873 [EVENT] sock=2164 hEvent=00000994 events=0x0
2026-10-03 03:04:48.876 [EVENT] sock=2164 hEvent=00000994 events=0x21
2026-10-03 03:04:54.029 [EVENT] sock=2676 hEvent=00000A50 events=0x0
2026-10-03 03:04:54.029 [EVENT] sock=2676 hEvent=00000A50 events=0x21
2026-10-03 03:04:58.937 [EVENT] sock=2164 hEvent=00000994 events=0x0
2026-10-03 03:04:58.938 [EVENT] sock=2164 hEvent=00000994 events=0x21
2026-10-03 03:05:09.006 [EVENT] sock=2164 hEvent=00000994 events=0x0
2026-10-03 03:05:09.008 [EVENT] sock=2164 hEvent=00000994 events=0x21
2026-10-03 03:05:19.070 [EVENT] sock=2164 hEvent=00000994 events=0x0
2026-10-03 03:05:19.076 [EVENT] sock=2164 hEvent=00000994 events=0x21
2026-10-03 03:05:24.030 [EVENT] sock=2676 hEvent=00000A50 events=0x0
2026-10-03 03:05:24.032 [EVENT] sock=2676 hEvent=00000A50 events=0x21
2026-10-03 03:05:29.138 [EVENT] sock=2164 hEvent=00000994 events=0x0
2026-10-03 03:05:29.143 [EVENT] sock=2164 hEvent=00000994 events=0x21
2026-10-03 03:05:39.204 [EVENT] sock=2164 hEvent=00000994 events=0x0
2026-10-03 03:05:39.208 [EVENT] sock=2164 hEvent=00000994 events=0x21
2026-10-03 03:05:49.273 [EVENT] sock=2164 hEvent=00000994 events=0x0
2026-10-03 03:05:49.276 [EVENT] sock=2164 hEvent=00000994 events=0x21
2026-10-03 03:05:54.033 [EVENT] sock=2676 hEvent=00000A50 events=0x0
2026-10-03 03:05:54.034 [EVENT] sock=2676 hEvent=00000A50 events=0x21
2026-10-03 03:05:59.336 [EVENT] sock=2164 hEvent=00000994 events=0x0
2026-10-03 03:05:59.343 [EVENT] sock=2164 hEvent=00000994 events=0x21
2026-10-03 03:06:09.403 [EVENT] sock=2164 hEvent=00000994 events=0x0
2026-10-03 03:06:09.409 [EVENT] sock=2164 hEvent=00000994 events=0x21
2026-10-03 03:06:19.469 [EVENT] sock=2164 hEvent=00000994 events=0x0
2026-10-03 03:06:19.470 [EVENT] sock=2164 hEvent=00000994 events=0x21
2026-10-03 03:06:24.034 [EVENT] sock=2676 hEvent=00000A50 events=0x0
2026-10-03 03:06:24.047 [EVENT] sock=2676 hEvent=00000A50 events=0x21
2026-10-03 03:06:29.538 [EVENT] sock=2164 hEvent=00000994 events=0x0
2026-10-03 03:06:29.543 [EVENT] sock=2164 hEvent=00000994 events=0x21
2026-10-03 03:06:39.606 [EVENT] sock=2164 hEvent=00000994 events=0x0
2026-10-03 03:06:39.608 [EVENT] sock=2164 hEvent=00000994 events=0x21
2026-10-03 03:06:49.670 [EVENT] sock=2164 hEvent=00000994 events=0x0
2026-10-03 03:06:49.671 [EVENT] sock=2164 hEvent=00000994 events=0x21
2026-10-03 03:06:54.047 [EVENT] sock=2676 hEvent=00000A50 events=0x0
2026-10-03 03:06:54.047 [EVENT] sock=2676 hEvent=00000A50 events=0x21
2026-10-03 03:06:59.741 [EVENT] sock=2164 hEvent=00000994 events=0x0
2026-10-03 03:06:59.742 [EVENT] sock=2164 hEvent=00000994 events=0x21
2026-10-03 03:07:09.805 [EVENT] sock=2164 hEvent=00000994 events=0x0
2026-10-03 03:07:09.808 [EVENT] sock=2164 hEvent=00000994 events=0x21
2026-10-03 03:07:19.873 [EVENT] sock=2164 hEvent=00000994 events=0x0
2026-10-03 03:07:19.876 [EVENT] sock=2164 hEvent=00000994 events=0x21
2026-10-03 03:07:24.047 [EVENT] sock=2676 hEvent=00000A50 events=0x0
2026-10-03 03:07:24.050 [EVENT] sock=2676 hEvent=00000A50 events=0x21
2026-10-03 03:07:29.940 [EVENT] sock=2164 hEvent=00000994 events=0x0
2026-10-03 03:07:29.942 [EVENT] sock=2164 hEvent=00000994 events=0x21
2026-10-03 03:07:40.003 [EVENT] sock=2164 hEvent=00000994 events=0x0
2026-10-03 03:07:40.004 [EVENT] sock=2164 hEvent=00000994 events=0x21
2026-10-03 03:07:50.072 [EVENT] sock=2164 hEvent=00000994 events=0x0
2026-10-03 03:07:50.072 [EVENT] sock=2164 hEvent=00000994 events=0x21
2026-10-03 03:07:54.051 [EVENT] sock=2676 hEvent=00000A50 events=0x0
2026-10-03 03:07:54.052 [EVENT] sock=2676 hEvent=00000A50 events=0x21
2026-10-03 03:08:00.137 [EVENT] sock=2164 hEvent=00000994 events=0x0
2026-10-03 03:08:00.141 [EVENT] sock=2164 hEvent=00000994 events=0x21
2026-10-03 03:08:10.207 [EVENT] sock=2164 hEvent=00000994 events=0x0
2026-10-03 03:08:10.209 [EVENT] sock=2164 hEvent=00000994 events=0x21
2026-10-03 03:08:20.272 [EVENT] sock=2164 hEvent=00000994 events=0x0
2026-10-03 03:08:20.274 [EVENT] sock=2164 hEvent=00000994 events=0x21
2026-10-03 03:08:24.052 [EVENT] sock=2676 hEvent=00000A50 events=0x0
2026-10-03 03:08:24.064 [EVENT] sock=2676 hEvent=00000A50 events=0x21
2026-10-03 03:08:30.339 [EVENT] sock=2164 hEvent=00000994 events=0x0
2026-10-03 03:08:30.340 [EVENT] sock=2164 hEvent=00000994 events=0x21
2026-10-03 03:08:40.409 [EVENT] sock=2164 hEvent=00000994 events=0x0
2026-10-03 03:08:40.412 [EVENT] sock=2164 hEvent=00000994 events=0x21
2026-10-03 03:08:50.468 [EVENT] sock=2164 hEvent=00000994 events=0x0
2026-10-03 03:08:50.475 [EVENT] sock=2164 hEvent=00000994 events=0x21
2026-10-03 03:08:54.064 [EVENT] sock=2676 hEvent=00000A50 events=0x0
2026-10-03 03:08:54.064 [EVENT] sock=2676 hEvent=00000A50 events=0x21
2026-10-03 03:09:00.543 [EVENT] sock=2164 hEvent=00000994 events=0x0
2026-10-03 03:09:00.544 [EVENT] sock=2164 hEvent=00000994 events=0x21
2026-10-03 03:09:10.603 [EVENT] sock=2164 hEvent=00000994 events=0x0
2026-10-03 03:09:10.605 [EVENT] sock=2164 hEvent=00000994 events=0x21
2026-10-03 03:09:20.670 [EVENT] sock=2164 hEvent=00000994 events=0x0
2026-10-03 03:09:20.671 [EVENT] sock=2164 hEvent=00000994 events=0x21
2026-10-03 03:09:24.066 [EVENT] sock=2676 hEvent=00000A50 events=0x0
2026-10-03 03:09:24.078 [EVENT] sock=2676 hEvent=00000A50 events=0x21
2026-10-03 03:09:30.736 [EVENT] sock=2164 hEvent=00000994 events=0x0
2026-10-03 03:09:30.741 [EVENT] sock=2164 hEvent=00000994 events=0x21
2026-10-03 03:09:40.808 [EVENT] sock=2164 hEvent=00000994 events=0x0
2026-10-03 03:09:40.809 [EVENT] sock=2164 hEvent=00000994 events=0x21
2026-10-03 03:09:50.874 [EVENT] sock=2164 hEvent=00000994 events=0x0
2026-10-03 03:09:50.874 [EVENT] sock=2164 hEvent=00000994 events=0x21
2026-10-03 03:09:54.078 [EVENT] sock=2676 hEvent=00000A50 events=0x0
2026-10-03 03:09:54.079 [EVENT] sock=2676 hEvent=00000A50 events=0x21
2026-10-03 03:10:00.940 [EVENT] sock=2164 hEvent=00000994 events=0x0
2026-10-03 03:10:00.940 [EVENT] sock=2164 hEvent=00000994 events=0x21
2026-10-03 03:10:11.007 [EVENT] sock=2164 hEvent=00000994 events=0x0
2026-10-03 03:10:11.009 [EVENT] sock=2164 hEvent=00000994 events=0x21
2026-10-03 03:10:21.070 [EVENT] sock=2164 hEvent=00000994 events=0x0
2026-10-03 03:10:21.072 [EVENT] sock=2164 hEvent=00000994 events=0x21
2026-10-03 03:10:24.079 [EVENT] sock=2676 hEvent=00000A50 events=0x0
2026-10-03 03:10:24.082 [EVENT] sock=2676 hEvent=00000A50 events=0x21
2026-10-03 03:10:31.137 [EVENT] sock=2164 hEvent=00000994 events=0x0
2026-10-03 03:10:31.140 [EVENT] sock=2164 hEvent=00000994 events=0x21
2026-10-03 03:10:41.204 [EVENT] sock=2164 hEvent=00000994 events=0x0
2026-10-03 03:10:41.208 [EVENT] sock=2164 hEvent=00000994 events=0x21
2026-10-03 03:10:51.271 [EVENT] sock=2164 hEvent=00000994 events=0x0
2026-10-03 03:10:51.274 [EVENT] sock=2164 hEvent=00000994 events=0x21
2026-10-03 03:10:54.082 [EVENT] sock=2676 hEvent=00000A50 events=0x0
2026-10-03 03:10:54.083 [EVENT] sock=2676 hEvent=00000A50 events=0x21
2026-10-03 03:11:01.337 [EVENT] sock=2164 hEvent=00000994 events=0x0
2026-10-03 03:11:01.341 [EVENT] sock=2164 hEvent=00000994 events=0x21
2026-10-03 03:11:11.407 [EVENT] sock=2164 hEvent=00000994 events=0x0
2026-10-03 03:11:11.407 [EVENT] sock=2164 hEvent=00000994 events=0x21
2026-10-03 03:11:21.474 [EVENT] sock=2164 hEvent=00000994 events=0x0
2026-10-03 03:11:21.474 [EVENT] sock=2164 hEvent=00000994 events=0x21
2026-10-03 03:11:24.083 [EVENT] sock=2676 hEvent=00000A50 events=0x0
2026-10-03 03:11:24.088 [EVENT] sock=2676 hEvent=00000A50 events=0x21
2026-10-03 03:11:31.536 [EVENT] sock=2164 hEvent=00000994 events=0x0
2026-10-03 03:11:31.542 [EVENT] sock=2164 hEvent=00000994 events=0x21
2026-10-03 03:11:41.622 [EVENT] sock=2164 hEvent=00000994 events=0x0
2026-10-03 03:11:41.624 [EVENT] sock=2164 hEvent=00000994 events=0x21
2026-10-03 03:11:51.690 [EVENT] sock=2164 hEvent=00000994 events=0x0
2026-10-03 03:11:51.691 [EVENT] sock=2164 hEvent=00000994 events=0x21
2026-10-03 03:11:54.090 [EVENT] sock=2676 hEvent=00000A50 events=0x0
2026-10-03 03:11:54.090 [EVENT] sock=2676 hEvent=00000A50 events=0x21
2026-10-03 03:12:01.754 [EVENT] sock=2164 hEvent=00000994 events=0x0
2026-10-03 03:12:01.757 [EVENT] sock=2164 hEvent=00000994 events=0x21
2026-10-03 03:12:11.820 [EVENT] sock=2164 hEvent=00000994 events=0x0
2026-10-03 03:12:11.824 [EVENT] sock=2164 hEvent=00000994 events=0x21
2026-10-03 03:12:21.888 [EVENT] sock=2164 hEvent=00000994 events=0x0
2026-10-03 03:12:21.891 [EVENT] sock=2164 hEvent=00000994 events=0x21
2026-10-03 03:12:24.091 [EVENT] sock=2676 hEvent=00000A50 events=0x0
2026-10-03 03:12:24.098 [EVENT] sock=2676 hEvent=00000A50 events=0x21
2026-10-03 03:12:31.956 [EVENT] sock=2164 hEvent=00000994 events=0x0
2026-10-03 03:12:31.959 [EVENT] sock=2164 hEvent=00000994 events=0x21
2026-10-03 03:12:42.023 [EVENT] sock=2164 hEvent=00000994 events=0x0
2026-10-03 03:12:42.023 [EVENT] sock=2164 hEvent=00000994 events=0x21
2026-10-03 03:12:52.088 [EVENT] sock=2164 hEvent=00000994 events=0x0
2026-10-03 03:12:52.088 [EVENT] sock=2164 hEvent=00000994 events=0x21
2026-10-03 03:12:54.099 [EVENT] sock=2676 hEvent=00000A50 events=0x0
2026-10-03 03:12:54.100 [EVENT] sock=2676 hEvent=00000A50 events=0x21
2026-10-03 03:13:02.152 [EVENT] sock=2164 hEvent=00000994 events=0x0
2026-10-03 03:13:02.156 [EVENT] sock=2164 hEvent=00000994 events=0x21
2026-10-03 03:13:12.221 [EVENT] sock=2164 hEvent=00000994 events=0x0
2026-10-03 03:13:12.221 [EVENT] sock=2164 hEvent=00000994 events=0x21
2026-10-03 03:13:22.286 [EVENT] sock=2164 hEvent=00000994 events=0x0
2026-10-03 03:13:22.286 [EVENT] sock=2164 hEvent=00000994 events=0x21
2026-10-03 03:13:24.101 [EVENT] sock=2676 hEvent=00000A50 events=0x0
2026-10-03 03:13:24.114 [EVENT] sock=2676 hEvent=00000A50 events=0x21
2026-10-03 03:13:32.353 [EVENT] sock=2164 hEvent=00000994 events=0x0
2026-10-03 03:13:32.358 [EVENT] sock=2164 hEvent=00000994 events=0x21
2026-10-03 03:13:42.425 [EVENT] sock=2164 hEvent=00000994 events=0x0
2026-10-03 03:13:42.426 [EVENT] sock=2164 hEvent=00000994 events=0x21
2026-10-03 03:13:52.489 [EVENT] sock=2164 hEvent=00000994 events=0x0
2026-10-03 03:13:52.493 [EVENT] sock=2164 hEvent=00000994 events=0x21
2026-10-03 03:13:54.117 [EVENT] sock=2676 hEvent=00000A50 events=0x0
2026-10-03 03:13:54.117 [EVENT] sock=2676 hEvent=00000A50 events=0x21
2026-10-03 03:14:02.562 [EVENT] sock=2164 hEvent=00000994 events=0x0
2026-10-03 03:14:02.562 [EVENT] sock=2164 hEvent=00000994 events=0x21
2026-10-03 03:14:12.625 [EVENT] sock=2164 hEvent=00000994 events=0x0
2026-10-03 03:14:12.630 [EVENT] sock=2164 hEvent=00000994 events=0x21
2026-10-03 03:14:22.695 [EVENT] sock=2164 hEvent=00000994 events=0x0
2026-10-03 03:14:22.695 [EVENT] sock=2164 hEvent=00000994 events=0x21
2026-10-03 03:14:24.122 [EVENT] sock=2676 hEvent=00000A50 events=0x0
2026-10-03 03:14:24.134 [EVENT] sock=2676 hEvent=00000A50 events=0x21
2026-10-03 03:14:32.763 [EVENT] sock=2164 hEvent=00000994 events=0x0
2026-10-03 03:14:32.767 [EVENT] sock=2164 hEvent=00000994 events=0x21
2026-10-03 03:14:42.833 [EVENT] sock=2164 hEvent=00000994 events=0x0
2026-10-03 03:14:42.834 [EVENT] sock=2164 hEvent=00000994 events=0x21
2026-10-03 03:14:52.897 [EVENT] sock=2164 hEvent=00000994 events=0x0
2026-10-03 03:14:52.899 [EVENT] sock=2164 hEvent=00000994 events=0x21
2026-10-03 03:14:54.138 [EVENT] sock=2676 hEvent=00000A50 events=0x0
2026-10-03 03:14:54.139 [EVENT] sock=2676 hEvent=00000A50 events=0x21
2026-10-03 03:15:02.971 [EVENT] sock=2164 hEvent=00000994 events=0x0
2026-10-03 03:15:02.972 [EVENT] sock=2164 hEvent=00000994 events=0x21
2026-10-03 03:15:13.037 [EVENT] sock=2164 hEvent=00000994 events=0x0
2026-10-03 03:15:13.037 [EVENT] sock=2164 hEvent=00000994 events=0x21
2026-10-03 03:15:23.109 [EVENT] sock=2164 hEvent=00000994 events=0x0
2026-10-03 03:15:23.109 [EVENT] sock=2164 hEvent=00000994 events=0x21
2026-10-03 03:15:24.143 [EVENT] sock=2676 hEvent=00000A50 events=0x0
2026-10-03 03:15:24.148 [EVENT] sock=2676 hEvent=00000A50 events=0x21
2026-10-03 03:15:33.173 [EVENT] sock=2164 hEvent=00000994 events=0x0
2026-10-03 03:15:33.177 [EVENT] sock=2164 hEvent=00000994 events=0x21
2026-10-03 03:15:43.246 [EVENT] sock=2164 hEvent=00000994 events=0x0
2026-10-03 03:15:43.247 [EVENT] sock=2164 hEvent=00000994 events=0x21
2026-10-03 03:15:53.309 [EVENT] sock=2164 hEvent=00000994 events=0x0
2026-10-03 03:15:53.313 [EVENT] sock=2164 hEvent=00000994 events=0x21
2026-10-03 03:15:54.153 [EVENT] sock=2676 hEvent=00000A50 events=0x0
2026-10-03 03:15:54.154 [EVENT] sock=2676 hEvent=00000A50 events=0x21
2026-10-03 03:16:03.378 [EVENT] sock=2164 hEvent=00000994 events=0x0
2026-10-03 03:16:03.382 [EVENT] sock=2164 hEvent=00000994 events=0x21
2026-10-03 03:16:13.446 [EVENT] sock=2164 hEvent=00000994 events=0x0
2026-10-03 03:16:13.449 [EVENT] sock=2164 hEvent=00000994 events=0x21
2026-10-03 03:16:23.512 [EVENT] sock=2164 hEvent=00000994 events=0x0
2026-10-03 03:16:23.517 [EVENT] sock=2164 hEvent=00000994 events=0x21
2026-10-03 03:16:24.158 [EVENT] sock=2676 hEvent=00000A50 events=0x0
2026-10-03 03:16:24.163 [EVENT] sock=2676 hEvent=00000A50 events=0x21
2026-10-03 03:16:33.588 [EVENT] sock=2164 hEvent=00000994 events=0x0
2026-10-03 03:16:33.588 [EVENT] sock=2164 hEvent=00000994 events=0x21
2026-10-03 03:16:43.656 [EVENT] sock=2164 hEvent=00000994 events=0x0
2026-10-03 03:16:43.657 [EVENT] sock=2164 hEvent=00000994 events=0x21
2026-10-03 03:16:53.725 [EVENT] sock=2164 hEvent=00000994 events=0x0
2026-10-03 03:16:53.726 [EVENT] sock=2164 hEvent=00000994 events=0x21
2026-10-03 03:16:54.174 [EVENT] sock=2676 hEvent=00000A50 events=0x0
2026-10-03 03:16:54.174 [EVENT] sock=2676 hEvent=00000A50 events=0x21
2026-10-03 03:17:03.789 [EVENT] sock=2164 hEvent=00000994 events=0x0
2026-10-03 03:17:03.792 [EVENT] sock=2164 hEvent=00000994 events=0x21
2026-10-03 03:17:13.861 [EVENT] sock=2164 hEvent=00000994 events=0x0
2026-10-03 03:17:13.861 [EVENT] sock=2164 hEvent=00000994 events=0x21
2026-10-03 03:17:23.925 [EVENT] sock=2164 hEvent=00000994 events=0x0
2026-10-03 03:17:23.925 [EVENT] sock=2164 hEvent=00000994 events=0x21
2026-10-03 03:17:24.181 [EVENT] sock=2676 hEvent=00000A50 events=0x0
2026-10-03 03:17:24.185 [EVENT] sock=2676 hEvent=00000A50 events=0x21
2026-10-03 03:17:33.992 [EVENT] sock=2164 hEvent=00000994 events=0x0
2026-10-03 03:17:33.995 [EVENT] sock=2164 hEvent=00000994 events=0x21
2026-10-03 03:17:44.060 [EVENT] sock=2164 hEvent=00000994 events=0x0
2026-10-03 03:17:44.061 [EVENT] sock=2164 hEvent=00000994 events=0x21
2026-10-03 03:17:54.134 [EVENT] sock=2164 hEvent=00000994 events=0x0
2026-10-03 03:17:54.135 [EVENT] sock=2164 hEvent=00000994 events=0x21
2026-10-03 03:17:54.190 [EVENT] sock=2676 hEvent=00000A50 events=0x0
2026-10-03 03:17:54.190 [EVENT] sock=2676 hEvent=00000A50 events=0x21
2026-10-03 03:18:04.200 [EVENT] sock=2164 hEvent=00000994 events=0x0
2026-10-03 03:18:04.200 [EVENT] sock=2164 hEvent=00000994 events=0x21
2026-10-03 03:18:14.269 [EVENT] sock=2164 hEvent=00000994 events=0x0
2026-10-03 03:18:14.272 [EVENT] sock=2164 hEvent=00000994 events=0x21
2026-10-03 03:18:24.194 [EVENT] sock=2676 hEvent=00000A50 events=0x0
2026-10-03 03:18:24.199 [EVENT] sock=2676 hEvent=00000A50 events=0x21
2026-10-03 03:18:24.335 [EVENT] sock=2164 hEvent=00000994 events=0x0
2026-10-03 03:18:24.336 [EVENT] sock=2164 hEvent=00000994 events=0x21
2026-10-03 03:18:34.403 [EVENT] sock=2164 hEvent=00000994 events=0x0
2026-10-03 03:18:34.407 [EVENT] sock=2164 hEvent=00000994 events=0x21
2026-10-03 03:18:44.478 [EVENT] sock=2164 hEvent=00000994 events=0x0
2026-10-03 03:18:44.480 [EVENT] sock=2164 hEvent=00000994 events=0x21
2026-10-03 03:18:54.203 [EVENT] sock=2676 hEvent=00000A50 events=0x0
2026-10-03 03:18:54.205 [EVENT] sock=2676 hEvent=00000A50 events=0x21
2026-10-03 03:18:54.545 [EVENT] sock=2164 hEvent=00000994 events=0x0
2026-10-03 03:18:54.546 [EVENT] sock=2164 hEvent=00000994 events=0x21
2026-10-03 03:19:04.614 [EVENT] sock=2164 hEvent=00000994 events=0x0
2026-10-03 03:19:04.615 [EVENT] sock=2164 hEvent=00000994 events=0x21
2026-10-03 03:19:14.683 [EVENT] sock=2164 hEvent=00000994 events=0x0
2026-10-03 03:19:14.683 [EVENT] sock=2164 hEvent=00000994 events=0x21
2026-10-03 03:19:24.209 [EVENT] sock=2676 hEvent=00000A50 events=0x0
2026-10-03 03:19:24.218 [EVENT] sock=2676 hEvent=00000A50 events=0x21
2026-10-03 03:19:24.752 [EVENT] sock=2164 hEvent=00000994 events=0x0
2026-10-03 03:19:24.752 [EVENT] sock=2164 hEvent=00000994 events=0x21
2026-10-03 03:19:34.835 [EVENT] sock=2164 hEvent=00000994 events=0x0
2026-10-03 03:19:34.835 [EVENT] sock=2164 hEvent=00000994 events=0x21
2026-10-03 03:19:44.904 [EVENT] sock=2164 hEvent=00000994 events=0x0
2026-10-03 03:19:44.904 [EVENT] sock=2164 hEvent=00000994 events=0x21
2026-10-03 03:19:54.224 [EVENT] sock=2676 hEvent=00000A50 events=0x0
2026-10-03 03:19:54.224 [EVENT] sock=2676 hEvent=00000A50 events=0x21
2026-10-03 03:19:54.973 [EVENT] sock=2164 hEvent=00000994 events=0x0
2026-10-03 03:19:54.974 [EVENT] sock=2164 hEvent=00000994 events=0x21
2026-10-03 03:20:05.043 [EVENT] sock=2164 hEvent=00000994 events=0x0
2026-10-03 03:20:05.043 [EVENT] sock=2164 hEvent=00000994 events=0x21
2026-10-03 03:20:15.108 [EVENT] sock=2164 hEvent=00000994 events=0x0
2026-10-03 03:20:15.109 [EVENT] sock=2164 hEvent=00000994 events=0x21
2026-10-03 03:20:24.230 [EVENT] sock=2676 hEvent=00000A50 events=0x0
2026-10-03 03:20:24.234 [EVENT] sock=2676 hEvent=00000A50 events=0x21
2026-10-03 03:20:25.174 [EVENT] sock=2164 hEvent=00000994 events=0x0
2026-10-03 03:20:25.174 [EVENT] sock=2164 hEvent=00000994 events=0x21
2026-10-03 03:20:35.240 [EVENT] sock=2164 hEvent=00000994 events=0x0
2026-10-03 03:20:35.245 [EVENT] sock=2164 hEvent=00000994 events=0x21
2026-10-03 03:20:45.308 [EVENT] sock=2164 hEvent=00000994 events=0x0
2026-10-03 03:20:45.311 [EVENT] sock=2164 hEvent=00000994 events=0x21
2026-10-03 03:20:54.240 [EVENT] sock=2676 hEvent=00000A50 events=0x0
2026-10-03 03:20:54.241 [EVENT] sock=2676 hEvent=00000A50 events=0x21
2026-10-03 03:20:55.377 [EVENT] sock=2164 hEvent=00000994 events=0x0
2026-10-03 03:20:55.382 [EVENT] sock=2164 hEvent=00000994 events=0x21
2026-10-03 03:21:05.445 [EVENT] sock=2164 hEvent=00000994 events=0x0
2026-10-03 03:21:05.448 [EVENT] sock=2164 hEvent=00000994 events=0x21
2026-10-03 03:21:15.510 [EVENT] sock=2164 hEvent=00000994 events=0x0
2026-10-03 03:21:15.514 [EVENT] sock=2164 hEvent=00000994 events=0x21
2026-10-03 03:21:24.245 [EVENT] sock=2676 hEvent=00000A50 events=0x0
2026-10-03 03:21:24.256 [EVENT] sock=2676 hEvent=00000A50 events=0x21
2026-10-03 03:21:25.579 [EVENT] sock=2164 hEvent=00000994 events=0x0
2026-10-03 03:21:25.584 [EVENT] sock=2164 hEvent=00000994 events=0x21
2026-10-03 03:21:35.647 [EVENT] sock=2164 hEvent=00000994 events=0x0
2026-10-03 03:21:35.648 [EVENT] sock=2164 hEvent=00000994 events=0x21
2026-10-03 03:21:45.716 [EVENT] sock=2164 hEvent=00000994 events=0x0
2026-10-03 03:21:45.718 [EVENT] sock=2164 hEvent=00000994 events=0x21
2026-10-03 03:21:54.260 [EVENT] sock=2676 hEvent=00000A50 events=0x0
2026-10-03 03:21:54.260 [EVENT] sock=2676 hEvent=00000A50 events=0x21
2026-10-03 03:21:55.784 [EVENT] sock=2164 hEvent=00000994 events=0x0
2026-10-03 03:21:55.789 [EVENT] sock=2164 hEvent=00000994 events=0x21
2026-10-03 03:22:05.856 [EVENT] sock=2164 hEvent=00000994 events=0x0
2026-10-03 03:22:05.857 [EVENT] sock=2164 hEvent=00000994 events=0x21
2026-10-03 03:22:15.922 [EVENT] sock=2164 hEvent=00000994 events=0x0
2026-10-03 03:22:15.926 [EVENT] sock=2164 hEvent=00000994 events=0x21
2026-10-03 03:22:24.265 [EVENT] sock=2676 hEvent=00000A50 events=0x0
2026-10-03 03:22:24.268 [EVENT] sock=2676 hEvent=00000A50 events=0x21
2026-10-03 03:22:25.988 [EVENT] sock=2164 hEvent=00000994 events=0x0
2026-10-03 03:22:25.989 [EVENT] sock=2164 hEvent=00000994 events=0x21
2026-10-03 03:22:36.063 [EVENT] sock=2164 hEvent=00000994 events=0x0
2026-10-03 03:22:36.064 [EVENT] sock=2164 hEvent=00000994 events=0x21
2026-10-03 03:22:46.123 [EVENT] sock=2164 hEvent=00000994 events=0x0
2026-10-03 03:22:46.128 [EVENT] sock=2164 hEvent=00000994 events=0x21
2026-10-03 03:22:54.273 [EVENT] sock=2676 hEvent=00000A50 events=0x0
2026-10-03 03:22:54.273 [EVENT] sock=2676 hEvent=00000A50 events=0x21
2026-10-03 03:22:56.191 [EVENT] sock=2164 hEvent=00000994 events=0x0
2026-10-03 03:22:56.192 [EVENT] sock=2164 hEvent=00000994 events=0x21
2026-10-03 03:23:06.260 [EVENT] sock=2164 hEvent=00000994 events=0x0
2026-10-03 03:23:06.265 [EVENT] sock=2164 hEvent=00000994 events=0x21
2026-10-03 03:23:16.332 [EVENT] sock=2164 hEvent=00000994 events=0x0
2026-10-03 03:23:16.332 [EVENT] sock=2164 hEvent=00000994 events=0x21
2026-10-03 03:23:24.279 [EVENT] sock=2676 hEvent=00000A50 events=0x0
2026-10-03 03:23:24.288 [EVENT] sock=2676 hEvent=00000A50 events=0x21
2026-10-03 03:23:26.403 [EVENT] sock=2164 hEvent=00000994 events=0x0
2026-10-03 03:23:26.403 [EVENT] sock=2164 hEvent=00000994 events=0x21
2026-10-03 03:23:36.468 [EVENT] sock=2164 hEvent=00000994 events=0x0
2026-10-03 03:23:36.468 [EVENT] sock=2164 hEvent=00000994 events=0x21
2026-10-03 03:23:46.537 [EVENT] sock=2164 hEvent=00000994 events=0x0
2026-10-03 03:23:46.537 [EVENT] sock=2164 hEvent=00000994 events=0x21
2026-10-03 03:23:54.293 [EVENT] sock=2676 hEvent=00000A50 events=0x0
2026-10-03 03:23:54.293 [EVENT] sock=2676 hEvent=00000A50 events=0x21
2026-10-03 03:23:56.604 [EVENT] sock=2164 hEvent=00000994 events=0x0
2026-10-03 03:23:56.605 [EVENT] sock=2164 hEvent=00000994 events=0x21
2026-10-03 03:24:06.672 [EVENT] sock=2164 hEvent=00000994 events=0x0
2026-10-03 03:24:06.673 [EVENT] sock=2164 hEvent=00000994 events=0x21
2026-10-03 03:24:16.740 [EVENT] sock=2164 hEvent=00000994 events=0x0
2026-10-03 03:24:16.740 [EVENT] sock=2164 hEvent=00000994 events=0x21
2026-10-03 03:24:24.300 [EVENT] sock=2676 hEvent=00000A50 events=0x0
2026-10-03 03:24:24.306 [EVENT] sock=2676 hEvent=00000A50 events=0x21
2026-10-03 03:24:26.808 [EVENT] sock=2164 hEvent=00000994 events=0x0
2026-10-03 03:24:26.809 [EVENT] sock=2164 hEvent=00000994 events=0x21
2026-10-03 03:24:36.880 [EVENT] sock=2164 hEvent=00000994 events=0x0
2026-10-03 03:24:36.880 [EVENT] sock=2164 hEvent=00000994 events=0x21
2026-10-03 03:24:46.948 [EVENT] sock=2164 hEvent=00000994 events=0x0
2026-10-03 03:24:46.949 [EVENT] sock=2164 hEvent=00000994 events=0x21
2026-10-03 03:24:54.310 [EVENT] sock=2676 hEvent=00000A50 events=0x0
2026-10-03 03:24:54.311 [EVENT] sock=2676 hEvent=00000A50 events=0x21
2026-10-03 03:24:57.016 [EVENT] sock=2164 hEvent=00000994 events=0x0
2026-10-03 03:24:57.017 [EVENT] sock=2164 hEvent=00000994 events=0x21
2026-10-03 03:25:07.085 [EVENT] sock=2164 hEvent=00000994 events=0x0
2026-10-03 03:25:07.085 [EVENT] sock=2164 hEvent=00000994 events=0x21
2026-10-03 03:25:17.151 [EVENT] sock=2164 hEvent=00000994 events=0x0
2026-10-03 03:25:17.152 [EVENT] sock=2164 hEvent=00000994 events=0x21
2026-10-03 03:25:24.316 [EVENT] sock=2676 hEvent=00000A50 events=0x0
2026-10-03 03:25:24.319 [EVENT] sock=2676 hEvent=00000A50 events=0x21
2026-10-03 03:25:27.223 [EVENT] sock=2164 hEvent=00000994 events=0x0
2026-10-03 03:25:27.227 [EVENT] sock=2164 hEvent=00000994 events=0x21
2026-10-03 03:25:37.291 [EVENT] sock=2164 hEvent=00000994 events=0x0
2026-10-03 03:25:37.296 [EVENT] sock=2164 hEvent=00000994 events=0x21
2026-10-03 03:25:47.360 [EVENT] sock=2164 hEvent=00000994 events=0x0
2026-10-03 03:25:47.360 [EVENT] sock=2164 hEvent=00000994 events=0x21
2026-10-03 03:25:54.325 [EVENT] sock=2676 hEvent=00000A50 events=0x0
2026-10-03 03:25:54.326 [EVENT] sock=2676 hEvent=00000A50 events=0x21
2026-10-03 03:25:57.427 [EVENT] sock=2164 hEvent=00000994 events=0x0
2026-10-03 03:25:57.428 [EVENT] sock=2164 hEvent=00000994 events=0x21
2026-10-03 03:26:07.495 [EVENT] sock=2164 hEvent=00000994 events=0x0
2026-10-03 03:26:07.496 [EVENT] sock=2164 hEvent=00000994 events=0x21
2026-10-03 03:26:17.568 [EVENT] sock=2164 hEvent=00000994 events=0x0
2026-10-03 03:26:17.569 [EVENT] sock=2164 hEvent=00000994 events=0x21
2026-10-03 03:26:24.331 [EVENT] sock=2676 hEvent=00000A50 events=0x0
2026-10-03 03:26:24.341 [EVENT] sock=2676 hEvent=00000A50 events=0x21
2026-10-03 03:26:27.630 [EVENT] sock=2164 hEvent=00000994 events=0x0
2026-10-03 03:26:27.635 [EVENT] sock=2164 hEvent=00000994 events=0x21
2026-10-03 03:26:37.700 [EVENT] sock=2164 hEvent=00000994 events=0x0
2026-10-03 03:26:37.701 [EVENT] sock=2164 hEvent=00000994 events=0x21
2026-10-03 03:26:46.359 [OP] 4031 inv=FFE6 len=25 #1 8c5b5351afdcfaa32b1f36b0eb682a9ffaa39a35c2205fbb0b
2026-10-03 03:26:47.774 [EVENT] sock=2164 hEvent=00000994 events=0x0
2026-10-03 03:26:47.774 [EVENT] sock=2164 hEvent=00000994 events=0x21
2026-10-03 03:26:54.345 [EVENT] sock=2676 hEvent=00000A50 events=0x0
2026-10-03 03:26:54.346 [EVENT] sock=2676 hEvent=00000A50 events=0x21
2026-10-03 03:26:57.841 [EVENT] sock=2164 hEvent=00000994 events=0x0
2026-10-03 03:26:57.844 [EVENT] sock=2164 hEvent=00000994 events=0x21
2026-10-03 03:27:07.908 [EVENT] sock=2164 hEvent=00000994 events=0x0
2026-10-03 03:27:07.909 [EVENT] sock=2164 hEvent=00000994 events=0x21
2026-10-03 03:27:17.982 [EVENT] sock=2164 hEvent=00000994 events=0x0
2026-10-03 03:27:17.982 [EVENT] sock=2164 hEvent=00000994 events=0x21
2026-10-03 03:27:24.351 [EVENT] sock=2676 hEvent=00000A50 events=0x0
2026-10-03 03:27:24.358 [EVENT] sock=2676 hEvent=00000A50 events=0x21
2026-10-03 03:27:28.049 [EVENT] sock=2164 hEvent=00000994 events=0x0
2026-10-03 03:27:28.049 [EVENT] sock=2164 hEvent=00000994 events=0x21
2026-10-03 03:27:38.120 [EVENT] sock=2164 hEvent=00000994 events=0x0
2026-10-03 03:27:38.120 [EVENT] sock=2164 hEvent=00000994 events=0x21
2026-10-03 03:27:48.183 [EVENT] sock=2164 hEvent=00000994 events=0x0
2026-10-03 03:27:48.188 [EVENT] sock=2164 hEvent=00000994 events=0x21
2026-10-03 03:27:54.363 [EVENT] sock=2676 hEvent=00000A50 events=0x0
2026-10-03 03:27:54.364 [EVENT] sock=2676 hEvent=00000A50 events=0x21
2026-10-03 03:27:58.255 [EVENT] sock=2164 hEvent=00000994 events=0x0
2026-10-03 03:27:58.256 [EVENT] sock=2164 hEvent=00000994 events=0x21
2026-10-03 03:28:08.319 [EVENT] sock=2164 hEvent=00000994 events=0x0
2026-10-03 03:28:08.322 [EVENT] sock=2164 hEvent=00000994 events=0x21
2026-10-03 03:28:18.390 [EVENT] sock=2164 hEvent=00000994 events=0x0
2026-10-03 03:28:18.391 [EVENT] sock=2164 hEvent=00000994 events=0x21
2026-10-03 03:28:24.369 [EVENT] sock=2676 hEvent=00000A50 events=0x0
2026-10-03 03:28:24.376 [EVENT] sock=2676 hEvent=00000A50 events=0x21
2026-10-03 03:28:28.455 [EVENT] sock=2164 hEvent=00000994 events=0x0
2026-10-03 03:28:28.455 [EVENT] sock=2164 hEvent=00000994 events=0x21
2026-10-03 03:28:38.532 [EVENT] sock=2164 hEvent=00000994 events=0x0
2026-10-03 03:28:38.532 [EVENT] sock=2164 hEvent=00000994 events=0x21
2026-10-03 03:28:48.595 [EVENT] sock=2164 hEvent=00000994 events=0x0
2026-10-03 03:28:48.599 [EVENT] sock=2164 hEvent=00000994 events=0x21
2026-10-03 03:28:54.381 [EVENT] sock=2676 hEvent=00000A50 events=0x0
2026-10-03 03:28:54.387 [EVENT] sock=2676 hEvent=00000A50 events=0x21
2026-10-03 03:28:58.667 [EVENT] sock=2164 hEvent=00000994 events=0x0
2026-10-03 03:28:58.669 [EVENT] sock=2164 hEvent=00000994 events=0x21
2026-10-03 03:29:08.730 [EVENT] sock=2164 hEvent=00000994 events=0x0
2026-10-03 03:29:08.732 [EVENT] sock=2164 hEvent=00000994 events=0x21
2026-10-03 03:29:18.802 [EVENT] sock=2164 hEvent=00000994 events=0x0
2026-10-03 03:29:18.802 [EVENT] sock=2164 hEvent=00000994 events=0x21
2026-10-03 03:29:24.392 [EVENT] sock=2676 hEvent=00000A50 events=0x0
2026-10-03 03:29:24.398 [EVENT] sock=2676 hEvent=00000A50 events=0x21
2026-10-03 03:29:28.869 [EVENT] sock=2164 hEvent=00000994 events=0x0
2026-10-03 03:29:28.872 [EVENT] sock=2164 hEvent=00000994 events=0x21
2026-10-03 03:29:38.935 [EVENT] sock=2164 hEvent=00000994 events=0x0
2026-10-03 03:29:38.935 [EVENT] sock=2164 hEvent=00000994 events=0x21
2026-10-03 03:29:49.003 [EVENT] sock=2164 hEvent=00000994 events=0x0
2026-10-03 03:29:49.004 [EVENT] sock=2164 hEvent=00000994 events=0x21
2026-10-03 03:29:54.403 [EVENT] sock=2676 hEvent=00000A50 events=0x0
2026-10-03 03:29:54.409 [EVENT] sock=2676 hEvent=00000A50 events=0x21
2026-10-03 03:29:59.075 [EVENT] sock=2164 hEvent=00000994 events=0x0
2026-10-03 03:29:59.075 [EVENT] sock=2164 hEvent=00000994 events=0x21
2026-10-03 03:30:09.144 [EVENT] sock=2164 hEvent=00000994 events=0x0
2026-10-03 03:30:09.145 [EVENT] sock=2164 hEvent=00000994 events=0x21
2026-10-03 03:30:19.209 [EVENT] sock=2164 hEvent=00000994 events=0x0
2026-10-03 03:30:19.209 [EVENT] sock=2164 hEvent=00000994 events=0x21
2026-10-03 03:30:24.414 [EVENT] sock=2676 hEvent=00000A50 events=0x0
2026-10-03 03:30:24.418 [EVENT] sock=2676 hEvent=00000A50 events=0x21
2026-10-03 03:30:29.276 [EVENT] sock=2164 hEvent=00000994 events=0x0
2026-10-03 03:30:29.279 [EVENT] sock=2164 hEvent=00000994 events=0x21
2026-10-03 03:30:39.346 [EVENT] sock=2164 hEvent=00000994 events=0x0
2026-10-03 03:30:39.347 [EVENT] sock=2164 hEvent=00000994 events=0x21
2026-10-03 03:30:49.414 [EVENT] sock=2164 hEvent=00000994 events=0x0
2026-10-03 03:30:49.415 [EVENT] sock=2164 hEvent=00000994 events=0x21
2026-10-03 03:30:54.422 [EVENT] sock=2676 hEvent=00000A50 events=0x0
2026-10-03 03:30:54.423 [EVENT] sock=2676 hEvent=00000A50 events=0x21
2026-10-03 03:30:59.477 [EVENT] sock=2164 hEvent=00000994 events=0x0
2026-10-03 03:30:59.477 [EVENT] sock=2164 hEvent=00000994 events=0x21
2026-10-03 03:31:09.552 [EVENT] sock=2164 hEvent=00000994 events=0x0
2026-10-03 03:31:09.552 [EVENT] sock=2164 hEvent=00000994 events=0x21
2026-10-03 03:31:19.620 [EVENT] sock=2164 hEvent=00000994 events=0x0
2026-10-03 03:31:19.620 [EVENT] sock=2164 hEvent=00000994 events=0x21
2026-10-03 03:31:24.426 [EVENT] sock=2676 hEvent=00000A50 events=0x0
2026-10-03 03:31:24.437 [EVENT] sock=2676 hEvent=00000A50 events=0x21
2026-10-03 03:31:29.684 [EVENT] sock=2164 hEvent=00000994 events=0x0
2026-10-03 03:31:29.687 [EVENT] sock=2164 hEvent=00000994 events=0x21
2026-10-03 03:31:39.754 [EVENT] sock=2164 hEvent=00000994 events=0x0
2026-10-03 03:31:39.756 [EVENT] sock=2164 hEvent=00000994 events=0x21
2026-10-03 03:31:49.822 [EVENT] sock=2164 hEvent=00000994 events=0x0
2026-10-03 03:31:49.823 [EVENT] sock=2164 hEvent=00000994 events=0x21
2026-10-03 03:31:54.443 [EVENT] sock=2676 hEvent=00000A50 events=0x0
2026-10-03 03:31:54.445 [EVENT] sock=2676 hEvent=00000A50 events=0x21
2026-10-03 03:31:59.892 [EVENT] sock=2164 hEvent=00000994 events=0x0
2026-10-03 03:31:59.892 [EVENT] sock=2164 hEvent=00000994 events=0x21
2026-10-03 03:32:09.958 [EVENT] sock=2164 hEvent=00000994 events=0x0
2026-10-03 03:32:09.960 [EVENT] sock=2164 hEvent=00000994 events=0x21
2026-10-03 03:32:20.022 [EVENT] sock=2164 hEvent=00000994 events=0x0
2026-10-03 03:32:20.023 [EVENT] sock=2164 hEvent=00000994 events=0x21
2026-10-03 03:32:24.450 [EVENT] sock=2676 hEvent=00000A50 events=0x0
2026-10-03 03:32:24.455 [EVENT] sock=2676 hEvent=00000A50 events=0x21
2026-10-03 03:32:30.093 [EVENT] sock=2164 hEvent=00000994 events=0x0
2026-10-03 03:32:30.098 [EVENT] sock=2164 hEvent=00000994 events=0x21
2026-10-03 03:32:40.160 [EVENT] sock=2164 hEvent=00000994 events=0x0
2026-10-03 03:32:40.164 [EVENT] sock=2164 hEvent=00000994 events=0x21
2026-10-03 03:32:50.231 [EVENT] sock=2164 hEvent=00000994 events=0x0
2026-10-03 03:32:50.233 [EVENT] sock=2164 hEvent=00000994 events=0x21
2026-10-03 03:32:54.462 [EVENT] sock=2676 hEvent=00000A50 events=0x0
2026-10-03 03:32:54.469 [EVENT] sock=2676 hEvent=00000A50 events=0x21
2026-10-03 03:33:00.302 [EVENT] sock=2164 hEvent=00000994 events=0x0
2026-10-03 03:33:00.303 [EVENT] sock=2164 hEvent=00000994 events=0x21
2026-10-03 03:33:10.364 [EVENT] sock=2164 hEvent=00000994 events=0x0
2026-10-03 03:33:10.366 [EVENT] sock=2164 hEvent=00000994 events=0x21
2026-10-03 03:33:20.436 [EVENT] sock=2164 hEvent=00000994 events=0x0
2026-10-03 03:33:20.436 [EVENT] sock=2164 hEvent=00000994 events=0x21
2026-10-03 03:33:24.472 [EVENT] sock=2676 hEvent=00000A50 events=0x0
2026-10-03 03:33:24.476 [EVENT] sock=2676 hEvent=00000A50 events=0x21
2026-10-03 03:33:30.506 [EVENT] sock=2164 hEvent=00000994 events=0x0
2026-10-03 03:33:30.506 [EVENT] sock=2164 hEvent=00000994 events=0x21
2026-10-03 03:33:40.567 [EVENT] sock=2164 hEvent=00000994 events=0x0
2026-10-03 03:33:40.572 [EVENT] sock=2164 hEvent=00000994 events=0x21
2026-10-03 03:33:50.635 [EVENT] sock=2164 hEvent=00000994 events=0x0
2026-10-03 03:33:50.638 [EVENT] sock=2164 hEvent=00000994 events=0x21
2026-10-03 03:33:54.480 [EVENT] sock=2676 hEvent=00000A50 events=0x0
2026-10-03 03:33:54.480 [EVENT] sock=2676 hEvent=00000A50 events=0x21
2026-10-03 03:34:00.703 [EVENT] sock=2164 hEvent=00000994 events=0x0
2026-10-03 03:34:00.703 [EVENT] sock=2164 hEvent=00000994 events=0x21
2026-10-03 03:34:10.769 [EVENT] sock=2164 hEvent=00000994 events=0x0
2026-10-03 03:34:10.769 [EVENT] sock=2164 hEvent=00000994 events=0x21
2026-10-03 03:34:20.841 [EVENT] sock=2164 hEvent=00000994 events=0x0
2026-10-03 03:34:20.842 [EVENT] sock=2164 hEvent=00000994 events=0x21
2026-10-03 03:34:24.483 [EVENT] sock=2676 hEvent=00000A50 events=0x0
2026-10-03 03:34:24.493 [EVENT] sock=2676 hEvent=00000A50 events=0x21
2026-10-03 03:34:30.905 [EVENT] sock=2164 hEvent=00000994 events=0x0
2026-10-03 03:34:30.911 [EVENT] sock=2164 hEvent=00000994 events=0x21
2026-10-03 03:34:40.976 [EVENT] sock=2164 hEvent=00000994 events=0x0
2026-10-03 03:34:40.978 [EVENT] sock=2164 hEvent=00000994 events=0x21
2026-10-03 03:34:51.043 [EVENT] sock=2164 hEvent=00000994 events=0x0
2026-10-03 03:34:51.048 [EVENT] sock=2164 hEvent=00000994 events=0x21
2026-10-03 03:34:54.497 [EVENT] sock=2676 hEvent=00000A50 events=0x0
2026-10-03 03:34:54.509 [EVENT] sock=2676 hEvent=00000A50 events=0x21
2026-10-03 03:35:01.114 [EVENT] sock=2164 hEvent=00000994 events=0x0
2026-10-03 03:35:01.114 [EVENT] sock=2164 hEvent=00000994 events=0x21
2026-10-03 03:35:11.182 [EVENT] sock=2164 hEvent=00000994 events=0x0
2026-10-03 03:35:11.184 [EVENT] sock=2164 hEvent=00000994 events=0x21
2026-10-03 03:35:21.245 [EVENT] sock=2164 hEvent=00000994 events=0x0
2026-10-03 03:35:21.245 [EVENT] sock=2164 hEvent=00000994 events=0x21
2026-10-03 03:35:24.512 [EVENT] sock=2676 hEvent=00000A50 events=0x0
2026-10-03 03:35:24.520 [EVENT] sock=2676 hEvent=00000A50 events=0x21
2026-10-03 03:35:31.317 [EVENT] sock=2164 hEvent=00000994 events=0x0
2026-10-03 03:35:31.319 [EVENT] sock=2164 hEvent=00000994 events=0x21
2026-10-03 03:35:41.381 [EVENT] sock=2164 hEvent=00000994 events=0x0
2026-10-03 03:35:41.382 [EVENT] sock=2164 hEvent=00000994 events=0x21
2026-10-03 03:35:51.449 [EVENT] sock=2164 hEvent=00000994 events=0x0
2026-10-03 03:35:51.451 [EVENT] sock=2164 hEvent=00000994 events=0x21
2026-10-03 03:35:54.524 [EVENT] sock=2676 hEvent=00000A50 events=0x0
2026-10-03 03:35:54.524 [EVENT] sock=2676 hEvent=00000A50 events=0x21
2026-10-03 03:36:01.517 [EVENT] sock=2164 hEvent=00000994 events=0x0
2026-10-03 03:36:01.523 [EVENT] sock=2164 hEvent=00000994 events=0x21
2026-10-03 03:36:11.586 [EVENT] sock=2164 hEvent=00000994 events=0x0
2026-10-03 03:36:11.591 [EVENT] sock=2164 hEvent=00000994 events=0x21
2026-10-03 03:36:21.652 [EVENT] sock=2164 hEvent=00000994 events=0x0
2026-10-03 03:36:21.653 [EVENT] sock=2164 hEvent=00000994 events=0x21
2026-10-03 03:36:24.528 [EVENT] sock=2676 hEvent=00000A50 events=0x0
2026-10-03 03:36:24.532 [EVENT] sock=2676 hEvent=00000A50 events=0x21
2026-10-03 03:36:31.719 [EVENT] sock=2164 hEvent=00000994 events=0x0
2026-10-03 03:36:31.721 [EVENT] sock=2164 hEvent=00000994 events=0x21
2026-10-03 03:36:41.787 [EVENT] sock=2164 hEvent=00000994 events=0x0
2026-10-03 03:36:41.788 [EVENT] sock=2164 hEvent=00000994 events=0x21
2026-10-03 03:36:51.859 [EVENT] sock=2164 hEvent=00000994 events=0x0
2026-10-03 03:36:51.859 [EVENT] sock=2164 hEvent=00000994 events=0x21
2026-10-03 03:36:54.536 [EVENT] sock=2676 hEvent=00000A50 events=0x0
2026-10-03 03:36:54.537 [EVENT] sock=2676 hEvent=00000A50 events=0x21
2026-10-03 03:37:01.928 [EVENT] sock=2164 hEvent=00000994 events=0x0
2026-10-03 03:37:01.929 [EVENT] sock=2164 hEvent=00000994 events=0x21
2026-10-03 03:37:11.995 [EVENT] sock=2164 hEvent=00000994 events=0x0
2026-10-03 03:37:11.998 [EVENT] sock=2164 hEvent=00000994 events=0x21
2026-10-03 03:37:22.065 [EVENT] sock=2164 hEvent=00000994 events=0x0
2026-10-03 03:37:22.067 [EVENT] sock=2164 hEvent=00000994 events=0x21
2026-10-03 03:37:24.541 [EVENT] sock=2676 hEvent=00000A50 events=0x0
2026-10-03 03:37:24.553 [EVENT] sock=2676 hEvent=00000A50 events=0x21
2026-10-03 03:37:32.130 [EVENT] sock=2164 hEvent=00000994 events=0x0
2026-10-03 03:37:32.130 [EVENT] sock=2164 hEvent=00000994 events=0x21
2026-10-03 03:37:42.195 [EVENT] sock=2164 hEvent=00000994 events=0x0
2026-10-03 03:37:42.196 [EVENT] sock=2164 hEvent=00000994 events=0x21
2026-10-03 03:37:52.271 [EVENT] sock=2164 hEvent=00000994 events=0x0
2026-10-03 03:37:52.272 [EVENT] sock=2164 hEvent=00000994 events=0x21
2026-10-03 03:37:54.557 [EVENT] sock=2676 hEvent=00000A50 events=0x0
2026-10-03 03:37:54.558 [EVENT] sock=2676 hEvent=00000A50 events=0x21
2026-10-03 03:38:02.338 [EVENT] sock=2164 hEvent=00000994 events=0x0
2026-10-03 03:38:02.340 [EVENT] sock=2164 hEvent=00000994 events=0x21
2026-10-03 03:38:12.402 [EVENT] sock=2164 hEvent=00000994 events=0x0
2026-10-03 03:38:12.405 [EVENT] sock=2164 hEvent=00000994 events=0x21
2026-10-03 03:38:22.474 [EVENT] sock=2164 hEvent=00000994 events=0x0
2026-10-03 03:38:22.474 [EVENT] sock=2164 hEvent=00000994 events=0x21
2026-10-03 03:38:24.562 [EVENT] sock=2676 hEvent=00000A50 events=0x0
2026-10-03 03:38:24.568 [EVENT] sock=2676 hEvent=00000A50 events=0x21
2026-10-03 03:38:32.545 [EVENT] sock=2164 hEvent=00000994 events=0x0
2026-10-03 03:38:32.545 [EVENT] sock=2164 hEvent=00000994 events=0x21
2026-10-03 03:38:42.610 [EVENT] sock=2164 hEvent=00000994 events=0x0
2026-10-03 03:38:42.610 [EVENT] sock=2164 hEvent=00000994 events=0x21
2026-10-03 03:38:52.677 [EVENT] sock=2164 hEvent=00000994 events=0x0
2026-10-03 03:38:52.677 [EVENT] sock=2164 hEvent=00000994 events=0x21
2026-10-03 03:38:54.573 [EVENT] sock=2676 hEvent=00000A50 events=0x0
2026-10-03 03:38:54.573 [EVENT] sock=2676 hEvent=00000A50 events=0x21
2026-10-03 03:39:02.745 [EVENT] sock=2164 hEvent=00000994 events=0x0
2026-10-03 03:39:02.745 [EVENT] sock=2164 hEvent=00000994 events=0x21
2026-10-03 03:39:12.817 [EVENT] sock=2164 hEvent=00000994 events=0x0
2026-10-03 03:39:12.817 [EVENT] sock=2164 hEvent=00000994 events=0x21
2026-10-03 03:39:22.885 [EVENT] sock=2164 hEvent=00000994 events=0x0
2026-10-03 03:39:22.886 [EVENT] sock=2164 hEvent=00000994 events=0x21
2026-10-03 03:39:24.577 [EVENT] sock=2676 hEvent=00000A50 events=0x0
2026-10-03 03:39:24.586 [EVENT] sock=2676 hEvent=00000A50 events=0x21
2026-10-03 03:39:32.951 [EVENT] sock=2164 hEvent=00000994 events=0x0
2026-10-03 03:39:32.954 [EVENT] sock=2164 hEvent=00000994 events=0x21
2026-10-03 03:39:43.020 [EVENT] sock=2164 hEvent=00000994 events=0x0
2026-10-03 03:39:43.022 [EVENT] sock=2164 hEvent=00000994 events=0x21
2026-10-03 03:39:53.090 [EVENT] sock=2164 hEvent=00000994 events=0x0
2026-10-03 03:39:53.090 [EVENT] sock=2164 hEvent=00000994 events=0x21
2026-10-03 03:39:54.594 [EVENT] sock=2676 hEvent=00000A50 events=0x0
2026-10-03 03:39:54.594 [EVENT] sock=2676 hEvent=00000A50 events=0x21
2026-10-03 03:40:03.152 [EVENT] sock=2164 hEvent=00000994 events=0x0
2026-10-03 03:40:03.156 [EVENT] sock=2164 hEvent=00000994 events=0x21
2026-10-03 03:40:13.220 [EVENT] sock=2164 hEvent=00000994 events=0x0
2026-10-03 03:40:13.221 [EVENT] sock=2164 hEvent=00000994 events=0x21
2026-10-03 03:40:23.291 [EVENT] sock=2164 hEvent=00000994 events=0x0
2026-10-03 03:40:23.293 [EVENT] sock=2164 hEvent=00000994 events=0x21
2026-10-03 03:40:24.598 [EVENT] sock=2676 hEvent=00000A50 events=0x0
2026-10-03 03:40:24.601 [EVENT] sock=2676 hEvent=00000A50 events=0x21
2026-10-03 03:40:33.355 [EVENT] sock=2164 hEvent=00000994 events=0x0
2026-10-03 03:40:33.359 [EVENT] sock=2164 hEvent=00000994 events=0x21
2026-10-03 03:40:43.425 [EVENT] sock=2164 hEvent=00000994 events=0x0
2026-10-03 03:40:43.427 [EVENT] sock=2164 hEvent=00000994 events=0x21
2026-10-03 03:40:53.493 [EVENT] sock=2164 hEvent=00000994 events=0x0
2026-10-03 03:40:53.495 [EVENT] sock=2164 hEvent=00000994 events=0x21
2026-10-03 03:40:54.604 [EVENT] sock=2676 hEvent=00000A50 events=0x0
2026-10-03 03:40:54.604 [EVENT] sock=2676 hEvent=00000A50 events=0x21
2026-10-03 03:41:03.558 [EVENT] sock=2164 hEvent=00000994 events=0x0
2026-10-03 03:41:03.564 [EVENT] sock=2164 hEvent=00000994 events=0x21
2026-10-03 03:41:13.630 [EVENT] sock=2164 hEvent=00000994 events=0x0
2026-10-03 03:41:13.630 [EVENT] sock=2164 hEvent=00000994 events=0x21
2026-10-03 03:41:23.693 [EVENT] sock=2164 hEvent=00000994 events=0x0
2026-10-03 03:41:23.694 [EVENT] sock=2164 hEvent=00000994 events=0x21
2026-10-03 03:41:24.609 [EVENT] sock=2676 hEvent=00000A50 events=0x0
2026-10-03 03:41:24.620 [EVENT] sock=2676 hEvent=00000A50 events=0x21
2026-10-03 03:41:33.769 [EVENT] sock=2164 hEvent=00000994 events=0x0
2026-10-03 03:41:33.771 [EVENT] sock=2164 hEvent=00000994 events=0x21
2026-10-03 03:41:43.832 [EVENT] sock=2164 hEvent=00000994 events=0x0
2026-10-03 03:41:43.835 [EVENT] sock=2164 hEvent=00000994 events=0x21
2026-10-03 03:41:53.902 [EVENT] sock=2164 hEvent=00000994 events=0x0
2026-10-03 03:41:53.903 [EVENT] sock=2164 hEvent=00000994 events=0x21
2026-10-03 03:41:54.624 [EVENT] sock=2676 hEvent=00000A50 events=0x0
2026-10-03 03:41:54.624 [EVENT] sock=2676 hEvent=00000A50 events=0x21
2026-10-03 03:42:03.970 [EVENT] sock=2164 hEvent=00000994 events=0x0
2026-10-03 03:42:03.970 [EVENT] sock=2164 hEvent=00000994 events=0x21
2026-10-03 03:42:14.035 [EVENT] sock=2164 hEvent=00000994 events=0x0
2026-10-03 03:42:14.037 [EVENT] sock=2164 hEvent=00000994 events=0x21
2026-10-03 03:42:24.104 [EVENT] sock=2164 hEvent=00000994 events=0x0
2026-10-03 03:42:24.105 [EVENT] sock=2164 hEvent=00000994 events=0x21
2026-10-03 03:42:24.627 [EVENT] sock=2676 hEvent=00000A50 events=0x0
2026-10-03 03:42:24.632 [EVENT] sock=2676 hEvent=00000A50 events=0x21
2026-10-03 03:42:34.171 [EVENT] sock=2164 hEvent=00000994 events=0x0
2026-10-03 03:42:34.172 [EVENT] sock=2164 hEvent=00000994 events=0x21
2026-10-03 03:42:44.245 [EVENT] sock=2164 hEvent=00000994 events=0x0
2026-10-03 03:42:44.246 [EVENT] sock=2164 hEvent=00000994 events=0x21
2026-10-03 03:42:54.313 [EVENT] sock=2164 hEvent=00000994 events=0x0
2026-10-03 03:42:54.313 [EVENT] sock=2164 hEvent=00000994 events=0x21
2026-10-03 03:42:54.636 [EVENT] sock=2676 hEvent=00000A50 events=0x0
2026-10-03 03:42:54.636 [EVENT] sock=2676 hEvent=00000A50 events=0x21
2026-10-03 03:43:04.380 [EVENT] sock=2164 hEvent=00000994 events=0x0
2026-10-03 03:43:04.380 [EVENT] sock=2164 hEvent=00000994 events=0x21
2026-10-03 03:43:14.447 [EVENT] sock=2164 hEvent=00000994 events=0x0
2026-10-03 03:43:14.448 [EVENT] sock=2164 hEvent=00000994 events=0x21
2026-10-03 03:43:24.517 [EVENT] sock=2164 hEvent=00000994 events=0x0
2026-10-03 03:43:24.517 [EVENT] sock=2164 hEvent=00000994 events=0x21
2026-10-03 03:43:24.640 [EVENT] sock=2676 hEvent=00000A50 events=0x0
2026-10-03 03:43:24.646 [EVENT] sock=2676 hEvent=00000A50 events=0x21
2026-10-03 03:43:34.583 [EVENT] sock=2164 hEvent=00000994 events=0x0
2026-10-03 03:43:34.583 [EVENT] sock=2164 hEvent=00000994 events=0x21
2026-10-03 03:43:44.651 [EVENT] sock=2164 hEvent=00000994 events=0x0
2026-10-03 03:43:44.652 [EVENT] sock=2164 hEvent=00000994 events=0x21
2026-10-03 03:43:54.651 [EVENT] sock=2676 hEvent=00000A50 events=0x0
2026-10-03 03:43:54.655 [EVENT] sock=2676 hEvent=00000A50 events=0x21
2026-10-03 03:43:54.714 [EVENT] sock=2164 hEvent=00000994 events=0x0
2026-10-03 03:43:54.715 [EVENT] sock=2164 hEvent=00000994 events=0x21
2026-10-03 03:44:04.785 [EVENT] sock=2164 hEvent=00000994 events=0x0
2026-10-03 03:44:04.786 [EVENT] sock=2164 hEvent=00000994 events=0x21
2026-10-03 03:44:14.853 [EVENT] sock=2164 hEvent=00000994 events=0x0
2026-10-03 03:44:14.857 [EVENT] sock=2164 hEvent=00000994 events=0x21
2026-10-03 03:44:24.658 [EVENT] sock=2676 hEvent=00000A50 events=0x0
2026-10-03 03:44:24.664 [EVENT] sock=2676 hEvent=00000A50 events=0x21
2026-10-03 03:44:24.916 [EVENT] sock=2164 hEvent=00000994 events=0x0
2026-10-03 03:44:24.918 [EVENT] sock=2164 hEvent=00000994 events=0x21
2026-10-03 03:44:34.988 [EVENT] sock=2164 hEvent=00000994 events=0x0
2026-10-03 03:44:34.988 [EVENT] sock=2164 hEvent=00000994 events=0x21
2026-10-03 03:44:45.057 [EVENT] sock=2164 hEvent=00000994 events=0x0
2026-10-03 03:44:45.058 [EVENT] sock=2164 hEvent=00000994 events=0x21
2026-10-03 03:44:54.667 [EVENT] sock=2676 hEvent=00000A50 events=0x0
2026-10-03 03:44:54.667 [EVENT] sock=2676 hEvent=00000A50 events=0x21
2026-10-03 03:44:55.127 [EVENT] sock=2164 hEvent=00000994 events=0x0
2026-10-03 03:44:55.128 [EVENT] sock=2164 hEvent=00000994 events=0x21
2026-10-03 03:45:05.192 [EVENT] sock=2164 hEvent=00000994 events=0x0
2026-10-03 03:45:05.193 [EVENT] sock=2164 hEvent=00000994 events=0x21
2026-10-03 03:45:15.263 [EVENT] sock=2164 hEvent=00000994 events=0x0
2026-10-03 03:45:15.263 [EVENT] sock=2164 hEvent=00000994 events=0x21
2026-10-03 03:45:24.672 [EVENT] sock=2676 hEvent=00000A50 events=0x0
2026-10-03 03:45:24.679 [EVENT] sock=2676 hEvent=00000A50 events=0x21
2026-10-03 03:45:25.329 [EVENT] sock=2164 hEvent=00000994 events=0x0
2026-10-03 03:45:25.331 [EVENT] sock=2164 hEvent=00000994 events=0x21
2026-10-03 03:45:35.396 [EVENT] sock=2164 hEvent=00000994 events=0x0
2026-10-03 03:45:35.398 [EVENT] sock=2164 hEvent=00000994 events=0x21
2026-10-03 03:45:45.466 [EVENT] sock=2164 hEvent=00000994 events=0x0
2026-10-03 03:45:45.466 [EVENT] sock=2164 hEvent=00000994 events=0x21
2026-10-03 03:45:54.686 [EVENT] sock=2676 hEvent=00000A50 events=0x0
2026-10-03 03:45:54.686 [EVENT] sock=2676 hEvent=00000A50 events=0x21
2026-10-03 03:45:55.531 [EVENT] sock=2164 hEvent=00000994 events=0x0
2026-10-03 03:45:55.532 [EVENT] sock=2164 hEvent=00000994 events=0x21
2026-10-03 03:46:05.604 [EVENT] sock=2164 hEvent=00000994 events=0x0
2026-10-03 03:46:05.606 [EVENT] sock=2164 hEvent=00000994 events=0x21
2026-10-03 03:46:15.668 [EVENT] sock=2164 hEvent=00000994 events=0x0
2026-10-03 03:46:15.668 [EVENT] sock=2164 hEvent=00000994 events=0x21
2026-10-03 03:46:24.691 [EVENT] sock=2676 hEvent=00000A50 events=0x0
2026-10-03 03:46:24.698 [EVENT] sock=2676 hEvent=00000A50 events=0x21
2026-10-03 03:46:25.741 [EVENT] sock=2164 hEvent=00000994 events=0x0
2026-10-03 03:46:25.741 [EVENT] sock=2164 hEvent=00000994 events=0x21
2026-10-03 03:46:35.807 [EVENT] sock=2164 hEvent=00000994 events=0x0
2026-10-03 03:46:35.807 [EVENT] sock=2164 hEvent=00000994 events=0x21
2026-10-03 03:46:45.871 [EVENT] sock=2164 hEvent=00000994 events=0x0
2026-10-03 03:46:45.875 [EVENT] sock=2164 hEvent=00000994 events=0x21
2026-10-03 03:46:54.702 [EVENT] sock=2676 hEvent=00000A50 events=0x0
2026-10-03 03:46:54.703 [EVENT] sock=2676 hEvent=00000A50 events=0x21
2026-10-03 03:46:55.940 [EVENT] sock=2164 hEvent=00000994 events=0x0
2026-10-03 03:46:55.943 [EVENT] sock=2164 hEvent=00000994 events=0x21
2026-10-03 03:47:06.005 [EVENT] sock=2164 hEvent=00000994 events=0x0
2026-10-03 03:47:06.006 [EVENT] sock=2164 hEvent=00000994 events=0x21
2026-10-03 03:47:16.078 [EVENT] sock=2164 hEvent=00000994 events=0x0
2026-10-03 03:47:16.078 [EVENT] sock=2164 hEvent=00000994 events=0x21
2026-10-03 03:47:24.706 [EVENT] sock=2676 hEvent=00000A50 events=0x0
2026-10-03 03:47:24.718 [EVENT] sock=2676 hEvent=00000A50 events=0x21
2026-10-03 03:47:26.142 [EVENT] sock=2164 hEvent=00000994 events=0x0
2026-10-03 03:47:26.142 [EVENT] sock=2164 hEvent=00000994 events=0x21
2026-10-03 03:47:36.209 [EVENT] sock=2164 hEvent=00000994 events=0x0
2026-10-03 03:47:36.212 [EVENT] sock=2164 hEvent=00000994 events=0x21
2026-10-03 03:47:46.283 [EVENT] sock=2164 hEvent=00000994 events=0x0
2026-10-03 03:47:46.283 [EVENT] sock=2164 hEvent=00000994 events=0x21
2026-10-03 03:47:54.721 [EVENT] sock=2676 hEvent=00000A50 events=0x0
2026-10-03 03:47:54.721 [EVENT] sock=2676 hEvent=00000A50 events=0x21
2026-10-03 03:47:56.348 [EVENT] sock=2164 hEvent=00000994 events=0x0
2026-10-03 03:47:56.349 [EVENT] sock=2164 hEvent=00000994 events=0x21
2026-10-03 03:48:06.418 [EVENT] sock=2164 hEvent=00000994 events=0x0
2026-10-03 03:48:06.420 [EVENT] sock=2164 hEvent=00000994 events=0x21
2026-10-03 03:48:16.483 [EVENT] sock=2164 hEvent=00000994 events=0x0
2026-10-03 03:48:16.485 [EVENT] sock=2164 hEvent=00000994 events=0x21
2026-10-03 03:48:24.724 [EVENT] sock=2676 hEvent=00000A50 events=0x0
2026-10-03 03:48:24.730 [EVENT] sock=2676 hEvent=00000A50 events=0x21
2026-10-03 03:48:26.551 [EVENT] sock=2164 hEvent=00000994 events=0x0
2026-10-03 03:48:26.551 [EVENT] sock=2164 hEvent=00000994 events=0x21
2026-10-03 03:48:36.621 [EVENT] sock=2164 hEvent=00000994 events=0x0
2026-10-03 03:48:36.624 [EVENT] sock=2164 hEvent=00000994 events=0x21
2026-10-03 03:48:46.687 [EVENT] sock=2164 hEvent=00000994 events=0x0
2026-10-03 03:48:46.689 [EVENT] sock=2164 hEvent=00000994 events=0x21
2026-10-03 03:48:54.738 [EVENT] sock=2676 hEvent=00000A50 events=0x0
2026-10-03 03:48:54.742 [EVENT] sock=2676 hEvent=00000A50 events=0x21
2026-10-03 03:48:56.751 [EVENT] sock=2164 hEvent=00000994 events=0x0
2026-10-03 03:48:56.751 [EVENT] sock=2164 hEvent=00000994 events=0x21
2026-10-03 03:49:06.819 [EVENT] sock=2164 hEvent=00000994 events=0x0
2026-10-03 03:49:06.823 [EVENT] sock=2164 hEvent=00000994 events=0x21
2026-10-03 03:49:16.888 [EVENT] sock=2164 hEvent=00000994 events=0x0
2026-10-03 03:49:16.890 [EVENT] sock=2164 hEvent=00000994 events=0x21
2026-10-03 03:49:23.923 [OP] 4031 inv=FFE9 len=22 #2 fd0b6afa722b1f805b640094d3faa38fb95e0791b10b
2026-10-03 03:49:24.745 [EVENT] sock=2676 hEvent=00000A50 events=0x0
2026-10-03 03:49:24.750 [EVENT] sock=2676 hEvent=00000A50 events=0x21
2026-10-03 03:49:26.959 [EVENT] sock=2164 hEvent=00000994 events=0x0
2026-10-03 03:49:26.959 [EVENT] sock=2164 hEvent=00000994 events=0x21
2026-10-03 03:49:37.020 [EVENT] sock=2164 hEvent=00000994 events=0x0
2026-10-03 03:49:37.024 [EVENT] sock=2164 hEvent=00000994 events=0x21
2026-10-03 03:49:47.094 [EVENT] sock=2164 hEvent=00000994 events=0x0
2026-10-03 03:49:47.095 [EVENT] sock=2164 hEvent=00000994 events=0x21
2026-10-03 03:49:54.753 [EVENT] sock=2676 hEvent=00000A50 events=0x0
2026-10-03 03:49:54.754 [EVENT] sock=2676 hEvent=00000A50 events=0x21
2026-10-03 03:49:57.155 [EVENT] sock=2164 hEvent=00000994 events=0x0
2026-10-03 03:49:57.160 [EVENT] sock=2164 hEvent=00000994 events=0x21
2026-10-03 03:50:07.224 [EVENT] sock=2164 hEvent=00000994 events=0x0
2026-10-03 03:50:07.227 [EVENT] sock=2164 hEvent=00000994 events=0x21
2026-10-03 03:50:17.294 [EVENT] sock=2164 hEvent=00000994 events=0x0
2026-10-03 03:50:17.296 [EVENT] sock=2164 hEvent=00000994 events=0x21
2026-10-03 03:50:24.761 [EVENT] sock=2676 hEvent=00000A50 events=0x0
2026-10-03 03:50:24.766 [EVENT] sock=2676 hEvent=00000A50 events=0x21
2026-10-03 03:50:27.361 [EVENT] sock=2164 hEvent=00000994 events=0x0
2026-10-03 03:50:27.361 [EVENT] sock=2164 hEvent=00000994 events=0x21
2026-10-03 03:50:37.424 [EVENT] sock=2164 hEvent=00000994 events=0x0
2026-10-03 03:50:37.425 [EVENT] sock=2164 hEvent=00000994 events=0x21
2026-10-03 03:50:47.492 [EVENT] sock=2164 hEvent=00000994 events=0x0
2026-10-03 03:50:47.493 [EVENT] sock=2164 hEvent=00000994 events=0x21
2026-10-03 03:50:54.769 [EVENT] sock=2676 hEvent=00000A50 events=0x0
2026-10-03 03:50:54.769 [EVENT] sock=2676 hEvent=00000A50 events=0x21
2026-10-03 03:50:57.561 [EVENT] sock=2164 hEvent=00000994 events=0x0
2026-10-03 03:50:57.565 [EVENT] sock=2164 hEvent=00000994 events=0x21
2026-10-03 03:51:07.627 [EVENT] sock=2164 hEvent=00000994 events=0x0
2026-10-03 03:51:07.628 [EVENT] sock=2164 hEvent=00000994 events=0x21
2026-10-03 03:51:17.694 [EVENT] sock=2164 hEvent=00000994 events=0x0
2026-10-03 03:51:17.695 [EVENT] sock=2164 hEvent=00000994 events=0x21
2026-10-03 03:51:24.773 [EVENT] sock=2676 hEvent=00000A50 events=0x0
2026-10-03 03:51:24.780 [EVENT] sock=2676 hEvent=00000A50 events=0x21
2026-10-03 03:51:27.761 [EVENT] sock=2164 hEvent=00000994 events=0x0
2026-10-03 03:51:27.762 [EVENT] sock=2164 hEvent=00000994 events=0x21
2026-10-03 03:51:37.832 [EVENT] sock=2164 hEvent=00000994 events=0x0
2026-10-03 03:51:37.836 [EVENT] sock=2164 hEvent=00000994 events=0x21
2026-10-03 03:51:47.903 [EVENT] sock=2164 hEvent=00000994 events=0x0
2026-10-03 03:51:47.904 [EVENT] sock=2164 hEvent=00000994 events=0x21
2026-10-03 03:51:54.785 [EVENT] sock=2676 hEvent=00000A50 events=0x0
2026-10-03 03:51:54.787 [EVENT] sock=2676 hEvent=00000A50 events=0x21
2026-10-03 03:51:57.967 [EVENT] sock=2164 hEvent=00000994 events=0x0
2026-10-03 03:51:57.971 [EVENT] sock=2164 hEvent=00000994 events=0x21
2026-10-03 03:52:08.035 [EVENT] sock=2164 hEvent=00000994 events=0x0
2026-10-03 03:52:08.035 [EVENT] sock=2164 hEvent=00000994 events=0x21
2026-10-03 03:52:18.101 [EVENT] sock=2164 hEvent=00000994 events=0x0
2026-10-03 03:52:18.105 [EVENT] sock=2164 hEvent=00000994 events=0x21
2026-10-03 03:52:24.791 [EVENT] sock=2676 hEvent=00000A50 events=0x0
2026-10-03 03:52:24.797 [EVENT] sock=2676 hEvent=00000A50 events=0x21
2026-10-03 03:52:28.170 [EVENT] sock=2164 hEvent=00000994 events=0x0
2026-10-03 03:52:28.170 [EVENT] sock=2164 hEvent=00000994 events=0x21
2026-10-03 03:52:38.240 [EVENT] sock=2164 hEvent=00000994 events=0x0
2026-10-03 03:52:38.240 [EVENT] sock=2164 hEvent=00000994 events=0x21
2026-10-03 03:52:48.324 [EVENT] sock=2164 hEvent=00000994 events=0x0
2026-10-03 03:52:48.325 [EVENT] sock=2164 hEvent=00000994 events=0x21
2026-10-03 03:52:54.801 [EVENT] sock=2676 hEvent=00000A50 events=0x0
2026-10-03 03:52:54.802 [EVENT] sock=2676 hEvent=00000A50 events=0x21
2026-10-03 03:52:58.386 [EVENT] sock=2164 hEvent=00000994 events=0x0
2026-10-03 03:52:58.391 [EVENT] sock=2164 hEvent=00000994 events=0x21
2026-10-03 03:53:08.457 [EVENT] sock=2164 hEvent=00000994 events=0x0
2026-10-03 03:53:08.458 [EVENT] sock=2164 hEvent=00000994 events=0x21
2026-10-03 03:53:18.526 [EVENT] sock=2164 hEvent=00000994 events=0x0
2026-10-03 03:53:18.527 [EVENT] sock=2164 hEvent=00000994 events=0x21
2026-10-03 03:53:24.807 [EVENT] sock=2676 hEvent=00000A50 events=0x0
2026-10-03 03:53:24.817 [EVENT] sock=2676 hEvent=00000A50 events=0x21
2026-10-03 03:53:28.590 [EVENT] sock=2164 hEvent=00000994 events=0x0
2026-10-03 03:53:28.590 [EVENT] sock=2164 hEvent=00000994 events=0x21
2026-10-03 03:53:38.661 [EVENT] sock=2164 hEvent=00000994 events=0x0
2026-10-03 03:53:38.661 [EVENT] sock=2164 hEvent=00000994 events=0x21
2026-10-03 03:53:48.727 [EVENT] sock=2164 hEvent=00000994 events=0x0
2026-10-03 03:53:48.728 [EVENT] sock=2164 hEvent=00000994 events=0x21
2026-10-03 03:53:54.821 [EVENT] sock=2676 hEvent=00000A50 events=0x0
2026-10-03 03:53:54.822 [EVENT] sock=2676 hEvent=00000A50 events=0x21
2026-10-03 03:53:58.791 [EVENT] sock=2164 hEvent=00000994 events=0x0
2026-10-03 03:53:58.792 [EVENT] sock=2164 hEvent=00000994 events=0x21
2026-10-03 03:54:08.859 [EVENT] sock=2164 hEvent=00000994 events=0x0
2026-10-03 03:54:08.859 [EVENT] sock=2164 hEvent=00000994 events=0x21
2026-10-03 03:54:18.926 [EVENT] sock=2164 hEvent=00000994 events=0x0
2026-10-03 03:54:18.927 [EVENT] sock=2164 hEvent=00000994 events=0x21
2026-10-03 03:54:24.825 [EVENT] sock=2676 hEvent=00000A50 events=0x0
2026-10-03 03:54:24.838 [EVENT] sock=2676 hEvent=00000A50 events=0x21
2026-10-03 03:54:28.992 [EVENT] sock=2164 hEvent=00000994 events=0x0
2026-10-03 03:54:28.996 [EVENT] sock=2164 hEvent=00000994 events=0x21
2026-10-03 03:54:39.064 [EVENT] sock=2164 hEvent=00000994 events=0x0
2026-10-03 03:54:39.065 [EVENT] sock=2164 hEvent=00000994 events=0x21
2026-10-03 03:54:49.149 [EVENT] sock=2164 hEvent=00000994 events=0x0
2026-10-03 03:54:49.150 [EVENT] sock=2164 hEvent=00000994 events=0x21
2026-10-03 03:54:54.842 [EVENT] sock=2676 hEvent=00000A50 events=0x0
2026-10-03 03:54:54.843 [EVENT] sock=2676 hEvent=00000A50 events=0x21
2026-10-03 03:54:59.211 [EVENT] sock=2164 hEvent=00000994 events=0x0
2026-10-03 03:54:59.212 [EVENT] sock=2164 hEvent=00000994 events=0x21
2026-10-03 03:55:09.283 [EVENT] sock=2164 hEvent=00000994 events=0x0
2026-10-03 03:55:09.284 [EVENT] sock=2164 hEvent=00000994 events=0x21
2026-10-03 03:55:19.350 [EVENT] sock=2164 hEvent=00000994 events=0x0
2026-10-03 03:55:19.352 [EVENT] sock=2164 hEvent=00000994 events=0x21
2026-10-03 03:55:24.845 [EVENT] sock=2676 hEvent=00000A50 events=0x0
2026-10-03 03:55:24.856 [EVENT] sock=2676 hEvent=00000A50 events=0x21
2026-10-03 03:55:29.418 [EVENT] sock=2164 hEvent=00000994 events=0x0
2026-10-03 03:55:29.418 [EVENT] sock=2164 hEvent=00000994 events=0x21
2026-10-03 03:55:39.483 [EVENT] sock=2164 hEvent=00000994 events=0x0
2026-10-03 03:55:39.487 [EVENT] sock=2164 hEvent=00000994 events=0x21
2026-10-03 03:55:49.654 [EVENT] sock=2164 hEvent=00000994 events=0x0
2026-10-03 03:55:49.655 [EVENT] sock=2164 hEvent=00000994 events=0x21
2026-10-03 03:55:54.859 [EVENT] sock=2676 hEvent=00000A50 events=0x0
2026-10-03 03:55:54.859 [EVENT] sock=2676 hEvent=00000A50 events=0x21
2026-10-03 03:55:59.722 [EVENT] sock=2164 hEvent=00000994 events=0x0
2026-10-03 03:55:59.723 [EVENT] sock=2164 hEvent=00000994 events=0x21
2026-10-03 03:56:09.785 [EVENT] sock=2164 hEvent=00000994 events=0x0
2026-10-03 03:56:09.786 [EVENT] sock=2164 hEvent=00000994 events=0x21
2026-10-03 03:56:19.918 [EVENT] sock=2164 hEvent=00000994 events=0x0
2026-10-03 03:56:19.919 [EVENT] sock=2164 hEvent=00000994 events=0x21
2026-10-03 03:56:24.862 [EVENT] sock=2676 hEvent=00000A50 events=0x0
2026-10-03 03:56:24.866 [EVENT] sock=2676 hEvent=00000A50 events=0x21
2026-10-03 03:56:29.987 [EVENT] sock=2164 hEvent=00000994 events=0x0
2026-10-03 03:56:29.990 [EVENT] sock=2164 hEvent=00000994 events=0x21
2026-10-03 03:56:40.055 [EVENT] sock=2164 hEvent=00000994 events=0x0
2026-10-03 03:56:40.056 [EVENT] sock=2164 hEvent=00000994 events=0x21
2026-10-03 03:56:50.152 [EVENT] sock=2164 hEvent=00000994 events=0x0
2026-10-03 03:56:50.152 [EVENT] sock=2164 hEvent=00000994 events=0x21
2026-10-03 03:56:54.868 [EVENT] sock=2676 hEvent=00000A50 events=0x0
2026-10-03 03:56:54.868 [EVENT] sock=2676 hEvent=00000A50 events=0x21
2026-10-03 03:57:00.227 [EVENT] sock=2164 hEvent=00000994 events=0x0
2026-10-03 03:57:00.227 [EVENT] sock=2164 hEvent=00000994 events=0x21
2026-10-03 03:57:10.294 [EVENT] sock=2164 hEvent=00000994 events=0x0
2026-10-03 03:57:10.294 [EVENT] sock=2164 hEvent=00000994 events=0x21
2026-10-03 03:57:20.362 [EVENT] sock=2164 hEvent=00000994 events=0x0
2026-10-03 03:57:20.363 [EVENT] sock=2164 hEvent=00000994 events=0x21
2026-10-03 03:57:24.872 [EVENT] sock=2676 hEvent=00000A50 events=0x0
2026-10-03 03:57:24.883 [EVENT] sock=2676 hEvent=00000A50 events=0x21
2026-10-03 03:57:30.445 [EVENT] sock=2164 hEvent=00000994 events=0x0
2026-10-03 03:57:30.446 [EVENT] sock=2164 hEvent=00000994 events=0x21
2026-10-03 03:57:40.508 [EVENT] sock=2164 hEvent=00000994 events=0x0
2026-10-03 03:57:40.509 [EVENT] sock=2164 hEvent=00000994 events=0x21
2026-10-03 03:57:50.581 [EVENT] sock=2164 hEvent=00000994 events=0x0
2026-10-03 03:57:50.581 [EVENT] sock=2164 hEvent=00000994 events=0x21
2026-10-03 03:57:54.887 [EVENT] sock=2676 hEvent=00000A50 events=0x0
2026-10-03 03:57:54.887 [EVENT] sock=2676 hEvent=00000A50 events=0x21
2026-10-03 03:58:00.648 [EVENT] sock=2164 hEvent=00000994 events=0x0
2026-10-03 03:58:00.649 [EVENT] sock=2164 hEvent=00000994 events=0x21
2026-10-03 03:58:10.714 [EVENT] sock=2164 hEvent=00000994 events=0x0
2026-10-03 03:58:10.716 [EVENT] sock=2164 hEvent=00000994 events=0x21
2026-10-03 03:58:20.779 [EVENT] sock=2164 hEvent=00000994 events=0x0
2026-10-03 03:58:20.780 [EVENT] sock=2164 hEvent=00000994 events=0x21
2026-10-03 03:58:24.890 [EVENT] sock=2676 hEvent=00000A50 events=0x0
2026-10-03 03:58:24.900 [EVENT] sock=2676 hEvent=00000A50 events=0x21
2026-10-03 03:58:30.851 [EVENT] sock=2164 hEvent=00000994 events=0x0
2026-10-03 03:58:30.852 [EVENT] sock=2164 hEvent=00000994 events=0x21
2026-10-03 03:58:40.918 [EVENT] sock=2164 hEvent=00000994 events=0x0
2026-10-03 03:58:40.918 [EVENT] sock=2164 hEvent=00000994 events=0x21
2026-10-03 03:58:51.034 [EVENT] sock=2164 hEvent=00000994 events=0x0
2026-10-03 03:58:51.035 [EVENT] sock=2164 hEvent=00000994 events=0x21
2026-10-03 03:58:54.906 [EVENT] sock=2676 hEvent=00000A50 events=0x0
2026-10-03 03:58:54.907 [EVENT] sock=2676 hEvent=00000A50 events=0x21
2026-10-03 03:59:01.099 [EVENT] sock=2164 hEvent=00000994 events=0x0
2026-10-03 03:59:01.101 [EVENT] sock=2164 hEvent=00000994 events=0x21
2026-10-03 03:59:11.165 [EVENT] sock=2164 hEvent=00000994 events=0x0
2026-10-03 03:59:11.169 [EVENT] sock=2164 hEvent=00000994 events=0x21
2026-10-03 03:59:21.257 [EVENT] sock=2164 hEvent=00000994 events=0x0
2026-10-03 03:59:21.258 [EVENT] sock=2164 hEvent=00000994 events=0x21
2026-10-03 03:59:24.909 [EVENT] sock=2676 hEvent=00000A50 events=0x0
2026-10-03 03:59:24.913 [EVENT] sock=2676 hEvent=00000A50 events=0x21
2026-10-03 03:59:31.320 [EVENT] sock=2164 hEvent=00000994 events=0x0
2026-10-03 03:59:31.321 [EVENT] sock=2164 hEvent=00000994 events=0x21
2026-10-03 03:59:41.388 [EVENT] sock=2164 hEvent=00000994 events=0x0
2026-10-03 03:59:41.389 [EVENT] sock=2164 hEvent=00000994 events=0x21
2026-10-03 03:59:51.556 [EVENT] sock=2164 hEvent=00000994 events=0x0
2026-10-03 03:59:51.556 [EVENT] sock=2164 hEvent=00000994 events=0x21
2026-10-03 03:59:54.917 [EVENT] sock=2676 hEvent=00000A50 events=0x0
2026-10-03 03:59:54.918 [EVENT] sock=2676 hEvent=00000A50 events=0x21
2026-10-03 04:00:01.625 [EVENT] sock=2164 hEvent=00000994 events=0x0
2026-10-03 04:00:01.627 [EVENT] sock=2164 hEvent=00000994 events=0x21
2026-10-03 04:00:11.691 [EVENT] sock=2164 hEvent=00000994 events=0x0
2026-10-03 04:00:11.691 [EVENT] sock=2164 hEvent=00000994 events=0x21
2026-10-03 04:00:21.809 [EVENT] sock=2164 hEvent=00000994 events=0x0
2026-10-03 04:00:21.811 [EVENT] sock=2164 hEvent=00000994 events=0x21
2026-10-03 04:00:24.921 [EVENT] sock=2676 hEvent=00000A50 events=0x0
2026-10-03 04:00:24.930 [EVENT] sock=2676 hEvent=00000A50 events=0x21
2026-10-03 04:00:31.873 [EVENT] sock=2164 hEvent=00000994 events=0x0
2026-10-03 04:00:31.874 [EVENT] sock=2164 hEvent=00000994 events=0x21
2026-10-03 04:00:41.941 [EVENT] sock=2164 hEvent=00000994 events=0x0
2026-10-03 04:00:41.941 [EVENT] sock=2164 hEvent=00000994 events=0x21
2026-10-03 04:00:52.010 [EVENT] sock=2164 hEvent=00000994 events=0x0
2026-10-03 04:00:52.013 [EVENT] sock=2164 hEvent=00000994 events=0x21
2026-10-03 04:00:54.934 [EVENT] sock=2676 hEvent=00000A50 events=0x0
2026-10-03 04:00:54.934 [EVENT] sock=2676 hEvent=00000A50 events=0x21
2026-10-03 04:01:02.074 [EVENT] sock=2164 hEvent=00000994 events=0x0
2026-10-03 04:01:02.074 [EVENT] sock=2164 hEvent=00000994 events=0x21
2026-10-03 04:01:12.143 [EVENT] sock=2164 hEvent=00000994 events=0x0
2026-10-03 04:01:12.147 [EVENT] sock=2164 hEvent=00000994 events=0x21
2026-10-03 04:01:22.215 [EVENT] sock=2164 hEvent=00000994 events=0x0
2026-10-03 04:01:22.216 [EVENT] sock=2164 hEvent=00000994 events=0x21
2026-10-03 04:01:24.936 [EVENT] sock=2676 hEvent=00000A50 events=0x0
2026-10-03 04:01:24.939 [EVENT] sock=2676 hEvent=00000A50 events=0x21
2026-10-03 04:01:32.283 [EVENT] sock=2164 hEvent=00000994 events=0x0
2026-10-03 04:01:32.284 [EVENT] sock=2164 hEvent=00000994 events=0x21
2026-10-03 04:01:42.349 [EVENT] sock=2164 hEvent=00000994 events=0x0
2026-10-03 04:01:42.350 [EVENT] sock=2164 hEvent=00000994 events=0x21
2026-10-03 04:01:52.412 [EVENT] sock=2164 hEvent=00000994 events=0x0
2026-10-03 04:01:52.417 [EVENT] sock=2164 hEvent=00000994 events=0x21
2026-10-03 04:01:54.942 [EVENT] sock=2676 hEvent=00000A50 events=0x0
2026-10-03 04:01:54.942 [EVENT] sock=2676 hEvent=00000A50 events=0x21
2026-10-03 04:02:02.479 [EVENT] sock=2164 hEvent=00000994 events=0x0
2026-10-03 04:02:02.480 [EVENT] sock=2164 hEvent=00000994 events=0x21
2026-10-03 04:02:12.546 [EVENT] sock=2164 hEvent=00000994 events=0x0
2026-10-03 04:02:12.548 [EVENT] sock=2164 hEvent=00000994 events=0x21
2026-10-03 04:02:22.669 [EVENT] sock=2164 hEvent=00000994 events=0x0
2026-10-03 04:02:22.669 [EVENT] sock=2164 hEvent=00000994 events=0x21
2026-10-03 04:02:24.945 [EVENT] sock=2676 hEvent=00000A50 events=0x0
2026-10-03 04:02:24.954 [EVENT] sock=2676 hEvent=00000A50 events=0x21
2026-10-03 04:02:32.737 [EVENT] sock=2164 hEvent=00000994 events=0x0
2026-10-03 04:02:32.738 [EVENT] sock=2164 hEvent=00000994 events=0x21
2026-10-03 04:02:42.800 [EVENT] sock=2164 hEvent=00000994 events=0x0
2026-10-03 04:02:42.804 [EVENT] sock=2164 hEvent=00000994 events=0x21
2026-10-03 04:02:52.888 [EVENT] sock=2164 hEvent=00000994 events=0x0
2026-10-03 04:02:52.888 [EVENT] sock=2164 hEvent=00000994 events=0x21
2026-10-03 04:02:54.957 [EVENT] sock=2676 hEvent=00000A50 events=0x0
2026-10-03 04:02:54.959 [EVENT] sock=2676 hEvent=00000A50 events=0x21
2026-10-03 04:03:02.951 [EVENT] sock=2164 hEvent=00000994 events=0x0
2026-10-03 04:03:02.953 [EVENT] sock=2164 hEvent=00000994 events=0x21
2026-10-03 04:03:13.020 [EVENT] sock=2164 hEvent=00000994 events=0x0
2026-10-03 04:03:13.022 [EVENT] sock=2164 hEvent=00000994 events=0x21
2026-10-03 04:03:23.086 [EVENT] sock=2164 hEvent=00000994 events=0x0
2026-10-03 04:03:23.090 [EVENT] sock=2164 hEvent=00000994 events=0x21
2026-10-03 04:03:24.962 [EVENT] sock=2676 hEvent=00000A50 events=0x0
2026-10-03 04:03:24.965 [EVENT] sock=2676 hEvent=00000A50 events=0x21
2026-10-03 04:03:33.153 [EVENT] sock=2164 hEvent=00000994 events=0x0
2026-10-03 04:03:33.154 [EVENT] sock=2164 hEvent=00000994 events=0x21
2026-10-03 04:03:43.224 [EVENT] sock=2164 hEvent=00000994 events=0x0
2026-10-03 04:03:43.225 [EVENT] sock=2164 hEvent=00000994 events=0x21
2026-10-03 04:03:53.308 [EVENT] sock=2164 hEvent=00000994 events=0x0
2026-10-03 04:03:53.310 [EVENT] sock=2164 hEvent=00000994 events=0x21
2026-10-03 04:03:54.968 [EVENT] sock=2676 hEvent=00000A50 events=0x0
2026-10-03 04:03:54.968 [EVENT] sock=2676 hEvent=00000A50 events=0x21
2026-10-03 04:04:03.378 [EVENT] sock=2164 hEvent=00000994 events=0x0
2026-10-03 04:04:03.379 [EVENT] sock=2164 hEvent=00000994 events=0x21
2026-10-03 04:04:13.439 [EVENT] sock=2164 hEvent=00000994 events=0x0
2026-10-03 04:04:13.443 [EVENT] sock=2164 hEvent=00000994 events=0x21
2026-10-03 04:04:23.509 [EVENT] sock=2164 hEvent=00000994 events=0x0
2026-10-03 04:04:23.512 [EVENT] sock=2164 hEvent=00000994 events=0x21
2026-10-03 04:04:24.972 [EVENT] sock=2676 hEvent=00000A50 events=0x0
2026-10-03 04:04:24.983 [EVENT] sock=2676 hEvent=00000A50 events=0x21
2026-10-03 04:04:33.577 [EVENT] sock=2164 hEvent=00000994 events=0x0
2026-10-03 04:04:33.578 [EVENT] sock=2164 hEvent=00000994 events=0x21
2026-10-03 04:04:43.645 [EVENT] sock=2164 hEvent=00000994 events=0x0
2026-10-03 04:04:43.646 [EVENT] sock=2164 hEvent=00000994 events=0x21
2026-10-03 04:04:53.711 [EVENT] sock=2164 hEvent=00000994 events=0x0
2026-10-03 04:04:53.711 [EVENT] sock=2164 hEvent=00000994 events=0x21
2026-10-03 04:04:54.985 [EVENT] sock=2676 hEvent=00000A50 events=0x0
2026-10-03 04:04:54.985 [EVENT] sock=2676 hEvent=00000A50 events=0x21
2026-10-03 04:05:03.775 [EVENT] sock=2164 hEvent=00000994 events=0x0
2026-10-03 04:05:03.775 [EVENT] sock=2164 hEvent=00000994 events=0x21
2026-10-03 04:05:13.842 [EVENT] sock=2164 hEvent=00000994 events=0x0
2026-10-03 04:05:13.846 [EVENT] sock=2164 hEvent=00000994 events=0x21
2026-10-03 04:05:23.963 [EVENT] sock=2164 hEvent=00000994 events=0x0
2026-10-03 04:05:23.963 [EVENT] sock=2164 hEvent=00000994 events=0x21
2026-10-03 04:05:24.988 [EVENT] sock=2676 hEvent=00000A50 events=0x0
2026-10-03 04:05:25.000 [EVENT] sock=2676 hEvent=00000A50 events=0x21
2026-10-03 04:05:34.030 [EVENT] sock=2164 hEvent=00000994 events=0x0
2026-10-03 04:05:34.033 [EVENT] sock=2164 hEvent=00000994 events=0x21
2026-10-03 04:05:44.094 [EVENT] sock=2164 hEvent=00000994 events=0x0
2026-10-03 04:05:44.095 [EVENT] sock=2164 hEvent=00000994 events=0x21
2026-10-03 04:05:54.161 [EVENT] sock=2164 hEvent=00000994 events=0x0
2026-10-03 04:05:54.165 [EVENT] sock=2164 hEvent=00000994 events=0x21
2026-10-03 04:05:55.004 [EVENT] sock=2676 hEvent=00000A50 events=0x0
2026-10-03 04:05:55.004 [EVENT] sock=2676 hEvent=00000A50 events=0x21
2026-10-03 04:06:04.230 [EVENT] sock=2164 hEvent=00000994 events=0x0
2026-10-03 04:06:04.233 [EVENT] sock=2164 hEvent=00000994 events=0x21
2026-10-03 04:06:14.294 [EVENT] sock=2164 hEvent=00000994 events=0x0
2026-10-03 04:06:14.296 [EVENT] sock=2164 hEvent=00000994 events=0x21
2026-10-03 04:06:24.416 [EVENT] sock=2164 hEvent=00000994 events=0x0
2026-10-03 04:06:24.416 [EVENT] sock=2164 hEvent=00000994 events=0x21
2026-10-03 04:06:25.006 [EVENT] sock=2676 hEvent=00000A50 events=0x0
2026-10-03 04:06:25.010 [EVENT] sock=2676 hEvent=00000A50 events=0x21
2026-10-03 04:06:34.479 [EVENT] sock=2164 hEvent=00000994 events=0x0
2026-10-03 04:06:34.480 [EVENT] sock=2164 hEvent=00000994 events=0x21
2026-10-03 04:06:44.546 [EVENT] sock=2164 hEvent=00000994 events=0x0
2026-10-03 04:06:44.547 [EVENT] sock=2164 hEvent=00000994 events=0x21
2026-10-03 04:06:54.671 [EVENT] sock=2164 hEvent=00000994 events=0x0
2026-10-03 04:06:54.671 [EVENT] sock=2164 hEvent=00000994 events=0x21
2026-10-03 04:06:55.013 [EVENT] sock=2676 hEvent=00000A50 events=0x0
2026-10-03 04:06:55.014 [EVENT] sock=2676 hEvent=00000A50 events=0x21
2026-10-03 04:07:04.734 [EVENT] sock=2164 hEvent=00000994 events=0x0
2026-10-03 04:07:04.735 [EVENT] sock=2164 hEvent=00000994 events=0x21
2026-10-03 04:07:14.801 [EVENT] sock=2164 hEvent=00000994 events=0x0
2026-10-03 04:07:14.805 [EVENT] sock=2164 hEvent=00000994 events=0x21
2026-10-03 04:07:24.887 [EVENT] sock=2164 hEvent=00000994 events=0x0
2026-10-03 04:07:24.890 [EVENT] sock=2164 hEvent=00000994 events=0x21
2026-10-03 04:07:25.016 [EVENT] sock=2676 hEvent=00000A50 events=0x0
2026-10-03 04:07:25.033 [EVENT] sock=2676 hEvent=00000A50 events=0x21
2026-10-03 04:07:34.952 [EVENT] sock=2164 hEvent=00000994 events=0x0
2026-10-03 04:07:34.955 [EVENT] sock=2164 hEvent=00000994 events=0x21
2026-10-03 04:07:45.019 [EVENT] sock=2164 hEvent=00000994 events=0x0
2026-10-03 04:07:45.021 [EVENT] sock=2164 hEvent=00000994 events=0x21
2026-10-03 04:07:55.034 [EVENT] sock=2676 hEvent=00000A50 events=0x0
2026-10-03 04:07:55.035 [EVENT] sock=2676 hEvent=00000A50 events=0x21
2026-10-03 04:07:55.194 [EVENT] sock=2164 hEvent=00000994 events=0x0
2026-10-03 04:07:55.194 [EVENT] sock=2164 hEvent=00000994 events=0x21
2026-10-03 04:08:05.253 [EVENT] sock=2164 hEvent=00000994 events=0x0
2026-10-03 04:08:05.253 [EVENT] sock=2164 hEvent=00000994 events=0x21
2026-10-03 04:08:15.321 [EVENT] sock=2164 hEvent=00000994 events=0x0
2026-10-03 04:08:15.321 [EVENT] sock=2164 hEvent=00000994 events=0x21
2026-10-03 04:08:25.037 [EVENT] sock=2676 hEvent=00000A50 events=0x0
2026-10-03 04:08:25.049 [EVENT] sock=2676 hEvent=00000A50 events=0x21
2026-10-03 04:08:25.393 [EVENT] sock=2164 hEvent=00000994 events=0x0
2026-10-03 04:08:25.393 [EVENT] sock=2164 hEvent=00000994 events=0x21
2026-10-03 04:08:35.456 [EVENT] sock=2164 hEvent=00000994 events=0x0
2026-10-03 04:08:35.456 [EVENT] sock=2164 hEvent=00000994 events=0x21
2026-10-03 04:08:45.526 [EVENT] sock=2164 hEvent=00000994 events=0x0
2026-10-03 04:08:45.528 [EVENT] sock=2164 hEvent=00000994 events=0x21
2026-10-03 04:08:55.051 [EVENT] sock=2676 hEvent=00000A50 events=0x0
2026-10-03 04:08:55.051 [EVENT] sock=2676 hEvent=00000A50 events=0x21
2026-10-03 04:08:55.645 [EVENT] sock=2164 hEvent=00000994 events=0x0
2026-10-03 04:08:55.645 [EVENT] sock=2164 hEvent=00000994 events=0x21
2026-10-03 04:09:05.707 [EVENT] sock=2164 hEvent=00000994 events=0x0
2026-10-03 04:09:05.707 [EVENT] sock=2164 hEvent=00000994 events=0x21
2026-10-03 04:09:15.773 [EVENT] sock=2164 hEvent=00000994 events=0x0
2026-10-03 04:09:15.774 [EVENT] sock=2164 hEvent=00000994 events=0x21
2026-10-03 04:09:25.055 [EVENT] sock=2676 hEvent=00000A50 events=0x0
2026-10-03 04:09:25.067 [EVENT] sock=2676 hEvent=00000A50 events=0x21
2026-10-03 04:09:25.960 [EVENT] sock=2164 hEvent=00000994 events=0x0
2026-10-03 04:09:25.963 [EVENT] sock=2164 hEvent=00000994 events=0x21
2026-10-03 04:09:36.028 [EVENT] sock=2164 hEvent=00000994 events=0x0
2026-10-03 04:09:36.030 [EVENT] sock=2164 hEvent=00000994 events=0x21
2026-10-03 04:09:46.096 [EVENT] sock=2164 hEvent=00000994 events=0x0
2026-10-03 04:09:46.097 [EVENT] sock=2164 hEvent=00000994 events=0x21
2026-10-03 04:09:55.068 [EVENT] sock=2676 hEvent=00000A50 events=0x0
2026-10-03 04:09:55.068 [EVENT] sock=2676 hEvent=00000A50 events=0x21
2026-10-03 04:09:56.160 [EVENT] sock=2164 hEvent=00000994 events=0x0
2026-10-03 04:09:56.165 [EVENT] sock=2164 hEvent=00000994 events=0x21
2026-10-03 04:10:06.226 [EVENT] sock=2164 hEvent=00000994 events=0x0
2026-10-03 04:10:06.226 [EVENT] sock=2164 hEvent=00000994 events=0x21
2026-10-03 04:10:16.295 [EVENT] sock=2164 hEvent=00000994 events=0x0
2026-10-03 04:10:16.297 [EVENT] sock=2164 hEvent=00000994 events=0x21
2026-10-03 04:10:25.071 [EVENT] sock=2676 hEvent=00000A50 events=0x0
2026-10-03 04:10:25.073 [EVENT] sock=2676 hEvent=00000A50 events=0x21
2026-10-03 04:10:26.366 [EVENT] sock=2164 hEvent=00000994 events=0x0
2026-10-03 04:10:26.367 [EVENT] sock=2164 hEvent=00000994 events=0x21
2026-10-03 04:10:36.431 [EVENT] sock=2164 hEvent=00000994 events=0x0
2026-10-03 04:10:36.431 [EVENT] sock=2164 hEvent=00000994 events=0x21
2026-10-03 04:10:46.501 [EVENT] sock=2164 hEvent=00000994 events=0x0
2026-10-03 04:10:46.501 [EVENT] sock=2164 hEvent=00000994 events=0x21
2026-10-03 04:10:55.076 [EVENT] sock=2676 hEvent=00000A50 events=0x0
2026-10-03 04:10:55.076 [EVENT] sock=2676 hEvent=00000A50 events=0x21
2026-10-03 04:10:56.569 [EVENT] sock=2164 hEvent=00000994 events=0x0
2026-10-03 04:10:56.572 [EVENT] sock=2164 hEvent=00000994 events=0x21
2026-10-03 04:11:06.633 [EVENT] sock=2164 hEvent=00000994 events=0x0
2026-10-03 04:11:06.633 [EVENT] sock=2164 hEvent=00000994 events=0x21
2026-10-03 04:11:16.705 [EVENT] sock=2164 hEvent=00000994 events=0x0
2026-10-03 04:11:16.705 [EVENT] sock=2164 hEvent=00000994 events=0x21
2026-10-03 04:11:25.079 [EVENT] sock=2676 hEvent=00000A50 events=0x0
2026-10-03 04:11:25.086 [EVENT] sock=2676 hEvent=00000A50 events=0x21
2026-10-03 04:11:26.770 [EVENT] sock=2164 hEvent=00000994 events=0x0
2026-10-03 04:11:26.770 [EVENT] sock=2164 hEvent=00000994 events=0x21
2026-10-03 04:11:36.834 [EVENT] sock=2164 hEvent=00000994 events=0x0
2026-10-03 04:11:36.835 [EVENT] sock=2164 hEvent=00000994 events=0x21
2026-10-03 04:11:46.908 [EVENT] sock=2164 hEvent=00000994 events=0x0
2026-10-03 04:11:46.908 [EVENT] sock=2164 hEvent=00000994 events=0x21
2026-10-03 04:11:55.092 [EVENT] sock=2676 hEvent=00000A50 events=0x0
2026-10-03 04:11:55.093 [EVENT] sock=2676 hEvent=00000A50 events=0x21
2026-10-03 04:11:56.972 [EVENT] sock=2164 hEvent=00000994 events=0x0
2026-10-03 04:11:56.972 [EVENT] sock=2164 hEvent=00000994 events=0x21
2026-10-03 04:12:07.037 [EVENT] sock=2164 hEvent=00000994 events=0x0
2026-10-03 04:12:07.040 [EVENT] sock=2164 hEvent=00000994 events=0x21
2026-10-03 04:12:17.103 [EVENT] sock=2164 hEvent=00000994 events=0x0
2026-10-03 04:12:17.108 [EVENT] sock=2164 hEvent=00000994 events=0x21
2026-10-03 04:12:25.095 [EVENT] sock=2676 hEvent=00000A50 events=0x0
2026-10-03 04:12:25.099 [EVENT] sock=2676 hEvent=00000A50 events=0x21
2026-10-03 04:12:27.186 [EVENT] sock=2164 hEvent=00000994 events=0x0
2026-10-03 04:12:27.187 [EVENT] sock=2164 hEvent=00000994 events=0x21
2026-10-03 04:12:37.254 [EVENT] sock=2164 hEvent=00000994 events=0x0
2026-10-03 04:12:37.257 [EVENT] sock=2164 hEvent=00000994 events=0x21
2026-10-03 04:12:47.321 [EVENT] sock=2164 hEvent=00000994 events=0x0
2026-10-03 04:12:47.323 [EVENT] sock=2164 hEvent=00000994 events=0x21
2026-10-03 04:12:55.102 [EVENT] sock=2676 hEvent=00000A50 events=0x0
2026-10-03 04:12:55.102 [EVENT] sock=2676 hEvent=00000A50 events=0x21
2026-10-03 04:12:57.439 [EVENT] sock=2164 hEvent=00000994 events=0x0
2026-10-03 04:12:57.441 [EVENT] sock=2164 hEvent=00000994 events=0x21
2026-10-03 04:13:07.504 [EVENT] sock=2164 hEvent=00000994 events=0x0
2026-10-03 04:13:07.506 [EVENT] sock=2164 hEvent=00000994 events=0x21
2026-10-03 04:13:17.571 [EVENT] sock=2164 hEvent=00000994 events=0x0
2026-10-03 04:13:17.571 [EVENT] sock=2164 hEvent=00000994 events=0x21
2026-10-03 04:13:20.211 [OP] 4031 inv=FFE6 len=25 #3 8c5b53515fdcfaa32b1f0598d8330a53faa38fb95e0791b10b
2026-10-03 04:13:25.105 [EVENT] sock=2676 hEvent=00000A50 events=0x0
2026-10-03 04:13:25.114 [EVENT] sock=2676 hEvent=00000A50 events=0x21
2026-10-03 04:13:27.640 [EVENT] sock=2164 hEvent=00000994 events=0x0
2026-10-03 04:13:27.640 [EVENT] sock=2164 hEvent=00000994 events=0x21
2026-10-03 04:13:37.708 [EVENT] sock=2164 hEvent=00000994 events=0x0
2026-10-03 04:13:37.708 [EVENT] sock=2164 hEvent=00000994 events=0x21
2026-10-03 04:13:47.773 [EVENT] sock=2164 hEvent=00000994 events=0x0
2026-10-03 04:13:47.774 [EVENT] sock=2164 hEvent=00000994 events=0x21
2026-10-03 04:13:55.116 [EVENT] sock=2676 hEvent=00000A50 events=0x0
2026-10-03 04:13:55.116 [EVENT] sock=2676 hEvent=00000A50 events=0x21
2026-10-03 04:13:57.912 [EVENT] sock=2164 hEvent=00000994 events=0x0
2026-10-03 04:13:57.913 [EVENT] sock=2164 hEvent=00000994 events=0x21
2026-10-03 04:14:07.974 [EVENT] sock=2164 hEvent=00000994 events=0x0
2026-10-03 04:14:07.975 [EVENT] sock=2164 hEvent=00000994 events=0x21
2026-10-03 04:14:18.042 [EVENT] sock=2164 hEvent=00000994 events=0x0
2026-10-03 04:14:18.046 [EVENT] sock=2164 hEvent=00000994 events=0x21
2026-10-03 04:14:25.120 [EVENT] sock=2676 hEvent=00000A50 events=0x0
2026-10-03 04:14:25.124 [EVENT] sock=2676 hEvent=00000A50 events=0x21
2026-10-03 04:14:28.165 [EVENT] sock=2164 hEvent=00000994 events=0x0
2026-10-03 04:14:28.167 [EVENT] sock=2164 hEvent=00000994 events=0x21
2026-10-03 04:14:38.229 [EVENT] sock=2164 hEvent=00000994 events=0x0
2026-10-03 04:14:38.229 [EVENT] sock=2164 hEvent=00000994 events=0x21
2026-10-03 04:14:48.297 [EVENT] sock=2164 hEvent=00000994 events=0x0
2026-10-03 04:14:48.297 [EVENT] sock=2164 hEvent=00000994 events=0x21
2026-10-03 04:14:48.590 [OP] 4031 inv=FFE8 len=23 #4 085175dc02a32b1f805b694a9661faa39a35c2205fbb0b
2026-10-03 04:14:55.127 [EVENT] sock=2676 hEvent=00000A50 events=0x0
2026-10-03 04:14:55.128 [EVENT] sock=2676 hEvent=00000A50 events=0x21
2026-10-03 04:14:58.364 [EVENT] sock=2164 hEvent=00000994 events=0x0
2026-10-03 04:14:58.364 [EVENT] sock=2164 hEvent=00000994 events=0x21
2026-10-03 04:15:08.430 [EVENT] sock=2164 hEvent=00000994 events=0x0
2026-10-03 04:15:08.431 [EVENT] sock=2164 hEvent=00000994 events=0x21
2026-10-03 04:15:18.497 [EVENT] sock=2164 hEvent=00000994 events=0x0
2026-10-03 04:15:18.498 [EVENT] sock=2164 hEvent=00000994 events=0x21
2026-10-03 04:15:25.131 [EVENT] sock=2676 hEvent=00000A50 events=0x0
2026-10-03 04:15:25.143 [EVENT] sock=2676 hEvent=00000A50 events=0x21
2026-10-03 04:15:28.568 [EVENT] sock=2164 hEvent=00000994 events=0x0
2026-10-03 04:15:28.568 [EVENT] sock=2164 hEvent=00000994 events=0x21
2026-10-03 04:15:38.637 [EVENT] sock=2164 hEvent=00000994 events=0x0
2026-10-03 04:15:38.638 [EVENT] sock=2164 hEvent=00000994 events=0x21
2026-10-03 04:15:48.706 [EVENT] sock=2164 hEvent=00000994 events=0x0
2026-10-03 04:15:48.707 [EVENT] sock=2164 hEvent=00000994 events=0x21
2026-10-03 04:15:55.145 [EVENT] sock=2676 hEvent=00000A50 events=0x0
2026-10-03 04:15:55.146 [EVENT] sock=2676 hEvent=00000A50 events=0x21
2026-10-03 04:15:58.773 [EVENT] sock=2164 hEvent=00000994 events=0x0
2026-10-03 04:15:58.773 [EVENT] sock=2164 hEvent=00000994 events=0x21
2026-10-03 04:16:08.836 [EVENT] sock=2164 hEvent=00000994 events=0x0
2026-10-03 04:16:08.836 [EVENT] sock=2164 hEvent=00000994 events=0x21
2026-10-03 04:16:18.905 [EVENT] sock=2164 hEvent=00000994 events=0x0
2026-10-03 04:16:18.907 [EVENT] sock=2164 hEvent=00000994 events=0x21
2026-10-03 04:16:25.147 [EVENT] sock=2676 hEvent=00000A50 events=0x0
2026-10-03 04:16:25.152 [EVENT] sock=2676 hEvent=00000A50 events=0x21
2026-10-03 04:16:28.971 [EVENT] sock=2164 hEvent=00000994 events=0x0
2026-10-03 04:16:28.972 [EVENT] sock=2164 hEvent=00000994 events=0x21
2026-10-03 04:16:39.038 [EVENT] sock=2164 hEvent=00000994 events=0x0
2026-10-03 04:16:39.040 [EVENT] sock=2164 hEvent=00000994 events=0x21
2026-10-03 04:16:49.103 [EVENT] sock=2164 hEvent=00000994 events=0x0
2026-10-03 04:16:49.108 [EVENT] sock=2164 hEvent=00000994 events=0x21
2026-10-03 04:16:55.154 [EVENT] sock=2676 hEvent=00000A50 events=0x0
2026-10-03 04:16:55.155 [EVENT] sock=2676 hEvent=00000A50 events=0x21
2026-10-03 04:16:59.290 [EVENT] sock=2164 hEvent=00000994 events=0x0
2026-10-03 04:16:59.294 [EVENT] sock=2164 hEvent=00000994 events=0x21
2026-10-03 04:17:09.361 [EVENT] sock=2164 hEvent=00000994 events=0x0
2026-10-03 04:17:09.361 [EVENT] sock=2164 hEvent=00000994 events=0x21
2026-10-03 04:17:19.428 [EVENT] sock=2164 hEvent=00000994 events=0x0
2026-10-03 04:17:19.431 [EVENT] sock=2164 hEvent=00000994 events=0x21
2026-10-03 04:17:25.156 [EVENT] sock=2676 hEvent=00000A50 events=0x0
2026-10-03 04:17:25.165 [EVENT] sock=2676 hEvent=00000A50 events=0x21
2026-10-03 04:17:29.542 [EVENT] sock=2164 hEvent=00000994 events=0x0
2026-10-03 04:17:29.547 [EVENT] sock=2164 hEvent=00000994 events=0x21
2026-10-03 04:17:39.617 [EVENT] sock=2164 hEvent=00000994 events=0x0
2026-10-03 04:17:39.618 [EVENT] sock=2164 hEvent=00000994 events=0x21
2026-10-03 04:17:49.678 [EVENT] sock=2164 hEvent=00000994 events=0x0
2026-10-03 04:17:49.679 [EVENT] sock=2164 hEvent=00000994 events=0x21
2026-10-03 04:17:55.169 [EVENT] sock=2676 hEvent=00000A50 events=0x0
2026-10-03 04:17:55.170 [EVENT] sock=2676 hEvent=00000A50 events=0x21
2026-10-03 04:17:59.744 [EVENT] sock=2164 hEvent=00000994 events=0x0
2026-10-03 04:17:59.745 [EVENT] sock=2164 hEvent=00000994 events=0x21
2026-10-03 04:18:09.816 [EVENT] sock=2164 hEvent=00000994 events=0x0
2026-10-03 04:18:09.816 [EVENT] sock=2164 hEvent=00000994 events=0x21
2026-10-03 04:18:19.880 [EVENT] sock=2164 hEvent=00000994 events=0x0
2026-10-03 04:18:19.880 [EVENT] sock=2164 hEvent=00000994 events=0x21
2026-10-03 04:18:25.172 [EVENT] sock=2676 hEvent=00000A50 events=0x0
2026-10-03 04:18:25.176 [EVENT] sock=2676 hEvent=00000A50 events=0x21
2026-10-03 04:18:29.946 [EVENT] sock=2164 hEvent=00000994 events=0x0
2026-10-03 04:18:29.950 [EVENT] sock=2164 hEvent=00000994 events=0x21
2026-10-03 04:18:40.014 [EVENT] sock=2164 hEvent=00000994 events=0x0
2026-10-03 04:18:40.017 [EVENT] sock=2164 hEvent=00000994 events=0x21
2026-10-03 04:18:50.085 [EVENT] sock=2164 hEvent=00000994 events=0x0
2026-10-03 04:18:50.085 [EVENT] sock=2164 hEvent=00000994 events=0x21
2026-10-03 04:18:55.179 [EVENT] sock=2676 hEvent=00000A50 events=0x0
2026-10-03 04:18:55.179 [EVENT] sock=2676 hEvent=00000A50 events=0x21
2026-10-03 04:19:00.153 [EVENT] sock=2164 hEvent=00000994 events=0x0
2026-10-03 04:19:00.153 [EVENT] sock=2164 hEvent=00000994 events=0x21
2026-10-03 04:19:10.218 [EVENT] sock=2164 hEvent=00000994 events=0x0
2026-10-03 04:19:10.218 [EVENT] sock=2164 hEvent=00000994 events=0x21
2026-10-03 04:19:20.286 [EVENT] sock=2164 hEvent=00000994 events=0x0
2026-10-03 04:19:20.288 [EVENT] sock=2164 hEvent=00000994 events=0x21
2026-10-03 04:19:25.183 [EVENT] sock=2676 hEvent=00000A50 events=0x0
2026-10-03 04:19:25.193 [EVENT] sock=2676 hEvent=00000A50 events=0x21
2026-10-03 04:19:30.399 [EVENT] sock=2164 hEvent=00000994 events=0x0
2026-10-03 04:19:30.399 [EVENT] sock=2164 hEvent=00000994 events=0x21
2026-10-03 04:19:40.471 [EVENT] sock=2164 hEvent=00000994 events=0x0
2026-10-03 04:19:40.472 [EVENT] sock=2164 hEvent=00000994 events=0x21
2026-10-03 04:19:50.537 [EVENT] sock=2164 hEvent=00000994 events=0x0
2026-10-03 04:19:50.538 [EVENT] sock=2164 hEvent=00000994 events=0x21
2026-10-03 04:19:55.195 [EVENT] sock=2676 hEvent=00000A50 events=0x0
2026-10-03 04:19:55.195 [EVENT] sock=2676 hEvent=00000A50 events=0x21
2026-10-03 04:20:00.618 [EVENT] sock=2164 hEvent=00000994 events=0x0
2026-10-03 04:20:00.618 [EVENT] sock=2164 hEvent=00000994 events=0x21
2026-10-03 04:20:10.684 [EVENT] sock=2164 hEvent=00000994 events=0x0
2026-10-03 04:20:10.685 [EVENT] sock=2164 hEvent=00000994 events=0x21
2026-10-03 04:20:20.756 [EVENT] sock=2164 hEvent=00000994 events=0x0
2026-10-03 04:20:20.762 [EVENT] sock=2164 hEvent=00000994 events=0x21
2026-10-03 04:20:25.198 [EVENT] sock=2676 hEvent=00000A50 events=0x0
2026-10-03 04:20:25.203 [EVENT] sock=2676 hEvent=00000A50 events=0x21
2026-10-03 04:20:30.828 [EVENT] sock=2164 hEvent=00000994 events=0x0
2026-10-03 04:20:30.828 [EVENT] sock=2164 hEvent=00000994 events=0x21
2026-10-03 04:20:40.891 [EVENT] sock=2164 hEvent=00000994 events=0x0
2026-10-03 04:20:40.895 [EVENT] sock=2164 hEvent=00000994 events=0x21
2026-10-03 04:20:50.956 [EVENT] sock=2164 hEvent=00000994 events=0x0
2026-10-03 04:20:50.961 [EVENT] sock=2164 hEvent=00000994 events=0x21
2026-10-03 04:20:55.206 [EVENT] sock=2676 hEvent=00000A50 events=0x0
2026-10-03 04:20:55.207 [EVENT] sock=2676 hEvent=00000A50 events=0x21
2026-10-03 04:21:01.027 [EVENT] sock=2164 hEvent=00000994 events=0x0
2026-10-03 04:21:01.027 [EVENT] sock=2164 hEvent=00000994 events=0x21
2026-10-03 04:21:11.091 [EVENT] sock=2164 hEvent=00000994 events=0x0
2026-10-03 04:21:11.091 [EVENT] sock=2164 hEvent=00000994 events=0x21
2026-10-03 04:21:21.158 [EVENT] sock=2164 hEvent=00000994 events=0x0
2026-10-03 04:21:21.158 [EVENT] sock=2164 hEvent=00000994 events=0x21
2026-10-03 04:21:25.211 [EVENT] sock=2676 hEvent=00000A50 events=0x0
2026-10-03 04:21:25.219 [EVENT] sock=2676 hEvent=00000A50 events=0x21
2026-10-03 04:21:31.228 [EVENT] sock=2164 hEvent=00000994 events=0x0
2026-10-03 04:21:31.230 [EVENT] sock=2164 hEvent=00000994 events=0x21
2026-10-03 04:21:41.298 [EVENT] sock=2164 hEvent=00000994 events=0x0
2026-10-03 04:21:41.299 [EVENT] sock=2164 hEvent=00000994 events=0x21
2026-10-03 04:21:51.359 [EVENT] sock=2164 hEvent=00000994 events=0x0
2026-10-03 04:21:51.363 [EVENT] sock=2164 hEvent=00000994 events=0x21
2026-10-03 04:21:55.222 [EVENT] sock=2676 hEvent=00000A50 events=0x0
2026-10-03 04:21:55.222 [EVENT] sock=2676 hEvent=00000A50 events=0x21
2026-10-03 04:22:01.481 [EVENT] sock=2164 hEvent=00000994 events=0x0
2026-10-03 04:22:01.482 [EVENT] sock=2164 hEvent=00000994 events=0x21
2026-10-03 04:22:11.545 [EVENT] sock=2164 hEvent=00000994 events=0x0
2026-10-03 04:22:11.548 [EVENT] sock=2164 hEvent=00000994 events=0x21
2026-10-03 04:22:21.611 [EVENT] sock=2164 hEvent=00000994 events=0x0
2026-10-03 04:22:21.615 [EVENT] sock=2164 hEvent=00000994 events=0x21
2026-10-03 04:22:25.225 [EVENT] sock=2676 hEvent=00000A50 events=0x0
2026-10-03 04:22:25.231 [EVENT] sock=2676 hEvent=00000A50 events=0x21
2026-10-03 04:22:31.794 [EVENT] sock=2164 hEvent=00000994 events=0x0
2026-10-03 04:22:31.795 [EVENT] sock=2164 hEvent=00000994 events=0x21
2026-10-03 04:22:41.860 [EVENT] sock=2164 hEvent=00000994 events=0x0
2026-10-03 04:22:41.864 [EVENT] sock=2164 hEvent=00000994 events=0x21
2026-10-03 04:22:51.931 [EVENT] sock=2164 hEvent=00000994 events=0x0
2026-10-03 04:22:51.932 [EVENT] sock=2164 hEvent=00000994 events=0x21
2026-10-03 04:22:55.235 [EVENT] sock=2676 hEvent=00000A50 events=0x0
2026-10-03 04:22:55.237 [EVENT] sock=2676 hEvent=00000A50 events=0x21
2026-10-03 04:23:02.003 [EVENT] sock=2164 hEvent=00000994 events=0x0
2026-10-03 04:23:02.003 [EVENT] sock=2164 hEvent=00000994 events=0x21
2026-10-03 04:23:12.065 [EVENT] sock=2164 hEvent=00000994 events=0x0
2026-10-03 04:23:12.066 [EVENT] sock=2164 hEvent=00000994 events=0x21
2026-10-03 04:23:22.136 [EVENT] sock=2164 hEvent=00000994 events=0x0
2026-10-03 04:23:22.136 [EVENT] sock=2164 hEvent=00000994 events=0x21
2026-10-03 04:23:25.241 [EVENT] sock=2676 hEvent=00000A50 events=0x0
2026-10-03 04:23:25.245 [EVENT] sock=2676 hEvent=00000A50 events=0x21
2026-10-03 04:23:32.204 [EVENT] sock=2164 hEvent=00000994 events=0x0
2026-10-03 04:23:32.204 [EVENT] sock=2164 hEvent=00000994 events=0x21
2026-10-03 04:23:42.266 [EVENT] sock=2164 hEvent=00000994 events=0x0
2026-10-03 04:23:42.266 [EVENT] sock=2164 hEvent=00000994 events=0x21
2026-10-03 04:23:52.333 [EVENT] sock=2164 hEvent=00000994 events=0x0
2026-10-03 04:23:52.335 [EVENT] sock=2164 hEvent=00000994 events=0x21
2026-10-03 04:23:55.246 [EVENT] sock=2676 hEvent=00000A50 events=0x0
2026-10-03 04:23:55.246 [EVENT] sock=2676 hEvent=00000A50 events=0x21
2026-10-03 04:24:02.417 [EVENT] sock=2164 hEvent=00000994 events=0x0
2026-10-03 04:24:02.418 [EVENT] sock=2164 hEvent=00000994 events=0x21
2026-10-03 04:24:12.489 [EVENT] sock=2164 hEvent=00000994 events=0x0
2026-10-03 04:24:12.489 [EVENT] sock=2164 hEvent=00000994 events=0x21
2026-10-03 04:24:22.551 [EVENT] sock=2164 hEvent=00000994 events=0x0
2026-10-03 04:24:22.551 [EVENT] sock=2164 hEvent=00000994 events=0x21
2026-10-03 04:24:25.249 [EVENT] sock=2676 hEvent=00000A50 events=0x0
2026-10-03 04:24:25.260 [EVENT] sock=2676 hEvent=00000A50 events=0x21
2026-10-03 04:24:32.666 [EVENT] sock=2164 hEvent=00000994 events=0x0
2026-10-03 04:24:32.667 [EVENT] sock=2164 hEvent=00000994 events=0x21
2026-10-03 04:24:42.735 [EVENT] sock=2164 hEvent=00000994 events=0x0
2026-10-03 04:24:42.740 [EVENT] sock=2164 hEvent=00000994 events=0x21
2026-10-03 04:24:52.802 [EVENT] sock=2164 hEvent=00000994 events=0x0
2026-10-03 04:24:52.803 [EVENT] sock=2164 hEvent=00000994 events=0x21
2026-10-03 04:24:55.262 [EVENT] sock=2676 hEvent=00000A50 events=0x0
2026-10-03 04:24:55.263 [EVENT] sock=2676 hEvent=00000A50 events=0x21
2026-10-03 04:25:02.968 [EVENT] sock=2164 hEvent=00000994 events=0x0
2026-10-03 04:25:02.969 [EVENT] sock=2164 hEvent=00000994 events=0x21
2026-10-03 04:25:13.036 [EVENT] sock=2164 hEvent=00000994 events=0x0
2026-10-03 04:25:13.037 [EVENT] sock=2164 hEvent=00000994 events=0x21
2026-10-03 04:25:23.109 [EVENT] sock=2164 hEvent=00000994 events=0x0
2026-10-03 04:25:23.112 [EVENT] sock=2164 hEvent=00000994 events=0x21
2026-10-03 04:25:25.265 [EVENT] sock=2676 hEvent=00000A50 events=0x0
2026-10-03 04:25:25.267 [EVENT] sock=2676 hEvent=00000A50 events=0x21
2026-10-03 04:25:33.173 [EVENT] sock=2164 hEvent=00000994 events=0x0
2026-10-03 04:25:33.177 [EVENT] sock=2164 hEvent=00000994 events=0x21
2026-10-03 04:25:43.240 [EVENT] sock=2164 hEvent=00000994 events=0x0
2026-10-03 04:25:43.241 [EVENT] sock=2164 hEvent=00000994 events=0x21
2026-10-03 04:25:53.310 [EVENT] sock=2164 hEvent=00000994 events=0x0
2026-10-03 04:25:53.310 [EVENT] sock=2164 hEvent=00000994 events=0x21
2026-10-03 04:25:55.270 [EVENT] sock=2676 hEvent=00000A50 events=0x0
2026-10-03 04:25:55.271 [EVENT] sock=2676 hEvent=00000A50 events=0x21
2026-10-03 04:26:03.396 [EVENT] sock=2164 hEvent=00000994 events=0x0
2026-10-03 04:26:03.397 [EVENT] sock=2164 hEvent=00000994 events=0x21
2026-10-03 04:26:13.460 [EVENT] sock=2164 hEvent=00000994 events=0x0
2026-10-03 04:26:13.461 [EVENT] sock=2164 hEvent=00000994 events=0x21
2026-10-03 04:26:23.525 [EVENT] sock=2164 hEvent=00000994 events=0x0
2026-10-03 04:26:23.527 [EVENT] sock=2164 hEvent=00000994 events=0x21
2026-10-03 04:26:25.272 [EVENT] sock=2676 hEvent=00000A50 events=0x0
2026-10-03 04:26:25.280 [EVENT] sock=2676 hEvent=00000A50 events=0x21
2026-10-03 04:26:33.596 [EVENT] sock=2164 hEvent=00000994 events=0x0
2026-10-03 04:26:33.597 [EVENT] sock=2164 hEvent=00000994 events=0x21
2026-10-03 04:26:43.659 [EVENT] sock=2164 hEvent=00000994 events=0x0
2026-10-03 04:26:43.661 [EVENT] sock=2164 hEvent=00000994 events=0x21
2026-10-03 04:26:53.727 [EVENT] sock=2164 hEvent=00000994 events=0x0
2026-10-03 04:26:53.731 [EVENT] sock=2164 hEvent=00000994 events=0x21
2026-10-03 04:26:55.284 [EVENT] sock=2676 hEvent=00000A50 events=0x0
2026-10-03 04:26:55.284 [EVENT] sock=2676 hEvent=00000A50 events=0x21
2026-10-03 04:27:03.844 [EVENT] sock=2164 hEvent=00000994 events=0x0
2026-10-03 04:27:03.845 [EVENT] sock=2164 hEvent=00000994 events=0x21
2026-10-03 04:27:13.911 [EVENT] sock=2164 hEvent=00000994 events=0x0
2026-10-03 04:27:13.914 [EVENT] sock=2164 hEvent=00000994 events=0x21
2026-10-03 04:27:23.977 [EVENT] sock=2164 hEvent=00000994 events=0x0
2026-10-03 04:27:23.978 [EVENT] sock=2164 hEvent=00000994 events=0x21
2026-10-03 04:27:25.287 [EVENT] sock=2676 hEvent=00000A50 events=0x0
2026-10-03 04:27:25.293 [EVENT] sock=2676 hEvent=00000A50 events=0x21
2026-10-03 04:27:34.146 [EVENT] sock=2164 hEvent=00000994 events=0x0
2026-10-03 04:27:34.148 [EVENT] sock=2164 hEvent=00000994 events=0x21
2026-10-03 04:27:44.211 [EVENT] sock=2164 hEvent=00000994 events=0x0
2026-10-03 04:27:44.211 [EVENT] sock=2164 hEvent=00000994 events=0x21
2026-10-03 04:27:54.277 [EVENT] sock=2164 hEvent=00000994 events=0x0
2026-10-03 04:27:54.278 [EVENT] sock=2164 hEvent=00000994 events=0x21
2026-10-03 04:27:55.295 [EVENT] sock=2676 hEvent=00000A50 events=0x0
2026-10-03 04:27:55.301 [EVENT] sock=2676 hEvent=00000A50 events=0x21
2026-10-03 04:28:04.449 [EVENT] sock=2164 hEvent=00000994 events=0x0
2026-10-03 04:28:04.450 [EVENT] sock=2164 hEvent=00000994 events=0x21
2026-10-03 04:28:14.513 [EVENT] sock=2164 hEvent=00000994 events=0x0
2026-10-03 04:28:14.514 [EVENT] sock=2164 hEvent=00000994 events=0x21
2026-10-03 04:28:24.581 [EVENT] sock=2164 hEvent=00000994 events=0x0
2026-10-03 04:28:24.581 [EVENT] sock=2164 hEvent=00000994 events=0x21
2026-10-03 04:28:25.303 [EVENT] sock=2676 hEvent=00000A50 events=0x0
2026-10-03 04:28:25.309 [EVENT] sock=2676 hEvent=00000A50 events=0x21
2026-10-03 04:28:34.715 [EVENT] sock=2164 hEvent=00000994 events=0x0
2026-10-03 04:28:34.715 [EVENT] sock=2164 hEvent=00000994 events=0x21
2026-10-03 04:28:44.779 [EVENT] sock=2164 hEvent=00000994 events=0x0
2026-10-03 04:28:44.779 [EVENT] sock=2164 hEvent=00000994 events=0x21
2026-10-03 04:28:54.846 [EVENT] sock=2164 hEvent=00000994 events=0x0
2026-10-03 04:28:54.850 [EVENT] sock=2164 hEvent=00000994 events=0x21
2026-10-03 04:28:55.312 [EVENT] sock=2676 hEvent=00000A50 events=0x0
2026-10-03 04:28:55.313 [EVENT] sock=2676 hEvent=00000A50 events=0x21
2026-10-03 04:29:04.966 [EVENT] sock=2164 hEvent=00000994 events=0x0
2026-10-03 04:29:04.966 [EVENT] sock=2164 hEvent=00000994 events=0x21
2026-10-03 04:29:15.031 [EVENT] sock=2164 hEvent=00000994 events=0x0
2026-10-03 04:29:15.036 [EVENT] sock=2164 hEvent=00000994 events=0x21
2026-10-03 04:29:25.098 [EVENT] sock=2164 hEvent=00000994 events=0x0
2026-10-03 04:29:25.099 [EVENT] sock=2164 hEvent=00000994 events=0x21
2026-10-03 04:29:25.315 [EVENT] sock=2676 hEvent=00000A50 events=0x0
2026-10-03 04:29:25.322 [EVENT] sock=2676 hEvent=00000A50 events=0x21
2026-10-03 04:29:35.164 [EVENT] sock=2164 hEvent=00000994 events=0x0
2026-10-03 04:29:35.165 [EVENT] sock=2164 hEvent=00000994 events=0x21
2026-10-03 04:29:45.233 [EVENT] sock=2164 hEvent=00000994 events=0x0
2026-10-03 04:29:45.233 [EVENT] sock=2164 hEvent=00000994 events=0x21
2026-10-03 04:29:55.300 [EVENT] sock=2164 hEvent=00000994 events=0x0
2026-10-03 04:29:55.301 [EVENT] sock=2164 hEvent=00000994 events=0x21
2026-10-03 04:29:55.326 [EVENT] sock=2676 hEvent=00000A50 events=0x0
2026-10-03 04:29:55.326 [EVENT] sock=2676 hEvent=00000A50 events=0x21
2026-10-03 04:30:05.432 [EVENT] sock=2164 hEvent=00000994 events=0x0
2026-10-03 04:30:05.433 [EVENT] sock=2164 hEvent=00000994 events=0x21
2026-10-03 04:30:15.502 [EVENT] sock=2164 hEvent=00000994 events=0x0
2026-10-03 04:30:15.502 [EVENT] sock=2164 hEvent=00000994 events=0x21
2026-10-03 04:30:25.329 [EVENT] sock=2676 hEvent=00000A50 events=0x0
2026-10-03 04:30:25.337 [EVENT] sock=2676 hEvent=00000A50 events=0x21
2026-10-03 04:30:25.570 [EVENT] sock=2164 hEvent=00000994 events=0x0
2026-10-03 04:30:25.572 [EVENT] sock=2164 hEvent=00000994 events=0x21
2026-10-03 04:30:35.683 [EVENT] sock=2164 hEvent=00000994 events=0x0
2026-10-03 04:30:35.685 [EVENT] sock=2164 hEvent=00000994 events=0x21
2026-10-03 04:30:45.752 [EVENT] sock=2164 hEvent=00000994 events=0x0
2026-10-03 04:30:45.753 [EVENT] sock=2164 hEvent=00000994 events=0x21
2026-10-03 04:30:55.340 [EVENT] sock=2676 hEvent=00000A50 events=0x0
2026-10-03 04:30:55.343 [EVENT] sock=2676 hEvent=00000A50 events=0x21
2026-10-03 04:30:55.817 [EVENT] sock=2164 hEvent=00000994 events=0x0
2026-10-03 04:30:55.818 [EVENT] sock=2164 hEvent=00000994 events=0x21
2026-10-03 04:31:05.987 [EVENT] sock=2164 hEvent=00000994 events=0x0
2026-10-03 04:31:05.990 [EVENT] sock=2164 hEvent=00000994 events=0x21
2026-10-03 04:31:16.060 [EVENT] sock=2164 hEvent=00000994 events=0x0
2026-10-03 04:31:16.062 [EVENT] sock=2164 hEvent=00000994 events=0x21
2026-10-03 04:31:25.346 [EVENT] sock=2676 hEvent=00000A50 events=0x0
2026-10-03 04:31:25.351 [EVENT] sock=2676 hEvent=00000A50 events=0x21
2026-10-03 04:31:26.122 [EVENT] sock=2164 hEvent=00000994 events=0x0
2026-10-03 04:31:26.123 [EVENT] sock=2164 hEvent=00000994 events=0x21
2026-10-03 04:31:36.209 [EVENT] sock=2164 hEvent=00000994 events=0x0
2026-10-03 04:31:36.210 [EVENT] sock=2164 hEvent=00000994 events=0x21
2026-10-03 04:31:46.275 [EVENT] sock=2164 hEvent=00000994 events=0x0
2026-10-03 04:31:46.275 [EVENT] sock=2164 hEvent=00000994 events=0x21
2026-10-03 04:31:55.354 [EVENT] sock=2676 hEvent=00000A50 events=0x0
2026-10-03 04:31:55.355 [EVENT] sock=2676 hEvent=00000A50 events=0x21
2026-10-03 04:31:56.339 [EVENT] sock=2164 hEvent=00000994 events=0x0
2026-10-03 04:31:56.344 [EVENT] sock=2164 hEvent=00000994 events=0x21
2026-10-03 04:32:06.412 [EVENT] sock=2164 hEvent=00000994 events=0x0
2026-10-03 04:32:06.413 [EVENT] sock=2164 hEvent=00000994 events=0x21
2026-10-03 04:32:16.477 [EVENT] sock=2164 hEvent=00000994 events=0x0
2026-10-03 04:32:16.478 [EVENT] sock=2164 hEvent=00000994 events=0x21
2026-10-03 04:32:25.360 [EVENT] sock=2676 hEvent=00000A50 events=0x0
2026-10-03 04:32:25.368 [EVENT] sock=2676 hEvent=00000A50 events=0x21
2026-10-03 04:32:26.540 [EVENT] sock=2164 hEvent=00000994 events=0x0
2026-10-03 04:32:26.544 [EVENT] sock=2164 hEvent=00000994 events=0x21
2026-10-03 04:32:36.662 [EVENT] sock=2164 hEvent=00000994 events=0x0
2026-10-03 04:32:36.663 [EVENT] sock=2164 hEvent=00000994 events=0x21
2026-10-03 04:32:46.725 [EVENT] sock=2164 hEvent=00000994 events=0x0
2026-10-03 04:32:46.728 [EVENT] sock=2164 hEvent=00000994 events=0x21
2026-10-03 04:32:55.369 [EVENT] sock=2676 hEvent=00000A50 events=0x0
2026-10-03 04:32:55.370 [EVENT] sock=2676 hEvent=00000A50 events=0x21
2026-10-03 04:32:56.790 [EVENT] sock=2164 hEvent=00000994 events=0x0
2026-10-03 04:32:56.792 [EVENT] sock=2164 hEvent=00000994 events=0x21
2026-10-03 04:33:06.909 [EVENT] sock=2164 hEvent=00000994 events=0x0
2026-10-03 04:33:06.910 [EVENT] sock=2164 hEvent=00000994 events=0x21
2026-10-03 04:33:16.975 [EVENT] sock=2164 hEvent=00000994 events=0x0
2026-10-03 04:33:16.975 [EVENT] sock=2164 hEvent=00000994 events=0x21
2026-10-03 04:33:25.372 [EVENT] sock=2676 hEvent=00000A50 events=0x0
2026-10-03 04:33:25.384 [EVENT] sock=2676 hEvent=00000A50 events=0x21
2026-10-03 04:33:27.041 [EVENT] sock=2164 hEvent=00000994 events=0x0
2026-10-03 04:33:27.042 [EVENT] sock=2164 hEvent=00000994 events=0x21
2026-10-03 04:33:37.109 [EVENT] sock=2164 hEvent=00000994 events=0x0
2026-10-03 04:33:37.111 [EVENT] sock=2164 hEvent=00000994 events=0x21
2026-10-03 04:33:47.181 [EVENT] sock=2164 hEvent=00000994 events=0x0
2026-10-03 04:33:47.182 [EVENT] sock=2164 hEvent=00000994 events=0x21
2026-10-03 04:33:55.386 [EVENT] sock=2676 hEvent=00000A50 events=0x0
2026-10-03 04:33:55.386 [EVENT] sock=2676 hEvent=00000A50 events=0x21
2026-10-03 04:33:57.246 [EVENT] sock=2164 hEvent=00000994 events=0x0
2026-10-03 04:33:57.250 [EVENT] sock=2164 hEvent=00000994 events=0x21
2026-10-03 04:34:07.363 [EVENT] sock=2164 hEvent=00000994 events=0x0
2026-10-03 04:34:07.366 [EVENT] sock=2164 hEvent=00000994 events=0x21
2026-10-03 04:34:17.436 [EVENT] sock=2164 hEvent=00000994 events=0x0
2026-10-03 04:34:17.436 [EVENT] sock=2164 hEvent=00000994 events=0x21
2026-10-03 04:34:25.389 [EVENT] sock=2676 hEvent=00000A50 events=0x0
2026-10-03 04:34:25.393 [EVENT] sock=2676 hEvent=00000A50 events=0x21
2026-10-03 04:34:27.497 [EVENT] sock=2164 hEvent=00000994 events=0x0
2026-10-03 04:34:27.504 [EVENT] sock=2164 hEvent=00000994 events=0x21
2026-10-03 04:34:37.664 [EVENT] sock=2164 hEvent=00000994 events=0x0
2026-10-03 04:34:37.670 [EVENT] sock=2164 hEvent=00000994 events=0x21
2026-10-03 04:34:47.736 [EVENT] sock=2164 hEvent=00000994 events=0x0
2026-10-03 04:34:47.737 [EVENT] sock=2164 hEvent=00000994 events=0x21
2026-10-03 04:34:55.395 [EVENT] sock=2676 hEvent=00000A50 events=0x0
2026-10-03 04:34:55.396 [EVENT] sock=2676 hEvent=00000A50 events=0x21
2026-10-03 04:34:57.798 [EVENT] sock=2164 hEvent=00000994 events=0x0
2026-10-03 04:34:57.798 [EVENT] sock=2164 hEvent=00000994 events=0x21
2026-10-03 04:35:07.915 [EVENT] sock=2164 hEvent=00000994 events=0x0
2026-10-03 04:35:07.917 [EVENT] sock=2164 hEvent=00000994 events=0x21
2026-10-03 04:35:17.983 [EVENT] sock=2164 hEvent=00000994 events=0x0
2026-10-03 04:35:17.985 [EVENT] sock=2164 hEvent=00000994 events=0x21
2026-10-03 04:35:25.397 [EVENT] sock=2676 hEvent=00000A50 events=0x0
2026-10-03 04:35:25.409 [EVENT] sock=2676 hEvent=00000A50 events=0x21
2026-10-03 04:35:28.050 [EVENT] sock=2164 hEvent=00000994 events=0x0
2026-10-03 04:35:28.051 [EVENT] sock=2164 hEvent=00000994 events=0x21
2026-10-03 04:35:38.183 [EVENT] sock=2164 hEvent=00000994 events=0x0
2026-10-03 04:35:38.184 [EVENT] sock=2164 hEvent=00000994 events=0x21
2026-10-03 04:35:48.250 [EVENT] sock=2164 hEvent=00000994 events=0x0
2026-10-03 04:35:48.251 [EVENT] sock=2164 hEvent=00000994 events=0x21
2026-10-03 04:35:55.411 [EVENT] sock=2676 hEvent=00000A50 events=0x0
2026-10-03 04:35:55.411 [EVENT] sock=2676 hEvent=00000A50 events=0x21
2026-10-03 04:35:58.316 [EVENT] sock=2164 hEvent=00000994 events=0x0
2026-10-03 04:35:58.318 [EVENT] sock=2164 hEvent=00000994 events=0x21
2026-10-03 04:36:08.390 [EVENT] sock=2164 hEvent=00000994 events=0x0
2026-10-03 04:36:08.391 [EVENT] sock=2164 hEvent=00000994 events=0x21
2026-10-03 04:36:18.457 [EVENT] sock=2164 hEvent=00000994 events=0x0
2026-10-03 04:36:18.459 [EVENT] sock=2164 hEvent=00000994 events=0x21
2026-10-03 04:36:25.414 [EVENT] sock=2676 hEvent=00000A50 events=0x0
2026-10-03 04:36:25.417 [EVENT] sock=2676 hEvent=00000A50 events=0x21
2026-10-03 04:36:28.526 [EVENT] sock=2164 hEvent=00000994 events=0x0
2026-10-03 04:36:28.526 [EVENT] sock=2164 hEvent=00000994 events=0x21
2026-10-03 04:36:38.590 [EVENT] sock=2164 hEvent=00000994 events=0x0
2026-10-03 04:36:38.593 [EVENT] sock=2164 hEvent=00000994 events=0x21
2026-10-03 04:36:48.660 [EVENT] sock=2164 hEvent=00000994 events=0x0
2026-10-03 04:36:48.661 [EVENT] sock=2164 hEvent=00000994 events=0x21
2026-10-03 04:36:55.421 [EVENT] sock=2676 hEvent=00000A50 events=0x0
2026-10-03 04:36:55.421 [EVENT] sock=2676 hEvent=00000A50 events=0x21
2026-10-03 04:36:58.725 [EVENT] sock=2164 hEvent=00000994 events=0x0
2026-10-03 04:36:58.726 [EVENT] sock=2164 hEvent=00000994 events=0x21
2026-10-03 04:37:08.793 [EVENT] sock=2164 hEvent=00000994 events=0x0
2026-10-03 04:37:08.793 [EVENT] sock=2164 hEvent=00000994 events=0x21
2026-10-03 04:37:18.856 [EVENT] sock=2164 hEvent=00000994 events=0x0
2026-10-03 04:37:18.862 [EVENT] sock=2164 hEvent=00000994 events=0x21
2026-10-03 04:37:25.426 [EVENT] sock=2676 hEvent=00000A50 events=0x0
2026-10-03 04:37:25.431 [EVENT] sock=2676 hEvent=00000A50 events=0x21
2026-10-03 04:37:28.926 [EVENT] sock=2164 hEvent=00000994 events=0x0
2026-10-03 04:37:28.929 [EVENT] sock=2164 hEvent=00000994 events=0x21
2026-10-03 04:37:39.041 [EVENT] sock=2164 hEvent=00000994 events=0x0
2026-10-03 04:37:39.042 [EVENT] sock=2164 hEvent=00000994 events=0x21
2026-10-03 04:37:49.110 [EVENT] sock=2164 hEvent=00000994 events=0x0
2026-10-03 04:37:49.113 [EVENT] sock=2164 hEvent=00000994 events=0x21
2026-10-03 04:37:55.432 [EVENT] sock=2676 hEvent=00000A50 events=0x0
2026-10-03 04:37:55.434 [EVENT] sock=2676 hEvent=00000A50 events=0x21
2026-10-03 04:37:59.179 [EVENT] sock=2164 hEvent=00000994 events=0x0
2026-10-03 04:37:59.179 [EVENT] sock=2164 hEvent=00000994 events=0x21
2026-10-03 04:38:09.243 [EVENT] sock=2164 hEvent=00000994 events=0x0
2026-10-03 04:38:09.243 [EVENT] sock=2164 hEvent=00000994 events=0x21
2026-10-03 04:38:19.308 [EVENT] sock=2164 hEvent=00000994 events=0x0
2026-10-03 04:38:19.310 [EVENT] sock=2164 hEvent=00000994 events=0x21
2026-10-03 04:38:25.435 [EVENT] sock=2676 hEvent=00000A50 events=0x0
2026-10-03 04:38:25.439 [EVENT] sock=2676 hEvent=00000A50 events=0x21
2026-10-03 04:38:29.375 [EVENT] sock=2164 hEvent=00000994 events=0x0
2026-10-03 04:38:29.376 [EVENT] sock=2164 hEvent=00000994 events=0x21
2026-10-03 04:38:39.544 [EVENT] sock=2164 hEvent=00000994 events=0x0
2026-10-03 04:38:39.544 [EVENT] sock=2164 hEvent=00000994 events=0x21
2026-10-03 04:38:49.612 [EVENT] sock=2164 hEvent=00000994 events=0x0
2026-10-03 04:38:49.613 [EVENT] sock=2164 hEvent=00000994 events=0x21
2026-10-03 04:38:55.442 [EVENT] sock=2676 hEvent=00000A50 events=0x0
2026-10-03 04:38:55.442 [EVENT] sock=2676 hEvent=00000A50 events=0x21
2026-10-03 04:38:59.680 [EVENT] sock=2164 hEvent=00000994 events=0x0
2026-10-03 04:38:59.680 [EVENT] sock=2164 hEvent=00000994 events=0x21
2026-10-03 04:39:09.750 [EVENT] sock=2164 hEvent=00000994 events=0x0
2026-10-03 04:39:09.751 [EVENT] sock=2164 hEvent=00000994 events=0x21
2026-10-03 04:39:19.813 [EVENT] sock=2164 hEvent=00000994 events=0x0
2026-10-03 04:39:19.814 [EVENT] sock=2164 hEvent=00000994 events=0x21
2026-10-03 04:39:25.445 [EVENT] sock=2676 hEvent=00000A50 events=0x0
2026-10-03 04:39:25.455 [EVENT] sock=2676 hEvent=00000A50 events=0x21
2026-10-03 04:39:29.882 [EVENT] sock=2164 hEvent=00000994 events=0x0
2026-10-03 04:39:29.885 [EVENT] sock=2164 hEvent=00000994 events=0x21
2026-10-03 04:39:39.969 [EVENT] sock=2164 hEvent=00000994 events=0x0
2026-10-03 04:39:39.970 [EVENT] sock=2164 hEvent=00000994 events=0x21
2026-10-03 04:39:50.030 [EVENT] sock=2164 hEvent=00000994 events=0x0
2026-10-03 04:39:50.031 [EVENT] sock=2164 hEvent=00000994 events=0x21
2026-10-03 04:39:55.456 [EVENT] sock=2676 hEvent=00000A50 events=0x0
2026-10-03 04:39:55.456 [EVENT] sock=2676 hEvent=00000A50 events=0x21
2026-10-03 04:40:00.098 [EVENT] sock=2164 hEvent=00000994 events=0x0
2026-10-03 04:40:00.103 [EVENT] sock=2164 hEvent=00000994 events=0x21
2026-10-03 04:40:10.172 [EVENT] sock=2164 hEvent=00000994 events=0x0
2026-10-03 04:40:10.172 [EVENT] sock=2164 hEvent=00000994 events=0x21
2026-10-03 04:40:20.236 [EVENT] sock=2164 hEvent=00000994 events=0x0
2026-10-03 04:40:20.238 [EVENT] sock=2164 hEvent=00000994 events=0x21
2026-10-03 04:40:25.457 [EVENT] sock=2676 hEvent=00000A50 events=0x0
2026-10-03 04:40:25.461 [EVENT] sock=2676 hEvent=00000A50 events=0x21
2026-10-03 04:40:30.307 [EVENT] sock=2164 hEvent=00000994 events=0x0
2026-10-03 04:40:30.308 [EVENT] sock=2164 hEvent=00000994 events=0x21
2026-10-03 04:40:40.373 [EVENT] sock=2164 hEvent=00000994 events=0x0
2026-10-03 04:40:40.374 [EVENT] sock=2164 hEvent=00000994 events=0x21
2026-10-03 04:40:50.435 [EVENT] sock=2164 hEvent=00000994 events=0x0
2026-10-03 04:40:50.435 [EVENT] sock=2164 hEvent=00000994 events=0x21
2026-10-03 04:40:55.463 [EVENT] sock=2676 hEvent=00000A50 events=0x0
2026-10-03 04:40:55.463 [EVENT] sock=2676 hEvent=00000A50 events=0x21
2026-10-03 04:41:00.504 [EVENT] sock=2164 hEvent=00000994 events=0x0
2026-10-03 04:41:00.504 [EVENT] sock=2164 hEvent=00000994 events=0x21
2026-10-03 04:41:10.574 [EVENT] sock=2164 hEvent=00000994 events=0x0
2026-10-03 04:41:10.574 [EVENT] sock=2164 hEvent=00000994 events=0x21
2026-10-03 04:41:20.640 [EVENT] sock=2164 hEvent=00000994 events=0x0
2026-10-03 04:41:20.642 [EVENT] sock=2164 hEvent=00000994 events=0x21
2026-10-03 04:41:25.466 [EVENT] sock=2676 hEvent=00000A50 events=0x0
2026-10-03 04:41:25.476 [EVENT] sock=2676 hEvent=00000A50 events=0x21
2026-10-03 04:41:30.706 [EVENT] sock=2164 hEvent=00000994 events=0x0
2026-10-03 04:41:30.706 [EVENT] sock=2164 hEvent=00000994 events=0x21
2026-10-03 04:41:40.822 [EVENT] sock=2164 hEvent=00000994 events=0x0
2026-10-03 04:41:40.824 [EVENT] sock=2164 hEvent=00000994 events=0x21
2026-10-03 04:41:50.887 [EVENT] sock=2164 hEvent=00000994 events=0x0
2026-10-03 04:41:50.888 [EVENT] sock=2164 hEvent=00000994 events=0x21
2026-10-03 04:41:55.478 [EVENT] sock=2676 hEvent=00000A50 events=0x0
2026-10-03 04:41:55.478 [EVENT] sock=2676 hEvent=00000A50 events=0x21
2026-10-03 04:42:00.960 [EVENT] sock=2164 hEvent=00000994 events=0x0
2026-10-03 04:42:00.961 [EVENT] sock=2164 hEvent=00000994 events=0x21
2026-10-03 04:42:11.070 [EVENT] sock=2164 hEvent=00000994 events=0x0
2026-10-03 04:42:11.074 [EVENT] sock=2164 hEvent=00000994 events=0x21
2026-10-03 04:42:21.138 [EVENT] sock=2164 hEvent=00000994 events=0x0
2026-10-03 04:42:21.140 [EVENT] sock=2164 hEvent=00000994 events=0x21
2026-10-03 04:42:25.481 [EVENT] sock=2676 hEvent=00000A50 events=0x0
2026-10-03 04:42:25.488 [EVENT] sock=2676 hEvent=00000A50 events=0x21
2026-10-03 04:42:31.206 [EVENT] sock=2164 hEvent=00000994 events=0x0
2026-10-03 04:42:31.207 [EVENT] sock=2164 hEvent=00000994 events=0x21
2026-10-03 04:42:41.276 [EVENT] sock=2164 hEvent=00000994 events=0x0
2026-10-03 04:42:41.277 [EVENT] sock=2164 hEvent=00000994 events=0x21
2026-10-03 04:42:51.341 [EVENT] sock=2164 hEvent=00000994 events=0x0
2026-10-03 04:42:51.344 [EVENT] sock=2164 hEvent=00000994 events=0x21
2026-10-03 04:42:55.494 [EVENT] sock=2676 hEvent=00000A50 events=0x0
2026-10-03 04:42:55.497 [EVENT] sock=2676 hEvent=00000A50 events=0x21
2026-10-03 04:43:01.408 [EVENT] sock=2164 hEvent=00000994 events=0x0
2026-10-03 04:43:01.409 [EVENT] sock=2164 hEvent=00000994 events=0x21
2026-10-03 04:43:11.478 [EVENT] sock=2164 hEvent=00000994 events=0x0
2026-10-03 04:43:11.478 [EVENT] sock=2164 hEvent=00000994 events=0x21
2026-10-03 04:43:21.544 [EVENT] sock=2164 hEvent=00000994 events=0x0
2026-10-03 04:43:21.548 [EVENT] sock=2164 hEvent=00000994 events=0x21
2026-10-03 04:43:25.500 [EVENT] sock=2676 hEvent=00000A50 events=0x0
2026-10-03 04:43:25.504 [EVENT] sock=2676 hEvent=00000A50 events=0x21
2026-10-03 04:43:31.612 [EVENT] sock=2164 hEvent=00000994 events=0x0
2026-10-03 04:43:31.614 [EVENT] sock=2164 hEvent=00000994 events=0x21
2026-10-03 04:43:41.730 [EVENT] sock=2164 hEvent=00000994 events=0x0
2026-10-03 04:43:41.732 [EVENT] sock=2164 hEvent=00000994 events=0x21
2026-10-03 04:43:51.792 [EVENT] sock=2164 hEvent=00000994 events=0x0
2026-10-03 04:43:51.792 [EVENT] sock=2164 hEvent=00000994 events=0x21
2026-10-03 04:43:55.506 [EVENT] sock=2676 hEvent=00000A50 events=0x0
2026-10-03 04:43:55.507 [EVENT] sock=2676 hEvent=00000A50 events=0x21
2026-10-03 04:44:01.861 [EVENT] sock=2164 hEvent=00000994 events=0x0
2026-10-03 04:44:01.866 [EVENT] sock=2164 hEvent=00000994 events=0x21
2026-10-03 04:44:11.925 [EVENT] sock=2164 hEvent=00000994 events=0x0
2026-10-03 04:44:11.926 [EVENT] sock=2164 hEvent=00000994 events=0x21
2026-10-03 04:44:21.998 [EVENT] sock=2164 hEvent=00000994 events=0x0
2026-10-03 04:44:22.002 [EVENT] sock=2164 hEvent=00000994 events=0x21
2026-10-03 04:44:25.509 [EVENT] sock=2676 hEvent=00000A50 events=0x0
2026-10-03 04:44:25.519 [EVENT] sock=2676 hEvent=00000A50 events=0x21
2026-10-03 04:44:32.067 [EVENT] sock=2164 hEvent=00000994 events=0x0
2026-10-03 04:44:32.069 [EVENT] sock=2164 hEvent=00000994 events=0x21
2026-10-03 04:44:42.182 [EVENT] sock=2164 hEvent=00000994 events=0x0
2026-10-03 04:44:42.183 [EVENT] sock=2164 hEvent=00000994 events=0x21
2026-10-03 04:44:52.250 [EVENT] sock=2164 hEvent=00000994 events=0x0
2026-10-03 04:44:52.252 [EVENT] sock=2164 hEvent=00000994 events=0x21
2026-10-03 04:44:55.523 [EVENT] sock=2676 hEvent=00000A50 events=0x0
2026-10-03 04:44:55.524 [EVENT] sock=2676 hEvent=00000A50 events=0x21
2026-10-03 04:45:02.321 [EVENT] sock=2164 hEvent=00000994 events=0x0
2026-10-03 04:45:02.321 [EVENT] sock=2164 hEvent=00000994 events=0x21
2026-10-03 04:45:12.403 [EVENT] sock=2164 hEvent=00000994 events=0x0
2026-10-03 04:45:12.406 [EVENT] sock=2164 hEvent=00000994 events=0x21
2026-10-03 04:45:22.471 [EVENT] sock=2164 hEvent=00000994 events=0x0
2026-10-03 04:45:22.473 [EVENT] sock=2164 hEvent=00000994 events=0x21
2026-10-03 04:45:25.527 [EVENT] sock=2676 hEvent=00000A50 events=0x0
2026-10-03 04:45:25.531 [EVENT] sock=2676 hEvent=00000A50 events=0x21
2026-10-03 04:45:32.538 [EVENT] sock=2164 hEvent=00000994 events=0x0
2026-10-03 04:45:32.541 [EVENT] sock=2164 hEvent=00000994 events=0x21
2026-10-03 04:45:42.601 [EVENT] sock=2164 hEvent=00000994 events=0x0
2026-10-03 04:45:42.601 [EVENT] sock=2164 hEvent=00000994 events=0x21
2026-10-03 04:45:52.672 [EVENT] sock=2164 hEvent=00000994 events=0x0
2026-10-03 04:45:52.672 [EVENT] sock=2164 hEvent=00000994 events=0x21
2026-10-03 04:45:55.533 [EVENT] sock=2676 hEvent=00000A50 events=0x0
2026-10-03 04:45:55.534 [EVENT] sock=2676 hEvent=00000A50 events=0x21
2026-10-03 04:46:02.735 [EVENT] sock=2164 hEvent=00000994 events=0x0
2026-10-03 04:46:02.739 [EVENT] sock=2164 hEvent=00000994 events=0x21
2026-10-03 04:46:12.853 [EVENT] sock=2164 hEvent=00000994 events=0x0
2026-10-03 04:46:12.854 [EVENT] sock=2164 hEvent=00000994 events=0x21
2026-10-03 04:46:22.919 [EVENT] sock=2164 hEvent=00000994 events=0x0
2026-10-03 04:46:22.919 [EVENT] sock=2164 hEvent=00000994 events=0x21
2026-10-03 04:46:25.536 [EVENT] sock=2676 hEvent=00000A50 events=0x0
2026-10-03 04:46:25.547 [EVENT] sock=2676 hEvent=00000A50 events=0x21
2026-10-03 04:46:32.985 [EVENT] sock=2164 hEvent=00000994 events=0x0
2026-10-03 04:46:32.987 [EVENT] sock=2164 hEvent=00000994 events=0x21
2026-10-03 04:46:43.105 [EVENT] sock=2164 hEvent=00000994 events=0x0
2026-10-03 04:46:43.106 [EVENT] sock=2164 hEvent=00000994 events=0x21
2026-10-03 04:46:53.174 [EVENT] sock=2164 hEvent=00000994 events=0x0
2026-10-03 04:46:53.177 [EVENT] sock=2164 hEvent=00000994 events=0x21
2026-10-03 04:46:55.550 [EVENT] sock=2676 hEvent=00000A50 events=0x0
2026-10-03 04:46:55.551 [EVENT] sock=2676 hEvent=00000A50 events=0x21
2026-10-03 04:47:03.237 [EVENT] sock=2164 hEvent=00000994 events=0x0
2026-10-03 04:47:03.237 [EVENT] sock=2164 hEvent=00000994 events=0x21
2026-10-03 04:47:13.304 [EVENT] sock=2164 hEvent=00000994 events=0x0
2026-10-03 04:47:13.305 [EVENT] sock=2164 hEvent=00000994 events=0x21
2026-10-03 04:47:23.373 [EVENT] sock=2164 hEvent=00000994 events=0x0
2026-10-03 04:47:23.373 [EVENT] sock=2164 hEvent=00000994 events=0x21
2026-10-03 04:47:25.554 [EVENT] sock=2676 hEvent=00000A50 events=0x0
2026-10-03 04:47:25.567 [EVENT] sock=2676 hEvent=00000A50 events=0x21
2026-10-03 04:47:33.441 [EVENT] sock=2164 hEvent=00000994 events=0x0
2026-10-03 04:47:33.444 [EVENT] sock=2164 hEvent=00000994 events=0x21
2026-10-03 04:47:43.511 [EVENT] sock=2164 hEvent=00000994 events=0x0
2026-10-03 04:47:43.514 [EVENT] sock=2164 hEvent=00000994 events=0x21
2026-10-03 04:47:53.580 [EVENT] sock=2164 hEvent=00000994 events=0x0
2026-10-03 04:47:53.580 [EVENT] sock=2164 hEvent=00000994 events=0x21
2026-10-03 04:47:55.569 [EVENT] sock=2676 hEvent=00000A50 events=0x0
2026-10-03 04:47:55.569 [EVENT] sock=2676 hEvent=00000A50 events=0x21
2026-10-03 04:48:03.641 [EVENT] sock=2164 hEvent=00000994 events=0x0
2026-10-03 04:48:03.641 [EVENT] sock=2164 hEvent=00000994 events=0x21
2026-10-03 04:48:13.861 [EVENT] sock=2164 hEvent=00000994 events=0x0
2026-10-03 04:48:13.862 [EVENT] sock=2164 hEvent=00000994 events=0x21
2026-10-03 04:48:23.931 [EVENT] sock=2164 hEvent=00000994 events=0x0
2026-10-03 04:48:23.931 [EVENT] sock=2164 hEvent=00000994 events=0x21
2026-10-03 04:48:25.571 [EVENT] sock=2676 hEvent=00000A50 events=0x0
2026-10-03 04:48:25.584 [EVENT] sock=2676 hEvent=00000A50 events=0x21
2026-10-03 04:48:33.996 [EVENT] sock=2164 hEvent=00000994 events=0x0
2026-10-03 04:48:33.997 [EVENT] sock=2164 hEvent=00000994 events=0x21
2026-10-03 04:48:44.059 [EVENT] sock=2164 hEvent=00000994 events=0x0
2026-10-03 04:48:44.062 [EVENT] sock=2164 hEvent=00000994 events=0x21
2026-10-03 04:48:54.125 [EVENT] sock=2164 hEvent=00000994 events=0x0
2026-10-03 04:48:54.130 [EVENT] sock=2164 hEvent=00000994 events=0x21
2026-10-03 04:48:55.585 [EVENT] sock=2676 hEvent=00000A50 events=0x0
2026-10-03 04:48:55.585 [EVENT] sock=2676 hEvent=00000A50 events=0x21
2026-10-03 04:49:04.194 [EVENT] sock=2164 hEvent=00000994 events=0x0
2026-10-03 04:49:04.194 [EVENT] sock=2164 hEvent=00000994 events=0x21
2026-10-03 04:49:14.266 [EVENT] sock=2164 hEvent=00000994 events=0x0
2026-10-03 04:49:14.266 [EVENT] sock=2164 hEvent=00000994 events=0x21
2026-10-03 04:49:24.331 [EVENT] sock=2164 hEvent=00000994 events=0x0
2026-10-03 04:49:24.332 [EVENT] sock=2164 hEvent=00000994 events=0x21
2026-10-03 04:49:25.587 [EVENT] sock=2676 hEvent=00000A50 events=0x0
2026-10-03 04:49:25.592 [EVENT] sock=2676 hEvent=00000A50 events=0x21
2026-10-03 04:49:34.393 [EVENT] sock=2164 hEvent=00000994 events=0x0
2026-10-03 04:49:34.397 [EVENT] sock=2164 hEvent=00000994 events=0x21
2026-10-03 04:49:44.510 [EVENT] sock=2164 hEvent=00000994 events=0x0
2026-10-03 04:49:44.515 [EVENT] sock=2164 hEvent=00000994 events=0x21
2026-10-03 04:49:54.579 [EVENT] sock=2164 hEvent=00000994 events=0x0
2026-10-03 04:49:54.581 [EVENT] sock=2164 hEvent=00000994 events=0x21
2026-10-03 04:49:55.593 [EVENT] sock=2676 hEvent=00000A50 events=0x0
2026-10-03 04:49:55.598 [EVENT] sock=2676 hEvent=00000A50 events=0x21
2026-10-03 04:50:04.649 [EVENT] sock=2164 hEvent=00000994 events=0x0
2026-10-03 04:50:04.649 [EVENT] sock=2164 hEvent=00000994 events=0x21
2026-10-03 04:50:14.781 [EVENT] sock=2164 hEvent=00000994 events=0x0
2026-10-03 04:50:14.782 [EVENT] sock=2164 hEvent=00000994 events=0x21
2026-10-03 04:50:24.845 [EVENT] sock=2164 hEvent=00000994 events=0x0
2026-10-03 04:50:24.846 [EVENT] sock=2164 hEvent=00000994 events=0x21
2026-10-03 04:50:25.599 [EVENT] sock=2676 hEvent=00000A50 events=0x0
2026-10-03 04:50:25.606 [EVENT] sock=2676 hEvent=00000A50 events=0x21
2026-10-03 04:50:34.913 [EVENT] sock=2164 hEvent=00000994 events=0x0
2026-10-03 04:50:34.917 [EVENT] sock=2164 hEvent=00000994 events=0x21
2026-10-03 04:50:45.033 [EVENT] sock=2164 hEvent=00000994 events=0x0
2026-10-03 04:50:45.035 [EVENT] sock=2164 hEvent=00000994 events=0x21
2026-10-03 04:50:55.095 [EVENT] sock=2164 hEvent=00000994 events=0x0
2026-10-03 04:50:55.096 [EVENT] sock=2164 hEvent=00000994 events=0x21
2026-10-03 04:50:55.608 [EVENT] sock=2676 hEvent=00000A50 events=0x0
2026-10-03 04:50:55.608 [EVENT] sock=2676 hEvent=00000A50 events=0x21
2026-10-03 04:51:05.164 [EVENT] sock=2164 hEvent=00000994 events=0x0
2026-10-03 04:51:05.164 [EVENT] sock=2164 hEvent=00000994 events=0x21
2026-10-03 04:51:15.230 [EVENT] sock=2164 hEvent=00000994 events=0x0
2026-10-03 04:51:15.231 [EVENT] sock=2164 hEvent=00000994 events=0x21
2026-10-03 04:51:25.295 [EVENT] sock=2164 hEvent=00000994 events=0x0
2026-10-03 04:51:25.295 [EVENT] sock=2164 hEvent=00000994 events=0x21
2026-10-03 04:51:25.609 [EVENT] sock=2676 hEvent=00000A50 events=0x0
2026-10-03 04:51:25.615 [EVENT] sock=2676 hEvent=00000A50 events=0x21
2026-10-03 04:51:35.363 [EVENT] sock=2164 hEvent=00000994 events=0x0
2026-10-03 04:51:35.363 [EVENT] sock=2164 hEvent=00000994 events=0x21
2026-10-03 04:51:45.431 [EVENT] sock=2164 hEvent=00000994 events=0x0
2026-10-03 04:51:45.433 [EVENT] sock=2164 hEvent=00000994 events=0x21
2026-10-03 04:51:55.496 [EVENT] sock=2164 hEvent=00000994 events=0x0
2026-10-03 04:51:55.496 [EVENT] sock=2164 hEvent=00000994 events=0x21
2026-10-03 04:51:55.617 [EVENT] sock=2676 hEvent=00000A50 events=0x0
2026-10-03 04:51:55.619 [EVENT] sock=2676 hEvent=00000A50 events=0x21
2026-10-03 04:52:05.567 [EVENT] sock=2164 hEvent=00000994 events=0x0
2026-10-03 04:52:05.568 [EVENT] sock=2164 hEvent=00000994 events=0x21
2026-10-03 04:52:15.689 [EVENT] sock=2164 hEvent=00000994 events=0x0
2026-10-03 04:52:15.690 [EVENT] sock=2164 hEvent=00000994 events=0x21
2026-10-03 04:52:25.623 [EVENT] sock=2676 hEvent=00000A50 events=0x0
2026-10-03 04:52:25.625 [EVENT] sock=2676 hEvent=00000A50 events=0x21
2026-10-03 04:52:25.750 [EVENT] sock=2164 hEvent=00000994 events=0x0
2026-10-03 04:52:25.750 [EVENT] sock=2164 hEvent=00000994 events=0x21
2026-10-03 04:52:35.818 [EVENT] sock=2164 hEvent=00000994 events=0x0
2026-10-03 04:52:35.818 [EVENT] sock=2164 hEvent=00000994 events=0x21
2026-10-03 04:52:45.938 [EVENT] sock=2164 hEvent=00000994 events=0x0
2026-10-03 04:52:45.938 [EVENT] sock=2164 hEvent=00000994 events=0x21
2026-10-03 04:52:55.627 [EVENT] sock=2676 hEvent=00000A50 events=0x0
2026-10-03 04:52:55.627 [EVENT] sock=2676 hEvent=00000A50 events=0x21
2026-10-03 04:52:56.002 [EVENT] sock=2164 hEvent=00000994 events=0x0
2026-10-03 04:52:56.002 [EVENT] sock=2164 hEvent=00000994 events=0x21
2026-10-03 04:53:06.068 [EVENT] sock=2164 hEvent=00000994 events=0x0
2026-10-03 04:53:06.069 [EVENT] sock=2164 hEvent=00000994 events=0x21
2026-10-03 04:53:16.140 [EVENT] sock=2164 hEvent=00000994 events=0x0
2026-10-03 04:53:16.140 [EVENT] sock=2164 hEvent=00000994 events=0x21
2026-10-03 04:53:25.629 [EVENT] sock=2676 hEvent=00000A50 events=0x0
2026-10-03 04:53:25.634 [EVENT] sock=2676 hEvent=00000A50 events=0x21
2026-10-03 04:53:26.202 [EVENT] sock=2164 hEvent=00000994 events=0x0
2026-10-03 04:53:26.203 [EVENT] sock=2164 hEvent=00000994 events=0x21
2026-10-03 04:53:36.273 [EVENT] sock=2164 hEvent=00000994 events=0x0
2026-10-03 04:53:36.273 [EVENT] sock=2164 hEvent=00000994 events=0x21
2026-10-03 04:53:46.406 [EVENT] sock=2164 hEvent=00000994 events=0x0
2026-10-03 04:53:46.408 [EVENT] sock=2164 hEvent=00000994 events=0x21
2026-10-03 04:53:55.636 [EVENT] sock=2676 hEvent=00000A50 events=0x0
2026-10-03 04:53:55.636 [EVENT] sock=2676 hEvent=00000A50 events=0x21
2026-10-03 04:53:56.473 [EVENT] sock=2164 hEvent=00000994 events=0x0
2026-10-03 04:53:56.473 [EVENT] sock=2164 hEvent=00000994 events=0x21
2026-10-03 04:54:06.537 [EVENT] sock=2164 hEvent=00000994 events=0x0
2026-10-03 04:54:06.538 [EVENT] sock=2164 hEvent=00000994 events=0x21
2026-10-03 04:54:16.656 [EVENT] sock=2164 hEvent=00000994 events=0x0
2026-10-03 04:54:16.657 [EVENT] sock=2164 hEvent=00000994 events=0x21
2026-10-03 04:54:25.641 [EVENT] sock=2676 hEvent=00000A50 events=0x0
2026-10-03 04:54:25.646 [EVENT] sock=2676 hEvent=00000A50 events=0x21
2026-10-03 04:54:26.720 [EVENT] sock=2164 hEvent=00000994 events=0x0
2026-10-03 04:54:26.722 [EVENT] sock=2164 hEvent=00000994 events=0x21
2026-10-03 04:54:36.788 [EVENT] sock=2164 hEvent=00000994 events=0x0
2026-10-03 04:54:36.789 [EVENT] sock=2164 hEvent=00000994 events=0x21
2026-10-03 04:54:46.853 [EVENT] sock=2164 hEvent=00000994 events=0x0
2026-10-03 04:54:46.854 [EVENT] sock=2164 hEvent=00000994 events=0x21
2026-10-03 04:54:55.647 [EVENT] sock=2676 hEvent=00000A50 events=0x0
2026-10-03 04:54:55.648 [EVENT] sock=2676 hEvent=00000A50 events=0x21
2026-10-03 04:54:56.922 [EVENT] sock=2164 hEvent=00000994 events=0x0
2026-10-03 04:54:56.922 [EVENT] sock=2164 hEvent=00000994 events=0x21
2026-10-03 04:55:06.988 [EVENT] sock=2164 hEvent=00000994 events=0x0
2026-10-03 04:55:06.989 [EVENT] sock=2164 hEvent=00000994 events=0x21
2026-10-03 04:55:17.058 [EVENT] sock=2164 hEvent=00000994 events=0x0
2026-10-03 04:55:17.059 [EVENT] sock=2164 hEvent=00000994 events=0x21
2026-10-03 04:55:25.650 [EVENT] sock=2676 hEvent=00000A50 events=0x0
2026-10-03 04:55:25.654 [EVENT] sock=2676 hEvent=00000A50 events=0x21
2026-10-03 04:55:27.121 [EVENT] sock=2164 hEvent=00000994 events=0x0
2026-10-03 04:55:27.122 [EVENT] sock=2164 hEvent=00000994 events=0x21
2026-10-03 04:55:37.196 [EVENT] sock=2164 hEvent=00000994 events=0x0
2026-10-03 04:55:37.197 [EVENT] sock=2164 hEvent=00000994 events=0x21
2026-10-03 04:55:47.263 [EVENT] sock=2164 hEvent=00000994 events=0x0
2026-10-03 04:55:47.264 [EVENT] sock=2164 hEvent=00000994 events=0x21
2026-10-03 04:55:55.655 [EVENT] sock=2676 hEvent=00000A50 events=0x0
2026-10-03 04:55:55.656 [EVENT] sock=2676 hEvent=00000A50 events=0x21
2026-10-03 04:55:57.326 [EVENT] sock=2164 hEvent=00000994 events=0x0
2026-10-03 04:55:57.330 [EVENT] sock=2164 hEvent=00000994 events=0x21
2026-10-03 04:56:07.397 [EVENT] sock=2164 hEvent=00000994 events=0x0
2026-10-03 04:56:07.397 [EVENT] sock=2164 hEvent=00000994 events=0x21
2026-10-03 04:56:17.460 [EVENT] sock=2164 hEvent=00000994 events=0x0
2026-10-03 04:56:17.465 [EVENT] sock=2164 hEvent=00000994 events=0x21
2026-10-03 04:56:25.657 [EVENT] sock=2676 hEvent=00000A50 events=0x0
2026-10-03 04:56:25.668 [EVENT] sock=2676 hEvent=00000A50 events=0x21
2026-10-03 04:56:27.533 [EVENT] sock=2164 hEvent=00000994 events=0x0
2026-10-03 04:56:27.534 [EVENT] sock=2164 hEvent=00000994 events=0x21
2026-10-03 04:56:37.594 [EVENT] sock=2164 hEvent=00000994 events=0x0
2026-10-03 04:56:37.597 [EVENT] sock=2164 hEvent=00000994 events=0x21
2026-10-03 04:56:47.680 [EVENT] sock=2164 hEvent=00000994 events=0x0
2026-10-03 04:56:47.680 [EVENT] sock=2164 hEvent=00000994 events=0x21
2026-10-03 04:56:55.670 [EVENT] sock=2676 hEvent=00000A50 events=0x0
2026-10-03 04:56:55.670 [EVENT] sock=2676 hEvent=00000A50 events=0x21
2026-10-03 04:56:57.746 [EVENT] sock=2164 hEvent=00000994 events=0x0
2026-10-03 04:56:57.746 [EVENT] sock=2164 hEvent=00000994 events=0x21
2026-10-03 04:57:07.812 [EVENT] sock=2164 hEvent=00000994 events=0x0
2026-10-03 04:57:07.816 [EVENT] sock=2164 hEvent=00000994 events=0x21
2026-10-03 04:57:17.884 [EVENT] sock=2164 hEvent=00000994 events=0x0
2026-10-03 04:57:17.884 [EVENT] sock=2164 hEvent=00000994 events=0x21
2026-10-03 04:57:25.674 [EVENT] sock=2676 hEvent=00000A50 events=0x0
2026-10-03 04:57:25.684 [EVENT] sock=2676 hEvent=00000A50 events=0x21
2026-10-03 04:57:27.951 [EVENT] sock=2164 hEvent=00000994 events=0x0
2026-10-03 04:57:27.951 [EVENT] sock=2164 hEvent=00000994 events=0x21
2026-10-03 04:57:38.016 [EVENT] sock=2164 hEvent=00000994 events=0x0
2026-10-03 04:57:38.017 [EVENT] sock=2164 hEvent=00000994 events=0x21
2026-10-03 04:57:48.080 [EVENT] sock=2164 hEvent=00000994 events=0x0
2026-10-03 04:57:48.084 [EVENT] sock=2164 hEvent=00000994 events=0x21
2026-10-03 04:57:55.688 [EVENT] sock=2676 hEvent=00000A50 events=0x0
2026-10-03 04:57:55.688 [EVENT] sock=2676 hEvent=00000A50 events=0x21
2026-10-03 04:57:58.148 [EVENT] sock=2164 hEvent=00000994 events=0x0
2026-10-03 04:57:58.152 [EVENT] sock=2164 hEvent=00000994 events=0x21
2026-10-03 04:58:08.215 [EVENT] sock=2164 hEvent=00000994 events=0x0
2026-10-03 04:58:08.215 [EVENT] sock=2164 hEvent=00000994 events=0x21
2026-10-03 04:58:18.284 [EVENT] sock=2164 hEvent=00000994 events=0x0
2026-10-03 04:58:18.285 [EVENT] sock=2164 hEvent=00000994 events=0x21
2026-10-03 04:58:25.691 [EVENT] sock=2676 hEvent=00000A50 events=0x0
2026-10-03 04:58:25.695 [EVENT] sock=2676 hEvent=00000A50 events=0x21
2026-10-03 04:58:28.348 [EVENT] sock=2164 hEvent=00000994 events=0x0
2026-10-03 04:58:28.348 [EVENT] sock=2164 hEvent=00000994 events=0x21
2026-10-03 04:58:38.416 [EVENT] sock=2164 hEvent=00000994 events=0x0
2026-10-03 04:58:38.418 [EVENT] sock=2164 hEvent=00000994 events=0x21
2026-10-03 04:58:48.501 [EVENT] sock=2164 hEvent=00000994 events=0x0
2026-10-03 04:58:48.502 [EVENT] sock=2164 hEvent=00000994 events=0x21
2026-10-03 04:58:55.697 [EVENT] sock=2676 hEvent=00000A50 events=0x0
2026-10-03 04:58:55.697 [EVENT] sock=2676 hEvent=00000A50 events=0x21
2026-10-03 04:58:58.565 [EVENT] sock=2164 hEvent=00000994 events=0x0
2026-10-03 04:58:58.567 [EVENT] sock=2164 hEvent=00000994 events=0x21
2026-10-03 04:59:08.633 [EVENT] sock=2164 hEvent=00000994 events=0x0
2026-10-03 04:59:08.634 [EVENT] sock=2164 hEvent=00000994 events=0x21
2026-10-03 04:59:18.698 [EVENT] sock=2164 hEvent=00000994 events=0x0
2026-10-03 04:59:18.700 [EVENT] sock=2164 hEvent=00000994 events=0x21
2026-10-03 04:59:25.702 [EVENT] sock=2676 hEvent=00000A50 events=0x0
2026-10-03 04:59:25.712 [EVENT] sock=2676 hEvent=00000A50 events=0x21
2026-10-03 04:59:28.765 [EVENT] sock=2164 hEvent=00000994 events=0x0
2026-10-03 04:59:28.765 [EVENT] sock=2164 hEvent=00000994 events=0x21
2026-10-03 04:59:38.833 [EVENT] sock=2164 hEvent=00000994 events=0x0
2026-10-03 04:59:38.834 [EVENT] sock=2164 hEvent=00000994 events=0x21
2026-10-03 04:59:48.900 [EVENT] sock=2164 hEvent=00000994 events=0x0
2026-10-03 04:59:48.901 [EVENT] sock=2164 hEvent=00000994 events=0x21
2026-10-03 04:59:55.713 [EVENT] sock=2676 hEvent=00000A50 events=0x0
2026-10-03 04:59:55.713 [EVENT] sock=2676 hEvent=00000A50 events=0x21
2026-10-03 04:59:58.968 [EVENT] sock=2164 hEvent=00000994 events=0x0
2026-10-03 04:59:58.969 [EVENT] sock=2164 hEvent=00000994 events=0x21
2026-10-03 05:00:09.034 [EVENT] sock=2164 hEvent=00000994 events=0x0
2026-10-03 05:00:09.035 [EVENT] sock=2164 hEvent=00000994 events=0x21
2026-10-03 05:00:19.100 [EVENT] sock=2164 hEvent=00000994 events=0x0
2026-10-03 05:00:19.101 [EVENT] sock=2164 hEvent=00000994 events=0x21
2026-10-03 05:00:25.714 [EVENT] sock=2676 hEvent=00000A50 events=0x0
2026-10-03 05:00:25.727 [EVENT] sock=2676 hEvent=00000A50 events=0x21
2026-10-03 05:00:29.168 [EVENT] sock=2164 hEvent=00000994 events=0x0
2026-10-03 05:00:29.168 [EVENT] sock=2164 hEvent=00000994 events=0x21
2026-10-03 05:00:39.235 [EVENT] sock=2164 hEvent=00000994 events=0x0
2026-10-03 05:00:39.235 [EVENT] sock=2164 hEvent=00000994 events=0x21
2026-10-03 05:00:49.351 [EVENT] sock=2164 hEvent=00000994 events=0x0
2026-10-03 05:00:49.352 [EVENT] sock=2164 hEvent=00000994 events=0x21
2026-10-03 05:00:55.728 [EVENT] sock=2676 hEvent=00000A50 events=0x0
2026-10-03 05:00:55.728 [EVENT] sock=2676 hEvent=00000A50 events=0x21
2026-10-03 05:00:59.416 [EVENT] sock=2164 hEvent=00000994 events=0x0
2026-10-03 05:00:59.418 [EVENT] sock=2164 hEvent=00000994 events=0x21
2026-10-03 05:01:09.492 [EVENT] sock=2164 hEvent=00000994 events=0x0
2026-10-03 05:01:09.492 [EVENT] sock=2164 hEvent=00000994 events=0x21
2026-10-03 05:01:19.658 [EVENT] sock=2164 hEvent=00000994 events=0x0
2026-10-03 05:01:19.660 [EVENT] sock=2164 hEvent=00000994 events=0x21
2026-10-03 05:01:25.730 [EVENT] sock=2676 hEvent=00000A50 events=0x0
2026-10-03 05:01:25.734 [EVENT] sock=2676 hEvent=00000A50 events=0x21
2026-10-03 05:01:29.726 [EVENT] sock=2164 hEvent=00000994 events=0x0
2026-10-03 05:01:29.726 [EVENT] sock=2164 hEvent=00000994 events=0x21
2026-10-03 05:01:39.792 [EVENT] sock=2164 hEvent=00000994 events=0x0
2026-10-03 05:01:39.792 [EVENT] sock=2164 hEvent=00000994 events=0x21
2026-10-03 05:01:49.907 [EVENT] sock=2164 hEvent=00000994 events=0x0
2026-10-03 05:01:49.908 [EVENT] sock=2164 hEvent=00000994 events=0x21
2026-10-03 05:01:55.736 [EVENT] sock=2676 hEvent=00000A50 events=0x0
2026-10-03 05:01:55.736 [EVENT] sock=2676 hEvent=00000A50 events=0x21
2026-10-03 05:01:59.971 [EVENT] sock=2164 hEvent=00000994 events=0x0
2026-10-03 05:01:59.972 [EVENT] sock=2164 hEvent=00000994 events=0x21
2026-10-03 05:02:10.042 [EVENT] sock=2164 hEvent=00000994 events=0x0
2026-10-03 05:02:10.044 [EVENT] sock=2164 hEvent=00000994 events=0x21
2026-10-03 05:02:20.161 [EVENT] sock=2164 hEvent=00000994 events=0x0
2026-10-03 05:02:20.162 [EVENT] sock=2164 hEvent=00000994 events=0x21
2026-10-03 05:02:25.738 [EVENT] sock=2676 hEvent=00000A50 events=0x0
2026-10-03 05:02:25.744 [EVENT] sock=2676 hEvent=00000A50 events=0x21
2026-10-03 05:02:30.226 [EVENT] sock=2164 hEvent=00000994 events=0x0
2026-10-03 05:02:30.232 [EVENT] sock=2164 hEvent=00000994 events=0x21
2026-10-03 05:02:40.292 [EVENT] sock=2164 hEvent=00000994 events=0x0
2026-10-03 05:02:40.295 [EVENT] sock=2164 hEvent=00000994 events=0x21
2026-10-03 05:02:50.363 [EVENT] sock=2164 hEvent=00000994 events=0x0
2026-10-03 05:02:50.364 [EVENT] sock=2164 hEvent=00000994 events=0x21
2026-10-03 05:02:55.750 [EVENT] sock=2676 hEvent=00000A50 events=0x0
2026-10-03 05:02:55.751 [EVENT] sock=2676 hEvent=00000A50 events=0x21
2026-10-03 05:03:00.426 [EVENT] sock=2164 hEvent=00000994 events=0x0
2026-10-03 05:03:00.426 [EVENT] sock=2164 hEvent=00000994 events=0x21
2026-10-03 05:03:10.492 [EVENT] sock=2164 hEvent=00000994 events=0x0
2026-10-03 05:03:10.495 [EVENT] sock=2164 hEvent=00000994 events=0x21
2026-10-03 05:03:20.611 [EVENT] sock=2164 hEvent=00000994 events=0x0
2026-10-03 05:03:20.611 [EVENT] sock=2164 hEvent=00000994 events=0x21
2026-10-03 05:03:25.751 [EVENT] sock=2676 hEvent=00000A50 events=0x0
2026-10-03 05:03:25.755 [EVENT] sock=2676 hEvent=00000A50 events=0x21
2026-10-03 05:03:30.677 [EVENT] sock=2164 hEvent=00000994 events=0x0
2026-10-03 05:03:30.677 [EVENT] sock=2164 hEvent=00000994 events=0x21
2026-10-03 05:03:40.742 [EVENT] sock=2164 hEvent=00000994 events=0x0
2026-10-03 05:03:40.743 [EVENT] sock=2164 hEvent=00000994 events=0x21
2026-10-03 05:03:50.815 [EVENT] sock=2164 hEvent=00000994 events=0x0
2026-10-03 05:03:50.817 [EVENT] sock=2164 hEvent=00000994 events=0x21
2026-10-03 05:03:55.758 [EVENT] sock=2676 hEvent=00000A50 events=0x0
2026-10-03 05:03:55.759 [EVENT] sock=2676 hEvent=00000A50 events=0x21
2026-10-03 05:04:00.880 [EVENT] sock=2164 hEvent=00000994 events=0x0
2026-10-03 05:04:00.880 [EVENT] sock=2164 hEvent=00000994 events=0x21
2026-10-03 05:04:10.950 [EVENT] sock=2164 hEvent=00000994 events=0x0
2026-10-03 05:04:10.950 [EVENT] sock=2164 hEvent=00000994 events=0x21
2026-10-03 05:04:21.083 [EVENT] sock=2164 hEvent=00000994 events=0x0
2026-10-03 05:04:21.087 [EVENT] sock=2164 hEvent=00000994 events=0x21
2026-10-03 05:04:25.760 [EVENT] sock=2676 hEvent=00000A50 events=0x0
2026-10-03 05:04:25.768 [EVENT] sock=2676 hEvent=00000A50 events=0x21
2026-10-03 05:04:31.147 [EVENT] sock=2164 hEvent=00000994 events=0x0
2026-10-03 05:04:31.148 [EVENT] sock=2164 hEvent=00000994 events=0x21
2026-10-03 05:04:41.215 [EVENT] sock=2164 hEvent=00000994 events=0x0
2026-10-03 05:04:41.218 [EVENT] sock=2164 hEvent=00000994 events=0x21
2026-10-03 05:04:51.284 [EVENT] sock=2164 hEvent=00000994 events=0x0
2026-10-03 05:04:51.284 [EVENT] sock=2164 hEvent=00000994 events=0x21
2026-10-03 05:04:55.771 [EVENT] sock=2676 hEvent=00000A50 events=0x0
2026-10-03 05:04:55.774 [EVENT] sock=2676 hEvent=00000A50 events=0x21
2026-10-03 05:05:01.355 [EVENT] sock=2164 hEvent=00000994 events=0x0
2026-10-03 05:05:01.357 [EVENT] sock=2164 hEvent=00000994 events=0x21
2026-10-03 05:05:11.419 [EVENT] sock=2164 hEvent=00000994 events=0x0
2026-10-03 05:05:11.421 [EVENT] sock=2164 hEvent=00000994 events=0x21
2026-10-03 05:05:21.488 [EVENT] sock=2164 hEvent=00000994 events=0x0
2026-10-03 05:05:21.490 [EVENT] sock=2164 hEvent=00000994 events=0x21
2026-10-03 05:05:25.775 [EVENT] sock=2676 hEvent=00000A50 events=0x0
2026-10-03 05:05:25.781 [EVENT] sock=2676 hEvent=00000A50 events=0x21
2026-10-03 05:05:31.553 [EVENT] sock=2164 hEvent=00000994 events=0x0
2026-10-03 05:05:31.555 [EVENT] sock=2164 hEvent=00000994 events=0x21
2026-10-03 05:05:41.620 [EVENT] sock=2164 hEvent=00000994 events=0x0
2026-10-03 05:05:41.622 [EVENT] sock=2164 hEvent=00000994 events=0x21
2026-10-03 05:05:51.687 [EVENT] sock=2164 hEvent=00000994 events=0x0
2026-10-03 05:05:51.688 [EVENT] sock=2164 hEvent=00000994 events=0x21
2026-10-03 05:05:55.787 [EVENT] sock=2676 hEvent=00000A50 events=0x0
2026-10-03 05:05:55.791 [EVENT] sock=2676 hEvent=00000A50 events=0x21
2026-10-03 05:06:01.757 [EVENT] sock=2164 hEvent=00000994 events=0x0
2026-10-03 05:06:01.757 [EVENT] sock=2164 hEvent=00000994 events=0x21
2026-10-03 05:06:11.822 [EVENT] sock=2164 hEvent=00000994 events=0x0
2026-10-03 05:06:11.823 [EVENT] sock=2164 hEvent=00000994 events=0x21
2026-10-03 05:06:21.887 [EVENT] sock=2164 hEvent=00000994 events=0x0
2026-10-03 05:06:21.890 [EVENT] sock=2164 hEvent=00000994 events=0x21
2026-10-03 05:06:25.794 [EVENT] sock=2676 hEvent=00000A50 events=0x0
2026-10-03 05:06:25.799 [EVENT] sock=2676 hEvent=00000A50 events=0x21
2026-10-03 05:06:31.955 [EVENT] sock=2164 hEvent=00000994 events=0x0
2026-10-03 05:06:31.956 [EVENT] sock=2164 hEvent=00000994 events=0x21
2026-10-03 05:06:42.023 [EVENT] sock=2164 hEvent=00000994 events=0x0
2026-10-03 05:06:42.023 [EVENT] sock=2164 hEvent=00000994 events=0x21
2026-10-03 05:06:52.110 [EVENT] sock=2164 hEvent=00000994 events=0x0
2026-10-03 05:06:52.110 [HB-OUT] op=0001 #1 len=4 sock=2164
2026-10-03 05:06:52.111 [EVENT] sock=2164 hEvent=00000994 events=0x21
2026-10-03 05:06:52.184 [EVENT] sock=2164 hEvent=00000994 events=0x0
2026-10-03 05:06:52.187 [EVENT] sock=2164 hEvent=00000994 events=0x21
2026-10-03 05:06:55.800 [EVENT] sock=2676 hEvent=00000A50 events=0x0
2026-10-03 05:06:55.800 [EVENT] sock=2676 hEvent=00000A50 events=0x21
2026-10-03 05:07:02.488 [EVENT] sock=2164 hEvent=00000994 events=0x0
2026-10-03 05:07:02.491 [EVENT] sock=2164 hEvent=00000994 events=0x21
2026-10-03 05:07:12.553 [EVENT] sock=2164 hEvent=00000994 events=0x0
2026-10-03 05:07:12.553 [EVENT] sock=2164 hEvent=00000994 events=0x21
2026-10-03 05:07:22.622 [EVENT] sock=2164 hEvent=00000994 events=0x0
2026-10-03 05:07:22.623 [EVENT] sock=2164 hEvent=00000994 events=0x21
2026-10-03 05:07:25.802 [EVENT] sock=2676 hEvent=00000A50 events=0x0
2026-10-03 05:07:25.808 [EVENT] sock=2676 hEvent=00000A50 events=0x21
2026-10-03 05:07:32.689 [EVENT] sock=2164 hEvent=00000994 events=0x0
2026-10-03 05:07:32.693 [EVENT] sock=2164 hEvent=00000994 events=0x21
2026-10-03 05:07:42.760 [EVENT] sock=2164 hEvent=00000994 events=0x0
2026-10-03 05:07:42.760 [EVENT] sock=2164 hEvent=00000994 events=0x21
2026-10-03 05:07:52.829 [EVENT] sock=2164 hEvent=00000994 events=0x0
2026-10-03 05:07:52.830 [EVENT] sock=2164 hEvent=00000994 events=0x21
2026-10-03 05:07:55.810 [EVENT] sock=2676 hEvent=00000A50 events=0x0
2026-10-03 05:07:55.814 [EVENT] sock=2676 hEvent=00000A50 events=0x21
2026-10-03 05:08:02.890 [EVENT] sock=2164 hEvent=00000994 events=0x0
2026-10-03 05:08:02.894 [EVENT] sock=2164 hEvent=00000994 events=0x21
2026-10-03 05:08:12.962 [EVENT] sock=2164 hEvent=00000994 events=0x0
2026-10-03 05:08:12.963 [EVENT] sock=2164 hEvent=00000994 events=0x21
2026-10-03 05:08:23.030 [EVENT] sock=2164 hEvent=00000994 events=0x0
2026-10-03 05:08:23.031 [EVENT] sock=2164 hEvent=00000994 events=0x21
2026-10-03 05:08:25.816 [EVENT] sock=2676 hEvent=00000A50 events=0x0
2026-10-03 05:08:25.820 [EVENT] sock=2676 hEvent=00000A50 events=0x21
2026-10-03 05:08:33.097 [EVENT] sock=2164 hEvent=00000994 events=0x0
2026-10-03 05:08:33.097 [EVENT] sock=2164 hEvent=00000994 events=0x21
2026-10-03 05:08:35.426 [SYS] 神圣而伟大的#FF8CF8#朝简#FFF692#上线了，大家快来膜拜哟！！！
2026-10-03 05:08:43.160 [EVENT] sock=2164 hEvent=00000994 events=0x0
2026-10-03 05:08:43.160 [EVENT] sock=2164 hEvent=00000994 events=0x21
2026-10-03 05:08:53.222 [EVENT] sock=2164 hEvent=00000994 events=0x0
2026-10-03 05:08:53.223 [EVENT] sock=2164 hEvent=00000994 events=0x21
2026-10-03 05:08:55.822 [EVENT] sock=2676 hEvent=00000A50 events=0x0
2026-10-03 05:08:55.823 [EVENT] sock=2676 hEvent=00000A50 events=0x21
2026-10-03 05:09:03.290 [EVENT] sock=2164 hEvent=00000994 events=0x0
2026-10-03 05:09:03.290 [EVENT] sock=2164 hEvent=00000994 events=0x21
2026-10-03 05:09:13.357 [EVENT] sock=2164 hEvent=00000994 events=0x0
2026-10-03 05:09:13.358 [EVENT] sock=2164 hEvent=00000994 events=0x21
2026-10-03 05:09:23.423 [EVENT] sock=2164 hEvent=00000994 events=0x0
2026-10-03 05:09:23.424 [EVENT] sock=2164 hEvent=00000994 events=0x21
2026-10-03 05:09:25.824 [EVENT] sock=2676 hEvent=00000A50 events=0x0
2026-10-03 05:09:25.832 [EVENT] sock=2676 hEvent=00000A50 events=0x21
2026-10-03 05:09:33.491 [EVENT] sock=2164 hEvent=00000994 events=0x0
2026-10-03 05:09:33.493 [EVENT] sock=2164 hEvent=00000994 events=0x21
2026-10-03 05:09:43.563 [EVENT] sock=2164 hEvent=00000994 events=0x0
2026-10-03 05:09:43.563 [EVENT] sock=2164 hEvent=00000994 events=0x21
2026-10-03 05:09:53.624 [EVENT] sock=2164 hEvent=00000994 events=0x0
2026-10-03 05:09:53.625 [EVENT] sock=2164 hEvent=00000994 events=0x21
2026-10-03 05:09:55.836 [EVENT] sock=2676 hEvent=00000A50 events=0x0
2026-10-03 05:09:55.836 [EVENT] sock=2676 hEvent=00000A50 events=0x21
2026-10-03 05:10:03.691 [EVENT] sock=2164 hEvent=00000994 events=0x0
2026-10-03 05:10:03.695 [EVENT] sock=2164 hEvent=00000994 events=0x21
2026-10-03 05:10:13.762 [EVENT] sock=2164 hEvent=00000994 events=0x0
2026-10-03 05:10:13.764 [EVENT] sock=2164 hEvent=00000994 events=0x21
2026-10-03 05:10:23.861 [EVENT] sock=2164 hEvent=00000994 events=0x0
2026-10-03 05:10:23.861 [EVENT] sock=2164 hEvent=00000994 events=0x21
2026-10-03 05:10:25.838 [EVENT] sock=2676 hEvent=00000A50 events=0x0
2026-10-03 05:10:25.841 [EVENT] sock=2676 hEvent=00000A50 events=0x21
2026-10-03 05:10:33.927 [EVENT] sock=2164 hEvent=00000994 events=0x0
2026-10-03 05:10:33.930 [EVENT] sock=2164 hEvent=00000994 events=0x21
2026-10-03 05:10:43.992 [EVENT] sock=2164 hEvent=00000994 events=0x0
2026-10-03 05:10:43.994 [EVENT] sock=2164 hEvent=00000994 events=0x21
2026-10-03 05:10:54.058 [EVENT] sock=2164 hEvent=00000994 events=0x0
2026-10-03 05:10:54.060 [EVENT] sock=2164 hEvent=00000994 events=0x21
2026-10-03 05:10:55.844 [EVENT] sock=2676 hEvent=00000A50 events=0x0
2026-10-03 05:10:55.846 [EVENT] sock=2676 hEvent=00000A50 events=0x21
2026-10-03 05:11:04.124 [EVENT] sock=2164 hEvent=00000994 events=0x0
2026-10-03 05:11:04.125 [EVENT] sock=2164 hEvent=00000994 events=0x21
2026-10-03 05:11:14.192 [EVENT] sock=2164 hEvent=00000994 events=0x0
2026-10-03 05:11:14.196 [EVENT] sock=2164 hEvent=00000994 events=0x21
2026-10-03 05:11:24.263 [EVENT] sock=2164 hEvent=00000994 events=0x0
2026-10-03 05:11:24.264 [EVENT] sock=2164 hEvent=00000994 events=0x21
2026-10-03 05:11:25.847 [EVENT] sock=2676 hEvent=00000A50 events=0x0
2026-10-03 05:11:25.852 [EVENT] sock=2676 hEvent=00000A50 events=0x21
2026-10-03 05:11:34.328 [EVENT] sock=2164 hEvent=00000994 events=0x0
2026-10-03 05:11:34.328 [EVENT] sock=2164 hEvent=00000994 events=0x21
2026-10-03 05:11:44.395 [EVENT] sock=2164 hEvent=00000994 events=0x0
2026-10-03 05:11:44.395 [EVENT] sock=2164 hEvent=00000994 events=0x21
2026-10-03 05:11:54.513 [EVENT] sock=2164 hEvent=00000994 events=0x0
2026-10-03 05:11:54.517 [EVENT] sock=2164 hEvent=00000994 events=0x21
2026-10-03 05:11:55.853 [EVENT] sock=2676 hEvent=00000A50 events=0x0
2026-10-03 05:11:55.853 [EVENT] sock=2676 hEvent=00000A50 events=0x21
2026-10-03 05:12:04.584 [EVENT] sock=2164 hEvent=00000994 events=0x0
2026-10-03 05:12:04.585 [EVENT] sock=2164 hEvent=00000994 events=0x21
2026-10-03 05:12:14.646 [EVENT] sock=2164 hEvent=00000994 events=0x0
2026-10-03 05:12:14.649 [EVENT] sock=2164 hEvent=00000994 events=0x21
2026-10-03 05:12:24.880 [EVENT] sock=2164 hEvent=00000994 events=0x0
2026-10-03 05:12:24.883 [EVENT] sock=2164 hEvent=00000994 events=0x21
2026-10-03 05:12:25.856 [EVENT] sock=2676 hEvent=00000A50 events=0x0
2026-10-03 05:12:25.861 [EVENT] sock=2676 hEvent=00000A50 events=0x21
2026-10-03 05:12:34.683 [SYS] #FFF692#恭喜#FF8CF8#臭妮#FFF692#在#00C8F8#摸金盲盒#FFF692#中获得了#64FF7D#腐化铠甲
2026-10-03 05:12:35.694 [EVENT] sock=2164 hEvent=00000994 events=0x0
2026-10-03 05:12:35.695 [EVENT] sock=2164 hEvent=00000994 events=0x21
2026-10-03 05:12:45.762 [EVENT] sock=2164 hEvent=00000994 events=0x0
2026-10-03 05:12:45.762 [EVENT] sock=2164 hEvent=00000994 events=0x21
2026-10-03 05:12:55.827 [EVENT] sock=2164 hEvent=00000994 events=0x0
2026-10-03 05:12:55.828 [EVENT] sock=2164 hEvent=00000994 events=0x21
2026-10-03 05:12:55.864 [EVENT] sock=2676 hEvent=00000A50 events=0x0
2026-10-03 05:12:55.867 [EVENT] sock=2676 hEvent=00000A50 events=0x21
2026-10-03 05:13:05.895 [EVENT] sock=2164 hEvent=00000994 events=0x0
2026-10-03 05:13:05.895 [EVENT] sock=2164 hEvent=00000994 events=0x21
2026-10-03 05:13:15.964 [EVENT] sock=2164 hEvent=00000994 events=0x0
2026-10-03 05:13:15.964 [EVENT] sock=2164 hEvent=00000994 events=0x21
2026-10-03 05:13:25.868 [EVENT] sock=2676 hEvent=00000A50 events=0x0
2026-10-03 05:13:25.872 [EVENT] sock=2676 hEvent=00000A50 events=0x21
2026-10-03 05:13:26.031 [EVENT] sock=2164 hEvent=00000994 events=0x0
2026-10-03 05:13:26.033 [EVENT] sock=2164 hEvent=00000994 events=0x21
2026-10-03 05:13:36.102 [EVENT] sock=2164 hEvent=00000994 events=0x0
2026-10-03 05:13:36.102 [EVENT] sock=2164 hEvent=00000994 events=0x21
2026-10-03 05:13:46.167 [EVENT] sock=2164 hEvent=00000994 events=0x0
2026-10-03 05:13:46.168 [EVENT] sock=2164 hEvent=00000994 events=0x21
2026-10-03 05:13:55.874 [EVENT] sock=2676 hEvent=00000A50 events=0x0
2026-10-03 05:13:55.875 [EVENT] sock=2676 hEvent=00000A50 events=0x21
2026-10-03 05:13:56.231 [EVENT] sock=2164 hEvent=00000994 events=0x0
2026-10-03 05:13:56.232 [EVENT] sock=2164 hEvent=00000994 events=0x21
2026-10-03 05:14:06.301 [EVENT] sock=2164 hEvent=00000994 events=0x0
2026-10-03 05:14:06.301 [EVENT] sock=2164 hEvent=00000994 events=0x21
2026-10-03 05:14:16.369 [EVENT] sock=2164 hEvent=00000994 events=0x0
2026-10-03 05:14:16.370 [EVENT] sock=2164 hEvent=00000994 events=0x21
2026-10-03 05:14:25.876 [EVENT] sock=2676 hEvent=00000A50 events=0x0
2026-10-03 05:14:25.880 [EVENT] sock=2676 hEvent=00000A50 events=0x21
2026-10-03 05:14:26.435 [EVENT] sock=2164 hEvent=00000994 events=0x0
2026-10-03 05:14:26.436 [EVENT] sock=2164 hEvent=00000994 events=0x21
2026-10-03 05:14:36.506 [EVENT] sock=2164 hEvent=00000994 events=0x0
2026-10-03 05:14:36.508 [EVENT] sock=2164 hEvent=00000994 events=0x21
2026-10-03 05:14:46.569 [EVENT] sock=2164 hEvent=00000994 events=0x0
2026-10-03 05:14:46.573 [EVENT] sock=2164 hEvent=00000994 events=0x21
2026-10-03 05:14:55.880 [EVENT] sock=2676 hEvent=00000A50 events=0x0
2026-10-03 05:14:55.881 [EVENT] sock=2676 hEvent=00000A50 events=0x21
2026-10-03 05:14:56.637 [EVENT] sock=2164 hEvent=00000994 events=0x0
2026-10-03 05:14:56.640 [EVENT] sock=2164 hEvent=00000994 events=0x21
2026-10-03 05:15:06.706 [EVENT] sock=2164 hEvent=00000994 events=0x0
2026-10-03 05:15:06.706 [EVENT] sock=2164 hEvent=00000994 events=0x21
2026-10-03 05:15:16.769 [EVENT] sock=2164 hEvent=00000994 events=0x0
2026-10-03 05:15:16.769 [EVENT] sock=2164 hEvent=00000994 events=0x21
2026-10-03 05:15:25.882 [EVENT] sock=2676 hEvent=00000A50 events=0x0
2026-10-03 05:15:25.892 [EVENT] sock=2676 hEvent=00000A50 events=0x21
2026-10-03 05:15:26.836 [EVENT] sock=2164 hEvent=00000994 events=0x0
2026-10-03 05:15:26.837 [EVENT] sock=2164 hEvent=00000994 events=0x21
2026-10-03 05:15:36.903 [EVENT] sock=2164 hEvent=00000994 events=0x0
2026-10-03 05:15:36.905 [EVENT] sock=2164 hEvent=00000994 events=0x21
2026-10-03 05:15:46.975 [EVENT] sock=2164 hEvent=00000994 events=0x0
2026-10-03 05:15:46.976 [EVENT] sock=2164 hEvent=00000994 events=0x21
2026-10-03 05:15:55.893 [EVENT] sock=2676 hEvent=00000A50 events=0x0
2026-10-03 05:15:55.893 [EVENT] sock=2676 hEvent=00000A50 events=0x21
2026-10-03 05:15:57.036 [EVENT] sock=2164 hEvent=00000994 events=0x0
2026-10-03 05:15:57.037 [EVENT] sock=2164 hEvent=00000994 events=0x21
2026-10-03 05:16:07.110 [EVENT] sock=2164 hEvent=00000994 events=0x0
2026-10-03 05:16:07.111 [EVENT] sock=2164 hEvent=00000994 events=0x21
2026-10-03 05:16:17.177 [EVENT] sock=2164 hEvent=00000994 events=0x0
2026-10-03 05:16:17.177 [EVENT] sock=2164 hEvent=00000994 events=0x21
2026-10-03 05:16:25.896 [EVENT] sock=2676 hEvent=00000A50 events=0x0
2026-10-03 05:16:25.897 [EVENT] sock=2676 hEvent=00000A50 events=0x21
2026-10-03 05:16:27.240 [EVENT] sock=2164 hEvent=00000994 events=0x0
2026-10-03 05:16:27.245 [EVENT] sock=2164 hEvent=00000994 events=0x21
2026-10-03 05:16:37.312 [EVENT] sock=2164 hEvent=00000994 events=0x0
2026-10-03 05:16:37.312 [EVENT] sock=2164 hEvent=00000994 events=0x21
2026-10-03 05:16:47.379 [EVENT] sock=2164 hEvent=00000994 events=0x0
2026-10-03 05:16:47.380 [EVENT] sock=2164 hEvent=00000994 events=0x21
2026-10-03 05:16:55.898 [EVENT] sock=2676 hEvent=00000A50 events=0x0
2026-10-03 05:16:55.898 [EVENT] sock=2676 hEvent=00000A50 events=0x21
2026-10-03 05:16:57.441 [EVENT] sock=2164 hEvent=00000994 events=0x0
2026-10-03 05:16:57.445 [EVENT] sock=2164 hEvent=00000994 events=0x21
2026-10-03 05:17:07.511 [EVENT] sock=2164 hEvent=00000994 events=0x0
2026-10-03 05:17:07.511 [EVENT] sock=2164 hEvent=00000994 events=0x21
2026-10-03 05:17:17.579 [EVENT] sock=2164 hEvent=00000994 events=0x0
2026-10-03 05:17:17.579 [EVENT] sock=2164 hEvent=00000994 events=0x21
2026-10-03 05:17:25.900 [EVENT] sock=2676 hEvent=00000A50 events=0x0
2026-10-03 05:17:25.904 [EVENT] sock=2676 hEvent=00000A50 events=0x21
2026-10-03 05:17:27.640 [EVENT] sock=2164 hEvent=00000994 events=0x0
2026-10-03 05:17:27.641 [EVENT] sock=2164 hEvent=00000994 events=0x21
2026-10-03 05:17:37.715 [EVENT] sock=2164 hEvent=00000994 events=0x0
2026-10-03 05:17:37.715 [EVENT] sock=2164 hEvent=00000994 events=0x21
2026-10-03 05:17:47.781 [EVENT] sock=2164 hEvent=00000994 events=0x0
2026-10-03 05:17:47.782 [EVENT] sock=2164 hEvent=00000994 events=0x21
2026-10-03 05:17:55.905 [EVENT] sock=2676 hEvent=00000A50 events=0x0
2026-10-03 05:17:55.905 [EVENT] sock=2676 hEvent=00000A50 events=0x21
2026-10-03 05:17:57.848 [EVENT] sock=2164 hEvent=00000994 events=0x0
2026-10-03 05:17:57.848 [EVENT] sock=2164 hEvent=00000994 events=0x21
2026-10-03 05:18:07.915 [EVENT] sock=2164 hEvent=00000994 events=0x0
2026-10-03 05:18:07.916 [EVENT] sock=2164 hEvent=00000994 events=0x21
2026-10-03 05:18:17.980 [EVENT] sock=2164 hEvent=00000994 events=0x0
2026-10-03 05:18:17.983 [EVENT] sock=2164 hEvent=00000994 events=0x21
2026-10-03 05:18:25.908 [EVENT] sock=2676 hEvent=00000A50 events=0x0
2026-10-03 05:18:25.919 [EVENT] sock=2676 hEvent=00000A50 events=0x21
2026-10-03 05:18:28.045 [EVENT] sock=2164 hEvent=00000994 events=0x0
2026-10-03 05:18:28.045 [EVENT] sock=2164 hEvent=00000994 events=0x21
2026-10-03 05:18:38.113 [EVENT] sock=2164 hEvent=00000994 events=0x0
2026-10-03 05:18:38.114 [EVENT] sock=2164 hEvent=00000994 events=0x21
2026-10-03 05:18:48.180 [EVENT] sock=2164 hEvent=00000994 events=0x0
2026-10-03 05:18:48.180 [EVENT] sock=2164 hEvent=00000994 events=0x21
2026-10-03 05:18:55.922 [EVENT] sock=2676 hEvent=00000A50 events=0x0
2026-10-03 05:18:55.923 [EVENT] sock=2676 hEvent=00000A50 events=0x21
2026-10-03 05:18:58.251 [EVENT] sock=2164 hEvent=00000994 events=0x0
2026-10-03 05:18:58.252 [EVENT] sock=2164 hEvent=00000994 events=0x21
2026-10-03 05:19:08.316 [EVENT] sock=2164 hEvent=00000994 events=0x0
2026-10-03 05:19:08.319 [EVENT] sock=2164 hEvent=00000994 events=0x21
2026-10-03 05:19:18.378 [EVENT] sock=2164 hEvent=00000994 events=0x0
2026-10-03 05:19:18.380 [EVENT] sock=2164 hEvent=00000994 events=0x21
2026-10-03 05:19:25.924 [EVENT] sock=2676 hEvent=00000A50 events=0x0
2026-10-03 05:19:25.932 [EVENT] sock=2676 hEvent=00000A50 events=0x21
2026-10-03 05:19:28.446 [EVENT] sock=2164 hEvent=00000994 events=0x0
2026-10-03 05:19:28.448 [EVENT] sock=2164 hEvent=00000994 events=0x21
2026-10-03 05:19:38.512 [EVENT] sock=2164 hEvent=00000994 events=0x0
2026-10-03 05:19:38.516 [EVENT] sock=2164 hEvent=00000994 events=0x21
2026-10-03 05:19:48.582 [EVENT] sock=2164 hEvent=00000994 events=0x0
2026-10-03 05:19:48.583 [EVENT] sock=2164 hEvent=00000994 events=0x21
2026-10-03 05:19:55.936 [EVENT] sock=2676 hEvent=00000A50 events=0x0
2026-10-03 05:19:55.937 [EVENT] sock=2676 hEvent=00000A50 events=0x21
2026-10-03 05:19:58.646 [EVENT] sock=2164 hEvent=00000994 events=0x0
2026-10-03 05:19:58.646 [EVENT] sock=2164 hEvent=00000994 events=0x21
2026-10-03 05:20:08.713 [EVENT] sock=2164 hEvent=00000994 events=0x0
2026-10-03 05:20:08.718 [EVENT] sock=2164 hEvent=00000994 events=0x21
2026-10-03 05:20:18.779 [EVENT] sock=2164 hEvent=00000994 events=0x0
2026-10-03 05:20:18.786 [EVENT] sock=2164 hEvent=00000994 events=0x21
2026-10-03 05:20:25.939 [EVENT] sock=2676 hEvent=00000A50 events=0x0
2026-10-03 05:20:25.943 [EVENT] sock=2676 hEvent=00000A50 events=0x21
2026-10-03 05:20:28.846 [EVENT] sock=2164 hEvent=00000994 events=0x0
2026-10-03 05:20:28.851 [EVENT] sock=2164 hEvent=00000994 events=0x21
2026-10-03 05:20:38.914 [EVENT] sock=2164 hEvent=00000994 events=0x0
2026-10-03 05:20:38.919 [EVENT] sock=2164 hEvent=00000994 events=0x21
2026-10-03 05:20:48.982 [EVENT] sock=2164 hEvent=00000994 events=0x0
2026-10-03 05:20:48.984 [EVENT] sock=2164 hEvent=00000994 events=0x21
2026-10-03 05:20:55.946 [EVENT] sock=2676 hEvent=00000A50 events=0x0
2026-10-03 05:20:55.947 [EVENT] sock=2676 hEvent=00000A50 events=0x21
2026-10-03 05:20:59.046 [EVENT] sock=2164 hEvent=00000994 events=0x0
2026-10-03 05:20:59.052 [EVENT] sock=2164 hEvent=00000994 events=0x21
2026-10-03 05:21:09.116 [EVENT] sock=2164 hEvent=00000994 events=0x0
2026-10-03 05:21:09.119 [EVENT] sock=2164 hEvent=00000994 events=0x21
2026-10-03 05:21:19.182 [EVENT] sock=2164 hEvent=00000994 events=0x0
2026-10-03 05:21:19.186 [EVENT] sock=2164 hEvent=00000994 events=0x21
2026-10-03 05:21:25.950 [EVENT] sock=2676 hEvent=00000A50 events=0x0
2026-10-03 05:21:25.955 [EVENT] sock=2676 hEvent=00000A50 events=0x21
2026-10-03 05:21:29.247 [EVENT] sock=2164 hEvent=00000994 events=0x0
2026-10-03 05:21:29.248 [EVENT] sock=2164 hEvent=00000994 events=0x21
2026-10-03 05:21:39.322 [EVENT] sock=2164 hEvent=00000994 events=0x0
2026-10-03 05:21:39.323 [EVENT] sock=2164 hEvent=00000994 events=0x21
2026-10-03 05:21:49.388 [EVENT] sock=2164 hEvent=00000994 events=0x0
2026-10-03 05:21:49.388 [EVENT] sock=2164 hEvent=00000994 events=0x21
2026-10-03 05:21:55.957 [EVENT] sock=2676 hEvent=00000A50 events=0x0
2026-10-03 05:21:55.958 [EVENT] sock=2676 hEvent=00000A50 events=0x21
2026-10-03 05:21:59.485 [EVENT] sock=2164 hEvent=00000994 events=0x0
2026-10-03 05:21:59.485 [EVENT] sock=2164 hEvent=00000994 events=0x21
2026-10-03 05:22:09.551 [EVENT] sock=2164 hEvent=00000994 events=0x0
2026-10-03 05:22:09.555 [EVENT] sock=2164 hEvent=00000994 events=0x21
2026-10-03 05:22:19.618 [EVENT] sock=2164 hEvent=00000994 events=0x0
2026-10-03 05:22:19.622 [EVENT] sock=2164 hEvent=00000994 events=0x21
2026-10-03 05:22:25.959 [EVENT] sock=2676 hEvent=00000A50 events=0x0
2026-10-03 05:22:25.964 [EVENT] sock=2676 hEvent=00000A50 events=0x21
2026-10-03 05:22:29.684 [EVENT] sock=2164 hEvent=00000994 events=0x0
2026-10-03 05:22:29.687 [EVENT] sock=2164 hEvent=00000994 events=0x21
2026-10-03 05:22:39.750 [EVENT] sock=2164 hEvent=00000994 events=0x0
2026-10-03 05:22:39.752 [EVENT] sock=2164 hEvent=00000994 events=0x21
2026-10-03 05:22:49.818 [EVENT] sock=2164 hEvent=00000994 events=0x0
2026-10-03 05:22:49.824 [EVENT] sock=2164 hEvent=00000994 events=0x21
2026-10-03 05:22:55.966 [EVENT] sock=2676 hEvent=00000A50 events=0x0
2026-10-03 05:22:55.967 [EVENT] sock=2676 hEvent=00000A50 events=0x21
2026-10-03 05:22:59.889 [EVENT] sock=2164 hEvent=00000994 events=0x0
2026-10-03 05:22:59.890 [EVENT] sock=2164 hEvent=00000994 events=0x21
2026-10-03 05:23:09.950 [EVENT] sock=2164 hEvent=00000994 events=0x0
2026-10-03 05:23:09.950 [EVENT] sock=2164 hEvent=00000994 events=0x21
2026-10-03 05:23:20.019 [EVENT] sock=2164 hEvent=00000994 events=0x0
2026-10-03 05:23:20.021 [EVENT] sock=2164 hEvent=00000994 events=0x21
2026-10-03 05:23:25.977 [EVENT] sock=2676 hEvent=00000A50 events=0x0
2026-10-03 05:23:25.982 [EVENT] sock=2676 hEvent=00000A50 events=0x21
2026-10-03 05:23:30.135 [EVENT] sock=2164 hEvent=00000994 events=0x0
2026-10-03 05:23:30.137 [EVENT] sock=2164 hEvent=00000994 events=0x21
2026-10-03 05:23:40.202 [EVENT] sock=2164 hEvent=00000994 events=0x0
2026-10-03 05:23:40.203 [EVENT] sock=2164 hEvent=00000994 events=0x21
2026-10-03 05:23:50.269 [EVENT] sock=2164 hEvent=00000994 events=0x0
2026-10-03 05:23:50.270 [EVENT] sock=2164 hEvent=00000994 events=0x21
2026-10-03 05:23:55.983 [EVENT] sock=2676 hEvent=00000A50 events=0x0
2026-10-03 05:23:55.983 [EVENT] sock=2676 hEvent=00000A50 events=0x21
2026-10-03 05:24:00.335 [EVENT] sock=2164 hEvent=00000994 events=0x0
2026-10-03 05:24:00.337 [EVENT] sock=2164 hEvent=00000994 events=0x21
2026-10-03 05:24:10.401 [EVENT] sock=2164 hEvent=00000994 events=0x0
2026-10-03 05:24:10.405 [EVENT] sock=2164 hEvent=00000994 events=0x21
2026-10-03 05:24:20.472 [EVENT] sock=2164 hEvent=00000994 events=0x0
2026-10-03 05:24:20.472 [EVENT] sock=2164 hEvent=00000994 events=0x21
2026-10-03 05:24:25.985 [EVENT] sock=2676 hEvent=00000A50 events=0x0
2026-10-03 05:24:25.997 [EVENT] sock=2676 hEvent=00000A50 events=0x21
2026-10-03 05:24:30.654 [EVENT] sock=2164 hEvent=00000994 events=0x0
2026-10-03 05:24:30.659 [EVENT] sock=2164 hEvent=00000994 events=0x21
2026-10-03 05:24:40.720 [EVENT] sock=2164 hEvent=00000994 events=0x0
2026-10-03 05:24:40.721 [EVENT] sock=2164 hEvent=00000994 events=0x21
2026-10-03 05:24:50.788 [EVENT] sock=2164 hEvent=00000994 events=0x0
2026-10-03 05:24:50.792 [EVENT] sock=2164 hEvent=00000994 events=0x21
2026-10-03 05:24:56.000 [EVENT] sock=2676 hEvent=00000A50 events=0x0
2026-10-03 05:24:56.000 [EVENT] sock=2676 hEvent=00000A50 events=0x21
2026-10-03 05:25:00.856 [EVENT] sock=2164 hEvent=00000994 events=0x0
2026-10-03 05:25:00.856 [EVENT] sock=2164 hEvent=00000994 events=0x21
2026-10-03 05:25:10.926 [EVENT] sock=2164 hEvent=00000994 events=0x0
2026-10-03 05:25:10.926 [EVENT] sock=2164 hEvent=00000994 events=0x21
2026-10-03 05:25:20.990 [EVENT] sock=2164 hEvent=00000994 events=0x0
2026-10-03 05:25:20.996 [EVENT] sock=2164 hEvent=00000994 events=0x21
2026-10-03 05:25:26.001 [EVENT] sock=2676 hEvent=00000A50 events=0x0
2026-10-03 05:25:26.006 [EVENT] sock=2676 hEvent=00000A50 events=0x21
2026-10-03 05:25:31.081 [EVENT] sock=2164 hEvent=00000994 events=0x0
2026-10-03 05:25:31.081 [EVENT] sock=2164 hEvent=00000994 events=0x21
2026-10-03 05:25:41.149 [EVENT] sock=2164 hEvent=00000994 events=0x0
2026-10-03 05:25:41.149 [EVENT] sock=2164 hEvent=00000994 events=0x21
2026-10-03 05:25:51.208 [EVENT] sock=2164 hEvent=00000994 events=0x0
2026-10-03 05:25:51.209 [EVENT] sock=2164 hEvent=00000994 events=0x21
2026-10-03 05:25:56.017 [EVENT] sock=2676 hEvent=00000A50 events=0x0
2026-10-03 05:25:56.017 [EVENT] sock=2676 hEvent=00000A50 events=0x21
2026-10-03 05:26:01.298 [EVENT] sock=2164 hEvent=00000994 events=0x0
2026-10-03 05:26:01.298 [EVENT] sock=2164 hEvent=00000994 events=0x21
2026-10-03 05:26:11.365 [EVENT] sock=2164 hEvent=00000994 events=0x0
2026-10-03 05:26:11.365 [EVENT] sock=2164 hEvent=00000994 events=0x21
2026-10-03 05:26:21.429 [EVENT] sock=2164 hEvent=00000994 events=0x0
2026-10-03 05:26:21.430 [EVENT] sock=2164 hEvent=00000994 events=0x21
2026-10-03 05:26:26.018 [EVENT] sock=2676 hEvent=00000A50 events=0x0
2026-10-03 05:26:26.022 [EVENT] sock=2676 hEvent=00000A50 events=0x21
2026-10-03 05:26:31.560 [EVENT] sock=2164 hEvent=00000994 events=0x0
2026-10-03 05:26:31.564 [EVENT] sock=2164 hEvent=00000994 events=0x21
2026-10-03 05:26:41.626 [EVENT] sock=2164 hEvent=00000994 events=0x0
2026-10-03 05:26:41.631 [EVENT] sock=2164 hEvent=00000994 events=0x21
2026-10-03 05:26:51.692 [EVENT] sock=2164 hEvent=00000994 events=0x0
2026-10-03 05:26:51.693 [EVENT] sock=2164 hEvent=00000994 events=0x21
2026-10-03 05:26:56.023 [EVENT] sock=2676 hEvent=00000A50 events=0x0
2026-10-03 05:26:56.024 [EVENT] sock=2676 hEvent=00000A50 events=0x21
2026-10-03 05:27:01.811 [EVENT] sock=2164 hEvent=00000994 events=0x0
2026-10-03 05:27:01.811 [EVENT] sock=2164 hEvent=00000994 events=0x21
2026-10-03 05:27:11.879 [EVENT] sock=2164 hEvent=00000994 events=0x0
2026-10-03 05:27:11.882 [EVENT] sock=2164 hEvent=00000994 events=0x21
2026-10-03 05:27:21.952 [EVENT] sock=2164 hEvent=00000994 events=0x0
2026-10-03 05:27:21.954 [EVENT] sock=2164 hEvent=00000994 events=0x21
2026-10-03 05:27:26.024 [EVENT] sock=2676 hEvent=00000A50 events=0x0
2026-10-03 05:27:26.029 [EVENT] sock=2676 hEvent=00000A50 events=0x21
2026-10-03 05:27:32.018 [EVENT] sock=2164 hEvent=00000994 events=0x0
2026-10-03 05:27:32.018 [EVENT] sock=2164 hEvent=00000994 events=0x21
2026-10-03 05:27:42.083 [EVENT] sock=2164 hEvent=00000994 events=0x0
2026-10-03 05:27:42.083 [EVENT] sock=2164 hEvent=00000994 events=0x21
2026-10-03 05:27:52.148 [EVENT] sock=2164 hEvent=00000994 events=0x0
2026-10-03 05:27:52.153 [EVENT] sock=2164 hEvent=00000994 events=0x21
2026-10-03 05:27:56.030 [EVENT] sock=2676 hEvent=00000A50 events=0x0
2026-10-03 05:27:56.030 [EVENT] sock=2676 hEvent=00000A50 events=0x21
2026-10-03 05:28:02.380 [EVENT] sock=2164 hEvent=00000994 events=0x0
2026-10-03 05:28:02.382 [EVENT] sock=2164 hEvent=00000994 events=0x21
2026-10-03 05:28:12.448 [EVENT] sock=2164 hEvent=00000994 events=0x0
2026-10-03 05:28:12.449 [EVENT] sock=2164 hEvent=00000994 events=0x21
2026-10-03 05:28:22.513 [EVENT] sock=2164 hEvent=00000994 events=0x0
2026-10-03 05:28:22.514 [EVENT] sock=2164 hEvent=00000994 events=0x21
2026-10-03 05:28:26.033 [EVENT] sock=2676 hEvent=00000A50 events=0x0
2026-10-03 05:28:26.039 [EVENT] sock=2676 hEvent=00000A50 events=0x21
2026-10-03 05:28:32.581 [EVENT] sock=2164 hEvent=00000994 events=0x0
2026-10-03 05:28:32.582 [EVENT] sock=2164 hEvent=00000994 events=0x21
2026-10-03 05:28:42.649 [EVENT] sock=2164 hEvent=00000994 events=0x0
2026-10-03 05:28:42.649 [EVENT] sock=2164 hEvent=00000994 events=0x21
2026-10-03 05:28:52.714 [EVENT] sock=2164 hEvent=00000994 events=0x0
2026-10-03 05:28:52.715 [EVENT] sock=2164 hEvent=00000994 events=0x21
2026-10-03 05:28:56.040 [EVENT] sock=2676 hEvent=00000A50 events=0x0
2026-10-03 05:28:56.040 [EVENT] sock=2676 hEvent=00000A50 events=0x21
2026-10-03 05:29:02.782 [EVENT] sock=2164 hEvent=00000994 events=0x0
2026-10-03 05:29:02.782 [EVENT] sock=2164 hEvent=00000994 events=0x21
2026-10-03 05:29:12.857 [EVENT] sock=2164 hEvent=00000994 events=0x0
2026-10-03 05:29:12.857 [EVENT] sock=2164 hEvent=00000994 events=0x21
2026-10-03 05:29:22.918 [EVENT] sock=2164 hEvent=00000994 events=0x0
2026-10-03 05:29:22.918 [EVENT] sock=2164 hEvent=00000994 events=0x21
2026-10-03 05:29:26.042 [EVENT] sock=2676 hEvent=00000A50 events=0x0
2026-10-03 05:29:26.045 [EVENT] sock=2676 hEvent=00000A50 events=0x21
2026-10-03 05:29:33.037 [EVENT] sock=2164 hEvent=00000994 events=0x0
2026-10-03 05:29:33.039 [EVENT] sock=2164 hEvent=00000994 events=0x21
2026-10-03 05:29:43.106 [EVENT] sock=2164 hEvent=00000994 events=0x0
2026-10-03 05:29:43.107 [EVENT] sock=2164 hEvent=00000994 events=0x21
2026-10-03 05:29:53.168 [EVENT] sock=2164 hEvent=00000994 events=0x0
2026-10-03 05:29:53.172 [EVENT] sock=2164 hEvent=00000994 events=0x21
2026-10-03 05:29:56.047 [EVENT] sock=2676 hEvent=00000A50 events=0x0
2026-10-03 05:29:56.048 [EVENT] sock=2676 hEvent=00000A50 events=0x21
2026-10-03 05:30:03.354 [EVENT] sock=2164 hEvent=00000994 events=0x0
2026-10-03 05:30:03.355 [EVENT] sock=2164 hEvent=00000994 events=0x21
2026-10-03 05:30:13.420 [EVENT] sock=2164 hEvent=00000994 events=0x0
2026-10-03 05:30:13.421 [EVENT] sock=2164 hEvent=00000994 events=0x21
2026-10-03 05:30:23.490 [EVENT] sock=2164 hEvent=00000994 events=0x0
2026-10-03 05:30:23.490 [EVENT] sock=2164 hEvent=00000994 events=0x21
2026-10-03 05:30:26.048 [EVENT] sock=2676 hEvent=00000A50 events=0x0
2026-10-03 05:30:26.060 [EVENT] sock=2676 hEvent=00000A50 events=0x21
2026-10-03 05:30:33.554 [EVENT] sock=2164 hEvent=00000994 events=0x0
2026-10-03 05:30:33.554 [EVENT] sock=2164 hEvent=00000994 events=0x21
2026-10-03 05:30:43.619 [EVENT] sock=2164 hEvent=00000994 events=0x0
2026-10-03 05:30:43.620 [EVENT] sock=2164 hEvent=00000994 events=0x21
2026-10-03 05:30:53.688 [EVENT] sock=2164 hEvent=00000994 events=0x0
2026-10-03 05:30:53.689 [EVENT] sock=2164 hEvent=00000994 events=0x21
2026-10-03 05:30:56.061 [EVENT] sock=2676 hEvent=00000A50 events=0x0
2026-10-03 05:30:56.062 [EVENT] sock=2676 hEvent=00000A50 events=0x21
2026-10-03 05:31:03.819 [EVENT] sock=2164 hEvent=00000994 events=0x0
2026-10-03 05:31:03.820 [EVENT] sock=2164 hEvent=00000994 events=0x21
2026-10-03 05:31:13.888 [EVENT] sock=2164 hEvent=00000994 events=0x0
2026-10-03 05:31:13.893 [EVENT] sock=2164 hEvent=00000994 events=0x21
2026-10-03 05:31:23.959 [EVENT] sock=2164 hEvent=00000994 events=0x0
2026-10-03 05:31:23.959 [EVENT] sock=2164 hEvent=00000994 events=0x21
2026-10-03 05:31:26.063 [EVENT] sock=2676 hEvent=00000A50 events=0x0
2026-10-03 05:31:26.067 [EVENT] sock=2676 hEvent=00000A50 events=0x21
2026-10-03 05:31:34.069 [EVENT] sock=2164 hEvent=00000994 events=0x0
2026-10-03 05:31:34.069 [EVENT] sock=2164 hEvent=00000994 events=0x21
2026-10-03 05:31:44.139 [EVENT] sock=2164 hEvent=00000994 events=0x0
2026-10-03 05:31:44.141 [EVENT] sock=2164 hEvent=00000994 events=0x21
2026-10-03 05:31:54.210 [EVENT] sock=2164 hEvent=00000994 events=0x0
2026-10-03 05:31:54.210 [EVENT] sock=2164 hEvent=00000994 events=0x21
2026-10-03 05:31:56.068 [EVENT] sock=2676 hEvent=00000A50 events=0x0
2026-10-03 05:31:56.069 [EVENT] sock=2676 hEvent=00000A50 events=0x21
2026-10-03 05:32:04.288 [EVENT] sock=2164 hEvent=00000994 events=0x0
2026-10-03 05:32:04.290 [EVENT] sock=2164 hEvent=00000994 events=0x21
2026-10-03 05:32:14.362 [EVENT] sock=2164 hEvent=00000994 events=0x0
2026-10-03 05:32:14.363 [EVENT] sock=2164 hEvent=00000994 events=0x21
2026-10-03 05:32:24.428 [EVENT] sock=2164 hEvent=00000994 events=0x0
2026-10-03 05:32:24.428 [EVENT] sock=2164 hEvent=00000994 events=0x21
2026-10-03 05:32:26.071 [EVENT] sock=2676 hEvent=00000A50 events=0x0
2026-10-03 05:32:26.080 [EVENT] sock=2676 hEvent=00000A50 events=0x21
2026-10-03 05:32:34.522 [EVENT] sock=2164 hEvent=00000994 events=0x0
2026-10-03 05:32:34.524 [EVENT] sock=2164 hEvent=00000994 events=0x21
2026-10-03 05:32:44.589 [EVENT] sock=2164 hEvent=00000994 events=0x0
2026-10-03 05:32:44.590 [EVENT] sock=2164 hEvent=00000994 events=0x21
2026-10-03 05:32:54.660 [EVENT] sock=2164 hEvent=00000994 events=0x0
2026-10-03 05:32:54.660 [EVENT] sock=2164 hEvent=00000994 events=0x21
2026-10-03 05:32:56.082 [EVENT] sock=2676 hEvent=00000A50 events=0x0
2026-10-03 05:32:56.082 [EVENT] sock=2676 hEvent=00000A50 events=0x21
2026-10-03 05:33:04.740 [EVENT] sock=2164 hEvent=00000994 events=0x0
2026-10-03 05:33:04.740 [EVENT] sock=2164 hEvent=00000994 events=0x21
2026-10-03 05:33:14.807 [EVENT] sock=2164 hEvent=00000994 events=0x0
2026-10-03 05:33:14.809 [EVENT] sock=2164 hEvent=00000994 events=0x21
2026-10-03 05:33:24.872 [EVENT] sock=2164 hEvent=00000994 events=0x0
2026-10-03 05:33:24.873 [EVENT] sock=2164 hEvent=00000994 events=0x21
2026-10-03 05:33:26.084 [EVENT] sock=2676 hEvent=00000A50 events=0x0
2026-10-03 05:33:26.088 [EVENT] sock=2676 hEvent=00000A50 events=0x21
2026-10-03 05:33:34.940 [EVENT] sock=2164 hEvent=00000994 events=0x0
2026-10-03 05:33:34.943 [EVENT] sock=2164 hEvent=00000994 events=0x21
2026-10-03 05:33:45.008 [EVENT] sock=2164 hEvent=00000994 events=0x0
2026-10-03 05:33:45.008 [EVENT] sock=2164 hEvent=00000994 events=0x21
2026-10-03 05:33:55.074 [EVENT] sock=2164 hEvent=00000994 events=0x0
2026-10-03 05:33:55.075 [EVENT] sock=2164 hEvent=00000994 events=0x21
2026-10-03 05:33:56.090 [EVENT] sock=2676 hEvent=00000A50 events=0x0
2026-10-03 05:33:56.099 [EVENT] sock=2676 hEvent=00000A50 events=0x21
2026-10-03 05:34:05.191 [EVENT] sock=2164 hEvent=00000994 events=0x0
2026-10-03 05:34:05.192 [EVENT] sock=2164 hEvent=00000994 events=0x21
2026-10-03 05:34:15.262 [EVENT] sock=2164 hEvent=00000994 events=0x0
2026-10-03 05:34:15.262 [EVENT] sock=2164 hEvent=00000994 events=0x21
2026-10-03 05:34:25.327 [EVENT] sock=2164 hEvent=00000994 events=0x0
2026-10-03 05:34:25.332 [EVENT] sock=2164 hEvent=00000994 events=0x21
2026-10-03 05:34:26.102 [EVENT] sock=2676 hEvent=00000A50 events=0x0
2026-10-03 05:34:26.106 [EVENT] sock=2676 hEvent=00000A50 events=0x21
2026-10-03 05:34:35.394 [EVENT] sock=2164 hEvent=00000994 events=0x0
2026-10-03 05:34:35.395 [EVENT] sock=2164 hEvent=00000994 events=0x21
2026-10-03 05:34:45.460 [EVENT] sock=2164 hEvent=00000994 events=0x0
2026-10-03 05:34:45.460 [EVENT] sock=2164 hEvent=00000994 events=0x21
2026-10-03 05:34:55.527 [EVENT] sock=2164 hEvent=00000994 events=0x0
2026-10-03 05:34:55.531 [EVENT] sock=2164 hEvent=00000994 events=0x21
2026-10-03 05:34:56.107 [EVENT] sock=2676 hEvent=00000A50 events=0x0
2026-10-03 05:34:56.114 [EVENT] sock=2676 hEvent=00000A50 events=0x21
2026-10-03 05:35:05.595 [EVENT] sock=2164 hEvent=00000994 events=0x0
2026-10-03 05:35:05.598 [EVENT] sock=2164 hEvent=00000994 events=0x21
2026-10-03 05:35:15.667 [EVENT] sock=2164 hEvent=00000994 events=0x0
2026-10-03 05:35:15.669 [EVENT] sock=2164 hEvent=00000994 events=0x21
2026-10-03 05:35:25.731 [EVENT] sock=2164 hEvent=00000994 events=0x0
2026-10-03 05:35:25.731 [EVENT] sock=2164 hEvent=00000994 events=0x21
2026-10-03 05:35:26.119 [EVENT] sock=2676 hEvent=00000A50 events=0x0
2026-10-03 05:35:26.126 [EVENT] sock=2676 hEvent=00000A50 events=0x21
2026-10-03 05:35:35.864 [EVENT] sock=2164 hEvent=00000994 events=0x0
2026-10-03 05:35:35.866 [EVENT] sock=2164 hEvent=00000994 events=0x21
2026-10-03 05:35:45.931 [EVENT] sock=2164 hEvent=00000994 events=0x0
2026-10-03 05:35:45.935 [EVENT] sock=2164 hEvent=00000994 events=0x21
2026-10-03 05:35:55.997 [EVENT] sock=2164 hEvent=00000994 events=0x0
2026-10-03 05:35:56.001 [EVENT] sock=2164 hEvent=00000994 events=0x21
2026-10-03 05:35:56.127 [EVENT] sock=2676 hEvent=00000A50 events=0x0
2026-10-03 05:35:56.127 [EVENT] sock=2676 hEvent=00000A50 events=0x21
2026-10-03 05:36:06.071 [EVENT] sock=2164 hEvent=00000994 events=0x0
2026-10-03 05:36:06.071 [EVENT] sock=2164 hEvent=00000994 events=0x21
2026-10-03 05:36:16.134 [EVENT] sock=2164 hEvent=00000994 events=0x0
2026-10-03 05:36:16.138 [EVENT] sock=2164 hEvent=00000994 events=0x21
2026-10-03 05:36:26.129 [EVENT] sock=2676 hEvent=00000A50 events=0x0
2026-10-03 05:36:26.133 [EVENT] sock=2676 hEvent=00000A50 events=0x21
2026-10-03 05:36:26.203 [EVENT] sock=2164 hEvent=00000994 events=0x0
2026-10-03 05:36:26.204 [EVENT] sock=2164 hEvent=00000994 events=0x21
2026-10-03 05:36:36.320 [EVENT] sock=2164 hEvent=00000994 events=0x0
2026-10-03 05:36:36.321 [EVENT] sock=2164 hEvent=00000994 events=0x21
2026-10-03 05:36:46.387 [EVENT] sock=2164 hEvent=00000994 events=0x0
2026-10-03 05:36:46.388 [EVENT] sock=2164 hEvent=00000994 events=0x21
2026-10-03 05:36:56.135 [EVENT] sock=2676 hEvent=00000A50 events=0x0
2026-10-03 05:36:56.135 [EVENT] sock=2676 hEvent=00000A50 events=0x21
2026-10-03 05:36:56.455 [EVENT] sock=2164 hEvent=00000994 events=0x0
2026-10-03 05:36:56.457 [EVENT] sock=2164 hEvent=00000994 events=0x21
2026-10-03 05:37:06.521 [EVENT] sock=2164 hEvent=00000994 events=0x0
2026-10-03 05:37:06.524 [EVENT] sock=2164 hEvent=00000994 events=0x21
2026-10-03 05:37:16.587 [EVENT] sock=2164 hEvent=00000994 events=0x0
2026-10-03 05:37:16.587 [EVENT] sock=2164 hEvent=00000994 events=0x21
2026-10-03 05:37:26.139 [EVENT] sock=2676 hEvent=00000A50 events=0x0
2026-10-03 05:37:26.146 [EVENT] sock=2676 hEvent=00000A50 events=0x21
2026-10-03 05:37:26.655 [EVENT] sock=2164 hEvent=00000994 events=0x0
2026-10-03 05:37:26.655 [EVENT] sock=2164 hEvent=00000994 events=0x21
2026-10-03 05:37:36.777 [EVENT] sock=2164 hEvent=00000994 events=0x0
2026-10-03 05:37:36.778 [EVENT] sock=2164 hEvent=00000994 events=0x21
2026-10-03 05:37:46.837 [EVENT] sock=2164 hEvent=00000994 events=0x0
2026-10-03 05:37:46.837 [EVENT] sock=2164 hEvent=00000994 events=0x21
2026-10-03 05:37:56.148 [EVENT] sock=2676 hEvent=00000A50 events=0x0
2026-10-03 05:37:56.149 [EVENT] sock=2676 hEvent=00000A50 events=0x21
2026-10-03 05:37:56.905 [EVENT] sock=2164 hEvent=00000994 events=0x0
2026-10-03 05:37:56.905 [EVENT] sock=2164 hEvent=00000994 events=0x21
2026-10-03 05:38:06.974 [EVENT] sock=2164 hEvent=00000994 events=0x0
2026-10-03 05:38:06.978 [EVENT] sock=2164 hEvent=00000994 events=0x21
2026-10-03 05:38:17.037 [EVENT] sock=2164 hEvent=00000994 events=0x0
2026-10-03 05:38:17.038 [EVENT] sock=2164 hEvent=00000994 events=0x21
2026-10-03 05:38:26.150 [EVENT] sock=2676 hEvent=00000A50 events=0x0
2026-10-03 05:38:26.164 [EVENT] sock=2676 hEvent=00000A50 events=0x21
2026-10-03 05:38:27.104 [EVENT] sock=2164 hEvent=00000994 events=0x0
2026-10-03 05:38:27.104 [EVENT] sock=2164 hEvent=00000994 events=0x21
2026-10-03 05:38:37.189 [EVENT] sock=2164 hEvent=00000994 events=0x0
2026-10-03 05:38:37.190 [EVENT] sock=2164 hEvent=00000994 events=0x21
2026-10-03 05:38:47.259 [EVENT] sock=2164 hEvent=00000994 events=0x0
2026-10-03 05:38:47.259 [EVENT] sock=2164 hEvent=00000994 events=0x21
2026-10-03 05:38:56.165 [EVENT] sock=2676 hEvent=00000A50 events=0x0
2026-10-03 05:38:56.165 [EVENT] sock=2676 hEvent=00000A50 events=0x21
2026-10-03 05:38:57.322 [EVENT] sock=2164 hEvent=00000994 events=0x0
2026-10-03 05:38:57.325 [EVENT] sock=2164 hEvent=00000994 events=0x21
2026-10-03 05:39:07.438 [EVENT] sock=2164 hEvent=00000994 events=0x0
2026-10-03 05:39:07.438 [EVENT] sock=2164 hEvent=00000994 events=0x21
2026-10-03 05:39:17.514 [EVENT] sock=2164 hEvent=00000994 events=0x0
2026-10-03 05:39:17.515 [EVENT] sock=2164 hEvent=00000994 events=0x21
2026-10-03 05:39:26.167 [EVENT] sock=2676 hEvent=00000A50 events=0x0
2026-10-03 05:39:26.172 [EVENT] sock=2676 hEvent=00000A50 events=0x21
2026-10-03 05:39:27.580 [EVENT] sock=2164 hEvent=00000994 events=0x0
2026-10-03 05:39:27.581 [EVENT] sock=2164 hEvent=00000994 events=0x21
2026-10-03 05:39:37.642 [EVENT] sock=2164 hEvent=00000994 events=0x0
2026-10-03 05:39:37.643 [EVENT] sock=2164 hEvent=00000994 events=0x21
2026-10-03 05:39:47.708 [EVENT] sock=2164 hEvent=00000994 events=0x0
2026-10-03 05:39:47.709 [EVENT] sock=2164 hEvent=00000994 events=0x21
2026-10-03 05:39:56.173 [EVENT] sock=2676 hEvent=00000A50 events=0x0
2026-10-03 05:39:56.175 [EVENT] sock=2676 hEvent=00000A50 events=0x21
2026-10-03 05:39:57.777 [EVENT] sock=2164 hEvent=00000994 events=0x0
2026-10-03 05:39:57.780 [EVENT] sock=2164 hEvent=00000994 events=0x21
2026-10-03 05:40:07.858 [EVENT] sock=2164 hEvent=00000994 events=0x0
2026-10-03 05:40:07.863 [EVENT] sock=2164 hEvent=00000994 events=0x21
2026-10-03 05:40:17.926 [EVENT] sock=2164 hEvent=00000994 events=0x0
2026-10-03 05:40:17.927 [EVENT] sock=2164 hEvent=00000994 events=0x21
2026-10-03 05:40:26.178 [EVENT] sock=2676 hEvent=00000A50 events=0x0
2026-10-03 05:40:26.185 [EVENT] sock=2676 hEvent=00000A50 events=0x21
2026-10-03 05:40:27.993 [EVENT] sock=2164 hEvent=00000994 events=0x0
2026-10-03 05:40:27.995 [EVENT] sock=2164 hEvent=00000994 events=0x21
2026-10-03 05:40:38.209 [EVENT] sock=2164 hEvent=00000994 events=0x0
2026-10-03 05:40:38.212 [EVENT] sock=2164 hEvent=00000994 events=0x21
2026-10-03 05:40:48.276 [EVENT] sock=2164 hEvent=00000994 events=0x0
2026-10-03 05:40:48.277 [EVENT] sock=2164 hEvent=00000994 events=0x21
2026-10-03 05:40:56.186 [EVENT] sock=2676 hEvent=00000A50 events=0x0
2026-10-03 05:40:56.186 [EVENT] sock=2676 hEvent=00000A50 events=0x21
2026-10-03 05:40:58.342 [EVENT] sock=2164 hEvent=00000994 events=0x0
2026-10-03 05:40:58.343 [EVENT] sock=2164 hEvent=00000994 events=0x21
2026-10-03 05:41:08.459 [EVENT] sock=2164 hEvent=00000994 events=0x0
2026-10-03 05:41:08.462 [EVENT] sock=2164 hEvent=00000994 events=0x21
2026-10-03 05:41:18.529 [EVENT] sock=2164 hEvent=00000994 events=0x0
2026-10-03 05:41:18.532 [EVENT] sock=2164 hEvent=00000994 events=0x21
2026-10-03 05:41:26.188 [EVENT] sock=2676 hEvent=00000A50 events=0x0
2026-10-03 05:41:26.191 [EVENT] sock=2676 hEvent=00000A50 events=0x21
2026-10-03 05:41:28.597 [EVENT] sock=2164 hEvent=00000994 events=0x0
2026-10-03 05:41:28.598 [EVENT] sock=2164 hEvent=00000994 events=0x21
2026-10-03 05:41:38.663 [EVENT] sock=2164 hEvent=00000994 events=0x0
2026-10-03 05:41:38.663 [EVENT] sock=2164 hEvent=00000994 events=0x21
2026-10-03 05:41:48.727 [EVENT] sock=2164 hEvent=00000994 events=0x0
2026-10-03 05:41:48.727 [EVENT] sock=2164 hEvent=00000994 events=0x21
2026-10-03 05:41:56.194 [EVENT] sock=2676 hEvent=00000A50 events=0x0
2026-10-03 05:41:56.197 [EVENT] sock=2676 hEvent=00000A50 events=0x21
2026-10-03 05:41:58.793 [EVENT] sock=2164 hEvent=00000994 events=0x0
2026-10-03 05:41:58.796 [EVENT] sock=2164 hEvent=00000994 events=0x21
2026-10-03 05:42:08.859 [EVENT] sock=2164 hEvent=00000994 events=0x0
2026-10-03 05:42:08.863 [EVENT] sock=2164 hEvent=00000994 events=0x21
2026-10-03 05:42:18.927 [EVENT] sock=2164 hEvent=00000994 events=0x0
2026-10-03 05:42:18.927 [EVENT] sock=2164 hEvent=00000994 events=0x21
2026-10-03 05:42:26.198 [EVENT] sock=2676 hEvent=00000A50 events=0x0
2026-10-03 05:42:26.205 [EVENT] sock=2676 hEvent=00000A50 events=0x21
2026-10-03 05:42:28.995 [EVENT] sock=2164 hEvent=00000994 events=0x0
2026-10-03 05:42:28.997 [EVENT] sock=2164 hEvent=00000994 events=0x21
2026-10-03 05:42:39.081 [EVENT] sock=2164 hEvent=00000994 events=0x0
2026-10-03 05:42:39.081 [EVENT] sock=2164 hEvent=00000994 events=0x21
2026-10-03 05:42:49.145 [EVENT] sock=2164 hEvent=00000994 events=0x0
2026-10-03 05:42:49.149 [EVENT] sock=2164 hEvent=00000994 events=0x21
2026-10-03 05:42:56.207 [EVENT] sock=2676 hEvent=00000A50 events=0x0
2026-10-03 05:42:56.208 [EVENT] sock=2676 hEvent=00000A50 events=0x21
2026-10-03 05:42:59.213 [EVENT] sock=2164 hEvent=00000994 events=0x0
2026-10-03 05:42:59.216 [EVENT] sock=2164 hEvent=00000994 events=0x21
2026-10-03 05:43:09.331 [EVENT] sock=2164 hEvent=00000994 events=0x0
2026-10-03 05:43:09.331 [EVENT] sock=2164 hEvent=00000994 events=0x21
2026-10-03 05:43:19.394 [EVENT] sock=2164 hEvent=00000994 events=0x0
2026-10-03 05:43:19.394 [EVENT] sock=2164 hEvent=00000994 events=0x21
2026-10-03 05:43:26.210 [EVENT] sock=2676 hEvent=00000A50 events=0x0
2026-10-03 05:43:26.220 [EVENT] sock=2676 hEvent=00000A50 events=0x21
2026-10-03 05:43:29.461 [EVENT] sock=2164 hEvent=00000994 events=0x0
2026-10-03 05:43:29.466 [EVENT] sock=2164 hEvent=00000994 events=0x21
2026-10-03 05:43:39.582 [EVENT] sock=2164 hEvent=00000994 events=0x0
2026-10-03 05:43:39.582 [EVENT] sock=2164 hEvent=00000994 events=0x21
2026-10-03 05:43:41.306 [OP] 42AC inv=FEFB len=260 #1 0b805b649ff0efa98b3172c163cab4f0efa98b1831805b64510bdcfaa32b1f805b6451f0effaa32b1f805bfc9f0bdcfaa32b1fd3c264510bdcfaa32b1f805b649f64dca98b2b1f80acfc9f64398a102b882b5b01330bdc8a1018882bacfc9f0b398aa33172805bfc9f64cd8a10e98880acfc51340cfaa31888805bfc9f6439fa10181fc163645164dcfaa31888805b649f19dc33502b1f805b64516439faa32b
2026-10-03 05:43:49.643 [EVENT] sock=2164 hEvent=00000994 events=0x0
2026-10-03 05:43:49.643 [EVENT] sock=2164 hEvent=00000994 events=0x21
2026-10-03 05:43:56.222 [EVENT] sock=2676 hEvent=00000A50 events=0x0
2026-10-03 05:43:56.222 [EVENT] sock=2676 hEvent=00000A50 events=0x21
2026-10-03 05:43:59.714 [EVENT] sock=2164 hEvent=00000994 events=0x0
2026-10-03 05:43:59.715 [EVENT] sock=2164 hEvent=00000994 events=0x21
2026-10-03 05:44:09.834 [EVENT] sock=2164 hEvent=00000994 events=0x0
2026-10-03 05:44:09.834 [EVENT] sock=2164 hEvent=00000994 events=0x21
2026-10-03 05:44:19.902 [EVENT] sock=2164 hEvent=00000994 events=0x0
2026-10-03 05:44:19.902 [EVENT] sock=2164 hEvent=00000994 events=0x21
2026-10-03 05:44:26.224 [EVENT] sock=2676 hEvent=00000A50 events=0x0
2026-10-03 05:44:26.232 [EVENT] sock=2676 hEvent=00000A50 events=0x21
2026-10-03 05:44:29.969 [EVENT] sock=2164 hEvent=00000994 events=0x0
2026-10-03 05:44:29.969 [EVENT] sock=2164 hEvent=00000994 events=0x21
2026-10-03 05:44:40.035 [EVENT] sock=2164 hEvent=00000994 events=0x0
2026-10-03 05:44:40.036 [EVENT] sock=2164 hEvent=00000994 events=0x21
2026-10-03 05:44:50.101 [EVENT] sock=2164 hEvent=00000994 events=0x0
2026-10-03 05:44:50.102 [EVENT] sock=2164 hEvent=00000994 events=0x21
2026-10-03 05:44:56.233 [EVENT] sock=2676 hEvent=00000A50 events=0x0
2026-10-03 05:44:56.233 [EVENT] sock=2676 hEvent=00000A50 events=0x21
2026-10-03 05:45:00.165 [EVENT] sock=2164 hEvent=00000994 events=0x0
2026-10-03 05:45:00.166 [EVENT] sock=2164 hEvent=00000994 events=0x21
2026-10-03 05:45:10.234 [EVENT] sock=2164 hEvent=00000994 events=0x0
2026-10-03 05:45:10.236 [EVENT] sock=2164 hEvent=00000994 events=0x21
2026-10-03 05:45:20.297 [EVENT] sock=2164 hEvent=00000994 events=0x0
2026-10-03 05:45:20.302 [EVENT] sock=2164 hEvent=00000994 events=0x21
2026-10-03 05:45:26.236 [EVENT] sock=2676 hEvent=00000A50 events=0x0
2026-10-03 05:45:26.241 [EVENT] sock=2676 hEvent=00000A50 events=0x21
2026-10-03 05:45:30.367 [EVENT] sock=2164 hEvent=00000994 events=0x0
2026-10-03 05:45:30.368 [EVENT] sock=2164 hEvent=00000994 events=0x21
2026-10-03 05:45:40.449 [EVENT] sock=2164 hEvent=00000994 events=0x0
2026-10-03 05:45:40.450 [EVENT] sock=2164 hEvent=00000994 events=0x21
2026-10-03 05:45:50.518 [EVENT] sock=2164 hEvent=00000994 events=0x0
2026-10-03 05:45:50.518 [EVENT] sock=2164 hEvent=00000994 events=0x21
2026-10-03 05:45:56.243 [EVENT] sock=2676 hEvent=00000A50 events=0x0
2026-10-03 05:45:56.243 [EVENT] sock=2676 hEvent=00000A50 events=0x21
2026-10-03 05:46:00.583 [EVENT] sock=2164 hEvent=00000994 events=0x0
2026-10-03 05:46:00.589 [EVENT] sock=2164 hEvent=00000994 events=0x21
2026-10-03 05:46:10.649 [EVENT] sock=2164 hEvent=00000994 events=0x0
2026-10-03 05:46:10.653 [EVENT] sock=2164 hEvent=00000994 events=0x21
2026-10-03 05:46:20.724 [EVENT] sock=2164 hEvent=00000994 events=0x0
2026-10-03 05:46:20.725 [EVENT] sock=2164 hEvent=00000994 events=0x21
2026-10-03 05:46:26.245 [EVENT] sock=2676 hEvent=00000A50 events=0x0
2026-10-03 05:46:26.258 [EVENT] sock=2676 hEvent=00000A50 events=0x21
2026-10-03 05:46:30.790 [EVENT] sock=2164 hEvent=00000994 events=0x0
2026-10-03 05:46:30.790 [EVENT] sock=2164 hEvent=00000994 events=0x21
2026-10-03 05:46:40.851 [EVENT] sock=2164 hEvent=00000994 events=0x0
2026-10-03 05:46:40.852 [EVENT] sock=2164 hEvent=00000994 events=0x21
2026-10-03 05:46:50.919 [EVENT] sock=2164 hEvent=00000994 events=0x0
2026-10-03 05:46:50.922 [EVENT] sock=2164 hEvent=00000994 events=0x21
2026-10-03 05:46:56.259 [EVENT] sock=2676 hEvent=00000A50 events=0x0
2026-10-03 05:46:56.259 [EVENT] sock=2676 hEvent=00000A50 events=0x21
2026-10-03 05:47:00.985 [EVENT] sock=2164 hEvent=00000994 events=0x0
2026-10-03 05:47:00.985 [EVENT] sock=2164 hEvent=00000994 events=0x21
2026-10-03 05:47:11.051 [EVENT] sock=2164 hEvent=00000994 events=0x0
2026-10-03 05:47:11.052 [EVENT] sock=2164 hEvent=00000994 events=0x21
2026-10-03 05:47:21.119 [EVENT] sock=2164 hEvent=00000994 events=0x0
2026-10-03 05:47:21.121 [EVENT] sock=2164 hEvent=00000994 events=0x21
2026-10-03 05:47:26.260 [EVENT] sock=2676 hEvent=00000A50 events=0x0
2026-10-03 05:47:26.264 [EVENT] sock=2676 hEvent=00000A50 events=0x21
2026-10-03 05:47:31.189 [EVENT] sock=2164 hEvent=00000994 events=0x0
2026-10-03 05:47:31.190 [EVENT] sock=2164 hEvent=00000994 events=0x21
2026-10-03 05:47:41.253 [EVENT] sock=2164 hEvent=00000994 events=0x0
2026-10-03 05:47:41.255 [EVENT] sock=2164 hEvent=00000994 events=0x21
2026-10-03 05:47:51.320 [EVENT] sock=2164 hEvent=00000994 events=0x0
2026-10-03 05:47:51.320 [EVENT] sock=2164 hEvent=00000994 events=0x21
2026-10-03 05:47:56.265 [EVENT] sock=2676 hEvent=00000A50 events=0x0
2026-10-03 05:47:56.265 [EVENT] sock=2676 hEvent=00000A50 events=0x21
2026-10-03 05:48:01.385 [EVENT] sock=2164 hEvent=00000994 events=0x0
2026-10-03 05:48:01.386 [EVENT] sock=2164 hEvent=00000994 events=0x21
2026-10-03 05:48:11.556 [EVENT] sock=2164 hEvent=00000994 events=0x0
2026-10-03 05:48:11.557 [EVENT] sock=2164 hEvent=00000994 events=0x21
2026-10-03 05:48:21.618 [EVENT] sock=2164 hEvent=00000994 events=0x0
2026-10-03 05:48:21.622 [EVENT] sock=2164 hEvent=00000994 events=0x21
2026-10-03 05:48:26.269 [EVENT] sock=2676 hEvent=00000A50 events=0x0
2026-10-03 05:48:26.277 [EVENT] sock=2676 hEvent=00000A50 events=0x21
2026-10-03 05:48:31.692 [EVENT] sock=2164 hEvent=00000994 events=0x0
2026-10-03 05:48:31.692 [EVENT] sock=2164 hEvent=00000994 events=0x21
2026-10-03 05:48:41.769 [EVENT] sock=2164 hEvent=00000994 events=0x0
2026-10-03 05:48:41.774 [EVENT] sock=2164 hEvent=00000994 events=0x21
2026-10-03 05:48:51.836 [EVENT] sock=2164 hEvent=00000994 events=0x0
2026-10-03 05:48:51.841 [EVENT] sock=2164 hEvent=00000994 events=0x21
2026-10-03 05:48:56.279 [EVENT] sock=2676 hEvent=00000A50 events=0x0
2026-10-03 05:48:56.279 [EVENT] sock=2676 hEvent=00000A50 events=0x21
2026-10-03 05:49:01.903 [EVENT] sock=2164 hEvent=00000994 events=0x0
2026-10-03 05:49:01.907 [EVENT] sock=2164 hEvent=00000994 events=0x21
2026-10-03 05:49:11.978 [EVENT] sock=2164 hEvent=00000994 events=0x0
2026-10-03 05:49:11.978 [EVENT] sock=2164 hEvent=00000994 events=0x21
2026-10-03 05:49:22.044 [EVENT] sock=2164 hEvent=00000994 events=0x0
2026-10-03 05:49:22.045 [EVENT] sock=2164 hEvent=00000994 events=0x21
2026-10-03 05:49:26.281 [EVENT] sock=2676 hEvent=00000A50 events=0x0
2026-10-03 05:49:26.284 [EVENT] sock=2676 hEvent=00000A50 events=0x21
2026-10-03 05:49:32.110 [EVENT] sock=2164 hEvent=00000994 events=0x0
2026-10-03 05:49:32.111 [EVENT] sock=2164 hEvent=00000994 events=0x21
2026-10-03 05:49:42.173 [EVENT] sock=2164 hEvent=00000994 events=0x0
2026-10-03 05:49:42.176 [EVENT] sock=2164 hEvent=00000994 events=0x21
2026-10-03 05:49:52.198 [EVENT] sock=2164 hEvent=00000994 events=0x0
2026-10-03 05:49:52.198 [HB-OUT] op=0001 #2 len=4 sock=2164
2026-10-03 05:49:52.199 [EVENT] sock=2164 hEvent=00000994 events=0x21
2026-10-03 05:49:52.239 [EVENT] sock=2164 hEvent=00000994 events=0x0
2026-10-03 05:49:52.239 [EVENT] sock=2164 hEvent=00000994 events=0x21
2026-10-03 05:49:56.286 [EVENT] sock=2676 hEvent=00000A50 events=0x0
2026-10-03 05:49:56.287 [EVENT] sock=2676 hEvent=00000A50 events=0x21
2026-10-03 05:50:02.527 [EVENT] sock=2164 hEvent=00000994 events=0x0
2026-10-03 05:50:02.529 [EVENT] sock=2164 hEvent=00000994 events=0x21
2026-10-03 05:50:12.590 [EVENT] sock=2164 hEvent=00000994 events=0x0
2026-10-03 05:50:12.595 [EVENT] sock=2164 hEvent=00000994 events=0x21
2026-10-03 05:50:22.656 [EVENT] sock=2164 hEvent=00000994 events=0x0
2026-10-03 05:50:22.657 [EVENT] sock=2164 hEvent=00000994 events=0x21
2026-10-03 05:50:26.294 [EVENT] sock=2676 hEvent=00000A50 events=0x0
2026-10-03 05:50:26.303 [EVENT] sock=2676 hEvent=00000A50 events=0x21
2026-10-03 05:50:32.723 [EVENT] sock=2164 hEvent=00000994 events=0x0
2026-10-03 05:50:32.724 [EVENT] sock=2164 hEvent=00000994 events=0x21
2026-10-03 05:50:42.790 [EVENT] sock=2164 hEvent=00000994 events=0x0
2026-10-03 05:50:42.795 [EVENT] sock=2164 hEvent=00000994 events=0x21
2026-10-03 05:50:52.857 [EVENT] sock=2164 hEvent=00000994 events=0x0
2026-10-03 05:50:52.859 [EVENT] sock=2164 hEvent=00000994 events=0x21
2026-10-03 05:50:56.305 [EVENT] sock=2676 hEvent=00000A50 events=0x0
2026-10-03 05:50:56.305 [EVENT] sock=2676 hEvent=00000A50 events=0x21
2026-10-03 05:51:02.931 [EVENT] sock=2164 hEvent=00000994 events=0x0
2026-10-03 05:51:02.933 [EVENT] sock=2164 hEvent=00000994 events=0x21
2026-10-03 05:51:12.997 [EVENT] sock=2164 hEvent=00000994 events=0x0
2026-10-03 05:51:12.998 [EVENT] sock=2164 hEvent=00000994 events=0x21
2026-10-03 05:51:23.063 [EVENT] sock=2164 hEvent=00000994 events=0x0
2026-10-03 05:51:23.063 [EVENT] sock=2164 hEvent=00000994 events=0x21
2026-10-03 05:51:26.307 [EVENT] sock=2676 hEvent=00000A50 events=0x0
2026-10-03 05:51:26.317 [EVENT] sock=2676 hEvent=00000A50 events=0x21
2026-10-03 05:51:33.126 [EVENT] sock=2164 hEvent=00000994 events=0x0
2026-10-03 05:51:33.127 [EVENT] sock=2164 hEvent=00000994 events=0x21
2026-10-03 05:51:43.196 [EVENT] sock=2164 hEvent=00000994 events=0x0
2026-10-03 05:51:43.197 [EVENT] sock=2164 hEvent=00000994 events=0x21
2026-10-03 05:51:53.259 [EVENT] sock=2164 hEvent=00000994 events=0x0
2026-10-03 05:51:53.263 [EVENT] sock=2164 hEvent=00000994 events=0x21
2026-10-03 05:51:56.318 [EVENT] sock=2676 hEvent=00000A50 events=0x0
2026-10-03 05:51:56.318 [EVENT] sock=2676 hEvent=00000A50 events=0x21
2026-10-03 05:52:03.343 [EVENT] sock=2164 hEvent=00000994 events=0x0
2026-10-03 05:52:03.348 [EVENT] sock=2164 hEvent=00000994 events=0x21
2026-10-03 05:52:13.409 [EVENT] sock=2164 hEvent=00000994 events=0x0
2026-10-03 05:52:13.410 [EVENT] sock=2164 hEvent=00000994 events=0x21
2026-10-03 05:52:23.476 [EVENT] sock=2164 hEvent=00000994 events=0x0
2026-10-03 05:52:23.477 [EVENT] sock=2164 hEvent=00000994 events=0x21
2026-10-03 05:52:26.320 [EVENT] sock=2676 hEvent=00000A50 events=0x0
2026-10-03 05:52:26.324 [EVENT] sock=2676 hEvent=00000A50 events=0x21
2026-10-03 05:52:33.545 [EVENT] sock=2164 hEvent=00000994 events=0x0
2026-10-03 05:52:33.550 [EVENT] sock=2164 hEvent=00000994 events=0x21
2026-10-03 05:52:43.644 [EVENT] sock=2164 hEvent=00000994 events=0x0
2026-10-03 05:52:43.648 [EVENT] sock=2164 hEvent=00000994 events=0x21
2026-10-03 05:52:53.710 [EVENT] sock=2164 hEvent=00000994 events=0x0
2026-10-03 05:52:53.714 [EVENT] sock=2164 hEvent=00000994 events=0x21
2026-10-03 05:52:56.326 [EVENT] sock=2676 hEvent=00000A50 events=0x0
2026-10-03 05:52:56.326 [EVENT] sock=2676 hEvent=00000A50 events=0x21
2026-10-03 05:53:03.780 [EVENT] sock=2164 hEvent=00000994 events=0x0
2026-10-03 05:53:03.782 [EVENT] sock=2164 hEvent=00000994 events=0x21
2026-10-03 05:53:14.000 [EVENT] sock=2164 hEvent=00000994 events=0x0
2026-10-03 05:53:14.000 [EVENT] sock=2164 hEvent=00000994 events=0x21
2026-10-03 05:53:24.063 [EVENT] sock=2164 hEvent=00000994 events=0x0
2026-10-03 05:53:24.066 [EVENT] sock=2164 hEvent=00000994 events=0x21
2026-10-03 05:53:26.332 [EVENT] sock=2676 hEvent=00000A50 events=0x0
2026-10-03 05:53:26.338 [EVENT] sock=2676 hEvent=00000A50 events=0x21
2026-10-03 05:53:34.134 [EVENT] sock=2164 hEvent=00000994 events=0x0
2026-10-03 05:53:34.134 [EVENT] sock=2164 hEvent=00000994 events=0x21
2026-10-03 05:53:44.266 [EVENT] sock=2164 hEvent=00000994 events=0x0
2026-10-03 05:53:44.267 [EVENT] sock=2164 hEvent=00000994 events=0x21
2026-10-03 05:53:54.334 [EVENT] sock=2164 hEvent=00000994 events=0x0
2026-10-03 05:53:54.335 [EVENT] sock=2164 hEvent=00000994 events=0x21
2026-10-03 05:53:56.340 [EVENT] sock=2676 hEvent=00000A50 events=0x0
2026-10-03 05:53:56.340 [EVENT] sock=2676 hEvent=00000A50 events=0x21
2026-10-03 05:54:04.401 [EVENT] sock=2164 hEvent=00000994 events=0x0
2026-10-03 05:54:04.401 [EVENT] sock=2164 hEvent=00000994 events=0x21
2026-10-03 05:54:14.518 [EVENT] sock=2164 hEvent=00000994 events=0x0
2026-10-03 05:54:14.518 [EVENT] sock=2164 hEvent=00000994 events=0x21
2026-10-03 05:54:24.584 [EVENT] sock=2164 hEvent=00000994 events=0x0
2026-10-03 05:54:24.585 [EVENT] sock=2164 hEvent=00000994 events=0x21
2026-10-03 05:54:26.342 [EVENT] sock=2676 hEvent=00000A50 events=0x0
2026-10-03 05:54:26.356 [EVENT] sock=2676 hEvent=00000A50 events=0x21
2026-10-03 05:54:34.647 [EVENT] sock=2164 hEvent=00000994 events=0x0
2026-10-03 05:54:34.648 [EVENT] sock=2164 hEvent=00000994 events=0x21
2026-10-03 05:54:44.715 [EVENT] sock=2164 hEvent=00000994 events=0x0
2026-10-03 05:54:44.716 [EVENT] sock=2164 hEvent=00000994 events=0x21
2026-10-03 05:54:54.785 [EVENT] sock=2164 hEvent=00000994 events=0x0
2026-10-03 05:54:54.785 [EVENT] sock=2164 hEvent=00000994 events=0x21
2026-10-03 05:54:56.357 [EVENT] sock=2676 hEvent=00000A50 events=0x0
2026-10-03 05:54:56.357 [EVENT] sock=2676 hEvent=00000A50 events=0x21
2026-10-03 05:55:04.850 [EVENT] sock=2164 hEvent=00000994 events=0x0
2026-10-03 05:55:04.850 [EVENT] sock=2164 hEvent=00000994 events=0x21
2026-10-03 05:55:14.914 [EVENT] sock=2164 hEvent=00000994 events=0x0
2026-10-03 05:55:14.914 [EVENT] sock=2164 hEvent=00000994 events=0x21
2026-10-03 05:55:24.981 [EVENT] sock=2164 hEvent=00000994 events=0x0
2026-10-03 05:55:24.982 [EVENT] sock=2164 hEvent=00000994 events=0x21
2026-10-03 05:55:26.358 [EVENT] sock=2676 hEvent=00000A50 events=0x0
2026-10-03 05:55:26.361 [EVENT] sock=2676 hEvent=00000A50 events=0x21
2026-10-03 05:55:35.048 [EVENT] sock=2164 hEvent=00000994 events=0x0
2026-10-03 05:55:35.049 [EVENT] sock=2164 hEvent=00000994 events=0x21
2026-10-03 05:55:45.180 [EVENT] sock=2164 hEvent=00000994 events=0x0
2026-10-03 05:55:45.181 [EVENT] sock=2164 hEvent=00000994 events=0x21
2026-10-03 05:55:55.251 [EVENT] sock=2164 hEvent=00000994 events=0x0
2026-10-03 05:55:55.251 [EVENT] sock=2164 hEvent=00000994 events=0x21
2026-10-03 05:55:56.363 [EVENT] sock=2676 hEvent=00000A50 events=0x0
2026-10-03 05:55:56.364 [EVENT] sock=2676 hEvent=00000A50 events=0x21
2026-10-03 05:56:05.315 [EVENT] sock=2164 hEvent=00000994 events=0x0
2026-10-03 05:56:05.315 [EVENT] sock=2164 hEvent=00000994 events=0x21
2026-10-03 05:56:15.432 [EVENT] sock=2164 hEvent=00000994 events=0x0
2026-10-03 05:56:15.432 [EVENT] sock=2164 hEvent=00000994 events=0x21
2026-10-03 05:56:25.497 [EVENT] sock=2164 hEvent=00000994 events=0x0
2026-10-03 05:56:25.498 [EVENT] sock=2164 hEvent=00000994 events=0x21
2026-10-03 05:56:26.364 [EVENT] sock=2676 hEvent=00000A50 events=0x0
2026-10-03 05:56:26.371 [EVENT] sock=2676 hEvent=00000A50 events=0x21
2026-10-03 05:56:35.567 [EVENT] sock=2164 hEvent=00000994 events=0x0
2026-10-03 05:56:35.567 [EVENT] sock=2164 hEvent=00000994 events=0x21
2026-10-03 05:56:45.703 [EVENT] sock=2164 hEvent=00000994 events=0x0
2026-10-03 05:56:45.705 [EVENT] sock=2164 hEvent=00000994 events=0x21
2026-10-03 05:56:55.766 [EVENT] sock=2164 hEvent=00000994 events=0x0
2026-10-03 05:56:55.767 [EVENT] sock=2164 hEvent=00000994 events=0x21
2026-10-03 05:56:56.371 [EVENT] sock=2676 hEvent=00000A50 events=0x0
2026-10-03 05:56:56.371 [EVENT] sock=2676 hEvent=00000A50 events=0x21
2026-10-03 05:57:05.948 [EVENT] sock=2164 hEvent=00000994 events=0x0
2026-10-03 05:57:05.952 [EVENT] sock=2164 hEvent=00000994 events=0x21
2026-10-03 05:57:16.016 [EVENT] sock=2164 hEvent=00000994 events=0x0
2026-10-03 05:57:16.016 [EVENT] sock=2164 hEvent=00000994 events=0x21
2026-10-03 05:57:26.082 [EVENT] sock=2164 hEvent=00000994 events=0x0
2026-10-03 05:57:26.084 [EVENT] sock=2164 hEvent=00000994 events=0x21
2026-10-03 05:57:26.372 [EVENT] sock=2676 hEvent=00000A50 events=0x0
2026-10-03 05:57:26.377 [EVENT] sock=2676 hEvent=00000A50 events=0x21
2026-10-03 05:57:36.149 [EVENT] sock=2164 hEvent=00000994 events=0x0
2026-10-03 05:57:36.149 [EVENT] sock=2164 hEvent=00000994 events=0x21
2026-10-03 05:57:46.215 [EVENT] sock=2164 hEvent=00000994 events=0x0
2026-10-03 05:57:46.215 [EVENT] sock=2164 hEvent=00000994 events=0x21
2026-10-03 05:57:56.281 [EVENT] sock=2164 hEvent=00000994 events=0x0
2026-10-03 05:57:56.282 [EVENT] sock=2164 hEvent=00000994 events=0x21
2026-10-03 05:57:56.380 [EVENT] sock=2676 hEvent=00000A50 events=0x0
2026-10-03 05:57:56.380 [EVENT] sock=2676 hEvent=00000A50 events=0x21
2026-10-03 05:58:06.354 [EVENT] sock=2164 hEvent=00000994 events=0x0
2026-10-03 05:58:06.356 [EVENT] sock=2164 hEvent=00000994 events=0x21
2026-10-03 05:58:16.415 [EVENT] sock=2164 hEvent=00000994 events=0x0
2026-10-03 05:58:16.422 [EVENT] sock=2164 hEvent=00000994 events=0x21
2026-10-03 05:58:26.380 [EVENT] sock=2676 hEvent=00000A50 events=0x0
2026-10-03 05:58:26.391 [EVENT] sock=2676 hEvent=00000A50 events=0x21
2026-10-03 05:58:26.485 [EVENT] sock=2164 hEvent=00000994 events=0x0
2026-10-03 05:58:26.486 [EVENT] sock=2164 hEvent=00000994 events=0x21
2026-10-03 05:58:36.555 [EVENT] sock=2164 hEvent=00000994 events=0x0
2026-10-03 05:58:36.555 [EVENT] sock=2164 hEvent=00000994 events=0x21
2026-10-03 05:58:46.655 [EVENT] sock=2164 hEvent=00000994 events=0x0
2026-10-03 05:58:46.655 [EVENT] sock=2164 hEvent=00000994 events=0x21
2026-10-03 05:58:56.392 [EVENT] sock=2676 hEvent=00000A50 events=0x0
2026-10-03 05:58:56.392 [EVENT] sock=2676 hEvent=00000A50 events=0x21
2026-10-03 05:58:56.718 [EVENT] sock=2164 hEvent=00000994 events=0x0
2026-10-03 05:58:56.718 [EVENT] sock=2164 hEvent=00000994 events=0x21
2026-10-03 05:59:06.788 [EVENT] sock=2164 hEvent=00000994 events=0x0
2026-10-03 05:59:06.792 [EVENT] sock=2164 hEvent=00000994 events=0x21
2026-10-03 05:59:16.872 [EVENT] sock=2164 hEvent=00000994 events=0x0
2026-10-03 05:59:16.873 [EVENT] sock=2164 hEvent=00000994 events=0x21
2026-10-03 05:59:26.394 [EVENT] sock=2676 hEvent=00000A50 events=0x0
2026-10-03 05:59:26.398 [EVENT] sock=2676 hEvent=00000A50 events=0x21
2026-10-03 05:59:26.936 [EVENT] sock=2164 hEvent=00000994 events=0x0
2026-10-03 05:59:26.939 [EVENT] sock=2164 hEvent=00000994 events=0x21
2026-10-03 05:59:37.006 [EVENT] sock=2164 hEvent=00000994 events=0x0
2026-10-03 05:59:37.007 [EVENT] sock=2164 hEvent=00000994 events=0x21
2026-10-03 05:59:47.120 [EVENT] sock=2164 hEvent=00000994 events=0x0
2026-10-03 05:59:47.121 [EVENT] sock=2164 hEvent=00000994 events=0x21
2026-10-03 05:59:56.398 [EVENT] sock=2676 hEvent=00000A50 events=0x0
2026-10-03 05:59:56.398 [EVENT] sock=2676 hEvent=00000A50 events=0x21
2026-10-03 05:59:57.186 [EVENT] sock=2164 hEvent=00000994 events=0x0
2026-10-03 05:59:57.188 [EVENT] sock=2164 hEvent=00000994 events=0x21
2026-10-03 06:00:07.253 [EVENT] sock=2164 hEvent=00000994 events=0x0
2026-10-03 06:00:07.255 [EVENT] sock=2164 hEvent=00000994 events=0x21
2026-10-03 06:00:17.320 [EVENT] sock=2164 hEvent=00000994 events=0x0
2026-10-03 06:00:17.321 [EVENT] sock=2164 hEvent=00000994 events=0x21
2026-10-03 06:00:26.400 [EVENT] sock=2676 hEvent=00000A50 events=0x0
2026-10-03 06:00:26.414 [EVENT] sock=2676 hEvent=00000A50 events=0x21
2026-10-03 06:00:27.386 [EVENT] sock=2164 hEvent=00000994 events=0x0
2026-10-03 06:00:27.387 [EVENT] sock=2164 hEvent=00000994 events=0x21
2026-10-03 06:00:37.452 [EVENT] sock=2164 hEvent=00000994 events=0x0
2026-10-03 06:00:37.453 [EVENT] sock=2164 hEvent=00000994 events=0x21
2026-10-03 06:00:47.569 [EVENT] sock=2164 hEvent=00000994 events=0x0
2026-10-03 06:00:47.569 [EVENT] sock=2164 hEvent=00000994 events=0x21
2026-10-03 06:00:56.414 [EVENT] sock=2676 hEvent=00000A50 events=0x0
2026-10-03 06:00:56.414 [EVENT] sock=2676 hEvent=00000A50 events=0x21
2026-10-03 06:00:57.643 [EVENT] sock=2164 hEvent=00000994 events=0x0
2026-10-03 06:00:57.643 [EVENT] sock=2164 hEvent=00000994 events=0x21
2026-10-03 06:01:07.709 [EVENT] sock=2164 hEvent=00000994 events=0x0
2026-10-03 06:01:07.711 [EVENT] sock=2164 hEvent=00000994 events=0x21
2026-10-03 06:01:17.792 [EVENT] sock=2164 hEvent=00000994 events=0x0
2026-10-03 06:01:17.792 [EVENT] sock=2164 hEvent=00000994 events=0x21
2026-10-03 06:01:26.417 [EVENT] sock=2676 hEvent=00000A50 events=0x0
2026-10-03 06:01:26.423 [EVENT] sock=2676 hEvent=00000A50 events=0x21
2026-10-03 06:01:27.856 [EVENT] sock=2164 hEvent=00000994 events=0x0
2026-10-03 06:01:27.857 [EVENT] sock=2164 hEvent=00000994 events=0x21
2026-10-03 06:01:37.921 [EVENT] sock=2164 hEvent=00000994 events=0x0
2026-10-03 06:01:37.921 [EVENT] sock=2164 hEvent=00000994 events=0x21
2026-10-03 06:01:48.107 [EVENT] sock=2164 hEvent=00000994 events=0x0
2026-10-03 06:01:48.108 [EVENT] sock=2164 hEvent=00000994 events=0x21
2026-10-03 06:01:56.423 [EVENT] sock=2676 hEvent=00000A50 events=0x0
2026-10-03 06:01:56.430 [EVENT] sock=2676 hEvent=00000A50 events=0x21
2026-10-03 06:01:58.173 [EVENT] sock=2164 hEvent=00000994 events=0x0
2026-10-03 06:01:58.174 [EVENT] sock=2164 hEvent=00000994 events=0x21
2026-10-03 06:02:08.239 [EVENT] sock=2164 hEvent=00000994 events=0x0
2026-10-03 06:02:08.239 [EVENT] sock=2164 hEvent=00000994 events=0x21
2026-10-03 06:02:18.313 [EVENT] sock=2164 hEvent=00000994 events=0x0
2026-10-03 06:02:18.314 [EVENT] sock=2164 hEvent=00000994 events=0x21
2026-10-03 06:02:26.433 [EVENT] sock=2676 hEvent=00000A50 events=0x0
2026-10-03 06:02:26.436 [EVENT] sock=2676 hEvent=00000A50 events=0x21
2026-10-03 06:02:28.375 [EVENT] sock=2164 hEvent=00000994 events=0x0
2026-10-03 06:02:28.376 [EVENT] sock=2164 hEvent=00000994 events=0x21
2026-10-03 06:02:38.449 [EVENT] sock=2164 hEvent=00000994 events=0x0
2026-10-03 06:02:38.449 [EVENT] sock=2164 hEvent=00000994 events=0x21
2026-10-03 06:02:48.560 [EVENT] sock=2164 hEvent=00000994 events=0x0
2026-10-03 06:02:48.560 [EVENT] sock=2164 hEvent=00000994 events=0x21
2026-10-03 06:02:56.437 [EVENT] sock=2676 hEvent=00000A50 events=0x0
2026-10-03 06:02:56.437 [EVENT] sock=2676 hEvent=00000A50 events=0x21
2026-10-03 06:02:58.629 [EVENT] sock=2164 hEvent=00000994 events=0x0
2026-10-03 06:02:58.632 [EVENT] sock=2164 hEvent=00000994 events=0x21
2026-10-03 06:03:08.700 [EVENT] sock=2164 hEvent=00000994 events=0x0
2026-10-03 06:03:08.700 [EVENT] sock=2164 hEvent=00000994 events=0x21
2026-10-03 06:03:18.864 [EVENT] sock=2164 hEvent=00000994 events=0x0
2026-10-03 06:03:18.866 [EVENT] sock=2164 hEvent=00000994 events=0x21
2026-10-03 06:03:26.438 [EVENT] sock=2676 hEvent=00000A50 events=0x0
2026-10-03 06:03:26.442 [EVENT] sock=2676 hEvent=00000A50 events=0x21
2026-10-03 06:03:28.927 [EVENT] sock=2164 hEvent=00000994 events=0x0
2026-10-03 06:03:28.930 [EVENT] sock=2164 hEvent=00000994 events=0x21
2026-10-03 06:03:39.000 [EVENT] sock=2164 hEvent=00000994 events=0x0
2026-10-03 06:03:39.000 [EVENT] sock=2164 hEvent=00000994 events=0x21
2026-10-03 06:03:49.179 [EVENT] sock=2164 hEvent=00000994 events=0x0
2026-10-03 06:03:49.180 [EVENT] sock=2164 hEvent=00000994 events=0x21
2026-10-03 06:03:56.443 [EVENT] sock=2676 hEvent=00000A50 events=0x0
2026-10-03 06:03:56.443 [EVENT] sock=2676 hEvent=00000A50 events=0x21
2026-10-03 06:03:59.245 [EVENT] sock=2164 hEvent=00000994 events=0x0
2026-10-03 06:03:59.246 [EVENT] sock=2164 hEvent=00000994 events=0x21
2026-10-03 06:04:09.313 [EVENT] sock=2164 hEvent=00000994 events=0x0
2026-10-03 06:04:09.318 [EVENT] sock=2164 hEvent=00000994 events=0x21
2026-10-03 06:04:19.381 [EVENT] sock=2164 hEvent=00000994 events=0x0
2026-10-03 06:04:19.385 [EVENT] sock=2164 hEvent=00000994 events=0x21
2026-10-03 06:04:26.446 [EVENT] sock=2676 hEvent=00000A50 events=0x0
2026-10-03 06:04:26.454 [EVENT] sock=2676 hEvent=00000A50 events=0x21
2026-10-03 06:04:29.452 [EVENT] sock=2164 hEvent=00000994 events=0x0
2026-10-03 06:04:29.453 [EVENT] sock=2164 hEvent=00000994 events=0x21
2026-10-03 06:04:39.516 [EVENT] sock=2164 hEvent=00000994 events=0x0
2026-10-03 06:04:39.517 [EVENT] sock=2164 hEvent=00000994 events=0x21
2026-10-03 06:04:49.583 [EVENT] sock=2164 hEvent=00000994 events=0x0
2026-10-03 06:04:49.585 [EVENT] sock=2164 hEvent=00000994 events=0x21
2026-10-03 06:04:56.455 [EVENT] sock=2676 hEvent=00000A50 events=0x0
2026-10-03 06:04:56.456 [EVENT] sock=2676 hEvent=00000A50 events=0x21
2026-10-03 06:04:59.648 [EVENT] sock=2164 hEvent=00000994 events=0x0
2026-10-03 06:04:59.652 [EVENT] sock=2164 hEvent=00000994 events=0x21
2026-10-03 06:05:09.717 [EVENT] sock=2164 hEvent=00000994 events=0x0
2026-10-03 06:05:09.718 [EVENT] sock=2164 hEvent=00000994 events=0x21
2026-10-03 06:05:19.782 [EVENT] sock=2164 hEvent=00000994 events=0x0
2026-10-03 06:05:19.783 [EVENT] sock=2164 hEvent=00000994 events=0x21
2026-10-03 06:05:26.457 [EVENT] sock=2676 hEvent=00000A50 events=0x0
2026-10-03 06:05:26.462 [EVENT] sock=2676 hEvent=00000A50 events=0x21
2026-10-03 06:05:29.850 [EVENT] sock=2164 hEvent=00000994 events=0x0
2026-10-03 06:05:29.851 [EVENT] sock=2164 hEvent=00000994 events=0x21
2026-10-03 06:05:39.920 [EVENT] sock=2164 hEvent=00000994 events=0x0
2026-10-03 06:05:39.925 [EVENT] sock=2164 hEvent=00000994 events=0x21
2026-10-03 06:05:50.032 [EVENT] sock=2164 hEvent=00000994 events=0x0
2026-10-03 06:05:50.032 [EVENT] sock=2164 hEvent=00000994 events=0x21
2026-10-03 06:05:56.463 [EVENT] sock=2676 hEvent=00000A50 events=0x0
2026-10-03 06:05:56.463 [EVENT] sock=2676 hEvent=00000A50 events=0x21
2026-10-03 06:06:00.100 [EVENT] sock=2164 hEvent=00000994 events=0x0
2026-10-03 06:06:00.101 [EVENT] sock=2164 hEvent=00000994 events=0x21
2026-10-03 06:06:10.172 [EVENT] sock=2164 hEvent=00000994 events=0x0
2026-10-03 06:06:10.172 [EVENT] sock=2164 hEvent=00000994 events=0x21
2026-10-03 06:06:20.287 [EVENT] sock=2164 hEvent=00000994 events=0x0
2026-10-03 06:06:20.289 [EVENT] sock=2164 hEvent=00000994 events=0x21
2026-10-03 06:06:26.464 [EVENT] sock=2676 hEvent=00000A50 events=0x0
2026-10-03 06:06:26.478 [EVENT] sock=2676 hEvent=00000A50 events=0x21
2026-10-03 06:06:30.356 [EVENT] sock=2164 hEvent=00000994 events=0x0
2026-10-03 06:06:30.357 [EVENT] sock=2164 hEvent=00000994 events=0x21
2026-10-03 06:06:40.423 [EVENT] sock=2164 hEvent=00000994 events=0x0
2026-10-03 06:06:40.424 [EVENT] sock=2164 hEvent=00000994 events=0x21
2026-10-03 06:06:50.540 [EVENT] sock=2164 hEvent=00000994 events=0x0
2026-10-03 06:06:50.542 [EVENT] sock=2164 hEvent=00000994 events=0x21
2026-10-03 06:06:56.480 [EVENT] sock=2676 hEvent=00000A50 events=0x0
2026-10-03 06:06:56.480 [EVENT] sock=2676 hEvent=00000A50 events=0x21
2026-10-03 06:07:00.604 [EVENT] sock=2164 hEvent=00000994 events=0x0
2026-10-03 06:07:00.609 [EVENT] sock=2164 hEvent=00000994 events=0x21
2026-10-03 06:07:10.672 [EVENT] sock=2164 hEvent=00000994 events=0x0
2026-10-03 06:07:10.674 [EVENT] sock=2164 hEvent=00000994 events=0x21
2026-10-03 06:07:20.854 [EVENT] sock=2164 hEvent=00000994 events=0x0
2026-10-03 06:07:20.854 [EVENT] sock=2164 hEvent=00000994 events=0x21
2026-10-03 06:07:26.480 [EVENT] sock=2676 hEvent=00000A50 events=0x0
2026-10-03 06:07:26.484 [EVENT] sock=2676 hEvent=00000A50 events=0x21
2026-10-03 06:07:30.921 [EVENT] sock=2164 hEvent=00000994 events=0x0
2026-10-03 06:07:30.922 [EVENT] sock=2164 hEvent=00000994 events=0x21
2026-10-03 06:07:40.990 [EVENT] sock=2164 hEvent=00000994 events=0x0
2026-10-03 06:07:40.995 [EVENT] sock=2164 hEvent=00000994 events=0x21
2026-10-03 06:07:51.107 [EVENT] sock=2164 hEvent=00000994 events=0x0
2026-10-03 06:07:51.108 [EVENT] sock=2164 hEvent=00000994 events=0x21
2026-10-03 06:07:56.485 [EVENT] sock=2676 hEvent=00000A50 events=0x0
2026-10-03 06:07:56.485 [EVENT] sock=2676 hEvent=00000A50 events=0x21
2026-10-03 06:08:01.180 [EVENT] sock=2164 hEvent=00000994 events=0x0
2026-10-03 06:08:01.180 [EVENT] sock=2164 hEvent=00000994 events=0x21
2026-10-03 06:08:11.239 [EVENT] sock=2164 hEvent=00000994 events=0x0
2026-10-03 06:08:11.240 [EVENT] sock=2164 hEvent=00000994 events=0x21
2026-10-03 06:08:21.310 [EVENT] sock=2164 hEvent=00000994 events=0x0
2026-10-03 06:08:21.310 [EVENT] sock=2164 hEvent=00000994 events=0x21
2026-10-03 06:08:26.488 [EVENT] sock=2676 hEvent=00000A50 events=0x0
2026-10-03 06:08:26.498 [EVENT] sock=2676 hEvent=00000A50 events=0x21
2026-10-03 06:08:31.374 [EVENT] sock=2164 hEvent=00000994 events=0x0
2026-10-03 06:08:31.375 [EVENT] sock=2164 hEvent=00000994 events=0x21
2026-10-03 06:08:41.440 [EVENT] sock=2164 hEvent=00000994 events=0x0
2026-10-03 06:08:41.441 [EVENT] sock=2164 hEvent=00000994 events=0x21
2026-10-03 06:08:51.525 [EVENT] sock=2164 hEvent=00000994 events=0x0
2026-10-03 06:08:51.529 [EVENT] sock=2164 hEvent=00000994 events=0x21
2026-10-03 06:08:56.499 [EVENT] sock=2676 hEvent=00000A50 events=0x0
2026-10-03 06:08:56.499 [EVENT] sock=2676 hEvent=00000A50 events=0x21
2026-10-03 06:09:01.592 [EVENT] sock=2164 hEvent=00000994 events=0x0
2026-10-03 06:09:01.597 [EVENT] sock=2164 hEvent=00000994 events=0x21
2026-10-03 06:09:11.658 [EVENT] sock=2164 hEvent=00000994 events=0x0
2026-10-03 06:09:11.662 [EVENT] sock=2164 hEvent=00000994 events=0x21
2026-10-03 06:09:21.781 [EVENT] sock=2164 hEvent=00000994 events=0x0
2026-10-03 06:09:21.781 [EVENT] sock=2164 hEvent=00000994 events=0x21
2026-10-03 06:09:26.500 [EVENT] sock=2676 hEvent=00000A50 events=0x0
2026-10-03 06:09:26.506 [EVENT] sock=2676 hEvent=00000A50 events=0x21
2026-10-03 06:09:31.842 [EVENT] sock=2164 hEvent=00000994 events=0x0
2026-10-03 06:09:31.844 [EVENT] sock=2164 hEvent=00000994 events=0x21
2026-10-03 06:09:41.913 [EVENT] sock=2164 hEvent=00000994 events=0x0
2026-10-03 06:09:41.914 [EVENT] sock=2164 hEvent=00000994 events=0x21
2026-10-03 06:09:52.076 [EVENT] sock=2164 hEvent=00000994 events=0x0
2026-10-03 06:09:52.079 [EVENT] sock=2164 hEvent=00000994 events=0x21
2026-10-03 06:09:56.507 [EVENT] sock=2676 hEvent=00000A50 events=0x0
2026-10-03 06:09:56.508 [EVENT] sock=2676 hEvent=00000A50 events=0x21
2026-10-03 06:10:02.142 [EVENT] sock=2164 hEvent=00000994 events=0x0
2026-10-03 06:10:02.143 [EVENT] sock=2164 hEvent=00000994 events=0x21
2026-10-03 06:10:12.214 [EVENT] sock=2164 hEvent=00000994 events=0x0
2026-10-03 06:10:12.214 [EVENT] sock=2164 hEvent=00000994 events=0x21
2026-10-03 06:10:22.235 [EVENT] sock=2164 hEvent=00000994 events=0x0
2026-10-03 06:10:22.235 [HB-OUT] op=0001 #3 len=4 sock=2164
2026-10-03 06:10:22.235 [EVENT] sock=2164 hEvent=00000994 events=0x21
2026-10-03 06:10:22.280 [EVENT] sock=2164 hEvent=00000994 events=0x0
2026-10-03 06:10:22.283 [EVENT] sock=2164 hEvent=00000994 events=0x21
2026-10-03 06:10:26.509 [EVENT] sock=2676 hEvent=00000A50 events=0x0
2026-10-03 06:10:26.519 [EVENT] sock=2676 hEvent=00000A50 events=0x21
2026-10-03 06:10:32.563 [EVENT] sock=2164 hEvent=00000994 events=0x0
2026-10-03 06:10:32.563 [EVENT] sock=2164 hEvent=00000994 events=0x21
2026-10-03 06:10:42.631 [EVENT] sock=2164 hEvent=00000994 events=0x0
2026-10-03 06:10:42.631 [EVENT] sock=2164 hEvent=00000994 events=0x21
2026-10-03 06:10:52.696 [EVENT] sock=2164 hEvent=00000994 events=0x0
2026-10-03 06:10:52.696 [EVENT] sock=2164 hEvent=00000994 events=0x21
2026-10-03 06:10:56.520 [EVENT] sock=2676 hEvent=00000A50 events=0x0
2026-10-03 06:10:56.520 [EVENT] sock=2676 hEvent=00000A50 events=0x21
2026-10-03 06:11:02.761 [EVENT] sock=2164 hEvent=00000994 events=0x0
2026-10-03 06:11:02.762 [EVENT] sock=2164 hEvent=00000994 events=0x21
2026-10-03 06:11:12.831 [EVENT] sock=2164 hEvent=00000994 events=0x0
2026-10-03 06:11:12.834 [EVENT] sock=2164 hEvent=00000994 events=0x21
2026-10-03 06:11:22.894 [EVENT] sock=2164 hEvent=00000994 events=0x0
2026-10-03 06:11:22.895 [EVENT] sock=2164 hEvent=00000994 events=0x21
2026-10-03 06:11:26.521 [EVENT] sock=2676 hEvent=00000A50 events=0x0
2026-10-03 06:11:26.527 [EVENT] sock=2676 hEvent=00000A50 events=0x21
2026-10-03 06:11:32.963 [EVENT] sock=2164 hEvent=00000994 events=0x0
2026-10-03 06:11:32.966 [EVENT] sock=2164 hEvent=00000994 events=0x21
2026-10-03 06:11:43.031 [EVENT] sock=2164 hEvent=00000994 events=0x0
2026-10-03 06:11:43.032 [EVENT] sock=2164 hEvent=00000994 events=0x21
2026-10-03 06:11:53.094 [EVENT] sock=2164 hEvent=00000994 events=0x0
2026-10-03 06:11:53.098 [EVENT] sock=2164 hEvent=00000994 events=0x21
2026-10-03 06:11:56.530 [EVENT] sock=2676 hEvent=00000A50 events=0x0
2026-10-03 06:11:56.530 [EVENT] sock=2676 hEvent=00000A50 events=0x21
2026-10-03 06:12:03.161 [EVENT] sock=2164 hEvent=00000994 events=0x0
2026-10-03 06:12:03.162 [EVENT] sock=2164 hEvent=00000994 events=0x21
2026-10-03 06:12:13.229 [EVENT] sock=2164 hEvent=00000994 events=0x0
2026-10-03 06:12:13.235 [EVENT] sock=2164 hEvent=00000994 events=0x21
2026-10-03 06:12:23.293 [EVENT] sock=2164 hEvent=00000994 events=0x0
2026-10-03 06:12:23.298 [EVENT] sock=2164 hEvent=00000994 events=0x21
2026-10-03 06:12:26.532 [EVENT] sock=2676 hEvent=00000A50 events=0x0
2026-10-03 06:12:26.538 [EVENT] sock=2676 hEvent=00000A50 events=0x21
2026-10-03 06:12:33.361 [EVENT] sock=2164 hEvent=00000994 events=0x0
2026-10-03 06:12:33.362 [EVENT] sock=2164 hEvent=00000994 events=0x21
2026-10-03 06:12:43.428 [EVENT] sock=2164 hEvent=00000994 events=0x0
2026-10-03 06:12:43.429 [EVENT] sock=2164 hEvent=00000994 events=0x21
2026-10-03 06:12:53.497 [EVENT] sock=2164 hEvent=00000994 events=0x0
2026-10-03 06:12:53.499 [EVENT] sock=2164 hEvent=00000994 events=0x21
2026-10-03 06:12:56.538 [EVENT] sock=2676 hEvent=00000A50 events=0x0
2026-10-03 06:12:56.538 [EVENT] sock=2676 hEvent=00000A50 events=0x21
2026-10-03 06:13:03.564 [EVENT] sock=2164 hEvent=00000994 events=0x0
2026-10-03 06:13:03.564 [EVENT] sock=2164 hEvent=00000994 events=0x21
2026-10-03 06:13:13.633 [EVENT] sock=2164 hEvent=00000994 events=0x0
2026-10-03 06:13:13.633 [EVENT] sock=2164 hEvent=00000994 events=0x21
2026-10-03 06:13:23.767 [EVENT] sock=2164 hEvent=00000994 events=0x0
2026-10-03 06:13:23.767 [EVENT] sock=2164 hEvent=00000994 events=0x21
2026-10-03 06:13:26.540 [EVENT] sock=2676 hEvent=00000A50 events=0x0
2026-10-03 06:13:26.547 [EVENT] sock=2676 hEvent=00000A50 events=0x21
2026-10-03 06:13:33.837 [EVENT] sock=2164 hEvent=00000994 events=0x0
2026-10-03 06:13:33.837 [EVENT] sock=2164 hEvent=00000994 events=0x21
2026-10-03 06:13:43.897 [EVENT] sock=2164 hEvent=00000994 events=0x0
2026-10-03 06:13:43.898 [EVENT] sock=2164 hEvent=00000994 events=0x21
2026-10-03 06:13:54.015 [EVENT] sock=2164 hEvent=00000994 events=0x0
2026-10-03 06:13:54.017 [EVENT] sock=2164 hEvent=00000994 events=0x21
2026-10-03 06:13:56.549 [EVENT] sock=2676 hEvent=00000A50 events=0x0
2026-10-03 06:13:56.554 [EVENT] sock=2676 hEvent=00000A50 events=0x21
2026-10-03 06:14:04.081 [EVENT] sock=2164 hEvent=00000994 events=0x0
2026-10-03 06:14:04.086 [EVENT] sock=2164 hEvent=00000994 events=0x21
2026-10-03 06:14:14.149 [EVENT] sock=2164 hEvent=00000994 events=0x0
2026-10-03 06:14:14.153 [EVENT] sock=2164 hEvent=00000994 events=0x21
2026-10-03 06:14:24.215 [EVENT] sock=2164 hEvent=00000994 events=0x0
2026-10-03 06:14:24.218 [EVENT] sock=2164 hEvent=00000994 events=0x21
2026-10-03 06:14:26.554 [EVENT] sock=2676 hEvent=00000A50 events=0x0
2026-10-03 06:14:26.557 [EVENT] sock=2676 hEvent=00000A50 events=0x21
2026-10-03 06:14:34.281 [EVENT] sock=2164 hEvent=00000994 events=0x0
2026-10-03 06:14:34.282 [EVENT] sock=2164 hEvent=00000994 events=0x21
2026-10-03 06:14:44.350 [EVENT] sock=2164 hEvent=00000994 events=0x0
2026-10-03 06:14:44.352 [EVENT] sock=2164 hEvent=00000994 events=0x21
2026-10-03 06:14:54.470 [EVENT] sock=2164 hEvent=00000994 events=0x0
2026-10-03 06:14:54.470 [EVENT] sock=2164 hEvent=00000994 events=0x21
2026-10-03 06:14:56.558 [EVENT] sock=2676 hEvent=00000A50 events=0x0
2026-10-03 06:14:56.558 [EVENT] sock=2676 hEvent=00000A50 events=0x21
2026-10-03 06:15:04.537 [EVENT] sock=2164 hEvent=00000994 events=0x0
2026-10-03 06:15:04.539 [EVENT] sock=2164 hEvent=00000994 events=0x21
2026-10-03 06:15:14.603 [EVENT] sock=2164 hEvent=00000994 events=0x0
2026-10-03 06:15:14.605 [EVENT] sock=2164 hEvent=00000994 events=0x21
2026-10-03 06:15:24.739 [EVENT] sock=2164 hEvent=00000994 events=0x0
2026-10-03 06:15:24.739 [EVENT] sock=2164 hEvent=00000994 events=0x21
2026-10-03 06:15:26.558 [EVENT] sock=2676 hEvent=00000A50 events=0x0
2026-10-03 06:15:26.563 [EVENT] sock=2676 hEvent=00000A50 events=0x21
2026-10-03 06:15:34.800 [EVENT] sock=2164 hEvent=00000994 events=0x0
2026-10-03 06:15:34.801 [EVENT] sock=2164 hEvent=00000994 events=0x21
2026-10-03 06:15:44.868 [EVENT] sock=2164 hEvent=00000994 events=0x0
2026-10-03 06:15:44.870 [EVENT] sock=2164 hEvent=00000994 events=0x21
2026-10-03 06:15:54.934 [EVENT] sock=2164 hEvent=00000994 events=0x0
2026-10-03 06:15:54.935 [EVENT] sock=2164 hEvent=00000994 events=0x21
2026-10-03 06:15:56.563 [EVENT] sock=2676 hEvent=00000A50 events=0x0
2026-10-03 06:15:56.564 [EVENT] sock=2676 hEvent=00000A50 events=0x21
2026-10-03 06:16:05.001 [EVENT] sock=2164 hEvent=00000994 events=0x0
2026-10-03 06:16:05.001 [EVENT] sock=2164 hEvent=00000994 events=0x21
2026-10-03 06:16:15.073 [EVENT] sock=2164 hEvent=00000994 events=0x0
2026-10-03 06:16:15.074 [EVENT] sock=2164 hEvent=00000994 events=0x21
2026-10-03 06:16:25.300 [EVENT] sock=2164 hEvent=00000994 events=0x0
2026-10-03 06:16:25.300 [EVENT] sock=2164 hEvent=00000994 events=0x21
2026-10-03 06:16:26.565 [EVENT] sock=2676 hEvent=00000A50 events=0x0
2026-10-03 06:16:26.574 [EVENT] sock=2676 hEvent=00000A50 events=0x21
2026-10-03 06:16:35.368 [EVENT] sock=2164 hEvent=00000994 events=0x0
2026-10-03 06:16:35.369 [EVENT] sock=2164 hEvent=00000994 events=0x21
2026-10-03 06:16:45.441 [EVENT] sock=2164 hEvent=00000994 events=0x0
2026-10-03 06:16:45.442 [EVENT] sock=2164 hEvent=00000994 events=0x21
2026-10-03 06:16:55.506 [EVENT] sock=2164 hEvent=00000994 events=0x0
2026-10-03 06:16:55.506 [EVENT] sock=2164 hEvent=00000994 events=0x21
2026-10-03 06:16:56.577 [EVENT] sock=2676 hEvent=00000A50 events=0x0
2026-10-03 06:16:56.578 [EVENT] sock=2676 hEvent=00000A50 events=0x21
2026-10-03 06:17:05.571 [EVENT] sock=2164 hEvent=00000994 events=0x0
2026-10-03 06:17:05.571 [EVENT] sock=2164 hEvent=00000994 events=0x21
2026-10-03 06:17:15.638 [EVENT] sock=2164 hEvent=00000994 events=0x0
2026-10-03 06:17:15.639 [EVENT] sock=2164 hEvent=00000994 events=0x21
2026-10-03 06:17:25.703 [EVENT] sock=2164 hEvent=00000994 events=0x0
2026-10-03 06:17:25.705 [EVENT] sock=2164 hEvent=00000994 events=0x21
2026-10-03 06:17:26.579 [EVENT] sock=2676 hEvent=00000A50 events=0x0
2026-10-03 06:17:26.583 [EVENT] sock=2676 hEvent=00000A50 events=0x21
2026-10-03 06:17:35.772 [EVENT] sock=2164 hEvent=00000994 events=0x0
2026-10-03 06:17:35.773 [EVENT] sock=2164 hEvent=00000994 events=0x21
2026-10-03 06:17:45.837 [EVENT] sock=2164 hEvent=00000994 events=0x0
2026-10-03 06:17:45.837 [EVENT] sock=2164 hEvent=00000994 events=0x21
2026-10-03 06:17:55.903 [EVENT] sock=2164 hEvent=00000994 events=0x0
2026-10-03 06:17:55.903 [EVENT] sock=2164 hEvent=00000994 events=0x21
2026-10-03 06:17:56.585 [EVENT] sock=2676 hEvent=00000A50 events=0x0
2026-10-03 06:17:56.585 [EVENT] sock=2676 hEvent=00000A50 events=0x21
2026-10-03 06:18:05.972 [EVENT] sock=2164 hEvent=00000994 events=0x0
2026-10-03 06:18:05.974 [EVENT] sock=2164 hEvent=00000994 events=0x21
2026-10-03 06:18:16.039 [EVENT] sock=2164 hEvent=00000994 events=0x0
2026-10-03 06:18:16.040 [EVENT] sock=2164 hEvent=00000994 events=0x21
2026-10-03 06:18:26.270 [EVENT] sock=2164 hEvent=00000994 events=0x0
2026-10-03 06:18:26.271 [EVENT] sock=2164 hEvent=00000994 events=0x21
2026-10-03 06:18:26.585 [EVENT] sock=2676 hEvent=00000A50 events=0x0
2026-10-03 06:18:26.595 [EVENT] sock=2676 hEvent=00000A50 events=0x21
2026-10-03 06:18:36.338 [EVENT] sock=2164 hEvent=00000994 events=0x0
2026-10-03 06:18:36.340 [EVENT] sock=2164 hEvent=00000994 events=0x21
2026-10-03 06:18:46.404 [EVENT] sock=2164 hEvent=00000994 events=0x0
2026-10-03 06:18:46.404 [EVENT] sock=2164 hEvent=00000994 events=0x21
2026-10-03 06:18:56.521 [EVENT] sock=2164 hEvent=00000994 events=0x0
2026-10-03 06:18:56.522 [EVENT] sock=2164 hEvent=00000994 events=0x21
2026-10-03 06:18:56.596 [EVENT] sock=2676 hEvent=00000A50 events=0x0
2026-10-03 06:18:56.596 [EVENT] sock=2676 hEvent=00000A50 events=0x21
2026-10-03 06:19:06.597 [EVENT] sock=2164 hEvent=00000994 events=0x0
2026-10-03 06:19:06.599 [EVENT] sock=2164 hEvent=00000994 events=0x21
2026-10-03 06:19:16.656 [EVENT] sock=2164 hEvent=00000994 events=0x0
2026-10-03 06:19:16.660 [EVENT] sock=2164 hEvent=00000994 events=0x21
2026-10-03 06:19:26.598 [EVENT] sock=2676 hEvent=00000A50 events=0x0
2026-10-03 06:19:26.602 [EVENT] sock=2676 hEvent=00000A50 events=0x21
2026-10-03 06:19:26.723 [EVENT] sock=2164 hEvent=00000994 events=0x0
2026-10-03 06:19:26.726 [EVENT] sock=2164 hEvent=00000994 events=0x21
2026-10-03 06:19:36.795 [EVENT] sock=2164 hEvent=00000994 events=0x0
2026-10-03 06:19:36.796 [EVENT] sock=2164 hEvent=00000994 events=0x21
2026-10-03 06:19:46.858 [EVENT] sock=2164 hEvent=00000994 events=0x0
2026-10-03 06:19:46.862 [EVENT] sock=2164 hEvent=00000994 events=0x21
2026-10-03 06:19:56.602 [EVENT] sock=2676 hEvent=00000A50 events=0x0
2026-10-03 06:19:56.603 [EVENT] sock=2676 hEvent=00000A50 events=0x21
2026-10-03 06:19:56.926 [EVENT] sock=2164 hEvent=00000994 events=0x0
2026-10-03 06:19:56.929 [EVENT] sock=2164 hEvent=00000994 events=0x21
2026-10-03 06:20:06.992 [EVENT] sock=2164 hEvent=00000994 events=0x0
2026-10-03 06:20:06.997 [EVENT] sock=2164 hEvent=00000994 events=0x21
2026-10-03 06:20:17.057 [EVENT] sock=2164 hEvent=00000994 events=0x0
2026-10-03 06:20:17.058 [EVENT] sock=2164 hEvent=00000994 events=0x21
2026-10-03 06:20:26.603 [EVENT] sock=2676 hEvent=00000A50 events=0x0
2026-10-03 06:20:26.617 [EVENT] sock=2676 hEvent=00000A50 events=0x21
2026-10-03 06:20:27.125 [EVENT] sock=2164 hEvent=00000994 events=0x0
2026-10-03 06:20:27.126 [EVENT] sock=2164 hEvent=00000994 events=0x21
2026-10-03 06:20:37.195 [EVENT] sock=2164 hEvent=00000994 events=0x0
2026-10-03 06:20:37.196 [EVENT] sock=2164 hEvent=00000994 events=0x21
2026-10-03 06:20:47.264 [EVENT] sock=2164 hEvent=00000994 events=0x0
2026-10-03 06:20:47.264 [EVENT] sock=2164 hEvent=00000994 events=0x21
2026-10-03 06:20:56.618 [EVENT] sock=2676 hEvent=00000A50 events=0x0
2026-10-03 06:20:56.618 [EVENT] sock=2676 hEvent=00000A50 events=0x21
2026-10-03 06:20:57.333 [EVENT] sock=2164 hEvent=00000994 events=0x0
2026-10-03 06:20:57.334 [EVENT] sock=2164 hEvent=00000994 events=0x21
2026-10-03 06:21:07.398 [EVENT] sock=2164 hEvent=00000994 events=0x0
2026-10-03 06:21:07.398 [EVENT] sock=2164 hEvent=00000994 events=0x21
2026-10-03 06:21:17.460 [EVENT] sock=2164 hEvent=00000994 events=0x0
2026-10-03 06:21:17.461 [EVENT] sock=2164 hEvent=00000994 events=0x21
2026-10-03 06:21:26.619 [EVENT] sock=2676 hEvent=00000A50 events=0x0
2026-10-03 06:21:26.624 [EVENT] sock=2676 hEvent=00000A50 events=0x21
2026-10-03 06:21:27.548 [EVENT] sock=2164 hEvent=00000994 events=0x0
2026-10-03 06:21:27.548 [EVENT] sock=2164 hEvent=00000994 events=0x21
2026-10-03 06:21:37.611 [EVENT] sock=2164 hEvent=00000994 events=0x0
2026-10-03 06:21:37.616 [EVENT] sock=2164 hEvent=00000994 events=0x21
2026-10-03 06:21:47.685 [EVENT] sock=2164 hEvent=00000994 events=0x0
2026-10-03 06:21:47.686 [EVENT] sock=2164 hEvent=00000994 events=0x21
2026-10-03 06:21:56.626 [EVENT] sock=2676 hEvent=00000A50 events=0x0
2026-10-03 06:21:56.626 [EVENT] sock=2676 hEvent=00000A50 events=0x21
2026-10-03 06:21:57.802 [EVENT] sock=2164 hEvent=00000994 events=0x0
2026-10-03 06:21:57.802 [EVENT] sock=2164 hEvent=00000994 events=0x21
2026-10-03 06:22:07.865 [EVENT] sock=2164 hEvent=00000994 events=0x0
2026-10-03 06:22:07.865 [EVENT] sock=2164 hEvent=00000994 events=0x21
2026-10-03 06:22:17.938 [EVENT] sock=2164 hEvent=00000994 events=0x0
2026-10-03 06:22:17.938 [EVENT] sock=2164 hEvent=00000994 events=0x21
2026-10-03 06:22:26.627 [EVENT] sock=2676 hEvent=00000A50 events=0x0
2026-10-03 06:22:26.634 [EVENT] sock=2676 hEvent=00000A50 events=0x21
2026-10-03 06:22:28.053 [EVENT] sock=2164 hEvent=00000994 events=0x0
2026-10-03 06:22:28.055 [EVENT] sock=2164 hEvent=00000994 events=0x21
2026-10-03 06:22:38.118 [EVENT] sock=2164 hEvent=00000994 events=0x0
2026-10-03 06:22:38.118 [EVENT] sock=2164 hEvent=00000994 events=0x21
2026-10-03 06:22:48.190 [EVENT] sock=2164 hEvent=00000994 events=0x0
2026-10-03 06:22:48.191 [EVENT] sock=2164 hEvent=00000994 events=0x21
2026-10-03 06:22:56.635 [EVENT] sock=2676 hEvent=00000A50 events=0x0
2026-10-03 06:22:56.638 [EVENT] sock=2676 hEvent=00000A50 events=0x21
2026-10-03 06:22:58.304 [EVENT] sock=2164 hEvent=00000994 events=0x0
2026-10-03 06:22:58.304 [EVENT] sock=2164 hEvent=00000994 events=0x21
2026-10-03 06:23:08.367 [EVENT] sock=2164 hEvent=00000994 events=0x0
2026-10-03 06:23:08.371 [EVENT] sock=2164 hEvent=00000994 events=0x21
2026-10-03 06:23:18.434 [EVENT] sock=2164 hEvent=00000994 events=0x0
2026-10-03 06:23:18.436 [EVENT] sock=2164 hEvent=00000994 events=0x21
2026-10-03 06:23:26.640 [EVENT] sock=2676 hEvent=00000A50 events=0x0
2026-10-03 06:23:26.647 [EVENT] sock=2676 hEvent=00000A50 events=0x21
2026-10-03 06:23:28.554 [EVENT] sock=2164 hEvent=00000994 events=0x0
2026-10-03 06:23:28.555 [EVENT] sock=2164 hEvent=00000994 events=0x21
2026-10-03 06:23:38.618 [EVENT] sock=2164 hEvent=00000994 events=0x0
2026-10-03 06:23:38.618 [EVENT] sock=2164 hEvent=00000994 events=0x21
2026-10-03 06:23:48.684 [EVENT] sock=2164 hEvent=00000994 events=0x0
2026-10-03 06:23:48.684 [EVENT] sock=2164 hEvent=00000994 events=0x21
2026-10-03 06:23:56.649 [EVENT] sock=2676 hEvent=00000A50 events=0x0
2026-10-03 06:23:56.649 [EVENT] sock=2676 hEvent=00000A50 events=0x21
2026-10-03 06:23:58.769 [EVENT] sock=2164 hEvent=00000994 events=0x0
2026-10-03 06:23:58.771 [EVENT] sock=2164 hEvent=00000994 events=0x21
2026-10-03 06:24:08.836 [EVENT] sock=2164 hEvent=00000994 events=0x0
2026-10-03 06:24:08.837 [EVENT] sock=2164 hEvent=00000994 events=0x21
2026-10-03 06:24:18.902 [EVENT] sock=2164 hEvent=00000994 events=0x0
2026-10-03 06:24:18.905 [EVENT] sock=2164 hEvent=00000994 events=0x21
2026-10-03 06:24:26.650 [EVENT] sock=2676 hEvent=00000A50 events=0x0
2026-10-03 06:24:26.660 [EVENT] sock=2676 hEvent=00000A50 events=0x21
2026-10-03 06:24:29.067 [EVENT] sock=2164 hEvent=00000994 events=0x0
2026-10-03 06:24:29.067 [EVENT] sock=2164 hEvent=00000994 events=0x21
2026-10-03 06:24:39.137 [EVENT] sock=2164 hEvent=00000994 events=0x0
2026-10-03 06:24:39.138 [EVENT] sock=2164 hEvent=00000994 events=0x21
2026-10-03 06:24:49.201 [EVENT] sock=2164 hEvent=00000994 events=0x0
2026-10-03 06:24:49.202 [EVENT] sock=2164 hEvent=00000994 events=0x21
2026-10-03 06:24:56.662 [EVENT] sock=2676 hEvent=00000A50 events=0x0
2026-10-03 06:24:56.662 [EVENT] sock=2676 hEvent=00000A50 events=0x21
2026-10-03 06:24:59.369 [EVENT] sock=2164 hEvent=00000994 events=0x0
2026-10-03 06:24:59.371 [EVENT] sock=2164 hEvent=00000994 events=0x21
2026-10-03 06:25:09.434 [EVENT] sock=2164 hEvent=00000994 events=0x0
2026-10-03 06:25:09.434 [EVENT] sock=2164 hEvent=00000994 events=0x21
2026-10-03 06:25:19.501 [EVENT] sock=2164 hEvent=00000994 events=0x0
2026-10-03 06:25:19.503 [EVENT] sock=2164 hEvent=00000994 events=0x21
2026-10-03 06:25:26.663 [EVENT] sock=2676 hEvent=00000A50 events=0x0
2026-10-03 06:25:26.674 [EVENT] sock=2676 hEvent=00000A50 events=0x21
2026-10-03 06:25:30.185 [EVENT] sock=2164 hEvent=00000994 events=0x0
2026-10-03 06:25:30.185 [EVENT] sock=2164 hEvent=00000994 events=0x21
2026-10-03 06:25:40.253 [EVENT] sock=2164 hEvent=00000994 events=0x0
2026-10-03 06:25:40.255 [EVENT] sock=2164 hEvent=00000994 events=0x21
2026-10-03 06:25:50.559 [EVENT] sock=2164 hEvent=00000994 events=0x0
2026-10-03 06:25:50.559 [EVENT] sock=2164 hEvent=00000994 events=0x21
2026-10-03 06:25:56.675 [EVENT] sock=2676 hEvent=00000A50 events=0x0
2026-10-03 06:25:56.675 [EVENT] sock=2676 hEvent=00000A50 events=0x21
2026-10-03 06:26:02.871 [EVENT] sock=2164 hEvent=00000994 events=0x0
2026-10-03 06:26:02.875 [EVENT] sock=2164 hEvent=00000994 events=0x21
2026-10-03 06:26:14.060 [EVENT] sock=2164 hEvent=00000994 events=0x0
2026-10-03 06:26:14.060 [EVENT] sock=2164 hEvent=00000994 events=0x21
2026-10-03 06:26:25.454 [EVENT] sock=2164 hEvent=00000994 events=0x0
2026-10-03 06:26:25.455 [EVENT] sock=2164 hEvent=00000994 events=0x21
2026-10-03 06:26:26.677 [EVENT] sock=2676 hEvent=00000A50 events=0x0
2026-10-03 06:26:26.680 [EVENT] sock=2676 hEvent=00000A50 events=0x21
2026-10-03 06:26:35.522 [EVENT] sock=2164 hEvent=00000994 events=0x0
2026-10-03 06:26:35.523 [EVENT] sock=2164 hEvent=00000994 events=0x21
2026-10-03 06:26:46.792 [EVENT] sock=2164 hEvent=00000994 events=0x0
2026-10-03 06:26:46.792 [EVENT] sock=2164 hEvent=00000994 events=0x21
2026-10-03 06:26:56.681 [EVENT] sock=2676 hEvent=00000A50 events=0x0
2026-10-03 06:26:56.681 [EVENT] sock=2676 hEvent=00000A50 events=0x21
2026-10-03 06:26:56.854 [EVENT] sock=2164 hEvent=00000994 events=0x0
2026-10-03 06:26:56.856 [EVENT] sock=2164 hEvent=00000994 events=0x21
2026-10-03 06:27:07.022 [EVENT] sock=2164 hEvent=00000994 events=0x0
2026-10-03 06:27:07.023 [EVENT] sock=2164 hEvent=00000994 events=0x21
2026-10-03 06:27:17.089 [EVENT] sock=2164 hEvent=00000994 events=0x0
2026-10-03 06:27:17.090 [EVENT] sock=2164 hEvent=00000994 events=0x21
2026-10-03 06:27:26.683 [EVENT] sock=2676 hEvent=00000A50 events=0x0
2026-10-03 06:27:26.690 [EVENT] sock=2676 hEvent=00000A50 events=0x21
2026-10-03 06:27:27.155 [EVENT] sock=2164 hEvent=00000994 events=0x0
2026-10-03 06:27:27.156 [EVENT] sock=2164 hEvent=00000994 events=0x21
2026-10-03 06:27:37.219 [EVENT] sock=2164 hEvent=00000994 events=0x0
2026-10-03 06:27:37.220 [EVENT] sock=2164 hEvent=00000994 events=0x21
2026-10-03 06:27:47.771 [EVENT] sock=2164 hEvent=00000994 events=0x0
2026-10-03 06:27:47.772 [EVENT] sock=2164 hEvent=00000994 events=0x21
2026-10-03 06:27:56.693 [EVENT] sock=2676 hEvent=00000A50 events=0x0
2026-10-03 06:27:56.695 [EVENT] sock=2676 hEvent=00000A50 events=0x21
2026-10-03 06:27:58.421 [EVENT] sock=2164 hEvent=00000994 events=0x0
2026-10-03 06:27:58.421 [EVENT] sock=2164 hEvent=00000994 events=0x21
2026-10-03 06:28:10.370 [EVENT] sock=2164 hEvent=00000994 events=0x0
2026-10-03 06:28:10.371 [EVENT] sock=2164 hEvent=00000994 events=0x21
2026-10-03 06:28:20.445 [EVENT] sock=2164 hEvent=00000994 events=0x0
2026-10-03 06:28:20.446 [EVENT] sock=2164 hEvent=00000994 events=0x21
2026-10-03 06:28:26.697 [EVENT] sock=2676 hEvent=00000A50 events=0x0
2026-10-03 06:28:26.702 [EVENT] sock=2676 hEvent=00000A50 events=0x21
2026-10-03 06:28:31.075 [EVENT] sock=2164 hEvent=00000994 events=0x0
2026-10-03 06:28:31.075 [EVENT] sock=2164 hEvent=00000994 events=0x21
2026-10-03 06:28:41.142 [EVENT] sock=2164 hEvent=00000994 events=0x0
2026-10-03 06:28:41.142 [EVENT] sock=2164 hEvent=00000994 events=0x21
2026-10-03 06:28:52.264 [EVENT] sock=2164 hEvent=00000994 events=0x0
2026-10-03 06:28:52.265 [EVENT] sock=2164 hEvent=00000994 events=0x21
2026-10-03 06:28:53.391 [EVENT] sock=2164 hEvent=00000994 events=0x0
2026-10-03 06:28:53.392 [EVENT] sock=2164 hEvent=00000994 events=0x21
2026-10-03 06:28:56.703 [EVENT] sock=2676 hEvent=00000A50 events=0x0
2026-10-03 06:28:56.703 [EVENT] sock=2676 hEvent=00000A50 events=0x21
2026-10-03 06:29:04.824 [EVENT] sock=2164 hEvent=00000994 events=0x0
2026-10-03 06:29:04.824 [EVENT] sock=2164 hEvent=00000994 events=0x21
2026-10-03 06:29:14.892 [EVENT] sock=2164 hEvent=00000994 events=0x0
2026-10-03 06:29:14.893 [EVENT] sock=2164 hEvent=00000994 events=0x21
2026-10-03 06:29:24.957 [EVENT] sock=2164 hEvent=00000994 events=0x0
2026-10-03 06:29:24.959 [EVENT] sock=2164 hEvent=00000994 events=0x21
2026-10-03 06:29:26.705 [EVENT] sock=2676 hEvent=00000A50 events=0x0
2026-10-03 06:29:26.713 [EVENT] sock=2676 hEvent=00000A50 events=0x21
2026-10-03 06:29:35.025 [EVENT] sock=2164 hEvent=00000994 events=0x0
2026-10-03 06:29:35.025 [EVENT] sock=2164 hEvent=00000994 events=0x21
2026-10-03 06:29:45.092 [EVENT] sock=2164 hEvent=00000994 events=0x0
2026-10-03 06:29:45.092 [EVENT] sock=2164 hEvent=00000994 events=0x21
2026-10-03 06:29:55.158 [EVENT] sock=2164 hEvent=00000994 events=0x0
2026-10-03 06:29:55.159 [EVENT] sock=2164 hEvent=00000994 events=0x21
2026-10-03 06:29:56.718 [EVENT] sock=2676 hEvent=00000A50 events=0x0
2026-10-03 06:29:56.718 [EVENT] sock=2676 hEvent=00000A50 events=0x21
2026-10-03 06:30:06.475 [EVENT] sock=2164 hEvent=00000994 events=0x0
2026-10-03 06:30:06.476 [EVENT] sock=2164 hEvent=00000994 events=0x21
2026-10-03 06:30:16.542 [EVENT] sock=2164 hEvent=00000994 events=0x0
2026-10-03 06:30:16.543 [EVENT] sock=2164 hEvent=00000994 events=0x21
2026-10-03 06:30:26.613 [EVENT] sock=2164 hEvent=00000994 events=0x0
2026-10-03 06:30:26.613 [EVENT] sock=2164 hEvent=00000994 events=0x21
2026-10-03 06:30:26.719 [EVENT] sock=2676 hEvent=00000A50 events=0x0
2026-10-03 06:30:26.723 [EVENT] sock=2676 hEvent=00000A50 events=0x21
2026-10-03 06:30:36.680 [EVENT] sock=2164 hEvent=00000994 events=0x0
2026-10-03 06:30:36.683 [EVENT] sock=2164 hEvent=00000994 events=0x21
2026-10-03 06:30:46.744 [EVENT] sock=2164 hEvent=00000994 events=0x0
2026-10-03 06:30:46.745 [EVENT] sock=2164 hEvent=00000994 events=0x21
2026-10-03 06:30:56.725 [EVENT] sock=2676 hEvent=00000A50 events=0x0
2026-10-03 06:30:56.726 [EVENT] sock=2676 hEvent=00000A50 events=0x21
2026-10-03 06:30:56.812 [EVENT] sock=2164 hEvent=00000994 events=0x0
2026-10-03 06:30:56.813 [EVENT] sock=2164 hEvent=00000994 events=0x21
2026-10-03 06:31:06.880 [EVENT] sock=2164 hEvent=00000994 events=0x0
2026-10-03 06:31:06.884 [EVENT] sock=2164 hEvent=00000994 events=0x21
2026-10-03 06:31:16.951 [EVENT] sock=2164 hEvent=00000994 events=0x0
2026-10-03 06:31:16.952 [EVENT] sock=2164 hEvent=00000994 events=0x21
2026-10-03 06:31:26.727 [EVENT] sock=2676 hEvent=00000A50 events=0x0
2026-10-03 06:31:26.731 [EVENT] sock=2676 hEvent=00000A50 events=0x21
2026-10-03 06:31:27.019 [EVENT] sock=2164 hEvent=00000994 events=0x0
2026-10-03 06:31:27.020 [EVENT] sock=2164 hEvent=00000994 events=0x21
2026-10-03 06:31:37.082 [EVENT] sock=2164 hEvent=00000994 events=0x0
2026-10-03 06:31:37.083 [EVENT] sock=2164 hEvent=00000994 events=0x21
2026-10-03 06:31:47.149 [EVENT] sock=2164 hEvent=00000994 events=0x0
2026-10-03 06:31:47.152 [EVENT] sock=2164 hEvent=00000994 events=0x21
2026-10-03 06:31:56.736 [EVENT] sock=2676 hEvent=00000A50 events=0x0
2026-10-03 06:31:56.737 [EVENT] sock=2676 hEvent=00000A50 events=0x21
2026-10-03 06:31:57.218 [EVENT] sock=2164 hEvent=00000994 events=0x0
2026-10-03 06:31:57.219 [EVENT] sock=2164 hEvent=00000994 events=0x21
2026-10-03 06:32:07.287 [EVENT] sock=2164 hEvent=00000994 events=0x0
2026-10-03 06:32:07.287 [EVENT] sock=2164 hEvent=00000994 events=0x21
2026-10-03 06:32:17.352 [EVENT] sock=2164 hEvent=00000994 events=0x0
2026-10-03 06:32:17.354 [EVENT] sock=2164 hEvent=00000994 events=0x21
2026-10-03 06:32:26.739 [EVENT] sock=2676 hEvent=00000A50 events=0x0
2026-10-03 06:32:26.743 [EVENT] sock=2676 hEvent=00000A50 events=0x21
2026-10-03 06:32:27.419 [EVENT] sock=2164 hEvent=00000994 events=0x0
2026-10-03 06:32:27.420 [EVENT] sock=2164 hEvent=00000994 events=0x21
2026-10-03 06:32:37.481 [EVENT] sock=2164 hEvent=00000994 events=0x0
2026-10-03 06:32:37.484 [EVENT] sock=2164 hEvent=00000994 events=0x21
2026-10-03 06:32:47.547 [EVENT] sock=2164 hEvent=00000994 events=0x0
2026-10-03 06:32:47.549 [EVENT] sock=2164 hEvent=00000994 events=0x21
2026-10-03 06:32:56.743 [EVENT] sock=2676 hEvent=00000A50 events=0x0
2026-10-03 06:32:56.745 [EVENT] sock=2676 hEvent=00000A50 events=0x21
2026-10-03 06:32:57.620 [EVENT] sock=2164 hEvent=00000994 events=0x0
2026-10-03 06:32:57.620 [EVENT] sock=2164 hEvent=00000994 events=0x21
2026-10-03 06:33:07.716 [EVENT] sock=2164 hEvent=00000994 events=0x0
2026-10-03 06:33:07.717 [EVENT] sock=2164 hEvent=00000994 events=0x21
2026-10-03 06:33:17.780 [EVENT] sock=2164 hEvent=00000994 events=0x0
2026-10-03 06:33:17.781 [EVENT] sock=2164 hEvent=00000994 events=0x21
2026-10-03 06:33:26.745 [EVENT] sock=2676 hEvent=00000A50 events=0x0
2026-10-03 06:33:26.749 [EVENT] sock=2676 hEvent=00000A50 events=0x21
2026-10-03 06:33:27.847 [EVENT] sock=2164 hEvent=00000994 events=0x0
2026-10-03 06:33:27.847 [EVENT] sock=2164 hEvent=00000994 events=0x21
2026-10-03 06:33:37.915 [EVENT] sock=2164 hEvent=00000994 events=0x0
2026-10-03 06:33:37.916 [EVENT] sock=2164 hEvent=00000994 events=0x21
2026-10-03 06:33:47.982 [EVENT] sock=2164 hEvent=00000994 events=0x0
2026-10-03 06:33:47.983 [EVENT] sock=2164 hEvent=00000994 events=0x21
2026-10-03 06:33:56.751 [EVENT] sock=2676 hEvent=00000A50 events=0x0
2026-10-03 06:33:56.753 [EVENT] sock=2676 hEvent=00000A50 events=0x21
2026-10-03 06:33:58.052 [EVENT] sock=2164 hEvent=00000994 events=0x0
2026-10-03 06:33:58.053 [EVENT] sock=2164 hEvent=00000994 events=0x21
2026-10-03 06:34:08.120 [EVENT] sock=2164 hEvent=00000994 events=0x0
2026-10-03 06:34:08.120 [EVENT] sock=2164 hEvent=00000994 events=0x21
2026-10-03 06:34:18.184 [EVENT] sock=2164 hEvent=00000994 events=0x0
2026-10-03 06:34:18.185 [EVENT] sock=2164 hEvent=00000994 events=0x21
2026-10-03 06:34:26.759 [EVENT] sock=2676 hEvent=00000A50 events=0x0
2026-10-03 06:34:26.765 [EVENT] sock=2676 hEvent=00000A50 events=0x21
2026-10-03 06:34:28.252 [EVENT] sock=2164 hEvent=00000994 events=0x0
2026-10-03 06:34:28.252 [EVENT] sock=2164 hEvent=00000994 events=0x21
2026-10-03 06:34:38.319 [EVENT] sock=2164 hEvent=00000994 events=0x0
2026-10-03 06:34:38.320 [EVENT] sock=2164 hEvent=00000994 events=0x21
2026-10-03 06:34:48.384 [EVENT] sock=2164 hEvent=00000994 events=0x0
2026-10-03 06:34:48.385 [EVENT] sock=2164 hEvent=00000994 events=0x21
2026-10-03 06:34:56.765 [EVENT] sock=2676 hEvent=00000A50 events=0x0
2026-10-03 06:34:56.765 [EVENT] sock=2676 hEvent=00000A50 events=0x21
2026-10-03 06:34:58.451 [EVENT] sock=2164 hEvent=00000994 events=0x0
2026-10-03 06:34:58.452 [EVENT] sock=2164 hEvent=00000994 events=0x21
2026-10-03 06:35:08.523 [EVENT] sock=2164 hEvent=00000994 events=0x0
2026-10-03 06:35:08.528 [EVENT] sock=2164 hEvent=00000994 events=0x21
2026-10-03 06:35:18.591 [EVENT] sock=2164 hEvent=00000994 events=0x0
2026-10-03 06:35:18.591 [EVENT] sock=2164 hEvent=00000994 events=0x21
2026-10-03 06:35:26.768 [EVENT] sock=2676 hEvent=00000A50 events=0x0
2026-10-03 06:35:26.778 [EVENT] sock=2676 hEvent=00000A50 events=0x21
2026-10-03 06:35:28.659 [EVENT] sock=2164 hEvent=00000994 events=0x0
2026-10-03 06:35:28.661 [EVENT] sock=2164 hEvent=00000994 events=0x21
2026-10-03 06:35:38.725 [EVENT] sock=2164 hEvent=00000994 events=0x0
2026-10-03 06:35:38.727 [EVENT] sock=2164 hEvent=00000994 events=0x21
2026-10-03 06:35:48.789 [EVENT] sock=2164 hEvent=00000994 events=0x0
2026-10-03 06:35:48.794 [EVENT] sock=2164 hEvent=00000994 events=0x21
2026-10-03 06:35:56.782 [EVENT] sock=2676 hEvent=00000A50 events=0x0
2026-10-03 06:35:56.782 [EVENT] sock=2676 hEvent=00000A50 events=0x21
2026-10-03 06:35:58.856 [EVENT] sock=2164 hEvent=00000994 events=0x0
2026-10-03 06:35:58.857 [EVENT] sock=2164 hEvent=00000994 events=0x21
2026-10-03 06:36:08.923 [EVENT] sock=2164 hEvent=00000994 events=0x0
2026-10-03 06:36:08.927 [EVENT] sock=2164 hEvent=00000994 events=0x21
2026-10-03 06:36:18.988 [EVENT] sock=2164 hEvent=00000994 events=0x0
2026-10-03 06:36:18.989 [EVENT] sock=2164 hEvent=00000994 events=0x21
2026-10-03 06:36:26.783 [EVENT] sock=2676 hEvent=00000A50 events=0x0
2026-10-03 06:36:26.787 [EVENT] sock=2676 hEvent=00000A50 events=0x21
2026-10-03 06:36:29.058 [EVENT] sock=2164 hEvent=00000994 events=0x0
2026-10-03 06:36:29.062 [EVENT] sock=2164 hEvent=00000994 events=0x21
2026-10-03 06:36:39.127 [EVENT] sock=2164 hEvent=00000994 events=0x0
2026-10-03 06:36:39.129 [EVENT] sock=2164 hEvent=00000994 events=0x21
2026-10-03 06:36:49.192 [EVENT] sock=2164 hEvent=00000994 events=0x0
2026-10-03 06:36:49.196 [EVENT] sock=2164 hEvent=00000994 events=0x21
2026-10-03 06:36:56.788 [EVENT] sock=2676 hEvent=00000A50 events=0x0
2026-10-03 06:36:56.789 [EVENT] sock=2676 hEvent=00000A50 events=0x21
2026-10-03 06:36:59.258 [EVENT] sock=2164 hEvent=00000994 events=0x0
2026-10-03 06:36:59.259 [EVENT] sock=2164 hEvent=00000994 events=0x21
2026-10-03 06:37:09.324 [EVENT] sock=2164 hEvent=00000994 events=0x0
2026-10-03 06:37:09.324 [EVENT] sock=2164 hEvent=00000994 events=0x21
2026-10-03 06:37:19.392 [EVENT] sock=2164 hEvent=00000994 events=0x0
2026-10-03 06:37:19.393 [EVENT] sock=2164 hEvent=00000994 events=0x21
2026-10-03 06:37:26.790 [EVENT] sock=2676 hEvent=00000A50 events=0x0
2026-10-03 06:37:26.798 [EVENT] sock=2676 hEvent=00000A50 events=0x21
2026-10-03 06:37:29.461 [EVENT] sock=2164 hEvent=00000994 events=0x0
2026-10-03 06:37:29.466 [EVENT] sock=2164 hEvent=00000994 events=0x21
2026-10-03 06:37:39.532 [EVENT] sock=2164 hEvent=00000994 events=0x0
2026-10-03 06:37:39.532 [EVENT] sock=2164 hEvent=00000994 events=0x21
2026-10-03 06:37:49.594 [EVENT] sock=2164 hEvent=00000994 events=0x0
2026-10-03 06:37:49.595 [EVENT] sock=2164 hEvent=00000994 events=0x21
2026-10-03 06:37:56.802 [EVENT] sock=2676 hEvent=00000A50 events=0x0
2026-10-03 06:37:56.803 [EVENT] sock=2676 hEvent=00000A50 events=0x21
2026-10-03 06:37:59.668 [EVENT] sock=2164 hEvent=00000994 events=0x0
2026-10-03 06:37:59.668 [EVENT] sock=2164 hEvent=00000994 events=0x21
2026-10-03 06:38:09.733 [EVENT] sock=2164 hEvent=00000994 events=0x0
2026-10-03 06:38:09.734 [EVENT] sock=2164 hEvent=00000994 events=0x21
2026-10-03 06:38:19.799 [EVENT] sock=2164 hEvent=00000994 events=0x0
2026-10-03 06:38:19.802 [EVENT] sock=2164 hEvent=00000994 events=0x21
2026-10-03 06:38:26.804 [EVENT] sock=2676 hEvent=00000A50 events=0x0
2026-10-03 06:38:26.808 [EVENT] sock=2676 hEvent=00000A50 events=0x21
2026-10-03 06:38:29.865 [EVENT] sock=2164 hEvent=00000994 events=0x0
2026-10-03 06:38:29.867 [EVENT] sock=2164 hEvent=00000994 events=0x21
2026-10-03 06:38:39.935 [EVENT] sock=2164 hEvent=00000994 events=0x0
2026-10-03 06:38:39.937 [EVENT] sock=2164 hEvent=00000994 events=0x21
2026-10-03 06:38:49.997 [EVENT] sock=2164 hEvent=00000994 events=0x0
2026-10-03 06:38:50.002 [EVENT] sock=2164 hEvent=00000994 events=0x21
2026-10-03 06:38:56.809 [EVENT] sock=2676 hEvent=00000A50 events=0x0
2026-10-03 06:38:56.809 [EVENT] sock=2676 hEvent=00000A50 events=0x21
2026-10-03 06:39:00.065 [EVENT] sock=2164 hEvent=00000994 events=0x0
2026-10-03 06:39:00.068 [EVENT] sock=2164 hEvent=00000994 events=0x21
2026-10-03 06:39:10.136 [EVENT] sock=2164 hEvent=00000994 events=0x0
2026-10-03 06:39:10.137 [EVENT] sock=2164 hEvent=00000994 events=0x21
2026-10-03 06:39:20.198 [EVENT] sock=2164 hEvent=00000994 events=0x0
2026-10-03 06:39:20.200 [EVENT] sock=2164 hEvent=00000994 events=0x21
2026-10-03 06:39:26.811 [EVENT] sock=2676 hEvent=00000A50 events=0x0
2026-10-03 06:39:26.822 [EVENT] sock=2676 hEvent=00000A50 events=0x21
2026-10-03 06:39:30.265 [EVENT] sock=2164 hEvent=00000994 events=0x0
2026-10-03 06:39:30.266 [EVENT] sock=2164 hEvent=00000994 events=0x21
2026-10-03 06:39:40.334 [EVENT] sock=2164 hEvent=00000994 events=0x0
2026-10-03 06:39:40.335 [EVENT] sock=2164 hEvent=00000994 events=0x21
2026-10-03 06:39:50.401 [EVENT] sock=2164 hEvent=00000994 events=0x0
2026-10-03 06:39:50.402 [EVENT] sock=2164 hEvent=00000994 events=0x21
2026-10-03 06:39:56.824 [EVENT] sock=2676 hEvent=00000A50 events=0x0
2026-10-03 06:39:56.826 [EVENT] sock=2676 hEvent=00000A50 events=0x21
2026-10-03 06:40:00.471 [EVENT] sock=2164 hEvent=00000994 events=0x0
2026-10-03 06:40:00.471 [EVENT] sock=2164 hEvent=00000994 events=0x21
2026-10-03 06:40:10.536 [EVENT] sock=2164 hEvent=00000994 events=0x0
2026-10-03 06:40:10.537 [EVENT] sock=2164 hEvent=00000994 events=0x21
2026-10-03 06:40:20.600 [EVENT] sock=2164 hEvent=00000994 events=0x0
2026-10-03 06:40:20.601 [EVENT] sock=2164 hEvent=00000994 events=0x21
2026-10-03 06:40:26.827 [EVENT] sock=2676 hEvent=00000A50 events=0x0
2026-10-03 06:40:26.833 [EVENT] sock=2676 hEvent=00000A50 events=0x21
2026-10-03 06:40:30.668 [EVENT] sock=2164 hEvent=00000994 events=0x0
2026-10-03 06:40:30.668 [EVENT] sock=2164 hEvent=00000994 events=0x21
2026-10-03 06:40:40.735 [EVENT] sock=2164 hEvent=00000994 events=0x0
2026-10-03 06:40:40.736 [EVENT] sock=2164 hEvent=00000994 events=0x21
2026-10-03 06:40:50.803 [EVENT] sock=2164 hEvent=00000994 events=0x0
2026-10-03 06:40:50.804 [EVENT] sock=2164 hEvent=00000994 events=0x21
2026-10-03 06:40:56.834 [EVENT] sock=2676 hEvent=00000A50 events=0x0
2026-10-03 06:40:56.835 [EVENT] sock=2676 hEvent=00000A50 events=0x21
2026-10-03 06:41:00.872 [EVENT] sock=2164 hEvent=00000994 events=0x0
2026-10-03 06:41:00.874 [EVENT] sock=2164 hEvent=00000994 events=0x21
2026-10-03 06:41:10.937 [EVENT] sock=2164 hEvent=00000994 events=0x0
2026-10-03 06:41:10.941 [EVENT] sock=2164 hEvent=00000994 events=0x21
2026-10-03 06:41:21.010 [EVENT] sock=2164 hEvent=00000994 events=0x0
2026-10-03 06:41:21.011 [EVENT] sock=2164 hEvent=00000994 events=0x21
2026-10-03 06:41:26.837 [EVENT] sock=2676 hEvent=00000A50 events=0x0
2026-10-03 06:41:26.847 [EVENT] sock=2676 hEvent=00000A50 events=0x21
2026-10-03 06:41:31.069 [EVENT] sock=2164 hEvent=00000994 events=0x0
2026-10-03 06:41:31.070 [EVENT] sock=2164 hEvent=00000994 events=0x21
2026-10-03 06:41:41.139 [EVENT] sock=2164 hEvent=00000994 events=0x0
2026-10-03 06:41:41.140 [EVENT] sock=2164 hEvent=00000994 events=0x21
2026-10-03 06:41:51.203 [EVENT] sock=2164 hEvent=00000994 events=0x0
2026-10-03 06:41:51.204 [EVENT] sock=2164 hEvent=00000994 events=0x21
2026-10-03 06:41:56.848 [EVENT] sock=2676 hEvent=00000A50 events=0x0
2026-10-03 06:41:56.848 [EVENT] sock=2676 hEvent=00000A50 events=0x21
2026-10-03 06:42:01.274 [EVENT] sock=2164 hEvent=00000994 events=0x0
2026-10-03 06:42:01.277 [EVENT] sock=2164 hEvent=00000994 events=0x21
2026-10-03 06:42:11.345 [EVENT] sock=2164 hEvent=00000994 events=0x0
2026-10-03 06:42:11.345 [EVENT] sock=2164 hEvent=00000994 events=0x21
2026-10-03 06:42:21.411 [EVENT] sock=2164 hEvent=00000994 events=0x0
2026-10-03 06:42:21.411 [EVENT] sock=2164 hEvent=00000994 events=0x21
2026-10-03 06:42:26.850 [EVENT] sock=2676 hEvent=00000A50 events=0x0
2026-10-03 06:42:26.853 [EVENT] sock=2676 hEvent=00000A50 events=0x21
2026-10-03 06:42:31.476 [EVENT] sock=2164 hEvent=00000994 events=0x0
2026-10-03 06:42:31.478 [EVENT] sock=2164 hEvent=00000994 events=0x21
2026-10-03 06:42:41.543 [EVENT] sock=2164 hEvent=00000994 events=0x0
2026-10-03 06:42:41.544 [EVENT] sock=2164 hEvent=00000994 events=0x21
2026-10-03 06:42:51.607 [EVENT] sock=2164 hEvent=00000994 events=0x0
2026-10-03 06:42:51.607 [EVENT] sock=2164 hEvent=00000994 events=0x21
2026-10-03 06:42:56.856 [EVENT] sock=2676 hEvent=00000A50 events=0x0
2026-10-03 06:42:56.857 [EVENT] sock=2676 hEvent=00000A50 events=0x21
2026-10-03 06:43:01.680 [EVENT] sock=2164 hEvent=00000994 events=0x0
2026-10-03 06:43:01.680 [EVENT] sock=2164 hEvent=00000994 events=0x21
2026-10-03 06:43:11.744 [EVENT] sock=2164 hEvent=00000994 events=0x0
2026-10-03 06:43:11.744 [EVENT] sock=2164 hEvent=00000994 events=0x21
2026-10-03 06:43:21.810 [EVENT] sock=2164 hEvent=00000994 events=0x0
2026-10-03 06:43:21.813 [EVENT] sock=2164 hEvent=00000994 events=0x21
2026-10-03 06:43:26.859 [EVENT] sock=2676 hEvent=00000A50 events=0x0
2026-10-03 06:43:26.869 [EVENT] sock=2676 hEvent=00000A50 events=0x21
2026-10-03 06:43:31.876 [EVENT] sock=2164 hEvent=00000994 events=0x0
2026-10-03 06:43:31.876 [EVENT] sock=2164 hEvent=00000994 events=0x21
2026-10-03 06:43:41.943 [EVENT] sock=2164 hEvent=00000994 events=0x0
2026-10-03 06:43:41.944 [EVENT] sock=2164 hEvent=00000994 events=0x21
2026-10-03 06:43:52.012 [EVENT] sock=2164 hEvent=00000994 events=0x0
2026-10-03 06:43:52.013 [EVENT] sock=2164 hEvent=00000994 events=0x21
2026-10-03 06:43:56.870 [EVENT] sock=2676 hEvent=00000A50 events=0x0
2026-10-03 06:43:56.871 [EVENT] sock=2676 hEvent=00000A50 events=0x21
2026-10-03 06:44:02.075 [EVENT] sock=2164 hEvent=00000994 events=0x0
2026-10-03 06:44:02.075 [EVENT] sock=2164 hEvent=00000994 events=0x21
2026-10-03 06:44:12.145 [EVENT] sock=2164 hEvent=00000994 events=0x0
2026-10-03 06:44:12.145 [EVENT] sock=2164 hEvent=00000994 events=0x21
2026-10-03 06:44:22.207 [EVENT] sock=2164 hEvent=00000994 events=0x0
2026-10-03 06:44:22.208 [EVENT] sock=2164 hEvent=00000994 events=0x21
2026-10-03 06:44:26.871 [EVENT] sock=2676 hEvent=00000A50 events=0x0
2026-10-03 06:44:26.877 [EVENT] sock=2676 hEvent=00000A50 events=0x21
2026-10-03 06:44:32.279 [EVENT] sock=2164 hEvent=00000994 events=0x0
2026-10-03 06:44:32.279 [EVENT] sock=2164 hEvent=00000994 events=0x21
2026-10-03 06:44:42.350 [EVENT] sock=2164 hEvent=00000994 events=0x0
2026-10-03 06:44:42.350 [EVENT] sock=2164 hEvent=00000994 events=0x21
2026-10-03 06:44:52.410 [EVENT] sock=2164 hEvent=00000994 events=0x0
2026-10-03 06:44:52.411 [EVENT] sock=2164 hEvent=00000994 events=0x21
2026-10-03 06:44:56.883 [EVENT] sock=2676 hEvent=00000A50 events=0x0
2026-10-03 06:44:56.884 [EVENT] sock=2676 hEvent=00000A50 events=0x21
2026-10-03 06:45:02.476 [EVENT] sock=2164 hEvent=00000994 events=0x0
2026-10-03 06:45:02.481 [EVENT] sock=2164 hEvent=00000994 events=0x21
2026-10-03 06:45:12.548 [EVENT] sock=2164 hEvent=00000994 events=0x0
2026-10-03 06:45:12.548 [EVENT] sock=2164 hEvent=00000994 events=0x21
2026-10-03 06:45:22.610 [EVENT] sock=2164 hEvent=00000994 events=0x0
2026-10-03 06:45:22.613 [EVENT] sock=2164 hEvent=00000994 events=0x21
2026-10-03 06:45:26.885 [EVENT] sock=2676 hEvent=00000A50 events=0x0
2026-10-03 06:45:26.891 [EVENT] sock=2676 hEvent=00000A50 events=0x21
2026-10-03 06:45:32.680 [EVENT] sock=2164 hEvent=00000994 events=0x0
2026-10-03 06:45:32.680 [EVENT] sock=2164 hEvent=00000994 events=0x21
2026-10-03 06:45:42.748 [EVENT] sock=2164 hEvent=00000994 events=0x0
2026-10-03 06:45:42.748 [EVENT] sock=2164 hEvent=00000994 events=0x21
2026-10-03 06:45:52.811 [EVENT] sock=2164 hEvent=00000994 events=0x0
2026-10-03 06:45:52.812 [EVENT] sock=2164 hEvent=00000994 events=0x21
2026-10-03 06:45:56.891 [EVENT] sock=2676 hEvent=00000A50 events=0x0
2026-10-03 06:45:56.891 [EVENT] sock=2676 hEvent=00000A50 events=0x21
2026-10-03 06:46:02.884 [EVENT] sock=2164 hEvent=00000994 events=0x0
2026-10-03 06:46:02.885 [EVENT] sock=2164 hEvent=00000994 events=0x21
2026-10-03 06:46:12.952 [EVENT] sock=2164 hEvent=00000994 events=0x0
2026-10-03 06:46:12.952 [EVENT] sock=2164 hEvent=00000994 events=0x21
2026-10-03 06:46:23.017 [EVENT] sock=2164 hEvent=00000994 events=0x0
2026-10-03 06:46:23.018 [EVENT] sock=2164 hEvent=00000994 events=0x21
2026-10-03 06:46:26.893 [EVENT] sock=2676 hEvent=00000A50 events=0x0
2026-10-03 06:46:26.905 [EVENT] sock=2676 hEvent=00000A50 events=0x21
2026-10-03 06:46:33.083 [EVENT] sock=2164 hEvent=00000994 events=0x0
2026-10-03 06:46:33.084 [EVENT] sock=2164 hEvent=00000994 events=0x21
2026-10-03 06:46:43.152 [EVENT] sock=2164 hEvent=00000994 events=0x0
2026-10-03 06:46:43.152 [EVENT] sock=2164 hEvent=00000994 events=0x21
2026-10-03 06:46:53.214 [EVENT] sock=2164 hEvent=00000994 events=0x0
2026-10-03 06:46:53.215 [EVENT] sock=2164 hEvent=00000994 events=0x21
2026-10-03 06:46:56.906 [EVENT] sock=2676 hEvent=00000A50 events=0x0
2026-10-03 06:46:56.906 [EVENT] sock=2676 hEvent=00000A50 events=0x21
2026-10-03 06:47:03.285 [EVENT] sock=2164 hEvent=00000994 events=0x0
2026-10-03 06:47:03.286 [EVENT] sock=2164 hEvent=00000994 events=0x21
2026-10-03 06:47:13.352 [EVENT] sock=2164 hEvent=00000994 events=0x0
2026-10-03 06:47:13.353 [EVENT] sock=2164 hEvent=00000994 events=0x21
2026-10-03 06:47:23.413 [EVENT] sock=2164 hEvent=00000994 events=0x0
2026-10-03 06:47:23.419 [EVENT] sock=2164 hEvent=00000994 events=0x21
2026-10-03 06:47:26.907 [EVENT] sock=2676 hEvent=00000A50 events=0x0
2026-10-03 06:47:26.910 [EVENT] sock=2676 hEvent=00000A50 events=0x21
2026-10-03 06:47:33.487 [EVENT] sock=2164 hEvent=00000994 events=0x0
2026-10-03 06:47:33.487 [EVENT] sock=2164 hEvent=00000994 events=0x21
2026-10-03 06:47:43.551 [EVENT] sock=2164 hEvent=00000994 events=0x0
2026-10-03 06:47:43.553 [EVENT] sock=2164 hEvent=00000994 events=0x21
2026-10-03 06:47:53.617 [EVENT] sock=2164 hEvent=00000994 events=0x0
2026-10-03 06:47:53.620 [EVENT] sock=2164 hEvent=00000994 events=0x21
2026-10-03 06:47:56.911 [EVENT] sock=2676 hEvent=00000A50 events=0x0
2026-10-03 06:47:56.912 [EVENT] sock=2676 hEvent=00000A50 events=0x21
2026-10-03 06:48:03.684 [EVENT] sock=2164 hEvent=00000994 events=0x0
2026-10-03 06:48:03.685 [EVENT] sock=2164 hEvent=00000994 events=0x21
2026-10-03 06:48:13.753 [EVENT] sock=2164 hEvent=00000994 events=0x0
2026-10-03 06:48:13.755 [EVENT] sock=2164 hEvent=00000994 events=0x21
2026-10-03 06:48:23.817 [EVENT] sock=2164 hEvent=00000994 events=0x0
2026-10-03 06:48:23.824 [EVENT] sock=2164 hEvent=00000994 events=0x21
2026-10-03 06:48:26.912 [EVENT] sock=2676 hEvent=00000A50 events=0x0
2026-10-03 06:48:26.922 [EVENT] sock=2676 hEvent=00000A50 events=0x21
2026-10-03 06:48:33.887 [EVENT] sock=2164 hEvent=00000994 events=0x0
2026-10-03 06:48:33.887 [EVENT] sock=2164 hEvent=00000994 events=0x21
2026-10-03 06:48:43.957 [EVENT] sock=2164 hEvent=00000994 events=0x0
2026-10-03 06:48:43.958 [EVENT] sock=2164 hEvent=00000994 events=0x21
2026-10-03 06:48:54.024 [EVENT] sock=2164 hEvent=00000994 events=0x0
2026-10-03 06:48:54.024 [EVENT] sock=2164 hEvent=00000994 events=0x21
2026-10-03 06:48:56.923 [EVENT] sock=2676 hEvent=00000A50 events=0x0
2026-10-03 06:48:56.927 [EVENT] sock=2676 hEvent=00000A50 events=0x21
2026-10-03 06:49:04.087 [EVENT] sock=2164 hEvent=00000994 events=0x0
2026-10-03 06:49:04.087 [EVENT] sock=2164 hEvent=00000994 events=0x21
2026-10-03 06:49:14.153 [EVENT] sock=2164 hEvent=00000994 events=0x0
2026-10-03 06:49:14.157 [EVENT] sock=2164 hEvent=00000994 events=0x21
2026-10-03 06:49:24.223 [EVENT] sock=2164 hEvent=00000994 events=0x0
2026-10-03 06:49:24.225 [EVENT] sock=2164 hEvent=00000994 events=0x21
2026-10-03 06:49:26.928 [EVENT] sock=2676 hEvent=00000A50 events=0x0
2026-10-03 06:49:26.932 [EVENT] sock=2676 hEvent=00000A50 events=0x21
2026-10-03 06:49:34.289 [EVENT] sock=2164 hEvent=00000994 events=0x0
2026-10-03 06:49:34.289 [EVENT] sock=2164 hEvent=00000994 events=0x21
2026-10-03 06:49:44.355 [EVENT] sock=2164 hEvent=00000994 events=0x0
2026-10-03 06:49:44.356 [EVENT] sock=2164 hEvent=00000994 events=0x21
2026-10-03 06:49:54.422 [EVENT] sock=2164 hEvent=00000994 events=0x0
2026-10-03 06:49:54.423 [EVENT] sock=2164 hEvent=00000994 events=0x21
2026-10-03 06:49:56.932 [EVENT] sock=2676 hEvent=00000A50 events=0x0
2026-10-03 06:49:56.933 [EVENT] sock=2676 hEvent=00000A50 events=0x21
2026-10-03 06:50:04.487 [EVENT] sock=2164 hEvent=00000994 events=0x0
2026-10-03 06:50:04.488 [EVENT] sock=2164 hEvent=00000994 events=0x21
2026-10-03 06:50:14.556 [EVENT] sock=2164 hEvent=00000994 events=0x0
2026-10-03 06:50:14.556 [EVENT] sock=2164 hEvent=00000994 events=0x21
2026-10-03 06:50:24.620 [EVENT] sock=2164 hEvent=00000994 events=0x0
2026-10-03 06:50:24.621 [EVENT] sock=2164 hEvent=00000994 events=0x21
2026-10-03 06:50:26.934 [EVENT] sock=2676 hEvent=00000A50 events=0x0
2026-10-03 06:50:26.947 [EVENT] sock=2676 hEvent=00000A50 events=0x21
2026-10-03 06:50:34.687 [EVENT] sock=2164 hEvent=00000994 events=0x0
2026-10-03 06:50:34.687 [EVENT] sock=2164 hEvent=00000994 events=0x21
2026-10-03 06:50:44.754 [EVENT] sock=2164 hEvent=00000994 events=0x0
2026-10-03 06:50:44.754 [EVENT] sock=2164 hEvent=00000994 events=0x21
2026-10-03 06:50:54.820 [EVENT] sock=2164 hEvent=00000994 events=0x0
2026-10-03 06:50:54.820 [EVENT] sock=2164 hEvent=00000994 events=0x21
2026-10-03 06:50:56.948 [EVENT] sock=2676 hEvent=00000A50 events=0x0
2026-10-03 06:50:56.948 [EVENT] sock=2676 hEvent=00000A50 events=0x21
2026-10-03 06:51:04.889 [EVENT] sock=2164 hEvent=00000994 events=0x0
2026-10-03 06:51:04.889 [EVENT] sock=2164 hEvent=00000994 events=0x21
2026-10-03 06:51:14.961 [EVENT] sock=2164 hEvent=00000994 events=0x0
2026-10-03 06:51:14.962 [EVENT] sock=2164 hEvent=00000994 events=0x21
2026-10-03 06:51:25.023 [EVENT] sock=2164 hEvent=00000994 events=0x0
2026-10-03 06:51:25.028 [EVENT] sock=2164 hEvent=00000994 events=0x21
2026-10-03 06:51:26.948 [EVENT] sock=2676 hEvent=00000A50 events=0x0
2026-10-03 06:51:26.953 [EVENT] sock=2676 hEvent=00000A50 events=0x21
2026-10-03 06:51:35.090 [EVENT] sock=2164 hEvent=00000994 events=0x0
2026-10-03 06:51:35.092 [EVENT] sock=2164 hEvent=00000994 events=0x21
2026-10-03 06:51:45.156 [EVENT] sock=2164 hEvent=00000994 events=0x0
2026-10-03 06:51:45.158 [EVENT] sock=2164 hEvent=00000994 events=0x21
2026-10-03 06:51:55.226 [EVENT] sock=2164 hEvent=00000994 events=0x0
2026-10-03 06:51:55.227 [EVENT] sock=2164 hEvent=00000994 events=0x21
2026-10-03 06:51:56.954 [EVENT] sock=2676 hEvent=00000A50 events=0x0
2026-10-03 06:51:56.954 [EVENT] sock=2676 hEvent=00000A50 events=0x21
2026-10-03 06:52:05.292 [EVENT] sock=2164 hEvent=00000994 events=0x0
2026-10-03 06:52:05.294 [EVENT] sock=2164 hEvent=00000994 events=0x21
2026-10-03 06:52:15.362 [EVENT] sock=2164 hEvent=00000994 events=0x0
2026-10-03 06:52:15.364 [EVENT] sock=2164 hEvent=00000994 events=0x21
2026-10-03 06:52:25.424 [EVENT] sock=2164 hEvent=00000994 events=0x0
2026-10-03 06:52:25.425 [EVENT] sock=2164 hEvent=00000994 events=0x21
2026-10-03 06:52:26.956 [EVENT] sock=2676 hEvent=00000A50 events=0x0
2026-10-03 06:52:26.967 [EVENT] sock=2676 hEvent=00000A50 events=0x21
2026-10-03 06:52:35.492 [EVENT] sock=2164 hEvent=00000994 events=0x0
2026-10-03 06:52:35.496 [EVENT] sock=2164 hEvent=00000994 events=0x21
2026-10-03 06:52:45.556 [EVENT] sock=2164 hEvent=00000994 events=0x0
2026-10-03 06:52:45.557 [EVENT] sock=2164 hEvent=00000994 events=0x21
2026-10-03 06:52:55.623 [EVENT] sock=2164 hEvent=00000994 events=0x0
2026-10-03 06:52:55.624 [EVENT] sock=2164 hEvent=00000994 events=0x21
2026-10-03 06:52:56.969 [EVENT] sock=2676 hEvent=00000A50 events=0x0
2026-10-03 06:52:56.969 [EVENT] sock=2676 hEvent=00000A50 events=0x21
2026-10-03 06:53:05.693 [EVENT] sock=2164 hEvent=00000994 events=0x0
2026-10-03 06:53:05.697 [EVENT] sock=2164 hEvent=00000994 events=0x21
2026-10-03 06:53:15.760 [EVENT] sock=2164 hEvent=00000994 events=0x0
2026-10-03 06:53:15.762 [EVENT] sock=2164 hEvent=00000994 events=0x21
2026-10-03 06:53:25.831 [EVENT] sock=2164 hEvent=00000994 events=0x0
2026-10-03 06:53:25.831 [EVENT] sock=2164 hEvent=00000994 events=0x21
2026-10-03 06:53:26.969 [EVENT] sock=2676 hEvent=00000A50 events=0x0
2026-10-03 06:53:26.973 [EVENT] sock=2676 hEvent=00000A50 events=0x21
2026-10-03 06:53:35.900 [EVENT] sock=2164 hEvent=00000994 events=0x0
2026-10-03 06:53:35.902 [EVENT] sock=2164 hEvent=00000994 events=0x21
2026-10-03 06:53:45.968 [EVENT] sock=2164 hEvent=00000994 events=0x0
2026-10-03 06:53:45.968 [EVENT] sock=2164 hEvent=00000994 events=0x21
2026-10-03 06:53:56.030 [EVENT] sock=2164 hEvent=00000994 events=0x0
2026-10-03 06:53:56.030 [EVENT] sock=2164 hEvent=00000994 events=0x21
2026-10-03 06:53:56.973 [EVENT] sock=2676 hEvent=00000A50 events=0x0
2026-10-03 06:53:56.974 [EVENT] sock=2676 hEvent=00000A50 events=0x21
2026-10-03 06:54:06.101 [EVENT] sock=2164 hEvent=00000994 events=0x0
2026-10-03 06:54:06.101 [EVENT] sock=2164 hEvent=00000994 events=0x21
2026-10-03 06:54:16.168 [EVENT] sock=2164 hEvent=00000994 events=0x0
2026-10-03 06:54:16.168 [EVENT] sock=2164 hEvent=00000994 events=0x21
2026-10-03 06:54:26.231 [EVENT] sock=2164 hEvent=00000994 events=0x0
2026-10-03 06:54:26.234 [EVENT] sock=2164 hEvent=00000994 events=0x21
2026-10-03 06:54:26.976 [EVENT] sock=2676 hEvent=00000A50 events=0x0
2026-10-03 06:54:26.979 [EVENT] sock=2676 hEvent=00000A50 events=0x21
2026-10-03 06:54:36.300 [EVENT] sock=2164 hEvent=00000994 events=0x0
2026-10-03 06:54:36.301 [EVENT] sock=2164 hEvent=00000994 events=0x21
2026-10-03 06:54:46.364 [EVENT] sock=2164 hEvent=00000994 events=0x0
2026-10-03 06:54:46.365 [EVENT] sock=2164 hEvent=00000994 events=0x21
2026-10-03 06:54:56.430 [EVENT] sock=2164 hEvent=00000994 events=0x0
2026-10-03 06:54:56.431 [EVENT] sock=2164 hEvent=00000994 events=0x21
2026-10-03 06:54:56.985 [EVENT] sock=2676 hEvent=00000A50 events=0x0
2026-10-03 06:54:56.985 [EVENT] sock=2676 hEvent=00000A50 events=0x21
2026-10-03 06:55:06.499 [EVENT] sock=2164 hEvent=00000994 events=0x0
2026-10-03 06:55:06.499 [EVENT] sock=2164 hEvent=00000994 events=0x21
2026-10-03 06:55:16.563 [EVENT] sock=2164 hEvent=00000994 events=0x0
2026-10-03 06:55:16.567 [EVENT] sock=2164 hEvent=00000994 events=0x21
2026-10-03 06:55:26.630 [EVENT] sock=2164 hEvent=00000994 events=0x0
2026-10-03 06:55:26.631 [EVENT] sock=2164 hEvent=00000994 events=0x21
2026-10-03 06:55:26.987 [EVENT] sock=2676 hEvent=00000A50 events=0x0
2026-10-03 06:55:26.994 [EVENT] sock=2676 hEvent=00000A50 events=0x21
2026-10-03 06:55:36.702 [EVENT] sock=2164 hEvent=00000994 events=0x0
2026-10-03 06:55:36.702 [EVENT] sock=2164 hEvent=00000994 events=0x21
2026-10-03 06:55:46.768 [EVENT] sock=2164 hEvent=00000994 events=0x0
2026-10-03 06:55:46.770 [EVENT] sock=2164 hEvent=00000994 events=0x21
2026-10-03 06:55:56.834 [EVENT] sock=2164 hEvent=00000994 events=0x0
2026-10-03 06:55:56.834 [EVENT] sock=2164 hEvent=00000994 events=0x21
2026-10-03 06:55:56.994 [EVENT] sock=2676 hEvent=00000A50 events=0x0
2026-10-03 06:55:56.994 [EVENT] sock=2676 hEvent=00000A50 events=0x21
2026-10-03 06:56:06.898 [EVENT] sock=2164 hEvent=00000994 events=0x0
2026-10-03 06:56:06.898 [EVENT] sock=2164 hEvent=00000994 events=0x21
2026-10-03 06:56:16.965 [EVENT] sock=2164 hEvent=00000994 events=0x0
2026-10-03 06:56:16.966 [EVENT] sock=2164 hEvent=00000994 events=0x21
2026-10-03 06:56:26.996 [EVENT] sock=2676 hEvent=00000A50 events=0x0
2026-10-03 06:56:27.006 [EVENT] sock=2676 hEvent=00000A50 events=0x21
2026-10-03 06:56:27.030 [EVENT] sock=2164 hEvent=00000994 events=0x0
2026-10-03 06:56:27.032 [EVENT] sock=2164 hEvent=00000994 events=0x21
2026-10-03 06:56:37.097 [EVENT] sock=2164 hEvent=00000994 events=0x0
2026-10-03 06:56:37.097 [EVENT] sock=2164 hEvent=00000994 events=0x21
2026-10-03 06:56:47.166 [EVENT] sock=2164 hEvent=00000994 events=0x0
2026-10-03 06:56:47.167 [EVENT] sock=2164 hEvent=00000994 events=0x21
2026-10-03 06:56:57.008 [EVENT] sock=2676 hEvent=00000A50 events=0x0
2026-10-03 06:56:57.008 [EVENT] sock=2676 hEvent=00000A50 events=0x21
2026-10-03 06:56:57.236 [EVENT] sock=2164 hEvent=00000994 events=0x0
2026-10-03 06:56:57.238 [EVENT] sock=2164 hEvent=00000994 events=0x21
2026-10-03 06:57:07.299 [EVENT] sock=2164 hEvent=00000994 events=0x0
2026-10-03 06:57:07.299 [EVENT] sock=2164 hEvent=00000994 events=0x21
2026-10-03 06:57:17.366 [EVENT] sock=2164 hEvent=00000994 events=0x0
2026-10-03 06:57:17.367 [EVENT] sock=2164 hEvent=00000994 events=0x21
2026-10-03 06:57:27.009 [EVENT] sock=2676 hEvent=00000A50 events=0x0
2026-10-03 06:57:27.013 [EVENT] sock=2676 hEvent=00000A50 events=0x21
2026-10-03 06:57:27.431 [EVENT] sock=2164 hEvent=00000994 events=0x0
2026-10-03 06:57:27.431 [EVENT] sock=2164 hEvent=00000994 events=0x21
2026-10-03 06:57:37.498 [EVENT] sock=2164 hEvent=00000994 events=0x0
2026-10-03 06:57:37.499 [EVENT] sock=2164 hEvent=00000994 events=0x21
2026-10-03 06:57:47.568 [EVENT] sock=2164 hEvent=00000994 events=0x0
2026-10-03 06:57:47.571 [EVENT] sock=2164 hEvent=00000994 events=0x21
2026-10-03 06:57:57.016 [EVENT] sock=2676 hEvent=00000A50 events=0x0
2026-10-03 06:57:57.016 [EVENT] sock=2676 hEvent=00000A50 events=0x21
2026-10-03 06:57:57.633 [EVENT] sock=2164 hEvent=00000994 events=0x0
2026-10-03 06:57:57.635 [EVENT] sock=2164 hEvent=00000994 events=0x21
2026-10-03 06:58:07.698 [EVENT] sock=2164 hEvent=00000994 events=0x0
2026-10-03 06:58:07.700 [EVENT] sock=2164 hEvent=00000994 events=0x21
2026-10-03 06:58:17.764 [EVENT] sock=2164 hEvent=00000994 events=0x0
2026-10-03 06:58:17.765 [EVENT] sock=2164 hEvent=00000994 events=0x21
2026-10-03 06:58:27.016 [EVENT] sock=2676 hEvent=00000A50 events=0x0
2026-10-03 06:58:27.024 [EVENT] sock=2676 hEvent=00000A50 events=0x21
2026-10-03 06:58:27.831 [EVENT] sock=2164 hEvent=00000994 events=0x0
2026-10-03 06:58:27.831 [EVENT] sock=2164 hEvent=00000994 events=0x21
2026-10-03 06:58:37.896 [EVENT] sock=2164 hEvent=00000994 events=0x0
2026-10-03 06:58:37.896 [EVENT] sock=2164 hEvent=00000994 events=0x21
2026-10-03 06:58:47.967 [EVENT] sock=2164 hEvent=00000994 events=0x0
2026-10-03 06:58:47.972 [EVENT] sock=2164 hEvent=00000994 events=0x21
2026-10-03 06:58:57.025 [EVENT] sock=2676 hEvent=00000A50 events=0x0
2026-10-03 06:58:57.025 [EVENT] sock=2676 hEvent=00000A50 events=0x21
2026-10-03 06:58:58.033 [EVENT] sock=2164 hEvent=00000994 events=0x0
2026-10-03 06:58:58.034 [EVENT] sock=2164 hEvent=00000994 events=0x21
2026-10-03 06:59:08.099 [EVENT] sock=2164 hEvent=00000994 events=0x0
2026-10-03 06:59:08.103 [EVENT] sock=2164 hEvent=00000994 events=0x21
2026-10-03 06:59:18.171 [EVENT] sock=2164 hEvent=00000994 events=0x0
2026-10-03 06:59:18.174 [EVENT] sock=2164 hEvent=00000994 events=0x21
2026-10-03 06:59:27.026 [EVENT] sock=2676 hEvent=00000A50 events=0x0
2026-10-03 06:59:27.029 [EVENT] sock=2676 hEvent=00000A50 events=0x21
2026-10-03 06:59:28.232 [EVENT] sock=2164 hEvent=00000994 events=0x0
2026-10-03 06:59:28.236 [EVENT] sock=2164 hEvent=00000994 events=0x21
2026-10-03 06:59:38.303 [EVENT] sock=2164 hEvent=00000994 events=0x0
2026-10-03 06:59:38.303 [EVENT] sock=2164 hEvent=00000994 events=0x21
2026-10-03 06:59:48.368 [EVENT] sock=2164 hEvent=00000994 events=0x0
2026-10-03 06:59:48.373 [EVENT] sock=2164 hEvent=00000994 events=0x21
2026-10-03 06:59:57.031 [EVENT] sock=2676 hEvent=00000A50 events=0x0
2026-10-03 06:59:57.032 [EVENT] sock=2676 hEvent=00000A50 events=0x21
2026-10-03 06:59:58.435 [EVENT] sock=2164 hEvent=00000994 events=0x0
2026-10-03 06:59:58.441 [EVENT] sock=2164 hEvent=00000994 events=0x21
2026-10-03 07:00:08.503 [EVENT] sock=2164 hEvent=00000994 events=0x0
2026-10-03 07:00:08.503 [EVENT] sock=2164 hEvent=00000994 events=0x21
2026-10-03 07:00:18.568 [EVENT] sock=2164 hEvent=00000994 events=0x0
2026-10-03 07:00:18.568 [EVENT] sock=2164 hEvent=00000994 events=0x21
2026-10-03 07:00:27.033 [EVENT] sock=2676 hEvent=00000A50 events=0x0
2026-10-03 07:00:27.045 [EVENT] sock=2676 hEvent=00000A50 events=0x21
2026-10-03 07:00:28.640 [EVENT] sock=2164 hEvent=00000994 events=0x0
2026-10-03 07:00:28.640 [EVENT] sock=2164 hEvent=00000994 events=0x21
2026-10-03 07:00:38.703 [EVENT] sock=2164 hEvent=00000994 events=0x0
2026-10-03 07:00:38.704 [EVENT] sock=2164 hEvent=00000994 events=0x21
2026-10-03 07:00:48.771 [EVENT] sock=2164 hEvent=00000994 events=0x0
2026-10-03 07:00:48.772 [EVENT] sock=2164 hEvent=00000994 events=0x21
2026-10-03 07:00:57.046 [EVENT] sock=2676 hEvent=00000A50 events=0x0
2026-10-03 07:00:57.046 [EVENT] sock=2676 hEvent=00000A50 events=0x21
2026-10-03 07:00:58.837 [EVENT] sock=2164 hEvent=00000994 events=0x0
2026-10-03 07:00:58.837 [EVENT] sock=2164 hEvent=00000994 events=0x21
2026-10-03 07:01:08.903 [EVENT] sock=2164 hEvent=00000994 events=0x0
2026-10-03 07:01:08.905 [EVENT] sock=2164 hEvent=00000994 events=0x21
2026-10-03 07:01:18.970 [EVENT] sock=2164 hEvent=00000994 events=0x0
2026-10-03 07:01:18.971 [EVENT] sock=2164 hEvent=00000994 events=0x21
2026-10-03 07:01:27.047 [EVENT] sock=2676 hEvent=00000A50 events=0x0
2026-10-03 07:01:27.051 [EVENT] sock=2676 hEvent=00000A50 events=0x21
2026-10-03 07:01:29.036 [EVENT] sock=2164 hEvent=00000994 events=0x0
2026-10-03 07:01:29.038 [EVENT] sock=2164 hEvent=00000994 events=0x21
2026-10-03 07:01:39.103 [EVENT] sock=2164 hEvent=00000994 events=0x0
2026-10-03 07:01:39.104 [EVENT] sock=2164 hEvent=00000994 events=0x21
2026-10-03 07:01:49.177 [EVENT] sock=2164 hEvent=00000994 events=0x0
2026-10-03 07:01:49.178 [EVENT] sock=2164 hEvent=00000994 events=0x21
2026-10-03 07:01:57.052 [EVENT] sock=2676 hEvent=00000A50 events=0x0
2026-10-03 07:01:57.053 [EVENT] sock=2676 hEvent=00000A50 events=0x21
2026-10-03 07:01:59.240 [EVENT] sock=2164 hEvent=00000994 events=0x0
2026-10-03 07:01:59.243 [EVENT] sock=2164 hEvent=00000994 events=0x21
2026-10-03 07:02:09.311 [EVENT] sock=2164 hEvent=00000994 events=0x0
2026-10-03 07:02:09.311 [EVENT] sock=2164 hEvent=00000994 events=0x21
2026-10-03 07:02:19.375 [EVENT] sock=2164 hEvent=00000994 events=0x0
2026-10-03 07:02:19.375 [EVENT] sock=2164 hEvent=00000994 events=0x21
2026-10-03 07:02:27.053 [EVENT] sock=2676 hEvent=00000A50 events=0x0
2026-10-03 07:02:27.065 [EVENT] sock=2676 hEvent=00000A50 events=0x21
2026-10-03 07:02:29.444 [EVENT] sock=2164 hEvent=00000994 events=0x0
2026-10-03 07:02:29.444 [EVENT] sock=2164 hEvent=00000994 events=0x21
2026-10-03 07:02:39.508 [EVENT] sock=2164 hEvent=00000994 events=0x0
2026-10-03 07:02:39.509 [EVENT] sock=2164 hEvent=00000994 events=0x21
2026-10-03 07:02:49.576 [EVENT] sock=2164 hEvent=00000994 events=0x0
2026-10-03 07:02:49.579 [EVENT] sock=2164 hEvent=00000994 events=0x21
2026-10-03 07:02:57.067 [EVENT] sock=2676 hEvent=00000A50 events=0x0
2026-10-03 07:02:57.067 [EVENT] sock=2676 hEvent=00000A50 events=0x21
2026-10-03 07:02:59.638 [EVENT] sock=2164 hEvent=00000994 events=0x0
2026-10-03 07:02:59.640 [EVENT] sock=2164 hEvent=00000994 events=0x21
2026-10-03 07:03:09.708 [EVENT] sock=2164 hEvent=00000994 events=0x0
2026-10-03 07:03:09.710 [EVENT] sock=2164 hEvent=00000994 events=0x21
2026-10-03 07:03:19.778 [EVENT] sock=2164 hEvent=00000994 events=0x0
2026-10-03 07:03:19.779 [EVENT] sock=2164 hEvent=00000994 events=0x21
2026-10-03 07:03:27.068 [EVENT] sock=2676 hEvent=00000A50 events=0x0
2026-10-03 07:03:27.072 [EVENT] sock=2676 hEvent=00000A50 events=0x21
2026-10-03 07:03:29.846 [EVENT] sock=2164 hEvent=00000994 events=0x0
2026-10-03 07:03:29.847 [EVENT] sock=2164 hEvent=00000994 events=0x21
2026-10-03 07:03:39.911 [EVENT] sock=2164 hEvent=00000994 events=0x0
2026-10-03 07:03:39.914 [EVENT] sock=2164 hEvent=00000994 events=0x21
2026-10-03 07:03:49.978 [EVENT] sock=2164 hEvent=00000994 events=0x0
2026-10-03 07:03:49.979 [EVENT] sock=2164 hEvent=00000994 events=0x21
2026-10-03 07:03:57.075 [EVENT] sock=2676 hEvent=00000A50 events=0x0
2026-10-03 07:03:57.076 [EVENT] sock=2676 hEvent=00000A50 events=0x21
2026-10-03 07:04:00.042 [EVENT] sock=2164 hEvent=00000994 events=0x0
2026-10-03 07:04:00.042 [EVENT] sock=2164 hEvent=00000994 events=0x21
2026-10-03 07:04:10.113 [EVENT] sock=2164 hEvent=00000994 events=0x0
2026-10-03 07:04:10.118 [EVENT] sock=2164 hEvent=00000994 events=0x21
2026-10-03 07:04:20.182 [EVENT] sock=2164 hEvent=00000994 events=0x0
2026-10-03 07:04:20.183 [EVENT] sock=2164 hEvent=00000994 events=0x21
2026-10-03 07:04:27.077 [EVENT] sock=2676 hEvent=00000A50 events=0x0
2026-10-03 07:04:27.088 [EVENT] sock=2676 hEvent=00000A50 events=0x21
2026-10-03 07:04:30.248 [EVENT] sock=2164 hEvent=00000994 events=0x0
2026-10-03 07:04:30.249 [EVENT] sock=2164 hEvent=00000994 events=0x21
2026-10-03 07:04:40.314 [EVENT] sock=2164 hEvent=00000994 events=0x0
2026-10-03 07:04:40.318 [EVENT] sock=2164 hEvent=00000994 events=0x21
2026-10-03 07:04:50.383 [EVENT] sock=2164 hEvent=00000994 events=0x0
2026-10-03 07:04:50.387 [EVENT] sock=2164 hEvent=00000994 events=0x21
2026-10-03 07:04:57.091 [EVENT] sock=2676 hEvent=00000A50 events=0x0
2026-10-03 07:04:57.092 [EVENT] sock=2676 hEvent=00000A50 events=0x21
2026-10-03 07:05:00.452 [EVENT] sock=2164 hEvent=00000994 events=0x0
2026-10-03 07:05:00.452 [EVENT] sock=2164 hEvent=00000994 events=0x21
2026-10-03 07:05:10.519 [EVENT] sock=2164 hEvent=00000994 events=0x0
2026-10-03 07:05:10.520 [EVENT] sock=2164 hEvent=00000994 events=0x21
2026-10-03 07:05:20.587 [EVENT] sock=2164 hEvent=00000994 events=0x0
2026-10-03 07:05:20.587 [EVENT] sock=2164 hEvent=00000994 events=0x21
2026-10-03 07:05:27.092 [EVENT] sock=2676 hEvent=00000A50 events=0x0
2026-10-03 07:05:27.097 [EVENT] sock=2676 hEvent=00000A50 events=0x21
2026-10-03 07:05:30.650 [EVENT] sock=2164 hEvent=00000994 events=0x0
2026-10-03 07:05:30.654 [EVENT] sock=2164 hEvent=00000994 events=0x21
2026-10-03 07:05:40.719 [EVENT] sock=2164 hEvent=00000994 events=0x0
2026-10-03 07:05:40.719 [EVENT] sock=2164 hEvent=00000994 events=0x21
2026-10-03 07:05:50.789 [EVENT] sock=2164 hEvent=00000994 events=0x0
2026-10-03 07:05:50.791 [EVENT] sock=2164 hEvent=00000994 events=0x21
2026-10-03 07:05:57.098 [EVENT] sock=2676 hEvent=00000A50 events=0x0
2026-10-03 07:05:57.098 [EVENT] sock=2676 hEvent=00000A50 events=0x21
2026-10-03 07:06:00.851 [EVENT] sock=2164 hEvent=00000994 events=0x0
2026-10-03 07:06:00.853 [EVENT] sock=2164 hEvent=00000994 events=0x21
2026-10-03 07:06:10.923 [EVENT] sock=2164 hEvent=00000994 events=0x0
2026-10-03 07:06:10.923 [EVENT] sock=2164 hEvent=00000994 events=0x21
2026-10-03 07:06:20.995 [EVENT] sock=2164 hEvent=00000994 events=0x0
2026-10-03 07:06:20.996 [EVENT] sock=2164 hEvent=00000994 events=0x21
2026-10-03 07:06:27.099 [EVENT] sock=2676 hEvent=00000A50 events=0x0
2026-10-03 07:06:27.104 [EVENT] sock=2676 hEvent=00000A50 events=0x21
2026-10-03 07:06:31.059 [EVENT] sock=2164 hEvent=00000994 events=0x0
2026-10-03 07:06:31.060 [EVENT] sock=2164 hEvent=00000994 events=0x21
2026-10-03 07:06:41.125 [EVENT] sock=2164 hEvent=00000994 events=0x0
2026-10-03 07:06:41.126 [EVENT] sock=2164 hEvent=00000994 events=0x21
2026-10-03 07:06:51.192 [EVENT] sock=2164 hEvent=00000994 events=0x0
2026-10-03 07:06:51.196 [EVENT] sock=2164 hEvent=00000994 events=0x21
2026-10-03 07:06:57.108 [EVENT] sock=2676 hEvent=00000A50 events=0x0
2026-10-03 07:06:57.114 [EVENT] sock=2676 hEvent=00000A50 events=0x21
2026-10-03 07:07:01.257 [EVENT] sock=2164 hEvent=00000994 events=0x0
2026-10-03 07:07:01.262 [EVENT] sock=2164 hEvent=00000994 events=0x21
2026-10-03 07:07:11.327 [EVENT] sock=2164 hEvent=00000994 events=0x0
2026-10-03 07:07:11.328 [EVENT] sock=2164 hEvent=00000994 events=0x21
2026-10-03 07:07:21.390 [EVENT] sock=2164 hEvent=00000994 events=0x0
2026-10-03 07:07:21.392 [EVENT] sock=2164 hEvent=00000994 events=0x21
2026-10-03 07:07:27.115 [EVENT] sock=2676 hEvent=00000A50 events=0x0
2026-10-03 07:07:27.121 [EVENT] sock=2676 hEvent=00000A50 events=0x21
2026-10-03 07:07:31.455 [EVENT] sock=2164 hEvent=00000994 events=0x0
2026-10-03 07:07:31.460 [EVENT] sock=2164 hEvent=00000994 events=0x21
2026-10-03 07:07:41.526 [EVENT] sock=2164 hEvent=00000994 events=0x0
2026-10-03 07:07:41.526 [EVENT] sock=2164 hEvent=00000994 events=0x21
2026-10-03 07:07:51.591 [EVENT] sock=2164 hEvent=00000994 events=0x0
2026-10-03 07:07:51.591 [EVENT] sock=2164 hEvent=00000994 events=0x21
2026-10-03 07:07:57.121 [EVENT] sock=2676 hEvent=00000A50 events=0x0
2026-10-03 07:07:57.122 [EVENT] sock=2676 hEvent=00000A50 events=0x21
2026-10-03 07:08:01.655 [EVENT] sock=2164 hEvent=00000994 events=0x0
2026-10-03 07:08:01.659 [EVENT] sock=2164 hEvent=00000994 events=0x21
2026-10-03 07:08:11.725 [EVENT] sock=2164 hEvent=00000994 events=0x0
2026-10-03 07:08:11.726 [EVENT] sock=2164 hEvent=00000994 events=0x21
2026-10-03 07:08:21.789 [EVENT] sock=2164 hEvent=00000994 events=0x0
2026-10-03 07:08:21.790 [EVENT] sock=2164 hEvent=00000994 events=0x21
2026-10-03 07:08:27.130 [EVENT] sock=2676 hEvent=00000A50 events=0x0
2026-10-03 07:08:27.135 [EVENT] sock=2676 hEvent=00000A50 events=0x21
2026-10-03 07:08:31.857 [EVENT] sock=2164 hEvent=00000994 events=0x0
2026-10-03 07:08:31.858 [EVENT] sock=2164 hEvent=00000994 events=0x21
2026-10-03 07:08:41.931 [EVENT] sock=2164 hEvent=00000994 events=0x0
2026-10-03 07:08:41.932 [EVENT] sock=2164 hEvent=00000994 events=0x21
2026-10-03 07:08:51.996 [EVENT] sock=2164 hEvent=00000994 events=0x0
2026-10-03 07:08:51.997 [EVENT] sock=2164 hEvent=00000994 events=0x21
2026-10-03 07:08:57.137 [EVENT] sock=2676 hEvent=00000A50 events=0x0
2026-10-03 07:08:57.137 [EVENT] sock=2676 hEvent=00000A50 events=0x21
2026-10-03 07:09:02.058 [EVENT] sock=2164 hEvent=00000994 events=0x0
2026-10-03 07:09:02.060 [EVENT] sock=2164 hEvent=00000994 events=0x21
2026-10-03 07:09:12.126 [EVENT] sock=2164 hEvent=00000994 events=0x0
2026-10-03 07:09:12.126 [EVENT] sock=2164 hEvent=00000994 events=0x21
2026-10-03 07:09:22.192 [EVENT] sock=2164 hEvent=00000994 events=0x0
2026-10-03 07:09:22.192 [EVENT] sock=2164 hEvent=00000994 events=0x21
2026-10-03 07:09:27.138 [EVENT] sock=2676 hEvent=00000A50 events=0x0
2026-10-03 07:09:27.146 [EVENT] sock=2676 hEvent=00000A50 events=0x21
2026-10-03 07:09:32.265 [EVENT] sock=2164 hEvent=00000994 events=0x0
2026-10-03 07:09:32.266 [EVENT] sock=2164 hEvent=00000994 events=0x21
2026-10-03 07:09:42.328 [EVENT] sock=2164 hEvent=00000994 events=0x0
2026-10-03 07:09:42.328 [EVENT] sock=2164 hEvent=00000994 events=0x21
2026-10-03 07:09:52.397 [EVENT] sock=2164 hEvent=00000994 events=0x0
2026-10-03 07:09:52.399 [EVENT] sock=2164 hEvent=00000994 events=0x21
2026-10-03 07:09:57.147 [EVENT] sock=2676 hEvent=00000A50 events=0x0
2026-10-03 07:09:57.153 [EVENT] sock=2676 hEvent=00000A50 events=0x21
2026-10-03 07:10:02.461 [EVENT] sock=2164 hEvent=00000994 events=0x0
2026-10-03 07:10:02.465 [EVENT] sock=2164 hEvent=00000994 events=0x21
2026-10-03 07:10:12.530 [EVENT] sock=2164 hEvent=00000994 events=0x0
2026-10-03 07:10:12.530 [EVENT] sock=2164 hEvent=00000994 events=0x21
2026-10-03 07:10:22.597 [EVENT] sock=2164 hEvent=00000994 events=0x0
2026-10-03 07:10:22.598 [EVENT] sock=2164 hEvent=00000994 events=0x21
2026-10-03 07:10:27.154 [EVENT] sock=2676 hEvent=00000A50 events=0x0
2026-10-03 07:10:27.160 [EVENT] sock=2676 hEvent=00000A50 events=0x21
2026-10-03 07:10:32.661 [EVENT] sock=2164 hEvent=00000994 events=0x0
2026-10-03 07:10:32.662 [EVENT] sock=2164 hEvent=00000994 events=0x21
2026-10-03 07:10:42.731 [EVENT] sock=2164 hEvent=00000994 events=0x0
2026-10-03 07:10:42.734 [EVENT] sock=2164 hEvent=00000994 events=0x21
2026-10-03 07:10:52.799 [EVENT] sock=2164 hEvent=00000994 events=0x0
2026-10-03 07:10:52.800 [EVENT] sock=2164 hEvent=00000994 events=0x21
2026-10-03 07:10:57.161 [EVENT] sock=2676 hEvent=00000A50 events=0x0
2026-10-03 07:10:57.163 [EVENT] sock=2676 hEvent=00000A50 events=0x21
2026-10-03 07:11:02.863 [EVENT] sock=2164 hEvent=00000994 events=0x0
2026-10-03 07:11:02.864 [EVENT] sock=2164 hEvent=00000994 events=0x21
2026-10-03 07:11:12.933 [EVENT] sock=2164 hEvent=00000994 events=0x0
2026-10-03 07:11:12.933 [EVENT] sock=2164 hEvent=00000994 events=0x21
2026-10-03 07:11:22.998 [EVENT] sock=2164 hEvent=00000994 events=0x0
2026-10-03 07:11:22.998 [EVENT] sock=2164 hEvent=00000994 events=0x21
2026-10-03 07:11:27.168 [EVENT] sock=2676 hEvent=00000A50 events=0x0
2026-10-03 07:11:27.176 [EVENT] sock=2676 hEvent=00000A50 events=0x21
2026-10-03 07:11:33.066 [EVENT] sock=2164 hEvent=00000994 events=0x0
2026-10-03 07:11:33.067 [EVENT] sock=2164 hEvent=00000994 events=0x21
2026-10-03 07:11:43.131 [EVENT] sock=2164 hEvent=00000994 events=0x0
2026-10-03 07:11:43.135 [EVENT] sock=2164 hEvent=00000994 events=0x21
2026-10-03 07:11:53.198 [EVENT] sock=2164 hEvent=00000994 events=0x0
2026-10-03 07:11:53.202 [EVENT] sock=2164 hEvent=00000994 events=0x21
2026-10-03 07:11:57.178 [EVENT] sock=2676 hEvent=00000A50 events=0x0
2026-10-03 07:11:57.178 [EVENT] sock=2676 hEvent=00000A50 events=0x21
2026-10-03 07:12:03.264 [EVENT] sock=2164 hEvent=00000994 events=0x0
2026-10-03 07:12:03.267 [EVENT] sock=2164 hEvent=00000994 events=0x21
2026-10-03 07:12:13.332 [EVENT] sock=2164 hEvent=00000994 events=0x0
2026-10-03 07:12:13.333 [EVENT] sock=2164 hEvent=00000994 events=0x21
2026-10-03 07:12:23.404 [EVENT] sock=2164 hEvent=00000994 events=0x0
2026-10-03 07:12:23.404 [EVENT] sock=2164 hEvent=00000994 events=0x21
2026-10-03 07:12:27.179 [EVENT] sock=2676 hEvent=00000A50 events=0x0
2026-10-03 07:12:27.183 [EVENT] sock=2676 hEvent=00000A50 events=0x21
2026-10-03 07:12:33.466 [EVENT] sock=2164 hEvent=00000994 events=0x0
2026-10-03 07:12:33.466 [EVENT] sock=2164 hEvent=00000994 events=0x21
2026-10-03 07:12:43.534 [EVENT] sock=2164 hEvent=00000994 events=0x0
2026-10-03 07:12:43.536 [EVENT] sock=2164 hEvent=00000994 events=0x21
2026-10-03 07:12:53.603 [EVENT] sock=2164 hEvent=00000994 events=0x0
2026-10-03 07:12:53.605 [EVENT] sock=2164 hEvent=00000994 events=0x21
2026-10-03 07:12:57.191 [EVENT] sock=2676 hEvent=00000A50 events=0x0
2026-10-03 07:12:57.192 [EVENT] sock=2676 hEvent=00000A50 events=0x21
2026-10-03 07:13:03.667 [EVENT] sock=2164 hEvent=00000994 events=0x0
2026-10-03 07:13:03.668 [EVENT] sock=2164 hEvent=00000994 events=0x21
2026-10-03 07:13:13.734 [EVENT] sock=2164 hEvent=00000994 events=0x0
2026-10-03 07:13:13.737 [EVENT] sock=2164 hEvent=00000994 events=0x21
2026-10-03 07:13:23.801 [EVENT] sock=2164 hEvent=00000994 events=0x0
2026-10-03 07:13:23.801 [EVENT] sock=2164 hEvent=00000994 events=0x21
2026-10-03 07:13:27.192 [EVENT] sock=2676 hEvent=00000A50 events=0x0
2026-10-03 07:13:27.197 [EVENT] sock=2676 hEvent=00000A50 events=0x21
2026-10-03 07:13:33.873 [EVENT] sock=2164 hEvent=00000994 events=0x0
2026-10-03 07:13:33.875 [EVENT] sock=2164 hEvent=00000994 events=0x21
2026-10-03 07:13:43.940 [EVENT] sock=2164 hEvent=00000994 events=0x0
2026-10-03 07:13:43.940 [EVENT] sock=2164 hEvent=00000994 events=0x21
2026-10-03 07:13:54.009 [EVENT] sock=2164 hEvent=00000994 events=0x0
2026-10-03 07:13:54.009 [EVENT] sock=2164 hEvent=00000994 events=0x21
2026-10-03 07:13:57.197 [EVENT] sock=2676 hEvent=00000A50 events=0x0
2026-10-03 07:13:57.197 [EVENT] sock=2676 hEvent=00000A50 events=0x21
2026-10-03 07:14:04.073 [EVENT] sock=2164 hEvent=00000994 events=0x0
2026-10-03 07:14:04.073 [EVENT] sock=2164 hEvent=00000994 events=0x21
2026-10-03 07:14:14.137 [EVENT] sock=2164 hEvent=00000994 events=0x0
2026-10-03 07:14:14.139 [EVENT] sock=2164 hEvent=00000994 events=0x21
2026-10-03 07:14:24.208 [EVENT] sock=2164 hEvent=00000994 events=0x0
2026-10-03 07:14:24.209 [EVENT] sock=2164 hEvent=00000994 events=0x21
2026-10-03 07:14:27.198 [EVENT] sock=2676 hEvent=00000A50 events=0x0
2026-10-03 07:14:27.201 [EVENT] sock=2676 hEvent=00000A50 events=0x21
2026-10-03 07:14:34.275 [EVENT] sock=2164 hEvent=00000994 events=0x0
2026-10-03 07:14:34.275 [EVENT] sock=2164 hEvent=00000994 events=0x21
2026-10-03 07:14:44.337 [EVENT] sock=2164 hEvent=00000994 events=0x0
2026-10-03 07:14:44.337 [EVENT] sock=2164 hEvent=00000994 events=0x21
2026-10-03 07:14:54.405 [EVENT] sock=2164 hEvent=00000994 events=0x0
2026-10-03 07:14:54.409 [EVENT] sock=2164 hEvent=00000994 events=0x21
2026-10-03 07:14:57.204 [EVENT] sock=2676 hEvent=00000A50 events=0x0
2026-10-03 07:14:57.209 [EVENT] sock=2676 hEvent=00000A50 events=0x21
2026-10-03 07:15:04.470 [EVENT] sock=2164 hEvent=00000994 events=0x0
2026-10-03 07:15:04.471 [EVENT] sock=2164 hEvent=00000994 events=0x21
2026-10-03 07:15:14.541 [EVENT] sock=2164 hEvent=00000994 events=0x0
2026-10-03 07:15:14.542 [EVENT] sock=2164 hEvent=00000994 events=0x21
2026-10-03 07:15:24.604 [EVENT] sock=2164 hEvent=00000994 events=0x0
2026-10-03 07:15:24.606 [EVENT] sock=2164 hEvent=00000994 events=0x21
2026-10-03 07:15:27.211 [EVENT] sock=2676 hEvent=00000A50 events=0x0
2026-10-03 07:15:27.217 [EVENT] sock=2676 hEvent=00000A50 events=0x21
2026-10-03 07:15:34.672 [EVENT] sock=2164 hEvent=00000994 events=0x0
2026-10-03 07:15:34.673 [EVENT] sock=2164 hEvent=00000994 events=0x21
2026-10-03 07:15:44.740 [EVENT] sock=2164 hEvent=00000994 events=0x0
2026-10-03 07:15:44.745 [EVENT] sock=2164 hEvent=00000994 events=0x21
2026-10-03 07:15:54.807 [EVENT] sock=2164 hEvent=00000994 events=0x0
2026-10-03 07:15:54.807 [EVENT] sock=2164 hEvent=00000994 events=0x21
2026-10-03 07:15:57.218 [EVENT] sock=2676 hEvent=00000A50 events=0x0
2026-10-03 07:15:57.218 [EVENT] sock=2676 hEvent=00000A50 events=0x21
2026-10-03 07:16:04.874 [EVENT] sock=2164 hEvent=00000994 events=0x0
2026-10-03 07:16:04.877 [EVENT] sock=2164 hEvent=00000994 events=0x21
2026-10-03 07:16:14.944 [EVENT] sock=2164 hEvent=00000994 events=0x0
2026-10-03 07:16:14.945 [EVENT] sock=2164 hEvent=00000994 events=0x21
2026-10-03 07:16:25.008 [EVENT] sock=2164 hEvent=00000994 events=0x0
2026-10-03 07:16:25.012 [EVENT] sock=2164 hEvent=00000994 events=0x21
2026-10-03 07:16:27.218 [EVENT] sock=2676 hEvent=00000A50 events=0x0
2026-10-03 07:16:27.223 [EVENT] sock=2676 hEvent=00000A50 events=0x21
2026-10-03 07:16:35.073 [EVENT] sock=2164 hEvent=00000994 events=0x0
2026-10-03 07:16:35.077 [EVENT] sock=2164 hEvent=00000994 events=0x21
2026-10-03 07:16:45.143 [EVENT] sock=2164 hEvent=00000994 events=0x0
2026-10-03 07:16:45.149 [EVENT] sock=2164 hEvent=00000994 events=0x21
2026-10-03 07:16:55.211 [EVENT] sock=2164 hEvent=00000994 events=0x0
2026-10-03 07:16:55.214 [EVENT] sock=2164 hEvent=00000994 events=0x21
2026-10-03 07:16:57.224 [EVENT] sock=2676 hEvent=00000A50 events=0x0
2026-10-03 07:16:57.225 [EVENT] sock=2676 hEvent=00000A50 events=0x21
2026-10-03 07:17:05.276 [EVENT] sock=2164 hEvent=00000994 events=0x0
2026-10-03 07:17:05.282 [EVENT] sock=2164 hEvent=00000994 events=0x21
2026-10-03 07:17:15.361 [EVENT] sock=2164 hEvent=00000994 events=0x0
2026-10-03 07:17:15.367 [EVENT] sock=2164 hEvent=00000994 events=0x21
2026-10-03 07:17:25.427 [EVENT] sock=2164 hEvent=00000994 events=0x0
2026-10-03 07:17:25.427 [EVENT] sock=2164 hEvent=00000994 events=0x21
2026-10-03 07:17:27.226 [EVENT] sock=2676 hEvent=00000A50 events=0x0
2026-10-03 07:17:27.234 [EVENT] sock=2676 hEvent=00000A50 events=0x21
2026-10-03 07:17:35.493 [EVENT] sock=2164 hEvent=00000994 events=0x0
2026-10-03 07:17:35.498 [EVENT] sock=2164 hEvent=00000994 events=0x21
2026-10-03 07:17:45.565 [EVENT] sock=2164 hEvent=00000994 events=0x0
2026-10-03 07:17:45.565 [EVENT] sock=2164 hEvent=00000994 events=0x21
2026-10-03 07:17:55.627 [EVENT] sock=2164 hEvent=00000994 events=0x0
2026-10-03 07:17:55.629 [EVENT] sock=2164 hEvent=00000994 events=0x21
2026-10-03 07:17:57.237 [EVENT] sock=2676 hEvent=00000A50 events=0x0
2026-10-03 07:17:57.237 [EVENT] sock=2676 hEvent=00000A50 events=0x21
2026-10-03 07:18:05.693 [EVENT] sock=2164 hEvent=00000994 events=0x0
2026-10-03 07:18:05.695 [EVENT] sock=2164 hEvent=00000994 events=0x21
2026-10-03 07:18:15.763 [EVENT] sock=2164 hEvent=00000994 events=0x0
2026-10-03 07:18:15.764 [EVENT] sock=2164 hEvent=00000994 events=0x21
2026-10-03 07:18:25.827 [EVENT] sock=2164 hEvent=00000994 events=0x0
2026-10-03 07:18:25.830 [EVENT] sock=2164 hEvent=00000994 events=0x21
2026-10-03 07:18:27.238 [EVENT] sock=2676 hEvent=00000A50 events=0x0
2026-10-03 07:18:27.247 [EVENT] sock=2676 hEvent=00000A50 events=0x21
2026-10-03 07:18:35.893 [EVENT] sock=2164 hEvent=00000994 events=0x0
2026-10-03 07:18:35.893 [EVENT] sock=2164 hEvent=00000994 events=0x21
2026-10-03 07:18:45.964 [EVENT] sock=2164 hEvent=00000994 events=0x0
2026-10-03 07:18:45.964 [EVENT] sock=2164 hEvent=00000994 events=0x21
2026-10-03 07:18:56.027 [EVENT] sock=2164 hEvent=00000994 events=0x0
2026-10-03 07:18:56.029 [EVENT] sock=2164 hEvent=00000994 events=0x21
2026-10-03 07:18:57.249 [EVENT] sock=2676 hEvent=00000A50 events=0x0
2026-10-03 07:18:57.249 [EVENT] sock=2676 hEvent=00000A50 events=0x21
2026-10-03 07:19:06.093 [EVENT] sock=2164 hEvent=00000994 events=0x0
2026-10-03 07:19:06.096 [EVENT] sock=2164 hEvent=00000994 events=0x21
2026-10-03 07:19:16.160 [EVENT] sock=2164 hEvent=00000994 events=0x0
2026-10-03 07:19:16.163 [EVENT] sock=2164 hEvent=00000994 events=0x21
2026-10-03 07:19:26.227 [EVENT] sock=2164 hEvent=00000994 events=0x0
2026-10-03 07:19:26.231 [EVENT] sock=2164 hEvent=00000994 events=0x21
2026-10-03 07:19:27.251 [EVENT] sock=2676 hEvent=00000A50 events=0x0
2026-10-03 07:19:27.254 [EVENT] sock=2676 hEvent=00000A50 events=0x21
2026-10-03 07:19:36.293 [EVENT] sock=2164 hEvent=00000994 events=0x0
2026-10-03 07:19:36.296 [EVENT] sock=2164 hEvent=00000994 events=0x21
2026-10-03 07:19:46.366 [EVENT] sock=2164 hEvent=00000994 events=0x0
2026-10-03 07:19:46.367 [EVENT] sock=2164 hEvent=00000994 events=0x21
2026-10-03 07:19:56.431 [EVENT] sock=2164 hEvent=00000994 events=0x0
2026-10-03 07:19:56.435 [EVENT] sock=2164 hEvent=00000994 events=0x21
2026-10-03 07:19:57.255 [EVENT] sock=2676 hEvent=00000A50 events=0x0
2026-10-03 07:19:57.255 [EVENT] sock=2676 hEvent=00000A50 events=0x21
2026-10-03 07:20:06.500 [EVENT] sock=2164 hEvent=00000994 events=0x0
2026-10-03 07:20:06.500 [EVENT] sock=2164 hEvent=00000994 events=0x21
2026-10-03 07:20:16.563 [EVENT] sock=2164 hEvent=00000994 events=0x0
2026-10-03 07:20:16.564 [EVENT] sock=2164 hEvent=00000994 events=0x21
2026-10-03 07:20:26.631 [EVENT] sock=2164 hEvent=00000994 events=0x0
2026-10-03 07:20:26.632 [EVENT] sock=2164 hEvent=00000994 events=0x21
2026-10-03 07:20:27.256 [EVENT] sock=2676 hEvent=00000A50 events=0x0
2026-10-03 07:20:27.261 [EVENT] sock=2676 hEvent=00000A50 events=0x21
2026-10-03 07:20:36.702 [EVENT] sock=2164 hEvent=00000994 events=0x0
2026-10-03 07:20:36.702 [EVENT] sock=2164 hEvent=00000994 events=0x21
2026-10-03 07:20:46.766 [EVENT] sock=2164 hEvent=00000994 events=0x0
2026-10-03 07:20:46.766 [EVENT] sock=2164 hEvent=00000994 events=0x21
2026-10-03 07:20:56.830 [EVENT] sock=2164 hEvent=00000994 events=0x0
2026-10-03 07:20:56.833 [EVENT] sock=2164 hEvent=00000994 events=0x21
2026-10-03 07:20:57.262 [EVENT] sock=2676 hEvent=00000A50 events=0x0
2026-10-03 07:20:57.263 [EVENT] sock=2676 hEvent=00000A50 events=0x21
2026-10-03 07:21:06.897 [EVENT] sock=2164 hEvent=00000994 events=0x0
2026-10-03 07:21:06.899 [EVENT] sock=2164 hEvent=00000994 events=0x21
2026-10-03 07:21:16.967 [EVENT] sock=2164 hEvent=00000994 events=0x0
2026-10-03 07:21:16.967 [EVENT] sock=2164 hEvent=00000994 events=0x21
2026-10-03 07:21:27.035 [EVENT] sock=2164 hEvent=00000994 events=0x0
2026-10-03 07:21:27.036 [EVENT] sock=2164 hEvent=00000994 events=0x21
2026-10-03 07:21:27.265 [EVENT] sock=2676 hEvent=00000A50 events=0x0
2026-10-03 07:21:27.274 [EVENT] sock=2676 hEvent=00000A50 events=0x21
2026-10-03 07:21:37.101 [EVENT] sock=2164 hEvent=00000994 events=0x0
2026-10-03 07:21:37.102 [EVENT] sock=2164 hEvent=00000994 events=0x21
2026-10-03 07:21:47.167 [EVENT] sock=2164 hEvent=00000994 events=0x0
2026-10-03 07:21:47.172 [EVENT] sock=2164 hEvent=00000994 events=0x21
2026-10-03 07:21:57.232 [EVENT] sock=2164 hEvent=00000994 events=0x0
2026-10-03 07:21:57.233 [EVENT] sock=2164 hEvent=00000994 events=0x21
2026-10-03 07:21:57.275 [EVENT] sock=2676 hEvent=00000A50 events=0x0
2026-10-03 07:21:57.275 [EVENT] sock=2676 hEvent=00000A50 events=0x21
2026-10-03 07:22:07.301 [EVENT] sock=2164 hEvent=00000994 events=0x0
2026-10-03 07:22:07.302 [EVENT] sock=2164 hEvent=00000994 events=0x21
2026-10-03 07:22:17.370 [EVENT] sock=2164 hEvent=00000994 events=0x0
2026-10-03 07:22:17.371 [EVENT] sock=2164 hEvent=00000994 events=0x21
2026-10-03 07:22:27.276 [EVENT] sock=2676 hEvent=00000A50 events=0x0
2026-10-03 07:22:27.280 [EVENT] sock=2676 hEvent=00000A50 events=0x21
2026-10-03 07:22:27.432 [EVENT] sock=2164 hEvent=00000994 events=0x0
2026-10-03 07:22:27.435 [EVENT] sock=2164 hEvent=00000994 events=0x21
2026-10-03 07:22:37.498 [EVENT] sock=2164 hEvent=00000994 events=0x0
2026-10-03 07:22:37.501 [EVENT] sock=2164 hEvent=00000994 events=0x21
2026-10-03 07:22:47.567 [EVENT] sock=2164 hEvent=00000994 events=0x0
2026-10-03 07:22:47.569 [EVENT] sock=2164 hEvent=00000994 events=0x21
2026-10-03 07:22:57.281 [EVENT] sock=2676 hEvent=00000A50 events=0x0
2026-10-03 07:22:57.282 [EVENT] sock=2676 hEvent=00000A50 events=0x21
2026-10-03 07:22:57.632 [EVENT] sock=2164 hEvent=00000994 events=0x0
2026-10-03 07:22:57.633 [EVENT] sock=2164 hEvent=00000994 events=0x21
2026-10-03 07:23:07.699 [EVENT] sock=2164 hEvent=00000994 events=0x0
2026-10-03 07:23:07.700 [EVENT] sock=2164 hEvent=00000994 events=0x21
2026-10-03 07:23:17.768 [EVENT] sock=2164 hEvent=00000994 events=0x0
2026-10-03 07:23:17.769 [EVENT] sock=2164 hEvent=00000994 events=0x21
2026-10-03 07:23:27.283 [EVENT] sock=2676 hEvent=00000A50 events=0x0
2026-10-03 07:23:27.290 [EVENT] sock=2676 hEvent=00000A50 events=0x21
2026-10-03 07:23:27.833 [EVENT] sock=2164 hEvent=00000994 events=0x0
2026-10-03 07:23:27.837 [EVENT] sock=2164 hEvent=00000994 events=0x21
2026-10-03 07:23:37.903 [EVENT] sock=2164 hEvent=00000994 events=0x0
2026-10-03 07:23:37.903 [EVENT] sock=2164 hEvent=00000994 events=0x21
2026-10-03 07:23:47.973 [EVENT] sock=2164 hEvent=00000994 events=0x0
2026-10-03 07:23:47.974 [EVENT] sock=2164 hEvent=00000994 events=0x21
2026-10-03 07:23:57.293 [EVENT] sock=2676 hEvent=00000A50 events=0x0
2026-10-03 07:23:57.294 [EVENT] sock=2676 hEvent=00000A50 events=0x21
2026-10-03 07:23:58.036 [EVENT] sock=2164 hEvent=00000994 events=0x0
2026-10-03 07:23:58.038 [EVENT] sock=2164 hEvent=00000994 events=0x21
2026-10-03 07:24:08.105 [EVENT] sock=2164 hEvent=00000994 events=0x0
2026-10-03 07:24:08.108 [EVENT] sock=2164 hEvent=00000994 events=0x21
2026-10-03 07:24:18.175 [EVENT] sock=2164 hEvent=00000994 events=0x0
2026-10-03 07:24:18.175 [EVENT] sock=2164 hEvent=00000994 events=0x21
2026-10-03 07:24:27.295 [EVENT] sock=2676 hEvent=00000A50 events=0x0
2026-10-03 07:24:27.298 [EVENT] sock=2676 hEvent=00000A50 events=0x21
2026-10-03 07:24:28.236 [EVENT] sock=2164 hEvent=00000994 events=0x0
2026-10-03 07:24:28.241 [EVENT] sock=2164 hEvent=00000994 events=0x21
2026-10-03 07:24:38.304 [EVENT] sock=2164 hEvent=00000994 events=0x0
2026-10-03 07:24:38.305 [EVENT] sock=2164 hEvent=00000994 events=0x21
2026-10-03 07:24:48.372 [EVENT] sock=2164 hEvent=00000994 events=0x0
2026-10-03 07:24:48.374 [EVENT] sock=2164 hEvent=00000994 events=0x21
2026-10-03 07:24:57.300 [EVENT] sock=2676 hEvent=00000A50 events=0x0
2026-10-03 07:24:57.301 [EVENT] sock=2676 hEvent=00000A50 events=0x21
2026-10-03 07:24:58.436 [EVENT] sock=2164 hEvent=00000994 events=0x0
2026-10-03 07:24:58.436 [EVENT] sock=2164 hEvent=00000994 events=0x21
2026-10-03 07:25:08.509 [EVENT] sock=2164 hEvent=00000994 events=0x0
2026-10-03 07:25:08.510 [EVENT] sock=2164 hEvent=00000994 events=0x21
2026-10-03 07:25:18.573 [EVENT] sock=2164 hEvent=00000994 events=0x0
2026-10-03 07:25:18.575 [EVENT] sock=2164 hEvent=00000994 events=0x21
2026-10-03 07:25:27.301 [EVENT] sock=2676 hEvent=00000A50 events=0x0
2026-10-03 07:25:27.313 [EVENT] sock=2676 hEvent=00000A50 events=0x21
2026-10-03 07:25:28.638 [EVENT] sock=2164 hEvent=00000994 events=0x0
2026-10-03 07:25:28.639 [EVENT] sock=2164 hEvent=00000994 events=0x21
2026-10-03 07:25:38.708 [EVENT] sock=2164 hEvent=00000994 events=0x0
2026-10-03 07:25:38.708 [EVENT] sock=2164 hEvent=00000994 events=0x21
2026-10-03 07:25:48.775 [EVENT] sock=2164 hEvent=00000994 events=0x0
2026-10-03 07:25:48.776 [EVENT] sock=2164 hEvent=00000994 events=0x21
2026-10-03 07:25:57.314 [EVENT] sock=2676 hEvent=00000A50 events=0x0
2026-10-03 07:25:57.314 [EVENT] sock=2676 hEvent=00000A50 events=0x21
2026-10-03 07:25:58.838 [EVENT] sock=2164 hEvent=00000994 events=0x0
2026-10-03 07:25:58.840 [EVENT] sock=2164 hEvent=00000994 events=0x21
2026-10-03 07:26:08.906 [EVENT] sock=2164 hEvent=00000994 events=0x0
2026-10-03 07:26:08.909 [EVENT] sock=2164 hEvent=00000994 events=0x21
2026-10-03 07:26:18.972 [EVENT] sock=2164 hEvent=00000994 events=0x0
2026-10-03 07:26:18.977 [EVENT] sock=2164 hEvent=00000994 events=0x21
2026-10-03 07:26:27.315 [EVENT] sock=2676 hEvent=00000A50 events=0x0
2026-10-03 07:26:27.319 [EVENT] sock=2676 hEvent=00000A50 events=0x21
2026-10-03 07:26:29.039 [EVENT] sock=2164 hEvent=00000994 events=0x0
2026-10-03 07:26:29.039 [EVENT] sock=2164 hEvent=00000994 events=0x21
2026-10-03 07:26:39.109 [EVENT] sock=2164 hEvent=00000994 events=0x0
2026-10-03 07:26:39.109 [EVENT] sock=2164 hEvent=00000994 events=0x21
2026-10-03 07:26:49.174 [EVENT] sock=2164 hEvent=00000994 events=0x0
2026-10-03 07:26:49.179 [EVENT] sock=2164 hEvent=00000994 events=0x21
2026-10-03 07:26:57.320 [EVENT] sock=2676 hEvent=00000A50 events=0x0
2026-10-03 07:26:57.320 [EVENT] sock=2676 hEvent=00000A50 events=0x21
2026-10-03 07:26:59.295 [EVENT] sock=2164 hEvent=00000994 events=0x0
2026-10-03 07:26:59.295 [EVENT] sock=2164 hEvent=00000994 events=0x21
2026-10-03 07:27:09.359 [EVENT] sock=2164 hEvent=00000994 events=0x0
2026-10-03 07:27:09.361 [EVENT] sock=2164 hEvent=00000994 events=0x21
2026-10-03 07:27:19.444 [EVENT] sock=2164 hEvent=00000994 events=0x0
2026-10-03 07:27:19.444 [EVENT] sock=2164 hEvent=00000994 events=0x21
2026-10-03 07:27:27.321 [EVENT] sock=2676 hEvent=00000A50 events=0x0
2026-10-03 07:27:27.332 [EVENT] sock=2676 hEvent=00000A50 events=0x21
2026-10-03 07:27:29.659 [EVENT] sock=2164 hEvent=00000994 events=0x0
2026-10-03 07:27:29.660 [EVENT] sock=2164 hEvent=00000994 events=0x21
2026-10-03 07:27:39.729 [EVENT] sock=2164 hEvent=00000994 events=0x0
2026-10-03 07:27:39.729 [EVENT] sock=2164 hEvent=00000994 events=0x21
2026-10-03 07:27:49.792 [EVENT] sock=2164 hEvent=00000994 events=0x0
2026-10-03 07:27:49.794 [EVENT] sock=2164 hEvent=00000994 events=0x21
2026-10-03 07:27:57.333 [EVENT] sock=2676 hEvent=00000A50 events=0x0
2026-10-03 07:27:57.334 [EVENT] sock=2676 hEvent=00000A50 events=0x21
2026-10-03 07:27:59.959 [EVENT] sock=2164 hEvent=00000994 events=0x0
2026-10-03 07:27:59.963 [EVENT] sock=2164 hEvent=00000994 events=0x21
2026-10-03 07:28:10.025 [EVENT] sock=2164 hEvent=00000994 events=0x0
2026-10-03 07:28:10.025 [EVENT] sock=2164 hEvent=00000994 events=0x21
2026-10-03 07:28:20.091 [EVENT] sock=2164 hEvent=00000994 events=0x0
2026-10-03 07:28:20.097 [EVENT] sock=2164 hEvent=00000994 events=0x21
2026-10-03 07:28:27.336 [EVENT] sock=2676 hEvent=00000A50 events=0x0
2026-10-03 07:28:27.340 [EVENT] sock=2676 hEvent=00000A50 events=0x21
2026-10-03 07:28:30.326 [EVENT] sock=2164 hEvent=00000994 events=0x0
2026-10-03 07:28:30.328 [EVENT] sock=2164 hEvent=00000994 events=0x21
2026-10-03 07:28:40.391 [EVENT] sock=2164 hEvent=00000994 events=0x0
2026-10-03 07:28:40.391 [EVENT] sock=2164 hEvent=00000994 events=0x21
2026-10-03 07:28:50.459 [EVENT] sock=2164 hEvent=00000994 events=0x0
2026-10-03 07:28:50.459 [EVENT] sock=2164 hEvent=00000994 events=0x21
2026-10-03 07:28:57.343 [EVENT] sock=2676 hEvent=00000A50 events=0x0
2026-10-03 07:28:57.344 [EVENT] sock=2676 hEvent=00000A50 events=0x21
2026-10-03 07:29:00.635 [EVENT] sock=2164 hEvent=00000994 events=0x0
2026-10-03 07:29:00.635 [EVENT] sock=2164 hEvent=00000994 events=0x21
2026-10-03 07:29:10.696 [EVENT] sock=2164 hEvent=00000994 events=0x0
2026-10-03 07:29:10.696 [EVENT] sock=2164 hEvent=00000994 events=0x21
2026-10-03 07:29:20.764 [EVENT] sock=2164 hEvent=00000994 events=0x0
2026-10-03 07:29:20.765 [EVENT] sock=2164 hEvent=00000994 events=0x21
2026-10-03 07:29:27.345 [EVENT] sock=2676 hEvent=00000A50 events=0x0
2026-10-03 07:29:27.356 [EVENT] sock=2676 hEvent=00000A50 events=0x21
2026-10-03 07:29:30.834 [EVENT] sock=2164 hEvent=00000994 events=0x0
2026-10-03 07:29:30.835 [EVENT] sock=2164 hEvent=00000994 events=0x21
2026-10-03 07:29:40.900 [EVENT] sock=2164 hEvent=00000994 events=0x0
2026-10-03 07:29:40.901 [EVENT] sock=2164 hEvent=00000994 events=0x21
2026-10-03 07:29:50.966 [EVENT] sock=2164 hEvent=00000994 events=0x0
2026-10-03 07:29:50.967 [EVENT] sock=2164 hEvent=00000994 events=0x21
2026-10-03 07:29:57.358 [EVENT] sock=2676 hEvent=00000A50 events=0x0
2026-10-03 07:29:57.358 [EVENT] sock=2676 hEvent=00000A50 events=0x21
2026-10-03 07:30:01.136 [EVENT] sock=2164 hEvent=00000994 events=0x0
2026-10-03 07:30:01.136 [EVENT] sock=2164 hEvent=00000994 events=0x21
2026-10-03 07:30:11.197 [EVENT] sock=2164 hEvent=00000994 events=0x0
2026-10-03 07:30:11.197 [EVENT] sock=2164 hEvent=00000994 events=0x21
2026-10-03 07:30:21.265 [EVENT] sock=2164 hEvent=00000994 events=0x0
2026-10-03 07:30:21.267 [EVENT] sock=2164 hEvent=00000994 events=0x21
2026-10-03 07:30:27.359 [EVENT] sock=2676 hEvent=00000A50 events=0x0
2026-10-03 07:30:27.363 [EVENT] sock=2676 hEvent=00000A50 events=0x21
2026-10-03 07:30:31.448 [EVENT] sock=2164 hEvent=00000994 events=0x0
2026-10-03 07:30:31.448 [EVENT] sock=2164 hEvent=00000994 events=0x21
2026-10-03 07:30:41.515 [EVENT] sock=2164 hEvent=00000994 events=0x0
2026-10-03 07:30:41.515 [EVENT] sock=2164 hEvent=00000994 events=0x21
2026-10-03 07:30:51.583 [EVENT] sock=2164 hEvent=00000994 events=0x0
2026-10-03 07:30:51.584 [EVENT] sock=2164 hEvent=00000994 events=0x21
2026-10-03 07:30:57.365 [EVENT] sock=2676 hEvent=00000A50 events=0x0
2026-10-03 07:30:57.368 [EVENT] sock=2676 hEvent=00000A50 events=0x21
2026-10-03 07:31:01.750 [EVENT] sock=2164 hEvent=00000994 events=0x0
2026-10-03 07:31:01.752 [EVENT] sock=2164 hEvent=00000994 events=0x21
2026-10-03 07:31:11.818 [EVENT] sock=2164 hEvent=00000994 events=0x0
2026-10-03 07:31:11.818 [EVENT] sock=2164 hEvent=00000994 events=0x21
2026-10-03 07:31:21.885 [EVENT] sock=2164 hEvent=00000994 events=0x0
2026-10-03 07:31:21.890 [EVENT] sock=2164 hEvent=00000994 events=0x21
2026-10-03 07:31:27.374 [EVENT] sock=2676 hEvent=00000A50 events=0x0
2026-10-03 07:31:27.376 [EVENT] sock=2676 hEvent=00000A50 events=0x21
2026-10-03 07:31:31.955 [EVENT] sock=2164 hEvent=00000994 events=0x0
2026-10-03 07:31:31.956 [EVENT] sock=2164 hEvent=00000994 events=0x21
2026-10-03 07:31:42.024 [EVENT] sock=2164 hEvent=00000994 events=0x0
2026-10-03 07:31:42.027 [EVENT] sock=2164 hEvent=00000994 events=0x21
2026-10-03 07:31:52.087 [EVENT] sock=2164 hEvent=00000994 events=0x0
2026-10-03 07:31:52.089 [EVENT] sock=2164 hEvent=00000994 events=0x21
2026-10-03 07:31:57.376 [EVENT] sock=2676 hEvent=00000A50 events=0x0
2026-10-03 07:31:57.376 [EVENT] sock=2676 hEvent=00000A50 events=0x21
2026-10-03 07:32:02.176 [EVENT] sock=2164 hEvent=00000994 events=0x0
2026-10-03 07:32:02.176 [EVENT] sock=2164 hEvent=00000994 events=0x21
2026-10-03 07:32:12.241 [EVENT] sock=2164 hEvent=00000994 events=0x0
2026-10-03 07:32:12.243 [EVENT] sock=2164 hEvent=00000994 events=0x21
2026-10-03 07:32:22.305 [EVENT] sock=2164 hEvent=00000994 events=0x0
2026-10-03 07:32:22.306 [EVENT] sock=2164 hEvent=00000994 events=0x21
2026-10-03 07:32:27.378 [EVENT] sock=2676 hEvent=00000A50 events=0x0
2026-10-03 07:32:27.381 [EVENT] sock=2676 hEvent=00000A50 events=0x21
2026-10-03 07:32:32.459 [EVENT] sock=2164 hEvent=00000994 events=0x0
2026-10-03 07:32:32.460 [EVENT] sock=2164 hEvent=00000994 events=0x21
2026-10-03 07:32:42.530 [EVENT] sock=2164 hEvent=00000994 events=0x0
2026-10-03 07:32:42.530 [EVENT] sock=2164 hEvent=00000994 events=0x21
2026-10-03 07:32:52.595 [EVENT] sock=2164 hEvent=00000994 events=0x0
2026-10-03 07:32:52.596 [EVENT] sock=2164 hEvent=00000994 events=0x21
2026-10-03 07:32:57.382 [EVENT] sock=2676 hEvent=00000A50 events=0x0
2026-10-03 07:32:57.383 [EVENT] sock=2676 hEvent=00000A50 events=0x21
2026-10-03 07:33:02.674 [EVENT] sock=2164 hEvent=00000994 events=0x0
2026-10-03 07:33:02.675 [EVENT] sock=2164 hEvent=00000994 events=0x21
2026-10-03 07:33:12.742 [EVENT] sock=2164 hEvent=00000994 events=0x0
2026-10-03 07:33:12.743 [EVENT] sock=2164 hEvent=00000994 events=0x21
2026-10-03 07:33:22.808 [EVENT] sock=2164 hEvent=00000994 events=0x0
2026-10-03 07:33:22.809 [EVENT] sock=2164 hEvent=00000994 events=0x21
2026-10-03 07:33:27.383 [EVENT] sock=2676 hEvent=00000A50 events=0x0
2026-10-03 07:33:27.387 [EVENT] sock=2676 hEvent=00000A50 events=0x21
2026-10-03 07:33:32.991 [EVENT] sock=2164 hEvent=00000994 events=0x0
2026-10-03 07:33:32.995 [EVENT] sock=2164 hEvent=00000994 events=0x21
2026-10-03 07:33:43.058 [EVENT] sock=2164 hEvent=00000994 events=0x0
2026-10-03 07:33:43.058 [EVENT] sock=2164 hEvent=00000994 events=0x21
2026-10-03 07:33:53.123 [EVENT] sock=2164 hEvent=00000994 events=0x0
2026-10-03 07:33:53.124 [EVENT] sock=2164 hEvent=00000994 events=0x21
2026-10-03 07:33:57.388 [EVENT] sock=2676 hEvent=00000A50 events=0x0
2026-10-03 07:33:57.389 [EVENT] sock=2676 hEvent=00000A50 events=0x21
2026-10-03 07:34:03.191 [EVENT] sock=2164 hEvent=00000994 events=0x0
2026-10-03 07:34:03.191 [EVENT] sock=2164 hEvent=00000994 events=0x21
2026-10-03 07:34:13.257 [EVENT] sock=2164 hEvent=00000994 events=0x0
2026-10-03 07:34:13.257 [EVENT] sock=2164 hEvent=00000994 events=0x21
2026-10-03 07:34:23.323 [EVENT] sock=2164 hEvent=00000994 events=0x0
2026-10-03 07:34:23.325 [EVENT] sock=2164 hEvent=00000994 events=0x21
2026-10-03 07:34:27.390 [EVENT] sock=2676 hEvent=00000A50 events=0x0
2026-10-03 07:34:27.401 [EVENT] sock=2676 hEvent=00000A50 events=0x21
2026-10-03 07:34:33.557 [EVENT] sock=2164 hEvent=00000994 events=0x0
2026-10-03 07:34:33.558 [EVENT] sock=2164 hEvent=00000994 events=0x21
2026-10-03 07:34:43.624 [EVENT] sock=2164 hEvent=00000994 events=0x0
2026-10-03 07:34:43.626 [EVENT] sock=2164 hEvent=00000994 events=0x21
2026-10-03 07:34:53.692 [EVENT] sock=2164 hEvent=00000994 events=0x0
2026-10-03 07:34:53.697 [EVENT] sock=2164 hEvent=00000994 events=0x21
2026-10-03 07:34:57.401 [EVENT] sock=2676 hEvent=00000A50 events=0x0
2026-10-03 07:34:57.401 [EVENT] sock=2676 hEvent=00000A50 events=0x21
2026-10-03 07:35:03.807 [EVENT] sock=2164 hEvent=00000994 events=0x0
2026-10-03 07:35:03.808 [EVENT] sock=2164 hEvent=00000994 events=0x21
2026-10-03 07:35:13.875 [EVENT] sock=2164 hEvent=00000994 events=0x0
2026-10-03 07:35:13.876 [EVENT] sock=2164 hEvent=00000994 events=0x21
2026-10-03 07:35:23.941 [EVENT] sock=2164 hEvent=00000994 events=0x0
2026-10-03 07:35:23.942 [EVENT] sock=2164 hEvent=00000994 events=0x21
2026-10-03 07:35:27.401 [EVENT] sock=2676 hEvent=00000A50 events=0x0
2026-10-03 07:35:27.406 [EVENT] sock=2676 hEvent=00000A50 events=0x21
2026-10-03 07:35:34.011 [EVENT] sock=2164 hEvent=00000994 events=0x0
2026-10-03 07:35:34.011 [EVENT] sock=2164 hEvent=00000994 events=0x21
2026-10-03 07:35:44.081 [EVENT] sock=2164 hEvent=00000994 events=0x0
2026-10-03 07:35:44.084 [EVENT] sock=2164 hEvent=00000994 events=0x21
2026-10-03 07:35:54.144 [EVENT] sock=2164 hEvent=00000994 events=0x0
2026-10-03 07:35:54.148 [EVENT] sock=2164 hEvent=00000994 events=0x21
2026-10-03 07:35:57.407 [EVENT] sock=2676 hEvent=00000A50 events=0x0
2026-10-03 07:35:57.407 [EVENT] sock=2676 hEvent=00000A50 events=0x21
2026-10-03 07:36:04.261 [EVENT] sock=2164 hEvent=00000994 events=0x0
2026-10-03 07:36:04.264 [EVENT] sock=2164 hEvent=00000994 events=0x21
2026-10-03 07:36:14.332 [EVENT] sock=2164 hEvent=00000994 events=0x0
2026-10-03 07:36:14.333 [EVENT] sock=2164 hEvent=00000994 events=0x21
2026-10-03 07:36:24.394 [EVENT] sock=2164 hEvent=00000994 events=0x0
2026-10-03 07:36:24.398 [EVENT] sock=2164 hEvent=00000994 events=0x21
2026-10-03 07:36:27.408 [EVENT] sock=2676 hEvent=00000A50 events=0x0
2026-10-03 07:36:27.418 [EVENT] sock=2676 hEvent=00000A50 events=0x21
2026-10-03 07:36:34.461 [EVENT] sock=2164 hEvent=00000994 events=0x0
2026-10-03 07:36:34.461 [EVENT] sock=2164 hEvent=00000994 events=0x21
2026-10-03 07:36:44.528 [EVENT] sock=2164 hEvent=00000994 events=0x0
2026-10-03 07:36:44.529 [EVENT] sock=2164 hEvent=00000994 events=0x21
2026-10-03 07:36:54.594 [EVENT] sock=2164 hEvent=00000994 events=0x0
2026-10-03 07:36:54.595 [EVENT] sock=2164 hEvent=00000994 events=0x21
2026-10-03 07:36:57.421 [EVENT] sock=2676 hEvent=00000A50 events=0x0
2026-10-03 07:36:57.421 [EVENT] sock=2676 hEvent=00000A50 events=0x21
2026-10-03 07:37:04.677 [EVENT] sock=2164 hEvent=00000994 events=0x0
2026-10-03 07:37:04.677 [EVENT] sock=2164 hEvent=00000994 events=0x21
2026-10-03 07:37:14.744 [EVENT] sock=2164 hEvent=00000994 events=0x0
2026-10-03 07:37:14.745 [EVENT] sock=2164 hEvent=00000994 events=0x21
2026-10-03 07:37:24.814 [EVENT] sock=2164 hEvent=00000994 events=0x0
2026-10-03 07:37:24.817 [EVENT] sock=2164 hEvent=00000994 events=0x21
2026-10-03 07:37:27.422 [EVENT] sock=2676 hEvent=00000A50 events=0x0
2026-10-03 07:37:27.426 [EVENT] sock=2676 hEvent=00000A50 events=0x21
2026-10-03 07:37:34.884 [EVENT] sock=2164 hEvent=00000994 events=0x0
2026-10-03 07:37:34.885 [EVENT] sock=2164 hEvent=00000994 events=0x21
2026-10-03 07:37:44.951 [EVENT] sock=2164 hEvent=00000994 events=0x0
2026-10-03 07:37:44.952 [EVENT] sock=2164 hEvent=00000994 events=0x21
2026-10-03 07:37:55.017 [EVENT] sock=2164 hEvent=00000994 events=0x0
2026-10-03 07:37:55.022 [EVENT] sock=2164 hEvent=00000994 events=0x21
2026-10-03 07:37:57.427 [EVENT] sock=2676 hEvent=00000A50 events=0x0
2026-10-03 07:37:57.427 [EVENT] sock=2676 hEvent=00000A50 events=0x21
2026-10-03 07:38:05.083 [EVENT] sock=2164 hEvent=00000994 events=0x0
2026-10-03 07:38:05.087 [EVENT] sock=2164 hEvent=00000994 events=0x21
2026-10-03 07:38:15.153 [EVENT] sock=2164 hEvent=00000994 events=0x0
2026-10-03 07:38:15.155 [EVENT] sock=2164 hEvent=00000994 events=0x21
2026-10-03 07:38:25.216 [EVENT] sock=2164 hEvent=00000994 events=0x0
2026-10-03 07:38:25.217 [EVENT] sock=2164 hEvent=00000994 events=0x21
2026-10-03 07:38:27.429 [EVENT] sock=2676 hEvent=00000A50 events=0x0
2026-10-03 07:38:27.434 [EVENT] sock=2676 hEvent=00000A50 events=0x21
2026-10-03 07:38:35.283 [EVENT] sock=2164 hEvent=00000994 events=0x0
2026-10-03 07:38:35.285 [EVENT] sock=2164 hEvent=00000994 events=0x21
2026-10-03 07:38:45.351 [EVENT] sock=2164 hEvent=00000994 events=0x0
2026-10-03 07:38:45.355 [EVENT] sock=2164 hEvent=00000994 events=0x21
2026-10-03 07:38:55.417 [EVENT] sock=2164 hEvent=00000994 events=0x0
2026-10-03 07:38:55.417 [EVENT] sock=2164 hEvent=00000994 events=0x21
2026-10-03 07:38:57.438 [EVENT] sock=2676 hEvent=00000A50 events=0x0
2026-10-03 07:38:57.438 [EVENT] sock=2676 hEvent=00000A50 events=0x21
2026-10-03 07:39:05.485 [EVENT] sock=2164 hEvent=00000994 events=0x0
2026-10-03 07:39:05.486 [EVENT] sock=2164 hEvent=00000994 events=0x21
2026-10-03 07:39:15.554 [EVENT] sock=2164 hEvent=00000994 events=0x0
2026-10-03 07:39:15.554 [EVENT] sock=2164 hEvent=00000994 events=0x21
2026-10-03 07:39:25.620 [EVENT] sock=2164 hEvent=00000994 events=0x0
2026-10-03 07:39:25.620 [EVENT] sock=2164 hEvent=00000994 events=0x21
2026-10-03 07:39:27.442 [EVENT] sock=2676 hEvent=00000A50 events=0x0
2026-10-03 07:39:27.447 [EVENT] sock=2676 hEvent=00000A50 events=0x21
2026-10-03 07:39:35.741 [EVENT] sock=2164 hEvent=00000994 events=0x0
2026-10-03 07:39:35.741 [EVENT] sock=2164 hEvent=00000994 events=0x21
2026-10-03 07:39:45.805 [EVENT] sock=2164 hEvent=00000994 events=0x0
2026-10-03 07:39:45.806 [EVENT] sock=2164 hEvent=00000994 events=0x21
2026-10-03 07:39:55.869 [EVENT] sock=2164 hEvent=00000994 events=0x0
2026-10-03 07:39:55.870 [EVENT] sock=2164 hEvent=00000994 events=0x21
2026-10-03 07:39:57.450 [EVENT] sock=2676 hEvent=00000A50 events=0x0
2026-10-03 07:39:57.450 [EVENT] sock=2676 hEvent=00000A50 events=0x21
2026-10-03 07:40:05.936 [EVENT] sock=2164 hEvent=00000994 events=0x0
2026-10-03 07:40:05.940 [EVENT] sock=2164 hEvent=00000994 events=0x21
2026-10-03 07:40:16.003 [EVENT] sock=2164 hEvent=00000994 events=0x0
2026-10-03 07:40:16.004 [EVENT] sock=2164 hEvent=00000994 events=0x21
2026-10-03 07:40:26.070 [EVENT] sock=2164 hEvent=00000994 events=0x0
2026-10-03 07:40:26.070 [EVENT] sock=2164 hEvent=00000994 events=0x21
2026-10-03 07:40:27.452 [EVENT] sock=2676 hEvent=00000A50 events=0x0
2026-10-03 07:40:27.462 [EVENT] sock=2676 hEvent=00000A50 events=0x21
2026-10-03 07:40:36.186 [EVENT] sock=2164 hEvent=00000994 events=0x0
2026-10-03 07:40:36.191 [EVENT] sock=2164 hEvent=00000994 events=0x21
2026-10-03 07:40:46.253 [EVENT] sock=2164 hEvent=00000994 events=0x0
2026-10-03 07:40:46.253 [EVENT] sock=2164 hEvent=00000994 events=0x21
2026-10-03 07:40:56.322 [EVENT] sock=2164 hEvent=00000994 events=0x0
2026-10-03 07:40:56.324 [EVENT] sock=2164 hEvent=00000994 events=0x21
2026-10-03 07:40:57.464 [EVENT] sock=2676 hEvent=00000A50 events=0x0
2026-10-03 07:40:57.464 [EVENT] sock=2676 hEvent=00000A50 events=0x21
2026-10-03 07:41:06.412 [EVENT] sock=2164 hEvent=00000994 events=0x0
2026-10-03 07:41:06.412 [EVENT] sock=2164 hEvent=00000994 events=0x21
2026-10-03 07:41:16.476 [EVENT] sock=2164 hEvent=00000994 events=0x0
2026-10-03 07:41:16.476 [EVENT] sock=2164 hEvent=00000994 events=0x21
2026-10-03 07:41:26.540 [EVENT] sock=2164 hEvent=00000994 events=0x0
2026-10-03 07:41:26.541 [EVENT] sock=2164 hEvent=00000994 events=0x21
2026-10-03 07:41:27.465 [EVENT] sock=2676 hEvent=00000A50 events=0x0
2026-10-03 07:41:27.469 [EVENT] sock=2676 hEvent=00000A50 events=0x21
2026-10-03 07:41:36.661 [EVENT] sock=2164 hEvent=00000994 events=0x0
2026-10-03 07:41:36.661 [EVENT] sock=2164 hEvent=00000994 events=0x21
2026-10-03 07:41:46.722 [EVENT] sock=2164 hEvent=00000994 events=0x0
2026-10-03 07:41:46.727 [EVENT] sock=2164 hEvent=00000994 events=0x21
2026-10-03 07:41:56.793 [EVENT] sock=2164 hEvent=00000994 events=0x0
2026-10-03 07:41:56.793 [EVENT] sock=2164 hEvent=00000994 events=0x21
2026-10-03 07:41:57.470 [EVENT] sock=2676 hEvent=00000A50 events=0x0
2026-10-03 07:41:57.470 [EVENT] sock=2676 hEvent=00000A50 events=0x21
2026-10-03 07:42:06.961 [EVENT] sock=2164 hEvent=00000994 events=0x0
2026-10-03 07:42:06.963 [EVENT] sock=2164 hEvent=00000994 events=0x21
2026-10-03 07:42:17.030 [EVENT] sock=2164 hEvent=00000994 events=0x0
2026-10-03 07:42:17.031 [EVENT] sock=2164 hEvent=00000994 events=0x21
2026-10-03 07:42:27.093 [EVENT] sock=2164 hEvent=00000994 events=0x0
2026-10-03 07:42:27.093 [EVENT] sock=2164 hEvent=00000994 events=0x21
2026-10-03 07:42:27.471 [EVENT] sock=2676 hEvent=00000A50 events=0x0
2026-10-03 07:42:27.476 [EVENT] sock=2676 hEvent=00000A50 events=0x21
2026-10-03 07:42:37.225 [EVENT] sock=2164 hEvent=00000994 events=0x0
2026-10-03 07:42:37.226 [EVENT] sock=2164 hEvent=00000994 events=0x21
2026-10-03 07:42:47.293 [EVENT] sock=2164 hEvent=00000994 events=0x0
2026-10-03 07:42:47.293 [EVENT] sock=2164 hEvent=00000994 events=0x21
2026-10-03 07:42:57.359 [EVENT] sock=2164 hEvent=00000994 events=0x0
2026-10-03 07:42:57.361 [EVENT] sock=2164 hEvent=00000994 events=0x21
2026-10-03 07:42:57.478 [EVENT] sock=2676 hEvent=00000A50 events=0x0
2026-10-03 07:42:57.481 [EVENT] sock=2676 hEvent=00000A50 events=0x21
2026-10-03 07:43:07.424 [EVENT] sock=2164 hEvent=00000994 events=0x0
2026-10-03 07:43:07.425 [EVENT] sock=2164 hEvent=00000994 events=0x21
2026-10-03 07:43:17.492 [EVENT] sock=2164 hEvent=00000994 events=0x0
2026-10-03 07:43:17.492 [EVENT] sock=2164 hEvent=00000994 events=0x21
2026-10-03 07:43:27.482 [EVENT] sock=2676 hEvent=00000A50 events=0x0
2026-10-03 07:43:27.488 [EVENT] sock=2676 hEvent=00000A50 events=0x21
2026-10-03 07:43:27.560 [EVENT] sock=2164 hEvent=00000994 events=0x0
2026-10-03 07:43:27.561 [EVENT] sock=2164 hEvent=00000994 events=0x21
2026-10-03 07:43:37.743 [EVENT] sock=2164 hEvent=00000994 events=0x0
2026-10-03 07:43:37.745 [EVENT] sock=2164 hEvent=00000994 events=0x21
2026-10-03 07:43:47.809 [EVENT] sock=2164 hEvent=00000994 events=0x0
2026-10-03 07:43:47.810 [EVENT] sock=2164 hEvent=00000994 events=0x21
2026-10-03 07:43:57.488 [EVENT] sock=2676 hEvent=00000A50 events=0x0
2026-10-03 07:43:57.489 [EVENT] sock=2676 hEvent=00000A50 events=0x21
2026-10-03 07:43:57.876 [EVENT] sock=2164 hEvent=00000994 events=0x0
2026-10-03 07:43:57.876 [EVENT] sock=2164 hEvent=00000994 events=0x21
2026-10-03 07:44:07.943 [EVENT] sock=2164 hEvent=00000994 events=0x0
2026-10-03 07:44:07.944 [EVENT] sock=2164 hEvent=00000994 events=0x21
2026-10-03 07:44:18.010 [EVENT] sock=2164 hEvent=00000994 events=0x0
2026-10-03 07:44:18.011 [EVENT] sock=2164 hEvent=00000994 events=0x21
2026-10-03 07:44:27.490 [EVENT] sock=2676 hEvent=00000A50 events=0x0
2026-10-03 07:44:27.497 [EVENT] sock=2676 hEvent=00000A50 events=0x21
2026-10-03 07:44:28.076 [EVENT] sock=2164 hEvent=00000994 events=0x0
2026-10-03 07:44:28.076 [EVENT] sock=2164 hEvent=00000994 events=0x21
2026-10-03 07:44:38.160 [EVENT] sock=2164 hEvent=00000994 events=0x0
2026-10-03 07:44:38.163 [EVENT] sock=2164 hEvent=00000994 events=0x21
2026-10-03 07:44:48.226 [EVENT] sock=2164 hEvent=00000994 events=0x0
2026-10-03 07:44:48.229 [EVENT] sock=2164 hEvent=00000994 events=0x21
2026-10-03 07:44:57.501 [EVENT] sock=2676 hEvent=00000A50 events=0x0
2026-10-03 07:44:57.501 [EVENT] sock=2676 hEvent=00000A50 events=0x21
2026-10-03 07:44:58.295 [EVENT] sock=2164 hEvent=00000994 events=0x0
2026-10-03 07:44:58.297 [EVENT] sock=2164 hEvent=00000994 events=0x21
2026-10-03 07:45:08.412 [EVENT] sock=2164 hEvent=00000994 events=0x0
2026-10-03 07:45:08.412 [EVENT] sock=2164 hEvent=00000994 events=0x21
2026-10-03 07:45:18.475 [EVENT] sock=2164 hEvent=00000994 events=0x0
2026-10-03 07:45:18.476 [EVENT] sock=2164 hEvent=00000994 events=0x21
2026-10-03 07:45:27.501 [EVENT] sock=2676 hEvent=00000A50 events=0x0
2026-10-03 07:45:27.505 [EVENT] sock=2676 hEvent=00000A50 events=0x21
2026-10-03 07:45:28.543 [EVENT] sock=2164 hEvent=00000994 events=0x0
2026-10-03 07:45:28.545 [EVENT] sock=2164 hEvent=00000994 events=0x21
2026-10-03 07:45:38.609 [EVENT] sock=2164 hEvent=00000994 events=0x0
2026-10-03 07:45:38.610 [EVENT] sock=2164 hEvent=00000994 events=0x21
2026-10-03 07:45:48.679 [EVENT] sock=2164 hEvent=00000994 events=0x0
2026-10-03 07:45:48.684 [EVENT] sock=2164 hEvent=00000994 events=0x21
2026-10-03 07:45:57.506 [EVENT] sock=2676 hEvent=00000A50 events=0x0
2026-10-03 07:45:57.506 [EVENT] sock=2676 hEvent=00000A50 events=0x21
2026-10-03 07:45:58.749 [EVENT] sock=2164 hEvent=00000994 events=0x0
2026-10-03 07:45:58.749 [EVENT] sock=2164 hEvent=00000994 events=0x21
2026-10-03 07:46:08.817 [EVENT] sock=2164 hEvent=00000994 events=0x0
2026-10-03 07:46:08.817 [EVENT] sock=2164 hEvent=00000994 events=0x21
2026-10-03 07:46:18.884 [EVENT] sock=2164 hEvent=00000994 events=0x0
2026-10-03 07:46:18.885 [EVENT] sock=2164 hEvent=00000994 events=0x21
2026-10-03 07:46:27.507 [EVENT] sock=2676 hEvent=00000A50 events=0x0
2026-10-03 07:46:27.516 [EVENT] sock=2676 hEvent=00000A50 events=0x21
2026-10-03 07:46:28.950 [EVENT] sock=2164 hEvent=00000994 events=0x0
2026-10-03 07:46:28.950 [EVENT] sock=2164 hEvent=00000994 events=0x21
2026-10-03 07:46:39.063 [EVENT] sock=2164 hEvent=00000994 events=0x0
2026-10-03 07:46:39.063 [EVENT] sock=2164 hEvent=00000994 events=0x21
2026-10-03 07:46:49.128 [EVENT] sock=2164 hEvent=00000994 events=0x0
2026-10-03 07:46:49.128 [EVENT] sock=2164 hEvent=00000994 events=0x21
2026-10-03 07:46:57.521 [EVENT] sock=2676 hEvent=00000A50 events=0x0
2026-10-03 07:46:57.522 [EVENT] sock=2676 hEvent=00000A50 events=0x21
2026-10-03 07:46:59.195 [EVENT] sock=2164 hEvent=00000994 events=0x0
2026-10-03 07:46:59.197 [EVENT] sock=2164 hEvent=00000994 events=0x21
2026-10-03 07:47:09.264 [EVENT] sock=2164 hEvent=00000994 events=0x0
2026-10-03 07:47:09.268 [EVENT] sock=2164 hEvent=00000994 events=0x21
2026-10-03 07:47:19.329 [EVENT] sock=2164 hEvent=00000994 events=0x0
2026-10-03 07:47:19.330 [EVENT] sock=2164 hEvent=00000994 events=0x21
2026-10-03 07:47:27.522 [EVENT] sock=2676 hEvent=00000A50 events=0x0
2026-10-03 07:47:27.525 [EVENT] sock=2676 hEvent=00000A50 events=0x21
2026-10-03 07:47:29.396 [EVENT] sock=2164 hEvent=00000994 events=0x0
2026-10-03 07:47:29.397 [EVENT] sock=2164 hEvent=00000994 events=0x21
2026-10-03 07:47:39.579 [EVENT] sock=2164 hEvent=00000994 events=0x0
2026-10-03 07:47:39.585 [EVENT] sock=2164 hEvent=00000994 events=0x21
2026-10-03 07:47:49.648 [EVENT] sock=2164 hEvent=00000994 events=0x0
2026-10-03 07:47:49.648 [EVENT] sock=2164 hEvent=00000994 events=0x21
2026-10-03 07:47:57.526 [EVENT] sock=2676 hEvent=00000A50 events=0x0
2026-10-03 07:47:57.526 [EVENT] sock=2676 hEvent=00000A50 events=0x21
2026-10-03 07:47:59.716 [EVENT] sock=2164 hEvent=00000994 events=0x0
2026-10-03 07:47:59.716 [EVENT] sock=2164 hEvent=00000994 events=0x21
2026-10-03 07:48:09.779 [EVENT] sock=2164 hEvent=00000994 events=0x0
2026-10-03 07:48:09.780 [EVENT] sock=2164 hEvent=00000994 events=0x21
2026-10-03 07:48:19.851 [EVENT] sock=2164 hEvent=00000994 events=0x0
2026-10-03 07:48:19.851 [EVENT] sock=2164 hEvent=00000994 events=0x21
2026-10-03 07:48:27.528 [EVENT] sock=2676 hEvent=00000A50 events=0x0
2026-10-03 07:48:27.541 [EVENT] sock=2676 hEvent=00000A50 events=0x21
2026-10-03 07:48:29.914 [EVENT] sock=2164 hEvent=00000994 events=0x0
2026-10-03 07:48:29.917 [EVENT] sock=2164 hEvent=00000994 events=0x21
2026-10-03 07:48:40.047 [EVENT] sock=2164 hEvent=00000994 events=0x0
2026-10-03 07:48:40.050 [EVENT] sock=2164 hEvent=00000994 events=0x21
2026-10-03 07:48:50.113 [EVENT] sock=2164 hEvent=00000994 events=0x0
2026-10-03 07:48:50.117 [EVENT] sock=2164 hEvent=00000994 events=0x21
2026-10-03 07:48:57.542 [EVENT] sock=2676 hEvent=00000A50 events=0x0
2026-10-03 07:48:57.542 [EVENT] sock=2676 hEvent=00000A50 events=0x21
2026-10-03 07:49:00.179 [EVENT] sock=2164 hEvent=00000994 events=0x0
2026-10-03 07:49:00.179 [EVENT] sock=2164 hEvent=00000994 events=0x21
2026-10-03 07:49:10.295 [EVENT] sock=2164 hEvent=00000994 events=0x0
2026-10-03 07:49:10.299 [EVENT] sock=2164 hEvent=00000994 events=0x21
2026-10-03 07:49:20.363 [EVENT] sock=2164 hEvent=00000994 events=0x0
2026-10-03 07:49:20.363 [EVENT] sock=2164 hEvent=00000994 events=0x21
2026-10-03 07:49:27.543 [EVENT] sock=2676 hEvent=00000A50 events=0x0
2026-10-03 07:49:27.548 [EVENT] sock=2676 hEvent=00000A50 events=0x21
2026-10-03 07:49:30.428 [EVENT] sock=2164 hEvent=00000994 events=0x0
2026-10-03 07:49:30.428 [EVENT] sock=2164 hEvent=00000994 events=0x21
2026-10-03 07:49:40.497 [EVENT] sock=2164 hEvent=00000994 events=0x0
2026-10-03 07:49:40.498 [EVENT] sock=2164 hEvent=00000994 events=0x21
2026-10-03 07:49:50.570 [EVENT] sock=2164 hEvent=00000994 events=0x0
2026-10-03 07:49:50.571 [EVENT] sock=2164 hEvent=00000994 events=0x21
2026-10-03 07:49:57.554 [EVENT] sock=2676 hEvent=00000A50 events=0x0
2026-10-03 07:49:57.557 [EVENT] sock=2676 hEvent=00000A50 events=0x21
2026-10-03 07:50:00.631 [EVENT] sock=2164 hEvent=00000994 events=0x0
2026-10-03 07:50:00.635 [EVENT] sock=2164 hEvent=00000994 events=0x21
2026-10-03 07:50:10.851 [EVENT] sock=2164 hEvent=00000994 events=0x0
2026-10-03 07:50:10.853 [EVENT] sock=2164 hEvent=00000994 events=0x21
2026-10-03 07:50:20.916 [EVENT] sock=2164 hEvent=00000994 events=0x0
2026-10-03 07:50:20.917 [EVENT] sock=2164 hEvent=00000994 events=0x21
2026-10-03 07:50:27.557 [EVENT] sock=2676 hEvent=00000A50 events=0x0
2026-10-03 07:50:27.561 [EVENT] sock=2676 hEvent=00000A50 events=0x21
2026-10-03 07:50:30.982 [EVENT] sock=2164 hEvent=00000994 events=0x0
2026-10-03 07:50:30.984 [EVENT] sock=2164 hEvent=00000994 events=0x21
2026-10-03 07:50:41.118 [EVENT] sock=2164 hEvent=00000994 events=0x0
2026-10-03 07:50:41.118 [EVENT] sock=2164 hEvent=00000994 events=0x21
2026-10-03 07:50:51.183 [EVENT] sock=2164 hEvent=00000994 events=0x0
2026-10-03 07:50:51.183 [EVENT] sock=2164 hEvent=00000994 events=0x21
2026-10-03 07:50:57.561 [EVENT] sock=2676 hEvent=00000A50 events=0x0
2026-10-03 07:50:57.561 [EVENT] sock=2676 hEvent=00000A50 events=0x21
2026-10-03 07:51:01.249 [EVENT] sock=2164 hEvent=00000994 events=0x0
2026-10-03 07:51:01.253 [EVENT] sock=2164 hEvent=00000994 events=0x21
2026-10-03 07:51:11.317 [EVENT] sock=2164 hEvent=00000994 events=0x0
2026-10-03 07:51:11.321 [EVENT] sock=2164 hEvent=00000994 events=0x21
2026-10-03 07:51:21.382 [EVENT] sock=2164 hEvent=00000994 events=0x0
2026-10-03 07:51:21.383 [EVENT] sock=2164 hEvent=00000994 events=0x21
2026-10-03 07:51:27.563 [EVENT] sock=2676 hEvent=00000A50 events=0x0
2026-10-03 07:51:27.576 [EVENT] sock=2676 hEvent=00000A50 events=0x21
2026-10-03 07:51:31.454 [EVENT] sock=2164 hEvent=00000994 events=0x0
2026-10-03 07:51:31.454 [EVENT] sock=2164 hEvent=00000994 events=0x21
2026-10-03 07:51:41.532 [EVENT] sock=2164 hEvent=00000994 events=0x0
2026-10-03 07:51:41.535 [EVENT] sock=2164 hEvent=00000994 events=0x21
2026-10-03 07:51:51.601 [EVENT] sock=2164 hEvent=00000994 events=0x0
2026-10-03 07:51:51.605 [EVENT] sock=2164 hEvent=00000994 events=0x21
2026-10-03 07:51:57.579 [EVENT] sock=2676 hEvent=00000A50 events=0x0
2026-10-03 07:51:57.579 [EVENT] sock=2676 hEvent=00000A50 events=0x21
2026-10-03 07:52:01.666 [EVENT] sock=2164 hEvent=00000994 events=0x0
2026-10-03 07:52:01.669 [EVENT] sock=2164 hEvent=00000994 events=0x21
2026-10-03 07:52:11.733 [EVENT] sock=2164 hEvent=00000994 events=0x0
2026-10-03 07:52:11.738 [EVENT] sock=2164 hEvent=00000994 events=0x21
2026-10-03 07:52:21.852 [EVENT] sock=2164 hEvent=00000994 events=0x0
2026-10-03 07:52:21.853 [EVENT] sock=2164 hEvent=00000994 events=0x21
2026-10-03 07:52:27.580 [EVENT] sock=2676 hEvent=00000A50 events=0x0
2026-10-03 07:52:27.591 [EVENT] sock=2676 hEvent=00000A50 events=0x21
2026-10-03 07:52:31.917 [EVENT] sock=2164 hEvent=00000994 events=0x0
2026-10-03 07:52:31.919 [EVENT] sock=2164 hEvent=00000994 events=0x21
2026-10-03 07:52:42.031 [EVENT] sock=2164 hEvent=00000994 events=0x0
2026-10-03 07:52:42.033 [EVENT] sock=2164 hEvent=00000994 events=0x21
2026-10-03 07:52:52.099 [EVENT] sock=2164 hEvent=00000994 events=0x0
2026-10-03 07:52:52.099 [EVENT] sock=2164 hEvent=00000994 events=0x21
2026-10-03 07:52:57.593 [EVENT] sock=2676 hEvent=00000A50 events=0x0
2026-10-03 07:52:57.594 [EVENT] sock=2676 hEvent=00000A50 events=0x21
2026-10-03 07:53:02.168 [EVENT] sock=2164 hEvent=00000994 events=0x0
2026-10-03 07:53:02.169 [EVENT] sock=2164 hEvent=00000994 events=0x21
2026-10-03 07:53:12.251 [EVENT] sock=2164 hEvent=00000994 events=0x0
2026-10-03 07:53:12.251 [EVENT] sock=2164 hEvent=00000994 events=0x21
2026-10-03 07:53:22.318 [EVENT] sock=2164 hEvent=00000994 events=0x0
2026-10-03 07:53:22.322 [EVENT] sock=2164 hEvent=00000994 events=0x21
2026-10-03 07:53:27.594 [EVENT] sock=2676 hEvent=00000A50 events=0x0
2026-10-03 07:53:27.598 [EVENT] sock=2676 hEvent=00000A50 events=0x21
2026-10-03 07:53:32.391 [EVENT] sock=2164 hEvent=00000994 events=0x0
2026-10-03 07:53:32.391 [EVENT] sock=2164 hEvent=00000994 events=0x21
2026-10-03 07:53:42.504 [EVENT] sock=2164 hEvent=00000994 events=0x0
2026-10-03 07:53:42.507 [EVENT] sock=2164 hEvent=00000994 events=0x21
2026-10-03 07:53:52.572 [EVENT] sock=2164 hEvent=00000994 events=0x0
2026-10-03 07:53:52.574 [EVENT] sock=2164 hEvent=00000994 events=0x21
2026-10-03 07:53:57.599 [EVENT] sock=2676 hEvent=00000A50 events=0x0
2026-10-03 07:53:57.599 [EVENT] sock=2676 hEvent=00000A50 events=0x21
2026-10-03 07:54:02.641 [EVENT] sock=2164 hEvent=00000994 events=0x0
2026-10-03 07:54:02.642 [EVENT] sock=2164 hEvent=00000994 events=0x21
2026-10-03 07:54:12.752 [EVENT] sock=2164 hEvent=00000994 events=0x0
2026-10-03 07:54:12.757 [EVENT] sock=2164 hEvent=00000994 events=0x21
2026-10-03 07:54:22.824 [EVENT] sock=2164 hEvent=00000994 events=0x0
2026-10-03 07:54:22.824 [EVENT] sock=2164 hEvent=00000994 events=0x21
2026-10-03 07:54:27.602 [EVENT] sock=2676 hEvent=00000A50 events=0x0
2026-10-03 07:54:27.614 [EVENT] sock=2676 hEvent=00000A50 events=0x21
2026-10-03 07:54:32.885 [EVENT] sock=2164 hEvent=00000994 events=0x0
2026-10-03 07:54:32.885 [EVENT] sock=2164 hEvent=00000994 events=0x21
2026-10-03 07:54:43.002 [EVENT] sock=2164 hEvent=00000994 events=0x0
2026-10-03 07:54:43.003 [EVENT] sock=2164 hEvent=00000994 events=0x21
2026-10-03 07:54:53.070 [EVENT] sock=2164 hEvent=00000994 events=0x0
2026-10-03 07:54:53.070 [EVENT] sock=2164 hEvent=00000994 events=0x21
2026-10-03 07:54:57.614 [EVENT] sock=2676 hEvent=00000A50 events=0x0
2026-10-03 07:54:57.615 [EVENT] sock=2676 hEvent=00000A50 events=0x21
2026-10-03 07:55:03.135 [EVENT] sock=2164 hEvent=00000994 events=0x0
2026-10-03 07:55:03.135 [EVENT] sock=2164 hEvent=00000994 events=0x21
2026-10-03 07:55:13.372 [EVENT] sock=2164 hEvent=00000994 events=0x0
2026-10-03 07:55:13.372 [EVENT] sock=2164 hEvent=00000994 events=0x21
2026-10-03 07:55:23.438 [EVENT] sock=2164 hEvent=00000994 events=0x0
2026-10-03 07:55:23.439 [EVENT] sock=2164 hEvent=00000994 events=0x21
2026-10-03 07:55:27.616 [EVENT] sock=2676 hEvent=00000A50 events=0x0
2026-10-03 07:55:27.620 [EVENT] sock=2676 hEvent=00000A50 events=0x21
2026-10-03 07:55:33.508 [EVENT] sock=2164 hEvent=00000994 events=0x0
2026-10-03 07:55:33.510 [EVENT] sock=2164 hEvent=00000994 events=0x21
2026-10-03 07:55:43.675 [EVENT] sock=2164 hEvent=00000994 events=0x0
2026-10-03 07:55:43.677 [EVENT] sock=2164 hEvent=00000994 events=0x21
2026-10-03 07:55:53.737 [EVENT] sock=2164 hEvent=00000994 events=0x0
2026-10-03 07:55:53.741 [EVENT] sock=2164 hEvent=00000994 events=0x21
2026-10-03 07:55:57.621 [EVENT] sock=2676 hEvent=00000A50 events=0x0
2026-10-03 07:55:57.622 [EVENT] sock=2676 hEvent=00000A50 events=0x21
2026-10-03 07:56:03.805 [EVENT] sock=2164 hEvent=00000994 events=0x0
2026-10-03 07:56:03.810 [EVENT] sock=2164 hEvent=00000994 events=0x21
2026-10-03 07:56:13.938 [EVENT] sock=2164 hEvent=00000994 events=0x0
2026-10-03 07:56:13.939 [EVENT] sock=2164 hEvent=00000994 events=0x21
2026-10-03 07:56:24.006 [EVENT] sock=2164 hEvent=00000994 events=0x0
2026-10-03 07:56:24.006 [EVENT] sock=2164 hEvent=00000994 events=0x21
2026-10-03 07:56:27.628 [EVENT] sock=2676 hEvent=00000A50 events=0x0
2026-10-03 07:56:27.634 [EVENT] sock=2676 hEvent=00000A50 events=0x21
2026-10-03 07:56:34.072 [EVENT] sock=2164 hEvent=00000994 events=0x0
2026-10-03 07:56:34.076 [EVENT] sock=2164 hEvent=00000994 events=0x21
2026-10-03 07:56:44.292 [EVENT] sock=2164 hEvent=00000994 events=0x0
2026-10-03 07:56:44.292 [EVENT] sock=2164 hEvent=00000994 events=0x21
2026-10-03 07:56:54.363 [EVENT] sock=2164 hEvent=00000994 events=0x0
2026-10-03 07:56:54.365 [EVENT] sock=2164 hEvent=00000994 events=0x21
2026-10-03 07:56:57.634 [EVENT] sock=2676 hEvent=00000A50 events=0x0
2026-10-03 07:56:57.634 [EVENT] sock=2676 hEvent=00000A50 events=0x21
2026-10-03 07:57:04.427 [EVENT] sock=2164 hEvent=00000994 events=0x0
2026-10-03 07:57:04.429 [EVENT] sock=2164 hEvent=00000994 events=0x21
2026-10-03 07:57:14.491 [EVENT] sock=2164 hEvent=00000994 events=0x0
2026-10-03 07:57:14.493 [EVENT] sock=2164 hEvent=00000994 events=0x21
2026-10-03 07:57:24.559 [EVENT] sock=2164 hEvent=00000994 events=0x0
2026-10-03 07:57:24.561 [EVENT] sock=2164 hEvent=00000994 events=0x21
2026-10-03 07:57:27.634 [EVENT] sock=2676 hEvent=00000A50 events=0x0
2026-10-03 07:57:27.640 [EVENT] sock=2676 hEvent=00000A50 events=0x21
2026-10-03 07:57:34.626 [EVENT] sock=2164 hEvent=00000994 events=0x0
2026-10-03 07:57:34.626 [EVENT] sock=2164 hEvent=00000994 events=0x21
2026-10-03 07:57:44.713 [EVENT] sock=2164 hEvent=00000994 events=0x0
2026-10-03 07:57:44.714 [EVENT] sock=2164 hEvent=00000994 events=0x21
2026-10-03 07:57:54.779 [EVENT] sock=2164 hEvent=00000994 events=0x0
2026-10-03 07:57:54.780 [EVENT] sock=2164 hEvent=00000994 events=0x21
2026-10-03 07:57:57.645 [EVENT] sock=2676 hEvent=00000A50 events=0x0
2026-10-03 07:57:57.648 [EVENT] sock=2676 hEvent=00000A50 events=0x21
2026-10-03 07:58:04.843 [EVENT] sock=2164 hEvent=00000994 events=0x0
2026-10-03 07:58:04.844 [EVENT] sock=2164 hEvent=00000994 events=0x21
2026-10-03 07:58:14.910 [EVENT] sock=2164 hEvent=00000994 events=0x0
2026-10-03 07:58:14.910 [EVENT] sock=2164 hEvent=00000994 events=0x21
2026-10-03 07:58:24.974 [EVENT] sock=2164 hEvent=00000994 events=0x0
2026-10-03 07:58:24.975 [EVENT] sock=2164 hEvent=00000994 events=0x21
2026-10-03 07:58:27.651 [EVENT] sock=2676 hEvent=00000A50 events=0x0
2026-10-03 07:58:27.654 [EVENT] sock=2676 hEvent=00000A50 events=0x21
2026-10-03 07:58:35.040 [EVENT] sock=2164 hEvent=00000994 events=0x0
2026-10-03 07:58:35.041 [EVENT] sock=2164 hEvent=00000994 events=0x21
2026-10-03 07:58:45.161 [EVENT] sock=2164 hEvent=00000994 events=0x0
2026-10-03 07:58:45.161 [EVENT] sock=2164 hEvent=00000994 events=0x21
2026-10-03 07:58:55.228 [EVENT] sock=2164 hEvent=00000994 events=0x0
2026-10-03 07:58:55.231 [EVENT] sock=2164 hEvent=00000994 events=0x21
2026-10-03 07:58:57.655 [EVENT] sock=2676 hEvent=00000A50 events=0x0
2026-10-03 07:58:57.656 [EVENT] sock=2676 hEvent=00000A50 events=0x21
2026-10-03 07:59:05.295 [EVENT] sock=2164 hEvent=00000994 events=0x0
2026-10-03 07:59:05.296 [EVENT] sock=2164 hEvent=00000994 events=0x21
2026-10-03 07:59:15.479 [EVENT] sock=2164 hEvent=00000994 events=0x0
2026-10-03 07:59:15.484 [EVENT] sock=2164 hEvent=00000994 events=0x21
2026-10-03 07:59:25.544 [EVENT] sock=2164 hEvent=00000994 events=0x0
2026-10-03 07:59:25.545 [EVENT] sock=2164 hEvent=00000994 events=0x21
2026-10-03 07:59:27.656 [EVENT] sock=2676 hEvent=00000A50 events=0x0
2026-10-03 07:59:27.659 [EVENT] sock=2676 hEvent=00000A50 events=0x21
2026-10-03 07:59:35.612 [EVENT] sock=2164 hEvent=00000994 events=0x0
2026-10-03 07:59:35.613 [EVENT] sock=2164 hEvent=00000994 events=0x21
2026-10-03 07:59:45.678 [EVENT] sock=2164 hEvent=00000994 events=0x0
2026-10-03 07:59:45.679 [EVENT] sock=2164 hEvent=00000994 events=0x21
2026-10-03 07:59:55.745 [EVENT] sock=2164 hEvent=00000994 events=0x0
2026-10-03 07:59:55.746 [EVENT] sock=2164 hEvent=00000994 events=0x21
2026-10-03 07:59:57.661 [EVENT] sock=2676 hEvent=00000A50 events=0x0
2026-10-03 07:59:57.665 [EVENT] sock=2676 hEvent=00000A50 events=0x21
2026-10-03 08:00:05.811 [EVENT] sock=2164 hEvent=00000994 events=0x0
2026-10-03 08:00:05.812 [EVENT] sock=2164 hEvent=00000994 events=0x21
2026-10-03 08:00:15.928 [EVENT] sock=2164 hEvent=00000994 events=0x0
2026-10-03 08:00:15.928 [EVENT] sock=2164 hEvent=00000994 events=0x21
2026-10-03 08:00:25.995 [EVENT] sock=2164 hEvent=00000994 events=0x0
2026-10-03 08:00:25.998 [EVENT] sock=2164 hEvent=00000994 events=0x21
2026-10-03 08:00:27.666 [EVENT] sock=2676 hEvent=00000A50 events=0x0
2026-10-03 08:00:27.671 [EVENT] sock=2676 hEvent=00000A50 events=0x21
2026-10-03 08:00:36.066 [EVENT] sock=2164 hEvent=00000994 events=0x0
2026-10-03 08:00:36.066 [EVENT] sock=2164 hEvent=00000994 events=0x21
2026-10-03 08:00:46.245 [EVENT] sock=2164 hEvent=00000994 events=0x0
2026-10-03 08:00:46.246 [EVENT] sock=2164 hEvent=00000994 events=0x21
2026-10-03 08:00:56.312 [EVENT] sock=2164 hEvent=00000994 events=0x0
2026-10-03 08:00:56.316 [EVENT] sock=2164 hEvent=00000994 events=0x21
2026-10-03 08:00:57.671 [EVENT] sock=2676 hEvent=00000A50 events=0x0
2026-10-03 08:00:57.671 [EVENT] sock=2676 hEvent=00000A50 events=0x21
2026-10-03 08:01:06.378 [EVENT] sock=2164 hEvent=00000994 events=0x0
2026-10-03 08:01:06.378 [EVENT] sock=2164 hEvent=00000994 events=0x21
2026-10-03 08:01:16.487 [EVENT] sock=2164 hEvent=00000994 events=0x0
2026-10-03 08:01:16.488 [EVENT] sock=2164 hEvent=00000994 events=0x21
2026-10-03 08:01:24.056 [EVENT] sock=2676 hEvent=00000A50 events=0x0
2026-10-03 08:01:24.056 [EVENT] sock=2676 hEvent=00000A50 events=0x21
2026-10-03 08:01:24.622 [EVENT] sock=2164 hEvent=00000994 events=0x0
2026-10-03 08:01:24.622 [OUT] 1F04 inv=FFF6 len=13 #1 f6ff041fce1f805bcd510bdce8
2026-10-03 08:01:24.622 [EVENT] sock=2164 hEvent=00000994 events=0x21
2026-10-03 08:01:26.556 [EVENT] sock=2164 hEvent=00000994 events=0x0
2026-10-03 08:01:26.557 [EVENT] sock=2164 hEvent=00000994 events=0x21
2026-10-03 08:01:36.622 [EVENT] sock=2164 hEvent=00000994 events=0x0
2026-10-03 08:01:36.623 [EVENT] sock=2164 hEvent=00000994 events=0x21
2026-10-03 08:01:46.691 [EVENT] sock=2164 hEvent=00000994 events=0x0
2026-10-03 08:01:46.692 [EVENT] sock=2164 hEvent=00000994 events=0x21
2026-10-03 08:01:56.758 [EVENT] sock=2164 hEvent=00000994 events=0x0
2026-10-03 08:01:56.760 [EVENT] sock=2164 hEvent=00000994 events=0x21
2026-10-03 08:01:57.672 [EVENT] sock=2676 hEvent=00000A50 events=0x0
2026-10-03 08:01:57.672 [EVENT] sock=2676 hEvent=00000A50 events=0x21
2026-10-03 08:02:06.829 [EVENT] sock=2164 hEvent=00000994 events=0x0
2026-10-03 08:02:06.830 [EVENT] sock=2164 hEvent=00000994 events=0x21
2026-10-03 08:02:08.896 [OP] 4613 inv=FFB9 len=70 #1 95f3ddbf6fe02298bd798a6c0e2e585b68a9182c94df55536a6d8d503ea6ed7f58ec6ffaa353caaa5beb757bd998f8671f805b6451b1dcfaa32beceb066d0d4079bbea2b1f80
2026-10-03 08:02:16.902 [EVENT] sock=2164 hEvent=00000994 events=0x0
2026-10-03 08:02:16.902 [EVENT] sock=2164 hEvent=00000994 events=0x21
2026-10-03 08:02:26.975 [EVENT] sock=2164 hEvent=00000994 events=0x0
2026-10-03 08:02:26.975 [EVENT] sock=2164 hEvent=00000994 events=0x21
2026-10-03 08:02:27.674 [EVENT] sock=2676 hEvent=00000A50 events=0x0
2026-10-03 08:02:27.675 [EVENT] sock=2676 hEvent=00000A50 events=0x21
2026-10-03 08:02:30.722 [OP] 4705 inv=FFB8 len=71 #1 877a7f5134a722a37d67ce5bbbb20bdcfaa32b1fbc1c64510bdcfaa30459805b64510bdc39db2b1f805b645131dcfaa3a71f805b2751a2da2bf061f1341a64510bdcfaa32b1f80
2026-10-03 08:02:39.044 [EVENT] sock=2164 hEvent=00000994 events=0x0
2026-10-03 08:02:39.046 [EVENT] sock=2164 hEvent=00000994 events=0x21
2026-10-03 08:02:40.019 [EVENT] sock=2164 hEvent=00000994 events=0x0
2026-10-03 08:02:40.020 [OUT] 1001 inv=FFF9 len=10 #1 f9ff01101f805b64510b
2026-10-03 08:02:40.021 [EVENT] sock=2164 hEvent=00000994 events=0x21
2026-10-03 08:02:49.132 [EVENT] sock=2164 hEvent=00000994 events=0x0
2026-10-03 08:02:49.132 [EVENT] sock=2164 hEvent=00000994 events=0x21
2026-10-03 08:02:51.727 [EVENT] sock=2164 hEvent=00000994 events=0x0
2026-10-03 08:02:51.729 [OUT] 1004 inv=FFF3 len=16 #1 f3ff0410dcfaa32b1fc70d64510bdcfa
2026-10-03 08:02:51.730 [EVENT] sock=2164 hEvent=00000994 events=0x21
2026-10-03 08:02:51.891 [QUESTION] {"type":"question","sock":2164,"qno":19,"field_a":101,"stem":"我国自己研制的火箭，已经多次成功的把什么送上太空？","options":["1、哈士奇","2、嫦娥","3、人造卫星","4、另一个太阳"]}
2026-10-03 08:02:51.891 [SHIELD] withhold question qno=19 — popup suppressed
2026-10-03 08:02:51.893 [CLOSE] main sock 2164 closed
2026-10-03 08:02:52.894 [UI] auto dump on question qno=19
2026-10-03 08:02:52.894 [UI] ---- window dump begin (pid 31112) ----
2026-10-03 08:02:52.904 [UI] TOP=0021020C vis=1 cls=ATL:0062F210 rc=(-9,22,1031,829) title=什么什么大冒险2(①逍遥村敬老院)-自由四号_Sep 24 2026《什么什么大冒险》制作委员会QQ群:515616289
2026-10-03 08:02:52.904 [UI] TOP=00290C66 vis=0 cls=DIEmWin rc=(-1,-1,135,38) title=DIEmWin
2026-10-03 08:02:52.922 [UI] TOP=000D0928 vis=0 cls=MSCTFIME UI rc=(0,0,0,0) title=MSCTFIME UI
2026-10-03 08:02:52.941 [UI] TOP=0010093C vis=0 cls=IME rc=(0,0,0,0) title=Default IME
2026-10-03 08:02:52.941 [UI] TOP=0047096A vis=0 cls=IME rc=(0,0,0,0) title=Default IME
2026-10-03 08:02:52.942 [UI] ---- window dump end ----
2026-10-03 08:02:55.665 [SEND-ANSWER] no main sock
2026-10-03 08:02:57.675 [EVENT] sock=2676 hEvent=00000A50 events=0x0
2026-10-03 08:02:57.675 [EVENT] sock=2676 hEvent=00000A50 events=0x21
2026-10-03 08:03:17.392 [PIPE] controller disconnected
2026-10-03 08:03:23.191 [EVENT] sock=2676 hEvent=00000A50 events=0x0
2026-10-03 08:03:23.193 [EVENT] sock=2676 hEvent=00000A50 events=0x21
2026-10-03 08:03:23.244 [NET-E] sock=2676 bypass r=-1 err=10058
2026-10-03 08:03:26.624 [CLOSE] main sock 4294967295 closed
2026-10-03 08:03:26.875 [CLOSE] main sock 4294967295 closed
2026-10-03 08:03:27.298 [CLOSE] main sock 4294967295 closed
2026-10-03 08:03:27.299 [CLOSE] main sock 4294967295 closed
2026-10-03 08:03:27.355 [INIT] dll unloaded
