2026-10-03 00:14:20.893 [INIT] dll loaded, pid=14196
2026-10-03 00:14:20.893 [INIT] codec loaded OK
2026-10-03 00:14:20.893 [INIT] iat hooks: recv=1 send=1 WSASend=1 connect=1 closesocket=1 WSAEventSelect=1
2026-10-03 00:14:21.077 [EVENT] sock=2512 hEvent=00000824 events=0x0
2026-10-03 00:14:21.077 [EVENT] sock=2512 hEvent=00000824 events=0x21
2026-10-03 00:14:21.122 [OP] 4610 inv=FFFE len=1 #1 b3
2026-10-03 00:14:22.066 [EVENT] sock=2512 hEvent=00000824 events=0x0
2026-10-03 00:14:22.066 [EVENT] sock=2512 hEvent=00000824 events=0x21
2026-10-03 00:14:22.111 [OP] 4610 inv=FFFE len=1 #2 3c
2026-10-03 00:14:23.076 [EVENT] sock=2512 hEvent=00000824 events=0x0
2026-10-03 00:14:23.076 [EVENT] sock=2512 hEvent=00000824 events=0x21
2026-10-03 00:14:23.121 [OP] 4610 inv=FFFE len=1 #3 56
2026-10-03 00:14:24.076 [EVENT] sock=2512 hEvent=00000824 events=0x0
2026-10-03 00:14:24.076 [EVENT] sock=2512 hEvent=00000824 events=0x21
2026-10-03 00:14:24.123 [OP] 4610 inv=FFFE len=1 #4 07
2026-10-03 00:14:24.230 [OP] 4100 inv=FFF9 len=6 #1 98aa13dfb3ec
2026-10-03 00:14:24.230 [OP] 4101 inv=FC6D len=914 #1 8b3bad809464510bdcfaa32bc8d97b81510bdcfaa32b1f805b64510bdcfaa32b1f805b64510bdcfa4d7c9d4e5b64bed0dcfaa32b1f80697f510bdcfaa32b1f805b64510bdcfad85dad80c464510bdcfaa32b46925b648e90dcfac4181f807693510b155a4e78c8d97b81a552155a562b1f807b81a5526f30c2d41e5f544e191edcfaa32b1f805b64b2a0c6faa32b1f805b4d310bdcfaa32b1f805b64510bdcfa
2026-10-03 00:14:24.349 [EVENT] sock=2512 hEvent=00000824 events=0x0
2026-10-03 00:14:24.349 [EVENT] sock=2512 hEvent=00000824 events=0x21
2026-10-03 00:14:24.395 [OP] 4F52 inv=FFFF len=0 #1 
2026-10-03 00:14:25.308 [EVENT] sock=2512 hEvent=00000824 events=0x0
2026-10-03 00:14:25.308 [EVENT] sock=2512 hEvent=00000824 events=0x21
2026-10-03 00:14:25.357 [OP] 4108 inv=FFE3 len=28 #1 7207c464510bdcfa21531f80d8f8510bce4051421f805b64510bdcfa
2026-10-03 00:14:25.454 [OP] 4108 inv=FFE3 len=28 #2 7207c464510bdcfa4d531f80d8f8510bce4051ed1f805b64510bdcfa
2026-10-03 00:14:25.456 [OP] 4108 inv=FFE3 len=28 #3 7207c464510bdcfa22531f80d8f8510bce40515d1f805b64510bdcfa
2026-10-03 00:14:25.456 [OP] 4108 inv=FFF3 len=12 #4 efc2392b1f805b64510bdcfa
2026-10-03 00:14:25.456 [OP] 4108 inv=FFF3 len=12 #5 efc2392b1f805b64580bdcfa
2026-10-03 00:14:25.456 [OP] 4104 inv=FFFB len=4 #1 3cae1f80
2026-10-03 00:14:25.457 [OP] 4104 inv=FFFB len=4 #2 3cae1faa
2026-10-03 00:14:25.457 [OP] 4104 inv=FFFB len=4 #3 3cae1fc7
2026-10-03 00:14:25.457 [OP] 4104 inv=FFFB len=4 #4 3cae1fce
2026-10-03 00:14:25.457 [OP] 4104 inv=FFFB len=4 #5 0a081f12
2026-10-03 00:14:25.749 [OP] EFFE inv=FFFE len=1 #1 0b
2026-10-03 00:14:27.644 [OP] 4105 inv=FFFE len=1 #1 3d
2026-10-03 00:14:27.645 [OP] 4105 inv=FFFE len=1 #2 c0
2026-10-03 00:14:27.645 [OP] 4105 inv=FFFE len=1 #3 af
2026-10-03 00:14:27.650 [EVENT] sock=2512 hEvent=00000824 events=0x0
2026-10-03 00:14:27.650 [EVENT] sock=2512 hEvent=00000824 events=0x21
2026-10-03 00:14:27.791 [OP] 4106 inv=FFFC len=3 #1 b1fdcb
2026-10-03 00:14:27.791 [OP] 4110 inv=FFFD len=2 #1 4d2b
2026-10-03 00:14:27.791 [OP] 4106 inv=FFFC len=3 #2 a539ee
2026-10-03 00:14:27.791 [OP] 4105 inv=FFFE len=1 #4 0c
2026-10-03 00:14:27.883 [OP] 4109 inv=FE3B len=452 #1 63cdfc0b6ffa46bb1f795b64510bdcfaf82b1f806e6401c402facccead80c064580bdcfae13b1f80c461510bdcc4a32b1fb5a82677ecdcfa8d2b1f805b64510bdcfaa32bca805b64dfb2dcfa39c4ca805bdf510bdcfaa32b23aa5b6401ba710ea32b1f801e9f510b6ffaa32bf4075b64fc0c90faa32b1f805b64510b6ffaa32bf4075b64fc0c52faa32b1f805b64510b6ffaa32bf4075b64fc0c8bfaa32b1f80
2026-10-03 00:14:27.975 [OP] 4106 inv=FFFC len=3 #3 e546ed
2026-10-03 00:14:27.975 [OP] 4106 inv=FFFD len=2 #4 a3c4
2026-10-03 00:14:27.975 [OP] 4111 inv=FFFD len=2 #1 c064
2026-10-03 00:14:28.069 [OP] 4112 inv=FFFD len=2 #1 90c4
2026-10-03 00:14:30.686 [OP] 4109 inv=FFB7 len=72 #2 7207c464517f6fc4a3ee1f805b64510b07faa32bca105b6487b1dcfa40ce1f80c0df0e0b07faa32b39125b640eec66faa32b1f805bdf510b8222a32b39125b64080b66faa32b1f80
2026-10-03 00:14:30.782 [OP] 4105 inv=FFFE len=1 #5 0b
2026-10-03 00:14:30.783 [OP] 4106 inv=FFFD len=2 #5 f82b
2026-10-03 00:14:30.783 [OP] 4111 inv=FFFD len=2 #2 9564
2026-10-03 00:14:31.215 [OP] 4033 inv=FFE8 len=23 #1 8c5b6f51b1dcfaa32b1fb0c835985c46faa35a4569da64
2026-10-03 00:14:32.036 [OP] 4109 inv=FF0F len=240 #3 63cdfc0b6ffafd4a1f805b64510bdcfaf82b1f80c36446b16afa384a9d805b64580bdcfabf6f1f801c64af0bdcfaa32b1f805b64580bdcfabf6f1f801c643b0bdcfaa32b1f8058f2580bdcfabf6f1f801c64310bdcfaa32b1f80e4f0580bdcfabf6f1f801c647b0bdcfaa32b1f80b7642c75dcfabf6f1f801c64af0bdcc4a32b23aa5b64715e54dca32b1f803000510bab5ba32bb08c5b64b20b66faa3531f80
2026-10-03 00:14:32.122 [OP] 4111 inv=FFFD len=2 #3 5b64
2026-10-03 00:14:34.123 [OP] 4109 inv=FF0F len=240 #4 63cdfc0b6ffafd4a1faa5b64510bdcfaf82b1f80c36446b16afa384a9d80c464580bdcfabf6f1f801c7faf0bdcfaa32b1f805b64580bdcfabf6f1f801c7f3b0bdcfaa32b1f801c8a580bdcfabf6f1f801c7f310bdcfaa32b1f80a6bb580bdcfabf6f1f801c7f7b0bdcfaa32b1f8008642c75dcfabf6f1f801c64af0bdcc4a32b23aa5b64715e54dca32b1f803000510bab5ba32bb08c5b64b20b66faa3531f80
2026-10-03 00:14:34.216 [OP] 4111 inv=FFFD len=2 #4 c464
2026-10-03 00:14:34.243 [EVENT] sock=2688 hEvent=00000A58 events=0x0
2026-10-03 00:14:34.243 [EVENT] sock=2688 hEvent=00000A58 events=0x21
2026-10-03 00:14:34.408 [EVENT] sock=2512 hEvent=00000824 events=0x0
2026-10-03 00:14:34.408 [EVENT] sock=2512 hEvent=00000824 events=0x21
2026-10-03 00:14:34.452 [OP] 4F52 inv=FFFF len=0 #2 
2026-10-03 00:14:36.501 [OP] 4109 inv=FE9F len=352 #5 63cdfc0b6ffafd241f805b64510bdcfaf82b1f806e6401c402facccead806e64580bdcfae13b1f80c4c6510bdcc4a32b1f805b6477ecdcfae02b1f805b64510bdcfaa32bca805b64dfb2dcfa3906ca805b64510bdcc4a32bca805b64dfb2dcfa3906ad805b64510bdcfaa32bca805b64dfb2dcfa39069d805b64510bdc6ef82bfa4e5b64d5b2dcfa392b1f805bdf510b05c4a32bfbce5b64510bdcfaa32b1f80
2026-10-03 00:14:36.595 [OP] 4111 inv=FFFD len=2 #5 6edf
2026-10-03 00:14:36.595 [OP] 4112 inv=FFFD len=2 #2 dcc4
2026-10-03 00:14:36.595 [OP] 4112 inv=FFFD len=2 #3 52c4
2026-10-03 00:14:36.595 [OP] 4112 inv=FFFD len=2 #4 8bc4
2026-10-03 00:14:39.328 [OP] 4112 inv=FFFD len=2 #5 6fc4
2026-10-03 00:14:41.843 [OP] 4033 inv=FFEB len=20 #2 fd0b8ffafd2b1f805b64002de9faa35a4569da64
2026-10-03 00:14:43.042 [OP] 4031 inv=FFE0 len=31 #1 fddccaa3ed1f805b6451e416f163829055542a300bdc39d0349a7150d8ee0b
2026-10-03 00:14:43.881 [SETTLE] exp=2 gold=199366 len=393
2026-10-03 00:14:43.881 [OP] 472A inv=FE76 len=393 #1 33b4de1fc75b64510bdcfaa32b1f805b64510bdce8a32b1f805b64510bdcfaa32b1f805b64510bdc4e722b1f805b6451a190faa32b1f805b64510bdcfaa32b1f805b64510bdcfaa32b1f805b64510bdcfaa32b1f805b64510bdcfaa32b1f805b64510bdcfaa32b1f805b64510bdcfaa32b1f805b64510bdcfaa32b1f805b64510bdcfaa32b1f805b64510bdcb5a32b1fc3956451fa6ffaa3731f805bd3580bdc
2026-10-03 00:14:43.914 [EVENT] sock=2512 hEvent=00000824 events=0x0
2026-10-03 00:14:43.914 [EVENT] sock=2512 hEvent=00000824 events=0x21
2026-10-03 00:14:43.962 [OP] 42CE inv=FFFB len=4 #1 c87f510b
2026-10-03 00:14:44.065 [OP] 4610 inv=FFFE len=1 #5 31
2026-10-03 00:14:44.065 [OP] 4211 inv=FFF6 len=9 #1 aa5b6451803e22a34a
2026-10-03 00:14:44.065 [OP] 4211 inv=FFF6 len=9 #2 aa5b64515ca722a34a
2026-10-03 00:14:44.065 [OP] 4211 inv=FFF6 len=9 #3 aa5b6451e3a722a34a
2026-10-03 00:14:44.065 [OP] 4211 inv=FFF6 len=9 #4 aa5b64516d3e22a34a
2026-10-03 00:14:44.771 [OP] EFFE inv=FFFE len=1 #2 0b
2026-10-03 00:14:44.923 [EVENT] sock=2512 hEvent=00000824 events=0x0
2026-10-03 00:14:44.925 [EVENT] sock=2512 hEvent=00000824 events=0x21
2026-10-03 00:14:45.923 [EVENT] sock=2512 hEvent=00000824 events=0x0
2026-10-03 00:14:45.924 [EVENT] sock=2512 hEvent=00000824 events=0x21
2026-10-03 00:14:46.068 [OP] 46FE inv=FFFF len=0 #1 
2026-10-03 00:14:46.927 [EVENT] sock=2512 hEvent=00000824 events=0x0
2026-10-03 00:14:46.927 [EVENT] sock=2512 hEvent=00000824 events=0x21
2026-10-03 00:14:47.921 [EVENT] sock=2512 hEvent=00000824 events=0x0
2026-10-03 00:14:47.922 [EVENT] sock=2512 hEvent=00000824 events=0x21
2026-10-03 00:14:48.066 [OP] 4100 inv=FFF9 len=6 #2 98aa437f417f
2026-10-03 00:14:48.142 [EVENT] sock=2512 hEvent=00000824 events=0x0
2026-10-03 00:14:48.143 [EVENT] sock=2512 hEvent=00000824 events=0x21
2026-10-03 00:14:48.160 [OP] 4101 inv=FC35 len=970 #2 63cdfc0b90faa32b1f805b64a552155aa32b1f805b64510bdcfaa32b1f805b64510bdcfaa32b1f80a1d9b2b2dcfa86de1f805b64510b9d22a32b1f805b64510bdcfaa32b1f807aecfc0b52faa32b1f805b6416ffdcfa222a1f80dffc510bf0b3a32bc8d97b81a552155a4e78c8d96c64510b155a4e78caa0ed3572a47db7854d1f805b64510bdcfa8e3084805b64510bdca1b72b1f805b64510bdcfaa32b1f80
2026-10-03 00:14:48.207 [OP] 4F52 inv=FFFF len=0 #3 
2026-10-03 00:14:49.134 [EVENT] sock=2512 hEvent=00000824 events=0x0
2026-10-03 00:14:49.135 [EVENT] sock=2512 hEvent=00000824 events=0x21
2026-10-03 00:14:51.266 [EVENT] sock=2512 hEvent=00000824 events=0x0
2026-10-03 00:14:51.266 [EVENT] sock=2512 hEvent=00000824 events=0x21
2026-10-03 00:14:51.355 [OP] 4110 inv=FFFD len=2 #2 4d2b
2026-10-03 00:14:55.785 [OP] EFFE inv=FFFE len=1 #3 0b
2026-10-03 00:14:58.221 [EVENT] sock=2512 hEvent=00000824 events=0x0
2026-10-03 00:14:58.221 [EVENT] sock=2512 hEvent=00000824 events=0x21
2026-10-03 00:14:58.266 [OP] 4F52 inv=FFFF len=0 #4 
2026-10-03 00:15:00.097 [EVENT] sock=2688 hEvent=00000A58 events=0x0
2026-10-03 00:15:00.097 [EVENT] sock=2688 hEvent=00000A58 events=0x21
2026-10-03 00:15:00.448 [OP] F005 inv=FFE7 len=24 #1 26b35c3828d7512b1f805b64510bdcfaa3de1f80831f0dd6
2026-10-03 00:15:02.986 [OP] 4211 inv=FFF6 len=9 #5 aa5b6451803e22a34a
2026-10-03 00:15:03.095 [SETTLE] exp=2 gold=199366 len=393
2026-10-03 00:15:03.095 [OP] 472A inv=FE76 len=393 #2 33b4de1fc75b64510bdcfaa32b1f805b64510bdce8a32b1f805b64510bdcfaa32b1f805b64510bdc4e722b1f805b64513c6ffaa32b1f805b64510bdcfaa32b1f805b64510bdcfaa32b1f805b64510bdcfaa32b1f805b64510bdcfaa32b1f805b64510bdcfaa32b1f805b64510bdcfaa32b1f805b64510bdcfaa32b1f805b64510bdcfaa32b1f805b64510bdcbdf82b1f2c5b6451fa6ffaa391ca805b5c510bdc
2026-10-03 00:15:03.095 [OP] 42CE inv=FFFB len=4 #2 c87f510b
2026-10-03 00:15:03.138 [EVENT] sock=2512 hEvent=00000824 events=0x0
2026-10-03 00:15:03.138 [EVENT] sock=2512 hEvent=00000824 events=0x21
2026-10-03 00:15:04.150 [EVENT] sock=2512 hEvent=00000824 events=0x0
2026-10-03 00:15:04.150 [EVENT] sock=2512 hEvent=00000824 events=0x21
2026-10-03 00:15:05.140 [EVENT] sock=2512 hEvent=00000824 events=0x0
2026-10-03 00:15:05.140 [EVENT] sock=2512 hEvent=00000824 events=0x21
2026-10-03 00:15:06.140 [EVENT] sock=2512 hEvent=00000824 events=0x0
2026-10-03 00:15:06.140 [EVENT] sock=2512 hEvent=00000824 events=0x21
2026-10-03 00:15:07.143 [EVENT] sock=2512 hEvent=00000824 events=0x0
2026-10-03 00:15:07.143 [EVENT] sock=2512 hEvent=00000824 events=0x21
2026-10-03 00:15:08.144 [EVENT] sock=2512 hEvent=00000824 events=0x0
2026-10-03 00:15:08.144 [EVENT] sock=2512 hEvent=00000824 events=0x21
2026-10-03 00:15:08.536 [PIPE] controller connected
2026-10-03 00:15:09.142 [EVENT] sock=2512 hEvent=00000824 events=0x0
2026-10-03 00:15:09.142 [EVENT] sock=2512 hEvent=00000824 events=0x21
2026-10-03 00:15:09.659 [OP] 4100 inv=FFF9 len=6 #3 98aa61f8a47f
2026-10-03 00:15:09.659 [OP] 4101 inv=FC35 len=970 #3 63cdfc0b90faa32b1f805b64a552155aa32b1f805b64510bdcfaa32b1f805b64510bdcfaa32b1f80a1d9b2b2dcfa86de1f805b64510b9d22a32b1f805b64510bdcfaa32b1f807aecfc0b52faa32b1f805b6416ffdcfa222a1f80dffc510bf0b3a32bc8d97b81a552155a4e78c8d96c64510b155a4e78caa0ed3572a47db7854d1f805b64510bdcfa713084805b64510bdca1b72b1f805b64510bdcfaa32b1f80
2026-10-03 00:15:09.758 [EVENT] sock=2512 hEvent=00000824 events=0x0
2026-10-03 00:15:09.758 [EVENT] sock=2512 hEvent=00000824 events=0x21
2026-10-03 00:15:09.811 [OP] 4F52 inv=FFFF len=0 #5 
2026-10-03 00:15:10.731 [EVENT] sock=2512 hEvent=00000824 events=0x0
2026-10-03 00:15:10.732 [EVENT] sock=2512 hEvent=00000824 events=0x21
2026-10-03 00:15:10.833 [OP] EFFE inv=FFFE len=1 #4 0b
2026-10-03 00:15:12.981 [EVENT] sock=2512 hEvent=00000824 events=0x0
2026-10-03 00:15:12.981 [EVENT] sock=2512 hEvent=00000824 events=0x21
2026-10-03 00:15:13.117 [OP] 4110 inv=FFFD len=2 #3 4d2b
2026-10-03 00:15:16.272 [OP] 46FE inv=FFFF len=0 #2 
2026-10-03 00:15:19.818 [EVENT] sock=2512 hEvent=00000824 events=0x0
2026-10-03 00:15:19.818 [EVENT] sock=2512 hEvent=00000824 events=0x21
2026-10-03 00:15:21.814 [OP] EFFE inv=FFFE len=1 #5 0b
2026-10-03 00:15:23.767 [OP] 4031 inv=FFD8 len=39 #2 47a3c41f805b6451ecdc2b6cb91c363ed8893ca224290a71d546645134222aca668805af48de0b
2026-10-03 00:15:26.597 [SETTLE] exp=2 gold=199366 len=393
2026-10-03 00:15:26.597 [OP] 472A inv=FE76 len=393 #3 33b4de1fc75b64510bdcfaa32b1f805b64510bdce8a32b1f805b64510bdcfaa32b1f805b64510bdc4e722b1f805b64513c6ffaa32b1f805b64510bdcfaa32b1f805b64510bdcfaa32b1f805b64510bdcfaa32b1f805b64510bdcfaa32b1f805b64510bdcfaa32b1f805b64510bdcfaa32b1f805b64510bdcfaa32b1f805b64510bdcfaa32b1f805b64510bdcb5a32b1f2c5b645153dcfaa3731f805bd3580bdc
2026-10-03 00:15:26.636 [EVENT] sock=2512 hEvent=00000824 events=0x0
2026-10-03 00:15:26.636 [EVENT] sock=2512 hEvent=00000824 events=0x21
2026-10-03 00:15:26.682 [OP] 42CE inv=FFFB len=4 #3 c87f510b
2026-10-03 00:15:27.640 [EVENT] sock=2512 hEvent=00000824 events=0x0
2026-10-03 00:15:27.641 [EVENT] sock=2512 hEvent=00000824 events=0x21
2026-10-03 00:15:28.638 [EVENT] sock=2512 hEvent=00000824 events=0x0
2026-10-03 00:15:28.639 [EVENT] sock=2512 hEvent=00000824 events=0x21
2026-10-03 00:15:29.648 [EVENT] sock=2512 hEvent=00000824 events=0x0
2026-10-03 00:15:29.648 [EVENT] sock=2512 hEvent=00000824 events=0x21
2026-10-03 00:15:30.444 [PIPE] controller disconnected
2026-10-03 00:15:30.642 [EVENT] sock=2512 hEvent=00000824 events=0x0
2026-10-03 00:15:30.642 [EVENT] sock=2512 hEvent=00000824 events=0x21
2026-10-03 00:15:30.797 [OP] 4100 inv=FFF9 len=6 #4 98aa34f8677f
2026-10-03 00:15:30.797 [OP] 4101 inv=FBFD len=1026 #4 b4b252fadb2b1f805b64510b155a4e781f805b64510bdcfaa32b1f805b64510bdcfaa32b1f805b6441fd8b53a32bc9ce5b64510bdcfa86de1f805b64510bdcfaa32b1f805b64238052fa392b1f805b64510bc2a0a32b6d5d5b64da64dcfa33f21f807b81a552155a4e78c8d97b81660bdcfa4e78c8d995a91e2e6974c766e50e5b64510bdcfaa32b39532764510bdcfaa33084805b64510bdcfaa32b1f805b64
2026-10-03 00:15:30.920 [EVENT] sock=2512 hEvent=00000824 events=0x0
2026-10-03 00:15:30.920 [EVENT] sock=2512 hEvent=00000824 events=0x21
2026-10-03 00:15:31.876 [EVENT] sock=2512 hEvent=00000824 events=0x0
2026-10-03 00:15:31.877 [EVENT] sock=2512 hEvent=00000824 events=0x21
2026-10-03 00:15:34.097 [EVENT] sock=2512 hEvent=00000824 events=0x0
2026-10-03 00:15:34.097 [EVENT] sock=2512 hEvent=00000824 events=0x21
2026-10-03 00:15:34.232 [OP] 4110 inv=FFFD len=2 #4 4d2b
2026-10-03 00:15:34.246 [EVENT] sock=2688 hEvent=00000A58 events=0x0
2026-10-03 00:15:34.246 [EVENT] sock=2688 hEvent=00000A58 events=0x21
2026-10-03 00:15:40.986 [EVENT] sock=2512 hEvent=00000824 events=0x0
2026-10-03 00:15:40.986 [EVENT] sock=2512 hEvent=00000824 events=0x21
2026-10-03 00:15:46.515 [OP] 46FE inv=FFFF len=0 #3 
2026-10-03 00:15:48.522 [EVENT] sock=2512 hEvent=00000824 events=0x0
2026-10-03 00:15:48.522 [EVENT] sock=2512 hEvent=00000824 events=0x21
2026-10-03 00:15:48.676 [OP] 4110 inv=FFFD len=2 #5 b72b
2026-10-03 00:15:51.089 [EVENT] sock=2512 hEvent=00000824 events=0x0
2026-10-03 00:15:51.089 [EVENT] sock=2512 hEvent=00000824 events=0x21
2026-10-03 00:15:54.591 [SETTLE] exp=1 gold=199366 len=403
2026-10-03 00:15:54.592 [OP] 472A inv=FE6C len=403 #4 33b4de1faa5b64510bdcfaa32b1f805b64510bdce8a32b1f805b64510bdcfaa32b1f805b64510bdc4e722b1f805b6451f46ffaa32b1f805b64510bdcfaa32b1f805b64510bdcfaa32b1f805b64510bdcfaa32b1f805b64510bdcfaa32b1f805b64510bdcfaa32b1f805b64510bdcfaa32b1f805b64510bdcfaa32b1f805b64510bdcfaa32b1f805b64510bdcb5a32b1f2c5b6451fa6ffaa3ccca805b5c510bdc
2026-10-03 00:15:54.629 [EVENT] sock=2512 hEvent=00000824 events=0x0
2026-10-03 00:15:54.629 [EVENT] sock=2512 hEvent=00000824 events=0x21
2026-10-03 00:15:54.674 [OP] 42CE inv=FFFB len=4 #4 c87f510b
2026-10-03 00:15:55.638 [EVENT] sock=2512 hEvent=00000824 events=0x0
2026-10-03 00:15:55.638 [EVENT] sock=2512 hEvent=00000824 events=0x21
2026-10-03 00:15:55.813 [EVENT] sock=2512 hEvent=00000824 events=0x0
2026-10-03 00:15:55.813 [EVENT] sock=2512 hEvent=00000824 events=0x21
2026-10-03 00:15:55.942 [OP] 4721 inv=FFF7 len=8 #1 efc2392b1fa49564
2026-10-03 00:15:56.634 [EVENT] sock=2512 hEvent=00000824 events=0x0
2026-10-03 00:15:56.635 [EVENT] sock=2512 hEvent=00000824 events=0x21
2026-10-03 00:15:57.643 [EVENT] sock=2512 hEvent=00000824 events=0x0
2026-10-03 00:15:57.643 [EVENT] sock=2512 hEvent=00000824 events=0x21
2026-10-03 00:15:58.631 [EVENT] sock=2512 hEvent=00000824 events=0x0
2026-10-03 00:15:58.631 [EVENT] sock=2512 hEvent=00000824 events=0x21
2026-10-03 00:15:59.635 [EVENT] sock=2512 hEvent=00000824 events=0x0
2026-10-03 00:15:59.636 [EVENT] sock=2512 hEvent=00000824 events=0x21
2026-10-03 00:16:00.636 [EVENT] sock=2512 hEvent=00000824 events=0x0
2026-10-03 00:16:00.636 [EVENT] sock=2512 hEvent=00000824 events=0x21
2026-10-03 00:16:00.779 [OP] 4100 inv=FFF9 len=6 #5 98aa437f417f
2026-10-03 00:16:00.861 [EVENT] sock=2512 hEvent=00000824 events=0x0
2026-10-03 00:16:00.862 [EVENT] sock=2512 hEvent=00000824 events=0x21
2026-10-03 00:16:00.872 [OP] 4101 inv=FC35 len=970 #5 63cdfc0b90faa32b1f805b64a552155aa32b1f805b64510bdcfaa32b1f805b64510bdcfaa32b1f80a1d9b2b2dcfa86de1f805b64510b9d22a32b1f805b64510bdcfaa32b1f807aecfc0b52faa32b1f805b6416ffdcfa222a1f80dffc510bf0b3a32bc8d97b81a552155a4e78c8d96c64510b155a4e78caa0ed3572a47db7854d1f805b64510bdcfae13084805b64510bdca1b72b1f805b64510bdcfaa32b1f80
2026-10-03 00:16:01.852 [EVENT] sock=2512 hEvent=00000824 events=0x0
2026-10-03 00:16:01.852 [EVENT] sock=2512 hEvent=00000824 events=0x21
2026-10-03 00:16:04.063 [EVENT] sock=2512 hEvent=00000824 events=0x0
2026-10-03 00:16:04.063 [EVENT] sock=2512 hEvent=00000824 events=0x21
2026-10-03 00:16:04.246 [EVENT] sock=2688 hEvent=00000A58 events=0x0
2026-10-03 00:16:04.246 [EVENT] sock=2688 hEvent=00000A58 events=0x21
2026-10-03 00:16:10.928 [EVENT] sock=2512 hEvent=00000824 events=0x0
2026-10-03 00:16:10.928 [EVENT] sock=2512 hEvent=00000824 events=0x21
2026-10-03 00:16:16.730 [OP] 46FE inv=FFFF len=0 #4 
2026-10-03 00:16:17.803 [SETTLE] exp=2 gold=199366 len=393
2026-10-03 00:16:17.803 [OP] 472A inv=FE76 len=393 #5 33b4de1fc75b64510bdcfaa32b1f805b64510bdcc4a32b1f805b64510bdcfaa32b1f805b64510bdc4e722b1f805b645122dcfaa32b1f805b64510bdcfaa32b1f805b64510bdcfaa32b1f805b64510bdcfaa32b1f805b64510bdcfaa32b1f805b64510bdcfaa32b1f805b64510bdcfaa32b1f805b64510bdcfaa32b1f805b64510bdcfaa32b1f805b64510bdcb5a32b1f1b95645153dcfaa3731f805b5c510bdc
2026-10-03 00:16:17.838 [EVENT] sock=2512 hEvent=00000824 events=0x0
2026-10-03 00:16:17.838 [EVENT] sock=2512 hEvent=00000824 events=0x21
2026-10-03 00:16:17.888 [OP] 42CE inv=FFFB len=4 #5 c87f510b
2026-10-03 00:16:18.843 [EVENT] sock=2512 hEvent=00000824 events=0x0
2026-10-03 00:16:18.845 [EVENT] sock=2512 hEvent=00000824 events=0x21
2026-10-03 00:16:19.834 [EVENT] sock=2512 hEvent=00000824 events=0x0
2026-10-03 00:16:19.834 [EVENT] sock=2512 hEvent=00000824 events=0x21
2026-10-03 00:16:19.846 [EVENT] sock=2512 hEvent=00000824 events=0x0
2026-10-03 00:16:19.846 [EVENT] sock=2512 hEvent=00000824 events=0x21
2026-10-03 00:16:19.912 [OP] 4029 inv=FFDF len=32 #1 63cdfc0b606ea32b1f805b64cf7fdcfaa32b1f8094ecfc0b90c4902bec809564
2026-10-03 00:16:20.840 [EVENT] sock=2512 hEvent=00000824 events=0x0
2026-10-03 00:16:20.840 [EVENT] sock=2512 hEvent=00000824 events=0x21
2026-10-03 00:16:21.855 [EVENT] sock=2512 hEvent=00000824 events=0x0
2026-10-03 00:16:21.855 [EVENT] sock=2512 hEvent=00000824 events=0x21
2026-10-03 00:16:22.853 [EVENT] sock=2512 hEvent=00000824 events=0x0
2026-10-03 00:16:22.853 [EVENT] sock=2512 hEvent=00000824 events=0x21
2026-10-03 00:16:23.854 [EVENT] sock=2512 hEvent=00000824 events=0x0
2026-10-03 00:16:23.854 [EVENT] sock=2512 hEvent=00000824 events=0x21
2026-10-03 00:16:24.853 [EVENT] sock=2512 hEvent=00000824 events=0x0
2026-10-03 00:16:24.854 [EVENT] sock=2512 hEvent=00000824 events=0x21
2026-10-03 00:16:25.069 [EVENT] sock=2512 hEvent=00000824 events=0x0
2026-10-03 00:16:25.069 [EVENT] sock=2512 hEvent=00000824 events=0x21
2026-10-03 00:16:26.069 [EVENT] sock=2512 hEvent=00000824 events=0x0
2026-10-03 00:16:26.069 [EVENT] sock=2512 hEvent=00000824 events=0x21
2026-10-03 00:16:28.155 [OP] 4031 inv=FFCD len=50 #3 00fa462b9d805b64510b2c93e6dd8227f8fdf97df8ee2b02527eca6dd785086dd72746340b9193a45cac652b1fc0b1a8420b
2026-10-03 00:16:28.243 [EVENT] sock=2512 hEvent=00000824 events=0x0
2026-10-03 00:16:28.244 [EVENT] sock=2512 hEvent=00000824 events=0x21
2026-10-03 00:16:34.247 [EVENT] sock=2688 hEvent=00000A58 events=0x0
2026-10-03 00:16:34.247 [EVENT] sock=2688 hEvent=00000A58 events=0x21
2026-10-03 00:16:35.125 [EVENT] sock=2512 hEvent=00000824 events=0x0
2026-10-03 00:16:35.126 [EVENT] sock=2512 hEvent=00000824 events=0x21
2026-10-03 00:16:43.709 [SETTLE] exp=2 gold=199366 len=403
2026-10-03 00:16:43.734 [EVENT] sock=2512 hEvent=00000824 events=0x0
2026-10-03 00:16:43.735 [EVENT] sock=2512 hEvent=00000824 events=0x21
2026-10-03 00:16:43.966 [EVENT] sock=2512 hEvent=00000824 events=0x0
2026-10-03 00:16:43.967 [EVENT] sock=2512 hEvent=00000824 events=0x21
2026-10-03 00:16:44.186 [OP] 4721 inv=FFF7 len=8 #2 efc2392b1fa49564
2026-10-03 00:16:44.736 [EVENT] sock=2512 hEvent=00000824 events=0x0
2026-10-03 00:16:44.736 [EVENT] sock=2512 hEvent=00000824 events=0x21
2026-10-03 00:16:45.735 [EVENT] sock=2512 hEvent=00000824 events=0x0
2026-10-03 00:16:45.736 [EVENT] sock=2512 hEvent=00000824 events=0x21
2026-10-03 00:16:46.735 [EVENT] sock=2512 hEvent=00000824 events=0x0
2026-10-03 00:16:46.736 [EVENT] sock=2512 hEvent=00000824 events=0x21
2026-10-03 00:16:46.929 [OP] 46FE inv=FFFF len=0 #5 
2026-10-03 00:16:47.735 [EVENT] sock=2512 hEvent=00000824 events=0x0
2026-10-03 00:16:47.736 [EVENT] sock=2512 hEvent=00000824 events=0x21
2026-10-03 00:16:47.987 [EVENT] sock=2512 hEvent=00000824 events=0x0
2026-10-03 00:16:47.987 [EVENT] sock=2512 hEvent=00000824 events=0x21
2026-10-03 00:16:48.962 [EVENT] sock=2512 hEvent=00000824 events=0x0
2026-10-03 00:16:48.962 [EVENT] sock=2512 hEvent=00000824 events=0x21
2026-10-03 00:16:51.126 [EVENT] sock=2512 hEvent=00000824 events=0x0
2026-10-03 00:16:51.126 [EVENT] sock=2512 hEvent=00000824 events=0x21
2026-10-03 00:16:52.432 [OP] 4031 inv=FFD5 len=42 #4 b70bfafa212b1f805b640063434edc6e994de63354def41d182794eb26a1680bdc39d0349a7150d8ee0b
2026-10-03 00:16:53.795 [OP] F005 inv=FFE7 len=24 #2 ed3572a4b607854d1f805b64510bdcfaa3def710031ad20c
2026-10-03 00:16:55.587 [OP] F005 inv=FFE7 len=24 #3 ed3572a47db7854d1f805b64510bdcfaa3def0cab430d20c
2026-10-03 00:16:57.702 [OP] F005 inv=FFE7 len=24 #4 26b35c3828d7972b1f805b64510bdcfaa3de9b10b41a3d0c
2026-10-03 00:16:58.053 [EVENT] sock=2512 hEvent=00000824 events=0x0
2026-10-03 00:16:58.053 [EVENT] sock=2512 hEvent=00000824 events=0x21
2026-10-03 00:17:04.247 [EVENT] sock=2688 hEvent=00000A58 events=0x0
2026-10-03 00:17:04.247 [EVENT] sock=2688 hEvent=00000A58 events=0x21
2026-10-03 00:17:08.113 [EVENT] sock=2512 hEvent=00000824 events=0x0
2026-10-03 00:17:08.113 [EVENT] sock=2512 hEvent=00000824 events=0x21
2026-10-03 00:17:08.805 [SETTLE] exp=1 gold=199366 len=403
2026-10-03 00:17:08.829 [EVENT] sock=2512 hEvent=00000824 events=0x0
2026-10-03 00:17:08.829 [EVENT] sock=2512 hEvent=00000824 events=0x21
2026-10-03 00:17:09.837 [EVENT] sock=2512 hEvent=00000824 events=0x0
2026-10-03 00:17:09.838 [EVENT] sock=2512 hEvent=00000824 events=0x21
2026-10-03 00:17:10.075 [EVENT] sock=2512 hEvent=00000824 events=0x0
2026-10-03 00:17:10.075 [EVENT] sock=2512 hEvent=00000824 events=0x21
2026-10-03 00:17:10.176 [OP] 4721 inv=FFF7 len=8 #3 efc2392b1fa49564
2026-10-03 00:17:10.838 [EVENT] sock=2512 hEvent=00000824 events=0x0
2026-10-03 00:17:10.838 [EVENT] sock=2512 hEvent=00000824 events=0x21
2026-10-03 00:17:11.837 [EVENT] sock=2512 hEvent=00000824 events=0x0
2026-10-03 00:17:11.838 [EVENT] sock=2512 hEvent=00000824 events=0x21
2026-10-03 00:17:12.840 [EVENT] sock=2512 hEvent=00000824 events=0x0
2026-10-03 00:17:12.840 [EVENT] sock=2512 hEvent=00000824 events=0x21
2026-10-03 00:17:13.844 [EVENT] sock=2512 hEvent=00000824 events=0x0
2026-10-03 00:17:13.845 [EVENT] sock=2512 hEvent=00000824 events=0x21
2026-10-03 00:17:14.830 [EVENT] sock=2512 hEvent=00000824 events=0x0
2026-10-03 00:17:14.831 [EVENT] sock=2512 hEvent=00000824 events=0x21
2026-10-03 00:17:15.835 [EVENT] sock=2512 hEvent=00000824 events=0x0
2026-10-03 00:17:15.836 [EVENT] sock=2512 hEvent=00000824 events=0x21
2026-10-03 00:17:16.064 [EVENT] sock=2512 hEvent=00000824 events=0x0
2026-10-03 00:17:16.064 [EVENT] sock=2512 hEvent=00000824 events=0x21
2026-10-03 00:17:17.058 [EVENT] sock=2512 hEvent=00000824 events=0x0
2026-10-03 00:17:17.058 [EVENT] sock=2512 hEvent=00000824 events=0x21
2026-10-03 00:17:19.208 [EVENT] sock=2512 hEvent=00000824 events=0x0
2026-10-03 00:17:19.208 [EVENT] sock=2512 hEvent=00000824 events=0x21
2026-10-03 00:17:26.115 [EVENT] sock=2512 hEvent=00000824 events=0x0
2026-10-03 00:17:26.116 [EVENT] sock=2512 hEvent=00000824 events=0x21
2026-10-03 00:17:30.345 [OP] 4031 inv=FFDC len=35 #5 775bf151c0dcfaa32b1f36b0eb689350ccce826805987b050bdc39d0349a7150d8ee0b
2026-10-03 00:17:31.513 [SETTLE] exp=2 gold=199366 len=393
2026-10-03 00:17:31.548 [EVENT] sock=2512 hEvent=00000824 events=0x0
2026-10-03 00:17:31.548 [EVENT] sock=2512 hEvent=00000824 events=0x21
2026-10-03 00:17:32.552 [EVENT] sock=2512 hEvent=00000824 events=0x0
2026-10-03 00:17:32.552 [EVENT] sock=2512 hEvent=00000824 events=0x21
2026-10-03 00:17:33.538 [EVENT] sock=2512 hEvent=00000824 events=0x0
2026-10-03 00:17:33.538 [EVENT] sock=2512 hEvent=00000824 events=0x21
2026-10-03 00:17:33.551 [EVENT] sock=2512 hEvent=00000824 events=0x0
2026-10-03 00:17:33.552 [EVENT] sock=2512 hEvent=00000824 events=0x21
2026-10-03 00:17:33.641 [OP] 4029 inv=FFDF len=32 #2 63cdfc0b606ea32b1f805b64cf7fdcfaa32b1f80947a510b90c4902b62809564
2026-10-03 00:17:34.249 [EVENT] sock=2688 hEvent=00000A58 events=0x0
2026-10-03 00:17:34.249 [EVENT] sock=2688 hEvent=00000A58 events=0x21
2026-10-03 00:17:34.554 [EVENT] sock=2512 hEvent=00000824 events=0x0
2026-10-03 00:17:34.554 [EVENT] sock=2512 hEvent=00000824 events=0x21
2026-10-03 00:17:35.547 [EVENT] sock=2512 hEvent=00000824 events=0x0
2026-10-03 00:17:35.547 [EVENT] sock=2512 hEvent=00000824 events=0x21
2026-10-03 00:17:36.552 [EVENT] sock=2512 hEvent=00000824 events=0x0
2026-10-03 00:17:36.552 [EVENT] sock=2512 hEvent=00000824 events=0x21
2026-10-03 00:17:37.558 [EVENT] sock=2512 hEvent=00000824 events=0x0
2026-10-03 00:17:37.558 [EVENT] sock=2512 hEvent=00000824 events=0x21
2026-10-03 00:17:37.818 [EVENT] sock=2512 hEvent=00000824 events=0x0
2026-10-03 00:17:37.818 [EVENT] sock=2512 hEvent=00000824 events=0x21
2026-10-03 00:17:38.773 [EVENT] sock=2512 hEvent=00000824 events=0x0
2026-10-03 00:17:38.774 [EVENT] sock=2512 hEvent=00000824 events=0x21
2026-10-03 00:17:41.039 [EVENT] sock=2512 hEvent=00000824 events=0x0
2026-10-03 00:17:41.039 [EVENT] sock=2512 hEvent=00000824 events=0x21
2026-10-03 00:17:47.888 [EVENT] sock=2512 hEvent=00000824 events=0x0
2026-10-03 00:17:47.888 [EVENT] sock=2512 hEvent=00000824 events=0x21
2026-10-03 00:17:50.496 [SETTLE] exp=2 gold=199366 len=393
2026-10-03 00:17:50.527 [EVENT] sock=2512 hEvent=00000824 events=0x0
2026-10-03 00:17:50.527 [EVENT] sock=2512 hEvent=00000824 events=0x21
2026-10-03 00:17:51.541 [EVENT] sock=2512 hEvent=00000824 events=0x0
2026-10-03 00:17:51.541 [EVENT] sock=2512 hEvent=00000824 events=0x21
2026-10-03 00:17:52.541 [EVENT] sock=2512 hEvent=00000824 events=0x0
2026-10-03 00:17:52.542 [EVENT] sock=2512 hEvent=00000824 events=0x21
2026-10-03 00:17:53.532 [EVENT] sock=2512 hEvent=00000824 events=0x0
2026-10-03 00:17:53.532 [EVENT] sock=2512 hEvent=00000824 events=0x21
2026-10-03 00:17:54.531 [EVENT] sock=2512 hEvent=00000824 events=0x0
2026-10-03 00:17:54.532 [EVENT] sock=2512 hEvent=00000824 events=0x21
2026-10-03 00:17:54.766 [EVENT] sock=2512 hEvent=00000824 events=0x0
2026-10-03 00:17:54.766 [EVENT] sock=2512 hEvent=00000824 events=0x21
2026-10-03 00:17:55.727 [EVENT] sock=2512 hEvent=00000824 events=0x0
2026-10-03 00:17:55.727 [EVENT] sock=2512 hEvent=00000824 events=0x21
2026-10-03 00:17:57.920 [EVENT] sock=2512 hEvent=00000824 events=0x0
2026-10-03 00:17:57.920 [EVENT] sock=2512 hEvent=00000824 events=0x21
2026-10-03 00:18:04.249 [EVENT] sock=2688 hEvent=00000A58 events=0x0
2026-10-03 00:18:04.249 [EVENT] sock=2688 hEvent=00000A58 events=0x21
2026-10-03 00:18:04.831 [EVENT] sock=2512 hEvent=00000824 events=0x0
2026-10-03 00:18:04.831 [EVENT] sock=2512 hEvent=00000824 events=0x21
2026-10-03 00:18:09.425 [EVENT] sock=2512 hEvent=00000824 events=0x0
2026-10-03 00:18:09.425 [EVENT] sock=2512 hEvent=00000824 events=0x21
2026-10-03 00:18:12.944 [SETTLE] exp=2 gold=199366 len=403
2026-10-03 00:18:12.981 [EVENT] sock=2512 hEvent=00000824 events=0x0
2026-10-03 00:18:12.981 [EVENT] sock=2512 hEvent=00000824 events=0x21
2026-10-03 00:18:13.987 [EVENT] sock=2512 hEvent=00000824 events=0x0
2026-10-03 00:18:13.987 [EVENT] sock=2512 hEvent=00000824 events=0x21
2026-10-03 00:18:14.355 [EVENT] sock=2512 hEvent=00000824 events=0x0
2026-10-03 00:18:14.355 [EVENT] sock=2512 hEvent=00000824 events=0x21
2026-10-03 00:18:14.450 [OP] 4721 inv=FFF7 len=8 #4 efc2392b1fa49564
2026-10-03 00:18:14.985 [EVENT] sock=2512 hEvent=00000824 events=0x0
2026-10-03 00:18:14.986 [EVENT] sock=2512 hEvent=00000824 events=0x21
2026-10-03 00:18:15.989 [EVENT] sock=2512 hEvent=00000824 events=0x0
2026-10-03 00:18:15.990 [EVENT] sock=2512 hEvent=00000824 events=0x21
2026-10-03 00:18:16.990 [EVENT] sock=2512 hEvent=00000824 events=0x0
2026-10-03 00:18:16.991 [EVENT] sock=2512 hEvent=00000824 events=0x21
2026-10-03 00:18:17.981 [EVENT] sock=2512 hEvent=00000824 events=0x0
2026-10-03 00:18:17.982 [EVENT] sock=2512 hEvent=00000824 events=0x21
2026-10-03 00:18:18.995 [EVENT] sock=2512 hEvent=00000824 events=0x0
2026-10-03 00:18:18.996 [EVENT] sock=2512 hEvent=00000824 events=0x21
2026-10-03 00:18:19.991 [EVENT] sock=2512 hEvent=00000824 events=0x0
2026-10-03 00:18:19.992 [EVENT] sock=2512 hEvent=00000824 events=0x21
2026-10-03 00:18:20.994 [EVENT] sock=2512 hEvent=00000824 events=0x0
2026-10-03 00:18:20.995 [EVENT] sock=2512 hEvent=00000824 events=0x21
2026-10-03 00:18:21.995 [EVENT] sock=2512 hEvent=00000824 events=0x0
2026-10-03 00:18:21.995 [EVENT] sock=2512 hEvent=00000824 events=0x21
2026-10-03 00:18:22.287 [EVENT] sock=2512 hEvent=00000824 events=0x0
2026-10-03 00:18:22.287 [EVENT] sock=2512 hEvent=00000824 events=0x21
2026-10-03 00:18:23.249 [EVENT] sock=2512 hEvent=00000824 events=0x0
2026-10-03 00:18:23.249 [EVENT] sock=2512 hEvent=00000824 events=0x21
2026-10-03 00:18:25.386 [EVENT] sock=2512 hEvent=00000824 events=0x0
2026-10-03 00:18:25.386 [EVENT] sock=2512 hEvent=00000824 events=0x21
2026-10-03 00:18:30.002 [OP] 4033 inv=FFE6 len=25 #3 3b1fef5b64510bdcfaa3d44e7c025088487dfaa3490dd5d364
2026-10-03 00:18:32.357 [EVENT] sock=2512 hEvent=00000824 events=0x0
2026-10-03 00:18:32.357 [EVENT] sock=2512 hEvent=00000824 events=0x21
2026-10-03 00:18:34.249 [EVENT] sock=2688 hEvent=00000A58 events=0x0
2026-10-03 00:18:34.249 [EVENT] sock=2688 hEvent=00000A58 events=0x21
2026-10-03 00:18:41.051 [SETTLE] exp=2 gold=199366 len=393
2026-10-03 00:18:41.106 [EVENT] sock=2512 hEvent=00000824 events=0x0
2026-10-03 00:18:41.107 [EVENT] sock=2512 hEvent=00000824 events=0x21
2026-10-03 00:18:42.122 [EVENT] sock=2512 hEvent=00000824 events=0x0
2026-10-03 00:18:42.122 [EVENT] sock=2512 hEvent=00000824 events=0x21
2026-10-03 00:18:43.128 [EVENT] sock=2512 hEvent=00000824 events=0x0
2026-10-03 00:18:43.128 [EVENT] sock=2512 hEvent=00000824 events=0x21
2026-10-03 00:18:44.123 [EVENT] sock=2512 hEvent=00000824 events=0x0
2026-10-03 00:18:44.125 [EVENT] sock=2512 hEvent=00000824 events=0x21
2026-10-03 00:18:45.123 [EVENT] sock=2512 hEvent=00000824 events=0x0
2026-10-03 00:18:45.123 [EVENT] sock=2512 hEvent=00000824 events=0x21
2026-10-03 00:18:45.343 [EVENT] sock=2512 hEvent=00000824 events=0x0
2026-10-03 00:18:45.344 [EVENT] sock=2512 hEvent=00000824 events=0x21
2026-10-03 00:18:46.340 [EVENT] sock=2512 hEvent=00000824 events=0x0
2026-10-03 00:18:46.341 [EVENT] sock=2512 hEvent=00000824 events=0x21
2026-10-03 00:18:48.774 [EVENT] sock=2512 hEvent=00000824 events=0x0
2026-10-03 00:18:48.774 [EVENT] sock=2512 hEvent=00000824 events=0x21
2026-10-03 00:18:53.631 [QUESTION] {"type":"question","sock":2512,"qno":10,"field_a":77,"stem":"蚯蚓适合生活在什么样的环境里？","options":["1、太空里","2、天空里","3、水里","4、阴暗潮湿"]}
2026-10-03 00:18:53.631 [UPGRADE] sock 2512 upgraded to filtered mode at clean frame boundary
2026-10-03 00:18:54.632 [UI] auto dump on question qno=10
2026-10-03 00:18:54.632 [UI] ---- window dump begin (pid 14196) ----
2026-10-03 00:18:54.643 [UI] TOP=00060BBC vis=1 cls=ATL:0062F210 rc=(-9,22,1031,829) title=什么什么大冒险2(①逍遥村敬老院)-伏地魔1_Sep 24 2026《什么什么大冒险》制作委员会QQ群:515616289
2026-10-03 00:18:54.643 [UI] TOP=00610868 vis=0 cls=DIEmWin rc=(-1,-1,135,38) title=DIEmWin
2026-10-03 00:18:54.659 [UI] TOP=00390504 vis=0 cls=MSCTFIME UI rc=(0,0,0,0) title=MSCTFIME UI
2026-10-03 00:18:54.664 [UI] TOP=00230664 vis=0 cls=IME rc=(0,0,0,0) title=Default IME
2026-10-03 00:18:54.665 [UI] TOP=00040BA6 vis=0 cls=IME rc=(0,0,0,0) title=Default IME
2026-10-03 00:18:54.665 [UI] ---- window dump end ----
2026-10-03 00:18:55.463 [EVENT] sock=2512 hEvent=00000824 events=0x0
2026-10-03 00:18:55.464 [OUT] 1F51 inv=FFFF len=4 #1 ffff511f
2026-10-03 00:18:55.464 [EVENT] sock=2512 hEvent=00000824 events=0x21
2026-10-03 00:18:55.517 [MODE] sock=2512 filtered (len=4 flags=0)
2026-10-03 00:19:04.250 [EVENT] sock=2688 hEvent=00000A58 events=0x0
2026-10-03 00:19:04.250 [EVENT] sock=2688 hEvent=00000A58 events=0x21
2026-10-03 00:19:05.536 [EVENT] sock=2512 hEvent=00000824 events=0x0
2026-10-03 00:19:05.536 [OUT] 1F51 inv=FFFF len=4 #2 ffff511f
2026-10-03 00:19:05.537 [EVENT] sock=2512 hEvent=00000824 events=0x21
2026-10-03 00:19:07.515 [SETTLE] exp=1 gold=199366 len=393
2026-10-03 00:19:07.547 [EVENT] sock=2512 hEvent=00000824 events=0x0
2026-10-03 00:19:07.547 [OUT] 0022 inv=FFD3 len=48 #1 d3ff2200469e44cac3dfdd7519e060048412955b21e3059ffd536faa7cdf4e01c6f4f80559ae947ec0fd8bc42bde53c7
2026-10-03 00:19:07.547 [EVENT] sock=2512 hEvent=00000824 events=0x21
2026-10-03 00:19:07.591 [OP] 4210 inv=FFF3 len=12 #1 ac0bdcfaf32b1f807aecfc0b
2026-10-03 00:19:08.552 [EVENT] sock=2512 hEvent=00000824 events=0x0
2026-10-03 00:19:08.553 [OUT] 0022 inv=FFD6 len=45 #2 d6ff2200ef632831d06ff5579b62967fd9b2ec13c4a6048412954f67d4c19ffd53cbaa3d7ec0fd8bc43553dcaa
2026-10-03 00:19:08.553 [EVENT] sock=2512 hEvent=00000824 events=0x21
2026-10-03 00:19:09.553 [EVENT] sock=2512 hEvent=00000824 events=0x0
2026-10-03 00:19:09.554 [OUT] 0022 inv=FFD8 len=43 #3 d8ff22006fb47cc622f874f30f5c228ffd8bc4cfaab933272658aa6f58f38384129521e98dc19ffd531fce
2026-10-03 00:19:09.554 [EVENT] sock=2512 hEvent=00000824 events=0x21
2026-10-03 00:19:10.555 [EVENT] sock=2512 hEvent=00000824 events=0x0
2026-10-03 00:19:10.555 [OUT] 0022 inv=FFCF len=52 #4 cfff2200fd34059fdbde380786f162ecdc66f8df5233272658ee6f92a6048412953b587eccebb74acab1959e588dc19ffd53ab60
2026-10-03 00:19:10.556 [EVENT] sock=2512 hEvent=00000824 events=0x21
2026-10-03 00:19:11.557 [EVENT] sock=2512 hEvent=00000824 events=0x0
2026-10-03 00:19:11.557 [OUT] 0022 inv=FFD5 len=46 #5 d5ff220034d37fd90e7f8d9fcc6ff9aa8f228ffd8bc49453f77c7fd9b2ec7270f3838412957a0e8dc19ffd53e7c7
2026-10-03 00:19:11.558 [EVENT] sock=2512 hEvent=00000824 events=0x21
2026-10-03 00:19:12.550 [EVENT] sock=2512 hEvent=00000824 events=0x0
2026-10-03 00:19:12.550 [EVENT] sock=2512 hEvent=00000824 events=0x21
2026-10-03 00:19:13.554 [EVENT] sock=2512 hEvent=00000824 events=0x0
2026-10-03 00:19:13.554 [EVENT] sock=2512 hEvent=00000824 events=0x21
2026-10-03 00:19:14.551 [EVENT] sock=2512 hEvent=00000824 events=0x0
2026-10-03 00:19:14.552 [EVENT] sock=2512 hEvent=00000824 events=0x21
2026-10-03 00:19:15.556 [EVENT] sock=2512 hEvent=00000824 events=0x0
2026-10-03 00:19:15.557 [EVENT] sock=2512 hEvent=00000824 events=0x21
2026-10-03 00:19:16.549 [EVENT] sock=2512 hEvent=00000824 events=0x0
2026-10-03 00:19:16.550 [EVENT] sock=2512 hEvent=00000824 events=0x21
2026-10-03 00:19:17.552 [EVENT] sock=2512 hEvent=00000824 events=0x0
2026-10-03 00:19:17.553 [EVENT] sock=2512 hEvent=00000824 events=0x21
2026-10-03 00:19:17.557 [EVENT] sock=2512 hEvent=00000824 events=0x0
2026-10-03 00:19:17.557 [OUT] 1F51 inv=FFFF len=4 #3 ffff511f
2026-10-03 00:19:17.558 [EVENT] sock=2512 hEvent=00000824 events=0x21
2026-10-03 00:19:18.559 [EVENT] sock=2512 hEvent=00000824 events=0x0
2026-10-03 00:19:18.559 [EVENT] sock=2512 hEvent=00000824 events=0x21
2026-10-03 00:19:19.557 [EVENT] sock=2512 hEvent=00000824 events=0x0
2026-10-03 00:19:19.558 [EVENT] sock=2512 hEvent=00000824 events=0x21
2026-10-03 00:19:20.559 [EVENT] sock=2512 hEvent=00000824 events=0x0
2026-10-03 00:19:20.560 [EVENT] sock=2512 hEvent=00000824 events=0x21
2026-10-03 00:19:21.560 [EVENT] sock=2512 hEvent=00000824 events=0x0
2026-10-03 00:19:21.561 [EVENT] sock=2512 hEvent=00000824 events=0x21
2026-10-03 00:19:22.547 [EVENT] sock=2512 hEvent=00000824 events=0x0
2026-10-03 00:19:22.547 [EVENT] sock=2512 hEvent=00000824 events=0x21
2026-10-03 00:19:23.552 [EVENT] sock=2512 hEvent=00000824 events=0x0
2026-10-03 00:19:23.553 [EVENT] sock=2512 hEvent=00000824 events=0x21
2026-10-03 00:19:24.562 [EVENT] sock=2512 hEvent=00000824 events=0x0
2026-10-03 00:19:24.562 [EVENT] sock=2512 hEvent=00000824 events=0x21
2026-10-03 00:19:25.560 [EVENT] sock=2512 hEvent=00000824 events=0x0
2026-10-03 00:19:25.561 [EVENT] sock=2512 hEvent=00000824 events=0x21
2026-10-03 00:19:26.561 [EVENT] sock=2512 hEvent=00000824 events=0x0
2026-10-03 00:19:26.561 [EVENT] sock=2512 hEvent=00000824 events=0x21
2026-10-03 00:19:27.561 [EVENT] sock=2512 hEvent=00000824 events=0x0
2026-10-03 00:19:27.562 [EVENT] sock=2512 hEvent=00000824 events=0x21
2026-10-03 00:19:27.862 [EVENT] sock=2512 hEvent=00000824 events=0x0
2026-10-03 00:19:27.862 [OUT] 1F51 inv=FFFF len=4 #4 ffff511f
2026-10-03 00:19:27.863 [EVENT] sock=2512 hEvent=00000824 events=0x21
2026-10-03 00:19:28.548 [EVENT] sock=2512 hEvent=00000824 events=0x0
2026-10-03 00:19:28.549 [EVENT] sock=2512 hEvent=00000824 events=0x21
2026-10-03 00:19:29.552 [EVENT] sock=2512 hEvent=00000824 events=0x0
2026-10-03 00:19:29.552 [EVENT] sock=2512 hEvent=00000824 events=0x21
2026-10-03 00:19:30.553 [EVENT] sock=2512 hEvent=00000824 events=0x0
2026-10-03 00:19:30.554 [EVENT] sock=2512 hEvent=00000824 events=0x21
2026-10-03 00:19:31.561 [EVENT] sock=2512 hEvent=00000824 events=0x0
2026-10-03 00:19:31.561 [EVENT] sock=2512 hEvent=00000824 events=0x21
2026-10-03 00:19:32.560 [EVENT] sock=2512 hEvent=00000824 events=0x0
2026-10-03 00:19:32.561 [EVENT] sock=2512 hEvent=00000824 events=0x21
2026-10-03 00:19:33.560 [EVENT] sock=2512 hEvent=00000824 events=0x0
2026-10-03 00:19:33.560 [EVENT] sock=2512 hEvent=00000824 events=0x21
2026-10-03 00:19:34.250 [EVENT] sock=2688 hEvent=00000A58 events=0x0
2026-10-03 00:19:34.250 [EVENT] sock=2688 hEvent=00000A58 events=0x21
2026-10-03 00:19:34.561 [EVENT] sock=2512 hEvent=00000824 events=0x0
2026-10-03 00:19:34.561 [EVENT] sock=2512 hEvent=00000824 events=0x21
2026-10-03 00:19:35.547 [EVENT] sock=2512 hEvent=00000824 events=0x0
2026-10-03 00:19:35.548 [EVENT] sock=2512 hEvent=00000824 events=0x21
2026-10-03 00:19:36.548 [EVENT] sock=2512 hEvent=00000824 events=0x0
2026-10-03 00:19:36.550 [EVENT] sock=2512 hEvent=00000824 events=0x21
2026-10-03 00:19:37.549 [EVENT] sock=2512 hEvent=00000824 events=0x0
2026-10-03 00:19:37.550 [EVENT] sock=2512 hEvent=00000824 events=0x21
2026-10-03 00:19:37.921 [EVENT] sock=2512 hEvent=00000824 events=0x0
2026-10-03 00:19:37.922 [OUT] 1F51 inv=FFFF len=4 #5 ffff511f
2026-10-03 00:19:37.923 [EVENT] sock=2512 hEvent=00000824 events=0x21
2026-10-03 00:19:38.549 [EVENT] sock=2512 hEvent=00000824 events=0x0
2026-10-03 00:19:38.550 [EVENT] sock=2512 hEvent=00000824 events=0x21
2026-10-03 00:19:39.552 [EVENT] sock=2512 hEvent=00000824 events=0x0
2026-10-03 00:19:39.553 [EVENT] sock=2512 hEvent=00000824 events=0x21
2026-10-03 00:19:40.553 [EVENT] sock=2512 hEvent=00000824 events=0x0
2026-10-03 00:19:40.553 [EVENT] sock=2512 hEvent=00000824 events=0x21
2026-10-03 00:19:41.549 [EVENT] sock=2512 hEvent=00000824 events=0x0
2026-10-03 00:19:41.550 [EVENT] sock=2512 hEvent=00000824 events=0x21
2026-10-03 00:19:42.546 [EVENT] sock=2512 hEvent=00000824 events=0x0
2026-10-03 00:19:42.546 [EVENT] sock=2512 hEvent=00000824 events=0x21
2026-10-03 00:19:43.559 [EVENT] sock=2512 hEvent=00000824 events=0x0
2026-10-03 00:19:43.559 [EVENT] sock=2512 hEvent=00000824 events=0x21
2026-10-03 00:19:44.043 [OP] F005 inv=FFE7 len=24 #5 c2cc763c71faa32b1f805b64510bdcfaa3de9b10e990eeb2
2026-10-03 00:19:44.550 [EVENT] sock=2512 hEvent=00000824 events=0x0
2026-10-03 00:19:44.551 [EVENT] sock=2512 hEvent=00000824 events=0x21
2026-10-03 00:19:45.553 [EVENT] sock=2512 hEvent=00000824 events=0x0
2026-10-03 00:19:45.553 [EVENT] sock=2512 hEvent=00000824 events=0x21
2026-10-03 00:19:46.554 [EVENT] sock=2512 hEvent=00000824 events=0x0
2026-10-03 00:19:46.555 [EVENT] sock=2512 hEvent=00000824 events=0x21
2026-10-03 00:19:47.553 [EVENT] sock=2512 hEvent=00000824 events=0x0
2026-10-03 00:19:47.553 [EVENT] sock=2512 hEvent=00000824 events=0x21
2026-10-03 00:19:48.376 [EVENT] sock=2512 hEvent=00000824 events=0x0
2026-10-03 00:19:48.376 [EVENT] sock=2512 hEvent=00000824 events=0x21
2026-10-03 00:19:48.560 [EVENT] sock=2512 hEvent=00000824 events=0x0
2026-10-03 00:19:48.561 [EVENT] sock=2512 hEvent=00000824 events=0x21
2026-10-03 00:19:49.548 [EVENT] sock=2512 hEvent=00000824 events=0x0
2026-10-03 00:19:49.548 [EVENT] sock=2512 hEvent=00000824 events=0x21
2026-10-03 00:19:50.550 [EVENT] sock=2512 hEvent=00000824 events=0x0
2026-10-03 00:19:50.551 [EVENT] sock=2512 hEvent=00000824 events=0x21
2026-10-03 00:19:51.550 [EVENT] sock=2512 hEvent=00000824 events=0x0
2026-10-03 00:19:51.550 [EVENT] sock=2512 hEvent=00000824 events=0x21
2026-10-03 00:19:52.554 [EVENT] sock=2512 hEvent=00000824 events=0x0
2026-10-03 00:19:52.555 [EVENT] sock=2512 hEvent=00000824 events=0x21
2026-10-03 00:19:53.560 [EVENT] sock=2512 hEvent=00000824 events=0x0
2026-10-03 00:19:53.561 [EVENT] sock=2512 hEvent=00000824 events=0x21
2026-10-03 00:19:54.554 [EVENT] sock=2512 hEvent=00000824 events=0x0
2026-10-03 00:19:54.555 [EVENT] sock=2512 hEvent=00000824 events=0x21
2026-10-03 00:19:55.561 [EVENT] sock=2512 hEvent=00000824 events=0x0
2026-10-03 00:19:55.561 [EVENT] sock=2512 hEvent=00000824 events=0x21
2026-10-03 00:19:56.560 [EVENT] sock=2512 hEvent=00000824 events=0x0
2026-10-03 00:19:56.560 [EVENT] sock=2512 hEvent=00000824 events=0x21
2026-10-03 00:19:57.560 [EVENT] sock=2512 hEvent=00000824 events=0x0
2026-10-03 00:19:57.561 [EVENT] sock=2512 hEvent=00000824 events=0x21
2026-10-03 00:19:58.521 [EVENT] sock=2512 hEvent=00000824 events=0x0
2026-10-03 00:19:58.522 [EVENT] sock=2512 hEvent=00000824 events=0x21
2026-10-03 00:19:58.549 [EVENT] sock=2512 hEvent=00000824 events=0x0
2026-10-03 00:19:58.550 [EVENT] sock=2512 hEvent=00000824 events=0x21
2026-10-03 00:19:59.550 [EVENT] sock=2512 hEvent=00000824 events=0x0
2026-10-03 00:19:59.550 [EVENT] sock=2512 hEvent=00000824 events=0x21
2026-10-03 00:20:00.558 [EVENT] sock=2512 hEvent=00000824 events=0x0
2026-10-03 00:20:00.558 [EVENT] sock=2512 hEvent=00000824 events=0x21
2026-10-03 00:20:01.550 [EVENT] sock=2512 hEvent=00000824 events=0x0
2026-10-03 00:20:01.551 [EVENT] sock=2512 hEvent=00000824 events=0x21
2026-10-03 00:20:02.553 [EVENT] sock=2512 hEvent=00000824 events=0x0
2026-10-03 00:20:02.554 [EVENT] sock=2512 hEvent=00000824 events=0x21
2026-10-03 00:20:03.558 [EVENT] sock=2512 hEvent=00000824 events=0x0
2026-10-03 00:20:03.558 [EVENT] sock=2512 hEvent=00000824 events=0x21
2026-10-03 00:20:04.250 [EVENT] sock=2688 hEvent=00000A58 events=0x0
2026-10-03 00:20:04.250 [EVENT] sock=2688 hEvent=00000A58 events=0x21
2026-10-03 00:20:04.563 [EVENT] sock=2512 hEvent=00000824 events=0x0
2026-10-03 00:20:04.563 [EVENT] sock=2512 hEvent=00000824 events=0x21
2026-10-03 00:20:05.557 [EVENT] sock=2512 hEvent=00000824 events=0x0
2026-10-03 00:20:05.558 [EVENT] sock=2512 hEvent=00000824 events=0x21
2026-10-03 00:20:06.549 [EVENT] sock=2512 hEvent=00000824 events=0x0
2026-10-03 00:20:06.550 [EVENT] sock=2512 hEvent=00000824 events=0x21
2026-10-03 00:20:07.551 [EVENT] sock=2512 hEvent=00000824 events=0x0
2026-10-03 00:20:07.552 [EVENT] sock=2512 hEvent=00000824 events=0x21
2026-10-03 00:20:08.551 [EVENT] sock=2512 hEvent=00000824 events=0x0
2026-10-03 00:20:08.553 [EVENT] sock=2512 hEvent=00000824 events=0x21
2026-10-03 00:20:08.586 [EVENT] sock=2512 hEvent=00000824 events=0x0
2026-10-03 00:20:08.586 [EVENT] sock=2512 hEvent=00000824 events=0x21
2026-10-03 00:20:09.552 [EVENT] sock=2512 hEvent=00000824 events=0x0
2026-10-03 00:20:09.552 [EVENT] sock=2512 hEvent=00000824 events=0x21
2026-10-03 00:20:10.551 [EVENT] sock=2512 hEvent=00000824 events=0x0
2026-10-03 00:20:10.552 [EVENT] sock=2512 hEvent=00000824 events=0x21
2026-10-03 00:20:11.563 [EVENT] sock=2512 hEvent=00000824 events=0x0
2026-10-03 00:20:11.563 [EVENT] sock=2512 hEvent=00000824 events=0x21
2026-10-03 00:20:12.554 [EVENT] sock=2512 hEvent=00000824 events=0x0
2026-10-03 00:20:12.555 [EVENT] sock=2512 hEvent=00000824 events=0x21
2026-10-03 00:20:13.561 [EVENT] sock=2512 hEvent=00000824 events=0x0
2026-10-03 00:20:13.561 [EVENT] sock=2512 hEvent=00000824 events=0x21
2026-10-03 00:20:14.561 [EVENT] sock=2512 hEvent=00000824 events=0x0
2026-10-03 00:20:14.563 [EVENT] sock=2512 hEvent=00000824 events=0x21
2026-10-03 00:20:15.559 [EVENT] sock=2512 hEvent=00000824 events=0x0
2026-10-03 00:20:15.561 [EVENT] sock=2512 hEvent=00000824 events=0x21
2026-10-03 00:20:16.561 [EVENT] sock=2512 hEvent=00000824 events=0x0
2026-10-03 00:20:16.562 [EVENT] sock=2512 hEvent=00000824 events=0x21
2026-10-03 00:20:17.552 [EVENT] sock=2512 hEvent=00000824 events=0x0
2026-10-03 00:20:17.553 [EVENT] sock=2512 hEvent=00000824 events=0x21
2026-10-03 00:20:18.547 [EVENT] sock=2512 hEvent=00000824 events=0x0
2026-10-03 00:20:18.548 [EVENT] sock=2512 hEvent=00000824 events=0x21
2026-10-03 00:20:19.548 [EVENT] sock=2512 hEvent=00000824 events=0x0
2026-10-03 00:20:19.548 [EVENT] sock=2512 hEvent=00000824 events=0x21
2026-10-03 00:20:19.615 [EVENT] sock=2512 hEvent=00000824 events=0x0
2026-10-03 00:20:19.616 [EVENT] sock=2512 hEvent=00000824 events=0x21
2026-10-03 00:20:20.549 [EVENT] sock=2512 hEvent=00000824 events=0x0
2026-10-03 00:20:20.551 [EVENT] sock=2512 hEvent=00000824 events=0x21
2026-10-03 00:20:21.551 [EVENT] sock=2512 hEvent=00000824 events=0x0
2026-10-03 00:20:21.551 [EVENT] sock=2512 hEvent=00000824 events=0x21
2026-10-03 00:20:22.551 [EVENT] sock=2512 hEvent=00000824 events=0x0
2026-10-03 00:20:22.553 [EVENT] sock=2512 hEvent=00000824 events=0x21
2026-10-03 00:20:23.561 [EVENT] sock=2512 hEvent=00000824 events=0x0
2026-10-03 00:20:23.561 [EVENT] sock=2512 hEvent=00000824 events=0x21
2026-10-03 00:20:24.559 [EVENT] sock=2512 hEvent=00000824 events=0x0
2026-10-03 00:20:24.560 [EVENT] sock=2512 hEvent=00000824 events=0x21
2026-10-03 00:20:25.556 [EVENT] sock=2512 hEvent=00000824 events=0x0
2026-10-03 00:20:25.557 [EVENT] sock=2512 hEvent=00000824 events=0x21
2026-10-03 00:20:26.555 [EVENT] sock=2512 hEvent=00000824 events=0x0
2026-10-03 00:20:26.556 [EVENT] sock=2512 hEvent=00000824 events=0x21
2026-10-03 00:20:27.555 [EVENT] sock=2512 hEvent=00000824 events=0x0
2026-10-03 00:20:27.556 [EVENT] sock=2512 hEvent=00000824 events=0x21
2026-10-03 00:20:28.555 [EVENT] sock=2512 hEvent=00000824 events=0x0
2026-10-03 00:20:28.555 [EVENT] sock=2512 hEvent=00000824 events=0x21
2026-10-03 00:20:29.550 [EVENT] sock=2512 hEvent=00000824 events=0x0
2026-10-03 00:20:29.551 [EVENT] sock=2512 hEvent=00000824 events=0x21
2026-10-03 00:20:29.857 [EVENT] sock=2512 hEvent=00000824 events=0x0
2026-10-03 00:20:29.857 [EVENT] sock=2512 hEvent=00000824 events=0x21
2026-10-03 00:20:30.560 [EVENT] sock=2512 hEvent=00000824 events=0x0
2026-10-03 00:20:30.561 [EVENT] sock=2512 hEvent=00000824 events=0x21
2026-10-03 00:20:31.550 [EVENT] sock=2512 hEvent=00000824 events=0x0
2026-10-03 00:20:31.550 [EVENT] sock=2512 hEvent=00000824 events=0x21
2026-10-03 00:20:32.551 [EVENT] sock=2512 hEvent=00000824 events=0x0
2026-10-03 00:20:32.552 [EVENT] sock=2512 hEvent=00000824 events=0x21
2026-10-03 00:20:33.552 [EVENT] sock=2512 hEvent=00000824 events=0x0
2026-10-03 00:20:33.554 [EVENT] sock=2512 hEvent=00000824 events=0x21
2026-10-03 00:20:34.251 [EVENT] sock=2688 hEvent=00000A58 events=0x0
2026-10-03 00:20:34.251 [EVENT] sock=2688 hEvent=00000A58 events=0x21
2026-10-03 00:20:34.553 [EVENT] sock=2512 hEvent=00000824 events=0x0
2026-10-03 00:20:34.553 [EVENT] sock=2512 hEvent=00000824 events=0x21
2026-10-03 00:20:35.559 [EVENT] sock=2512 hEvent=00000824 events=0x0
2026-10-03 00:20:35.559 [EVENT] sock=2512 hEvent=00000824 events=0x21
2026-10-03 00:20:36.560 [EVENT] sock=2512 hEvent=00000824 events=0x0
2026-10-03 00:20:36.561 [EVENT] sock=2512 hEvent=00000824 events=0x21
2026-10-03 00:20:37.562 [EVENT] sock=2512 hEvent=00000824 events=0x0
2026-10-03 00:20:37.562 [EVENT] sock=2512 hEvent=00000824 events=0x21
2026-10-03 00:20:38.561 [EVENT] sock=2512 hEvent=00000824 events=0x0
2026-10-03 00:20:38.562 [EVENT] sock=2512 hEvent=00000824 events=0x21
2026-10-03 00:20:39.551 [EVENT] sock=2512 hEvent=00000824 events=0x0
2026-10-03 00:20:39.551 [EVENT] sock=2512 hEvent=00000824 events=0x21
2026-10-03 00:20:39.917 [EVENT] sock=2512 hEvent=00000824 events=0x0
2026-10-03 00:20:39.917 [EVENT] sock=2512 hEvent=00000824 events=0x21
2026-10-03 00:20:40.548 [EVENT] sock=2512 hEvent=00000824 events=0x0
2026-10-03 00:20:40.549 [EVENT] sock=2512 hEvent=00000824 events=0x21
2026-10-03 00:20:41.549 [EVENT] sock=2512 hEvent=00000824 events=0x0
2026-10-03 00:20:41.550 [EVENT] sock=2512 hEvent=00000824 events=0x21
2026-10-03 00:20:42.559 [EVENT] sock=2512 hEvent=00000824 events=0x0
2026-10-03 00:20:42.559 [EVENT] sock=2512 hEvent=00000824 events=0x21
2026-10-03 00:20:43.557 [EVENT] sock=2512 hEvent=00000824 events=0x0
2026-10-03 00:20:43.558 [EVENT] sock=2512 hEvent=00000824 events=0x21
2026-10-03 00:20:44.558 [EVENT] sock=2512 hEvent=00000824 events=0x0
2026-10-03 00:20:44.558 [EVENT] sock=2512 hEvent=00000824 events=0x21
2026-10-03 00:20:45.557 [EVENT] sock=2512 hEvent=00000824 events=0x0
2026-10-03 00:20:45.558 [EVENT] sock=2512 hEvent=00000824 events=0x21
2026-10-03 00:20:46.556 [EVENT] sock=2512 hEvent=00000824 events=0x0
2026-10-03 00:20:46.557 [EVENT] sock=2512 hEvent=00000824 events=0x21
2026-10-03 00:20:47.546 [EVENT] sock=2512 hEvent=00000824 events=0x0
2026-10-03 00:20:47.547 [EVENT] sock=2512 hEvent=00000824 events=0x21
2026-10-03 00:20:48.555 [EVENT] sock=2512 hEvent=00000824 events=0x0
2026-10-03 00:20:48.555 [EVENT] sock=2512 hEvent=00000824 events=0x21
2026-10-03 00:20:49.555 [EVENT] sock=2512 hEvent=00000824 events=0x0
2026-10-03 00:20:49.555 [EVENT] sock=2512 hEvent=00000824 events=0x21
2026-10-03 00:20:49.973 [EVENT] sock=2512 hEvent=00000824 events=0x0
2026-10-03 00:20:49.973 [EVENT] sock=2512 hEvent=00000824 events=0x21
2026-10-03 00:20:50.556 [EVENT] sock=2512 hEvent=00000824 events=0x0
2026-10-03 00:20:50.557 [EVENT] sock=2512 hEvent=00000824 events=0x21
2026-10-03 00:20:51.557 [EVENT] sock=2512 hEvent=00000824 events=0x0
2026-10-03 00:20:51.557 [EVENT] sock=2512 hEvent=00000824 events=0x21
2026-10-03 00:20:52.558 [EVENT] sock=2512 hEvent=00000824 events=0x0
2026-10-03 00:20:52.558 [EVENT] sock=2512 hEvent=00000824 events=0x21
2026-10-03 00:20:53.555 [EVENT] sock=2512 hEvent=00000824 events=0x0
2026-10-03 00:20:53.556 [EVENT] sock=2512 hEvent=00000824 events=0x21
2026-10-03 00:20:54.562 [EVENT] sock=2512 hEvent=00000824 events=0x0
2026-10-03 00:20:54.563 [EVENT] sock=2512 hEvent=00000824 events=0x21
2026-10-03 00:20:55.557 [EVENT] sock=2512 hEvent=00000824 events=0x0
2026-10-03 00:20:55.558 [EVENT] sock=2512 hEvent=00000824 events=0x21
2026-10-03 00:20:56.558 [EVENT] sock=2512 hEvent=00000824 events=0x0
2026-10-03 00:20:56.559 [EVENT] sock=2512 hEvent=00000824 events=0x21
2026-10-03 00:20:57.559 [EVENT] sock=2512 hEvent=00000824 events=0x0
2026-10-03 00:20:57.559 [EVENT] sock=2512 hEvent=00000824 events=0x21
2026-10-03 00:20:58.557 [EVENT] sock=2512 hEvent=00000824 events=0x0
2026-10-03 00:20:58.558 [EVENT] sock=2512 hEvent=00000824 events=0x21
2026-10-03 00:20:59.550 [EVENT] sock=2512 hEvent=00000824 events=0x0
2026-10-03 00:20:59.550 [EVENT] sock=2512 hEvent=00000824 events=0x21
2026-10-03 00:21:00.049 [EVENT] sock=2512 hEvent=00000824 events=0x0
2026-10-03 00:21:00.049 [EVENT] sock=2512 hEvent=00000824 events=0x21
2026-10-03 00:21:00.553 [EVENT] sock=2512 hEvent=00000824 events=0x0
2026-10-03 00:21:00.553 [EVENT] sock=2512 hEvent=00000824 events=0x21
2026-10-03 00:21:01.563 [EVENT] sock=2512 hEvent=00000824 events=0x0
2026-10-03 00:21:01.563 [EVENT] sock=2512 hEvent=00000824 events=0x21
2026-10-03 00:21:02.560 [EVENT] sock=2512 hEvent=00000824 events=0x0
2026-10-03 00:21:02.561 [EVENT] sock=2512 hEvent=00000824 events=0x21
2026-10-03 00:21:03.559 [EVENT] sock=2512 hEvent=00000824 events=0x0
2026-10-03 00:21:03.560 [EVENT] sock=2512 hEvent=00000824 events=0x21
2026-10-03 00:21:04.252 [EVENT] sock=2688 hEvent=00000A58 events=0x0
2026-10-03 00:21:04.252 [EVENT] sock=2688 hEvent=00000A58 events=0x21
2026-10-03 00:21:04.548 [EVENT] sock=2512 hEvent=00000824 events=0x0
2026-10-03 00:21:04.548 [EVENT] sock=2512 hEvent=00000824 events=0x21
2026-10-03 00:21:05.546 [EVENT] sock=2512 hEvent=00000824 events=0x0
2026-10-03 00:21:05.547 [EVENT] sock=2512 hEvent=00000824 events=0x21
2026-10-03 00:21:06.557 [EVENT] sock=2512 hEvent=00000824 events=0x0
2026-10-03 00:21:06.558 [EVENT] sock=2512 hEvent=00000824 events=0x21
2026-10-03 00:21:07.551 [EVENT] sock=2512 hEvent=00000824 events=0x0
2026-10-03 00:21:07.557 [EVENT] sock=2512 hEvent=00000824 events=0x21
2026-10-03 00:21:08.551 [EVENT] sock=2512 hEvent=00000824 events=0x0
2026-10-03 00:21:08.552 [EVENT] sock=2512 hEvent=00000824 events=0x21
2026-10-03 00:21:09.551 [EVENT] sock=2512 hEvent=00000824 events=0x0
2026-10-03 00:21:09.551 [EVENT] sock=2512 hEvent=00000824 events=0x21
2026-10-03 00:21:10.103 [EVENT] sock=2512 hEvent=00000824 events=0x0
2026-10-03 00:21:10.104 [EVENT] sock=2512 hEvent=00000824 events=0x21
2026-10-03 00:21:10.549 [EVENT] sock=2512 hEvent=00000824 events=0x0
2026-10-03 00:21:10.550 [EVENT] sock=2512 hEvent=00000824 events=0x21
2026-10-03 00:21:11.553 [EVENT] sock=2512 hEvent=00000824 events=0x0
2026-10-03 00:21:11.554 [EVENT] sock=2512 hEvent=00000824 events=0x21
2026-10-03 00:21:12.558 [EVENT] sock=2512 hEvent=00000824 events=0x0
2026-10-03 00:21:12.558 [EVENT] sock=2512 hEvent=00000824 events=0x21
2026-10-03 00:21:13.548 [EVENT] sock=2512 hEvent=00000824 events=0x0
2026-10-03 00:21:13.548 [EVENT] sock=2512 hEvent=00000824 events=0x21
2026-10-03 00:21:14.547 [EVENT] sock=2512 hEvent=00000824 events=0x0
2026-10-03 00:21:14.549 [EVENT] sock=2512 hEvent=00000824 events=0x21
2026-10-03 00:21:15.547 [EVENT] sock=2512 hEvent=00000824 events=0x0
2026-10-03 00:21:15.548 [EVENT] sock=2512 hEvent=00000824 events=0x21
2026-10-03 00:21:16.546 [EVENT] sock=2512 hEvent=00000824 events=0x0
2026-10-03 00:21:16.547 [EVENT] sock=2512 hEvent=00000824 events=0x21
2026-10-03 00:21:17.560 [EVENT] sock=2512 hEvent=00000824 events=0x0
2026-10-03 00:21:17.561 [EVENT] sock=2512 hEvent=00000824 events=0x21
2026-10-03 00:21:18.555 [EVENT] sock=2512 hEvent=00000824 events=0x0
2026-10-03 00:21:18.556 [EVENT] sock=2512 hEvent=00000824 events=0x21
2026-10-03 00:21:19.556 [EVENT] sock=2512 hEvent=00000824 events=0x0
2026-10-03 00:21:19.557 [EVENT] sock=2512 hEvent=00000824 events=0x21
2026-10-03 00:21:20.167 [EVENT] sock=2512 hEvent=00000824 events=0x0
2026-10-03 00:21:20.167 [EVENT] sock=2512 hEvent=00000824 events=0x21
2026-10-03 00:21:20.549 [EVENT] sock=2512 hEvent=00000824 events=0x0
2026-10-03 00:21:20.549 [EVENT] sock=2512 hEvent=00000824 events=0x21
2026-10-03 00:21:21.549 [EVENT] sock=2512 hEvent=00000824 events=0x0
2026-10-03 00:21:21.550 [EVENT] sock=2512 hEvent=00000824 events=0x21
2026-10-03 00:21:22.553 [EVENT] sock=2512 hEvent=00000824 events=0x0
2026-10-03 00:21:22.554 [EVENT] sock=2512 hEvent=00000824 events=0x21
2026-10-03 00:21:23.554 [EVENT] sock=2512 hEvent=00000824 events=0x0
2026-10-03 00:21:23.554 [EVENT] sock=2512 hEvent=00000824 events=0x21
2026-10-03 00:21:24.554 [EVENT] sock=2512 hEvent=00000824 events=0x0
2026-10-03 00:21:24.554 [EVENT] sock=2512 hEvent=00000824 events=0x21
2026-10-03 00:21:25.552 [EVENT] sock=2512 hEvent=00000824 events=0x0
2026-10-03 00:21:25.552 [EVENT] sock=2512 hEvent=00000824 events=0x21
2026-10-03 00:21:26.554 [EVENT] sock=2512 hEvent=00000824 events=0x0
2026-10-03 00:21:26.555 [EVENT] sock=2512 hEvent=00000824 events=0x21
2026-10-03 00:21:27.551 [EVENT] sock=2512 hEvent=00000824 events=0x0
2026-10-03 00:21:27.551 [EVENT] sock=2512 hEvent=00000824 events=0x21
2026-10-03 00:21:28.552 [EVENT] sock=2512 hEvent=00000824 events=0x0
2026-10-03 00:21:28.552 [EVENT] sock=2512 hEvent=00000824 events=0x21
2026-10-03 00:21:29.559 [EVENT] sock=2512 hEvent=00000824 events=0x0
2026-10-03 00:21:29.560 [EVENT] sock=2512 hEvent=00000824 events=0x21
2026-10-03 00:21:30.216 [EVENT] sock=2512 hEvent=00000824 events=0x0
2026-10-03 00:21:30.216 [EVENT] sock=2512 hEvent=00000824 events=0x21
2026-10-03 00:21:30.551 [EVENT] sock=2512 hEvent=00000824 events=0x0
2026-10-03 00:21:30.552 [EVENT] sock=2512 hEvent=00000824 events=0x21
2026-10-03 00:21:31.553 [EVENT] sock=2512 hEvent=00000824 events=0x0
2026-10-03 00:21:31.554 [EVENT] sock=2512 hEvent=00000824 events=0x21
2026-10-03 00:21:32.554 [EVENT] sock=2512 hEvent=00000824 events=0x0
2026-10-03 00:21:32.556 [EVENT] sock=2512 hEvent=00000824 events=0x21
2026-10-03 00:21:33.554 [EVENT] sock=2512 hEvent=00000824 events=0x0
2026-10-03 00:21:33.555 [EVENT] sock=2512 hEvent=00000824 events=0x21
2026-10-03 00:21:34.252 [EVENT] sock=2688 hEvent=00000A58 events=0x0
2026-10-03 00:21:34.252 [EVENT] sock=2688 hEvent=00000A58 events=0x21
2026-10-03 00:21:34.548 [EVENT] sock=2512 hEvent=00000824 events=0x0
2026-10-03 00:21:34.548 [EVENT] sock=2512 hEvent=00000824 events=0x21
2026-10-03 00:21:35.558 [EVENT] sock=2512 hEvent=00000824 events=0x0
2026-10-03 00:21:35.559 [EVENT] sock=2512 hEvent=00000824 events=0x21
2026-10-03 00:21:36.561 [EVENT] sock=2512 hEvent=00000824 events=0x0
2026-10-03 00:21:36.561 [EVENT] sock=2512 hEvent=00000824 events=0x21
2026-10-03 00:21:37.549 [EVENT] sock=2512 hEvent=00000824 events=0x0
2026-10-03 00:21:37.549 [EVENT] sock=2512 hEvent=00000824 events=0x21
2026-10-03 00:21:38.551 [EVENT] sock=2512 hEvent=00000824 events=0x0
2026-10-03 00:21:38.553 [EVENT] sock=2512 hEvent=00000824 events=0x21
2026-10-03 00:21:39.560 [EVENT] sock=2512 hEvent=00000824 events=0x0
2026-10-03 00:21:39.560 [EVENT] sock=2512 hEvent=00000824 events=0x21
2026-10-03 00:21:40.276 [EVENT] sock=2512 hEvent=00000824 events=0x0
2026-10-03 00:21:40.276 [EVENT] sock=2512 hEvent=00000824 events=0x21
2026-10-03 00:21:40.552 [EVENT] sock=2512 hEvent=00000824 events=0x0
2026-10-03 00:21:40.552 [EVENT] sock=2512 hEvent=00000824 events=0x21
2026-10-03 00:21:41.550 [EVENT] sock=2512 hEvent=00000824 events=0x0
2026-10-03 00:21:41.551 [EVENT] sock=2512 hEvent=00000824 events=0x21
2026-10-03 00:21:42.549 [EVENT] sock=2512 hEvent=00000824 events=0x0
2026-10-03 00:21:42.549 [EVENT] sock=2512 hEvent=00000824 events=0x21
2026-10-03 00:21:43.552 [EVENT] sock=2512 hEvent=00000824 events=0x0
2026-10-03 00:21:43.553 [EVENT] sock=2512 hEvent=00000824 events=0x21
2026-10-03 00:21:44.552 [EVENT] sock=2512 hEvent=00000824 events=0x0
2026-10-03 00:21:44.552 [EVENT] sock=2512 hEvent=00000824 events=0x21
2026-10-03 00:21:45.556 [EVENT] sock=2512 hEvent=00000824 events=0x0
2026-10-03 00:21:45.557 [EVENT] sock=2512 hEvent=00000824 events=0x21
2026-10-03 00:21:46.546 [EVENT] sock=2512 hEvent=00000824 events=0x0
2026-10-03 00:21:46.547 [EVENT] sock=2512 hEvent=00000824 events=0x21
2026-10-03 00:21:47.547 [EVENT] sock=2512 hEvent=00000824 events=0x0
2026-10-03 00:21:47.548 [EVENT] sock=2512 hEvent=00000824 events=0x21
2026-10-03 00:21:48.550 [EVENT] sock=2512 hEvent=00000824 events=0x0
2026-10-03 00:21:48.551 [EVENT] sock=2512 hEvent=00000824 events=0x21
2026-10-03 00:21:49.551 [EVENT] sock=2512 hEvent=00000824 events=0x0
2026-10-03 00:21:49.551 [EVENT] sock=2512 hEvent=00000824 events=0x21
2026-10-03 00:21:50.355 [EVENT] sock=2512 hEvent=00000824 events=0x0
2026-10-03 00:21:50.356 [EVENT] sock=2512 hEvent=00000824 events=0x21
2026-10-03 00:21:50.553 [EVENT] sock=2512 hEvent=00000824 events=0x0
2026-10-03 00:21:50.554 [EVENT] sock=2512 hEvent=00000824 events=0x21
2026-10-03 00:21:51.553 [EVENT] sock=2512 hEvent=00000824 events=0x0
2026-10-03 00:21:51.554 [EVENT] sock=2512 hEvent=00000824 events=0x21
2026-10-03 00:21:52.555 [EVENT] sock=2512 hEvent=00000824 events=0x0
2026-10-03 00:21:52.555 [EVENT] sock=2512 hEvent=00000824 events=0x21
2026-10-03 00:21:53.558 [EVENT] sock=2512 hEvent=00000824 events=0x0
2026-10-03 00:21:53.558 [EVENT] sock=2512 hEvent=00000824 events=0x21
2026-10-03 00:21:54.558 [EVENT] sock=2512 hEvent=00000824 events=0x0
2026-10-03 00:21:54.559 [EVENT] sock=2512 hEvent=00000824 events=0x21
2026-10-03 00:21:55.557 [EVENT] sock=2512 hEvent=00000824 events=0x0
2026-10-03 00:21:55.558 [EVENT] sock=2512 hEvent=00000824 events=0x21
2026-10-03 00:21:56.559 [EVENT] sock=2512 hEvent=00000824 events=0x0
2026-10-03 00:21:56.559 [EVENT] sock=2512 hEvent=00000824 events=0x21
2026-10-03 00:21:57.550 [EVENT] sock=2512 hEvent=00000824 events=0x0
2026-10-03 00:21:57.550 [EVENT] sock=2512 hEvent=00000824 events=0x21
2026-10-03 00:21:58.558 [EVENT] sock=2512 hEvent=00000824 events=0x0
2026-10-03 00:21:58.558 [EVENT] sock=2512 hEvent=00000824 events=0x21
2026-10-03 00:21:59.558 [EVENT] sock=2512 hEvent=00000824 events=0x0
2026-10-03 00:21:59.558 [EVENT] sock=2512 hEvent=00000824 events=0x21
2026-10-03 00:22:00.415 [EVENT] sock=2512 hEvent=00000824 events=0x0
2026-10-03 00:22:00.415 [EVENT] sock=2512 hEvent=00000824 events=0x21
2026-10-03 00:22:00.561 [EVENT] sock=2512 hEvent=00000824 events=0x0
2026-10-03 00:22:00.562 [EVENT] sock=2512 hEvent=00000824 events=0x21
2026-10-03 00:22:01.560 [EVENT] sock=2512 hEvent=00000824 events=0x0
2026-10-03 00:22:01.560 [EVENT] sock=2512 hEvent=00000824 events=0x21
2026-10-03 00:22:02.557 [EVENT] sock=2512 hEvent=00000824 events=0x0
2026-10-03 00:22:02.558 [EVENT] sock=2512 hEvent=00000824 events=0x21
2026-10-03 00:22:03.559 [EVENT] sock=2512 hEvent=00000824 events=0x0
2026-10-03 00:22:03.560 [EVENT] sock=2512 hEvent=00000824 events=0x21
2026-10-03 00:22:04.254 [EVENT] sock=2688 hEvent=00000A58 events=0x0
2026-10-03 00:22:04.254 [EVENT] sock=2688 hEvent=00000A58 events=0x21
2026-10-03 00:22:04.552 [EVENT] sock=2512 hEvent=00000824 events=0x0
2026-10-03 00:22:04.552 [EVENT] sock=2512 hEvent=00000824 events=0x21
2026-10-03 00:22:05.550 [EVENT] sock=2512 hEvent=00000824 events=0x0
2026-10-03 00:22:05.551 [EVENT] sock=2512 hEvent=00000824 events=0x21
2026-10-03 00:22:06.555 [EVENT] sock=2512 hEvent=00000824 events=0x0
2026-10-03 00:22:06.555 [EVENT] sock=2512 hEvent=00000824 events=0x21
2026-10-03 00:22:07.553 [EVENT] sock=2512 hEvent=00000824 events=0x0
2026-10-03 00:22:07.554 [EVENT] sock=2512 hEvent=00000824 events=0x21
2026-10-03 00:22:08.553 [EVENT] sock=2512 hEvent=00000824 events=0x0
2026-10-03 00:22:08.554 [EVENT] sock=2512 hEvent=00000824 events=0x21
2026-10-03 00:22:09.554 [EVENT] sock=2512 hEvent=00000824 events=0x0
2026-10-03 00:22:09.554 [EVENT] sock=2512 hEvent=00000824 events=0x21
2026-10-03 00:22:10.490 [EVENT] sock=2512 hEvent=00000824 events=0x0
2026-10-03 00:22:10.491 [EVENT] sock=2512 hEvent=00000824 events=0x21
2026-10-03 00:22:10.553 [EVENT] sock=2512 hEvent=00000824 events=0x0
2026-10-03 00:22:10.554 [EVENT] sock=2512 hEvent=00000824 events=0x21
2026-10-03 00:22:11.558 [EVENT] sock=2512 hEvent=00000824 events=0x0
2026-10-03 00:22:11.558 [EVENT] sock=2512 hEvent=00000824 events=0x21
2026-10-03 00:22:12.557 [EVENT] sock=2512 hEvent=00000824 events=0x0
2026-10-03 00:22:12.558 [EVENT] sock=2512 hEvent=00000824 events=0x21
2026-10-03 00:22:13.556 [EVENT] sock=2512 hEvent=00000824 events=0x0
2026-10-03 00:22:13.557 [EVENT] sock=2512 hEvent=00000824 events=0x21
2026-10-03 00:22:14.550 [EVENT] sock=2512 hEvent=00000824 events=0x0
2026-10-03 00:22:14.550 [EVENT] sock=2512 hEvent=00000824 events=0x21
2026-10-03 00:22:15.553 [EVENT] sock=2512 hEvent=00000824 events=0x0
2026-10-03 00:22:15.554 [EVENT] sock=2512 hEvent=00000824 events=0x21
2026-10-03 00:22:16.551 [EVENT] sock=2512 hEvent=00000824 events=0x0
2026-10-03 00:22:16.552 [EVENT] sock=2512 hEvent=00000824 events=0x21
2026-10-03 00:22:17.555 [EVENT] sock=2512 hEvent=00000824 events=0x0
2026-10-03 00:22:17.556 [EVENT] sock=2512 hEvent=00000824 events=0x21
2026-10-03 00:22:18.563 [EVENT] sock=2512 hEvent=00000824 events=0x0
2026-10-03 00:22:18.563 [EVENT] sock=2512 hEvent=00000824 events=0x21
2026-10-03 00:22:19.561 [EVENT] sock=2512 hEvent=00000824 events=0x0
2026-10-03 00:22:19.562 [EVENT] sock=2512 hEvent=00000824 events=0x21
2026-10-03 00:22:20.550 [EVENT] sock=2512 hEvent=00000824 events=0x0
2026-10-03 00:22:20.550 [EVENT] sock=2512 hEvent=00000824 events=0x21
2026-10-03 00:22:20.821 [EVENT] sock=2512 hEvent=00000824 events=0x0
2026-10-03 00:22:20.822 [EVENT] sock=2512 hEvent=00000824 events=0x21
2026-10-03 00:22:21.551 [EVENT] sock=2512 hEvent=00000824 events=0x0
2026-10-03 00:22:21.551 [EVENT] sock=2512 hEvent=00000824 events=0x21
2026-10-03 00:22:22.549 [EVENT] sock=2512 hEvent=00000824 events=0x0
2026-10-03 00:22:22.550 [EVENT] sock=2512 hEvent=00000824 events=0x21
2026-10-03 00:22:23.550 [EVENT] sock=2512 hEvent=00000824 events=0x0
2026-10-03 00:22:23.551 [EVENT] sock=2512 hEvent=00000824 events=0x21
2026-10-03 00:22:24.551 [EVENT] sock=2512 hEvent=00000824 events=0x0
2026-10-03 00:22:24.552 [EVENT] sock=2512 hEvent=00000824 events=0x21
2026-10-03 00:22:25.560 [EVENT] sock=2512 hEvent=00000824 events=0x0
2026-10-03 00:22:25.561 [EVENT] sock=2512 hEvent=00000824 events=0x21
2026-10-03 00:22:26.547 [EVENT] sock=2512 hEvent=00000824 events=0x0
2026-10-03 00:22:26.548 [EVENT] sock=2512 hEvent=00000824 events=0x21
2026-10-03 00:22:27.552 [EVENT] sock=2512 hEvent=00000824 events=0x0
2026-10-03 00:22:27.552 [EVENT] sock=2512 hEvent=00000824 events=0x21
2026-10-03 00:22:28.550 [EVENT] sock=2512 hEvent=00000824 events=0x0
2026-10-03 00:22:28.551 [EVENT] sock=2512 hEvent=00000824 events=0x21
2026-10-03 00:22:29.552 [EVENT] sock=2512 hEvent=00000824 events=0x0
2026-10-03 00:22:29.553 [EVENT] sock=2512 hEvent=00000824 events=0x21
2026-10-03 00:22:30.559 [EVENT] sock=2512 hEvent=00000824 events=0x0
2026-10-03 00:22:30.560 [EVENT] sock=2512 hEvent=00000824 events=0x21
2026-10-03 00:22:30.896 [EVENT] sock=2512 hEvent=00000824 events=0x0
2026-10-03 00:22:30.897 [EVENT] sock=2512 hEvent=00000824 events=0x21
2026-10-03 00:22:31.556 [EVENT] sock=2512 hEvent=00000824 events=0x0
2026-10-03 00:22:31.556 [EVENT] sock=2512 hEvent=00000824 events=0x21
2026-10-03 00:22:32.549 [EVENT] sock=2512 hEvent=00000824 events=0x0
2026-10-03 00:22:32.549 [EVENT] sock=2512 hEvent=00000824 events=0x21
2026-10-03 00:22:33.550 [EVENT] sock=2512 hEvent=00000824 events=0x0
2026-10-03 00:22:33.550 [EVENT] sock=2512 hEvent=00000824 events=0x21
2026-10-03 00:22:34.254 [EVENT] sock=2688 hEvent=00000A58 events=0x0
2026-10-03 00:22:34.257 [EVENT] sock=2688 hEvent=00000A58 events=0x21
2026-10-03 00:22:34.554 [EVENT] sock=2512 hEvent=00000824 events=0x0
2026-10-03 00:22:34.554 [EVENT] sock=2512 hEvent=00000824 events=0x21
2026-10-03 00:22:35.553 [EVENT] sock=2512 hEvent=00000824 events=0x0
2026-10-03 00:22:35.553 [EVENT] sock=2512 hEvent=00000824 events=0x21
2026-10-03 00:22:36.551 [EVENT] sock=2512 hEvent=00000824 events=0x0
2026-10-03 00:22:36.552 [EVENT] sock=2512 hEvent=00000824 events=0x21
2026-10-03 00:22:37.551 [EVENT] sock=2512 hEvent=00000824 events=0x0
2026-10-03 00:22:37.552 [EVENT] sock=2512 hEvent=00000824 events=0x21
2026-10-03 00:22:38.553 [EVENT] sock=2512 hEvent=00000824 events=0x0
2026-10-03 00:22:38.553 [EVENT] sock=2512 hEvent=00000824 events=0x21
2026-10-03 00:22:39.552 [EVENT] sock=2512 hEvent=00000824 events=0x0
2026-10-03 00:22:39.553 [EVENT] sock=2512 hEvent=00000824 events=0x21
2026-10-03 00:22:40.553 [EVENT] sock=2512 hEvent=00000824 events=0x0
2026-10-03 00:22:40.553 [EVENT] sock=2512 hEvent=00000824 events=0x21
2026-10-03 00:22:40.972 [EVENT] sock=2512 hEvent=00000824 events=0x0
2026-10-03 00:22:40.972 [EVENT] sock=2512 hEvent=00000824 events=0x21
2026-10-03 00:22:41.553 [EVENT] sock=2512 hEvent=00000824 events=0x0
2026-10-03 00:22:41.554 [EVENT] sock=2512 hEvent=00000824 events=0x21
2026-10-03 00:22:42.548 [EVENT] sock=2512 hEvent=00000824 events=0x0
2026-10-03 00:22:42.549 [EVENT] sock=2512 hEvent=00000824 events=0x21
2026-10-03 00:22:43.547 [EVENT] sock=2512 hEvent=00000824 events=0x0
2026-10-03 00:22:43.547 [EVENT] sock=2512 hEvent=00000824 events=0x21
2026-10-03 00:22:44.550 [EVENT] sock=2512 hEvent=00000824 events=0x0
2026-10-03 00:22:44.551 [EVENT] sock=2512 hEvent=00000824 events=0x21
2026-10-03 00:22:45.549 [EVENT] sock=2512 hEvent=00000824 events=0x0
2026-10-03 00:22:45.550 [EVENT] sock=2512 hEvent=00000824 events=0x21
2026-10-03 00:22:46.553 [EVENT] sock=2512 hEvent=00000824 events=0x0
2026-10-03 00:22:46.553 [EVENT] sock=2512 hEvent=00000824 events=0x21
2026-10-03 00:22:47.553 [EVENT] sock=2512 hEvent=00000824 events=0x0
2026-10-03 00:22:47.554 [EVENT] sock=2512 hEvent=00000824 events=0x21
2026-10-03 00:22:48.560 [EVENT] sock=2512 hEvent=00000824 events=0x0
2026-10-03 00:22:48.560 [EVENT] sock=2512 hEvent=00000824 events=0x21
2026-10-03 00:22:49.559 [EVENT] sock=2512 hEvent=00000824 events=0x0
2026-10-03 00:22:49.560 [EVENT] sock=2512 hEvent=00000824 events=0x21
2026-10-03 00:22:50.550 [EVENT] sock=2512 hEvent=00000824 events=0x0
2026-10-03 00:22:50.550 [EVENT] sock=2512 hEvent=00000824 events=0x21
2026-10-03 00:22:51.036 [EVENT] sock=2512 hEvent=00000824 events=0x0
2026-10-03 00:22:51.036 [EVENT] sock=2512 hEvent=00000824 events=0x21
2026-10-03 00:22:51.550 [EVENT] sock=2512 hEvent=00000824 events=0x0
2026-10-03 00:22:51.550 [EVENT] sock=2512 hEvent=00000824 events=0x21
2026-10-03 00:22:52.553 [EVENT] sock=2512 hEvent=00000824 events=0x0
2026-10-03 00:22:52.554 [EVENT] sock=2512 hEvent=00000824 events=0x21
2026-10-03 00:22:53.554 [EVENT] sock=2512 hEvent=00000824 events=0x0
2026-10-03 00:22:53.554 [EVENT] sock=2512 hEvent=00000824 events=0x21
2026-10-03 00:22:54.548 [EVENT] sock=2512 hEvent=00000824 events=0x0
2026-10-03 00:22:54.550 [EVENT] sock=2512 hEvent=00000824 events=0x21
2026-10-03 00:22:55.558 [EVENT] sock=2512 hEvent=00000824 events=0x0
2026-10-03 00:22:55.559 [EVENT] sock=2512 hEvent=00000824 events=0x21
2026-10-03 00:22:56.548 [EVENT] sock=2512 hEvent=00000824 events=0x0
2026-10-03 00:22:56.549 [EVENT] sock=2512 hEvent=00000824 events=0x21
2026-10-03 00:22:57.549 [EVENT] sock=2512 hEvent=00000824 events=0x0
2026-10-03 00:22:57.549 [EVENT] sock=2512 hEvent=00000824 events=0x21
2026-10-03 00:22:58.548 [EVENT] sock=2512 hEvent=00000824 events=0x0
2026-10-03 00:22:58.549 [EVENT] sock=2512 hEvent=00000824 events=0x21
2026-10-03 00:22:59.548 [EVENT] sock=2512 hEvent=00000824 events=0x0
2026-10-03 00:22:59.548 [EVENT] sock=2512 hEvent=00000824 events=0x21
2026-10-03 00:23:00.556 [EVENT] sock=2512 hEvent=00000824 events=0x0
2026-10-03 00:23:00.557 [EVENT] sock=2512 hEvent=00000824 events=0x21
2026-10-03 00:23:01.114 [EVENT] sock=2512 hEvent=00000824 events=0x0
2026-10-03 00:23:01.115 [EVENT] sock=2512 hEvent=00000824 events=0x21
2026-10-03 00:23:01.555 [EVENT] sock=2512 hEvent=00000824 events=0x0
2026-10-03 00:23:01.555 [EVENT] sock=2512 hEvent=00000824 events=0x21
2026-10-03 00:23:02.555 [EVENT] sock=2512 hEvent=00000824 events=0x0
2026-10-03 00:23:02.556 [EVENT] sock=2512 hEvent=00000824 events=0x21
2026-10-03 00:23:03.556 [EVENT] sock=2512 hEvent=00000824 events=0x0
2026-10-03 00:23:03.556 [EVENT] sock=2512 hEvent=00000824 events=0x21
2026-10-03 00:23:04.257 [EVENT] sock=2688 hEvent=00000A58 events=0x0
2026-10-03 00:23:04.257 [EVENT] sock=2688 hEvent=00000A58 events=0x21
2026-10-03 00:23:04.555 [EVENT] sock=2512 hEvent=00000824 events=0x0
2026-10-03 00:23:04.555 [EVENT] sock=2512 hEvent=00000824 events=0x21
2026-10-03 00:23:05.559 [EVENT] sock=2512 hEvent=00000824 events=0x0
2026-10-03 00:23:05.560 [EVENT] sock=2512 hEvent=00000824 events=0x21
2026-10-03 00:23:06.554 [EVENT] sock=2512 hEvent=00000824 events=0x0
2026-10-03 00:23:06.556 [EVENT] sock=2512 hEvent=00000824 events=0x21
2026-10-03 00:23:07.556 [EVENT] sock=2512 hEvent=00000824 events=0x0
2026-10-03 00:23:07.557 [EVENT] sock=2512 hEvent=00000824 events=0x21
2026-10-03 00:23:08.547 [EVENT] sock=2512 hEvent=00000824 events=0x0
2026-10-03 00:23:08.548 [EVENT] sock=2512 hEvent=00000824 events=0x21
2026-10-03 00:23:09.553 [EVENT] sock=2512 hEvent=00000824 events=0x0
2026-10-03 00:23:09.553 [EVENT] sock=2512 hEvent=00000824 events=0x21
2026-10-03 00:23:10.550 [EVENT] sock=2512 hEvent=00000824 events=0x0
2026-10-03 00:23:10.550 [EVENT] sock=2512 hEvent=00000824 events=0x21
2026-10-03 00:23:11.170 [EVENT] sock=2512 hEvent=00000824 events=0x0
2026-10-03 00:23:11.170 [EVENT] sock=2512 hEvent=00000824 events=0x21
2026-10-03 00:23:11.548 [EVENT] sock=2512 hEvent=00000824 events=0x0
2026-10-03 00:23:11.549 [EVENT] sock=2512 hEvent=00000824 events=0x21
2026-10-03 00:23:12.555 [EVENT] sock=2512 hEvent=00000824 events=0x0
2026-10-03 00:23:12.557 [EVENT] sock=2512 hEvent=00000824 events=0x21
2026-10-03 00:23:13.553 [EVENT] sock=2512 hEvent=00000824 events=0x0
2026-10-03 00:23:13.554 [EVENT] sock=2512 hEvent=00000824 events=0x21
2026-10-03 00:23:14.556 [EVENT] sock=2512 hEvent=00000824 events=0x0
2026-10-03 00:23:14.556 [EVENT] sock=2512 hEvent=00000824 events=0x21
2026-10-03 00:23:15.560 [EVENT] sock=2512 hEvent=00000824 events=0x0
2026-10-03 00:23:15.561 [EVENT] sock=2512 hEvent=00000824 events=0x21
2026-10-03 00:23:16.559 [EVENT] sock=2512 hEvent=00000824 events=0x0
2026-10-03 00:23:16.560 [EVENT] sock=2512 hEvent=00000824 events=0x21
2026-10-03 00:23:17.546 [EVENT] sock=2512 hEvent=00000824 events=0x0
2026-10-03 00:23:17.547 [EVENT] sock=2512 hEvent=00000824 events=0x21
2026-10-03 00:23:18.551 [EVENT] sock=2512 hEvent=00000824 events=0x0
2026-10-03 00:23:18.552 [EVENT] sock=2512 hEvent=00000824 events=0x21
2026-10-03 00:23:19.559 [EVENT] sock=2512 hEvent=00000824 events=0x0
2026-10-03 00:23:19.560 [EVENT] sock=2512 hEvent=00000824 events=0x21
2026-10-03 00:23:20.550 [EVENT] sock=2512 hEvent=00000824 events=0x0
2026-10-03 00:23:20.552 [EVENT] sock=2512 hEvent=00000824 events=0x21
2026-10-03 00:23:21.223 [EVENT] sock=2512 hEvent=00000824 events=0x0
2026-10-03 00:23:21.223 [EVENT] sock=2512 hEvent=00000824 events=0x21
2026-10-03 00:23:21.550 [EVENT] sock=2512 hEvent=00000824 events=0x0
2026-10-03 00:23:21.551 [EVENT] sock=2512 hEvent=00000824 events=0x21
2026-10-03 00:23:22.553 [EVENT] sock=2512 hEvent=00000824 events=0x0
2026-10-03 00:23:22.553 [EVENT] sock=2512 hEvent=00000824 events=0x21
2026-10-03 00:23:23.550 [EVENT] sock=2512 hEvent=00000824 events=0x0
2026-10-03 00:23:23.551 [EVENT] sock=2512 hEvent=00000824 events=0x21
2026-10-03 00:23:24.550 [EVENT] sock=2512 hEvent=00000824 events=0x0
2026-10-03 00:23:24.551 [EVENT] sock=2512 hEvent=00000824 events=0x21
2026-10-03 00:23:25.550 [EVENT] sock=2512 hEvent=00000824 events=0x0
2026-10-03 00:23:25.551 [EVENT] sock=2512 hEvent=00000824 events=0x21
2026-10-03 00:23:26.550 [EVENT] sock=2512 hEvent=00000824 events=0x0
2026-10-03 00:23:26.552 [EVENT] sock=2512 hEvent=00000824 events=0x21
2026-10-03 00:23:27.546 [EVENT] sock=2512 hEvent=00000824 events=0x0
2026-10-03 00:23:27.547 [EVENT] sock=2512 hEvent=00000824 events=0x21
2026-10-03 00:23:28.547 [EVENT] sock=2512 hEvent=00000824 events=0x0
2026-10-03 00:23:28.548 [EVENT] sock=2512 hEvent=00000824 events=0x21
2026-10-03 00:23:29.548 [EVENT] sock=2512 hEvent=00000824 events=0x0
2026-10-03 00:23:29.549 [EVENT] sock=2512 hEvent=00000824 events=0x21
2026-10-03 00:23:30.548 [EVENT] sock=2512 hEvent=00000824 events=0x0
2026-10-03 00:23:30.549 [EVENT] sock=2512 hEvent=00000824 events=0x21
2026-10-03 00:23:31.290 [EVENT] sock=2512 hEvent=00000824 events=0x0
2026-10-03 00:23:31.290 [EVENT] sock=2512 hEvent=00000824 events=0x21
2026-10-03 00:23:31.551 [EVENT] sock=2512 hEvent=00000824 events=0x0
2026-10-03 00:23:31.553 [EVENT] sock=2512 hEvent=00000824 events=0x21
2026-10-03 00:23:32.552 [EVENT] sock=2512 hEvent=00000824 events=0x0
2026-10-03 00:23:32.553 [EVENT] sock=2512 hEvent=00000824 events=0x21
2026-10-03 00:23:33.551 [EVENT] sock=2512 hEvent=00000824 events=0x0
2026-10-03 00:23:33.551 [EVENT] sock=2512 hEvent=00000824 events=0x21
2026-10-03 00:23:34.257 [EVENT] sock=2688 hEvent=00000A58 events=0x0
2026-10-03 00:23:34.257 [EVENT] sock=2688 hEvent=00000A58 events=0x21
2026-10-03 00:23:34.553 [EVENT] sock=2512 hEvent=00000824 events=0x0
2026-10-03 00:23:34.554 [EVENT] sock=2512 hEvent=00000824 events=0x21
2026-10-03 00:23:35.554 [EVENT] sock=2512 hEvent=00000824 events=0x0
2026-10-03 00:23:35.555 [EVENT] sock=2512 hEvent=00000824 events=0x21
2026-10-03 00:23:36.557 [EVENT] sock=2512 hEvent=00000824 events=0x0
2026-10-03 00:23:36.558 [EVENT] sock=2512 hEvent=00000824 events=0x21
2026-10-03 00:23:37.561 [EVENT] sock=2512 hEvent=00000824 events=0x0
2026-10-03 00:23:37.562 [EVENT] sock=2512 hEvent=00000824 events=0x21
2026-10-03 00:23:38.561 [EVENT] sock=2512 hEvent=00000824 events=0x0
2026-10-03 00:23:38.562 [EVENT] sock=2512 hEvent=00000824 events=0x21
2026-10-03 00:23:39.555 [EVENT] sock=2512 hEvent=00000824 events=0x0
2026-10-03 00:23:39.555 [EVENT] sock=2512 hEvent=00000824 events=0x21
2026-10-03 00:23:40.562 [EVENT] sock=2512 hEvent=00000824 events=0x0
2026-10-03 00:23:40.562 [EVENT] sock=2512 hEvent=00000824 events=0x21
2026-10-03 00:23:41.363 [EVENT] sock=2512 hEvent=00000824 events=0x0
2026-10-03 00:23:41.363 [EVENT] sock=2512 hEvent=00000824 events=0x21
2026-10-03 00:23:41.546 [EVENT] sock=2512 hEvent=00000824 events=0x0
2026-10-03 00:23:41.547 [EVENT] sock=2512 hEvent=00000824 events=0x21
2026-10-03 00:23:42.549 [EVENT] sock=2512 hEvent=00000824 events=0x0
2026-10-03 00:23:42.550 [EVENT] sock=2512 hEvent=00000824 events=0x21
2026-10-03 00:23:43.547 [EVENT] sock=2512 hEvent=00000824 events=0x0
2026-10-03 00:23:43.547 [EVENT] sock=2512 hEvent=00000824 events=0x21
2026-10-03 00:23:44.563 [EVENT] sock=2512 hEvent=00000824 events=0x0
2026-10-03 00:23:44.564 [EVENT] sock=2512 hEvent=00000824 events=0x21
2026-10-03 00:23:45.546 [EVENT] sock=2512 hEvent=00000824 events=0x0
2026-10-03 00:23:45.547 [EVENT] sock=2512 hEvent=00000824 events=0x21
2026-10-03 00:23:46.546 [EVENT] sock=2512 hEvent=00000824 events=0x0
2026-10-03 00:23:46.547 [EVENT] sock=2512 hEvent=00000824 events=0x21
2026-10-03 00:23:47.560 [EVENT] sock=2512 hEvent=00000824 events=0x0
2026-10-03 00:23:47.561 [EVENT] sock=2512 hEvent=00000824 events=0x21
2026-10-03 00:23:48.560 [EVENT] sock=2512 hEvent=00000824 events=0x0
2026-10-03 00:23:48.560 [EVENT] sock=2512 hEvent=00000824 events=0x21
2026-10-03 00:23:49.559 [EVENT] sock=2512 hEvent=00000824 events=0x0
2026-10-03 00:23:49.560 [EVENT] sock=2512 hEvent=00000824 events=0x21
2026-10-03 00:23:50.560 [EVENT] sock=2512 hEvent=00000824 events=0x0
2026-10-03 00:23:50.560 [EVENT] sock=2512 hEvent=00000824 events=0x21
2026-10-03 00:23:51.411 [EVENT] sock=2512 hEvent=00000824 events=0x0
2026-10-03 00:23:51.411 [EVENT] sock=2512 hEvent=00000824 events=0x21
2026-10-03 00:23:51.559 [EVENT] sock=2512 hEvent=00000824 events=0x0
2026-10-03 00:23:51.559 [EVENT] sock=2512 hEvent=00000824 events=0x21
2026-10-03 00:23:52.555 [EVENT] sock=2512 hEvent=00000824 events=0x0
2026-10-03 00:23:52.555 [EVENT] sock=2512 hEvent=00000824 events=0x21
2026-10-03 00:23:53.562 [EVENT] sock=2512 hEvent=00000824 events=0x0
2026-10-03 00:23:53.563 [EVENT] sock=2512 hEvent=00000824 events=0x21
2026-10-03 00:23:54.563 [EVENT] sock=2512 hEvent=00000824 events=0x0
2026-10-03 00:23:54.563 [EVENT] sock=2512 hEvent=00000824 events=0x21
2026-10-03 00:23:55.546 [EVENT] sock=2512 hEvent=00000824 events=0x0
2026-10-03 00:23:55.547 [EVENT] sock=2512 hEvent=00000824 events=0x21
2026-10-03 00:23:56.552 [EVENT] sock=2512 hEvent=00000824 events=0x0
2026-10-03 00:23:56.553 [EVENT] sock=2512 hEvent=00000824 events=0x21
2026-10-03 00:23:57.552 [EVENT] sock=2512 hEvent=00000824 events=0x0
2026-10-03 00:23:57.552 [EVENT] sock=2512 hEvent=00000824 events=0x21
2026-10-03 00:23:58.560 [EVENT] sock=2512 hEvent=00000824 events=0x0
2026-10-03 00:23:58.560 [EVENT] sock=2512 hEvent=00000824 events=0x21
2026-10-03 00:23:59.557 [EVENT] sock=2512 hEvent=00000824 events=0x0
2026-10-03 00:23:59.557 [EVENT] sock=2512 hEvent=00000824 events=0x21
2026-10-03 00:24:00.561 [EVENT] sock=2512 hEvent=00000824 events=0x0
2026-10-03 00:24:00.562 [EVENT] sock=2512 hEvent=00000824 events=0x21
2026-10-03 00:24:01.463 [EVENT] sock=2512 hEvent=00000824 events=0x0
2026-10-03 00:24:01.465 [EVENT] sock=2512 hEvent=00000824 events=0x21
2026-10-03 00:24:01.562 [EVENT] sock=2512 hEvent=00000824 events=0x0
2026-10-03 00:24:01.562 [EVENT] sock=2512 hEvent=00000824 events=0x21
2026-10-03 00:24:02.560 [EVENT] sock=2512 hEvent=00000824 events=0x0
2026-10-03 00:24:02.561 [EVENT] sock=2512 hEvent=00000824 events=0x21
2026-10-03 00:24:03.553 [EVENT] sock=2512 hEvent=00000824 events=0x0
2026-10-03 00:24:03.554 [EVENT] sock=2512 hEvent=00000824 events=0x21
2026-10-03 00:24:04.258 [EVENT] sock=2688 hEvent=00000A58 events=0x0
2026-10-03 00:24:04.258 [EVENT] sock=2688 hEvent=00000A58 events=0x21
2026-10-03 00:24:04.556 [EVENT] sock=2512 hEvent=00000824 events=0x0
2026-10-03 00:24:04.557 [EVENT] sock=2512 hEvent=00000824 events=0x21
2026-10-03 00:24:05.550 [EVENT] sock=2512 hEvent=00000824 events=0x0
2026-10-03 00:24:05.551 [EVENT] sock=2512 hEvent=00000824 events=0x21
2026-10-03 00:24:06.548 [EVENT] sock=2512 hEvent=00000824 events=0x0
2026-10-03 00:24:06.549 [EVENT] sock=2512 hEvent=00000824 events=0x21
2026-10-03 00:24:07.553 [EVENT] sock=2512 hEvent=00000824 events=0x0
2026-10-03 00:24:07.554 [EVENT] sock=2512 hEvent=00000824 events=0x21
2026-10-03 00:24:08.553 [EVENT] sock=2512 hEvent=00000824 events=0x0
2026-10-03 00:24:08.554 [EVENT] sock=2512 hEvent=00000824 events=0x21
2026-10-03 00:24:09.553 [EVENT] sock=2512 hEvent=00000824 events=0x0
2026-10-03 00:24:09.554 [EVENT] sock=2512 hEvent=00000824 events=0x21
2026-10-03 00:24:10.560 [EVENT] sock=2512 hEvent=00000824 events=0x0
2026-10-03 00:24:10.560 [EVENT] sock=2512 hEvent=00000824 events=0x21
2026-10-03 00:24:11.538 [EVENT] sock=2512 hEvent=00000824 events=0x0
2026-10-03 00:24:11.538 [EVENT] sock=2512 hEvent=00000824 events=0x21
2026-10-03 00:24:11.553 [EVENT] sock=2512 hEvent=00000824 events=0x0
2026-10-03 00:24:11.554 [EVENT] sock=2512 hEvent=00000824 events=0x21
2026-10-03 00:24:12.553 [EVENT] sock=2512 hEvent=00000824 events=0x0
2026-10-03 00:24:12.554 [EVENT] sock=2512 hEvent=00000824 events=0x21
2026-10-03 00:24:13.561 [EVENT] sock=2512 hEvent=00000824 events=0x0
2026-10-03 00:24:13.561 [EVENT] sock=2512 hEvent=00000824 events=0x21
2026-10-03 00:24:14.555 [EVENT] sock=2512 hEvent=00000824 events=0x0
2026-10-03 00:24:14.555 [EVENT] sock=2512 hEvent=00000824 events=0x21
2026-10-03 00:24:15.561 [EVENT] sock=2512 hEvent=00000824 events=0x0
2026-10-03 00:24:15.561 [EVENT] sock=2512 hEvent=00000824 events=0x21
2026-10-03 00:24:16.560 [EVENT] sock=2512 hEvent=00000824 events=0x0
2026-10-03 00:24:16.560 [EVENT] sock=2512 hEvent=00000824 events=0x21
2026-10-03 00:24:17.548 [EVENT] sock=2512 hEvent=00000824 events=0x0
2026-10-03 00:24:17.549 [EVENT] sock=2512 hEvent=00000824 events=0x21
2026-10-03 00:24:18.549 [EVENT] sock=2512 hEvent=00000824 events=0x0
2026-10-03 00:24:18.549 [EVENT] sock=2512 hEvent=00000824 events=0x21
2026-10-03 00:24:19.549 [EVENT] sock=2512 hEvent=00000824 events=0x0
2026-10-03 00:24:19.549 [EVENT] sock=2512 hEvent=00000824 events=0x21
2026-10-03 00:24:20.549 [EVENT] sock=2512 hEvent=00000824 events=0x0
2026-10-03 00:24:20.550 [EVENT] sock=2512 hEvent=00000824 events=0x21
2026-10-03 00:24:21.548 [EVENT] sock=2512 hEvent=00000824 events=0x0
2026-10-03 00:24:21.548 [EVENT] sock=2512 hEvent=00000824 events=0x21
2026-10-03 00:24:21.606 [EVENT] sock=2512 hEvent=00000824 events=0x0
2026-10-03 00:24:21.606 [EVENT] sock=2512 hEvent=00000824 events=0x21
2026-10-03 00:24:22.549 [EVENT] sock=2512 hEvent=00000824 events=0x0
2026-10-03 00:24:22.550 [EVENT] sock=2512 hEvent=00000824 events=0x21
2026-10-03 00:24:23.559 [EVENT] sock=2512 hEvent=00000824 events=0x0
2026-10-03 00:24:23.559 [EVENT] sock=2512 hEvent=00000824 events=0x21
2026-10-03 00:24:24.552 [EVENT] sock=2512 hEvent=00000824 events=0x0
2026-10-03 00:24:24.553 [EVENT] sock=2512 hEvent=00000824 events=0x21
2026-10-03 00:24:25.554 [EVENT] sock=2512 hEvent=00000824 events=0x0
2026-10-03 00:24:25.555 [EVENT] sock=2512 hEvent=00000824 events=0x21
2026-10-03 00:24:26.559 [EVENT] sock=2512 hEvent=00000824 events=0x0
2026-10-03 00:24:26.559 [EVENT] sock=2512 hEvent=00000824 events=0x21
2026-10-03 00:24:27.552 [EVENT] sock=2512 hEvent=00000824 events=0x0
2026-10-03 00:24:27.552 [EVENT] sock=2512 hEvent=00000824 events=0x21
2026-10-03 00:24:28.552 [EVENT] sock=2512 hEvent=00000824 events=0x0
2026-10-03 00:24:28.554 [EVENT] sock=2512 hEvent=00000824 events=0x21
2026-10-03 00:24:29.560 [EVENT] sock=2512 hEvent=00000824 events=0x0
2026-10-03 00:24:29.560 [EVENT] sock=2512 hEvent=00000824 events=0x21
2026-10-03 00:24:30.550 [EVENT] sock=2512 hEvent=00000824 events=0x0
2026-10-03 00:24:30.550 [EVENT] sock=2512 hEvent=00000824 events=0x21
2026-10-03 00:24:31.563 [EVENT] sock=2512 hEvent=00000824 events=0x0
2026-10-03 00:24:31.563 [EVENT] sock=2512 hEvent=00000824 events=0x21
2026-10-03 00:24:32.067 [EVENT] sock=2512 hEvent=00000824 events=0x0
2026-10-03 00:24:32.068 [EVENT] sock=2512 hEvent=00000824 events=0x21
2026-10-03 00:24:32.548 [EVENT] sock=2512 hEvent=00000824 events=0x0
2026-10-03 00:24:32.548 [EVENT] sock=2512 hEvent=00000824 events=0x21
2026-10-03 00:24:33.548 [EVENT] sock=2512 hEvent=00000824 events=0x0
2026-10-03 00:24:33.548 [EVENT] sock=2512 hEvent=00000824 events=0x21
2026-10-03 00:24:34.259 [EVENT] sock=2688 hEvent=00000A58 events=0x0
2026-10-03 00:24:34.259 [EVENT] sock=2688 hEvent=00000A58 events=0x21
2026-10-03 00:24:34.552 [EVENT] sock=2512 hEvent=00000824 events=0x0
2026-10-03 00:24:34.553 [EVENT] sock=2512 hEvent=00000824 events=0x21
2026-10-03 00:24:35.561 [EVENT] sock=2512 hEvent=00000824 events=0x0
2026-10-03 00:24:35.562 [EVENT] sock=2512 hEvent=00000824 events=0x21
2026-10-03 00:24:36.546 [EVENT] sock=2512 hEvent=00000824 events=0x0
2026-10-03 00:24:36.547 [EVENT] sock=2512 hEvent=00000824 events=0x21
2026-10-03 00:24:37.562 [EVENT] sock=2512 hEvent=00000824 events=0x0
2026-10-03 00:24:37.562 [EVENT] sock=2512 hEvent=00000824 events=0x21
2026-10-03 00:24:38.563 [EVENT] sock=2512 hEvent=00000824 events=0x0
2026-10-03 00:24:38.563 [EVENT] sock=2512 hEvent=00000824 events=0x21
2026-10-03 00:24:39.548 [EVENT] sock=2512 hEvent=00000824 events=0x0
2026-10-03 00:24:39.549 [EVENT] sock=2512 hEvent=00000824 events=0x21
2026-10-03 00:24:40.561 [EVENT] sock=2512 hEvent=00000824 events=0x0
2026-10-03 00:24:40.562 [EVENT] sock=2512 hEvent=00000824 events=0x21
2026-10-03 00:24:41.562 [EVENT] sock=2512 hEvent=00000824 events=0x0
2026-10-03 00:24:41.563 [EVENT] sock=2512 hEvent=00000824 events=0x21
2026-10-03 00:24:42.131 [EVENT] sock=2512 hEvent=00000824 events=0x0
2026-10-03 00:24:42.131 [EVENT] sock=2512 hEvent=00000824 events=0x21
2026-10-03 00:24:42.562 [EVENT] sock=2512 hEvent=00000824 events=0x0
2026-10-03 00:24:42.563 [EVENT] sock=2512 hEvent=00000824 events=0x21
2026-10-03 00:24:43.549 [EVENT] sock=2512 hEvent=00000824 events=0x0
2026-10-03 00:24:43.549 [EVENT] sock=2512 hEvent=00000824 events=0x21
2026-10-03 00:24:44.553 [EVENT] sock=2512 hEvent=00000824 events=0x0
2026-10-03 00:24:44.554 [EVENT] sock=2512 hEvent=00000824 events=0x21
2026-10-03 00:24:45.558 [EVENT] sock=2512 hEvent=00000824 events=0x0
2026-10-03 00:24:45.559 [EVENT] sock=2512 hEvent=00000824 events=0x21
2026-10-03 00:24:46.563 [EVENT] sock=2512 hEvent=00000824 events=0x0
2026-10-03 00:24:46.563 [EVENT] sock=2512 hEvent=00000824 events=0x21
2026-10-03 00:24:47.564 [EVENT] sock=2512 hEvent=00000824 events=0x0
2026-10-03 00:24:47.564 [EVENT] sock=2512 hEvent=00000824 events=0x21
2026-10-03 00:24:48.563 [EVENT] sock=2512 hEvent=00000824 events=0x0
2026-10-03 00:24:48.564 [EVENT] sock=2512 hEvent=00000824 events=0x21
2026-10-03 00:24:49.562 [EVENT] sock=2512 hEvent=00000824 events=0x0
2026-10-03 00:24:49.563 [EVENT] sock=2512 hEvent=00000824 events=0x21
2026-10-03 00:24:50.551 [EVENT] sock=2512 hEvent=00000824 events=0x0
2026-10-03 00:24:50.552 [EVENT] sock=2512 hEvent=00000824 events=0x21
2026-10-03 00:24:51.563 [EVENT] sock=2512 hEvent=00000824 events=0x0
2026-10-03 00:24:51.564 [EVENT] sock=2512 hEvent=00000824 events=0x21
2026-10-03 00:24:52.186 [EVENT] sock=2512 hEvent=00000824 events=0x0
2026-10-03 00:24:52.187 [EVENT] sock=2512 hEvent=00000824 events=0x21
2026-10-03 00:24:52.554 [EVENT] sock=2512 hEvent=00000824 events=0x0
2026-10-03 00:24:52.554 [EVENT] sock=2512 hEvent=00000824 events=0x21
2026-10-03 00:24:53.554 [EVENT] sock=2512 hEvent=00000824 events=0x0
2026-10-03 00:24:53.555 [EVENT] sock=2512 hEvent=00000824 events=0x21
2026-10-03 00:24:54.552 [EVENT] sock=2512 hEvent=00000824 events=0x0
2026-10-03 00:24:54.552 [EVENT] sock=2512 hEvent=00000824 events=0x21
2026-10-03 00:24:55.558 [EVENT] sock=2512 hEvent=00000824 events=0x0
2026-10-03 00:24:55.558 [EVENT] sock=2512 hEvent=00000824 events=0x21
2026-10-03 00:24:56.554 [EVENT] sock=2512 hEvent=00000824 events=0x0
2026-10-03 00:24:56.564 [EVENT] sock=2512 hEvent=00000824 events=0x21
2026-10-03 00:24:57.550 [EVENT] sock=2512 hEvent=00000824 events=0x0
2026-10-03 00:24:57.551 [EVENT] sock=2512 hEvent=00000824 events=0x21
2026-10-03 00:24:58.549 [EVENT] sock=2512 hEvent=00000824 events=0x0
2026-10-03 00:24:58.550 [EVENT] sock=2512 hEvent=00000824 events=0x21
2026-10-03 00:24:59.549 [EVENT] sock=2512 hEvent=00000824 events=0x0
2026-10-03 00:24:59.550 [EVENT] sock=2512 hEvent=00000824 events=0x21
2026-10-03 00:25:00.550 [EVENT] sock=2512 hEvent=00000824 events=0x0
2026-10-03 00:25:00.551 [EVENT] sock=2512 hEvent=00000824 events=0x21
2026-10-03 00:25:01.547 [EVENT] sock=2512 hEvent=00000824 events=0x0
2026-10-03 00:25:01.547 [EVENT] sock=2512 hEvent=00000824 events=0x21
2026-10-03 00:25:02.240 [EVENT] sock=2512 hEvent=00000824 events=0x0
2026-10-03 00:25:02.240 [EVENT] sock=2512 hEvent=00000824 events=0x21
2026-10-03 00:25:02.554 [EVENT] sock=2512 hEvent=00000824 events=0x0
2026-10-03 00:25:02.555 [EVENT] sock=2512 hEvent=00000824 events=0x21
2026-10-03 00:25:03.555 [EVENT] sock=2512 hEvent=00000824 events=0x0
2026-10-03 00:25:03.555 [EVENT] sock=2512 hEvent=00000824 events=0x21
2026-10-03 00:25:04.260 [EVENT] sock=2688 hEvent=00000A58 events=0x0
2026-10-03 00:25:04.261 [EVENT] sock=2688 hEvent=00000A58 events=0x21
2026-10-03 00:25:04.554 [EVENT] sock=2512 hEvent=00000824 events=0x0
2026-10-03 00:25:04.554 [EVENT] sock=2512 hEvent=00000824 events=0x21
2026-10-03 00:25:05.546 [EVENT] sock=2512 hEvent=00000824 events=0x0
2026-10-03 00:25:05.547 [EVENT] sock=2512 hEvent=00000824 events=0x21
2026-10-03 00:25:06.560 [EVENT] sock=2512 hEvent=00000824 events=0x0
2026-10-03 00:25:06.560 [EVENT] sock=2512 hEvent=00000824 events=0x21
2026-10-03 00:25:07.559 [EVENT] sock=2512 hEvent=00000824 events=0x0
2026-10-03 00:25:07.560 [EVENT] sock=2512 hEvent=00000824 events=0x21
2026-10-03 00:25:08.558 [EVENT] sock=2512 hEvent=00000824 events=0x0
2026-10-03 00:25:08.559 [EVENT] sock=2512 hEvent=00000824 events=0x21
2026-10-03 00:25:09.559 [EVENT] sock=2512 hEvent=00000824 events=0x0
2026-10-03 00:25:09.559 [EVENT] sock=2512 hEvent=00000824 events=0x21
2026-10-03 00:25:10.559 [EVENT] sock=2512 hEvent=00000824 events=0x0
2026-10-03 00:25:10.560 [EVENT] sock=2512 hEvent=00000824 events=0x21
2026-10-03 00:25:11.558 [EVENT] sock=2512 hEvent=00000824 events=0x0
2026-10-03 00:25:11.560 [EVENT] sock=2512 hEvent=00000824 events=0x21
2026-10-03 00:25:12.559 [EVENT] sock=2512 hEvent=00000824 events=0x0
2026-10-03 00:25:12.559 [EVENT] sock=2512 hEvent=00000824 events=0x21
2026-10-03 00:25:12.946 [EVENT] sock=2512 hEvent=00000824 events=0x0
2026-10-03 00:25:12.946 [EVENT] sock=2512 hEvent=00000824 events=0x21
2026-10-03 00:25:13.546 [EVENT] sock=2512 hEvent=00000824 events=0x0
2026-10-03 00:25:13.547 [EVENT] sock=2512 hEvent=00000824 events=0x21
2026-10-03 00:25:14.550 [EVENT] sock=2512 hEvent=00000824 events=0x0
2026-10-03 00:25:14.550 [EVENT] sock=2512 hEvent=00000824 events=0x21
2026-10-03 00:25:15.550 [EVENT] sock=2512 hEvent=00000824 events=0x0
2026-10-03 00:25:15.550 [EVENT] sock=2512 hEvent=00000824 events=0x21
2026-10-03 00:25:16.559 [EVENT] sock=2512 hEvent=00000824 events=0x0
2026-10-03 00:25:16.559 [EVENT] sock=2512 hEvent=00000824 events=0x21
2026-10-03 00:25:17.554 [EVENT] sock=2512 hEvent=00000824 events=0x0
2026-10-03 00:25:17.555 [EVENT] sock=2512 hEvent=00000824 events=0x21
2026-10-03 00:25:18.552 [EVENT] sock=2512 hEvent=00000824 events=0x0
2026-10-03 00:25:18.552 [EVENT] sock=2512 hEvent=00000824 events=0x21
2026-10-03 00:25:19.553 [EVENT] sock=2512 hEvent=00000824 events=0x0
2026-10-03 00:25:19.553 [EVENT] sock=2512 hEvent=00000824 events=0x21
2026-10-03 00:25:20.554 [EVENT] sock=2512 hEvent=00000824 events=0x0
2026-10-03 00:25:20.555 [EVENT] sock=2512 hEvent=00000824 events=0x21
2026-10-03 00:25:21.557 [EVENT] sock=2512 hEvent=00000824 events=0x0
2026-10-03 00:25:21.557 [EVENT] sock=2512 hEvent=00000824 events=0x21
2026-10-03 00:25:22.560 [EVENT] sock=2512 hEvent=00000824 events=0x0
2026-10-03 00:25:22.560 [EVENT] sock=2512 hEvent=00000824 events=0x21
2026-10-03 00:25:23.552 [EVENT] sock=2512 hEvent=00000824 events=0x0
2026-10-03 00:25:23.552 [EVENT] sock=2512 hEvent=00000824 events=0x21
2026-10-03 00:25:24.093 [EVENT] sock=2512 hEvent=00000824 events=0x0
2026-10-03 00:25:24.093 [EVENT] sock=2512 hEvent=00000824 events=0x21
2026-10-03 00:25:24.555 [EVENT] sock=2512 hEvent=00000824 events=0x0
2026-10-03 00:25:24.557 [EVENT] sock=2512 hEvent=00000824 events=0x21
2026-10-03 00:25:25.556 [EVENT] sock=2512 hEvent=00000824 events=0x0
2026-10-03 00:25:25.556 [EVENT] sock=2512 hEvent=00000824 events=0x21
2026-10-03 00:25:26.558 [EVENT] sock=2512 hEvent=00000824 events=0x0
2026-10-03 00:25:26.558 [EVENT] sock=2512 hEvent=00000824 events=0x21
2026-10-03 00:25:27.558 [EVENT] sock=2512 hEvent=00000824 events=0x0
2026-10-03 00:25:27.559 [EVENT] sock=2512 hEvent=00000824 events=0x21
2026-10-03 00:25:28.548 [EVENT] sock=2512 hEvent=00000824 events=0x0
2026-10-03 00:25:28.548 [EVENT] sock=2512 hEvent=00000824 events=0x21
2026-10-03 00:25:29.546 [EVENT] sock=2512 hEvent=00000824 events=0x0
2026-10-03 00:25:29.546 [EVENT] sock=2512 hEvent=00000824 events=0x21
2026-10-03 00:25:30.557 [EVENT] sock=2512 hEvent=00000824 events=0x0
2026-10-03 00:25:30.557 [EVENT] sock=2512 hEvent=00000824 events=0x21
2026-10-03 00:25:31.557 [EVENT] sock=2512 hEvent=00000824 events=0x0
2026-10-03 00:25:31.557 [EVENT] sock=2512 hEvent=00000824 events=0x21
2026-10-03 00:25:32.546 [EVENT] sock=2512 hEvent=00000824 events=0x0
2026-10-03 00:25:32.547 [EVENT] sock=2512 hEvent=00000824 events=0x21
2026-10-03 00:25:33.549 [EVENT] sock=2512 hEvent=00000824 events=0x0
2026-10-03 00:25:33.550 [EVENT] sock=2512 hEvent=00000824 events=0x21
2026-10-03 00:25:34.167 [EVENT] sock=2512 hEvent=00000824 events=0x0
2026-10-03 00:25:34.169 [EVENT] sock=2512 hEvent=00000824 events=0x21
2026-10-03 00:25:34.262 [EVENT] sock=2688 hEvent=00000A58 events=0x0
2026-10-03 00:25:34.262 [EVENT] sock=2688 hEvent=00000A58 events=0x21
2026-10-03 00:25:34.549 [EVENT] sock=2512 hEvent=00000824 events=0x0
2026-10-03 00:25:34.550 [EVENT] sock=2512 hEvent=00000824 events=0x21
2026-10-03 00:25:35.551 [EVENT] sock=2512 hEvent=00000824 events=0x0
2026-10-03 00:25:35.552 [EVENT] sock=2512 hEvent=00000824 events=0x21
2026-10-03 00:25:36.551 [EVENT] sock=2512 hEvent=00000824 events=0x0
2026-10-03 00:25:36.552 [EVENT] sock=2512 hEvent=00000824 events=0x21
2026-10-03 00:25:37.557 [EVENT] sock=2512 hEvent=00000824 events=0x0
2026-10-03 00:25:37.557 [EVENT] sock=2512 hEvent=00000824 events=0x21
2026-10-03 00:25:38.560 [EVENT] sock=2512 hEvent=00000824 events=0x0
2026-10-03 00:25:38.560 [EVENT] sock=2512 hEvent=00000824 events=0x21
2026-10-03 00:25:39.560 [EVENT] sock=2512 hEvent=00000824 events=0x0
2026-10-03 00:25:39.560 [EVENT] sock=2512 hEvent=00000824 events=0x21
2026-10-03 00:25:40.560 [EVENT] sock=2512 hEvent=00000824 events=0x0
2026-10-03 00:25:40.562 [EVENT] sock=2512 hEvent=00000824 events=0x21
2026-10-03 00:25:41.551 [EVENT] sock=2512 hEvent=00000824 events=0x0
2026-10-03 00:25:41.552 [EVENT] sock=2512 hEvent=00000824 events=0x21
2026-10-03 00:25:42.553 [EVENT] sock=2512 hEvent=00000824 events=0x0
2026-10-03 00:25:42.553 [EVENT] sock=2512 hEvent=00000824 events=0x21
2026-10-03 00:25:43.547 [EVENT] sock=2512 hEvent=00000824 events=0x0
2026-10-03 00:25:43.547 [EVENT] sock=2512 hEvent=00000824 events=0x21
2026-10-03 00:25:44.231 [EVENT] sock=2512 hEvent=00000824 events=0x0
2026-10-03 00:25:44.231 [EVENT] sock=2512 hEvent=00000824 events=0x21
2026-10-03 00:25:44.546 [EVENT] sock=2512 hEvent=00000824 events=0x0
2026-10-03 00:25:44.546 [EVENT] sock=2512 hEvent=00000824 events=0x21
2026-10-03 00:25:45.563 [EVENT] sock=2512 hEvent=00000824 events=0x0
2026-10-03 00:25:45.564 [EVENT] sock=2512 hEvent=00000824 events=0x21
2026-10-03 00:25:46.557 [EVENT] sock=2512 hEvent=00000824 events=0x0
2026-10-03 00:25:46.558 [EVENT] sock=2512 hEvent=00000824 events=0x21
2026-10-03 00:25:47.546 [EVENT] sock=2512 hEvent=00000824 events=0x0
2026-10-03 00:25:47.547 [EVENT] sock=2512 hEvent=00000824 events=0x21
2026-10-03 00:25:48.553 [EVENT] sock=2512 hEvent=00000824 events=0x0
2026-10-03 00:25:48.554 [EVENT] sock=2512 hEvent=00000824 events=0x21
2026-10-03 00:25:49.554 [EVENT] sock=2512 hEvent=00000824 events=0x0
2026-10-03 00:25:49.555 [EVENT] sock=2512 hEvent=00000824 events=0x21
2026-10-03 00:25:50.553 [EVENT] sock=2512 hEvent=00000824 events=0x0
2026-10-03 00:25:50.553 [EVENT] sock=2512 hEvent=00000824 events=0x21
2026-10-03 00:25:51.553 [EVENT] sock=2512 hEvent=00000824 events=0x0
2026-10-03 00:25:51.554 [EVENT] sock=2512 hEvent=00000824 events=0x21
2026-10-03 00:25:52.554 [EVENT] sock=2512 hEvent=00000824 events=0x0
2026-10-03 00:25:52.555 [EVENT] sock=2512 hEvent=00000824 events=0x21
2026-10-03 00:25:53.556 [EVENT] sock=2512 hEvent=00000824 events=0x0
2026-10-03 00:25:53.556 [EVENT] sock=2512 hEvent=00000824 events=0x21
2026-10-03 00:25:54.303 [EVENT] sock=2512 hEvent=00000824 events=0x0
2026-10-03 00:25:54.303 [EVENT] sock=2512 hEvent=00000824 events=0x21
2026-10-03 00:25:54.550 [EVENT] sock=2512 hEvent=00000824 events=0x0
2026-10-03 00:25:54.550 [EVENT] sock=2512 hEvent=00000824 events=0x21
2026-10-03 00:25:55.548 [EVENT] sock=2512 hEvent=00000824 events=0x0
2026-10-03 00:25:55.549 [EVENT] sock=2512 hEvent=00000824 events=0x21
2026-10-03 00:25:56.549 [EVENT] sock=2512 hEvent=00000824 events=0x0
2026-10-03 00:25:56.549 [EVENT] sock=2512 hEvent=00000824 events=0x21
2026-10-03 00:25:57.552 [EVENT] sock=2512 hEvent=00000824 events=0x0
2026-10-03 00:25:57.552 [EVENT] sock=2512 hEvent=00000824 events=0x21
2026-10-03 00:25:58.559 [EVENT] sock=2512 hEvent=00000824 events=0x0
2026-10-03 00:25:58.560 [EVENT] sock=2512 hEvent=00000824 events=0x21
2026-10-03 00:25:59.560 [EVENT] sock=2512 hEvent=00000824 events=0x0
2026-10-03 00:25:59.561 [EVENT] sock=2512 hEvent=00000824 events=0x21
2026-10-03 00:26:00.560 [EVENT] sock=2512 hEvent=00000824 events=0x0
2026-10-03 00:26:00.560 [EVENT] sock=2512 hEvent=00000824 events=0x21
2026-10-03 00:26:01.560 [EVENT] sock=2512 hEvent=00000824 events=0x0
2026-10-03 00:26:01.560 [EVENT] sock=2512 hEvent=00000824 events=0x21
2026-10-03 00:26:02.564 [EVENT] sock=2512 hEvent=00000824 events=0x0
2026-10-03 00:26:02.564 [EVENT] sock=2512 hEvent=00000824 events=0x21
2026-10-03 00:26:03.562 [EVENT] sock=2512 hEvent=00000824 events=0x0
2026-10-03 00:26:03.562 [EVENT] sock=2512 hEvent=00000824 events=0x21
2026-10-03 00:26:04.263 [EVENT] sock=2688 hEvent=00000A58 events=0x0
2026-10-03 00:26:04.263 [EVENT] sock=2688 hEvent=00000A58 events=0x21
2026-10-03 00:26:04.377 [EVENT] sock=2512 hEvent=00000824 events=0x0
2026-10-03 00:26:04.377 [EVENT] sock=2512 hEvent=00000824 events=0x21
2026-10-03 00:26:04.549 [EVENT] sock=2512 hEvent=00000824 events=0x0
2026-10-03 00:26:04.550 [EVENT] sock=2512 hEvent=00000824 events=0x21
2026-10-03 00:26:05.551 [EVENT] sock=2512 hEvent=00000824 events=0x0
2026-10-03 00:26:05.552 [EVENT] sock=2512 hEvent=00000824 events=0x21
2026-10-03 00:26:06.555 [EVENT] sock=2512 hEvent=00000824 events=0x0
2026-10-03 00:26:06.555 [EVENT] sock=2512 hEvent=00000824 events=0x21
2026-10-03 00:26:07.561 [EVENT] sock=2512 hEvent=00000824 events=0x0
2026-10-03 00:26:07.561 [EVENT] sock=2512 hEvent=00000824 events=0x21
2026-10-03 00:26:08.559 [EVENT] sock=2512 hEvent=00000824 events=0x0
2026-10-03 00:26:08.559 [EVENT] sock=2512 hEvent=00000824 events=0x21
2026-10-03 00:26:09.559 [EVENT] sock=2512 hEvent=00000824 events=0x0
2026-10-03 00:26:09.560 [EVENT] sock=2512 hEvent=00000824 events=0x21
2026-10-03 00:26:10.565 [EVENT] sock=2512 hEvent=00000824 events=0x0
2026-10-03 00:26:10.565 [EVENT] sock=2512 hEvent=00000824 events=0x21
2026-10-03 00:26:11.551 [EVENT] sock=2512 hEvent=00000824 events=0x0
2026-10-03 00:26:11.552 [EVENT] sock=2512 hEvent=00000824 events=0x21
2026-10-03 00:26:12.559 [EVENT] sock=2512 hEvent=00000824 events=0x0
2026-10-03 00:26:12.560 [EVENT] sock=2512 hEvent=00000824 events=0x21
2026-10-03 00:26:13.562 [EVENT] sock=2512 hEvent=00000824 events=0x0
2026-10-03 00:26:13.563 [EVENT] sock=2512 hEvent=00000824 events=0x21
2026-10-03 00:26:14.431 [EVENT] sock=2512 hEvent=00000824 events=0x0
2026-10-03 00:26:14.431 [EVENT] sock=2512 hEvent=00000824 events=0x21
2026-10-03 00:26:14.562 [EVENT] sock=2512 hEvent=00000824 events=0x0
2026-10-03 00:26:14.562 [EVENT] sock=2512 hEvent=00000824 events=0x21
2026-10-03 00:26:15.563 [EVENT] sock=2512 hEvent=00000824 events=0x0
2026-10-03 00:26:15.563 [EVENT] sock=2512 hEvent=00000824 events=0x21
2026-10-03 00:26:16.552 [EVENT] sock=2512 hEvent=00000824 events=0x0
2026-10-03 00:26:16.554 [EVENT] sock=2512 hEvent=00000824 events=0x21
2026-10-03 00:26:17.559 [EVENT] sock=2512 hEvent=00000824 events=0x0
2026-10-03 00:26:17.559 [EVENT] sock=2512 hEvent=00000824 events=0x21
2026-10-03 00:26:18.562 [EVENT] sock=2512 hEvent=00000824 events=0x0
2026-10-03 00:26:18.562 [EVENT] sock=2512 hEvent=00000824 events=0x21
2026-10-03 00:26:19.562 [EVENT] sock=2512 hEvent=00000824 events=0x0
2026-10-03 00:26:19.563 [EVENT] sock=2512 hEvent=00000824 events=0x21
2026-10-03 00:26:20.562 [EVENT] sock=2512 hEvent=00000824 events=0x0
2026-10-03 00:26:20.563 [EVENT] sock=2512 hEvent=00000824 events=0x21
2026-10-03 00:26:21.549 [EVENT] sock=2512 hEvent=00000824 events=0x0
2026-10-03 00:26:21.550 [EVENT] sock=2512 hEvent=00000824 events=0x21
2026-10-03 00:26:22.549 [EVENT] sock=2512 hEvent=00000824 events=0x0
2026-10-03 00:26:22.550 [EVENT] sock=2512 hEvent=00000824 events=0x21
2026-10-03 00:26:23.548 [EVENT] sock=2512 hEvent=00000824 events=0x0
2026-10-03 00:26:23.549 [EVENT] sock=2512 hEvent=00000824 events=0x21
2026-10-03 00:26:24.552 [EVENT] sock=2512 hEvent=00000824 events=0x0
2026-10-03 00:26:24.553 [EVENT] sock=2512 hEvent=00000824 events=0x21
2026-10-03 00:26:25.487 [EVENT] sock=2512 hEvent=00000824 events=0x0
2026-10-03 00:26:25.487 [EVENT] sock=2512 hEvent=00000824 events=0x21
2026-10-03 00:26:25.551 [EVENT] sock=2512 hEvent=00000824 events=0x0
2026-10-03 00:26:25.552 [EVENT] sock=2512 hEvent=00000824 events=0x21
2026-10-03 00:26:26.552 [EVENT] sock=2512 hEvent=00000824 events=0x0
2026-10-03 00:26:26.553 [EVENT] sock=2512 hEvent=00000824 events=0x21
2026-10-03 00:26:27.551 [EVENT] sock=2512 hEvent=00000824 events=0x0
2026-10-03 00:26:27.552 [EVENT] sock=2512 hEvent=00000824 events=0x21
2026-10-03 00:26:28.561 [EVENT] sock=2512 hEvent=00000824 events=0x0
2026-10-03 00:26:28.562 [EVENT] sock=2512 hEvent=00000824 events=0x21
2026-10-03 00:26:29.548 [EVENT] sock=2512 hEvent=00000824 events=0x0
2026-10-03 00:26:29.550 [EVENT] sock=2512 hEvent=00000824 events=0x21
2026-10-03 00:26:30.552 [EVENT] sock=2512 hEvent=00000824 events=0x0
2026-10-03 00:26:30.554 [EVENT] sock=2512 hEvent=00000824 events=0x21
2026-10-03 00:26:31.553 [EVENT] sock=2512 hEvent=00000824 events=0x0
2026-10-03 00:26:31.554 [EVENT] sock=2512 hEvent=00000824 events=0x21
2026-10-03 00:26:32.558 [EVENT] sock=2512 hEvent=00000824 events=0x0
2026-10-03 00:26:32.558 [EVENT] sock=2512 hEvent=00000824 events=0x21
2026-10-03 00:26:33.556 [EVENT] sock=2512 hEvent=00000824 events=0x0
2026-10-03 00:26:33.557 [EVENT] sock=2512 hEvent=00000824 events=0x21
2026-10-03 00:26:34.264 [EVENT] sock=2688 hEvent=00000A58 events=0x0
2026-10-03 00:26:34.264 [EVENT] sock=2688 hEvent=00000A58 events=0x21
2026-10-03 00:26:34.557 [EVENT] sock=2512 hEvent=00000824 events=0x0
2026-10-03 00:26:34.557 [EVENT] sock=2512 hEvent=00000824 events=0x21
2026-10-03 00:26:35.536 [EVENT] sock=2512 hEvent=00000824 events=0x0
2026-10-03 00:26:35.536 [EVENT] sock=2512 hEvent=00000824 events=0x21
2026-10-03 00:26:35.551 [EVENT] sock=2512 hEvent=00000824 events=0x0
2026-10-03 00:26:35.551 [EVENT] sock=2512 hEvent=00000824 events=0x21
2026-10-03 00:26:36.555 [EVENT] sock=2512 hEvent=00000824 events=0x0
2026-10-03 00:26:36.555 [EVENT] sock=2512 hEvent=00000824 events=0x21
2026-10-03 00:26:37.555 [EVENT] sock=2512 hEvent=00000824 events=0x0
2026-10-03 00:26:37.556 [EVENT] sock=2512 hEvent=00000824 events=0x21
2026-10-03 00:26:38.554 [EVENT] sock=2512 hEvent=00000824 events=0x0
2026-10-03 00:26:38.555 [EVENT] sock=2512 hEvent=00000824 events=0x21
2026-10-03 00:26:39.559 [EVENT] sock=2512 hEvent=00000824 events=0x0
2026-10-03 00:26:39.560 [EVENT] sock=2512 hEvent=00000824 events=0x21
2026-10-03 00:26:40.549 [EVENT] sock=2512 hEvent=00000824 events=0x0
2026-10-03 00:26:40.549 [EVENT] sock=2512 hEvent=00000824 events=0x21
2026-10-03 00:26:41.550 [EVENT] sock=2512 hEvent=00000824 events=0x0
2026-10-03 00:26:41.550 [EVENT] sock=2512 hEvent=00000824 events=0x21
2026-10-03 00:26:42.556 [EVENT] sock=2512 hEvent=00000824 events=0x0
2026-10-03 00:26:42.556 [EVENT] sock=2512 hEvent=00000824 events=0x21
2026-10-03 00:26:43.554 [EVENT] sock=2512 hEvent=00000824 events=0x0
2026-10-03 00:26:43.555 [EVENT] sock=2512 hEvent=00000824 events=0x21
2026-10-03 00:26:44.555 [EVENT] sock=2512 hEvent=00000824 events=0x0
2026-10-03 00:26:44.556 [EVENT] sock=2512 hEvent=00000824 events=0x21
2026-10-03 00:26:45.559 [EVENT] sock=2512 hEvent=00000824 events=0x0
2026-10-03 00:26:45.560 [EVENT] sock=2512 hEvent=00000824 events=0x21
2026-10-03 00:26:45.595 [EVENT] sock=2512 hEvent=00000824 events=0x0
2026-10-03 00:26:45.596 [EVENT] sock=2512 hEvent=00000824 events=0x21
2026-10-03 00:26:46.563 [EVENT] sock=2512 hEvent=00000824 events=0x0
2026-10-03 00:26:46.563 [EVENT] sock=2512 hEvent=00000824 events=0x21
2026-10-03 00:26:47.554 [EVENT] sock=2512 hEvent=00000824 events=0x0
2026-10-03 00:26:47.554 [EVENT] sock=2512 hEvent=00000824 events=0x21
2026-10-03 00:26:48.551 [EVENT] sock=2512 hEvent=00000824 events=0x0
2026-10-03 00:26:48.552 [EVENT] sock=2512 hEvent=00000824 events=0x21
2026-10-03 00:26:49.552 [EVENT] sock=2512 hEvent=00000824 events=0x0
2026-10-03 00:26:49.552 [EVENT] sock=2512 hEvent=00000824 events=0x21
2026-10-03 00:26:50.552 [EVENT] sock=2512 hEvent=00000824 events=0x0
2026-10-03 00:26:50.552 [EVENT] sock=2512 hEvent=00000824 events=0x21
2026-10-03 00:26:51.551 [EVENT] sock=2512 hEvent=00000824 events=0x0
2026-10-03 00:26:51.552 [EVENT] sock=2512 hEvent=00000824 events=0x21
2026-10-03 00:26:52.554 [EVENT] sock=2512 hEvent=00000824 events=0x0
2026-10-03 00:26:52.555 [EVENT] sock=2512 hEvent=00000824 events=0x21
2026-10-03 00:26:53.549 [EVENT] sock=2512 hEvent=00000824 events=0x0
2026-10-03 00:26:53.549 [EVENT] sock=2512 hEvent=00000824 events=0x21
2026-10-03 00:26:54.558 [EVENT] sock=2512 hEvent=00000824 events=0x0
2026-10-03 00:26:54.559 [EVENT] sock=2512 hEvent=00000824 events=0x21
2026-10-03 00:26:55.557 [EVENT] sock=2512 hEvent=00000824 events=0x0
2026-10-03 00:26:55.558 [EVENT] sock=2512 hEvent=00000824 events=0x21
2026-10-03 00:26:55.877 [EVENT] sock=2512 hEvent=00000824 events=0x0
2026-10-03 00:26:55.877 [EVENT] sock=2512 hEvent=00000824 events=0x21
2026-10-03 00:26:56.557 [EVENT] sock=2512 hEvent=00000824 events=0x0
2026-10-03 00:26:56.557 [EVENT] sock=2512 hEvent=00000824 events=0x21
2026-10-03 00:26:57.562 [EVENT] sock=2512 hEvent=00000824 events=0x0
2026-10-03 00:26:57.562 [EVENT] sock=2512 hEvent=00000824 events=0x21
2026-10-03 00:26:58.559 [EVENT] sock=2512 hEvent=00000824 events=0x0
2026-10-03 00:26:58.559 [EVENT] sock=2512 hEvent=00000824 events=0x21
2026-10-03 00:26:59.549 [EVENT] sock=2512 hEvent=00000824 events=0x0
2026-10-03 00:26:59.551 [EVENT] sock=2512 hEvent=00000824 events=0x21
2026-10-03 00:27:00.557 [EVENT] sock=2512 hEvent=00000824 events=0x0
2026-10-03 00:27:00.557 [EVENT] sock=2512 hEvent=00000824 events=0x21
2026-10-03 00:27:01.554 [EVENT] sock=2512 hEvent=00000824 events=0x0
2026-10-03 00:27:01.555 [EVENT] sock=2512 hEvent=00000824 events=0x21
2026-10-03 00:27:02.557 [EVENT] sock=2512 hEvent=00000824 events=0x0
2026-10-03 00:27:02.559 [EVENT] sock=2512 hEvent=00000824 events=0x21
2026-10-03 00:27:03.558 [EVENT] sock=2512 hEvent=00000824 events=0x0
2026-10-03 00:27:03.558 [EVENT] sock=2512 hEvent=00000824 events=0x21
2026-10-03 00:27:04.265 [EVENT] sock=2688 hEvent=00000A58 events=0x0
2026-10-03 00:27:04.265 [EVENT] sock=2688 hEvent=00000A58 events=0x21
2026-10-03 00:27:04.558 [EVENT] sock=2512 hEvent=00000824 events=0x0
2026-10-03 00:27:04.558 [EVENT] sock=2512 hEvent=00000824 events=0x21
2026-10-03 00:27:05.550 [EVENT] sock=2512 hEvent=00000824 events=0x0
2026-10-03 00:27:05.551 [EVENT] sock=2512 hEvent=00000824 events=0x21
2026-10-03 00:27:05.928 [EVENT] sock=2512 hEvent=00000824 events=0x0
2026-10-03 00:27:05.928 [EVENT] sock=2512 hEvent=00000824 events=0x21
2026-10-03 00:27:06.552 [EVENT] sock=2512 hEvent=00000824 events=0x0
2026-10-03 00:27:06.554 [EVENT] sock=2512 hEvent=00000824 events=0x21
2026-10-03 00:27:07.551 [EVENT] sock=2512 hEvent=00000824 events=0x0
2026-10-03 00:27:07.552 [EVENT] sock=2512 hEvent=00000824 events=0x21
2026-10-03 00:27:08.552 [EVENT] sock=2512 hEvent=00000824 events=0x0
2026-10-03 00:27:08.553 [EVENT] sock=2512 hEvent=00000824 events=0x21
2026-10-03 00:27:09.556 [EVENT] sock=2512 hEvent=00000824 events=0x0
2026-10-03 00:27:09.556 [EVENT] sock=2512 hEvent=00000824 events=0x21
2026-10-03 00:27:10.552 [EVENT] sock=2512 hEvent=00000824 events=0x0
2026-10-03 00:27:10.552 [EVENT] sock=2512 hEvent=00000824 events=0x21
2026-10-03 00:27:11.547 [EVENT] sock=2512 hEvent=00000824 events=0x0
2026-10-03 00:27:11.548 [EVENT] sock=2512 hEvent=00000824 events=0x21
2026-10-03 00:27:12.556 [EVENT] sock=2512 hEvent=00000824 events=0x0
2026-10-03 00:27:12.556 [EVENT] sock=2512 hEvent=00000824 events=0x21
2026-10-03 00:27:13.558 [EVENT] sock=2512 hEvent=00000824 events=0x0
2026-10-03 00:27:13.558 [EVENT] sock=2512 hEvent=00000824 events=0x21
2026-10-03 00:27:14.558 [EVENT] sock=2512 hEvent=00000824 events=0x0
2026-10-03 00:27:14.559 [EVENT] sock=2512 hEvent=00000824 events=0x21
2026-10-03 00:27:15.557 [EVENT] sock=2512 hEvent=00000824 events=0x0
2026-10-03 00:27:15.558 [EVENT] sock=2512 hEvent=00000824 events=0x21
2026-10-03 00:27:15.977 [EVENT] sock=2512 hEvent=00000824 events=0x0
2026-10-03 00:27:15.978 [EVENT] sock=2512 hEvent=00000824 events=0x21
2026-10-03 00:27:16.561 [EVENT] sock=2512 hEvent=00000824 events=0x0
2026-10-03 00:27:16.562 [EVENT] sock=2512 hEvent=00000824 events=0x21
2026-10-03 00:27:17.554 [EVENT] sock=2512 hEvent=00000824 events=0x0
2026-10-03 00:27:17.555 [EVENT] sock=2512 hEvent=00000824 events=0x21
2026-10-03 00:27:18.552 [EVENT] sock=2512 hEvent=00000824 events=0x0
2026-10-03 00:27:18.553 [EVENT] sock=2512 hEvent=00000824 events=0x21
2026-10-03 00:27:19.557 [EVENT] sock=2512 hEvent=00000824 events=0x0
2026-10-03 00:27:19.557 [EVENT] sock=2512 hEvent=00000824 events=0x21
2026-10-03 00:27:20.556 [EVENT] sock=2512 hEvent=00000824 events=0x0
2026-10-03 00:27:20.557 [EVENT] sock=2512 hEvent=00000824 events=0x21
2026-10-03 00:27:21.549 [EVENT] sock=2512 hEvent=00000824 events=0x0
2026-10-03 00:27:21.550 [EVENT] sock=2512 hEvent=00000824 events=0x21
2026-10-03 00:27:22.562 [EVENT] sock=2512 hEvent=00000824 events=0x0
2026-10-03 00:27:22.562 [EVENT] sock=2512 hEvent=00000824 events=0x21
2026-10-03 00:27:23.549 [EVENT] sock=2512 hEvent=00000824 events=0x0
2026-10-03 00:27:23.550 [EVENT] sock=2512 hEvent=00000824 events=0x21
2026-10-03 00:27:24.552 [EVENT] sock=2512 hEvent=00000824 events=0x0
2026-10-03 00:27:24.553 [EVENT] sock=2512 hEvent=00000824 events=0x21
2026-10-03 00:27:25.554 [EVENT] sock=2512 hEvent=00000824 events=0x0
2026-10-03 00:27:25.555 [EVENT] sock=2512 hEvent=00000824 events=0x21
2026-10-03 00:27:26.055 [EVENT] sock=2512 hEvent=00000824 events=0x0
2026-10-03 00:27:26.055 [EVENT] sock=2512 hEvent=00000824 events=0x21
2026-10-03 00:27:26.557 [EVENT] sock=2512 hEvent=00000824 events=0x0
2026-10-03 00:27:26.558 [EVENT] sock=2512 hEvent=00000824 events=0x21
2026-10-03 00:27:27.546 [EVENT] sock=2512 hEvent=00000824 events=0x0
2026-10-03 00:27:27.546 [EVENT] sock=2512 hEvent=00000824 events=0x21
2026-10-03 00:27:28.548 [EVENT] sock=2512 hEvent=00000824 events=0x0
2026-10-03 00:27:28.549 [EVENT] sock=2512 hEvent=00000824 events=0x21
2026-10-03 00:27:29.552 [EVENT] sock=2512 hEvent=00000824 events=0x0
2026-10-03 00:27:29.553 [EVENT] sock=2512 hEvent=00000824 events=0x21
2026-10-03 00:27:30.560 [EVENT] sock=2512 hEvent=00000824 events=0x0
2026-10-03 00:27:30.560 [EVENT] sock=2512 hEvent=00000824 events=0x21
2026-10-03 00:27:31.562 [EVENT] sock=2512 hEvent=00000824 events=0x0
2026-10-03 00:27:31.562 [EVENT] sock=2512 hEvent=00000824 events=0x21
2026-10-03 00:27:32.552 [EVENT] sock=2512 hEvent=00000824 events=0x0
2026-10-03 00:27:32.552 [EVENT] sock=2512 hEvent=00000824 events=0x21
2026-10-03 00:27:33.557 [EVENT] sock=2512 hEvent=00000824 events=0x0
2026-10-03 00:27:33.559 [EVENT] sock=2512 hEvent=00000824 events=0x21
2026-10-03 00:27:34.265 [EVENT] sock=2688 hEvent=00000A58 events=0x0
2026-10-03 00:27:34.265 [EVENT] sock=2688 hEvent=00000A58 events=0x21
2026-10-03 00:27:34.558 [EVENT] sock=2512 hEvent=00000824 events=0x0
2026-10-03 00:27:34.559 [EVENT] sock=2512 hEvent=00000824 events=0x21
2026-10-03 00:27:35.553 [EVENT] sock=2512 hEvent=00000824 events=0x0
2026-10-03 00:27:35.553 [EVENT] sock=2512 hEvent=00000824 events=0x21
2026-10-03 00:27:36.112 [EVENT] sock=2512 hEvent=00000824 events=0x0
2026-10-03 00:27:36.112 [EVENT] sock=2512 hEvent=00000824 events=0x21
2026-10-03 00:27:36.548 [EVENT] sock=2512 hEvent=00000824 events=0x0
2026-10-03 00:27:36.549 [EVENT] sock=2512 hEvent=00000824 events=0x21
2026-10-03 00:27:37.551 [EVENT] sock=2512 hEvent=00000824 events=0x0
2026-10-03 00:27:37.551 [EVENT] sock=2512 hEvent=00000824 events=0x21
2026-10-03 00:27:38.552 [EVENT] sock=2512 hEvent=00000824 events=0x0
2026-10-03 00:27:38.552 [EVENT] sock=2512 hEvent=00000824 events=0x21
2026-10-03 00:27:39.551 [EVENT] sock=2512 hEvent=00000824 events=0x0
2026-10-03 00:27:39.551 [EVENT] sock=2512 hEvent=00000824 events=0x21
2026-10-03 00:27:40.550 [EVENT] sock=2512 hEvent=00000824 events=0x0
2026-10-03 00:27:40.550 [EVENT] sock=2512 hEvent=00000824 events=0x21
2026-10-03 00:27:41.551 [EVENT] sock=2512 hEvent=00000824 events=0x0
2026-10-03 00:27:41.552 [EVENT] sock=2512 hEvent=00000824 events=0x21
2026-10-03 00:27:42.551 [EVENT] sock=2512 hEvent=00000824 events=0x0
2026-10-03 00:27:42.551 [EVENT] sock=2512 hEvent=00000824 events=0x21
2026-10-03 00:27:43.558 [EVENT] sock=2512 hEvent=00000824 events=0x0
2026-10-03 00:27:43.560 [EVENT] sock=2512 hEvent=00000824 events=0x21
2026-10-03 00:27:44.550 [EVENT] sock=2512 hEvent=00000824 events=0x0
2026-10-03 00:27:44.551 [EVENT] sock=2512 hEvent=00000824 events=0x21
2026-10-03 00:27:45.553 [EVENT] sock=2512 hEvent=00000824 events=0x0
2026-10-03 00:27:45.554 [EVENT] sock=2512 hEvent=00000824 events=0x21
2026-10-03 00:27:46.172 [EVENT] sock=2512 hEvent=00000824 events=0x0
2026-10-03 00:27:46.172 [EVENT] sock=2512 hEvent=00000824 events=0x21
2026-10-03 00:27:46.554 [EVENT] sock=2512 hEvent=00000824 events=0x0
2026-10-03 00:27:46.554 [EVENT] sock=2512 hEvent=00000824 events=0x21
2026-10-03 00:27:47.557 [EVENT] sock=2512 hEvent=00000824 events=0x0
2026-10-03 00:27:47.557 [EVENT] sock=2512 hEvent=00000824 events=0x21
2026-10-03 00:27:48.555 [EVENT] sock=2512 hEvent=00000824 events=0x0
2026-10-03 00:27:48.555 [EVENT] sock=2512 hEvent=00000824 events=0x21
2026-10-03 00:27:49.554 [EVENT] sock=2512 hEvent=00000824 events=0x0
2026-10-03 00:27:49.555 [EVENT] sock=2512 hEvent=00000824 events=0x21
2026-10-03 00:27:50.557 [EVENT] sock=2512 hEvent=00000824 events=0x0
2026-10-03 00:27:50.557 [EVENT] sock=2512 hEvent=00000824 events=0x21
2026-10-03 00:27:51.547 [EVENT] sock=2512 hEvent=00000824 events=0x0
2026-10-03 00:27:51.548 [EVENT] sock=2512 hEvent=00000824 events=0x21
2026-10-03 00:27:52.551 [EVENT] sock=2512 hEvent=00000824 events=0x0
2026-10-03 00:27:52.552 [EVENT] sock=2512 hEvent=00000824 events=0x21
2026-10-03 00:27:53.556 [EVENT] sock=2512 hEvent=00000824 events=0x0
2026-10-03 00:27:53.556 [EVENT] sock=2512 hEvent=00000824 events=0x21
2026-10-03 00:27:54.553 [EVENT] sock=2512 hEvent=00000824 events=0x0
2026-10-03 00:27:54.554 [EVENT] sock=2512 hEvent=00000824 events=0x21
2026-10-03 00:27:55.556 [EVENT] sock=2512 hEvent=00000824 events=0x0
2026-10-03 00:27:55.556 [EVENT] sock=2512 hEvent=00000824 events=0x21
2026-10-03 00:27:56.245 [EVENT] sock=2512 hEvent=00000824 events=0x0
2026-10-03 00:27:56.245 [EVENT] sock=2512 hEvent=00000824 events=0x21
2026-10-03 00:27:56.561 [EVENT] sock=2512 hEvent=00000824 events=0x0
2026-10-03 00:27:56.562 [EVENT] sock=2512 hEvent=00000824 events=0x21
2026-10-03 00:27:57.553 [EVENT] sock=2512 hEvent=00000824 events=0x0
2026-10-03 00:27:57.554 [EVENT] sock=2512 hEvent=00000824 events=0x21
2026-10-03 00:27:58.555 [EVENT] sock=2512 hEvent=00000824 events=0x0
2026-10-03 00:27:58.555 [EVENT] sock=2512 hEvent=00000824 events=0x21
2026-10-03 00:27:59.554 [EVENT] sock=2512 hEvent=00000824 events=0x0
2026-10-03 00:27:59.554 [EVENT] sock=2512 hEvent=00000824 events=0x21
2026-10-03 00:28:00.558 [EVENT] sock=2512 hEvent=00000824 events=0x0
2026-10-03 00:28:00.558 [EVENT] sock=2512 hEvent=00000824 events=0x21
2026-10-03 00:28:01.557 [EVENT] sock=2512 hEvent=00000824 events=0x0
2026-10-03 00:28:01.559 [EVENT] sock=2512 hEvent=00000824 events=0x21
2026-10-03 00:28:02.562 [EVENT] sock=2512 hEvent=00000824 events=0x0
2026-10-03 00:28:02.563 [EVENT] sock=2512 hEvent=00000824 events=0x21
2026-10-03 00:28:03.556 [EVENT] sock=2512 hEvent=00000824 events=0x0
2026-10-03 00:28:03.557 [EVENT] sock=2512 hEvent=00000824 events=0x21
2026-10-03 00:28:04.266 [EVENT] sock=2688 hEvent=00000A58 events=0x0
2026-10-03 00:28:04.266 [EVENT] sock=2688 hEvent=00000A58 events=0x21
2026-10-03 00:28:04.554 [EVENT] sock=2512 hEvent=00000824 events=0x0
2026-10-03 00:28:04.555 [EVENT] sock=2512 hEvent=00000824 events=0x21
2026-10-03 00:28:05.554 [EVENT] sock=2512 hEvent=00000824 events=0x0
2026-10-03 00:28:05.555 [EVENT] sock=2512 hEvent=00000824 events=0x21
2026-10-03 00:28:06.307 [EVENT] sock=2512 hEvent=00000824 events=0x0
2026-10-03 00:28:06.308 [EVENT] sock=2512 hEvent=00000824 events=0x21
2026-10-03 00:28:06.554 [EVENT] sock=2512 hEvent=00000824 events=0x0
2026-10-03 00:28:06.555 [EVENT] sock=2512 hEvent=00000824 events=0x21
2026-10-03 00:28:07.553 [EVENT] sock=2512 hEvent=00000824 events=0x0
2026-10-03 00:28:07.554 [EVENT] sock=2512 hEvent=00000824 events=0x21
2026-10-03 00:28:08.550 [EVENT] sock=2512 hEvent=00000824 events=0x0
2026-10-03 00:28:08.551 [EVENT] sock=2512 hEvent=00000824 events=0x21
2026-10-03 00:28:09.553 [EVENT] sock=2512 hEvent=00000824 events=0x0
2026-10-03 00:28:09.553 [EVENT] sock=2512 hEvent=00000824 events=0x21
2026-10-03 00:28:10.554 [EVENT] sock=2512 hEvent=00000824 events=0x0
2026-10-03 00:28:10.554 [EVENT] sock=2512 hEvent=00000824 events=0x21
2026-10-03 00:28:11.551 [EVENT] sock=2512 hEvent=00000824 events=0x0
2026-10-03 00:28:11.551 [EVENT] sock=2512 hEvent=00000824 events=0x21
2026-10-03 00:28:12.554 [EVENT] sock=2512 hEvent=00000824 events=0x0
2026-10-03 00:28:12.554 [EVENT] sock=2512 hEvent=00000824 events=0x21
2026-10-03 00:28:13.553 [EVENT] sock=2512 hEvent=00000824 events=0x0
2026-10-03 00:28:13.553 [EVENT] sock=2512 hEvent=00000824 events=0x21
2026-10-03 00:28:14.552 [EVENT] sock=2512 hEvent=00000824 events=0x0
2026-10-03 00:28:14.553 [EVENT] sock=2512 hEvent=00000824 events=0x21
2026-10-03 00:28:15.563 [EVENT] sock=2512 hEvent=00000824 events=0x0
2026-10-03 00:28:15.563 [EVENT] sock=2512 hEvent=00000824 events=0x21
2026-10-03 00:28:16.388 [EVENT] sock=2512 hEvent=00000824 events=0x0
2026-10-03 00:28:16.388 [EVENT] sock=2512 hEvent=00000824 events=0x21
2026-10-03 00:28:16.550 [EVENT] sock=2512 hEvent=00000824 events=0x0
2026-10-03 00:28:16.551 [EVENT] sock=2512 hEvent=00000824 events=0x21
2026-10-03 00:28:17.551 [EVENT] sock=2512 hEvent=00000824 events=0x0
2026-10-03 00:28:17.552 [EVENT] sock=2512 hEvent=00000824 events=0x21
2026-10-03 00:28:18.549 [EVENT] sock=2512 hEvent=00000824 events=0x0
2026-10-03 00:28:18.549 [EVENT] sock=2512 hEvent=00000824 events=0x21
2026-10-03 00:28:19.555 [EVENT] sock=2512 hEvent=00000824 events=0x0
2026-10-03 00:28:19.556 [EVENT] sock=2512 hEvent=00000824 events=0x21
2026-10-03 00:28:20.558 [EVENT] sock=2512 hEvent=00000824 events=0x0
2026-10-03 00:28:20.558 [EVENT] sock=2512 hEvent=00000824 events=0x21
2026-10-03 00:28:21.557 [EVENT] sock=2512 hEvent=00000824 events=0x0
2026-10-03 00:28:21.558 [EVENT] sock=2512 hEvent=00000824 events=0x21
2026-10-03 00:28:22.556 [EVENT] sock=2512 hEvent=00000824 events=0x0
2026-10-03 00:28:22.556 [EVENT] sock=2512 hEvent=00000824 events=0x21
2026-10-03 00:28:23.549 [EVENT] sock=2512 hEvent=00000824 events=0x0
2026-10-03 00:28:23.550 [EVENT] sock=2512 hEvent=00000824 events=0x21
2026-10-03 00:28:24.552 [EVENT] sock=2512 hEvent=00000824 events=0x0
2026-10-03 00:28:24.552 [EVENT] sock=2512 hEvent=00000824 events=0x21
2026-10-03 00:28:25.551 [EVENT] sock=2512 hEvent=00000824 events=0x0
2026-10-03 00:28:25.552 [EVENT] sock=2512 hEvent=00000824 events=0x21
2026-10-03 00:28:26.453 [EVENT] sock=2512 hEvent=00000824 events=0x0
2026-10-03 00:28:26.453 [EVENT] sock=2512 hEvent=00000824 events=0x21
2026-10-03 00:28:26.551 [EVENT] sock=2512 hEvent=00000824 events=0x0
2026-10-03 00:28:26.552 [EVENT] sock=2512 hEvent=00000824 events=0x21
2026-10-03 00:28:27.556 [EVENT] sock=2512 hEvent=00000824 events=0x0
2026-10-03 00:28:27.556 [EVENT] sock=2512 hEvent=00000824 events=0x21
2026-10-03 00:28:28.560 [EVENT] sock=2512 hEvent=00000824 events=0x0
2026-10-03 00:28:28.561 [EVENT] sock=2512 hEvent=00000824 events=0x21
2026-10-03 00:28:29.559 [EVENT] sock=2512 hEvent=00000824 events=0x0
2026-10-03 00:28:29.560 [EVENT] sock=2512 hEvent=00000824 events=0x21
2026-10-03 00:28:30.560 [EVENT] sock=2512 hEvent=00000824 events=0x0
2026-10-03 00:28:30.561 [EVENT] sock=2512 hEvent=00000824 events=0x21
2026-10-03 00:28:31.560 [EVENT] sock=2512 hEvent=00000824 events=0x0
2026-10-03 00:28:31.561 [EVENT] sock=2512 hEvent=00000824 events=0x21
2026-10-03 00:28:32.563 [EVENT] sock=2512 hEvent=00000824 events=0x0
2026-10-03 00:28:32.563 [EVENT] sock=2512 hEvent=00000824 events=0x21
2026-10-03 00:28:33.547 [EVENT] sock=2512 hEvent=00000824 events=0x0
2026-10-03 00:28:33.549 [EVENT] sock=2512 hEvent=00000824 events=0x21
2026-10-03 00:28:34.267 [EVENT] sock=2688 hEvent=00000A58 events=0x0
2026-10-03 00:28:34.267 [EVENT] sock=2688 hEvent=00000A58 events=0x21
2026-10-03 00:28:34.553 [EVENT] sock=2512 hEvent=00000824 events=0x0
2026-10-03 00:28:34.553 [EVENT] sock=2512 hEvent=00000824 events=0x21
2026-10-03 00:28:35.554 [EVENT] sock=2512 hEvent=00000824 events=0x0
2026-10-03 00:28:35.555 [EVENT] sock=2512 hEvent=00000824 events=0x21
2026-10-03 00:28:36.515 [EVENT] sock=2512 hEvent=00000824 events=0x0
2026-10-03 00:28:36.516 [EVENT] sock=2512 hEvent=00000824 events=0x21
2026-10-03 00:28:36.562 [EVENT] sock=2512 hEvent=00000824 events=0x0
2026-10-03 00:28:36.562 [EVENT] sock=2512 hEvent=00000824 events=0x21
2026-10-03 00:28:37.561 [EVENT] sock=2512 hEvent=00000824 events=0x0
2026-10-03 00:28:37.562 [EVENT] sock=2512 hEvent=00000824 events=0x21
2026-10-03 00:28:38.547 [EVENT] sock=2512 hEvent=00000824 events=0x0
2026-10-03 00:28:38.549 [EVENT] sock=2512 hEvent=00000824 events=0x21
2026-10-03 00:28:39.551 [EVENT] sock=2512 hEvent=00000824 events=0x0
2026-10-03 00:28:39.552 [EVENT] sock=2512 hEvent=00000824 events=0x21
2026-10-03 00:28:40.559 [EVENT] sock=2512 hEvent=00000824 events=0x0
2026-10-03 00:28:40.559 [EVENT] sock=2512 hEvent=00000824 events=0x21
2026-10-03 00:28:41.554 [EVENT] sock=2512 hEvent=00000824 events=0x0
2026-10-03 00:28:41.555 [EVENT] sock=2512 hEvent=00000824 events=0x21
2026-10-03 00:28:42.553 [EVENT] sock=2512 hEvent=00000824 events=0x0
2026-10-03 00:28:42.554 [EVENT] sock=2512 hEvent=00000824 events=0x21
2026-10-03 00:28:43.556 [EVENT] sock=2512 hEvent=00000824 events=0x0
2026-10-03 00:28:43.556 [EVENT] sock=2512 hEvent=00000824 events=0x21
2026-10-03 00:28:44.556 [EVENT] sock=2512 hEvent=00000824 events=0x0
2026-10-03 00:28:44.557 [EVENT] sock=2512 hEvent=00000824 events=0x21
2026-10-03 00:28:45.555 [EVENT] sock=2512 hEvent=00000824 events=0x0
2026-10-03 00:28:45.555 [EVENT] sock=2512 hEvent=00000824 events=0x21
2026-10-03 00:28:46.555 [EVENT] sock=2512 hEvent=00000824 events=0x0
2026-10-03 00:28:46.555 [EVENT] sock=2512 hEvent=00000824 events=0x21
2026-10-03 00:28:46.593 [EVENT] sock=2512 hEvent=00000824 events=0x0
2026-10-03 00:28:46.594 [EVENT] sock=2512 hEvent=00000824 events=0x21
2026-10-03 00:28:47.554 [EVENT] sock=2512 hEvent=00000824 events=0x0
2026-10-03 00:28:47.555 [EVENT] sock=2512 hEvent=00000824 events=0x21
2026-10-03 00:28:48.558 [EVENT] sock=2512 hEvent=00000824 events=0x0
2026-10-03 00:28:48.559 [EVENT] sock=2512 hEvent=00000824 events=0x21
2026-10-03 00:28:49.561 [EVENT] sock=2512 hEvent=00000824 events=0x0
2026-10-03 00:28:49.562 [EVENT] sock=2512 hEvent=00000824 events=0x21
2026-10-03 00:28:50.551 [EVENT] sock=2512 hEvent=00000824 events=0x0
2026-10-03 00:28:50.551 [EVENT] sock=2512 hEvent=00000824 events=0x21
2026-10-03 00:28:51.548 [EVENT] sock=2512 hEvent=00000824 events=0x0
2026-10-03 00:28:51.549 [EVENT] sock=2512 hEvent=00000824 events=0x21
2026-10-03 00:28:52.557 [EVENT] sock=2512 hEvent=00000824 events=0x0
2026-10-03 00:28:52.558 [EVENT] sock=2512 hEvent=00000824 events=0x21
2026-10-03 00:28:53.548 [EVENT] sock=2512 hEvent=00000824 events=0x0
2026-10-03 00:28:53.548 [EVENT] sock=2512 hEvent=00000824 events=0x21
2026-10-03 00:28:54.556 [EVENT] sock=2512 hEvent=00000824 events=0x0
2026-10-03 00:28:54.556 [EVENT] sock=2512 hEvent=00000824 events=0x21
2026-10-03 00:28:55.556 [EVENT] sock=2512 hEvent=00000824 events=0x0
2026-10-03 00:28:55.556 [EVENT] sock=2512 hEvent=00000824 events=0x21
2026-10-03 00:28:56.555 [EVENT] sock=2512 hEvent=00000824 events=0x0
2026-10-03 00:28:56.555 [EVENT] sock=2512 hEvent=00000824 events=0x21
2026-10-03 00:28:56.856 [EVENT] sock=2512 hEvent=00000824 events=0x0
2026-10-03 00:28:56.856 [EVENT] sock=2512 hEvent=00000824 events=0x21
2026-10-03 00:28:57.557 [EVENT] sock=2512 hEvent=00000824 events=0x0
2026-10-03 00:28:57.563 [EVENT] sock=2512 hEvent=00000824 events=0x21
2026-10-03 00:28:58.556 [EVENT] sock=2512 hEvent=00000824 events=0x0
2026-10-03 00:28:58.557 [EVENT] sock=2512 hEvent=00000824 events=0x21
2026-10-03 00:28:59.547 [EVENT] sock=2512 hEvent=00000824 events=0x0
2026-10-03 00:28:59.547 [EVENT] sock=2512 hEvent=00000824 events=0x21
2026-10-03 00:29:00.546 [EVENT] sock=2512 hEvent=00000824 events=0x0
2026-10-03 00:29:00.547 [EVENT] sock=2512 hEvent=00000824 events=0x21
2026-10-03 00:29:01.551 [EVENT] sock=2512 hEvent=00000824 events=0x0
2026-10-03 00:29:01.551 [EVENT] sock=2512 hEvent=00000824 events=0x21
2026-10-03 00:29:02.550 [EVENT] sock=2512 hEvent=00000824 events=0x0
2026-10-03 00:29:02.551 [EVENT] sock=2512 hEvent=00000824 events=0x21
2026-10-03 00:29:03.554 [EVENT] sock=2512 hEvent=00000824 events=0x0
2026-10-03 00:29:03.554 [EVENT] sock=2512 hEvent=00000824 events=0x21
2026-10-03 00:29:04.268 [EVENT] sock=2688 hEvent=00000A58 events=0x0
2026-10-03 00:29:04.268 [EVENT] sock=2688 hEvent=00000A58 events=0x21
2026-10-03 00:29:04.546 [EVENT] sock=2512 hEvent=00000824 events=0x0
2026-10-03 00:29:04.546 [EVENT] sock=2512 hEvent=00000824 events=0x21
2026-10-03 00:29:05.559 [EVENT] sock=2512 hEvent=00000824 events=0x0
2026-10-03 00:29:05.559 [EVENT] sock=2512 hEvent=00000824 events=0x21
2026-10-03 00:29:06.556 [EVENT] sock=2512 hEvent=00000824 events=0x0
2026-10-03 00:29:06.557 [EVENT] sock=2512 hEvent=00000824 events=0x21
2026-10-03 00:29:06.909 [EVENT] sock=2512 hEvent=00000824 events=0x0
2026-10-03 00:29:06.909 [EVENT] sock=2512 hEvent=00000824 events=0x21
2026-10-03 00:29:07.556 [EVENT] sock=2512 hEvent=00000824 events=0x0
2026-10-03 00:29:07.556 [EVENT] sock=2512 hEvent=00000824 events=0x21
2026-10-03 00:29:08.560 [EVENT] sock=2512 hEvent=00000824 events=0x0
2026-10-03 00:29:08.560 [EVENT] sock=2512 hEvent=00000824 events=0x21
2026-10-03 00:29:09.546 [EVENT] sock=2512 hEvent=00000824 events=0x0
2026-10-03 00:29:09.547 [EVENT] sock=2512 hEvent=00000824 events=0x21
2026-10-03 00:29:10.556 [EVENT] sock=2512 hEvent=00000824 events=0x0
2026-10-03 00:29:10.556 [EVENT] sock=2512 hEvent=00000824 events=0x21
2026-10-03 00:29:11.561 [EVENT] sock=2512 hEvent=00000824 events=0x0
2026-10-03 00:29:11.561 [EVENT] sock=2512 hEvent=00000824 events=0x21
2026-10-03 00:29:12.560 [EVENT] sock=2512 hEvent=00000824 events=0x0
2026-10-03 00:29:12.562 [EVENT] sock=2512 hEvent=00000824 events=0x21
2026-10-03 00:29:13.562 [EVENT] sock=2512 hEvent=00000824 events=0x0
2026-10-03 00:29:13.563 [EVENT] sock=2512 hEvent=00000824 events=0x21
2026-10-03 00:29:14.549 [EVENT] sock=2512 hEvent=00000824 events=0x0
2026-10-03 00:29:14.550 [EVENT] sock=2512 hEvent=00000824 events=0x21
2026-10-03 00:29:15.558 [EVENT] sock=2512 hEvent=00000824 events=0x0
2026-10-03 00:29:15.558 [EVENT] sock=2512 hEvent=00000824 events=0x21
2026-10-03 00:29:16.548 [EVENT] sock=2512 hEvent=00000824 events=0x0
2026-10-03 00:29:16.548 [EVENT] sock=2512 hEvent=00000824 events=0x21
2026-10-03 00:29:16.967 [EVENT] sock=2512 hEvent=00000824 events=0x0
2026-10-03 00:29:16.967 [EVENT] sock=2512 hEvent=00000824 events=0x21
2026-10-03 00:29:17.548 [EVENT] sock=2512 hEvent=00000824 events=0x0
2026-10-03 00:29:17.550 [EVENT] sock=2512 hEvent=00000824 events=0x21
2026-10-03 00:29:18.548 [EVENT] sock=2512 hEvent=00000824 events=0x0
2026-10-03 00:29:18.549 [EVENT] sock=2512 hEvent=00000824 events=0x21
2026-10-03 00:29:19.551 [EVENT] sock=2512 hEvent=00000824 events=0x0
2026-10-03 00:29:19.551 [EVENT] sock=2512 hEvent=00000824 events=0x21
2026-10-03 00:29:20.553 [EVENT] sock=2512 hEvent=00000824 events=0x0
2026-10-03 00:29:20.553 [EVENT] sock=2512 hEvent=00000824 events=0x21
2026-10-03 00:29:21.548 [EVENT] sock=2512 hEvent=00000824 events=0x0
2026-10-03 00:29:21.549 [EVENT] sock=2512 hEvent=00000824 events=0x21
2026-10-03 00:29:22.549 [EVENT] sock=2512 hEvent=00000824 events=0x0
2026-10-03 00:29:22.550 [EVENT] sock=2512 hEvent=00000824 events=0x21
2026-10-03 00:29:23.549 [EVENT] sock=2512 hEvent=00000824 events=0x0
2026-10-03 00:29:23.550 [EVENT] sock=2512 hEvent=00000824 events=0x21
2026-10-03 00:29:24.553 [EVENT] sock=2512 hEvent=00000824 events=0x0
2026-10-03 00:29:24.553 [EVENT] sock=2512 hEvent=00000824 events=0x21
2026-10-03 00:29:25.551 [EVENT] sock=2512 hEvent=00000824 events=0x0
2026-10-03 00:29:25.551 [EVENT] sock=2512 hEvent=00000824 events=0x21
2026-10-03 00:29:26.547 [EVENT] sock=2512 hEvent=00000824 events=0x0
2026-10-03 00:29:26.548 [EVENT] sock=2512 hEvent=00000824 events=0x21
2026-10-03 00:29:27.029 [EVENT] sock=2512 hEvent=00000824 events=0x0
2026-10-03 00:29:27.030 [EVENT] sock=2512 hEvent=00000824 events=0x21
2026-10-03 00:29:27.548 [EVENT] sock=2512 hEvent=00000824 events=0x0
2026-10-03 00:29:27.549 [EVENT] sock=2512 hEvent=00000824 events=0x21
2026-10-03 00:29:28.550 [EVENT] sock=2512 hEvent=00000824 events=0x0
2026-10-03 00:29:28.550 [EVENT] sock=2512 hEvent=00000824 events=0x21
2026-10-03 00:29:29.550 [EVENT] sock=2512 hEvent=00000824 events=0x0
2026-10-03 00:29:29.550 [EVENT] sock=2512 hEvent=00000824 events=0x21
2026-10-03 00:29:30.552 [EVENT] sock=2512 hEvent=00000824 events=0x0
2026-10-03 00:29:30.560 [EVENT] sock=2512 hEvent=00000824 events=0x21
2026-10-03 00:29:31.551 [EVENT] sock=2512 hEvent=00000824 events=0x0
2026-10-03 00:29:31.551 [EVENT] sock=2512 hEvent=00000824 events=0x21
2026-10-03 00:29:32.559 [EVENT] sock=2512 hEvent=00000824 events=0x0
2026-10-03 00:29:32.560 [EVENT] sock=2512 hEvent=00000824 events=0x21
2026-10-03 00:29:33.548 [EVENT] sock=2512 hEvent=00000824 events=0x0
2026-10-03 00:29:33.548 [EVENT] sock=2512 hEvent=00000824 events=0x21
2026-10-03 00:29:34.269 [EVENT] sock=2688 hEvent=00000A58 events=0x0
2026-10-03 00:29:34.270 [EVENT] sock=2688 hEvent=00000A58 events=0x21
2026-10-03 00:29:34.549 [EVENT] sock=2512 hEvent=00000824 events=0x0
2026-10-03 00:29:34.549 [EVENT] sock=2512 hEvent=00000824 events=0x21
2026-10-03 00:29:35.550 [EVENT] sock=2512 hEvent=00000824 events=0x0
2026-10-03 00:29:35.551 [EVENT] sock=2512 hEvent=00000824 events=0x21
2026-10-03 00:29:36.549 [EVENT] sock=2512 hEvent=00000824 events=0x0
2026-10-03 00:29:36.549 [EVENT] sock=2512 hEvent=00000824 events=0x21
2026-10-03 00:29:37.084 [EVENT] sock=2512 hEvent=00000824 events=0x0
2026-10-03 00:29:37.084 [EVENT] sock=2512 hEvent=00000824 events=0x21
2026-10-03 00:29:37.549 [EVENT] sock=2512 hEvent=00000824 events=0x0
2026-10-03 00:29:37.550 [EVENT] sock=2512 hEvent=00000824 events=0x21
2026-10-03 00:29:38.558 [EVENT] sock=2512 hEvent=00000824 events=0x0
2026-10-03 00:29:38.558 [EVENT] sock=2512 hEvent=00000824 events=0x21
2026-10-03 00:29:39.547 [EVENT] sock=2512 hEvent=00000824 events=0x0
2026-10-03 00:29:39.549 [EVENT] sock=2512 hEvent=00000824 events=0x21
2026-10-03 00:29:40.548 [EVENT] sock=2512 hEvent=00000824 events=0x0
2026-10-03 00:29:40.548 [EVENT] sock=2512 hEvent=00000824 events=0x21
2026-10-03 00:29:41.547 [EVENT] sock=2512 hEvent=00000824 events=0x0
2026-10-03 00:29:41.548 [EVENT] sock=2512 hEvent=00000824 events=0x21
2026-10-03 00:29:42.548 [EVENT] sock=2512 hEvent=00000824 events=0x0
2026-10-03 00:29:42.548 [EVENT] sock=2512 hEvent=00000824 events=0x21
2026-10-03 00:29:43.547 [EVENT] sock=2512 hEvent=00000824 events=0x0
2026-10-03 00:29:43.549 [EVENT] sock=2512 hEvent=00000824 events=0x21
2026-10-03 00:29:44.547 [EVENT] sock=2512 hEvent=00000824 events=0x0
2026-10-03 00:29:44.548 [EVENT] sock=2512 hEvent=00000824 events=0x21
2026-10-03 00:29:45.549 [EVENT] sock=2512 hEvent=00000824 events=0x0
2026-10-03 00:29:45.552 [EVENT] sock=2512 hEvent=00000824 events=0x21
2026-10-03 00:29:46.550 [EVENT] sock=2512 hEvent=00000824 events=0x0
2026-10-03 00:29:46.550 [EVENT] sock=2512 hEvent=00000824 events=0x21
2026-10-03 00:29:47.135 [EVENT] sock=2512 hEvent=00000824 events=0x0
2026-10-03 00:29:47.135 [EVENT] sock=2512 hEvent=00000824 events=0x21
2026-10-03 00:29:47.548 [EVENT] sock=2512 hEvent=00000824 events=0x0
2026-10-03 00:29:47.549 [EVENT] sock=2512 hEvent=00000824 events=0x21
2026-10-03 00:29:48.548 [EVENT] sock=2512 hEvent=00000824 events=0x0
2026-10-03 00:29:48.548 [EVENT] sock=2512 hEvent=00000824 events=0x21
2026-10-03 00:29:49.550 [EVENT] sock=2512 hEvent=00000824 events=0x0
2026-10-03 00:29:49.550 [EVENT] sock=2512 hEvent=00000824 events=0x21
2026-10-03 00:29:50.554 [EVENT] sock=2512 hEvent=00000824 events=0x0
2026-10-03 00:29:50.555 [EVENT] sock=2512 hEvent=00000824 events=0x21
2026-10-03 00:29:51.559 [EVENT] sock=2512 hEvent=00000824 events=0x0
2026-10-03 00:29:51.559 [EVENT] sock=2512 hEvent=00000824 events=0x21
2026-10-03 00:29:52.549 [EVENT] sock=2512 hEvent=00000824 events=0x0
2026-10-03 00:29:52.550 [EVENT] sock=2512 hEvent=00000824 events=0x21
2026-10-03 00:29:53.550 [EVENT] sock=2512 hEvent=00000824 events=0x0
2026-10-03 00:29:53.550 [EVENT] sock=2512 hEvent=00000824 events=0x21
2026-10-03 00:29:54.557 [EVENT] sock=2512 hEvent=00000824 events=0x0
2026-10-03 00:29:54.559 [EVENT] sock=2512 hEvent=00000824 events=0x21
2026-10-03 00:29:55.559 [EVENT] sock=2512 hEvent=00000824 events=0x0
2026-10-03 00:29:55.560 [EVENT] sock=2512 hEvent=00000824 events=0x21
2026-10-03 00:29:56.561 [EVENT] sock=2512 hEvent=00000824 events=0x0
2026-10-03 00:29:56.561 [EVENT] sock=2512 hEvent=00000824 events=0x21
2026-10-03 00:29:57.205 [EVENT] sock=2512 hEvent=00000824 events=0x0
2026-10-03 00:29:57.205 [EVENT] sock=2512 hEvent=00000824 events=0x21
2026-10-03 00:29:57.560 [EVENT] sock=2512 hEvent=00000824 events=0x0
2026-10-03 00:29:57.560 [EVENT] sock=2512 hEvent=00000824 events=0x21
2026-10-03 00:29:58.547 [EVENT] sock=2512 hEvent=00000824 events=0x0
2026-10-03 00:29:58.548 [EVENT] sock=2512 hEvent=00000824 events=0x21
2026-10-03 00:29:59.546 [EVENT] sock=2512 hEvent=00000824 events=0x0
2026-10-03 00:29:59.547 [EVENT] sock=2512 hEvent=00000824 events=0x21
2026-10-03 00:30:00.549 [EVENT] sock=2512 hEvent=00000824 events=0x0
2026-10-03 00:30:00.550 [EVENT] sock=2512 hEvent=00000824 events=0x21
2026-10-03 00:30:01.551 [EVENT] sock=2512 hEvent=00000824 events=0x0
2026-10-03 00:30:01.552 [EVENT] sock=2512 hEvent=00000824 events=0x21
2026-10-03 00:30:02.550 [EVENT] sock=2512 hEvent=00000824 events=0x0
2026-10-03 00:30:02.551 [EVENT] sock=2512 hEvent=00000824 events=0x21
2026-10-03 00:30:03.558 [EVENT] sock=2512 hEvent=00000824 events=0x0
2026-10-03 00:30:03.559 [EVENT] sock=2512 hEvent=00000824 events=0x21
2026-10-03 00:30:04.271 [EVENT] sock=2688 hEvent=00000A58 events=0x0
2026-10-03 00:30:04.271 [EVENT] sock=2688 hEvent=00000A58 events=0x21
2026-10-03 00:30:04.550 [EVENT] sock=2512 hEvent=00000824 events=0x0
2026-10-03 00:30:04.550 [EVENT] sock=2512 hEvent=00000824 events=0x21
2026-10-03 00:30:05.557 [EVENT] sock=2512 hEvent=00000824 events=0x0
2026-10-03 00:30:05.557 [EVENT] sock=2512 hEvent=00000824 events=0x21
2026-10-03 00:30:06.549 [EVENT] sock=2512 hEvent=00000824 events=0x0
2026-10-03 00:30:06.549 [EVENT] sock=2512 hEvent=00000824 events=0x21
2026-10-03 00:30:07.256 [EVENT] sock=2512 hEvent=00000824 events=0x0
2026-10-03 00:30:07.256 [EVENT] sock=2512 hEvent=00000824 events=0x21
2026-10-03 00:30:07.552 [EVENT] sock=2512 hEvent=00000824 events=0x0
2026-10-03 00:30:07.552 [EVENT] sock=2512 hEvent=00000824 events=0x21
2026-10-03 00:30:08.554 [EVENT] sock=2512 hEvent=00000824 events=0x0
2026-10-03 00:30:08.556 [EVENT] sock=2512 hEvent=00000824 events=0x21
2026-10-03 00:30:09.555 [EVENT] sock=2512 hEvent=00000824 events=0x0
2026-10-03 00:30:09.556 [EVENT] sock=2512 hEvent=00000824 events=0x21
2026-10-03 00:30:10.562 [EVENT] sock=2512 hEvent=00000824 events=0x0
2026-10-03 00:30:10.563 [EVENT] sock=2512 hEvent=00000824 events=0x21
2026-10-03 00:30:11.549 [EVENT] sock=2512 hEvent=00000824 events=0x0
2026-10-03 00:30:11.549 [EVENT] sock=2512 hEvent=00000824 events=0x21
2026-10-03 00:30:12.554 [EVENT] sock=2512 hEvent=00000824 events=0x0
2026-10-03 00:30:12.555 [EVENT] sock=2512 hEvent=00000824 events=0x21
2026-10-03 00:30:13.548 [EVENT] sock=2512 hEvent=00000824 events=0x0
2026-10-03 00:30:13.549 [EVENT] sock=2512 hEvent=00000824 events=0x21
2026-10-03 00:30:14.548 [EVENT] sock=2512 hEvent=00000824 events=0x0
2026-10-03 00:30:14.549 [EVENT] sock=2512 hEvent=00000824 events=0x21
2026-10-03 00:30:15.553 [EVENT] sock=2512 hEvent=00000824 events=0x0
2026-10-03 00:30:15.553 [EVENT] sock=2512 hEvent=00000824 events=0x21
2026-10-03 00:30:16.555 [EVENT] sock=2512 hEvent=00000824 events=0x0
2026-10-03 00:30:16.555 [EVENT] sock=2512 hEvent=00000824 events=0x21
2026-10-03 00:30:17.312 [EVENT] sock=2512 hEvent=00000824 events=0x0
2026-10-03 00:30:17.313 [EVENT] sock=2512 hEvent=00000824 events=0x21
2026-10-03 00:30:17.555 [EVENT] sock=2512 hEvent=00000824 events=0x0
2026-10-03 00:30:17.556 [EVENT] sock=2512 hEvent=00000824 events=0x21
2026-10-03 00:30:18.554 [EVENT] sock=2512 hEvent=00000824 events=0x0
2026-10-03 00:30:18.556 [EVENT] sock=2512 hEvent=00000824 events=0x21
2026-10-03 00:30:19.555 [EVENT] sock=2512 hEvent=00000824 events=0x0
2026-10-03 00:30:19.556 [EVENT] sock=2512 hEvent=00000824 events=0x21
2026-10-03 00:30:20.563 [EVENT] sock=2512 hEvent=00000824 events=0x0
2026-10-03 00:30:20.564 [EVENT] sock=2512 hEvent=00000824 events=0x21
2026-10-03 00:30:21.551 [EVENT] sock=2512 hEvent=00000824 events=0x0
2026-10-03 00:30:21.552 [EVENT] sock=2512 hEvent=00000824 events=0x21
2026-10-03 00:30:22.555 [EVENT] sock=2512 hEvent=00000824 events=0x0
2026-10-03 00:30:22.556 [EVENT] sock=2512 hEvent=00000824 events=0x21
2026-10-03 00:30:23.558 [EVENT] sock=2512 hEvent=00000824 events=0x0
2026-10-03 00:30:23.558 [EVENT] sock=2512 hEvent=00000824 events=0x21
2026-10-03 00:30:24.562 [EVENT] sock=2512 hEvent=00000824 events=0x0
2026-10-03 00:30:24.564 [EVENT] sock=2512 hEvent=00000824 events=0x21
2026-10-03 00:30:25.565 [EVENT] sock=2512 hEvent=00000824 events=0x0
2026-10-03 00:30:25.565 [EVENT] sock=2512 hEvent=00000824 events=0x21
2026-10-03 00:30:26.547 [EVENT] sock=2512 hEvent=00000824 events=0x0
2026-10-03 00:30:26.548 [EVENT] sock=2512 hEvent=00000824 events=0x21
2026-10-03 00:30:27.371 [EVENT] sock=2512 hEvent=00000824 events=0x0
2026-10-03 00:30:27.371 [EVENT] sock=2512 hEvent=00000824 events=0x21
2026-10-03 00:30:27.551 [EVENT] sock=2512 hEvent=00000824 events=0x0
2026-10-03 00:30:27.551 [EVENT] sock=2512 hEvent=00000824 events=0x21
2026-10-03 00:30:28.553 [EVENT] sock=2512 hEvent=00000824 events=0x0
2026-10-03 00:30:28.553 [EVENT] sock=2512 hEvent=00000824 events=0x21
2026-10-03 00:30:29.559 [EVENT] sock=2512 hEvent=00000824 events=0x0
2026-10-03 00:30:29.560 [EVENT] sock=2512 hEvent=00000824 events=0x21
2026-10-03 00:30:30.563 [EVENT] sock=2512 hEvent=00000824 events=0x0
2026-10-03 00:30:30.563 [EVENT] sock=2512 hEvent=00000824 events=0x21
2026-10-03 00:30:31.553 [EVENT] sock=2512 hEvent=00000824 events=0x0
2026-10-03 00:30:31.554 [EVENT] sock=2512 hEvent=00000824 events=0x21
2026-10-03 00:30:32.550 [EVENT] sock=2512 hEvent=00000824 events=0x0
2026-10-03 00:30:32.550 [EVENT] sock=2512 hEvent=00000824 events=0x21
2026-10-03 00:30:33.555 [EVENT] sock=2512 hEvent=00000824 events=0x0
2026-10-03 00:30:33.555 [EVENT] sock=2512 hEvent=00000824 events=0x21
2026-10-03 00:30:34.271 [EVENT] sock=2688 hEvent=00000A58 events=0x0
2026-10-03 00:30:34.271 [EVENT] sock=2688 hEvent=00000A58 events=0x21
2026-10-03 00:30:34.560 [EVENT] sock=2512 hEvent=00000824 events=0x0
2026-10-03 00:30:34.560 [EVENT] sock=2512 hEvent=00000824 events=0x21
2026-10-03 00:30:35.559 [EVENT] sock=2512 hEvent=00000824 events=0x0
2026-10-03 00:30:35.559 [EVENT] sock=2512 hEvent=00000824 events=0x21
2026-10-03 00:30:36.560 [EVENT] sock=2512 hEvent=00000824 events=0x0
2026-10-03 00:30:36.561 [EVENT] sock=2512 hEvent=00000824 events=0x21
2026-10-03 00:30:37.417 [EVENT] sock=2512 hEvent=00000824 events=0x0
2026-10-03 00:30:37.418 [EVENT] sock=2512 hEvent=00000824 events=0x21
2026-10-03 00:30:37.563 [EVENT] sock=2512 hEvent=00000824 events=0x0
2026-10-03 00:30:37.563 [EVENT] sock=2512 hEvent=00000824 events=0x21
2026-10-03 00:30:38.562 [EVENT] sock=2512 hEvent=00000824 events=0x0
2026-10-03 00:30:38.565 [EVENT] sock=2512 hEvent=00000824 events=0x21
2026-10-03 00:30:39.562 [EVENT] sock=2512 hEvent=00000824 events=0x0
2026-10-03 00:30:39.562 [EVENT] sock=2512 hEvent=00000824 events=0x21
2026-10-03 00:30:40.564 [EVENT] sock=2512 hEvent=00000824 events=0x0
2026-10-03 00:30:40.565 [EVENT] sock=2512 hEvent=00000824 events=0x21
2026-10-03 00:30:41.548 [EVENT] sock=2512 hEvent=00000824 events=0x0
2026-10-03 00:30:41.550 [EVENT] sock=2512 hEvent=00000824 events=0x21
2026-10-03 00:30:42.550 [EVENT] sock=2512 hEvent=00000824 events=0x0
2026-10-03 00:30:42.551 [EVENT] sock=2512 hEvent=00000824 events=0x21
2026-10-03 00:30:43.558 [EVENT] sock=2512 hEvent=00000824 events=0x0
2026-10-03 00:30:43.559 [EVENT] sock=2512 hEvent=00000824 events=0x21
2026-10-03 00:30:44.547 [EVENT] sock=2512 hEvent=00000824 events=0x0
2026-10-03 00:30:44.547 [EVENT] sock=2512 hEvent=00000824 events=0x21
2026-10-03 00:30:45.565 [EVENT] sock=2512 hEvent=00000824 events=0x0
2026-10-03 00:30:45.566 [EVENT] sock=2512 hEvent=00000824 events=0x21
2026-10-03 00:30:46.563 [EVENT] sock=2512 hEvent=00000824 events=0x0
2026-10-03 00:30:46.564 [EVENT] sock=2512 hEvent=00000824 events=0x21
2026-10-03 00:30:47.483 [EVENT] sock=2512 hEvent=00000824 events=0x0
2026-10-03 00:30:47.483 [EVENT] sock=2512 hEvent=00000824 events=0x21
2026-10-03 00:30:47.563 [EVENT] sock=2512 hEvent=00000824 events=0x0
2026-10-03 00:30:47.563 [EVENT] sock=2512 hEvent=00000824 events=0x21
2026-10-03 00:30:48.547 [EVENT] sock=2512 hEvent=00000824 events=0x0
2026-10-03 00:30:48.547 [EVENT] sock=2512 hEvent=00000824 events=0x21
2026-10-03 00:30:49.562 [EVENT] sock=2512 hEvent=00000824 events=0x0
2026-10-03 00:30:49.562 [EVENT] sock=2512 hEvent=00000824 events=0x21
2026-10-03 00:30:50.565 [EVENT] sock=2512 hEvent=00000824 events=0x0
2026-10-03 00:30:50.566 [EVENT] sock=2512 hEvent=00000824 events=0x21
2026-10-03 00:30:51.563 [EVENT] sock=2512 hEvent=00000824 events=0x0
2026-10-03 00:30:51.563 [EVENT] sock=2512 hEvent=00000824 events=0x21
2026-10-03 00:30:52.563 [EVENT] sock=2512 hEvent=00000824 events=0x0
2026-10-03 00:30:52.563 [EVENT] sock=2512 hEvent=00000824 events=0x21
2026-10-03 00:30:53.564 [EVENT] sock=2512 hEvent=00000824 events=0x0
2026-10-03 00:30:53.565 [EVENT] sock=2512 hEvent=00000824 events=0x21
2026-10-03 00:30:54.562 [EVENT] sock=2512 hEvent=00000824 events=0x0
2026-10-03 00:30:54.563 [EVENT] sock=2512 hEvent=00000824 events=0x21
2026-10-03 00:30:55.563 [EVENT] sock=2512 hEvent=00000824 events=0x0
2026-10-03 00:30:55.564 [EVENT] sock=2512 hEvent=00000824 events=0x21
2026-10-03 00:30:56.547 [EVENT] sock=2512 hEvent=00000824 events=0x0
2026-10-03 00:30:56.548 [EVENT] sock=2512 hEvent=00000824 events=0x21
2026-10-03 00:30:57.550 [EVENT] sock=2512 hEvent=00000824 events=0x0
2026-10-03 00:30:57.550 [EVENT] sock=2512 hEvent=00000824 events=0x21
2026-10-03 00:30:57.563 [EVENT] sock=2512 hEvent=00000824 events=0x0
2026-10-03 00:30:57.563 [EVENT] sock=2512 hEvent=00000824 events=0x21
2026-10-03 00:30:58.563 [EVENT] sock=2512 hEvent=00000824 events=0x0
2026-10-03 00:30:58.564 [EVENT] sock=2512 hEvent=00000824 events=0x21
2026-10-03 00:30:59.563 [EVENT] sock=2512 hEvent=00000824 events=0x0
2026-10-03 00:30:59.563 [EVENT] sock=2512 hEvent=00000824 events=0x21
2026-10-03 00:31:00.563 [EVENT] sock=2512 hEvent=00000824 events=0x0
2026-10-03 00:31:00.563 [EVENT] sock=2512 hEvent=00000824 events=0x21
2026-10-03 00:31:01.564 [EVENT] sock=2512 hEvent=00000824 events=0x0
2026-10-03 00:31:01.564 [EVENT] sock=2512 hEvent=00000824 events=0x21
2026-10-03 00:31:02.562 [EVENT] sock=2512 hEvent=00000824 events=0x0
2026-10-03 00:31:02.562 [EVENT] sock=2512 hEvent=00000824 events=0x21
2026-10-03 00:31:03.563 [EVENT] sock=2512 hEvent=00000824 events=0x0
2026-10-03 00:31:03.563 [EVENT] sock=2512 hEvent=00000824 events=0x21
2026-10-03 00:31:04.271 [EVENT] sock=2688 hEvent=00000A58 events=0x0
2026-10-03 00:31:04.271 [EVENT] sock=2688 hEvent=00000A58 events=0x21
2026-10-03 00:31:04.562 [EVENT] sock=2512 hEvent=00000824 events=0x0
2026-10-03 00:31:04.563 [EVENT] sock=2512 hEvent=00000824 events=0x21
2026-10-03 00:31:05.552 [EVENT] sock=2512 hEvent=00000824 events=0x0
2026-10-03 00:31:05.552 [EVENT] sock=2512 hEvent=00000824 events=0x21
2026-10-03 00:31:06.563 [EVENT] sock=2512 hEvent=00000824 events=0x0
2026-10-03 00:31:06.564 [EVENT] sock=2512 hEvent=00000824 events=0x21
2026-10-03 00:31:07.562 [EVENT] sock=2512 hEvent=00000824 events=0x0
2026-10-03 00:31:07.563 [EVENT] sock=2512 hEvent=00000824 events=0x21
2026-10-03 00:31:07.616 [EVENT] sock=2512 hEvent=00000824 events=0x0
2026-10-03 00:31:07.616 [EVENT] sock=2512 hEvent=00000824 events=0x21
2026-10-03 00:31:08.563 [EVENT] sock=2512 hEvent=00000824 events=0x0
2026-10-03 00:31:08.563 [EVENT] sock=2512 hEvent=00000824 events=0x21
2026-10-03 00:31:09.563 [EVENT] sock=2512 hEvent=00000824 events=0x0
2026-10-03 00:31:09.564 [EVENT] sock=2512 hEvent=00000824 events=0x21
2026-10-03 00:31:10.565 [EVENT] sock=2512 hEvent=00000824 events=0x0
2026-10-03 00:31:10.565 [EVENT] sock=2512 hEvent=00000824 events=0x21
2026-10-03 00:31:11.563 [EVENT] sock=2512 hEvent=00000824 events=0x0
2026-10-03 00:31:11.563 [EVENT] sock=2512 hEvent=00000824 events=0x21
2026-10-03 00:31:12.547 [EVENT] sock=2512 hEvent=00000824 events=0x0
2026-10-03 00:31:12.547 [EVENT] sock=2512 hEvent=00000824 events=0x21
2026-10-03 00:31:13.547 [EVENT] sock=2512 hEvent=00000824 events=0x0
2026-10-03 00:31:13.547 [EVENT] sock=2512 hEvent=00000824 events=0x21
2026-10-03 00:31:14.563 [EVENT] sock=2512 hEvent=00000824 events=0x0
2026-10-03 00:31:14.564 [EVENT] sock=2512 hEvent=00000824 events=0x21
2026-10-03 00:31:15.564 [EVENT] sock=2512 hEvent=00000824 events=0x0
2026-10-03 00:31:15.564 [EVENT] sock=2512 hEvent=00000824 events=0x21
2026-10-03 00:31:16.547 [EVENT] sock=2512 hEvent=00000824 events=0x0
2026-10-03 00:31:16.547 [EVENT] sock=2512 hEvent=00000824 events=0x21
2026-10-03 00:31:17.546 [EVENT] sock=2512 hEvent=00000824 events=0x0
2026-10-03 00:31:17.547 [EVENT] sock=2512 hEvent=00000824 events=0x21
2026-10-03 00:31:17.865 [EVENT] sock=2512 hEvent=00000824 events=0x0
2026-10-03 00:31:17.865 [EVENT] sock=2512 hEvent=00000824 events=0x21
2026-10-03 00:31:18.565 [EVENT] sock=2512 hEvent=00000824 events=0x0
2026-10-03 00:31:18.565 [EVENT] sock=2512 hEvent=00000824 events=0x21
2026-10-03 00:31:19.563 [EVENT] sock=2512 hEvent=00000824 events=0x0
2026-10-03 00:31:19.563 [EVENT] sock=2512 hEvent=00000824 events=0x21
2026-10-03 00:31:20.547 [EVENT] sock=2512 hEvent=00000824 events=0x0
2026-10-03 00:31:20.547 [EVENT] sock=2512 hEvent=00000824 events=0x21
2026-10-03 00:31:21.562 [EVENT] sock=2512 hEvent=00000824 events=0x0
2026-10-03 00:31:21.562 [EVENT] sock=2512 hEvent=00000824 events=0x21
2026-10-03 00:31:22.562 [EVENT] sock=2512 hEvent=00000824 events=0x0
2026-10-03 00:31:22.563 [EVENT] sock=2512 hEvent=00000824 events=0x21
2026-10-03 00:31:23.562 [EVENT] sock=2512 hEvent=00000824 events=0x0
2026-10-03 00:31:23.563 [EVENT] sock=2512 hEvent=00000824 events=0x21
2026-10-03 00:31:24.563 [EVENT] sock=2512 hEvent=00000824 events=0x0
2026-10-03 00:31:24.563 [EVENT] sock=2512 hEvent=00000824 events=0x21
2026-10-03 00:31:25.563 [EVENT] sock=2512 hEvent=00000824 events=0x0
2026-10-03 00:31:25.563 [EVENT] sock=2512 hEvent=00000824 events=0x21
2026-10-03 00:31:26.564 [EVENT] sock=2512 hEvent=00000824 events=0x0
2026-10-03 00:31:26.565 [EVENT] sock=2512 hEvent=00000824 events=0x21
2026-10-03 00:31:27.552 [EVENT] sock=2512 hEvent=00000824 events=0x0
2026-10-03 00:31:27.554 [EVENT] sock=2512 hEvent=00000824 events=0x21
2026-10-03 00:31:28.128 [EVENT] sock=2512 hEvent=00000824 events=0x0
2026-10-03 00:31:28.128 [EVENT] sock=2512 hEvent=00000824 events=0x21
2026-10-03 00:31:28.555 [EVENT] sock=2512 hEvent=00000824 events=0x0
2026-10-03 00:31:28.557 [EVENT] sock=2512 hEvent=00000824 events=0x21
2026-10-03 00:31:29.555 [EVENT] sock=2512 hEvent=00000824 events=0x0
2026-10-03 00:31:29.555 [EVENT] sock=2512 hEvent=00000824 events=0x21
2026-10-03 00:31:30.559 [EVENT] sock=2512 hEvent=00000824 events=0x0
2026-10-03 00:31:30.559 [EVENT] sock=2512 hEvent=00000824 events=0x21
2026-10-03 00:31:31.547 [EVENT] sock=2512 hEvent=00000824 events=0x0
2026-10-03 00:31:31.547 [EVENT] sock=2512 hEvent=00000824 events=0x21
2026-10-03 00:31:32.562 [EVENT] sock=2512 hEvent=00000824 events=0x0
2026-10-03 00:31:32.562 [EVENT] sock=2512 hEvent=00000824 events=0x21
2026-10-03 00:31:33.563 [EVENT] sock=2512 hEvent=00000824 events=0x0
2026-10-03 00:31:33.563 [EVENT] sock=2512 hEvent=00000824 events=0x21
2026-10-03 00:31:34.271 [EVENT] sock=2688 hEvent=00000A58 events=0x0
2026-10-03 00:31:34.271 [EVENT] sock=2688 hEvent=00000A58 events=0x21
2026-10-03 00:31:34.563 [EVENT] sock=2512 hEvent=00000824 events=0x0
2026-10-03 00:31:34.563 [EVENT] sock=2512 hEvent=00000824 events=0x21
2026-10-03 00:31:35.546 [EVENT] sock=2512 hEvent=00000824 events=0x0
2026-10-03 00:31:35.547 [EVENT] sock=2512 hEvent=00000824 events=0x21
2026-10-03 00:31:36.562 [EVENT] sock=2512 hEvent=00000824 events=0x0
2026-10-03 00:31:36.563 [EVENT] sock=2512 hEvent=00000824 events=0x21
2026-10-03 00:31:37.554 [EVENT] sock=2512 hEvent=00000824 events=0x0
2026-10-03 00:31:37.555 [EVENT] sock=2512 hEvent=00000824 events=0x21
2026-10-03 00:31:38.198 [EVENT] sock=2512 hEvent=00000824 events=0x0
2026-10-03 00:31:38.199 [EVENT] sock=2512 hEvent=00000824 events=0x21
2026-10-03 00:31:38.562 [EVENT] sock=2512 hEvent=00000824 events=0x0
2026-10-03 00:31:38.562 [EVENT] sock=2512 hEvent=00000824 events=0x21
2026-10-03 00:31:39.561 [EVENT] sock=2512 hEvent=00000824 events=0x0
2026-10-03 00:31:39.562 [EVENT] sock=2512 hEvent=00000824 events=0x21
2026-10-03 00:31:40.564 [EVENT] sock=2512 hEvent=00000824 events=0x0
2026-10-03 00:31:40.564 [EVENT] sock=2512 hEvent=00000824 events=0x21
2026-10-03 00:31:41.562 [EVENT] sock=2512 hEvent=00000824 events=0x0
2026-10-03 00:31:41.562 [EVENT] sock=2512 hEvent=00000824 events=0x21
2026-10-03 00:31:42.562 [EVENT] sock=2512 hEvent=00000824 events=0x0
2026-10-03 00:31:42.562 [EVENT] sock=2512 hEvent=00000824 events=0x21
2026-10-03 00:31:43.563 [EVENT] sock=2512 hEvent=00000824 events=0x0
2026-10-03 00:31:43.565 [EVENT] sock=2512 hEvent=00000824 events=0x21
2026-10-03 00:31:44.562 [EVENT] sock=2512 hEvent=00000824 events=0x0
2026-10-03 00:31:44.562 [EVENT] sock=2512 hEvent=00000824 events=0x21
2026-10-03 00:31:45.562 [EVENT] sock=2512 hEvent=00000824 events=0x0
2026-10-03 00:31:45.562 [EVENT] sock=2512 hEvent=00000824 events=0x21
2026-10-03 00:31:46.547 [EVENT] sock=2512 hEvent=00000824 events=0x0
2026-10-03 00:31:46.548 [EVENT] sock=2512 hEvent=00000824 events=0x21
2026-10-03 00:31:47.551 [EVENT] sock=2512 hEvent=00000824 events=0x0
2026-10-03 00:31:47.552 [EVENT] sock=2512 hEvent=00000824 events=0x21
2026-10-03 00:31:48.276 [EVENT] sock=2512 hEvent=00000824 events=0x0
2026-10-03 00:31:48.276 [EVENT] sock=2512 hEvent=00000824 events=0x21
2026-10-03 00:31:48.555 [EVENT] sock=2512 hEvent=00000824 events=0x0
2026-10-03 00:31:48.556 [EVENT] sock=2512 hEvent=00000824 events=0x21
2026-10-03 00:31:49.554 [EVENT] sock=2512 hEvent=00000824 events=0x0
2026-10-03 00:31:49.555 [EVENT] sock=2512 hEvent=00000824 events=0x21
2026-10-03 00:31:50.554 [EVENT] sock=2512 hEvent=00000824 events=0x0
2026-10-03 00:31:50.555 [EVENT] sock=2512 hEvent=00000824 events=0x21
2026-10-03 00:31:51.553 [EVENT] sock=2512 hEvent=00000824 events=0x0
2026-10-03 00:31:51.554 [EVENT] sock=2512 hEvent=00000824 events=0x21
2026-10-03 00:31:52.558 [EVENT] sock=2512 hEvent=00000824 events=0x0
2026-10-03 00:31:52.558 [EVENT] sock=2512 hEvent=00000824 events=0x21
2026-10-03 00:31:53.561 [EVENT] sock=2512 hEvent=00000824 events=0x0
2026-10-03 00:31:53.562 [EVENT] sock=2512 hEvent=00000824 events=0x21
2026-10-03 00:31:54.561 [EVENT] sock=2512 hEvent=00000824 events=0x0
2026-10-03 00:31:54.562 [EVENT] sock=2512 hEvent=00000824 events=0x21
2026-10-03 00:31:55.563 [EVENT] sock=2512 hEvent=00000824 events=0x0
2026-10-03 00:31:55.564 [EVENT] sock=2512 hEvent=00000824 events=0x21
2026-10-03 00:31:56.561 [EVENT] sock=2512 hEvent=00000824 events=0x0
2026-10-03 00:31:56.561 [EVENT] sock=2512 hEvent=00000824 events=0x21
2026-10-03 00:31:57.561 [EVENT] sock=2512 hEvent=00000824 events=0x0
2026-10-03 00:31:57.562 [EVENT] sock=2512 hEvent=00000824 events=0x21
2026-10-03 00:31:58.380 [EVENT] sock=2512 hEvent=00000824 events=0x0
2026-10-03 00:31:58.380 [EVENT] sock=2512 hEvent=00000824 events=0x21
2026-10-03 00:31:58.561 [EVENT] sock=2512 hEvent=00000824 events=0x0
2026-10-03 00:31:58.562 [EVENT] sock=2512 hEvent=00000824 events=0x21
2026-10-03 00:31:59.554 [EVENT] sock=2512 hEvent=00000824 events=0x0
2026-10-03 00:31:59.555 [EVENT] sock=2512 hEvent=00000824 events=0x21
2026-10-03 00:32:00.546 [EVENT] sock=2512 hEvent=00000824 events=0x0
2026-10-03 00:32:00.547 [EVENT] sock=2512 hEvent=00000824 events=0x21
2026-10-03 00:32:01.561 [EVENT] sock=2512 hEvent=00000824 events=0x0
2026-10-03 00:32:01.561 [EVENT] sock=2512 hEvent=00000824 events=0x21
2026-10-03 00:32:02.561 [EVENT] sock=2512 hEvent=00000824 events=0x0
2026-10-03 00:32:02.561 [EVENT] sock=2512 hEvent=00000824 events=0x21
2026-10-03 00:32:03.560 [EVENT] sock=2512 hEvent=00000824 events=0x0
2026-10-03 00:32:03.560 [EVENT] sock=2512 hEvent=00000824 events=0x21
2026-10-03 00:32:04.271 [EVENT] sock=2688 hEvent=00000A58 events=0x0
2026-10-03 00:32:04.271 [EVENT] sock=2688 hEvent=00000A58 events=0x21
2026-10-03 00:32:04.560 [EVENT] sock=2512 hEvent=00000824 events=0x0
2026-10-03 00:32:04.561 [EVENT] sock=2512 hEvent=00000824 events=0x21
2026-10-03 00:32:05.562 [EVENT] sock=2512 hEvent=00000824 events=0x0
2026-10-03 00:32:05.563 [EVENT] sock=2512 hEvent=00000824 events=0x21
2026-10-03 00:32:06.561 [EVENT] sock=2512 hEvent=00000824 events=0x0
2026-10-03 00:32:06.562 [EVENT] sock=2512 hEvent=00000824 events=0x21
2026-10-03 00:32:07.561 [EVENT] sock=2512 hEvent=00000824 events=0x0
2026-10-03 00:32:07.561 [EVENT] sock=2512 hEvent=00000824 events=0x21
2026-10-03 00:32:08.431 [EVENT] sock=2512 hEvent=00000824 events=0x0
2026-10-03 00:32:08.431 [EVENT] sock=2512 hEvent=00000824 events=0x21
2026-10-03 00:32:08.562 [EVENT] sock=2512 hEvent=00000824 events=0x0
2026-10-03 00:32:08.563 [EVENT] sock=2512 hEvent=00000824 events=0x21
2026-10-03 00:32:09.560 [EVENT] sock=2512 hEvent=00000824 events=0x0
2026-10-03 00:32:09.560 [EVENT] sock=2512 hEvent=00000824 events=0x21
2026-10-03 00:32:10.546 [EVENT] sock=2512 hEvent=00000824 events=0x0
2026-10-03 00:32:10.547 [EVENT] sock=2512 hEvent=00000824 events=0x21
2026-10-03 00:32:11.557 [EVENT] sock=2512 hEvent=00000824 events=0x0
2026-10-03 00:32:11.558 [EVENT] sock=2512 hEvent=00000824 events=0x21
2026-10-03 00:32:12.561 [EVENT] sock=2512 hEvent=00000824 events=0x0
2026-10-03 00:32:12.561 [EVENT] sock=2512 hEvent=00000824 events=0x21
2026-10-03 00:32:13.561 [EVENT] sock=2512 hEvent=00000824 events=0x0
2026-10-03 00:32:13.562 [EVENT] sock=2512 hEvent=00000824 events=0x21
2026-10-03 00:32:14.562 [EVENT] sock=2512 hEvent=00000824 events=0x0
2026-10-03 00:32:14.562 [EVENT] sock=2512 hEvent=00000824 events=0x21
2026-10-03 00:32:15.561 [EVENT] sock=2512 hEvent=00000824 events=0x0
2026-10-03 00:32:15.561 [EVENT] sock=2512 hEvent=00000824 events=0x21
2026-10-03 00:32:16.561 [EVENT] sock=2512 hEvent=00000824 events=0x0
2026-10-03 00:32:16.561 [EVENT] sock=2512 hEvent=00000824 events=0x21
2026-10-03 00:32:17.560 [EVENT] sock=2512 hEvent=00000824 events=0x0
2026-10-03 00:32:17.561 [EVENT] sock=2512 hEvent=00000824 events=0x21
2026-10-03 00:32:18.496 [EVENT] sock=2512 hEvent=00000824 events=0x0
2026-10-03 00:32:18.497 [EVENT] sock=2512 hEvent=00000824 events=0x21
2026-10-03 00:32:18.560 [EVENT] sock=2512 hEvent=00000824 events=0x0
2026-10-03 00:32:18.560 [EVENT] sock=2512 hEvent=00000824 events=0x21
2026-10-03 00:32:19.559 [EVENT] sock=2512 hEvent=00000824 events=0x0
2026-10-03 00:32:19.560 [EVENT] sock=2512 hEvent=00000824 events=0x21
2026-10-03 00:32:20.558 [EVENT] sock=2512 hEvent=00000824 events=0x0
2026-10-03 00:32:20.558 [EVENT] sock=2512 hEvent=00000824 events=0x21
2026-10-03 00:32:21.559 [EVENT] sock=2512 hEvent=00000824 events=0x0
2026-10-03 00:32:21.559 [EVENT] sock=2512 hEvent=00000824 events=0x21
2026-10-03 00:32:22.560 [EVENT] sock=2512 hEvent=00000824 events=0x0
2026-10-03 00:32:22.561 [EVENT] sock=2512 hEvent=00000824 events=0x21
2026-10-03 00:32:23.556 [EVENT] sock=2512 hEvent=00000824 events=0x0
2026-10-03 00:32:23.556 [EVENT] sock=2512 hEvent=00000824 events=0x21
2026-10-03 00:32:24.554 [EVENT] sock=2512 hEvent=00000824 events=0x0
2026-10-03 00:32:24.555 [EVENT] sock=2512 hEvent=00000824 events=0x21
2026-10-03 00:32:25.562 [EVENT] sock=2512 hEvent=00000824 events=0x0
2026-10-03 00:32:25.562 [EVENT] sock=2512 hEvent=00000824 events=0x21
2026-10-03 00:32:26.560 [EVENT] sock=2512 hEvent=00000824 events=0x0
2026-10-03 00:32:26.560 [EVENT] sock=2512 hEvent=00000824 events=0x21
2026-10-03 00:32:27.560 [EVENT] sock=2512 hEvent=00000824 events=0x0
2026-10-03 00:32:27.560 [EVENT] sock=2512 hEvent=00000824 events=0x21
2026-10-03 00:32:28.561 [EVENT] sock=2512 hEvent=00000824 events=0x0
2026-10-03 00:32:28.562 [EVENT] sock=2512 hEvent=00000824 events=0x21
2026-10-03 00:32:28.565 [EVENT] sock=2512 hEvent=00000824 events=0x0
2026-10-03 00:32:28.565 [EVENT] sock=2512 hEvent=00000824 events=0x21
2026-10-03 00:32:29.547 [EVENT] sock=2512 hEvent=00000824 events=0x0
2026-10-03 00:32:29.547 [EVENT] sock=2512 hEvent=00000824 events=0x21
2026-10-03 00:32:30.560 [EVENT] sock=2512 hEvent=00000824 events=0x0
2026-10-03 00:32:30.561 [EVENT] sock=2512 hEvent=00000824 events=0x21
2026-10-03 00:32:31.556 [EVENT] sock=2512 hEvent=00000824 events=0x0
2026-10-03 00:32:31.556 [EVENT] sock=2512 hEvent=00000824 events=0x21
2026-10-03 00:32:32.555 [EVENT] sock=2512 hEvent=00000824 events=0x0
2026-10-03 00:32:32.555 [EVENT] sock=2512 hEvent=00000824 events=0x21
2026-10-03 00:32:33.557 [EVENT] sock=2512 hEvent=00000824 events=0x0
2026-10-03 00:32:33.558 [EVENT] sock=2512 hEvent=00000824 events=0x21
2026-10-03 00:32:34.272 [EVENT] sock=2688 hEvent=00000A58 events=0x0
2026-10-03 00:32:34.278 [EVENT] sock=2688 hEvent=00000A58 events=0x21
2026-10-03 00:32:34.554 [EVENT] sock=2512 hEvent=00000824 events=0x0
2026-10-03 00:32:34.555 [EVENT] sock=2512 hEvent=00000824 events=0x21
2026-10-03 00:32:35.556 [EVENT] sock=2512 hEvent=00000824 events=0x0
2026-10-03 00:32:35.556 [EVENT] sock=2512 hEvent=00000824 events=0x21
2026-10-03 00:32:36.555 [EVENT] sock=2512 hEvent=00000824 events=0x0
2026-10-03 00:32:36.556 [EVENT] sock=2512 hEvent=00000824 events=0x21
2026-10-03 00:32:37.555 [EVENT] sock=2512 hEvent=00000824 events=0x0
2026-10-03 00:32:37.555 [EVENT] sock=2512 hEvent=00000824 events=0x21
2026-10-03 00:32:38.560 [EVENT] sock=2512 hEvent=00000824 events=0x0
2026-10-03 00:32:38.560 [EVENT] sock=2512 hEvent=00000824 events=0x21
2026-10-03 00:32:38.880 [EVENT] sock=2512 hEvent=00000824 events=0x0
2026-10-03 00:32:38.880 [EVENT] sock=2512 hEvent=00000824 events=0x21
2026-10-03 00:32:39.559 [EVENT] sock=2512 hEvent=00000824 events=0x0
2026-10-03 00:32:39.560 [EVENT] sock=2512 hEvent=00000824 events=0x21
2026-10-03 00:32:40.559 [EVENT] sock=2512 hEvent=00000824 events=0x0
2026-10-03 00:32:40.560 [EVENT] sock=2512 hEvent=00000824 events=0x21
2026-10-03 00:32:41.559 [EVENT] sock=2512 hEvent=00000824 events=0x0
2026-10-03 00:32:41.560 [EVENT] sock=2512 hEvent=00000824 events=0x21
2026-10-03 00:32:42.559 [EVENT] sock=2512 hEvent=00000824 events=0x0
2026-10-03 00:32:42.559 [EVENT] sock=2512 hEvent=00000824 events=0x21
2026-10-03 00:32:43.550 [EVENT] sock=2512 hEvent=00000824 events=0x0
2026-10-03 00:32:43.550 [EVENT] sock=2512 hEvent=00000824 events=0x21
2026-10-03 00:32:44.549 [EVENT] sock=2512 hEvent=00000824 events=0x0
2026-10-03 00:32:44.549 [EVENT] sock=2512 hEvent=00000824 events=0x21
2026-10-03 00:32:45.551 [EVENT] sock=2512 hEvent=00000824 events=0x0
2026-10-03 00:32:45.552 [EVENT] sock=2512 hEvent=00000824 events=0x21
2026-10-03 00:32:46.551 [EVENT] sock=2512 hEvent=00000824 events=0x0
2026-10-03 00:32:46.552 [EVENT] sock=2512 hEvent=00000824 events=0x21
2026-10-03 00:32:47.551 [EVENT] sock=2512 hEvent=00000824 events=0x0
2026-10-03 00:32:47.552 [EVENT] sock=2512 hEvent=00000824 events=0x21
2026-10-03 00:32:48.551 [EVENT] sock=2512 hEvent=00000824 events=0x0
2026-10-03 00:32:48.553 [EVENT] sock=2512 hEvent=00000824 events=0x21
2026-10-03 00:32:48.946 [EVENT] sock=2512 hEvent=00000824 events=0x0
2026-10-03 00:32:48.946 [EVENT] sock=2512 hEvent=00000824 events=0x21
2026-10-03 00:32:49.556 [EVENT] sock=2512 hEvent=00000824 events=0x0
2026-10-03 00:32:49.556 [EVENT] sock=2512 hEvent=00000824 events=0x21
2026-10-03 00:32:50.556 [EVENT] sock=2512 hEvent=00000824 events=0x0
2026-10-03 00:32:50.556 [EVENT] sock=2512 hEvent=00000824 events=0x21
2026-10-03 00:32:51.556 [EVENT] sock=2512 hEvent=00000824 events=0x0
2026-10-03 00:32:51.556 [EVENT] sock=2512 hEvent=00000824 events=0x21
2026-10-03 00:32:52.555 [EVENT] sock=2512 hEvent=00000824 events=0x0
2026-10-03 00:32:52.556 [EVENT] sock=2512 hEvent=00000824 events=0x21
2026-10-03 00:32:53.559 [EVENT] sock=2512 hEvent=00000824 events=0x0
2026-10-03 00:32:53.559 [EVENT] sock=2512 hEvent=00000824 events=0x21
2026-10-03 00:32:54.553 [EVENT] sock=2512 hEvent=00000824 events=0x0
2026-10-03 00:32:54.553 [EVENT] sock=2512 hEvent=00000824 events=0x21
2026-10-03 00:32:55.557 [EVENT] sock=2512 hEvent=00000824 events=0x0
2026-10-03 00:32:55.558 [EVENT] sock=2512 hEvent=00000824 events=0x21
2026-10-03 00:32:56.558 [EVENT] sock=2512 hEvent=00000824 events=0x0
2026-10-03 00:32:56.560 [EVENT] sock=2512 hEvent=00000824 events=0x21
2026-10-03 00:32:57.558 [EVENT] sock=2512 hEvent=00000824 events=0x0
2026-10-03 00:32:57.558 [EVENT] sock=2512 hEvent=00000824 events=0x21
2026-10-03 00:32:58.560 [EVENT] sock=2512 hEvent=00000824 events=0x0
2026-10-03 00:32:58.560 [EVENT] sock=2512 hEvent=00000824 events=0x21
2026-10-03 00:32:59.013 [EVENT] sock=2512 hEvent=00000824 events=0x0
2026-10-03 00:32:59.013 [EVENT] sock=2512 hEvent=00000824 events=0x21
2026-10-03 00:32:59.549 [EVENT] sock=2512 hEvent=00000824 events=0x0
2026-10-03 00:32:59.549 [EVENT] sock=2512 hEvent=00000824 events=0x21
2026-10-03 00:33:00.561 [EVENT] sock=2512 hEvent=00000824 events=0x0
2026-10-03 00:33:00.562 [EVENT] sock=2512 hEvent=00000824 events=0x21
2026-10-03 00:33:01.560 [EVENT] sock=2512 hEvent=00000824 events=0x0
2026-10-03 00:33:01.561 [EVENT] sock=2512 hEvent=00000824 events=0x21
2026-10-03 00:33:02.548 [EVENT] sock=2512 hEvent=00000824 events=0x0
2026-10-03 00:33:02.548 [EVENT] sock=2512 hEvent=00000824 events=0x21
2026-10-03 00:33:03.552 [EVENT] sock=2512 hEvent=00000824 events=0x0
2026-10-03 00:33:03.552 [EVENT] sock=2512 hEvent=00000824 events=0x21
2026-10-03 00:33:04.279 [EVENT] sock=2688 hEvent=00000A58 events=0x0
2026-10-03 00:33:04.279 [EVENT] sock=2688 hEvent=00000A58 events=0x21
2026-10-03 00:33:04.551 [EVENT] sock=2512 hEvent=00000824 events=0x0
2026-10-03 00:33:04.552 [EVENT] sock=2512 hEvent=00000824 events=0x21
2026-10-03 00:33:05.555 [EVENT] sock=2512 hEvent=00000824 events=0x0
2026-10-03 00:33:05.555 [EVENT] sock=2512 hEvent=00000824 events=0x21
2026-10-03 00:33:06.555 [EVENT] sock=2512 hEvent=00000824 events=0x0
2026-10-03 00:33:06.555 [EVENT] sock=2512 hEvent=00000824 events=0x21
2026-10-03 00:33:07.559 [EVENT] sock=2512 hEvent=00000824 events=0x0
2026-10-03 00:33:07.560 [EVENT] sock=2512 hEvent=00000824 events=0x21
2026-10-03 00:33:08.558 [EVENT] sock=2512 hEvent=00000824 events=0x0
2026-10-03 00:33:08.558 [EVENT] sock=2512 hEvent=00000824 events=0x21
2026-10-03 00:33:09.076 [EVENT] sock=2512 hEvent=00000824 events=0x0
2026-10-03 00:33:09.077 [EVENT] sock=2512 hEvent=00000824 events=0x21
2026-10-03 00:33:09.559 [EVENT] sock=2512 hEvent=00000824 events=0x0
2026-10-03 00:33:09.560 [EVENT] sock=2512 hEvent=00000824 events=0x21
2026-10-03 00:33:10.560 [EVENT] sock=2512 hEvent=00000824 events=0x0
2026-10-03 00:33:10.561 [EVENT] sock=2512 hEvent=00000824 events=0x21
2026-10-03 00:33:11.557 [EVENT] sock=2512 hEvent=00000824 events=0x0
2026-10-03 00:33:11.557 [EVENT] sock=2512 hEvent=00000824 events=0x21
2026-10-03 00:33:12.548 [EVENT] sock=2512 hEvent=00000824 events=0x0
2026-10-03 00:33:12.548 [EVENT] sock=2512 hEvent=00000824 events=0x21
2026-10-03 00:33:13.550 [EVENT] sock=2512 hEvent=00000824 events=0x0
2026-10-03 00:33:13.552 [EVENT] sock=2512 hEvent=00000824 events=0x21
2026-10-03 00:33:14.548 [EVENT] sock=2512 hEvent=00000824 events=0x0
2026-10-03 00:33:14.548 [EVENT] sock=2512 hEvent=00000824 events=0x21
2026-10-03 00:33:15.555 [EVENT] sock=2512 hEvent=00000824 events=0x0
2026-10-03 00:33:15.556 [EVENT] sock=2512 hEvent=00000824 events=0x21
2026-10-03 00:33:16.561 [EVENT] sock=2512 hEvent=00000824 events=0x0
2026-10-03 00:33:16.562 [EVENT] sock=2512 hEvent=00000824 events=0x21
2026-10-03 00:33:17.557 [EVENT] sock=2512 hEvent=00000824 events=0x0
2026-10-03 00:33:17.557 [EVENT] sock=2512 hEvent=00000824 events=0x21
2026-10-03 00:33:18.547 [EVENT] sock=2512 hEvent=00000824 events=0x0
2026-10-03 00:33:18.547 [EVENT] sock=2512 hEvent=00000824 events=0x21
2026-10-03 00:33:19.231 [EVENT] sock=2512 hEvent=00000824 events=0x0
2026-10-03 00:33:19.231 [EVENT] sock=2512 hEvent=00000824 events=0x21
2026-10-03 00:33:19.562 [EVENT] sock=2512 hEvent=00000824 events=0x0
2026-10-03 00:33:19.562 [EVENT] sock=2512 hEvent=00000824 events=0x21
2026-10-03 00:33:20.564 [EVENT] sock=2512 hEvent=00000824 events=0x0
2026-10-03 00:33:20.565 [EVENT] sock=2512 hEvent=00000824 events=0x21
2026-10-03 00:33:21.552 [EVENT] sock=2512 hEvent=00000824 events=0x0
2026-10-03 00:33:21.552 [EVENT] sock=2512 hEvent=00000824 events=0x21
2026-10-03 00:33:22.554 [EVENT] sock=2512 hEvent=00000824 events=0x0
2026-10-03 00:33:22.554 [EVENT] sock=2512 hEvent=00000824 events=0x21
2026-10-03 00:33:23.555 [EVENT] sock=2512 hEvent=00000824 events=0x0
2026-10-03 00:33:23.557 [EVENT] sock=2512 hEvent=00000824 events=0x21
2026-10-03 00:33:24.562 [EVENT] sock=2512 hEvent=00000824 events=0x0
2026-10-03 00:33:24.563 [EVENT] sock=2512 hEvent=00000824 events=0x21
2026-10-03 00:33:25.547 [EVENT] sock=2512 hEvent=00000824 events=0x0
2026-10-03 00:33:25.548 [EVENT] sock=2512 hEvent=00000824 events=0x21
2026-10-03 00:33:26.547 [EVENT] sock=2512 hEvent=00000824 events=0x0
2026-10-03 00:33:26.547 [EVENT] sock=2512 hEvent=00000824 events=0x21
2026-10-03 00:33:27.547 [EVENT] sock=2512 hEvent=00000824 events=0x0
2026-10-03 00:33:27.549 [EVENT] sock=2512 hEvent=00000824 events=0x21
2026-10-03 00:33:28.553 [EVENT] sock=2512 hEvent=00000824 events=0x0
2026-10-03 00:33:28.553 [EVENT] sock=2512 hEvent=00000824 events=0x21
2026-10-03 00:33:29.300 [EVENT] sock=2512 hEvent=00000824 events=0x0
2026-10-03 00:33:29.301 [EVENT] sock=2512 hEvent=00000824 events=0x21
2026-10-03 00:33:29.547 [EVENT] sock=2512 hEvent=00000824 events=0x0
2026-10-03 00:33:29.548 [EVENT] sock=2512 hEvent=00000824 events=0x21
2026-10-03 00:33:30.547 [EVENT] sock=2512 hEvent=00000824 events=0x0
2026-10-03 00:33:30.547 [EVENT] sock=2512 hEvent=00000824 events=0x21
2026-10-03 00:33:31.547 [EVENT] sock=2512 hEvent=00000824 events=0x0
2026-10-03 00:33:31.547 [EVENT] sock=2512 hEvent=00000824 events=0x21
2026-10-03 00:33:32.547 [EVENT] sock=2512 hEvent=00000824 events=0x0
2026-10-03 00:33:32.548 [EVENT] sock=2512 hEvent=00000824 events=0x21
2026-10-03 00:33:33.550 [EVENT] sock=2512 hEvent=00000824 events=0x0
2026-10-03 00:33:33.551 [EVENT] sock=2512 hEvent=00000824 events=0x21
2026-10-03 00:33:34.279 [EVENT] sock=2688 hEvent=00000A58 events=0x0
2026-10-03 00:33:34.279 [EVENT] sock=2688 hEvent=00000A58 events=0x21
2026-10-03 00:33:34.551 [EVENT] sock=2512 hEvent=00000824 events=0x0
2026-10-03 00:33:34.551 [EVENT] sock=2512 hEvent=00000824 events=0x21
2026-10-03 00:33:35.550 [EVENT] sock=2512 hEvent=00000824 events=0x0
2026-10-03 00:33:35.550 [EVENT] sock=2512 hEvent=00000824 events=0x21
2026-10-03 00:33:36.555 [EVENT] sock=2512 hEvent=00000824 events=0x0
2026-10-03 00:33:36.555 [EVENT] sock=2512 hEvent=00000824 events=0x21
2026-10-03 00:33:37.555 [EVENT] sock=2512 hEvent=00000824 events=0x0
2026-10-03 00:33:37.555 [EVENT] sock=2512 hEvent=00000824 events=0x21
2026-10-03 00:33:38.555 [EVENT] sock=2512 hEvent=00000824 events=0x0
2026-10-03 00:33:38.555 [EVENT] sock=2512 hEvent=00000824 events=0x21
2026-10-03 00:33:39.357 [EVENT] sock=2512 hEvent=00000824 events=0x0
2026-10-03 00:33:39.357 [EVENT] sock=2512 hEvent=00000824 events=0x21
2026-10-03 00:33:39.556 [EVENT] sock=2512 hEvent=00000824 events=0x0
2026-10-03 00:33:39.556 [EVENT] sock=2512 hEvent=00000824 events=0x21
2026-10-03 00:33:40.554 [EVENT] sock=2512 hEvent=00000824 events=0x0
2026-10-03 00:33:40.554 [EVENT] sock=2512 hEvent=00000824 events=0x21
2026-10-03 00:33:41.555 [EVENT] sock=2512 hEvent=00000824 events=0x0
2026-10-03 00:33:41.555 [EVENT] sock=2512 hEvent=00000824 events=0x21
2026-10-03 00:33:42.555 [EVENT] sock=2512 hEvent=00000824 events=0x0
2026-10-03 00:33:42.555 [EVENT] sock=2512 hEvent=00000824 events=0x21
2026-10-03 00:33:43.556 [EVENT] sock=2512 hEvent=00000824 events=0x0
2026-10-03 00:33:43.556 [EVENT] sock=2512 hEvent=00000824 events=0x21
2026-10-03 00:33:44.554 [EVENT] sock=2512 hEvent=00000824 events=0x0
2026-10-03 00:33:44.555 [EVENT] sock=2512 hEvent=00000824 events=0x21
2026-10-03 00:33:45.557 [EVENT] sock=2512 hEvent=00000824 events=0x0
2026-10-03 00:33:45.557 [EVENT] sock=2512 hEvent=00000824 events=0x21
2026-10-03 00:33:46.555 [EVENT] sock=2512 hEvent=00000824 events=0x0
2026-10-03 00:33:46.555 [EVENT] sock=2512 hEvent=00000824 events=0x21
2026-10-03 00:33:47.554 [EVENT] sock=2512 hEvent=00000824 events=0x0
2026-10-03 00:33:47.554 [EVENT] sock=2512 hEvent=00000824 events=0x21
2026-10-03 00:33:48.557 [EVENT] sock=2512 hEvent=00000824 events=0x0
2026-10-03 00:33:48.557 [EVENT] sock=2512 hEvent=00000824 events=0x21
2026-10-03 00:33:49.554 [EVENT] sock=2512 hEvent=00000824 events=0x0
2026-10-03 00:33:49.556 [EVENT] sock=2512 hEvent=00000824 events=0x21
2026-10-03 00:33:49.577 [EVENT] sock=2512 hEvent=00000824 events=0x0
2026-10-03 00:33:49.577 [EVENT] sock=2512 hEvent=00000824 events=0x21
2026-10-03 00:33:50.555 [EVENT] sock=2512 hEvent=00000824 events=0x0
2026-10-03 00:33:50.555 [EVENT] sock=2512 hEvent=00000824 events=0x21
2026-10-03 00:33:51.555 [EVENT] sock=2512 hEvent=00000824 events=0x0
2026-10-03 00:33:51.555 [EVENT] sock=2512 hEvent=00000824 events=0x21
2026-10-03 00:33:52.555 [EVENT] sock=2512 hEvent=00000824 events=0x0
2026-10-03 00:33:52.556 [EVENT] sock=2512 hEvent=00000824 events=0x21
2026-10-03 00:33:53.555 [EVENT] sock=2512 hEvent=00000824 events=0x0
2026-10-03 00:33:53.556 [EVENT] sock=2512 hEvent=00000824 events=0x21
2026-10-03 00:33:54.547 [EVENT] sock=2512 hEvent=00000824 events=0x0
2026-10-03 00:33:54.548 [EVENT] sock=2512 hEvent=00000824 events=0x21
2026-10-03 00:33:55.547 [EVENT] sock=2512 hEvent=00000824 events=0x0
2026-10-03 00:33:55.547 [EVENT] sock=2512 hEvent=00000824 events=0x21
2026-10-03 00:33:56.553 [EVENT] sock=2512 hEvent=00000824 events=0x0
2026-10-03 00:33:56.553 [EVENT] sock=2512 hEvent=00000824 events=0x21
2026-10-03 00:33:57.552 [EVENT] sock=2512 hEvent=00000824 events=0x0
2026-10-03 00:33:57.552 [EVENT] sock=2512 hEvent=00000824 events=0x21
2026-10-03 00:33:58.550 [EVENT] sock=2512 hEvent=00000824 events=0x0
2026-10-03 00:33:58.551 [EVENT] sock=2512 hEvent=00000824 events=0x21
2026-10-03 00:33:59.555 [EVENT] sock=2512 hEvent=00000824 events=0x0
2026-10-03 00:33:59.555 [EVENT] sock=2512 hEvent=00000824 events=0x21
2026-10-03 00:34:00.547 [EVENT] sock=2512 hEvent=00000824 events=0x0
2026-10-03 00:34:00.547 [EVENT] sock=2512 hEvent=00000824 events=0x21
2026-10-03 00:34:00.755 [EVENT] sock=2512 hEvent=00000824 events=0x0
2026-10-03 00:34:00.755 [EVENT] sock=2512 hEvent=00000824 events=0x21
2026-10-03 00:34:01.552 [EVENT] sock=2512 hEvent=00000824 events=0x0
2026-10-03 00:34:01.554 [EVENT] sock=2512 hEvent=00000824 events=0x21
2026-10-03 00:34:02.553 [EVENT] sock=2512 hEvent=00000824 events=0x0
2026-10-03 00:34:02.554 [EVENT] sock=2512 hEvent=00000824 events=0x21
2026-10-03 00:34:03.554 [EVENT] sock=2512 hEvent=00000824 events=0x0
2026-10-03 00:34:03.554 [EVENT] sock=2512 hEvent=00000824 events=0x21
2026-10-03 00:34:04.279 [EVENT] sock=2688 hEvent=00000A58 events=0x0
2026-10-03 00:34:04.279 [EVENT] sock=2688 hEvent=00000A58 events=0x21
2026-10-03 00:34:04.553 [EVENT] sock=2512 hEvent=00000824 events=0x0
2026-10-03 00:34:04.555 [EVENT] sock=2512 hEvent=00000824 events=0x21
2026-10-03 00:34:05.554 [EVENT] sock=2512 hEvent=00000824 events=0x0
2026-10-03 00:34:05.555 [EVENT] sock=2512 hEvent=00000824 events=0x21
2026-10-03 00:34:06.553 [EVENT] sock=2512 hEvent=00000824 events=0x0
2026-10-03 00:34:06.554 [EVENT] sock=2512 hEvent=00000824 events=0x21
2026-10-03 00:34:07.553 [EVENT] sock=2512 hEvent=00000824 events=0x0
2026-10-03 00:34:07.554 [EVENT] sock=2512 hEvent=00000824 events=0x21
2026-10-03 00:34:08.553 [EVENT] sock=2512 hEvent=00000824 events=0x0
2026-10-03 00:34:08.554 [EVENT] sock=2512 hEvent=00000824 events=0x21
2026-10-03 00:34:09.555 [EVENT] sock=2512 hEvent=00000824 events=0x0
2026-10-03 00:34:09.555 [EVENT] sock=2512 hEvent=00000824 events=0x21
2026-10-03 00:34:10.554 [EVENT] sock=2512 hEvent=00000824 events=0x0
2026-10-03 00:34:10.556 [EVENT] sock=2512 hEvent=00000824 events=0x21
2026-10-03 00:34:10.839 [EVENT] sock=2512 hEvent=00000824 events=0x0
2026-10-03 00:34:10.839 [EVENT] sock=2512 hEvent=00000824 events=0x21
2026-10-03 00:34:11.553 [EVENT] sock=2512 hEvent=00000824 events=0x0
2026-10-03 00:34:11.554 [EVENT] sock=2512 hEvent=00000824 events=0x21
2026-10-03 00:34:12.553 [EVENT] sock=2512 hEvent=00000824 events=0x0
2026-10-03 00:34:12.553 [EVENT] sock=2512 hEvent=00000824 events=0x21
2026-10-03 00:34:13.559 [EVENT] sock=2512 hEvent=00000824 events=0x0
2026-10-03 00:34:13.559 [EVENT] sock=2512 hEvent=00000824 events=0x21
2026-10-03 00:34:14.557 [EVENT] sock=2512 hEvent=00000824 events=0x0
2026-10-03 00:34:14.558 [EVENT] sock=2512 hEvent=00000824 events=0x21
2026-10-03 00:34:15.560 [EVENT] sock=2512 hEvent=00000824 events=0x0
2026-10-03 00:34:15.561 [EVENT] sock=2512 hEvent=00000824 events=0x21
2026-10-03 00:34:16.560 [EVENT] sock=2512 hEvent=00000824 events=0x0
2026-10-03 00:34:16.560 [EVENT] sock=2512 hEvent=00000824 events=0x21
2026-10-03 00:34:17.560 [EVENT] sock=2512 hEvent=00000824 events=0x0
2026-10-03 00:34:17.561 [EVENT] sock=2512 hEvent=00000824 events=0x21
2026-10-03 00:34:18.552 [EVENT] sock=2512 hEvent=00000824 events=0x0
2026-10-03 00:34:18.552 [EVENT] sock=2512 hEvent=00000824 events=0x21
2026-10-03 00:34:19.552 [EVENT] sock=2512 hEvent=00000824 events=0x0
2026-10-03 00:34:19.552 [EVENT] sock=2512 hEvent=00000824 events=0x21
2026-10-03 00:34:20.551 [EVENT] sock=2512 hEvent=00000824 events=0x0
2026-10-03 00:34:20.552 [EVENT] sock=2512 hEvent=00000824 events=0x21
2026-10-03 00:34:21.037 [EVENT] sock=2512 hEvent=00000824 events=0x0
2026-10-03 00:34:21.038 [EVENT] sock=2512 hEvent=00000824 events=0x21
2026-10-03 00:34:21.555 [EVENT] sock=2512 hEvent=00000824 events=0x0
2026-10-03 00:34:21.555 [EVENT] sock=2512 hEvent=00000824 events=0x21
2026-10-03 00:34:22.555 [EVENT] sock=2512 hEvent=00000824 events=0x0
2026-10-03 00:34:22.555 [EVENT] sock=2512 hEvent=00000824 events=0x21
2026-10-03 00:34:23.557 [EVENT] sock=2512 hEvent=00000824 events=0x0
2026-10-03 00:34:23.557 [EVENT] sock=2512 hEvent=00000824 events=0x21
2026-10-03 00:34:24.562 [EVENT] sock=2512 hEvent=00000824 events=0x0
2026-10-03 00:34:24.563 [EVENT] sock=2512 hEvent=00000824 events=0x21
2026-10-03 00:34:25.550 [EVENT] sock=2512 hEvent=00000824 events=0x0
2026-10-03 00:34:25.550 [EVENT] sock=2512 hEvent=00000824 events=0x21
2026-10-03 00:34:26.551 [EVENT] sock=2512 hEvent=00000824 events=0x0
2026-10-03 00:34:26.551 [EVENT] sock=2512 hEvent=00000824 events=0x21
2026-10-03 00:34:27.551 [EVENT] sock=2512 hEvent=00000824 events=0x0
2026-10-03 00:34:27.552 [EVENT] sock=2512 hEvent=00000824 events=0x21
2026-10-03 00:34:28.551 [EVENT] sock=2512 hEvent=00000824 events=0x0
2026-10-03 00:34:28.552 [EVENT] sock=2512 hEvent=00000824 events=0x21
2026-10-03 00:34:29.551 [EVENT] sock=2512 hEvent=00000824 events=0x0
2026-10-03 00:34:29.551 [EVENT] sock=2512 hEvent=00000824 events=0x21
2026-10-03 00:34:30.551 [EVENT] sock=2512 hEvent=00000824 events=0x0
2026-10-03 00:34:30.552 [EVENT] sock=2512 hEvent=00000824 events=0x21
2026-10-03 00:34:31.084 [EVENT] sock=2512 hEvent=00000824 events=0x0
2026-10-03 00:34:31.084 [EVENT] sock=2512 hEvent=00000824 events=0x21
2026-10-03 00:34:31.553 [EVENT] sock=2512 hEvent=00000824 events=0x0
2026-10-03 00:34:31.553 [EVENT] sock=2512 hEvent=00000824 events=0x21
2026-10-03 00:34:32.552 [EVENT] sock=2512 hEvent=00000824 events=0x0
2026-10-03 00:34:32.552 [EVENT] sock=2512 hEvent=00000824 events=0x21
2026-10-03 00:34:33.551 [EVENT] sock=2512 hEvent=00000824 events=0x0
2026-10-03 00:34:33.552 [EVENT] sock=2512 hEvent=00000824 events=0x21
2026-10-03 00:34:34.280 [EVENT] sock=2688 hEvent=00000A58 events=0x0
2026-10-03 00:34:34.280 [EVENT] sock=2688 hEvent=00000A58 events=0x21
2026-10-03 00:34:34.552 [EVENT] sock=2512 hEvent=00000824 events=0x0
2026-10-03 00:34:34.552 [EVENT] sock=2512 hEvent=00000824 events=0x21
2026-10-03 00:34:35.551 [EVENT] sock=2512 hEvent=00000824 events=0x0
2026-10-03 00:34:35.552 [EVENT] sock=2512 hEvent=00000824 events=0x21
2026-10-03 00:34:36.557 [EVENT] sock=2512 hEvent=00000824 events=0x0
2026-10-03 00:34:36.558 [EVENT] sock=2512 hEvent=00000824 events=0x21
2026-10-03 00:34:37.547 [EVENT] sock=2512 hEvent=00000824 events=0x0
2026-10-03 00:34:37.548 [EVENT] sock=2512 hEvent=00000824 events=0x21
2026-10-03 00:34:38.549 [EVENT] sock=2512 hEvent=00000824 events=0x0
2026-10-03 00:34:38.549 [EVENT] sock=2512 hEvent=00000824 events=0x21
2026-10-03 00:34:39.552 [EVENT] sock=2512 hEvent=00000824 events=0x0
2026-10-03 00:34:39.552 [EVENT] sock=2512 hEvent=00000824 events=0x21
2026-10-03 00:34:40.552 [EVENT] sock=2512 hEvent=00000824 events=0x0
2026-10-03 00:34:40.553 [EVENT] sock=2512 hEvent=00000824 events=0x21
2026-10-03 00:34:41.138 [EVENT] sock=2512 hEvent=00000824 events=0x0
2026-10-03 00:34:41.139 [EVENT] sock=2512 hEvent=00000824 events=0x21
2026-10-03 00:34:41.552 [EVENT] sock=2512 hEvent=00000824 events=0x0
2026-10-03 00:34:41.552 [EVENT] sock=2512 hEvent=00000824 events=0x21
2026-10-03 00:34:42.553 [EVENT] sock=2512 hEvent=00000824 events=0x0
2026-10-03 00:34:42.553 [EVENT] sock=2512 hEvent=00000824 events=0x21
2026-10-03 00:34:43.557 [EVENT] sock=2512 hEvent=00000824 events=0x0
2026-10-03 00:34:43.558 [EVENT] sock=2512 hEvent=00000824 events=0x21
2026-10-03 00:34:44.546 [EVENT] sock=2512 hEvent=00000824 events=0x0
2026-10-03 00:34:44.547 [EVENT] sock=2512 hEvent=00000824 events=0x21
2026-10-03 00:34:45.547 [EVENT] sock=2512 hEvent=00000824 events=0x0
2026-10-03 00:34:45.547 [EVENT] sock=2512 hEvent=00000824 events=0x21
2026-10-03 00:34:46.548 [EVENT] sock=2512 hEvent=00000824 events=0x0
2026-10-03 00:34:46.548 [EVENT] sock=2512 hEvent=00000824 events=0x21
2026-10-03 00:34:47.546 [EVENT] sock=2512 hEvent=00000824 events=0x0
2026-10-03 00:34:47.547 [EVENT] sock=2512 hEvent=00000824 events=0x21
2026-10-03 00:34:48.546 [EVENT] sock=2512 hEvent=00000824 events=0x0
2026-10-03 00:34:48.546 [EVENT] sock=2512 hEvent=00000824 events=0x21
2026-10-03 00:34:49.552 [EVENT] sock=2512 hEvent=00000824 events=0x0
2026-10-03 00:34:49.552 [EVENT] sock=2512 hEvent=00000824 events=0x21
2026-10-03 00:34:50.551 [EVENT] sock=2512 hEvent=00000824 events=0x0
2026-10-03 00:34:50.552 [EVENT] sock=2512 hEvent=00000824 events=0x21
2026-10-03 00:34:51.204 [EVENT] sock=2512 hEvent=00000824 events=0x0
2026-10-03 00:34:51.205 [EVENT] sock=2512 hEvent=00000824 events=0x21
2026-10-03 00:34:51.551 [EVENT] sock=2512 hEvent=00000824 events=0x0
2026-10-03 00:34:51.552 [EVENT] sock=2512 hEvent=00000824 events=0x21
2026-10-03 00:34:52.551 [EVENT] sock=2512 hEvent=00000824 events=0x0
2026-10-03 00:34:52.553 [EVENT] sock=2512 hEvent=00000824 events=0x21
2026-10-03 00:34:53.551 [EVENT] sock=2512 hEvent=00000824 events=0x0
2026-10-03 00:34:53.552 [EVENT] sock=2512 hEvent=00000824 events=0x21
2026-10-03 00:34:54.552 [EVENT] sock=2512 hEvent=00000824 events=0x0
2026-10-03 00:34:54.552 [EVENT] sock=2512 hEvent=00000824 events=0x21
2026-10-03 00:34:55.552 [EVENT] sock=2512 hEvent=00000824 events=0x0
2026-10-03 00:34:55.552 [EVENT] sock=2512 hEvent=00000824 events=0x21
2026-10-03 00:34:56.552 [EVENT] sock=2512 hEvent=00000824 events=0x0
2026-10-03 00:34:56.552 [EVENT] sock=2512 hEvent=00000824 events=0x21
2026-10-03 00:34:57.551 [EVENT] sock=2512 hEvent=00000824 events=0x0
2026-10-03 00:34:57.552 [EVENT] sock=2512 hEvent=00000824 events=0x21
2026-10-03 00:34:58.551 [EVENT] sock=2512 hEvent=00000824 events=0x0
2026-10-03 00:34:58.551 [EVENT] sock=2512 hEvent=00000824 events=0x21
2026-10-03 00:34:59.552 [EVENT] sock=2512 hEvent=00000824 events=0x0
2026-10-03 00:34:59.552 [EVENT] sock=2512 hEvent=00000824 events=0x21
2026-10-03 00:35:00.552 [EVENT] sock=2512 hEvent=00000824 events=0x0
2026-10-03 00:35:00.554 [EVENT] sock=2512 hEvent=00000824 events=0x21
2026-10-03 00:35:01.294 [EVENT] sock=2512 hEvent=00000824 events=0x0
2026-10-03 00:35:01.294 [EVENT] sock=2512 hEvent=00000824 events=0x21
2026-10-03 00:35:01.551 [EVENT] sock=2512 hEvent=00000824 events=0x0
2026-10-03 00:35:01.551 [EVENT] sock=2512 hEvent=00000824 events=0x21
2026-10-03 00:35:02.551 [EVENT] sock=2512 hEvent=00000824 events=0x0
2026-10-03 00:35:02.551 [EVENT] sock=2512 hEvent=00000824 events=0x21
2026-10-03 00:35:03.553 [EVENT] sock=2512 hEvent=00000824 events=0x0
2026-10-03 00:35:03.554 [EVENT] sock=2512 hEvent=00000824 events=0x21
2026-10-03 00:35:04.281 [EVENT] sock=2688 hEvent=00000A58 events=0x0
2026-10-03 00:35:04.281 [EVENT] sock=2688 hEvent=00000A58 events=0x21
2026-10-03 00:35:04.559 [EVENT] sock=2512 hEvent=00000824 events=0x0
2026-10-03 00:35:04.559 [EVENT] sock=2512 hEvent=00000824 events=0x21
2026-10-03 00:35:05.548 [EVENT] sock=2512 hEvent=00000824 events=0x0
2026-10-03 00:35:05.549 [EVENT] sock=2512 hEvent=00000824 events=0x21
2026-10-03 00:35:06.547 [EVENT] sock=2512 hEvent=00000824 events=0x0
2026-10-03 00:35:06.548 [EVENT] sock=2512 hEvent=00000824 events=0x21
2026-10-03 00:35:07.547 [EVENT] sock=2512 hEvent=00000824 events=0x0
2026-10-03 00:35:07.547 [EVENT] sock=2512 hEvent=00000824 events=0x21
2026-10-03 00:35:08.553 [EVENT] sock=2512 hEvent=00000824 events=0x0
2026-10-03 00:35:08.555 [EVENT] sock=2512 hEvent=00000824 events=0x21
2026-10-03 00:35:09.548 [EVENT] sock=2512 hEvent=00000824 events=0x0
2026-10-03 00:35:09.549 [EVENT] sock=2512 hEvent=00000824 events=0x21
2026-10-03 00:35:10.556 [EVENT] sock=2512 hEvent=00000824 events=0x0
2026-10-03 00:35:10.556 [EVENT] sock=2512 hEvent=00000824 events=0x21
2026-10-03 00:35:11.361 [EVENT] sock=2512 hEvent=00000824 events=0x0
2026-10-03 00:35:11.361 [EVENT] sock=2512 hEvent=00000824 events=0x21
2026-10-03 00:35:11.557 [EVENT] sock=2512 hEvent=00000824 events=0x0
2026-10-03 00:35:11.558 [EVENT] sock=2512 hEvent=00000824 events=0x21
2026-10-03 00:35:12.557 [EVENT] sock=2512 hEvent=00000824 events=0x0
2026-10-03 00:35:12.558 [EVENT] sock=2512 hEvent=00000824 events=0x21
2026-10-03 00:35:13.548 [EVENT] sock=2512 hEvent=00000824 events=0x0
2026-10-03 00:35:13.548 [EVENT] sock=2512 hEvent=00000824 events=0x21
2026-10-03 00:35:14.550 [EVENT] sock=2512 hEvent=00000824 events=0x0
2026-10-03 00:35:14.551 [EVENT] sock=2512 hEvent=00000824 events=0x21
2026-10-03 00:35:15.549 [EVENT] sock=2512 hEvent=00000824 events=0x0
2026-10-03 00:35:15.550 [EVENT] sock=2512 hEvent=00000824 events=0x21
2026-10-03 00:35:16.550 [EVENT] sock=2512 hEvent=00000824 events=0x0
2026-10-03 00:35:16.550 [EVENT] sock=2512 hEvent=00000824 events=0x21
2026-10-03 00:35:17.550 [EVENT] sock=2512 hEvent=00000824 events=0x0
2026-10-03 00:35:17.550 [EVENT] sock=2512 hEvent=00000824 events=0x21
2026-10-03 00:35:17.601 [PIPE] controller connected
2026-10-03 00:35:18.550 [EVENT] sock=2512 hEvent=00000824 events=0x0
2026-10-03 00:35:18.551 [EVENT] sock=2512 hEvent=00000824 events=0x21
2026-10-03 00:35:19.549 [EVENT] sock=2512 hEvent=00000824 events=0x0
2026-10-03 00:35:19.550 [EVENT] sock=2512 hEvent=00000824 events=0x21
2026-10-03 00:35:20.554 [EVENT] sock=2512 hEvent=00000824 events=0x0
2026-10-03 00:35:20.554 [EVENT] sock=2512 hEvent=00000824 events=0x21
2026-10-03 00:35:21.432 [EVENT] sock=2512 hEvent=00000824 events=0x0
2026-10-03 00:35:21.433 [EVENT] sock=2512 hEvent=00000824 events=0x21
2026-10-03 00:35:21.559 [EVENT] sock=2512 hEvent=00000824 events=0x0
2026-10-03 00:35:21.560 [EVENT] sock=2512 hEvent=00000824 events=0x21
2026-10-03 00:35:22.554 [EVENT] sock=2512 hEvent=00000824 events=0x0
2026-10-03 00:35:22.554 [EVENT] sock=2512 hEvent=00000824 events=0x21
2026-10-03 00:35:23.549 [EVENT] sock=2512 hEvent=00000824 events=0x0
2026-10-03 00:35:23.549 [EVENT] sock=2512 hEvent=00000824 events=0x21
2026-10-03 00:35:24.548 [EVENT] sock=2512 hEvent=00000824 events=0x0
2026-10-03 00:35:24.548 [EVENT] sock=2512 hEvent=00000824 events=0x21
2026-10-03 00:35:25.549 [EVENT] sock=2512 hEvent=00000824 events=0x0
2026-10-03 00:35:25.549 [EVENT] sock=2512 hEvent=00000824 events=0x21
2026-10-03 00:35:26.549 [EVENT] sock=2512 hEvent=00000824 events=0x0
2026-10-03 00:35:26.550 [EVENT] sock=2512 hEvent=00000824 events=0x21
2026-10-03 00:35:27.554 [EVENT] sock=2512 hEvent=00000824 events=0x0
2026-10-03 00:35:27.556 [EVENT] sock=2512 hEvent=00000824 events=0x21
2026-10-03 00:35:28.550 [EVENT] sock=2512 hEvent=00000824 events=0x0
2026-10-03 00:35:28.550 [EVENT] sock=2512 hEvent=00000824 events=0x21
2026-10-03 00:35:29.549 [EVENT] sock=2512 hEvent=00000824 events=0x0
2026-10-03 00:35:29.549 [EVENT] sock=2512 hEvent=00000824 events=0x21
2026-10-03 00:35:30.548 [EVENT] sock=2512 hEvent=00000824 events=0x0
2026-10-03 00:35:30.549 [EVENT] sock=2512 hEvent=00000824 events=0x21
2026-10-03 00:35:31.502 [EVENT] sock=2512 hEvent=00000824 events=0x0
2026-10-03 00:35:31.502 [EVENT] sock=2512 hEvent=00000824 events=0x21
2026-10-03 00:35:31.549 [EVENT] sock=2512 hEvent=00000824 events=0x0
2026-10-03 00:35:31.549 [EVENT] sock=2512 hEvent=00000824 events=0x21
2026-10-03 00:35:32.548 [EVENT] sock=2512 hEvent=00000824 events=0x0
2026-10-03 00:35:32.548 [EVENT] sock=2512 hEvent=00000824 events=0x21
2026-10-03 00:35:33.549 [EVENT] sock=2512 hEvent=00000824 events=0x0
2026-10-03 00:35:33.550 [EVENT] sock=2512 hEvent=00000824 events=0x21
2026-10-03 00:35:34.282 [EVENT] sock=2688 hEvent=00000A58 events=0x0
2026-10-03 00:35:34.282 [EVENT] sock=2688 hEvent=00000A58 events=0x21
2026-10-03 00:35:34.555 [EVENT] sock=2512 hEvent=00000824 events=0x0
2026-10-03 00:35:34.556 [EVENT] sock=2512 hEvent=00000824 events=0x21
2026-10-03 00:35:35.547 [EVENT] sock=2512 hEvent=00000824 events=0x0
2026-10-03 00:35:35.548 [EVENT] sock=2512 hEvent=00000824 events=0x21
2026-10-03 00:35:36.561 [EVENT] sock=2512 hEvent=00000824 events=0x0
2026-10-03 00:35:36.562 [EVENT] sock=2512 hEvent=00000824 events=0x21
2026-10-03 00:35:37.561 [EVENT] sock=2512 hEvent=00000824 events=0x0
2026-10-03 00:35:37.562 [EVENT] sock=2512 hEvent=00000824 events=0x21
2026-10-03 00:35:38.549 [EVENT] sock=2512 hEvent=00000824 events=0x0
2026-10-03 00:35:38.549 [EVENT] sock=2512 hEvent=00000824 events=0x21
2026-10-03 00:35:39.548 [EVENT] sock=2512 hEvent=00000824 events=0x0
2026-10-03 00:35:39.548 [EVENT] sock=2512 hEvent=00000824 events=0x21
2026-10-03 00:35:40.561 [EVENT] sock=2512 hEvent=00000824 events=0x0
2026-10-03 00:35:40.562 [EVENT] sock=2512 hEvent=00000824 events=0x21
2026-10-03 00:35:41.547 [EVENT] sock=2512 hEvent=00000824 events=0x0
2026-10-03 00:35:41.547 [EVENT] sock=2512 hEvent=00000824 events=0x21
2026-10-03 00:35:41.552 [EVENT] sock=2512 hEvent=00000824 events=0x0
2026-10-03 00:35:41.552 [EVENT] sock=2512 hEvent=00000824 events=0x21
2026-10-03 00:35:41.702 [PIPE] controller disconnected
2026-10-03 00:35:42.548 [EVENT] sock=2512 hEvent=00000824 events=0x0
2026-10-03 00:35:42.548 [EVENT] sock=2512 hEvent=00000824 events=0x21
2026-10-03 00:35:43.547 [EVENT] sock=2512 hEvent=00000824 events=0x0
2026-10-03 00:35:43.548 [EVENT] sock=2512 hEvent=00000824 events=0x21
2026-10-03 00:35:44.546 [EVENT] sock=2512 hEvent=00000824 events=0x0
2026-10-03 00:35:44.547 [EVENT] sock=2512 hEvent=00000824 events=0x21
2026-10-03 00:35:45.561 [EVENT] sock=2512 hEvent=00000824 events=0x0
2026-10-03 00:35:45.561 [EVENT] sock=2512 hEvent=00000824 events=0x21
2026-10-03 00:35:46.548 [EVENT] sock=2512 hEvent=00000824 events=0x0
2026-10-03 00:35:46.548 [EVENT] sock=2512 hEvent=00000824 events=0x21
2026-10-03 00:35:47.558 [EVENT] sock=2512 hEvent=00000824 events=0x0
2026-10-03 00:35:47.558 [EVENT] sock=2512 hEvent=00000824 events=0x21
2026-10-03 00:35:48.551 [EVENT] sock=2512 hEvent=00000824 events=0x0
2026-10-03 00:35:48.552 [EVENT] sock=2512 hEvent=00000824 events=0x21
2026-10-03 00:35:49.547 [EVENT] sock=2512 hEvent=00000824 events=0x0
2026-10-03 00:35:49.547 [EVENT] sock=2512 hEvent=00000824 events=0x21
2026-10-03 00:35:50.548 [EVENT] sock=2512 hEvent=00000824 events=0x0
2026-10-03 00:35:50.548 [EVENT] sock=2512 hEvent=00000824 events=0x21
2026-10-03 00:35:51.551 [EVENT] sock=2512 hEvent=00000824 events=0x0
2026-10-03 00:35:51.552 [EVENT] sock=2512 hEvent=00000824 events=0x21
2026-10-03 00:35:51.849 [EVENT] sock=2512 hEvent=00000824 events=0x0
2026-10-03 00:35:51.851 [EVENT] sock=2512 hEvent=00000824 events=0x21
2026-10-03 00:35:52.548 [EVENT] sock=2512 hEvent=00000824 events=0x0
2026-10-03 00:35:52.548 [EVENT] sock=2512 hEvent=00000824 events=0x21
2026-10-03 00:35:53.552 [EVENT] sock=2512 hEvent=00000824 events=0x0
2026-10-03 00:35:53.552 [EVENT] sock=2512 hEvent=00000824 events=0x21
2026-10-03 00:35:54.547 [EVENT] sock=2512 hEvent=00000824 events=0x0
2026-10-03 00:35:54.548 [EVENT] sock=2512 hEvent=00000824 events=0x21
2026-10-03 00:35:55.548 [EVENT] sock=2512 hEvent=00000824 events=0x0
2026-10-03 00:35:55.548 [EVENT] sock=2512 hEvent=00000824 events=0x21
2026-10-03 00:35:56.557 [EVENT] sock=2512 hEvent=00000824 events=0x0
2026-10-03 00:35:56.558 [EVENT] sock=2512 hEvent=00000824 events=0x21
2026-10-03 00:35:57.548 [EVENT] sock=2512 hEvent=00000824 events=0x0
2026-10-03 00:35:57.549 [EVENT] sock=2512 hEvent=00000824 events=0x21
2026-10-03 00:35:58.546 [EVENT] sock=2512 hEvent=00000824 events=0x0
2026-10-03 00:35:58.547 [EVENT] sock=2512 hEvent=00000824 events=0x21
2026-10-03 00:35:59.547 [EVENT] sock=2512 hEvent=00000824 events=0x0
2026-10-03 00:35:59.547 [EVENT] sock=2512 hEvent=00000824 events=0x21
2026-10-03 00:36:00.547 [EVENT] sock=2512 hEvent=00000824 events=0x0
2026-10-03 00:36:00.547 [EVENT] sock=2512 hEvent=00000824 events=0x21
2026-10-03 00:36:01.547 [EVENT] sock=2512 hEvent=00000824 events=0x0
2026-10-03 00:36:01.547 [EVENT] sock=2512 hEvent=00000824 events=0x21
2026-10-03 00:36:01.900 [EVENT] sock=2512 hEvent=00000824 events=0x0
2026-10-03 00:36:01.900 [EVENT] sock=2512 hEvent=00000824 events=0x21
2026-10-03 00:36:02.552 [EVENT] sock=2512 hEvent=00000824 events=0x0
2026-10-03 00:36:02.552 [EVENT] sock=2512 hEvent=00000824 events=0x21
2026-10-03 00:36:03.563 [EVENT] sock=2512 hEvent=00000824 events=0x0
2026-10-03 00:36:03.563 [EVENT] sock=2512 hEvent=00000824 events=0x21
2026-10-03 00:36:04.284 [EVENT] sock=2688 hEvent=00000A58 events=0x0
2026-10-03 00:36:04.284 [EVENT] sock=2688 hEvent=00000A58 events=0x21
2026-10-03 00:36:04.564 [EVENT] sock=2512 hEvent=00000824 events=0x0
2026-10-03 00:36:04.564 [EVENT] sock=2512 hEvent=00000824 events=0x21
2026-10-03 00:36:05.563 [EVENT] sock=2512 hEvent=00000824 events=0x0
2026-10-03 00:36:05.564 [EVENT] sock=2512 hEvent=00000824 events=0x21
2026-10-03 00:36:06.546 [EVENT] sock=2512 hEvent=00000824 events=0x0
2026-10-03 00:36:06.548 [EVENT] sock=2512 hEvent=00000824 events=0x21
2026-10-03 00:36:07.563 [EVENT] sock=2512 hEvent=00000824 events=0x0
2026-10-03 00:36:07.563 [EVENT] sock=2512 hEvent=00000824 events=0x21
2026-10-03 00:36:08.557 [EVENT] sock=2512 hEvent=00000824 events=0x0
2026-10-03 00:36:08.557 [EVENT] sock=2512 hEvent=00000824 events=0x21
2026-10-03 00:36:09.547 [EVENT] sock=2512 hEvent=00000824 events=0x0
2026-10-03 00:36:09.547 [EVENT] sock=2512 hEvent=00000824 events=0x21
2026-10-03 00:36:10.546 [EVENT] sock=2512 hEvent=00000824 events=0x0
2026-10-03 00:36:10.547 [EVENT] sock=2512 hEvent=00000824 events=0x21
2026-10-03 00:36:11.552 [EVENT] sock=2512 hEvent=00000824 events=0x0
2026-10-03 00:36:11.553 [EVENT] sock=2512 hEvent=00000824 events=0x21
2026-10-03 00:36:11.966 [EVENT] sock=2512 hEvent=00000824 events=0x0
2026-10-03 00:36:11.966 [EVENT] sock=2512 hEvent=00000824 events=0x21
2026-10-03 00:36:12.562 [EVENT] sock=2512 hEvent=00000824 events=0x0
2026-10-03 00:36:12.563 [EVENT] sock=2512 hEvent=00000824 events=0x21
2026-10-03 00:36:13.550 [EVENT] sock=2512 hEvent=00000824 events=0x0
2026-10-03 00:36:13.550 [EVENT] sock=2512 hEvent=00000824 events=0x21
2026-10-03 00:36:14.560 [EVENT] sock=2512 hEvent=00000824 events=0x0
2026-10-03 00:36:14.561 [EVENT] sock=2512 hEvent=00000824 events=0x21
2026-10-03 00:36:15.559 [EVENT] sock=2512 hEvent=00000824 events=0x0
2026-10-03 00:36:15.560 [EVENT] sock=2512 hEvent=00000824 events=0x21
2026-10-03 00:36:16.547 [EVENT] sock=2512 hEvent=00000824 events=0x0
2026-10-03 00:36:16.548 [EVENT] sock=2512 hEvent=00000824 events=0x21
2026-10-03 00:36:17.547 [EVENT] sock=2512 hEvent=00000824 events=0x0
2026-10-03 00:36:17.547 [EVENT] sock=2512 hEvent=00000824 events=0x21
2026-10-03 00:36:18.549 [EVENT] sock=2512 hEvent=00000824 events=0x0
2026-10-03 00:36:18.550 [EVENT] sock=2512 hEvent=00000824 events=0x21
2026-10-03 00:36:19.547 [EVENT] sock=2512 hEvent=00000824 events=0x0
2026-10-03 00:36:19.547 [EVENT] sock=2512 hEvent=00000824 events=0x21
2026-10-03 00:36:20.557 [EVENT] sock=2512 hEvent=00000824 events=0x0
2026-10-03 00:36:20.557 [EVENT] sock=2512 hEvent=00000824 events=0x21
2026-10-03 00:36:21.557 [EVENT] sock=2512 hEvent=00000824 events=0x0
2026-10-03 00:36:21.557 [EVENT] sock=2512 hEvent=00000824 events=0x21
2026-10-03 00:36:22.027 [EVENT] sock=2512 hEvent=00000824 events=0x0
2026-10-03 00:36:22.030 [EVENT] sock=2512 hEvent=00000824 events=0x21
2026-10-03 00:36:22.556 [EVENT] sock=2512 hEvent=00000824 events=0x0
2026-10-03 00:36:22.557 [EVENT] sock=2512 hEvent=00000824 events=0x21
2026-10-03 00:36:23.560 [EVENT] sock=2512 hEvent=00000824 events=0x0
2026-10-03 00:36:23.560 [EVENT] sock=2512 hEvent=00000824 events=0x21
2026-10-03 00:36:24.546 [EVENT] sock=2512 hEvent=00000824 events=0x0
2026-10-03 00:36:24.546 [EVENT] sock=2512 hEvent=00000824 events=0x21
2026-10-03 00:36:25.547 [EVENT] sock=2512 hEvent=00000824 events=0x0
2026-10-03 00:36:25.547 [EVENT] sock=2512 hEvent=00000824 events=0x21
2026-10-03 00:36:26.547 [EVENT] sock=2512 hEvent=00000824 events=0x0
2026-10-03 00:36:26.547 [EVENT] sock=2512 hEvent=00000824 events=0x21
2026-10-03 00:36:27.546 [EVENT] sock=2512 hEvent=00000824 events=0x0
2026-10-03 00:36:27.547 [EVENT] sock=2512 hEvent=00000824 events=0x21
2026-10-03 00:36:28.547 [EVENT] sock=2512 hEvent=00000824 events=0x0
2026-10-03 00:36:28.548 [EVENT] sock=2512 hEvent=00000824 events=0x21
2026-10-03 00:36:29.548 [EVENT] sock=2512 hEvent=00000824 events=0x0
2026-10-03 00:36:29.550 [EVENT] sock=2512 hEvent=00000824 events=0x21
2026-10-03 00:36:30.559 [EVENT] sock=2512 hEvent=00000824 events=0x0
2026-10-03 00:36:30.560 [EVENT] sock=2512 hEvent=00000824 events=0x21
2026-10-03 00:36:31.546 [EVENT] sock=2512 hEvent=00000824 events=0x0
2026-10-03 00:36:31.547 [EVENT] sock=2512 hEvent=00000824 events=0x21
2026-10-03 00:36:32.101 [EVENT] sock=2512 hEvent=00000824 events=0x0
2026-10-03 00:36:32.101 [EVENT] sock=2512 hEvent=00000824 events=0x21
2026-10-03 00:36:32.554 [EVENT] sock=2512 hEvent=00000824 events=0x0
2026-10-03 00:36:32.554 [EVENT] sock=2512 hEvent=00000824 events=0x21
2026-10-03 00:36:33.553 [EVENT] sock=2512 hEvent=00000824 events=0x0
2026-10-03 00:36:33.554 [EVENT] sock=2512 hEvent=00000824 events=0x21
2026-10-03 00:36:34.286 [EVENT] sock=2688 hEvent=00000A58 events=0x0
2026-10-03 00:36:34.286 [EVENT] sock=2688 hEvent=00000A58 events=0x21
2026-10-03 00:36:34.556 [EVENT] sock=2512 hEvent=00000824 events=0x0
2026-10-03 00:36:34.557 [EVENT] sock=2512 hEvent=00000824 events=0x21
2026-10-03 00:36:35.549 [EVENT] sock=2512 hEvent=00000824 events=0x0
2026-10-03 00:36:35.549 [EVENT] sock=2512 hEvent=00000824 events=0x21
2026-10-03 00:36:36.556 [EVENT] sock=2512 hEvent=00000824 events=0x0
2026-10-03 00:36:36.559 [EVENT] sock=2512 hEvent=00000824 events=0x21
2026-10-03 00:36:37.556 [EVENT] sock=2512 hEvent=00000824 events=0x0
2026-10-03 00:36:37.557 [EVENT] sock=2512 hEvent=00000824 events=0x21
2026-10-03 00:36:38.560 [EVENT] sock=2512 hEvent=00000824 events=0x0
2026-10-03 00:36:38.560 [EVENT] sock=2512 hEvent=00000824 events=0x21
2026-10-03 00:36:39.549 [EVENT] sock=2512 hEvent=00000824 events=0x0
2026-10-03 00:36:39.549 [EVENT] sock=2512 hEvent=00000824 events=0x21
2026-10-03 00:36:40.028 [PIPE] controller connected
2026-10-03 00:36:40.560 [EVENT] sock=2512 hEvent=00000824 events=0x0
2026-10-03 00:36:40.560 [EVENT] sock=2512 hEvent=00000824 events=0x21
2026-10-03 00:36:41.556 [EVENT] sock=2512 hEvent=00000824 events=0x0
2026-10-03 00:36:41.556 [EVENT] sock=2512 hEvent=00000824 events=0x21
2026-10-03 00:36:42.182 [EVENT] sock=2512 hEvent=00000824 events=0x0
2026-10-03 00:36:42.183 [EVENT] sock=2512 hEvent=00000824 events=0x21
2026-10-03 00:36:42.562 [EVENT] sock=2512 hEvent=00000824 events=0x0
2026-10-03 00:36:42.563 [EVENT] sock=2512 hEvent=00000824 events=0x21
2026-10-03 00:36:43.551 [EVENT] sock=2512 hEvent=00000824 events=0x0
2026-10-03 00:36:43.551 [EVENT] sock=2512 hEvent=00000824 events=0x21
2026-10-03 00:36:44.549 [EVENT] sock=2512 hEvent=00000824 events=0x0
2026-10-03 00:36:44.550 [EVENT] sock=2512 hEvent=00000824 events=0x21
2026-10-03 00:36:45.556 [EVENT] sock=2512 hEvent=00000824 events=0x0
2026-10-03 00:36:45.556 [EVENT] sock=2512 hEvent=00000824 events=0x21
2026-10-03 00:36:46.563 [EVENT] sock=2512 hEvent=00000824 events=0x0
2026-10-03 00:36:46.563 [EVENT] sock=2512 hEvent=00000824 events=0x21
2026-10-03 00:36:47.555 [EVENT] sock=2512 hEvent=00000824 events=0x0
2026-10-03 00:36:47.556 [EVENT] sock=2512 hEvent=00000824 events=0x21
2026-10-03 00:36:48.557 [EVENT] sock=2512 hEvent=00000824 events=0x0
2026-10-03 00:36:48.558 [EVENT] sock=2512 hEvent=00000824 events=0x21
2026-10-03 00:36:49.558 [EVENT] sock=2512 hEvent=00000824 events=0x0
2026-10-03 00:36:49.559 [EVENT] sock=2512 hEvent=00000824 events=0x21
2026-10-03 00:36:50.562 [EVENT] sock=2512 hEvent=00000824 events=0x0
2026-10-03 00:36:50.563 [EVENT] sock=2512 hEvent=00000824 events=0x21
2026-10-03 00:36:51.220 [EVENT] sock=2688 hEvent=00000A58 events=0x0
2026-10-03 00:36:51.220 [EVENT] sock=2688 hEvent=00000A58 events=0x21
2026-10-03 00:36:51.549 [EVENT] sock=2512 hEvent=00000824 events=0x0
2026-10-03 00:36:51.550 [EVENT] sock=2512 hEvent=00000824 events=0x21
2026-10-03 00:36:52.253 [EVENT] sock=2512 hEvent=00000824 events=0x0
2026-10-03 00:36:52.255 [EVENT] sock=2512 hEvent=00000824 events=0x21
2026-10-03 00:36:52.549 [EVENT] sock=2512 hEvent=00000824 events=0x0
2026-10-03 00:36:52.551 [EVENT] sock=2512 hEvent=00000824 events=0x21
2026-10-03 00:36:52.910 [EVENT] sock=2512 hEvent=00000824 events=0x0
2026-10-03 00:36:52.910 [OUT] 1F04 inv=FFF6 len=13 #1 f6ff041fce1f805bcd510bdcc4
2026-10-03 00:36:52.910 [EVENT] sock=2512 hEvent=00000824 events=0x21
2026-10-03 00:36:52.958 [QUESTION] {"type":"question","sock":2512,"qno":8,"field_a":75,"stem":"风速越大，风力就会怎么样？","options":["1、能烤鸡翅膀","2、形成台轰","3、越强","4、有毒"]}
2026-10-03 00:36:52.958 [SHIELD] withhold question qno=8 — popup suppressed
2026-10-03 00:36:53.552 [EVENT] sock=2512 hEvent=00000824 events=0x0
2026-10-03 00:36:53.552 [EVENT] sock=2512 hEvent=00000824 events=0x21
2026-10-03 00:36:53.959 [UI] auto dump on question qno=8
2026-10-03 00:36:53.959 [UI] ---- window dump begin (pid 14196) ----
2026-10-03 00:36:53.975 [UI] TOP=00060BBC vis=1 cls=ATL:0062F210 rc=(-9,22,1031,829) title=什么什么大冒险2(①逍遥村敬老院)-伏地魔1_Sep 24 2026《什么什么大冒险》制作委员会QQ群:515616289
2026-10-03 00:36:53.975 [UI] TOP=00610868 vis=0 cls=DIEmWin rc=(-1,-1,135,38) title=DIEmWin
2026-10-03 00:36:53.989 [UI] TOP=00390504 vis=0 cls=MSCTFIME UI rc=(0,0,0,0) title=MSCTFIME UI
2026-10-03 00:36:54.008 [UI] TOP=00230664 vis=0 cls=IME rc=(0,0,0,0) title=Default IME
2026-10-03 00:36:54.009 [UI] TOP=00040BA6 vis=0 cls=IME rc=(0,0,0,0) title=Default IME
2026-10-03 00:36:54.009 [UI] ---- window dump end ----
2026-10-03 00:36:54.552 [EVENT] sock=2512 hEvent=00000824 events=0x0
2026-10-03 00:36:54.553 [EVENT] sock=2512 hEvent=00000824 events=0x21
2026-10-03 00:36:55.564 [EVENT] sock=2512 hEvent=00000824 events=0x0
2026-10-03 00:36:55.564 [EVENT] sock=2512 hEvent=00000824 events=0x21
2026-10-03 00:36:56.558 [EVENT] sock=2512 hEvent=00000824 events=0x0
2026-10-03 00:36:56.559 [EVENT] sock=2512 hEvent=00000824 events=0x21
2026-10-03 00:36:57.558 [EVENT] sock=2512 hEvent=00000824 events=0x0
2026-10-03 00:36:57.559 [EVENT] sock=2512 hEvent=00000824 events=0x21
2026-10-03 00:36:58.546 [EVENT] sock=2512 hEvent=00000824 events=0x0
2026-10-03 00:36:58.547 [EVENT] sock=2512 hEvent=00000824 events=0x21
2026-10-03 00:36:59.546 [EVENT] sock=2512 hEvent=00000824 events=0x0
2026-10-03 00:36:59.547 [EVENT] sock=2512 hEvent=00000824 events=0x21
2026-10-03 00:37:00.549 [EVENT] sock=2512 hEvent=00000824 events=0x0
2026-10-03 00:37:00.549 [EVENT] sock=2512 hEvent=00000824 events=0x21
2026-10-03 00:37:01.551 [EVENT] sock=2512 hEvent=00000824 events=0x0
2026-10-03 00:37:01.551 [EVENT] sock=2512 hEvent=00000824 events=0x21
2026-10-03 00:37:02.320 [EVENT] sock=2512 hEvent=00000824 events=0x0
2026-10-03 00:37:02.320 [EVENT] sock=2512 hEvent=00000824 events=0x21
2026-10-03 00:37:02.386 [SEND-ANSWER] qno=8 opt=2 ret=13 sock=2512
2026-10-03 00:37:02.386 [SHIELD] consumed held question qno=8 after answer
2026-10-03 00:37:02.435 [SYS] 测试通过！
2026-10-03 00:37:02.525 [SYS] 获得了#00FF00#100#FFF692#金币
2026-10-03 00:37:02.525 [CURRENCY] a=199366 b=1054282
2026-10-03 00:37:02.551 [EVENT] sock=2512 hEvent=00000824 events=0x0
2026-10-03 00:37:02.551 [EVENT] sock=2512 hEvent=00000824 events=0x21
2026-10-03 00:37:03.555 [EVENT] sock=2512 hEvent=00000824 events=0x0
2026-10-03 00:37:03.557 [EVENT] sock=2512 hEvent=00000824 events=0x21
2026-10-03 00:37:04.286 [EVENT] sock=2688 hEvent=00000A58 events=0x0
2026-10-03 00:37:04.286 [EVENT] sock=2688 hEvent=00000A58 events=0x21
2026-10-03 00:37:04.557 [EVENT] sock=2512 hEvent=00000824 events=0x0
2026-10-03 00:37:04.558 [EVENT] sock=2512 hEvent=00000824 events=0x21
2026-10-03 00:37:05.558 [EVENT] sock=2512 hEvent=00000824 events=0x0
2026-10-03 00:37:05.558 [EVENT] sock=2512 hEvent=00000824 events=0x21
2026-10-03 00:37:06.558 [EVENT] sock=2512 hEvent=00000824 events=0x0
2026-10-03 00:37:06.558 [EVENT] sock=2512 hEvent=00000824 events=0x21
2026-10-03 00:37:07.558 [EVENT] sock=2512 hEvent=00000824 events=0x0
2026-10-03 00:37:07.559 [EVENT] sock=2512 hEvent=00000824 events=0x21
2026-10-03 00:37:08.558 [EVENT] sock=2512 hEvent=00000824 events=0x0
2026-10-03 00:37:08.558 [EVENT] sock=2512 hEvent=00000824 events=0x21
2026-10-03 00:37:09.555 [EVENT] sock=2512 hEvent=00000824 events=0x0
2026-10-03 00:37:09.556 [EVENT] sock=2512 hEvent=00000824 events=0x21
2026-10-03 00:37:10.555 [EVENT] sock=2512 hEvent=00000824 events=0x0
2026-10-03 00:37:10.556 [EVENT] sock=2512 hEvent=00000824 events=0x21
2026-10-03 00:37:11.554 [EVENT] sock=2512 hEvent=00000824 events=0x0
2026-10-03 00:37:11.554 [EVENT] sock=2512 hEvent=00000824 events=0x21
2026-10-03 00:37:11.789 [EVENT] sock=2512 hEvent=00000824 events=0x0
2026-10-03 00:37:11.789 [EVENT] sock=2512 hEvent=00000824 events=0x21
2026-10-03 00:37:12.760 [EVENT] sock=2512 hEvent=00000824 events=0x0
2026-10-03 00:37:12.760 [OUT] 1001 inv=FFF9 len=10 #1 f9ff01101f805b64510b
2026-10-03 00:37:12.762 [EVENT] sock=2512 hEvent=00000824 events=0x21
2026-10-03 00:37:15.072 [EVENT] sock=2512 hEvent=00000824 events=0x0
2026-10-03 00:37:15.072 [OUT] 1005 inv=FFEF len=20 #1 efff0510a498e62b84c75c640b0b0022a32b1f80
2026-10-03 00:37:15.074 [EVENT] sock=2512 hEvent=00000824 events=0x21
2026-10-03 00:37:21.907 [EVENT] sock=2512 hEvent=00000824 events=0x0
2026-10-03 00:37:21.907 [EVENT] sock=2512 hEvent=00000824 events=0x21
2026-10-03 00:37:22.730 [SETTLE] exp=2 gold=199366 len=393
2026-10-03 00:37:22.770 [EVENT] sock=2512 hEvent=00000824 events=0x0
2026-10-03 00:37:22.770 [EVENT] sock=2512 hEvent=00000824 events=0x21
2026-10-03 00:37:23.776 [EVENT] sock=2512 hEvent=00000824 events=0x0
2026-10-03 00:37:23.776 [EVENT] sock=2512 hEvent=00000824 events=0x21
2026-10-03 00:37:24.773 [EVENT] sock=2512 hEvent=00000824 events=0x0
2026-10-03 00:37:24.774 [EVENT] sock=2512 hEvent=00000824 events=0x21
2026-10-03 00:37:25.782 [EVENT] sock=2512 hEvent=00000824 events=0x0
2026-10-03 00:37:25.785 [EVENT] sock=2512 hEvent=00000824 events=0x21
2026-10-03 00:37:26.783 [EVENT] sock=2512 hEvent=00000824 events=0x0
2026-10-03 00:37:26.783 [EVENT] sock=2512 hEvent=00000824 events=0x21
2026-10-03 00:37:27.782 [EVENT] sock=2512 hEvent=00000824 events=0x0
2026-10-03 00:37:27.782 [EVENT] sock=2512 hEvent=00000824 events=0x21
2026-10-03 00:37:28.774 [EVENT] sock=2512 hEvent=00000824 events=0x0
2026-10-03 00:37:28.775 [EVENT] sock=2512 hEvent=00000824 events=0x21
2026-10-03 00:37:29.771 [EVENT] sock=2512 hEvent=00000824 events=0x0
2026-10-03 00:37:29.773 [EVENT] sock=2512 hEvent=00000824 events=0x21
2026-10-03 00:37:30.770 [EVENT] sock=2512 hEvent=00000824 events=0x0
2026-10-03 00:37:30.771 [EVENT] sock=2512 hEvent=00000824 events=0x21
2026-10-03 00:37:31.079 [EVENT] sock=2512 hEvent=00000824 events=0x0
2026-10-03 00:37:31.080 [EVENT] sock=2512 hEvent=00000824 events=0x21
2026-10-03 00:37:32.038 [EVENT] sock=2512 hEvent=00000824 events=0x0
2026-10-03 00:37:32.038 [OUT] 1001 inv=FFF9 len=10 #2 f9ff01101f805b64510b
2026-10-03 00:37:32.038 [EVENT] sock=2512 hEvent=00000824 events=0x21
2026-10-03 00:37:34.228 [EVENT] sock=2512 hEvent=00000824 events=0x0
2026-10-03 00:37:34.228 [OUT] 1005 inv=FFEF len=20 #2 efff0510a498e62b84795c640b0b0022a32b1f80
2026-10-03 00:37:34.228 [EVENT] sock=2512 hEvent=00000824 events=0x21
2026-10-03 00:37:34.286 [EVENT] sock=2688 hEvent=00000A58 events=0x0
2026-10-03 00:37:34.286 [EVENT] sock=2688 hEvent=00000A58 events=0x21
2026-10-03 00:37:41.135 [EVENT] sock=2512 hEvent=00000824 events=0x0
2026-10-03 00:37:41.136 [EVENT] sock=2512 hEvent=00000824 events=0x21
2026-10-03 00:37:49.997 [SETTLE] exp=2 gold=199366 len=393
2026-10-03 00:37:50.037 [EVENT] sock=2512 hEvent=00000824 events=0x0
2026-10-03 00:37:50.037 [EVENT] sock=2512 hEvent=00000824 events=0x21
2026-10-03 00:37:51.041 [EVENT] sock=2512 hEvent=00000824 events=0x0
2026-10-03 00:37:51.042 [EVENT] sock=2512 hEvent=00000824 events=0x21
2026-10-03 00:37:52.027 [EVENT] sock=2512 hEvent=00000824 events=0x0
2026-10-03 00:37:52.027 [OUT] 004E inv=FFFA len=9 #1 faff4e00e9580bdcae
2026-10-03 00:37:52.027 [EVENT] sock=2512 hEvent=00000824 events=0x21
2026-10-03 00:37:52.042 [EVENT] sock=2512 hEvent=00000824 events=0x0
2026-10-03 00:37:52.042 [EVENT] sock=2512 hEvent=00000824 events=0x21
2026-10-03 00:37:52.168 [OP] 4029 inv=FFDF len=32 #3 63cdfc0b46caa32b1f805b64d675dcfaa32b1f80137f510b8fc4e42b4a804064
2026-10-03 00:37:53.042 [EVENT] sock=2512 hEvent=00000824 events=0x0
2026-10-03 00:37:53.043 [EVENT] sock=2512 hEvent=00000824 events=0x21
2026-10-03 00:37:54.052 [EVENT] sock=2512 hEvent=00000824 events=0x0
2026-10-03 00:37:54.052 [EVENT] sock=2512 hEvent=00000824 events=0x21
2026-10-03 00:37:55.039 [EVENT] sock=2512 hEvent=00000824 events=0x0
2026-10-03 00:37:55.039 [EVENT] sock=2512 hEvent=00000824 events=0x21
2026-10-03 00:37:56.055 [EVENT] sock=2512 hEvent=00000824 events=0x0
2026-10-03 00:37:56.055 [EVENT] sock=2512 hEvent=00000824 events=0x21
2026-10-03 00:37:57.054 [EVENT] sock=2512 hEvent=00000824 events=0x0
2026-10-03 00:37:57.055 [EVENT] sock=2512 hEvent=00000824 events=0x21
2026-10-03 00:37:57.279 [EVENT] sock=2512 hEvent=00000824 events=0x0
2026-10-03 00:37:57.280 [EVENT] sock=2512 hEvent=00000824 events=0x21
2026-10-03 00:37:58.265 [EVENT] sock=2512 hEvent=00000824 events=0x0
2026-10-03 00:37:58.265 [OUT] 1001 inv=FFF9 len=10 #3 f9ff01101f805b64510b
2026-10-03 00:37:58.265 [EVENT] sock=2512 hEvent=00000824 events=0x21
2026-10-03 00:38:00.404 [EVENT] sock=2512 hEvent=00000824 events=0x0
2026-10-03 00:38:00.404 [OUT] 1005 inv=FFEF len=20 #3 efff0510a498e62b84c75c640b0b0022a32b1f80
2026-10-03 00:38:00.404 [EVENT] sock=2512 hEvent=00000824 events=0x21
2026-10-03 00:38:04.287 [EVENT] sock=2688 hEvent=00000A58 events=0x0
2026-10-03 00:38:04.287 [EVENT] sock=2688 hEvent=00000A58 events=0x21
2026-10-03 00:38:07.388 [EVENT] sock=2512 hEvent=00000824 events=0x0
2026-10-03 00:38:07.388 [EVENT] sock=2512 hEvent=00000824 events=0x21
2026-10-03 00:38:12.671 [SETTLE] exp=1 gold=199366 len=403
2026-10-03 00:38:12.702 [EVENT] sock=2512 hEvent=00000824 events=0x0
2026-10-03 00:38:12.703 [EVENT] sock=2512 hEvent=00000824 events=0x21
2026-10-03 00:38:12.707 [EVENT] sock=2512 hEvent=00000824 events=0x0
2026-10-03 00:38:12.707 [OUT] 0048 inv=FFF7 len=12 #1 f7ff4800dcfaa32b1fa49564
2026-10-03 00:38:12.707 [EVENT] sock=2512 hEvent=00000824 events=0x21
2026-10-03 00:38:12.886 [OP] 4721 inv=FFF7 len=8 #5 efc2392b1fa49564
2026-10-03 00:38:13.707 [EVENT] sock=2512 hEvent=00000824 events=0x0
2026-10-03 00:38:13.707 [EVENT] sock=2512 hEvent=00000824 events=0x21
2026-10-03 00:38:14.692 [EVENT] sock=2512 hEvent=00000824 events=0x0
2026-10-03 00:38:14.692 [OUT] 004E inv=FFFA len=9 #2 faff4e00e9580bdce8
2026-10-03 00:38:14.692 [EVENT] sock=2512 hEvent=00000824 events=0x21
2026-10-03 00:38:14.706 [EVENT] sock=2512 hEvent=00000824 events=0x0
2026-10-03 00:38:14.706 [EVENT] sock=2512 hEvent=00000824 events=0x21
2026-10-03 00:38:15.065 [OP] 4029 inv=FFDF len=32 #4 63cdfc0b606ea32b1f805b64cf7fdcfaa32b1f809464580b90c4902ba5809564
2026-10-03 00:38:15.707 [EVENT] sock=2512 hEvent=00000824 events=0x0
2026-10-03 00:38:15.707 [EVENT] sock=2512 hEvent=00000824 events=0x21
2026-10-03 00:38:16.707 [EVENT] sock=2512 hEvent=00000824 events=0x0
2026-10-03 00:38:16.707 [EVENT] sock=2512 hEvent=00000824 events=0x21
2026-10-03 00:38:16.936 [EVENT] sock=2512 hEvent=00000824 events=0x0
2026-10-03 00:38:16.936 [EVENT] sock=2512 hEvent=00000824 events=0x21
2026-10-03 00:38:17.925 [EVENT] sock=2512 hEvent=00000824 events=0x0
2026-10-03 00:38:17.925 [OUT] 1001 inv=FFF9 len=10 #4 f9ff01101f805b64510b
2026-10-03 00:38:17.925 [EVENT] sock=2512 hEvent=00000824 events=0x21
2026-10-03 00:38:20.153 [EVENT] sock=2512 hEvent=00000824 events=0x0
2026-10-03 00:38:20.153 [OUT] 1005 inv=FFEF len=20 #4 efff0510a498e62b84795c640b0b0022a32b1f80
2026-10-03 00:38:20.153 [EVENT] sock=2512 hEvent=00000824 events=0x21
2026-10-03 00:38:27.006 [EVENT] sock=2512 hEvent=00000824 events=0x0
2026-10-03 00:38:27.006 [EVENT] sock=2512 hEvent=00000824 events=0x21
2026-10-03 00:38:32.347 [SETTLE] exp=2 gold=199366 len=393
2026-10-03 00:38:32.385 [EVENT] sock=2512 hEvent=00000824 events=0x0
2026-10-03 00:38:32.386 [EVENT] sock=2512 hEvent=00000824 events=0x21
2026-10-03 00:38:33.391 [EVENT] sock=2512 hEvent=00000824 events=0x0
2026-10-03 00:38:33.391 [EVENT] sock=2512 hEvent=00000824 events=0x21
2026-10-03 00:38:34.287 [EVENT] sock=2688 hEvent=00000A58 events=0x0
2026-10-03 00:38:34.287 [EVENT] sock=2688 hEvent=00000A58 events=0x21
2026-10-03 00:38:34.389 [EVENT] sock=2512 hEvent=00000824 events=0x0
2026-10-03 00:38:34.390 [EVENT] sock=2512 hEvent=00000824 events=0x21
2026-10-03 00:38:35.392 [EVENT] sock=2512 hEvent=00000824 events=0x0
2026-10-03 00:38:35.393 [EVENT] sock=2512 hEvent=00000824 events=0x21
2026-10-03 00:38:36.390 [EVENT] sock=2512 hEvent=00000824 events=0x0
2026-10-03 00:38:36.390 [EVENT] sock=2512 hEvent=00000824 events=0x21
2026-10-03 00:38:37.387 [EVENT] sock=2512 hEvent=00000824 events=0x0
2026-10-03 00:38:37.387 [EVENT] sock=2512 hEvent=00000824 events=0x21
2026-10-03 00:38:38.393 [EVENT] sock=2512 hEvent=00000824 events=0x0
2026-10-03 00:38:38.393 [EVENT] sock=2512 hEvent=00000824 events=0x21
2026-10-03 00:38:39.401 [EVENT] sock=2512 hEvent=00000824 events=0x0
2026-10-03 00:38:39.401 [EVENT] sock=2512 hEvent=00000824 events=0x21
2026-10-03 00:38:40.397 [EVENT] sock=2512 hEvent=00000824 events=0x0
2026-10-03 00:38:40.397 [EVENT] sock=2512 hEvent=00000824 events=0x21
2026-10-03 00:38:40.667 [EVENT] sock=2512 hEvent=00000824 events=0x0
2026-10-03 00:38:40.667 [EVENT] sock=2512 hEvent=00000824 events=0x21
2026-10-03 00:38:41.625 [EVENT] sock=2512 hEvent=00000824 events=0x0
2026-10-03 00:38:41.625 [OUT] 1001 inv=FFF9 len=10 #5 f9ff01101f805b64510b
2026-10-03 00:38:41.625 [EVENT] sock=2512 hEvent=00000824 events=0x21
2026-10-03 00:38:43.828 [EVENT] sock=2512 hEvent=00000824 events=0x0
2026-10-03 00:38:43.828 [OUT] 1005 inv=FFEF len=20 #5 efff0510a498e62b84795c640b0b0022a32b1f80
2026-10-03 00:38:43.828 [EVENT] sock=2512 hEvent=00000824 events=0x21
2026-10-03 00:38:50.737 [EVENT] sock=2512 hEvent=00000824 events=0x0
2026-10-03 00:38:50.738 [EVENT] sock=2512 hEvent=00000824 events=0x21
2026-10-03 00:38:54.739 [SETTLE] exp=2 gold=199366 len=403
2026-10-03 00:38:54.788 [EVENT] sock=2512 hEvent=00000824 events=0x0
2026-10-03 00:38:54.788 [EVENT] sock=2512 hEvent=00000824 events=0x21
2026-10-03 00:38:54.841 [EVENT] sock=2512 hEvent=00000824 events=0x0
2026-10-03 00:38:54.842 [OUT] 0048 inv=FFF7 len=12 #2 f7ff4800dcfaa32b1fa49564
2026-10-03 00:38:54.842 [EVENT] sock=2512 hEvent=00000824 events=0x21
2026-10-03 00:38:55.797 [EVENT] sock=2512 hEvent=00000824 events=0x0
2026-10-03 00:38:55.798 [EVENT] sock=2512 hEvent=00000824 events=0x21
2026-10-03 00:38:56.800 [EVENT] sock=2512 hEvent=00000824 events=0x0
2026-10-03 00:38:56.801 [EVENT] sock=2512 hEvent=00000824 events=0x21
2026-10-03 00:38:57.801 [EVENT] sock=2512 hEvent=00000824 events=0x0
2026-10-03 00:38:57.802 [EVENT] sock=2512 hEvent=00000824 events=0x21
2026-10-03 00:38:58.805 [EVENT] sock=2512 hEvent=00000824 events=0x0
2026-10-03 00:38:58.805 [EVENT] sock=2512 hEvent=00000824 events=0x21
2026-10-03 00:38:59.804 [EVENT] sock=2512 hEvent=00000824 events=0x0
2026-10-03 00:38:59.805 [EVENT] sock=2512 hEvent=00000824 events=0x21
2026-10-03 00:39:00.797 [EVENT] sock=2512 hEvent=00000824 events=0x0
2026-10-03 00:39:00.798 [EVENT] sock=2512 hEvent=00000824 events=0x21
2026-10-03 00:39:01.792 [EVENT] sock=2512 hEvent=00000824 events=0x0
2026-10-03 00:39:01.793 [EVENT] sock=2512 hEvent=00000824 events=0x21
2026-10-03 00:39:02.009 [EVENT] sock=2512 hEvent=00000824 events=0x0
2026-10-03 00:39:02.010 [EVENT] sock=2512 hEvent=00000824 events=0x21
2026-10-03 00:39:03.014 [EVENT] sock=2512 hEvent=00000824 events=0x0
2026-10-03 00:39:03.014 [EVENT] sock=2512 hEvent=00000824 events=0x21
2026-10-03 00:39:04.288 [EVENT] sock=2688 hEvent=00000A58 events=0x0
2026-10-03 00:39:04.288 [EVENT] sock=2688 hEvent=00000A58 events=0x21
2026-10-03 00:39:05.191 [EVENT] sock=2512 hEvent=00000824 events=0x0
2026-10-03 00:39:05.191 [EVENT] sock=2512 hEvent=00000824 events=0x21
2026-10-03 00:39:12.094 [EVENT] sock=2512 hEvent=00000824 events=0x0
2026-10-03 00:39:12.094 [EVENT] sock=2512 hEvent=00000824 events=0x21
2026-10-03 00:39:18.565 [SETTLE] exp=2 gold=199366 len=393
2026-10-03 00:39:18.593 [EVENT] sock=2512 hEvent=00000824 events=0x0
2026-10-03 00:39:18.594 [EVENT] sock=2512 hEvent=00000824 events=0x21
2026-10-03 00:39:19.603 [EVENT] sock=2512 hEvent=00000824 events=0x0
2026-10-03 00:39:19.604 [EVENT] sock=2512 hEvent=00000824 events=0x21
2026-10-03 00:39:20.610 [EVENT] sock=2512 hEvent=00000824 events=0x0
2026-10-03 00:39:20.611 [EVENT] sock=2512 hEvent=00000824 events=0x21
2026-10-03 00:39:21.605 [EVENT] sock=2512 hEvent=00000824 events=0x0
2026-10-03 00:39:21.605 [EVENT] sock=2512 hEvent=00000824 events=0x21
2026-10-03 00:39:22.605 [EVENT] sock=2512 hEvent=00000824 events=0x0
2026-10-03 00:39:22.605 [EVENT] sock=2512 hEvent=00000824 events=0x21
2026-10-03 00:39:22.847 [EVENT] sock=2512 hEvent=00000824 events=0x0
2026-10-03 00:39:22.848 [EVENT] sock=2512 hEvent=00000824 events=0x21
2026-10-03 00:39:23.788 [EVENT] sock=2512 hEvent=00000824 events=0x0
2026-10-03 00:39:23.789 [EVENT] sock=2512 hEvent=00000824 events=0x21
2026-10-03 00:39:25.963 [EVENT] sock=2512 hEvent=00000824 events=0x0
2026-10-03 00:39:25.963 [EVENT] sock=2512 hEvent=00000824 events=0x21
2026-10-03 00:39:33.000 [EVENT] sock=2512 hEvent=00000824 events=0x0
2026-10-03 00:39:33.000 [EVENT] sock=2512 hEvent=00000824 events=0x21
2026-10-03 00:39:34.288 [EVENT] sock=2688 hEvent=00000A58 events=0x0
2026-10-03 00:39:34.288 [EVENT] sock=2688 hEvent=00000A58 events=0x21
2026-10-03 00:39:42.288 [SETTLE] exp=2 gold=199366 len=403
2026-10-03 00:39:42.329 [EVENT] sock=2512 hEvent=00000824 events=0x0
2026-10-03 00:39:42.329 [EVENT] sock=2512 hEvent=00000824 events=0x21
2026-10-03 00:39:43.023 [EVENT] sock=2512 hEvent=00000824 events=0x0
2026-10-03 00:39:43.023 [OUT] 0048 inv=FFF7 len=12 #3 f7ff4800dcfaa32b1fa49564
2026-10-03 00:39:43.023 [EVENT] sock=2512 hEvent=00000824 events=0x21
2026-10-03 00:39:43.343 [EVENT] sock=2512 hEvent=00000824 events=0x0
2026-10-03 00:39:43.344 [EVENT] sock=2512 hEvent=00000824 events=0x21
2026-10-03 00:39:44.318 [EVENT] sock=2512 hEvent=00000824 events=0x0
2026-10-03 00:39:44.318 [OUT] 004E inv=FFFA len=9 #3 faff4e00e9580bdce8
2026-10-03 00:39:44.319 [EVENT] sock=2512 hEvent=00000824 events=0x21
2026-10-03 00:39:44.319 [EVENT] sock=2512 hEvent=00000824 events=0x0
2026-10-03 00:39:44.319 [OUT] 004E inv=FFFA len=9 #4 faff4e00e9580bdc22
2026-10-03 00:39:44.319 [EVENT] sock=2512 hEvent=00000824 events=0x21
2026-10-03 00:39:44.330 [EVENT] sock=2512 hEvent=00000824 events=0x0
2026-10-03 00:39:44.331 [EVENT] sock=2512 hEvent=00000824 events=0x21
2026-10-03 00:39:44.390 [OP] 4029 inv=FFDF len=32 #5 63cdfc0b606ea32b1f805b64cf7fdcfaa32b1f80af7f510b90c4902b34809564
2026-10-03 00:39:45.331 [EVENT] sock=2512 hEvent=00000824 events=0x0
2026-10-03 00:39:45.331 [EVENT] sock=2512 hEvent=00000824 events=0x21
2026-10-03 00:39:46.333 [EVENT] sock=2512 hEvent=00000824 events=0x0
2026-10-03 00:39:46.334 [EVENT] sock=2512 hEvent=00000824 events=0x21
2026-10-03 00:39:47.336 [EVENT] sock=2512 hEvent=00000824 events=0x0
2026-10-03 00:39:47.339 [EVENT] sock=2512 hEvent=00000824 events=0x21
2026-10-03 00:39:48.342 [EVENT] sock=2512 hEvent=00000824 events=0x0
2026-10-03 00:39:48.342 [EVENT] sock=2512 hEvent=00000824 events=0x21
2026-10-03 00:39:49.337 [EVENT] sock=2512 hEvent=00000824 events=0x0
2026-10-03 00:39:49.337 [EVENT] sock=2512 hEvent=00000824 events=0x21
2026-10-03 00:39:50.333 [EVENT] sock=2512 hEvent=00000824 events=0x0
2026-10-03 00:39:50.333 [EVENT] sock=2512 hEvent=00000824 events=0x21
2026-10-03 00:39:50.596 [EVENT] sock=2512 hEvent=00000824 events=0x0
2026-10-03 00:39:50.596 [EVENT] sock=2512 hEvent=00000824 events=0x21
2026-10-03 00:39:51.571 [EVENT] sock=2512 hEvent=00000824 events=0x0
2026-10-03 00:39:51.571 [EVENT] sock=2512 hEvent=00000824 events=0x21
2026-10-03 00:39:53.829 [EVENT] sock=2512 hEvent=00000824 events=0x0
2026-10-03 00:39:53.829 [EVENT] sock=2512 hEvent=00000824 events=0x21
2026-10-03 00:40:00.670 [EVENT] sock=2512 hEvent=00000824 events=0x0
2026-10-03 00:40:00.671 [EVENT] sock=2512 hEvent=00000824 events=0x21
2026-10-03 00:40:04.184 [SETTLE] exp=1 gold=199366 len=393
2026-10-03 00:40:04.224 [EVENT] sock=2512 hEvent=00000824 events=0x0
2026-10-03 00:40:04.224 [EVENT] sock=2512 hEvent=00000824 events=0x21
2026-10-03 00:40:04.289 [EVENT] sock=2688 hEvent=00000A58 events=0x0
2026-10-03 00:40:04.289 [EVENT] sock=2688 hEvent=00000A58 events=0x21
2026-10-03 00:40:05.234 [EVENT] sock=2512 hEvent=00000824 events=0x0
2026-10-03 00:40:05.235 [EVENT] sock=2512 hEvent=00000824 events=0x21
2026-10-03 00:40:06.233 [EVENT] sock=2512 hEvent=00000824 events=0x0
2026-10-03 00:40:06.235 [EVENT] sock=2512 hEvent=00000824 events=0x21
2026-10-03 00:40:07.230 [EVENT] sock=2512 hEvent=00000824 events=0x0
2026-10-03 00:40:07.230 [EVENT] sock=2512 hEvent=00000824 events=0x21
2026-10-03 00:40:08.232 [EVENT] sock=2512 hEvent=00000824 events=0x0
2026-10-03 00:40:08.233 [EVENT] sock=2512 hEvent=00000824 events=0x21
2026-10-03 00:40:09.236 [EVENT] sock=2512 hEvent=00000824 events=0x0
2026-10-03 00:40:09.236 [EVENT] sock=2512 hEvent=00000824 events=0x21
2026-10-03 00:40:10.235 [EVENT] sock=2512 hEvent=00000824 events=0x0
2026-10-03 00:40:10.237 [EVENT] sock=2512 hEvent=00000824 events=0x21
2026-10-03 00:40:11.237 [EVENT] sock=2512 hEvent=00000824 events=0x0
2026-10-03 00:40:11.238 [EVENT] sock=2512 hEvent=00000824 events=0x21
2026-10-03 00:40:12.235 [EVENT] sock=2512 hEvent=00000824 events=0x0
2026-10-03 00:40:12.235 [EVENT] sock=2512 hEvent=00000824 events=0x21
2026-10-03 00:40:12.477 [EVENT] sock=2512 hEvent=00000824 events=0x0
2026-10-03 00:40:12.478 [EVENT] sock=2512 hEvent=00000824 events=0x21
2026-10-03 00:40:13.434 [EVENT] sock=2512 hEvent=00000824 events=0x0
2026-10-03 00:40:13.435 [EVENT] sock=2512 hEvent=00000824 events=0x21
2026-10-03 00:40:15.711 [EVENT] sock=2512 hEvent=00000824 events=0x0
2026-10-03 00:40:15.711 [EVENT] sock=2512 hEvent=00000824 events=0x21
2026-10-03 00:40:22.537 [EVENT] sock=2512 hEvent=00000824 events=0x0
2026-10-03 00:40:22.537 [EVENT] sock=2512 hEvent=00000824 events=0x21
2026-10-03 00:40:26.104 [SETTLE] exp=2 gold=199366 len=393
2026-10-03 00:40:26.147 [EVENT] sock=2512 hEvent=00000824 events=0x0
2026-10-03 00:40:26.147 [EVENT] sock=2512 hEvent=00000824 events=0x21
2026-10-03 00:40:27.149 [EVENT] sock=2512 hEvent=00000824 events=0x0
2026-10-03 00:40:27.150 [EVENT] sock=2512 hEvent=00000824 events=0x21
2026-10-03 00:40:28.153 [EVENT] sock=2512 hEvent=00000824 events=0x0
2026-10-03 00:40:28.154 [EVENT] sock=2512 hEvent=00000824 events=0x21
2026-10-03 00:40:29.155 [EVENT] sock=2512 hEvent=00000824 events=0x0
2026-10-03 00:40:29.156 [EVENT] sock=2512 hEvent=00000824 events=0x21
2026-10-03 00:40:30.157 [EVENT] sock=2512 hEvent=00000824 events=0x0
2026-10-03 00:40:30.158 [EVENT] sock=2512 hEvent=00000824 events=0x21
2026-10-03 00:40:31.157 [EVENT] sock=2512 hEvent=00000824 events=0x0
2026-10-03 00:40:31.157 [EVENT] sock=2512 hEvent=00000824 events=0x21
2026-10-03 00:40:32.164 [EVENT] sock=2512 hEvent=00000824 events=0x0
2026-10-03 00:40:32.164 [EVENT] sock=2512 hEvent=00000824 events=0x21
2026-10-03 00:40:33.154 [EVENT] sock=2512 hEvent=00000824 events=0x0
2026-10-03 00:40:33.155 [EVENT] sock=2512 hEvent=00000824 events=0x21
2026-10-03 00:40:34.152 [EVENT] sock=2512 hEvent=00000824 events=0x0
2026-10-03 00:40:34.152 [EVENT] sock=2512 hEvent=00000824 events=0x21
2026-10-03 00:40:34.290 [EVENT] sock=2688 hEvent=00000A58 events=0x0
2026-10-03 00:40:34.290 [EVENT] sock=2688 hEvent=00000A58 events=0x21
2026-10-03 00:40:34.407 [EVENT] sock=2512 hEvent=00000824 events=0x0
2026-10-03 00:40:34.407 [EVENT] sock=2512 hEvent=00000824 events=0x21
2026-10-03 00:40:35.380 [EVENT] sock=2512 hEvent=00000824 events=0x0
2026-10-03 00:40:35.380 [EVENT] sock=2512 hEvent=00000824 events=0x21
2026-10-03 00:40:37.572 [EVENT] sock=2512 hEvent=00000824 events=0x0
2026-10-03 00:40:37.573 [EVENT] sock=2512 hEvent=00000824 events=0x21
2026-10-03 00:40:44.468 [EVENT] sock=2512 hEvent=00000824 events=0x0
2026-10-03 00:40:44.470 [EVENT] sock=2512 hEvent=00000824 events=0x21
2026-10-03 00:40:52.010 [SETTLE] exp=1 gold=199366 len=393
2026-10-03 00:40:52.044 [EVENT] sock=2512 hEvent=00000824 events=0x0
2026-10-03 00:40:52.044 [EVENT] sock=2512 hEvent=00000824 events=0x21
2026-10-03 00:40:53.053 [EVENT] sock=2512 hEvent=00000824 events=0x0
2026-10-03 00:40:53.054 [EVENT] sock=2512 hEvent=00000824 events=0x21
2026-10-03 00:40:54.056 [EVENT] sock=2512 hEvent=00000824 events=0x0
2026-10-03 00:40:54.056 [EVENT] sock=2512 hEvent=00000824 events=0x21
2026-10-03 00:40:55.044 [EVENT] sock=2512 hEvent=00000824 events=0x0
2026-10-03 00:40:55.044 [EVENT] sock=2512 hEvent=00000824 events=0x21
2026-10-03 00:40:56.050 [EVENT] sock=2512 hEvent=00000824 events=0x0
2026-10-03 00:40:56.050 [EVENT] sock=2512 hEvent=00000824 events=0x21
2026-10-03 00:40:57.049 [EVENT] sock=2512 hEvent=00000824 events=0x0
2026-10-03 00:40:57.050 [EVENT] sock=2512 hEvent=00000824 events=0x21
2026-10-03 00:40:58.050 [EVENT] sock=2512 hEvent=00000824 events=0x0
2026-10-03 00:40:58.050 [EVENT] sock=2512 hEvent=00000824 events=0x21
2026-10-03 00:40:59.049 [EVENT] sock=2512 hEvent=00000824 events=0x0
2026-10-03 00:40:59.050 [EVENT] sock=2512 hEvent=00000824 events=0x21
2026-10-03 00:41:00.048 [EVENT] sock=2512 hEvent=00000824 events=0x0
2026-10-03 00:41:00.048 [EVENT] sock=2512 hEvent=00000824 events=0x21
2026-10-03 00:41:00.259 [EVENT] sock=2512 hEvent=00000824 events=0x0
2026-10-03 00:41:00.259 [EVENT] sock=2512 hEvent=00000824 events=0x21
2026-10-03 00:41:01.251 [EVENT] sock=2512 hEvent=00000824 events=0x0
2026-10-03 00:41:01.251 [EVENT] sock=2512 hEvent=00000824 events=0x21
2026-10-03 00:41:03.453 [EVENT] sock=2512 hEvent=00000824 events=0x0
2026-10-03 00:41:03.453 [EVENT] sock=2512 hEvent=00000824 events=0x21
2026-10-03 00:41:04.290 [EVENT] sock=2688 hEvent=00000A58 events=0x0
2026-10-03 00:41:04.292 [EVENT] sock=2688 hEvent=00000A58 events=0x21
2026-10-03 00:41:10.329 [EVENT] sock=2512 hEvent=00000824 events=0x0
2026-10-03 00:41:10.330 [EVENT] sock=2512 hEvent=00000824 events=0x21
2026-10-03 00:41:18.231 [SETTLE] exp=1 gold=199366 len=393
2026-10-03 00:41:18.278 [EVENT] sock=2512 hEvent=00000824 events=0x0
2026-10-03 00:41:18.278 [EVENT] sock=2512 hEvent=00000824 events=0x21
2026-10-03 00:41:19.292 [EVENT] sock=2512 hEvent=00000824 events=0x0
2026-10-03 00:41:19.293 [EVENT] sock=2512 hEvent=00000824 events=0x21
2026-10-03 00:41:20.282 [EVENT] sock=2512 hEvent=00000824 events=0x0
2026-10-03 00:41:20.282 [EVENT] sock=2512 hEvent=00000824 events=0x21
2026-10-03 00:41:21.282 [EVENT] sock=2512 hEvent=00000824 events=0x0
2026-10-03 00:41:21.283 [EVENT] sock=2512 hEvent=00000824 events=0x21
2026-10-03 00:41:22.284 [EVENT] sock=2512 hEvent=00000824 events=0x0
2026-10-03 00:41:22.285 [EVENT] sock=2512 hEvent=00000824 events=0x21
2026-10-03 00:41:22.497 [EVENT] sock=2512 hEvent=00000824 events=0x0
2026-10-03 00:41:22.497 [EVENT] sock=2512 hEvent=00000824 events=0x21
2026-10-03 00:41:23.484 [EVENT] sock=2512 hEvent=00000824 events=0x0
2026-10-03 00:41:23.484 [EVENT] sock=2512 hEvent=00000824 events=0x21
2026-10-03 00:41:25.663 [EVENT] sock=2512 hEvent=00000824 events=0x0
2026-10-03 00:41:25.663 [EVENT] sock=2512 hEvent=00000824 events=0x21
2026-10-03 00:41:32.577 [EVENT] sock=2512 hEvent=00000824 events=0x0
2026-10-03 00:41:32.578 [EVENT] sock=2512 hEvent=00000824 events=0x21
2026-10-03 00:41:34.293 [EVENT] sock=2688 hEvent=00000A58 events=0x0
2026-10-03 00:41:34.293 [EVENT] sock=2688 hEvent=00000A58 events=0x21
2026-10-03 00:41:38.592 [SETTLE] exp=2 gold=199366 len=403
2026-10-03 00:41:38.625 [EVENT] sock=2512 hEvent=00000824 events=0x0
2026-10-03 00:41:38.625 [EVENT] sock=2512 hEvent=00000824 events=0x21
2026-10-03 00:41:39.552 [EVENT] sock=2512 hEvent=00000824 events=0x0
2026-10-03 00:41:39.552 [OUT] 0048 inv=FFF7 len=12 #4 f7ff4800dcfaa32b1fa49564
2026-10-03 00:41:39.552 [EVENT] sock=2512 hEvent=00000824 events=0x21
2026-10-03 00:41:39.632 [EVENT] sock=2512 hEvent=00000824 events=0x0
2026-10-03 00:41:39.634 [EVENT] sock=2512 hEvent=00000824 events=0x21
2026-10-03 00:41:40.630 [EVENT] sock=2512 hEvent=00000824 events=0x0
2026-10-03 00:41:40.631 [EVENT] sock=2512 hEvent=00000824 events=0x21
2026-10-03 00:41:41.630 [EVENT] sock=2512 hEvent=00000824 events=0x0
2026-10-03 00:41:41.631 [EVENT] sock=2512 hEvent=00000824 events=0x21
2026-10-03 00:41:42.634 [EVENT] sock=2512 hEvent=00000824 events=0x0
2026-10-03 00:41:42.636 [EVENT] sock=2512 hEvent=00000824 events=0x21
2026-10-03 00:41:43.636 [EVENT] sock=2512 hEvent=00000824 events=0x0
2026-10-03 00:41:43.636 [EVENT] sock=2512 hEvent=00000824 events=0x21
2026-10-03 00:41:44.629 [EVENT] sock=2512 hEvent=00000824 events=0x0
2026-10-03 00:41:44.630 [EVENT] sock=2512 hEvent=00000824 events=0x21
2026-10-03 00:41:45.639 [EVENT] sock=2512 hEvent=00000824 events=0x0
2026-10-03 00:41:45.640 [EVENT] sock=2512 hEvent=00000824 events=0x21
2026-10-03 00:41:45.886 [EVENT] sock=2512 hEvent=00000824 events=0x0
2026-10-03 00:41:45.887 [EVENT] sock=2512 hEvent=00000824 events=0x21
2026-10-03 00:41:46.855 [EVENT] sock=2512 hEvent=00000824 events=0x0
2026-10-03 00:41:46.856 [EVENT] sock=2512 hEvent=00000824 events=0x21
2026-10-03 00:41:49.077 [EVENT] sock=2512 hEvent=00000824 events=0x0
2026-10-03 00:41:49.077 [EVENT] sock=2512 hEvent=00000824 events=0x21
2026-10-03 00:41:55.944 [EVENT] sock=2512 hEvent=00000824 events=0x0
2026-10-03 00:41:55.944 [EVENT] sock=2512 hEvent=00000824 events=0x21
2026-10-03 00:41:58.231 [SETTLE] exp=2 gold=199366 len=403
2026-10-03 00:41:58.257 [EVENT] sock=2512 hEvent=00000824 events=0x0
2026-10-03 00:41:58.257 [EVENT] sock=2512 hEvent=00000824 events=0x21
2026-10-03 00:41:59.261 [EVENT] sock=2512 hEvent=00000824 events=0x0
2026-10-03 00:41:59.262 [EVENT] sock=2512 hEvent=00000824 events=0x21
2026-10-03 00:41:59.617 [EVENT] sock=2512 hEvent=00000824 events=0x0
2026-10-03 00:41:59.618 [OUT] 0048 inv=FFF7 len=12 #5 f7ff4800dcfaa32b1fa49564
2026-10-03 00:41:59.618 [EVENT] sock=2512 hEvent=00000824 events=0x21
2026-10-03 00:42:00.257 [EVENT] sock=2512 hEvent=00000824 events=0x0
2026-10-03 00:42:00.258 [EVENT] sock=2512 hEvent=00000824 events=0x21
2026-10-03 00:42:01.260 [EVENT] sock=2512 hEvent=00000824 events=0x0
2026-10-03 00:42:01.261 [EVENT] sock=2512 hEvent=00000824 events=0x21
2026-10-03 00:42:02.265 [EVENT] sock=2512 hEvent=00000824 events=0x0
2026-10-03 00:42:02.266 [EVENT] sock=2512 hEvent=00000824 events=0x21
2026-10-03 00:42:03.265 [EVENT] sock=2512 hEvent=00000824 events=0x0
2026-10-03 00:42:03.266 [EVENT] sock=2512 hEvent=00000824 events=0x21
2026-10-03 00:42:04.271 [EVENT] sock=2512 hEvent=00000824 events=0x0
2026-10-03 00:42:04.271 [EVENT] sock=2512 hEvent=00000824 events=0x21
2026-10-03 00:42:04.294 [EVENT] sock=2688 hEvent=00000A58 events=0x0
2026-10-03 00:42:04.294 [EVENT] sock=2688 hEvent=00000A58 events=0x21
2026-10-03 00:42:05.266 [EVENT] sock=2512 hEvent=00000824 events=0x0
2026-10-03 00:42:05.266 [EVENT] sock=2512 hEvent=00000824 events=0x21
2026-10-03 00:42:05.534 [EVENT] sock=2512 hEvent=00000824 events=0x0
2026-10-03 00:42:05.535 [EVENT] sock=2512 hEvent=00000824 events=0x21
2026-10-03 00:42:06.455 [EVENT] sock=2512 hEvent=00000824 events=0x0
2026-10-03 00:42:06.455 [EVENT] sock=2512 hEvent=00000824 events=0x21
2026-10-03 00:42:08.619 [EVENT] sock=2512 hEvent=00000824 events=0x0
2026-10-03 00:42:08.619 [EVENT] sock=2512 hEvent=00000824 events=0x21
2026-10-03 00:42:15.592 [EVENT] sock=2512 hEvent=00000824 events=0x0
2026-10-03 00:42:15.592 [EVENT] sock=2512 hEvent=00000824 events=0x21
2026-10-03 00:42:24.622 [SETTLE] exp=2 gold=199366 len=393
2026-10-03 00:42:24.667 [EVENT] sock=2512 hEvent=00000824 events=0x0
2026-10-03 00:42:24.668 [EVENT] sock=2512 hEvent=00000824 events=0x21
2026-10-03 00:42:25.056 [OP] 4707 inv=FFF3 len=12 #1 8b3bad8041cdfc0b17faa32b
2026-10-03 00:42:25.145 [OP] 4612 inv=FFF7 len=8 #1 ca805b6412b252fa
2026-10-03 00:42:25.679 [EVENT] sock=2512 hEvent=00000824 events=0x0
2026-10-03 00:42:25.679 [EVENT] sock=2512 hEvent=00000824 events=0x21
2026-10-03 00:42:25.813 [OP] 4018 inv=FFF0 len=15 #1 d36b7f5134a722a3b65928946451d0
2026-10-03 00:42:26.648 [EVENT] sock=2512 hEvent=00000824 events=0x0
2026-10-03 00:42:26.648 [OUT] 004E inv=FFFA len=9 #5 faff4e00e9580bdce8
2026-10-03 00:42:26.648 [EVENT] sock=2512 hEvent=00000824 events=0x21
2026-10-03 00:42:26.677 [EVENT] sock=2512 hEvent=00000824 events=0x0
2026-10-03 00:42:26.678 [EVENT] sock=2512 hEvent=00000824 events=0x21
2026-10-03 00:42:27.682 [EVENT] sock=2512 hEvent=00000824 events=0x0
2026-10-03 00:42:27.683 [EVENT] sock=2512 hEvent=00000824 events=0x21
2026-10-03 00:42:28.673 [EVENT] sock=2512 hEvent=00000824 events=0x0
2026-10-03 00:42:28.673 [EVENT] sock=2512 hEvent=00000824 events=0x21
2026-10-03 00:42:29.673 [EVENT] sock=2512 hEvent=00000824 events=0x0
2026-10-03 00:42:29.673 [EVENT] sock=2512 hEvent=00000824 events=0x21
2026-10-03 00:42:30.669 [EVENT] sock=2512 hEvent=00000824 events=0x0
2026-10-03 00:42:30.670 [EVENT] sock=2512 hEvent=00000824 events=0x21
2026-10-03 00:42:31.678 [EVENT] sock=2512 hEvent=00000824 events=0x0
2026-10-03 00:42:31.678 [EVENT] sock=2512 hEvent=00000824 events=0x21
2026-10-03 00:42:32.675 [EVENT] sock=2512 hEvent=00000824 events=0x0
2026-10-03 00:42:32.675 [EVENT] sock=2512 hEvent=00000824 events=0x21
2026-10-03 00:42:33.677 [EVENT] sock=2512 hEvent=00000824 events=0x0
2026-10-03 00:42:33.677 [EVENT] sock=2512 hEvent=00000824 events=0x21
2026-10-03 00:42:34.295 [EVENT] sock=2688 hEvent=00000A58 events=0x0
2026-10-03 00:42:34.295 [EVENT] sock=2688 hEvent=00000A58 events=0x21
2026-10-03 00:42:34.677 [EVENT] sock=2512 hEvent=00000824 events=0x0
2026-10-03 00:42:34.677 [EVENT] sock=2512 hEvent=00000824 events=0x21
2026-10-03 00:42:35.412 [EVENT] sock=2512 hEvent=00000824 events=0x0
2026-10-03 00:42:35.413 [EVENT] sock=2512 hEvent=00000824 events=0x21
2026-10-03 00:42:36.371 [EVENT] sock=2512 hEvent=00000824 events=0x0
2026-10-03 00:42:36.372 [EVENT] sock=2512 hEvent=00000824 events=0x21
2026-10-03 00:42:38.683 [EVENT] sock=2512 hEvent=00000824 events=0x0
2026-10-03 00:42:38.683 [EVENT] sock=2512 hEvent=00000824 events=0x21
2026-10-03 00:42:45.647 [EVENT] sock=2512 hEvent=00000824 events=0x0
2026-10-03 00:42:45.647 [EVENT] sock=2512 hEvent=00000824 events=0x21
2026-10-03 00:42:52.183 [EVENT] sock=2512 hEvent=00000824 events=0x0
2026-10-03 00:42:52.183 [OUT] 1004 inv=FFF3 len=16 #1 f3ff0410c67e832b5979c3642d0b59ae
2026-10-03 00:42:52.183 [EVENT] sock=2512 hEvent=00000824 events=0x21
2026-10-03 00:42:55.878 [EVENT] sock=2512 hEvent=00000824 events=0x0
2026-10-03 00:42:55.879 [EVENT] sock=2512 hEvent=00000824 events=0x21
2026-10-03 00:42:58.394 [SETTLE] exp=2 gold=199366 len=403
2026-10-03 00:42:58.424 [EVENT] sock=2512 hEvent=00000824 events=0x0
2026-10-03 00:42:58.424 [EVENT] sock=2512 hEvent=00000824 events=0x21
2026-10-03 00:42:59.168 [EVENT] sock=2688 hEvent=00000A58 events=0x0
2026-10-03 00:42:59.168 [EVENT] sock=2688 hEvent=00000A58 events=0x21
2026-10-03 00:42:59.435 [EVENT] sock=2512 hEvent=00000824 events=0x0
2026-10-03 00:42:59.435 [EVENT] sock=2512 hEvent=00000824 events=0x21
2026-10-03 00:42:59.857 [EVENT] sock=2512 hEvent=00000824 events=0x0
2026-10-03 00:42:59.858 [EVENT] sock=2512 hEvent=00000824 events=0x21
2026-10-03 00:43:00.436 [EVENT] sock=2512 hEvent=00000824 events=0x0
2026-10-03 00:43:00.437 [EVENT] sock=2512 hEvent=00000824 events=0x21
2026-10-03 00:43:01.435 [EVENT] sock=2512 hEvent=00000824 events=0x0
2026-10-03 00:43:01.436 [EVENT] sock=2512 hEvent=00000824 events=0x21
2026-10-03 00:43:02.437 [EVENT] sock=2512 hEvent=00000824 events=0x0
2026-10-03 00:43:02.438 [EVENT] sock=2512 hEvent=00000824 events=0x21
2026-10-03 00:43:03.437 [EVENT] sock=2512 hEvent=00000824 events=0x0
2026-10-03 00:43:03.437 [EVENT] sock=2512 hEvent=00000824 events=0x21
2026-10-03 00:43:04.440 [EVENT] sock=2512 hEvent=00000824 events=0x0
2026-10-03 00:43:04.440 [EVENT] sock=2512 hEvent=00000824 events=0x21
2026-10-03 00:43:04.794 [EVENT] sock=2512 hEvent=00000824 events=0x0
2026-10-03 00:43:04.795 [EVENT] sock=2512 hEvent=00000824 events=0x21
2026-10-03 00:43:05.758 [EVENT] sock=2512 hEvent=00000824 events=0x0
2026-10-03 00:43:05.759 [EVENT] sock=2512 hEvent=00000824 events=0x21
2026-10-03 00:43:07.930 [EVENT] sock=2512 hEvent=00000824 events=0x0
2026-10-03 00:43:07.930 [EVENT] sock=2512 hEvent=00000824 events=0x21
2026-10-03 00:43:14.907 [EVENT] sock=2512 hEvent=00000824 events=0x0
2026-10-03 00:43:14.907 [EVENT] sock=2512 hEvent=00000824 events=0x21
2026-10-03 00:43:24.971 [EVENT] sock=2512 hEvent=00000824 events=0x0
2026-10-03 00:43:24.971 [EVENT] sock=2512 hEvent=00000824 events=0x21
2026-10-03 00:43:27.190 [SETTLE] exp=2 gold=199366 len=393
2026-10-03 00:43:27.226 [EVENT] sock=2512 hEvent=00000824 events=0x0
2026-10-03 00:43:27.227 [EVENT] sock=2512 hEvent=00000824 events=0x21
2026-10-03 00:43:28.230 [EVENT] sock=2512 hEvent=00000824 events=0x0
2026-10-03 00:43:28.231 [EVENT] sock=2512 hEvent=00000824 events=0x21
2026-10-03 00:43:29.241 [EVENT] sock=2512 hEvent=00000824 events=0x0
2026-10-03 00:43:29.242 [EVENT] sock=2512 hEvent=00000824 events=0x21
2026-10-03 00:43:30.240 [EVENT] sock=2512 hEvent=00000824 events=0x0
2026-10-03 00:43:30.240 [EVENT] sock=2512 hEvent=00000824 events=0x21
2026-10-03 00:43:31.225 [EVENT] sock=2512 hEvent=00000824 events=0x0
2026-10-03 00:43:31.227 [EVENT] sock=2512 hEvent=00000824 events=0x21
2026-10-03 00:43:32.225 [EVENT] sock=2512 hEvent=00000824 events=0x0
2026-10-03 00:43:32.225 [EVENT] sock=2512 hEvent=00000824 events=0x21
2026-10-03 00:43:33.224 [EVENT] sock=2512 hEvent=00000824 events=0x0
2026-10-03 00:43:33.225 [EVENT] sock=2512 hEvent=00000824 events=0x21
2026-10-03 00:43:34.231 [EVENT] sock=2512 hEvent=00000824 events=0x0
2026-10-03 00:43:34.232 [EVENT] sock=2512 hEvent=00000824 events=0x21
2026-10-03 00:43:34.296 [EVENT] sock=2688 hEvent=00000A58 events=0x0
2026-10-03 00:43:34.296 [EVENT] sock=2688 hEvent=00000A58 events=0x21
2026-10-03 00:43:34.501 [EVENT] sock=2512 hEvent=00000824 events=0x0
2026-10-03 00:43:34.502 [EVENT] sock=2512 hEvent=00000824 events=0x21
2026-10-03 00:43:35.461 [EVENT] sock=2512 hEvent=00000824 events=0x0
2026-10-03 00:43:35.462 [EVENT] sock=2512 hEvent=00000824 events=0x21
2026-10-03 00:43:37.603 [EVENT] sock=2512 hEvent=00000824 events=0x0
2026-10-03 00:43:37.603 [EVENT] sock=2512 hEvent=00000824 events=0x21
2026-10-03 00:43:44.565 [EVENT] sock=2512 hEvent=00000824 events=0x0
2026-10-03 00:43:44.565 [EVENT] sock=2512 hEvent=00000824 events=0x21
2026-10-03 00:43:53.456 [EVENT] sock=2512 hEvent=00000824 events=0x0
2026-10-03 00:43:53.456 [OUT] 1004 inv=FFF3 len=16 #2 f3ff0410c67e832b5979c3642d0b59ae
2026-10-03 00:43:53.456 [EVENT] sock=2512 hEvent=00000824 events=0x21
2026-10-03 00:43:54.628 [EVENT] sock=2512 hEvent=00000824 events=0x0
2026-10-03 00:43:54.628 [EVENT] sock=2512 hEvent=00000824 events=0x21
2026-10-03 00:44:03.819 [SETTLE] exp=2 gold=199366 len=403
2026-10-03 00:44:03.857 [EVENT] sock=2512 hEvent=00000824 events=0x0
2026-10-03 00:44:03.857 [EVENT] sock=2512 hEvent=00000824 events=0x21
2026-10-03 00:44:04.144 [EVENT] sock=2512 hEvent=00000824 events=0x0
2026-10-03 00:44:04.144 [EVENT] sock=2512 hEvent=00000824 events=0x21
2026-10-03 00:44:04.298 [EVENT] sock=2688 hEvent=00000A58 events=0x0
2026-10-03 00:44:04.298 [EVENT] sock=2688 hEvent=00000A58 events=0x21
2026-10-03 00:44:04.857 [EVENT] sock=2512 hEvent=00000824 events=0x0
2026-10-03 00:44:04.858 [EVENT] sock=2512 hEvent=00000824 events=0x21
2026-10-03 00:44:05.831 [EVENT] sock=2512 hEvent=00000824 events=0x0
2026-10-03 00:44:05.831 [EVENT] sock=2512 hEvent=00000824 events=0x21
2026-10-03 00:44:05.831 [EVENT] sock=2512 hEvent=00000824 events=0x0
2026-10-03 00:44:05.831 [EVENT] sock=2512 hEvent=00000824 events=0x21
2026-10-03 00:44:05.861 [EVENT] sock=2512 hEvent=00000824 events=0x0
2026-10-03 00:44:05.861 [EVENT] sock=2512 hEvent=00000824 events=0x21
2026-10-03 00:44:06.860 [EVENT] sock=2512 hEvent=00000824 events=0x0
2026-10-03 00:44:06.860 [EVENT] sock=2512 hEvent=00000824 events=0x21
2026-10-03 00:44:07.863 [EVENT] sock=2512 hEvent=00000824 events=0x0
2026-10-03 00:44:07.866 [EVENT] sock=2512 hEvent=00000824 events=0x21
2026-10-03 00:44:08.862 [EVENT] sock=2512 hEvent=00000824 events=0x0
2026-10-03 00:44:08.863 [EVENT] sock=2512 hEvent=00000824 events=0x21
2026-10-03 00:44:09.867 [EVENT] sock=2512 hEvent=00000824 events=0x0
2026-10-03 00:44:09.869 [EVENT] sock=2512 hEvent=00000824 events=0x21
2026-10-03 00:44:10.870 [EVENT] sock=2512 hEvent=00000824 events=0x0
2026-10-03 00:44:10.871 [EVENT] sock=2512 hEvent=00000824 events=0x21
2026-10-03 00:44:11.111 [EVENT] sock=2512 hEvent=00000824 events=0x0
2026-10-03 00:44:11.111 [EVENT] sock=2512 hEvent=00000824 events=0x21
2026-10-03 00:44:12.086 [EVENT] sock=2512 hEvent=00000824 events=0x0
2026-10-03 00:44:12.086 [EVENT] sock=2512 hEvent=00000824 events=0x21
2026-10-03 00:44:14.366 [EVENT] sock=2512 hEvent=00000824 events=0x0
2026-10-03 00:44:14.366 [EVENT] sock=2512 hEvent=00000824 events=0x21
2026-10-03 00:44:21.177 [EVENT] sock=2512 hEvent=00000824 events=0x0
2026-10-03 00:44:21.177 [EVENT] sock=2512 hEvent=00000824 events=0x21
2026-10-03 00:44:24.957 [EVENT] sock=2512 hEvent=00000824 events=0x0
2026-10-03 00:44:24.957 [OUT] 1004 inv=FFF3 len=16 #3 f3ff0410c67e832b5979c3642d0b59ae
2026-10-03 00:44:24.957 [EVENT] sock=2512 hEvent=00000824 events=0x21
2026-10-03 00:44:31.226 [EVENT] sock=2512 hEvent=00000824 events=0x0
2026-10-03 00:44:31.226 [EVENT] sock=2512 hEvent=00000824 events=0x21
2026-10-03 00:44:34.298 [EVENT] sock=2688 hEvent=00000A58 events=0x0
2026-10-03 00:44:34.298 [EVENT] sock=2688 hEvent=00000A58 events=0x21
2026-10-03 00:44:35.268 [EVENT] sock=2512 hEvent=00000824 events=0x0
2026-10-03 00:44:35.268 [OUT] 1004 inv=FFF3 len=16 #4 f3ff0410c67e832b5979c3642d0b59ae
2026-10-03 00:44:35.268 [EVENT] sock=2512 hEvent=00000824 events=0x21
2026-10-03 00:44:40.046 [SETTLE] exp=1 gold=199366 len=393
2026-10-03 00:44:40.093 [EVENT] sock=2512 hEvent=00000824 events=0x0
2026-10-03 00:44:40.093 [EVENT] sock=2512 hEvent=00000824 events=0x21
2026-10-03 00:44:41.105 [EVENT] sock=2512 hEvent=00000824 events=0x0
2026-10-03 00:44:41.105 [EVENT] sock=2512 hEvent=00000824 events=0x21
2026-10-03 00:44:42.105 [EVENT] sock=2512 hEvent=00000824 events=0x0
2026-10-03 00:44:42.105 [EVENT] sock=2512 hEvent=00000824 events=0x21
2026-10-03 00:44:43.107 [EVENT] sock=2512 hEvent=00000824 events=0x0
2026-10-03 00:44:43.107 [EVENT] sock=2512 hEvent=00000824 events=0x21
2026-10-03 00:44:44.109 [EVENT] sock=2512 hEvent=00000824 events=0x0
2026-10-03 00:44:44.109 [EVENT] sock=2512 hEvent=00000824 events=0x21
2026-10-03 00:44:45.098 [EVENT] sock=2512 hEvent=00000824 events=0x0
2026-10-03 00:44:45.099 [EVENT] sock=2512 hEvent=00000824 events=0x21
2026-10-03 00:44:45.354 [EVENT] sock=2512 hEvent=00000824 events=0x0
2026-10-03 00:44:45.355 [EVENT] sock=2512 hEvent=00000824 events=0x21
2026-10-03 00:44:46.324 [EVENT] sock=2512 hEvent=00000824 events=0x0
2026-10-03 00:44:46.324 [EVENT] sock=2512 hEvent=00000824 events=0x21
2026-10-03 00:44:48.517 [EVENT] sock=2512 hEvent=00000824 events=0x0
2026-10-03 00:44:48.517 [EVENT] sock=2512 hEvent=00000824 events=0x21
2026-10-03 00:44:55.427 [EVENT] sock=2512 hEvent=00000824 events=0x0
2026-10-03 00:44:55.427 [EVENT] sock=2512 hEvent=00000824 events=0x21
2026-10-03 00:45:02.493 [EVENT] sock=2512 hEvent=00000824 events=0x0
2026-10-03 00:45:02.493 [OUT] 1004 inv=FFF3 len=16 #5 f3ff0410c67e832b5979c3642d0b59ae
2026-10-03 00:45:02.493 [EVENT] sock=2512 hEvent=00000824 events=0x21
2026-10-03 00:45:04.298 [EVENT] sock=2688 hEvent=00000A58 events=0x0
2026-10-03 00:45:04.298 [EVENT] sock=2688 hEvent=00000A58 events=0x21
2026-10-03 00:45:05.481 [EVENT] sock=2512 hEvent=00000824 events=0x0
2026-10-03 00:45:05.481 [EVENT] sock=2512 hEvent=00000824 events=0x21
2026-10-03 00:45:07.243 [SETTLE] exp=2 gold=199366 len=403
2026-10-03 00:45:07.274 [EVENT] sock=2512 hEvent=00000824 events=0x0
2026-10-03 00:45:07.274 [EVENT] sock=2512 hEvent=00000824 events=0x21
2026-10-03 00:45:07.321 [OP] 4210 inv=FFF3 len=12 #2 ac0bdcfa662b1f8023ecfc0b
2026-10-03 00:45:08.283 [EVENT] sock=2512 hEvent=00000824 events=0x0
2026-10-03 00:45:08.284 [EVENT] sock=2512 hEvent=00000824 events=0x21
2026-10-03 00:45:08.355 [EVENT] sock=2512 hEvent=00000824 events=0x0
2026-10-03 00:45:08.356 [EVENT] sock=2512 hEvent=00000824 events=0x21
2026-10-03 00:45:09.287 [EVENT] sock=2512 hEvent=00000824 events=0x0
2026-10-03 00:45:09.287 [EVENT] sock=2512 hEvent=00000824 events=0x21
2026-10-03 00:45:10.287 [EVENT] sock=2512 hEvent=00000824 events=0x0
2026-10-03 00:45:10.289 [EVENT] sock=2512 hEvent=00000824 events=0x21
2026-10-03 00:45:11.282 [EVENT] sock=2512 hEvent=00000824 events=0x0
2026-10-03 00:45:11.282 [EVENT] sock=2512 hEvent=00000824 events=0x21
2026-10-03 00:45:12.282 [EVENT] sock=2512 hEvent=00000824 events=0x0
2026-10-03 00:45:12.282 [EVENT] sock=2512 hEvent=00000824 events=0x21
2026-10-03 00:45:13.279 [EVENT] sock=2512 hEvent=00000824 events=0x0
2026-10-03 00:45:13.279 [EVENT] sock=2512 hEvent=00000824 events=0x21
2026-10-03 00:45:14.283 [EVENT] sock=2512 hEvent=00000824 events=0x0
2026-10-03 00:45:14.284 [EVENT] sock=2512 hEvent=00000824 events=0x21
2026-10-03 00:45:14.570 [EVENT] sock=2512 hEvent=00000824 events=0x0
2026-10-03 00:45:14.572 [EVENT] sock=2512 hEvent=00000824 events=0x21
2026-10-03 00:45:15.505 [EVENT] sock=2512 hEvent=00000824 events=0x0
2026-10-03 00:45:15.506 [EVENT] sock=2512 hEvent=00000824 events=0x21
2026-10-03 00:45:17.735 [EVENT] sock=2512 hEvent=00000824 events=0x0
2026-10-03 00:45:17.736 [EVENT] sock=2512 hEvent=00000824 events=0x21
2026-10-03 00:45:24.636 [EVENT] sock=2512 hEvent=00000824 events=0x0
2026-10-03 00:45:24.639 [EVENT] sock=2512 hEvent=00000824 events=0x21
2026-10-03 00:45:26.334 [EVENT] sock=2512 hEvent=00000824 events=0x0
2026-10-03 00:45:26.334 [EVENT] sock=2512 hEvent=00000824 events=0x21
2026-10-03 00:45:34.299 [EVENT] sock=2688 hEvent=00000A58 events=0x0
2026-10-03 00:45:34.299 [EVENT] sock=2688 hEvent=00000A58 events=0x21
2026-10-03 00:45:34.686 [EVENT] sock=2512 hEvent=00000824 events=0x0
2026-10-03 00:45:34.686 [EVENT] sock=2512 hEvent=00000824 events=0x21
2026-10-03 00:45:35.228 [SETTLE] exp=1 gold=199366 len=403
2026-10-03 00:45:35.274 [EVENT] sock=2512 hEvent=00000824 events=0x0
2026-10-03 00:45:35.274 [EVENT] sock=2512 hEvent=00000824 events=0x21
2026-10-03 00:45:36.274 [EVENT] sock=2512 hEvent=00000824 events=0x0
2026-10-03 00:45:36.276 [EVENT] sock=2512 hEvent=00000824 events=0x21
2026-10-03 00:45:36.449 [EVENT] sock=2512 hEvent=00000824 events=0x0
2026-10-03 00:45:36.449 [EVENT] sock=2512 hEvent=00000824 events=0x21
2026-10-03 00:45:37.264 [EVENT] sock=2512 hEvent=00000824 events=0x0
2026-10-03 00:45:37.265 [EVENT] sock=2512 hEvent=00000824 events=0x21
2026-10-03 00:45:37.265 [EVENT] sock=2512 hEvent=00000824 events=0x0
2026-10-03 00:45:37.265 [EVENT] sock=2512 hEvent=00000824 events=0x21
2026-10-03 00:45:37.275 [EVENT] sock=2512 hEvent=00000824 events=0x0
2026-10-03 00:45:37.275 [EVENT] sock=2512 hEvent=00000824 events=0x21
2026-10-03 00:45:38.274 [EVENT] sock=2512 hEvent=00000824 events=0x0
2026-10-03 00:45:38.275 [EVENT] sock=2512 hEvent=00000824 events=0x21
2026-10-03 00:45:39.274 [EVENT] sock=2512 hEvent=00000824 events=0x0
2026-10-03 00:45:39.274 [EVENT] sock=2512 hEvent=00000824 events=0x21
2026-10-03 00:45:40.272 [EVENT] sock=2512 hEvent=00000824 events=0x0
2026-10-03 00:45:40.273 [EVENT] sock=2512 hEvent=00000824 events=0x21
2026-10-03 00:45:41.287 [EVENT] sock=2512 hEvent=00000824 events=0x0
2026-10-03 00:45:41.287 [EVENT] sock=2512 hEvent=00000824 events=0x21
2026-10-03 00:45:42.276 [EVENT] sock=2512 hEvent=00000824 events=0x0
2026-10-03 00:45:42.277 [EVENT] sock=2512 hEvent=00000824 events=0x21
2026-10-03 00:45:42.525 [EVENT] sock=2512 hEvent=00000824 events=0x0
2026-10-03 00:45:42.527 [EVENT] sock=2512 hEvent=00000824 events=0x21
2026-10-03 00:45:43.483 [EVENT] sock=2512 hEvent=00000824 events=0x0
2026-10-03 00:45:43.483 [EVENT] sock=2512 hEvent=00000824 events=0x21
2026-10-03 00:45:45.719 [EVENT] sock=2512 hEvent=00000824 events=0x0
2026-10-03 00:45:45.720 [EVENT] sock=2512 hEvent=00000824 events=0x21
2026-10-03 00:45:52.597 [EVENT] sock=2512 hEvent=00000824 events=0x0
2026-10-03 00:45:52.597 [EVENT] sock=2512 hEvent=00000824 events=0x21
2026-10-03 00:45:53.819 [EVENT] sock=2512 hEvent=00000824 events=0x0
2026-10-03 00:45:53.819 [EVENT] sock=2512 hEvent=00000824 events=0x21
2026-10-03 00:45:55.164 [EVENT] sock=2512 hEvent=00000824 events=0x0
2026-10-03 00:45:55.164 [EVENT] sock=2512 hEvent=00000824 events=0x21
2026-10-03 00:45:59.790 [SETTLE] exp=2 gold=199366 len=403
2026-10-03 00:45:59.830 [EVENT] sock=2512 hEvent=00000824 events=0x0
2026-10-03 00:45:59.830 [EVENT] sock=2512 hEvent=00000824 events=0x21
2026-10-03 00:46:00.579 [EVENT] sock=2512 hEvent=00000824 events=0x0
2026-10-03 00:46:00.579 [EVENT] sock=2512 hEvent=00000824 events=0x21
2026-10-03 00:46:00.840 [EVENT] sock=2512 hEvent=00000824 events=0x0
2026-10-03 00:46:00.840 [EVENT] sock=2512 hEvent=00000824 events=0x21
2026-10-03 00:46:01.837 [EVENT] sock=2512 hEvent=00000824 events=0x0
2026-10-03 00:46:01.837 [EVENT] sock=2512 hEvent=00000824 events=0x21
2026-10-03 00:46:02.836 [EVENT] sock=2512 hEvent=00000824 events=0x0
2026-10-03 00:46:02.836 [EVENT] sock=2512 hEvent=00000824 events=0x21
2026-10-03 00:46:03.842 [EVENT] sock=2512 hEvent=00000824 events=0x0
2026-10-03 00:46:03.844 [EVENT] sock=2512 hEvent=00000824 events=0x21
2026-10-03 00:46:04.301 [EVENT] sock=2688 hEvent=00000A58 events=0x0
2026-10-03 00:46:04.301 [EVENT] sock=2688 hEvent=00000A58 events=0x21
2026-10-03 00:46:04.830 [EVENT] sock=2512 hEvent=00000824 events=0x0
2026-10-03 00:46:04.832 [EVENT] sock=2512 hEvent=00000824 events=0x21
2026-10-03 00:46:05.832 [EVENT] sock=2512 hEvent=00000824 events=0x0
2026-10-03 00:46:05.832 [EVENT] sock=2512 hEvent=00000824 events=0x21
2026-10-03 00:46:06.836 [EVENT] sock=2512 hEvent=00000824 events=0x0
2026-10-03 00:46:06.836 [EVENT] sock=2512 hEvent=00000824 events=0x21
2026-10-03 00:46:07.844 [EVENT] sock=2512 hEvent=00000824 events=0x0
2026-10-03 00:46:07.844 [EVENT] sock=2512 hEvent=00000824 events=0x21
2026-10-03 00:46:08.070 [EVENT] sock=2512 hEvent=00000824 events=0x0
2026-10-03 00:46:08.070 [EVENT] sock=2512 hEvent=00000824 events=0x21
2026-10-03 00:46:09.054 [EVENT] sock=2512 hEvent=00000824 events=0x0
2026-10-03 00:46:09.054 [EVENT] sock=2512 hEvent=00000824 events=0x21
2026-10-03 00:46:11.314 [EVENT] sock=2512 hEvent=00000824 events=0x0
2026-10-03 00:46:11.314 [EVENT] sock=2512 hEvent=00000824 events=0x21
2026-10-03 00:46:18.195 [EVENT] sock=2512 hEvent=00000824 events=0x0
2026-10-03 00:46:18.195 [EVENT] sock=2512 hEvent=00000824 events=0x21
2026-10-03 00:46:21.795 [EVENT] sock=2512 hEvent=00000824 events=0x0
2026-10-03 00:46:21.795 [EVENT] sock=2512 hEvent=00000824 events=0x21
2026-10-03 00:46:27.947 [SETTLE] exp=1 gold=199366 len=403
2026-10-03 00:46:27.991 [EVENT] sock=2512 hEvent=00000824 events=0x0
2026-10-03 00:46:27.991 [EVENT] sock=2512 hEvent=00000824 events=0x21
2026-10-03 00:46:28.692 [EVENT] sock=2512 hEvent=00000824 events=0x0
2026-10-03 00:46:28.692 [EVENT] sock=2512 hEvent=00000824 events=0x21
2026-10-03 00:46:28.996 [EVENT] sock=2512 hEvent=00000824 events=0x0
2026-10-03 00:46:28.996 [EVENT] sock=2512 hEvent=00000824 events=0x21
2026-10-03 00:46:29.987 [EVENT] sock=2512 hEvent=00000824 events=0x0
2026-10-03 00:46:29.988 [EVENT] sock=2512 hEvent=00000824 events=0x21
2026-10-03 00:46:30.991 [EVENT] sock=2512 hEvent=00000824 events=0x0
2026-10-03 00:46:30.992 [EVENT] sock=2512 hEvent=00000824 events=0x21
2026-10-03 00:46:31.992 [EVENT] sock=2512 hEvent=00000824 events=0x0
2026-10-03 00:46:31.993 [EVENT] sock=2512 hEvent=00000824 events=0x21
2026-10-03 00:46:32.990 [EVENT] sock=2512 hEvent=00000824 events=0x0
2026-10-03 00:46:32.991 [EVENT] sock=2512 hEvent=00000824 events=0x21
2026-10-03 00:46:33.995 [EVENT] sock=2512 hEvent=00000824 events=0x0
2026-10-03 00:46:33.995 [EVENT] sock=2512 hEvent=00000824 events=0x21
2026-10-03 00:46:34.302 [EVENT] sock=2688 hEvent=00000A58 events=0x0
2026-10-03 00:46:34.302 [EVENT] sock=2688 hEvent=00000A58 events=0x21
2026-10-03 00:46:34.992 [EVENT] sock=2512 hEvent=00000824 events=0x0
2026-10-03 00:46:34.994 [EVENT] sock=2512 hEvent=00000824 events=0x21
2026-10-03 00:46:36.002 [EVENT] sock=2512 hEvent=00000824 events=0x0
2026-10-03 00:46:36.002 [EVENT] sock=2512 hEvent=00000824 events=0x21
2026-10-03 00:46:36.258 [EVENT] sock=2512 hEvent=00000824 events=0x0
2026-10-03 00:46:36.259 [EVENT] sock=2512 hEvent=00000824 events=0x21
2026-10-03 00:46:37.215 [EVENT] sock=2512 hEvent=00000824 events=0x0
2026-10-03 00:46:37.215 [EVENT] sock=2512 hEvent=00000824 events=0x21
2026-10-03 00:46:39.421 [EVENT] sock=2512 hEvent=00000824 events=0x0
2026-10-03 00:46:39.421 [EVENT] sock=2512 hEvent=00000824 events=0x21
2026-10-03 00:46:46.318 [EVENT] sock=2512 hEvent=00000824 events=0x0
2026-10-03 00:46:46.318 [EVENT] sock=2512 hEvent=00000824 events=0x21
2026-10-03 00:46:53.667 [EVENT] sock=2512 hEvent=00000824 events=0x0
2026-10-03 00:46:53.667 [EVENT] sock=2512 hEvent=00000824 events=0x21
2026-10-03 00:46:56.370 [EVENT] sock=2512 hEvent=00000824 events=0x0
2026-10-03 00:46:56.370 [EVENT] sock=2512 hEvent=00000824 events=0x21
2026-10-03 00:47:01.031 [EVENT] sock=2512 hEvent=00000824 events=0x0
2026-10-03 00:47:01.031 [EVENT] sock=2512 hEvent=00000824 events=0x21
2026-10-03 00:47:01.233 [EVENT] sock=2512 hEvent=00000824 events=0x0
2026-10-03 00:47:01.233 [EVENT] sock=2512 hEvent=00000824 events=0x21
2026-10-03 00:47:04.303 [EVENT] sock=2688 hEvent=00000A58 events=0x0
2026-10-03 00:47:04.303 [EVENT] sock=2688 hEvent=00000A58 events=0x21
2026-10-03 00:47:05.795 [SETTLE] exp=1 gold=199366 len=403
2026-10-03 00:47:05.837 [EVENT] sock=2512 hEvent=00000824 events=0x0
2026-10-03 00:47:05.837 [EVENT] sock=2512 hEvent=00000824 events=0x21
2026-10-03 00:47:06.812 [EVENT] sock=2512 hEvent=00000824 events=0x0
2026-10-03 00:47:06.812 [EVENT] sock=2512 hEvent=00000824 events=0x21
2026-10-03 00:47:06.842 [EVENT] sock=2512 hEvent=00000824 events=0x0
2026-10-03 00:47:06.842 [EVENT] sock=2512 hEvent=00000824 events=0x21
2026-10-03 00:47:07.825 [EVENT] sock=2512 hEvent=00000824 events=0x0
2026-10-03 00:47:07.826 [EVENT] sock=2512 hEvent=00000824 events=0x21
2026-10-03 00:47:07.826 [EVENT] sock=2512 hEvent=00000824 events=0x0
2026-10-03 00:47:07.826 [EVENT] sock=2512 hEvent=00000824 events=0x21
2026-10-03 00:47:07.841 [EVENT] sock=2512 hEvent=00000824 events=0x0
2026-10-03 00:47:07.842 [EVENT] sock=2512 hEvent=00000824 events=0x21
2026-10-03 00:47:08.846 [EVENT] sock=2512 hEvent=00000824 events=0x0
2026-10-03 00:47:08.847 [EVENT] sock=2512 hEvent=00000824 events=0x21
2026-10-03 00:47:09.847 [EVENT] sock=2512 hEvent=00000824 events=0x0
2026-10-03 00:47:09.848 [EVENT] sock=2512 hEvent=00000824 events=0x21
2026-10-03 00:47:10.849 [EVENT] sock=2512 hEvent=00000824 events=0x0
2026-10-03 00:47:10.850 [EVENT] sock=2512 hEvent=00000824 events=0x21
2026-10-03 00:47:11.846 [EVENT] sock=2512 hEvent=00000824 events=0x0
2026-10-03 00:47:11.847 [EVENT] sock=2512 hEvent=00000824 events=0x21
2026-10-03 00:47:12.840 [EVENT] sock=2512 hEvent=00000824 events=0x0
2026-10-03 00:47:12.842 [EVENT] sock=2512 hEvent=00000824 events=0x21
2026-10-03 00:47:13.839 [EVENT] sock=2512 hEvent=00000824 events=0x0
2026-10-03 00:47:13.841 [EVENT] sock=2512 hEvent=00000824 events=0x21
2026-10-03 00:47:14.080 [EVENT] sock=2512 hEvent=00000824 events=0x0
2026-10-03 00:47:14.080 [EVENT] sock=2512 hEvent=00000824 events=0x21
2026-10-03 00:47:15.039 [EVENT] sock=2512 hEvent=00000824 events=0x0
2026-10-03 00:47:15.039 [EVENT] sock=2512 hEvent=00000824 events=0x21
2026-10-03 00:47:17.267 [EVENT] sock=2512 hEvent=00000824 events=0x0
2026-10-03 00:47:17.268 [EVENT] sock=2512 hEvent=00000824 events=0x21
2026-10-03 00:47:24.154 [EVENT] sock=2512 hEvent=00000824 events=0x0
2026-10-03 00:47:24.154 [EVENT] sock=2512 hEvent=00000824 events=0x21
2026-10-03 00:47:27.068 [EVENT] sock=2512 hEvent=00000824 events=0x0
2026-10-03 00:47:27.069 [EVENT] sock=2512 hEvent=00000824 events=0x21
2026-10-03 00:47:34.199 [EVENT] sock=2512 hEvent=00000824 events=0x0
2026-10-03 00:47:34.200 [EVENT] sock=2512 hEvent=00000824 events=0x21
2026-10-03 00:47:34.303 [EVENT] sock=2688 hEvent=00000A58 events=0x0
2026-10-03 00:47:34.303 [EVENT] sock=2688 hEvent=00000A58 events=0x21
2026-10-03 00:47:34.948 [SETTLE] exp=1 gold=199366 len=393
2026-10-03 00:47:34.983 [EVENT] sock=2512 hEvent=00000824 events=0x0
2026-10-03 00:47:34.983 [EVENT] sock=2512 hEvent=00000824 events=0x21
2026-10-03 00:47:35.997 [EVENT] sock=2512 hEvent=00000824 events=0x0
2026-10-03 00:47:35.997 [EVENT] sock=2512 hEvent=00000824 events=0x21
2026-10-03 00:47:36.995 [EVENT] sock=2512 hEvent=00000824 events=0x0
2026-10-03 00:47:36.996 [EVENT] sock=2512 hEvent=00000824 events=0x21
2026-10-03 00:47:38.000 [EVENT] sock=2512 hEvent=00000824 events=0x0
2026-10-03 00:47:38.000 [EVENT] sock=2512 hEvent=00000824 events=0x21
2026-10-03 00:47:38.987 [EVENT] sock=2512 hEvent=00000824 events=0x0
2026-10-03 00:47:38.987 [EVENT] sock=2512 hEvent=00000824 events=0x21
2026-10-03 00:47:39.208 [EVENT] sock=2512 hEvent=00000824 events=0x0
2026-10-03 00:47:39.208 [EVENT] sock=2512 hEvent=00000824 events=0x21
2026-10-03 00:47:40.192 [EVENT] sock=2512 hEvent=00000824 events=0x0
2026-10-03 00:47:40.192 [EVENT] sock=2512 hEvent=00000824 events=0x21
2026-10-03 00:47:42.356 [EVENT] sock=2512 hEvent=00000824 events=0x0
2026-10-03 00:47:42.356 [EVENT] sock=2512 hEvent=00000824 events=0x21
2026-10-03 00:47:49.335 [EVENT] sock=2512 hEvent=00000824 events=0x0
2026-10-03 00:47:49.336 [EVENT] sock=2512 hEvent=00000824 events=0x21
2026-10-03 00:47:59.299 [EVENT] sock=2512 hEvent=00000824 events=0x0
2026-10-03 00:47:59.299 [EVENT] sock=2512 hEvent=00000824 events=0x21
2026-10-03 00:47:59.384 [EVENT] sock=2512 hEvent=00000824 events=0x0
2026-10-03 00:47:59.385 [EVENT] sock=2512 hEvent=00000824 events=0x21
2026-10-03 00:48:04.055 [SETTLE] exp=2 gold=199366 len=403
2026-10-03 00:48:04.099 [EVENT] sock=2512 hEvent=00000824 events=0x0
2026-10-03 00:48:04.100 [EVENT] sock=2512 hEvent=00000824 events=0x21
2026-10-03 00:48:04.304 [EVENT] sock=2688 hEvent=00000A58 events=0x0
2026-10-03 00:48:04.304 [EVENT] sock=2688 hEvent=00000A58 events=0x21
2026-10-03 00:48:05.030 [EVENT] sock=2512 hEvent=00000824 events=0x0
2026-10-03 00:48:05.030 [EVENT] sock=2512 hEvent=00000824 events=0x21
2026-10-03 00:48:05.109 [EVENT] sock=2512 hEvent=00000824 events=0x0
2026-10-03 00:48:05.109 [EVENT] sock=2512 hEvent=00000824 events=0x21
2026-10-03 00:48:06.111 [EVENT] sock=2512 hEvent=00000824 events=0x0
2026-10-03 00:48:06.111 [EVENT] sock=2512 hEvent=00000824 events=0x21
2026-10-03 00:48:07.111 [EVENT] sock=2512 hEvent=00000824 events=0x0
2026-10-03 00:48:07.113 [EVENT] sock=2512 hEvent=00000824 events=0x21
2026-10-03 00:48:08.115 [EVENT] sock=2512 hEvent=00000824 events=0x0
2026-10-03 00:48:08.115 [EVENT] sock=2512 hEvent=00000824 events=0x21
2026-10-03 00:48:09.101 [EVENT] sock=2512 hEvent=00000824 events=0x0
2026-10-03 00:48:09.101 [EVENT] sock=2512 hEvent=00000824 events=0x21
2026-10-03 00:48:10.112 [EVENT] sock=2512 hEvent=00000824 events=0x0
2026-10-03 00:48:10.113 [EVENT] sock=2512 hEvent=00000824 events=0x21
2026-10-03 00:48:10.339 [EVENT] sock=2512 hEvent=00000824 events=0x0
2026-10-03 00:48:10.339 [EVENT] sock=2512 hEvent=00000824 events=0x21
2026-10-03 00:48:11.321 [EVENT] sock=2512 hEvent=00000824 events=0x0
2026-10-03 00:48:11.321 [EVENT] sock=2512 hEvent=00000824 events=0x21
2026-10-03 00:48:13.536 [EVENT] sock=2512 hEvent=00000824 events=0x0
2026-10-03 00:48:13.536 [EVENT] sock=2512 hEvent=00000824 events=0x21
2026-10-03 00:48:20.420 [EVENT] sock=2512 hEvent=00000824 events=0x0
2026-10-03 00:48:20.421 [EVENT] sock=2512 hEvent=00000824 events=0x21
2026-10-03 00:48:27.969 [EVENT] sock=2512 hEvent=00000824 events=0x0
2026-10-03 00:48:27.969 [EVENT] sock=2512 hEvent=00000824 events=0x21
2026-10-03 00:48:30.476 [EVENT] sock=2512 hEvent=00000824 events=0x0
2026-10-03 00:48:30.476 [EVENT] sock=2512 hEvent=00000824 events=0x21
2026-10-03 00:48:32.725 [SETTLE] exp=2 gold=199366 len=403
2026-10-03 00:48:32.774 [EVENT] sock=2512 hEvent=00000824 events=0x0
2026-10-03 00:48:32.775 [EVENT] sock=2512 hEvent=00000824 events=0x21
2026-10-03 00:48:33.114 [EVENT] sock=2512 hEvent=00000824 events=0x0
2026-10-03 00:48:33.114 [EVENT] sock=2512 hEvent=00000824 events=0x21
2026-10-03 00:48:33.781 [EVENT] sock=2512 hEvent=00000824 events=0x0
2026-10-03 00:48:33.782 [EVENT] sock=2512 hEvent=00000824 events=0x21
2026-10-03 00:48:34.304 [EVENT] sock=2688 hEvent=00000A58 events=0x0
2026-10-03 00:48:34.304 [EVENT] sock=2688 hEvent=00000A58 events=0x21
2026-10-03 00:48:34.752 [EVENT] sock=2512 hEvent=00000824 events=0x0
2026-10-03 00:48:34.752 [EVENT] sock=2512 hEvent=00000824 events=0x21
2026-10-03 00:48:34.783 [EVENT] sock=2512 hEvent=00000824 events=0x0
2026-10-03 00:48:34.783 [EVENT] sock=2512 hEvent=00000824 events=0x21
2026-10-03 00:48:35.777 [EVENT] sock=2512 hEvent=00000824 events=0x0
2026-10-03 00:48:35.777 [EVENT] sock=2512 hEvent=00000824 events=0x21
2026-10-03 00:48:36.777 [EVENT] sock=2512 hEvent=00000824 events=0x0
2026-10-03 00:48:36.778 [EVENT] sock=2512 hEvent=00000824 events=0x21
2026-10-03 00:48:37.786 [EVENT] sock=2512 hEvent=00000824 events=0x0
2026-10-03 00:48:37.787 [EVENT] sock=2512 hEvent=00000824 events=0x21
2026-10-03 00:48:38.786 [EVENT] sock=2512 hEvent=00000824 events=0x0
2026-10-03 00:48:38.795 [EVENT] sock=2512 hEvent=00000824 events=0x21
2026-10-03 00:48:39.788 [EVENT] sock=2512 hEvent=00000824 events=0x0
2026-10-03 00:48:39.789 [EVENT] sock=2512 hEvent=00000824 events=0x21
2026-10-03 00:48:40.788 [EVENT] sock=2512 hEvent=00000824 events=0x0
2026-10-03 00:48:40.788 [EVENT] sock=2512 hEvent=00000824 events=0x21
2026-10-03 00:48:41.022 [EVENT] sock=2512 hEvent=00000824 events=0x0
2026-10-03 00:48:41.022 [EVENT] sock=2512 hEvent=00000824 events=0x21
2026-10-03 00:48:42.011 [EVENT] sock=2512 hEvent=00000824 events=0x0
2026-10-03 00:48:42.011 [EVENT] sock=2512 hEvent=00000824 events=0x21
2026-10-03 00:48:44.214 [EVENT] sock=2512 hEvent=00000824 events=0x0
2026-10-03 00:48:44.214 [EVENT] sock=2512 hEvent=00000824 events=0x21
2026-10-03 00:48:51.082 [EVENT] sock=2512 hEvent=00000824 events=0x0
2026-10-03 00:48:51.082 [EVENT] sock=2512 hEvent=00000824 events=0x21
2026-10-03 00:48:54.146 [EVENT] sock=2512 hEvent=00000824 events=0x0
2026-10-03 00:48:54.146 [EVENT] sock=2512 hEvent=00000824 events=0x21
2026-10-03 00:49:01.133 [EVENT] sock=2512 hEvent=00000824 events=0x0
2026-10-03 00:49:01.133 [EVENT] sock=2512 hEvent=00000824 events=0x21
2026-10-03 00:49:02.683 [EVENT] sock=2512 hEvent=00000824 events=0x0
2026-10-03 00:49:02.683 [EVENT] sock=2512 hEvent=00000824 events=0x21
2026-10-03 00:49:04.304 [EVENT] sock=2688 hEvent=00000A58 events=0x0
2026-10-03 00:49:04.304 [EVENT] sock=2688 hEvent=00000A58 events=0x21
2026-10-03 00:49:07.479 [SETTLE] exp=1 gold=199366 len=393
2026-10-03 00:49:07.513 [EVENT] sock=2512 hEvent=00000824 events=0x0
2026-10-03 00:49:07.513 [EVENT] sock=2512 hEvent=00000824 events=0x21
2026-10-03 00:49:08.519 [EVENT] sock=2512 hEvent=00000824 events=0x0
2026-10-03 00:49:08.520 [EVENT] sock=2512 hEvent=00000824 events=0x21
2026-10-03 00:49:09.495 [EVENT] sock=2512 hEvent=00000824 events=0x0
2026-10-03 00:49:09.495 [EVENT] sock=2512 hEvent=00000824 events=0x21
2026-10-03 00:49:09.523 [EVENT] sock=2512 hEvent=00000824 events=0x0
2026-10-03 00:49:09.523 [EVENT] sock=2512 hEvent=00000824 events=0x21
2026-10-03 00:49:10.525 [EVENT] sock=2512 hEvent=00000824 events=0x0
2026-10-03 00:49:10.526 [EVENT] sock=2512 hEvent=00000824 events=0x21
2026-10-03 00:49:11.522 [EVENT] sock=2512 hEvent=00000824 events=0x0
2026-10-03 00:49:11.523 [EVENT] sock=2512 hEvent=00000824 events=0x21
2026-10-03 00:49:12.526 [EVENT] sock=2512 hEvent=00000824 events=0x0
2026-10-03 00:49:12.526 [EVENT] sock=2512 hEvent=00000824 events=0x21
2026-10-03 00:49:13.528 [EVENT] sock=2512 hEvent=00000824 events=0x0
2026-10-03 00:49:13.529 [EVENT] sock=2512 hEvent=00000824 events=0x21
2026-10-03 00:49:14.522 [EVENT] sock=2512 hEvent=00000824 events=0x0
2026-10-03 00:49:14.522 [EVENT] sock=2512 hEvent=00000824 events=0x21
2026-10-03 00:49:15.513 [EVENT] sock=2512 hEvent=00000824 events=0x0
2026-10-03 00:49:15.515 [EVENT] sock=2512 hEvent=00000824 events=0x21
2026-10-03 00:49:15.766 [EVENT] sock=2512 hEvent=00000824 events=0x0
2026-10-03 00:49:15.766 [EVENT] sock=2512 hEvent=00000824 events=0x21
2026-10-03 00:49:16.751 [EVENT] sock=2512 hEvent=00000824 events=0x0
2026-10-03 00:49:16.753 [EVENT] sock=2512 hEvent=00000824 events=0x21
2026-10-03 00:49:18.929 [EVENT] sock=2512 hEvent=00000824 events=0x0
2026-10-03 00:49:18.929 [EVENT] sock=2512 hEvent=00000824 events=0x21
2026-10-03 00:49:25.840 [EVENT] sock=2512 hEvent=00000824 events=0x0
2026-10-03 00:49:25.841 [EVENT] sock=2512 hEvent=00000824 events=0x21
2026-10-03 00:49:32.675 [EVENT] sock=2688 hEvent=00000A58 events=0x0
2026-10-03 00:49:32.676 [EVENT] sock=2688 hEvent=00000A58 events=0x21
2026-10-03 00:49:35.899 [EVENT] sock=2512 hEvent=00000824 events=0x0
2026-10-03 00:49:35.899 [EVENT] sock=2512 hEvent=00000824 events=0x21
2026-10-03 00:49:37.892 [SETTLE] exp=1 gold=199366 len=393
2026-10-03 00:49:37.926 [EVENT] sock=2512 hEvent=00000824 events=0x0
2026-10-03 00:49:37.926 [EVENT] sock=2512 hEvent=00000824 events=0x21
2026-10-03 00:49:38.935 [EVENT] sock=2512 hEvent=00000824 events=0x0
2026-10-03 00:49:38.935 [EVENT] sock=2512 hEvent=00000824 events=0x21
2026-10-03 00:49:39.934 [EVENT] sock=2512 hEvent=00000824 events=0x0
2026-10-03 00:49:39.935 [EVENT] sock=2512 hEvent=00000824 events=0x21
2026-10-03 00:49:40.937 [EVENT] sock=2512 hEvent=00000824 events=0x0
2026-10-03 00:49:40.937 [EVENT] sock=2512 hEvent=00000824 events=0x21
2026-10-03 00:49:41.694 [OP] 4613 inv=FFC1 len=62 #1 ca29e5af58d5dc590193f6a3e9cd194f6fc4a6463041550758ec6fc4a32bcaaa9564f7b130f40253ab809464510b8bfaf82b1f7926b35c3828d7fb2b1f80
2026-10-03 00:49:41.694 [OP] 4612 inv=FFF7 len=8 #2 ca805b6412b252fa
2026-10-03 00:49:41.927 [EVENT] sock=2512 hEvent=00000824 events=0x0
2026-10-03 00:49:41.928 [EVENT] sock=2512 hEvent=00000824 events=0x21
2026-10-03 00:49:42.938 [EVENT] sock=2512 hEvent=00000824 events=0x0
2026-10-03 00:49:42.938 [EVENT] sock=2512 hEvent=00000824 events=0x21
2026-10-03 00:49:43.934 [EVENT] sock=2512 hEvent=00000824 events=0x0
2026-10-03 00:49:43.934 [EVENT] sock=2512 hEvent=00000824 events=0x21
2026-10-03 00:49:44.933 [EVENT] sock=2512 hEvent=00000824 events=0x0
2026-10-03 00:49:44.935 [EVENT] sock=2512 hEvent=00000824 events=0x21
2026-10-03 00:49:45.939 [EVENT] sock=2512 hEvent=00000824 events=0x0
2026-10-03 00:49:45.940 [EVENT] sock=2512 hEvent=00000824 events=0x21
2026-10-03 00:49:46.207 [EVENT] sock=2512 hEvent=00000824 events=0x0
2026-10-03 00:49:46.207 [EVENT] sock=2512 hEvent=00000824 events=0x21
2026-10-03 00:49:47.150 [EVENT] sock=2512 hEvent=00000824 events=0x0
2026-10-03 00:49:47.151 [EVENT] sock=2512 hEvent=00000824 events=0x21
2026-10-03 00:49:49.410 [EVENT] sock=2512 hEvent=00000824 events=0x0
2026-10-03 00:49:49.410 [EVENT] sock=2512 hEvent=00000824 events=0x21
2026-10-03 00:49:56.282 [EVENT] sock=2512 hEvent=00000824 events=0x0
2026-10-03 00:49:56.282 [EVENT] sock=2512 hEvent=00000824 events=0x21
2026-10-03 00:50:04.311 [EVENT] sock=2688 hEvent=00000A58 events=0x0
2026-10-03 00:50:04.313 [EVENT] sock=2688 hEvent=00000A58 events=0x21
2026-10-03 00:50:06.340 [EVENT] sock=2512 hEvent=00000824 events=0x0
2026-10-03 00:50:06.340 [EVENT] sock=2512 hEvent=00000824 events=0x21
2026-10-03 00:50:12.582 [SETTLE] exp=2 gold=199366 len=403
2026-10-03 00:50:12.617 [EVENT] sock=2512 hEvent=00000824 events=0x0
2026-10-03 00:50:12.617 [EVENT] sock=2512 hEvent=00000824 events=0x21
2026-10-03 00:50:13.510 [EVENT] sock=2512 hEvent=00000824 events=0x0
2026-10-03 00:50:13.510 [EVENT] sock=2512 hEvent=00000824 events=0x21
2026-10-03 00:50:13.621 [EVENT] sock=2512 hEvent=00000824 events=0x0
2026-10-03 00:50:13.623 [EVENT] sock=2512 hEvent=00000824 events=0x21
2026-10-03 00:50:14.596 [EVENT] sock=2512 hEvent=00000824 events=0x0
2026-10-03 00:50:14.596 [EVENT] sock=2512 hEvent=00000824 events=0x21
2026-10-03 00:50:14.623 [EVENT] sock=2512 hEvent=00000824 events=0x0
2026-10-03 00:50:14.623 [EVENT] sock=2512 hEvent=00000824 events=0x21
2026-10-03 00:50:15.514 [EVENT] sock=2512 hEvent=00000824 events=0x0
2026-10-03 00:50:15.515 [EVENT] sock=2512 hEvent=00000824 events=0x21
2026-10-03 00:50:15.625 [EVENT] sock=2512 hEvent=00000824 events=0x0
2026-10-03 00:50:15.625 [EVENT] sock=2512 hEvent=00000824 events=0x21
2026-10-03 00:50:16.597 [EVENT] sock=2512 hEvent=00000824 events=0x0
2026-10-03 00:50:16.597 [EVENT] sock=2512 hEvent=00000824 events=0x21
2026-10-03 00:50:16.626 [EVENT] sock=2512 hEvent=00000824 events=0x0
2026-10-03 00:50:16.627 [EVENT] sock=2512 hEvent=00000824 events=0x21
2026-10-03 00:50:17.529 [EVENT] sock=2512 hEvent=00000824 events=0x0
2026-10-03 00:50:17.529 [EVENT] sock=2512 hEvent=00000824 events=0x21
2026-10-03 00:50:17.625 [EVENT] sock=2512 hEvent=00000824 events=0x0
2026-10-03 00:50:17.625 [EVENT] sock=2512 hEvent=00000824 events=0x21
2026-10-03 00:50:18.632 [EVENT] sock=2512 hEvent=00000824 events=0x0
2026-10-03 00:50:18.632 [EVENT] sock=2512 hEvent=00000824 events=0x21
2026-10-03 00:50:18.909 [EVENT] sock=2512 hEvent=00000824 events=0x0
2026-10-03 00:50:18.909 [EVENT] sock=2512 hEvent=00000824 events=0x21
2026-10-03 00:50:19.849 [EVENT] sock=2512 hEvent=00000824 events=0x0
2026-10-03 00:50:19.849 [EVENT] sock=2512 hEvent=00000824 events=0x21
2026-10-03 00:50:24.090 [EVENT] sock=2512 hEvent=00000824 events=0x0
2026-10-03 00:50:24.090 [EVENT] sock=2512 hEvent=00000824 events=0x21
2026-10-03 00:50:28.965 [EVENT] sock=2512 hEvent=00000824 events=0x0
2026-10-03 00:50:28.965 [EVENT] sock=2512 hEvent=00000824 events=0x21
2026-10-03 00:50:34.313 [EVENT] sock=2688 hEvent=00000A58 events=0x0
2026-10-03 00:50:34.313 [EVENT] sock=2688 hEvent=00000A58 events=0x21
2026-10-03 00:50:38.351 [OP] 4613 inv=FFC1 len=62 #2 ca29e5af58d5dc590193f6a3e9cd194f6fc4a6463041550758ec6fc4a32bcaaa9564f7b130f40253ab809464510b8bfaf82b1f7926b35c3828d7fb2b1f80
2026-10-03 00:50:38.450 [OP] 4612 inv=FFF7 len=8 #3 ca805b6412b252fa
2026-10-03 00:50:39.026 [EVENT] sock=2512 hEvent=00000824 events=0x0
2026-10-03 00:50:39.027 [EVENT] sock=2512 hEvent=00000824 events=0x21
2026-10-03 00:50:45.631 [OP] 4707 inv=FFF3 len=12 #2 8b3bad8023ecfc0b17faa32b
2026-10-03 00:50:45.721 [SETTLE] exp=1 gold=199366 len=393
2026-10-03 00:50:45.722 [OP] 4612 inv=FFF7 len=8 #4 ca805b647c8052fa
2026-10-03 00:50:45.761 [EVENT] sock=2512 hEvent=00000824 events=0x0
2026-10-03 00:50:45.761 [EVENT] sock=2512 hEvent=00000824 events=0x21
2026-10-03 00:50:46.777 [EVENT] sock=2512 hEvent=00000824 events=0x0
2026-10-03 00:50:46.778 [EVENT] sock=2512 hEvent=00000824 events=0x21
2026-10-03 00:50:47.773 [EVENT] sock=2512 hEvent=00000824 events=0x0
2026-10-03 00:50:47.773 [EVENT] sock=2512 hEvent=00000824 events=0x21
2026-10-03 00:50:48.770 [EVENT] sock=2512 hEvent=00000824 events=0x0
2026-10-03 00:50:48.772 [EVENT] sock=2512 hEvent=00000824 events=0x21
2026-10-03 00:50:49.771 [EVENT] sock=2512 hEvent=00000824 events=0x0
2026-10-03 00:50:49.771 [EVENT] sock=2512 hEvent=00000824 events=0x21
2026-10-03 00:50:50.775 [EVENT] sock=2512 hEvent=00000824 events=0x0
2026-10-03 00:50:50.776 [EVENT] sock=2512 hEvent=00000824 events=0x21
2026-10-03 00:50:51.773 [EVENT] sock=2512 hEvent=00000824 events=0x0
2026-10-03 00:50:51.774 [EVENT] sock=2512 hEvent=00000824 events=0x21
2026-10-03 00:50:52.007 [EVENT] sock=2512 hEvent=00000824 events=0x0
2026-10-03 00:50:52.009 [EVENT] sock=2512 hEvent=00000824 events=0x21
2026-10-03 00:50:52.972 [EVENT] sock=2512 hEvent=00000824 events=0x0
2026-10-03 00:50:52.972 [EVENT] sock=2512 hEvent=00000824 events=0x21
2026-10-03 00:50:55.304 [EVENT] sock=2512 hEvent=00000824 events=0x0
2026-10-03 00:50:55.304 [EVENT] sock=2512 hEvent=00000824 events=0x21
2026-10-03 00:51:02.073 [EVENT] sock=2512 hEvent=00000824 events=0x0
2026-10-03 00:51:02.073 [EVENT] sock=2512 hEvent=00000824 events=0x21
2026-10-03 00:51:04.314 [EVENT] sock=2688 hEvent=00000A58 events=0x0
2026-10-03 00:51:04.314 [EVENT] sock=2688 hEvent=00000A58 events=0x21
2026-10-03 00:51:08.157 [EVENT] sock=2512 hEvent=00000824 events=0x0
2026-10-03 00:51:08.157 [EVENT] sock=2512 hEvent=00000824 events=0x21
2026-10-03 00:51:11.471 [SETTLE] exp=1 gold=199366 len=403
2026-10-03 00:51:11.503 [EVENT] sock=2512 hEvent=00000824 events=0x0
2026-10-03 00:51:11.503 [EVENT] sock=2512 hEvent=00000824 events=0x21
2026-10-03 00:51:11.716 [EVENT] sock=2512 hEvent=00000824 events=0x0
2026-10-03 00:51:11.717 [EVENT] sock=2512 hEvent=00000824 events=0x21
2026-10-03 00:51:12.518 [EVENT] sock=2512 hEvent=00000824 events=0x0
2026-10-03 00:51:12.518 [EVENT] sock=2512 hEvent=00000824 events=0x21
2026-10-03 00:51:13.513 [EVENT] sock=2512 hEvent=00000824 events=0x0
2026-10-03 00:51:13.514 [EVENT] sock=2512 hEvent=00000824 events=0x21
2026-10-03 00:51:14.513 [EVENT] sock=2512 hEvent=00000824 events=0x0
2026-10-03 00:51:14.514 [EVENT] sock=2512 hEvent=00000824 events=0x21
2026-10-03 00:51:15.513 [EVENT] sock=2512 hEvent=00000824 events=0x0
2026-10-03 00:51:15.514 [EVENT] sock=2512 hEvent=00000824 events=0x21
2026-10-03 00:51:16.513 [EVENT] sock=2512 hEvent=00000824 events=0x0
2026-10-03 00:51:16.514 [EVENT] sock=2512 hEvent=00000824 events=0x21
2026-10-03 00:51:17.364 [OP] 4613 inv=FFC1 len=62 #3 ca29e5af58d5dc590193f6a3e9cd194f6fc4a6463041550758ec6fc4a32bcaaa9564f7b130f40253ab809464580b8bfaf82b1f7926b35c3828d7fb2b1f80
2026-10-03 00:51:17.506 [EVENT] sock=2512 hEvent=00000824 events=0x0
2026-10-03 00:51:17.506 [EVENT] sock=2512 hEvent=00000824 events=0x21
2026-10-03 00:51:18.503 [EVENT] sock=2512 hEvent=00000824 events=0x0
2026-10-03 00:51:18.504 [EVENT] sock=2512 hEvent=00000824 events=0x21
2026-10-03 00:51:19.511 [EVENT] sock=2512 hEvent=00000824 events=0x0
2026-10-03 00:51:19.512 [EVENT] sock=2512 hEvent=00000824 events=0x21
2026-10-03 00:51:20.141 [EVENT] sock=2512 hEvent=00000824 events=0x0
2026-10-03 00:51:20.141 [EVENT] sock=2512 hEvent=00000824 events=0x21
2026-10-03 00:51:21.098 [EVENT] sock=2512 hEvent=00000824 events=0x0
2026-10-03 00:51:21.100 [EVENT] sock=2512 hEvent=00000824 events=0x21
2026-10-03 00:51:23.651 [EVENT] sock=2512 hEvent=00000824 events=0x0
2026-10-03 00:51:23.651 [EVENT] sock=2512 hEvent=00000824 events=0x21
2026-10-03 00:51:25.588 [OP] 4040 inv=FFE1 len=30 #1 efc2392b5207c464530bdcfa9702074c724ed463dcfaa32b1f805b64510b
2026-10-03 00:51:25.600 [EVENT] sock=2512 hEvent=00000824 events=0x0
2026-10-03 00:51:25.600 [OUT] 0037 inv=FFF7 len=12 #1 f7ff3700d83fcf7841cdfc0b
2026-10-03 00:51:25.600 [EVENT] sock=2512 hEvent=00000824 events=0x21
2026-10-03 00:51:30.498 [EVENT] sock=2512 hEvent=00000824 events=0x0
2026-10-03 00:51:30.498 [EVENT] sock=2512 hEvent=00000824 events=0x21
2026-10-03 00:51:34.314 [EVENT] sock=2688 hEvent=00000A58 events=0x0
2026-10-03 00:51:34.314 [EVENT] sock=2688 hEvent=00000A58 events=0x21
2026-10-03 00:51:38.802 [EVENT] sock=2512 hEvent=00000824 events=0x0
2026-10-03 00:51:38.803 [EVENT] sock=2512 hEvent=00000824 events=0x21
2026-10-03 00:51:40.555 [EVENT] sock=2512 hEvent=00000824 events=0x0
2026-10-03 00:51:40.556 [EVENT] sock=2512 hEvent=00000824 events=0x21
2026-10-03 00:51:41.908 [OP] 4613 inv=FFB9 len=70 #4 95f3ddbf6fe02298bd798a6c0e2e585b68a9182c94df55536a6d8d503ea6ed7f58ec6ffaa353caaa5b42b2d48b98f8671f805b6451b1dcfaa32beceb066d0d4079bbea2b1f80
2026-10-03 00:51:41.908 [OP] 4612 inv=FFF7 len=8 #5 ca805b647c8052fa
2026-10-03 00:51:43.549 [SETTLE] exp=2 gold=199366 len=403
2026-10-03 00:51:43.578 [EVENT] sock=2512 hEvent=00000824 events=0x0
2026-10-03 00:51:43.578 [EVENT] sock=2512 hEvent=00000824 events=0x21
2026-10-03 00:51:43.859 [EVENT] sock=2512 hEvent=00000824 events=0x0
2026-10-03 00:51:43.859 [EVENT] sock=2512 hEvent=00000824 events=0x21
2026-10-03 00:51:45.570 [EVENT] sock=2512 hEvent=00000824 events=0x0
2026-10-03 00:51:45.570 [EVENT] sock=2512 hEvent=00000824 events=0x21
2026-10-03 00:51:53.587 [EVENT] sock=2512 hEvent=00000824 events=0x0
2026-10-03 00:51:53.587 [EVENT] sock=2512 hEvent=00000824 events=0x21
2026-10-03 00:52:04.088 [EVENT] sock=2512 hEvent=00000824 events=0x0
2026-10-03 00:52:04.088 [EVENT] sock=2512 hEvent=00000824 events=0x21
2026-10-03 00:52:04.315 [EVENT] sock=2688 hEvent=00000A58 events=0x0
2026-10-03 00:52:04.315 [EVENT] sock=2688 hEvent=00000A58 events=0x21
2026-10-03 00:52:13.950 [PIPE] controller disconnected
2026-10-03 00:52:14.137 [EVENT] sock=2512 hEvent=00000824 events=0x0
2026-10-03 00:52:14.137 [EVENT] sock=2512 hEvent=00000824 events=0x21
2026-10-03 00:52:24.113 [OP] 4613 inv=FFB9 len=70 #5 95f3ddbf6fe02298bd798a6c0e2e585b68a9182c94df55536a6d8d503ea6ed7f58ec6ffaa353caaa5b42b2d48b98f8671f805b6451b1dcfaa32beceb066d0d4079bbea2b1f80
2026-10-03 00:52:25.121 [EVENT] sock=2512 hEvent=00000824 events=0x0
2026-10-03 00:52:25.124 [EVENT] sock=2512 hEvent=00000824 events=0x21
2026-10-03 00:52:29.317 [OP] 4040 inv=FFE1 len=30 #2 efc2392b9b87c464ac0bdcfa3499974dbe2e6b9661faa32b1f805b64510b
2026-10-03 00:52:29.333 [EVENT] sock=2512 hEvent=00000824 events=0x0
2026-10-03 00:52:29.333 [OUT] 0037 inv=FFF7 len=12 #2 f7ff3700d825027823ecfc0b
2026-10-03 00:52:29.333 [EVENT] sock=2512 hEvent=00000824 events=0x21
2026-10-03 00:52:29.395 [OP] 4705 inv=FFB8 len=71 #1 d36b7f5134a722a37d67ce5bbbb20bdcfaa32b1fbc1c64510bdcfaa30459805b64510bdc39db2b1f805b645131dcfaa3a71f805b2751a2da2bf061f1341a64510bdcfaa32b1f80
2026-10-03 00:52:32.124 [OP] 4040 inv=FFE1 len=30 #3 efc2392b5207c464530bdcfa9702074c724ed463dcfaa32b1f805b64510b
2026-10-03 00:52:32.134 [EVENT] sock=2512 hEvent=00000824 events=0x0
2026-10-03 00:52:32.134 [OUT] 0037 inv=FFF7 len=12 #3 f7ff3700d8f1027841cdfc0b
2026-10-03 00:52:32.134 [EVENT] sock=2512 hEvent=00000824 events=0x21
2026-10-03 00:52:32.186 [OP] 4705 inv=FFB8 len=71 #2 d36b7f5134a722a319f3ce5b4d310bdcfaa32b1f532764510bdcfaa34fca805b64510bdc45db2b1f805b645131dcfaa33a1f805b6651d286033d6643505b64510bdcfaa32b1f80
2026-10-03 00:52:34.315 [EVENT] sock=2688 hEvent=00000A58 events=0x0
2026-10-03 00:52:34.315 [EVENT] sock=2688 hEvent=00000A58 events=0x21
2026-10-03 00:52:35.185 [EVENT] sock=2512 hEvent=00000824 events=0x0
2026-10-03 00:52:35.185 [EVENT] sock=2512 hEvent=00000824 events=0x21
2026-10-03 00:52:37.824 [EVENT] sock=2512 hEvent=00000824 events=0x0
2026-10-03 00:52:37.825 [EVENT] sock=2512 hEvent=00000824 events=0x21
2026-10-03 00:52:38.827 [EVENT] sock=2512 hEvent=00000824 events=0x0
2026-10-03 00:52:38.827 [EVENT] sock=2512 hEvent=00000824 events=0x21
2026-10-03 00:52:39.835 [EVENT] sock=2512 hEvent=00000824 events=0x0
2026-10-03 00:52:39.835 [EVENT] sock=2512 hEvent=00000824 events=0x21
2026-10-03 00:52:40.831 [EVENT] sock=2512 hEvent=00000824 events=0x0
2026-10-03 00:52:40.832 [EVENT] sock=2512 hEvent=00000824 events=0x21
2026-10-03 00:52:41.831 [EVENT] sock=2512 hEvent=00000824 events=0x0
2026-10-03 00:52:41.832 [EVENT] sock=2512 hEvent=00000824 events=0x21
2026-10-03 00:52:42.836 [EVENT] sock=2512 hEvent=00000824 events=0x0
2026-10-03 00:52:42.836 [EVENT] sock=2512 hEvent=00000824 events=0x21
2026-10-03 00:52:43.840 [EVENT] sock=2512 hEvent=00000824 events=0x0
2026-10-03 00:52:43.842 [EVENT] sock=2512 hEvent=00000824 events=0x21
2026-10-03 00:52:44.824 [EVENT] sock=2512 hEvent=00000824 events=0x0
2026-10-03 00:52:44.825 [EVENT] sock=2512 hEvent=00000824 events=0x21
2026-10-03 00:52:45.096 [EVENT] sock=2512 hEvent=00000824 events=0x0
2026-10-03 00:52:45.097 [EVENT] sock=2512 hEvent=00000824 events=0x21
2026-10-03 00:52:46.036 [EVENT] sock=2512 hEvent=00000824 events=0x0
2026-10-03 00:52:46.037 [EVENT] sock=2512 hEvent=00000824 events=0x21
2026-10-03 00:52:48.300 [EVENT] sock=2512 hEvent=00000824 events=0x0
2026-10-03 00:52:48.300 [EVENT] sock=2512 hEvent=00000824 events=0x21
2026-10-03 00:52:55.160 [EVENT] sock=2512 hEvent=00000824 events=0x0
2026-10-03 00:52:55.160 [EVENT] sock=2512 hEvent=00000824 events=0x21
2026-10-03 00:53:03.868 [SETTLE] exp=2 gold=199366 len=393
2026-10-03 00:53:03.911 [EVENT] sock=2512 hEvent=00000824 events=0x0
2026-10-03 00:53:03.911 [EVENT] sock=2512 hEvent=00000824 events=0x21
2026-10-03 00:53:04.317 [EVENT] sock=2688 hEvent=00000A58 events=0x0
2026-10-03 00:53:04.317 [EVENT] sock=2688 hEvent=00000A58 events=0x21
2026-10-03 00:53:04.916 [EVENT] sock=2512 hEvent=00000824 events=0x0
2026-10-03 00:53:04.917 [EVENT] sock=2512 hEvent=00000824 events=0x21
2026-10-03 00:53:05.915 [EVENT] sock=2512 hEvent=00000824 events=0x0
2026-10-03 00:53:05.917 [EVENT] sock=2512 hEvent=00000824 events=0x21
2026-10-03 00:53:06.921 [EVENT] sock=2512 hEvent=00000824 events=0x0
2026-10-03 00:53:06.921 [EVENT] sock=2512 hEvent=00000824 events=0x21
2026-10-03 00:53:07.923 [EVENT] sock=2512 hEvent=00000824 events=0x0
2026-10-03 00:53:07.924 [EVENT] sock=2512 hEvent=00000824 events=0x21
2026-10-03 00:53:08.914 [EVENT] sock=2512 hEvent=00000824 events=0x0
2026-10-03 00:53:08.914 [EVENT] sock=2512 hEvent=00000824 events=0x21
2026-10-03 00:53:09.923 [EVENT] sock=2512 hEvent=00000824 events=0x0
2026-10-03 00:53:09.923 [EVENT] sock=2512 hEvent=00000824 events=0x21
2026-10-03 00:53:10.914 [EVENT] sock=2512 hEvent=00000824 events=0x0
2026-10-03 00:53:10.915 [EVENT] sock=2512 hEvent=00000824 events=0x21
2026-10-03 00:53:11.270 [EVENT] sock=2512 hEvent=00000824 events=0x0
2026-10-03 00:53:11.270 [EVENT] sock=2512 hEvent=00000824 events=0x21
2026-10-03 00:53:12.227 [EVENT] sock=2512 hEvent=00000824 events=0x0
2026-10-03 00:53:12.227 [EVENT] sock=2512 hEvent=00000824 events=0x21
2026-10-03 00:53:14.383 [EVENT] sock=2512 hEvent=00000824 events=0x0
2026-10-03 00:53:14.383 [EVENT] sock=2512 hEvent=00000824 events=0x21
2026-10-03 00:53:21.337 [EVENT] sock=2512 hEvent=00000824 events=0x0
2026-10-03 00:53:21.337 [EVENT] sock=2512 hEvent=00000824 events=0x21
2026-10-03 00:53:26.732 [EVENT] sock=2512 hEvent=00000824 events=0x0
2026-10-03 00:53:26.733 [EVENT] sock=2512 hEvent=00000824 events=0x21
2026-10-03 00:53:31.399 [EVENT] sock=2512 hEvent=00000824 events=0x0
2026-10-03 00:53:31.400 [EVENT] sock=2512 hEvent=00000824 events=0x21
2026-10-03 00:53:31.535 [SETTLE] exp=1 gold=199366 len=403
2026-10-03 00:53:31.575 [EVENT] sock=2512 hEvent=00000824 events=0x0
2026-10-03 00:53:31.575 [EVENT] sock=2512 hEvent=00000824 events=0x21
2026-10-03 00:53:32.215 [EVENT] sock=2512 hEvent=00000824 events=0x0
2026-10-03 00:53:32.215 [EVENT] sock=2512 hEvent=00000824 events=0x21
2026-10-03 00:53:32.583 [EVENT] sock=2512 hEvent=00000824 events=0x0
2026-10-03 00:53:32.583 [EVENT] sock=2512 hEvent=00000824 events=0x21
2026-10-03 00:53:33.590 [EVENT] sock=2512 hEvent=00000824 events=0x0
2026-10-03 00:53:33.591 [EVENT] sock=2512 hEvent=00000824 events=0x21
2026-10-03 00:53:34.319 [EVENT] sock=2688 hEvent=00000A58 events=0x0
2026-10-03 00:53:34.319 [EVENT] sock=2688 hEvent=00000A58 events=0x21
2026-10-03 00:53:34.574 [EVENT] sock=2512 hEvent=00000824 events=0x0
2026-10-03 00:53:34.575 [EVENT] sock=2512 hEvent=00000824 events=0x21
2026-10-03 00:53:35.580 [EVENT] sock=2512 hEvent=00000824 events=0x0
2026-10-03 00:53:35.580 [EVENT] sock=2512 hEvent=00000824 events=0x21
2026-10-03 00:53:36.578 [EVENT] sock=2512 hEvent=00000824 events=0x0
2026-10-03 00:53:36.579 [EVENT] sock=2512 hEvent=00000824 events=0x21
2026-10-03 00:53:37.580 [EVENT] sock=2512 hEvent=00000824 events=0x0
2026-10-03 00:53:37.581 [EVENT] sock=2512 hEvent=00000824 events=0x21
2026-10-03 00:53:38.580 [EVENT] sock=2512 hEvent=00000824 events=0x0
2026-10-03 00:53:38.581 [EVENT] sock=2512 hEvent=00000824 events=0x21
2026-10-03 00:53:38.847 [EVENT] sock=2512 hEvent=00000824 events=0x0
2026-10-03 00:53:38.847 [EVENT] sock=2512 hEvent=00000824 events=0x21
2026-10-03 00:53:39.787 [EVENT] sock=2512 hEvent=00000824 events=0x0
2026-10-03 00:53:39.787 [EVENT] sock=2512 hEvent=00000824 events=0x21
2026-10-03 00:53:41.977 [EVENT] sock=2512 hEvent=00000824 events=0x0
2026-10-03 00:53:41.977 [EVENT] sock=2512 hEvent=00000824 events=0x21
2026-10-03 00:53:48.640 [PIPE] controller connected
2026-10-03 00:53:48.917 [EVENT] sock=2512 hEvent=00000824 events=0x0
2026-10-03 00:53:48.917 [EVENT] sock=2512 hEvent=00000824 events=0x21
2026-10-03 00:53:58.165 [SETTLE] exp=1 gold=199366 len=393
2026-10-03 00:53:58.212 [EVENT] sock=2512 hEvent=00000824 events=0x0
2026-10-03 00:53:58.212 [EVENT] sock=2512 hEvent=00000824 events=0x21
2026-10-03 00:53:59.210 [EVENT] sock=2512 hEvent=00000824 events=0x0
2026-10-03 00:53:59.211 [EVENT] sock=2512 hEvent=00000824 events=0x21
2026-10-03 00:54:00.203 [EVENT] sock=2512 hEvent=00000824 events=0x0
2026-10-03 00:54:00.203 [EVENT] sock=2512 hEvent=00000824 events=0x21
2026-10-03 00:54:00.216 [EVENT] sock=2512 hEvent=00000824 events=0x0
2026-10-03 00:54:00.216 [EVENT] sock=2512 hEvent=00000824 events=0x21
2026-10-03 00:54:01.221 [EVENT] sock=2512 hEvent=00000824 events=0x0
2026-10-03 00:54:01.221 [EVENT] sock=2512 hEvent=00000824 events=0x21
2026-10-03 00:54:02.212 [EVENT] sock=2512 hEvent=00000824 events=0x0
2026-10-03 00:54:02.213 [EVENT] sock=2512 hEvent=00000824 events=0x21
2026-10-03 00:54:03.212 [EVENT] sock=2512 hEvent=00000824 events=0x0
2026-10-03 00:54:03.212 [EVENT] sock=2512 hEvent=00000824 events=0x21
2026-10-03 00:54:04.208 [EVENT] sock=2512 hEvent=00000824 events=0x0
2026-10-03 00:54:04.209 [EVENT] sock=2512 hEvent=00000824 events=0x21
2026-10-03 00:54:04.319 [EVENT] sock=2688 hEvent=00000A58 events=0x0
2026-10-03 00:54:04.319 [EVENT] sock=2688 hEvent=00000A58 events=0x21
2026-10-03 00:54:05.220 [EVENT] sock=2512 hEvent=00000824 events=0x0
2026-10-03 00:54:05.221 [EVENT] sock=2512 hEvent=00000824 events=0x21
2026-10-03 00:54:06.220 [EVENT] sock=2512 hEvent=00000824 events=0x0
2026-10-03 00:54:06.221 [EVENT] sock=2512 hEvent=00000824 events=0x21
2026-10-03 00:54:07.219 [EVENT] sock=2512 hEvent=00000824 events=0x0
2026-10-03 00:54:07.220 [EVENT] sock=2512 hEvent=00000824 events=0x21
2026-10-03 00:54:07.620 [EVENT] sock=2512 hEvent=00000824 events=0x0
2026-10-03 00:54:07.621 [EVENT] sock=2512 hEvent=00000824 events=0x21
2026-10-03 00:54:08.578 [EVENT] sock=2512 hEvent=00000824 events=0x0
2026-10-03 00:54:08.578 [EVENT] sock=2512 hEvent=00000824 events=0x21
2026-10-03 00:54:10.778 [EVENT] sock=2512 hEvent=00000824 events=0x0
2026-10-03 00:54:10.778 [EVENT] sock=2512 hEvent=00000824 events=0x21
2026-10-03 00:54:17.688 [EVENT] sock=2512 hEvent=00000824 events=0x0
2026-10-03 00:54:17.689 [EVENT] sock=2512 hEvent=00000824 events=0x21
2026-10-03 00:54:25.081 [SETTLE] exp=1 gold=199366 len=393
2026-10-03 00:54:25.122 [EVENT] sock=2512 hEvent=00000824 events=0x0
2026-10-03 00:54:25.122 [EVENT] sock=2512 hEvent=00000824 events=0x21
2026-10-03 00:54:26.124 [EVENT] sock=2512 hEvent=00000824 events=0x0
2026-10-03 00:54:26.126 [EVENT] sock=2512 hEvent=00000824 events=0x21
2026-10-03 00:54:27.125 [EVENT] sock=2512 hEvent=00000824 events=0x0
2026-10-03 00:54:27.125 [EVENT] sock=2512 hEvent=00000824 events=0x21
2026-10-03 00:54:28.132 [EVENT] sock=2512 hEvent=00000824 events=0x0
2026-10-03 00:54:28.132 [EVENT] sock=2512 hEvent=00000824 events=0x21
2026-10-03 00:54:29.135 [EVENT] sock=2512 hEvent=00000824 events=0x0
2026-10-03 00:54:29.135 [EVENT] sock=2512 hEvent=00000824 events=0x21
2026-10-03 00:54:30.135 [EVENT] sock=2512 hEvent=00000824 events=0x0
2026-10-03 00:54:30.136 [EVENT] sock=2512 hEvent=00000824 events=0x21
2026-10-03 00:54:30.407 [EVENT] sock=2512 hEvent=00000824 events=0x0
2026-10-03 00:54:30.408 [EVENT] sock=2512 hEvent=00000824 events=0x21
2026-10-03 00:54:31.367 [EVENT] sock=2512 hEvent=00000824 events=0x0
2026-10-03 00:54:31.368 [EVENT] sock=2512 hEvent=00000824 events=0x21
2026-10-03 00:54:33.549 [EVENT] sock=2512 hEvent=00000824 events=0x0
2026-10-03 00:54:33.550 [EVENT] sock=2512 hEvent=00000824 events=0x21
2026-10-03 00:54:34.319 [EVENT] sock=2688 hEvent=00000A58 events=0x0
2026-10-03 00:54:34.319 [EVENT] sock=2688 hEvent=00000A58 events=0x21
2026-10-03 00:54:40.468 [EVENT] sock=2512 hEvent=00000824 events=0x0
2026-10-03 00:54:40.469 [EVENT] sock=2512 hEvent=00000824 events=0x21
2026-10-03 00:54:43.022 [SETTLE] exp=2 gold=199366 len=393
2026-10-03 00:54:43.060 [EVENT] sock=2512 hEvent=00000824 events=0x0
2026-10-03 00:54:43.060 [EVENT] sock=2512 hEvent=00000824 events=0x21
2026-10-03 00:54:44.065 [EVENT] sock=2512 hEvent=00000824 events=0x0
2026-10-03 00:54:44.066 [EVENT] sock=2512 hEvent=00000824 events=0x21
2026-10-03 00:54:45.067 [EVENT] sock=2512 hEvent=00000824 events=0x0
2026-10-03 00:54:45.068 [EVENT] sock=2512 hEvent=00000824 events=0x21
2026-10-03 00:54:46.065 [EVENT] sock=2512 hEvent=00000824 events=0x0
2026-10-03 00:54:46.066 [EVENT] sock=2512 hEvent=00000824 events=0x21
2026-10-03 00:54:47.076 [EVENT] sock=2512 hEvent=00000824 events=0x0
2026-10-03 00:54:47.076 [EVENT] sock=2512 hEvent=00000824 events=0x21
2026-10-03 00:54:48.075 [EVENT] sock=2512 hEvent=00000824 events=0x0
2026-10-03 00:54:48.075 [EVENT] sock=2512 hEvent=00000824 events=0x21
2026-10-03 00:54:49.060 [EVENT] sock=2512 hEvent=00000824 events=0x0
2026-10-03 00:54:49.061 [EVENT] sock=2512 hEvent=00000824 events=0x21
2026-10-03 00:54:50.061 [EVENT] sock=2512 hEvent=00000824 events=0x0
2026-10-03 00:54:50.061 [EVENT] sock=2512 hEvent=00000824 events=0x21
2026-10-03 00:54:50.315 [EVENT] sock=2512 hEvent=00000824 events=0x0
2026-10-03 00:54:50.316 [EVENT] sock=2512 hEvent=00000824 events=0x21
2026-10-03 00:54:51.278 [EVENT] sock=2512 hEvent=00000824 events=0x0
2026-10-03 00:54:51.278 [EVENT] sock=2512 hEvent=00000824 events=0x21
2026-10-03 00:54:53.493 [EVENT] sock=2512 hEvent=00000824 events=0x0
2026-10-03 00:54:53.493 [EVENT] sock=2512 hEvent=00000824 events=0x21
2026-10-03 00:55:00.375 [EVENT] sock=2512 hEvent=00000824 events=0x0
2026-10-03 00:55:00.375 [EVENT] sock=2512 hEvent=00000824 events=0x21
2026-10-03 00:55:04.319 [EVENT] sock=2688 hEvent=00000A58 events=0x0
2026-10-03 00:55:04.319 [EVENT] sock=2688 hEvent=00000A58 events=0x21
2026-10-03 00:55:04.439 [SETTLE] exp=1 gold=199366 len=403
2026-10-03 00:55:04.467 [EVENT] sock=2512 hEvent=00000824 events=0x0
2026-10-03 00:55:04.468 [EVENT] sock=2512 hEvent=00000824 events=0x21
2026-10-03 00:55:04.564 [EVENT] sock=2512 hEvent=00000824 events=0x0
2026-10-03 00:55:04.564 [EVENT] sock=2512 hEvent=00000824 events=0x21
2026-10-03 00:55:05.470 [EVENT] sock=2512 hEvent=00000824 events=0x0
2026-10-03 00:55:05.470 [EVENT] sock=2512 hEvent=00000824 events=0x21
2026-10-03 00:55:06.471 [EVENT] sock=2512 hEvent=00000824 events=0x0
2026-10-03 00:55:06.471 [EVENT] sock=2512 hEvent=00000824 events=0x21
2026-10-03 00:55:07.471 [EVENT] sock=2512 hEvent=00000824 events=0x0
2026-10-03 00:55:07.471 [EVENT] sock=2512 hEvent=00000824 events=0x21
2026-10-03 00:55:08.470 [EVENT] sock=2512 hEvent=00000824 events=0x0
2026-10-03 00:55:08.472 [EVENT] sock=2512 hEvent=00000824 events=0x21
2026-10-03 00:55:09.473 [EVENT] sock=2512 hEvent=00000824 events=0x0
2026-10-03 00:55:09.474 [EVENT] sock=2512 hEvent=00000824 events=0x21
2026-10-03 00:55:10.468 [EVENT] sock=2512 hEvent=00000824 events=0x0
2026-10-03 00:55:10.470 [EVENT] sock=2512 hEvent=00000824 events=0x21
2026-10-03 00:55:11.469 [EVENT] sock=2512 hEvent=00000824 events=0x0
2026-10-03 00:55:11.469 [EVENT] sock=2512 hEvent=00000824 events=0x21
2026-10-03 00:55:11.736 [EVENT] sock=2512 hEvent=00000824 events=0x0
2026-10-03 00:55:11.736 [EVENT] sock=2512 hEvent=00000824 events=0x21
2026-10-03 00:55:12.661 [EVENT] sock=2512 hEvent=00000824 events=0x0
2026-10-03 00:55:12.661 [EVENT] sock=2512 hEvent=00000824 events=0x21
2026-10-03 00:55:14.802 [EVENT] sock=2512 hEvent=00000824 events=0x0
2026-10-03 00:55:14.802 [EVENT] sock=2512 hEvent=00000824 events=0x21
2026-10-03 00:55:21.791 [EVENT] sock=2512 hEvent=00000824 events=0x0
2026-10-03 00:55:21.791 [EVENT] sock=2512 hEvent=00000824 events=0x21
2026-10-03 00:55:28.123 [SETTLE] exp=1 gold=199366 len=403
2026-10-03 00:55:28.165 [EVENT] sock=2512 hEvent=00000824 events=0x0
2026-10-03 00:55:28.165 [EVENT] sock=2512 hEvent=00000824 events=0x21
2026-10-03 00:55:28.643 [EVENT] sock=2512 hEvent=00000824 events=0x0
2026-10-03 00:55:28.644 [EVENT] sock=2512 hEvent=00000824 events=0x21
2026-10-03 00:55:29.174 [EVENT] sock=2512 hEvent=00000824 events=0x0
2026-10-03 00:55:29.175 [EVENT] sock=2512 hEvent=00000824 events=0x21
2026-10-03 00:55:30.149 [EVENT] sock=2512 hEvent=00000824 events=0x0
2026-10-03 00:55:30.149 [EVENT] sock=2512 hEvent=00000824 events=0x21
2026-10-03 00:55:30.175 [EVENT] sock=2512 hEvent=00000824 events=0x0
2026-10-03 00:55:30.176 [EVENT] sock=2512 hEvent=00000824 events=0x21
2026-10-03 00:55:31.177 [EVENT] sock=2512 hEvent=00000824 events=0x0
2026-10-03 00:55:31.178 [EVENT] sock=2512 hEvent=00000824 events=0x21
2026-10-03 00:55:32.176 [EVENT] sock=2512 hEvent=00000824 events=0x0
2026-10-03 00:55:32.176 [EVENT] sock=2512 hEvent=00000824 events=0x21
2026-10-03 00:55:33.181 [EVENT] sock=2512 hEvent=00000824 events=0x0
2026-10-03 00:55:33.182 [EVENT] sock=2512 hEvent=00000824 events=0x21
2026-10-03 00:55:34.170 [EVENT] sock=2512 hEvent=00000824 events=0x0
2026-10-03 00:55:34.171 [EVENT] sock=2512 hEvent=00000824 events=0x21
2026-10-03 00:55:34.321 [EVENT] sock=2688 hEvent=00000A58 events=0x0
2026-10-03 00:55:34.321 [EVENT] sock=2688 hEvent=00000A58 events=0x21
2026-10-03 00:55:34.533 [EVENT] sock=2512 hEvent=00000824 events=0x0
2026-10-03 00:55:34.533 [EVENT] sock=2512 hEvent=00000824 events=0x21
2026-10-03 00:55:35.506 [EVENT] sock=2512 hEvent=00000824 events=0x0
2026-10-03 00:55:35.506 [EVENT] sock=2512 hEvent=00000824 events=0x21
2026-10-03 00:55:37.962 [EVENT] sock=2512 hEvent=00000824 events=0x0
2026-10-03 00:55:37.962 [EVENT] sock=2512 hEvent=00000824 events=0x21
2026-10-03 00:55:44.645 [EVENT] sock=2512 hEvent=00000824 events=0x0
2026-10-03 00:55:44.645 [EVENT] sock=2512 hEvent=00000824 events=0x21
2026-10-03 00:55:53.084 [SETTLE] exp=2 gold=199366 len=403
2026-10-03 00:55:53.120 [EVENT] sock=2512 hEvent=00000824 events=0x0
2026-10-03 00:55:53.122 [EVENT] sock=2512 hEvent=00000824 events=0x21
2026-10-03 00:55:54.128 [EVENT] sock=2512 hEvent=00000824 events=0x0
2026-10-03 00:55:54.128 [EVENT] sock=2512 hEvent=00000824 events=0x21
2026-10-03 00:55:54.715 [EVENT] sock=2512 hEvent=00000824 events=0x0
2026-10-03 00:55:54.718 [EVENT] sock=2512 hEvent=00000824 events=0x21
2026-10-03 00:55:55.128 [EVENT] sock=2512 hEvent=00000824 events=0x0
2026-10-03 00:55:55.128 [EVENT] sock=2512 hEvent=00000824 events=0x21
2026-10-03 00:55:56.128 [EVENT] sock=2512 hEvent=00000824 events=0x0
2026-10-03 00:55:56.128 [EVENT] sock=2512 hEvent=00000824 events=0x21
2026-10-03 00:56:03.128 [EVENT] sock=2512 hEvent=00000824 events=0x0
2026-10-03 00:56:03.129 [EVENT] sock=2512 hEvent=00000824 events=0x21
2026-10-03 00:56:04.322 [EVENT] sock=2688 hEvent=00000A58 events=0x0
2026-10-03 00:56:04.322 [EVENT] sock=2688 hEvent=00000A58 events=0x21
2026-10-03 00:56:13.188 [EVENT] sock=2512 hEvent=00000824 events=0x0
2026-10-03 00:56:13.189 [EVENT] sock=2512 hEvent=00000824 events=0x21
2026-10-03 00:56:18.333 [EVENT] sock=2512 hEvent=00000824 events=0x0
2026-10-03 00:56:18.333 [OUT] 0049 inv=FFEC len=23 #1 ecff49002b1f805b64510bdc5a4e78c8805b64510b55c4
2026-10-03 00:56:18.333 [EVENT] sock=2512 hEvent=00000824 events=0x21
2026-10-03 00:56:18.383 [OP] 4707 inv=FFF3 len=12 #3 8b3bad8063cdfc0b17faa32b
2026-10-03 00:56:18.442 [OP] 40E0 inv=FED1 len=302 #1 b4b252faf9061f805b64510b89c4a32b1f805b64135fdcfaa32b1f809ef8510bdcfaa32befa05b64fc0bdcfa392b1f804864510ba7e8a32bad805b64acecdcfa932b1f8033df510b17e8a32b8b805b6444c9dcfa59531f80e264510be9c4a32b384e5b648fecdcfa4f2b1f800d64510b8ffaa32b1f805b64510bdcfaa32b1f805b64510bdcfaa32b1f805b64430bdcfaa32b1f805b64510bdcfaa32b1f805b64
2026-10-03 00:56:18.442 [OP] 40E3 inv=FFCF len=48 #1 7207c464af52155ac32bfd80da64580b33fabc2be080956445ec6ffabf5384809fdf0b0b0022202b01cec464edd090fa
2026-10-03 00:56:18.442 [OP] 40E2 inv=FFF3 len=12 #1 63cdfc0b6ffaf82b45809564
2026-10-03 00:56:18.442 [OP] 4232 inv=FF60 len=159 #1 01afd0dce0a32b1f4f5b645127dcfaa3de1f805b6f510bdc1c462b1f805b64510bdcfaa32b1f805b64510bdcfaa32b1f805b64510bdcfaa3599d805b64510bdcb7f82b1f805b6451fb8bfaa32b1f805b4e580bdcfaa32b1f227a64516f52faa3edad805b7c510bdc25a32b1fef5b6451c4dcfaa3d4ad805bbc510bdc6ba32b1f0a5b64510bdcfaa32cd672eca2d661e2b05b931f805b64510bdcfaa32b1f80
2026-10-03 00:56:18.442 [OP] 4232 inv=FF60 len=159 #2 01afd0dcf4a32b1f4e5b6451b2dcfaa3321f805b53510bdc8d202b1f805b64510bdcfaa32b1f805b64510bdcfaa32b1f805b64510bdcfaa39b34805b64510bdcdafd2b1f805b645149e6faa32b1f805b0bb20bdcfaa32b1f4c2364516f52faa3b834805be8510bdc0ea32b1fef5b6451c4dcfaa36834805b02510bdc1ba32b1fd35b64510bdcfaa32cd672eca2d604e2b05bde1f805bdf510bdcfaa32b1f80
2026-10-03 00:56:18.442 [OP] 4232 inv=FF60 len=159 #3 01afd0dcf4a32b1f8c5b64513ddcfaa34c1f805bcd510bdcff312b1f805b64510bdcfaa32b1f805b64510bdcfaa32b1f805b64510bdcfaa3bb84805b64510bdcb0232b1f805b645127c6faa32b1f805bade60bdcfaa32b1f2e7a64519052faa3ba8a805ba4510bdccea32b1fef5b6451c4dcfaa3db3c805b0b510bdcbcdb2b1f239564510bdcfaa32cd6725aaed6aea1b05bceca8095f8510bdcfaa32b1f80
2026-10-03 00:56:18.442 [OP] 4020 inv=FFE7 len=24 #1 b4b252facd2bca8094ecfc0bc740a32bca809564270b36fa
2026-10-03 00:56:18.443 [OP] 4202 inv=FFEF len=16 #1 230bdcfaa32b1f800ea9510b4a5ba32b
2026-10-03 00:56:18.443 [OP] 4055 inv=FFF7 len=8 #1 63cdfc0bdcfaa32b
2026-10-03 00:56:18.443 [OP] 40A0 inv=FCAF len=848 #1 63cdfc0ba95ddb2bcdc75b647dd0dcfadb4a3826f012510bdcfaa32b1f805b64510bdcfaa32b1f805b64510bdcfaa32b1f805b64510bdcfaa32b1f80a237d475f6dcd62402c75b6440ecdcfadb4a3268bef22e60dcfaa32b1f805b64510bdcfaa32b1f805b64510bdcfaa32b1f805b64510bdcfaa32b1f80b7a9a675d2308f24f4c75b64d4c4dcfadb4a7caf33b4303ccdb38023db065b64510bdcfaa32b1f80
2026-10-03 00:56:18.467 [EVENT] sock=2512 hEvent=00000824 events=0x0
2026-10-03 00:56:18.467 [OUT] 0185 inv=FFF7 len=12 #1 f7ff8501dcfaa32bc8d97b81
2026-10-03 00:56:18.467 [EVENT] sock=2512 hEvent=00000824 events=0x21
2026-10-03 00:56:18.468 [EVENT] sock=2512 hEvent=00000824 events=0x0
2026-10-03 00:56:18.469 [OUT] 0045 inv=FFF7 len=12 #1 f7ff4500510bdcfac52b1f80
2026-10-03 00:56:18.469 [EVENT] sock=2512 hEvent=00000824 events=0x21
2026-10-03 00:56:18.845 [OP] 4025 inv=FFF5 len=10 #1 c5533832c4df51ece2fa
2026-10-03 00:56:19.097 [EVENT] sock=2512 hEvent=00000824 events=0x0
2026-10-03 00:56:19.097 [OUT] 009C inv=FFFB len=8 #1 fbff9c00dcfaa32b
2026-10-03 00:56:19.098 [EVENT] sock=2512 hEvent=00000824 events=0x21
2026-10-03 00:56:19.101 [EVENT] sock=2512 hEvent=00000824 events=0x0
2026-10-03 00:56:19.101 [OUT] 009C inv=FFFB len=8 #2 fbff9c00dcfaa32b
2026-10-03 00:56:19.101 [EVENT] sock=2512 hEvent=00000824 events=0x21
2026-10-03 00:56:19.105 [EVENT] sock=2512 hEvent=00000824 events=0x0
2026-10-03 00:56:19.105 [OUT] 009C inv=FFFB len=8 #3 fbff9c00dcfaa32b
2026-10-03 00:56:19.105 [EVENT] sock=2512 hEvent=00000824 events=0x21
2026-10-03 00:56:19.110 [EVENT] sock=2512 hEvent=00000824 events=0x0
2026-10-03 00:56:19.110 [OUT] 009C inv=FFFB len=8 #4 fbff9c00dcfaa32b
2026-10-03 00:56:19.111 [EVENT] sock=2512 hEvent=00000824 events=0x21
2026-10-03 00:56:19.123 [EVENT] sock=2512 hEvent=00000824 events=0x0
2026-10-03 00:56:19.123 [OUT] 009C inv=FFFB len=8 #5 fbff9c00dcfaa32b
2026-10-03 00:56:19.123 [EVENT] sock=2512 hEvent=00000824 events=0x21
2026-10-03 00:56:19.125 [EVENT] sock=2512 hEvent=00000824 events=0x0
2026-10-03 00:56:19.125 [EVENT] sock=2512 hEvent=00000824 events=0x21
2026-10-03 00:56:19.127 [EVENT] sock=2512 hEvent=00000824 events=0x0
2026-10-03 00:56:19.128 [EVENT] sock=2512 hEvent=00000824 events=0x21
2026-10-03 00:56:19.131 [EVENT] sock=2512 hEvent=00000824 events=0x0
2026-10-03 00:56:19.131 [EVENT] sock=2512 hEvent=00000824 events=0x21
2026-10-03 00:56:19.134 [EVENT] sock=2512 hEvent=00000824 events=0x0
2026-10-03 00:56:19.134 [EVENT] sock=2512 hEvent=00000824 events=0x21
2026-10-03 00:56:19.153 [OP] 42E5 inv=FFE5 len=26 #1 7a64510b20faa32bca0c3cc8065c59cc859a0d869887050bdcfa
2026-10-03 00:56:19.241 [EVENT] sock=2512 hEvent=00000824 events=0x0
2026-10-03 00:56:19.241 [OUT] 0135 inv=FFF7 len=12 #1 f7ff3501dcfaa32b5e805b64
2026-10-03 00:56:19.241 [EVENT] sock=2512 hEvent=00000824 events=0x21
2026-10-03 00:56:19.251 [OP] 42E5 inv=FFE5 len=26 #2 7a64510b20faa32bca0c3cc8065c59cc859a0d869887050bdcfa
2026-10-03 00:56:19.253 [OP] 42E5 inv=FFE5 len=26 #3 7a64510b20faa32bca0c3cc8065c59cc859a0d869887050bdcfa
2026-10-03 00:56:19.254 [OP] 42E5 inv=FFE5 len=26 #4 7a64510b20faa32bca0c3cc8065c59cc859a0d869887050bdcfa
2026-10-03 00:56:19.254 [OP] 42E5 inv=FFE5 len=26 #5 7a64510b20faa32bca0c3cc8065c59cc859a0d869887050bdcfa
2026-10-03 00:56:19.345 [OP] 42A7 inv=FEE6 len=281 #1 d36b7f5133dcfaa30062832e058960677f329cdb9ec3538975ceec388294473d4c8260db9048cd942cc35c18755f8f4841572cc35ce656491792383c90db81a552159d31b04f615f1652cb155a4e470b8fdb81a5cb210cf6fe65d97bdd8352155aeb410bd9325382875f5a4e47d88f7e86e675155ab82442836addf65315251ce2c88f6a3cf475f477236f65796a5c8375495b596f5d793b2b526ae0252924c8
2026-10-03 00:56:22.061 [EVENT] sock=2512 hEvent=00000824 events=0x0
2026-10-03 00:56:22.061 [OUT] 0135 inv=FFF7 len=12 #2 f7ff3501dcfaa32b13805b64
2026-10-03 00:56:22.063 [EVENT] sock=2512 hEvent=00000824 events=0x21
2026-10-03 00:56:22.148 [OP] 42A7 inv=FEE6 len=281 #2 d36b7f5102dcfaa31831d3c20133340c33509e31d3c2019ff0dcfaa32b1f805b64510bdcfaa32b31d35b64510bdcfa04181f805bfc250befa9a32b1f805b642564dcfa04e91f80c201510bcdfaa32b88805b64510bdcfa8b311f80acfb510bdcfc0418277e5b643334dcfa04e91f7e3efc251939fc10e972c15b649f0b39fc102b1f805bfc25190c33a32b1f803efc5119cd8aa32b272bc2ca510bdcfc042b27
2026-10-03 00:56:23.481 [EVENT] sock=2512 hEvent=00000824 events=0x0
2026-10-03 00:56:23.481 [EVENT] sock=2512 hEvent=00000824 events=0x21
2026-10-03 00:56:33.897 [EVENT] sock=2512 hEvent=00000824 events=0x0
2026-10-03 00:56:33.897 [EVENT] sock=2512 hEvent=00000824 events=0x21
2026-10-03 00:56:34.324 [EVENT] sock=2688 hEvent=00000A58 events=0x0
2026-10-03 00:56:34.324 [EVENT] sock=2688 hEvent=00000A58 events=0x21
2026-10-03 00:56:40.101 [EVENT] sock=2512 hEvent=00000824 events=0x0
2026-10-03 00:56:40.101 [OUT] 0030 inv=FFDE len=37 #1 deff30005ca722a32b1f805b64510bdcfaa32b1f3cc83369938c93a32b1f805b64510bdcfa
2026-10-03 00:56:40.102 [EVENT] sock=2512 hEvent=00000824 events=0x21
2026-10-03 00:56:40.102 [EVENT] sock=2512 hEvent=00000824 events=0x0
2026-10-03 00:56:40.102 [OUT] 0030 inv=FFDE len=37 #2 deff3000e3a722a32b1f805b64510bdcfaa32b1f3cc83369938cc5a32b1f805b64510bdcfa
2026-10-03 00:56:40.102 [EVENT] sock=2512 hEvent=00000824 events=0x21
2026-10-03 00:56:40.102 [EVENT] sock=2512 hEvent=00000824 events=0x0
2026-10-03 00:56:40.102 [OUT] 0030 inv=FFDE len=37 #3 deff3000803e22a32b1f805b64510bdcfaa32b1feb066d0d7928bbea2b1f805b64510bdcfa
2026-10-03 00:56:40.102 [EVENT] sock=2512 hEvent=00000824 events=0x21
2026-10-03 00:56:40.102 [EVENT] sock=2512 hEvent=00000824 events=0x0
2026-10-03 00:56:40.102 [OUT] 0030 inv=FFDE len=37 #4 deff30006d3e22a32b1f805b64510bdcfaa32b1feb066d0d4079bbea2b1f805b64510bdcfa
2026-10-03 00:56:40.102 [EVENT] sock=2512 hEvent=00000824 events=0x21
2026-10-03 00:56:40.218 [OP] 4705 inv=FFB8 len=71 #3 d36b7f5134a722a319f3ce5b4d310bdcfaa32b1f532764510bdcfaa37b59805b64510bdc45db2b1f805b645131dcfaa33a1f805b6651d286033d6643505b64510bdcfaa32b1f80
2026-10-03 00:56:40.364 [OP] 4705 inv=FFB8 len=71 #4 d36b7f5134a722a35d67ce5b88fc0bdcfaa32b1fb2c464510bdcfaa3eb59805b64510bdc03db2b1f805b645131dcfaa3a71f805b5151a2da2bf0774b341a64510bdcfaa32b1f80
2026-10-03 00:56:40.457 [OP] 4705 inv=FFB8 len=71 #5 d36b7f5134a722a3b3f3ce5b0f310bdcfaa32b1ffd2764510bdcfaa3e51f805b64510bdca7f82b1f805b645131dcfaa33a1f805b6651d286033d6643d45b64510bdcfaa32b1f80
2026-10-03 00:56:43.990 [EVENT] sock=2512 hEvent=00000824 events=0x0
2026-10-03 00:56:43.990 [EVENT] sock=2512 hEvent=00000824 events=0x21
2026-10-03 00:56:46.539 [EVENT] sock=2512 hEvent=00000824 events=0x0
2026-10-03 00:56:46.541 [EVENT] sock=2512 hEvent=00000824 events=0x21
2026-10-03 00:56:47.540 [EVENT] sock=2512 hEvent=00000824 events=0x0
2026-10-03 00:56:47.540 [EVENT] sock=2512 hEvent=00000824 events=0x21
2026-10-03 00:56:48.540 [EVENT] sock=2512 hEvent=00000824 events=0x0
2026-10-03 00:56:48.541 [EVENT] sock=2512 hEvent=00000824 events=0x21
2026-10-03 00:56:49.540 [EVENT] sock=2512 hEvent=00000824 events=0x0
2026-10-03 00:56:49.540 [EVENT] sock=2512 hEvent=00000824 events=0x21
2026-10-03 00:56:49.888 [OP] 40A0 inv=FE8F len=368 #2 63cdfc0be6fadb2bb8805b643875dcfadb4ab5c13cf2bc05b600f07f9aeb5b64510bdcfaa32b1f805b64510bdcfaa32b1f805b64510bdcfaa32b1f803cc690b1076ee64a4cc75b64190bdcfadb4a0bc1f055510bdcfaa32b1f805b64510bdcfaa32b1f805b64510bdcfaa32b1f805b64510bdcfaa32b1f801bc6a0b1a96e054a15c75b64317fdcfadb4a7caf855d3064288d4cb51f805b64510bdcfaa32b1f80
2026-10-03 00:56:50.540 [EVENT] sock=2512 hEvent=00000824 events=0x0
2026-10-03 00:56:50.540 [EVENT] sock=2512 hEvent=00000824 events=0x21
2026-10-03 00:56:51.542 [EVENT] sock=2512 hEvent=00000824 events=0x0
2026-10-03 00:56:51.542 [EVENT] sock=2512 hEvent=00000824 events=0x21
2026-10-03 00:56:51.684 [OP] 40A0 inv=FF07 len=248 #3 63cdfc0b8bc2392b3ec75b64950bdcfadb4a6c05c267510bdcfaa32b1f805b64510bdcfaa32b1f805b64510bdcfaa32b1f805b64510bdcfaa32b1f80b7d9dfd0d29fe1dee5c75b64237fdcfadb4adb2f6340510bdcfaa32b1f805b64510bdcfaa32b1f805b64510bdcfaa32b1f805b64510bdcfaa32b1f80f8d965d0329f41de1cc75b641ac4dcfadb4a429a24ca5c00cd974148b97a632a510bdcfaa32b1f80
2026-10-03 00:56:52.266 [EVENT] sock=2512 hEvent=00000824 events=0x0
2026-10-03 00:56:52.266 [OUT] 0135 inv=FFF7 len=12 #3 f7ff3501dcfaa32ba0805b64
2026-10-03 00:56:52.266 [EVENT] sock=2512 hEvent=00000824 events=0x21
2026-10-03 00:56:52.349 [OP] 42A7 inv=FEE6 len=281 #3 d36b7f518adcfaa31831d3c20133340c33509e31d3c2019ff0dcfaa32b1f805b64510bdcfaa32b31d35b64510bcd8a0418272b5b64510befa9a32b1f7eacfb9f64cd8a042b1f80c201510b398a0418407eacfb9f64dcfa8b311f7e3e645164398aa32b272b3e643334dc8aa32b1f803e64510bdcfc102b72c15bfb510bdcfa102b1f805bfc9f0b0c33a3181f805bfc2564dcfaa3e9278063ca5119dcfa041827
2026-10-03 00:56:52.552 [EVENT] sock=2512 hEvent=00000824 events=0x0
2026-10-03 00:56:52.552 [EVENT] sock=2512 hEvent=00000824 events=0x21
2026-10-03 00:56:53.550 [OP] 47C0 inv=FFC8 len=55 #1 316ff4f9503caac4de02b73b7486bbadcee811692717ba1dbb0fb9f3f165bcfac4399c2efd23c8be2752229c58d94e7c32872717ce1dbb
2026-10-03 00:56:53.550 [OP] 47C0 inv=FFD1 len=46 #2 43ec527486bbadcee811692717ba1dbb0fb9f3f165bcfac4399c2efd23c8be2752229c58d94e7c32872717ce1dbb
2026-10-03 00:56:53.552 [OP] 47C0 inv=FFE2 len=29 #3 b395f865bcfac4399c2efd23c8be2752229c58d94e7c32872717ce1dbb
2026-10-03 00:56:53.552 [OP] 47C0 inv=FFEB len=20 #4 0faa95c8be2752229c58d94e7c32872717ce1dbb
2026-10-03 00:56:53.565 [EVENT] sock=2512 hEvent=00000824 events=0x0
2026-10-03 00:56:53.565 [EVENT] sock=2512 hEvent=00000824 events=0x21
2026-10-03 00:56:53.706 [OP] 40A0 inv=FF43 len=188 #4 63cdfc0b52fadb2b7ac75b6453ecdcfadb4a363c3ee11e9edcfaa32b1f805b64510bdcfaa32b1f805b64510bdcfaa32b1f805b64510bdcfaa32b1f80cac6b97f106ec8932bc75b64c57fdcfadb4a121a2d40510bdcfaa32b1f805b64510bdcfaa32b1f805b64510bdcfaa32b1f805b64510bdcfaa32b1f8000c6527f956e519346c75b64e90bdcfadb4ac3fbdb22072f7d166aa11f805b64510bdcfaa32b1f80
2026-10-03 00:56:54.553 [EVENT] sock=2512 hEvent=00000824 events=0x0
2026-10-03 00:56:54.553 [EVENT] sock=2512 hEvent=00000824 events=0x21
2026-10-03 00:56:54.554 [OP] 47C0 inv=FFD8 len=39 #5 b3952613bcfac4fd0a218323e5be276f221ddc53d14fba49ec5257426d9b7c69f158d0db541a7d
2026-10-03 00:56:55.554 [EVENT] sock=2512 hEvent=00000824 events=0x0
2026-10-03 00:56:55.554 [EVENT] sock=2512 hEvent=00000824 events=0x21
2026-10-03 00:56:56.563 [EVENT] sock=2512 hEvent=00000824 events=0x0
2026-10-03 00:56:56.563 [EVENT] sock=2512 hEvent=00000824 events=0x21
2026-10-03 00:56:56.709 [OP] 40A0 inv=FF43 len=188 #5 63cdfc0b5214db2b24c75b64a67fdcfadb4a962f98da510bdcfaa32b1f805b64510bdcfaa32b1f805b64510bdcfaa32b1f805b64510bdcfaa32b1f80337ae4d0aa02a8de8dc75b6403d0dcfadb4ae49ee986960a5af1d47f722c3c49510bdcfaa32b1f805b64510bdcfaa32b1f805b64510bdcfaa32b1f8066be72d0584765de6cb65b6439ecdcfadb4a7caf33b4303c60d18b02b5d85b64510bdcfaa32b1f80
2026-10-03 00:56:57.553 [EVENT] sock=2512 hEvent=00000824 events=0x0
2026-10-03 00:56:57.553 [EVENT] sock=2512 hEvent=00000824 events=0x21
2026-10-03 00:56:58.553 [EVENT] sock=2512 hEvent=00000824 events=0x0
2026-10-03 00:56:58.554 [EVENT] sock=2512 hEvent=00000824 events=0x21
2026-10-03 00:56:59.553 [EVENT] sock=2512 hEvent=00000824 events=0x0
2026-10-03 00:56:59.553 [EVENT] sock=2512 hEvent=00000824 events=0x21
2026-10-03 00:57:00.553 [EVENT] sock=2512 hEvent=00000824 events=0x0
2026-10-03 00:57:00.553 [EVENT] sock=2512 hEvent=00000824 events=0x21
2026-10-03 00:57:01.554 [EVENT] sock=2512 hEvent=00000824 events=0x0
2026-10-03 00:57:01.554 [EVENT] sock=2512 hEvent=00000824 events=0x21
2026-10-03 00:57:02.552 [EVENT] sock=2512 hEvent=00000824 events=0x0
2026-10-03 00:57:02.552 [EVENT] sock=2512 hEvent=00000824 events=0x21
2026-10-03 00:57:03.607 [EVENT] sock=2512 hEvent=00000824 events=0x0
2026-10-03 00:57:03.607 [EVENT] sock=2512 hEvent=00000824 events=0x21
2026-10-03 00:57:04.146 [EVENT] sock=2512 hEvent=00000824 events=0x0
2026-10-03 00:57:04.146 [OUT] 0050 inv=FFF7 len=12 #1 f7ff5000a32b1f8000f8510b
2026-10-03 00:57:04.146 [EVENT] sock=2512 hEvent=00000824 events=0x21
2026-10-03 00:57:04.201 [OP] 4019 inv=FF73 len=140 #1 7207c464e07fdcfaf8de1f80b96476ad08745012d337336725549f578ebeafcb76336919f8743f7ae1d579a11d9388eff0ebe97ce09bd7854ab478eb4b4c7240932a160333b386e5d77b6f60518d96e91bd579eb3019f80330eb3536ad509a205bfaa32b7380eaa0532337a24f28c57feae957c737e3da28961154f9bc05b600a3931f800d6417ad181ea35c
2026-10-03 00:57:04.325 [EVENT] sock=2688 hEvent=00000A58 events=0x0
2026-10-03 00:57:04.325 [EVENT] sock=2688 hEvent=00000A58 events=0x21
2026-10-03 00:57:04.984 [EVENT] sock=2512 hEvent=00000824 events=0x0
2026-10-03 00:57:04.984 [OUT] 0051 inv=FFF7 len=12 #1 f7ff51005b64510b6ffaa32b
2026-10-03 00:57:04.985 [EVENT] sock=2512 hEvent=00000824 events=0x21
2026-10-03 00:57:05.032 [OP] 4019 inv=FE07 len=504 #2 8b3bad8000f8510b6f5ba32b0480418787145ab7a14ba7d0f6b91d0177b332e7827b244433d25b186ce9325f3e3587c828ed4a1c95b1b293552c5b182bfaa7713ef2876989952bc6c2d071675c9b6c140c30b70b93b70d19daeec77ae1cd6fe953232da28f770b36792bb5830ffcd4b931e46dea7240b0cca877c34c2d67872a16fd65d4c24c2d40739e9624599997b846eb30205b3dda3a1abe35a0a69350d8
2026-10-03 00:57:07.696 [EVENT] sock=2512 hEvent=00000824 events=0x0
2026-10-03 00:57:07.697 [OUT] 0051 inv=FFF7 len=12 #2 f7ff51005b64510b8bfaa32b
2026-10-03 00:57:07.697 [EVENT] sock=2512 hEvent=00000824 events=0x21
2026-10-03 00:57:07.745 [SYS] #FFF692#交纳传送费用#00CCFF#1370#FFF692#金币！
2026-10-03 00:57:07.843 [CURRENCY] a=199366 b=1052912
2026-10-03 00:57:07.899 [OP] 40E0 inv=FED1 len=302 #2 b4b252faf9061f805b64510b89c4a32b1f805b64135fdcfaa32b1f809ef8510bdcfaa32befa05b64fc0bdcfa392b1f804864510ba7e8a32bad805b64acecdcfa932b1f8033df510b17e8a32b8b805b6444c9dcfa59531f80e264510be9c4a32b384e5b648fecdcfa4f2b1f800d64510b8ffaa32b1f805b64510bdcfaa32b1f805b64510bdcfaa32b1f805b64430bdcfaa32b1f805b64510bdcfaa32b1f805b64
2026-10-03 00:57:07.899 [OP] 40E3 inv=FFCF len=48 #2 7207c464af0bdcfac32bfd80da64580b33fabc2be080956445ec6ffabf5384809fdf0b0b0022202b01cec464edd090fa
2026-10-03 00:57:07.899 [OP] 40E2 inv=FFF3 len=12 #2 63cdfc0b6f9fa32b45809564
2026-10-03 00:57:07.899 [OP] 4232 inv=FF60 len=159 #4 01afd0dce0a32b1f4f5b645127dcfaa3de1f805b6f510bdc1c462b1f805b64510bdcfaa32b1f805b64510bdcfaa32b1f805b64510bdcfaa3599d805b64510bdcb7f82b1f805b6451fb8bfaa32b1f805b4e580bdcfaa32b1f227a64516f52faa3edad805b7c510bdc25a32b1fef5b6451c4dcfaa3d4ad805bbc510bdc6ba32b1f0a5b64510bdcfaa32cd672eca2d661e2b05b931f805b64510bdcfaa32b1f80
2026-10-03 00:57:07.900 [OP] 4232 inv=FF60 len=159 #5 01afd0dcf4a32b1f4e5b6451b2dcfaa3321f805b53510bdc8d202b1f805b64510bdcfaa32b1f805b64510bdcfaa32b1f805b64510bdcfaa39b34805b64510bdcdafd2b1f805b645149e6faa32b1f805b0bb20bdcfaa32b1f4c2364516f52faa3b834805be8510bdc0ea32b1fef5b6451c4dcfaa36834805b02510bdc1ba32b1fd35b64510bdcfaa32cd672eca2d604e2b05bde1f805bdf510bdcfaa32b1f80
2026-10-03 00:57:07.900 [OP] 401B inv=FEB3 len=332 #1 8b3bad800d64510b17faa32b7207c464530bdcfa972b1f80afc6510bdcfaa32be4c65b64510bdcfab9531f805b64510bffe8a32b1f805b64bc595ab12b219f805b64510bdcfaa32b1fef5b6412b252fada2b1f802964510bac9fa32b1f805b6437fddcfaa32b1f8012f8510bdcfaa32be0c75b64510bdcfa16876c842d437f0bdcfaa32b1f805b6451b1a150d85dad800a64510b35faa32beace5b64510bdcfa
2026-10-03 00:57:07.900 [OP] 4202 inv=FFEF len=16 #2 7f0bdcfafd2b1f802b64510b94c4a32b
2026-10-03 00:57:07.900 [OP] 4055 inv=FFF7 len=8 #2 63cdfc0bdcfaa32b
2026-10-03 00:57:07.923 [EVENT] sock=2512 hEvent=00000824 events=0x0
2026-10-03 00:57:07.923 [OUT] 0185 inv=FFF7 len=12 #2 f7ff8501dcfaa32bc8d97b81
2026-10-03 00:57:07.923 [EVENT] sock=2512 hEvent=00000824 events=0x21
2026-10-03 00:57:08.210 [EVENT] sock=2512 hEvent=00000824 events=0x0
2026-10-03 00:57:08.210 [EVENT] sock=2512 hEvent=00000824 events=0x21
2026-10-03 00:57:09.285 [EVENT] sock=2512 hEvent=00000824 events=0x0
2026-10-03 00:57:09.285 [OUT] 0050 inv=FFF7 len=12 #2 f7ff5000a32b1f805764510b
2026-10-03 00:57:09.285 [EVENT] sock=2512 hEvent=00000824 events=0x21
2026-10-03 00:57:09.340 [OP] 4019 inv=FF73 len=140 #3 7207c4647b0bdcfaf8de1fe7f96419ab5b1832e7b5714fde7660672d09a332f32de6b4e7aa4e16191c86f360052aa150c782e436d76725545d168bcf95483c49b3d2a8c8b927899ef0498822e151b06e6c1d41b4552c238c01026c7cd70587a49f1da3ef7380eaa0532337a24f28c57feae957c737e3da28961154f9bc05b600a32bec1e0d6417ad181ea3ef
2026-10-03 00:57:12.517 [EVENT] sock=2512 hEvent=00000824 events=0x0
2026-10-03 00:57:12.517 [OUT] 0051 inv=FFF7 len=12 #3 f7ff51005b64510b6ffaa32b
2026-10-03 00:57:12.517 [EVENT] sock=2512 hEvent=00000824 events=0x21
2026-10-03 00:57:12.574 [OP] 4019 inv=FEAF len=336 #4 efc2392bc7805b6458b1dc02e22b52ebf3b45c93039bdc8ed39993da35926737a1c94006c2408822b6fc537927b0f309809ba150c7820ead3c6b882228eddc6e2704f369b31828dd338ee971bde60c5e70a1b6c0c337befb29487d1d1828e26a35a057b9008043a135c2aafd7319f8d8507ae15e832ef7697c8001eb4b71f37b6f9c695933eb4b3c2e6d650a5fac6a4343b58b6088d737e3da3a1abeea4e5485
2026-10-03 00:57:13.686 [EVENT] sock=2512 hEvent=00000824 events=0x0
2026-10-03 00:57:13.686 [EVENT] sock=2512 hEvent=00000824 events=0x21
2026-10-03 00:57:13.704 [EVENT] sock=2512 hEvent=00000824 events=0x0
2026-10-03 00:57:13.705 [OUT] 0051 inv=FFF7 len=12 #4 f7ff51005b64510b90faa32b
2026-10-03 00:57:13.705 [EVENT] sock=2512 hEvent=00000824 events=0x21
2026-10-03 00:57:13.786 [SYS] #FFF692#交纳传送费用#00CCFF#1810#FFF692#金币！
2026-10-03 00:57:13.889 [SYS] #ff0000#您已进入野外区域，可能遭遇玩家间的自由对战，请注意安全！#ffffff#
2026-10-03 00:57:13.889 [CURRENCY] a=199366 b=1052472
2026-10-03 00:57:13.923 [OP] 40E0 inv=FED1 len=302 #3 b4b252faf9061f805b64510b89c4a32b1f805b64135fdcfaa32b1f809ef8510bdcfaa32befa05b64fc0bdcfa392b1f804864510ba7e8a32bad805b64acecdcfa932b1f8033df510b17e8a32b8b805b6444c9dcfa59531f80e264510be9c4a32b384e5b648fecdcfa4f2b1f800d64510b8ffaa32b1f805b64510bdcfaa32b1f805b64510bdcfaa32b1f805b64430bdcfaa32b1f805b64510bdcfaa32b1f805b64
2026-10-03 00:57:13.923 [OP] 40E3 inv=FFCF len=48 #3 7207c464af0bdcfac32bfd80da64580b33fabc2be080956445ec6ffabf5384809fdf0b0b0022202b01cec464edd090fa
2026-10-03 00:57:13.923 [OP] 40E2 inv=FFF3 len=12 #3 63cdfc0b6ffaa32b45809564
2026-10-03 00:57:13.925 [OP] 401B inv=FEB3 len=332 #2 8b3bad800d64510b17faa32b7207c464530bdcfa972b1f80afc6510bdcfaa32be4c65b64510bdcfab9531f805b64510bffe8a32b1f805b64bc595ab12b219f805b64510bdcfaa32b1f41da4f12b252fada2b1f802964510bac9fa32b1f805b6437fddcfaa32b1f8012f8510bdcfaa32be0c75b64510bdcfa16876c842d437f0bdcfaa32b1f805b64510b1ab6d85dad800a64510b35faa32beace5b64510bdcfa
2026-10-03 00:57:13.925 [OP] 4202 inv=FFEF len=16 #3 6f0bdcfab72b1f80e57f510b0cc4a32b
2026-10-03 00:57:13.925 [OP] 4055 inv=FFF7 len=8 #3 63cdfc0bdcfaa32b
2026-10-03 00:57:13.925 [CLOSE] main sock 2512 closed
2026-10-03 00:57:34.325 [EVENT] sock=2688 hEvent=00000A58 events=0x0
2026-10-03 00:57:34.325 [EVENT] sock=2688 hEvent=00000A58 events=0x21
2026-10-03 00:57:45.513 [EVENT] sock=2688 hEvent=00000A58 events=0x0
2026-10-03 00:57:45.514 [EVENT] sock=2688 hEvent=00000A58 events=0x21
2026-10-03 00:57:45.903 [NET-E] sock=2688 bypass r=-1 err=10053
2026-10-03 00:57:57.618 [CONNECT] sock 3848 -> port 8484
2026-10-03 00:57:57.666 [EVENT] sock=3848 hEvent=00000B6C events=0x10
2026-10-03 00:57:57.666 [EVENT] sock=3848 hEvent=00000B6C events=0x21
2026-10-03 00:57:57.667 [EVENT] sock=3848 hEvent=00000B6C events=0x0
2026-10-03 00:57:57.667 [EVENT] sock=3848 hEvent=00000B6C events=0x21
2026-10-03 00:57:57.945 [MODE] sock=3848 filtered (len=120 flags=0)
2026-10-03 00:57:57.945 [OP] 4002 inv=FF8B len=116 #1 95d81251d728c3cd58d4294f85da40ec76714a41a01be3a0e2938d0b8541da89aba0acb08b3bad80c464510bdcfaa32bd13b5b646244dcfa83931f80807a510b155a4e78c8d97b81510bdcfada2b1f809564510ba7faa32be1805b645894dcfadb02074c724ed410dcfaa32b1f805b64510bdcfa
2026-10-03 00:57:59.038 [EVENT] sock=3848 hEvent=00000B6C events=0x0
2026-10-03 00:57:59.038 [EVENT] sock=3848 hEvent=00000B6C events=0x21
2026-10-03 00:57:59.103 [OP] 4014 inv=FFEA len=21 #1 a31f805bd9510bdc572826290ab6665154e0faa32b
2026-10-03 00:57:59.107 [CONNECT] sock 1664 -> port 8485
2026-10-03 00:57:59.158 [EVENT] sock=1664 hEvent=000007E4 events=0x10
2026-10-03 00:57:59.158 [EVENT] sock=1664 hEvent=000007E4 events=0x21
2026-10-03 00:57:59.158 [EVENT] sock=1664 hEvent=000007E4 events=0x0
2026-10-03 00:57:59.158 [MAIN-SOCK] identified game world sock 1664 (WSASend op=F001)
2026-10-03 00:57:59.158 [OUT] F001 inv=FE5F len=260 #1 5ffe01f003caa32b7207c464bc595ab12b219f805b64510bdcfaa32b1fbcf2c197ddd3faa32b1f805b64510bdcfaa32b1f805b64510bdcfaa32b1f805b64510bdcfaa32b1f805b64510bdcfaa32b1f805b64510bdcfaa32b1f805b64510bdcfaa32b1f805b64510bdcfaa32b1f805b64510bdcfaa32b1f805b64510bdcfaa32b1f805b64510bdcfaa32b1f805b64510bdcfaa32b1f805b64510bdcfaa32bc6e3b110909468debf378528fc0418f5e93a8a30d650214fdcf5110b133045725b64510bdcfaa32b1f805b64510bdcfaa32b1f805b64510bdcfaa32b1f805b64510bdcfaa32b1f805b64510bdcfaa32b1f805b64510bdcfaa32b1f805b64510bdcfaa32b1f80
2026-10-03 00:57:59.159 [EVENT] sock=1664 hEvent=000007E4 events=0x21
2026-10-03 00:57:59.284 [MODE] sock=1664 filtered (len=7168 flags=0)
2026-10-03 00:57:59.284 [NET-E] sock=1664 r=-1 err=10053
2026-10-03 00:57:59.294 [CLOSE] main sock 1664 closed
2026-10-03 00:57:59.295 [CONNECT] sock 3388 -> port 8485
2026-10-03 00:57:59.348 [EVENT] sock=3388 hEvent=00000F90 events=0x10
2026-10-03 00:57:59.348 [EVENT] sock=3388 hEvent=00000F90 events=0x21
2026-10-03 00:57:59.348 [EVENT] sock=3388 hEvent=00000F90 events=0x0
2026-10-03 00:57:59.348 [MAIN-SOCK] identified game world sock 3388 (WSASend op=F001)
2026-10-03 00:57:59.348 [OUT] F001 inv=FE5F len=260 #2 5ffe01f003caa32b7207c464bc595ab12b219f805b64510bdcfaa32b1fbcf2c197ddd3faa32b1f805b64510bdcfaa32b1f805b64510bdcfaa32b1f805b64510bdcfaa32b1f805b64510bdcfaa32b1f805b64510bdcfaa32b1f805b64510bdcfaa32b1f805b64510bdcfaa32b1f805b64510bdcfaa32b1f805b64510bdcfaa32b1f805b64510bdcfaa32b1f805b64510bdcfaa32b1f805b64510bdcfaa32bc6e3b110909468debf378528fc0418f5e93a8a30d650214fdcf5110b133045725b64510bdcfaa32b1f805b64510bdcfaa32b1f805b64510bdcfaa32b1f805b64510bdcfaa32b1f805b64510bdcfaa32b1f805b64510bdcfaa32b1f805b64510bdcfaa32b1f80
2026-10-03 00:57:59.348 [EVENT] sock=3388 hEvent=00000F90 events=0x21
2026-10-03 00:57:59.473 [MODE] sock=3388 filtered (len=84 flags=0)
2026-10-03 00:57:59.473 [OP] E001 inv=FFAF len=80 #1 58ece8a3a32b1f80b77cb9b3ebffc88a0c5c5a4da476a3a1c95ee6c51d4d2439242070384597fb57d5b3bf5f24463e3bd83dbc595ab12b219f6016897110e95497cd4a215b64d6666ffaa32b1f805b64
2026-10-03 00:57:59.476 [EVENT] sock=3388 hEvent=00000F90 events=0x0
2026-10-03 00:57:59.476 [OUT] F041 inv=FFE7 len=28 #1 e7ff41f026b35c3828d7512b1f805b64510bdcfaa301ecb6d96d5a0b
2026-10-03 00:57:59.476 [EVENT] sock=3388 hEvent=00000F90 events=0x21
2026-10-03 00:57:59.476 [EVENT] sock=3388 hEvent=00000F90 events=0x0
2026-10-03 00:57:59.476 [OUT] F003 inv=FFF7 len=12 #1 f7ff03f0109c56649db37cd3
2026-10-03 00:57:59.476 [EVENT] sock=3388 hEvent=00000F90 events=0x21
2026-10-03 00:57:59.526 [OP] E062 inv=FFCD len=50 #1 9564510bbafa7f3b6c1d985c5579b6947349b2274cf9bc85b1032b25a8ed96784c181874c2d4d0f1d73f332b0b7873baa880
2026-10-03 00:57:59.526 [OP] E062 inv=FFDB len=36 #2 90faa32bee80eecd052a78b83467e8a4f369c5ce4dd0cb56fef33ab76de3b664c159bf80
2026-10-03 00:57:59.526 [OP] E062 inv=FFD6 len=41 #3 ce5b64516edcc0b44bd3a4302774b37803306ed87c542e911708d8c1c6127e0648f7caa14edf3c9780
2026-10-03 00:57:59.526 [OP] E062 inv=FFBD len=66 #4 8bfaa32b2180eecd052a78b83467e8a4f369c56648a6e72307f33ab76d5c192bceebd9b1e97b6f2e14b753eb4b4c723354115f2b04230737be87299ce0ac5c311c80
2026-10-03 00:57:59.526 [OP] E062 inv=FFD2 len=45 #5 aea32b1ffc5b3eaf205bb83467e8a43005939c08e9a1339602fe15472a7ccbe7c0c371aa87299ce0ccce36a780
2026-10-03 00:57:59.576 [OP] E014 inv=FF97 len=104 #1 088880344ba7f464510bdcfaa32b1f805b64510bb22f1dbb4f55cf64b3e564fae82b1f805b64510bdcfaa32b1f805b64510bdcfaa32b1f805b64510bdcfaa32b1f805b64510bdcfaa32b1f805b64510bdcfaa32b1f805b64510bdcfaa32b1f805b642c5f1a8a1dbb
2026-10-03 00:57:59.676 [OP] E004 inv=FD05 len=762 #1 7c0ba1914133409e335513f2dcfaa32b1f805b7ffd0be6faa32b1f805b64580bdcfaa32b1f805b64510b696479020e0f840a2913dcfaa32b1f805b26fdecc4faa32b1f805b64580bdcfaa32b1f805b64510be4ea9330b118f464510bdcfaa32b1f805b6451ec3bfaa32b1f805b647ffd52faa32b1f805b64510b62e250491f805b64510bdcfaa32b1f805b6451ecdcfaa32b1f805b64415f52faa32b1f805b64
2026-10-03 00:58:29.349 [EVENT] sock=3388 hEvent=00000F90 events=0x0
2026-10-03 00:58:29.349 [HB-OUT] op=0001 #1 len=4 sock=3388
2026-10-03 00:58:29.349 [EVENT] sock=3388 hEvent=00000F90 events=0x21
2026-10-03 00:58:30.450 [EVENT] sock=3388 hEvent=00000F90 events=0x0
2026-10-03 00:58:30.450 [HB-OUT] op=F005 #1 len=28 sock=3388
2026-10-03 00:58:30.450 [EVENT] sock=3388 hEvent=00000F90 events=0x21
2026-10-03 00:58:30.503 [NET-E] sock=3388 r=-1 err=10058
2026-10-03 00:58:30.503 [CLOSE] main sock 3388 closed
2026-10-03 00:59:06.413 [CONNECT] sock 1980 -> port 8484
2026-10-03 00:59:06.471 [EVENT] sock=1980 hEvent=00000E6C events=0x10
2026-10-03 00:59:06.471 [EVENT] sock=1980 hEvent=00000E6C events=0x21
2026-10-03 00:59:06.472 [EVENT] sock=1980 hEvent=00000E6C events=0x0
2026-10-03 00:59:06.473 [EVENT] sock=1980 hEvent=00000E6C events=0x21
2026-10-03 00:59:06.741 [MODE] sock=1980 filtered (len=120 flags=0)
2026-10-03 00:59:06.741 [OP] 4002 inv=FF8B len=116 #2 95fca5b1d728c3cd58d4294f85da40ec76714a41a01be3a0e2938d0b8541da89aba0acb08b3bad80c464510bdcfaa32bd13b5b646244dcfa83931f80807a510b155a4e78c8d97b81510bdcfada2b1f809564510ba7faa32be1805b645894dcfadb02074c724ed410dcfaa32b1f805b64510bdcfa
2026-10-03 00:59:07.899 [EVENT] sock=1980 hEvent=00000E6C events=0x0
2026-10-03 00:59:07.901 [EVENT] sock=1980 hEvent=00000E6C events=0x21
2026-10-03 00:59:07.973 [OP] 4014 inv=FFEA len=21 #2 a31f805bd9510bdc97b18a2934b66651eb89c4a32b
2026-10-03 00:59:07.985 [CONNECT] sock 1852 -> port 8485
2026-10-03 00:59:08.029 [EVENT] sock=1852 hEvent=00000F14 events=0x10
2026-10-03 00:59:08.029 [EVENT] sock=1852 hEvent=00000F14 events=0x21
2026-10-03 00:59:08.029 [EVENT] sock=1852 hEvent=00000F14 events=0x0
2026-10-03 00:59:08.029 [MAIN-SOCK] identified game world sock 1852 (WSASend op=F001)
2026-10-03 00:59:08.030 [OUT] F001 inv=FE5F len=260 #3 5ffe01f003caa32b7207c464bc595ab12b219f805b64510bdcfaa32b1fbcf2c197ddd3faa32b1f805b64510bdcfaa32b1f805b64510bdcfaa32b1f805b64510bdcfaa32b1f805b64510bdcfaa32b1f805b64510bdcfaa32b1f805b64510bdcfaa32b1f805b64510bdcfaa32b1f805b64510bdcfaa32b1f805b64510bdcfaa32b1f805b64510bdcfaa32b1f805b64510bdcfaa32b1f805b64510bdcfaa32bc6e3b110909468debf378528fc0418f5e93a8a30d650214fdcf5110b133045725b64510bdcfaa32b1f805b64510bdcfaa32b1f805b64510bdcfaa32b1f805b64510bdcfaa32b1f805b64510bdcfaa32b1f805b64510bdcfaa32b1f805b64510bdcfaa32b1f80
2026-10-03 00:59:08.030 [EVENT] sock=1852 hEvent=00000F14 events=0x21
2026-10-03 00:59:08.149 [MODE] sock=1852 filtered (len=7168 flags=0)
2026-10-03 00:59:08.150 [NET-E] sock=1852 r=-1 err=10053
2026-10-03 00:59:08.150 [CLOSE] main sock 1852 closed
2026-10-03 00:59:08.151 [CONNECT] sock 1760 -> port 8485
2026-10-03 00:59:08.200 [EVENT] sock=1760 hEvent=000007BC events=0x10
2026-10-03 00:59:08.200 [EVENT] sock=1760 hEvent=000007BC events=0x21
2026-10-03 00:59:08.201 [EVENT] sock=1760 hEvent=000007BC events=0x0
2026-10-03 00:59:08.201 [MAIN-SOCK] identified game world sock 1760 (WSASend op=F001)
2026-10-03 00:59:08.201 [OUT] F001 inv=FE5F len=260 #4 5ffe01f003caa32b7207c464bc595ab12b219f805b64510bdcfaa32b1fbcf2c197ddd3faa32b1f805b64510bdcfaa32b1f805b64510bdcfaa32b1f805b64510bdcfaa32b1f805b64510bdcfaa32b1f805b64510bdcfaa32b1f805b64510bdcfaa32b1f805b64510bdcfaa32b1f805b64510bdcfaa32b1f805b64510bdcfaa32b1f805b64510bdcfaa32b1f805b64510bdcfaa32b1f805b64510bdcfaa32bc6e3b110909468debf378528fc0418f5e93a8a30d650214fdcf5110b133045725b64510bdcfaa32b1f805b64510bdcfaa32b1f805b64510bdcfaa32b1f805b64510bdcfaa32b1f805b64510bdcfaa32b1f805b64510bdcfaa32b1f805b64510bdcfaa32b1f80
2026-10-03 00:59:08.201 [EVENT] sock=1760 hEvent=000007BC events=0x21
2026-10-03 00:59:08.328 [MODE] sock=1760 filtered (len=84 flags=0)
2026-10-03 00:59:08.328 [OP] E001 inv=FFAF len=80 #2 58ece8a3a32b1f80b77cb9b3ebffc88a0c5c5a4da476a3a1c95ee6c51d4d2439242070384597fb57d5b3bf5f24463e3bd83dbc595ab12b219f6016897110e95497cd4a215b64d6666ffaa32b1f805b64
2026-10-03 00:59:08.341 [EVENT] sock=1760 hEvent=000007BC events=0x0
2026-10-03 00:59:08.341 [OUT] F041 inv=FFE7 len=28 #2 e7ff41f026b35c3828d7512b1f805b64510bdcfaa301ecb6d96d5a0b
2026-10-03 00:59:08.341 [EVENT] sock=1760 hEvent=000007BC events=0x21
2026-10-03 00:59:08.341 [EVENT] sock=1760 hEvent=000007BC events=0x0
2026-10-03 00:59:08.341 [OUT] F003 inv=FFF7 len=12 #2 f7ff03f0109c56649ddd16d3
2026-10-03 00:59:08.341 [EVENT] sock=1760 hEvent=000007BC events=0x21
2026-10-03 00:59:08.437 [OP] E014 inv=FF97 len=104 #2 088880344ba7f464510bdcfaa32b1f805b91ff0bc6faa32b38a0b9649e4e0dcae82b1f805b64510bdcfaa32b1f805b64510bdcfaa32b1f805b64510bdcfaa32b1f805b64510bdcfaa32b1f805b64510bdcfaa32b1f805b64510bdcfaa32b1f805b64e75f7801d5bb
2026-10-03 00:59:08.536 [OP] E004 inv=FD05 len=762 #2 7c0ba1914133409e335513f2dcfaa32b1f805b7ffd0be6faa32b1f805b64580bdcfaa32b1f805b64510b696479020e0f840a2913dcfaa32b1f805b26fdecc4faa32b1f805b64580bdcfaa32b1f805b64510be4ea9330b118f464510bdcfaa32b1f805b6451ec3bfaa32b1f805b647ffd52faa32b1f805b64510b62e250491f805b64510bdcfaa32b1f805b6451ecdcfaa32b1f805b64415f52faa32b1f805b64
2026-10-03 00:59:12.209 [EVENT] sock=1760 hEvent=000007BC events=0x0
2026-10-03 00:59:12.209 [HB-OUT] op=F005 #2 len=28 sock=1760
2026-10-03 00:59:12.210 [EVENT] sock=1760 hEvent=000007BC events=0x21
2026-10-03 00:59:12.266 [NET-E] sock=1760 r=-1 err=10058
2026-10-03 00:59:12.266 [CLOSE] main sock 1760 closed
2026-10-03 00:59:15.351 [CLOSE] main sock 4294967295 closed
2026-10-03 00:59:15.525 [CLOSE] main sock 4294967295 closed
2026-10-03 00:59:15.935 [CLOSE] main sock 4294967295 closed
2026-10-03 00:59:15.935 [CLOSE] main sock 4294967295 closed
2026-10-03 00:59:15.969 [INIT] dll unloaded
