time,pid,exp,gold
09:04:58,27488,2,199367
09:04:58,18996,5742,201744
09:04:59,13044,1,199366
09:05:01,36220,5744,201745
09:05:25,27488,2,199367
09:05:26,18996,3596,201744
09:05:28,36220,3596,201745
09:05:29,13044,2,199366
09:05:55,27488,1,199367
09:05:55,36220,3502,201745
09:05:56,13044,1,199366
09:05:58,18996,3502,201744
09:06:37,27488,2,199367
09:06:38,13044,2,199366
09:06:38,36220,3480,201745
09:06:39,18996,3480,201744
09:06:40,24524,3480,201743
09:07:12,24524,5584,201743
09:07:13,36220,5582,201745
09:07:15,13044,1,199366
09:07:16,27488,1,199367
09:07:17,18996,5582,201744
09:07:42,27488,1,199367
09:07:43,36220,3456,201745
09:07:44,13044,1,199366
09:07:44,24524,3456,201743
09:07:45,18996,3456,201744
09:08:08,36220,3394,201745
09:08:09,27488,1,199367
09:08:10,13044,1,199366
09:08:13,24524,3394,201743
09:08:13,18996,3394,201744
09:08:32,18996,5460,201744
09:08:33,36220,3970,201745
09:08:35,24524,5460,201743
09:08:36,27488,1,199367
09:08:37,13044,2,199366
09:08:48,13044,2,199366
09:08:48,24524,3934,201743
09:08:50,18996,3934,201744
09:08:51,27488,1,199367
09:08:53,36220,3934,201745
09:09:05,36220,5460,201745
09:09:05,24524,5460,201743
09:09:06,13044,2,199366
09:09:06,27488,1,199367
09:09:07,18996,5460,201744
09:09:33,13044,1,199366
09:09:33,36220,4832,201745
09:09:33,27488,2,199367
09:09:34,24524,4832,201743
09:09:34,18996,4832,201744
09:09:55,18996,4624,201744
09:09:57,24524,4624,201743
09:09:57,13044,2,199366
09:09:58,36220,4624,201745
09:09:59,27488,1,199367
09:10:25,36220,4770,201745
09:10:26,24524,4770,201743
09:10:26,27488,1,199367
09:10:28,18996,4770,201744
09:10:38,13044,2,199366
09:10:53,24524,3788,201743
09:10:53,18996,3788,201744
09:10:53,36220,3788,201745
09:10:55,27488,1,199367
09:11:03,13044,2,199366
09:11:18,24524,4980,201743
09:11:19,18996,4980,201744
09:11:20,36220,4980,201745
09:11:21,27488,2,199367
09:11:21,13044,2,199366
09:11:38,27488,1,199367
09:11:39,24524,4020,201743
09:11:39,36220,2924,201745
09:11:40,18996,4020,201744
09:11:40,13044,1,199366
09:11:55,27488,2,199367
09:11:55,24524,3424,201743
09:11:55,13044,2,199366
09:11:56,18996,3424,201744
09:11:56,36220,3424,201745
09:12:28,24524,5496,201743
09:12:29,36220,5498,201745
09:12:29,27488,1,199367
09:12:29,13044,2,199366
09:12:31,18996,5496,201744
09:12:49,24524,3688,201743
09:12:50,27488,1,199367
09:12:50,18996,3688,201744
09:12:50,36220,3688,201745
09:12:53,13044,1,199366
09:13:20,27488,2,199367
09:13:21,24524,5104,201743
09:13:21,18996,5104,201744
09:13:21,13044,2,199366
09:13:23,36220,5104,201745
09:13:57,27488,2,199367
09:13:58,13044,2,199366
09:13:58,24524,4832,201743
09:13:58,18996,4832,201744
09:13:59,36220,4832,201745
09:14:26,24524,4476,201743
09:14:27,27488,2,199367
09:14:28,13044,2,199366
09:14:29,36220,4476,201745
09:14:35,18996,4476,201744
09:14:45,18996,3874,201744
09:14:46,24524,3874,201743
09:14:48,13044,2,199366
09:14:48,36220,3874,201745
09:14:49,27488,2,199367
09:15:16,13044,2,199366
09:15:16,36220,5668,201745
09:15:17,24524,5668,201743
09:15:17,18996,5668,201744
09:15:20,27488,2,199367
09:15:38,36220,3996,201745
09:15:39,24524,3996,201743
09:15:39,27488,1,199367
09:15:40,18996,3996,201744
09:15:41,13044,1,199366
09:16:07,13044,1,199366
09:16:07,36220,3996,201745
09:16:08,24524,3998,201743
09:16:08,18996,3996,201744
09:16:08,27488,2,199367
09:16:08,17852,4016,201783
09:16:09,37204,1,199374
09:16:10,19732,2,199368
09:16:11,21924,2,199369
09:16:11,20940,4016,201785
09:16:36,18996,4894,201744
09:16:37,13044,2,199366
09:16:37,24524,4894,201743
09:16:38,27488,2,199367
09:16:42,36220,4894,201745
09:16:54,37204,2,199374
09:16:54,21924,2,199369
09:16:55,19732,1,199368
09:16:57,17852,4104,201783
09:16:59,27488,2,199367
09:16:59,24524,5288,201743
09:16:59,18996,5288,201744
09:16:59,13044,1,199366
09:17:00,36220,5288,201745
09:17:03,20940,4104,201785
09:17:25,17852,3622,201783
09:17:26,24524,4168,201743
09:17:26,20940,3622,201785
09:17:26,21924,2,199369
09:17:26,19732,2,199368
09:17:27,13044,1,199366
09:17:27,36220,3032,201745
09:17:27,18996,4168,201744
09:17:28,27488,1,199367
09:17:29,37204,2,199374
09:17:44,27488,2,199367
09:17:45,24524,4292,201743
09:17:46,13044,2,199366
09:17:47,18996,4292,201744
09:17:51,17852,3032,201783
09:17:51,19732,1,199368
09:17:51,36220,3120,201745
09:17:51,37204,1,199374
09:17:53,20940,3032,201785
09:17:53,21924,1,199369
09:18:14,18996,3246,201744
09:18:15,24524,3246,201743
09:18:15,36220,2360,201745
09:18:16,27488,2,199367
09:18:16,13044,2,199366
09:18:20,19732,1,199368
09:18:21,21924,2,199369
09:18:21,17852,4060,201783
09:18:21,37204,2,199374
09:18:22,20940,4060,201785
09:18:46,37204,1,199374
09:18:46,20940,4078,201785
09:18:49,19732,2,199368
09:18:50,17852,4078,201783
09:18:54,18996,5202,201744
09:18:54,36220,3784,201745
09:18:54,27488,2,199367
09:18:55,21924,2,199369
09:18:56,13044,1,199366
09:18:57,24524,5202,201743
09:19:20,37204,1,199374
09:19:20,17852,4044,201783
09:19:20,20940,4044,201785
09:19:22,19732,1,199368
09:19:29,36220,3014,201745
09:19:29,24524,4146,201743
09:19:30,13044,1,199366
09:19:31,27488,2,199367
09:19:35,21924,2,199369
09:19:37,18996,4144,201744
09:19:45,20940,3228,201785
09:19:45,37204,1,199374
09:19:46,19732,1,199368
09:19:47,17852,3228,201783
09:19:55,24524,3542,201743
09:19:56,18996,3542,201744
09:19:56,13044,1,199366
09:19:57,36220,2576,201745
09:19:58,27488,1,199367
09:20:07,21924,2,199369
09:20:11,21924,1,199369
09:20:13,19732,1,199368
09:20:13,37204,2,199374
09:20:14,17852,3470,201783
09:20:16,20940,3470,201785
09:20:27,36220,3390,201745
09:20:28,18996,4662,201744
09:20:28,24524,4662,201743
09:20:30,27488,2,199367
09:20:33,13044,1,199366
09:20:42,21924,1,199369
09:20:42,19732,2,199368
09:20:42,37204,1,199374
09:20:42,17852,3060,201783
09:20:42,20940,3060,201785
09:20:57,18996,3394,201744
09:20:59,24524,3394,201743
09:21:00,36220,2468,201745
09:21:00,27488,2,199367
09:21:08,13044,1,199366
09:21:10,37204,2,199374
09:21:10,17852,4078,201783
09:21:12,21924,1,199369
09:21:12,19732,2,199368
09:21:14,20940,4078,201785
09:21:25,24524,5582,201743
09:21:26,27488,1,199367
09:21:26,36220,4060,201745
09:21:27,18996,5582,201744
09:21:29,13044,1,199366
09:21:39,17852,3998,201783
09:21:40,21924,1,199369
09:21:40,19732,2,199368
09:21:40,37204,2,199374
09:21:41,20940,3998,201785
09:21:50,13044,1,199366
09:21:50,27488,2,199367
09:21:51,36220,2452,201745
09:21:52,18996,3924,201744
09:21:52,24524,3924,201743
09:22:05,21924,1,199369
09:22:06,19732,1,199368
09:22:06,37204,2,199374
09:22:06,20940,2530,201785
09:22:08,17852,2530,201783
09:22:17,18996,3480,201744
09:22:18,24524,3480,201743
09:22:19,13044,1,199366
09:22:19,36220,2530,201745
09:22:21,27488,1,199367
09:22:36,37204,2,199374
09:22:36,21924,2,199369
09:22:38,19732,1,199368
09:22:40,20940,3032,201785
09:22:42,17852,3032,201783
09:22:51,27488,2,199367
09:22:53,24524,4980,201743
09:22:53,13044,2,199366
09:22:54,18996,4980,201744
09:22:54,36220,3622,201745
09:23:10,17852,2924,201783
09:23:10,19732,2,199368
09:23:12,21924,1,199369
09:23:12,37204,2,199374
09:23:16,20940,2924,201785
09:23:18,27488,1,199367
09:23:18,24524,4832,201743
09:23:19,36220,3514,201745
09:23:19,18996,4832,201744
09:23:20,13044,1,199366
09:23:37,19732,2,199368
09:23:38,17852,3284,201783
09:23:38,37204,2,199374
09:23:40,21924,1,199369
09:23:46,18996,3332,201744
09:23:46,20940,3284,201785
09:23:47,36220,2424,201745
09:23:48,27488,1,199367
09:23:48,13044,1,199366
09:23:49,24524,3332,201743
09:24:07,21924,2,199369
09:24:08,19732,2,199368
09:24:08,37204,1,199374
09:24:10,17852,2576,201783
09:24:10,20940,2576,201785
09:24:20,27488,2,199367
09:24:20,18996,4438,201744
09:24:20,24524,4438,201743
09:24:22,13044,1,199366
09:24:23,36220,3228,201745
09:24:41,20940,3390,201785
09:24:42,21924,1,199369
09:24:43,19732,1,199368
09:24:43,37204,2,199374
09:24:43,17852,3390,201783
09:24:50,24524,1932,201743
09:24:51,13044,2,199366
09:24:51,36220,1932,201745
09:24:51,27488,1,199367
09:24:53,18996,3092,201744
09:25:11,37204,1,199374
09:25:12,21924,1,199369
09:25:12,19732,1,199368
09:25:12,17852,3908,201783
09:25:14,20940,3908,201785
09:25:21,13044,1,199366
09:25:21,27488,2,199367
09:25:21,18996,4958,201744
09:25:21,24524,3604,201743
09:25:22,36220,3604,201745
09:25:37,21924,2,199369
09:25:37,20940,2530,201785
09:25:38,37204,1,199374
09:25:38,17852,2530,201783
09:25:38,19732,2,199368
09:25:43,27488,2,199367
09:25:43,36220,2800,201745
09:25:44,18996,3850,201744
09:25:45,13044,1,199366
09:25:45,24524,2800,201743
09:26:01,13044,2,199366
09:26:02,18996,3394,201744
09:26:02,24524,2468,201743
09:26:03,27488,1,199367
09:26:03,21924,2,199369
09:26:04,19732,1,199368
09:26:05,20940,3470,201785
09:26:06,36220,2468,201745
09:26:07,37204,1,199374
09:26:08,17852,3470,201783
09:26:20,18996,4624,201744
09:26:21,27488,1,199367
09:26:21,13044,2,199366
09:26:22,36220,3362,201745
09:26:23,24524,3362,201743
09:26:34,19732,1,199368
09:26:34,17852,3470,201783
09:26:34,21924,2,199369
09:26:34,37204,1,199374
09:26:35,20940,3470,201785
09:26:47,13044,1,199366
09:26:47,36220,3076,201745
09:26:49,27488,1,199367
09:26:49,24524,3076,201743
09:26:50,18996,4230,201744
09:27:03,21924,2,199369
09:27:04,19732,1,199368
09:27:04,37204,2,199374
09:27:04,20940,2968,201785
09:27:05,17852,2968,201783
09:27:07,13044,2,199366
09:27:08,27488,1,199367
09:27:08,36220,2468,201745
09:27:08,18996,3394,201744
09:27:10,24524,2468,201743
09:27:30,17852,3120,201783
09:27:31,21924,2,199369
09:27:31,37204,1,199374
09:27:33,20940,3120,201785
09:27:33,19732,1,199368
09:27:37,27488,1,199367
09:27:38,24524,2274,201743
09:27:38,13044,2,199366
09:27:39,18996,3640,201744
09:27:42,36220,2274,201745
09:28:00,36220,2616,201745
09:28:01,13044,1,199366
09:28:01,27488,1,199367
09:28:02,18996,5754,201744
09:28:04,24524,4184,201743
09:28:05,21924,1,199369
09:28:05,19732,2,199368
09:28:06,37204,2,199374
09:28:06,17852,3498,201783
09:28:07,20940,3498,201785
09:28:29,13044,2,199366
09:28:29,24524,2968,201743
09:28:31,27488,2,199367
09:28:31,36220,2968,201745
09:28:32,18996,4082,201744
09:28:32,17852,3864,201783
09:28:33,21924,1,199369
09:28:33,37204,2,199374
09:28:33,19732,2,199368
09:28:33,20940,3864,201785
09:28:54,27488,1,199367
09:28:56,36220,4078,201745
09:28:56,13044,2,199366
09:28:58,24524,4078,201743
09:29:00,18996,5606,201744
09:29:06,19732,2,199368
09:29:07,37204,2,199374
09:29:08,21924,1,199369
09:29:08,17852,4104,201783
09:29:08,20940,4104,201785
09:29:26,13044,1,199366
09:29:27,27488,1,199367
09:29:29,24524,3120,201743
09:29:36,36220,3120,201745
09:29:37,17852,4016,201783
09:29:37,18996,4292,201744
09:29:38,21924,2,199369
09:29:38,37204,2,199374
09:29:38,19732,2,199368
09:29:38,20940,4016,201785
09:30:01,37204,2,199374
09:30:01,17852,3684,201783
09:30:03,21924,2,199369
09:30:03,19732,1,199368
09:30:05,27488,2,199367
09:30:06,13044,2,199366
09:30:06,36220,4104,201745
09:30:06,20940,3684,201785
09:30:07,18996,5644,201744
09:30:09,24524,4104,201743
09:30:26,27488,2,199367
09:30:27,36220,3390,201745
09:30:28,24524,3390,201743
09:30:31,13044,2,199366
09:30:31,37204,2,199374
09:30:31,18996,4662,201744
09:30:32,19732,1,199368
09:30:32,17852,3344,201783
09:30:32,21924,2,199369
09:30:36,20940,3344,201785
09:30:58,18996,4600,201744
09:30:59,13044,2,199366
09:30:59,27488,1,199367
09:30:59,24524,3344,201743
09:31:02,36220,3344,201745
09:31:05,37204,2,199374
09:31:06,19732,2,199368
09:31:06,17852,3604,201783
09:31:07,20940,3604,201785
09:31:07,21924,2,199369
09:31:29,37204,1,199374
09:31:29,21924,2,199369
09:31:29,19732,1,199368
09:31:32,17852,3032,201783
09:31:33,20940,3032,201785
09:31:34,13044,1,199366
09:31:34,27488,1,199367
09:31:35,36220,3452,201745
09:31:35,18996,4746,201744
09:31:38,24524,3452,201743
09:31:59,20940,3622,201785
09:32:00,19732,1,199368
09:32:00,17852,3622,201783
09:32:01,21924,1,199369
09:32:02,37204,2,199374
09:32:05,27488,1,199367
09:32:05,24524,2530,201743
09:32:06,36220,2530,201745
09:32:11,18996,3480,201744
09:32:14,13044,1,199366
09:32:25,37204,2,199374
09:32:26,21924,2,199369
09:32:28,17852,3514,201783
09:32:28,20940,3514,201785
09:32:29,19732,2,199368
09:32:38,24524,3470,201743
09:32:38,27488,2,199367
09:32:39,13044,2,199366
09:32:39,36220,3470,201745
09:32:42,18996,4770,201744
09:32:53,21924,1,199369
09:32:53,17852,3560,201783
09:32:54,37204,2,199374
09:33:00,19732,1,199368
09:33:00,20940,3560,201785
09:33:09,24524,3122,201743
09:33:10,36220,3122,201745
09:33:11,18996,4292,201744
09:33:11,27488,2,199367
09:33:14,13044,1,199366
09:33:21,20940,2968,201785
09:33:22,37204,1,199374
09:33:23,19732,2,199368
09:33:23,21924,1,199369
09:33:23,17852,2968,201783
09:33:40,27488,1,199367
09:33:40,18996,5522,201744
09:33:41,13044,2,199366
09:33:41,24524,4016,201743
09:33:44,36220,4016,201745
09:33:50,21924,1,199369
09:33:50,17852,2208,201783
09:33:50,20940,2208,201785
09:33:51,19732,1,199368
09:33:52,37204,1,199374
09:34:09,27488,1,199367
09:34:10,24524,2682,201743
09:34:10,18996,3688,201744
09:34:12,13044,2,199366
09:34:12,36220,2682,201745
09:34:15,21924,1,199369
09:34:16,19732,2,199368
09:34:16,17852,4060,201783
09:34:16,20940,4060,201785
09:34:19,37204,1,199374
09:34:30,36220,2576,201745
09:34:30,27488,1,199367
09:34:31,24524,2576,201743
09:34:32,13044,1,199366
09:34:33,18996,3542,201744
09:34:42,21924,2,199369
09:34:43,20940,2682,201785
09:34:43,19732,1,199368
09:34:43,17852,2682,201783
09:34:46,37204,2,199374
09:34:58,24524,3952,201743
09:34:58,13044,1,199366
09:34:59,27488,1,199367
09:34:59,18996,5436,201744
09:35:00,36220,3954,201745
09:35:06,37204,1,199374
09:35:07,19732,2,199368
09:35:07,21924,1,199369
09:35:08,17852,3014,201783
09:35:08,20940,3014,201785
09:35:22,24524,2862,201743
09:35:22,27488,1,199367
09:35:23,13044,1,199366
09:35:23,36220,2862,201745
09:35:24,18996,3936,201744
09:35:33,19732,1,199368
09:35:34,21924,2,199369
09:35:34,20940,2576,201785
09:35:35,37204,2,199374
09:35:36,17852,2576,201783
09:35:47,18996,5374,201744
09:35:49,27488,2,199367
09:35:49,36220,3908,201745
09:35:49,24524,3908,201743
09:35:49,13044,2,199366
09:35:58,37204,2,199374
09:35:58,17852,2452,201783
09:35:59,19732,1,199368
09:35:59,20940,2452,201785
09:36:00,21924,1,199369
09:36:07,18996,5560,201744
09:36:07,36220,4044,201745
09:36:08,13044,1,199366
09:36:09,27488,2,199367
09:36:12,24524,4044,201743
09:36:24,37204,1,199374
09:36:24,20940,2530,201785
09:36:25,21924,1,199369
09:36:27,19732,1,199368
09:36:27,17852,2530,201783
09:36:28,13044,2,199366
09:36:28,18996,3818,201744
09:36:30,27488,2,199367
09:36:30,36220,2386,201745
09:36:33,24524,2386,201743
09:36:51,37204,1,199374
09:36:51,17852,2360,201783
09:36:51,20940,2360,201785
09:36:51,21924,1,199369
09:36:52,19732,2,199368
09:36:56,24524,2638,201743
09:36:57,18996,3626,201744
09:36:57,36220,2638,201745
09:36:58,27488,1,199367
09:37:05,13044,1,199366
09:37:26,37204,1,199374
09:37:28,17852,3604,201783
09:37:29,19732,2,199368
09:37:29,20940,3604,201785
09:37:29,21924,1,199369
09:37:32,36220,3846,201745
09:37:34,27488,1,199367
09:37:34,13044,2,199366
09:37:35,24524,3846,201743
09:37:39,18996,5290,201744
09:37:54,21924,1,199369
09:37:55,37204,1,199374
09:37:57,20940,2906,201785
09:37:57,19732,1,199368
09:38:00,17852,2906,201783
09:38:01,36220,2406,201745
09:38:01,24524,2406,201743
09:38:02,27488,2,199367
09:38:05,13044,2,199366
09:38:10,18996,3308,201744
09:38:20,24524,1620,201743
09:38:21,37204,2,199374
09:38:21,17852,3344,201783
09:38:22,19732,2,199368
09:38:22,36220,1620,201745
09:38:23,21924,1,199369
09:38:23,13044,1,199366
09:38:23,27488,2,199367
09:38:25,20940,3344,201785
09:38:26,18996,2592,201744
09:38:51,19732,1,199368
09:38:51,20940,3238,201785
09:38:51,17852,3238,201783
09:38:52,24524,4060,201743
09:38:52,21924,1,199369
09:38:53,27488,1,199367
09:38:53,36220,4060,201745
09:38:54,13044,2,199366
09:38:54,37204,1,199374
09:38:55,18996,5584,201744
09:39:17,27488,1,199367
09:39:17,18996,1554,201744
09:39:18,21924,2,199369
09:39:19,19732,2,199368
09:39:19,37204,2,199374
09:39:19,20940,3014,201785
09:39:20,17852,3014,201783
09:39:20,36220,1554,201745
09:39:21,13044,2,199366
09:39:22,24524,1554,201743
09:39:49,37204,1,199374
09:39:49,21924,1,199369
09:39:50,27488,2,199367
09:39:50,20940,3666,201785
09:39:50,36220,3300,201745
09:39:51,24524,3300,201743
09:39:51,18996,3300,201744
09:39:55,13044,2,199366
09:39:55,19732,1,199368
09:39:55,17852,3666,201783
09:40:10,27488,2,199367
09:40:11,36220,2532,201745
09:40:11,24524,2530,201743
09:40:11,13044,1,199366
09:40:16,18996,2530,201744
09:40:21,37204,1,199374
09:40:21,17852,2512,201783
09:40:22,21924,2,199369
09:40:22,20940,2512,201785
09:40:25,19732,1,199368
09:40:39,24524,4060,201743
09:40:40,27488,1,199367
09:40:41,13044,1,199366
09:40:42,36220,4060,201745
09:40:44,18996,4060,201744
09:40:53,17852,3014,201783
09:40:54,37204,1,199374
09:40:55,21924,1,199369
09:40:56,20940,3014,201785
09:40:57,19732,1,199368
09:41:10,27488,1,199367
09:41:10,24524,2530,201743
09:41:11,36220,2530,201745
09:41:12,18996,2530,201744
09:41:14,13044,1,199366
09:41:20,21924,1,199369
09:41:21,17852,4122,201783
09:41:23,37204,2,199374
09:41:27,19732,1,199368
09:41:28,20940,4122,201785
09:41:29,24524,2208,201743
09:41:30,27488,1,199367
09:41:32,36220,2208,201745
09:41:32,13044,2,199366
09:41:34,18996,2208,201744
09:41:53,21924,1,199369
09:41:53,19732,1,199368
09:41:53,17852,3560,201783
09:41:54,37204,2,199374
09:41:57,20940,3560,201785
09:42:01,27488,2,199367
09:42:01,18996,3622,201744
09:42:03,36220,3622,201745
09:42:03,24524,3622,201743
09:42:05,13044,2,199366
09:42:21,19732,2,199368
09:42:22,20940,3604,201785
09:42:23,37204,2,199374
09:42:23,17852,3604,201783
09:42:24,21924,1,199369
09:42:32,13044,1,199366
09:42:32,18996,3408,201744
09:42:32,27488,2,199367
09:42:33,36220,3408,201745
09:42:33,24524,3408,201743
09:42:55,17852,3970,201783
09:42:56,37204,2,199374
09:42:58,21924,2,199369
09:43:00,19732,2,199368
09:43:01,13044,2,199366
09:43:01,27488,2,199367
09:43:02,20940,3970,201785
09:43:02,24524,4016,201743
09:43:04,36220,4016,201745
09:43:10,18996,4016,201744
09:43:18,37204,2,199374
09:43:18,21924,1,199369
09:43:19,19732,1,199368
09:43:19,20940,2682,201785
09:43:20,17852,2682,201783
09:43:33,24524,2424,201743
09:43:34,27488,2,199367
09:43:35,36220,2424,201745
09:43:41,13044,2,199366
09:43:44,37204,1,199374
09:43:45,19732,1,199368
09:43:45,17852,3514,201783
09:43:46,18996,2424,201744
09:43:46,20940,3514,201785
09:43:46,21924,2,199369
09:43:57,27488,2,199367
09:43:57,18996,1554,201744
09:43:58,24524,1554,201743
09:43:59,13044,1,199366
09:44:00,36220,1554,201745
09:44:14,17852,4060,201783
09:44:14,21924,1,199369
09:44:15,37204,1,199374
09:44:15,19732,2,199368
09:44:20,20940,4060,201785
09:44:27,27488,1,199367
09:44:27,24524,2468,201743
09:44:28,18996,2468,201744
09:44:29,36220,2468,201745
09:44:34,13044,2,199366
09:44:36,21924,2,199369
09:44:37,37204,2,199374
09:44:37,17852,2862,201783
09:44:39,19732,1,199368
09:44:43,20940,2862,201785
09:44:48,18996,2520,201744
09:44:49,24524,2520,201743
09:44:49,27488,2,199367
09:44:50,13044,1,199366
09:44:50,36220,2520,201745
09:45:05,37204,2,199374
09:45:05,21924,2,199369
09:45:06,20940,1866,201785
09:45:08,19732,2,199368
09:45:08,17852,1866,201783
09:45:17,24524,3998,201743
09:45:18,18996,3998,201744
09:45:18,27488,1,199367
09:45:18,13044,1,199366
09:45:19,36220,3998,201745
09:45:33,21924,1,199369
09:45:33,19732,1,199368
09:45:33,37204,2,199374
09:45:33,20940,2576,201785
09:45:35,17852,2576,201783
09:45:57,36220,2968,201745
09:45:57,18996,2968,201744
09:45:58,13044,1,199366
09:45:58,27488,1,199367
09:46:02,24524,2968,201743
09:46:02,19732,1,199368
09:46:02,20940,3514,201785
09:46:02,21924,1,199369
09:46:03,37204,1,199374
09:46:05,17852,3514,201783
09:46:28,27488,1,199367
09:46:29,24524,2682,201743
09:46:29,21924,1,199369
09:46:30,17852,2968,201783
09:46:31,37204,1,199374
09:46:31,19732,2,199368
09:46:32,18996,2682,201744
09:46:34,36220,2684,201745
09:46:35,20940,2968,201785
09:46:40,13044,1,199366
09:46:54,27488,1,199367
09:46:54,24524,2178,201743
09:46:56,18996,2178,201744
09:47:01,36220,2178,201745
09:47:01,21924,1,199369
09:47:01,17852,3514,201783
09:47:02,20940,3514,201785
09:47:03,37204,1,199374
09:47:03,19732,1,199368
09:47:06,13044,1,199366
09:47:13,24524,2424,201743
09:47:13,13044,1,199366
09:47:14,27488,1,199367
09:47:14,36220,2424,201745
09:47:16,18996,2424,201744
09:47:30,37204,1,199374
09:47:31,21924,1,199369
09:47:33,19732,2,199368
09:47:33,17852,3014,201783
09:47:34,20940,3014,201785
09:47:48,27488,2,199367
09:47:49,13044,1,199366
09:47:49,36220,1620,201745
09:47:51,24524,1620,201743
09:47:54,18996,1620,201744
09:47:59,21924,1,199369
09:47:59,19732,1,199368
09:47:59,17852,3120,201783
09:47:59,20940,3120,201785
09:48:01,37204,2,199374
09:48:13,36220,2638,201745
09:48:14,24524,2638,201743
09:48:15,13044,2,199366
09:48:16,27488,1,199367
09:48:20,18996,2638,201744
09:48:24,37204,1,199374
09:48:24,20940,2576,201785
09:48:24,21924,1,199369
09:48:24,19732,1,199368
09:48:26,17852,2576,201783
09:48:39,13044,1,199366
09:48:40,24524,2512,201743
09:48:41,27488,1,199367
09:48:42,18996,2512,201744
09:48:42,36220,2512,201745
09:48:51,17852,3408,201783
09:48:52,37204,1,199374
09:48:53,19732,2,199368
09:48:54,21924,1,199369
09:48:58,20940,3408,201785
09:49:09,36220,2968,201745
09:49:09,24524,2968,201743
09:49:10,13044,2,199366
09:49:11,27488,1,199367
09:49:12,18996,2968,201744
09:49:25,21924,2,199369
09:49:26,17852,4060,201783
09:49:27,37204,2,199374
09:49:28,19732,1,199368
09:49:32,24524,3970,201743
09:49:33,36220,3970,201745
09:49:33,13044,1,199366
09:49:35,20940,4060,201785
09:49:35,27488,1,199367
09:49:40,18996,3970,201744
09:49:56,20940,3014,201785
09:49:56,21924,2,199369
09:49:56,37204,1,199374
09:49:57,19732,1,199368
09:50:04,18996,4230,201744
09:50:04,13044,1,199366
09:50:05,24524,4230,201743
09:50:05,17852,3014,201783
09:50:06,36220,4230,201745
09:50:06,27488,1,199367
09:50:27,19732,2,199368
09:50:27,37204,1,199374
09:50:27,17852,4016,201783
09:50:27,20940,4016,201785
09:50:28,21924,1,199369
09:50:34,27488,1,199367
09:50:34,24524,3560,201743
09:50:36,36220,3560,201745
09:50:37,13044,2,199366
09:50:37,18996,3560,201744
09:50:57,21924,2,199369
09:50:57,19732,2,199368
09:50:58,17852,4184,201783
09:50:58,20940,4184,201785
09:51:01,37204,2,199374
09:51:03,27488,2,199367
09:51:03,36220,3622,201745
09:51:03,13044,2,199366
09:51:04,18996,3622,201744
09:51:04,24524,3622,201743
09:51:26,17852,3622,201783
09:51:27,37204,1,199374
09:51:27,20940,3622,201785
09:51:28,19732,2,199368
09:51:28,21924,2,199369
09:51:34,36220,2908,201745
09:51:34,24524,2906,201743
09:51:34,13044,2,199366
09:51:34,18996,2906,201744
09:51:35,27488,2,199367
09:51:53,37204,2,199374
09:51:53,19732,2,199368
09:51:53,21924,1,199369
09:51:54,20940,2576,201785
09:51:54,17852,2576,201783
09:52:00,27488,2,199367
09:52:01,24524,3622,201743
09:52:01,36220,3622,201745
09:52:02,13044,1,199366
09:52:02,18996,3622,201744
09:52:16,37204,2,199374
09:52:17,21924,1,199369
09:52:17,20940,4184,201785
09:52:19,19732,2,199368
09:52:20,17852,4184,201783
09:52:34,24524,3300,201743
09:52:34,27488,2,199367
09:52:34,36220,3300,201745
09:52:35,18996,3300,201744
09:52:36,13044,2,199366
09:52:43,21924,1,199369
09:52:43,20940,2530,201785
09:52:43,17852,2530,201783
09:52:45,37204,1,199374
09:52:46,19732,1,199368
09:52:55,13044,1,199366
09:52:55,27488,2,199367
09:52:55,36220,2924,201745
09:52:56,24524,2924,201743
09:52:58,18996,2924,201744
09:53:07,37204,2,199374
09:53:08,21924,1,199369
09:53:08,19732,1,199368
09:53:08,17852,2360,201783
09:53:13,20940,2360,201785
09:53:19,27488,2,199367
09:53:19,36220,2316,201745
09:53:19,18996,2316,201744
09:53:20,24524,2316,201743
09:53:20,13044,1,199366
09:53:30,37204,2,199374
09:53:30,21924,2,199369
09:53:31,19732,2,199368
09:53:33,20940,2924,201785
09:53:33,17852,2924,201783
09:53:52,18996,3666,201744
09:53:52,27488,2,199367
09:53:52,24524,3666,201743
09:53:52,13044,1,199366
09:53:53,36220,3666,201745
09:54:01,37204,2,199374
09:54:01,17852,2576,201783
09:54:01,21924,1,199369
09:54:01,19732,2,199368
09:54:02,20940,2576,201785
09:54:17,27488,1,199367
09:54:17,24524,1524,201743
09:54:17,13044,2,199366
09:54:18,18996,1524,201744
09:54:19,36220,1526,201745
09:54:30,20940,3166,201785
09:54:31,37204,1,199374
09:54:31,19732,2,199368
09:54:31,17852,3166,201783
09:54:31,21924,2,199369
09:54:44,24524,3014,201743
09:54:44,27488,1,199367
09:54:45,36220,3014,201745
09:54:45,18996,3014,201744
09:54:46,13044,1,199366
09:55:01,20940,3408,201785
09:55:01,21924,2,199369
09:55:02,37204,1,199374
09:55:02,19732,2,199368
09:55:04,17852,3408,201783
09:55:17,27488,2,199367
09:55:18,36220,3998,201745
09:55:18,24524,3998,201743
09:55:19,13044,2,199366
09:55:20,18996,3998,201744
09:55:34,37204,2,199374
09:55:34,20940,3890,201785
09:55:34,19732,2,199368
09:55:34,21924,1,199369
09:55:37,17852,3890,201783
09:55:42,27488,2,199367
09:55:42,13044,1,199366
09:55:42,18996,3120,201744
09:55:43,24524,3120,201743
09:55:43,36220,3120,201745
09:55:59,18996,4044,201744
09:56:00,36220,4044,201745
09:56:00,27488,2,199367
09:56:00,24524,4044,201743
09:56:02,13044,2,199366
09:56:03,19732,1,199368
09:56:03,20940,4016,201785
09:56:03,17852,4016,201783
09:56:05,37204,1,199374
09:56:05,21924,2,199369
09:56:25,18996,2424,201744
09:56:25,27488,2,199367
09:56:25,24524,2424,201743
09:56:26,36220,2424,201745
09:56:27,13044,1,199366
09:56:33,21924,2,199369
09:56:33,20940,2620,201785
09:56:33,19732,1,199368
09:56:33,17852,2620,201783
09:56:35,37204,2,199374
09:56:54,18996,2620,201744
09:56:54,27488,2,199367
09:56:55,36220,2620,201745
09:56:56,13044,2,199366
09:56:56,24524,2620,201743
09:57:03,37204,2,199374
09:57:03,20940,3514,201785
09:57:03,19732,1,199368
09:57:04,17852,3514,201783
09:57:06,21924,2,199369
09:57:17,27488,1,199367
09:57:18,36220,2274,201745
09:57:18,24524,2274,201743
09:57:18,18996,2274,201744
09:57:19,13044,1,199366
09:57:35,37204,1,199374
09:57:35,20940,3576,201785
09:57:35,17852,3576,201783
09:57:35,19732,1,199368
09:57:36,21924,1,199369
09:57:44,36220,3014,201745
09:57:44,24524,3014,201743
09:57:45,18996,3014,201744
09:57:45,27488,2,199367
09:57:47,13044,2,199366
09:58:01,20940,2862,201785
09:58:01,17852,2862,201783
09:58:03,19732,2,199368
09:58:03,21924,2,199369
09:58:04,37204,1,199374
09:58:09,36220,2576,201745
09:58:09,24524,2576,201743
09:58:10,27488,1,199367
09:58:10,18996,2576,201744
09:58:12,13044,2,199366
09:58:30,37204,1,199374
09:58:31,20940,3060,201785
09:58:31,19732,1,199368
09:58:31,21924,2,199369
09:58:32,17852,3060,201783
09:58:33,24524,1866,201743
09:58:34,27488,1,199367
09:58:34,13044,2,199366
09:58:34,18996,1866,201744
09:58:35,36220,1866,201745
09:59:00,37204,1,199374
09:59:01,17852,3362,201783
09:59:01,19732,1,199368
09:59:01,21924,2,199369
09:59:02,20940,3362,201785
09:59:04,13044,1,199366
09:59:05,27488,1,199367
09:59:05,24524,4060,201743
09:59:06,18996,4060,201744
09:59:07,36220,4060,201745
09:59:24,24524,2468,201743
09:59:24,18996,2468,201744
09:59:25,27488,2,199367
09:59:25,36220,2468,201745
09:59:27,13044,1,199366
09:59:33,20940,3998,201785
09:59:33,17852,3998,201783
09:59:33,19732,1,199368
09:59:33,21924,1,199369
09:59:34,37204,2,199374
09:59:52,27488,2,199367
09:59:52,24524,3684,201743
09:59:53,13044,1,199366
09:59:53,18996,3684,201744
09:59:53,36220,3684,201745
10:00:03,37204,1,199374
10:00:03,19732,2,199368
10:00:03,21924,1,199369
10:00:04,20940,2906,201785
10:00:04,17852,2906,201783
10:00:14,27488,2,199367
10:00:14,18996,3300,201744
10:00:15,24524,3300,201743
10:00:15,13044,1,199366
10:00:20,36220,3300,201745
10:00:31,21924,2,199369
10:00:32,17852,4122,201783
10:00:32,37204,1,199374
10:00:32,19732,2,199368
10:00:35,20940,4122,201785
10:00:36,36220,3452,201745
10:00:36,24524,3452,201743
10:00:36,13044,1,199366
10:00:36,18996,3452,201744
10:00:38,27488,2,199367
10:00:56,20940,1592,201785
10:00:56,21924,1,199369
10:00:57,17852,1592,201783
10:00:57,37204,2,199374
10:00:57,19732,1,199368
10:00:58,36220,2424,201745
10:00:58,24524,2424,201743
10:00:58,13044,2,199366
10:00:58,27488,1,199367
10:01:00,18996,2424,201744
10:01:17,27488,2,199367
10:01:17,18996,2968,201744
10:01:18,24524,2968,201743
10:01:18,13044,1,199366
10:01:19,36220,2968,201745
10:01:26,19732,2,199368
10:01:27,17852,4168,201783
10:01:27,21924,2,199369
10:01:27,20940,4168,201785
10:01:27,37204,1,199374
10:01:41,27488,1,199367
10:01:42,13044,1,199366
10:01:42,18996,1524,201744
10:01:42,36220,1524,201745
10:01:42,24524,1524,201743
10:02:00,17852,3060,201783
10:02:00,19732,2,199368
10:02:01,21924,2,199369
10:02:04,37204,1,199374
10:02:05,20940,3060,201785
10:02:14,24524,3498,201743
10:02:15,13044,1,199366
10:02:16,36220,3498,201745
10:02:17,27488,2,199367
10:02:17,18996,3498,201744
10:02:36,21924,2,199369
10:02:36,17852,3604,201783
10:02:37,37204,2,199374
10:02:37,19732,1,199368
10:02:39,20940,3604,201785
10:02:46,24524,3120,201743
10:02:46,13044,2,199366
10:02:46,18996,3120,201744
10:02:47,27488,1,199367
10:02:47,36220,3120,201745
10:03:02,21924,2,199369
10:03:02,20940,2530,201785
10:03:03,19732,2,199368
10:03:03,17852,2530,201783
10:03:05,37204,1,199374
10:03:08,27488,2,199367
10:03:09,13044,1,199366
10:03:09,36220,2482,201745
10:03:10,18996,3970,201744
10:03:15,24524,3970,201743
10:03:30,19732,2,199368
10:03:30,17852,3998,201783
10:03:31,21924,1,199369
10:03:32,20940,3998,201785
10:03:32,37204,1,199374
10:03:40,27488,1,199367
10:03:41,13044,2,199366
10:03:42,18996,3604,201744
10:03:43,36220,3604,201745
10:03:48,24524,3604,201743
10:03:54,21924,1,199369
10:03:55,20940,1932,201785
10:03:55,19732,2,199368
10:03:55,17852,1932,201783
10:03:57,37204,1,199374
10:04:16,24524,4104,201743
10:04:17,18996,4104,201744
10:04:17,27488,2,199367
10:04:17,36220,4106,201745
10:04:17,13044,2,199366
10:04:29,20940,3784,201785
10:04:29,21924,1,199369
10:04:30,17852,3784,201783
10:04:31,19732,1,199368
10:04:32,37204,1,199374
10:04:53,24524,3784,201743
10:04:53,36220,3784,201745
10:04:53,27488,1,199367
10:04:54,37204,2,199374
10:04:54,21924,2,199369
10:04:54,17852,2682,201783
10:04:54,19732,2,199368
10:04:55,13044,1,199366
10:04:55,20940,2682,201785
10:04:55,18996,3784,201744
10:05:21,27488,1,199367
10:05:21,24524,3120,201743
10:05:21,36220,3120,201745
10:05:21,18996,3120,201744
10:05:23,13044,2,199366
10:05:25,37204,2,199374
10:05:25,21924,1,199369
10:05:25,19732,1,199368
10:05:25,20940,3622,201785
10:05:26,17852,3622,201783
10:05:56,19732,1,199368
10:05:56,20940,3576,201785
10:05:56,37204,2,199374
10:05:56,17852,3576,201783
10:05:57,21924,2,199369
10:05:57,24524,4044,201743
10:05:57,36220,4044,201745
10:05:58,18996,4044,201744
10:05:59,27488,2,199367
10:06:00,13044,1,199366
10:06:21,19732,2,199368
10:06:21,21924,1,199369
10:06:21,37204,2,199374
10:06:21,17852,1554,201783
10:06:28,20940,1554,201785
10:06:28,27488,2,199367
10:06:29,24524,3908,201743
10:06:29,13044,1,199366
10:06:34,36220,3908,201745
10:06:36,18996,3908,201744
10:06:44,17852,3032,201783
10:06:44,19732,1,199368
10:06:45,37204,2,199374
10:06:45,21924,1,199369
10:06:46,20940,3032,201785
10:07:02,24524,3390,201743
10:07:02,36220,3390,201745
10:07:02,13044,1,199366
10:07:04,27488,1,199367
10:07:04,18996,3390,201744
10:07:11,17852,1866,201783
10:07:12,20940,1866,201785
10:07:12,19732,1,199368
10:07:13,37204,2,199374
10:07:13,21924,2,199369
10:07:23,18996,1592,201744
10:07:23,27488,2,199367
10:07:23,36220,1592,201745
10:07:24,24524,1592,201743
10:07:25,13044,2,199366
10:07:42,20940,3344,201785
10:07:42,17852,3344,201783
10:07:43,19732,1,199368
10:07:44,21924,2,199369
10:07:45,37204,1,199374
10:07:51,36220,3184,201745
10:07:52,13044,2,199366
10:07:52,24524,3184,201743
10:07:52,18996,3184,201744
10:07:53,27488,2,199367
10:08:07,17852,2620,201783
10:08:08,20940,2620,201785
10:08:09,37204,1,199374
10:08:09,19732,1,199368
10:08:10,21924,2,199369
10:08:28,24524,4212,201743
10:08:29,18996,4212,201744
10:08:29,27488,1,199367
10:08:29,36220,4212,201745
10:08:30,13044,2,199366
10:08:38,17852,3576,201783
10:08:38,19732,2,199368
10:08:39,37204,2,199374
10:08:39,21924,1,199369
10:08:39,20940,3576,201785
10:08:53,36220,2468,201745
10:08:53,18996,2468,201744
10:08:53,13044,2,199366
10:08:53,27488,1,199367
10:08:54,24524,2468,201743
10:09:14,20940,3452,201785
10:09:14,37204,2,199374
10:09:14,19732,1,199368
10:09:15,21924,2,199369
10:09:15,17852,3452,201783
10:09:27,24524,2246,201743
10:09:27,18996,2246,201744
10:09:27,27488,2,199367
10:09:28,13044,1,199366
10:09:30,36220,2246,201745
10:09:37,37204,1,199374
10:09:37,21924,2,199369
10:09:37,19732,1,199368
10:09:38,17852,3014,201783
10:09:39,20940,3014,201785
10:09:48,18996,2360,201744
10:09:48,27488,2,199367
10:09:49,13044,2,199366
10:09:50,24524,2360,201743
10:09:50,36220,2360,201745
10:10:04,20940,2844,201785
10:10:04,37204,2,199374
10:10:04,19732,2,199368
10:10:05,21924,1,199369
10:10:05,17852,2844,201783
10:10:14,24524,1882,201743
10:10:14,18996,1882,201744
10:10:14,27488,2,199367
10:10:15,13044,1,199366
10:10:15,36220,1882,201745
10:10:28,13044,1,199366
10:10:29,24524,2350,201743
10:10:29,36220,2350,201745
10:10:29,20940,2520,201785
10:10:29,37204,1,199374
10:10:29,21924,1,199369
10:10:29,17852,2520,201783
10:10:29,27488,2,199367
10:10:30,18996,2350,201744
10:10:32,19732,2,199368
10:10:54,21924,1,199369
10:10:55,20940,2424,201785
10:10:55,13044,1,199366
10:10:55,37204,2,199374
10:10:55,17852,2424,201783
10:10:55,19732,1,199368
10:10:55,27488,1,199367
10:10:56,24524,2728,201743
10:10:56,18996,2728,201744
10:10:58,36220,2728,201745
10:11:13,13044,2,199366
10:11:13,27488,1,199367
10:11:13,36220,2536,201745
10:11:14,24524,2536,201743
10:11:14,18996,2536,201744
10:11:24,20940,3576,201785
10:11:24,37204,2,199374
10:11:24,21924,2,199369
10:11:24,19732,1,199368
10:11:26,17852,3576,201783
10:11:34,24524,2274,201743
10:11:34,18996,2274,201744
10:11:35,27488,1,199367
10:11:36,36220,2274,201745
10:11:36,13044,1,199366
10:11:48,37204,1,199374
10:11:49,21924,1,199369
10:11:49,17852,3684,201783
10:11:49,19732,2,199368
10:11:50,20940,3684,201785
10:12:06,27488,1,199367
10:12:07,24524,2128,201743
10:12:07,18996,2128,201744
10:12:07,36220,2128,201745
10:12:08,13044,1,199366
10:12:16,20940,3576,201785
10:12:17,37204,2,199374
10:12:17,21924,2,199369
10:12:17,17852,3576,201783
10:12:18,19732,2,199368
10:12:27,27488,2,199367
10:12:28,24524,1360,201743
10:12:28,18996,1360,201744
10:12:30,13044,1,199366
10:12:31,36220,1360,201745
10:12:38,37204,1,199374
10:12:39,19732,2,199368
10:12:39,21924,1,199369
10:12:39,17852,1620,201783
10:12:40,20940,1620,201785
10:12:54,36220,1360,201745
10:12:54,24524,1360,201743
10:12:54,18996,1360,201744
10:12:55,13044,1,199366
10:12:56,27488,2,199367
10:13:02,20940,2424,201785
10:13:02,19732,1,199368
10:13:03,17852,2424,201783
10:13:04,37204,1,199374
10:13:04,21924,2,199369
10:13:15,36220,620,201745
10:13:16,18996,620,201744
10:13:16,13044,1,199366
10:13:17,27488,2,199367
10:13:18,24524,620,201743
10:13:25,21924,1,199369
10:13:25,17852,2638,201783
10:13:26,20940,2638,201785
10:13:26,37204,1,199374
10:13:27,19732,1,199368
10:13:47,27488,2,199367
10:13:48,24524,966,201743
10:13:48,36220,968,201745
10:13:48,18996,966,201744
10:13:49,13044,2,199366
10:13:51,37204,1,199374
10:13:52,21924,1,199369
10:13:52,17852,2530,201783
10:13:53,19732,1,199368
10:13:53,20940,2530,201785
10:14:08,36220,966,201745
10:14:09,24524,968,201743
10:14:09,18996,966,201744
10:14:09,13044,2,199366
10:14:09,27488,2,199367
10:14:15,37204,1,199374
10:14:16,20940,2112,201785
10:14:16,21924,1,199369
10:14:16,17852,2112,201783
10:14:16,19732,2,199368
10:14:31,13044,2,199366
10:14:31,27488,1,199367
10:14:31,24524,862,201743
10:14:31,18996,862,201744
10:14:32,36220,862,201745
10:14:46,21924,1,199369
10:14:46,19732,1,199368
10:14:47,20940,3622,201785
10:14:47,37204,2,199374
10:14:47,17852,3622,201783
10:15:00,13044,2,199366
10:15:01,27488,2,199367
10:15:02,24524,862,201743
10:15:02,18996,862,201744
10:15:03,36220,862,201745
10:15:09,17852,2424,201783
10:15:10,21924,2,199369
10:15:10,37204,1,199374
10:15:10,19732,1,199368
10:15:12,20940,2424,201785
10:15:35,21924,1,199369
10:15:36,17852,3076,201783
10:15:36,19732,1,199368
10:15:37,20940,3076,201785
10:15:38,37204,1,199374
10:16:01,20940,3014,201785
10:16:01,37204,2,199374
10:16:01,17852,3014,201783
10:16:02,21924,1,199369
10:16:02,19732,2,199368
10:16:23,21924,1,199369
10:16:24,37204,2,199374
10:16:24,17852,2360,201783
10:16:24,20940,2360,201785
10:16:26,19732,2,199368
10:16:56,19732,2,199368
10:16:57,20940,3120,201785
10:16:57,37204,1,199374
10:16:57,17852,3120,201783
10:16:58,21924,1,199369
10:17:26,21924,1,199369
10:17:26,37204,2,199374
10:17:26,17852,3014,201783
10:17:26,19732,1,199368
10:17:27,20940,3014,201785
10:17:53,21924,1,199369
10:17:53,37204,1,199374
10:17:54,20940,3076,201785
10:17:54,17852,3076,201783
10:17:54,19732,2,199368
10:18:24,20940,2906,201785
10:18:25,17852,2906,201783
10:18:25,19732,1,199368
10:18:26,21924,1,199369
10:18:26,37204,2,199374
10:18:52,20940,3470,201785
10:18:52,21924,2,199369
10:18:52,17852,3470,201783
10:18:53,19732,2,199368
10:18:53,37204,1,199374
10:19:17,17852,3032,201783
10:19:17,20940,3032,201785
10:19:18,19732,2,199368
10:19:18,21924,1,199369
10:19:18,37204,2,199374
10:19:45,20940,3514,201785
10:19:45,37204,1,199374
10:19:45,17852,3514,201783
10:19:46,21924,2,199369
10:19:46,19732,2,199368
10:20:07,19732,1,199368
10:20:07,21924,1,199369
10:20:07,17852,2424,201783
10:20:08,20940,2424,201785
10:20:10,37204,2,199374
10:20:39,19732,1,199368
10:20:40,20940,3452,201785
10:20:40,21924,1,199369
10:20:40,17852,3452,201783
10:20:42,37204,2,199374
10:21:11,17852,3846,201783
10:21:12,37204,1,199374
10:21:12,19732,2,199368
10:21:13,20940,3846,201785
10:21:16,21924,2,199369
10:21:34,19732,2,199368
10:21:35,21924,1,199369
10:21:35,37204,2,199374
10:21:35,17852,3076,201783
10:21:36,20940,3076,201785
10:22:05,19732,1,199368
10:22:05,37204,2,199374
10:22:05,21924,1,199369
10:22:05,17852,2576,201783
10:22:07,20940,2576,201785
10:22:33,20940,2968,201785
10:22:33,21924,1,199369
10:22:33,19732,2,199368
10:22:34,17852,2968,201783
10:22:36,37204,2,199374
10:22:59,17852,2924,201783
10:23:00,21924,2,199369
10:23:00,37204,1,199374
10:23:02,19732,2,199368
10:23:03,20940,2924,201785
10:23:34,21924,2,199369
10:23:34,17852,3890,201783
10:23:34,19732,1,199368
10:23:35,20940,3890,201785
10:23:35,37204,2,199374
10:23:57,20940,2254,201785
10:23:57,21924,1,199369
10:23:58,17852,2254,201783
10:23:58,19732,1,199368
10:23:59,37204,1,199374
10:24:26,21924,1,199369
10:24:27,37204,2,199374
10:24:27,17852,3846,201783
10:24:27,20940,3846,201785
10:24:28,19732,2,199368
10:24:55,17852,2576,201783
10:24:55,19732,2,199368
10:24:55,20940,2576,201785
10:24:56,21924,1,199369
10:24:57,37204,1,199374
10:25:27,19732,1,199368
10:25:28,20940,3952,201785
10:25:28,21924,1,199369
10:25:28,17852,3952,201783
10:25:29,37204,1,199374
10:26:00,19732,2,199368
10:26:00,20940,3890,201785
10:26:00,21924,2,199369
10:26:00,37204,2,199374
10:26:00,17852,3890,201783
10:26:30,21924,2,199369
10:26:30,19732,1,199368
10:26:31,20940,3408,201785
10:26:31,17852,3408,201783
10:26:34,37204,2,199374
10:26:59,21924,1,199369
10:26:59,37204,1,199374
10:27:00,20940,3908,201785
10:27:00,17852,3908,201783
10:27:01,19732,2,199368
10:27:30,21924,1,199369
10:27:30,37204,2,199374
10:27:30,20940,3452,201785
10:27:31,17852,3452,201783
10:27:31,19732,1,199368
10:27:55,17852,2638,201783
10:27:56,21924,1,199369
10:27:56,37204,2,199374
10:27:56,19732,1,199368
10:27:57,20940,2638,201785
10:28:26,17852,2906,201783
10:28:26,19732,1,199368
10:28:26,21924,2,199369
10:28:27,20940,2906,201785
10:28:27,37204,1,199374
10:28:49,27488,1,199367
10:28:49,36220,1,201745
10:28:50,24524,1,201743
10:28:51,13044,2,199366
10:28:53,18996,1,201744
10:28:54,20940,3470,201785
10:28:55,21924,1,199369
10:28:55,37204,2,199374
10:28:56,19732,2,199368
10:28:56,17852,3470,201783
10:29:08,13044,2,199366
10:29:09,24524,1,201743
10:29:10,36220,2,201745
10:29:10,27488,2,199367
10:29:12,18996,1,201744
10:29:24,37204,1,199374
10:29:25,19732,1,199368
10:29:25,21924,1,199369
10:29:25,17852,3864,201783
10:29:26,20940,3864,201785
10:29:30,18996,1,201744
10:29:30,27488,1,199367
10:29:30,24524,2,201743
10:29:31,36220,2,201745
10:29:33,13044,2,199366
10:29:49,13044,1,199366
10:29:49,27488,2,199367
10:29:50,18996,1,201744
10:29:53,24524,1,201743
10:29:54,17852,3560,201783
10:29:55,19732,1,199368
10:29:55,21924,1,199369
10:29:55,37204,1,199374
10:29:56,36220,1,201745
10:29:57,20940,3560,201785
10:30:13,24524,2,201743
10:30:14,13044,1,199366
10:30:15,18996,1,201744
10:30:18,27488,1,199367
10:30:21,36220,2,201745
10:30:24,19732,2,199368
10:30:25,21924,1,199369
10:30:25,37204,1,199374
10:30:26,20940,3908,201785
10:30:30,17852,3908,201783
10:30:33,24524,1,201743
10:30:33,36220,2,201745
10:30:33,27488,2,199367
10:30:37,13044,1,199366
10:30:37,18996,1,201744
10:30:53,27488,2,199367
10:30:54,24524,1,201743
10:30:55,36220,2,201745
10:30:56,18996,1,201744
10:30:56,13044,2,199366
10:30:56,21924,2,199369
10:30:57,19732,1,199368
10:30:58,20940,4168,201785
10:30:58,37204,1,199374
10:30:58,17852,4168,201783
10:31:23,21924,1,199369
10:31:23,37204,2,199374
10:31:24,19732,2,199368
10:31:25,17852,2620,201783
10:31:25,20940,2620,201785
10:31:51,37204,2,199374
10:31:51,21924,1,199369
10:31:51,17852,1620,201783
10:31:52,19732,1,199368
10:31:54,20940,1620,201785
10:32:24,21924,2,199369
10:32:24,37204,1,199374
10:32:24,20940,3514,201785
10:32:25,19732,1,199368
10:32:25,17852,3514,201783
10:32:51,21924,2,199369
10:32:51,17852,3120,201783
10:32:52,20940,3120,201785
10:32:52,37204,1,199374
10:32:53,19732,1,199368
10:33:04,13044,2,199366
10:33:04,27488,1,199367
10:33:05,18996,1,201744
10:33:05,24524,2,201743
10:33:05,36220,2,201745
10:33:15,17852,3846,201783
10:33:16,19732,1,199368
10:33:16,20940,3846,201785
10:33:16,21924,2,199369
10:33:19,37204,1,199374
10:33:20,27488,1,199367
10:33:21,24524,2,201743
10:33:21,36220,2,201745
10:33:21,13044,2,199366
10:33:22,18996,1,201744
10:33:38,36220,2,201745
10:33:38,27488,1,199367
10:33:38,18996,1,201744
10:33:38,24524,2,201743
10:33:40,13044,1,199366
10:33:44,21924,1,199369
10:33:45,19732,2,199368
10:33:45,20940,3576,201785
10:33:46,37204,1,199374
10:33:46,17852,3576,201783
10:33:59,36220,2,201745
10:34:00,27488,1,199367
10:34:00,18996,1,201744
10:34:01,13044,2,199366
10:34:03,24524,2,201743
10:34:13,37204,1,199374
10:34:13,21924,1,199369
10:34:13,17852,2468,201783
10:34:13,19732,1,199368
10:34:13,20940,2468,201785
10:34:18,27488,1,199367
10:34:19,36220,2,201745
10:34:19,18996,2,201744
10:34:20,24524,2,201743
10:34:21,13044,2,199366
10:34:36,27488,2,199367
10:34:36,18996,1,201744
10:34:37,36220,2,201745
10:34:37,13044,2,199366
10:34:37,24524,2,201743
10:34:38,21924,2,199369
10:34:39,37204,1,199374
10:34:39,17852,2360,201783
10:34:40,19732,2,199368
10:34:40,20940,2360,201785
10:34:51,24524,2,201743
10:34:51,27488,1,199367
10:34:52,18996,2,201744
10:34:52,36220,1,201745
10:34:54,13044,1,199366
10:35:05,19732,1,199368
10:35:06,21924,1,199369
10:35:06,37204,2,199374
10:35:06,17852,3800,201783
10:35:07,20940,3800,201785
10:35:14,24524,2,201743
10:35:14,27488,1,199367
10:35:15,13044,1,199366
10:35:16,18996,1,201744
10:35:17,36220,2,201745
10:35:32,37204,1,199374
10:35:32,19732,2,199368
10:35:33,21924,1,199369
10:35:34,17852,2816,201783
10:35:34,20940,2816,201785
10:35:35,27488,2,199367
10:35:35,18996,1,201744
10:35:36,24524,1,201743
10:35:36,36220,1,201745
10:35:36,13044,1,199366
10:35:49,18996,1,201744
10:35:50,27488,2,199367
10:35:51,24524,1,201743
10:35:51,13044,2,199366
10:35:52,36220,1,201745
10:36:02,37204,1,199374
10:36:02,17852,3032,201783
10:36:02,19732,1,199368
10:36:02,20940,3032,201785
10:36:02,21924,1,199369
10:36:13,13044,2,199366
10:36:13,27488,1,199367
10:36:13,24524,1,201743
10:36:15,18996,1,201744
10:36:17,36220,2,201745
10:36:30,18996,2,201744
10:36:30,24524,1,201743
10:36:31,13044,2,199366
10:36:31,27488,2,199367
10:36:32,36220,1,201745
10:36:33,17852,2844,201783
10:36:33,21924,2,199369
10:36:33,37204,1,199374
10:36:34,20940,2844,201785
10:36:34,19732,2,199368
10:36:50,13044,1,199366
10:36:50,18996,1,201744
10:36:51,27488,1,199367
10:36:51,36220,2,201745
10:36:51,24524,1,201743
10:36:57,19732,1,199368
10:36:57,21924,1,199369
10:36:58,17852,2638,201783
10:36:59,20940,2638,201785
10:36:59,37204,1,199374
10:37:29,37204,2,199374
10:37:29,17852,3300,201783
10:37:29,19732,1,199368
10:37:30,21924,2,199369
10:37:31,20940,3300,201785
10:37:49,20940,2274,201785
10:37:49,21924,1,199369
10:37:49,37204,2,199374
10:37:49,17852,2274,201783
10:37:50,24524,2536,201743
10:37:50,19732,1,199368
10:37:51,27488,2,199367
10:37:51,18996,2536,201744
10:37:52,36220,2536,201745
10:37:52,13044,2,199366
10:38:13,37204,1,199374
10:38:14,21924,2,199369
10:38:14,17852,1620,201783
10:38:14,19732,1,199368
10:38:15,20940,1620,201785
10:38:22,24524,5930,201743
10:38:22,36220,5930,201745
10:38:22,27488,2,199367
10:38:23,13044,2,199366
10:38:23,18996,5930,201744
10:38:35,19732,1,199368
10:38:35,20940,2816,201785
10:38:36,21924,1,199369
10:38:36,17852,2816,201783
10:38:38,37204,2,199374
10:39:02,20940,3076,201785
10:39:03,21924,1,199369
10:39:03,17852,3076,201783
10:39:05,37204,1,199374
10:39:05,19732,2,199368
10:39:07,18996,5990,201744
10:39:08,27488,2,199367
10:39:08,24524,5990,201743
10:39:08,36220,5990,201745
10:39:09,13044,1,199366
10:39:35,20940,3998,201785
10:39:35,37204,1,199374
10:39:35,19732,1,199368
10:39:36,21924,2,199369
10:39:36,17852,3998,201783
10:39:45,27488,1,199367
10:39:45,13044,1,199366
10:39:46,18996,6048,201744
10:39:46,36220,6048,201745
10:39:46,24524,6048,201743
10:39:59,20940,3908,201785
10:39:59,37204,2,199374
10:40:00,21924,1,199369
10:40:00,17852,3908,201783
10:40:00,19732,1,199368
10:40:18,27488,2,199367
10:40:18,18996,7922,201744
10:40:18,24524,7922,201743
10:40:19,36220,7922,201745
10:40:20,13044,1,199366
10:40:26,19732,1,199368
10:40:26,20940,2968,201785
10:40:27,37204,1,199374
10:40:27,17852,2968,201783
10:40:27,21924,1,199369
10:40:44,24524,7860,201743
10:40:44,27488,1,199367
10:40:45,36220,7860,201745
10:40:45,13044,2,199366
10:40:46,18996,7860,201744
10:40:51,21924,1,199369
10:40:51,37204,1,199374
10:40:51,19732,2,199368
10:40:51,20940,2530,201785
10:40:52,17852,2530,201783
10:41:14,27488,2,199367
10:41:15,24524,7860,201743
10:41:15,13044,2,199366
10:41:16,18996,7860,201744
10:41:16,36220,7860,201745
10:41:19,21924,2,199369
10:41:20,20940,4078,201785
10:41:20,37204,2,199374
10:41:20,17852,4078,201783
10:41:22,19732,2,199368
10:41:43,24524,6300,201743
10:41:43,27488,1,199367
10:41:44,18996,6300,201744
10:41:45,36220,6300,201745
10:41:46,13044,1,199366
10:41:47,21924,1,199369
10:41:47,17852,2968,201783
10:41:48,19732,1,199368
10:41:49,20940,2968,201785
10:41:49,37204,2,199374
10:42:12,27488,2,199367
10:42:13,24524,6428,201743
10:42:13,36220,6428,201745
10:42:13,18996,6428,201744
10:42:14,13044,1,199366
10:42:15,37204,1,199374
10:42:15,17852,3576,201783
10:42:16,19732,2,199368
10:42:16,20940,3576,201785
10:42:16,21924,1,199369
10:42:44,13044,1,199366
10:42:44,27488,2,199367
10:42:44,17852,2530,201783
10:42:44,18996,8180,201744
10:42:44,24524,8180,201743
10:42:45,37204,2,199374
10:42:45,19732,1,199368
10:42:45,36220,8180,201745
10:42:45,20940,2530,201785
10:42:45,21924,1,199369
10:43:15,37204,1,199374
10:43:16,19732,2,199368
10:43:16,20940,3622,201785
10:43:16,21924,2,199369
10:43:16,17852,3622,201783
10:43:42,19732,1,199368
10:43:43,37204,2,199374
10:43:43,17852,2530,201783
10:43:44,21924,2,199369
10:43:44,20940,2530,201785
10:44:07,19732,2,199368
10:44:09,17852,2576,201783
10:44:09,21924,1,199369
10:44:09,37204,1,199374
10:44:09,20940,2576,201785
10:44:11,36220,6368,201745
10:44:11,27488,2,199367
10:44:11,18996,-19080,201744
10:44:11,24524,6566,201743
10:44:12,13044,1,199366
10:44:30,19732,1,199368
10:44:30,20940,3032,201785
10:44:30,21924,1,199369
10:44:31,17852,3032,201783
10:44:31,37204,2,199374
10:44:59,37204,2,199374
10:44:59,19732,2,199368
10:44:59,20940,2862,201785
10:44:59,21924,1,199369
10:45:00,17852,2862,201783
10:45:14,36220,6368,201745
10:45:14,13044,2,199366
10:45:15,27488,2,199367
10:45:15,24524,6566,201743
10:45:27,19732,2,199368
10:45:27,20940,3936,201785
10:45:27,17852,3936,201783
10:45:28,21924,2,199369
10:45:28,37204,2,199374
10:45:45,13044,2,199366
10:45:45,36220,4826,201745
10:45:46,27488,2,199367
10:45:46,24524,4826,201743
10:45:53,37204,2,199374
10:45:53,17852,2316,201783
10:45:53,19732,2,199368
10:45:54,21924,2,199369
10:45:54,20940,2316,201785
10:46:16,13044,1,199366
10:46:16,27488,2,199367
10:46:17,24524,4892,201743
10:46:17,17852,3362,201783
10:46:18,36220,4892,201745
10:46:18,20940,3362,201785
10:46:18,37204,2,199374
10:46:18,19732,2,199368
10:46:19,21924,2,199369
10:46:57,21924,2,199369
10:46:58,20940,2952,201785
10:46:58,37204,1,199374
10:46:59,17852,2952,201783
10:46:59,19732,2,199368
10:46:59,13044,2,199366
10:46:59,27488,2,199367
10:46:59,24524,4808,201743
10:47:00,36220,4958,201745
10:47:20,17852,2800,201783
10:47:21,19732,2,199368
10:47:21,21924,1,199369
10:47:22,37204,2,199374
10:47:22,20940,2800,201785
10:47:46,13044,1,199366
10:47:46,27488,2,199367
10:47:46,36220,6502,201745
10:47:47,24524,6502,201743
10:47:51,20940,4104,201785
10:47:52,21924,2,199369
10:47:52,37204,2,199374
10:47:52,17852,4104,201783
10:47:52,19732,1,199368
10:48:16,37204,1,199374
10:48:17,19732,1,199368
10:48:17,20940,4122,201785
10:48:17,21924,2,199369
10:48:18,17852,4122,201783
10:48:20,13044,1,199366
10:48:20,24524,6502,201743
10:48:20,36220,6502,201745
10:48:21,27488,1,199367
10:48:44,37204,1,199374
10:48:44,17852,4168,201783
10:48:44,21924,1,199369
10:48:45,19732,1,199368
10:48:45,20940,4168,201785
10:48:52,27488,1,199367
10:48:52,24524,6436,201743
10:48:52,36220,6436,201745
10:48:52,13044,2,199366
10:49:07,21924,1,199369
10:49:07,37204,1,199374
10:49:07,17852,2530,201783
10:49:07,19732,2,199368
10:49:07,20940,2530,201785
10:49:29,17852,2800,201783
10:49:29,19732,2,199368
10:49:29,21924,1,199369
10:49:30,37204,1,199374
10:49:30,20940,2800,201785
10:49:30,13044,2,199366
10:49:31,24524,6436,201743
10:49:31,36220,6436,201745
10:49:32,27488,1,199367
10:49:59,37204,1,199374
10:49:59,17852,4016,201783
10:49:59,19732,1,199368
10:49:59,21924,1,199369
10:50:02,20940,4016,201785
10:50:26,37204,2,199374
10:50:27,20940,2424,201785
10:50:27,17852,2424,201783
10:50:27,19732,2,199368
10:50:28,21924,2,199369
10:50:52,37204,1,199374
10:50:53,21924,1,199369
10:50:53,19732,1,199368
10:50:53,20940,3076,201785
10:50:54,17852,3076,201783
10:51:16,17852,2298,201783
10:51:16,21924,2,199369
10:51:16,37204,1,199374
10:51:17,19732,1,199368
10:51:18,20940,2298,201785
10:51:20,13044,1,199366
10:51:20,27488,2,199367
10:51:21,24524,0,201743
10:51:22,36220,5296,201745
10:51:48,37204,2,199374
10:51:48,21924,2,199369
10:51:49,17852,3970,201783
10:51:49,19732,1,199368
10:51:49,20940,3970,201785
10:51:52,36220,3544,201745
10:51:53,27488,1,199367
10:51:53,13044,2,199366
10:52:21,20940,3998,201785
10:52:21,13044,2,199366
10:52:21,27488,2,199367
10:52:21,37204,1,199374
10:52:21,19732,1,199368
10:52:22,17852,3998,201783
10:52:22,21924,1,199369
10:52:25,36220,3506,201745
10:52:52,21924,1,199369
10:52:52,37204,2,199374
10:52:53,20940,2800,201785
10:52:53,17852,2800,201783
10:52:54,19732,1,199368
10:53:10,27488,2,199367
10:53:11,36220,3544,201745
10:53:12,13044,2,199366
10:53:18,37204,2,199374
10:53:19,19732,1,199368
10:53:19,20940,2140,201785
10:53:19,17852,2140,201783
10:53:20,21924,1,199369
10:53:41,36220,5388,201745
10:53:41,27488,1,199367
10:53:42,13044,2,199366
10:53:46,37204,1,199374
10:53:47,17852,2968,201783
10:53:47,19732,2,199368
10:53:47,21924,1,199369
10:53:49,20940,2968,201785
10:54:12,21924,2,199369
10:54:13,17852,2906,201783
10:54:14,19732,1,199368
10:54:14,37204,1,199374
10:54:15,20940,2906,201785
10:54:16,27488,1,199367
10:54:17,36220,5388,201745
10:54:17,13044,2,199366
10:54:45,17852,4060,201783
10:54:45,20940,4060,201785
10:54:46,19732,2,199368
10:54:46,21924,2,199369
10:54:46,37204,1,199374
10:54:51,36220,3506,201745
10:54:51,27488,1,199367
10:54:52,13044,2,199366
10:55:14,19732,1,199368
10:55:14,20940,3576,201785
10:55:15,21924,1,199369
10:55:16,37204,2,199374
10:55:16,17852,3576,201783
10:55:18,36220,3506,201745
10:55:18,13044,1,199366
10:55:19,27488,2,199367
10:55:40,37204,2,199374
10:55:40,19732,1,199368
10:55:40,21924,1,199369
10:55:41,20940,3032,201785
10:55:42,17852,3032,201783
10:55:43,36220,3576,201745
10:55:44,27488,2,199367
10:55:47,13044,1,199366
10:56:07,19732,1,199368
10:56:08,20940,2530,201785
10:56:08,37204,1,199374
10:56:08,17852,2530,201783
10:56:09,21924,1,199369
10:56:16,13044,1,199366
10:56:16,27488,1,199367
10:56:16,36220,5296,201745
10:56:32,17852,2638,201783
10:56:32,19732,1,199368
10:56:32,21924,2,199369
10:56:32,37204,1,199374
10:56:34,20940,2638,201785
10:56:42,13044,1,199366
10:56:42,27488,1,199367
10:56:44,36220,3506,201745
10:57:02,17852,2968,201783
10:57:03,19732,2,199368
10:57:03,20940,2968,201785
10:57:04,21924,1,199369
10:57:04,37204,2,199374
10:57:15,13044,2,199366
10:57:16,36220,3544,201745
10:57:17,27488,2,199367
10:57:36,19732,1,199368
10:57:37,20940,3712,201785
10:57:38,21924,2,199369
10:57:38,37204,2,199374
10:57:38,17852,3712,201783
10:57:50,27488,1,199367
10:57:50,36220,5316,201745
10:57:51,13044,2,199366
10:58:05,37204,2,199374
10:58:06,21924,1,199369
10:58:06,17852,3576,201783
10:58:07,19732,2,199368
10:58:07,20940,3576,201785
10:58:25,13044,1,199366
10:58:28,36220,3544,201745
10:58:29,27488,2,199367
10:58:35,37204,2,199374
10:58:36,17852,3344,201783
10:58:36,21924,2,199369
10:58:40,20940,3344,201785
10:58:41,19732,1,199368
10:58:55,13044,2,199366
10:58:55,27488,2,199367
10:58:56,36220,5296,201745
10:59:02,20940,2424,201785
10:59:02,21924,2,199369
10:59:03,37204,2,199374
10:59:03,17852,2424,201783
10:59:03,19732,2,199368
10:59:31,19732,1,199368
10:59:31,20940,3300,201785
10:59:31,13044,1,199366
10:59:31,21924,1,199369
10:59:32,37204,2,199374
10:59:32,17852,3300,201783
10:59:32,36220,5460,201745
10:59:32,27488,1,199367
11:00:01,21924,1,199369
11:00:01,37204,2,199374
11:00:01,17852,2906,201783
11:00:01,20940,2906,201785
11:00:02,19732,1,199368
11:00:03,13044,1,199366
11:00:03,27488,2,199367
11:00:04,36220,5532,201745
11:00:26,21924,1,199369
11:00:27,19732,1,199368
11:00:27,20940,1620,201785
11:00:27,37204,2,199374
11:00:28,17852,1620,201783
11:00:42,13044,1,199366
11:00:42,36220,3506,201745
11:00:43,27488,2,199367
11:00:58,37204,2,199374
11:00:58,17852,4060,201783
11:01:00,21924,2,199369
11:01:00,19732,1,199368
11:01:00,20940,4060,201785
11:01:13,27488,1,199367
11:01:13,36220,3506,201745
11:01:14,13044,2,199366
11:01:24,21924,2,199369
11:01:25,37204,1,199374
11:01:25,17852,2862,201783
11:01:26,19732,2,199368
11:01:26,20940,2862,201785
11:01:48,13044,1,199366
11:01:49,36220,3616,201745
11:01:49,27488,2,199367
11:01:52,20940,2512,201785
11:01:52,21924,1,199369
11:01:53,17852,2512,201783
11:01:54,37204,1,199374
11:01:56,19732,2,199368
11:02:15,37204,2,199374
11:02:15,17852,1486,201783
11:02:15,19732,2,199368
11:02:16,27488,1,199367
11:02:16,20940,1486,201785
11:02:16,36220,5316,201745
11:02:16,13044,1,199366
11:02:16,21924,2,199369
11:02:44,37204,2,199374
11:02:44,17852,2576,201783
11:02:44,20940,2576,201785
11:02:45,21924,1,199369
11:02:45,19732,2,199368
11:02:47,36220,3544,201745
11:02:48,13044,1,199366
11:02:48,27488,1,199367
11:03:18,37204,2,199374
11:03:18,17852,2952,201783
11:03:18,19732,2,199368
11:03:19,21924,1,199369
11:03:20,20940,2952,201785
11:03:30,36220,0,201745
11:03:30,13044,2,199366
11:03:30,27488,1,199367
11:03:49,37204,2,199374
11:03:50,17852,4016,201783
11:03:50,21924,1,199369
11:03:51,19732,1,199368
11:03:51,20940,4016,201785
11:03:57,13044,2,199366
11:03:58,27488,2,199367
11:04:17,37204,1,199374
11:04:17,17852,3908,201783
11:04:17,20940,3908,201785
11:04:18,21924,1,199369
11:04:18,19732,2,199368
11:04:22,27488,2,199367
11:04:22,13044,2,199366
11:04:46,17852,3120,201783
11:04:46,20940,3120,201785
11:04:46,19732,1,199368
11:04:47,37204,2,199374
11:04:48,21924,2,199369
11:05:00,13044,2,199366
11:05:01,27488,2,199367
11:05:17,37204,1,199374
11:05:17,19732,1,199368
11:05:17,21924,1,199369
11:05:18,20940,2638,201785
11:05:19,17852,2638,201783
11:05:26,13044,2,199366
11:05:27,27488,2,199367
11:05:44,21924,2,199369
11:05:44,37204,1,199374
11:05:45,17852,2530,201783
11:05:45,19732,1,199368
11:05:45,20940,2530,201785
11:05:56,13044,1,199366
11:05:56,27488,1,199367
11:06:22,19732,1,199368
11:06:22,37204,2,199374
11:06:23,20940,2620,201785
11:06:23,17852,2620,201783
11:06:24,21924,2,199369
11:06:24,27488,1,199367
11:06:24,13044,2,199366
11:06:53,17852,3908,201783
11:06:53,19732,2,199368
11:06:54,37204,2,199374
11:06:54,20940,3908,201785
11:06:54,21924,2,199369
11:06:58,27488,2,199367
11:06:58,13044,2,199366
11:07:22,13044,1,199366
11:07:22,27488,2,199367
11:07:29,19732,1,199368
11:07:29,21924,1,199369
11:07:30,37204,2,199374
11:07:31,20940,3998,201785
11:07:31,17852,3998,201783
11:07:49,13044,1,199366
11:07:49,27488,1,199367
11:08:00,19732,1,199368
11:08:01,20940,2952,201785
11:08:01,37204,1,199374
11:08:01,17852,2952,201783
11:08:02,21924,2,199369
11:08:18,13044,1,199366
11:08:19,27488,1,199367
11:08:22,21924,1,199369
11:08:23,37204,1,199374
11:08:23,19732,2,199368
11:08:23,20940,1524,201785
11:08:24,17852,1524,201783
11:08:49,37204,1,199374
11:08:49,17852,2424,201783
11:08:49,19732,1,199368
11:08:50,21924,1,199369
11:08:51,20940,2424,201785
11:09:02,13044,1,199366
11:09:02,27488,2,199367
11:09:15,37204,2,199374
11:09:15,17852,3076,201783
11:09:16,19732,1,199368
11:09:16,21924,1,199369
11:09:16,20940,3076,201785
11:09:43,27488,2,199367
11:09:44,13044,2,199366
11:09:46,20940,3622,201785
11:09:46,37204,1,199374
11:09:46,17852,3622,201783
11:09:46,19732,1,199368
11:09:47,21924,2,199369
11:10:13,13044,1,199366
11:10:13,27488,1,199367
11:10:14,37204,2,199374
11:10:15,19732,2,199368
11:10:15,21924,2,199369
11:10:16,17852,2906,201783
11:10:17,20940,2906,201785
11:10:45,27488,1,199367
11:10:46,13044,1,199366
11:10:47,21924,2,199369
11:10:48,37204,1,199374
11:10:48,17852,3344,201783
11:10:48,19732,2,199368
11:10:48,20940,3344,201785
11:11:18,19732,1,199368
11:11:18,20940,2468,201785
11:11:18,21924,2,199369
11:11:18,37204,2,199374
11:11:18,17852,2468,201783
11:11:19,27488,1,199367
11:11:20,13044,1,199366
11:11:47,37204,1,199374
11:11:48,19732,1,199368
11:11:48,20940,2406,201785
11:11:49,21924,1,199369
11:11:49,17852,2406,201783
11:12:06,13044,2,199366
11:12:06,27488,2,199367
11:12:16,37204,1,199374
11:12:17,19732,1,199368
11:12:17,21924,2,199369
11:12:17,17852,3514,201783
11:12:17,20940,3514,201785
11:12:38,13044,1,199366
11:12:39,27488,1,199367
11:12:48,17852,4168,201783
11:12:48,20940,4168,201785
11:12:49,37204,2,199374
11:12:49,19732,1,199368
11:12:49,21924,2,199369
11:13:05,13044,1,199366
11:13:08,27488,2,199367
11:13:18,17852,3970,201783
11:13:18,20940,3970,201785
11:13:18,21924,1,199369
11:13:19,37204,1,199374
11:13:19,19732,1,199368
11:13:32,13044,2,199366
11:13:33,27488,1,199367
11:13:41,17852,3138,201783
11:13:42,20940,3138,201785
11:13:42,21924,2,199369
11:13:42,37204,2,199374
11:13:42,19732,1,199368
11:13:53,27488,1,199367
11:13:54,13044,1,199366
11:14:08,21924,2,199369
11:14:08,17852,3514,201783
11:14:08,37204,2,199374
11:14:08,19732,2,199368
11:14:08,20940,3514,201785
11:14:25,13044,1,199366
11:14:26,27488,2,199367
11:14:29,17852,1620,201783
11:14:29,19732,1,199368
11:14:29,20940,1620,201785
11:14:29,21924,2,199369
11:14:30,37204,2,199374
11:14:50,13044,1,199366
11:14:51,27488,1,199367
11:14:58,20940,3452,201785
11:14:58,17852,3452,201783
11:14:58,19732,2,199368
11:14:59,21924,2,199369
11:14:59,37204,2,199374
11:15:22,17852,2968,201783
11:15:22,37204,2,199374
11:15:22,19732,2,199368
11:15:23,20940,2968,201785
11:15:23,21924,1,199369
11:15:24,13044,2,199366
11:15:25,27488,2,199367
11:15:47,17852,2692,201783
11:15:48,19732,1,199368
11:15:48,20940,2692,201785
11:15:48,37204,2,199374
11:15:49,21924,2,199369
11:15:56,13044,2,199366
11:15:56,27488,2,199367
11:16:16,37204,1,199374
11:16:16,19732,2,199368
11:16:16,21924,1,199369
11:16:17,17852,2520,201783
11:16:17,20940,2520,201785
11:16:40,27488,2,199367
11:16:41,13044,2,199366
11:16:47,20940,2620,201785
11:16:47,21924,2,199369
11:16:47,37204,1,199374
11:16:48,19732,1,199368
11:16:49,17852,2620,201783
11:17:13,37204,1,199374
11:17:14,17852,2638,201783
11:17:14,19732,1,199368
11:17:14,20940,2638,201785
11:17:14,21924,2,199369
11:17:18,27488,1,199367
11:17:18,13044,2,199366
11:17:47,21924,2,199369
11:17:48,17852,4168,201783
11:17:48,37204,2,199374
11:17:48,19732,1,199368
11:17:50,20940,2604,201785
11:17:52,13044,2,199366
11:17:54,27488,1,199367
11:18:12,17852,2406,201783
11:18:13,21924,2,199369
11:18:13,20940,1504,201785
11:18:14,37204,1,199374
11:18:14,19732,2,199368
11:18:14,27488,2,199367
11:18:15,13044,2,199366
11:18:37,37204,2,199374
11:18:37,17852,3032,201783
11:18:37,19732,2,199368
11:18:37,20940,1894,201785
11:18:38,21924,2,199369
11:18:42,27488,1,199367
11:18:43,13044,2,199366
11:19:08,20940,1778,201785
11:19:08,21924,2,199369
11:19:09,13044,2,199366
11:19:10,17852,2844,201783
11:19:10,19732,2,199368
11:19:10,27488,1,199367
11:19:11,37204,1,199374
11:19:42,20940,2576,201785
11:19:43,37204,2,199374
11:19:43,17852,4122,201783
11:19:43,19732,1,199368
11:19:45,21924,2,199369
11:19:48,13044,1,199366
11:19:48,27488,1,199367
11:20:09,17852,2906,201783
11:20:09,37204,1,199374
11:20:09,20940,1816,201785
11:20:09,21924,1,199369
11:20:09,19732,2,199368
11:20:15,13044,2,199366
11:20:18,27488,1,199367
11:20:48,13044,2,199366
11:20:48,20940,1542,201785
11:20:49,37204,1,199374
11:20:49,17852,2468,201783
11:20:49,19732,2,199368
11:20:49,21924,1,199369
11:20:49,27488,1,199367
11:21:14,17852,3452,201783
11:21:14,37204,2,199374
11:21:14,19732,1,199368
11:21:14,20940,2158,201785
11:21:14,27488,2,199367
11:21:15,13044,1,199366
11:21:15,21924,2,199369
11:21:38,13044,2,199366
11:21:38,27488,1,199367
11:21:42,37204,1,199374
11:21:42,19732,2,199368
11:21:43,20940,1610,201785
11:21:43,17852,2576,201783
11:21:45,21924,1,199369
11:22:18,19732,1,199368
11:22:19,17852,3722,201783
11:22:19,20940,2326,201785
11:22:19,21924,1,199369
11:22:20,37204,1,199374
11:22:21,27488,1,199367
11:22:24,13044,2,199366
11:22:41,37204,1,199374
11:22:41,19732,2,199368
11:22:41,20940,1504,201785
11:22:42,21924,2,199369
11:22:42,17852,2406,201783
11:22:55,27488,1,199367
11:22:55,13044,1,199366
11:23:14,17852,3560,201783
11:23:14,37204,1,199374
11:23:14,20940,2224,201785
11:23:15,19732,1,199368
11:23:15,21924,2,199369
11:23:19,13044,1,199366
11:23:20,27488,2,199367
11:23:42,37204,1,199374
11:23:42,19732,2,199368
11:23:43,17852,3846,201783
11:23:43,21924,1,199369
11:23:44,20940,2404,201785
11:23:50,13044,2,199366
11:23:50,27488,1,199367
11:24:07,21924,2,199369
11:24:07,17852,2638,201783
11:24:07,37204,1,199374
11:24:07,19732,1,199368
11:24:07,20940,1648,201785
11:24:19,27488,1,199367
11:24:19,13044,2,199366
11:24:35,21924,2,199369
11:24:35,19732,2,199368
11:24:35,37204,1,199374
11:24:36,17852,3470,201783
11:24:36,20940,2168,201785
11:25:05,27488,2,199367
11:25:06,13044,1,199366
11:25:07,21924,2,199369
11:25:08,37204,1,199374
11:25:08,19732,2,199368
11:25:08,17852,3998,201783
11:25:09,20940,2498,201785
11:25:42,37204,2,199374
11:25:43,17852,4168,201783
11:25:43,19732,1,199368
11:25:43,20940,2604,201785
11:25:44,21924,2,199369
11:26:14,37204,1,199374
11:26:14,20940,1912,201785
11:26:15,17852,3060,201783
11:26:15,19732,1,199368
11:26:15,21924,2,199369
11:26:22,13044,1,199366
11:26:22,27488,2,199367
11:26:51,37204,1,199374
11:26:51,20940,2118,201785
11:26:51,21924,1,199369
11:26:52,17852,3390,201783
11:26:52,19732,2,199368
11:27:18,17852,2906,201783
11:27:18,37204,1,199374
11:27:18,20940,1816,201785
11:27:19,19732,2,199368
11:27:19,21924,2,199369
11:27:22,13044,2,199366
11:27:24,27488,1,199367
11:27:46,21924,2,199369
11:27:46,17852,3120,201783
11:27:46,37204,1,199374
11:27:46,13044,2,199366
11:27:47,19732,2,199368
11:27:47,20940,1950,201785
11:27:47,27488,2,199367
11:28:14,17852,3362,201783
11:28:14,19732,2,199368
11:28:14,37204,1,199374
11:28:15,21924,1,199369
11:28:15,20940,2102,201785
11:28:22,27488,1,199367
11:28:23,13044,1,199366
11:28:43,17852,2754,201783
11:28:44,37204,1,199374
11:28:44,19732,1,199368
11:28:44,20940,1722,201785
11:28:45,21924,2,199369
11:28:53,27488,2,199367
11:28:54,13044,2,199366
11:29:17,37204,2,199374
11:29:17,19732,1,199368
11:29:18,20940,2052,201785
11:29:19,21924,1,199369
11:29:21,17852,3284,201783
11:29:45,21924,2,199369
11:29:47,17852,2102,201783
11:29:47,37204,2,199374
11:29:47,20940,2102,201785
11:29:47,19732,2,199368
11:29:56,27488,2,199367
11:30:00,13044,2,199366
11:30:20,17852,2632,201783
11:30:20,20940,2632,201785
11:30:20,37204,2,199374
11:30:21,19732,1,199368
11:30:21,21924,2,199369
11:30:38,27488,2,199367
11:30:39,13044,1,199366
11:30:48,21924,2,199369
11:30:49,37204,1,199374
11:30:50,19732,1,199368
11:30:50,20940,2482,201785
11:30:50,17852,2482,201783
11:31:12,13044,1,199366
11:31:14,27488,2,199367
11:31:19,21924,1,199369
11:31:20,20940,2130,201785
11:31:20,17852,2130,201783
11:31:20,37204,2,199374
11:31:20,19732,1,199368
11:31:35,13044,2,199366
11:31:35,27488,1,199367
11:31:50,17852,1856,201783
11:31:51,21924,1,199369
11:31:51,37204,1,199374
11:31:52,19732,1,199368
11:31:52,20940,1856,201785
11:32:14,21924,2,199369
11:32:14,37204,2,199374
11:32:14,17852,2102,201783
11:32:15,19732,2,199368
11:32:15,20940,2102,201785
11:32:31,27488,2,199367
11:32:31,13044,2,199366
11:32:40,37204,1,199374
11:32:40,19732,1,199368
11:32:40,20940,2264,201785
11:32:40,21924,1,199369
11:32:40,17852,2264,201783
11:32:56,13044,2,199366
11:32:57,27488,1,199367
11:33:12,19732,1,199368
11:33:12,20940,2538,201785
11:33:13,17852,2538,201783
11:33:13,37204,2,199374
11:33:13,21924,1,199369
11:33:34,37204,2,199374
11:33:34,21924,1,199369
11:33:34,17852,1582,201783
11:33:35,19732,2,199368
11:33:35,20940,1582,201785
11:33:41,13044,2,199366
11:33:43,27488,1,199367
11:34:08,37204,2,199374
11:34:09,19732,2,199368
11:34:09,20940,2196,201785
11:34:10,21924,2,199369
11:34:10,17852,2196,201783
11:34:20,13044,1,199366
11:34:20,27488,2,199367
11:34:42,17852,2252,201783
11:34:42,19732,1,199368
11:34:42,21924,2,199369
11:34:42,37204,1,199374
11:34:43,20940,2252,201785
11:34:56,13044,1,199366
11:34:57,27488,2,199367
11:35:08,17852,2482,201783
11:35:08,19732,2,199368
11:35:09,37204,1,199374
11:35:09,20940,2482,201785
11:35:09,21924,1,199369
11:35:27,13044,1,199366
11:35:31,27488,1,199367
11:35:37,37204,2,199374
11:35:37,19732,2,199368
11:35:37,17852,620,201783
11:35:37,20940,620,201785
11:35:38,21924,1,199369
11:36:01,27488,1,199367
11:36:02,13044,1,199366
11:36:08,17852,1922,201783
11:36:08,19732,1,199368
11:36:08,20940,1922,201785
11:36:08,21924,1,199369
11:36:10,37204,1,199374
11:36:33,13044,2,199366
11:36:33,27488,2,199367
11:36:40,19732,1,199368
11:36:40,21924,2,199369
11:36:41,37204,1,199374
11:36:41,20940,2566,201785
11:36:44,17852,2566,201783
11:37:04,21924,1,199369
11:37:05,17852,856,201783
11:37:05,37204,1,199374
11:37:05,19732,2,199368
11:37:05,20940,856,201785
11:37:16,13044,2,199366
11:37:17,27488,2,199367
11:37:26,17852,1648,201783
11:37:26,20940,1648,201785
11:37:26,21924,1,199369
11:37:27,37204,2,199374
11:37:27,19732,2,199368
11:37:45,13044,2,199366
11:37:46,27488,1,199367
11:37:52,21924,1,199369
11:37:52,37204,1,199374
11:37:52,20940,898,201785
11:37:53,19732,1,199368
11:37:54,17852,898,201783
11:38:08,13044,2,199366
11:38:08,27488,2,199367
11:38:20,37204,1,199374
11:38:21,17852,1638,201783
11:38:21,19732,2,199368
11:38:21,20940,1638,201785
11:38:21,21924,2,199369
11:38:46,27488,1,199367
11:38:48,19732,2,199368
11:38:48,21924,2,199369
11:38:48,13044,1,199366
11:38:49,17852,2298,201783
11:38:49,37204,1,199374
11:38:49,20940,2298,201785
11:39:19,27488,1,199367
11:39:20,13044,2,199366
11:39:20,37204,1,199374
11:39:21,17852,2498,201783
11:39:21,19732,2,199368
11:39:21,20940,2498,201785
11:39:22,21924,1,199369
11:39:55,21924,2,199369
11:39:56,19732,1,199368
11:39:56,37204,1,199374
11:39:56,13044,2,199366
11:39:57,20940,2252,201785
11:39:57,27488,1,199367
11:39:58,17852,2252,201783
11:40:32,37204,1,199374
11:40:32,19732,2,199368
11:40:32,20940,2566,201785
11:40:33,21924,2,199369
11:40:33,17852,2566,201783
11:40:35,27488,2,199367
11:40:38,13044,1,199366
11:40:56,17852,1884,201783
11:40:56,21924,1,199369
11:40:57,37204,1,199374
11:40:58,19732,2,199368
11:40:58,20940,1884,201785
11:41:12,13044,2,199366
11:41:12,27488,1,199367
11:41:19,21924,1,199369
11:41:19,37204,1,199374
11:41:19,19732,1,199368
11:41:20,20940,1514,201785
11:41:21,17852,1514,201783
11:41:45,21924,1,199369
11:41:46,17852,1722,201783
11:41:47,37204,1,199374
11:41:47,19732,1,199368
11:41:48,20940,1722,201785
11:42:15,17852,1750,201783
11:42:16,21924,1,199369
11:42:16,37204,1,199374
11:42:19,20940,1750,201785
11:42:20,19732,1,199368
11:42:37,17852,1610,201783
11:42:37,19732,1,199368
11:42:38,20940,1610,201785
11:42:39,37204,1,199374
11:42:40,21924,1,199369
11:43:07,21924,2,199369
11:43:07,37204,1,199374
11:43:08,20940,1514,201785
11:43:08,19732,1,199368
11:43:12,17852,1514,201783
11:43:37,21924,1,199369
11:43:38,37204,2,199374
11:43:39,19732,1,199368
11:43:40,20940,1950,201785
11:43:44,17852,1950,201783
11:44:12,19732,1,199368
11:44:14,21924,2,199369
11:44:16,37204,1,199374
11:44:16,20940,1816,201785
11:44:17,17852,1816,201783
11:44:43,37204,2,199374
11:44:43,19732,2,199368
11:44:44,17852,1638,201783
11:44:45,20940,1638,201785
11:44:45,21924,1,199369
11:45:14,21924,1,199369
11:45:14,17852,2168,201783
11:45:14,20940,2168,201785
11:45:16,37204,2,199374
11:45:17,19732,1,199368
11:45:38,17852,720,201783
11:45:38,21924,2,199369
11:45:38,37204,2,199374
11:45:38,19732,1,199368
11:45:44,20940,720,201785
11:45:58,37204,1,199374
11:45:59,19732,1,199368
11:45:59,21924,2,199369
11:45:59,17852,992,201783
11:46:04,20940,992,201785
11:46:29,37204,2,199374
11:46:29,20940,2672,201785
11:46:29,21924,1,199369
11:46:29,17852,2672,201783
11:46:29,19732,1,199368
11:46:56,21924,2,199369
11:46:56,17852,1014,201783
11:46:56,19732,1,199368
11:46:57,37204,1,199374
11:46:58,20940,1014,201785
11:47:15,19732,1,199368
11:47:15,17852,730,201783
11:47:16,21924,1,199369
11:47:16,37204,2,199374
11:47:16,20940,730,201785
11:47:40,19732,1,199368
11:47:41,37204,2,199374
11:47:42,21924,2,199369
11:47:42,17852,2,201783
11:47:43,20940,2,201785
11:48:07,21924,2,199369
11:48:08,19732,1,199368
11:48:08,20940,1,201785
11:48:10,17852,1,201783
11:48:10,37204,1,199374
11:48:31,20940,820,201785
11:48:34,19732,2,199368
11:48:36,17852,820,201783
11:48:36,37204,1,199374
11:48:37,21924,1,199369
11:49:01,17852,950,201783
11:49:01,20940,950,201785
11:49:04,19732,1,199368
11:49:04,21924,1,199369
11:49:05,37204,2,199374
11:49:21,21924,2,199369
11:49:21,37204,2,199374
11:49:21,19732,1,199368
11:49:22,20940,736,201785
11:49:23,17852,736,201783
11:49:47,17852,706,201783
11:49:47,19732,2,199368
11:49:47,37204,2,199374
11:49:47,20940,706,201785
11:49:48,21924,1,199369
11:50:13,19732,2,199368
11:50:13,20940,940,201785
11:50:13,21924,1,199369
11:50:14,37204,1,199374
11:50:15,17852,940,201783
11:50:42,19732,1,199368
11:50:42,17852,2,201783
11:50:42,20940,1,201785
11:50:43,21924,2,199369
11:50:43,37204,2,199374
11:55:14,19732,1,199368
11:55:14,17852,2,201783
11:55:14,37204,1,199374
11:55:16,20940,1,201785
11:55:16,21924,2,199369
11:55:35,17852,1,201783
11:55:36,21924,1,199369
11:55:36,20940,1,201785
11:55:37,37204,1,199374
11:55:37,19732,1,199368
11:55:54,37204,2,199374
11:55:54,20940,2,201785
11:55:54,19732,2,199368
11:55:54,21924,1,199369
11:55:57,17852,1,201783
11:56:17,19732,2,199368
11:56:17,21924,1,199369
11:56:17,37204,2,199374
11:56:17,17852,1,201783
11:56:17,20940,1,201785
11:56:34,37204,2,199374
11:56:35,20940,2,201785
11:56:35,17852,1,201783
11:56:36,19732,1,199368
11:56:36,21924,1,199369
11:56:58,37204,2,199374
11:56:58,21924,1,199369
11:56:59,19732,1,199368
11:56:59,17852,2,201783
11:57:00,20940,2,201785
11:57:20,37204,1,199374
11:57:20,19732,1,199368
11:57:21,20940,2,201785
11:57:23,17852,2,201783
11:57:24,21924,1,199369
11:57:43,37204,2,199374
11:57:44,20940,2,201785
11:57:44,19732,1,199368
11:57:44,21924,2,199369
11:57:46,17852,2,201783
12:16:32,20940,1,201785
12:16:33,19732,2,199368
12:16:33,37204,2,199374
12:16:33,21924,2,199369
12:16:33,17852,1,201783
12:16:52,20940,1,201785
12:16:53,37204,1,199374
12:16:53,21924,1,199369
12:16:54,17852,1,201783
12:16:54,19732,2,199368
12:17:17,20940,2,201785
12:17:17,19732,1,199368
12:17:18,37204,2,199374
12:17:18,21924,1,199369
12:17:19,17852,2,201783
12:17:42,19732,2,199368
12:17:43,21924,2,199369
12:17:43,20940,1,201785
12:17:44,17852,1,201783
12:17:45,37204,1,199374
12:18:03,20940,1,201785
12:18:04,19732,1,199368
12:18:05,21924,1,199369
12:18:05,37204,2,199374
12:18:05,17852,2,201783
12:18:26,19732,1,199368
12:18:27,20940,2,201785
12:18:27,21924,1,199369
12:18:27,37204,2,199374
12:18:29,17852,2,201783
12:18:48,20940,1,201785
12:18:49,19732,1,199368
12:18:50,37204,1,199374
12:18:51,17852,2,201783
12:18:51,21924,2,199369
12:19:10,19732,1,199368
12:19:11,21924,2,199369
12:19:12,37204,2,199374
12:19:12,20940,2,201785
12:19:12,17852,2,201783
12:19:34,21924,2,199369
12:19:35,37204,1,199374
12:19:35,19732,2,199368
12:19:36,20940,2,201785
12:19:38,17852,1,201783
12:19:51,21924,1,199369
12:19:51,17852,2,201783
12:19:51,19732,2,199368
12:19:53,20940,2,201785
12:19:54,37204,1,199374
12:20:12,19732,2,199368
12:20:12,20940,1,201785
12:20:12,21924,1,199369
12:20:12,37204,1,199374
12:20:13,17852,1,201783
12:47:53,20940,1444,201785
12:47:54,37204,1,199374
12:47:54,19732,2,199368
12:47:56,17852,1444,201783
12:47:56,21924,1,199369
12:48:36,19732,1,199368
12:48:37,37204,2,199374
12:48:37,21924,2,199369
12:48:38,20940,5990,201785
12:48:40,17852,5990,201783
12:49:16,19732,2,199368
12:49:17,21924,2,199369
12:49:17,37204,1,199374
12:49:17,17852,6110,201783
12:49:18,20940,6110,201785
12:49:43,20940,7486,201785
12:49:43,19732,1,199368
12:49:44,37204,2,199374
12:49:44,17852,7486,201783
12:49:45,21924,1,199369
12:50:24,17852,7548,201783
12:50:24,20940,7548,201785
12:50:24,21924,1,199369
12:50:25,37204,1,199374
12:50:26,19732,2,199368
12:50:52,17852,6052,201783
12:50:54,21924,1,199369
12:50:54,37204,2,199374
12:50:54,20940,6052,201785
12:50:54,19732,1,199368
12:51:18,37204,2,199374
12:51:19,21924,1,199369
12:51:19,17852,6110,201783
12:51:19,19732,1,199368
12:51:21,20940,6110,201785
12:51:52,19732,2,199368
12:51:52,20940,5516,201785
12:51:53,21924,2,199369
12:51:53,17852,5516,201783
12:51:54,37204,2,199374
12:52:20,21924,1,199369
12:52:21,20940,7732,201785
12:52:21,17852,7732,201783
12:52:21,19732,2,199368
12:52:22,37204,1,199374
12:52:47,17852,5990,201783
12:52:47,20940,5990,201785
12:52:48,37204,2,199374
12:52:48,21924,2,199369
12:52:51,19732,2,199368
12:53:10,37204,1,199374
12:53:11,17852,7488,201783
12:53:11,20940,7488,201785
12:53:11,21924,1,199369
12:53:12,19732,1,199368
12:53:40,20940,6052,201785
12:53:40,19732,1,199368
12:53:40,37204,1,199374
12:53:41,17852,6052,201783
12:53:42,21924,1,199369
12:54:14,17852,7544,201783
12:54:15,21924,2,199369
12:54:15,37204,2,199374
12:54:15,20940,7544,201785
12:54:15,19732,1,199368
12:54:43,17852,5930,201783
12:54:43,19732,1,199368
12:54:43,37204,2,199374
12:54:44,20940,5930,201785
12:54:44,21924,2,199369
12:55:12,37204,1,199374
12:55:12,20940,7670,201785
12:55:12,19732,2,199368
12:55:12,21924,1,199369
12:55:14,17852,7670,201783
12:55:53,17852,5990,201783
12:55:54,37204,2,199374
12:55:54,21924,1,199369
12:55:55,20940,5990,201785
12:55:56,19732,2,199368
12:56:18,19732,1,199368
12:56:19,17852,6048,201783
12:56:19,21924,1,199369
12:56:20,37204,1,199374
12:56:21,20940,6048,201785
12:56:50,19732,1,199368
12:56:50,17852,7488,201783
12:56:50,20940,7488,201785
12:56:51,21924,1,199369
12:56:52,37204,1,199374
12:57:25,37204,1,199374
12:57:25,19732,2,199368
12:57:26,21924,2,199369
12:57:27,20940,7486,201785
12:57:27,17852,7486,201783
12:57:55,21924,2,199369
12:57:56,37204,1,199374
12:57:56,17852,7426,201783
12:57:57,19732,1,199368
12:57:57,20940,7426,201785
12:58:36,17852,7548,201783
12:58:37,21924,1,199369
12:58:38,37204,2,199374
12:58:38,19732,1,199368
12:58:39,20940,7548,201785
12:59:10,20940,5868,201785
12:59:10,37204,2,199374
12:59:10,17852,5868,201783
12:59:10,19732,1,199368
12:59:11,21924,1,199369
12:59:39,20940,6938,201785
12:59:39,17852,6938,201783
12:59:39,19732,2,199368
12:59:39,21924,1,199369
12:59:42,37204,1,199374
13:00:07,37204,1,199374
13:00:07,17852,7430,201783
13:00:07,21924,2,199369
13:00:08,20940,7430,201785
13:00:09,19732,1,199368
13:00:34,17852,7548,201783
13:00:34,37204,1,199374
13:00:35,20940,7548,201785
13:00:35,21924,2,199369
13:00:36,19732,1,199368
13:01:02,21924,1,199369
13:01:02,20940,7552,201785
13:01:02,37204,2,199374
13:01:02,17852,7552,201783
13:01:03,19732,2,199368
13:01:40,17852,5992,201783
13:01:41,19732,1,199368
13:01:41,20940,5992,201785
13:01:41,37204,2,199374
13:01:45,21924,2,199369
13:02:05,20940,5990,201785
13:02:05,37204,1,199374
13:02:05,19732,1,199368
13:02:05,17852,5990,201783
13:02:08,21924,1,199369
13:02:34,37204,1,199374
13:02:35,17852,7488,201783
13:02:35,21924,1,199369
13:02:35,20940,7488,201785
13:02:36,19732,1,199368
13:03:08,37204,1,199374
13:03:09,17852,7486,201783
13:03:09,19732,1,199368
13:03:09,21924,2,199369
13:03:11,20940,7486,201785
13:03:38,17852,7486,201783
13:03:39,37204,1,199374
13:03:39,21924,1,199369
13:03:39,19732,2,199368
13:03:40,20940,7486,201785
13:04:10,21924,2,199369
13:04:10,19732,1,199368
13:04:11,37204,2,199374
13:04:11,17852,7548,201783
13:04:11,20940,7548,201785
13:04:44,21924,1,199369
13:04:45,17852,7488,201783
13:04:45,19732,2,199368
13:04:45,37204,2,199374
13:04:46,20940,7488,201785
13:05:13,20940,5990,201785
13:05:13,19732,1,199368
13:05:14,21924,1,199369
13:05:15,17852,5990,201783
13:05:15,37204,1,199374
13:05:46,37204,1,199374
13:05:46,21924,2,199369
13:05:47,17852,6048,201783
13:05:47,20940,6048,201785
13:05:49,19732,2,199368
13:06:18,20940,7670,201785
13:06:18,17852,7670,201783
13:06:19,37204,2,199374
13:06:19,21924,2,199369
13:06:19,19732,1,199368
13:06:49,37204,2,199374
13:06:49,21924,1,199369
13:06:49,19732,1,199368
13:06:50,20940,6048,201785
13:06:52,17852,6048,201783
13:07:02,18996,0,201744
13:07:13,18996,0,201744
13:07:22,20940,5516,201785
13:07:22,19732,1,199368
13:07:23,37204,1,199374
13:07:23,21924,2,199369
13:07:24,17852,5516,201783
13:07:34,18996,0,201744
13:07:46,18996,0,201744
13:07:53,20940,7422,201785
13:07:54,21924,1,199369
13:07:54,37204,2,199374
13:07:54,17852,7422,201783
13:07:54,19732,1,199368
13:08:03,18996,0,201744
13:08:14,18996,0,201744
13:08:23,19732,2,199368
13:08:23,37204,1,199374
13:08:24,17852,7610,201783
13:08:24,18996,0,201744
13:08:24,21924,1,199369
13:08:26,20940,7610,201785
13:08:36,18996,0,201744
13:08:55,20940,6882,201785
13:08:56,37204,2,199374
13:08:56,17852,6882,201783
13:08:56,19732,1,199368
13:08:57,21924,1,199369
13:09:09,18996,0,201744
13:09:20,18996,0,201744
13:09:29,20940,7426,201785
13:09:29,21924,1,199369
13:09:29,19732,1,199368
13:09:30,17852,7426,201783
13:09:30,37204,2,199374
13:09:35,18996,0,201744
13:09:56,37204,2,199374
13:09:57,21924,2,199369
13:09:57,17852,5992,201783
13:09:59,20940,5992,201785
13:09:59,19732,1,199368
13:10:30,19732,1,199368
13:10:30,20940,7426,201785
13:10:30,21924,2,199369
13:10:31,37204,2,199374
13:10:32,17852,7426,201783
13:10:34,18996,0,201744
13:10:45,18996,0,201744
13:10:57,37204,2,199374
13:10:57,20940,6048,201785
13:10:58,21924,1,199369
13:10:58,17852,6048,201783
13:10:58,18996,0,201744
13:10:58,19732,2,199368
13:11:11,18996,0,201744
13:11:23,18996,0,201744
13:11:30,20940,5926,201785
13:11:30,17852,5926,201783
13:11:30,19732,2,199368
13:11:32,37204,1,199374
13:11:32,21924,2,199369
13:11:35,18996,0,201744
13:11:50,18996,0,201744
13:12:05,18996,0,201744
13:12:06,37204,2,199374
13:12:07,20940,7548,201785
13:12:07,21924,2,199369
13:12:08,17852,7548,201783
13:12:08,19732,1,199368
13:12:40,37204,1,199374
13:12:40,17852,7426,201783
13:12:41,20940,7426,201785
13:12:41,21924,2,199369
13:12:41,19732,2,199368
13:13:20,20940,7364,201785
13:13:21,21924,2,199369
13:13:21,37204,2,199374
13:13:22,17852,7364,201783
13:13:22,19732,1,199368
13:13:54,20940,7368,201785
13:13:55,17852,7368,201783
13:13:55,19732,1,199368
13:13:55,21924,2,199369
13:13:55,37204,2,199374
13:14:01,13044,2,199366
13:14:02,27488,2,199367
13:14:03,36220,2,201745
13:14:03,24524,1,201743
13:14:05,18996,1,201744
13:14:14,18996,2,201744
13:14:14,27488,1,199367
13:14:15,13044,1,199366
13:14:15,24524,2,201743
13:14:15,36220,1,201745
13:14:20,20940,5870,201785
13:14:20,37204,2,199374
13:14:20,17852,5870,201783
13:14:21,19732,2,199368
13:14:22,21924,2,199369
13:14:25,13044,1,199366
13:14:26,24524,2,201743
13:14:26,36220,2,201745
13:14:26,18996,1,201744
13:14:26,27488,2,199367
13:14:39,24524,2,201743
13:14:40,18996,2,201744
13:14:40,27488,1,199367
13:14:40,13044,2,199366
13:14:43,36220,1,201745
13:14:51,27488,1,199367
13:14:52,18996,2,201744
13:14:52,13044,2,199366
13:14:52,24524,1,201743
13:14:53,36220,2,201745
13:14:55,17852,6938,201783
13:14:55,19732,2,199368
13:14:56,20940,6938,201785
13:14:56,21924,2,199369
13:14:56,37204,1,199374
13:15:03,27488,2,199367
13:15:03,13044,1,199366
13:15:04,18996,1,201744
13:15:04,24524,2,201743
13:15:06,36220,2,201745
13:15:15,24524,2,201743
13:15:15,36220,1,201745
13:15:16,27488,2,199367
13:15:16,13044,1,199366
13:15:16,18996,1,201744
13:15:19,20940,6236,201785
13:15:19,17852,6236,201783
13:15:20,37204,1,199374
13:15:20,19732,2,199368
13:15:21,21924,1,199369
13:15:48,37204,1,199374
13:15:48,21924,2,199369
13:15:49,17852,5926,201783
13:15:49,20940,5926,201785
13:15:51,19732,1,199368
13:15:55,27488,1,199367
13:15:56,36220,2494,201745
13:15:56,18996,2494,201744
13:15:56,24524,2494,201743
13:15:58,13044,2,199366
13:16:11,20940,5990,201785
13:16:11,21924,1,199369
13:16:12,37204,1,199374
13:16:12,19732,2,199368
13:16:14,17852,5990,201783
13:16:14,18996,2536,201744
13:16:15,27488,1,199367
13:16:15,36220,2536,201745
13:16:15,13044,1,199366
13:16:16,24524,2536,201743
13:16:43,17852,6942,201783
13:16:44,37204,2,199374
13:16:44,19732,2,199368
13:16:45,20940,6942,201785
13:16:45,21924,1,199369
13:16:50,36220,7426,201745
13:16:50,18996,7426,201744
13:16:50,13044,2,199366
13:16:50,24524,7426,201743
13:16:52,27488,1,199367
13:17:12,21924,1,199369
13:17:12,37204,1,199374
13:17:12,17852,7732,201783
13:17:13,19732,2,199368
13:17:13,20940,7732,201785
13:17:36,13044,2,199366
13:17:36,24524,7488,201743
13:17:37,36220,7488,201745
13:17:38,27488,2,199367
13:17:38,18996,7488,201744
13:17:40,20940,7368,201785
13:17:40,19732,1,199368
13:17:41,21924,1,199369
13:17:41,37204,2,199374
13:17:41,17852,7368,201783
13:18:09,21924,1,199369
13:18:09,17852,6114,201783
13:18:09,19732,1,199368
13:18:10,20940,6114,201785
13:18:10,37204,2,199374
13:18:10,24524,7670,201743
13:18:11,18996,7670,201744
13:18:11,36220,7670,201745
13:18:12,27488,2,199367
13:18:12,13044,1,199366
13:18:39,17852,5930,201783
13:18:40,20940,5930,201785
13:18:41,19732,2,199368
13:18:41,37204,2,199374
13:18:43,21924,2,199369
13:18:46,27488,1,199367
13:18:46,24524,6114,201743
13:18:46,18996,6114,201744
13:18:47,36220,6114,201745
13:18:48,13044,2,199366
13:19:02,17852,7796,201783
13:19:03,21924,2,199369
13:19:03,37204,1,199374
13:19:03,19732,2,199368
13:19:04,20940,7796,201785
13:19:11,13044,2,199366
13:19:12,36220,7430,201745
13:19:12,18996,7430,201744
13:19:12,27488,1,199367
13:19:12,24524,7430,201743
13:19:32,21924,1,199369
13:19:33,20940,7426,201785
13:19:33,37204,2,199374
13:19:33,17852,7426,201783
13:19:33,19732,2,199368
13:19:46,27488,2,199367
13:19:46,24524,6174,201743
13:19:47,36220,6174,201745
13:19:47,13044,2,199366
13:19:48,18996,6174,201744
13:19:59,21924,2,199369
13:19:59,17852,7674,201783
13:19:59,37204,2,199374
13:20:00,19732,2,199368
13:20:02,20940,7674,201785
13:20:22,24524,7422,201743
13:20:22,36220,7422,201745
13:20:22,18996,7422,201744
13:20:23,13044,2,199366
13:20:23,27488,2,199367
13:20:28,20940,6052,201785
13:20:28,17852,6052,201783
13:20:29,21924,2,199369
13:20:29,19732,1,199368
13:20:29,37204,1,199374
13:20:59,17852,7488,201783
13:21:00,19732,2,199368
13:21:00,20940,7488,201785
13:21:00,21924,1,199369
13:21:00,37204,1,199374
13:21:04,36220,6052,201745
13:21:05,24524,6052,201743
13:21:05,18996,6052,201744
13:21:05,13044,1,199366
13:21:06,27488,2,199367
13:21:32,21924,1,199369
13:21:32,37204,2,199374
13:21:32,19732,1,199368
13:21:33,17852,7548,201783
13:21:33,20940,7548,201785
13:22:01,17852,5990,201783
13:22:01,37204,1,199374
13:22:02,19732,2,199368
13:22:02,20940,5990,201785
13:22:02,21924,1,199369
13:22:31,17852,6174,201783
13:22:31,20940,6174,201785
13:22:31,21924,1,199369
13:22:31,37204,2,199374
13:22:32,19732,1,199368
13:23:14,37204,1,199374
13:23:15,20940,7488,201785
13:23:15,21924,1,199369
13:23:15,17852,7488,201783
13:23:16,19732,2,199368
13:23:52,19732,2,199368
13:23:53,20940,6826,201785
13:23:53,17852,6826,201783
13:23:54,21924,1,199369
13:23:54,37204,2,199374
13:24:29,37204,1,199374
13:24:29,17852,5930,201783
13:24:30,20940,5930,201785
13:24:30,19732,2,199368
13:24:31,21924,2,199369
13:24:42,13044,1,199366
13:24:42,18996,6114,201744
13:24:43,24524,6419,201743
13:24:43,36220,6114,201745
13:24:45,27488,1,199367
13:24:57,17852,5930,201783
13:24:57,20940,5930,201785
13:24:57,37204,2,199374
13:24:58,19732,2,199368
13:24:58,21924,2,199369
13:25:05,18996,6110,201744
13:25:05,27488,2,199367
13:25:05,24524,6415,201743
13:25:06,36220,6110,201745
13:25:06,13044,2,199366
13:25:29,27488,2,199367
13:25:29,36220,1430,201745
13:25:29,24524,1501,201743
13:25:30,13044,2,199366
13:25:31,18996,1430,201744
13:25:32,19732,2,199368
13:25:32,37204,1,199374
13:25:33,21924,2,199369
13:25:34,17852,5868,201783
13:25:34,20940,5868,201785
13:26:00,21924,2,199369
13:26:00,37204,2,199374
13:26:01,17852,6052,201783
13:26:02,19732,2,199368
13:26:02,20940,6052,201785
13:26:29,17852,5870,201783
13:26:29,21924,1,199369
13:26:30,37204,1,199374
13:26:30,19732,2,199368
13:26:30,20940,5578,201785
13:27:01,19732,1,199368
13:27:02,21924,1,199369
13:27:02,37204,1,199374
13:27:03,17852,7486,201783
13:27:04,20940,7486,201785
13:27:34,19732,2,199368
13:27:35,21924,1,199369
13:27:35,37204,1,199374
13:27:35,17852,5574,201783
13:27:36,20940,5574,201785
13:28:03,17852,7430,201783
13:28:03,19732,1,199368
13:28:03,20940,7430,201785
13:28:03,21924,1,199369
13:28:03,37204,1,199374
13:28:28,19732,1,199368
13:28:29,20940,6052,201785
13:28:29,17852,6052,201783
13:28:30,21924,2,199369
13:28:30,37204,2,199374
13:28:58,19732,1,199368
13:28:59,21924,1,199369
13:28:59,20940,5926,201785
13:29:00,37204,1,199374
13:29:00,17852,5926,201783
13:29:31,20940,5930,201785
13:29:31,21924,1,199369
13:29:31,17852,5930,201783
13:29:31,19732,1,199368
13:29:32,37204,1,199374
13:30:09,37204,1,199374
13:30:10,21924,1,199369
13:30:10,19732,1,199368
13:30:11,20940,5516,201785
13:30:11,17852,5518,201783
13:30:38,17852,6114,201783
13:30:38,37204,1,199374
13:30:40,21924,1,199369
13:30:40,19732,2,199368
13:30:41,20940,6114,201785
13:31:09,20940,7610,201785
13:31:09,37204,1,199374
13:31:09,19732,1,199368
13:31:10,21924,1,199369
13:31:11,17852,7610,201783
13:31:40,17852,6110,201783
13:31:40,21924,2,199369
13:31:40,37204,2,199374
13:31:41,19732,1,199368
13:31:41,20940,6110,201785
13:32:04,21924,1,199369
13:32:05,19732,2,199368
13:32:05,20940,6110,201785
13:32:05,37204,1,199374
13:32:06,17852,6110,201783
13:32:10,13044,2,199366
13:32:11,18996,1752,201744
13:32:11,24524,1752,201743
13:32:12,27488,1,199367
13:32:13,36220,1752,201745
13:32:39,20940,5990,201785
13:32:39,21924,2,199369
13:32:39,17852,5990,201783
13:32:40,37204,1,199374
13:32:43,19732,1,199368
13:33:10,20940,7422,201785
13:33:11,21924,1,199369
13:33:11,37204,2,199374
13:33:11,17852,7422,201783
13:33:11,19732,2,199368
13:33:20,36220,7544,201745
13:33:20,18996,7544,201744
13:33:21,13044,2,199366
13:33:21,27488,2,199367
13:33:21,24524,7921,201743
13:33:37,17852,7610,201783
13:33:38,21924,1,199369
13:33:38,37204,1,199374
13:33:38,19732,1,199368
13:33:40,20940,7610,201785
13:33:47,27488,1,199367
13:33:47,13044,2,199366
13:33:48,18996,7544,201744
13:33:49,36220,7544,201745
13:33:50,24524,7921,201743
13:34:17,21924,2,199369
13:34:17,17852,7548,201783
13:34:18,20940,7548,201785
13:34:18,37204,2,199374
13:34:18,19732,2,199368
13:34:20,18996,7488,201744
13:34:20,27488,2,199367
13:34:21,24524,7862,201743
13:34:21,36220,7488,201745
13:34:21,13044,2,199366
13:34:50,21924,1,199369
13:34:50,19732,2,199368
13:34:51,20940,5926,201785
13:34:52,37204,2,199374
13:34:53,17852,5926,201783
13:35:01,18996,6110,201744
13:35:01,27488,2,199367
13:35:01,36220,6110,201745
13:35:02,13044,2,199366
13:35:02,24524,6415,201743
13:35:19,37204,1,199374
13:35:19,19732,2,199368
13:35:19,17852,5926,201783
13:35:20,20940,5926,201785
13:35:21,21924,1,199369
13:35:37,13044,1,199366
13:35:38,18996,7364,201744
13:35:38,27488,1,199367
13:35:38,36220,7364,201745
13:35:39,24524,7732,201743
13:35:48,21924,1,199369
13:35:48,17852,6110,201783
13:35:49,20940,6110,201785
13:35:51,37204,2,199374
13:35:51,19732,1,199368
13:36:10,36220,5926,201745
13:36:10,18996,5926,201744
13:36:10,13044,2,199366
13:36:11,27488,2,199367
13:36:11,24524,6222,201743
13:36:21,17852,5930,201783
13:36:22,19732,2,199368
13:36:22,20940,5930,201785
13:36:22,37204,1,199374
13:36:23,21924,1,199369
13:36:42,18996,7364,201744
13:36:43,24524,7732,201743
13:36:43,36220,7364,201745
13:36:43,27488,1,199367
13:36:43,13044,2,199366
13:36:49,21924,2,199369
13:36:49,17852,7426,201783
13:36:49,19732,1,199368
13:36:49,20940,7426,201785
13:36:50,37204,2,199374
13:37:21,17852,7732,201783
13:37:21,19732,2,199368
13:37:22,20940,7732,201785
13:37:22,21924,1,199369
13:37:23,37204,2,199374
13:37:26,24524,6226,201743
13:37:27,27488,2,199367
13:37:27,13044,1,199366
13:37:28,36220,5930,201745
13:37:29,18996,5930,201744
13:37:53,21924,2,199369
13:37:54,19732,2,199368
13:37:54,17852,7548,201783
13:37:55,20940,7548,201785
13:37:55,37204,1,199374
13:37:59,27488,2,199367
13:37:59,24524,7673,201743
13:37:59,18996,7308,201744
13:37:59,13044,2,199366
13:38:00,36220,7308,201745
13:38:28,21924,1,199369
13:38:29,20940,7610,201785
13:38:29,19732,2,199368
13:38:29,17852,7610,201783
13:38:30,37204,2,199374
13:38:39,36220,6110,201745
13:38:39,27488,1,199367
13:38:39,13044,2,199366
13:38:39,24524,6415,201743
13:38:39,18996,6110,201744
13:38:53,37204,2,199374
13:38:53,19732,2,199368
13:38:54,17852,5868,201783
13:38:55,21924,2,199369
13:38:55,20940,5868,201785
13:39:10,27488,1,199367
13:39:10,13044,2,199366
13:39:11,36220,7548,201745
13:39:11,18996,7548,201744
13:39:11,24524,7925,201743
13:39:29,19732,1,199368
13:39:29,20940,5516,201785
13:39:29,21924,1,199369
13:39:30,17852,5516,201783
13:39:30,37204,2,199374
13:39:38,27488,1,199367
13:39:38,13044,2,199366
13:39:39,24524,7732,201743
13:39:39,36220,7364,201745
13:39:39,18996,7364,201744
13:40:00,17852,5992,201783
13:40:01,19732,1,199368
13:40:02,21924,2,199369
13:40:02,37204,2,199374
13:40:02,20940,5992,201785
13:40:08,13044,1,199366
13:40:08,24524,6222,201743
13:40:08,36220,5926,201745
13:40:08,18996,5926,201744
13:40:09,27488,1,199367
13:40:28,37204,1,199374
13:40:28,19732,2,199368
13:40:28,21924,2,199369
13:40:29,17852,6048,201783
13:40:29,20940,6048,201785
13:40:36,27488,2,199367
13:40:36,13044,2,199366
13:40:37,36220,5930,201745
13:40:37,18996,5930,201744
13:40:38,24524,6226,201743
13:40:56,17852,5930,201783
13:40:57,20940,5930,201785
13:40:57,37204,2,199374
13:40:57,19732,1,199368
13:40:58,21924,1,199369
13:41:08,18996,5930,201744
13:41:09,13044,1,199366
13:41:09,36220,5930,201745
13:41:09,24524,6226,201743
13:41:10,27488,1,199367
13:41:24,20940,5930,201785
13:41:24,19732,2,199368
13:41:25,21924,1,199369
13:41:25,17852,5930,201783
13:41:26,37204,2,199374
13:41:36,36220,7610,201745
13:41:37,27488,1,199367
13:41:38,13044,2,199366
13:41:39,24524,7990,201743
13:41:48,18996,7610,201744
13:42:01,21924,1,199369
13:42:02,17852,5930,201783
13:42:03,37204,2,199374
13:42:03,19732,1,199368
13:42:04,20940,5930,201785
13:42:24,27488,1,199367
13:42:24,18996,7364,201744
13:42:25,13044,1,199366
13:42:25,24524,7732,201743
13:42:26,36220,7364,201745
13:42:26,21924,1,199369
13:42:27,19732,1,199368
13:42:27,20940,7610,201785
13:42:27,37204,1,199374
13:42:28,17852,7610,201783
13:42:50,19732,1,199368
13:42:51,20940,6110,201785
13:42:51,21924,2,199369
13:42:51,37204,1,199374
13:42:52,27488,1,199367
13:42:53,24524,7801,201743
13:42:53,36220,7430,201745
13:42:53,17852,6110,201783
13:42:54,13044,2,199366
13:42:55,18996,7430,201744
13:43:18,27488,2,199367
13:43:18,24524,7921,201743
13:43:19,20940,5516,201785
13:43:19,18996,7544,201744
13:43:19,17852,5516,201783
13:43:20,13044,1,199366
13:43:20,21924,1,199369
13:43:20,36220,7544,201745
13:43:20,19732,2,199368
13:43:22,37204,1,199374
13:43:48,19732,2,199368
13:43:49,17852,5930,201783
13:43:50,21924,2,199369
13:43:51,37204,2,199374
13:43:52,20940,5930,201785
13:44:01,27488,2,199367
13:44:01,13044,1,199366
13:44:01,18996,6110,201744
13:44:02,24524,6415,201743
13:44:02,36220,6110,201745
13:44:22,20940,5516,201785
13:44:22,21924,1,199369
13:44:22,19732,2,199368
13:44:23,37204,1,199374
13:44:24,17852,5516,201783
13:44:40,13044,2,199366
13:44:40,27488,1,199367
13:44:40,24524,6482,201743
13:44:41,18996,6174,201744
13:44:41,36220,6174,201745
13:45:00,19732,2,199368
13:45:00,17852,7364,201783
13:45:01,21924,1,199369
13:45:01,37204,1,199374
13:45:02,20940,7364,201785
13:45:09,13044,1,199366
13:45:09,24524,6161,201743
13:45:10,18996,5868,201744
13:45:11,27488,1,199367
13:45:12,36220,5868,201745
13:45:26,37204,1,199374
13:45:27,20940,7608,201785
13:45:27,21924,2,199369
13:45:27,19732,1,199368
13:45:30,17852,7608,201783
13:45:41,36220,5808,201745
13:45:41,18996,5808,201744
13:45:41,27488,2,199367
13:45:41,24524,6098,201743
13:45:43,13044,1,199366
13:45:58,20940,7608,201785
13:45:58,37204,2,199374
13:45:59,19732,1,199368
13:45:59,17852,7608,201783
13:46:00,21924,2,199369
13:46:04,13044,2,199366
13:46:04,24524,6482,201743
13:46:05,27488,2,199367
13:46:06,18996,6174,201744
13:46:07,36220,6174,201745
13:46:29,24524,6415,201743
13:46:31,36220,6110,201745
13:46:31,13044,1,199366
13:46:31,20940,5868,201785
13:46:31,21924,2,199369
13:46:32,37204,2,199374
13:46:32,18996,6110,201744
13:46:32,19732,2,199368
13:46:32,17852,5868,201783
13:46:34,27488,2,199367
13:46:57,27488,2,199367
13:46:57,36220,5868,201745
13:46:58,24524,6161,201743
13:46:58,13044,2,199366
13:47:00,18996,5868,201744
13:47:03,37204,1,199374
13:47:03,19732,2,199368
13:47:03,17852,7422,201783
13:47:03,20940,7422,201785
13:47:04,21924,1,199369
13:47:27,24524,7793,201743
13:47:27,13044,2,199366
13:47:27,36220,7422,201745
13:47:28,18996,7422,201744
13:47:30,27488,2,199367
13:47:40,21924,2,199369
13:47:40,19732,2,199368
13:47:41,20940,7548,201785
13:47:41,17852,7548,201783
13:47:42,37204,2,199374
13:48:07,18996,7246,201744
13:48:07,36220,7246,201745
13:48:07,27488,1,199367
13:48:07,13044,2,199366
13:48:07,24524,7608,201743
13:48:10,17852,6110,201783
13:48:11,19732,2,199368
13:48:11,21924,1,199369
13:48:12,37204,1,199374
13:48:12,20940,6110,201785
13:48:40,18996,7608,201744
13:48:41,36220,7608,201745
13:48:41,27488,1,199367
13:48:41,24524,7988,201743
13:48:41,13044,2,199366
13:48:51,37204,2,199374
13:48:51,17852,7608,201783
13:48:51,20940,7608,201785
13:48:51,21924,1,199369
13:48:51,19732,1,199368
13:48:59,27488,2,199367
13:48:59,13044,2,199366
13:48:59,24524,8053,201743
13:48:59,36220,7670,201745
13:49:00,18996,7670,201744
13:49:19,19732,1,199368
13:49:20,37204,1,199374
13:49:20,17852,7486,201783
13:49:20,20940,7486,201785
13:49:22,21924,2,199369
13:49:43,27488,1,199367
13:49:44,24524,7925,201743
13:49:45,18996,7548,201744
13:49:45,36220,7548,201745
13:49:45,13044,2,199366
13:49:50,20940,7486,201785
13:49:50,21924,1,199369
13:49:50,37204,2,199374
13:49:50,19732,1,199368
13:49:51,17852,7486,201783
13:50:17,13044,2,199366
13:50:17,18996,7308,201744
13:50:17,24524,7673,201743
13:50:19,36220,7308,201745
13:50:19,21924,2,199369
13:50:19,17852,7608,201783
13:50:19,19732,2,199368
13:50:20,20940,7608,201785
13:50:20,37204,2,199374
13:50:20,27488,1,199367
13:50:43,13044,1,199366
13:50:44,18996,6052,201744
13:50:44,27488,1,199367
13:50:45,24524,6354,201743
13:50:45,36220,6052,201745
13:50:52,17852,7544,201783
13:50:52,20940,7544,201785
13:50:53,19732,2,199368
13:50:53,21924,2,199369
13:50:54,37204,1,199374
13:51:11,36220,7610,201745
13:51:12,18996,7610,201744
13:51:12,27488,2,199367
13:51:12,13044,1,199366
13:51:14,24524,7990,201743
13:51:26,21924,2,199369
13:51:26,37204,2,199374
13:51:27,17852,7670,201783
13:51:28,20940,7670,201785
13:51:28,19732,1,199368
13:51:44,27488,2,199367
13:51:44,24524,7921,201743
13:51:44,36220,7544,201745
13:51:45,18996,7544,201744
13:51:46,13044,2,199366
13:52:03,21924,2,199369
13:52:03,37204,2,199374
13:52:03,20940,7426,201785
13:52:04,17852,7426,201783
13:52:06,19732,1,199368
13:52:24,36220,7422,201745
13:52:24,13044,1,199366
13:52:24,24524,7793,201743
13:52:25,18996,7422,201744
13:52:25,27488,2,199367
13:52:27,20940,5926,201785
13:52:27,37204,1,199374
13:52:27,19732,1,199368
13:52:28,17852,5926,201783
13:52:28,21924,1,199369
13:52:56,13044,1,199366
13:52:56,27488,1,199367
13:52:56,24524,6098,201743
13:52:57,36220,5808,201745
13:52:59,18996,5808,201744
13:53:17,21924,2,199369
13:53:17,19732,2,199368
13:53:18,20940,7486,201785
13:53:18,37204,1,199374
13:53:19,17852,7486,201783
13:53:23,36220,5990,201745
13:53:23,27488,2,199367
13:53:23,24524,6289,201743
13:53:24,18996,5990,201744
13:53:25,13044,2,199366
13:53:45,36220,7368,201745
13:53:46,27488,1,199367
13:53:47,13044,2,199366
13:53:47,24524,7736,201743
13:53:47,18996,7368,201744
13:53:48,19732,2,199368
13:53:49,37204,1,199374
13:53:49,17852,7548,201783
13:53:50,20940,7548,201785
13:53:50,21924,2,199369
13:54:23,36220,7674,201745
13:54:23,27488,2,199367
13:54:24,18996,7674,201744
13:54:25,24524,8057,201743
13:54:25,13044,2,199366
13:54:29,20940,7608,201785
13:54:29,21924,1,199369
13:54:29,37204,2,199374
13:54:30,19732,2,199368
13:54:30,17852,7608,201783
13:54:43,24524,6289,201743
13:54:43,13044,2,199366
13:54:44,18996,5990,201744
13:54:44,36220,5990,201745
13:54:45,27488,1,199367
13:54:58,19732,2,199368
13:54:59,21924,1,199369
13:54:59,37204,2,199374
13:55:01,17852,7364,201783
13:55:01,20940,7364,201785
13:55:24,27488,1,199367
13:55:24,18996,7670,201744
13:55:24,36220,7670,201745
13:55:24,24524,8053,201743
13:55:24,13044,2,199366
13:55:28,19732,1,199368
13:55:29,21924,1,199369
13:55:29,37204,2,199374
13:55:29,17852,6114,201783
13:55:29,20940,6114,201785
13:55:50,13044,1,199366
13:55:51,27488,2,199367
13:55:51,18996,7674,201744
13:55:52,36220,7674,201745
13:55:53,24524,8057,201743
13:56:00,37204,1,199374
13:56:00,17852,6052,201783
13:56:00,20940,6052,201785
13:56:00,21924,1,199369
13:56:00,19732,2,199368
13:56:28,18996,6052,201744
13:56:28,13044,1,199366
13:56:29,24524,6354,201743
13:56:30,36220,6052,201745
13:56:30,27488,2,199367
13:56:31,21924,1,199369
13:56:31,17852,7368,201783
13:56:31,19732,1,199368
13:56:32,37204,2,199374
13:56:32,20940,7368,201785
13:57:04,19732,2,199368
13:57:04,20940,7670,201785
13:57:04,21924,1,199369
13:57:04,37204,1,199374
13:57:04,17852,7670,201783
13:57:08,27488,1,199367
13:57:08,36220,5986,201745
13:57:09,13044,2,199366
13:57:09,24524,6285,201743
13:57:10,18996,5986,201744
13:57:29,19732,1,199368
13:57:30,21924,1,199369
13:57:31,37204,1,199374
13:57:31,17852,5870,201783
13:57:31,20940,5870,201785
13:57:41,36220,7486,201745
13:57:41,27488,1,199367
13:57:41,13044,1,199366
13:57:41,24524,7860,201743
13:57:45,18996,7486,201744
13:58:00,19732,1,199368
13:58:01,21924,2,199369
13:58:01,17852,5868,201783
13:58:02,37204,2,199374
13:58:02,20940,5868,201785
13:58:07,18996,7486,201744
13:58:08,27488,1,199367
13:58:08,13044,1,199366
13:58:08,36220,7486,201745
13:58:08,24524,7860,201743
13:58:33,20940,7488,201785
13:58:33,21924,2,199369
13:58:34,37204,1,199374
13:58:34,17852,7488,201783
13:58:34,19732,1,199368
13:58:34,27488,1,199367
13:58:34,24524,6482,201743
13:58:35,18996,6174,201744
13:58:35,36220,6174,201745
13:58:37,13044,2,199366
13:59:00,27488,2,199367
13:59:00,13044,1,199366
13:59:01,18996,5930,201744
13:59:01,36220,5930,201745
13:59:01,24524,6226,201743
13:59:06,20940,7426,201785
13:59:06,21924,1,199369
13:59:06,17852,7426,201783
13:59:07,37204,2,199374
13:59:07,19732,1,199368
13:59:38,20940,5870,201785
13:59:38,21924,1,199369
13:59:39,37204,1,199374
13:59:39,19732,1,199368
13:59:39,17852,5870,201783
13:59:40,27488,1,199367
13:59:40,24524,7929,201743
13:59:40,18996,7552,201744
13:59:43,36220,7552,201745
13:59:43,13044,1,199366
14:00:04,13044,2,199366
14:00:05,27488,1,199367
14:00:05,24524,6354,201743
14:00:05,36220,6052,201745
14:00:07,18996,6052,201744
14:00:10,17852,6940,201783
14:00:10,19732,1,199368
14:00:11,20940,6938,201785
14:00:11,21924,1,199369
14:00:11,37204,1,199374
14:00:28,36220,6048,201745
14:00:29,18996,6048,201744
14:00:29,24524,6350,201743
14:00:30,13044,2,199366
14:00:31,27488,2,199367
14:00:41,17852,7422,201783
14:00:41,21924,1,199369
14:00:42,37204,1,199374
14:00:42,19732,1,199368
14:00:42,20940,7422,201785
14:00:55,36220,5926,201745
14:00:55,24524,6222,201743
14:00:56,27488,1,199367
14:00:56,13044,2,199366
14:00:56,18996,5926,201744
14:01:14,20940,7608,201785
14:01:14,21924,2,199369
14:01:14,17852,7608,201783
14:01:14,19732,2,199368
14:01:15,37204,1,199374
14:01:18,13044,1,199366
14:01:18,36220,6114,201745
14:01:18,27488,2,199367
14:01:18,24524,6419,201743
14:01:21,18996,6114,201744
14:01:46,19732,1,199368
14:01:46,20940,5574,201785
14:01:47,37204,1,199374
14:01:47,17852,5868,201783
14:01:48,21924,2,199369
14:02:01,24524,6419,201743
14:02:02,13044,1,199366
14:02:03,27488,2,199367
14:02:03,36220,6114,201745
14:02:05,18996,6114,201744
14:02:18,17852,7368,201783
14:02:18,20940,6998,201785
14:02:18,21924,2,199369
14:02:19,37204,2,199374
14:02:19,19732,1,199368
14:02:31,36220,5990,201745
14:02:31,27488,1,199367
14:02:32,13044,1,199366
14:02:32,24524,6289,201743
14:02:33,18996,5990,201744
14:02:44,37204,2,199374
14:02:44,17852,5870,201783
14:02:44,19732,1,199368
14:02:44,21924,1,199369
14:02:45,20940,5576,201785
14:02:59,36220,7488,201745
14:03:00,24524,7862,201743
14:03:01,18996,7488,201744
14:03:01,27488,2,199367
14:03:02,13044,2,199366
14:03:15,17852,6114,201783
14:03:16,20940,6114,201785
14:03:16,21924,2,199369
14:03:16,37204,1,199374
14:03:16,19732,1,199368
14:03:28,36220,6236,201745
14:03:28,27488,2,199367
14:03:28,24524,6547,201743
14:03:29,13044,2,199366
14:03:30,18996,6236,201744
14:03:48,37204,2,199374
14:03:48,19732,2,199368
14:03:48,17852,5926,201783
14:03:50,20940,5628,201785
14:03:50,21924,2,199369
14:03:56,24524,6226,201743
14:03:56,18996,5930,201744
14:03:57,13044,2,199366
14:03:57,36220,5930,201745
14:03:57,27488,1,199367
14:04:20,17852,5930,201783
14:04:21,37204,1,199374
14:04:21,19732,1,199368
14:04:21,21924,2,199369
14:04:22,20940,5632,201785
14:04:28,27488,2,199367
14:04:28,24524,6163,201743
14:04:28,13044,2,199366
14:04:29,18996,5870,201744
14:04:29,36220,5870,201745
14:04:54,19732,1,199368
14:04:55,37204,1,199374
14:04:55,20940,7054,201785
14:04:55,21924,1,199369
14:04:56,17852,7426,201783
14:05:07,27488,2,199367
14:05:07,18996,7426,201744
14:05:08,13044,1,199366
14:05:08,36220,7426,201745
14:05:09,24524,7797,201743
14:05:23,37204,1,199374
14:05:23,21924,1,199369
14:05:24,17852,5516,201783
14:05:24,19732,1,199368
14:05:24,20940,5226,201785
14:05:35,24524,6226,201743
14:05:35,13044,2,199366
14:05:35,18996,5930,201744
14:05:35,36220,5930,201745
14:05:35,27488,1,199367
14:05:48,20940,5744,201785
14:05:48,21924,1,199369
14:05:49,37204,2,199374
14:05:49,17852,6048,201783
14:05:49,19732,1,199368
14:06:13,24524,7797,201743
14:06:13,13044,1,199366
14:06:14,18996,7426,201744
14:06:15,36220,7426,201745
14:06:15,27488,1,199367
14:06:23,37204,1,199374
14:06:24,19732,2,199368
14:06:24,20940,6994,201785
14:06:24,21924,1,199369
14:06:26,17852,6994,201783
14:06:37,18996,6048,201744
14:06:37,36220,6048,201745
14:06:37,27488,2,199367
14:06:38,24524,6350,201743
14:06:40,13044,1,199366
14:06:50,37204,1,199374
14:06:50,19732,2,199368
14:06:50,17852,5686,201783
14:06:51,21924,2,199369
14:06:51,20940,5686,201785
14:07:03,36220,7486,201745
14:07:03,24524,7860,201743
14:07:04,18996,7486,201744
14:07:07,13044,1,199366
14:07:08,27488,2,199367
14:07:17,20940,5744,201785
14:07:18,21924,2,199369
14:07:18,37204,1,199374
14:07:18,17852,5744,201783
14:07:19,19732,1,199368
14:07:28,18996,7486,201744
14:07:28,36220,7486,201745
14:07:28,27488,1,199367
14:07:28,13044,1,199366
14:07:29,24524,7860,201743
14:07:44,20940,5690,201785
14:07:44,19732,2,199368
14:07:45,21924,1,199369
14:07:45,17852,5690,201783
14:07:46,37204,1,199374
14:08:02,27488,1,199367
14:08:03,18996,5808,201744
14:08:03,24524,5791,201743
14:08:04,36220,5516,201745
14:08:06,13044,2,199366
14:08:14,21924,2,199369
14:08:14,17852,5690,201783
14:08:14,19732,2,199368
14:08:15,37204,2,199374
14:08:17,20940,5690,201785
14:08:36,36220,5990,201745
14:08:37,18996,5990,201744
14:08:37,27488,2,199367
14:08:37,24524,6289,201743
14:08:37,13044,1,199366
14:08:42,37204,1,199374
14:08:43,19732,1,199368
14:08:43,20940,5628,201785
14:08:43,17852,5628,201783
14:08:44,21924,2,199369
14:09:07,37204,1,199374
14:09:07,19732,1,199368
14:09:07,20940,5748,201785
14:09:07,21924,1,199369
14:09:08,17852,5748,201783
14:09:15,18996,7368,201744
14:09:16,36220,7368,201745
14:09:16,24524,7736,201743
14:09:17,13044,2,199366
14:09:17,27488,1,199367
14:09:31,17852,5686,201783
14:09:31,21924,2,199369
14:09:32,37204,2,199374
14:09:32,19732,2,199368
14:09:33,20940,5686,201785
14:09:46,18996,7608,201744
14:09:46,27488,2,199367
14:09:47,13044,1,199366
14:09:47,36220,7608,201745
14:09:47,24524,7988,201743
14:10:04,20940,7106,201785
14:10:04,21924,1,199369
14:10:06,37204,1,199374
14:10:06,17852,7106,201783
14:10:06,19732,1,199368
14:10:14,36220,6174,201745
14:10:15,27488,2,199367
14:10:15,24524,6482,201743
14:10:16,13044,2,199366
14:10:22,18996,6174,201744
14:10:40,21924,2,199369
14:10:40,37204,1,199374
14:10:40,17852,7170,201783
14:10:41,19732,2,199368
14:10:44,20940,7170,201785
14:10:48,27488,1,199367
14:10:48,24524,6415,201743
14:10:49,18996,6110,201744
14:10:49,36220,6110,201745
14:10:50,13044,1,199366
14:11:10,20940,5690,201785
14:11:10,21924,2,199369
14:11:10,37204,2,199374
14:11:10,19732,2,199368
14:11:11,17852,5690,201783
14:11:35,27488,1,199367
14:11:35,36220,7426,201745
14:11:36,24524,7797,201743
14:11:36,18996,7426,201744
14:11:37,13044,2,199366
14:11:46,19732,2,199368
14:11:47,20940,7170,201785
14:11:47,21924,2,199369
14:11:48,37204,2,199374
14:11:48,17852,7170,201783
14:11:56,36220,5990,201745
14:11:57,13044,1,199366
14:11:57,18996,5990,201744
14:11:57,27488,2,199367
14:11:57,24524,6289,201743
14:12:14,37204,1,199374
14:12:14,17852,7670,201783
14:12:15,19732,1,199368
14:12:15,20940,7670,201785
14:12:15,21924,2,199369
14:12:22,27488,2,199367
14:12:23,13044,2,199366
14:12:23,18996,5868,201744
14:12:23,24524,6161,201743
14:12:25,36220,5868,201745
14:12:42,19732,1,199368
14:12:42,37204,1,199374
14:12:43,21924,2,199369
14:12:44,20940,7054,201785
14:12:44,17852,7054,201783
14:12:59,36220,7486,201745
14:12:59,27488,1,199367
14:12:59,13044,1,199366
14:13:00,18996,7486,201744
14:13:01,24524,7860,201743
14:13:12,17852,5690,201783
14:13:13,19732,1,199368
14:13:13,21924,2,199369
14:13:13,37204,2,199374
14:13:13,20940,5690,201785
14:13:40,36220,5990,201745
14:13:40,24524,6289,201743
14:13:40,13044,1,199366
14:13:41,27488,2,199367
14:13:41,18996,5990,201744
14:13:42,37204,1,199374
14:13:42,17852,7110,201783
14:13:42,19732,2,199368
14:13:43,21924,2,199369
14:13:44,20940,7110,201785
14:14:06,37204,1,199374
14:14:07,17852,5690,201783
14:14:07,19732,1,199368
14:14:07,27488,2,199367
14:14:07,20940,5690,201785
14:14:07,21924,2,199369
14:14:07,18996,6048,201744
14:14:07,36220,6048,201745
14:14:09,24524,6350,201743
14:14:09,13044,2,199366
14:14:31,19732,2,199368
14:14:31,21924,2,199369
14:14:32,37204,2,199374
14:14:32,17852,7732,201783
14:14:33,20940,7732,201785
14:14:34,27488,2,199367
14:14:34,13044,1,199366
14:14:35,18996,5868,201744
14:14:36,36220,5868,201745
14:14:36,24524,6161,201743
14:15:00,17852,6572,201783
14:15:00,19732,2,199368
14:15:00,21924,1,199369
14:15:01,37204,1,199374
14:15:01,20940,6572,201785
14:15:03,27488,2,199367
14:15:04,24524,7732,201743
14:15:05,18996,7364,201744
14:15:05,36220,7364,201745
14:15:06,13044,2,199366
14:15:28,37204,2,199374
14:15:28,17852,7058,201783
14:15:28,20940,7058,201785
14:15:28,21924,2,199369
14:15:31,19732,1,199368
14:15:41,18996,5808,201744
14:15:42,36220,5518,201745
14:15:42,24524,5791,201743
14:15:43,27488,1,199367
14:15:45,13044,1,199366
14:15:59,19732,2,199368
14:16:00,37204,1,199374
14:16:01,17852,6110,201783
14:16:01,20940,6110,201785
14:16:01,21924,1,199369
14:16:05,24524,6415,201743
14:16:05,13044,1,199366
14:16:05,36220,6110,201745
14:16:05,27488,2,199367
14:16:06,18996,6110,201744
14:16:27,21924,2,199369
14:16:28,17852,5576,201783
14:16:28,20940,5576,201785
14:16:29,37204,1,199374
14:16:29,19732,1,199368
14:16:35,24524,7862,201743
14:16:36,13044,1,199366
14:16:36,36220,7488,201745
14:16:36,27488,1,199367
14:16:37,18996,7488,201744
14:17:00,17852,6994,201783
14:17:01,20940,6994,201785
14:17:01,21924,1,199369
14:17:01,19732,2,199368
14:17:02,37204,1,199374
14:17:10,24524,6222,201743
14:17:11,18996,5926,201744
14:17:11,36220,5926,201745
14:17:11,27488,2,199367
14:17:12,13044,1,199366
14:17:34,17852,7112,201783
14:17:35,21924,2,199369
14:17:35,37204,1,199374
14:17:35,19732,1,199368
14:17:37,20940,7112,201785
14:17:50,36220,5990,201745
14:17:50,13044,2,199366
14:17:51,24524,6289,201743
14:17:51,27488,2,199367
14:17:51,18996,5990,201744
14:18:00,21924,1,199369
14:18:00,37204,1,199374
14:18:00,19732,1,199368
14:18:00,20940,7050,201785
14:18:02,17852,7050,201783
14:18:24,17852,5744,201783
14:18:24,19732,2,199368
14:18:25,21924,2,199369
14:18:25,20940,5744,201785
14:18:26,37204,1,199374
14:18:34,13044,2,199366
14:18:35,18996,7364,201744
14:18:35,24524,7732,201743
14:18:36,36220,7364,201745
14:18:36,27488,1,199367
14:18:59,13044,1,199366
14:18:59,21924,2,199369
14:18:59,36220,7422,201745
14:18:59,17852,7050,201783
14:18:59,27488,2,199367
14:19:00,18996,7422,201744
14:19:00,37204,1,199374
14:19:00,19732,2,199368
14:19:00,24524,7793,201743
14:19:01,20940,7050,201785
14:19:34,37204,2,199374
14:19:34,19732,1,199368
14:19:34,21924,1,199369
14:19:35,20940,7110,201785
14:19:35,17852,7110,201783
14:19:48,24524,8057,201743
14:19:49,36220,7674,201745
14:19:50,18996,7674,201744
14:19:50,27488,2,199367
14:19:50,13044,1,199366
14:20:01,17852,5690,201783
14:20:01,20940,5690,201785
14:20:01,19732,1,199368
14:20:02,21924,1,199369
14:20:02,37204,2,199374
14:20:24,36220,5990,201745
14:20:24,27488,1,199367
14:20:24,13044,1,199366
14:20:24,18996,5990,201744
14:20:25,24524,6289,201743
14:20:30,21924,2,199369
14:20:30,17852,6576,201783
14:20:31,20940,6576,201785
14:20:32,37204,2,199374
14:20:33,19732,2,199368
14:20:52,13044,2,199366
14:20:53,18996,7608,201744
14:20:53,24524,7988,201743
14:20:53,27488,2,199367
14:20:54,36220,7608,201745
14:20:58,21924,1,199369
14:20:59,37204,2,199374
14:20:59,20940,7228,201785
14:20:59,17852,7228,201783
14:21:00,19732,2,199368
14:21:26,37204,2,199374
14:21:26,19732,1,199368
14:21:26,21924,2,199369
14:21:28,18996,7426,201744
14:21:28,17852,7054,201783
14:21:28,24524,7797,201743
14:21:28,20940,7054,201785
14:21:29,36220,7426,201745
14:21:29,27488,1,199367
14:21:29,13044,1,199366
14:21:47,13044,1,199366
14:21:48,27488,1,199367
14:21:48,24524,7732,201743
14:21:49,18996,7364,201744
14:21:50,36220,7364,201745
14:21:56,37204,1,199374
14:21:56,17852,6998,201783
14:21:56,19732,2,199368
14:21:56,20940,6998,201785
14:21:57,21924,2,199369
14:22:15,27488,1,199367
14:22:16,24524,5791,201743
14:22:16,18996,5516,201744
14:22:16,36220,5518,201745
14:22:17,13044,1,199366
14:22:25,37204,1,199374
14:22:25,17852,5690,201783
14:22:25,21924,2,199369
14:22:26,19732,1,199368
14:22:26,20940,5690,201785
14:22:36,24524,6285,201743
14:22:36,36220,5986,201745
14:22:37,13044,1,199366
14:22:37,18996,5986,201744
14:22:37,27488,2,199367
14:22:51,21924,2,199369
14:22:52,17852,5690,201783
14:22:52,20940,5690,201785
14:22:53,37204,2,199374
14:22:53,19732,1,199368
14:23:16,18996,6938,201744
14:23:16,36220,6940,201745
14:23:17,27488,1,199367
14:23:17,24524,7284,201743
14:23:17,21924,2,199369
14:23:18,37204,1,199374
14:23:18,17852,6110,201783
14:23:18,19732,2,199368
14:23:18,20940,6110,201785
14:23:18,13044,2,199366
14:23:39,36220,5986,201745
14:23:39,27488,1,199367
14:23:39,18996,5986,201744
14:23:40,24524,6285,201743
14:23:41,13044,2,199366
14:23:42,17852,7670,201783
14:23:42,19732,2,199368
14:23:43,37204,2,199374
14:23:43,20940,7670,201785
14:23:44,21924,1,199369
14:23:57,18996,5868,201744
14:23:58,36220,5868,201745
14:23:58,24524,6161,201743
14:23:58,13044,2,199366
14:23:59,27488,1,199367
14:24:10,21924,1,199369
14:24:10,37204,1,199374
14:24:10,17852,7110,201783
14:24:10,20940,7110,201785
14:24:13,19732,1,199368
14:24:23,13044,2,199366
14:24:24,18996,6110,201744
14:24:24,36220,6110,201745
14:24:25,24524,6415,201743
14:24:28,27488,2,199367
14:24:35,19732,2,199368
14:24:36,37204,1,199374
14:24:36,17852,5744,201783
14:24:36,20940,5744,201785
14:24:36,21924,1,199369
14:25:06,27488,2,199367
14:25:07,18996,7488,201744
14:25:08,36220,7488,201745
14:25:08,24524,7862,201743
14:25:09,13044,1,199366
14:25:11,17852,7054,201783
14:25:11,19732,2,199368
14:25:12,21924,2,199369
14:25:12,37204,1,199374
14:25:13,20940,7054,201785
14:25:38,21924,2,199369
14:25:39,37204,1,199374
14:25:39,36220,5992,201745
14:25:39,17852,5632,201783
14:25:39,19732,2,199368
14:25:40,18996,5992,201744
14:25:40,27488,1,199367
14:25:40,24524,6291,201743
14:25:41,20940,5632,201785
14:25:43,13044,1,199366
14:26:08,21924,1,199369
14:26:09,17852,6998,201783
14:26:09,20940,6998,201785
14:26:10,18996,5516,201744
14:26:10,37204,1,199374
14:26:11,36220,5516,201745
14:26:11,19732,1,199368
14:26:11,24524,5791,201743
14:26:11,27488,1,199367
14:26:12,13044,2,199366
14:26:36,24524,7862,201743
14:26:37,27488,1,199367
14:26:37,13044,2,199366
14:26:38,36220,7488,201745
14:26:39,18996,7488,201744
14:26:39,19732,2,199368
14:26:39,20940,5632,201785
14:26:40,37204,1,199374
14:26:40,21924,1,199369
14:26:41,17852,5632,201783
14:27:10,27488,2,199367
14:27:10,13044,2,199366
14:27:10,36220,7426,201745
14:27:10,17852,7112,201783
14:27:11,21924,1,199369
14:27:11,24524,7797,201743
14:27:11,20940,7112,201785
14:27:12,18996,7426,201744
14:27:12,37204,1,199374
14:27:12,19732,2,199368
14:27:32,36220,7610,201745
14:27:33,24524,7990,201743
14:27:33,27488,1,199367
14:27:34,18996,7610,201744
14:27:34,13044,1,199366
14:27:50,21924,2,199369
14:27:51,37204,1,199374
14:27:51,17852,7226,201783
14:27:51,20940,7226,201785
14:27:52,19732,2,199368
14:27:58,13044,2,199366
14:27:59,18996,6174,201744
14:28:00,24524,6482,201743
14:28:00,27488,1,199367
14:28:00,36220,6174,201745
14:28:18,37204,2,199374
14:28:19,17852,5628,201783
14:28:19,21924,2,199369
14:28:20,19732,1,199368
14:28:20,20940,5628,201785
14:28:26,27488,1,199367
14:28:26,36220,5990,201745
14:28:27,24524,6289,201743
14:28:28,18996,5990,201744
14:28:28,13044,1,199366
14:28:46,27488,1,199367
14:28:46,13044,2,199366
14:28:46,18996,6174,201744
14:28:47,36220,6174,201745
14:28:47,17852,7170,201783
14:28:48,24524,6482,201743
14:28:48,19732,2,199368
14:28:48,20940,7170,201785
14:28:48,21924,1,199369
14:28:49,37204,2,199374
14:29:07,24524,6222,201743
14:29:07,13044,1,199366
14:29:07,18996,5926,201744
14:29:09,27488,2,199367
14:29:09,36220,5926,201745
14:29:20,19732,1,199368
14:29:20,20940,6572,201785
14:29:21,17852,6572,201783
14:29:21,21924,2,199369
14:29:21,37204,1,199374
14:29:33,36220,6052,201745
14:29:34,24524,6354,201743
14:29:34,27488,1,199367
14:29:35,13044,1,199366
14:29:35,18996,6052,201744
14:30:00,20940,7166,201785
14:30:01,19732,2,199368
14:30:02,37204,1,199374
14:30:02,17852,7166,201783
14:30:04,21924,1,199369
14:30:09,13044,2,199366
14:30:09,18996,6938,201744
14:30:10,36220,6938,201745
14:30:10,24524,7284,201743
14:30:11,27488,1,199367
14:30:32,20940,7170,201785
14:30:32,21924,1,199369
14:30:33,19732,1,199368
14:30:33,37204,1,199374
14:30:33,17852,7170,201783
14:30:38,18996,6938,201744
14:30:38,24524,7284,201743
14:30:38,27488,1,199367
14:30:39,36220,6940,201745
14:30:39,13044,1,199366
14:31:02,17852,5576,201783
14:31:02,20940,5576,201785
14:31:03,21924,1,199369
14:31:03,37204,2,199374
14:31:03,19732,2,199368
14:31:04,18996,5926,201744
14:31:05,27488,2,199367
14:31:05,13044,2,199366
14:31:06,36220,5926,201745
14:31:06,24524,6222,201743
14:31:27,13044,1,199366
14:31:28,18996,7426,201744
14:31:28,36220,7426,201745
14:31:28,24524,7797,201743
14:31:28,27488,1,199367
14:31:31,19732,1,199368
14:31:31,21924,1,199369
14:31:31,37204,1,199374
14:31:32,20940,5748,201785
14:31:32,17852,5748,201783
14:32:00,24524,6161,201743
14:32:00,18996,5868,201744
14:32:00,36220,5868,201745
14:32:02,13044,2,199366
14:32:06,27488,2,199367
14:32:06,21924,1,199369
14:32:07,17852,6998,201783
14:32:07,37204,2,199374
14:32:07,20940,6998,201785
14:32:08,19732,1,199368
14:32:26,24524,7793,201743
14:32:26,13044,1,199366
14:32:27,18996,7422,201744
14:32:27,36220,7422,201745
14:32:29,27488,2,199367
14:32:40,37204,2,199374
14:32:40,19732,1,199368
14:32:40,20940,7166,201785
14:32:41,17852,7166,201783
14:32:41,21924,1,199369
14:32:53,18996,5868,201744
14:32:54,36220,5574,201745
14:32:55,24524,6161,201743
14:32:55,13044,2,199366
14:32:58,27488,2,199367
14:33:09,17852,5744,201783
14:33:09,20940,5744,201785
14:33:10,37204,2,199374
14:33:10,19732,1,199368
14:33:10,21924,2,199369
14:33:36,18996,7430,201744
14:33:36,27488,1,199367
14:33:36,24524,7801,201743
14:33:36,13044,2,199366
14:33:37,36220,7430,201745
14:33:40,21924,1,199369
14:33:41,19732,1,199368
14:33:41,37204,2,199374
14:33:42,17852,5172,201783
14:33:44,20940,5172,201785
14:34:02,37204,1,199374
14:34:03,19732,2,199368
14:34:03,20940,6110,201785
14:34:03,21924,1,199369
14:34:03,17852,6110,201783
14:34:19,24524,7797,201743
14:34:19,18996,7426,201744
14:34:19,36220,7426,201745
14:34:21,13044,1,199366
14:34:21,27488,2,199367
14:34:29,37204,2,199374
14:34:29,17852,7674,201783
14:34:29,20940,7674,201785
14:34:29,21924,1,199369
14:34:30,19732,1,199368
14:34:49,36220,7552,201745
14:34:49,24524,7929,201743
14:34:50,27488,2,199367
14:34:50,13044,1,199366
14:34:50,18996,7552,201744
14:35:01,37204,2,199374
14:35:01,20940,6110,201785
14:35:01,19732,2,199368
14:35:02,21924,1,199369
14:35:02,17852,6110,201783
14:35:16,36220,5990,201745
14:35:17,18996,5990,201744
14:35:17,13044,1,199366
14:35:18,24524,6289,201743
14:35:19,27488,2,199367
14:35:28,17852,5632,201783
14:35:28,21924,2,199369
14:35:29,37204,2,199374
14:35:29,20940,5632,201785
14:35:29,19732,1,199368
14:35:50,24524,7797,201743
14:35:50,27488,1,199367
14:35:50,13044,2,199366
14:35:50,18996,7426,201744
14:35:51,36220,7426,201745
14:36:04,21924,1,199369
14:36:04,37204,1,199374
14:36:05,17852,6994,201783
14:36:05,20940,6994,201785
14:36:06,19732,2,199368
14:36:15,36220,5518,201745
14:36:15,13044,2,199366
14:36:16,18996,5516,201744
14:36:17,24524,5791,201743
14:36:17,27488,2,199367
14:36:36,17852,5748,201783
14:36:36,21924,2,199369
14:36:37,37204,2,199374
14:36:38,19732,1,199368
14:36:39,20940,5748,201785
14:36:46,36220,5930,201745
14:36:46,24524,6226,201743
14:36:46,13044,1,199366
14:36:47,27488,1,199367
14:36:48,18996,5930,201744
14:37:01,37204,1,199374
14:37:01,17852,7170,201783
14:37:01,19732,1,199368
14:37:02,20940,7170,201785
14:37:03,21924,2,199369
14:37:17,36220,7486,201745
14:37:17,24524,7860,201743
14:37:17,27488,1,199367
14:37:18,13044,1,199366
14:37:19,18996,7486,201744
14:37:35,37204,2,199374
14:37:35,20940,7112,201785
14:37:36,19732,1,199368
14:37:37,17852,7112,201783
14:37:37,21924,2,199369
14:37:50,36220,7364,201745
14:37:50,27488,1,199367
14:37:50,13044,2,199366
14:37:51,18996,7364,201744
14:37:52,24524,7732,201743
14:38:01,37204,2,199374
14:38:01,17852,7058,201783
14:38:02,21924,1,199369
14:38:03,19732,1,199368
14:38:03,20940,7058,201785
14:38:12,18996,7548,201744
14:38:12,24524,7925,201743
14:38:12,27488,2,199367
14:38:13,13044,2,199366
14:38:14,36220,7548,201745
14:38:27,17852,5632,201783
14:38:27,20940,5632,201785
14:38:27,37204,1,199374
14:38:28,19732,2,199368
14:38:28,21924,2,199369
14:38:34,13044,2,199366
14:38:34,18996,6110,201744
14:38:35,36220,6110,201745
14:38:35,24524,6415,201743
14:38:36,27488,2,199367
14:38:54,17852,5690,201783
14:38:55,20940,5690,201785
14:38:55,19732,1,199368
14:38:56,37204,1,199374
14:38:57,21924,1,199369
14:39:03,13044,2,199366
14:39:03,36220,7610,201745
14:39:03,27488,2,199367
14:39:04,18996,7610,201744
14:39:06,24524,7990,201743
14:39:28,19732,2,199368
14:39:28,37204,1,199374
14:39:28,17852,5690,201783
14:39:28,20940,5690,201785
14:39:28,21924,1,199369
14:39:33,27488,1,199367
14:39:33,18996,5868,201744
14:39:34,24524,6161,201743
14:39:34,13044,1,199366
14:39:35,36220,5574,201745
14:40:02,37204,1,199374
14:40:02,21924,2,199369
14:40:03,17852,5690,201783
14:40:03,19732,1,199368
14:40:08,20940,5690,201785
14:40:20,24524,6350,201743
14:40:20,13044,2,199366
14:40:20,18996,6048,201744
14:40:21,27488,2,199367
14:40:21,36220,6048,201745
14:40:36,37204,2,199374
14:40:36,21924,2,199369
14:40:37,19732,2,199368
14:40:38,17852,7170,201783
14:40:38,20940,7170,201785
14:40:47,18996,7364,201744
14:40:47,36220,7364,201745
14:40:49,13044,2,199366
14:40:49,24524,7732,201743
14:40:49,27488,2,199367
14:41:08,19732,1,199368
14:41:08,37204,1,199374
14:41:08,17852,7170,201783
14:41:09,20940,7170,201785
14:41:09,21924,2,199369
14:41:17,13044,1,199366
14:41:17,27488,2,199367
14:41:18,24524,6350,201743
14:41:19,36220,6048,201745
14:41:19,18996,6048,201744
14:41:38,21924,2,199369
14:41:38,37204,1,199374
14:41:39,17852,7050,201783
14:41:39,19732,2,199368
14:41:42,20940,7050,201785
14:41:55,24524,6226,201743
14:41:55,18996,5930,201744
14:41:55,36220,5930,201745
14:41:58,27488,1,199367
14:42:00,13044,1,199366
14:42:11,20940,7058,201785
14:42:11,21924,1,199369
14:42:11,37204,1,199374
14:42:12,19732,1,199368
14:42:12,17852,7058,201783
14:42:26,18996,5930,201744
14:42:26,24524,6226,201743
14:42:26,13044,2,199366
14:42:28,36220,5930,201745
14:42:28,27488,2,199367
14:42:35,37204,1,199374
14:42:35,21924,2,199369
14:42:35,19732,2,199368
14:42:36,17852,5628,201783
14:42:37,20940,5628,201785
14:43:01,13044,2,199366
14:43:02,24524,7226,201743
14:43:02,18996,6882,201744
14:43:02,36220,6882,201745
14:43:03,27488,2,199367
14:43:05,37204,2,199374
14:43:05,19732,2,199368
14:43:05,21924,2,199369
14:43:06,17852,5574,201783
14:43:06,20940,5574,201785
14:43:31,37204,1,199374
14:43:32,19732,2,199368
14:43:32,21924,2,199369
14:43:32,17852,7170,201783
14:43:32,20940,7170,201785
14:43:36,27488,1,199367
14:43:37,13044,2,199366
14:43:37,18996,6052,201744
14:43:37,24524,6354,201743
14:43:39,36220,6052,201745
14:44:00,20940,7170,201785
14:44:00,19732,1,199368
14:44:00,21924,2,199369
14:44:00,37204,2,199374
14:44:01,17852,7170,201783
14:44:06,18996,7544,201744
14:44:06,36220,7544,201745
14:44:06,24524,7921,201743
14:44:06,27488,1,199367
14:44:06,13044,2,199366
14:44:33,36220,5992,201745
14:44:33,24524,6291,201743
14:44:34,27488,1,199367
14:44:34,13044,2,199366
14:44:34,18996,5992,201744
14:44:35,20940,7170,201785
14:44:36,17852,7170,201783
14:44:36,19732,1,199368
14:44:36,21924,1,199369
14:44:37,37204,2,199374
14:45:04,36220,7486,201745
14:45:04,24524,7860,201743
14:45:04,13044,1,199366
14:45:05,27488,1,199367
14:45:07,18996,7486,201744
14:45:09,21924,1,199369
14:45:10,37204,1,199374
14:45:10,19732,1,199368
14:45:11,20940,7226,201785
14:45:12,17852,7226,201783
14:45:36,18996,7548,201744
14:45:37,24524,7925,201743
14:45:37,27488,1,199367
14:45:37,13044,1,199366
14:45:37,36220,7548,201745
14:45:41,17852,7670,201783
14:45:41,19732,1,199368
14:45:41,21924,2,199369
14:45:41,37204,1,199374
14:45:42,20940,7670,201785
14:46:05,18996,5926,201744
14:46:06,24524,6222,201743
14:46:07,36220,5926,201745
14:46:07,27488,1,199367
14:46:08,13044,1,199366
14:46:09,20940,6994,201785
14:46:09,19732,1,199368
14:46:09,21924,1,199369
14:46:10,17852,6994,201783
14:46:11,37204,2,199374
14:46:33,27488,2,199367
14:46:34,36220,6048,201745
14:46:34,13044,1,199366
14:46:36,18996,6048,201744
14:46:37,24524,6350,201743
14:46:49,37204,2,199374
14:46:50,19732,1,199368
14:46:50,17852,7226,201783
14:46:51,20940,7226,201785
14:46:52,21924,1,199369
14:47:15,37204,2,199374
14:47:15,21924,2,199369
14:47:16,18996,7548,201744
14:47:16,17852,6236,201783
14:47:16,27488,1,199367
14:47:17,24524,7925,201743
14:47:17,19732,1,199368
14:47:17,13044,2,199366
14:47:18,36220,7548,201745
14:47:19,20940,6236,201785
14:47:40,17852,5692,201783
14:47:41,20940,5692,201785
14:47:41,19732,2,199368
14:47:42,21924,1,199369
14:47:43,37204,2,199374
14:47:54,13044,2,199366
14:47:54,27488,1,199367
14:47:55,36220,7422,201745
14:47:55,24524,7793,201743
14:47:55,18996,7422,201744
14:48:11,20940,6998,201785
14:48:11,21924,2,199369
14:48:11,19732,1,199368
14:48:12,37204,1,199374
14:48:13,17852,6998,201783
14:48:33,24524,6354,201743
14:48:33,27488,1,199367
14:48:34,36220,6052,201745
14:48:35,13044,1,199366
14:48:38,18996,6052,201744
14:48:39,17852,5748,201783
14:48:39,19732,1,199368
14:48:39,21924,2,199369
14:48:39,37204,2,199374
14:48:39,20940,5748,201785
14:49:06,20940,5690,201785
14:49:06,21924,1,199369
14:49:06,37204,1,199374
14:49:07,19732,1,199368
14:49:08,17852,5690,201783
14:49:13,13044,2,199366
14:49:13,18996,7426,201744
14:49:13,36220,7426,201745
14:49:13,24524,7797,201743
14:49:14,27488,2,199367
14:49:30,19732,2,199368
14:49:30,21924,2,199369
14:49:30,37204,1,199374
14:49:30,17852,6110,201783
14:49:30,20940,6110,201785
14:49:42,36220,7486,201745
14:49:42,24524,7860,201743
14:49:43,27488,2,199367
14:49:43,13044,2,199366
14:49:44,18996,7486,201744
14:49:55,21924,1,199369
14:49:56,37204,2,199374
14:49:56,17852,6994,201783
14:49:56,20940,6994,201785
14:49:57,19732,2,199368
14:50:08,36220,5926,201745
14:50:09,24524,6222,201743
14:50:09,13044,1,199366
14:50:10,27488,1,199367
14:50:11,18996,5926,201744
14:50:30,37204,2,199374
14:50:30,21924,2,199369
14:50:30,19732,1,199368
14:50:31,20940,5632,201785
14:50:32,17852,5634,201783
14:50:35,36220,5930,201745
14:50:35,13044,2,199366
14:50:36,27488,2,199367
14:50:37,24524,6226,201743
14:50:37,18996,5930,201744
14:50:51,17852,6114,201783
14:50:52,37204,1,199374
14:50:52,20940,6114,201785
14:50:52,19732,2,199368
14:50:52,21924,1,199369
14:51:03,27488,2,199367
14:51:04,24524,7988,201743
14:51:04,13044,1,199366
14:51:04,18996,7608,201744
14:51:05,36220,7608,201745
14:51:27,19732,2,199368
14:51:27,37204,2,199374
14:51:27,17852,7054,201783
14:51:28,21924,1,199369
14:51:28,20940,7054,201785
14:51:31,36220,7426,201745
14:51:32,27488,2,199367
14:51:32,24524,7797,201743
14:51:32,13044,2,199366
14:51:34,18996,7426,201744
14:51:55,17852,5692,201783
14:51:56,19732,2,199368
14:51:56,37204,2,199374
14:51:57,20940,5692,201785
14:51:58,21924,2,199369
14:52:06,36220,5930,201745
14:52:06,24524,6226,201743
14:52:06,13044,1,199366
14:52:07,18996,5930,201744
14:52:09,27488,2,199367
14:52:24,20940,7674,201785
14:52:24,17852,7674,201783
14:52:24,21924,1,199369
14:52:24,37204,2,199374
14:52:25,19732,2,199368
14:52:33,36220,5870,201745
14:52:33,27488,2,199367
14:52:34,24524,6163,201743
14:52:34,13044,2,199366
14:52:34,18996,5870,201744
14:53:00,21924,2,199369
14:53:01,17852,6998,201783
14:53:01,19732,2,199368
14:53:02,20940,6998,201785
14:53:02,37204,1,199374
14:53:13,24524,7860,201743
14:53:13,27488,1,199367
14:53:13,36220,7486,201745
14:53:13,13044,2,199366
14:53:14,18996,7486,201744
14:53:32,17852,5632,201783
14:53:32,37204,1,199374
14:53:33,20940,5632,201785
14:53:33,21924,1,199369
14:53:34,19732,2,199368
14:53:36,24524,6415,201743
14:53:36,27488,1,199367
14:53:36,18996,6110,201744
14:53:37,36220,6110,201745
14:53:37,13044,1,199366
14:53:54,36220,7548,201745
14:53:55,18996,7548,201744
14:53:55,24524,7925,201743
14:53:55,27488,2,199367
14:53:56,13044,1,199366
14:54:03,37204,1,199374
14:54:03,21924,2,199369
14:54:04,20940,5690,201785
14:54:04,19732,2,199368
14:54:05,17852,5690,201783
14:54:21,18996,7608,201744
14:54:22,24524,7988,201743
14:54:22,13044,2,199366
14:54:23,36220,7608,201745
14:54:25,27488,1,199367
14:54:31,21924,1,199369
14:54:32,20940,5574,201785
14:54:32,17852,5574,201783
14:54:33,19732,1,199368
14:54:33,37204,1,199374
14:54:59,21924,2,199369
14:54:59,19732,1,199368
14:55:00,37204,1,199374
14:55:02,17852,7112,201783
14:55:02,20940,7112,201785
14:55:04,18996,7368,201744
14:55:05,36220,7368,201745
14:55:06,27488,1,199367
14:55:07,24524,7736,201743
14:55:07,13044,1,199366
14:55:31,20940,7112,201785
14:55:32,37204,2,199374
14:55:32,21924,1,199369
14:55:33,17852,7112,201783
14:55:35,19732,2,199368
14:55:38,36220,5926,201745
14:55:38,13044,2,199366
14:55:38,24524,6222,201743
14:55:38,27488,1,199367
14:55:39,18996,5926,201744
14:56:01,17852,5632,201783
14:56:01,20940,5632,201785
14:56:01,19732,1,199368
14:56:01,37204,2,199374
14:56:03,21924,2,199369
14:56:05,36220,5990,201745
14:56:06,13044,1,199366
14:56:06,27488,2,199367
14:56:06,24524,6289,201743
14:56:08,18996,5990,201744
14:56:31,21924,2,199369
14:56:32,37204,2,199374
14:56:32,19732,2,199368
14:56:33,17852,7112,201783
14:56:33,20940,7110,201785
14:56:46,24524,7990,201743
14:56:47,36220,7610,201745
14:56:47,27488,2,199367
14:56:47,18996,7610,201744
14:56:48,13044,2,199366
14:57:03,17852,6114,201783
14:57:03,37204,1,199374
14:57:04,20940,6114,201785
14:57:04,21924,2,199369
14:57:04,19732,2,199368
14:57:24,36220,7610,201745
14:57:25,13044,1,199366
14:57:25,24524,7990,201743
14:57:25,27488,1,199367
14:57:25,18996,7610,201744
14:57:38,19732,2,199368
14:57:38,21924,2,199369
14:57:38,37204,2,199374
14:57:38,17852,5748,201783
14:57:38,20940,5750,201785
14:57:52,18996,5930,201744
14:57:53,36220,5930,201745
14:57:53,27488,2,199367
14:57:53,24524,6226,201743
14:57:53,13044,2,199366
14:58:07,17852,5628,201783
14:58:07,21924,1,199369
14:58:08,37204,1,199374
14:58:08,20940,5628,201785
14:58:10,19732,2,199368
14:58:29,13044,1,199366
14:58:29,27488,2,199367
14:58:29,24524,7797,201743
14:58:30,36220,7426,201745
14:58:30,18996,7426,201744
14:58:42,20940,6572,201785
14:58:43,17852,6572,201783
14:58:43,21924,1,199369
14:58:43,19732,2,199368
14:58:43,37204,2,199374
14:59:03,24524,8053,201743
14:59:04,27488,1,199367
14:59:04,13044,2,199366
14:59:05,36220,7670,201745
14:59:05,18996,7670,201744
14:59:23,17852,6520,201783
14:59:23,21924,2,199369
14:59:23,19732,2,199368
14:59:24,37204,2,199374
14:59:24,20940,6520,201785
14:59:37,36220,7488,201745
14:59:37,13044,2,199366
14:59:37,18996,7488,201744
14:59:38,24524,7862,201743
14:59:40,27488,1,199367
14:59:55,13044,2,199366
14:59:55,18996,6114,201744
14:59:56,24524,6419,201743
14:59:56,36220,6114,201745
14:59:57,27488,1,199367
15:00:01,19732,1,199368
15:00:01,37204,2,199374
15:00:01,17852,7110,201783
15:00:01,21924,1,199369
15:00:02,20940,7110,201785
15:00:20,24524,6291,201743
15:00:21,18996,5992,201744
15:00:21,36220,5992,201745
15:00:22,13044,2,199366
15:00:26,27488,1,199367
15:00:34,17852,5632,201783
15:00:34,20940,5632,201785
15:00:34,19732,1,199368
15:00:35,21924,1,199369
15:00:35,37204,1,199374
15:00:45,24524,7797,201743
15:00:46,36220,7426,201745
15:00:46,27488,2,199367
15:00:46,18996,7426,201744
15:00:48,13044,1,199366
15:01:04,20940,7054,201785
15:01:04,19732,1,199368
15:01:04,17852,7054,201783
15:01:04,21924,1,199369
15:01:05,37204,2,199374
15:01:07,36220,6114,201745
15:01:07,27488,2,199367
15:01:07,18996,6114,201744
15:01:08,24524,6419,201743
15:01:08,13044,2,199366
15:01:31,18996,6052,201744
15:01:32,24524,6354,201743
15:01:33,27488,1,199367
15:01:33,13044,1,199366
15:01:33,36220,6052,201745
15:01:38,37204,1,199374
15:01:38,17852,5690,201783
15:01:38,21924,1,199369
15:01:39,20940,5690,201785
15:01:39,19732,1,199368
15:02:08,13044,2,199366
15:02:08,18996,5868,201744
15:02:08,20940,7170,201785
15:02:08,21924,1,199369
15:02:08,24524,6161,201743
15:02:08,19732,2,199368
15:02:09,37204,1,199374
15:02:09,17852,7170,201783
15:02:09,27488,2,199367
15:02:10,36220,5574,201745
15:02:33,27488,1,199367
15:02:34,13044,1,199366
15:02:34,18996,5992,201744
15:02:34,36220,5992,201745
15:02:34,24524,6291,201743
15:02:37,19732,2,199368
15:02:37,17852,7170,201783
15:02:37,21924,2,199369
15:02:37,20940,7170,201785
15:02:39,37204,1,199374
15:02:59,27488,2,199367
15:02:59,24524,8118,201743
15:02:59,13044,1,199366
15:03:00,18996,7732,201744
15:03:01,36220,7732,201745
15:03:14,17852,7054,201783
15:03:15,20940,7054,201785
15:03:15,21924,1,199369
15:03:15,19732,2,199368
15:03:16,37204,1,199374
15:03:42,27488,1,199367
15:03:43,36220,6048,201745
15:03:43,24524,6350,201743
15:03:43,18996,6048,201744
15:03:45,13044,1,199366
15:03:51,37204,2,199374
15:03:52,19732,2,199368
15:03:52,20940,5130,201785
15:03:53,21924,1,199369
15:03:53,17852,-24258,201783
15:04:17,24524,7925,201743
15:04:17,36220,7548,201745
15:04:18,13044,2,199366
15:04:19,27488,1,199367
15:04:19,18996,7548,201744
15:04:19,20940,3900,201785
15:04:19,21924,2,199369
15:04:19,19732,2,199368
15:04:20,37204,2,199374
15:04:39,24524,6222,201743
15:04:40,27488,1,199367
15:04:40,36220,5926,201745
15:04:41,18996,5926,201744
15:04:43,13044,1,199366
15:04:52,19732,1,199368
15:04:52,37204,1,199374
15:04:52,20940,5582,201785
15:04:52,21924,1,199369
15:05:08,13044,1,199366
15:05:08,27488,1,199367
15:05:09,18996,6048,201744
15:05:09,24524,6350,201743
15:05:10,36220,6048,201745
15:05:19,21924,2,199369
15:05:19,37204,2,199374
15:05:20,20940,5644,201785
15:05:20,19732,2,199368
15:05:44,37204,1,199374
15:05:45,20940,5582,201785
15:05:46,21924,1,199369
15:05:46,19732,2,199368
15:05:49,13044,1,199366
15:05:49,18996,7488,201744
15:05:50,36220,7488,201745
15:05:50,27488,1,199367
15:05:51,24524,7862,201743
15:06:13,21924,2,199369
15:06:13,37204,1,199374
15:06:14,19732,2,199368
15:06:17,20940,4176,201785
15:06:19,36220,7488,201745
15:06:20,24524,7862,201743
15:06:20,13044,1,199366
15:06:20,18996,7488,201744
15:06:21,27488,1,199367
15:06:41,24524,7736,201743
15:06:42,18996,7368,201744
15:06:44,13044,1,199366
15:06:45,36220,7368,201745
15:06:45,19732,1,199368
15:06:45,27488,1,199367
15:06:45,37204,1,199374
15:06:45,20940,4230,201785
15:06:45,21924,1,199369
15:07:03,36220,5926,201745
15:07:03,27488,2,199367
15:07:04,13044,1,199366
15:07:04,18996,5926,201744
15:07:05,24524,6222,201743
15:07:19,19732,1,199368
15:07:20,20940,5582,201785
15:07:22,21924,1,199369
15:07:22,37204,1,199374
15:07:32,24524,7862,201743
15:07:32,27488,1,199367
15:07:32,18996,7488,201744
15:07:34,13044,1,199366
15:07:35,36220,7488,201745
15:07:47,20940,5586,201785
15:07:47,37204,1,199374
15:07:48,21924,2,199369
15:07:48,19732,1,199368
15:07:59,13044,1,199366
15:08:00,36220,5578,201745
15:08:00,27488,2,199367
15:08:01,24524,6163,201743
15:08:01,18996,5870,201744
15:08:15,19732,1,199368
15:08:15,37204,1,199374
15:08:16,21924,1,199369
15:08:16,20940,4230,201785
15:08:27,27488,1,199367
15:08:27,18996,7368,201744
15:08:28,13044,2,199366
15:08:29,36220,7368,201745
15:08:29,24524,7736,201743
15:08:42,37204,1,199374
15:08:43,20940,4230,201785
15:08:43,21924,2,199369
15:08:43,19732,2,199368
15:09:06,36220,5870,201745
15:09:06,18996,5870,201744
15:09:07,24524,6163,201743
15:09:08,13044,2,199366
15:09:08,27488,1,199367
15:09:14,20940,4176,201785
15:09:14,21924,2,199369
15:09:14,19732,2,199368
15:09:14,37204,2,199374
15:09:26,27488,2,199367
15:09:28,36220,7608,201745
15:09:28,24524,7988,201743
15:09:28,13044,2,199366
15:09:29,18996,7608,201744
15:09:38,37204,2,199374
15:09:38,21924,2,199369
15:09:38,19732,2,199368
15:09:40,20940,4230,201785
15:09:58,36220,7486,201745
15:09:59,24524,7860,201743
15:09:59,13044,2,199366
15:09:59,27488,1,199367
15:10:00,18996,7486,201744
15:10:09,37204,2,199374
15:10:10,21924,2,199369
15:10:11,20940,5640,201785
15:10:11,19732,2,199368
15:10:23,36220,5992,201745
15:10:23,13044,2,199366
15:10:23,27488,1,199367
15:10:24,24524,6291,201743
15:10:24,18996,5992,201744
15:10:39,20940,5644,201785
15:10:40,21924,1,199369
15:10:40,19732,1,199368
15:10:40,37204,2,199374
15:10:55,24524,7860,201743
15:10:55,27488,1,199367
15:10:56,36220,7486,201745
15:10:57,13044,2,199366
15:10:58,18996,7486,201744
15:11:06,19732,2,199368
15:11:07,21924,1,199369
15:11:07,37204,2,199374
15:11:08,20940,4230,201785
15:11:29,21924,2,199369
15:11:29,37204,1,199374
15:11:30,24524,7284,201743
15:11:30,13044,2,199366
15:11:30,27488,1,199367
15:11:31,36220,6940,201745
15:11:31,20940,4290,201785
15:11:32,19732,2,199368
15:11:32,18996,6938,201744
15:11:50,13044,1,199366
15:11:50,18996,6052,201744
15:11:51,36220,6052,201745
15:11:51,24524,6354,201743
15:11:51,27488,1,199367
15:11:54,19732,1,199368
15:11:55,20940,4574,201785
15:11:55,37204,1,199374
15:11:56,21924,1,199369
15:12:23,21924,2,199369
15:12:24,20940,5586,201785
15:12:24,19732,1,199368
15:12:25,37204,2,199374
15:12:25,36220,6940,201745
15:12:26,18996,6938,201744
15:12:27,27488,1,199367
15:12:27,24524,7284,201743
15:12:27,13044,1,199366
15:12:47,21924,2,199369
15:12:48,37204,2,199374
15:12:48,20940,5640,201785
15:12:48,19732,1,199368
15:12:54,36220,7610,201745
15:12:55,24524,7990,201743
15:12:55,13044,2,199366
15:12:55,18996,7610,201744
15:12:55,27488,2,199367
15:13:13,20940,5182,201785
15:13:14,37204,1,199374
15:13:14,21924,2,199369
15:13:15,19732,1,199368
15:13:21,18996,5990,201744
15:13:21,36220,5990,201745
15:13:21,24524,6289,201743
15:13:21,13044,2,199366
15:13:21,27488,2,199367
15:13:37,20940,5644,201785
15:13:37,21924,1,199369
15:13:37,37204,2,199374
15:13:38,19732,2,199368
15:13:40,24524,6350,201743
15:13:40,13044,2,199366
15:13:41,36220,6048,201745
15:13:42,27488,2,199367
15:13:42,18996,6048,201744
15:14:07,21924,2,199369
15:14:07,19732,1,199368
15:14:07,37204,1,199374
15:14:10,20940,4230,201785
15:14:11,36220,7548,201745
15:14:12,18996,7548,201744
15:14:12,13044,1,199366
15:14:12,27488,1,199367
15:14:13,24524,7925,201743
15:14:37,21924,1,199369
15:14:38,20940,3846,201785
15:14:38,19732,1,199368
15:14:38,37204,1,199374
15:14:40,27488,2,199367
15:14:40,36220,7488,201745
15:14:41,24524,7862,201743
15:14:41,13044,1,199366
15:14:42,18996,7488,201744
15:15:05,20940,5524,201785
15:15:05,21924,1,199369
15:15:06,19732,2,199368
15:15:07,37204,1,199374
15:15:10,27488,1,199367
15:15:10,24524,6291,201743
15:15:11,36220,5992,201745
15:15:11,13044,1,199366
15:15:11,18996,5992,201744
15:15:36,36220,7430,201745
15:15:36,24524,7801,201743
15:15:36,18996,7430,201744
15:15:37,13044,1,199366
15:15:37,27488,1,199367
15:15:39,21924,2,199369
15:15:40,20940,4230,201785
15:15:40,19732,2,199368
15:15:41,37204,1,199374
15:16:09,21924,2,199369
15:16:10,20940,3900,201785
15:16:10,19732,2,199368
15:16:10,37204,1,199374
15:16:19,36220,7610,201745
15:16:19,24524,7990,201743
15:16:19,13044,1,199366
15:16:21,18996,7610,201744
15:16:22,27488,2,199367
15:16:36,21924,2,199369
15:16:36,19732,1,199368
15:16:36,37204,1,199374
15:16:37,20940,4290,201785
15:16:53,19732,1,199368
15:16:54,21924,1,199369
15:16:54,37204,2,199374
15:16:55,20940,4286,201785
15:17:03,36220,7548,201745
15:17:04,13044,1,199366
15:17:04,27488,2,199367
15:17:05,18996,7548,201744
15:17:06,24524,7925,201743
15:17:20,20940,4574,201785
15:17:20,21924,1,199369
15:17:20,19732,1,199368
15:17:21,37204,2,199374
15:17:30,36220,5744,201745
15:17:31,13044,1,199366
15:17:31,27488,2,199367
15:17:32,24524,6350,201743
15:17:32,18996,6048,201744
15:17:47,20940,6062,201785
15:17:48,21924,1,199369
15:17:48,37204,2,199374
15:17:49,19732,2,199368
15:17:52,24524,6285,201743
15:17:53,13044,2,199366
15:17:53,18996,5986,201744
15:17:54,36220,5686,201745
15:17:54,27488,2,199367
15:18:16,37204,1,199374
15:18:16,20940,5524,201785
15:18:17,21924,1,199369
15:18:17,19732,2,199368
15:18:19,24524,7801,201743
15:18:20,13044,1,199366
15:18:20,27488,2,199367
15:18:20,36220,7058,201745
15:18:20,18996,7430,201744
15:18:42,19732,1,199368
15:18:43,20940,5582,201785
15:18:43,21924,1,199369
15:18:43,37204,1,199374
15:18:57,36220,7170,201745
15:18:57,24524,7925,201743
15:18:57,18996,7548,201744
15:18:57,27488,1,199367
15:19:00,13044,1,199366
15:19:08,37204,1,199374
15:19:09,20940,4172,201785
15:19:10,21924,2,199369
15:19:10,19732,2,199368
15:19:31,36220,7674,201745
15:19:32,18996,7674,201744
15:19:32,24524,8057,201743
15:19:32,13044,2,199366
15:19:33,27488,2,199367
15:19:42,21924,1,199369
15:19:43,20940,5238,201785
15:19:43,19732,1,199368
15:19:44,37204,1,199374
15:20:08,21924,2,199369
15:20:09,37204,1,199374
15:20:09,19732,2,199368
15:20:11,20940,5700,201785
15:20:15,36220,5748,201745
15:20:15,13044,1,199366
15:20:15,27488,2,199367
15:20:16,24524,6354,201743
15:20:16,18996,6052,201744
15:20:41,20940,4228,201785
15:20:41,19732,1,199368
15:20:41,37204,1,199374
15:20:42,21924,2,199369
15:20:46,36220,5690,201745
15:20:46,24524,6289,201743
15:20:47,13044,2,199366
15:20:47,27488,1,199367
15:20:47,18996,5990,201744
15:21:16,21924,1,199369
15:21:16,37204,1,199374
15:21:16,19732,1,199368
15:21:17,20940,5586,201785
15:21:20,27488,2,199367
15:21:20,36220,7110,201745
15:21:20,24524,7860,201743
15:21:22,18996,7486,201744
15:21:25,13044,1,199366
15:21:47,21924,2,199369
15:21:48,20940,4230,201785
15:21:48,19732,1,199368
15:21:49,37204,2,199374
15:22:03,18996,5990,201744
15:22:03,13044,1,199366
15:22:03,27488,2,199367
15:22:04,36220,5690,201745
15:22:05,24524,6289,201743
15:22:21,37204,2,199374
15:22:22,20940,5640,201785
15:22:22,21924,1,199369
15:22:23,19732,2,199368
15:22:36,13044,2,199366
15:22:36,27488,1,199367
15:22:36,36220,5632,201745
15:22:37,18996,5930,201744
15:22:37,24524,5913,201743
15:22:52,20940,4638,201785
15:22:52,21924,2,199369
15:22:54,37204,2,199374
15:22:54,19732,1,199368
15:23:21,36220,6998,201745
15:23:21,13044,2,199366
15:23:22,24524,7347,201743
15:23:22,18996,7368,201744
15:23:22,27488,2,199367
15:23:27,19732,2,199368
15:23:27,37204,2,199374
15:23:27,21924,2,199369
15:23:29,20940,3900,201785
15:23:55,13044,1,199366
15:23:55,27488,1,199367
15:23:56,36220,7110,201745
15:23:56,24524,7465,201743
15:23:57,18996,7486,201744
15:23:59,37204,1,199374
15:24:00,21924,2,199369
15:24:00,19732,2,199368
15:24:00,20940,4176,201785
15:24:23,20940,4286,201785
15:24:23,19732,2,199368
15:24:23,37204,1,199374
15:24:24,21924,2,199369
15:24:25,18996,7488,201744
15:24:25,24524,7467,201743
15:24:25,36220,7112,201745
15:24:26,13044,2,199366
15:24:26,27488,1,199367
15:24:50,20940,4176,201785
15:24:50,19732,2,199368
15:24:51,21924,1,199369
15:24:52,37204,2,199374
15:24:54,24524,7528,201743
15:24:54,18996,7548,201744
15:24:55,36220,7170,201745
15:24:55,13044,2,199366
15:24:55,27488,1,199367
15:25:17,20940,5640,201785
15:25:17,21924,1,199369
15:25:18,37204,2,199374
15:25:18,19732,1,199368
15:25:22,13044,1,199366
15:25:22,27488,1,199367
15:25:22,18996,5990,201744
15:25:23,24524,5974,201743
15:25:24,36220,5690,201745
15:25:46,19732,1,199368
15:25:46,37204,1,199374
15:25:47,21924,1,199369
15:25:49,20940,5636,201785
15:25:53,24524,6846,201743
15:25:54,13044,2,199366
15:25:55,27488,2,199367
15:25:58,36220,6520,201745
15:25:58,18996,6882,201744
15:26:13,20940,4176,201785
15:26:14,19732,2,199368
15:26:14,21924,2,199369
15:26:15,37204,1,199374
15:26:27,13044,1,199366
15:26:27,36220,6520,201745
15:26:28,18996,6882,201744
15:26:29,24524,6846,201743
15:26:29,27488,2,199367
15:26:38,21924,1,199369
15:26:38,37204,2,199374
15:26:39,19732,1,199368
15:26:39,20940,5640,201785
15:26:49,36220,6114,201745
15:26:49,24524,6419,201743
15:26:49,18996,6114,201744
15:26:50,13044,2,199366
15:26:53,27488,2,199367
15:27:03,21924,1,199369
15:27:03,37204,1,199374
15:27:04,20940,5586,201785
15:27:04,19732,1,199368
15:27:21,24524,7461,201743
15:27:21,13044,2,199366
15:27:21,18996,7482,201744
15:27:22,36220,7106,201745
15:27:23,27488,1,199367
15:27:30,19732,2,199368
15:27:30,37204,1,199374
15:27:30,20940,4172,201785
15:27:30,21924,1,199369
15:27:52,18996,5868,201744
15:27:52,13044,2,199366
15:27:52,36220,5574,201745
15:27:52,24524,5852,201743
15:27:53,27488,1,199367
15:28:00,37204,1,199374
15:28:00,20940,4230,201785
15:28:02,21924,1,199369
15:28:02,19732,2,199368
15:28:25,37204,1,199374
15:28:25,20940,5582,201785
15:28:26,19732,1,199368
15:28:27,36220,5686,201745
15:28:27,24524,5970,201743
15:28:28,27488,2,199367
15:28:29,21924,2,199369
15:28:29,13044,2,199366
15:28:30,18996,5986,201744
15:28:46,20940,4574,201785
15:28:47,37204,2,199374
15:28:47,21924,2,199369
15:28:47,19732,2,199368
15:29:00,24524,6035,201743
15:29:01,36220,5748,201745
15:29:01,27488,2,199367
15:29:05,18996,6052,201744
15:29:05,13044,2,199366
15:29:14,37204,2,199374
15:29:14,20940,4226,201785
15:29:15,19732,1,199368
15:29:16,21924,1,199369
15:29:23,13044,1,199366
15:29:24,36220,7670,201745
15:29:24,18996,7670,201744
15:29:24,24524,8053,201743
15:29:25,27488,1,199367
15:29:43,20940,5586,201785
15:29:43,21924,1,199369
15:29:43,19732,2,199368
15:29:43,37204,2,199374
15:29:50,27488,2,199367
15:29:51,24524,5976,201743
15:29:51,18996,5992,201744
15:29:52,13044,1,199366
15:29:53,36220,5692,201745
15:30:06,37204,2,199374
15:30:07,20940,4230,201785
15:30:07,21924,1,199369
15:30:07,19732,1,199368
15:30:19,18996,5870,201744
15:30:19,27488,2,199367
15:30:19,24524,5854,201743
15:30:19,13044,2,199366
15:30:22,36220,5576,201745
15:30:37,20940,4574,201785
15:30:38,37204,2,199374
15:30:38,21924,1,199369
15:30:38,19732,1,199368
15:30:59,36220,7170,201745
15:30:59,24524,7528,201743
15:30:59,27488,2,199367
15:31:00,13044,1,199366
15:31:00,18996,7548,201744
15:31:05,19732,1,199368
15:31:05,37204,2,199374
15:31:05,21924,2,199369
15:31:06,20940,4230,201785
15:31:26,36220,6994,201745
15:31:27,18996,7364,201744
15:31:27,13044,2,199366
15:31:28,24524,7345,201743
15:31:28,27488,1,199367
15:31:30,21924,2,199369
15:31:31,19732,2,199368
15:31:31,37204,2,199374
15:31:33,20940,5524,201785
15:31:55,24524,5909,201743
15:31:55,36220,5628,201745
15:31:55,27488,2,199367
15:31:56,13044,1,199366
15:31:59,21924,1,199369
15:32:00,19732,2,199368
15:32:00,18996,5926,201744
15:32:00,37204,2,199374
15:32:00,20940,4286,201785
15:32:26,27488,2,199367
15:32:27,13044,1,199366
15:32:28,36220,5744,201745
15:32:28,24524,6031,201743
15:32:29,18996,6048,201744
15:32:30,19732,2,199368
15:32:31,20940,5130,201785
15:32:31,21924,2,199369
15:32:31,37204,2,199374
15:32:55,13044,2,199366
15:32:56,36220,6114,201745
15:32:56,18996,6114,201744
15:32:57,24524,6419,201743
15:32:58,27488,2,199367
15:33:05,20940,5182,201785
15:33:05,37204,2,199374
15:33:06,19732,1,199368
15:33:07,21924,2,199369
15:33:28,24524,5909,201743
15:33:29,13044,1,199366
15:33:29,27488,2,199367
15:33:29,18996,5926,201744
15:33:29,36220,5628,201745
15:33:36,21924,1,199369
15:33:37,19732,2,199368
15:33:38,37204,2,199374
15:33:38,20940,6058,201785
15:33:59,20940,4230,201785
15:33:59,21924,2,199369
15:33:59,37204,1,199374
15:34:00,19732,2,199368
15:34:07,24524,5852,201743
15:34:08,36220,5574,201745
15:34:08,13044,2,199366
15:34:10,27488,1,199367
15:34:11,18996,5868,201744
15:34:26,19732,2,199368
15:34:26,20940,5586,201785
15:34:27,21924,2,199369
15:34:27,37204,1,199374
15:34:46,24524,6035,201743
15:34:47,36220,5748,201745
15:34:48,18996,6052,201744
15:34:48,27488,2,199367
15:34:49,13044,2,199366
15:34:57,20940,4232,201785
15:34:57,19732,1,199368
15:34:59,37204,1,199374
15:35:01,21924,2,199369
15:35:18,13044,2,199366
15:35:18,36220,6110,201745
15:35:18,24524,6415,201743
15:35:18,27488,1,199367
15:35:19,18996,6110,201744
15:35:28,20940,5582,201785
15:35:28,19732,1,199368
15:35:28,37204,1,199374
15:35:29,21924,1,199369
15:35:45,24524,6415,201743
15:35:46,36220,6110,201745
15:35:46,13044,2,199366
15:35:46,18996,6110,201744
15:35:52,27488,2,199367
15:36:06,20940,5700,201785
15:36:06,37204,2,199374
15:36:07,19732,2,199368
15:36:07,21924,1,199369
15:36:13,24524,5911,201743
15:36:13,18996,5926,201744
15:36:13,27488,2,199367
15:36:14,36220,5628,201745
15:36:14,13044,1,199366
15:36:33,21924,2,199369
15:36:33,37204,2,199374
15:36:33,20940,5182,201785
15:36:33,19732,2,199368
15:36:45,13044,1,199366
15:36:46,18996,7426,201744
15:36:46,27488,1,199367
15:36:46,36220,7054,201745
15:36:46,24524,7406,201743
15:36:59,21924,2,199369
15:36:59,19732,2,199368
15:37:00,37204,1,199374
15:37:00,20940,6058,201785
15:37:21,36220,7110,201745
15:37:22,24524,7465,201743
15:37:22,19732,1,199368
15:37:23,13044,2,199366
15:37:23,18996,7486,201744
15:37:23,27488,2,199367
15:37:23,37204,1,199374
15:37:23,20940,5700,201785
15:37:23,21924,1,199369
15:37:50,37204,2,199374
15:37:50,19732,2,199368
15:37:51,20940,4230,201785
15:37:51,21924,2,199369
15:38:01,36220,7670,201745
15:38:01,24524,8053,201743
15:38:02,13044,2,199366
15:38:02,27488,2,199367
15:38:02,18996,7670,201744
15:38:16,21924,1,199369
15:38:17,20940,5524,201785
15:38:17,37204,2,199374
15:38:18,19732,1,199368
15:38:30,13044,1,199366
15:38:31,27488,1,199367
15:38:32,18996,5990,201744
15:38:33,36220,5690,201745
15:38:34,24524,5974,201743
15:38:43,21924,1,199369
15:38:43,19732,2,199368
15:38:44,20940,4286,201785
15:38:45,37204,2,199374
15:38:54,27488,2,199367
15:38:55,36220,5576,201745
15:38:55,24524,5854,201743
15:38:55,18996,5870,201744
15:38:57,13044,1,199366
15:39:07,19732,1,199368
15:39:07,37204,1,199374
15:39:07,20940,5582,201785
15:39:08,21924,2,199369
15:39:26,13044,1,199366
15:39:27,24524,6900,201743
15:39:28,36220,6572,201745
15:39:28,18996,6938,201744
15:39:28,27488,1,199367
15:39:33,37204,2,199374
15:39:34,19732,1,199368
15:39:34,21924,2,199369
15:39:36,20940,5640,201785
15:40:03,21924,2,199369
15:40:04,19732,1,199368
15:40:04,37204,2,199374
15:40:04,20940,3900,201785
15:40:04,36220,7170,201745
15:40:06,24524,7528,201743
15:40:06,13044,2,199366
15:40:09,27488,1,199367
15:40:13,18996,7548,201744
15:40:35,37204,2,199374
15:40:36,19732,2,199368
15:40:36,20940,5524,201785
15:40:37,21924,2,199369
15:40:41,24524,6031,201743
15:40:41,18996,6048,201744
15:40:41,36220,5744,201745
15:40:42,13044,1,199366
15:40:43,27488,2,199367
15:41:04,19732,2,199368
15:41:04,37204,2,199374
15:41:05,21924,2,199369
15:41:05,20940,4176,201785
15:41:22,36220,7230,201745
15:41:23,24524,7589,201743
15:41:23,18996,7610,201744
15:41:25,27488,1,199367
15:41:25,13044,1,199366
15:41:34,37204,2,199374
15:41:35,21924,2,199369
15:41:35,20940,4230,201785
15:41:36,19732,2,199368
15:41:57,27488,1,199367
15:41:57,13044,2,199366
15:41:57,36220,7112,201745
15:41:57,24524,7467,201743
15:41:59,18996,7488,201744
15:42:00,19732,2,199368
15:42:00,20940,5700,201785
15:42:01,37204,2,199374
15:42:01,21924,2,199369
15:42:22,37204,2,199374
15:42:22,20940,4226,201785
15:42:22,21924,2,199369
15:42:23,19732,1,199368
15:42:26,24524,7528,201743
15:42:27,18996,7170,201744
15:42:27,36220,7170,201745
15:42:27,27488,1,199367
15:42:27,13044,2,199366
15:42:48,36220,5634,201745
15:42:48,24524,5913,201743
15:42:48,13044,2,199366
15:42:49,27488,2,199367
15:42:53,18996,5632,201744
15:42:53,37204,1,199374
15:42:53,21924,2,199369
15:42:53,19732,1,199368
15:42:54,20940,5700,201785
15:43:23,36220,7174,201745
15:43:23,27488,1,199367
15:43:23,18996,7174,201744
15:43:24,24524,7532,201743
15:43:25,13044,2,199366
15:43:28,20940,5640,201785
15:43:29,21924,2,199369
15:43:29,19732,1,199368
15:43:31,37204,1,199374
15:43:46,36220,7110,201745
15:43:46,24524,7465,201743
15:43:47,18996,7110,201744
15:43:47,13044,2,199366
15:43:48,27488,2,199367
15:44:00,20940,5524,201785
15:44:00,19732,2,199368
15:44:01,21924,2,199369
15:44:01,37204,2,199374
15:44:08,36220,6110,201745
15:44:08,13044,1,199366
15:44:09,24524,6415,201743
15:44:10,27488,2,199367
15:44:12,18996,6110,201744
15:44:31,19732,1,199368
15:44:32,21924,2,199369
15:44:32,37204,2,199374
15:44:32,20940,4290,201785
15:44:36,18996,5632,201744
15:44:36,13044,1,199366
15:44:37,36220,5632,201745
15:44:37,24524,5913,201743
15:44:38,27488,1,199367
15:45:03,21924,1,199369
15:45:04,19732,2,199368
15:45:04,37204,2,199374
15:45:05,20940,5524,201785
15:45:15,36220,7170,201745
15:45:15,18996,7170,201744
15:45:15,13044,2,199366
15:45:15,27488,2,199367
15:45:15,24524,7528,201743
15:45:33,21924,2,199369
15:45:34,19732,2,199368
15:45:34,37204,1,199374
15:45:35,20940,4230,201785
15:45:44,36220,7170,201745
15:45:44,27488,2,199367
15:45:44,13044,2,199366
15:45:44,24524,7528,201743
15:45:46,18996,7170,201744
15:46:03,19732,1,199368
15:46:03,37204,2,199374
15:46:05,21924,1,199369
15:46:05,20940,4008,201785
15:46:06,27488,2,199367
15:46:07,36220,7226,201745
15:46:07,24524,7587,201743
15:46:08,18996,7226,201744
15:46:08,13044,2,199366
15:46:28,37204,1,199374
15:46:28,20940,4008,201785
15:46:28,21924,2,199369
15:46:28,19732,2,199368
15:46:40,24524,7465,201743
15:46:40,27488,1,199367
15:46:40,13044,2,199366
15:46:41,18996,7110,201744
15:46:42,36220,7110,201745
15:46:53,19732,1,199368
15:46:54,21924,2,199369
15:46:54,20940,4008,201785
15:46:55,37204,1,199374
15:47:10,18996,7170,201744
15:47:10,27488,2,199367
15:47:11,24524,7528,201743
15:47:11,13044,1,199366
15:47:12,36220,7170,201745
15:47:21,21924,1,199369
15:47:21,19732,1,199368
15:47:23,37204,1,199374
15:47:23,20940,3952,201785
15:47:40,24524,5974,201743
15:47:40,27488,1,199367
15:47:41,36220,5690,201745
15:47:41,13044,1,199366
15:47:43,18996,5690,201744
15:47:46,21924,2,199369
15:47:46,19732,1,199368
15:47:46,37204,1,199374
15:47:46,20940,4060,201785
15:48:14,24524,5852,201743
15:48:15,36220,5574,201745
15:48:15,18996,5574,201744
15:48:15,27488,2,199367
15:48:15,21924,2,199369
15:48:16,19732,1,199368
15:48:16,20940,3466,201785
15:48:17,13044,1,199366
15:48:19,37204,1,199374
15:48:41,37204,2,199374
15:48:41,20940,5238,201785
15:48:41,21924,1,199369
15:48:42,19732,1,199368
15:48:43,36220,5748,201745
15:48:43,18996,5748,201744
15:48:44,24524,6035,201743
15:48:44,13044,2,199366
15:48:44,27488,2,199367
15:49:07,19732,1,199368
15:49:08,37204,1,199374
15:49:08,21924,1,199369
15:49:08,20940,3956,201785
15:49:22,24524,6033,201743
15:49:22,18996,5744,201744
15:49:23,36220,5744,201745
15:49:23,13044,1,199366
15:49:26,27488,2,199367
15:49:32,21924,1,199369
15:49:33,20940,5400,201785
15:49:33,19732,1,199368
15:49:33,37204,2,199374
15:49:44,36220,7050,201745
15:49:45,27488,2,199367
15:49:45,18996,7050,201744
15:49:45,13044,1,199366
15:49:46,24524,7402,201743
15:50:01,20940,4008,201785
15:50:01,21924,2,199369
15:50:02,19732,2,199368
15:50:02,37204,1,199374
15:50:13,36220,5632,201745
15:50:14,24524,5915,201743
15:50:14,27488,2,199367
15:50:14,13044,1,199366
15:50:15,18996,5632,201744
15:50:27,37204,1,199374
15:50:27,21924,2,199369
15:50:28,19732,1,199368
15:50:28,20940,5238,201785
15:50:48,27488,2,199367
15:50:49,36220,7050,201745
15:50:49,18996,7050,201744
15:50:50,24524,7402,201743
15:50:50,13044,2,199366
15:51:02,37204,2,199374
15:51:02,21924,2,199369
15:51:02,19732,2,199368
15:51:02,20940,5758,201785
15:51:26,24524,5487,201743
15:51:26,18996,5226,201744
15:51:26,27488,2,199367
15:51:26,13044,1,199366
15:51:27,36220,5226,201745
15:51:28,20940,5396,201785
15:51:29,21924,1,199369
15:51:29,19732,2,199368
15:51:29,37204,1,199374
15:51:56,36220,7054,201745
15:51:57,27488,1,199367
15:51:58,24524,7408,201743
15:51:59,18996,7054,201744
15:51:59,13044,2,199366
15:52:00,20940,3418,201785
15:52:00,21924,1,199369
15:52:00,19732,2,199368
15:52:01,37204,1,199374
15:52:26,36220,6114,201745
15:52:26,13044,2,199366
15:52:26,27488,1,199367
15:52:26,37204,2,199374
15:52:27,24524,6419,201743
15:52:27,19732,2,199368
15:52:27,20940,5288,201785
15:52:27,21924,1,199369
15:52:28,18996,6114,201744
15:52:55,36220,5632,201745
15:52:55,13044,1,199366
15:52:55,18996,5632,201744
15:52:56,24524,5913,201743
15:52:57,27488,1,199367
15:53:01,21924,2,199369
15:53:01,37204,1,199374
15:53:02,19732,2,199368
15:53:02,20940,5344,201785
15:53:21,13044,2,199366
15:53:21,27488,2,199367
15:53:22,36220,5690,201745
15:53:22,24524,5974,201743
15:53:22,18996,5690,201744
15:53:25,37204,1,199374
15:53:27,19732,1,199368
15:53:27,21924,2,199369
15:53:28,20940,5400,201785
15:53:49,18996,7110,201744
15:53:49,27488,1,199367
15:53:49,13044,2,199366
15:53:50,37204,2,199374
15:53:50,21924,2,199369
15:53:50,36220,7110,201745
15:53:50,24524,7465,201743
15:53:50,20940,4008,201785
15:53:53,19732,1,199368
15:54:14,36220,5632,201745
15:54:14,24524,5913,201743
15:54:14,13044,1,199366
15:54:14,27488,2,199367
15:54:16,18996,5632,201744
15:54:17,20940,3952,201785
15:54:17,21924,1,199369
15:54:18,37204,2,199374
15:54:19,19732,1,199368
15:54:43,18996,7106,201744
15:54:43,24524,7461,201743
15:54:44,36220,7108,201745
15:54:45,27488,1,199367
15:54:45,37204,1,199374
15:54:46,20940,4060,201785
15:54:46,21924,1,199369
15:54:47,19732,2,199368
15:54:51,13044,1,199366
15:55:06,36220,7056,201745
15:55:07,24524,7406,201743
15:55:08,13044,2,199366
15:55:09,27488,1,199367
15:55:13,37204,1,199374
15:55:13,21924,2,199369
15:55:13,19732,1,199368
15:55:14,20940,4004,201785
15:55:15,18996,7054,201744
15:55:34,18996,5692,201744
15:55:35,24524,5976,201743
15:55:35,27488,2,199367
15:55:36,36220,5692,201745
15:55:36,13044,1,199366
15:55:45,21924,2,199369
15:55:45,19732,2,199368
15:55:45,20940,5234,201785
15:55:46,37204,2,199374
15:55:59,24524,5852,201743
15:55:59,13044,2,199366
15:55:59,18996,5574,201744
15:55:59,27488,2,199367
15:56:00,36220,5574,201745
15:56:16,20940,5292,201785
15:56:16,21924,1,199369
15:56:17,37204,1,199374
15:56:17,19732,2,199368
15:56:25,36220,7226,201745
15:56:25,13044,1,199366
15:56:25,24524,7587,201743
15:56:25,18996,7226,201744
15:56:25,27488,2,199367
15:56:48,21924,1,199369
15:56:49,19732,2,199368
15:56:49,37204,1,199374
15:56:49,20940,5234,201785
15:56:56,27488,1,199367
15:56:57,36220,6994,201745
15:56:57,13044,1,199366
15:56:58,24524,7345,201743
15:56:58,18996,6994,201744
15:57:18,19732,1,199368
15:57:18,37204,2,199374
15:57:18,20940,3956,201785
15:57:18,21924,2,199369
15:57:28,18996,5574,201744
15:57:29,24524,5852,201743
15:57:29,13044,2,199366
15:57:29,27488,2,199367
15:57:30,36220,5574,201745
15:57:46,37204,2,199374
15:57:47,20940,3466,201785
15:57:48,19732,2,199368
15:57:48,21924,2,199369
15:57:57,24524,7343,201743
15:57:57,13044,2,199366
15:57:58,36220,6994,201745
15:57:58,27488,1,199367
15:58:01,18996,6994,201744
15:58:17,19732,1,199368
15:58:17,37204,2,199374
15:58:17,21924,1,199369
15:58:18,20940,5238,201785
15:58:21,36220,5744,201745
15:58:23,24524,6031,201743
15:58:23,13044,1,199366
15:58:23,27488,2,199367
15:58:26,18996,5744,201744
15:58:49,37204,1,199374
15:58:49,21924,2,199369
15:58:49,20940,5400,201785
15:58:51,19732,1,199368
15:58:55,24524,7524,201743
15:58:55,13044,2,199366
15:58:55,36220,7166,201745
15:58:56,18996,7166,201744
15:58:56,27488,2,199367
15:59:13,37204,1,199374
15:59:13,20940,3956,201785
15:59:13,21924,2,199369
15:59:14,19732,1,199368
15:59:20,18996,5686,201744
15:59:20,27488,2,199367
15:59:21,24524,5970,201743
15:59:21,13044,1,199366
15:59:21,36220,5686,201745
15:59:38,19732,1,199368
15:59:39,37204,1,199374
15:59:39,20940,5344,201785
15:59:39,21924,1,199369
15:59:55,27488,2,199367
15:59:55,36220,6998,201745
15:59:55,24524,7347,201743
15:59:55,18996,6998,201744
15:59:56,13044,2,199366
16:00:08,20940,5396,201785
16:00:09,37204,1,199374
16:00:09,21924,2,199369
16:00:10,19732,1,199368
16:00:26,36220,7170,201745
16:00:26,27488,1,199367
16:00:27,24524,7528,201743
16:00:28,18996,7170,201744
16:00:28,13044,2,199366
16:00:37,20940,5292,201785
16:00:37,21924,2,199369
16:00:37,19732,1,199368
16:00:38,37204,2,199374
16:00:56,18996,6520,201744
16:00:56,24524,6846,201743
16:00:56,27488,2,199367
16:00:57,36220,6520,201745
16:01:01,13044,2,199366
16:01:08,37204,2,199374
16:01:08,20940,5400,201785
16:01:09,21924,2,199369
16:01:09,19732,2,199368
16:01:31,36220,5690,201745
16:01:31,18996,5690,201744
16:01:31,24524,5974,201743
16:01:32,13044,2,199366
16:01:34,27488,2,199367
16:01:39,21924,2,199369
16:01:40,37204,2,199374
16:01:40,20940,5344,201785
16:01:41,19732,1,199368
16:02:04,20940,3952,201785
16:02:05,37204,1,199374
16:02:05,21924,2,199369
16:02:05,36220,5628,201745
16:02:06,19732,1,199368
16:02:06,13044,1,199366
16:02:07,24524,5909,201743
16:02:07,27488,2,199367
16:02:10,18996,5628,201744
16:02:32,21924,1,199369
16:02:32,37204,1,199374
16:02:32,20940,5344,201785
16:02:34,19732,2,199368
16:02:46,18996,7228,201744
16:02:46,27488,1,199367
16:02:47,24524,7589,201743
16:02:47,36220,7228,201745
16:02:48,13044,2,199366
16:02:55,19732,2,199368
16:02:57,21924,1,199369
16:02:57,37204,1,199374
16:02:59,20940,4008,201785
16:03:11,36220,5690,201745
16:03:11,27488,2,199367
16:03:12,13044,1,199366
16:03:14,24524,5974,201743
16:03:17,18996,5690,201744
16:03:24,21924,1,199369
16:03:24,37204,2,199374
16:03:27,19732,1,199368
16:03:27,20940,5292,201785
16:03:38,17852,0,201783
16:03:45,21924,1,199369
16:03:46,13044,2,199366
16:03:46,19732,1,199368
16:03:46,20940,4064,201785
16:03:46,36220,7732,201745
16:03:47,37204,1,199374
16:03:47,24524,8118,201743
16:03:47,27488,2,199367
16:03:49,18996,7732,201744
16:04:11,19732,2,199368
16:04:11,37204,2,199374
16:04:13,20940,5400,201785
16:04:14,21924,2,199369
16:04:18,36220,5690,201745
16:04:18,24524,5974,201743
16:04:18,13044,1,199366
16:04:19,18996,5690,201744
16:04:20,27488,2,199367
16:04:36,17852,0,201783
16:04:39,19732,1,199368
16:04:39,37204,1,199374
16:04:40,21924,2,199369
16:04:40,20940,4004,201785
16:04:44,36220,7226,201745
16:04:45,24524,7587,201743
16:04:46,17852,0,201783
16:04:46,18996,7226,201744
16:04:46,13044,1,199366
16:04:48,27488,2,199367
16:04:53,17852,0,201783
16:05:06,17852,0,201783
16:05:07,13044,1,199366
16:05:07,19732,1,199368
16:05:07,24524,5976,201743
16:05:08,21924,2,199369
16:05:08,36220,5692,201745
16:05:08,18996,5692,201744
16:05:08,37204,2,199374
16:05:09,27488,2,199367
16:05:10,20940,3952,201785
16:05:14,17852,0,201783
16:05:22,17852,0,201783
16:05:38,20940,5234,201785
16:05:38,37204,2,199374
16:05:39,19732,1,199368
16:05:41,21924,2,199369
16:05:41,24524,7343,201743
16:05:42,36220,6994,201745
16:05:42,13044,2,199366
16:05:42,27488,2,199367
16:05:43,18996,6994,201744
16:06:07,37204,2,199374
16:06:07,21924,1,199369
16:06:07,19732,1,199368
16:06:08,20940,3952,201785
16:06:21,24524,6482,201743
16:06:21,27488,2,199367
16:06:22,18996,6174,201744
16:06:22,13044,1,199366
16:06:22,36220,6174,201745
16:06:28,19732,2,199368
16:06:28,20940,4004,201785
16:06:29,21924,1,199369
16:06:31,37204,1,199374
16:06:41,36220,6994,201745
16:06:41,27488,2,199367
16:06:42,18996,6994,201744
16:06:42,24524,7343,201743
16:06:43,13044,1,199366
16:06:52,20940,3466,201785
16:06:52,19732,1,199368
16:06:54,21924,2,199369
16:06:55,37204,1,199374
16:07:15,21924,2,199369
16:07:15,19732,2,199368
16:07:15,20940,4060,201785
16:07:18,37204,1,199374
16:07:19,36220,5692,201745
16:07:20,24524,5976,201743
16:07:20,18996,5692,201744
16:07:20,27488,1,199367
16:07:21,13044,1,199366
16:07:54,19732,2,199368
16:07:56,37204,1,199374
16:07:57,21924,1,199369
16:07:57,27488,1,199367
16:07:57,20940,5344,201785
16:07:58,24524,6415,201743
16:07:58,13044,1,199366
16:07:58,36220,6110,201745
16:08:01,18996,6110,201744
16:08:21,19732,1,199368
16:08:21,20940,5288,201785
16:08:22,21924,2,199369
16:08:22,37204,1,199374
16:08:27,24524,6035,201743
16:08:27,27488,2,199367
16:08:28,18996,5748,201744
16:08:28,13044,2,199366
16:08:31,36220,5748,201745
16:08:46,20940,3952,201785
16:08:46,19732,1,199368
16:08:48,37204,1,199374
16:08:49,21924,2,199369
16:08:56,24524,5913,201743
16:08:57,36220,5632,201745
16:08:57,18996,5632,201744
16:08:59,27488,2,199367
16:09:06,13044,2,199366
16:09:18,21924,2,199369
16:09:20,20940,4008,201785
16:09:20,19732,2,199368
16:09:21,37204,2,199374
16:09:33,24524,5974,201743
16:09:34,36220,5690,201745
16:09:34,18996,5690,201744
16:09:35,27488,1,199367
16:09:35,13044,2,199366
16:09:48,21924,2,199369
16:09:50,19732,1,199368
16:09:50,37204,1,199374
16:09:51,20940,5234,201785
16:10:08,36220,6998,201745
16:10:08,18996,6998,201744
16:10:08,24524,7347,201743
16:10:09,13044,2,199366
16:10:10,27488,1,199367
16:10:12,37204,2,199374
16:10:14,21924,2,199369
16:10:14,19732,1,199368
16:10:19,20940,5400,201785
16:10:37,36220,5628,201745
16:10:38,13044,2,199366
16:10:39,18996,5628,201744
16:10:39,27488,2,199367
16:10:40,21924,2,199369
16:10:40,24524,5909,201743
16:10:42,19732,2,199368
16:10:42,20940,4406,201785
16:10:42,37204,2,199374
16:11:07,13044,1,199366
16:11:07,24524,7469,201743
16:11:08,18996,7112,201744
16:11:09,21924,1,199369
16:11:09,27488,1,199367
16:11:09,37204,2,199374
16:11:10,36220,7112,201745
16:11:10,20940,5400,201785
16:11:11,19732,1,199368
16:11:36,18996,7170,201744
16:11:36,37204,2,199374
16:11:36,20940,4060,201785
16:11:36,21924,2,199369
16:11:36,36220,7170,201745
16:11:37,27488,1,199367
16:11:37,19732,2,199368
16:11:38,24524,7528,201743
16:11:39,13044,1,199366
16:12:00,36220,5744,201745
16:12:00,27488,1,199367
16:12:00,13044,1,199366
16:12:01,24524,6033,201743
16:12:01,18996,5744,201744
16:12:06,19732,2,199368
16:12:06,20940,5288,201785
16:12:06,37204,1,199374
16:12:07,21924,1,199369
16:12:07,17852,0,201783
16:12:25,17852,0,201783
16:12:38,20940,5344,201785
16:12:38,37204,2,199374
16:12:39,17852,0,201783
16:12:39,21924,2,199369
16:12:40,27488,2,199367
16:12:41,19732,1,199368
16:12:41,36220,5574,201745
16:12:43,13044,1,199366
16:12:48,24524,5852,201743
16:12:48,18996,5574,201744
16:13:07,21924,2,199369
16:13:07,19732,1,199368
16:13:08,37204,1,199374
16:13:10,27488,1,199367
16:13:11,36220,5632,201745
16:13:11,24524,5913,201743
16:13:11,18996,5632,201744
16:13:11,13044,1,199366
16:13:14,20940,5292,201785
16:13:29,17852,0,201783
16:13:40,21924,1,199369
16:13:40,18996,7112,201744
16:13:40,37204,2,199374
16:13:41,24524,7467,201743
16:13:41,27488,1,199367
16:13:41,13044,2,199366
16:13:41,19732,1,199368
16:13:41,20940,5288,201785
16:13:42,36220,7112,201745
16:13:57,17852,0,201783
16:14:05,19732,1,199368
16:14:06,20940,3952,201785
16:14:07,21924,2,199369
16:14:07,24524,7465,201743
16:14:07,27488,1,199367
16:14:07,37204,2,199374
16:14:08,17852,0,201783
16:14:09,13044,1,199366
16:14:11,18996,7110,201744
16:14:12,36220,7110,201745
16:14:24,17852,0,201783
16:14:28,21924,2,199369
16:14:28,20940,4008,201785
16:14:29,19732,2,199368
16:14:31,37204,1,199374
16:14:37,27488,2,199367
16:14:37,13044,2,199366
16:14:38,36220,5692,201745
16:14:38,24524,5976,201743
16:14:39,18996,5692,201744
16:14:40,17852,0,201783
16:14:51,17852,0,201783
16:14:53,19732,2,199368
16:14:53,21924,1,199369
16:14:54,20940,4004,201785
16:14:54,37204,2,199374
16:15:03,36220,5174,201745
16:15:03,24524,5430,201743
16:15:03,27488,2,199367
16:15:06,18996,5172,201744
16:15:06,13044,2,199366
16:15:17,19732,2,199368
16:15:18,21924,2,199369
16:15:19,37204,2,199374
16:15:20,20940,3952,201785
16:15:39,27488,1,199367
16:15:40,36220,7174,201745
16:15:40,13044,2,199366
16:15:40,24524,7532,201743
16:15:41,18996,7174,201744
16:15:45,21924,2,199369
16:15:45,19732,2,199368
16:15:46,37204,2,199374
16:15:47,20940,5346,201785
16:16:14,21924,2,199369
16:16:15,19732,1,199368
16:16:15,20940,5754,201785
16:16:15,37204,1,199374
16:16:22,36220,7110,201745
16:16:22,27488,2,199367
16:16:23,24524,7467,201743
16:16:24,18996,7110,201744
16:16:24,13044,2,199366
16:16:35,20940,3952,201785
16:16:35,37204,1,199374
16:16:36,19732,2,199368
16:16:38,21924,2,199369
16:16:41,24524,7410,201743
16:16:42,13044,2,199366
16:16:43,36220,7058,201745
16:16:44,27488,1,199367
16:16:46,18996,7058,201744
16:16:52,17852,0,201783
16:17:05,19732,2,199368
16:17:06,21924,2,199369
16:17:06,37204,2,199374
16:17:09,20940,4008,201785
16:17:09,17852,0,201783
16:17:20,13044,2,199366
16:17:21,18996,7228,201744
16:17:21,27488,2,199367
16:17:22,36220,7228,201745
16:17:22,24524,7589,201743
16:17:29,17852,0,201783
16:17:29,20940,5396,201785
16:17:29,37204,2,199374
16:17:29,21924,1,199369
16:17:33,19732,1,199368
16:17:41,17852,0,201783
16:17:54,27488,1,199367
16:17:54,13044,1,199366
16:17:54,36220,5628,201745
16:17:54,24524,5909,201743
16:17:56,18996,5628,201744
16:17:57,17852,0,201783
16:17:58,21924,2,199369
16:17:59,37204,1,199374
16:18:00,20940,5292,201785
16:18:04,19732,2,199368
16:18:17,18996,7670,201744
16:18:17,27488,2,199367
16:18:20,24524,8053,201743
16:18:20,36220,7670,201745
16:18:22,13044,2,199366
16:18:30,21924,1,199369
16:18:30,37204,2,199374
16:18:31,19732,1,199368
16:18:33,20940,5234,201785
16:18:35,17852,0,201783
16:18:54,27488,1,199367
16:18:56,36220,7174,201745
16:18:56,18996,7174,201744
16:19:01,24524,7532,201743
16:19:06,13044,2,199366
16:19:08,37204,1,199374
16:19:10,19732,1,199368
16:19:10,20940,5344,201785
16:19:13,21924,1,199369
16:19:30,36220,6994,201745
16:19:31,13044,1,199366
16:19:31,27488,1,199367
16:19:33,18996,6994,201744
16:19:33,19732,2,199368
16:19:33,20940,4060,201785
16:19:34,21924,1,199369
16:19:35,37204,1,199374
16:19:39,24524,7343,201743
16:20:07,13044,2,199366
16:20:08,36220,7226,201745
16:20:08,24524,7587,201743
16:20:09,18996,7226,201744
16:20:09,27488,1,199367
16:20:11,21924,2,199369
16:20:11,19732,2,199368
16:20:13,17852,6110,201783
16:20:15,20940,5804,201785
16:20:15,37204,2,199374
16:20:35,17852,5690,201783
16:20:36,20940,5390,201785
16:20:36,37204,2,199374
16:20:37,21924,2,199369
16:20:39,19732,2,199368
16:20:40,13044,1,199366
16:20:41,24524,6846,201743
16:20:41,27488,1,199367
16:20:42,36220,6520,201745
16:20:42,18996,6520,201744
16:21:00,27488,1,199367
16:21:01,36220,6572,201745
16:21:01,18996,6572,201744
16:21:01,13044,1,199366
16:21:04,24524,6900,201743
16:21:05,37204,1,199374
16:21:05,21924,2,199369
16:21:05,17852,-24258,201783
16:21:05,19732,1,199368
16:21:06,20940,5288,201785
16:21:36,21924,1,199369
16:21:37,20940,5234,201785
16:21:37,37204,2,199374
16:21:38,19732,2,199368
16:21:39,27488,1,199367
16:21:41,18996,7054,201744
16:21:41,36220,7054,201745
16:21:41,24524,7406,201743
16:21:44,13044,1,199366
16:21:49,17852,0,201783
16:22:03,36220,6174,201745
16:22:04,24524,6482,201743
16:22:04,27488,2,199367
16:22:07,18996,6174,201744
16:22:07,13044,2,199366
16:22:37,21924,2,199369
16:22:37,17852,6998,201783
16:22:37,19732,2,199368
16:22:38,37204,2,199374
16:22:39,20940,6630,201785
16:22:40,18996,6994,201744
16:22:40,36220,6994,201745
16:22:40,24524,7343,201743
16:22:41,27488,2,199367
16:22:41,13044,1,199366
16:23:06,17852,7230,201783
16:23:07,19732,1,199368
16:23:07,37204,2,199374
16:23:08,21924,1,199369
16:23:09,18996,7670,201744
16:23:09,36220,7670,201745
16:23:10,27488,1,199367
16:23:10,13044,1,199366
16:23:10,20940,6848,201785
16:23:10,24524,8053,201743
16:23:32,19732,1,199368
16:23:33,37204,2,199374
16:23:33,20940,5386,201785
16:23:35,21924,2,199369
16:23:36,27488,1,199367
16:23:36,18996,7050,201744
16:23:36,24524,7402,201743
16:23:36,13044,2,199366
16:23:38,17852,5686,201783
16:23:39,36220,7050,201745
16:24:04,37204,2,199374
16:24:05,20940,6630,201785
16:24:05,21924,2,199369
16:24:06,17852,6998,201783
16:24:09,27488,2,199367
16:24:09,13044,2,199366
16:24:10,36220,6110,201745
16:24:10,19732,2,199368
16:24:11,18996,6110,201744
16:24:11,24524,6415,201743
16:24:26,27488,2,199367
16:24:26,18996,7110,201744
16:24:26,13044,1,199366
16:24:27,36220,7110,201745
16:24:28,24524,7465,201743
16:24:36,19732,2,199368
16:24:37,21924,2,199369
16:24:39,37204,2,199374
16:24:39,17852,7226,201783
16:24:39,20940,6846,201785
16:24:53,36220,6110,201745
16:24:53,27488,2,199367
16:24:54,18996,6110,201744
16:24:55,24524,6415,201743
16:24:55,13044,2,199366
16:25:03,37204,2,199374
16:25:04,17852,6110,201783
16:25:05,20940,5804,201785
16:25:05,21924,1,199369
16:25:06,19732,1,199368
16:25:17,36220,5748,201745
16:25:19,27488,1,199367
16:25:20,24524,6035,201743
16:25:22,13044,1,199366
16:25:23,18996,5748,201744
16:25:25,17852,6364,201783
16:25:26,37204,1,199374
16:25:28,19732,1,199368
16:25:28,21924,2,199369
16:25:29,20940,6364,201785
16:25:48,36220,6994,201745
16:25:48,27488,2,199367
16:25:49,24524,7343,201743
16:25:51,13044,2,199366
16:25:52,18996,6994,201744
16:25:56,37204,2,199374
16:25:57,21924,2,199369
16:25:57,20940,7466,201785
16:25:58,17852,7860,201783
16:25:59,19732,2,199368
16:26:18,36220,5632,201745
16:26:19,24524,5913,201743
16:26:21,27488,1,199367
16:26:22,18996,5632,201744
16:26:22,13044,1,199366
16:26:28,21924,1,199369
16:26:28,17852,7860,201783
16:26:28,19732,2,199368
16:26:29,20940,7466,201785
16:26:32,37204,1,199374
16:26:48,24524,7402,201743
16:26:49,27488,1,199367
16:26:49,36220,7050,201745
16:26:50,18996,7050,201744
16:26:51,37204,1,199374
16:26:52,19732,1,199368
16:26:52,21924,1,199369
16:26:54,17852,6428,201783
16:26:55,20940,6428,201785
16:27:02,13044,1,199366
16:27:14,17852,6300,201783
16:27:14,19732,2,199368
16:27:14,20940,5984,201785
16:27:14,21924,1,199369
16:27:15,37204,1,199374
16:27:19,27488,2,199367
16:27:19,13044,2,199366
16:27:22,36220,6994,201745
16:27:22,24524,7343,201743
16:27:22,18996,6994,201744
16:27:42,17852,8050,201783
16:27:42,20940,8050,201785
16:27:42,37204,1,199374
16:27:42,21924,1,199369
16:27:43,19732,1,199368
16:27:53,36220,7174,201745
16:27:53,27488,1,199367
16:27:56,24524,7532,201743
16:27:57,13044,2,199366
16:28:01,18996,7174,201744
16:28:15,19732,1,199368
16:28:16,17852,8246,201783
16:28:16,21924,1,199369
16:28:17,20940,8246,201785
16:28:17,37204,1,199374
16:28:21,24524,7345,201743
16:28:21,36220,6994,201745
16:28:22,27488,1,199367
16:28:22,13044,1,199366
16:28:29,18996,6994,201744
16:28:43,36220,5748,201745
16:28:43,24524,6035,201743
16:28:44,27488,2,199367
16:28:46,13044,1,199366
16:28:49,18996,5748,201744
16:29:03,37204,2,199374
16:29:04,20940,8114,201785
16:29:04,19732,2,199368
16:29:05,17852,8114,201783
16:29:06,21924,1,199369
16:29:13,36220,7228,201745
16:29:14,27488,2,199367
16:29:14,13044,1,199366
16:29:16,24524,7589,201743
16:29:16,18996,7228,201744
16:29:46,27488,2,199367
16:29:46,13044,2,199366
16:29:48,18996,7050,201744
16:29:49,24524,7402,201743
16:29:52,36220,7050,201745
16:29:52,17852,8312,201783
16:29:52,37204,2,199374
16:29:55,21924,2,199369
16:29:56,20940,8312,201785
16:29:57,19732,1,199368
16:30:22,20940,6756,201785
16:30:23,19732,2,199368
16:30:23,37204,2,199374
16:30:23,21924,2,199369
16:30:24,36220,7170,201745
16:30:25,18996,7170,201744
16:30:26,17852,6756,201783
16:30:26,27488,2,199367
16:30:27,24524,7528,201743
16:30:28,13044,1,199366
16:30:57,27488,1,199367
16:30:57,18996,5628,201744
16:30:57,24524,5909,201743
16:30:58,13044,1,199366
16:31:01,36220,5628,201745
16:31:06,19732,2,199368
16:31:06,21924,2,199369
16:31:06,17852,8050,201783
16:31:07,20940,8050,201785
16:31:08,37204,2,199374
16:31:36,37204,2,199374
16:31:36,20940,7986,201785
16:31:36,17852,7986,201783
16:31:36,19732,1,199368
16:31:39,21924,2,199369
16:31:40,13044,2,199366
16:31:41,18996,5748,201744
16:31:41,36220,5750,201745
16:31:43,27488,2,199367
16:31:44,24524,6035,201743
16:32:04,36220,5690,201745
16:32:04,24524,5974,201743
16:32:04,13044,2,199366
16:32:04,17852,6428,201783
16:32:04,19732,1,199368
16:32:04,21924,2,199369
16:32:05,20940,6428,201785
16:32:06,18996,5690,201744
16:32:06,37204,2,199374
16:32:08,27488,1,199367
16:32:31,17852,6364,201783
16:32:31,19732,2,199368
16:32:31,20940,6364,201785
16:32:32,37204,1,199374
16:32:32,21924,2,199369
16:32:34,36220,6998,201745
16:32:35,18996,6998,201744
16:32:35,24524,7347,201743
16:32:35,27488,1,199367
16:32:39,13044,2,199366
16:33:01,17852,7860,201783
16:33:04,37204,2,199374
16:33:07,19732,1,199368
16:33:11,21924,2,199369
16:33:15,24524,8053,201743
16:33:17,36220,7670,201745
16:33:18,27488,2,199367
16:33:19,20940,7466,201785
16:33:23,13044,1,199366
16:33:27,17852,5744,201783
16:33:29,19732,1,199368
16:33:34,37204,2,199374
16:33:35,18996,7670,201744
16:33:41,36220,7170,201745
16:33:44,13044,1,199366
16:33:44,21924,1,199369
16:33:48,24524,7528,201743
16:33:51,27488,2,199367
16:33:53,20940,5442,201785
16:33:58,18996,7170,201744
16:34:04,21924,2,199369
16:34:06,17852,7058,201783
16:34:06,19732,1,199368
16:34:08,20940,6686,201785
16:34:11,37204,2,199374
16:34:13,13044,1,199366
16:34:15,36220,5744,201745
16:34:15,24524,6031,201743
16:34:16,27488,1,199367
16:34:20,18996,5744,201744
16:34:32,21924,1,199369
16:34:33,20940,5280,201785
16:34:34,19732,2,199368
16:34:35,37204,2,199374
16:34:39,17852,5574,201783
16:34:40,24524,5974,201743
16:34:40,27488,1,199367
16:34:42,36220,5690,201745
16:34:43,18996,5690,201744
16:34:43,13044,1,199366
16:35:06,20940,5280,201785
16:35:06,37204,1,199374
16:35:07,17852,5574,201783
16:35:09,19732,1,199368
16:35:09,21924,2,199369
16:35:16,36220,6998,201745
16:35:17,18996,6998,201744
16:35:17,24524,7347,201743
16:35:18,13044,2,199366
16:35:18,27488,2,199367
16:35:36,37204,2,199374
16:35:36,19732,1,199368
16:35:36,21924,2,199369
16:35:36,20940,5924,201785
16:35:43,17852,6236,201783
16:35:55,18996,7054,201744
16:35:55,24524,7406,201743
16:35:55,27488,1,199367
16:35:56,36220,7054,201745
16:36:01,13044,1,199366
16:36:03,21924,2,199369
16:36:03,19732,1,199368
16:36:04,17852,6174,201783
16:36:05,37204,1,199374
16:36:06,20940,5864,201785
16:36:28,37204,2,199374
16:36:28,20940,5984,201785
16:36:29,17852,6300,201783
16:36:29,19732,1,199368
16:36:30,21924,2,199369
16:36:36,36220,7226,201745
16:36:36,13044,1,199366
16:36:37,18996,7226,201744
16:36:37,24524,7587,201743
16:36:38,27488,2,199367
16:36:57,19732,2,199368
16:36:57,20940,7524,201785
16:36:57,21924,2,199369
16:36:58,37204,1,199374
16:37:03,27488,1,199367
16:37:03,17852,7922,201783
16:37:04,18996,7732,201744
16:37:05,36220,7732,201745
16:37:05,24524,8118,201743
16:37:05,13044,2,199366
16:37:29,21924,2,199369
16:37:30,17852,7922,201783
16:37:31,37204,2,199374
16:37:31,19732,2,199368
16:37:31,24524,8318,201743
16:37:32,36220,7922,201745
16:37:32,27488,2,199367
16:37:32,13044,1,199366
16:37:33,18996,7922,201744
16:37:33,20940,7524,201785
16:37:53,18996,6364,201744
16:37:53,24524,6682,201743
16:37:56,36220,6364,201745
16:37:58,27488,1,199367
16:37:58,37204,2,199374
16:37:59,19732,2,199368
16:38:00,17852,8050,201783
16:38:01,20940,8050,201785
16:38:02,13044,2,199366
16:38:06,21924,2,199369
16:38:29,19732,1,199368
16:38:29,21924,2,199369
16:38:29,20940,6428,201785
16:38:29,37204,2,199374
16:38:31,24524,8253,201743
16:38:31,36220,7860,201745
16:38:32,27488,2,199367
16:38:32,17852,6428,201783
16:38:33,18996,7860,201744
16:38:33,13044,1,199366
16:39:07,17852,8246,201783
16:39:07,20940,8246,201785
16:39:07,37204,2,199374
16:39:08,19732,1,199368
16:39:08,21924,2,199369
16:39:09,18996,8050,201744
16:39:09,13044,2,199366
16:39:10,36220,8050,201745
16:39:10,27488,2,199367
16:39:11,24524,8452,201743
16:39:30,27488,2,199367
16:39:31,13044,2,199366
16:39:33,18996,6364,201744
16:39:33,36220,6364,201745
16:39:35,24524,6682,201743
16:40:02,17852,8378,201783
16:40:02,19732,1,199368
16:40:04,37204,2,199374
16:40:06,20940,8378,201785
16:40:07,18996,6492,201744
16:40:07,13044,2,199366
16:40:07,27488,1,199367
16:40:08,21924,2,199369
16:40:09,24524,6816,201743
16:40:10,36220,6492,201745
16:40:26,18996,8246,201744
16:40:27,24524,8658,201743
16:40:28,13044,2,199366
16:40:28,27488,1,199367
16:40:30,17852,8180,201783
16:40:30,21924,1,199369
16:40:31,19732,1,199368
16:40:32,36220,8246,201745
16:40:32,20940,8180,201785
16:40:36,37204,1,199374
16:40:55,36220,8180,201745
16:40:55,24524,8589,201743
16:40:55,13044,2,199366
16:40:56,18996,8180,201744
16:40:59,27488,2,199367
16:41:15,21924,2,199369
16:41:16,17852,8180,201783
16:41:17,19732,1,199368
16:41:20,37204,1,199374
16:41:23,20940,8180,201785
16:41:44,24524,8727,201743
16:41:44,21924,2,199369
16:41:45,36220,8312,201745
16:41:45,27488,1,199367
16:41:45,19732,2,199368
16:41:46,17852,8114,201783
16:41:48,13044,2,199366
16:41:48,18996,8312,201744
16:41:49,20940,8114,201785
16:41:50,37204,1,199374
16:42:18,17852,6492,201783
16:42:18,37204,2,199374
16:42:20,20940,6492,201785
16:42:20,19732,1,199368
16:42:21,24524,8519,201743
16:42:22,21924,2,199369
16:42:22,13044,2,199366
16:42:22,18996,8114,201744
16:42:25,36220,8114,201745
16:42:29,27488,1,199367
16:42:42,19732,1,199368
16:42:42,20940,5924,201785
16:42:44,17852,6236,201783
16:42:45,37204,1,199374
16:42:47,21924,2,199369
16:42:55,13044,2,199366
16:42:55,27488,1,199367
16:42:57,36220,6428,201745
16:42:58,24524,6749,201743
16:42:59,18996,6428,201744
16:43:02,21924,2,199369
16:43:02,19732,1,199368
16:43:04,17852,6364,201783
16:43:06,37204,2,199374
16:43:09,20940,6364,201785
16:43:14,36220,6364,201745
16:43:14,24524,6682,201743
16:43:14,18996,6364,201744
16:43:15,13044,2,199366
16:43:18,27488,2,199367
16:43:33,19732,2,199368
16:43:33,37204,2,199374
16:43:36,17852,6364,201783
16:43:38,20940,6364,201785
16:43:43,27488,2,199367
16:43:44,24524,8185,201743
16:43:44,21924,1,199369
16:43:44,18996,7796,201744
16:43:45,13044,2,199366
16:43:45,36220,7796,201745
16:43:59,17852,6300,201783
16:43:59,37204,2,199374
16:44:01,19732,1,199368
16:44:02,21924,1,199369
16:44:07,20940,5984,201785
16:44:19,13044,2,199366
16:44:19,27488,1,199367
16:44:19,24524,8318,201743
16:44:21,36220,7922,201745
16:44:32,18996,7922,201744
16:44:35,21924,1,199369
16:44:39,19732,1,199368
16:44:41,36220,7796,201745
16:44:43,24524,8185,201743
16:44:44,27488,2,199367
16:44:47,13044,1,199366
16:44:50,37204,2,199374
16:44:51,18996,7796,201744
16:44:57,17852,7112,201783
16:45:02,20940,6738,201785
16:45:09,24524,6547,201743
16:45:10,36220,6236,201745
16:45:11,17852,7166,201783
16:45:11,19732,2,199368
16:45:12,20940,6788,201785
16:45:13,18996,6236,201744
16:45:14,27488,2,199367
16:45:14,37204,1,199374
16:45:18,13044,1,199366
16:45:20,21924,1,199369
16:45:36,27488,2,199367
16:45:38,18996,7670,201744
16:45:41,24524,8053,201743
16:45:42,36220,7670,201745
16:45:42,13044,2,199366
16:45:49,21924,2,199369
16:45:49,17852,5574,201783
16:45:50,19732,1,199368
16:45:50,20940,5280,201785
16:45:51,37204,2,199374
16:46:06,27488,2,199367
16:46:07,24524,7469,201743
16:46:11,21924,2,199369
16:46:41,21924,1,199369
16:46:45,36220,7112,201745
16:46:46,36220,7226,201745
16:46:53,20940,5864,201785
16:46:54,20940,6428,201785
16:46:57,24524,7587,201743
16:47:06,18996,7112,201744
16:47:08,21924,2,199369
16:47:08,20940,7466,201785
16:47:17,13044,1,199366
16:47:17,27488,2,199367
16:47:20,36220,6110,201745
16:47:23,24524,6415,201743
16:47:32,17852,6174,201783
16:47:33,37204,1,199374
16:47:33,37204,1,199374
16:47:36,21924,1,199369
16:47:38,18996,7226,201744
16:47:38,19732,1,199368
16:47:42,20940,6364,201785
16:47:44,13044,2,199366
16:47:47,37204,2,199374
16:47:48,17852,6428,201783
16:47:48,36220,6110,201745
16:47:51,24524,6415,201743
16:47:51,27488,1,199367
16:47:52,18996,6110,201744
16:47:55,19732,1,199368
16:48:00,37204,1,199374
16:48:00,13044,1,199366
16:48:08,21924,2,199369
16:48:11,20940,7986,201785
16:48:11,27488,2,199367
16:48:12,19732,2,199368
16:48:13,13044,2,199366
16:48:15,36220,5748,201745
16:48:16,37204,2,199374
16:48:17,24524,6035,201743
16:48:17,17852,7860,201783
16:48:17,13044,1,199366
16:48:17,27488,1,199367
16:48:20,18996,5806,201744
16:48:20,18996,5748,201744
16:48:22,17852,6364,201783
16:48:34,13044,2,199366
16:48:34,36220,7110,201745
16:48:35,27488,2,199367
16:48:35,24524,7465,201743
16:48:36,19732,2,199368
16:48:39,37204,2,199374
16:48:39,21924,1,199369
16:48:40,20940,7986,201785
16:48:41,18996,7110,201744
16:48:48,17852,7986,201783
16:48:48,17852,7986,201783
16:48:50,19732,2,199368
16:48:51,24524,6547,201743
16:48:52,27488,2,199367
16:48:53,13044,2,199366
16:48:54,36220,6236,201745
16:48:54,18996,6236,201744
16:49:01,20940,6428,201785
16:49:01,21924,2,199369
16:49:05,17852,6428,201783
16:49:08,37204,2,199374
16:49:13,13044,1,199366
16:49:13,24524,6615,201743
16:49:13,27488,1,199367
16:49:14,36220,6300,201745
16:49:15,18996,6300,201744
16:49:24,19732,2,199368
16:49:33,19732,2,199368
16:49:45,20940,8312,201785
16:49:45,17852,8312,201783
16:49:47,27488,2,199367
16:49:47,13044,2,199366
16:49:47,24524,6615,201743
16:49:47,37204,1,199374
16:49:48,36220,6300,201745
16:49:48,21924,1,199369
16:49:49,18996,6300,201744
16:49:52,19732,1,199368
16:50:18,36220,7796,201745
16:50:18,13044,2,199366
16:50:19,24524,8185,201743
16:50:20,27488,2,199367
16:50:22,18996,7796,201744
16:50:23,21924,1,199369
16:50:23,20940,6624,201785
16:50:24,19732,2,199368
16:50:25,37204,2,199374
16:50:25,17852,6624,201783
16:50:46,27488,1,199367
16:50:47,13044,1,199366
16:50:47,36220,6492,201745
16:50:48,18996,6492,201744
16:50:49,24524,6816,201743
16:51:00,37204,2,199374
16:51:00,19732,2,199368
16:51:01,17852,6558,201783
16:51:02,20940,6558,201785
16:51:06,21924,2,199369
16:51:08,24524,8385,201743
16:51:10,36220,7986,201745
16:51:12,18996,7986,201744
16:51:12,27488,2,199367
16:51:12,13044,1,199366
16:51:29,13044,1,199366
16:51:29,24524,6749,201743
16:51:29,27488,1,199367
16:51:32,18996,6428,201744
16:51:32,36220,6428,201745
16:51:40,19732,1,199368
16:51:41,17852,6558,201783
16:51:41,20940,6558,201785
16:51:42,21924,2,199369
16:51:43,37204,1,199374
16:51:59,13044,1,199366
16:51:59,27488,1,199367
16:52:00,24524,6885,201743
16:52:00,18996,6558,201744
16:52:00,36220,6558,201745
16:52:07,20940,7986,201785
16:52:07,21924,1,199369
16:52:08,19732,1,199368
16:52:08,37204,2,199374
16:52:08,17852,7986,201783
16:52:33,13044,1,199366
16:52:33,27488,1,199367
16:52:33,18996,6624,201744
16:52:35,36220,6624,201745
16:52:36,24524,6955,201743
16:52:49,20940,8050,201785
16:52:49,17852,8050,201783
16:52:50,19732,1,199368
16:52:50,21924,2,199369
16:52:52,37204,2,199374
16:52:59,18996,8180,201744
16:53:00,27488,2,199367
16:53:00,13044,2,199366
16:53:01,24524,8589,201743
16:53:04,36220,8180,201745
16:53:20,17852,8114,201783
16:53:20,37204,2,199374
16:53:20,20940,8114,201785
16:53:20,21924,2,199369
16:53:21,19732,2,199368
16:53:31,36220,8180,201745
16:53:31,13044,2,199366
16:53:32,24524,8589,201743
16:53:32,27488,1,199367
16:53:34,18996,8180,201744
16:53:54,37204,1,199374
16:53:54,20940,7466,201785
16:53:54,21924,2,199369
16:53:55,19732,2,199368
16:53:55,17852,7860,201783
16:53:58,27488,2,199367
16:53:59,13044,1,199366
16:53:59,24524,8385,201743
16:54:00,18996,7986,201744
16:54:01,36220,7986,201745
16:54:15,27488,1,199367
16:54:16,18996,6364,201744
16:54:17,19732,2,199368
16:54:17,24524,6682,201743
16:54:17,37204,1,199374
16:54:17,20940,7526,201785
16:54:19,36220,6364,201745
16:54:19,17852,7922,201783
16:54:20,21924,2,199369
16:54:20,13044,1,199366
16:54:39,17852,6236,201783
16:54:39,19732,2,199368
16:54:40,21924,2,199369
16:54:41,20940,5924,201785
16:54:41,37204,1,199374
16:54:47,27488,2,199367
16:54:47,36220,7986,201745
16:54:48,18996,7986,201744
16:54:49,24524,8385,201743
16:54:51,13044,2,199366
16:55:10,17852,7670,201783
16:55:10,21924,2,199369
16:55:11,19732,1,199368
16:55:12,37204,1,199374
16:55:12,20940,7286,201785
16:55:15,36220,6364,201745
16:55:15,18996,6364,201744
16:55:15,13044,2,199366
16:55:15,24524,6682,201743
16:55:16,27488,1,199367
16:55:45,20940,5444,201785
16:55:46,19732,1,199368
16:55:49,17852,5744,201783
16:55:50,24524,6220,201743
16:55:50,27488,2,199367
16:55:50,18996,6236,201744
16:55:50,36220,5924,201745
16:55:50,13044,1,199366
16:55:51,21924,2,199369
16:55:53,37204,2,199374
16:56:13,27488,2,199367
16:56:13,18996,5744,201744
16:56:14,36220,5442,201745
16:56:15,24524,5714,201743
16:56:18,21924,2,199369
16:56:19,19732,1,199368
16:56:19,20940,6792,201785
16:56:19,13044,2,199366
16:56:20,17852,7170,201783
16:56:22,37204,1,199374
16:56:47,18996,7860,201744
16:56:48,27488,1,199367
16:56:49,13044,2,199366
16:56:51,24524,7839,201743
16:56:52,36220,7466,201745
16:56:53,19732,2,199368
16:56:53,17852,7112,201783
16:56:53,20940,6738,201785
16:56:54,37204,1,199374
16:56:56,21924,1,199369
16:57:08,18996,7860,201744
16:57:09,36220,7466,201745
16:57:09,24524,7839,201743
16:57:09,27488,2,199367
16:57:11,13044,1,199366
16:57:23,17852,7670,201783
16:57:23,20940,7286,201785
16:57:25,19732,2,199368
16:57:28,21924,2,199369
16:57:28,37204,2,199374
16:57:35,36220,5924,201745
16:57:35,24524,6220,201743
16:57:35,13044,2,199366
16:57:36,27488,2,199367
16:57:38,18996,6236,201744
16:57:48,19732,2,199368
16:57:48,17852,7226,201783
16:57:50,21924,1,199369
16:57:52,20940,6846,201785
16:57:55,37204,2,199374
16:58:12,17852,7796,201783
16:58:13,37204,2,199374
16:58:13,21924,1,199369
16:58:16,20940,7406,201785
16:58:17,27488,2,199367
16:58:18,19732,2,199368
16:58:18,24524,8452,201743
16:58:18,18996,8050,201744
16:58:18,13044,1,199366
16:58:20,36220,8050,201745
16:58:34,37204,2,199374
16:58:34,21924,1,199369
16:58:35,17852,6236,201783
16:58:38,19732,2,199368
16:58:40,20940,5924,201785
16:58:44,13044,1,199366
16:58:44,27488,2,199367
16:58:45,24524,8452,201743
16:58:47,36220,8050,201745
16:58:47,18996,8050,201744
16:58:55,19732,2,199368
16:58:56,21924,2,199369
16:58:56,17852,6300,201783
16:58:56,37204,1,199374
16:58:59,20940,5984,201785
16:59:11,36220,7524,201745
16:59:11,13044,2,199366
16:59:11,27488,2,199367
16:59:11,18996,7922,201744
16:59:13,24524,7900,201743
16:59:26,21924,2,199369
16:59:26,37204,2,199374
16:59:27,17852,6492,201783
16:59:27,19732,2,199368
16:59:29,18996,6558,201744
16:59:30,13044,1,199366
16:59:31,20940,6492,201785
16:59:31,27488,1,199367
16:59:32,24524,6885,201743
16:59:34,36220,6558,201745
16:59:56,37204,2,199374
16:59:56,21924,2,199369
16:59:57,17852,7986,201783
16:59:57,20940,7986,201785
16:59:58,19732,1,199368
17:00:10,27488,1,199367
17:00:11,13044,2,199366
17:00:11,36220,6558,201745
17:00:12,18996,6558,201744
17:00:13,24524,6885,201743
17:00:22,37204,1,199374
17:00:23,21924,1,199369
17:00:24,20940,6364,201785
17:00:25,19732,2,199368
17:00:28,17852,6364,201783
17:00:34,27488,1,199367
17:00:34,24524,6885,201743
17:00:34,36220,6558,201745
17:00:35,13044,1,199366
17:00:37,18996,6558,201744
17:00:42,19732,2,199368
17:00:43,37204,1,199374
17:00:43,21924,2,199369
17:00:44,17852,7524,201783
17:00:48,20940,7524,201785
17:00:58,27488,1,199367
17:00:59,24524,6885,201743
17:00:59,36220,6558,201745
17:01:00,13044,2,199366
17:01:00,18996,6558,201744
17:01:16,37204,2,199374
17:01:17,21924,2,199369
17:01:17,20940,-27356,201785
17:01:18,17852,6632,201783
17:01:20,19732,2,199368
17:01:32,36220,6428,201745
17:01:32,24524,6749,201743
17:01:33,27488,2,199367
17:01:33,18996,6428,201744
17:01:34,13044,1,199366
17:01:46,19732,1,199368
17:01:46,21924,1,199369
17:01:46,37204,1,199374
17:01:49,17852,4826,201783
17:01:57,36220,7524,201745
17:01:57,24524,7900,201743
17:01:57,27488,2,199367
17:01:57,18996,7922,201744
17:01:58,13044,2,199366
17:02:15,21924,1,199369
17:02:15,17852,6502,201783
17:02:15,19732,1,199368
17:02:16,37204,1,199374
17:02:39,36220,6364,201745
17:02:39,13044,1,199366
17:02:40,18996,6364,201744
17:02:41,24524,6682,201743
17:02:41,27488,2,199367
17:02:49,17852,6436,201783
17:02:49,19732,2,199368
17:02:50,21924,1,199369
17:02:53,37204,1,199374
17:03:04,24524,6749,201743
17:03:04,36220,6428,201745
17:03:05,27488,1,199367
17:03:06,13044,1,199366
17:03:10,18996,6428,201744
17:03:15,37204,1,199374
17:03:16,17852,4826,201783
17:03:16,21924,2,199369
17:03:17,19732,1,199368
17:03:24,13044,2,199366
17:03:24,27488,2,199367
17:03:25,24524,6283,201743
17:03:25,36220,5984,201745
17:03:25,18996,6300,201744
17:03:42,37204,1,199374
17:03:43,24524,6682,201743
17:03:43,18996,6364,201744
17:03:43,17852,4826,201783
17:03:45,13044,2,199366
17:03:45,36220,6364,201745
17:03:45,19732,1,199368
17:03:47,27488,1,199367
17:03:47,21924,1,199369
17:04:02,37204,2,199374
17:04:03,17852,5872,201783
17:04:03,21924,2,199369
17:04:04,19732,2,199368
17:04:05,13044,1,199366
17:04:06,36220,5924,201745
17:04:06,18996,6236,201744
17:04:06,24524,6220,201743
17:04:06,27488,2,199367
17:04:22,37204,2,199374
17:04:22,17852,4406,201783
17:04:23,21924,1,199369
17:04:25,19732,1,199368
17:04:32,13044,2,199366
17:04:32,18996,5806,201744
17:04:33,24524,6094,201743
17:04:33,36220,5804,201745
17:04:34,27488,1,199367
17:04:46,37204,1,199374
17:04:46,19732,1,199368
17:04:46,17852,4464,201783
17:04:47,21924,2,199369
17:05:08,24524,6134,201743
17:05:08,27488,1,199367
17:05:09,18996,6574,201744
17:05:09,13044,2,199366
17:05:11,36220,5842,201745
17:05:12,17852,5814,201783
17:05:13,37204,1,199374
17:05:13,19732,2,199368
17:05:15,21924,2,199369
17:05:34,17852,5814,201783
17:05:34,37204,1,199374
17:05:35,21924,1,199369
17:05:35,19732,2,199368
17:05:38,18996,5744,201744
17:05:38,24524,5714,201743
17:05:39,13044,1,199366
17:05:40,36220,5442,201745
17:05:41,27488,2,199367
17:06:01,37204,2,199374
17:06:02,17852,5344,201783
17:06:03,21924,2,199369
17:06:04,19732,2,199368
17:06:16,18996,7112,201744
17:06:16,24524,7074,201743
17:06:16,27488,1,199367
17:06:18,13044,1,199366
17:06:20,36220,6738,201745
17:06:26,21924,1,199369
17:06:26,19732,1,199368
17:06:28,17852,5344,201783
17:06:29,37204,2,199374
17:06:46,13044,2,199366
17:06:47,27488,2,199367
17:06:47,24524,5659,201743
17:06:47,18996,5690,201744
17:06:48,36220,5390,201745
17:06:57,21924,2,199369
17:06:57,19732,1,199368
17:06:58,17852,5234,201783
17:06:59,37204,1,199374
17:07:19,19732,2,199368
17:07:19,17852,4344,201783
17:07:20,37204,1,199374
17:07:21,21924,2,199369
17:07:25,36220,5804,201745
17:07:25,18996,6110,201744
17:07:25,27488,1,199367
17:07:25,13044,1,199366
17:07:25,24524,6094,201743
17:07:42,17852,5932,201783
17:07:42,37204,1,199374
17:07:42,19732,1,199368
17:07:43,21924,2,199369
17:07:50,13044,1,199366
17:07:50,36220,5924,201745
17:07:50,27488,2,199367
17:07:50,24524,6220,201743
17:07:51,18996,6236,201744
17:08:05,37204,2,199374
17:08:05,21924,2,199369
17:08:05,17852,4464,201783
17:08:06,19732,2,199368
17:08:17,13044,1,199366
17:08:17,24524,6220,201743
17:08:18,18996,6236,201744
17:08:18,27488,1,199367
17:08:18,36220,5924,201745
17:08:30,17852,4406,201783
17:08:31,21924,2,199369
17:08:32,37204,2,199374
17:08:32,19732,1,199368
17:08:40,18996,6236,201744
17:08:40,27488,1,199367
17:08:41,24524,6220,201743
17:08:43,13044,1,199366
17:08:45,36220,5924,201745
17:08:57,17852,4826,201783
17:08:57,21924,1,199369
17:08:58,19732,2,199368
17:08:58,37204,2,199374
17:09:18,13044,2,199366
17:09:18,19732,1,199368
17:09:19,17852,4764,201783
17:09:19,21924,2,199369
17:09:19,36220,7524,201745
17:09:19,27488,1,199367
17:09:19,24524,7900,201743
17:09:21,37204,1,199374
17:09:23,18996,7922,201744
17:09:42,36220,8114,201745
17:09:42,27488,2,199367
17:09:43,18996,8114,201744
17:09:43,24524,8519,201743
17:09:44,13044,2,199366
17:10:04,37204,1,199374
17:10:04,21924,2,199369
17:10:05,17852,-27356,201783
17:10:08,19732,1,199368
17:10:22,36220,8050,201745
17:10:22,27488,1,199367
17:10:22,24524,8452,201743
17:10:24,18996,8050,201744
17:10:24,13044,2,199366
17:10:32,37204,2,199374
17:10:33,21924,2,199369
17:10:33,19732,2,199368
17:10:56,37204,1,199374
17:10:57,21924,2,199369
17:10:59,19732,2,199368
17:11:03,18996,6558,201744
17:11:03,36220,6558,201745
17:11:04,27488,1,199367
17:11:04,24524,6885,201743
17:11:05,13044,1,199366
17:11:17,21924,2,199369
17:11:17,19732,1,199368
17:11:19,37204,2,199374
17:11:28,24524,7024,201743
17:11:29,27488,2,199367
17:11:29,18996,6690,201744
17:11:29,36220,6690,201745
17:11:29,13044,2,199366
17:11:44,21924,1,199369
17:11:44,37204,1,199374
17:11:50,19732,2,199368
17:11:52,36220,8246,201745
17:11:52,13044,2,199366
17:11:53,27488,1,199367
17:11:53,24524,8658,201743
17:11:54,18996,8246,201744
17:12:06,21924,2,199369
17:12:07,37204,1,199374
17:12:08,19732,2,199368
17:12:14,13044,2,199366
17:12:14,24524,8589,201743
17:12:15,27488,2,199367
17:12:15,36220,8180,201745
17:12:19,18996,8180,201744
17:12:33,37204,1,199374
17:12:34,21924,1,199369
17:12:34,19732,2,199368
17:12:37,18996,6364,201744
17:12:37,13044,1,199366
17:12:37,36220,6364,201745
17:12:37,27488,2,199367
17:12:38,24524,6682,201743
17:12:59,21924,1,199369
17:12:59,37204,1,199374
17:12:59,19732,1,199368
17:13:05,27488,1,199367
17:13:06,13044,2,199366
17:13:06,36220,7986,201745
17:13:07,24524,8385,201743
17:13:07,18996,7986,201744
17:13:20,19732,2,199368
17:13:21,37204,2,199374
17:13:23,21924,1,199369
17:13:44,18996,7406,201744
17:13:44,27488,2,199367
17:13:44,24524,7776,201743
17:13:46,21924,2,199369
17:13:46,13044,2,199366
17:13:46,36220,7406,201745
17:13:46,37204,2,199374
17:13:46,19732,2,199368
17:14:10,13044,1,199366
17:14:10,24524,6682,201743
17:14:10,21924,1,199369
17:14:10,18996,6364,201744
17:14:10,36220,6364,201745
17:14:10,27488,1,199367
17:14:11,19732,2,199368
17:14:12,37204,1,199374
17:14:36,19732,2,199368
17:14:37,21924,2,199369
17:14:38,37204,2,199374
17:14:42,13044,2,199366
17:14:42,27488,2,199367
17:14:42,24524,6283,201743
17:14:43,36220,5984,201745
17:14:43,18996,5984,201744
17:15:05,37204,2,199374
17:15:05,19732,2,199368
17:15:05,21924,1,199369
17:15:11,36220,6846,201745
17:15:11,27488,1,199367
17:15:12,24524,7188,201743
17:15:13,18996,6846,201744
17:15:14,13044,1,199366
17:15:31,21924,1,199369
17:15:32,37204,2,199374
17:15:32,19732,1,199368
17:15:44,27488,2,199367
17:15:45,24524,7016,201743
17:15:45,36220,6682,201745
17:15:47,18996,6682,201744
17:15:55,13044,1,199366
17:15:56,37204,1,199374
17:15:57,21924,1,199369
17:15:57,19732,1,199368
17:16:15,18996,5280,201744
17:16:15,27488,1,199367
17:16:16,13044,1,199366
17:16:16,36220,4694,201745
17:16:16,24524,5544,201743
17:16:23,21924,2,199369
17:16:23,19732,2,199368
17:16:24,37204,2,199374
17:16:46,21924,2,199369
17:16:46,37204,2,199374
17:16:47,19732,1,199368
17:16:48,24524,6085,201743
17:16:48,27488,1,199367
17:16:49,18996,5796,201744
17:16:49,36220,5796,201745
17:16:51,13044,1,199366
17:17:12,37204,2,199374
17:17:13,19732,2,199368
17:17:13,36220,7286,201745
17:17:13,24524,7650,201743
17:17:13,18996,7286,201744
17:17:13,21924,2,199369
17:17:13,27488,2,199367
17:17:16,13044,1,199366
17:17:28,19732,1,199368
17:17:29,21924,2,199369
17:17:30,37204,2,199374
17:17:47,37204,2,199374
17:17:47,19732,1,199368
17:17:48,24524,7016,201743
17:17:48,18996,6682,201744
17:17:48,27488,2,199367
17:17:49,21924,1,199369
17:17:50,13044,1,199366
17:17:50,36220,6682,201745
17:18:14,21924,2,199369
17:18:15,19732,1,199368
17:18:17,37204,2,199374
17:18:22,13044,2,199366
17:18:22,27488,1,199367
17:18:23,24524,5714,201743
17:18:24,18996,5442,201744
17:18:25,36220,5444,201745
17:18:44,21924,2,199369
17:18:45,37204,2,199374
17:18:45,19732,2,199368
17:19:00,27488,2,199367
17:19:00,18996,5984,201744
17:19:01,13044,1,199366
17:19:01,36220,5984,201745
17:19:01,24524,6283,201743
17:19:12,19732,1,199368
17:19:13,21924,1,199369
17:19:17,37204,1,199374
17:19:31,21924,1,199369
17:19:31,19732,2,199368
17:19:32,37204,2,199374
17:19:32,36220,7986,201745
17:19:33,13044,1,199366
17:19:33,24524,8385,201743
17:19:35,27488,1,199367
17:19:36,18996,7986,201744
17:19:57,21924,1,199369
17:19:57,37204,1,199374
17:19:57,19732,1,199368
17:20:09,27488,1,199367
17:20:12,36220,5986,201745
17:20:12,18996,5984,201744
17:20:12,13044,2,199366
17:20:13,24524,6283,201743
17:20:17,19732,2,199368
17:20:18,37204,2,199374
17:20:18,21924,2,199369
17:20:40,21924,2,199369
17:20:42,37204,2,199374
17:20:44,19732,2,199368
17:20:48,24524,6283,201743
17:20:48,18996,5984,201744
17:20:49,13044,2,199366
17:20:49,36220,5984,201745
17:20:50,27488,2,199367
17:21:04,19732,2,199368
17:21:04,21924,2,199369
17:21:05,24524,8385,201743
17:21:06,13044,2,199366
17:21:06,37204,1,199374
17:21:07,27488,2,199367
17:21:07,18996,7986,201744
17:21:08,36220,7986,201745
17:21:30,19732,1,199368
17:21:31,37204,2,199374
17:21:32,21924,2,199369
17:21:34,18996,6492,201744
17:21:34,24524,6816,201743
17:21:35,13044,2,199366
17:21:35,27488,1,199367
17:21:37,36220,6492,201745
17:21:57,37204,1,199374
17:21:57,19732,1,199368
17:21:59,21924,1,199369
17:22:09,27488,2,199367
17:22:09,24524,6682,201743
17:22:10,13044,2,199366
17:22:10,36220,6364,201745
17:22:12,18996,6364,201744
17:22:31,19732,2,199368
17:22:31,21924,1,199369
17:22:31,37204,1,199374
17:22:44,24524,8727,201743
17:22:44,13044,1,199366
17:22:44,27488,2,199367
17:22:45,36220,8312,201745
17:22:45,18996,8312,201744
17:22:58,19732,1,199368
17:22:58,21924,1,199369
17:23:00,37204,1,199374
17:23:11,36220,8246,201745
17:23:11,18996,8246,201744
17:23:11,24524,8658,201743
17:23:12,27488,2,199367
17:23:14,13044,1,199366
17:23:35,13044,1,199366
17:23:35,36220,6558,201745
17:23:36,18996,6558,201744
17:23:36,24524,6885,201743
17:23:36,27488,1,199367
17:24:07,36220,8180,201745
17:24:08,27488,2,199367
17:24:08,18996,8180,201744
17:24:08,24524,8589,201743
17:24:09,13044,1,199366
17:24:25,27488,2,199367
17:24:26,36220,8050,201745
17:24:27,13044,1,199366
17:24:27,18996,8050,201744
17:24:27,24524,8452,201743
17:25:04,18996,8114,201744
17:25:05,36220,8114,201745
17:25:05,27488,1,199367
17:25:06,24524,8519,201743
17:25:06,13044,2,199366
17:25:18,18996,8050,201744
17:25:19,13044,2,199366
17:25:19,24524,8452,201743
17:25:19,36220,8050,201745
17:25:23,27488,1,199367
17:25:49,36220,5984,201745
17:25:49,27488,1,199367
17:25:49,24524,6283,201743
17:25:49,13044,1,199366
17:25:50,18996,5984,201744
17:26:14,13044,2,199366
17:26:15,36220,5924,201745
17:26:15,27488,1,199367
17:26:16,24524,6220,201743
17:26:16,18996,5924,201744
17:26:43,13044,1,199366
17:26:43,36220,7524,201745
17:26:44,27488,2,199367
17:26:44,24524,7900,201743
17:26:46,18996,7524,201744
17:27:29,24524,7650,201743
17:27:29,13044,2,199366
17:27:30,36220,7286,201745
17:27:30,27488,1,199367
17:27:32,18996,7286,201744
17:27:49,27488,1,199367
17:27:50,36220,5446,201745
17:27:51,24524,5718,201743
17:27:52,18996,5446,201744
17:27:52,13044,1,199366
17:28:14,24524,6959,201743
17:28:15,36220,6626,201745
17:28:15,27488,1,199367
17:28:15,13044,1,199366
17:28:16,18996,6626,201744
17:28:40,36220,5280,201745
17:28:40,18996,5280,201744
17:28:41,24524,4928,201743
17:28:41,13044,1,199366
17:28:42,27488,1,199367
17:29:04,24524,7011,201743
17:29:04,27488,1,199367
17:29:05,36220,6678,201745
17:29:05,18996,6678,201744
17:29:06,13044,1,199366
17:29:23,36220,6682,201745
17:29:24,24524,7016,201743
17:29:24,13044,1,199366
17:29:24,27488,1,199367
17:29:24,18996,6682,201744
17:30:02,27488,2,199367
17:30:02,18996,5442,201744
17:30:03,24524,5714,201743
17:30:03,36220,5442,201745
17:30:05,13044,2,199366
17:30:28,36220,7406,201745
17:30:28,24524,7776,201743
17:30:29,18996,7406,201744
17:30:30,13044,2,199366
17:30:31,27488,2,199367
17:30:49,24524,7900,201743
17:30:50,36220,7524,201745
17:30:50,18996,7524,201744
17:30:51,27488,2,199367
17:30:51,13044,2,199366
17:31:25,13044,1,199366
17:31:26,18996,7406,201744
17:31:26,24524,7776,201743
17:31:28,36220,7406,201745
17:31:29,27488,2,199367
17:31:50,18996,6364,201744
17:31:50,36220,6364,201745
17:31:51,24524,6682,201743
17:31:52,13044,2,199366
17:31:54,27488,2,199367
17:32:15,13044,2,199366
17:32:16,36220,6428,201745
17:32:16,27488,2,199367
17:32:17,18996,6428,201744
17:32:17,24524,6749,201743
17:32:48,13044,2,199366
17:32:48,27488,2,199367
17:32:49,18996,6364,201744
17:32:49,24524,6682,201743
17:32:49,36220,6364,201745
17:33:14,13044,2,199366
17:33:14,18996,8050,201744
17:33:14,36220,8050,201745
17:33:15,27488,1,199367
17:33:16,24524,8452,201743
17:33:53,27488,1,199367
17:33:53,24524,6955,201743
17:33:54,13044,2,199366
17:33:54,36220,6624,201745
17:33:54,18996,6624,201744
17:34:29,13044,1,199366
17:34:29,18996,8114,201744
17:34:29,24524,8519,201743
17:34:30,36220,8114,201745
17:34:30,27488,1,199367
17:35:11,13044,1,199366
17:35:11,27488,1,199367
17:35:11,18996,6624,201744
17:35:11,24524,6955,201743
17:35:12,36220,6624,201745
17:35:51,13044,2,199366
17:35:52,36220,8312,201745
17:35:52,24524,8727,201743
17:35:54,27488,1,199367
17:35:54,18996,8312,201744
17:36:20,36220,8050,201745
17:36:21,13044,1,199366
17:36:22,18996,8050,201744
17:36:22,24524,8452,201743
17:36:23,27488,2,199367
17:36:42,27488,1,199367
17:36:42,24524,7900,201743
17:36:44,13044,2,199366
17:36:45,36220,7524,201745
17:36:50,18996,7524,201744
17:37:05,24524,7900,201743
17:37:05,13044,1,199366
17:37:05,36220,7524,201745
17:37:06,27488,2,199367
17:37:15,18996,7524,201744
17:37:50,13044,1,199366
17:37:51,36220,5984,201745
17:37:51,27488,2,199367
17:37:51,24524,6283,201743
17:37:53,18996,5984,201744
17:38:08,13044,2,199366
17:38:08,18996,7466,201744
17:38:08,24524,7839,201743
17:38:08,36220,7466,201745
17:38:10,27488,2,199367
17:38:28,36220,5984,201745
17:38:29,13044,1,199366
17:38:29,18996,5984,201744
17:38:29,24524,6283,201743
17:38:30,27488,1,199367
17:38:55,36220,7286,201745
17:38:55,27488,2,199367
17:38:56,18996,7286,201744
17:38:56,24524,7650,201743
17:38:57,13044,2,199366
17:39:38,18996,6736,201744
17:39:39,24524,7072,201743
17:39:40,36220,6738,201745
17:39:40,27488,1,199367
17:39:41,13044,1,199366
17:40:08,27488,1,199367
17:40:09,13044,2,199366
17:40:09,36220,6682,201745
17:40:09,18996,6682,201744
17:40:10,24524,7016,201743
17:40:42,36220,6788,201745
17:40:43,24524,7127,201743
17:40:44,27488,2,199367
17:40:44,18996,6788,201744
17:40:45,13044,2,199366
17:41:09,24524,7711,201743
17:41:09,36220,7344,201745
17:41:10,18996,7344,201744
17:41:10,13044,2,199366
17:41:10,27488,2,199367
17:41:47,36220,6736,201745
17:41:47,24524,7072,201743
17:41:48,13044,1,199366
17:41:48,27488,1,199367
17:41:48,18996,6736,201744
17:42:10,24524,6094,201743
17:42:11,13044,2,199366
17:42:11,27488,2,199367
17:42:11,18996,5804,201744
17:42:13,36220,5804,201745
17:42:40,13044,2,199366
17:42:41,36220,7344,201745
17:42:41,27488,1,199367
17:42:41,18996,7344,201744
17:42:43,24524,7711,201743
17:43:16,36220,7466,201745
17:43:16,27488,1,199367
17:43:17,13044,2,199366
17:43:20,24524,7839,201743
17:43:23,18996,7466,201744
17:43:45,36220,7524,201745
17:43:46,13044,1,199366
17:43:46,18996,7524,201744
17:43:46,24524,7900,201743
17:43:47,27488,1,199367
17:44:23,24524,7839,201743
17:44:23,36220,7466,201745
17:44:23,27488,1,199367
17:44:25,13044,2,199366
17:44:28,18996,7466,201744
17:44:46,36220,6492,201745
17:44:46,27488,2,199367
17:44:46,24524,6816,201743
17:44:47,13044,2,199366
17:44:48,18996,6492,201744
17:45:11,24524,6816,201743
17:45:13,13044,2,199366
17:45:13,36220,6492,201745
17:45:14,27488,1,199367
17:45:19,18996,6492,201744
17:45:48,24524,8727,201743
17:45:50,36220,8312,201745
17:45:51,18996,8312,201744
17:45:51,13044,2,199366
17:45:51,27488,1,199367
17:46:30,13044,1,199366
17:46:31,18996,8246,201744
17:46:31,24524,8658,201743
17:46:33,36220,8246,201745
17:46:35,27488,2,199367
17:47:05,18996,8180,201744
17:47:06,36220,8180,201745
17:47:06,27488,2,199367
17:47:06,24524,8589,201743
17:47:08,13044,1,199366
17:47:35,24524,6885,201743
17:47:36,13044,2,199366
17:47:36,27488,2,199367
17:47:36,36220,6558,201745
17:47:37,18996,6558,201744
17:48:14,36220,6690,201745
17:48:15,24524,7024,201743
17:48:16,13044,1,199366
17:48:16,18996,6690,201744
17:48:17,27488,2,199367
17:48:35,24524,6816,201743
17:48:35,13044,1,199366
17:48:35,36220,6492,201745
17:48:35,18996,6492,201744
17:48:38,27488,1,199367
17:49:10,18996,5984,201744
17:49:10,24524,6283,201743
17:49:11,36220,5986,201745
17:49:11,27488,1,199367
17:49:12,13044,2,199366
17:49:47,13044,1,199366
17:49:48,36220,7466,201745
17:49:48,18996,7466,201744
17:49:48,24524,7839,201743
17:49:51,27488,2,199367
17:50:26,24524,7900,201743
17:50:26,36220,7524,201745
17:50:26,18996,7524,201744
17:50:27,13044,2,199366
17:50:30,27488,1,199367
17:50:47,36220,7406,201745
17:50:47,24524,7776,201743
17:50:48,13044,2,199366
17:50:48,18996,7406,201744
17:50:50,27488,1,199367
17:51:18,13044,2,199366
17:51:19,36220,5804,201745
17:51:19,27488,2,199367
17:51:19,24524,6094,201743
17:51:19,18996,5804,201744
17:51:36,13044,1,199366
17:51:36,36220,7344,201745
17:51:37,18996,7344,201744
17:51:37,24524,7711,201743
17:51:38,27488,2,199367
17:52:09,27488,1,199367
17:52:09,18996,6682,201744
17:52:09,24524,7016,201743
17:52:09,13044,1,199366
17:52:11,36220,6682,201745
17:52:35,27488,2,199367
17:52:35,18996,5336,201744
17:52:36,24524,5604,201743
17:52:37,36220,5336,201745
17:52:38,13044,2,199366
17:53:04,36220,6680,201745
17:53:05,18996,6678,201744
17:53:05,27488,1,199367
17:53:06,24524,7011,201743
17:53:08,13044,1,199366
17:53:35,13044,1,199366
17:53:35,18996,6736,201744
17:53:35,24524,7074,201743
17:53:36,36220,6736,201745
17:53:36,27488,1,199367
17:54:17,36220,6678,201745
17:54:17,24524,7014,201743
17:54:18,13044,1,199366
17:54:18,18996,6678,201744
17:54:19,27488,1,199367
17:54:56,36220,6788,201745
17:54:56,24524,7127,201743
17:54:57,18996,6788,201744
17:54:58,27488,2,199367
17:54:58,13044,2,199366
17:55:33,27488,1,199367
17:55:33,18996,7524,201744
17:55:33,24524,7900,201743
17:55:34,13044,1,199366
17:55:36,36220,7524,201745
17:56:18,13044,1,199366
17:56:19,27488,2,199367
17:56:19,18996,7524,201744
17:56:19,24524,7900,201743
17:56:21,36220,7524,201745
17:56:42,24524,7900,201743
17:56:42,13044,1,199366
17:56:43,36220,7524,201745
17:56:43,18996,7524,201744
17:56:43,27488,2,199367
17:57:15,13044,1,199366
17:57:15,36220,7466,201745
17:57:15,27488,2,199367
17:57:15,24524,7839,201743
17:57:17,18996,7466,201744
17:57:33,18996,6364,201744
17:57:33,24524,6682,201743
17:57:34,13044,2,199366
17:57:34,36220,6364,201745
17:57:34,27488,2,199367
17:57:56,13044,2,199366
17:57:56,36220,6428,201745
17:57:56,18996,6428,201744
17:57:57,24524,6749,201743
17:57:58,27488,2,199367
17:58:23,24524,6749,201743
17:58:24,36220,6428,201745
17:58:24,27488,2,199367
17:58:25,13044,1,199366
17:58:26,18996,6428,201744
17:58:53,27488,2,199367
17:58:53,18996,8246,201744
17:58:53,24524,8658,201743
17:58:53,13044,2,199366
17:58:54,36220,8246,201745
17:59:23,18996,8180,201744
17:59:23,27488,2,199367
17:59:24,36220,8180,201745
17:59:25,13044,1,199366
17:59:26,24524,8589,201743
17:59:49,27488,2,199367
17:59:50,36220,6624,201745
17:59:50,18996,6624,201744
17:59:50,24524,6955,201743
17:59:51,13044,2,199366
18:00:16,27488,1,199367
18:00:16,24524,6749,201743
18:00:17,36220,6428,201745
18:00:17,18996,6428,201744
18:00:17,13044,1,199366
18:00:44,36220,6492,201745
18:00:44,24524,6816,201743
18:00:45,13044,2,199366
18:00:45,27488,1,199367
18:00:46,18996,6492,201744
18:01:18,36220,7986,201745
18:01:19,27488,2,199367
18:01:19,24524,8385,201743
18:01:20,18996,7986,201744
18:01:21,13044,1,199366
18:01:57,36220,5984,201745
18:01:57,24524,6283,201743
18:01:57,13044,2,199366
18:01:58,18996,5984,201744
18:01:58,27488,2,199367
18:02:28,36220,6492,201745
18:02:28,18996,6492,201744
18:02:29,24524,6816,201743
18:02:29,13044,1,199366
18:02:31,27488,1,199367
18:02:57,18996,7466,201744
18:02:57,24524,7839,201743
18:02:57,13044,1,199366
18:02:59,27488,2,199367
18:03:01,36220,7466,201745
18:03:21,13044,2,199366
18:03:21,36220,5864,201745
18:03:21,24524,6157,201743
18:03:23,18996,5864,201744
18:03:25,27488,2,199367
18:03:41,24524,7188,201743
18:03:42,18996,6846,201744
18:03:42,27488,2,199367
18:03:42,13044,2,199366
18:03:43,36220,6846,201745
18:04:13,36220,4646,201745
18:04:13,18996,4646,201744
18:04:14,13044,2,199366
18:04:14,24524,4878,201743
18:04:17,27488,2,199367
18:04:36,13044,2,199366
18:04:36,27488,2,199367
18:04:36,24524,5600,201743
18:04:37,18996,5332,201744
18:04:41,36220,5332,201745
18:05:00,37204,1,199374
18:05:00,21924,2,199369
18:05:00,19732,1,199368
18:05:06,27488,1,199367
18:05:06,24524,7131,201743
18:05:07,36220,6792,201745
18:05:07,13044,1,199366
18:05:08,18996,6792,201744
18:05:26,21924,1,199369
18:05:26,37204,2,199374
18:05:26,19732,2,199368
18:05:31,13044,2,199366
18:05:31,24524,5602,201743
18:05:32,36220,5336,201745
18:05:33,18996,5336,201744
18:05:33,27488,1,199367
18:06:04,13044,1,199366
18:06:04,36220,5282,201745
18:06:04,27488,1,199367
18:06:04,24524,5546,201743
18:06:05,18996,5282,201744
18:06:37,36220,5804,201745
18:06:37,27488,2,199367
18:06:37,24524,6094,201743
18:06:39,18996,5804,201744
18:06:40,13044,2,199366
18:06:45,17852,0,201783
18:06:55,17852,0,201783
18:07:15,18996,7466,201744
18:07:15,36220,7466,201745
18:07:15,27488,1,199367
18:07:15,24524,7839,201743
18:07:17,13044,1,199366
18:07:49,36220,5984,201745
18:07:50,13044,2,199366
18:07:50,24524,6283,201743
18:07:51,18996,5984,201744
18:07:52,27488,2,199367
18:08:28,36220,7986,201745
18:08:29,18996,7986,201744
18:08:30,27488,2,199367
18:08:30,24524,8385,201743
18:08:31,13044,2,199366
18:09:11,18996,7986,201744
18:09:11,24524,8385,201743
18:09:12,36220,7986,201745
18:09:12,27488,1,199367
18:09:14,13044,2,199366
18:09:25,20940,0,201785
18:09:31,20940,0,201785
18:09:38,20940,0,201785
18:09:41,13044,1,199366
18:09:41,18996,6428,201744
18:09:41,27488,2,199367
18:09:43,24524,6749,201743
18:09:44,36220,6428,201745
18:09:48,20940,0,201785
18:09:55,20940,0,201785
18:10:01,36220,6364,201745
18:10:01,27488,2,199367
18:10:01,18996,6364,201744
18:10:02,13044,1,199366
18:10:04,20940,0,201785
18:10:04,24524,6682,201743
18:10:13,20940,0,201785
18:10:39,36220,7986,201745
18:10:40,24524,8385,201743
18:10:42,18996,7986,201744
18:10:42,27488,1,199367
18:10:43,13044,2,199366
18:11:09,13044,2,199366
18:11:10,36220,6428,201745
18:11:10,27488,2,199367
18:11:10,24524,6749,201743
18:11:11,18996,6428,201744
18:11:49,13044,2,199366
18:11:49,27488,1,199367
18:11:50,36220,8176,201745
18:11:50,24524,-27356,201743
18:11:52,18996,8176,201744
18:14:59,17852,0,201783
18:15:13,17852,0,201783
18:17:21,20940,0,201785
18:17:30,21924,1,199369
18:17:30,19732,2,199368
18:17:32,37204,2,199374
18:17:32,17852,1112,201783
18:23:01,13044,1,199366
18:23:01,18996,6436,201744
18:23:02,36220,6436,201745
18:23:02,27488,2,199367
18:23:15,13044,1,199366
18:23:16,36220,4464,201745
18:23:17,18996,4464,201744
18:23:18,27488,2,199367
18:23:40,36220,4826,201745
18:23:40,27488,2,199367
18:23:40,18996,4826,201744
18:23:41,13044,1,199366
18:23:57,21924,2,199369
18:23:59,17852,3952,201783
18:23:59,19732,1,199368
18:23:59,37204,1,199374
18:24:09,27488,1,199367
18:24:09,13044,2,199366
18:24:10,36220,6310,201745
18:24:11,18996,6310,201744
18:24:33,17852,5340,201783
18:24:34,13044,1,199366
18:24:34,36220,5932,201745
18:24:34,27488,2,199367
18:24:34,19732,2,199368
18:24:34,37204,2,199374
18:24:35,21924,1,199369
18:24:36,18996,5932,201744
18:24:57,37204,2,199374
18:24:57,17852,1122,201783
18:24:58,21924,2,199369
18:24:58,19732,1,199368
18:24:58,18996,6372,201744
18:24:59,27488,1,199367
18:24:59,13044,1,199366
18:25:00,36220,6372,201745
18:25:20,18996,5872,201744
18:25:21,27488,1,199367
18:25:21,13044,1,199366
18:25:21,36220,5872,201745
18:25:29,20940,0,201785
18:25:37,19732,2,199368
18:25:37,37204,2,199374
18:25:38,17852,1688,201783
18:25:38,21924,2,199369
18:25:46,13044,2,199366
18:25:46,36220,4344,201745
18:25:46,18996,4344,201744
18:25:47,27488,2,199367
18:26:11,13044,2,199366
18:26:12,18996,5238,201744
18:26:12,36220,4656,201745
18:26:12,27488,1,199367
18:26:37,37204,1,199374
18:26:38,20940,7286,201785
18:26:38,17852,7286,201783
18:26:38,21924,1,199369
18:26:38,19732,2,199368
18:26:41,27488,1,199367
18:26:42,36220,5754,201745
18:26:43,13044,2,199366
18:26:43,18996,5754,201744
18:27:10,13044,2,199366
18:27:10,27488,2,199367
18:27:11,18996,5754,201744
18:27:11,36220,5754,201745
18:27:15,19732,2,199368
18:27:16,17852,5442,201783
18:27:16,37204,1,199374
18:27:17,20940,5442,201785
18:27:17,21924,1,199369
18:27:30,18996,5396,201744
18:27:31,36220,5396,201745
18:27:32,13044,1,199366
18:27:34,27488,2,199367
18:27:45,37204,2,199374
18:27:45,17852,6846,201783
18:27:45,19732,2,199368
18:27:46,20940,6846,201785
18:27:47,21924,2,199369
18:28:16,21924,1,199369
18:28:16,19732,2,199368
18:28:16,37204,2,199374
18:28:17,20940,5984,201785
18:28:17,17852,5984,201783
18:28:51,17852,7524,201783
18:28:51,21924,2,199369
18:28:52,37204,1,199374
18:28:52,20940,7524,201785
18:28:53,19732,1,199368
18:29:21,37204,1,199374
18:29:21,21924,1,199369
18:29:22,17852,7524,201783
18:29:22,19732,1,199368
18:29:23,20940,7524,201785
18:29:49,17852,8114,201783
18:29:49,37204,1,199374
18:29:50,21924,2,199369
18:29:51,19732,1,199368
18:29:52,20940,8114,201785
18:30:19,19732,1,199368
18:30:20,37204,2,199374
18:30:21,17852,7524,201783
18:30:23,20940,7524,201785
18:30:23,21924,1,199369
18:30:52,19732,1,199368
18:30:52,37204,1,199374
18:30:53,20940,8180,201785
18:30:53,17852,8180,201783
18:30:53,21924,2,199369
18:31:19,19732,2,199368
18:31:20,17852,8180,201783
18:31:20,21924,2,199369
18:31:22,20940,8180,201785
18:31:22,37204,2,199374
18:32:10,19732,1,199368
18:32:10,20940,8180,201785
18:32:10,17852,8180,201783
18:32:10,21924,2,199369
18:32:11,37204,1,199374
18:33:57,19732,2,199368
18:33:57,20940,6558,201785
18:33:58,17852,6558,201783
18:33:58,37204,2,199374
18:33:59,21924,1,199369
18:35:42,21924,2,199369
18:35:43,20940,8246,201785
18:35:43,17852,8246,201783
18:35:44,37204,2,199374
18:35:44,19732,1,199368
18:36:17,21924,1,199369
18:36:19,17852,6558,201783
18:36:19,19732,2,199368
18:36:21,20940,6558,201785
18:36:22,37204,2,199374
18:36:52,19732,1,199368
18:36:52,37204,2,199374
18:36:54,17852,8246,201783
18:36:54,21924,2,199369
18:36:59,20940,8246,201785
18:37:25,19732,2,199368
18:37:25,37204,2,199374
18:37:25,17852,6624,201783
18:37:26,20940,6624,201785
18:37:27,21924,1,199369
18:37:59,19732,2,199368
18:37:59,37204,2,199374
18:38:01,17852,6558,201783
18:38:01,20940,6558,201785
18:38:02,21924,2,199369
18:38:30,21924,2,199369
18:38:31,17852,8246,201783
18:38:31,37204,2,199374
18:38:31,20940,8246,201785
18:38:32,19732,2,199368
18:38:36,13044,1,199366
18:38:37,36220,962,201745
18:38:38,27488,2,199367
18:38:38,18996,962,201744
18:39:07,20940,6558,201785
18:39:07,17852,6558,201783
18:39:07,37204,1,199374
18:39:08,21924,1,199369
18:39:12,19732,1,199368
18:39:44,20940,8312,201785
18:39:44,21924,2,199369
18:39:44,17852,8312,201783
18:39:44,19732,2,199368
18:39:44,37204,2,199374
18:40:17,37204,1,199374
18:40:17,21924,2,199369
18:40:18,17852,8312,201783
18:40:19,20940,8312,201785
18:40:19,19732,1,199368
18:40:43,21924,1,199369
18:40:44,20940,6558,201785
18:40:44,17852,6558,201783
18:40:44,19732,1,199368
18:40:44,37204,1,199374
18:41:13,17852,8114,201783
18:41:14,21924,1,199369
18:41:14,20940,8114,201785
18:41:15,19732,1,199368
18:41:17,37204,1,199374
18:42:24,21924,2,199369
18:42:25,19732,1,199368
18:42:25,37204,2,199374
18:42:29,17852,8180,201783
18:42:31,20940,8180,201785
18:42:47,13044,2,199366
18:42:47,36220,2368,201745
18:42:48,27488,1,199367
18:42:48,24524,2256,201743
18:42:48,18996,2256,201744
18:42:58,37204,2,199374
18:42:59,17852,6558,201783
18:42:59,19732,1,199368
18:42:59,20940,6558,201785
18:42:59,21924,1,199369
18:43:14,27488,2,199367
18:43:15,13044,1,199366
18:43:15,36220,2051,201745
18:43:16,24524,1954,201743
18:43:18,18996,1954,201744
18:43:32,21924,1,199369
18:43:32,17852,6558,201783
18:43:32,37204,1,199374
18:43:32,20940,6558,201785
18:43:34,19732,1,199368
18:43:48,24524,6626,201743
18:43:49,13044,2,199366
18:43:49,18996,6626,201744
18:43:51,27488,2,199367
18:43:51,36220,6957,201745
18:44:02,21924,2,199369
18:44:03,19732,2,199368
18:44:04,37204,1,199374
18:44:04,20940,6558,201785
18:44:04,17852,6558,201783
18:44:19,18996,6678,201744
18:44:20,24524,6678,201743
18:44:21,13044,1,199366
18:44:21,36220,7011,201745
18:44:23,27488,2,199367
18:44:37,36220,5714,201745
18:44:38,24524,5442,201743
18:44:39,18996,5442,201744
18:44:39,19732,2,199368
18:44:39,37204,1,199374
18:44:40,13044,2,199366
18:44:40,17852,6558,201783
18:44:40,21924,2,199369
18:44:41,27488,2,199367
18:44:43,20940,6558,201785
18:45:18,17852,8180,201783
18:45:19,19732,2,199368
18:45:19,20940,8180,201785
18:45:19,21924,1,199369
18:45:25,37204,1,199374
18:45:56,21924,1,199369
18:45:56,17852,6624,201783
18:45:56,19732,1,199368
18:45:57,20940,6624,201785
18:45:57,37204,1,199374
18:46:04,27488,2,199367
18:46:06,36220,7406,201745
18:46:06,18996,7406,201744
18:46:07,13044,1,199366
18:46:08,24524,7406,201743
18:46:27,19732,2,199368
18:46:29,17852,6558,201783
18:46:29,20940,6558,201785
18:46:29,37204,1,199374
18:46:31,21924,1,199369
18:46:42,36220,7524,201745
18:46:42,18996,7524,201744
18:46:44,27488,2,199367
18:46:45,24524,7524,201743
18:46:46,13044,2,199366
18:47:04,17852,8246,201783
18:47:05,37204,2,199374
18:47:06,21924,1,199369
18:47:06,19732,2,199368
18:47:08,20940,8246,201785
18:47:16,24524,5984,201743
18:47:17,13044,2,199366
18:47:17,18996,5984,201744
18:47:18,27488,1,199367
18:47:21,36220,5984,201745
18:47:44,37204,2,199374
18:47:45,21924,2,199369
18:47:46,19732,1,199368
18:47:47,17852,8378,201783
18:47:47,27488,1,199367
18:47:47,20940,8378,201785
18:47:49,36220,8050,201745
18:47:51,18996,8050,201744
18:47:51,13044,1,199366
18:47:54,24524,8050,201743
18:48:14,21924,2,199369
18:48:14,20940,6492,201785
18:48:15,17852,6492,201783
18:48:16,19732,1,199368
18:48:16,37204,2,199374
18:48:34,27488,2,199367
18:48:34,18996,6492,201744
18:48:35,13044,1,199366
18:48:36,24524,6492,201743
18:48:37,36220,6492,201745
18:48:51,19732,2,199368
18:48:51,20940,8246,201785
18:48:52,17852,8246,201783
18:48:53,21924,1,199369
18:48:53,27488,2,199367
18:48:53,24524,6558,201743
18:48:54,18996,6558,201744
18:48:55,13044,2,199366
18:48:57,37204,2,199374
18:48:57,36220,6558,201745
18:49:17,37204,2,199374
18:49:17,21924,1,199369
18:49:17,17852,6558,201783
18:49:17,20940,6558,201785
18:49:21,19732,2,199368
18:49:23,36220,8246,201745
18:49:23,24524,8246,201743
18:49:24,13044,1,199366
18:49:24,27488,2,199367
18:49:24,18996,8246,201744
18:49:49,17852,6492,201783
18:49:49,19732,1,199368
18:49:49,37204,1,199374
18:49:49,21924,2,199369
18:49:53,20940,6492,201785
18:50:22,37204,1,199374
18:50:23,20940,6624,201785
18:50:24,21924,2,199369
18:50:24,17852,6624,201783
18:50:27,24524,6566,201743
18:50:27,13044,1,199366
18:50:27,18996,6566,201744
18:50:28,19732,1,199368
18:50:28,36220,-27356,201745
18:50:28,27488,1,199367
18:50:54,37204,2,199374
18:50:54,21924,2,199369
18:50:54,17852,6558,201783
18:50:56,20940,6558,201785
18:50:57,19732,1,199368
18:51:26,17852,8114,201783
18:51:27,19732,1,199368
18:51:27,20940,8114,201785
18:51:28,21924,2,199369
18:51:28,37204,2,199374
18:51:47,36220,0,201745
18:51:57,37204,2,199374
18:51:57,17852,6558,201783
18:51:57,20940,6558,201785
18:51:58,21924,1,199369
18:52:00,19732,1,199368
18:52:23,27488,1,199367
18:52:25,24524,6566,201743
18:52:31,13044,2,199366
18:52:31,20940,6558,201785
18:52:32,18996,6566,201744
18:52:33,37204,1,199374
18:52:38,17852,6558,201783
18:52:39,19732,1,199368
18:52:55,27488,2,199367
18:52:56,13044,2,199366
18:52:56,24524,6372,201743
18:53:02,21924,1,199369
18:53:05,20940,6624,201785
18:53:06,37204,2,199374
18:53:11,21924,2,199369
18:53:11,18996,6372,201744
18:53:12,17852,6624,201783
18:53:17,27488,2,199367
18:53:18,19732,1,199368
18:53:18,24524,4826,201743
18:53:22,13044,2,199366
18:53:22,18996,4826,201744
18:53:32,37204,2,199374
18:53:32,17852,6558,201783
18:53:32,20940,6558,201785
18:53:33,21924,2,199369
18:53:37,13044,1,199366
18:53:38,27488,2,199367
18:53:39,18996,6372,201744
18:53:39,24524,6372,201743
18:53:39,19732,2,199368
18:54:08,19732,1,199368
18:54:08,20940,6492,201785
18:54:08,37204,2,199374
18:54:08,17852,6492,201783
18:54:10,24524,4406,201743
18:54:10,13044,2,199366
18:54:10,21924,1,199369
18:54:11,27488,2,199367
18:54:11,18996,4406,201744
18:54:33,37204,1,199374
18:54:33,18996,5932,201744
18:54:34,24524,5932,201743
18:54:36,13044,1,199366
18:54:39,19732,1,199368
18:54:39,27488,1,199367
18:54:43,17852,6558,201783
18:54:45,21924,1,199369
18:54:49,20940,6558,201785
18:55:10,24524,4464,201743
18:55:13,13044,2,199366
18:55:14,27488,1,199367
18:55:15,21924,2,199369
18:55:25,18996,4464,201744
18:55:25,37204,2,199374
18:55:34,17852,8180,201783
18:55:35,13044,1,199366
18:55:39,27488,2,199367
18:55:40,19732,1,199368
18:55:41,24524,5396,201743
18:55:41,18996,5396,201744
18:55:42,20940,8180,201785
18:55:43,21924,2,199369
18:55:46,37204,1,199374
18:55:53,17852,6558,201783
18:56:18,20940,8180,201785
18:56:18,37204,2,199374
18:56:18,21924,1,199369
18:56:18,19732,1,199368
18:56:19,17852,8180,201783
18:56:22,24524,5344,201743
18:56:22,18996,5344,201744
18:56:23,27488,1,199367
18:56:23,13044,2,199366
18:56:48,19732,1,199368
18:56:49,37204,1,199374
18:56:49,17852,8114,201783
18:56:49,20940,8114,201785
18:56:50,21924,2,199369
18:57:23,21924,1,199369
18:57:23,17852,8312,201783
18:57:23,20940,8312,201785
18:57:25,19732,2,199368
18:57:26,37204,2,199374
18:57:53,20940,6558,201785
18:57:53,17852,6558,201783
18:57:53,19732,1,199368
18:57:55,37204,1,199374
18:57:57,21924,1,199369
18:58:40,17852,8180,201783
18:58:40,21924,1,199369
18:58:41,37204,2,199374
18:58:41,19732,2,199368
18:58:47,20940,8180,201785
18:59:20,20940,8312,201785
18:59:21,17852,8312,201783
18:59:22,21924,2,199369
18:59:23,37204,2,199374
18:59:25,19732,2,199368
18:59:53,21924,2,199369
18:59:54,37204,1,199374
18:59:54,19732,2,199368
18:59:54,20940,8246,201785
18:59:56,17852,8246,201783
19:00:28,20940,6558,201785
19:00:28,19732,1,199368
19:00:28,37204,2,199374
19:00:29,17852,6558,201783
19:00:30,21924,1,199369
19:01:04,17852,8312,201783
19:01:04,19732,1,199368
19:01:04,20940,8312,201785
19:01:06,37204,1,199374
19:01:08,21924,2,199369
19:01:38,20940,8246,201785
19:01:39,37204,2,199374
19:01:39,21924,1,199369
19:01:39,19732,1,199368
19:01:40,17852,8246,201783
19:02:17,21924,2,199369
19:02:18,37204,1,199374
19:02:18,20940,8180,201785
19:02:18,17852,8180,201783
19:02:20,19732,2,199368
19:02:46,19732,1,199368
19:02:47,21924,2,199369
19:02:48,20940,8246,201785
19:02:49,17852,8246,201783
19:02:51,37204,2,199374
19:03:12,21924,2,199369
19:03:13,20940,6558,201785
19:03:13,37204,2,199374
19:03:14,19732,1,199368
19:03:14,17852,6558,201783
19:03:48,17852,8246,201783
19:03:49,20940,8246,201785
19:03:49,19732,1,199368
19:03:49,21924,2,199369
19:03:52,37204,2,199374
19:04:23,20940,8180,201785
19:04:23,19732,1,199368
19:04:23,21924,2,199369
19:04:24,37204,1,199374
19:04:26,17852,8180,201783
19:05:02,37204,1,199374
19:05:02,21924,1,199369
19:05:03,19732,2,199368
19:05:03,20940,8114,201785
19:05:05,17852,8114,201783
19:05:28,19732,1,199368
19:05:28,20940,6558,201785
19:05:28,37204,1,199374
19:05:32,17852,6558,201783
19:05:33,21924,2,199369
19:06:05,21924,2,199369
19:06:05,37204,1,199374
19:06:05,17852,8180,201783
19:06:06,19732,1,199368
19:06:07,20940,8180,201785
19:06:41,17852,8180,201783
19:06:41,19732,1,199368
19:06:42,21924,1,199369
19:06:42,20940,8180,201785
19:06:44,37204,1,199374
19:07:09,21924,2,199369
19:07:09,19732,1,199368
19:07:09,20940,8180,201785
19:07:10,37204,1,199374
19:07:12,17852,8180,201783
19:07:38,20940,6558,201785
19:07:39,19732,1,199368
19:07:40,21924,2,199369
19:07:40,37204,2,199374
19:07:41,17852,6558,201783
19:08:11,20940,8312,201785
19:08:11,37204,1,199374
19:08:11,21924,1,199369
19:08:12,19732,1,199368
19:08:14,17852,8312,201783
19:08:45,21924,1,199369
19:08:47,37204,2,199374
19:08:47,19732,2,199368
19:08:48,20940,8114,201785
19:08:48,17852,8114,201783
19:09:15,19732,2,199368
19:09:16,17852,8246,201783
19:09:17,37204,2,199374
19:09:17,21924,1,199369
19:09:18,20940,8246,201785
19:09:31,36220,5392,201745
19:09:32,13044,1,199366
19:09:32,27488,1,199367
19:09:32,24524,5392,201743
19:09:32,18996,5392,201744
19:09:52,20940,8180,201785
19:09:52,21924,2,199369
19:09:52,19732,2,199368
19:09:53,37204,2,199374
19:09:55,17852,8180,201783
19:10:02,27488,2,199367
19:10:02,24524,7344,201743
19:10:02,13044,1,199366
19:10:03,18996,7344,201744
19:12:56,36220,6492,201745
19:12:56,24524,6492,201743
19:12:56,18996,6492,201744
19:13:02,17852,8312,201783
19:13:02,20940,8312,201785
19:13:02,37204,1,199374
19:13:04,21924,2,199369
19:13:05,19732,2,199368
19:13:29,13044,2,199366
19:13:30,18996,8180,201744
19:13:30,24524,8180,201743
19:13:31,36220,8180,201745
19:13:32,27488,2,199367
19:13:34,37204,2,199374
19:13:34,17852,6558,201783
19:13:36,21924,2,199369
19:13:37,19732,2,199368
19:13:37,20940,6230,201785
19:13:55,18996,6428,201744
19:13:55,36220,6428,201745
19:13:55,27488,2,199367
19:13:58,24524,6428,201743
19:13:59,13044,1,199366
19:14:16,19732,2,199368
19:14:16,21924,2,199369
19:14:16,20940,7832,201785
19:14:16,37204,2,199374
19:14:17,17852,8246,201783
19:14:21,27488,2,199367
19:14:22,13044,1,199366
19:14:22,36220,6428,201745
19:14:22,24524,6428,201743
19:14:23,18996,6428,201744
19:14:39,20940,6230,201785
19:14:39,19732,1,199368
19:14:39,37204,1,199374
19:14:40,17852,6558,201783
19:14:41,21924,1,199369
19:14:43,18996,6364,201744
19:14:44,13044,1,199366
19:14:44,36220,6364,201745
19:14:44,27488,2,199367
19:14:46,24524,6364,201743
19:15:05,18996,5984,201744
19:15:05,27488,2,199367
19:15:06,24524,5984,201743
19:15:06,13044,1,199366
19:15:07,36220,5984,201745
19:15:12,21924,2,199369
19:15:12,17852,8312,201783
19:15:13,20940,8312,201785
19:15:14,19732,2,199368
19:15:14,37204,1,199374
19:15:38,27488,1,199367
19:15:39,24524,5924,201743
19:15:40,13044,1,199366
19:15:41,18996,5924,201744
19:15:48,36220,5924,201745
19:15:50,37204,1,199374
19:15:51,19732,2,199368
19:15:51,20940,6624,201785
19:15:54,17852,6624,201783
19:15:54,21924,1,199369
19:16:00,13044,2,199366
19:16:00,27488,1,199367
19:16:01,36220,7406,201745
19:16:01,24524,7406,201743
19:16:01,18996,7406,201744
19:16:21,37204,1,199374
19:16:22,21924,2,199369
19:16:23,17852,6492,201783
19:16:23,19732,2,199368
19:16:26,20940,6166,201785
19:16:35,36220,5804,201745
19:16:35,24524,5804,201743
19:16:35,27488,2,199367
19:16:35,13044,1,199366
19:16:35,18996,5500,201744
19:16:53,17852,8114,201783
19:16:54,37204,1,199374
19:16:54,19732,1,199368
19:16:54,21924,1,199369
19:16:54,20940,7708,201785
19:17:04,13044,2,199366
19:17:04,36220,5390,201745
19:17:04,18996,5390,201744
19:17:06,24524,5390,201743
19:17:07,27488,1,199367
19:17:32,19732,1,199368
19:17:32,21924,2,199369
19:17:32,36220,5332,201745
19:17:32,27488,2,199367
19:17:33,20940,6624,201785
19:17:33,17852,6624,201783
19:17:34,18996,5332,201744
19:17:34,37204,2,199374
19:17:34,13044,2,199366
19:17:37,24524,5334,201743
19:18:01,20940,6166,201785
19:18:02,37204,2,199374
19:18:02,17852,6492,201783
19:18:03,21924,2,199369
19:18:04,19732,2,199368
19:18:11,18996,7286,201744
19:18:12,36220,7286,201745
19:18:13,13044,2,199366
19:18:14,27488,1,199367
19:18:15,24524,7286,201743
19:18:31,37204,2,199374
19:18:31,19732,2,199368
19:18:31,20940,7770,201785
19:18:32,21924,1,199369
19:18:35,17852,8180,201783
19:18:42,27488,2,199367
19:18:43,13044,2,199366
19:18:44,24524,5390,201743
19:18:44,18996,5390,201744
19:18:44,36220,5390,201745
19:19:19,24524,5446,201743
19:19:20,27488,1,199367
19:19:20,13044,1,199366
19:19:20,36220,5446,201745
19:19:21,18996,5446,201744
19:19:24,37204,2,199374
19:19:24,21924,1,199369
19:19:25,17852,6756,201783
19:19:26,20940,6756,201785
19:19:27,19732,1,199368
19:19:48,24524,7286,201743
19:19:49,13044,1,199366
19:19:49,36220,7286,201745
19:19:50,27488,1,199367
19:19:50,18996,7286,201744
19:19:58,37204,1,199374
19:19:58,20940,7832,201785
19:19:58,17852,8246,201783
19:19:59,19732,1,199368
19:20:02,21924,2,199369
19:20:18,36220,5804,201745
19:20:19,13044,2,199366
19:20:20,27488,2,199367
19:20:20,18996,5804,201744
19:20:22,24524,5804,201743
19:20:26,37204,2,199374
19:20:26,17852,6558,201783
19:20:28,19732,1,199368
19:20:28,21924,2,199369
19:20:28,20940,6230,201785
19:20:58,21924,1,199369
19:20:58,17852,6558,201783
19:20:59,19732,2,199368
19:20:59,37204,2,199374
19:21:00,20940,6230,201785
19:21:04,13044,2,199366
19:21:04,24524,7346,201743
19:21:04,18996,7346,201744
19:21:05,27488,1,199367
19:21:12,36220,7344,201745
19:21:34,13044,2,199366
19:21:35,24524,5386,201743
19:21:35,18996,5386,201744
19:21:35,27488,2,199367
19:21:35,36220,5386,201745
19:21:46,20940,8312,201785
19:21:46,37204,1,199374
19:21:46,17852,8312,201783
19:21:46,21924,1,199369
19:21:49,19732,2,199368
19:22:03,24524,5446,201743
19:22:03,13044,2,199366
19:22:04,18996,5446,201744
19:22:05,27488,2,199367
19:22:05,36220,5446,201745
19:22:18,13044,1,199366
19:22:18,24524,5804,201743
19:22:19,36220,5804,201745
19:22:20,18996,5804,201744
19:22:21,20940,7832,201785
19:22:21,19732,2,199368
19:22:22,27488,1,199367
19:22:22,17852,8246,201783
19:22:22,21924,1,199369
19:22:23,37204,1,199374
19:23:00,37204,1,199374
19:23:00,21924,2,199369
19:23:00,20940,7832,201785
19:23:01,17852,8246,201783
19:23:02,19732,1,199368
19:23:07,27488,1,199367
19:23:07,24524,6846,201743
19:23:08,13044,2,199366
19:23:09,36220,6846,201745
19:23:09,18996,6846,201744
19:23:36,19732,1,199368
19:23:36,20940,8312,201785
19:23:36,21924,2,199369
19:23:36,37204,2,199374
19:23:37,17852,8312,201783
19:23:39,27488,2,199367
19:23:39,18996,5442,201744
19:23:39,36220,5442,201745
19:23:40,24524,4838,201743
19:23:40,13044,1,199366
19:24:05,17852,12171,201783
19:24:06,37204,2,199374
19:24:06,21924,1,199369
19:24:08,19732,1,199368
19:24:09,20940,7708,201785
19:24:10,24524,5498,201743
19:24:10,18996,5804,201744
19:24:10,13044,2,199366
19:24:11,36220,5804,201745
19:24:13,27488,2,199367
19:24:42,18996,5334,201744
19:24:42,36220,5332,201745
19:24:42,27488,1,199367
19:24:42,24524,4740,201743
19:24:44,13044,1,199366
19:24:44,17852,9738,201783
19:24:44,21924,1,199369
19:24:45,37204,1,199374
19:24:45,20940,6166,201785
19:24:46,19732,1,199368
19:25:13,37204,1,199374
19:25:13,20940,6230,201785
19:25:15,17852,9837,201783
19:25:15,19732,2,199368
19:25:17,21924,2,199369
19:25:33,18996,5842,201744
19:25:33,13044,2,199366
19:25:34,27488,1,199367
19:25:34,36220,5842,201745
19:25:34,24524,5112,201743
19:25:44,37204,2,199374
19:25:44,17852,9837,201783
19:25:45,20940,6230,201785
19:25:45,19732,2,199368
19:25:47,21924,1,199369
19:26:04,13044,1,199366
19:26:06,24524,4838,201743
19:26:07,18996,5442,201744
19:26:07,36220,5442,201745
19:26:09,27488,1,199367
19:26:13,37204,2,199374
19:26:13,21924,2,199369
19:26:14,17852,9837,201783
19:26:15,20940,6230,201785
19:26:16,19732,2,199368
19:26:37,18996,7286,201744
19:26:38,13044,2,199366
19:26:38,24524,6902,201743
19:26:39,36220,7286,201745
19:26:40,27488,2,199367
19:26:48,20940,6690,201785
19:26:49,19732,1,199368
19:26:49,37204,2,199374
19:26:50,21924,1,199369
19:26:50,17852,10035,201783
19:27:04,13044,2,199366
19:27:04,24524,6902,201743
19:27:06,18996,7286,201744
19:27:06,27488,1,199367
19:27:08,36220,6904,201745
19:27:28,20940,7770,201785
19:27:28,19732,2,199368
19:27:30,37204,2,199374
19:27:30,17852,12270,201783
19:27:32,21924,1,199369
19:27:35,13044,1,199366
19:27:35,24524,6034,201743
19:27:36,18996,6788,201744
19:27:37,36220,6034,201745
19:27:37,27488,1,199367
19:28:02,20940,6230,201785
19:28:02,19732,1,199368
19:28:03,37204,1,199374
19:28:04,17852,9837,201783
19:28:05,21924,2,199369
19:28:17,13044,1,199366
19:28:18,18996,6678,201744
19:28:19,36220,5936,201745
19:28:20,27488,2,199367
19:28:21,24524,5936,201743
19:28:35,37204,1,199374
19:28:35,21924,1,199369
19:28:36,17852,9936,201783
19:28:37,20940,6624,201785
19:28:40,19732,2,199368
19:28:52,18996,6792,201744
19:28:53,27488,1,199367
19:28:53,13044,1,199366
19:28:53,36220,6038,201745
19:28:55,24524,6038,201743
19:29:04,19732,1,199368
19:29:05,37204,2,199374
19:29:05,21924,2,199369
19:29:06,20940,6230,201785
19:29:09,17852,9837,201783
19:29:20,18996,5332,201744
19:29:20,27488,1,199367
19:29:21,13044,2,199366
19:29:21,24524,4740,201743
19:29:22,36220,4740,201745
19:29:37,20940,8312,201785
19:29:37,17852,12468,201783
19:29:40,21924,2,199369
19:29:40,37204,2,199374
19:29:41,19732,2,199368
19:29:55,18996,5442,201744
19:29:56,27488,2,199367
19:29:56,24524,4838,201743
19:29:58,36220,4838,201745
19:29:58,13044,2,199366
19:30:04,17852,12171,201783
19:30:05,21924,1,199369
19:30:06,20940,7708,201785
19:30:06,37204,2,199374
19:30:06,19732,1,199368
19:30:13,36220,5498,201745
19:30:14,13044,2,199366
19:30:14,18996,5804,201744
19:30:14,27488,2,199367
19:30:14,24524,5498,201743
19:30:35,21924,1,199369
19:30:36,17852,12171,201783
19:30:36,37204,1,199374
19:30:36,19732,1,199368
19:30:36,20940,7708,201785
19:30:47,18996,7286,201744
19:30:48,13044,2,199366
19:30:49,24524,6904,201743
19:30:49,36220,6902,201745
19:30:50,27488,1,199367
19:31:09,21924,2,199369
19:31:10,37204,2,199374
19:31:10,20940,7708,201785
19:31:12,19732,2,199368
19:31:12,17852,12171,201783
19:31:21,13044,1,199366
19:31:21,27488,1,199367
19:31:22,36220,5988,201745
19:31:23,18996,6736,201744
19:31:25,24524,5988,201743
19:31:45,37204,1,199374
19:31:45,19732,1,199368
19:31:45,21924,1,199369
19:31:47,17852,12468,201783
19:31:48,20940,8312,201785
19:31:50,18996,5280,201744
19:31:50,36220,4694,201745
19:31:50,24524,4694,201743
19:31:51,27488,2,199367
19:31:57,13044,1,199366
19:32:16,21924,1,199369
19:32:17,17852,10035,201783
19:32:17,19732,2,199368
19:32:18,37204,1,199374
19:32:19,20940,6690,201785
19:32:21,36220,5936,201745
19:32:21,24524,5938,201743
19:32:21,18996,6678,201744
19:32:22,27488,1,199367
19:32:22,13044,2,199366
19:32:40,18996,5804,201744
19:32:40,36220,5498,201745
19:32:41,13044,2,199366
19:32:42,27488,1,199367
19:32:42,24524,5498,201743
19:32:51,20940,8312,201785
19:32:52,37204,2,199374
19:32:52,17852,12468,201783
19:32:52,19732,1,199368
19:32:54,21924,2,199369
19:33:11,13044,1,199366
19:33:12,27488,1,199367
19:33:12,24524,5556,201743
19:33:14,18996,5864,201744
19:33:14,36220,5556,201745
19:33:54,13044,2,199366
19:33:54,27488,1,199367
19:33:54,24524,6034,201743
19:33:55,36220,6036,201745
19:33:58,18996,6790,201744
19:34:34,18996,5390,201744
19:34:35,13044,2,199366
19:34:35,27488,1,199367
19:34:36,24524,4792,201743
19:34:36,36220,4792,201745
19:35:03,24524,5894,201743
19:35:03,36220,5894,201745
19:35:04,13044,2,199366
19:35:05,18996,6630,201744
19:35:05,27488,2,199367
19:35:21,19732,2,199368
19:35:22,17852,12165,201783
19:35:22,37204,1,199374
19:35:26,20940,-30852,201785
19:35:26,21924,2,199369
19:35:38,24524,4840,201743
19:35:38,13044,2,199366
19:35:39,27488,1,199367
19:35:39,18996,5446,201744
19:35:40,36220,4842,201745
19:35:59,19732,2,199368
19:35:59,37204,2,199374
19:36:00,17852,9849,201783
19:36:00,21924,2,199369
19:36:04,27488,2,199367
19:36:04,36220,4744,201745
19:36:05,18996,5336,201744
19:36:06,24524,4744,201743
19:36:07,13044,2,199366
19:36:28,13044,1,199366
19:36:28,36220,4744,201745
19:36:28,27488,1,199367
19:36:29,18996,5336,201744
19:36:30,24524,4744,201743
19:36:33,37204,2,199374
19:36:35,21924,1,199369
19:36:37,19732,1,199368
19:36:39,17852,-27356,201783
19:36:53,18996,5924,201744
19:36:53,36220,5612,201745
19:36:54,27488,1,199367
19:36:54,24524,5612,201743
19:36:54,13044,1,199366
19:36:55,37204,1,199374
19:36:59,21924,2,199369
19:37:09,19732,2,199368
19:40:50,37204,1,199374
19:40:51,21924,1,199369
19:40:52,19732,2,199368
19:41:16,21924,2,199369
19:41:17,37204,1,199374
19:41:18,19732,2,199368
19:41:39,37204,1,199374
19:41:39,19732,1,199368
19:41:40,21924,2,199369
19:42:14,37204,2,199374
19:42:15,21924,2,199369
19:42:17,19732,2,199368
21:20:03,4644,8001,201748
21:20:04,15292,2,199367
21:20:04,13972,9144,201747
21:20:05,22444,1,199368
21:20:05,30588,1,199366
21:20:28,30588,2,199366
21:20:28,15292,1,199367
21:20:28,22444,2,199368
21:20:28,13972,9963,201747
21:20:29,4644,8856,201748
21:21:05,4644,11487,201748
21:21:05,15292,2,199367
21:21:06,13972,12924,201747
21:21:06,22444,2,199368
21:21:08,30588,1,199366
21:21:26,30588,1,199366
21:21:27,22444,2,199368
21:21:27,15292,1,199367
21:21:27,4644,12048,201748
21:21:29,13972,13554,201747
21:21:46,13972,8694,201747
21:21:46,30588,1,199366
21:21:46,4644,7728,201748
21:21:47,22444,1,199368
21:21:47,15292,2,199367
21:22:06,30588,2,199366
21:22:07,15292,2,199367
21:22:07,4644,6525,201748
21:22:08,13972,7458,201747
21:22:08,22444,2,199368
21:22:29,15292,1,199367
21:22:29,30588,1,199366
21:22:30,13972,11712,201747
21:22:37,4644,10410,201748
21:22:37,22444,2,199368
21:22:52,13972,10275,201747
21:22:55,22444,2,199368
21:23:00,4644,8991,201748
21:23:00,30588,1,199366
21:23:03,15292,2,199367
21:23:19,22444,1,199368
21:23:20,30588,2,199366
21:23:21,4644,7593,201748
21:23:21,13972,8541,201747
21:23:29,15292,1,199367
21:23:41,13972,11139,201747
21:23:42,15292,1,199367
21:23:42,30588,1,199366
21:23:46,4644,9900,201748
21:23:48,22444,2,199368
21:24:05,22444,1,199368
21:24:06,13972,8958,201747
21:24:06,15292,2,199367
21:24:07,4644,7839,201748
21:24:11,30588,2,199366
21:24:27,22444,2,199368
21:24:28,4644,11913,201748
21:24:28,30588,1,199366
21:24:29,13972,13401,201747
21:24:30,15292,2,199367
21:24:58,13972,11862,201747
21:24:58,15292,1,199367
21:24:58,4644,10545,201748
21:25:00,22444,2,199368
21:25:02,30588,1,199366
21:25:25,4644,10680,201748
21:25:27,30588,2,199366
21:25:28,22444,2,199368
21:25:28,15292,1,199367
21:25:31,13972,12015,201747
21:25:50,22444,1,199368
21:25:50,4644,9228,201748
21:25:52,13972,10383,201747
21:25:52,15292,2,199367
21:25:58,30588,2,199366
21:26:10,30588,2,199366
21:26:10,4644,10731,201748
21:26:12,15292,2,199367
21:26:13,22444,2,199368
21:26:14,13972,12072,201747
21:26:39,30588,2,199366
21:26:40,4644,8586,201748
21:26:40,13972,9660,201747
21:26:41,15292,2,199367
21:26:41,22444,2,199368
21:27:01,22444,1,199368
21:27:02,15292,1,199367
21:27:02,4644,6525,201748
21:27:03,30588,1,199366
21:27:04,13972,7458,201747
21:27:32,22444,1,199368
21:27:32,4644,8535,201748
21:27:32,13972,9603,201747
21:27:33,15292,2,199367
21:27:33,30588,2,199366
21:27:59,30588,1,199366
21:28:00,15292,2,199367
21:28:00,13972,9297,201747
21:28:01,22444,2,199368
21:28:02,4644,8265,201748
21:28:24,22444,2,199368
21:28:24,4644,9228,201748
21:28:26,15292,2,199367
21:28:27,13972,10383,201747
21:28:28,30588,1,199366
21:28:44,15292,2,199367
21:28:44,4644,10410,201748
21:28:46,30588,2,199366
21:28:46,13972,11712,201747
21:28:47,22444,1,199368
21:29:11,15292,1,199367
21:29:12,13972,11652,201747
21:29:14,4644,10356,201748
21:29:14,30588,2,199366
21:29:18,22444,1,199368
21:29:37,30588,2,199366
21:29:38,13972,13554,201747
21:29:40,4644,12048,201748
21:29:41,15292,1,199367
21:29:51,22444,1,199368
21:30:09,4644,11859,201748
21:30:09,13972,13341,201747
21:30:09,22444,2,199368
21:30:09,30588,2,199366
21:30:09,15292,1,199367
21:30:40,13972,14217,201747
21:30:41,4644,12636,201748
21:30:42,15292,2,199367
21:30:43,22444,1,199368
21:30:43,30588,1,199366
21:31:05,30588,1,199366
21:31:05,4644,10866,201748
21:31:05,22444,1,199368
21:31:06,15292,1,199367
21:31:08,13972,12225,201747
21:31:26,4644,7404,201748
21:31:26,22444,2,199368
21:31:27,30588,1,199366
21:31:29,15292,2,199367
21:31:29,13972,8331,201747
21:31:50,30588,2,199366
21:31:50,22444,2,199368
21:31:51,13972,7593,201747
21:31:51,15292,2,199367
21:31:52,4644,7593,201748
21:32:25,15292,1,199367
21:32:25,30588,1,199366
21:32:25,4644,11994,201748
21:32:25,22444,2,199368
21:32:30,13972,11994,201747
21:32:50,30588,1,199366
21:32:50,15292,2,199367
21:32:51,4644,10224,201748
21:32:52,22444,1,199368
21:32:53,13972,10224,201747
21:33:19,15292,2,199367
21:33:19,13972,11859,201747
21:33:20,30588,2,199366
21:33:22,4644,11859,201748
21:33:24,22444,1,199368
21:33:54,15292,2,199367
21:33:54,22444,2,199368
21:33:56,13972,12825,201747
21:33:56,4644,12825,201748
21:33:57,30588,2,199366
21:34:16,30588,1,199366
21:34:16,4644,6525,201748
21:34:16,15292,1,199367
21:34:17,22444,2,199368
21:34:20,13972,6525,201747
21:34:37,13972,7914,201747
21:34:37,15292,2,199367
21:34:37,30588,2,199366
21:34:39,4644,7914,201748
21:34:40,22444,2,199368
21:35:08,22444,1,199368
21:35:08,15292,1,199367
21:35:09,4644,7914,201748
21:35:10,13972,7914,201747
21:35:11,30588,2,199366
21:35:28,4644,10749,201748
21:35:28,22444,1,199368
21:35:28,15292,2,199367
21:35:29,13972,10749,201747
21:35:31,30588,1,199366
21:35:57,30588,2,199366
21:35:57,4644,10302,201748
21:35:57,22444,1,199368
21:35:58,15292,1,199367
21:36:00,13972,10302,201747
21:36:27,22444,2,199368
21:36:28,13972,12825,201747
21:36:28,30588,1,199366
21:36:28,4644,12825,201748
21:36:28,15292,1,199367
21:36:52,4644,9363,201748
21:36:53,30588,2,199366
21:36:54,13972,9363,201747
21:36:55,22444,2,199368
21:36:56,15292,1,199367
21:37:20,22444,1,199368
21:37:21,15292,2,199367
21:37:22,13972,8856,201747
21:37:22,30588,2,199366
21:37:23,4644,8856,201748
21:37:45,15292,1,199367
21:37:45,13972,7914,201747
21:37:45,30588,1,199366
21:37:45,4644,7914,201748
21:37:45,22444,1,199368
21:38:06,22444,2,199368
21:38:06,15292,1,199367
21:38:08,30588,1,199366
21:38:09,13972,9363,201747
21:38:11,4644,9363,201748
21:38:32,13972,11403,201747
21:38:32,15292,2,199367
21:38:33,4644,11403,201748
21:38:34,22444,2,199368
21:38:34,30588,2,199366
21:38:53,13972,10866,201747
21:38:53,22444,2,199368
21:38:53,15292,2,199367
21:38:54,4644,10866,201748
21:38:58,30588,2,199366
21:39:18,30588,2,199366
21:39:18,22444,1,199368
21:39:18,15292,2,199367
21:39:19,13972,12048,201747
21:39:20,4644,12048,201748
21:39:36,30588,1,199366
21:39:37,13972,6405,201747
21:39:38,15292,1,199367
21:39:39,22444,2,199368
21:39:40,4644,6405,201748
21:39:59,22444,1,199368
21:40:00,30588,1,199366
21:40:00,15292,2,199367
21:40:01,13972,11673,201747
21:40:09,4644,11673,201748
21:40:31,30588,1,199366
21:40:35,15292,2,199367
21:40:36,13972,11859,201747
21:40:38,22444,1,199368
21:40:50,4644,11859,201748
21:40:59,13972,12555,201747
21:41:01,30588,1,199366
21:41:03,22444,2,199368
21:41:04,15292,2,199367
21:41:13,30588,2,199366
21:41:13,22444,1,199368
21:41:13,4644,12555,201748
21:41:14,13972,10467,201747
21:41:21,15292,1,199367
21:41:24,4644,10467,201748
21:41:36,4644,10731,201748
21:41:37,13972,10731,201747
21:41:37,22444,2,199368
21:41:39,30588,2,199366
21:41:39,15292,2,199367
21:41:57,22444,2,199368
21:41:59,15292,2,199367
21:42:00,13972,9042,201747
21:42:00,4644,9042,201748
21:42:00,30588,1,199366
21:42:23,22444,1,199368
21:42:23,30588,2,199366
21:42:23,13972,8772,201747
21:42:23,4644,8772,201748
21:42:24,15292,2,199367
21:42:46,15292,2,199367
21:42:46,13972,7728,201747
21:42:47,22444,1,199368
21:42:47,4644,7728,201748
21:42:50,30588,1,199366
21:43:14,22444,2,199368
21:43:15,4644,9900,201748
21:43:16,15292,2,199367
21:43:19,30588,1,199366
21:43:20,13972,9900,201747
21:43:37,13972,9552,201747
21:43:38,15292,2,199367
21:43:38,30588,2,199366
21:43:39,22444,1,199368
21:43:40,4644,9552,201748
21:44:04,15292,1,199367
21:44:04,13972,10731,201747
21:44:04,22444,1,199368
21:44:06,30588,1,199366
21:44:07,4644,10731,201748
21:44:28,15292,1,199367
21:44:28,30588,2,199366
21:44:28,4644,7404,201748
21:44:29,22444,1,199368
21:44:29,13972,7404,201747
21:44:47,15292,1,199367
21:44:47,22444,1,199368
21:44:47,30588,2,199366
21:44:47,4644,9228,201748
21:44:50,13972,9228,201747
21:45:09,4644,8076,201748
21:45:09,15292,1,199367
21:45:10,30588,2,199366
21:45:10,22444,1,199368
21:45:11,13972,9228,201747
21:45:32,15292,1,199367
21:45:33,22444,1,199368
21:45:33,13972,6687,201747
21:45:34,30588,1,199366
21:45:35,4644,5253,201748
21:45:58,22444,1,199368
21:45:59,30588,2,199366
21:45:59,15292,2,199367
21:46:02,13972,11859,201747
21:46:02,4644,10377,201748
21:46:22,4644,8238,201748
21:46:23,13972,9417,201747
21:46:24,22444,2,199368
21:46:25,15292,1,199367
21:46:34,30588,1,199366
21:46:49,30588,1,199366
21:46:49,15292,2,199367
21:46:51,4644,6159,201748
21:46:51,13972,7839,201747
21:46:52,22444,1,199368
21:47:16,4644,9462,201748
21:47:18,30588,2,199366
21:47:19,13972,10815,201747
21:47:20,22444,2,199368
21:47:21,15292,2,199367
21:47:41,4644,8826,201748
21:47:41,15292,1,199367
21:47:42,13972,10089,201747
21:47:44,22444,1,199368
21:47:48,30588,1,199366
21:48:06,30588,1,199366
21:48:07,13972,8856,201747
21:48:07,4644,7749,201748
21:48:08,22444,2,199368
21:48:08,15292,1,199367
21:48:25,13972,9228,201747
21:48:25,15292,2,199367
21:48:26,30588,1,199366
21:48:26,4644,8076,201748
21:48:26,22444,2,199368
21:48:50,15292,1,199367
21:48:52,22444,2,199368
21:48:53,13972,8772,201747
21:48:55,30588,1,199366
21:48:55,4644,7677,201748
21:49:22,22444,1,199368
21:49:23,15292,2,199367
21:49:23,13972,11673,201747
21:49:25,30588,1,199366
21:49:25,4644,10212,201748
21:49:46,30588,2,199366
21:49:46,13972,9228,201747
21:49:47,15292,2,199367
21:49:48,22444,1,199368
21:49:48,4644,8076,201748
21:50:16,30588,1,199366
21:50:17,15292,2,199367
21:50:18,4644,9225,201748
21:50:20,13972,10545,201747
21:50:22,22444,1,199368
21:50:39,22444,2,199368
21:50:40,4644,9507,201748
21:50:40,30588,1,199366
21:50:43,15292,2,199367
21:50:44,13972,10866,201747
21:51:01,30588,1,199366
21:51:01,15292,1,199367
21:51:02,4644,8316,201748
21:51:03,22444,2,199368
21:51:05,13972,10584,201747
21:51:26,30588,1,199366
21:51:26,13972,10680,201747
21:51:27,4644,9345,201748
21:51:28,22444,2,199368
21:51:29,15292,1,199367
21:51:50,4644,5349,201748
21:51:51,15292,1,199367
21:51:51,30588,1,199366
21:51:51,13972,6807,201747
21:51:54,22444,1,199368
21:52:12,22444,1,199368
21:52:12,15292,2,199367
21:52:12,30588,2,199366
21:52:13,4644,8781,201748
21:52:16,13972,10035,201747
21:52:42,15292,2,199367
21:52:42,4644,9744,201748
21:52:43,22444,1,199368
21:52:45,30588,1,199366
21:52:48,13972,11136,201747
21:53:07,22444,2,199368
21:53:07,30588,1,199366
21:53:08,13972,10224,201747
21:53:11,4644,8946,201748
21:53:12,15292,1,199367
21:53:35,22444,1,199368
21:53:36,15292,1,199367
21:53:37,30588,1,199366
21:53:41,13972,9228,201747
21:53:44,4644,8076,201748
21:53:55,13972,9096,201747
21:53:56,22444,1,199368
21:53:57,15292,1,199367
21:54:01,30588,1,199366
21:54:10,4644,7959,201748
21:54:19,15292,1,199367
21:54:19,30588,2,199366
21:54:21,22444,2,199368
21:54:21,13972,12234,201747
21:54:26,4644,10704,201748
21:54:47,4644,-15012,201748
21:54:48,13972,11091,201747
21:54:49,15292,2,199367
21:54:49,22444,2,199368
21:54:49,30588,2,199366
21:55:08,13972,8832,201747
21:55:09,22444,1,199368
21:55:09,30588,2,199366
21:55:11,15292,2,199367
21:55:36,15292,1,199367
21:55:36,30588,1,199366
21:55:36,22444,1,199368
21:55:39,13972,7158,201747
21:55:55,15292,2,199367
21:55:55,13972,7209,201747
21:55:57,22444,1,199368
21:56:00,30588,2,199366
21:56:24,15292,2,199367
21:56:24,22444,2,199368
21:56:26,30588,2,199366
21:56:27,13972,12264,201747
21:56:43,15292,2,199367
21:56:44,13972,7527,201747
21:56:44,22444,1,199368
21:56:45,30588,1,199366
21:57:09,30588,1,199366
21:57:09,15292,1,199367
21:57:11,22444,1,199368
21:57:11,13972,9285,201747
21:57:36,30588,2,199366
21:57:37,22444,2,199368
21:57:37,13972,10773,201747
21:57:38,15292,2,199367
21:58:01,13972,5301,201747
21:58:03,15292,1,199367
21:58:03,22444,2,199368
21:58:04,30588,2,199366
21:58:24,22444,1,199368
21:58:24,15292,2,199367
21:58:25,30588,1,199366
21:58:25,13972,6819,201747
21:58:54,13972,6819,201747
21:58:55,15292,2,199367
21:58:56,22444,1,199368
21:59:00,30588,1,199366
21:59:20,15292,2,199367
21:59:22,22444,2,199368
21:59:22,13972,6426,201747
21:59:22,30588,1,199366
21:59:44,13972,10332,201747
21:59:46,22444,1,199368
21:59:46,15292,1,199367
21:59:47,30588,1,199366
22:00:09,13972,7683,201747
22:00:10,15292,2,199367
22:00:10,22444,1,199368
22:00:11,30588,2,199366
22:00:36,13972,9543,201747
22:00:38,30588,2,199366
22:00:38,22444,1,199368
22:00:38,15292,2,199367
22:01:02,30588,2,199366
22:01:02,15292,2,199367
22:01:03,22444,1,199368
22:01:03,13972,6306,201747
22:01:27,15292,2,199367
22:01:28,13972,7566,201747
22:01:28,22444,1,199368
22:01:29,30588,2,199366
22:01:51,30588,1,199366
22:01:52,22444,1,199368
22:01:53,15292,1,199367
22:01:56,13972,10332,201747
22:02:17,30588,1,199366
22:02:19,22444,2,199368
22:02:19,15292,2,199367
22:02:23,13972,10611,201747
22:03:42,22444,2,199368
22:03:43,15292,1,199367
22:03:44,4644,5802,201748
22:03:46,30588,1,199366
22:03:46,13972,5802,201747
22:04:05,4644,5484,201748
22:04:06,15292,1,199367
22:04:06,22444,2,199368
22:04:11,13972,5484,201747
22:04:12,30588,1,199366
22:04:22,15292,2,199367
22:04:22,4644,7764,201748
22:04:24,22444,1,199368
22:04:26,13972,7764,201747
22:04:34,30588,1,199366
22:04:47,22444,2,199368
22:04:47,4644,4545,201748
22:04:48,30588,2,199366
22:04:52,15292,1,199367
22:04:56,13972,4545,201747
22:05:07,15292,1,199367
22:05:08,30588,1,199366
22:05:08,4644,5397,201748
22:05:08,13972,5397,201747
22:05:13,22444,2,199368
22:05:30,30588,1,199366
22:05:30,22444,2,199368
22:05:32,4644,5328,201748
22:05:33,15292,2,199367
22:05:34,13972,5328,201747
22:05:52,4644,5958,201748
22:05:53,13972,5958,201747
22:05:53,15292,2,199367
22:05:53,22444,2,199368
22:05:54,30588,2,199366
22:06:15,15292,2,199367
22:06:16,22444,1,199368
22:06:16,4644,5823,201748
22:06:18,13972,5823,201747
22:06:19,30588,1,199366
22:06:37,30588,1,199366
22:06:37,13972,3852,201747
22:06:37,15292,2,199367
22:06:37,22444,2,199368
22:06:38,4644,3852,201748
22:06:54,15292,1,199367
22:06:54,22444,2,199368
22:06:56,30588,1,199366
22:06:57,13972,5085,201747
22:07:04,4644,5085,201748
22:07:18,30588,2,199366
22:07:18,13972,6687,201747
22:07:18,15292,1,199367
22:07:19,4644,6687,201748
22:07:20,22444,1,199368
22:07:39,13972,5901,201747
22:07:39,15292,1,199367
22:07:39,22444,1,199368
22:07:44,4644,5901,201748
22:07:46,30588,2,199366
22:08:05,4644,8370,201748
22:08:06,30588,1,199366
22:08:06,15292,1,199367
22:08:07,22444,1,199368
22:08:08,13972,8370,201747
22:08:32,22444,1,199368
22:08:33,4644,7167,201748
22:08:33,13972,7167,201747
22:08:33,15292,1,199367
22:08:35,30588,2,199366
22:08:54,22444,2,199368
22:08:54,4644,7335,201748
22:08:55,30588,2,199366
22:08:59,13972,7335,201747
22:09:00,15292,2,199367
22:09:15,13972,8313,201747
22:09:15,15292,1,199367
22:09:15,4644,8313,201748
22:09:16,30588,1,199366
22:09:18,22444,2,199368
22:09:41,15292,1,199367
22:09:41,22444,2,199368
22:09:44,4644,10422,201748
22:09:44,13972,10422,201747
22:09:45,30588,2,199366
22:10:03,13972,7350,201747
22:10:04,15292,1,199367
22:10:04,22444,1,199368
22:10:06,4644,7350,201748
22:10:13,30588,2,199366
22:10:24,15292,2,199367
22:10:25,4644,7065,201748
22:10:26,13972,7065,201747
22:10:27,22444,2,199368
22:10:32,30588,1,199366
22:11:15,4644,10821,201748
22:11:16,22444,1,199368
22:11:17,30588,1,199366
22:11:17,15292,2,199367
22:11:19,13972,10821,201747
22:11:41,4644,7959,201748
22:11:41,30588,1,199366
22:11:43,15292,2,199367
22:11:43,22444,2,199368
22:11:49,13972,7959,201747
22:12:12,22444,1,199368
22:12:12,30588,1,199366
22:12:12,13972,10776,201747
22:12:13,15292,2,199367
22:12:20,4644,10776,201748
22:12:37,15292,2,199367
22:12:39,30588,2,199366
22:12:39,13972,6198,201747
22:12:41,22444,1,199368
22:12:42,4644,6198,201748
22:13:02,22444,2,199368
22:13:02,30588,2,199366
22:13:04,4644,6315,201748
22:13:07,13972,6315,201747
22:13:09,15292,1,199367
22:13:22,30588,1,199366
22:13:23,13972,10986,201747
22:13:23,4644,10986,201748
22:13:24,15292,1,199367
22:13:27,22444,1,199368
22:13:45,13972,6363,201747
22:13:45,4644,6363,201748
22:13:46,15292,1,199367
22:13:46,30588,1,199366
22:13:49,22444,2,199368
22:14:12,30588,2,199366
22:14:12,15292,2,199367
22:14:13,4644,9624,201748
22:14:13,22444,2,199368
22:14:17,13972,9624,201747
22:14:36,30588,1,199366
22:14:36,15292,2,199367
22:14:37,22444,2,199368
22:14:37,4644,8358,201748
22:14:37,13972,8358,201747
22:15:05,4644,9345,201748
22:15:06,15292,2,199367
22:15:07,13972,9345,201747
22:15:09,30588,2,199366
22:15:11,22444,2,199368
22:15:37,15292,1,199367
22:15:38,30588,1,199366
22:15:39,4644,10659,201748
22:15:41,22444,2,199368
22:15:42,13972,10659,201747
22:16:05,15292,2,199367
22:16:06,4644,8946,201748
22:16:07,13972,8946,201747
22:16:08,22444,1,199368
22:16:11,30588,2,199366
22:16:25,30588,2,199366
22:16:26,13972,7191,201747
22:16:28,15292,2,199367
22:16:32,4644,7191,201748
22:16:39,22444,1,199368
22:16:51,15292,1,199367
22:16:51,22444,2,199368
22:16:52,13972,8031,201747
22:16:52,4644,8031,201748
22:16:59,30588,1,199366
22:17:13,13972,4905,201747
22:17:13,4644,4905,201748
22:17:14,22444,2,199368
22:17:17,15292,1,199367
22:17:19,30588,2,199366
22:17:33,15292,2,199367
22:17:34,4644,8238,201748
22:17:36,30588,2,199366
22:17:36,22444,2,199368
22:17:37,13972,8238,201747
22:17:58,22444,2,199368
22:17:59,4644,8076,201748
22:17:59,15292,2,199367
22:18:00,30588,2,199366
22:18:02,13972,8076,201747
22:18:24,30588,2,199366
22:18:24,4644,8826,201748
22:18:24,13972,8826,201747
22:18:25,22444,1,199368
22:18:27,15292,2,199367
22:18:51,15292,1,199367
22:18:52,22444,2,199368
22:18:54,4644,10212,201748
22:18:55,30588,2,199366
22:19:01,13972,10212,201747
22:19:15,13972,8076,201747
22:19:16,22444,2,199368
22:19:17,4644,8076,201748
22:19:19,15292,1,199367
22:19:21,30588,1,199366
22:19:42,15292,1,199367
22:19:42,22444,2,199368
22:19:44,13972,8076,201747
22:19:44,4644,8076,201748
22:19:48,30588,1,199366
22:20:02,13972,8547,201747
22:20:03,22444,2,199368
22:20:05,4644,8547,201748
22:20:06,15292,2,199367
22:20:09,30588,1,199366
22:20:30,22444,1,199368
22:20:30,30588,1,199366
22:20:31,13972,6762,201747
22:20:32,15292,2,199367
22:20:36,4644,6762,201748
22:20:55,30588,2,199366
22:20:55,13972,8901,201747
22:20:55,22444,2,199368
22:20:56,4644,8901,201748
22:20:56,15292,1,199367
22:21:25,4644,8076,201748
22:21:25,15292,2,199367
22:21:25,30588,2,199366
22:21:26,13972,8076,201747
22:21:27,22444,1,199368
22:21:50,15292,1,199367
22:21:52,13972,9108,201747
22:21:52,22444,2,199368
22:21:52,30588,2,199366
22:21:53,4644,9108,201748
22:22:17,30588,1,199366
22:22:18,22444,2,199368
22:22:19,13972,9108,201747
22:22:19,4644,9108,201748
22:22:20,15292,1,199367
22:22:38,22444,1,199368
22:22:38,30588,1,199366
22:22:39,4644,6081,201748
22:22:39,13972,6081,201747
22:22:40,15292,2,199367
22:23:07,4644,9183,201748
22:23:07,22444,2,199368
22:23:08,13972,9183,201747
22:23:10,30588,2,199366
22:23:11,15292,1,199367
22:23:31,13972,7284,201747
22:23:33,15292,1,199367
22:23:33,30588,1,199366
22:23:35,22444,1,199368
22:23:36,4644,7284,201748
22:23:58,22444,2,199368
22:23:58,30588,2,199366
22:23:59,15292,2,199367
22:24:00,4644,9225,201748
22:24:04,13972,9225,201747
22:24:26,15292,2,199367
22:24:26,22444,2,199368
22:24:27,4644,8358,201748
22:24:30,30588,1,199366
22:24:31,13972,8358,201747
22:24:48,22444,2,199368
22:24:49,4644,10095,201748
22:24:49,13972,10095,201747
22:24:49,30588,1,199366
22:24:50,15292,1,199367
22:25:11,4644,9225,201748
22:25:12,15292,2,199367
22:25:12,30588,2,199366
22:25:15,13972,9225,201747
22:25:21,22444,1,199368
22:25:35,15292,2,199367
22:25:35,30588,1,199366
22:25:37,4644,6597,201748
22:25:37,13972,6597,201747
22:25:38,22444,2,199368
22:25:57,13972,7677,201747
22:25:57,22444,2,199368
22:25:58,15292,1,199367
22:25:59,30588,2,199366
22:26:02,4644,7677,201748
22:26:15,13972,6924,201747
22:26:15,15292,2,199367
22:26:15,4644,6924,201748
22:26:18,30588,1,199366
22:26:19,22444,2,199368
22:26:36,15292,1,199367
22:26:36,30588,2,199366
22:26:39,13972,9390,201747
22:26:40,22444,1,199368
22:26:40,4644,9390,201748
22:27:12,22444,2,199368
22:27:13,4644,9624,201748
22:27:13,30588,1,199366
22:27:16,15292,2,199367
22:27:18,13972,9624,201747
22:27:36,15292,2,199367
22:27:36,4644,6378,201748
22:27:38,22444,2,199368
22:27:38,13972,6378,201747
22:27:40,30588,2,199366
22:28:01,30588,1,199366
22:28:04,15292,2,199367
22:28:04,22444,1,199368
22:28:05,4644,8946,201748
22:28:08,13972,8946,201747
22:28:28,30588,2,199366
22:28:28,13972,9225,201747
22:28:29,22444,1,199368
22:28:30,15292,2,199367
22:28:35,4644,9225,201748
22:28:51,30588,1,199366
22:28:51,15292,2,199367
22:28:51,22444,2,199368
22:28:52,13972,7677,201747
22:28:54,4644,7677,201748
22:29:08,30588,1,199366
22:29:09,4644,7512,201748
22:29:10,15292,1,199367
22:29:10,22444,2,199368
22:29:11,13972,7512,201747
22:29:32,22444,2,199368
22:29:33,30588,2,199366
22:29:35,4644,5127,201748
22:29:35,13972,5127,201747
22:29:37,15292,1,199367
22:29:58,30588,2,199366
22:29:58,22444,1,199368
22:29:58,13972,9507,201747
22:29:59,4644,9507,201748
22:30:00,15292,2,199367
22:30:21,22444,2,199368
22:30:21,15292,2,199367
22:30:22,4644,6315,201748
22:30:24,13972,6315,201747
22:30:29,30588,1,199366
22:30:37,15292,1,199367
22:30:39,4644,10143,201748
22:30:39,30588,2,199366
22:30:39,13972,10143,201747
22:30:42,22444,2,199368
22:31:00,30588,1,199366
22:31:00,13972,6480,201747
22:31:02,15292,2,199367
22:31:02,22444,1,199368
22:31:03,4644,6480,201748
22:31:23,15292,2,199367
22:31:23,22444,2,199368
22:31:23,13972,9225,201747
22:31:25,30588,1,199366
22:31:28,4644,7248,201748
22:31:47,15292,1,199367
22:31:47,22444,2,199368
22:31:47,4644,7377,201748
22:31:48,13972,9390,201747
22:31:49,30588,1,199366
22:32:20,15292,1,199367
22:32:21,4644,7029,201748
22:32:22,22444,2,199368
22:32:25,30588,2,199366
22:32:27,13972,8946,201747
22:32:50,22444,1,199368
22:32:51,13972,7794,201747
22:32:52,15292,2,199367
22:32:54,30588,2,199366
22:32:54,4644,6123,201748
22:33:14,22444,1,199368
22:33:15,4644,5091,201748
22:33:15,30588,2,199366
22:33:17,13972,6480,201747
22:33:19,15292,2,199367
22:33:40,13972,7911,201747
22:33:41,4644,6216,201748
22:33:42,15292,1,199367
22:33:42,30588,2,199366
22:33:42,22444,1,199368
22:34:04,22444,2,199368
22:34:05,15292,1,199367
22:34:06,4644,5091,201748
22:34:06,13972,6480,201747
22:34:08,30588,2,199366
22:34:23,15292,1,199367
22:34:24,13972,6066,201747
22:34:24,4644,4410,201748
22:34:30,30588,2,199366
22:34:30,22444,2,199368
22:34:47,4644,6309,201748
22:34:48,15292,1,199367
22:34:50,13972,8031,201747
22:34:53,30588,1,199366
22:34:59,22444,1,199368
22:35:08,15292,1,199367
22:35:08,30588,2,199366
22:35:09,4644,4776,201748
22:35:18,22444,1,199368
22:35:24,13972,6081,201747
22:35:28,15292,2,199367
22:35:29,30588,2,199366
22:35:29,4644,5994,201748
22:35:31,22444,1,199368
22:35:40,13972,7629,201747
22:35:46,30588,1,199366
22:35:47,22444,2,199368
22:35:47,4644,3729,201748
22:35:48,15292,2,199367
22:35:52,13972,5127,201747
22:36:09,4644,7377,201748
22:36:09,15292,2,199367
22:36:10,13972,9390,201747
22:36:11,30588,1,199366
22:36:11,22444,1,199368
22:36:30,4644,5091,201748
22:36:31,15292,1,199367
22:36:31,22444,2,199368
22:36:39,30588,2,199366
22:36:40,13972,5091,201747
22:36:47,13972,3660,201747
22:36:47,30588,1,199366
22:36:47,15292,2,199367
22:36:50,22444,2,199368
22:36:51,4644,3660,201748
22:37:15,4644,5439,201748
22:37:15,13972,5439,201747
22:37:17,15292,1,199367
22:37:19,30588,1,199366
22:37:20,22444,2,199368
22:37:40,4644,5313,201748
22:37:41,13972,5313,201747
22:37:43,15292,2,199367
22:37:43,22444,1,199368
22:37:55,30588,2,199366
22:38:06,30588,1,199366
22:38:06,15292,1,199367
22:38:06,13972,7470,201747
22:38:09,4644,7470,201748
22:38:10,22444,2,199368
22:38:25,15292,2,199367
22:38:26,30588,1,199366
22:38:28,13972,8409,201747
22:38:30,4644,8409,201748
22:38:31,22444,2,199368
22:38:47,30588,1,199366
22:38:49,4644,8409,201748
22:38:49,13972,8409,201747
22:38:50,15292,1,199367
22:38:50,22444,2,199368
22:39:05,13972,3729,201747
22:39:06,22444,1,199368
22:39:06,4644,3729,201748
22:39:08,15292,2,199367
22:39:12,30588,1,199366
22:39:34,30588,1,199366
22:39:35,15292,2,199367
22:39:36,22444,1,199368
22:39:37,13972,6936,201747
22:39:41,4644,6936,201748
22:39:52,13972,7896,201747
22:39:53,30588,2,199366
22:39:54,22444,2,199368
22:39:55,4644,7896,201748
22:39:56,15292,2,199367
22:40:19,22444,1,199368
22:40:20,30588,2,199366
22:40:20,4644,7803,201748
22:40:24,13972,7803,201747
22:40:35,15292,2,199367
22:40:41,30588,1,199366
22:40:42,13972,6123,201747
22:40:45,15292,1,199367
22:40:45,4644,6123,201748
22:40:49,22444,2,199368
22:41:03,30588,2,199366
22:41:04,13972,6345,201747
22:41:05,15292,1,199367
22:41:05,22444,2,199368
22:41:10,4644,6345,201748
22:41:28,4644,6345,201748
22:41:29,13972,6345,201747
22:41:29,30588,1,199366
22:41:30,15292,2,199367
22:41:36,22444,2,199368
22:41:47,13972,6807,201747
22:41:49,30588,2,199366
22:41:50,4644,6807,201748
22:41:50,22444,1,199368
22:41:51,15292,1,199367
22:42:18,22444,1,199368
22:42:19,13972,5298,201747
22:42:19,30588,2,199366
22:42:19,15292,1,199367
22:42:20,4644,5298,201748
22:42:45,15292,2,199367
22:42:45,4644,8373,201748
22:42:46,30588,2,199366
22:42:46,22444,1,199368
22:42:48,13972,8373,201747
22:43:07,15292,2,199367
22:43:09,30588,2,199366
22:43:09,13972,5886,201747
22:43:10,4644,5886,201748
22:43:11,22444,2,199368
22:43:34,15292,2,199367
22:43:34,30588,1,199366
22:43:37,22444,1,199368
22:43:38,13972,5184,201747
22:43:41,4644,5184,201748
22:44:03,22444,2,199368
22:44:04,15292,1,199367
22:44:05,30588,1,199366
22:44:05,13972,7215,201747
22:44:06,4644,7215,201748
22:44:23,13972,6216,201747
22:44:23,22444,2,199368
22:44:24,30588,2,199366
22:44:25,15292,1,199367
22:44:26,4644,6216,201748
22:44:48,4644,7599,201748
22:44:49,22444,1,199368
22:44:49,13972,7599,201747
22:44:49,15292,2,199367
22:44:50,30588,2,199366
22:45:10,4644,5403,201748
22:45:11,15292,2,199367
22:45:12,22444,2,199368
22:45:13,30588,1,199366
22:45:16,13972,5403,201747
22:45:38,22444,1,199368
22:45:39,15292,2,199367
22:45:40,4644,5532,201748
22:45:40,30588,1,199366
22:45:43,13972,5532,201747
22:45:57,15292,2,199367
22:45:57,4644,5136,201748
22:45:58,13972,5136,201747
22:46:00,30588,2,199366
22:46:03,22444,1,199368
22:46:21,30588,1,199366
22:46:23,15292,2,199367
22:46:23,13972,7377,201747
22:46:23,4644,7377,201748
22:46:28,22444,1,199368
22:46:48,4644,7248,201748
22:46:48,15292,1,199367
22:46:48,30588,1,199366
22:46:49,22444,2,199368
22:46:49,13972,7248,201747
22:47:11,15292,2,199367
22:47:11,22444,1,199368
22:47:13,30588,2,199366
22:47:13,4644,7248,201748
22:47:19,13972,7248,201747
22:47:32,30588,1,199366
22:47:32,15292,1,199367
22:47:34,4644,7029,201748
22:47:34,22444,2,199368
22:47:34,13972,7029,201747
22:48:00,13972,6936,201747
22:48:01,22444,1,199368
22:48:01,4644,6936,201748
22:48:01,30588,2,199366
22:48:04,15292,1,199367
22:48:33,4644,7341,201748
22:48:33,30588,1,199366
22:48:35,22444,1,199368
22:48:36,15292,1,199367
22:48:38,13972,7341,201747
22:48:59,30588,2,199366
22:48:59,15292,2,199367
22:49:01,22444,2,199368
22:49:03,4644,5313,201748
22:49:03,13972,5313,201747
22:49:26,22444,1,199368
22:49:26,15292,1,199367
22:49:27,4644,6030,201748
22:49:29,13972,6030,201747
22:49:32,30588,1,199366
22:49:52,30588,1,199366
22:49:52,4644,6936,201748
22:49:52,13972,6936,201747
22:49:53,15292,2,199367
22:49:57,22444,2,199368
22:50:14,15292,1,199367
22:50:15,30588,1,199366
22:50:16,22444,1,199368
22:50:16,13972,7599,201747
22:50:17,4644,7599,201748
22:50:38,30588,2,199366
22:50:38,22444,2,199368
22:50:39,13972,5901,201747
22:50:42,15292,1,199367
22:50:44,4644,5901,201748
22:51:03,15292,1,199367
22:51:04,22444,1,199368
22:51:05,30588,2,199366
22:51:09,13972,7029,201747
22:51:10,4644,7029,201748
22:51:26,22444,1,199368
22:51:27,4644,5994,201748
22:51:28,30588,2,199366
22:51:28,15292,1,199367
22:51:32,13972,5994,201747
22:51:49,22444,2,199368
22:51:50,30588,1,199366
22:51:50,15292,1,199367
22:51:51,13972,6090,201747
22:51:53,4644,6090,201748
22:52:20,15292,2,199367
22:52:20,4644,5460,201748
22:52:20,13972,5460,201747
22:52:21,30588,2,199366
22:52:21,22444,1,199368
22:52:35,4644,4740,201748
22:52:36,30588,1,199366
22:52:37,15292,1,199367
22:52:37,22444,2,199368
22:52:38,13972,4740,201747
22:53:00,15292,1,199367
22:53:00,22444,1,199368
22:53:01,4644,5091,201748
22:53:02,13972,5091,201747
22:53:02,30588,2,199366
22:53:25,4644,7746,201748
22:53:25,30588,1,199366
22:53:26,22444,1,199368
22:53:27,15292,2,199367
22:53:36,13972,7746,201747
22:53:52,15292,2,199367
22:53:52,4644,5313,201748
22:53:53,22444,2,199368
22:53:58,30588,1,199366
22:54:02,13972,5313,201747
22:54:11,15292,1,199367
22:54:11,22444,2,199368
22:54:12,4644,5313,201748
22:54:15,30588,1,199366
22:54:16,13972,5313,201747
22:54:26,13972,5136,201747
22:54:26,22444,1,199368
22:54:27,15292,1,199367
22:54:29,30588,2,199366
22:54:33,4644,5136,201748
22:54:50,30588,1,199366
22:54:51,15292,1,199367
22:54:53,22444,2,199368
22:54:57,13972,8154,201747
22:54:58,4644,8154,201748
22:55:20,15292,1,199367
22:55:22,13972,7470,201747
22:55:23,4644,7470,201748
22:55:23,30588,2,199366
22:55:25,22444,2,199368
22:55:41,4644,6216,201748
22:55:41,30588,1,199366
22:55:41,15292,2,199367
22:55:41,13972,6216,201747
22:55:43,22444,2,199368
22:56:00,13972,4869,201747
22:56:01,4644,4869,201748
22:56:01,30588,2,199366
22:56:02,15292,1,199367
22:56:05,22444,1,199368
22:56:30,4644,5184,201748
22:56:30,22444,1,199368
22:56:32,15292,1,199367
22:56:34,13972,5184,201747
22:56:35,30588,2,199366
22:56:51,4644,4479,201748
22:56:51,30588,2,199366
22:56:51,15292,1,199367
22:56:51,13972,4479,201747
22:56:52,22444,2,199368
22:57:20,13972,7029,201747
22:57:21,15292,1,199367
22:57:21,22444,2,199368
22:57:22,30588,2,199366
22:57:23,4644,7029,201748
22:57:47,30588,2,199366
22:57:50,15292,1,199367
22:57:50,13972,7029,201747
22:57:51,4644,7029,201748
22:57:52,22444,2,199368
22:58:13,4644,8724,201748
22:58:13,22444,2,199368
22:58:14,15292,1,199367
22:58:19,30588,2,199366
22:58:20,13972,8724,201747
22:58:39,30588,2,199366
22:58:40,4644,5532,201748
22:58:40,13972,5532,201747
22:58:40,15292,1,199367
22:58:40,22444,1,199368
22:58:58,22444,1,199368
22:58:58,15292,1,199367
22:58:58,13972,6210,201747
22:58:59,4644,6210,201748
22:59:01,30588,1,199366
22:59:22,15292,2,199367
22:59:22,13972,8631,201747
22:59:22,4644,8631,201748
22:59:23,22444,1,199368
22:59:23,30588,2,199366
22:59:44,22444,2,199368
22:59:45,4644,6123,201748
22:59:45,15292,1,199367
22:59:46,30588,2,199366
22:59:46,13972,6123,201747
23:00:09,22444,1,199368
23:00:10,15292,1,199367
23:00:10,13972,5091,201747
23:00:11,4644,5091,201748
23:00:15,30588,1,199366
23:00:35,13972,8409,201747
23:00:35,15292,2,199367
23:00:35,4644,8409,201748
23:00:36,30588,2,199366
23:00:38,22444,1,199368
23:00:57,4644,3888,201748
23:00:57,13972,3888,201747
23:00:58,22444,1,199368
23:00:59,30588,1,199366
23:00:59,15292,2,199367
23:01:22,13972,5886,201747
23:01:22,15292,1,199367
23:01:23,4644,5886,201748
23:01:23,30588,1,199366
23:01:23,22444,2,199368
23:01:47,30588,1,199366
23:01:47,15292,2,199367
23:01:48,22444,2,199368
23:01:48,4644,5091,201748
23:01:48,13972,5091,201747
23:02:07,4644,5403,201748
23:02:08,22444,1,199368
23:02:08,15292,1,199367
23:02:10,13972,5403,201747
23:02:10,30588,2,199366
23:02:29,4644,5994,201748
23:02:29,30588,2,199366
23:02:29,13972,5994,201747
23:02:29,15292,1,199367
23:02:31,22444,1,199368
23:02:58,15292,2,199367
23:02:58,4644,8025,201748
23:02:59,30588,2,199366
23:03:00,22444,1,199368
23:03:01,13972,8025,201747
23:03:24,15292,1,199367
23:03:24,22444,2,199368
23:03:24,30588,1,199366
23:03:26,4644,8502,201748
23:03:34,13972,8502,201747
23:03:53,22444,1,199368
23:03:53,30588,2,199366
23:03:53,15292,1,199367
23:03:55,4644,5868,201748
23:03:57,13972,5868,201747
23:04:20,30588,1,199366
23:04:20,15292,2,199367
23:04:20,22444,1,199368
23:04:21,13972,8409,201747
23:04:23,4644,8409,201748
23:04:46,15292,1,199367
23:04:47,30588,1,199366
23:04:49,22444,1,199368
23:04:50,13972,5403,201747
23:04:53,4644,5403,201748
23:05:14,13972,8595,201747
23:05:14,22444,2,199368
23:05:15,4644,8595,201748
23:05:15,30588,1,199366
23:05:17,15292,1,199367
23:05:43,15292,2,199367
23:05:44,30588,2,199366
23:05:45,13972,7692,201747
23:05:47,22444,2,199368
23:05:47,4644,7692,201748
23:06:06,13972,8061,201747
23:06:07,4644,8061,201748
23:06:08,15292,2,199367
23:06:08,22444,1,199368
23:06:09,30588,2,199366
23:06:26,13972,5901,201747
23:06:26,22444,1,199368
23:06:26,4644,5901,201748
23:06:28,15292,1,199367
23:06:30,30588,2,199366
23:06:53,15292,2,199367
23:06:54,4644,7155,201748
23:06:55,30588,1,199366
23:06:55,13972,7155,201747
23:06:56,22444,2,199368
23:07:18,15292,2,199367
23:07:19,4644,7248,201748
23:07:20,13972,7248,201747
23:07:20,22444,1,199368
23:07:23,30588,2,199366
23:07:47,15292,1,199367
23:07:47,22444,2,199368
23:07:47,4644,7029,201748
23:07:50,30588,2,199366
23:08:00,13972,7029,201747
23:08:11,30588,2,199366
23:08:11,15292,2,199367
23:08:11,22444,2,199368
23:08:11,4644,8061,201748
23:08:36,22444,1,199368
23:08:37,15292,2,199367
23:08:37,13972,8061,201747
23:08:39,4644,7710,201748
23:08:43,30588,1,199366
23:08:57,13972,7710,201747
23:09:03,4644,6123,201748
23:09:03,30588,2,199366
23:09:03,15292,2,199367
23:09:07,13972,6123,201747
23:09:08,22444,1,199368
23:09:30,15292,2,199367
23:09:30,22444,2,199368
23:09:31,4644,8154,201748
23:09:31,13972,8154,201747
23:09:34,30588,1,199366
23:09:54,15292,2,199367
23:09:55,22444,1,199368
23:09:55,30588,1,199366
23:09:57,4644,4572,201748
23:10:00,13972,4572,201747
23:10:15,15292,1,199367
23:10:15,22444,2,199368
23:10:16,4644,7029,201748
23:10:16,13972,7029,201747
23:10:24,30588,2,199366
23:10:44,15292,1,199367
23:10:45,4644,8154,201748
23:10:45,22444,2,199368
23:10:45,30588,2,199366
23:10:49,13972,8154,201747
23:11:20,22444,1,199368
23:11:21,4644,8118,201748
23:11:21,30588,2,199366
23:11:22,15292,2,199367
23:11:24,13972,8118,201747
